version,1.7.0
info,balls_per_over,6
info,team,Canterbury
info,team,Otago Volts
info,gender,male
info,season,2016/17
info,date,2017/03/14
info,date,2017/03/15
info,date,2017/03/16
info,event,Plunket Shield
info,venue,Hagley Oval
info,city,
info,toss_winner,Canterbury
info,toss_decision,field
info,umpire,DJ Walker
info,umpire,JAK Bromley
info,match_referee,GAV Baxter
info,winner,Canterbury
info,winner_innings,1
info,winner_runs,119
info,player,Canterbury,CJ Bowes
info,player,Canterbury,JCT Boyle
info,player,Canterbury,PG Fulton
info,player,Canterbury,KJ McClure
info,player,Canterbury,CE McConchie
info,player,Canterbury,AM Ellis
info,player,Canterbury,TD Astle
info,player,Canterbury,CD Fletcher
info,player,Canterbury,HB Shipley
info,player,Canterbury,LV van Beek
info,player,Canterbury,WSA Williams
info,player,Otago Volts,BS Wilson
info,player,Otago Volts,MJG Rippon
info,player,Otago Volts,MG Bracewell
info,player,Otago Volts,SW Eathorne
info,player,Otago Volts,AK Kitchen
info,player,Otago Volts,DC de Boorder
info,player,Otago Volts,SR Wells
info,player,Otago Volts,C Viljoen
info,player,Otago Volts,NG Smith
info,player,Otago Volts,JA Duffy
info,player,Otago Volts,MD Rae
info,registry,people,AK Kitchen,63a1874a
info,registry,people,AM Ellis,f987245c
info,registry,people,BS Wilson,ac3e14ed
info,registry,people,C Viljoen,f7b2cbe8
info,registry,people,CD Fletcher,4af9f5d4
info,registry,people,CE McConchie,d285acaf
info,registry,people,CJ Bowes,45df0e72
info,registry,people,DC de Boorder,bf573bfd
info,registry,people,DJ Walker,d4aea8ac
info,registry,people,GAV Baxter,cb4b3ab0
info,registry,people,HB Shipley,5426de63
info,registry,people,JA Duffy,dadbdb68
info,registry,people,JAK Bromley,ccf7baaf
info,registry,people,JCT Boyle,f7b3d625
info,registry,people,KJ McClure,4c895bc1
info,registry,people,LV van Beek,782fb776
info,registry,people,MD Rae,1c06d60a
info,registry,people,MG Bracewell,e38bce7a
info,registry,people,MJG Rippon,b03db6fa
info,registry,people,NG Smith,05b1aef8
info,registry,people,PG Fulton,10a2a1ff
info,registry,people,SR Wells,8fdfa195
info,registry,people,SW Eathorne,2c724f2c
info,registry,people,TD Astle,383dd431
info,registry,people,WSA Williams,861eed37
ball,1,0.1,Otago Volts,BS Wilson,MJG Rippon,HB Shipley,0,0,,,,,,"",""
ball,1,0.2,Otago Volts,BS Wilson,MJG Rippon,HB Shipley,0,0,,,,,,"",""
ball,1,0.3,Otago Volts,BS Wilson,MJG Rippon,HB Shipley,0,0,,,,,,"",""
ball,1,0.4,Otago Volts,BS Wilson,MJG Rippon,HB Shipley,0,0,,,,,,"",""
ball,1,0.5,Otago Volts,BS Wilson,MJG Rippon,HB Shipley,0,0,,,,,,"",""
ball,1,0.6,Otago Volts,BS Wilson,MJG Rippon,HB Shipley,0,0,,,,,,"",""
ball,1,1.1,Otago Volts,MJG Rippon,BS Wilson,WSA Williams,0,0,,,,,,"",""
ball,1,1.2,Otago Volts,MJG Rippon,BS Wilson,WSA Williams,0,0,,,,,,"",""
ball,1,1.3,Otago Volts,MJG Rippon,BS Wilson,WSA Williams,0,0,,,,,,"",""
ball,1,1.4,Otago Volts,MJG Rippon,BS Wilson,WSA Williams,4,0,,,,,,"",""
ball,1,1.5,Otago Volts,MJG Rippon,BS Wilson,WSA Williams,0,0,,,,,,"",""
ball,1,1.6,Otago Volts,MJG Rippon,BS Wilson,WSA Williams,0,0,,,,,,"",""
ball,1,2.1,Otago Volts,BS Wilson,MJG Rippon,HB Shipley,0,0,,,,,,"",""
ball,1,2.2,Otago Volts,BS Wilson,MJG Rippon,HB Shipley,0,0,,,,,,"",""
ball,1,2.3,Otago Volts,BS Wilson,MJG Rippon,HB Shipley,0,0,,,,,,"",""
ball,1,2.4,Otago Volts,BS Wilson,MJG Rippon,HB Shipley,0,0,,,,,,"",""
ball,1,2.5,Otago Volts,BS Wilson,MJG Rippon,HB Shipley,0,0,,,,,,"",""
ball,1,2.6,Otago Volts,BS Wilson,MJG Rippon,HB Shipley,0,0,,,,,,"",""
ball,1,3.1,Otago Volts,MJG Rippon,BS Wilson,WSA Williams,0,0,,,,,,"",""
ball,1,3.2,Otago Volts,MJG Rippon,BS Wilson,WSA Williams,0,0,,,,,,"",""
ball,1,3.3,Otago Volts,MJG Rippon,BS Wilson,WSA Williams,0,0,,,,,,"",""
ball,1,3.4,Otago Volts,MJG Rippon,BS Wilson,WSA Williams,0,0,,,,,,"",""
ball,1,3.5,Otago Volts,MJG Rippon,BS Wilson,WSA Williams,0,0,,,,,,"",""
ball,1,3.6,Otago Volts,MJG Rippon,BS Wilson,WSA Williams,0,0,,,,,,"",""
ball,1,4.1,Otago Volts,BS Wilson,MJG Rippon,HB Shipley,0,1,1,,,,,"",""
ball,1,4.2,Otago Volts,BS Wilson,MJG Rippon,HB Shipley,0,0,,,,,,"",""
ball,1,4.3,Otago Volts,BS Wilson,MJG Rippon,HB Shipley,1,0,,,,,,"",""
ball,1,4.4,Otago Volts,MJG Rippon,BS Wilson,HB Shipley,0,0,,,,,,"",""
ball,1,4.5,Otago Volts,MJG Rippon,BS Wilson,HB Shipley,1,0,,,,,,"",""
ball,1,4.6,Otago Volts,BS Wilson,MJG Rippon,HB Shipley,0,0,,,,,,"",""
ball,1,4.7,Otago Volts,BS Wilson,MJG Rippon,HB Shipley,0,0,,,,,,"",""
ball,1,5.1,Otago Volts,MJG Rippon,BS Wilson,WSA Williams,0,0,,,,,,"",""
ball,1,5.2,Otago Volts,MJG Rippon,BS Wilson,WSA Williams,0,0,,,,,,"",""
ball,1,5.3,Otago Volts,MJG Rippon,BS Wilson,WSA Williams,0,0,,,,,,"",""
ball,1,5.4,Otago Volts,MJG Rippon,BS Wilson,WSA Williams,0,0,,,,,,"",""
ball,1,5.5,Otago Volts,MJG Rippon,BS Wilson,WSA Williams,0,0,,,,,,"",""
ball,1,5.6,Otago Volts,MJG Rippon,BS Wilson,WSA Williams,0,0,,,,,,"",""
ball,1,6.1,Otago Volts,BS Wilson,MJG Rippon,HB Shipley,2,0,,,,,,"",""
ball,1,6.2,Otago Volts,BS Wilson,MJG Rippon,HB Shipley,0,0,,,,,,"",""
ball,1,6.3,Otago Volts,BS Wilson,MJG Rippon,HB Shipley,0,0,,,,,,"",""
ball,1,6.4,Otago Volts,BS Wilson,MJG Rippon,HB Shipley,0,0,,,,,,"",""
ball,1,6.5,Otago Volts,BS Wilson,MJG Rippon,HB Shipley,0,0,,,,,,"",""
ball,1,6.6,Otago Volts,BS Wilson,MJG Rippon,HB Shipley,0,0,,,,,,"",""
ball,1,7.1,Otago Volts,MJG Rippon,BS Wilson,WSA Williams,0,0,,,,,,"",""
ball,1,7.2,Otago Volts,MJG Rippon,BS Wilson,WSA Williams,0,0,,,,,,"",""
ball,1,7.3,Otago Volts,MJG Rippon,BS Wilson,WSA Williams,0,0,,,,,,"",""
ball,1,7.4,Otago Volts,MJG Rippon,BS Wilson,WSA Williams,0,0,,,,,,"",""
ball,1,7.5,Otago Volts,MJG Rippon,BS Wilson,WSA Williams,0,0,,,,,,caught,MJG Rippon
ball,1,7.6,Otago Volts,MG Bracewell,BS Wilson,WSA Williams,0,0,,,,,,"",""
ball,1,8.1,Otago Volts,BS Wilson,MG Bracewell,HB Shipley,0,0,,,,,,"",""
ball,1,8.2,Otago Volts,BS Wilson,MG Bracewell,HB Shipley,1,0,,,,,,"",""
ball,1,8.3,Otago Volts,MG Bracewell,BS Wilson,HB Shipley,0,0,,,,,,"",""
ball,1,8.4,Otago Volts,MG Bracewell,BS Wilson,HB Shipley,0,0,,,,,,"",""
ball,1,8.5,Otago Volts,MG Bracewell,BS Wilson,HB Shipley,0,0,,,,,,"",""
ball,1,8.6,Otago Volts,MG Bracewell,BS Wilson,HB Shipley,0,0,,,,,,"",""
ball,1,9.1,Otago Volts,BS Wilson,MG Bracewell,WSA Williams,0,0,,,,,,"",""
ball,1,9.2,Otago Volts,BS Wilson,MG Bracewell,WSA Williams,0,0,,,,,,"",""
ball,1,9.3,Otago Volts,BS Wilson,MG Bracewell,WSA Williams,0,0,,,,,,"",""
ball,1,9.4,Otago Volts,BS Wilson,MG Bracewell,WSA Williams,0,0,,,,,,"",""
ball,1,9.5,Otago Volts,BS Wilson,MG Bracewell,WSA Williams,0,0,,,,,,"",""
ball,1,9.6,Otago Volts,BS Wilson,MG Bracewell,WSA Williams,0,0,,,,,,"",""
ball,1,10.1,Otago Volts,MG Bracewell,BS Wilson,HB Shipley,4,0,,,,,,"",""
ball,1,10.2,Otago Volts,MG Bracewell,BS Wilson,HB Shipley,0,0,,,,,,"",""
ball,1,10.3,Otago Volts,MG Bracewell,BS Wilson,HB Shipley,0,0,,,,,,"",""
ball,1,10.4,Otago Volts,MG Bracewell,BS Wilson,HB Shipley,0,0,,,,,,"",""
ball,1,10.5,Otago Volts,MG Bracewell,BS Wilson,HB Shipley,0,0,,,,,,"",""
ball,1,10.6,Otago Volts,MG Bracewell,BS Wilson,HB Shipley,0,0,,,,,,"",""
ball,1,11.1,Otago Volts,BS Wilson,MG Bracewell,AM Ellis,0,0,,,,,,"",""
ball,1,11.2,Otago Volts,BS Wilson,MG Bracewell,AM Ellis,0,0,,,,,,"",""
ball,1,11.3,Otago Volts,BS Wilson,MG Bracewell,AM Ellis,0,0,,,,,,"",""
ball,1,11.4,Otago Volts,BS Wilson,MG Bracewell,AM Ellis,1,0,,,,,,"",""
ball,1,11.5,Otago Volts,MG Bracewell,BS Wilson,AM Ellis,0,0,,,,,,"",""
ball,1,11.6,Otago Volts,MG Bracewell,BS Wilson,AM Ellis,0,0,,,,,,"",""
ball,1,12.1,Otago Volts,BS Wilson,MG Bracewell,LV van Beek,1,0,,,,,,"",""
ball,1,12.2,Otago Volts,MG Bracewell,BS Wilson,LV van Beek,0,0,,,,,,"",""
ball,1,12.3,Otago Volts,MG Bracewell,BS Wilson,LV van Beek,0,0,,,,,,"",""
ball,1,12.4,Otago Volts,MG Bracewell,BS Wilson,LV van Beek,0,0,,,,,,"",""
ball,1,12.5,Otago Volts,MG Bracewell,BS Wilson,LV van Beek,0,0,,,,,,"",""
ball,1,12.6,Otago Volts,MG Bracewell,BS Wilson,LV van Beek,0,0,,,,,,lbw,MG Bracewell
ball,1,13.1,Otago Volts,BS Wilson,SW Eathorne,AM Ellis,0,0,,,,,,"",""
ball,1,13.2,Otago Volts,BS Wilson,SW Eathorne,AM Ellis,0,0,,,,,,"",""
ball,1,13.3,Otago Volts,BS Wilson,SW Eathorne,AM Ellis,1,0,,,,,,"",""
ball,1,13.4,Otago Volts,SW Eathorne,BS Wilson,AM Ellis,0,0,,,,,,"",""
ball,1,13.5,Otago Volts,SW Eathorne,BS Wilson,AM Ellis,0,0,,,,,,"",""
ball,1,13.6,Otago Volts,SW Eathorne,BS Wilson,AM Ellis,0,0,,,,,,"",""
ball,1,14.1,Otago Volts,BS Wilson,SW Eathorne,LV van Beek,0,0,,,,,,"",""
ball,1,14.2,Otago Volts,BS Wilson,SW Eathorne,LV van Beek,0,0,,,,,,"",""
ball,1,14.3,Otago Volts,BS Wilson,SW Eathorne,LV van Beek,0,0,,,,,,"",""
ball,1,14.4,Otago Volts,BS Wilson,SW Eathorne,LV van Beek,0,0,,,,,,"",""
ball,1,14.5,Otago Volts,BS Wilson,SW Eathorne,LV van Beek,3,0,,,,,,"",""
ball,1,14.6,Otago Volts,SW Eathorne,BS Wilson,LV van Beek,0,0,,,,,,"",""
ball,1,15.1,Otago Volts,BS Wilson,SW Eathorne,AM Ellis,0,0,,,,,,"",""
ball,1,15.2,Otago Volts,BS Wilson,SW Eathorne,AM Ellis,0,0,,,,,,"",""
ball,1,15.3,Otago Volts,BS Wilson,SW Eathorne,AM Ellis,0,0,,,,,,"",""
ball,1,15.4,Otago Volts,BS Wilson,SW Eathorne,AM Ellis,0,0,,,,,,"",""
ball,1,15.5,Otago Volts,BS Wilson,SW Eathorne,AM Ellis,0,0,,,,,,"",""
ball,1,15.6,Otago Volts,BS Wilson,SW Eathorne,AM Ellis,0,0,,,,,,"",""
ball,1,16.1,Otago Volts,SW Eathorne,BS Wilson,LV van Beek,0,0,,,,,,"",""
ball,1,16.2,Otago Volts,SW Eathorne,BS Wilson,LV van Beek,0,0,,,,,,"",""
ball,1,16.3,Otago Volts,SW Eathorne,BS Wilson,LV van Beek,0,0,,,,,,"",""
ball,1,16.4,Otago Volts,SW Eathorne,BS Wilson,LV van Beek,0,0,,,,,,"",""
ball,1,16.5,Otago Volts,SW Eathorne,BS Wilson,LV van Beek,0,0,,,,,,"",""
ball,1,16.6,Otago Volts,SW Eathorne,BS Wilson,LV van Beek,0,0,,,,,,"",""
ball,1,17.1,Otago Volts,BS Wilson,SW Eathorne,AM Ellis,2,0,,,,,,"",""
ball,1,17.2,Otago Volts,BS Wilson,SW Eathorne,AM Ellis,0,0,,,,,,"",""
ball,1,17.3,Otago Volts,BS Wilson,SW Eathorne,AM Ellis,0,0,,,,,,"",""
ball,1,17.4,Otago Volts,BS Wilson,SW Eathorne,AM Ellis,0,0,,,,,,"",""
ball,1,17.5,Otago Volts,BS Wilson,SW Eathorne,AM Ellis,1,0,,,,,,"",""
ball,1,17.6,Otago Volts,SW Eathorne,BS Wilson,AM Ellis,0,0,,,,,,"",""
ball,1,18.1,Otago Volts,BS Wilson,SW Eathorne,LV van Beek,0,0,,,,,,"",""
ball,1,18.2,Otago Volts,BS Wilson,SW Eathorne,LV van Beek,0,0,,,,,,"",""
ball,1,18.3,Otago Volts,BS Wilson,SW Eathorne,LV van Beek,0,0,,,,,,"",""
ball,1,18.4,Otago Volts,BS Wilson,SW Eathorne,LV van Beek,2,0,,,,,,"",""
ball,1,18.5,Otago Volts,BS Wilson,SW Eathorne,LV van Beek,4,0,,,,,,"",""
ball,1,18.6,Otago Volts,BS Wilson,SW Eathorne,LV van Beek,2,0,,,,,,"",""
ball,1,19.1,Otago Volts,SW Eathorne,BS Wilson,AM Ellis,0,0,,,,,,"",""
ball,1,19.2,Otago Volts,SW Eathorne,BS Wilson,AM Ellis,0,0,,,,,,"",""
ball,1,19.3,Otago Volts,SW Eathorne,BS Wilson,AM Ellis,0,0,,,,,,"",""
ball,1,19.4,Otago Volts,SW Eathorne,BS Wilson,AM Ellis,4,0,,,,,,"",""
ball,1,19.5,Otago Volts,SW Eathorne,BS Wilson,AM Ellis,0,0,,,,,,"",""
ball,1,19.6,Otago Volts,SW Eathorne,BS Wilson,AM Ellis,0,0,,,,,,"",""
ball,1,20.1,Otago Volts,BS Wilson,SW Eathorne,LV van Beek,0,0,,,,,,"",""
ball,1,20.2,Otago Volts,BS Wilson,SW Eathorne,LV van Beek,0,0,,,,,,"",""
ball,1,20.3,Otago Volts,BS Wilson,SW Eathorne,LV van Beek,0,0,,,,,,"",""
ball,1,20.4,Otago Volts,BS Wilson,SW Eathorne,LV van Beek,0,0,,,,,,"",""
ball,1,20.5,Otago Volts,BS Wilson,SW Eathorne,LV van Beek,0,0,,,,,,"",""
ball,1,20.6,Otago Volts,BS Wilson,SW Eathorne,LV van Beek,0,0,,,,,,"",""
ball,1,21.1,Otago Volts,SW Eathorne,BS Wilson,AM Ellis,1,0,,,,,,"",""
ball,1,21.2,Otago Volts,BS Wilson,SW Eathorne,AM Ellis,0,0,,,,,,"",""
ball,1,21.3,Otago Volts,BS Wilson,SW Eathorne,AM Ellis,0,0,,,,,,"",""
ball,1,21.4,Otago Volts,BS Wilson,SW Eathorne,AM Ellis,0,0,,,,,,"",""
ball,1,21.5,Otago Volts,BS Wilson,SW Eathorne,AM Ellis,0,0,,,,,,"",""
ball,1,21.6,Otago Volts,BS Wilson,SW Eathorne,AM Ellis,0,0,,,,,,"",""
ball,1,22.1,Otago Volts,SW Eathorne,BS Wilson,LV van Beek,0,0,,,,,,"",""
ball,1,22.2,Otago Volts,SW Eathorne,BS Wilson,LV van Beek,0,0,,,,,,"",""
ball,1,22.3,Otago Volts,SW Eathorne,BS Wilson,LV van Beek,0,0,,,,,,"",""
ball,1,22.4,Otago Volts,SW Eathorne,BS Wilson,LV van Beek,0,0,,,,,,"",""
ball,1,22.5,Otago Volts,SW Eathorne,BS Wilson,LV van Beek,0,0,,,,,,"",""
ball,1,22.6,Otago Volts,SW Eathorne,BS Wilson,LV van Beek,0,0,,,,,,"",""
ball,1,23.1,Otago Volts,BS Wilson,SW Eathorne,AM Ellis,0,0,,,,,,"",""
ball,1,23.2,Otago Volts,BS Wilson,SW Eathorne,AM Ellis,0,0,,,,,,"",""
ball,1,23.3,Otago Volts,BS Wilson,SW Eathorne,AM Ellis,0,0,,,,,,"",""
ball,1,23.4,Otago Volts,BS Wilson,SW Eathorne,AM Ellis,0,0,,,,,,"",""
ball,1,23.5,Otago Volts,BS Wilson,SW Eathorne,AM Ellis,0,0,,,,,,"",""
ball,1,23.6,Otago Volts,BS Wilson,SW Eathorne,AM Ellis,0,0,,,,,,"",""
ball,1,24.1,Otago Volts,SW Eathorne,BS Wilson,WSA Williams,0,0,,,,,,"",""
ball,1,24.2,Otago Volts,SW Eathorne,BS Wilson,WSA Williams,0,0,,,,,,"",""
ball,1,24.3,Otago Volts,SW Eathorne,BS Wilson,WSA Williams,0,0,,,,,,"",""
ball,1,24.4,Otago Volts,SW Eathorne,BS Wilson,WSA Williams,0,0,,,,,,"",""
ball,1,24.5,Otago Volts,SW Eathorne,BS Wilson,WSA Williams,0,0,,,,,,"",""
ball,1,24.6,Otago Volts,SW Eathorne,BS Wilson,WSA Williams,0,0,,,,,,"",""
ball,1,25.1,Otago Volts,BS Wilson,SW Eathorne,AM Ellis,0,0,,,,,,"",""
ball,1,25.2,Otago Volts,BS Wilson,SW Eathorne,AM Ellis,0,0,,,,,,"",""
ball,1,25.3,Otago Volts,BS Wilson,SW Eathorne,AM Ellis,2,0,,,,,,"",""
ball,1,25.4,Otago Volts,BS Wilson,SW Eathorne,AM Ellis,1,0,,,,,,"",""
ball,1,25.5,Otago Volts,SW Eathorne,BS Wilson,AM Ellis,0,0,,,,,,"",""
ball,1,25.6,Otago Volts,SW Eathorne,BS Wilson,AM Ellis,0,0,,,,,,"",""
ball,1,26.1,Otago Volts,BS Wilson,SW Eathorne,WSA Williams,0,0,,,,,,"",""
ball,1,26.2,Otago Volts,BS Wilson,SW Eathorne,WSA Williams,1,0,,,,,,"",""
ball,1,26.3,Otago Volts,SW Eathorne,BS Wilson,WSA Williams,0,0,,,,,,"",""
ball,1,26.4,Otago Volts,SW Eathorne,BS Wilson,WSA Williams,0,0,,,,,,"",""
ball,1,26.5,Otago Volts,SW Eathorne,BS Wilson,WSA Williams,1,0,,,,,,"",""
ball,1,26.6,Otago Volts,BS Wilson,SW Eathorne,WSA Williams,0,0,,,,,,"",""
ball,1,27.1,Otago Volts,SW Eathorne,BS Wilson,AM Ellis,0,0,,,,,,"",""
ball,1,27.2,Otago Volts,SW Eathorne,BS Wilson,AM Ellis,0,0,,,,,,"",""
ball,1,27.3,Otago Volts,SW Eathorne,BS Wilson,AM Ellis,0,0,,,,,,"",""
ball,1,27.4,Otago Volts,SW Eathorne,BS Wilson,AM Ellis,0,0,,,,,,caught,SW Eathorne
ball,1,27.5,Otago Volts,BS Wilson,DC de Boorder,AM Ellis,0,0,,,,,,"",""
ball,1,27.6,Otago Volts,BS Wilson,DC de Boorder,AM Ellis,0,0,,,,,,"",""
ball,1,28.1,Otago Volts,DC de Boorder,BS Wilson,WSA Williams,0,0,,,,,,"",""
ball,1,28.2,Otago Volts,DC de Boorder,BS Wilson,WSA Williams,0,2,,,,2,,"",""
ball,1,28.3,Otago Volts,DC de Boorder,BS Wilson,WSA Williams,0,0,,,,,,"",""
ball,1,28.4,Otago Volts,DC de Boorder,BS Wilson,WSA Williams,1,0,,,,,,"",""
ball,1,28.5,Otago Volts,BS Wilson,DC de Boorder,WSA Williams,0,0,,,,,,"",""
ball,1,28.6,Otago Volts,BS Wilson,DC de Boorder,WSA Williams,0,1,,,,1,,"",""
ball,1,29.1,Otago Volts,BS Wilson,DC de Boorder,AM Ellis,0,0,,,,,,"",""
ball,1,29.2,Otago Volts,BS Wilson,DC de Boorder,AM Ellis,0,0,,,,,,"",""
ball,1,29.3,Otago Volts,BS Wilson,DC de Boorder,AM Ellis,0,0,,,,,,"",""
ball,1,29.4,Otago Volts,BS Wilson,DC de Boorder,AM Ellis,0,0,,,,,,"",""
ball,1,29.5,Otago Volts,BS Wilson,DC de Boorder,AM Ellis,0,0,,,,,,"",""
ball,1,29.6,Otago Volts,BS Wilson,DC de Boorder,AM Ellis,0,0,,,,,,"",""
ball,1,30.1,Otago Volts,DC de Boorder,BS Wilson,WSA Williams,0,0,,,,,,"",""
ball,1,30.2,Otago Volts,DC de Boorder,BS Wilson,WSA Williams,0,0,,,,,,"",""
ball,1,30.3,Otago Volts,DC de Boorder,BS Wilson,WSA Williams,0,0,,,,,,"",""
ball,1,30.4,Otago Volts,DC de Boorder,BS Wilson,WSA Williams,3,0,,,,,,"",""
ball,1,30.5,Otago Volts,BS Wilson,DC de Boorder,WSA Williams,1,0,,,,,,"",""
ball,1,30.6,Otago Volts,DC de Boorder,BS Wilson,WSA Williams,1,0,,,,,,"",""
ball,1,31.1,Otago Volts,DC de Boorder,BS Wilson,AM Ellis,0,0,,,,,,"",""
ball,1,31.2,Otago Volts,DC de Boorder,BS Wilson,AM Ellis,0,0,,,,,,"",""
ball,1,31.3,Otago Volts,DC de Boorder,BS Wilson,AM Ellis,0,0,,,,,,"",""
ball,1,31.4,Otago Volts,DC de Boorder,BS Wilson,AM Ellis,0,0,,,,,,"",""
ball,1,31.5,Otago Volts,DC de Boorder,BS Wilson,AM Ellis,0,0,,,,,,"",""
ball,1,31.6,Otago Volts,DC de Boorder,BS Wilson,AM Ellis,0,0,,,,,,"",""
ball,1,32.1,Otago Volts,BS Wilson,DC de Boorder,TD Astle,1,0,,,,,,"",""
ball,1,32.2,Otago Volts,DC de Boorder,BS Wilson,TD Astle,0,0,,,,,,"",""
ball,1,32.3,Otago Volts,DC de Boorder,BS Wilson,TD Astle,0,0,,,,,,"",""
ball,1,32.4,Otago Volts,DC de Boorder,BS Wilson,TD Astle,0,0,,,,,,"",""
ball,1,32.5,Otago Volts,DC de Boorder,BS Wilson,TD Astle,0,0,,,,,,"",""
ball,1,32.6,Otago Volts,DC de Boorder,BS Wilson,TD Astle,1,0,,,,,,"",""
ball,1,33.1,Otago Volts,DC de Boorder,BS Wilson,LV van Beek,0,0,,,,,,"",""
ball,1,33.2,Otago Volts,DC de Boorder,BS Wilson,LV van Beek,0,0,,,,,,"",""
ball,1,33.3,Otago Volts,DC de Boorder,BS Wilson,LV van Beek,0,0,,,,,,"",""
ball,1,33.4,Otago Volts,DC de Boorder,BS Wilson,LV van Beek,0,0,,,,,,"",""
ball,1,33.5,Otago Volts,DC de Boorder,BS Wilson,LV van Beek,0,0,,,,,,"",""
ball,1,33.6,Otago Volts,DC de Boorder,BS Wilson,LV van Beek,0,0,,,,,,"",""
ball,1,34.1,Otago Volts,BS Wilson,DC de Boorder,HB Shipley,0,0,,,,,,"",""
ball,1,34.2,Otago Volts,BS Wilson,DC de Boorder,HB Shipley,0,0,,,,,,"",""
ball,1,34.3,Otago Volts,BS Wilson,DC de Boorder,HB Shipley,0,0,,,,,,"",""
ball,1,34.4,Otago Volts,BS Wilson,DC de Boorder,HB Shipley,2,0,,,,,,"",""
ball,1,34.5,Otago Volts,BS Wilson,DC de Boorder,HB Shipley,0,0,,,,,,"",""
ball,1,34.6,Otago Volts,BS Wilson,DC de Boorder,HB Shipley,0,0,,,,,,"",""
ball,1,35.1,Otago Volts,DC de Boorder,BS Wilson,LV van Beek,0,0,,,,,,"",""
ball,1,35.2,Otago Volts,DC de Boorder,BS Wilson,LV van Beek,1,0,,,,,,"",""
ball,1,35.3,Otago Volts,BS Wilson,DC de Boorder,LV van Beek,0,0,,,,,,"",""
ball,1,35.4,Otago Volts,BS Wilson,DC de Boorder,LV van Beek,0,0,,,,,,"",""
ball,1,35.5,Otago Volts,BS Wilson,DC de Boorder,LV van Beek,2,0,,,,,,"",""
ball,1,35.6,Otago Volts,BS Wilson,DC de Boorder,LV van Beek,0,1,,1,,,,"",""
ball,1,35.7,Otago Volts,BS Wilson,DC de Boorder,LV van Beek,0,0,,,,,,"",""
ball,1,36.1,Otago Volts,DC de Boorder,BS Wilson,HB Shipley,2,0,,,,,,"",""
ball,1,36.2,Otago Volts,DC de Boorder,BS Wilson,HB Shipley,2,0,,,,,,"",""
ball,1,36.3,Otago Volts,DC de Boorder,BS Wilson,HB Shipley,1,0,,,,,,"",""
ball,1,36.4,Otago Volts,BS Wilson,DC de Boorder,HB Shipley,0,0,,,,,,"",""
ball,1,36.5,Otago Volts,BS Wilson,DC de Boorder,HB Shipley,0,0,,,,,,"",""
ball,1,36.6,Otago Volts,BS Wilson,DC de Boorder,HB Shipley,1,0,,,,,,"",""
ball,1,37.1,Otago Volts,BS Wilson,DC de Boorder,LV van Beek,0,0,,,,,,"",""
ball,1,37.2,Otago Volts,BS Wilson,DC de Boorder,LV van Beek,0,0,,,,,,"",""
ball,1,37.3,Otago Volts,BS Wilson,DC de Boorder,LV van Beek,0,0,,,,,,"",""
ball,1,37.4,Otago Volts,BS Wilson,DC de Boorder,LV van Beek,0,0,,,,,,"",""
ball,1,37.5,Otago Volts,BS Wilson,DC de Boorder,LV van Beek,0,0,,,,,,"",""
ball,1,37.6,Otago Volts,BS Wilson,DC de Boorder,LV van Beek,0,0,,,,,,"",""
ball,1,38.1,Otago Volts,DC de Boorder,BS Wilson,HB Shipley,1,0,,,,,,"",""
ball,1,38.2,Otago Volts,BS Wilson,DC de Boorder,HB Shipley,0,0,,,,,,"",""
ball,1,38.3,Otago Volts,BS Wilson,DC de Boorder,HB Shipley,1,0,,,,,,"",""
ball,1,38.4,Otago Volts,DC de Boorder,BS Wilson,HB Shipley,1,0,,,,,,"",""
ball,1,38.5,Otago Volts,BS Wilson,DC de Boorder,HB Shipley,0,0,,,,,,"",""
ball,1,38.6,Otago Volts,BS Wilson,DC de Boorder,HB Shipley,0,0,,,,,,"",""
ball,1,39.1,Otago Volts,DC de Boorder,BS Wilson,LV van Beek,0,0,,,,,,"",""
ball,1,39.2,Otago Volts,DC de Boorder,BS Wilson,LV van Beek,0,0,,,,,,"",""
ball,1,39.3,Otago Volts,DC de Boorder,BS Wilson,LV van Beek,0,0,,,,,,"",""
ball,1,39.4,Otago Volts,DC de Boorder,BS Wilson,LV van Beek,0,0,,,,,,"",""
ball,1,39.5,Otago Volts,DC de Boorder,BS Wilson,LV van Beek,0,0,,,,,,"",""
ball,1,39.6,Otago Volts,DC de Boorder,BS Wilson,LV van Beek,0,0,,,,,,"",""
ball,1,40.1,Otago Volts,BS Wilson,DC de Boorder,HB Shipley,0,0,,,,,,"",""
ball,1,40.2,Otago Volts,BS Wilson,DC de Boorder,HB Shipley,0,0,,,,,,"",""
ball,1,40.3,Otago Volts,BS Wilson,DC de Boorder,HB Shipley,0,0,,,,,,"",""
ball,1,40.4,Otago Volts,BS Wilson,DC de Boorder,HB Shipley,0,0,,,,,,"",""
ball,1,40.5,Otago Volts,BS Wilson,DC de Boorder,HB Shipley,0,0,,,,,,"",""
ball,1,40.6,Otago Volts,BS Wilson,DC de Boorder,HB Shipley,0,0,,,,,,"",""
ball,1,41.1,Otago Volts,DC de Boorder,BS Wilson,LV van Beek,2,0,,,,,,"",""
ball,1,41.2,Otago Volts,DC de Boorder,BS Wilson,LV van Beek,0,0,,,,,,"",""
ball,1,41.3,Otago Volts,DC de Boorder,BS Wilson,LV van Beek,0,0,,,,,,"",""
ball,1,41.4,Otago Volts,DC de Boorder,BS Wilson,LV van Beek,0,0,,,,,,"",""
ball,1,41.5,Otago Volts,DC de Boorder,BS Wilson,LV van Beek,4,0,,,,,,"",""
ball,1,41.6,Otago Volts,DC de Boorder,BS Wilson,LV van Beek,0,0,,,,,,"",""
ball,1,42.1,Otago Volts,BS Wilson,DC de Boorder,HB Shipley,1,0,,,,,,"",""
ball,1,42.2,Otago Volts,DC de Boorder,BS Wilson,HB Shipley,0,0,,,,,,"",""
ball,1,42.3,Otago Volts,DC de Boorder,BS Wilson,HB Shipley,0,0,,,,,,"",""
ball,1,42.4,Otago Volts,DC de Boorder,BS Wilson,HB Shipley,0,0,,,,,,"",""
ball,1,42.5,Otago Volts,DC de Boorder,BS Wilson,HB Shipley,0,1,1,,,,,"",""
ball,1,42.6,Otago Volts,DC de Boorder,BS Wilson,HB Shipley,0,0,,,,,,"",""
ball,1,42.7,Otago Volts,DC de Boorder,BS Wilson,HB Shipley,0,0,,,,,,"",""
ball,1,43.1,Otago Volts,BS Wilson,DC de Boorder,LV van Beek,0,0,,,,,,"",""
ball,1,43.2,Otago Volts,BS Wilson,DC de Boorder,LV van Beek,0,0,,,,,,"",""
ball,1,43.3,Otago Volts,BS Wilson,DC de Boorder,LV van Beek,1,0,,,,,,"",""
ball,1,43.4,Otago Volts,DC de Boorder,BS Wilson,LV van Beek,0,0,,,,,,"",""
ball,1,43.5,Otago Volts,DC de Boorder,BS Wilson,LV van Beek,0,0,,,,,,"",""
ball,1,43.6,Otago Volts,DC de Boorder,BS Wilson,LV van Beek,0,0,,,,,,"",""
ball,1,44.1,Otago Volts,BS Wilson,DC de Boorder,AM Ellis,0,0,,,,,,"",""
ball,1,44.2,Otago Volts,BS Wilson,DC de Boorder,AM Ellis,0,0,,,,,,"",""
ball,1,44.3,Otago Volts,BS Wilson,DC de Boorder,AM Ellis,0,0,,,,,,"",""
ball,1,44.4,Otago Volts,BS Wilson,DC de Boorder,AM Ellis,0,0,,,,,,"",""
ball,1,44.5,Otago Volts,BS Wilson,DC de Boorder,AM Ellis,0,0,,,,,,"",""
ball,1,44.6,Otago Volts,BS Wilson,DC de Boorder,AM Ellis,0,0,,,,,,"",""
ball,1,45.1,Otago Volts,DC de Boorder,BS Wilson,LV van Beek,0,0,,,,,,"",""
ball,1,45.2,Otago Volts,DC de Boorder,BS Wilson,LV van Beek,0,0,,,,,,caught,DC de Boorder
ball,1,45.3,Otago Volts,AK Kitchen,BS Wilson,LV van Beek,0,0,,,,,,"",""
ball,1,45.4,Otago Volts,AK Kitchen,BS Wilson,LV van Beek,0,0,,,,,,"",""
ball,1,45.5,Otago Volts,AK Kitchen,BS Wilson,LV van Beek,0,0,,,,,,"",""
ball,1,45.6,Otago Volts,AK Kitchen,BS Wilson,LV van Beek,0,0,,,,,,"",""
ball,1,46.1,Otago Volts,BS Wilson,AK Kitchen,AM Ellis,0,0,,,,,,"",""
ball,1,46.2,Otago Volts,BS Wilson,AK Kitchen,AM Ellis,0,0,,,,,,"",""
ball,1,46.3,Otago Volts,BS Wilson,AK Kitchen,AM Ellis,1,0,,,,,,"",""
ball,1,46.4,Otago Volts,AK Kitchen,BS Wilson,AM Ellis,0,0,,,,,,"",""
ball,1,46.5,Otago Volts,AK Kitchen,BS Wilson,AM Ellis,0,0,,,,,,caught,AK Kitchen
ball,1,46.6,Otago Volts,SR Wells,BS Wilson,AM Ellis,0,0,,,,,,"",""
ball,1,47.1,Otago Volts,BS Wilson,SR Wells,LV van Beek,0,0,,,,,,"",""
ball,1,47.2,Otago Volts,BS Wilson,SR Wells,LV van Beek,0,0,,,,,,"",""
ball,1,47.3,Otago Volts,BS Wilson,SR Wells,LV van Beek,0,0,,,,,,"",""
ball,1,47.4,Otago Volts,BS Wilson,SR Wells,LV van Beek,0,0,,,,,,"",""
ball,1,47.5,Otago Volts,BS Wilson,SR Wells,LV van Beek,0,0,,,,,,"",""
ball,1,47.6,Otago Volts,BS Wilson,SR Wells,LV van Beek,0,0,,,,,,"",""
ball,1,48.1,Otago Volts,SR Wells,BS Wilson,AM Ellis,2,0,,,,,,"",""
ball,1,48.2,Otago Volts,SR Wells,BS Wilson,AM Ellis,0,0,,,,,,"",""
ball,1,48.3,Otago Volts,SR Wells,BS Wilson,AM Ellis,0,0,,,,,,"",""
ball,1,48.4,Otago Volts,SR Wells,BS Wilson,AM Ellis,0,0,,,,,,"",""
ball,1,48.5,Otago Volts,SR Wells,BS Wilson,AM Ellis,0,0,,,,,,"",""
ball,1,48.6,Otago Volts,SR Wells,BS Wilson,AM Ellis,0,0,,,,,,"",""
ball,1,49.1,Otago Volts,BS Wilson,SR Wells,TD Astle,0,0,,,,,,"",""
ball,1,49.2,Otago Volts,BS Wilson,SR Wells,TD Astle,0,0,,,,,,"",""
ball,1,49.3,Otago Volts,BS Wilson,SR Wells,TD Astle,0,0,,,,,,"",""
ball,1,49.4,Otago Volts,BS Wilson,SR Wells,TD Astle,2,0,,,,,,"",""
ball,1,49.5,Otago Volts,BS Wilson,SR Wells,TD Astle,0,0,,,,,,"",""
ball,1,49.6,Otago Volts,BS Wilson,SR Wells,TD Astle,2,0,,,,,,"",""
ball,1,50.1,Otago Volts,SR Wells,BS Wilson,AM Ellis,0,0,,,,,,"",""
ball,1,50.2,Otago Volts,SR Wells,BS Wilson,AM Ellis,0,0,,,,,,"",""
ball,1,50.3,Otago Volts,SR Wells,BS Wilson,AM Ellis,0,0,,,,,,"",""
ball,1,50.4,Otago Volts,SR Wells,BS Wilson,AM Ellis,0,0,,,,,,"",""
ball,1,50.5,Otago Volts,SR Wells,BS Wilson,AM Ellis,0,0,,,,,,caught,SR Wells
ball,1,50.6,Otago Volts,C Viljoen,BS Wilson,AM Ellis,4,0,,,,,,"",""
ball,1,51.1,Otago Volts,BS Wilson,C Viljoen,TD Astle,1,0,,,,,,"",""
ball,1,51.2,Otago Volts,C Viljoen,BS Wilson,TD Astle,0,0,,,,,,"",""
ball,1,51.3,Otago Volts,C Viljoen,BS Wilson,TD Astle,2,0,,,,,,"",""
ball,1,51.4,Otago Volts,C Viljoen,BS Wilson,TD Astle,1,0,,,,,,"",""
ball,1,51.5,Otago Volts,BS Wilson,C Viljoen,TD Astle,0,0,,,,,,"",""
ball,1,51.6,Otago Volts,BS Wilson,C Viljoen,TD Astle,0,0,,,,,,"",""
ball,1,52.1,Otago Volts,C Viljoen,BS Wilson,AM Ellis,0,0,,,,,,"",""
ball,1,52.2,Otago Volts,C Viljoen,BS Wilson,AM Ellis,0,0,,,,,,"",""
ball,1,52.3,Otago Volts,C Viljoen,BS Wilson,AM Ellis,1,0,,,,,,"",""
ball,1,52.4,Otago Volts,BS Wilson,C Viljoen,AM Ellis,0,0,,,,,,"",""
ball,1,52.5,Otago Volts,BS Wilson,C Viljoen,AM Ellis,0,0,,,,,,"",""
ball,1,52.6,Otago Volts,BS Wilson,C Viljoen,AM Ellis,0,0,,,,,,"",""
ball,1,53.1,Otago Volts,C Viljoen,BS Wilson,TD Astle,3,0,,,,,,"",""
ball,1,53.2,Otago Volts,BS Wilson,C Viljoen,TD Astle,0,0,,,,,,"",""
ball,1,53.3,Otago Volts,BS Wilson,C Viljoen,TD Astle,0,0,,,,,,"",""
ball,1,53.4,Otago Volts,BS Wilson,C Viljoen,TD Astle,0,0,,,,,,"",""
ball,1,53.5,Otago Volts,BS Wilson,C Viljoen,TD Astle,1,0,,,,,,"",""
ball,1,53.6,Otago Volts,C Viljoen,BS Wilson,TD Astle,0,0,,,,,,"",""
ball,1,54.1,Otago Volts,BS Wilson,C Viljoen,AM Ellis,1,0,,,,,,"",""
ball,1,54.2,Otago Volts,C Viljoen,BS Wilson,AM Ellis,0,0,,,,,,caught,C Viljoen
ball,1,54.3,Otago Volts,NG Smith,BS Wilson,AM Ellis,0,0,,,,,,"",""
ball,1,54.4,Otago Volts,NG Smith,BS Wilson,AM Ellis,0,0,,,,,,"",""
ball,1,54.5,Otago Volts,NG Smith,BS Wilson,AM Ellis,0,0,,,,,,"",""
ball,1,54.6,Otago Volts,NG Smith,BS Wilson,AM Ellis,0,0,,,,,,"",""
ball,1,55.1,Otago Volts,BS Wilson,NG Smith,TD Astle,4,0,,,,,,"",""
ball,1,55.2,Otago Volts,BS Wilson,NG Smith,TD Astle,1,0,,,,,,"",""
ball,1,55.3,Otago Volts,NG Smith,BS Wilson,TD Astle,0,0,,,,,,"",""
ball,1,55.4,Otago Volts,NG Smith,BS Wilson,TD Astle,0,0,,,,,,"",""
ball,1,55.5,Otago Volts,NG Smith,BS Wilson,TD Astle,0,0,,,,,,"",""
ball,1,55.6,Otago Volts,NG Smith,BS Wilson,TD Astle,0,0,,,,,,"",""
ball,1,56.1,Otago Volts,BS Wilson,NG Smith,AM Ellis,0,0,,,,,,"",""
ball,1,56.2,Otago Volts,BS Wilson,NG Smith,AM Ellis,0,0,,,,,,"",""
ball,1,56.3,Otago Volts,BS Wilson,NG Smith,AM Ellis,0,0,,,,,,"",""
ball,1,56.4,Otago Volts,BS Wilson,NG Smith,AM Ellis,0,0,,,,,,"",""
ball,1,56.5,Otago Volts,BS Wilson,NG Smith,AM Ellis,0,0,,,,,,"",""
ball,1,56.6,Otago Volts,BS Wilson,NG Smith,AM Ellis,0,0,,,,,,"",""
ball,1,57.1,Otago Volts,NG Smith,BS Wilson,TD Astle,0,0,,,,,,"",""
ball,1,57.2,Otago Volts,NG Smith,BS Wilson,TD Astle,0,0,,,,,,"",""
ball,1,57.3,Otago Volts,NG Smith,BS Wilson,TD Astle,0,0,,,,,,"",""
ball,1,57.4,Otago Volts,NG Smith,BS Wilson,TD Astle,0,0,,,,,,"",""
ball,1,57.5,Otago Volts,NG Smith,BS Wilson,TD Astle,0,0,,,,,,"",""
ball,1,57.6,Otago Volts,NG Smith,BS Wilson,TD Astle,0,0,,,,,,"",""
ball,1,58.1,Otago Volts,BS Wilson,NG Smith,AM Ellis,0,0,,,,,,"",""
ball,1,58.2,Otago Volts,BS Wilson,NG Smith,AM Ellis,2,0,,,,,,"",""
ball,1,58.3,Otago Volts,BS Wilson,NG Smith,AM Ellis,0,0,,,,,,"",""
ball,1,58.4,Otago Volts,BS Wilson,NG Smith,AM Ellis,2,0,,,,,,"",""
ball,1,58.5,Otago Volts,BS Wilson,NG Smith,AM Ellis,0,0,,,,,,"",""
ball,1,58.6,Otago Volts,BS Wilson,NG Smith,AM Ellis,0,0,,,,,,"",""
ball,1,59.1,Otago Volts,NG Smith,BS Wilson,TD Astle,0,0,,,,,,"",""
ball,1,59.2,Otago Volts,NG Smith,BS Wilson,TD Astle,1,0,,,,,,"",""
ball,1,59.3,Otago Volts,BS Wilson,NG Smith,TD Astle,0,0,,,,,,"",""
ball,1,59.4,Otago Volts,BS Wilson,NG Smith,TD Astle,0,0,,,,,,"",""
ball,1,59.5,Otago Volts,BS Wilson,NG Smith,TD Astle,0,0,,,,,,"",""
ball,1,59.6,Otago Volts,BS Wilson,NG Smith,TD Astle,0,0,,,,,,"",""
ball,1,60.1,Otago Volts,NG Smith,BS Wilson,AM Ellis,0,0,,,,,,"",""
ball,1,60.2,Otago Volts,NG Smith,BS Wilson,AM Ellis,0,0,,,,,,"",""
ball,1,60.3,Otago Volts,NG Smith,BS Wilson,AM Ellis,0,0,,,,,,"",""
ball,1,60.4,Otago Volts,NG Smith,BS Wilson,AM Ellis,0,0,,,,,,"",""
ball,1,60.5,Otago Volts,NG Smith,BS Wilson,AM Ellis,4,0,,,,,,"",""
ball,1,60.6,Otago Volts,NG Smith,BS Wilson,AM Ellis,1,0,,,,,,"",""
ball,1,61.1,Otago Volts,NG Smith,BS Wilson,TD Astle,0,0,,,,,,"",""
ball,1,61.2,Otago Volts,NG Smith,BS Wilson,TD Astle,0,0,,,,,,"",""
ball,1,61.3,Otago Volts,NG Smith,BS Wilson,TD Astle,1,0,,,,,,"",""
ball,1,61.4,Otago Volts,BS Wilson,NG Smith,TD Astle,1,0,,,,,,"",""
ball,1,61.5,Otago Volts,NG Smith,BS Wilson,TD Astle,0,0,,,,,,"",""
ball,1,61.6,Otago Volts,NG Smith,BS Wilson,TD Astle,0,0,,,,,,"",""
ball,1,62.1,Otago Volts,BS Wilson,NG Smith,CE McConchie,0,0,,,,,,"",""
ball,1,62.2,Otago Volts,BS Wilson,NG Smith,CE McConchie,0,0,,,,,,"",""
ball,1,62.3,Otago Volts,BS Wilson,NG Smith,CE McConchie,0,0,,,,,,"",""
ball,1,62.4,Otago Volts,BS Wilson,NG Smith,CE McConchie,0,0,,,,,,"",""
ball,1,62.5,Otago Volts,BS Wilson,NG Smith,CE McConchie,1,0,,,,,,"",""
ball,1,62.6,Otago Volts,NG Smith,BS Wilson,CE McConchie,0,0,,,,,,"",""
ball,1,63.1,Otago Volts,BS Wilson,NG Smith,TD Astle,1,0,,,,,,"",""
ball,1,63.2,Otago Volts,NG Smith,BS Wilson,TD Astle,0,3,,,,3,,"",""
ball,1,63.3,Otago Volts,BS Wilson,NG Smith,TD Astle,0,0,,,,,,"",""
ball,1,63.4,Otago Volts,BS Wilson,NG Smith,TD Astle,0,0,,,,,,"",""
ball,1,63.5,Otago Volts,BS Wilson,NG Smith,TD Astle,0,0,,,,,,"",""
ball,1,63.6,Otago Volts,BS Wilson,NG Smith,TD Astle,0,0,,,,,,"",""
ball,1,64.1,Otago Volts,NG Smith,BS Wilson,CE McConchie,0,0,,,,,,"",""
ball,1,64.2,Otago Volts,NG Smith,BS Wilson,CE McConchie,1,0,,,,,,"",""
ball,1,64.3,Otago Volts,BS Wilson,NG Smith,CE McConchie,1,0,,,,,,"",""
ball,1,64.4,Otago Volts,NG Smith,BS Wilson,CE McConchie,3,0,,,,,,"",""
ball,1,64.5,Otago Volts,BS Wilson,NG Smith,CE McConchie,0,0,,,,,,"",""
ball,1,64.6,Otago Volts,BS Wilson,NG Smith,CE McConchie,0,0,,,,,,"",""
ball,1,65.1,Otago Volts,NG Smith,BS Wilson,TD Astle,0,0,,,,,,"",""
ball,1,65.2,Otago Volts,NG Smith,BS Wilson,TD Astle,0,0,,,,,,"",""
ball,1,65.3,Otago Volts,NG Smith,BS Wilson,TD Astle,0,0,,,,,,"",""
ball,1,65.4,Otago Volts,NG Smith,BS Wilson,TD Astle,0,0,,,,,,bowled,NG Smith
ball,1,65.5,Otago Volts,JA Duffy,BS Wilson,TD Astle,0,0,,,,,,"",""
ball,1,65.6,Otago Volts,JA Duffy,BS Wilson,TD Astle,0,0,,,,,,"",""
ball,1,66.1,Otago Volts,BS Wilson,JA Duffy,AM Ellis,0,0,,,,,,"",""
ball,1,66.2,Otago Volts,BS Wilson,JA Duffy,AM Ellis,0,0,,,,,,"",""
ball,1,66.3,Otago Volts,BS Wilson,JA Duffy,AM Ellis,1,0,,,,,,"",""
ball,1,66.4,Otago Volts,JA Duffy,BS Wilson,AM Ellis,0,0,,,,,,"",""
ball,1,66.5,Otago Volts,JA Duffy,BS Wilson,AM Ellis,0,0,,,,,,"",""
ball,1,66.6,Otago Volts,JA Duffy,BS Wilson,AM Ellis,0,0,,,,,,"",""
ball,1,67.1,Otago Volts,BS Wilson,JA Duffy,TD Astle,4,0,,,,,,"",""
ball,1,67.2,Otago Volts,BS Wilson,JA Duffy,TD Astle,0,0,,,,,,"",""
ball,1,67.3,Otago Volts,BS Wilson,JA Duffy,TD Astle,2,0,,,,,,"",""
ball,1,67.4,Otago Volts,BS Wilson,JA Duffy,TD Astle,0,0,,,,,,"",""
ball,1,67.5,Otago Volts,BS Wilson,JA Duffy,TD Astle,1,0,,,,,,"",""
ball,1,67.6,Otago Volts,JA Duffy,BS Wilson,TD Astle,0,0,,,,,,"",""
ball,1,68.1,Otago Volts,BS Wilson,JA Duffy,AM Ellis,0,0,,,,,,"",""
ball,1,68.2,Otago Volts,BS Wilson,JA Duffy,AM Ellis,0,0,,,,,,"",""
ball,1,68.3,Otago Volts,BS Wilson,JA Duffy,AM Ellis,0,0,,,,,,"",""
ball,1,68.4,Otago Volts,BS Wilson,JA Duffy,AM Ellis,1,0,,,,,,"",""
ball,1,68.5,Otago Volts,JA Duffy,BS Wilson,AM Ellis,0,0,,,,,,"",""
ball,1,68.6,Otago Volts,JA Duffy,BS Wilson,AM Ellis,0,0,,,,,,"",""
ball,1,69.1,Otago Volts,BS Wilson,JA Duffy,TD Astle,0,0,,,,,,"",""
ball,1,69.2,Otago Volts,BS Wilson,JA Duffy,TD Astle,0,0,,,,,,"",""
ball,1,69.3,Otago Volts,BS Wilson,JA Duffy,TD Astle,4,0,,,,,,"",""
ball,1,69.4,Otago Volts,BS Wilson,JA Duffy,TD Astle,0,0,,,,,,"",""
ball,1,69.5,Otago Volts,BS Wilson,JA Duffy,TD Astle,1,0,,,,,,"",""
ball,1,69.6,Otago Volts,JA Duffy,BS Wilson,TD Astle,0,0,,,,,,"",""
ball,1,70.1,Otago Volts,BS Wilson,JA Duffy,AM Ellis,0,0,,,,,,"",""
ball,1,70.2,Otago Volts,BS Wilson,JA Duffy,AM Ellis,0,0,,,,,,caught,BS Wilson
ball,1,70.3,Otago Volts,MD Rae,JA Duffy,AM Ellis,0,0,,,,,,"",""
ball,1,70.4,Otago Volts,MD Rae,JA Duffy,AM Ellis,0,0,,,,,,"",""
ball,1,70.5,Otago Volts,MD Rae,JA Duffy,AM Ellis,2,0,,,,,,"",""
ball,1,70.6,Otago Volts,MD Rae,JA Duffy,AM Ellis,0,0,,,,,,caught,MD Rae
ball,2,0.1,Canterbury,JCT Boyle,CJ Bowes,JA Duffy,0,0,,,,,,"",""
ball,2,0.2,Canterbury,JCT Boyle,CJ Bowes,JA Duffy,0,0,,,,,,"",""
ball,2,0.3,Canterbury,JCT Boyle,CJ Bowes,JA Duffy,0,0,,,,,,"",""
ball,2,0.4,Canterbury,JCT Boyle,CJ Bowes,JA Duffy,1,0,,,,,,"",""
ball,2,0.5,Canterbury,CJ Bowes,JCT Boyle,JA Duffy,0,0,,,,,,"",""
ball,2,0.6,Canterbury,CJ Bowes,JCT Boyle,JA Duffy,0,0,,,,,,"",""
ball,2,1.1,Canterbury,JCT Boyle,CJ Bowes,SR Wells,0,0,,,,,,"",""
ball,2,1.2,Canterbury,JCT Boyle,CJ Bowes,SR Wells,4,0,,,,,,"",""
ball,2,1.3,Canterbury,JCT Boyle,CJ Bowes,SR Wells,0,0,,,,,,"",""
ball,2,1.4,Canterbury,JCT Boyle,CJ Bowes,SR Wells,0,0,,,,,,"",""
ball,2,1.5,Canterbury,JCT Boyle,CJ Bowes,SR Wells,3,0,,,,,,"",""
ball,2,1.6,Canterbury,CJ Bowes,JCT Boyle,SR Wells,0,0,,,,,,"",""
ball,2,2.1,Canterbury,JCT Boyle,CJ Bowes,JA Duffy,0,0,,,,,,"",""
ball,2,2.2,Canterbury,JCT Boyle,CJ Bowes,JA Duffy,0,0,,,,,,"",""
ball,2,2.3,Canterbury,JCT Boyle,CJ Bowes,JA Duffy,0,0,,,,,,"",""
ball,2,2.4,Canterbury,JCT Boyle,CJ Bowes,JA Duffy,0,1,1,,,,,"",""
ball,2,2.5,Canterbury,JCT Boyle,CJ Bowes,JA Duffy,0,0,,,,,,"",""
ball,2,2.6,Canterbury,JCT Boyle,CJ Bowes,JA Duffy,0,0,,,,,,"",""
ball,2,2.7,Canterbury,JCT Boyle,CJ Bowes,JA Duffy,0,0,,,,,,"",""
ball,2,3.1,Canterbury,CJ Bowes,JCT Boyle,SR Wells,0,0,,,,,,"",""
ball,2,3.2,Canterbury,CJ Bowes,JCT Boyle,SR Wells,3,0,,,,,,"",""
ball,2,3.3,Canterbury,JCT Boyle,CJ Bowes,SR Wells,0,0,,,,,,"",""
ball,2,3.4,Canterbury,JCT Boyle,CJ Bowes,SR Wells,0,0,,,,,,"",""
ball,2,3.5,Canterbury,JCT Boyle,CJ Bowes,SR Wells,0,0,,,,,,"",""
ball,2,3.6,Canterbury,JCT Boyle,CJ Bowes,SR Wells,0,0,,,,,,"",""
ball,2,4.1,Canterbury,CJ Bowes,JCT Boyle,JA Duffy,0,0,,,,,,"",""
ball,2,4.2,Canterbury,CJ Bowes,JCT Boyle,JA Duffy,2,0,,,,,,"",""
ball,2,4.3,Canterbury,CJ Bowes,JCT Boyle,JA Duffy,0,0,,,,,,"",""
ball,2,4.4,Canterbury,CJ Bowes,JCT Boyle,JA Duffy,0,0,,,,,,"",""
ball,2,4.5,Canterbury,CJ Bowes,JCT Boyle,JA Duffy,0,0,,,,,,"",""
ball,2,4.6,Canterbury,CJ Bowes,JCT Boyle,JA Duffy,2,0,,,,,,"",""
ball,2,5.1,Canterbury,JCT Boyle,CJ Bowes,SR Wells,1,0,,,,,,"",""
ball,2,5.2,Canterbury,CJ Bowes,JCT Boyle,SR Wells,0,0,,,,,,"",""
ball,2,5.3,Canterbury,CJ Bowes,JCT Boyle,SR Wells,0,0,,,,,,"",""
ball,2,5.4,Canterbury,CJ Bowes,JCT Boyle,SR Wells,0,0,,,,,,"",""
ball,2,5.5,Canterbury,CJ Bowes,JCT Boyle,SR Wells,0,0,,,,,,"",""
ball,2,5.6,Canterbury,CJ Bowes,JCT Boyle,SR Wells,0,0,,,,,,"",""
ball,2,6.1,Canterbury,JCT Boyle,CJ Bowes,JA Duffy,0,0,,,,,,"",""
ball,2,6.2,Canterbury,JCT Boyle,CJ Bowes,JA Duffy,1,0,,,,,,"",""
ball,2,6.3,Canterbury,CJ Bowes,JCT Boyle,JA Duffy,0,0,,,,,,"",""
ball,2,6.4,Canterbury,CJ Bowes,JCT Boyle,JA Duffy,0,0,,,,,,"",""
ball,2,6.5,Canterbury,CJ Bowes,JCT Boyle,JA Duffy,0,0,,,,,,"",""
ball,2,6.6,Canterbury,CJ Bowes,JCT Boyle,JA Duffy,3,0,,,,,,"",""
ball,2,7.1,Canterbury,CJ Bowes,JCT Boyle,SR Wells,0,0,,,,,,"",""
ball,2,7.2,Canterbury,CJ Bowes,JCT Boyle,SR Wells,4,0,,,,,,"",""
ball,2,7.3,Canterbury,CJ Bowes,JCT Boyle,SR Wells,0,0,,,,,,"",""
ball,2,7.4,Canterbury,CJ Bowes,JCT Boyle,SR Wells,0,0,,,,,,"",""
ball,2,7.5,Canterbury,CJ Bowes,JCT Boyle,SR Wells,0,0,,,,,,"",""
ball,2,7.6,Canterbury,CJ Bowes,JCT Boyle,SR Wells,0,0,,,,,,"",""
ball,2,8.1,Canterbury,JCT Boyle,CJ Bowes,JA Duffy,0,0,,,,,,"",""
ball,2,8.2,Canterbury,JCT Boyle,CJ Bowes,JA Duffy,0,0,,,,,,"",""
ball,2,8.3,Canterbury,JCT Boyle,CJ Bowes,JA Duffy,0,0,,,,,,"",""
ball,2,8.4,Canterbury,JCT Boyle,CJ Bowes,JA Duffy,0,0,,,,,,"",""
ball,2,8.5,Canterbury,JCT Boyle,CJ Bowes,JA Duffy,0,0,,,,,,"",""
ball,2,8.6,Canterbury,JCT Boyle,CJ Bowes,JA Duffy,4,0,,,,,,"",""
ball,2,9.1,Canterbury,CJ Bowes,JCT Boyle,SR Wells,0,0,,,,,,"",""
ball,2,9.2,Canterbury,CJ Bowes,JCT Boyle,SR Wells,1,0,,,,,,"",""
ball,2,9.3,Canterbury,JCT Boyle,CJ Bowes,SR Wells,0,0,,,,,,"",""
ball,2,9.4,Canterbury,JCT Boyle,CJ Bowes,SR Wells,0,0,,,,,,"",""
ball,2,9.5,Canterbury,JCT Boyle,CJ Bowes,SR Wells,0,0,,,,,,"",""
ball,2,9.6,Canterbury,JCT Boyle,CJ Bowes,SR Wells,0,0,,,,,,"",""
ball,2,10.1,Canterbury,CJ Bowes,JCT Boyle,NG Smith,1,0,,,,,,"",""
ball,2,10.2,Canterbury,JCT Boyle,CJ Bowes,NG Smith,0,0,,,,,,"",""
ball,2,10.3,Canterbury,JCT Boyle,CJ Bowes,NG Smith,0,0,,,,,,"",""
ball,2,10.4,Canterbury,JCT Boyle,CJ Bowes,NG Smith,0,0,,,,,,"",""
ball,2,10.5,Canterbury,JCT Boyle,CJ Bowes,NG Smith,0,0,,,,,,"",""
ball,2,10.6,Canterbury,JCT Boyle,CJ Bowes,NG Smith,0,0,,,,,,"",""
ball,2,11.1,Canterbury,CJ Bowes,JCT Boyle,MD Rae,1,0,,,,,,"",""
ball,2,11.2,Canterbury,JCT Boyle,CJ Bowes,MD Rae,0,0,,,,,,"",""
ball,2,11.3,Canterbury,JCT Boyle,CJ Bowes,MD Rae,0,0,,,,,,"",""
ball,2,11.4,Canterbury,JCT Boyle,CJ Bowes,MD Rae,0,0,,,,,,"",""
ball,2,11.5,Canterbury,JCT Boyle,CJ Bowes,MD Rae,0,0,,,,,,"",""
ball,2,11.6,Canterbury,JCT Boyle,CJ Bowes,MD Rae,1,0,,,,,,"",""
ball,2,12.1,Canterbury,JCT Boyle,CJ Bowes,NG Smith,0,0,,,,,,"",""
ball,2,12.2,Canterbury,JCT Boyle,CJ Bowes,NG Smith,0,4,,,4,,,"",""
ball,2,12.3,Canterbury,JCT Boyle,CJ Bowes,NG Smith,0,0,,,,,,"",""
ball,2,12.4,Canterbury,JCT Boyle,CJ Bowes,NG Smith,3,0,,,,,,"",""
ball,2,12.5,Canterbury,CJ Bowes,JCT Boyle,NG Smith,0,0,,,,,,"",""
ball,2,12.6,Canterbury,CJ Bowes,JCT Boyle,NG Smith,4,0,,,,,,"",""
ball,2,13.1,Canterbury,JCT Boyle,CJ Bowes,MD Rae,1,0,,,,,,"",""
ball,2,13.2,Canterbury,CJ Bowes,JCT Boyle,MD Rae,0,0,,,,,,"",""
ball,2,13.3,Canterbury,CJ Bowes,JCT Boyle,MD Rae,0,0,,,,,,"",""
ball,2,13.4,Canterbury,CJ Bowes,JCT Boyle,MD Rae,4,0,,,,,,"",""
ball,2,13.5,Canterbury,CJ Bowes,JCT Boyle,MD Rae,1,0,,,,,,"",""
ball,2,13.6,Canterbury,JCT Boyle,CJ Bowes,MD Rae,0,1,,,,1,,"",""
ball,2,14.1,Canterbury,JCT Boyle,CJ Bowes,NG Smith,0,0,,,,,,"",""
ball,2,14.2,Canterbury,JCT Boyle,CJ Bowes,NG Smith,0,0,,,,,,"",""
ball,2,14.3,Canterbury,JCT Boyle,CJ Bowes,NG Smith,0,0,,,,,,"",""
ball,2,14.4,Canterbury,JCT Boyle,CJ Bowes,NG Smith,2,0,,,,,,"",""
ball,2,14.5,Canterbury,JCT Boyle,CJ Bowes,NG Smith,0,0,,,,,,"",""
ball,2,14.6,Canterbury,JCT Boyle,CJ Bowes,NG Smith,0,0,,,,,,"",""
ball,2,15.1,Canterbury,CJ Bowes,JCT Boyle,MD Rae,0,0,,,,,,"",""
ball,2,15.2,Canterbury,CJ Bowes,JCT Boyle,MD Rae,0,0,,,,,,"",""
ball,2,15.3,Canterbury,CJ Bowes,JCT Boyle,MD Rae,2,0,,,,,,"",""
ball,2,15.4,Canterbury,CJ Bowes,JCT Boyle,MD Rae,4,0,,,,,,"",""
ball,2,15.5,Canterbury,CJ Bowes,JCT Boyle,MD Rae,0,0,,,,,,"",""
ball,2,15.6,Canterbury,CJ Bowes,JCT Boyle,MD Rae,4,0,,,,,,"",""
ball,2,16.1,Canterbury,JCT Boyle,CJ Bowes,NG Smith,0,0,,,,,,"",""
ball,2,16.2,Canterbury,JCT Boyle,CJ Bowes,NG Smith,0,0,,,,,,"",""
ball,2,16.3,Canterbury,JCT Boyle,CJ Bowes,NG Smith,0,0,,,,,,"",""
ball,2,16.4,Canterbury,JCT Boyle,CJ Bowes,NG Smith,0,0,,,,,,"",""
ball,2,16.5,Canterbury,JCT Boyle,CJ Bowes,NG Smith,0,0,,,,,,"",""
ball,2,16.6,Canterbury,JCT Boyle,CJ Bowes,NG Smith,0,0,,,,,,"",""
ball,2,17.1,Canterbury,CJ Bowes,JCT Boyle,C Viljoen,0,1,,,,1,,"",""
ball,2,17.2,Canterbury,JCT Boyle,CJ Bowes,C Viljoen,0,0,,,,,,"",""
ball,2,17.3,Canterbury,JCT Boyle,CJ Bowes,C Viljoen,0,0,,,,,,"",""
ball,2,17.4,Canterbury,JCT Boyle,CJ Bowes,C Viljoen,0,0,,,,,,"",""
ball,2,17.5,Canterbury,JCT Boyle,CJ Bowes,C Viljoen,0,0,,,,,,"",""
ball,2,17.6,Canterbury,JCT Boyle,CJ Bowes,C Viljoen,0,0,,,,,,"",""
ball,2,18.1,Canterbury,CJ Bowes,JCT Boyle,NG Smith,1,0,,,,,,"",""
ball,2,18.2,Canterbury,JCT Boyle,CJ Bowes,NG Smith,0,0,,,,,,"",""
ball,2,18.3,Canterbury,JCT Boyle,CJ Bowes,NG Smith,0,0,,,,,,"",""
ball,2,18.4,Canterbury,JCT Boyle,CJ Bowes,NG Smith,0,0,,,,,,"",""
ball,2,18.5,Canterbury,JCT Boyle,CJ Bowes,NG Smith,0,0,,,,,,"",""
ball,2,18.6,Canterbury,JCT Boyle,CJ Bowes,NG Smith,0,0,,,,,,"",""
ball,2,19.1,Canterbury,CJ Bowes,JCT Boyle,C Viljoen,4,0,,,,,,"",""
ball,2,19.2,Canterbury,CJ Bowes,JCT Boyle,C Viljoen,0,0,,,,,,"",""
ball,2,19.3,Canterbury,CJ Bowes,JCT Boyle,C Viljoen,0,0,,,,,,"",""
ball,2,19.4,Canterbury,CJ Bowes,JCT Boyle,C Viljoen,0,0,,,,,,"",""
ball,2,19.5,Canterbury,CJ Bowes,JCT Boyle,C Viljoen,0,0,,,,,,"",""
ball,2,19.6,Canterbury,CJ Bowes,JCT Boyle,C Viljoen,0,0,,,,,,"",""
ball,2,20.1,Canterbury,JCT Boyle,CJ Bowes,NG Smith,0,0,,,,,,"",""
ball,2,20.2,Canterbury,JCT Boyle,CJ Bowes,NG Smith,0,0,,,,,,"",""
ball,2,20.3,Canterbury,JCT Boyle,CJ Bowes,NG Smith,0,0,,,,,,"",""
ball,2,20.4,Canterbury,JCT Boyle,CJ Bowes,NG Smith,0,0,,,,,,"",""
ball,2,20.5,Canterbury,JCT Boyle,CJ Bowes,NG Smith,0,0,,,,,,"",""
ball,2,20.6,Canterbury,JCT Boyle,CJ Bowes,NG Smith,0,0,,,,,,"",""
ball,2,21.1,Canterbury,CJ Bowes,JCT Boyle,C Viljoen,6,0,,,,,,"",""
ball,2,21.2,Canterbury,CJ Bowes,JCT Boyle,C Viljoen,1,0,,,,,,"",""
ball,2,21.3,Canterbury,JCT Boyle,CJ Bowes,C Viljoen,1,0,,,,,,"",""
ball,2,21.4,Canterbury,CJ Bowes,JCT Boyle,C Viljoen,0,0,,,,,,"",""
ball,2,21.5,Canterbury,CJ Bowes,JCT Boyle,C Viljoen,0,0,,,,,,"",""
ball,2,21.6,Canterbury,CJ Bowes,JCT Boyle,C Viljoen,0,0,,,,,,"",""
ball,2,22.1,Canterbury,JCT Boyle,CJ Bowes,NG Smith,0,0,,,,,,"",""
ball,2,22.2,Canterbury,JCT Boyle,CJ Bowes,NG Smith,0,0,,,,,,"",""
ball,2,22.3,Canterbury,JCT Boyle,CJ Bowes,NG Smith,0,0,,,,,,"",""
ball,2,22.4,Canterbury,JCT Boyle,CJ Bowes,NG Smith,0,0,,,,,,"",""
ball,2,22.5,Canterbury,JCT Boyle,CJ Bowes,NG Smith,3,0,,,,,,"",""
ball,2,22.6,Canterbury,CJ Bowes,JCT Boyle,NG Smith,1,0,,,,,,"",""
ball,2,23.1,Canterbury,CJ Bowes,JCT Boyle,C Viljoen,0,4,,,,4,,"",""
ball,2,23.2,Canterbury,CJ Bowes,JCT Boyle,C Viljoen,0,0,,,,,,"",""
ball,2,23.3,Canterbury,CJ Bowes,JCT Boyle,C Viljoen,0,0,,,,,,"",""
ball,2,23.4,Canterbury,CJ Bowes,JCT Boyle,C Viljoen,1,0,,,,,,"",""
ball,2,23.5,Canterbury,JCT Boyle,CJ Bowes,C Viljoen,0,0,,,,,,"",""
ball,2,23.6,Canterbury,JCT Boyle,CJ Bowes,C Viljoen,0,0,,,,,,"",""
ball,2,24.1,Canterbury,CJ Bowes,JCT Boyle,MD Rae,0,0,,,,,,"",""
ball,2,24.2,Canterbury,CJ Bowes,JCT Boyle,MD Rae,1,0,,,,,,"",""
ball,2,24.3,Canterbury,JCT Boyle,CJ Bowes,MD Rae,0,0,,,,,,"",""
ball,2,24.4,Canterbury,JCT Boyle,CJ Bowes,MD Rae,0,0,,,,,,"",""
ball,2,24.5,Canterbury,JCT Boyle,CJ Bowes,MD Rae,0,0,,,,,,"",""
ball,2,24.6,Canterbury,JCT Boyle,CJ Bowes,MD Rae,0,0,,,,,,"",""
ball,2,25.1,Canterbury,CJ Bowes,JCT Boyle,C Viljoen,0,0,,,,,,"",""
ball,2,25.2,Canterbury,CJ Bowes,JCT Boyle,C Viljoen,0,0,,,,,,"",""
ball,2,25.3,Canterbury,CJ Bowes,JCT Boyle,C Viljoen,0,0,,,,,,"",""
ball,2,25.4,Canterbury,CJ Bowes,JCT Boyle,C Viljoen,0,0,,,,,,"",""
ball,2,25.5,Canterbury,CJ Bowes,JCT Boyle,C Viljoen,2,0,,,,,,"",""
ball,2,25.6,Canterbury,CJ Bowes,JCT Boyle,C Viljoen,1,0,,,,,,"",""
ball,2,26.1,Canterbury,CJ Bowes,JCT Boyle,MD Rae,4,0,,,,,,"",""
ball,2,26.2,Canterbury,CJ Bowes,JCT Boyle,MD Rae,1,0,,,,,,"",""
ball,2,26.3,Canterbury,JCT Boyle,CJ Bowes,MD Rae,0,0,,,,,,caught,JCT Boyle
ball,2,26.4,Canterbury,CJ Bowes,PG Fulton,MD Rae,4,0,,,,,,"",""
ball,2,26.5,Canterbury,CJ Bowes,PG Fulton,MD Rae,0,0,,,,,,"",""
ball,2,26.6,Canterbury,CJ Bowes,PG Fulton,MD Rae,0,0,,,,,,"",""
ball,2,27.1,Canterbury,PG Fulton,CJ Bowes,C Viljoen,2,0,,,,,,"",""
ball,2,27.2,Canterbury,PG Fulton,CJ Bowes,C Viljoen,0,0,,,,,,"",""
ball,2,27.3,Canterbury,PG Fulton,CJ Bowes,C Viljoen,0,0,,,,,,"",""
ball,2,27.4,Canterbury,PG Fulton,CJ Bowes,C Viljoen,0,0,,,,,,"",""
ball,2,27.5,Canterbury,PG Fulton,CJ Bowes,C Viljoen,0,0,,,,,,"",""
ball,2,27.6,Canterbury,PG Fulton,CJ Bowes,C Viljoen,4,0,,,,,,"",""
ball,2,28.1,Canterbury,CJ Bowes,PG Fulton,MD Rae,0,0,,,,,,"",""
ball,2,28.2,Canterbury,CJ Bowes,PG Fulton,MD Rae,0,0,,,,,,"",""
ball,2,28.3,Canterbury,CJ Bowes,PG Fulton,MD Rae,0,0,,,,,,"",""
ball,2,28.4,Canterbury,CJ Bowes,PG Fulton,MD Rae,1,0,,,,,,"",""
ball,2,28.5,Canterbury,PG Fulton,CJ Bowes,MD Rae,0,4,,,4,,,"",""
ball,2,28.6,Canterbury,PG Fulton,CJ Bowes,MD Rae,4,0,,,,,,"",""
ball,2,29.1,Canterbury,CJ Bowes,PG Fulton,C Viljoen,0,0,,,,,,"",""
ball,2,29.2,Canterbury,CJ Bowes,PG Fulton,C Viljoen,0,0,,,,,,"",""
ball,2,29.3,Canterbury,CJ Bowes,PG Fulton,C Viljoen,1,0,,,,,,"",""
ball,2,29.4,Canterbury,PG Fulton,CJ Bowes,C Viljoen,4,0,,,,,,"",""
ball,2,29.5,Canterbury,PG Fulton,CJ Bowes,C Viljoen,0,0,,,,,,"",""
ball,2,29.6,Canterbury,PG Fulton,CJ Bowes,C Viljoen,1,0,,,,,,"",""
ball,2,30.1,Canterbury,PG Fulton,CJ Bowes,MD Rae,1,0,,,,,,"",""
ball,2,30.2,Canterbury,CJ Bowes,PG Fulton,MD Rae,0,0,,,,,,"",""
ball,2,30.3,Canterbury,CJ Bowes,PG Fulton,MD Rae,0,0,,,,,,"",""
ball,2,30.4,Canterbury,CJ Bowes,PG Fulton,MD Rae,0,0,,,,,,"",""
ball,2,30.5,Canterbury,CJ Bowes,PG Fulton,MD Rae,0,0,,,,,,"",""
ball,2,30.6,Canterbury,CJ Bowes,PG Fulton,MD Rae,1,0,,,,,,"",""
ball,2,31.1,Canterbury,CJ Bowes,PG Fulton,JA Duffy,4,0,,,,,,"",""
ball,2,31.2,Canterbury,CJ Bowes,PG Fulton,JA Duffy,0,0,,,,,,"",""
ball,2,31.3,Canterbury,CJ Bowes,PG Fulton,JA Duffy,4,0,,,,,,"",""
ball,2,31.4,Canterbury,CJ Bowes,PG Fulton,JA Duffy,0,0,,,,,,"",""
ball,2,31.5,Canterbury,CJ Bowes,PG Fulton,JA Duffy,1,0,,,,,,"",""
ball,2,31.6,Canterbury,PG Fulton,CJ Bowes,JA Duffy,2,0,,,,,,"",""
ball,2,32.1,Canterbury,CJ Bowes,PG Fulton,MD Rae,2,0,,,,,,"",""
ball,2,32.2,Canterbury,CJ Bowes,PG Fulton,MD Rae,0,0,,,,,,"",""
ball,2,32.3,Canterbury,CJ Bowes,PG Fulton,MD Rae,0,0,,,,,,"",""
ball,2,32.4,Canterbury,CJ Bowes,PG Fulton,MD Rae,4,0,,,,,,"",""
ball,2,32.5,Canterbury,CJ Bowes,PG Fulton,MD Rae,2,0,,,,,,"",""
ball,2,32.6,Canterbury,CJ Bowes,PG Fulton,MD Rae,2,0,,,,,,"",""
ball,2,33.1,Canterbury,PG Fulton,CJ Bowes,JA Duffy,0,0,,,,,,"",""
ball,2,33.2,Canterbury,PG Fulton,CJ Bowes,JA Duffy,0,0,,,,,,"",""
ball,2,33.3,Canterbury,PG Fulton,CJ Bowes,JA Duffy,0,0,,,,,,"",""
ball,2,33.4,Canterbury,PG Fulton,CJ Bowes,JA Duffy,0,0,,,,,,"",""
ball,2,33.5,Canterbury,PG Fulton,CJ Bowes,JA Duffy,0,0,,,,,,"",""
ball,2,33.6,Canterbury,PG Fulton,CJ Bowes,JA Duffy,4,0,,,,,,"",""
ball,2,34.1,Canterbury,CJ Bowes,PG Fulton,AK Kitchen,0,0,,,,,,"",""
ball,2,34.2,Canterbury,CJ Bowes,PG Fulton,AK Kitchen,0,0,,,,,,"",""
ball,2,34.3,Canterbury,CJ Bowes,PG Fulton,AK Kitchen,1,0,,,,,,"",""
ball,2,34.4,Canterbury,PG Fulton,CJ Bowes,AK Kitchen,0,0,,,,,,"",""
ball,2,34.5,Canterbury,PG Fulton,CJ Bowes,AK Kitchen,0,0,,,,,,"",""
ball,2,34.6,Canterbury,PG Fulton,CJ Bowes,AK Kitchen,0,0,,,,,,"",""
ball,2,35.1,Canterbury,CJ Bowes,PG Fulton,JA Duffy,0,0,,,,,,"",""
ball,2,35.2,Canterbury,CJ Bowes,PG Fulton,JA Duffy,4,0,,,,,,"",""
ball,2,35.3,Canterbury,CJ Bowes,PG Fulton,JA Duffy,0,0,,,,,,"",""
ball,2,35.4,Canterbury,CJ Bowes,PG Fulton,JA Duffy,1,0,,,,,,"",""
ball,2,35.5,Canterbury,PG Fulton,CJ Bowes,JA Duffy,3,0,,,,,,"",""
ball,2,35.6,Canterbury,CJ Bowes,PG Fulton,JA Duffy,4,0,,,,,,"",""
ball,2,36.1,Canterbury,PG Fulton,CJ Bowes,AK Kitchen,0,0,,,,,,"",""
ball,2,36.2,Canterbury,PG Fulton,CJ Bowes,AK Kitchen,0,0,,,,,,"",""
ball,2,36.3,Canterbury,PG Fulton,CJ Bowes,AK Kitchen,0,0,,,,,,"",""
ball,2,36.4,Canterbury,PG Fulton,CJ Bowes,AK Kitchen,0,0,,,,,,"",""
ball,2,36.5,Canterbury,PG Fulton,CJ Bowes,AK Kitchen,0,0,,,,,,"",""
ball,2,36.6,Canterbury,PG Fulton,CJ Bowes,AK Kitchen,1,0,,,,,,"",""
ball,2,37.1,Canterbury,PG Fulton,CJ Bowes,JA Duffy,0,0,,,,,,"",""
ball,2,37.2,Canterbury,PG Fulton,CJ Bowes,JA Duffy,0,0,,,,,,"",""
ball,2,37.3,Canterbury,PG Fulton,CJ Bowes,JA Duffy,0,0,,,,,,"",""
ball,2,37.4,Canterbury,PG Fulton,CJ Bowes,JA Duffy,0,0,,,,,,"",""
ball,2,37.5,Canterbury,PG Fulton,CJ Bowes,JA Duffy,4,0,,,,,,"",""
ball,2,37.6,Canterbury,PG Fulton,CJ Bowes,JA Duffy,0,0,,,,,,caught,PG Fulton
ball,2,38.1,Canterbury,CJ Bowes,KJ McClure,AK Kitchen,0,0,,,,,,"",""
ball,2,38.2,Canterbury,CJ Bowes,KJ McClure,AK Kitchen,6,0,,,,,,"",""
ball,2,38.3,Canterbury,CJ Bowes,KJ McClure,AK Kitchen,1,0,,,,,,"",""
ball,2,38.4,Canterbury,KJ McClure,CJ Bowes,AK Kitchen,0,0,,,,,,"",""
ball,2,38.5,Canterbury,KJ McClure,CJ Bowes,AK Kitchen,0,0,,,,,,"",""
ball,2,38.6,Canterbury,KJ McClure,CJ Bowes,AK Kitchen,3,0,,,,,,"",""
ball,2,39.1,Canterbury,KJ McClure,CJ Bowes,JA Duffy,1,0,,,,,,"",""
ball,2,39.2,Canterbury,CJ Bowes,KJ McClure,JA Duffy,0,0,,,,,,"",""
ball,2,39.3,Canterbury,CJ Bowes,KJ McClure,JA Duffy,2,0,,,,,,"",""
ball,2,39.4,Canterbury,CJ Bowes,KJ McClure,JA Duffy,6,0,,,,,,"",""
ball,2,39.5,Canterbury,CJ Bowes,KJ McClure,JA Duffy,1,0,,,,,,"",""
ball,2,39.6,Canterbury,KJ McClure,CJ Bowes,JA Duffy,0,0,,,,,,"",""
ball,2,40.1,Canterbury,CJ Bowes,KJ McClure,AK Kitchen,0,0,,,,,,"",""
ball,2,40.2,Canterbury,CJ Bowes,KJ McClure,AK Kitchen,0,0,,,,,,"",""
ball,2,40.3,Canterbury,CJ Bowes,KJ McClure,AK Kitchen,0,0,,,,,,"",""
ball,2,40.4,Canterbury,CJ Bowes,KJ McClure,AK Kitchen,1,0,,,,,,"",""
ball,2,40.5,Canterbury,KJ McClure,CJ Bowes,AK Kitchen,0,0,,,,,,"",""
ball,2,40.6,Canterbury,KJ McClure,CJ Bowes,AK Kitchen,0,0,,,,,,"",""
ball,2,41.1,Canterbury,CJ Bowes,KJ McClure,JA Duffy,0,0,,,,,,"",""
ball,2,41.2,Canterbury,CJ Bowes,KJ McClure,JA Duffy,4,0,,,,,,"",""
ball,2,41.3,Canterbury,CJ Bowes,KJ McClure,JA Duffy,0,0,,,,,,"",""
ball,2,41.4,Canterbury,CJ Bowes,KJ McClure,JA Duffy,0,0,,,,,,"",""
ball,2,41.5,Canterbury,CJ Bowes,KJ McClure,JA Duffy,0,0,,,,,,"",""
ball,2,41.6,Canterbury,CJ Bowes,KJ McClure,JA Duffy,0,0,,,,,,"",""
ball,2,42.1,Canterbury,KJ McClure,CJ Bowes,AK Kitchen,0,0,,,,,,"",""
ball,2,42.2,Canterbury,KJ McClure,CJ Bowes,AK Kitchen,0,0,,,,,,"",""
ball,2,42.3,Canterbury,KJ McClure,CJ Bowes,AK Kitchen,0,0,,,,,,"",""
ball,2,42.4,Canterbury,KJ McClure,CJ Bowes,AK Kitchen,0,0,,,,,,"",""
ball,2,42.5,Canterbury,KJ McClure,CJ Bowes,AK Kitchen,0,0,,,,,,"",""
ball,2,42.6,Canterbury,KJ McClure,CJ Bowes,AK Kitchen,0,0,,,,,,"",""
ball,2,43.1,Canterbury,CJ Bowes,KJ McClure,NG Smith,0,0,,,,,,"",""
ball,2,43.2,Canterbury,CJ Bowes,KJ McClure,NG Smith,0,0,,,,,,"",""
ball,2,43.3,Canterbury,CJ Bowes,KJ McClure,NG Smith,0,0,,,,,,"",""
ball,2,43.4,Canterbury,CJ Bowes,KJ McClure,NG Smith,4,0,,,,,,"",""
ball,2,43.5,Canterbury,CJ Bowes,KJ McClure,NG Smith,4,0,,,,,,"",""
ball,2,43.6,Canterbury,CJ Bowes,KJ McClure,NG Smith,0,0,,,,,,"",""
ball,2,44.1,Canterbury,KJ McClure,CJ Bowes,AK Kitchen,2,0,,,,,,"",""
ball,2,44.2,Canterbury,KJ McClure,CJ Bowes,AK Kitchen,0,0,,,,,,"",""
ball,2,44.3,Canterbury,KJ McClure,CJ Bowes,AK Kitchen,0,0,,,,,,"",""
ball,2,44.4,Canterbury,KJ McClure,CJ Bowes,AK Kitchen,0,0,,,,,,"",""
ball,2,44.5,Canterbury,KJ McClure,CJ Bowes,AK Kitchen,1,0,,,,,,"",""
ball,2,44.6,Canterbury,CJ Bowes,KJ McClure,AK Kitchen,0,0,,,,,,"",""
ball,2,45.1,Canterbury,KJ McClure,CJ Bowes,NG Smith,0,0,,,,,,"",""
ball,2,45.2,Canterbury,KJ McClure,CJ Bowes,NG Smith,0,0,,,,,,"",""
ball,2,45.3,Canterbury,KJ McClure,CJ Bowes,NG Smith,0,0,,,,,,"",""
ball,2,45.4,Canterbury,KJ McClure,CJ Bowes,NG Smith,0,0,,,,,,"",""
ball,2,45.5,Canterbury,KJ McClure,CJ Bowes,NG Smith,0,0,,,,,,"",""
ball,2,45.6,Canterbury,KJ McClure,CJ Bowes,NG Smith,0,0,,,,,,"",""
ball,2,46.1,Canterbury,CJ Bowes,KJ McClure,AK Kitchen,1,0,,,,,,"",""
ball,2,46.2,Canterbury,KJ McClure,CJ Bowes,AK Kitchen,0,0,,,,,,"",""
ball,2,46.3,Canterbury,KJ McClure,CJ Bowes,AK Kitchen,0,0,,,,,,"",""
ball,2,46.4,Canterbury,KJ McClure,CJ Bowes,AK Kitchen,0,0,,,,,,"",""
ball,2,46.5,Canterbury,KJ McClure,CJ Bowes,AK Kitchen,0,0,,,,,,"",""
ball,2,46.6,Canterbury,KJ McClure,CJ Bowes,AK Kitchen,1,0,,,,,,"",""
ball,2,47.1,Canterbury,KJ McClure,CJ Bowes,NG Smith,0,0,,,,,,"",""
ball,2,47.2,Canterbury,KJ McClure,CJ Bowes,NG Smith,0,0,,,,,,"",""
ball,2,47.3,Canterbury,KJ McClure,CJ Bowes,NG Smith,0,0,,,,,,"",""
ball,2,47.4,Canterbury,KJ McClure,CJ Bowes,NG Smith,0,0,,,,,,"",""
ball,2,47.5,Canterbury,KJ McClure,CJ Bowes,NG Smith,0,0,,,,,,"",""
ball,2,47.6,Canterbury,KJ McClure,CJ Bowes,NG Smith,0,0,,,,,,"",""
ball,2,48.1,Canterbury,CJ Bowes,KJ McClure,AK Kitchen,0,0,,,,,,"",""
ball,2,48.2,Canterbury,CJ Bowes,KJ McClure,AK Kitchen,2,0,,,,,,"",""
ball,2,48.3,Canterbury,CJ Bowes,KJ McClure,AK Kitchen,0,0,,,,,,"",""
ball,2,48.4,Canterbury,CJ Bowes,KJ McClure,AK Kitchen,1,0,,,,,,"",""
ball,2,48.5,Canterbury,KJ McClure,CJ Bowes,AK Kitchen,0,0,,,,,,"",""
ball,2,48.6,Canterbury,KJ McClure,CJ Bowes,AK Kitchen,0,0,,,,,,"",""
ball,2,49.1,Canterbury,CJ Bowes,KJ McClure,NG Smith,1,0,,,,,,"",""
ball,2,49.2,Canterbury,KJ McClure,CJ Bowes,NG Smith,0,0,,,,,,"",""
ball,2,49.3,Canterbury,KJ McClure,CJ Bowes,NG Smith,0,0,,,,,,"",""
ball,2,49.4,Canterbury,KJ McClure,CJ Bowes,NG Smith,0,0,,,,,,"",""
ball,2,49.5,Canterbury,KJ McClure,CJ Bowes,NG Smith,1,0,,,,,,"",""
ball,2,49.6,Canterbury,CJ Bowes,KJ McClure,NG Smith,0,4,,,4,,,"",""
ball,2,50.1,Canterbury,KJ McClure,CJ Bowes,AK Kitchen,0,0,,,,,,"",""
ball,2,50.2,Canterbury,KJ McClure,CJ Bowes,AK Kitchen,0,0,,,,,,"",""
ball,2,50.3,Canterbury,KJ McClure,CJ Bowes,AK Kitchen,0,0,,,,,,"",""
ball,2,50.4,Canterbury,KJ McClure,CJ Bowes,AK Kitchen,0,0,,,,,,"",""
ball,2,50.5,Canterbury,KJ McClure,CJ Bowes,AK Kitchen,0,0,,,,,,"",""
ball,2,50.6,Canterbury,KJ McClure,CJ Bowes,AK Kitchen,1,0,,,,,,"",""
ball,2,51.1,Canterbury,KJ McClure,CJ Bowes,MD Rae,0,0,,,,,,"",""
ball,2,51.2,Canterbury,KJ McClure,CJ Bowes,MD Rae,0,0,,,,,,"",""
ball,2,51.3,Canterbury,KJ McClure,CJ Bowes,MD Rae,0,0,,,,,,"",""
ball,2,51.4,Canterbury,KJ McClure,CJ Bowes,MD Rae,0,0,,,,,,"",""
ball,2,51.5,Canterbury,KJ McClure,CJ Bowes,MD Rae,0,0,,,,,,"",""
ball,2,51.6,Canterbury,KJ McClure,CJ Bowes,MD Rae,0,0,,,,,,"",""
ball,2,52.1,Canterbury,CJ Bowes,KJ McClure,AK Kitchen,1,0,,,,,,"",""
ball,2,52.2,Canterbury,KJ McClure,CJ Bowes,AK Kitchen,4,0,,,,,,"",""
ball,2,52.3,Canterbury,KJ McClure,CJ Bowes,AK Kitchen,0,0,,,,,,"",""
ball,2,52.4,Canterbury,KJ McClure,CJ Bowes,AK Kitchen,0,0,,,,,,"",""
ball,2,52.5,Canterbury,KJ McClure,CJ Bowes,AK Kitchen,2,0,,,,,,"",""
ball,2,52.6,Canterbury,KJ McClure,CJ Bowes,AK Kitchen,1,0,,,,,,"",""
ball,2,53.1,Canterbury,KJ McClure,CJ Bowes,MD Rae,0,0,,,,,,"",""
ball,2,53.2,Canterbury,KJ McClure,CJ Bowes,MD Rae,0,0,,,,,,"",""
ball,2,53.3,Canterbury,KJ McClure,CJ Bowes,MD Rae,4,0,,,,,,"",""
ball,2,53.4,Canterbury,KJ McClure,CJ Bowes,MD Rae,0,0,,,,,,"",""
ball,2,53.5,Canterbury,KJ McClure,CJ Bowes,MD Rae,0,0,,,,,,"",""
ball,2,53.6,Canterbury,KJ McClure,CJ Bowes,MD Rae,0,0,,,,,,"",""
ball,2,54.1,Canterbury,CJ Bowes,KJ McClure,AK Kitchen,0,0,,,,,,"",""
ball,2,54.2,Canterbury,CJ Bowes,KJ McClure,AK Kitchen,1,0,,,,,,"",""
ball,2,54.3,Canterbury,KJ McClure,CJ Bowes,AK Kitchen,4,0,,,,,,"",""
ball,2,54.4,Canterbury,KJ McClure,CJ Bowes,AK Kitchen,0,0,,,,,,"",""
ball,2,54.5,Canterbury,KJ McClure,CJ Bowes,AK Kitchen,0,0,,,,,,"",""
ball,2,54.6,Canterbury,KJ McClure,CJ Bowes,AK Kitchen,0,0,,,,,,"",""
ball,2,55.1,Canterbury,CJ Bowes,KJ McClure,MD Rae,0,1,1,,,,,"",""
ball,2,55.2,Canterbury,CJ Bowes,KJ McClure,MD Rae,0,0,,,,,,"",""
ball,2,55.3,Canterbury,CJ Bowes,KJ McClure,MD Rae,0,0,,,,,,"",""
ball,2,55.4,Canterbury,CJ Bowes,KJ McClure,MD Rae,1,0,,,,,,"",""
ball,2,55.5,Canterbury,KJ McClure,CJ Bowes,MD Rae,0,0,,,,,,"",""
ball,2,55.6,Canterbury,KJ McClure,CJ Bowes,MD Rae,0,0,,,,,,"",""
ball,2,55.7,Canterbury,KJ McClure,CJ Bowes,MD Rae,4,0,,,,,,"",""
ball,2,56.1,Canterbury,CJ Bowes,KJ McClure,AK Kitchen,0,0,,,,,,"",""
ball,2,56.2,Canterbury,CJ Bowes,KJ McClure,AK Kitchen,1,0,,,,,,"",""
ball,2,56.3,Canterbury,KJ McClure,CJ Bowes,AK Kitchen,0,0,,,,,,"",""
ball,2,56.4,Canterbury,KJ McClure,CJ Bowes,AK Kitchen,0,0,,,,,,"",""
ball,2,56.5,Canterbury,KJ McClure,CJ Bowes,AK Kitchen,0,0,,,,,,"",""
ball,2,56.6,Canterbury,KJ McClure,CJ Bowes,AK Kitchen,1,0,,,,,,"",""
ball,2,57.1,Canterbury,KJ McClure,CJ Bowes,MD Rae,0,0,,,,,,"",""
ball,2,57.2,Canterbury,KJ McClure,CJ Bowes,MD Rae,0,0,,,,,,"",""
ball,2,57.3,Canterbury,KJ McClure,CJ Bowes,MD Rae,0,0,,,,,,"",""
ball,2,57.4,Canterbury,KJ McClure,CJ Bowes,MD Rae,0,0,,,,,,"",""
ball,2,57.5,Canterbury,KJ McClure,CJ Bowes,MD Rae,0,0,,,,,,"",""
ball,2,57.6,Canterbury,KJ McClure,CJ Bowes,MD Rae,0,0,,,,,,"",""
ball,2,58.1,Canterbury,CJ Bowes,KJ McClure,SR Wells,0,0,,,,,,"",""
ball,2,58.2,Canterbury,CJ Bowes,KJ McClure,SR Wells,0,0,,,,,,"",""
ball,2,58.3,Canterbury,CJ Bowes,KJ McClure,SR Wells,4,0,,,,,,"",""
ball,2,58.4,Canterbury,CJ Bowes,KJ McClure,SR Wells,0,0,,,,,,caught,CJ Bowes
ball,2,58.5,Canterbury,CE McConchie,KJ McClure,SR Wells,0,0,,,,,,"",""
ball,2,58.6,Canterbury,CE McConchie,KJ McClure,SR Wells,0,0,,,,,,"",""
ball,2,59.1,Canterbury,KJ McClure,CE McConchie,MD Rae,0,0,,,,,,"",""
ball,2,59.2,Canterbury,KJ McClure,CE McConchie,MD Rae,0,0,,,,,,"",""
ball,2,59.3,Canterbury,KJ McClure,CE McConchie,MD Rae,0,0,,,,,,"",""
ball,2,59.4,Canterbury,KJ McClure,CE McConchie,MD Rae,4,0,,,,,,"",""
ball,2,59.5,Canterbury,KJ McClure,CE McConchie,MD Rae,4,0,,,,,,"",""
ball,2,59.6,Canterbury,KJ McClure,CE McConchie,MD Rae,0,0,,,,,,"",""
ball,2,60.1,Canterbury,CE McConchie,KJ McClure,SR Wells,0,0,,,,,,"",""
ball,2,60.2,Canterbury,CE McConchie,KJ McClure,SR Wells,0,0,,,,,,"",""
ball,2,60.3,Canterbury,CE McConchie,KJ McClure,SR Wells,0,0,,,,,,"",""
ball,2,60.4,Canterbury,CE McConchie,KJ McClure,SR Wells,0,0,,,,,,"",""
ball,2,60.5,Canterbury,CE McConchie,KJ McClure,SR Wells,4,0,,,,,,"",""
ball,2,60.6,Canterbury,CE McConchie,KJ McClure,SR Wells,0,0,,,,,,"",""
ball,2,61.1,Canterbury,KJ McClure,CE McConchie,MD Rae,0,0,,,,,,"",""
ball,2,61.2,Canterbury,KJ McClure,CE McConchie,MD Rae,0,0,,,,,,"",""
ball,2,61.3,Canterbury,KJ McClure,CE McConchie,MD Rae,0,0,,,,,,"",""
ball,2,61.4,Canterbury,KJ McClure,CE McConchie,MD Rae,0,0,,,,,,"",""
ball,2,61.5,Canterbury,KJ McClure,CE McConchie,MD Rae,0,0,,,,,,"",""
ball,2,61.6,Canterbury,KJ McClure,CE McConchie,MD Rae,4,0,,,,,,"",""
ball,2,62.1,Canterbury,CE McConchie,KJ McClure,SR Wells,0,0,,,,,,"",""
ball,2,62.2,Canterbury,CE McConchie,KJ McClure,SR Wells,0,0,,,,,,"",""
ball,2,62.3,Canterbury,CE McConchie,KJ McClure,SR Wells,2,0,,,,,,"",""
ball,2,62.4,Canterbury,CE McConchie,KJ McClure,SR Wells,1,0,,,,,,"",""
ball,2,62.5,Canterbury,KJ McClure,CE McConchie,SR Wells,0,0,,,,,,"",""
ball,2,62.6,Canterbury,KJ McClure,CE McConchie,SR Wells,0,0,,,,,,"",""
ball,2,63.1,Canterbury,CE McConchie,KJ McClure,MD Rae,0,0,,,,,,"",""
ball,2,63.2,Canterbury,CE McConchie,KJ McClure,MD Rae,0,0,,,,,,"",""
ball,2,63.3,Canterbury,CE McConchie,KJ McClure,MD Rae,0,0,,,,,,"",""
ball,2,63.4,Canterbury,CE McConchie,KJ McClure,MD Rae,0,0,,,,,,"",""
ball,2,63.5,Canterbury,CE McConchie,KJ McClure,MD Rae,0,0,,,,,,"",""
ball,2,63.6,Canterbury,CE McConchie,KJ McClure,MD Rae,1,0,,,,,,"",""
ball,2,64.1,Canterbury,CE McConchie,KJ McClure,SR Wells,1,0,,,,,,"",""
ball,2,64.2,Canterbury,KJ McClure,CE McConchie,SR Wells,0,0,,,,,,"",""
ball,2,64.3,Canterbury,KJ McClure,CE McConchie,SR Wells,0,0,,,,,,"",""
ball,2,64.4,Canterbury,KJ McClure,CE McConchie,SR Wells,0,0,,,,,,"",""
ball,2,64.5,Canterbury,KJ McClure,CE McConchie,SR Wells,0,0,,,,,,"",""
ball,2,64.6,Canterbury,KJ McClure,CE McConchie,SR Wells,0,0,,,,,,"",""
ball,2,65.1,Canterbury,CE McConchie,KJ McClure,C Viljoen,0,0,,,,,,"",""
ball,2,65.2,Canterbury,CE McConchie,KJ McClure,C Viljoen,0,0,,,,,,"",""
ball,2,65.3,Canterbury,CE McConchie,KJ McClure,C Viljoen,0,0,,,,,,"",""
ball,2,65.4,Canterbury,CE McConchie,KJ McClure,C Viljoen,0,0,,,,,,"",""
ball,2,65.5,Canterbury,CE McConchie,KJ McClure,C Viljoen,0,0,,,,,,"",""
ball,2,65.6,Canterbury,CE McConchie,KJ McClure,C Viljoen,0,0,,,,,,"",""
ball,2,66.1,Canterbury,KJ McClure,CE McConchie,AK Kitchen,1,0,,,,,,"",""
ball,2,66.2,Canterbury,CE McConchie,KJ McClure,AK Kitchen,4,0,,,,,,"",""
ball,2,66.3,Canterbury,CE McConchie,KJ McClure,AK Kitchen,0,0,,,,,,"",""
ball,2,66.4,Canterbury,CE McConchie,KJ McClure,AK Kitchen,0,0,,,,,,"",""
ball,2,66.5,Canterbury,CE McConchie,KJ McClure,AK Kitchen,0,0,,,,,,"",""
ball,2,66.6,Canterbury,CE McConchie,KJ McClure,AK Kitchen,3,0,,,,,,"",""
ball,2,67.1,Canterbury,CE McConchie,KJ McClure,C Viljoen,1,0,,,,,,"",""
ball,2,67.2,Canterbury,KJ McClure,CE McConchie,C Viljoen,0,0,,,,,,"",""
ball,2,67.3,Canterbury,KJ McClure,CE McConchie,C Viljoen,0,0,,,,,,"",""
ball,2,67.4,Canterbury,KJ McClure,CE McConchie,C Viljoen,0,0,,,,,,"",""
ball,2,67.5,Canterbury,KJ McClure,CE McConchie,C Viljoen,0,0,,,,,,"",""
ball,2,67.6,Canterbury,KJ McClure,CE McConchie,C Viljoen,0,0,,,,,,"",""
ball,2,68.1,Canterbury,CE McConchie,KJ McClure,JA Duffy,0,0,,,,,,"",""
ball,2,68.2,Canterbury,CE McConchie,KJ McClure,JA Duffy,4,0,,,,,,"",""
ball,2,68.3,Canterbury,CE McConchie,KJ McClure,JA Duffy,0,0,,,,,,"",""
ball,2,68.4,Canterbury,CE McConchie,KJ McClure,JA Duffy,0,0,,,,,,"",""
ball,2,68.5,Canterbury,CE McConchie,KJ McClure,JA Duffy,1,0,,,,,,"",""
ball,2,68.6,Canterbury,KJ McClure,CE McConchie,JA Duffy,0,0,,,,,,"",""
ball,2,69.1,Canterbury,CE McConchie,KJ McClure,C Viljoen,0,0,,,,,,"",""
ball,2,69.2,Canterbury,CE McConchie,KJ McClure,C Viljoen,0,0,,,,,,"",""
ball,2,69.3,Canterbury,CE McConchie,KJ McClure,C Viljoen,1,0,,,,,,"",""
ball,2,69.4,Canterbury,KJ McClure,CE McConchie,C Viljoen,0,0,,,,,,"",""
ball,2,69.5,Canterbury,KJ McClure,CE McConchie,C Viljoen,0,0,,,,,,"",""
ball,2,69.6,Canterbury,KJ McClure,CE McConchie,C Viljoen,0,0,,,,,,"",""
ball,2,70.1,Canterbury,CE McConchie,KJ McClure,JA Duffy,0,0,,,,,,"",""
ball,2,70.2,Canterbury,CE McConchie,KJ McClure,JA Duffy,0,0,,,,,,"",""
ball,2,70.3,Canterbury,CE McConchie,KJ McClure,JA Duffy,0,0,,,,,,"",""
ball,2,70.4,Canterbury,CE McConchie,KJ McClure,JA Duffy,0,0,,,,,,"",""
ball,2,70.5,Canterbury,CE McConchie,KJ McClure,JA Duffy,0,0,,,,,,"",""
ball,2,70.6,Canterbury,CE McConchie,KJ McClure,JA Duffy,0,0,,,,,,"",""
ball,2,71.1,Canterbury,KJ McClure,CE McConchie,C Viljoen,0,0,,,,,,"",""
ball,2,71.2,Canterbury,KJ McClure,CE McConchie,C Viljoen,1,0,,,,,,"",""
ball,2,71.3,Canterbury,CE McConchie,KJ McClure,C Viljoen,0,0,,,,,,"",""
ball,2,71.4,Canterbury,CE McConchie,KJ McClure,C Viljoen,0,0,,,,,,"",""
ball,2,71.5,Canterbury,CE McConchie,KJ McClure,C Viljoen,0,0,,,,,,"",""
ball,2,71.6,Canterbury,CE McConchie,KJ McClure,C Viljoen,0,0,,,,,,"",""
ball,2,72.1,Canterbury,KJ McClure,CE McConchie,JA Duffy,0,0,,,,,,"",""
ball,2,72.2,Canterbury,KJ McClure,CE McConchie,JA Duffy,0,0,,,,,,"",""
ball,2,72.3,Canterbury,KJ McClure,CE McConchie,JA Duffy,1,0,,,,,,"",""
ball,2,72.4,Canterbury,CE McConchie,KJ McClure,JA Duffy,0,0,,,,,,"",""
ball,2,72.5,Canterbury,CE McConchie,KJ McClure,JA Duffy,0,0,,,,,,"",""
ball,2,72.6,Canterbury,CE McConchie,KJ McClure,JA Duffy,1,0,,,,,,"",""
ball,2,73.1,Canterbury,CE McConchie,KJ McClure,C Viljoen,0,0,,,,,,"",""
ball,2,73.2,Canterbury,CE McConchie,KJ McClure,C Viljoen,0,0,,,,,,"",""
ball,2,73.3,Canterbury,CE McConchie,KJ McClure,C Viljoen,0,0,,,,,,"",""
ball,2,73.4,Canterbury,CE McConchie,KJ McClure,C Viljoen,0,0,,,,,,"",""
ball,2,73.5,Canterbury,CE McConchie,KJ McClure,C Viljoen,2,0,,,,,,"",""
ball,2,73.6,Canterbury,CE McConchie,KJ McClure,C Viljoen,4,0,,,,,,"",""
ball,2,74.1,Canterbury,KJ McClure,CE McConchie,AK Kitchen,0,0,,,,,,"",""
ball,2,74.2,Canterbury,KJ McClure,CE McConchie,AK Kitchen,0,0,,,,,,"",""
ball,2,74.3,Canterbury,KJ McClure,CE McConchie,AK Kitchen,0,0,,,,,,"",""
ball,2,74.4,Canterbury,KJ McClure,CE McConchie,AK Kitchen,1,0,,,,,,"",""
ball,2,74.5,Canterbury,CE McConchie,KJ McClure,AK Kitchen,0,0,,,,,,"",""
ball,2,74.6,Canterbury,CE McConchie,KJ McClure,AK Kitchen,0,0,,,,,,caught,CE McConchie
ball,2,75.1,Canterbury,KJ McClure,AM Ellis,C Viljoen,0,0,,,,,,"",""
ball,2,75.2,Canterbury,KJ McClure,AM Ellis,C Viljoen,4,0,,,,,,"",""
ball,2,75.3,Canterbury,KJ McClure,AM Ellis,C Viljoen,2,0,,,,,,"",""
ball,2,75.4,Canterbury,KJ McClure,AM Ellis,C Viljoen,1,0,,,,,,"",""
ball,2,75.5,Canterbury,AM Ellis,KJ McClure,C Viljoen,0,0,,,,,,"",""
ball,2,75.6,Canterbury,AM Ellis,KJ McClure,C Viljoen,0,0,,,,,,"",""
ball,2,76.1,Canterbury,KJ McClure,AM Ellis,AK Kitchen,4,0,,,,,,"",""
ball,2,76.2,Canterbury,KJ McClure,AM Ellis,AK Kitchen,0,0,,,,,,"",""
ball,2,76.3,Canterbury,KJ McClure,AM Ellis,AK Kitchen,0,0,,,,,,"",""
ball,2,76.4,Canterbury,KJ McClure,AM Ellis,AK Kitchen,0,0,,,,,,"",""
ball,2,76.5,Canterbury,KJ McClure,AM Ellis,AK Kitchen,0,0,,,,,,"",""
ball,2,76.6,Canterbury,KJ McClure,AM Ellis,AK Kitchen,1,0,,,,,,"",""
ball,2,77.1,Canterbury,KJ McClure,AM Ellis,C Viljoen,0,0,,,,,,"",""
ball,2,77.2,Canterbury,KJ McClure,AM Ellis,C Viljoen,0,0,,,,,,"",""
ball,2,77.3,Canterbury,KJ McClure,AM Ellis,C Viljoen,0,0,,,,,,"",""
ball,2,77.4,Canterbury,KJ McClure,AM Ellis,C Viljoen,0,0,,,,,,"",""
ball,2,77.5,Canterbury,KJ McClure,AM Ellis,C Viljoen,0,0,,,,,,"",""
ball,2,77.6,Canterbury,KJ McClure,AM Ellis,C Viljoen,0,0,,,,,,"",""
ball,2,78.1,Canterbury,AM Ellis,KJ McClure,AK Kitchen,0,0,,,,,,"",""
ball,2,78.2,Canterbury,AM Ellis,KJ McClure,AK Kitchen,0,0,,,,,,"",""
ball,2,78.3,Canterbury,AM Ellis,KJ McClure,AK Kitchen,0,0,,,,,,"",""
ball,2,78.4,Canterbury,AM Ellis,KJ McClure,AK Kitchen,0,0,,,,,,"",""
ball,2,78.5,Canterbury,AM Ellis,KJ McClure,AK Kitchen,1,0,,,,,,"",""
ball,2,78.6,Canterbury,KJ McClure,AM Ellis,AK Kitchen,0,0,,,,,,"",""
ball,2,79.1,Canterbury,AM Ellis,KJ McClure,MD Rae,0,0,,,,,,"",""
ball,2,79.2,Canterbury,AM Ellis,KJ McClure,MD Rae,0,0,,,,,,"",""
ball,2,79.3,Canterbury,AM Ellis,KJ McClure,MD Rae,0,0,,,,,,"",""
ball,2,79.4,Canterbury,AM Ellis,KJ McClure,MD Rae,2,0,,,,,,"",""
ball,2,79.5,Canterbury,AM Ellis,KJ McClure,MD Rae,0,0,,,,,,caught,AM Ellis
ball,2,79.6,Canterbury,TD Astle,KJ McClure,MD Rae,0,0,,,,,,"",""
ball,2,80.1,Canterbury,KJ McClure,TD Astle,JA Duffy,4,0,,,,,,"",""
ball,2,80.2,Canterbury,KJ McClure,TD Astle,JA Duffy,0,0,,,,,,"",""
ball,2,80.3,Canterbury,KJ McClure,TD Astle,JA Duffy,2,0,,,,,,"",""
ball,2,80.4,Canterbury,KJ McClure,TD Astle,JA Duffy,0,0,,,,,,"",""
ball,2,80.5,Canterbury,KJ McClure,TD Astle,JA Duffy,0,0,,,,,,"",""
ball,2,80.6,Canterbury,KJ McClure,TD Astle,JA Duffy,0,0,,,,,,"",""
ball,2,81.1,Canterbury,TD Astle,KJ McClure,MD Rae,0,0,,,,,,"",""
ball,2,81.2,Canterbury,TD Astle,KJ McClure,MD Rae,2,0,,,,,,"",""
ball,2,81.3,Canterbury,TD Astle,KJ McClure,MD Rae,0,0,,,,,,"",""
ball,2,81.4,Canterbury,TD Astle,KJ McClure,MD Rae,0,0,,,,,,"",""
ball,2,81.5,Canterbury,TD Astle,KJ McClure,MD Rae,0,0,,,,,,"",""
ball,2,81.6,Canterbury,TD Astle,KJ McClure,MD Rae,0,0,,,,,,"",""
ball,2,82.1,Canterbury,KJ McClure,TD Astle,JA Duffy,0,0,,,,,,"",""
ball,2,82.2,Canterbury,KJ McClure,TD Astle,JA Duffy,0,0,,,,,,"",""
ball,2,82.3,Canterbury,KJ McClure,TD Astle,JA Duffy,0,0,,,,,,"",""
ball,2,82.4,Canterbury,KJ McClure,TD Astle,JA Duffy,0,0,,,,,,"",""
ball,2,82.5,Canterbury,KJ McClure,TD Astle,JA Duffy,0,0,,,,,,"",""
ball,2,82.6,Canterbury,KJ McClure,TD Astle,JA Duffy,0,0,,,,,,"",""
ball,2,83.1,Canterbury,TD Astle,KJ McClure,MD Rae,0,0,,,,,,"",""
ball,2,83.2,Canterbury,TD Astle,KJ McClure,MD Rae,0,0,,,,,,"",""
ball,2,83.3,Canterbury,TD Astle,KJ McClure,MD Rae,0,0,,,,,,"",""
ball,2,83.4,Canterbury,TD Astle,KJ McClure,MD Rae,2,0,,,,,,"",""
ball,2,83.5,Canterbury,TD Astle,KJ McClure,MD Rae,1,0,,,,,,"",""
ball,2,83.6,Canterbury,KJ McClure,TD Astle,MD Rae,4,0,,,,,,"",""
ball,2,84.1,Canterbury,TD Astle,KJ McClure,SR Wells,0,0,,,,,,"",""
ball,2,84.2,Canterbury,TD Astle,KJ McClure,SR Wells,0,0,,,,,,"",""
ball,2,84.3,Canterbury,TD Astle,KJ McClure,SR Wells,4,0,,,,,,"",""
ball,2,84.4,Canterbury,TD Astle,KJ McClure,SR Wells,1,0,,,,,,"",""
ball,2,84.5,Canterbury,KJ McClure,TD Astle,SR Wells,0,0,,,,,,"",""
ball,2,84.6,Canterbury,KJ McClure,TD Astle,SR Wells,0,0,,,,,,"",""
ball,2,85.1,Canterbury,TD Astle,KJ McClure,MD Rae,2,0,,,,,,"",""
ball,2,85.2,Canterbury,TD Astle,KJ McClure,MD Rae,0,2,,,,2,,"",""
ball,2,85.3,Canterbury,TD Astle,KJ McClure,MD Rae,0,0,,,,,,"",""
ball,2,85.4,Canterbury,TD Astle,KJ McClure,MD Rae,0,0,,,,,,"",""
ball,2,85.5,Canterbury,TD Astle,KJ McClure,MD Rae,0,0,,,,,,"",""
ball,2,85.6,Canterbury,TD Astle,KJ McClure,MD Rae,2,0,,,,,,"",""
ball,2,86.1,Canterbury,KJ McClure,TD Astle,SR Wells,0,0,,,,,,"",""
ball,2,86.2,Canterbury,KJ McClure,TD Astle,SR Wells,0,0,,,,,,"",""
ball,2,86.3,Canterbury,KJ McClure,TD Astle,SR Wells,0,0,,,,,,"",""
ball,2,86.4,Canterbury,KJ McClure,TD Astle,SR Wells,0,0,,,,,,"",""
ball,2,86.5,Canterbury,KJ McClure,TD Astle,SR Wells,0,0,,,,,,"",""
ball,2,86.6,Canterbury,KJ McClure,TD Astle,SR Wells,0,0,,,,,,"",""
ball,2,87.1,Canterbury,TD Astle,KJ McClure,MD Rae,1,0,,,,,,"",""
ball,2,87.2,Canterbury,KJ McClure,TD Astle,MD Rae,0,0,,,,,,"",""
ball,2,87.3,Canterbury,KJ McClure,TD Astle,MD Rae,1,0,,,,,,"",""
ball,2,87.4,Canterbury,TD Astle,KJ McClure,MD Rae,0,0,,,,,,"",""
ball,2,87.5,Canterbury,TD Astle,KJ McClure,MD Rae,0,0,,,,,,"",""
ball,2,87.6,Canterbury,TD Astle,KJ McClure,MD Rae,0,0,,,,,,"",""
ball,2,88.1,Canterbury,KJ McClure,TD Astle,SR Wells,4,0,,,,,,"",""
ball,2,88.2,Canterbury,KJ McClure,TD Astle,SR Wells,0,0,,,,,,bowled,KJ McClure
ball,2,88.3,Canterbury,CD Fletcher,TD Astle,SR Wells,0,0,,,,,,"",""
ball,2,88.4,Canterbury,CD Fletcher,TD Astle,SR Wells,0,0,,,,,,"",""
ball,2,88.5,Canterbury,CD Fletcher,TD Astle,SR Wells,0,0,,,,,,"",""
ball,2,88.6,Canterbury,CD Fletcher,TD Astle,SR Wells,0,0,,,,,,"",""
ball,2,89.1,Canterbury,TD Astle,CD Fletcher,MD Rae,0,0,,,,,,"",""
ball,2,89.2,Canterbury,TD Astle,CD Fletcher,MD Rae,0,0,,,,,,"",""
ball,2,89.3,Canterbury,TD Astle,CD Fletcher,MD Rae,0,0,,,,,,"",""
ball,2,89.4,Canterbury,TD Astle,CD Fletcher,MD Rae,1,0,,,,,,"",""
ball,2,89.5,Canterbury,CD Fletcher,TD Astle,MD Rae,0,0,,,,,,"",""
ball,2,89.6,Canterbury,CD Fletcher,TD Astle,MD Rae,0,0,,,,,,"",""
ball,2,90.1,Canterbury,TD Astle,CD Fletcher,SR Wells,0,0,,,,,,"",""
ball,2,90.2,Canterbury,TD Astle,CD Fletcher,SR Wells,0,0,,,,,,"",""
ball,2,90.3,Canterbury,TD Astle,CD Fletcher,SR Wells,0,0,,,,,,"",""
ball,2,90.4,Canterbury,TD Astle,CD Fletcher,SR Wells,0,0,,,,,,"",""
ball,2,90.5,Canterbury,TD Astle,CD Fletcher,SR Wells,0,0,,,,,,"",""
ball,2,90.6,Canterbury,TD Astle,CD Fletcher,SR Wells,0,0,,,,,,"",""
ball,2,91.1,Canterbury,CD Fletcher,TD Astle,MD Rae,0,0,,,,,,"",""
ball,2,91.2,Canterbury,CD Fletcher,TD Astle,MD Rae,0,0,,,,,,"",""
ball,2,91.3,Canterbury,CD Fletcher,TD Astle,MD Rae,0,0,,,,,,"",""
ball,2,91.4,Canterbury,CD Fletcher,TD Astle,MD Rae,0,0,,,,,,"",""
ball,2,91.5,Canterbury,CD Fletcher,TD Astle,MD Rae,4,0,,,,,,"",""
ball,2,91.6,Canterbury,CD Fletcher,TD Astle,MD Rae,0,0,,,,,,"",""
ball,2,92.1,Canterbury,TD Astle,CD Fletcher,SR Wells,0,0,,,,,,"",""
ball,2,92.2,Canterbury,TD Astle,CD Fletcher,SR Wells,0,0,,,,,,"",""
ball,2,92.3,Canterbury,TD Astle,CD Fletcher,SR Wells,0,0,,,,,,"",""
ball,2,92.4,Canterbury,TD Astle,CD Fletcher,SR Wells,0,0,,,,,,"",""
ball,2,92.5,Canterbury,TD Astle,CD Fletcher,SR Wells,0,0,,,,,,"",""
ball,2,92.6,Canterbury,TD Astle,CD Fletcher,SR Wells,0,0,,,,,,"",""
ball,2,93.1,Canterbury,CD Fletcher,TD Astle,MD Rae,0,0,,,,,,"",""
ball,2,93.2,Canterbury,CD Fletcher,TD Astle,MD Rae,0,0,,,,,,"",""
ball,2,93.3,Canterbury,CD Fletcher,TD Astle,MD Rae,0,0,,,,,,"",""
ball,2,93.4,Canterbury,CD Fletcher,TD Astle,MD Rae,0,0,,,,,,"",""
ball,2,93.5,Canterbury,CD Fletcher,TD Astle,MD Rae,0,0,,,,,,"",""
ball,2,93.6,Canterbury,CD Fletcher,TD Astle,MD Rae,0,0,,,,,,"",""
ball,2,94.1,Canterbury,TD Astle,CD Fletcher,SR Wells,0,0,,,,,,"",""
ball,2,94.2,Canterbury,TD Astle,CD Fletcher,SR Wells,0,0,,,,,,"",""
ball,2,94.3,Canterbury,TD Astle,CD Fletcher,SR Wells,0,0,,,,,,"",""
ball,2,94.4,Canterbury,TD Astle,CD Fletcher,SR Wells,0,0,,,,,,"",""
ball,2,94.5,Canterbury,TD Astle,CD Fletcher,SR Wells,1,0,,,,,,"",""
ball,2,94.6,Canterbury,CD Fletcher,TD Astle,SR Wells,0,0,,,,,,"",""
ball,2,95.1,Canterbury,TD Astle,CD Fletcher,MD Rae,0,0,,,,,,"",""
ball,2,95.2,Canterbury,TD Astle,CD Fletcher,MD Rae,0,0,,,,,,"",""
ball,2,95.3,Canterbury,TD Astle,CD Fletcher,MD Rae,0,0,,,,,,"",""
ball,2,95.4,Canterbury,TD Astle,CD Fletcher,MD Rae,0,0,,,,,,"",""
ball,2,95.5,Canterbury,TD Astle,CD Fletcher,MD Rae,0,0,,,,,,"",""
ball,2,95.6,Canterbury,TD Astle,CD Fletcher,MD Rae,0,0,,,,,,"",""
ball,2,96.1,Canterbury,CD Fletcher,TD Astle,SR Wells,0,0,,,,,,"",""
ball,2,96.2,Canterbury,CD Fletcher,TD Astle,SR Wells,0,0,,,,,,"",""
ball,2,96.3,Canterbury,CD Fletcher,TD Astle,SR Wells,0,1,,,,1,,"",""
ball,2,96.4,Canterbury,TD Astle,CD Fletcher,SR Wells,0,0,,,,,,"",""
ball,2,96.5,Canterbury,TD Astle,CD Fletcher,SR Wells,3,0,,,,,,"",""
ball,2,96.6,Canterbury,CD Fletcher,TD Astle,SR Wells,0,0,,,,,,"",""
ball,2,97.1,Canterbury,TD Astle,CD Fletcher,MD Rae,4,0,,,,,,"",""
ball,2,97.2,Canterbury,TD Astle,CD Fletcher,MD Rae,0,0,,,,,,"",""
ball,2,97.3,Canterbury,TD Astle,CD Fletcher,MD Rae,1,0,,,,,,"",""
ball,2,97.4,Canterbury,CD Fletcher,TD Astle,MD Rae,0,0,,,,,,"",""
ball,2,97.5,Canterbury,CD Fletcher,TD Astle,MD Rae,0,0,,,,,,"",""
ball,2,97.6,Canterbury,CD Fletcher,TD Astle,MD Rae,0,0,,,,,,"",""
ball,2,98.1,Canterbury,TD Astle,CD Fletcher,SR Wells,1,0,,,,,,"",""
ball,2,98.2,Canterbury,CD Fletcher,TD Astle,SR Wells,3,0,,,,,,"",""
ball,2,98.3,Canterbury,TD Astle,CD Fletcher,SR Wells,0,0,,,,,,"",""
ball,2,98.4,Canterbury,TD Astle,CD Fletcher,SR Wells,0,0,,,,,,"",""
ball,2,98.5,Canterbury,TD Astle,CD Fletcher,SR Wells,0,0,,,,,,"",""
ball,2,98.6,Canterbury,TD Astle,CD Fletcher,SR Wells,1,0,,,,,,"",""
ball,2,99.1,Canterbury,TD Astle,CD Fletcher,MD Rae,2,0,,,,,,"",""
ball,2,99.2,Canterbury,TD Astle,CD Fletcher,MD Rae,1,0,,,,,,"",""
ball,2,99.3,Canterbury,CD Fletcher,TD Astle,MD Rae,1,0,,,,,,"",""
ball,2,99.4,Canterbury,TD Astle,CD Fletcher,MD Rae,0,0,,,,,,"",""
ball,2,99.5,Canterbury,TD Astle,CD Fletcher,MD Rae,0,0,,,,,,"",""
ball,2,99.6,Canterbury,TD Astle,CD Fletcher,MD Rae,2,0,,,,,,"",""
ball,2,100.1,Canterbury,CD Fletcher,TD Astle,SR Wells,4,0,,,,,,"",""
ball,2,100.2,Canterbury,CD Fletcher,TD Astle,SR Wells,3,0,,,,,,"",""
ball,2,100.3,Canterbury,TD Astle,CD Fletcher,SR Wells,0,0,,,,,,"",""
ball,2,100.4,Canterbury,TD Astle,CD Fletcher,SR Wells,0,0,,,,,,"",""
ball,2,100.5,Canterbury,TD Astle,CD Fletcher,SR Wells,0,1,,,,1,,"",""
ball,2,100.6,Canterbury,CD Fletcher,TD Astle,SR Wells,4,0,,,,,,"",""
ball,2,101.1,Canterbury,TD Astle,CD Fletcher,MD Rae,0,0,,,,,,"",""
ball,2,101.2,Canterbury,TD Astle,CD Fletcher,MD Rae,0,0,,,,,,"",""
ball,2,101.3,Canterbury,TD Astle,CD Fletcher,MD Rae,2,0,,,,,,"",""
ball,2,101.4,Canterbury,TD Astle,CD Fletcher,MD Rae,1,0,,,,,,"",""
ball,2,101.5,Canterbury,CD Fletcher,TD Astle,MD Rae,0,0,,,,,,"",""
ball,2,101.6,Canterbury,CD Fletcher,TD Astle,MD Rae,0,0,,,,,,"",""
ball,2,102.1,Canterbury,TD Astle,CD Fletcher,NG Smith,1,0,,,,,,"",""
ball,2,102.2,Canterbury,CD Fletcher,TD Astle,NG Smith,0,0,,,,,,"",""
ball,2,102.3,Canterbury,CD Fletcher,TD Astle,NG Smith,0,0,,,,,,"",""
ball,2,102.4,Canterbury,CD Fletcher,TD Astle,NG Smith,0,0,,,,,,"",""
ball,2,102.5,Canterbury,CD Fletcher,TD Astle,NG Smith,0,0,,,,,,"",""
ball,2,102.6,Canterbury,CD Fletcher,TD Astle,NG Smith,2,0,,,,,,"",""
ball,2,103.1,Canterbury,TD Astle,CD Fletcher,MD Rae,1,0,,,,,,"",""
ball,2,103.2,Canterbury,CD Fletcher,TD Astle,MD Rae,0,0,,,,,,"",""
ball,2,103.3,Canterbury,CD Fletcher,TD Astle,MD Rae,0,0,,,,,,"",""
ball,2,103.4,Canterbury,CD Fletcher,TD Astle,MD Rae,0,0,,,,,,"",""
ball,2,103.5,Canterbury,CD Fletcher,TD Astle,MD Rae,0,0,,,,,,"",""
ball,2,103.6,Canterbury,CD Fletcher,TD Astle,MD Rae,2,0,,,,,,"",""
ball,2,104.1,Canterbury,TD Astle,CD Fletcher,NG Smith,0,0,,,,,,"",""
ball,2,104.2,Canterbury,TD Astle,CD Fletcher,NG Smith,0,0,,,,,,"",""
ball,2,104.3,Canterbury,TD Astle,CD Fletcher,NG Smith,0,0,,,,,,"",""
ball,2,104.4,Canterbury,TD Astle,CD Fletcher,NG Smith,0,0,,,,,,"",""
ball,2,104.5,Canterbury,TD Astle,CD Fletcher,NG Smith,0,0,,,,,,"",""
ball,2,104.6,Canterbury,TD Astle,CD Fletcher,NG Smith,0,0,,,,,,"",""
ball,2,105.1,Canterbury,CD Fletcher,TD Astle,C Viljoen,0,0,,,,,,"",""
ball,2,105.2,Canterbury,CD Fletcher,TD Astle,C Viljoen,0,0,,,,,,"",""
ball,2,105.3,Canterbury,CD Fletcher,TD Astle,C Viljoen,0,0,,,,,,"",""
ball,2,105.4,Canterbury,CD Fletcher,TD Astle,C Viljoen,0,0,,,,,,"",""
ball,2,105.5,Canterbury,CD Fletcher,TD Astle,C Viljoen,4,0,,,,,,"",""
ball,2,105.6,Canterbury,CD Fletcher,TD Astle,C Viljoen,0,0,,,,,,"",""
ball,2,106.1,Canterbury,TD Astle,CD Fletcher,NG Smith,0,0,,,,,,"",""
ball,2,106.2,Canterbury,TD Astle,CD Fletcher,NG Smith,0,0,,,,,,"",""
ball,2,106.3,Canterbury,TD Astle,CD Fletcher,NG Smith,0,0,,,,,,"",""
ball,2,106.4,Canterbury,TD Astle,CD Fletcher,NG Smith,0,0,,,,,,"",""
ball,2,106.5,Canterbury,TD Astle,CD Fletcher,NG Smith,0,0,,,,,,"",""
ball,2,106.6,Canterbury,TD Astle,CD Fletcher,NG Smith,0,0,,,,,,"",""
ball,2,107.1,Canterbury,CD Fletcher,TD Astle,C Viljoen,0,0,,,,,,"",""
ball,2,107.2,Canterbury,CD Fletcher,TD Astle,C Viljoen,0,0,,,,,,"",""
ball,2,107.3,Canterbury,CD Fletcher,TD Astle,C Viljoen,4,0,,,,,,"",""
ball,2,107.4,Canterbury,CD Fletcher,TD Astle,C Viljoen,0,0,,,,,,"",""
ball,2,107.5,Canterbury,CD Fletcher,TD Astle,C Viljoen,1,0,,,,,,"",""
ball,2,107.6,Canterbury,TD Astle,CD Fletcher,C Viljoen,0,0,,,,,,"",""
ball,2,108.1,Canterbury,CD Fletcher,TD Astle,NG Smith,0,0,,,,,,"",""
ball,2,108.2,Canterbury,CD Fletcher,TD Astle,NG Smith,0,0,,,,,,"",""
ball,2,108.3,Canterbury,CD Fletcher,TD Astle,NG Smith,0,0,,,,,,"",""
ball,2,108.4,Canterbury,CD Fletcher,TD Astle,NG Smith,0,0,,,,,,"",""
ball,2,108.5,Canterbury,CD Fletcher,TD Astle,NG Smith,0,0,,,,,,"",""
ball,2,108.6,Canterbury,CD Fletcher,TD Astle,NG Smith,0,0,,,,,,"",""
ball,2,109.1,Canterbury,TD Astle,CD Fletcher,C Viljoen,4,0,,,,,,"",""
ball,2,109.2,Canterbury,TD Astle,CD Fletcher,C Viljoen,0,0,,,,,,"",""
ball,2,109.3,Canterbury,TD Astle,CD Fletcher,C Viljoen,0,0,,,,,,"",""
ball,2,109.4,Canterbury,TD Astle,CD Fletcher,C Viljoen,0,0,,,,,,"",""
ball,2,109.5,Canterbury,TD Astle,CD Fletcher,C Viljoen,0,0,,,,,,"",""
ball,2,109.6,Canterbury,TD Astle,CD Fletcher,C Viljoen,0,0,,,,,,"",""
ball,2,110.1,Canterbury,CD Fletcher,TD Astle,NG Smith,0,0,,,,,,"",""
ball,2,110.2,Canterbury,CD Fletcher,TD Astle,NG Smith,0,1,,,1,,,"",""
ball,2,110.3,Canterbury,TD Astle,CD Fletcher,NG Smith,0,0,,,,,,bowled,TD Astle
ball,2,110.4,Canterbury,HB Shipley,CD Fletcher,NG Smith,1,0,,,,,,"",""
ball,2,110.5,Canterbury,CD Fletcher,HB Shipley,NG Smith,2,0,,,,,,"",""
ball,2,110.6,Canterbury,CD Fletcher,HB Shipley,NG Smith,0,0,,,,,,"",""
ball,2,111.1,Canterbury,HB Shipley,CD Fletcher,C Viljoen,1,0,,,,,,"",""
ball,2,111.2,Canterbury,CD Fletcher,HB Shipley,C Viljoen,0,0,,,,,,bowled,CD Fletcher
ball,2,111.3,Canterbury,LV van Beek,HB Shipley,C Viljoen,0,1,,,,1,,"",""
ball,2,111.4,Canterbury,HB Shipley,LV van Beek,C Viljoen,0,0,,,,,,"",""
ball,2,111.5,Canterbury,HB Shipley,LV van Beek,C Viljoen,6,0,,,,,,"",""
ball,2,111.6,Canterbury,HB Shipley,LV van Beek,C Viljoen,4,0,,,,,,"",""
ball,2,112.1,Canterbury,LV van Beek,HB Shipley,NG Smith,0,0,,,,,,"",""
ball,2,112.2,Canterbury,LV van Beek,HB Shipley,NG Smith,4,0,,,,,,"",""
ball,2,112.3,Canterbury,LV van Beek,HB Shipley,NG Smith,0,0,,,,,,"",""
ball,2,112.4,Canterbury,LV van Beek,HB Shipley,NG Smith,0,0,,,,,,"",""
ball,2,112.5,Canterbury,LV van Beek,HB Shipley,NG Smith,4,0,,,,,,"",""
ball,2,112.6,Canterbury,LV van Beek,HB Shipley,NG Smith,6,0,,,,,,"",""
ball,2,113.1,Canterbury,HB Shipley,LV van Beek,MD Rae,0,0,,,,,,"",""
ball,2,113.2,Canterbury,HB Shipley,LV van Beek,MD Rae,0,1,1,,,,,"",""
ball,2,113.3,Canterbury,HB Shipley,LV van Beek,MD Rae,0,0,,,,,,"",""
ball,2,113.4,Canterbury,HB Shipley,LV van Beek,MD Rae,6,0,,,,,,"",""
ball,2,113.5,Canterbury,HB Shipley,LV van Beek,MD Rae,0,0,,,,,,caught,HB Shipley
ball,3,0.1,Otago Volts,BS Wilson,MJG Rippon,HB Shipley,0,0,,,,,,"",""
ball,3,0.2,Otago Volts,BS Wilson,MJG Rippon,HB Shipley,0,0,,,,,,"",""
ball,3,0.3,Otago Volts,BS Wilson,MJG Rippon,HB Shipley,0,0,,,,,,"",""
ball,3,0.4,Otago Volts,BS Wilson,MJG Rippon,HB Shipley,0,0,,,,,,"",""
ball,3,0.5,Otago Volts,BS Wilson,MJG Rippon,HB Shipley,0,0,,,,,,"",""
ball,3,0.6,Otago Volts,BS Wilson,MJG Rippon,HB Shipley,0,0,,,,,,"",""
ball,3,1.1,Otago Volts,MJG Rippon,BS Wilson,WSA Williams,2,0,,,,,,"",""
ball,3,1.2,Otago Volts,MJG Rippon,BS Wilson,WSA Williams,0,0,,,,,,"",""
ball,3,1.3,Otago Volts,MJG Rippon,BS Wilson,WSA Williams,0,0,,,,,,"",""
ball,3,1.4,Otago Volts,MJG Rippon,BS Wilson,WSA Williams,1,0,,,,,,"",""
ball,3,1.5,Otago Volts,BS Wilson,MJG Rippon,WSA Williams,0,0,,,,,,"",""
ball,3,1.6,Otago Volts,BS Wilson,MJG Rippon,WSA Williams,1,0,,,,,,"",""
ball,3,2.1,Otago Volts,BS Wilson,MJG Rippon,LV van Beek,0,0,,,,,,"",""
ball,3,2.2,Otago Volts,BS Wilson,MJG Rippon,LV van Beek,0,0,,,,,,"",""
ball,3,2.3,Otago Volts,BS Wilson,MJG Rippon,LV van Beek,0,0,,,,,,"",""
ball,3,2.4,Otago Volts,BS Wilson,MJG Rippon,LV van Beek,1,0,,,,,,"",""
ball,3,2.5,Otago Volts,MJG Rippon,BS Wilson,LV van Beek,0,0,,,,,,"",""
ball,3,2.6,Otago Volts,MJG Rippon,BS Wilson,LV van Beek,0,0,,,,,,"",""
ball,3,3.1,Otago Volts,BS Wilson,MJG Rippon,WSA Williams,0,0,,,,,,"",""
ball,3,3.2,Otago Volts,BS Wilson,MJG Rippon,WSA Williams,0,0,,,,,,"",""
ball,3,3.3,Otago Volts,BS Wilson,MJG Rippon,WSA Williams,0,0,,,,,,"",""
ball,3,3.4,Otago Volts,BS Wilson,MJG Rippon,WSA Williams,1,0,,,,,,"",""
ball,3,3.5,Otago Volts,MJG Rippon,BS Wilson,WSA Williams,0,0,,,,,,"",""
ball,3,3.6,Otago Volts,MJG Rippon,BS Wilson,WSA Williams,0,0,,,,,,"",""
ball,3,4.1,Otago Volts,BS Wilson,MJG Rippon,LV van Beek,0,0,,,,,,"",""
ball,3,4.2,Otago Volts,BS Wilson,MJG Rippon,LV van Beek,0,0,,,,,,"",""
ball,3,4.3,Otago Volts,BS Wilson,MJG Rippon,LV van Beek,0,0,,,,,,"",""
ball,3,4.4,Otago Volts,BS Wilson,MJG Rippon,LV van Beek,4,0,,,,,,"",""
ball,3,4.5,Otago Volts,BS Wilson,MJG Rippon,LV van Beek,0,0,,,,,,"",""
ball,3,4.6,Otago Volts,BS Wilson,MJG Rippon,LV van Beek,0,0,,,,,,bowled,BS Wilson
ball,3,5.1,Otago Volts,MJG Rippon,MG Bracewell,WSA Williams,0,0,,,,,,"",""
ball,3,5.2,Otago Volts,MJG Rippon,MG Bracewell,WSA Williams,0,0,,,,,,"",""
ball,3,5.3,Otago Volts,MJG Rippon,MG Bracewell,WSA Williams,0,1,1,,,,,"",""
ball,3,5.4,Otago Volts,MJG Rippon,MG Bracewell,WSA Williams,0,1,1,,,,,"",""
ball,3,5.5,Otago Volts,MJG Rippon,MG Bracewell,WSA Williams,0,4,,,,4,,"",""
ball,3,5.6,Otago Volts,MJG Rippon,MG Bracewell,WSA Williams,0,0,,,,,,"",""
ball,3,5.7,Otago Volts,MJG Rippon,MG Bracewell,WSA Williams,0,0,,,,,,"",""
ball,3,5.8,Otago Volts,MJG Rippon,MG Bracewell,WSA Williams,1,0,,,,,,"",""
ball,3,6.1,Otago Volts,MJG Rippon,MG Bracewell,LV van Beek,0,0,,,,,,"",""
ball,3,6.2,Otago Volts,MJG Rippon,MG Bracewell,LV van Beek,0,0,,,,,,"",""
ball,3,6.3,Otago Volts,MJG Rippon,MG Bracewell,LV van Beek,0,0,,,,,,"",""
ball,3,6.4,Otago Volts,MJG Rippon,MG Bracewell,LV van Beek,0,0,,,,,,"",""
ball,3,6.5,Otago Volts,MJG Rippon,MG Bracewell,LV van Beek,0,0,,,,,,"",""
ball,3,6.6,Otago Volts,MJG Rippon,MG Bracewell,LV van Beek,0,0,,,,,,"",""
ball,3,7.1,Otago Volts,MG Bracewell,MJG Rippon,WSA Williams,0,0,,,,,,"",""
ball,3,7.2,Otago Volts,MG Bracewell,MJG Rippon,WSA Williams,0,0,,,,,,"",""
ball,3,7.3,Otago Volts,MG Bracewell,MJG Rippon,WSA Williams,0,0,,,,,,"",""
ball,3,7.4,Otago Volts,MG Bracewell,MJG Rippon,WSA Williams,0,0,,,,,,"",""
ball,3,7.5,Otago Volts,MG Bracewell,MJG Rippon,WSA Williams,1,0,,,,,,"",""
ball,3,7.6,Otago Volts,MJG Rippon,MG Bracewell,WSA Williams,0,0,,,,,,"",""
ball,3,8.1,Otago Volts,MG Bracewell,MJG Rippon,LV van Beek,0,0,,,,,,"",""
ball,3,8.2,Otago Volts,MG Bracewell,MJG Rippon,LV van Beek,0,0,,,,,,"",""
ball,3,8.3,Otago Volts,MG Bracewell,MJG Rippon,LV van Beek,0,0,,,,,,"",""
ball,3,8.4,Otago Volts,MG Bracewell,MJG Rippon,LV van Beek,0,0,,,,,,"",""
ball,3,8.5,Otago Volts,MG Bracewell,MJG Rippon,LV van Beek,0,0,,,,,,"",""
ball,3,8.6,Otago Volts,MG Bracewell,MJG Rippon,LV van Beek,0,0,,,,,,bowled,MG Bracewell
ball,3,9.1,Otago Volts,MJG Rippon,SW Eathorne,AM Ellis,0,0,,,,,,"",""
ball,3,9.2,Otago Volts,MJG Rippon,SW Eathorne,AM Ellis,4,0,,,,,,"",""
ball,3,9.3,Otago Volts,MJG Rippon,SW Eathorne,AM Ellis,0,0,,,,,,"",""
ball,3,9.4,Otago Volts,MJG Rippon,SW Eathorne,AM Ellis,0,0,,,,,,"",""
ball,3,9.5,Otago Volts,MJG Rippon,SW Eathorne,AM Ellis,0,0,,,,,,"",""
ball,3,9.6,Otago Volts,MJG Rippon,SW Eathorne,AM Ellis,0,0,,,,,,"",""
ball,3,10.1,Otago Volts,SW Eathorne,MJG Rippon,LV van Beek,2,0,,,,,,"",""
ball,3,10.2,Otago Volts,SW Eathorne,MJG Rippon,LV van Beek,0,0,,,,,,"",""
ball,3,10.3,Otago Volts,SW Eathorne,MJG Rippon,LV van Beek,0,0,,,,,,"",""
ball,3,10.4,Otago Volts,SW Eathorne,MJG Rippon,LV van Beek,0,1,,1,,,,"",""
ball,3,10.5,Otago Volts,SW Eathorne,MJG Rippon,LV van Beek,0,0,,,,,,"",""
ball,3,10.6,Otago Volts,SW Eathorne,MJG Rippon,LV van Beek,0,0,,,,,,"",""
ball,3,10.7,Otago Volts,SW Eathorne,MJG Rippon,LV van Beek,0,0,,,,,,"",""
ball,3,11.1,Otago Volts,MJG Rippon,SW Eathorne,AM Ellis,0,0,,,,,,"",""
ball,3,11.2,Otago Volts,MJG Rippon,SW Eathorne,AM Ellis,0,0,,,,,,"",""
ball,3,11.3,Otago Volts,MJG Rippon,SW Eathorne,AM Ellis,0,0,,,,,,"",""
ball,3,11.4,Otago Volts,MJG Rippon,SW Eathorne,AM Ellis,0,0,,,,,,"",""
ball,3,11.5,Otago Volts,MJG Rippon,SW Eathorne,AM Ellis,0,0,,,,,,"",""
ball,3,11.6,Otago Volts,MJG Rippon,SW Eathorne,AM Ellis,0,0,,,,,,"",""
ball,3,12.1,Otago Volts,SW Eathorne,MJG Rippon,LV van Beek,0,0,,,,,,"",""
ball,3,12.2,Otago Volts,SW Eathorne,MJG Rippon,LV van Beek,2,0,,,,,,"",""
ball,3,12.3,Otago Volts,SW Eathorne,MJG Rippon,LV van Beek,0,0,,,,,,"",""
ball,3,12.4,Otago Volts,SW Eathorne,MJG Rippon,LV van Beek,0,0,,,,,,"",""
ball,3,12.5,Otago Volts,SW Eathorne,MJG Rippon,LV van Beek,0,0,,,,,,"",""
ball,3,12.6,Otago Volts,SW Eathorne,MJG Rippon,LV van Beek,0,0,,,,,,caught,SW Eathorne
ball,3,13.1,Otago Volts,MJG Rippon,DC de Boorder,AM Ellis,0,0,,,,,,"",""
ball,3,13.2,Otago Volts,MJG Rippon,DC de Boorder,AM Ellis,0,0,,,,,,"",""
ball,3,13.3,Otago Volts,MJG Rippon,DC de Boorder,AM Ellis,4,0,,,,,,"",""
ball,3,13.4,Otago Volts,MJG Rippon,DC de Boorder,AM Ellis,0,0,,,,,,"",""
ball,3,13.5,Otago Volts,MJG Rippon,DC de Boorder,AM Ellis,0,0,,,,,,"",""
ball,3,13.6,Otago Volts,MJG Rippon,DC de Boorder,AM Ellis,1,0,,,,,,"",""
ball,3,14.1,Otago Volts,MJG Rippon,DC de Boorder,LV van Beek,0,0,,,,,,"",""
ball,3,14.2,Otago Volts,MJG Rippon,DC de Boorder,LV van Beek,0,0,,,,,,"",""
ball,3,14.3,Otago Volts,MJG Rippon,DC de Boorder,LV van Beek,0,0,,,,,,"",""
ball,3,14.4,Otago Volts,MJG Rippon,DC de Boorder,LV van Beek,0,0,,,,,,"",""
ball,3,14.5,Otago Volts,MJG Rippon,DC de Boorder,LV van Beek,1,1,,1,,,,"",""
ball,3,14.6,Otago Volts,DC de Boorder,MJG Rippon,LV van Beek,3,0,,,,,,"",""
ball,3,14.7,Otago Volts,MJG Rippon,DC de Boorder,LV van Beek,0,0,,,,,,"",""
ball,3,15.1,Otago Volts,DC de Boorder,MJG Rippon,WSA Williams,0,0,,,,,,"",""
ball,3,15.2,Otago Volts,DC de Boorder,MJG Rippon,WSA Williams,0,0,,,,,,"",""
ball,3,15.3,Otago Volts,DC de Boorder,MJG Rippon,WSA Williams,0,0,,,,,,"",""
ball,3,15.4,Otago Volts,DC de Boorder,MJG Rippon,WSA Williams,0,0,,,,,,"",""
ball,3,15.5,Otago Volts,DC de Boorder,MJG Rippon,WSA Williams,0,0,,,,,,"",""
ball,3,15.6,Otago Volts,DC de Boorder,MJG Rippon,WSA Williams,4,0,,,,,,"",""
ball,3,16.1,Otago Volts,MJG Rippon,DC de Boorder,AM Ellis,1,0,,,,,,"",""
ball,3,16.2,Otago Volts,DC de Boorder,MJG Rippon,AM Ellis,0,0,,,,,,"",""
ball,3,16.3,Otago Volts,DC de Boorder,MJG Rippon,AM Ellis,0,0,,,,,,"",""
ball,3,16.4,Otago Volts,DC de Boorder,MJG Rippon,AM Ellis,0,0,,,,,,"",""
ball,3,16.5,Otago Volts,DC de Boorder,MJG Rippon,AM Ellis,0,0,,,,,,"",""
ball,3,16.6,Otago Volts,DC de Boorder,MJG Rippon,AM Ellis,0,0,,,,,,"",""
ball,3,17.1,Otago Volts,MJG Rippon,DC de Boorder,WSA Williams,0,0,,,,,,"",""
ball,3,17.2,Otago Volts,MJG Rippon,DC de Boorder,WSA Williams,1,0,,,,,,"",""
ball,3,17.3,Otago Volts,DC de Boorder,MJG Rippon,WSA Williams,0,0,,,,,,"",""
ball,3,17.4,Otago Volts,DC de Boorder,MJG Rippon,WSA Williams,0,0,,,,,,"",""
ball,3,17.5,Otago Volts,DC de Boorder,MJG Rippon,WSA Williams,0,0,,,,,,"",""
ball,3,17.6,Otago Volts,DC de Boorder,MJG Rippon,WSA Williams,0,0,,,,,,"",""
ball,3,18.1,Otago Volts,MJG Rippon,DC de Boorder,AM Ellis,0,0,,,,,,"",""
ball,3,18.2,Otago Volts,MJG Rippon,DC de Boorder,AM Ellis,0,0,,,,,,"",""
ball,3,18.3,Otago Volts,MJG Rippon,DC de Boorder,AM Ellis,1,0,,,,,,"",""
ball,3,18.4,Otago Volts,DC de Boorder,MJG Rippon,AM Ellis,0,0,,,,,,"",""
ball,3,18.5,Otago Volts,DC de Boorder,MJG Rippon,AM Ellis,0,0,,,,,,"",""
ball,3,18.6,Otago Volts,DC de Boorder,MJG Rippon,AM Ellis,0,0,,,,,,"",""
ball,3,19.1,Otago Volts,MJG Rippon,DC de Boorder,WSA Williams,0,0,,,,,,"",""
ball,3,19.2,Otago Volts,MJG Rippon,DC de Boorder,WSA Williams,4,0,,,,,,"",""
ball,3,19.3,Otago Volts,MJG Rippon,DC de Boorder,WSA Williams,0,0,,,,,,"",""
ball,3,19.4,Otago Volts,MJG Rippon,DC de Boorder,WSA Williams,1,0,,,,,,"",""
ball,3,19.5,Otago Volts,DC de Boorder,MJG Rippon,WSA Williams,0,0,,,,,,"",""
ball,3,19.6,Otago Volts,DC de Boorder,MJG Rippon,WSA Williams,0,0,,,,,,"",""
ball,3,20.1,Otago Volts,MJG Rippon,DC de Boorder,AM Ellis,1,0,,,,,,"",""
ball,3,20.2,Otago Volts,DC de Boorder,MJG Rippon,AM Ellis,0,0,,,,,,"",""
ball,3,20.3,Otago Volts,DC de Boorder,MJG Rippon,AM Ellis,0,0,,,,,,"",""
ball,3,20.4,Otago Volts,DC de Boorder,MJG Rippon,AM Ellis,4,0,,,,,,"",""
ball,3,20.5,Otago Volts,DC de Boorder,MJG Rippon,AM Ellis,1,0,,,,,,"",""
ball,3,20.6,Otago Volts,MJG Rippon,DC de Boorder,AM Ellis,0,0,,,,,,"",""
ball,3,21.1,Otago Volts,DC de Boorder,MJG Rippon,WSA Williams,0,0,,,,,,"",""
ball,3,21.2,Otago Volts,DC de Boorder,MJG Rippon,WSA Williams,0,2,,,,2,,"",""
ball,3,21.3,Otago Volts,DC de Boorder,MJG Rippon,WSA Williams,0,0,,,,,,"",""
ball,3,21.4,Otago Volts,DC de Boorder,MJG Rippon,WSA Williams,0,0,,,,,,"",""
ball,3,21.5,Otago Volts,DC de Boorder,MJG Rippon,WSA Williams,0,0,,,,,,"",""
ball,3,21.6,Otago Volts,DC de Boorder,MJG Rippon,WSA Williams,0,0,,,,,,"",""
ball,3,22.1,Otago Volts,MJG Rippon,DC de Boorder,TD Astle,0,0,,,,,,"",""
ball,3,22.2,Otago Volts,MJG Rippon,DC de Boorder,TD Astle,0,0,,,,,,"",""
ball,3,22.3,Otago Volts,MJG Rippon,DC de Boorder,TD Astle,1,0,,,,,,"",""
ball,3,22.4,Otago Volts,DC de Boorder,MJG Rippon,TD Astle,0,0,,,,,,"",""
ball,3,22.5,Otago Volts,DC de Boorder,MJG Rippon,TD Astle,0,0,,,,,,"",""
ball,3,22.6,Otago Volts,DC de Boorder,MJG Rippon,TD Astle,3,0,,,,,,"",""
ball,3,23.1,Otago Volts,DC de Boorder,MJG Rippon,AM Ellis,0,0,,,,,,"",""
ball,3,23.2,Otago Volts,DC de Boorder,MJG Rippon,AM Ellis,0,0,,,,,,"",""
ball,3,23.3,Otago Volts,DC de Boorder,MJG Rippon,AM Ellis,0,0,,,,,,"",""
ball,3,23.4,Otago Volts,DC de Boorder,MJG Rippon,AM Ellis,0,0,,,,,,"",""
ball,3,23.5,Otago Volts,DC de Boorder,MJG Rippon,AM Ellis,0,0,,,,,,"",""
ball,3,23.6,Otago Volts,DC de Boorder,MJG Rippon,AM Ellis,4,0,,,,,,"",""
ball,3,24.1,Otago Volts,MJG Rippon,DC de Boorder,TD Astle,0,1,,,,1,,"",""
ball,3,24.2,Otago Volts,DC de Boorder,MJG Rippon,TD Astle,0,0,,,,,,"",""
ball,3,24.3,Otago Volts,DC de Boorder,MJG Rippon,TD Astle,0,0,,,,,,"",""
ball,3,24.4,Otago Volts,DC de Boorder,MJG Rippon,TD Astle,0,0,,,,,,"",""
ball,3,24.5,Otago Volts,DC de Boorder,MJG Rippon,TD Astle,1,0,,,,,,"",""
ball,3,24.6,Otago Volts,MJG Rippon,DC de Boorder,TD Astle,0,0,,,,,,"",""
ball,3,25.1,Otago Volts,DC de Boorder,MJG Rippon,AM Ellis,0,0,,,,,,"",""
ball,3,25.2,Otago Volts,DC de Boorder,MJG Rippon,AM Ellis,3,0,,,,,,"",""
ball,3,25.3,Otago Volts,MJG Rippon,DC de Boorder,AM Ellis,3,0,,,,,,"",""
ball,3,25.4,Otago Volts,DC de Boorder,MJG Rippon,AM Ellis,0,0,,,,,,"",""
ball,3,25.5,Otago Volts,DC de Boorder,MJG Rippon,AM Ellis,0,0,,,,,,"",""
ball,3,25.6,Otago Volts,DC de Boorder,MJG Rippon,AM Ellis,0,0,,,,,,"",""
ball,3,26.1,Otago Volts,MJG Rippon,DC de Boorder,TD Astle,0,0,,,,,,"",""
ball,3,26.2,Otago Volts,MJG Rippon,DC de Boorder,TD Astle,0,0,,,,,,"",""
ball,3,26.3,Otago Volts,MJG Rippon,DC de Boorder,TD Astle,0,0,,,,,,"",""
ball,3,26.4,Otago Volts,MJG Rippon,DC de Boorder,TD Astle,1,0,,,,,,"",""
ball,3,26.5,Otago Volts,DC de Boorder,MJG Rippon,TD Astle,0,0,,,,,,"",""
ball,3,26.6,Otago Volts,DC de Boorder,MJG Rippon,TD Astle,4,0,,,,,,"",""
ball,3,27.1,Otago Volts,MJG Rippon,DC de Boorder,AM Ellis,0,0,,,,,,"",""
ball,3,27.2,Otago Volts,MJG Rippon,DC de Boorder,AM Ellis,0,0,,,,,,"",""
ball,3,27.3,Otago Volts,MJG Rippon,DC de Boorder,AM Ellis,0,0,,,,,,"",""
ball,3,27.4,Otago Volts,MJG Rippon,DC de Boorder,AM Ellis,3,0,,,,,,"",""
ball,3,27.5,Otago Volts,DC de Boorder,MJG Rippon,AM Ellis,0,0,,,,,,"",""
ball,3,27.6,Otago Volts,DC de Boorder,MJG Rippon,AM Ellis,0,0,,,,,,"",""
ball,3,28.1,Otago Volts,MJG Rippon,DC de Boorder,TD Astle,0,0,,,,,,"",""
ball,3,28.2,Otago Volts,MJG Rippon,DC de Boorder,TD Astle,0,0,,,,,,"",""
ball,3,28.3,Otago Volts,MJG Rippon,DC de Boorder,TD Astle,0,0,,,,,,"",""
ball,3,28.4,Otago Volts,MJG Rippon,DC de Boorder,TD Astle,1,0,,,,,,"",""
ball,3,28.5,Otago Volts,DC de Boorder,MJG Rippon,TD Astle,1,0,,,,,,"",""
ball,3,28.6,Otago Volts,MJG Rippon,DC de Boorder,TD Astle,0,0,,,,,,"",""
ball,3,29.1,Otago Volts,DC de Boorder,MJG Rippon,AM Ellis,0,0,,,,,,"",""
ball,3,29.2,Otago Volts,DC de Boorder,MJG Rippon,AM Ellis,1,0,,,,,,"",""
ball,3,29.3,Otago Volts,MJG Rippon,DC de Boorder,AM Ellis,0,0,,,,,,"",""
ball,3,29.4,Otago Volts,MJG Rippon,DC de Boorder,AM Ellis,0,0,,,,,,"",""
ball,3,29.5,Otago Volts,MJG Rippon,DC de Boorder,AM Ellis,1,0,,,,,,"",""
ball,3,29.6,Otago Volts,DC de Boorder,MJG Rippon,AM Ellis,0,0,,,,,,"",""
ball,3,30.1,Otago Volts,MJG Rippon,DC de Boorder,LV van Beek,2,0,,,,,,"",""
ball,3,30.2,Otago Volts,MJG Rippon,DC de Boorder,LV van Beek,0,0,,,,,,"",""
ball,3,30.3,Otago Volts,MJG Rippon,DC de Boorder,LV van Beek,0,0,,,,,,"",""
ball,3,30.4,Otago Volts,MJG Rippon,DC de Boorder,LV van Beek,1,0,,,,,,"",""
ball,3,30.5,Otago Volts,DC de Boorder,MJG Rippon,LV van Beek,0,0,,,,,,"",""
ball,3,30.6,Otago Volts,DC de Boorder,MJG Rippon,LV van Beek,0,0,,,,,,"",""
ball,3,31.1,Otago Volts,MJG Rippon,DC de Boorder,TD Astle,2,0,,,,,,"",""
ball,3,31.2,Otago Volts,MJG Rippon,DC de Boorder,TD Astle,0,0,,,,,,"",""
ball,3,31.3,Otago Volts,MJG Rippon,DC de Boorder,TD Astle,0,0,,,,,,"",""
ball,3,31.4,Otago Volts,MJG Rippon,DC de Boorder,TD Astle,0,0,,,,,,"",""
ball,3,31.5,Otago Volts,MJG Rippon,DC de Boorder,TD Astle,0,0,,,,,,"",""
ball,3,31.6,Otago Volts,MJG Rippon,DC de Boorder,TD Astle,0,0,,,,,,"",""
ball,3,32.1,Otago Volts,DC de Boorder,MJG Rippon,LV van Beek,0,0,,,,,,"",""
ball,3,32.2,Otago Volts,DC de Boorder,MJG Rippon,LV van Beek,0,0,,,,,,"",""
ball,3,32.3,Otago Volts,DC de Boorder,MJG Rippon,LV van Beek,1,0,,,,,,"",""
ball,3,32.4,Otago Volts,MJG Rippon,DC de Boorder,LV van Beek,0,0,,,,,,"",""
ball,3,32.5,Otago Volts,MJG Rippon,DC de Boorder,LV van Beek,0,0,,,,,,"",""
ball,3,32.6,Otago Volts,MJG Rippon,DC de Boorder,LV van Beek,2,0,,,,,,"",""
ball,3,33.1,Otago Volts,DC de Boorder,MJG Rippon,TD Astle,0,0,,,,,,"",""
ball,3,33.2,Otago Volts,DC de Boorder,MJG Rippon,TD Astle,0,0,,,,,,"",""
ball,3,33.3,Otago Volts,DC de Boorder,MJG Rippon,TD Astle,0,0,,,,,,"",""
ball,3,33.4,Otago Volts,DC de Boorder,MJG Rippon,TD Astle,2,0,,,,,,"",""
ball,3,33.5,Otago Volts,DC de Boorder,MJG Rippon,TD Astle,2,0,,,,,,"",""
ball,3,33.6,Otago Volts,DC de Boorder,MJG Rippon,TD Astle,0,0,,,,,,"",""
ball,3,34.1,Otago Volts,MJG Rippon,DC de Boorder,LV van Beek,1,0,,,,,,"",""
ball,3,34.2,Otago Volts,DC de Boorder,MJG Rippon,LV van Beek,0,0,,,,,,"",""
ball,3,34.3,Otago Volts,DC de Boorder,MJG Rippon,LV van Beek,0,0,,,,,,"",""
ball,3,34.4,Otago Volts,DC de Boorder,MJG Rippon,LV van Beek,0,0,,,,,,"",""
ball,3,34.5,Otago Volts,DC de Boorder,MJG Rippon,LV van Beek,0,0,,,,,,"",""
ball,3,34.6,Otago Volts,DC de Boorder,MJG Rippon,LV van Beek,0,1,,1,,,,"",""
ball,3,34.7,Otago Volts,DC de Boorder,MJG Rippon,LV van Beek,0,0,,,,,,"",""
ball,3,35.1,Otago Volts,MJG Rippon,DC de Boorder,TD Astle,0,0,,,,,,"",""
ball,3,35.2,Otago Volts,MJG Rippon,DC de Boorder,TD Astle,0,0,,,,,,lbw,MJG Rippon
ball,3,35.3,Otago Volts,AK Kitchen,DC de Boorder,TD Astle,1,0,,,,,,"",""
ball,3,35.4,Otago Volts,DC de Boorder,AK Kitchen,TD Astle,0,0,,,,,,"",""
ball,3,35.5,Otago Volts,DC de Boorder,AK Kitchen,TD Astle,0,0,,,,,,"",""
ball,3,35.6,Otago Volts,DC de Boorder,AK Kitchen,TD Astle,0,0,,,,,,"",""
ball,3,36.1,Otago Volts,AK Kitchen,DC de Boorder,LV van Beek,1,0,,,,,,"",""
ball,3,36.2,Otago Volts,DC de Boorder,AK Kitchen,LV van Beek,0,1,1,,,,,"",""
ball,3,36.3,Otago Volts,DC de Boorder,AK Kitchen,LV van Beek,1,0,,,,,,"",""
ball,3,36.4,Otago Volts,AK Kitchen,DC de Boorder,LV van Beek,0,0,,,,,,caught,AK Kitchen
ball,3,36.5,Otago Volts,SR Wells,DC de Boorder,LV van Beek,0,0,,,,,,"",""
ball,3,36.6,Otago Volts,SR Wells,DC de Boorder,LV van Beek,0,0,,,,,,"",""
ball,3,36.7,Otago Volts,SR Wells,DC de Boorder,LV van Beek,0,0,,,,,,"",""
ball,3,37.1,Otago Volts,DC de Boorder,SR Wells,AM Ellis,0,0,,,,,,"",""
ball,3,37.2,Otago Volts,DC de Boorder,SR Wells,AM Ellis,0,0,,,,,,"",""
ball,3,37.3,Otago Volts,DC de Boorder,SR Wells,AM Ellis,0,0,,,,,,"",""
ball,3,37.4,Otago Volts,DC de Boorder,SR Wells,AM Ellis,0,0,,,,,,"",""
ball,3,37.5,Otago Volts,DC de Boorder,SR Wells,AM Ellis,0,0,,,,,,"",""
ball,3,37.6,Otago Volts,DC de Boorder,SR Wells,AM Ellis,0,0,,,,,,"",""
ball,3,38.1,Otago Volts,SR Wells,DC de Boorder,LV van Beek,0,0,,,,,,"",""
ball,3,38.2,Otago Volts,SR Wells,DC de Boorder,LV van Beek,0,0,,,,,,"",""
ball,3,38.3,Otago Volts,SR Wells,DC de Boorder,LV van Beek,0,0,,,,,,"",""
ball,3,38.4,Otago Volts,SR Wells,DC de Boorder,LV van Beek,0,0,,,,,,"",""
ball,3,38.5,Otago Volts,SR Wells,DC de Boorder,LV van Beek,0,1,,1,,,,"",""
ball,3,38.6,Otago Volts,SR Wells,DC de Boorder,LV van Beek,0,0,,,,,,"",""
ball,3,38.7,Otago Volts,SR Wells,DC de Boorder,LV van Beek,0,0,,,,,,"",""
ball,3,39.1,Otago Volts,DC de Boorder,SR Wells,AM Ellis,0,0,,,,,,"",""
ball,3,39.2,Otago Volts,DC de Boorder,SR Wells,AM Ellis,0,0,,,,,,"",""
ball,3,39.3,Otago Volts,DC de Boorder,SR Wells,AM Ellis,0,0,,,,,,"",""
ball,3,39.4,Otago Volts,DC de Boorder,SR Wells,AM Ellis,0,1,1,,,,,"",""
ball,3,39.5,Otago Volts,DC de Boorder,SR Wells,AM Ellis,0,0,,,,,,"",""
ball,3,39.6,Otago Volts,DC de Boorder,SR Wells,AM Ellis,0,0,,,,,,"",""
ball,3,39.7,Otago Volts,DC de Boorder,SR Wells,AM Ellis,0,0,,,,,,"",""
ball,3,40.1,Otago Volts,SR Wells,DC de Boorder,LV van Beek,0,0,,,,,,bowled,SR Wells
ball,3,40.2,Otago Volts,C Viljoen,DC de Boorder,LV van Beek,0,0,,,,,,"",""
ball,3,40.3,Otago Volts,C Viljoen,DC de Boorder,LV van Beek,0,0,,,,,,"",""
ball,3,40.4,Otago Volts,C Viljoen,DC de Boorder,LV van Beek,0,0,,,,,,"",""
ball,3,40.5,Otago Volts,C Viljoen,DC de Boorder,LV van Beek,0,0,,,,,,"",""
ball,3,40.6,Otago Volts,C Viljoen,DC de Boorder,LV van Beek,3,0,,,,,,"",""
ball,3,41.1,Otago Volts,C Viljoen,DC de Boorder,AM Ellis,0,0,,,,,,"",""
ball,3,41.2,Otago Volts,C Viljoen,DC de Boorder,AM Ellis,0,0,,,,,,"",""
ball,3,41.3,Otago Volts,C Viljoen,DC de Boorder,AM Ellis,4,0,,,,,,"",""
ball,3,41.4,Otago Volts,C Viljoen,DC de Boorder,AM Ellis,0,0,,,,,,"",""
ball,3,41.5,Otago Volts,C Viljoen,DC de Boorder,AM Ellis,1,0,,,,,,"",""
ball,3,41.6,Otago Volts,DC de Boorder,C Viljoen,AM Ellis,0,0,,,,,,"",""
ball,3,42.1,Otago Volts,C Viljoen,DC de Boorder,LV van Beek,0,0,,,,,,"",""
ball,3,42.2,Otago Volts,C Viljoen,DC de Boorder,LV van Beek,4,0,,,,,,"",""
ball,3,42.3,Otago Volts,C Viljoen,DC de Boorder,LV van Beek,1,0,,,,,,"",""
ball,3,42.4,Otago Volts,DC de Boorder,C Viljoen,LV van Beek,0,0,,,,,,"",""
ball,3,42.5,Otago Volts,DC de Boorder,C Viljoen,LV van Beek,4,0,,,,,,"",""
ball,3,42.6,Otago Volts,DC de Boorder,C Viljoen,LV van Beek,0,0,,,,,,"",""
ball,3,43.1,Otago Volts,C Viljoen,DC de Boorder,AM Ellis,0,0,,,,,,"",""
ball,3,43.2,Otago Volts,C Viljoen,DC de Boorder,AM Ellis,3,0,,,,,,"",""
ball,3,43.3,Otago Volts,DC de Boorder,C Viljoen,AM Ellis,0,0,,,,,,"",""
ball,3,43.4,Otago Volts,DC de Boorder,C Viljoen,AM Ellis,0,0,,,,,,"",""
ball,3,43.5,Otago Volts,DC de Boorder,C Viljoen,AM Ellis,0,0,,,,,,"",""
ball,3,43.6,Otago Volts,DC de Boorder,C Viljoen,AM Ellis,0,0,,,,,,"",""
ball,3,44.1,Otago Volts,C Viljoen,DC de Boorder,LV van Beek,1,0,,,,,,"",""
ball,3,44.2,Otago Volts,DC de Boorder,C Viljoen,LV van Beek,0,0,,,,,,"",""
ball,3,44.3,Otago Volts,DC de Boorder,C Viljoen,LV van Beek,0,0,,,,,,"",""
ball,3,44.4,Otago Volts,DC de Boorder,C Viljoen,LV van Beek,0,0,,,,,,"",""
ball,3,44.5,Otago Volts,DC de Boorder,C Viljoen,LV van Beek,0,0,,,,,,"",""
ball,3,44.6,Otago Volts,DC de Boorder,C Viljoen,LV van Beek,0,0,,,,,,"",""
ball,3,45.1,Otago Volts,C Viljoen,DC de Boorder,AM Ellis,0,0,,,,,,"",""
ball,3,45.2,Otago Volts,C Viljoen,DC de Boorder,AM Ellis,0,0,,,,,,"",""
ball,3,45.3,Otago Volts,C Viljoen,DC de Boorder,AM Ellis,2,0,,,,,,"",""
ball,3,45.4,Otago Volts,C Viljoen,DC de Boorder,AM Ellis,1,0,,,,,,"",""
ball,3,45.5,Otago Volts,DC de Boorder,C Viljoen,AM Ellis,0,0,,,,,,"",""
ball,3,45.6,Otago Volts,DC de Boorder,C Viljoen,AM Ellis,0,0,,,,,,"",""
ball,3,46.1,Otago Volts,C Viljoen,DC de Boorder,TD Astle,1,0,,,,,,"",""
ball,3,46.2,Otago Volts,DC de Boorder,C Viljoen,TD Astle,4,0,,,,,,"",""
ball,3,46.3,Otago Volts,DC de Boorder,C Viljoen,TD Astle,1,0,,,,,,"",""
ball,3,46.4,Otago Volts,C Viljoen,DC de Boorder,TD Astle,0,0,,,,,,"",""
ball,3,46.5,Otago Volts,C Viljoen,DC de Boorder,TD Astle,0,0,,,,,,"",""
ball,3,46.6,Otago Volts,C Viljoen,DC de Boorder,TD Astle,0,0,,,,,,"",""
ball,3,47.1,Otago Volts,DC de Boorder,C Viljoen,AM Ellis,0,0,,,,,,"",""
ball,3,47.2,Otago Volts,DC de Boorder,C Viljoen,AM Ellis,0,0,,,,,,"",""
ball,3,47.3,Otago Volts,DC de Boorder,C Viljoen,AM Ellis,0,0,,,,,,"",""
ball,3,47.4,Otago Volts,DC de Boorder,C Viljoen,AM Ellis,0,0,,,,,,"",""
ball,3,47.5,Otago Volts,DC de Boorder,C Viljoen,AM Ellis,4,0,,,,,,"",""
ball,3,47.6,Otago Volts,DC de Boorder,C Viljoen,AM Ellis,0,0,,,,,,"",""
ball,3,48.1,Otago Volts,C Viljoen,DC de Boorder,TD Astle,0,0,,,,,,"",""
ball,3,48.2,Otago Volts,C Viljoen,DC de Boorder,TD Astle,0,0,,,,,,"",""
ball,3,48.3,Otago Volts,C Viljoen,DC de Boorder,TD Astle,6,0,,,,,,"",""
ball,3,48.4,Otago Volts,C Viljoen,DC de Boorder,TD Astle,0,0,,,,,,"",""
ball,3,48.5,Otago Volts,C Viljoen,DC de Boorder,TD Astle,2,0,,,,,,"",""
ball,3,48.6,Otago Volts,C Viljoen,DC de Boorder,TD Astle,0,0,,,,,,"",""
ball,3,49.1,Otago Volts,DC de Boorder,C Viljoen,AM Ellis,0,0,,,,,,"",""
ball,3,49.2,Otago Volts,DC de Boorder,C Viljoen,AM Ellis,0,0,,,,,,"",""
ball,3,49.3,Otago Volts,DC de Boorder,C Viljoen,AM Ellis,0,0,,,,,,"",""
ball,3,49.4,Otago Volts,DC de Boorder,C Viljoen,AM Ellis,0,0,,,,,,"",""
ball,3,49.5,Otago Volts,DC de Boorder,C Viljoen,AM Ellis,0,0,,,,,,"",""
ball,3,49.6,Otago Volts,DC de Boorder,C Viljoen,AM Ellis,0,0,,,,,,"",""
ball,3,50.1,Otago Volts,C Viljoen,DC de Boorder,TD Astle,0,0,,,,,,caught,C Viljoen
ball,3,50.2,Otago Volts,DC de Boorder,NG Smith,TD Astle,1,0,,,,,,"",""
ball,3,50.3,Otago Volts,NG Smith,DC de Boorder,TD Astle,0,1,,,1,,,"",""
ball,3,50.4,Otago Volts,DC de Boorder,NG Smith,TD Astle,1,0,,,,,,"",""
ball,3,50.5,Otago Volts,NG Smith,DC de Boorder,TD Astle,1,0,,,,,,"",""
ball,3,50.6,Otago Volts,DC de Boorder,NG Smith,TD Astle,0,0,,,,,,"",""
ball,3,51.1,Otago Volts,NG Smith,DC de Boorder,AM Ellis,0,0,,,,,,"",""
ball,3,51.2,Otago Volts,NG Smith,DC de Boorder,AM Ellis,1,0,,,,,,"",""
ball,3,51.3,Otago Volts,DC de Boorder,NG Smith,AM Ellis,0,0,,,,,,lbw,DC de Boorder
ball,3,51.4,Otago Volts,JA Duffy,NG Smith,AM Ellis,0,0,,,,,,"",""
ball,3,51.5,Otago Volts,JA Duffy,NG Smith,AM Ellis,0,0,,,,,,"",""
ball,3,51.6,Otago Volts,JA Duffy,NG Smith,AM Ellis,0,0,,,,,,"",""
ball,3,52.1,Otago Volts,NG Smith,JA Duffy,TD Astle,0,0,,,,,,"",""
ball,3,52.2,Otago Volts,NG Smith,JA Duffy,TD Astle,0,0,,,,,,"",""
ball,3,52.3,Otago Volts,NG Smith,JA Duffy,TD Astle,0,0,,,,,,"",""
ball,3,52.4,Otago Volts,NG Smith,JA Duffy,TD Astle,0,0,,,,,,"",""
ball,3,52.5,Otago Volts,NG Smith,JA Duffy,TD Astle,0,0,,,,,,"",""
ball,3,52.6,Otago Volts,NG Smith,JA Duffy,TD Astle,0,0,,,,,,"",""
ball,3,53.1,Otago Volts,JA Duffy,NG Smith,AM Ellis,4,0,,,,,,"",""
ball,3,53.2,Otago Volts,JA Duffy,NG Smith,AM Ellis,0,0,,,,,,"",""
ball,3,53.3,Otago Volts,JA Duffy,NG Smith,AM Ellis,0,0,,,,,,bowled,JA Duffy
ball,3,53.4,Otago Volts,MD Rae,NG Smith,AM Ellis,0,0,,,,,,"",""
ball,3,53.5,Otago Volts,MD Rae,NG Smith,AM Ellis,2,0,,,,,,"",""
ball,3,53.6,Otago Volts,MD Rae,NG Smith,AM Ellis,0,0,,,,,,"",""
ball,3,54.1,Otago Volts,NG Smith,MD Rae,TD Astle,0,0,,,,,,"",""
ball,3,54.2,Otago Volts,NG Smith,MD Rae,TD Astle,4,0,,,,,,"",""
ball,3,54.3,Otago Volts,NG Smith,MD Rae,TD Astle,0,0,,,,,,"",""
ball,3,54.4,Otago Volts,NG Smith,MD Rae,TD Astle,0,0,,,,,,"",""
ball,3,54.5,Otago Volts,NG Smith,MD Rae,TD Astle,0,0,,,,,,"",""
ball,3,54.6,Otago Volts,NG Smith,MD Rae,TD Astle,2,0,,,,,,"",""
ball,3,55.1,Otago Volts,MD Rae,NG Smith,AM Ellis,0,0,,,,,,"",""
ball,3,55.2,Otago Volts,MD Rae,NG Smith,AM Ellis,1,0,,,,,,"",""
ball,3,55.3,Otago Volts,NG Smith,MD Rae,AM Ellis,0,0,,,,,,"",""
ball,3,55.4,Otago Volts,NG Smith,MD Rae,AM Ellis,1,0,,,,,,"",""
ball,3,55.5,Otago Volts,MD Rae,NG Smith,AM Ellis,0,0,,,,,,"",""
ball,3,55.6,Otago Volts,MD Rae,NG Smith,AM Ellis,0,0,,,,,,"",""
ball,3,56.1,Otago Volts,NG Smith,MD Rae,TD Astle,0,0,,,,,,"",""
ball,3,56.2,Otago Volts,NG Smith,MD Rae,TD Astle,0,0,,,,,,"",""
ball,3,56.3,Otago Volts,NG Smith,MD Rae,TD Astle,1,0,,,,,,"",""
ball,3,56.4,Otago Volts,MD Rae,NG Smith,TD Astle,1,0,,,,,,"",""
ball,3,56.5,Otago Volts,NG Smith,MD Rae,TD Astle,0,0,,,,,,"",""
ball,3,56.6,Otago Volts,NG Smith,MD Rae,TD Astle,0,0,,,,,,"",""
ball,3,57.1,Otago Volts,MD Rae,NG Smith,LV van Beek,0,0,,,,,,"",""
ball,3,57.2,Otago Volts,MD Rae,NG Smith,LV van Beek,0,0,,,,,,"",""
ball,3,57.3,Otago Volts,MD Rae,NG Smith,LV van Beek,0,0,,,,,,"",""
ball,3,57.4,Otago Volts,MD Rae,NG Smith,LV van Beek,1,0,,,,,,"",""
ball,3,57.5,Otago Volts,NG Smith,MD Rae,LV van Beek,0,0,,,,,,"",""
ball,3,57.6,Otago Volts,NG Smith,MD Rae,LV van Beek,0,0,,,,,,"",""
ball,3,58.1,Otago Volts,MD Rae,NG Smith,TD Astle,0,0,,,,,,"",""
ball,3,58.2,Otago Volts,MD Rae,NG Smith,TD Astle,0,0,,,,,,"",""
ball,3,58.3,Otago Volts,MD Rae,NG Smith,TD Astle,1,0,,,,,,"",""
ball,3,58.4,Otago Volts,NG Smith,MD Rae,TD Astle,0,0,,,,,,"",""
ball,3,58.5,Otago Volts,NG Smith,MD Rae,TD Astle,1,0,,,,,,"",""
ball,3,58.6,Otago Volts,MD Rae,NG Smith,TD Astle,0,0,,,,,,"",""
ball,3,59.1,Otago Volts,NG Smith,MD Rae,LV van Beek,0,0,,,,,,"",""
ball,3,59.2,Otago Volts,NG Smith,MD Rae,LV van Beek,0,0,,,,,,"",""
ball,3,59.3,Otago Volts,NG Smith,MD Rae,LV van Beek,1,0,,,,,,"",""
ball,3,59.4,Otago Volts,MD Rae,NG Smith,LV van Beek,0,0,,,,,,"",""
ball,3,59.5,Otago Volts,MD Rae,NG Smith,LV van Beek,1,0,,,,,,"",""
ball,3,59.6,Otago Volts,NG Smith,MD Rae,LV van Beek,0,0,,,,,,"",""
ball,3,60.1,Otago Volts,MD Rae,NG Smith,TD Astle,0,0,,,,,,run out,MD Rae
