version,1.7.0
info,balls_per_over,6
info,team,Auckland Aces
info,team,Canterbury
info,gender,male
info,season,2017/18
info,date,2017/11/24
info,date,2017/11/25
info,date,2017/11/26
info,event,Plunket Shield
info,venue,Kennards Hire Community Oval
info,city,
info,toss_winner,Canterbury
info,toss_decision,field
info,umpire,A Mehrotra
info,umpire,JM Dempsey
info,match_referee,RA Dykes
info,winner,Auckland Aces
info,winner_runs,24
info,player,Auckland Aces,ML Guptill-Bunce
info,player,Auckland Aces,GD Phillips
info,player,Auckland Aces,RR O'Donnell
info,player,Auckland Aces,MJ Barry
info,player,Auckland Aces,MS Chapman
info,player,Auckland Aces,SM Solia
info,player,Auckland Aces,BJ Horne
info,player,Auckland Aces,MB McEwan
info,player,Auckland Aces,DK Ferns
info,player,Auckland Aces,BG Lister
info,player,Auckland Aces,RS Sandhu
info,player,Canterbury,MSJ Davidson
info,player,Canterbury,CJ Bowes
info,player,Canterbury,MA Pollard
info,player,Canterbury,LJ Carter
info,player,Canterbury,CE McConchie
info,player,Canterbury,AM Ellis
info,player,Canterbury,DR Sams
info,player,Canterbury,CD Fletcher
info,player,Canterbury,TG Johnston
info,player,Canterbury,WSA Williams
info,player,Canterbury,FW Sheat
info,registry,people,A Mehrotra,f336ff13
info,registry,people,AM Ellis,f987245c
info,registry,people,BG Lister,79f5bc26
info,registry,people,BJ Horne,5d99a16a
info,registry,people,CD Fletcher,4af9f5d4
info,registry,people,CE McConchie,d285acaf
info,registry,people,CJ Bowes,45df0e72
info,registry,people,DK Ferns,f28c7456
info,registry,people,DR Sams,caf69bf7
info,registry,people,FW Sheat,56d471f2
info,registry,people,GD Phillips,9a46c4e5
info,registry,people,JM Dempsey,153c9f33
info,registry,people,LJ Carter,dfb51f40
info,registry,people,MA Pollard,d3b84c59
info,registry,people,MB McEwan,b87fb772
info,registry,people,MJ Barry,8a6ba092
info,registry,people,ML Guptill-Bunce,9f86e380
info,registry,people,MS Chapman,7fa12533
info,registry,people,MSJ Davidson,3173801a
info,registry,people,RA Dykes,e5c6f48b
info,registry,people,RR O'Donnell,2742086d
info,registry,people,RS Sandhu,2f55509e
info,registry,people,SM Solia,fd9f43bb
info,registry,people,TG Johnston,a1a5192e
info,registry,people,WSA Williams,861eed37
ball,1,0.1,Auckland Aces,ML Guptill-Bunce,MJ Barry,DR Sams,0,0,,,,,,"",""
ball,1,0.2,Auckland Aces,ML Guptill-Bunce,MJ Barry,DR Sams,1,0,,,,,,"",""
ball,1,0.3,Auckland Aces,MJ Barry,ML Guptill-Bunce,DR Sams,0,0,,,,,,"",""
ball,1,0.4,Auckland Aces,MJ Barry,ML Guptill-Bunce,DR Sams,0,0,,,,,,"",""
ball,1,0.5,Auckland Aces,MJ Barry,ML Guptill-Bunce,DR Sams,0,0,,,,,,"",""
ball,1,0.6,Auckland Aces,MJ Barry,ML Guptill-Bunce,DR Sams,0,0,,,,,,"",""
ball,1,1.1,Auckland Aces,ML Guptill-Bunce,MJ Barry,WSA Williams,0,0,,,,,,"",""
ball,1,1.2,Auckland Aces,ML Guptill-Bunce,MJ Barry,WSA Williams,0,0,,,,,,"",""
ball,1,1.3,Auckland Aces,ML Guptill-Bunce,MJ Barry,WSA Williams,0,0,,,,,,"",""
ball,1,1.4,Auckland Aces,ML Guptill-Bunce,MJ Barry,WSA Williams,0,0,,,,,,"",""
ball,1,1.5,Auckland Aces,ML Guptill-Bunce,MJ Barry,WSA Williams,0,0,,,,,,"",""
ball,1,1.6,Auckland Aces,ML Guptill-Bunce,MJ Barry,WSA Williams,0,0,,,,,,"",""
ball,1,2.1,Auckland Aces,MJ Barry,ML Guptill-Bunce,DR Sams,0,0,,,,,,caught,MJ Barry
ball,1,2.2,Auckland Aces,RR O'Donnell,ML Guptill-Bunce,DR Sams,0,0,,,,,,"",""
ball,1,2.3,Auckland Aces,RR O'Donnell,ML Guptill-Bunce,DR Sams,0,0,,,,,,"",""
ball,1,2.4,Auckland Aces,RR O'Donnell,ML Guptill-Bunce,DR Sams,0,0,,,,,,"",""
ball,1,2.5,Auckland Aces,RR O'Donnell,ML Guptill-Bunce,DR Sams,0,0,,,,,,"",""
ball,1,2.6,Auckland Aces,RR O'Donnell,ML Guptill-Bunce,DR Sams,1,0,,,,,,"",""
ball,1,3.1,Auckland Aces,RR O'Donnell,ML Guptill-Bunce,WSA Williams,0,0,,,,,,"",""
ball,1,3.2,Auckland Aces,RR O'Donnell,ML Guptill-Bunce,WSA Williams,0,0,,,,,,"",""
ball,1,3.3,Auckland Aces,RR O'Donnell,ML Guptill-Bunce,WSA Williams,0,0,,,,,,"",""
ball,1,3.4,Auckland Aces,RR O'Donnell,ML Guptill-Bunce,WSA Williams,0,0,,,,,,lbw,RR O'Donnell
ball,1,3.5,Auckland Aces,SM Solia,ML Guptill-Bunce,WSA Williams,0,0,,,,,,"",""
ball,1,3.6,Auckland Aces,SM Solia,ML Guptill-Bunce,WSA Williams,2,0,,,,,,"",""
ball,1,4.1,Auckland Aces,ML Guptill-Bunce,SM Solia,DR Sams,0,0,,,,,,"",""
ball,1,4.2,Auckland Aces,ML Guptill-Bunce,SM Solia,DR Sams,1,0,,,,,,"",""
ball,1,4.3,Auckland Aces,SM Solia,ML Guptill-Bunce,DR Sams,4,0,,,,,,"",""
ball,1,4.4,Auckland Aces,SM Solia,ML Guptill-Bunce,DR Sams,0,0,,,,,,"",""
ball,1,4.5,Auckland Aces,SM Solia,ML Guptill-Bunce,DR Sams,0,0,,,,,,"",""
ball,1,4.6,Auckland Aces,SM Solia,ML Guptill-Bunce,DR Sams,0,0,,,,,,"",""
ball,1,5.1,Auckland Aces,ML Guptill-Bunce,SM Solia,WSA Williams,1,0,,,,,,"",""
ball,1,5.2,Auckland Aces,SM Solia,ML Guptill-Bunce,WSA Williams,0,1,,1,,,,"",""
ball,1,5.3,Auckland Aces,SM Solia,ML Guptill-Bunce,WSA Williams,0,0,,,,,,"",""
ball,1,5.4,Auckland Aces,SM Solia,ML Guptill-Bunce,WSA Williams,2,0,,,,,,"",""
ball,1,5.5,Auckland Aces,SM Solia,ML Guptill-Bunce,WSA Williams,0,1,,1,,,,"",""
ball,1,5.6,Auckland Aces,SM Solia,ML Guptill-Bunce,WSA Williams,0,0,,,,,,"",""
ball,1,5.7,Auckland Aces,SM Solia,ML Guptill-Bunce,WSA Williams,0,0,,,,,,"",""
ball,1,5.8,Auckland Aces,SM Solia,ML Guptill-Bunce,WSA Williams,0,0,,,,,,"",""
ball,1,6.1,Auckland Aces,ML Guptill-Bunce,SM Solia,DR Sams,0,0,,,,,,"",""
ball,1,6.2,Auckland Aces,ML Guptill-Bunce,SM Solia,DR Sams,0,0,,,,,,"",""
ball,1,6.3,Auckland Aces,ML Guptill-Bunce,SM Solia,DR Sams,0,0,,,,,,"",""
ball,1,6.4,Auckland Aces,ML Guptill-Bunce,SM Solia,DR Sams,0,0,,,,,,"",""
ball,1,6.5,Auckland Aces,ML Guptill-Bunce,SM Solia,DR Sams,0,4,,,,4,,"",""
ball,1,6.6,Auckland Aces,ML Guptill-Bunce,SM Solia,DR Sams,1,0,,,,,,"",""
ball,1,7.1,Auckland Aces,ML Guptill-Bunce,SM Solia,WSA Williams,0,0,,,,,,"",""
ball,1,7.2,Auckland Aces,ML Guptill-Bunce,SM Solia,WSA Williams,0,0,,,,,,"",""
ball,1,7.3,Auckland Aces,ML Guptill-Bunce,SM Solia,WSA Williams,0,0,,,,,,"",""
ball,1,7.4,Auckland Aces,ML Guptill-Bunce,SM Solia,WSA Williams,0,1,,1,,,,"",""
ball,1,7.5,Auckland Aces,ML Guptill-Bunce,SM Solia,WSA Williams,0,0,,,,,,"",""
ball,1,7.6,Auckland Aces,ML Guptill-Bunce,SM Solia,WSA Williams,0,0,,,,,,"",""
ball,1,7.7,Auckland Aces,ML Guptill-Bunce,SM Solia,WSA Williams,1,0,,,,,,"",""
ball,1,8.1,Auckland Aces,ML Guptill-Bunce,SM Solia,DR Sams,0,0,,,,,,"",""
ball,1,8.2,Auckland Aces,ML Guptill-Bunce,SM Solia,DR Sams,0,0,,,,,,"",""
ball,1,8.3,Auckland Aces,ML Guptill-Bunce,SM Solia,DR Sams,1,0,,,,,,"",""
ball,1,8.4,Auckland Aces,SM Solia,ML Guptill-Bunce,DR Sams,0,0,,,,,,"",""
ball,1,8.5,Auckland Aces,SM Solia,ML Guptill-Bunce,DR Sams,3,0,,,,,,"",""
ball,1,8.6,Auckland Aces,ML Guptill-Bunce,SM Solia,DR Sams,1,0,,,,,,"",""
ball,1,9.1,Auckland Aces,ML Guptill-Bunce,SM Solia,WSA Williams,0,0,,,,,,"",""
ball,1,9.2,Auckland Aces,ML Guptill-Bunce,SM Solia,WSA Williams,0,0,,,,,,"",""
ball,1,9.3,Auckland Aces,ML Guptill-Bunce,SM Solia,WSA Williams,0,0,,,,,,"",""
ball,1,9.4,Auckland Aces,ML Guptill-Bunce,SM Solia,WSA Williams,0,0,,,,,,"",""
ball,1,9.5,Auckland Aces,ML Guptill-Bunce,SM Solia,WSA Williams,0,0,,,,,,"",""
ball,1,9.6,Auckland Aces,ML Guptill-Bunce,SM Solia,WSA Williams,4,0,,,,,,"",""
ball,1,10.1,Auckland Aces,SM Solia,ML Guptill-Bunce,DR Sams,4,0,,,,,,"",""
ball,1,10.2,Auckland Aces,SM Solia,ML Guptill-Bunce,DR Sams,0,0,,,,,,caught,SM Solia
ball,1,10.3,Auckland Aces,GD Phillips,ML Guptill-Bunce,DR Sams,0,0,,,,,,"",""
ball,1,10.4,Auckland Aces,GD Phillips,ML Guptill-Bunce,DR Sams,0,0,,,,,,"",""
ball,1,10.5,Auckland Aces,GD Phillips,ML Guptill-Bunce,DR Sams,0,0,,,,,,"",""
ball,1,10.6,Auckland Aces,GD Phillips,ML Guptill-Bunce,DR Sams,0,0,,,,,,"",""
ball,1,11.1,Auckland Aces,ML Guptill-Bunce,GD Phillips,AM Ellis,4,0,,,,,,"",""
ball,1,11.2,Auckland Aces,ML Guptill-Bunce,GD Phillips,AM Ellis,0,0,,,,,,"",""
ball,1,11.3,Auckland Aces,ML Guptill-Bunce,GD Phillips,AM Ellis,0,1,,1,,,,"",""
ball,1,11.4,Auckland Aces,ML Guptill-Bunce,GD Phillips,AM Ellis,0,0,,,,,,"",""
ball,1,11.5,Auckland Aces,ML Guptill-Bunce,GD Phillips,AM Ellis,0,0,,,,,,"",""
ball,1,11.6,Auckland Aces,ML Guptill-Bunce,GD Phillips,AM Ellis,0,0,,,,,,bowled,ML Guptill-Bunce
ball,1,11.7,Auckland Aces,MS Chapman,GD Phillips,AM Ellis,0,0,,,,,,"",""
ball,1,12.1,Auckland Aces,GD Phillips,MS Chapman,DR Sams,0,0,,,,,,"",""
ball,1,12.2,Auckland Aces,GD Phillips,MS Chapman,DR Sams,0,0,,,,,,"",""
ball,1,12.3,Auckland Aces,GD Phillips,MS Chapman,DR Sams,0,0,,,,,,"",""
ball,1,12.4,Auckland Aces,GD Phillips,MS Chapman,DR Sams,0,0,,,,,,"",""
ball,1,12.5,Auckland Aces,GD Phillips,MS Chapman,DR Sams,0,0,,,,,,"",""
ball,1,12.6,Auckland Aces,GD Phillips,MS Chapman,DR Sams,0,0,,,,,,"",""
ball,1,13.1,Auckland Aces,MS Chapman,GD Phillips,AM Ellis,0,0,,,,,,"",""
ball,1,13.2,Auckland Aces,MS Chapman,GD Phillips,AM Ellis,0,0,,,,,,"",""
ball,1,13.3,Auckland Aces,MS Chapman,GD Phillips,AM Ellis,0,0,,,,,,"",""
ball,1,13.4,Auckland Aces,MS Chapman,GD Phillips,AM Ellis,0,0,,,,,,"",""
ball,1,13.5,Auckland Aces,MS Chapman,GD Phillips,AM Ellis,0,0,,,,,,"",""
ball,1,13.6,Auckland Aces,MS Chapman,GD Phillips,AM Ellis,0,0,,,,,,"",""
ball,1,14.1,Auckland Aces,GD Phillips,MS Chapman,FW Sheat,0,0,,,,,,"",""
ball,1,14.2,Auckland Aces,GD Phillips,MS Chapman,FW Sheat,0,0,,,,,,"",""
ball,1,14.3,Auckland Aces,GD Phillips,MS Chapman,FW Sheat,0,0,,,,,,"",""
ball,1,14.4,Auckland Aces,GD Phillips,MS Chapman,FW Sheat,0,0,,,,,,"",""
ball,1,14.5,Auckland Aces,GD Phillips,MS Chapman,FW Sheat,0,0,,,,,,"",""
ball,1,14.6,Auckland Aces,GD Phillips,MS Chapman,FW Sheat,1,0,,,,,,"",""
ball,1,15.1,Auckland Aces,GD Phillips,MS Chapman,AM Ellis,4,0,,,,,,"",""
ball,1,15.2,Auckland Aces,GD Phillips,MS Chapman,AM Ellis,0,0,,,,,,"",""
ball,1,15.3,Auckland Aces,GD Phillips,MS Chapman,AM Ellis,0,0,,,,,,"",""
ball,1,15.4,Auckland Aces,GD Phillips,MS Chapman,AM Ellis,0,0,,,,,,"",""
ball,1,15.5,Auckland Aces,GD Phillips,MS Chapman,AM Ellis,0,0,,,,,,"",""
ball,1,15.6,Auckland Aces,GD Phillips,MS Chapman,AM Ellis,0,1,,1,,,,"",""
ball,1,15.7,Auckland Aces,GD Phillips,MS Chapman,AM Ellis,0,0,,,,,,"",""
ball,1,16.1,Auckland Aces,MS Chapman,GD Phillips,FW Sheat,2,0,,,,,,"",""
ball,1,16.2,Auckland Aces,MS Chapman,GD Phillips,FW Sheat,0,0,,,,,,"",""
ball,1,16.3,Auckland Aces,MS Chapman,GD Phillips,FW Sheat,0,0,,,,,,"",""
ball,1,16.4,Auckland Aces,MS Chapman,GD Phillips,FW Sheat,0,0,,,,,,"",""
ball,1,16.5,Auckland Aces,MS Chapman,GD Phillips,FW Sheat,0,1,1,,,,,"",""
ball,1,16.6,Auckland Aces,MS Chapman,GD Phillips,FW Sheat,4,0,,,,,,"",""
ball,1,16.7,Auckland Aces,MS Chapman,GD Phillips,FW Sheat,1,0,,,,,,"",""
ball,1,17.1,Auckland Aces,MS Chapman,GD Phillips,AM Ellis,0,0,,,,,,"",""
ball,1,17.2,Auckland Aces,MS Chapman,GD Phillips,AM Ellis,4,0,,,,,,"",""
ball,1,17.3,Auckland Aces,MS Chapman,GD Phillips,AM Ellis,0,0,,,,,,"",""
ball,1,17.4,Auckland Aces,MS Chapman,GD Phillips,AM Ellis,0,1,1,,,,,"",""
ball,1,17.5,Auckland Aces,MS Chapman,GD Phillips,AM Ellis,1,1,,1,,,,"",""
ball,1,17.6,Auckland Aces,GD Phillips,MS Chapman,AM Ellis,0,0,,,,,,"",""
ball,1,17.7,Auckland Aces,GD Phillips,MS Chapman,AM Ellis,0,0,,,,,,"",""
ball,1,17.8,Auckland Aces,GD Phillips,MS Chapman,AM Ellis,0,0,,,,,,"",""
ball,1,18.1,Auckland Aces,MS Chapman,GD Phillips,FW Sheat,0,0,,,,,,"",""
ball,1,18.2,Auckland Aces,MS Chapman,GD Phillips,FW Sheat,0,0,,,,,,"",""
ball,1,18.3,Auckland Aces,MS Chapman,GD Phillips,FW Sheat,0,0,,,,,,"",""
ball,1,18.4,Auckland Aces,MS Chapman,GD Phillips,FW Sheat,1,0,,,,,,"",""
ball,1,18.5,Auckland Aces,GD Phillips,MS Chapman,FW Sheat,0,0,,,,,,"",""
ball,1,18.6,Auckland Aces,GD Phillips,MS Chapman,FW Sheat,1,0,,,,,,"",""
ball,1,19.1,Auckland Aces,GD Phillips,MS Chapman,AM Ellis,0,0,,,,,,"",""
ball,1,19.2,Auckland Aces,GD Phillips,MS Chapman,AM Ellis,4,0,,,,,,"",""
ball,1,19.3,Auckland Aces,GD Phillips,MS Chapman,AM Ellis,0,0,,,,,,"",""
ball,1,19.4,Auckland Aces,GD Phillips,MS Chapman,AM Ellis,0,0,,,,,,bowled,GD Phillips
ball,1,19.5,Auckland Aces,BJ Horne,MS Chapman,AM Ellis,0,0,,,,,,"",""
ball,1,19.6,Auckland Aces,BJ Horne,MS Chapman,AM Ellis,0,0,,,,,,"",""
ball,1,20.1,Auckland Aces,MS Chapman,BJ Horne,FW Sheat,1,0,,,,,,"",""
ball,1,20.2,Auckland Aces,BJ Horne,MS Chapman,FW Sheat,0,0,,,,,,"",""
ball,1,20.3,Auckland Aces,BJ Horne,MS Chapman,FW Sheat,0,0,,,,,,"",""
ball,1,20.4,Auckland Aces,BJ Horne,MS Chapman,FW Sheat,0,0,,,,,,"",""
ball,1,20.5,Auckland Aces,BJ Horne,MS Chapman,FW Sheat,0,0,,,,,,"",""
ball,1,20.6,Auckland Aces,BJ Horne,MS Chapman,FW Sheat,0,0,,,,,,"",""
ball,1,21.1,Auckland Aces,MS Chapman,BJ Horne,AM Ellis,0,0,,,,,,"",""
ball,1,21.2,Auckland Aces,MS Chapman,BJ Horne,AM Ellis,1,0,,,,,,"",""
ball,1,21.3,Auckland Aces,BJ Horne,MS Chapman,AM Ellis,0,0,,,,,,"",""
ball,1,21.4,Auckland Aces,BJ Horne,MS Chapman,AM Ellis,0,0,,,,,,"",""
ball,1,21.5,Auckland Aces,BJ Horne,MS Chapman,AM Ellis,0,0,,,,,,"",""
ball,1,21.6,Auckland Aces,BJ Horne,MS Chapman,AM Ellis,0,0,,,,,,"",""
ball,1,22.1,Auckland Aces,MS Chapman,BJ Horne,DR Sams,2,0,,,,,,"",""
ball,1,22.2,Auckland Aces,MS Chapman,BJ Horne,DR Sams,0,0,,,,,,"",""
ball,1,22.3,Auckland Aces,MS Chapman,BJ Horne,DR Sams,0,0,,,,,,"",""
ball,1,22.4,Auckland Aces,MS Chapman,BJ Horne,DR Sams,3,0,,,,,,"",""
ball,1,22.5,Auckland Aces,BJ Horne,MS Chapman,DR Sams,0,0,,,,,,"",""
ball,1,22.6,Auckland Aces,BJ Horne,MS Chapman,DR Sams,1,0,,,,,,"",""
ball,1,23.1,Auckland Aces,BJ Horne,MS Chapman,AM Ellis,0,0,,,,,,"",""
ball,1,23.2,Auckland Aces,BJ Horne,MS Chapman,AM Ellis,0,0,,,,,,"",""
ball,1,23.3,Auckland Aces,BJ Horne,MS Chapman,AM Ellis,1,0,,,,,,"",""
ball,1,23.4,Auckland Aces,MS Chapman,BJ Horne,AM Ellis,0,0,,,,,,"",""
ball,1,23.5,Auckland Aces,MS Chapman,BJ Horne,AM Ellis,4,0,,,,,,"",""
ball,1,23.6,Auckland Aces,MS Chapman,BJ Horne,AM Ellis,0,0,,,,,,"",""
ball,1,24.1,Auckland Aces,BJ Horne,MS Chapman,DR Sams,0,0,,,,,,"",""
ball,1,24.2,Auckland Aces,BJ Horne,MS Chapman,DR Sams,0,0,,,,,,"",""
ball,1,24.3,Auckland Aces,BJ Horne,MS Chapman,DR Sams,0,0,,,,,,"",""
ball,1,24.4,Auckland Aces,BJ Horne,MS Chapman,DR Sams,0,0,,,,,,"",""
ball,1,24.5,Auckland Aces,BJ Horne,MS Chapman,DR Sams,0,0,,,,,,"",""
ball,1,24.6,Auckland Aces,BJ Horne,MS Chapman,DR Sams,0,0,,,,,,"",""
ball,1,25.1,Auckland Aces,MS Chapman,BJ Horne,WSA Williams,0,0,,,,,,"",""
ball,1,25.2,Auckland Aces,MS Chapman,BJ Horne,WSA Williams,4,0,,,,,,"",""
ball,1,25.3,Auckland Aces,MS Chapman,BJ Horne,WSA Williams,1,0,,,,,,"",""
ball,1,25.4,Auckland Aces,BJ Horne,MS Chapman,WSA Williams,0,0,,,,,,"",""
ball,1,25.5,Auckland Aces,BJ Horne,MS Chapman,WSA Williams,0,0,,,,,,"",""
ball,1,25.6,Auckland Aces,BJ Horne,MS Chapman,WSA Williams,0,0,,,,,,"",""
ball,1,26.1,Auckland Aces,MS Chapman,BJ Horne,DR Sams,1,0,,,,,,"",""
ball,1,26.2,Auckland Aces,BJ Horne,MS Chapman,DR Sams,0,0,,,,,,"",""
ball,1,26.3,Auckland Aces,BJ Horne,MS Chapman,DR Sams,0,0,,,,,,"",""
ball,1,26.4,Auckland Aces,BJ Horne,MS Chapman,DR Sams,0,0,,,,,,"",""
ball,1,26.5,Auckland Aces,BJ Horne,MS Chapman,DR Sams,4,0,,,,,,"",""
ball,1,26.6,Auckland Aces,BJ Horne,MS Chapman,DR Sams,0,0,,,,,,"",""
ball,1,27.1,Auckland Aces,MS Chapman,BJ Horne,WSA Williams,0,0,,,,,,"",""
ball,1,27.2,Auckland Aces,MS Chapman,BJ Horne,WSA Williams,4,0,,,,,,"",""
ball,1,27.3,Auckland Aces,MS Chapman,BJ Horne,WSA Williams,0,0,,,,,,"",""
ball,1,27.4,Auckland Aces,MS Chapman,BJ Horne,WSA Williams,0,0,,,,,,"",""
ball,1,27.5,Auckland Aces,MS Chapman,BJ Horne,WSA Williams,4,0,,,,,,"",""
ball,1,27.6,Auckland Aces,MS Chapman,BJ Horne,WSA Williams,2,0,,,,,,"",""
ball,1,28.1,Auckland Aces,BJ Horne,MS Chapman,DR Sams,1,0,,,,,,"",""
ball,1,28.2,Auckland Aces,MS Chapman,BJ Horne,DR Sams,0,0,,,,,,"",""
ball,1,28.3,Auckland Aces,MS Chapman,BJ Horne,DR Sams,0,0,,,,,,"",""
ball,1,28.4,Auckland Aces,MS Chapman,BJ Horne,DR Sams,0,0,,,,,,"",""
ball,1,28.5,Auckland Aces,MS Chapman,BJ Horne,DR Sams,4,0,,,,,,"",""
ball,1,28.6,Auckland Aces,MS Chapman,BJ Horne,DR Sams,0,0,,,,,,"",""
ball,1,29.1,Auckland Aces,BJ Horne,MS Chapman,FW Sheat,0,0,,,,,,"",""
ball,1,29.2,Auckland Aces,BJ Horne,MS Chapman,FW Sheat,0,0,,,,,,"",""
ball,1,29.3,Auckland Aces,BJ Horne,MS Chapman,FW Sheat,0,0,,,,,,caught,BJ Horne
ball,1,29.4,Auckland Aces,MB McEwan,MS Chapman,FW Sheat,0,0,,,,,,"",""
ball,1,29.5,Auckland Aces,MB McEwan,MS Chapman,FW Sheat,1,0,,,,,,"",""
ball,1,29.6,Auckland Aces,MS Chapman,MB McEwan,FW Sheat,0,0,,,,,,"",""
ball,1,30.1,Auckland Aces,MB McEwan,MS Chapman,DR Sams,4,0,,,,,,"",""
ball,1,30.2,Auckland Aces,MB McEwan,MS Chapman,DR Sams,0,0,,,,,,"",""
ball,1,30.3,Auckland Aces,MB McEwan,MS Chapman,DR Sams,1,0,,,,,,"",""
ball,1,30.4,Auckland Aces,MS Chapman,MB McEwan,DR Sams,0,0,,,,,,"",""
ball,1,30.5,Auckland Aces,MS Chapman,MB McEwan,DR Sams,2,0,,,,,,"",""
ball,1,30.6,Auckland Aces,MS Chapman,MB McEwan,DR Sams,4,0,,,,,,"",""
ball,1,31.1,Auckland Aces,MB McEwan,MS Chapman,FW Sheat,0,0,,,,,,"",""
ball,1,31.2,Auckland Aces,MB McEwan,MS Chapman,FW Sheat,0,0,,,,,,"",""
ball,1,31.3,Auckland Aces,MB McEwan,MS Chapman,FW Sheat,0,0,,,,,,"",""
ball,1,31.4,Auckland Aces,MB McEwan,MS Chapman,FW Sheat,0,0,,,,,,"",""
ball,1,31.5,Auckland Aces,MB McEwan,MS Chapman,FW Sheat,0,0,,,,,,"",""
ball,1,31.6,Auckland Aces,MB McEwan,MS Chapman,FW Sheat,1,0,,,,,,"",""
ball,1,32.1,Auckland Aces,MB McEwan,MS Chapman,AM Ellis,0,0,,,,,,"",""
ball,1,32.2,Auckland Aces,MB McEwan,MS Chapman,AM Ellis,0,0,,,,,,"",""
ball,1,32.3,Auckland Aces,MB McEwan,MS Chapman,AM Ellis,0,0,,,,,,"",""
ball,1,32.4,Auckland Aces,MB McEwan,MS Chapman,AM Ellis,0,0,,,,,,"",""
ball,1,32.5,Auckland Aces,MB McEwan,MS Chapman,AM Ellis,4,0,,,,,,"",""
ball,1,32.6,Auckland Aces,MB McEwan,MS Chapman,AM Ellis,0,0,,,,,,"",""
ball,1,33.1,Auckland Aces,MS Chapman,MB McEwan,FW Sheat,3,0,,,,,,"",""
ball,1,33.2,Auckland Aces,MB McEwan,MS Chapman,FW Sheat,4,0,,,,,,"",""
ball,1,33.3,Auckland Aces,MB McEwan,MS Chapman,FW Sheat,0,0,,,,,,lbw,MB McEwan
ball,1,33.4,Auckland Aces,RS Sandhu,MS Chapman,FW Sheat,0,0,,,,,,"",""
ball,1,33.5,Auckland Aces,RS Sandhu,MS Chapman,FW Sheat,0,0,,,,,,"",""
ball,1,33.6,Auckland Aces,RS Sandhu,MS Chapman,FW Sheat,1,0,,,,,,"",""
ball,1,34.1,Auckland Aces,RS Sandhu,MS Chapman,AM Ellis,2,0,,,,,,"",""
ball,1,34.2,Auckland Aces,RS Sandhu,MS Chapman,AM Ellis,0,0,,,,,,"",""
ball,1,34.3,Auckland Aces,RS Sandhu,MS Chapman,AM Ellis,3,0,,,,,,"",""
ball,1,34.4,Auckland Aces,MS Chapman,RS Sandhu,AM Ellis,0,0,,,,,,"",""
ball,1,34.5,Auckland Aces,MS Chapman,RS Sandhu,AM Ellis,0,0,,,,,,"",""
ball,1,34.6,Auckland Aces,MS Chapman,RS Sandhu,AM Ellis,4,0,,,,,,"",""
ball,1,35.1,Auckland Aces,RS Sandhu,MS Chapman,FW Sheat,6,0,,,,,,"",""
ball,1,35.2,Auckland Aces,RS Sandhu,MS Chapman,FW Sheat,6,0,,,,,,"",""
ball,1,35.3,Auckland Aces,RS Sandhu,MS Chapman,FW Sheat,4,0,,,,,,"",""
ball,1,35.4,Auckland Aces,RS Sandhu,MS Chapman,FW Sheat,0,0,,,,,,"",""
ball,1,35.5,Auckland Aces,RS Sandhu,MS Chapman,FW Sheat,0,0,,,,,,"",""
ball,1,35.6,Auckland Aces,RS Sandhu,MS Chapman,FW Sheat,0,0,,,,,,"",""
ball,1,36.1,Auckland Aces,MS Chapman,RS Sandhu,DR Sams,2,0,,,,,,"",""
ball,1,36.2,Auckland Aces,MS Chapman,RS Sandhu,DR Sams,1,0,,,,,,"",""
ball,1,36.3,Auckland Aces,RS Sandhu,MS Chapman,DR Sams,0,0,,,,,,"",""
ball,1,36.4,Auckland Aces,RS Sandhu,MS Chapman,DR Sams,0,0,,,,,,"",""
ball,1,36.5,Auckland Aces,RS Sandhu,MS Chapman,DR Sams,0,0,,,,,,"",""
ball,1,36.6,Auckland Aces,RS Sandhu,MS Chapman,DR Sams,0,0,,,,,,"",""
ball,1,37.1,Auckland Aces,MS Chapman,RS Sandhu,FW Sheat,4,0,,,,,,"",""
ball,1,37.2,Auckland Aces,MS Chapman,RS Sandhu,FW Sheat,0,0,,,,,,"",""
ball,1,37.3,Auckland Aces,MS Chapman,RS Sandhu,FW Sheat,0,0,,,,,,"",""
ball,1,37.4,Auckland Aces,MS Chapman,RS Sandhu,FW Sheat,0,0,,,,,,"",""
ball,1,37.5,Auckland Aces,MS Chapman,RS Sandhu,FW Sheat,2,0,,,,,,"",""
ball,1,37.6,Auckland Aces,MS Chapman,RS Sandhu,FW Sheat,0,0,,,,,,"",""
ball,1,38.1,Auckland Aces,RS Sandhu,MS Chapman,DR Sams,0,0,,,,,,caught,RS Sandhu
ball,1,38.2,Auckland Aces,MS Chapman,BG Lister,DR Sams,1,0,,,,,,"",""
ball,1,38.3,Auckland Aces,BG Lister,MS Chapman,DR Sams,0,0,,,,,,"",""
ball,1,38.4,Auckland Aces,BG Lister,MS Chapman,DR Sams,0,1,1,,,,,"",""
ball,1,38.5,Auckland Aces,BG Lister,MS Chapman,DR Sams,0,0,,,,,,"",""
ball,1,38.6,Auckland Aces,BG Lister,MS Chapman,DR Sams,1,0,,,,,,"",""
ball,1,38.7,Auckland Aces,MS Chapman,BG Lister,DR Sams,0,0,,,,,,"",""
ball,1,39.1,Auckland Aces,BG Lister,MS Chapman,AM Ellis,2,0,,,,,,"",""
ball,1,39.2,Auckland Aces,BG Lister,MS Chapman,AM Ellis,0,0,,,,,,"",""
ball,1,39.3,Auckland Aces,BG Lister,MS Chapman,AM Ellis,0,0,,,,,,"",""
ball,1,39.4,Auckland Aces,BG Lister,MS Chapman,AM Ellis,0,0,,,,,,"",""
ball,1,39.5,Auckland Aces,BG Lister,MS Chapman,AM Ellis,0,0,,,,,,"",""
ball,1,39.6,Auckland Aces,BG Lister,MS Chapman,AM Ellis,0,0,,,,,,"",""
ball,1,40.1,Auckland Aces,MS Chapman,BG Lister,DR Sams,0,0,,,,,,"",""
ball,1,40.2,Auckland Aces,MS Chapman,BG Lister,DR Sams,0,0,,,,,,"",""
ball,1,40.3,Auckland Aces,MS Chapman,BG Lister,DR Sams,1,0,,,,,,"",""
ball,1,40.4,Auckland Aces,BG Lister,MS Chapman,DR Sams,0,0,,,,,,"",""
ball,1,40.5,Auckland Aces,BG Lister,MS Chapman,DR Sams,0,0,,,,,,"",""
ball,1,40.6,Auckland Aces,BG Lister,MS Chapman,DR Sams,0,0,,,,,,"",""
ball,1,41.1,Auckland Aces,MS Chapman,BG Lister,AM Ellis,6,0,,,,,,"",""
ball,1,41.2,Auckland Aces,MS Chapman,BG Lister,AM Ellis,0,0,,,,,,"",""
ball,1,41.3,Auckland Aces,MS Chapman,BG Lister,AM Ellis,0,0,,,,,,"",""
ball,1,41.4,Auckland Aces,MS Chapman,BG Lister,AM Ellis,2,0,,,,,,"",""
ball,1,41.5,Auckland Aces,MS Chapman,BG Lister,AM Ellis,0,0,,,,,,bowled,MS Chapman
ball,1,41.6,Auckland Aces,DK Ferns,BG Lister,AM Ellis,0,0,,,,,,"",""
ball,1,42.1,Auckland Aces,BG Lister,DK Ferns,DR Sams,0,0,,,,,,"",""
ball,1,42.2,Auckland Aces,BG Lister,DK Ferns,DR Sams,0,0,,,,,,"",""
ball,1,42.3,Auckland Aces,BG Lister,DK Ferns,DR Sams,4,0,,,,,,"",""
ball,1,42.4,Auckland Aces,BG Lister,DK Ferns,DR Sams,0,0,,,,,,"",""
ball,1,42.5,Auckland Aces,BG Lister,DK Ferns,DR Sams,0,0,,,,,,caught,BG Lister
ball,2,0.1,Canterbury,MSJ Davidson,CJ Bowes,BG Lister,0,0,,,,,,"",""
ball,2,0.2,Canterbury,MSJ Davidson,CJ Bowes,BG Lister,0,0,,,,,,"",""
ball,2,0.3,Canterbury,MSJ Davidson,CJ Bowes,BG Lister,0,0,,,,,,"",""
ball,2,0.4,Canterbury,MSJ Davidson,CJ Bowes,BG Lister,0,0,,,,,,"",""
ball,2,0.5,Canterbury,MSJ Davidson,CJ Bowes,BG Lister,0,0,,,,,,"",""
ball,2,0.6,Canterbury,MSJ Davidson,CJ Bowes,BG Lister,0,0,,,,,,"",""
ball,2,1.1,Canterbury,CJ Bowes,MSJ Davidson,RS Sandhu,0,0,,,,,,"",""
ball,2,1.2,Canterbury,CJ Bowes,MSJ Davidson,RS Sandhu,0,0,,,,,,"",""
ball,2,1.3,Canterbury,CJ Bowes,MSJ Davidson,RS Sandhu,0,0,,,,,,"",""
ball,2,1.4,Canterbury,CJ Bowes,MSJ Davidson,RS Sandhu,0,0,,,,,,"",""
ball,2,1.5,Canterbury,CJ Bowes,MSJ Davidson,RS Sandhu,0,0,,,,,,"",""
ball,2,1.6,Canterbury,CJ Bowes,MSJ Davidson,RS Sandhu,0,0,,,,,,"",""
ball,2,2.1,Canterbury,MSJ Davidson,CJ Bowes,BG Lister,0,0,,,,,,"",""
ball,2,2.2,Canterbury,MSJ Davidson,CJ Bowes,BG Lister,0,0,,,,,,"",""
ball,2,2.3,Canterbury,MSJ Davidson,CJ Bowes,BG Lister,0,0,,,,,,"",""
ball,2,2.4,Canterbury,MSJ Davidson,CJ Bowes,BG Lister,0,0,,,,,,"",""
ball,2,2.5,Canterbury,MSJ Davidson,CJ Bowes,BG Lister,1,0,,,,,,"",""
ball,2,2.6,Canterbury,CJ Bowes,MSJ Davidson,BG Lister,0,0,,,,,,"",""
ball,2,3.1,Canterbury,MSJ Davidson,CJ Bowes,RS Sandhu,0,0,,,,,,"",""
ball,2,3.2,Canterbury,MSJ Davidson,CJ Bowes,RS Sandhu,0,0,,,,,,"",""
ball,2,3.3,Canterbury,MSJ Davidson,CJ Bowes,RS Sandhu,0,1,,,1,,,"",""
ball,2,3.4,Canterbury,CJ Bowes,MSJ Davidson,RS Sandhu,0,0,,,,,,"",""
ball,2,3.5,Canterbury,CJ Bowes,MSJ Davidson,RS Sandhu,0,0,,,,,,"",""
ball,2,3.6,Canterbury,CJ Bowes,MSJ Davidson,RS Sandhu,0,0,,,,,,"",""
ball,2,4.1,Canterbury,MSJ Davidson,CJ Bowes,BG Lister,1,0,,,,,,"",""
ball,2,4.2,Canterbury,CJ Bowes,MSJ Davidson,BG Lister,0,0,,,,,,"",""
ball,2,4.3,Canterbury,CJ Bowes,MSJ Davidson,BG Lister,0,0,,,,,,"",""
ball,2,4.4,Canterbury,CJ Bowes,MSJ Davidson,BG Lister,0,0,,,,,,"",""
ball,2,4.5,Canterbury,CJ Bowes,MSJ Davidson,BG Lister,0,0,,,,,,"",""
ball,2,4.6,Canterbury,CJ Bowes,MSJ Davidson,BG Lister,0,0,,,,,,"",""
ball,2,5.1,Canterbury,MSJ Davidson,CJ Bowes,RS Sandhu,0,0,,,,,,"",""
ball,2,5.2,Canterbury,MSJ Davidson,CJ Bowes,RS Sandhu,0,0,,,,,,"",""
ball,2,5.3,Canterbury,MSJ Davidson,CJ Bowes,RS Sandhu,1,0,,,,,,"",""
ball,2,5.4,Canterbury,CJ Bowes,MSJ Davidson,RS Sandhu,4,0,,,,,,"",""
ball,2,5.5,Canterbury,CJ Bowes,MSJ Davidson,RS Sandhu,0,0,,,,,,"",""
ball,2,5.6,Canterbury,CJ Bowes,MSJ Davidson,RS Sandhu,0,0,,,,,,"",""
ball,2,6.1,Canterbury,MSJ Davidson,CJ Bowes,BG Lister,1,0,,,,,,"",""
ball,2,6.2,Canterbury,CJ Bowes,MSJ Davidson,BG Lister,0,0,,,,,,"",""
ball,2,6.3,Canterbury,CJ Bowes,MSJ Davidson,BG Lister,0,0,,,,,,"",""
ball,2,6.4,Canterbury,CJ Bowes,MSJ Davidson,BG Lister,0,0,,,,,,"",""
ball,2,6.5,Canterbury,CJ Bowes,MSJ Davidson,BG Lister,0,0,,,,,,"",""
ball,2,6.6,Canterbury,CJ Bowes,MSJ Davidson,BG Lister,1,0,,,,,,"",""
ball,2,7.1,Canterbury,CJ Bowes,MSJ Davidson,RS Sandhu,0,0,,,,,,"",""
ball,2,7.2,Canterbury,CJ Bowes,MSJ Davidson,RS Sandhu,0,0,,,,,,"",""
ball,2,7.3,Canterbury,CJ Bowes,MSJ Davidson,RS Sandhu,4,0,,,,,,"",""
ball,2,7.4,Canterbury,CJ Bowes,MSJ Davidson,RS Sandhu,0,0,,,,,,"",""
ball,2,7.5,Canterbury,CJ Bowes,MSJ Davidson,RS Sandhu,0,0,,,,,,"",""
ball,2,7.6,Canterbury,CJ Bowes,MSJ Davidson,RS Sandhu,0,0,,,,,,"",""
ball,2,8.1,Canterbury,MSJ Davidson,CJ Bowes,BG Lister,1,0,,,,,,"",""
ball,2,8.2,Canterbury,CJ Bowes,MSJ Davidson,BG Lister,0,1,,,,1,,"",""
ball,2,8.3,Canterbury,MSJ Davidson,CJ Bowes,BG Lister,1,0,,,,,,"",""
ball,2,8.4,Canterbury,CJ Bowes,MSJ Davidson,BG Lister,0,0,,,,,,"",""
ball,2,8.5,Canterbury,CJ Bowes,MSJ Davidson,BG Lister,0,0,,,,,,"",""
ball,2,8.6,Canterbury,CJ Bowes,MSJ Davidson,BG Lister,0,0,,,,,,"",""
ball,2,9.1,Canterbury,MSJ Davidson,CJ Bowes,RS Sandhu,0,0,,,,,,lbw,MSJ Davidson
ball,2,9.2,Canterbury,MA Pollard,CJ Bowes,RS Sandhu,1,0,,,,,,"",""
ball,2,9.3,Canterbury,CJ Bowes,MA Pollard,RS Sandhu,0,0,,,,,,"",""
ball,2,9.4,Canterbury,CJ Bowes,MA Pollard,RS Sandhu,1,0,,,,,,"",""
ball,2,9.5,Canterbury,MA Pollard,CJ Bowes,RS Sandhu,0,0,,,,,,"",""
ball,2,9.6,Canterbury,MA Pollard,CJ Bowes,RS Sandhu,0,0,,,,,,"",""
ball,2,10.1,Canterbury,CJ Bowes,MA Pollard,BG Lister,0,0,,,,,,"",""
ball,2,10.2,Canterbury,CJ Bowes,MA Pollard,BG Lister,0,0,,,,,,"",""
ball,2,10.3,Canterbury,CJ Bowes,MA Pollard,BG Lister,0,0,,,,,,"",""
ball,2,10.4,Canterbury,CJ Bowes,MA Pollard,BG Lister,0,0,,,,,,"",""
ball,2,10.5,Canterbury,CJ Bowes,MA Pollard,BG Lister,0,0,,,,,,"",""
ball,2,10.6,Canterbury,CJ Bowes,MA Pollard,BG Lister,0,0,,,,,,"",""
ball,2,11.1,Canterbury,MA Pollard,CJ Bowes,DK Ferns,0,0,,,,,,"",""
ball,2,11.2,Canterbury,MA Pollard,CJ Bowes,DK Ferns,0,0,,,,,,"",""
ball,2,11.3,Canterbury,MA Pollard,CJ Bowes,DK Ferns,0,0,,,,,,"",""
ball,2,11.4,Canterbury,MA Pollard,CJ Bowes,DK Ferns,0,0,,,,,,"",""
ball,2,11.5,Canterbury,MA Pollard,CJ Bowes,DK Ferns,0,0,,,,,,"",""
ball,2,11.6,Canterbury,MA Pollard,CJ Bowes,DK Ferns,0,0,,,,,,caught,MA Pollard
ball,2,12.1,Canterbury,CJ Bowes,LJ Carter,MB McEwan,0,0,,,,,,"",""
ball,2,12.2,Canterbury,CJ Bowes,LJ Carter,MB McEwan,2,0,,,,,,"",""
ball,2,12.3,Canterbury,CJ Bowes,LJ Carter,MB McEwan,4,0,,,,,,"",""
ball,2,12.4,Canterbury,CJ Bowes,LJ Carter,MB McEwan,0,0,,,,,,"",""
ball,2,12.5,Canterbury,CJ Bowes,LJ Carter,MB McEwan,0,0,,,,,,"",""
ball,2,12.6,Canterbury,CJ Bowes,LJ Carter,MB McEwan,0,0,,,,,,"",""
ball,2,13.1,Canterbury,LJ Carter,CJ Bowes,DK Ferns,0,0,,,,,,"",""
ball,2,13.2,Canterbury,LJ Carter,CJ Bowes,DK Ferns,1,0,,,,,,"",""
ball,2,13.3,Canterbury,CJ Bowes,LJ Carter,DK Ferns,1,0,,,,,,"",""
ball,2,13.4,Canterbury,LJ Carter,CJ Bowes,DK Ferns,0,0,,,,,,"",""
ball,2,13.5,Canterbury,LJ Carter,CJ Bowes,DK Ferns,4,0,,,,,,"",""
ball,2,13.6,Canterbury,LJ Carter,CJ Bowes,DK Ferns,4,0,,,,,,"",""
ball,2,14.1,Canterbury,CJ Bowes,LJ Carter,MB McEwan,0,0,,,,,,"",""
ball,2,14.2,Canterbury,CJ Bowes,LJ Carter,MB McEwan,0,0,,,,,,"",""
ball,2,14.3,Canterbury,CJ Bowes,LJ Carter,MB McEwan,4,0,,,,,,"",""
ball,2,14.4,Canterbury,CJ Bowes,LJ Carter,MB McEwan,0,0,,,,,,"",""
ball,2,14.5,Canterbury,CJ Bowes,LJ Carter,MB McEwan,0,0,,,,,,"",""
ball,2,14.6,Canterbury,CJ Bowes,LJ Carter,MB McEwan,0,0,,,,,,"",""
ball,2,15.1,Canterbury,LJ Carter,CJ Bowes,DK Ferns,0,0,,,,,,"",""
ball,2,15.2,Canterbury,LJ Carter,CJ Bowes,DK Ferns,0,0,,,,,,"",""
ball,2,15.3,Canterbury,LJ Carter,CJ Bowes,DK Ferns,3,0,,,,,,"",""
ball,2,15.4,Canterbury,CJ Bowes,LJ Carter,DK Ferns,0,0,,,,,,"",""
ball,2,15.5,Canterbury,CJ Bowes,LJ Carter,DK Ferns,0,0,,,,,,"",""
ball,2,15.6,Canterbury,CJ Bowes,LJ Carter,DK Ferns,0,0,,,,,,"",""
ball,2,16.1,Canterbury,LJ Carter,CJ Bowes,MB McEwan,0,0,,,,,,"",""
ball,2,16.2,Canterbury,LJ Carter,CJ Bowes,MB McEwan,1,0,,,,,,"",""
ball,2,16.3,Canterbury,CJ Bowes,LJ Carter,MB McEwan,0,0,,,,,,"",""
ball,2,16.4,Canterbury,CJ Bowes,LJ Carter,MB McEwan,1,0,,,,,,"",""
ball,2,16.5,Canterbury,LJ Carter,CJ Bowes,MB McEwan,0,0,,,,,,"",""
ball,2,16.6,Canterbury,LJ Carter,CJ Bowes,MB McEwan,0,0,,,,,,"",""
ball,2,17.1,Canterbury,CJ Bowes,LJ Carter,DK Ferns,1,0,,,,,,"",""
ball,2,17.2,Canterbury,LJ Carter,CJ Bowes,DK Ferns,0,0,,,,,,"",""
ball,2,17.3,Canterbury,LJ Carter,CJ Bowes,DK Ferns,0,0,,,,,,"",""
ball,2,17.4,Canterbury,LJ Carter,CJ Bowes,DK Ferns,0,0,,,,,,"",""
ball,2,17.5,Canterbury,LJ Carter,CJ Bowes,DK Ferns,0,0,,,,,,"",""
ball,2,17.6,Canterbury,LJ Carter,CJ Bowes,DK Ferns,0,0,,,,,,"",""
ball,2,18.1,Canterbury,CJ Bowes,LJ Carter,MB McEwan,0,0,,,,,,"",""
ball,2,18.2,Canterbury,CJ Bowes,LJ Carter,MB McEwan,0,0,,,,,,"",""
ball,2,18.3,Canterbury,CJ Bowes,LJ Carter,MB McEwan,0,0,,,,,,"",""
ball,2,18.4,Canterbury,CJ Bowes,LJ Carter,MB McEwan,0,0,,,,,,"",""
ball,2,18.5,Canterbury,CJ Bowes,LJ Carter,MB McEwan,0,0,,,,,,"",""
ball,2,18.6,Canterbury,CJ Bowes,LJ Carter,MB McEwan,0,0,,,,,,"",""
ball,2,19.1,Canterbury,LJ Carter,CJ Bowes,DK Ferns,0,0,,,,,,"",""
ball,2,19.2,Canterbury,LJ Carter,CJ Bowes,DK Ferns,4,0,,,,,,"",""
ball,2,19.3,Canterbury,LJ Carter,CJ Bowes,DK Ferns,0,0,,,,,,"",""
ball,2,19.4,Canterbury,LJ Carter,CJ Bowes,DK Ferns,0,0,,,,,,"",""
ball,2,19.5,Canterbury,LJ Carter,CJ Bowes,DK Ferns,0,0,,,,,,"",""
ball,2,19.6,Canterbury,LJ Carter,CJ Bowes,DK Ferns,0,0,,,,,,"",""
ball,2,20.1,Canterbury,CJ Bowes,LJ Carter,MB McEwan,4,0,,,,,,"",""
ball,2,20.2,Canterbury,CJ Bowes,LJ Carter,MB McEwan,1,0,,,,,,"",""
ball,2,20.3,Canterbury,LJ Carter,CJ Bowes,MB McEwan,0,0,,,,,,"",""
ball,2,20.4,Canterbury,LJ Carter,CJ Bowes,MB McEwan,0,0,,,,,,"",""
ball,2,20.5,Canterbury,LJ Carter,CJ Bowes,MB McEwan,4,0,,,,,,"",""
ball,2,20.6,Canterbury,LJ Carter,CJ Bowes,MB McEwan,0,0,,,,,,"",""
ball,2,21.1,Canterbury,CJ Bowes,LJ Carter,DK Ferns,0,0,,,,,,"",""
ball,2,21.2,Canterbury,CJ Bowes,LJ Carter,DK Ferns,0,0,,,,,,"",""
ball,2,21.3,Canterbury,CJ Bowes,LJ Carter,DK Ferns,0,0,,,,,,"",""
ball,2,21.4,Canterbury,CJ Bowes,LJ Carter,DK Ferns,0,0,,,,,,"",""
ball,2,21.5,Canterbury,CJ Bowes,LJ Carter,DK Ferns,0,0,,,,,,"",""
ball,2,21.6,Canterbury,CJ Bowes,LJ Carter,DK Ferns,0,0,,,,,,"",""
ball,2,22.1,Canterbury,LJ Carter,CJ Bowes,MB McEwan,0,0,,,,,,caught,LJ Carter
ball,2,22.2,Canterbury,CE McConchie,CJ Bowes,MB McEwan,2,0,,,,,,"",""
ball,2,22.3,Canterbury,CE McConchie,CJ Bowes,MB McEwan,0,0,,,,,,"",""
ball,2,22.4,Canterbury,CE McConchie,CJ Bowes,MB McEwan,0,0,,,,,,"",""
ball,2,22.5,Canterbury,CE McConchie,CJ Bowes,MB McEwan,0,0,,,,,,"",""
ball,2,22.6,Canterbury,CE McConchie,CJ Bowes,MB McEwan,0,0,,,,,,"",""
ball,2,23.1,Canterbury,CJ Bowes,CE McConchie,DK Ferns,0,0,,,,,,"",""
ball,2,23.2,Canterbury,CJ Bowes,CE McConchie,DK Ferns,4,0,,,,,,"",""
ball,2,23.3,Canterbury,CJ Bowes,CE McConchie,DK Ferns,0,0,,,,,,"",""
ball,2,23.4,Canterbury,CJ Bowes,CE McConchie,DK Ferns,0,0,,,,,,"",""
ball,2,23.5,Canterbury,CJ Bowes,CE McConchie,DK Ferns,1,0,,,,,,"",""
ball,2,23.6,Canterbury,CE McConchie,CJ Bowes,DK Ferns,4,0,,,,,,"",""
ball,2,24.1,Canterbury,CJ Bowes,CE McConchie,BG Lister,0,4,,,4,,,"",""
ball,2,24.2,Canterbury,CJ Bowes,CE McConchie,BG Lister,1,0,,,,,,"",""
ball,2,24.3,Canterbury,CE McConchie,CJ Bowes,BG Lister,0,0,,,,,,"",""
ball,2,24.4,Canterbury,CE McConchie,CJ Bowes,BG Lister,1,0,,,,,,"",""
ball,2,24.5,Canterbury,CJ Bowes,CE McConchie,BG Lister,0,0,,,,,,caught,CJ Bowes
ball,2,24.6,Canterbury,AM Ellis,CE McConchie,BG Lister,0,0,,,,,,"",""
ball,2,25.1,Canterbury,CE McConchie,AM Ellis,SM Solia,2,0,,,,,,"",""
ball,2,25.2,Canterbury,CE McConchie,AM Ellis,SM Solia,1,0,,,,,,"",""
ball,2,25.3,Canterbury,AM Ellis,CE McConchie,SM Solia,0,0,,,,,,"",""
ball,2,25.4,Canterbury,AM Ellis,CE McConchie,SM Solia,0,0,,,,,,"",""
ball,2,25.5,Canterbury,AM Ellis,CE McConchie,SM Solia,0,0,,,,,,"",""
ball,2,25.6,Canterbury,AM Ellis,CE McConchie,SM Solia,0,0,,,,,,"",""
ball,2,26.1,Canterbury,CE McConchie,AM Ellis,BG Lister,2,0,,,,,,"",""
ball,2,26.2,Canterbury,CE McConchie,AM Ellis,BG Lister,0,0,,,,,,"",""
ball,2,26.3,Canterbury,CE McConchie,AM Ellis,BG Lister,0,0,,,,,,"",""
ball,2,26.4,Canterbury,CE McConchie,AM Ellis,BG Lister,1,0,,,,,,"",""
ball,2,26.5,Canterbury,AM Ellis,CE McConchie,BG Lister,0,0,,,,,,"",""
ball,2,26.6,Canterbury,AM Ellis,CE McConchie,BG Lister,0,0,,,,,,"",""
ball,2,27.1,Canterbury,CE McConchie,AM Ellis,SM Solia,0,0,,,,,,"",""
ball,2,27.2,Canterbury,CE McConchie,AM Ellis,SM Solia,0,0,,,,,,"",""
ball,2,27.3,Canterbury,CE McConchie,AM Ellis,SM Solia,0,0,,,,,,bowled,CE McConchie
ball,2,27.4,Canterbury,DR Sams,AM Ellis,SM Solia,0,0,,,,,,"",""
ball,2,27.5,Canterbury,DR Sams,AM Ellis,SM Solia,4,0,,,,,,"",""
ball,2,27.6,Canterbury,DR Sams,AM Ellis,SM Solia,4,0,,,,,,"",""
ball,2,28.1,Canterbury,AM Ellis,DR Sams,MB McEwan,1,0,,,,,,"",""
ball,2,28.2,Canterbury,DR Sams,AM Ellis,MB McEwan,0,0,,,,,,"",""
ball,2,28.3,Canterbury,DR Sams,AM Ellis,MB McEwan,0,0,,,,,,"",""
ball,2,28.4,Canterbury,DR Sams,AM Ellis,MB McEwan,0,0,,,,,,"",""
ball,2,28.5,Canterbury,DR Sams,AM Ellis,MB McEwan,0,0,,,,,,"",""
ball,2,28.6,Canterbury,DR Sams,AM Ellis,MB McEwan,0,0,,,,,,"",""
ball,2,29.1,Canterbury,AM Ellis,DR Sams,SM Solia,0,0,,,,,,"",""
ball,2,29.2,Canterbury,AM Ellis,DR Sams,SM Solia,0,0,,,,,,"",""
ball,2,29.3,Canterbury,AM Ellis,DR Sams,SM Solia,1,0,,,,,,"",""
ball,2,29.4,Canterbury,DR Sams,AM Ellis,SM Solia,6,0,,,,,,"",""
ball,2,29.5,Canterbury,DR Sams,AM Ellis,SM Solia,0,0,,,,,,"",""
ball,2,29.6,Canterbury,DR Sams,AM Ellis,SM Solia,0,0,,,,,,"",""
ball,2,30.1,Canterbury,AM Ellis,DR Sams,MB McEwan,4,0,,,,,,"",""
ball,2,30.2,Canterbury,AM Ellis,DR Sams,MB McEwan,0,0,,,,,,"",""
ball,2,30.3,Canterbury,AM Ellis,DR Sams,MB McEwan,0,0,,,,,,"",""
ball,2,30.4,Canterbury,AM Ellis,DR Sams,MB McEwan,0,0,,,,,,"",""
ball,2,30.5,Canterbury,AM Ellis,DR Sams,MB McEwan,0,0,,,,,,caught,AM Ellis
ball,2,30.6,Canterbury,CD Fletcher,DR Sams,MB McEwan,0,0,,,,,,"",""
ball,2,31.1,Canterbury,DR Sams,CD Fletcher,BG Lister,4,0,,,,,,"",""
ball,2,31.2,Canterbury,DR Sams,CD Fletcher,BG Lister,0,0,,,,,,"",""
ball,2,31.3,Canterbury,DR Sams,CD Fletcher,BG Lister,4,0,,,,,,"",""
ball,2,31.4,Canterbury,DR Sams,CD Fletcher,BG Lister,2,0,,,,,,"",""
ball,2,31.5,Canterbury,DR Sams,CD Fletcher,BG Lister,1,0,,,,,,"",""
ball,2,31.6,Canterbury,CD Fletcher,DR Sams,BG Lister,0,0,,,,,,"",""
ball,2,32.1,Canterbury,DR Sams,CD Fletcher,MB McEwan,2,0,,,,,,"",""
ball,2,32.2,Canterbury,DR Sams,CD Fletcher,MB McEwan,2,0,,,,,,"",""
ball,2,32.3,Canterbury,DR Sams,CD Fletcher,MB McEwan,0,0,,,,,,"",""
ball,2,32.4,Canterbury,DR Sams,CD Fletcher,MB McEwan,0,0,,,,,,"",""
ball,2,32.5,Canterbury,DR Sams,CD Fletcher,MB McEwan,0,0,,,,,,"",""
ball,2,32.6,Canterbury,DR Sams,CD Fletcher,MB McEwan,1,0,,,,,,"",""
ball,2,33.1,Canterbury,DR Sams,CD Fletcher,BG Lister,0,0,,,,,,"",""
ball,2,33.2,Canterbury,DR Sams,CD Fletcher,BG Lister,1,0,,,,,,"",""
ball,2,33.3,Canterbury,CD Fletcher,DR Sams,BG Lister,1,0,,,,,,"",""
ball,2,33.4,Canterbury,DR Sams,CD Fletcher,BG Lister,0,0,,,,,,"",""
ball,2,33.5,Canterbury,DR Sams,CD Fletcher,BG Lister,0,0,,,,,,"",""
ball,2,33.6,Canterbury,DR Sams,CD Fletcher,BG Lister,0,0,,,,,,"",""
ball,2,34.1,Canterbury,CD Fletcher,DR Sams,MB McEwan,4,0,,,,,,"",""
ball,2,34.2,Canterbury,CD Fletcher,DR Sams,MB McEwan,0,0,,,,,,"",""
ball,2,34.3,Canterbury,CD Fletcher,DR Sams,MB McEwan,0,0,,,,,,"",""
ball,2,34.4,Canterbury,CD Fletcher,DR Sams,MB McEwan,0,0,,,,,,"",""
ball,2,34.5,Canterbury,CD Fletcher,DR Sams,MB McEwan,0,0,,,,,,"",""
ball,2,34.6,Canterbury,CD Fletcher,DR Sams,MB McEwan,0,0,,,,,,"",""
ball,2,35.1,Canterbury,DR Sams,CD Fletcher,DK Ferns,0,0,,,,,,"",""
ball,2,35.2,Canterbury,DR Sams,CD Fletcher,DK Ferns,0,0,,,,,,"",""
ball,2,35.3,Canterbury,DR Sams,CD Fletcher,DK Ferns,1,0,,,,,,"",""
ball,2,35.4,Canterbury,CD Fletcher,DR Sams,DK Ferns,0,0,,,,,,"",""
ball,2,35.5,Canterbury,CD Fletcher,DR Sams,DK Ferns,1,0,,,,,,"",""
ball,2,35.6,Canterbury,DR Sams,CD Fletcher,DK Ferns,0,0,,,,,,"",""
ball,2,36.1,Canterbury,CD Fletcher,DR Sams,MB McEwan,0,0,,,,,,"",""
ball,2,36.2,Canterbury,CD Fletcher,DR Sams,MB McEwan,0,0,,,,,,"",""
ball,2,36.3,Canterbury,CD Fletcher,DR Sams,MB McEwan,0,0,,,,,,"",""
ball,2,36.4,Canterbury,CD Fletcher,DR Sams,MB McEwan,4,0,,,,,,"",""
ball,2,36.5,Canterbury,CD Fletcher,DR Sams,MB McEwan,0,0,,,,,,"",""
ball,2,36.6,Canterbury,CD Fletcher,DR Sams,MB McEwan,0,0,,,,,,"",""
ball,2,37.1,Canterbury,DR Sams,CD Fletcher,DK Ferns,1,0,,,,,,"",""
ball,2,37.2,Canterbury,CD Fletcher,DR Sams,DK Ferns,0,0,,,,,,"",""
ball,2,37.3,Canterbury,CD Fletcher,DR Sams,DK Ferns,1,0,,,,,,"",""
ball,2,37.4,Canterbury,DR Sams,CD Fletcher,DK Ferns,0,0,,,,,,"",""
ball,2,37.5,Canterbury,DR Sams,CD Fletcher,DK Ferns,1,0,,,,,,"",""
ball,2,37.6,Canterbury,CD Fletcher,DR Sams,DK Ferns,4,0,,,,,,"",""
ball,2,38.1,Canterbury,DR Sams,CD Fletcher,MB McEwan,1,0,,,,,,"",""
ball,2,38.2,Canterbury,CD Fletcher,DR Sams,MB McEwan,1,0,,,,,,"",""
ball,2,38.3,Canterbury,DR Sams,CD Fletcher,MB McEwan,1,0,,,,,,"",""
ball,2,38.4,Canterbury,CD Fletcher,DR Sams,MB McEwan,1,0,,,,,,"",""
ball,2,38.5,Canterbury,DR Sams,CD Fletcher,MB McEwan,0,0,,,,,,"",""
ball,2,38.6,Canterbury,DR Sams,CD Fletcher,MB McEwan,0,0,,,,,,"",""
ball,2,39.1,Canterbury,CD Fletcher,DR Sams,RS Sandhu,0,0,,,,,,"",""
ball,2,39.2,Canterbury,CD Fletcher,DR Sams,RS Sandhu,0,0,,,,,,"",""
ball,2,39.3,Canterbury,CD Fletcher,DR Sams,RS Sandhu,0,0,,,,,,"",""
ball,2,39.4,Canterbury,CD Fletcher,DR Sams,RS Sandhu,0,1,,,,1,,"",""
ball,2,39.5,Canterbury,DR Sams,CD Fletcher,RS Sandhu,6,0,,,,,,"",""
ball,2,39.6,Canterbury,DR Sams,CD Fletcher,RS Sandhu,0,0,,,,,,"",""
ball,2,40.1,Canterbury,CD Fletcher,DR Sams,GD Phillips,0,0,,,,,,"",""
ball,2,40.2,Canterbury,CD Fletcher,DR Sams,GD Phillips,1,0,,,,,,"",""
ball,2,40.3,Canterbury,DR Sams,CD Fletcher,GD Phillips,1,0,,,,,,"",""
ball,2,40.4,Canterbury,CD Fletcher,DR Sams,GD Phillips,0,0,,,,,,"",""
ball,2,40.5,Canterbury,CD Fletcher,DR Sams,GD Phillips,0,0,,,,,,"",""
ball,2,40.6,Canterbury,CD Fletcher,DR Sams,GD Phillips,0,0,,,,,,"",""
ball,2,41.1,Canterbury,DR Sams,CD Fletcher,RS Sandhu,0,0,,,,,,"",""
ball,2,41.2,Canterbury,DR Sams,CD Fletcher,RS Sandhu,2,0,,,,,,"",""
ball,2,41.3,Canterbury,DR Sams,CD Fletcher,RS Sandhu,0,0,,,,,,"",""
ball,2,41.4,Canterbury,DR Sams,CD Fletcher,RS Sandhu,0,0,,,,,,"",""
ball,2,41.5,Canterbury,DR Sams,CD Fletcher,RS Sandhu,0,0,,,,,,"",""
ball,2,41.6,Canterbury,DR Sams,CD Fletcher,RS Sandhu,4,0,,,,,,"",""
ball,2,42.1,Canterbury,CD Fletcher,DR Sams,GD Phillips,0,0,,,,,,"",""
ball,2,42.2,Canterbury,CD Fletcher,DR Sams,GD Phillips,2,0,,,,,,"",""
ball,2,42.3,Canterbury,CD Fletcher,DR Sams,GD Phillips,0,0,,,,,,"",""
ball,2,42.4,Canterbury,CD Fletcher,DR Sams,GD Phillips,0,0,,,,,,"",""
ball,2,42.5,Canterbury,CD Fletcher,DR Sams,GD Phillips,1,0,,,,,,"",""
ball,2,42.6,Canterbury,DR Sams,CD Fletcher,GD Phillips,0,0,,,,,,"",""
ball,2,43.1,Canterbury,CD Fletcher,DR Sams,RS Sandhu,0,0,,,,,,"",""
ball,2,43.2,Canterbury,CD Fletcher,DR Sams,RS Sandhu,0,0,,,,,,"",""
ball,2,43.3,Canterbury,CD Fletcher,DR Sams,RS Sandhu,0,0,,,,,,"",""
ball,2,43.4,Canterbury,CD Fletcher,DR Sams,RS Sandhu,0,0,,,,,,"",""
ball,2,43.5,Canterbury,CD Fletcher,DR Sams,RS Sandhu,0,0,,,,,,"",""
ball,2,43.6,Canterbury,CD Fletcher,DR Sams,RS Sandhu,0,0,,,,,,"",""
ball,2,44.1,Canterbury,DR Sams,CD Fletcher,GD Phillips,2,0,,,,,,"",""
ball,2,44.2,Canterbury,DR Sams,CD Fletcher,GD Phillips,6,0,,,,,,"",""
ball,2,44.3,Canterbury,DR Sams,CD Fletcher,GD Phillips,0,0,,,,,,caught,DR Sams
ball,2,44.4,Canterbury,TG Johnston,CD Fletcher,GD Phillips,0,0,,,,,,"",""
ball,2,44.5,Canterbury,TG Johnston,CD Fletcher,GD Phillips,1,0,,,,,,"",""
ball,2,44.6,Canterbury,CD Fletcher,TG Johnston,GD Phillips,1,0,,,,,,"",""
ball,2,45.1,Canterbury,CD Fletcher,TG Johnston,RS Sandhu,0,0,,,,,,"",""
ball,2,45.2,Canterbury,CD Fletcher,TG Johnston,RS Sandhu,2,0,,,,,,"",""
ball,2,45.3,Canterbury,CD Fletcher,TG Johnston,RS Sandhu,0,0,,,,,,"",""
ball,2,45.4,Canterbury,CD Fletcher,TG Johnston,RS Sandhu,6,0,,,,,,"",""
ball,2,45.5,Canterbury,CD Fletcher,TG Johnston,RS Sandhu,0,0,,,,,,"",""
ball,2,45.6,Canterbury,CD Fletcher,TG Johnston,RS Sandhu,0,0,,,,,,"",""
ball,2,46.1,Canterbury,TG Johnston,CD Fletcher,GD Phillips,1,0,,,,,,"",""
ball,2,46.2,Canterbury,CD Fletcher,TG Johnston,GD Phillips,0,0,,,,,,"",""
ball,2,46.3,Canterbury,CD Fletcher,TG Johnston,GD Phillips,1,0,,,,,,"",""
ball,2,46.4,Canterbury,TG Johnston,CD Fletcher,GD Phillips,4,0,,,,,,"",""
ball,2,46.5,Canterbury,TG Johnston,CD Fletcher,GD Phillips,1,0,,,,,,"",""
ball,2,46.6,Canterbury,CD Fletcher,TG Johnston,GD Phillips,0,0,,,,,,"",""
ball,2,47.1,Canterbury,TG Johnston,CD Fletcher,SM Solia,1,0,,,,,,"",""
ball,2,47.2,Canterbury,CD Fletcher,TG Johnston,SM Solia,0,0,,,,,,"",""
ball,2,47.3,Canterbury,CD Fletcher,TG Johnston,SM Solia,0,0,,,,,,"",""
ball,2,47.4,Canterbury,CD Fletcher,TG Johnston,SM Solia,0,0,,,,,,"",""
ball,2,47.5,Canterbury,CD Fletcher,TG Johnston,SM Solia,0,0,,,,,,caught,CD Fletcher
ball,2,47.6,Canterbury,WSA Williams,TG Johnston,SM Solia,0,0,,,,,,"",""
ball,2,48.1,Canterbury,TG Johnston,WSA Williams,GD Phillips,1,0,,,,,,"",""
ball,2,48.2,Canterbury,WSA Williams,TG Johnston,GD Phillips,0,0,,,,,,"",""
ball,2,48.3,Canterbury,WSA Williams,TG Johnston,GD Phillips,0,0,,,,,,"",""
ball,2,48.4,Canterbury,WSA Williams,TG Johnston,GD Phillips,0,0,,,,,,"",""
ball,2,48.5,Canterbury,WSA Williams,TG Johnston,GD Phillips,0,0,,,,,,"",""
ball,2,48.6,Canterbury,WSA Williams,TG Johnston,GD Phillips,1,0,,,,,,"",""
ball,2,49.1,Canterbury,WSA Williams,TG Johnston,SM Solia,0,0,,,,,,"",""
ball,2,49.2,Canterbury,WSA Williams,TG Johnston,SM Solia,2,0,,,,,,"",""
ball,2,49.3,Canterbury,WSA Williams,TG Johnston,SM Solia,0,0,,,,,,"",""
ball,2,49.4,Canterbury,WSA Williams,TG Johnston,SM Solia,0,0,,,,,,"",""
ball,2,49.5,Canterbury,WSA Williams,TG Johnston,SM Solia,0,0,,,,,,"",""
ball,2,49.6,Canterbury,WSA Williams,TG Johnston,SM Solia,0,0,,,,,,"",""
ball,2,50.1,Canterbury,TG Johnston,WSA Williams,GD Phillips,0,0,,,,,,"",""
ball,2,50.2,Canterbury,TG Johnston,WSA Williams,GD Phillips,0,0,,,,,,"",""
ball,2,50.3,Canterbury,TG Johnston,WSA Williams,GD Phillips,0,0,,,,,,"",""
ball,2,50.4,Canterbury,TG Johnston,WSA Williams,GD Phillips,4,0,,,,,,"",""
ball,2,50.5,Canterbury,TG Johnston,WSA Williams,GD Phillips,2,0,,,,,,"",""
ball,2,50.6,Canterbury,TG Johnston,WSA Williams,GD Phillips,0,0,,,,,,"",""
ball,2,51.1,Canterbury,WSA Williams,TG Johnston,MB McEwan,0,0,,,,,,"",""
ball,2,51.2,Canterbury,WSA Williams,TG Johnston,MB McEwan,0,0,,,,,,"",""
ball,2,51.3,Canterbury,WSA Williams,TG Johnston,MB McEwan,0,0,,,,,,"",""
ball,2,51.4,Canterbury,WSA Williams,TG Johnston,MB McEwan,0,0,,,,,,"",""
ball,2,51.5,Canterbury,WSA Williams,TG Johnston,MB McEwan,0,0,,,,,,"",""
ball,2,51.6,Canterbury,WSA Williams,TG Johnston,MB McEwan,0,0,,,,,,"",""
ball,2,52.1,Canterbury,TG Johnston,WSA Williams,BG Lister,0,0,,,,,,"",""
ball,2,52.2,Canterbury,TG Johnston,WSA Williams,BG Lister,0,0,,,,,,"",""
ball,2,52.3,Canterbury,TG Johnston,WSA Williams,BG Lister,0,0,,,,,,"",""
ball,2,52.4,Canterbury,TG Johnston,WSA Williams,BG Lister,0,0,,,,,,"",""
ball,2,52.5,Canterbury,TG Johnston,WSA Williams,BG Lister,1,0,,,,,,"",""
ball,2,52.6,Canterbury,WSA Williams,TG Johnston,BG Lister,0,0,,,,,,"",""
ball,2,53.1,Canterbury,TG Johnston,WSA Williams,MB McEwan,0,0,,,,,,"",""
ball,2,53.2,Canterbury,TG Johnston,WSA Williams,MB McEwan,0,0,,,,,,"",""
ball,2,53.3,Canterbury,TG Johnston,WSA Williams,MB McEwan,0,1,,,,1,,"",""
ball,2,53.4,Canterbury,WSA Williams,TG Johnston,MB McEwan,0,0,,,,,,"",""
ball,2,53.5,Canterbury,WSA Williams,TG Johnston,MB McEwan,0,0,,,,,,"",""
ball,2,53.6,Canterbury,WSA Williams,TG Johnston,MB McEwan,0,0,,,,,,"",""
ball,2,54.1,Canterbury,TG Johnston,WSA Williams,BG Lister,0,0,,,,,,"",""
ball,2,54.2,Canterbury,TG Johnston,WSA Williams,BG Lister,0,0,,,,,,"",""
ball,2,54.3,Canterbury,TG Johnston,WSA Williams,BG Lister,1,0,,,,,,"",""
ball,2,54.4,Canterbury,WSA Williams,TG Johnston,BG Lister,0,0,,,,,,"",""
ball,2,54.5,Canterbury,WSA Williams,TG Johnston,BG Lister,0,0,,,,,,"",""
ball,2,54.6,Canterbury,WSA Williams,TG Johnston,BG Lister,0,0,,,,,,"",""
ball,2,55.1,Canterbury,TG Johnston,WSA Williams,MB McEwan,1,0,,,,,,"",""
ball,2,55.2,Canterbury,WSA Williams,TG Johnston,MB McEwan,0,0,,,,,,"",""
ball,2,55.3,Canterbury,WSA Williams,TG Johnston,MB McEwan,1,0,,,,,,"",""
ball,2,55.4,Canterbury,TG Johnston,WSA Williams,MB McEwan,0,4,,,,4,,"",""
ball,2,55.5,Canterbury,TG Johnston,WSA Williams,MB McEwan,0,0,,,,,,"",""
ball,2,55.6,Canterbury,TG Johnston,WSA Williams,MB McEwan,2,0,,,,,,"",""
ball,2,56.1,Canterbury,WSA Williams,TG Johnston,BG Lister,0,0,,,,,,"",""
ball,2,56.2,Canterbury,WSA Williams,TG Johnston,BG Lister,0,0,,,,,,"",""
ball,2,56.3,Canterbury,WSA Williams,TG Johnston,BG Lister,4,0,,,,,,"",""
ball,2,56.4,Canterbury,WSA Williams,TG Johnston,BG Lister,0,0,,,,,,"",""
ball,2,56.5,Canterbury,WSA Williams,TG Johnston,BG Lister,0,0,,,,,,"",""
ball,2,56.6,Canterbury,WSA Williams,TG Johnston,BG Lister,1,0,,,,,,"",""
ball,2,57.1,Canterbury,WSA Williams,TG Johnston,MB McEwan,0,0,,,,,,"",""
ball,2,57.2,Canterbury,WSA Williams,TG Johnston,MB McEwan,0,0,,,,,,"",""
ball,2,57.3,Canterbury,WSA Williams,TG Johnston,MB McEwan,0,0,,,,,,"",""
ball,2,57.4,Canterbury,WSA Williams,TG Johnston,MB McEwan,0,0,,,,,,"",""
ball,2,57.5,Canterbury,WSA Williams,TG Johnston,MB McEwan,0,0,,,,,,"",""
ball,2,57.6,Canterbury,WSA Williams,TG Johnston,MB McEwan,0,0,,,,,,"",""
ball,2,58.1,Canterbury,TG Johnston,WSA Williams,BG Lister,1,0,,,,,,"",""
ball,2,58.2,Canterbury,WSA Williams,TG Johnston,BG Lister,0,0,,,,,,caught,WSA Williams
ball,2,58.3,Canterbury,FW Sheat,TG Johnston,BG Lister,0,0,,,,,,"",""
ball,2,58.4,Canterbury,FW Sheat,TG Johnston,BG Lister,0,0,,,,,,"",""
ball,2,58.5,Canterbury,FW Sheat,TG Johnston,BG Lister,0,0,,,,,,"",""
ball,2,58.6,Canterbury,FW Sheat,TG Johnston,BG Lister,0,0,,,,,,"",""
ball,2,59.1,Canterbury,TG Johnston,FW Sheat,MB McEwan,0,0,,,,,,"",""
ball,2,59.2,Canterbury,TG Johnston,FW Sheat,MB McEwan,0,0,,,,,,"",""
ball,2,59.3,Canterbury,TG Johnston,FW Sheat,MB McEwan,0,0,,,,,,"",""
ball,2,59.4,Canterbury,TG Johnston,FW Sheat,MB McEwan,0,0,,,,,,bowled,TG Johnston
ball,3,0.1,Auckland Aces,ML Guptill-Bunce,MJ Barry,DR Sams,0,0,,,,,,"",""
ball,3,0.2,Auckland Aces,ML Guptill-Bunce,MJ Barry,DR Sams,0,0,,,,,,"",""
ball,3,0.3,Auckland Aces,ML Guptill-Bunce,MJ Barry,DR Sams,1,0,,,,,,"",""
ball,3,0.4,Auckland Aces,MJ Barry,ML Guptill-Bunce,DR Sams,0,0,,,,,,"",""
ball,3,0.5,Auckland Aces,MJ Barry,ML Guptill-Bunce,DR Sams,0,0,,,,,,"",""
ball,3,0.6,Auckland Aces,MJ Barry,ML Guptill-Bunce,DR Sams,4,0,,,,,,"",""
ball,3,1.1,Auckland Aces,ML Guptill-Bunce,MJ Barry,WSA Williams,0,0,,,,,,"",""
ball,3,1.2,Auckland Aces,ML Guptill-Bunce,MJ Barry,WSA Williams,0,0,,,,,,"",""
ball,3,1.3,Auckland Aces,ML Guptill-Bunce,MJ Barry,WSA Williams,0,0,,,,,,"",""
ball,3,1.4,Auckland Aces,ML Guptill-Bunce,MJ Barry,WSA Williams,0,0,,,,,,"",""
ball,3,1.5,Auckland Aces,ML Guptill-Bunce,MJ Barry,WSA Williams,2,0,,,,,,"",""
ball,3,1.6,Auckland Aces,ML Guptill-Bunce,MJ Barry,WSA Williams,0,0,,,,,,"",""
ball,3,2.1,Auckland Aces,MJ Barry,ML Guptill-Bunce,DR Sams,0,0,,,,,,"",""
ball,3,2.2,Auckland Aces,MJ Barry,ML Guptill-Bunce,DR Sams,0,0,,,,,,"",""
ball,3,2.3,Auckland Aces,MJ Barry,ML Guptill-Bunce,DR Sams,0,0,,,,,,"",""
ball,3,2.4,Auckland Aces,MJ Barry,ML Guptill-Bunce,DR Sams,0,0,,,,,,"",""
ball,3,2.5,Auckland Aces,MJ Barry,ML Guptill-Bunce,DR Sams,0,0,,,,,,"",""
ball,3,2.6,Auckland Aces,MJ Barry,ML Guptill-Bunce,DR Sams,1,0,,,,,,"",""
ball,3,3.1,Auckland Aces,MJ Barry,ML Guptill-Bunce,WSA Williams,0,0,,,,,,"",""
ball,3,3.2,Auckland Aces,MJ Barry,ML Guptill-Bunce,WSA Williams,0,0,,,,,,"",""
ball,3,3.3,Auckland Aces,MJ Barry,ML Guptill-Bunce,WSA Williams,0,0,,,,,,"",""
ball,3,3.4,Auckland Aces,MJ Barry,ML Guptill-Bunce,WSA Williams,1,0,,,,,,"",""
ball,3,3.5,Auckland Aces,ML Guptill-Bunce,MJ Barry,WSA Williams,2,0,,,,,,"",""
ball,3,3.6,Auckland Aces,ML Guptill-Bunce,MJ Barry,WSA Williams,4,0,,,,,,"",""
ball,3,4.1,Auckland Aces,MJ Barry,ML Guptill-Bunce,DR Sams,1,0,,,,,,"",""
ball,3,4.2,Auckland Aces,ML Guptill-Bunce,MJ Barry,DR Sams,0,0,,,,,,"",""
ball,3,4.3,Auckland Aces,ML Guptill-Bunce,MJ Barry,DR Sams,4,0,,,,,,"",""
ball,3,4.4,Auckland Aces,ML Guptill-Bunce,MJ Barry,DR Sams,0,0,,,,,,"",""
ball,3,4.5,Auckland Aces,ML Guptill-Bunce,MJ Barry,DR Sams,1,0,,,,,,"",""
ball,3,4.6,Auckland Aces,MJ Barry,ML Guptill-Bunce,DR Sams,0,0,,,,,,"",""
ball,3,5.1,Auckland Aces,ML Guptill-Bunce,MJ Barry,WSA Williams,2,0,,,,,,"",""
ball,3,5.2,Auckland Aces,ML Guptill-Bunce,MJ Barry,WSA Williams,2,0,,,,,,"",""
ball,3,5.3,Auckland Aces,ML Guptill-Bunce,MJ Barry,WSA Williams,4,0,,,,,,"",""
ball,3,5.4,Auckland Aces,ML Guptill-Bunce,MJ Barry,WSA Williams,0,0,,,,,,"",""
ball,3,5.5,Auckland Aces,ML Guptill-Bunce,MJ Barry,WSA Williams,4,0,,,,,,"",""
ball,3,5.6,Auckland Aces,ML Guptill-Bunce,MJ Barry,WSA Williams,4,0,,,,,,"",""
ball,3,6.1,Auckland Aces,MJ Barry,ML Guptill-Bunce,DR Sams,0,0,,,,,,"",""
ball,3,6.2,Auckland Aces,MJ Barry,ML Guptill-Bunce,DR Sams,0,0,,,,,,bowled,MJ Barry
ball,3,6.3,Auckland Aces,RR O'Donnell,ML Guptill-Bunce,DR Sams,0,0,,,,,,"",""
ball,3,6.4,Auckland Aces,RR O'Donnell,ML Guptill-Bunce,DR Sams,0,0,,,,,,"",""
ball,3,6.5,Auckland Aces,RR O'Donnell,ML Guptill-Bunce,DR Sams,0,2,,,,2,,"",""
ball,3,6.6,Auckland Aces,RR O'Donnell,ML Guptill-Bunce,DR Sams,0,0,,,,,,"",""
ball,3,7.1,Auckland Aces,ML Guptill-Bunce,RR O'Donnell,WSA Williams,1,0,,,,,,"",""
ball,3,7.2,Auckland Aces,RR O'Donnell,ML Guptill-Bunce,WSA Williams,0,0,,,,,,"",""
ball,3,7.3,Auckland Aces,RR O'Donnell,ML Guptill-Bunce,WSA Williams,0,0,,,,,,"",""
ball,3,7.4,Auckland Aces,RR O'Donnell,ML Guptill-Bunce,WSA Williams,2,0,,,,,,"",""
ball,3,7.5,Auckland Aces,RR O'Donnell,ML Guptill-Bunce,WSA Williams,4,0,,,,,,"",""
ball,3,7.6,Auckland Aces,RR O'Donnell,ML Guptill-Bunce,WSA Williams,0,0,,,,,,"",""
ball,3,8.1,Auckland Aces,ML Guptill-Bunce,RR O'Donnell,DR Sams,2,0,,,,,,"",""
ball,3,8.2,Auckland Aces,ML Guptill-Bunce,RR O'Donnell,DR Sams,1,0,,,,,,"",""
ball,3,8.3,Auckland Aces,RR O'Donnell,ML Guptill-Bunce,DR Sams,0,0,,,,,,"",""
ball,3,8.4,Auckland Aces,RR O'Donnell,ML Guptill-Bunce,DR Sams,0,0,,,,,,"",""
ball,3,8.5,Auckland Aces,RR O'Donnell,ML Guptill-Bunce,DR Sams,3,0,,,,,,"",""
ball,3,8.6,Auckland Aces,ML Guptill-Bunce,RR O'Donnell,DR Sams,0,1,1,,,,,"",""
ball,3,8.7,Auckland Aces,ML Guptill-Bunce,RR O'Donnell,DR Sams,0,0,,,,,,"",""
ball,3,9.1,Auckland Aces,RR O'Donnell,ML Guptill-Bunce,WSA Williams,0,0,,,,,,"",""
ball,3,9.2,Auckland Aces,RR O'Donnell,ML Guptill-Bunce,WSA Williams,0,0,,,,,,"",""
ball,3,9.3,Auckland Aces,RR O'Donnell,ML Guptill-Bunce,WSA Williams,0,0,,,,,,"",""
ball,3,9.4,Auckland Aces,RR O'Donnell,ML Guptill-Bunce,WSA Williams,1,0,,,,,,"",""
ball,3,9.5,Auckland Aces,ML Guptill-Bunce,RR O'Donnell,WSA Williams,0,0,,,,,,"",""
ball,3,9.6,Auckland Aces,ML Guptill-Bunce,RR O'Donnell,WSA Williams,1,0,,,,,,"",""
ball,3,10.1,Auckland Aces,ML Guptill-Bunce,RR O'Donnell,DR Sams,0,0,,,,,,"",""
ball,3,10.2,Auckland Aces,ML Guptill-Bunce,RR O'Donnell,DR Sams,4,0,,,,,,"",""
ball,3,10.3,Auckland Aces,ML Guptill-Bunce,RR O'Donnell,DR Sams,0,0,,,,,,"",""
ball,3,10.4,Auckland Aces,ML Guptill-Bunce,RR O'Donnell,DR Sams,0,0,,,,,,"",""
ball,3,10.5,Auckland Aces,ML Guptill-Bunce,RR O'Donnell,DR Sams,0,0,,,,,,"",""
ball,3,10.6,Auckland Aces,ML Guptill-Bunce,RR O'Donnell,DR Sams,0,0,,,,,,"",""
ball,3,11.1,Auckland Aces,RR O'Donnell,ML Guptill-Bunce,AM Ellis,0,0,,,,,,"",""
ball,3,11.2,Auckland Aces,RR O'Donnell,ML Guptill-Bunce,AM Ellis,0,0,,,,,,"",""
ball,3,11.3,Auckland Aces,RR O'Donnell,ML Guptill-Bunce,AM Ellis,0,0,,,,,,"",""
ball,3,11.4,Auckland Aces,RR O'Donnell,ML Guptill-Bunce,AM Ellis,0,0,,,,,,"",""
ball,3,11.5,Auckland Aces,RR O'Donnell,ML Guptill-Bunce,AM Ellis,0,0,,,,,,"",""
ball,3,11.6,Auckland Aces,RR O'Donnell,ML Guptill-Bunce,AM Ellis,0,0,,,,,,"",""
ball,3,12.1,Auckland Aces,ML Guptill-Bunce,RR O'Donnell,DR Sams,0,0,,,,,,"",""
ball,3,12.2,Auckland Aces,ML Guptill-Bunce,RR O'Donnell,DR Sams,0,0,,,,,,"",""
ball,3,12.3,Auckland Aces,ML Guptill-Bunce,RR O'Donnell,DR Sams,0,0,,,,,,"",""
ball,3,12.4,Auckland Aces,ML Guptill-Bunce,RR O'Donnell,DR Sams,4,0,,,,,,"",""
ball,3,12.5,Auckland Aces,ML Guptill-Bunce,RR O'Donnell,DR Sams,1,0,,,,,,"",""
ball,3,12.6,Auckland Aces,RR O'Donnell,ML Guptill-Bunce,DR Sams,4,0,,,,,,"",""
ball,3,13.1,Auckland Aces,ML Guptill-Bunce,RR O'Donnell,AM Ellis,0,0,,,,,,"",""
ball,3,13.2,Auckland Aces,ML Guptill-Bunce,RR O'Donnell,AM Ellis,0,0,,,,,,"",""
ball,3,13.3,Auckland Aces,ML Guptill-Bunce,RR O'Donnell,AM Ellis,1,0,,,,,,"",""
ball,3,13.4,Auckland Aces,RR O'Donnell,ML Guptill-Bunce,AM Ellis,0,0,,,,,,"",""
ball,3,13.5,Auckland Aces,RR O'Donnell,ML Guptill-Bunce,AM Ellis,0,0,,,,,,"",""
ball,3,13.6,Auckland Aces,RR O'Donnell,ML Guptill-Bunce,AM Ellis,4,0,,,,,,"",""
ball,3,14.1,Auckland Aces,ML Guptill-Bunce,RR O'Donnell,TG Johnston,1,0,,,,,,"",""
ball,3,14.2,Auckland Aces,RR O'Donnell,ML Guptill-Bunce,TG Johnston,0,0,,,,,,"",""
ball,3,14.3,Auckland Aces,RR O'Donnell,ML Guptill-Bunce,TG Johnston,0,0,,,,,,"",""
ball,3,14.4,Auckland Aces,RR O'Donnell,ML Guptill-Bunce,TG Johnston,0,0,,,,,,"",""
ball,3,14.5,Auckland Aces,RR O'Donnell,ML Guptill-Bunce,TG Johnston,0,0,,,,,,"",""
ball,3,14.6,Auckland Aces,RR O'Donnell,ML Guptill-Bunce,TG Johnston,0,0,,,,,,"",""
ball,3,15.1,Auckland Aces,ML Guptill-Bunce,RR O'Donnell,AM Ellis,0,0,,,,,,"",""
ball,3,15.2,Auckland Aces,ML Guptill-Bunce,RR O'Donnell,AM Ellis,0,0,,,,,,"",""
ball,3,15.3,Auckland Aces,ML Guptill-Bunce,RR O'Donnell,AM Ellis,4,0,,,,,,"",""
ball,3,15.4,Auckland Aces,ML Guptill-Bunce,RR O'Donnell,AM Ellis,0,0,,,,,,"",""
ball,3,15.5,Auckland Aces,ML Guptill-Bunce,RR O'Donnell,AM Ellis,1,0,,,,,,"",""
ball,3,15.6,Auckland Aces,RR O'Donnell,ML Guptill-Bunce,AM Ellis,0,0,,,,,,"",""
ball,3,16.1,Auckland Aces,ML Guptill-Bunce,RR O'Donnell,TG Johnston,0,0,,,,,,"",""
ball,3,16.2,Auckland Aces,ML Guptill-Bunce,RR O'Donnell,TG Johnston,0,0,,,,,,caught,ML Guptill-Bunce
ball,3,16.3,Auckland Aces,GD Phillips,RR O'Donnell,TG Johnston,0,0,,,,,,"",""
ball,3,16.4,Auckland Aces,GD Phillips,RR O'Donnell,TG Johnston,0,0,,,,,,"",""
ball,3,16.5,Auckland Aces,GD Phillips,RR O'Donnell,TG Johnston,4,0,,,,,,"",""
ball,3,16.6,Auckland Aces,GD Phillips,RR O'Donnell,TG Johnston,0,1,,1,,,,"",""
ball,3,16.7,Auckland Aces,GD Phillips,RR O'Donnell,TG Johnston,0,0,,,,,,"",""
ball,3,17.1,Auckland Aces,RR O'Donnell,GD Phillips,AM Ellis,0,0,,,,,,"",""
ball,3,17.2,Auckland Aces,RR O'Donnell,GD Phillips,AM Ellis,1,0,,,,,,"",""
ball,3,17.3,Auckland Aces,GD Phillips,RR O'Donnell,AM Ellis,0,0,,,,,,"",""
ball,3,17.4,Auckland Aces,GD Phillips,RR O'Donnell,AM Ellis,0,0,,,,,,"",""
ball,3,17.5,Auckland Aces,GD Phillips,RR O'Donnell,AM Ellis,0,0,,,,,,"",""
ball,3,17.6,Auckland Aces,GD Phillips,RR O'Donnell,AM Ellis,0,0,,,,,,"",""
ball,3,18.1,Auckland Aces,RR O'Donnell,GD Phillips,TG Johnston,0,0,,,,,,"",""
ball,3,18.2,Auckland Aces,RR O'Donnell,GD Phillips,TG Johnston,0,0,,,,,,"",""
ball,3,18.3,Auckland Aces,RR O'Donnell,GD Phillips,TG Johnston,0,0,,,,,,"",""
ball,3,18.4,Auckland Aces,RR O'Donnell,GD Phillips,TG Johnston,0,0,,,,,,"",""
ball,3,18.5,Auckland Aces,RR O'Donnell,GD Phillips,TG Johnston,6,0,,,,,,"",""
ball,3,18.6,Auckland Aces,RR O'Donnell,GD Phillips,TG Johnston,1,0,,,,,,"",""
ball,3,19.1,Auckland Aces,RR O'Donnell,GD Phillips,AM Ellis,1,0,,,,,,"",""
ball,3,19.2,Auckland Aces,GD Phillips,RR O'Donnell,AM Ellis,0,0,,,,,,"",""
ball,3,19.3,Auckland Aces,GD Phillips,RR O'Donnell,AM Ellis,1,0,,,,,,"",""
ball,3,19.4,Auckland Aces,RR O'Donnell,GD Phillips,AM Ellis,1,0,,,,,,"",""
ball,3,19.5,Auckland Aces,GD Phillips,RR O'Donnell,AM Ellis,2,0,,,,,,"",""
ball,3,19.6,Auckland Aces,GD Phillips,RR O'Donnell,AM Ellis,0,0,,,,,,"",""
ball,3,20.1,Auckland Aces,RR O'Donnell,GD Phillips,TG Johnston,0,0,,,,,,"",""
ball,3,20.2,Auckland Aces,RR O'Donnell,GD Phillips,TG Johnston,0,0,,,,,,"",""
ball,3,20.3,Auckland Aces,RR O'Donnell,GD Phillips,TG Johnston,0,0,,,,,,"",""
ball,3,20.4,Auckland Aces,RR O'Donnell,GD Phillips,TG Johnston,0,0,,,,,,"",""
ball,3,20.5,Auckland Aces,RR O'Donnell,GD Phillips,TG Johnston,0,0,,,,,,"",""
ball,3,20.6,Auckland Aces,RR O'Donnell,GD Phillips,TG Johnston,2,0,,,,,,"",""
ball,3,21.1,Auckland Aces,GD Phillips,RR O'Donnell,FW Sheat,0,0,,,,,,"",""
ball,3,21.2,Auckland Aces,GD Phillips,RR O'Donnell,FW Sheat,4,0,,,,,,"",""
ball,3,21.3,Auckland Aces,GD Phillips,RR O'Donnell,FW Sheat,0,0,,,,,,"",""
ball,3,21.4,Auckland Aces,GD Phillips,RR O'Donnell,FW Sheat,1,0,,,,,,"",""
ball,3,21.5,Auckland Aces,RR O'Donnell,GD Phillips,FW Sheat,0,0,,,,,,"",""
ball,3,21.6,Auckland Aces,RR O'Donnell,GD Phillips,FW Sheat,0,0,,,,,,"",""
ball,3,22.1,Auckland Aces,GD Phillips,RR O'Donnell,TG Johnston,0,0,,,,,,"",""
ball,3,22.2,Auckland Aces,GD Phillips,RR O'Donnell,TG Johnston,2,0,,,,,,"",""
ball,3,22.3,Auckland Aces,GD Phillips,RR O'Donnell,TG Johnston,0,1,,1,,,,"",""
ball,3,22.4,Auckland Aces,GD Phillips,RR O'Donnell,TG Johnston,0,0,,,,,,"",""
ball,3,22.5,Auckland Aces,GD Phillips,RR O'Donnell,TG Johnston,0,0,,,,,,"",""
ball,3,22.6,Auckland Aces,GD Phillips,RR O'Donnell,TG Johnston,1,0,,,,,,"",""
ball,3,22.7,Auckland Aces,RR O'Donnell,GD Phillips,TG Johnston,0,0,,,,,,"",""
ball,3,23.1,Auckland Aces,GD Phillips,RR O'Donnell,FW Sheat,0,0,,,,,,"",""
ball,3,23.2,Auckland Aces,GD Phillips,RR O'Donnell,FW Sheat,4,0,,,,,,"",""
ball,3,23.3,Auckland Aces,GD Phillips,RR O'Donnell,FW Sheat,2,0,,,,,,"",""
ball,3,23.4,Auckland Aces,GD Phillips,RR O'Donnell,FW Sheat,0,0,,,,,,"",""
ball,3,23.5,Auckland Aces,GD Phillips,RR O'Donnell,FW Sheat,4,0,,,,,,"",""
ball,3,23.6,Auckland Aces,GD Phillips,RR O'Donnell,FW Sheat,0,0,,,,,,"",""
ball,3,24.1,Auckland Aces,RR O'Donnell,GD Phillips,TG Johnston,0,0,,,,,,"",""
ball,3,24.2,Auckland Aces,RR O'Donnell,GD Phillips,TG Johnston,1,0,,,,,,"",""
ball,3,24.3,Auckland Aces,GD Phillips,RR O'Donnell,TG Johnston,4,0,,,,,,"",""
ball,3,24.4,Auckland Aces,GD Phillips,RR O'Donnell,TG Johnston,0,0,,,,,,"",""
ball,3,24.5,Auckland Aces,GD Phillips,RR O'Donnell,TG Johnston,3,0,,,,,,"",""
ball,3,24.6,Auckland Aces,RR O'Donnell,GD Phillips,TG Johnston,0,0,,,,,,"",""
ball,3,25.1,Auckland Aces,GD Phillips,RR O'Donnell,DR Sams,0,0,,,,,,"",""
ball,3,25.2,Auckland Aces,GD Phillips,RR O'Donnell,DR Sams,1,0,,,,,,"",""
ball,3,25.3,Auckland Aces,RR O'Donnell,GD Phillips,DR Sams,0,0,,,,,,"",""
ball,3,25.4,Auckland Aces,RR O'Donnell,GD Phillips,DR Sams,0,0,,,,,,"",""
ball,3,25.5,Auckland Aces,RR O'Donnell,GD Phillips,DR Sams,1,0,,,,,,"",""
ball,3,25.6,Auckland Aces,GD Phillips,RR O'Donnell,DR Sams,0,0,,,,,,"",""
ball,3,26.1,Auckland Aces,RR O'Donnell,GD Phillips,TG Johnston,0,0,,,,,,"",""
ball,3,26.2,Auckland Aces,RR O'Donnell,GD Phillips,TG Johnston,0,0,,,,,,"",""
ball,3,26.3,Auckland Aces,RR O'Donnell,GD Phillips,TG Johnston,0,0,,,,,,"",""
ball,3,26.4,Auckland Aces,RR O'Donnell,GD Phillips,TG Johnston,0,0,,,,,,"",""
ball,3,26.5,Auckland Aces,RR O'Donnell,GD Phillips,TG Johnston,0,0,,,,,,"",""
ball,3,26.6,Auckland Aces,RR O'Donnell,GD Phillips,TG Johnston,4,0,,,,,,"",""
ball,3,27.1,Auckland Aces,GD Phillips,RR O'Donnell,DR Sams,1,0,,,,,,"",""
ball,3,27.2,Auckland Aces,RR O'Donnell,GD Phillips,DR Sams,0,0,,,,,,"",""
ball,3,27.3,Auckland Aces,RR O'Donnell,GD Phillips,DR Sams,0,0,,,,,,"",""
ball,3,27.4,Auckland Aces,RR O'Donnell,GD Phillips,DR Sams,0,0,,,,,,"",""
ball,3,27.5,Auckland Aces,RR O'Donnell,GD Phillips,DR Sams,0,0,,,,,,"",""
ball,3,27.6,Auckland Aces,RR O'Donnell,GD Phillips,DR Sams,0,0,,,,,,"",""
ball,3,28.1,Auckland Aces,GD Phillips,RR O'Donnell,TG Johnston,0,0,,,,,,"",""
ball,3,28.2,Auckland Aces,GD Phillips,RR O'Donnell,TG Johnston,1,0,,,,,,"",""
ball,3,28.3,Auckland Aces,RR O'Donnell,GD Phillips,TG Johnston,0,0,,,,,,"",""
ball,3,28.4,Auckland Aces,RR O'Donnell,GD Phillips,TG Johnston,0,0,,,,,,"",""
ball,3,28.5,Auckland Aces,RR O'Donnell,GD Phillips,TG Johnston,1,0,,,,,,"",""
ball,3,28.6,Auckland Aces,GD Phillips,RR O'Donnell,TG Johnston,3,0,,,,,,"",""
ball,3,29.1,Auckland Aces,GD Phillips,RR O'Donnell,DR Sams,0,0,,,,,,"",""
ball,3,29.2,Auckland Aces,GD Phillips,RR O'Donnell,DR Sams,4,0,,,,,,"",""
ball,3,29.3,Auckland Aces,GD Phillips,RR O'Donnell,DR Sams,0,0,,,,,,"",""
ball,3,29.4,Auckland Aces,GD Phillips,RR O'Donnell,DR Sams,4,0,,,,,,"",""
ball,3,29.5,Auckland Aces,GD Phillips,RR O'Donnell,DR Sams,0,0,,,,,,"",""
ball,3,29.6,Auckland Aces,GD Phillips,RR O'Donnell,DR Sams,6,0,,,,,,"",""
ball,3,30.1,Auckland Aces,RR O'Donnell,GD Phillips,WSA Williams,0,0,,,,,,"",""
ball,3,30.2,Auckland Aces,RR O'Donnell,GD Phillips,WSA Williams,0,0,,,,,,"",""
ball,3,30.3,Auckland Aces,RR O'Donnell,GD Phillips,WSA Williams,1,0,,,,,,"",""
ball,3,30.4,Auckland Aces,GD Phillips,RR O'Donnell,WSA Williams,0,0,,,,,,"",""
ball,3,30.5,Auckland Aces,GD Phillips,RR O'Donnell,WSA Williams,0,0,,,,,,"",""
ball,3,30.6,Auckland Aces,GD Phillips,RR O'Donnell,WSA Williams,4,0,,,,,,"",""
ball,3,31.1,Auckland Aces,RR O'Donnell,GD Phillips,DR Sams,0,0,,,,,,"",""
ball,3,31.2,Auckland Aces,RR O'Donnell,GD Phillips,DR Sams,0,0,,,,,,"",""
ball,3,31.3,Auckland Aces,RR O'Donnell,GD Phillips,DR Sams,4,0,,,,,,"",""
ball,3,31.4,Auckland Aces,RR O'Donnell,GD Phillips,DR Sams,4,0,,,,,,"",""
ball,3,31.5,Auckland Aces,RR O'Donnell,GD Phillips,DR Sams,0,0,,,,,,"",""
ball,3,31.6,Auckland Aces,RR O'Donnell,GD Phillips,DR Sams,0,0,,,,,,"",""
ball,3,32.1,Auckland Aces,GD Phillips,RR O'Donnell,WSA Williams,1,0,,,,,,"",""
ball,3,32.2,Auckland Aces,RR O'Donnell,GD Phillips,WSA Williams,0,0,,,,,,"",""
ball,3,32.3,Auckland Aces,RR O'Donnell,GD Phillips,WSA Williams,0,0,,,,,,"",""
ball,3,32.4,Auckland Aces,RR O'Donnell,GD Phillips,WSA Williams,0,0,,,,,,"",""
ball,3,32.5,Auckland Aces,RR O'Donnell,GD Phillips,WSA Williams,1,0,,,,,,"",""
ball,3,32.6,Auckland Aces,GD Phillips,RR O'Donnell,WSA Williams,0,0,,,,,,"",""
ball,3,33.1,Auckland Aces,RR O'Donnell,GD Phillips,AM Ellis,0,0,,,,,,"",""
ball,3,33.2,Auckland Aces,RR O'Donnell,GD Phillips,AM Ellis,0,0,,,,,,"",""
ball,3,33.3,Auckland Aces,RR O'Donnell,GD Phillips,AM Ellis,1,0,,,,,,"",""
ball,3,33.4,Auckland Aces,GD Phillips,RR O'Donnell,AM Ellis,1,0,,,,,,"",""
ball,3,33.5,Auckland Aces,RR O'Donnell,GD Phillips,AM Ellis,0,0,,,,,,"",""
ball,3,33.6,Auckland Aces,RR O'Donnell,GD Phillips,AM Ellis,1,0,,,,,,"",""
ball,3,34.1,Auckland Aces,RR O'Donnell,GD Phillips,WSA Williams,0,0,,,,,,"",""
ball,3,34.2,Auckland Aces,RR O'Donnell,GD Phillips,WSA Williams,0,0,,,,,,"",""
ball,3,34.3,Auckland Aces,RR O'Donnell,GD Phillips,WSA Williams,4,0,,,,,,"",""
ball,3,34.4,Auckland Aces,RR O'Donnell,GD Phillips,WSA Williams,0,0,,,,,,"",""
ball,3,34.5,Auckland Aces,RR O'Donnell,GD Phillips,WSA Williams,4,0,,,,,,"",""
ball,3,34.6,Auckland Aces,RR O'Donnell,GD Phillips,WSA Williams,0,0,,,,,,"",""
ball,3,35.1,Auckland Aces,GD Phillips,RR O'Donnell,AM Ellis,0,0,,,,,,"",""
ball,3,35.2,Auckland Aces,GD Phillips,RR O'Donnell,AM Ellis,4,0,,,,,,"",""
ball,3,35.3,Auckland Aces,GD Phillips,RR O'Donnell,AM Ellis,0,0,,,,,,"",""
ball,3,35.4,Auckland Aces,GD Phillips,RR O'Donnell,AM Ellis,0,0,,,,,,"",""
ball,3,35.5,Auckland Aces,GD Phillips,RR O'Donnell,AM Ellis,0,0,,,,,,"",""
ball,3,35.6,Auckland Aces,GD Phillips,RR O'Donnell,AM Ellis,0,0,,,,,,"",""
ball,3,36.1,Auckland Aces,RR O'Donnell,GD Phillips,WSA Williams,0,0,,,,,,"",""
ball,3,36.2,Auckland Aces,RR O'Donnell,GD Phillips,WSA Williams,0,0,,,,,,"",""
ball,3,36.3,Auckland Aces,RR O'Donnell,GD Phillips,WSA Williams,0,0,,,,,,"",""
ball,3,36.4,Auckland Aces,RR O'Donnell,GD Phillips,WSA Williams,1,0,,,,,,"",""
ball,3,36.5,Auckland Aces,GD Phillips,RR O'Donnell,WSA Williams,0,0,,,,,,"",""
ball,3,36.6,Auckland Aces,GD Phillips,RR O'Donnell,WSA Williams,0,0,,,,,,"",""
ball,3,37.1,Auckland Aces,RR O'Donnell,GD Phillips,AM Ellis,0,0,,,,,,"",""
ball,3,37.2,Auckland Aces,RR O'Donnell,GD Phillips,AM Ellis,0,1,,1,,,,"",""
ball,3,37.3,Auckland Aces,RR O'Donnell,GD Phillips,AM Ellis,0,0,,,,,,"",""
ball,3,37.4,Auckland Aces,RR O'Donnell,GD Phillips,AM Ellis,1,0,,,,,,"",""
ball,3,37.5,Auckland Aces,GD Phillips,RR O'Donnell,AM Ellis,0,0,,,,,,"",""
ball,3,37.6,Auckland Aces,GD Phillips,RR O'Donnell,AM Ellis,0,0,,,,,,"",""
ball,3,37.7,Auckland Aces,GD Phillips,RR O'Donnell,AM Ellis,6,0,,,,,,"",""
ball,3,38.1,Auckland Aces,RR O'Donnell,GD Phillips,WSA Williams,0,0,,,,,,"",""
ball,3,38.2,Auckland Aces,RR O'Donnell,GD Phillips,WSA Williams,0,0,,,,,,"",""
ball,3,38.3,Auckland Aces,RR O'Donnell,GD Phillips,WSA Williams,0,0,,,,,,"",""
ball,3,38.4,Auckland Aces,RR O'Donnell,GD Phillips,WSA Williams,0,0,,,,,,"",""
ball,3,38.5,Auckland Aces,RR O'Donnell,GD Phillips,WSA Williams,1,0,,,,,,"",""
ball,3,38.6,Auckland Aces,GD Phillips,RR O'Donnell,WSA Williams,1,0,,,,,,"",""
ball,3,39.1,Auckland Aces,GD Phillips,RR O'Donnell,AM Ellis,0,0,,,,,,"",""
ball,3,39.2,Auckland Aces,GD Phillips,RR O'Donnell,AM Ellis,0,0,,,,,,"",""
ball,3,39.3,Auckland Aces,GD Phillips,RR O'Donnell,AM Ellis,0,0,,,,,,"",""
ball,3,39.4,Auckland Aces,GD Phillips,RR O'Donnell,AM Ellis,0,0,,,,,,"",""
ball,3,39.5,Auckland Aces,GD Phillips,RR O'Donnell,AM Ellis,1,0,,,,,,"",""
ball,3,39.6,Auckland Aces,RR O'Donnell,GD Phillips,AM Ellis,0,0,,,,,,"",""
ball,3,40.1,Auckland Aces,GD Phillips,RR O'Donnell,WSA Williams,0,0,,,,,,"",""
ball,3,40.2,Auckland Aces,GD Phillips,RR O'Donnell,WSA Williams,4,0,,,,,,"",""
ball,3,40.3,Auckland Aces,GD Phillips,RR O'Donnell,WSA Williams,0,0,,,,,,"",""
ball,3,40.4,Auckland Aces,GD Phillips,RR O'Donnell,WSA Williams,0,0,,,,,,"",""
ball,3,40.5,Auckland Aces,GD Phillips,RR O'Donnell,WSA Williams,4,0,,,,,,"",""
ball,3,40.6,Auckland Aces,GD Phillips,RR O'Donnell,WSA Williams,0,0,,,,,,"",""
ball,3,41.1,Auckland Aces,RR O'Donnell,GD Phillips,AM Ellis,0,0,,,,,,"",""
ball,3,41.2,Auckland Aces,RR O'Donnell,GD Phillips,AM Ellis,1,0,,,,,,"",""
ball,3,41.3,Auckland Aces,GD Phillips,RR O'Donnell,AM Ellis,1,0,,,,,,"",""
ball,3,41.4,Auckland Aces,RR O'Donnell,GD Phillips,AM Ellis,0,0,,,,,,"",""
ball,3,41.5,Auckland Aces,RR O'Donnell,GD Phillips,AM Ellis,0,0,,,,,,"",""
ball,3,41.6,Auckland Aces,RR O'Donnell,GD Phillips,AM Ellis,0,0,,,,,,"",""
ball,3,42.1,Auckland Aces,GD Phillips,RR O'Donnell,TG Johnston,1,0,,,,,,"",""
ball,3,42.2,Auckland Aces,RR O'Donnell,GD Phillips,TG Johnston,2,0,,,,,,"",""
ball,3,42.3,Auckland Aces,RR O'Donnell,GD Phillips,TG Johnston,0,0,,,,,,"",""
ball,3,42.4,Auckland Aces,RR O'Donnell,GD Phillips,TG Johnston,4,0,,,,,,"",""
ball,3,42.5,Auckland Aces,RR O'Donnell,GD Phillips,TG Johnston,0,0,,,,,,"",""
ball,3,42.6,Auckland Aces,RR O'Donnell,GD Phillips,TG Johnston,0,0,,,,,,"",""
ball,3,43.1,Auckland Aces,GD Phillips,RR O'Donnell,AM Ellis,4,0,,,,,,"",""
ball,3,43.2,Auckland Aces,GD Phillips,RR O'Donnell,AM Ellis,1,0,,,,,,"",""
ball,3,43.3,Auckland Aces,RR O'Donnell,GD Phillips,AM Ellis,0,0,,,,,,"",""
ball,3,43.4,Auckland Aces,RR O'Donnell,GD Phillips,AM Ellis,0,0,,,,,,"",""
ball,3,43.5,Auckland Aces,RR O'Donnell,GD Phillips,AM Ellis,0,0,,,,,,"",""
ball,3,43.6,Auckland Aces,RR O'Donnell,GD Phillips,AM Ellis,0,0,,,,,,"",""
ball,3,44.1,Auckland Aces,GD Phillips,RR O'Donnell,TG Johnston,0,0,,,,,,"",""
ball,3,44.2,Auckland Aces,GD Phillips,RR O'Donnell,TG Johnston,4,0,,,,,,"",""
ball,3,44.3,Auckland Aces,GD Phillips,RR O'Donnell,TG Johnston,0,0,,,,,,"",""
ball,3,44.4,Auckland Aces,GD Phillips,RR O'Donnell,TG Johnston,0,1,,1,,,,"",""
ball,3,44.5,Auckland Aces,GD Phillips,RR O'Donnell,TG Johnston,0,0,,,,,,"",""
ball,3,44.6,Auckland Aces,GD Phillips,RR O'Donnell,TG Johnston,0,0,,,,,,"",""
ball,3,44.7,Auckland Aces,GD Phillips,RR O'Donnell,TG Johnston,4,0,,,,,,"",""
ball,3,45.1,Auckland Aces,RR O'Donnell,GD Phillips,AM Ellis,0,0,,,,,,"",""
ball,3,45.2,Auckland Aces,RR O'Donnell,GD Phillips,AM Ellis,0,0,,,,,,"",""
ball,3,45.3,Auckland Aces,RR O'Donnell,GD Phillips,AM Ellis,0,0,,,,,,lbw,RR O'Donnell
ball,3,45.4,Auckland Aces,MS Chapman,GD Phillips,AM Ellis,0,0,,,,,,"",""
ball,3,45.5,Auckland Aces,MS Chapman,GD Phillips,AM Ellis,0,0,,,,,,"",""
ball,3,45.6,Auckland Aces,MS Chapman,GD Phillips,AM Ellis,0,0,,,,,,"",""
ball,3,46.1,Auckland Aces,GD Phillips,MS Chapman,FW Sheat,1,0,,,,,,"",""
ball,3,46.2,Auckland Aces,MS Chapman,GD Phillips,FW Sheat,0,0,,,,,,"",""
ball,3,46.3,Auckland Aces,MS Chapman,GD Phillips,FW Sheat,1,0,,,,,,"",""
ball,3,46.4,Auckland Aces,GD Phillips,MS Chapman,FW Sheat,0,0,,,,,,"",""
ball,3,46.5,Auckland Aces,GD Phillips,MS Chapman,FW Sheat,1,0,,,,,,"",""
ball,3,46.6,Auckland Aces,MS Chapman,GD Phillips,FW Sheat,0,0,,,,,,"",""
ball,3,47.1,Auckland Aces,GD Phillips,MS Chapman,AM Ellis,0,0,,,,,,"",""
ball,3,47.2,Auckland Aces,GD Phillips,MS Chapman,AM Ellis,0,0,,,,,,"",""
ball,3,47.3,Auckland Aces,GD Phillips,MS Chapman,AM Ellis,1,0,,,,,,"",""
ball,3,47.4,Auckland Aces,MS Chapman,GD Phillips,AM Ellis,0,0,,,,,,"",""
ball,3,47.5,Auckland Aces,MS Chapman,GD Phillips,AM Ellis,0,0,,,,,,"",""
ball,3,47.6,Auckland Aces,MS Chapman,GD Phillips,AM Ellis,0,0,,,,,,"",""
ball,3,48.1,Auckland Aces,GD Phillips,MS Chapman,FW Sheat,0,0,,,,,,"",""
ball,3,48.2,Auckland Aces,GD Phillips,MS Chapman,FW Sheat,4,0,,,,,,"",""
ball,3,48.3,Auckland Aces,GD Phillips,MS Chapman,FW Sheat,0,0,,,,,,"",""
ball,3,48.4,Auckland Aces,GD Phillips,MS Chapman,FW Sheat,0,0,,,,,,"",""
ball,3,48.5,Auckland Aces,GD Phillips,MS Chapman,FW Sheat,1,0,,,,,,"",""
ball,3,48.6,Auckland Aces,MS Chapman,GD Phillips,FW Sheat,0,0,,,,,,"",""
ball,3,49.1,Auckland Aces,GD Phillips,MS Chapman,AM Ellis,0,0,,,,,,"",""
ball,3,49.2,Auckland Aces,GD Phillips,MS Chapman,AM Ellis,1,0,,,,,,"",""
ball,3,49.3,Auckland Aces,MS Chapman,GD Phillips,AM Ellis,0,0,,,,,,"",""
ball,3,49.4,Auckland Aces,MS Chapman,GD Phillips,AM Ellis,0,0,,,,,,"",""
ball,3,49.5,Auckland Aces,MS Chapman,GD Phillips,AM Ellis,0,0,,,,,,"",""
ball,3,49.6,Auckland Aces,MS Chapman,GD Phillips,AM Ellis,0,0,,,,,,"",""
ball,3,50.1,Auckland Aces,GD Phillips,MS Chapman,FW Sheat,0,0,,,,,,"",""
ball,3,50.2,Auckland Aces,GD Phillips,MS Chapman,FW Sheat,0,0,,,,,,"",""
ball,3,50.3,Auckland Aces,GD Phillips,MS Chapman,FW Sheat,2,0,,,,,,"",""
ball,3,50.4,Auckland Aces,GD Phillips,MS Chapman,FW Sheat,0,0,,,,,,caught,GD Phillips
ball,3,50.5,Auckland Aces,BJ Horne,MS Chapman,FW Sheat,2,0,,,,,,"",""
ball,3,50.6,Auckland Aces,BJ Horne,MS Chapman,FW Sheat,2,0,,,,,,"",""
ball,3,51.1,Auckland Aces,MS Chapman,BJ Horne,DR Sams,0,0,,,,,,"",""
ball,3,51.2,Auckland Aces,MS Chapman,BJ Horne,DR Sams,1,0,,,,,,"",""
ball,3,51.3,Auckland Aces,BJ Horne,MS Chapman,DR Sams,1,0,,,,,,"",""
ball,3,51.4,Auckland Aces,MS Chapman,BJ Horne,DR Sams,0,0,,,,,,"",""
ball,3,51.5,Auckland Aces,MS Chapman,BJ Horne,DR Sams,1,0,,,,,,"",""
ball,3,51.6,Auckland Aces,BJ Horne,MS Chapman,DR Sams,0,0,,,,,,"",""
ball,3,52.1,Auckland Aces,MS Chapman,BJ Horne,FW Sheat,0,0,,,,,,"",""
ball,3,52.2,Auckland Aces,MS Chapman,BJ Horne,FW Sheat,0,0,,,,,,"",""
ball,3,52.3,Auckland Aces,MS Chapman,BJ Horne,FW Sheat,0,0,,,,,,"",""
ball,3,52.4,Auckland Aces,MS Chapman,BJ Horne,FW Sheat,0,0,,,,,,"",""
ball,3,52.5,Auckland Aces,MS Chapman,BJ Horne,FW Sheat,0,0,,,,,,"",""
ball,3,52.6,Auckland Aces,MS Chapman,BJ Horne,FW Sheat,0,0,,,,,,bowled,MS Chapman
ball,3,53.1,Auckland Aces,BJ Horne,MB McEwan,DR Sams,0,0,,,,,,"",""
ball,3,53.2,Auckland Aces,BJ Horne,MB McEwan,DR Sams,0,0,,,,,,"",""
ball,3,53.3,Auckland Aces,BJ Horne,MB McEwan,DR Sams,0,0,,,,,,"",""
ball,3,53.4,Auckland Aces,BJ Horne,MB McEwan,DR Sams,0,0,,,,,,"",""
ball,3,53.5,Auckland Aces,BJ Horne,MB McEwan,DR Sams,0,0,,,,,,"",""
ball,3,53.6,Auckland Aces,BJ Horne,MB McEwan,DR Sams,4,0,,,,,,"",""
ball,3,54.1,Auckland Aces,MB McEwan,BJ Horne,FW Sheat,4,0,,,,,,"",""
ball,3,54.2,Auckland Aces,MB McEwan,BJ Horne,FW Sheat,4,0,,,,,,"",""
ball,3,54.3,Auckland Aces,MB McEwan,BJ Horne,FW Sheat,1,0,,,,,,"",""
ball,3,54.4,Auckland Aces,BJ Horne,MB McEwan,FW Sheat,0,0,,,,,,"",""
ball,3,54.5,Auckland Aces,BJ Horne,MB McEwan,FW Sheat,1,0,,,,,,"",""
ball,3,54.6,Auckland Aces,MB McEwan,BJ Horne,FW Sheat,0,0,,,,,,"",""
ball,3,55.1,Auckland Aces,BJ Horne,MB McEwan,DR Sams,0,0,,,,,,"",""
ball,3,55.2,Auckland Aces,BJ Horne,MB McEwan,DR Sams,0,0,,,,,,"",""
ball,3,55.3,Auckland Aces,BJ Horne,MB McEwan,DR Sams,4,0,,,,,,"",""
ball,3,55.4,Auckland Aces,BJ Horne,MB McEwan,DR Sams,0,0,,,,,,"",""
ball,3,55.5,Auckland Aces,BJ Horne,MB McEwan,DR Sams,4,0,,,,,,"",""
ball,3,55.6,Auckland Aces,BJ Horne,MB McEwan,DR Sams,0,0,,,,,,"",""
ball,3,56.1,Auckland Aces,MB McEwan,BJ Horne,FW Sheat,0,0,,,,,,caught,MB McEwan
ball,3,56.2,Auckland Aces,BJ Horne,SM Solia,FW Sheat,0,0,,,,,,"",""
ball,3,56.3,Auckland Aces,BJ Horne,SM Solia,FW Sheat,0,0,,,,,,"",""
ball,3,56.4,Auckland Aces,BJ Horne,SM Solia,FW Sheat,0,0,,,,,,"",""
ball,3,56.5,Auckland Aces,BJ Horne,SM Solia,FW Sheat,0,0,,,,,,"",""
ball,3,56.6,Auckland Aces,BJ Horne,SM Solia,FW Sheat,0,0,,,,,,"",""
ball,3,57.1,Auckland Aces,SM Solia,BJ Horne,DR Sams,4,0,,,,,,"",""
ball,3,57.2,Auckland Aces,SM Solia,BJ Horne,DR Sams,0,0,,,,,,"",""
ball,3,57.3,Auckland Aces,SM Solia,BJ Horne,DR Sams,0,0,,,,,,"",""
ball,3,57.4,Auckland Aces,SM Solia,BJ Horne,DR Sams,0,0,,,,,,"",""
ball,3,57.5,Auckland Aces,SM Solia,BJ Horne,DR Sams,0,0,,,,,,"",""
ball,3,57.6,Auckland Aces,SM Solia,BJ Horne,DR Sams,0,0,,,,,,"",""
ball,3,58.1,Auckland Aces,BJ Horne,SM Solia,FW Sheat,0,0,,,,,,"",""
ball,3,58.2,Auckland Aces,BJ Horne,SM Solia,FW Sheat,0,0,,,,,,"",""
ball,3,58.3,Auckland Aces,BJ Horne,SM Solia,FW Sheat,1,0,,,,,,"",""
ball,3,58.4,Auckland Aces,SM Solia,BJ Horne,FW Sheat,0,0,,,,,,"",""
ball,3,58.5,Auckland Aces,SM Solia,BJ Horne,FW Sheat,0,0,,,,,,"",""
ball,3,58.6,Auckland Aces,SM Solia,BJ Horne,FW Sheat,0,0,,,,,,"",""
ball,3,59.1,Auckland Aces,BJ Horne,SM Solia,DR Sams,0,0,,,,,,"",""
ball,3,59.2,Auckland Aces,BJ Horne,SM Solia,DR Sams,3,0,,,,,,"",""
ball,3,59.3,Auckland Aces,SM Solia,BJ Horne,DR Sams,0,0,,,,,,"",""
ball,3,59.4,Auckland Aces,SM Solia,BJ Horne,DR Sams,0,0,,,,,,"",""
ball,3,59.5,Auckland Aces,SM Solia,BJ Horne,DR Sams,0,0,,,,,,"",""
ball,3,59.6,Auckland Aces,SM Solia,BJ Horne,DR Sams,0,0,,,,,,"",""
ball,3,60.1,Auckland Aces,BJ Horne,SM Solia,FW Sheat,0,0,,,,,,"",""
ball,3,60.2,Auckland Aces,BJ Horne,SM Solia,FW Sheat,0,0,,,,,,"",""
ball,3,60.3,Auckland Aces,BJ Horne,SM Solia,FW Sheat,0,0,,,,,,"",""
ball,3,60.4,Auckland Aces,BJ Horne,SM Solia,FW Sheat,1,0,,,,,,"",""
ball,3,60.5,Auckland Aces,SM Solia,BJ Horne,FW Sheat,0,0,,,,,,"",""
ball,3,60.6,Auckland Aces,SM Solia,BJ Horne,FW Sheat,4,0,,,,,,"",""
ball,3,61.1,Auckland Aces,BJ Horne,SM Solia,AM Ellis,0,0,,,,,,"",""
ball,3,61.2,Auckland Aces,BJ Horne,SM Solia,AM Ellis,4,0,,,,,,"",""
ball,3,61.3,Auckland Aces,BJ Horne,SM Solia,AM Ellis,0,0,,,,,,"",""
ball,3,61.4,Auckland Aces,BJ Horne,SM Solia,AM Ellis,0,1,,1,,,,"",""
ball,3,61.5,Auckland Aces,BJ Horne,SM Solia,AM Ellis,0,0,,,,,,"",""
ball,3,61.6,Auckland Aces,BJ Horne,SM Solia,AM Ellis,0,0,,,,,,"",""
ball,3,61.7,Auckland Aces,BJ Horne,SM Solia,AM Ellis,0,0,,,,,,"",""
ball,3,62.1,Auckland Aces,SM Solia,BJ Horne,WSA Williams,0,0,,,,,,"",""
ball,3,62.2,Auckland Aces,SM Solia,BJ Horne,WSA Williams,0,0,,,,,,"",""
ball,3,62.3,Auckland Aces,SM Solia,BJ Horne,WSA Williams,0,0,,,,,,"",""
ball,3,62.4,Auckland Aces,SM Solia,BJ Horne,WSA Williams,0,0,,,,,,bowled,SM Solia
ball,3,62.5,Auckland Aces,RS Sandhu,BJ Horne,WSA Williams,0,0,,,,,,"",""
ball,3,62.6,Auckland Aces,RS Sandhu,BJ Horne,WSA Williams,0,0,,,,,,"",""
ball,3,63.1,Auckland Aces,BJ Horne,RS Sandhu,AM Ellis,0,0,,,,,,"",""
ball,3,63.2,Auckland Aces,BJ Horne,RS Sandhu,AM Ellis,0,0,,,,,,"",""
ball,3,63.3,Auckland Aces,BJ Horne,RS Sandhu,AM Ellis,1,0,,,,,,"",""
ball,3,63.4,Auckland Aces,RS Sandhu,BJ Horne,AM Ellis,1,0,,,,,,"",""
ball,3,63.5,Auckland Aces,BJ Horne,RS Sandhu,AM Ellis,1,0,,,,,,"",""
ball,3,63.6,Auckland Aces,RS Sandhu,BJ Horne,AM Ellis,4,1,,1,,,,"",""
ball,3,63.7,Auckland Aces,RS Sandhu,BJ Horne,AM Ellis,0,0,,,,,,"",""
ball,3,64.1,Auckland Aces,BJ Horne,RS Sandhu,WSA Williams,0,0,,,,,,"",""
ball,3,64.2,Auckland Aces,BJ Horne,RS Sandhu,WSA Williams,0,0,,,,,,"",""
ball,3,64.3,Auckland Aces,BJ Horne,RS Sandhu,WSA Williams,6,0,,,,,,"",""
ball,3,64.4,Auckland Aces,BJ Horne,RS Sandhu,WSA Williams,0,0,,,,,,"",""
ball,3,64.5,Auckland Aces,BJ Horne,RS Sandhu,WSA Williams,4,0,,,,,,"",""
ball,3,64.6,Auckland Aces,BJ Horne,RS Sandhu,WSA Williams,1,0,,,,,,"",""
ball,3,65.1,Auckland Aces,BJ Horne,RS Sandhu,AM Ellis,6,0,,,,,,"",""
ball,3,65.2,Auckland Aces,BJ Horne,RS Sandhu,AM Ellis,2,0,,,,,,"",""
ball,3,65.3,Auckland Aces,BJ Horne,RS Sandhu,AM Ellis,0,1,,,,1,,"",""
ball,3,65.4,Auckland Aces,RS Sandhu,BJ Horne,AM Ellis,0,0,,,,,,caught,RS Sandhu
ball,3,65.5,Auckland Aces,BJ Horne,BG Lister,AM Ellis,0,0,,,,,,"",""
ball,3,65.6,Auckland Aces,BJ Horne,BG Lister,AM Ellis,1,0,,,,,,"",""
ball,3,66.1,Auckland Aces,BJ Horne,BG Lister,WSA Williams,0,0,,,,,,"",""
ball,3,66.2,Auckland Aces,BJ Horne,BG Lister,WSA Williams,0,0,,,,,,"",""
ball,3,66.3,Auckland Aces,BJ Horne,BG Lister,WSA Williams,0,1,,,,1,,"",""
ball,3,66.4,Auckland Aces,BG Lister,BJ Horne,WSA Williams,0,0,,,,,,"",""
ball,3,66.5,Auckland Aces,BG Lister,BJ Horne,WSA Williams,0,0,,,,,,caught,BG Lister
ball,3,66.6,Auckland Aces,DK Ferns,BJ Horne,WSA Williams,0,0,,,,,,"",""
ball,3,67.1,Auckland Aces,BJ Horne,DK Ferns,DR Sams,2,0,,,,,,"",""
ball,3,67.2,Auckland Aces,BJ Horne,DK Ferns,DR Sams,1,0,,,,,,"",""
ball,3,67.3,Auckland Aces,DK Ferns,BJ Horne,DR Sams,0,0,,,,,,"",""
ball,3,67.4,Auckland Aces,DK Ferns,BJ Horne,DR Sams,0,0,,,,,,"",""
ball,3,67.5,Auckland Aces,DK Ferns,BJ Horne,DR Sams,0,0,,,,,,"",""
ball,3,67.6,Auckland Aces,DK Ferns,BJ Horne,DR Sams,0,0,,,,,,"",""
ball,3,68.1,Auckland Aces,BJ Horne,DK Ferns,WSA Williams,4,0,,,,,,"",""
ball,3,68.2,Auckland Aces,BJ Horne,DK Ferns,WSA Williams,2,0,,,,,,"",""
ball,3,68.3,Auckland Aces,BJ Horne,DK Ferns,WSA Williams,0,0,,,,,,"",""
ball,3,68.4,Auckland Aces,BJ Horne,DK Ferns,WSA Williams,0,0,,,,,,"",""
ball,3,68.5,Auckland Aces,BJ Horne,DK Ferns,WSA Williams,1,0,,,,,,"",""
ball,3,68.6,Auckland Aces,DK Ferns,BJ Horne,WSA Williams,0,0,,,,,,"",""
ball,3,69.1,Auckland Aces,BJ Horne,DK Ferns,DR Sams,4,0,,,,,,"",""
ball,3,69.2,Auckland Aces,BJ Horne,DK Ferns,DR Sams,1,0,,,,,,"",""
ball,3,69.3,Auckland Aces,DK Ferns,BJ Horne,DR Sams,0,0,,,,,,"",""
ball,3,69.4,Auckland Aces,DK Ferns,BJ Horne,DR Sams,0,0,,,,,,"",""
ball,3,69.5,Auckland Aces,DK Ferns,BJ Horne,DR Sams,0,0,,,,,,"",""
ball,3,69.6,Auckland Aces,DK Ferns,BJ Horne,DR Sams,0,0,,,,,,"",""
ball,3,70.1,Auckland Aces,BJ Horne,DK Ferns,WSA Williams,0,0,,,,,,"",""
ball,3,70.2,Auckland Aces,BJ Horne,DK Ferns,WSA Williams,1,0,,,,,,"",""
ball,3,70.3,Auckland Aces,DK Ferns,BJ Horne,WSA Williams,3,0,,,,,,"",""
ball,3,70.4,Auckland Aces,BJ Horne,DK Ferns,WSA Williams,4,0,,,,,,"",""
ball,3,70.5,Auckland Aces,BJ Horne,DK Ferns,WSA Williams,1,0,,,,,,"",""
ball,3,70.6,Auckland Aces,DK Ferns,BJ Horne,WSA Williams,2,0,,,,,,"",""
ball,3,71.1,Auckland Aces,BJ Horne,DK Ferns,DR Sams,4,0,,,,,,"",""
ball,3,71.2,Auckland Aces,BJ Horne,DK Ferns,DR Sams,0,0,,,,,,"",""
ball,3,71.3,Auckland Aces,BJ Horne,DK Ferns,DR Sams,0,0,,,,,,"",""
ball,3,71.4,Auckland Aces,BJ Horne,DK Ferns,DR Sams,1,0,,,,,,"",""
ball,3,71.5,Auckland Aces,DK Ferns,BJ Horne,DR Sams,0,0,,,,,,lbw,DK Ferns
ball,4,0.1,Canterbury,MSJ Davidson,CJ Bowes,BG Lister,0,0,,,,,,"",""
ball,4,0.2,Canterbury,MSJ Davidson,CJ Bowes,BG Lister,0,0,,,,,,bowled,MSJ Davidson
ball,4,0.3,Canterbury,MA Pollard,CJ Bowes,BG Lister,0,0,,,,,,"",""
ball,4,0.4,Canterbury,MA Pollard,CJ Bowes,BG Lister,0,0,,,,,,"",""
ball,4,0.5,Canterbury,MA Pollard,CJ Bowes,BG Lister,0,0,,,,,,"",""
ball,4,0.6,Canterbury,MA Pollard,CJ Bowes,BG Lister,0,0,,,,,,"",""
ball,4,1.1,Canterbury,CJ Bowes,MA Pollard,MB McEwan,0,0,,,,,,"",""
ball,4,1.2,Canterbury,CJ Bowes,MA Pollard,MB McEwan,0,0,,,,,,"",""
ball,4,1.3,Canterbury,CJ Bowes,MA Pollard,MB McEwan,0,0,,,,,,"",""
ball,4,1.4,Canterbury,CJ Bowes,MA Pollard,MB McEwan,4,0,,,,,,"",""
ball,4,1.5,Canterbury,CJ Bowes,MA Pollard,MB McEwan,0,0,,,,,,"",""
ball,4,1.6,Canterbury,CJ Bowes,MA Pollard,MB McEwan,0,0,,,,,,"",""
ball,4,2.1,Canterbury,MA Pollard,CJ Bowes,BG Lister,0,0,,,,,,"",""
ball,4,2.2,Canterbury,MA Pollard,CJ Bowes,BG Lister,1,0,,,,,,"",""
ball,4,2.3,Canterbury,CJ Bowes,MA Pollard,BG Lister,0,0,,,,,,"",""
ball,4,2.4,Canterbury,CJ Bowes,MA Pollard,BG Lister,0,0,,,,,,"",""
ball,4,2.5,Canterbury,CJ Bowes,MA Pollard,BG Lister,0,0,,,,,,"",""
ball,4,2.6,Canterbury,CJ Bowes,MA Pollard,BG Lister,0,0,,,,,,"",""
ball,4,3.1,Canterbury,MA Pollard,CJ Bowes,MB McEwan,0,0,,,,,,"",""
ball,4,3.2,Canterbury,MA Pollard,CJ Bowes,MB McEwan,0,0,,,,,,bowled,MA Pollard
ball,4,3.3,Canterbury,LJ Carter,CJ Bowes,MB McEwan,0,0,,,,,,"",""
ball,4,3.4,Canterbury,LJ Carter,CJ Bowes,MB McEwan,0,0,,,,,,"",""
ball,4,3.5,Canterbury,LJ Carter,CJ Bowes,MB McEwan,0,1,,,,1,,"",""
ball,4,3.6,Canterbury,CJ Bowes,LJ Carter,MB McEwan,0,0,,,,,,"",""
ball,4,4.1,Canterbury,LJ Carter,CJ Bowes,BG Lister,0,0,,,,,,"",""
ball,4,4.2,Canterbury,LJ Carter,CJ Bowes,BG Lister,4,0,,,,,,"",""
ball,4,4.3,Canterbury,LJ Carter,CJ Bowes,BG Lister,0,0,,,,,,"",""
ball,4,4.4,Canterbury,LJ Carter,CJ Bowes,BG Lister,0,0,,,,,,"",""
ball,4,4.5,Canterbury,LJ Carter,CJ Bowes,BG Lister,0,0,,,,,,"",""
ball,4,4.6,Canterbury,LJ Carter,CJ Bowes,BG Lister,0,0,,,,,,"",""
ball,4,5.1,Canterbury,CJ Bowes,LJ Carter,MB McEwan,0,0,,,,,,"",""
ball,4,5.2,Canterbury,CJ Bowes,LJ Carter,MB McEwan,0,0,,,,,,"",""
ball,4,5.3,Canterbury,CJ Bowes,LJ Carter,MB McEwan,4,0,,,,,,"",""
ball,4,5.4,Canterbury,CJ Bowes,LJ Carter,MB McEwan,0,4,,,4,,,"",""
ball,4,5.5,Canterbury,CJ Bowes,LJ Carter,MB McEwan,0,0,,,,,,"",""
ball,4,5.6,Canterbury,CJ Bowes,LJ Carter,MB McEwan,0,0,,,,,,"",""
ball,4,6.1,Canterbury,LJ Carter,CJ Bowes,BG Lister,0,0,,,,,,"",""
ball,4,6.2,Canterbury,LJ Carter,CJ Bowes,BG Lister,0,0,,,,,,"",""
ball,4,6.3,Canterbury,LJ Carter,CJ Bowes,BG Lister,0,0,,,,,,"",""
ball,4,6.4,Canterbury,LJ Carter,CJ Bowes,BG Lister,0,0,,,,,,"",""
ball,4,6.5,Canterbury,LJ Carter,CJ Bowes,BG Lister,0,0,,,,,,"",""
ball,4,6.6,Canterbury,LJ Carter,CJ Bowes,BG Lister,0,0,,,,,,"",""
ball,4,7.1,Canterbury,CJ Bowes,LJ Carter,MB McEwan,0,0,,,,,,"",""
ball,4,7.2,Canterbury,CJ Bowes,LJ Carter,MB McEwan,0,0,,,,,,"",""
ball,4,7.3,Canterbury,CJ Bowes,LJ Carter,MB McEwan,0,0,,,,,,"",""
ball,4,7.4,Canterbury,CJ Bowes,LJ Carter,MB McEwan,0,0,,,,,,"",""
ball,4,7.5,Canterbury,CJ Bowes,LJ Carter,MB McEwan,0,0,,,,,,"",""
ball,4,7.6,Canterbury,CJ Bowes,LJ Carter,MB McEwan,0,0,,,,,,"",""
ball,4,8.1,Canterbury,LJ Carter,CJ Bowes,BG Lister,0,0,,,,,,"",""
ball,4,8.2,Canterbury,LJ Carter,CJ Bowes,BG Lister,0,0,,,,,,"",""
ball,4,8.3,Canterbury,LJ Carter,CJ Bowes,BG Lister,0,0,,,,,,"",""
ball,4,8.4,Canterbury,LJ Carter,CJ Bowes,BG Lister,0,0,,,,,,"",""
ball,4,8.5,Canterbury,LJ Carter,CJ Bowes,BG Lister,0,0,,,,,,"",""
ball,4,8.6,Canterbury,LJ Carter,CJ Bowes,BG Lister,0,0,,,,,,"",""
ball,4,9.1,Canterbury,CJ Bowes,LJ Carter,MB McEwan,0,0,,,,,,"",""
ball,4,9.2,Canterbury,CJ Bowes,LJ Carter,MB McEwan,0,0,,,,,,"",""
ball,4,9.3,Canterbury,CJ Bowes,LJ Carter,MB McEwan,1,0,,,,,,"",""
ball,4,9.4,Canterbury,LJ Carter,CJ Bowes,MB McEwan,0,0,,,,,,"",""
ball,4,9.5,Canterbury,LJ Carter,CJ Bowes,MB McEwan,0,0,,,,,,"",""
ball,4,9.6,Canterbury,LJ Carter,CJ Bowes,MB McEwan,0,0,,,,,,"",""
ball,4,10.1,Canterbury,CJ Bowes,LJ Carter,BG Lister,0,0,,,,,,"",""
ball,4,10.2,Canterbury,CJ Bowes,LJ Carter,BG Lister,2,0,,,,,,"",""
ball,4,10.3,Canterbury,CJ Bowes,LJ Carter,BG Lister,0,0,,,,,,"",""
ball,4,10.4,Canterbury,CJ Bowes,LJ Carter,BG Lister,0,0,,,,,,"",""
ball,4,10.5,Canterbury,CJ Bowes,LJ Carter,BG Lister,0,0,,,,,,"",""
ball,4,10.6,Canterbury,CJ Bowes,LJ Carter,BG Lister,0,0,,,,,,"",""
ball,4,11.1,Canterbury,LJ Carter,CJ Bowes,RS Sandhu,0,0,,,,,,"",""
ball,4,11.2,Canterbury,LJ Carter,CJ Bowes,RS Sandhu,4,0,,,,,,"",""
ball,4,11.3,Canterbury,LJ Carter,CJ Bowes,RS Sandhu,0,0,,,,,,"",""
ball,4,11.4,Canterbury,LJ Carter,CJ Bowes,RS Sandhu,0,0,,,,,,"",""
ball,4,11.5,Canterbury,LJ Carter,CJ Bowes,RS Sandhu,0,0,,,,,,"",""
ball,4,11.6,Canterbury,LJ Carter,CJ Bowes,RS Sandhu,6,0,,,,,,"",""
ball,4,12.1,Canterbury,CJ Bowes,LJ Carter,BG Lister,2,0,,,,,,"",""
ball,4,12.2,Canterbury,CJ Bowes,LJ Carter,BG Lister,4,0,,,,,,"",""
ball,4,12.3,Canterbury,CJ Bowes,LJ Carter,BG Lister,0,0,,,,,,"",""
ball,4,12.4,Canterbury,CJ Bowes,LJ Carter,BG Lister,0,0,,,,,,"",""
ball,4,12.5,Canterbury,CJ Bowes,LJ Carter,BG Lister,4,0,,,,,,"",""
ball,4,12.6,Canterbury,CJ Bowes,LJ Carter,BG Lister,0,0,,,,,,"",""
ball,4,13.1,Canterbury,LJ Carter,CJ Bowes,RS Sandhu,0,0,,,,,,"",""
ball,4,13.2,Canterbury,LJ Carter,CJ Bowes,RS Sandhu,0,0,,,,,,"",""
ball,4,13.3,Canterbury,LJ Carter,CJ Bowes,RS Sandhu,0,0,,,,,,"",""
ball,4,13.4,Canterbury,LJ Carter,CJ Bowes,RS Sandhu,0,0,,,,,,"",""
ball,4,13.5,Canterbury,LJ Carter,CJ Bowes,RS Sandhu,0,0,,,,,,"",""
ball,4,13.6,Canterbury,LJ Carter,CJ Bowes,RS Sandhu,0,0,,,,,,"",""
ball,4,14.1,Canterbury,CJ Bowes,LJ Carter,BG Lister,0,0,,,,,,"",""
ball,4,14.2,Canterbury,CJ Bowes,LJ Carter,BG Lister,0,0,,,,,,"",""
ball,4,14.3,Canterbury,CJ Bowes,LJ Carter,BG Lister,3,0,,,,,,"",""
ball,4,14.4,Canterbury,LJ Carter,CJ Bowes,BG Lister,0,0,,,,,,"",""
ball,4,14.5,Canterbury,LJ Carter,CJ Bowes,BG Lister,0,0,,,,,,"",""
ball,4,14.6,Canterbury,LJ Carter,CJ Bowes,BG Lister,0,0,,,,,,"",""
ball,4,15.1,Canterbury,CJ Bowes,LJ Carter,RS Sandhu,0,0,,,,,,"",""
ball,4,15.2,Canterbury,CJ Bowes,LJ Carter,RS Sandhu,0,0,,,,,,"",""
ball,4,15.3,Canterbury,CJ Bowes,LJ Carter,RS Sandhu,0,0,,,,,,"",""
ball,4,15.4,Canterbury,CJ Bowes,LJ Carter,RS Sandhu,1,0,,,,,,"",""
ball,4,15.5,Canterbury,LJ Carter,CJ Bowes,RS Sandhu,2,0,,,,,,"",""
ball,4,15.6,Canterbury,LJ Carter,CJ Bowes,RS Sandhu,0,0,,,,,,"",""
ball,4,16.1,Canterbury,CJ Bowes,LJ Carter,BG Lister,0,0,,,,,,"",""
ball,4,16.2,Canterbury,CJ Bowes,LJ Carter,BG Lister,0,0,,,,,,"",""
ball,4,16.3,Canterbury,CJ Bowes,LJ Carter,BG Lister,1,0,,,,,,"",""
ball,4,16.4,Canterbury,LJ Carter,CJ Bowes,BG Lister,1,0,,,,,,"",""
ball,4,16.5,Canterbury,CJ Bowes,LJ Carter,BG Lister,0,0,,,,,,"",""
ball,4,16.6,Canterbury,CJ Bowes,LJ Carter,BG Lister,4,0,,,,,,"",""
ball,4,17.1,Canterbury,LJ Carter,CJ Bowes,RS Sandhu,0,0,,,,,,"",""
ball,4,17.2,Canterbury,LJ Carter,CJ Bowes,RS Sandhu,4,0,,,,,,"",""
ball,4,17.3,Canterbury,LJ Carter,CJ Bowes,RS Sandhu,0,0,,,,,,"",""
ball,4,17.4,Canterbury,LJ Carter,CJ Bowes,RS Sandhu,0,0,,,,,,"",""
ball,4,17.5,Canterbury,LJ Carter,CJ Bowes,RS Sandhu,0,0,,,,,,"",""
ball,4,17.6,Canterbury,LJ Carter,CJ Bowes,RS Sandhu,4,0,,,,,,"",""
ball,4,18.1,Canterbury,CJ Bowes,LJ Carter,BG Lister,0,0,,,,,,"",""
ball,4,18.2,Canterbury,CJ Bowes,LJ Carter,BG Lister,0,0,,,,,,"",""
ball,4,18.3,Canterbury,CJ Bowes,LJ Carter,BG Lister,4,0,,,,,,"",""
ball,4,18.4,Canterbury,CJ Bowes,LJ Carter,BG Lister,1,0,,,,,,"",""
ball,4,18.5,Canterbury,LJ Carter,CJ Bowes,BG Lister,0,0,,,,,,"",""
ball,4,18.6,Canterbury,LJ Carter,CJ Bowes,BG Lister,0,0,,,,,,"",""
ball,4,19.1,Canterbury,CJ Bowes,LJ Carter,MB McEwan,0,0,,,,,,"",""
ball,4,19.2,Canterbury,CJ Bowes,LJ Carter,MB McEwan,0,0,,,,,,"",""
ball,4,19.3,Canterbury,CJ Bowes,LJ Carter,MB McEwan,0,0,,,,,,"",""
ball,4,19.4,Canterbury,CJ Bowes,LJ Carter,MB McEwan,0,0,,,,,,"",""
ball,4,19.5,Canterbury,CJ Bowes,LJ Carter,MB McEwan,0,0,,,,,,"",""
ball,4,19.6,Canterbury,CJ Bowes,LJ Carter,MB McEwan,2,0,,,,,,"",""
ball,4,20.1,Canterbury,LJ Carter,CJ Bowes,DK Ferns,0,0,,,,,,"",""
ball,4,20.2,Canterbury,LJ Carter,CJ Bowes,DK Ferns,4,0,,,,,,"",""
ball,4,20.3,Canterbury,LJ Carter,CJ Bowes,DK Ferns,2,0,,,,,,"",""
ball,4,20.4,Canterbury,LJ Carter,CJ Bowes,DK Ferns,0,0,,,,,,"",""
ball,4,20.5,Canterbury,LJ Carter,CJ Bowes,DK Ferns,1,0,,,,,,"",""
ball,4,20.6,Canterbury,CJ Bowes,LJ Carter,DK Ferns,0,0,,,,,,"",""
ball,4,21.1,Canterbury,LJ Carter,CJ Bowes,MB McEwan,0,0,,,,,,"",""
ball,4,21.2,Canterbury,LJ Carter,CJ Bowes,MB McEwan,0,0,,,,,,"",""
ball,4,21.3,Canterbury,LJ Carter,CJ Bowes,MB McEwan,4,0,,,,,,"",""
ball,4,21.4,Canterbury,LJ Carter,CJ Bowes,MB McEwan,0,1,,1,,,,"",""
ball,4,21.5,Canterbury,LJ Carter,CJ Bowes,MB McEwan,0,0,,,,,,"",""
ball,4,21.6,Canterbury,LJ Carter,CJ Bowes,MB McEwan,0,0,,,,,,"",""
ball,4,21.7,Canterbury,LJ Carter,CJ Bowes,MB McEwan,0,0,,,,,,"",""
ball,4,22.1,Canterbury,CJ Bowes,LJ Carter,DK Ferns,0,0,,,,,,"",""
ball,4,22.2,Canterbury,CJ Bowes,LJ Carter,DK Ferns,0,0,,,,,,"",""
ball,4,22.3,Canterbury,CJ Bowes,LJ Carter,DK Ferns,0,0,,,,,,"",""
ball,4,22.4,Canterbury,CJ Bowes,LJ Carter,DK Ferns,0,0,,,,,,"",""
ball,4,22.5,Canterbury,CJ Bowes,LJ Carter,DK Ferns,4,0,,,,,,"",""
ball,4,22.6,Canterbury,CJ Bowes,LJ Carter,DK Ferns,0,0,,,,,,"",""
ball,4,23.1,Canterbury,LJ Carter,CJ Bowes,MB McEwan,0,0,,,,,,"",""
ball,4,23.2,Canterbury,LJ Carter,CJ Bowes,MB McEwan,0,0,,,,,,"",""
ball,4,23.3,Canterbury,LJ Carter,CJ Bowes,MB McEwan,1,0,,,,,,"",""
ball,4,23.4,Canterbury,CJ Bowes,LJ Carter,MB McEwan,1,0,,,,,,"",""
ball,4,23.5,Canterbury,LJ Carter,CJ Bowes,MB McEwan,0,0,,,,,,"",""
ball,4,23.6,Canterbury,LJ Carter,CJ Bowes,MB McEwan,0,0,,,,,,"",""
ball,4,24.1,Canterbury,CJ Bowes,LJ Carter,DK Ferns,0,0,,,,,,"",""
ball,4,24.2,Canterbury,CJ Bowes,LJ Carter,DK Ferns,0,4,,,4,,,"",""
ball,4,24.3,Canterbury,CJ Bowes,LJ Carter,DK Ferns,0,0,,,,,,"",""
ball,4,24.4,Canterbury,CJ Bowes,LJ Carter,DK Ferns,0,0,,,,,,"",""
ball,4,24.5,Canterbury,CJ Bowes,LJ Carter,DK Ferns,0,0,,,,,,caught,CJ Bowes
ball,4,24.6,Canterbury,CE McConchie,LJ Carter,DK Ferns,0,0,,,,,,"",""
ball,4,25.1,Canterbury,LJ Carter,CE McConchie,MB McEwan,0,0,,,,,,"",""
ball,4,25.2,Canterbury,LJ Carter,CE McConchie,MB McEwan,1,0,,,,,,"",""
ball,4,25.3,Canterbury,CE McConchie,LJ Carter,MB McEwan,0,0,,,,,,"",""
ball,4,25.4,Canterbury,CE McConchie,LJ Carter,MB McEwan,0,0,,,,,,"",""
ball,4,25.5,Canterbury,CE McConchie,LJ Carter,MB McEwan,0,1,1,,,,,"",""
ball,4,25.6,Canterbury,CE McConchie,LJ Carter,MB McEwan,4,0,,,,,,"",""
ball,4,25.7,Canterbury,CE McConchie,LJ Carter,MB McEwan,0,0,,,,,,"",""
ball,4,26.1,Canterbury,LJ Carter,CE McConchie,DK Ferns,4,0,,,,,,"",""
ball,4,26.2,Canterbury,LJ Carter,CE McConchie,DK Ferns,1,0,,,,,,"",""
ball,4,26.3,Canterbury,CE McConchie,LJ Carter,DK Ferns,0,0,,,,,,"",""
ball,4,26.4,Canterbury,CE McConchie,LJ Carter,DK Ferns,0,0,,,,,,"",""
ball,4,26.5,Canterbury,CE McConchie,LJ Carter,DK Ferns,0,0,,,,,,"",""
ball,4,26.6,Canterbury,CE McConchie,LJ Carter,DK Ferns,0,0,,,,,,"",""
ball,4,27.1,Canterbury,LJ Carter,CE McConchie,MB McEwan,0,0,,,,,,"",""
ball,4,27.2,Canterbury,LJ Carter,CE McConchie,MB McEwan,4,0,,,,,,"",""
ball,4,27.3,Canterbury,LJ Carter,CE McConchie,MB McEwan,0,0,,,,,,"",""
ball,4,27.4,Canterbury,LJ Carter,CE McConchie,MB McEwan,6,0,,,,,,"",""
ball,4,27.5,Canterbury,LJ Carter,CE McConchie,MB McEwan,2,0,,,,,,"",""
ball,4,27.6,Canterbury,LJ Carter,CE McConchie,MB McEwan,0,0,,,,,,"",""
ball,4,28.1,Canterbury,CE McConchie,LJ Carter,DK Ferns,0,0,,,,,,"",""
ball,4,28.2,Canterbury,CE McConchie,LJ Carter,DK Ferns,1,0,,,,,,"",""
ball,4,28.3,Canterbury,LJ Carter,CE McConchie,DK Ferns,0,0,,,,,,"",""
ball,4,28.4,Canterbury,LJ Carter,CE McConchie,DK Ferns,0,0,,,,,,"",""
ball,4,28.5,Canterbury,LJ Carter,CE McConchie,DK Ferns,1,0,,,,,,"",""
ball,4,28.6,Canterbury,CE McConchie,LJ Carter,DK Ferns,0,0,,,,,,"",""
ball,4,29.1,Canterbury,LJ Carter,CE McConchie,MJ Barry,0,0,,,,,,"",""
ball,4,29.2,Canterbury,LJ Carter,CE McConchie,MJ Barry,0,0,,,,,,"",""
ball,4,29.3,Canterbury,LJ Carter,CE McConchie,MJ Barry,0,0,,,,,,"",""
ball,4,29.4,Canterbury,LJ Carter,CE McConchie,MJ Barry,0,0,,,,,,"",""
ball,4,29.5,Canterbury,LJ Carter,CE McConchie,MJ Barry,1,0,,,,,,"",""
ball,4,29.6,Canterbury,CE McConchie,LJ Carter,MJ Barry,0,0,,,,,,"",""
ball,4,30.1,Canterbury,LJ Carter,CE McConchie,DK Ferns,1,0,,,,,,"",""
ball,4,30.2,Canterbury,CE McConchie,LJ Carter,DK Ferns,0,0,,,,,,"",""
ball,4,30.3,Canterbury,CE McConchie,LJ Carter,DK Ferns,0,0,,,,,,"",""
ball,4,30.4,Canterbury,CE McConchie,LJ Carter,DK Ferns,0,0,,,,,,"",""
ball,4,30.5,Canterbury,CE McConchie,LJ Carter,DK Ferns,0,0,,,,,,"",""
ball,4,30.6,Canterbury,CE McConchie,LJ Carter,DK Ferns,4,0,,,,,,"",""
ball,4,31.1,Canterbury,LJ Carter,CE McConchie,MJ Barry,0,0,,,,,,"",""
ball,4,31.2,Canterbury,LJ Carter,CE McConchie,MJ Barry,0,0,,,,,,"",""
ball,4,31.3,Canterbury,LJ Carter,CE McConchie,MJ Barry,0,0,,,,,,"",""
ball,4,31.4,Canterbury,LJ Carter,CE McConchie,MJ Barry,0,0,,,,,,"",""
ball,4,31.5,Canterbury,LJ Carter,CE McConchie,MJ Barry,0,0,,,,,,"",""
ball,4,31.6,Canterbury,LJ Carter,CE McConchie,MJ Barry,0,0,,,,,,"",""
ball,4,32.1,Canterbury,CE McConchie,LJ Carter,DK Ferns,0,0,,,,,,"",""
ball,4,32.2,Canterbury,CE McConchie,LJ Carter,DK Ferns,0,0,,,,,,"",""
ball,4,32.3,Canterbury,CE McConchie,LJ Carter,DK Ferns,0,0,,,,,,"",""
ball,4,32.4,Canterbury,CE McConchie,LJ Carter,DK Ferns,2,0,,,,,,"",""
ball,4,32.5,Canterbury,CE McConchie,LJ Carter,DK Ferns,1,0,,,,,,"",""
ball,4,32.6,Canterbury,LJ Carter,CE McConchie,DK Ferns,1,0,,,,,,"",""
ball,4,33.1,Canterbury,LJ Carter,CE McConchie,MJ Barry,0,0,,,,,,"",""
ball,4,33.2,Canterbury,LJ Carter,CE McConchie,MJ Barry,0,0,,,,,,"",""
ball,4,33.3,Canterbury,LJ Carter,CE McConchie,MJ Barry,0,0,,,,,,"",""
ball,4,33.4,Canterbury,LJ Carter,CE McConchie,MJ Barry,0,0,,,,,,"",""
ball,4,33.5,Canterbury,LJ Carter,CE McConchie,MJ Barry,0,0,,,,,,"",""
ball,4,33.6,Canterbury,LJ Carter,CE McConchie,MJ Barry,0,1,,1,,,,"",""
ball,4,33.7,Canterbury,LJ Carter,CE McConchie,MJ Barry,0,0,,,,,,"",""
ball,4,34.1,Canterbury,CE McConchie,LJ Carter,BG Lister,1,0,,,,,,"",""
ball,4,34.2,Canterbury,LJ Carter,CE McConchie,BG Lister,1,0,,,,,,"",""
ball,4,34.3,Canterbury,CE McConchie,LJ Carter,BG Lister,0,0,,,,,,"",""
ball,4,34.4,Canterbury,CE McConchie,LJ Carter,BG Lister,0,0,,,,,,"",""
ball,4,34.5,Canterbury,CE McConchie,LJ Carter,BG Lister,1,0,,,,,,"",""
ball,4,34.6,Canterbury,LJ Carter,CE McConchie,BG Lister,0,0,,,,,,"",""
ball,4,35.1,Canterbury,CE McConchie,LJ Carter,MJ Barry,0,0,,,,,,"",""
ball,4,35.2,Canterbury,CE McConchie,LJ Carter,MJ Barry,0,0,,,,,,"",""
ball,4,35.3,Canterbury,CE McConchie,LJ Carter,MJ Barry,0,0,,,,,,"",""
ball,4,35.4,Canterbury,CE McConchie,LJ Carter,MJ Barry,0,1,,,,1,,"",""
ball,4,35.5,Canterbury,LJ Carter,CE McConchie,MJ Barry,0,1,,1,,,,"",""
ball,4,35.6,Canterbury,LJ Carter,CE McConchie,MJ Barry,0,0,,,,,,"",""
ball,4,35.7,Canterbury,LJ Carter,CE McConchie,MJ Barry,0,0,,,,,,"",""
ball,4,36.1,Canterbury,CE McConchie,LJ Carter,BG Lister,0,0,,,,,,"",""
ball,4,36.2,Canterbury,CE McConchie,LJ Carter,BG Lister,0,0,,,,,,"",""
ball,4,36.3,Canterbury,CE McConchie,LJ Carter,BG Lister,1,0,,,,,,"",""
ball,4,36.4,Canterbury,LJ Carter,CE McConchie,BG Lister,2,0,,,,,,"",""
ball,4,36.5,Canterbury,LJ Carter,CE McConchie,BG Lister,0,0,,,,,,"",""
ball,4,36.6,Canterbury,LJ Carter,CE McConchie,BG Lister,1,0,,,,,,"",""
ball,4,37.1,Canterbury,LJ Carter,CE McConchie,MJ Barry,0,0,,,,,,"",""
ball,4,37.2,Canterbury,LJ Carter,CE McConchie,MJ Barry,0,0,,,,,,caught,LJ Carter
ball,4,37.3,Canterbury,CD Fletcher,CE McConchie,MJ Barry,1,0,,,,,,"",""
ball,4,37.4,Canterbury,CE McConchie,CD Fletcher,MJ Barry,0,1,,,,1,,"",""
ball,4,37.5,Canterbury,CD Fletcher,CE McConchie,MJ Barry,0,0,,,,,,"",""
ball,4,37.6,Canterbury,CD Fletcher,CE McConchie,MJ Barry,0,0,,,,,,"",""
ball,4,38.1,Canterbury,CE McConchie,CD Fletcher,BG Lister,2,0,,,,,,"",""
ball,4,38.2,Canterbury,CE McConchie,CD Fletcher,BG Lister,1,0,,,,,,"",""
ball,4,38.3,Canterbury,CD Fletcher,CE McConchie,BG Lister,0,0,,,,,,"",""
ball,4,38.4,Canterbury,CD Fletcher,CE McConchie,BG Lister,0,0,,,,,,"",""
ball,4,38.5,Canterbury,CD Fletcher,CE McConchie,BG Lister,0,0,,,,,,"",""
ball,4,38.6,Canterbury,CD Fletcher,CE McConchie,BG Lister,0,0,,,,,,"",""
ball,4,39.1,Canterbury,CE McConchie,CD Fletcher,MJ Barry,0,0,,,,,,"",""
ball,4,39.2,Canterbury,CE McConchie,CD Fletcher,MJ Barry,1,1,,1,,,,"",""
ball,4,39.3,Canterbury,CD Fletcher,CE McConchie,MJ Barry,0,0,,,,,,"",""
ball,4,39.4,Canterbury,CD Fletcher,CE McConchie,MJ Barry,0,0,,,,,,"",""
ball,4,39.5,Canterbury,CD Fletcher,CE McConchie,MJ Barry,0,1,,1,,,,"",""
ball,4,39.6,Canterbury,CD Fletcher,CE McConchie,MJ Barry,0,0,,,,,,"",""
ball,4,39.7,Canterbury,CD Fletcher,CE McConchie,MJ Barry,0,0,,,,,,"",""
ball,4,39.8,Canterbury,CD Fletcher,CE McConchie,MJ Barry,2,0,,,,,,"",""
ball,4,40.1,Canterbury,CE McConchie,CD Fletcher,BG Lister,0,0,,,,,,"",""
ball,4,40.2,Canterbury,CE McConchie,CD Fletcher,BG Lister,1,0,,,,,,"",""
ball,4,40.3,Canterbury,CD Fletcher,CE McConchie,BG Lister,0,0,,,,,,"",""
ball,4,40.4,Canterbury,CD Fletcher,CE McConchie,BG Lister,4,0,,,,,,"",""
ball,4,40.5,Canterbury,CD Fletcher,CE McConchie,BG Lister,0,0,,,,,,"",""
ball,4,40.6,Canterbury,CD Fletcher,CE McConchie,BG Lister,0,0,,,,,,"",""
ball,4,41.1,Canterbury,CE McConchie,CD Fletcher,RS Sandhu,0,0,,,,,,"",""
ball,4,41.2,Canterbury,CE McConchie,CD Fletcher,RS Sandhu,0,0,,,,,,"",""
ball,4,41.3,Canterbury,CE McConchie,CD Fletcher,RS Sandhu,0,0,,,,,,"",""
ball,4,41.4,Canterbury,CE McConchie,CD Fletcher,RS Sandhu,0,0,,,,,,"",""
ball,4,41.5,Canterbury,CE McConchie,CD Fletcher,RS Sandhu,0,0,,,,,,"",""
ball,4,41.6,Canterbury,CE McConchie,CD Fletcher,RS Sandhu,0,0,,,,,,"",""
ball,4,42.1,Canterbury,CD Fletcher,CE McConchie,GD Phillips,1,0,,,,,,"",""
ball,4,42.2,Canterbury,CE McConchie,CD Fletcher,GD Phillips,0,0,,,,,,"",""
ball,4,42.3,Canterbury,CE McConchie,CD Fletcher,GD Phillips,0,2,,,,2,,"",""
ball,4,42.4,Canterbury,CE McConchie,CD Fletcher,GD Phillips,4,0,,,,,,"",""
ball,4,42.5,Canterbury,CE McConchie,CD Fletcher,GD Phillips,0,0,,,,,,"",""
ball,4,42.6,Canterbury,CE McConchie,CD Fletcher,GD Phillips,2,0,,,,,,"",""
ball,4,43.1,Canterbury,CD Fletcher,CE McConchie,RS Sandhu,1,0,,,,,,"",""
ball,4,43.2,Canterbury,CE McConchie,CD Fletcher,RS Sandhu,0,0,,,,,,"",""
ball,4,43.3,Canterbury,CE McConchie,CD Fletcher,RS Sandhu,0,0,,,,,,"",""
ball,4,43.4,Canterbury,CE McConchie,CD Fletcher,RS Sandhu,4,0,,,,,,"",""
ball,4,43.5,Canterbury,CE McConchie,CD Fletcher,RS Sandhu,0,0,,,,,,"",""
ball,4,43.6,Canterbury,CE McConchie,CD Fletcher,RS Sandhu,0,0,,,,,,"",""
ball,4,44.1,Canterbury,CD Fletcher,CE McConchie,GD Phillips,0,0,,,,,,"",""
ball,4,44.2,Canterbury,CD Fletcher,CE McConchie,GD Phillips,0,0,,,,,,"",""
ball,4,44.3,Canterbury,CD Fletcher,CE McConchie,GD Phillips,0,0,,,,,,"",""
ball,4,44.4,Canterbury,CD Fletcher,CE McConchie,GD Phillips,0,0,,,,,,"",""
ball,4,44.5,Canterbury,CD Fletcher,CE McConchie,GD Phillips,0,0,,,,,,"",""
ball,4,44.6,Canterbury,CD Fletcher,CE McConchie,GD Phillips,0,0,,,,,,"",""
ball,4,45.1,Canterbury,CE McConchie,CD Fletcher,MB McEwan,1,0,,,,,,"",""
ball,4,45.2,Canterbury,CD Fletcher,CE McConchie,MB McEwan,0,0,,,,,,"",""
ball,4,45.3,Canterbury,CD Fletcher,CE McConchie,MB McEwan,0,0,,,,,,"",""
ball,4,45.4,Canterbury,CD Fletcher,CE McConchie,MB McEwan,0,0,,,,,,"",""
ball,4,45.5,Canterbury,CD Fletcher,CE McConchie,MB McEwan,1,0,,,,,,"",""
ball,4,45.6,Canterbury,CE McConchie,CD Fletcher,MB McEwan,0,0,,,,,,"",""
ball,4,46.1,Canterbury,CD Fletcher,CE McConchie,DK Ferns,0,0,,,,,,"",""
ball,4,46.2,Canterbury,CD Fletcher,CE McConchie,DK Ferns,1,0,,,,,,"",""
ball,4,46.3,Canterbury,CE McConchie,CD Fletcher,DK Ferns,0,0,,,,,,"",""
ball,4,46.4,Canterbury,CE McConchie,CD Fletcher,DK Ferns,0,0,,,,,,"",""
ball,4,46.5,Canterbury,CE McConchie,CD Fletcher,DK Ferns,0,0,,,,,,"",""
ball,4,46.6,Canterbury,CE McConchie,CD Fletcher,DK Ferns,0,0,,,,,,"",""
ball,4,47.1,Canterbury,CD Fletcher,CE McConchie,MB McEwan,2,0,,,,,,"",""
ball,4,47.2,Canterbury,CD Fletcher,CE McConchie,MB McEwan,0,0,,,,,,"",""
ball,4,47.3,Canterbury,CD Fletcher,CE McConchie,MB McEwan,0,0,,,,,,"",""
ball,4,47.4,Canterbury,CD Fletcher,CE McConchie,MB McEwan,0,0,,,,,,"",""
ball,4,47.5,Canterbury,CD Fletcher,CE McConchie,MB McEwan,0,0,,,,,,"",""
ball,4,47.6,Canterbury,CD Fletcher,CE McConchie,MB McEwan,4,0,,,,,,"",""
ball,4,48.1,Canterbury,CE McConchie,CD Fletcher,DK Ferns,0,0,,,,,,"",""
ball,4,48.2,Canterbury,CE McConchie,CD Fletcher,DK Ferns,0,0,,,,,,"",""
ball,4,48.3,Canterbury,CE McConchie,CD Fletcher,DK Ferns,0,0,,,,,,"",""
ball,4,48.4,Canterbury,CE McConchie,CD Fletcher,DK Ferns,0,0,,,,,,"",""
ball,4,48.5,Canterbury,CE McConchie,CD Fletcher,DK Ferns,0,0,,,,,,"",""
ball,4,48.6,Canterbury,CE McConchie,CD Fletcher,DK Ferns,0,0,,,,,,"",""
ball,4,49.1,Canterbury,CD Fletcher,CE McConchie,MB McEwan,0,0,,,,,,"",""
ball,4,49.2,Canterbury,CD Fletcher,CE McConchie,MB McEwan,0,0,,,,,,"",""
ball,4,49.3,Canterbury,CD Fletcher,CE McConchie,MB McEwan,0,0,,,,,,"",""
ball,4,49.4,Canterbury,CD Fletcher,CE McConchie,MB McEwan,4,0,,,,,,"",""
ball,4,49.5,Canterbury,CD Fletcher,CE McConchie,MB McEwan,0,0,,,,,,"",""
ball,4,49.6,Canterbury,CD Fletcher,CE McConchie,MB McEwan,0,0,,,,,,"",""
ball,4,50.1,Canterbury,CE McConchie,CD Fletcher,DK Ferns,0,0,,,,,,"",""
ball,4,50.2,Canterbury,CE McConchie,CD Fletcher,DK Ferns,0,0,,,,,,"",""
ball,4,50.3,Canterbury,CE McConchie,CD Fletcher,DK Ferns,0,0,,,,,,"",""
ball,4,50.4,Canterbury,CE McConchie,CD Fletcher,DK Ferns,4,0,,,,,,"",""
ball,4,50.5,Canterbury,CE McConchie,CD Fletcher,DK Ferns,0,0,,,,,,"",""
ball,4,50.6,Canterbury,CE McConchie,CD Fletcher,DK Ferns,0,0,,,,,,"",""
ball,4,51.1,Canterbury,CD Fletcher,CE McConchie,MB McEwan,0,0,,,,,,"",""
ball,4,51.2,Canterbury,CD Fletcher,CE McConchie,MB McEwan,0,0,,,,,,"",""
ball,4,51.3,Canterbury,CD Fletcher,CE McConchie,MB McEwan,0,0,,,,,,"",""
ball,4,51.4,Canterbury,CD Fletcher,CE McConchie,MB McEwan,0,0,,,,,,"",""
ball,4,51.5,Canterbury,CD Fletcher,CE McConchie,MB McEwan,0,0,,,,,,"",""
ball,4,51.6,Canterbury,CD Fletcher,CE McConchie,MB McEwan,0,1,,,,1,,"",""
ball,4,52.1,Canterbury,CD Fletcher,CE McConchie,DK Ferns,0,0,,,,,,"",""
ball,4,52.2,Canterbury,CD Fletcher,CE McConchie,DK Ferns,0,0,,,,,,"",""
ball,4,52.3,Canterbury,CD Fletcher,CE McConchie,DK Ferns,1,0,,,,,,"",""
ball,4,52.4,Canterbury,CE McConchie,CD Fletcher,DK Ferns,0,0,,,,,,"",""
ball,4,52.5,Canterbury,CE McConchie,CD Fletcher,DK Ferns,1,0,,,,,,"",""
ball,4,52.6,Canterbury,CD Fletcher,CE McConchie,DK Ferns,0,0,,,,,,"",""
ball,4,53.1,Canterbury,CE McConchie,CD Fletcher,MB McEwan,0,0,,,,,,"",""
ball,4,53.2,Canterbury,CE McConchie,CD Fletcher,MB McEwan,0,0,,,,,,"",""
ball,4,53.3,Canterbury,CE McConchie,CD Fletcher,MB McEwan,0,0,,,,,,"",""
ball,4,53.4,Canterbury,CE McConchie,CD Fletcher,MB McEwan,0,0,,,,,,"",""
ball,4,53.5,Canterbury,CE McConchie,CD Fletcher,MB McEwan,0,0,,,,,,"",""
ball,4,53.6,Canterbury,CE McConchie,CD Fletcher,MB McEwan,0,1,,,,1,,"",""
ball,4,54.1,Canterbury,CE McConchie,CD Fletcher,DK Ferns,1,0,,,,,,"",""
ball,4,54.2,Canterbury,CD Fletcher,CE McConchie,DK Ferns,0,0,,,,,,"",""
ball,4,54.3,Canterbury,CD Fletcher,CE McConchie,DK Ferns,0,0,,,,,,"",""
ball,4,54.4,Canterbury,CD Fletcher,CE McConchie,DK Ferns,1,0,,,,,,"",""
ball,4,54.5,Canterbury,CE McConchie,CD Fletcher,DK Ferns,0,0,,,,,,"",""
ball,4,54.6,Canterbury,CE McConchie,CD Fletcher,DK Ferns,1,0,,,,,,"",""
ball,4,55.1,Canterbury,CE McConchie,CD Fletcher,MB McEwan,0,0,,,,,,"",""
ball,4,55.2,Canterbury,CE McConchie,CD Fletcher,MB McEwan,0,0,,,,,,"",""
ball,4,55.3,Canterbury,CE McConchie,CD Fletcher,MB McEwan,1,0,,,,,,"",""
ball,4,55.4,Canterbury,CD Fletcher,CE McConchie,MB McEwan,1,0,,,,,,"",""
ball,4,55.5,Canterbury,CE McConchie,CD Fletcher,MB McEwan,0,0,,,,,,"",""
ball,4,55.6,Canterbury,CE McConchie,CD Fletcher,MB McEwan,0,0,,,,,,"",""
ball,4,56.1,Canterbury,CD Fletcher,CE McConchie,GD Phillips,0,0,,,,,,"",""
ball,4,56.2,Canterbury,CD Fletcher,CE McConchie,GD Phillips,0,0,,,,,,"",""
ball,4,56.3,Canterbury,CD Fletcher,CE McConchie,GD Phillips,0,0,,,,,,"",""
ball,4,56.4,Canterbury,CD Fletcher,CE McConchie,GD Phillips,0,0,,,,,,"",""
ball,4,56.5,Canterbury,CD Fletcher,CE McConchie,GD Phillips,0,0,,,,,,"",""
ball,4,56.6,Canterbury,CD Fletcher,CE McConchie,GD Phillips,0,0,,,,,,"",""
ball,4,57.1,Canterbury,CE McConchie,CD Fletcher,MB McEwan,1,0,,,,,,"",""
ball,4,57.2,Canterbury,CD Fletcher,CE McConchie,MB McEwan,0,0,,,,,,"",""
ball,4,57.3,Canterbury,CD Fletcher,CE McConchie,MB McEwan,0,0,,,,,,"",""
ball,4,57.4,Canterbury,CD Fletcher,CE McConchie,MB McEwan,3,0,,,,,,"",""
ball,4,57.5,Canterbury,CE McConchie,CD Fletcher,MB McEwan,1,0,,,,,,"",""
ball,4,57.6,Canterbury,CD Fletcher,CE McConchie,MB McEwan,0,0,,,,,,"",""
ball,4,58.1,Canterbury,CE McConchie,CD Fletcher,GD Phillips,1,0,,,,,,"",""
ball,4,58.2,Canterbury,CD Fletcher,CE McConchie,GD Phillips,1,0,,,,,,"",""
ball,4,58.3,Canterbury,CE McConchie,CD Fletcher,GD Phillips,0,0,,,,,,caught,CE McConchie
ball,4,58.4,Canterbury,DR Sams,CD Fletcher,GD Phillips,1,0,,,,,,"",""
ball,4,58.5,Canterbury,CD Fletcher,DR Sams,GD Phillips,0,0,,,,,,"",""
ball,4,58.6,Canterbury,CD Fletcher,DR Sams,GD Phillips,2,0,,,,,,"",""
ball,4,59.1,Canterbury,DR Sams,CD Fletcher,MB McEwan,1,0,,,,,,"",""
ball,4,59.2,Canterbury,CD Fletcher,DR Sams,MB McEwan,2,0,,,,,,"",""
ball,4,59.3,Canterbury,CD Fletcher,DR Sams,MB McEwan,1,0,,,,,,"",""
ball,4,59.4,Canterbury,DR Sams,CD Fletcher,MB McEwan,2,0,,,,,,"",""
ball,4,59.5,Canterbury,DR Sams,CD Fletcher,MB McEwan,1,0,,,,,,"",""
ball,4,59.6,Canterbury,CD Fletcher,DR Sams,MB McEwan,0,1,,,1,,,"",""
ball,4,60.1,Canterbury,CD Fletcher,DR Sams,GD Phillips,0,0,,,,,,"",""
ball,4,60.2,Canterbury,CD Fletcher,DR Sams,GD Phillips,0,0,,,,,,"",""
ball,4,60.3,Canterbury,CD Fletcher,DR Sams,GD Phillips,3,0,,,,,,"",""
ball,4,60.4,Canterbury,DR Sams,CD Fletcher,GD Phillips,4,0,,,,,,"",""
ball,4,60.5,Canterbury,DR Sams,CD Fletcher,GD Phillips,0,0,,,,,,"",""
ball,4,60.6,Canterbury,DR Sams,CD Fletcher,GD Phillips,0,0,,,,,,"",""
ball,4,61.1,Canterbury,CD Fletcher,DR Sams,MJ Barry,1,0,,,,,,"",""
ball,4,61.2,Canterbury,DR Sams,CD Fletcher,MJ Barry,4,0,,,,,,"",""
ball,4,61.3,Canterbury,DR Sams,CD Fletcher,MJ Barry,0,0,,,,,,"",""
ball,4,61.4,Canterbury,DR Sams,CD Fletcher,MJ Barry,0,0,,,,,,"",""
ball,4,61.5,Canterbury,DR Sams,CD Fletcher,MJ Barry,0,2,,,,2,,"",""
ball,4,61.6,Canterbury,DR Sams,CD Fletcher,MJ Barry,4,0,,,,,,"",""
ball,4,62.1,Canterbury,CD Fletcher,DR Sams,GD Phillips,1,0,,,,,,"",""
ball,4,62.2,Canterbury,DR Sams,CD Fletcher,GD Phillips,0,0,,,,,,"",""
ball,4,62.3,Canterbury,DR Sams,CD Fletcher,GD Phillips,1,0,,,,,,"",""
ball,4,62.4,Canterbury,CD Fletcher,DR Sams,GD Phillips,1,0,,,,,,"",""
ball,4,62.5,Canterbury,DR Sams,CD Fletcher,GD Phillips,0,0,,,,,,"",""
ball,4,62.6,Canterbury,DR Sams,CD Fletcher,GD Phillips,3,0,,,,,,"",""
ball,4,63.1,Canterbury,DR Sams,CD Fletcher,MJ Barry,0,0,,,,,,"",""
ball,4,63.2,Canterbury,DR Sams,CD Fletcher,MJ Barry,0,0,,,,,,"",""
ball,4,63.3,Canterbury,DR Sams,CD Fletcher,MJ Barry,6,0,,,,,,"",""
ball,4,63.4,Canterbury,DR Sams,CD Fletcher,MJ Barry,0,0,,,,,,"",""
ball,4,63.5,Canterbury,DR Sams,CD Fletcher,MJ Barry,2,0,,,,,,"",""
ball,4,63.6,Canterbury,DR Sams,CD Fletcher,MJ Barry,4,0,,,,,,"",""
ball,4,64.1,Canterbury,CD Fletcher,DR Sams,GD Phillips,0,0,,,,,,"",""
ball,4,64.2,Canterbury,CD Fletcher,DR Sams,GD Phillips,0,0,,,,,,"",""
ball,4,64.3,Canterbury,CD Fletcher,DR Sams,GD Phillips,0,1,,,,1,,"",""
ball,4,64.4,Canterbury,DR Sams,CD Fletcher,GD Phillips,0,0,,,,,,"",""
ball,4,64.5,Canterbury,DR Sams,CD Fletcher,GD Phillips,0,0,,,,,,"",""
ball,4,64.6,Canterbury,DR Sams,CD Fletcher,GD Phillips,0,0,,,,,,"",""
ball,4,65.1,Canterbury,CD Fletcher,DR Sams,DK Ferns,1,0,,,,,,"",""
ball,4,65.2,Canterbury,DR Sams,CD Fletcher,DK Ferns,0,0,,,,,,"",""
ball,4,65.3,Canterbury,DR Sams,CD Fletcher,DK Ferns,0,0,,,,,,"",""
ball,4,65.4,Canterbury,DR Sams,CD Fletcher,DK Ferns,0,0,,,,,,lbw,DR Sams
ball,4,65.5,Canterbury,TG Johnston,CD Fletcher,DK Ferns,0,0,,,,,,"",""
ball,4,65.6,Canterbury,TG Johnston,CD Fletcher,DK Ferns,4,0,,,,,,"",""
ball,4,66.1,Canterbury,CD Fletcher,TG Johnston,GD Phillips,0,0,,,,,,"",""
ball,4,66.2,Canterbury,CD Fletcher,TG Johnston,GD Phillips,1,0,,,,,,"",""
ball,4,66.3,Canterbury,TG Johnston,CD Fletcher,GD Phillips,1,0,,,,,,"",""
ball,4,66.4,Canterbury,CD Fletcher,TG Johnston,GD Phillips,0,0,,,,,,"",""
ball,4,66.5,Canterbury,CD Fletcher,TG Johnston,GD Phillips,1,0,,,,,,"",""
ball,4,66.6,Canterbury,TG Johnston,CD Fletcher,GD Phillips,2,0,,,,,,"",""
ball,4,67.1,Canterbury,CD Fletcher,TG Johnston,DK Ferns,0,0,,,,,,"",""
ball,4,67.2,Canterbury,CD Fletcher,TG Johnston,DK Ferns,4,0,,,,,,"",""
ball,4,67.3,Canterbury,CD Fletcher,TG Johnston,DK Ferns,1,0,,,,,,"",""
ball,4,67.4,Canterbury,TG Johnston,CD Fletcher,DK Ferns,1,0,,,,,,"",""
ball,4,67.5,Canterbury,CD Fletcher,TG Johnston,DK Ferns,0,0,,,,,,"",""
ball,4,67.6,Canterbury,CD Fletcher,TG Johnston,DK Ferns,0,0,,,,,,"",""
ball,4,68.1,Canterbury,TG Johnston,CD Fletcher,GD Phillips,1,0,,,,,,"",""
ball,4,68.2,Canterbury,CD Fletcher,TG Johnston,GD Phillips,0,0,,,,,,"",""
ball,4,68.3,Canterbury,CD Fletcher,TG Johnston,GD Phillips,0,0,,,,,,"",""
ball,4,68.4,Canterbury,CD Fletcher,TG Johnston,GD Phillips,1,0,,,,,,"",""
ball,4,68.5,Canterbury,TG Johnston,CD Fletcher,GD Phillips,0,0,,,,,,"",""
ball,4,68.6,Canterbury,TG Johnston,CD Fletcher,GD Phillips,0,2,,,2,,,"",""
ball,4,69.1,Canterbury,CD Fletcher,TG Johnston,DK Ferns,0,0,,,,,,"",""
ball,4,69.2,Canterbury,CD Fletcher,TG Johnston,DK Ferns,0,0,,,,,,"",""
ball,4,69.3,Canterbury,CD Fletcher,TG Johnston,DK Ferns,2,0,,,,,,"",""
ball,4,69.4,Canterbury,CD Fletcher,TG Johnston,DK Ferns,0,0,,,,,,"",""
ball,4,69.5,Canterbury,CD Fletcher,TG Johnston,DK Ferns,1,0,,,,,,"",""
ball,4,69.6,Canterbury,TG Johnston,CD Fletcher,DK Ferns,0,0,,,,,,caught and bowled,TG Johnston
ball,4,70.1,Canterbury,CD Fletcher,WSA Williams,GD Phillips,0,0,,,,,,"",""
ball,4,70.2,Canterbury,CD Fletcher,WSA Williams,GD Phillips,0,0,,,,,,"",""
ball,4,70.3,Canterbury,CD Fletcher,WSA Williams,GD Phillips,0,0,,,,,,"",""
ball,4,70.4,Canterbury,CD Fletcher,WSA Williams,GD Phillips,0,0,,,,,,"",""
ball,4,70.5,Canterbury,CD Fletcher,WSA Williams,GD Phillips,0,0,,,,,,"",""
ball,4,70.6,Canterbury,CD Fletcher,WSA Williams,GD Phillips,0,0,,,,,,"",""
ball,4,71.1,Canterbury,WSA Williams,CD Fletcher,DK Ferns,0,0,,,,,,"",""
ball,4,71.2,Canterbury,WSA Williams,CD Fletcher,DK Ferns,0,0,,,,,,"",""
ball,4,71.3,Canterbury,WSA Williams,CD Fletcher,DK Ferns,0,0,,,,,,"",""
ball,4,71.4,Canterbury,WSA Williams,CD Fletcher,DK Ferns,0,0,,,,,,"",""
ball,4,71.5,Canterbury,WSA Williams,CD Fletcher,DK Ferns,0,0,,,,,,"",""
ball,4,71.6,Canterbury,WSA Williams,CD Fletcher,DK Ferns,1,0,,,,,,"",""
ball,4,72.1,Canterbury,WSA Williams,CD Fletcher,GD Phillips,0,0,,,,,,"",""
ball,4,72.2,Canterbury,WSA Williams,CD Fletcher,GD Phillips,0,0,,,,,,"",""
ball,4,72.3,Canterbury,WSA Williams,CD Fletcher,GD Phillips,0,0,,,,,,"",""
ball,4,72.4,Canterbury,WSA Williams,CD Fletcher,GD Phillips,0,0,,,,,,"",""
ball,4,72.5,Canterbury,WSA Williams,CD Fletcher,GD Phillips,0,0,,,,,,"",""
ball,4,72.6,Canterbury,WSA Williams,CD Fletcher,GD Phillips,0,0,,,,,,lbw,WSA Williams
ball,4,73.1,Canterbury,CD Fletcher,AM Ellis,DK Ferns,0,0,,,,,,"",""
ball,4,73.2,Canterbury,CD Fletcher,AM Ellis,DK Ferns,0,0,,,,,,"",""
ball,4,73.3,Canterbury,CD Fletcher,AM Ellis,DK Ferns,1,0,,,,,,"",""
ball,4,73.4,Canterbury,AM Ellis,CD Fletcher,DK Ferns,0,0,,,,,,"",""
ball,4,73.5,Canterbury,AM Ellis,CD Fletcher,DK Ferns,0,0,,,,,,"",""
ball,4,73.6,Canterbury,AM Ellis,CD Fletcher,DK Ferns,0,0,,,,,,"",""
ball,4,74.1,Canterbury,CD Fletcher,AM Ellis,GD Phillips,1,0,,,,,,"",""
ball,4,74.2,Canterbury,AM Ellis,CD Fletcher,GD Phillips,0,0,,,,,,"",""
ball,4,74.3,Canterbury,AM Ellis,CD Fletcher,GD Phillips,1,0,,,,,,"",""
ball,4,74.4,Canterbury,CD Fletcher,AM Ellis,GD Phillips,0,0,,,,,,caught,CD Fletcher
ball,4,74.5,Canterbury,FW Sheat,AM Ellis,GD Phillips,0,0,,,,,,"",""
ball,4,74.6,Canterbury,FW Sheat,AM Ellis,GD Phillips,0,0,,,,,,"",""
ball,4,75.1,Canterbury,AM Ellis,FW Sheat,DK Ferns,0,0,,,,,,"",""
ball,4,75.2,Canterbury,AM Ellis,FW Sheat,DK Ferns,0,0,,,,,,"",""
ball,4,75.3,Canterbury,AM Ellis,FW Sheat,DK Ferns,2,0,,,,,,"",""
ball,4,75.4,Canterbury,AM Ellis,FW Sheat,DK Ferns,1,0,,,,,,"",""
ball,4,75.5,Canterbury,FW Sheat,AM Ellis,DK Ferns,0,0,,,,,,"",""
ball,4,75.6,Canterbury,FW Sheat,AM Ellis,DK Ferns,0,0,,,,,,"",""
ball,4,76.1,Canterbury,AM Ellis,FW Sheat,GD Phillips,4,0,,,,,,"",""
ball,4,76.2,Canterbury,AM Ellis,FW Sheat,GD Phillips,0,0,,,,,,"",""
ball,4,76.3,Canterbury,AM Ellis,FW Sheat,GD Phillips,4,0,,,,,,"",""
ball,4,76.4,Canterbury,AM Ellis,FW Sheat,GD Phillips,1,0,,,,,,"",""
ball,4,76.5,Canterbury,FW Sheat,AM Ellis,GD Phillips,0,0,,,,,,"",""
ball,4,76.6,Canterbury,FW Sheat,AM Ellis,GD Phillips,0,0,,,,,,"",""
ball,4,77.1,Canterbury,AM Ellis,FW Sheat,DK Ferns,4,0,,,,,,"",""
ball,4,77.2,Canterbury,AM Ellis,FW Sheat,DK Ferns,0,0,,,,,,"",""
ball,4,77.3,Canterbury,AM Ellis,FW Sheat,DK Ferns,0,0,,,,,,"",""
ball,4,77.4,Canterbury,AM Ellis,FW Sheat,DK Ferns,0,0,,,,,,"",""
ball,4,77.5,Canterbury,AM Ellis,FW Sheat,DK Ferns,0,0,,,,,,"",""
ball,4,77.6,Canterbury,AM Ellis,FW Sheat,DK Ferns,0,0,,,,,,"",""
ball,4,78.1,Canterbury,FW Sheat,AM Ellis,GD Phillips,0,0,,,,,,"",""
ball,4,78.2,Canterbury,FW Sheat,AM Ellis,GD Phillips,1,0,,,,,,"",""
ball,4,78.3,Canterbury,AM Ellis,FW Sheat,GD Phillips,0,0,,,,,,"",""
ball,4,78.4,Canterbury,AM Ellis,FW Sheat,GD Phillips,0,0,,,,,,"",""
ball,4,78.5,Canterbury,AM Ellis,FW Sheat,GD Phillips,1,0,,,,,,"",""
ball,4,78.6,Canterbury,FW Sheat,AM Ellis,GD Phillips,0,0,,,,,,"",""
ball,4,79.1,Canterbury,AM Ellis,FW Sheat,MB McEwan,0,0,,,,,,"",""
ball,4,79.2,Canterbury,AM Ellis,FW Sheat,MB McEwan,0,0,,,,,,"",""
ball,4,79.3,Canterbury,AM Ellis,FW Sheat,MB McEwan,0,0,,,,,,"",""
ball,4,79.4,Canterbury,AM Ellis,FW Sheat,MB McEwan,1,0,,,,,,"",""
ball,4,79.5,Canterbury,FW Sheat,AM Ellis,MB McEwan,0,0,,,,,,"",""
ball,4,79.6,Canterbury,FW Sheat,AM Ellis,MB McEwan,0,0,,,,,,"",""
ball,4,80.1,Canterbury,AM Ellis,FW Sheat,BG Lister,0,0,,,,,,"",""
ball,4,80.2,Canterbury,AM Ellis,FW Sheat,BG Lister,0,0,,,,,,caught,AM Ellis
