version,1.7.0
info,balls_per_over,6
info,team,Wellington Firebirds
info,team,Central Stags
info,gender,male
info,season,2017/18
info,date,2018/03/17
info,date,2018/03/18
info,date,2018/03/19
info,date,2018/03/20
info,event,Plunket Shield
info,venue,Cello Basin Reserve
info,city,
info,toss_winner,Central Stags
info,toss_decision,field
info,umpire,DJ Walker
info,umpire,TJ Parlane
info,match_referee,K Pulley
info,outcome,draw
info,player,Wellington Firebirds,MHW Papps
info,player,Wellington Firebirds,SJ Murdoch
info,player,Wellington Firebirds,MG Bracewell
info,player,Wellington Firebirds,DP Conway
info,player,Wellington Firebirds,FJ Colson
info,player,Wellington Firebirds,MJ Nofal
info,player,Wellington Firebirds,JS Patel
info,player,Wellington Firebirds,IG McPeake
info,player,Wellington Firebirds,HK Bennett
info,player,Wellington Firebirds,OR Newton
info,player,Wellington Firebirds,AD Ridley
info,player,Wellington Firebirds,LJ Woodcock
info,player,Central Stags,BD Schmulian
info,player,Central Stags,BS Smith
info,player,Central Stags,WA Young
info,player,Central Stags,JD Ryder
info,player,Central Stags,TC Bruce
info,player,Central Stags,D Cleaver
info,player,Central Stags,WC Ludick
info,player,Central Stags,AF Milne
info,player,Central Stags,BJ Small
info,player,Central Stags,FJM Murray
info,player,Central Stags,BM Tickner
info,registry,people,AD Ridley,a27ce0e3
info,registry,people,AF Milne,350bb1b1
info,registry,people,BD Schmulian,25dcd237
info,registry,people,BJ Small,b1b7b7de
info,registry,people,BM Tickner,48ad3373
info,registry,people,BS Smith,556df4f9
info,registry,people,D Cleaver,e3a949be
info,registry,people,DJ Walker,d4aea8ac
info,registry,people,DP Conway,df5a6881
info,registry,people,FJ Colson,c2327c5d
info,registry,people,FJM Murray,2ef64bd1
info,registry,people,HK Bennett,94238673
info,registry,people,IG McPeake,f8e48647
info,registry,people,JD Ryder,91ffa6c6
info,registry,people,JS Patel,f5821615
info,registry,people,K Pulley,644bf4ad
info,registry,people,LJ Woodcock,9ba59a3c
info,registry,people,MG Bracewell,e38bce7a
info,registry,people,MHW Papps,6c1beb66
info,registry,people,MJ Nofal,ac762575
info,registry,people,OR Newton,4e520f6c
info,registry,people,SJ Murdoch,2415a225
info,registry,people,TC Bruce,f92c9151
info,registry,people,TJ Parlane,3cfc24b0
info,registry,people,WA Young,8afe73e2
info,registry,people,WC Ludick,2a802bfd
ball,1,0.1,Wellington Firebirds,MHW Papps,LJ Woodcock,AF Milne,4,0,,,,,,"",""
ball,1,0.2,Wellington Firebirds,MHW Papps,LJ Woodcock,AF Milne,0,0,,,,,,caught,MHW Papps
ball,1,0.3,Wellington Firebirds,SJ Murdoch,LJ Woodcock,AF Milne,0,0,,,,,,caught,SJ Murdoch
ball,1,0.4,Wellington Firebirds,MG Bracewell,LJ Woodcock,AF Milne,0,0,,,,,,"",""
ball,1,0.5,Wellington Firebirds,MG Bracewell,LJ Woodcock,AF Milne,0,0,,,,,,"",""
ball,1,0.6,Wellington Firebirds,MG Bracewell,LJ Woodcock,AF Milne,2,0,,,,,,"",""
ball,1,1.1,Wellington Firebirds,LJ Woodcock,MG Bracewell,BJ Small,0,0,,,,,,"",""
ball,1,1.2,Wellington Firebirds,LJ Woodcock,MG Bracewell,BJ Small,1,0,,,,,,"",""
ball,1,1.3,Wellington Firebirds,MG Bracewell,LJ Woodcock,BJ Small,0,0,,,,,,"",""
ball,1,1.4,Wellington Firebirds,MG Bracewell,LJ Woodcock,BJ Small,4,0,,,,,,"",""
ball,1,1.5,Wellington Firebirds,MG Bracewell,LJ Woodcock,BJ Small,0,0,,,,,,"",""
ball,1,1.6,Wellington Firebirds,MG Bracewell,LJ Woodcock,BJ Small,0,0,,,,,,"",""
ball,1,2.1,Wellington Firebirds,LJ Woodcock,MG Bracewell,AF Milne,0,0,,,,,,"",""
ball,1,2.2,Wellington Firebirds,LJ Woodcock,MG Bracewell,AF Milne,0,0,,,,,,"",""
ball,1,2.3,Wellington Firebirds,LJ Woodcock,MG Bracewell,AF Milne,0,0,,,,,,"",""
ball,1,2.4,Wellington Firebirds,LJ Woodcock,MG Bracewell,AF Milne,0,0,,,,,,"",""
ball,1,2.5,Wellington Firebirds,LJ Woodcock,MG Bracewell,AF Milne,0,0,,,,,,"",""
ball,1,2.6,Wellington Firebirds,LJ Woodcock,MG Bracewell,AF Milne,0,0,,,,,,"",""
ball,1,3.1,Wellington Firebirds,MG Bracewell,LJ Woodcock,BJ Small,0,0,,,,,,"",""
ball,1,3.2,Wellington Firebirds,MG Bracewell,LJ Woodcock,BJ Small,0,0,,,,,,"",""
ball,1,3.3,Wellington Firebirds,MG Bracewell,LJ Woodcock,BJ Small,1,0,,,,,,"",""
ball,1,3.4,Wellington Firebirds,LJ Woodcock,MG Bracewell,BJ Small,1,0,,,,,,"",""
ball,1,3.5,Wellington Firebirds,MG Bracewell,LJ Woodcock,BJ Small,0,0,,,,,,"",""
ball,1,3.6,Wellington Firebirds,MG Bracewell,LJ Woodcock,BJ Small,0,0,,,,,,"",""
ball,1,4.1,Wellington Firebirds,LJ Woodcock,MG Bracewell,AF Milne,4,0,,,,,,"",""
ball,1,4.2,Wellington Firebirds,LJ Woodcock,MG Bracewell,AF Milne,0,0,,,,,,"",""
ball,1,4.3,Wellington Firebirds,LJ Woodcock,MG Bracewell,AF Milne,0,0,,,,,,"",""
ball,1,4.4,Wellington Firebirds,LJ Woodcock,MG Bracewell,AF Milne,0,0,,,,,,"",""
ball,1,4.5,Wellington Firebirds,LJ Woodcock,MG Bracewell,AF Milne,0,0,,,,,,"",""
ball,1,4.6,Wellington Firebirds,LJ Woodcock,MG Bracewell,AF Milne,0,0,,,,,,"",""
ball,1,5.1,Wellington Firebirds,MG Bracewell,LJ Woodcock,BJ Small,1,0,,,,,,"",""
ball,1,5.2,Wellington Firebirds,LJ Woodcock,MG Bracewell,BJ Small,0,0,,,,,,"",""
ball,1,5.3,Wellington Firebirds,LJ Woodcock,MG Bracewell,BJ Small,0,0,,,,,,"",""
ball,1,5.4,Wellington Firebirds,LJ Woodcock,MG Bracewell,BJ Small,0,0,,,,,,"",""
ball,1,5.5,Wellington Firebirds,LJ Woodcock,MG Bracewell,BJ Small,0,0,,,,,,"",""
ball,1,5.6,Wellington Firebirds,LJ Woodcock,MG Bracewell,BJ Small,2,0,,,,,,"",""
ball,1,6.1,Wellington Firebirds,MG Bracewell,LJ Woodcock,AF Milne,0,0,,,,,,"",""
ball,1,6.2,Wellington Firebirds,MG Bracewell,LJ Woodcock,AF Milne,4,0,,,,,,"",""
ball,1,6.3,Wellington Firebirds,MG Bracewell,LJ Woodcock,AF Milne,2,0,,,,,,"",""
ball,1,6.4,Wellington Firebirds,MG Bracewell,LJ Woodcock,AF Milne,0,0,,,,,,"",""
ball,1,6.5,Wellington Firebirds,MG Bracewell,LJ Woodcock,AF Milne,0,0,,,,,,"",""
ball,1,6.6,Wellington Firebirds,MG Bracewell,LJ Woodcock,AF Milne,0,0,,,,,,"",""
ball,1,7.1,Wellington Firebirds,LJ Woodcock,MG Bracewell,BJ Small,0,0,,,,,,"",""
ball,1,7.2,Wellington Firebirds,LJ Woodcock,MG Bracewell,BJ Small,0,0,,,,,,"",""
ball,1,7.3,Wellington Firebirds,LJ Woodcock,MG Bracewell,BJ Small,0,0,,,,,,"",""
ball,1,7.4,Wellington Firebirds,LJ Woodcock,MG Bracewell,BJ Small,0,0,,,,,,"",""
ball,1,7.5,Wellington Firebirds,LJ Woodcock,MG Bracewell,BJ Small,4,0,,,,,,"",""
ball,1,7.6,Wellington Firebirds,LJ Woodcock,MG Bracewell,BJ Small,0,0,,,,,,"",""
ball,1,8.1,Wellington Firebirds,MG Bracewell,LJ Woodcock,AF Milne,3,0,,,,,,"",""
ball,1,8.2,Wellington Firebirds,LJ Woodcock,MG Bracewell,AF Milne,0,0,,,,,,"",""
ball,1,8.3,Wellington Firebirds,LJ Woodcock,MG Bracewell,AF Milne,1,0,,,,,,"",""
ball,1,8.4,Wellington Firebirds,MG Bracewell,LJ Woodcock,AF Milne,0,0,,,,,,"",""
ball,1,8.5,Wellington Firebirds,MG Bracewell,LJ Woodcock,AF Milne,0,0,,,,,,"",""
ball,1,8.6,Wellington Firebirds,MG Bracewell,LJ Woodcock,AF Milne,0,0,,,,,,"",""
ball,1,9.1,Wellington Firebirds,LJ Woodcock,MG Bracewell,JD Ryder,0,0,,,,,,"",""
ball,1,9.2,Wellington Firebirds,LJ Woodcock,MG Bracewell,JD Ryder,1,0,,,,,,"",""
ball,1,9.3,Wellington Firebirds,MG Bracewell,LJ Woodcock,JD Ryder,0,0,,,,,,"",""
ball,1,9.4,Wellington Firebirds,MG Bracewell,LJ Woodcock,JD Ryder,0,0,,,,,,"",""
ball,1,9.5,Wellington Firebirds,MG Bracewell,LJ Woodcock,JD Ryder,0,0,,,,,,"",""
ball,1,9.6,Wellington Firebirds,MG Bracewell,LJ Woodcock,JD Ryder,0,0,,,,,,"",""
ball,1,10.1,Wellington Firebirds,LJ Woodcock,MG Bracewell,AF Milne,0,0,,,,,,"",""
ball,1,10.2,Wellington Firebirds,LJ Woodcock,MG Bracewell,AF Milne,0,0,,,,,,"",""
ball,1,10.3,Wellington Firebirds,LJ Woodcock,MG Bracewell,AF Milne,0,0,,,,,,"",""
ball,1,10.4,Wellington Firebirds,LJ Woodcock,MG Bracewell,AF Milne,0,0,,,,,,"",""
ball,1,10.5,Wellington Firebirds,LJ Woodcock,MG Bracewell,AF Milne,0,0,,,,,,"",""
ball,1,10.6,Wellington Firebirds,LJ Woodcock,MG Bracewell,AF Milne,0,0,,,,,,"",""
ball,1,11.1,Wellington Firebirds,MG Bracewell,LJ Woodcock,JD Ryder,0,0,,,,,,caught,MG Bracewell
ball,1,11.2,Wellington Firebirds,DP Conway,LJ Woodcock,JD Ryder,0,0,,,,,,"",""
ball,1,11.3,Wellington Firebirds,DP Conway,LJ Woodcock,JD Ryder,0,0,,,,,,"",""
ball,1,11.4,Wellington Firebirds,DP Conway,LJ Woodcock,JD Ryder,0,0,,,,,,"",""
ball,1,11.5,Wellington Firebirds,DP Conway,LJ Woodcock,JD Ryder,0,0,,,,,,"",""
ball,1,11.6,Wellington Firebirds,DP Conway,LJ Woodcock,JD Ryder,0,0,,,,,,"",""
ball,1,12.1,Wellington Firebirds,LJ Woodcock,DP Conway,AF Milne,0,0,,,,,,"",""
ball,1,12.2,Wellington Firebirds,LJ Woodcock,DP Conway,AF Milne,0,0,,,,,,"",""
ball,1,12.3,Wellington Firebirds,LJ Woodcock,DP Conway,AF Milne,0,0,,,,,,"",""
ball,1,12.4,Wellington Firebirds,LJ Woodcock,DP Conway,AF Milne,0,0,,,,,,"",""
ball,1,12.5,Wellington Firebirds,LJ Woodcock,DP Conway,AF Milne,0,0,,,,,,"",""
ball,1,12.6,Wellington Firebirds,LJ Woodcock,DP Conway,AF Milne,2,0,,,,,,"",""
ball,1,13.1,Wellington Firebirds,DP Conway,LJ Woodcock,JD Ryder,0,0,,,,,,"",""
ball,1,13.2,Wellington Firebirds,DP Conway,LJ Woodcock,JD Ryder,0,0,,,,,,"",""
ball,1,13.3,Wellington Firebirds,DP Conway,LJ Woodcock,JD Ryder,4,0,,,,,,"",""
ball,1,13.4,Wellington Firebirds,DP Conway,LJ Woodcock,JD Ryder,1,0,,,,,,"",""
ball,1,13.5,Wellington Firebirds,LJ Woodcock,DP Conway,JD Ryder,0,0,,,,,,"",""
ball,1,13.6,Wellington Firebirds,LJ Woodcock,DP Conway,JD Ryder,0,0,,,,,,"",""
ball,1,14.1,Wellington Firebirds,DP Conway,LJ Woodcock,BM Tickner,0,0,,,,,,"",""
ball,1,14.2,Wellington Firebirds,DP Conway,LJ Woodcock,BM Tickner,0,0,,,,,,"",""
ball,1,14.3,Wellington Firebirds,DP Conway,LJ Woodcock,BM Tickner,3,0,,,,,,"",""
ball,1,14.4,Wellington Firebirds,LJ Woodcock,DP Conway,BM Tickner,0,0,,,,,,"",""
ball,1,14.5,Wellington Firebirds,LJ Woodcock,DP Conway,BM Tickner,0,0,,,,,,"",""
ball,1,14.6,Wellington Firebirds,LJ Woodcock,DP Conway,BM Tickner,0,0,,,,,,"",""
ball,1,15.1,Wellington Firebirds,DP Conway,LJ Woodcock,JD Ryder,0,0,,,,,,"",""
ball,1,15.2,Wellington Firebirds,DP Conway,LJ Woodcock,JD Ryder,0,0,,,,,,"",""
ball,1,15.3,Wellington Firebirds,DP Conway,LJ Woodcock,JD Ryder,0,0,,,,,,"",""
ball,1,15.4,Wellington Firebirds,DP Conway,LJ Woodcock,JD Ryder,4,0,,,,,,"",""
ball,1,15.5,Wellington Firebirds,DP Conway,LJ Woodcock,JD Ryder,0,1,,1,,,,"",""
ball,1,15.6,Wellington Firebirds,DP Conway,LJ Woodcock,JD Ryder,0,0,,,,,,"",""
ball,1,15.7,Wellington Firebirds,DP Conway,LJ Woodcock,JD Ryder,0,0,,,,,,"",""
ball,1,16.1,Wellington Firebirds,LJ Woodcock,DP Conway,BM Tickner,4,0,,,,,,"",""
ball,1,16.2,Wellington Firebirds,LJ Woodcock,DP Conway,BM Tickner,0,0,,,,,,"",""
ball,1,16.3,Wellington Firebirds,LJ Woodcock,DP Conway,BM Tickner,2,0,,,,,,"",""
ball,1,16.4,Wellington Firebirds,LJ Woodcock,DP Conway,BM Tickner,0,1,,1,,,,"",""
ball,1,16.5,Wellington Firebirds,LJ Woodcock,DP Conway,BM Tickner,0,0,,,,,,"",""
ball,1,16.6,Wellington Firebirds,LJ Woodcock,DP Conway,BM Tickner,0,0,,,,,,"",""
ball,1,16.7,Wellington Firebirds,LJ Woodcock,DP Conway,BM Tickner,0,0,,,,,,"",""
ball,1,17.1,Wellington Firebirds,DP Conway,LJ Woodcock,WC Ludick,1,0,,,,,,"",""
ball,1,17.2,Wellington Firebirds,LJ Woodcock,DP Conway,WC Ludick,0,0,,,,,,"",""
ball,1,17.3,Wellington Firebirds,LJ Woodcock,DP Conway,WC Ludick,0,0,,,,,,"",""
ball,1,17.4,Wellington Firebirds,LJ Woodcock,DP Conway,WC Ludick,0,0,,,,,,"",""
ball,1,17.5,Wellington Firebirds,LJ Woodcock,DP Conway,WC Ludick,1,0,,,,,,"",""
ball,1,17.6,Wellington Firebirds,DP Conway,LJ Woodcock,WC Ludick,0,0,,,,,,"",""
ball,1,18.1,Wellington Firebirds,LJ Woodcock,DP Conway,BM Tickner,0,0,,,,,,"",""
ball,1,18.2,Wellington Firebirds,LJ Woodcock,DP Conway,BM Tickner,1,0,,,,,,"",""
ball,1,18.3,Wellington Firebirds,DP Conway,LJ Woodcock,BM Tickner,0,0,,,,,,"",""
ball,1,18.4,Wellington Firebirds,DP Conway,LJ Woodcock,BM Tickner,0,0,,,,,,"",""
ball,1,18.5,Wellington Firebirds,DP Conway,LJ Woodcock,BM Tickner,3,0,,,,,,"",""
ball,1,18.6,Wellington Firebirds,LJ Woodcock,DP Conway,BM Tickner,0,0,,,,,,"",""
ball,1,19.1,Wellington Firebirds,DP Conway,LJ Woodcock,WC Ludick,0,0,,,,,,caught,DP Conway
ball,1,19.2,Wellington Firebirds,FJ Colson,LJ Woodcock,WC Ludick,1,0,,,,,,"",""
ball,1,19.3,Wellington Firebirds,LJ Woodcock,FJ Colson,WC Ludick,1,0,,,,,,"",""
ball,1,19.4,Wellington Firebirds,FJ Colson,LJ Woodcock,WC Ludick,0,0,,,,,,"",""
ball,1,19.5,Wellington Firebirds,FJ Colson,LJ Woodcock,WC Ludick,0,0,,,,,,"",""
ball,1,19.6,Wellington Firebirds,FJ Colson,LJ Woodcock,WC Ludick,0,0,,,,,,"",""
ball,1,20.1,Wellington Firebirds,LJ Woodcock,FJ Colson,BM Tickner,3,0,,,,,,"",""
ball,1,20.2,Wellington Firebirds,FJ Colson,LJ Woodcock,BM Tickner,0,0,,,,,,"",""
ball,1,20.3,Wellington Firebirds,FJ Colson,LJ Woodcock,BM Tickner,0,0,,,,,,"",""
ball,1,20.4,Wellington Firebirds,FJ Colson,LJ Woodcock,BM Tickner,0,0,,,,,,"",""
ball,1,20.5,Wellington Firebirds,FJ Colson,LJ Woodcock,BM Tickner,0,0,,,,,,"",""
ball,1,20.6,Wellington Firebirds,FJ Colson,LJ Woodcock,BM Tickner,0,0,,,,,,"",""
ball,1,21.1,Wellington Firebirds,LJ Woodcock,FJ Colson,WC Ludick,0,0,,,,,,"",""
ball,1,21.2,Wellington Firebirds,LJ Woodcock,FJ Colson,WC Ludick,0,0,,,,,,"",""
ball,1,21.3,Wellington Firebirds,LJ Woodcock,FJ Colson,WC Ludick,0,0,,,,,,"",""
ball,1,21.4,Wellington Firebirds,LJ Woodcock,FJ Colson,WC Ludick,0,0,,,,,,"",""
ball,1,21.5,Wellington Firebirds,LJ Woodcock,FJ Colson,WC Ludick,0,0,,,,,,"",""
ball,1,21.6,Wellington Firebirds,LJ Woodcock,FJ Colson,WC Ludick,0,0,,,,,,"",""
ball,1,22.1,Wellington Firebirds,FJ Colson,LJ Woodcock,BM Tickner,0,0,,,,,,"",""
ball,1,22.2,Wellington Firebirds,FJ Colson,LJ Woodcock,BM Tickner,0,0,,,,,,"",""
ball,1,22.3,Wellington Firebirds,FJ Colson,LJ Woodcock,BM Tickner,0,0,,,,,,"",""
ball,1,22.4,Wellington Firebirds,FJ Colson,LJ Woodcock,BM Tickner,0,0,,,,,,"",""
ball,1,22.5,Wellington Firebirds,FJ Colson,LJ Woodcock,BM Tickner,0,0,,,,,,"",""
ball,1,22.6,Wellington Firebirds,FJ Colson,LJ Woodcock,BM Tickner,0,0,,,,,,"",""
ball,1,23.1,Wellington Firebirds,LJ Woodcock,FJ Colson,WC Ludick,4,0,,,,,,"",""
ball,1,23.2,Wellington Firebirds,LJ Woodcock,FJ Colson,WC Ludick,0,0,,,,,,"",""
ball,1,23.3,Wellington Firebirds,LJ Woodcock,FJ Colson,WC Ludick,0,0,,,,,,"",""
ball,1,23.4,Wellington Firebirds,LJ Woodcock,FJ Colson,WC Ludick,0,0,,,,,,"",""
ball,1,23.5,Wellington Firebirds,LJ Woodcock,FJ Colson,WC Ludick,0,0,,,,,,"",""
ball,1,23.6,Wellington Firebirds,LJ Woodcock,FJ Colson,WC Ludick,0,0,,,,,,"",""
ball,1,24.1,Wellington Firebirds,FJ Colson,LJ Woodcock,BM Tickner,0,0,,,,,,"",""
ball,1,24.2,Wellington Firebirds,FJ Colson,LJ Woodcock,BM Tickner,0,0,,,,,,"",""
ball,1,24.3,Wellington Firebirds,FJ Colson,LJ Woodcock,BM Tickner,0,0,,,,,,"",""
ball,1,24.4,Wellington Firebirds,FJ Colson,LJ Woodcock,BM Tickner,0,0,,,,,,"",""
ball,1,24.5,Wellington Firebirds,FJ Colson,LJ Woodcock,BM Tickner,0,0,,,,,,"",""
ball,1,24.6,Wellington Firebirds,FJ Colson,LJ Woodcock,BM Tickner,0,0,,,,,,"",""
ball,1,25.1,Wellington Firebirds,LJ Woodcock,FJ Colson,WC Ludick,0,0,,,,,,"",""
ball,1,25.2,Wellington Firebirds,LJ Woodcock,FJ Colson,WC Ludick,0,0,,,,,,"",""
ball,1,25.3,Wellington Firebirds,LJ Woodcock,FJ Colson,WC Ludick,0,0,,,,,,"",""
ball,1,25.4,Wellington Firebirds,LJ Woodcock,FJ Colson,WC Ludick,0,0,,,,,,"",""
ball,1,25.5,Wellington Firebirds,LJ Woodcock,FJ Colson,WC Ludick,0,0,,,,,,"",""
ball,1,25.6,Wellington Firebirds,LJ Woodcock,FJ Colson,WC Ludick,0,0,,,,,,"",""
ball,1,26.1,Wellington Firebirds,FJ Colson,LJ Woodcock,AF Milne,0,0,,,,,,"",""
ball,1,26.2,Wellington Firebirds,FJ Colson,LJ Woodcock,AF Milne,0,0,,,,,,"",""
ball,1,26.3,Wellington Firebirds,FJ Colson,LJ Woodcock,AF Milne,0,0,,,,,,"",""
ball,1,26.4,Wellington Firebirds,FJ Colson,LJ Woodcock,AF Milne,0,0,,,,,,"",""
ball,1,26.5,Wellington Firebirds,FJ Colson,LJ Woodcock,AF Milne,0,0,,,,,,"",""
ball,1,26.6,Wellington Firebirds,FJ Colson,LJ Woodcock,AF Milne,4,0,,,,,,"",""
ball,1,27.1,Wellington Firebirds,LJ Woodcock,FJ Colson,BJ Small,0,0,,,,,,"",""
ball,1,27.2,Wellington Firebirds,LJ Woodcock,FJ Colson,BJ Small,0,0,,,,,,"",""
ball,1,27.3,Wellington Firebirds,LJ Woodcock,FJ Colson,BJ Small,0,0,,,,,,"",""
ball,1,27.4,Wellington Firebirds,LJ Woodcock,FJ Colson,BJ Small,0,0,,,,,,"",""
ball,1,27.5,Wellington Firebirds,LJ Woodcock,FJ Colson,BJ Small,0,0,,,,,,"",""
ball,1,27.6,Wellington Firebirds,LJ Woodcock,FJ Colson,BJ Small,0,0,,,,,,"",""
ball,1,28.1,Wellington Firebirds,FJ Colson,LJ Woodcock,AF Milne,0,0,,,,,,"",""
ball,1,28.2,Wellington Firebirds,FJ Colson,LJ Woodcock,AF Milne,0,0,,,,,,"",""
ball,1,28.3,Wellington Firebirds,FJ Colson,LJ Woodcock,AF Milne,0,0,,,,,,"",""
ball,1,28.4,Wellington Firebirds,FJ Colson,LJ Woodcock,AF Milne,0,0,,,,,,"",""
ball,1,28.5,Wellington Firebirds,FJ Colson,LJ Woodcock,AF Milne,0,0,,,,,,"",""
ball,1,28.6,Wellington Firebirds,FJ Colson,LJ Woodcock,AF Milne,0,0,,,,,,"",""
ball,1,29.1,Wellington Firebirds,LJ Woodcock,FJ Colson,BJ Small,0,0,,,,,,"",""
ball,1,29.2,Wellington Firebirds,LJ Woodcock,FJ Colson,BJ Small,0,0,,,,,,"",""
ball,1,29.3,Wellington Firebirds,LJ Woodcock,FJ Colson,BJ Small,0,0,,,,,,"",""
ball,1,29.4,Wellington Firebirds,LJ Woodcock,FJ Colson,BJ Small,0,0,,,,,,"",""
ball,1,29.5,Wellington Firebirds,LJ Woodcock,FJ Colson,BJ Small,1,0,,,,,,"",""
ball,1,29.6,Wellington Firebirds,FJ Colson,LJ Woodcock,BJ Small,0,0,,,,,,"",""
ball,1,30.1,Wellington Firebirds,LJ Woodcock,FJ Colson,AF Milne,0,0,,,,,,"",""
ball,1,30.2,Wellington Firebirds,LJ Woodcock,FJ Colson,AF Milne,0,0,,,,,,"",""
ball,1,30.3,Wellington Firebirds,LJ Woodcock,FJ Colson,AF Milne,0,0,,,,,,"",""
ball,1,30.4,Wellington Firebirds,LJ Woodcock,FJ Colson,AF Milne,0,0,,,,,,"",""
ball,1,30.5,Wellington Firebirds,LJ Woodcock,FJ Colson,AF Milne,0,0,,,,,,"",""
ball,1,30.6,Wellington Firebirds,LJ Woodcock,FJ Colson,AF Milne,0,0,,,,,,"",""
ball,1,31.1,Wellington Firebirds,FJ Colson,LJ Woodcock,BJ Small,2,0,,,,,,"",""
ball,1,31.2,Wellington Firebirds,FJ Colson,LJ Woodcock,BJ Small,0,0,,,,,,"",""
ball,1,31.3,Wellington Firebirds,FJ Colson,LJ Woodcock,BJ Small,0,0,,,,,,"",""
ball,1,31.4,Wellington Firebirds,FJ Colson,LJ Woodcock,BJ Small,0,0,,,,,,"",""
ball,1,31.5,Wellington Firebirds,FJ Colson,LJ Woodcock,BJ Small,4,0,,,,,,"",""
ball,1,31.6,Wellington Firebirds,FJ Colson,LJ Woodcock,BJ Small,0,0,,,,,,"",""
ball,1,32.1,Wellington Firebirds,LJ Woodcock,FJ Colson,BM Tickner,0,0,,,,,,"",""
ball,1,32.2,Wellington Firebirds,LJ Woodcock,FJ Colson,BM Tickner,0,0,,,,,,"",""
ball,1,32.3,Wellington Firebirds,LJ Woodcock,FJ Colson,BM Tickner,0,0,,,,,,"",""
ball,1,32.4,Wellington Firebirds,LJ Woodcock,FJ Colson,BM Tickner,4,0,,,,,,"",""
ball,1,32.5,Wellington Firebirds,LJ Woodcock,FJ Colson,BM Tickner,0,0,,,,,,"",""
ball,1,32.6,Wellington Firebirds,LJ Woodcock,FJ Colson,BM Tickner,2,0,,,,,,"",""
ball,1,33.1,Wellington Firebirds,FJ Colson,LJ Woodcock,WC Ludick,0,0,,,,,,"",""
ball,1,33.2,Wellington Firebirds,FJ Colson,LJ Woodcock,WC Ludick,0,0,,,,,,"",""
ball,1,33.3,Wellington Firebirds,FJ Colson,LJ Woodcock,WC Ludick,0,0,,,,,,"",""
ball,1,33.4,Wellington Firebirds,FJ Colson,LJ Woodcock,WC Ludick,0,0,,,,,,"",""
ball,1,33.5,Wellington Firebirds,FJ Colson,LJ Woodcock,WC Ludick,1,0,,,,,,"",""
ball,1,33.6,Wellington Firebirds,LJ Woodcock,FJ Colson,WC Ludick,0,0,,,,,,"",""
ball,1,34.1,Wellington Firebirds,FJ Colson,LJ Woodcock,BM Tickner,1,0,,,,,,"",""
ball,1,34.2,Wellington Firebirds,LJ Woodcock,FJ Colson,BM Tickner,1,0,,,,,,"",""
ball,1,34.3,Wellington Firebirds,FJ Colson,LJ Woodcock,BM Tickner,0,0,,,,,,"",""
ball,1,34.4,Wellington Firebirds,FJ Colson,LJ Woodcock,BM Tickner,2,0,,,,,,"",""
ball,1,34.5,Wellington Firebirds,FJ Colson,LJ Woodcock,BM Tickner,0,0,,,,,,"",""
ball,1,34.6,Wellington Firebirds,FJ Colson,LJ Woodcock,BM Tickner,0,0,,,,,,"",""
ball,1,35.1,Wellington Firebirds,LJ Woodcock,FJ Colson,WC Ludick,1,0,,,,,,"",""
ball,1,35.2,Wellington Firebirds,FJ Colson,LJ Woodcock,WC Ludick,4,0,,,,,,"",""
ball,1,35.3,Wellington Firebirds,FJ Colson,LJ Woodcock,WC Ludick,0,0,,,,,,caught,FJ Colson
ball,1,35.4,Wellington Firebirds,MJ Nofal,LJ Woodcock,WC Ludick,0,0,,,,,,"",""
ball,1,35.5,Wellington Firebirds,MJ Nofal,LJ Woodcock,WC Ludick,4,0,,,,,,"",""
ball,1,35.6,Wellington Firebirds,MJ Nofal,LJ Woodcock,WC Ludick,0,0,,,,,,"",""
ball,1,36.1,Wellington Firebirds,LJ Woodcock,MJ Nofal,BM Tickner,0,0,,,,,,"",""
ball,1,36.2,Wellington Firebirds,LJ Woodcock,MJ Nofal,BM Tickner,0,0,,,,,,"",""
ball,1,36.3,Wellington Firebirds,LJ Woodcock,MJ Nofal,BM Tickner,0,0,,,,,,"",""
ball,1,36.4,Wellington Firebirds,LJ Woodcock,MJ Nofal,BM Tickner,0,0,,,,,,"",""
ball,1,36.5,Wellington Firebirds,LJ Woodcock,MJ Nofal,BM Tickner,1,0,,,,,,"",""
ball,1,36.6,Wellington Firebirds,MJ Nofal,LJ Woodcock,BM Tickner,0,0,,,,,,"",""
ball,1,37.1,Wellington Firebirds,LJ Woodcock,MJ Nofal,WC Ludick,0,0,,,,,,"",""
ball,1,37.2,Wellington Firebirds,LJ Woodcock,MJ Nofal,WC Ludick,1,0,,,,,,"",""
ball,1,37.3,Wellington Firebirds,MJ Nofal,LJ Woodcock,WC Ludick,1,0,,,,,,"",""
ball,1,37.4,Wellington Firebirds,LJ Woodcock,MJ Nofal,WC Ludick,1,0,,,,,,"",""
ball,1,37.5,Wellington Firebirds,MJ Nofal,LJ Woodcock,WC Ludick,0,0,,,,,,"",""
ball,1,37.6,Wellington Firebirds,MJ Nofal,LJ Woodcock,WC Ludick,0,0,,,,,,"",""
ball,1,38.1,Wellington Firebirds,LJ Woodcock,MJ Nofal,BM Tickner,0,0,,,,,,"",""
ball,1,38.2,Wellington Firebirds,LJ Woodcock,MJ Nofal,BM Tickner,4,0,,,,,,"",""
ball,1,38.3,Wellington Firebirds,LJ Woodcock,MJ Nofal,BM Tickner,0,0,,,,,,"",""
ball,1,38.4,Wellington Firebirds,LJ Woodcock,MJ Nofal,BM Tickner,0,0,,,,,,"",""
ball,1,38.5,Wellington Firebirds,LJ Woodcock,MJ Nofal,BM Tickner,0,0,,,,,,"",""
ball,1,38.6,Wellington Firebirds,LJ Woodcock,MJ Nofal,BM Tickner,1,0,,,,,,"",""
ball,1,39.1,Wellington Firebirds,LJ Woodcock,MJ Nofal,WC Ludick,0,0,,,,,,"",""
ball,1,39.2,Wellington Firebirds,LJ Woodcock,MJ Nofal,WC Ludick,2,0,,,,,,"",""
ball,1,39.3,Wellington Firebirds,LJ Woodcock,MJ Nofal,WC Ludick,0,0,,,,,,"",""
ball,1,39.4,Wellington Firebirds,LJ Woodcock,MJ Nofal,WC Ludick,1,0,,,,,,"",""
ball,1,39.5,Wellington Firebirds,MJ Nofal,LJ Woodcock,WC Ludick,0,0,,,,,,"",""
ball,1,39.6,Wellington Firebirds,MJ Nofal,LJ Woodcock,WC Ludick,1,0,,,,,,"",""
ball,1,40.1,Wellington Firebirds,MJ Nofal,LJ Woodcock,BM Tickner,3,0,,,,,,"",""
ball,1,40.2,Wellington Firebirds,LJ Woodcock,MJ Nofal,BM Tickner,0,0,,,,,,"",""
ball,1,40.3,Wellington Firebirds,LJ Woodcock,MJ Nofal,BM Tickner,0,0,,,,,,"",""
ball,1,40.4,Wellington Firebirds,LJ Woodcock,MJ Nofal,BM Tickner,1,0,,,,,,"",""
ball,1,40.5,Wellington Firebirds,MJ Nofal,LJ Woodcock,BM Tickner,0,0,,,,,,"",""
ball,1,40.6,Wellington Firebirds,MJ Nofal,LJ Woodcock,BM Tickner,3,0,,,,,,"",""
ball,1,41.1,Wellington Firebirds,MJ Nofal,LJ Woodcock,JD Ryder,0,0,,,,,,"",""
ball,1,41.2,Wellington Firebirds,MJ Nofal,LJ Woodcock,JD Ryder,0,0,,,,,,"",""
ball,1,41.3,Wellington Firebirds,MJ Nofal,LJ Woodcock,JD Ryder,0,0,,,,,,"",""
ball,1,41.4,Wellington Firebirds,MJ Nofal,LJ Woodcock,JD Ryder,1,0,,,,,,"",""
ball,1,41.5,Wellington Firebirds,LJ Woodcock,MJ Nofal,JD Ryder,4,0,,,,,,"",""
ball,1,41.6,Wellington Firebirds,LJ Woodcock,MJ Nofal,JD Ryder,0,0,,,,,,"",""
ball,1,42.1,Wellington Firebirds,MJ Nofal,LJ Woodcock,AF Milne,0,0,,,,,,"",""
ball,1,42.2,Wellington Firebirds,MJ Nofal,LJ Woodcock,AF Milne,2,0,,,,,,"",""
ball,1,42.3,Wellington Firebirds,MJ Nofal,LJ Woodcock,AF Milne,2,0,,,,,,"",""
ball,1,42.4,Wellington Firebirds,MJ Nofal,LJ Woodcock,AF Milne,1,0,,,,,,"",""
ball,1,42.5,Wellington Firebirds,LJ Woodcock,MJ Nofal,AF Milne,2,0,,,,,,"",""
ball,1,42.6,Wellington Firebirds,LJ Woodcock,MJ Nofal,AF Milne,0,0,,,,,,"",""
ball,1,43.1,Wellington Firebirds,MJ Nofal,LJ Woodcock,JD Ryder,0,0,,,,,,"",""
ball,1,43.2,Wellington Firebirds,MJ Nofal,LJ Woodcock,JD Ryder,0,0,,,,,,"",""
ball,1,43.3,Wellington Firebirds,MJ Nofal,LJ Woodcock,JD Ryder,0,0,,,,,,"",""
ball,1,43.4,Wellington Firebirds,MJ Nofal,LJ Woodcock,JD Ryder,0,0,,,,,,"",""
ball,1,43.5,Wellington Firebirds,MJ Nofal,LJ Woodcock,JD Ryder,0,0,,,,,,"",""
ball,1,43.6,Wellington Firebirds,MJ Nofal,LJ Woodcock,JD Ryder,1,0,,,,,,"",""
ball,1,44.1,Wellington Firebirds,MJ Nofal,LJ Woodcock,AF Milne,0,0,,,,,,"",""
ball,1,44.2,Wellington Firebirds,MJ Nofal,LJ Woodcock,AF Milne,0,0,,,,,,"",""
ball,1,44.3,Wellington Firebirds,MJ Nofal,LJ Woodcock,AF Milne,3,0,,,,,,"",""
ball,1,44.4,Wellington Firebirds,LJ Woodcock,MJ Nofal,AF Milne,0,0,,,,,,"",""
ball,1,44.5,Wellington Firebirds,LJ Woodcock,MJ Nofal,AF Milne,0,0,,,,,,"",""
ball,1,44.6,Wellington Firebirds,LJ Woodcock,MJ Nofal,AF Milne,0,0,,,,,,"",""
ball,1,45.1,Wellington Firebirds,MJ Nofal,LJ Woodcock,JD Ryder,1,0,,,,,,"",""
ball,1,45.2,Wellington Firebirds,LJ Woodcock,MJ Nofal,JD Ryder,0,0,,,,,,"",""
ball,1,45.3,Wellington Firebirds,LJ Woodcock,MJ Nofal,JD Ryder,0,0,,,,,,"",""
ball,1,45.4,Wellington Firebirds,LJ Woodcock,MJ Nofal,JD Ryder,1,0,,,,,,"",""
ball,1,45.5,Wellington Firebirds,MJ Nofal,LJ Woodcock,JD Ryder,0,0,,,,,,"",""
ball,1,45.6,Wellington Firebirds,MJ Nofal,LJ Woodcock,JD Ryder,2,0,,,,,,"",""
ball,1,46.1,Wellington Firebirds,LJ Woodcock,MJ Nofal,AF Milne,4,0,,,,,,"",""
ball,1,46.2,Wellington Firebirds,LJ Woodcock,MJ Nofal,AF Milne,4,0,,,,,,"",""
ball,1,46.3,Wellington Firebirds,LJ Woodcock,MJ Nofal,AF Milne,0,0,,,,,,"",""
ball,1,46.4,Wellington Firebirds,LJ Woodcock,MJ Nofal,AF Milne,0,0,,,,,,"",""
ball,1,46.5,Wellington Firebirds,LJ Woodcock,MJ Nofal,AF Milne,0,0,,,,,,"",""
ball,1,46.6,Wellington Firebirds,LJ Woodcock,MJ Nofal,AF Milne,0,1,,,1,,,"",""
ball,1,47.1,Wellington Firebirds,LJ Woodcock,MJ Nofal,JD Ryder,4,0,,,,,,"",""
ball,1,47.2,Wellington Firebirds,LJ Woodcock,MJ Nofal,JD Ryder,0,0,,,,,,"",""
ball,1,47.3,Wellington Firebirds,LJ Woodcock,MJ Nofal,JD Ryder,0,0,,,,,,"",""
ball,1,47.4,Wellington Firebirds,LJ Woodcock,MJ Nofal,JD Ryder,0,0,,,,,,"",""
ball,1,47.5,Wellington Firebirds,LJ Woodcock,MJ Nofal,JD Ryder,0,0,,,,,,"",""
ball,1,47.6,Wellington Firebirds,LJ Woodcock,MJ Nofal,JD Ryder,0,0,,,,,,"",""
ball,1,48.1,Wellington Firebirds,MJ Nofal,LJ Woodcock,AF Milne,1,0,,,,,,"",""
ball,1,48.2,Wellington Firebirds,LJ Woodcock,MJ Nofal,AF Milne,0,1,,1,,,,"",""
ball,1,48.3,Wellington Firebirds,LJ Woodcock,MJ Nofal,AF Milne,4,0,,,,,,"",""
ball,1,48.4,Wellington Firebirds,LJ Woodcock,MJ Nofal,AF Milne,1,0,,,,,,"",""
ball,1,48.5,Wellington Firebirds,MJ Nofal,LJ Woodcock,AF Milne,0,0,,,,,,"",""
ball,1,48.6,Wellington Firebirds,MJ Nofal,LJ Woodcock,AF Milne,0,0,,,,,,"",""
ball,1,48.7,Wellington Firebirds,MJ Nofal,LJ Woodcock,AF Milne,0,0,,,,,,"",""
ball,1,49.1,Wellington Firebirds,LJ Woodcock,MJ Nofal,FJM Murray,0,0,,,,,,"",""
ball,1,49.2,Wellington Firebirds,LJ Woodcock,MJ Nofal,FJM Murray,0,0,,,,,,"",""
ball,1,49.3,Wellington Firebirds,LJ Woodcock,MJ Nofal,FJM Murray,0,0,,,,,,"",""
ball,1,49.4,Wellington Firebirds,LJ Woodcock,MJ Nofal,FJM Murray,0,0,,,,,,"",""
ball,1,49.5,Wellington Firebirds,LJ Woodcock,MJ Nofal,FJM Murray,4,0,,,,,,"",""
ball,1,49.6,Wellington Firebirds,LJ Woodcock,MJ Nofal,FJM Murray,0,0,,,,,,"",""
ball,1,50.1,Wellington Firebirds,MJ Nofal,LJ Woodcock,AF Milne,0,0,,,,,,"",""
ball,1,50.2,Wellington Firebirds,MJ Nofal,LJ Woodcock,AF Milne,0,0,,,,,,"",""
ball,1,50.3,Wellington Firebirds,MJ Nofal,LJ Woodcock,AF Milne,0,0,,,,,,"",""
ball,1,50.4,Wellington Firebirds,MJ Nofal,LJ Woodcock,AF Milne,2,0,,,,,,"",""
ball,1,50.5,Wellington Firebirds,MJ Nofal,LJ Woodcock,AF Milne,0,0,,,,,,"",""
ball,1,50.6,Wellington Firebirds,MJ Nofal,LJ Woodcock,AF Milne,1,0,,,,,,"",""
ball,1,51.1,Wellington Firebirds,MJ Nofal,LJ Woodcock,FJM Murray,0,0,,,,,,"",""
ball,1,51.2,Wellington Firebirds,MJ Nofal,LJ Woodcock,FJM Murray,0,0,,,,,,"",""
ball,1,51.3,Wellington Firebirds,MJ Nofal,LJ Woodcock,FJM Murray,1,0,,,,,,"",""
ball,1,51.4,Wellington Firebirds,LJ Woodcock,MJ Nofal,FJM Murray,0,0,,,,,,"",""
ball,1,51.5,Wellington Firebirds,LJ Woodcock,MJ Nofal,FJM Murray,0,0,,,,,,"",""
ball,1,51.6,Wellington Firebirds,LJ Woodcock,MJ Nofal,FJM Murray,0,0,,,,,,"",""
ball,1,52.1,Wellington Firebirds,MJ Nofal,LJ Woodcock,BJ Small,1,0,,,,,,"",""
ball,1,52.2,Wellington Firebirds,LJ Woodcock,MJ Nofal,BJ Small,0,0,,,,,,"",""
ball,1,52.3,Wellington Firebirds,LJ Woodcock,MJ Nofal,BJ Small,0,1,,,,1,,"",""
ball,1,52.4,Wellington Firebirds,MJ Nofal,LJ Woodcock,BJ Small,1,0,,,,,,"",""
ball,1,52.5,Wellington Firebirds,LJ Woodcock,MJ Nofal,BJ Small,0,0,,,,,,"",""
ball,1,52.6,Wellington Firebirds,LJ Woodcock,MJ Nofal,BJ Small,0,0,,,,,,"",""
ball,1,53.1,Wellington Firebirds,MJ Nofal,LJ Woodcock,FJM Murray,1,0,,,,,,"",""
ball,1,53.2,Wellington Firebirds,LJ Woodcock,MJ Nofal,FJM Murray,0,0,,,,,,"",""
ball,1,53.3,Wellington Firebirds,LJ Woodcock,MJ Nofal,FJM Murray,0,0,,,,,,"",""
ball,1,53.4,Wellington Firebirds,LJ Woodcock,MJ Nofal,FJM Murray,1,0,,,,,,"",""
ball,1,53.5,Wellington Firebirds,MJ Nofal,LJ Woodcock,FJM Murray,0,0,,,,,,"",""
ball,1,53.6,Wellington Firebirds,MJ Nofal,LJ Woodcock,FJM Murray,0,0,,,,,,"",""
ball,1,54.1,Wellington Firebirds,LJ Woodcock,MJ Nofal,BJ Small,1,0,,,,,,"",""
ball,1,54.2,Wellington Firebirds,MJ Nofal,LJ Woodcock,BJ Small,1,0,,,,,,"",""
ball,1,54.3,Wellington Firebirds,LJ Woodcock,MJ Nofal,BJ Small,0,1,,,,1,,"",""
ball,1,54.4,Wellington Firebirds,MJ Nofal,LJ Woodcock,BJ Small,1,0,,,,,,"",""
ball,1,54.5,Wellington Firebirds,LJ Woodcock,MJ Nofal,BJ Small,0,0,,,,,,"",""
ball,1,54.6,Wellington Firebirds,LJ Woodcock,MJ Nofal,BJ Small,0,0,,,,,,"",""
ball,1,55.1,Wellington Firebirds,MJ Nofal,LJ Woodcock,FJM Murray,0,0,,,,,,"",""
ball,1,55.2,Wellington Firebirds,MJ Nofal,LJ Woodcock,FJM Murray,0,0,,,,,,"",""
ball,1,55.3,Wellington Firebirds,MJ Nofal,LJ Woodcock,FJM Murray,1,0,,,,,,"",""
ball,1,55.4,Wellington Firebirds,LJ Woodcock,MJ Nofal,FJM Murray,0,0,,,,,,"",""
ball,1,55.5,Wellington Firebirds,LJ Woodcock,MJ Nofal,FJM Murray,0,0,,,,,,"",""
ball,1,55.6,Wellington Firebirds,LJ Woodcock,MJ Nofal,FJM Murray,0,0,,,,,,"",""
ball,1,56.1,Wellington Firebirds,MJ Nofal,LJ Woodcock,BJ Small,1,0,,,,,,"",""
ball,1,56.2,Wellington Firebirds,LJ Woodcock,MJ Nofal,BJ Small,1,0,,,,,,"",""
ball,1,56.3,Wellington Firebirds,MJ Nofal,LJ Woodcock,BJ Small,0,0,,,,,,"",""
ball,1,56.4,Wellington Firebirds,MJ Nofal,LJ Woodcock,BJ Small,1,0,,,,,,"",""
ball,1,56.5,Wellington Firebirds,LJ Woodcock,MJ Nofal,BJ Small,0,0,,,,,,"",""
ball,1,56.6,Wellington Firebirds,LJ Woodcock,MJ Nofal,BJ Small,0,0,,,,,,"",""
ball,1,57.1,Wellington Firebirds,MJ Nofal,LJ Woodcock,FJM Murray,0,0,,,,,,"",""
ball,1,57.2,Wellington Firebirds,MJ Nofal,LJ Woodcock,FJM Murray,1,0,,,,,,"",""
ball,1,57.3,Wellington Firebirds,LJ Woodcock,MJ Nofal,FJM Murray,0,0,,,,,,"",""
ball,1,57.4,Wellington Firebirds,LJ Woodcock,MJ Nofal,FJM Murray,0,0,,,,,,"",""
ball,1,57.5,Wellington Firebirds,LJ Woodcock,MJ Nofal,FJM Murray,0,0,,,,,,"",""
ball,1,57.6,Wellington Firebirds,LJ Woodcock,MJ Nofal,FJM Murray,0,0,,,,,,"",""
ball,1,58.1,Wellington Firebirds,MJ Nofal,LJ Woodcock,BJ Small,1,0,,,,,,"",""
ball,1,58.2,Wellington Firebirds,LJ Woodcock,MJ Nofal,BJ Small,4,0,,,,,,"",""
ball,1,58.3,Wellington Firebirds,LJ Woodcock,MJ Nofal,BJ Small,1,0,,,,,,"",""
ball,1,58.4,Wellington Firebirds,MJ Nofal,LJ Woodcock,BJ Small,0,1,1,,,,,"",""
ball,1,58.5,Wellington Firebirds,MJ Nofal,LJ Woodcock,BJ Small,0,0,,,,,,"",""
ball,1,58.6,Wellington Firebirds,MJ Nofal,LJ Woodcock,BJ Small,0,0,,,,,,"",""
ball,1,58.7,Wellington Firebirds,MJ Nofal,LJ Woodcock,BJ Small,0,0,,,,,,"",""
ball,1,59.1,Wellington Firebirds,LJ Woodcock,MJ Nofal,FJM Murray,0,0,,,,,,"",""
ball,1,59.2,Wellington Firebirds,LJ Woodcock,MJ Nofal,FJM Murray,0,0,,,,,,"",""
ball,1,59.3,Wellington Firebirds,LJ Woodcock,MJ Nofal,FJM Murray,0,0,,,,,,"",""
ball,1,59.4,Wellington Firebirds,LJ Woodcock,MJ Nofal,FJM Murray,0,0,,,,,,"",""
ball,1,59.5,Wellington Firebirds,LJ Woodcock,MJ Nofal,FJM Murray,0,0,,,,,,"",""
ball,1,59.6,Wellington Firebirds,LJ Woodcock,MJ Nofal,FJM Murray,0,0,,,,,,"",""
ball,1,60.1,Wellington Firebirds,MJ Nofal,LJ Woodcock,BJ Small,0,0,,,,,,"",""
ball,1,60.2,Wellington Firebirds,MJ Nofal,LJ Woodcock,BJ Small,0,0,,,,,,"",""
ball,1,60.3,Wellington Firebirds,MJ Nofal,LJ Woodcock,BJ Small,0,0,,,,,,"",""
ball,1,60.4,Wellington Firebirds,MJ Nofal,LJ Woodcock,BJ Small,4,0,,,,,,"",""
ball,1,60.5,Wellington Firebirds,MJ Nofal,LJ Woodcock,BJ Small,6,0,,,,,,"",""
ball,1,60.6,Wellington Firebirds,MJ Nofal,LJ Woodcock,BJ Small,0,0,,,,,,"",""
ball,1,61.1,Wellington Firebirds,LJ Woodcock,MJ Nofal,FJM Murray,0,0,,,,,,"",""
ball,1,61.2,Wellington Firebirds,LJ Woodcock,MJ Nofal,FJM Murray,0,0,,,,,,"",""
ball,1,61.3,Wellington Firebirds,LJ Woodcock,MJ Nofal,FJM Murray,0,0,,,,,,"",""
ball,1,61.4,Wellington Firebirds,LJ Woodcock,MJ Nofal,FJM Murray,0,0,,,,,,"",""
ball,1,61.5,Wellington Firebirds,LJ Woodcock,MJ Nofal,FJM Murray,1,0,,,,,,"",""
ball,1,61.6,Wellington Firebirds,MJ Nofal,LJ Woodcock,FJM Murray,0,0,,,,,,"",""
ball,1,62.1,Wellington Firebirds,LJ Woodcock,MJ Nofal,WC Ludick,1,0,,,,,,"",""
ball,1,62.2,Wellington Firebirds,MJ Nofal,LJ Woodcock,WC Ludick,1,0,,,,,,"",""
ball,1,62.3,Wellington Firebirds,LJ Woodcock,MJ Nofal,WC Ludick,0,0,,,,,,"",""
ball,1,62.4,Wellington Firebirds,LJ Woodcock,MJ Nofal,WC Ludick,0,0,,,,,,"",""
ball,1,62.5,Wellington Firebirds,LJ Woodcock,MJ Nofal,WC Ludick,0,0,,,,,,"",""
ball,1,62.6,Wellington Firebirds,LJ Woodcock,MJ Nofal,WC Ludick,1,0,,,,,,"",""
ball,1,63.1,Wellington Firebirds,LJ Woodcock,MJ Nofal,FJM Murray,0,0,,,,,,"",""
ball,1,63.2,Wellington Firebirds,LJ Woodcock,MJ Nofal,FJM Murray,0,0,,,,,,"",""
ball,1,63.3,Wellington Firebirds,LJ Woodcock,MJ Nofal,FJM Murray,0,0,,,,,,"",""
ball,1,63.4,Wellington Firebirds,LJ Woodcock,MJ Nofal,FJM Murray,0,0,,,,,,"",""
ball,1,63.5,Wellington Firebirds,LJ Woodcock,MJ Nofal,FJM Murray,0,0,,,,,,"",""
ball,1,63.6,Wellington Firebirds,LJ Woodcock,MJ Nofal,FJM Murray,0,0,,,,,,"",""
ball,1,64.1,Wellington Firebirds,MJ Nofal,LJ Woodcock,WC Ludick,0,0,,,,,,"",""
ball,1,64.2,Wellington Firebirds,MJ Nofal,LJ Woodcock,WC Ludick,4,0,,,,,,"",""
ball,1,64.3,Wellington Firebirds,MJ Nofal,LJ Woodcock,WC Ludick,1,0,,,,,,"",""
ball,1,64.4,Wellington Firebirds,LJ Woodcock,MJ Nofal,WC Ludick,0,0,,,,,,"",""
ball,1,64.5,Wellington Firebirds,LJ Woodcock,MJ Nofal,WC Ludick,0,0,,,,,,"",""
ball,1,64.6,Wellington Firebirds,LJ Woodcock,MJ Nofal,WC Ludick,0,0,,,,,,"",""
ball,1,65.1,Wellington Firebirds,MJ Nofal,LJ Woodcock,FJM Murray,0,0,,,,,,"",""
ball,1,65.2,Wellington Firebirds,MJ Nofal,LJ Woodcock,FJM Murray,0,0,,,,,,"",""
ball,1,65.3,Wellington Firebirds,MJ Nofal,LJ Woodcock,FJM Murray,0,0,,,,,,"",""
ball,1,65.4,Wellington Firebirds,MJ Nofal,LJ Woodcock,FJM Murray,0,0,,,,,,"",""
ball,1,65.5,Wellington Firebirds,MJ Nofal,LJ Woodcock,FJM Murray,0,0,,,,,,"",""
ball,1,65.6,Wellington Firebirds,MJ Nofal,LJ Woodcock,FJM Murray,0,1,,,,1,,"",""
ball,1,66.1,Wellington Firebirds,MJ Nofal,LJ Woodcock,WC Ludick,0,1,,,1,,,"",""
ball,1,66.2,Wellington Firebirds,LJ Woodcock,MJ Nofal,WC Ludick,0,0,,,,,,"",""
ball,1,66.3,Wellington Firebirds,LJ Woodcock,MJ Nofal,WC Ludick,1,0,,,,,,"",""
ball,1,66.4,Wellington Firebirds,MJ Nofal,LJ Woodcock,WC Ludick,2,0,,,,,,"",""
ball,1,66.5,Wellington Firebirds,MJ Nofal,LJ Woodcock,WC Ludick,0,0,,,,,,"",""
ball,1,66.6,Wellington Firebirds,MJ Nofal,LJ Woodcock,WC Ludick,0,0,,,,,,"",""
ball,1,67.1,Wellington Firebirds,LJ Woodcock,MJ Nofal,FJM Murray,0,0,,,,,,"",""
ball,1,67.2,Wellington Firebirds,LJ Woodcock,MJ Nofal,FJM Murray,0,0,,,,,,"",""
ball,1,67.3,Wellington Firebirds,LJ Woodcock,MJ Nofal,FJM Murray,0,0,,,,,,"",""
ball,1,67.4,Wellington Firebirds,LJ Woodcock,MJ Nofal,FJM Murray,0,0,,,,,,"",""
ball,1,67.5,Wellington Firebirds,LJ Woodcock,MJ Nofal,FJM Murray,4,0,,,,,,"",""
ball,1,67.6,Wellington Firebirds,LJ Woodcock,MJ Nofal,FJM Murray,0,0,,,,,,"",""
ball,1,68.1,Wellington Firebirds,MJ Nofal,LJ Woodcock,WC Ludick,0,0,,,,,,"",""
ball,1,68.2,Wellington Firebirds,MJ Nofal,LJ Woodcock,WC Ludick,0,0,,,,,,"",""
ball,1,68.3,Wellington Firebirds,MJ Nofal,LJ Woodcock,WC Ludick,0,0,,,,,,"",""
ball,1,68.4,Wellington Firebirds,MJ Nofal,LJ Woodcock,WC Ludick,0,0,,,,,,"",""
ball,1,68.5,Wellington Firebirds,MJ Nofal,LJ Woodcock,WC Ludick,0,0,,,,,,"",""
ball,1,68.6,Wellington Firebirds,MJ Nofal,LJ Woodcock,WC Ludick,0,0,,,,,,"",""
ball,1,69.1,Wellington Firebirds,LJ Woodcock,MJ Nofal,FJM Murray,0,0,,,,,,"",""
ball,1,69.2,Wellington Firebirds,LJ Woodcock,MJ Nofal,FJM Murray,0,0,,,,,,"",""
ball,1,69.3,Wellington Firebirds,LJ Woodcock,MJ Nofal,FJM Murray,6,0,,,,,,"",""
ball,1,69.4,Wellington Firebirds,LJ Woodcock,MJ Nofal,FJM Murray,0,0,,,,,,"",""
ball,1,69.5,Wellington Firebirds,LJ Woodcock,MJ Nofal,FJM Murray,1,0,,,,,,"",""
ball,1,69.6,Wellington Firebirds,MJ Nofal,LJ Woodcock,FJM Murray,0,0,,,,,,"",""
ball,1,70.1,Wellington Firebirds,LJ Woodcock,MJ Nofal,WC Ludick,1,0,,,,,,"",""
ball,1,70.2,Wellington Firebirds,MJ Nofal,LJ Woodcock,WC Ludick,0,1,1,,,,,"",""
ball,1,70.3,Wellington Firebirds,MJ Nofal,LJ Woodcock,WC Ludick,0,0,,,,,,"",""
ball,1,70.4,Wellington Firebirds,MJ Nofal,LJ Woodcock,WC Ludick,4,0,,,,,,"",""
ball,1,70.5,Wellington Firebirds,MJ Nofal,LJ Woodcock,WC Ludick,0,0,,,,,,"",""
ball,1,70.6,Wellington Firebirds,MJ Nofal,LJ Woodcock,WC Ludick,1,0,,,,,,"",""
ball,1,70.7,Wellington Firebirds,LJ Woodcock,MJ Nofal,WC Ludick,0,0,,,,,,"",""
ball,1,71.1,Wellington Firebirds,MJ Nofal,LJ Woodcock,FJM Murray,6,0,,,,,,"",""
ball,1,71.2,Wellington Firebirds,MJ Nofal,LJ Woodcock,FJM Murray,1,0,,,,,,"",""
ball,1,71.3,Wellington Firebirds,LJ Woodcock,MJ Nofal,FJM Murray,1,0,,,,,,"",""
ball,1,71.4,Wellington Firebirds,MJ Nofal,LJ Woodcock,FJM Murray,1,0,,,,,,"",""
ball,1,71.5,Wellington Firebirds,LJ Woodcock,MJ Nofal,FJM Murray,1,0,,,,,,"",""
ball,1,71.6,Wellington Firebirds,MJ Nofal,LJ Woodcock,FJM Murray,1,0,,,,,,"",""
ball,1,72.1,Wellington Firebirds,MJ Nofal,LJ Woodcock,BM Tickner,0,0,,,,,,"",""
ball,1,72.2,Wellington Firebirds,MJ Nofal,LJ Woodcock,BM Tickner,1,0,,,,,,"",""
ball,1,72.3,Wellington Firebirds,LJ Woodcock,MJ Nofal,BM Tickner,4,0,,,,,,"",""
ball,1,72.4,Wellington Firebirds,LJ Woodcock,MJ Nofal,BM Tickner,4,0,,,,,,"",""
ball,1,72.5,Wellington Firebirds,LJ Woodcock,MJ Nofal,BM Tickner,0,0,,,,,,"",""
ball,1,72.6,Wellington Firebirds,LJ Woodcock,MJ Nofal,BM Tickner,0,0,,,,,,"",""
ball,1,73.1,Wellington Firebirds,MJ Nofal,LJ Woodcock,BD Schmulian,0,0,,,,,,"",""
ball,1,73.2,Wellington Firebirds,MJ Nofal,LJ Woodcock,BD Schmulian,1,0,,,,,,"",""
ball,1,73.3,Wellington Firebirds,LJ Woodcock,MJ Nofal,BD Schmulian,2,0,,,,,,"",""
ball,1,73.4,Wellington Firebirds,LJ Woodcock,MJ Nofal,BD Schmulian,0,0,,,,,,"",""
ball,1,73.5,Wellington Firebirds,LJ Woodcock,MJ Nofal,BD Schmulian,0,0,,,,,,"",""
ball,1,73.6,Wellington Firebirds,LJ Woodcock,MJ Nofal,BD Schmulian,0,0,,,,,,"",""
ball,1,74.1,Wellington Firebirds,MJ Nofal,LJ Woodcock,BM Tickner,1,0,,,,,,"",""
ball,1,74.2,Wellington Firebirds,LJ Woodcock,MJ Nofal,BM Tickner,0,0,,,,,,"",""
ball,1,74.3,Wellington Firebirds,LJ Woodcock,MJ Nofal,BM Tickner,0,0,,,,,,"",""
ball,1,74.4,Wellington Firebirds,LJ Woodcock,MJ Nofal,BM Tickner,0,4,,,,4,,"",""
ball,1,74.5,Wellington Firebirds,LJ Woodcock,MJ Nofal,BM Tickner,0,0,,,,,,"",""
ball,1,74.6,Wellington Firebirds,LJ Woodcock,MJ Nofal,BM Tickner,0,0,,,,,,"",""
ball,1,75.1,Wellington Firebirds,MJ Nofal,LJ Woodcock,BD Schmulian,1,0,,,,,,"",""
ball,1,75.2,Wellington Firebirds,LJ Woodcock,MJ Nofal,BD Schmulian,0,0,,,,,,"",""
ball,1,75.3,Wellington Firebirds,LJ Woodcock,MJ Nofal,BD Schmulian,0,0,,,,,,"",""
ball,1,75.4,Wellington Firebirds,LJ Woodcock,MJ Nofal,BD Schmulian,0,0,,,,,,"",""
ball,1,75.5,Wellington Firebirds,LJ Woodcock,MJ Nofal,BD Schmulian,0,0,,,,,,"",""
ball,1,75.6,Wellington Firebirds,LJ Woodcock,MJ Nofal,BD Schmulian,4,0,,,,,,"",""
ball,1,76.1,Wellington Firebirds,MJ Nofal,LJ Woodcock,BM Tickner,0,0,,,,,,"",""
ball,1,76.2,Wellington Firebirds,MJ Nofal,LJ Woodcock,BM Tickner,0,1,1,,,,,"",""
ball,1,76.3,Wellington Firebirds,MJ Nofal,LJ Woodcock,BM Tickner,1,0,,,,,,"",""
ball,1,76.4,Wellington Firebirds,LJ Woodcock,MJ Nofal,BM Tickner,0,0,,,,,,"",""
ball,1,76.5,Wellington Firebirds,LJ Woodcock,MJ Nofal,BM Tickner,0,0,,,,,,"",""
ball,1,76.6,Wellington Firebirds,LJ Woodcock,MJ Nofal,BM Tickner,0,0,,,,,,"",""
ball,1,76.7,Wellington Firebirds,LJ Woodcock,MJ Nofal,BM Tickner,0,0,,,,,,"",""
ball,1,77.1,Wellington Firebirds,MJ Nofal,LJ Woodcock,BD Schmulian,1,0,,,,,,"",""
ball,1,77.2,Wellington Firebirds,LJ Woodcock,MJ Nofal,BD Schmulian,4,0,,,,,,"",""
ball,1,77.3,Wellington Firebirds,LJ Woodcock,MJ Nofal,BD Schmulian,1,0,,,,,,"",""
ball,1,77.4,Wellington Firebirds,MJ Nofal,LJ Woodcock,BD Schmulian,1,0,,,,,,"",""
ball,1,77.5,Wellington Firebirds,LJ Woodcock,MJ Nofal,BD Schmulian,0,0,,,,,,"",""
ball,1,77.6,Wellington Firebirds,LJ Woodcock,MJ Nofal,BD Schmulian,6,0,,,,,,"",""
ball,1,78.1,Wellington Firebirds,MJ Nofal,LJ Woodcock,BM Tickner,1,0,,,,,,"",""
ball,1,78.2,Wellington Firebirds,LJ Woodcock,MJ Nofal,BM Tickner,1,0,,,,,,"",""
ball,1,78.3,Wellington Firebirds,MJ Nofal,LJ Woodcock,BM Tickner,0,0,,,,,,"",""
ball,1,78.4,Wellington Firebirds,MJ Nofal,LJ Woodcock,BM Tickner,0,0,,,,,,"",""
ball,1,78.5,Wellington Firebirds,MJ Nofal,LJ Woodcock,BM Tickner,6,0,,,,,,"",""
ball,1,78.6,Wellington Firebirds,MJ Nofal,LJ Woodcock,BM Tickner,0,0,,,,,,"",""
ball,1,79.1,Wellington Firebirds,LJ Woodcock,MJ Nofal,TC Bruce,0,2,,,,2,,"",""
ball,1,79.2,Wellington Firebirds,LJ Woodcock,MJ Nofal,TC Bruce,0,0,,,,,,"",""
ball,1,79.3,Wellington Firebirds,LJ Woodcock,MJ Nofal,TC Bruce,0,0,,,,,,"",""
ball,1,79.4,Wellington Firebirds,LJ Woodcock,MJ Nofal,TC Bruce,0,0,,,,,,"",""
ball,1,79.5,Wellington Firebirds,LJ Woodcock,MJ Nofal,TC Bruce,1,0,,,,,,"",""
ball,1,79.6,Wellington Firebirds,MJ Nofal,LJ Woodcock,TC Bruce,1,0,,,,,,"",""
ball,1,80.1,Wellington Firebirds,MJ Nofal,LJ Woodcock,AF Milne,0,0,,,,,,"",""
ball,1,80.2,Wellington Firebirds,MJ Nofal,LJ Woodcock,AF Milne,0,0,,,,,,"",""
ball,1,80.3,Wellington Firebirds,MJ Nofal,LJ Woodcock,AF Milne,0,0,,,,,,"",""
ball,1,80.4,Wellington Firebirds,MJ Nofal,LJ Woodcock,AF Milne,1,0,,,,,,"",""
ball,1,80.5,Wellington Firebirds,LJ Woodcock,MJ Nofal,AF Milne,0,0,,,,,,"",""
ball,1,80.6,Wellington Firebirds,LJ Woodcock,MJ Nofal,AF Milne,1,0,,,,,,"",""
ball,1,81.1,Wellington Firebirds,LJ Woodcock,MJ Nofal,BJ Small,0,0,,,,,,"",""
ball,1,81.2,Wellington Firebirds,LJ Woodcock,MJ Nofal,BJ Small,0,0,,,,,,"",""
ball,1,81.3,Wellington Firebirds,LJ Woodcock,MJ Nofal,BJ Small,0,0,,,,,,"",""
ball,1,81.4,Wellington Firebirds,LJ Woodcock,MJ Nofal,BJ Small,0,0,,,,,,"",""
ball,1,81.5,Wellington Firebirds,LJ Woodcock,MJ Nofal,BJ Small,0,0,,,,,,"",""
ball,1,81.6,Wellington Firebirds,LJ Woodcock,MJ Nofal,BJ Small,0,0,,,,,,"",""
ball,1,82.1,Wellington Firebirds,MJ Nofal,LJ Woodcock,AF Milne,2,0,,,,,,"",""
ball,1,82.2,Wellington Firebirds,MJ Nofal,LJ Woodcock,AF Milne,0,0,,,,,,"",""
ball,1,82.3,Wellington Firebirds,MJ Nofal,LJ Woodcock,AF Milne,0,0,,,,,,"",""
ball,1,82.4,Wellington Firebirds,MJ Nofal,LJ Woodcock,AF Milne,0,0,,,,,,"",""
ball,1,82.5,Wellington Firebirds,MJ Nofal,LJ Woodcock,AF Milne,0,0,,,,,,"",""
ball,1,82.6,Wellington Firebirds,MJ Nofal,LJ Woodcock,AF Milne,1,0,,,,,,"",""
ball,1,83.1,Wellington Firebirds,MJ Nofal,LJ Woodcock,BJ Small,0,0,,,,,,"",""
ball,1,83.2,Wellington Firebirds,MJ Nofal,LJ Woodcock,BJ Small,1,0,,,,,,"",""
ball,1,83.3,Wellington Firebirds,LJ Woodcock,MJ Nofal,BJ Small,4,0,,,,,,"",""
ball,1,83.4,Wellington Firebirds,LJ Woodcock,MJ Nofal,BJ Small,0,0,,,,,,"",""
ball,1,83.5,Wellington Firebirds,LJ Woodcock,MJ Nofal,BJ Small,1,0,,,,,,"",""
ball,1,83.6,Wellington Firebirds,MJ Nofal,LJ Woodcock,BJ Small,1,0,,,,,,"",""
ball,1,84.1,Wellington Firebirds,MJ Nofal,LJ Woodcock,AF Milne,4,0,,,,,,"",""
ball,1,84.2,Wellington Firebirds,MJ Nofal,LJ Woodcock,AF Milne,0,0,,,,,,"",""
ball,1,84.3,Wellington Firebirds,MJ Nofal,LJ Woodcock,AF Milne,1,1,,1,,,,"",""
ball,1,84.4,Wellington Firebirds,LJ Woodcock,MJ Nofal,AF Milne,0,0,,,,,,"",""
ball,1,84.5,Wellington Firebirds,LJ Woodcock,MJ Nofal,AF Milne,0,0,,,,,,"",""
ball,1,84.6,Wellington Firebirds,LJ Woodcock,MJ Nofal,AF Milne,0,0,,,,,,"",""
ball,1,84.7,Wellington Firebirds,LJ Woodcock,MJ Nofal,AF Milne,0,0,,,,,,"",""
ball,1,85.1,Wellington Firebirds,MJ Nofal,LJ Woodcock,BJ Small,1,0,,,,,,"",""
ball,1,85.2,Wellington Firebirds,LJ Woodcock,MJ Nofal,BJ Small,1,0,,,,,,"",""
ball,1,85.3,Wellington Firebirds,MJ Nofal,LJ Woodcock,BJ Small,0,0,,,,,,"",""
ball,1,85.4,Wellington Firebirds,MJ Nofal,LJ Woodcock,BJ Small,0,0,,,,,,"",""
ball,1,85.5,Wellington Firebirds,MJ Nofal,LJ Woodcock,BJ Small,4,0,,,,,,"",""
ball,1,85.6,Wellington Firebirds,MJ Nofal,LJ Woodcock,BJ Small,1,0,,,,,,"",""
ball,1,86.1,Wellington Firebirds,MJ Nofal,LJ Woodcock,AF Milne,0,0,,,,,,"",""
ball,1,86.2,Wellington Firebirds,MJ Nofal,LJ Woodcock,AF Milne,0,0,,,,,,"",""
ball,1,86.3,Wellington Firebirds,MJ Nofal,LJ Woodcock,AF Milne,0,0,,,,,,"",""
ball,1,86.4,Wellington Firebirds,MJ Nofal,LJ Woodcock,AF Milne,0,0,,,,,,"",""
ball,1,86.5,Wellington Firebirds,MJ Nofal,LJ Woodcock,AF Milne,4,0,,,,,,"",""
ball,1,86.6,Wellington Firebirds,MJ Nofal,LJ Woodcock,AF Milne,1,0,,,,,,"",""
ball,1,87.1,Wellington Firebirds,MJ Nofal,LJ Woodcock,WC Ludick,1,0,,,,,,"",""
ball,1,87.2,Wellington Firebirds,LJ Woodcock,MJ Nofal,WC Ludick,0,0,,,,,,"",""
ball,1,87.3,Wellington Firebirds,LJ Woodcock,MJ Nofal,WC Ludick,1,0,,,,,,"",""
ball,1,87.4,Wellington Firebirds,MJ Nofal,LJ Woodcock,WC Ludick,1,0,,,,,,"",""
ball,1,87.5,Wellington Firebirds,LJ Woodcock,MJ Nofal,WC Ludick,0,0,,,,,,"",""
ball,1,87.6,Wellington Firebirds,LJ Woodcock,MJ Nofal,WC Ludick,4,0,,,,,,"",""
ball,1,88.1,Wellington Firebirds,MJ Nofal,LJ Woodcock,AF Milne,0,0,,,,,,"",""
ball,1,88.2,Wellington Firebirds,MJ Nofal,LJ Woodcock,AF Milne,0,0,,,,,,"",""
ball,1,88.3,Wellington Firebirds,MJ Nofal,LJ Woodcock,AF Milne,0,0,,,,,,"",""
ball,1,88.4,Wellington Firebirds,MJ Nofal,LJ Woodcock,AF Milne,0,0,,,,,,"",""
ball,1,88.5,Wellington Firebirds,MJ Nofal,LJ Woodcock,AF Milne,1,0,,,,,,"",""
ball,1,88.6,Wellington Firebirds,LJ Woodcock,MJ Nofal,AF Milne,0,0,,,,,,"",""
ball,1,89.1,Wellington Firebirds,MJ Nofal,LJ Woodcock,WC Ludick,6,0,,,,,,"",""
ball,1,89.2,Wellington Firebirds,MJ Nofal,LJ Woodcock,WC Ludick,0,0,,,,,,"",""
ball,1,89.3,Wellington Firebirds,MJ Nofal,LJ Woodcock,WC Ludick,0,0,,,,,,"",""
ball,1,89.4,Wellington Firebirds,MJ Nofal,LJ Woodcock,WC Ludick,0,0,,,,,,"",""
ball,1,89.5,Wellington Firebirds,MJ Nofal,LJ Woodcock,WC Ludick,0,0,,,,,,"",""
ball,1,89.6,Wellington Firebirds,MJ Nofal,LJ Woodcock,WC Ludick,1,0,,,,,,"",""
ball,1,90.1,Wellington Firebirds,MJ Nofal,LJ Woodcock,BJ Small,0,0,,,,,,"",""
ball,1,90.2,Wellington Firebirds,MJ Nofal,LJ Woodcock,BJ Small,0,0,,,,,,"",""
ball,1,90.3,Wellington Firebirds,MJ Nofal,LJ Woodcock,BJ Small,4,0,,,,,,"",""
ball,1,90.4,Wellington Firebirds,MJ Nofal,LJ Woodcock,BJ Small,0,0,,,,,,"",""
ball,1,90.5,Wellington Firebirds,MJ Nofal,LJ Woodcock,BJ Small,0,0,,,,,,"",""
ball,1,90.6,Wellington Firebirds,MJ Nofal,LJ Woodcock,BJ Small,0,0,,,,,,"",""
ball,1,91.1,Wellington Firebirds,LJ Woodcock,MJ Nofal,WC Ludick,0,0,,,,,,"",""
ball,1,91.2,Wellington Firebirds,LJ Woodcock,MJ Nofal,WC Ludick,1,0,,,,,,"",""
ball,1,91.3,Wellington Firebirds,MJ Nofal,LJ Woodcock,WC Ludick,0,0,,,,,,"",""
ball,1,91.4,Wellington Firebirds,MJ Nofal,LJ Woodcock,WC Ludick,0,0,,,,,,"",""
ball,1,91.5,Wellington Firebirds,MJ Nofal,LJ Woodcock,WC Ludick,0,0,,,,,,"",""
ball,1,91.6,Wellington Firebirds,MJ Nofal,LJ Woodcock,WC Ludick,1,1,,1,,,,"",""
ball,1,91.7,Wellington Firebirds,LJ Woodcock,MJ Nofal,WC Ludick,0,0,,,,,,caught,LJ Woodcock
ball,1,92.1,Wellington Firebirds,MJ Nofal,JS Patel,BJ Small,0,0,,,,,,"",""
ball,1,92.2,Wellington Firebirds,MJ Nofal,JS Patel,BJ Small,0,0,,,,,,"",""
ball,1,92.3,Wellington Firebirds,MJ Nofal,JS Patel,BJ Small,4,0,,,,,,"",""
ball,1,92.4,Wellington Firebirds,MJ Nofal,JS Patel,BJ Small,0,0,,,,,,"",""
ball,1,92.5,Wellington Firebirds,MJ Nofal,JS Patel,BJ Small,4,0,,,,,,"",""
ball,1,92.6,Wellington Firebirds,MJ Nofal,JS Patel,BJ Small,0,0,,,,,,"",""
ball,1,93.1,Wellington Firebirds,JS Patel,MJ Nofal,WC Ludick,0,0,,,,,,"",""
ball,1,93.2,Wellington Firebirds,JS Patel,MJ Nofal,WC Ludick,0,0,,,,,,"",""
ball,1,93.3,Wellington Firebirds,JS Patel,MJ Nofal,WC Ludick,0,0,,,,,,"",""
ball,1,93.4,Wellington Firebirds,JS Patel,MJ Nofal,WC Ludick,0,0,,,,,,"",""
ball,1,93.5,Wellington Firebirds,JS Patel,MJ Nofal,WC Ludick,4,0,,,,,,"",""
ball,1,93.6,Wellington Firebirds,JS Patel,MJ Nofal,WC Ludick,0,0,,,,,,"",""
ball,1,94.1,Wellington Firebirds,MJ Nofal,JS Patel,BJ Small,0,0,,,,,,"",""
ball,1,94.2,Wellington Firebirds,MJ Nofal,JS Patel,BJ Small,2,0,,,,,,"",""
ball,1,94.3,Wellington Firebirds,MJ Nofal,JS Patel,BJ Small,1,0,,,,,,"",""
ball,1,94.4,Wellington Firebirds,JS Patel,MJ Nofal,BJ Small,0,0,,,,,,"",""
ball,1,94.5,Wellington Firebirds,JS Patel,MJ Nofal,BJ Small,0,0,,,,,,"",""
ball,1,94.6,Wellington Firebirds,JS Patel,MJ Nofal,BJ Small,0,0,,,,,,"",""
ball,1,95.1,Wellington Firebirds,MJ Nofal,JS Patel,WC Ludick,0,0,,,,,,"",""
ball,1,95.2,Wellington Firebirds,MJ Nofal,JS Patel,WC Ludick,0,0,,,,,,"",""
ball,1,95.3,Wellington Firebirds,MJ Nofal,JS Patel,WC Ludick,1,0,,,,,,"",""
ball,1,95.4,Wellington Firebirds,JS Patel,MJ Nofal,WC Ludick,0,0,,,,,,"",""
ball,1,95.5,Wellington Firebirds,JS Patel,MJ Nofal,WC Ludick,3,0,,,,,,"",""
ball,1,95.6,Wellington Firebirds,MJ Nofal,JS Patel,WC Ludick,0,0,,,,,,"",""
ball,1,96.1,Wellington Firebirds,JS Patel,MJ Nofal,AF Milne,1,0,,,,,,"",""
ball,1,96.2,Wellington Firebirds,MJ Nofal,JS Patel,AF Milne,0,0,,,,,,"",""
ball,1,96.3,Wellington Firebirds,MJ Nofal,JS Patel,AF Milne,1,0,,,,,,"",""
ball,1,96.4,Wellington Firebirds,JS Patel,MJ Nofal,AF Milne,1,0,,,,,,"",""
ball,1,96.5,Wellington Firebirds,MJ Nofal,JS Patel,AF Milne,2,0,,,,,,"",""
ball,1,96.6,Wellington Firebirds,MJ Nofal,JS Patel,AF Milne,0,0,,,,,,"",""
ball,1,97.1,Wellington Firebirds,JS Patel,MJ Nofal,BM Tickner,3,0,,,,,,"",""
ball,1,97.2,Wellington Firebirds,MJ Nofal,JS Patel,BM Tickner,0,0,,,,,,"",""
ball,1,97.3,Wellington Firebirds,MJ Nofal,JS Patel,BM Tickner,0,0,,,,,,"",""
ball,1,97.4,Wellington Firebirds,MJ Nofal,JS Patel,BM Tickner,0,0,,,,,,"",""
ball,1,97.5,Wellington Firebirds,MJ Nofal,JS Patel,BM Tickner,0,0,,,,,,"",""
ball,1,97.6,Wellington Firebirds,MJ Nofal,JS Patel,BM Tickner,1,0,,,,,,"",""
ball,1,98.1,Wellington Firebirds,MJ Nofal,JS Patel,AF Milne,0,0,,,,,,"",""
ball,1,98.2,Wellington Firebirds,MJ Nofal,JS Patel,AF Milne,4,0,,,,,,"",""
ball,1,98.3,Wellington Firebirds,MJ Nofal,JS Patel,AF Milne,0,0,,,,,,"",""
ball,1,98.4,Wellington Firebirds,MJ Nofal,JS Patel,AF Milne,0,0,,,,,,"",""
ball,1,98.5,Wellington Firebirds,MJ Nofal,JS Patel,AF Milne,1,0,,,,,,"",""
ball,1,98.6,Wellington Firebirds,JS Patel,MJ Nofal,AF Milne,0,0,,,,,,"",""
ball,1,99.1,Wellington Firebirds,MJ Nofal,JS Patel,BM Tickner,1,0,,,,,,"",""
ball,1,99.2,Wellington Firebirds,JS Patel,MJ Nofal,BM Tickner,0,0,,,,,,"",""
ball,1,99.3,Wellington Firebirds,JS Patel,MJ Nofal,BM Tickner,0,0,,,,,,"",""
ball,1,99.4,Wellington Firebirds,JS Patel,MJ Nofal,BM Tickner,0,0,,,,,,"",""
ball,1,99.5,Wellington Firebirds,JS Patel,MJ Nofal,BM Tickner,0,0,,,,,,"",""
ball,1,99.6,Wellington Firebirds,JS Patel,MJ Nofal,BM Tickner,4,0,,,,,,"",""
ball,1,100.1,Wellington Firebirds,MJ Nofal,JS Patel,AF Milne,0,0,,,,,,"",""
ball,1,100.2,Wellington Firebirds,MJ Nofal,JS Patel,AF Milne,0,0,,,,,,"",""
ball,1,100.3,Wellington Firebirds,MJ Nofal,JS Patel,AF Milne,1,0,,,,,,"",""
ball,1,100.4,Wellington Firebirds,JS Patel,MJ Nofal,AF Milne,0,0,,,,,,"",""
ball,1,100.5,Wellington Firebirds,JS Patel,MJ Nofal,AF Milne,0,0,,,,,,"",""
ball,1,100.6,Wellington Firebirds,JS Patel,MJ Nofal,AF Milne,0,0,,,,,,"",""
ball,1,101.1,Wellington Firebirds,MJ Nofal,JS Patel,BM Tickner,0,0,,,,,,"",""
ball,1,101.2,Wellington Firebirds,MJ Nofal,JS Patel,BM Tickner,0,0,,,,,,"",""
ball,1,101.3,Wellington Firebirds,MJ Nofal,JS Patel,BM Tickner,0,0,,,,,,"",""
ball,1,101.4,Wellington Firebirds,MJ Nofal,JS Patel,BM Tickner,0,0,,,,,,"",""
ball,1,101.5,Wellington Firebirds,MJ Nofal,JS Patel,BM Tickner,1,0,,,,,,"",""
ball,1,101.6,Wellington Firebirds,JS Patel,MJ Nofal,BM Tickner,2,0,,,,,,"",""
ball,1,102.1,Wellington Firebirds,MJ Nofal,JS Patel,AF Milne,0,0,,,,,,"",""
ball,1,102.2,Wellington Firebirds,MJ Nofal,JS Patel,AF Milne,0,0,,,,,,"",""
ball,1,102.3,Wellington Firebirds,MJ Nofal,JS Patel,AF Milne,1,0,,,,,,"",""
ball,1,102.4,Wellington Firebirds,JS Patel,MJ Nofal,AF Milne,1,0,,,,,,"",""
ball,1,102.5,Wellington Firebirds,MJ Nofal,JS Patel,AF Milne,0,0,,,,,,"",""
ball,1,102.6,Wellington Firebirds,MJ Nofal,JS Patel,AF Milne,1,0,,,,,,"",""
ball,1,103.1,Wellington Firebirds,MJ Nofal,JS Patel,BM Tickner,2,0,,,,,,"",""
ball,1,103.2,Wellington Firebirds,MJ Nofal,JS Patel,BM Tickner,0,0,,,,,,"",""
ball,1,103.3,Wellington Firebirds,MJ Nofal,JS Patel,BM Tickner,2,0,,,,,,"",""
ball,1,103.4,Wellington Firebirds,MJ Nofal,JS Patel,BM Tickner,4,0,,,,,,"",""
ball,1,103.5,Wellington Firebirds,MJ Nofal,JS Patel,BM Tickner,0,0,,,,,,"",""
ball,1,103.6,Wellington Firebirds,MJ Nofal,JS Patel,BM Tickner,0,0,,,,,,"",""
ball,1,104.1,Wellington Firebirds,JS Patel,MJ Nofal,AF Milne,0,0,,,,,,"",""
ball,1,104.2,Wellington Firebirds,JS Patel,MJ Nofal,AF Milne,4,0,,,,,,"",""
ball,1,104.3,Wellington Firebirds,JS Patel,MJ Nofal,AF Milne,4,0,,,,,,"",""
ball,1,104.4,Wellington Firebirds,JS Patel,MJ Nofal,AF Milne,0,0,,,,,,"",""
ball,1,104.5,Wellington Firebirds,JS Patel,MJ Nofal,AF Milne,0,0,,,,,,"",""
ball,1,104.6,Wellington Firebirds,JS Patel,MJ Nofal,AF Milne,4,0,,,,,,"",""
ball,1,105.1,Wellington Firebirds,MJ Nofal,JS Patel,BJ Small,0,0,,,,,,"",""
ball,1,105.2,Wellington Firebirds,MJ Nofal,JS Patel,BJ Small,0,0,,,,,,"",""
ball,1,105.3,Wellington Firebirds,MJ Nofal,JS Patel,BJ Small,4,0,,,,,,"",""
ball,1,105.4,Wellington Firebirds,MJ Nofal,JS Patel,BJ Small,0,0,,,,,,"",""
ball,1,105.5,Wellington Firebirds,MJ Nofal,JS Patel,BJ Small,0,0,,,,,,"",""
ball,1,105.6,Wellington Firebirds,MJ Nofal,JS Patel,BJ Small,1,0,,,,,,"",""
ball,1,106.1,Wellington Firebirds,MJ Nofal,JS Patel,AF Milne,0,0,,,,,,"",""
ball,1,106.2,Wellington Firebirds,MJ Nofal,JS Patel,AF Milne,4,0,,,,,,"",""
ball,1,106.3,Wellington Firebirds,MJ Nofal,JS Patel,AF Milne,0,0,,,,,,"",""
ball,1,106.4,Wellington Firebirds,MJ Nofal,JS Patel,AF Milne,0,0,,,,,,"",""
ball,1,106.5,Wellington Firebirds,MJ Nofal,JS Patel,AF Milne,0,1,,,,1,,"",""
ball,1,106.6,Wellington Firebirds,JS Patel,MJ Nofal,AF Milne,1,0,,,,,,"",""
ball,1,107.1,Wellington Firebirds,JS Patel,MJ Nofal,BJ Small,0,0,,,,,,"",""
ball,1,107.2,Wellington Firebirds,JS Patel,MJ Nofal,BJ Small,0,0,,,,,,"",""
ball,1,107.3,Wellington Firebirds,JS Patel,MJ Nofal,BJ Small,1,0,,,,,,"",""
ball,1,107.4,Wellington Firebirds,MJ Nofal,JS Patel,BJ Small,0,0,,,,,,"",""
ball,1,107.5,Wellington Firebirds,MJ Nofal,JS Patel,BJ Small,0,0,,,,,,"",""
ball,1,107.6,Wellington Firebirds,MJ Nofal,JS Patel,BJ Small,1,0,,,,,,"",""
ball,1,108.1,Wellington Firebirds,MJ Nofal,JS Patel,WC Ludick,2,0,,,,,,"",""
ball,1,108.2,Wellington Firebirds,MJ Nofal,JS Patel,WC Ludick,0,0,,,,,,"",""
ball,1,108.3,Wellington Firebirds,MJ Nofal,JS Patel,WC Ludick,0,0,,,,,,"",""
ball,1,108.4,Wellington Firebirds,MJ Nofal,JS Patel,WC Ludick,0,0,,,,,,"",""
ball,1,108.5,Wellington Firebirds,MJ Nofal,JS Patel,WC Ludick,1,0,,,,,,"",""
ball,1,108.6,Wellington Firebirds,JS Patel,MJ Nofal,WC Ludick,0,0,,,,,,"",""
ball,1,109.1,Wellington Firebirds,MJ Nofal,JS Patel,BJ Small,0,0,,,,,,"",""
ball,1,109.2,Wellington Firebirds,MJ Nofal,JS Patel,BJ Small,2,0,,,,,,"",""
ball,1,109.3,Wellington Firebirds,MJ Nofal,JS Patel,BJ Small,0,0,,,,,,"",""
ball,1,109.4,Wellington Firebirds,MJ Nofal,JS Patel,BJ Small,0,0,,,,,,"",""
ball,1,109.5,Wellington Firebirds,MJ Nofal,JS Patel,BJ Small,3,0,,,,,,"",""
ball,1,109.6,Wellington Firebirds,JS Patel,MJ Nofal,BJ Small,0,1,,,,1,,"",""
ball,1,110.1,Wellington Firebirds,JS Patel,MJ Nofal,WC Ludick,0,0,,,,,,"",""
ball,1,110.2,Wellington Firebirds,JS Patel,MJ Nofal,WC Ludick,0,0,,,,,,"",""
ball,1,110.3,Wellington Firebirds,JS Patel,MJ Nofal,WC Ludick,4,0,,,,,,"",""
ball,1,110.4,Wellington Firebirds,JS Patel,MJ Nofal,WC Ludick,0,0,,,,,,"",""
ball,1,110.5,Wellington Firebirds,JS Patel,MJ Nofal,WC Ludick,0,0,,,,,,"",""
ball,1,110.6,Wellington Firebirds,JS Patel,MJ Nofal,WC Ludick,0,0,,,,,,"",""
ball,1,111.1,Wellington Firebirds,MJ Nofal,JS Patel,FJM Murray,1,0,,,,,,"",""
ball,1,111.2,Wellington Firebirds,JS Patel,MJ Nofal,FJM Murray,1,0,,,,,,"",""
ball,1,111.3,Wellington Firebirds,MJ Nofal,JS Patel,FJM Murray,0,0,,,,,,"",""
ball,1,111.4,Wellington Firebirds,MJ Nofal,JS Patel,FJM Murray,0,0,,,,,,"",""
ball,1,111.5,Wellington Firebirds,MJ Nofal,JS Patel,FJM Murray,1,0,,,,,,"",""
ball,1,111.6,Wellington Firebirds,JS Patel,MJ Nofal,FJM Murray,0,0,,,,,,caught,JS Patel
ball,1,112.1,Wellington Firebirds,MJ Nofal,OR Newton,WC Ludick,0,0,,,,,,"",""
ball,1,112.2,Wellington Firebirds,MJ Nofal,OR Newton,WC Ludick,1,0,,,,,,"",""
ball,1,112.3,Wellington Firebirds,OR Newton,MJ Nofal,WC Ludick,0,0,,,,,,"",""
ball,1,112.4,Wellington Firebirds,OR Newton,MJ Nofal,WC Ludick,1,0,,,,,,"",""
ball,1,112.5,Wellington Firebirds,MJ Nofal,OR Newton,WC Ludick,0,0,,,,,,"",""
ball,1,112.6,Wellington Firebirds,MJ Nofal,OR Newton,WC Ludick,0,0,,,,,,caught,MJ Nofal
ball,1,113.1,Wellington Firebirds,OR Newton,IG McPeake,FJM Murray,0,0,,,,,,"",""
ball,1,113.2,Wellington Firebirds,OR Newton,IG McPeake,FJM Murray,0,0,,,,,,"",""
ball,1,113.3,Wellington Firebirds,OR Newton,IG McPeake,FJM Murray,4,0,,,,,,"",""
ball,1,113.4,Wellington Firebirds,OR Newton,IG McPeake,FJM Murray,0,0,,,,,,"",""
ball,1,113.5,Wellington Firebirds,OR Newton,IG McPeake,FJM Murray,0,0,,,,,,"",""
ball,1,113.6,Wellington Firebirds,OR Newton,IG McPeake,FJM Murray,1,0,,,,,,"",""
ball,1,114.1,Wellington Firebirds,OR Newton,IG McPeake,WC Ludick,6,0,,,,,,"",""
ball,1,114.2,Wellington Firebirds,OR Newton,IG McPeake,WC Ludick,0,0,,,,,,"",""
ball,1,114.3,Wellington Firebirds,OR Newton,IG McPeake,WC Ludick,1,0,,,,,,"",""
ball,1,114.4,Wellington Firebirds,IG McPeake,OR Newton,WC Ludick,0,0,,,,,,"",""
ball,1,114.5,Wellington Firebirds,IG McPeake,OR Newton,WC Ludick,0,0,,,,,,"",""
ball,1,114.6,Wellington Firebirds,IG McPeake,OR Newton,WC Ludick,2,0,,,,,,"",""
ball,1,115.1,Wellington Firebirds,OR Newton,IG McPeake,FJM Murray,0,0,,,,,,"",""
ball,1,115.2,Wellington Firebirds,OR Newton,IG McPeake,FJM Murray,0,0,,,,,,"",""
ball,1,115.3,Wellington Firebirds,OR Newton,IG McPeake,FJM Murray,1,0,,,,,,"",""
ball,1,115.4,Wellington Firebirds,IG McPeake,OR Newton,FJM Murray,6,0,,,,,,"",""
ball,1,115.5,Wellington Firebirds,IG McPeake,OR Newton,FJM Murray,4,0,,,,,,"",""
ball,1,115.6,Wellington Firebirds,IG McPeake,OR Newton,FJM Murray,0,0,,,,,,"",""
ball,1,116.1,Wellington Firebirds,OR Newton,IG McPeake,WC Ludick,0,1,,,,1,,"",""
ball,1,116.2,Wellington Firebirds,IG McPeake,OR Newton,WC Ludick,2,0,,,,,,"",""
ball,1,116.3,Wellington Firebirds,IG McPeake,OR Newton,WC Ludick,0,0,,,,,,"",""
ball,1,116.4,Wellington Firebirds,IG McPeake,OR Newton,WC Ludick,0,0,,,,,,"",""
ball,1,116.5,Wellington Firebirds,IG McPeake,OR Newton,WC Ludick,4,0,,,,,,"",""
ball,1,116.6,Wellington Firebirds,IG McPeake,OR Newton,WC Ludick,4,0,,,,,,"",""
ball,1,117.1,Wellington Firebirds,OR Newton,IG McPeake,FJM Murray,6,0,,,,,,"",""
ball,1,117.2,Wellington Firebirds,OR Newton,IG McPeake,FJM Murray,1,0,,,,,,"",""
ball,1,117.3,Wellington Firebirds,IG McPeake,OR Newton,FJM Murray,1,0,,,,,,"",""
ball,1,117.4,Wellington Firebirds,OR Newton,IG McPeake,FJM Murray,0,0,,,,,,"",""
ball,1,117.5,Wellington Firebirds,OR Newton,IG McPeake,FJM Murray,1,0,,,,,,"",""
ball,1,117.6,Wellington Firebirds,IG McPeake,OR Newton,FJM Murray,4,0,,,,,,"",""
ball,1,118.1,Wellington Firebirds,OR Newton,IG McPeake,WC Ludick,0,0,,,,,,"",""
ball,1,118.2,Wellington Firebirds,OR Newton,IG McPeake,WC Ludick,0,0,,,,,,"",""
ball,1,118.3,Wellington Firebirds,OR Newton,IG McPeake,WC Ludick,0,0,,,,,,"",""
ball,1,118.4,Wellington Firebirds,OR Newton,IG McPeake,WC Ludick,1,0,,,,,,"",""
ball,1,118.5,Wellington Firebirds,IG McPeake,OR Newton,WC Ludick,0,0,,,,,,"",""
ball,1,118.6,Wellington Firebirds,IG McPeake,OR Newton,WC Ludick,0,0,,,,,,"",""
ball,1,119.1,Wellington Firebirds,OR Newton,IG McPeake,FJM Murray,1,0,,,,,,"",""
ball,1,119.2,Wellington Firebirds,IG McPeake,OR Newton,FJM Murray,1,0,,,,,,"",""
ball,1,119.3,Wellington Firebirds,OR Newton,IG McPeake,FJM Murray,1,0,,,,,,"",""
ball,1,119.4,Wellington Firebirds,IG McPeake,OR Newton,FJM Murray,4,0,,,,,,"",""
ball,1,119.5,Wellington Firebirds,IG McPeake,OR Newton,FJM Murray,6,0,,,,,,"",""
ball,1,119.6,Wellington Firebirds,IG McPeake,OR Newton,FJM Murray,0,0,,,,,,caught,IG McPeake
ball,1,120.1,Wellington Firebirds,HK Bennett,OR Newton,WC Ludick,0,0,,,,,,"",""
ball,1,120.2,Wellington Firebirds,HK Bennett,OR Newton,WC Ludick,0,0,,,,,,"",""
ball,1,120.3,Wellington Firebirds,HK Bennett,OR Newton,WC Ludick,0,0,,,,,,"",""
ball,1,120.4,Wellington Firebirds,HK Bennett,OR Newton,WC Ludick,1,0,,,,,,"",""
ball,1,120.5,Wellington Firebirds,OR Newton,HK Bennett,WC Ludick,4,0,,,,,,"",""
ball,1,120.6,Wellington Firebirds,OR Newton,HK Bennett,WC Ludick,0,0,,,,,,"",""
ball,1,121.1,Wellington Firebirds,HK Bennett,OR Newton,FJM Murray,0,0,,,,,,"",""
ball,1,121.2,Wellington Firebirds,HK Bennett,OR Newton,FJM Murray,1,0,,,,,,"",""
ball,1,121.3,Wellington Firebirds,OR Newton,HK Bennett,FJM Murray,6,0,,,,,,"",""
ball,1,121.4,Wellington Firebirds,OR Newton,HK Bennett,FJM Murray,1,0,,,,,,"",""
ball,1,121.5,Wellington Firebirds,HK Bennett,OR Newton,FJM Murray,4,0,,,,,,"",""
ball,1,121.6,Wellington Firebirds,HK Bennett,OR Newton,FJM Murray,0,0,,,,,,"",""
ball,1,122.1,Wellington Firebirds,OR Newton,HK Bennett,BJ Small,0,0,,,,,,"",""
ball,1,122.2,Wellington Firebirds,OR Newton,HK Bennett,BJ Small,1,0,,,,,,"",""
ball,1,122.3,Wellington Firebirds,HK Bennett,OR Newton,BJ Small,1,0,,,,,,"",""
ball,1,122.4,Wellington Firebirds,OR Newton,HK Bennett,BJ Small,0,0,,,,,,"",""
ball,1,122.5,Wellington Firebirds,OR Newton,HK Bennett,BJ Small,4,0,,,,,,"",""
ball,1,122.6,Wellington Firebirds,OR Newton,HK Bennett,BJ Small,2,0,,,,,,"",""
ball,1,123.1,Wellington Firebirds,HK Bennett,OR Newton,BD Schmulian,0,0,,,,,,caught and bowled,HK Bennett
ball,2,0.1,Central Stags,BD Schmulian,BS Smith,HK Bennett,0,0,,,,,,"",""
ball,2,0.2,Central Stags,BD Schmulian,BS Smith,HK Bennett,2,0,,,,,,"",""
ball,2,0.3,Central Stags,BD Schmulian,BS Smith,HK Bennett,0,0,,,,,,"",""
ball,2,0.4,Central Stags,BD Schmulian,BS Smith,HK Bennett,0,0,,,,,,"",""
ball,2,0.5,Central Stags,BD Schmulian,BS Smith,HK Bennett,0,1,,,,1,,"",""
ball,2,0.6,Central Stags,BS Smith,BD Schmulian,HK Bennett,0,0,,,,,,"",""
ball,2,1.1,Central Stags,BD Schmulian,BS Smith,OR Newton,0,0,,,,,,"",""
ball,2,1.2,Central Stags,BD Schmulian,BS Smith,OR Newton,0,0,,,,,,"",""
ball,2,1.3,Central Stags,BD Schmulian,BS Smith,OR Newton,0,0,,,,,,"",""
ball,2,1.4,Central Stags,BD Schmulian,BS Smith,OR Newton,0,0,,,,,,"",""
ball,2,1.5,Central Stags,BD Schmulian,BS Smith,OR Newton,0,0,,,,,,"",""
ball,2,1.6,Central Stags,BD Schmulian,BS Smith,OR Newton,1,0,,,,,,"",""
ball,2,2.1,Central Stags,BD Schmulian,BS Smith,HK Bennett,0,0,,,,,,"",""
ball,2,2.2,Central Stags,BD Schmulian,BS Smith,HK Bennett,0,1,,,,1,,"",""
ball,2,2.3,Central Stags,BS Smith,BD Schmulian,HK Bennett,0,0,,,,,,"",""
ball,2,2.4,Central Stags,BS Smith,BD Schmulian,HK Bennett,0,0,,,,,,"",""
ball,2,2.5,Central Stags,BS Smith,BD Schmulian,HK Bennett,0,2,,,,2,,"",""
ball,2,2.6,Central Stags,BS Smith,BD Schmulian,HK Bennett,0,0,,,,,,"",""
ball,2,3.1,Central Stags,BD Schmulian,BS Smith,OR Newton,0,0,,,,,,"",""
ball,2,3.2,Central Stags,BD Schmulian,BS Smith,OR Newton,0,0,,,,,,"",""
ball,2,3.3,Central Stags,BD Schmulian,BS Smith,OR Newton,4,0,,,,,,"",""
ball,2,3.4,Central Stags,BD Schmulian,BS Smith,OR Newton,2,0,,,,,,"",""
ball,2,3.5,Central Stags,BD Schmulian,BS Smith,OR Newton,1,0,,,,,,"",""
ball,2,3.6,Central Stags,BS Smith,BD Schmulian,OR Newton,0,0,,,,,,"",""
ball,2,4.1,Central Stags,BD Schmulian,BS Smith,HK Bennett,0,0,,,,,,"",""
ball,2,4.2,Central Stags,BD Schmulian,BS Smith,HK Bennett,4,0,,,,,,"",""
ball,2,4.3,Central Stags,BD Schmulian,BS Smith,HK Bennett,0,0,,,,,,"",""
ball,2,4.4,Central Stags,BD Schmulian,BS Smith,HK Bennett,0,0,,,,,,"",""
ball,2,4.5,Central Stags,BD Schmulian,BS Smith,HK Bennett,0,0,,,,,,"",""
ball,2,4.6,Central Stags,BD Schmulian,BS Smith,HK Bennett,0,0,,,,,,"",""
ball,2,5.1,Central Stags,BS Smith,BD Schmulian,OR Newton,0,0,,,,,,"",""
ball,2,5.2,Central Stags,BS Smith,BD Schmulian,OR Newton,0,0,,,,,,"",""
ball,2,5.3,Central Stags,BS Smith,BD Schmulian,OR Newton,0,0,,,,,,"",""
ball,2,5.4,Central Stags,BS Smith,BD Schmulian,OR Newton,0,0,,,,,,"",""
ball,2,5.5,Central Stags,BS Smith,BD Schmulian,OR Newton,0,0,,,,,,"",""
ball,2,5.6,Central Stags,BS Smith,BD Schmulian,OR Newton,0,0,,,,,,"",""
ball,2,6.1,Central Stags,BD Schmulian,BS Smith,HK Bennett,0,0,,,,,,"",""
ball,2,6.2,Central Stags,BD Schmulian,BS Smith,HK Bennett,0,0,,,,,,"",""
ball,2,6.3,Central Stags,BD Schmulian,BS Smith,HK Bennett,0,0,,,,,,"",""
ball,2,6.4,Central Stags,BD Schmulian,BS Smith,HK Bennett,2,0,,,,,,"",""
ball,2,6.5,Central Stags,BD Schmulian,BS Smith,HK Bennett,0,0,,,,,,"",""
ball,2,6.6,Central Stags,BD Schmulian,BS Smith,HK Bennett,0,0,,,,,,"",""
ball,2,7.1,Central Stags,BS Smith,BD Schmulian,OR Newton,1,0,,,,,,"",""
ball,2,7.2,Central Stags,BD Schmulian,BS Smith,OR Newton,0,0,,,,,,"",""
ball,2,7.3,Central Stags,BD Schmulian,BS Smith,OR Newton,0,0,,,,,,"",""
ball,2,7.4,Central Stags,BD Schmulian,BS Smith,OR Newton,0,0,,,,,,"",""
ball,2,7.5,Central Stags,BD Schmulian,BS Smith,OR Newton,0,0,,,,,,"",""
ball,2,7.6,Central Stags,BD Schmulian,BS Smith,OR Newton,0,0,,,,,,"",""
ball,2,8.1,Central Stags,BS Smith,BD Schmulian,HK Bennett,0,0,,,,,,"",""
ball,2,8.2,Central Stags,BS Smith,BD Schmulian,HK Bennett,0,0,,,,,,"",""
ball,2,8.3,Central Stags,BS Smith,BD Schmulian,HK Bennett,0,0,,,,,,"",""
ball,2,8.4,Central Stags,BS Smith,BD Schmulian,HK Bennett,0,0,,,,,,"",""
ball,2,8.5,Central Stags,BS Smith,BD Schmulian,HK Bennett,0,0,,,,,,"",""
ball,2,8.6,Central Stags,BS Smith,BD Schmulian,HK Bennett,2,0,,,,,,"",""
ball,2,9.1,Central Stags,BD Schmulian,BS Smith,OR Newton,0,0,,,,,,"",""
ball,2,9.2,Central Stags,BD Schmulian,BS Smith,OR Newton,1,0,,,,,,"",""
ball,2,9.3,Central Stags,BS Smith,BD Schmulian,OR Newton,0,0,,,,,,"",""
ball,2,9.4,Central Stags,BS Smith,BD Schmulian,OR Newton,0,0,,,,,,"",""
ball,2,9.5,Central Stags,BS Smith,BD Schmulian,OR Newton,0,0,,,,,,"",""
ball,2,9.6,Central Stags,BS Smith,BD Schmulian,OR Newton,1,0,,,,,,"",""
ball,2,10.1,Central Stags,BS Smith,BD Schmulian,HK Bennett,2,0,,,,,,"",""
ball,2,10.2,Central Stags,BS Smith,BD Schmulian,HK Bennett,0,0,,,,,,"",""
ball,2,10.3,Central Stags,BS Smith,BD Schmulian,HK Bennett,2,0,,,,,,"",""
ball,2,10.4,Central Stags,BS Smith,BD Schmulian,HK Bennett,0,0,,,,,,lbw,BS Smith
ball,2,10.5,Central Stags,WA Young,BD Schmulian,HK Bennett,0,0,,,,,,"",""
ball,2,10.6,Central Stags,WA Young,BD Schmulian,HK Bennett,0,0,,,,,,"",""
ball,2,11.1,Central Stags,BD Schmulian,WA Young,IG McPeake,0,0,,,,,,"",""
ball,2,11.2,Central Stags,BD Schmulian,WA Young,IG McPeake,0,0,,,,,,"",""
ball,2,11.3,Central Stags,BD Schmulian,WA Young,IG McPeake,0,0,,,,,,"",""
ball,2,11.4,Central Stags,BD Schmulian,WA Young,IG McPeake,0,0,,,,,,"",""
ball,2,11.5,Central Stags,BD Schmulian,WA Young,IG McPeake,0,0,,,,,,"",""
ball,2,11.6,Central Stags,BD Schmulian,WA Young,IG McPeake,0,0,,,,,,"",""
ball,2,12.1,Central Stags,WA Young,BD Schmulian,HK Bennett,0,0,,,,,,"",""
ball,2,12.2,Central Stags,WA Young,BD Schmulian,HK Bennett,0,0,,,,,,"",""
ball,2,12.3,Central Stags,WA Young,BD Schmulian,HK Bennett,4,0,,,,,,"",""
ball,2,12.4,Central Stags,WA Young,BD Schmulian,HK Bennett,0,0,,,,,,"",""
ball,2,12.5,Central Stags,WA Young,BD Schmulian,HK Bennett,0,0,,,,,,"",""
ball,2,12.6,Central Stags,WA Young,BD Schmulian,HK Bennett,0,0,,,,,,"",""
ball,2,13.1,Central Stags,BD Schmulian,WA Young,IG McPeake,0,0,,,,,,"",""
ball,2,13.2,Central Stags,BD Schmulian,WA Young,IG McPeake,0,0,,,,,,caught,BD Schmulian
ball,2,13.3,Central Stags,JD Ryder,WA Young,IG McPeake,1,0,,,,,,"",""
ball,2,13.4,Central Stags,WA Young,JD Ryder,IG McPeake,0,0,,,,,,"",""
ball,2,13.5,Central Stags,WA Young,JD Ryder,IG McPeake,0,0,,,,,,"",""
ball,2,13.6,Central Stags,WA Young,JD Ryder,IG McPeake,2,0,,,,,,"",""
ball,2,14.1,Central Stags,JD Ryder,WA Young,HK Bennett,0,0,,,,,,"",""
ball,2,14.2,Central Stags,JD Ryder,WA Young,HK Bennett,0,0,,,,,,"",""
ball,2,14.3,Central Stags,JD Ryder,WA Young,HK Bennett,1,0,,,,,,"",""
ball,2,14.4,Central Stags,WA Young,JD Ryder,HK Bennett,0,0,,,,,,"",""
ball,2,14.5,Central Stags,WA Young,JD Ryder,HK Bennett,0,0,,,,,,"",""
ball,2,14.6,Central Stags,WA Young,JD Ryder,HK Bennett,0,0,,,,,,"",""
ball,2,15.1,Central Stags,JD Ryder,WA Young,IG McPeake,0,0,,,,,,"",""
ball,2,15.2,Central Stags,JD Ryder,WA Young,IG McPeake,0,0,,,,,,"",""
ball,2,15.3,Central Stags,JD Ryder,WA Young,IG McPeake,0,0,,,,,,"",""
ball,2,15.4,Central Stags,JD Ryder,WA Young,IG McPeake,0,0,,,,,,"",""
ball,2,15.5,Central Stags,JD Ryder,WA Young,IG McPeake,0,0,,,,,,"",""
ball,2,15.6,Central Stags,JD Ryder,WA Young,IG McPeake,4,0,,,,,,"",""
ball,2,16.1,Central Stags,WA Young,JD Ryder,OR Newton,0,0,,,,,,"",""
ball,2,16.2,Central Stags,WA Young,JD Ryder,OR Newton,1,0,,,,,,"",""
ball,2,16.3,Central Stags,JD Ryder,WA Young,OR Newton,2,0,,,,,,"",""
ball,2,16.4,Central Stags,JD Ryder,WA Young,OR Newton,0,0,,,,,,"",""
ball,2,16.5,Central Stags,JD Ryder,WA Young,OR Newton,0,0,,,,,,"",""
ball,2,16.6,Central Stags,JD Ryder,WA Young,OR Newton,0,0,,,,,,"",""
ball,2,17.1,Central Stags,WA Young,JD Ryder,IG McPeake,2,0,,,,,,"",""
ball,2,17.2,Central Stags,WA Young,JD Ryder,IG McPeake,0,0,,,,,,"",""
ball,2,17.3,Central Stags,WA Young,JD Ryder,IG McPeake,0,0,,,,,,"",""
ball,2,17.4,Central Stags,WA Young,JD Ryder,IG McPeake,0,0,,,,,,"",""
ball,2,17.5,Central Stags,WA Young,JD Ryder,IG McPeake,0,0,,,,,,"",""
ball,2,17.6,Central Stags,WA Young,JD Ryder,IG McPeake,0,0,,,,,,"",""
ball,2,18.1,Central Stags,JD Ryder,WA Young,OR Newton,0,0,,,,,,"",""
ball,2,18.2,Central Stags,JD Ryder,WA Young,OR Newton,0,0,,,,,,"",""
ball,2,18.3,Central Stags,JD Ryder,WA Young,OR Newton,0,0,,,,,,"",""
ball,2,18.4,Central Stags,JD Ryder,WA Young,OR Newton,0,0,,,,,,"",""
ball,2,18.5,Central Stags,JD Ryder,WA Young,OR Newton,0,0,,,,,,"",""
ball,2,18.6,Central Stags,JD Ryder,WA Young,OR Newton,1,0,,,,,,"",""
ball,2,19.1,Central Stags,JD Ryder,WA Young,IG McPeake,0,0,,,,,,"",""
ball,2,19.2,Central Stags,JD Ryder,WA Young,IG McPeake,0,0,,,,,,"",""
ball,2,19.3,Central Stags,JD Ryder,WA Young,IG McPeake,4,0,,,,,,"",""
ball,2,19.4,Central Stags,JD Ryder,WA Young,IG McPeake,0,0,,,,,,"",""
ball,2,19.5,Central Stags,JD Ryder,WA Young,IG McPeake,4,0,,,,,,"",""
ball,2,19.6,Central Stags,JD Ryder,WA Young,IG McPeake,0,0,,,,,,"",""
ball,2,20.1,Central Stags,WA Young,JD Ryder,OR Newton,0,0,,,,,,"",""
ball,2,20.2,Central Stags,WA Young,JD Ryder,OR Newton,0,0,,,,,,"",""
ball,2,20.3,Central Stags,WA Young,JD Ryder,OR Newton,0,0,,,,,,"",""
ball,2,20.4,Central Stags,WA Young,JD Ryder,OR Newton,0,0,,,,,,"",""
ball,2,20.5,Central Stags,WA Young,JD Ryder,OR Newton,4,0,,,,,,"",""
ball,2,20.6,Central Stags,WA Young,JD Ryder,OR Newton,0,0,,,,,,"",""
ball,2,21.1,Central Stags,JD Ryder,WA Young,IG McPeake,0,0,,,,,,"",""
ball,2,21.2,Central Stags,JD Ryder,WA Young,IG McPeake,0,0,,,,,,"",""
ball,2,21.3,Central Stags,JD Ryder,WA Young,IG McPeake,0,0,,,,,,"",""
ball,2,21.4,Central Stags,JD Ryder,WA Young,IG McPeake,6,0,,,,,,"",""
ball,2,21.5,Central Stags,JD Ryder,WA Young,IG McPeake,1,0,,,,,,"",""
ball,2,21.6,Central Stags,WA Young,JD Ryder,IG McPeake,0,0,,,,,,"",""
ball,2,22.1,Central Stags,JD Ryder,WA Young,OR Newton,0,0,,,,,,"",""
ball,2,22.2,Central Stags,JD Ryder,WA Young,OR Newton,2,0,,,,,,"",""
ball,2,22.3,Central Stags,JD Ryder,WA Young,OR Newton,0,0,,,,,,"",""
ball,2,22.4,Central Stags,JD Ryder,WA Young,OR Newton,0,0,,,,,,"",""
ball,2,22.5,Central Stags,JD Ryder,WA Young,OR Newton,0,0,,,,,,"",""
ball,2,22.6,Central Stags,JD Ryder,WA Young,OR Newton,1,0,,,,,,"",""
ball,2,23.1,Central Stags,JD Ryder,WA Young,HK Bennett,0,0,,,,,,"",""
ball,2,23.2,Central Stags,JD Ryder,WA Young,HK Bennett,0,0,,,,,,"",""
ball,2,23.3,Central Stags,JD Ryder,WA Young,HK Bennett,6,0,,,,,,"",""
ball,2,23.4,Central Stags,JD Ryder,WA Young,HK Bennett,0,0,,,,,,"",""
ball,2,23.5,Central Stags,JD Ryder,WA Young,HK Bennett,0,0,,,,,,"",""
ball,2,23.6,Central Stags,JD Ryder,WA Young,HK Bennett,4,0,,,,,,"",""
ball,2,24.1,Central Stags,WA Young,JD Ryder,OR Newton,0,0,,,,,,"",""
ball,2,24.2,Central Stags,WA Young,JD Ryder,OR Newton,0,0,,,,,,"",""
ball,2,24.3,Central Stags,WA Young,JD Ryder,OR Newton,0,0,,,,,,"",""
ball,2,24.4,Central Stags,WA Young,JD Ryder,OR Newton,0,0,,,,,,"",""
ball,2,24.5,Central Stags,WA Young,JD Ryder,OR Newton,0,0,,,,,,"",""
ball,2,24.6,Central Stags,WA Young,JD Ryder,OR Newton,4,0,,,,,,"",""
ball,2,25.1,Central Stags,JD Ryder,WA Young,HK Bennett,0,0,,,,,,"",""
ball,2,25.2,Central Stags,JD Ryder,WA Young,HK Bennett,3,0,,,,,,"",""
ball,2,25.3,Central Stags,WA Young,JD Ryder,HK Bennett,0,0,,,,,,"",""
ball,2,25.4,Central Stags,WA Young,JD Ryder,HK Bennett,4,0,,,,,,"",""
ball,2,25.5,Central Stags,WA Young,JD Ryder,HK Bennett,0,0,,,,,,"",""
ball,2,25.6,Central Stags,WA Young,JD Ryder,HK Bennett,0,0,,,,,,"",""
ball,2,26.1,Central Stags,JD Ryder,WA Young,OR Newton,0,0,,,,,,"",""
ball,2,26.2,Central Stags,JD Ryder,WA Young,OR Newton,0,0,,,,,,"",""
ball,2,26.3,Central Stags,JD Ryder,WA Young,OR Newton,2,0,,,,,,"",""
ball,2,26.4,Central Stags,JD Ryder,WA Young,OR Newton,0,0,,,,,,"",""
ball,2,26.5,Central Stags,JD Ryder,WA Young,OR Newton,0,0,,,,,,"",""
ball,2,26.6,Central Stags,JD Ryder,WA Young,OR Newton,4,0,,,,,,"",""
ball,2,27.1,Central Stags,WA Young,JD Ryder,HK Bennett,0,0,,,,,,"",""
ball,2,27.2,Central Stags,WA Young,JD Ryder,HK Bennett,4,0,,,,,,"",""
ball,2,27.3,Central Stags,WA Young,JD Ryder,HK Bennett,0,0,,,,,,"",""
ball,2,27.4,Central Stags,WA Young,JD Ryder,HK Bennett,0,0,,,,,,"",""
ball,2,27.5,Central Stags,WA Young,JD Ryder,HK Bennett,0,0,,,,,,"",""
ball,2,27.6,Central Stags,WA Young,JD Ryder,HK Bennett,0,0,,,,,,"",""
ball,2,28.1,Central Stags,JD Ryder,WA Young,OR Newton,0,0,,,,,,"",""
ball,2,28.2,Central Stags,JD Ryder,WA Young,OR Newton,0,0,,,,,,"",""
ball,2,28.3,Central Stags,JD Ryder,WA Young,OR Newton,0,0,,,,,,"",""
ball,2,28.4,Central Stags,JD Ryder,WA Young,OR Newton,0,0,,,,,,"",""
ball,2,28.5,Central Stags,JD Ryder,WA Young,OR Newton,0,0,,,,,,"",""
ball,2,28.6,Central Stags,JD Ryder,WA Young,OR Newton,4,0,,,,,,"",""
ball,2,29.1,Central Stags,WA Young,JD Ryder,JS Patel,0,0,,,,,,"",""
ball,2,29.2,Central Stags,WA Young,JD Ryder,JS Patel,0,0,,,,,,"",""
ball,2,29.3,Central Stags,WA Young,JD Ryder,JS Patel,2,0,,,,,,"",""
ball,2,29.4,Central Stags,WA Young,JD Ryder,JS Patel,0,0,,,,,,"",""
ball,2,29.5,Central Stags,WA Young,JD Ryder,JS Patel,0,0,,,,,,"",""
ball,2,29.6,Central Stags,WA Young,JD Ryder,JS Patel,0,0,,,,,,"",""
ball,2,30.1,Central Stags,JD Ryder,WA Young,IG McPeake,0,0,,,,,,"",""
ball,2,30.2,Central Stags,JD Ryder,WA Young,IG McPeake,0,0,,,,,,"",""
ball,2,30.3,Central Stags,JD Ryder,WA Young,IG McPeake,4,0,,,,,,"",""
ball,2,30.4,Central Stags,JD Ryder,WA Young,IG McPeake,0,0,,,,,,"",""
ball,2,30.5,Central Stags,JD Ryder,WA Young,IG McPeake,4,0,,,,,,"",""
ball,2,30.6,Central Stags,JD Ryder,WA Young,IG McPeake,3,0,,,,,,"",""
ball,2,31.1,Central Stags,JD Ryder,WA Young,JS Patel,0,0,,,,,,"",""
ball,2,31.2,Central Stags,JD Ryder,WA Young,JS Patel,0,0,,,,,,"",""
ball,2,31.3,Central Stags,JD Ryder,WA Young,JS Patel,0,0,,,,,,"",""
ball,2,31.4,Central Stags,JD Ryder,WA Young,JS Patel,0,0,,,,,,"",""
ball,2,31.5,Central Stags,JD Ryder,WA Young,JS Patel,0,0,,,,,,"",""
ball,2,31.6,Central Stags,JD Ryder,WA Young,JS Patel,0,0,,,,,,"",""
ball,2,32.1,Central Stags,WA Young,JD Ryder,IG McPeake,0,0,,,,,,"",""
ball,2,32.2,Central Stags,WA Young,JD Ryder,IG McPeake,0,0,,,,,,"",""
ball,2,32.3,Central Stags,WA Young,JD Ryder,IG McPeake,0,0,,,,,,"",""
ball,2,32.4,Central Stags,WA Young,JD Ryder,IG McPeake,0,0,,,,,,"",""
ball,2,32.5,Central Stags,WA Young,JD Ryder,IG McPeake,0,0,,,,,,"",""
ball,2,32.6,Central Stags,WA Young,JD Ryder,IG McPeake,0,0,,,,,,"",""
ball,2,33.1,Central Stags,JD Ryder,WA Young,JS Patel,0,0,,,,,,"",""
ball,2,33.2,Central Stags,JD Ryder,WA Young,JS Patel,0,0,,,,,,"",""
ball,2,33.3,Central Stags,JD Ryder,WA Young,JS Patel,0,0,,,,,,"",""
ball,2,33.4,Central Stags,JD Ryder,WA Young,JS Patel,0,0,,,,,,"",""
ball,2,33.5,Central Stags,JD Ryder,WA Young,JS Patel,1,0,,,,,,"",""
ball,2,33.6,Central Stags,WA Young,JD Ryder,JS Patel,0,0,,,,,,"",""
ball,2,34.1,Central Stags,JD Ryder,WA Young,IG McPeake,0,0,,,,,,"",""
ball,2,34.2,Central Stags,JD Ryder,WA Young,IG McPeake,0,0,,,,,,"",""
ball,2,34.3,Central Stags,JD Ryder,WA Young,IG McPeake,0,0,,,,,,"",""
ball,2,34.4,Central Stags,JD Ryder,WA Young,IG McPeake,1,0,,,,,,"",""
ball,2,34.5,Central Stags,WA Young,JD Ryder,IG McPeake,0,0,,,,,,"",""
ball,2,34.6,Central Stags,WA Young,JD Ryder,IG McPeake,0,0,,,,,,"",""
ball,2,35.1,Central Stags,JD Ryder,WA Young,JS Patel,4,0,,,,,,"",""
ball,2,35.2,Central Stags,JD Ryder,WA Young,JS Patel,0,0,,,,,,"",""
ball,2,35.3,Central Stags,JD Ryder,WA Young,JS Patel,0,0,,,,,,"",""
ball,2,35.4,Central Stags,JD Ryder,WA Young,JS Patel,0,0,,,,,,"",""
ball,2,35.5,Central Stags,JD Ryder,WA Young,JS Patel,0,0,,,,,,"",""
ball,2,35.6,Central Stags,JD Ryder,WA Young,JS Patel,2,0,,,,,,"",""
ball,2,36.1,Central Stags,WA Young,JD Ryder,IG McPeake,4,0,,,,,,"",""
ball,2,36.2,Central Stags,WA Young,JD Ryder,IG McPeake,0,0,,,,,,"",""
ball,2,36.3,Central Stags,WA Young,JD Ryder,IG McPeake,0,0,,,,,,"",""
ball,2,36.4,Central Stags,WA Young,JD Ryder,IG McPeake,0,0,,,,,,"",""
ball,2,36.5,Central Stags,WA Young,JD Ryder,IG McPeake,0,0,,,,,,"",""
ball,2,36.6,Central Stags,WA Young,JD Ryder,IG McPeake,0,0,,,,,,"",""
ball,2,37.1,Central Stags,JD Ryder,WA Young,JS Patel,0,0,,,,,,caught,JD Ryder
ball,2,37.2,Central Stags,TC Bruce,WA Young,JS Patel,0,0,,,,,,"",""
ball,2,37.3,Central Stags,TC Bruce,WA Young,JS Patel,0,0,,,,,,"",""
ball,2,37.4,Central Stags,TC Bruce,WA Young,JS Patel,0,0,,,,,,"",""
ball,2,37.5,Central Stags,TC Bruce,WA Young,JS Patel,0,0,,,,,,"",""
ball,2,37.6,Central Stags,TC Bruce,WA Young,JS Patel,0,0,,,,,,"",""
ball,2,38.1,Central Stags,WA Young,TC Bruce,IG McPeake,0,0,,,,,,"",""
ball,2,38.2,Central Stags,WA Young,TC Bruce,IG McPeake,0,0,,,,,,"",""
ball,2,38.3,Central Stags,WA Young,TC Bruce,IG McPeake,0,0,,,,,,"",""
ball,2,38.4,Central Stags,WA Young,TC Bruce,IG McPeake,0,0,,,,,,"",""
ball,2,38.5,Central Stags,WA Young,TC Bruce,IG McPeake,0,0,,,,,,"",""
ball,2,38.6,Central Stags,WA Young,TC Bruce,IG McPeake,0,0,,,,,,"",""
ball,2,39.1,Central Stags,TC Bruce,WA Young,JS Patel,1,0,,,,,,"",""
ball,2,39.2,Central Stags,WA Young,TC Bruce,JS Patel,0,0,,,,,,"",""
ball,2,39.3,Central Stags,WA Young,TC Bruce,JS Patel,0,0,,,,,,"",""
ball,2,39.4,Central Stags,WA Young,TC Bruce,JS Patel,0,0,,,,,,"",""
ball,2,39.5,Central Stags,WA Young,TC Bruce,JS Patel,0,0,,,,,,"",""
ball,2,39.6,Central Stags,WA Young,TC Bruce,JS Patel,0,0,,,,,,"",""
ball,2,40.1,Central Stags,TC Bruce,WA Young,IG McPeake,4,0,,,,,,"",""
ball,2,40.2,Central Stags,TC Bruce,WA Young,IG McPeake,4,0,,,,,,"",""
ball,2,40.3,Central Stags,TC Bruce,WA Young,IG McPeake,0,0,,,,,,"",""
ball,2,40.4,Central Stags,TC Bruce,WA Young,IG McPeake,0,0,,,,,,"",""
ball,2,40.5,Central Stags,TC Bruce,WA Young,IG McPeake,0,0,,,,,,"",""
ball,2,40.6,Central Stags,TC Bruce,WA Young,IG McPeake,0,0,,,,,,"",""
ball,2,41.1,Central Stags,WA Young,TC Bruce,JS Patel,1,0,,,,,,"",""
ball,2,41.2,Central Stags,TC Bruce,WA Young,JS Patel,2,0,,,,,,"",""
ball,2,41.3,Central Stags,TC Bruce,WA Young,JS Patel,0,0,,,,,,"",""
ball,2,41.4,Central Stags,TC Bruce,WA Young,JS Patel,0,0,,,,,,"",""
ball,2,41.5,Central Stags,TC Bruce,WA Young,JS Patel,0,0,,,,,,"",""
ball,2,41.6,Central Stags,TC Bruce,WA Young,JS Patel,6,0,,,,,,"",""
ball,2,42.1,Central Stags,WA Young,TC Bruce,LJ Woodcock,0,0,,,,,,"",""
ball,2,42.2,Central Stags,WA Young,TC Bruce,LJ Woodcock,0,0,,,,,,"",""
ball,2,42.3,Central Stags,WA Young,TC Bruce,LJ Woodcock,4,0,,,,,,"",""
ball,2,42.4,Central Stags,WA Young,TC Bruce,LJ Woodcock,0,0,,,,,,"",""
ball,2,42.5,Central Stags,WA Young,TC Bruce,LJ Woodcock,0,0,,,,,,"",""
ball,2,42.6,Central Stags,WA Young,TC Bruce,LJ Woodcock,1,0,,,,,,"",""
ball,2,43.1,Central Stags,WA Young,TC Bruce,JS Patel,0,0,,,,,,"",""
ball,2,43.2,Central Stags,WA Young,TC Bruce,JS Patel,0,0,,,,,,"",""
ball,2,43.3,Central Stags,WA Young,TC Bruce,JS Patel,6,0,,,,,,"",""
ball,2,43.4,Central Stags,WA Young,TC Bruce,JS Patel,0,0,,,,,,"",""
ball,2,43.5,Central Stags,WA Young,TC Bruce,JS Patel,0,0,,,,,,"",""
ball,2,43.6,Central Stags,WA Young,TC Bruce,JS Patel,0,0,,,,,,"",""
ball,2,44.1,Central Stags,TC Bruce,WA Young,LJ Woodcock,0,0,,,,,,"",""
ball,2,44.2,Central Stags,TC Bruce,WA Young,LJ Woodcock,0,0,,,,,,"",""
ball,2,44.3,Central Stags,TC Bruce,WA Young,LJ Woodcock,0,0,,,,,,"",""
ball,2,44.4,Central Stags,TC Bruce,WA Young,LJ Woodcock,1,0,,,,,,"",""
ball,2,44.5,Central Stags,WA Young,TC Bruce,LJ Woodcock,0,0,,,,,,"",""
ball,2,44.6,Central Stags,WA Young,TC Bruce,LJ Woodcock,0,0,,,,,,"",""
ball,2,45.1,Central Stags,TC Bruce,WA Young,JS Patel,4,0,,,,,,"",""
ball,2,45.2,Central Stags,TC Bruce,WA Young,JS Patel,1,0,,,,,,"",""
ball,2,45.3,Central Stags,WA Young,TC Bruce,JS Patel,1,0,,,,,,"",""
ball,2,45.4,Central Stags,TC Bruce,WA Young,JS Patel,0,0,,,,,,"",""
ball,2,45.5,Central Stags,TC Bruce,WA Young,JS Patel,1,0,,,,,,"",""
ball,2,45.6,Central Stags,WA Young,TC Bruce,JS Patel,0,0,,,,,,"",""
ball,2,46.1,Central Stags,TC Bruce,WA Young,LJ Woodcock,0,0,,,,,,"",""
ball,2,46.2,Central Stags,TC Bruce,WA Young,LJ Woodcock,0,0,,,,,,"",""
ball,2,46.3,Central Stags,TC Bruce,WA Young,LJ Woodcock,0,0,,,,,,"",""
ball,2,46.4,Central Stags,TC Bruce,WA Young,LJ Woodcock,1,0,,,,,,"",""
ball,2,46.5,Central Stags,WA Young,TC Bruce,LJ Woodcock,0,0,,,,,,"",""
ball,2,46.6,Central Stags,WA Young,TC Bruce,LJ Woodcock,0,0,,,,,,"",""
ball,2,47.1,Central Stags,TC Bruce,WA Young,JS Patel,4,0,,,,,,"",""
ball,2,47.2,Central Stags,TC Bruce,WA Young,JS Patel,0,0,,,,,,"",""
ball,2,47.3,Central Stags,TC Bruce,WA Young,JS Patel,0,0,,,,,,"",""
ball,2,47.4,Central Stags,TC Bruce,WA Young,JS Patel,4,0,,,,,,"",""
ball,2,47.5,Central Stags,TC Bruce,WA Young,JS Patel,0,0,,,,,,"",""
ball,2,47.6,Central Stags,TC Bruce,WA Young,JS Patel,1,0,,,,,,"",""
ball,2,48.1,Central Stags,TC Bruce,WA Young,LJ Woodcock,0,0,,,,,,"",""
ball,2,48.2,Central Stags,TC Bruce,WA Young,LJ Woodcock,3,0,,,,,,"",""
ball,2,48.3,Central Stags,WA Young,TC Bruce,LJ Woodcock,0,0,,,,,,"",""
ball,2,48.4,Central Stags,WA Young,TC Bruce,LJ Woodcock,0,0,,,,,,"",""
ball,2,48.5,Central Stags,WA Young,TC Bruce,LJ Woodcock,0,0,,,,,,"",""
ball,2,48.6,Central Stags,WA Young,TC Bruce,LJ Woodcock,0,0,,,,,,"",""
ball,2,49.1,Central Stags,TC Bruce,WA Young,JS Patel,0,0,,,,,,"",""
ball,2,49.2,Central Stags,TC Bruce,WA Young,JS Patel,1,0,,,,,,"",""
ball,2,49.3,Central Stags,WA Young,TC Bruce,JS Patel,0,0,,,,,,"",""
ball,2,49.4,Central Stags,WA Young,TC Bruce,JS Patel,0,0,,,,,,"",""
ball,2,49.5,Central Stags,WA Young,TC Bruce,JS Patel,0,0,,,,,,"",""
ball,2,49.6,Central Stags,WA Young,TC Bruce,JS Patel,0,0,,,,,,"",""
ball,2,50.1,Central Stags,TC Bruce,WA Young,HK Bennett,0,0,,,,,,"",""
ball,2,50.2,Central Stags,TC Bruce,WA Young,HK Bennett,0,0,,,,,,"",""
ball,2,50.3,Central Stags,TC Bruce,WA Young,HK Bennett,0,0,,,,,,"",""
ball,2,50.4,Central Stags,TC Bruce,WA Young,HK Bennett,0,0,,,,,,"",""
ball,2,50.5,Central Stags,TC Bruce,WA Young,HK Bennett,0,0,,,,,,"",""
ball,2,50.6,Central Stags,TC Bruce,WA Young,HK Bennett,0,0,,,,,,"",""
ball,2,51.1,Central Stags,WA Young,TC Bruce,JS Patel,0,0,,,,,,"",""
ball,2,51.2,Central Stags,WA Young,TC Bruce,JS Patel,0,0,,,,,,"",""
ball,2,51.3,Central Stags,WA Young,TC Bruce,JS Patel,0,0,,,,,,"",""
ball,2,51.4,Central Stags,WA Young,TC Bruce,JS Patel,1,0,,,,,,"",""
ball,2,51.5,Central Stags,TC Bruce,WA Young,JS Patel,0,0,,,,,,"",""
ball,2,51.6,Central Stags,TC Bruce,WA Young,JS Patel,0,0,,,,,,"",""
ball,2,52.1,Central Stags,WA Young,TC Bruce,HK Bennett,0,0,,,,,,"",""
ball,2,52.2,Central Stags,WA Young,TC Bruce,HK Bennett,1,0,,,,,,"",""
ball,2,52.3,Central Stags,TC Bruce,WA Young,HK Bennett,0,0,,,,,,"",""
ball,2,52.4,Central Stags,TC Bruce,WA Young,HK Bennett,0,0,,,,,,"",""
ball,2,52.5,Central Stags,TC Bruce,WA Young,HK Bennett,0,0,,,,,,"",""
ball,2,52.6,Central Stags,TC Bruce,WA Young,HK Bennett,0,0,,,,,,"",""
ball,2,53.1,Central Stags,WA Young,TC Bruce,JS Patel,0,0,,,,,,"",""
ball,2,53.2,Central Stags,WA Young,TC Bruce,JS Patel,0,0,,,,,,"",""
ball,2,53.3,Central Stags,WA Young,TC Bruce,JS Patel,1,0,,,,,,"",""
ball,2,53.4,Central Stags,TC Bruce,WA Young,JS Patel,1,0,,,,,,"",""
ball,2,53.5,Central Stags,WA Young,TC Bruce,JS Patel,4,0,,,,,,"",""
ball,2,53.6,Central Stags,WA Young,TC Bruce,JS Patel,0,0,,,,,,"",""
ball,2,54.1,Central Stags,TC Bruce,WA Young,HK Bennett,0,0,,,,,,"",""
ball,2,54.2,Central Stags,TC Bruce,WA Young,HK Bennett,0,0,,,,,,"",""
ball,2,54.3,Central Stags,TC Bruce,WA Young,HK Bennett,0,0,,,,,,"",""
ball,2,54.4,Central Stags,TC Bruce,WA Young,HK Bennett,0,0,,,,,,"",""
ball,2,54.5,Central Stags,TC Bruce,WA Young,HK Bennett,4,0,,,,,,"",""
ball,2,54.6,Central Stags,TC Bruce,WA Young,HK Bennett,0,0,,,,,,"",""
ball,2,55.1,Central Stags,WA Young,TC Bruce,OR Newton,0,0,,,,,,"",""
ball,2,55.2,Central Stags,WA Young,TC Bruce,OR Newton,0,0,,,,,,"",""
ball,2,55.3,Central Stags,WA Young,TC Bruce,OR Newton,0,0,,,,,,"",""
ball,2,55.4,Central Stags,WA Young,TC Bruce,OR Newton,0,0,,,,,,"",""
ball,2,55.5,Central Stags,WA Young,TC Bruce,OR Newton,0,0,,,,,,"",""
ball,2,55.6,Central Stags,WA Young,TC Bruce,OR Newton,0,0,,,,,,"",""
ball,2,56.1,Central Stags,TC Bruce,WA Young,HK Bennett,0,0,,,,,,"",""
ball,2,56.2,Central Stags,TC Bruce,WA Young,HK Bennett,0,0,,,,,,"",""
ball,2,56.3,Central Stags,TC Bruce,WA Young,HK Bennett,4,0,,,,,,"",""
ball,2,56.4,Central Stags,TC Bruce,WA Young,HK Bennett,0,0,,,,,,"",""
ball,2,56.5,Central Stags,TC Bruce,WA Young,HK Bennett,0,0,,,,,,"",""
ball,2,56.6,Central Stags,TC Bruce,WA Young,HK Bennett,0,0,,,,,,"",""
ball,2,57.1,Central Stags,WA Young,TC Bruce,OR Newton,0,0,,,,,,"",""
ball,2,57.2,Central Stags,WA Young,TC Bruce,OR Newton,4,0,,,,,,"",""
ball,2,57.3,Central Stags,WA Young,TC Bruce,OR Newton,0,0,,,,,,"",""
ball,2,57.4,Central Stags,WA Young,TC Bruce,OR Newton,4,0,,,,,,"",""
ball,2,57.5,Central Stags,WA Young,TC Bruce,OR Newton,0,0,,,,,,"",""
ball,2,57.6,Central Stags,WA Young,TC Bruce,OR Newton,0,0,,,,,,"",""
ball,2,58.1,Central Stags,TC Bruce,WA Young,HK Bennett,0,0,,,,,,"",""
ball,2,58.2,Central Stags,TC Bruce,WA Young,HK Bennett,0,0,,,,,,"",""
ball,2,58.3,Central Stags,TC Bruce,WA Young,HK Bennett,0,0,,,,,,"",""
ball,2,58.4,Central Stags,TC Bruce,WA Young,HK Bennett,0,0,,,,,,"",""
ball,2,58.5,Central Stags,TC Bruce,WA Young,HK Bennett,0,4,,,4,,,"",""
ball,2,58.6,Central Stags,TC Bruce,WA Young,HK Bennett,0,0,,,,,,"",""
ball,2,59.1,Central Stags,WA Young,TC Bruce,OR Newton,0,0,,,,,,"",""
ball,2,59.2,Central Stags,WA Young,TC Bruce,OR Newton,0,0,,,,,,"",""
ball,2,59.3,Central Stags,WA Young,TC Bruce,OR Newton,0,0,,,,,,"",""
ball,2,59.4,Central Stags,WA Young,TC Bruce,OR Newton,0,0,,,,,,"",""
ball,2,59.5,Central Stags,WA Young,TC Bruce,OR Newton,1,0,,,,,,"",""
ball,2,59.6,Central Stags,TC Bruce,WA Young,OR Newton,0,0,,,,,,"",""
ball,2,60.1,Central Stags,WA Young,TC Bruce,HK Bennett,0,0,,,,,,"",""
ball,2,60.2,Central Stags,WA Young,TC Bruce,HK Bennett,0,1,,,,1,,"",""
ball,2,60.3,Central Stags,TC Bruce,WA Young,HK Bennett,0,0,,,,,,"",""
ball,2,60.4,Central Stags,TC Bruce,WA Young,HK Bennett,0,0,,,,,,"",""
ball,2,60.5,Central Stags,TC Bruce,WA Young,HK Bennett,1,0,,,,,,"",""
ball,2,60.6,Central Stags,WA Young,TC Bruce,HK Bennett,0,0,,,,,,"",""
ball,2,61.1,Central Stags,TC Bruce,WA Young,OR Newton,0,0,,,,,,"",""
ball,2,61.2,Central Stags,TC Bruce,WA Young,OR Newton,1,0,,,,,,"",""
ball,2,61.3,Central Stags,WA Young,TC Bruce,OR Newton,0,0,,,,,,"",""
ball,2,61.4,Central Stags,WA Young,TC Bruce,OR Newton,0,0,,,,,,"",""
ball,2,61.5,Central Stags,WA Young,TC Bruce,OR Newton,0,0,,,,,,"",""
ball,2,61.6,Central Stags,WA Young,TC Bruce,OR Newton,0,0,,,,,,"",""
ball,2,62.1,Central Stags,TC Bruce,WA Young,HK Bennett,0,0,,,,,,"",""
ball,2,62.2,Central Stags,TC Bruce,WA Young,HK Bennett,2,0,,,,,,"",""
ball,2,62.3,Central Stags,TC Bruce,WA Young,HK Bennett,1,0,,,,,,"",""
ball,2,62.4,Central Stags,WA Young,TC Bruce,HK Bennett,0,0,,,,,,"",""
ball,2,62.5,Central Stags,WA Young,TC Bruce,HK Bennett,0,0,,,,,,"",""
ball,2,62.6,Central Stags,WA Young,TC Bruce,HK Bennett,1,0,,,,,,"",""
ball,2,63.1,Central Stags,WA Young,TC Bruce,LJ Woodcock,0,0,,,,,,"",""
ball,2,63.2,Central Stags,WA Young,TC Bruce,LJ Woodcock,1,0,,,,,,"",""
ball,2,63.3,Central Stags,TC Bruce,WA Young,LJ Woodcock,0,0,,,,,,"",""
ball,2,63.4,Central Stags,TC Bruce,WA Young,LJ Woodcock,1,0,,,,,,"",""
ball,2,63.5,Central Stags,WA Young,TC Bruce,LJ Woodcock,0,0,,,,,,"",""
ball,2,63.6,Central Stags,WA Young,TC Bruce,LJ Woodcock,0,0,,,,,,"",""
ball,2,64.1,Central Stags,TC Bruce,WA Young,JS Patel,2,0,,,,,,"",""
ball,2,64.2,Central Stags,TC Bruce,WA Young,JS Patel,0,0,,,,,,"",""
ball,2,64.3,Central Stags,TC Bruce,WA Young,JS Patel,0,0,,,,,,"",""
ball,2,64.4,Central Stags,TC Bruce,WA Young,JS Patel,0,0,,,,,,"",""
ball,2,64.5,Central Stags,TC Bruce,WA Young,JS Patel,0,0,,,,,,"",""
ball,2,64.6,Central Stags,TC Bruce,WA Young,JS Patel,0,0,,,,,,"",""
ball,2,65.1,Central Stags,WA Young,TC Bruce,LJ Woodcock,0,0,,,,,,"",""
ball,2,65.2,Central Stags,WA Young,TC Bruce,LJ Woodcock,0,0,,,,,,"",""
ball,2,65.3,Central Stags,WA Young,TC Bruce,LJ Woodcock,0,0,,,,,,"",""
ball,2,65.4,Central Stags,WA Young,TC Bruce,LJ Woodcock,2,0,,,,,,"",""
ball,2,65.5,Central Stags,WA Young,TC Bruce,LJ Woodcock,4,0,,,,,,"",""
ball,2,65.6,Central Stags,WA Young,TC Bruce,LJ Woodcock,0,0,,,,,,"",""
ball,2,66.1,Central Stags,TC Bruce,WA Young,JS Patel,1,0,,,,,,"",""
ball,2,66.2,Central Stags,WA Young,TC Bruce,JS Patel,0,0,,,,,,"",""
ball,2,66.3,Central Stags,WA Young,TC Bruce,JS Patel,0,0,,,,,,"",""
ball,2,66.4,Central Stags,WA Young,TC Bruce,JS Patel,0,0,,,,,,"",""
ball,2,66.5,Central Stags,WA Young,TC Bruce,JS Patel,1,0,,,,,,"",""
ball,2,66.6,Central Stags,TC Bruce,WA Young,JS Patel,0,0,,,,,,"",""
ball,2,67.1,Central Stags,WA Young,TC Bruce,IG McPeake,0,0,,,,,,"",""
ball,2,67.2,Central Stags,WA Young,TC Bruce,IG McPeake,0,0,,,,,,"",""
ball,2,67.3,Central Stags,WA Young,TC Bruce,IG McPeake,0,0,,,,,,"",""
ball,2,67.4,Central Stags,WA Young,TC Bruce,IG McPeake,0,0,,,,,,"",""
ball,2,67.5,Central Stags,WA Young,TC Bruce,IG McPeake,0,0,,,,,,"",""
ball,2,67.6,Central Stags,WA Young,TC Bruce,IG McPeake,0,0,,,,,,"",""
ball,2,68.1,Central Stags,TC Bruce,WA Young,JS Patel,1,0,,,,,,"",""
ball,2,68.2,Central Stags,WA Young,TC Bruce,JS Patel,0,0,,,,,,"",""
ball,2,68.3,Central Stags,WA Young,TC Bruce,JS Patel,6,0,,,,,,"",""
ball,2,68.4,Central Stags,WA Young,TC Bruce,JS Patel,0,0,,,,,,"",""
ball,2,68.5,Central Stags,WA Young,TC Bruce,JS Patel,0,0,,,,,,"",""
ball,2,68.6,Central Stags,WA Young,TC Bruce,JS Patel,0,0,,,,,,"",""
ball,2,69.1,Central Stags,TC Bruce,WA Young,IG McPeake,4,0,,,,,,"",""
ball,2,69.2,Central Stags,TC Bruce,WA Young,IG McPeake,0,0,,,,,,"",""
ball,2,69.3,Central Stags,TC Bruce,WA Young,IG McPeake,0,0,,,,,,"",""
ball,2,69.4,Central Stags,TC Bruce,WA Young,IG McPeake,0,0,,,,,,"",""
ball,2,69.5,Central Stags,TC Bruce,WA Young,IG McPeake,0,0,,,,,,"",""
ball,2,69.6,Central Stags,TC Bruce,WA Young,IG McPeake,0,0,,,,,,"",""
ball,2,70.1,Central Stags,WA Young,TC Bruce,JS Patel,0,0,,,,,,"",""
ball,2,70.2,Central Stags,WA Young,TC Bruce,JS Patel,0,0,,,,,,caught,WA Young
ball,2,70.3,Central Stags,D Cleaver,TC Bruce,JS Patel,0,0,,,,,,"",""
ball,2,70.4,Central Stags,D Cleaver,TC Bruce,JS Patel,0,0,,,,,,"",""
ball,2,70.5,Central Stags,D Cleaver,TC Bruce,JS Patel,0,0,,,,,,"",""
ball,2,70.6,Central Stags,D Cleaver,TC Bruce,JS Patel,0,0,,,,,,"",""
ball,2,71.1,Central Stags,TC Bruce,D Cleaver,IG McPeake,4,0,,,,,,"",""
ball,2,71.2,Central Stags,TC Bruce,D Cleaver,IG McPeake,1,0,,,,,,"",""
ball,2,71.3,Central Stags,D Cleaver,TC Bruce,IG McPeake,0,0,,,,,,"",""
ball,2,71.4,Central Stags,D Cleaver,TC Bruce,IG McPeake,0,0,,,,,,"",""
ball,2,71.5,Central Stags,D Cleaver,TC Bruce,IG McPeake,0,0,,,,,,"",""
ball,2,71.6,Central Stags,D Cleaver,TC Bruce,IG McPeake,0,0,,,,,,"",""
ball,2,72.1,Central Stags,TC Bruce,D Cleaver,JS Patel,4,0,,,,,,"",""
ball,2,72.2,Central Stags,TC Bruce,D Cleaver,JS Patel,0,0,,,,,,"",""
ball,2,72.3,Central Stags,TC Bruce,D Cleaver,JS Patel,1,0,,,,,,"",""
ball,2,72.4,Central Stags,D Cleaver,TC Bruce,JS Patel,0,0,,,,,,"",""
ball,2,72.5,Central Stags,D Cleaver,TC Bruce,JS Patel,0,0,,,,,,"",""
ball,2,72.6,Central Stags,D Cleaver,TC Bruce,JS Patel,0,0,,,,,,"",""
ball,2,73.1,Central Stags,TC Bruce,D Cleaver,IG McPeake,0,0,,,,,,"",""
ball,2,73.2,Central Stags,TC Bruce,D Cleaver,IG McPeake,0,0,,,,,,"",""
ball,2,73.3,Central Stags,TC Bruce,D Cleaver,IG McPeake,4,0,,,,,,"",""
ball,2,73.4,Central Stags,TC Bruce,D Cleaver,IG McPeake,0,0,,,,,,"",""
ball,2,73.5,Central Stags,TC Bruce,D Cleaver,IG McPeake,0,0,,,,,,"",""
ball,2,73.6,Central Stags,TC Bruce,D Cleaver,IG McPeake,0,0,,,,,,"",""
ball,2,74.1,Central Stags,D Cleaver,TC Bruce,JS Patel,0,0,,,,,,"",""
ball,2,74.2,Central Stags,D Cleaver,TC Bruce,JS Patel,0,0,,,,,,"",""
ball,2,74.3,Central Stags,D Cleaver,TC Bruce,JS Patel,0,0,,,,,,"",""
ball,2,74.4,Central Stags,D Cleaver,TC Bruce,JS Patel,0,0,,,,,,"",""
ball,2,74.5,Central Stags,D Cleaver,TC Bruce,JS Patel,0,0,,,,,,"",""
ball,2,74.6,Central Stags,D Cleaver,TC Bruce,JS Patel,0,0,,,,,,"",""
ball,2,75.1,Central Stags,TC Bruce,D Cleaver,LJ Woodcock,1,0,,,,,,"",""
ball,2,75.2,Central Stags,D Cleaver,TC Bruce,LJ Woodcock,0,0,,,,,,"",""
ball,2,75.3,Central Stags,D Cleaver,TC Bruce,LJ Woodcock,0,0,,,,,,"",""
ball,2,75.4,Central Stags,D Cleaver,TC Bruce,LJ Woodcock,4,0,,,,,,"",""
ball,2,75.5,Central Stags,D Cleaver,TC Bruce,LJ Woodcock,0,0,,,,,,"",""
ball,2,75.6,Central Stags,D Cleaver,TC Bruce,LJ Woodcock,0,0,,,,,,"",""
ball,2,76.1,Central Stags,TC Bruce,D Cleaver,JS Patel,0,0,,,,,,"",""
ball,2,76.2,Central Stags,TC Bruce,D Cleaver,JS Patel,0,0,,,,,,"",""
ball,2,76.3,Central Stags,TC Bruce,D Cleaver,JS Patel,0,0,,,,,,"",""
ball,2,76.4,Central Stags,TC Bruce,D Cleaver,JS Patel,2,0,,,,,,"",""
ball,2,76.5,Central Stags,TC Bruce,D Cleaver,JS Patel,0,0,,,,,,"",""
ball,2,76.6,Central Stags,TC Bruce,D Cleaver,JS Patel,0,0,,,,,,"",""
ball,2,77.1,Central Stags,D Cleaver,TC Bruce,LJ Woodcock,0,0,,,,,,"",""
ball,2,77.2,Central Stags,D Cleaver,TC Bruce,LJ Woodcock,4,0,,,,,,"",""
ball,2,77.3,Central Stags,D Cleaver,TC Bruce,LJ Woodcock,0,0,,,,,,"",""
ball,2,77.4,Central Stags,D Cleaver,TC Bruce,LJ Woodcock,0,0,,,,,,"",""
ball,2,77.5,Central Stags,D Cleaver,TC Bruce,LJ Woodcock,0,0,,,,,,"",""
ball,2,77.6,Central Stags,D Cleaver,TC Bruce,LJ Woodcock,0,0,,,,,,"",""
ball,2,78.1,Central Stags,TC Bruce,D Cleaver,JS Patel,0,0,,,,,,"",""
ball,2,78.2,Central Stags,TC Bruce,D Cleaver,JS Patel,0,0,,,,,,"",""
ball,2,78.3,Central Stags,TC Bruce,D Cleaver,JS Patel,0,0,,,,,,"",""
ball,2,78.4,Central Stags,TC Bruce,D Cleaver,JS Patel,0,0,,,,,,"",""
ball,2,78.5,Central Stags,TC Bruce,D Cleaver,JS Patel,0,0,,,,,,"",""
ball,2,78.6,Central Stags,TC Bruce,D Cleaver,JS Patel,0,0,,,,,,"",""
ball,2,79.1,Central Stags,D Cleaver,TC Bruce,LJ Woodcock,0,0,,,,,,"",""
ball,2,79.2,Central Stags,D Cleaver,TC Bruce,LJ Woodcock,0,0,,,,,,"",""
ball,2,79.3,Central Stags,D Cleaver,TC Bruce,LJ Woodcock,0,0,,,,,,"",""
ball,2,79.4,Central Stags,D Cleaver,TC Bruce,LJ Woodcock,0,0,,,,,,"",""
ball,2,79.5,Central Stags,D Cleaver,TC Bruce,LJ Woodcock,0,0,,,,,,"",""
ball,2,79.6,Central Stags,D Cleaver,TC Bruce,LJ Woodcock,0,0,,,,,,"",""
ball,2,80.1,Central Stags,TC Bruce,D Cleaver,JS Patel,0,0,,,,,,"",""
ball,2,80.2,Central Stags,TC Bruce,D Cleaver,JS Patel,1,0,,,,,,"",""
ball,2,80.3,Central Stags,D Cleaver,TC Bruce,JS Patel,0,0,,,,,,"",""
ball,2,80.4,Central Stags,D Cleaver,TC Bruce,JS Patel,0,0,,,,,,"",""
ball,2,80.5,Central Stags,D Cleaver,TC Bruce,JS Patel,0,0,,,,,,"",""
ball,2,80.6,Central Stags,D Cleaver,TC Bruce,JS Patel,0,0,,,,,,"",""
ball,2,81.1,Central Stags,TC Bruce,D Cleaver,HK Bennett,1,0,,,,,,"",""
ball,2,81.2,Central Stags,D Cleaver,TC Bruce,HK Bennett,0,0,,,,,,"",""
ball,2,81.3,Central Stags,D Cleaver,TC Bruce,HK Bennett,0,0,,,,,,"",""
ball,2,81.4,Central Stags,D Cleaver,TC Bruce,HK Bennett,0,0,,,,,,"",""
ball,2,81.5,Central Stags,D Cleaver,TC Bruce,HK Bennett,0,0,,,,,,"",""
ball,2,81.6,Central Stags,D Cleaver,TC Bruce,HK Bennett,0,0,,,,,,"",""
ball,2,82.1,Central Stags,TC Bruce,D Cleaver,OR Newton,0,1,,,,1,,"",""
ball,2,82.2,Central Stags,D Cleaver,TC Bruce,OR Newton,0,0,,,,,,"",""
ball,2,82.3,Central Stags,D Cleaver,TC Bruce,OR Newton,4,0,,,,,,"",""
ball,2,82.4,Central Stags,D Cleaver,TC Bruce,OR Newton,4,0,,,,,,"",""
ball,2,82.5,Central Stags,D Cleaver,TC Bruce,OR Newton,0,0,,,,,,"",""
ball,2,82.6,Central Stags,D Cleaver,TC Bruce,OR Newton,0,0,,,,,,"",""
ball,2,83.1,Central Stags,TC Bruce,D Cleaver,HK Bennett,1,0,,,,,,"",""
ball,2,83.2,Central Stags,D Cleaver,TC Bruce,HK Bennett,0,0,,,,,,"",""
ball,2,83.3,Central Stags,D Cleaver,TC Bruce,HK Bennett,4,0,,,,,,"",""
ball,2,83.4,Central Stags,D Cleaver,TC Bruce,HK Bennett,0,0,,,,,,"",""
ball,2,83.5,Central Stags,D Cleaver,TC Bruce,HK Bennett,0,0,,,,,,"",""
ball,2,83.6,Central Stags,D Cleaver,TC Bruce,HK Bennett,4,0,,,,,,"",""
ball,2,84.1,Central Stags,TC Bruce,D Cleaver,OR Newton,0,0,,,,,,"",""
ball,2,84.2,Central Stags,TC Bruce,D Cleaver,OR Newton,0,0,,,,,,"",""
ball,2,84.3,Central Stags,TC Bruce,D Cleaver,OR Newton,2,0,,,,,,"",""
ball,2,84.4,Central Stags,TC Bruce,D Cleaver,OR Newton,2,0,,,,,,"",""
ball,2,84.5,Central Stags,TC Bruce,D Cleaver,OR Newton,4,0,,,,,,"",""
ball,2,84.6,Central Stags,TC Bruce,D Cleaver,OR Newton,0,0,,,,,,lbw,TC Bruce
ball,2,85.1,Central Stags,D Cleaver,WC Ludick,IG McPeake,4,0,,,,,,"",""
ball,2,85.2,Central Stags,D Cleaver,WC Ludick,IG McPeake,0,0,,,,,,"",""
ball,2,85.3,Central Stags,D Cleaver,WC Ludick,IG McPeake,0,0,,,,,,"",""
ball,2,85.4,Central Stags,D Cleaver,WC Ludick,IG McPeake,0,0,,,,,,"",""
ball,2,85.5,Central Stags,D Cleaver,WC Ludick,IG McPeake,0,0,,,,,,"",""
ball,2,85.6,Central Stags,D Cleaver,WC Ludick,IG McPeake,1,0,,,,,,"",""
ball,2,86.1,Central Stags,D Cleaver,WC Ludick,OR Newton,0,0,,,,,,"",""
ball,2,86.2,Central Stags,D Cleaver,WC Ludick,OR Newton,0,0,,,,,,"",""
ball,2,86.3,Central Stags,D Cleaver,WC Ludick,OR Newton,0,0,,,,,,"",""
ball,2,86.4,Central Stags,D Cleaver,WC Ludick,OR Newton,0,0,,,,,,"",""
ball,2,86.5,Central Stags,D Cleaver,WC Ludick,OR Newton,2,0,,,,,,"",""
ball,2,86.6,Central Stags,D Cleaver,WC Ludick,OR Newton,0,0,,,,,,"",""
ball,2,87.1,Central Stags,WC Ludick,D Cleaver,IG McPeake,0,0,,,,,,"",""
ball,2,87.2,Central Stags,WC Ludick,D Cleaver,IG McPeake,0,0,,,,,,"",""
ball,2,87.3,Central Stags,WC Ludick,D Cleaver,IG McPeake,0,0,,,,,,"",""
ball,2,87.4,Central Stags,WC Ludick,D Cleaver,IG McPeake,0,0,,,,,,"",""
ball,2,87.5,Central Stags,WC Ludick,D Cleaver,IG McPeake,0,0,,,,,,"",""
ball,2,87.6,Central Stags,WC Ludick,D Cleaver,IG McPeake,2,0,,,,,,"",""
ball,2,88.1,Central Stags,D Cleaver,WC Ludick,OR Newton,0,0,,,,,,"",""
ball,2,88.2,Central Stags,D Cleaver,WC Ludick,OR Newton,0,0,,,,,,"",""
ball,2,88.3,Central Stags,D Cleaver,WC Ludick,OR Newton,0,0,,,,,,"",""
ball,2,88.4,Central Stags,D Cleaver,WC Ludick,OR Newton,0,0,,,,,,"",""
ball,2,88.5,Central Stags,D Cleaver,WC Ludick,OR Newton,0,0,,,,,,"",""
ball,2,88.6,Central Stags,D Cleaver,WC Ludick,OR Newton,0,0,,,,,,"",""
ball,2,89.1,Central Stags,WC Ludick,D Cleaver,IG McPeake,0,0,,,,,,"",""
ball,2,89.2,Central Stags,WC Ludick,D Cleaver,IG McPeake,0,0,,,,,,"",""
ball,2,89.3,Central Stags,WC Ludick,D Cleaver,IG McPeake,0,0,,,,,,"",""
ball,2,89.4,Central Stags,WC Ludick,D Cleaver,IG McPeake,4,0,,,,,,"",""
ball,2,89.5,Central Stags,WC Ludick,D Cleaver,IG McPeake,4,0,,,,,,"",""
ball,2,89.6,Central Stags,WC Ludick,D Cleaver,IG McPeake,0,0,,,,,,"",""
ball,2,90.1,Central Stags,D Cleaver,WC Ludick,OR Newton,0,0,,,,,,"",""
ball,2,90.2,Central Stags,D Cleaver,WC Ludick,OR Newton,4,0,,,,,,"",""
ball,2,90.3,Central Stags,D Cleaver,WC Ludick,OR Newton,0,0,,,,,,"",""
ball,2,90.4,Central Stags,D Cleaver,WC Ludick,OR Newton,0,1,,,,1,,"",""
ball,2,90.5,Central Stags,WC Ludick,D Cleaver,OR Newton,0,0,,,,,,"",""
ball,2,90.6,Central Stags,WC Ludick,D Cleaver,OR Newton,0,0,,,,,,"",""
ball,2,91.1,Central Stags,D Cleaver,WC Ludick,IG McPeake,0,0,,,,,,"",""
ball,2,91.2,Central Stags,D Cleaver,WC Ludick,IG McPeake,1,0,,,,,,"",""
ball,2,91.3,Central Stags,WC Ludick,D Cleaver,IG McPeake,0,0,,,,,,"",""
ball,2,91.4,Central Stags,WC Ludick,D Cleaver,IG McPeake,0,0,,,,,,"",""
ball,2,91.5,Central Stags,WC Ludick,D Cleaver,IG McPeake,2,0,,,,,,"",""
ball,2,91.6,Central Stags,WC Ludick,D Cleaver,IG McPeake,0,0,,,,,,"",""
ball,2,92.1,Central Stags,D Cleaver,WC Ludick,OR Newton,1,0,,,,,,"",""
ball,2,92.2,Central Stags,WC Ludick,D Cleaver,OR Newton,0,0,,,,,,"",""
ball,2,92.3,Central Stags,WC Ludick,D Cleaver,OR Newton,0,0,,,,,,"",""
ball,2,92.4,Central Stags,WC Ludick,D Cleaver,OR Newton,0,0,,,,,,"",""
ball,2,92.5,Central Stags,WC Ludick,D Cleaver,OR Newton,0,0,,,,,,"",""
ball,2,92.6,Central Stags,WC Ludick,D Cleaver,OR Newton,1,0,,,,,,"",""
ball,2,93.1,Central Stags,WC Ludick,D Cleaver,IG McPeake,0,0,,,,,,"",""
ball,2,93.2,Central Stags,WC Ludick,D Cleaver,IG McPeake,0,0,,,,,,"",""
ball,2,93.3,Central Stags,WC Ludick,D Cleaver,IG McPeake,0,0,,,,,,"",""
ball,2,93.4,Central Stags,WC Ludick,D Cleaver,IG McPeake,2,0,,,,,,"",""
ball,2,93.5,Central Stags,WC Ludick,D Cleaver,IG McPeake,0,0,,,,,,"",""
ball,2,93.6,Central Stags,WC Ludick,D Cleaver,IG McPeake,0,0,,,,,,"",""
ball,2,94.1,Central Stags,D Cleaver,WC Ludick,JS Patel,0,0,,,,,,"",""
ball,2,94.2,Central Stags,D Cleaver,WC Ludick,JS Patel,0,0,,,,,,"",""
ball,2,94.3,Central Stags,D Cleaver,WC Ludick,JS Patel,4,0,,,,,,"",""
ball,2,94.4,Central Stags,D Cleaver,WC Ludick,JS Patel,0,0,,,,,,"",""
ball,2,94.5,Central Stags,D Cleaver,WC Ludick,JS Patel,0,0,,,,,,"",""
ball,2,94.6,Central Stags,D Cleaver,WC Ludick,JS Patel,0,0,,,,,,"",""
ball,2,95.1,Central Stags,WC Ludick,D Cleaver,IG McPeake,6,0,,,,,,"",""
ball,2,95.2,Central Stags,WC Ludick,D Cleaver,IG McPeake,0,0,,,,,,"",""
ball,2,95.3,Central Stags,WC Ludick,D Cleaver,IG McPeake,0,0,,,,,,"",""
ball,2,95.4,Central Stags,WC Ludick,D Cleaver,IG McPeake,0,0,,,,,,"",""
ball,2,95.5,Central Stags,WC Ludick,D Cleaver,IG McPeake,0,0,,,,,,"",""
ball,2,95.6,Central Stags,WC Ludick,D Cleaver,IG McPeake,0,0,,,,,,"",""
ball,2,96.1,Central Stags,D Cleaver,WC Ludick,JS Patel,0,0,,,,,,"",""
ball,2,96.2,Central Stags,D Cleaver,WC Ludick,JS Patel,0,1,,1,,,,"",""
ball,2,96.3,Central Stags,D Cleaver,WC Ludick,JS Patel,0,0,,,,,,"",""
ball,2,96.4,Central Stags,D Cleaver,WC Ludick,JS Patel,0,0,,,,,,"",""
ball,2,96.5,Central Stags,D Cleaver,WC Ludick,JS Patel,0,0,,,,,,"",""
ball,2,96.6,Central Stags,D Cleaver,WC Ludick,JS Patel,0,0,,,,,,"",""
ball,2,96.7,Central Stags,D Cleaver,WC Ludick,JS Patel,0,0,,,,,,"",""
ball,2,97.1,Central Stags,WC Ludick,D Cleaver,OR Newton,0,0,,,,,,"",""
ball,2,97.2,Central Stags,WC Ludick,D Cleaver,OR Newton,0,0,,,,,,"",""
ball,2,97.3,Central Stags,WC Ludick,D Cleaver,OR Newton,0,0,,,,,,"",""
ball,2,97.4,Central Stags,WC Ludick,D Cleaver,OR Newton,0,0,,,,,,"",""
ball,2,97.5,Central Stags,WC Ludick,D Cleaver,OR Newton,0,0,,,,,,"",""
ball,2,97.6,Central Stags,WC Ludick,D Cleaver,OR Newton,1,0,,,,,,"",""
ball,2,98.1,Central Stags,WC Ludick,D Cleaver,JS Patel,0,0,,,,,,"",""
ball,2,98.2,Central Stags,WC Ludick,D Cleaver,JS Patel,0,0,,,,,,"",""
ball,2,98.3,Central Stags,WC Ludick,D Cleaver,JS Patel,0,0,,,,,,"",""
ball,2,98.4,Central Stags,WC Ludick,D Cleaver,JS Patel,0,0,,,,,,"",""
ball,2,98.5,Central Stags,WC Ludick,D Cleaver,JS Patel,0,0,,,,,,"",""
ball,2,98.6,Central Stags,WC Ludick,D Cleaver,JS Patel,0,0,,,,,,"",""
ball,2,99.1,Central Stags,D Cleaver,WC Ludick,OR Newton,0,0,,,,,,"",""
ball,2,99.2,Central Stags,D Cleaver,WC Ludick,OR Newton,2,0,,,,,,"",""
ball,2,99.3,Central Stags,D Cleaver,WC Ludick,OR Newton,0,0,,,,,,"",""
ball,2,99.4,Central Stags,D Cleaver,WC Ludick,OR Newton,0,0,,,,,,"",""
ball,2,99.5,Central Stags,D Cleaver,WC Ludick,OR Newton,4,0,,,,,,"",""
ball,2,99.6,Central Stags,D Cleaver,WC Ludick,OR Newton,0,0,,,,,,"",""
ball,2,100.1,Central Stags,WC Ludick,D Cleaver,JS Patel,0,0,,,,,,"",""
ball,2,100.2,Central Stags,WC Ludick,D Cleaver,JS Patel,0,0,,,,,,"",""
ball,2,100.3,Central Stags,WC Ludick,D Cleaver,JS Patel,0,0,,,,,,"",""
ball,2,100.4,Central Stags,WC Ludick,D Cleaver,JS Patel,0,0,,,,,,"",""
ball,2,100.5,Central Stags,WC Ludick,D Cleaver,JS Patel,0,0,,,,,,"",""
ball,2,100.6,Central Stags,WC Ludick,D Cleaver,JS Patel,0,0,,,,,,"",""
ball,2,101.1,Central Stags,D Cleaver,WC Ludick,OR Newton,4,0,,,,,,"",""
ball,2,101.2,Central Stags,D Cleaver,WC Ludick,OR Newton,1,0,,,,,,"",""
ball,2,101.3,Central Stags,WC Ludick,D Cleaver,OR Newton,1,0,,,,,,"",""
ball,2,101.4,Central Stags,D Cleaver,WC Ludick,OR Newton,0,0,,,,,,"",""
ball,2,101.5,Central Stags,D Cleaver,WC Ludick,OR Newton,0,0,,,,,,"",""
ball,2,101.6,Central Stags,D Cleaver,WC Ludick,OR Newton,0,0,,,,,,"",""
ball,2,102.1,Central Stags,WC Ludick,D Cleaver,JS Patel,0,0,,,,,,"",""
ball,2,102.2,Central Stags,WC Ludick,D Cleaver,JS Patel,0,0,,,,,,"",""
ball,2,102.3,Central Stags,WC Ludick,D Cleaver,JS Patel,6,0,,,,,,"",""
ball,2,102.4,Central Stags,WC Ludick,D Cleaver,JS Patel,0,0,,,,,,"",""
ball,2,102.5,Central Stags,WC Ludick,D Cleaver,JS Patel,0,0,,,,,,"",""
ball,2,102.6,Central Stags,WC Ludick,D Cleaver,JS Patel,0,0,,,,,,"",""
ball,2,103.1,Central Stags,D Cleaver,WC Ludick,OR Newton,1,0,,,,,,"",""
ball,2,103.2,Central Stags,WC Ludick,D Cleaver,OR Newton,1,0,,,,,,"",""
ball,2,103.3,Central Stags,D Cleaver,WC Ludick,OR Newton,0,1,1,,,,,"",""
ball,2,103.4,Central Stags,D Cleaver,WC Ludick,OR Newton,0,0,,,,,,"",""
ball,2,103.5,Central Stags,D Cleaver,WC Ludick,OR Newton,0,0,,,,,,"",""
ball,2,103.6,Central Stags,D Cleaver,WC Ludick,OR Newton,1,0,,,,,,"",""
ball,2,103.7,Central Stags,WC Ludick,D Cleaver,OR Newton,0,0,,,,,,"",""
ball,2,104.1,Central Stags,D Cleaver,WC Ludick,JS Patel,0,0,,,,,,"",""
ball,2,104.2,Central Stags,D Cleaver,WC Ludick,JS Patel,0,0,,,,,,"",""
ball,2,104.3,Central Stags,D Cleaver,WC Ludick,JS Patel,0,0,,,,,,"",""
ball,2,104.4,Central Stags,D Cleaver,WC Ludick,JS Patel,4,0,,,,,,"",""
ball,2,104.5,Central Stags,D Cleaver,WC Ludick,JS Patel,4,0,,,,,,"",""
ball,2,104.6,Central Stags,D Cleaver,WC Ludick,JS Patel,0,0,,,,,,"",""
ball,2,105.1,Central Stags,WC Ludick,D Cleaver,OR Newton,0,0,,,,,,"",""
ball,2,105.2,Central Stags,WC Ludick,D Cleaver,OR Newton,0,0,,,,,,caught,WC Ludick
ball,2,105.3,Central Stags,AF Milne,D Cleaver,OR Newton,0,0,,,,,,"",""
ball,2,105.4,Central Stags,AF Milne,D Cleaver,OR Newton,0,0,,,,,,"",""
ball,2,105.5,Central Stags,AF Milne,D Cleaver,OR Newton,1,0,,,,,,"",""
ball,2,105.6,Central Stags,D Cleaver,AF Milne,OR Newton,0,0,,,,,,"",""
ball,2,106.1,Central Stags,AF Milne,D Cleaver,JS Patel,0,0,,,,,,"",""
ball,2,106.2,Central Stags,AF Milne,D Cleaver,JS Patel,0,0,,,,,,"",""
ball,2,106.3,Central Stags,AF Milne,D Cleaver,JS Patel,0,0,,,,,,"",""
ball,2,106.4,Central Stags,AF Milne,D Cleaver,JS Patel,0,0,,,,,,"",""
ball,2,106.5,Central Stags,AF Milne,D Cleaver,JS Patel,0,0,,,,,,"",""
ball,2,106.6,Central Stags,AF Milne,D Cleaver,JS Patel,1,0,,,,,,"",""
ball,2,107.1,Central Stags,AF Milne,D Cleaver,OR Newton,0,0,,,,,,"",""
ball,2,107.2,Central Stags,AF Milne,D Cleaver,OR Newton,0,0,,,,,,"",""
ball,2,107.3,Central Stags,AF Milne,D Cleaver,OR Newton,0,0,,,,,,"",""
ball,2,107.4,Central Stags,AF Milne,D Cleaver,OR Newton,0,0,,,,,,caught,AF Milne
ball,2,107.5,Central Stags,BJ Small,D Cleaver,OR Newton,4,0,,,,,,"",""
ball,2,107.6,Central Stags,BJ Small,D Cleaver,OR Newton,0,0,,,,,,"",""
ball,2,108.1,Central Stags,D Cleaver,BJ Small,JS Patel,0,0,,,,,,"",""
ball,2,108.2,Central Stags,D Cleaver,BJ Small,JS Patel,1,0,,,,,,"",""
ball,2,108.3,Central Stags,BJ Small,D Cleaver,JS Patel,0,0,,,,,,"",""
ball,2,108.4,Central Stags,BJ Small,D Cleaver,JS Patel,0,0,,,,,,"",""
ball,2,108.5,Central Stags,BJ Small,D Cleaver,JS Patel,0,0,,,,,,"",""
ball,2,108.6,Central Stags,BJ Small,D Cleaver,JS Patel,0,0,,,,,,"",""
ball,2,109.1,Central Stags,D Cleaver,BJ Small,OR Newton,0,1,1,,,,,"",""
ball,2,109.2,Central Stags,D Cleaver,BJ Small,OR Newton,4,0,,,,,,"",""
ball,2,109.3,Central Stags,D Cleaver,BJ Small,OR Newton,0,0,,,,,,"",""
ball,2,109.4,Central Stags,D Cleaver,BJ Small,OR Newton,1,0,,,,,,"",""
ball,2,109.5,Central Stags,BJ Small,D Cleaver,OR Newton,0,0,,,,,,"",""
ball,2,109.6,Central Stags,BJ Small,D Cleaver,OR Newton,1,0,,,,,,"",""
ball,2,109.7,Central Stags,D Cleaver,BJ Small,OR Newton,0,0,,,,,,"",""
ball,2,110.1,Central Stags,BJ Small,D Cleaver,JS Patel,0,0,,,,,,"",""
ball,2,110.2,Central Stags,BJ Small,D Cleaver,JS Patel,0,0,,,,,,"",""
ball,2,110.3,Central Stags,BJ Small,D Cleaver,JS Patel,4,0,,,,,,"",""
ball,2,110.4,Central Stags,BJ Small,D Cleaver,JS Patel,0,0,,,,,,"",""
ball,2,110.5,Central Stags,BJ Small,D Cleaver,JS Patel,0,0,,,,,,"",""
ball,2,110.6,Central Stags,BJ Small,D Cleaver,JS Patel,0,0,,,,,,"",""
ball,2,111.1,Central Stags,D Cleaver,BJ Small,HK Bennett,0,0,,,,,,"",""
ball,2,111.2,Central Stags,D Cleaver,BJ Small,HK Bennett,0,0,,,,,,"",""
ball,2,111.3,Central Stags,D Cleaver,BJ Small,HK Bennett,0,0,,,,,,"",""
ball,2,111.4,Central Stags,D Cleaver,BJ Small,HK Bennett,4,0,,,,,,"",""
ball,2,111.5,Central Stags,D Cleaver,BJ Small,HK Bennett,0,0,,,,,,"",""
ball,2,111.6,Central Stags,D Cleaver,BJ Small,HK Bennett,0,0,,,,,,"",""
ball,2,112.1,Central Stags,BJ Small,D Cleaver,JS Patel,0,0,,,,,,bowled,BJ Small
ball,2,112.2,Central Stags,BM Tickner,D Cleaver,JS Patel,1,0,,,,,,"",""
ball,2,112.3,Central Stags,D Cleaver,BM Tickner,JS Patel,0,0,,,,,,"",""
ball,2,112.4,Central Stags,D Cleaver,BM Tickner,JS Patel,0,0,,,,,,"",""
ball,2,112.5,Central Stags,D Cleaver,BM Tickner,JS Patel,0,0,,,,,,"",""
ball,2,112.6,Central Stags,D Cleaver,BM Tickner,JS Patel,0,0,,,,,,caught,D Cleaver
ball,2,113.1,Central Stags,BM Tickner,FJM Murray,HK Bennett,0,0,,,,,,"",""
ball,2,113.2,Central Stags,BM Tickner,FJM Murray,HK Bennett,0,0,,,,,,"",""
ball,2,113.3,Central Stags,BM Tickner,FJM Murray,HK Bennett,1,0,,,,,,"",""
ball,2,113.4,Central Stags,FJM Murray,BM Tickner,HK Bennett,0,0,,,,,,"",""
ball,2,113.5,Central Stags,FJM Murray,BM Tickner,HK Bennett,0,0,,,,,,"",""
ball,2,113.6,Central Stags,FJM Murray,BM Tickner,HK Bennett,0,0,,,,,,"",""
ball,2,114.1,Central Stags,BM Tickner,FJM Murray,JS Patel,0,0,,,,,,"",""
ball,2,114.2,Central Stags,BM Tickner,FJM Murray,JS Patel,0,0,,,,,,"",""
ball,2,114.3,Central Stags,BM Tickner,FJM Murray,JS Patel,0,0,,,,,,"",""
ball,2,114.4,Central Stags,BM Tickner,FJM Murray,JS Patel,0,0,,,,,,"",""
ball,2,114.5,Central Stags,BM Tickner,FJM Murray,JS Patel,0,0,,,,,,"",""
ball,2,114.6,Central Stags,BM Tickner,FJM Murray,JS Patel,0,0,,,,,,"",""
ball,2,115.1,Central Stags,FJM Murray,BM Tickner,HK Bennett,0,0,,,,,,"",""
ball,2,115.2,Central Stags,FJM Murray,BM Tickner,HK Bennett,0,0,,,,,,"",""
ball,2,115.3,Central Stags,FJM Murray,BM Tickner,HK Bennett,0,0,,,,,,"",""
ball,2,115.4,Central Stags,FJM Murray,BM Tickner,HK Bennett,0,0,,,,,,"",""
ball,2,115.5,Central Stags,FJM Murray,BM Tickner,HK Bennett,0,0,,,,,,"",""
ball,2,115.6,Central Stags,FJM Murray,BM Tickner,HK Bennett,0,0,,,,,,"",""
ball,2,116.1,Central Stags,BM Tickner,FJM Murray,JS Patel,1,0,,,,,,"",""
ball,2,116.2,Central Stags,FJM Murray,BM Tickner,JS Patel,0,0,,,,,,"",""
ball,2,116.3,Central Stags,FJM Murray,BM Tickner,JS Patel,0,0,,,,,,"",""
ball,2,116.4,Central Stags,FJM Murray,BM Tickner,JS Patel,0,0,,,,,,"",""
ball,2,116.5,Central Stags,FJM Murray,BM Tickner,JS Patel,0,0,,,,,,"",""
ball,2,116.6,Central Stags,FJM Murray,BM Tickner,JS Patel,0,0,,,,,,"",""
ball,2,117.1,Central Stags,BM Tickner,FJM Murray,HK Bennett,0,0,,,,,,"",""
ball,2,117.2,Central Stags,BM Tickner,FJM Murray,HK Bennett,0,0,,,,,,"",""
ball,2,117.3,Central Stags,BM Tickner,FJM Murray,HK Bennett,0,0,,,,,,"",""
ball,2,117.4,Central Stags,BM Tickner,FJM Murray,HK Bennett,0,0,,,,,,"",""
ball,2,117.5,Central Stags,BM Tickner,FJM Murray,HK Bennett,0,0,,,,,,"",""
ball,2,117.6,Central Stags,BM Tickner,FJM Murray,HK Bennett,0,0,,,,,,"",""
ball,2,118.1,Central Stags,FJM Murray,BM Tickner,JS Patel,4,0,,,,,,"",""
ball,2,118.2,Central Stags,FJM Murray,BM Tickner,JS Patel,2,0,,,,,,"",""
ball,2,118.3,Central Stags,FJM Murray,BM Tickner,JS Patel,1,1,,1,,,,"",""
ball,2,118.4,Central Stags,BM Tickner,FJM Murray,JS Patel,1,0,,,,,,"",""
ball,2,118.5,Central Stags,FJM Murray,BM Tickner,JS Patel,0,0,,,,,,"",""
ball,2,118.6,Central Stags,FJM Murray,BM Tickner,JS Patel,0,0,,,,,,"",""
ball,2,118.7,Central Stags,FJM Murray,BM Tickner,JS Patel,0,0,,,,,,"",""
ball,2,119.1,Central Stags,BM Tickner,FJM Murray,HK Bennett,1,0,,,,,,"",""
ball,2,119.2,Central Stags,FJM Murray,BM Tickner,HK Bennett,1,0,,,,,,"",""
ball,2,119.3,Central Stags,BM Tickner,FJM Murray,HK Bennett,0,0,,,,,,"",""
ball,2,119.4,Central Stags,BM Tickner,FJM Murray,HK Bennett,0,0,,,,,,"",""
ball,2,119.5,Central Stags,BM Tickner,FJM Murray,HK Bennett,0,0,,,,,,"",""
ball,2,119.6,Central Stags,BM Tickner,FJM Murray,HK Bennett,0,0,,,,,,"",""
ball,2,120.1,Central Stags,FJM Murray,BM Tickner,JS Patel,4,0,,,,,,"",""
ball,2,120.2,Central Stags,FJM Murray,BM Tickner,JS Patel,0,0,,,,,,"",""
ball,2,120.3,Central Stags,FJM Murray,BM Tickner,JS Patel,2,0,,,,,,"",""
ball,2,120.4,Central Stags,FJM Murray,BM Tickner,JS Patel,0,0,,,,,,"",""
ball,2,120.5,Central Stags,FJM Murray,BM Tickner,JS Patel,0,0,,,,,,"",""
ball,2,120.6,Central Stags,FJM Murray,BM Tickner,JS Patel,0,0,,,,,,"",""
ball,2,121.1,Central Stags,BM Tickner,FJM Murray,HK Bennett,1,0,,,,,,"",""
ball,2,121.2,Central Stags,FJM Murray,BM Tickner,HK Bennett,4,0,,,,,,"",""
ball,2,121.3,Central Stags,FJM Murray,BM Tickner,HK Bennett,4,0,,,,,,"",""
ball,2,121.4,Central Stags,FJM Murray,BM Tickner,HK Bennett,0,0,,,,,,"",""
ball,2,121.5,Central Stags,FJM Murray,BM Tickner,HK Bennett,0,0,,,,,,"",""
ball,2,121.6,Central Stags,FJM Murray,BM Tickner,HK Bennett,0,0,,,,,,"",""
ball,2,122.1,Central Stags,BM Tickner,FJM Murray,JS Patel,0,0,,,,,,"",""
ball,2,122.2,Central Stags,BM Tickner,FJM Murray,JS Patel,0,0,,,,,,"",""
ball,2,122.3,Central Stags,BM Tickner,FJM Murray,JS Patel,0,0,,,,,,"",""
ball,2,122.4,Central Stags,BM Tickner,FJM Murray,JS Patel,1,0,,,,,,"",""
ball,2,122.5,Central Stags,FJM Murray,BM Tickner,JS Patel,0,0,,,,,,"",""
ball,2,122.6,Central Stags,FJM Murray,BM Tickner,JS Patel,4,0,,,,,,"",""
ball,2,123.1,Central Stags,BM Tickner,FJM Murray,IG McPeake,1,0,,,,,,"",""
ball,2,123.2,Central Stags,FJM Murray,BM Tickner,IG McPeake,0,0,,,,,,"",""
ball,2,123.3,Central Stags,FJM Murray,BM Tickner,IG McPeake,0,0,,,,,,"",""
ball,2,123.4,Central Stags,FJM Murray,BM Tickner,IG McPeake,1,0,,,,,,"",""
ball,2,123.5,Central Stags,BM Tickner,FJM Murray,IG McPeake,0,0,,,,,,"",""
ball,2,123.6,Central Stags,BM Tickner,FJM Murray,IG McPeake,1,0,,,,,,"",""
ball,2,124.1,Central Stags,BM Tickner,FJM Murray,JS Patel,0,0,,,,,,"",""
ball,2,124.2,Central Stags,BM Tickner,FJM Murray,JS Patel,0,1,,1,,,,"",""
ball,2,124.3,Central Stags,BM Tickner,FJM Murray,JS Patel,0,0,,,,,,caught,BM Tickner
ball,3,0.1,Wellington Firebirds,LJ Woodcock,MHW Papps,AF Milne,0,0,,,,,,"",""
ball,3,0.2,Wellington Firebirds,LJ Woodcock,MHW Papps,AF Milne,0,0,,,,,,"",""
ball,3,0.3,Wellington Firebirds,LJ Woodcock,MHW Papps,AF Milne,0,0,,,,,,"",""
ball,3,0.4,Wellington Firebirds,LJ Woodcock,MHW Papps,AF Milne,0,0,,,,,,"",""
ball,3,0.5,Wellington Firebirds,LJ Woodcock,MHW Papps,AF Milne,0,0,,,,,,"",""
ball,3,0.6,Wellington Firebirds,LJ Woodcock,MHW Papps,AF Milne,2,0,,,,,,"",""
ball,3,1.1,Wellington Firebirds,MHW Papps,LJ Woodcock,BJ Small,0,0,,,,,,"",""
ball,3,1.2,Wellington Firebirds,MHW Papps,LJ Woodcock,BJ Small,0,0,,,,,,"",""
ball,3,1.3,Wellington Firebirds,MHW Papps,LJ Woodcock,BJ Small,1,0,,,,,,"",""
ball,3,1.4,Wellington Firebirds,LJ Woodcock,MHW Papps,BJ Small,3,0,,,,,,"",""
ball,3,1.5,Wellington Firebirds,MHW Papps,LJ Woodcock,BJ Small,0,0,,,,,,"",""
ball,3,1.6,Wellington Firebirds,MHW Papps,LJ Woodcock,BJ Small,4,0,,,,,,"",""
ball,3,2.1,Wellington Firebirds,LJ Woodcock,MHW Papps,AF Milne,0,0,,,,,,"",""
ball,3,2.2,Wellington Firebirds,LJ Woodcock,MHW Papps,AF Milne,0,0,,,,,,"",""
ball,3,2.3,Wellington Firebirds,LJ Woodcock,MHW Papps,AF Milne,0,0,,,,,,"",""
ball,3,2.4,Wellington Firebirds,LJ Woodcock,MHW Papps,AF Milne,0,0,,,,,,"",""
ball,3,2.5,Wellington Firebirds,LJ Woodcock,MHW Papps,AF Milne,0,0,,,,,,"",""
ball,3,2.6,Wellington Firebirds,LJ Woodcock,MHW Papps,AF Milne,0,0,,,,,,"",""
ball,3,3.1,Wellington Firebirds,MHW Papps,LJ Woodcock,BJ Small,0,0,,,,,,"",""
ball,3,3.2,Wellington Firebirds,MHW Papps,LJ Woodcock,BJ Small,0,0,,,,,,"",""
ball,3,3.3,Wellington Firebirds,MHW Papps,LJ Woodcock,BJ Small,0,0,,,,,,"",""
ball,3,3.4,Wellington Firebirds,MHW Papps,LJ Woodcock,BJ Small,0,0,,,,,,"",""
ball,3,3.5,Wellington Firebirds,MHW Papps,LJ Woodcock,BJ Small,0,0,,,,,,"",""
ball,3,3.6,Wellington Firebirds,MHW Papps,LJ Woodcock,BJ Small,0,0,,,,,,"",""
ball,3,4.1,Wellington Firebirds,LJ Woodcock,MHW Papps,AF Milne,0,0,,,,,,"",""
ball,3,4.2,Wellington Firebirds,LJ Woodcock,MHW Papps,AF Milne,0,0,,,,,,"",""
ball,3,4.3,Wellington Firebirds,LJ Woodcock,MHW Papps,AF Milne,0,0,,,,,,"",""
ball,3,4.4,Wellington Firebirds,LJ Woodcock,MHW Papps,AF Milne,0,0,,,,,,retired hurt,LJ Woodcock
ball,3,4.5,Wellington Firebirds,SJ Murdoch,MHW Papps,AF Milne,0,0,,,,,,"",""
ball,3,4.6,Wellington Firebirds,SJ Murdoch,MHW Papps,AF Milne,2,0,,,,,,"",""
ball,3,5.1,Wellington Firebirds,MHW Papps,SJ Murdoch,BJ Small,0,0,,,,,,"",""
ball,3,5.2,Wellington Firebirds,MHW Papps,SJ Murdoch,BJ Small,0,0,,,,,,"",""
ball,3,5.3,Wellington Firebirds,MHW Papps,SJ Murdoch,BJ Small,0,0,,,,,,"",""
ball,3,5.4,Wellington Firebirds,MHW Papps,SJ Murdoch,BJ Small,0,0,,,,,,"",""
ball,3,5.5,Wellington Firebirds,MHW Papps,SJ Murdoch,BJ Small,4,0,,,,,,"",""
ball,3,5.6,Wellington Firebirds,MHW Papps,SJ Murdoch,BJ Small,4,0,,,,,,"",""
ball,3,6.1,Wellington Firebirds,SJ Murdoch,MHW Papps,AF Milne,2,0,,,,,,"",""
ball,3,6.2,Wellington Firebirds,SJ Murdoch,MHW Papps,AF Milne,0,0,,,,,,"",""
ball,3,6.3,Wellington Firebirds,SJ Murdoch,MHW Papps,AF Milne,0,0,,,,,,"",""
ball,3,6.4,Wellington Firebirds,SJ Murdoch,MHW Papps,AF Milne,4,0,,,,,,"",""
ball,3,6.5,Wellington Firebirds,SJ Murdoch,MHW Papps,AF Milne,1,0,,,,,,"",""
ball,3,6.6,Wellington Firebirds,MHW Papps,SJ Murdoch,AF Milne,2,0,,,,,,"",""
ball,3,7.1,Wellington Firebirds,SJ Murdoch,MHW Papps,BJ Small,0,0,,,,,,"",""
ball,3,7.2,Wellington Firebirds,SJ Murdoch,MHW Papps,BJ Small,0,0,,,,,,"",""
ball,3,7.3,Wellington Firebirds,SJ Murdoch,MHW Papps,BJ Small,1,0,,,,,,"",""
ball,3,7.4,Wellington Firebirds,MHW Papps,SJ Murdoch,BJ Small,0,0,,,,,,"",""
ball,3,7.5,Wellington Firebirds,MHW Papps,SJ Murdoch,BJ Small,0,0,,,,,,"",""
ball,3,7.6,Wellington Firebirds,MHW Papps,SJ Murdoch,BJ Small,0,0,,,,,,"",""
ball,3,8.1,Wellington Firebirds,SJ Murdoch,MHW Papps,AF Milne,0,0,,,,,,"",""
ball,3,8.2,Wellington Firebirds,SJ Murdoch,MHW Papps,AF Milne,0,1,1,,,,,"",""
ball,3,8.3,Wellington Firebirds,SJ Murdoch,MHW Papps,AF Milne,0,0,,,,,,"",""
ball,3,8.4,Wellington Firebirds,SJ Murdoch,MHW Papps,AF Milne,0,0,,,,,,"",""
ball,3,8.5,Wellington Firebirds,SJ Murdoch,MHW Papps,AF Milne,0,0,,,,,,"",""
ball,3,8.6,Wellington Firebirds,SJ Murdoch,MHW Papps,AF Milne,0,0,,,,,,caught,SJ Murdoch
ball,3,8.7,Wellington Firebirds,MG Bracewell,MHW Papps,AF Milne,0,0,,,,,,"",""
ball,3,9.1,Wellington Firebirds,MHW Papps,MG Bracewell,BJ Small,0,0,,,,,,"",""
ball,3,9.2,Wellington Firebirds,MHW Papps,MG Bracewell,BJ Small,0,0,,,,,,"",""
ball,3,9.3,Wellington Firebirds,MHW Papps,MG Bracewell,BJ Small,1,0,,,,,,"",""
ball,3,9.4,Wellington Firebirds,MG Bracewell,MHW Papps,BJ Small,0,0,,,,,,"",""
ball,3,9.5,Wellington Firebirds,MG Bracewell,MHW Papps,BJ Small,0,0,,,,,,"",""
ball,3,9.6,Wellington Firebirds,MG Bracewell,MHW Papps,BJ Small,1,0,,,,,,"",""
ball,3,10.1,Wellington Firebirds,MG Bracewell,MHW Papps,AF Milne,0,0,,,,,,"",""
ball,3,10.2,Wellington Firebirds,MG Bracewell,MHW Papps,AF Milne,4,0,,,,,,"",""
ball,3,10.3,Wellington Firebirds,MG Bracewell,MHW Papps,AF Milne,0,0,,,,,,"",""
ball,3,10.4,Wellington Firebirds,MG Bracewell,MHW Papps,AF Milne,0,0,,,,,,"",""
ball,3,10.5,Wellington Firebirds,MG Bracewell,MHW Papps,AF Milne,0,0,,,,,,"",""
ball,3,10.6,Wellington Firebirds,MG Bracewell,MHW Papps,AF Milne,0,0,,,,,,"",""
ball,3,11.1,Wellington Firebirds,MHW Papps,MG Bracewell,BJ Small,0,0,,,,,,"",""
ball,3,11.2,Wellington Firebirds,MHW Papps,MG Bracewell,BJ Small,0,0,,,,,,"",""
ball,3,11.3,Wellington Firebirds,MHW Papps,MG Bracewell,BJ Small,0,0,,,,,,"",""
ball,3,11.4,Wellington Firebirds,MHW Papps,MG Bracewell,BJ Small,4,0,,,,,,"",""
ball,3,11.5,Wellington Firebirds,MHW Papps,MG Bracewell,BJ Small,1,0,,,,,,"",""
ball,3,11.6,Wellington Firebirds,MG Bracewell,MHW Papps,BJ Small,0,0,,,,,,"",""
ball,3,12.1,Wellington Firebirds,MHW Papps,MG Bracewell,BM Tickner,0,0,,,,,,"",""
ball,3,12.2,Wellington Firebirds,MHW Papps,MG Bracewell,BM Tickner,0,1,,1,,,,"",""
ball,3,12.3,Wellington Firebirds,MHW Papps,MG Bracewell,BM Tickner,4,0,,,,,,"",""
ball,3,12.4,Wellington Firebirds,MHW Papps,MG Bracewell,BM Tickner,6,0,,,,,,"",""
ball,3,12.5,Wellington Firebirds,MHW Papps,MG Bracewell,BM Tickner,0,0,,,,,,"",""
ball,3,12.6,Wellington Firebirds,MHW Papps,MG Bracewell,BM Tickner,0,0,,,,,,"",""
ball,3,12.7,Wellington Firebirds,MHW Papps,MG Bracewell,BM Tickner,0,0,,,,,,"",""
ball,3,13.1,Wellington Firebirds,MG Bracewell,MHW Papps,WC Ludick,0,0,,,,,,"",""
ball,3,13.2,Wellington Firebirds,MG Bracewell,MHW Papps,WC Ludick,0,0,,,,,,"",""
ball,3,13.3,Wellington Firebirds,MG Bracewell,MHW Papps,WC Ludick,0,0,,,,,,lbw,MG Bracewell
ball,3,13.4,Wellington Firebirds,DP Conway,MHW Papps,WC Ludick,0,0,,,,,,"",""
ball,3,13.5,Wellington Firebirds,DP Conway,MHW Papps,WC Ludick,0,0,,,,,,"",""
ball,3,13.6,Wellington Firebirds,DP Conway,MHW Papps,WC Ludick,0,0,,,,,,"",""
ball,3,14.1,Wellington Firebirds,MHW Papps,DP Conway,BM Tickner,4,0,,,,,,"",""
ball,3,14.2,Wellington Firebirds,MHW Papps,DP Conway,BM Tickner,0,0,,,,,,"",""
ball,3,14.3,Wellington Firebirds,MHW Papps,DP Conway,BM Tickner,0,1,,1,,,,"",""
ball,3,14.4,Wellington Firebirds,MHW Papps,DP Conway,BM Tickner,6,0,,,,,,"",""
ball,3,14.5,Wellington Firebirds,MHW Papps,DP Conway,BM Tickner,2,0,,,,,,"",""
ball,3,14.6,Wellington Firebirds,MHW Papps,DP Conway,BM Tickner,0,0,,,,,,"",""
ball,3,14.7,Wellington Firebirds,MHW Papps,DP Conway,BM Tickner,0,1,,1,,,,"",""
ball,3,14.8,Wellington Firebirds,MHW Papps,DP Conway,BM Tickner,0,0,,,,,,"",""
ball,3,15.1,Wellington Firebirds,DP Conway,MHW Papps,WC Ludick,4,0,,,,,,"",""
ball,3,15.2,Wellington Firebirds,DP Conway,MHW Papps,WC Ludick,0,0,,,,,,"",""
ball,3,15.3,Wellington Firebirds,DP Conway,MHW Papps,WC Ludick,0,0,,,,,,"",""
ball,3,15.4,Wellington Firebirds,DP Conway,MHW Papps,WC Ludick,0,0,,,,,,"",""
ball,3,15.5,Wellington Firebirds,DP Conway,MHW Papps,WC Ludick,0,0,,,,,,"",""
ball,3,15.6,Wellington Firebirds,DP Conway,MHW Papps,WC Ludick,0,0,,,,,,"",""
ball,3,16.1,Wellington Firebirds,MHW Papps,DP Conway,BM Tickner,4,0,,,,,,"",""
ball,3,16.2,Wellington Firebirds,MHW Papps,DP Conway,BM Tickner,1,0,,,,,,"",""
ball,3,16.3,Wellington Firebirds,DP Conway,MHW Papps,BM Tickner,0,0,,,,,,"",""
ball,3,16.4,Wellington Firebirds,DP Conway,MHW Papps,BM Tickner,0,0,,,,,,"",""
ball,3,16.5,Wellington Firebirds,DP Conway,MHW Papps,BM Tickner,0,0,,,,,,"",""
ball,3,16.6,Wellington Firebirds,DP Conway,MHW Papps,BM Tickner,1,0,,,,,,"",""
ball,3,17.1,Wellington Firebirds,DP Conway,MHW Papps,WC Ludick,4,0,,,,,,"",""
ball,3,17.2,Wellington Firebirds,DP Conway,MHW Papps,WC Ludick,0,0,,,,,,"",""
ball,3,17.3,Wellington Firebirds,DP Conway,MHW Papps,WC Ludick,0,0,,,,,,"",""
ball,3,17.4,Wellington Firebirds,DP Conway,MHW Papps,WC Ludick,0,0,,,,,,"",""
ball,3,17.5,Wellington Firebirds,DP Conway,MHW Papps,WC Ludick,0,0,,,,,,"",""
ball,3,17.6,Wellington Firebirds,DP Conway,MHW Papps,WC Ludick,0,0,,,,,,"",""
ball,3,18.1,Wellington Firebirds,MHW Papps,DP Conway,BM Tickner,0,0,,,,,,"",""
ball,3,18.2,Wellington Firebirds,MHW Papps,DP Conway,BM Tickner,0,0,,,,,,bowled,MHW Papps
ball,3,18.3,Wellington Firebirds,FJ Colson,DP Conway,BM Tickner,0,0,,,,,,bowled,FJ Colson
ball,3,18.4,Wellington Firebirds,MJ Nofal,DP Conway,BM Tickner,1,0,,,,,,"",""
ball,3,18.5,Wellington Firebirds,DP Conway,MJ Nofal,BM Tickner,0,0,,,,,,"",""
ball,3,18.6,Wellington Firebirds,DP Conway,MJ Nofal,BM Tickner,0,0,,,,,,"",""
ball,3,19.1,Wellington Firebirds,MJ Nofal,DP Conway,WC Ludick,1,0,,,,,,"",""
ball,3,19.2,Wellington Firebirds,DP Conway,MJ Nofal,WC Ludick,0,0,,,,,,"",""
ball,3,19.3,Wellington Firebirds,DP Conway,MJ Nofal,WC Ludick,0,0,,,,,,"",""
ball,3,19.4,Wellington Firebirds,DP Conway,MJ Nofal,WC Ludick,0,0,,,,,,"",""
ball,3,19.5,Wellington Firebirds,DP Conway,MJ Nofal,WC Ludick,0,0,,,,,,"",""
ball,3,19.6,Wellington Firebirds,DP Conway,MJ Nofal,WC Ludick,0,0,,,,,,"",""
ball,3,20.1,Wellington Firebirds,MJ Nofal,DP Conway,BM Tickner,0,0,,,,,,"",""
ball,3,20.2,Wellington Firebirds,MJ Nofal,DP Conway,BM Tickner,0,0,,,,,,"",""
ball,3,20.3,Wellington Firebirds,MJ Nofal,DP Conway,BM Tickner,2,0,,,,,,"",""
ball,3,20.4,Wellington Firebirds,MJ Nofal,DP Conway,BM Tickner,0,0,,,,,,"",""
ball,3,20.5,Wellington Firebirds,MJ Nofal,DP Conway,BM Tickner,0,0,,,,,,"",""
ball,3,20.6,Wellington Firebirds,MJ Nofal,DP Conway,BM Tickner,0,0,,,,,,"",""
ball,3,21.1,Wellington Firebirds,DP Conway,MJ Nofal,WC Ludick,1,0,,,,,,"",""
ball,3,21.2,Wellington Firebirds,MJ Nofal,DP Conway,WC Ludick,0,0,,,,,,"",""
ball,3,21.3,Wellington Firebirds,MJ Nofal,DP Conway,WC Ludick,0,0,,,,,,"",""
ball,3,21.4,Wellington Firebirds,MJ Nofal,DP Conway,WC Ludick,0,0,,,,,,"",""
ball,3,21.5,Wellington Firebirds,MJ Nofal,DP Conway,WC Ludick,0,0,,,,,,"",""
ball,3,21.6,Wellington Firebirds,MJ Nofal,DP Conway,WC Ludick,0,0,,,,,,"",""
ball,3,22.1,Wellington Firebirds,DP Conway,MJ Nofal,BM Tickner,0,0,,,,,,"",""
ball,3,22.2,Wellington Firebirds,DP Conway,MJ Nofal,BM Tickner,0,0,,,,,,"",""
ball,3,22.3,Wellington Firebirds,DP Conway,MJ Nofal,BM Tickner,0,0,,,,,,"",""
ball,3,22.4,Wellington Firebirds,DP Conway,MJ Nofal,BM Tickner,1,0,,,,,,"",""
ball,3,22.5,Wellington Firebirds,MJ Nofal,DP Conway,BM Tickner,1,0,,,,,,"",""
ball,3,22.6,Wellington Firebirds,DP Conway,MJ Nofal,BM Tickner,0,0,,,,,,"",""
ball,3,23.1,Wellington Firebirds,MJ Nofal,DP Conway,WC Ludick,1,0,,,,,,"",""
ball,3,23.2,Wellington Firebirds,DP Conway,MJ Nofal,WC Ludick,0,0,,,,,,"",""
ball,3,23.3,Wellington Firebirds,DP Conway,MJ Nofal,WC Ludick,0,0,,,,,,"",""
ball,3,23.4,Wellington Firebirds,DP Conway,MJ Nofal,WC Ludick,0,0,,,,,,"",""
ball,3,23.5,Wellington Firebirds,DP Conway,MJ Nofal,WC Ludick,0,0,,,,,,"",""
ball,3,23.6,Wellington Firebirds,DP Conway,MJ Nofal,WC Ludick,0,0,,,,,,"",""
ball,3,24.1,Wellington Firebirds,MJ Nofal,DP Conway,BM Tickner,0,0,,,,,,caught,MJ Nofal
ball,3,24.2,Wellington Firebirds,JS Patel,DP Conway,BM Tickner,1,0,,,,,,"",""
ball,3,24.3,Wellington Firebirds,DP Conway,JS Patel,BM Tickner,1,0,,,,,,"",""
ball,3,24.4,Wellington Firebirds,JS Patel,DP Conway,BM Tickner,0,0,,,,,,"",""
ball,3,24.5,Wellington Firebirds,JS Patel,DP Conway,BM Tickner,0,0,,,,,,"",""
ball,3,24.6,Wellington Firebirds,JS Patel,DP Conway,BM Tickner,0,0,,,,,,"",""
ball,3,25.1,Wellington Firebirds,DP Conway,JS Patel,WC Ludick,0,0,,,,,,"",""
ball,3,25.2,Wellington Firebirds,DP Conway,JS Patel,WC Ludick,0,0,,,,,,"",""
ball,3,25.3,Wellington Firebirds,DP Conway,JS Patel,WC Ludick,0,0,,,,,,"",""
ball,3,25.4,Wellington Firebirds,DP Conway,JS Patel,WC Ludick,1,0,,,,,,"",""
ball,3,25.5,Wellington Firebirds,JS Patel,DP Conway,WC Ludick,0,0,,,,,,"",""
ball,3,25.6,Wellington Firebirds,JS Patel,DP Conway,WC Ludick,1,0,,,,,,"",""
ball,3,26.1,Wellington Firebirds,JS Patel,DP Conway,BM Tickner,0,0,,,,,,"",""
ball,3,26.2,Wellington Firebirds,JS Patel,DP Conway,BM Tickner,0,0,,,,,,"",""
ball,3,26.3,Wellington Firebirds,JS Patel,DP Conway,BM Tickner,0,0,,,,,,caught,JS Patel
ball,3,26.4,Wellington Firebirds,OR Newton,DP Conway,BM Tickner,0,0,,,,,,"",""
ball,3,26.5,Wellington Firebirds,OR Newton,DP Conway,BM Tickner,0,0,,,,,,"",""
ball,3,26.6,Wellington Firebirds,OR Newton,DP Conway,BM Tickner,0,0,,,,,,"",""
ball,3,27.1,Wellington Firebirds,DP Conway,OR Newton,WC Ludick,1,0,,,,,,"",""
ball,3,27.2,Wellington Firebirds,OR Newton,DP Conway,WC Ludick,0,0,,,,,,"",""
ball,3,27.3,Wellington Firebirds,OR Newton,DP Conway,WC Ludick,0,0,,,,,,"",""
ball,3,27.4,Wellington Firebirds,OR Newton,DP Conway,WC Ludick,0,0,,,,,,"",""
ball,3,27.5,Wellington Firebirds,OR Newton,DP Conway,WC Ludick,0,0,,,,,,"",""
ball,3,27.6,Wellington Firebirds,OR Newton,DP Conway,WC Ludick,0,0,,,,,,"",""
ball,3,28.1,Wellington Firebirds,DP Conway,OR Newton,BM Tickner,1,0,,,,,,"",""
ball,3,28.2,Wellington Firebirds,OR Newton,DP Conway,BM Tickner,3,0,,,,,,"",""
ball,3,28.3,Wellington Firebirds,DP Conway,OR Newton,BM Tickner,0,1,,1,,,,"",""
ball,3,28.4,Wellington Firebirds,DP Conway,OR Newton,BM Tickner,0,1,1,,,,,"",""
ball,3,28.5,Wellington Firebirds,DP Conway,OR Newton,BM Tickner,0,0,,,,,,"",""
ball,3,28.6,Wellington Firebirds,DP Conway,OR Newton,BM Tickner,0,0,,,,,,"",""
ball,3,28.7,Wellington Firebirds,DP Conway,OR Newton,BM Tickner,0,0,,,,,,"",""
ball,3,28.8,Wellington Firebirds,DP Conway,OR Newton,BM Tickner,0,0,,,,,,"",""
ball,3,29.1,Wellington Firebirds,OR Newton,DP Conway,BJ Small,0,0,,,,,,"",""
ball,3,29.2,Wellington Firebirds,OR Newton,DP Conway,BJ Small,0,0,,,,,,"",""
ball,3,29.3,Wellington Firebirds,OR Newton,DP Conway,BJ Small,0,0,,,,,,"",""
ball,3,29.4,Wellington Firebirds,OR Newton,DP Conway,BJ Small,1,0,,,,,,"",""
ball,3,29.5,Wellington Firebirds,DP Conway,OR Newton,BJ Small,0,0,,,,,,"",""
ball,3,29.6,Wellington Firebirds,DP Conway,OR Newton,BJ Small,0,0,,,,,,"",""
ball,3,30.1,Wellington Firebirds,OR Newton,DP Conway,AF Milne,0,0,,,,,,"",""
ball,3,30.2,Wellington Firebirds,OR Newton,DP Conway,AF Milne,0,0,,,,,,"",""
ball,3,30.3,Wellington Firebirds,OR Newton,DP Conway,AF Milne,0,0,,,,,,"",""
ball,3,30.4,Wellington Firebirds,OR Newton,DP Conway,AF Milne,0,0,,,,,,"",""
ball,3,30.5,Wellington Firebirds,OR Newton,DP Conway,AF Milne,0,0,,,,,,"",""
ball,3,30.6,Wellington Firebirds,OR Newton,DP Conway,AF Milne,0,0,,,,,,"",""
ball,3,31.1,Wellington Firebirds,DP Conway,OR Newton,BJ Small,0,0,,,,,,"",""
ball,3,31.2,Wellington Firebirds,DP Conway,OR Newton,BJ Small,0,0,,,,,,"",""
ball,3,31.3,Wellington Firebirds,DP Conway,OR Newton,BJ Small,1,0,,,,,,"",""
ball,3,31.4,Wellington Firebirds,OR Newton,DP Conway,BJ Small,0,0,,,,,,"",""
ball,3,31.5,Wellington Firebirds,OR Newton,DP Conway,BJ Small,0,0,,,,,,"",""
ball,3,31.6,Wellington Firebirds,OR Newton,DP Conway,BJ Small,0,0,,,,,,"",""
ball,3,32.1,Wellington Firebirds,DP Conway,OR Newton,AF Milne,0,0,,,,,,"",""
ball,3,32.2,Wellington Firebirds,DP Conway,OR Newton,AF Milne,0,0,,,,,,"",""
ball,3,32.3,Wellington Firebirds,DP Conway,OR Newton,AF Milne,4,0,,,,,,"",""
ball,3,32.4,Wellington Firebirds,DP Conway,OR Newton,AF Milne,2,0,,,,,,"",""
ball,3,32.5,Wellington Firebirds,DP Conway,OR Newton,AF Milne,0,1,,1,,,,"",""
ball,3,32.6,Wellington Firebirds,DP Conway,OR Newton,AF Milne,2,0,,,,,,"",""
ball,3,32.7,Wellington Firebirds,DP Conway,OR Newton,AF Milne,0,0,,,,,,"",""
ball,3,33.1,Wellington Firebirds,OR Newton,DP Conway,JD Ryder,0,0,,,,,,"",""
ball,3,33.2,Wellington Firebirds,OR Newton,DP Conway,JD Ryder,0,0,,,,,,"",""
ball,3,33.3,Wellington Firebirds,OR Newton,DP Conway,JD Ryder,0,0,,,,,,"",""
ball,3,33.4,Wellington Firebirds,OR Newton,DP Conway,JD Ryder,0,0,,,,,,"",""
ball,3,33.5,Wellington Firebirds,OR Newton,DP Conway,JD Ryder,1,0,,,,,,"",""
ball,3,33.6,Wellington Firebirds,DP Conway,OR Newton,JD Ryder,0,0,,,,,,"",""
ball,3,34.1,Wellington Firebirds,OR Newton,DP Conway,AF Milne,0,0,,,,,,"",""
ball,3,34.2,Wellington Firebirds,OR Newton,DP Conway,AF Milne,0,0,,,,,,"",""
ball,3,34.3,Wellington Firebirds,OR Newton,DP Conway,AF Milne,0,0,,,,,,"",""
ball,3,34.4,Wellington Firebirds,OR Newton,DP Conway,AF Milne,0,0,,,,,,"",""
ball,3,34.5,Wellington Firebirds,OR Newton,DP Conway,AF Milne,4,0,,,,,,"",""
ball,3,34.6,Wellington Firebirds,OR Newton,DP Conway,AF Milne,2,0,,,,,,"",""
ball,3,35.1,Wellington Firebirds,DP Conway,OR Newton,BJ Small,4,0,,,,,,"",""
ball,3,35.2,Wellington Firebirds,DP Conway,OR Newton,BJ Small,0,0,,,,,,"",""
ball,3,35.3,Wellington Firebirds,DP Conway,OR Newton,BJ Small,0,0,,,,,,"",""
ball,3,35.4,Wellington Firebirds,DP Conway,OR Newton,BJ Small,4,0,,,,,,"",""
ball,3,35.5,Wellington Firebirds,DP Conway,OR Newton,BJ Small,0,0,,,,,,"",""
ball,3,35.6,Wellington Firebirds,DP Conway,OR Newton,BJ Small,0,0,,,,,,"",""
ball,3,36.1,Wellington Firebirds,OR Newton,DP Conway,AF Milne,0,0,,,,,,"",""
ball,3,36.2,Wellington Firebirds,OR Newton,DP Conway,AF Milne,3,1,,1,,,,"",""
ball,3,36.3,Wellington Firebirds,DP Conway,OR Newton,AF Milne,0,0,,,,,,"",""
ball,3,36.4,Wellington Firebirds,DP Conway,OR Newton,AF Milne,0,0,,,,,,"",""
ball,3,36.5,Wellington Firebirds,DP Conway,OR Newton,AF Milne,0,0,,,,,,"",""
ball,3,36.6,Wellington Firebirds,DP Conway,OR Newton,AF Milne,0,0,,,,,,"",""
ball,3,36.7,Wellington Firebirds,DP Conway,OR Newton,AF Milne,0,0,,,,,,"",""
ball,3,37.1,Wellington Firebirds,OR Newton,DP Conway,BJ Small,4,0,,,,,,"",""
ball,3,37.2,Wellington Firebirds,OR Newton,DP Conway,BJ Small,0,0,,,,,,"",""
ball,3,37.3,Wellington Firebirds,OR Newton,DP Conway,BJ Small,0,0,,,,,,"",""
ball,3,37.4,Wellington Firebirds,OR Newton,DP Conway,BJ Small,0,0,,,,,,"",""
ball,3,37.5,Wellington Firebirds,OR Newton,DP Conway,BJ Small,1,0,,,,,,"",""
ball,3,37.6,Wellington Firebirds,DP Conway,OR Newton,BJ Small,0,0,,,,,,"",""
ball,3,38.1,Wellington Firebirds,OR Newton,DP Conway,AF Milne,0,0,,,,,,"",""
ball,3,38.2,Wellington Firebirds,OR Newton,DP Conway,AF Milne,0,0,,,,,,"",""
ball,3,38.3,Wellington Firebirds,OR Newton,DP Conway,AF Milne,0,0,,,,,,"",""
ball,3,38.4,Wellington Firebirds,OR Newton,DP Conway,AF Milne,0,0,,,,,,"",""
ball,3,38.5,Wellington Firebirds,OR Newton,DP Conway,AF Milne,0,0,,,,,,bowled,OR Newton
ball,3,38.6,Wellington Firebirds,IG McPeake,DP Conway,AF Milne,0,0,,,,,,"",""
ball,3,39.1,Wellington Firebirds,DP Conway,IG McPeake,BJ Small,0,0,,,,,,"",""
ball,3,39.2,Wellington Firebirds,DP Conway,IG McPeake,BJ Small,0,1,,,,1,,"",""
ball,3,39.3,Wellington Firebirds,IG McPeake,DP Conway,BJ Small,0,0,,,,,,"",""
ball,3,39.4,Wellington Firebirds,IG McPeake,DP Conway,BJ Small,1,0,,,,,,"",""
ball,3,39.5,Wellington Firebirds,DP Conway,IG McPeake,BJ Small,0,0,,,,,,"",""
ball,3,39.6,Wellington Firebirds,DP Conway,IG McPeake,BJ Small,0,0,,,,,,"",""
ball,3,40.1,Wellington Firebirds,IG McPeake,DP Conway,AF Milne,0,0,,,,,,"",""
ball,3,40.2,Wellington Firebirds,IG McPeake,DP Conway,AF Milne,0,0,,,,,,"",""
ball,3,40.3,Wellington Firebirds,IG McPeake,DP Conway,AF Milne,0,0,,,,,,"",""
ball,3,40.4,Wellington Firebirds,IG McPeake,DP Conway,AF Milne,0,0,,,,,,"",""
ball,3,40.5,Wellington Firebirds,IG McPeake,DP Conway,AF Milne,0,0,,,,,,"",""
ball,3,40.6,Wellington Firebirds,IG McPeake,DP Conway,AF Milne,0,0,,,,,,"",""
ball,3,41.1,Wellington Firebirds,DP Conway,IG McPeake,BJ Small,0,0,,,,,,"",""
ball,3,41.2,Wellington Firebirds,DP Conway,IG McPeake,BJ Small,0,0,,,,,,"",""
ball,3,41.3,Wellington Firebirds,DP Conway,IG McPeake,BJ Small,0,0,,,,,,"",""
ball,3,41.4,Wellington Firebirds,DP Conway,IG McPeake,BJ Small,0,1,,,,1,,"",""
ball,3,41.5,Wellington Firebirds,IG McPeake,DP Conway,BJ Small,0,0,,,,,,"",""
ball,3,41.6,Wellington Firebirds,IG McPeake,DP Conway,BJ Small,0,0,,,,,,"",""
ball,3,42.1,Wellington Firebirds,DP Conway,IG McPeake,AF Milne,0,0,,,,,,"",""
ball,3,42.2,Wellington Firebirds,DP Conway,IG McPeake,AF Milne,0,0,,,,,,"",""
ball,3,42.3,Wellington Firebirds,DP Conway,IG McPeake,AF Milne,0,0,,,,,,"",""
ball,3,42.4,Wellington Firebirds,DP Conway,IG McPeake,AF Milne,1,0,,,,,,"",""
ball,3,42.5,Wellington Firebirds,IG McPeake,DP Conway,AF Milne,0,1,1,,,,,"",""
ball,3,42.6,Wellington Firebirds,IG McPeake,DP Conway,AF Milne,0,0,,,,,,"",""
ball,3,42.7,Wellington Firebirds,IG McPeake,DP Conway,AF Milne,0,0,,,,,,"",""
ball,3,43.1,Wellington Firebirds,DP Conway,IG McPeake,BJ Small,0,0,,,,,,"",""
ball,3,43.2,Wellington Firebirds,DP Conway,IG McPeake,BJ Small,0,0,,,,,,"",""
ball,3,43.3,Wellington Firebirds,DP Conway,IG McPeake,BJ Small,0,0,,,,,,"",""
ball,3,43.4,Wellington Firebirds,DP Conway,IG McPeake,BJ Small,0,0,,,,,,"",""
ball,3,43.5,Wellington Firebirds,DP Conway,IG McPeake,BJ Small,0,0,,,,,,"",""
ball,3,43.6,Wellington Firebirds,DP Conway,IG McPeake,BJ Small,1,0,,,,,,"",""
ball,3,44.1,Wellington Firebirds,DP Conway,IG McPeake,AF Milne,0,0,,,,,,"",""
ball,3,44.2,Wellington Firebirds,DP Conway,IG McPeake,AF Milne,0,0,,,,,,"",""
ball,3,44.3,Wellington Firebirds,DP Conway,IG McPeake,AF Milne,0,0,,,,,,"",""
ball,3,44.4,Wellington Firebirds,DP Conway,IG McPeake,AF Milne,4,0,,,,,,"",""
ball,3,44.5,Wellington Firebirds,DP Conway,IG McPeake,AF Milne,0,0,,,,,,"",""
ball,3,44.6,Wellington Firebirds,DP Conway,IG McPeake,AF Milne,4,0,,,,,,"",""
ball,3,45.1,Wellington Firebirds,IG McPeake,DP Conway,WC Ludick,0,0,,,,,,"",""
ball,3,45.2,Wellington Firebirds,IG McPeake,DP Conway,WC Ludick,0,0,,,,,,"",""
ball,3,45.3,Wellington Firebirds,IG McPeake,DP Conway,WC Ludick,0,0,,,,,,"",""
ball,3,45.4,Wellington Firebirds,IG McPeake,DP Conway,WC Ludick,0,0,,,,,,"",""
ball,3,45.5,Wellington Firebirds,IG McPeake,DP Conway,WC Ludick,0,0,,,,,,"",""
ball,3,45.6,Wellington Firebirds,IG McPeake,DP Conway,WC Ludick,0,0,,,,,,"",""
ball,3,46.1,Wellington Firebirds,DP Conway,IG McPeake,BM Tickner,0,0,,,,,,"",""
ball,3,46.2,Wellington Firebirds,DP Conway,IG McPeake,BM Tickner,0,0,,,,,,"",""
ball,3,46.3,Wellington Firebirds,DP Conway,IG McPeake,BM Tickner,1,0,,,,,,"",""
ball,3,46.4,Wellington Firebirds,IG McPeake,DP Conway,BM Tickner,0,0,,,,,,"",""
ball,3,46.5,Wellington Firebirds,IG McPeake,DP Conway,BM Tickner,0,0,,,,,,"",""
ball,3,46.6,Wellington Firebirds,IG McPeake,DP Conway,BM Tickner,0,0,,,,,,"",""
ball,3,47.1,Wellington Firebirds,DP Conway,IG McPeake,WC Ludick,0,0,,,,,,"",""
ball,3,47.2,Wellington Firebirds,DP Conway,IG McPeake,WC Ludick,0,0,,,,,,"",""
ball,3,47.3,Wellington Firebirds,DP Conway,IG McPeake,WC Ludick,1,0,,,,,,"",""
ball,3,47.4,Wellington Firebirds,IG McPeake,DP Conway,WC Ludick,0,0,,,,,,"",""
ball,3,47.5,Wellington Firebirds,IG McPeake,DP Conway,WC Ludick,0,1,1,,,,,"",""
ball,3,47.6,Wellington Firebirds,IG McPeake,DP Conway,WC Ludick,0,0,,,,,,"",""
ball,3,47.7,Wellington Firebirds,IG McPeake,DP Conway,WC Ludick,2,0,,,,,,"",""
ball,3,48.1,Wellington Firebirds,DP Conway,IG McPeake,BM Tickner,4,0,,,,,,"",""
ball,3,48.2,Wellington Firebirds,DP Conway,IG McPeake,BM Tickner,1,0,,,,,,"",""
ball,3,48.3,Wellington Firebirds,IG McPeake,DP Conway,BM Tickner,0,0,,,,,,"",""
ball,3,48.4,Wellington Firebirds,IG McPeake,DP Conway,BM Tickner,1,0,,,,,,"",""
ball,3,48.5,Wellington Firebirds,DP Conway,IG McPeake,BM Tickner,0,0,,,,,,"",""
ball,3,48.6,Wellington Firebirds,DP Conway,IG McPeake,BM Tickner,1,0,,,,,,"",""
ball,3,49.1,Wellington Firebirds,DP Conway,IG McPeake,WC Ludick,0,0,,,,,,"",""
ball,3,49.2,Wellington Firebirds,DP Conway,IG McPeake,WC Ludick,1,0,,,,,,"",""
ball,3,49.3,Wellington Firebirds,IG McPeake,DP Conway,WC Ludick,0,0,,,,,,"",""
ball,3,49.4,Wellington Firebirds,IG McPeake,DP Conway,WC Ludick,0,0,,,,,,"",""
ball,3,49.5,Wellington Firebirds,IG McPeake,DP Conway,WC Ludick,0,0,,,,,,"",""
ball,3,49.6,Wellington Firebirds,IG McPeake,DP Conway,WC Ludick,0,0,,,,,,"",""
ball,3,50.1,Wellington Firebirds,DP Conway,IG McPeake,BM Tickner,0,0,,,,,,"",""
ball,3,50.2,Wellington Firebirds,DP Conway,IG McPeake,BM Tickner,4,0,,,,,,"",""
ball,3,50.3,Wellington Firebirds,DP Conway,IG McPeake,BM Tickner,0,0,,,,,,"",""
ball,3,50.4,Wellington Firebirds,DP Conway,IG McPeake,BM Tickner,0,0,,,,,,"",""
ball,3,50.5,Wellington Firebirds,DP Conway,IG McPeake,BM Tickner,2,0,,,,,,"",""
ball,3,50.6,Wellington Firebirds,DP Conway,IG McPeake,BM Tickner,4,0,,,,,,"",""
ball,3,51.1,Wellington Firebirds,IG McPeake,DP Conway,FJM Murray,0,0,,,,,,"",""
ball,3,51.2,Wellington Firebirds,IG McPeake,DP Conway,FJM Murray,4,0,,,,,,"",""
ball,3,51.3,Wellington Firebirds,IG McPeake,DP Conway,FJM Murray,0,0,,,,,,"",""
ball,3,51.4,Wellington Firebirds,IG McPeake,DP Conway,FJM Murray,1,0,,,,,,"",""
ball,3,51.5,Wellington Firebirds,DP Conway,IG McPeake,FJM Murray,0,0,,,,,,"",""
ball,3,51.6,Wellington Firebirds,DP Conway,IG McPeake,FJM Murray,0,0,,,,,,"",""
ball,3,52.1,Wellington Firebirds,IG McPeake,DP Conway,BM Tickner,0,0,,,,,,"",""
ball,3,52.2,Wellington Firebirds,IG McPeake,DP Conway,BM Tickner,0,0,,,,,,"",""
ball,3,52.3,Wellington Firebirds,IG McPeake,DP Conway,BM Tickner,0,0,,,,,,"",""
ball,3,52.4,Wellington Firebirds,IG McPeake,DP Conway,BM Tickner,0,0,,,,,,"",""
ball,3,52.5,Wellington Firebirds,IG McPeake,DP Conway,BM Tickner,0,0,,,,,,"",""
ball,3,52.6,Wellington Firebirds,IG McPeake,DP Conway,BM Tickner,0,0,,,,,,"",""
ball,3,53.1,Wellington Firebirds,DP Conway,IG McPeake,FJM Murray,1,0,,,,,,"",""
ball,3,53.2,Wellington Firebirds,IG McPeake,DP Conway,FJM Murray,0,0,,,,,,lbw,IG McPeake
ball,3,53.3,Wellington Firebirds,AD Ridley,DP Conway,FJM Murray,0,0,,,,,,"",""
ball,3,53.4,Wellington Firebirds,AD Ridley,DP Conway,FJM Murray,0,0,,,,,,"",""
ball,3,53.5,Wellington Firebirds,AD Ridley,DP Conway,FJM Murray,0,0,,,,,,"",""
ball,3,53.6,Wellington Firebirds,AD Ridley,DP Conway,FJM Murray,0,0,,,,,,"",""
ball,3,54.1,Wellington Firebirds,DP Conway,AD Ridley,BM Tickner,1,0,,,,,,"",""
ball,3,54.2,Wellington Firebirds,AD Ridley,DP Conway,BM Tickner,0,0,,,,,,"",""
ball,3,54.3,Wellington Firebirds,AD Ridley,DP Conway,BM Tickner,0,0,,,,,,"",""
ball,3,54.4,Wellington Firebirds,AD Ridley,DP Conway,BM Tickner,2,0,,,,,,"",""
ball,3,54.5,Wellington Firebirds,AD Ridley,DP Conway,BM Tickner,0,0,,,,,,"",""
ball,3,54.6,Wellington Firebirds,AD Ridley,DP Conway,BM Tickner,1,0,,,,,,"",""
ball,3,55.1,Wellington Firebirds,AD Ridley,DP Conway,FJM Murray,0,0,,,,,,"",""
ball,3,55.2,Wellington Firebirds,AD Ridley,DP Conway,FJM Murray,0,0,,,,,,"",""
ball,3,55.3,Wellington Firebirds,AD Ridley,DP Conway,FJM Murray,0,0,,,,,,"",""
ball,3,55.4,Wellington Firebirds,AD Ridley,DP Conway,FJM Murray,0,0,,,,,,"",""
ball,3,55.5,Wellington Firebirds,AD Ridley,DP Conway,FJM Murray,0,0,,,,,,"",""
ball,3,55.6,Wellington Firebirds,AD Ridley,DP Conway,FJM Murray,0,0,,,,,,"",""
ball,3,56.1,Wellington Firebirds,DP Conway,AD Ridley,BM Tickner,1,0,,,,,,"",""
ball,3,56.2,Wellington Firebirds,AD Ridley,DP Conway,BM Tickner,4,0,,,,,,"",""
ball,3,56.3,Wellington Firebirds,AD Ridley,DP Conway,BM Tickner,4,0,,,,,,"",""
ball,3,56.4,Wellington Firebirds,AD Ridley,DP Conway,BM Tickner,0,0,,,,,,"",""
ball,3,56.5,Wellington Firebirds,AD Ridley,DP Conway,BM Tickner,0,0,,,,,,"",""
ball,3,56.6,Wellington Firebirds,AD Ridley,DP Conway,BM Tickner,0,0,,,,,,"",""
ball,3,57.1,Wellington Firebirds,DP Conway,AD Ridley,FJM Murray,4,0,,,,,,"",""
ball,3,57.2,Wellington Firebirds,DP Conway,AD Ridley,FJM Murray,0,0,,,,,,"",""
ball,3,57.3,Wellington Firebirds,DP Conway,AD Ridley,FJM Murray,0,0,,,,,,"",""
ball,3,57.4,Wellington Firebirds,DP Conway,AD Ridley,FJM Murray,1,0,,,,,,"",""
ball,3,57.5,Wellington Firebirds,AD Ridley,DP Conway,FJM Murray,0,0,,,,,,"",""
ball,3,57.6,Wellington Firebirds,AD Ridley,DP Conway,FJM Murray,0,0,,,,,,"",""
ball,3,58.1,Wellington Firebirds,DP Conway,AD Ridley,AF Milne,1,0,,,,,,"",""
ball,3,58.2,Wellington Firebirds,AD Ridley,DP Conway,AF Milne,0,0,,,,,,"",""
ball,3,58.3,Wellington Firebirds,AD Ridley,DP Conway,AF Milne,0,0,,,,,,"",""
ball,3,58.4,Wellington Firebirds,AD Ridley,DP Conway,AF Milne,0,0,,,,,,"",""
ball,3,58.5,Wellington Firebirds,AD Ridley,DP Conway,AF Milne,4,0,,,,,,"",""
ball,3,58.6,Wellington Firebirds,AD Ridley,DP Conway,AF Milne,0,0,,,,,,"",""
ball,3,59.1,Wellington Firebirds,DP Conway,AD Ridley,FJM Murray,0,0,,,,,,"",""
ball,3,59.2,Wellington Firebirds,DP Conway,AD Ridley,FJM Murray,1,0,,,,,,"",""
ball,3,59.3,Wellington Firebirds,AD Ridley,DP Conway,FJM Murray,0,0,,,,,,"",""
ball,3,59.4,Wellington Firebirds,AD Ridley,DP Conway,FJM Murray,0,0,,,,,,"",""
ball,3,59.5,Wellington Firebirds,AD Ridley,DP Conway,FJM Murray,0,0,,,,,,"",""
ball,3,59.6,Wellington Firebirds,AD Ridley,DP Conway,FJM Murray,1,0,,,,,,"",""
ball,3,60.1,Wellington Firebirds,AD Ridley,DP Conway,AF Milne,4,0,,,,,,"",""
ball,3,60.2,Wellington Firebirds,AD Ridley,DP Conway,AF Milne,4,1,,1,,,,"",""
ball,3,60.3,Wellington Firebirds,AD Ridley,DP Conway,AF Milne,0,0,,,,,,"",""
ball,3,60.4,Wellington Firebirds,AD Ridley,DP Conway,AF Milne,0,0,,,,,,"",""
ball,3,60.5,Wellington Firebirds,AD Ridley,DP Conway,AF Milne,0,1,,1,,,,"",""
ball,3,60.6,Wellington Firebirds,AD Ridley,DP Conway,AF Milne,0,0,,,,,,"",""
ball,3,60.7,Wellington Firebirds,AD Ridley,DP Conway,AF Milne,0,0,,,,,,"",""
ball,3,60.8,Wellington Firebirds,AD Ridley,DP Conway,AF Milne,4,0,,,,,,"",""
ball,3,61.1,Wellington Firebirds,DP Conway,AD Ridley,BD Schmulian,0,0,,,,,,"",""
ball,3,61.2,Wellington Firebirds,DP Conway,AD Ridley,BD Schmulian,1,0,,,,,,"",""
ball,3,61.3,Wellington Firebirds,AD Ridley,DP Conway,BD Schmulian,0,0,,,,,,"",""
ball,3,61.4,Wellington Firebirds,AD Ridley,DP Conway,BD Schmulian,0,0,,,,,,"",""
ball,3,61.5,Wellington Firebirds,AD Ridley,DP Conway,BD Schmulian,1,0,,,,,,"",""
ball,3,61.6,Wellington Firebirds,DP Conway,AD Ridley,BD Schmulian,3,0,,,,,,"",""
ball,3,62.1,Wellington Firebirds,DP Conway,AD Ridley,AF Milne,1,0,,,,,,"",""
ball,3,62.2,Wellington Firebirds,AD Ridley,DP Conway,AF Milne,0,0,,,,,,"",""
ball,3,62.3,Wellington Firebirds,AD Ridley,DP Conway,AF Milne,0,0,,,,,,"",""
ball,3,62.4,Wellington Firebirds,AD Ridley,DP Conway,AF Milne,0,0,,,,,,"",""
ball,3,62.5,Wellington Firebirds,AD Ridley,DP Conway,AF Milne,0,0,,,,,,"",""
ball,3,62.6,Wellington Firebirds,AD Ridley,DP Conway,AF Milne,0,0,,,,,,"",""
ball,3,63.1,Wellington Firebirds,DP Conway,AD Ridley,BD Schmulian,0,0,,,,,,"",""
ball,3,63.2,Wellington Firebirds,DP Conway,AD Ridley,BD Schmulian,0,0,,,,,,"",""
ball,3,63.3,Wellington Firebirds,DP Conway,AD Ridley,BD Schmulian,1,0,,,,,,"",""
ball,3,63.4,Wellington Firebirds,AD Ridley,DP Conway,BD Schmulian,0,0,,,,,,"",""
ball,3,63.5,Wellington Firebirds,AD Ridley,DP Conway,BD Schmulian,4,0,,,,,,"",""
ball,3,63.6,Wellington Firebirds,AD Ridley,DP Conway,BD Schmulian,0,0,,,,,,"",""
ball,3,64.1,Wellington Firebirds,DP Conway,AD Ridley,FJM Murray,0,0,,,,,,"",""
ball,3,64.2,Wellington Firebirds,DP Conway,AD Ridley,FJM Murray,0,0,,,,,,"",""
ball,3,64.3,Wellington Firebirds,DP Conway,AD Ridley,FJM Murray,0,0,,,,,,"",""
ball,3,64.4,Wellington Firebirds,DP Conway,AD Ridley,FJM Murray,0,0,,,,,,"",""
ball,3,64.5,Wellington Firebirds,DP Conway,AD Ridley,FJM Murray,1,0,,,,,,"",""
ball,3,64.6,Wellington Firebirds,AD Ridley,DP Conway,FJM Murray,0,0,,,,,,"",""
ball,3,65.1,Wellington Firebirds,DP Conway,AD Ridley,BD Schmulian,2,0,,,,,,"",""
ball,3,65.2,Wellington Firebirds,DP Conway,AD Ridley,BD Schmulian,0,0,,,,,,"",""
ball,3,65.3,Wellington Firebirds,DP Conway,AD Ridley,BD Schmulian,0,0,,,,,,"",""
ball,3,65.4,Wellington Firebirds,DP Conway,AD Ridley,BD Schmulian,0,0,,,,,,"",""
ball,3,65.5,Wellington Firebirds,DP Conway,AD Ridley,BD Schmulian,0,0,,,,,,"",""
ball,3,65.6,Wellington Firebirds,DP Conway,AD Ridley,BD Schmulian,1,0,,,,,,"",""
ball,3,66.1,Wellington Firebirds,DP Conway,AD Ridley,FJM Murray,0,0,,,,,,"",""
ball,3,66.2,Wellington Firebirds,DP Conway,AD Ridley,FJM Murray,1,0,,,,,,"",""
ball,3,66.3,Wellington Firebirds,AD Ridley,DP Conway,FJM Murray,0,0,,,,,,"",""
ball,3,66.4,Wellington Firebirds,AD Ridley,DP Conway,FJM Murray,0,0,,,,,,"",""
ball,3,66.5,Wellington Firebirds,AD Ridley,DP Conway,FJM Murray,0,0,,,,,,"",""
ball,3,66.6,Wellington Firebirds,AD Ridley,DP Conway,FJM Murray,1,0,,,,,,"",""
ball,3,67.1,Wellington Firebirds,AD Ridley,DP Conway,BD Schmulian,0,0,,,,,,"",""
ball,3,67.2,Wellington Firebirds,AD Ridley,DP Conway,BD Schmulian,0,0,,,,,,"",""
ball,3,67.3,Wellington Firebirds,AD Ridley,DP Conway,BD Schmulian,0,0,,,,,,"",""
ball,3,67.4,Wellington Firebirds,AD Ridley,DP Conway,BD Schmulian,0,0,,,,,,"",""
ball,3,67.5,Wellington Firebirds,AD Ridley,DP Conway,BD Schmulian,0,0,,,,,,"",""
ball,3,67.6,Wellington Firebirds,AD Ridley,DP Conway,BD Schmulian,0,0,,,,,,"",""
ball,3,68.1,Wellington Firebirds,DP Conway,AD Ridley,FJM Murray,0,0,,,,,,"",""
ball,3,68.2,Wellington Firebirds,DP Conway,AD Ridley,FJM Murray,0,0,,,,,,"",""
ball,3,68.3,Wellington Firebirds,DP Conway,AD Ridley,FJM Murray,0,0,,,,,,"",""
ball,3,68.4,Wellington Firebirds,DP Conway,AD Ridley,FJM Murray,0,0,,,,,,"",""
ball,3,68.5,Wellington Firebirds,DP Conway,AD Ridley,FJM Murray,0,0,,,,,,"",""
ball,3,68.6,Wellington Firebirds,DP Conway,AD Ridley,FJM Murray,0,0,,,,,,"",""
ball,3,69.1,Wellington Firebirds,AD Ridley,DP Conway,JD Ryder,0,0,,,,,,"",""
ball,3,69.2,Wellington Firebirds,AD Ridley,DP Conway,JD Ryder,0,0,,,,,,"",""
ball,3,69.3,Wellington Firebirds,AD Ridley,DP Conway,JD Ryder,0,0,,,,,,"",""
ball,3,69.4,Wellington Firebirds,AD Ridley,DP Conway,JD Ryder,0,0,,,,,,"",""
ball,3,69.5,Wellington Firebirds,AD Ridley,DP Conway,JD Ryder,0,0,,,,,,"",""
ball,3,69.6,Wellington Firebirds,AD Ridley,DP Conway,JD Ryder,0,0,,,,,,"",""
ball,3,70.1,Wellington Firebirds,DP Conway,AD Ridley,FJM Murray,1,0,,,,,,"",""
ball,3,70.2,Wellington Firebirds,AD Ridley,DP Conway,FJM Murray,0,0,,,,,,"",""
ball,3,70.3,Wellington Firebirds,AD Ridley,DP Conway,FJM Murray,0,0,,,,,,"",""
ball,3,70.4,Wellington Firebirds,AD Ridley,DP Conway,FJM Murray,0,0,,,,,,"",""
ball,3,70.5,Wellington Firebirds,AD Ridley,DP Conway,FJM Murray,0,0,,,,,,"",""
ball,3,70.6,Wellington Firebirds,AD Ridley,DP Conway,FJM Murray,2,0,,,,,,"",""
ball,3,71.1,Wellington Firebirds,DP Conway,AD Ridley,JD Ryder,0,0,,,,,,"",""
ball,3,71.2,Wellington Firebirds,DP Conway,AD Ridley,JD Ryder,4,0,,,,,,"",""
ball,3,71.3,Wellington Firebirds,DP Conway,AD Ridley,JD Ryder,0,0,,,,,,"",""
ball,3,71.4,Wellington Firebirds,DP Conway,AD Ridley,JD Ryder,0,0,,,,,,"",""
ball,3,71.5,Wellington Firebirds,DP Conway,AD Ridley,JD Ryder,0,0,,,,,,"",""
ball,3,71.6,Wellington Firebirds,DP Conway,AD Ridley,JD Ryder,0,0,,,,,,"",""
ball,3,72.1,Wellington Firebirds,AD Ridley,DP Conway,FJM Murray,0,0,,,,,,"",""
ball,3,72.2,Wellington Firebirds,AD Ridley,DP Conway,FJM Murray,4,0,,,,,,"",""
ball,3,72.3,Wellington Firebirds,AD Ridley,DP Conway,FJM Murray,1,0,,,,,,"",""
ball,3,72.4,Wellington Firebirds,DP Conway,AD Ridley,FJM Murray,4,0,,,,,,"",""
ball,3,72.5,Wellington Firebirds,DP Conway,AD Ridley,FJM Murray,0,0,,,,,,"",""
ball,3,72.6,Wellington Firebirds,DP Conway,AD Ridley,FJM Murray,0,0,,,,,,"",""
ball,3,73.1,Wellington Firebirds,AD Ridley,DP Conway,JD Ryder,0,0,,,,,,"",""
ball,3,73.2,Wellington Firebirds,AD Ridley,DP Conway,JD Ryder,0,0,,,,,,"",""
ball,3,73.3,Wellington Firebirds,AD Ridley,DP Conway,JD Ryder,0,0,,,,,,"",""
ball,3,73.4,Wellington Firebirds,AD Ridley,DP Conway,JD Ryder,0,0,,,,,,"",""
ball,3,73.5,Wellington Firebirds,AD Ridley,DP Conway,JD Ryder,0,0,,,,,,"",""
ball,3,73.6,Wellington Firebirds,AD Ridley,DP Conway,JD Ryder,2,0,,,,,,"",""
ball,3,74.1,Wellington Firebirds,DP Conway,AD Ridley,FJM Murray,0,0,,,,,,"",""
ball,3,74.2,Wellington Firebirds,DP Conway,AD Ridley,FJM Murray,0,0,,,,,,"",""
ball,3,74.3,Wellington Firebirds,DP Conway,AD Ridley,FJM Murray,0,0,,,,,,"",""
ball,3,74.4,Wellington Firebirds,DP Conway,AD Ridley,FJM Murray,4,0,,,,,,"",""
ball,3,74.5,Wellington Firebirds,DP Conway,AD Ridley,FJM Murray,4,0,,,,,,"",""
ball,3,74.6,Wellington Firebirds,DP Conway,AD Ridley,FJM Murray,0,0,,,,,,"",""
ball,3,75.1,Wellington Firebirds,AD Ridley,DP Conway,JD Ryder,0,0,,,,,,"",""
ball,3,75.2,Wellington Firebirds,AD Ridley,DP Conway,JD Ryder,0,0,,,,,,"",""
ball,3,75.3,Wellington Firebirds,AD Ridley,DP Conway,JD Ryder,0,0,,,,,,"",""
ball,3,75.4,Wellington Firebirds,AD Ridley,DP Conway,JD Ryder,0,0,,,,,,"",""
ball,3,75.5,Wellington Firebirds,AD Ridley,DP Conway,JD Ryder,0,0,,,,,,"",""
ball,3,75.6,Wellington Firebirds,AD Ridley,DP Conway,JD Ryder,0,0,,,,,,"",""
ball,3,76.1,Wellington Firebirds,DP Conway,AD Ridley,FJM Murray,2,0,,,,,,"",""
ball,3,76.2,Wellington Firebirds,DP Conway,AD Ridley,FJM Murray,0,0,,,,,,"",""
ball,3,76.3,Wellington Firebirds,DP Conway,AD Ridley,FJM Murray,0,0,,,,,,"",""
ball,3,76.4,Wellington Firebirds,DP Conway,AD Ridley,FJM Murray,0,0,,,,,,"",""
ball,3,76.5,Wellington Firebirds,DP Conway,AD Ridley,FJM Murray,0,0,,,,,,"",""
ball,3,76.6,Wellington Firebirds,DP Conway,AD Ridley,FJM Murray,1,0,,,,,,"",""
ball,3,77.1,Wellington Firebirds,DP Conway,AD Ridley,JD Ryder,0,0,,,,,,"",""
ball,3,77.2,Wellington Firebirds,DP Conway,AD Ridley,JD Ryder,1,0,,,,,,"",""
ball,3,77.3,Wellington Firebirds,AD Ridley,DP Conway,JD Ryder,0,0,,,,,,"",""
ball,3,77.4,Wellington Firebirds,AD Ridley,DP Conway,JD Ryder,0,0,,,,,,"",""
ball,3,77.5,Wellington Firebirds,AD Ridley,DP Conway,JD Ryder,0,0,,,,,,"",""
ball,3,77.6,Wellington Firebirds,AD Ridley,DP Conway,JD Ryder,0,0,,,,,,"",""
ball,4,0.1,Central Stags,BD Schmulian,BS Smith,HK Bennett,0,0,,,,,,"",""
ball,4,0.2,Central Stags,BD Schmulian,BS Smith,HK Bennett,0,0,,,,,,"",""
ball,4,0.3,Central Stags,BD Schmulian,BS Smith,HK Bennett,0,0,,,,,,"",""
ball,4,0.4,Central Stags,BD Schmulian,BS Smith,HK Bennett,0,0,,,,,,lbw,BD Schmulian
ball,4,0.5,Central Stags,WA Young,BS Smith,HK Bennett,0,0,,,,,,"",""
ball,4,0.6,Central Stags,WA Young,BS Smith,HK Bennett,0,0,,,,,,"",""
ball,4,1.1,Central Stags,BS Smith,WA Young,OR Newton,0,0,,,,,,"",""
ball,4,1.2,Central Stags,BS Smith,WA Young,OR Newton,1,0,,,,,,"",""
ball,4,1.3,Central Stags,WA Young,BS Smith,OR Newton,1,0,,,,,,"",""
ball,4,1.4,Central Stags,BS Smith,WA Young,OR Newton,0,0,,,,,,"",""
ball,4,1.5,Central Stags,BS Smith,WA Young,OR Newton,0,0,,,,,,lbw,BS Smith
ball,4,1.6,Central Stags,JD Ryder,WA Young,OR Newton,0,0,,,,,,"",""
ball,4,2.1,Central Stags,WA Young,JD Ryder,HK Bennett,0,0,,,,,,"",""
ball,4,2.2,Central Stags,WA Young,JD Ryder,HK Bennett,0,0,,,,,,"",""
ball,4,2.3,Central Stags,WA Young,JD Ryder,HK Bennett,0,0,,,,,,"",""
ball,4,2.4,Central Stags,WA Young,JD Ryder,HK Bennett,0,0,,,,,,"",""
ball,4,2.5,Central Stags,WA Young,JD Ryder,HK Bennett,0,0,,,,,,"",""
ball,4,2.6,Central Stags,WA Young,JD Ryder,HK Bennett,0,0,,,,,,"",""
ball,4,3.1,Central Stags,JD Ryder,WA Young,OR Newton,0,0,,,,,,"",""
ball,4,3.2,Central Stags,JD Ryder,WA Young,OR Newton,4,0,,,,,,"",""
ball,4,3.3,Central Stags,JD Ryder,WA Young,OR Newton,0,0,,,,,,"",""
ball,4,3.4,Central Stags,JD Ryder,WA Young,OR Newton,0,0,,,,,,"",""
ball,4,3.5,Central Stags,JD Ryder,WA Young,OR Newton,0,0,,,,,,"",""
ball,4,3.6,Central Stags,JD Ryder,WA Young,OR Newton,0,0,,,,,,"",""
ball,4,4.1,Central Stags,WA Young,JD Ryder,HK Bennett,0,0,,,,,,"",""
ball,4,4.2,Central Stags,WA Young,JD Ryder,HK Bennett,0,0,,,,,,"",""
ball,4,4.3,Central Stags,WA Young,JD Ryder,HK Bennett,0,0,,,,,,"",""
ball,4,4.4,Central Stags,WA Young,JD Ryder,HK Bennett,0,0,,,,,,"",""
ball,4,4.5,Central Stags,WA Young,JD Ryder,HK Bennett,4,0,,,,,,"",""
ball,4,4.6,Central Stags,WA Young,JD Ryder,HK Bennett,0,0,,,,,,"",""
ball,4,5.1,Central Stags,JD Ryder,WA Young,OR Newton,0,0,,,,,,"",""
ball,4,5.2,Central Stags,JD Ryder,WA Young,OR Newton,0,0,,,,,,"",""
ball,4,5.3,Central Stags,JD Ryder,WA Young,OR Newton,1,0,,,,,,"",""
ball,4,5.4,Central Stags,WA Young,JD Ryder,OR Newton,0,0,,,,,,"",""
ball,4,5.5,Central Stags,WA Young,JD Ryder,OR Newton,0,0,,,,,,"",""
ball,4,5.6,Central Stags,WA Young,JD Ryder,OR Newton,0,0,,,,,,"",""
ball,4,6.1,Central Stags,JD Ryder,WA Young,HK Bennett,0,0,,,,,,"",""
ball,4,6.2,Central Stags,JD Ryder,WA Young,HK Bennett,0,0,,,,,,"",""
ball,4,6.3,Central Stags,JD Ryder,WA Young,HK Bennett,1,0,,,,,,"",""
ball,4,6.4,Central Stags,WA Young,JD Ryder,HK Bennett,0,0,,,,,,"",""
ball,4,6.5,Central Stags,WA Young,JD Ryder,HK Bennett,0,0,,,,,,"",""
ball,4,6.6,Central Stags,WA Young,JD Ryder,HK Bennett,0,0,,,,,,"",""
ball,4,7.1,Central Stags,JD Ryder,WA Young,OR Newton,0,0,,,,,,"",""
ball,4,7.2,Central Stags,JD Ryder,WA Young,OR Newton,0,0,,,,,,"",""
ball,4,7.3,Central Stags,JD Ryder,WA Young,OR Newton,0,0,,,,,,"",""
ball,4,7.4,Central Stags,JD Ryder,WA Young,OR Newton,0,0,,,,,,"",""
ball,4,7.5,Central Stags,JD Ryder,WA Young,OR Newton,0,0,,,,,,"",""
ball,4,7.6,Central Stags,JD Ryder,WA Young,OR Newton,0,0,,,,,,"",""
ball,4,8.1,Central Stags,WA Young,JD Ryder,HK Bennett,0,0,,,,,,"",""
ball,4,8.2,Central Stags,WA Young,JD Ryder,HK Bennett,0,0,,,,,,"",""
ball,4,8.3,Central Stags,WA Young,JD Ryder,HK Bennett,0,0,,,,,,"",""
ball,4,8.4,Central Stags,WA Young,JD Ryder,HK Bennett,0,0,,,,,,"",""
ball,4,8.5,Central Stags,WA Young,JD Ryder,HK Bennett,0,0,,,,,,caught,WA Young
ball,4,8.6,Central Stags,TC Bruce,JD Ryder,HK Bennett,1,0,,,,,,"",""
ball,4,9.1,Central Stags,TC Bruce,JD Ryder,AD Ridley,0,0,,,,,,"",""
ball,4,9.2,Central Stags,TC Bruce,JD Ryder,AD Ridley,2,0,,,,,,"",""
ball,4,9.3,Central Stags,TC Bruce,JD Ryder,AD Ridley,0,0,,,,,,"",""
ball,4,9.4,Central Stags,TC Bruce,JD Ryder,AD Ridley,0,0,,,,,,lbw,TC Bruce
ball,4,9.5,Central Stags,D Cleaver,JD Ryder,AD Ridley,0,0,,,,,,"",""
ball,4,9.6,Central Stags,D Cleaver,JD Ryder,AD Ridley,0,0,,,,,,"",""
ball,4,10.1,Central Stags,JD Ryder,D Cleaver,HK Bennett,0,0,,,,,,"",""
ball,4,10.2,Central Stags,JD Ryder,D Cleaver,HK Bennett,0,0,,,,,,"",""
ball,4,10.3,Central Stags,JD Ryder,D Cleaver,HK Bennett,0,0,,,,,,"",""
ball,4,10.4,Central Stags,JD Ryder,D Cleaver,HK Bennett,1,0,,,,,,"",""
ball,4,10.5,Central Stags,D Cleaver,JD Ryder,HK Bennett,0,0,,,,,,"",""
ball,4,10.6,Central Stags,D Cleaver,JD Ryder,HK Bennett,0,0,,,,,,"",""
ball,4,11.1,Central Stags,JD Ryder,D Cleaver,AD Ridley,0,0,,,,,,"",""
ball,4,11.2,Central Stags,JD Ryder,D Cleaver,AD Ridley,0,0,,,,,,"",""
ball,4,11.3,Central Stags,JD Ryder,D Cleaver,AD Ridley,4,0,,,,,,"",""
ball,4,11.4,Central Stags,JD Ryder,D Cleaver,AD Ridley,0,0,,,,,,"",""
ball,4,11.5,Central Stags,JD Ryder,D Cleaver,AD Ridley,0,0,,,,,,"",""
ball,4,11.6,Central Stags,JD Ryder,D Cleaver,AD Ridley,0,0,,,,,,"",""
ball,4,12.1,Central Stags,D Cleaver,JD Ryder,HK Bennett,0,0,,,,,,"",""
ball,4,12.2,Central Stags,D Cleaver,JD Ryder,HK Bennett,0,0,,,,,,"",""
ball,4,12.3,Central Stags,D Cleaver,JD Ryder,HK Bennett,0,0,,,,,,"",""
ball,4,12.4,Central Stags,D Cleaver,JD Ryder,HK Bennett,0,0,,,,,,"",""
ball,4,12.5,Central Stags,D Cleaver,JD Ryder,HK Bennett,0,0,,,,,,"",""
ball,4,12.6,Central Stags,D Cleaver,JD Ryder,HK Bennett,0,0,,,,,,caught,D Cleaver
ball,4,13.1,Central Stags,JD Ryder,WC Ludick,AD Ridley,0,0,,,,,,"",""
ball,4,13.2,Central Stags,JD Ryder,WC Ludick,AD Ridley,4,0,,,,,,"",""
ball,4,13.3,Central Stags,JD Ryder,WC Ludick,AD Ridley,2,0,,,,,,"",""
ball,4,13.4,Central Stags,JD Ryder,WC Ludick,AD Ridley,0,0,,,,,,"",""
ball,4,13.5,Central Stags,JD Ryder,WC Ludick,AD Ridley,1,0,,,,,,"",""
ball,4,13.6,Central Stags,WC Ludick,JD Ryder,AD Ridley,0,0,,,,,,"",""
ball,4,14.1,Central Stags,JD Ryder,WC Ludick,HK Bennett,0,0,,,,,,"",""
ball,4,14.2,Central Stags,JD Ryder,WC Ludick,HK Bennett,0,0,,,,,,"",""
ball,4,14.3,Central Stags,JD Ryder,WC Ludick,HK Bennett,1,0,,,,,,"",""
ball,4,14.4,Central Stags,WC Ludick,JD Ryder,HK Bennett,0,0,,,,,,"",""
ball,4,14.5,Central Stags,WC Ludick,JD Ryder,HK Bennett,0,0,,,,,,"",""
ball,4,14.6,Central Stags,WC Ludick,JD Ryder,HK Bennett,4,0,,,,,,"",""
ball,4,15.1,Central Stags,JD Ryder,WC Ludick,AD Ridley,0,0,,,,,,"",""
ball,4,15.2,Central Stags,JD Ryder,WC Ludick,AD Ridley,0,0,,,,,,"",""
ball,4,15.3,Central Stags,JD Ryder,WC Ludick,AD Ridley,0,0,,,,,,"",""
ball,4,15.4,Central Stags,JD Ryder,WC Ludick,AD Ridley,2,0,,,,,,"",""
ball,4,15.5,Central Stags,JD Ryder,WC Ludick,AD Ridley,0,0,,,,,,"",""
ball,4,15.6,Central Stags,JD Ryder,WC Ludick,AD Ridley,4,0,,,,,,"",""
ball,4,16.1,Central Stags,WC Ludick,JD Ryder,HK Bennett,1,0,,,,,,"",""
ball,4,16.2,Central Stags,JD Ryder,WC Ludick,HK Bennett,0,0,,,,,,"",""
ball,4,16.3,Central Stags,JD Ryder,WC Ludick,HK Bennett,0,0,,,,,,"",""
ball,4,16.4,Central Stags,JD Ryder,WC Ludick,HK Bennett,0,0,,,,,,"",""
ball,4,16.5,Central Stags,JD Ryder,WC Ludick,HK Bennett,0,0,,,,,,"",""
ball,4,16.6,Central Stags,JD Ryder,WC Ludick,HK Bennett,1,0,,,,,,"",""
ball,4,17.1,Central Stags,JD Ryder,WC Ludick,JS Patel,0,0,,,,,,"",""
ball,4,17.2,Central Stags,JD Ryder,WC Ludick,JS Patel,0,0,,,,,,"",""
ball,4,17.3,Central Stags,JD Ryder,WC Ludick,JS Patel,0,0,,,,,,"",""
ball,4,17.4,Central Stags,JD Ryder,WC Ludick,JS Patel,0,0,,,,,,"",""
ball,4,17.5,Central Stags,JD Ryder,WC Ludick,JS Patel,0,0,,,,,,"",""
ball,4,17.6,Central Stags,JD Ryder,WC Ludick,JS Patel,0,0,,,,,,"",""
ball,4,18.1,Central Stags,WC Ludick,JD Ryder,IG McPeake,0,0,,,,,,"",""
ball,4,18.2,Central Stags,WC Ludick,JD Ryder,IG McPeake,0,0,,,,,,"",""
ball,4,18.3,Central Stags,WC Ludick,JD Ryder,IG McPeake,0,0,,,,,,"",""
ball,4,18.4,Central Stags,WC Ludick,JD Ryder,IG McPeake,4,0,,,,,,"",""
ball,4,18.5,Central Stags,WC Ludick,JD Ryder,IG McPeake,0,0,,,,,,"",""
ball,4,18.6,Central Stags,WC Ludick,JD Ryder,IG McPeake,0,0,,,,,,"",""
ball,4,19.1,Central Stags,JD Ryder,WC Ludick,JS Patel,1,0,,,,,,"",""
ball,4,19.2,Central Stags,WC Ludick,JD Ryder,JS Patel,0,0,,,,,,"",""
ball,4,19.3,Central Stags,WC Ludick,JD Ryder,JS Patel,0,0,,,,,,"",""
ball,4,19.4,Central Stags,WC Ludick,JD Ryder,JS Patel,0,0,,,,,,"",""
ball,4,19.5,Central Stags,WC Ludick,JD Ryder,JS Patel,0,0,,,,,,"",""
ball,4,19.6,Central Stags,WC Ludick,JD Ryder,JS Patel,0,0,,,,,,"",""
ball,4,20.1,Central Stags,JD Ryder,WC Ludick,IG McPeake,0,0,,,,,,"",""
ball,4,20.2,Central Stags,JD Ryder,WC Ludick,IG McPeake,0,1,1,,,,,"",""
ball,4,20.3,Central Stags,JD Ryder,WC Ludick,IG McPeake,0,0,,,,,,"",""
ball,4,20.4,Central Stags,JD Ryder,WC Ludick,IG McPeake,0,0,,,,,,"",""
ball,4,20.5,Central Stags,JD Ryder,WC Ludick,IG McPeake,1,0,,,,,,"",""
ball,4,20.6,Central Stags,WC Ludick,JD Ryder,IG McPeake,0,0,,,,,,"",""
ball,4,20.7,Central Stags,WC Ludick,JD Ryder,IG McPeake,4,0,,,,,,"",""
ball,4,21.1,Central Stags,JD Ryder,WC Ludick,JS Patel,0,0,,,,,,"",""
ball,4,21.2,Central Stags,JD Ryder,WC Ludick,JS Patel,0,0,,,,,,"",""
ball,4,21.3,Central Stags,JD Ryder,WC Ludick,JS Patel,0,0,,,,,,"",""
ball,4,21.4,Central Stags,JD Ryder,WC Ludick,JS Patel,1,0,,,,,,"",""
ball,4,21.5,Central Stags,WC Ludick,JD Ryder,JS Patel,0,0,,,,,,"",""
ball,4,21.6,Central Stags,WC Ludick,JD Ryder,JS Patel,1,0,,,,,,"",""
ball,4,22.1,Central Stags,WC Ludick,JD Ryder,OR Newton,0,0,,,,,,"",""
ball,4,22.2,Central Stags,WC Ludick,JD Ryder,OR Newton,4,0,,,,,,"",""
ball,4,22.3,Central Stags,WC Ludick,JD Ryder,OR Newton,2,0,,,,,,"",""
ball,4,22.4,Central Stags,WC Ludick,JD Ryder,OR Newton,0,0,,,,,,"",""
ball,4,22.5,Central Stags,WC Ludick,JD Ryder,OR Newton,2,0,,,,,,"",""
ball,4,22.6,Central Stags,WC Ludick,JD Ryder,OR Newton,0,0,,,,,,"",""
ball,4,23.1,Central Stags,JD Ryder,WC Ludick,JS Patel,1,0,,,,,,"",""
ball,4,23.2,Central Stags,WC Ludick,JD Ryder,JS Patel,0,0,,,,,,"",""
ball,4,23.3,Central Stags,WC Ludick,JD Ryder,JS Patel,0,0,,,,,,"",""
ball,4,23.4,Central Stags,WC Ludick,JD Ryder,JS Patel,0,0,,,,,,"",""
ball,4,23.5,Central Stags,WC Ludick,JD Ryder,JS Patel,0,0,,,,,,"",""
ball,4,23.6,Central Stags,WC Ludick,JD Ryder,JS Patel,0,0,,,,,,"",""
ball,4,24.1,Central Stags,JD Ryder,WC Ludick,OR Newton,0,0,,,,,,"",""
ball,4,24.2,Central Stags,JD Ryder,WC Ludick,OR Newton,1,0,,,,,,"",""
ball,4,24.3,Central Stags,WC Ludick,JD Ryder,OR Newton,0,0,,,,,,"",""
ball,4,24.4,Central Stags,WC Ludick,JD Ryder,OR Newton,0,0,,,,,,"",""
ball,4,24.5,Central Stags,WC Ludick,JD Ryder,OR Newton,0,0,,,,,,"",""
ball,4,24.6,Central Stags,WC Ludick,JD Ryder,OR Newton,0,0,,,,,,"",""
ball,4,25.1,Central Stags,JD Ryder,WC Ludick,JS Patel,0,0,,,,,,"",""
ball,4,25.2,Central Stags,JD Ryder,WC Ludick,JS Patel,0,0,,,,,,"",""
ball,4,25.3,Central Stags,JD Ryder,WC Ludick,JS Patel,0,0,,,,,,"",""
ball,4,25.4,Central Stags,JD Ryder,WC Ludick,JS Patel,1,0,,,,,,"",""
ball,4,25.5,Central Stags,WC Ludick,JD Ryder,JS Patel,0,0,,,,,,"",""
ball,4,25.6,Central Stags,WC Ludick,JD Ryder,JS Patel,0,0,,,,,,"",""
ball,4,26.1,Central Stags,JD Ryder,WC Ludick,OR Newton,1,0,,,,,,"",""
ball,4,26.2,Central Stags,WC Ludick,JD Ryder,OR Newton,0,0,,,,,,caught,WC Ludick
ball,4,26.3,Central Stags,AF Milne,JD Ryder,OR Newton,0,0,,,,,,"",""
ball,4,26.4,Central Stags,AF Milne,JD Ryder,OR Newton,0,0,,,,,,"",""
ball,4,26.5,Central Stags,AF Milne,JD Ryder,OR Newton,0,0,,,,,,"",""
ball,4,26.6,Central Stags,AF Milne,JD Ryder,OR Newton,0,0,,,,,,"",""
ball,4,27.1,Central Stags,JD Ryder,AF Milne,JS Patel,2,0,,,,,,"",""
ball,4,27.2,Central Stags,JD Ryder,AF Milne,JS Patel,0,0,,,,,,"",""
ball,4,27.3,Central Stags,JD Ryder,AF Milne,JS Patel,1,0,,,,,,"",""
ball,4,27.4,Central Stags,AF Milne,JD Ryder,JS Patel,0,0,,,,,,"",""
ball,4,27.5,Central Stags,AF Milne,JD Ryder,JS Patel,0,0,,,,,,"",""
ball,4,27.6,Central Stags,AF Milne,JD Ryder,JS Patel,0,0,,,,,,"",""
ball,4,28.1,Central Stags,JD Ryder,AF Milne,OR Newton,0,0,,,,,,"",""
ball,4,28.2,Central Stags,JD Ryder,AF Milne,OR Newton,1,0,,,,,,"",""
ball,4,28.3,Central Stags,AF Milne,JD Ryder,OR Newton,1,0,,,,,,"",""
ball,4,28.4,Central Stags,JD Ryder,AF Milne,OR Newton,1,0,,,,,,"",""
ball,4,28.5,Central Stags,AF Milne,JD Ryder,OR Newton,0,0,,,,,,"",""
ball,4,28.6,Central Stags,AF Milne,JD Ryder,OR Newton,0,1,,,,1,,"",""
ball,4,29.1,Central Stags,AF Milne,JD Ryder,JS Patel,0,0,,,,,,"",""
ball,4,29.2,Central Stags,AF Milne,JD Ryder,JS Patel,0,0,,,,,,"",""
ball,4,29.3,Central Stags,AF Milne,JD Ryder,JS Patel,0,0,,,,,,"",""
ball,4,29.4,Central Stags,AF Milne,JD Ryder,JS Patel,0,0,,,,,,"",""
ball,4,29.5,Central Stags,AF Milne,JD Ryder,JS Patel,0,0,,,,,,"",""
ball,4,29.6,Central Stags,AF Milne,JD Ryder,JS Patel,0,0,,,,,,"",""
ball,4,30.1,Central Stags,JD Ryder,AF Milne,OR Newton,0,0,,,,,,"",""
ball,4,30.2,Central Stags,JD Ryder,AF Milne,OR Newton,1,0,,,,,,"",""
ball,4,30.3,Central Stags,AF Milne,JD Ryder,OR Newton,2,0,,,,,,"",""
ball,4,30.4,Central Stags,AF Milne,JD Ryder,OR Newton,0,0,,,,,,"",""
ball,4,30.5,Central Stags,AF Milne,JD Ryder,OR Newton,0,0,,,,,,"",""
ball,4,30.6,Central Stags,AF Milne,JD Ryder,OR Newton,1,0,,,,,,"",""
ball,4,31.1,Central Stags,AF Milne,JD Ryder,JS Patel,0,0,,,,,,"",""
ball,4,31.2,Central Stags,AF Milne,JD Ryder,JS Patel,0,0,,,,,,"",""
ball,4,31.3,Central Stags,AF Milne,JD Ryder,JS Patel,0,0,,,,,,"",""
ball,4,31.4,Central Stags,AF Milne,JD Ryder,JS Patel,0,0,,,,,,"",""
ball,4,31.5,Central Stags,AF Milne,JD Ryder,JS Patel,0,0,,,,,,"",""
ball,4,31.6,Central Stags,AF Milne,JD Ryder,JS Patel,0,0,,,,,,"",""
ball,4,32.1,Central Stags,JD Ryder,AF Milne,IG McPeake,0,0,,,,,,caught,JD Ryder
ball,4,32.2,Central Stags,BJ Small,AF Milne,IG McPeake,0,0,,,,,,"",""
ball,4,32.3,Central Stags,BJ Small,AF Milne,IG McPeake,0,0,,,,,,"",""
ball,4,32.4,Central Stags,BJ Small,AF Milne,IG McPeake,0,0,,,,,,"",""
ball,4,32.5,Central Stags,BJ Small,AF Milne,IG McPeake,0,0,,,,,,"",""
ball,4,32.6,Central Stags,BJ Small,AF Milne,IG McPeake,0,0,,,,,,"",""
ball,4,33.1,Central Stags,AF Milne,BJ Small,JS Patel,0,0,,,,,,"",""
ball,4,33.2,Central Stags,AF Milne,BJ Small,JS Patel,0,0,,,,,,"",""
ball,4,33.3,Central Stags,AF Milne,BJ Small,JS Patel,0,0,,,,,,"",""
ball,4,33.4,Central Stags,AF Milne,BJ Small,JS Patel,0,0,,,,,,"",""
ball,4,33.5,Central Stags,AF Milne,BJ Small,JS Patel,0,0,,,,,,"",""
ball,4,33.6,Central Stags,AF Milne,BJ Small,JS Patel,0,0,,,,,,"",""
ball,4,34.1,Central Stags,BJ Small,AF Milne,IG McPeake,0,0,,,,,,"",""
ball,4,34.2,Central Stags,BJ Small,AF Milne,IG McPeake,0,0,,,,,,"",""
ball,4,34.3,Central Stags,BJ Small,AF Milne,IG McPeake,0,0,,,,,,"",""
ball,4,34.4,Central Stags,BJ Small,AF Milne,IG McPeake,0,0,,,,,,"",""
ball,4,34.5,Central Stags,BJ Small,AF Milne,IG McPeake,1,0,,,,,,"",""
ball,4,34.6,Central Stags,AF Milne,BJ Small,IG McPeake,0,0,,,,,,"",""
ball,4,35.1,Central Stags,BJ Small,AF Milne,JS Patel,3,0,,,,,,"",""
ball,4,35.2,Central Stags,AF Milne,BJ Small,JS Patel,0,0,,,,,,"",""
ball,4,35.3,Central Stags,AF Milne,BJ Small,JS Patel,0,0,,,,,,"",""
ball,4,35.4,Central Stags,AF Milne,BJ Small,JS Patel,0,0,,,,,,"",""
ball,4,35.5,Central Stags,AF Milne,BJ Small,JS Patel,0,0,,,,,,"",""
ball,4,35.6,Central Stags,AF Milne,BJ Small,JS Patel,0,0,,,,,,"",""
ball,4,36.1,Central Stags,BJ Small,AF Milne,IG McPeake,0,0,,,,,,"",""
ball,4,36.2,Central Stags,BJ Small,AF Milne,IG McPeake,4,0,,,,,,"",""
ball,4,36.3,Central Stags,BJ Small,AF Milne,IG McPeake,0,0,,,,,,"",""
ball,4,36.4,Central Stags,BJ Small,AF Milne,IG McPeake,0,0,,,,,,"",""
ball,4,36.5,Central Stags,BJ Small,AF Milne,IG McPeake,0,0,,,,,,"",""
ball,4,36.6,Central Stags,BJ Small,AF Milne,IG McPeake,0,0,,,,,,"",""
ball,4,37.1,Central Stags,AF Milne,BJ Small,JS Patel,0,0,,,,,,"",""
ball,4,37.2,Central Stags,AF Milne,BJ Small,JS Patel,0,0,,,,,,"",""
ball,4,37.3,Central Stags,AF Milne,BJ Small,JS Patel,0,0,,,,,,"",""
ball,4,37.4,Central Stags,AF Milne,BJ Small,JS Patel,0,0,,,,,,"",""
ball,4,37.5,Central Stags,AF Milne,BJ Small,JS Patel,0,0,,,,,,"",""
ball,4,37.6,Central Stags,AF Milne,BJ Small,JS Patel,0,0,,,,,,"",""
ball,4,38.1,Central Stags,BJ Small,AF Milne,IG McPeake,1,0,,,,,,"",""
ball,4,38.2,Central Stags,AF Milne,BJ Small,IG McPeake,0,0,,,,,,caught,AF Milne
ball,4,38.3,Central Stags,FJM Murray,BJ Small,IG McPeake,0,0,,,,,,"",""
ball,4,38.4,Central Stags,FJM Murray,BJ Small,IG McPeake,0,0,,,,,,"",""
ball,4,38.5,Central Stags,FJM Murray,BJ Small,IG McPeake,0,0,,,,,,"",""
ball,4,38.6,Central Stags,FJM Murray,BJ Small,IG McPeake,0,0,,,,,,"",""
ball,4,39.1,Central Stags,BJ Small,FJM Murray,JS Patel,0,0,,,,,,"",""
ball,4,39.2,Central Stags,BJ Small,FJM Murray,JS Patel,0,0,,,,,,"",""
ball,4,39.3,Central Stags,BJ Small,FJM Murray,JS Patel,0,0,,,,,,"",""
ball,4,39.4,Central Stags,BJ Small,FJM Murray,JS Patel,0,0,,,,,,"",""
ball,4,39.5,Central Stags,BJ Small,FJM Murray,JS Patel,0,0,,,,,,"",""
ball,4,39.6,Central Stags,BJ Small,FJM Murray,JS Patel,0,0,,,,,,"",""
ball,4,40.1,Central Stags,FJM Murray,BJ Small,IG McPeake,0,0,,,,,,"",""
ball,4,40.2,Central Stags,FJM Murray,BJ Small,IG McPeake,0,0,,,,,,"",""
ball,4,40.3,Central Stags,FJM Murray,BJ Small,IG McPeake,1,0,,,,,,"",""
ball,4,40.4,Central Stags,BJ Small,FJM Murray,IG McPeake,0,0,,,,,,"",""
ball,4,40.5,Central Stags,BJ Small,FJM Murray,IG McPeake,0,0,,,,,,"",""
ball,4,40.6,Central Stags,BJ Small,FJM Murray,IG McPeake,0,0,,,,,,"",""
ball,4,41.1,Central Stags,FJM Murray,BJ Small,JS Patel,0,0,,,,,,"",""
ball,4,41.2,Central Stags,FJM Murray,BJ Small,JS Patel,0,0,,,,,,"",""
ball,4,41.3,Central Stags,FJM Murray,BJ Small,JS Patel,0,0,,,,,,"",""
ball,4,41.4,Central Stags,FJM Murray,BJ Small,JS Patel,0,0,,,,,,"",""
ball,4,41.5,Central Stags,FJM Murray,BJ Small,JS Patel,0,0,,,,,,"",""
ball,4,41.6,Central Stags,FJM Murray,BJ Small,JS Patel,0,0,,,,,,"",""
ball,4,42.1,Central Stags,BJ Small,FJM Murray,IG McPeake,0,0,,,,,,"",""
ball,4,42.2,Central Stags,BJ Small,FJM Murray,IG McPeake,0,0,,,,,,"",""
ball,4,42.3,Central Stags,BJ Small,FJM Murray,IG McPeake,0,0,,,,,,"",""
ball,4,42.4,Central Stags,BJ Small,FJM Murray,IG McPeake,0,0,,,,,,"",""
ball,4,42.5,Central Stags,BJ Small,FJM Murray,IG McPeake,0,0,,,,,,"",""
ball,4,42.6,Central Stags,BJ Small,FJM Murray,IG McPeake,0,0,,,,,,"",""
ball,4,43.1,Central Stags,FJM Murray,BJ Small,JS Patel,0,0,,,,,,"",""
ball,4,43.2,Central Stags,FJM Murray,BJ Small,JS Patel,0,0,,,,,,"",""
ball,4,43.3,Central Stags,FJM Murray,BJ Small,JS Patel,0,0,,,,,,"",""
ball,4,43.4,Central Stags,FJM Murray,BJ Small,JS Patel,0,0,,,,,,"",""
ball,4,43.5,Central Stags,FJM Murray,BJ Small,JS Patel,0,0,,,,,,"",""
ball,4,43.6,Central Stags,FJM Murray,BJ Small,JS Patel,0,0,,,,,,"",""
ball,4,44.1,Central Stags,BJ Small,FJM Murray,OR Newton,0,0,,,,,,"",""
ball,4,44.2,Central Stags,BJ Small,FJM Murray,OR Newton,2,0,,,,,,"",""
ball,4,44.3,Central Stags,BJ Small,FJM Murray,OR Newton,0,0,,,,,,"",""
ball,4,44.4,Central Stags,BJ Small,FJM Murray,OR Newton,0,0,,,,,,"",""
ball,4,44.5,Central Stags,BJ Small,FJM Murray,OR Newton,0,0,,,,,,"",""
ball,4,44.6,Central Stags,BJ Small,FJM Murray,OR Newton,1,0,,,,,,"",""
ball,4,45.1,Central Stags,BJ Small,FJM Murray,JS Patel,0,0,,,,,,"",""
ball,4,45.2,Central Stags,BJ Small,FJM Murray,JS Patel,0,0,,,,,,"",""
ball,4,45.3,Central Stags,BJ Small,FJM Murray,JS Patel,0,0,,,,,,"",""
ball,4,45.4,Central Stags,BJ Small,FJM Murray,JS Patel,0,0,,,,,,"",""
ball,4,45.5,Central Stags,BJ Small,FJM Murray,JS Patel,0,0,,,,,,"",""
ball,4,45.6,Central Stags,BJ Small,FJM Murray,JS Patel,0,0,,,,,,"",""
ball,4,46.1,Central Stags,FJM Murray,BJ Small,OR Newton,4,0,,,,,,"",""
ball,4,46.2,Central Stags,FJM Murray,BJ Small,OR Newton,0,0,,,,,,"",""
ball,4,46.3,Central Stags,FJM Murray,BJ Small,OR Newton,0,0,,,,,,"",""
ball,4,46.4,Central Stags,FJM Murray,BJ Small,OR Newton,0,0,,,,,,"",""
ball,4,46.5,Central Stags,FJM Murray,BJ Small,OR Newton,2,0,,,,,,"",""
ball,4,46.6,Central Stags,FJM Murray,BJ Small,OR Newton,0,0,,,,,,"",""
ball,4,47.1,Central Stags,BJ Small,FJM Murray,IG McPeake,1,0,,,,,,"",""
ball,4,47.2,Central Stags,FJM Murray,BJ Small,IG McPeake,0,0,,,,,,"",""
ball,4,47.3,Central Stags,FJM Murray,BJ Small,IG McPeake,0,0,,,,,,"",""
ball,4,47.4,Central Stags,FJM Murray,BJ Small,IG McPeake,2,0,,,,,,"",""
ball,4,47.5,Central Stags,FJM Murray,BJ Small,IG McPeake,0,0,,,,,,"",""
ball,4,47.6,Central Stags,FJM Murray,BJ Small,IG McPeake,0,0,,,,,,"",""
ball,4,48.1,Central Stags,BJ Small,FJM Murray,OR Newton,0,0,,,,,,"",""
ball,4,48.2,Central Stags,BJ Small,FJM Murray,OR Newton,0,0,,,,,,"",""
ball,4,48.3,Central Stags,BJ Small,FJM Murray,OR Newton,0,0,,,,,,"",""
ball,4,48.4,Central Stags,BJ Small,FJM Murray,OR Newton,0,0,,,,,,"",""
ball,4,48.5,Central Stags,BJ Small,FJM Murray,OR Newton,0,0,,,,,,"",""
ball,4,48.6,Central Stags,BJ Small,FJM Murray,OR Newton,4,0,,,,,,"",""
ball,4,49.1,Central Stags,FJM Murray,BJ Small,JS Patel,0,0,,,,,,"",""
ball,4,49.2,Central Stags,FJM Murray,BJ Small,JS Patel,0,0,,,,,,"",""
ball,4,49.3,Central Stags,FJM Murray,BJ Small,JS Patel,0,0,,,,,,"",""
ball,4,49.4,Central Stags,FJM Murray,BJ Small,JS Patel,0,0,,,,,,"",""
ball,4,49.5,Central Stags,FJM Murray,BJ Small,JS Patel,0,0,,,,,,"",""
ball,4,49.6,Central Stags,FJM Murray,BJ Small,JS Patel,0,0,,,,,,"",""
ball,4,50.1,Central Stags,BJ Small,FJM Murray,OR Newton,0,0,,,,,,"",""
ball,4,50.2,Central Stags,BJ Small,FJM Murray,OR Newton,0,0,,,,,,"",""
ball,4,50.3,Central Stags,BJ Small,FJM Murray,OR Newton,0,0,,,,,,"",""
ball,4,50.4,Central Stags,BJ Small,FJM Murray,OR Newton,0,0,,,,,,"",""
ball,4,50.5,Central Stags,BJ Small,FJM Murray,OR Newton,0,0,,,,,,"",""
ball,4,50.6,Central Stags,BJ Small,FJM Murray,OR Newton,1,0,,,,,,"",""
ball,4,51.1,Central Stags,BJ Small,FJM Murray,JS Patel,0,0,,,,,,"",""
ball,4,51.2,Central Stags,BJ Small,FJM Murray,JS Patel,0,0,,,,,,"",""
ball,4,51.3,Central Stags,BJ Small,FJM Murray,JS Patel,0,0,,,,,,"",""
ball,4,51.4,Central Stags,BJ Small,FJM Murray,JS Patel,0,0,,,,,,"",""
ball,4,51.5,Central Stags,BJ Small,FJM Murray,JS Patel,0,0,,,,,,"",""
ball,4,51.6,Central Stags,BJ Small,FJM Murray,JS Patel,0,0,,,,,,"",""
ball,4,52.1,Central Stags,FJM Murray,BJ Small,IG McPeake,0,0,,,,,,"",""
ball,4,52.2,Central Stags,FJM Murray,BJ Small,IG McPeake,0,0,,,,,,"",""
ball,4,52.3,Central Stags,FJM Murray,BJ Small,IG McPeake,0,0,,,,,,"",""
ball,4,52.4,Central Stags,FJM Murray,BJ Small,IG McPeake,0,0,,,,,,"",""
ball,4,52.5,Central Stags,FJM Murray,BJ Small,IG McPeake,0,0,,,,,,"",""
ball,4,52.6,Central Stags,FJM Murray,BJ Small,IG McPeake,2,0,,,,,,"",""
ball,4,53.1,Central Stags,BJ Small,FJM Murray,JS Patel,0,0,,,,,,"",""
ball,4,53.2,Central Stags,BJ Small,FJM Murray,JS Patel,0,0,,,,,,"",""
ball,4,53.3,Central Stags,BJ Small,FJM Murray,JS Patel,0,0,,,,,,"",""
ball,4,53.4,Central Stags,BJ Small,FJM Murray,JS Patel,0,0,,,,,,"",""
ball,4,53.5,Central Stags,BJ Small,FJM Murray,JS Patel,0,0,,,,,,"",""
ball,4,53.6,Central Stags,BJ Small,FJM Murray,JS Patel,0,0,,,,,,"",""
ball,4,54.1,Central Stags,FJM Murray,BJ Small,IG McPeake,0,0,,,,,,"",""
ball,4,54.2,Central Stags,FJM Murray,BJ Small,IG McPeake,0,0,,,,,,"",""
ball,4,54.3,Central Stags,FJM Murray,BJ Small,IG McPeake,0,0,,,,,,"",""
ball,4,54.4,Central Stags,FJM Murray,BJ Small,IG McPeake,0,0,,,,,,"",""
ball,4,54.5,Central Stags,FJM Murray,BJ Small,IG McPeake,0,0,,,,,,"",""
ball,4,54.6,Central Stags,FJM Murray,BJ Small,IG McPeake,0,0,,,,,,"",""
ball,4,55.1,Central Stags,BJ Small,FJM Murray,JS Patel,0,0,,,,,,"",""
ball,4,55.2,Central Stags,BJ Small,FJM Murray,JS Patel,0,0,,,,,,"",""
ball,4,55.3,Central Stags,BJ Small,FJM Murray,JS Patel,2,0,,,,,,"",""
ball,4,55.4,Central Stags,BJ Small,FJM Murray,JS Patel,0,0,,,,,,"",""
ball,4,55.5,Central Stags,BJ Small,FJM Murray,JS Patel,0,0,,,,,,"",""
ball,4,55.6,Central Stags,BJ Small,FJM Murray,JS Patel,0,0,,,,,,"",""
ball,4,56.1,Central Stags,FJM Murray,BJ Small,IG McPeake,0,0,,,,,,"",""
ball,4,56.2,Central Stags,FJM Murray,BJ Small,IG McPeake,1,0,,,,,,"",""
ball,4,56.3,Central Stags,BJ Small,FJM Murray,IG McPeake,0,0,,,,,,"",""
ball,4,56.4,Central Stags,BJ Small,FJM Murray,IG McPeake,0,0,,,,,,"",""
ball,4,56.5,Central Stags,BJ Small,FJM Murray,IG McPeake,0,0,,,,,,"",""
ball,4,56.6,Central Stags,BJ Small,FJM Murray,IG McPeake,0,0,,,,,,"",""
