version,1.7.0
info,balls_per_over,6
info,team,Auckland Aces
info,team,Northern Districts
info,gender,male
info,season,2019/20
info,date,2020/03/01
info,date,2020/03/02
info,date,2020/03/03
info,date,2020/03/04
info,event,Plunket Shield
info,venue,Kennards Hire Community Oval
info,city,
info,toss_winner,Auckland Aces
info,toss_decision,field
info,umpire,A Mehrotra
info,umpire,WR Knights
info,match_referee,RA Dykes
info,winner,Auckland Aces
info,winner_wickets,1
info,player,Auckland Aces,JA Raval
info,player,Auckland Aces,MJ Guptill
info,player,Auckland Aces,GD Phillips
info,player,Auckland Aces,MS Chapman
info,player,Auckland Aces,RR O'Donnell
info,player,Auckland Aces,SM Solia
info,player,Auckland Aces,BJ Horne
info,player,Auckland Aces,LH Ferguson
info,player,Auckland Aces,BG Lister
info,player,Auckland Aces,L Delport
info,player,Auckland Aces,MB McEwan
info,player,Northern Districts,HR Cooper
info,player,Northern Districts,TL Seifert
info,player,Northern Districts,B Popli
info,player,Northern Districts,JF Carter
info,player,Northern Districts,MJ Santner
info,player,Northern Districts,KD Clarke
info,player,Northern Districts,PD Bocock
info,player,Northern Districts,SC Kuggeleijn
info,player,Northern Districts,IS Sodhi
info,player,Northern Districts,BG Randell
info,player,Northern Districts,JD Baker
info,registry,people,A Mehrotra,f336ff13
info,registry,people,B Popli,848487cf
info,registry,people,BG Lister,79f5bc26
info,registry,people,BG Randell,dbeb6733
info,registry,people,BJ Horne,5d99a16a
info,registry,people,GD Phillips,9a46c4e5
info,registry,people,HR Cooper,99528b4b
info,registry,people,IS Sodhi,641ac5ff
info,registry,people,JA Raval,5f966ec0
info,registry,people,JD Baker,10f7b52b
info,registry,people,JF Carter,125fa4de
info,registry,people,KD Clarke,7a12be0a
info,registry,people,L Delport,2c1438ef
info,registry,people,LH Ferguson,2f9d0389
info,registry,people,MB McEwan,b87fb772
info,registry,people,MJ Guptill,2be41edb
info,registry,people,MJ Santner,e4a0deae
info,registry,people,MS Chapman,7fa12533
info,registry,people,PD Bocock,329b08c2
info,registry,people,RA Dykes,e5c6f48b
info,registry,people,RR O'Donnell,2742086d
info,registry,people,SC Kuggeleijn,fef92afc
info,registry,people,SM Solia,fd9f43bb
info,registry,people,TL Seifert,4663bd23
info,registry,people,WR Knights,63cbf8d8
ball,1,0.1,Northern Districts,HR Cooper,TL Seifert,MB McEwan,0,0,,,,,,"",""
ball,1,0.2,Northern Districts,HR Cooper,TL Seifert,MB McEwan,0,0,,,,,,"",""
ball,1,0.3,Northern Districts,HR Cooper,TL Seifert,MB McEwan,0,0,,,,,,"",""
ball,1,0.4,Northern Districts,HR Cooper,TL Seifert,MB McEwan,0,0,,,,,,"",""
ball,1,0.5,Northern Districts,HR Cooper,TL Seifert,MB McEwan,0,0,,,,,,"",""
ball,1,0.6,Northern Districts,HR Cooper,TL Seifert,MB McEwan,0,0,,,,,,"",""
ball,1,1.1,Northern Districts,TL Seifert,HR Cooper,BG Lister,0,0,,,,,,"",""
ball,1,1.2,Northern Districts,TL Seifert,HR Cooper,BG Lister,0,0,,,,,,"",""
ball,1,1.3,Northern Districts,TL Seifert,HR Cooper,BG Lister,0,0,,,,,,"",""
ball,1,1.4,Northern Districts,TL Seifert,HR Cooper,BG Lister,0,0,,,,,,"",""
ball,1,1.5,Northern Districts,TL Seifert,HR Cooper,BG Lister,0,0,,,,,,"",""
ball,1,1.6,Northern Districts,TL Seifert,HR Cooper,BG Lister,0,0,,,,,,"",""
ball,1,2.1,Northern Districts,HR Cooper,TL Seifert,MB McEwan,0,0,,,,,,"",""
ball,1,2.2,Northern Districts,HR Cooper,TL Seifert,MB McEwan,0,0,,,,,,"",""
ball,1,2.3,Northern Districts,HR Cooper,TL Seifert,MB McEwan,0,0,,,,,,"",""
ball,1,2.4,Northern Districts,HR Cooper,TL Seifert,MB McEwan,0,0,,,,,,"",""
ball,1,2.5,Northern Districts,HR Cooper,TL Seifert,MB McEwan,0,0,,,,,,"",""
ball,1,2.6,Northern Districts,HR Cooper,TL Seifert,MB McEwan,0,0,,,,,,"",""
ball,1,3.1,Northern Districts,TL Seifert,HR Cooper,BG Lister,0,0,,,,,,"",""
ball,1,3.2,Northern Districts,TL Seifert,HR Cooper,BG Lister,0,0,,,,,,"",""
ball,1,3.3,Northern Districts,TL Seifert,HR Cooper,BG Lister,4,0,,,,,,"",""
ball,1,3.4,Northern Districts,TL Seifert,HR Cooper,BG Lister,0,0,,,,,,"",""
ball,1,3.5,Northern Districts,TL Seifert,HR Cooper,BG Lister,0,0,,,,,,"",""
ball,1,3.6,Northern Districts,TL Seifert,HR Cooper,BG Lister,0,0,,,,,,"",""
ball,1,4.1,Northern Districts,HR Cooper,TL Seifert,MB McEwan,0,0,,,,,,"",""
ball,1,4.2,Northern Districts,HR Cooper,TL Seifert,MB McEwan,0,1,,,,1,,"",""
ball,1,4.3,Northern Districts,TL Seifert,HR Cooper,MB McEwan,0,1,,1,,,,"",""
ball,1,4.4,Northern Districts,TL Seifert,HR Cooper,MB McEwan,0,0,,,,,,"",""
ball,1,4.5,Northern Districts,TL Seifert,HR Cooper,MB McEwan,0,0,,,,,,"",""
ball,1,4.6,Northern Districts,TL Seifert,HR Cooper,MB McEwan,0,0,,,,,,"",""
ball,1,4.7,Northern Districts,TL Seifert,HR Cooper,MB McEwan,0,0,,,,,,"",""
ball,1,5.1,Northern Districts,HR Cooper,TL Seifert,BG Lister,0,0,,,,,,"",""
ball,1,5.2,Northern Districts,HR Cooper,TL Seifert,BG Lister,3,0,,,,,,"",""
ball,1,5.3,Northern Districts,TL Seifert,HR Cooper,BG Lister,0,0,,,,,,"",""
ball,1,5.4,Northern Districts,TL Seifert,HR Cooper,BG Lister,0,0,,,,,,"",""
ball,1,5.5,Northern Districts,TL Seifert,HR Cooper,BG Lister,3,0,,,,,,"",""
ball,1,5.6,Northern Districts,HR Cooper,TL Seifert,BG Lister,0,0,,,,,,"",""
ball,1,6.1,Northern Districts,TL Seifert,HR Cooper,MB McEwan,0,0,,,,,,"",""
ball,1,6.2,Northern Districts,TL Seifert,HR Cooper,MB McEwan,0,0,,,,,,"",""
ball,1,6.3,Northern Districts,TL Seifert,HR Cooper,MB McEwan,0,0,,,,,,"",""
ball,1,6.4,Northern Districts,TL Seifert,HR Cooper,MB McEwan,0,0,,,,,,"",""
ball,1,6.5,Northern Districts,TL Seifert,HR Cooper,MB McEwan,0,1,,,,1,,"",""
ball,1,6.6,Northern Districts,HR Cooper,TL Seifert,MB McEwan,0,0,,,,,,"",""
ball,1,7.1,Northern Districts,TL Seifert,HR Cooper,BG Lister,1,0,,,,,,"",""
ball,1,7.2,Northern Districts,HR Cooper,TL Seifert,BG Lister,0,0,,,,,,"",""
ball,1,7.3,Northern Districts,HR Cooper,TL Seifert,BG Lister,0,0,,,,,,"",""
ball,1,7.4,Northern Districts,HR Cooper,TL Seifert,BG Lister,0,0,,,,,,"",""
ball,1,7.5,Northern Districts,HR Cooper,TL Seifert,BG Lister,0,0,,,,,,"",""
ball,1,7.6,Northern Districts,HR Cooper,TL Seifert,BG Lister,1,0,,,,,,"",""
ball,1,8.1,Northern Districts,HR Cooper,TL Seifert,MB McEwan,0,0,,,,,,"",""
ball,1,8.2,Northern Districts,HR Cooper,TL Seifert,MB McEwan,0,0,,,,,,"",""
ball,1,8.3,Northern Districts,HR Cooper,TL Seifert,MB McEwan,0,0,,,,,,"",""
ball,1,8.4,Northern Districts,HR Cooper,TL Seifert,MB McEwan,0,0,,,,,,"",""
ball,1,8.5,Northern Districts,HR Cooper,TL Seifert,MB McEwan,0,0,,,,,,"",""
ball,1,8.6,Northern Districts,HR Cooper,TL Seifert,MB McEwan,0,0,,,,,,"",""
ball,1,9.1,Northern Districts,TL Seifert,HR Cooper,BG Lister,0,0,,,,,,"",""
ball,1,9.2,Northern Districts,TL Seifert,HR Cooper,BG Lister,0,0,,,,,,"",""
ball,1,9.3,Northern Districts,TL Seifert,HR Cooper,BG Lister,0,0,,,,,,"",""
ball,1,9.4,Northern Districts,TL Seifert,HR Cooper,BG Lister,1,0,,,,,,"",""
ball,1,9.5,Northern Districts,HR Cooper,TL Seifert,BG Lister,0,0,,,,,,"",""
ball,1,9.6,Northern Districts,HR Cooper,TL Seifert,BG Lister,0,0,,,,,,"",""
ball,1,10.1,Northern Districts,TL Seifert,HR Cooper,LH Ferguson,0,0,,,,,,"",""
ball,1,10.2,Northern Districts,TL Seifert,HR Cooper,LH Ferguson,0,0,,,,,,"",""
ball,1,10.3,Northern Districts,TL Seifert,HR Cooper,LH Ferguson,0,0,,,,,,"",""
ball,1,10.4,Northern Districts,TL Seifert,HR Cooper,LH Ferguson,0,0,,,,,,"",""
ball,1,10.5,Northern Districts,TL Seifert,HR Cooper,LH Ferguson,2,0,,,,,,"",""
ball,1,10.6,Northern Districts,TL Seifert,HR Cooper,LH Ferguson,0,0,,,,,,"",""
ball,1,11.1,Northern Districts,HR Cooper,TL Seifert,BG Lister,0,0,,,,,,"",""
ball,1,11.2,Northern Districts,HR Cooper,TL Seifert,BG Lister,0,0,,,,,,"",""
ball,1,11.3,Northern Districts,HR Cooper,TL Seifert,BG Lister,0,0,,,,,,"",""
ball,1,11.4,Northern Districts,HR Cooper,TL Seifert,BG Lister,0,0,,,,,,"",""
ball,1,11.5,Northern Districts,HR Cooper,TL Seifert,BG Lister,0,0,,,,,,"",""
ball,1,11.6,Northern Districts,HR Cooper,TL Seifert,BG Lister,0,1,,1,,,,"",""
ball,1,11.7,Northern Districts,HR Cooper,TL Seifert,BG Lister,0,0,,,,,,"",""
ball,1,12.1,Northern Districts,TL Seifert,HR Cooper,LH Ferguson,0,0,,,,,,"",""
ball,1,12.2,Northern Districts,TL Seifert,HR Cooper,LH Ferguson,0,0,,,,,,"",""
ball,1,12.3,Northern Districts,TL Seifert,HR Cooper,LH Ferguson,2,0,,,,,,"",""
ball,1,12.4,Northern Districts,TL Seifert,HR Cooper,LH Ferguson,1,0,,,,,,"",""
ball,1,12.5,Northern Districts,HR Cooper,TL Seifert,LH Ferguson,0,0,,,,,,"",""
ball,1,12.6,Northern Districts,HR Cooper,TL Seifert,LH Ferguson,0,0,,,,,,"",""
ball,1,13.1,Northern Districts,TL Seifert,HR Cooper,MB McEwan,0,0,,,,,,"",""
ball,1,13.2,Northern Districts,TL Seifert,HR Cooper,MB McEwan,0,0,,,,,,"",""
ball,1,13.3,Northern Districts,TL Seifert,HR Cooper,MB McEwan,0,0,,,,,,"",""
ball,1,13.4,Northern Districts,TL Seifert,HR Cooper,MB McEwan,0,0,,,,,,"",""
ball,1,13.5,Northern Districts,TL Seifert,HR Cooper,MB McEwan,0,0,,,,,,"",""
ball,1,13.6,Northern Districts,TL Seifert,HR Cooper,MB McEwan,1,0,,,,,,"",""
ball,1,14.1,Northern Districts,TL Seifert,HR Cooper,LH Ferguson,0,0,,,,,,caught,TL Seifert
ball,1,14.2,Northern Districts,B Popli,HR Cooper,LH Ferguson,0,1,,,1,,,"",""
ball,1,14.3,Northern Districts,HR Cooper,B Popli,LH Ferguson,0,0,,,,,,"",""
ball,1,14.4,Northern Districts,HR Cooper,B Popli,LH Ferguson,0,0,,,,,,"",""
ball,1,14.5,Northern Districts,HR Cooper,B Popli,LH Ferguson,0,0,,,,,,"",""
ball,1,14.6,Northern Districts,HR Cooper,B Popli,LH Ferguson,0,0,,,,,,"",""
ball,1,15.1,Northern Districts,B Popli,HR Cooper,MB McEwan,1,0,,,,,,"",""
ball,1,15.2,Northern Districts,HR Cooper,B Popli,MB McEwan,1,0,,,,,,"",""
ball,1,15.3,Northern Districts,B Popli,HR Cooper,MB McEwan,0,0,,,,,,"",""
ball,1,15.4,Northern Districts,B Popli,HR Cooper,MB McEwan,0,0,,,,,,"",""
ball,1,15.5,Northern Districts,B Popli,HR Cooper,MB McEwan,0,0,,,,,,"",""
ball,1,15.6,Northern Districts,B Popli,HR Cooper,MB McEwan,0,0,,,,,,"",""
ball,1,16.1,Northern Districts,HR Cooper,B Popli,LH Ferguson,1,0,,,,,,"",""
ball,1,16.2,Northern Districts,B Popli,HR Cooper,LH Ferguson,4,0,,,,,,"",""
ball,1,16.3,Northern Districts,B Popli,HR Cooper,LH Ferguson,0,1,,,1,,,"",""
ball,1,16.4,Northern Districts,HR Cooper,B Popli,LH Ferguson,0,0,,,,,,"",""
ball,1,16.5,Northern Districts,HR Cooper,B Popli,LH Ferguson,0,0,,,,,,"",""
ball,1,16.6,Northern Districts,HR Cooper,B Popli,LH Ferguson,2,0,,,,,,"",""
ball,1,17.1,Northern Districts,B Popli,HR Cooper,MB McEwan,0,0,,,,,,"",""
ball,1,17.2,Northern Districts,B Popli,HR Cooper,MB McEwan,1,0,,,,,,"",""
ball,1,17.3,Northern Districts,HR Cooper,B Popli,MB McEwan,0,0,,,,,,"",""
ball,1,17.4,Northern Districts,HR Cooper,B Popli,MB McEwan,0,0,,,,,,"",""
ball,1,17.5,Northern Districts,HR Cooper,B Popli,MB McEwan,4,0,,,,,,"",""
ball,1,17.6,Northern Districts,HR Cooper,B Popli,MB McEwan,1,0,,,,,,"",""
ball,1,18.1,Northern Districts,HR Cooper,B Popli,LH Ferguson,0,0,,,,,,"",""
ball,1,18.2,Northern Districts,HR Cooper,B Popli,LH Ferguson,4,0,,,,,,"",""
ball,1,18.3,Northern Districts,HR Cooper,B Popli,LH Ferguson,2,0,,,,,,"",""
ball,1,18.4,Northern Districts,HR Cooper,B Popli,LH Ferguson,0,0,,,,,,"",""
ball,1,18.5,Northern Districts,HR Cooper,B Popli,LH Ferguson,0,0,,,,,,"",""
ball,1,18.6,Northern Districts,HR Cooper,B Popli,LH Ferguson,0,0,,,,,,"",""
ball,1,19.1,Northern Districts,B Popli,HR Cooper,MB McEwan,0,0,,,,,,"",""
ball,1,19.2,Northern Districts,B Popli,HR Cooper,MB McEwan,0,0,,,,,,"",""
ball,1,19.3,Northern Districts,B Popli,HR Cooper,MB McEwan,0,0,,,,,,"",""
ball,1,19.4,Northern Districts,B Popli,HR Cooper,MB McEwan,0,0,,,,,,"",""
ball,1,19.5,Northern Districts,B Popli,HR Cooper,MB McEwan,1,0,,,,,,"",""
ball,1,19.6,Northern Districts,HR Cooper,B Popli,MB McEwan,1,0,,,,,,"",""
ball,1,20.1,Northern Districts,HR Cooper,B Popli,LH Ferguson,0,0,,,,,,"",""
ball,1,20.2,Northern Districts,HR Cooper,B Popli,LH Ferguson,0,0,,,,,,"",""
ball,1,20.3,Northern Districts,HR Cooper,B Popli,LH Ferguson,0,0,,,,,,"",""
ball,1,20.4,Northern Districts,HR Cooper,B Popli,LH Ferguson,0,0,,,,,,"",""
ball,1,20.5,Northern Districts,HR Cooper,B Popli,LH Ferguson,0,0,,,,,,"",""
ball,1,20.6,Northern Districts,HR Cooper,B Popli,LH Ferguson,0,0,,,,,,"",""
ball,1,21.1,Northern Districts,B Popli,HR Cooper,SM Solia,0,0,,,,,,"",""
ball,1,21.2,Northern Districts,B Popli,HR Cooper,SM Solia,1,0,,,,,,"",""
ball,1,21.3,Northern Districts,HR Cooper,B Popli,SM Solia,0,0,,,,,,"",""
ball,1,21.4,Northern Districts,HR Cooper,B Popli,SM Solia,1,0,,,,,,"",""
ball,1,21.5,Northern Districts,B Popli,HR Cooper,SM Solia,0,0,,,,,,"",""
ball,1,21.6,Northern Districts,B Popli,HR Cooper,SM Solia,0,0,,,,,,"",""
ball,1,22.1,Northern Districts,HR Cooper,B Popli,BG Lister,0,0,,,,,,"",""
ball,1,22.2,Northern Districts,HR Cooper,B Popli,BG Lister,0,0,,,,,,"",""
ball,1,22.3,Northern Districts,HR Cooper,B Popli,BG Lister,0,0,,,,,,"",""
ball,1,22.4,Northern Districts,HR Cooper,B Popli,BG Lister,0,0,,,,,,"",""
ball,1,22.5,Northern Districts,HR Cooper,B Popli,BG Lister,0,0,,,,,,"",""
ball,1,22.6,Northern Districts,HR Cooper,B Popli,BG Lister,0,0,,,,,,"",""
ball,1,23.1,Northern Districts,B Popli,HR Cooper,SM Solia,4,0,,,,,,"",""
ball,1,23.2,Northern Districts,B Popli,HR Cooper,SM Solia,0,0,,,,,,"",""
ball,1,23.3,Northern Districts,B Popli,HR Cooper,SM Solia,0,0,,,,,,"",""
ball,1,23.4,Northern Districts,B Popli,HR Cooper,SM Solia,4,0,,,,,,"",""
ball,1,23.5,Northern Districts,B Popli,HR Cooper,SM Solia,0,0,,,,,,"",""
ball,1,23.6,Northern Districts,B Popli,HR Cooper,SM Solia,2,0,,,,,,"",""
ball,1,24.1,Northern Districts,HR Cooper,B Popli,BG Lister,0,0,,,,,,"",""
ball,1,24.2,Northern Districts,HR Cooper,B Popli,BG Lister,1,0,,,,,,"",""
ball,1,24.3,Northern Districts,B Popli,HR Cooper,BG Lister,0,0,,,,,,"",""
ball,1,24.4,Northern Districts,B Popli,HR Cooper,BG Lister,0,0,,,,,,"",""
ball,1,24.5,Northern Districts,B Popli,HR Cooper,BG Lister,0,0,,,,,,"",""
ball,1,24.6,Northern Districts,B Popli,HR Cooper,BG Lister,3,0,,,,,,"",""
ball,1,25.1,Northern Districts,B Popli,HR Cooper,SM Solia,1,0,,,,,,"",""
ball,1,25.2,Northern Districts,HR Cooper,B Popli,SM Solia,0,0,,,,,,"",""
ball,1,25.3,Northern Districts,HR Cooper,B Popli,SM Solia,0,0,,,,,,"",""
ball,1,25.4,Northern Districts,HR Cooper,B Popli,SM Solia,1,0,,,,,,"",""
ball,1,25.5,Northern Districts,B Popli,HR Cooper,SM Solia,0,0,,,,,,"",""
ball,1,25.6,Northern Districts,B Popli,HR Cooper,SM Solia,0,0,,,,,,"",""
ball,1,26.1,Northern Districts,HR Cooper,B Popli,BG Lister,0,0,,,,,,"",""
ball,1,26.2,Northern Districts,HR Cooper,B Popli,BG Lister,0,0,,,,,,"",""
ball,1,26.3,Northern Districts,HR Cooper,B Popli,BG Lister,0,0,,,,,,"",""
ball,1,26.4,Northern Districts,HR Cooper,B Popli,BG Lister,0,0,,,,,,"",""
ball,1,26.5,Northern Districts,HR Cooper,B Popli,BG Lister,0,0,,,,,,"",""
ball,1,26.6,Northern Districts,HR Cooper,B Popli,BG Lister,0,0,,,,,,"",""
ball,1,27.1,Northern Districts,B Popli,HR Cooper,SM Solia,0,0,,,,,,"",""
ball,1,27.2,Northern Districts,B Popli,HR Cooper,SM Solia,0,0,,,,,,"",""
ball,1,27.3,Northern Districts,B Popli,HR Cooper,SM Solia,0,0,,,,,,"",""
ball,1,27.4,Northern Districts,B Popli,HR Cooper,SM Solia,1,0,,,,,,"",""
ball,1,27.5,Northern Districts,HR Cooper,B Popli,SM Solia,0,0,,,,,,"",""
ball,1,27.6,Northern Districts,HR Cooper,B Popli,SM Solia,0,0,,,,,,"",""
ball,1,28.1,Northern Districts,B Popli,HR Cooper,BG Lister,0,0,,,,,,"",""
ball,1,28.2,Northern Districts,B Popli,HR Cooper,BG Lister,0,0,,,,,,"",""
ball,1,28.3,Northern Districts,B Popli,HR Cooper,BG Lister,0,0,,,,,,"",""
ball,1,28.4,Northern Districts,B Popli,HR Cooper,BG Lister,0,0,,,,,,"",""
ball,1,28.5,Northern Districts,B Popli,HR Cooper,BG Lister,0,0,,,,,,"",""
ball,1,28.6,Northern Districts,B Popli,HR Cooper,BG Lister,0,0,,,,,,"",""
ball,1,29.1,Northern Districts,HR Cooper,B Popli,LH Ferguson,0,0,,,,,,"",""
ball,1,29.2,Northern Districts,HR Cooper,B Popli,LH Ferguson,0,0,,,,,,"",""
ball,1,29.3,Northern Districts,HR Cooper,B Popli,LH Ferguson,0,0,,,,,,"",""
ball,1,29.4,Northern Districts,HR Cooper,B Popli,LH Ferguson,2,0,,,,,,"",""
ball,1,29.5,Northern Districts,HR Cooper,B Popli,LH Ferguson,0,4,,,4,,,"",""
ball,1,29.6,Northern Districts,HR Cooper,B Popli,LH Ferguson,0,0,,,,,,"",""
ball,1,30.1,Northern Districts,B Popli,HR Cooper,BG Lister,0,0,,,,,,"",""
ball,1,30.2,Northern Districts,B Popli,HR Cooper,BG Lister,0,0,,,,,,"",""
ball,1,30.3,Northern Districts,B Popli,HR Cooper,BG Lister,0,0,,,,,,"",""
ball,1,30.4,Northern Districts,B Popli,HR Cooper,BG Lister,0,0,,,,,,"",""
ball,1,30.5,Northern Districts,B Popli,HR Cooper,BG Lister,0,0,,,,,,"",""
ball,1,30.6,Northern Districts,B Popli,HR Cooper,BG Lister,0,0,,,,,,"",""
ball,1,31.1,Northern Districts,HR Cooper,B Popli,LH Ferguson,0,0,,,,,,"",""
ball,1,31.2,Northern Districts,HR Cooper,B Popli,LH Ferguson,0,0,,,,,,"",""
ball,1,31.3,Northern Districts,HR Cooper,B Popli,LH Ferguson,4,0,,,,,,"",""
ball,1,31.4,Northern Districts,HR Cooper,B Popli,LH Ferguson,0,0,,,,,,"",""
ball,1,31.5,Northern Districts,HR Cooper,B Popli,LH Ferguson,0,0,,,,,,"",""
ball,1,31.6,Northern Districts,HR Cooper,B Popli,LH Ferguson,4,0,,,,,,"",""
ball,1,32.1,Northern Districts,B Popli,HR Cooper,BG Lister,0,0,,,,,,"",""
ball,1,32.2,Northern Districts,B Popli,HR Cooper,BG Lister,0,0,,,,,,"",""
ball,1,32.3,Northern Districts,B Popli,HR Cooper,BG Lister,0,0,,,,,,"",""
ball,1,32.4,Northern Districts,B Popli,HR Cooper,BG Lister,0,0,,,,,,"",""
ball,1,32.5,Northern Districts,B Popli,HR Cooper,BG Lister,0,0,,,,,,"",""
ball,1,32.6,Northern Districts,B Popli,HR Cooper,BG Lister,0,0,,,,,,"",""
ball,1,33.1,Northern Districts,HR Cooper,B Popli,LH Ferguson,0,0,,,,,,"",""
ball,1,33.2,Northern Districts,HR Cooper,B Popli,LH Ferguson,0,1,,,,1,,"",""
ball,1,33.3,Northern Districts,B Popli,HR Cooper,LH Ferguson,0,0,,,,,,"",""
ball,1,33.4,Northern Districts,B Popli,HR Cooper,LH Ferguson,0,0,,,,,,"",""
ball,1,33.5,Northern Districts,B Popli,HR Cooper,LH Ferguson,0,0,,,,,,"",""
ball,1,33.6,Northern Districts,B Popli,HR Cooper,LH Ferguson,0,0,,,,,,"",""
ball,1,34.1,Northern Districts,HR Cooper,B Popli,MB McEwan,0,0,,,,,,"",""
ball,1,34.2,Northern Districts,HR Cooper,B Popli,MB McEwan,0,0,,,,,,"",""
ball,1,34.3,Northern Districts,HR Cooper,B Popli,MB McEwan,4,0,,,,,,"",""
ball,1,34.4,Northern Districts,HR Cooper,B Popli,MB McEwan,0,0,,,,,,"",""
ball,1,34.5,Northern Districts,HR Cooper,B Popli,MB McEwan,1,0,,,,,,"",""
ball,1,34.6,Northern Districts,B Popli,HR Cooper,MB McEwan,0,1,,1,,,,"",""
ball,1,34.7,Northern Districts,B Popli,HR Cooper,MB McEwan,0,0,,,,,,"",""
ball,1,35.1,Northern Districts,HR Cooper,B Popli,LH Ferguson,0,0,,,,,,"",""
ball,1,35.2,Northern Districts,HR Cooper,B Popli,LH Ferguson,0,0,,,,,,"",""
ball,1,35.3,Northern Districts,HR Cooper,B Popli,LH Ferguson,0,1,,,1,,,"",""
ball,1,35.4,Northern Districts,B Popli,HR Cooper,LH Ferguson,0,0,,,,,,"",""
ball,1,35.5,Northern Districts,B Popli,HR Cooper,LH Ferguson,0,0,,,,,,"",""
ball,1,35.6,Northern Districts,B Popli,HR Cooper,LH Ferguson,0,0,,,,,,"",""
ball,1,36.1,Northern Districts,HR Cooper,B Popli,MB McEwan,0,0,,,,,,"",""
ball,1,36.2,Northern Districts,HR Cooper,B Popli,MB McEwan,0,0,,,,,,"",""
ball,1,36.3,Northern Districts,HR Cooper,B Popli,MB McEwan,0,0,,,,,,"",""
ball,1,36.4,Northern Districts,HR Cooper,B Popli,MB McEwan,0,0,,,,,,"",""
ball,1,36.5,Northern Districts,HR Cooper,B Popli,MB McEwan,0,0,,,,,,"",""
ball,1,36.6,Northern Districts,HR Cooper,B Popli,MB McEwan,0,0,,,,,,"",""
ball,1,37.1,Northern Districts,B Popli,HR Cooper,LH Ferguson,0,0,,,,,,"",""
ball,1,37.2,Northern Districts,B Popli,HR Cooper,LH Ferguson,0,0,,,,,,caught,B Popli
ball,1,37.3,Northern Districts,JF Carter,HR Cooper,LH Ferguson,0,0,,,,,,"",""
ball,1,37.4,Northern Districts,JF Carter,HR Cooper,LH Ferguson,0,0,,,,,,"",""
ball,1,37.5,Northern Districts,JF Carter,HR Cooper,LH Ferguson,0,0,,,,,,"",""
ball,1,37.6,Northern Districts,JF Carter,HR Cooper,LH Ferguson,0,1,,,,1,,"",""
ball,1,38.1,Northern Districts,JF Carter,HR Cooper,MB McEwan,0,0,,,,,,"",""
ball,1,38.2,Northern Districts,JF Carter,HR Cooper,MB McEwan,0,0,,,,,,"",""
ball,1,38.3,Northern Districts,JF Carter,HR Cooper,MB McEwan,0,0,,,,,,"",""
ball,1,38.4,Northern Districts,JF Carter,HR Cooper,MB McEwan,0,0,,,,,,"",""
ball,1,38.5,Northern Districts,JF Carter,HR Cooper,MB McEwan,0,0,,,,,,"",""
ball,1,38.6,Northern Districts,JF Carter,HR Cooper,MB McEwan,0,0,,,,,,"",""
ball,1,39.1,Northern Districts,HR Cooper,JF Carter,LH Ferguson,0,0,,,,,,"",""
ball,1,39.2,Northern Districts,HR Cooper,JF Carter,LH Ferguson,1,0,,,,,,"",""
ball,1,39.3,Northern Districts,JF Carter,HR Cooper,LH Ferguson,0,0,,,,,,"",""
ball,1,39.4,Northern Districts,JF Carter,HR Cooper,LH Ferguson,0,0,,,,,,"",""
ball,1,39.5,Northern Districts,JF Carter,HR Cooper,LH Ferguson,0,0,,,,,,"",""
ball,1,39.6,Northern Districts,JF Carter,HR Cooper,LH Ferguson,0,0,,,,,,"",""
ball,1,40.1,Northern Districts,HR Cooper,JF Carter,MB McEwan,0,0,,,,,,"",""
ball,1,40.2,Northern Districts,HR Cooper,JF Carter,MB McEwan,0,0,,,,,,"",""
ball,1,40.3,Northern Districts,HR Cooper,JF Carter,MB McEwan,0,0,,,,,,"",""
ball,1,40.4,Northern Districts,HR Cooper,JF Carter,MB McEwan,0,0,,,,,,"",""
ball,1,40.5,Northern Districts,HR Cooper,JF Carter,MB McEwan,0,0,,,,,,"",""
ball,1,40.6,Northern Districts,HR Cooper,JF Carter,MB McEwan,0,0,,,,,,"",""
ball,1,41.1,Northern Districts,JF Carter,HR Cooper,LH Ferguson,0,0,,,,,,"",""
ball,1,41.2,Northern Districts,JF Carter,HR Cooper,LH Ferguson,0,0,,,,,,"",""
ball,1,41.3,Northern Districts,JF Carter,HR Cooper,LH Ferguson,0,0,,,,,,"",""
ball,1,41.4,Northern Districts,JF Carter,HR Cooper,LH Ferguson,0,0,,,,,,"",""
ball,1,41.5,Northern Districts,JF Carter,HR Cooper,LH Ferguson,0,0,,,,,,"",""
ball,1,41.6,Northern Districts,JF Carter,HR Cooper,LH Ferguson,0,4,,,4,,,"",""
ball,1,42.1,Northern Districts,HR Cooper,JF Carter,MB McEwan,0,0,,,,,,"",""
ball,1,42.2,Northern Districts,HR Cooper,JF Carter,MB McEwan,0,0,,,,,,"",""
ball,1,42.3,Northern Districts,HR Cooper,JF Carter,MB McEwan,0,0,,,,,,"",""
ball,1,42.4,Northern Districts,HR Cooper,JF Carter,MB McEwan,0,0,,,,,,"",""
ball,1,42.5,Northern Districts,HR Cooper,JF Carter,MB McEwan,4,0,,,,,,"",""
ball,1,42.6,Northern Districts,HR Cooper,JF Carter,MB McEwan,0,0,,,,,,"",""
ball,1,43.1,Northern Districts,JF Carter,HR Cooper,LH Ferguson,0,1,,,1,,,"",""
ball,1,43.2,Northern Districts,HR Cooper,JF Carter,LH Ferguson,0,0,,,,,,"",""
ball,1,43.3,Northern Districts,HR Cooper,JF Carter,LH Ferguson,0,0,,,,,,"",""
ball,1,43.4,Northern Districts,HR Cooper,JF Carter,LH Ferguson,0,0,,,,,,"",""
ball,1,43.5,Northern Districts,HR Cooper,JF Carter,LH Ferguson,0,0,,,,,,"",""
ball,1,43.6,Northern Districts,HR Cooper,JF Carter,LH Ferguson,0,0,,,,,,"",""
ball,1,44.1,Northern Districts,JF Carter,HR Cooper,MB McEwan,0,0,,,,,,"",""
ball,1,44.2,Northern Districts,JF Carter,HR Cooper,MB McEwan,0,0,,,,,,"",""
ball,1,44.3,Northern Districts,JF Carter,HR Cooper,MB McEwan,0,0,,,,,,"",""
ball,1,44.4,Northern Districts,JF Carter,HR Cooper,MB McEwan,0,1,,,,1,,"",""
ball,1,44.5,Northern Districts,HR Cooper,JF Carter,MB McEwan,0,0,,,,,,"",""
ball,1,44.6,Northern Districts,HR Cooper,JF Carter,MB McEwan,4,0,,,,,,"",""
ball,1,45.1,Northern Districts,JF Carter,HR Cooper,L Delport,0,0,,,,,,"",""
ball,1,45.2,Northern Districts,JF Carter,HR Cooper,L Delport,4,0,,,,,,"",""
ball,1,45.3,Northern Districts,JF Carter,HR Cooper,L Delport,0,1,,1,,,,"",""
ball,1,45.4,Northern Districts,JF Carter,HR Cooper,L Delport,0,0,,,,,,"",""
ball,1,45.5,Northern Districts,JF Carter,HR Cooper,L Delport,0,0,,,,,,"",""
ball,1,45.6,Northern Districts,JF Carter,HR Cooper,L Delport,0,0,,,,,,"",""
ball,1,45.7,Northern Districts,JF Carter,HR Cooper,L Delport,0,0,,,,,,"",""
ball,1,46.1,Northern Districts,HR Cooper,JF Carter,SM Solia,0,0,,,,,,"",""
ball,1,46.2,Northern Districts,HR Cooper,JF Carter,SM Solia,1,0,,,,,,"",""
ball,1,46.3,Northern Districts,JF Carter,HR Cooper,SM Solia,0,0,,,,,,"",""
ball,1,46.4,Northern Districts,JF Carter,HR Cooper,SM Solia,0,0,,,,,,"",""
ball,1,46.5,Northern Districts,JF Carter,HR Cooper,SM Solia,4,0,,,,,,"",""
ball,1,46.6,Northern Districts,JF Carter,HR Cooper,SM Solia,0,0,,,,,,"",""
ball,1,47.1,Northern Districts,HR Cooper,JF Carter,L Delport,0,0,,,,,,"",""
ball,1,47.2,Northern Districts,HR Cooper,JF Carter,L Delport,2,0,,,,,,"",""
ball,1,47.3,Northern Districts,HR Cooper,JF Carter,L Delport,0,0,,,,,,"",""
ball,1,47.4,Northern Districts,HR Cooper,JF Carter,L Delport,0,0,,,,,,"",""
ball,1,47.5,Northern Districts,HR Cooper,JF Carter,L Delport,0,0,,,,,,"",""
ball,1,47.6,Northern Districts,HR Cooper,JF Carter,L Delport,6,0,,,,,,"",""
ball,1,48.1,Northern Districts,JF Carter,HR Cooper,SM Solia,0,0,,,,,,"",""
ball,1,48.2,Northern Districts,JF Carter,HR Cooper,SM Solia,4,0,,,,,,"",""
ball,1,48.3,Northern Districts,JF Carter,HR Cooper,SM Solia,0,0,,,,,,"",""
ball,1,48.4,Northern Districts,JF Carter,HR Cooper,SM Solia,0,0,,,,,,"",""
ball,1,48.5,Northern Districts,JF Carter,HR Cooper,SM Solia,2,0,,,,,,"",""
ball,1,48.6,Northern Districts,JF Carter,HR Cooper,SM Solia,0,0,,,,,,"",""
ball,1,49.1,Northern Districts,HR Cooper,JF Carter,L Delport,6,0,,,,,,"",""
ball,1,49.2,Northern Districts,HR Cooper,JF Carter,L Delport,1,0,,,,,,"",""
ball,1,49.3,Northern Districts,JF Carter,HR Cooper,L Delport,1,0,,,,,,"",""
ball,1,49.4,Northern Districts,HR Cooper,JF Carter,L Delport,0,0,,,,,,"",""
ball,1,49.5,Northern Districts,HR Cooper,JF Carter,L Delport,0,0,,,,,,"",""
ball,1,49.6,Northern Districts,HR Cooper,JF Carter,L Delport,0,0,,,,,,"",""
ball,1,50.1,Northern Districts,JF Carter,HR Cooper,SM Solia,0,0,,,,,,"",""
ball,1,50.2,Northern Districts,JF Carter,HR Cooper,SM Solia,0,0,,,,,,"",""
ball,1,50.3,Northern Districts,JF Carter,HR Cooper,SM Solia,4,0,,,,,,"",""
ball,1,50.4,Northern Districts,JF Carter,HR Cooper,SM Solia,4,0,,,,,,"",""
ball,1,50.5,Northern Districts,JF Carter,HR Cooper,SM Solia,4,0,,,,,,"",""
ball,1,50.6,Northern Districts,JF Carter,HR Cooper,SM Solia,0,0,,,,,,"",""
ball,1,51.1,Northern Districts,HR Cooper,JF Carter,L Delport,0,0,,,,,,"",""
ball,1,51.2,Northern Districts,HR Cooper,JF Carter,L Delport,0,0,,,,,,"",""
ball,1,51.3,Northern Districts,HR Cooper,JF Carter,L Delport,4,0,,,,,,"",""
ball,1,51.4,Northern Districts,HR Cooper,JF Carter,L Delport,1,0,,,,,,"",""
ball,1,51.5,Northern Districts,JF Carter,HR Cooper,L Delport,1,0,,,,,,"",""
ball,1,51.6,Northern Districts,HR Cooper,JF Carter,L Delport,1,0,,,,,,"",""
ball,1,52.1,Northern Districts,HR Cooper,JF Carter,SM Solia,0,1,1,,,,,"",""
ball,1,52.2,Northern Districts,HR Cooper,JF Carter,SM Solia,0,0,,,,,,"",""
ball,1,52.3,Northern Districts,HR Cooper,JF Carter,SM Solia,4,0,,,,,,"",""
ball,1,52.4,Northern Districts,HR Cooper,JF Carter,SM Solia,0,0,,,,,,"",""
ball,1,52.5,Northern Districts,HR Cooper,JF Carter,SM Solia,0,0,,,,,,"",""
ball,1,52.6,Northern Districts,HR Cooper,JF Carter,SM Solia,1,0,,,,,,"",""
ball,1,52.7,Northern Districts,JF Carter,HR Cooper,SM Solia,1,0,,,,,,"",""
ball,1,53.1,Northern Districts,JF Carter,HR Cooper,BG Lister,0,0,,,,,,"",""
ball,1,53.2,Northern Districts,JF Carter,HR Cooper,BG Lister,0,0,,,,,,"",""
ball,1,53.3,Northern Districts,JF Carter,HR Cooper,BG Lister,0,0,,,,,,"",""
ball,1,53.4,Northern Districts,JF Carter,HR Cooper,BG Lister,0,0,,,,,,"",""
ball,1,53.5,Northern Districts,JF Carter,HR Cooper,BG Lister,0,0,,,,,,"",""
ball,1,53.6,Northern Districts,JF Carter,HR Cooper,BG Lister,0,0,,,,,,"",""
ball,1,54.1,Northern Districts,HR Cooper,JF Carter,SM Solia,2,0,,,,,,"",""
ball,1,54.2,Northern Districts,HR Cooper,JF Carter,SM Solia,0,0,,,,,,"",""
ball,1,54.3,Northern Districts,HR Cooper,JF Carter,SM Solia,0,0,,,,,,"",""
ball,1,54.4,Northern Districts,HR Cooper,JF Carter,SM Solia,0,0,,,,,,"",""
ball,1,54.5,Northern Districts,HR Cooper,JF Carter,SM Solia,0,0,,,,,,"",""
ball,1,54.6,Northern Districts,HR Cooper,JF Carter,SM Solia,0,0,,,,,,"",""
ball,1,55.1,Northern Districts,JF Carter,HR Cooper,BG Lister,1,0,,,,,,"",""
ball,1,55.2,Northern Districts,HR Cooper,JF Carter,BG Lister,0,1,,,,1,,"",""
ball,1,55.3,Northern Districts,JF Carter,HR Cooper,BG Lister,0,0,,,,,,"",""
ball,1,55.4,Northern Districts,JF Carter,HR Cooper,BG Lister,0,0,,,,,,"",""
ball,1,55.5,Northern Districts,JF Carter,HR Cooper,BG Lister,0,0,,,,,,"",""
ball,1,55.6,Northern Districts,JF Carter,HR Cooper,BG Lister,3,0,,,,,,"",""
ball,1,56.1,Northern Districts,JF Carter,HR Cooper,MB McEwan,0,0,,,,,,"",""
ball,1,56.2,Northern Districts,JF Carter,HR Cooper,MB McEwan,0,0,,,,,,"",""
ball,1,56.3,Northern Districts,JF Carter,HR Cooper,MB McEwan,0,0,,,,,,"",""
ball,1,56.4,Northern Districts,JF Carter,HR Cooper,MB McEwan,0,0,,,,,,"",""
ball,1,56.5,Northern Districts,JF Carter,HR Cooper,MB McEwan,0,0,,,,,,"",""
ball,1,56.6,Northern Districts,JF Carter,HR Cooper,MB McEwan,4,0,,,,,,"",""
ball,1,57.1,Northern Districts,HR Cooper,JF Carter,BG Lister,2,0,,,,,,"",""
ball,1,57.2,Northern Districts,HR Cooper,JF Carter,BG Lister,0,0,,,,,,"",""
ball,1,57.3,Northern Districts,HR Cooper,JF Carter,BG Lister,0,0,,,,,,"",""
ball,1,57.4,Northern Districts,HR Cooper,JF Carter,BG Lister,0,0,,,,,,"",""
ball,1,57.5,Northern Districts,HR Cooper,JF Carter,BG Lister,0,1,,1,,,,"",""
ball,1,57.6,Northern Districts,HR Cooper,JF Carter,BG Lister,0,0,,,,,,"",""
ball,1,57.7,Northern Districts,HR Cooper,JF Carter,BG Lister,1,0,,,,,,"",""
ball,1,58.1,Northern Districts,HR Cooper,JF Carter,MB McEwan,3,0,,,,,,"",""
ball,1,58.2,Northern Districts,JF Carter,HR Cooper,MB McEwan,4,0,,,,,,"",""
ball,1,58.3,Northern Districts,JF Carter,HR Cooper,MB McEwan,0,0,,,,,,"",""
ball,1,58.4,Northern Districts,JF Carter,HR Cooper,MB McEwan,0,0,,,,,,"",""
ball,1,58.5,Northern Districts,JF Carter,HR Cooper,MB McEwan,0,0,,,,,,"",""
ball,1,58.6,Northern Districts,JF Carter,HR Cooper,MB McEwan,2,0,,,,,,"",""
ball,1,59.1,Northern Districts,HR Cooper,JF Carter,BG Lister,0,0,,,,,,"",""
ball,1,59.2,Northern Districts,HR Cooper,JF Carter,BG Lister,0,0,,,,,,"",""
ball,1,59.3,Northern Districts,HR Cooper,JF Carter,BG Lister,0,1,,1,,,,"",""
ball,1,59.4,Northern Districts,HR Cooper,JF Carter,BG Lister,0,0,,,,,,"",""
ball,1,59.5,Northern Districts,HR Cooper,JF Carter,BG Lister,0,1,1,,,,,"",""
ball,1,59.6,Northern Districts,HR Cooper,JF Carter,BG Lister,0,0,,,,,,"",""
ball,1,59.7,Northern Districts,HR Cooper,JF Carter,BG Lister,0,0,,,,,,"",""
ball,1,59.8,Northern Districts,HR Cooper,JF Carter,BG Lister,1,1,,1,,,,"",""
ball,1,59.9,Northern Districts,JF Carter,HR Cooper,BG Lister,0,0,,,,,,"",""
ball,1,60.1,Northern Districts,HR Cooper,JF Carter,MB McEwan,0,0,,,,,,"",""
ball,1,60.2,Northern Districts,HR Cooper,JF Carter,MB McEwan,1,0,,,,,,"",""
ball,1,60.3,Northern Districts,JF Carter,HR Cooper,MB McEwan,0,0,,,,,,"",""
ball,1,60.4,Northern Districts,JF Carter,HR Cooper,MB McEwan,0,0,,,,,,"",""
ball,1,60.5,Northern Districts,JF Carter,HR Cooper,MB McEwan,1,0,,,,,,"",""
ball,1,60.6,Northern Districts,HR Cooper,JF Carter,MB McEwan,0,0,,,,,,"",""
ball,1,61.1,Northern Districts,JF Carter,HR Cooper,L Delport,0,0,,,,,,"",""
ball,1,61.2,Northern Districts,JF Carter,HR Cooper,L Delport,0,0,,,,,,"",""
ball,1,61.3,Northern Districts,JF Carter,HR Cooper,L Delport,0,0,,,,,,"",""
ball,1,61.4,Northern Districts,JF Carter,HR Cooper,L Delport,0,0,,,,,,"",""
ball,1,61.5,Northern Districts,JF Carter,HR Cooper,L Delport,0,0,,,,,,"",""
ball,1,61.6,Northern Districts,JF Carter,HR Cooper,L Delport,0,0,,,,,,"",""
ball,1,62.1,Northern Districts,HR Cooper,JF Carter,MB McEwan,1,0,,,,,,"",""
ball,1,62.2,Northern Districts,JF Carter,HR Cooper,MB McEwan,0,0,,,,,,"",""
ball,1,62.3,Northern Districts,JF Carter,HR Cooper,MB McEwan,1,0,,,,,,"",""
ball,1,62.4,Northern Districts,HR Cooper,JF Carter,MB McEwan,0,0,,,,,,"",""
ball,1,62.5,Northern Districts,HR Cooper,JF Carter,MB McEwan,0,0,,,,,,"",""
ball,1,62.6,Northern Districts,HR Cooper,JF Carter,MB McEwan,0,0,,,,,,"",""
ball,1,63.1,Northern Districts,JF Carter,HR Cooper,LH Ferguson,1,0,,,,,,"",""
ball,1,63.2,Northern Districts,HR Cooper,JF Carter,LH Ferguson,0,0,,,,,,"",""
ball,1,63.3,Northern Districts,HR Cooper,JF Carter,LH Ferguson,0,0,,,,,,"",""
ball,1,63.4,Northern Districts,HR Cooper,JF Carter,LH Ferguson,0,0,,,,,,"",""
ball,1,63.5,Northern Districts,HR Cooper,JF Carter,LH Ferguson,0,0,,,,,,"",""
ball,1,63.6,Northern Districts,HR Cooper,JF Carter,LH Ferguson,0,0,,,,,,"",""
ball,1,64.1,Northern Districts,JF Carter,HR Cooper,L Delport,0,0,,,,,,"",""
ball,1,64.2,Northern Districts,JF Carter,HR Cooper,L Delport,2,0,,,,,,"",""
ball,1,64.3,Northern Districts,JF Carter,HR Cooper,L Delport,0,0,,,,,,"",""
ball,1,64.4,Northern Districts,JF Carter,HR Cooper,L Delport,0,0,,,,,,"",""
ball,1,64.5,Northern Districts,JF Carter,HR Cooper,L Delport,0,0,,,,,,"",""
ball,1,64.6,Northern Districts,JF Carter,HR Cooper,L Delport,0,0,,,,,,"",""
ball,1,65.1,Northern Districts,HR Cooper,JF Carter,LH Ferguson,0,0,,,,,,"",""
ball,1,65.2,Northern Districts,HR Cooper,JF Carter,LH Ferguson,0,0,,,,,,"",""
ball,1,65.3,Northern Districts,HR Cooper,JF Carter,LH Ferguson,1,0,,,,,,"",""
ball,1,65.4,Northern Districts,JF Carter,HR Cooper,LH Ferguson,0,1,,,,1,,"",""
ball,1,65.5,Northern Districts,HR Cooper,JF Carter,LH Ferguson,0,0,,,,,,"",""
ball,1,65.6,Northern Districts,HR Cooper,JF Carter,LH Ferguson,1,0,,,,,,"",""
ball,1,66.1,Northern Districts,HR Cooper,JF Carter,L Delport,0,0,,,,,,"",""
ball,1,66.2,Northern Districts,HR Cooper,JF Carter,L Delport,0,0,,,,,,"",""
ball,1,66.3,Northern Districts,HR Cooper,JF Carter,L Delport,0,0,,,,,,"",""
ball,1,66.4,Northern Districts,HR Cooper,JF Carter,L Delport,4,0,,,,,,"",""
ball,1,66.5,Northern Districts,HR Cooper,JF Carter,L Delport,0,0,,,,,,"",""
ball,1,66.6,Northern Districts,HR Cooper,JF Carter,L Delport,0,0,,,,,,"",""
ball,1,67.1,Northern Districts,JF Carter,HR Cooper,LH Ferguson,0,0,,,,,,"",""
ball,1,67.2,Northern Districts,JF Carter,HR Cooper,LH Ferguson,0,0,,,,,,"",""
ball,1,67.3,Northern Districts,JF Carter,HR Cooper,LH Ferguson,0,0,,,,,,"",""
ball,1,67.4,Northern Districts,JF Carter,HR Cooper,LH Ferguson,0,0,,,,,,"",""
ball,1,67.5,Northern Districts,JF Carter,HR Cooper,LH Ferguson,0,0,,,,,,"",""
ball,1,67.6,Northern Districts,JF Carter,HR Cooper,LH Ferguson,0,0,,,,,,"",""
ball,1,68.1,Northern Districts,HR Cooper,JF Carter,L Delport,0,0,,,,,,"",""
ball,1,68.2,Northern Districts,HR Cooper,JF Carter,L Delport,0,0,,,,,,"",""
ball,1,68.3,Northern Districts,HR Cooper,JF Carter,L Delport,0,0,,,,,,"",""
ball,1,68.4,Northern Districts,HR Cooper,JF Carter,L Delport,0,0,,,,,,"",""
ball,1,68.5,Northern Districts,HR Cooper,JF Carter,L Delport,0,0,,,,,,"",""
ball,1,68.6,Northern Districts,HR Cooper,JF Carter,L Delport,0,0,,,,,,"",""
ball,1,69.1,Northern Districts,JF Carter,HR Cooper,LH Ferguson,0,0,,,,,,"",""
ball,1,69.2,Northern Districts,JF Carter,HR Cooper,LH Ferguson,0,0,,,,,,"",""
ball,1,69.3,Northern Districts,JF Carter,HR Cooper,LH Ferguson,0,0,,,,,,"",""
ball,1,69.4,Northern Districts,JF Carter,HR Cooper,LH Ferguson,0,0,,,,,,"",""
ball,1,69.5,Northern Districts,JF Carter,HR Cooper,LH Ferguson,0,0,,,,,,"",""
ball,1,69.6,Northern Districts,JF Carter,HR Cooper,LH Ferguson,0,0,,,,,,"",""
ball,1,70.1,Northern Districts,HR Cooper,JF Carter,L Delport,0,0,,,,,,"",""
ball,1,70.2,Northern Districts,HR Cooper,JF Carter,L Delport,0,0,,,,,,"",""
ball,1,70.3,Northern Districts,HR Cooper,JF Carter,L Delport,1,0,,,,,,"",""
ball,1,70.4,Northern Districts,JF Carter,HR Cooper,L Delport,0,0,,,,,,"",""
ball,1,70.5,Northern Districts,JF Carter,HR Cooper,L Delport,0,0,,,,,,"",""
ball,1,70.6,Northern Districts,JF Carter,HR Cooper,L Delport,4,0,,,,,,"",""
ball,1,71.1,Northern Districts,HR Cooper,JF Carter,SM Solia,0,0,,,,,,"",""
ball,1,71.2,Northern Districts,HR Cooper,JF Carter,SM Solia,4,0,,,,,,"",""
ball,1,71.3,Northern Districts,HR Cooper,JF Carter,SM Solia,1,0,,,,,,"",""
ball,1,71.4,Northern Districts,JF Carter,HR Cooper,SM Solia,0,0,,,,,,"",""
ball,1,71.5,Northern Districts,JF Carter,HR Cooper,SM Solia,0,0,,,,,,"",""
ball,1,71.6,Northern Districts,JF Carter,HR Cooper,SM Solia,0,0,,,,,,"",""
ball,1,72.1,Northern Districts,HR Cooper,JF Carter,L Delport,0,0,,,,,,"",""
ball,1,72.2,Northern Districts,HR Cooper,JF Carter,L Delport,0,0,,,,,,"",""
ball,1,72.3,Northern Districts,HR Cooper,JF Carter,L Delport,0,0,,,,,,"",""
ball,1,72.4,Northern Districts,HR Cooper,JF Carter,L Delport,0,0,,,,,,"",""
ball,1,72.5,Northern Districts,HR Cooper,JF Carter,L Delport,0,0,,,,,,"",""
ball,1,72.6,Northern Districts,HR Cooper,JF Carter,L Delport,0,0,,,,,,"",""
ball,1,73.1,Northern Districts,JF Carter,HR Cooper,SM Solia,4,0,,,,,,"",""
ball,1,73.2,Northern Districts,JF Carter,HR Cooper,SM Solia,0,0,,,,,,"",""
ball,1,73.3,Northern Districts,JF Carter,HR Cooper,SM Solia,0,0,,,,,,"",""
ball,1,73.4,Northern Districts,JF Carter,HR Cooper,SM Solia,6,0,,,,,,"",""
ball,1,73.5,Northern Districts,JF Carter,HR Cooper,SM Solia,0,0,,,,,,"",""
ball,1,73.6,Northern Districts,JF Carter,HR Cooper,SM Solia,0,0,,,,,,"",""
ball,1,74.1,Northern Districts,HR Cooper,JF Carter,L Delport,0,0,,,,,,"",""
ball,1,74.2,Northern Districts,HR Cooper,JF Carter,L Delport,0,0,,,,,,"",""
ball,1,74.3,Northern Districts,HR Cooper,JF Carter,L Delport,0,0,,,,,,"",""
ball,1,74.4,Northern Districts,HR Cooper,JF Carter,L Delport,0,0,,,,,,"",""
ball,1,74.5,Northern Districts,HR Cooper,JF Carter,L Delport,0,0,,,,,,"",""
ball,1,74.6,Northern Districts,HR Cooper,JF Carter,L Delport,0,0,,,,,,"",""
ball,1,75.1,Northern Districts,JF Carter,HR Cooper,SM Solia,2,0,,,,,,"",""
ball,1,75.2,Northern Districts,JF Carter,HR Cooper,SM Solia,0,0,,,,,,"",""
ball,1,75.3,Northern Districts,JF Carter,HR Cooper,SM Solia,0,0,,,,,,"",""
ball,1,75.4,Northern Districts,JF Carter,HR Cooper,SM Solia,4,0,,,,,,"",""
ball,1,75.5,Northern Districts,JF Carter,HR Cooper,SM Solia,0,0,,,,,,"",""
ball,1,75.6,Northern Districts,JF Carter,HR Cooper,SM Solia,0,0,,,,,,"",""
ball,1,76.1,Northern Districts,HR Cooper,JF Carter,L Delport,1,0,,,,,,"",""
ball,1,76.2,Northern Districts,JF Carter,HR Cooper,L Delport,2,0,,,,,,"",""
ball,1,76.3,Northern Districts,JF Carter,HR Cooper,L Delport,4,0,,,,,,"",""
ball,1,76.4,Northern Districts,JF Carter,HR Cooper,L Delport,0,0,,,,,,"",""
ball,1,76.5,Northern Districts,JF Carter,HR Cooper,L Delport,4,0,,,,,,"",""
ball,1,76.6,Northern Districts,JF Carter,HR Cooper,L Delport,0,0,,,,,,"",""
ball,1,77.1,Northern Districts,HR Cooper,JF Carter,GD Phillips,1,0,,,,,,"",""
ball,1,77.2,Northern Districts,JF Carter,HR Cooper,GD Phillips,0,0,,,,,,"",""
ball,1,77.3,Northern Districts,JF Carter,HR Cooper,GD Phillips,1,0,,,,,,"",""
ball,1,77.4,Northern Districts,HR Cooper,JF Carter,GD Phillips,0,0,,,,,,"",""
ball,1,77.5,Northern Districts,HR Cooper,JF Carter,GD Phillips,1,0,,,,,,"",""
ball,1,77.6,Northern Districts,JF Carter,HR Cooper,GD Phillips,0,0,,,,,,"",""
ball,1,78.1,Northern Districts,HR Cooper,JF Carter,L Delport,0,0,,,,,,"",""
ball,1,78.2,Northern Districts,HR Cooper,JF Carter,L Delport,1,0,,,,,,"",""
ball,1,78.3,Northern Districts,JF Carter,HR Cooper,L Delport,0,0,,,,,,"",""
ball,1,78.4,Northern Districts,JF Carter,HR Cooper,L Delport,1,0,,,,,,"",""
ball,1,78.5,Northern Districts,HR Cooper,JF Carter,L Delport,6,0,,,,,,"",""
ball,1,78.6,Northern Districts,HR Cooper,JF Carter,L Delport,0,0,,,,,,"",""
ball,1,79.1,Northern Districts,JF Carter,HR Cooper,GD Phillips,2,0,,,,,,"",""
ball,1,79.2,Northern Districts,JF Carter,HR Cooper,GD Phillips,0,0,,,,,,"",""
ball,1,79.3,Northern Districts,JF Carter,HR Cooper,GD Phillips,1,0,,,,,,"",""
ball,1,79.4,Northern Districts,HR Cooper,JF Carter,GD Phillips,0,0,,,,,,"",""
ball,1,79.5,Northern Districts,HR Cooper,JF Carter,GD Phillips,0,0,,,,,,"",""
ball,1,79.6,Northern Districts,HR Cooper,JF Carter,GD Phillips,0,0,,,,,,"",""
ball,1,80.1,Northern Districts,JF Carter,HR Cooper,MB McEwan,0,0,,,,,,"",""
ball,1,80.2,Northern Districts,JF Carter,HR Cooper,MB McEwan,4,0,,,,,,"",""
ball,1,80.3,Northern Districts,JF Carter,HR Cooper,MB McEwan,0,0,,,,,,"",""
ball,1,80.4,Northern Districts,JF Carter,HR Cooper,MB McEwan,0,0,,,,,,"",""
ball,1,80.5,Northern Districts,JF Carter,HR Cooper,MB McEwan,0,0,,,,,,"",""
ball,1,80.6,Northern Districts,JF Carter,HR Cooper,MB McEwan,0,0,,,,,,"",""
ball,1,81.1,Northern Districts,HR Cooper,JF Carter,BG Lister,0,0,,,,,,"",""
ball,1,81.2,Northern Districts,HR Cooper,JF Carter,BG Lister,3,0,,,,,,"",""
ball,1,81.3,Northern Districts,JF Carter,HR Cooper,BG Lister,0,0,,,,,,"",""
ball,1,81.4,Northern Districts,JF Carter,HR Cooper,BG Lister,0,1,,,,1,,"",""
ball,1,81.5,Northern Districts,HR Cooper,JF Carter,BG Lister,0,0,,,,,,"",""
ball,1,81.6,Northern Districts,HR Cooper,JF Carter,BG Lister,1,0,,,,,,"",""
ball,1,82.1,Northern Districts,HR Cooper,JF Carter,MB McEwan,0,0,,,,,,"",""
ball,1,82.2,Northern Districts,HR Cooper,JF Carter,MB McEwan,0,0,,,,,,caught,HR Cooper
ball,1,82.3,Northern Districts,JF Carter,MJ Santner,MB McEwan,2,0,,,,,,"",""
ball,1,82.4,Northern Districts,JF Carter,MJ Santner,MB McEwan,0,0,,,,,,"",""
ball,1,82.5,Northern Districts,JF Carter,MJ Santner,MB McEwan,0,0,,,,,,"",""
ball,1,82.6,Northern Districts,JF Carter,MJ Santner,MB McEwan,0,0,,,,,,"",""
ball,1,83.1,Northern Districts,MJ Santner,JF Carter,BG Lister,0,0,,,,,,"",""
ball,1,83.2,Northern Districts,MJ Santner,JF Carter,BG Lister,0,0,,,,,,"",""
ball,1,83.3,Northern Districts,MJ Santner,JF Carter,BG Lister,0,0,,,,,,"",""
ball,1,83.4,Northern Districts,MJ Santner,JF Carter,BG Lister,0,0,,,,,,"",""
ball,1,83.5,Northern Districts,MJ Santner,JF Carter,BG Lister,0,0,,,,,,lbw,MJ Santner
ball,1,83.6,Northern Districts,KD Clarke,JF Carter,BG Lister,0,0,,,,,,"",""
ball,1,84.1,Northern Districts,JF Carter,KD Clarke,MB McEwan,0,0,,,,,,"",""
ball,1,84.2,Northern Districts,JF Carter,KD Clarke,MB McEwan,1,0,,,,,,"",""
ball,1,84.3,Northern Districts,KD Clarke,JF Carter,MB McEwan,0,0,,,,,,"",""
ball,1,84.4,Northern Districts,KD Clarke,JF Carter,MB McEwan,2,0,,,,,,"",""
ball,1,84.5,Northern Districts,KD Clarke,JF Carter,MB McEwan,0,0,,,,,,"",""
ball,1,84.6,Northern Districts,KD Clarke,JF Carter,MB McEwan,0,0,,,,,,"",""
ball,1,85.1,Northern Districts,JF Carter,KD Clarke,BG Lister,0,0,,,,,,"",""
ball,1,85.2,Northern Districts,JF Carter,KD Clarke,BG Lister,1,0,,,,,,"",""
ball,1,85.3,Northern Districts,KD Clarke,JF Carter,BG Lister,0,0,,,,,,"",""
ball,1,85.4,Northern Districts,KD Clarke,JF Carter,BG Lister,0,0,,,,,,"",""
ball,1,85.5,Northern Districts,KD Clarke,JF Carter,BG Lister,0,0,,,,,,"",""
ball,1,85.6,Northern Districts,KD Clarke,JF Carter,BG Lister,0,0,,,,,,"",""
ball,1,86.1,Northern Districts,JF Carter,KD Clarke,MB McEwan,0,0,,,,,,"",""
ball,1,86.2,Northern Districts,JF Carter,KD Clarke,MB McEwan,1,0,,,,,,"",""
ball,1,86.3,Northern Districts,KD Clarke,JF Carter,MB McEwan,0,0,,,,,,"",""
ball,1,86.4,Northern Districts,KD Clarke,JF Carter,MB McEwan,0,0,,,,,,"",""
ball,1,86.5,Northern Districts,KD Clarke,JF Carter,MB McEwan,0,0,,,,,,"",""
ball,1,86.6,Northern Districts,KD Clarke,JF Carter,MB McEwan,0,0,,,,,,"",""
ball,1,87.1,Northern Districts,JF Carter,KD Clarke,BG Lister,0,0,,,,,,"",""
ball,1,87.2,Northern Districts,JF Carter,KD Clarke,BG Lister,0,0,,,,,,"",""
ball,1,87.3,Northern Districts,JF Carter,KD Clarke,BG Lister,0,0,,,,,,"",""
ball,1,87.4,Northern Districts,JF Carter,KD Clarke,BG Lister,0,0,,,,,,"",""
ball,1,87.5,Northern Districts,JF Carter,KD Clarke,BG Lister,0,0,,,,,,"",""
ball,1,87.6,Northern Districts,JF Carter,KD Clarke,BG Lister,1,0,,,,,,"",""
ball,1,88.1,Northern Districts,JF Carter,KD Clarke,MB McEwan,0,0,,,,,,"",""
ball,1,88.2,Northern Districts,JF Carter,KD Clarke,MB McEwan,0,0,,,,,,"",""
ball,1,88.3,Northern Districts,JF Carter,KD Clarke,MB McEwan,0,0,,,,,,"",""
ball,1,88.4,Northern Districts,JF Carter,KD Clarke,MB McEwan,0,0,,,,,,"",""
ball,1,88.5,Northern Districts,JF Carter,KD Clarke,MB McEwan,0,0,,,,,,"",""
ball,1,88.6,Northern Districts,JF Carter,KD Clarke,MB McEwan,1,0,,,,,,"",""
ball,1,89.1,Northern Districts,JF Carter,KD Clarke,BG Lister,0,0,,,,,,"",""
ball,1,89.2,Northern Districts,JF Carter,KD Clarke,BG Lister,0,0,,,,,,"",""
ball,1,89.3,Northern Districts,JF Carter,KD Clarke,BG Lister,0,0,,,,,,"",""
ball,1,89.4,Northern Districts,JF Carter,KD Clarke,BG Lister,0,0,,,,,,"",""
ball,1,89.5,Northern Districts,JF Carter,KD Clarke,BG Lister,1,0,,,,,,"",""
ball,1,89.6,Northern Districts,KD Clarke,JF Carter,BG Lister,0,0,,,,,,"",""
ball,1,90.1,Northern Districts,JF Carter,KD Clarke,SM Solia,0,0,,,,,,"",""
ball,1,90.2,Northern Districts,JF Carter,KD Clarke,SM Solia,2,0,,,,,,"",""
ball,1,90.3,Northern Districts,JF Carter,KD Clarke,SM Solia,0,0,,,,,,"",""
ball,1,90.4,Northern Districts,JF Carter,KD Clarke,SM Solia,0,0,,,,,,"",""
ball,1,90.5,Northern Districts,JF Carter,KD Clarke,SM Solia,1,0,,,,,,"",""
ball,1,90.6,Northern Districts,KD Clarke,JF Carter,SM Solia,0,1,1,,,,,"",""
ball,1,90.7,Northern Districts,KD Clarke,JF Carter,SM Solia,1,0,,,,,,"",""
ball,1,91.1,Northern Districts,KD Clarke,JF Carter,LH Ferguson,0,0,,,,,,"",""
ball,1,91.2,Northern Districts,KD Clarke,JF Carter,LH Ferguson,0,1,,,,1,,"",""
ball,1,91.3,Northern Districts,JF Carter,KD Clarke,LH Ferguson,0,0,,,,,,"",""
ball,1,91.4,Northern Districts,JF Carter,KD Clarke,LH Ferguson,4,0,,,,,,"",""
ball,1,91.5,Northern Districts,JF Carter,KD Clarke,LH Ferguson,4,0,,,,,,"",""
ball,1,91.6,Northern Districts,JF Carter,KD Clarke,LH Ferguson,4,0,,,,,,"",""
ball,1,92.1,Northern Districts,KD Clarke,JF Carter,SM Solia,0,0,,,,,,"",""
ball,1,92.2,Northern Districts,KD Clarke,JF Carter,SM Solia,0,0,,,,,,"",""
ball,1,92.3,Northern Districts,KD Clarke,JF Carter,SM Solia,0,0,,,,,,"",""
ball,1,92.4,Northern Districts,KD Clarke,JF Carter,SM Solia,1,0,,,,,,"",""
ball,1,92.5,Northern Districts,JF Carter,KD Clarke,SM Solia,0,0,,,,,,"",""
ball,1,92.6,Northern Districts,JF Carter,KD Clarke,SM Solia,4,0,,,,,,"",""
ball,1,93.1,Northern Districts,KD Clarke,JF Carter,LH Ferguson,0,0,,,,,,"",""
ball,1,93.2,Northern Districts,KD Clarke,JF Carter,LH Ferguson,0,0,,,,,,"",""
ball,1,93.3,Northern Districts,KD Clarke,JF Carter,LH Ferguson,0,0,,,,,,"",""
ball,1,93.4,Northern Districts,KD Clarke,JF Carter,LH Ferguson,1,0,,,,,,"",""
ball,1,93.5,Northern Districts,JF Carter,KD Clarke,LH Ferguson,0,0,,,,,,"",""
ball,1,93.6,Northern Districts,JF Carter,KD Clarke,LH Ferguson,2,0,,,,,,"",""
ball,1,94.1,Northern Districts,KD Clarke,JF Carter,SM Solia,0,0,,,,,,"",""
ball,1,94.2,Northern Districts,KD Clarke,JF Carter,SM Solia,0,0,,,,,,"",""
ball,1,94.3,Northern Districts,KD Clarke,JF Carter,SM Solia,1,0,,,,,,"",""
ball,1,94.4,Northern Districts,JF Carter,KD Clarke,SM Solia,0,0,,,,,,"",""
ball,1,94.5,Northern Districts,JF Carter,KD Clarke,SM Solia,0,0,,,,,,"",""
ball,1,94.6,Northern Districts,JF Carter,KD Clarke,SM Solia,0,1,1,,,,,"",""
ball,1,94.7,Northern Districts,JF Carter,KD Clarke,SM Solia,0,0,,,,,,"",""
ball,1,95.1,Northern Districts,KD Clarke,JF Carter,LH Ferguson,0,0,,,,,,"",""
ball,1,95.2,Northern Districts,KD Clarke,JF Carter,LH Ferguson,1,0,,,,,,"",""
ball,1,95.3,Northern Districts,JF Carter,KD Clarke,LH Ferguson,1,0,,,,,,"",""
ball,1,95.4,Northern Districts,KD Clarke,JF Carter,LH Ferguson,4,0,,,,,,"",""
ball,1,95.5,Northern Districts,KD Clarke,JF Carter,LH Ferguson,0,0,,,,,,"",""
ball,1,95.6,Northern Districts,KD Clarke,JF Carter,LH Ferguson,0,0,,,,,,"",""
ball,1,96.1,Northern Districts,JF Carter,KD Clarke,BG Lister,1,0,,,,,,"",""
ball,1,96.2,Northern Districts,KD Clarke,JF Carter,BG Lister,0,0,,,,,,"",""
ball,1,96.3,Northern Districts,KD Clarke,JF Carter,BG Lister,0,0,,,,,,"",""
ball,1,96.4,Northern Districts,KD Clarke,JF Carter,BG Lister,0,0,,,,,,"",""
ball,1,96.5,Northern Districts,KD Clarke,JF Carter,BG Lister,0,0,,,,,,"",""
ball,1,96.6,Northern Districts,KD Clarke,JF Carter,BG Lister,0,0,,,,,,"",""
ball,1,97.1,Northern Districts,JF Carter,KD Clarke,LH Ferguson,0,0,,,,,,"",""
ball,1,97.2,Northern Districts,JF Carter,KD Clarke,LH Ferguson,1,0,,,,,,"",""
ball,1,97.3,Northern Districts,KD Clarke,JF Carter,LH Ferguson,0,0,,,,,,"",""
ball,1,97.4,Northern Districts,KD Clarke,JF Carter,LH Ferguson,4,0,,,,,,"",""
ball,1,97.5,Northern Districts,KD Clarke,JF Carter,LH Ferguson,0,0,,,,,,"",""
ball,1,97.6,Northern Districts,KD Clarke,JF Carter,LH Ferguson,0,1,,,,1,,"",""
ball,1,98.1,Northern Districts,KD Clarke,JF Carter,BG Lister,0,0,,,,,,"",""
ball,1,98.2,Northern Districts,KD Clarke,JF Carter,BG Lister,1,0,,,,,,"",""
ball,1,98.3,Northern Districts,JF Carter,KD Clarke,BG Lister,0,0,,,,,,"",""
ball,1,98.4,Northern Districts,JF Carter,KD Clarke,BG Lister,0,0,,,,,,"",""
ball,1,98.5,Northern Districts,JF Carter,KD Clarke,BG Lister,0,0,,,,,,"",""
ball,1,98.6,Northern Districts,JF Carter,KD Clarke,BG Lister,0,0,,,,,,"",""
ball,1,99.1,Northern Districts,KD Clarke,JF Carter,LH Ferguson,0,0,,,,,,"",""
ball,1,99.2,Northern Districts,KD Clarke,JF Carter,LH Ferguson,0,0,,,,,,"",""
ball,1,99.3,Northern Districts,KD Clarke,JF Carter,LH Ferguson,0,4,,,,4,,"",""
ball,1,99.4,Northern Districts,KD Clarke,JF Carter,LH Ferguson,1,0,,,,,,"",""
ball,1,99.5,Northern Districts,JF Carter,KD Clarke,LH Ferguson,0,4,,,,4,,"",""
ball,1,99.6,Northern Districts,JF Carter,KD Clarke,LH Ferguson,0,0,,,,,,"",""
ball,1,100.1,Northern Districts,KD Clarke,JF Carter,BG Lister,0,0,,,,,,"",""
ball,1,100.2,Northern Districts,KD Clarke,JF Carter,BG Lister,0,0,,,,,,"",""
ball,1,100.3,Northern Districts,KD Clarke,JF Carter,BG Lister,0,0,,,,,,"",""
ball,1,100.4,Northern Districts,KD Clarke,JF Carter,BG Lister,0,0,,,,,,bowled,KD Clarke
ball,1,100.5,Northern Districts,PD Bocock,JF Carter,BG Lister,0,1,1,,,,,"",""
ball,1,100.6,Northern Districts,PD Bocock,JF Carter,BG Lister,0,1,,1,,,,"",""
ball,1,100.7,Northern Districts,PD Bocock,JF Carter,BG Lister,0,0,,,,,,"",""
ball,1,100.8,Northern Districts,PD Bocock,JF Carter,BG Lister,0,0,,,,,,"",""
ball,1,101.1,Northern Districts,JF Carter,PD Bocock,LH Ferguson,4,0,,,,,,"",""
ball,1,101.2,Northern Districts,JF Carter,PD Bocock,LH Ferguson,0,0,,,,,,"",""
ball,1,101.3,Northern Districts,JF Carter,PD Bocock,LH Ferguson,0,0,,,,,,"",""
ball,1,101.4,Northern Districts,JF Carter,PD Bocock,LH Ferguson,1,0,,,,,,"",""
ball,1,101.5,Northern Districts,PD Bocock,JF Carter,LH Ferguson,1,0,,,,,,"",""
ball,1,101.6,Northern Districts,JF Carter,PD Bocock,LH Ferguson,0,0,,,,,,"",""
ball,1,102.1,Northern Districts,PD Bocock,JF Carter,BG Lister,0,0,,,,,,"",""
ball,1,102.2,Northern Districts,PD Bocock,JF Carter,BG Lister,4,0,,,,,,"",""
ball,1,102.3,Northern Districts,PD Bocock,JF Carter,BG Lister,4,0,,,,,,"",""
ball,1,102.4,Northern Districts,PD Bocock,JF Carter,BG Lister,0,0,,,,,,"",""
ball,1,102.5,Northern Districts,PD Bocock,JF Carter,BG Lister,0,0,,,,,,"",""
ball,1,102.6,Northern Districts,PD Bocock,JF Carter,BG Lister,0,0,,,,,,"",""
ball,1,103.1,Northern Districts,JF Carter,PD Bocock,LH Ferguson,0,0,,,,,,"",""
ball,1,103.2,Northern Districts,JF Carter,PD Bocock,LH Ferguson,0,4,,,,4,,"",""
ball,1,103.3,Northern Districts,JF Carter,PD Bocock,LH Ferguson,0,0,,,,,,"",""
ball,1,103.4,Northern Districts,JF Carter,PD Bocock,LH Ferguson,0,0,,,,,,"",""
ball,1,103.5,Northern Districts,JF Carter,PD Bocock,LH Ferguson,0,0,,,,,,"",""
ball,1,103.6,Northern Districts,JF Carter,PD Bocock,LH Ferguson,1,0,,,,,,"",""
ball,1,104.1,Northern Districts,JF Carter,PD Bocock,BG Lister,0,0,,,,,,"",""
ball,1,104.2,Northern Districts,JF Carter,PD Bocock,BG Lister,0,0,,,,,,"",""
ball,1,104.3,Northern Districts,JF Carter,PD Bocock,BG Lister,0,0,,,,,,"",""
ball,1,104.4,Northern Districts,JF Carter,PD Bocock,BG Lister,0,0,,,,,,"",""
ball,1,104.5,Northern Districts,JF Carter,PD Bocock,BG Lister,0,0,,,,,,"",""
ball,1,104.6,Northern Districts,JF Carter,PD Bocock,BG Lister,4,0,,,,,,"",""
ball,1,105.1,Northern Districts,PD Bocock,JF Carter,MB McEwan,0,0,,,,,,"",""
ball,1,105.2,Northern Districts,PD Bocock,JF Carter,MB McEwan,0,0,,,,,,"",""
ball,1,105.3,Northern Districts,PD Bocock,JF Carter,MB McEwan,4,0,,,,,,"",""
ball,1,105.4,Northern Districts,PD Bocock,JF Carter,MB McEwan,0,0,,,,,,"",""
ball,1,105.5,Northern Districts,PD Bocock,JF Carter,MB McEwan,0,0,,,,,,"",""
ball,1,105.6,Northern Districts,PD Bocock,JF Carter,MB McEwan,0,0,,,,,,"",""
ball,1,106.1,Northern Districts,JF Carter,PD Bocock,SM Solia,0,0,,,,,,"",""
ball,1,106.2,Northern Districts,JF Carter,PD Bocock,SM Solia,1,0,,,,,,"",""
ball,1,106.3,Northern Districts,PD Bocock,JF Carter,SM Solia,0,0,,,,,,"",""
ball,1,106.4,Northern Districts,PD Bocock,JF Carter,SM Solia,0,0,,,,,,"",""
ball,1,106.5,Northern Districts,PD Bocock,JF Carter,SM Solia,1,0,,,,,,"",""
ball,1,106.6,Northern Districts,JF Carter,PD Bocock,SM Solia,0,0,,,,,,"",""
ball,1,107.1,Northern Districts,PD Bocock,JF Carter,MB McEwan,0,0,,,,,,"",""
ball,1,107.2,Northern Districts,PD Bocock,JF Carter,MB McEwan,0,0,,,,,,"",""
ball,1,107.3,Northern Districts,PD Bocock,JF Carter,MB McEwan,0,0,,,,,,"",""
ball,1,107.4,Northern Districts,PD Bocock,JF Carter,MB McEwan,6,0,,,,,,"",""
ball,1,107.5,Northern Districts,PD Bocock,JF Carter,MB McEwan,4,0,,,,,,"",""
ball,1,107.6,Northern Districts,PD Bocock,JF Carter,MB McEwan,4,0,,,,,,"",""
ball,1,108.1,Northern Districts,JF Carter,PD Bocock,SM Solia,1,0,,,,,,"",""
ball,1,108.2,Northern Districts,PD Bocock,JF Carter,SM Solia,0,0,,,,,,"",""
ball,1,108.3,Northern Districts,PD Bocock,JF Carter,SM Solia,0,0,,,,,,"",""
ball,1,108.4,Northern Districts,PD Bocock,JF Carter,SM Solia,0,0,,,,,,"",""
ball,1,108.5,Northern Districts,PD Bocock,JF Carter,SM Solia,0,0,,,,,,"",""
ball,1,108.6,Northern Districts,PD Bocock,JF Carter,SM Solia,4,0,,,,,,"",""
ball,1,109.1,Northern Districts,JF Carter,PD Bocock,MB McEwan,4,0,,,,,,"",""
ball,1,109.2,Northern Districts,JF Carter,PD Bocock,MB McEwan,0,0,,,,,,"",""
ball,1,109.3,Northern Districts,JF Carter,PD Bocock,MB McEwan,0,0,,,,,,"",""
ball,1,109.4,Northern Districts,JF Carter,PD Bocock,MB McEwan,1,0,,,,,,"",""
ball,1,109.5,Northern Districts,PD Bocock,JF Carter,MB McEwan,0,0,,,,,,"",""
ball,1,109.6,Northern Districts,PD Bocock,JF Carter,MB McEwan,4,0,,,,,,"",""
ball,1,110.1,Northern Districts,JF Carter,PD Bocock,SM Solia,1,0,,,,,,"",""
ball,1,110.2,Northern Districts,PD Bocock,JF Carter,SM Solia,0,0,,,,,,"",""
ball,1,110.3,Northern Districts,PD Bocock,JF Carter,SM Solia,0,0,,,,,,"",""
ball,1,110.4,Northern Districts,PD Bocock,JF Carter,SM Solia,0,0,,,,,,"",""
ball,1,110.5,Northern Districts,PD Bocock,JF Carter,SM Solia,0,0,,,,,,"",""
ball,1,110.6,Northern Districts,PD Bocock,JF Carter,SM Solia,0,0,,,,,,"",""
ball,1,111.1,Northern Districts,JF Carter,PD Bocock,MB McEwan,0,0,,,,,,"",""
ball,1,111.2,Northern Districts,JF Carter,PD Bocock,MB McEwan,0,0,,,,,,"",""
ball,1,111.3,Northern Districts,JF Carter,PD Bocock,MB McEwan,0,0,,,,,,"",""
ball,1,111.4,Northern Districts,JF Carter,PD Bocock,MB McEwan,6,0,,,,,,"",""
ball,1,111.5,Northern Districts,JF Carter,PD Bocock,MB McEwan,1,0,,,,,,"",""
ball,1,111.6,Northern Districts,PD Bocock,JF Carter,MB McEwan,1,0,,,,,,"",""
ball,1,112.1,Northern Districts,PD Bocock,JF Carter,SM Solia,4,0,,,,,,"",""
ball,1,112.2,Northern Districts,PD Bocock,JF Carter,SM Solia,0,0,,,,,,caught,PD Bocock
ball,1,112.3,Northern Districts,SC Kuggeleijn,JF Carter,SM Solia,0,1,1,,,,,"",""
ball,1,112.4,Northern Districts,SC Kuggeleijn,JF Carter,SM Solia,0,0,,,,,,"",""
ball,1,112.5,Northern Districts,SC Kuggeleijn,JF Carter,SM Solia,0,0,,,,,,"",""
ball,1,112.6,Northern Districts,SC Kuggeleijn,JF Carter,SM Solia,0,0,,,,,,"",""
ball,1,112.7,Northern Districts,SC Kuggeleijn,JF Carter,SM Solia,0,0,,,,,,"",""
ball,1,113.1,Northern Districts,JF Carter,SC Kuggeleijn,L Delport,0,0,,,,,,"",""
ball,1,113.2,Northern Districts,JF Carter,SC Kuggeleijn,L Delport,0,0,,,,,,"",""
ball,1,113.3,Northern Districts,JF Carter,SC Kuggeleijn,L Delport,0,0,,,,,,"",""
ball,1,113.4,Northern Districts,JF Carter,SC Kuggeleijn,L Delport,0,0,,,,,,"",""
ball,1,113.5,Northern Districts,JF Carter,SC Kuggeleijn,L Delport,0,0,,,,,,"",""
ball,1,113.6,Northern Districts,JF Carter,SC Kuggeleijn,L Delport,4,0,,,,,,"",""
ball,1,114.1,Northern Districts,SC Kuggeleijn,JF Carter,SM Solia,0,0,,,,,,"",""
ball,1,114.2,Northern Districts,SC Kuggeleijn,JF Carter,SM Solia,0,0,,,,,,"",""
ball,1,114.3,Northern Districts,SC Kuggeleijn,JF Carter,SM Solia,0,0,,,,,,"",""
ball,1,114.4,Northern Districts,SC Kuggeleijn,JF Carter,SM Solia,0,0,,,,,,"",""
ball,1,114.5,Northern Districts,SC Kuggeleijn,JF Carter,SM Solia,0,0,,,,,,"",""
ball,1,114.6,Northern Districts,SC Kuggeleijn,JF Carter,SM Solia,0,1,1,,,,,"",""
ball,1,114.7,Northern Districts,SC Kuggeleijn,JF Carter,SM Solia,0,0,,,,,,caught,SC Kuggeleijn
ball,1,115.1,Northern Districts,IS Sodhi,JF Carter,L Delport,0,0,,,,,,caught,IS Sodhi
ball,1,115.2,Northern Districts,BG Randell,JF Carter,L Delport,0,0,,,,,,"",""
ball,1,115.3,Northern Districts,BG Randell,JF Carter,L Delport,0,0,,,,,,"",""
ball,1,115.4,Northern Districts,BG Randell,JF Carter,L Delport,0,0,,,,,,"",""
ball,1,115.5,Northern Districts,BG Randell,JF Carter,L Delport,0,0,,,,,,"",""
ball,1,115.6,Northern Districts,BG Randell,JF Carter,L Delport,0,0,,,,,,"",""
ball,1,116.1,Northern Districts,JF Carter,BG Randell,JA Raval,0,0,,,,,,"",""
ball,1,116.2,Northern Districts,JF Carter,BG Randell,JA Raval,1,0,,,,,,"",""
ball,1,116.3,Northern Districts,BG Randell,JF Carter,JA Raval,0,0,,,,,,"",""
ball,1,116.4,Northern Districts,BG Randell,JF Carter,JA Raval,0,0,,,,,,"",""
ball,1,116.5,Northern Districts,BG Randell,JF Carter,JA Raval,0,0,,,,,,"",""
ball,1,116.6,Northern Districts,BG Randell,JF Carter,JA Raval,4,0,,,,,,"",""
ball,1,117.1,Northern Districts,JF Carter,BG Randell,L Delport,6,1,,1,,,,"",""
ball,1,117.2,Northern Districts,JF Carter,BG Randell,L Delport,0,0,,,,,,"",""
ball,1,117.3,Northern Districts,JF Carter,BG Randell,L Delport,1,0,,,,,,"",""
ball,1,117.4,Northern Districts,BG Randell,JF Carter,L Delport,0,0,,,,,,"",""
ball,1,117.5,Northern Districts,BG Randell,JF Carter,L Delport,4,0,,,,,,"",""
ball,1,117.6,Northern Districts,BG Randell,JF Carter,L Delport,0,0,,,,,,"",""
ball,1,117.7,Northern Districts,BG Randell,JF Carter,L Delport,0,0,,,,,,"",""
ball,1,118.1,Northern Districts,JF Carter,BG Randell,JA Raval,1,0,,,,,,"",""
ball,1,118.2,Northern Districts,BG Randell,JF Carter,JA Raval,4,0,,,,,,"",""
ball,1,118.3,Northern Districts,BG Randell,JF Carter,JA Raval,0,0,,,,,,lbw,BG Randell
ball,1,118.4,Northern Districts,JD Baker,JF Carter,JA Raval,0,0,,,,,,"",""
ball,1,118.5,Northern Districts,JD Baker,JF Carter,JA Raval,0,0,,,,,,"",""
ball,1,118.6,Northern Districts,JD Baker,JF Carter,JA Raval,0,0,,,,,,"",""
ball,1,119.1,Northern Districts,JF Carter,JD Baker,L Delport,6,0,,,,,,"",""
ball,1,119.2,Northern Districts,JF Carter,JD Baker,L Delport,0,0,,,,,,"",""
ball,1,119.3,Northern Districts,JF Carter,JD Baker,L Delport,6,0,,,,,,"",""
ball,1,119.4,Northern Districts,JF Carter,JD Baker,L Delport,0,0,,,,,,caught,JF Carter
ball,2,0.1,Auckland Aces,JA Raval,MJ Guptill,SC Kuggeleijn,0,0,,,,,,"",""
ball,2,0.2,Auckland Aces,JA Raval,MJ Guptill,SC Kuggeleijn,0,0,,,,,,"",""
ball,2,0.3,Auckland Aces,JA Raval,MJ Guptill,SC Kuggeleijn,0,0,,,,,,"",""
ball,2,0.4,Auckland Aces,JA Raval,MJ Guptill,SC Kuggeleijn,1,0,,,,,,"",""
ball,2,0.5,Auckland Aces,MJ Guptill,JA Raval,SC Kuggeleijn,0,0,,,,,,"",""
ball,2,0.6,Auckland Aces,MJ Guptill,JA Raval,SC Kuggeleijn,0,0,,,,,,"",""
ball,2,1.1,Auckland Aces,JA Raval,MJ Guptill,JD Baker,0,0,,,,,,"",""
ball,2,1.2,Auckland Aces,JA Raval,MJ Guptill,JD Baker,0,0,,,,,,"",""
ball,2,1.3,Auckland Aces,JA Raval,MJ Guptill,JD Baker,0,0,,,,,,"",""
ball,2,1.4,Auckland Aces,JA Raval,MJ Guptill,JD Baker,0,0,,,,,,"",""
ball,2,1.5,Auckland Aces,JA Raval,MJ Guptill,JD Baker,0,0,,,,,,"",""
ball,2,1.6,Auckland Aces,JA Raval,MJ Guptill,JD Baker,0,0,,,,,,"",""
ball,2,2.1,Auckland Aces,MJ Guptill,JA Raval,SC Kuggeleijn,4,0,,,,,,"",""
ball,2,2.2,Auckland Aces,MJ Guptill,JA Raval,SC Kuggeleijn,0,0,,,,,,"",""
ball,2,2.3,Auckland Aces,MJ Guptill,JA Raval,SC Kuggeleijn,3,0,,,,,,"",""
ball,2,2.4,Auckland Aces,JA Raval,MJ Guptill,SC Kuggeleijn,1,0,,,,,,"",""
ball,2,2.5,Auckland Aces,MJ Guptill,JA Raval,SC Kuggeleijn,1,0,,,,,,"",""
ball,2,2.6,Auckland Aces,JA Raval,MJ Guptill,SC Kuggeleijn,0,0,,,,,,"",""
ball,2,3.1,Auckland Aces,MJ Guptill,JA Raval,JD Baker,0,0,,,,,,"",""
ball,2,3.2,Auckland Aces,MJ Guptill,JA Raval,JD Baker,0,0,,,,,,"",""
ball,2,3.3,Auckland Aces,MJ Guptill,JA Raval,JD Baker,0,0,,,,,,"",""
ball,2,3.4,Auckland Aces,MJ Guptill,JA Raval,JD Baker,0,0,,,,,,"",""
ball,2,3.5,Auckland Aces,MJ Guptill,JA Raval,JD Baker,0,0,,,,,,"",""
ball,2,3.6,Auckland Aces,MJ Guptill,JA Raval,JD Baker,0,0,,,,,,"",""
ball,2,4.1,Auckland Aces,JA Raval,MJ Guptill,BG Randell,0,0,,,,,,"",""
ball,2,4.2,Auckland Aces,JA Raval,MJ Guptill,BG Randell,0,0,,,,,,"",""
ball,2,4.3,Auckland Aces,JA Raval,MJ Guptill,BG Randell,0,0,,,,,,"",""
ball,2,4.4,Auckland Aces,JA Raval,MJ Guptill,BG Randell,0,0,,,,,,"",""
ball,2,4.5,Auckland Aces,JA Raval,MJ Guptill,BG Randell,4,0,,,,,,"",""
ball,2,4.6,Auckland Aces,JA Raval,MJ Guptill,BG Randell,0,0,,,,,,"",""
ball,2,5.1,Auckland Aces,MJ Guptill,JA Raval,JD Baker,4,0,,,,,,"",""
ball,2,5.2,Auckland Aces,MJ Guptill,JA Raval,JD Baker,0,0,,,,,,"",""
ball,2,5.3,Auckland Aces,MJ Guptill,JA Raval,JD Baker,4,0,,,,,,"",""
ball,2,5.4,Auckland Aces,MJ Guptill,JA Raval,JD Baker,0,0,,,,,,"",""
ball,2,5.5,Auckland Aces,MJ Guptill,JA Raval,JD Baker,0,0,,,,,,"",""
ball,2,5.6,Auckland Aces,MJ Guptill,JA Raval,JD Baker,0,0,,,,,,"",""
ball,2,6.1,Auckland Aces,JA Raval,MJ Guptill,BG Randell,0,0,,,,,,"",""
ball,2,6.2,Auckland Aces,JA Raval,MJ Guptill,BG Randell,0,0,,,,,,"",""
ball,2,6.3,Auckland Aces,JA Raval,MJ Guptill,BG Randell,1,0,,,,,,"",""
ball,2,6.4,Auckland Aces,MJ Guptill,JA Raval,BG Randell,1,0,,,,,,"",""
ball,2,6.5,Auckland Aces,JA Raval,MJ Guptill,BG Randell,4,0,,,,,,"",""
ball,2,6.6,Auckland Aces,JA Raval,MJ Guptill,BG Randell,0,0,,,,,,"",""
ball,2,7.1,Auckland Aces,MJ Guptill,JA Raval,JD Baker,1,0,,,,,,"",""
ball,2,7.2,Auckland Aces,JA Raval,MJ Guptill,JD Baker,0,0,,,,,,"",""
ball,2,7.3,Auckland Aces,JA Raval,MJ Guptill,JD Baker,4,0,,,,,,"",""
ball,2,7.4,Auckland Aces,JA Raval,MJ Guptill,JD Baker,0,0,,,,,,"",""
ball,2,7.5,Auckland Aces,JA Raval,MJ Guptill,JD Baker,0,0,,,,,,"",""
ball,2,7.6,Auckland Aces,JA Raval,MJ Guptill,JD Baker,0,0,,,,,,"",""
ball,2,8.1,Auckland Aces,MJ Guptill,JA Raval,BG Randell,0,0,,,,,,"",""
ball,2,8.2,Auckland Aces,MJ Guptill,JA Raval,BG Randell,0,0,,,,,,"",""
ball,2,8.3,Auckland Aces,MJ Guptill,JA Raval,BG Randell,0,0,,,,,,"",""
ball,2,8.4,Auckland Aces,MJ Guptill,JA Raval,BG Randell,0,0,,,,,,"",""
ball,2,8.5,Auckland Aces,MJ Guptill,JA Raval,BG Randell,0,0,,,,,,"",""
ball,2,8.6,Auckland Aces,MJ Guptill,JA Raval,BG Randell,0,0,,,,,,"",""
ball,2,9.1,Auckland Aces,JA Raval,MJ Guptill,JD Baker,0,0,,,,,,"",""
ball,2,9.2,Auckland Aces,JA Raval,MJ Guptill,JD Baker,0,0,,,,,,"",""
ball,2,9.3,Auckland Aces,JA Raval,MJ Guptill,JD Baker,0,1,,1,,,,"",""
ball,2,9.4,Auckland Aces,JA Raval,MJ Guptill,JD Baker,0,0,,,,,,"",""
ball,2,9.5,Auckland Aces,JA Raval,MJ Guptill,JD Baker,0,0,,,,,,"",""
ball,2,9.6,Auckland Aces,JA Raval,MJ Guptill,JD Baker,1,0,,,,,,"",""
ball,2,9.7,Auckland Aces,MJ Guptill,JA Raval,JD Baker,0,0,,,,,,"",""
ball,2,10.1,Auckland Aces,JA Raval,MJ Guptill,BG Randell,0,0,,,,,,caught,JA Raval
ball,2,10.2,Auckland Aces,GD Phillips,MJ Guptill,BG Randell,0,0,,,,,,"",""
ball,2,10.3,Auckland Aces,GD Phillips,MJ Guptill,BG Randell,0,0,,,,,,"",""
ball,2,10.4,Auckland Aces,GD Phillips,MJ Guptill,BG Randell,0,0,,,,,,"",""
ball,2,10.5,Auckland Aces,GD Phillips,MJ Guptill,BG Randell,0,0,,,,,,"",""
ball,2,10.6,Auckland Aces,GD Phillips,MJ Guptill,BG Randell,4,0,,,,,,"",""
ball,2,11.1,Auckland Aces,MJ Guptill,GD Phillips,JD Baker,0,0,,,,,,"",""
ball,2,11.2,Auckland Aces,MJ Guptill,GD Phillips,JD Baker,1,0,,,,,,"",""
ball,2,11.3,Auckland Aces,GD Phillips,MJ Guptill,JD Baker,0,0,,,,,,"",""
ball,2,11.4,Auckland Aces,GD Phillips,MJ Guptill,JD Baker,0,0,,,,,,"",""
ball,2,11.5,Auckland Aces,GD Phillips,MJ Guptill,JD Baker,0,0,,,,,,"",""
ball,2,11.6,Auckland Aces,GD Phillips,MJ Guptill,JD Baker,0,0,,,,,,caught,GD Phillips
ball,2,12.1,Auckland Aces,MJ Guptill,MS Chapman,BG Randell,0,0,,,,,,"",""
ball,2,12.2,Auckland Aces,MJ Guptill,MS Chapman,BG Randell,0,0,,,,,,"",""
ball,2,12.3,Auckland Aces,MJ Guptill,MS Chapman,BG Randell,0,0,,,,,,"",""
ball,2,12.4,Auckland Aces,MJ Guptill,MS Chapman,BG Randell,0,0,,,,,,"",""
ball,2,12.5,Auckland Aces,MJ Guptill,MS Chapman,BG Randell,0,0,,,,,,"",""
ball,2,12.6,Auckland Aces,MJ Guptill,MS Chapman,BG Randell,0,0,,,,,,"",""
ball,2,13.1,Auckland Aces,MS Chapman,MJ Guptill,JD Baker,0,0,,,,,,"",""
ball,2,13.2,Auckland Aces,MS Chapman,MJ Guptill,JD Baker,0,0,,,,,,"",""
ball,2,13.3,Auckland Aces,MS Chapman,MJ Guptill,JD Baker,0,0,,,,,,"",""
ball,2,13.4,Auckland Aces,MS Chapman,MJ Guptill,JD Baker,0,0,,,,,,"",""
ball,2,13.5,Auckland Aces,MS Chapman,MJ Guptill,JD Baker,0,0,,,,,,"",""
ball,2,13.6,Auckland Aces,MS Chapman,MJ Guptill,JD Baker,0,0,,,,,,"",""
ball,2,14.1,Auckland Aces,MJ Guptill,MS Chapman,BG Randell,0,0,,,,,,"",""
ball,2,14.2,Auckland Aces,MJ Guptill,MS Chapman,BG Randell,0,0,,,,,,"",""
ball,2,14.3,Auckland Aces,MJ Guptill,MS Chapman,BG Randell,0,1,,1,,,,"",""
ball,2,14.4,Auckland Aces,MJ Guptill,MS Chapman,BG Randell,0,0,,,,,,"",""
ball,2,14.5,Auckland Aces,MJ Guptill,MS Chapman,BG Randell,4,0,,,,,,"",""
ball,2,14.6,Auckland Aces,MJ Guptill,MS Chapman,BG Randell,0,0,,,,,,"",""
ball,2,14.7,Auckland Aces,MJ Guptill,MS Chapman,BG Randell,0,0,,,,,,"",""
ball,2,15.1,Auckland Aces,MS Chapman,MJ Guptill,JD Baker,0,0,,,,,,"",""
ball,2,15.2,Auckland Aces,MS Chapman,MJ Guptill,JD Baker,0,0,,,,,,"",""
ball,2,15.3,Auckland Aces,MS Chapman,MJ Guptill,JD Baker,1,0,,,,,,"",""
ball,2,15.4,Auckland Aces,MJ Guptill,MS Chapman,JD Baker,0,0,,,,,,"",""
ball,2,15.5,Auckland Aces,MJ Guptill,MS Chapman,JD Baker,0,0,,,,,,"",""
ball,2,15.6,Auckland Aces,MJ Guptill,MS Chapman,JD Baker,0,0,,,,,,"",""
ball,2,16.1,Auckland Aces,MS Chapman,MJ Guptill,BG Randell,0,0,,,,,,"",""
ball,2,16.2,Auckland Aces,MS Chapman,MJ Guptill,BG Randell,3,0,,,,,,"",""
ball,2,16.3,Auckland Aces,MJ Guptill,MS Chapman,BG Randell,0,0,,,,,,"",""
ball,2,16.4,Auckland Aces,MJ Guptill,MS Chapman,BG Randell,0,0,,,,,,"",""
ball,2,16.5,Auckland Aces,MJ Guptill,MS Chapman,BG Randell,0,0,,,,,,"",""
ball,2,16.6,Auckland Aces,MJ Guptill,MS Chapman,BG Randell,0,0,,,,,,"",""
ball,2,17.1,Auckland Aces,MS Chapman,MJ Guptill,SC Kuggeleijn,0,0,,,,,,"",""
ball,2,17.2,Auckland Aces,MS Chapman,MJ Guptill,SC Kuggeleijn,0,0,,,,,,"",""
ball,2,17.3,Auckland Aces,MS Chapman,MJ Guptill,SC Kuggeleijn,0,0,,,,,,"",""
ball,2,17.4,Auckland Aces,MS Chapman,MJ Guptill,SC Kuggeleijn,0,0,,,,,,"",""
ball,2,17.5,Auckland Aces,MS Chapman,MJ Guptill,SC Kuggeleijn,0,0,,,,,,"",""
ball,2,17.6,Auckland Aces,MS Chapman,MJ Guptill,SC Kuggeleijn,0,0,,,,,,"",""
ball,2,18.1,Auckland Aces,MJ Guptill,MS Chapman,JD Baker,0,0,,,,,,"",""
ball,2,18.2,Auckland Aces,MJ Guptill,MS Chapman,JD Baker,0,0,,,,,,"",""
ball,2,18.3,Auckland Aces,MJ Guptill,MS Chapman,JD Baker,0,0,,,,,,"",""
ball,2,18.4,Auckland Aces,MJ Guptill,MS Chapman,JD Baker,0,0,,,,,,"",""
ball,2,18.5,Auckland Aces,MJ Guptill,MS Chapman,JD Baker,0,0,,,,,,"",""
ball,2,18.6,Auckland Aces,MJ Guptill,MS Chapman,JD Baker,1,0,,,,,,"",""
ball,2,19.1,Auckland Aces,MJ Guptill,MS Chapman,SC Kuggeleijn,0,0,,,,,,"",""
ball,2,19.2,Auckland Aces,MJ Guptill,MS Chapman,SC Kuggeleijn,0,0,,,,,,"",""
ball,2,19.3,Auckland Aces,MJ Guptill,MS Chapman,SC Kuggeleijn,2,0,,,,,,"",""
ball,2,19.4,Auckland Aces,MJ Guptill,MS Chapman,SC Kuggeleijn,0,0,,,,,,"",""
ball,2,19.5,Auckland Aces,MJ Guptill,MS Chapman,SC Kuggeleijn,0,0,,,,,,"",""
ball,2,19.6,Auckland Aces,MJ Guptill,MS Chapman,SC Kuggeleijn,0,0,,,,,,"",""
ball,2,20.1,Auckland Aces,MS Chapman,MJ Guptill,JD Baker,0,0,,,,,,"",""
ball,2,20.2,Auckland Aces,MS Chapman,MJ Guptill,JD Baker,0,0,,,,,,"",""
ball,2,20.3,Auckland Aces,MS Chapman,MJ Guptill,JD Baker,0,0,,,,,,"",""
ball,2,20.4,Auckland Aces,MS Chapman,MJ Guptill,JD Baker,0,0,,,,,,"",""
ball,2,20.5,Auckland Aces,MS Chapman,MJ Guptill,JD Baker,1,0,,,,,,"",""
ball,2,20.6,Auckland Aces,MJ Guptill,MS Chapman,JD Baker,0,0,,,,,,"",""
ball,2,21.1,Auckland Aces,MS Chapman,MJ Guptill,SC Kuggeleijn,0,0,,,,,,"",""
ball,2,21.2,Auckland Aces,MS Chapman,MJ Guptill,SC Kuggeleijn,2,0,,,,,,"",""
ball,2,21.3,Auckland Aces,MS Chapman,MJ Guptill,SC Kuggeleijn,4,0,,,,,,"",""
ball,2,21.4,Auckland Aces,MS Chapman,MJ Guptill,SC Kuggeleijn,4,0,,,,,,"",""
ball,2,21.5,Auckland Aces,MS Chapman,MJ Guptill,SC Kuggeleijn,2,0,,,,,,"",""
ball,2,21.6,Auckland Aces,MS Chapman,MJ Guptill,SC Kuggeleijn,4,0,,,,,,"",""
ball,2,22.1,Auckland Aces,MJ Guptill,MS Chapman,JD Baker,4,0,,,,,,"",""
ball,2,22.2,Auckland Aces,MJ Guptill,MS Chapman,JD Baker,0,0,,,,,,"",""
ball,2,22.3,Auckland Aces,MJ Guptill,MS Chapman,JD Baker,0,0,,,,,,"",""
ball,2,22.4,Auckland Aces,MJ Guptill,MS Chapman,JD Baker,1,0,,,,,,"",""
ball,2,22.5,Auckland Aces,MS Chapman,MJ Guptill,JD Baker,0,0,,,,,,"",""
ball,2,22.6,Auckland Aces,MS Chapman,MJ Guptill,JD Baker,0,0,,,,,,"",""
ball,2,23.1,Auckland Aces,MJ Guptill,MS Chapman,MJ Santner,1,0,,,,,,"",""
ball,2,23.2,Auckland Aces,MS Chapman,MJ Guptill,MJ Santner,0,0,,,,,,"",""
ball,2,23.3,Auckland Aces,MS Chapman,MJ Guptill,MJ Santner,0,0,,,,,,"",""
ball,2,23.4,Auckland Aces,MS Chapman,MJ Guptill,MJ Santner,1,0,,,,,,"",""
ball,2,23.5,Auckland Aces,MJ Guptill,MS Chapman,MJ Santner,0,0,,,,,,"",""
ball,2,23.6,Auckland Aces,MJ Guptill,MS Chapman,MJ Santner,0,0,,,,,,"",""
ball,2,24.1,Auckland Aces,MS Chapman,MJ Guptill,JD Baker,0,0,,,,,,"",""
ball,2,24.2,Auckland Aces,MS Chapman,MJ Guptill,JD Baker,0,0,,,,,,"",""
ball,2,24.3,Auckland Aces,MS Chapman,MJ Guptill,JD Baker,4,0,,,,,,"",""
ball,2,24.4,Auckland Aces,MS Chapman,MJ Guptill,JD Baker,0,0,,,,,,"",""
ball,2,24.5,Auckland Aces,MS Chapman,MJ Guptill,JD Baker,0,0,,,,,,"",""
ball,2,24.6,Auckland Aces,MS Chapman,MJ Guptill,JD Baker,1,0,,,,,,"",""
ball,2,25.1,Auckland Aces,MS Chapman,MJ Guptill,MJ Santner,1,0,,,,,,"",""
ball,2,25.2,Auckland Aces,MJ Guptill,MS Chapman,MJ Santner,0,0,,,,,,"",""
ball,2,25.3,Auckland Aces,MJ Guptill,MS Chapman,MJ Santner,0,0,,,,,,"",""
ball,2,25.4,Auckland Aces,MJ Guptill,MS Chapman,MJ Santner,4,0,,,,,,"",""
ball,2,25.5,Auckland Aces,MJ Guptill,MS Chapman,MJ Santner,0,0,,,,,,"",""
ball,2,25.6,Auckland Aces,MJ Guptill,MS Chapman,MJ Santner,0,0,,,,,,"",""
ball,2,26.1,Auckland Aces,MS Chapman,MJ Guptill,JD Baker,4,0,,,,,,"",""
ball,2,26.2,Auckland Aces,MS Chapman,MJ Guptill,JD Baker,1,0,,,,,,"",""
ball,2,26.3,Auckland Aces,MJ Guptill,MS Chapman,JD Baker,0,0,,,,,,"",""
ball,2,26.4,Auckland Aces,MJ Guptill,MS Chapman,JD Baker,0,0,,,,,,"",""
ball,2,26.5,Auckland Aces,MJ Guptill,MS Chapman,JD Baker,0,0,,,,,,"",""
ball,2,26.6,Auckland Aces,MJ Guptill,MS Chapman,JD Baker,0,0,,,,,,"",""
ball,2,27.1,Auckland Aces,MS Chapman,MJ Guptill,MJ Santner,0,0,,,,,,"",""
ball,2,27.2,Auckland Aces,MS Chapman,MJ Guptill,MJ Santner,1,0,,,,,,"",""
ball,2,27.3,Auckland Aces,MJ Guptill,MS Chapman,MJ Santner,0,0,,,,,,"",""
ball,2,27.4,Auckland Aces,MJ Guptill,MS Chapman,MJ Santner,0,0,,,,,,"",""
ball,2,27.5,Auckland Aces,MJ Guptill,MS Chapman,MJ Santner,4,0,,,,,,"",""
ball,2,27.6,Auckland Aces,MJ Guptill,MS Chapman,MJ Santner,1,0,,,,,,"",""
ball,2,28.1,Auckland Aces,MJ Guptill,MS Chapman,BG Randell,0,0,,,,,,"",""
ball,2,28.2,Auckland Aces,MJ Guptill,MS Chapman,BG Randell,1,0,,,,,,"",""
ball,2,28.3,Auckland Aces,MS Chapman,MJ Guptill,BG Randell,0,0,,,,,,"",""
ball,2,28.4,Auckland Aces,MS Chapman,MJ Guptill,BG Randell,0,0,,,,,,"",""
ball,2,28.5,Auckland Aces,MS Chapman,MJ Guptill,BG Randell,0,0,,,,,,"",""
ball,2,28.6,Auckland Aces,MS Chapman,MJ Guptill,BG Randell,0,0,,,,,,"",""
ball,2,29.1,Auckland Aces,MJ Guptill,MS Chapman,MJ Santner,3,0,,,,,,"",""
ball,2,29.2,Auckland Aces,MS Chapman,MJ Guptill,MJ Santner,0,0,,,,,,"",""
ball,2,29.3,Auckland Aces,MS Chapman,MJ Guptill,MJ Santner,1,0,,,,,,"",""
ball,2,29.4,Auckland Aces,MJ Guptill,MS Chapman,MJ Santner,0,0,,,,,,"",""
ball,2,29.5,Auckland Aces,MJ Guptill,MS Chapman,MJ Santner,1,0,,,,,,"",""
ball,2,29.6,Auckland Aces,MS Chapman,MJ Guptill,MJ Santner,0,0,,,,,,"",""
ball,2,30.1,Auckland Aces,MJ Guptill,MS Chapman,BG Randell,1,0,,,,,,"",""
ball,2,30.2,Auckland Aces,MS Chapman,MJ Guptill,BG Randell,0,0,,,,,,"",""
ball,2,30.3,Auckland Aces,MS Chapman,MJ Guptill,BG Randell,0,0,,,,,,"",""
ball,2,30.4,Auckland Aces,MS Chapman,MJ Guptill,BG Randell,4,0,,,,,,"",""
ball,2,30.5,Auckland Aces,MS Chapman,MJ Guptill,BG Randell,0,0,,,,,,"",""
ball,2,30.6,Auckland Aces,MS Chapman,MJ Guptill,BG Randell,1,0,,,,,,"",""
ball,2,31.1,Auckland Aces,MS Chapman,MJ Guptill,MJ Santner,0,0,,,,,,"",""
ball,2,31.2,Auckland Aces,MS Chapman,MJ Guptill,MJ Santner,2,0,,,,,,"",""
ball,2,31.3,Auckland Aces,MS Chapman,MJ Guptill,MJ Santner,0,0,,,,,,"",""
ball,2,31.4,Auckland Aces,MS Chapman,MJ Guptill,MJ Santner,1,0,,,,,,"",""
ball,2,31.5,Auckland Aces,MJ Guptill,MS Chapman,MJ Santner,0,0,,,,,,"",""
ball,2,31.6,Auckland Aces,MJ Guptill,MS Chapman,MJ Santner,1,0,,,,,,"",""
ball,2,32.1,Auckland Aces,MJ Guptill,MS Chapman,BG Randell,0,0,,,,,,"",""
ball,2,32.2,Auckland Aces,MJ Guptill,MS Chapman,BG Randell,1,0,,,,,,"",""
ball,2,32.3,Auckland Aces,MS Chapman,MJ Guptill,BG Randell,0,0,,,,,,"",""
ball,2,32.4,Auckland Aces,MS Chapman,MJ Guptill,BG Randell,0,0,,,,,,"",""
ball,2,32.5,Auckland Aces,MS Chapman,MJ Guptill,BG Randell,0,0,,,,,,"",""
ball,2,32.6,Auckland Aces,MS Chapman,MJ Guptill,BG Randell,4,0,,,,,,"",""
ball,2,33.1,Auckland Aces,MJ Guptill,MS Chapman,IS Sodhi,1,0,,,,,,"",""
ball,2,33.2,Auckland Aces,MS Chapman,MJ Guptill,IS Sodhi,0,0,,,,,,"",""
ball,2,33.3,Auckland Aces,MS Chapman,MJ Guptill,IS Sodhi,0,0,,,,,,"",""
ball,2,33.4,Auckland Aces,MS Chapman,MJ Guptill,IS Sodhi,3,0,,,,,,"",""
ball,2,33.5,Auckland Aces,MJ Guptill,MS Chapman,IS Sodhi,0,0,,,,,,"",""
ball,2,33.6,Auckland Aces,MJ Guptill,MS Chapman,IS Sodhi,6,0,,,,,,"",""
ball,2,34.1,Auckland Aces,MS Chapman,MJ Guptill,MJ Santner,0,0,,,,,,"",""
ball,2,34.2,Auckland Aces,MS Chapman,MJ Guptill,MJ Santner,1,0,,,,,,"",""
ball,2,34.3,Auckland Aces,MJ Guptill,MS Chapman,MJ Santner,0,0,,,,,,"",""
ball,2,34.4,Auckland Aces,MJ Guptill,MS Chapman,MJ Santner,1,0,,,,,,"",""
ball,2,34.5,Auckland Aces,MS Chapman,MJ Guptill,MJ Santner,1,0,,,,,,"",""
ball,2,34.6,Auckland Aces,MJ Guptill,MS Chapman,MJ Santner,1,0,,,,,,"",""
ball,2,35.1,Auckland Aces,MJ Guptill,MS Chapman,IS Sodhi,0,0,,,,,,"",""
ball,2,35.2,Auckland Aces,MJ Guptill,MS Chapman,IS Sodhi,0,0,,,,,,"",""
ball,2,35.3,Auckland Aces,MJ Guptill,MS Chapman,IS Sodhi,1,0,,,,,,"",""
ball,2,35.4,Auckland Aces,MS Chapman,MJ Guptill,IS Sodhi,1,0,,,,,,"",""
ball,2,35.5,Auckland Aces,MJ Guptill,MS Chapman,IS Sodhi,0,0,,,,,,"",""
ball,2,35.6,Auckland Aces,MJ Guptill,MS Chapman,IS Sodhi,1,0,,,,,,"",""
ball,2,36.1,Auckland Aces,MJ Guptill,MS Chapman,MJ Santner,0,0,,,,,,"",""
ball,2,36.2,Auckland Aces,MJ Guptill,MS Chapman,MJ Santner,0,0,,,,,,"",""
ball,2,36.3,Auckland Aces,MJ Guptill,MS Chapman,MJ Santner,0,0,,,,,,"",""
ball,2,36.4,Auckland Aces,MJ Guptill,MS Chapman,MJ Santner,0,0,,,,,,"",""
ball,2,36.5,Auckland Aces,MJ Guptill,MS Chapman,MJ Santner,0,0,,,,,,"",""
ball,2,36.6,Auckland Aces,MJ Guptill,MS Chapman,MJ Santner,0,0,,,,,,"",""
ball,2,37.1,Auckland Aces,MS Chapman,MJ Guptill,IS Sodhi,0,0,,,,,,"",""
ball,2,37.2,Auckland Aces,MS Chapman,MJ Guptill,IS Sodhi,0,0,,,,,,"",""
ball,2,37.3,Auckland Aces,MS Chapman,MJ Guptill,IS Sodhi,0,0,,,,,,"",""
ball,2,37.4,Auckland Aces,MS Chapman,MJ Guptill,IS Sodhi,0,0,,,,,,"",""
ball,2,37.5,Auckland Aces,MS Chapman,MJ Guptill,IS Sodhi,0,0,,,,,,"",""
ball,2,37.6,Auckland Aces,MS Chapman,MJ Guptill,IS Sodhi,0,0,,,,,,"",""
ball,2,38.1,Auckland Aces,MJ Guptill,MS Chapman,MJ Santner,0,0,,,,,,"",""
ball,2,38.2,Auckland Aces,MJ Guptill,MS Chapman,MJ Santner,0,0,,,,,,"",""
ball,2,38.3,Auckland Aces,MJ Guptill,MS Chapman,MJ Santner,1,0,,,,,,"",""
ball,2,38.4,Auckland Aces,MS Chapman,MJ Guptill,MJ Santner,0,0,,,,,,"",""
ball,2,38.5,Auckland Aces,MS Chapman,MJ Guptill,MJ Santner,1,0,,,,,,"",""
ball,2,38.6,Auckland Aces,MJ Guptill,MS Chapman,MJ Santner,0,0,,,,,,"",""
ball,2,39.1,Auckland Aces,MS Chapman,MJ Guptill,IS Sodhi,1,0,,,,,,"",""
ball,2,39.2,Auckland Aces,MJ Guptill,MS Chapman,IS Sodhi,0,0,,,,,,"",""
ball,2,39.3,Auckland Aces,MJ Guptill,MS Chapman,IS Sodhi,1,0,,,,,,"",""
ball,2,39.4,Auckland Aces,MS Chapman,MJ Guptill,IS Sodhi,1,0,,,,,,"",""
ball,2,39.5,Auckland Aces,MJ Guptill,MS Chapman,IS Sodhi,0,0,,,,,,"",""
ball,2,39.6,Auckland Aces,MJ Guptill,MS Chapman,IS Sodhi,1,0,,,,,,"",""
ball,2,40.1,Auckland Aces,MJ Guptill,MS Chapman,MJ Santner,0,0,,,,,,"",""
ball,2,40.2,Auckland Aces,MJ Guptill,MS Chapman,MJ Santner,0,0,,,,,,"",""
ball,2,40.3,Auckland Aces,MJ Guptill,MS Chapman,MJ Santner,0,0,,,,,,bowled,MJ Guptill
ball,2,40.4,Auckland Aces,RR O'Donnell,MS Chapman,MJ Santner,0,0,,,,,,"",""
ball,2,40.5,Auckland Aces,RR O'Donnell,MS Chapman,MJ Santner,0,0,,,,,,"",""
ball,2,40.6,Auckland Aces,RR O'Donnell,MS Chapman,MJ Santner,0,0,,,,,,"",""
ball,2,41.1,Auckland Aces,MS Chapman,RR O'Donnell,IS Sodhi,0,0,,,,,,"",""
ball,2,41.2,Auckland Aces,MS Chapman,RR O'Donnell,IS Sodhi,0,0,,,,,,"",""
ball,2,41.3,Auckland Aces,MS Chapman,RR O'Donnell,IS Sodhi,0,0,,,,,,"",""
ball,2,41.4,Auckland Aces,MS Chapman,RR O'Donnell,IS Sodhi,0,0,,,,,,"",""
ball,2,41.5,Auckland Aces,MS Chapman,RR O'Donnell,IS Sodhi,1,0,,,,,,"",""
ball,2,41.6,Auckland Aces,RR O'Donnell,MS Chapman,IS Sodhi,3,0,,,,,,"",""
ball,2,42.1,Auckland Aces,RR O'Donnell,MS Chapman,MJ Santner,0,0,,,,,,"",""
ball,2,42.2,Auckland Aces,RR O'Donnell,MS Chapman,MJ Santner,0,0,,,,,,"",""
ball,2,42.3,Auckland Aces,RR O'Donnell,MS Chapman,MJ Santner,0,0,,,,,,"",""
ball,2,42.4,Auckland Aces,RR O'Donnell,MS Chapman,MJ Santner,0,0,,,,,,"",""
ball,2,42.5,Auckland Aces,RR O'Donnell,MS Chapman,MJ Santner,0,0,,,,,,"",""
ball,2,42.6,Auckland Aces,RR O'Donnell,MS Chapman,MJ Santner,0,0,,,,,,"",""
ball,2,43.1,Auckland Aces,MS Chapman,RR O'Donnell,IS Sodhi,0,0,,,,,,"",""
ball,2,43.2,Auckland Aces,MS Chapman,RR O'Donnell,IS Sodhi,0,0,,,,,,"",""
ball,2,43.3,Auckland Aces,MS Chapman,RR O'Donnell,IS Sodhi,4,0,,,,,,"",""
ball,2,43.4,Auckland Aces,MS Chapman,RR O'Donnell,IS Sodhi,0,0,,,,,,"",""
ball,2,43.5,Auckland Aces,MS Chapman,RR O'Donnell,IS Sodhi,6,0,,,,,,"",""
ball,2,43.6,Auckland Aces,MS Chapman,RR O'Donnell,IS Sodhi,0,0,,,,,,"",""
ball,2,44.1,Auckland Aces,RR O'Donnell,MS Chapman,MJ Santner,0,0,,,,,,"",""
ball,2,44.2,Auckland Aces,RR O'Donnell,MS Chapman,MJ Santner,1,0,,,,,,"",""
ball,2,44.3,Auckland Aces,MS Chapman,RR O'Donnell,MJ Santner,0,0,,,,,,"",""
ball,2,44.4,Auckland Aces,MS Chapman,RR O'Donnell,MJ Santner,1,0,,,,,,"",""
ball,2,44.5,Auckland Aces,RR O'Donnell,MS Chapman,MJ Santner,0,0,,,,,,"",""
ball,2,44.6,Auckland Aces,RR O'Donnell,MS Chapman,MJ Santner,0,0,,,,,,"",""
ball,2,45.1,Auckland Aces,MS Chapman,RR O'Donnell,IS Sodhi,1,0,,,,,,"",""
ball,2,45.2,Auckland Aces,RR O'Donnell,MS Chapman,IS Sodhi,0,0,,,,,,"",""
ball,2,45.3,Auckland Aces,RR O'Donnell,MS Chapman,IS Sodhi,1,0,,,,,,"",""
ball,2,45.4,Auckland Aces,MS Chapman,RR O'Donnell,IS Sodhi,0,0,,,,,,"",""
ball,2,45.5,Auckland Aces,MS Chapman,RR O'Donnell,IS Sodhi,2,0,,,,,,"",""
ball,2,45.6,Auckland Aces,MS Chapman,RR O'Donnell,IS Sodhi,1,0,,,,,,"",""
ball,2,46.1,Auckland Aces,MS Chapman,RR O'Donnell,MJ Santner,0,0,,,,,,"",""
ball,2,46.2,Auckland Aces,MS Chapman,RR O'Donnell,MJ Santner,4,0,,,,,,"",""
ball,2,46.3,Auckland Aces,MS Chapman,RR O'Donnell,MJ Santner,1,0,,,,,,"",""
ball,2,46.4,Auckland Aces,RR O'Donnell,MS Chapman,MJ Santner,0,0,,,,,,"",""
ball,2,46.5,Auckland Aces,RR O'Donnell,MS Chapman,MJ Santner,0,0,,,,,,"",""
ball,2,46.6,Auckland Aces,RR O'Donnell,MS Chapman,MJ Santner,0,0,,,,,,"",""
ball,2,47.1,Auckland Aces,MS Chapman,RR O'Donnell,IS Sodhi,0,0,,,,,,"",""
ball,2,47.2,Auckland Aces,MS Chapman,RR O'Donnell,IS Sodhi,0,0,,,,,,"",""
ball,2,47.3,Auckland Aces,MS Chapman,RR O'Donnell,IS Sodhi,1,0,,,,,,"",""
ball,2,47.4,Auckland Aces,RR O'Donnell,MS Chapman,IS Sodhi,2,0,,,,,,"",""
ball,2,47.5,Auckland Aces,RR O'Donnell,MS Chapman,IS Sodhi,1,0,,,,,,"",""
ball,2,47.6,Auckland Aces,MS Chapman,RR O'Donnell,IS Sodhi,0,0,,,,,,"",""
ball,2,48.1,Auckland Aces,RR O'Donnell,MS Chapman,MJ Santner,0,0,,,,,,"",""
ball,2,48.2,Auckland Aces,RR O'Donnell,MS Chapman,MJ Santner,0,0,,,,,,"",""
ball,2,48.3,Auckland Aces,RR O'Donnell,MS Chapman,MJ Santner,0,0,,,,,,"",""
ball,2,48.4,Auckland Aces,RR O'Donnell,MS Chapman,MJ Santner,1,0,,,,,,"",""
ball,2,48.5,Auckland Aces,MS Chapman,RR O'Donnell,MJ Santner,0,0,,,,,,"",""
ball,2,48.6,Auckland Aces,MS Chapman,RR O'Donnell,MJ Santner,0,0,,,,,,"",""
ball,2,49.1,Auckland Aces,RR O'Donnell,MS Chapman,IS Sodhi,1,0,,,,,,"",""
ball,2,49.2,Auckland Aces,MS Chapman,RR O'Donnell,IS Sodhi,0,0,,,,,,"",""
ball,2,49.3,Auckland Aces,MS Chapman,RR O'Donnell,IS Sodhi,0,0,,,,,,"",""
ball,2,49.4,Auckland Aces,MS Chapman,RR O'Donnell,IS Sodhi,3,0,,,,,,"",""
ball,2,49.5,Auckland Aces,RR O'Donnell,MS Chapman,IS Sodhi,1,0,,,,,,"",""
ball,2,49.6,Auckland Aces,MS Chapman,RR O'Donnell,IS Sodhi,1,0,,,,,,"",""
ball,2,50.1,Auckland Aces,MS Chapman,RR O'Donnell,MJ Santner,2,0,,,,,,"",""
ball,2,50.2,Auckland Aces,MS Chapman,RR O'Donnell,MJ Santner,1,0,,,,,,"",""
ball,2,50.3,Auckland Aces,RR O'Donnell,MS Chapman,MJ Santner,0,0,,,,,,"",""
ball,2,50.4,Auckland Aces,RR O'Donnell,MS Chapman,MJ Santner,0,0,,,,,,"",""
ball,2,50.5,Auckland Aces,RR O'Donnell,MS Chapman,MJ Santner,0,0,,,,,,"",""
ball,2,50.6,Auckland Aces,RR O'Donnell,MS Chapman,MJ Santner,0,0,,,,,,"",""
ball,2,51.1,Auckland Aces,MS Chapman,RR O'Donnell,IS Sodhi,1,0,,,,,,"",""
ball,2,51.2,Auckland Aces,RR O'Donnell,MS Chapman,IS Sodhi,1,0,,,,,,"",""
ball,2,51.3,Auckland Aces,MS Chapman,RR O'Donnell,IS Sodhi,1,0,,,,,,"",""
ball,2,51.4,Auckland Aces,RR O'Donnell,MS Chapman,IS Sodhi,0,0,,,,,,"",""
ball,2,51.5,Auckland Aces,RR O'Donnell,MS Chapman,IS Sodhi,1,0,,,,,,"",""
ball,2,51.6,Auckland Aces,MS Chapman,RR O'Donnell,IS Sodhi,0,0,,,,,,"",""
ball,2,52.1,Auckland Aces,RR O'Donnell,MS Chapman,MJ Santner,0,0,,,,,,"",""
ball,2,52.2,Auckland Aces,RR O'Donnell,MS Chapman,MJ Santner,0,0,,,,,,"",""
ball,2,52.3,Auckland Aces,RR O'Donnell,MS Chapman,MJ Santner,0,0,,,,,,"",""
ball,2,52.4,Auckland Aces,RR O'Donnell,MS Chapman,MJ Santner,0,0,,,,,,"",""
ball,2,52.5,Auckland Aces,RR O'Donnell,MS Chapman,MJ Santner,0,0,,,,,,"",""
ball,2,52.6,Auckland Aces,RR O'Donnell,MS Chapman,MJ Santner,0,0,,,,,,"",""
ball,2,53.1,Auckland Aces,MS Chapman,RR O'Donnell,BG Randell,0,0,,,,,,"",""
ball,2,53.2,Auckland Aces,MS Chapman,RR O'Donnell,BG Randell,0,0,,,,,,"",""
ball,2,53.3,Auckland Aces,MS Chapman,RR O'Donnell,BG Randell,0,0,,,,,,"",""
ball,2,53.4,Auckland Aces,MS Chapman,RR O'Donnell,BG Randell,0,0,,,,,,"",""
ball,2,53.5,Auckland Aces,MS Chapman,RR O'Donnell,BG Randell,2,0,,,,,,"",""
ball,2,53.6,Auckland Aces,MS Chapman,RR O'Donnell,BG Randell,1,0,,,,,,"",""
ball,2,54.1,Auckland Aces,MS Chapman,RR O'Donnell,MJ Santner,1,0,,,,,,"",""
ball,2,54.2,Auckland Aces,RR O'Donnell,MS Chapman,MJ Santner,1,0,,,,,,"",""
ball,2,54.3,Auckland Aces,MS Chapman,RR O'Donnell,MJ Santner,1,0,,,,,,"",""
ball,2,54.4,Auckland Aces,RR O'Donnell,MS Chapman,MJ Santner,0,0,,,,,,"",""
ball,2,54.5,Auckland Aces,RR O'Donnell,MS Chapman,MJ Santner,0,0,,,,,,"",""
ball,2,54.6,Auckland Aces,RR O'Donnell,MS Chapman,MJ Santner,1,0,,,,,,"",""
ball,2,55.1,Auckland Aces,RR O'Donnell,MS Chapman,BG Randell,0,0,,,,,,"",""
ball,2,55.2,Auckland Aces,RR O'Donnell,MS Chapman,BG Randell,0,0,,,,,,"",""
ball,2,55.3,Auckland Aces,RR O'Donnell,MS Chapman,BG Randell,0,0,,,,,,"",""
ball,2,55.4,Auckland Aces,RR O'Donnell,MS Chapman,BG Randell,0,0,,,,,,"",""
ball,2,55.5,Auckland Aces,RR O'Donnell,MS Chapman,BG Randell,0,0,,,,,,"",""
ball,2,55.6,Auckland Aces,RR O'Donnell,MS Chapman,BG Randell,0,0,,,,,,"",""
ball,2,56.1,Auckland Aces,MS Chapman,RR O'Donnell,MJ Santner,2,0,,,,,,"",""
ball,2,56.2,Auckland Aces,MS Chapman,RR O'Donnell,MJ Santner,0,0,,,,,,"",""
ball,2,56.3,Auckland Aces,MS Chapman,RR O'Donnell,MJ Santner,4,0,,,,,,"",""
ball,2,56.4,Auckland Aces,MS Chapman,RR O'Donnell,MJ Santner,0,0,,,,,,"",""
ball,2,56.5,Auckland Aces,MS Chapman,RR O'Donnell,MJ Santner,2,0,,,,,,"",""
ball,2,56.6,Auckland Aces,MS Chapman,RR O'Donnell,MJ Santner,0,0,,,,,,"",""
ball,2,57.1,Auckland Aces,RR O'Donnell,MS Chapman,BG Randell,0,0,,,,,,"",""
ball,2,57.2,Auckland Aces,RR O'Donnell,MS Chapman,BG Randell,0,0,,,,,,"",""
ball,2,57.3,Auckland Aces,RR O'Donnell,MS Chapman,BG Randell,0,0,,,,,,"",""
ball,2,57.4,Auckland Aces,RR O'Donnell,MS Chapman,BG Randell,0,0,,,,,,"",""
ball,2,57.5,Auckland Aces,RR O'Donnell,MS Chapman,BG Randell,0,0,,,,,,"",""
ball,2,57.6,Auckland Aces,RR O'Donnell,MS Chapman,BG Randell,0,0,,,,,,"",""
ball,2,58.1,Auckland Aces,MS Chapman,RR O'Donnell,MJ Santner,4,0,,,,,,"",""
ball,2,58.2,Auckland Aces,MS Chapman,RR O'Donnell,MJ Santner,0,0,,,,,,"",""
ball,2,58.3,Auckland Aces,MS Chapman,RR O'Donnell,MJ Santner,0,0,,,,,,"",""
ball,2,58.4,Auckland Aces,MS Chapman,RR O'Donnell,MJ Santner,0,0,,,,,,"",""
ball,2,58.5,Auckland Aces,MS Chapman,RR O'Donnell,MJ Santner,0,0,,,,,,"",""
ball,2,58.6,Auckland Aces,MS Chapman,RR O'Donnell,MJ Santner,4,0,,,,,,"",""
ball,2,59.1,Auckland Aces,RR O'Donnell,MS Chapman,BG Randell,4,0,,,,,,"",""
ball,2,59.2,Auckland Aces,RR O'Donnell,MS Chapman,BG Randell,0,0,,,,,,"",""
ball,2,59.3,Auckland Aces,RR O'Donnell,MS Chapman,BG Randell,0,0,,,,,,"",""
ball,2,59.4,Auckland Aces,RR O'Donnell,MS Chapman,BG Randell,0,0,,,,,,"",""
ball,2,59.5,Auckland Aces,RR O'Donnell,MS Chapman,BG Randell,0,0,,,,,,"",""
ball,2,59.6,Auckland Aces,RR O'Donnell,MS Chapman,BG Randell,0,0,,,,,,"",""
ball,2,60.1,Auckland Aces,MS Chapman,RR O'Donnell,MJ Santner,1,0,,,,,,"",""
ball,2,60.2,Auckland Aces,RR O'Donnell,MS Chapman,MJ Santner,0,0,,,,,,"",""
ball,2,60.3,Auckland Aces,RR O'Donnell,MS Chapman,MJ Santner,0,0,,,,,,"",""
ball,2,60.4,Auckland Aces,RR O'Donnell,MS Chapman,MJ Santner,0,0,,,,,,"",""
ball,2,60.5,Auckland Aces,RR O'Donnell,MS Chapman,MJ Santner,3,0,,,,,,"",""
ball,2,60.6,Auckland Aces,MS Chapman,RR O'Donnell,MJ Santner,1,0,,,,,,"",""
ball,2,61.1,Auckland Aces,MS Chapman,RR O'Donnell,BG Randell,4,0,,,,,,"",""
ball,2,61.2,Auckland Aces,MS Chapman,RR O'Donnell,BG Randell,0,0,,,,,,"",""
ball,2,61.3,Auckland Aces,MS Chapman,RR O'Donnell,BG Randell,0,0,,,,,,"",""
ball,2,61.4,Auckland Aces,MS Chapman,RR O'Donnell,BG Randell,0,0,,,,,,"",""
ball,2,61.5,Auckland Aces,MS Chapman,RR O'Donnell,BG Randell,4,0,,,,,,"",""
ball,2,61.6,Auckland Aces,MS Chapman,RR O'Donnell,BG Randell,0,0,,,,,,"",""
ball,2,62.1,Auckland Aces,RR O'Donnell,MS Chapman,SC Kuggeleijn,0,0,,,,,,"",""
ball,2,62.2,Auckland Aces,RR O'Donnell,MS Chapman,SC Kuggeleijn,0,0,,,,,,"",""
ball,2,62.3,Auckland Aces,RR O'Donnell,MS Chapman,SC Kuggeleijn,4,0,,,,,,"",""
ball,2,62.4,Auckland Aces,RR O'Donnell,MS Chapman,SC Kuggeleijn,1,0,,,,,,"",""
ball,2,62.5,Auckland Aces,MS Chapman,RR O'Donnell,SC Kuggeleijn,0,0,,,,,,"",""
ball,2,62.6,Auckland Aces,MS Chapman,RR O'Donnell,SC Kuggeleijn,2,0,,,,,,"",""
ball,2,63.1,Auckland Aces,RR O'Donnell,MS Chapman,JD Baker,0,0,,,,,,"",""
ball,2,63.2,Auckland Aces,RR O'Donnell,MS Chapman,JD Baker,2,0,,,,,,"",""
ball,2,63.3,Auckland Aces,RR O'Donnell,MS Chapman,JD Baker,0,0,,,,,,"",""
ball,2,63.4,Auckland Aces,RR O'Donnell,MS Chapman,JD Baker,0,0,,,,,,"",""
ball,2,63.5,Auckland Aces,RR O'Donnell,MS Chapman,JD Baker,0,0,,,,,,"",""
ball,2,63.6,Auckland Aces,RR O'Donnell,MS Chapman,JD Baker,0,0,,,,,,"",""
ball,2,64.1,Auckland Aces,MS Chapman,RR O'Donnell,SC Kuggeleijn,0,0,,,,,,"",""
ball,2,64.2,Auckland Aces,MS Chapman,RR O'Donnell,SC Kuggeleijn,0,0,,,,,,"",""
ball,2,64.3,Auckland Aces,MS Chapman,RR O'Donnell,SC Kuggeleijn,1,0,,,,,,"",""
ball,2,64.4,Auckland Aces,RR O'Donnell,MS Chapman,SC Kuggeleijn,0,5,5,,,,,"",""
ball,2,64.5,Auckland Aces,RR O'Donnell,MS Chapman,SC Kuggeleijn,1,0,,,,,,"",""
ball,2,64.6,Auckland Aces,MS Chapman,RR O'Donnell,SC Kuggeleijn,0,0,,,,,,"",""
ball,2,64.7,Auckland Aces,MS Chapman,RR O'Donnell,SC Kuggeleijn,0,0,,,,,,"",""
ball,2,65.1,Auckland Aces,RR O'Donnell,MS Chapman,JD Baker,0,0,,,,,,"",""
ball,2,65.2,Auckland Aces,RR O'Donnell,MS Chapman,JD Baker,0,0,,,,,,"",""
ball,2,65.3,Auckland Aces,RR O'Donnell,MS Chapman,JD Baker,0,0,,,,,,"",""
ball,2,65.4,Auckland Aces,RR O'Donnell,MS Chapman,JD Baker,0,0,,,,,,"",""
ball,2,65.5,Auckland Aces,RR O'Donnell,MS Chapman,JD Baker,0,0,,,,,,"",""
ball,2,65.6,Auckland Aces,RR O'Donnell,MS Chapman,JD Baker,0,0,,,,,,"",""
ball,2,66.1,Auckland Aces,MS Chapman,RR O'Donnell,SC Kuggeleijn,0,0,,,,,,"",""
ball,2,66.2,Auckland Aces,MS Chapman,RR O'Donnell,SC Kuggeleijn,4,0,,,,,,"",""
ball,2,66.3,Auckland Aces,MS Chapman,RR O'Donnell,SC Kuggeleijn,0,0,,,,,,"",""
ball,2,66.4,Auckland Aces,MS Chapman,RR O'Donnell,SC Kuggeleijn,0,0,,,,,,"",""
ball,2,66.5,Auckland Aces,MS Chapman,RR O'Donnell,SC Kuggeleijn,1,0,,,,,,"",""
ball,2,66.6,Auckland Aces,RR O'Donnell,MS Chapman,SC Kuggeleijn,1,0,,,,,,"",""
ball,2,67.1,Auckland Aces,RR O'Donnell,MS Chapman,JD Baker,0,0,,,,,,"",""
ball,2,67.2,Auckland Aces,RR O'Donnell,MS Chapman,JD Baker,0,0,,,,,,"",""
ball,2,67.3,Auckland Aces,RR O'Donnell,MS Chapman,JD Baker,0,0,,,,,,"",""
ball,2,67.4,Auckland Aces,RR O'Donnell,MS Chapman,JD Baker,0,0,,,,,,"",""
ball,2,67.5,Auckland Aces,RR O'Donnell,MS Chapman,JD Baker,0,0,,,,,,"",""
ball,2,67.6,Auckland Aces,RR O'Donnell,MS Chapman,JD Baker,0,0,,,,,,"",""
ball,2,68.1,Auckland Aces,MS Chapman,RR O'Donnell,SC Kuggeleijn,4,0,,,,,,"",""
ball,2,68.2,Auckland Aces,MS Chapman,RR O'Donnell,SC Kuggeleijn,0,0,,,,,,"",""
ball,2,68.3,Auckland Aces,MS Chapman,RR O'Donnell,SC Kuggeleijn,1,0,,,,,,"",""
ball,2,68.4,Auckland Aces,RR O'Donnell,MS Chapman,SC Kuggeleijn,0,0,,,,,,"",""
ball,2,68.5,Auckland Aces,RR O'Donnell,MS Chapman,SC Kuggeleijn,0,0,,,,,,"",""
ball,2,68.6,Auckland Aces,RR O'Donnell,MS Chapman,SC Kuggeleijn,0,1,,1,,,,"",""
ball,2,68.7,Auckland Aces,RR O'Donnell,MS Chapman,SC Kuggeleijn,0,0,,,,,,"",""
ball,2,69.1,Auckland Aces,MS Chapman,RR O'Donnell,IS Sodhi,0,0,,,,,,"",""
ball,2,69.2,Auckland Aces,MS Chapman,RR O'Donnell,IS Sodhi,0,0,,,,,,"",""
ball,2,69.3,Auckland Aces,MS Chapman,RR O'Donnell,IS Sodhi,0,0,,,,,,"",""
ball,2,69.4,Auckland Aces,MS Chapman,RR O'Donnell,IS Sodhi,0,0,,,,,,"",""
ball,2,69.5,Auckland Aces,MS Chapman,RR O'Donnell,IS Sodhi,6,0,,,,,,"",""
ball,2,69.6,Auckland Aces,MS Chapman,RR O'Donnell,IS Sodhi,6,0,,,,,,"",""
ball,2,70.1,Auckland Aces,RR O'Donnell,MS Chapman,MJ Santner,0,0,,,,,,"",""
ball,2,70.2,Auckland Aces,RR O'Donnell,MS Chapman,MJ Santner,2,0,,,,,,"",""
ball,2,70.3,Auckland Aces,RR O'Donnell,MS Chapman,MJ Santner,4,0,,,,,,"",""
ball,2,70.4,Auckland Aces,RR O'Donnell,MS Chapman,MJ Santner,0,0,,,,,,"",""
ball,2,70.5,Auckland Aces,RR O'Donnell,MS Chapman,MJ Santner,1,0,,,,,,"",""
ball,2,70.6,Auckland Aces,MS Chapman,RR O'Donnell,MJ Santner,0,0,,,,,,caught,MS Chapman
ball,2,71.1,Auckland Aces,RR O'Donnell,SM Solia,IS Sodhi,2,0,,,,,,"",""
ball,2,71.2,Auckland Aces,RR O'Donnell,SM Solia,IS Sodhi,0,0,,,,,,"",""
ball,2,71.3,Auckland Aces,RR O'Donnell,SM Solia,IS Sodhi,0,0,,,,,,"",""
ball,2,71.4,Auckland Aces,RR O'Donnell,SM Solia,IS Sodhi,0,0,,,,,,"",""
ball,2,71.5,Auckland Aces,RR O'Donnell,SM Solia,IS Sodhi,1,0,,,,,,"",""
ball,2,71.6,Auckland Aces,SM Solia,RR O'Donnell,IS Sodhi,0,0,,,,,,"",""
ball,2,72.1,Auckland Aces,RR O'Donnell,SM Solia,MJ Santner,0,0,,,,,,"",""
ball,2,72.2,Auckland Aces,RR O'Donnell,SM Solia,MJ Santner,0,0,,,,,,"",""
ball,2,72.3,Auckland Aces,RR O'Donnell,SM Solia,MJ Santner,6,0,,,,,,"",""
ball,2,72.4,Auckland Aces,RR O'Donnell,SM Solia,MJ Santner,0,0,,,,,,"",""
ball,2,72.5,Auckland Aces,RR O'Donnell,SM Solia,MJ Santner,2,0,,,,,,"",""
ball,2,72.6,Auckland Aces,RR O'Donnell,SM Solia,MJ Santner,0,0,,,,,,"",""
ball,2,73.1,Auckland Aces,SM Solia,RR O'Donnell,IS Sodhi,0,0,,,,,,"",""
ball,2,73.2,Auckland Aces,SM Solia,RR O'Donnell,IS Sodhi,0,0,,,,,,"",""
ball,2,73.3,Auckland Aces,SM Solia,RR O'Donnell,IS Sodhi,0,0,,,,,,"",""
ball,2,73.4,Auckland Aces,SM Solia,RR O'Donnell,IS Sodhi,0,0,,,,,,"",""
ball,2,73.5,Auckland Aces,SM Solia,RR O'Donnell,IS Sodhi,0,0,,,,,,"",""
ball,2,73.6,Auckland Aces,SM Solia,RR O'Donnell,IS Sodhi,0,0,,,,,,"",""
ball,2,74.1,Auckland Aces,RR O'Donnell,SM Solia,MJ Santner,0,0,,,,,,"",""
ball,2,74.2,Auckland Aces,RR O'Donnell,SM Solia,MJ Santner,0,0,,,,,,"",""
ball,2,74.3,Auckland Aces,RR O'Donnell,SM Solia,MJ Santner,1,0,,,,,,"",""
ball,2,74.4,Auckland Aces,SM Solia,RR O'Donnell,MJ Santner,0,0,,,,,,"",""
ball,2,74.5,Auckland Aces,SM Solia,RR O'Donnell,MJ Santner,0,0,,,,,,"",""
ball,2,74.6,Auckland Aces,SM Solia,RR O'Donnell,MJ Santner,0,4,,,4,,,"",""
ball,2,75.1,Auckland Aces,RR O'Donnell,SM Solia,IS Sodhi,2,0,,,,,,"",""
ball,2,75.2,Auckland Aces,RR O'Donnell,SM Solia,IS Sodhi,1,0,,,,,,"",""
ball,2,75.3,Auckland Aces,SM Solia,RR O'Donnell,IS Sodhi,0,0,,,,,,"",""
ball,2,75.4,Auckland Aces,SM Solia,RR O'Donnell,IS Sodhi,0,0,,,,,,"",""
ball,2,75.5,Auckland Aces,SM Solia,RR O'Donnell,IS Sodhi,0,0,,,,,,"",""
ball,2,75.6,Auckland Aces,SM Solia,RR O'Donnell,IS Sodhi,1,0,,,,,,"",""
ball,2,76.1,Auckland Aces,SM Solia,RR O'Donnell,MJ Santner,0,0,,,,,,"",""
ball,2,76.2,Auckland Aces,SM Solia,RR O'Donnell,MJ Santner,0,0,,,,,,"",""
ball,2,76.3,Auckland Aces,SM Solia,RR O'Donnell,MJ Santner,1,0,,,,,,"",""
ball,2,76.4,Auckland Aces,RR O'Donnell,SM Solia,MJ Santner,0,0,,,,,,"",""
ball,2,76.5,Auckland Aces,RR O'Donnell,SM Solia,MJ Santner,0,0,,,,,,"",""
ball,2,76.6,Auckland Aces,RR O'Donnell,SM Solia,MJ Santner,0,0,,,,,,"",""
ball,2,77.1,Auckland Aces,SM Solia,RR O'Donnell,IS Sodhi,0,0,,,,,,"",""
ball,2,77.2,Auckland Aces,SM Solia,RR O'Donnell,IS Sodhi,4,0,,,,,,"",""
ball,2,77.3,Auckland Aces,SM Solia,RR O'Donnell,IS Sodhi,0,0,,,,,,"",""
ball,2,77.4,Auckland Aces,SM Solia,RR O'Donnell,IS Sodhi,4,0,,,,,,"",""
ball,2,77.5,Auckland Aces,SM Solia,RR O'Donnell,IS Sodhi,1,0,,,,,,"",""
ball,2,77.6,Auckland Aces,RR O'Donnell,SM Solia,IS Sodhi,1,0,,,,,,"",""
ball,2,78.1,Auckland Aces,RR O'Donnell,SM Solia,MJ Santner,0,0,,,,,,"",""
ball,2,78.2,Auckland Aces,RR O'Donnell,SM Solia,MJ Santner,4,0,,,,,,"",""
ball,2,78.3,Auckland Aces,RR O'Donnell,SM Solia,MJ Santner,0,0,,,,,,"",""
ball,2,78.4,Auckland Aces,RR O'Donnell,SM Solia,MJ Santner,0,0,,,,,,"",""
ball,2,78.5,Auckland Aces,RR O'Donnell,SM Solia,MJ Santner,0,0,,,,,,"",""
ball,2,78.6,Auckland Aces,RR O'Donnell,SM Solia,MJ Santner,0,0,,,,,,"",""
ball,2,79.1,Auckland Aces,SM Solia,RR O'Donnell,IS Sodhi,1,0,,,,,,"",""
ball,2,79.2,Auckland Aces,RR O'Donnell,SM Solia,IS Sodhi,2,0,,,,,,"",""
ball,2,79.3,Auckland Aces,RR O'Donnell,SM Solia,IS Sodhi,4,0,,,,,,"",""
ball,2,79.4,Auckland Aces,RR O'Donnell,SM Solia,IS Sodhi,1,0,,,,,,"",""
ball,2,79.5,Auckland Aces,SM Solia,RR O'Donnell,IS Sodhi,0,0,,,,,,"",""
ball,2,79.6,Auckland Aces,SM Solia,RR O'Donnell,IS Sodhi,2,0,,,,,,"",""
ball,2,80.1,Auckland Aces,RR O'Donnell,SM Solia,JD Baker,0,0,,,,,,"",""
ball,2,80.2,Auckland Aces,RR O'Donnell,SM Solia,JD Baker,0,0,,,,,,"",""
ball,2,80.3,Auckland Aces,RR O'Donnell,SM Solia,JD Baker,0,0,,,,,,"",""
ball,2,80.4,Auckland Aces,RR O'Donnell,SM Solia,JD Baker,0,0,,,,,,caught,RR O'Donnell
ball,2,80.5,Auckland Aces,SM Solia,BJ Horne,JD Baker,0,0,,,,,,"",""
ball,2,80.6,Auckland Aces,SM Solia,BJ Horne,JD Baker,0,0,,,,,,"",""
ball,2,81.1,Auckland Aces,BJ Horne,SM Solia,BG Randell,0,0,,,,,,"",""
ball,2,81.2,Auckland Aces,BJ Horne,SM Solia,BG Randell,0,0,,,,,,"",""
ball,2,81.3,Auckland Aces,BJ Horne,SM Solia,BG Randell,1,0,,,,,,"",""
ball,2,81.4,Auckland Aces,SM Solia,BJ Horne,BG Randell,1,0,,,,,,"",""
ball,2,81.5,Auckland Aces,BJ Horne,SM Solia,BG Randell,0,0,,,,,,"",""
ball,2,81.6,Auckland Aces,BJ Horne,SM Solia,BG Randell,4,0,,,,,,"",""
ball,2,82.1,Auckland Aces,SM Solia,BJ Horne,JD Baker,0,0,,,,,,"",""
ball,2,82.2,Auckland Aces,SM Solia,BJ Horne,JD Baker,1,0,,,,,,"",""
ball,2,82.3,Auckland Aces,BJ Horne,SM Solia,JD Baker,0,0,,,,,,"",""
ball,2,82.4,Auckland Aces,BJ Horne,SM Solia,JD Baker,0,0,,,,,,"",""
ball,2,82.5,Auckland Aces,BJ Horne,SM Solia,JD Baker,4,0,,,,,,"",""
ball,2,82.6,Auckland Aces,BJ Horne,SM Solia,JD Baker,0,0,,,,,,"",""
ball,2,83.1,Auckland Aces,SM Solia,BJ Horne,BG Randell,0,0,,,,,,"",""
ball,2,83.2,Auckland Aces,SM Solia,BJ Horne,BG Randell,0,0,,,,,,"",""
ball,2,83.3,Auckland Aces,SM Solia,BJ Horne,BG Randell,0,0,,,,,,"",""
ball,2,83.4,Auckland Aces,SM Solia,BJ Horne,BG Randell,0,0,,,,,,"",""
ball,2,83.5,Auckland Aces,SM Solia,BJ Horne,BG Randell,4,0,,,,,,"",""
ball,2,83.6,Auckland Aces,SM Solia,BJ Horne,BG Randell,4,0,,,,,,"",""
ball,2,84.1,Auckland Aces,BJ Horne,SM Solia,JD Baker,1,0,,,,,,"",""
ball,2,84.2,Auckland Aces,SM Solia,BJ Horne,JD Baker,4,0,,,,,,"",""
ball,2,84.3,Auckland Aces,SM Solia,BJ Horne,JD Baker,1,0,,,,,,"",""
ball,2,84.4,Auckland Aces,BJ Horne,SM Solia,JD Baker,1,0,,,,,,"",""
ball,2,84.5,Auckland Aces,SM Solia,BJ Horne,JD Baker,2,0,,,,,,"",""
ball,2,84.6,Auckland Aces,SM Solia,BJ Horne,JD Baker,0,0,,,,,,"",""
ball,2,85.1,Auckland Aces,BJ Horne,SM Solia,BG Randell,0,0,,,,,,"",""
ball,2,85.2,Auckland Aces,BJ Horne,SM Solia,BG Randell,1,0,,,,,,"",""
ball,2,85.3,Auckland Aces,SM Solia,BJ Horne,BG Randell,0,0,,,,,,"",""
ball,2,85.4,Auckland Aces,SM Solia,BJ Horne,BG Randell,0,0,,,,,,"",""
ball,2,85.5,Auckland Aces,SM Solia,BJ Horne,BG Randell,0,0,,,,,,"",""
ball,2,85.6,Auckland Aces,SM Solia,BJ Horne,BG Randell,0,0,,,,,,"",""
ball,2,86.1,Auckland Aces,BJ Horne,SM Solia,JD Baker,1,0,,,,,,"",""
ball,2,86.2,Auckland Aces,SM Solia,BJ Horne,JD Baker,4,0,,,,,,"",""
ball,3,0.1,Northern Districts,TL Seifert,HR Cooper,LH Ferguson,0,0,,,,,,"",""
ball,3,0.2,Northern Districts,TL Seifert,HR Cooper,LH Ferguson,0,0,,,,,,"",""
ball,3,0.3,Northern Districts,TL Seifert,HR Cooper,LH Ferguson,4,0,,,,,,"",""
ball,3,0.4,Northern Districts,TL Seifert,HR Cooper,LH Ferguson,0,0,,,,,,"",""
ball,3,0.5,Northern Districts,TL Seifert,HR Cooper,LH Ferguson,0,0,,,,,,"",""
ball,3,0.6,Northern Districts,TL Seifert,HR Cooper,LH Ferguson,0,0,,,,,,caught and bowled,TL Seifert
ball,3,1.1,Northern Districts,HR Cooper,B Popli,BG Lister,0,0,,,,,,"",""
ball,3,1.2,Northern Districts,HR Cooper,B Popli,BG Lister,0,0,,,,,,"",""
ball,3,1.3,Northern Districts,HR Cooper,B Popli,BG Lister,0,1,1,,,,,"",""
ball,3,1.4,Northern Districts,HR Cooper,B Popli,BG Lister,0,0,,,,,,"",""
ball,3,1.5,Northern Districts,HR Cooper,B Popli,BG Lister,2,0,,,,,,"",""
ball,3,1.6,Northern Districts,HR Cooper,B Popli,BG Lister,0,0,,,,,,"",""
ball,3,1.7,Northern Districts,HR Cooper,B Popli,BG Lister,0,0,,,,,,"",""
ball,3,2.1,Northern Districts,B Popli,HR Cooper,LH Ferguson,0,0,,,,,,"",""
ball,3,2.2,Northern Districts,B Popli,HR Cooper,LH Ferguson,0,0,,,,,,"",""
ball,3,2.3,Northern Districts,B Popli,HR Cooper,LH Ferguson,0,0,,,,,,"",""
ball,3,2.4,Northern Districts,B Popli,HR Cooper,LH Ferguson,0,0,,,,,,"",""
ball,3,2.5,Northern Districts,B Popli,HR Cooper,LH Ferguson,0,0,,,,,,"",""
ball,3,2.6,Northern Districts,B Popli,HR Cooper,LH Ferguson,0,0,,,,,,"",""
ball,3,3.1,Northern Districts,HR Cooper,B Popli,BG Lister,1,0,,,,,,"",""
ball,3,3.2,Northern Districts,B Popli,HR Cooper,BG Lister,0,0,,,,,,"",""
ball,3,3.3,Northern Districts,B Popli,HR Cooper,BG Lister,0,0,,,,,,"",""
ball,3,3.4,Northern Districts,B Popli,HR Cooper,BG Lister,0,0,,,,,,"",""
ball,3,3.5,Northern Districts,B Popli,HR Cooper,BG Lister,0,0,,,,,,"",""
ball,3,3.6,Northern Districts,B Popli,HR Cooper,BG Lister,0,0,,,,,,"",""
ball,3,4.1,Northern Districts,HR Cooper,B Popli,LH Ferguson,0,0,,,,,,"",""
ball,3,4.2,Northern Districts,HR Cooper,B Popli,LH Ferguson,0,0,,,,,,"",""
ball,3,4.3,Northern Districts,HR Cooper,B Popli,LH Ferguson,0,0,,,,,,"",""
ball,3,4.4,Northern Districts,HR Cooper,B Popli,LH Ferguson,2,0,,,,,,"",""
ball,3,4.5,Northern Districts,HR Cooper,B Popli,LH Ferguson,0,0,,,,,,"",""
ball,3,4.6,Northern Districts,HR Cooper,B Popli,LH Ferguson,0,0,,,,,,"",""
ball,3,5.1,Northern Districts,B Popli,HR Cooper,BG Lister,0,0,,,,,,"",""
ball,3,5.2,Northern Districts,B Popli,HR Cooper,BG Lister,0,0,,,,,,"",""
ball,3,5.3,Northern Districts,B Popli,HR Cooper,BG Lister,0,0,,,,,,"",""
ball,3,5.4,Northern Districts,B Popli,HR Cooper,BG Lister,4,0,,,,,,"",""
ball,3,5.5,Northern Districts,B Popli,HR Cooper,BG Lister,4,1,,1,,,,"",""
ball,3,5.6,Northern Districts,B Popli,HR Cooper,BG Lister,4,0,,,,,,"",""
ball,3,5.7,Northern Districts,B Popli,HR Cooper,BG Lister,0,0,,,,,,"",""
ball,3,6.1,Northern Districts,HR Cooper,B Popli,LH Ferguson,0,0,,,,,,"",""
ball,3,6.2,Northern Districts,HR Cooper,B Popli,LH Ferguson,3,0,,,,,,"",""
ball,3,6.3,Northern Districts,B Popli,HR Cooper,LH Ferguson,0,0,,,,,,"",""
ball,3,6.4,Northern Districts,B Popli,HR Cooper,LH Ferguson,0,0,,,,,,"",""
ball,3,6.5,Northern Districts,B Popli,HR Cooper,LH Ferguson,0,0,,,,,,"",""
ball,3,6.6,Northern Districts,B Popli,HR Cooper,LH Ferguson,0,0,,,,,,"",""
ball,3,7.1,Northern Districts,HR Cooper,B Popli,BG Lister,0,0,,,,,,"",""
ball,3,7.2,Northern Districts,HR Cooper,B Popli,BG Lister,0,0,,,,,,"",""
ball,3,7.3,Northern Districts,HR Cooper,B Popli,BG Lister,0,0,,,,,,"",""
ball,3,7.4,Northern Districts,HR Cooper,B Popli,BG Lister,0,0,,,,,,"",""
ball,3,7.5,Northern Districts,HR Cooper,B Popli,BG Lister,0,0,,,,,,caught,HR Cooper
ball,3,7.6,Northern Districts,JF Carter,B Popli,BG Lister,0,0,,,,,,"",""
ball,3,8.1,Northern Districts,B Popli,JF Carter,LH Ferguson,0,0,,,,,,"",""
ball,3,8.2,Northern Districts,B Popli,JF Carter,LH Ferguson,4,0,,,,,,"",""
ball,3,8.3,Northern Districts,B Popli,JF Carter,LH Ferguson,1,0,,,,,,"",""
ball,3,8.4,Northern Districts,JF Carter,B Popli,LH Ferguson,1,0,,,,,,"",""
ball,3,8.5,Northern Districts,B Popli,JF Carter,LH Ferguson,0,0,,,,,,"",""
ball,3,8.6,Northern Districts,B Popli,JF Carter,LH Ferguson,0,0,,,,,,"",""
ball,3,9.1,Northern Districts,JF Carter,B Popli,BG Lister,4,0,,,,,,"",""
ball,3,9.2,Northern Districts,JF Carter,B Popli,BG Lister,0,0,,,,,,"",""
ball,3,9.3,Northern Districts,JF Carter,B Popli,BG Lister,0,0,,,,,,"",""
ball,3,9.4,Northern Districts,JF Carter,B Popli,BG Lister,0,0,,,,,,"",""
ball,3,9.5,Northern Districts,JF Carter,B Popli,BG Lister,1,0,,,,,,"",""
ball,3,9.6,Northern Districts,B Popli,JF Carter,BG Lister,0,0,,,,,,"",""
ball,3,10.1,Northern Districts,JF Carter,B Popli,MB McEwan,4,0,,,,,,"",""
ball,3,10.2,Northern Districts,JF Carter,B Popli,MB McEwan,4,0,,,,,,"",""
ball,3,10.3,Northern Districts,JF Carter,B Popli,MB McEwan,0,0,,,,,,"",""
ball,3,10.4,Northern Districts,JF Carter,B Popli,MB McEwan,0,0,,,,,,"",""
ball,3,10.5,Northern Districts,JF Carter,B Popli,MB McEwan,0,0,,,,,,"",""
ball,3,10.6,Northern Districts,JF Carter,B Popli,MB McEwan,0,0,,,,,,"",""
ball,3,11.1,Northern Districts,B Popli,JF Carter,BG Lister,0,1,,1,,,,"",""
ball,3,11.2,Northern Districts,B Popli,JF Carter,BG Lister,1,0,,,,,,"",""
ball,3,11.3,Northern Districts,JF Carter,B Popli,BG Lister,0,0,,,,,,"",""
ball,3,11.4,Northern Districts,JF Carter,B Popli,BG Lister,0,0,,,,,,"",""
ball,3,11.5,Northern Districts,JF Carter,B Popli,BG Lister,0,0,,,,,,"",""
ball,3,11.6,Northern Districts,JF Carter,B Popli,BG Lister,0,0,,,,,,"",""
ball,3,11.7,Northern Districts,JF Carter,B Popli,BG Lister,0,0,,,,,,"",""
ball,3,12.1,Northern Districts,B Popli,JF Carter,MB McEwan,0,0,,,,,,"",""
ball,3,12.2,Northern Districts,B Popli,JF Carter,MB McEwan,0,0,,,,,,"",""
ball,3,12.3,Northern Districts,B Popli,JF Carter,MB McEwan,0,0,,,,,,"",""
ball,3,12.4,Northern Districts,B Popli,JF Carter,MB McEwan,0,0,,,,,,"",""
ball,3,12.5,Northern Districts,B Popli,JF Carter,MB McEwan,0,0,,,,,,"",""
ball,3,12.6,Northern Districts,B Popli,JF Carter,MB McEwan,0,0,,,,,,"",""
ball,3,13.1,Northern Districts,JF Carter,B Popli,BG Lister,0,0,,,,,,"",""
ball,3,13.2,Northern Districts,JF Carter,B Popli,BG Lister,0,0,,,,,,"",""
ball,3,13.3,Northern Districts,JF Carter,B Popli,BG Lister,0,0,,,,,,"",""
ball,3,13.4,Northern Districts,JF Carter,B Popli,BG Lister,0,0,,,,,,"",""
ball,3,13.5,Northern Districts,JF Carter,B Popli,BG Lister,0,0,,,,,,"",""
ball,3,13.6,Northern Districts,JF Carter,B Popli,BG Lister,0,0,,,,,,"",""
ball,3,14.1,Northern Districts,B Popli,JF Carter,MB McEwan,0,0,,,,,,"",""
ball,3,14.2,Northern Districts,B Popli,JF Carter,MB McEwan,0,0,,,,,,"",""
ball,3,14.3,Northern Districts,B Popli,JF Carter,MB McEwan,0,0,,,,,,"",""
ball,3,14.4,Northern Districts,B Popli,JF Carter,MB McEwan,4,0,,,,,,"",""
ball,3,14.5,Northern Districts,B Popli,JF Carter,MB McEwan,1,0,,,,,,"",""
ball,3,14.6,Northern Districts,JF Carter,B Popli,MB McEwan,0,0,,,,,,"",""
ball,3,15.1,Northern Districts,B Popli,JF Carter,SM Solia,0,0,,,,,,"",""
ball,3,15.2,Northern Districts,B Popli,JF Carter,SM Solia,4,0,,,,,,"",""
ball,3,15.3,Northern Districts,B Popli,JF Carter,SM Solia,0,0,,,,,,"",""
ball,3,15.4,Northern Districts,B Popli,JF Carter,SM Solia,0,0,,,,,,"",""
ball,3,15.5,Northern Districts,B Popli,JF Carter,SM Solia,0,0,,,,,,"",""
ball,3,15.6,Northern Districts,B Popli,JF Carter,SM Solia,0,0,,,,,,"",""
ball,3,16.1,Northern Districts,JF Carter,B Popli,MB McEwan,0,0,,,,,,"",""
ball,3,16.2,Northern Districts,JF Carter,B Popli,MB McEwan,0,0,,,,,,"",""
ball,3,16.3,Northern Districts,JF Carter,B Popli,MB McEwan,0,0,,,,,,"",""
ball,3,16.4,Northern Districts,JF Carter,B Popli,MB McEwan,0,0,,,,,,"",""
ball,3,16.5,Northern Districts,JF Carter,B Popli,MB McEwan,4,0,,,,,,"",""
ball,3,16.6,Northern Districts,JF Carter,B Popli,MB McEwan,0,0,,,,,,"",""
ball,3,17.1,Northern Districts,B Popli,JF Carter,SM Solia,0,0,,,,,,"",""
ball,3,17.2,Northern Districts,B Popli,JF Carter,SM Solia,2,0,,,,,,"",""
ball,3,17.3,Northern Districts,B Popli,JF Carter,SM Solia,0,0,,,,,,"",""
ball,3,17.4,Northern Districts,B Popli,JF Carter,SM Solia,4,0,,,,,,"",""
ball,3,17.5,Northern Districts,B Popli,JF Carter,SM Solia,0,0,,,,,,"",""
ball,3,17.6,Northern Districts,B Popli,JF Carter,SM Solia,0,0,,,,,,"",""
ball,3,18.1,Northern Districts,JF Carter,B Popli,MB McEwan,0,0,,,,,,"",""
ball,3,18.2,Northern Districts,JF Carter,B Popli,MB McEwan,1,0,,,,,,"",""
ball,3,18.3,Northern Districts,B Popli,JF Carter,MB McEwan,0,0,,,,,,"",""
ball,3,18.4,Northern Districts,B Popli,JF Carter,MB McEwan,0,0,,,,,,"",""
ball,3,18.5,Northern Districts,B Popli,JF Carter,MB McEwan,0,0,,,,,,"",""
ball,3,18.6,Northern Districts,B Popli,JF Carter,MB McEwan,0,0,,,,,,"",""
ball,3,19.1,Northern Districts,JF Carter,B Popli,SM Solia,0,0,,,,,,"",""
ball,3,19.2,Northern Districts,JF Carter,B Popli,SM Solia,0,0,,,,,,"",""
ball,3,19.3,Northern Districts,JF Carter,B Popli,SM Solia,0,0,,,,,,"",""
ball,3,19.4,Northern Districts,JF Carter,B Popli,SM Solia,0,0,,,,,,"",""
ball,3,19.5,Northern Districts,JF Carter,B Popli,SM Solia,0,0,,,,,,"",""
ball,3,19.6,Northern Districts,JF Carter,B Popli,SM Solia,0,0,,,,,,"",""
ball,3,20.1,Northern Districts,B Popli,JF Carter,MB McEwan,1,0,,,,,,"",""
ball,3,20.2,Northern Districts,JF Carter,B Popli,MB McEwan,1,0,,,,,,"",""
ball,3,20.3,Northern Districts,B Popli,JF Carter,MB McEwan,0,0,,,,,,"",""
ball,3,20.4,Northern Districts,B Popli,JF Carter,MB McEwan,1,1,,1,,,,"",""
ball,3,20.5,Northern Districts,JF Carter,B Popli,MB McEwan,6,0,,,,,,"",""
ball,3,20.6,Northern Districts,JF Carter,B Popli,MB McEwan,0,0,,,,,,"",""
ball,3,20.7,Northern Districts,JF Carter,B Popli,MB McEwan,1,0,,,,,,"",""
ball,3,21.1,Northern Districts,JF Carter,B Popli,SM Solia,0,0,,,,,,"",""
ball,3,21.2,Northern Districts,JF Carter,B Popli,SM Solia,0,0,,,,,,"",""
ball,3,21.3,Northern Districts,JF Carter,B Popli,SM Solia,0,0,,,,,,"",""
ball,3,21.4,Northern Districts,JF Carter,B Popli,SM Solia,4,0,,,,,,"",""
ball,3,21.5,Northern Districts,JF Carter,B Popli,SM Solia,4,0,,,,,,"",""
ball,3,21.6,Northern Districts,JF Carter,B Popli,SM Solia,0,0,,,,,,"",""
ball,3,22.1,Northern Districts,B Popli,JF Carter,BG Lister,4,0,,,,,,"",""
ball,3,22.2,Northern Districts,B Popli,JF Carter,BG Lister,0,0,,,,,,"",""
ball,3,22.3,Northern Districts,B Popli,JF Carter,BG Lister,0,0,,,,,,"",""
ball,3,22.4,Northern Districts,B Popli,JF Carter,BG Lister,0,0,,,,,,"",""
ball,3,22.5,Northern Districts,B Popli,JF Carter,BG Lister,1,0,,,,,,"",""
ball,3,22.6,Northern Districts,JF Carter,B Popli,BG Lister,0,0,,,,,,"",""
ball,3,23.1,Northern Districts,B Popli,JF Carter,L Delport,0,0,,,,,,"",""
ball,3,23.2,Northern Districts,B Popli,JF Carter,L Delport,1,0,,,,,,"",""
ball,3,23.3,Northern Districts,JF Carter,B Popli,L Delport,0,0,,,,,,"",""
ball,3,23.4,Northern Districts,JF Carter,B Popli,L Delport,4,0,,,,,,"",""
ball,3,23.5,Northern Districts,JF Carter,B Popli,L Delport,0,0,,,,,,"",""
ball,3,23.6,Northern Districts,JF Carter,B Popli,L Delport,0,0,,,,,,"",""
ball,3,24.1,Northern Districts,B Popli,JF Carter,BG Lister,0,0,,,,,,"",""
ball,3,24.2,Northern Districts,B Popli,JF Carter,BG Lister,0,0,,,,,,"",""
ball,3,24.3,Northern Districts,B Popli,JF Carter,BG Lister,1,0,,,,,,"",""
ball,3,24.4,Northern Districts,JF Carter,B Popli,BG Lister,0,0,,,,,,"",""
ball,3,24.5,Northern Districts,JF Carter,B Popli,BG Lister,2,0,,,,,,"",""
ball,3,24.6,Northern Districts,JF Carter,B Popli,BG Lister,0,0,,,,,,"",""
ball,3,25.1,Northern Districts,B Popli,JF Carter,L Delport,0,0,,,,,,"",""
ball,3,25.2,Northern Districts,B Popli,JF Carter,L Delport,0,0,,,,,,"",""
ball,3,25.3,Northern Districts,B Popli,JF Carter,L Delport,0,0,,,,,,"",""
ball,3,25.4,Northern Districts,B Popli,JF Carter,L Delport,0,0,,,,,,"",""
ball,3,25.5,Northern Districts,B Popli,JF Carter,L Delport,0,0,,,,,,"",""
ball,3,25.6,Northern Districts,B Popli,JF Carter,L Delport,0,0,,,,,,"",""
ball,3,26.1,Northern Districts,JF Carter,B Popli,BG Lister,0,0,,,,,,"",""
ball,3,26.2,Northern Districts,JF Carter,B Popli,BG Lister,0,0,,,,,,"",""
ball,3,26.3,Northern Districts,JF Carter,B Popli,BG Lister,0,0,,,,,,"",""
ball,3,26.4,Northern Districts,JF Carter,B Popli,BG Lister,0,0,,,,,,"",""
ball,3,26.5,Northern Districts,JF Carter,B Popli,BG Lister,0,0,,,,,,"",""
ball,3,26.6,Northern Districts,JF Carter,B Popli,BG Lister,1,0,,,,,,"",""
ball,3,27.1,Northern Districts,JF Carter,B Popli,L Delport,4,0,,,,,,"",""
ball,3,27.2,Northern Districts,JF Carter,B Popli,L Delport,1,0,,,,,,"",""
ball,3,27.3,Northern Districts,B Popli,JF Carter,L Delport,1,0,,,,,,"",""
ball,3,27.4,Northern Districts,JF Carter,B Popli,L Delport,0,0,,,,,,"",""
ball,3,27.5,Northern Districts,JF Carter,B Popli,L Delport,1,0,,,,,,"",""
ball,3,27.6,Northern Districts,B Popli,JF Carter,L Delport,0,0,,,,,,"",""
ball,3,28.1,Northern Districts,JF Carter,B Popli,LH Ferguson,0,0,,,,,,"",""
ball,3,28.2,Northern Districts,JF Carter,B Popli,LH Ferguson,0,0,,,,,,"",""
ball,3,28.3,Northern Districts,JF Carter,B Popli,LH Ferguson,0,0,,,,,,"",""
ball,3,28.4,Northern Districts,JF Carter,B Popli,LH Ferguson,0,1,,1,,,,"",""
ball,3,28.5,Northern Districts,JF Carter,B Popli,LH Ferguson,0,0,,,,,,"",""
ball,3,28.6,Northern Districts,JF Carter,B Popli,LH Ferguson,0,0,,,,,,"",""
ball,3,28.7,Northern Districts,JF Carter,B Popli,LH Ferguson,1,0,,,,,,"",""
ball,3,29.1,Northern Districts,JF Carter,B Popli,L Delport,0,0,,,,,,"",""
ball,3,29.2,Northern Districts,JF Carter,B Popli,L Delport,2,0,,,,,,"",""
ball,3,29.3,Northern Districts,JF Carter,B Popli,L Delport,1,0,,,,,,"",""
ball,3,29.4,Northern Districts,B Popli,JF Carter,L Delport,0,0,,,,,,"",""
ball,3,29.5,Northern Districts,B Popli,JF Carter,L Delport,0,0,,,,,,"",""
ball,3,29.6,Northern Districts,B Popli,JF Carter,L Delport,1,0,,,,,,"",""
ball,3,30.1,Northern Districts,B Popli,JF Carter,LH Ferguson,0,0,,,,,,"",""
ball,3,30.2,Northern Districts,B Popli,JF Carter,LH Ferguson,3,0,,,,,,"",""
ball,3,30.3,Northern Districts,JF Carter,B Popli,LH Ferguson,4,0,,,,,,"",""
ball,3,30.4,Northern Districts,JF Carter,B Popli,LH Ferguson,0,0,,,,,,"",""
ball,3,30.5,Northern Districts,JF Carter,B Popli,LH Ferguson,0,0,,,,,,"",""
ball,3,30.6,Northern Districts,JF Carter,B Popli,LH Ferguson,4,0,,,,,,"",""
ball,3,31.1,Northern Districts,B Popli,JF Carter,L Delport,0,0,,,,,,"",""
ball,3,31.2,Northern Districts,B Popli,JF Carter,L Delport,1,0,,,,,,"",""
ball,3,31.3,Northern Districts,JF Carter,B Popli,L Delport,0,0,,,,,,"",""
ball,3,31.4,Northern Districts,JF Carter,B Popli,L Delport,0,0,,,,,,"",""
ball,3,31.5,Northern Districts,JF Carter,B Popli,L Delport,0,0,,,,,,"",""
ball,3,31.6,Northern Districts,JF Carter,B Popli,L Delport,1,0,,,,,,"",""
ball,3,32.1,Northern Districts,JF Carter,B Popli,LH Ferguson,0,0,,,,,,"",""
ball,3,32.2,Northern Districts,JF Carter,B Popli,LH Ferguson,0,0,,,,,,"",""
ball,3,32.3,Northern Districts,JF Carter,B Popli,LH Ferguson,0,0,,,,,,"",""
ball,3,32.4,Northern Districts,JF Carter,B Popli,LH Ferguson,0,0,,,,,,"",""
ball,3,32.5,Northern Districts,JF Carter,B Popli,LH Ferguson,0,0,,,,,,"",""
ball,3,32.6,Northern Districts,JF Carter,B Popli,LH Ferguson,1,0,,,,,,"",""
ball,3,33.1,Northern Districts,JF Carter,B Popli,L Delport,0,0,,,,,,"",""
ball,3,33.2,Northern Districts,JF Carter,B Popli,L Delport,0,0,,,,,,"",""
ball,3,33.3,Northern Districts,JF Carter,B Popli,L Delport,1,0,,,,,,"",""
ball,3,33.4,Northern Districts,B Popli,JF Carter,L Delport,0,0,,,,,,"",""
ball,3,33.5,Northern Districts,B Popli,JF Carter,L Delport,1,0,,,,,,"",""
ball,3,33.6,Northern Districts,JF Carter,B Popli,L Delport,0,0,,,,,,"",""
ball,3,34.1,Northern Districts,B Popli,JF Carter,SM Solia,0,1,1,,,,,"",""
ball,3,34.2,Northern Districts,B Popli,JF Carter,SM Solia,4,0,,,,,,"",""
ball,3,34.3,Northern Districts,B Popli,JF Carter,SM Solia,0,0,,,,,,"",""
ball,3,34.4,Northern Districts,B Popli,JF Carter,SM Solia,0,0,,,,,,"",""
ball,3,34.5,Northern Districts,B Popli,JF Carter,SM Solia,0,0,,,,,,"",""
ball,3,34.6,Northern Districts,B Popli,JF Carter,SM Solia,0,0,,,,,,"",""
ball,3,34.7,Northern Districts,B Popli,JF Carter,SM Solia,0,0,,,,,,"",""
ball,3,35.1,Northern Districts,JF Carter,B Popli,L Delport,0,0,,,,,,"",""
ball,3,35.2,Northern Districts,JF Carter,B Popli,L Delport,0,0,,,,,,"",""
ball,3,35.3,Northern Districts,JF Carter,B Popli,L Delport,1,0,,,,,,"",""
ball,3,35.4,Northern Districts,B Popli,JF Carter,L Delport,0,0,,,,,,"",""
ball,3,35.5,Northern Districts,B Popli,JF Carter,L Delport,0,0,,,,,,"",""
ball,3,35.6,Northern Districts,B Popli,JF Carter,L Delport,3,0,,,,,,"",""
ball,3,36.1,Northern Districts,B Popli,JF Carter,SM Solia,0,0,,,,,,"",""
ball,3,36.2,Northern Districts,B Popli,JF Carter,SM Solia,0,0,,,,,,"",""
ball,3,36.3,Northern Districts,B Popli,JF Carter,SM Solia,0,0,,,,,,"",""
ball,3,36.4,Northern Districts,B Popli,JF Carter,SM Solia,0,0,,,,,,"",""
ball,3,36.5,Northern Districts,B Popli,JF Carter,SM Solia,0,0,,,,,,bowled,B Popli
ball,3,36.6,Northern Districts,MJ Santner,JF Carter,SM Solia,0,0,,,,,,"",""
ball,3,37.1,Northern Districts,JF Carter,MJ Santner,L Delport,4,0,,,,,,"",""
ball,3,37.2,Northern Districts,JF Carter,MJ Santner,L Delport,0,0,,,,,,"",""
ball,3,37.3,Northern Districts,JF Carter,MJ Santner,L Delport,0,0,,,,,,"",""
ball,3,37.4,Northern Districts,JF Carter,MJ Santner,L Delport,1,0,,,,,,"",""
ball,3,37.5,Northern Districts,MJ Santner,JF Carter,L Delport,0,0,,,,,,"",""
ball,3,37.6,Northern Districts,MJ Santner,JF Carter,L Delport,0,0,,,,,,"",""
ball,3,38.1,Northern Districts,JF Carter,MJ Santner,SM Solia,1,0,,,,,,"",""
ball,3,38.2,Northern Districts,MJ Santner,JF Carter,SM Solia,0,0,,,,,,"",""
ball,3,38.3,Northern Districts,MJ Santner,JF Carter,SM Solia,0,0,,,,,,lbw,MJ Santner
ball,3,38.4,Northern Districts,KD Clarke,JF Carter,SM Solia,4,0,,,,,,"",""
ball,3,38.5,Northern Districts,KD Clarke,JF Carter,SM Solia,0,0,,,,,,"",""
ball,3,38.6,Northern Districts,KD Clarke,JF Carter,SM Solia,0,1,1,,,,,"",""
ball,3,38.7,Northern Districts,KD Clarke,JF Carter,SM Solia,0,0,,,,,,"",""
ball,3,39.1,Northern Districts,JF Carter,KD Clarke,L Delport,0,0,,,,,,"",""
ball,3,39.2,Northern Districts,JF Carter,KD Clarke,L Delport,0,0,,,,,,"",""
ball,3,39.3,Northern Districts,JF Carter,KD Clarke,L Delport,0,0,,,,,,"",""
ball,3,39.4,Northern Districts,JF Carter,KD Clarke,L Delport,0,0,,,,,,"",""
ball,3,39.5,Northern Districts,JF Carter,KD Clarke,L Delport,0,0,,,,,,"",""
ball,3,39.6,Northern Districts,JF Carter,KD Clarke,L Delport,1,0,,,,,,"",""
ball,3,40.1,Northern Districts,JF Carter,KD Clarke,SM Solia,0,0,,,,,,"",""
ball,3,40.2,Northern Districts,JF Carter,KD Clarke,SM Solia,0,0,,,,,,"",""
ball,3,40.3,Northern Districts,JF Carter,KD Clarke,SM Solia,0,0,,,,,,"",""
ball,3,40.4,Northern Districts,JF Carter,KD Clarke,SM Solia,4,0,,,,,,"",""
ball,3,40.5,Northern Districts,JF Carter,KD Clarke,SM Solia,0,0,,,,,,"",""
ball,3,40.6,Northern Districts,JF Carter,KD Clarke,SM Solia,0,0,,,,,,"",""
ball,3,41.1,Northern Districts,KD Clarke,JF Carter,L Delport,0,0,,,,,,"",""
ball,3,41.2,Northern Districts,KD Clarke,JF Carter,L Delport,0,0,,,,,,"",""
ball,3,41.3,Northern Districts,KD Clarke,JF Carter,L Delport,0,0,,,,,,"",""
ball,3,41.4,Northern Districts,KD Clarke,JF Carter,L Delport,0,0,,,,,,"",""
ball,3,41.5,Northern Districts,KD Clarke,JF Carter,L Delport,0,0,,,,,,"",""
ball,3,41.6,Northern Districts,KD Clarke,JF Carter,L Delport,0,0,,,,,,"",""
ball,3,42.1,Northern Districts,JF Carter,KD Clarke,MB McEwan,0,0,,,,,,"",""
ball,3,42.2,Northern Districts,JF Carter,KD Clarke,MB McEwan,0,0,,,,,,"",""
ball,3,42.3,Northern Districts,JF Carter,KD Clarke,MB McEwan,0,0,,,,,,"",""
ball,3,42.4,Northern Districts,JF Carter,KD Clarke,MB McEwan,0,0,,,,,,"",""
ball,3,42.5,Northern Districts,JF Carter,KD Clarke,MB McEwan,0,0,,,,,,"",""
ball,3,42.6,Northern Districts,JF Carter,KD Clarke,MB McEwan,1,0,,,,,,"",""
ball,3,43.1,Northern Districts,JF Carter,KD Clarke,L Delport,0,0,,,,,,"",""
ball,3,43.2,Northern Districts,JF Carter,KD Clarke,L Delport,0,0,,,,,,"",""
ball,3,43.3,Northern Districts,JF Carter,KD Clarke,L Delport,0,0,,,,,,"",""
ball,3,43.4,Northern Districts,JF Carter,KD Clarke,L Delport,0,0,,,,,,"",""
ball,3,43.5,Northern Districts,JF Carter,KD Clarke,L Delport,0,0,,,,,,"",""
ball,3,43.6,Northern Districts,JF Carter,KD Clarke,L Delport,0,0,,,,,,"",""
ball,3,44.1,Northern Districts,KD Clarke,JF Carter,MB McEwan,0,0,,,,,,"",""
ball,3,44.2,Northern Districts,KD Clarke,JF Carter,MB McEwan,0,0,,,,,,"",""
ball,3,44.3,Northern Districts,KD Clarke,JF Carter,MB McEwan,0,0,,,,,,"",""
ball,3,44.4,Northern Districts,KD Clarke,JF Carter,MB McEwan,0,0,,,,,,"",""
ball,3,44.5,Northern Districts,KD Clarke,JF Carter,MB McEwan,0,0,,,,,,"",""
ball,3,44.6,Northern Districts,KD Clarke,JF Carter,MB McEwan,0,0,,,,,,"",""
ball,3,45.1,Northern Districts,JF Carter,KD Clarke,L Delport,0,0,,,,,,"",""
ball,3,45.2,Northern Districts,JF Carter,KD Clarke,L Delport,0,0,,,,,,"",""
ball,3,45.3,Northern Districts,JF Carter,KD Clarke,L Delport,0,0,,,,,,"",""
ball,3,45.4,Northern Districts,JF Carter,KD Clarke,L Delport,2,0,,,,,,"",""
ball,3,45.5,Northern Districts,JF Carter,KD Clarke,L Delport,0,0,,,,,,"",""
ball,3,45.6,Northern Districts,JF Carter,KD Clarke,L Delport,0,0,,,,,,"",""
ball,3,46.1,Northern Districts,KD Clarke,JF Carter,MB McEwan,0,0,,,,,,"",""
ball,3,46.2,Northern Districts,KD Clarke,JF Carter,MB McEwan,4,0,,,,,,"",""
ball,3,46.3,Northern Districts,KD Clarke,JF Carter,MB McEwan,0,0,,,,,,"",""
ball,3,46.4,Northern Districts,KD Clarke,JF Carter,MB McEwan,0,0,,,,,,"",""
ball,3,46.5,Northern Districts,KD Clarke,JF Carter,MB McEwan,0,0,,,,,,"",""
ball,3,46.6,Northern Districts,KD Clarke,JF Carter,MB McEwan,1,0,,,,,,"",""
ball,3,47.1,Northern Districts,KD Clarke,JF Carter,L Delport,4,0,,,,,,"",""
ball,3,47.2,Northern Districts,KD Clarke,JF Carter,L Delport,1,0,,,,,,"",""
ball,3,47.3,Northern Districts,JF Carter,KD Clarke,L Delport,0,0,,,,,,"",""
ball,3,47.4,Northern Districts,JF Carter,KD Clarke,L Delport,3,0,,,,,,"",""
ball,3,47.5,Northern Districts,KD Clarke,JF Carter,L Delport,0,0,,,,,,"",""
ball,3,47.6,Northern Districts,KD Clarke,JF Carter,L Delport,0,0,,,,,,"",""
ball,3,48.1,Northern Districts,JF Carter,KD Clarke,MB McEwan,0,0,,,,,,"",""
ball,3,48.2,Northern Districts,JF Carter,KD Clarke,MB McEwan,0,0,,,,,,"",""
ball,3,48.3,Northern Districts,JF Carter,KD Clarke,MB McEwan,0,0,,,,,,"",""
ball,3,48.4,Northern Districts,JF Carter,KD Clarke,MB McEwan,0,0,,,,,,"",""
ball,3,48.5,Northern Districts,JF Carter,KD Clarke,MB McEwan,0,0,,,,,,"",""
ball,3,48.6,Northern Districts,JF Carter,KD Clarke,MB McEwan,0,0,,,,,,"",""
ball,3,49.1,Northern Districts,KD Clarke,JF Carter,L Delport,4,0,,,,,,"",""
ball,3,49.2,Northern Districts,KD Clarke,JF Carter,L Delport,0,0,,,,,,"",""
ball,3,49.3,Northern Districts,KD Clarke,JF Carter,L Delport,0,0,,,,,,"",""
ball,3,49.4,Northern Districts,KD Clarke,JF Carter,L Delport,1,0,,,,,,"",""
ball,3,49.5,Northern Districts,JF Carter,KD Clarke,L Delport,0,0,,,,,,"",""
ball,3,49.6,Northern Districts,JF Carter,KD Clarke,L Delport,0,0,,,,,,"",""
ball,3,50.1,Northern Districts,KD Clarke,JF Carter,MB McEwan,1,0,,,,,,"",""
ball,3,50.2,Northern Districts,JF Carter,KD Clarke,MB McEwan,1,0,,,,,,"",""
ball,3,50.3,Northern Districts,KD Clarke,JF Carter,MB McEwan,0,0,,,,,,"",""
ball,3,50.4,Northern Districts,KD Clarke,JF Carter,MB McEwan,0,0,,,,,,"",""
ball,3,50.5,Northern Districts,KD Clarke,JF Carter,MB McEwan,0,0,,,,,,"",""
ball,3,50.6,Northern Districts,KD Clarke,JF Carter,MB McEwan,0,0,,,,,,"",""
ball,3,51.1,Northern Districts,JF Carter,KD Clarke,L Delport,0,0,,,,,,"",""
ball,3,51.2,Northern Districts,JF Carter,KD Clarke,L Delport,0,0,,,,,,"",""
ball,3,51.3,Northern Districts,JF Carter,KD Clarke,L Delport,0,0,,,,,,"",""
ball,3,51.4,Northern Districts,JF Carter,KD Clarke,L Delport,1,0,,,,,,"",""
ball,3,51.5,Northern Districts,KD Clarke,JF Carter,L Delport,0,0,,,,,,"",""
ball,3,51.6,Northern Districts,KD Clarke,JF Carter,L Delport,0,0,,,,,,"",""
ball,3,52.1,Northern Districts,JF Carter,KD Clarke,MB McEwan,0,0,,,,,,"",""
ball,3,52.2,Northern Districts,JF Carter,KD Clarke,MB McEwan,1,0,,,,,,"",""
ball,3,52.3,Northern Districts,KD Clarke,JF Carter,MB McEwan,0,0,,,,,,"",""
ball,3,52.4,Northern Districts,KD Clarke,JF Carter,MB McEwan,0,0,,,,,,"",""
ball,3,52.5,Northern Districts,KD Clarke,JF Carter,MB McEwan,1,0,,,,,,"",""
ball,3,52.6,Northern Districts,JF Carter,KD Clarke,MB McEwan,0,0,,,,,,"",""
ball,3,53.1,Northern Districts,KD Clarke,JF Carter,L Delport,0,0,,,,,,"",""
ball,3,53.2,Northern Districts,KD Clarke,JF Carter,L Delport,1,0,,,,,,"",""
ball,3,53.3,Northern Districts,JF Carter,KD Clarke,L Delport,1,0,,,,,,"",""
ball,3,53.4,Northern Districts,KD Clarke,JF Carter,L Delport,4,0,,,,,,"",""
ball,3,53.5,Northern Districts,KD Clarke,JF Carter,L Delport,4,0,,,,,,"",""
ball,3,53.6,Northern Districts,KD Clarke,JF Carter,L Delport,0,0,,,,,,"",""
ball,3,54.1,Northern Districts,JF Carter,KD Clarke,MB McEwan,1,0,,,,,,"",""
ball,3,54.2,Northern Districts,KD Clarke,JF Carter,MB McEwan,0,0,,,,,,"",""
ball,3,54.3,Northern Districts,KD Clarke,JF Carter,MB McEwan,4,0,,,,,,"",""
ball,3,54.4,Northern Districts,KD Clarke,JF Carter,MB McEwan,0,0,,,,,,"",""
ball,3,54.5,Northern Districts,KD Clarke,JF Carter,MB McEwan,6,0,,,,,,"",""
ball,3,54.6,Northern Districts,KD Clarke,JF Carter,MB McEwan,0,0,,,,,,"",""
ball,3,55.1,Northern Districts,JF Carter,KD Clarke,L Delport,0,0,,,,,,"",""
ball,3,55.2,Northern Districts,JF Carter,KD Clarke,L Delport,0,0,,,,,,"",""
ball,3,55.3,Northern Districts,JF Carter,KD Clarke,L Delport,3,0,,,,,,"",""
ball,3,55.4,Northern Districts,KD Clarke,JF Carter,L Delport,0,0,,,,,,"",""
ball,3,55.5,Northern Districts,KD Clarke,JF Carter,L Delport,0,0,,,,,,"",""
ball,3,55.6,Northern Districts,KD Clarke,JF Carter,L Delport,0,0,,,,,,"",""
ball,3,56.1,Northern Districts,JF Carter,KD Clarke,MB McEwan,0,0,,,,,,"",""
ball,3,56.2,Northern Districts,JF Carter,KD Clarke,MB McEwan,2,0,,,,,,"",""
ball,3,56.3,Northern Districts,JF Carter,KD Clarke,MB McEwan,2,0,,,,,,"",""
ball,3,56.4,Northern Districts,JF Carter,KD Clarke,MB McEwan,0,0,,,,,,"",""
ball,3,56.5,Northern Districts,JF Carter,KD Clarke,MB McEwan,1,0,,,,,,"",""
ball,3,56.6,Northern Districts,KD Clarke,JF Carter,MB McEwan,0,0,,,,,,"",""
ball,3,57.1,Northern Districts,JF Carter,KD Clarke,L Delport,2,0,,,,,,"",""
ball,3,57.2,Northern Districts,JF Carter,KD Clarke,L Delport,0,0,,,,,,"",""
ball,3,57.3,Northern Districts,JF Carter,KD Clarke,L Delport,0,0,,,,,,"",""
ball,3,57.4,Northern Districts,JF Carter,KD Clarke,L Delport,0,0,,,,,,"",""
ball,3,57.5,Northern Districts,JF Carter,KD Clarke,L Delport,1,0,,,,,,"",""
ball,3,57.6,Northern Districts,KD Clarke,JF Carter,L Delport,1,0,,,,,,"",""
ball,3,58.1,Northern Districts,KD Clarke,JF Carter,LH Ferguson,0,0,,,,,,caught,KD Clarke
ball,3,58.2,Northern Districts,PD Bocock,JF Carter,LH Ferguson,0,0,,,,,,"",""
ball,3,58.3,Northern Districts,PD Bocock,JF Carter,LH Ferguson,1,0,,,,,,"",""
ball,3,58.4,Northern Districts,JF Carter,PD Bocock,LH Ferguson,0,0,,,,,,"",""
ball,3,58.5,Northern Districts,JF Carter,PD Bocock,LH Ferguson,0,0,,,,,,"",""
ball,3,58.6,Northern Districts,JF Carter,PD Bocock,LH Ferguson,0,0,,,,,,"",""
ball,3,59.1,Northern Districts,PD Bocock,JF Carter,L Delport,0,0,,,,,,"",""
ball,3,59.2,Northern Districts,PD Bocock,JF Carter,L Delport,0,0,,,,,,lbw,PD Bocock
ball,3,59.3,Northern Districts,SC Kuggeleijn,JF Carter,L Delport,0,0,,,,,,"",""
ball,3,59.4,Northern Districts,SC Kuggeleijn,JF Carter,L Delport,0,0,,,,,,"",""
ball,3,59.5,Northern Districts,SC Kuggeleijn,JF Carter,L Delport,0,0,,,,,,"",""
ball,3,59.6,Northern Districts,SC Kuggeleijn,JF Carter,L Delport,1,0,,,,,,"",""
ball,3,60.1,Northern Districts,SC Kuggeleijn,JF Carter,LH Ferguson,0,0,,,,,,"",""
ball,3,60.2,Northern Districts,SC Kuggeleijn,JF Carter,LH Ferguson,4,0,,,,,,"",""
ball,3,60.3,Northern Districts,SC Kuggeleijn,JF Carter,LH Ferguson,0,0,,,,,,"",""
ball,3,60.4,Northern Districts,SC Kuggeleijn,JF Carter,LH Ferguson,0,0,,,,,,"",""
ball,3,60.5,Northern Districts,SC Kuggeleijn,JF Carter,LH Ferguson,0,0,,,,,,"",""
ball,3,60.6,Northern Districts,SC Kuggeleijn,JF Carter,LH Ferguson,0,0,,,,,,"",""
ball,3,61.1,Northern Districts,JF Carter,SC Kuggeleijn,L Delport,0,0,,,,,,"",""
ball,3,61.2,Northern Districts,JF Carter,SC Kuggeleijn,L Delport,0,0,,,,,,"",""
ball,3,61.3,Northern Districts,JF Carter,SC Kuggeleijn,L Delport,0,0,,,,,,"",""
ball,3,61.4,Northern Districts,JF Carter,SC Kuggeleijn,L Delport,0,0,,,,,,"",""
ball,3,61.5,Northern Districts,JF Carter,SC Kuggeleijn,L Delport,1,0,,,,,,"",""
ball,3,61.6,Northern Districts,SC Kuggeleijn,JF Carter,L Delport,0,0,,,,,,"",""
ball,3,62.1,Northern Districts,JF Carter,SC Kuggeleijn,LH Ferguson,0,0,,,,,,"",""
ball,3,62.2,Northern Districts,JF Carter,SC Kuggeleijn,LH Ferguson,3,0,,,,,,"",""
ball,3,62.3,Northern Districts,SC Kuggeleijn,JF Carter,LH Ferguson,0,0,,,,,,"",""
ball,3,62.4,Northern Districts,SC Kuggeleijn,JF Carter,LH Ferguson,2,0,,,,,,"",""
ball,3,62.5,Northern Districts,SC Kuggeleijn,JF Carter,LH Ferguson,1,0,,,,,,"",""
ball,3,62.6,Northern Districts,JF Carter,SC Kuggeleijn,LH Ferguson,0,0,,,,,,"",""
ball,3,63.1,Northern Districts,SC Kuggeleijn,JF Carter,L Delport,0,0,,,,,,"",""
ball,3,63.2,Northern Districts,SC Kuggeleijn,JF Carter,L Delport,6,0,,,,,,"",""
ball,3,63.3,Northern Districts,SC Kuggeleijn,JF Carter,L Delport,0,0,,,,,,"",""
ball,3,63.4,Northern Districts,SC Kuggeleijn,JF Carter,L Delport,1,0,,,,,,"",""
ball,3,63.5,Northern Districts,JF Carter,SC Kuggeleijn,L Delport,0,0,,,,,,"",""
ball,3,63.6,Northern Districts,JF Carter,SC Kuggeleijn,L Delport,1,0,,,,,,"",""
ball,3,64.1,Northern Districts,JF Carter,SC Kuggeleijn,LH Ferguson,0,0,,,,,,"",""
ball,3,64.2,Northern Districts,JF Carter,SC Kuggeleijn,LH Ferguson,2,0,,,,,,"",""
ball,3,64.3,Northern Districts,JF Carter,SC Kuggeleijn,LH Ferguson,1,0,,,,,,"",""
ball,3,64.4,Northern Districts,SC Kuggeleijn,JF Carter,LH Ferguson,4,0,,,,,,"",""
ball,3,64.5,Northern Districts,SC Kuggeleijn,JF Carter,LH Ferguson,0,0,,,,,,"",""
ball,3,64.6,Northern Districts,SC Kuggeleijn,JF Carter,LH Ferguson,0,0,,,,,,"",""
ball,3,65.1,Northern Districts,JF Carter,SC Kuggeleijn,L Delport,0,0,,,,,,"",""
ball,3,65.2,Northern Districts,JF Carter,SC Kuggeleijn,L Delport,1,0,,,,,,"",""
ball,3,65.3,Northern Districts,SC Kuggeleijn,JF Carter,L Delport,0,0,,,,,,"",""
ball,3,65.4,Northern Districts,SC Kuggeleijn,JF Carter,L Delport,0,0,,,,,,"",""
ball,3,65.5,Northern Districts,SC Kuggeleijn,JF Carter,L Delport,0,0,,,,,,"",""
ball,3,65.6,Northern Districts,SC Kuggeleijn,JF Carter,L Delport,1,0,,,,,,"",""
ball,3,66.1,Northern Districts,SC Kuggeleijn,JF Carter,BG Lister,0,0,,,,,,"",""
ball,3,66.2,Northern Districts,SC Kuggeleijn,JF Carter,BG Lister,1,0,,,,,,"",""
ball,3,66.3,Northern Districts,JF Carter,SC Kuggeleijn,BG Lister,0,0,,,,,,"",""
ball,3,66.4,Northern Districts,JF Carter,SC Kuggeleijn,BG Lister,2,0,,,,,,"",""
ball,3,66.5,Northern Districts,JF Carter,SC Kuggeleijn,BG Lister,0,0,,,,,,"",""
ball,3,66.6,Northern Districts,JF Carter,SC Kuggeleijn,BG Lister,4,1,,1,,,,"",""
ball,3,66.7,Northern Districts,JF Carter,SC Kuggeleijn,BG Lister,0,0,,,,,,"",""
ball,3,67.1,Northern Districts,SC Kuggeleijn,JF Carter,L Delport,1,0,,,,,,"",""
ball,3,67.2,Northern Districts,JF Carter,SC Kuggeleijn,L Delport,2,0,,,,,,"",""
ball,3,67.3,Northern Districts,JF Carter,SC Kuggeleijn,L Delport,4,0,,,,,,"",""
ball,3,67.4,Northern Districts,JF Carter,SC Kuggeleijn,L Delport,0,0,,,,,,"",""
ball,3,67.5,Northern Districts,JF Carter,SC Kuggeleijn,L Delport,0,0,,,,,,"",""
ball,3,67.6,Northern Districts,JF Carter,SC Kuggeleijn,L Delport,1,0,,,,,,"",""
ball,3,68.1,Northern Districts,JF Carter,SC Kuggeleijn,BG Lister,0,0,,,,,,"",""
ball,3,68.2,Northern Districts,JF Carter,SC Kuggeleijn,BG Lister,1,0,,,,,,"",""
ball,3,68.3,Northern Districts,SC Kuggeleijn,JF Carter,BG Lister,2,0,,,,,,"",""
ball,3,68.4,Northern Districts,SC Kuggeleijn,JF Carter,BG Lister,0,0,,,,,,"",""
ball,3,68.5,Northern Districts,SC Kuggeleijn,JF Carter,BG Lister,0,0,,,,,,"",""
ball,3,68.6,Northern Districts,SC Kuggeleijn,JF Carter,BG Lister,0,0,,,,,,"",""
ball,3,69.1,Northern Districts,JF Carter,SC Kuggeleijn,L Delport,0,0,,,,,,lbw,JF Carter
ball,3,69.2,Northern Districts,IS Sodhi,SC Kuggeleijn,L Delport,0,0,,,,,,"",""
ball,3,69.3,Northern Districts,IS Sodhi,SC Kuggeleijn,L Delport,0,0,,,,,,"",""
ball,3,69.4,Northern Districts,IS Sodhi,SC Kuggeleijn,L Delport,0,0,,,,,,"",""
ball,3,69.5,Northern Districts,IS Sodhi,SC Kuggeleijn,L Delport,1,0,,,,,,"",""
ball,3,69.6,Northern Districts,SC Kuggeleijn,IS Sodhi,L Delport,0,0,,,,,,"",""
ball,3,70.1,Northern Districts,IS Sodhi,SC Kuggeleijn,BG Lister,0,0,,,,,,"",""
ball,3,70.2,Northern Districts,IS Sodhi,SC Kuggeleijn,BG Lister,1,0,,,,,,"",""
ball,3,70.3,Northern Districts,SC Kuggeleijn,IS Sodhi,BG Lister,4,0,,,,,,"",""
ball,3,70.4,Northern Districts,SC Kuggeleijn,IS Sodhi,BG Lister,0,0,,,,,,"",""
ball,3,70.5,Northern Districts,SC Kuggeleijn,IS Sodhi,BG Lister,4,0,,,,,,"",""
ball,3,70.6,Northern Districts,SC Kuggeleijn,IS Sodhi,BG Lister,0,0,,,,,,"",""
ball,3,71.1,Northern Districts,IS Sodhi,SC Kuggeleijn,L Delport,0,0,,,,,,"",""
ball,3,71.2,Northern Districts,IS Sodhi,SC Kuggeleijn,L Delport,4,0,,,,,,"",""
ball,3,71.3,Northern Districts,IS Sodhi,SC Kuggeleijn,L Delport,0,0,,,,,,"",""
ball,3,71.4,Northern Districts,IS Sodhi,SC Kuggeleijn,L Delport,0,0,,,,,,"",""
ball,3,71.5,Northern Districts,IS Sodhi,SC Kuggeleijn,L Delport,0,0,,,,,,"",""
ball,3,71.6,Northern Districts,IS Sodhi,SC Kuggeleijn,L Delport,1,0,,,,,,"",""
ball,3,72.1,Northern Districts,IS Sodhi,SC Kuggeleijn,SM Solia,0,0,,,,,,lbw,IS Sodhi
ball,3,72.2,Northern Districts,BG Randell,SC Kuggeleijn,SM Solia,0,0,,,,,,"",""
ball,3,72.3,Northern Districts,BG Randell,SC Kuggeleijn,SM Solia,0,0,,,,,,caught,BG Randell
ball,3,72.4,Northern Districts,JD Baker,SC Kuggeleijn,SM Solia,0,0,,,,,,"",""
ball,3,72.5,Northern Districts,JD Baker,SC Kuggeleijn,SM Solia,0,0,,,,,,"",""
ball,3,72.6,Northern Districts,JD Baker,SC Kuggeleijn,SM Solia,0,0,,,,,,"",""
ball,3,73.1,Northern Districts,SC Kuggeleijn,JD Baker,L Delport,0,0,,,,,,"",""
ball,3,73.2,Northern Districts,SC Kuggeleijn,JD Baker,L Delport,6,0,,,,,,"",""
ball,3,73.3,Northern Districts,SC Kuggeleijn,JD Baker,L Delport,0,0,,,,,,"",""
ball,3,73.4,Northern Districts,SC Kuggeleijn,JD Baker,L Delport,0,0,,,,,,"",""
ball,3,73.5,Northern Districts,SC Kuggeleijn,JD Baker,L Delport,0,0,,,,,,"",""
ball,3,73.6,Northern Districts,SC Kuggeleijn,JD Baker,L Delport,0,0,,,,,,caught,SC Kuggeleijn
ball,4,0.1,Auckland Aces,JA Raval,MJ Guptill,JD Baker,0,0,,,,,,"",""
ball,4,0.2,Auckland Aces,JA Raval,MJ Guptill,JD Baker,0,1,,1,,,,"",""
ball,4,0.3,Auckland Aces,JA Raval,MJ Guptill,JD Baker,0,0,,,,,,"",""
ball,4,0.4,Auckland Aces,JA Raval,MJ Guptill,JD Baker,0,0,,,,,,"",""
ball,4,0.5,Auckland Aces,JA Raval,MJ Guptill,JD Baker,1,0,,,,,,"",""
ball,4,0.6,Auckland Aces,MJ Guptill,JA Raval,JD Baker,4,0,,,,,,"",""
ball,4,0.7,Auckland Aces,MJ Guptill,JA Raval,JD Baker,0,0,,,,,,"",""
ball,4,1.1,Auckland Aces,JA Raval,MJ Guptill,BG Randell,0,0,,,,,,"",""
ball,4,1.2,Auckland Aces,JA Raval,MJ Guptill,BG Randell,2,0,,,,,,"",""
ball,4,1.3,Auckland Aces,JA Raval,MJ Guptill,BG Randell,4,0,,,,,,"",""
ball,4,1.4,Auckland Aces,JA Raval,MJ Guptill,BG Randell,0,0,,,,,,"",""
ball,4,1.5,Auckland Aces,JA Raval,MJ Guptill,BG Randell,0,0,,,,,,"",""
ball,4,1.6,Auckland Aces,JA Raval,MJ Guptill,BG Randell,0,0,,,,,,"",""
ball,4,2.1,Auckland Aces,MJ Guptill,JA Raval,JD Baker,4,0,,,,,,"",""
ball,4,2.2,Auckland Aces,MJ Guptill,JA Raval,JD Baker,0,0,,,,,,"",""
ball,4,2.3,Auckland Aces,MJ Guptill,JA Raval,JD Baker,0,0,,,,,,caught,MJ Guptill
ball,4,2.4,Auckland Aces,GD Phillips,JA Raval,JD Baker,0,0,,,,,,lbw,GD Phillips
ball,4,2.5,Auckland Aces,MS Chapman,JA Raval,JD Baker,0,0,,,,,,"",""
ball,4,2.6,Auckland Aces,MS Chapman,JA Raval,JD Baker,0,0,,,,,,"",""
ball,4,3.1,Auckland Aces,JA Raval,MS Chapman,BG Randell,1,0,,,,,,"",""
ball,4,3.2,Auckland Aces,MS Chapman,JA Raval,BG Randell,0,0,,,,,,"",""
ball,4,3.3,Auckland Aces,MS Chapman,JA Raval,BG Randell,0,0,,,,,,"",""
ball,4,3.4,Auckland Aces,MS Chapman,JA Raval,BG Randell,0,0,,,,,,"",""
ball,4,3.5,Auckland Aces,MS Chapman,JA Raval,BG Randell,0,0,,,,,,"",""
ball,4,3.6,Auckland Aces,MS Chapman,JA Raval,BG Randell,0,1,,1,,,,"",""
ball,4,3.7,Auckland Aces,MS Chapman,JA Raval,BG Randell,0,0,,,,,,"",""
ball,4,4.1,Auckland Aces,JA Raval,MS Chapman,JD Baker,1,0,,,,,,"",""
ball,4,4.2,Auckland Aces,MS Chapman,JA Raval,JD Baker,0,0,,,,,,"",""
ball,4,4.3,Auckland Aces,MS Chapman,JA Raval,JD Baker,0,0,,,,,,"",""
ball,4,4.4,Auckland Aces,MS Chapman,JA Raval,JD Baker,4,0,,,,,,"",""
ball,4,4.5,Auckland Aces,MS Chapman,JA Raval,JD Baker,1,0,,,,,,"",""
ball,4,4.6,Auckland Aces,JA Raval,MS Chapman,JD Baker,0,0,,,,,,"",""
ball,4,5.1,Auckland Aces,MS Chapman,JA Raval,BG Randell,0,1,,1,,,,"",""
ball,4,5.2,Auckland Aces,MS Chapman,JA Raval,BG Randell,0,0,,,,,,"",""
ball,4,5.3,Auckland Aces,MS Chapman,JA Raval,BG Randell,0,0,,,,,,"",""
ball,4,5.4,Auckland Aces,MS Chapman,JA Raval,BG Randell,0,0,,,,,,"",""
ball,4,5.5,Auckland Aces,MS Chapman,JA Raval,BG Randell,0,0,,,,,,"",""
ball,4,5.6,Auckland Aces,MS Chapman,JA Raval,BG Randell,1,0,,,,,,"",""
ball,4,5.7,Auckland Aces,JA Raval,MS Chapman,BG Randell,0,0,,,,,,"",""
ball,4,6.1,Auckland Aces,MS Chapman,JA Raval,JD Baker,0,0,,,,,,"",""
ball,4,6.2,Auckland Aces,MS Chapman,JA Raval,JD Baker,0,0,,,,,,"",""
ball,4,6.3,Auckland Aces,MS Chapman,JA Raval,JD Baker,0,0,,,,,,"",""
ball,4,6.4,Auckland Aces,MS Chapman,JA Raval,JD Baker,0,0,,,,,,"",""
ball,4,6.5,Auckland Aces,MS Chapman,JA Raval,JD Baker,0,0,,,,,,"",""
ball,4,6.6,Auckland Aces,MS Chapman,JA Raval,JD Baker,0,0,,,,,,"",""
ball,4,7.1,Auckland Aces,JA Raval,MS Chapman,SC Kuggeleijn,0,1,,1,,,,"",""
ball,4,7.2,Auckland Aces,JA Raval,MS Chapman,SC Kuggeleijn,0,0,,,,,,"",""
ball,4,7.3,Auckland Aces,JA Raval,MS Chapman,SC Kuggeleijn,0,1,,,,1,,"",""
ball,4,7.4,Auckland Aces,MS Chapman,JA Raval,SC Kuggeleijn,0,0,,,,,,"",""
ball,4,7.5,Auckland Aces,MS Chapman,JA Raval,SC Kuggeleijn,4,0,,,,,,"",""
ball,4,7.6,Auckland Aces,MS Chapman,JA Raval,SC Kuggeleijn,0,0,,,,,,"",""
ball,4,7.7,Auckland Aces,MS Chapman,JA Raval,SC Kuggeleijn,0,0,,,,,,"",""
ball,4,8.1,Auckland Aces,JA Raval,MS Chapman,JD Baker,1,0,,,,,,"",""
ball,4,8.2,Auckland Aces,MS Chapman,JA Raval,JD Baker,0,0,,,,,,"",""
ball,4,8.3,Auckland Aces,MS Chapman,JA Raval,JD Baker,0,0,,,,,,"",""
ball,4,8.4,Auckland Aces,MS Chapman,JA Raval,JD Baker,1,0,,,,,,"",""
ball,4,8.5,Auckland Aces,JA Raval,MS Chapman,JD Baker,4,0,,,,,,"",""
ball,4,8.6,Auckland Aces,JA Raval,MS Chapman,JD Baker,0,0,,,,,,"",""
ball,4,9.1,Auckland Aces,MS Chapman,JA Raval,SC Kuggeleijn,0,0,,,,,,"",""
ball,4,9.2,Auckland Aces,MS Chapman,JA Raval,SC Kuggeleijn,0,0,,,,,,"",""
ball,4,9.3,Auckland Aces,MS Chapman,JA Raval,SC Kuggeleijn,0,0,,,,,,"",""
ball,4,9.4,Auckland Aces,MS Chapman,JA Raval,SC Kuggeleijn,0,0,,,,,,"",""
ball,4,9.5,Auckland Aces,MS Chapman,JA Raval,SC Kuggeleijn,0,0,,,,,,"",""
ball,4,9.6,Auckland Aces,MS Chapman,JA Raval,SC Kuggeleijn,2,0,,,,,,"",""
ball,4,10.1,Auckland Aces,JA Raval,MS Chapman,JD Baker,0,0,,,,,,"",""
ball,4,10.2,Auckland Aces,JA Raval,MS Chapman,JD Baker,0,0,,,,,,"",""
ball,4,10.3,Auckland Aces,JA Raval,MS Chapman,JD Baker,0,0,,,,,,"",""
ball,4,10.4,Auckland Aces,JA Raval,MS Chapman,JD Baker,0,0,,,,,,"",""
ball,4,10.5,Auckland Aces,JA Raval,MS Chapman,JD Baker,0,0,,,,,,"",""
ball,4,10.6,Auckland Aces,JA Raval,MS Chapman,JD Baker,0,0,,,,,,"",""
ball,4,11.1,Auckland Aces,MS Chapman,JA Raval,BG Randell,1,0,,,,,,"",""
ball,4,11.2,Auckland Aces,JA Raval,MS Chapman,BG Randell,1,0,,,,,,"",""
ball,4,11.3,Auckland Aces,MS Chapman,JA Raval,BG Randell,0,0,,,,,,"",""
ball,4,11.4,Auckland Aces,MS Chapman,JA Raval,BG Randell,0,0,,,,,,"",""
ball,4,11.5,Auckland Aces,MS Chapman,JA Raval,BG Randell,0,0,,,,,,"",""
ball,4,11.6,Auckland Aces,MS Chapman,JA Raval,BG Randell,1,0,,,,,,"",""
ball,4,12.1,Auckland Aces,MS Chapman,JA Raval,JD Baker,0,0,,,,,,"",""
ball,4,12.2,Auckland Aces,MS Chapman,JA Raval,JD Baker,0,0,,,,,,"",""
ball,4,12.3,Auckland Aces,MS Chapman,JA Raval,JD Baker,0,0,,,,,,"",""
ball,4,12.4,Auckland Aces,MS Chapman,JA Raval,JD Baker,0,0,,,,,,"",""
ball,4,12.5,Auckland Aces,MS Chapman,JA Raval,JD Baker,0,0,,,,,,"",""
ball,4,12.6,Auckland Aces,MS Chapman,JA Raval,JD Baker,0,0,,,,,,"",""
ball,4,13.1,Auckland Aces,JA Raval,MS Chapman,BG Randell,4,0,,,,,,"",""
ball,4,13.2,Auckland Aces,JA Raval,MS Chapman,BG Randell,1,0,,,,,,"",""
ball,4,13.3,Auckland Aces,MS Chapman,JA Raval,BG Randell,0,0,,,,,,"",""
ball,4,13.4,Auckland Aces,MS Chapman,JA Raval,BG Randell,0,0,,,,,,"",""
ball,4,13.5,Auckland Aces,MS Chapman,JA Raval,BG Randell,0,0,,,,,,"",""
ball,4,13.6,Auckland Aces,MS Chapman,JA Raval,BG Randell,4,0,,,,,,"",""
ball,4,14.1,Auckland Aces,JA Raval,MS Chapman,JD Baker,0,0,,,,,,"",""
ball,4,14.2,Auckland Aces,JA Raval,MS Chapman,JD Baker,0,0,,,,,,"",""
ball,4,14.3,Auckland Aces,JA Raval,MS Chapman,JD Baker,0,0,,,,,,"",""
ball,4,14.4,Auckland Aces,JA Raval,MS Chapman,JD Baker,0,0,,,,,,lbw,JA Raval
ball,4,14.5,Auckland Aces,RR O'Donnell,MS Chapman,JD Baker,0,0,,,,,,"",""
ball,4,14.6,Auckland Aces,RR O'Donnell,MS Chapman,JD Baker,0,0,,,,,,"",""
ball,4,15.1,Auckland Aces,MS Chapman,RR O'Donnell,BG Randell,1,0,,,,,,"",""
ball,4,15.2,Auckland Aces,RR O'Donnell,MS Chapman,BG Randell,0,0,,,,,,"",""
ball,4,15.3,Auckland Aces,RR O'Donnell,MS Chapman,BG Randell,0,0,,,,,,"",""
ball,4,15.4,Auckland Aces,RR O'Donnell,MS Chapman,BG Randell,0,0,,,,,,"",""
ball,4,15.5,Auckland Aces,RR O'Donnell,MS Chapman,BG Randell,0,0,,,,,,"",""
ball,4,15.6,Auckland Aces,RR O'Donnell,MS Chapman,BG Randell,0,0,,,,,,"",""
ball,4,16.1,Auckland Aces,MS Chapman,RR O'Donnell,JD Baker,1,0,,,,,,"",""
ball,4,16.2,Auckland Aces,RR O'Donnell,MS Chapman,JD Baker,0,0,,,,,,"",""
ball,4,16.3,Auckland Aces,RR O'Donnell,MS Chapman,JD Baker,0,0,,,,,,"",""
ball,4,16.4,Auckland Aces,RR O'Donnell,MS Chapman,JD Baker,0,0,,,,,,"",""
ball,4,16.5,Auckland Aces,RR O'Donnell,MS Chapman,JD Baker,4,0,,,,,,"",""
ball,4,16.6,Auckland Aces,RR O'Donnell,MS Chapman,JD Baker,0,0,,,,,,"",""
ball,4,17.1,Auckland Aces,MS Chapman,RR O'Donnell,BG Randell,0,0,,,,,,"",""
ball,4,17.2,Auckland Aces,MS Chapman,RR O'Donnell,BG Randell,2,0,,,,,,"",""
ball,4,17.3,Auckland Aces,MS Chapman,RR O'Donnell,BG Randell,4,0,,,,,,"",""
ball,4,17.4,Auckland Aces,MS Chapman,RR O'Donnell,BG Randell,4,0,,,,,,"",""
ball,4,17.5,Auckland Aces,MS Chapman,RR O'Donnell,BG Randell,0,0,,,,,,"",""
ball,4,17.6,Auckland Aces,MS Chapman,RR O'Donnell,BG Randell,0,0,,,,,,"",""
ball,4,18.1,Auckland Aces,RR O'Donnell,MS Chapman,JD Baker,0,0,,,,,,"",""
ball,4,18.2,Auckland Aces,RR O'Donnell,MS Chapman,JD Baker,0,0,,,,,,"",""
ball,4,18.3,Auckland Aces,RR O'Donnell,MS Chapman,JD Baker,4,0,,,,,,"",""
ball,4,18.4,Auckland Aces,RR O'Donnell,MS Chapman,JD Baker,0,0,,,,,,lbw,RR O'Donnell
ball,4,18.5,Auckland Aces,SM Solia,MS Chapman,JD Baker,0,0,,,,,,"",""
ball,4,18.6,Auckland Aces,SM Solia,MS Chapman,JD Baker,0,0,,,,,,"",""
ball,4,19.1,Auckland Aces,MS Chapman,SM Solia,BG Randell,0,0,,,,,,"",""
ball,4,19.2,Auckland Aces,MS Chapman,SM Solia,BG Randell,0,0,,,,,,"",""
ball,4,19.3,Auckland Aces,MS Chapman,SM Solia,BG Randell,0,0,,,,,,"",""
ball,4,19.4,Auckland Aces,MS Chapman,SM Solia,BG Randell,0,0,,,,,,"",""
ball,4,19.5,Auckland Aces,MS Chapman,SM Solia,BG Randell,0,0,,,,,,"",""
ball,4,19.6,Auckland Aces,MS Chapman,SM Solia,BG Randell,0,0,,,,,,"",""
ball,4,20.1,Auckland Aces,SM Solia,MS Chapman,JD Baker,0,1,,1,,,,"",""
ball,4,20.2,Auckland Aces,SM Solia,MS Chapman,JD Baker,2,0,,,,,,"",""
ball,4,20.3,Auckland Aces,SM Solia,MS Chapman,JD Baker,0,0,,,,,,"",""
ball,4,20.4,Auckland Aces,SM Solia,MS Chapman,JD Baker,0,0,,,,,,"",""
ball,4,20.5,Auckland Aces,SM Solia,MS Chapman,JD Baker,0,0,,,,,,"",""
ball,4,20.6,Auckland Aces,SM Solia,MS Chapman,JD Baker,0,0,,,,,,"",""
ball,4,20.7,Auckland Aces,SM Solia,MS Chapman,JD Baker,1,0,,,,,,"",""
ball,4,21.1,Auckland Aces,SM Solia,MS Chapman,BG Randell,0,0,,,,,,"",""
ball,4,21.2,Auckland Aces,SM Solia,MS Chapman,BG Randell,0,0,,,,,,"",""
ball,4,21.3,Auckland Aces,SM Solia,MS Chapman,BG Randell,0,0,,,,,,"",""
ball,4,21.4,Auckland Aces,SM Solia,MS Chapman,BG Randell,0,0,,,,,,"",""
ball,4,21.5,Auckland Aces,SM Solia,MS Chapman,BG Randell,0,0,,,,,,"",""
ball,4,21.6,Auckland Aces,SM Solia,MS Chapman,BG Randell,0,0,,,,,,"",""
ball,4,22.1,Auckland Aces,MS Chapman,SM Solia,JD Baker,0,0,,,,,,"",""
ball,4,22.2,Auckland Aces,MS Chapman,SM Solia,JD Baker,0,0,,,,,,"",""
ball,4,22.3,Auckland Aces,MS Chapman,SM Solia,JD Baker,1,0,,,,,,"",""
ball,4,22.4,Auckland Aces,SM Solia,MS Chapman,JD Baker,0,0,,,,,,"",""
ball,4,22.5,Auckland Aces,SM Solia,MS Chapman,JD Baker,0,0,,,,,,"",""
ball,4,22.6,Auckland Aces,SM Solia,MS Chapman,JD Baker,0,0,,,,,,"",""
ball,4,23.1,Auckland Aces,MS Chapman,SM Solia,SC Kuggeleijn,1,0,,,,,,"",""
ball,4,23.2,Auckland Aces,SM Solia,MS Chapman,SC Kuggeleijn,1,0,,,,,,"",""
ball,4,23.3,Auckland Aces,MS Chapman,SM Solia,SC Kuggeleijn,1,0,,,,,,"",""
ball,4,23.4,Auckland Aces,SM Solia,MS Chapman,SC Kuggeleijn,0,0,,,,,,"",""
ball,4,23.5,Auckland Aces,SM Solia,MS Chapman,SC Kuggeleijn,1,0,,,,,,"",""
ball,4,23.6,Auckland Aces,MS Chapman,SM Solia,SC Kuggeleijn,0,0,,,,,,"",""
ball,4,24.1,Auckland Aces,SM Solia,MS Chapman,MJ Santner,0,0,,,,,,"",""
ball,4,24.2,Auckland Aces,SM Solia,MS Chapman,MJ Santner,0,0,,,,,,"",""
ball,4,24.3,Auckland Aces,SM Solia,MS Chapman,MJ Santner,0,0,,,,,,"",""
ball,4,24.4,Auckland Aces,SM Solia,MS Chapman,MJ Santner,0,0,,,,,,"",""
ball,4,24.5,Auckland Aces,SM Solia,MS Chapman,MJ Santner,0,0,,,,,,"",""
ball,4,24.6,Auckland Aces,SM Solia,MS Chapman,MJ Santner,0,0,,,,,,"",""
ball,4,25.1,Auckland Aces,MS Chapman,SM Solia,SC Kuggeleijn,4,0,,,,,,"",""
ball,4,25.2,Auckland Aces,MS Chapman,SM Solia,SC Kuggeleijn,0,0,,,,,,"",""
ball,4,25.3,Auckland Aces,MS Chapman,SM Solia,SC Kuggeleijn,2,0,,,,,,"",""
ball,4,25.4,Auckland Aces,MS Chapman,SM Solia,SC Kuggeleijn,0,0,,,,,,"",""
ball,4,25.5,Auckland Aces,MS Chapman,SM Solia,SC Kuggeleijn,0,0,,,,,,"",""
ball,4,25.6,Auckland Aces,MS Chapman,SM Solia,SC Kuggeleijn,2,0,,,,,,"",""
ball,4,26.1,Auckland Aces,SM Solia,MS Chapman,MJ Santner,1,0,,,,,,"",""
ball,4,26.2,Auckland Aces,MS Chapman,SM Solia,MJ Santner,0,0,,,,,,"",""
ball,4,26.3,Auckland Aces,MS Chapman,SM Solia,MJ Santner,0,0,,,,,,"",""
ball,4,26.4,Auckland Aces,MS Chapman,SM Solia,MJ Santner,1,0,,,,,,"",""
ball,4,26.5,Auckland Aces,SM Solia,MS Chapman,MJ Santner,0,0,,,,,,"",""
ball,4,26.6,Auckland Aces,SM Solia,MS Chapman,MJ Santner,0,0,,,,,,"",""
ball,4,27.1,Auckland Aces,MS Chapman,SM Solia,SC Kuggeleijn,0,0,,,,,,"",""
ball,4,27.2,Auckland Aces,MS Chapman,SM Solia,SC Kuggeleijn,0,0,,,,,,"",""
ball,4,27.3,Auckland Aces,MS Chapman,SM Solia,SC Kuggeleijn,0,0,,,,,,"",""
ball,4,27.4,Auckland Aces,MS Chapman,SM Solia,SC Kuggeleijn,0,0,,,,,,"",""
ball,4,27.5,Auckland Aces,MS Chapman,SM Solia,SC Kuggeleijn,0,0,,,,,,"",""
ball,4,27.6,Auckland Aces,MS Chapman,SM Solia,SC Kuggeleijn,0,0,,,,,,"",""
ball,4,28.1,Auckland Aces,SM Solia,MS Chapman,MJ Santner,4,0,,,,,,"",""
ball,4,28.2,Auckland Aces,SM Solia,MS Chapman,MJ Santner,2,0,,,,,,"",""
ball,4,28.3,Auckland Aces,SM Solia,MS Chapman,MJ Santner,1,0,,,,,,"",""
ball,4,28.4,Auckland Aces,MS Chapman,SM Solia,MJ Santner,0,0,,,,,,"",""
ball,4,28.5,Auckland Aces,MS Chapman,SM Solia,MJ Santner,0,0,,,,,,"",""
ball,4,28.6,Auckland Aces,MS Chapman,SM Solia,MJ Santner,0,0,,,,,,"",""
ball,4,29.1,Auckland Aces,SM Solia,MS Chapman,SC Kuggeleijn,0,0,,,,,,"",""
ball,4,29.2,Auckland Aces,SM Solia,MS Chapman,SC Kuggeleijn,0,0,,,,,,"",""
ball,4,29.3,Auckland Aces,SM Solia,MS Chapman,SC Kuggeleijn,1,0,,,,,,"",""
ball,4,29.4,Auckland Aces,MS Chapman,SM Solia,SC Kuggeleijn,2,0,,,,,,"",""
ball,4,29.5,Auckland Aces,MS Chapman,SM Solia,SC Kuggeleijn,0,0,,,,,,"",""
ball,4,29.6,Auckland Aces,MS Chapman,SM Solia,SC Kuggeleijn,1,0,,,,,,"",""
ball,4,30.1,Auckland Aces,MS Chapman,SM Solia,MJ Santner,1,0,,,,,,"",""
ball,4,30.2,Auckland Aces,SM Solia,MS Chapman,MJ Santner,0,0,,,,,,"",""
ball,4,30.3,Auckland Aces,SM Solia,MS Chapman,MJ Santner,0,0,,,,,,"",""
ball,4,30.4,Auckland Aces,SM Solia,MS Chapman,MJ Santner,1,0,,,,,,"",""
ball,4,30.5,Auckland Aces,MS Chapman,SM Solia,MJ Santner,0,0,,,,,,"",""
ball,4,30.6,Auckland Aces,MS Chapman,SM Solia,MJ Santner,0,0,,,,,,"",""
ball,4,31.1,Auckland Aces,SM Solia,MS Chapman,SC Kuggeleijn,0,0,,,,,,"",""
ball,4,31.2,Auckland Aces,SM Solia,MS Chapman,SC Kuggeleijn,4,0,,,,,,"",""
ball,4,31.3,Auckland Aces,SM Solia,MS Chapman,SC Kuggeleijn,0,0,,,,,,"",""
ball,4,31.4,Auckland Aces,SM Solia,MS Chapman,SC Kuggeleijn,0,0,,,,,,"",""
ball,4,31.5,Auckland Aces,SM Solia,MS Chapman,SC Kuggeleijn,0,0,,,,,,"",""
ball,4,31.6,Auckland Aces,SM Solia,MS Chapman,SC Kuggeleijn,0,0,,,,,,caught,SM Solia
ball,4,32.1,Auckland Aces,MS Chapman,BJ Horne,MJ Santner,0,0,,,,,,"",""
ball,4,32.2,Auckland Aces,MS Chapman,BJ Horne,MJ Santner,2,0,,,,,,"",""
ball,4,32.3,Auckland Aces,MS Chapman,BJ Horne,MJ Santner,1,0,,,,,,"",""
ball,4,32.4,Auckland Aces,BJ Horne,MS Chapman,MJ Santner,0,0,,,,,,"",""
ball,4,32.5,Auckland Aces,BJ Horne,MS Chapman,MJ Santner,0,0,,,,,,"",""
ball,4,32.6,Auckland Aces,BJ Horne,MS Chapman,MJ Santner,0,0,,,,,,"",""
ball,4,33.1,Auckland Aces,MS Chapman,BJ Horne,SC Kuggeleijn,0,0,,,,,,"",""
ball,4,33.2,Auckland Aces,MS Chapman,BJ Horne,SC Kuggeleijn,0,0,,,,,,"",""
ball,4,33.3,Auckland Aces,MS Chapman,BJ Horne,SC Kuggeleijn,0,0,,,,,,"",""
ball,4,33.4,Auckland Aces,MS Chapman,BJ Horne,SC Kuggeleijn,0,0,,,,,,"",""
ball,4,33.5,Auckland Aces,MS Chapman,BJ Horne,SC Kuggeleijn,0,0,,,,,,"",""
ball,4,33.6,Auckland Aces,MS Chapman,BJ Horne,SC Kuggeleijn,1,0,,,,,,"",""
ball,4,34.1,Auckland Aces,MS Chapman,BJ Horne,MJ Santner,0,0,,,,,,"",""
ball,4,34.2,Auckland Aces,MS Chapman,BJ Horne,MJ Santner,4,0,,,,,,"",""
ball,4,34.3,Auckland Aces,MS Chapman,BJ Horne,MJ Santner,0,0,,,,,,"",""
ball,4,34.4,Auckland Aces,MS Chapman,BJ Horne,MJ Santner,0,0,,,,,,"",""
ball,4,34.5,Auckland Aces,MS Chapman,BJ Horne,MJ Santner,0,0,,,,,,"",""
ball,4,34.6,Auckland Aces,MS Chapman,BJ Horne,MJ Santner,0,0,,,,,,"",""
ball,4,35.1,Auckland Aces,BJ Horne,MS Chapman,SC Kuggeleijn,0,0,,,,,,"",""
ball,4,35.2,Auckland Aces,BJ Horne,MS Chapman,SC Kuggeleijn,1,0,,,,,,"",""
ball,4,35.3,Auckland Aces,MS Chapman,BJ Horne,SC Kuggeleijn,0,0,,,,,,"",""
ball,4,35.4,Auckland Aces,MS Chapman,BJ Horne,SC Kuggeleijn,0,0,,,,,,"",""
ball,4,35.5,Auckland Aces,MS Chapman,BJ Horne,SC Kuggeleijn,4,0,,,,,,"",""
ball,4,35.6,Auckland Aces,MS Chapman,BJ Horne,SC Kuggeleijn,0,0,,,,,,"",""
ball,4,36.1,Auckland Aces,BJ Horne,MS Chapman,MJ Santner,0,0,,,,,,"",""
ball,4,36.2,Auckland Aces,BJ Horne,MS Chapman,MJ Santner,0,0,,,,,,"",""
ball,4,36.3,Auckland Aces,BJ Horne,MS Chapman,MJ Santner,0,0,,,,,,"",""
ball,4,36.4,Auckland Aces,BJ Horne,MS Chapman,MJ Santner,1,0,,,,,,"",""
ball,4,36.5,Auckland Aces,MS Chapman,BJ Horne,MJ Santner,0,0,,,,,,"",""
ball,4,36.6,Auckland Aces,MS Chapman,BJ Horne,MJ Santner,0,0,,,,,,"",""
ball,4,37.1,Auckland Aces,BJ Horne,MS Chapman,JD Baker,0,0,,,,,,"",""
ball,4,37.2,Auckland Aces,BJ Horne,MS Chapman,JD Baker,0,0,,,,,,"",""
ball,4,37.3,Auckland Aces,BJ Horne,MS Chapman,JD Baker,0,0,,,,,,"",""
ball,4,37.4,Auckland Aces,BJ Horne,MS Chapman,JD Baker,0,0,,,,,,"",""
ball,4,37.5,Auckland Aces,BJ Horne,MS Chapman,JD Baker,4,0,,,,,,"",""
ball,4,37.6,Auckland Aces,BJ Horne,MS Chapman,JD Baker,0,0,,,,,,"",""
ball,4,38.1,Auckland Aces,MS Chapman,BJ Horne,MJ Santner,0,0,,,,,,"",""
ball,4,38.2,Auckland Aces,MS Chapman,BJ Horne,MJ Santner,1,0,,,,,,"",""
ball,4,38.3,Auckland Aces,BJ Horne,MS Chapman,MJ Santner,0,0,,,,,,"",""
ball,4,38.4,Auckland Aces,BJ Horne,MS Chapman,MJ Santner,0,0,,,,,,"",""
ball,4,38.5,Auckland Aces,BJ Horne,MS Chapman,MJ Santner,1,0,,,,,,"",""
ball,4,38.6,Auckland Aces,MS Chapman,BJ Horne,MJ Santner,0,0,,,,,,"",""
ball,4,39.1,Auckland Aces,BJ Horne,MS Chapman,JD Baker,0,0,,,,,,"",""
ball,4,39.2,Auckland Aces,BJ Horne,MS Chapman,JD Baker,0,0,,,,,,"",""
ball,4,39.3,Auckland Aces,BJ Horne,MS Chapman,JD Baker,0,0,,,,,,"",""
ball,4,39.4,Auckland Aces,BJ Horne,MS Chapman,JD Baker,0,0,,,,,,"",""
ball,4,39.5,Auckland Aces,BJ Horne,MS Chapman,JD Baker,0,0,,,,,,"",""
ball,4,39.6,Auckland Aces,BJ Horne,MS Chapman,JD Baker,0,0,,,,,,"",""
ball,4,40.1,Auckland Aces,MS Chapman,BJ Horne,MJ Santner,0,0,,,,,,"",""
ball,4,40.2,Auckland Aces,MS Chapman,BJ Horne,MJ Santner,6,0,,,,,,"",""
ball,4,40.3,Auckland Aces,MS Chapman,BJ Horne,MJ Santner,4,0,,,,,,"",""
ball,4,40.4,Auckland Aces,MS Chapman,BJ Horne,MJ Santner,4,0,,,,,,"",""
ball,4,40.5,Auckland Aces,MS Chapman,BJ Horne,MJ Santner,1,0,,,,,,"",""
ball,4,40.6,Auckland Aces,BJ Horne,MS Chapman,MJ Santner,0,0,,,,,,"",""
ball,4,41.1,Auckland Aces,MS Chapman,BJ Horne,JD Baker,0,0,,,,,,"",""
ball,4,41.2,Auckland Aces,MS Chapman,BJ Horne,JD Baker,0,0,,,,,,"",""
ball,4,41.3,Auckland Aces,MS Chapman,BJ Horne,JD Baker,0,0,,,,,,"",""
ball,4,41.4,Auckland Aces,MS Chapman,BJ Horne,JD Baker,0,0,,,,,,"",""
ball,4,41.5,Auckland Aces,MS Chapman,BJ Horne,JD Baker,1,0,,,,,,"",""
ball,4,41.6,Auckland Aces,BJ Horne,MS Chapman,JD Baker,4,0,,,,,,"",""
ball,4,42.1,Auckland Aces,MS Chapman,BJ Horne,MJ Santner,4,0,,,,,,"",""
ball,4,42.2,Auckland Aces,MS Chapman,BJ Horne,MJ Santner,2,0,,,,,,"",""
ball,4,42.3,Auckland Aces,MS Chapman,BJ Horne,MJ Santner,1,0,,,,,,"",""
ball,4,42.4,Auckland Aces,BJ Horne,MS Chapman,MJ Santner,1,0,,,,,,"",""
ball,4,42.5,Auckland Aces,MS Chapman,BJ Horne,MJ Santner,1,0,,,,,,"",""
ball,4,42.6,Auckland Aces,BJ Horne,MS Chapman,MJ Santner,1,0,,,,,,"",""
ball,4,43.1,Auckland Aces,BJ Horne,MS Chapman,JD Baker,0,0,,,,,,"",""
ball,4,43.2,Auckland Aces,BJ Horne,MS Chapman,JD Baker,0,0,,,,,,"",""
ball,4,43.3,Auckland Aces,BJ Horne,MS Chapman,JD Baker,2,0,,,,,,"",""
ball,4,43.4,Auckland Aces,BJ Horne,MS Chapman,JD Baker,0,0,,,,,,"",""
ball,4,43.5,Auckland Aces,BJ Horne,MS Chapman,JD Baker,1,0,,,,,,"",""
ball,4,43.6,Auckland Aces,MS Chapman,BJ Horne,JD Baker,4,0,,,,,,"",""
ball,4,44.1,Auckland Aces,BJ Horne,MS Chapman,MJ Santner,4,0,,,,,,"",""
ball,4,44.2,Auckland Aces,BJ Horne,MS Chapman,MJ Santner,0,0,,,,,,"",""
ball,4,44.3,Auckland Aces,BJ Horne,MS Chapman,MJ Santner,2,0,,,,,,"",""
ball,4,44.4,Auckland Aces,BJ Horne,MS Chapman,MJ Santner,0,0,,,,,,"",""
ball,4,44.5,Auckland Aces,BJ Horne,MS Chapman,MJ Santner,0,0,,,,,,"",""
ball,4,44.6,Auckland Aces,BJ Horne,MS Chapman,MJ Santner,1,0,,,,,,"",""
ball,4,45.1,Auckland Aces,BJ Horne,MS Chapman,JD Baker,0,0,,,,,,"",""
ball,4,45.2,Auckland Aces,BJ Horne,MS Chapman,JD Baker,4,0,,,,,,"",""
ball,4,45.3,Auckland Aces,BJ Horne,MS Chapman,JD Baker,0,0,,,,,,"",""
ball,4,45.4,Auckland Aces,BJ Horne,MS Chapman,JD Baker,0,0,,,,,,"",""
ball,4,45.5,Auckland Aces,BJ Horne,MS Chapman,JD Baker,0,0,,,,,,"",""
ball,4,45.6,Auckland Aces,BJ Horne,MS Chapman,JD Baker,1,0,,,,,,"",""
ball,4,46.1,Auckland Aces,BJ Horne,MS Chapman,MJ Santner,0,0,,,,,,"",""
ball,4,46.2,Auckland Aces,BJ Horne,MS Chapman,MJ Santner,4,0,,,,,,"",""
ball,4,46.3,Auckland Aces,BJ Horne,MS Chapman,MJ Santner,4,0,,,,,,"",""
ball,4,46.4,Auckland Aces,BJ Horne,MS Chapman,MJ Santner,0,0,,,,,,"",""
ball,4,46.5,Auckland Aces,BJ Horne,MS Chapman,MJ Santner,4,0,,,,,,"",""
ball,4,46.6,Auckland Aces,BJ Horne,MS Chapman,MJ Santner,1,0,,,,,,"",""
ball,4,47.1,Auckland Aces,BJ Horne,MS Chapman,JD Baker,2,0,,,,,,"",""
ball,4,47.2,Auckland Aces,BJ Horne,MS Chapman,JD Baker,1,0,,,,,,"",""
ball,4,47.3,Auckland Aces,MS Chapman,BJ Horne,JD Baker,0,0,,,,,,"",""
ball,4,47.4,Auckland Aces,MS Chapman,BJ Horne,JD Baker,4,0,,,,,,"",""
ball,4,47.5,Auckland Aces,MS Chapman,BJ Horne,JD Baker,1,0,,,,,,"",""
ball,4,47.6,Auckland Aces,BJ Horne,MS Chapman,JD Baker,1,0,,,,,,"",""
ball,4,48.1,Auckland Aces,BJ Horne,MS Chapman,BG Randell,0,0,,,,,,"",""
ball,4,48.2,Auckland Aces,BJ Horne,MS Chapman,BG Randell,1,0,,,,,,"",""
ball,4,48.3,Auckland Aces,MS Chapman,BJ Horne,BG Randell,4,0,,,,,,"",""
ball,4,48.4,Auckland Aces,MS Chapman,BJ Horne,BG Randell,0,0,,,,,,"",""
ball,4,48.5,Auckland Aces,MS Chapman,BJ Horne,BG Randell,0,1,1,,,,,"",""
ball,4,48.6,Auckland Aces,MS Chapman,BJ Horne,BG Randell,0,0,,,,,,"",""
ball,4,48.7,Auckland Aces,MS Chapman,BJ Horne,BG Randell,0,0,,,,,,"",""
ball,4,49.1,Auckland Aces,BJ Horne,MS Chapman,IS Sodhi,4,0,,,,,,"",""
ball,4,49.2,Auckland Aces,BJ Horne,MS Chapman,IS Sodhi,0,0,,,,,,"",""
ball,4,49.3,Auckland Aces,BJ Horne,MS Chapman,IS Sodhi,0,0,,,,,,"",""
ball,4,49.4,Auckland Aces,BJ Horne,MS Chapman,IS Sodhi,4,0,,,,,,"",""
ball,4,49.5,Auckland Aces,BJ Horne,MS Chapman,IS Sodhi,0,0,,,,,,"",""
ball,4,49.6,Auckland Aces,BJ Horne,MS Chapman,IS Sodhi,1,0,,,,,,"",""
ball,4,50.1,Auckland Aces,BJ Horne,MS Chapman,BG Randell,0,0,,,,,,"",""
ball,4,50.2,Auckland Aces,BJ Horne,MS Chapman,BG Randell,6,0,,,,,,"",""
ball,4,50.3,Auckland Aces,BJ Horne,MS Chapman,BG Randell,1,0,,,,,,"",""
ball,4,50.4,Auckland Aces,MS Chapman,BJ Horne,BG Randell,0,0,,,,,,"",""
ball,4,50.5,Auckland Aces,MS Chapman,BJ Horne,BG Randell,1,0,,,,,,"",""
ball,4,50.6,Auckland Aces,BJ Horne,MS Chapman,BG Randell,0,0,,,,,,"",""
ball,4,51.1,Auckland Aces,MS Chapman,BJ Horne,IS Sodhi,0,0,,,,,,"",""
ball,4,51.2,Auckland Aces,MS Chapman,BJ Horne,IS Sodhi,2,0,,,,,,"",""
ball,4,51.3,Auckland Aces,MS Chapman,BJ Horne,IS Sodhi,6,0,,,,,,"",""
ball,4,51.4,Auckland Aces,MS Chapman,BJ Horne,IS Sodhi,1,0,,,,,,"",""
ball,4,51.5,Auckland Aces,BJ Horne,MS Chapman,IS Sodhi,0,0,,,,,,"",""
ball,4,51.6,Auckland Aces,BJ Horne,MS Chapman,IS Sodhi,0,0,,,,,,"",""
ball,4,52.1,Auckland Aces,MS Chapman,BJ Horne,BG Randell,0,0,,,,,,"",""
ball,4,52.2,Auckland Aces,MS Chapman,BJ Horne,BG Randell,0,0,,,,,,"",""
ball,4,52.3,Auckland Aces,MS Chapman,BJ Horne,BG Randell,4,0,,,,,,"",""
ball,4,52.4,Auckland Aces,MS Chapman,BJ Horne,BG Randell,0,0,,,,,,"",""
ball,4,52.5,Auckland Aces,MS Chapman,BJ Horne,BG Randell,0,0,,,,,,"",""
ball,4,52.6,Auckland Aces,MS Chapman,BJ Horne,BG Randell,0,0,,,,,,"",""
ball,4,53.1,Auckland Aces,BJ Horne,MS Chapman,SC Kuggeleijn,0,0,,,,,,"",""
ball,4,53.2,Auckland Aces,BJ Horne,MS Chapman,SC Kuggeleijn,4,0,,,,,,"",""
ball,4,53.3,Auckland Aces,BJ Horne,MS Chapman,SC Kuggeleijn,2,0,,,,,,"",""
ball,4,53.4,Auckland Aces,BJ Horne,MS Chapman,SC Kuggeleijn,0,0,,,,,,"",""
ball,4,53.5,Auckland Aces,BJ Horne,MS Chapman,SC Kuggeleijn,4,0,,,,,,"",""
ball,4,53.6,Auckland Aces,BJ Horne,MS Chapman,SC Kuggeleijn,0,0,,,,,,"",""
ball,4,54.1,Auckland Aces,MS Chapman,BJ Horne,BG Randell,0,0,,,,,,"",""
ball,4,54.2,Auckland Aces,MS Chapman,BJ Horne,BG Randell,4,0,,,,,,"",""
ball,4,54.3,Auckland Aces,MS Chapman,BJ Horne,BG Randell,1,0,,,,,,"",""
ball,4,54.4,Auckland Aces,BJ Horne,MS Chapman,BG Randell,0,0,,,,,,"",""
ball,4,54.5,Auckland Aces,BJ Horne,MS Chapman,BG Randell,0,0,,,,,,"",""
ball,4,54.6,Auckland Aces,BJ Horne,MS Chapman,BG Randell,4,0,,,,,,"",""
ball,4,55.1,Auckland Aces,MS Chapman,BJ Horne,SC Kuggeleijn,0,0,,,,,,"",""
ball,4,55.2,Auckland Aces,MS Chapman,BJ Horne,SC Kuggeleijn,0,0,,,,,,"",""
ball,4,55.3,Auckland Aces,MS Chapman,BJ Horne,SC Kuggeleijn,4,0,,,,,,"",""
ball,4,55.4,Auckland Aces,MS Chapman,BJ Horne,SC Kuggeleijn,1,0,,,,,,"",""
ball,4,55.5,Auckland Aces,BJ Horne,MS Chapman,SC Kuggeleijn,0,0,,,,,,"",""
ball,4,55.6,Auckland Aces,BJ Horne,MS Chapman,SC Kuggeleijn,0,0,,,,,,"",""
ball,4,56.1,Auckland Aces,MS Chapman,BJ Horne,JD Baker,2,0,,,,,,"",""
ball,4,56.2,Auckland Aces,MS Chapman,BJ Horne,JD Baker,0,0,,,,,,"",""
ball,4,56.3,Auckland Aces,MS Chapman,BJ Horne,JD Baker,1,0,,,,,,"",""
ball,4,56.4,Auckland Aces,BJ Horne,MS Chapman,JD Baker,0,0,,,,,,"",""
ball,4,56.5,Auckland Aces,BJ Horne,MS Chapman,JD Baker,4,0,,,,,,"",""
ball,4,56.6,Auckland Aces,BJ Horne,MS Chapman,JD Baker,0,0,,,,,,"",""
ball,4,57.1,Auckland Aces,MS Chapman,BJ Horne,SC Kuggeleijn,1,0,,,,,,"",""
ball,4,57.2,Auckland Aces,BJ Horne,MS Chapman,SC Kuggeleijn,0,0,,,,,,"",""
ball,4,57.3,Auckland Aces,BJ Horne,MS Chapman,SC Kuggeleijn,0,0,,,,,,"",""
ball,4,57.4,Auckland Aces,BJ Horne,MS Chapman,SC Kuggeleijn,4,0,,,,,,"",""
ball,4,57.5,Auckland Aces,BJ Horne,MS Chapman,SC Kuggeleijn,1,0,,,,,,"",""
ball,4,57.6,Auckland Aces,MS Chapman,BJ Horne,SC Kuggeleijn,0,0,,,,,,"",""
ball,4,58.1,Auckland Aces,BJ Horne,MS Chapman,JD Baker,1,0,,,,,,"",""
ball,4,58.2,Auckland Aces,MS Chapman,BJ Horne,JD Baker,0,0,,,,,,"",""
ball,4,58.3,Auckland Aces,MS Chapman,BJ Horne,JD Baker,6,0,,,,,,"",""
ball,4,58.4,Auckland Aces,MS Chapman,BJ Horne,JD Baker,0,0,,,,,,"",""
ball,4,58.5,Auckland Aces,MS Chapman,BJ Horne,JD Baker,2,0,,,,,,"",""
ball,4,58.6,Auckland Aces,MS Chapman,BJ Horne,JD Baker,1,0,,,,,,"",""
ball,4,59.1,Auckland Aces,MS Chapman,BJ Horne,SC Kuggeleijn,1,0,,,,,,"",""
ball,4,59.2,Auckland Aces,BJ Horne,MS Chapman,SC Kuggeleijn,1,0,,,,,,"",""
ball,4,59.3,Auckland Aces,MS Chapman,BJ Horne,SC Kuggeleijn,1,0,,,,,,"",""
ball,4,59.4,Auckland Aces,BJ Horne,MS Chapman,SC Kuggeleijn,1,0,,,,,,"",""
ball,4,59.5,Auckland Aces,MS Chapman,BJ Horne,SC Kuggeleijn,1,0,,,,,,"",""
ball,4,59.6,Auckland Aces,BJ Horne,MS Chapman,SC Kuggeleijn,1,0,,,,,,"",""
ball,4,60.1,Auckland Aces,BJ Horne,MS Chapman,MJ Santner,0,0,,,,,,"",""
ball,4,60.2,Auckland Aces,BJ Horne,MS Chapman,MJ Santner,1,0,,,,,,"",""
ball,4,60.3,Auckland Aces,MS Chapman,BJ Horne,MJ Santner,0,0,,,,,,"",""
ball,4,60.4,Auckland Aces,MS Chapman,BJ Horne,MJ Santner,1,0,,,,,,"",""
ball,4,60.5,Auckland Aces,BJ Horne,MS Chapman,MJ Santner,0,0,,,,,,"",""
ball,4,60.6,Auckland Aces,BJ Horne,MS Chapman,MJ Santner,6,0,,,,,,"",""
ball,4,61.1,Auckland Aces,MS Chapman,BJ Horne,SC Kuggeleijn,0,0,,,,,,"",""
ball,4,61.2,Auckland Aces,MS Chapman,BJ Horne,SC Kuggeleijn,1,0,,,,,,"",""
ball,4,61.3,Auckland Aces,BJ Horne,MS Chapman,SC Kuggeleijn,1,0,,,,,,"",""
ball,4,61.4,Auckland Aces,MS Chapman,BJ Horne,SC Kuggeleijn,1,0,,,,,,"",""
ball,4,61.5,Auckland Aces,BJ Horne,MS Chapman,SC Kuggeleijn,1,0,,,,,,"",""
ball,4,61.6,Auckland Aces,MS Chapman,BJ Horne,SC Kuggeleijn,1,0,,,,,,"",""
ball,4,62.1,Auckland Aces,MS Chapman,BJ Horne,MJ Santner,2,0,,,,,,"",""
ball,4,62.2,Auckland Aces,MS Chapman,BJ Horne,MJ Santner,0,0,,,,,,"",""
ball,4,62.3,Auckland Aces,MS Chapman,BJ Horne,MJ Santner,1,0,,,,,,"",""
ball,4,62.4,Auckland Aces,BJ Horne,MS Chapman,MJ Santner,2,0,,,,,,"",""
ball,4,62.5,Auckland Aces,BJ Horne,MS Chapman,MJ Santner,0,0,,,,,,"",""
ball,4,62.6,Auckland Aces,BJ Horne,MS Chapman,MJ Santner,1,0,,,,,,"",""
ball,4,63.1,Auckland Aces,BJ Horne,MS Chapman,SC Kuggeleijn,0,0,,,,,,"",""
ball,4,63.2,Auckland Aces,BJ Horne,MS Chapman,SC Kuggeleijn,6,0,,,,,,"",""
ball,4,63.3,Auckland Aces,BJ Horne,MS Chapman,SC Kuggeleijn,0,0,,,,,,caught,BJ Horne
ball,4,63.4,Auckland Aces,MB McEwan,MS Chapman,SC Kuggeleijn,1,0,,,,,,"",""
ball,4,63.5,Auckland Aces,MS Chapman,MB McEwan,SC Kuggeleijn,1,0,,,,,,"",""
ball,4,63.6,Auckland Aces,MB McEwan,MS Chapman,SC Kuggeleijn,0,0,,,,,,"",""
ball,4,64.1,Auckland Aces,MS Chapman,MB McEwan,MJ Santner,1,0,,,,,,"",""
ball,4,64.2,Auckland Aces,MB McEwan,MS Chapman,MJ Santner,0,0,,,,,,"",""
ball,4,64.3,Auckland Aces,MB McEwan,MS Chapman,MJ Santner,0,0,,,,,,"",""
ball,4,64.4,Auckland Aces,MB McEwan,MS Chapman,MJ Santner,0,0,,,,,,"",""
ball,4,64.5,Auckland Aces,MB McEwan,MS Chapman,MJ Santner,0,0,,,,,,"",""
ball,4,64.6,Auckland Aces,MB McEwan,MS Chapman,MJ Santner,1,0,,,,,,"",""
ball,4,65.1,Auckland Aces,MB McEwan,MS Chapman,SC Kuggeleijn,0,0,,,,,,"",""
ball,4,65.2,Auckland Aces,MB McEwan,MS Chapman,SC Kuggeleijn,1,0,,,,,,"",""
ball,4,65.3,Auckland Aces,MS Chapman,MB McEwan,SC Kuggeleijn,0,0,,,,,,caught,MS Chapman
ball,4,65.4,Auckland Aces,MB McEwan,LH Ferguson,SC Kuggeleijn,0,0,,,,,,"",""
ball,4,65.5,Auckland Aces,MB McEwan,LH Ferguson,SC Kuggeleijn,0,0,,,,,,"",""
ball,4,65.6,Auckland Aces,MB McEwan,LH Ferguson,SC Kuggeleijn,0,0,,,,,,"",""
ball,4,66.1,Auckland Aces,LH Ferguson,MB McEwan,MJ Santner,0,0,,,,,,"",""
ball,4,66.2,Auckland Aces,LH Ferguson,MB McEwan,MJ Santner,1,0,,,,,,"",""
ball,4,66.3,Auckland Aces,MB McEwan,LH Ferguson,MJ Santner,0,0,,,,,,"",""
ball,4,66.4,Auckland Aces,MB McEwan,LH Ferguson,MJ Santner,4,0,,,,,,"",""
ball,4,66.5,Auckland Aces,MB McEwan,LH Ferguson,MJ Santner,1,0,,,,,,"",""
ball,4,66.6,Auckland Aces,LH Ferguson,MB McEwan,MJ Santner,0,0,,,,,,"",""
ball,4,67.1,Auckland Aces,MB McEwan,LH Ferguson,SC Kuggeleijn,4,0,,,,,,"",""
ball,4,67.2,Auckland Aces,MB McEwan,LH Ferguson,SC Kuggeleijn,0,0,,,,,,"",""
ball,4,67.3,Auckland Aces,MB McEwan,LH Ferguson,SC Kuggeleijn,0,0,,,,,,caught and bowled,MB McEwan
ball,4,67.4,Auckland Aces,L Delport,LH Ferguson,SC Kuggeleijn,1,0,,,,,,"",""
ball,4,67.5,Auckland Aces,LH Ferguson,L Delport,SC Kuggeleijn,0,0,,,,,,"",""
ball,4,67.6,Auckland Aces,LH Ferguson,L Delport,SC Kuggeleijn,0,0,,,,,,"",""
ball,4,68.1,Auckland Aces,L Delport,LH Ferguson,MJ Santner,2,0,,,,,,"",""
ball,4,68.2,Auckland Aces,L Delport,LH Ferguson,MJ Santner,6,0,,,,,,"",""
ball,4,68.3,Auckland Aces,L Delport,LH Ferguson,MJ Santner,1,0,,,,,,"",""
ball,4,68.4,Auckland Aces,LH Ferguson,L Delport,MJ Santner,0,2,,,,2,,"",""
ball,4,68.5,Auckland Aces,LH Ferguson,L Delport,MJ Santner,0,0,,,,,,"",""
ball,4,68.6,Auckland Aces,LH Ferguson,L Delport,MJ Santner,2,0,,,,,,"",""
ball,4,69.1,Auckland Aces,L Delport,LH Ferguson,SC Kuggeleijn,0,0,,,,,,"",""
ball,4,69.2,Auckland Aces,L Delport,LH Ferguson,SC Kuggeleijn,0,0,,,,,,"",""
ball,4,69.3,Auckland Aces,L Delport,LH Ferguson,SC Kuggeleijn,1,0,,,,,,"",""
ball,4,69.4,Auckland Aces,LH Ferguson,L Delport,SC Kuggeleijn,3,0,,,,,,"",""
ball,4,69.5,Auckland Aces,L Delport,LH Ferguson,SC Kuggeleijn,0,0,,,,,,"",""
ball,4,69.6,Auckland Aces,L Delport,LH Ferguson,SC Kuggeleijn,0,0,,,,,,"",""
ball,4,70.1,Auckland Aces,LH Ferguson,L Delport,MJ Santner,0,0,,,,,,"",""
ball,4,70.2,Auckland Aces,LH Ferguson,L Delport,MJ Santner,6,0,,,,,,"",""
ball,4,70.3,Auckland Aces,LH Ferguson,L Delport,MJ Santner,1,0,,,,,,"",""
ball,4,70.4,Auckland Aces,L Delport,LH Ferguson,MJ Santner,4,0,,,,,,"",""
ball,4,70.5,Auckland Aces,L Delport,LH Ferguson,MJ Santner,0,0,,,,,,"",""
ball,4,70.6,Auckland Aces,L Delport,LH Ferguson,MJ Santner,0,0,,,,,,"",""
ball,4,71.1,Auckland Aces,LH Ferguson,L Delport,SC Kuggeleijn,0,0,,,,,,"",""
ball,4,71.2,Auckland Aces,LH Ferguson,L Delport,SC Kuggeleijn,0,0,,,,,,"",""
ball,4,71.3,Auckland Aces,LH Ferguson,L Delport,SC Kuggeleijn,0,1,1,,,,,"",""
ball,4,71.4,Auckland Aces,LH Ferguson,L Delport,SC Kuggeleijn,4,0,,,,,,"",""
ball,4,71.5,Auckland Aces,LH Ferguson,L Delport,SC Kuggeleijn,1,0,,,,,,"",""
ball,4,71.6,Auckland Aces,L Delport,LH Ferguson,SC Kuggeleijn,0,0,,,,,,"",""
ball,4,71.7,Auckland Aces,L Delport,LH Ferguson,SC Kuggeleijn,1,0,,,,,,"",""
ball,4,72.1,Auckland Aces,L Delport,LH Ferguson,IS Sodhi,0,0,,,,,,"",""
ball,4,72.2,Auckland Aces,L Delport,LH Ferguson,IS Sodhi,0,0,,,,,,"",""
ball,4,72.3,Auckland Aces,L Delport,LH Ferguson,IS Sodhi,0,0,,,,,,"",""
ball,4,72.4,Auckland Aces,L Delport,LH Ferguson,IS Sodhi,0,0,,,,,,"",""
ball,4,72.5,Auckland Aces,L Delport,LH Ferguson,IS Sodhi,4,0,,,,,,"",""
ball,4,72.6,Auckland Aces,L Delport,LH Ferguson,IS Sodhi,0,0,,,,,,"",""
ball,4,73.1,Auckland Aces,LH Ferguson,L Delport,SC Kuggeleijn,1,0,,,,,,"",""
ball,4,73.2,Auckland Aces,L Delport,LH Ferguson,SC Kuggeleijn,0,0,,,,,,"",""
ball,4,73.3,Auckland Aces,L Delport,LH Ferguson,SC Kuggeleijn,0,0,,,,,,"",""
ball,4,73.4,Auckland Aces,L Delport,LH Ferguson,SC Kuggeleijn,0,0,,,,,,"",""
ball,4,73.5,Auckland Aces,L Delport,LH Ferguson,SC Kuggeleijn,0,0,,,,,,"",""
ball,4,73.6,Auckland Aces,L Delport,LH Ferguson,SC Kuggeleijn,0,0,,,,,,"",""
ball,4,74.1,Auckland Aces,LH Ferguson,L Delport,IS Sodhi,0,0,,,,,,lbw,LH Ferguson
ball,4,74.2,Auckland Aces,BG Lister,L Delport,IS Sodhi,0,0,,,,,,"",""
ball,4,74.3,Auckland Aces,BG Lister,L Delport,IS Sodhi,1,0,,,,,,"",""
ball,4,74.4,Auckland Aces,L Delport,BG Lister,IS Sodhi,0,0,,,,,,"",""
ball,4,74.5,Auckland Aces,L Delport,BG Lister,IS Sodhi,4,0,,,,,,"",""
