version,1.7.0
info,balls_per_over,6
info,team,Central Stags
info,team,Canterbury
info,gender,male
info,season,2020/21
info,date,2021/03/19
info,date,2021/03/20
info,date,2021/03/21
info,event,Plunket Shield
info,match_number,18
info,venue,"Hagley Oval, Christchurch"
info,city,Christchurch
info,toss_winner,Central Stags
info,toss_decision,bat
info,umpire,A Mehrotra
info,umpire,TJ Parlane
info,match_referee,GAV Baxter
info,winner,Canterbury
info,winner_wickets,9
info,player,Canterbury,JCT Boyle
info,player,Canterbury,CJ Bowes
info,player,Canterbury,KJ McClure
info,player,Canterbury,CE McConchie
info,player,Canterbury,LJ Carter
info,player,Canterbury,CD Fletcher
info,player,Canterbury,TF van Woerkom
info,player,Canterbury,SB Davey
info,player,Canterbury,WSA Williams
info,player,Canterbury,FW Sheat
info,player,Canterbury,EJ Nuttall
info,player,Central Stags,GH Worker
info,player,Central Stags,GR Hay
info,player,Central Stags,BS Smith
info,player,Central Stags,BD Schmulian
info,player,Central Stags,TC Bruce
info,player,Central Stags,D Cleaver
info,player,Central Stags,DAJ Bracewell
info,player,Central Stags,JA Clarkson
info,player,Central Stags,BM Tickner
info,player,Central Stags,JR Lennox
info,player,Central Stags,RL Toole
info,registry,people,A Mehrotra,f336ff13
info,registry,people,BD Schmulian,25dcd237
info,registry,people,BM Tickner,48ad3373
info,registry,people,BS Smith,556df4f9
info,registry,people,CD Fletcher,4af9f5d4
info,registry,people,CE McConchie,d285acaf
info,registry,people,CJ Bowes,45df0e72
info,registry,people,D Cleaver,e3a949be
info,registry,people,DAJ Bracewell,2e9fdf9b
info,registry,people,EJ Nuttall,c9bb898a
info,registry,people,FW Sheat,56d471f2
info,registry,people,GAV Baxter,cb4b3ab0
info,registry,people,GH Worker,51a36d3e
info,registry,people,GR Hay,5bcd48df
info,registry,people,JA Clarkson,bed90114
info,registry,people,JCT Boyle,f7b3d625
info,registry,people,JR Lennox,07793daf
info,registry,people,KJ McClure,4c895bc1
info,registry,people,LJ Carter,dfb51f40
info,registry,people,RL Toole,2fef3b0c
info,registry,people,SB Davey,f45cd5c8
info,registry,people,TC Bruce,f92c9151
info,registry,people,TF van Woerkom,70f2f922
info,registry,people,TJ Parlane,3cfc24b0
info,registry,people,WSA Williams,861eed37
ball,1,0.1,Central Stags,GH Worker,GR Hay,EJ Nuttall,0,0,,,,,,"",""
ball,1,0.2,Central Stags,GH Worker,GR Hay,EJ Nuttall,0,0,,,,,,"",""
ball,1,0.3,Central Stags,GH Worker,GR Hay,EJ Nuttall,0,0,,,,,,"",""
ball,1,0.4,Central Stags,GH Worker,GR Hay,EJ Nuttall,0,0,,,,,,"",""
ball,1,0.5,Central Stags,GH Worker,GR Hay,EJ Nuttall,0,0,,,,,,"",""
ball,1,0.6,Central Stags,GH Worker,GR Hay,EJ Nuttall,0,0,,,,,,caught,GH Worker
ball,1,1.1,Central Stags,GR Hay,BS Smith,WSA Williams,0,0,,,,,,"",""
ball,1,1.2,Central Stags,GR Hay,BS Smith,WSA Williams,0,0,,,,,,"",""
ball,1,1.3,Central Stags,GR Hay,BS Smith,WSA Williams,0,0,,,,,,"",""
ball,1,1.4,Central Stags,GR Hay,BS Smith,WSA Williams,0,0,,,,,,"",""
ball,1,1.5,Central Stags,GR Hay,BS Smith,WSA Williams,0,0,,,,,,"",""
ball,1,1.6,Central Stags,GR Hay,BS Smith,WSA Williams,0,0,,,,,,"",""
ball,1,2.1,Central Stags,BS Smith,GR Hay,EJ Nuttall,0,0,,,,,,"",""
ball,1,2.2,Central Stags,BS Smith,GR Hay,EJ Nuttall,1,0,,,,,,"",""
ball,1,2.3,Central Stags,GR Hay,BS Smith,EJ Nuttall,0,0,,,,,,"",""
ball,1,2.4,Central Stags,GR Hay,BS Smith,EJ Nuttall,4,0,,,,,,"",""
ball,1,2.5,Central Stags,GR Hay,BS Smith,EJ Nuttall,0,0,,,,,,"",""
ball,1,2.6,Central Stags,GR Hay,BS Smith,EJ Nuttall,0,0,,,,,,"",""
ball,1,3.1,Central Stags,BS Smith,GR Hay,WSA Williams,0,0,,,,,,"",""
ball,1,3.2,Central Stags,BS Smith,GR Hay,WSA Williams,0,0,,,,,,"",""
ball,1,3.3,Central Stags,BS Smith,GR Hay,WSA Williams,0,0,,,,,,"",""
ball,1,3.4,Central Stags,BS Smith,GR Hay,WSA Williams,0,0,,,,,,"",""
ball,1,3.5,Central Stags,BS Smith,GR Hay,WSA Williams,2,0,,,,,,"",""
ball,1,3.6,Central Stags,BS Smith,GR Hay,WSA Williams,0,0,,,,,,"",""
ball,1,4.1,Central Stags,GR Hay,BS Smith,EJ Nuttall,4,0,,,,,,"",""
ball,1,4.2,Central Stags,GR Hay,BS Smith,EJ Nuttall,0,0,,,,,,"",""
ball,1,4.3,Central Stags,GR Hay,BS Smith,EJ Nuttall,0,0,,,,,,"",""
ball,1,4.4,Central Stags,GR Hay,BS Smith,EJ Nuttall,0,0,,,,,,"",""
ball,1,4.5,Central Stags,GR Hay,BS Smith,EJ Nuttall,0,0,,,,,,"",""
ball,1,4.6,Central Stags,GR Hay,BS Smith,EJ Nuttall,0,0,,,,,,"",""
ball,1,5.1,Central Stags,BS Smith,GR Hay,WSA Williams,0,0,,,,,,lbw,BS Smith
ball,1,5.2,Central Stags,BD Schmulian,GR Hay,WSA Williams,0,0,,,,,,"",""
ball,1,5.3,Central Stags,BD Schmulian,GR Hay,WSA Williams,0,0,,,,,,"",""
ball,1,5.4,Central Stags,BD Schmulian,GR Hay,WSA Williams,0,0,,,,,,"",""
ball,1,5.5,Central Stags,BD Schmulian,GR Hay,WSA Williams,0,0,,,,,,"",""
ball,1,5.6,Central Stags,BD Schmulian,GR Hay,WSA Williams,0,0,,,,,,"",""
ball,1,6.1,Central Stags,GR Hay,BD Schmulian,EJ Nuttall,2,0,,,,,,"",""
ball,1,6.2,Central Stags,GR Hay,BD Schmulian,EJ Nuttall,0,0,,,,,,"",""
ball,1,6.3,Central Stags,GR Hay,BD Schmulian,EJ Nuttall,4,1,,1,,,,"",""
ball,1,6.4,Central Stags,GR Hay,BD Schmulian,EJ Nuttall,2,0,,,,,,"",""
ball,1,6.5,Central Stags,GR Hay,BD Schmulian,EJ Nuttall,0,0,,,,,,"",""
ball,1,6.6,Central Stags,GR Hay,BD Schmulian,EJ Nuttall,0,1,,1,,,,"",""
ball,1,6.7,Central Stags,GR Hay,BD Schmulian,EJ Nuttall,2,0,,,,,,"",""
ball,1,6.8,Central Stags,GR Hay,BD Schmulian,EJ Nuttall,0,0,,,,,,"",""
ball,1,7.1,Central Stags,BD Schmulian,GR Hay,WSA Williams,0,0,,,,,,"",""
ball,1,7.2,Central Stags,BD Schmulian,GR Hay,WSA Williams,0,0,,,,,,"",""
ball,1,7.3,Central Stags,BD Schmulian,GR Hay,WSA Williams,2,0,,,,,,"",""
ball,1,7.4,Central Stags,BD Schmulian,GR Hay,WSA Williams,0,0,,,,,,"",""
ball,1,7.5,Central Stags,BD Schmulian,GR Hay,WSA Williams,0,4,,,4,,,"",""
ball,1,7.6,Central Stags,BD Schmulian,GR Hay,WSA Williams,0,0,,,,,,"",""
ball,1,8.1,Central Stags,GR Hay,BD Schmulian,FW Sheat,1,0,,,,,,"",""
ball,1,8.2,Central Stags,BD Schmulian,GR Hay,FW Sheat,0,0,,,,,,"",""
ball,1,8.3,Central Stags,BD Schmulian,GR Hay,FW Sheat,0,0,,,,,,"",""
ball,1,8.4,Central Stags,BD Schmulian,GR Hay,FW Sheat,2,0,,,,,,"",""
ball,1,8.5,Central Stags,BD Schmulian,GR Hay,FW Sheat,0,0,,,,,,"",""
ball,1,8.6,Central Stags,BD Schmulian,GR Hay,FW Sheat,0,0,,,,,,"",""
ball,1,9.1,Central Stags,GR Hay,BD Schmulian,WSA Williams,0,0,,,,,,"",""
ball,1,9.2,Central Stags,GR Hay,BD Schmulian,WSA Williams,0,0,,,,,,"",""
ball,1,9.3,Central Stags,GR Hay,BD Schmulian,WSA Williams,0,0,,,,,,"",""
ball,1,9.4,Central Stags,GR Hay,BD Schmulian,WSA Williams,0,0,,,,,,"",""
ball,1,9.5,Central Stags,GR Hay,BD Schmulian,WSA Williams,1,0,,,,,,"",""
ball,1,9.6,Central Stags,BD Schmulian,GR Hay,WSA Williams,0,0,,,,,,"",""
ball,1,10.1,Central Stags,GR Hay,BD Schmulian,FW Sheat,0,0,,,,,,"",""
ball,1,10.2,Central Stags,GR Hay,BD Schmulian,FW Sheat,0,0,,,,,,"",""
ball,1,10.3,Central Stags,GR Hay,BD Schmulian,FW Sheat,1,0,,,,,,"",""
ball,1,10.4,Central Stags,BD Schmulian,GR Hay,FW Sheat,0,0,,,,,,"",""
ball,1,10.5,Central Stags,BD Schmulian,GR Hay,FW Sheat,0,0,,,,,,"",""
ball,1,10.6,Central Stags,BD Schmulian,GR Hay,FW Sheat,4,0,,,,,,"",""
ball,1,11.1,Central Stags,GR Hay,BD Schmulian,WSA Williams,0,0,,,,,,"",""
ball,1,11.2,Central Stags,GR Hay,BD Schmulian,WSA Williams,0,0,,,,,,"",""
ball,1,11.3,Central Stags,GR Hay,BD Schmulian,WSA Williams,3,0,,,,,,"",""
ball,1,11.4,Central Stags,BD Schmulian,GR Hay,WSA Williams,0,0,,,,,,"",""
ball,1,11.5,Central Stags,BD Schmulian,GR Hay,WSA Williams,2,0,,,,,,"",""
ball,1,11.6,Central Stags,BD Schmulian,GR Hay,WSA Williams,0,0,,,,,,"",""
ball,1,12.1,Central Stags,GR Hay,BD Schmulian,FW Sheat,0,0,,,,,,"",""
ball,1,12.2,Central Stags,GR Hay,BD Schmulian,FW Sheat,0,0,,,,,,"",""
ball,1,12.3,Central Stags,GR Hay,BD Schmulian,FW Sheat,0,0,,,,,,"",""
ball,1,12.4,Central Stags,GR Hay,BD Schmulian,FW Sheat,0,0,,,,,,"",""
ball,1,12.5,Central Stags,GR Hay,BD Schmulian,FW Sheat,0,0,,,,,,"",""
ball,1,12.6,Central Stags,GR Hay,BD Schmulian,FW Sheat,0,0,,,,,,"",""
ball,1,13.1,Central Stags,BD Schmulian,GR Hay,WSA Williams,0,0,,,,,,"",""
ball,1,13.2,Central Stags,BD Schmulian,GR Hay,WSA Williams,0,0,,,,,,"",""
ball,1,13.3,Central Stags,BD Schmulian,GR Hay,WSA Williams,0,0,,,,,,"",""
ball,1,13.4,Central Stags,BD Schmulian,GR Hay,WSA Williams,0,0,,,,,,"",""
ball,1,13.5,Central Stags,BD Schmulian,GR Hay,WSA Williams,0,0,,,,,,"",""
ball,1,13.6,Central Stags,BD Schmulian,GR Hay,WSA Williams,0,0,,,,,,"",""
ball,1,14.1,Central Stags,GR Hay,BD Schmulian,FW Sheat,0,0,,,,,,"",""
ball,1,14.2,Central Stags,GR Hay,BD Schmulian,FW Sheat,4,0,,,,,,"",""
ball,1,14.3,Central Stags,GR Hay,BD Schmulian,FW Sheat,3,0,,,,,,"",""
ball,1,14.4,Central Stags,BD Schmulian,GR Hay,FW Sheat,1,0,,,,,,"",""
ball,1,14.5,Central Stags,GR Hay,BD Schmulian,FW Sheat,0,0,,,,,,"",""
ball,1,14.6,Central Stags,GR Hay,BD Schmulian,FW Sheat,0,0,,,,,,"",""
ball,1,15.1,Central Stags,BD Schmulian,GR Hay,SB Davey,0,0,,,,,,"",""
ball,1,15.2,Central Stags,BD Schmulian,GR Hay,SB Davey,0,0,,,,,,"",""
ball,1,15.3,Central Stags,BD Schmulian,GR Hay,SB Davey,0,0,,,,,,"",""
ball,1,15.4,Central Stags,BD Schmulian,GR Hay,SB Davey,0,0,,,,,,"",""
ball,1,15.5,Central Stags,BD Schmulian,GR Hay,SB Davey,0,0,,,,,,"",""
ball,1,15.6,Central Stags,BD Schmulian,GR Hay,SB Davey,0,0,,,,,,"",""
ball,1,16.1,Central Stags,GR Hay,BD Schmulian,FW Sheat,0,0,,,,,,"",""
ball,1,16.2,Central Stags,GR Hay,BD Schmulian,FW Sheat,0,0,,,,,,"",""
ball,1,16.3,Central Stags,GR Hay,BD Schmulian,FW Sheat,0,0,,,,,,"",""
ball,1,16.4,Central Stags,GR Hay,BD Schmulian,FW Sheat,0,0,,,,,,"",""
ball,1,16.5,Central Stags,GR Hay,BD Schmulian,FW Sheat,4,0,,,,,,"",""
ball,1,16.6,Central Stags,GR Hay,BD Schmulian,FW Sheat,0,0,,,,,,"",""
ball,1,17.1,Central Stags,BD Schmulian,GR Hay,SB Davey,0,0,,,,,,"",""
ball,1,17.2,Central Stags,BD Schmulian,GR Hay,SB Davey,0,0,,,,,,"",""
ball,1,17.3,Central Stags,BD Schmulian,GR Hay,SB Davey,0,0,,,,,,"",""
ball,1,17.4,Central Stags,BD Schmulian,GR Hay,SB Davey,0,0,,,,,,"",""
ball,1,17.5,Central Stags,BD Schmulian,GR Hay,SB Davey,0,0,,,,,,"",""
ball,1,17.6,Central Stags,BD Schmulian,GR Hay,SB Davey,0,0,,,,,,"",""
ball,1,18.1,Central Stags,GR Hay,BD Schmulian,FW Sheat,0,0,,,,,,"",""
ball,1,18.2,Central Stags,GR Hay,BD Schmulian,FW Sheat,0,0,,,,,,"",""
ball,1,18.3,Central Stags,GR Hay,BD Schmulian,FW Sheat,0,0,,,,,,"",""
ball,1,18.4,Central Stags,GR Hay,BD Schmulian,FW Sheat,1,0,,,,,,"",""
ball,1,18.5,Central Stags,BD Schmulian,GR Hay,FW Sheat,0,0,,,,,,"",""
ball,1,18.6,Central Stags,BD Schmulian,GR Hay,FW Sheat,0,0,,,,,,"",""
ball,1,19.1,Central Stags,GR Hay,BD Schmulian,SB Davey,0,0,,,,,,"",""
ball,1,19.2,Central Stags,GR Hay,BD Schmulian,SB Davey,0,0,,,,,,"",""
ball,1,19.3,Central Stags,GR Hay,BD Schmulian,SB Davey,0,0,,,,,,"",""
ball,1,19.4,Central Stags,GR Hay,BD Schmulian,SB Davey,0,0,,,,,,"",""
ball,1,19.5,Central Stags,GR Hay,BD Schmulian,SB Davey,0,0,,,,,,"",""
ball,1,19.6,Central Stags,GR Hay,BD Schmulian,SB Davey,0,0,,,,,,"",""
ball,1,20.1,Central Stags,BD Schmulian,GR Hay,EJ Nuttall,0,0,,,,,,"",""
ball,1,20.2,Central Stags,BD Schmulian,GR Hay,EJ Nuttall,0,0,,,,,,"",""
ball,1,20.3,Central Stags,BD Schmulian,GR Hay,EJ Nuttall,1,0,,,,,,"",""
ball,1,20.4,Central Stags,GR Hay,BD Schmulian,EJ Nuttall,0,0,,,,,,"",""
ball,1,20.5,Central Stags,GR Hay,BD Schmulian,EJ Nuttall,1,0,,,,,,"",""
ball,1,20.6,Central Stags,BD Schmulian,GR Hay,EJ Nuttall,0,0,,,,,,"",""
ball,1,21.1,Central Stags,GR Hay,BD Schmulian,SB Davey,0,0,,,,,,"",""
ball,1,21.2,Central Stags,GR Hay,BD Schmulian,SB Davey,0,0,,,,,,"",""
ball,1,21.3,Central Stags,GR Hay,BD Schmulian,SB Davey,0,0,,,,,,"",""
ball,1,21.4,Central Stags,GR Hay,BD Schmulian,SB Davey,0,0,,,,,,"",""
ball,1,21.5,Central Stags,GR Hay,BD Schmulian,SB Davey,1,1,,1,,,,"",""
ball,1,21.6,Central Stags,BD Schmulian,GR Hay,SB Davey,0,0,,,,,,"",""
ball,1,21.7,Central Stags,BD Schmulian,GR Hay,SB Davey,0,0,,,,,,"",""
ball,1,22.1,Central Stags,GR Hay,BD Schmulian,EJ Nuttall,0,0,,,,,,"",""
ball,1,22.2,Central Stags,GR Hay,BD Schmulian,EJ Nuttall,0,0,,,,,,caught,GR Hay
ball,1,22.3,Central Stags,TC Bruce,BD Schmulian,EJ Nuttall,0,0,,,,,,"",""
ball,1,22.4,Central Stags,TC Bruce,BD Schmulian,EJ Nuttall,0,0,,,,,,"",""
ball,1,22.5,Central Stags,TC Bruce,BD Schmulian,EJ Nuttall,0,0,,,,,,"",""
ball,1,22.6,Central Stags,TC Bruce,BD Schmulian,EJ Nuttall,4,0,,,,,,"",""
ball,1,23.1,Central Stags,BD Schmulian,TC Bruce,SB Davey,0,0,,,,,,"",""
ball,1,23.2,Central Stags,BD Schmulian,TC Bruce,SB Davey,1,0,,,,,,"",""
ball,1,23.3,Central Stags,TC Bruce,BD Schmulian,SB Davey,0,0,,,,,,"",""
ball,1,23.4,Central Stags,TC Bruce,BD Schmulian,SB Davey,0,0,,,,,,"",""
ball,1,23.5,Central Stags,TC Bruce,BD Schmulian,SB Davey,0,0,,,,,,"",""
ball,1,23.6,Central Stags,TC Bruce,BD Schmulian,SB Davey,0,0,,,,,,"",""
ball,1,24.1,Central Stags,BD Schmulian,TC Bruce,EJ Nuttall,0,0,,,,,,"",""
ball,1,24.2,Central Stags,BD Schmulian,TC Bruce,EJ Nuttall,0,0,,,,,,"",""
ball,1,24.3,Central Stags,BD Schmulian,TC Bruce,EJ Nuttall,2,0,,,,,,"",""
ball,1,24.4,Central Stags,BD Schmulian,TC Bruce,EJ Nuttall,0,0,,,,,,"",""
ball,1,24.5,Central Stags,BD Schmulian,TC Bruce,EJ Nuttall,0,0,,,,,,"",""
ball,1,24.6,Central Stags,BD Schmulian,TC Bruce,EJ Nuttall,0,0,,,,,,"",""
ball,1,25.1,Central Stags,TC Bruce,BD Schmulian,SB Davey,0,0,,,,,,"",""
ball,1,25.2,Central Stags,TC Bruce,BD Schmulian,SB Davey,0,0,,,,,,caught,TC Bruce
ball,1,25.3,Central Stags,D Cleaver,BD Schmulian,SB Davey,0,0,,,,,,"",""
ball,1,25.4,Central Stags,D Cleaver,BD Schmulian,SB Davey,0,0,,,,,,"",""
ball,1,25.5,Central Stags,D Cleaver,BD Schmulian,SB Davey,0,0,,,,,,"",""
ball,1,25.6,Central Stags,D Cleaver,BD Schmulian,SB Davey,0,0,,,,,,"",""
ball,1,26.1,Central Stags,BD Schmulian,D Cleaver,EJ Nuttall,0,1,,,,1,,"",""
ball,1,26.2,Central Stags,D Cleaver,BD Schmulian,EJ Nuttall,0,0,,,,,,"",""
ball,1,26.3,Central Stags,D Cleaver,BD Schmulian,EJ Nuttall,0,0,,,,,,"",""
ball,1,26.4,Central Stags,D Cleaver,BD Schmulian,EJ Nuttall,1,0,,,,,,"",""
ball,1,26.5,Central Stags,BD Schmulian,D Cleaver,EJ Nuttall,0,0,,,,,,"",""
ball,1,26.6,Central Stags,BD Schmulian,D Cleaver,EJ Nuttall,0,0,,,,,,"",""
ball,1,27.1,Central Stags,D Cleaver,BD Schmulian,WSA Williams,0,0,,,,,,"",""
ball,1,27.2,Central Stags,D Cleaver,BD Schmulian,WSA Williams,0,0,,,,,,"",""
ball,1,27.3,Central Stags,D Cleaver,BD Schmulian,WSA Williams,0,0,,,,,,"",""
ball,1,27.4,Central Stags,D Cleaver,BD Schmulian,WSA Williams,0,0,,,,,,"",""
ball,1,27.5,Central Stags,D Cleaver,BD Schmulian,WSA Williams,1,0,,,,,,"",""
ball,1,27.6,Central Stags,BD Schmulian,D Cleaver,WSA Williams,0,0,,,,,,"",""
ball,1,28.1,Central Stags,D Cleaver,BD Schmulian,EJ Nuttall,0,0,,,,,,"",""
ball,1,28.2,Central Stags,D Cleaver,BD Schmulian,EJ Nuttall,0,0,,,,,,"",""
ball,1,28.3,Central Stags,D Cleaver,BD Schmulian,EJ Nuttall,1,0,,,,,,"",""
ball,1,28.4,Central Stags,BD Schmulian,D Cleaver,EJ Nuttall,0,0,,,,,,"",""
ball,1,28.5,Central Stags,BD Schmulian,D Cleaver,EJ Nuttall,0,0,,,,,,"",""
ball,1,28.6,Central Stags,BD Schmulian,D Cleaver,EJ Nuttall,0,1,,1,,,,"",""
ball,1,28.7,Central Stags,BD Schmulian,D Cleaver,EJ Nuttall,0,0,,,,,,"",""
ball,1,29.1,Central Stags,D Cleaver,BD Schmulian,WSA Williams,0,0,,,,,,"",""
ball,1,29.2,Central Stags,D Cleaver,BD Schmulian,WSA Williams,0,0,,,,,,"",""
ball,1,29.3,Central Stags,D Cleaver,BD Schmulian,WSA Williams,0,0,,,,,,"",""
ball,1,29.4,Central Stags,D Cleaver,BD Schmulian,WSA Williams,0,0,,,,,,"",""
ball,1,29.5,Central Stags,D Cleaver,BD Schmulian,WSA Williams,0,0,,,,,,"",""
ball,1,29.6,Central Stags,D Cleaver,BD Schmulian,WSA Williams,0,0,,,,,,"",""
ball,1,30.1,Central Stags,BD Schmulian,D Cleaver,EJ Nuttall,0,0,,,,,,"",""
ball,1,30.2,Central Stags,BD Schmulian,D Cleaver,EJ Nuttall,0,0,,,,,,"",""
ball,1,30.3,Central Stags,BD Schmulian,D Cleaver,EJ Nuttall,1,0,,,,,,"",""
ball,1,30.4,Central Stags,D Cleaver,BD Schmulian,EJ Nuttall,2,1,,1,,,,"",""
ball,1,30.5,Central Stags,D Cleaver,BD Schmulian,EJ Nuttall,0,0,,,,,,"",""
ball,1,30.6,Central Stags,D Cleaver,BD Schmulian,EJ Nuttall,0,0,,,,,,"",""
ball,1,30.7,Central Stags,D Cleaver,BD Schmulian,EJ Nuttall,0,0,,,,,,"",""
ball,1,31.1,Central Stags,BD Schmulian,D Cleaver,WSA Williams,0,0,,,,,,"",""
ball,1,31.2,Central Stags,BD Schmulian,D Cleaver,WSA Williams,0,0,,,,,,"",""
ball,1,31.3,Central Stags,BD Schmulian,D Cleaver,WSA Williams,0,0,,,,,,"",""
ball,1,31.4,Central Stags,BD Schmulian,D Cleaver,WSA Williams,0,0,,,,,,"",""
ball,1,31.5,Central Stags,BD Schmulian,D Cleaver,WSA Williams,0,0,,,,,,"",""
ball,1,31.6,Central Stags,BD Schmulian,D Cleaver,WSA Williams,0,0,,,,,,"",""
ball,1,32.1,Central Stags,D Cleaver,BD Schmulian,FW Sheat,0,0,,,,,,caught,D Cleaver
ball,1,32.2,Central Stags,DAJ Bracewell,BD Schmulian,FW Sheat,0,0,,,,,,"",""
ball,1,32.3,Central Stags,DAJ Bracewell,BD Schmulian,FW Sheat,0,0,,,,,,"",""
ball,1,32.4,Central Stags,DAJ Bracewell,BD Schmulian,FW Sheat,0,0,,,,,,"",""
ball,1,32.5,Central Stags,DAJ Bracewell,BD Schmulian,FW Sheat,0,0,,,,,,"",""
ball,1,32.6,Central Stags,DAJ Bracewell,BD Schmulian,FW Sheat,0,0,,,,,,"",""
ball,1,33.1,Central Stags,BD Schmulian,DAJ Bracewell,WSA Williams,0,0,,,,,,"",""
ball,1,33.2,Central Stags,BD Schmulian,DAJ Bracewell,WSA Williams,0,0,,,,,,"",""
ball,1,33.3,Central Stags,BD Schmulian,DAJ Bracewell,WSA Williams,0,0,,,,,,"",""
ball,1,33.4,Central Stags,BD Schmulian,DAJ Bracewell,WSA Williams,0,0,,,,,,"",""
ball,1,33.5,Central Stags,BD Schmulian,DAJ Bracewell,WSA Williams,0,0,,,,,,"",""
ball,1,33.6,Central Stags,BD Schmulian,DAJ Bracewell,WSA Williams,0,0,,,,,,"",""
ball,1,34.1,Central Stags,DAJ Bracewell,BD Schmulian,FW Sheat,0,0,,,,,,"",""
ball,1,34.2,Central Stags,DAJ Bracewell,BD Schmulian,FW Sheat,1,0,,,,,,"",""
ball,1,34.3,Central Stags,BD Schmulian,DAJ Bracewell,FW Sheat,0,0,,,,,,"",""
ball,1,34.4,Central Stags,BD Schmulian,DAJ Bracewell,FW Sheat,1,0,,,,,,"",""
ball,1,34.5,Central Stags,DAJ Bracewell,BD Schmulian,FW Sheat,0,0,,,,,,"",""
ball,1,34.6,Central Stags,DAJ Bracewell,BD Schmulian,FW Sheat,0,0,,,,,,"",""
ball,1,35.1,Central Stags,BD Schmulian,DAJ Bracewell,WSA Williams,0,0,,,,,,caught,BD Schmulian
ball,1,35.2,Central Stags,JA Clarkson,DAJ Bracewell,WSA Williams,0,0,,,,,,"",""
ball,1,35.3,Central Stags,JA Clarkson,DAJ Bracewell,WSA Williams,0,0,,,,,,"",""
ball,1,35.4,Central Stags,JA Clarkson,DAJ Bracewell,WSA Williams,0,0,,,,,,"",""
ball,1,35.5,Central Stags,JA Clarkson,DAJ Bracewell,WSA Williams,0,0,,,,,,"",""
ball,1,35.6,Central Stags,JA Clarkson,DAJ Bracewell,WSA Williams,0,0,,,,,,"",""
ball,1,36.1,Central Stags,DAJ Bracewell,JA Clarkson,FW Sheat,0,0,,,,,,"",""
ball,1,36.2,Central Stags,DAJ Bracewell,JA Clarkson,FW Sheat,0,0,,,,,,"",""
ball,1,36.3,Central Stags,DAJ Bracewell,JA Clarkson,FW Sheat,0,0,,,,,,"",""
ball,1,36.4,Central Stags,DAJ Bracewell,JA Clarkson,FW Sheat,0,0,,,,,,"",""
ball,1,36.5,Central Stags,DAJ Bracewell,JA Clarkson,FW Sheat,0,0,,,,,,"",""
ball,1,36.6,Central Stags,DAJ Bracewell,JA Clarkson,FW Sheat,0,0,,,,,,"",""
ball,1,37.1,Central Stags,JA Clarkson,DAJ Bracewell,WSA Williams,0,0,,,,,,"",""
ball,1,37.2,Central Stags,JA Clarkson,DAJ Bracewell,WSA Williams,0,0,,,,,,"",""
ball,1,37.3,Central Stags,JA Clarkson,DAJ Bracewell,WSA Williams,0,0,,,,,,"",""
ball,1,37.4,Central Stags,JA Clarkson,DAJ Bracewell,WSA Williams,0,0,,,,,,"",""
ball,1,37.5,Central Stags,JA Clarkson,DAJ Bracewell,WSA Williams,4,0,,,,,,"",""
ball,1,37.6,Central Stags,JA Clarkson,DAJ Bracewell,WSA Williams,0,0,,,,,,"",""
ball,1,38.1,Central Stags,DAJ Bracewell,JA Clarkson,FW Sheat,1,0,,,,,,"",""
ball,1,38.2,Central Stags,JA Clarkson,DAJ Bracewell,FW Sheat,0,0,,,,,,"",""
ball,1,38.3,Central Stags,JA Clarkson,DAJ Bracewell,FW Sheat,0,0,,,,,,"",""
ball,1,38.4,Central Stags,JA Clarkson,DAJ Bracewell,FW Sheat,1,0,,,,,,"",""
ball,1,38.5,Central Stags,DAJ Bracewell,JA Clarkson,FW Sheat,0,0,,,,,,"",""
ball,1,38.6,Central Stags,DAJ Bracewell,JA Clarkson,FW Sheat,1,0,,,,,,"",""
ball,1,39.1,Central Stags,DAJ Bracewell,JA Clarkson,WSA Williams,0,0,,,,,,"",""
ball,1,39.2,Central Stags,DAJ Bracewell,JA Clarkson,WSA Williams,0,0,,,,,,"",""
ball,1,39.3,Central Stags,DAJ Bracewell,JA Clarkson,WSA Williams,0,0,,,,,,"",""
ball,1,39.4,Central Stags,DAJ Bracewell,JA Clarkson,WSA Williams,0,0,,,,,,"",""
ball,1,39.5,Central Stags,DAJ Bracewell,JA Clarkson,WSA Williams,0,0,,,,,,"",""
ball,1,39.6,Central Stags,DAJ Bracewell,JA Clarkson,WSA Williams,0,0,,,,,,"",""
ball,1,40.1,Central Stags,JA Clarkson,DAJ Bracewell,FW Sheat,0,0,,,,,,"",""
ball,1,40.2,Central Stags,JA Clarkson,DAJ Bracewell,FW Sheat,0,0,,,,,,"",""
ball,1,40.3,Central Stags,JA Clarkson,DAJ Bracewell,FW Sheat,0,0,,,,,,"",""
ball,1,40.4,Central Stags,JA Clarkson,DAJ Bracewell,FW Sheat,0,0,,,,,,"",""
ball,1,40.5,Central Stags,JA Clarkson,DAJ Bracewell,FW Sheat,0,0,,,,,,"",""
ball,1,40.6,Central Stags,JA Clarkson,DAJ Bracewell,FW Sheat,0,0,,,,,,"",""
ball,1,41.1,Central Stags,DAJ Bracewell,JA Clarkson,WSA Williams,0,0,,,,,,"",""
ball,1,41.2,Central Stags,DAJ Bracewell,JA Clarkson,WSA Williams,0,0,,,,,,"",""
ball,1,41.3,Central Stags,DAJ Bracewell,JA Clarkson,WSA Williams,1,0,,,,,,"",""
ball,1,41.4,Central Stags,JA Clarkson,DAJ Bracewell,WSA Williams,0,0,,,,,,"",""
ball,1,41.5,Central Stags,JA Clarkson,DAJ Bracewell,WSA Williams,0,0,,,,,,"",""
ball,1,41.6,Central Stags,JA Clarkson,DAJ Bracewell,WSA Williams,0,0,,,,,,"",""
ball,1,42.1,Central Stags,DAJ Bracewell,JA Clarkson,FW Sheat,0,0,,,,,,"",""
ball,1,42.2,Central Stags,DAJ Bracewell,JA Clarkson,FW Sheat,0,0,,,,,,"",""
ball,1,42.3,Central Stags,DAJ Bracewell,JA Clarkson,FW Sheat,0,0,,,,,,"",""
ball,1,42.4,Central Stags,DAJ Bracewell,JA Clarkson,FW Sheat,0,0,,,,,,"",""
ball,1,42.5,Central Stags,DAJ Bracewell,JA Clarkson,FW Sheat,0,0,,,,,,"",""
ball,1,42.6,Central Stags,DAJ Bracewell,JA Clarkson,FW Sheat,0,0,,,,,,"",""
ball,1,43.1,Central Stags,JA Clarkson,DAJ Bracewell,SB Davey,0,0,,,,,,"",""
ball,1,43.2,Central Stags,JA Clarkson,DAJ Bracewell,SB Davey,1,0,,,,,,"",""
ball,1,43.3,Central Stags,DAJ Bracewell,JA Clarkson,SB Davey,0,0,,,,,,"",""
ball,1,43.4,Central Stags,DAJ Bracewell,JA Clarkson,SB Davey,1,0,,,,,,"",""
ball,1,43.5,Central Stags,JA Clarkson,DAJ Bracewell,SB Davey,0,0,,,,,,"",""
ball,1,43.6,Central Stags,JA Clarkson,DAJ Bracewell,SB Davey,0,0,,,,,,"",""
ball,1,44.1,Central Stags,DAJ Bracewell,JA Clarkson,EJ Nuttall,0,0,,,,,,"",""
ball,1,44.2,Central Stags,DAJ Bracewell,JA Clarkson,EJ Nuttall,0,0,,,,,,"",""
ball,1,44.3,Central Stags,DAJ Bracewell,JA Clarkson,EJ Nuttall,4,0,,,,,,"",""
ball,1,44.4,Central Stags,DAJ Bracewell,JA Clarkson,EJ Nuttall,1,0,,,,,,"",""
ball,1,44.5,Central Stags,JA Clarkson,DAJ Bracewell,EJ Nuttall,0,0,,,,,,"",""
ball,1,44.6,Central Stags,JA Clarkson,DAJ Bracewell,EJ Nuttall,1,0,,,,,,"",""
ball,1,45.1,Central Stags,JA Clarkson,DAJ Bracewell,SB Davey,0,0,,,,,,"",""
ball,1,45.2,Central Stags,JA Clarkson,DAJ Bracewell,SB Davey,4,0,,,,,,"",""
ball,1,45.3,Central Stags,JA Clarkson,DAJ Bracewell,SB Davey,0,0,,,,,,caught,JA Clarkson
ball,1,45.4,Central Stags,BM Tickner,DAJ Bracewell,SB Davey,0,0,,,,,,"",""
ball,1,45.5,Central Stags,BM Tickner,DAJ Bracewell,SB Davey,0,0,,,,,,"",""
ball,1,45.6,Central Stags,BM Tickner,DAJ Bracewell,SB Davey,0,0,,,,,,"",""
ball,1,46.1,Central Stags,DAJ Bracewell,BM Tickner,EJ Nuttall,0,0,,,,,,"",""
ball,1,46.2,Central Stags,DAJ Bracewell,BM Tickner,EJ Nuttall,0,0,,,,,,"",""
ball,1,46.3,Central Stags,DAJ Bracewell,BM Tickner,EJ Nuttall,0,0,,,,,,"",""
ball,1,46.4,Central Stags,DAJ Bracewell,BM Tickner,EJ Nuttall,0,0,,,,,,"",""
ball,1,46.5,Central Stags,DAJ Bracewell,BM Tickner,EJ Nuttall,0,0,,,,,,"",""
ball,1,46.6,Central Stags,DAJ Bracewell,BM Tickner,EJ Nuttall,1,0,,,,,,"",""
ball,1,47.1,Central Stags,DAJ Bracewell,BM Tickner,SB Davey,1,0,,,,,,"",""
ball,1,47.2,Central Stags,BM Tickner,DAJ Bracewell,SB Davey,0,0,,,,,,"",""
ball,1,47.3,Central Stags,BM Tickner,DAJ Bracewell,SB Davey,0,1,,,,1,,"",""
ball,1,47.4,Central Stags,DAJ Bracewell,BM Tickner,SB Davey,0,0,,,,,,"",""
ball,1,47.5,Central Stags,DAJ Bracewell,BM Tickner,SB Davey,0,0,,,,,,"",""
ball,1,47.6,Central Stags,DAJ Bracewell,BM Tickner,SB Davey,0,0,,,,,,"",""
ball,1,48.1,Central Stags,BM Tickner,DAJ Bracewell,EJ Nuttall,0,0,,,,,,"",""
ball,1,48.2,Central Stags,BM Tickner,DAJ Bracewell,EJ Nuttall,0,0,,,,,,"",""
ball,1,48.3,Central Stags,BM Tickner,DAJ Bracewell,EJ Nuttall,0,0,,,,,,"",""
ball,1,48.4,Central Stags,BM Tickner,DAJ Bracewell,EJ Nuttall,0,0,,,,,,"",""
ball,1,48.5,Central Stags,BM Tickner,DAJ Bracewell,EJ Nuttall,0,0,,,,,,"",""
ball,1,48.6,Central Stags,BM Tickner,DAJ Bracewell,EJ Nuttall,0,0,,,,,,"",""
ball,1,49.1,Central Stags,DAJ Bracewell,BM Tickner,SB Davey,1,0,,,,,,"",""
ball,1,49.2,Central Stags,BM Tickner,DAJ Bracewell,SB Davey,0,0,,,,,,"",""
ball,1,49.3,Central Stags,BM Tickner,DAJ Bracewell,SB Davey,0,0,,,,,,"",""
ball,1,49.4,Central Stags,BM Tickner,DAJ Bracewell,SB Davey,0,0,,,,,,"",""
ball,1,49.5,Central Stags,BM Tickner,DAJ Bracewell,SB Davey,0,0,,,,,,"",""
ball,1,49.6,Central Stags,BM Tickner,DAJ Bracewell,SB Davey,0,0,,,,,,"",""
ball,1,50.1,Central Stags,DAJ Bracewell,BM Tickner,EJ Nuttall,0,0,,,,,,"",""
ball,1,50.2,Central Stags,DAJ Bracewell,BM Tickner,EJ Nuttall,0,0,,,,,,"",""
ball,1,50.3,Central Stags,DAJ Bracewell,BM Tickner,EJ Nuttall,0,0,,,,,,"",""
ball,1,50.4,Central Stags,DAJ Bracewell,BM Tickner,EJ Nuttall,1,0,,,,,,"",""
ball,1,50.5,Central Stags,BM Tickner,DAJ Bracewell,EJ Nuttall,0,0,,,,,,"",""
ball,1,50.6,Central Stags,BM Tickner,DAJ Bracewell,EJ Nuttall,0,0,,,,,,"",""
ball,1,51.1,Central Stags,DAJ Bracewell,BM Tickner,SB Davey,1,0,,,,,,"",""
ball,1,51.2,Central Stags,BM Tickner,DAJ Bracewell,SB Davey,0,0,,,,,,"",""
ball,1,51.3,Central Stags,BM Tickner,DAJ Bracewell,SB Davey,0,0,,,,,,"",""
ball,1,51.4,Central Stags,BM Tickner,DAJ Bracewell,SB Davey,0,0,,,,,,"",""
ball,1,51.5,Central Stags,BM Tickner,DAJ Bracewell,SB Davey,0,0,,,,,,"",""
ball,1,51.6,Central Stags,BM Tickner,DAJ Bracewell,SB Davey,0,0,,,,,,"",""
ball,1,52.1,Central Stags,DAJ Bracewell,BM Tickner,EJ Nuttall,0,0,,,,,,"",""
ball,1,52.2,Central Stags,DAJ Bracewell,BM Tickner,EJ Nuttall,0,0,,,,,,"",""
ball,1,52.3,Central Stags,DAJ Bracewell,BM Tickner,EJ Nuttall,1,0,,,,,,"",""
ball,1,52.4,Central Stags,BM Tickner,DAJ Bracewell,EJ Nuttall,1,0,,,,,,"",""
ball,1,52.5,Central Stags,DAJ Bracewell,BM Tickner,EJ Nuttall,1,0,,,,,,"",""
ball,1,52.6,Central Stags,BM Tickner,DAJ Bracewell,EJ Nuttall,1,0,,,,,,"",""
ball,1,53.1,Central Stags,BM Tickner,DAJ Bracewell,SB Davey,0,0,,,,,,"",""
ball,1,53.2,Central Stags,BM Tickner,DAJ Bracewell,SB Davey,0,0,,,,,,"",""
ball,1,53.3,Central Stags,BM Tickner,DAJ Bracewell,SB Davey,0,0,,,,,,"",""
ball,1,53.4,Central Stags,BM Tickner,DAJ Bracewell,SB Davey,0,0,,,,,,"",""
ball,1,53.5,Central Stags,BM Tickner,DAJ Bracewell,SB Davey,0,0,,,,,,"",""
ball,1,53.6,Central Stags,BM Tickner,DAJ Bracewell,SB Davey,0,0,,,,,,"",""
ball,1,54.1,Central Stags,DAJ Bracewell,BM Tickner,WSA Williams,0,0,,,,,,"",""
ball,1,54.2,Central Stags,DAJ Bracewell,BM Tickner,WSA Williams,0,0,,,,,,"",""
ball,1,54.3,Central Stags,DAJ Bracewell,BM Tickner,WSA Williams,0,0,,,,,,"",""
ball,1,54.4,Central Stags,DAJ Bracewell,BM Tickner,WSA Williams,0,0,,,,,,"",""
ball,1,54.5,Central Stags,DAJ Bracewell,BM Tickner,WSA Williams,0,0,,,,,,"",""
ball,1,54.6,Central Stags,DAJ Bracewell,BM Tickner,WSA Williams,0,0,,,,,,"",""
ball,1,55.1,Central Stags,BM Tickner,DAJ Bracewell,SB Davey,0,0,,,,,,"",""
ball,1,55.2,Central Stags,BM Tickner,DAJ Bracewell,SB Davey,0,0,,,,,,"",""
ball,1,55.3,Central Stags,BM Tickner,DAJ Bracewell,SB Davey,0,0,,,,,,"",""
ball,1,55.4,Central Stags,BM Tickner,DAJ Bracewell,SB Davey,0,0,,,,,,"",""
ball,1,55.5,Central Stags,BM Tickner,DAJ Bracewell,SB Davey,0,0,,,,,,"",""
ball,1,55.6,Central Stags,BM Tickner,DAJ Bracewell,SB Davey,0,0,,,,,,bowled,BM Tickner
ball,1,56.1,Central Stags,DAJ Bracewell,JR Lennox,WSA Williams,0,0,,,,,,"",""
ball,1,56.2,Central Stags,DAJ Bracewell,JR Lennox,WSA Williams,4,0,,,,,,"",""
ball,1,56.3,Central Stags,DAJ Bracewell,JR Lennox,WSA Williams,0,0,,,,,,"",""
ball,1,56.4,Central Stags,DAJ Bracewell,JR Lennox,WSA Williams,0,0,,,,,,"",""
ball,1,56.5,Central Stags,DAJ Bracewell,JR Lennox,WSA Williams,0,0,,,,,,"",""
ball,1,56.6,Central Stags,DAJ Bracewell,JR Lennox,WSA Williams,4,0,,,,,,"",""
ball,1,57.1,Central Stags,JR Lennox,DAJ Bracewell,SB Davey,0,0,,,,,,"",""
ball,1,57.2,Central Stags,JR Lennox,DAJ Bracewell,SB Davey,0,0,,,,,,"",""
ball,1,57.3,Central Stags,JR Lennox,DAJ Bracewell,SB Davey,1,0,,,,,,"",""
ball,1,57.4,Central Stags,DAJ Bracewell,JR Lennox,SB Davey,0,0,,,,,,"",""
ball,1,57.5,Central Stags,DAJ Bracewell,JR Lennox,SB Davey,3,0,,,,,,"",""
ball,1,57.6,Central Stags,JR Lennox,DAJ Bracewell,SB Davey,1,0,,,,,,"",""
ball,1,58.1,Central Stags,JR Lennox,DAJ Bracewell,FW Sheat,0,0,,,,,,"",""
ball,1,58.2,Central Stags,JR Lennox,DAJ Bracewell,FW Sheat,0,0,,,,,,"",""
ball,1,58.3,Central Stags,JR Lennox,DAJ Bracewell,FW Sheat,0,0,,,,,,"",""
ball,1,58.4,Central Stags,JR Lennox,DAJ Bracewell,FW Sheat,0,0,,,,,,"",""
ball,1,58.5,Central Stags,JR Lennox,DAJ Bracewell,FW Sheat,0,0,,,,,,"",""
ball,1,58.6,Central Stags,JR Lennox,DAJ Bracewell,FW Sheat,0,0,,,,,,"",""
ball,1,59.1,Central Stags,DAJ Bracewell,JR Lennox,CE McConchie,0,0,,,,,,"",""
ball,1,59.2,Central Stags,DAJ Bracewell,JR Lennox,CE McConchie,2,0,,,,,,"",""
ball,1,59.3,Central Stags,DAJ Bracewell,JR Lennox,CE McConchie,0,0,,,,,,"",""
ball,1,59.4,Central Stags,DAJ Bracewell,JR Lennox,CE McConchie,0,0,,,,,,"",""
ball,1,59.5,Central Stags,DAJ Bracewell,JR Lennox,CE McConchie,1,0,,,,,,"",""
ball,1,59.6,Central Stags,JR Lennox,DAJ Bracewell,CE McConchie,0,0,,,,,,"",""
ball,1,60.1,Central Stags,DAJ Bracewell,JR Lennox,FW Sheat,0,0,,,,,,"",""
ball,1,60.2,Central Stags,DAJ Bracewell,JR Lennox,FW Sheat,0,0,,,,,,"",""
ball,1,60.3,Central Stags,DAJ Bracewell,JR Lennox,FW Sheat,0,0,,,,,,"",""
ball,1,60.4,Central Stags,DAJ Bracewell,JR Lennox,FW Sheat,4,0,,,,,,"",""
ball,1,60.5,Central Stags,DAJ Bracewell,JR Lennox,FW Sheat,0,0,,,,,,"",""
ball,1,60.6,Central Stags,DAJ Bracewell,JR Lennox,FW Sheat,0,0,,,,,,"",""
ball,1,61.1,Central Stags,JR Lennox,DAJ Bracewell,CE McConchie,0,0,,,,,,"",""
ball,1,61.2,Central Stags,JR Lennox,DAJ Bracewell,CE McConchie,0,0,,,,,,"",""
ball,1,61.3,Central Stags,JR Lennox,DAJ Bracewell,CE McConchie,0,0,,,,,,"",""
ball,1,61.4,Central Stags,JR Lennox,DAJ Bracewell,CE McConchie,0,0,,,,,,"",""
ball,1,61.5,Central Stags,JR Lennox,DAJ Bracewell,CE McConchie,0,0,,,,,,"",""
ball,1,61.6,Central Stags,JR Lennox,DAJ Bracewell,CE McConchie,0,0,,,,,,"",""
ball,1,62.1,Central Stags,DAJ Bracewell,JR Lennox,EJ Nuttall,1,0,,,,,,"",""
ball,1,62.2,Central Stags,JR Lennox,DAJ Bracewell,EJ Nuttall,0,0,,,,,,"",""
ball,1,62.3,Central Stags,JR Lennox,DAJ Bracewell,EJ Nuttall,0,0,,,,,,"",""
ball,1,62.4,Central Stags,JR Lennox,DAJ Bracewell,EJ Nuttall,0,0,,,,,,"",""
ball,1,62.5,Central Stags,JR Lennox,DAJ Bracewell,EJ Nuttall,0,0,,,,,,"",""
ball,1,62.6,Central Stags,JR Lennox,DAJ Bracewell,EJ Nuttall,0,0,,,,,,"",""
ball,1,63.1,Central Stags,DAJ Bracewell,JR Lennox,FW Sheat,0,0,,,,,,"",""
ball,1,63.2,Central Stags,DAJ Bracewell,JR Lennox,FW Sheat,1,0,,,,,,"",""
ball,1,63.3,Central Stags,JR Lennox,DAJ Bracewell,FW Sheat,0,0,,,,,,"",""
ball,1,63.4,Central Stags,JR Lennox,DAJ Bracewell,FW Sheat,0,0,,,,,,"",""
ball,1,63.5,Central Stags,JR Lennox,DAJ Bracewell,FW Sheat,0,0,,,,,,"",""
ball,1,63.6,Central Stags,JR Lennox,DAJ Bracewell,FW Sheat,0,0,,,,,,"",""
ball,1,64.1,Central Stags,DAJ Bracewell,JR Lennox,EJ Nuttall,0,0,,,,,,"",""
ball,1,64.2,Central Stags,DAJ Bracewell,JR Lennox,EJ Nuttall,0,0,,,,,,"",""
ball,1,64.3,Central Stags,DAJ Bracewell,JR Lennox,EJ Nuttall,2,0,,,,,,"",""
ball,1,64.4,Central Stags,DAJ Bracewell,JR Lennox,EJ Nuttall,0,0,,,,,,"",""
ball,1,64.5,Central Stags,DAJ Bracewell,JR Lennox,EJ Nuttall,0,0,,,,,,"",""
ball,1,64.6,Central Stags,DAJ Bracewell,JR Lennox,EJ Nuttall,0,0,,,,,,"",""
ball,1,65.1,Central Stags,JR Lennox,DAJ Bracewell,FW Sheat,0,0,,,,,,"",""
ball,1,65.2,Central Stags,JR Lennox,DAJ Bracewell,FW Sheat,0,0,,,,,,"",""
ball,1,65.3,Central Stags,JR Lennox,DAJ Bracewell,FW Sheat,0,0,,,,,,"",""
ball,1,65.4,Central Stags,JR Lennox,DAJ Bracewell,FW Sheat,0,0,,,,,,"",""
ball,1,65.5,Central Stags,JR Lennox,DAJ Bracewell,FW Sheat,0,0,,,,,,"",""
ball,1,65.6,Central Stags,JR Lennox,DAJ Bracewell,FW Sheat,0,0,,,,,,"",""
ball,1,66.1,Central Stags,DAJ Bracewell,JR Lennox,EJ Nuttall,0,0,,,,,,"",""
ball,1,66.2,Central Stags,DAJ Bracewell,JR Lennox,EJ Nuttall,2,0,,,,,,"",""
ball,1,66.3,Central Stags,DAJ Bracewell,JR Lennox,EJ Nuttall,0,0,,,,,,"",""
ball,1,66.4,Central Stags,DAJ Bracewell,JR Lennox,EJ Nuttall,0,0,,,,,,"",""
ball,1,66.5,Central Stags,DAJ Bracewell,JR Lennox,EJ Nuttall,1,0,,,,,,"",""
ball,1,66.6,Central Stags,JR Lennox,DAJ Bracewell,EJ Nuttall,0,0,,,,,,"",""
ball,1,67.1,Central Stags,DAJ Bracewell,JR Lennox,FW Sheat,0,0,,,,,,"",""
ball,1,67.2,Central Stags,DAJ Bracewell,JR Lennox,FW Sheat,0,0,,,,,,"",""
ball,1,67.3,Central Stags,DAJ Bracewell,JR Lennox,FW Sheat,1,0,,,,,,"",""
ball,1,67.4,Central Stags,JR Lennox,DAJ Bracewell,FW Sheat,0,0,,,,,,"",""
ball,1,67.5,Central Stags,JR Lennox,DAJ Bracewell,FW Sheat,0,0,,,,,,"",""
ball,1,67.6,Central Stags,JR Lennox,DAJ Bracewell,FW Sheat,0,0,,,,,,"",""
ball,1,68.1,Central Stags,DAJ Bracewell,JR Lennox,TF van Woerkom,0,0,,,,,,"",""
ball,1,68.2,Central Stags,DAJ Bracewell,JR Lennox,TF van Woerkom,0,0,,,,,,"",""
ball,1,68.3,Central Stags,DAJ Bracewell,JR Lennox,TF van Woerkom,0,0,,,,,,"",""
ball,1,68.4,Central Stags,DAJ Bracewell,JR Lennox,TF van Woerkom,0,0,,,,,,"",""
ball,1,68.5,Central Stags,DAJ Bracewell,JR Lennox,TF van Woerkom,4,0,,,,,,"",""
ball,1,68.6,Central Stags,DAJ Bracewell,JR Lennox,TF van Woerkom,0,0,,,,,,"",""
ball,1,69.1,Central Stags,JR Lennox,DAJ Bracewell,FW Sheat,0,0,,,,,,"",""
ball,1,69.2,Central Stags,JR Lennox,DAJ Bracewell,FW Sheat,0,0,,,,,,"",""
ball,1,69.3,Central Stags,JR Lennox,DAJ Bracewell,FW Sheat,0,0,,,,,,"",""
ball,1,69.4,Central Stags,JR Lennox,DAJ Bracewell,FW Sheat,0,0,,,,,,"",""
ball,1,69.5,Central Stags,JR Lennox,DAJ Bracewell,FW Sheat,0,0,,,,,,"",""
ball,1,69.6,Central Stags,JR Lennox,DAJ Bracewell,FW Sheat,4,0,,,,,,"",""
ball,1,70.1,Central Stags,DAJ Bracewell,JR Lennox,TF van Woerkom,0,0,,,,,,"",""
ball,1,70.2,Central Stags,DAJ Bracewell,JR Lennox,TF van Woerkom,0,0,,,,,,"",""
ball,1,70.3,Central Stags,DAJ Bracewell,JR Lennox,TF van Woerkom,0,0,,,,,,"",""
ball,1,70.4,Central Stags,DAJ Bracewell,JR Lennox,TF van Woerkom,0,0,,,,,,"",""
ball,1,70.5,Central Stags,DAJ Bracewell,JR Lennox,TF van Woerkom,1,0,,,,,,"",""
ball,1,70.6,Central Stags,JR Lennox,DAJ Bracewell,TF van Woerkom,0,0,,,,,,"",""
ball,1,71.1,Central Stags,DAJ Bracewell,JR Lennox,SB Davey,1,0,,,,,,"",""
ball,1,71.2,Central Stags,JR Lennox,DAJ Bracewell,SB Davey,0,0,,,,,,"",""
ball,1,71.3,Central Stags,JR Lennox,DAJ Bracewell,SB Davey,0,0,,,,,,caught,JR Lennox
ball,1,71.4,Central Stags,RL Toole,DAJ Bracewell,SB Davey,0,0,,,,,,"",""
ball,1,71.5,Central Stags,RL Toole,DAJ Bracewell,SB Davey,0,0,,,,,,"",""
ball,1,71.6,Central Stags,RL Toole,DAJ Bracewell,SB Davey,0,0,,,,,,"",""
ball,1,72.1,Central Stags,DAJ Bracewell,RL Toole,TF van Woerkom,0,0,,,,,,"",""
ball,1,72.2,Central Stags,DAJ Bracewell,RL Toole,TF van Woerkom,1,0,,,,,,"",""
ball,1,72.3,Central Stags,RL Toole,DAJ Bracewell,TF van Woerkom,0,0,,,,,,"",""
ball,1,72.4,Central Stags,RL Toole,DAJ Bracewell,TF van Woerkom,0,0,,,,,,"",""
ball,1,72.5,Central Stags,RL Toole,DAJ Bracewell,TF van Woerkom,0,0,,,,,,"",""
ball,1,72.6,Central Stags,RL Toole,DAJ Bracewell,TF van Woerkom,0,0,,,,,,"",""
ball,1,73.1,Central Stags,DAJ Bracewell,RL Toole,SB Davey,1,0,,,,,,"",""
ball,1,73.2,Central Stags,RL Toole,DAJ Bracewell,SB Davey,0,0,,,,,,"",""
ball,1,73.3,Central Stags,RL Toole,DAJ Bracewell,SB Davey,0,0,,,,,,"",""
ball,1,73.4,Central Stags,RL Toole,DAJ Bracewell,SB Davey,0,0,,,,,,"",""
ball,1,73.5,Central Stags,RL Toole,DAJ Bracewell,SB Davey,0,0,,,,,,"",""
ball,1,73.6,Central Stags,RL Toole,DAJ Bracewell,SB Davey,0,0,,,,,,"",""
ball,1,74.1,Central Stags,DAJ Bracewell,RL Toole,TF van Woerkom,0,0,,,,,,"",""
ball,1,74.2,Central Stags,DAJ Bracewell,RL Toole,TF van Woerkom,1,0,,,,,,"",""
ball,1,74.3,Central Stags,RL Toole,DAJ Bracewell,TF van Woerkom,0,0,,,,,,"",""
ball,1,74.4,Central Stags,RL Toole,DAJ Bracewell,TF van Woerkom,0,0,,,,,,"",""
ball,1,74.5,Central Stags,RL Toole,DAJ Bracewell,TF van Woerkom,0,0,,,,,,"",""
ball,1,74.6,Central Stags,RL Toole,DAJ Bracewell,TF van Woerkom,0,0,,,,,,"",""
ball,1,75.1,Central Stags,DAJ Bracewell,RL Toole,SB Davey,0,0,,,,,,caught,DAJ Bracewell
ball,2,0.1,Canterbury,JCT Boyle,CJ Bowes,DAJ Bracewell,0,0,,,,,,"",""
ball,2,0.2,Canterbury,JCT Boyle,CJ Bowes,DAJ Bracewell,0,0,,,,,,"",""
ball,2,0.3,Canterbury,JCT Boyle,CJ Bowes,DAJ Bracewell,0,0,,,,,,"",""
ball,2,0.4,Canterbury,JCT Boyle,CJ Bowes,DAJ Bracewell,0,0,,,,,,"",""
ball,2,0.5,Canterbury,JCT Boyle,CJ Bowes,DAJ Bracewell,1,0,,,,,,"",""
ball,2,0.6,Canterbury,CJ Bowes,JCT Boyle,DAJ Bracewell,0,0,,,,,,"",""
ball,2,1.1,Canterbury,JCT Boyle,CJ Bowes,RL Toole,0,0,,,,,,"",""
ball,2,1.2,Canterbury,JCT Boyle,CJ Bowes,RL Toole,0,0,,,,,,"",""
ball,2,1.3,Canterbury,JCT Boyle,CJ Bowes,RL Toole,2,0,,,,,,"",""
ball,2,1.4,Canterbury,JCT Boyle,CJ Bowes,RL Toole,0,0,,,,,,"",""
ball,2,1.5,Canterbury,JCT Boyle,CJ Bowes,RL Toole,0,0,,,,,,"",""
ball,2,1.6,Canterbury,JCT Boyle,CJ Bowes,RL Toole,0,0,,,,,,"",""
ball,2,2.1,Canterbury,CJ Bowes,JCT Boyle,DAJ Bracewell,0,0,,,,,,"",""
ball,2,2.2,Canterbury,CJ Bowes,JCT Boyle,DAJ Bracewell,0,0,,,,,,"",""
ball,2,2.3,Canterbury,CJ Bowes,JCT Boyle,DAJ Bracewell,4,0,,,,,,"",""
ball,2,2.4,Canterbury,CJ Bowes,JCT Boyle,DAJ Bracewell,0,0,,,,,,"",""
ball,2,2.5,Canterbury,CJ Bowes,JCT Boyle,DAJ Bracewell,1,0,,,,,,"",""
ball,2,2.6,Canterbury,JCT Boyle,CJ Bowes,DAJ Bracewell,0,0,,,,,,"",""
ball,2,3.1,Canterbury,CJ Bowes,JCT Boyle,RL Toole,2,0,,,,,,"",""
ball,2,3.2,Canterbury,CJ Bowes,JCT Boyle,RL Toole,0,0,,,,,,"",""
ball,2,3.3,Canterbury,CJ Bowes,JCT Boyle,RL Toole,1,0,,,,,,"",""
ball,2,3.4,Canterbury,JCT Boyle,CJ Bowes,RL Toole,0,1,,,,1,,"",""
ball,2,3.5,Canterbury,CJ Bowes,JCT Boyle,RL Toole,0,0,,,,,,"",""
ball,2,3.6,Canterbury,CJ Bowes,JCT Boyle,RL Toole,0,0,,,,,,"",""
ball,2,4.1,Canterbury,JCT Boyle,CJ Bowes,DAJ Bracewell,1,0,,,,,,"",""
ball,2,4.2,Canterbury,CJ Bowes,JCT Boyle,DAJ Bracewell,0,0,,,,,,"",""
ball,2,4.3,Canterbury,CJ Bowes,JCT Boyle,DAJ Bracewell,4,0,,,,,,"",""
ball,2,4.4,Canterbury,CJ Bowes,JCT Boyle,DAJ Bracewell,0,0,,,,,,"",""
ball,2,4.5,Canterbury,CJ Bowes,JCT Boyle,DAJ Bracewell,0,0,,,,,,"",""
ball,2,4.6,Canterbury,CJ Bowes,JCT Boyle,DAJ Bracewell,0,0,,,,,,"",""
ball,2,5.1,Canterbury,JCT Boyle,CJ Bowes,RL Toole,0,0,,,,,,"",""
ball,2,5.2,Canterbury,JCT Boyle,CJ Bowes,RL Toole,0,0,,,,,,"",""
ball,2,5.3,Canterbury,JCT Boyle,CJ Bowes,RL Toole,0,0,,,,,,"",""
ball,2,5.4,Canterbury,JCT Boyle,CJ Bowes,RL Toole,0,0,,,,,,"",""
ball,2,5.5,Canterbury,JCT Boyle,CJ Bowes,RL Toole,0,0,,,,,,"",""
ball,2,5.6,Canterbury,JCT Boyle,CJ Bowes,RL Toole,0,0,,,,,,"",""
ball,2,6.1,Canterbury,CJ Bowes,JCT Boyle,DAJ Bracewell,0,0,,,,,,"",""
ball,2,6.2,Canterbury,CJ Bowes,JCT Boyle,DAJ Bracewell,1,0,,,,,,"",""
ball,2,6.3,Canterbury,JCT Boyle,CJ Bowes,DAJ Bracewell,0,0,,,,,,"",""
ball,2,6.4,Canterbury,JCT Boyle,CJ Bowes,DAJ Bracewell,0,0,,,,,,lbw,JCT Boyle
ball,2,6.5,Canterbury,KJ McClure,CJ Bowes,DAJ Bracewell,0,0,,,,,,"",""
ball,2,6.6,Canterbury,KJ McClure,CJ Bowes,DAJ Bracewell,0,0,,,,,,"",""
ball,2,7.1,Canterbury,CJ Bowes,KJ McClure,RL Toole,0,0,,,,,,"",""
ball,2,7.2,Canterbury,CJ Bowes,KJ McClure,RL Toole,4,0,,,,,,"",""
ball,2,7.3,Canterbury,CJ Bowes,KJ McClure,RL Toole,0,0,,,,,,"",""
ball,2,7.4,Canterbury,CJ Bowes,KJ McClure,RL Toole,0,0,,,,,,"",""
ball,2,7.5,Canterbury,CJ Bowes,KJ McClure,RL Toole,1,0,,,,,,"",""
ball,2,7.6,Canterbury,KJ McClure,CJ Bowes,RL Toole,0,0,,,,,,caught,KJ McClure
ball,2,8.1,Canterbury,CJ Bowes,CE McConchie,DAJ Bracewell,0,0,,,,,,"",""
ball,2,8.2,Canterbury,CJ Bowes,CE McConchie,DAJ Bracewell,0,0,,,,,,"",""
ball,2,8.3,Canterbury,CJ Bowes,CE McConchie,DAJ Bracewell,0,1,,,,1,,"",""
ball,2,8.4,Canterbury,CE McConchie,CJ Bowes,DAJ Bracewell,1,0,,,,,,"",""
ball,2,8.5,Canterbury,CJ Bowes,CE McConchie,DAJ Bracewell,0,0,,,,,,"",""
ball,2,8.6,Canterbury,CJ Bowes,CE McConchie,DAJ Bracewell,0,0,,,,,,"",""
ball,2,9.1,Canterbury,CE McConchie,CJ Bowes,RL Toole,0,0,,,,,,"",""
ball,2,9.2,Canterbury,CE McConchie,CJ Bowes,RL Toole,0,0,,,,,,"",""
ball,2,9.3,Canterbury,CE McConchie,CJ Bowes,RL Toole,0,0,,,,,,"",""
ball,2,9.4,Canterbury,CE McConchie,CJ Bowes,RL Toole,0,0,,,,,,"",""
ball,2,9.5,Canterbury,CE McConchie,CJ Bowes,RL Toole,0,0,,,,,,"",""
ball,2,9.6,Canterbury,CE McConchie,CJ Bowes,RL Toole,1,0,,,,,,"",""
ball,2,10.1,Canterbury,CE McConchie,CJ Bowes,BM Tickner,1,0,,,,,,"",""
ball,2,10.2,Canterbury,CJ Bowes,CE McConchie,BM Tickner,0,0,,,,,,"",""
ball,2,10.3,Canterbury,CJ Bowes,CE McConchie,BM Tickner,0,0,,,,,,"",""
ball,2,10.4,Canterbury,CJ Bowes,CE McConchie,BM Tickner,4,0,,,,,,"",""
ball,2,10.5,Canterbury,CJ Bowes,CE McConchie,BM Tickner,2,0,,,,,,"",""
ball,2,10.6,Canterbury,CJ Bowes,CE McConchie,BM Tickner,4,0,,,,,,"",""
ball,2,11.1,Canterbury,CE McConchie,CJ Bowes,RL Toole,0,0,,,,,,"",""
ball,2,11.2,Canterbury,CE McConchie,CJ Bowes,RL Toole,1,0,,,,,,"",""
ball,2,11.3,Canterbury,CJ Bowes,CE McConchie,RL Toole,4,0,,,,,,"",""
ball,2,11.4,Canterbury,CJ Bowes,CE McConchie,RL Toole,3,0,,,,,,"",""
ball,2,11.5,Canterbury,CE McConchie,CJ Bowes,RL Toole,0,0,,,,,,"",""
ball,2,11.6,Canterbury,CE McConchie,CJ Bowes,RL Toole,0,0,,,,,,"",""
ball,2,12.1,Canterbury,CJ Bowes,CE McConchie,BM Tickner,1,0,,,,,,"",""
ball,2,12.2,Canterbury,CE McConchie,CJ Bowes,BM Tickner,1,0,,,,,,"",""
ball,2,12.3,Canterbury,CJ Bowes,CE McConchie,BM Tickner,0,0,,,,,,"",""
ball,2,12.4,Canterbury,CJ Bowes,CE McConchie,BM Tickner,4,0,,,,,,"",""
ball,2,12.5,Canterbury,CJ Bowes,CE McConchie,BM Tickner,1,0,,,,,,"",""
ball,2,12.6,Canterbury,CE McConchie,CJ Bowes,BM Tickner,0,0,,,,,,"",""
ball,2,13.1,Canterbury,CJ Bowes,CE McConchie,DAJ Bracewell,0,0,,,,,,"",""
ball,2,13.2,Canterbury,CJ Bowes,CE McConchie,DAJ Bracewell,1,0,,,,,,"",""
ball,2,13.3,Canterbury,CE McConchie,CJ Bowes,DAJ Bracewell,0,0,,,,,,"",""
ball,2,13.4,Canterbury,CE McConchie,CJ Bowes,DAJ Bracewell,1,0,,,,,,"",""
ball,2,13.5,Canterbury,CJ Bowes,CE McConchie,DAJ Bracewell,0,0,,,,,,"",""
ball,2,13.6,Canterbury,CJ Bowes,CE McConchie,DAJ Bracewell,0,0,,,,,,"",""
ball,2,14.1,Canterbury,CE McConchie,CJ Bowes,BM Tickner,0,0,,,,,,"",""
ball,2,14.2,Canterbury,CE McConchie,CJ Bowes,BM Tickner,0,0,,,,,,"",""
ball,2,14.3,Canterbury,CE McConchie,CJ Bowes,BM Tickner,0,0,,,,,,"",""
ball,2,14.4,Canterbury,CE McConchie,CJ Bowes,BM Tickner,2,0,,,,,,"",""
ball,2,14.5,Canterbury,CE McConchie,CJ Bowes,BM Tickner,0,0,,,,,,"",""
ball,2,14.6,Canterbury,CE McConchie,CJ Bowes,BM Tickner,0,0,,,,,,"",""
ball,2,15.1,Canterbury,CJ Bowes,CE McConchie,DAJ Bracewell,0,0,,,,,,"",""
ball,2,15.2,Canterbury,CJ Bowes,CE McConchie,DAJ Bracewell,0,0,,,,,,"",""
ball,2,15.3,Canterbury,CJ Bowes,CE McConchie,DAJ Bracewell,0,0,,,,,,"",""
ball,2,15.4,Canterbury,CJ Bowes,CE McConchie,DAJ Bracewell,2,1,,1,,,,"",""
ball,2,15.5,Canterbury,CJ Bowes,CE McConchie,DAJ Bracewell,0,0,,,,,,"",""
ball,2,15.6,Canterbury,CJ Bowes,CE McConchie,DAJ Bracewell,2,0,,,,,,"",""
ball,2,15.7,Canterbury,CJ Bowes,CE McConchie,DAJ Bracewell,0,0,,,,,,"",""
ball,2,16.1,Canterbury,CE McConchie,CJ Bowes,BM Tickner,0,0,,,,,,"",""
ball,2,16.2,Canterbury,CE McConchie,CJ Bowes,BM Tickner,0,0,,,,,,"",""
ball,2,16.3,Canterbury,CE McConchie,CJ Bowes,BM Tickner,0,0,,,,,,"",""
ball,2,16.4,Canterbury,CE McConchie,CJ Bowes,BM Tickner,0,0,,,,,,"",""
ball,2,16.5,Canterbury,CE McConchie,CJ Bowes,BM Tickner,0,0,,,,,,"",""
ball,2,16.6,Canterbury,CE McConchie,CJ Bowes,BM Tickner,0,0,,,,,,"",""
ball,2,17.1,Canterbury,CJ Bowes,CE McConchie,DAJ Bracewell,0,0,,,,,,"",""
ball,2,17.2,Canterbury,CJ Bowes,CE McConchie,DAJ Bracewell,0,0,,,,,,"",""
ball,2,17.3,Canterbury,CJ Bowes,CE McConchie,DAJ Bracewell,0,0,,,,,,"",""
ball,2,17.4,Canterbury,CJ Bowes,CE McConchie,DAJ Bracewell,0,0,,,,,,"",""
ball,2,17.5,Canterbury,CJ Bowes,CE McConchie,DAJ Bracewell,0,0,,,,,,run out,CJ Bowes
ball,2,17.6,Canterbury,CE McConchie,LJ Carter,DAJ Bracewell,0,0,,,,,,"",""
ball,2,18.1,Canterbury,LJ Carter,CE McConchie,BM Tickner,0,0,,,,,,"",""
ball,2,18.2,Canterbury,LJ Carter,CE McConchie,BM Tickner,0,0,,,,,,"",""
ball,2,18.3,Canterbury,LJ Carter,CE McConchie,BM Tickner,1,0,,,,,,"",""
ball,2,18.4,Canterbury,CE McConchie,LJ Carter,BM Tickner,3,0,,,,,,"",""
ball,2,18.5,Canterbury,LJ Carter,CE McConchie,BM Tickner,1,0,,,,,,"",""
ball,2,18.6,Canterbury,CE McConchie,LJ Carter,BM Tickner,1,0,,,,,,"",""
ball,2,19.1,Canterbury,CE McConchie,LJ Carter,DAJ Bracewell,0,0,,,,,,"",""
ball,2,19.2,Canterbury,CE McConchie,LJ Carter,DAJ Bracewell,0,0,,,,,,"",""
ball,2,19.3,Canterbury,CE McConchie,LJ Carter,DAJ Bracewell,0,0,,,,,,"",""
ball,2,19.4,Canterbury,CE McConchie,LJ Carter,DAJ Bracewell,0,0,,,,,,"",""
ball,2,19.5,Canterbury,CE McConchie,LJ Carter,DAJ Bracewell,0,0,,,,,,"",""
ball,2,19.6,Canterbury,CE McConchie,LJ Carter,DAJ Bracewell,0,0,,,,,,"",""
ball,2,20.1,Canterbury,LJ Carter,CE McConchie,BM Tickner,2,0,,,,,,"",""
ball,2,20.2,Canterbury,LJ Carter,CE McConchie,BM Tickner,0,0,,,,,,"",""
ball,2,20.3,Canterbury,LJ Carter,CE McConchie,BM Tickner,4,0,,,,,,"",""
ball,2,20.4,Canterbury,LJ Carter,CE McConchie,BM Tickner,1,0,,,,,,"",""
ball,2,20.5,Canterbury,CE McConchie,LJ Carter,BM Tickner,4,0,,,,,,"",""
ball,2,20.6,Canterbury,CE McConchie,LJ Carter,BM Tickner,0,0,,,,,,"",""
ball,2,21.1,Canterbury,LJ Carter,CE McConchie,DAJ Bracewell,0,0,,,,,,"",""
ball,2,21.2,Canterbury,LJ Carter,CE McConchie,DAJ Bracewell,0,0,,,,,,"",""
ball,2,21.3,Canterbury,LJ Carter,CE McConchie,DAJ Bracewell,0,0,,,,,,"",""
ball,2,21.4,Canterbury,LJ Carter,CE McConchie,DAJ Bracewell,0,0,,,,,,"",""
ball,2,21.5,Canterbury,LJ Carter,CE McConchie,DAJ Bracewell,0,0,,,,,,"",""
ball,2,21.6,Canterbury,LJ Carter,CE McConchie,DAJ Bracewell,0,0,,,,,,"",""
ball,2,22.1,Canterbury,CE McConchie,LJ Carter,BM Tickner,0,0,,,,,,"",""
ball,2,22.2,Canterbury,CE McConchie,LJ Carter,BM Tickner,0,0,,,,,,"",""
ball,2,22.3,Canterbury,CE McConchie,LJ Carter,BM Tickner,2,0,,,,,,"",""
ball,2,22.4,Canterbury,CE McConchie,LJ Carter,BM Tickner,1,0,,,,,,"",""
ball,2,22.5,Canterbury,LJ Carter,CE McConchie,BM Tickner,0,0,,,,,,"",""
ball,2,22.6,Canterbury,LJ Carter,CE McConchie,BM Tickner,1,0,,,,,,"",""
ball,2,23.1,Canterbury,LJ Carter,CE McConchie,DAJ Bracewell,0,0,,,,,,"",""
ball,2,23.2,Canterbury,LJ Carter,CE McConchie,DAJ Bracewell,0,0,,,,,,caught and bowled,LJ Carter
ball,2,23.3,Canterbury,CD Fletcher,CE McConchie,DAJ Bracewell,0,0,,,,,,"",""
ball,2,23.4,Canterbury,CD Fletcher,CE McConchie,DAJ Bracewell,0,0,,,,,,"",""
ball,2,23.5,Canterbury,CD Fletcher,CE McConchie,DAJ Bracewell,4,0,,,,,,"",""
ball,2,23.6,Canterbury,CD Fletcher,CE McConchie,DAJ Bracewell,0,0,,,,,,"",""
ball,2,24.1,Canterbury,CE McConchie,CD Fletcher,BM Tickner,0,0,,,,,,"",""
ball,2,24.2,Canterbury,CE McConchie,CD Fletcher,BM Tickner,1,0,,,,,,"",""
ball,2,24.3,Canterbury,CD Fletcher,CE McConchie,BM Tickner,0,0,,,,,,"",""
ball,2,24.4,Canterbury,CD Fletcher,CE McConchie,BM Tickner,4,0,,,,,,"",""
ball,2,24.5,Canterbury,CD Fletcher,CE McConchie,BM Tickner,4,0,,,,,,"",""
ball,2,24.6,Canterbury,CD Fletcher,CE McConchie,BM Tickner,0,0,,,,,,"",""
ball,2,25.1,Canterbury,CE McConchie,CD Fletcher,DAJ Bracewell,0,0,,,,,,"",""
ball,2,25.2,Canterbury,CE McConchie,CD Fletcher,DAJ Bracewell,0,0,,,,,,"",""
ball,2,25.3,Canterbury,CE McConchie,CD Fletcher,DAJ Bracewell,0,0,,,,,,"",""
ball,2,25.4,Canterbury,CE McConchie,CD Fletcher,DAJ Bracewell,0,0,,,,,,"",""
ball,2,25.5,Canterbury,CE McConchie,CD Fletcher,DAJ Bracewell,2,0,,,,,,"",""
ball,2,25.6,Canterbury,CE McConchie,CD Fletcher,DAJ Bracewell,0,0,,,,,,"",""
ball,2,26.1,Canterbury,CD Fletcher,CE McConchie,RL Toole,0,0,,,,,,"",""
ball,2,26.2,Canterbury,CD Fletcher,CE McConchie,RL Toole,0,0,,,,,,"",""
ball,2,26.3,Canterbury,CD Fletcher,CE McConchie,RL Toole,0,0,,,,,,"",""
ball,2,26.4,Canterbury,CD Fletcher,CE McConchie,RL Toole,0,0,,,,,,"",""
ball,2,26.5,Canterbury,CD Fletcher,CE McConchie,RL Toole,0,0,,,,,,"",""
ball,2,26.6,Canterbury,CD Fletcher,CE McConchie,RL Toole,0,0,,,,,,"",""
ball,2,27.1,Canterbury,CE McConchie,CD Fletcher,DAJ Bracewell,0,0,,,,,,"",""
ball,2,27.2,Canterbury,CE McConchie,CD Fletcher,DAJ Bracewell,0,0,,,,,,"",""
ball,2,27.3,Canterbury,CE McConchie,CD Fletcher,DAJ Bracewell,0,0,,,,,,"",""
ball,2,27.4,Canterbury,CE McConchie,CD Fletcher,DAJ Bracewell,0,0,,,,,,"",""
ball,2,27.5,Canterbury,CE McConchie,CD Fletcher,DAJ Bracewell,0,0,,,,,,"",""
ball,2,27.6,Canterbury,CE McConchie,CD Fletcher,DAJ Bracewell,0,0,,,,,,"",""
ball,2,28.1,Canterbury,CD Fletcher,CE McConchie,RL Toole,0,0,,,,,,"",""
ball,2,28.2,Canterbury,CD Fletcher,CE McConchie,RL Toole,0,0,,,,,,"",""
ball,2,28.3,Canterbury,CD Fletcher,CE McConchie,RL Toole,0,0,,,,,,"",""
ball,2,28.4,Canterbury,CD Fletcher,CE McConchie,RL Toole,0,0,,,,,,"",""
ball,2,28.5,Canterbury,CD Fletcher,CE McConchie,RL Toole,3,0,,,,,,"",""
ball,2,28.6,Canterbury,CE McConchie,CD Fletcher,RL Toole,0,0,,,,,,"",""
ball,2,29.1,Canterbury,CD Fletcher,CE McConchie,DAJ Bracewell,0,1,,,,1,,"",""
ball,2,29.2,Canterbury,CE McConchie,CD Fletcher,DAJ Bracewell,0,0,,,,,,"",""
ball,2,29.3,Canterbury,CE McConchie,CD Fletcher,DAJ Bracewell,0,0,,,,,,"",""
ball,2,29.4,Canterbury,CE McConchie,CD Fletcher,DAJ Bracewell,0,0,,,,,,"",""
ball,2,29.5,Canterbury,CE McConchie,CD Fletcher,DAJ Bracewell,4,0,,,,,,"",""
ball,2,29.6,Canterbury,CE McConchie,CD Fletcher,DAJ Bracewell,0,0,,,,,,"",""
ball,2,30.1,Canterbury,CD Fletcher,CE McConchie,RL Toole,0,0,,,,,,"",""
ball,2,30.2,Canterbury,CD Fletcher,CE McConchie,RL Toole,0,0,,,,,,"",""
ball,2,30.3,Canterbury,CD Fletcher,CE McConchie,RL Toole,0,0,,,,,,"",""
ball,2,30.4,Canterbury,CD Fletcher,CE McConchie,RL Toole,4,0,,,,,,"",""
ball,2,30.5,Canterbury,CD Fletcher,CE McConchie,RL Toole,2,0,,,,,,"",""
ball,2,30.6,Canterbury,CD Fletcher,CE McConchie,RL Toole,0,0,,,,,,"",""
ball,2,31.1,Canterbury,CE McConchie,CD Fletcher,DAJ Bracewell,0,0,,,,,,"",""
ball,2,31.2,Canterbury,CE McConchie,CD Fletcher,DAJ Bracewell,0,0,,,,,,"",""
ball,2,31.3,Canterbury,CE McConchie,CD Fletcher,DAJ Bracewell,0,0,,,,,,"",""
ball,2,31.4,Canterbury,CE McConchie,CD Fletcher,DAJ Bracewell,0,0,,,,,,"",""
ball,2,31.5,Canterbury,CE McConchie,CD Fletcher,DAJ Bracewell,0,0,,,,,,"",""
ball,2,31.6,Canterbury,CE McConchie,CD Fletcher,DAJ Bracewell,0,0,,,,,,"",""
ball,2,32.1,Canterbury,CD Fletcher,CE McConchie,RL Toole,0,0,,,,,,"",""
ball,2,32.2,Canterbury,CD Fletcher,CE McConchie,RL Toole,0,0,,,,,,"",""
ball,2,32.3,Canterbury,CD Fletcher,CE McConchie,RL Toole,4,0,,,,,,"",""
ball,2,32.4,Canterbury,CD Fletcher,CE McConchie,RL Toole,0,0,,,,,,"",""
ball,2,32.5,Canterbury,CD Fletcher,CE McConchie,RL Toole,0,0,,,,,,"",""
ball,2,32.6,Canterbury,CD Fletcher,CE McConchie,RL Toole,1,0,,,,,,"",""
ball,2,33.1,Canterbury,CD Fletcher,CE McConchie,JA Clarkson,0,0,,,,,,"",""
ball,2,33.2,Canterbury,CD Fletcher,CE McConchie,JA Clarkson,0,0,,,,,,"",""
ball,2,33.3,Canterbury,CD Fletcher,CE McConchie,JA Clarkson,0,0,,,,,,"",""
ball,2,33.4,Canterbury,CD Fletcher,CE McConchie,JA Clarkson,0,0,,,,,,"",""
ball,2,33.5,Canterbury,CD Fletcher,CE McConchie,JA Clarkson,0,0,,,,,,"",""
ball,2,33.6,Canterbury,CD Fletcher,CE McConchie,JA Clarkson,0,0,,,,,,"",""
ball,2,34.1,Canterbury,CE McConchie,CD Fletcher,RL Toole,1,0,,,,,,"",""
ball,2,34.2,Canterbury,CD Fletcher,CE McConchie,RL Toole,0,0,,,,,,"",""
ball,2,34.3,Canterbury,CD Fletcher,CE McConchie,RL Toole,0,0,,,,,,"",""
ball,2,34.4,Canterbury,CD Fletcher,CE McConchie,RL Toole,0,0,,,,,,"",""
ball,2,34.5,Canterbury,CD Fletcher,CE McConchie,RL Toole,0,0,,,,,,"",""
ball,2,34.6,Canterbury,CD Fletcher,CE McConchie,RL Toole,0,0,,,,,,"",""
ball,2,35.1,Canterbury,CE McConchie,CD Fletcher,JA Clarkson,1,0,,,,,,"",""
ball,2,35.2,Canterbury,CD Fletcher,CE McConchie,JA Clarkson,0,0,,,,,,"",""
ball,2,35.3,Canterbury,CD Fletcher,CE McConchie,JA Clarkson,0,0,,,,,,"",""
ball,2,35.4,Canterbury,CD Fletcher,CE McConchie,JA Clarkson,0,0,,,,,,"",""
ball,2,35.5,Canterbury,CD Fletcher,CE McConchie,JA Clarkson,0,1,1,,,,,"",""
ball,2,35.6,Canterbury,CD Fletcher,CE McConchie,JA Clarkson,0,0,,,,,,"",""
ball,2,35.7,Canterbury,CD Fletcher,CE McConchie,JA Clarkson,1,0,,,,,,"",""
ball,2,36.1,Canterbury,CD Fletcher,CE McConchie,RL Toole,3,0,,,,,,"",""
ball,2,36.2,Canterbury,CE McConchie,CD Fletcher,RL Toole,0,0,,,,,,"",""
ball,2,36.3,Canterbury,CE McConchie,CD Fletcher,RL Toole,0,0,,,,,,"",""
ball,2,36.4,Canterbury,CE McConchie,CD Fletcher,RL Toole,0,0,,,,,,"",""
ball,2,36.5,Canterbury,CE McConchie,CD Fletcher,RL Toole,0,0,,,,,,"",""
ball,2,36.6,Canterbury,CE McConchie,CD Fletcher,RL Toole,2,0,,,,,,"",""
ball,2,37.1,Canterbury,CD Fletcher,CE McConchie,JA Clarkson,0,0,,,,,,"",""
ball,2,37.2,Canterbury,CD Fletcher,CE McConchie,JA Clarkson,0,0,,,,,,"",""
ball,2,37.3,Canterbury,CD Fletcher,CE McConchie,JA Clarkson,4,0,,,,,,"",""
ball,2,37.4,Canterbury,CD Fletcher,CE McConchie,JA Clarkson,0,0,,,,,,"",""
ball,2,37.5,Canterbury,CD Fletcher,CE McConchie,JA Clarkson,0,0,,,,,,"",""
ball,2,37.6,Canterbury,CD Fletcher,CE McConchie,JA Clarkson,0,0,,,,,,"",""
ball,2,38.1,Canterbury,CE McConchie,CD Fletcher,RL Toole,0,0,,,,,,"",""
ball,2,38.2,Canterbury,CE McConchie,CD Fletcher,RL Toole,0,1,1,,,,,"",""
ball,2,38.3,Canterbury,CE McConchie,CD Fletcher,RL Toole,0,0,,,,,,"",""
ball,2,38.4,Canterbury,CE McConchie,CD Fletcher,RL Toole,0,0,,,,,,"",""
ball,2,38.5,Canterbury,CE McConchie,CD Fletcher,RL Toole,0,0,,,,,,"",""
ball,2,38.6,Canterbury,CE McConchie,CD Fletcher,RL Toole,0,0,,,,,,"",""
ball,2,38.7,Canterbury,CE McConchie,CD Fletcher,RL Toole,0,0,,,,,,"",""
ball,2,39.1,Canterbury,CD Fletcher,CE McConchie,JA Clarkson,0,0,,,,,,"",""
ball,2,39.2,Canterbury,CD Fletcher,CE McConchie,JA Clarkson,2,0,,,,,,"",""
ball,2,39.3,Canterbury,CD Fletcher,CE McConchie,JA Clarkson,1,0,,,,,,"",""
ball,2,39.4,Canterbury,CE McConchie,CD Fletcher,JA Clarkson,0,0,,,,,,"",""
ball,2,39.5,Canterbury,CE McConchie,CD Fletcher,JA Clarkson,1,0,,,,,,"",""
ball,2,39.6,Canterbury,CD Fletcher,CE McConchie,JA Clarkson,0,0,,,,,,"",""
ball,2,40.1,Canterbury,CE McConchie,CD Fletcher,JR Lennox,2,0,,,,,,"",""
ball,2,40.2,Canterbury,CE McConchie,CD Fletcher,JR Lennox,0,0,,,,,,"",""
ball,2,40.3,Canterbury,CE McConchie,CD Fletcher,JR Lennox,6,0,,,,,,"",""
ball,2,40.4,Canterbury,CE McConchie,CD Fletcher,JR Lennox,6,0,,,,,,"",""
ball,2,40.5,Canterbury,CE McConchie,CD Fletcher,JR Lennox,1,0,,,,,,"",""
ball,2,40.6,Canterbury,CD Fletcher,CE McConchie,JR Lennox,0,0,,,,,,"",""
ball,2,41.1,Canterbury,CE McConchie,CD Fletcher,JA Clarkson,1,0,,,,,,"",""
ball,2,41.2,Canterbury,CD Fletcher,CE McConchie,JA Clarkson,0,0,,,,,,"",""
ball,2,41.3,Canterbury,CD Fletcher,CE McConchie,JA Clarkson,0,0,,,,,,"",""
ball,2,41.4,Canterbury,CD Fletcher,CE McConchie,JA Clarkson,0,0,,,,,,"",""
ball,2,41.5,Canterbury,CD Fletcher,CE McConchie,JA Clarkson,0,0,,,,,,"",""
ball,2,41.6,Canterbury,CD Fletcher,CE McConchie,JA Clarkson,0,0,,,,,,"",""
ball,2,42.1,Canterbury,CE McConchie,CD Fletcher,JR Lennox,0,0,,,,,,"",""
ball,2,42.2,Canterbury,CE McConchie,CD Fletcher,JR Lennox,0,0,,,,,,"",""
ball,2,42.3,Canterbury,CE McConchie,CD Fletcher,JR Lennox,0,0,,,,,,"",""
ball,2,42.4,Canterbury,CE McConchie,CD Fletcher,JR Lennox,0,0,,,,,,"",""
ball,2,42.5,Canterbury,CE McConchie,CD Fletcher,JR Lennox,0,0,,,,,,"",""
ball,2,42.6,Canterbury,CE McConchie,CD Fletcher,JR Lennox,0,0,,,,,,"",""
ball,2,43.1,Canterbury,CD Fletcher,CE McConchie,JA Clarkson,0,0,,,,,,"",""
ball,2,43.2,Canterbury,CD Fletcher,CE McConchie,JA Clarkson,0,0,,,,,,"",""
ball,2,43.3,Canterbury,CD Fletcher,CE McConchie,JA Clarkson,0,0,,,,,,"",""
ball,2,43.4,Canterbury,CD Fletcher,CE McConchie,JA Clarkson,1,0,,,,,,"",""
ball,2,43.5,Canterbury,CE McConchie,CD Fletcher,JA Clarkson,0,0,,,,,,"",""
ball,2,43.6,Canterbury,CE McConchie,CD Fletcher,JA Clarkson,3,0,,,,,,"",""
ball,2,44.1,Canterbury,CE McConchie,CD Fletcher,JR Lennox,0,0,,,,,,"",""
ball,2,44.2,Canterbury,CE McConchie,CD Fletcher,JR Lennox,1,0,,,,,,"",""
ball,2,44.3,Canterbury,CD Fletcher,CE McConchie,JR Lennox,0,0,,,,,,"",""
ball,2,44.4,Canterbury,CD Fletcher,CE McConchie,JR Lennox,4,0,,,,,,"",""
ball,2,44.5,Canterbury,CD Fletcher,CE McConchie,JR Lennox,0,0,,,,,,"",""
ball,2,44.6,Canterbury,CD Fletcher,CE McConchie,JR Lennox,0,0,,,,,,"",""
ball,2,45.1,Canterbury,CE McConchie,CD Fletcher,BM Tickner,2,0,,,,,,"",""
ball,2,45.2,Canterbury,CE McConchie,CD Fletcher,BM Tickner,1,0,,,,,,"",""
ball,2,45.3,Canterbury,CD Fletcher,CE McConchie,BM Tickner,1,0,,,,,,"",""
ball,2,45.4,Canterbury,CE McConchie,CD Fletcher,BM Tickner,0,0,,,,,,"",""
ball,2,45.5,Canterbury,CE McConchie,CD Fletcher,BM Tickner,4,0,,,,,,"",""
ball,2,45.6,Canterbury,CE McConchie,CD Fletcher,BM Tickner,0,0,,,,,,"",""
ball,2,46.1,Canterbury,CD Fletcher,CE McConchie,JR Lennox,0,0,,,,,,"",""
ball,2,46.2,Canterbury,CD Fletcher,CE McConchie,JR Lennox,0,0,,,,,,"",""
ball,2,46.3,Canterbury,CD Fletcher,CE McConchie,JR Lennox,0,0,,,,,,"",""
ball,2,46.4,Canterbury,CD Fletcher,CE McConchie,JR Lennox,0,0,,,,,,"",""
ball,2,46.5,Canterbury,CD Fletcher,CE McConchie,JR Lennox,0,0,,,,,,"",""
ball,2,46.6,Canterbury,CD Fletcher,CE McConchie,JR Lennox,0,0,,,,,,"",""
ball,2,47.1,Canterbury,CE McConchie,CD Fletcher,BM Tickner,4,0,,,,,,"",""
ball,2,47.2,Canterbury,CE McConchie,CD Fletcher,BM Tickner,0,0,,,,,,"",""
ball,2,47.3,Canterbury,CE McConchie,CD Fletcher,BM Tickner,2,0,,,,,,"",""
ball,2,47.4,Canterbury,CE McConchie,CD Fletcher,BM Tickner,0,0,,,,,,"",""
ball,2,47.5,Canterbury,CE McConchie,CD Fletcher,BM Tickner,0,0,,,,,,"",""
ball,2,47.6,Canterbury,CE McConchie,CD Fletcher,BM Tickner,1,0,,,,,,"",""
ball,2,48.1,Canterbury,CE McConchie,CD Fletcher,JR Lennox,1,0,,,,,,"",""
ball,2,48.2,Canterbury,CD Fletcher,CE McConchie,JR Lennox,0,0,,,,,,"",""
ball,2,48.3,Canterbury,CD Fletcher,CE McConchie,JR Lennox,0,0,,,,,,"",""
ball,2,48.4,Canterbury,CD Fletcher,CE McConchie,JR Lennox,1,0,,,,,,"",""
ball,2,48.5,Canterbury,CE McConchie,CD Fletcher,JR Lennox,0,0,,,,,,"",""
ball,2,48.6,Canterbury,CE McConchie,CD Fletcher,JR Lennox,0,0,,,,,,"",""
ball,2,49.1,Canterbury,CD Fletcher,CE McConchie,BM Tickner,0,0,,,,,,"",""
ball,2,49.2,Canterbury,CD Fletcher,CE McConchie,BM Tickner,0,0,,,,,,"",""
ball,2,49.3,Canterbury,CD Fletcher,CE McConchie,BM Tickner,4,0,,,,,,"",""
ball,2,49.4,Canterbury,CD Fletcher,CE McConchie,BM Tickner,0,0,,,,,,"",""
ball,2,49.5,Canterbury,CD Fletcher,CE McConchie,BM Tickner,0,0,,,,,,"",""
ball,2,49.6,Canterbury,CD Fletcher,CE McConchie,BM Tickner,0,0,,,,,,"",""
ball,2,50.1,Canterbury,CE McConchie,CD Fletcher,JR Lennox,0,0,,,,,,"",""
ball,2,50.2,Canterbury,CE McConchie,CD Fletcher,JR Lennox,0,0,,,,,,"",""
ball,2,50.3,Canterbury,CE McConchie,CD Fletcher,JR Lennox,0,0,,,,,,"",""
ball,2,50.4,Canterbury,CE McConchie,CD Fletcher,JR Lennox,0,0,,,,,,"",""
ball,2,50.5,Canterbury,CE McConchie,CD Fletcher,JR Lennox,3,0,,,,,,"",""
ball,2,50.6,Canterbury,CD Fletcher,CE McConchie,JR Lennox,0,0,,,,,,"",""
ball,2,51.1,Canterbury,CE McConchie,CD Fletcher,BM Tickner,2,0,,,,,,"",""
ball,2,51.2,Canterbury,CE McConchie,CD Fletcher,BM Tickner,2,0,,,,,,"",""
ball,2,51.3,Canterbury,CE McConchie,CD Fletcher,BM Tickner,0,0,,,,,,"",""
ball,2,51.4,Canterbury,CE McConchie,CD Fletcher,BM Tickner,1,0,,,,,,"",""
ball,2,51.5,Canterbury,CD Fletcher,CE McConchie,BM Tickner,1,0,,,,,,"",""
ball,2,51.6,Canterbury,CE McConchie,CD Fletcher,BM Tickner,0,0,,,,,,"",""
ball,2,52.1,Canterbury,CD Fletcher,CE McConchie,DAJ Bracewell,0,0,,,,,,"",""
ball,2,52.2,Canterbury,CD Fletcher,CE McConchie,DAJ Bracewell,0,0,,,,,,"",""
ball,2,52.3,Canterbury,CD Fletcher,CE McConchie,DAJ Bracewell,1,0,,,,,,"",""
ball,2,52.4,Canterbury,CE McConchie,CD Fletcher,DAJ Bracewell,0,0,,,,,,"",""
ball,2,52.5,Canterbury,CE McConchie,CD Fletcher,DAJ Bracewell,0,0,,,,,,"",""
ball,2,52.6,Canterbury,CE McConchie,CD Fletcher,DAJ Bracewell,0,0,,,,,,"",""
ball,2,53.1,Canterbury,CD Fletcher,CE McConchie,BM Tickner,0,0,,,,,,"",""
ball,2,53.2,Canterbury,CD Fletcher,CE McConchie,BM Tickner,1,0,,,,,,"",""
ball,2,53.3,Canterbury,CE McConchie,CD Fletcher,BM Tickner,0,0,,,,,,"",""
ball,2,53.4,Canterbury,CE McConchie,CD Fletcher,BM Tickner,1,0,,,,,,"",""
ball,2,53.5,Canterbury,CD Fletcher,CE McConchie,BM Tickner,1,0,,,,,,"",""
ball,2,53.6,Canterbury,CE McConchie,CD Fletcher,BM Tickner,0,0,,,,,,caught,CE McConchie
ball,2,54.1,Canterbury,CD Fletcher,TF van Woerkom,DAJ Bracewell,0,0,,,,,,"",""
ball,2,54.2,Canterbury,CD Fletcher,TF van Woerkom,DAJ Bracewell,0,0,,,,,,"",""
ball,2,54.3,Canterbury,CD Fletcher,TF van Woerkom,DAJ Bracewell,0,0,,,,,,"",""
ball,2,54.4,Canterbury,CD Fletcher,TF van Woerkom,DAJ Bracewell,0,0,,,,,,"",""
ball,2,54.5,Canterbury,CD Fletcher,TF van Woerkom,DAJ Bracewell,0,2,,,,2,,"",""
ball,2,54.6,Canterbury,CD Fletcher,TF van Woerkom,DAJ Bracewell,0,0,,,,,,"",""
ball,2,55.1,Canterbury,TF van Woerkom,CD Fletcher,BM Tickner,0,0,,,,,,"",""
ball,2,55.2,Canterbury,TF van Woerkom,CD Fletcher,BM Tickner,0,0,,,,,,"",""
ball,2,55.3,Canterbury,TF van Woerkom,CD Fletcher,BM Tickner,0,4,,,4,,,"",""
ball,2,55.4,Canterbury,TF van Woerkom,CD Fletcher,BM Tickner,0,0,,,,,,"",""
ball,2,55.5,Canterbury,TF van Woerkom,CD Fletcher,BM Tickner,0,0,,,,,,"",""
ball,2,55.6,Canterbury,TF van Woerkom,CD Fletcher,BM Tickner,0,0,,,,,,"",""
ball,2,56.1,Canterbury,CD Fletcher,TF van Woerkom,DAJ Bracewell,0,0,,,,,,"",""
ball,2,56.2,Canterbury,CD Fletcher,TF van Woerkom,DAJ Bracewell,0,0,,,,,,"",""
ball,2,56.3,Canterbury,CD Fletcher,TF van Woerkom,DAJ Bracewell,2,0,,,,,,"",""
ball,2,56.4,Canterbury,CD Fletcher,TF van Woerkom,DAJ Bracewell,0,0,,,,,,"",""
ball,2,56.5,Canterbury,CD Fletcher,TF van Woerkom,DAJ Bracewell,1,0,,,,,,"",""
ball,2,56.6,Canterbury,TF van Woerkom,CD Fletcher,DAJ Bracewell,0,0,,,,,,"",""
ball,2,57.1,Canterbury,CD Fletcher,TF van Woerkom,BM Tickner,1,0,,,,,,"",""
ball,2,57.2,Canterbury,TF van Woerkom,CD Fletcher,BM Tickner,0,0,,,,,,"",""
ball,2,57.3,Canterbury,TF van Woerkom,CD Fletcher,BM Tickner,0,0,,,,,,"",""
ball,2,57.4,Canterbury,TF van Woerkom,CD Fletcher,BM Tickner,0,0,,,,,,"",""
ball,2,57.5,Canterbury,TF van Woerkom,CD Fletcher,BM Tickner,0,0,,,,,,"",""
ball,2,57.6,Canterbury,TF van Woerkom,CD Fletcher,BM Tickner,0,0,,,,,,"",""
ball,2,58.1,Canterbury,CD Fletcher,TF van Woerkom,DAJ Bracewell,0,0,,,,,,"",""
ball,2,58.2,Canterbury,CD Fletcher,TF van Woerkom,DAJ Bracewell,0,0,,,,,,"",""
ball,2,58.3,Canterbury,CD Fletcher,TF van Woerkom,DAJ Bracewell,1,0,,,,,,"",""
ball,2,58.4,Canterbury,TF van Woerkom,CD Fletcher,DAJ Bracewell,0,0,,,,,,"",""
ball,2,58.5,Canterbury,TF van Woerkom,CD Fletcher,DAJ Bracewell,0,0,,,,,,"",""
ball,2,58.6,Canterbury,TF van Woerkom,CD Fletcher,DAJ Bracewell,1,0,,,,,,"",""
ball,2,59.1,Canterbury,TF van Woerkom,CD Fletcher,BM Tickner,1,0,,,,,,"",""
ball,2,59.2,Canterbury,CD Fletcher,TF van Woerkom,BM Tickner,0,0,,,,,,"",""
ball,2,59.3,Canterbury,CD Fletcher,TF van Woerkom,BM Tickner,1,0,,,,,,"",""
ball,2,59.4,Canterbury,TF van Woerkom,CD Fletcher,BM Tickner,0,0,,,,,,"",""
ball,2,59.5,Canterbury,TF van Woerkom,CD Fletcher,BM Tickner,0,0,,,,,,"",""
ball,2,59.6,Canterbury,TF van Woerkom,CD Fletcher,BM Tickner,0,0,,,,,,"",""
ball,2,60.1,Canterbury,CD Fletcher,TF van Woerkom,DAJ Bracewell,0,0,,,,,,"",""
ball,2,60.2,Canterbury,CD Fletcher,TF van Woerkom,DAJ Bracewell,0,0,,,,,,"",""
ball,2,60.3,Canterbury,CD Fletcher,TF van Woerkom,DAJ Bracewell,0,0,,,,,,"",""
ball,2,60.4,Canterbury,CD Fletcher,TF van Woerkom,DAJ Bracewell,0,0,,,,,,"",""
ball,2,60.5,Canterbury,CD Fletcher,TF van Woerkom,DAJ Bracewell,2,0,,,,,,"",""
ball,2,60.6,Canterbury,CD Fletcher,TF van Woerkom,DAJ Bracewell,0,0,,,,,,"",""
ball,2,61.1,Canterbury,TF van Woerkom,CD Fletcher,BM Tickner,4,0,,,,,,"",""
ball,2,61.2,Canterbury,TF van Woerkom,CD Fletcher,BM Tickner,0,0,,,,,,"",""
ball,2,61.3,Canterbury,TF van Woerkom,CD Fletcher,BM Tickner,0,0,,,,,,"",""
ball,2,61.4,Canterbury,TF van Woerkom,CD Fletcher,BM Tickner,0,0,,,,,,"",""
ball,2,61.5,Canterbury,TF van Woerkom,CD Fletcher,BM Tickner,0,0,,,,,,"",""
ball,2,61.6,Canterbury,TF van Woerkom,CD Fletcher,BM Tickner,0,0,,,,,,"",""
ball,2,62.1,Canterbury,CD Fletcher,TF van Woerkom,RL Toole,0,0,,,,,,"",""
ball,2,62.2,Canterbury,CD Fletcher,TF van Woerkom,RL Toole,6,0,,,,,,"",""
ball,2,62.3,Canterbury,CD Fletcher,TF van Woerkom,RL Toole,1,0,,,,,,"",""
ball,2,62.4,Canterbury,TF van Woerkom,CD Fletcher,RL Toole,0,0,,,,,,"",""
ball,2,62.5,Canterbury,TF van Woerkom,CD Fletcher,RL Toole,1,0,,,,,,"",""
ball,2,62.6,Canterbury,CD Fletcher,TF van Woerkom,RL Toole,0,0,,,,,,"",""
ball,2,63.1,Canterbury,TF van Woerkom,CD Fletcher,BM Tickner,0,0,,,,,,"",""
ball,2,63.2,Canterbury,TF van Woerkom,CD Fletcher,BM Tickner,0,0,,,,,,"",""
ball,2,63.3,Canterbury,TF van Woerkom,CD Fletcher,BM Tickner,0,0,,,,,,"",""
ball,2,63.4,Canterbury,TF van Woerkom,CD Fletcher,BM Tickner,0,0,,,,,,"",""
ball,2,63.5,Canterbury,TF van Woerkom,CD Fletcher,BM Tickner,0,0,,,,,,"",""
ball,2,63.6,Canterbury,TF van Woerkom,CD Fletcher,BM Tickner,0,0,,,,,,"",""
ball,2,64.1,Canterbury,CD Fletcher,TF van Woerkom,RL Toole,0,0,,,,,,"",""
ball,2,64.2,Canterbury,CD Fletcher,TF van Woerkom,RL Toole,4,0,,,,,,"",""
ball,2,64.3,Canterbury,CD Fletcher,TF van Woerkom,RL Toole,0,0,,,,,,"",""
ball,2,64.4,Canterbury,CD Fletcher,TF van Woerkom,RL Toole,1,0,,,,,,"",""
ball,2,64.5,Canterbury,TF van Woerkom,CD Fletcher,RL Toole,0,0,,,,,,"",""
ball,2,64.6,Canterbury,TF van Woerkom,CD Fletcher,RL Toole,0,0,,,,,,"",""
ball,2,65.1,Canterbury,CD Fletcher,TF van Woerkom,JA Clarkson,0,0,,,,,,"",""
ball,2,65.2,Canterbury,CD Fletcher,TF van Woerkom,JA Clarkson,0,0,,,,,,"",""
ball,2,65.3,Canterbury,CD Fletcher,TF van Woerkom,JA Clarkson,4,0,,,,,,"",""
ball,2,65.4,Canterbury,CD Fletcher,TF van Woerkom,JA Clarkson,2,0,,,,,,"",""
ball,2,65.5,Canterbury,CD Fletcher,TF van Woerkom,JA Clarkson,0,0,,,,,,caught,CD Fletcher
ball,2,65.6,Canterbury,SB Davey,TF van Woerkom,JA Clarkson,0,0,,,,,,"",""
ball,2,66.1,Canterbury,TF van Woerkom,SB Davey,RL Toole,0,0,,,,,,"",""
ball,2,66.2,Canterbury,TF van Woerkom,SB Davey,RL Toole,0,0,,,,,,"",""
ball,2,66.3,Canterbury,TF van Woerkom,SB Davey,RL Toole,2,0,,,,,,"",""
ball,2,66.4,Canterbury,TF van Woerkom,SB Davey,RL Toole,0,0,,,,,,"",""
ball,2,66.5,Canterbury,TF van Woerkom,SB Davey,RL Toole,0,0,,,,,,"",""
ball,2,66.6,Canterbury,TF van Woerkom,SB Davey,RL Toole,0,0,,,,,,"",""
ball,2,67.1,Canterbury,SB Davey,TF van Woerkom,JA Clarkson,0,0,,,,,,caught,SB Davey
ball,2,67.2,Canterbury,WSA Williams,TF van Woerkom,JA Clarkson,0,0,,,,,,"",""
ball,2,67.3,Canterbury,WSA Williams,TF van Woerkom,JA Clarkson,0,0,,,,,,"",""
ball,2,67.4,Canterbury,WSA Williams,TF van Woerkom,JA Clarkson,0,0,,,,,,"",""
ball,2,67.5,Canterbury,WSA Williams,TF van Woerkom,JA Clarkson,0,0,,,,,,"",""
ball,2,67.6,Canterbury,WSA Williams,TF van Woerkom,JA Clarkson,1,0,,,,,,"",""
ball,2,68.1,Canterbury,WSA Williams,TF van Woerkom,RL Toole,0,0,,,,,,"",""
ball,2,68.2,Canterbury,WSA Williams,TF van Woerkom,RL Toole,0,0,,,,,,"",""
ball,2,68.3,Canterbury,WSA Williams,TF van Woerkom,RL Toole,0,0,,,,,,"",""
ball,2,68.4,Canterbury,WSA Williams,TF van Woerkom,RL Toole,0,0,,,,,,"",""
ball,2,68.5,Canterbury,WSA Williams,TF van Woerkom,RL Toole,0,0,,,,,,"",""
ball,2,68.6,Canterbury,WSA Williams,TF van Woerkom,RL Toole,0,0,,,,,,"",""
ball,2,69.1,Canterbury,TF van Woerkom,WSA Williams,JA Clarkson,0,0,,,,,,"",""
ball,2,69.2,Canterbury,TF van Woerkom,WSA Williams,JA Clarkson,0,0,,,,,,"",""
ball,2,69.3,Canterbury,TF van Woerkom,WSA Williams,JA Clarkson,0,0,,,,,,"",""
ball,2,69.4,Canterbury,TF van Woerkom,WSA Williams,JA Clarkson,0,0,,,,,,"",""
ball,2,69.5,Canterbury,TF van Woerkom,WSA Williams,JA Clarkson,0,0,,,,,,"",""
ball,2,69.6,Canterbury,TF van Woerkom,WSA Williams,JA Clarkson,4,0,,,,,,"",""
ball,2,70.1,Canterbury,WSA Williams,TF van Woerkom,JR Lennox,0,0,,,,,,"",""
ball,2,70.2,Canterbury,WSA Williams,TF van Woerkom,JR Lennox,0,0,,,,,,"",""
ball,2,70.3,Canterbury,WSA Williams,TF van Woerkom,JR Lennox,0,0,,,,,,"",""
ball,2,70.4,Canterbury,WSA Williams,TF van Woerkom,JR Lennox,1,0,,,,,,"",""
ball,2,70.5,Canterbury,TF van Woerkom,WSA Williams,JR Lennox,0,0,,,,,,"",""
ball,2,70.6,Canterbury,TF van Woerkom,WSA Williams,JR Lennox,0,0,,,,,,"",""
ball,2,71.1,Canterbury,WSA Williams,TF van Woerkom,JA Clarkson,0,0,,,,,,"",""
ball,2,71.2,Canterbury,WSA Williams,TF van Woerkom,JA Clarkson,0,0,,,,,,"",""
ball,2,71.3,Canterbury,WSA Williams,TF van Woerkom,JA Clarkson,0,0,,,,,,"",""
ball,2,71.4,Canterbury,WSA Williams,TF van Woerkom,JA Clarkson,0,0,,,,,,"",""
ball,2,71.5,Canterbury,WSA Williams,TF van Woerkom,JA Clarkson,0,0,,,,,,"",""
ball,2,71.6,Canterbury,WSA Williams,TF van Woerkom,JA Clarkson,0,0,,,,,,"",""
ball,2,72.1,Canterbury,TF van Woerkom,WSA Williams,JR Lennox,1,0,,,,,,"",""
ball,2,72.2,Canterbury,WSA Williams,TF van Woerkom,JR Lennox,0,0,,,,,,"",""
ball,2,72.3,Canterbury,WSA Williams,TF van Woerkom,JR Lennox,6,0,,,,,,"",""
ball,2,72.4,Canterbury,WSA Williams,TF van Woerkom,JR Lennox,0,0,,,,,,"",""
ball,2,72.5,Canterbury,WSA Williams,TF van Woerkom,JR Lennox,4,0,,,,,,"",""
ball,2,72.6,Canterbury,WSA Williams,TF van Woerkom,JR Lennox,0,0,,,,,,"",""
ball,2,73.1,Canterbury,TF van Woerkom,WSA Williams,JA Clarkson,0,0,,,,,,"",""
ball,2,73.2,Canterbury,TF van Woerkom,WSA Williams,JA Clarkson,0,0,,,,,,"",""
ball,2,73.3,Canterbury,TF van Woerkom,WSA Williams,JA Clarkson,0,0,,,,,,"",""
ball,2,73.4,Canterbury,TF van Woerkom,WSA Williams,JA Clarkson,0,0,,,,,,"",""
ball,2,73.5,Canterbury,TF van Woerkom,WSA Williams,JA Clarkson,0,0,,,,,,"",""
ball,2,73.6,Canterbury,TF van Woerkom,WSA Williams,JA Clarkson,1,0,,,,,,"",""
ball,2,74.1,Canterbury,TF van Woerkom,WSA Williams,JR Lennox,0,0,,,,,,"",""
ball,2,74.2,Canterbury,TF van Woerkom,WSA Williams,JR Lennox,0,0,,,,,,"",""
ball,2,74.3,Canterbury,TF van Woerkom,WSA Williams,JR Lennox,1,0,,,,,,"",""
ball,2,74.4,Canterbury,WSA Williams,TF van Woerkom,JR Lennox,0,0,,,,,,"",""
ball,2,74.5,Canterbury,WSA Williams,TF van Woerkom,JR Lennox,0,0,,,,,,"",""
ball,2,74.6,Canterbury,WSA Williams,TF van Woerkom,JR Lennox,0,0,,,,,,"",""
ball,2,75.1,Canterbury,TF van Woerkom,WSA Williams,BM Tickner,0,0,,,,,,"",""
ball,2,75.2,Canterbury,TF van Woerkom,WSA Williams,BM Tickner,0,0,,,,,,"",""
ball,2,75.3,Canterbury,TF van Woerkom,WSA Williams,BM Tickner,0,0,,,,,,"",""
ball,2,75.4,Canterbury,TF van Woerkom,WSA Williams,BM Tickner,0,4,,,,4,,"",""
ball,2,75.5,Canterbury,TF van Woerkom,WSA Williams,BM Tickner,0,0,,,,,,"",""
ball,2,75.6,Canterbury,TF van Woerkom,WSA Williams,BM Tickner,4,0,,,,,,"",""
ball,2,76.1,Canterbury,WSA Williams,TF van Woerkom,JR Lennox,0,0,,,,,,"",""
ball,2,76.2,Canterbury,WSA Williams,TF van Woerkom,JR Lennox,2,0,,,,,,"",""
ball,2,76.3,Canterbury,WSA Williams,TF van Woerkom,JR Lennox,4,0,,,,,,"",""
ball,2,76.4,Canterbury,WSA Williams,TF van Woerkom,JR Lennox,0,0,,,,,,"",""
ball,2,76.5,Canterbury,WSA Williams,TF van Woerkom,JR Lennox,0,0,,,,,,"",""
ball,2,76.6,Canterbury,WSA Williams,TF van Woerkom,JR Lennox,0,0,,,,,,"",""
ball,2,77.1,Canterbury,TF van Woerkom,WSA Williams,BM Tickner,0,0,,,,,,"",""
ball,2,77.2,Canterbury,TF van Woerkom,WSA Williams,BM Tickner,0,0,,,,,,caught,TF van Woerkom
ball,2,77.3,Canterbury,FW Sheat,WSA Williams,BM Tickner,0,0,,,,,,"",""
ball,2,77.4,Canterbury,FW Sheat,WSA Williams,BM Tickner,0,0,,,,,,"",""
ball,2,77.5,Canterbury,FW Sheat,WSA Williams,BM Tickner,0,0,,,,,,"",""
ball,2,77.6,Canterbury,FW Sheat,WSA Williams,BM Tickner,0,0,,,,,,"",""
ball,2,78.1,Canterbury,WSA Williams,FW Sheat,JR Lennox,0,0,,,,,,"",""
ball,2,78.2,Canterbury,WSA Williams,FW Sheat,JR Lennox,1,0,,,,,,"",""
ball,2,78.3,Canterbury,FW Sheat,WSA Williams,JR Lennox,0,0,,,,,,"",""
ball,2,78.4,Canterbury,FW Sheat,WSA Williams,JR Lennox,2,0,,,,,,"",""
ball,2,78.5,Canterbury,FW Sheat,WSA Williams,JR Lennox,0,0,,,,,,"",""
ball,2,78.6,Canterbury,FW Sheat,WSA Williams,JR Lennox,0,0,,,,,,"",""
ball,2,79.1,Canterbury,WSA Williams,FW Sheat,BM Tickner,0,0,,,,,,"",""
ball,2,79.2,Canterbury,WSA Williams,FW Sheat,BM Tickner,0,0,,,,,,"",""
ball,2,79.3,Canterbury,WSA Williams,FW Sheat,BM Tickner,0,0,,,,,,caught,WSA Williams
ball,2,79.4,Canterbury,EJ Nuttall,FW Sheat,BM Tickner,0,0,,,,,,"",""
ball,2,79.5,Canterbury,EJ Nuttall,FW Sheat,BM Tickner,0,0,,,,,,"",""
ball,2,79.6,Canterbury,EJ Nuttall,FW Sheat,BM Tickner,0,0,,,,,,"",""
ball,2,80.1,Canterbury,FW Sheat,EJ Nuttall,DAJ Bracewell,0,0,,,,,,"",""
ball,2,80.2,Canterbury,FW Sheat,EJ Nuttall,DAJ Bracewell,4,0,,,,,,"",""
ball,2,80.3,Canterbury,FW Sheat,EJ Nuttall,DAJ Bracewell,0,0,,,,,,"",""
ball,2,80.4,Canterbury,FW Sheat,EJ Nuttall,DAJ Bracewell,6,0,,,,,,"",""
ball,2,80.5,Canterbury,FW Sheat,EJ Nuttall,DAJ Bracewell,1,0,,,,,,"",""
ball,2,80.6,Canterbury,EJ Nuttall,FW Sheat,DAJ Bracewell,0,0,,,,,,"",""
ball,2,81.1,Canterbury,FW Sheat,EJ Nuttall,BM Tickner,0,0,,,,,,"",""
ball,2,81.2,Canterbury,FW Sheat,EJ Nuttall,BM Tickner,0,0,,,,,,"",""
ball,2,81.3,Canterbury,FW Sheat,EJ Nuttall,BM Tickner,0,0,,,,,,caught,FW Sheat
ball,3,0.1,Central Stags,GH Worker,GR Hay,EJ Nuttall,0,0,,,,,,"",""
ball,3,0.2,Central Stags,GH Worker,GR Hay,EJ Nuttall,0,0,,,,,,"",""
ball,3,0.3,Central Stags,GH Worker,GR Hay,EJ Nuttall,0,0,,,,,,"",""
ball,3,0.4,Central Stags,GH Worker,GR Hay,EJ Nuttall,0,0,,,,,,"",""
ball,3,0.5,Central Stags,GH Worker,GR Hay,EJ Nuttall,0,0,,,,,,"",""
ball,3,0.6,Central Stags,GH Worker,GR Hay,EJ Nuttall,0,0,,,,,,"",""
ball,3,1.1,Central Stags,GR Hay,GH Worker,WSA Williams,0,0,,,,,,"",""
ball,3,1.2,Central Stags,GR Hay,GH Worker,WSA Williams,0,0,,,,,,"",""
ball,3,1.3,Central Stags,GR Hay,GH Worker,WSA Williams,0,0,,,,,,"",""
ball,3,1.4,Central Stags,GR Hay,GH Worker,WSA Williams,0,0,,,,,,"",""
ball,3,1.5,Central Stags,GR Hay,GH Worker,WSA Williams,0,0,,,,,,"",""
ball,3,1.6,Central Stags,GR Hay,GH Worker,WSA Williams,0,0,,,,,,"",""
ball,3,2.1,Central Stags,GH Worker,GR Hay,EJ Nuttall,1,0,,,,,,"",""
ball,3,2.2,Central Stags,GR Hay,GH Worker,EJ Nuttall,0,0,,,,,,"",""
ball,3,2.3,Central Stags,GR Hay,GH Worker,EJ Nuttall,2,0,,,,,,"",""
ball,3,2.4,Central Stags,GR Hay,GH Worker,EJ Nuttall,2,1,,1,,,,"",""
ball,3,2.5,Central Stags,GR Hay,GH Worker,EJ Nuttall,0,0,,,,,,"",""
ball,3,2.6,Central Stags,GR Hay,GH Worker,EJ Nuttall,4,0,,,,,,"",""
ball,3,2.7,Central Stags,GR Hay,GH Worker,EJ Nuttall,3,0,,,,,,"",""
ball,3,3.1,Central Stags,GR Hay,GH Worker,WSA Williams,0,0,,,,,,"",""
ball,3,3.2,Central Stags,GR Hay,GH Worker,WSA Williams,0,0,,,,,,"",""
ball,3,3.3,Central Stags,GR Hay,GH Worker,WSA Williams,0,0,,,,,,"",""
ball,3,3.4,Central Stags,GR Hay,GH Worker,WSA Williams,0,0,,,,,,"",""
ball,3,3.5,Central Stags,GR Hay,GH Worker,WSA Williams,0,0,,,,,,"",""
ball,3,3.6,Central Stags,GR Hay,GH Worker,WSA Williams,0,0,,,,,,"",""
ball,3,4.1,Central Stags,GH Worker,GR Hay,EJ Nuttall,0,0,,,,,,"",""
ball,3,4.2,Central Stags,GH Worker,GR Hay,EJ Nuttall,1,0,,,,,,"",""
ball,3,4.3,Central Stags,GR Hay,GH Worker,EJ Nuttall,0,0,,,,,,"",""
ball,3,4.4,Central Stags,GR Hay,GH Worker,EJ Nuttall,4,0,,,,,,"",""
ball,3,4.5,Central Stags,GR Hay,GH Worker,EJ Nuttall,0,0,,,,,,"",""
ball,3,4.6,Central Stags,GR Hay,GH Worker,EJ Nuttall,0,0,,,,,,"",""
ball,3,5.1,Central Stags,GH Worker,GR Hay,WSA Williams,2,0,,,,,,"",""
ball,3,5.2,Central Stags,GH Worker,GR Hay,WSA Williams,0,0,,,,,,"",""
ball,3,5.3,Central Stags,GH Worker,GR Hay,WSA Williams,0,0,,,,,,"",""
ball,3,5.4,Central Stags,GH Worker,GR Hay,WSA Williams,0,0,,,,,,"",""
ball,3,5.5,Central Stags,GH Worker,GR Hay,WSA Williams,1,0,,,,,,"",""
ball,3,5.6,Central Stags,GR Hay,GH Worker,WSA Williams,0,0,,,,,,"",""
ball,3,6.1,Central Stags,GH Worker,GR Hay,FW Sheat,0,0,,,,,,"",""
ball,3,6.2,Central Stags,GH Worker,GR Hay,FW Sheat,1,0,,,,,,"",""
ball,3,6.3,Central Stags,GR Hay,GH Worker,FW Sheat,0,0,,,,,,"",""
ball,3,6.4,Central Stags,GR Hay,GH Worker,FW Sheat,4,0,,,,,,"",""
ball,3,6.5,Central Stags,GR Hay,GH Worker,FW Sheat,0,0,,,,,,"",""
ball,3,6.6,Central Stags,GR Hay,GH Worker,FW Sheat,0,0,,,,,,"",""
ball,3,7.1,Central Stags,GH Worker,GR Hay,WSA Williams,0,0,,,,,,"",""
ball,3,7.2,Central Stags,GH Worker,GR Hay,WSA Williams,0,0,,,,,,"",""
ball,3,7.3,Central Stags,GH Worker,GR Hay,WSA Williams,0,0,,,,,,"",""
ball,3,7.4,Central Stags,GH Worker,GR Hay,WSA Williams,0,0,,,,,,"",""
ball,3,7.5,Central Stags,GH Worker,GR Hay,WSA Williams,0,0,,,,,,"",""
ball,3,7.6,Central Stags,GH Worker,GR Hay,WSA Williams,1,0,,,,,,"",""
ball,3,8.1,Central Stags,GH Worker,GR Hay,FW Sheat,0,0,,,,,,"",""
ball,3,8.2,Central Stags,GH Worker,GR Hay,FW Sheat,1,0,,,,,,"",""
ball,3,8.3,Central Stags,GR Hay,GH Worker,FW Sheat,0,0,,,,,,"",""
ball,3,8.4,Central Stags,GR Hay,GH Worker,FW Sheat,0,0,,,,,,"",""
ball,3,8.5,Central Stags,GR Hay,GH Worker,FW Sheat,1,0,,,,,,"",""
ball,3,8.6,Central Stags,GH Worker,GR Hay,FW Sheat,0,0,,,,,,caught,GH Worker
ball,3,9.1,Central Stags,GR Hay,BS Smith,WSA Williams,0,0,,,,,,"",""
ball,3,9.2,Central Stags,GR Hay,BS Smith,WSA Williams,0,0,,,,,,"",""
ball,3,9.3,Central Stags,GR Hay,BS Smith,WSA Williams,0,0,,,,,,"",""
ball,3,9.4,Central Stags,GR Hay,BS Smith,WSA Williams,0,0,,,,,,"",""
ball,3,9.5,Central Stags,GR Hay,BS Smith,WSA Williams,0,0,,,,,,"",""
ball,3,9.6,Central Stags,GR Hay,BS Smith,WSA Williams,0,0,,,,,,"",""
ball,3,10.1,Central Stags,BS Smith,GR Hay,FW Sheat,0,0,,,,,,"",""
ball,3,10.2,Central Stags,BS Smith,GR Hay,FW Sheat,0,0,,,,,,"",""
ball,3,10.3,Central Stags,BS Smith,GR Hay,FW Sheat,0,0,,,,,,"",""
ball,3,10.4,Central Stags,BS Smith,GR Hay,FW Sheat,0,0,,,,,,"",""
ball,3,10.5,Central Stags,BS Smith,GR Hay,FW Sheat,0,0,,,,,,caught,BS Smith
ball,3,10.6,Central Stags,BD Schmulian,GR Hay,FW Sheat,0,0,,,,,,"",""
ball,3,11.1,Central Stags,GR Hay,BD Schmulian,WSA Williams,0,0,,,,,,"",""
ball,3,11.2,Central Stags,GR Hay,BD Schmulian,WSA Williams,0,0,,,,,,"",""
ball,3,11.3,Central Stags,GR Hay,BD Schmulian,WSA Williams,0,0,,,,,,"",""
ball,3,11.4,Central Stags,GR Hay,BD Schmulian,WSA Williams,0,0,,,,,,"",""
ball,3,11.5,Central Stags,GR Hay,BD Schmulian,WSA Williams,0,0,,,,,,"",""
ball,3,11.6,Central Stags,GR Hay,BD Schmulian,WSA Williams,0,0,,,,,,"",""
ball,3,12.1,Central Stags,BD Schmulian,GR Hay,FW Sheat,0,0,,,,,,"",""
ball,3,12.2,Central Stags,BD Schmulian,GR Hay,FW Sheat,0,0,,,,,,"",""
ball,3,12.3,Central Stags,BD Schmulian,GR Hay,FW Sheat,0,0,,,,,,"",""
ball,3,12.4,Central Stags,BD Schmulian,GR Hay,FW Sheat,0,0,,,,,,"",""
ball,3,12.5,Central Stags,BD Schmulian,GR Hay,FW Sheat,1,0,,,,,,"",""
ball,3,12.6,Central Stags,GR Hay,BD Schmulian,FW Sheat,0,0,,,,,,"",""
ball,3,13.1,Central Stags,BD Schmulian,GR Hay,SB Davey,0,0,,,,,,"",""
ball,3,13.2,Central Stags,BD Schmulian,GR Hay,SB Davey,0,0,,,,,,lbw,BD Schmulian
ball,3,13.3,Central Stags,TC Bruce,GR Hay,SB Davey,0,0,,,,,,"",""
ball,3,13.4,Central Stags,TC Bruce,GR Hay,SB Davey,0,0,,,,,,"",""
ball,3,13.5,Central Stags,TC Bruce,GR Hay,SB Davey,0,0,,,,,,"",""
ball,3,13.6,Central Stags,TC Bruce,GR Hay,SB Davey,0,0,,,,,,"",""
ball,3,14.1,Central Stags,GR Hay,TC Bruce,FW Sheat,0,0,,,,,,"",""
ball,3,14.2,Central Stags,GR Hay,TC Bruce,FW Sheat,0,0,,,,,,"",""
ball,3,14.3,Central Stags,GR Hay,TC Bruce,FW Sheat,0,0,,,,,,"",""
ball,3,14.4,Central Stags,GR Hay,TC Bruce,FW Sheat,0,0,,,,,,"",""
ball,3,14.5,Central Stags,GR Hay,TC Bruce,FW Sheat,0,0,,,,,,"",""
ball,3,14.6,Central Stags,GR Hay,TC Bruce,FW Sheat,2,0,,,,,,"",""
ball,3,15.1,Central Stags,TC Bruce,GR Hay,SB Davey,0,0,,,,,,"",""
ball,3,15.2,Central Stags,TC Bruce,GR Hay,SB Davey,0,0,,,,,,"",""
ball,3,15.3,Central Stags,TC Bruce,GR Hay,SB Davey,0,0,,,,,,"",""
ball,3,15.4,Central Stags,TC Bruce,GR Hay,SB Davey,3,0,,,,,,"",""
ball,3,15.5,Central Stags,GR Hay,TC Bruce,SB Davey,0,0,,,,,,"",""
ball,3,15.6,Central Stags,GR Hay,TC Bruce,SB Davey,0,0,,,,,,"",""
ball,3,16.1,Central Stags,TC Bruce,GR Hay,FW Sheat,0,0,,,,,,"",""
ball,3,16.2,Central Stags,TC Bruce,GR Hay,FW Sheat,2,0,,,,,,"",""
ball,3,16.3,Central Stags,TC Bruce,GR Hay,FW Sheat,0,0,,,,,,"",""
ball,3,16.4,Central Stags,TC Bruce,GR Hay,FW Sheat,0,0,,,,,,caught,TC Bruce
ball,3,16.5,Central Stags,D Cleaver,GR Hay,FW Sheat,0,0,,,,,,"",""
ball,3,16.6,Central Stags,D Cleaver,GR Hay,FW Sheat,0,0,,,,,,"",""
ball,3,17.1,Central Stags,GR Hay,D Cleaver,SB Davey,0,0,,,,,,"",""
ball,3,17.2,Central Stags,GR Hay,D Cleaver,SB Davey,1,0,,,,,,"",""
ball,3,17.3,Central Stags,D Cleaver,GR Hay,SB Davey,0,0,,,,,,"",""
ball,3,17.4,Central Stags,D Cleaver,GR Hay,SB Davey,0,0,,,,,,"",""
ball,3,17.5,Central Stags,D Cleaver,GR Hay,SB Davey,0,0,,,,,,"",""
ball,3,17.6,Central Stags,D Cleaver,GR Hay,SB Davey,0,1,,,1,,,"",""
ball,3,18.1,Central Stags,D Cleaver,GR Hay,FW Sheat,2,0,,,,,,"",""
ball,3,18.2,Central Stags,D Cleaver,GR Hay,FW Sheat,1,0,,,,,,"",""
ball,3,18.3,Central Stags,GR Hay,D Cleaver,FW Sheat,0,0,,,,,,"",""
ball,3,18.4,Central Stags,GR Hay,D Cleaver,FW Sheat,1,0,,,,,,"",""
ball,3,18.5,Central Stags,D Cleaver,GR Hay,FW Sheat,0,0,,,,,,"",""
ball,3,18.6,Central Stags,D Cleaver,GR Hay,FW Sheat,1,0,,,,,,"",""
ball,3,19.1,Central Stags,D Cleaver,GR Hay,SB Davey,0,0,,,,,,"",""
ball,3,19.2,Central Stags,D Cleaver,GR Hay,SB Davey,0,0,,,,,,"",""
ball,3,19.3,Central Stags,D Cleaver,GR Hay,SB Davey,0,0,,,,,,"",""
ball,3,19.4,Central Stags,D Cleaver,GR Hay,SB Davey,0,0,,,,,,"",""
ball,3,19.5,Central Stags,D Cleaver,GR Hay,SB Davey,0,0,,,,,,"",""
ball,3,19.6,Central Stags,D Cleaver,GR Hay,SB Davey,0,0,,,,,,"",""
ball,3,20.1,Central Stags,GR Hay,D Cleaver,EJ Nuttall,0,0,,,,,,"",""
ball,3,20.2,Central Stags,GR Hay,D Cleaver,EJ Nuttall,2,0,,,,,,"",""
ball,3,20.3,Central Stags,GR Hay,D Cleaver,EJ Nuttall,1,0,,,,,,"",""
ball,3,20.4,Central Stags,D Cleaver,GR Hay,EJ Nuttall,0,0,,,,,,"",""
ball,3,20.5,Central Stags,D Cleaver,GR Hay,EJ Nuttall,0,0,,,,,,"",""
ball,3,20.6,Central Stags,D Cleaver,GR Hay,EJ Nuttall,0,0,,,,,,"",""
ball,3,21.1,Central Stags,GR Hay,D Cleaver,WSA Williams,0,0,,,,,,"",""
ball,3,21.2,Central Stags,GR Hay,D Cleaver,WSA Williams,0,0,,,,,,"",""
ball,3,21.3,Central Stags,GR Hay,D Cleaver,WSA Williams,0,0,,,,,,"",""
ball,3,21.4,Central Stags,GR Hay,D Cleaver,WSA Williams,0,0,,,,,,"",""
ball,3,21.5,Central Stags,GR Hay,D Cleaver,WSA Williams,0,0,,,,,,"",""
ball,3,21.6,Central Stags,GR Hay,D Cleaver,WSA Williams,0,0,,,,,,"",""
ball,3,22.1,Central Stags,D Cleaver,GR Hay,EJ Nuttall,0,0,,,,,,"",""
ball,3,22.2,Central Stags,D Cleaver,GR Hay,EJ Nuttall,4,0,,,,,,"",""
ball,3,22.3,Central Stags,D Cleaver,GR Hay,EJ Nuttall,0,0,,,,,,"",""
ball,3,22.4,Central Stags,D Cleaver,GR Hay,EJ Nuttall,4,0,,,,,,"",""
ball,3,22.5,Central Stags,D Cleaver,GR Hay,EJ Nuttall,1,0,,,,,,"",""
ball,3,22.6,Central Stags,GR Hay,D Cleaver,EJ Nuttall,0,0,,,,,,"",""
ball,3,23.1,Central Stags,D Cleaver,GR Hay,WSA Williams,0,0,,,,,,"",""
ball,3,23.2,Central Stags,D Cleaver,GR Hay,WSA Williams,0,0,,,,,,"",""
ball,3,23.3,Central Stags,D Cleaver,GR Hay,WSA Williams,0,0,,,,,,"",""
ball,3,23.4,Central Stags,D Cleaver,GR Hay,WSA Williams,0,0,,,,,,"",""
ball,3,23.5,Central Stags,D Cleaver,GR Hay,WSA Williams,0,0,,,,,,"",""
ball,3,23.6,Central Stags,D Cleaver,GR Hay,WSA Williams,0,0,,,,,,"",""
ball,3,24.1,Central Stags,GR Hay,D Cleaver,EJ Nuttall,1,0,,,,,,"",""
ball,3,24.2,Central Stags,D Cleaver,GR Hay,EJ Nuttall,2,0,,,,,,"",""
ball,3,24.3,Central Stags,D Cleaver,GR Hay,EJ Nuttall,0,0,,,,,,"",""
ball,3,24.4,Central Stags,D Cleaver,GR Hay,EJ Nuttall,0,0,,,,,,"",""
ball,3,24.5,Central Stags,D Cleaver,GR Hay,EJ Nuttall,4,0,,,,,,"",""
ball,3,24.6,Central Stags,D Cleaver,GR Hay,EJ Nuttall,0,0,,,,,,"",""
ball,3,25.1,Central Stags,GR Hay,D Cleaver,WSA Williams,1,0,,,,,,"",""
ball,3,25.2,Central Stags,D Cleaver,GR Hay,WSA Williams,0,0,,,,,,"",""
ball,3,25.3,Central Stags,D Cleaver,GR Hay,WSA Williams,0,0,,,,,,"",""
ball,3,25.4,Central Stags,D Cleaver,GR Hay,WSA Williams,1,0,,,,,,"",""
ball,3,25.5,Central Stags,GR Hay,D Cleaver,WSA Williams,0,0,,,,,,"",""
ball,3,25.6,Central Stags,GR Hay,D Cleaver,WSA Williams,2,0,,,,,,"",""
ball,3,26.1,Central Stags,D Cleaver,GR Hay,FW Sheat,0,0,,,,,,"",""
ball,3,26.2,Central Stags,D Cleaver,GR Hay,FW Sheat,0,0,,,,,,"",""
ball,3,26.3,Central Stags,D Cleaver,GR Hay,FW Sheat,2,0,,,,,,"",""
ball,3,26.4,Central Stags,D Cleaver,GR Hay,FW Sheat,0,0,,,,,,"",""
ball,3,26.5,Central Stags,D Cleaver,GR Hay,FW Sheat,0,0,,,,,,"",""
ball,3,26.6,Central Stags,D Cleaver,GR Hay,FW Sheat,0,0,,,,,,"",""
ball,3,27.1,Central Stags,GR Hay,D Cleaver,WSA Williams,0,0,,,,,,"",""
ball,3,27.2,Central Stags,GR Hay,D Cleaver,WSA Williams,0,0,,,,,,"",""
ball,3,27.3,Central Stags,GR Hay,D Cleaver,WSA Williams,0,0,,,,,,"",""
ball,3,27.4,Central Stags,GR Hay,D Cleaver,WSA Williams,0,0,,,,,,"",""
ball,3,27.5,Central Stags,GR Hay,D Cleaver,WSA Williams,0,0,,,,,,"",""
ball,3,27.6,Central Stags,GR Hay,D Cleaver,WSA Williams,0,0,,,,,,"",""
ball,3,28.1,Central Stags,D Cleaver,GR Hay,FW Sheat,0,0,,,,,,"",""
ball,3,28.2,Central Stags,D Cleaver,GR Hay,FW Sheat,0,0,,,,,,"",""
ball,3,28.3,Central Stags,D Cleaver,GR Hay,FW Sheat,0,0,,,,,,"",""
ball,3,28.4,Central Stags,D Cleaver,GR Hay,FW Sheat,0,0,,,,,,"",""
ball,3,28.5,Central Stags,D Cleaver,GR Hay,FW Sheat,0,0,,,,,,"",""
ball,3,28.6,Central Stags,D Cleaver,GR Hay,FW Sheat,2,0,,,,,,"",""
ball,3,29.1,Central Stags,GR Hay,D Cleaver,WSA Williams,0,0,,,,,,"",""
ball,3,29.2,Central Stags,GR Hay,D Cleaver,WSA Williams,1,0,,,,,,"",""
ball,3,29.3,Central Stags,D Cleaver,GR Hay,WSA Williams,0,0,,,,,,"",""
ball,3,29.4,Central Stags,D Cleaver,GR Hay,WSA Williams,0,0,,,,,,"",""
ball,3,29.5,Central Stags,D Cleaver,GR Hay,WSA Williams,0,0,,,,,,"",""
ball,3,29.6,Central Stags,D Cleaver,GR Hay,WSA Williams,0,0,,,,,,"",""
ball,3,30.1,Central Stags,GR Hay,D Cleaver,FW Sheat,4,0,,,,,,"",""
ball,3,30.2,Central Stags,GR Hay,D Cleaver,FW Sheat,0,0,,,,,,"",""
ball,3,30.3,Central Stags,GR Hay,D Cleaver,FW Sheat,0,0,,,,,,"",""
ball,3,30.4,Central Stags,GR Hay,D Cleaver,FW Sheat,2,0,,,,,,"",""
ball,3,30.5,Central Stags,GR Hay,D Cleaver,FW Sheat,0,0,,,,,,"",""
ball,3,30.6,Central Stags,GR Hay,D Cleaver,FW Sheat,0,0,,,,,,"",""
ball,3,31.1,Central Stags,D Cleaver,GR Hay,WSA Williams,0,0,,,,,,"",""
ball,3,31.2,Central Stags,D Cleaver,GR Hay,WSA Williams,0,0,,,,,,"",""
ball,3,31.3,Central Stags,D Cleaver,GR Hay,WSA Williams,0,0,,,,,,"",""
ball,3,31.4,Central Stags,D Cleaver,GR Hay,WSA Williams,0,0,,,,,,"",""
ball,3,31.5,Central Stags,D Cleaver,GR Hay,WSA Williams,0,0,,,,,,"",""
ball,3,31.6,Central Stags,D Cleaver,GR Hay,WSA Williams,2,0,,,,,,"",""
ball,3,32.1,Central Stags,GR Hay,D Cleaver,FW Sheat,0,0,,,,,,"",""
ball,3,32.2,Central Stags,GR Hay,D Cleaver,FW Sheat,0,0,,,,,,"",""
ball,3,32.3,Central Stags,GR Hay,D Cleaver,FW Sheat,0,0,,,,,,"",""
ball,3,32.4,Central Stags,GR Hay,D Cleaver,FW Sheat,0,0,,,,,,"",""
ball,3,32.5,Central Stags,GR Hay,D Cleaver,FW Sheat,0,0,,,,,,"",""
ball,3,32.6,Central Stags,GR Hay,D Cleaver,FW Sheat,0,0,,,,,,"",""
ball,3,33.1,Central Stags,D Cleaver,GR Hay,WSA Williams,0,0,,,,,,"",""
ball,3,33.2,Central Stags,D Cleaver,GR Hay,WSA Williams,0,0,,,,,,"",""
ball,3,33.3,Central Stags,D Cleaver,GR Hay,WSA Williams,0,0,,,,,,"",""
ball,3,33.4,Central Stags,D Cleaver,GR Hay,WSA Williams,0,0,,,,,,"",""
ball,3,33.5,Central Stags,D Cleaver,GR Hay,WSA Williams,0,0,,,,,,"",""
ball,3,33.6,Central Stags,D Cleaver,GR Hay,WSA Williams,0,0,,,,,,"",""
ball,3,34.1,Central Stags,GR Hay,D Cleaver,FW Sheat,0,0,,,,,,"",""
ball,3,34.2,Central Stags,GR Hay,D Cleaver,FW Sheat,0,1,1,,,,,"",""
ball,3,34.3,Central Stags,GR Hay,D Cleaver,FW Sheat,0,0,,,,,,"",""
ball,3,34.4,Central Stags,GR Hay,D Cleaver,FW Sheat,0,0,,,,,,"",""
ball,3,34.5,Central Stags,GR Hay,D Cleaver,FW Sheat,0,0,,,,,,"",""
ball,3,34.6,Central Stags,GR Hay,D Cleaver,FW Sheat,0,0,,,,,,"",""
ball,3,34.7,Central Stags,GR Hay,D Cleaver,FW Sheat,0,0,,,,,,"",""
ball,3,35.1,Central Stags,D Cleaver,GR Hay,WSA Williams,0,0,,,,,,"",""
ball,3,35.2,Central Stags,D Cleaver,GR Hay,WSA Williams,0,0,,,,,,"",""
ball,3,35.3,Central Stags,D Cleaver,GR Hay,WSA Williams,0,0,,,,,,"",""
ball,3,35.4,Central Stags,D Cleaver,GR Hay,WSA Williams,0,0,,,,,,"",""
ball,3,35.5,Central Stags,D Cleaver,GR Hay,WSA Williams,0,0,,,,,,"",""
ball,3,35.6,Central Stags,D Cleaver,GR Hay,WSA Williams,0,0,,,,,,"",""
ball,3,36.1,Central Stags,GR Hay,D Cleaver,FW Sheat,0,0,,,,,,"",""
ball,3,36.2,Central Stags,GR Hay,D Cleaver,FW Sheat,0,0,,,,,,"",""
ball,3,36.3,Central Stags,GR Hay,D Cleaver,FW Sheat,0,0,,,,,,"",""
ball,3,36.4,Central Stags,GR Hay,D Cleaver,FW Sheat,0,0,,,,,,"",""
ball,3,36.5,Central Stags,GR Hay,D Cleaver,FW Sheat,0,0,,,,,,"",""
ball,3,36.6,Central Stags,GR Hay,D Cleaver,FW Sheat,0,0,,,,,,"",""
ball,3,37.1,Central Stags,D Cleaver,GR Hay,SB Davey,0,0,,,,,,"",""
ball,3,37.2,Central Stags,D Cleaver,GR Hay,SB Davey,1,0,,,,,,"",""
ball,3,37.3,Central Stags,GR Hay,D Cleaver,SB Davey,0,0,,,,,,"",""
ball,3,37.4,Central Stags,GR Hay,D Cleaver,SB Davey,3,0,,,,,,"",""
ball,3,37.5,Central Stags,D Cleaver,GR Hay,SB Davey,2,0,,,,,,"",""
ball,3,37.6,Central Stags,D Cleaver,GR Hay,SB Davey,2,0,,,,,,"",""
ball,3,38.1,Central Stags,GR Hay,D Cleaver,FW Sheat,0,0,,,,,,"",""
ball,3,38.2,Central Stags,GR Hay,D Cleaver,FW Sheat,0,0,,,,,,"",""
ball,3,38.3,Central Stags,GR Hay,D Cleaver,FW Sheat,0,0,,,,,,"",""
ball,3,38.4,Central Stags,GR Hay,D Cleaver,FW Sheat,0,0,,,,,,"",""
ball,3,38.5,Central Stags,GR Hay,D Cleaver,FW Sheat,0,0,,,,,,"",""
ball,3,38.6,Central Stags,GR Hay,D Cleaver,FW Sheat,0,0,,,,,,"",""
ball,3,39.1,Central Stags,D Cleaver,GR Hay,SB Davey,2,0,,,,,,"",""
ball,3,39.2,Central Stags,D Cleaver,GR Hay,SB Davey,0,0,,,,,,"",""
ball,3,39.3,Central Stags,D Cleaver,GR Hay,SB Davey,0,0,,,,,,"",""
ball,3,39.4,Central Stags,D Cleaver,GR Hay,SB Davey,0,0,,,,,,"",""
ball,3,39.5,Central Stags,D Cleaver,GR Hay,SB Davey,0,0,,,,,,"",""
ball,3,39.6,Central Stags,D Cleaver,GR Hay,SB Davey,0,0,,,,,,"",""
ball,3,40.1,Central Stags,GR Hay,D Cleaver,EJ Nuttall,0,0,,,,,,"",""
ball,3,40.2,Central Stags,GR Hay,D Cleaver,EJ Nuttall,0,0,,,,,,"",""
ball,3,40.3,Central Stags,GR Hay,D Cleaver,EJ Nuttall,0,0,,,,,,"",""
ball,3,40.4,Central Stags,GR Hay,D Cleaver,EJ Nuttall,0,0,,,,,,"",""
ball,3,40.5,Central Stags,GR Hay,D Cleaver,EJ Nuttall,0,0,,,,,,"",""
ball,3,40.6,Central Stags,GR Hay,D Cleaver,EJ Nuttall,0,0,,,,,,"",""
ball,3,41.1,Central Stags,D Cleaver,GR Hay,SB Davey,0,0,,,,,,"",""
ball,3,41.2,Central Stags,D Cleaver,GR Hay,SB Davey,0,0,,,,,,"",""
ball,3,41.3,Central Stags,D Cleaver,GR Hay,SB Davey,0,0,,,,,,"",""
ball,3,41.4,Central Stags,D Cleaver,GR Hay,SB Davey,4,0,,,,,,"",""
ball,3,41.5,Central Stags,D Cleaver,GR Hay,SB Davey,0,0,,,,,,"",""
ball,3,41.6,Central Stags,D Cleaver,GR Hay,SB Davey,0,0,,,,,,"",""
ball,3,42.1,Central Stags,GR Hay,D Cleaver,EJ Nuttall,0,1,,1,,,,"",""
ball,3,42.2,Central Stags,GR Hay,D Cleaver,EJ Nuttall,4,0,,,,,,"",""
ball,3,42.3,Central Stags,GR Hay,D Cleaver,EJ Nuttall,0,0,,,,,,"",""
ball,3,42.4,Central Stags,GR Hay,D Cleaver,EJ Nuttall,0,0,,,,,,"",""
ball,3,42.5,Central Stags,GR Hay,D Cleaver,EJ Nuttall,0,0,,,,,,"",""
ball,3,42.6,Central Stags,GR Hay,D Cleaver,EJ Nuttall,4,0,,,,,,"",""
ball,3,42.7,Central Stags,GR Hay,D Cleaver,EJ Nuttall,0,0,,,,,,"",""
ball,3,43.1,Central Stags,D Cleaver,GR Hay,SB Davey,0,0,,,,,,"",""
ball,3,43.2,Central Stags,D Cleaver,GR Hay,SB Davey,0,0,,,,,,"",""
ball,3,43.3,Central Stags,D Cleaver,GR Hay,SB Davey,0,0,,,,,,"",""
ball,3,43.4,Central Stags,D Cleaver,GR Hay,SB Davey,0,0,,,,,,"",""
ball,3,43.5,Central Stags,D Cleaver,GR Hay,SB Davey,0,0,,,,,,"",""
ball,3,43.6,Central Stags,D Cleaver,GR Hay,SB Davey,4,0,,,,,,"",""
ball,3,44.1,Central Stags,GR Hay,D Cleaver,EJ Nuttall,0,0,,,,,,"",""
ball,3,44.2,Central Stags,GR Hay,D Cleaver,EJ Nuttall,1,0,,,,,,"",""
ball,3,44.3,Central Stags,D Cleaver,GR Hay,EJ Nuttall,0,0,,,,,,"",""
ball,3,44.4,Central Stags,D Cleaver,GR Hay,EJ Nuttall,0,0,,,,,,"",""
ball,3,44.5,Central Stags,D Cleaver,GR Hay,EJ Nuttall,0,0,,,,,,"",""
ball,3,44.6,Central Stags,D Cleaver,GR Hay,EJ Nuttall,4,0,,,,,,"",""
ball,3,45.1,Central Stags,GR Hay,D Cleaver,SB Davey,0,0,,,,,,"",""
ball,3,45.2,Central Stags,GR Hay,D Cleaver,SB Davey,0,0,,,,,,"",""
ball,3,45.3,Central Stags,GR Hay,D Cleaver,SB Davey,0,0,,,,,,"",""
ball,3,45.4,Central Stags,GR Hay,D Cleaver,SB Davey,0,0,,,,,,"",""
ball,3,45.5,Central Stags,GR Hay,D Cleaver,SB Davey,0,0,,,,,,"",""
ball,3,45.6,Central Stags,GR Hay,D Cleaver,SB Davey,0,0,,,,,,"",""
ball,3,46.1,Central Stags,D Cleaver,GR Hay,TF van Woerkom,0,0,,,,,,"",""
ball,3,46.2,Central Stags,D Cleaver,GR Hay,TF van Woerkom,1,0,,,,,,"",""
ball,3,46.3,Central Stags,GR Hay,D Cleaver,TF van Woerkom,0,0,,,,,,"",""
ball,3,46.4,Central Stags,GR Hay,D Cleaver,TF van Woerkom,2,0,,,,,,"",""
ball,3,46.5,Central Stags,GR Hay,D Cleaver,TF van Woerkom,0,0,,,,,,"",""
ball,3,46.6,Central Stags,GR Hay,D Cleaver,TF van Woerkom,0,0,,,,,,"",""
ball,3,47.1,Central Stags,D Cleaver,GR Hay,SB Davey,0,0,,,,,,"",""
ball,3,47.2,Central Stags,D Cleaver,GR Hay,SB Davey,0,0,,,,,,"",""
ball,3,47.3,Central Stags,D Cleaver,GR Hay,SB Davey,0,0,,,,,,"",""
ball,3,47.4,Central Stags,D Cleaver,GR Hay,SB Davey,0,0,,,,,,"",""
ball,3,47.5,Central Stags,D Cleaver,GR Hay,SB Davey,4,0,,,,,,"",""
ball,3,47.6,Central Stags,D Cleaver,GR Hay,SB Davey,0,0,,,,,,"",""
ball,3,48.1,Central Stags,GR Hay,D Cleaver,TF van Woerkom,0,0,,,,,,"",""
ball,3,48.2,Central Stags,GR Hay,D Cleaver,TF van Woerkom,0,0,,,,,,"",""
ball,3,48.3,Central Stags,GR Hay,D Cleaver,TF van Woerkom,0,0,,,,,,"",""
ball,3,48.4,Central Stags,GR Hay,D Cleaver,TF van Woerkom,0,0,,,,,,"",""
ball,3,48.5,Central Stags,GR Hay,D Cleaver,TF van Woerkom,0,0,,,,,,"",""
ball,3,48.6,Central Stags,GR Hay,D Cleaver,TF van Woerkom,0,0,,,,,,"",""
ball,3,49.1,Central Stags,D Cleaver,GR Hay,WSA Williams,0,0,,,,,,"",""
ball,3,49.2,Central Stags,D Cleaver,GR Hay,WSA Williams,0,0,,,,,,"",""
ball,3,49.3,Central Stags,D Cleaver,GR Hay,WSA Williams,0,0,,,,,,"",""
ball,3,49.4,Central Stags,D Cleaver,GR Hay,WSA Williams,0,0,,,,,,"",""
ball,3,49.5,Central Stags,D Cleaver,GR Hay,WSA Williams,2,0,,,,,,"",""
ball,3,49.6,Central Stags,D Cleaver,GR Hay,WSA Williams,0,0,,,,,,"",""
ball,3,50.1,Central Stags,GR Hay,D Cleaver,TF van Woerkom,0,0,,,,,,"",""
ball,3,50.2,Central Stags,GR Hay,D Cleaver,TF van Woerkom,2,0,,,,,,"",""
ball,3,50.3,Central Stags,GR Hay,D Cleaver,TF van Woerkom,1,0,,,,,,"",""
ball,3,50.4,Central Stags,D Cleaver,GR Hay,TF van Woerkom,0,0,,,,,,"",""
ball,3,50.5,Central Stags,D Cleaver,GR Hay,TF van Woerkom,1,0,,,,,,"",""
ball,3,50.6,Central Stags,GR Hay,D Cleaver,TF van Woerkom,0,0,,,,,,"",""
ball,3,51.1,Central Stags,D Cleaver,GR Hay,WSA Williams,0,0,,,,,,"",""
ball,3,51.2,Central Stags,D Cleaver,GR Hay,WSA Williams,0,0,,,,,,"",""
ball,3,51.3,Central Stags,D Cleaver,GR Hay,WSA Williams,0,0,,,,,,"",""
ball,3,51.4,Central Stags,D Cleaver,GR Hay,WSA Williams,0,0,,,,,,"",""
ball,3,51.5,Central Stags,D Cleaver,GR Hay,WSA Williams,0,0,,,,,,"",""
ball,3,51.6,Central Stags,D Cleaver,GR Hay,WSA Williams,0,0,,,,,,"",""
ball,3,52.1,Central Stags,GR Hay,D Cleaver,TF van Woerkom,0,0,,,,,,"",""
ball,3,52.2,Central Stags,GR Hay,D Cleaver,TF van Woerkom,0,0,,,,,,"",""
ball,3,52.3,Central Stags,GR Hay,D Cleaver,TF van Woerkom,0,0,,,,,,"",""
ball,3,52.4,Central Stags,GR Hay,D Cleaver,TF van Woerkom,0,0,,,,,,"",""
ball,3,52.5,Central Stags,GR Hay,D Cleaver,TF van Woerkom,0,0,,,,,,"",""
ball,3,52.6,Central Stags,GR Hay,D Cleaver,TF van Woerkom,0,0,,,,,,"",""
ball,3,53.1,Central Stags,D Cleaver,GR Hay,WSA Williams,0,0,,,,,,"",""
ball,3,53.2,Central Stags,D Cleaver,GR Hay,WSA Williams,0,0,,,,,,"",""
ball,3,53.3,Central Stags,D Cleaver,GR Hay,WSA Williams,0,0,,,,,,"",""
ball,3,53.4,Central Stags,D Cleaver,GR Hay,WSA Williams,0,0,,,,,,"",""
ball,3,53.5,Central Stags,D Cleaver,GR Hay,WSA Williams,0,0,,,,,,"",""
ball,3,53.6,Central Stags,D Cleaver,GR Hay,WSA Williams,0,0,,,,,,"",""
ball,3,54.1,Central Stags,GR Hay,D Cleaver,TF van Woerkom,0,0,,,,,,"",""
ball,3,54.2,Central Stags,GR Hay,D Cleaver,TF van Woerkom,0,0,,,,,,"",""
ball,3,54.3,Central Stags,GR Hay,D Cleaver,TF van Woerkom,0,0,,,,,,"",""
ball,3,54.4,Central Stags,GR Hay,D Cleaver,TF van Woerkom,0,0,,,,,,"",""
ball,3,54.5,Central Stags,GR Hay,D Cleaver,TF van Woerkom,0,0,,,,,,"",""
ball,3,54.6,Central Stags,GR Hay,D Cleaver,TF van Woerkom,0,0,,,,,,lbw,GR Hay
ball,3,55.1,Central Stags,D Cleaver,DAJ Bracewell,WSA Williams,0,0,,,,,,"",""
ball,3,55.2,Central Stags,D Cleaver,DAJ Bracewell,WSA Williams,0,0,,,,,,"",""
ball,3,55.3,Central Stags,D Cleaver,DAJ Bracewell,WSA Williams,0,0,,,,,,"",""
ball,3,55.4,Central Stags,D Cleaver,DAJ Bracewell,WSA Williams,0,0,,,,,,"",""
ball,3,55.5,Central Stags,D Cleaver,DAJ Bracewell,WSA Williams,0,0,,,,,,"",""
ball,3,55.6,Central Stags,D Cleaver,DAJ Bracewell,WSA Williams,0,0,,,,,,"",""
ball,3,56.1,Central Stags,DAJ Bracewell,D Cleaver,TF van Woerkom,0,0,,,,,,"",""
ball,3,56.2,Central Stags,DAJ Bracewell,D Cleaver,TF van Woerkom,1,0,,,,,,"",""
ball,3,56.3,Central Stags,D Cleaver,DAJ Bracewell,TF van Woerkom,1,0,,,,,,"",""
ball,3,56.4,Central Stags,DAJ Bracewell,D Cleaver,TF van Woerkom,0,0,,,,,,"",""
ball,3,56.5,Central Stags,DAJ Bracewell,D Cleaver,TF van Woerkom,0,0,,,,,,"",""
ball,3,56.6,Central Stags,DAJ Bracewell,D Cleaver,TF van Woerkom,0,0,,,,,,"",""
ball,3,57.1,Central Stags,D Cleaver,DAJ Bracewell,CE McConchie,1,0,,,,,,"",""
ball,3,57.2,Central Stags,DAJ Bracewell,D Cleaver,CE McConchie,1,0,,,,,,"",""
ball,3,57.3,Central Stags,D Cleaver,DAJ Bracewell,CE McConchie,0,0,,,,,,"",""
ball,3,57.4,Central Stags,D Cleaver,DAJ Bracewell,CE McConchie,1,0,,,,,,"",""
ball,3,57.5,Central Stags,DAJ Bracewell,D Cleaver,CE McConchie,0,0,,,,,,"",""
ball,3,57.6,Central Stags,DAJ Bracewell,D Cleaver,CE McConchie,2,0,,,,,,"",""
ball,3,58.1,Central Stags,D Cleaver,DAJ Bracewell,TF van Woerkom,0,0,,,,,,"",""
ball,3,58.2,Central Stags,D Cleaver,DAJ Bracewell,TF van Woerkom,0,0,,,,,,"",""
ball,3,58.3,Central Stags,D Cleaver,DAJ Bracewell,TF van Woerkom,0,0,,,,,,"",""
ball,3,58.4,Central Stags,D Cleaver,DAJ Bracewell,TF van Woerkom,0,0,,,,,,"",""
ball,3,58.5,Central Stags,D Cleaver,DAJ Bracewell,TF van Woerkom,0,0,,,,,,"",""
ball,3,58.6,Central Stags,D Cleaver,DAJ Bracewell,TF van Woerkom,0,0,,,,,,"",""
ball,3,59.1,Central Stags,DAJ Bracewell,D Cleaver,CE McConchie,2,0,,,,,,"",""
ball,3,59.2,Central Stags,DAJ Bracewell,D Cleaver,CE McConchie,0,0,,,,,,"",""
ball,3,59.3,Central Stags,DAJ Bracewell,D Cleaver,CE McConchie,0,0,,,,,,"",""
ball,3,59.4,Central Stags,DAJ Bracewell,D Cleaver,CE McConchie,0,0,,,,,,"",""
ball,3,59.5,Central Stags,DAJ Bracewell,D Cleaver,CE McConchie,0,0,,,,,,"",""
ball,3,59.6,Central Stags,DAJ Bracewell,D Cleaver,CE McConchie,1,0,,,,,,"",""
ball,3,60.1,Central Stags,DAJ Bracewell,D Cleaver,TF van Woerkom,0,0,,,,,,"",""
ball,3,60.2,Central Stags,DAJ Bracewell,D Cleaver,TF van Woerkom,0,0,,,,,,"",""
ball,3,60.3,Central Stags,DAJ Bracewell,D Cleaver,TF van Woerkom,0,0,,,,,,"",""
ball,3,60.4,Central Stags,DAJ Bracewell,D Cleaver,TF van Woerkom,0,0,,,,,,"",""
ball,3,60.5,Central Stags,DAJ Bracewell,D Cleaver,TF van Woerkom,0,0,,,,,,caught,DAJ Bracewell
ball,3,60.6,Central Stags,JA Clarkson,D Cleaver,TF van Woerkom,1,0,,,,,,"",""
ball,3,61.1,Central Stags,JA Clarkson,D Cleaver,CE McConchie,0,0,,,,,,"",""
ball,3,61.2,Central Stags,JA Clarkson,D Cleaver,CE McConchie,0,0,,,,,,"",""
ball,3,61.3,Central Stags,JA Clarkson,D Cleaver,CE McConchie,0,0,,,,,,"",""
ball,3,61.4,Central Stags,JA Clarkson,D Cleaver,CE McConchie,4,0,,,,,,"",""
ball,3,61.5,Central Stags,JA Clarkson,D Cleaver,CE McConchie,0,0,,,,,,"",""
ball,3,61.6,Central Stags,JA Clarkson,D Cleaver,CE McConchie,0,0,,,,,,"",""
ball,3,62.1,Central Stags,D Cleaver,JA Clarkson,TF van Woerkom,0,0,,,,,,"",""
ball,3,62.2,Central Stags,D Cleaver,JA Clarkson,TF van Woerkom,0,0,,,,,,"",""
ball,3,62.3,Central Stags,D Cleaver,JA Clarkson,TF van Woerkom,0,0,,,,,,"",""
ball,3,62.4,Central Stags,D Cleaver,JA Clarkson,TF van Woerkom,1,0,,,,,,"",""
ball,3,62.5,Central Stags,JA Clarkson,D Cleaver,TF van Woerkom,0,0,,,,,,"",""
ball,3,62.6,Central Stags,JA Clarkson,D Cleaver,TF van Woerkom,0,0,,,,,,"",""
ball,3,63.1,Central Stags,D Cleaver,JA Clarkson,SB Davey,2,0,,,,,,"",""
ball,3,63.2,Central Stags,D Cleaver,JA Clarkson,SB Davey,0,0,,,,,,"",""
ball,3,63.3,Central Stags,D Cleaver,JA Clarkson,SB Davey,0,0,,,,,,"",""
ball,3,63.4,Central Stags,D Cleaver,JA Clarkson,SB Davey,0,0,,,,,,"",""
ball,3,63.5,Central Stags,D Cleaver,JA Clarkson,SB Davey,0,0,,,,,,"",""
ball,3,63.6,Central Stags,D Cleaver,JA Clarkson,SB Davey,1,0,,,,,,"",""
ball,3,64.1,Central Stags,D Cleaver,JA Clarkson,TF van Woerkom,0,0,,,,,,caught,D Cleaver
ball,3,64.2,Central Stags,JA Clarkson,BM Tickner,TF van Woerkom,0,0,,,,,,"",""
ball,3,64.3,Central Stags,JA Clarkson,BM Tickner,TF van Woerkom,0,0,,,,,,"",""
ball,3,64.4,Central Stags,JA Clarkson,BM Tickner,TF van Woerkom,0,0,,,,,,"",""
ball,3,64.5,Central Stags,JA Clarkson,BM Tickner,TF van Woerkom,1,0,,,,,,"",""
ball,3,64.6,Central Stags,BM Tickner,JA Clarkson,TF van Woerkom,0,0,,,,,,"",""
ball,3,65.1,Central Stags,JA Clarkson,BM Tickner,SB Davey,0,0,,,,,,"",""
ball,3,65.2,Central Stags,JA Clarkson,BM Tickner,SB Davey,1,0,,,,,,"",""
ball,3,65.3,Central Stags,BM Tickner,JA Clarkson,SB Davey,0,0,,,,,,"",""
ball,3,65.4,Central Stags,BM Tickner,JA Clarkson,SB Davey,0,0,,,,,,"",""
ball,3,65.5,Central Stags,BM Tickner,JA Clarkson,SB Davey,0,0,,,,,,"",""
ball,3,65.6,Central Stags,BM Tickner,JA Clarkson,SB Davey,0,0,,,,,,"",""
ball,3,66.1,Central Stags,JA Clarkson,BM Tickner,TF van Woerkom,0,0,,,,,,"",""
ball,3,66.2,Central Stags,JA Clarkson,BM Tickner,TF van Woerkom,0,0,,,,,,"",""
ball,3,66.3,Central Stags,JA Clarkson,BM Tickner,TF van Woerkom,0,0,,,,,,"",""
ball,3,66.4,Central Stags,JA Clarkson,BM Tickner,TF van Woerkom,0,0,,,,,,"",""
ball,3,66.5,Central Stags,JA Clarkson,BM Tickner,TF van Woerkom,0,0,,,,,,"",""
ball,3,66.6,Central Stags,JA Clarkson,BM Tickner,TF van Woerkom,0,0,,,,,,stumped,JA Clarkson
ball,3,67.1,Central Stags,BM Tickner,JR Lennox,SB Davey,0,0,,,,,,"",""
ball,3,67.2,Central Stags,BM Tickner,JR Lennox,SB Davey,0,0,,,,,,"",""
ball,3,67.3,Central Stags,BM Tickner,JR Lennox,SB Davey,0,0,,,,,,"",""
ball,3,67.4,Central Stags,BM Tickner,JR Lennox,SB Davey,0,0,,,,,,"",""
ball,3,67.5,Central Stags,BM Tickner,JR Lennox,SB Davey,3,0,,,,,,"",""
ball,3,67.6,Central Stags,JR Lennox,BM Tickner,SB Davey,0,0,,,,,,"",""
ball,3,68.1,Central Stags,BM Tickner,JR Lennox,TF van Woerkom,0,0,,,,,,"",""
ball,3,68.2,Central Stags,BM Tickner,JR Lennox,TF van Woerkom,0,0,,,,,,"",""
ball,3,68.3,Central Stags,BM Tickner,JR Lennox,TF van Woerkom,0,0,,,,,,"",""
ball,3,68.4,Central Stags,BM Tickner,JR Lennox,TF van Woerkom,0,0,,,,,,"",""
ball,3,68.5,Central Stags,BM Tickner,JR Lennox,TF van Woerkom,0,0,,,,,,"",""
ball,3,68.6,Central Stags,BM Tickner,JR Lennox,TF van Woerkom,1,0,,,,,,"",""
ball,3,69.1,Central Stags,BM Tickner,JR Lennox,SB Davey,0,0,,,,,,"",""
ball,3,69.2,Central Stags,BM Tickner,JR Lennox,SB Davey,0,0,,,,,,"",""
ball,3,69.3,Central Stags,BM Tickner,JR Lennox,SB Davey,0,0,,,,,,"",""
ball,3,69.4,Central Stags,BM Tickner,JR Lennox,SB Davey,0,0,,,,,,"",""
ball,3,69.5,Central Stags,BM Tickner,JR Lennox,SB Davey,0,0,,,,,,"",""
ball,3,69.6,Central Stags,BM Tickner,JR Lennox,SB Davey,1,0,,,,,,"",""
ball,3,70.1,Central Stags,BM Tickner,JR Lennox,TF van Woerkom,0,0,,,,,,"",""
ball,3,70.2,Central Stags,BM Tickner,JR Lennox,TF van Woerkom,0,0,,,,,,"",""
ball,3,70.3,Central Stags,BM Tickner,JR Lennox,TF van Woerkom,0,0,,,,,,"",""
ball,3,70.4,Central Stags,BM Tickner,JR Lennox,TF van Woerkom,0,0,,,,,,"",""
ball,3,70.5,Central Stags,BM Tickner,JR Lennox,TF van Woerkom,0,0,,,,,,"",""
ball,3,70.6,Central Stags,BM Tickner,JR Lennox,TF van Woerkom,0,0,,,,,,"",""
ball,3,71.1,Central Stags,JR Lennox,BM Tickner,SB Davey,0,0,,,,,,"",""
ball,3,71.2,Central Stags,JR Lennox,BM Tickner,SB Davey,0,0,,,,,,"",""
ball,3,71.3,Central Stags,JR Lennox,BM Tickner,SB Davey,0,0,,,,,,"",""
ball,3,71.4,Central Stags,JR Lennox,BM Tickner,SB Davey,0,0,,,,,,bowled,JR Lennox
ball,3,71.5,Central Stags,RL Toole,BM Tickner,SB Davey,0,0,,,,,,"",""
ball,3,71.6,Central Stags,RL Toole,BM Tickner,SB Davey,0,0,,,,,,"",""
ball,3,72.1,Central Stags,BM Tickner,RL Toole,TF van Woerkom,0,0,,,,,,"",""
ball,3,72.2,Central Stags,BM Tickner,RL Toole,TF van Woerkom,0,0,,,,,,"",""
ball,3,72.3,Central Stags,BM Tickner,RL Toole,TF van Woerkom,0,0,,,,,,"",""
ball,3,72.4,Central Stags,BM Tickner,RL Toole,TF van Woerkom,0,0,,,,,,"",""
ball,3,72.5,Central Stags,BM Tickner,RL Toole,TF van Woerkom,4,0,,,,,,"",""
ball,3,72.6,Central Stags,BM Tickner,RL Toole,TF van Woerkom,0,0,,,,,,"",""
ball,3,73.1,Central Stags,RL Toole,BM Tickner,SB Davey,0,0,,,,,,"",""
ball,3,73.2,Central Stags,RL Toole,BM Tickner,SB Davey,0,0,,,,,,"",""
ball,3,73.3,Central Stags,RL Toole,BM Tickner,SB Davey,0,0,,,,,,"",""
ball,3,73.4,Central Stags,RL Toole,BM Tickner,SB Davey,0,0,,,,,,"",""
ball,3,73.5,Central Stags,RL Toole,BM Tickner,SB Davey,0,0,,,,,,"",""
ball,3,73.6,Central Stags,RL Toole,BM Tickner,SB Davey,0,0,,,,,,"",""
ball,3,74.1,Central Stags,BM Tickner,RL Toole,TF van Woerkom,0,0,,,,,,"",""
ball,3,74.2,Central Stags,BM Tickner,RL Toole,TF van Woerkom,0,0,,,,,,"",""
ball,3,74.3,Central Stags,BM Tickner,RL Toole,TF van Woerkom,0,0,,,,,,"",""
ball,3,74.4,Central Stags,BM Tickner,RL Toole,TF van Woerkom,0,0,,,,,,"",""
ball,3,74.5,Central Stags,BM Tickner,RL Toole,TF van Woerkom,0,0,,,,,,"",""
ball,3,74.6,Central Stags,BM Tickner,RL Toole,TF van Woerkom,3,0,,,,,,"",""
ball,3,75.1,Central Stags,BM Tickner,RL Toole,CE McConchie,0,0,,,,,,"",""
ball,3,75.2,Central Stags,BM Tickner,RL Toole,CE McConchie,0,0,,,,,,"",""
ball,3,75.3,Central Stags,BM Tickner,RL Toole,CE McConchie,0,0,,,,,,"",""
ball,3,75.4,Central Stags,BM Tickner,RL Toole,CE McConchie,0,2,,,,2,,"",""
ball,3,75.5,Central Stags,BM Tickner,RL Toole,CE McConchie,0,0,,,,,,"",""
ball,3,75.6,Central Stags,BM Tickner,RL Toole,CE McConchie,0,0,,,,,,"",""
ball,3,76.1,Central Stags,RL Toole,BM Tickner,TF van Woerkom,0,0,,,,,,"",""
ball,3,76.2,Central Stags,RL Toole,BM Tickner,TF van Woerkom,3,0,,,,,,"",""
ball,3,76.3,Central Stags,BM Tickner,RL Toole,TF van Woerkom,1,0,,,,,,"",""
ball,3,76.4,Central Stags,RL Toole,BM Tickner,TF van Woerkom,0,0,,,,,,"",""
ball,3,76.5,Central Stags,RL Toole,BM Tickner,TF van Woerkom,0,0,,,,,,"",""
ball,3,76.6,Central Stags,RL Toole,BM Tickner,TF van Woerkom,0,0,,,,,,"",""
ball,3,77.1,Central Stags,BM Tickner,RL Toole,CE McConchie,0,0,,,,,,"",""
ball,3,77.2,Central Stags,BM Tickner,RL Toole,CE McConchie,2,0,,,,,,"",""
ball,3,77.3,Central Stags,BM Tickner,RL Toole,CE McConchie,0,0,,,,,,"",""
ball,3,77.4,Central Stags,BM Tickner,RL Toole,CE McConchie,0,0,,,,,,"",""
ball,3,77.5,Central Stags,BM Tickner,RL Toole,CE McConchie,0,0,,,,,,"",""
ball,3,77.6,Central Stags,BM Tickner,RL Toole,CE McConchie,0,0,,,,,,"",""
ball,3,78.1,Central Stags,RL Toole,BM Tickner,TF van Woerkom,0,0,,,,,,"",""
ball,3,78.2,Central Stags,RL Toole,BM Tickner,TF van Woerkom,0,0,,,,,,"",""
ball,3,78.3,Central Stags,RL Toole,BM Tickner,TF van Woerkom,0,0,,,,,,"",""
ball,3,78.4,Central Stags,RL Toole,BM Tickner,TF van Woerkom,0,0,,,,,,"",""
ball,3,78.5,Central Stags,RL Toole,BM Tickner,TF van Woerkom,2,0,,,,,,"",""
ball,3,78.6,Central Stags,RL Toole,BM Tickner,TF van Woerkom,0,0,,,,,,"",""
ball,3,79.1,Central Stags,BM Tickner,RL Toole,CE McConchie,1,0,,,,,,"",""
ball,3,79.2,Central Stags,RL Toole,BM Tickner,CE McConchie,0,0,,,,,,"",""
ball,3,79.3,Central Stags,RL Toole,BM Tickner,CE McConchie,0,0,,,,,,"",""
ball,3,79.4,Central Stags,RL Toole,BM Tickner,CE McConchie,0,0,,,,,,"",""
ball,3,79.5,Central Stags,RL Toole,BM Tickner,CE McConchie,0,0,,,,,,"",""
ball,3,79.6,Central Stags,RL Toole,BM Tickner,CE McConchie,0,0,,,,,,"",""
ball,3,80.1,Central Stags,BM Tickner,RL Toole,TF van Woerkom,0,0,,,,,,"",""
ball,3,80.2,Central Stags,BM Tickner,RL Toole,TF van Woerkom,0,0,,,,,,"",""
ball,3,80.3,Central Stags,BM Tickner,RL Toole,TF van Woerkom,0,0,,,,,,"",""
ball,3,80.4,Central Stags,BM Tickner,RL Toole,TF van Woerkom,0,0,,,,,,"",""
ball,3,80.5,Central Stags,BM Tickner,RL Toole,TF van Woerkom,0,0,,,,,,"",""
ball,3,80.6,Central Stags,BM Tickner,RL Toole,TF van Woerkom,0,0,,,,,,"",""
ball,3,81.1,Central Stags,RL Toole,BM Tickner,WSA Williams,0,0,,,,,,"",""
ball,3,81.2,Central Stags,RL Toole,BM Tickner,WSA Williams,0,0,,,,,,"",""
ball,3,81.3,Central Stags,RL Toole,BM Tickner,WSA Williams,0,0,,,,,,"",""
ball,3,81.4,Central Stags,RL Toole,BM Tickner,WSA Williams,0,0,,,,,,"",""
ball,3,81.5,Central Stags,RL Toole,BM Tickner,WSA Williams,0,0,,,,,,"",""
ball,3,81.6,Central Stags,RL Toole,BM Tickner,WSA Williams,0,0,,,,,,"",""
ball,3,82.1,Central Stags,BM Tickner,RL Toole,FW Sheat,0,0,,,,,,"",""
ball,3,82.2,Central Stags,BM Tickner,RL Toole,FW Sheat,0,0,,,,,,"",""
ball,3,82.3,Central Stags,BM Tickner,RL Toole,FW Sheat,0,0,,,,,,"",""
ball,3,82.4,Central Stags,BM Tickner,RL Toole,FW Sheat,0,0,,,,,,"",""
ball,3,82.5,Central Stags,BM Tickner,RL Toole,FW Sheat,0,0,,,,,,"",""
ball,3,82.6,Central Stags,BM Tickner,RL Toole,FW Sheat,0,0,,,,,,caught,BM Tickner
ball,4,0.1,Canterbury,CJ Bowes,JCT Boyle,DAJ Bracewell,0,0,,,,,,"",""
ball,4,0.2,Canterbury,CJ Bowes,JCT Boyle,DAJ Bracewell,0,0,,,,,,"",""
ball,4,0.3,Canterbury,CJ Bowes,JCT Boyle,DAJ Bracewell,0,0,,,,,,"",""
ball,4,0.4,Canterbury,CJ Bowes,JCT Boyle,DAJ Bracewell,1,0,,,,,,"",""
ball,4,0.5,Canterbury,JCT Boyle,CJ Bowes,DAJ Bracewell,0,0,,,,,,"",""
ball,4,0.6,Canterbury,JCT Boyle,CJ Bowes,DAJ Bracewell,0,0,,,,,,"",""
ball,4,1.1,Canterbury,CJ Bowes,JCT Boyle,BM Tickner,3,0,,,,,,"",""
ball,4,1.2,Canterbury,JCT Boyle,CJ Bowes,BM Tickner,0,0,,,,,,"",""
ball,4,1.3,Canterbury,JCT Boyle,CJ Bowes,BM Tickner,0,0,,,,,,"",""
ball,4,1.4,Canterbury,JCT Boyle,CJ Bowes,BM Tickner,0,0,,,,,,"",""
ball,4,1.5,Canterbury,JCT Boyle,CJ Bowes,BM Tickner,0,0,,,,,,"",""
ball,4,1.6,Canterbury,JCT Boyle,CJ Bowes,BM Tickner,0,0,,,,,,"",""
ball,4,2.1,Canterbury,CJ Bowes,JCT Boyle,DAJ Bracewell,1,0,,,,,,"",""
ball,4,2.2,Canterbury,JCT Boyle,CJ Bowes,DAJ Bracewell,0,0,,,,,,"",""
ball,4,2.3,Canterbury,JCT Boyle,CJ Bowes,DAJ Bracewell,0,0,,,,,,"",""
ball,4,2.4,Canterbury,JCT Boyle,CJ Bowes,DAJ Bracewell,0,0,,,,,,"",""
ball,4,2.5,Canterbury,JCT Boyle,CJ Bowes,DAJ Bracewell,0,0,,,,,,"",""
ball,4,2.6,Canterbury,JCT Boyle,CJ Bowes,DAJ Bracewell,0,0,,,,,,"",""
ball,4,3.1,Canterbury,CJ Bowes,JCT Boyle,BM Tickner,0,0,,,,,,"",""
ball,4,3.2,Canterbury,CJ Bowes,JCT Boyle,BM Tickner,0,0,,,,,,"",""
ball,4,3.3,Canterbury,CJ Bowes,JCT Boyle,BM Tickner,4,0,,,,,,"",""
ball,4,3.4,Canterbury,CJ Bowes,JCT Boyle,BM Tickner,0,0,,,,,,"",""
ball,4,3.5,Canterbury,CJ Bowes,JCT Boyle,BM Tickner,0,0,,,,,,"",""
ball,4,3.6,Canterbury,CJ Bowes,JCT Boyle,BM Tickner,0,0,,,,,,"",""
ball,4,4.1,Canterbury,JCT Boyle,CJ Bowes,DAJ Bracewell,0,0,,,,,,"",""
ball,4,4.2,Canterbury,JCT Boyle,CJ Bowes,DAJ Bracewell,0,0,,,,,,"",""
ball,4,4.3,Canterbury,JCT Boyle,CJ Bowes,DAJ Bracewell,4,0,,,,,,"",""
ball,4,4.4,Canterbury,JCT Boyle,CJ Bowes,DAJ Bracewell,0,0,,,,,,"",""
ball,4,4.5,Canterbury,JCT Boyle,CJ Bowes,DAJ Bracewell,0,0,,,,,,"",""
ball,4,4.6,Canterbury,JCT Boyle,CJ Bowes,DAJ Bracewell,0,0,,,,,,"",""
ball,4,5.1,Canterbury,CJ Bowes,JCT Boyle,BM Tickner,1,0,,,,,,"",""
ball,4,5.2,Canterbury,JCT Boyle,CJ Bowes,BM Tickner,0,0,,,,,,"",""
ball,4,5.3,Canterbury,JCT Boyle,CJ Bowes,BM Tickner,0,0,,,,,,"",""
ball,4,5.4,Canterbury,JCT Boyle,CJ Bowes,BM Tickner,0,0,,,,,,"",""
ball,4,5.5,Canterbury,JCT Boyle,CJ Bowes,BM Tickner,0,0,,,,,,"",""
ball,4,5.6,Canterbury,JCT Boyle,CJ Bowes,BM Tickner,4,0,,,,,,"",""
ball,4,6.1,Canterbury,CJ Bowes,JCT Boyle,DAJ Bracewell,0,0,,,,,,"",""
ball,4,6.2,Canterbury,CJ Bowes,JCT Boyle,DAJ Bracewell,0,0,,,,,,"",""
ball,4,6.3,Canterbury,CJ Bowes,JCT Boyle,DAJ Bracewell,1,0,,,,,,"",""
ball,4,6.4,Canterbury,JCT Boyle,CJ Bowes,DAJ Bracewell,0,0,,,,,,"",""
ball,4,6.5,Canterbury,JCT Boyle,CJ Bowes,DAJ Bracewell,0,0,,,,,,"",""
ball,4,6.6,Canterbury,JCT Boyle,CJ Bowes,DAJ Bracewell,4,0,,,,,,"",""
ball,4,7.1,Canterbury,CJ Bowes,JCT Boyle,BM Tickner,1,0,,,,,,"",""
ball,4,7.2,Canterbury,JCT Boyle,CJ Bowes,BM Tickner,0,0,,,,,,"",""
ball,4,7.3,Canterbury,JCT Boyle,CJ Bowes,BM Tickner,0,0,,,,,,"",""
ball,4,7.4,Canterbury,JCT Boyle,CJ Bowes,BM Tickner,0,0,,,,,,caught,JCT Boyle
ball,4,7.5,Canterbury,KJ McClure,CJ Bowes,BM Tickner,0,0,,,,,,"",""
ball,4,7.6,Canterbury,KJ McClure,CJ Bowes,BM Tickner,0,0,,,,,,"",""
ball,4,8.1,Canterbury,CJ Bowes,KJ McClure,DAJ Bracewell,1,0,,,,,,"",""
ball,4,8.2,Canterbury,KJ McClure,CJ Bowes,DAJ Bracewell,0,0,,,,,,"",""
ball,4,8.3,Canterbury,KJ McClure,CJ Bowes,DAJ Bracewell,0,0,,,,,,"",""
ball,4,8.4,Canterbury,KJ McClure,CJ Bowes,DAJ Bracewell,0,0,,,,,,"",""
ball,4,8.5,Canterbury,KJ McClure,CJ Bowes,DAJ Bracewell,0,0,,,,,,"",""
ball,4,8.6,Canterbury,KJ McClure,CJ Bowes,DAJ Bracewell,0,0,,,,,,"",""
ball,4,9.1,Canterbury,CJ Bowes,KJ McClure,BM Tickner,2,0,,,,,,"",""
ball,4,9.2,Canterbury,CJ Bowes,KJ McClure,BM Tickner,4,0,,,,,,"",""
ball,4,9.3,Canterbury,CJ Bowes,KJ McClure,BM Tickner,0,0,,,,,,"",""
ball,4,9.4,Canterbury,CJ Bowes,KJ McClure,BM Tickner,1,0,,,,,,"",""
ball,4,9.5,Canterbury,KJ McClure,CJ Bowes,BM Tickner,2,0,,,,,,"",""
ball,4,9.6,Canterbury,KJ McClure,CJ Bowes,BM Tickner,0,0,,,,,,"",""
ball,4,10.1,Canterbury,CJ Bowes,KJ McClure,JA Clarkson,0,0,,,,,,"",""
ball,4,10.2,Canterbury,CJ Bowes,KJ McClure,JA Clarkson,0,0,,,,,,"",""
ball,4,10.3,Canterbury,CJ Bowes,KJ McClure,JA Clarkson,4,0,,,,,,"",""
ball,4,10.4,Canterbury,CJ Bowes,KJ McClure,JA Clarkson,0,0,,,,,,"",""
ball,4,10.5,Canterbury,CJ Bowes,KJ McClure,JA Clarkson,1,0,,,,,,"",""
