version,1.7.0
info,balls_per_over,6
info,team,Central Stags
info,team,Otago Volts
info,gender,male
info,season,2021/22
info,date,2021/10/31
info,date,2021/11/01
info,date,2021/11/02
info,date,2021/11/03
info,event,Plunket Shield
info,match_number,4
info,venue,"University Oval, Dunedin"
info,city,Dunedin
info,toss_winner,Central Stags
info,toss_decision,bat
info,umpire,JAK Bromley
info,umpire,SB Haig
info,match_referee,GAV Baxter
info,outcome,draw
info,player,Otago Volts,HD Rutherford
info,player,Otago Volts,M Renwick
info,player,Otago Volts,DN Phillips
info,player,Otago Volts,NF Kelly
info,player,Otago Volts,AK Kitchen
info,player,Otago Volts,MJG Rippon
info,player,Otago Volts,MW Chu
info,player,Otago Volts,AW McKenzie
info,player,Otago Volts,JM Gibson
info,player,Otago Volts,JA Duffy
info,player,Otago Volts,T Muller
info,player,Central Stags,GR Hay
info,player,Central Stags,BL Wiggins
info,player,Central Stags,BD Schmulian
info,player,Central Stags,D Cleaver
info,player,Central Stags,TC Bruce
info,player,Central Stags,DAJ Bracewell
info,player,Central Stags,JA Clarkson
info,player,Central Stags,BM Wheeler
info,player,Central Stags,BM Tickner
info,player,Central Stags,JR Lennox
info,player,Central Stags,RL Toole
info,registry,people,AK Kitchen,63a1874a
info,registry,people,AW McKenzie,b53136ce
info,registry,people,BD Schmulian,25dcd237
info,registry,people,BL Wiggins,d4320277
info,registry,people,BM Tickner,48ad3373
info,registry,people,BM Wheeler,397f4d3a
info,registry,people,D Cleaver,e3a949be
info,registry,people,DAJ Bracewell,2e9fdf9b
info,registry,people,DN Phillips,be0c9f5b
info,registry,people,GAV Baxter,cb4b3ab0
info,registry,people,GR Hay,5bcd48df
info,registry,people,HD Rutherford,0605de92
info,registry,people,JA Clarkson,bed90114
info,registry,people,JA Duffy,dadbdb68
info,registry,people,JAK Bromley,ccf7baaf
info,registry,people,JM Gibson,e3aa97a2
info,registry,people,JR Lennox,07793daf
info,registry,people,M Renwick,b862ef08
info,registry,people,MJG Rippon,b03db6fa
info,registry,people,MW Chu,ef9f75f8
info,registry,people,NF Kelly,97f437ed
info,registry,people,RL Toole,2fef3b0c
info,registry,people,SB Haig,811655b3
info,registry,people,T Muller,ebb1f8e8
info,registry,people,TC Bruce,f92c9151
ball,1,0.1,Central Stags,GR Hay,BL Wiggins,JA Duffy,0,0,,,,,,"",""
ball,1,0.2,Central Stags,GR Hay,BL Wiggins,JA Duffy,0,0,,,,,,"",""
ball,1,0.3,Central Stags,GR Hay,BL Wiggins,JA Duffy,0,0,,,,,,"",""
ball,1,0.4,Central Stags,GR Hay,BL Wiggins,JA Duffy,0,0,,,,,,"",""
ball,1,0.5,Central Stags,GR Hay,BL Wiggins,JA Duffy,0,0,,,,,,"",""
ball,1,0.6,Central Stags,GR Hay,BL Wiggins,JA Duffy,0,0,,,,,,"",""
ball,1,1.1,Central Stags,BL Wiggins,GR Hay,JM Gibson,0,0,,,,,,"",""
ball,1,1.2,Central Stags,BL Wiggins,GR Hay,JM Gibson,0,0,,,,,,"",""
ball,1,1.3,Central Stags,BL Wiggins,GR Hay,JM Gibson,0,0,,,,,,caught,BL Wiggins
ball,1,1.4,Central Stags,BD Schmulian,GR Hay,JM Gibson,0,0,,,,,,"",""
ball,1,1.5,Central Stags,BD Schmulian,GR Hay,JM Gibson,0,0,,,,,,"",""
ball,1,1.6,Central Stags,BD Schmulian,GR Hay,JM Gibson,0,0,,,,,,"",""
ball,1,2.1,Central Stags,GR Hay,BD Schmulian,JA Duffy,1,0,,,,,,"",""
ball,1,2.2,Central Stags,BD Schmulian,GR Hay,JA Duffy,0,0,,,,,,"",""
ball,1,2.3,Central Stags,BD Schmulian,GR Hay,JA Duffy,1,0,,,,,,"",""
ball,1,2.4,Central Stags,GR Hay,BD Schmulian,JA Duffy,1,0,,,,,,"",""
ball,1,2.5,Central Stags,BD Schmulian,GR Hay,JA Duffy,0,0,,,,,,"",""
ball,1,2.6,Central Stags,BD Schmulian,GR Hay,JA Duffy,0,0,,,,,,"",""
ball,1,3.1,Central Stags,GR Hay,BD Schmulian,JM Gibson,0,0,,,,,,"",""
ball,1,3.2,Central Stags,GR Hay,BD Schmulian,JM Gibson,2,0,,,,,,"",""
ball,1,3.3,Central Stags,GR Hay,BD Schmulian,JM Gibson,0,0,,,,,,"",""
ball,1,3.4,Central Stags,GR Hay,BD Schmulian,JM Gibson,0,0,,,,,,"",""
ball,1,3.5,Central Stags,GR Hay,BD Schmulian,JM Gibson,2,0,,,,,,"",""
ball,1,3.6,Central Stags,GR Hay,BD Schmulian,JM Gibson,1,0,,,,,,"",""
ball,1,4.1,Central Stags,GR Hay,BD Schmulian,JA Duffy,0,0,,,,,,"",""
ball,1,4.2,Central Stags,GR Hay,BD Schmulian,JA Duffy,0,0,,,,,,"",""
ball,1,4.3,Central Stags,GR Hay,BD Schmulian,JA Duffy,3,0,,,,,,"",""
ball,1,4.4,Central Stags,BD Schmulian,GR Hay,JA Duffy,0,0,,,,,,"",""
ball,1,4.5,Central Stags,BD Schmulian,GR Hay,JA Duffy,0,0,,,,,,"",""
ball,1,4.6,Central Stags,BD Schmulian,GR Hay,JA Duffy,0,0,,,,,,caught,BD Schmulian
ball,1,5.1,Central Stags,GR Hay,D Cleaver,JM Gibson,0,0,,,,,,"",""
ball,1,5.2,Central Stags,GR Hay,D Cleaver,JM Gibson,0,0,,,,,,"",""
ball,1,5.3,Central Stags,GR Hay,D Cleaver,JM Gibson,0,0,,,,,,"",""
ball,1,5.4,Central Stags,GR Hay,D Cleaver,JM Gibson,0,0,,,,,,"",""
ball,1,5.5,Central Stags,GR Hay,D Cleaver,JM Gibson,0,0,,,,,,"",""
ball,1,5.6,Central Stags,GR Hay,D Cleaver,JM Gibson,0,0,,,,,,"",""
ball,1,6.1,Central Stags,D Cleaver,GR Hay,JA Duffy,0,0,,,,,,"",""
ball,1,6.2,Central Stags,D Cleaver,GR Hay,JA Duffy,0,0,,,,,,"",""
ball,1,6.3,Central Stags,D Cleaver,GR Hay,JA Duffy,0,0,,,,,,"",""
ball,1,6.4,Central Stags,D Cleaver,GR Hay,JA Duffy,0,0,,,,,,"",""
ball,1,6.5,Central Stags,D Cleaver,GR Hay,JA Duffy,0,0,,,,,,"",""
ball,1,6.6,Central Stags,D Cleaver,GR Hay,JA Duffy,0,0,,,,,,"",""
ball,1,7.1,Central Stags,GR Hay,D Cleaver,T Muller,1,0,,,,,,"",""
ball,1,7.2,Central Stags,D Cleaver,GR Hay,T Muller,0,0,,,,,,"",""
ball,1,7.3,Central Stags,D Cleaver,GR Hay,T Muller,0,0,,,,,,"",""
ball,1,7.4,Central Stags,D Cleaver,GR Hay,T Muller,0,0,,,,,,"",""
ball,1,7.5,Central Stags,D Cleaver,GR Hay,T Muller,0,0,,,,,,"",""
ball,1,7.6,Central Stags,D Cleaver,GR Hay,T Muller,0,0,,,,,,"",""
ball,1,8.1,Central Stags,GR Hay,D Cleaver,JA Duffy,0,0,,,,,,"",""
ball,1,8.2,Central Stags,GR Hay,D Cleaver,JA Duffy,0,0,,,,,,"",""
ball,1,8.3,Central Stags,GR Hay,D Cleaver,JA Duffy,0,0,,,,,,"",""
ball,1,8.4,Central Stags,GR Hay,D Cleaver,JA Duffy,0,0,,,,,,"",""
ball,1,8.5,Central Stags,GR Hay,D Cleaver,JA Duffy,0,0,,,,,,"",""
ball,1,8.6,Central Stags,GR Hay,D Cleaver,JA Duffy,0,0,,,,,,"",""
ball,1,9.1,Central Stags,D Cleaver,GR Hay,T Muller,4,0,,,,,,"",""
ball,1,9.2,Central Stags,D Cleaver,GR Hay,T Muller,4,0,,,,,,"",""
ball,1,9.3,Central Stags,D Cleaver,GR Hay,T Muller,1,0,,,,,,"",""
ball,1,9.4,Central Stags,GR Hay,D Cleaver,T Muller,0,0,,,,,,"",""
ball,1,9.5,Central Stags,GR Hay,D Cleaver,T Muller,0,1,,1,,,,"",""
ball,1,9.6,Central Stags,GR Hay,D Cleaver,T Muller,4,0,,,,,,"",""
ball,1,9.7,Central Stags,GR Hay,D Cleaver,T Muller,0,0,,,,,,"",""
ball,1,10.1,Central Stags,D Cleaver,GR Hay,JA Duffy,0,0,,,,,,"",""
ball,1,10.2,Central Stags,D Cleaver,GR Hay,JA Duffy,0,0,,,,,,"",""
ball,1,10.3,Central Stags,D Cleaver,GR Hay,JA Duffy,0,0,,,,,,"",""
ball,1,10.4,Central Stags,D Cleaver,GR Hay,JA Duffy,0,0,,,,,,"",""
ball,1,10.5,Central Stags,D Cleaver,GR Hay,JA Duffy,0,0,,,,,,"",""
ball,1,10.6,Central Stags,D Cleaver,GR Hay,JA Duffy,0,0,,,,,,"",""
ball,1,11.1,Central Stags,GR Hay,D Cleaver,T Muller,0,0,,,,,,"",""
ball,1,11.2,Central Stags,GR Hay,D Cleaver,T Muller,1,0,,,,,,"",""
ball,1,11.3,Central Stags,D Cleaver,GR Hay,T Muller,2,0,,,,,,"",""
ball,1,11.4,Central Stags,D Cleaver,GR Hay,T Muller,0,0,,,,,,"",""
ball,1,11.5,Central Stags,D Cleaver,GR Hay,T Muller,0,0,,,,,,"",""
ball,1,11.6,Central Stags,D Cleaver,GR Hay,T Muller,1,0,,,,,,"",""
ball,1,12.1,Central Stags,D Cleaver,GR Hay,JA Duffy,0,0,,,,,,"",""
ball,1,12.2,Central Stags,D Cleaver,GR Hay,JA Duffy,0,0,,,,,,"",""
ball,1,12.3,Central Stags,D Cleaver,GR Hay,JA Duffy,0,0,,,,,,"",""
ball,1,12.4,Central Stags,D Cleaver,GR Hay,JA Duffy,0,5,,,,5,,"",""
ball,1,12.5,Central Stags,GR Hay,D Cleaver,JA Duffy,0,0,,,,,,"",""
ball,1,12.6,Central Stags,GR Hay,D Cleaver,JA Duffy,0,0,,,,,,"",""
ball,1,13.1,Central Stags,D Cleaver,GR Hay,T Muller,0,0,,,,,,"",""
ball,1,13.2,Central Stags,D Cleaver,GR Hay,T Muller,0,0,,,,,,"",""
ball,1,13.3,Central Stags,D Cleaver,GR Hay,T Muller,0,0,,,,,,"",""
ball,1,13.4,Central Stags,D Cleaver,GR Hay,T Muller,3,1,,1,,,,"",""
ball,1,13.5,Central Stags,GR Hay,D Cleaver,T Muller,0,0,,,,,,"",""
ball,1,13.6,Central Stags,GR Hay,D Cleaver,T Muller,1,0,,,,,,"",""
ball,1,13.7,Central Stags,D Cleaver,GR Hay,T Muller,0,0,,,,,,"",""
ball,1,14.1,Central Stags,GR Hay,D Cleaver,AW McKenzie,0,0,,,,,,"",""
ball,1,14.2,Central Stags,GR Hay,D Cleaver,AW McKenzie,0,0,,,,,,"",""
ball,1,14.3,Central Stags,GR Hay,D Cleaver,AW McKenzie,0,0,,,,,,"",""
ball,1,14.4,Central Stags,GR Hay,D Cleaver,AW McKenzie,0,0,,,,,,"",""
ball,1,14.5,Central Stags,GR Hay,D Cleaver,AW McKenzie,0,0,,,,,,"",""
ball,1,14.6,Central Stags,GR Hay,D Cleaver,AW McKenzie,0,0,,,,,,"",""
ball,1,15.1,Central Stags,D Cleaver,GR Hay,T Muller,0,0,,,,,,"",""
ball,1,15.2,Central Stags,D Cleaver,GR Hay,T Muller,0,0,,,,,,"",""
ball,1,15.3,Central Stags,D Cleaver,GR Hay,T Muller,1,0,,,,,,"",""
ball,1,15.4,Central Stags,GR Hay,D Cleaver,T Muller,0,0,,,,,,"",""
ball,1,15.5,Central Stags,GR Hay,D Cleaver,T Muller,4,0,,,,,,"",""
ball,1,15.6,Central Stags,GR Hay,D Cleaver,T Muller,1,0,,,,,,"",""
ball,1,16.1,Central Stags,GR Hay,D Cleaver,AW McKenzie,2,0,,,,,,"",""
ball,1,16.2,Central Stags,GR Hay,D Cleaver,AW McKenzie,0,0,,,,,,"",""
ball,1,16.3,Central Stags,GR Hay,D Cleaver,AW McKenzie,0,0,,,,,,"",""
ball,1,16.4,Central Stags,GR Hay,D Cleaver,AW McKenzie,0,0,,,,,,"",""
ball,1,16.5,Central Stags,GR Hay,D Cleaver,AW McKenzie,0,0,,,,,,"",""
ball,1,16.6,Central Stags,GR Hay,D Cleaver,AW McKenzie,0,0,,,,,,"",""
ball,1,17.1,Central Stags,D Cleaver,GR Hay,JM Gibson,0,0,,,,,,"",""
ball,1,17.2,Central Stags,D Cleaver,GR Hay,JM Gibson,0,0,,,,,,"",""
ball,1,17.3,Central Stags,D Cleaver,GR Hay,JM Gibson,0,0,,,,,,"",""
ball,1,17.4,Central Stags,D Cleaver,GR Hay,JM Gibson,0,0,,,,,,"",""
ball,1,17.5,Central Stags,D Cleaver,GR Hay,JM Gibson,0,0,,,,,,"",""
ball,1,17.6,Central Stags,D Cleaver,GR Hay,JM Gibson,0,0,,,,,,"",""
ball,1,18.1,Central Stags,GR Hay,D Cleaver,AW McKenzie,0,0,,,,,,"",""
ball,1,18.2,Central Stags,GR Hay,D Cleaver,AW McKenzie,1,0,,,,,,"",""
ball,1,18.3,Central Stags,D Cleaver,GR Hay,AW McKenzie,0,0,,,,,,"",""
ball,1,18.4,Central Stags,D Cleaver,GR Hay,AW McKenzie,0,0,,,,,,"",""
ball,1,18.5,Central Stags,D Cleaver,GR Hay,AW McKenzie,0,0,,,,,,"",""
ball,1,18.6,Central Stags,D Cleaver,GR Hay,AW McKenzie,0,0,,,,,,"",""
ball,1,19.1,Central Stags,GR Hay,D Cleaver,JM Gibson,3,0,,,,,,"",""
ball,1,19.2,Central Stags,D Cleaver,GR Hay,JM Gibson,0,0,,,,,,"",""
ball,1,19.3,Central Stags,D Cleaver,GR Hay,JM Gibson,0,0,,,,,,"",""
ball,1,19.4,Central Stags,D Cleaver,GR Hay,JM Gibson,0,0,,,,,,"",""
ball,1,19.5,Central Stags,D Cleaver,GR Hay,JM Gibson,1,0,,,,,,"",""
ball,1,19.6,Central Stags,GR Hay,D Cleaver,JM Gibson,0,0,,,,,,"",""
ball,1,20.1,Central Stags,D Cleaver,GR Hay,AW McKenzie,4,0,,,,,,"",""
ball,1,20.2,Central Stags,D Cleaver,GR Hay,AW McKenzie,0,0,,,,,,"",""
ball,1,20.3,Central Stags,D Cleaver,GR Hay,AW McKenzie,0,0,,,,,,"",""
ball,1,20.4,Central Stags,D Cleaver,GR Hay,AW McKenzie,0,0,,,,,,"",""
ball,1,20.5,Central Stags,D Cleaver,GR Hay,AW McKenzie,0,0,,,,,,"",""
ball,1,20.6,Central Stags,D Cleaver,GR Hay,AW McKenzie,1,0,,,,,,"",""
ball,1,21.1,Central Stags,D Cleaver,GR Hay,JM Gibson,0,0,,,,,,"",""
ball,1,21.2,Central Stags,D Cleaver,GR Hay,JM Gibson,0,0,,,,,,"",""
ball,1,21.3,Central Stags,D Cleaver,GR Hay,JM Gibson,0,0,,,,,,"",""
ball,1,21.4,Central Stags,D Cleaver,GR Hay,JM Gibson,0,0,,,,,,"",""
ball,1,21.5,Central Stags,D Cleaver,GR Hay,JM Gibson,4,0,,,,,,"",""
ball,1,21.6,Central Stags,D Cleaver,GR Hay,JM Gibson,0,0,,,,,,"",""
ball,1,22.1,Central Stags,GR Hay,D Cleaver,AW McKenzie,0,0,,,,,,"",""
ball,1,22.2,Central Stags,GR Hay,D Cleaver,AW McKenzie,0,0,,,,,,"",""
ball,1,22.3,Central Stags,GR Hay,D Cleaver,AW McKenzie,0,0,,,,,,"",""
ball,1,22.4,Central Stags,GR Hay,D Cleaver,AW McKenzie,0,0,,,,,,"",""
ball,1,22.5,Central Stags,GR Hay,D Cleaver,AW McKenzie,0,0,,,,,,"",""
ball,1,22.6,Central Stags,GR Hay,D Cleaver,AW McKenzie,0,0,,,,,,"",""
ball,1,23.1,Central Stags,D Cleaver,GR Hay,JM Gibson,0,0,,,,,,"",""
ball,1,23.2,Central Stags,D Cleaver,GR Hay,JM Gibson,4,0,,,,,,"",""
ball,1,23.3,Central Stags,D Cleaver,GR Hay,JM Gibson,0,0,,,,,,"",""
ball,1,23.4,Central Stags,D Cleaver,GR Hay,JM Gibson,0,0,,,,,,bowled,D Cleaver
ball,1,23.5,Central Stags,TC Bruce,GR Hay,JM Gibson,0,0,,,,,,"",""
ball,1,23.6,Central Stags,TC Bruce,GR Hay,JM Gibson,0,0,,,,,,"",""
ball,1,24.1,Central Stags,GR Hay,TC Bruce,AW McKenzie,0,0,,,,,,"",""
ball,1,24.2,Central Stags,GR Hay,TC Bruce,AW McKenzie,0,0,,,,,,"",""
ball,1,24.3,Central Stags,GR Hay,TC Bruce,AW McKenzie,0,0,,,,,,"",""
ball,1,24.4,Central Stags,GR Hay,TC Bruce,AW McKenzie,0,0,,,,,,"",""
ball,1,24.5,Central Stags,GR Hay,TC Bruce,AW McKenzie,1,0,,,,,,"",""
ball,1,24.6,Central Stags,TC Bruce,GR Hay,AW McKenzie,1,0,,,,,,"",""
ball,1,25.1,Central Stags,TC Bruce,GR Hay,JM Gibson,2,0,,,,,,"",""
ball,1,25.2,Central Stags,TC Bruce,GR Hay,JM Gibson,3,0,,,,,,"",""
ball,1,25.3,Central Stags,GR Hay,TC Bruce,JM Gibson,0,0,,,,,,"",""
ball,1,25.4,Central Stags,GR Hay,TC Bruce,JM Gibson,6,0,,,,,,"",""
ball,1,25.5,Central Stags,GR Hay,TC Bruce,JM Gibson,0,0,,,,,,"",""
ball,1,25.6,Central Stags,GR Hay,TC Bruce,JM Gibson,0,0,,,,,,"",""
ball,1,26.1,Central Stags,TC Bruce,GR Hay,JA Duffy,1,0,,,,,,"",""
ball,1,26.2,Central Stags,GR Hay,TC Bruce,JA Duffy,0,0,,,,,,"",""
ball,1,26.3,Central Stags,GR Hay,TC Bruce,JA Duffy,0,0,,,,,,"",""
ball,1,26.4,Central Stags,GR Hay,TC Bruce,JA Duffy,0,0,,,,,,"",""
ball,1,26.5,Central Stags,GR Hay,TC Bruce,JA Duffy,0,0,,,,,,"",""
ball,1,26.6,Central Stags,GR Hay,TC Bruce,JA Duffy,0,0,,,,,,"",""
ball,1,27.1,Central Stags,TC Bruce,GR Hay,JM Gibson,0,0,,,,,,"",""
ball,1,27.2,Central Stags,TC Bruce,GR Hay,JM Gibson,0,0,,,,,,"",""
ball,1,27.3,Central Stags,TC Bruce,GR Hay,JM Gibson,0,0,,,,,,"",""
ball,1,27.4,Central Stags,TC Bruce,GR Hay,JM Gibson,0,0,,,,,,"",""
ball,1,27.5,Central Stags,TC Bruce,GR Hay,JM Gibson,3,0,,,,,,"",""
ball,1,27.6,Central Stags,GR Hay,TC Bruce,JM Gibson,0,0,,,,,,"",""
ball,1,28.1,Central Stags,TC Bruce,GR Hay,JA Duffy,0,0,,,,,,"",""
ball,1,28.2,Central Stags,TC Bruce,GR Hay,JA Duffy,0,0,,,,,,"",""
ball,1,28.3,Central Stags,TC Bruce,GR Hay,JA Duffy,0,0,,,,,,"",""
ball,1,28.4,Central Stags,TC Bruce,GR Hay,JA Duffy,4,0,,,,,,"",""
ball,1,28.5,Central Stags,TC Bruce,GR Hay,JA Duffy,0,0,,,,,,"",""
ball,1,28.6,Central Stags,TC Bruce,GR Hay,JA Duffy,0,0,,,,,,"",""
ball,1,29.1,Central Stags,GR Hay,TC Bruce,T Muller,0,0,,,,,,"",""
ball,1,29.2,Central Stags,GR Hay,TC Bruce,T Muller,0,0,,,,,,"",""
ball,1,29.3,Central Stags,GR Hay,TC Bruce,T Muller,0,0,,,,,,"",""
ball,1,29.4,Central Stags,GR Hay,TC Bruce,T Muller,0,1,,1,,,,"",""
ball,1,29.5,Central Stags,GR Hay,TC Bruce,T Muller,0,0,,,,,,"",""
ball,1,29.6,Central Stags,GR Hay,TC Bruce,T Muller,0,0,,,,,,"",""
ball,1,29.7,Central Stags,GR Hay,TC Bruce,T Muller,0,0,,,,,,"",""
ball,1,30.1,Central Stags,TC Bruce,GR Hay,JA Duffy,4,0,,,,,,"",""
ball,1,30.2,Central Stags,TC Bruce,GR Hay,JA Duffy,0,0,,,,,,"",""
ball,1,30.3,Central Stags,TC Bruce,GR Hay,JA Duffy,0,0,,,,,,"",""
ball,1,30.4,Central Stags,TC Bruce,GR Hay,JA Duffy,0,0,,,,,,"",""
ball,1,30.5,Central Stags,TC Bruce,GR Hay,JA Duffy,4,0,,,,,,"",""
ball,1,30.6,Central Stags,TC Bruce,GR Hay,JA Duffy,0,0,,,,,,"",""
ball,1,31.1,Central Stags,GR Hay,TC Bruce,T Muller,1,0,,,,,,"",""
ball,1,31.2,Central Stags,TC Bruce,GR Hay,T Muller,1,0,,,,,,"",""
ball,1,31.3,Central Stags,GR Hay,TC Bruce,T Muller,0,0,,,,,,"",""
ball,1,31.4,Central Stags,GR Hay,TC Bruce,T Muller,0,0,,,,,,"",""
ball,1,31.5,Central Stags,GR Hay,TC Bruce,T Muller,0,0,,,,,,"",""
ball,1,31.6,Central Stags,GR Hay,TC Bruce,T Muller,0,0,,,,,,"",""
ball,1,32.1,Central Stags,TC Bruce,GR Hay,JA Duffy,0,0,,,,,,"",""
ball,1,32.2,Central Stags,TC Bruce,GR Hay,JA Duffy,0,0,,,,,,"",""
ball,1,32.3,Central Stags,TC Bruce,GR Hay,JA Duffy,4,0,,,,,,"",""
ball,1,32.4,Central Stags,TC Bruce,GR Hay,JA Duffy,0,0,,,,,,"",""
ball,1,32.5,Central Stags,TC Bruce,GR Hay,JA Duffy,1,0,,,,,,"",""
ball,1,32.6,Central Stags,GR Hay,TC Bruce,JA Duffy,0,0,,,,,,"",""
ball,1,33.1,Central Stags,TC Bruce,GR Hay,JM Gibson,0,0,,,,,,"",""
ball,1,33.2,Central Stags,TC Bruce,GR Hay,JM Gibson,0,0,,,,,,"",""
ball,1,33.3,Central Stags,TC Bruce,GR Hay,JM Gibson,0,0,,,,,,"",""
ball,1,33.4,Central Stags,TC Bruce,GR Hay,JM Gibson,4,0,,,,,,"",""
ball,1,33.5,Central Stags,TC Bruce,GR Hay,JM Gibson,1,0,,,,,,"",""
ball,1,33.6,Central Stags,GR Hay,TC Bruce,JM Gibson,0,0,,,,,,"",""
ball,1,34.1,Central Stags,TC Bruce,GR Hay,JA Duffy,0,0,,,,,,"",""
ball,1,34.2,Central Stags,TC Bruce,GR Hay,JA Duffy,0,0,,,,,,"",""
ball,1,34.3,Central Stags,TC Bruce,GR Hay,JA Duffy,0,0,,,,,,"",""
ball,1,34.4,Central Stags,TC Bruce,GR Hay,JA Duffy,0,0,,,,,,"",""
ball,1,34.5,Central Stags,TC Bruce,GR Hay,JA Duffy,0,0,,,,,,"",""
ball,1,34.6,Central Stags,TC Bruce,GR Hay,JA Duffy,0,0,,,,,,"",""
ball,1,35.1,Central Stags,GR Hay,TC Bruce,JM Gibson,0,0,,,,,,"",""
ball,1,35.2,Central Stags,GR Hay,TC Bruce,JM Gibson,0,0,,,,,,"",""
ball,1,35.3,Central Stags,GR Hay,TC Bruce,JM Gibson,0,0,,,,,,"",""
ball,1,35.4,Central Stags,GR Hay,TC Bruce,JM Gibson,0,0,,,,,,"",""
ball,1,35.5,Central Stags,GR Hay,TC Bruce,JM Gibson,0,0,,,,,,"",""
ball,1,35.6,Central Stags,GR Hay,TC Bruce,JM Gibson,0,0,,,,,,"",""
ball,1,36.1,Central Stags,TC Bruce,GR Hay,JA Duffy,0,0,,,,,,"",""
ball,1,36.2,Central Stags,TC Bruce,GR Hay,JA Duffy,0,0,,,,,,"",""
ball,1,36.3,Central Stags,TC Bruce,GR Hay,JA Duffy,2,0,,,,,,"",""
ball,1,36.4,Central Stags,TC Bruce,GR Hay,JA Duffy,1,0,,,,,,"",""
ball,1,36.5,Central Stags,GR Hay,TC Bruce,JA Duffy,0,0,,,,,,"",""
ball,1,36.6,Central Stags,GR Hay,TC Bruce,JA Duffy,0,0,,,,,,"",""
ball,1,37.1,Central Stags,TC Bruce,GR Hay,JM Gibson,4,0,,,,,,"",""
ball,1,37.2,Central Stags,TC Bruce,GR Hay,JM Gibson,0,0,,,,,,"",""
ball,1,37.3,Central Stags,TC Bruce,GR Hay,JM Gibson,0,0,,,,,,"",""
ball,1,37.4,Central Stags,TC Bruce,GR Hay,JM Gibson,3,0,,,,,,"",""
ball,1,37.5,Central Stags,GR Hay,TC Bruce,JM Gibson,0,0,,,,,,"",""
ball,1,37.6,Central Stags,GR Hay,TC Bruce,JM Gibson,0,0,,,,,,"",""
ball,1,38.1,Central Stags,TC Bruce,GR Hay,JA Duffy,0,0,,,,,,"",""
ball,1,38.2,Central Stags,TC Bruce,GR Hay,JA Duffy,4,0,,,,,,"",""
ball,1,38.3,Central Stags,TC Bruce,GR Hay,JA Duffy,1,0,,,,,,"",""
ball,1,38.4,Central Stags,GR Hay,TC Bruce,JA Duffy,0,0,,,,,,"",""
ball,1,38.5,Central Stags,GR Hay,TC Bruce,JA Duffy,0,0,,,,,,"",""
ball,1,38.6,Central Stags,GR Hay,TC Bruce,JA Duffy,0,0,,,,,,"",""
ball,1,39.1,Central Stags,TC Bruce,GR Hay,JM Gibson,1,0,,,,,,"",""
ball,1,39.2,Central Stags,GR Hay,TC Bruce,JM Gibson,0,0,,,,,,"",""
ball,1,39.3,Central Stags,GR Hay,TC Bruce,JM Gibson,0,0,,,,,,"",""
ball,1,39.4,Central Stags,GR Hay,TC Bruce,JM Gibson,0,0,,,,,,"",""
ball,1,39.5,Central Stags,GR Hay,TC Bruce,JM Gibson,0,0,,,,,,"",""
ball,1,39.6,Central Stags,GR Hay,TC Bruce,JM Gibson,0,0,,,,,,"",""
ball,1,40.1,Central Stags,TC Bruce,GR Hay,JA Duffy,1,0,,,,,,"",""
ball,1,40.2,Central Stags,GR Hay,TC Bruce,JA Duffy,2,0,,,,,,"",""
ball,1,40.3,Central Stags,GR Hay,TC Bruce,JA Duffy,0,0,,,,,,"",""
ball,1,40.4,Central Stags,GR Hay,TC Bruce,JA Duffy,0,0,,,,,,"",""
ball,1,40.5,Central Stags,GR Hay,TC Bruce,JA Duffy,0,0,,,,,,"",""
ball,1,40.6,Central Stags,GR Hay,TC Bruce,JA Duffy,0,0,,,,,,"",""
ball,1,41.1,Central Stags,TC Bruce,GR Hay,JM Gibson,0,0,,,,,,"",""
ball,1,41.2,Central Stags,TC Bruce,GR Hay,JM Gibson,4,0,,,,,,"",""
ball,1,41.3,Central Stags,TC Bruce,GR Hay,JM Gibson,0,0,,,,,,"",""
ball,1,41.4,Central Stags,TC Bruce,GR Hay,JM Gibson,0,0,,,,,,"",""
ball,1,41.5,Central Stags,TC Bruce,GR Hay,JM Gibson,0,0,,,,,,"",""
ball,1,41.6,Central Stags,TC Bruce,GR Hay,JM Gibson,0,0,,,,,,"",""
ball,1,42.1,Central Stags,GR Hay,TC Bruce,MJG Rippon,4,0,,,,,,"",""
ball,1,42.2,Central Stags,GR Hay,TC Bruce,MJG Rippon,0,0,,,,,,"",""
ball,1,42.3,Central Stags,GR Hay,TC Bruce,MJG Rippon,0,0,,,,,,"",""
ball,1,42.4,Central Stags,GR Hay,TC Bruce,MJG Rippon,0,1,,,1,,,"",""
ball,1,42.5,Central Stags,TC Bruce,GR Hay,MJG Rippon,1,0,,,,,,"",""
ball,1,42.6,Central Stags,GR Hay,TC Bruce,MJG Rippon,0,0,,,,,,"",""
ball,1,43.1,Central Stags,TC Bruce,GR Hay,AW McKenzie,0,0,,,,,,"",""
ball,1,43.2,Central Stags,TC Bruce,GR Hay,AW McKenzie,0,0,,,,,,"",""
ball,1,43.3,Central Stags,TC Bruce,GR Hay,AW McKenzie,1,0,,,,,,"",""
ball,1,43.4,Central Stags,GR Hay,TC Bruce,AW McKenzie,0,0,,,,,,"",""
ball,1,43.5,Central Stags,GR Hay,TC Bruce,AW McKenzie,0,0,,,,,,"",""
ball,1,43.6,Central Stags,GR Hay,TC Bruce,AW McKenzie,0,0,,,,,,"",""
ball,1,44.1,Central Stags,TC Bruce,GR Hay,MJG Rippon,0,0,,,,,,"",""
ball,1,44.2,Central Stags,TC Bruce,GR Hay,MJG Rippon,1,0,,,,,,"",""
ball,1,44.3,Central Stags,GR Hay,TC Bruce,MJG Rippon,0,0,,,,,,"",""
ball,1,44.4,Central Stags,GR Hay,TC Bruce,MJG Rippon,4,0,,,,,,"",""
ball,1,44.5,Central Stags,GR Hay,TC Bruce,MJG Rippon,1,0,,,,,,"",""
ball,1,44.6,Central Stags,TC Bruce,GR Hay,MJG Rippon,0,0,,,,,,"",""
ball,1,45.1,Central Stags,GR Hay,TC Bruce,AW McKenzie,0,0,,,,,,"",""
ball,1,45.2,Central Stags,GR Hay,TC Bruce,AW McKenzie,2,0,,,,,,"",""
ball,1,45.3,Central Stags,GR Hay,TC Bruce,AW McKenzie,0,0,,,,,,"",""
ball,1,45.4,Central Stags,GR Hay,TC Bruce,AW McKenzie,0,0,,,,,,"",""
ball,1,45.5,Central Stags,GR Hay,TC Bruce,AW McKenzie,0,0,,,,,,"",""
ball,1,45.6,Central Stags,GR Hay,TC Bruce,AW McKenzie,0,0,,,,,,"",""
ball,1,46.1,Central Stags,TC Bruce,GR Hay,MJG Rippon,1,0,,,,,,"",""
ball,1,46.2,Central Stags,GR Hay,TC Bruce,MJG Rippon,0,0,,,,,,"",""
ball,1,46.3,Central Stags,GR Hay,TC Bruce,MJG Rippon,0,0,,,,,,"",""
ball,1,46.4,Central Stags,GR Hay,TC Bruce,MJG Rippon,4,0,,,,,,"",""
ball,1,46.5,Central Stags,GR Hay,TC Bruce,MJG Rippon,0,0,,,,,,"",""
ball,1,46.6,Central Stags,GR Hay,TC Bruce,MJG Rippon,0,0,,,,,,"",""
ball,1,47.1,Central Stags,TC Bruce,GR Hay,AW McKenzie,0,0,,,,,,"",""
ball,1,47.2,Central Stags,TC Bruce,GR Hay,AW McKenzie,0,0,,,,,,"",""
ball,1,47.3,Central Stags,TC Bruce,GR Hay,AW McKenzie,3,0,,,,,,"",""
ball,1,47.4,Central Stags,GR Hay,TC Bruce,AW McKenzie,0,0,,,,,,"",""
ball,1,47.5,Central Stags,GR Hay,TC Bruce,AW McKenzie,0,0,,,,,,"",""
ball,1,47.6,Central Stags,GR Hay,TC Bruce,AW McKenzie,0,0,,,,,,"",""
ball,1,48.1,Central Stags,TC Bruce,GR Hay,MJG Rippon,0,0,,,,,,"",""
ball,1,48.2,Central Stags,TC Bruce,GR Hay,MJG Rippon,0,0,,,,,,"",""
ball,1,48.3,Central Stags,TC Bruce,GR Hay,MJG Rippon,1,0,,,,,,"",""
ball,1,48.4,Central Stags,GR Hay,TC Bruce,MJG Rippon,0,0,,,,,,"",""
ball,1,48.5,Central Stags,GR Hay,TC Bruce,MJG Rippon,4,0,,,,,,"",""
ball,1,48.6,Central Stags,GR Hay,TC Bruce,MJG Rippon,0,0,,,,,,"",""
ball,1,49.1,Central Stags,TC Bruce,GR Hay,AW McKenzie,0,0,,,,,,"",""
ball,1,49.2,Central Stags,TC Bruce,GR Hay,AW McKenzie,4,0,,,,,,"",""
ball,1,49.3,Central Stags,TC Bruce,GR Hay,AW McKenzie,0,0,,,,,,"",""
ball,1,49.4,Central Stags,TC Bruce,GR Hay,AW McKenzie,0,0,,,,,,"",""
ball,1,49.5,Central Stags,TC Bruce,GR Hay,AW McKenzie,0,0,,,,,,"",""
ball,1,49.6,Central Stags,TC Bruce,GR Hay,AW McKenzie,0,0,,,,,,"",""
ball,1,50.1,Central Stags,GR Hay,TC Bruce,MJG Rippon,1,0,,,,,,"",""
ball,1,50.2,Central Stags,TC Bruce,GR Hay,MJG Rippon,0,0,,,,,,"",""
ball,1,50.3,Central Stags,TC Bruce,GR Hay,MJG Rippon,0,0,,,,,,"",""
ball,1,50.4,Central Stags,TC Bruce,GR Hay,MJG Rippon,0,0,,,,,,"",""
ball,1,50.5,Central Stags,TC Bruce,GR Hay,MJG Rippon,4,0,,,,,,"",""
ball,1,50.6,Central Stags,TC Bruce,GR Hay,MJG Rippon,0,0,,,,,,"",""
ball,1,51.1,Central Stags,GR Hay,TC Bruce,AW McKenzie,0,0,,,,,,"",""
ball,1,51.2,Central Stags,GR Hay,TC Bruce,AW McKenzie,0,0,,,,,,"",""
ball,1,51.3,Central Stags,GR Hay,TC Bruce,AW McKenzie,0,0,,,,,,"",""
ball,1,51.4,Central Stags,GR Hay,TC Bruce,AW McKenzie,0,0,,,,,,"",""
ball,1,51.5,Central Stags,GR Hay,TC Bruce,AW McKenzie,1,0,,,,,,"",""
ball,1,51.6,Central Stags,TC Bruce,GR Hay,AW McKenzie,0,0,,,,,,"",""
ball,1,52.1,Central Stags,GR Hay,TC Bruce,MJG Rippon,0,0,,,,,,"",""
ball,1,52.2,Central Stags,GR Hay,TC Bruce,MJG Rippon,0,0,,,,,,"",""
ball,1,52.3,Central Stags,GR Hay,TC Bruce,MJG Rippon,0,0,,,,,,"",""
ball,1,52.4,Central Stags,GR Hay,TC Bruce,MJG Rippon,1,0,,,,,,"",""
ball,1,52.5,Central Stags,TC Bruce,GR Hay,MJG Rippon,2,0,,,,,,"",""
ball,1,52.6,Central Stags,TC Bruce,GR Hay,MJG Rippon,0,0,,,,,,"",""
ball,1,53.1,Central Stags,GR Hay,TC Bruce,AW McKenzie,0,0,,,,,,"",""
ball,1,53.2,Central Stags,GR Hay,TC Bruce,AW McKenzie,2,0,,,,,,"",""
ball,1,53.3,Central Stags,GR Hay,TC Bruce,AW McKenzie,4,0,,,,,,"",""
ball,1,53.4,Central Stags,GR Hay,TC Bruce,AW McKenzie,0,0,,,,,,"",""
ball,1,53.5,Central Stags,GR Hay,TC Bruce,AW McKenzie,0,0,,,,,,"",""
ball,1,53.6,Central Stags,GR Hay,TC Bruce,AW McKenzie,0,0,,,,,,"",""
ball,1,54.1,Central Stags,TC Bruce,GR Hay,MJG Rippon,1,0,,,,,,"",""
ball,1,54.2,Central Stags,GR Hay,TC Bruce,MJG Rippon,0,0,,,,,,"",""
ball,1,54.3,Central Stags,GR Hay,TC Bruce,MJG Rippon,4,0,,,,,,"",""
ball,1,54.4,Central Stags,GR Hay,TC Bruce,MJG Rippon,4,0,,,,,,"",""
ball,1,54.5,Central Stags,GR Hay,TC Bruce,MJG Rippon,0,0,,,,,,"",""
ball,1,54.6,Central Stags,GR Hay,TC Bruce,MJG Rippon,1,0,,,,,,"",""
ball,1,55.1,Central Stags,GR Hay,TC Bruce,JA Duffy,2,0,,,,,,"",""
ball,1,55.2,Central Stags,GR Hay,TC Bruce,JA Duffy,0,0,,,,,,"",""
ball,1,55.3,Central Stags,GR Hay,TC Bruce,JA Duffy,0,0,,,,,,"",""
ball,1,55.4,Central Stags,GR Hay,TC Bruce,JA Duffy,0,0,,,,,,"",""
ball,1,55.5,Central Stags,GR Hay,TC Bruce,JA Duffy,0,0,,,,,,"",""
ball,1,55.6,Central Stags,GR Hay,TC Bruce,JA Duffy,0,0,,,,,,"",""
ball,1,56.1,Central Stags,TC Bruce,GR Hay,T Muller,0,0,,,,,,"",""
ball,1,56.2,Central Stags,TC Bruce,GR Hay,T Muller,1,0,,,,,,"",""
ball,1,56.3,Central Stags,GR Hay,TC Bruce,T Muller,0,0,,,,,,"",""
ball,1,56.4,Central Stags,GR Hay,TC Bruce,T Muller,0,0,,,,,,"",""
ball,1,56.5,Central Stags,GR Hay,TC Bruce,T Muller,0,0,,,,,,"",""
ball,1,56.6,Central Stags,GR Hay,TC Bruce,T Muller,0,0,,,,,,"",""
ball,1,57.1,Central Stags,TC Bruce,GR Hay,JA Duffy,0,0,,,,,,"",""
ball,1,57.2,Central Stags,TC Bruce,GR Hay,JA Duffy,0,0,,,,,,"",""
ball,1,57.3,Central Stags,TC Bruce,GR Hay,JA Duffy,0,0,,,,,,"",""
ball,1,57.4,Central Stags,TC Bruce,GR Hay,JA Duffy,0,0,,,,,,"",""
ball,1,57.5,Central Stags,TC Bruce,GR Hay,JA Duffy,0,0,,,,,,"",""
ball,1,57.6,Central Stags,TC Bruce,GR Hay,JA Duffy,0,0,,,,,,caught,TC Bruce
ball,1,58.1,Central Stags,GR Hay,DAJ Bracewell,T Muller,1,0,,,,,,"",""
ball,1,58.2,Central Stags,DAJ Bracewell,GR Hay,T Muller,0,0,,,,,,"",""
ball,1,58.3,Central Stags,DAJ Bracewell,GR Hay,T Muller,0,0,,,,,,"",""
ball,1,58.4,Central Stags,DAJ Bracewell,GR Hay,T Muller,0,0,,,,,,"",""
ball,1,58.5,Central Stags,DAJ Bracewell,GR Hay,T Muller,0,0,,,,,,"",""
ball,1,58.6,Central Stags,DAJ Bracewell,GR Hay,T Muller,0,1,,1,,,,"",""
ball,1,58.7,Central Stags,DAJ Bracewell,GR Hay,T Muller,2,0,,,,,,"",""
ball,1,59.1,Central Stags,GR Hay,DAJ Bracewell,JA Duffy,0,0,,,,,,"",""
ball,1,59.2,Central Stags,GR Hay,DAJ Bracewell,JA Duffy,0,0,,,,,,"",""
ball,1,59.3,Central Stags,GR Hay,DAJ Bracewell,JA Duffy,0,1,,,,1,,"",""
ball,1,59.4,Central Stags,DAJ Bracewell,GR Hay,JA Duffy,0,0,,,,,,"",""
ball,1,59.5,Central Stags,DAJ Bracewell,GR Hay,JA Duffy,4,0,,,,,,"",""
ball,1,59.6,Central Stags,DAJ Bracewell,GR Hay,JA Duffy,0,0,,,,,,"",""
ball,1,60.1,Central Stags,GR Hay,DAJ Bracewell,T Muller,0,0,,,,,,"",""
ball,1,60.2,Central Stags,GR Hay,DAJ Bracewell,T Muller,0,0,,,,,,"",""
ball,1,60.3,Central Stags,GR Hay,DAJ Bracewell,T Muller,2,0,,,,,,"",""
ball,1,60.4,Central Stags,GR Hay,DAJ Bracewell,T Muller,0,0,,,,,,"",""
ball,1,60.5,Central Stags,GR Hay,DAJ Bracewell,T Muller,0,0,,,,,,"",""
ball,1,60.6,Central Stags,GR Hay,DAJ Bracewell,T Muller,0,0,,,,,,"",""
ball,1,61.1,Central Stags,DAJ Bracewell,GR Hay,JA Duffy,0,0,,,,,,"",""
ball,1,61.2,Central Stags,DAJ Bracewell,GR Hay,JA Duffy,0,0,,,,,,"",""
ball,1,61.3,Central Stags,DAJ Bracewell,GR Hay,JA Duffy,1,0,,,,,,"",""
ball,1,61.4,Central Stags,GR Hay,DAJ Bracewell,JA Duffy,0,0,,,,,,"",""
ball,1,61.5,Central Stags,GR Hay,DAJ Bracewell,JA Duffy,0,0,,,,,,"",""
ball,1,61.6,Central Stags,GR Hay,DAJ Bracewell,JA Duffy,1,0,,,,,,"",""
ball,1,62.1,Central Stags,GR Hay,DAJ Bracewell,T Muller,0,0,,,,,,"",""
ball,1,62.2,Central Stags,GR Hay,DAJ Bracewell,T Muller,1,0,,,,,,"",""
ball,1,62.3,Central Stags,DAJ Bracewell,GR Hay,T Muller,0,0,,,,,,"",""
ball,1,62.4,Central Stags,DAJ Bracewell,GR Hay,T Muller,4,0,,,,,,"",""
ball,1,62.5,Central Stags,DAJ Bracewell,GR Hay,T Muller,0,0,,,,,,"",""
ball,1,62.6,Central Stags,DAJ Bracewell,GR Hay,T Muller,0,0,,,,,,"",""
ball,1,63.1,Central Stags,GR Hay,DAJ Bracewell,JA Duffy,1,0,,,,,,"",""
ball,1,63.2,Central Stags,DAJ Bracewell,GR Hay,JA Duffy,0,0,,,,,,"",""
ball,1,63.3,Central Stags,DAJ Bracewell,GR Hay,JA Duffy,0,0,,,,,,"",""
ball,1,63.4,Central Stags,DAJ Bracewell,GR Hay,JA Duffy,2,0,,,,,,"",""
ball,1,63.5,Central Stags,DAJ Bracewell,GR Hay,JA Duffy,2,0,,,,,,"",""
ball,1,63.6,Central Stags,DAJ Bracewell,GR Hay,JA Duffy,0,0,,,,,,"",""
ball,1,64.1,Central Stags,GR Hay,DAJ Bracewell,T Muller,0,0,,,,,,"",""
ball,1,64.2,Central Stags,GR Hay,DAJ Bracewell,T Muller,0,0,,,,,,"",""
ball,1,64.3,Central Stags,GR Hay,DAJ Bracewell,T Muller,0,0,,,,,,"",""
ball,1,64.4,Central Stags,GR Hay,DAJ Bracewell,T Muller,0,0,,,,,,"",""
ball,1,64.5,Central Stags,GR Hay,DAJ Bracewell,T Muller,0,0,,,,,,"",""
ball,1,64.6,Central Stags,GR Hay,DAJ Bracewell,T Muller,0,0,,,,,,"",""
ball,1,65.1,Central Stags,DAJ Bracewell,GR Hay,JA Duffy,0,0,,,,,,"",""
ball,1,65.2,Central Stags,DAJ Bracewell,GR Hay,JA Duffy,0,0,,,,,,"",""
ball,1,65.3,Central Stags,DAJ Bracewell,GR Hay,JA Duffy,0,0,,,,,,caught,DAJ Bracewell
ball,1,65.4,Central Stags,JA Clarkson,GR Hay,JA Duffy,1,0,,,,,,"",""
ball,1,65.5,Central Stags,GR Hay,JA Clarkson,JA Duffy,0,0,,,,,,"",""
ball,1,65.6,Central Stags,GR Hay,JA Clarkson,JA Duffy,1,0,,,,,,"",""
ball,1,66.1,Central Stags,GR Hay,JA Clarkson,T Muller,0,0,,,,,,"",""
ball,1,66.2,Central Stags,GR Hay,JA Clarkson,T Muller,1,0,,,,,,"",""
ball,1,66.3,Central Stags,JA Clarkson,GR Hay,T Muller,0,0,,,,,,"",""
ball,1,66.4,Central Stags,JA Clarkson,GR Hay,T Muller,0,0,,,,,,"",""
ball,1,66.5,Central Stags,JA Clarkson,GR Hay,T Muller,0,0,,,,,,"",""
ball,1,66.6,Central Stags,JA Clarkson,GR Hay,T Muller,0,1,,,,1,,"",""
ball,1,67.1,Central Stags,JA Clarkson,GR Hay,JA Duffy,0,0,,,,,,"",""
ball,1,67.2,Central Stags,JA Clarkson,GR Hay,JA Duffy,0,0,,,,,,"",""
ball,1,67.3,Central Stags,JA Clarkson,GR Hay,JA Duffy,0,0,,,,,,"",""
ball,1,67.4,Central Stags,JA Clarkson,GR Hay,JA Duffy,4,0,,,,,,"",""
ball,1,67.5,Central Stags,JA Clarkson,GR Hay,JA Duffy,0,0,,,,,,"",""
ball,1,67.6,Central Stags,JA Clarkson,GR Hay,JA Duffy,0,0,,,,,,"",""
ball,1,68.1,Central Stags,GR Hay,JA Clarkson,T Muller,0,1,,,,1,,"",""
ball,1,68.2,Central Stags,JA Clarkson,GR Hay,T Muller,0,0,,,,,,"",""
ball,1,68.3,Central Stags,JA Clarkson,GR Hay,T Muller,4,0,,,,,,"",""
ball,1,68.4,Central Stags,JA Clarkson,GR Hay,T Muller,0,0,,,,,,"",""
ball,1,68.5,Central Stags,JA Clarkson,GR Hay,T Muller,0,0,,,,,,"",""
ball,1,68.6,Central Stags,JA Clarkson,GR Hay,T Muller,1,0,,,,,,"",""
ball,1,69.1,Central Stags,JA Clarkson,GR Hay,JA Duffy,4,0,,,,,,"",""
ball,1,69.2,Central Stags,JA Clarkson,GR Hay,JA Duffy,0,0,,,,,,"",""
ball,1,69.3,Central Stags,JA Clarkson,GR Hay,JA Duffy,0,0,,,,,,"",""
ball,1,69.4,Central Stags,JA Clarkson,GR Hay,JA Duffy,2,0,,,,,,"",""
ball,1,69.5,Central Stags,JA Clarkson,GR Hay,JA Duffy,0,0,,,,,,"",""
ball,1,69.6,Central Stags,JA Clarkson,GR Hay,JA Duffy,0,0,,,,,,"",""
ball,1,70.1,Central Stags,GR Hay,JA Clarkson,T Muller,0,0,,,,,,"",""
ball,1,70.2,Central Stags,GR Hay,JA Clarkson,T Muller,4,0,,,,,,"",""
ball,1,70.3,Central Stags,GR Hay,JA Clarkson,T Muller,1,0,,,,,,"",""
ball,1,70.4,Central Stags,JA Clarkson,GR Hay,T Muller,0,0,,,,,,"",""
ball,1,70.5,Central Stags,JA Clarkson,GR Hay,T Muller,0,0,,,,,,"",""
ball,1,70.6,Central Stags,JA Clarkson,GR Hay,T Muller,0,0,,,,,,"",""
ball,1,71.1,Central Stags,GR Hay,JA Clarkson,JA Duffy,1,0,,,,,,"",""
ball,1,71.2,Central Stags,JA Clarkson,GR Hay,JA Duffy,0,0,,,,,,"",""
ball,1,71.3,Central Stags,JA Clarkson,GR Hay,JA Duffy,0,0,,,,,,"",""
ball,1,71.4,Central Stags,JA Clarkson,GR Hay,JA Duffy,0,0,,,,,,"",""
ball,1,71.5,Central Stags,JA Clarkson,GR Hay,JA Duffy,0,0,,,,,,"",""
ball,1,71.6,Central Stags,JA Clarkson,GR Hay,JA Duffy,6,0,,,,,,"",""
ball,1,72.1,Central Stags,GR Hay,JA Clarkson,MJG Rippon,1,0,,,,,,"",""
ball,1,72.2,Central Stags,JA Clarkson,GR Hay,MJG Rippon,0,0,,,,,,"",""
ball,1,72.3,Central Stags,JA Clarkson,GR Hay,MJG Rippon,0,0,,,,,,"",""
ball,1,72.4,Central Stags,JA Clarkson,GR Hay,MJG Rippon,0,0,,,,,,"",""
ball,1,72.5,Central Stags,JA Clarkson,GR Hay,MJG Rippon,0,0,,,,,,"",""
ball,1,72.6,Central Stags,JA Clarkson,GR Hay,MJG Rippon,0,0,,,,,,"",""
ball,1,73.1,Central Stags,GR Hay,JA Clarkson,JA Duffy,0,0,,,,,,"",""
ball,1,73.2,Central Stags,GR Hay,JA Clarkson,JA Duffy,0,0,,,,,,"",""
ball,1,73.3,Central Stags,GR Hay,JA Clarkson,JA Duffy,0,0,,,,,,"",""
ball,1,73.4,Central Stags,GR Hay,JA Clarkson,JA Duffy,1,0,,,,,,"",""
ball,1,73.5,Central Stags,JA Clarkson,GR Hay,JA Duffy,0,0,,,,,,"",""
ball,1,73.6,Central Stags,JA Clarkson,GR Hay,JA Duffy,4,0,,,,,,"",""
ball,1,74.1,Central Stags,GR Hay,JA Clarkson,MJG Rippon,0,0,,,,,,"",""
ball,1,74.2,Central Stags,GR Hay,JA Clarkson,MJG Rippon,1,0,,,,,,"",""
ball,1,74.3,Central Stags,JA Clarkson,GR Hay,MJG Rippon,1,0,,,,,,"",""
ball,1,74.4,Central Stags,GR Hay,JA Clarkson,MJG Rippon,0,0,,,,,,"",""
ball,1,74.5,Central Stags,GR Hay,JA Clarkson,MJG Rippon,1,0,,,,,,"",""
ball,1,74.6,Central Stags,JA Clarkson,GR Hay,MJG Rippon,1,0,,,,,,"",""
ball,1,75.1,Central Stags,JA Clarkson,GR Hay,AW McKenzie,0,0,,,,,,"",""
ball,1,75.2,Central Stags,JA Clarkson,GR Hay,AW McKenzie,0,0,,,,,,"",""
ball,1,75.3,Central Stags,JA Clarkson,GR Hay,AW McKenzie,3,0,,,,,,"",""
ball,1,75.4,Central Stags,GR Hay,JA Clarkson,AW McKenzie,0,0,,,,,,"",""
ball,1,75.5,Central Stags,GR Hay,JA Clarkson,AW McKenzie,0,0,,,,,,"",""
ball,1,75.6,Central Stags,GR Hay,JA Clarkson,AW McKenzie,0,0,,,,,,"",""
ball,1,76.1,Central Stags,JA Clarkson,GR Hay,MJG Rippon,0,0,,,,,,caught,JA Clarkson
ball,1,76.2,Central Stags,BM Wheeler,GR Hay,MJG Rippon,4,0,,,,,,"",""
ball,1,76.3,Central Stags,BM Wheeler,GR Hay,MJG Rippon,0,0,,,,,,"",""
ball,1,76.4,Central Stags,BM Wheeler,GR Hay,MJG Rippon,0,0,,,,,,"",""
ball,1,76.5,Central Stags,BM Wheeler,GR Hay,MJG Rippon,0,0,,,,,,"",""
ball,1,76.6,Central Stags,BM Wheeler,GR Hay,MJG Rippon,0,0,,,,,,"",""
ball,1,77.1,Central Stags,GR Hay,BM Wheeler,AW McKenzie,0,0,,,,,,"",""
ball,1,77.2,Central Stags,GR Hay,BM Wheeler,AW McKenzie,0,0,,,,,,"",""
ball,1,77.3,Central Stags,GR Hay,BM Wheeler,AW McKenzie,0,0,,,,,,"",""
ball,1,77.4,Central Stags,GR Hay,BM Wheeler,AW McKenzie,1,0,,,,,,"",""
ball,1,77.5,Central Stags,BM Wheeler,GR Hay,AW McKenzie,0,0,,,,,,"",""
ball,1,77.6,Central Stags,BM Wheeler,GR Hay,AW McKenzie,0,0,,,,,,"",""
ball,1,78.1,Central Stags,GR Hay,BM Wheeler,MJG Rippon,0,0,,,,,,"",""
ball,1,78.2,Central Stags,GR Hay,BM Wheeler,MJG Rippon,0,0,,,,,,"",""
ball,1,78.3,Central Stags,GR Hay,BM Wheeler,MJG Rippon,1,0,,,,,,"",""
ball,1,78.4,Central Stags,BM Wheeler,GR Hay,MJG Rippon,0,0,,,,,,"",""
ball,1,78.5,Central Stags,BM Wheeler,GR Hay,MJG Rippon,0,0,,,,,,"",""
ball,1,78.6,Central Stags,BM Wheeler,GR Hay,MJG Rippon,0,0,,,,,,"",""
ball,1,79.1,Central Stags,GR Hay,BM Wheeler,AW McKenzie,0,0,,,,,,"",""
ball,1,79.2,Central Stags,GR Hay,BM Wheeler,AW McKenzie,4,0,,,,,,"",""
ball,1,79.3,Central Stags,GR Hay,BM Wheeler,AW McKenzie,0,0,,,,,,"",""
ball,1,79.4,Central Stags,GR Hay,BM Wheeler,AW McKenzie,0,0,,,,,,"",""
ball,1,79.5,Central Stags,GR Hay,BM Wheeler,AW McKenzie,0,0,,,,,,"",""
ball,1,79.6,Central Stags,GR Hay,BM Wheeler,AW McKenzie,0,0,,,,,,"",""
ball,1,80.1,Central Stags,BM Wheeler,GR Hay,MJG Rippon,1,0,,,,,,"",""
ball,1,80.2,Central Stags,GR Hay,BM Wheeler,MJG Rippon,0,0,,,,,,"",""
ball,1,80.3,Central Stags,GR Hay,BM Wheeler,MJG Rippon,0,0,,,,,,"",""
ball,1,80.4,Central Stags,GR Hay,BM Wheeler,MJG Rippon,0,0,,,,,,"",""
ball,1,80.5,Central Stags,GR Hay,BM Wheeler,MJG Rippon,0,0,,,,,,"",""
ball,1,80.6,Central Stags,GR Hay,BM Wheeler,MJG Rippon,4,0,,,,,,"",""
ball,1,81.1,Central Stags,BM Wheeler,GR Hay,AW McKenzie,0,0,,,,,,"",""
ball,1,81.2,Central Stags,BM Wheeler,GR Hay,AW McKenzie,0,0,,,,,,"",""
ball,1,81.3,Central Stags,BM Wheeler,GR Hay,AW McKenzie,0,0,,,,,,"",""
ball,1,81.4,Central Stags,BM Wheeler,GR Hay,AW McKenzie,0,0,,,,,,"",""
ball,1,81.5,Central Stags,BM Wheeler,GR Hay,AW McKenzie,0,0,,,,,,"",""
ball,1,81.6,Central Stags,BM Wheeler,GR Hay,AW McKenzie,0,0,,,,,,"",""
ball,1,82.1,Central Stags,GR Hay,BM Wheeler,JM Gibson,0,0,,,,,,"",""
ball,1,82.2,Central Stags,GR Hay,BM Wheeler,JM Gibson,0,0,,,,,,"",""
ball,1,82.3,Central Stags,GR Hay,BM Wheeler,JM Gibson,0,0,,,,,,"",""
ball,1,82.4,Central Stags,GR Hay,BM Wheeler,JM Gibson,4,0,,,,,,"",""
ball,1,82.5,Central Stags,GR Hay,BM Wheeler,JM Gibson,4,0,,,,,,"",""
ball,1,82.6,Central Stags,GR Hay,BM Wheeler,JM Gibson,0,0,,,,,,"",""
ball,1,83.1,Central Stags,BM Wheeler,GR Hay,AW McKenzie,0,0,,,,,,"",""
ball,1,83.2,Central Stags,BM Wheeler,GR Hay,AW McKenzie,0,0,,,,,,"",""
ball,1,83.3,Central Stags,BM Wheeler,GR Hay,AW McKenzie,0,0,,,,,,"",""
ball,1,83.4,Central Stags,BM Wheeler,GR Hay,AW McKenzie,0,0,,,,,,"",""
ball,1,83.5,Central Stags,BM Wheeler,GR Hay,AW McKenzie,0,0,,,,,,"",""
ball,1,83.6,Central Stags,BM Wheeler,GR Hay,AW McKenzie,0,0,,,,,,"",""
ball,1,84.1,Central Stags,GR Hay,BM Wheeler,JM Gibson,0,0,,,,,,"",""
ball,1,84.2,Central Stags,GR Hay,BM Wheeler,JM Gibson,0,0,,,,,,"",""
ball,1,84.3,Central Stags,GR Hay,BM Wheeler,JM Gibson,0,0,,,,,,"",""
ball,1,84.4,Central Stags,GR Hay,BM Wheeler,JM Gibson,1,0,,,,,,"",""
ball,1,84.5,Central Stags,BM Wheeler,GR Hay,JM Gibson,0,0,,,,,,"",""
ball,1,84.6,Central Stags,BM Wheeler,GR Hay,JM Gibson,0,0,,,,,,"",""
ball,1,85.1,Central Stags,GR Hay,BM Wheeler,AW McKenzie,0,0,,,,,,"",""
ball,1,85.2,Central Stags,GR Hay,BM Wheeler,AW McKenzie,0,0,,,,,,"",""
ball,1,85.3,Central Stags,GR Hay,BM Wheeler,AW McKenzie,1,0,,,,,,"",""
ball,1,85.4,Central Stags,BM Wheeler,GR Hay,AW McKenzie,0,0,,,,,,"",""
ball,1,85.5,Central Stags,BM Wheeler,GR Hay,AW McKenzie,0,0,,,,,,"",""
ball,1,85.6,Central Stags,BM Wheeler,GR Hay,AW McKenzie,0,0,,,,,,"",""
ball,1,86.1,Central Stags,GR Hay,BM Wheeler,JM Gibson,0,0,,,,,,"",""
ball,1,86.2,Central Stags,GR Hay,BM Wheeler,JM Gibson,1,0,,,,,,"",""
ball,1,86.3,Central Stags,BM Wheeler,GR Hay,JM Gibson,3,0,,,,,,"",""
ball,1,86.4,Central Stags,GR Hay,BM Wheeler,JM Gibson,1,0,,,,,,"",""
ball,1,86.5,Central Stags,BM Wheeler,GR Hay,JM Gibson,0,0,,,,,,"",""
ball,1,86.6,Central Stags,BM Wheeler,GR Hay,JM Gibson,4,0,,,,,,"",""
ball,1,87.1,Central Stags,GR Hay,BM Wheeler,AW McKenzie,1,0,,,,,,"",""
ball,1,87.2,Central Stags,BM Wheeler,GR Hay,AW McKenzie,1,0,,,,,,"",""
ball,1,87.3,Central Stags,GR Hay,BM Wheeler,AW McKenzie,1,0,,,,,,"",""
ball,1,87.4,Central Stags,BM Wheeler,GR Hay,AW McKenzie,4,0,,,,,,"",""
ball,1,87.5,Central Stags,BM Wheeler,GR Hay,AW McKenzie,0,0,,,,,,"",""
ball,1,87.6,Central Stags,BM Wheeler,GR Hay,AW McKenzie,0,0,,,,,,"",""
ball,1,88.1,Central Stags,GR Hay,BM Wheeler,T Muller,0,0,,,,,,"",""
ball,1,88.2,Central Stags,GR Hay,BM Wheeler,T Muller,0,0,,,,,,"",""
ball,1,88.3,Central Stags,GR Hay,BM Wheeler,T Muller,1,0,,,,,,"",""
ball,1,88.4,Central Stags,BM Wheeler,GR Hay,T Muller,0,0,,,,,,"",""
ball,1,88.5,Central Stags,BM Wheeler,GR Hay,T Muller,0,0,,,,,,"",""
ball,1,88.6,Central Stags,BM Wheeler,GR Hay,T Muller,0,0,,,,,,"",""
ball,1,89.1,Central Stags,GR Hay,BM Wheeler,JA Duffy,0,0,,,,,,"",""
ball,1,89.2,Central Stags,GR Hay,BM Wheeler,JA Duffy,4,0,,,,,,"",""
ball,1,89.3,Central Stags,GR Hay,BM Wheeler,JA Duffy,1,0,,,,,,"",""
ball,1,89.4,Central Stags,BM Wheeler,GR Hay,JA Duffy,0,0,,,,,,"",""
ball,1,89.5,Central Stags,BM Wheeler,GR Hay,JA Duffy,0,0,,,,,,"",""
ball,1,89.6,Central Stags,BM Wheeler,GR Hay,JA Duffy,0,0,,,,,,"",""
ball,1,90.1,Central Stags,GR Hay,BM Wheeler,T Muller,0,0,,,,,,"",""
ball,1,90.2,Central Stags,GR Hay,BM Wheeler,T Muller,0,0,,,,,,"",""
ball,1,90.3,Central Stags,GR Hay,BM Wheeler,T Muller,0,0,,,,,,"",""
ball,1,90.4,Central Stags,GR Hay,BM Wheeler,T Muller,0,0,,,,,,"",""
ball,1,90.5,Central Stags,GR Hay,BM Wheeler,T Muller,0,0,,,,,,"",""
ball,1,90.6,Central Stags,GR Hay,BM Wheeler,T Muller,0,0,,,,,,"",""
ball,1,91.1,Central Stags,BM Wheeler,GR Hay,JA Duffy,0,0,,,,,,"",""
ball,1,91.2,Central Stags,BM Wheeler,GR Hay,JA Duffy,0,0,,,,,,"",""
ball,1,91.3,Central Stags,BM Wheeler,GR Hay,JA Duffy,2,0,,,,,,"",""
ball,1,91.4,Central Stags,BM Wheeler,GR Hay,JA Duffy,0,0,,,,,,"",""
ball,1,91.5,Central Stags,BM Wheeler,GR Hay,JA Duffy,0,0,,,,,,"",""
ball,1,91.6,Central Stags,BM Wheeler,GR Hay,JA Duffy,0,1,,1,,,,"",""
ball,1,91.7,Central Stags,BM Wheeler,GR Hay,JA Duffy,1,0,,,,,,"",""
ball,1,92.1,Central Stags,BM Wheeler,GR Hay,T Muller,0,0,,,,,,"",""
ball,1,92.2,Central Stags,BM Wheeler,GR Hay,T Muller,4,0,,,,,,"",""
ball,1,92.3,Central Stags,BM Wheeler,GR Hay,T Muller,2,0,,,,,,"",""
ball,1,92.4,Central Stags,BM Wheeler,GR Hay,T Muller,0,0,,,,,,"",""
ball,1,92.5,Central Stags,BM Wheeler,GR Hay,T Muller,0,0,,,,,,"",""
ball,1,92.6,Central Stags,BM Wheeler,GR Hay,T Muller,0,0,,,,,,"",""
ball,1,93.1,Central Stags,GR Hay,BM Wheeler,MJG Rippon,1,0,,,,,,"",""
ball,1,93.2,Central Stags,BM Wheeler,GR Hay,MJG Rippon,1,0,,,,,,"",""
ball,1,93.3,Central Stags,GR Hay,BM Wheeler,MJG Rippon,0,0,,,,,,"",""
ball,1,93.4,Central Stags,GR Hay,BM Wheeler,MJG Rippon,0,0,,,,,,"",""
ball,1,93.5,Central Stags,GR Hay,BM Wheeler,MJG Rippon,0,0,,,,,,"",""
ball,1,93.6,Central Stags,GR Hay,BM Wheeler,MJG Rippon,0,0,,,,,,"",""
ball,1,94.1,Central Stags,BM Wheeler,GR Hay,T Muller,0,0,,,,,,"",""
ball,1,94.2,Central Stags,BM Wheeler,GR Hay,T Muller,0,0,,,,,,"",""
ball,1,94.3,Central Stags,BM Wheeler,GR Hay,T Muller,0,0,,,,,,"",""
ball,1,94.4,Central Stags,BM Wheeler,GR Hay,T Muller,0,0,,,,,,"",""
ball,1,94.5,Central Stags,BM Wheeler,GR Hay,T Muller,0,0,,,,,,"",""
ball,1,94.6,Central Stags,BM Wheeler,GR Hay,T Muller,0,0,,,,,,"",""
ball,1,95.1,Central Stags,GR Hay,BM Wheeler,MJG Rippon,0,0,,,,,,"",""
ball,1,95.2,Central Stags,GR Hay,BM Wheeler,MJG Rippon,1,0,,,,,,"",""
ball,1,95.3,Central Stags,BM Wheeler,GR Hay,MJG Rippon,0,0,,,,,,"",""
ball,1,95.4,Central Stags,BM Wheeler,GR Hay,MJG Rippon,2,0,,,,,,"",""
ball,1,95.5,Central Stags,BM Wheeler,GR Hay,MJG Rippon,0,0,,,,,,"",""
ball,1,95.6,Central Stags,BM Wheeler,GR Hay,MJG Rippon,0,0,,,,,,"",""
ball,1,96.1,Central Stags,GR Hay,BM Wheeler,AW McKenzie,0,0,,,,,,"",""
ball,1,96.2,Central Stags,GR Hay,BM Wheeler,AW McKenzie,0,0,,,,,,"",""
ball,1,96.3,Central Stags,GR Hay,BM Wheeler,AW McKenzie,0,0,,,,,,"",""
ball,1,96.4,Central Stags,GR Hay,BM Wheeler,AW McKenzie,1,0,,,,,,"",""
ball,1,96.5,Central Stags,BM Wheeler,GR Hay,AW McKenzie,0,0,,,,,,"",""
ball,1,96.6,Central Stags,BM Wheeler,GR Hay,AW McKenzie,1,0,,,,,,"",""
ball,1,97.1,Central Stags,BM Wheeler,GR Hay,JA Duffy,0,0,,,,,,"",""
ball,1,97.2,Central Stags,BM Wheeler,GR Hay,JA Duffy,1,0,,,,,,"",""
ball,1,97.3,Central Stags,GR Hay,BM Wheeler,JA Duffy,0,0,,,,,,"",""
ball,1,97.4,Central Stags,GR Hay,BM Wheeler,JA Duffy,0,0,,,,,,"",""
ball,1,97.5,Central Stags,GR Hay,BM Wheeler,JA Duffy,0,0,,,,,,"",""
ball,1,97.6,Central Stags,GR Hay,BM Wheeler,JA Duffy,1,0,,,,,,"",""
ball,1,98.1,Central Stags,GR Hay,BM Wheeler,AW McKenzie,0,0,,,,,,"",""
ball,1,98.2,Central Stags,GR Hay,BM Wheeler,AW McKenzie,0,0,,,,,,"",""
ball,1,98.3,Central Stags,GR Hay,BM Wheeler,AW McKenzie,0,0,,,,,,"",""
ball,1,98.4,Central Stags,GR Hay,BM Wheeler,AW McKenzie,1,0,,,,,,"",""
ball,1,98.5,Central Stags,BM Wheeler,GR Hay,AW McKenzie,0,0,,,,,,"",""
ball,1,98.6,Central Stags,BM Wheeler,GR Hay,AW McKenzie,0,0,,,,,,bowled,BM Wheeler
ball,1,99.1,Central Stags,GR Hay,BM Tickner,JA Duffy,1,0,,,,,,"",""
ball,1,99.2,Central Stags,BM Tickner,GR Hay,JA Duffy,2,0,,,,,,"",""
ball,1,99.3,Central Stags,BM Tickner,GR Hay,JA Duffy,0,0,,,,,,"",""
ball,1,99.4,Central Stags,BM Tickner,GR Hay,JA Duffy,1,0,,,,,,"",""
ball,1,99.5,Central Stags,GR Hay,BM Tickner,JA Duffy,0,0,,,,,,"",""
ball,1,99.6,Central Stags,GR Hay,BM Tickner,JA Duffy,0,0,,,,,,"",""
ball,1,100.1,Central Stags,BM Tickner,GR Hay,AW McKenzie,0,0,,,,,,"",""
ball,1,100.2,Central Stags,BM Tickner,GR Hay,AW McKenzie,0,0,,,,,,"",""
ball,1,100.3,Central Stags,BM Tickner,GR Hay,AW McKenzie,0,0,,,,,,"",""
ball,1,100.4,Central Stags,BM Tickner,GR Hay,AW McKenzie,0,0,,,,,,"",""
ball,1,100.5,Central Stags,BM Tickner,GR Hay,AW McKenzie,0,0,,,,,,"",""
ball,1,100.6,Central Stags,BM Tickner,GR Hay,AW McKenzie,0,0,,,,,,"",""
ball,1,101.1,Central Stags,GR Hay,BM Tickner,JA Duffy,1,0,,,,,,"",""
ball,1,101.2,Central Stags,BM Tickner,GR Hay,JA Duffy,0,0,,,,,,"",""
ball,1,101.3,Central Stags,BM Tickner,GR Hay,JA Duffy,0,0,,,,,,"",""
ball,1,101.4,Central Stags,BM Tickner,GR Hay,JA Duffy,1,0,,,,,,"",""
ball,1,101.5,Central Stags,GR Hay,BM Tickner,JA Duffy,0,0,,,,,,"",""
ball,1,101.6,Central Stags,GR Hay,BM Tickner,JA Duffy,0,0,,,,,,"",""
ball,1,102.1,Central Stags,BM Tickner,GR Hay,AW McKenzie,2,0,,,,,,"",""
ball,1,102.2,Central Stags,BM Tickner,GR Hay,AW McKenzie,0,0,,,,,,"",""
ball,1,102.3,Central Stags,BM Tickner,GR Hay,AW McKenzie,0,0,,,,,,"",""
ball,1,102.4,Central Stags,BM Tickner,GR Hay,AW McKenzie,0,0,,,,,,"",""
ball,1,102.5,Central Stags,BM Tickner,GR Hay,AW McKenzie,0,0,,,,,,"",""
ball,1,102.6,Central Stags,BM Tickner,GR Hay,AW McKenzie,1,0,,,,,,"",""
ball,1,103.1,Central Stags,BM Tickner,GR Hay,JA Duffy,0,0,,,,,,caught,BM Tickner
ball,1,103.2,Central Stags,JR Lennox,GR Hay,JA Duffy,0,0,,,,,,"",""
ball,1,103.3,Central Stags,JR Lennox,GR Hay,JA Duffy,0,0,,,,,,"",""
ball,1,103.4,Central Stags,JR Lennox,GR Hay,JA Duffy,0,0,,,,,,"",""
ball,1,103.5,Central Stags,JR Lennox,GR Hay,JA Duffy,4,0,,,,,,"",""
ball,1,103.6,Central Stags,JR Lennox,GR Hay,JA Duffy,0,0,,,,,,"",""
ball,1,104.1,Central Stags,GR Hay,JR Lennox,AW McKenzie,4,0,,,,,,"",""
ball,1,104.2,Central Stags,GR Hay,JR Lennox,AW McKenzie,0,0,,,,,,"",""
ball,1,104.3,Central Stags,GR Hay,JR Lennox,AW McKenzie,1,0,,,,,,"",""
ball,1,104.4,Central Stags,JR Lennox,GR Hay,AW McKenzie,0,0,,,,,,"",""
ball,1,104.5,Central Stags,JR Lennox,GR Hay,AW McKenzie,0,0,,,,,,"",""
ball,1,104.6,Central Stags,JR Lennox,GR Hay,AW McKenzie,0,0,,,,,,"",""
ball,1,105.1,Central Stags,GR Hay,JR Lennox,JA Duffy,0,0,,,,,,"",""
ball,1,105.2,Central Stags,GR Hay,JR Lennox,JA Duffy,0,0,,,,,,"",""
ball,1,105.3,Central Stags,GR Hay,JR Lennox,JA Duffy,0,0,,,,,,"",""
ball,1,105.4,Central Stags,GR Hay,JR Lennox,JA Duffy,0,0,,,,,,"",""
ball,1,105.5,Central Stags,GR Hay,JR Lennox,JA Duffy,0,0,,,,,,"",""
ball,1,105.6,Central Stags,GR Hay,JR Lennox,JA Duffy,0,0,,,,,,"",""
ball,1,106.1,Central Stags,JR Lennox,GR Hay,AW McKenzie,0,0,,,,,,"",""
ball,1,106.2,Central Stags,JR Lennox,GR Hay,AW McKenzie,0,0,,,,,,"",""
ball,1,106.3,Central Stags,JR Lennox,GR Hay,AW McKenzie,0,0,,,,,,"",""
ball,1,106.4,Central Stags,JR Lennox,GR Hay,AW McKenzie,0,0,,,,,,"",""
ball,1,106.5,Central Stags,JR Lennox,GR Hay,AW McKenzie,0,2,,,,2,,"",""
ball,1,106.6,Central Stags,JR Lennox,GR Hay,AW McKenzie,0,0,,,,,,"",""
ball,1,107.1,Central Stags,GR Hay,JR Lennox,JA Duffy,1,0,,,,,,"",""
ball,1,107.2,Central Stags,JR Lennox,GR Hay,JA Duffy,0,0,,,,,,"",""
ball,1,107.3,Central Stags,JR Lennox,GR Hay,JA Duffy,2,0,,,,,,"",""
ball,1,107.4,Central Stags,JR Lennox,GR Hay,JA Duffy,0,0,,,,,,"",""
ball,1,107.5,Central Stags,JR Lennox,GR Hay,JA Duffy,4,0,,,,,,"",""
ball,1,107.6,Central Stags,JR Lennox,GR Hay,JA Duffy,0,0,,,,,,"",""
ball,1,108.1,Central Stags,GR Hay,JR Lennox,AW McKenzie,4,0,,,,,,"",""
ball,1,108.2,Central Stags,GR Hay,JR Lennox,AW McKenzie,0,0,,,,,,"",""
ball,1,108.3,Central Stags,GR Hay,JR Lennox,AW McKenzie,0,0,,,,,,"",""
ball,1,108.4,Central Stags,GR Hay,JR Lennox,AW McKenzie,0,0,,,,,,"",""
ball,1,108.5,Central Stags,GR Hay,JR Lennox,AW McKenzie,0,0,,,,,,"",""
ball,1,108.6,Central Stags,GR Hay,JR Lennox,AW McKenzie,1,0,,,,,,"",""
ball,1,109.1,Central Stags,GR Hay,JR Lennox,JA Duffy,1,0,,,,,,"",""
ball,1,109.2,Central Stags,JR Lennox,GR Hay,JA Duffy,3,0,,,,,,"",""
ball,1,109.3,Central Stags,GR Hay,JR Lennox,JA Duffy,1,0,,,,,,"",""
ball,1,109.4,Central Stags,JR Lennox,GR Hay,JA Duffy,0,0,,,,,,"",""
ball,1,109.5,Central Stags,JR Lennox,GR Hay,JA Duffy,1,0,,,,,,"",""
ball,1,109.6,Central Stags,GR Hay,JR Lennox,JA Duffy,0,0,,,,,,"",""
ball,1,110.1,Central Stags,JR Lennox,GR Hay,T Muller,1,0,,,,,,"",""
ball,1,110.2,Central Stags,GR Hay,JR Lennox,T Muller,0,0,,,,,,"",""
ball,1,110.3,Central Stags,GR Hay,JR Lennox,T Muller,0,0,,,,,,"",""
ball,1,110.4,Central Stags,GR Hay,JR Lennox,T Muller,0,0,,,,,,"",""
ball,1,110.5,Central Stags,GR Hay,JR Lennox,T Muller,4,0,,,,,,"",""
ball,1,110.6,Central Stags,GR Hay,JR Lennox,T Muller,0,0,,,,,,"",""
ball,1,111.1,Central Stags,JR Lennox,GR Hay,JM Gibson,0,0,,,,,,"",""
ball,1,111.2,Central Stags,JR Lennox,GR Hay,JM Gibson,0,0,,,,,,"",""
ball,1,111.3,Central Stags,JR Lennox,GR Hay,JM Gibson,4,0,,,,,,"",""
ball,1,111.4,Central Stags,JR Lennox,GR Hay,JM Gibson,0,0,,,,,,"",""
ball,1,111.5,Central Stags,JR Lennox,GR Hay,JM Gibson,0,0,,,,,,"",""
ball,1,111.6,Central Stags,JR Lennox,GR Hay,JM Gibson,0,0,,,,,,"",""
ball,1,112.1,Central Stags,GR Hay,JR Lennox,T Muller,0,0,,,,,,"",""
ball,1,112.2,Central Stags,GR Hay,JR Lennox,T Muller,1,0,,,,,,"",""
ball,1,112.3,Central Stags,JR Lennox,GR Hay,T Muller,0,0,,,,,,"",""
ball,1,112.4,Central Stags,JR Lennox,GR Hay,T Muller,0,0,,,,,,"",""
ball,1,112.5,Central Stags,JR Lennox,GR Hay,T Muller,0,0,,,,,,"",""
ball,1,112.6,Central Stags,JR Lennox,GR Hay,T Muller,0,0,,,,,,"",""
ball,1,113.1,Central Stags,GR Hay,JR Lennox,JM Gibson,0,0,,,,,,"",""
ball,1,113.2,Central Stags,GR Hay,JR Lennox,JM Gibson,0,0,,,,,,"",""
ball,1,113.3,Central Stags,GR Hay,JR Lennox,JM Gibson,0,0,,,,,,"",""
ball,1,113.4,Central Stags,GR Hay,JR Lennox,JM Gibson,1,0,,,,,,"",""
ball,1,113.5,Central Stags,JR Lennox,GR Hay,JM Gibson,0,0,,,,,,"",""
ball,1,113.6,Central Stags,JR Lennox,GR Hay,JM Gibson,0,0,,,,,,"",""
ball,1,114.1,Central Stags,GR Hay,JR Lennox,T Muller,0,0,,,,,,"",""
ball,1,114.2,Central Stags,GR Hay,JR Lennox,T Muller,0,0,,,,,,"",""
ball,1,114.3,Central Stags,GR Hay,JR Lennox,T Muller,0,0,,,,,,"",""
ball,1,114.4,Central Stags,GR Hay,JR Lennox,T Muller,1,0,,,,,,"",""
ball,1,114.5,Central Stags,JR Lennox,GR Hay,T Muller,1,0,,,,,,"",""
ball,1,114.6,Central Stags,GR Hay,JR Lennox,T Muller,0,1,,,,1,,"",""
ball,1,115.1,Central Stags,GR Hay,JR Lennox,JM Gibson,0,1,1,,,,,"",""
ball,1,115.2,Central Stags,GR Hay,JR Lennox,JM Gibson,0,0,,,,,,"",""
ball,1,115.3,Central Stags,GR Hay,JR Lennox,JM Gibson,0,0,,,,,,"",""
ball,1,115.4,Central Stags,GR Hay,JR Lennox,JM Gibson,0,0,,,,,,"",""
ball,1,115.5,Central Stags,GR Hay,JR Lennox,JM Gibson,0,0,,,,,,caught,GR Hay
ball,1,115.6,Central Stags,RL Toole,JR Lennox,JM Gibson,0,0,,,,,,"",""
ball,1,115.7,Central Stags,RL Toole,JR Lennox,JM Gibson,4,0,,,,,,"",""
ball,1,116.1,Central Stags,JR Lennox,RL Toole,T Muller,0,0,,,,,,"",""
ball,1,116.2,Central Stags,JR Lennox,RL Toole,T Muller,0,0,,,,,,"",""
ball,1,116.3,Central Stags,JR Lennox,RL Toole,T Muller,3,0,,,,,,"",""
ball,1,116.4,Central Stags,RL Toole,JR Lennox,T Muller,0,0,,,,,,"",""
ball,1,116.5,Central Stags,RL Toole,JR Lennox,T Muller,0,0,,,,,,"",""
ball,1,116.6,Central Stags,RL Toole,JR Lennox,T Muller,0,0,,,,,,"",""
ball,1,117.1,Central Stags,JR Lennox,RL Toole,JM Gibson,0,0,,,,,,"",""
ball,1,117.2,Central Stags,JR Lennox,RL Toole,JM Gibson,2,0,,,,,,"",""
ball,1,117.3,Central Stags,JR Lennox,RL Toole,JM Gibson,1,0,,,,,,"",""
ball,1,117.4,Central Stags,RL Toole,JR Lennox,JM Gibson,4,0,,,,,,"",""
ball,1,117.5,Central Stags,RL Toole,JR Lennox,JM Gibson,0,0,,,,,,"",""
ball,1,117.6,Central Stags,RL Toole,JR Lennox,JM Gibson,0,1,,1,,,,"",""
ball,1,117.7,Central Stags,RL Toole,JR Lennox,JM Gibson,0,0,,,,,,caught,RL Toole
ball,2,0.1,Otago Volts,HD Rutherford,M Renwick,DAJ Bracewell,1,0,,,,,,"",""
ball,2,0.2,Otago Volts,M Renwick,HD Rutherford,DAJ Bracewell,1,0,,,,,,"",""
ball,2,0.3,Otago Volts,HD Rutherford,M Renwick,DAJ Bracewell,2,0,,,,,,"",""
ball,2,0.4,Otago Volts,HD Rutherford,M Renwick,DAJ Bracewell,0,0,,,,,,"",""
ball,2,0.5,Otago Volts,HD Rutherford,M Renwick,DAJ Bracewell,0,0,,,,,,"",""
ball,2,0.6,Otago Volts,HD Rutherford,M Renwick,DAJ Bracewell,4,0,,,,,,"",""
ball,2,1.1,Otago Volts,M Renwick,HD Rutherford,BM Wheeler,1,0,,,,,,"",""
ball,2,1.2,Otago Volts,HD Rutherford,M Renwick,BM Wheeler,0,0,,,,,,"",""
ball,2,1.3,Otago Volts,HD Rutherford,M Renwick,BM Wheeler,0,0,,,,,,"",""
ball,2,1.4,Otago Volts,HD Rutherford,M Renwick,BM Wheeler,0,0,,,,,,"",""
ball,2,1.5,Otago Volts,HD Rutherford,M Renwick,BM Wheeler,0,0,,,,,,"",""
ball,2,1.6,Otago Volts,HD Rutherford,M Renwick,BM Wheeler,4,0,,,,,,"",""
ball,2,2.1,Otago Volts,M Renwick,HD Rutherford,DAJ Bracewell,0,0,,,,,,"",""
ball,2,2.2,Otago Volts,M Renwick,HD Rutherford,DAJ Bracewell,1,0,,,,,,"",""
ball,2,2.3,Otago Volts,HD Rutherford,M Renwick,DAJ Bracewell,0,0,,,,,,"",""
ball,2,2.4,Otago Volts,HD Rutherford,M Renwick,DAJ Bracewell,0,0,,,,,,"",""
ball,2,2.5,Otago Volts,HD Rutherford,M Renwick,DAJ Bracewell,0,0,,,,,,"",""
ball,2,2.6,Otago Volts,HD Rutherford,M Renwick,DAJ Bracewell,0,0,,,,,,"",""
ball,2,3.1,Otago Volts,M Renwick,HD Rutherford,BM Wheeler,0,0,,,,,,"",""
ball,2,3.2,Otago Volts,M Renwick,HD Rutherford,BM Wheeler,0,0,,,,,,"",""
ball,2,3.3,Otago Volts,M Renwick,HD Rutherford,BM Wheeler,0,0,,,,,,"",""
ball,2,3.4,Otago Volts,M Renwick,HD Rutherford,BM Wheeler,0,0,,,,,,"",""
ball,2,3.5,Otago Volts,M Renwick,HD Rutherford,BM Wheeler,2,0,,,,,,"",""
ball,2,3.6,Otago Volts,M Renwick,HD Rutherford,BM Wheeler,0,0,,,,,,"",""
ball,2,4.1,Otago Volts,HD Rutherford,M Renwick,DAJ Bracewell,0,0,,,,,,"",""
ball,2,4.2,Otago Volts,HD Rutherford,M Renwick,DAJ Bracewell,0,0,,,,,,"",""
ball,2,4.3,Otago Volts,HD Rutherford,M Renwick,DAJ Bracewell,0,0,,,,,,"",""
ball,2,4.4,Otago Volts,HD Rutherford,M Renwick,DAJ Bracewell,0,0,,,,,,"",""
ball,2,4.5,Otago Volts,HD Rutherford,M Renwick,DAJ Bracewell,0,0,,,,,,"",""
ball,2,4.6,Otago Volts,HD Rutherford,M Renwick,DAJ Bracewell,0,0,,,,,,"",""
ball,2,5.1,Otago Volts,M Renwick,HD Rutherford,BM Wheeler,0,0,,,,,,"",""
ball,2,5.2,Otago Volts,M Renwick,HD Rutherford,BM Wheeler,1,0,,,,,,"",""
ball,2,5.3,Otago Volts,HD Rutherford,M Renwick,BM Wheeler,0,0,,,,,,"",""
ball,2,5.4,Otago Volts,HD Rutherford,M Renwick,BM Wheeler,0,0,,,,,,"",""
ball,2,5.5,Otago Volts,HD Rutherford,M Renwick,BM Wheeler,0,0,,,,,,"",""
ball,2,5.6,Otago Volts,HD Rutherford,M Renwick,BM Wheeler,2,0,,,,,,"",""
ball,2,6.1,Otago Volts,M Renwick,HD Rutherford,DAJ Bracewell,0,0,,,,,,"",""
ball,2,6.2,Otago Volts,M Renwick,HD Rutherford,DAJ Bracewell,1,0,,,,,,"",""
ball,2,6.3,Otago Volts,HD Rutherford,M Renwick,DAJ Bracewell,0,0,,,,,,"",""
ball,2,6.4,Otago Volts,HD Rutherford,M Renwick,DAJ Bracewell,0,0,,,,,,"",""
ball,2,6.5,Otago Volts,HD Rutherford,M Renwick,DAJ Bracewell,4,0,,,,,,"",""
ball,2,6.6,Otago Volts,HD Rutherford,M Renwick,DAJ Bracewell,0,4,,,,4,,"",""
ball,2,7.1,Otago Volts,M Renwick,HD Rutherford,BM Wheeler,0,0,,,,,,"",""
ball,2,7.2,Otago Volts,M Renwick,HD Rutherford,BM Wheeler,0,0,,,,,,"",""
ball,2,7.3,Otago Volts,M Renwick,HD Rutherford,BM Wheeler,0,0,,,,,,"",""
ball,2,7.4,Otago Volts,M Renwick,HD Rutherford,BM Wheeler,0,0,,,,,,"",""
ball,2,7.5,Otago Volts,M Renwick,HD Rutherford,BM Wheeler,0,0,,,,,,"",""
ball,2,7.6,Otago Volts,M Renwick,HD Rutherford,BM Wheeler,0,0,,,,,,"",""
ball,2,8.1,Otago Volts,HD Rutherford,M Renwick,DAJ Bracewell,0,0,,,,,,"",""
ball,2,8.2,Otago Volts,HD Rutherford,M Renwick,DAJ Bracewell,2,0,,,,,,"",""
ball,2,8.3,Otago Volts,HD Rutherford,M Renwick,DAJ Bracewell,0,0,,,,,,"",""
ball,2,8.4,Otago Volts,HD Rutherford,M Renwick,DAJ Bracewell,0,0,,,,,,"",""
ball,2,8.5,Otago Volts,HD Rutherford,M Renwick,DAJ Bracewell,0,0,,,,,,"",""
ball,2,8.6,Otago Volts,HD Rutherford,M Renwick,DAJ Bracewell,4,0,,,,,,"",""
ball,2,9.1,Otago Volts,M Renwick,HD Rutherford,BM Wheeler,0,0,,,,,,"",""
ball,2,9.2,Otago Volts,M Renwick,HD Rutherford,BM Wheeler,1,0,,,,,,"",""
ball,2,9.3,Otago Volts,HD Rutherford,M Renwick,BM Wheeler,0,0,,,,,,"",""
ball,2,9.4,Otago Volts,HD Rutherford,M Renwick,BM Wheeler,0,0,,,,,,"",""
ball,2,9.5,Otago Volts,HD Rutherford,M Renwick,BM Wheeler,0,0,,,,,,"",""
ball,2,9.6,Otago Volts,HD Rutherford,M Renwick,BM Wheeler,0,0,,,,,,"",""
ball,2,10.1,Otago Volts,M Renwick,HD Rutherford,DAJ Bracewell,0,0,,,,,,"",""
ball,2,10.2,Otago Volts,M Renwick,HD Rutherford,DAJ Bracewell,0,0,,,,,,"",""
ball,2,10.3,Otago Volts,M Renwick,HD Rutherford,DAJ Bracewell,0,0,,,,,,"",""
ball,2,10.4,Otago Volts,M Renwick,HD Rutherford,DAJ Bracewell,2,0,,,,,,"",""
ball,2,10.5,Otago Volts,M Renwick,HD Rutherford,DAJ Bracewell,0,0,,,,,,"",""
ball,2,10.6,Otago Volts,M Renwick,HD Rutherford,DAJ Bracewell,0,0,,,,,,"",""
ball,2,11.1,Otago Volts,HD Rutherford,M Renwick,BM Tickner,0,0,,,,,,"",""
ball,2,11.2,Otago Volts,HD Rutherford,M Renwick,BM Tickner,0,0,,,,,,"",""
ball,2,11.3,Otago Volts,HD Rutherford,M Renwick,BM Tickner,0,0,,,,,,"",""
ball,2,11.4,Otago Volts,HD Rutherford,M Renwick,BM Tickner,1,0,,,,,,"",""
ball,2,11.5,Otago Volts,M Renwick,HD Rutherford,BM Tickner,4,0,,,,,,"",""
ball,2,11.6,Otago Volts,M Renwick,HD Rutherford,BM Tickner,4,0,,,,,,"",""
ball,2,12.1,Otago Volts,HD Rutherford,M Renwick,DAJ Bracewell,0,0,,,,,,"",""
ball,2,12.2,Otago Volts,HD Rutherford,M Renwick,DAJ Bracewell,2,0,,,,,,"",""
ball,2,12.3,Otago Volts,HD Rutherford,M Renwick,DAJ Bracewell,0,0,,,,,,"",""
ball,2,12.4,Otago Volts,HD Rutherford,M Renwick,DAJ Bracewell,1,0,,,,,,"",""
ball,2,12.5,Otago Volts,M Renwick,HD Rutherford,DAJ Bracewell,0,0,,,,,,"",""
ball,2,12.6,Otago Volts,M Renwick,HD Rutherford,DAJ Bracewell,0,0,,,,,,"",""
ball,2,13.1,Otago Volts,HD Rutherford,M Renwick,BM Tickner,0,0,,,,,,"",""
ball,2,13.2,Otago Volts,HD Rutherford,M Renwick,BM Tickner,0,0,,,,,,"",""
ball,2,13.3,Otago Volts,HD Rutherford,M Renwick,BM Tickner,0,0,,,,,,"",""
ball,2,13.4,Otago Volts,HD Rutherford,M Renwick,BM Tickner,4,0,,,,,,"",""
ball,2,13.5,Otago Volts,HD Rutherford,M Renwick,BM Tickner,0,0,,,,,,"",""
ball,2,13.6,Otago Volts,HD Rutherford,M Renwick,BM Tickner,1,0,,,,,,"",""
ball,2,14.1,Otago Volts,HD Rutherford,M Renwick,DAJ Bracewell,0,0,,,,,,"",""
ball,2,14.2,Otago Volts,HD Rutherford,M Renwick,DAJ Bracewell,0,0,,,,,,"",""
ball,2,14.3,Otago Volts,HD Rutherford,M Renwick,DAJ Bracewell,4,0,,,,,,"",""
ball,2,14.4,Otago Volts,HD Rutherford,M Renwick,DAJ Bracewell,0,0,,,,,,"",""
ball,2,14.5,Otago Volts,HD Rutherford,M Renwick,DAJ Bracewell,0,0,,,,,,"",""
ball,2,14.6,Otago Volts,HD Rutherford,M Renwick,DAJ Bracewell,0,0,,,,,,"",""
ball,2,15.1,Otago Volts,M Renwick,HD Rutherford,BM Tickner,0,0,,,,,,"",""
ball,2,15.2,Otago Volts,M Renwick,HD Rutherford,BM Tickner,0,0,,,,,,"",""
ball,2,15.3,Otago Volts,M Renwick,HD Rutherford,BM Tickner,0,0,,,,,,"",""
ball,2,15.4,Otago Volts,M Renwick,HD Rutherford,BM Tickner,1,0,,,,,,"",""
ball,2,15.5,Otago Volts,HD Rutherford,M Renwick,BM Tickner,4,0,,,,,,"",""
ball,2,15.6,Otago Volts,HD Rutherford,M Renwick,BM Tickner,0,0,,,,,,"",""
ball,2,16.1,Otago Volts,M Renwick,HD Rutherford,BM Wheeler,0,0,,,,,,"",""
ball,2,16.2,Otago Volts,M Renwick,HD Rutherford,BM Wheeler,0,0,,,,,,"",""
ball,2,16.3,Otago Volts,M Renwick,HD Rutherford,BM Wheeler,0,0,,,,,,"",""
ball,2,16.4,Otago Volts,M Renwick,HD Rutherford,BM Wheeler,0,0,,,,,,"",""
ball,2,16.5,Otago Volts,M Renwick,HD Rutherford,BM Wheeler,0,0,,,,,,"",""
ball,2,16.6,Otago Volts,M Renwick,HD Rutherford,BM Wheeler,0,0,,,,,,"",""
ball,2,17.1,Otago Volts,HD Rutherford,M Renwick,BM Tickner,0,0,,,,,,"",""
ball,2,17.2,Otago Volts,HD Rutherford,M Renwick,BM Tickner,0,0,,,,,,"",""
ball,2,17.3,Otago Volts,HD Rutherford,M Renwick,BM Tickner,0,0,,,,,,"",""
ball,2,17.4,Otago Volts,HD Rutherford,M Renwick,BM Tickner,0,0,,,,,,"",""
ball,2,17.5,Otago Volts,HD Rutherford,M Renwick,BM Tickner,0,0,,,,,,"",""
ball,2,17.6,Otago Volts,HD Rutherford,M Renwick,BM Tickner,0,0,,,,,,"",""
ball,2,18.1,Otago Volts,M Renwick,HD Rutherford,BM Wheeler,0,0,,,,,,"",""
ball,2,18.2,Otago Volts,M Renwick,HD Rutherford,BM Wheeler,0,0,,,,,,"",""
ball,2,18.3,Otago Volts,M Renwick,HD Rutherford,BM Wheeler,0,0,,,,,,"",""
ball,2,18.4,Otago Volts,M Renwick,HD Rutherford,BM Wheeler,4,0,,,,,,"",""
ball,2,18.5,Otago Volts,M Renwick,HD Rutherford,BM Wheeler,0,0,,,,,,"",""
ball,2,18.6,Otago Volts,M Renwick,HD Rutherford,BM Wheeler,0,0,,,,,,"",""
ball,2,19.1,Otago Volts,HD Rutherford,M Renwick,RL Toole,0,0,,,,,,"",""
ball,2,19.2,Otago Volts,HD Rutherford,M Renwick,RL Toole,1,0,,,,,,"",""
ball,2,19.3,Otago Volts,M Renwick,HD Rutherford,RL Toole,0,0,,,,,,"",""
ball,2,19.4,Otago Volts,M Renwick,HD Rutherford,RL Toole,0,0,,,,,,"",""
ball,2,19.5,Otago Volts,M Renwick,HD Rutherford,RL Toole,0,0,,,,,,"",""
ball,2,19.6,Otago Volts,M Renwick,HD Rutherford,RL Toole,0,0,,,,,,"",""
ball,2,20.1,Otago Volts,HD Rutherford,M Renwick,BM Wheeler,0,0,,,,,,"",""
ball,2,20.2,Otago Volts,HD Rutherford,M Renwick,BM Wheeler,1,0,,,,,,"",""
ball,2,20.3,Otago Volts,M Renwick,HD Rutherford,BM Wheeler,0,0,,,,,,"",""
ball,2,20.4,Otago Volts,M Renwick,HD Rutherford,BM Wheeler,0,0,,,,,,"",""
ball,2,20.5,Otago Volts,M Renwick,HD Rutherford,BM Wheeler,0,0,,,,,,"",""
ball,2,20.6,Otago Volts,M Renwick,HD Rutherford,BM Wheeler,0,0,,,,,,"",""
ball,2,21.1,Otago Volts,HD Rutherford,M Renwick,RL Toole,0,0,,,,,,"",""
ball,2,21.2,Otago Volts,HD Rutherford,M Renwick,RL Toole,4,0,,,,,,"",""
ball,2,21.3,Otago Volts,HD Rutherford,M Renwick,RL Toole,0,0,,,,,,"",""
ball,2,21.4,Otago Volts,HD Rutherford,M Renwick,RL Toole,0,0,,,,,,"",""
ball,2,21.5,Otago Volts,HD Rutherford,M Renwick,RL Toole,0,0,,,,,,"",""
ball,2,21.6,Otago Volts,HD Rutherford,M Renwick,RL Toole,0,0,,,,,,"",""
ball,2,22.1,Otago Volts,M Renwick,HD Rutherford,BM Wheeler,0,0,,,,,,"",""
ball,2,22.2,Otago Volts,M Renwick,HD Rutherford,BM Wheeler,0,0,,,,,,"",""
ball,2,22.3,Otago Volts,M Renwick,HD Rutherford,BM Wheeler,0,0,,,,,,"",""
ball,2,22.4,Otago Volts,M Renwick,HD Rutherford,BM Wheeler,0,0,,,,,,"",""
ball,2,22.5,Otago Volts,M Renwick,HD Rutherford,BM Wheeler,0,0,,,,,,"",""
ball,2,22.6,Otago Volts,M Renwick,HD Rutherford,BM Wheeler,0,0,,,,,,"",""
ball,2,23.1,Otago Volts,HD Rutherford,M Renwick,RL Toole,4,0,,,,,,"",""
ball,2,23.2,Otago Volts,HD Rutherford,M Renwick,RL Toole,0,0,,,,,,"",""
ball,2,23.3,Otago Volts,HD Rutherford,M Renwick,RL Toole,0,0,,,,,,"",""
ball,2,23.4,Otago Volts,HD Rutherford,M Renwick,RL Toole,1,0,,,,,,"",""
ball,2,23.5,Otago Volts,M Renwick,HD Rutherford,RL Toole,0,0,,,,,,"",""
ball,2,23.6,Otago Volts,M Renwick,HD Rutherford,RL Toole,0,0,,,,,,"",""
ball,2,24.1,Otago Volts,HD Rutherford,M Renwick,BM Wheeler,0,0,,,,,,"",""
ball,2,24.2,Otago Volts,HD Rutherford,M Renwick,BM Wheeler,0,0,,,,,,"",""
ball,2,24.3,Otago Volts,HD Rutherford,M Renwick,BM Wheeler,0,0,,,,,,"",""
ball,2,24.4,Otago Volts,HD Rutherford,M Renwick,BM Wheeler,0,0,,,,,,"",""
ball,2,24.5,Otago Volts,HD Rutherford,M Renwick,BM Wheeler,0,0,,,,,,"",""
ball,2,24.6,Otago Volts,HD Rutherford,M Renwick,BM Wheeler,0,0,,,,,,"",""
ball,2,25.1,Otago Volts,M Renwick,HD Rutherford,RL Toole,0,0,,,,,,"",""
ball,2,25.2,Otago Volts,M Renwick,HD Rutherford,RL Toole,1,0,,,,,,"",""
ball,2,25.3,Otago Volts,HD Rutherford,M Renwick,RL Toole,1,0,,,,,,"",""
ball,2,25.4,Otago Volts,M Renwick,HD Rutherford,RL Toole,1,0,,,,,,"",""
ball,2,25.5,Otago Volts,HD Rutherford,M Renwick,RL Toole,2,0,,,,,,"",""
ball,2,25.6,Otago Volts,HD Rutherford,M Renwick,RL Toole,1,0,,,,,,"",""
ball,2,26.1,Otago Volts,HD Rutherford,M Renwick,BM Wheeler,1,0,,,,,,"",""
ball,2,26.2,Otago Volts,M Renwick,HD Rutherford,BM Wheeler,1,0,,,,,,"",""
ball,2,26.3,Otago Volts,HD Rutherford,M Renwick,BM Wheeler,0,0,,,,,,"",""
ball,2,26.4,Otago Volts,HD Rutherford,M Renwick,BM Wheeler,0,0,,,,,,"",""
ball,2,26.5,Otago Volts,HD Rutherford,M Renwick,BM Wheeler,0,0,,,,,,"",""
ball,2,26.6,Otago Volts,HD Rutherford,M Renwick,BM Wheeler,0,0,,,,,,"",""
ball,2,27.1,Otago Volts,M Renwick,HD Rutherford,RL Toole,0,0,,,,,,"",""
ball,2,27.2,Otago Volts,M Renwick,HD Rutherford,RL Toole,0,0,,,,,,"",""
ball,2,27.3,Otago Volts,M Renwick,HD Rutherford,RL Toole,0,0,,,,,,"",""
ball,2,27.4,Otago Volts,M Renwick,HD Rutherford,RL Toole,0,0,,,,,,"",""
ball,2,27.5,Otago Volts,M Renwick,HD Rutherford,RL Toole,0,0,,,,,,"",""
ball,2,27.6,Otago Volts,M Renwick,HD Rutherford,RL Toole,0,0,,,,,,"",""
ball,2,28.1,Otago Volts,HD Rutherford,M Renwick,BM Wheeler,0,0,,,,,,"",""
ball,2,28.2,Otago Volts,HD Rutherford,M Renwick,BM Wheeler,0,0,,,,,,"",""
ball,2,28.3,Otago Volts,HD Rutherford,M Renwick,BM Wheeler,0,0,,,,,,"",""
ball,2,28.4,Otago Volts,HD Rutherford,M Renwick,BM Wheeler,0,0,,,,,,"",""
ball,2,28.5,Otago Volts,HD Rutherford,M Renwick,BM Wheeler,0,0,,,,,,"",""
ball,2,28.6,Otago Volts,HD Rutherford,M Renwick,BM Wheeler,0,0,,,,,,"",""
ball,2,29.1,Otago Volts,M Renwick,HD Rutherford,RL Toole,0,0,,,,,,"",""
ball,2,29.2,Otago Volts,M Renwick,HD Rutherford,RL Toole,0,0,,,,,,"",""
ball,2,29.3,Otago Volts,M Renwick,HD Rutherford,RL Toole,0,0,,,,,,"",""
ball,2,29.4,Otago Volts,M Renwick,HD Rutherford,RL Toole,4,0,,,,,,"",""
ball,2,29.5,Otago Volts,M Renwick,HD Rutherford,RL Toole,0,0,,,,,,"",""
ball,2,29.6,Otago Volts,M Renwick,HD Rutherford,RL Toole,2,0,,,,,,"",""
ball,2,30.1,Otago Volts,HD Rutherford,M Renwick,BM Tickner,0,0,,,,,,"",""
ball,2,30.2,Otago Volts,HD Rutherford,M Renwick,BM Tickner,1,0,,,,,,"",""
ball,2,30.3,Otago Volts,M Renwick,HD Rutherford,BM Tickner,0,0,,,,,,"",""
ball,2,30.4,Otago Volts,M Renwick,HD Rutherford,BM Tickner,2,0,,,,,,"",""
ball,2,30.5,Otago Volts,M Renwick,HD Rutherford,BM Tickner,2,0,,,,,,"",""
ball,2,30.6,Otago Volts,M Renwick,HD Rutherford,BM Tickner,1,0,,,,,,"",""
ball,2,31.1,Otago Volts,M Renwick,HD Rutherford,RL Toole,1,0,,,,,,"",""
ball,2,31.2,Otago Volts,HD Rutherford,M Renwick,RL Toole,0,0,,,,,,"",""
ball,2,31.3,Otago Volts,HD Rutherford,M Renwick,RL Toole,0,0,,,,,,"",""
ball,2,31.4,Otago Volts,HD Rutherford,M Renwick,RL Toole,0,0,,,,,,"",""
ball,2,31.5,Otago Volts,HD Rutherford,M Renwick,RL Toole,1,0,,,,,,"",""
ball,2,31.6,Otago Volts,M Renwick,HD Rutherford,RL Toole,1,0,,,,,,"",""
ball,2,32.1,Otago Volts,M Renwick,HD Rutherford,BM Tickner,0,0,,,,,,"",""
ball,2,32.2,Otago Volts,M Renwick,HD Rutherford,BM Tickner,4,0,,,,,,"",""
ball,2,32.3,Otago Volts,M Renwick,HD Rutherford,BM Tickner,1,0,,,,,,"",""
ball,2,32.4,Otago Volts,HD Rutherford,M Renwick,BM Tickner,0,0,,,,,,"",""
ball,2,32.5,Otago Volts,HD Rutherford,M Renwick,BM Tickner,1,0,,,,,,"",""
ball,2,32.6,Otago Volts,M Renwick,HD Rutherford,BM Tickner,1,0,,,,,,"",""
ball,2,33.1,Otago Volts,M Renwick,HD Rutherford,JR Lennox,1,0,,,,,,"",""
ball,2,33.2,Otago Volts,HD Rutherford,M Renwick,JR Lennox,1,0,,,,,,"",""
ball,2,33.3,Otago Volts,M Renwick,HD Rutherford,JR Lennox,0,0,,,,,,"",""
ball,2,33.4,Otago Volts,M Renwick,HD Rutherford,JR Lennox,1,0,,,,,,"",""
ball,2,33.5,Otago Volts,HD Rutherford,M Renwick,JR Lennox,0,0,,,,,,"",""
ball,2,33.6,Otago Volts,HD Rutherford,M Renwick,JR Lennox,1,0,,,,,,"",""
ball,2,34.1,Otago Volts,HD Rutherford,M Renwick,BM Tickner,1,0,,,,,,"",""
ball,2,34.2,Otago Volts,M Renwick,HD Rutherford,BM Tickner,0,0,,,,,,"",""
ball,2,34.3,Otago Volts,M Renwick,HD Rutherford,BM Tickner,0,0,,,,,,"",""
ball,2,34.4,Otago Volts,M Renwick,HD Rutherford,BM Tickner,0,0,,,,,,"",""
ball,2,34.5,Otago Volts,M Renwick,HD Rutherford,BM Tickner,0,0,,,,,,"",""
ball,2,34.6,Otago Volts,M Renwick,HD Rutherford,BM Tickner,1,0,,,,,,"",""
ball,2,35.1,Otago Volts,M Renwick,HD Rutherford,JR Lennox,0,0,,,,,,"",""
ball,2,35.2,Otago Volts,M Renwick,HD Rutherford,JR Lennox,0,0,,,,,,"",""
ball,2,35.3,Otago Volts,M Renwick,HD Rutherford,JR Lennox,0,0,,,,,,"",""
ball,2,35.4,Otago Volts,M Renwick,HD Rutherford,JR Lennox,0,0,,,,,,"",""
ball,2,35.5,Otago Volts,M Renwick,HD Rutherford,JR Lennox,0,0,,,,,,"",""
ball,2,35.6,Otago Volts,M Renwick,HD Rutherford,JR Lennox,1,0,,,,,,"",""
ball,2,36.1,Otago Volts,M Renwick,HD Rutherford,BM Tickner,0,0,,,,,,"",""
ball,2,36.2,Otago Volts,M Renwick,HD Rutherford,BM Tickner,0,0,,,,,,"",""
ball,2,36.3,Otago Volts,M Renwick,HD Rutherford,BM Tickner,0,0,,,,,,"",""
ball,2,36.4,Otago Volts,M Renwick,HD Rutherford,BM Tickner,1,0,,,,,,"",""
ball,2,36.5,Otago Volts,HD Rutherford,M Renwick,BM Tickner,0,0,,,,,,"",""
ball,2,36.6,Otago Volts,HD Rutherford,M Renwick,BM Tickner,0,1,,1,,,,"",""
ball,2,36.7,Otago Volts,HD Rutherford,M Renwick,BM Tickner,0,0,,,,,,"",""
ball,2,37.1,Otago Volts,M Renwick,HD Rutherford,JR Lennox,0,0,,,,,,"",""
ball,2,37.2,Otago Volts,M Renwick,HD Rutherford,JR Lennox,0,0,,,,,,"",""
ball,2,37.3,Otago Volts,M Renwick,HD Rutherford,JR Lennox,0,0,,,,,,"",""
ball,2,37.4,Otago Volts,M Renwick,HD Rutherford,JR Lennox,0,0,,,,,,"",""
ball,2,37.5,Otago Volts,M Renwick,HD Rutherford,JR Lennox,0,0,,,,,,"",""
ball,2,37.6,Otago Volts,M Renwick,HD Rutherford,JR Lennox,0,0,,,,,,"",""
ball,2,38.1,Otago Volts,HD Rutherford,M Renwick,BM Tickner,1,0,,,,,,"",""
ball,2,38.2,Otago Volts,M Renwick,HD Rutherford,BM Tickner,0,0,,,,,,"",""
ball,2,38.3,Otago Volts,M Renwick,HD Rutherford,BM Tickner,0,0,,,,,,"",""
ball,2,38.4,Otago Volts,M Renwick,HD Rutherford,BM Tickner,0,0,,,,,,"",""
ball,2,38.5,Otago Volts,M Renwick,HD Rutherford,BM Tickner,4,0,,,,,,"",""
ball,2,38.6,Otago Volts,M Renwick,HD Rutherford,BM Tickner,0,0,,,,,,"",""
ball,2,39.1,Otago Volts,HD Rutherford,M Renwick,JR Lennox,0,0,,,,,,"",""
ball,2,39.2,Otago Volts,HD Rutherford,M Renwick,JR Lennox,0,0,,,,,,"",""
ball,2,39.3,Otago Volts,HD Rutherford,M Renwick,JR Lennox,0,0,,,,,,"",""
ball,2,39.4,Otago Volts,HD Rutherford,M Renwick,JR Lennox,0,0,,,,,,"",""
ball,2,39.5,Otago Volts,HD Rutherford,M Renwick,JR Lennox,1,0,,,,,,"",""
ball,2,39.6,Otago Volts,M Renwick,HD Rutherford,JR Lennox,0,0,,,,,,"",""
ball,2,40.1,Otago Volts,HD Rutherford,M Renwick,BD Schmulian,0,0,,,,,,"",""
ball,2,40.2,Otago Volts,HD Rutherford,M Renwick,BD Schmulian,1,0,,,,,,"",""
ball,2,40.3,Otago Volts,M Renwick,HD Rutherford,BD Schmulian,0,0,,,,,,"",""
ball,2,40.4,Otago Volts,M Renwick,HD Rutherford,BD Schmulian,0,0,,,,,,"",""
ball,2,40.5,Otago Volts,M Renwick,HD Rutherford,BD Schmulian,0,0,,,,,,"",""
ball,2,40.6,Otago Volts,M Renwick,HD Rutherford,BD Schmulian,0,0,,,,,,"",""
ball,2,41.1,Otago Volts,HD Rutherford,M Renwick,JR Lennox,1,0,,,,,,"",""
ball,2,41.2,Otago Volts,M Renwick,HD Rutherford,JR Lennox,0,0,,,,,,"",""
ball,2,41.3,Otago Volts,M Renwick,HD Rutherford,JR Lennox,0,0,,,,,,"",""
ball,2,41.4,Otago Volts,M Renwick,HD Rutherford,JR Lennox,0,0,,,,,,"",""
ball,2,41.5,Otago Volts,M Renwick,HD Rutherford,JR Lennox,0,0,,,,,,"",""
ball,2,41.6,Otago Volts,M Renwick,HD Rutherford,JR Lennox,1,0,,,,,,"",""
ball,2,42.1,Otago Volts,M Renwick,HD Rutherford,DAJ Bracewell,0,0,,,,,,"",""
ball,2,42.2,Otago Volts,M Renwick,HD Rutherford,DAJ Bracewell,0,0,,,,,,"",""
ball,2,42.3,Otago Volts,M Renwick,HD Rutherford,DAJ Bracewell,0,0,,,,,,"",""
ball,2,42.4,Otago Volts,M Renwick,HD Rutherford,DAJ Bracewell,0,0,,,,,,"",""
ball,2,42.5,Otago Volts,M Renwick,HD Rutherford,DAJ Bracewell,2,0,,,,,,"",""
ball,2,42.6,Otago Volts,M Renwick,HD Rutherford,DAJ Bracewell,0,0,,,,,,"",""
ball,2,43.1,Otago Volts,HD Rutherford,M Renwick,JR Lennox,0,0,,,,,,"",""
ball,2,43.2,Otago Volts,HD Rutherford,M Renwick,JR Lennox,0,0,,,,,,"",""
ball,2,43.3,Otago Volts,HD Rutherford,M Renwick,JR Lennox,1,0,,,,,,"",""
ball,2,43.4,Otago Volts,M Renwick,HD Rutherford,JR Lennox,1,0,,,,,,"",""
ball,2,43.5,Otago Volts,HD Rutherford,M Renwick,JR Lennox,0,0,,,,,,"",""
ball,2,43.6,Otago Volts,HD Rutherford,M Renwick,JR Lennox,0,0,,,,,,"",""
ball,2,44.1,Otago Volts,M Renwick,HD Rutherford,DAJ Bracewell,1,0,,,,,,"",""
ball,2,44.2,Otago Volts,HD Rutherford,M Renwick,DAJ Bracewell,0,0,,,,,,"",""
ball,2,44.3,Otago Volts,HD Rutherford,M Renwick,DAJ Bracewell,0,0,,,,,,"",""
ball,2,44.4,Otago Volts,HD Rutherford,M Renwick,DAJ Bracewell,0,0,,,,,,"",""
ball,2,44.5,Otago Volts,HD Rutherford,M Renwick,DAJ Bracewell,2,0,,,,,,"",""
ball,2,44.6,Otago Volts,HD Rutherford,M Renwick,DAJ Bracewell,0,0,,,,,,"",""
ball,2,45.1,Otago Volts,M Renwick,HD Rutherford,JR Lennox,0,0,,,,,,"",""
ball,2,45.2,Otago Volts,M Renwick,HD Rutherford,JR Lennox,0,0,,,,,,"",""
ball,2,45.3,Otago Volts,M Renwick,HD Rutherford,JR Lennox,0,0,,,,,,"",""
ball,2,45.4,Otago Volts,M Renwick,HD Rutherford,JR Lennox,4,0,,,,,,"",""
ball,2,45.5,Otago Volts,M Renwick,HD Rutherford,JR Lennox,0,0,,,,,,"",""
ball,2,45.6,Otago Volts,M Renwick,HD Rutherford,JR Lennox,0,0,,,,,,"",""
ball,2,46.1,Otago Volts,HD Rutherford,M Renwick,DAJ Bracewell,2,0,,,,,,"",""
ball,2,46.2,Otago Volts,HD Rutherford,M Renwick,DAJ Bracewell,0,0,,,,,,"",""
ball,2,46.3,Otago Volts,HD Rutherford,M Renwick,DAJ Bracewell,0,0,,,,,,"",""
ball,2,46.4,Otago Volts,HD Rutherford,M Renwick,DAJ Bracewell,1,0,,,,,,"",""
ball,2,46.5,Otago Volts,M Renwick,HD Rutherford,DAJ Bracewell,0,0,,,,,,"",""
ball,2,46.6,Otago Volts,M Renwick,HD Rutherford,DAJ Bracewell,0,0,,,,,,"",""
ball,2,47.1,Otago Volts,HD Rutherford,M Renwick,JR Lennox,1,0,,,,,,"",""
ball,2,47.2,Otago Volts,M Renwick,HD Rutherford,JR Lennox,1,0,,,,,,"",""
ball,2,47.3,Otago Volts,HD Rutherford,M Renwick,JR Lennox,4,0,,,,,,"",""
ball,2,47.4,Otago Volts,HD Rutherford,M Renwick,JR Lennox,0,0,,,,,,"",""
ball,2,47.5,Otago Volts,HD Rutherford,M Renwick,JR Lennox,1,0,,,,,,"",""
ball,2,47.6,Otago Volts,M Renwick,HD Rutherford,JR Lennox,1,0,,,,,,"",""
ball,2,48.1,Otago Volts,M Renwick,HD Rutherford,DAJ Bracewell,0,0,,,,,,"",""
ball,2,48.2,Otago Volts,M Renwick,HD Rutherford,DAJ Bracewell,0,0,,,,,,"",""
ball,2,48.3,Otago Volts,M Renwick,HD Rutherford,DAJ Bracewell,0,0,,,,,,"",""
ball,2,48.4,Otago Volts,M Renwick,HD Rutherford,DAJ Bracewell,0,0,,,,,,"",""
ball,2,48.5,Otago Volts,M Renwick,HD Rutherford,DAJ Bracewell,0,0,,,,,,"",""
ball,2,48.6,Otago Volts,M Renwick,HD Rutherford,DAJ Bracewell,0,0,,,,,,"",""
ball,2,49.1,Otago Volts,HD Rutherford,M Renwick,JR Lennox,0,0,,,,,,"",""
ball,2,49.2,Otago Volts,HD Rutherford,M Renwick,JR Lennox,2,0,,,,,,"",""
ball,2,49.3,Otago Volts,HD Rutherford,M Renwick,JR Lennox,0,0,,,,,,"",""
ball,2,49.4,Otago Volts,HD Rutherford,M Renwick,JR Lennox,0,0,,,,,,"",""
ball,2,49.5,Otago Volts,HD Rutherford,M Renwick,JR Lennox,1,0,,,,,,"",""
ball,2,49.6,Otago Volts,M Renwick,HD Rutherford,JR Lennox,4,0,,,,,,"",""
ball,2,50.1,Otago Volts,HD Rutherford,M Renwick,DAJ Bracewell,1,0,,,,,,"",""
ball,2,50.2,Otago Volts,M Renwick,HD Rutherford,DAJ Bracewell,0,0,,,,,,"",""
ball,2,50.3,Otago Volts,M Renwick,HD Rutherford,DAJ Bracewell,4,0,,,,,,"",""
ball,2,50.4,Otago Volts,M Renwick,HD Rutherford,DAJ Bracewell,0,0,,,,,,"",""
ball,2,50.5,Otago Volts,M Renwick,HD Rutherford,DAJ Bracewell,0,0,,,,,,"",""
ball,2,50.6,Otago Volts,M Renwick,HD Rutherford,DAJ Bracewell,0,0,,,,,,"",""
ball,2,51.1,Otago Volts,HD Rutherford,M Renwick,JR Lennox,1,0,,,,,,"",""
ball,2,51.2,Otago Volts,M Renwick,HD Rutherford,JR Lennox,0,0,,,,,,"",""
ball,2,51.3,Otago Volts,M Renwick,HD Rutherford,JR Lennox,0,0,,,,,,"",""
ball,2,51.4,Otago Volts,M Renwick,HD Rutherford,JR Lennox,1,0,,,,,,"",""
ball,2,51.5,Otago Volts,HD Rutherford,M Renwick,JR Lennox,4,0,,,,,,"",""
ball,2,51.6,Otago Volts,HD Rutherford,M Renwick,JR Lennox,0,0,,,,,,"",""
ball,2,52.1,Otago Volts,M Renwick,HD Rutherford,BM Wheeler,0,0,,,,,,"",""
ball,2,52.2,Otago Volts,M Renwick,HD Rutherford,BM Wheeler,0,0,,,,,,"",""
ball,2,52.3,Otago Volts,M Renwick,HD Rutherford,BM Wheeler,0,0,,,,,,"",""
ball,2,52.4,Otago Volts,M Renwick,HD Rutherford,BM Wheeler,1,0,,,,,,"",""
ball,2,52.5,Otago Volts,HD Rutherford,M Renwick,BM Wheeler,0,0,,,,,,"",""
ball,2,52.6,Otago Volts,HD Rutherford,M Renwick,BM Wheeler,0,0,,,,,,"",""
ball,2,53.1,Otago Volts,M Renwick,HD Rutherford,RL Toole,0,0,,,,,,"",""
ball,2,53.2,Otago Volts,M Renwick,HD Rutherford,RL Toole,0,0,,,,,,"",""
ball,2,53.3,Otago Volts,M Renwick,HD Rutherford,RL Toole,0,0,,,,,,"",""
ball,2,53.4,Otago Volts,M Renwick,HD Rutherford,RL Toole,0,0,,,,,,"",""
ball,2,53.5,Otago Volts,M Renwick,HD Rutherford,RL Toole,0,0,,,,,,"",""
ball,2,53.6,Otago Volts,M Renwick,HD Rutherford,RL Toole,0,0,,,,,,"",""
ball,2,54.1,Otago Volts,HD Rutherford,M Renwick,BM Wheeler,0,0,,,,,,"",""
ball,2,54.2,Otago Volts,HD Rutherford,M Renwick,BM Wheeler,0,0,,,,,,"",""
ball,2,54.3,Otago Volts,HD Rutherford,M Renwick,BM Wheeler,1,0,,,,,,"",""
ball,2,54.4,Otago Volts,M Renwick,HD Rutherford,BM Wheeler,0,0,,,,,,"",""
ball,2,54.5,Otago Volts,M Renwick,HD Rutherford,BM Wheeler,0,0,,,,,,"",""
ball,2,54.6,Otago Volts,M Renwick,HD Rutherford,BM Wheeler,1,0,,,,,,"",""
ball,2,55.1,Otago Volts,M Renwick,HD Rutherford,RL Toole,0,0,,,,,,"",""
ball,2,55.2,Otago Volts,M Renwick,HD Rutherford,RL Toole,0,0,,,,,,"",""
ball,2,55.3,Otago Volts,M Renwick,HD Rutherford,RL Toole,0,0,,,,,,"",""
ball,2,55.4,Otago Volts,M Renwick,HD Rutherford,RL Toole,0,0,,,,,,"",""
ball,2,55.5,Otago Volts,M Renwick,HD Rutherford,RL Toole,0,0,,,,,,"",""
ball,2,55.6,Otago Volts,M Renwick,HD Rutherford,RL Toole,0,0,,,,,,"",""
ball,2,56.1,Otago Volts,HD Rutherford,M Renwick,BM Wheeler,1,0,,,,,,"",""
ball,2,56.2,Otago Volts,M Renwick,HD Rutherford,BM Wheeler,0,0,,,,,,"",""
ball,2,56.3,Otago Volts,M Renwick,HD Rutherford,BM Wheeler,0,0,,,,,,"",""
ball,2,56.4,Otago Volts,M Renwick,HD Rutherford,BM Wheeler,0,0,,,,,,"",""
ball,2,56.5,Otago Volts,M Renwick,HD Rutherford,BM Wheeler,0,0,,,,,,"",""
ball,2,56.6,Otago Volts,M Renwick,HD Rutherford,BM Wheeler,0,0,,,,,,"",""
ball,2,57.1,Otago Volts,HD Rutherford,M Renwick,RL Toole,0,0,,,,,,"",""
ball,2,57.2,Otago Volts,HD Rutherford,M Renwick,RL Toole,4,0,,,,,,"",""
ball,2,57.3,Otago Volts,HD Rutherford,M Renwick,RL Toole,1,0,,,,,,"",""
ball,2,57.4,Otago Volts,M Renwick,HD Rutherford,RL Toole,0,0,,,,,,"",""
ball,2,57.5,Otago Volts,M Renwick,HD Rutherford,RL Toole,0,0,,,,,,"",""
ball,2,57.6,Otago Volts,M Renwick,HD Rutherford,RL Toole,0,0,,,,,,"",""
ball,2,58.1,Otago Volts,HD Rutherford,M Renwick,BM Wheeler,0,0,,,,,,"",""
ball,2,58.2,Otago Volts,HD Rutherford,M Renwick,BM Wheeler,0,0,,,,,,"",""
ball,2,58.3,Otago Volts,HD Rutherford,M Renwick,BM Wheeler,0,0,,,,,,"",""
ball,2,58.4,Otago Volts,HD Rutherford,M Renwick,BM Wheeler,0,0,,,,,,"",""
ball,2,58.5,Otago Volts,HD Rutherford,M Renwick,BM Wheeler,1,0,,,,,,"",""
ball,2,58.6,Otago Volts,M Renwick,HD Rutherford,BM Wheeler,0,0,,,,,,"",""
ball,2,59.1,Otago Volts,HD Rutherford,M Renwick,BD Schmulian,1,0,,,,,,"",""
ball,2,59.2,Otago Volts,M Renwick,HD Rutherford,BD Schmulian,4,0,,,,,,"",""
ball,2,59.3,Otago Volts,M Renwick,HD Rutherford,BD Schmulian,0,0,,,,,,"",""
ball,2,59.4,Otago Volts,M Renwick,HD Rutherford,BD Schmulian,0,0,,,,,,"",""
ball,2,59.5,Otago Volts,M Renwick,HD Rutherford,BD Schmulian,6,0,,,,,,"",""
ball,2,59.6,Otago Volts,M Renwick,HD Rutherford,BD Schmulian,0,0,,,,,,"",""
ball,2,60.1,Otago Volts,HD Rutherford,M Renwick,BM Wheeler,0,0,,,,,,"",""
ball,2,60.2,Otago Volts,HD Rutherford,M Renwick,BM Wheeler,0,0,,,,,,"",""
ball,2,60.3,Otago Volts,HD Rutherford,M Renwick,BM Wheeler,0,0,,,,,,"",""
ball,2,60.4,Otago Volts,HD Rutherford,M Renwick,BM Wheeler,0,0,,,,,,"",""
ball,2,60.5,Otago Volts,HD Rutherford,M Renwick,BM Wheeler,0,0,,,,,,"",""
ball,2,60.6,Otago Volts,HD Rutherford,M Renwick,BM Wheeler,0,0,,,,,,"",""
ball,2,61.1,Otago Volts,M Renwick,HD Rutherford,BD Schmulian,0,0,,,,,,"",""
ball,2,61.2,Otago Volts,M Renwick,HD Rutherford,BD Schmulian,2,0,,,,,,"",""
ball,2,61.3,Otago Volts,M Renwick,HD Rutherford,BD Schmulian,0,0,,,,,,"",""
ball,2,61.4,Otago Volts,M Renwick,HD Rutherford,BD Schmulian,0,0,,,,,,"",""
ball,2,61.5,Otago Volts,M Renwick,HD Rutherford,BD Schmulian,0,0,,,,,,"",""
ball,2,61.6,Otago Volts,M Renwick,HD Rutherford,BD Schmulian,0,0,,,,,,"",""
ball,2,62.1,Otago Volts,HD Rutherford,M Renwick,JA Clarkson,4,0,,,,,,"",""
ball,2,62.2,Otago Volts,HD Rutherford,M Renwick,JA Clarkson,0,0,,,,,,"",""
ball,2,62.3,Otago Volts,HD Rutherford,M Renwick,JA Clarkson,1,0,,,,,,"",""
ball,2,62.4,Otago Volts,M Renwick,HD Rutherford,JA Clarkson,1,0,,,,,,"",""
ball,2,62.5,Otago Volts,HD Rutherford,M Renwick,JA Clarkson,1,0,,,,,,"",""
ball,2,62.6,Otago Volts,M Renwick,HD Rutherford,JA Clarkson,0,0,,,,,,"",""
ball,2,63.1,Otago Volts,HD Rutherford,M Renwick,BD Schmulian,0,0,,,,,,"",""
ball,2,63.2,Otago Volts,HD Rutherford,M Renwick,BD Schmulian,0,0,,,,,,"",""
ball,2,63.3,Otago Volts,HD Rutherford,M Renwick,BD Schmulian,1,0,,,,,,"",""
ball,2,63.4,Otago Volts,M Renwick,HD Rutherford,BD Schmulian,0,0,,,,,,"",""
ball,2,63.5,Otago Volts,M Renwick,HD Rutherford,BD Schmulian,0,0,,,,,,"",""
ball,2,63.6,Otago Volts,M Renwick,HD Rutherford,BD Schmulian,2,0,,,,,,"",""
ball,2,64.1,Otago Volts,HD Rutherford,M Renwick,JA Clarkson,4,0,,,,,,"",""
ball,2,64.2,Otago Volts,HD Rutherford,M Renwick,JA Clarkson,0,0,,,,,,"",""
ball,2,64.3,Otago Volts,HD Rutherford,M Renwick,JA Clarkson,0,0,,,,,,"",""
ball,2,64.4,Otago Volts,HD Rutherford,M Renwick,JA Clarkson,0,0,,,,,,"",""
ball,2,64.5,Otago Volts,HD Rutherford,M Renwick,JA Clarkson,0,0,,,,,,"",""
ball,2,64.6,Otago Volts,HD Rutherford,M Renwick,JA Clarkson,0,0,,,,,,"",""
ball,2,65.1,Otago Volts,M Renwick,HD Rutherford,BM Tickner,0,0,,,,,,"",""
ball,2,65.2,Otago Volts,M Renwick,HD Rutherford,BM Tickner,1,0,,,,,,"",""
ball,2,65.3,Otago Volts,HD Rutherford,M Renwick,BM Tickner,0,0,,,,,,"",""
ball,2,65.4,Otago Volts,HD Rutherford,M Renwick,BM Tickner,0,0,,,,,,"",""
ball,2,65.5,Otago Volts,HD Rutherford,M Renwick,BM Tickner,0,0,,,,,,"",""
ball,2,65.6,Otago Volts,HD Rutherford,M Renwick,BM Tickner,0,0,,,,,,"",""
ball,2,66.1,Otago Volts,M Renwick,HD Rutherford,JR Lennox,0,0,,,,,,"",""
ball,2,66.2,Otago Volts,M Renwick,HD Rutherford,JR Lennox,0,0,,,,,,"",""
ball,2,66.3,Otago Volts,M Renwick,HD Rutherford,JR Lennox,0,0,,,,,,"",""
ball,2,66.4,Otago Volts,M Renwick,HD Rutherford,JR Lennox,0,0,,,,,,"",""
ball,2,66.5,Otago Volts,M Renwick,HD Rutherford,JR Lennox,0,0,,,,,,"",""
ball,2,66.6,Otago Volts,M Renwick,HD Rutherford,JR Lennox,6,0,,,,,,"",""
ball,2,67.1,Otago Volts,HD Rutherford,M Renwick,BM Tickner,0,0,,,,,,"",""
ball,2,67.2,Otago Volts,HD Rutherford,M Renwick,BM Tickner,0,0,,,,,,"",""
ball,2,67.3,Otago Volts,HD Rutherford,M Renwick,BM Tickner,0,0,,,,,,"",""
ball,2,67.4,Otago Volts,HD Rutherford,M Renwick,BM Tickner,1,0,,,,,,"",""
ball,2,67.5,Otago Volts,M Renwick,HD Rutherford,BM Tickner,0,0,,,,,,"",""
ball,2,67.6,Otago Volts,M Renwick,HD Rutherford,BM Tickner,0,0,,,,,,"",""
ball,2,68.1,Otago Volts,HD Rutherford,M Renwick,JR Lennox,0,0,,,,,,"",""
ball,2,68.2,Otago Volts,HD Rutherford,M Renwick,JR Lennox,4,0,,,,,,"",""
ball,2,68.3,Otago Volts,HD Rutherford,M Renwick,JR Lennox,0,0,,,,,,"",""
ball,2,68.4,Otago Volts,HD Rutherford,M Renwick,JR Lennox,0,0,,,,,,"",""
ball,2,68.5,Otago Volts,HD Rutherford,M Renwick,JR Lennox,0,0,,,,,,"",""
ball,2,68.6,Otago Volts,HD Rutherford,M Renwick,JR Lennox,0,0,,,,,,"",""
ball,2,69.1,Otago Volts,M Renwick,HD Rutherford,BM Tickner,0,0,,,,,,"",""
ball,2,69.2,Otago Volts,M Renwick,HD Rutherford,BM Tickner,0,0,,,,,,"",""
ball,2,69.3,Otago Volts,M Renwick,HD Rutherford,BM Tickner,0,0,,,,,,"",""
ball,2,69.4,Otago Volts,M Renwick,HD Rutherford,BM Tickner,0,0,,,,,,"",""
ball,2,69.5,Otago Volts,M Renwick,HD Rutherford,BM Tickner,0,0,,,,,,"",""
ball,2,69.6,Otago Volts,M Renwick,HD Rutherford,BM Tickner,0,0,,,,,,"",""
ball,2,70.1,Otago Volts,HD Rutherford,M Renwick,JR Lennox,1,0,,,,,,"",""
ball,2,70.2,Otago Volts,M Renwick,HD Rutherford,JR Lennox,0,0,,,,,,"",""
ball,2,70.3,Otago Volts,M Renwick,HD Rutherford,JR Lennox,0,0,,,,,,"",""
ball,2,70.4,Otago Volts,M Renwick,HD Rutherford,JR Lennox,0,0,,,,,,"",""
ball,2,70.5,Otago Volts,M Renwick,HD Rutherford,JR Lennox,0,0,,,,,,"",""
ball,2,70.6,Otago Volts,M Renwick,HD Rutherford,JR Lennox,2,0,,,,,,"",""
ball,2,71.1,Otago Volts,HD Rutherford,M Renwick,BM Tickner,0,0,,,,,,"",""
ball,2,71.2,Otago Volts,HD Rutherford,M Renwick,BM Tickner,4,0,,,,,,"",""
ball,2,71.3,Otago Volts,HD Rutherford,M Renwick,BM Tickner,0,0,,,,,,"",""
ball,2,71.4,Otago Volts,HD Rutherford,M Renwick,BM Tickner,1,0,,,,,,"",""
ball,2,71.5,Otago Volts,M Renwick,HD Rutherford,BM Tickner,0,0,,,,,,"",""
ball,2,71.6,Otago Volts,M Renwick,HD Rutherford,BM Tickner,0,0,,,,,,"",""
ball,2,72.1,Otago Volts,HD Rutherford,M Renwick,JR Lennox,0,0,,,,,,"",""
ball,2,72.2,Otago Volts,HD Rutherford,M Renwick,JR Lennox,2,0,,,,,,"",""
ball,2,72.3,Otago Volts,HD Rutherford,M Renwick,JR Lennox,1,0,,,,,,"",""
ball,2,72.4,Otago Volts,M Renwick,HD Rutherford,JR Lennox,0,0,,,,,,"",""
ball,2,72.5,Otago Volts,M Renwick,HD Rutherford,JR Lennox,0,0,,,,,,"",""
ball,2,72.6,Otago Volts,M Renwick,HD Rutherford,JR Lennox,0,0,,,,,,"",""
ball,2,73.1,Otago Volts,HD Rutherford,M Renwick,BM Tickner,0,0,,,,,,"",""
ball,2,73.2,Otago Volts,HD Rutherford,M Renwick,BM Tickner,4,0,,,,,,"",""
ball,2,73.3,Otago Volts,HD Rutherford,M Renwick,BM Tickner,0,0,,,,,,"",""
ball,2,73.4,Otago Volts,HD Rutherford,M Renwick,BM Tickner,0,0,,,,,,"",""
ball,2,73.5,Otago Volts,HD Rutherford,M Renwick,BM Tickner,2,0,,,,,,"",""
ball,2,73.6,Otago Volts,HD Rutherford,M Renwick,BM Tickner,1,0,,,,,,"",""
ball,2,74.1,Otago Volts,HD Rutherford,M Renwick,JR Lennox,0,0,,,,,,"",""
ball,2,74.2,Otago Volts,HD Rutherford,M Renwick,JR Lennox,1,0,,,,,,"",""
ball,2,74.3,Otago Volts,M Renwick,HD Rutherford,JR Lennox,0,0,,,,,,"",""
ball,2,74.4,Otago Volts,M Renwick,HD Rutherford,JR Lennox,0,0,,,,,,"",""
ball,2,74.5,Otago Volts,M Renwick,HD Rutherford,JR Lennox,0,0,,,,,,"",""
ball,2,74.6,Otago Volts,M Renwick,HD Rutherford,JR Lennox,1,0,,,,,,"",""
ball,2,75.1,Otago Volts,M Renwick,HD Rutherford,BM Tickner,0,0,,,,,,"",""
ball,2,75.2,Otago Volts,M Renwick,HD Rutherford,BM Tickner,0,0,,,,,,"",""
ball,2,75.3,Otago Volts,M Renwick,HD Rutherford,BM Tickner,0,0,,,,,,"",""
ball,2,75.4,Otago Volts,M Renwick,HD Rutherford,BM Tickner,0,0,,,,,,"",""
ball,2,75.5,Otago Volts,M Renwick,HD Rutherford,BM Tickner,0,0,,,,,,"",""
ball,2,75.6,Otago Volts,M Renwick,HD Rutherford,BM Tickner,0,0,,,,,,"",""
ball,2,76.1,Otago Volts,HD Rutherford,M Renwick,JR Lennox,0,0,,,,,,"",""
ball,2,76.2,Otago Volts,HD Rutherford,M Renwick,JR Lennox,1,0,,,,,,"",""
ball,2,76.3,Otago Volts,M Renwick,HD Rutherford,JR Lennox,2,0,,,,,,"",""
ball,2,76.4,Otago Volts,M Renwick,HD Rutherford,JR Lennox,1,0,,,,,,"",""
ball,2,76.5,Otago Volts,HD Rutherford,M Renwick,JR Lennox,0,0,,,,,,"",""
ball,2,76.6,Otago Volts,HD Rutherford,M Renwick,JR Lennox,2,0,,,,,,"",""
ball,2,77.1,Otago Volts,M Renwick,HD Rutherford,BM Tickner,0,0,,,,,,"",""
ball,2,77.2,Otago Volts,M Renwick,HD Rutherford,BM Tickner,0,0,,,,,,"",""
ball,2,77.3,Otago Volts,M Renwick,HD Rutherford,BM Tickner,0,0,,,,,,"",""
ball,2,77.4,Otago Volts,M Renwick,HD Rutherford,BM Tickner,0,0,,,,,,"",""
ball,2,77.5,Otago Volts,M Renwick,HD Rutherford,BM Tickner,0,0,,,,,,"",""
ball,2,77.6,Otago Volts,M Renwick,HD Rutherford,BM Tickner,1,0,,,,,,"",""
ball,2,78.1,Otago Volts,M Renwick,HD Rutherford,JR Lennox,0,0,,,,,,"",""
ball,2,78.2,Otago Volts,M Renwick,HD Rutherford,JR Lennox,0,0,,,,,,"",""
ball,2,78.3,Otago Volts,M Renwick,HD Rutherford,JR Lennox,0,0,,,,,,"",""
ball,2,78.4,Otago Volts,M Renwick,HD Rutherford,JR Lennox,1,0,,,,,,"",""
ball,2,78.5,Otago Volts,HD Rutherford,M Renwick,JR Lennox,2,0,,,,,,"",""
ball,2,78.6,Otago Volts,HD Rutherford,M Renwick,JR Lennox,0,0,,,,,,"",""
ball,2,79.1,Otago Volts,M Renwick,HD Rutherford,BM Tickner,0,0,,,,,,"",""
ball,2,79.2,Otago Volts,M Renwick,HD Rutherford,BM Tickner,0,0,,,,,,"",""
ball,2,79.3,Otago Volts,M Renwick,HD Rutherford,BM Tickner,1,0,,,,,,"",""
ball,2,79.4,Otago Volts,HD Rutherford,M Renwick,BM Tickner,4,0,,,,,,"",""
ball,2,79.5,Otago Volts,HD Rutherford,M Renwick,BM Tickner,0,0,,,,,,"",""
ball,2,79.6,Otago Volts,HD Rutherford,M Renwick,BM Tickner,0,0,,,,,,"",""
ball,2,80.1,Otago Volts,M Renwick,HD Rutherford,BM Wheeler,0,0,,,,,,"",""
ball,2,80.2,Otago Volts,M Renwick,HD Rutherford,BM Wheeler,0,0,,,,,,"",""
ball,2,80.3,Otago Volts,M Renwick,HD Rutherford,BM Wheeler,0,0,,,,,,"",""
ball,2,80.4,Otago Volts,M Renwick,HD Rutherford,BM Wheeler,0,0,,,,,,"",""
ball,2,80.5,Otago Volts,M Renwick,HD Rutherford,BM Wheeler,0,0,,,,,,"",""
ball,2,80.6,Otago Volts,M Renwick,HD Rutherford,BM Wheeler,0,0,,,,,,"",""
ball,2,81.1,Otago Volts,HD Rutherford,M Renwick,DAJ Bracewell,0,0,,,,,,"",""
ball,2,81.2,Otago Volts,HD Rutherford,M Renwick,DAJ Bracewell,0,0,,,,,,"",""
ball,2,81.3,Otago Volts,HD Rutherford,M Renwick,DAJ Bracewell,0,0,,,,,,"",""
ball,2,81.4,Otago Volts,HD Rutherford,M Renwick,DAJ Bracewell,1,0,,,,,,"",""
ball,2,81.5,Otago Volts,M Renwick,HD Rutherford,DAJ Bracewell,0,0,,,,,,"",""
ball,2,81.6,Otago Volts,M Renwick,HD Rutherford,DAJ Bracewell,0,0,,,,,,lbw,M Renwick
ball,2,82.1,Otago Volts,HD Rutherford,DN Phillips,BM Wheeler,0,0,,,,,,"",""
ball,2,82.2,Otago Volts,HD Rutherford,DN Phillips,BM Wheeler,0,0,,,,,,"",""
ball,2,82.3,Otago Volts,HD Rutherford,DN Phillips,BM Wheeler,0,0,,,,,,"",""
ball,2,82.4,Otago Volts,HD Rutherford,DN Phillips,BM Wheeler,0,0,,,,,,"",""
ball,2,82.5,Otago Volts,HD Rutherford,DN Phillips,BM Wheeler,0,0,,,,,,"",""
ball,2,82.6,Otago Volts,HD Rutherford,DN Phillips,BM Wheeler,0,0,,,,,,"",""
ball,2,83.1,Otago Volts,DN Phillips,HD Rutherford,DAJ Bracewell,0,0,,,,,,"",""
ball,2,83.2,Otago Volts,DN Phillips,HD Rutherford,DAJ Bracewell,0,0,,,,,,"",""
ball,2,83.3,Otago Volts,DN Phillips,HD Rutherford,DAJ Bracewell,0,0,,,,,,"",""
ball,2,83.4,Otago Volts,DN Phillips,HD Rutherford,DAJ Bracewell,0,0,,,,,,"",""
ball,2,83.5,Otago Volts,DN Phillips,HD Rutherford,DAJ Bracewell,0,0,,,,,,"",""
ball,2,83.6,Otago Volts,DN Phillips,HD Rutherford,DAJ Bracewell,0,0,,,,,,"",""
ball,2,84.1,Otago Volts,HD Rutherford,DN Phillips,BM Wheeler,1,0,,,,,,"",""
ball,2,84.2,Otago Volts,DN Phillips,HD Rutherford,BM Wheeler,0,0,,,,,,"",""
ball,2,84.3,Otago Volts,DN Phillips,HD Rutherford,BM Wheeler,0,0,,,,,,"",""
ball,2,84.4,Otago Volts,DN Phillips,HD Rutherford,BM Wheeler,0,0,,,,,,"",""
ball,2,84.5,Otago Volts,DN Phillips,HD Rutherford,BM Wheeler,0,0,,,,,,"",""
ball,2,84.6,Otago Volts,DN Phillips,HD Rutherford,BM Wheeler,0,0,,,,,,"",""
ball,2,85.1,Otago Volts,HD Rutherford,DN Phillips,DAJ Bracewell,0,0,,,,,,"",""
ball,2,85.2,Otago Volts,HD Rutherford,DN Phillips,DAJ Bracewell,0,0,,,,,,"",""
ball,2,85.3,Otago Volts,HD Rutherford,DN Phillips,DAJ Bracewell,1,0,,,,,,"",""
ball,2,85.4,Otago Volts,DN Phillips,HD Rutherford,DAJ Bracewell,0,0,,,,,,"",""
ball,2,85.5,Otago Volts,DN Phillips,HD Rutherford,DAJ Bracewell,0,0,,,,,,"",""
ball,2,85.6,Otago Volts,DN Phillips,HD Rutherford,DAJ Bracewell,0,0,,,,,,"",""
ball,2,86.1,Otago Volts,HD Rutherford,DN Phillips,BM Wheeler,2,0,,,,,,"",""
ball,2,86.2,Otago Volts,HD Rutherford,DN Phillips,BM Wheeler,0,0,,,,,,"",""
ball,2,86.3,Otago Volts,HD Rutherford,DN Phillips,BM Wheeler,1,0,,,,,,"",""
ball,2,86.4,Otago Volts,DN Phillips,HD Rutherford,BM Wheeler,0,0,,,,,,"",""
ball,2,86.5,Otago Volts,DN Phillips,HD Rutherford,BM Wheeler,4,0,,,,,,"",""
ball,2,86.6,Otago Volts,DN Phillips,HD Rutherford,BM Wheeler,0,0,,,,,,"",""
ball,2,87.1,Otago Volts,HD Rutherford,DN Phillips,DAJ Bracewell,0,0,,,,,,"",""
ball,2,87.2,Otago Volts,HD Rutherford,DN Phillips,DAJ Bracewell,0,0,,,,,,"",""
ball,2,87.3,Otago Volts,HD Rutherford,DN Phillips,DAJ Bracewell,0,0,,,,,,"",""
ball,2,87.4,Otago Volts,HD Rutherford,DN Phillips,DAJ Bracewell,0,0,,,,,,"",""
ball,2,87.5,Otago Volts,HD Rutherford,DN Phillips,DAJ Bracewell,0,0,,,,,,"",""
ball,2,87.6,Otago Volts,HD Rutherford,DN Phillips,DAJ Bracewell,0,0,,,,,,"",""
ball,2,88.1,Otago Volts,DN Phillips,HD Rutherford,BM Wheeler,4,0,,,,,,"",""
ball,2,88.2,Otago Volts,DN Phillips,HD Rutherford,BM Wheeler,0,0,,,,,,"",""
ball,2,88.3,Otago Volts,DN Phillips,HD Rutherford,BM Wheeler,1,0,,,,,,"",""
ball,2,88.4,Otago Volts,HD Rutherford,DN Phillips,BM Wheeler,0,0,,,,,,"",""
ball,2,88.5,Otago Volts,HD Rutherford,DN Phillips,BM Wheeler,0,0,,,,,,"",""
ball,2,88.6,Otago Volts,HD Rutherford,DN Phillips,BM Wheeler,0,0,,,,,,bowled,HD Rutherford
ball,2,89.1,Otago Volts,DN Phillips,NF Kelly,DAJ Bracewell,0,1,,,,1,,"",""
ball,2,89.2,Otago Volts,NF Kelly,DN Phillips,DAJ Bracewell,0,0,,,,,,"",""
ball,2,89.3,Otago Volts,NF Kelly,DN Phillips,DAJ Bracewell,4,0,,,,,,"",""
ball,2,89.4,Otago Volts,NF Kelly,DN Phillips,DAJ Bracewell,0,0,,,,,,"",""
ball,2,89.5,Otago Volts,NF Kelly,DN Phillips,DAJ Bracewell,0,0,,,,,,"",""
ball,2,89.6,Otago Volts,NF Kelly,DN Phillips,DAJ Bracewell,0,0,,,,,,"",""
ball,2,90.1,Otago Volts,DN Phillips,NF Kelly,BM Wheeler,0,0,,,,,,"",""
ball,2,90.2,Otago Volts,DN Phillips,NF Kelly,BM Wheeler,1,0,,,,,,"",""
ball,2,90.3,Otago Volts,NF Kelly,DN Phillips,BM Wheeler,0,0,,,,,,"",""
ball,2,90.4,Otago Volts,NF Kelly,DN Phillips,BM Wheeler,0,0,,,,,,"",""
ball,2,90.5,Otago Volts,NF Kelly,DN Phillips,BM Wheeler,4,0,,,,,,"",""
ball,2,90.6,Otago Volts,NF Kelly,DN Phillips,BM Wheeler,0,0,,,,,,"",""
ball,2,91.1,Otago Volts,DN Phillips,NF Kelly,DAJ Bracewell,1,0,,,,,,"",""
ball,2,91.2,Otago Volts,NF Kelly,DN Phillips,DAJ Bracewell,1,0,,,,,,"",""
ball,2,91.3,Otago Volts,DN Phillips,NF Kelly,DAJ Bracewell,0,0,,,,,,"",""
ball,2,91.4,Otago Volts,DN Phillips,NF Kelly,DAJ Bracewell,0,0,,,,,,"",""
ball,2,91.5,Otago Volts,DN Phillips,NF Kelly,DAJ Bracewell,0,0,,,,,,"",""
ball,2,91.6,Otago Volts,DN Phillips,NF Kelly,DAJ Bracewell,0,0,,,,,,"",""
ball,2,92.1,Otago Volts,NF Kelly,DN Phillips,RL Toole,0,0,,,,,,"",""
ball,2,92.2,Otago Volts,NF Kelly,DN Phillips,RL Toole,0,0,,,,,,"",""
ball,2,92.3,Otago Volts,NF Kelly,DN Phillips,RL Toole,0,0,,,,,,"",""
ball,2,92.4,Otago Volts,NF Kelly,DN Phillips,RL Toole,0,0,,,,,,"",""
ball,2,92.5,Otago Volts,NF Kelly,DN Phillips,RL Toole,0,0,,,,,,"",""
ball,2,92.6,Otago Volts,NF Kelly,DN Phillips,RL Toole,1,0,,,,,,"",""
ball,2,93.1,Otago Volts,NF Kelly,DN Phillips,DAJ Bracewell,4,0,,,,,,"",""
ball,2,93.2,Otago Volts,NF Kelly,DN Phillips,DAJ Bracewell,0,0,,,,,,"",""
ball,2,93.3,Otago Volts,NF Kelly,DN Phillips,DAJ Bracewell,0,0,,,,,,"",""
ball,2,93.4,Otago Volts,NF Kelly,DN Phillips,DAJ Bracewell,0,0,,,,,,"",""
ball,2,93.5,Otago Volts,NF Kelly,DN Phillips,DAJ Bracewell,0,0,,,,,,"",""
ball,2,93.6,Otago Volts,NF Kelly,DN Phillips,DAJ Bracewell,0,0,,,,,,"",""
ball,2,94.1,Otago Volts,DN Phillips,NF Kelly,RL Toole,0,0,,,,,,"",""
ball,2,94.2,Otago Volts,DN Phillips,NF Kelly,RL Toole,3,0,,,,,,"",""
ball,2,94.3,Otago Volts,NF Kelly,DN Phillips,RL Toole,3,0,,,,,,"",""
ball,2,94.4,Otago Volts,DN Phillips,NF Kelly,RL Toole,0,0,,,,,,"",""
ball,2,94.5,Otago Volts,DN Phillips,NF Kelly,RL Toole,0,0,,,,,,"",""
ball,2,94.6,Otago Volts,DN Phillips,NF Kelly,RL Toole,0,0,,,,,,"",""
ball,2,95.1,Otago Volts,NF Kelly,DN Phillips,DAJ Bracewell,0,0,,,,,,"",""
ball,2,95.2,Otago Volts,NF Kelly,DN Phillips,DAJ Bracewell,0,0,,,,,,"",""
ball,2,95.3,Otago Volts,NF Kelly,DN Phillips,DAJ Bracewell,0,0,,,,,,"",""
ball,2,95.4,Otago Volts,NF Kelly,DN Phillips,DAJ Bracewell,0,0,,,,,,"",""
ball,2,95.5,Otago Volts,NF Kelly,DN Phillips,DAJ Bracewell,0,0,,,,,,"",""
ball,2,95.6,Otago Volts,NF Kelly,DN Phillips,DAJ Bracewell,4,0,,,,,,"",""
ball,2,96.1,Otago Volts,DN Phillips,NF Kelly,RL Toole,0,0,,,,,,"",""
ball,2,96.2,Otago Volts,DN Phillips,NF Kelly,RL Toole,0,0,,,,,,bowled,DN Phillips
ball,2,96.3,Otago Volts,AK Kitchen,NF Kelly,RL Toole,0,0,,,,,,"",""
ball,2,96.4,Otago Volts,AK Kitchen,NF Kelly,RL Toole,0,0,,,,,,"",""
ball,2,96.5,Otago Volts,AK Kitchen,NF Kelly,RL Toole,0,0,,,,,,"",""
ball,2,96.6,Otago Volts,AK Kitchen,NF Kelly,RL Toole,0,0,,,,,,"",""
ball,2,97.1,Otago Volts,NF Kelly,AK Kitchen,BM Tickner,0,0,,,,,,"",""
ball,2,97.2,Otago Volts,NF Kelly,AK Kitchen,BM Tickner,0,0,,,,,,"",""
ball,2,97.3,Otago Volts,NF Kelly,AK Kitchen,BM Tickner,0,0,,,,,,"",""
ball,2,97.4,Otago Volts,NF Kelly,AK Kitchen,BM Tickner,0,0,,,,,,"",""
ball,2,97.5,Otago Volts,NF Kelly,AK Kitchen,BM Tickner,0,0,,,,,,"",""
ball,2,97.6,Otago Volts,NF Kelly,AK Kitchen,BM Tickner,0,0,,,,,,"",""
ball,2,98.1,Otago Volts,AK Kitchen,NF Kelly,RL Toole,0,0,,,,,,"",""
ball,2,98.2,Otago Volts,AK Kitchen,NF Kelly,RL Toole,1,0,,,,,,"",""
ball,2,98.3,Otago Volts,NF Kelly,AK Kitchen,RL Toole,0,0,,,,,,"",""
ball,2,98.4,Otago Volts,NF Kelly,AK Kitchen,RL Toole,0,0,,,,,,"",""
ball,2,98.5,Otago Volts,NF Kelly,AK Kitchen,RL Toole,0,0,,,,,,"",""
ball,2,98.6,Otago Volts,NF Kelly,AK Kitchen,RL Toole,0,0,,,,,,"",""
ball,2,99.1,Otago Volts,AK Kitchen,NF Kelly,BM Tickner,0,0,,,,,,"",""
ball,2,99.2,Otago Volts,AK Kitchen,NF Kelly,BM Tickner,0,1,,,,1,,"",""
ball,2,99.3,Otago Volts,NF Kelly,AK Kitchen,BM Tickner,0,0,,,,,,"",""
ball,2,99.4,Otago Volts,NF Kelly,AK Kitchen,BM Tickner,0,0,,,,,,"",""
ball,2,99.5,Otago Volts,NF Kelly,AK Kitchen,BM Tickner,0,0,,,,,,"",""
ball,2,99.6,Otago Volts,NF Kelly,AK Kitchen,BM Tickner,0,0,,,,,,"",""
ball,2,100.1,Otago Volts,AK Kitchen,NF Kelly,RL Toole,0,0,,,,,,"",""
ball,2,100.2,Otago Volts,AK Kitchen,NF Kelly,RL Toole,0,0,,,,,,"",""
ball,2,100.3,Otago Volts,AK Kitchen,NF Kelly,RL Toole,0,0,,,,,,"",""
ball,2,100.4,Otago Volts,AK Kitchen,NF Kelly,RL Toole,0,0,,,,,,"",""
ball,2,100.5,Otago Volts,AK Kitchen,NF Kelly,RL Toole,0,0,,,,,,"",""
ball,2,100.6,Otago Volts,AK Kitchen,NF Kelly,RL Toole,0,0,,,,,,"",""
ball,2,101.1,Otago Volts,NF Kelly,AK Kitchen,BM Tickner,1,0,,,,,,"",""
ball,2,101.2,Otago Volts,AK Kitchen,NF Kelly,BM Tickner,0,0,,,,,,"",""
ball,2,101.3,Otago Volts,AK Kitchen,NF Kelly,BM Tickner,1,0,,,,,,"",""
ball,2,101.4,Otago Volts,NF Kelly,AK Kitchen,BM Tickner,1,0,,,,,,"",""
ball,2,101.5,Otago Volts,AK Kitchen,NF Kelly,BM Tickner,0,0,,,,,,"",""
ball,2,101.6,Otago Volts,AK Kitchen,NF Kelly,BM Tickner,0,0,,,,,,"",""
ball,2,102.1,Otago Volts,NF Kelly,AK Kitchen,RL Toole,0,0,,,,,,"",""
ball,2,102.2,Otago Volts,NF Kelly,AK Kitchen,RL Toole,0,0,,,,,,"",""
ball,2,102.3,Otago Volts,NF Kelly,AK Kitchen,RL Toole,0,0,,,,,,"",""
ball,2,102.4,Otago Volts,NF Kelly,AK Kitchen,RL Toole,0,0,,,,,,"",""
ball,2,102.5,Otago Volts,NF Kelly,AK Kitchen,RL Toole,0,0,,,,,,"",""
ball,2,102.6,Otago Volts,NF Kelly,AK Kitchen,RL Toole,1,0,,,,,,"",""
ball,2,103.1,Otago Volts,NF Kelly,AK Kitchen,BM Tickner,0,0,,,,,,"",""
ball,2,103.2,Otago Volts,NF Kelly,AK Kitchen,BM Tickner,0,0,,,,,,"",""
ball,2,103.3,Otago Volts,NF Kelly,AK Kitchen,BM Tickner,1,0,,,,,,"",""
ball,2,103.4,Otago Volts,AK Kitchen,NF Kelly,BM Tickner,1,0,,,,,,"",""
ball,2,103.5,Otago Volts,NF Kelly,AK Kitchen,BM Tickner,1,0,,,,,,"",""
ball,2,103.6,Otago Volts,AK Kitchen,NF Kelly,BM Tickner,0,0,,,,,,"",""
ball,2,104.1,Otago Volts,NF Kelly,AK Kitchen,RL Toole,0,0,,,,,,"",""
ball,2,104.2,Otago Volts,NF Kelly,AK Kitchen,RL Toole,4,0,,,,,,"",""
ball,2,104.3,Otago Volts,NF Kelly,AK Kitchen,RL Toole,0,0,,,,,,"",""
ball,2,104.4,Otago Volts,NF Kelly,AK Kitchen,RL Toole,0,0,,,,,,"",""
ball,2,104.5,Otago Volts,NF Kelly,AK Kitchen,RL Toole,0,0,,,,,,"",""
ball,2,104.6,Otago Volts,NF Kelly,AK Kitchen,RL Toole,0,0,,,,,,"",""
ball,2,105.1,Otago Volts,AK Kitchen,NF Kelly,BM Tickner,0,0,,,,,,lbw,AK Kitchen
ball,2,105.2,Otago Volts,MJG Rippon,NF Kelly,BM Tickner,0,0,,,,,,"",""
ball,2,105.3,Otago Volts,MJG Rippon,NF Kelly,BM Tickner,3,0,,,,,,"",""
ball,2,105.4,Otago Volts,NF Kelly,MJG Rippon,BM Tickner,0,0,,,,,,"",""
ball,2,105.5,Otago Volts,NF Kelly,MJG Rippon,BM Tickner,0,0,,,,,,"",""
ball,2,105.6,Otago Volts,NF Kelly,MJG Rippon,BM Tickner,0,0,,,,,,"",""
ball,2,106.1,Otago Volts,MJG Rippon,NF Kelly,RL Toole,0,0,,,,,,"",""
ball,2,106.2,Otago Volts,MJG Rippon,NF Kelly,RL Toole,0,0,,,,,,"",""
ball,2,106.3,Otago Volts,MJG Rippon,NF Kelly,RL Toole,0,0,,,,,,"",""
ball,2,106.4,Otago Volts,MJG Rippon,NF Kelly,RL Toole,0,0,,,,,,"",""
ball,2,106.5,Otago Volts,MJG Rippon,NF Kelly,RL Toole,1,0,,,,,,"",""
ball,2,106.6,Otago Volts,NF Kelly,MJG Rippon,RL Toole,0,0,,,,,,"",""
ball,2,107.1,Otago Volts,MJG Rippon,NF Kelly,BM Tickner,0,0,,,,,,"",""
ball,2,107.2,Otago Volts,MJG Rippon,NF Kelly,BM Tickner,0,0,,,,,,"",""
ball,2,107.3,Otago Volts,MJG Rippon,NF Kelly,BM Tickner,0,0,,,,,,"",""
ball,2,107.4,Otago Volts,MJG Rippon,NF Kelly,BM Tickner,0,0,,,,,,"",""
ball,2,107.5,Otago Volts,MJG Rippon,NF Kelly,BM Tickner,0,0,,,,,,"",""
ball,2,107.6,Otago Volts,MJG Rippon,NF Kelly,BM Tickner,1,0,,,,,,"",""
ball,2,108.1,Otago Volts,MJG Rippon,NF Kelly,RL Toole,2,0,,,,,,"",""
ball,2,108.2,Otago Volts,MJG Rippon,NF Kelly,RL Toole,0,0,,,,,,"",""
ball,2,108.3,Otago Volts,MJG Rippon,NF Kelly,RL Toole,0,0,,,,,,"",""
ball,2,108.4,Otago Volts,MJG Rippon,NF Kelly,RL Toole,0,0,,,,,,"",""
ball,2,108.5,Otago Volts,MJG Rippon,NF Kelly,RL Toole,0,0,,,,,,"",""
ball,2,108.6,Otago Volts,MJG Rippon,NF Kelly,RL Toole,0,0,,,,,,"",""
ball,2,109.1,Otago Volts,NF Kelly,MJG Rippon,BM Tickner,0,0,,,,,,"",""
ball,2,109.2,Otago Volts,NF Kelly,MJG Rippon,BM Tickner,0,0,,,,,,"",""
ball,2,109.3,Otago Volts,NF Kelly,MJG Rippon,BM Tickner,0,0,,,,,,"",""
ball,2,109.4,Otago Volts,NF Kelly,MJG Rippon,BM Tickner,0,0,,,,,,"",""
ball,2,109.5,Otago Volts,NF Kelly,MJG Rippon,BM Tickner,0,0,,,,,,"",""
ball,2,109.6,Otago Volts,NF Kelly,MJG Rippon,BM Tickner,0,0,,,,,,"",""
ball,2,110.1,Otago Volts,MJG Rippon,NF Kelly,RL Toole,0,0,,,,,,"",""
ball,2,110.2,Otago Volts,MJG Rippon,NF Kelly,RL Toole,0,0,,,,,,"",""
ball,2,110.3,Otago Volts,MJG Rippon,NF Kelly,RL Toole,0,0,,,,,,"",""
ball,2,110.4,Otago Volts,MJG Rippon,NF Kelly,RL Toole,0,0,,,,,,"",""
ball,2,110.5,Otago Volts,MJG Rippon,NF Kelly,RL Toole,0,0,,,,,,"",""
ball,2,110.6,Otago Volts,MJG Rippon,NF Kelly,RL Toole,0,0,,,,,,"",""
ball,2,111.1,Otago Volts,NF Kelly,MJG Rippon,BM Tickner,0,0,,,,,,"",""
ball,2,111.2,Otago Volts,NF Kelly,MJG Rippon,BM Tickner,0,0,,,,,,"",""
ball,2,111.3,Otago Volts,NF Kelly,MJG Rippon,BM Tickner,0,0,,,,,,"",""
ball,2,111.4,Otago Volts,NF Kelly,MJG Rippon,BM Tickner,1,0,,,,,,"",""
ball,2,111.5,Otago Volts,MJG Rippon,NF Kelly,BM Tickner,0,0,,,,,,"",""
ball,2,111.6,Otago Volts,MJG Rippon,NF Kelly,BM Tickner,1,0,,,,,,"",""
ball,2,112.1,Otago Volts,MJG Rippon,NF Kelly,RL Toole,0,0,,,,,,"",""
ball,2,112.2,Otago Volts,MJG Rippon,NF Kelly,RL Toole,0,0,,,,,,"",""
ball,2,112.3,Otago Volts,MJG Rippon,NF Kelly,RL Toole,0,0,,,,,,"",""
ball,2,112.4,Otago Volts,MJG Rippon,NF Kelly,RL Toole,0,0,,,,,,"",""
ball,2,112.5,Otago Volts,MJG Rippon,NF Kelly,RL Toole,0,0,,,,,,"",""
ball,2,112.6,Otago Volts,MJG Rippon,NF Kelly,RL Toole,0,0,,,,,,"",""
ball,2,113.1,Otago Volts,NF Kelly,MJG Rippon,BM Tickner,1,0,,,,,,"",""
ball,2,113.2,Otago Volts,MJG Rippon,NF Kelly,BM Tickner,0,0,,,,,,"",""
ball,2,113.3,Otago Volts,MJG Rippon,NF Kelly,BM Tickner,0,0,,,,,,"",""
ball,2,113.4,Otago Volts,MJG Rippon,NF Kelly,BM Tickner,0,0,,,,,,"",""
ball,2,113.5,Otago Volts,MJG Rippon,NF Kelly,BM Tickner,0,0,,,,,,"",""
ball,2,113.6,Otago Volts,MJG Rippon,NF Kelly,BM Tickner,2,0,,,,,,"",""
ball,2,114.1,Otago Volts,NF Kelly,MJG Rippon,RL Toole,0,0,,,,,,"",""
ball,2,114.2,Otago Volts,NF Kelly,MJG Rippon,RL Toole,0,0,,,,,,"",""
ball,2,114.3,Otago Volts,NF Kelly,MJG Rippon,RL Toole,0,0,,,,,,"",""
ball,2,114.4,Otago Volts,NF Kelly,MJG Rippon,RL Toole,0,0,,,,,,"",""
ball,2,114.5,Otago Volts,NF Kelly,MJG Rippon,RL Toole,0,0,,,,,,"",""
ball,2,114.6,Otago Volts,NF Kelly,MJG Rippon,RL Toole,0,0,,,,,,"",""
ball,2,115.1,Otago Volts,MJG Rippon,NF Kelly,BM Tickner,0,0,,,,,,"",""
ball,2,115.2,Otago Volts,MJG Rippon,NF Kelly,BM Tickner,0,0,,,,,,"",""
ball,2,115.3,Otago Volts,MJG Rippon,NF Kelly,BM Tickner,0,0,,,,,,"",""
ball,2,115.4,Otago Volts,MJG Rippon,NF Kelly,BM Tickner,0,0,,,,,,"",""
ball,2,115.5,Otago Volts,MJG Rippon,NF Kelly,BM Tickner,0,0,,,,,,"",""
ball,2,115.6,Otago Volts,MJG Rippon,NF Kelly,BM Tickner,1,0,,,,,,"",""
ball,2,116.1,Otago Volts,MJG Rippon,NF Kelly,RL Toole,0,0,,,,,,"",""
ball,2,116.2,Otago Volts,MJG Rippon,NF Kelly,RL Toole,0,0,,,,,,"",""
ball,2,116.3,Otago Volts,MJG Rippon,NF Kelly,RL Toole,0,0,,,,,,"",""
ball,2,116.4,Otago Volts,MJG Rippon,NF Kelly,RL Toole,0,0,,,,,,"",""
ball,2,116.5,Otago Volts,MJG Rippon,NF Kelly,RL Toole,0,0,,,,,,"",""
ball,2,116.6,Otago Volts,MJG Rippon,NF Kelly,RL Toole,2,0,,,,,,"",""
ball,2,117.1,Otago Volts,NF Kelly,MJG Rippon,BM Wheeler,0,0,,,,,,"",""
ball,2,117.2,Otago Volts,NF Kelly,MJG Rippon,BM Wheeler,1,0,,,,,,"",""
ball,2,117.3,Otago Volts,MJG Rippon,NF Kelly,BM Wheeler,0,0,,,,,,"",""
ball,2,117.4,Otago Volts,MJG Rippon,NF Kelly,BM Wheeler,0,0,,,,,,"",""
ball,2,117.5,Otago Volts,MJG Rippon,NF Kelly,BM Wheeler,0,0,,,,,,"",""
ball,2,117.6,Otago Volts,MJG Rippon,NF Kelly,BM Wheeler,1,0,,,,,,"",""
ball,2,118.1,Otago Volts,MJG Rippon,NF Kelly,RL Toole,0,0,,,,,,"",""
ball,2,118.2,Otago Volts,MJG Rippon,NF Kelly,RL Toole,0,0,,,,,,"",""
ball,2,118.3,Otago Volts,MJG Rippon,NF Kelly,RL Toole,0,0,,,,,,"",""
ball,2,118.4,Otago Volts,MJG Rippon,NF Kelly,RL Toole,1,0,,,,,,"",""
ball,2,118.5,Otago Volts,NF Kelly,MJG Rippon,RL Toole,4,0,,,,,,"",""
ball,2,118.6,Otago Volts,NF Kelly,MJG Rippon,RL Toole,0,0,,,,,,"",""
ball,2,119.1,Otago Volts,MJG Rippon,NF Kelly,BM Wheeler,0,0,,,,,,"",""
ball,2,119.2,Otago Volts,MJG Rippon,NF Kelly,BM Wheeler,0,0,,,,,,"",""
ball,2,119.3,Otago Volts,MJG Rippon,NF Kelly,BM Wheeler,0,0,,,,,,"",""
ball,2,119.4,Otago Volts,MJG Rippon,NF Kelly,BM Wheeler,1,0,,,,,,"",""
ball,2,119.5,Otago Volts,NF Kelly,MJG Rippon,BM Wheeler,2,0,,,,,,"",""
ball,2,119.6,Otago Volts,NF Kelly,MJG Rippon,BM Wheeler,0,0,,,,,,"",""
ball,2,120.1,Otago Volts,MJG Rippon,NF Kelly,JR Lennox,0,0,,,,,,"",""
ball,2,120.2,Otago Volts,MJG Rippon,NF Kelly,JR Lennox,0,0,,,,,,"",""
ball,2,120.3,Otago Volts,MJG Rippon,NF Kelly,JR Lennox,0,0,,,,,,"",""
ball,2,120.4,Otago Volts,MJG Rippon,NF Kelly,JR Lennox,0,0,,,,,,"",""
ball,2,120.5,Otago Volts,MJG Rippon,NF Kelly,JR Lennox,2,0,,,,,,"",""
ball,2,120.6,Otago Volts,MJG Rippon,NF Kelly,JR Lennox,0,0,,,,,,"",""
ball,2,121.1,Otago Volts,NF Kelly,MJG Rippon,BM Wheeler,0,0,,,,,,"",""
ball,2,121.2,Otago Volts,NF Kelly,MJG Rippon,BM Wheeler,0,0,,,,,,"",""
ball,2,121.3,Otago Volts,NF Kelly,MJG Rippon,BM Wheeler,1,0,,,,,,"",""
ball,2,121.4,Otago Volts,MJG Rippon,NF Kelly,BM Wheeler,0,0,,,,,,"",""
ball,2,121.5,Otago Volts,MJG Rippon,NF Kelly,BM Wheeler,1,0,,,,,,"",""
ball,2,121.6,Otago Volts,NF Kelly,MJG Rippon,BM Wheeler,0,0,,,,,,"",""
ball,2,122.1,Otago Volts,MJG Rippon,NF Kelly,JR Lennox,0,0,,,,,,"",""
ball,2,122.2,Otago Volts,MJG Rippon,NF Kelly,JR Lennox,0,0,,,,,,"",""
ball,2,122.3,Otago Volts,MJG Rippon,NF Kelly,JR Lennox,1,0,,,,,,"",""
ball,2,122.4,Otago Volts,NF Kelly,MJG Rippon,JR Lennox,1,0,,,,,,"",""
ball,2,122.5,Otago Volts,MJG Rippon,NF Kelly,JR Lennox,0,0,,,,,,"",""
ball,2,122.6,Otago Volts,MJG Rippon,NF Kelly,JR Lennox,1,0,,,,,,"",""
ball,2,123.1,Otago Volts,MJG Rippon,NF Kelly,BM Wheeler,0,0,,,,,,caught,MJG Rippon
ball,2,123.2,Otago Volts,MW Chu,NF Kelly,BM Wheeler,1,0,,,,,,"",""
ball,2,123.3,Otago Volts,NF Kelly,MW Chu,BM Wheeler,0,0,,,,,,"",""
ball,2,123.4,Otago Volts,NF Kelly,MW Chu,BM Wheeler,1,0,,,,,,"",""
ball,2,123.5,Otago Volts,MW Chu,NF Kelly,BM Wheeler,0,0,,,,,,"",""
ball,2,123.6,Otago Volts,MW Chu,NF Kelly,BM Wheeler,0,0,,,,,,"",""
ball,2,124.1,Otago Volts,NF Kelly,MW Chu,JR Lennox,0,0,,,,,,"",""
ball,2,124.2,Otago Volts,NF Kelly,MW Chu,JR Lennox,0,0,,,,,,"",""
ball,2,124.3,Otago Volts,NF Kelly,MW Chu,JR Lennox,4,0,,,,,,"",""
ball,2,124.4,Otago Volts,NF Kelly,MW Chu,JR Lennox,0,0,,,,,,"",""
ball,2,124.5,Otago Volts,NF Kelly,MW Chu,JR Lennox,1,0,,,,,,"",""
ball,2,124.6,Otago Volts,MW Chu,NF Kelly,JR Lennox,0,0,,,,,,"",""
ball,2,125.1,Otago Volts,NF Kelly,MW Chu,BM Wheeler,0,0,,,,,,"",""
ball,2,125.2,Otago Volts,NF Kelly,MW Chu,BM Wheeler,1,0,,,,,,"",""
ball,2,125.3,Otago Volts,MW Chu,NF Kelly,BM Wheeler,0,0,,,,,,"",""
ball,2,125.4,Otago Volts,MW Chu,NF Kelly,BM Wheeler,0,0,,,,,,"",""
ball,2,125.5,Otago Volts,MW Chu,NF Kelly,BM Wheeler,0,0,,,,,,"",""
ball,2,125.6,Otago Volts,MW Chu,NF Kelly,BM Wheeler,0,0,,,,,,"",""
ball,2,126.1,Otago Volts,NF Kelly,MW Chu,JR Lennox,0,0,,,,,,"",""
ball,2,126.2,Otago Volts,NF Kelly,MW Chu,JR Lennox,1,0,,,,,,"",""
ball,2,126.3,Otago Volts,MW Chu,NF Kelly,JR Lennox,0,0,,,,,,"",""
ball,2,126.4,Otago Volts,MW Chu,NF Kelly,JR Lennox,0,0,,,,,,"",""
ball,2,126.5,Otago Volts,MW Chu,NF Kelly,JR Lennox,1,0,,,,,,"",""
ball,2,126.6,Otago Volts,NF Kelly,MW Chu,JR Lennox,6,0,,,,,,"",""
ball,2,127.1,Otago Volts,MW Chu,NF Kelly,BM Wheeler,0,0,,,,,,"",""
ball,2,127.2,Otago Volts,MW Chu,NF Kelly,BM Wheeler,0,1,,,,1,,"",""
ball,2,127.3,Otago Volts,NF Kelly,MW Chu,BM Wheeler,1,0,,,,,,"",""
ball,2,127.4,Otago Volts,MW Chu,NF Kelly,BM Wheeler,0,0,,,,,,"",""
ball,2,127.5,Otago Volts,MW Chu,NF Kelly,BM Wheeler,0,0,,,,,,"",""
ball,2,127.6,Otago Volts,MW Chu,NF Kelly,BM Wheeler,0,0,,,,,,"",""
ball,2,128.1,Otago Volts,NF Kelly,MW Chu,JR Lennox,0,0,,,,,,"",""
ball,2,128.2,Otago Volts,NF Kelly,MW Chu,JR Lennox,0,0,,,,,,"",""
ball,2,128.3,Otago Volts,NF Kelly,MW Chu,JR Lennox,1,0,,,,,,"",""
ball,2,128.4,Otago Volts,MW Chu,NF Kelly,JR Lennox,0,0,,,,,,"",""
ball,2,128.5,Otago Volts,MW Chu,NF Kelly,JR Lennox,0,0,,,,,,"",""
ball,2,128.6,Otago Volts,MW Chu,NF Kelly,JR Lennox,0,0,,,,,,"",""
ball,2,129.1,Otago Volts,NF Kelly,MW Chu,DAJ Bracewell,0,0,,,,,,"",""
ball,2,129.2,Otago Volts,NF Kelly,MW Chu,DAJ Bracewell,0,0,,,,,,"",""
ball,2,129.3,Otago Volts,NF Kelly,MW Chu,DAJ Bracewell,1,0,,,,,,"",""
ball,2,129.4,Otago Volts,MW Chu,NF Kelly,DAJ Bracewell,4,0,,,,,,"",""
ball,2,129.5,Otago Volts,MW Chu,NF Kelly,DAJ Bracewell,0,0,,,,,,"",""
ball,2,129.6,Otago Volts,MW Chu,NF Kelly,DAJ Bracewell,0,0,,,,,,"",""
ball,2,130.1,Otago Volts,NF Kelly,MW Chu,JR Lennox,0,0,,,,,,"",""
ball,2,130.2,Otago Volts,NF Kelly,MW Chu,JR Lennox,1,0,,,,,,"",""
ball,2,130.3,Otago Volts,MW Chu,NF Kelly,JR Lennox,0,0,,,,,,"",""
ball,2,130.4,Otago Volts,MW Chu,NF Kelly,JR Lennox,4,0,,,,,,"",""
ball,2,130.5,Otago Volts,MW Chu,NF Kelly,JR Lennox,0,0,,,,,,"",""
ball,2,130.6,Otago Volts,MW Chu,NF Kelly,JR Lennox,0,0,,,,,,"",""
ball,2,131.1,Otago Volts,NF Kelly,MW Chu,DAJ Bracewell,0,0,,,,,,"",""
ball,2,131.2,Otago Volts,NF Kelly,MW Chu,DAJ Bracewell,0,0,,,,,,"",""
ball,2,131.3,Otago Volts,NF Kelly,MW Chu,DAJ Bracewell,4,0,,,,,,"",""
ball,2,131.4,Otago Volts,NF Kelly,MW Chu,DAJ Bracewell,2,0,,,,,,"",""
ball,2,131.5,Otago Volts,NF Kelly,MW Chu,DAJ Bracewell,0,0,,,,,,"",""
ball,2,131.6,Otago Volts,NF Kelly,MW Chu,DAJ Bracewell,1,0,,,,,,"",""
ball,2,132.1,Otago Volts,NF Kelly,MW Chu,JR Lennox,1,0,,,,,,"",""
ball,2,132.2,Otago Volts,MW Chu,NF Kelly,JR Lennox,0,0,,,,,,"",""
ball,2,132.3,Otago Volts,MW Chu,NF Kelly,JR Lennox,0,0,,,,,,"",""
ball,2,132.4,Otago Volts,MW Chu,NF Kelly,JR Lennox,0,0,,,,,,"",""
ball,2,132.5,Otago Volts,MW Chu,NF Kelly,JR Lennox,0,0,,,,,,"",""
ball,2,132.6,Otago Volts,MW Chu,NF Kelly,JR Lennox,0,0,,,,,,"",""
ball,2,133.1,Otago Volts,NF Kelly,MW Chu,DAJ Bracewell,1,0,,,,,,"",""
ball,2,133.2,Otago Volts,MW Chu,NF Kelly,DAJ Bracewell,0,0,,,,,,"",""
ball,2,133.3,Otago Volts,MW Chu,NF Kelly,DAJ Bracewell,2,0,,,,,,"",""
ball,2,133.4,Otago Volts,MW Chu,NF Kelly,DAJ Bracewell,0,0,,,,,,"",""
ball,2,133.5,Otago Volts,MW Chu,NF Kelly,DAJ Bracewell,0,0,,,,,,"",""
ball,2,133.6,Otago Volts,MW Chu,NF Kelly,DAJ Bracewell,0,0,,,,,,"",""
ball,2,134.1,Otago Volts,NF Kelly,MW Chu,JR Lennox,6,0,,,,,,"",""
ball,2,134.2,Otago Volts,NF Kelly,MW Chu,JR Lennox,0,0,,,,,,"",""
ball,2,134.3,Otago Volts,NF Kelly,MW Chu,JR Lennox,0,0,,,,,,"",""
ball,2,134.4,Otago Volts,NF Kelly,MW Chu,JR Lennox,0,0,,,,,,"",""
ball,2,134.5,Otago Volts,NF Kelly,MW Chu,JR Lennox,0,0,,,,,,"",""
ball,2,134.6,Otago Volts,NF Kelly,MW Chu,JR Lennox,0,0,,,,,,"",""
ball,2,135.1,Otago Volts,MW Chu,NF Kelly,DAJ Bracewell,1,0,,,,,,"",""
ball,2,135.2,Otago Volts,NF Kelly,MW Chu,DAJ Bracewell,0,0,,,,,,"",""
ball,2,135.3,Otago Volts,NF Kelly,MW Chu,DAJ Bracewell,0,0,,,,,,"",""
ball,2,135.4,Otago Volts,NF Kelly,MW Chu,DAJ Bracewell,2,0,,,,,,"",""
ball,2,135.5,Otago Volts,NF Kelly,MW Chu,DAJ Bracewell,2,0,,,,,,"",""
ball,2,135.6,Otago Volts,NF Kelly,MW Chu,DAJ Bracewell,0,0,,,,,,"",""
ball,2,136.1,Otago Volts,MW Chu,NF Kelly,JR Lennox,0,0,,,,,,"",""
ball,2,136.2,Otago Volts,MW Chu,NF Kelly,JR Lennox,2,0,,,,,,"",""
ball,2,136.3,Otago Volts,MW Chu,NF Kelly,JR Lennox,0,0,,,,,,"",""
ball,2,136.4,Otago Volts,MW Chu,NF Kelly,JR Lennox,0,0,,,,,,"",""
ball,2,136.5,Otago Volts,MW Chu,NF Kelly,JR Lennox,0,0,,,,,,"",""
ball,2,136.6,Otago Volts,MW Chu,NF Kelly,JR Lennox,0,0,,,,,,"",""
ball,2,137.1,Otago Volts,NF Kelly,MW Chu,DAJ Bracewell,0,0,,,,,,"",""
ball,2,137.2,Otago Volts,NF Kelly,MW Chu,DAJ Bracewell,1,0,,,,,,"",""
ball,2,137.3,Otago Volts,MW Chu,NF Kelly,DAJ Bracewell,1,0,,,,,,"",""
ball,2,137.4,Otago Volts,NF Kelly,MW Chu,DAJ Bracewell,4,0,,,,,,"",""
ball,2,137.5,Otago Volts,NF Kelly,MW Chu,DAJ Bracewell,0,0,,,,,,"",""
ball,2,137.6,Otago Volts,NF Kelly,MW Chu,DAJ Bracewell,4,0,,,,,,"",""
ball,2,138.1,Otago Volts,MW Chu,NF Kelly,JR Lennox,1,0,,,,,,"",""
ball,2,138.2,Otago Volts,NF Kelly,MW Chu,JR Lennox,1,0,,,,,,"",""
ball,2,138.3,Otago Volts,MW Chu,NF Kelly,JR Lennox,0,0,,,,,,"",""
ball,2,138.4,Otago Volts,MW Chu,NF Kelly,JR Lennox,0,0,,,,,,"",""
ball,2,138.5,Otago Volts,MW Chu,NF Kelly,JR Lennox,0,0,,,,,,"",""
ball,2,138.6,Otago Volts,MW Chu,NF Kelly,JR Lennox,0,0,,,,,,"",""
ball,2,139.1,Otago Volts,NF Kelly,MW Chu,DAJ Bracewell,4,0,,,,,,"",""
ball,2,139.2,Otago Volts,NF Kelly,MW Chu,DAJ Bracewell,0,0,,,,,,"",""
ball,2,139.3,Otago Volts,NF Kelly,MW Chu,DAJ Bracewell,0,0,,,,,,"",""
ball,2,139.4,Otago Volts,NF Kelly,MW Chu,DAJ Bracewell,1,0,,,,,,"",""
ball,2,139.5,Otago Volts,MW Chu,NF Kelly,DAJ Bracewell,0,0,,,,,,"",""
ball,2,139.6,Otago Volts,MW Chu,NF Kelly,DAJ Bracewell,0,0,,,,,,"",""
ball,2,140.1,Otago Volts,NF Kelly,MW Chu,JR Lennox,1,0,,,,,,"",""
ball,2,140.2,Otago Volts,MW Chu,NF Kelly,JR Lennox,0,0,,,,,,"",""
ball,2,140.3,Otago Volts,MW Chu,NF Kelly,JR Lennox,0,0,,,,,,"",""
ball,2,140.4,Otago Volts,MW Chu,NF Kelly,JR Lennox,0,0,,,,,,"",""
ball,2,140.5,Otago Volts,MW Chu,NF Kelly,JR Lennox,1,0,,,,,,"",""
ball,2,140.6,Otago Volts,NF Kelly,MW Chu,JR Lennox,0,0,,,,,,"",""
ball,2,141.1,Otago Volts,MW Chu,NF Kelly,DAJ Bracewell,0,0,,,,,,"",""
ball,2,141.2,Otago Volts,MW Chu,NF Kelly,DAJ Bracewell,0,0,,,,,,"",""
ball,2,141.3,Otago Volts,MW Chu,NF Kelly,DAJ Bracewell,0,0,,,,,,"",""
ball,2,141.4,Otago Volts,MW Chu,NF Kelly,DAJ Bracewell,4,0,,,,,,"",""
ball,2,141.5,Otago Volts,MW Chu,NF Kelly,DAJ Bracewell,0,0,,,,,,"",""
ball,2,141.6,Otago Volts,MW Chu,NF Kelly,DAJ Bracewell,1,0,,,,,,"",""
ball,2,142.1,Otago Volts,MW Chu,NF Kelly,JR Lennox,1,0,,,,,,"",""
ball,2,142.2,Otago Volts,NF Kelly,MW Chu,JR Lennox,4,0,,,,,,"",""
ball,2,142.3,Otago Volts,NF Kelly,MW Chu,JR Lennox,0,0,,,,,,"",""
ball,2,142.4,Otago Volts,NF Kelly,MW Chu,JR Lennox,1,0,,,,,,"",""
ball,2,142.5,Otago Volts,MW Chu,NF Kelly,JR Lennox,0,0,,,,,,"",""
ball,2,142.6,Otago Volts,MW Chu,NF Kelly,JR Lennox,0,0,,,,,,"",""
ball,2,143.1,Otago Volts,NF Kelly,MW Chu,JA Clarkson,1,0,,,,,,"",""
ball,2,143.2,Otago Volts,MW Chu,NF Kelly,JA Clarkson,0,0,,,,,,"",""
ball,2,143.3,Otago Volts,MW Chu,NF Kelly,JA Clarkson,0,0,,,,,,"",""
ball,2,143.4,Otago Volts,MW Chu,NF Kelly,JA Clarkson,0,0,,,,,,"",""
ball,2,143.5,Otago Volts,MW Chu,NF Kelly,JA Clarkson,0,0,,,,,,"",""
ball,2,143.6,Otago Volts,MW Chu,NF Kelly,JA Clarkson,0,0,,,,,,"",""
ball,2,144.1,Otago Volts,NF Kelly,MW Chu,JR Lennox,1,0,,,,,,"",""
ball,2,144.2,Otago Volts,MW Chu,NF Kelly,JR Lennox,0,0,,,,,,"",""
ball,2,144.3,Otago Volts,MW Chu,NF Kelly,JR Lennox,0,0,,,,,,"",""
ball,2,144.4,Otago Volts,MW Chu,NF Kelly,JR Lennox,0,0,,,,,,"",""
ball,2,144.5,Otago Volts,MW Chu,NF Kelly,JR Lennox,0,0,,,,,,"",""
ball,2,144.6,Otago Volts,MW Chu,NF Kelly,JR Lennox,1,0,,,,,,"",""
ball,2,145.1,Otago Volts,MW Chu,NF Kelly,JA Clarkson,0,0,,,,,,"",""
ball,2,145.2,Otago Volts,MW Chu,NF Kelly,JA Clarkson,0,0,,,,,,"",""
ball,2,145.3,Otago Volts,MW Chu,NF Kelly,JA Clarkson,4,0,,,,,,"",""
ball,2,145.4,Otago Volts,MW Chu,NF Kelly,JA Clarkson,0,0,,,,,,"",""
ball,2,145.5,Otago Volts,MW Chu,NF Kelly,JA Clarkson,0,0,,,,,,"",""
ball,2,145.6,Otago Volts,MW Chu,NF Kelly,JA Clarkson,0,0,,,,,,"",""
ball,2,146.1,Otago Volts,NF Kelly,MW Chu,RL Toole,1,0,,,,,,"",""
ball,2,146.2,Otago Volts,MW Chu,NF Kelly,RL Toole,0,0,,,,,,"",""
ball,2,146.3,Otago Volts,MW Chu,NF Kelly,RL Toole,4,0,,,,,,"",""
ball,2,146.4,Otago Volts,MW Chu,NF Kelly,RL Toole,2,0,,,,,,"",""
ball,2,146.5,Otago Volts,MW Chu,NF Kelly,RL Toole,0,0,,,,,,"",""
ball,2,146.6,Otago Volts,MW Chu,NF Kelly,RL Toole,0,0,,,,,,"",""
ball,2,147.1,Otago Volts,NF Kelly,MW Chu,JA Clarkson,0,0,,,,,,"",""
ball,2,147.2,Otago Volts,NF Kelly,MW Chu,JA Clarkson,0,0,,,,,,"",""
ball,2,147.3,Otago Volts,NF Kelly,MW Chu,JA Clarkson,1,0,,,,,,"",""
ball,2,147.4,Otago Volts,MW Chu,NF Kelly,JA Clarkson,0,0,,,,,,"",""
ball,2,147.5,Otago Volts,MW Chu,NF Kelly,JA Clarkson,0,0,,,,,,"",""
ball,2,147.6,Otago Volts,MW Chu,NF Kelly,JA Clarkson,2,0,,,,,,"",""
ball,2,148.1,Otago Volts,NF Kelly,MW Chu,RL Toole,1,0,,,,,,"",""
ball,2,148.2,Otago Volts,MW Chu,NF Kelly,RL Toole,0,0,,,,,,"",""
ball,2,148.3,Otago Volts,MW Chu,NF Kelly,RL Toole,0,0,,,,,,"",""
ball,2,148.4,Otago Volts,MW Chu,NF Kelly,RL Toole,0,0,,,,,,"",""
ball,2,148.5,Otago Volts,MW Chu,NF Kelly,RL Toole,0,0,,,,,,"",""
ball,2,148.6,Otago Volts,MW Chu,NF Kelly,RL Toole,0,0,,,,,,"",""
ball,2,149.1,Otago Volts,NF Kelly,MW Chu,JA Clarkson,4,0,,,,,,"",""
ball,2,149.2,Otago Volts,NF Kelly,MW Chu,JA Clarkson,4,0,,,,,,"",""
ball,2,149.3,Otago Volts,NF Kelly,MW Chu,JA Clarkson,4,0,,,,,,"",""
ball,2,149.4,Otago Volts,NF Kelly,MW Chu,JA Clarkson,1,0,,,,,,"",""
ball,2,149.5,Otago Volts,MW Chu,NF Kelly,JA Clarkson,0,0,,,,,,"",""
ball,2,149.6,Otago Volts,MW Chu,NF Kelly,JA Clarkson,0,0,,,,,,"",""
ball,2,150.1,Otago Volts,NF Kelly,MW Chu,RL Toole,1,0,,,,,,"",""
ball,2,150.2,Otago Volts,MW Chu,NF Kelly,RL Toole,0,0,,,,,,"",""
ball,2,150.3,Otago Volts,MW Chu,NF Kelly,RL Toole,1,0,,,,,,"",""
ball,2,150.4,Otago Volts,NF Kelly,MW Chu,RL Toole,6,0,,,,,,"",""
ball,2,150.5,Otago Volts,NF Kelly,MW Chu,RL Toole,1,0,,,,,,"",""
ball,2,150.6,Otago Volts,MW Chu,NF Kelly,RL Toole,4,0,,,,,,"",""
ball,2,151.1,Otago Volts,NF Kelly,MW Chu,BM Tickner,0,0,,,,,,"",""
ball,2,151.2,Otago Volts,NF Kelly,MW Chu,BM Tickner,0,0,,,,,,"",""
ball,2,151.3,Otago Volts,NF Kelly,MW Chu,BM Tickner,2,0,,,,,,"",""
ball,2,151.4,Otago Volts,NF Kelly,MW Chu,BM Tickner,4,0,,,,,,"",""
ball,2,151.5,Otago Volts,NF Kelly,MW Chu,BM Tickner,4,0,,,,,,"",""
ball,2,151.6,Otago Volts,NF Kelly,MW Chu,BM Tickner,1,0,,,,,,"",""
ball,2,152.1,Otago Volts,NF Kelly,MW Chu,JA Clarkson,0,0,,,,,,"",""
ball,2,152.2,Otago Volts,NF Kelly,MW Chu,JA Clarkson,4,0,,,,,,"",""
ball,2,152.3,Otago Volts,NF Kelly,MW Chu,JA Clarkson,0,0,,,,,,"",""
ball,2,152.4,Otago Volts,NF Kelly,MW Chu,JA Clarkson,1,0,,,,,,"",""
ball,2,152.5,Otago Volts,MW Chu,NF Kelly,JA Clarkson,0,0,,,,,,"",""
ball,2,152.6,Otago Volts,MW Chu,NF Kelly,JA Clarkson,1,0,,,,,,"",""
ball,2,153.1,Otago Volts,MW Chu,NF Kelly,BM Tickner,1,0,,,,,,"",""
ball,2,153.2,Otago Volts,NF Kelly,MW Chu,BM Tickner,0,0,,,,,,"",""
ball,2,153.3,Otago Volts,NF Kelly,MW Chu,BM Tickner,0,0,,,,,,"",""
ball,2,153.4,Otago Volts,NF Kelly,MW Chu,BM Tickner,0,0,,,,,,"",""
ball,2,153.5,Otago Volts,NF Kelly,MW Chu,BM Tickner,0,0,,,,,,"",""
ball,2,153.6,Otago Volts,NF Kelly,MW Chu,BM Tickner,0,0,,,,,,"",""
ball,2,154.1,Otago Volts,MW Chu,NF Kelly,JA Clarkson,0,0,,,,,,"",""
ball,2,154.2,Otago Volts,MW Chu,NF Kelly,JA Clarkson,1,0,,,,,,"",""
ball,2,154.3,Otago Volts,NF Kelly,MW Chu,JA Clarkson,4,0,,,,,,"",""
ball,2,154.4,Otago Volts,NF Kelly,MW Chu,JA Clarkson,0,0,,,,,,"",""
ball,2,154.5,Otago Volts,NF Kelly,MW Chu,JA Clarkson,0,0,,,,,,"",""
ball,2,154.6,Otago Volts,NF Kelly,MW Chu,JA Clarkson,0,0,,,,,,"",""
ball,2,155.1,Otago Volts,MW Chu,NF Kelly,BM Tickner,0,0,,,,,,"",""
ball,2,155.2,Otago Volts,MW Chu,NF Kelly,BM Tickner,0,0,,,,,,"",""
ball,2,155.3,Otago Volts,MW Chu,NF Kelly,BM Tickner,0,0,,,,,,"",""
ball,2,155.4,Otago Volts,MW Chu,NF Kelly,BM Tickner,0,0,,,,,,"",""
ball,2,155.5,Otago Volts,MW Chu,NF Kelly,BM Tickner,0,0,,,,,,"",""
ball,2,155.6,Otago Volts,MW Chu,NF Kelly,BM Tickner,0,0,,,,,,"",""
ball,2,156.1,Otago Volts,NF Kelly,MW Chu,JR Lennox,0,0,,,,,,"",""
ball,2,156.2,Otago Volts,NF Kelly,MW Chu,JR Lennox,1,0,,,,,,"",""
ball,2,156.3,Otago Volts,MW Chu,NF Kelly,JR Lennox,0,0,,,,,,"",""
ball,2,156.4,Otago Volts,MW Chu,NF Kelly,JR Lennox,0,3,,,3,,,"",""
ball,2,156.5,Otago Volts,NF Kelly,MW Chu,JR Lennox,6,0,,,,,,"",""
ball,2,156.6,Otago Volts,NF Kelly,MW Chu,JR Lennox,0,0,,,,,,"",""
ball,2,157.1,Otago Volts,MW Chu,NF Kelly,BM Tickner,0,0,,,,,,"",""
ball,2,157.2,Otago Volts,MW Chu,NF Kelly,BM Tickner,0,0,,,,,,"",""
ball,2,157.3,Otago Volts,MW Chu,NF Kelly,BM Tickner,0,0,,,,,,"",""
ball,2,157.4,Otago Volts,MW Chu,NF Kelly,BM Tickner,0,0,,,,,,"",""
ball,2,157.5,Otago Volts,MW Chu,NF Kelly,BM Tickner,4,0,,,,,,"",""
ball,2,157.6,Otago Volts,MW Chu,NF Kelly,BM Tickner,0,0,,,,,,"",""
ball,2,158.1,Otago Volts,NF Kelly,MW Chu,JR Lennox,4,0,,,,,,"",""
ball,2,158.2,Otago Volts,NF Kelly,MW Chu,JR Lennox,0,0,,,,,,"",""
ball,2,158.3,Otago Volts,NF Kelly,MW Chu,JR Lennox,1,0,,,,,,"",""
ball,2,158.4,Otago Volts,MW Chu,NF Kelly,JR Lennox,1,0,,,,,,"",""
ball,2,158.5,Otago Volts,NF Kelly,MW Chu,JR Lennox,0,0,,,,,,"",""
ball,2,158.6,Otago Volts,NF Kelly,MW Chu,JR Lennox,1,0,,,,,,"",""
ball,2,159.1,Otago Volts,NF Kelly,MW Chu,BM Tickner,1,0,,,,,,"",""
ball,2,159.2,Otago Volts,MW Chu,NF Kelly,BM Tickner,4,0,,,,,,"",""
ball,2,159.3,Otago Volts,MW Chu,NF Kelly,BM Tickner,0,0,,,,,,"",""
ball,2,159.4,Otago Volts,MW Chu,NF Kelly,BM Tickner,0,0,,,,,,"",""
ball,2,159.5,Otago Volts,MW Chu,NF Kelly,BM Tickner,0,0,,,,,,"",""
ball,2,159.6,Otago Volts,MW Chu,NF Kelly,BM Tickner,0,0,,,,,,"",""
ball,2,160.1,Otago Volts,NF Kelly,MW Chu,JR Lennox,0,0,,,,,,"",""
ball,2,160.2,Otago Volts,NF Kelly,MW Chu,JR Lennox,0,0,,,,,,"",""
ball,2,160.3,Otago Volts,NF Kelly,MW Chu,JR Lennox,1,0,,,,,,"",""
ball,2,160.4,Otago Volts,MW Chu,NF Kelly,JR Lennox,4,0,,,,,,"",""
ball,2,160.5,Otago Volts,MW Chu,NF Kelly,JR Lennox,0,0,,,,,,"",""
ball,2,160.6,Otago Volts,MW Chu,NF Kelly,JR Lennox,0,0,,,,,,"",""
ball,2,161.1,Otago Volts,NF Kelly,MW Chu,BD Schmulian,0,0,,,,,,"",""
ball,2,161.2,Otago Volts,NF Kelly,MW Chu,BD Schmulian,1,0,,,,,,"",""
ball,2,161.3,Otago Volts,MW Chu,NF Kelly,BD Schmulian,0,0,,,,,,"",""
ball,2,161.4,Otago Volts,MW Chu,NF Kelly,BD Schmulian,1,0,,,,,,"",""
ball,2,161.5,Otago Volts,NF Kelly,MW Chu,BD Schmulian,0,0,,,,,,"",""
ball,2,161.6,Otago Volts,NF Kelly,MW Chu,BD Schmulian,1,0,,,,,,"",""
ball,2,162.1,Otago Volts,NF Kelly,MW Chu,JR Lennox,1,0,,,,,,"",""
ball,2,162.2,Otago Volts,MW Chu,NF Kelly,JR Lennox,1,0,,,,,,"",""
ball,2,162.3,Otago Volts,NF Kelly,MW Chu,JR Lennox,1,0,,,,,,"",""
ball,2,162.4,Otago Volts,MW Chu,NF Kelly,JR Lennox,1,0,,,,,,"",""
ball,2,162.5,Otago Volts,NF Kelly,MW Chu,JR Lennox,0,0,,,,,,"",""
ball,2,162.6,Otago Volts,NF Kelly,MW Chu,JR Lennox,1,0,,,,,,"",""
ball,2,163.1,Otago Volts,NF Kelly,MW Chu,BD Schmulian,0,0,,,,,,"",""
ball,2,163.2,Otago Volts,NF Kelly,MW Chu,BD Schmulian,0,0,,,,,,"",""
ball,2,163.3,Otago Volts,NF Kelly,MW Chu,BD Schmulian,1,0,,,,,,"",""
ball,2,163.4,Otago Volts,MW Chu,NF Kelly,BD Schmulian,0,0,,,,,,"",""
ball,2,163.5,Otago Volts,MW Chu,NF Kelly,BD Schmulian,1,0,,,,,,"",""
ball,2,163.6,Otago Volts,NF Kelly,MW Chu,BD Schmulian,0,0,,,,,,"",""
ball,2,164.1,Otago Volts,MW Chu,NF Kelly,JR Lennox,0,0,,,,,,"",""
ball,2,164.2,Otago Volts,MW Chu,NF Kelly,JR Lennox,0,0,,,,,,"",""
ball,2,164.3,Otago Volts,MW Chu,NF Kelly,JR Lennox,0,0,,,,,,"",""
ball,2,164.4,Otago Volts,MW Chu,NF Kelly,JR Lennox,1,0,,,,,,"",""
ball,2,164.5,Otago Volts,NF Kelly,MW Chu,JR Lennox,1,0,,,,,,"",""
ball,2,164.6,Otago Volts,MW Chu,NF Kelly,JR Lennox,0,0,,,,,,"",""
ball,2,165.1,Otago Volts,NF Kelly,MW Chu,BD Schmulian,1,0,,,,,,"",""
ball,2,165.2,Otago Volts,MW Chu,NF Kelly,BD Schmulian,0,0,,,,,,"",""
ball,2,165.3,Otago Volts,MW Chu,NF Kelly,BD Schmulian,0,0,,,,,,"",""
ball,2,165.4,Otago Volts,MW Chu,NF Kelly,BD Schmulian,1,0,,,,,,"",""
ball,2,165.5,Otago Volts,NF Kelly,MW Chu,BD Schmulian,0,0,,,,,,"",""
ball,2,165.6,Otago Volts,NF Kelly,MW Chu,BD Schmulian,0,0,,,,,,"",""
ball,2,166.1,Otago Volts,MW Chu,NF Kelly,JR Lennox,2,0,,,,,,"",""
ball,2,166.2,Otago Volts,MW Chu,NF Kelly,JR Lennox,0,0,,,,,,"",""
ball,2,166.3,Otago Volts,MW Chu,NF Kelly,JR Lennox,0,0,,,,,,"",""
ball,2,166.4,Otago Volts,MW Chu,NF Kelly,JR Lennox,0,0,,,,,,"",""
ball,2,166.5,Otago Volts,MW Chu,NF Kelly,JR Lennox,0,0,,,,,,"",""
ball,2,166.6,Otago Volts,MW Chu,NF Kelly,JR Lennox,1,0,,,,,,"",""
ball,2,167.1,Otago Volts,MW Chu,NF Kelly,BD Schmulian,1,0,,,,,,"",""
ball,2,167.2,Otago Volts,NF Kelly,MW Chu,BD Schmulian,1,0,,,,,,"",""
ball,2,167.3,Otago Volts,MW Chu,NF Kelly,BD Schmulian,0,0,,,,,,"",""
ball,2,167.4,Otago Volts,MW Chu,NF Kelly,BD Schmulian,4,0,,,,,,"",""
ball,2,167.5,Otago Volts,MW Chu,NF Kelly,BD Schmulian,1,0,,,,,,"",""
ball,2,167.6,Otago Volts,NF Kelly,MW Chu,BD Schmulian,0,0,,,,,,"",""
ball,2,168.1,Otago Volts,MW Chu,NF Kelly,JA Clarkson,4,0,,,,,,"",""
ball,2,168.2,Otago Volts,MW Chu,NF Kelly,JA Clarkson,0,0,,,,,,"",""
ball,2,168.3,Otago Volts,MW Chu,NF Kelly,JA Clarkson,0,0,,,,,,"",""
ball,2,168.4,Otago Volts,MW Chu,NF Kelly,JA Clarkson,0,0,,,,,,"",""
ball,2,168.5,Otago Volts,MW Chu,NF Kelly,JA Clarkson,0,0,,,,,,"",""
ball,2,168.6,Otago Volts,MW Chu,NF Kelly,JA Clarkson,2,0,,,,,,"",""
ball,2,169.1,Otago Volts,NF Kelly,MW Chu,JR Lennox,0,0,,,,,,"",""
ball,2,169.2,Otago Volts,NF Kelly,MW Chu,JR Lennox,1,0,,,,,,"",""
ball,2,169.3,Otago Volts,MW Chu,NF Kelly,JR Lennox,0,0,,,,,,"",""
ball,2,169.4,Otago Volts,MW Chu,NF Kelly,JR Lennox,2,0,,,,,,"",""
ball,2,169.5,Otago Volts,MW Chu,NF Kelly,JR Lennox,0,0,,,,,,"",""
ball,2,169.6,Otago Volts,MW Chu,NF Kelly,JR Lennox,0,0,,,,,,"",""
ball,2,170.1,Otago Volts,NF Kelly,MW Chu,JA Clarkson,1,0,,,,,,"",""
ball,2,170.2,Otago Volts,MW Chu,NF Kelly,JA Clarkson,0,0,,,,,,"",""
ball,2,170.3,Otago Volts,MW Chu,NF Kelly,JA Clarkson,2,0,,,,,,"",""
ball,2,170.4,Otago Volts,MW Chu,NF Kelly,JA Clarkson,6,0,,,,,,"",""
ball,2,170.5,Otago Volts,MW Chu,NF Kelly,JA Clarkson,1,0,,,,,,"",""
ball,2,170.6,Otago Volts,NF Kelly,MW Chu,JA Clarkson,2,0,,,,,,"",""
ball,2,171.1,Otago Volts,MW Chu,NF Kelly,JR Lennox,1,0,,,,,,"",""
ball,2,171.2,Otago Volts,NF Kelly,MW Chu,JR Lennox,0,0,,,,,,"",""
ball,2,171.3,Otago Volts,NF Kelly,MW Chu,JR Lennox,2,0,,,,,,"",""
ball,2,171.4,Otago Volts,NF Kelly,MW Chu,JR Lennox,0,0,,,,,,"",""
ball,2,171.5,Otago Volts,NF Kelly,MW Chu,JR Lennox,4,0,,,,,,"",""
ball,2,171.6,Otago Volts,NF Kelly,MW Chu,JR Lennox,0,0,,,,,,"",""
ball,2,172.1,Otago Volts,MW Chu,NF Kelly,JA Clarkson,0,0,,,,,,"",""
ball,2,172.2,Otago Volts,MW Chu,NF Kelly,JA Clarkson,0,0,,,,,,"",""
ball,2,172.3,Otago Volts,MW Chu,NF Kelly,JA Clarkson,1,0,,,,,,"",""
ball,2,172.4,Otago Volts,NF Kelly,MW Chu,JA Clarkson,1,0,,,,,,"",""
ball,2,172.5,Otago Volts,MW Chu,NF Kelly,JA Clarkson,1,0,,,,,,"",""
ball,2,172.6,Otago Volts,NF Kelly,MW Chu,JA Clarkson,0,1,1,,,,,"",""
ball,2,172.7,Otago Volts,NF Kelly,MW Chu,JA Clarkson,0,0,,,,,,"",""
ball,2,173.1,Otago Volts,MW Chu,NF Kelly,JR Lennox,1,0,,,,,,"",""
ball,2,173.2,Otago Volts,NF Kelly,MW Chu,JR Lennox,0,0,,,,,,"",""
ball,2,173.3,Otago Volts,NF Kelly,MW Chu,JR Lennox,6,0,,,,,,"",""
ball,2,173.4,Otago Volts,NF Kelly,MW Chu,JR Lennox,4,0,,,,,,"",""
ball,2,173.5,Otago Volts,NF Kelly,MW Chu,JR Lennox,0,0,,,,,,"",""
ball,2,173.6,Otago Volts,NF Kelly,MW Chu,JR Lennox,1,0,,,,,,"",""
ball,2,174.1,Otago Volts,NF Kelly,MW Chu,JA Clarkson,0,0,,,,,,"",""
ball,2,174.2,Otago Volts,NF Kelly,MW Chu,JA Clarkson,6,0,,,,,,"",""
ball,2,174.3,Otago Volts,NF Kelly,MW Chu,JA Clarkson,1,0,,,,,,"",""
ball,2,174.4,Otago Volts,MW Chu,NF Kelly,JA Clarkson,0,0,,,,,,caught,MW Chu
ball,2,174.5,Otago Volts,NF Kelly,AW McKenzie,JA Clarkson,0,0,,,,,,"",""
ball,2,174.6,Otago Volts,NF Kelly,AW McKenzie,JA Clarkson,0,0,,,,,,"",""
ball,2,175.1,Otago Volts,AW McKenzie,NF Kelly,JR Lennox,1,0,,,,,,"",""
ball,2,175.2,Otago Volts,NF Kelly,AW McKenzie,JR Lennox,0,0,,,,,,"",""
ball,2,175.3,Otago Volts,NF Kelly,AW McKenzie,JR Lennox,2,0,,,,,,"",""
ball,2,175.4,Otago Volts,NF Kelly,AW McKenzie,JR Lennox,1,0,,,,,,"",""
ball,2,175.5,Otago Volts,AW McKenzie,NF Kelly,JR Lennox,0,0,,,,,,"",""
ball,2,175.6,Otago Volts,AW McKenzie,NF Kelly,JR Lennox,1,0,,,,,,"",""
ball,2,176.1,Otago Volts,AW McKenzie,NF Kelly,BD Schmulian,0,0,,,,,,"",""
ball,2,176.2,Otago Volts,AW McKenzie,NF Kelly,BD Schmulian,6,0,,,,,,"",""
ball,2,176.3,Otago Volts,AW McKenzie,NF Kelly,BD Schmulian,1,0,,,,,,"",""
ball,2,176.4,Otago Volts,NF Kelly,AW McKenzie,BD Schmulian,4,0,,,,,,"",""
ball,2,176.5,Otago Volts,NF Kelly,AW McKenzie,BD Schmulian,1,0,,,,,,"",""
ball,2,176.6,Otago Volts,AW McKenzie,NF Kelly,BD Schmulian,1,0,,,,,,"",""
ball,2,177.1,Otago Volts,AW McKenzie,NF Kelly,JR Lennox,0,0,,,,,,"",""
ball,2,177.2,Otago Volts,AW McKenzie,NF Kelly,JR Lennox,0,0,,,,,,"",""
ball,2,177.3,Otago Volts,AW McKenzie,NF Kelly,JR Lennox,1,0,,,,,,"",""
ball,2,177.4,Otago Volts,NF Kelly,AW McKenzie,JR Lennox,6,0,,,,,,"",""
ball,2,177.5,Otago Volts,NF Kelly,AW McKenzie,JR Lennox,1,0,,,,,,"",""
ball,2,177.6,Otago Volts,AW McKenzie,NF Kelly,JR Lennox,1,0,,,,,,"",""
ball,2,178.1,Otago Volts,AW McKenzie,NF Kelly,BD Schmulian,1,0,,,,,,"",""
ball,2,178.2,Otago Volts,NF Kelly,AW McKenzie,BD Schmulian,6,0,,,,,,"",""
ball,2,178.3,Otago Volts,NF Kelly,AW McKenzie,BD Schmulian,4,0,,,,,,"",""
ball,2,178.4,Otago Volts,NF Kelly,AW McKenzie,BD Schmulian,6,0,,,,,,"",""
ball,2,178.5,Otago Volts,NF Kelly,AW McKenzie,BD Schmulian,4,0,,,,,,"",""
ball,2,178.6,Otago Volts,NF Kelly,AW McKenzie,BD Schmulian,1,0,,,,,,"",""
ball,3,0.1,Central Stags,GR Hay,BL Wiggins,JA Duffy,0,0,,,,,,"",""
ball,3,0.2,Central Stags,GR Hay,BL Wiggins,JA Duffy,0,0,,,,,,"",""
ball,3,0.3,Central Stags,GR Hay,BL Wiggins,JA Duffy,0,0,,,,,,"",""
ball,3,0.4,Central Stags,GR Hay,BL Wiggins,JA Duffy,0,0,,,,,,"",""
ball,3,0.5,Central Stags,GR Hay,BL Wiggins,JA Duffy,0,0,,,,,,"",""
ball,3,0.6,Central Stags,GR Hay,BL Wiggins,JA Duffy,0,0,,,,,,"",""
ball,3,1.1,Central Stags,BL Wiggins,GR Hay,JM Gibson,0,0,,,,,,"",""
ball,3,1.2,Central Stags,BL Wiggins,GR Hay,JM Gibson,0,0,,,,,,"",""
ball,3,1.3,Central Stags,BL Wiggins,GR Hay,JM Gibson,2,0,,,,,,"",""
ball,3,1.4,Central Stags,BL Wiggins,GR Hay,JM Gibson,4,0,,,,,,"",""
ball,3,1.5,Central Stags,BL Wiggins,GR Hay,JM Gibson,0,0,,,,,,"",""
ball,3,1.6,Central Stags,BL Wiggins,GR Hay,JM Gibson,0,0,,,,,,"",""
ball,3,2.1,Central Stags,GR Hay,BL Wiggins,JA Duffy,0,0,,,,,,"",""
ball,3,2.2,Central Stags,GR Hay,BL Wiggins,JA Duffy,0,0,,,,,,"",""
ball,3,2.3,Central Stags,GR Hay,BL Wiggins,JA Duffy,0,0,,,,,,"",""
ball,3,2.4,Central Stags,GR Hay,BL Wiggins,JA Duffy,0,0,,,,,,"",""
ball,3,2.5,Central Stags,GR Hay,BL Wiggins,JA Duffy,0,0,,,,,,"",""
ball,3,2.6,Central Stags,GR Hay,BL Wiggins,JA Duffy,0,0,,,,,,"",""
ball,3,3.1,Central Stags,BL Wiggins,GR Hay,JM Gibson,0,0,,,,,,"",""
ball,3,3.2,Central Stags,BL Wiggins,GR Hay,JM Gibson,0,0,,,,,,"",""
ball,3,3.3,Central Stags,BL Wiggins,GR Hay,JM Gibson,0,0,,,,,,"",""
ball,3,3.4,Central Stags,BL Wiggins,GR Hay,JM Gibson,0,0,,,,,,"",""
ball,3,3.5,Central Stags,BL Wiggins,GR Hay,JM Gibson,4,0,,,,,,"",""
ball,3,3.6,Central Stags,BL Wiggins,GR Hay,JM Gibson,0,0,,,,,,"",""
ball,3,4.1,Central Stags,GR Hay,BL Wiggins,JA Duffy,0,0,,,,,,"",""
ball,3,4.2,Central Stags,GR Hay,BL Wiggins,JA Duffy,0,0,,,,,,"",""
ball,3,4.3,Central Stags,GR Hay,BL Wiggins,JA Duffy,4,0,,,,,,"",""
ball,3,4.4,Central Stags,GR Hay,BL Wiggins,JA Duffy,0,0,,,,,,"",""
ball,3,4.5,Central Stags,GR Hay,BL Wiggins,JA Duffy,1,0,,,,,,"",""
ball,3,4.6,Central Stags,BL Wiggins,GR Hay,JA Duffy,0,0,,,,,,"",""
ball,3,5.1,Central Stags,GR Hay,BL Wiggins,JM Gibson,0,0,,,,,,"",""
ball,3,5.2,Central Stags,GR Hay,BL Wiggins,JM Gibson,0,0,,,,,,"",""
ball,3,5.3,Central Stags,GR Hay,BL Wiggins,JM Gibson,2,0,,,,,,"",""
ball,3,5.4,Central Stags,GR Hay,BL Wiggins,JM Gibson,0,0,,,,,,"",""
ball,3,5.5,Central Stags,GR Hay,BL Wiggins,JM Gibson,0,0,,,,,,"",""
ball,3,5.6,Central Stags,GR Hay,BL Wiggins,JM Gibson,0,0,,,,,,"",""
ball,3,6.1,Central Stags,BL Wiggins,GR Hay,JA Duffy,0,0,,,,,,"",""
ball,3,6.2,Central Stags,BL Wiggins,GR Hay,JA Duffy,1,0,,,,,,"",""
ball,3,6.3,Central Stags,GR Hay,BL Wiggins,JA Duffy,0,0,,,,,,"",""
ball,3,6.4,Central Stags,GR Hay,BL Wiggins,JA Duffy,0,0,,,,,,"",""
ball,3,6.5,Central Stags,GR Hay,BL Wiggins,JA Duffy,0,0,,,,,,"",""
ball,3,6.6,Central Stags,GR Hay,BL Wiggins,JA Duffy,0,0,,,,,,"",""
ball,3,7.1,Central Stags,BL Wiggins,GR Hay,JM Gibson,0,0,,,,,,"",""
ball,3,7.2,Central Stags,BL Wiggins,GR Hay,JM Gibson,0,0,,,,,,"",""
ball,3,7.3,Central Stags,BL Wiggins,GR Hay,JM Gibson,0,0,,,,,,"",""
ball,3,7.4,Central Stags,BL Wiggins,GR Hay,JM Gibson,0,0,,,,,,"",""
ball,3,7.5,Central Stags,BL Wiggins,GR Hay,JM Gibson,4,0,,,,,,"",""
ball,3,7.6,Central Stags,BL Wiggins,GR Hay,JM Gibson,0,0,,,,,,caught,BL Wiggins
ball,3,8.1,Central Stags,GR Hay,BD Schmulian,JA Duffy,0,0,,,,,,"",""
ball,3,8.2,Central Stags,GR Hay,BD Schmulian,JA Duffy,3,0,,,,,,"",""
ball,3,8.3,Central Stags,BD Schmulian,GR Hay,JA Duffy,0,0,,,,,,"",""
ball,3,8.4,Central Stags,BD Schmulian,GR Hay,JA Duffy,1,0,,,,,,"",""
ball,3,8.5,Central Stags,GR Hay,BD Schmulian,JA Duffy,0,0,,,,,,"",""
ball,3,8.6,Central Stags,GR Hay,BD Schmulian,JA Duffy,0,0,,,,,,"",""
ball,3,9.1,Central Stags,BD Schmulian,GR Hay,JM Gibson,0,0,,,,,,"",""
ball,3,9.2,Central Stags,BD Schmulian,GR Hay,JM Gibson,4,0,,,,,,"",""
ball,3,9.3,Central Stags,BD Schmulian,GR Hay,JM Gibson,0,0,,,,,,"",""
ball,3,9.4,Central Stags,BD Schmulian,GR Hay,JM Gibson,4,0,,,,,,"",""
ball,3,9.5,Central Stags,BD Schmulian,GR Hay,JM Gibson,0,0,,,,,,"",""
ball,3,9.6,Central Stags,BD Schmulian,GR Hay,JM Gibson,0,0,,,,,,"",""
ball,3,10.1,Central Stags,GR Hay,BD Schmulian,JA Duffy,0,0,,,,,,"",""
ball,3,10.2,Central Stags,GR Hay,BD Schmulian,JA Duffy,0,0,,,,,,"",""
ball,3,10.3,Central Stags,GR Hay,BD Schmulian,JA Duffy,1,0,,,,,,"",""
ball,3,10.4,Central Stags,BD Schmulian,GR Hay,JA Duffy,1,0,,,,,,"",""
ball,3,10.5,Central Stags,GR Hay,BD Schmulian,JA Duffy,0,0,,,,,,"",""
ball,3,10.6,Central Stags,GR Hay,BD Schmulian,JA Duffy,0,0,,,,,,"",""
ball,3,11.1,Central Stags,BD Schmulian,GR Hay,T Muller,0,0,,,,,,"",""
ball,3,11.2,Central Stags,BD Schmulian,GR Hay,T Muller,0,0,,,,,,"",""
ball,3,11.3,Central Stags,BD Schmulian,GR Hay,T Muller,0,0,,,,,,"",""
ball,3,11.4,Central Stags,BD Schmulian,GR Hay,T Muller,0,0,,,,,,"",""
ball,3,11.5,Central Stags,BD Schmulian,GR Hay,T Muller,2,0,,,,,,"",""
ball,3,11.6,Central Stags,BD Schmulian,GR Hay,T Muller,0,0,,,,,,"",""
ball,3,12.1,Central Stags,GR Hay,BD Schmulian,AW McKenzie,0,0,,,,,,"",""
ball,3,12.2,Central Stags,GR Hay,BD Schmulian,AW McKenzie,0,0,,,,,,"",""
ball,3,12.3,Central Stags,GR Hay,BD Schmulian,AW McKenzie,0,0,,,,,,"",""
ball,3,12.4,Central Stags,GR Hay,BD Schmulian,AW McKenzie,1,0,,,,,,"",""
ball,3,12.5,Central Stags,BD Schmulian,GR Hay,AW McKenzie,4,0,,,,,,"",""
ball,3,12.6,Central Stags,BD Schmulian,GR Hay,AW McKenzie,1,0,,,,,,"",""
ball,3,13.1,Central Stags,BD Schmulian,GR Hay,T Muller,0,0,,,,,,"",""
ball,3,13.2,Central Stags,BD Schmulian,GR Hay,T Muller,0,0,,,,,,"",""
ball,3,13.3,Central Stags,BD Schmulian,GR Hay,T Muller,0,0,,,,,,"",""
ball,3,13.4,Central Stags,BD Schmulian,GR Hay,T Muller,0,0,,,,,,"",""
ball,3,13.5,Central Stags,BD Schmulian,GR Hay,T Muller,0,0,,,,,,"",""
ball,3,13.6,Central Stags,BD Schmulian,GR Hay,T Muller,0,0,,,,,,"",""
ball,3,14.1,Central Stags,GR Hay,BD Schmulian,AW McKenzie,0,0,,,,,,"",""
ball,3,14.2,Central Stags,GR Hay,BD Schmulian,AW McKenzie,0,0,,,,,,"",""
ball,3,14.3,Central Stags,GR Hay,BD Schmulian,AW McKenzie,0,0,,,,,,"",""
ball,3,14.4,Central Stags,GR Hay,BD Schmulian,AW McKenzie,0,0,,,,,,"",""
ball,3,14.5,Central Stags,GR Hay,BD Schmulian,AW McKenzie,0,0,,,,,,"",""
ball,3,14.6,Central Stags,GR Hay,BD Schmulian,AW McKenzie,0,0,,,,,,"",""
ball,3,15.1,Central Stags,BD Schmulian,GR Hay,T Muller,2,0,,,,,,"",""
ball,3,15.2,Central Stags,BD Schmulian,GR Hay,T Muller,0,0,,,,,,"",""
ball,3,15.3,Central Stags,BD Schmulian,GR Hay,T Muller,0,0,,,,,,"",""
ball,3,15.4,Central Stags,BD Schmulian,GR Hay,T Muller,2,0,,,,,,"",""
ball,3,15.5,Central Stags,BD Schmulian,GR Hay,T Muller,0,0,,,,,,"",""
ball,3,15.6,Central Stags,BD Schmulian,GR Hay,T Muller,0,0,,,,,,"",""
ball,3,16.1,Central Stags,GR Hay,BD Schmulian,AW McKenzie,0,0,,,,,,"",""
ball,3,16.2,Central Stags,GR Hay,BD Schmulian,AW McKenzie,0,0,,,,,,"",""
ball,3,16.3,Central Stags,GR Hay,BD Schmulian,AW McKenzie,0,0,,,,,,"",""
ball,3,16.4,Central Stags,GR Hay,BD Schmulian,AW McKenzie,0,1,,,,1,,"",""
ball,3,16.5,Central Stags,BD Schmulian,GR Hay,AW McKenzie,0,0,,,,,,"",""
ball,3,16.6,Central Stags,BD Schmulian,GR Hay,AW McKenzie,0,0,,,,,,"",""
ball,3,17.1,Central Stags,GR Hay,BD Schmulian,MJG Rippon,1,0,,,,,,"",""
ball,3,17.2,Central Stags,BD Schmulian,GR Hay,MJG Rippon,0,0,,,,,,"",""
ball,3,17.3,Central Stags,BD Schmulian,GR Hay,MJG Rippon,0,0,,,,,,"",""
ball,3,17.4,Central Stags,BD Schmulian,GR Hay,MJG Rippon,0,0,,,,,,"",""
ball,3,17.5,Central Stags,BD Schmulian,GR Hay,MJG Rippon,0,0,,,,,,"",""
ball,3,17.6,Central Stags,BD Schmulian,GR Hay,MJG Rippon,1,0,,,,,,"",""
ball,3,18.1,Central Stags,BD Schmulian,GR Hay,AW McKenzie,2,0,,,,,,"",""
ball,3,18.2,Central Stags,BD Schmulian,GR Hay,AW McKenzie,0,0,,,,,,"",""
ball,3,18.3,Central Stags,BD Schmulian,GR Hay,AW McKenzie,0,0,,,,,,"",""
ball,3,18.4,Central Stags,BD Schmulian,GR Hay,AW McKenzie,1,0,,,,,,"",""
ball,3,18.5,Central Stags,GR Hay,BD Schmulian,AW McKenzie,0,0,,,,,,"",""
ball,3,18.6,Central Stags,GR Hay,BD Schmulian,AW McKenzie,0,0,,,,,,"",""
ball,3,19.1,Central Stags,BD Schmulian,GR Hay,MJG Rippon,0,0,,,,,,"",""
ball,3,19.2,Central Stags,BD Schmulian,GR Hay,MJG Rippon,0,0,,,,,,"",""
ball,3,19.3,Central Stags,BD Schmulian,GR Hay,MJG Rippon,0,0,,,,,,"",""
ball,3,19.4,Central Stags,BD Schmulian,GR Hay,MJG Rippon,1,0,,,,,,retired not out,GR Hay
ball,3,19.5,Central Stags,D Cleaver,BD Schmulian,MJG Rippon,0,0,,,,,,"",""
ball,3,19.6,Central Stags,D Cleaver,BD Schmulian,MJG Rippon,0,0,,,,,,"",""
ball,3,20.1,Central Stags,BD Schmulian,D Cleaver,JA Duffy,0,0,,,,,,"",""
ball,3,20.2,Central Stags,BD Schmulian,D Cleaver,JA Duffy,1,0,,,,,,"",""
ball,3,20.3,Central Stags,D Cleaver,BD Schmulian,JA Duffy,0,0,,,,,,"",""
ball,3,20.4,Central Stags,D Cleaver,BD Schmulian,JA Duffy,0,0,,,,,,"",""
ball,3,20.5,Central Stags,D Cleaver,BD Schmulian,JA Duffy,0,0,,,,,,"",""
ball,3,20.6,Central Stags,D Cleaver,BD Schmulian,JA Duffy,0,0,,,,,,"",""
ball,3,21.1,Central Stags,BD Schmulian,D Cleaver,MJG Rippon,0,0,,,,,,"",""
ball,3,21.2,Central Stags,BD Schmulian,D Cleaver,MJG Rippon,0,0,,,,,,"",""
ball,3,21.3,Central Stags,BD Schmulian,D Cleaver,MJG Rippon,0,0,,,,,,"",""
ball,3,21.4,Central Stags,BD Schmulian,D Cleaver,MJG Rippon,0,0,,,,,,"",""
ball,3,21.5,Central Stags,BD Schmulian,D Cleaver,MJG Rippon,1,0,,,,,,"",""
ball,3,21.6,Central Stags,D Cleaver,BD Schmulian,MJG Rippon,4,0,,,,,,"",""
ball,3,22.1,Central Stags,BD Schmulian,D Cleaver,JA Duffy,2,0,,,,,,"",""
ball,3,22.2,Central Stags,BD Schmulian,D Cleaver,JA Duffy,0,0,,,,,,"",""
ball,3,22.3,Central Stags,BD Schmulian,D Cleaver,JA Duffy,0,0,,,,,,"",""
ball,3,22.4,Central Stags,BD Schmulian,D Cleaver,JA Duffy,4,0,,,,,,"",""
ball,3,22.5,Central Stags,BD Schmulian,D Cleaver,JA Duffy,0,0,,,,,,"",""
ball,3,22.6,Central Stags,BD Schmulian,D Cleaver,JA Duffy,0,0,,,,,,"",""
ball,3,23.1,Central Stags,D Cleaver,BD Schmulian,MJG Rippon,0,0,,,,,,"",""
ball,3,23.2,Central Stags,D Cleaver,BD Schmulian,MJG Rippon,0,0,,,,,,"",""
ball,3,23.3,Central Stags,D Cleaver,BD Schmulian,MJG Rippon,0,0,,,,,,"",""
ball,3,23.4,Central Stags,D Cleaver,BD Schmulian,MJG Rippon,0,0,,,,,,"",""
ball,3,23.5,Central Stags,D Cleaver,BD Schmulian,MJG Rippon,0,0,,,,,,"",""
ball,3,23.6,Central Stags,D Cleaver,BD Schmulian,MJG Rippon,0,0,,,,,,"",""
ball,3,24.1,Central Stags,BD Schmulian,D Cleaver,JA Duffy,1,0,,,,,,"",""
ball,3,24.2,Central Stags,D Cleaver,BD Schmulian,JA Duffy,0,0,,,,,,"",""
ball,3,24.3,Central Stags,D Cleaver,BD Schmulian,JA Duffy,0,0,,,,,,"",""
ball,3,24.4,Central Stags,D Cleaver,BD Schmulian,JA Duffy,0,0,,,,,,"",""
ball,3,24.5,Central Stags,D Cleaver,BD Schmulian,JA Duffy,1,0,,,,,,"",""
ball,3,24.6,Central Stags,BD Schmulian,D Cleaver,JA Duffy,0,0,,,,,,"",""
ball,3,25.1,Central Stags,D Cleaver,BD Schmulian,MJG Rippon,4,0,,,,,,"",""
ball,3,25.2,Central Stags,D Cleaver,BD Schmulian,MJG Rippon,0,0,,,,,,"",""
ball,3,25.3,Central Stags,D Cleaver,BD Schmulian,MJG Rippon,0,0,,,,,,"",""
ball,3,25.4,Central Stags,D Cleaver,BD Schmulian,MJG Rippon,0,0,,,,,,"",""
ball,3,25.5,Central Stags,D Cleaver,BD Schmulian,MJG Rippon,0,0,,,,,,"",""
ball,3,25.6,Central Stags,D Cleaver,BD Schmulian,MJG Rippon,0,0,,,,,,"",""
ball,3,26.1,Central Stags,BD Schmulian,D Cleaver,JA Duffy,0,0,,,,,,"",""
ball,3,26.2,Central Stags,BD Schmulian,D Cleaver,JA Duffy,3,0,,,,,,"",""
ball,3,26.3,Central Stags,D Cleaver,BD Schmulian,JA Duffy,4,0,,,,,,"",""
ball,3,26.4,Central Stags,D Cleaver,BD Schmulian,JA Duffy,1,0,,,,,,"",""
ball,3,26.5,Central Stags,BD Schmulian,D Cleaver,JA Duffy,0,0,,,,,,"",""
ball,3,26.6,Central Stags,BD Schmulian,D Cleaver,JA Duffy,0,0,,,,,,"",""
ball,3,27.1,Central Stags,D Cleaver,BD Schmulian,T Muller,0,0,,,,,,"",""
ball,3,27.2,Central Stags,D Cleaver,BD Schmulian,T Muller,0,0,,,,,,"",""
ball,3,27.3,Central Stags,D Cleaver,BD Schmulian,T Muller,4,0,,,,,,"",""
ball,3,27.4,Central Stags,D Cleaver,BD Schmulian,T Muller,1,0,,,,,,"",""
ball,3,27.5,Central Stags,BD Schmulian,D Cleaver,T Muller,0,0,,,,,,"",""
ball,3,27.6,Central Stags,BD Schmulian,D Cleaver,T Muller,0,0,,,,,,"",""
ball,3,28.1,Central Stags,D Cleaver,BD Schmulian,JA Duffy,0,0,,,,,,"",""
ball,3,28.2,Central Stags,D Cleaver,BD Schmulian,JA Duffy,0,0,,,,,,"",""
ball,3,28.3,Central Stags,D Cleaver,BD Schmulian,JA Duffy,0,0,,,,,,"",""
ball,3,28.4,Central Stags,D Cleaver,BD Schmulian,JA Duffy,0,0,,,,,,"",""
ball,3,28.5,Central Stags,D Cleaver,BD Schmulian,JA Duffy,0,0,,,,,,"",""
ball,3,28.6,Central Stags,D Cleaver,BD Schmulian,JA Duffy,1,0,,,,,,"",""
ball,3,29.1,Central Stags,D Cleaver,BD Schmulian,T Muller,1,0,,,,,,"",""
ball,3,29.2,Central Stags,BD Schmulian,D Cleaver,T Muller,0,0,,,,,,"",""
ball,3,29.3,Central Stags,BD Schmulian,D Cleaver,T Muller,0,0,,,,,,"",""
ball,3,29.4,Central Stags,BD Schmulian,D Cleaver,T Muller,0,0,,,,,,"",""
ball,3,29.5,Central Stags,BD Schmulian,D Cleaver,T Muller,1,0,,,,,,"",""
ball,3,29.6,Central Stags,D Cleaver,BD Schmulian,T Muller,0,0,,,,,,"",""
ball,3,30.1,Central Stags,BD Schmulian,D Cleaver,JA Duffy,0,0,,,,,,"",""
ball,3,30.2,Central Stags,BD Schmulian,D Cleaver,JA Duffy,0,0,,,,,,"",""
ball,3,30.3,Central Stags,BD Schmulian,D Cleaver,JA Duffy,0,0,,,,,,"",""
ball,3,30.4,Central Stags,BD Schmulian,D Cleaver,JA Duffy,0,0,,,,,,"",""
ball,3,30.5,Central Stags,BD Schmulian,D Cleaver,JA Duffy,4,0,,,,,,"",""
ball,3,30.6,Central Stags,BD Schmulian,D Cleaver,JA Duffy,0,0,,,,,,"",""
ball,3,31.1,Central Stags,D Cleaver,BD Schmulian,T Muller,0,0,,,,,,"",""
ball,3,31.2,Central Stags,D Cleaver,BD Schmulian,T Muller,0,0,,,,,,"",""
ball,3,31.3,Central Stags,D Cleaver,BD Schmulian,T Muller,0,0,,,,,,"",""
ball,3,31.4,Central Stags,D Cleaver,BD Schmulian,T Muller,0,0,,,,,,"",""
ball,3,31.5,Central Stags,D Cleaver,BD Schmulian,T Muller,0,0,,,,,,"",""
ball,3,31.6,Central Stags,D Cleaver,BD Schmulian,T Muller,0,0,,,,,,"",""
ball,3,32.1,Central Stags,BD Schmulian,D Cleaver,JA Duffy,0,0,,,,,,"",""
ball,3,32.2,Central Stags,BD Schmulian,D Cleaver,JA Duffy,0,0,,,,,,"",""
ball,3,32.3,Central Stags,BD Schmulian,D Cleaver,JA Duffy,0,0,,,,,,"",""
ball,3,32.4,Central Stags,BD Schmulian,D Cleaver,JA Duffy,0,0,,,,,,"",""
ball,3,32.5,Central Stags,BD Schmulian,D Cleaver,JA Duffy,4,0,,,,,,"",""
ball,3,32.6,Central Stags,BD Schmulian,D Cleaver,JA Duffy,0,0,,,,,,"",""
ball,3,33.1,Central Stags,D Cleaver,BD Schmulian,T Muller,4,0,,,,,,"",""
ball,3,33.2,Central Stags,D Cleaver,BD Schmulian,T Muller,0,0,,,,,,"",""
ball,3,33.3,Central Stags,D Cleaver,BD Schmulian,T Muller,0,0,,,,,,"",""
ball,3,33.4,Central Stags,D Cleaver,BD Schmulian,T Muller,0,0,,,,,,"",""
ball,3,33.5,Central Stags,D Cleaver,BD Schmulian,T Muller,0,0,,,,,,"",""
ball,3,33.6,Central Stags,D Cleaver,BD Schmulian,T Muller,0,0,,,,,,"",""
ball,3,34.1,Central Stags,BD Schmulian,D Cleaver,MJG Rippon,0,0,,,,,,"",""
ball,3,34.2,Central Stags,BD Schmulian,D Cleaver,MJG Rippon,0,0,,,,,,"",""
ball,3,34.3,Central Stags,BD Schmulian,D Cleaver,MJG Rippon,0,0,,,,,,"",""
ball,3,34.4,Central Stags,BD Schmulian,D Cleaver,MJG Rippon,2,0,,,,,,"",""
ball,3,34.5,Central Stags,BD Schmulian,D Cleaver,MJG Rippon,1,0,,,,,,"",""
ball,3,34.6,Central Stags,D Cleaver,BD Schmulian,MJG Rippon,4,0,,,,,,"",""
ball,3,35.1,Central Stags,BD Schmulian,D Cleaver,T Muller,0,0,,,,,,"",""
ball,3,35.2,Central Stags,BD Schmulian,D Cleaver,T Muller,0,0,,,,,,"",""
ball,3,35.3,Central Stags,BD Schmulian,D Cleaver,T Muller,0,1,,,,1,,"",""
ball,3,35.4,Central Stags,D Cleaver,BD Schmulian,T Muller,0,2,,,,2,,"",""
ball,3,35.5,Central Stags,D Cleaver,BD Schmulian,T Muller,0,0,,,,,,"",""
ball,3,35.6,Central Stags,D Cleaver,BD Schmulian,T Muller,1,0,,,,,,"",""
ball,3,36.1,Central Stags,D Cleaver,BD Schmulian,MJG Rippon,0,0,,,,,,"",""
ball,3,36.2,Central Stags,D Cleaver,BD Schmulian,MJG Rippon,0,0,,,,,,"",""
ball,3,36.3,Central Stags,D Cleaver,BD Schmulian,MJG Rippon,0,0,,,,,,"",""
ball,3,36.4,Central Stags,D Cleaver,BD Schmulian,MJG Rippon,0,0,,,,,,"",""
ball,3,36.5,Central Stags,D Cleaver,BD Schmulian,MJG Rippon,6,0,,,,,,"",""
ball,3,36.6,Central Stags,D Cleaver,BD Schmulian,MJG Rippon,0,0,,,,,,"",""
ball,3,37.1,Central Stags,BD Schmulian,D Cleaver,AW McKenzie,4,0,,,,,,"",""
ball,3,37.2,Central Stags,BD Schmulian,D Cleaver,AW McKenzie,0,0,,,,,,"",""
ball,3,37.3,Central Stags,BD Schmulian,D Cleaver,AW McKenzie,4,0,,,,,,"",""
ball,3,37.4,Central Stags,BD Schmulian,D Cleaver,AW McKenzie,0,0,,,,,,"",""
ball,3,37.5,Central Stags,BD Schmulian,D Cleaver,AW McKenzie,2,0,,,,,,"",""
ball,3,37.6,Central Stags,BD Schmulian,D Cleaver,AW McKenzie,1,0,,,,,,"",""
ball,3,38.1,Central Stags,BD Schmulian,D Cleaver,MJG Rippon,0,0,,,,,,"",""
ball,3,38.2,Central Stags,BD Schmulian,D Cleaver,MJG Rippon,0,0,,,,,,"",""
ball,3,38.3,Central Stags,BD Schmulian,D Cleaver,MJG Rippon,0,0,,,,,,"",""
ball,3,38.4,Central Stags,BD Schmulian,D Cleaver,MJG Rippon,0,0,,,,,,"",""
ball,3,38.5,Central Stags,BD Schmulian,D Cleaver,MJG Rippon,0,0,,,,,,"",""
ball,3,38.6,Central Stags,BD Schmulian,D Cleaver,MJG Rippon,0,0,,,,,,"",""
ball,3,39.1,Central Stags,D Cleaver,BD Schmulian,AW McKenzie,1,0,,,,,,"",""
ball,3,39.2,Central Stags,BD Schmulian,D Cleaver,AW McKenzie,1,0,,,,,,"",""
ball,3,39.3,Central Stags,D Cleaver,BD Schmulian,AW McKenzie,0,0,,,,,,"",""
ball,3,39.4,Central Stags,D Cleaver,BD Schmulian,AW McKenzie,0,0,,,,,,"",""
ball,3,39.5,Central Stags,D Cleaver,BD Schmulian,AW McKenzie,0,0,,,,,,"",""
ball,3,39.6,Central Stags,D Cleaver,BD Schmulian,AW McKenzie,0,0,,,,,,"",""
ball,3,40.1,Central Stags,BD Schmulian,D Cleaver,MJG Rippon,0,0,,,,,,"",""
ball,3,40.2,Central Stags,BD Schmulian,D Cleaver,MJG Rippon,1,0,,,,,,"",""
ball,3,40.3,Central Stags,D Cleaver,BD Schmulian,MJG Rippon,0,0,,,,,,"",""
ball,3,40.4,Central Stags,D Cleaver,BD Schmulian,MJG Rippon,0,0,,,,,,"",""
ball,3,40.5,Central Stags,D Cleaver,BD Schmulian,MJG Rippon,0,0,,,,,,"",""
ball,3,40.6,Central Stags,D Cleaver,BD Schmulian,MJG Rippon,0,0,,,,,,"",""
ball,3,41.1,Central Stags,BD Schmulian,D Cleaver,AW McKenzie,0,0,,,,,,"",""
ball,3,41.2,Central Stags,BD Schmulian,D Cleaver,AW McKenzie,0,0,,,,,,"",""
ball,3,41.3,Central Stags,BD Schmulian,D Cleaver,AW McKenzie,0,0,,,,,,"",""
ball,3,41.4,Central Stags,BD Schmulian,D Cleaver,AW McKenzie,1,0,,,,,,"",""
ball,3,41.5,Central Stags,D Cleaver,BD Schmulian,AW McKenzie,4,0,,,,,,"",""
ball,3,41.6,Central Stags,D Cleaver,BD Schmulian,AW McKenzie,0,0,,,,,,"",""
ball,3,42.1,Central Stags,BD Schmulian,D Cleaver,MJG Rippon,0,0,,,,,,"",""
ball,3,42.2,Central Stags,BD Schmulian,D Cleaver,MJG Rippon,1,0,,,,,,"",""
ball,3,42.3,Central Stags,D Cleaver,BD Schmulian,MJG Rippon,0,0,,,,,,"",""
ball,3,42.4,Central Stags,D Cleaver,BD Schmulian,MJG Rippon,0,0,,,,,,"",""
ball,3,42.5,Central Stags,D Cleaver,BD Schmulian,MJG Rippon,0,0,,,,,,"",""
ball,3,42.6,Central Stags,D Cleaver,BD Schmulian,MJG Rippon,0,0,,,,,,"",""
ball,3,43.1,Central Stags,BD Schmulian,D Cleaver,AW McKenzie,4,0,,,,,,"",""
ball,3,43.2,Central Stags,BD Schmulian,D Cleaver,AW McKenzie,0,0,,,,,,"",""
ball,3,43.3,Central Stags,BD Schmulian,D Cleaver,AW McKenzie,1,0,,,,,,"",""
ball,3,43.4,Central Stags,D Cleaver,BD Schmulian,AW McKenzie,2,0,,,,,,"",""
ball,3,43.5,Central Stags,D Cleaver,BD Schmulian,AW McKenzie,0,0,,,,,,"",""
ball,3,43.6,Central Stags,D Cleaver,BD Schmulian,AW McKenzie,0,0,,,,,,"",""
ball,3,44.1,Central Stags,BD Schmulian,D Cleaver,NF Kelly,2,1,,1,,,,"",""
ball,3,44.2,Central Stags,BD Schmulian,D Cleaver,NF Kelly,1,0,,,,,,"",""
ball,3,44.3,Central Stags,D Cleaver,BD Schmulian,NF Kelly,0,0,,,,,,"",""
ball,3,44.4,Central Stags,D Cleaver,BD Schmulian,NF Kelly,1,0,,,,,,"",""
ball,3,44.5,Central Stags,BD Schmulian,D Cleaver,NF Kelly,0,0,,,,,,"",""
ball,3,44.6,Central Stags,BD Schmulian,D Cleaver,NF Kelly,1,0,,,,,,"",""
ball,3,44.7,Central Stags,D Cleaver,BD Schmulian,NF Kelly,1,0,,,,,,"",""
ball,3,45.1,Central Stags,D Cleaver,BD Schmulian,MJG Rippon,2,0,,,,,,"",""
ball,3,45.2,Central Stags,D Cleaver,BD Schmulian,MJG Rippon,0,0,,,,,,"",""
ball,3,45.3,Central Stags,D Cleaver,BD Schmulian,MJG Rippon,0,0,,,,,,"",""
ball,3,45.4,Central Stags,D Cleaver,BD Schmulian,MJG Rippon,0,0,,,,,,"",""
ball,3,45.5,Central Stags,D Cleaver,BD Schmulian,MJG Rippon,0,0,,,,,,"",""
ball,3,45.6,Central Stags,D Cleaver,BD Schmulian,MJG Rippon,1,0,,,,,,"",""
ball,3,46.1,Central Stags,D Cleaver,BD Schmulian,JM Gibson,0,0,,,,,,"",""
ball,3,46.2,Central Stags,D Cleaver,BD Schmulian,JM Gibson,0,0,,,,,,"",""
ball,3,46.3,Central Stags,D Cleaver,BD Schmulian,JM Gibson,0,0,,,,,,"",""
ball,3,46.4,Central Stags,D Cleaver,BD Schmulian,JM Gibson,0,0,,,,,,"",""
ball,3,46.5,Central Stags,D Cleaver,BD Schmulian,JM Gibson,0,0,,,,,,"",""
ball,3,46.6,Central Stags,D Cleaver,BD Schmulian,JM Gibson,0,0,,,,,,"",""
ball,3,47.1,Central Stags,BD Schmulian,D Cleaver,MJG Rippon,3,0,,,,,,"",""
ball,3,47.2,Central Stags,D Cleaver,BD Schmulian,MJG Rippon,0,0,,,,,,"",""
ball,3,47.3,Central Stags,D Cleaver,BD Schmulian,MJG Rippon,1,0,,,,,,"",""
ball,3,47.4,Central Stags,BD Schmulian,D Cleaver,MJG Rippon,0,0,,,,,,"",""
ball,3,47.5,Central Stags,BD Schmulian,D Cleaver,MJG Rippon,0,0,,,,,,"",""
ball,3,47.6,Central Stags,BD Schmulian,D Cleaver,MJG Rippon,1,0,,,,,,"",""
ball,3,48.1,Central Stags,BD Schmulian,D Cleaver,JM Gibson,2,0,,,,,,"",""
ball,3,48.2,Central Stags,BD Schmulian,D Cleaver,JM Gibson,0,0,,,,,,"",""
ball,3,48.3,Central Stags,BD Schmulian,D Cleaver,JM Gibson,0,0,,,,,,"",""
ball,3,48.4,Central Stags,BD Schmulian,D Cleaver,JM Gibson,4,0,,,,,,"",""
ball,3,48.5,Central Stags,BD Schmulian,D Cleaver,JM Gibson,1,0,,,,,,"",""
ball,3,48.6,Central Stags,D Cleaver,BD Schmulian,JM Gibson,0,0,,,,,,"",""
ball,3,49.1,Central Stags,BD Schmulian,D Cleaver,JA Duffy,0,0,,,,,,"",""
ball,3,49.2,Central Stags,BD Schmulian,D Cleaver,JA Duffy,0,0,,,,,,"",""
ball,3,49.3,Central Stags,BD Schmulian,D Cleaver,JA Duffy,4,0,,,,,,"",""
ball,3,49.4,Central Stags,BD Schmulian,D Cleaver,JA Duffy,0,0,,,,,,"",""
ball,3,49.5,Central Stags,BD Schmulian,D Cleaver,JA Duffy,0,0,,,,,,"",""
ball,3,49.6,Central Stags,BD Schmulian,D Cleaver,JA Duffy,2,0,,,,,,"",""
ball,3,50.1,Central Stags,D Cleaver,BD Schmulian,MJG Rippon,0,0,,,,,,"",""
ball,3,50.2,Central Stags,D Cleaver,BD Schmulian,MJG Rippon,0,0,,,,,,"",""
ball,3,50.3,Central Stags,D Cleaver,BD Schmulian,MJG Rippon,0,0,,,,,,"",""
ball,3,50.4,Central Stags,D Cleaver,BD Schmulian,MJG Rippon,0,0,,,,,,"",""
ball,3,50.5,Central Stags,D Cleaver,BD Schmulian,MJG Rippon,1,0,,,,,,"",""
ball,3,50.6,Central Stags,BD Schmulian,D Cleaver,MJG Rippon,0,0,,,,,,"",""
ball,3,51.1,Central Stags,D Cleaver,BD Schmulian,JA Duffy,0,0,,,,,,"",""
ball,3,51.2,Central Stags,D Cleaver,BD Schmulian,JA Duffy,0,0,,,,,,"",""
ball,3,51.3,Central Stags,D Cleaver,BD Schmulian,JA Duffy,0,0,,,,,,"",""
ball,3,51.4,Central Stags,D Cleaver,BD Schmulian,JA Duffy,0,0,,,,,,"",""
ball,3,51.5,Central Stags,D Cleaver,BD Schmulian,JA Duffy,0,0,,,,,,"",""
ball,3,51.6,Central Stags,D Cleaver,BD Schmulian,JA Duffy,0,0,,,,,,"",""
ball,3,52.1,Central Stags,BD Schmulian,D Cleaver,MJG Rippon,4,0,,,,,,"",""
ball,3,52.2,Central Stags,BD Schmulian,D Cleaver,MJG Rippon,1,0,,,,,,"",""
ball,3,52.3,Central Stags,D Cleaver,BD Schmulian,MJG Rippon,0,0,,,,,,"",""
ball,3,52.4,Central Stags,D Cleaver,BD Schmulian,MJG Rippon,0,0,,,,,,"",""
ball,3,52.5,Central Stags,D Cleaver,BD Schmulian,MJG Rippon,1,0,,,,,,"",""
ball,3,52.6,Central Stags,BD Schmulian,D Cleaver,MJG Rippon,3,0,,,,,,"",""
ball,3,53.1,Central Stags,BD Schmulian,D Cleaver,JA Duffy,0,0,,,,,,"",""
ball,3,53.2,Central Stags,BD Schmulian,D Cleaver,JA Duffy,0,0,,,,,,"",""
ball,3,53.3,Central Stags,BD Schmulian,D Cleaver,JA Duffy,0,0,,,,,,"",""
ball,3,53.4,Central Stags,BD Schmulian,D Cleaver,JA Duffy,0,0,,,,,,"",""
ball,3,53.5,Central Stags,BD Schmulian,D Cleaver,JA Duffy,0,0,,,,,,"",""
ball,3,53.6,Central Stags,BD Schmulian,D Cleaver,JA Duffy,0,0,,,,,,"",""
ball,3,54.1,Central Stags,D Cleaver,BD Schmulian,MJG Rippon,1,0,,,,,,"",""
ball,3,54.2,Central Stags,BD Schmulian,D Cleaver,MJG Rippon,1,0,,,,,,"",""
ball,3,54.3,Central Stags,D Cleaver,BD Schmulian,MJG Rippon,0,0,,,,,,"",""
ball,3,54.4,Central Stags,D Cleaver,BD Schmulian,MJG Rippon,0,0,,,,,,"",""
ball,3,54.5,Central Stags,D Cleaver,BD Schmulian,MJG Rippon,0,0,,,,,,"",""
ball,3,54.6,Central Stags,D Cleaver,BD Schmulian,MJG Rippon,0,0,,,,,,"",""
ball,3,55.1,Central Stags,BD Schmulian,D Cleaver,JA Duffy,0,0,,,,,,"",""
ball,3,55.2,Central Stags,BD Schmulian,D Cleaver,JA Duffy,0,0,,,,,,"",""
ball,3,55.3,Central Stags,BD Schmulian,D Cleaver,JA Duffy,0,0,,,,,,"",""
ball,3,55.4,Central Stags,BD Schmulian,D Cleaver,JA Duffy,0,0,,,,,,"",""
ball,3,55.5,Central Stags,BD Schmulian,D Cleaver,JA Duffy,0,0,,,,,,"",""
ball,3,55.6,Central Stags,BD Schmulian,D Cleaver,JA Duffy,0,0,,,,,,"",""
ball,3,56.1,Central Stags,D Cleaver,BD Schmulian,MJG Rippon,0,0,,,,,,"",""
ball,3,56.2,Central Stags,D Cleaver,BD Schmulian,MJG Rippon,0,0,,,,,,"",""
ball,3,56.3,Central Stags,D Cleaver,BD Schmulian,MJG Rippon,4,0,,,,,,"",""
ball,3,56.4,Central Stags,D Cleaver,BD Schmulian,MJG Rippon,0,0,,,,,,"",""
ball,3,56.5,Central Stags,D Cleaver,BD Schmulian,MJG Rippon,0,0,,,,,,"",""
ball,3,56.6,Central Stags,D Cleaver,BD Schmulian,MJG Rippon,0,0,,,,,,"",""
ball,3,57.1,Central Stags,BD Schmulian,D Cleaver,JA Duffy,4,0,,,,,,"",""
ball,3,57.2,Central Stags,BD Schmulian,D Cleaver,JA Duffy,1,0,,,,,,"",""
ball,3,57.3,Central Stags,D Cleaver,BD Schmulian,JA Duffy,1,0,,,,,,"",""
ball,3,57.4,Central Stags,BD Schmulian,D Cleaver,JA Duffy,0,0,,,,,,"",""
ball,3,57.5,Central Stags,BD Schmulian,D Cleaver,JA Duffy,0,0,,,,,,"",""
ball,3,57.6,Central Stags,BD Schmulian,D Cleaver,JA Duffy,4,1,,1,,,,"",""
ball,3,57.7,Central Stags,BD Schmulian,D Cleaver,JA Duffy,1,0,,,,,,"",""
ball,3,58.1,Central Stags,BD Schmulian,D Cleaver,MJG Rippon,0,0,,,,,,"",""
ball,3,58.2,Central Stags,BD Schmulian,D Cleaver,MJG Rippon,4,0,,,,,,"",""
ball,3,58.3,Central Stags,BD Schmulian,D Cleaver,MJG Rippon,0,0,,,,,,"",""
ball,3,58.4,Central Stags,BD Schmulian,D Cleaver,MJG Rippon,1,0,,,,,,"",""
ball,3,58.5,Central Stags,D Cleaver,BD Schmulian,MJG Rippon,0,0,,,,,,"",""
ball,3,58.6,Central Stags,D Cleaver,BD Schmulian,MJG Rippon,0,0,,,,,,"",""
ball,3,59.1,Central Stags,BD Schmulian,D Cleaver,T Muller,0,0,,,,,,"",""
ball,3,59.2,Central Stags,BD Schmulian,D Cleaver,T Muller,0,0,,,,,,"",""
ball,3,59.3,Central Stags,BD Schmulian,D Cleaver,T Muller,1,0,,,,,,"",""
ball,3,59.4,Central Stags,D Cleaver,BD Schmulian,T Muller,0,0,,,,,,"",""
ball,3,59.5,Central Stags,D Cleaver,BD Schmulian,T Muller,0,0,,,,,,"",""
ball,3,59.6,Central Stags,D Cleaver,BD Schmulian,T Muller,0,0,,,,,,"",""
ball,3,60.1,Central Stags,BD Schmulian,D Cleaver,MJG Rippon,0,0,,,,,,"",""
ball,3,60.2,Central Stags,BD Schmulian,D Cleaver,MJG Rippon,0,0,,,,,,"",""
ball,3,60.3,Central Stags,BD Schmulian,D Cleaver,MJG Rippon,1,0,,,,,,"",""
ball,3,60.4,Central Stags,D Cleaver,BD Schmulian,MJG Rippon,0,0,,,,,,"",""
ball,3,60.5,Central Stags,D Cleaver,BD Schmulian,MJG Rippon,0,0,,,,,,"",""
ball,3,60.6,Central Stags,D Cleaver,BD Schmulian,MJG Rippon,6,0,,,,,,"",""
ball,3,61.1,Central Stags,BD Schmulian,D Cleaver,T Muller,0,0,,,,,,"",""
ball,3,61.2,Central Stags,BD Schmulian,D Cleaver,T Muller,0,0,,,,,,bowled,BD Schmulian
ball,3,61.3,Central Stags,TC Bruce,D Cleaver,T Muller,0,0,,,,,,"",""
ball,3,61.4,Central Stags,TC Bruce,D Cleaver,T Muller,1,0,,,,,,"",""
ball,3,61.5,Central Stags,D Cleaver,TC Bruce,T Muller,4,1,,1,,,,"",""
ball,3,61.6,Central Stags,D Cleaver,TC Bruce,T Muller,4,0,,,,,,"",""
ball,3,61.7,Central Stags,D Cleaver,TC Bruce,T Muller,0,0,,,,,,"",""
ball,3,62.1,Central Stags,TC Bruce,D Cleaver,MJG Rippon,0,0,,,,,,"",""
ball,3,62.2,Central Stags,TC Bruce,D Cleaver,MJG Rippon,2,0,,,,,,"",""
ball,3,62.3,Central Stags,TC Bruce,D Cleaver,MJG Rippon,0,0,,,,,,"",""
ball,3,62.4,Central Stags,TC Bruce,D Cleaver,MJG Rippon,0,0,,,,,,"",""
ball,3,62.5,Central Stags,TC Bruce,D Cleaver,MJG Rippon,0,0,,,,,,"",""
ball,3,62.6,Central Stags,TC Bruce,D Cleaver,MJG Rippon,0,0,,,,,,"",""
ball,3,63.1,Central Stags,D Cleaver,TC Bruce,T Muller,0,0,,,,,,"",""
ball,3,63.2,Central Stags,D Cleaver,TC Bruce,T Muller,0,0,,,,,,"",""
ball,3,63.3,Central Stags,D Cleaver,TC Bruce,T Muller,0,1,,1,,,,"",""
ball,3,63.4,Central Stags,D Cleaver,TC Bruce,T Muller,0,0,,,,,,"",""
ball,3,63.5,Central Stags,D Cleaver,TC Bruce,T Muller,4,0,,,,,,"",""
ball,3,63.6,Central Stags,D Cleaver,TC Bruce,T Muller,0,0,,,,,,"",""
ball,3,63.7,Central Stags,D Cleaver,TC Bruce,T Muller,4,0,,,,,,"",""
ball,3,64.1,Central Stags,TC Bruce,D Cleaver,MJG Rippon,0,0,,,,,,"",""
ball,3,64.2,Central Stags,TC Bruce,D Cleaver,MJG Rippon,4,0,,,,,,"",""
ball,3,64.3,Central Stags,TC Bruce,D Cleaver,MJG Rippon,0,0,,,,,,"",""
ball,3,64.4,Central Stags,TC Bruce,D Cleaver,MJG Rippon,0,0,,,,,,"",""
ball,3,64.5,Central Stags,TC Bruce,D Cleaver,MJG Rippon,1,0,,,,,,"",""
ball,3,64.6,Central Stags,D Cleaver,TC Bruce,MJG Rippon,4,0,,,,,,"",""
ball,3,65.1,Central Stags,TC Bruce,D Cleaver,AK Kitchen,0,0,,,,,,"",""
ball,3,65.2,Central Stags,TC Bruce,D Cleaver,AK Kitchen,1,0,,,,,,"",""
ball,3,65.3,Central Stags,D Cleaver,TC Bruce,AK Kitchen,1,0,,,,,,"",""
ball,3,65.4,Central Stags,TC Bruce,D Cleaver,AK Kitchen,0,0,,,,,,"",""
ball,3,65.5,Central Stags,TC Bruce,D Cleaver,AK Kitchen,0,0,,,,,,"",""
ball,3,65.6,Central Stags,TC Bruce,D Cleaver,AK Kitchen,0,0,,,,,,"",""
ball,3,66.1,Central Stags,D Cleaver,TC Bruce,MJG Rippon,0,0,,,,,,"",""
ball,3,66.2,Central Stags,D Cleaver,TC Bruce,MJG Rippon,1,0,,,,,,"",""
ball,3,66.3,Central Stags,TC Bruce,D Cleaver,MJG Rippon,1,0,,,,,,"",""
ball,3,66.4,Central Stags,D Cleaver,TC Bruce,MJG Rippon,0,0,,,,,,"",""
ball,3,66.5,Central Stags,D Cleaver,TC Bruce,MJG Rippon,0,0,,,,,,"",""
ball,3,66.6,Central Stags,D Cleaver,TC Bruce,MJG Rippon,0,0,,,,,,"",""
ball,3,67.1,Central Stags,TC Bruce,D Cleaver,AK Kitchen,0,0,,,,,,"",""
ball,3,67.2,Central Stags,TC Bruce,D Cleaver,AK Kitchen,0,0,,,,,,"",""
ball,3,67.3,Central Stags,TC Bruce,D Cleaver,AK Kitchen,0,0,,,,,,"",""
ball,3,67.4,Central Stags,TC Bruce,D Cleaver,AK Kitchen,0,0,,,,,,"",""
ball,3,67.5,Central Stags,TC Bruce,D Cleaver,AK Kitchen,0,0,,,,,,"",""
ball,3,67.6,Central Stags,TC Bruce,D Cleaver,AK Kitchen,0,0,,,,,,"",""
ball,3,68.1,Central Stags,D Cleaver,TC Bruce,MJG Rippon,2,0,,,,,,"",""
ball,3,68.2,Central Stags,D Cleaver,TC Bruce,MJG Rippon,2,0,,,,,,"",""
ball,3,68.3,Central Stags,D Cleaver,TC Bruce,MJG Rippon,0,0,,,,,,"",""
ball,3,68.4,Central Stags,D Cleaver,TC Bruce,MJG Rippon,0,0,,,,,,"",""
ball,3,68.5,Central Stags,D Cleaver,TC Bruce,MJG Rippon,0,0,,,,,,"",""
ball,3,68.6,Central Stags,D Cleaver,TC Bruce,MJG Rippon,4,0,,,,,,"",""
ball,3,69.1,Central Stags,TC Bruce,D Cleaver,AK Kitchen,0,0,,,,,,"",""
ball,3,69.2,Central Stags,TC Bruce,D Cleaver,AK Kitchen,1,0,,,,,,"",""
ball,3,69.3,Central Stags,D Cleaver,TC Bruce,AK Kitchen,0,0,,,,,,"",""
ball,3,69.4,Central Stags,D Cleaver,TC Bruce,AK Kitchen,0,0,,,,,,"",""
ball,3,69.5,Central Stags,D Cleaver,TC Bruce,AK Kitchen,0,0,,,,,,"",""
ball,3,69.6,Central Stags,D Cleaver,TC Bruce,AK Kitchen,0,0,,,,,,"",""
ball,3,70.1,Central Stags,TC Bruce,D Cleaver,NF Kelly,1,0,,,,,,"",""
ball,3,70.2,Central Stags,D Cleaver,TC Bruce,NF Kelly,0,0,,,,,,"",""
ball,3,70.3,Central Stags,D Cleaver,TC Bruce,NF Kelly,4,0,,,,,,"",""
ball,3,70.4,Central Stags,D Cleaver,TC Bruce,NF Kelly,0,0,,,,,,"",""
ball,3,70.5,Central Stags,D Cleaver,TC Bruce,NF Kelly,0,0,,,,,,"",""
ball,3,70.6,Central Stags,D Cleaver,TC Bruce,NF Kelly,0,0,,,,,,"",""
ball,3,71.1,Central Stags,TC Bruce,D Cleaver,AK Kitchen,1,0,,,,,,"",""
ball,3,71.2,Central Stags,D Cleaver,TC Bruce,AK Kitchen,0,0,,,,,,"",""
ball,3,71.3,Central Stags,D Cleaver,TC Bruce,AK Kitchen,0,0,,,,,,"",""
ball,3,71.4,Central Stags,D Cleaver,TC Bruce,AK Kitchen,0,0,,,,,,"",""
ball,3,71.5,Central Stags,D Cleaver,TC Bruce,AK Kitchen,1,0,,,,,,"",""
ball,3,71.6,Central Stags,TC Bruce,D Cleaver,AK Kitchen,0,0,,,,,,"",""
ball,3,72.1,Central Stags,D Cleaver,TC Bruce,NF Kelly,0,0,,,,,,"",""
ball,3,72.2,Central Stags,D Cleaver,TC Bruce,NF Kelly,0,0,,,,,,"",""
ball,3,72.3,Central Stags,D Cleaver,TC Bruce,NF Kelly,0,0,,,,,,"",""
ball,3,72.4,Central Stags,D Cleaver,TC Bruce,NF Kelly,0,0,,,,,,"",""
ball,3,72.5,Central Stags,D Cleaver,TC Bruce,NF Kelly,4,0,,,,,,"",""
ball,3,72.6,Central Stags,D Cleaver,TC Bruce,NF Kelly,6,0,,,,,,"",""
