version,1.7.0
info,balls_per_over,6
info,team,Northern Districts
info,team,Wellington Firebirds
info,gender,male
info,season,2021/22
info,date,2022/04/06
info,date,2022/04/07
info,date,2022/04/08
info,event,Plunket Shield
info,match_number,22
info,venue,"Cobham Oval (New), Whangarei"
info,city,Whangarei
info,toss_winner,Northern Districts
info,toss_decision,bat
info,umpire,CM Brown
info,umpire,DJ Walker
info,match_referee,K Pulley
info,winner,Wellington Firebirds
info,winner_wickets,9
info,player,Northern Districts,FF Lellman
info,player,Northern Districts,SS Varcoe
info,player,Northern Districts,SK Patel
info,player,Northern Districts,CJ Swanson
info,player,Northern Districts,RPO Drysdale
info,player,Northern Districts,BJ Pomare
info,player,Northern Districts,KDC Clarke
info,player,Northern Districts,IS Sodhi
info,player,Northern Districts,JH Brown
info,player,Northern Districts,SS Johnston
info,player,Northern Districts,MJ Fisher
info,player,Wellington Firebirds,KLD Vishvaka
info,player,Wellington Firebirds,R Ravindra
info,player,Wellington Firebirds,TM Johnson
info,player,Wellington Firebirds,TB Robinson
info,player,Wellington Firebirds,LR Johns
info,player,Wellington Firebirds,TA Blundell
info,player,Wellington Firebirds,NG Smith
info,player,Wellington Firebirds,PF Younghusband
info,player,Wellington Firebirds,IG McPeake
info,player,Wellington Firebirds,JW Hartshorn
info,player,Wellington Firebirds,KJ McComb
info,registry,people,BJ Pomare,0398f255
info,registry,people,CJ Swanson,22717964
info,registry,people,CM Brown,448f4f1c
info,registry,people,DJ Walker,d4aea8ac
info,registry,people,FF Lellman,69c2944f
info,registry,people,IG McPeake,f8e48647
info,registry,people,IS Sodhi,641ac5ff
info,registry,people,JH Brown,ace31a5c
info,registry,people,JW Hartshorn,9f395b45
info,registry,people,K Pulley,644bf4ad
info,registry,people,KDC Clarke,1e1a8922
info,registry,people,KJ McComb,33b13a3c
info,registry,people,KLD Vishvaka,e6f51ab7
info,registry,people,LR Johns,8ba20313
info,registry,people,MJ Fisher,7068c81e
info,registry,people,NG Smith,05b1aef8
info,registry,people,PF Younghusband,149d0c18
info,registry,people,R Ravindra,ba5e1069
info,registry,people,RPO Drysdale,78ec5c93
info,registry,people,SK Patel,5b856264
info,registry,people,SS Johnston,ccbd3ba9
info,registry,people,SS Varcoe,7b3bdc2f
info,registry,people,TA Blundell,21e5f325
info,registry,people,TB Robinson,5d664346
info,registry,people,TM Johnson,917f66da
ball,1,0.1,Northern Districts,FF Lellman,SS Varcoe,NG Smith,0,0,,,,,,"",""
ball,1,0.2,Northern Districts,FF Lellman,SS Varcoe,NG Smith,0,0,,,,,,"",""
ball,1,0.3,Northern Districts,FF Lellman,SS Varcoe,NG Smith,0,0,,,,,,"",""
ball,1,0.4,Northern Districts,FF Lellman,SS Varcoe,NG Smith,0,0,,,,,,"",""
ball,1,0.5,Northern Districts,FF Lellman,SS Varcoe,NG Smith,0,0,,,,,,"",""
ball,1,0.6,Northern Districts,FF Lellman,SS Varcoe,NG Smith,0,0,,,,,,"",""
ball,1,1.1,Northern Districts,SS Varcoe,FF Lellman,IG McPeake,0,0,,,,,,"",""
ball,1,1.2,Northern Districts,SS Varcoe,FF Lellman,IG McPeake,0,0,,,,,,"",""
ball,1,1.3,Northern Districts,SS Varcoe,FF Lellman,IG McPeake,0,0,,,,,,"",""
ball,1,1.4,Northern Districts,SS Varcoe,FF Lellman,IG McPeake,0,0,,,,,,"",""
ball,1,1.5,Northern Districts,SS Varcoe,FF Lellman,IG McPeake,1,0,,,,,,"",""
ball,1,1.6,Northern Districts,FF Lellman,SS Varcoe,IG McPeake,0,0,,,,,,"",""
ball,1,2.1,Northern Districts,SS Varcoe,FF Lellman,NG Smith,0,0,,,,,,"",""
ball,1,2.2,Northern Districts,SS Varcoe,FF Lellman,NG Smith,0,0,,,,,,"",""
ball,1,2.3,Northern Districts,SS Varcoe,FF Lellman,NG Smith,0,0,,,,,,"",""
ball,1,2.4,Northern Districts,SS Varcoe,FF Lellman,NG Smith,0,0,,,,,,"",""
ball,1,2.5,Northern Districts,SS Varcoe,FF Lellman,NG Smith,0,0,,,,,,"",""
ball,1,2.6,Northern Districts,SS Varcoe,FF Lellman,NG Smith,3,0,,,,,,"",""
ball,1,3.1,Northern Districts,SS Varcoe,FF Lellman,IG McPeake,1,0,,,,,,"",""
ball,1,3.2,Northern Districts,FF Lellman,SS Varcoe,IG McPeake,0,0,,,,,,"",""
ball,1,3.3,Northern Districts,FF Lellman,SS Varcoe,IG McPeake,0,0,,,,,,"",""
ball,1,3.4,Northern Districts,FF Lellman,SS Varcoe,IG McPeake,0,0,,,,,,"",""
ball,1,3.5,Northern Districts,FF Lellman,SS Varcoe,IG McPeake,0,0,,,,,,"",""
ball,1,3.6,Northern Districts,FF Lellman,SS Varcoe,IG McPeake,0,0,,,,,,"",""
ball,1,4.1,Northern Districts,SS Varcoe,FF Lellman,NG Smith,0,0,,,,,,"",""
ball,1,4.2,Northern Districts,SS Varcoe,FF Lellman,NG Smith,0,0,,,,,,"",""
ball,1,4.3,Northern Districts,SS Varcoe,FF Lellman,NG Smith,0,0,,,,,,"",""
ball,1,4.4,Northern Districts,SS Varcoe,FF Lellman,NG Smith,0,0,,,,,,"",""
ball,1,4.5,Northern Districts,SS Varcoe,FF Lellman,NG Smith,0,0,,,,,,"",""
ball,1,4.6,Northern Districts,SS Varcoe,FF Lellman,NG Smith,0,0,,,,,,"",""
ball,1,5.1,Northern Districts,FF Lellman,SS Varcoe,IG McPeake,0,0,,,,,,"",""
ball,1,5.2,Northern Districts,FF Lellman,SS Varcoe,IG McPeake,0,0,,,,,,"",""
ball,1,5.3,Northern Districts,FF Lellman,SS Varcoe,IG McPeake,0,0,,,,,,"",""
ball,1,5.4,Northern Districts,FF Lellman,SS Varcoe,IG McPeake,0,0,,,,,,"",""
ball,1,5.5,Northern Districts,FF Lellman,SS Varcoe,IG McPeake,0,0,,,,,,"",""
ball,1,5.6,Northern Districts,FF Lellman,SS Varcoe,IG McPeake,0,0,,,,,,"",""
ball,1,6.1,Northern Districts,SS Varcoe,FF Lellman,NG Smith,0,0,,,,,,"",""
ball,1,6.2,Northern Districts,SS Varcoe,FF Lellman,NG Smith,0,0,,,,,,"",""
ball,1,6.3,Northern Districts,SS Varcoe,FF Lellman,NG Smith,0,0,,,,,,"",""
ball,1,6.4,Northern Districts,SS Varcoe,FF Lellman,NG Smith,0,0,,,,,,"",""
ball,1,6.5,Northern Districts,SS Varcoe,FF Lellman,NG Smith,0,0,,,,,,"",""
ball,1,6.6,Northern Districts,SS Varcoe,FF Lellman,NG Smith,0,0,,,,,,"",""
ball,1,7.1,Northern Districts,FF Lellman,SS Varcoe,IG McPeake,2,0,,,,,,"",""
ball,1,7.2,Northern Districts,FF Lellman,SS Varcoe,IG McPeake,0,0,,,,,,"",""
ball,1,7.3,Northern Districts,FF Lellman,SS Varcoe,IG McPeake,0,0,,,,,,"",""
ball,1,7.4,Northern Districts,FF Lellman,SS Varcoe,IG McPeake,0,0,,,,,,"",""
ball,1,7.5,Northern Districts,FF Lellman,SS Varcoe,IG McPeake,0,0,,,,,,"",""
ball,1,7.6,Northern Districts,FF Lellman,SS Varcoe,IG McPeake,4,0,,,,,,"",""
ball,1,8.1,Northern Districts,SS Varcoe,FF Lellman,NG Smith,0,0,,,,,,"",""
ball,1,8.2,Northern Districts,SS Varcoe,FF Lellman,NG Smith,0,0,,,,,,"",""
ball,1,8.3,Northern Districts,SS Varcoe,FF Lellman,NG Smith,0,0,,,,,,"",""
ball,1,8.4,Northern Districts,SS Varcoe,FF Lellman,NG Smith,0,0,,,,,,"",""
ball,1,8.5,Northern Districts,SS Varcoe,FF Lellman,NG Smith,0,0,,,,,,"",""
ball,1,8.6,Northern Districts,SS Varcoe,FF Lellman,NG Smith,0,0,,,,,,"",""
ball,1,9.1,Northern Districts,FF Lellman,SS Varcoe,IG McPeake,0,0,,,,,,"",""
ball,1,9.2,Northern Districts,FF Lellman,SS Varcoe,IG McPeake,0,0,,,,,,"",""
ball,1,9.3,Northern Districts,FF Lellman,SS Varcoe,IG McPeake,0,0,,,,,,"",""
ball,1,9.4,Northern Districts,FF Lellman,SS Varcoe,IG McPeake,0,0,,,,,,"",""
ball,1,9.5,Northern Districts,FF Lellman,SS Varcoe,IG McPeake,4,0,,,,,,"",""
ball,1,9.6,Northern Districts,FF Lellman,SS Varcoe,IG McPeake,1,0,,,,,,"",""
ball,1,10.1,Northern Districts,FF Lellman,SS Varcoe,NG Smith,0,0,,,,,,"",""
ball,1,10.2,Northern Districts,FF Lellman,SS Varcoe,NG Smith,0,0,,,,,,"",""
ball,1,10.3,Northern Districts,FF Lellman,SS Varcoe,NG Smith,0,0,,,,,,"",""
ball,1,10.4,Northern Districts,FF Lellman,SS Varcoe,NG Smith,0,0,,,,,,"",""
ball,1,10.5,Northern Districts,FF Lellman,SS Varcoe,NG Smith,0,0,,,,,,"",""
ball,1,10.6,Northern Districts,FF Lellman,SS Varcoe,NG Smith,0,0,,,,,,"",""
ball,1,11.1,Northern Districts,SS Varcoe,FF Lellman,IG McPeake,0,0,,,,,,"",""
ball,1,11.2,Northern Districts,SS Varcoe,FF Lellman,IG McPeake,0,0,,,,,,"",""
ball,1,11.3,Northern Districts,SS Varcoe,FF Lellman,IG McPeake,0,0,,,,,,"",""
ball,1,11.4,Northern Districts,SS Varcoe,FF Lellman,IG McPeake,0,0,,,,,,"",""
ball,1,11.5,Northern Districts,SS Varcoe,FF Lellman,IG McPeake,1,0,,,,,,"",""
ball,1,11.6,Northern Districts,FF Lellman,SS Varcoe,IG McPeake,0,0,,,,,,"",""
ball,1,12.1,Northern Districts,SS Varcoe,FF Lellman,JW Hartshorn,0,0,,,,,,"",""
ball,1,12.2,Northern Districts,SS Varcoe,FF Lellman,JW Hartshorn,0,0,,,,,,"",""
ball,1,12.3,Northern Districts,SS Varcoe,FF Lellman,JW Hartshorn,0,0,,,,,,"",""
ball,1,12.4,Northern Districts,SS Varcoe,FF Lellman,JW Hartshorn,0,0,,,,,,"",""
ball,1,12.5,Northern Districts,SS Varcoe,FF Lellman,JW Hartshorn,0,0,,,,,,"",""
ball,1,12.6,Northern Districts,SS Varcoe,FF Lellman,JW Hartshorn,0,0,,,,,,"",""
ball,1,13.1,Northern Districts,FF Lellman,SS Varcoe,R Ravindra,0,0,,,,,,"",""
ball,1,13.2,Northern Districts,FF Lellman,SS Varcoe,R Ravindra,0,0,,,,,,"",""
ball,1,13.3,Northern Districts,FF Lellman,SS Varcoe,R Ravindra,0,0,,,,,,"",""
ball,1,13.4,Northern Districts,FF Lellman,SS Varcoe,R Ravindra,0,0,,,,,,"",""
ball,1,13.5,Northern Districts,FF Lellman,SS Varcoe,R Ravindra,0,0,,,,,,"",""
ball,1,13.6,Northern Districts,FF Lellman,SS Varcoe,R Ravindra,0,0,,,,,,"",""
ball,1,14.1,Northern Districts,SS Varcoe,FF Lellman,JW Hartshorn,0,0,,,,,,"",""
ball,1,14.2,Northern Districts,SS Varcoe,FF Lellman,JW Hartshorn,0,1,,1,,,,"",""
ball,1,14.3,Northern Districts,SS Varcoe,FF Lellman,JW Hartshorn,0,0,,,,,,"",""
ball,1,14.4,Northern Districts,SS Varcoe,FF Lellman,JW Hartshorn,0,0,,,,,,"",""
ball,1,14.5,Northern Districts,SS Varcoe,FF Lellman,JW Hartshorn,0,0,,,,,,"",""
ball,1,14.6,Northern Districts,SS Varcoe,FF Lellman,JW Hartshorn,0,0,,,,,,"",""
ball,1,14.7,Northern Districts,SS Varcoe,FF Lellman,JW Hartshorn,1,0,,,,,,"",""
ball,1,15.1,Northern Districts,SS Varcoe,FF Lellman,R Ravindra,0,0,,,,,,"",""
ball,1,15.2,Northern Districts,SS Varcoe,FF Lellman,R Ravindra,0,0,,,,,,"",""
ball,1,15.3,Northern Districts,SS Varcoe,FF Lellman,R Ravindra,0,0,,,,,,"",""
ball,1,15.4,Northern Districts,SS Varcoe,FF Lellman,R Ravindra,0,0,,,,,,"",""
ball,1,15.5,Northern Districts,SS Varcoe,FF Lellman,R Ravindra,0,0,,,,,,"",""
ball,1,15.6,Northern Districts,SS Varcoe,FF Lellman,R Ravindra,0,0,,,,,,"",""
ball,1,16.1,Northern Districts,FF Lellman,SS Varcoe,JW Hartshorn,0,0,,,,,,"",""
ball,1,16.2,Northern Districts,FF Lellman,SS Varcoe,JW Hartshorn,0,0,,,,,,"",""
ball,1,16.3,Northern Districts,FF Lellman,SS Varcoe,JW Hartshorn,0,0,,,,,,"",""
ball,1,16.4,Northern Districts,FF Lellman,SS Varcoe,JW Hartshorn,4,0,,,,,,"",""
ball,1,16.5,Northern Districts,FF Lellman,SS Varcoe,JW Hartshorn,0,0,,,,,,"",""
ball,1,16.6,Northern Districts,FF Lellman,SS Varcoe,JW Hartshorn,0,0,,,,,,"",""
ball,1,17.1,Northern Districts,SS Varcoe,FF Lellman,R Ravindra,2,0,,,,,,"",""
ball,1,17.2,Northern Districts,SS Varcoe,FF Lellman,R Ravindra,1,0,,,,,,"",""
ball,1,17.3,Northern Districts,FF Lellman,SS Varcoe,R Ravindra,0,0,,,,,,"",""
ball,1,17.4,Northern Districts,FF Lellman,SS Varcoe,R Ravindra,0,0,,,,,,"",""
ball,1,17.5,Northern Districts,FF Lellman,SS Varcoe,R Ravindra,1,0,,,,,,"",""
ball,1,17.6,Northern Districts,SS Varcoe,FF Lellman,R Ravindra,1,0,,,,,,"",""
ball,1,18.1,Northern Districts,SS Varcoe,FF Lellman,JW Hartshorn,0,0,,,,,,"",""
ball,1,18.2,Northern Districts,SS Varcoe,FF Lellman,JW Hartshorn,1,0,,,,,,"",""
ball,1,18.3,Northern Districts,FF Lellman,SS Varcoe,JW Hartshorn,0,0,,,,,,"",""
ball,1,18.4,Northern Districts,FF Lellman,SS Varcoe,JW Hartshorn,1,0,,,,,,"",""
ball,1,18.5,Northern Districts,SS Varcoe,FF Lellman,JW Hartshorn,0,0,,,,,,"",""
ball,1,18.6,Northern Districts,SS Varcoe,FF Lellman,JW Hartshorn,0,0,,,,,,"",""
ball,1,19.1,Northern Districts,FF Lellman,SS Varcoe,R Ravindra,0,0,,,,,,"",""
ball,1,19.2,Northern Districts,FF Lellman,SS Varcoe,R Ravindra,0,0,,,,,,"",""
ball,1,19.3,Northern Districts,FF Lellman,SS Varcoe,R Ravindra,0,0,,,,,,"",""
ball,1,19.4,Northern Districts,FF Lellman,SS Varcoe,R Ravindra,0,0,,,,,,"",""
ball,1,19.5,Northern Districts,FF Lellman,SS Varcoe,R Ravindra,0,0,,,,,,"",""
ball,1,19.6,Northern Districts,FF Lellman,SS Varcoe,R Ravindra,0,0,,,,,,"",""
ball,1,20.1,Northern Districts,SS Varcoe,FF Lellman,JW Hartshorn,0,0,,,,,,"",""
ball,1,20.2,Northern Districts,SS Varcoe,FF Lellman,JW Hartshorn,0,0,,,,,,"",""
ball,1,20.3,Northern Districts,SS Varcoe,FF Lellman,JW Hartshorn,0,0,,,,,,"",""
ball,1,20.4,Northern Districts,SS Varcoe,FF Lellman,JW Hartshorn,1,1,,1,,,,"",""
ball,1,20.5,Northern Districts,FF Lellman,SS Varcoe,JW Hartshorn,3,0,,,,,,"",""
ball,1,20.6,Northern Districts,SS Varcoe,FF Lellman,JW Hartshorn,0,0,,,,,,"",""
ball,1,20.7,Northern Districts,SS Varcoe,FF Lellman,JW Hartshorn,0,0,,,,,,"",""
ball,1,21.1,Northern Districts,FF Lellman,SS Varcoe,R Ravindra,0,0,,,,,,"",""
ball,1,21.2,Northern Districts,FF Lellman,SS Varcoe,R Ravindra,0,0,,,,,,"",""
ball,1,21.3,Northern Districts,FF Lellman,SS Varcoe,R Ravindra,0,0,,,,,,"",""
ball,1,21.4,Northern Districts,FF Lellman,SS Varcoe,R Ravindra,0,0,,,,,,caught and bowled,FF Lellman
ball,1,21.5,Northern Districts,SK Patel,SS Varcoe,R Ravindra,0,0,,,,,,"",""
ball,1,21.6,Northern Districts,SK Patel,SS Varcoe,R Ravindra,0,0,,,,,,"",""
ball,1,22.1,Northern Districts,SS Varcoe,SK Patel,JW Hartshorn,0,0,,,,,,"",""
ball,1,22.2,Northern Districts,SS Varcoe,SK Patel,JW Hartshorn,0,0,,,,,,"",""
ball,1,22.3,Northern Districts,SS Varcoe,SK Patel,JW Hartshorn,0,0,,,,,,"",""
ball,1,22.4,Northern Districts,SS Varcoe,SK Patel,JW Hartshorn,0,0,,,,,,"",""
ball,1,22.5,Northern Districts,SS Varcoe,SK Patel,JW Hartshorn,0,0,,,,,,"",""
ball,1,22.6,Northern Districts,SS Varcoe,SK Patel,JW Hartshorn,1,0,,,,,,"",""
ball,1,23.1,Northern Districts,SS Varcoe,SK Patel,R Ravindra,0,0,,,,,,"",""
ball,1,23.2,Northern Districts,SS Varcoe,SK Patel,R Ravindra,1,0,,,,,,"",""
ball,1,23.3,Northern Districts,SK Patel,SS Varcoe,R Ravindra,1,0,,,,,,"",""
ball,1,23.4,Northern Districts,SS Varcoe,SK Patel,R Ravindra,0,0,,,,,,"",""
ball,1,23.5,Northern Districts,SS Varcoe,SK Patel,R Ravindra,1,0,,,,,,"",""
ball,1,23.6,Northern Districts,SK Patel,SS Varcoe,R Ravindra,0,0,,,,,,"",""
ball,1,24.1,Northern Districts,SS Varcoe,SK Patel,JW Hartshorn,0,0,,,,,,"",""
ball,1,24.2,Northern Districts,SS Varcoe,SK Patel,JW Hartshorn,0,0,,,,,,"",""
ball,1,24.3,Northern Districts,SS Varcoe,SK Patel,JW Hartshorn,0,0,,,,,,"",""
ball,1,24.4,Northern Districts,SS Varcoe,SK Patel,JW Hartshorn,0,0,,,,,,"",""
ball,1,24.5,Northern Districts,SS Varcoe,SK Patel,JW Hartshorn,0,0,,,,,,"",""
ball,1,24.6,Northern Districts,SS Varcoe,SK Patel,JW Hartshorn,0,0,,,,,,caught,SS Varcoe
ball,1,25.1,Northern Districts,SK Patel,CJ Swanson,R Ravindra,0,0,,,,,,"",""
ball,1,25.2,Northern Districts,SK Patel,CJ Swanson,R Ravindra,1,0,,,,,,"",""
ball,1,25.3,Northern Districts,CJ Swanson,SK Patel,R Ravindra,0,0,,,,,,"",""
ball,1,25.4,Northern Districts,CJ Swanson,SK Patel,R Ravindra,4,0,,,,,,"",""
ball,1,25.5,Northern Districts,CJ Swanson,SK Patel,R Ravindra,0,0,,,,,,"",""
ball,1,25.6,Northern Districts,CJ Swanson,SK Patel,R Ravindra,4,0,,,,,,"",""
ball,1,26.1,Northern Districts,SK Patel,CJ Swanson,IG McPeake,0,0,,,,,,"",""
ball,1,26.2,Northern Districts,SK Patel,CJ Swanson,IG McPeake,4,0,,,,,,"",""
ball,1,26.3,Northern Districts,SK Patel,CJ Swanson,IG McPeake,1,0,,,,,,"",""
ball,1,26.4,Northern Districts,CJ Swanson,SK Patel,IG McPeake,0,0,,,,,,"",""
ball,1,26.5,Northern Districts,CJ Swanson,SK Patel,IG McPeake,0,0,,,,,,"",""
ball,1,26.6,Northern Districts,CJ Swanson,SK Patel,IG McPeake,0,0,,,,,,"",""
ball,1,27.1,Northern Districts,SK Patel,CJ Swanson,R Ravindra,0,0,,,,,,"",""
ball,1,27.2,Northern Districts,SK Patel,CJ Swanson,R Ravindra,0,0,,,,,,"",""
ball,1,27.3,Northern Districts,SK Patel,CJ Swanson,R Ravindra,1,0,,,,,,"",""
ball,1,27.4,Northern Districts,CJ Swanson,SK Patel,R Ravindra,2,0,,,,,,"",""
ball,1,27.5,Northern Districts,CJ Swanson,SK Patel,R Ravindra,0,0,,,,,,"",""
ball,1,27.6,Northern Districts,CJ Swanson,SK Patel,R Ravindra,0,0,,,,,,"",""
ball,1,28.1,Northern Districts,SK Patel,CJ Swanson,IG McPeake,0,0,,,,,,"",""
ball,1,28.2,Northern Districts,SK Patel,CJ Swanson,IG McPeake,0,0,,,,,,"",""
ball,1,28.3,Northern Districts,SK Patel,CJ Swanson,IG McPeake,0,0,,,,,,"",""
ball,1,28.4,Northern Districts,SK Patel,CJ Swanson,IG McPeake,0,0,,,,,,"",""
ball,1,28.5,Northern Districts,SK Patel,CJ Swanson,IG McPeake,0,0,,,,,,"",""
ball,1,28.6,Northern Districts,SK Patel,CJ Swanson,IG McPeake,0,0,,,,,,"",""
ball,1,29.1,Northern Districts,CJ Swanson,SK Patel,KJ McComb,0,0,,,,,,"",""
ball,1,29.2,Northern Districts,CJ Swanson,SK Patel,KJ McComb,1,0,,,,,,"",""
ball,1,29.3,Northern Districts,SK Patel,CJ Swanson,KJ McComb,0,0,,,,,,"",""
ball,1,29.4,Northern Districts,SK Patel,CJ Swanson,KJ McComb,1,0,,,,,,"",""
ball,1,29.5,Northern Districts,CJ Swanson,SK Patel,KJ McComb,0,0,,,,,,"",""
ball,1,29.6,Northern Districts,CJ Swanson,SK Patel,KJ McComb,0,0,,,,,,"",""
ball,1,30.1,Northern Districts,SK Patel,CJ Swanson,IG McPeake,3,0,,,,,,"",""
ball,1,30.2,Northern Districts,CJ Swanson,SK Patel,IG McPeake,0,0,,,,,,"",""
ball,1,30.3,Northern Districts,CJ Swanson,SK Patel,IG McPeake,0,0,,,,,,"",""
ball,1,30.4,Northern Districts,CJ Swanson,SK Patel,IG McPeake,0,0,,,,,,"",""
ball,1,30.5,Northern Districts,CJ Swanson,SK Patel,IG McPeake,0,0,,,,,,"",""
ball,1,30.6,Northern Districts,CJ Swanson,SK Patel,IG McPeake,0,0,,,,,,"",""
ball,1,31.1,Northern Districts,SK Patel,CJ Swanson,KJ McComb,0,0,,,,,,"",""
ball,1,31.2,Northern Districts,SK Patel,CJ Swanson,KJ McComb,0,0,,,,,,"",""
ball,1,31.3,Northern Districts,SK Patel,CJ Swanson,KJ McComb,0,0,,,,,,"",""
ball,1,31.4,Northern Districts,SK Patel,CJ Swanson,KJ McComb,0,0,,,,,,"",""
ball,1,31.5,Northern Districts,SK Patel,CJ Swanson,KJ McComb,0,0,,,,,,"",""
ball,1,31.6,Northern Districts,SK Patel,CJ Swanson,KJ McComb,0,0,,,,,,"",""
ball,1,32.1,Northern Districts,CJ Swanson,SK Patel,PF Younghusband,0,0,,,,,,"",""
ball,1,32.2,Northern Districts,CJ Swanson,SK Patel,PF Younghusband,0,0,,,,,,"",""
ball,1,32.3,Northern Districts,CJ Swanson,SK Patel,PF Younghusband,0,0,,,,,,"",""
ball,1,32.4,Northern Districts,CJ Swanson,SK Patel,PF Younghusband,0,0,,,,,,"",""
ball,1,32.5,Northern Districts,CJ Swanson,SK Patel,PF Younghusband,0,0,,,,,,"",""
ball,1,32.6,Northern Districts,CJ Swanson,SK Patel,PF Younghusband,0,0,,,,,,"",""
ball,1,33.1,Northern Districts,SK Patel,CJ Swanson,KJ McComb,0,0,,,,,,"",""
ball,1,33.2,Northern Districts,SK Patel,CJ Swanson,KJ McComb,0,0,,,,,,"",""
ball,1,33.3,Northern Districts,SK Patel,CJ Swanson,KJ McComb,0,0,,,,,,"",""
ball,1,33.4,Northern Districts,SK Patel,CJ Swanson,KJ McComb,0,0,,,,,,"",""
ball,1,33.5,Northern Districts,SK Patel,CJ Swanson,KJ McComb,0,0,,,,,,"",""
ball,1,33.6,Northern Districts,SK Patel,CJ Swanson,KJ McComb,0,0,,,,,,"",""
ball,1,34.1,Northern Districts,CJ Swanson,SK Patel,PF Younghusband,0,0,,,,,,"",""
ball,1,34.2,Northern Districts,CJ Swanson,SK Patel,PF Younghusband,0,0,,,,,,"",""
ball,1,34.3,Northern Districts,CJ Swanson,SK Patel,PF Younghusband,0,0,,,,,,"",""
ball,1,34.4,Northern Districts,CJ Swanson,SK Patel,PF Younghusband,0,0,,,,,,"",""
ball,1,34.5,Northern Districts,CJ Swanson,SK Patel,PF Younghusband,0,0,,,,,,"",""
ball,1,34.6,Northern Districts,CJ Swanson,SK Patel,PF Younghusband,0,0,,,,,,"",""
ball,1,35.1,Northern Districts,SK Patel,CJ Swanson,KJ McComb,0,0,,,,,,"",""
ball,1,35.2,Northern Districts,SK Patel,CJ Swanson,KJ McComb,1,0,,,,,,"",""
ball,1,35.3,Northern Districts,CJ Swanson,SK Patel,KJ McComb,0,0,,,,,,"",""
ball,1,35.4,Northern Districts,CJ Swanson,SK Patel,KJ McComb,0,0,,,,,,"",""
ball,1,35.5,Northern Districts,CJ Swanson,SK Patel,KJ McComb,0,0,,,,,,"",""
ball,1,35.6,Northern Districts,CJ Swanson,SK Patel,KJ McComb,0,0,,,,,,"",""
ball,1,36.1,Northern Districts,SK Patel,CJ Swanson,NG Smith,1,0,,,,,,"",""
ball,1,36.2,Northern Districts,CJ Swanson,SK Patel,NG Smith,0,0,,,,,,"",""
ball,1,36.3,Northern Districts,CJ Swanson,SK Patel,NG Smith,0,0,,,,,,"",""
ball,1,36.4,Northern Districts,CJ Swanson,SK Patel,NG Smith,0,0,,,,,,"",""
ball,1,36.5,Northern Districts,CJ Swanson,SK Patel,NG Smith,0,0,,,,,,"",""
ball,1,36.6,Northern Districts,CJ Swanson,SK Patel,NG Smith,0,0,,,,,,"",""
ball,1,37.1,Northern Districts,SK Patel,CJ Swanson,KJ McComb,0,0,,,,,,"",""
ball,1,37.2,Northern Districts,SK Patel,CJ Swanson,KJ McComb,1,0,,,,,,"",""
ball,1,37.3,Northern Districts,CJ Swanson,SK Patel,KJ McComb,0,0,,,,,,"",""
ball,1,37.4,Northern Districts,CJ Swanson,SK Patel,KJ McComb,0,0,,,,,,"",""
ball,1,37.5,Northern Districts,CJ Swanson,SK Patel,KJ McComb,0,0,,,,,,"",""
ball,1,37.6,Northern Districts,CJ Swanson,SK Patel,KJ McComb,0,0,,,,,,"",""
ball,1,38.1,Northern Districts,SK Patel,CJ Swanson,NG Smith,0,0,,,,,,"",""
ball,1,38.2,Northern Districts,SK Patel,CJ Swanson,NG Smith,0,0,,,,,,lbw,SK Patel
ball,1,38.3,Northern Districts,RPO Drysdale,CJ Swanson,NG Smith,0,0,,,,,,"",""
ball,1,38.4,Northern Districts,RPO Drysdale,CJ Swanson,NG Smith,0,0,,,,,,"",""
ball,1,38.5,Northern Districts,RPO Drysdale,CJ Swanson,NG Smith,0,0,,,,,,"",""
ball,1,38.6,Northern Districts,RPO Drysdale,CJ Swanson,NG Smith,0,0,,,,,,"",""
ball,1,39.1,Northern Districts,CJ Swanson,RPO Drysdale,KJ McComb,0,0,,,,,,"",""
ball,1,39.2,Northern Districts,CJ Swanson,RPO Drysdale,KJ McComb,0,0,,,,,,"",""
ball,1,39.3,Northern Districts,CJ Swanson,RPO Drysdale,KJ McComb,0,0,,,,,,"",""
ball,1,39.4,Northern Districts,CJ Swanson,RPO Drysdale,KJ McComb,0,0,,,,,,"",""
ball,1,39.5,Northern Districts,CJ Swanson,RPO Drysdale,KJ McComb,0,0,,,,,,"",""
ball,1,39.6,Northern Districts,CJ Swanson,RPO Drysdale,KJ McComb,0,0,,,,,,"",""
ball,1,40.1,Northern Districts,RPO Drysdale,CJ Swanson,NG Smith,0,0,,,,,,"",""
ball,1,40.2,Northern Districts,RPO Drysdale,CJ Swanson,NG Smith,0,0,,,,,,"",""
ball,1,40.3,Northern Districts,RPO Drysdale,CJ Swanson,NG Smith,0,0,,,,,,"",""
ball,1,40.4,Northern Districts,RPO Drysdale,CJ Swanson,NG Smith,0,0,,,,,,"",""
ball,1,40.5,Northern Districts,RPO Drysdale,CJ Swanson,NG Smith,0,0,,,,,,"",""
ball,1,40.6,Northern Districts,RPO Drysdale,CJ Swanson,NG Smith,0,0,,,,,,"",""
ball,1,41.1,Northern Districts,CJ Swanson,RPO Drysdale,KJ McComb,0,0,,,,,,"",""
ball,1,41.2,Northern Districts,CJ Swanson,RPO Drysdale,KJ McComb,0,0,,,,,,"",""
ball,1,41.3,Northern Districts,CJ Swanson,RPO Drysdale,KJ McComb,0,0,,,,,,"",""
ball,1,41.4,Northern Districts,CJ Swanson,RPO Drysdale,KJ McComb,0,0,,,,,,"",""
ball,1,41.5,Northern Districts,CJ Swanson,RPO Drysdale,KJ McComb,0,0,,,,,,"",""
ball,1,41.6,Northern Districts,CJ Swanson,RPO Drysdale,KJ McComb,0,0,,,,,,"",""
ball,1,42.1,Northern Districts,RPO Drysdale,CJ Swanson,NG Smith,0,0,,,,,,"",""
ball,1,42.2,Northern Districts,RPO Drysdale,CJ Swanson,NG Smith,0,0,,,,,,"",""
ball,1,42.3,Northern Districts,RPO Drysdale,CJ Swanson,NG Smith,0,0,,,,,,"",""
ball,1,42.4,Northern Districts,RPO Drysdale,CJ Swanson,NG Smith,2,0,,,,,,"",""
ball,1,42.5,Northern Districts,RPO Drysdale,CJ Swanson,NG Smith,0,0,,,,,,"",""
ball,1,42.6,Northern Districts,RPO Drysdale,CJ Swanson,NG Smith,0,0,,,,,,"",""
ball,1,43.1,Northern Districts,CJ Swanson,RPO Drysdale,KJ McComb,0,0,,,,,,"",""
ball,1,43.2,Northern Districts,CJ Swanson,RPO Drysdale,KJ McComb,4,0,,,,,,"",""
ball,1,43.3,Northern Districts,CJ Swanson,RPO Drysdale,KJ McComb,0,0,,,,,,"",""
ball,1,43.4,Northern Districts,CJ Swanson,RPO Drysdale,KJ McComb,0,0,,,,,,"",""
ball,1,43.5,Northern Districts,CJ Swanson,RPO Drysdale,KJ McComb,0,0,,,,,,"",""
ball,1,43.6,Northern Districts,CJ Swanson,RPO Drysdale,KJ McComb,0,0,,,,,,"",""
ball,1,44.1,Northern Districts,RPO Drysdale,CJ Swanson,NG Smith,0,0,,,,,,"",""
ball,1,44.2,Northern Districts,RPO Drysdale,CJ Swanson,NG Smith,0,0,,,,,,"",""
ball,1,44.3,Northern Districts,RPO Drysdale,CJ Swanson,NG Smith,0,0,,,,,,"",""
ball,1,44.4,Northern Districts,RPO Drysdale,CJ Swanson,NG Smith,0,0,,,,,,"",""
ball,1,44.5,Northern Districts,RPO Drysdale,CJ Swanson,NG Smith,0,0,,,,,,"",""
ball,1,44.6,Northern Districts,RPO Drysdale,CJ Swanson,NG Smith,0,0,,,,,,"",""
ball,1,45.1,Northern Districts,CJ Swanson,RPO Drysdale,KJ McComb,0,0,,,,,,"",""
ball,1,45.2,Northern Districts,CJ Swanson,RPO Drysdale,KJ McComb,0,0,,,,,,"",""
ball,1,45.3,Northern Districts,CJ Swanson,RPO Drysdale,KJ McComb,0,0,,,,,,"",""
ball,1,45.4,Northern Districts,CJ Swanson,RPO Drysdale,KJ McComb,0,0,,,,,,"",""
ball,1,45.5,Northern Districts,CJ Swanson,RPO Drysdale,KJ McComb,1,0,,,,,,"",""
ball,1,45.6,Northern Districts,RPO Drysdale,CJ Swanson,KJ McComb,2,0,,,,,,"",""
ball,1,46.1,Northern Districts,CJ Swanson,RPO Drysdale,NG Smith,0,0,,,,,,"",""
ball,1,46.2,Northern Districts,CJ Swanson,RPO Drysdale,NG Smith,0,0,,,,,,"",""
ball,1,46.3,Northern Districts,CJ Swanson,RPO Drysdale,NG Smith,0,0,,,,,,"",""
ball,1,46.4,Northern Districts,CJ Swanson,RPO Drysdale,NG Smith,4,0,,,,,,"",""
ball,1,46.5,Northern Districts,CJ Swanson,RPO Drysdale,NG Smith,0,0,,,,,,"",""
ball,1,46.6,Northern Districts,CJ Swanson,RPO Drysdale,NG Smith,3,0,,,,,,"",""
ball,1,47.1,Northern Districts,CJ Swanson,RPO Drysdale,KJ McComb,0,0,,,,,,"",""
ball,1,47.2,Northern Districts,CJ Swanson,RPO Drysdale,KJ McComb,0,0,,,,,,"",""
ball,1,47.3,Northern Districts,CJ Swanson,RPO Drysdale,KJ McComb,1,0,,,,,,"",""
ball,1,47.4,Northern Districts,RPO Drysdale,CJ Swanson,KJ McComb,0,0,,,,,,"",""
ball,1,47.5,Northern Districts,RPO Drysdale,CJ Swanson,KJ McComb,0,0,,,,,,"",""
ball,1,47.6,Northern Districts,RPO Drysdale,CJ Swanson,KJ McComb,1,0,,,,,,"",""
ball,1,48.1,Northern Districts,RPO Drysdale,CJ Swanson,NG Smith,0,0,,,,,,"",""
ball,1,48.2,Northern Districts,RPO Drysdale,CJ Swanson,NG Smith,0,1,,1,,,,"",""
ball,1,48.3,Northern Districts,RPO Drysdale,CJ Swanson,NG Smith,0,0,,,,,,"",""
ball,1,48.4,Northern Districts,RPO Drysdale,CJ Swanson,NG Smith,0,0,,,,,,"",""
ball,1,48.5,Northern Districts,RPO Drysdale,CJ Swanson,NG Smith,0,0,,,,,,lbw,RPO Drysdale
ball,1,48.6,Northern Districts,BJ Pomare,CJ Swanson,NG Smith,0,0,,,,,,"",""
ball,1,48.7,Northern Districts,BJ Pomare,CJ Swanson,NG Smith,0,0,,,,,,"",""
ball,1,49.1,Northern Districts,CJ Swanson,BJ Pomare,KJ McComb,0,0,,,,,,"",""
ball,1,49.2,Northern Districts,CJ Swanson,BJ Pomare,KJ McComb,0,0,,,,,,"",""
ball,1,49.3,Northern Districts,CJ Swanson,BJ Pomare,KJ McComb,0,0,,,,,,"",""
ball,1,49.4,Northern Districts,CJ Swanson,BJ Pomare,KJ McComb,1,0,,,,,,"",""
ball,1,49.5,Northern Districts,BJ Pomare,CJ Swanson,KJ McComb,0,0,,,,,,"",""
ball,1,49.6,Northern Districts,BJ Pomare,CJ Swanson,KJ McComb,0,0,,,,,,"",""
ball,1,50.1,Northern Districts,CJ Swanson,BJ Pomare,NG Smith,0,0,,,,,,"",""
ball,1,50.2,Northern Districts,CJ Swanson,BJ Pomare,NG Smith,0,0,,,,,,"",""
ball,1,50.3,Northern Districts,CJ Swanson,BJ Pomare,NG Smith,0,0,,,,,,"",""
ball,1,50.4,Northern Districts,CJ Swanson,BJ Pomare,NG Smith,0,0,,,,,,"",""
ball,1,50.5,Northern Districts,CJ Swanson,BJ Pomare,NG Smith,0,0,,,,,,"",""
ball,1,50.6,Northern Districts,CJ Swanson,BJ Pomare,NG Smith,0,0,,,,,,"",""
ball,1,51.1,Northern Districts,BJ Pomare,CJ Swanson,PF Younghusband,0,0,,,,,,"",""
ball,1,51.2,Northern Districts,BJ Pomare,CJ Swanson,PF Younghusband,0,0,,,,,,"",""
ball,1,51.3,Northern Districts,BJ Pomare,CJ Swanson,PF Younghusband,0,0,,,,,,"",""
ball,1,51.4,Northern Districts,BJ Pomare,CJ Swanson,PF Younghusband,0,0,,,,,,"",""
ball,1,51.5,Northern Districts,BJ Pomare,CJ Swanson,PF Younghusband,0,0,,,,,,"",""
ball,1,51.6,Northern Districts,BJ Pomare,CJ Swanson,PF Younghusband,0,0,,,,,,lbw,BJ Pomare
ball,1,52.1,Northern Districts,CJ Swanson,KDC Clarke,JW Hartshorn,0,0,,,,,,"",""
ball,1,52.2,Northern Districts,CJ Swanson,KDC Clarke,JW Hartshorn,3,0,,,,,,"",""
ball,1,52.3,Northern Districts,KDC Clarke,CJ Swanson,JW Hartshorn,0,1,,,,1,,"",""
ball,1,52.4,Northern Districts,CJ Swanson,KDC Clarke,JW Hartshorn,0,0,,,,,,"",""
ball,1,52.5,Northern Districts,CJ Swanson,KDC Clarke,JW Hartshorn,4,0,,,,,,"",""
ball,1,52.6,Northern Districts,CJ Swanson,KDC Clarke,JW Hartshorn,0,0,,,,,,"",""
ball,1,53.1,Northern Districts,KDC Clarke,CJ Swanson,PF Younghusband,0,0,,,,,,"",""
ball,1,53.2,Northern Districts,KDC Clarke,CJ Swanson,PF Younghusband,0,0,,,,,,"",""
ball,1,53.3,Northern Districts,KDC Clarke,CJ Swanson,PF Younghusband,1,0,,,,,,"",""
ball,1,53.4,Northern Districts,CJ Swanson,KDC Clarke,PF Younghusband,0,0,,,,,,"",""
ball,1,53.5,Northern Districts,CJ Swanson,KDC Clarke,PF Younghusband,0,0,,,,,,"",""
ball,1,53.6,Northern Districts,CJ Swanson,KDC Clarke,PF Younghusband,1,0,,,,,,"",""
ball,1,54.1,Northern Districts,CJ Swanson,KDC Clarke,JW Hartshorn,0,0,,,,,,"",""
ball,1,54.2,Northern Districts,CJ Swanson,KDC Clarke,JW Hartshorn,3,0,,,,,,"",""
ball,1,54.3,Northern Districts,KDC Clarke,CJ Swanson,JW Hartshorn,0,0,,,,,,"",""
ball,1,54.4,Northern Districts,KDC Clarke,CJ Swanson,JW Hartshorn,0,0,,,,,,"",""
ball,1,54.5,Northern Districts,KDC Clarke,CJ Swanson,JW Hartshorn,0,0,,,,,,"",""
ball,1,54.6,Northern Districts,KDC Clarke,CJ Swanson,JW Hartshorn,0,0,,,,,,"",""
ball,1,55.1,Northern Districts,CJ Swanson,KDC Clarke,PF Younghusband,0,0,,,,,,"",""
ball,1,55.2,Northern Districts,CJ Swanson,KDC Clarke,PF Younghusband,0,0,,,,,,"",""
ball,1,55.3,Northern Districts,CJ Swanson,KDC Clarke,PF Younghusband,0,0,,,,,,"",""
ball,1,55.4,Northern Districts,CJ Swanson,KDC Clarke,PF Younghusband,0,0,,,,,,"",""
ball,1,55.5,Northern Districts,CJ Swanson,KDC Clarke,PF Younghusband,0,0,,,,,,"",""
ball,1,55.6,Northern Districts,CJ Swanson,KDC Clarke,PF Younghusband,1,0,,,,,,"",""
ball,1,56.1,Northern Districts,CJ Swanson,KDC Clarke,JW Hartshorn,0,0,,,,,,"",""
ball,1,56.2,Northern Districts,CJ Swanson,KDC Clarke,JW Hartshorn,0,0,,,,,,"",""
ball,1,56.3,Northern Districts,CJ Swanson,KDC Clarke,JW Hartshorn,0,0,,,,,,"",""
ball,1,56.4,Northern Districts,CJ Swanson,KDC Clarke,JW Hartshorn,0,1,,1,,,,"",""
ball,1,56.5,Northern Districts,CJ Swanson,KDC Clarke,JW Hartshorn,0,0,,,,,,"",""
ball,1,56.6,Northern Districts,CJ Swanson,KDC Clarke,JW Hartshorn,0,0,,,,,,"",""
ball,1,56.7,Northern Districts,CJ Swanson,KDC Clarke,JW Hartshorn,4,0,,,,,,"",""
ball,1,57.1,Northern Districts,KDC Clarke,CJ Swanson,PF Younghusband,3,0,,,,,,"",""
ball,1,57.2,Northern Districts,CJ Swanson,KDC Clarke,PF Younghusband,0,0,,,,,,"",""
ball,1,57.3,Northern Districts,CJ Swanson,KDC Clarke,PF Younghusband,0,0,,,,,,"",""
ball,1,57.4,Northern Districts,CJ Swanson,KDC Clarke,PF Younghusband,0,0,,,,,,"",""
ball,1,57.5,Northern Districts,CJ Swanson,KDC Clarke,PF Younghusband,1,0,,,,,,"",""
ball,1,57.6,Northern Districts,KDC Clarke,CJ Swanson,PF Younghusband,0,0,,,,,,"",""
ball,1,58.1,Northern Districts,CJ Swanson,KDC Clarke,JW Hartshorn,0,0,,,,,,"",""
ball,1,58.2,Northern Districts,CJ Swanson,KDC Clarke,JW Hartshorn,0,0,,,,,,"",""
ball,1,58.3,Northern Districts,CJ Swanson,KDC Clarke,JW Hartshorn,3,0,,,,,,"",""
ball,1,58.4,Northern Districts,KDC Clarke,CJ Swanson,JW Hartshorn,0,0,,,,,,"",""
ball,1,58.5,Northern Districts,KDC Clarke,CJ Swanson,JW Hartshorn,0,0,,,,,,"",""
ball,1,58.6,Northern Districts,KDC Clarke,CJ Swanson,JW Hartshorn,0,1,,1,,,,"",""
ball,1,58.7,Northern Districts,KDC Clarke,CJ Swanson,JW Hartshorn,2,0,,,,,,"",""
ball,1,59.1,Northern Districts,CJ Swanson,KDC Clarke,IG McPeake,0,0,,,,,,"",""
ball,1,59.2,Northern Districts,CJ Swanson,KDC Clarke,IG McPeake,0,0,,,,,,"",""
ball,1,59.3,Northern Districts,CJ Swanson,KDC Clarke,IG McPeake,0,0,,,,,,"",""
ball,1,59.4,Northern Districts,CJ Swanson,KDC Clarke,IG McPeake,0,0,,,,,,caught,CJ Swanson
ball,1,59.5,Northern Districts,IS Sodhi,KDC Clarke,IG McPeake,0,0,,,,,,"",""
ball,1,59.6,Northern Districts,IS Sodhi,KDC Clarke,IG McPeake,1,0,,,,,,"",""
ball,1,60.1,Northern Districts,IS Sodhi,KDC Clarke,PF Younghusband,0,0,,,,,,"",""
ball,1,60.2,Northern Districts,IS Sodhi,KDC Clarke,PF Younghusband,0,0,,,,,,"",""
ball,1,60.3,Northern Districts,IS Sodhi,KDC Clarke,PF Younghusband,0,0,,,,,,"",""
ball,1,60.4,Northern Districts,IS Sodhi,KDC Clarke,PF Younghusband,0,0,,,,,,"",""
ball,1,60.5,Northern Districts,IS Sodhi,KDC Clarke,PF Younghusband,1,0,,,,,,"",""
ball,1,60.6,Northern Districts,KDC Clarke,IS Sodhi,PF Younghusband,0,0,,,,,,"",""
ball,1,61.1,Northern Districts,IS Sodhi,KDC Clarke,IG McPeake,4,0,,,,,,"",""
ball,1,61.2,Northern Districts,IS Sodhi,KDC Clarke,IG McPeake,0,0,,,,,,"",""
ball,1,61.3,Northern Districts,IS Sodhi,KDC Clarke,IG McPeake,0,0,,,,,,"",""
ball,1,61.4,Northern Districts,IS Sodhi,KDC Clarke,IG McPeake,0,0,,,,,,caught,IS Sodhi
ball,1,61.5,Northern Districts,JH Brown,KDC Clarke,IG McPeake,0,0,,,,,,"",""
ball,1,61.6,Northern Districts,JH Brown,KDC Clarke,IG McPeake,0,0,,,,,,"",""
ball,1,62.1,Northern Districts,KDC Clarke,JH Brown,PF Younghusband,0,0,,,,,,"",""
ball,1,62.2,Northern Districts,KDC Clarke,JH Brown,PF Younghusband,0,0,,,,,,"",""
ball,1,62.3,Northern Districts,KDC Clarke,JH Brown,PF Younghusband,0,0,,,,,,"",""
ball,1,62.4,Northern Districts,KDC Clarke,JH Brown,PF Younghusband,0,0,,,,,,"",""
ball,1,62.5,Northern Districts,KDC Clarke,JH Brown,PF Younghusband,0,0,,,,,,"",""
ball,1,62.6,Northern Districts,KDC Clarke,JH Brown,PF Younghusband,1,0,,,,,,"",""
ball,1,63.1,Northern Districts,KDC Clarke,JH Brown,NG Smith,0,0,,,,,,"",""
ball,1,63.2,Northern Districts,KDC Clarke,JH Brown,NG Smith,0,0,,,,,,"",""
ball,1,63.3,Northern Districts,KDC Clarke,JH Brown,NG Smith,0,0,,,,,,"",""
ball,1,63.4,Northern Districts,KDC Clarke,JH Brown,NG Smith,2,0,,,,,,"",""
ball,1,63.5,Northern Districts,KDC Clarke,JH Brown,NG Smith,0,0,,,,,,"",""
ball,1,63.6,Northern Districts,KDC Clarke,JH Brown,NG Smith,0,0,,,,,,"",""
ball,1,64.1,Northern Districts,JH Brown,KDC Clarke,IG McPeake,2,0,,,,,,"",""
ball,1,64.2,Northern Districts,JH Brown,KDC Clarke,IG McPeake,0,0,,,,,,"",""
ball,1,64.3,Northern Districts,JH Brown,KDC Clarke,IG McPeake,3,0,,,,,,"",""
ball,1,64.4,Northern Districts,KDC Clarke,JH Brown,IG McPeake,0,0,,,,,,"",""
ball,1,64.5,Northern Districts,KDC Clarke,JH Brown,IG McPeake,0,0,,,,,,"",""
ball,1,64.6,Northern Districts,KDC Clarke,JH Brown,IG McPeake,0,0,,,,,,caught,KDC Clarke
ball,1,65.1,Northern Districts,SS Johnston,JH Brown,NG Smith,1,0,,,,,,"",""
ball,1,65.2,Northern Districts,JH Brown,SS Johnston,NG Smith,0,0,,,,,,"",""
ball,1,65.3,Northern Districts,JH Brown,SS Johnston,NG Smith,0,0,,,,,,"",""
ball,1,65.4,Northern Districts,JH Brown,SS Johnston,NG Smith,2,0,,,,,,"",""
ball,1,65.5,Northern Districts,JH Brown,SS Johnston,NG Smith,0,0,,,,,,"",""
ball,1,65.6,Northern Districts,JH Brown,SS Johnston,NG Smith,1,0,,,,,,"",""
ball,1,66.1,Northern Districts,JH Brown,SS Johnston,IG McPeake,0,0,,,,,,"",""
ball,1,66.2,Northern Districts,JH Brown,SS Johnston,IG McPeake,0,0,,,,,,"",""
ball,1,66.3,Northern Districts,JH Brown,SS Johnston,IG McPeake,0,0,,,,,,"",""
ball,1,66.4,Northern Districts,JH Brown,SS Johnston,IG McPeake,0,0,,,,,,caught,JH Brown
ball,1,66.5,Northern Districts,MJ Fisher,SS Johnston,IG McPeake,0,0,,,,,,"",""
ball,1,66.6,Northern Districts,MJ Fisher,SS Johnston,IG McPeake,0,0,,,,,,"",""
ball,1,67.1,Northern Districts,SS Johnston,MJ Fisher,NG Smith,0,0,,,,,,"",""
ball,1,67.2,Northern Districts,SS Johnston,MJ Fisher,NG Smith,0,0,,,,,,"",""
ball,1,67.3,Northern Districts,SS Johnston,MJ Fisher,NG Smith,0,0,,,,,,"",""
ball,1,67.4,Northern Districts,SS Johnston,MJ Fisher,NG Smith,0,0,,,,,,"",""
ball,1,67.5,Northern Districts,SS Johnston,MJ Fisher,NG Smith,0,0,,,,,,"",""
ball,1,67.6,Northern Districts,SS Johnston,MJ Fisher,NG Smith,0,0,,,,,,"",""
ball,1,68.1,Northern Districts,MJ Fisher,SS Johnston,IG McPeake,0,0,,,,,,"",""
ball,1,68.2,Northern Districts,MJ Fisher,SS Johnston,IG McPeake,0,0,,,,,,"",""
ball,1,68.3,Northern Districts,MJ Fisher,SS Johnston,IG McPeake,0,0,,,,,,"",""
ball,1,68.4,Northern Districts,MJ Fisher,SS Johnston,IG McPeake,0,0,,,,,,"",""
ball,1,68.5,Northern Districts,MJ Fisher,SS Johnston,IG McPeake,0,0,,,,,,"",""
ball,1,68.6,Northern Districts,MJ Fisher,SS Johnston,IG McPeake,2,0,,,,,,"",""
ball,1,69.1,Northern Districts,SS Johnston,MJ Fisher,NG Smith,0,0,,,,,,"",""
ball,1,69.2,Northern Districts,SS Johnston,MJ Fisher,NG Smith,0,0,,,,,,"",""
ball,1,69.3,Northern Districts,SS Johnston,MJ Fisher,NG Smith,0,0,,,,,,"",""
ball,1,69.4,Northern Districts,SS Johnston,MJ Fisher,NG Smith,0,0,,,,,,"",""
ball,1,69.5,Northern Districts,SS Johnston,MJ Fisher,NG Smith,0,0,,,,,,"",""
ball,1,69.6,Northern Districts,SS Johnston,MJ Fisher,NG Smith,0,4,,,4,,,"",""
ball,1,70.1,Northern Districts,MJ Fisher,SS Johnston,IG McPeake,0,0,,,,,,"",""
ball,1,70.2,Northern Districts,MJ Fisher,SS Johnston,IG McPeake,0,0,,,,,,"",""
ball,1,70.3,Northern Districts,MJ Fisher,SS Johnston,IG McPeake,0,0,,,,,,"",""
ball,1,70.4,Northern Districts,MJ Fisher,SS Johnston,IG McPeake,0,0,,,,,,"",""
ball,1,70.5,Northern Districts,MJ Fisher,SS Johnston,IG McPeake,1,0,,,,,,"",""
ball,1,70.6,Northern Districts,SS Johnston,MJ Fisher,IG McPeake,0,0,,,,,,"",""
ball,1,71.1,Northern Districts,MJ Fisher,SS Johnston,PF Younghusband,0,1,,,1,,,"",""
ball,1,71.2,Northern Districts,SS Johnston,MJ Fisher,PF Younghusband,0,0,,,,,,"",""
ball,1,71.3,Northern Districts,SS Johnston,MJ Fisher,PF Younghusband,0,0,,,,,,"",""
ball,1,71.4,Northern Districts,SS Johnston,MJ Fisher,PF Younghusband,0,0,,,,,,"",""
ball,1,71.5,Northern Districts,SS Johnston,MJ Fisher,PF Younghusband,1,0,,,,,,"",""
ball,1,71.6,Northern Districts,MJ Fisher,SS Johnston,PF Younghusband,2,0,,,,,,"",""
ball,1,72.1,Northern Districts,SS Johnston,MJ Fisher,IG McPeake,0,0,,,,,,"",""
ball,1,72.2,Northern Districts,SS Johnston,MJ Fisher,IG McPeake,1,0,,,,,,"",""
ball,1,72.3,Northern Districts,MJ Fisher,SS Johnston,IG McPeake,0,0,,,,,,"",""
ball,1,72.4,Northern Districts,MJ Fisher,SS Johnston,IG McPeake,0,0,,,,,,"",""
ball,1,72.5,Northern Districts,MJ Fisher,SS Johnston,IG McPeake,0,0,,,,,,"",""
ball,1,72.6,Northern Districts,MJ Fisher,SS Johnston,IG McPeake,0,0,,,,,,"",""
ball,1,73.1,Northern Districts,SS Johnston,MJ Fisher,PF Younghusband,0,0,,,,,,"",""
ball,1,73.2,Northern Districts,SS Johnston,MJ Fisher,PF Younghusband,0,0,,,,,,"",""
ball,1,73.3,Northern Districts,SS Johnston,MJ Fisher,PF Younghusband,0,0,,,,,,"",""
ball,1,73.4,Northern Districts,SS Johnston,MJ Fisher,PF Younghusband,0,0,,,,,,"",""
ball,1,73.5,Northern Districts,SS Johnston,MJ Fisher,PF Younghusband,0,0,,,,,,"",""
ball,1,73.6,Northern Districts,SS Johnston,MJ Fisher,PF Younghusband,0,0,,,,,,"",""
ball,1,74.1,Northern Districts,MJ Fisher,SS Johnston,IG McPeake,0,0,,,,,,"",""
ball,1,74.2,Northern Districts,MJ Fisher,SS Johnston,IG McPeake,0,0,,,,,,"",""
ball,1,74.3,Northern Districts,MJ Fisher,SS Johnston,IG McPeake,0,0,,,,,,"",""
ball,1,74.4,Northern Districts,MJ Fisher,SS Johnston,IG McPeake,0,0,,,,,,"",""
ball,1,74.5,Northern Districts,MJ Fisher,SS Johnston,IG McPeake,0,0,,,,,,"",""
ball,1,74.6,Northern Districts,MJ Fisher,SS Johnston,IG McPeake,0,0,,,,,,"",""
ball,1,75.1,Northern Districts,SS Johnston,MJ Fisher,PF Younghusband,0,0,,,,,,"",""
ball,1,75.2,Northern Districts,SS Johnston,MJ Fisher,PF Younghusband,4,0,,,,,,"",""
ball,1,75.3,Northern Districts,SS Johnston,MJ Fisher,PF Younghusband,1,0,,,,,,"",""
ball,1,75.4,Northern Districts,MJ Fisher,SS Johnston,PF Younghusband,0,0,,,,,,"",""
ball,1,75.5,Northern Districts,MJ Fisher,SS Johnston,PF Younghusband,0,0,,,,,,"",""
ball,1,75.6,Northern Districts,MJ Fisher,SS Johnston,PF Younghusband,1,0,,,,,,"",""
ball,1,76.1,Northern Districts,MJ Fisher,SS Johnston,KJ McComb,0,0,,,,,,"",""
ball,1,76.2,Northern Districts,MJ Fisher,SS Johnston,KJ McComb,0,0,,,,,,"",""
ball,1,76.3,Northern Districts,MJ Fisher,SS Johnston,KJ McComb,0,0,,,,,,"",""
ball,1,76.4,Northern Districts,MJ Fisher,SS Johnston,KJ McComb,0,0,,,,,,"",""
ball,1,76.5,Northern Districts,MJ Fisher,SS Johnston,KJ McComb,0,0,,,,,,"",""
ball,1,76.6,Northern Districts,MJ Fisher,SS Johnston,KJ McComb,2,0,,,,,,"",""
ball,1,77.1,Northern Districts,SS Johnston,MJ Fisher,PF Younghusband,0,0,,,,,,"",""
ball,1,77.2,Northern Districts,SS Johnston,MJ Fisher,PF Younghusband,0,0,,,,,,"",""
ball,1,77.3,Northern Districts,SS Johnston,MJ Fisher,PF Younghusband,2,0,,,,,,"",""
ball,1,77.4,Northern Districts,SS Johnston,MJ Fisher,PF Younghusband,0,0,,,,,,"",""
ball,1,77.5,Northern Districts,SS Johnston,MJ Fisher,PF Younghusband,0,0,,,,,,"",""
ball,1,77.6,Northern Districts,SS Johnston,MJ Fisher,PF Younghusband,0,0,,,,,,"",""
ball,1,78.1,Northern Districts,MJ Fisher,SS Johnston,KJ McComb,0,0,,,,,,"",""
ball,1,78.2,Northern Districts,MJ Fisher,SS Johnston,KJ McComb,0,0,,,,,,"",""
ball,1,78.3,Northern Districts,MJ Fisher,SS Johnston,KJ McComb,0,0,,,,,,"",""
ball,1,78.4,Northern Districts,MJ Fisher,SS Johnston,KJ McComb,0,0,,,,,,"",""
ball,1,78.5,Northern Districts,MJ Fisher,SS Johnston,KJ McComb,0,0,,,,,,"",""
ball,1,78.6,Northern Districts,MJ Fisher,SS Johnston,KJ McComb,0,0,,,,,,"",""
ball,1,79.1,Northern Districts,SS Johnston,MJ Fisher,PF Younghusband,1,0,,,,,,"",""
ball,1,79.2,Northern Districts,MJ Fisher,SS Johnston,PF Younghusband,0,0,,,,,,"",""
ball,1,79.3,Northern Districts,MJ Fisher,SS Johnston,PF Younghusband,0,0,,,,,,"",""
ball,1,79.4,Northern Districts,MJ Fisher,SS Johnston,PF Younghusband,0,0,,,,,,"",""
ball,1,79.5,Northern Districts,MJ Fisher,SS Johnston,PF Younghusband,0,0,,,,,,"",""
ball,1,79.6,Northern Districts,MJ Fisher,SS Johnston,PF Younghusband,0,0,,,,,,"",""
ball,1,80.1,Northern Districts,SS Johnston,MJ Fisher,KJ McComb,0,0,,,,,,"",""
ball,1,80.2,Northern Districts,SS Johnston,MJ Fisher,KJ McComb,0,0,,,,,,"",""
ball,1,80.3,Northern Districts,SS Johnston,MJ Fisher,KJ McComb,0,0,,,,,,"",""
ball,1,80.4,Northern Districts,SS Johnston,MJ Fisher,KJ McComb,0,0,,,,,,"",""
ball,1,80.5,Northern Districts,SS Johnston,MJ Fisher,KJ McComb,0,0,,,,,,"",""
ball,1,80.6,Northern Districts,SS Johnston,MJ Fisher,KJ McComb,0,0,,,,,,"",""
ball,1,81.1,Northern Districts,MJ Fisher,SS Johnston,PF Younghusband,0,0,,,,,,"",""
ball,1,81.2,Northern Districts,MJ Fisher,SS Johnston,PF Younghusband,0,0,,,,,,"",""
ball,1,81.3,Northern Districts,MJ Fisher,SS Johnston,PF Younghusband,0,0,,,,,,"",""
ball,1,81.4,Northern Districts,MJ Fisher,SS Johnston,PF Younghusband,0,0,,,,,,"",""
ball,1,81.5,Northern Districts,MJ Fisher,SS Johnston,PF Younghusband,0,0,,,,,,"",""
ball,1,81.6,Northern Districts,MJ Fisher,SS Johnston,PF Younghusband,0,0,,,,,,"",""
ball,1,82.1,Northern Districts,SS Johnston,MJ Fisher,KJ McComb,0,0,,,,,,"",""
ball,1,82.2,Northern Districts,SS Johnston,MJ Fisher,KJ McComb,2,0,,,,,,"",""
ball,1,82.3,Northern Districts,SS Johnston,MJ Fisher,KJ McComb,0,0,,,,,,"",""
ball,1,82.4,Northern Districts,SS Johnston,MJ Fisher,KJ McComb,0,0,,,,,,"",""
ball,1,82.5,Northern Districts,SS Johnston,MJ Fisher,KJ McComb,0,0,,,,,,"",""
ball,1,82.6,Northern Districts,SS Johnston,MJ Fisher,KJ McComb,0,0,,,,,,"",""
ball,1,83.1,Northern Districts,MJ Fisher,SS Johnston,PF Younghusband,0,0,,,,,,"",""
ball,1,83.2,Northern Districts,MJ Fisher,SS Johnston,PF Younghusband,1,0,,,,,,"",""
ball,1,83.3,Northern Districts,SS Johnston,MJ Fisher,PF Younghusband,0,0,,,,,,"",""
ball,1,83.4,Northern Districts,SS Johnston,MJ Fisher,PF Younghusband,0,0,,,,,,"",""
ball,1,83.5,Northern Districts,SS Johnston,MJ Fisher,PF Younghusband,0,0,,,,,,"",""
ball,1,83.6,Northern Districts,SS Johnston,MJ Fisher,PF Younghusband,0,0,,,,,,"",""
ball,1,84.1,Northern Districts,MJ Fisher,SS Johnston,KJ McComb,0,0,,,,,,"",""
ball,1,84.2,Northern Districts,MJ Fisher,SS Johnston,KJ McComb,2,0,,,,,,"",""
ball,1,84.3,Northern Districts,MJ Fisher,SS Johnston,KJ McComb,0,0,,,,,,"",""
ball,1,84.4,Northern Districts,MJ Fisher,SS Johnston,KJ McComb,0,0,,,,,,"",""
ball,1,84.5,Northern Districts,MJ Fisher,SS Johnston,KJ McComb,0,0,,,,,,"",""
ball,1,84.6,Northern Districts,MJ Fisher,SS Johnston,KJ McComb,2,0,,,,,,"",""
ball,1,85.1,Northern Districts,SS Johnston,MJ Fisher,R Ravindra,0,0,,,,,,"",""
ball,1,85.2,Northern Districts,SS Johnston,MJ Fisher,R Ravindra,1,0,,,,,,"",""
ball,1,85.3,Northern Districts,MJ Fisher,SS Johnston,R Ravindra,0,0,,,,,,"",""
ball,1,85.4,Northern Districts,MJ Fisher,SS Johnston,R Ravindra,1,0,,,,,,"",""
ball,1,85.5,Northern Districts,SS Johnston,MJ Fisher,R Ravindra,4,0,,,,,,"",""
ball,1,85.6,Northern Districts,SS Johnston,MJ Fisher,R Ravindra,0,0,,,,,,"",""
ball,1,86.1,Northern Districts,MJ Fisher,SS Johnston,KJ McComb,0,0,,,,,,"",""
ball,1,86.2,Northern Districts,MJ Fisher,SS Johnston,KJ McComb,0,0,,,,,,"",""
ball,1,86.3,Northern Districts,MJ Fisher,SS Johnston,KJ McComb,0,0,,,,,,"",""
ball,1,86.4,Northern Districts,MJ Fisher,SS Johnston,KJ McComb,0,0,,,,,,"",""
ball,1,86.5,Northern Districts,MJ Fisher,SS Johnston,KJ McComb,0,0,,,,,,"",""
ball,1,86.6,Northern Districts,MJ Fisher,SS Johnston,KJ McComb,0,0,,,,,,"",""
ball,1,87.1,Northern Districts,SS Johnston,MJ Fisher,R Ravindra,1,0,,,,,,"",""
ball,1,87.2,Northern Districts,MJ Fisher,SS Johnston,R Ravindra,4,0,,,,,,"",""
ball,1,87.3,Northern Districts,MJ Fisher,SS Johnston,R Ravindra,4,0,,,,,,"",""
ball,1,87.4,Northern Districts,MJ Fisher,SS Johnston,R Ravindra,2,0,,,,,,"",""
ball,1,87.5,Northern Districts,MJ Fisher,SS Johnston,R Ravindra,0,0,,,,,,"",""
ball,1,87.6,Northern Districts,MJ Fisher,SS Johnston,R Ravindra,4,0,,,,,,"",""
ball,1,88.1,Northern Districts,SS Johnston,MJ Fisher,KJ McComb,0,0,,,,,,"",""
ball,1,88.2,Northern Districts,SS Johnston,MJ Fisher,KJ McComb,0,0,,,,,,"",""
ball,1,88.3,Northern Districts,SS Johnston,MJ Fisher,KJ McComb,0,0,,,,,,"",""
ball,1,88.4,Northern Districts,SS Johnston,MJ Fisher,KJ McComb,0,0,,,,,,"",""
ball,1,88.5,Northern Districts,SS Johnston,MJ Fisher,KJ McComb,1,0,,,,,,"",""
ball,1,88.6,Northern Districts,MJ Fisher,SS Johnston,KJ McComb,0,0,,,,,,"",""
ball,1,89.1,Northern Districts,SS Johnston,MJ Fisher,NG Smith,0,0,,,,,,"",""
ball,1,89.2,Northern Districts,SS Johnston,MJ Fisher,NG Smith,0,0,,,,,,"",""
ball,1,89.3,Northern Districts,SS Johnston,MJ Fisher,NG Smith,2,0,,,,,,"",""
ball,1,89.4,Northern Districts,SS Johnston,MJ Fisher,NG Smith,0,0,,,,,,"",""
ball,1,89.5,Northern Districts,SS Johnston,MJ Fisher,NG Smith,0,0,,,,,,"",""
ball,1,89.6,Northern Districts,SS Johnston,MJ Fisher,NG Smith,2,0,,,,,,"",""
ball,1,90.1,Northern Districts,MJ Fisher,SS Johnston,IG McPeake,0,0,,,,,,"",""
ball,1,90.2,Northern Districts,MJ Fisher,SS Johnston,IG McPeake,0,0,,,,,,"",""
ball,1,90.3,Northern Districts,MJ Fisher,SS Johnston,IG McPeake,0,0,,,,,,"",""
ball,1,90.4,Northern Districts,MJ Fisher,SS Johnston,IG McPeake,0,0,,,,,,"",""
ball,1,90.5,Northern Districts,MJ Fisher,SS Johnston,IG McPeake,0,0,,,,,,"",""
ball,1,90.6,Northern Districts,MJ Fisher,SS Johnston,IG McPeake,0,0,,,,,,"",""
ball,1,91.1,Northern Districts,SS Johnston,MJ Fisher,NG Smith,1,0,,,,,,"",""
ball,1,91.2,Northern Districts,MJ Fisher,SS Johnston,NG Smith,0,0,,,,,,"",""
ball,1,91.3,Northern Districts,MJ Fisher,SS Johnston,NG Smith,0,0,,,,,,"",""
ball,1,91.4,Northern Districts,MJ Fisher,SS Johnston,NG Smith,0,0,,,,,,"",""
ball,1,91.5,Northern Districts,MJ Fisher,SS Johnston,NG Smith,0,0,,,,,,"",""
ball,1,91.6,Northern Districts,MJ Fisher,SS Johnston,NG Smith,0,0,,,,,,"",""
ball,1,92.1,Northern Districts,SS Johnston,MJ Fisher,IG McPeake,0,0,,,,,,"",""
ball,1,92.2,Northern Districts,SS Johnston,MJ Fisher,IG McPeake,0,0,,,,,,"",""
ball,1,92.3,Northern Districts,SS Johnston,MJ Fisher,IG McPeake,0,0,,,,,,caught,SS Johnston
ball,2,0.1,Wellington Firebirds,KLD Vishvaka,R Ravindra,KDC Clarke,0,0,,,,,,"",""
ball,2,0.2,Wellington Firebirds,KLD Vishvaka,R Ravindra,KDC Clarke,0,0,,,,,,"",""
ball,2,0.3,Wellington Firebirds,KLD Vishvaka,R Ravindra,KDC Clarke,0,0,,,,,,"",""
ball,2,0.4,Wellington Firebirds,KLD Vishvaka,R Ravindra,KDC Clarke,0,0,,,,,,"",""
ball,2,0.5,Wellington Firebirds,KLD Vishvaka,R Ravindra,KDC Clarke,0,0,,,,,,"",""
ball,2,0.6,Wellington Firebirds,KLD Vishvaka,R Ravindra,KDC Clarke,3,0,,,,,,"",""
ball,2,1.1,Wellington Firebirds,KLD Vishvaka,R Ravindra,MJ Fisher,1,0,,,,,,"",""
ball,2,1.2,Wellington Firebirds,R Ravindra,KLD Vishvaka,MJ Fisher,0,0,,,,,,"",""
ball,2,1.3,Wellington Firebirds,R Ravindra,KLD Vishvaka,MJ Fisher,0,0,,,,,,"",""
ball,2,1.4,Wellington Firebirds,R Ravindra,KLD Vishvaka,MJ Fisher,2,0,,,,,,"",""
ball,2,1.5,Wellington Firebirds,R Ravindra,KLD Vishvaka,MJ Fisher,2,0,,,,,,"",""
ball,2,1.6,Wellington Firebirds,R Ravindra,KLD Vishvaka,MJ Fisher,1,0,,,,,,"",""
ball,2,2.1,Wellington Firebirds,R Ravindra,KLD Vishvaka,KDC Clarke,0,0,,,,,,"",""
ball,2,2.2,Wellington Firebirds,R Ravindra,KLD Vishvaka,KDC Clarke,0,0,,,,,,"",""
ball,2,2.3,Wellington Firebirds,R Ravindra,KLD Vishvaka,KDC Clarke,0,0,,,,,,"",""
ball,2,2.4,Wellington Firebirds,R Ravindra,KLD Vishvaka,KDC Clarke,4,0,,,,,,"",""
ball,2,2.5,Wellington Firebirds,R Ravindra,KLD Vishvaka,KDC Clarke,4,0,,,,,,"",""
ball,2,2.6,Wellington Firebirds,R Ravindra,KLD Vishvaka,KDC Clarke,0,0,,,,,,"",""
ball,2,3.1,Wellington Firebirds,KLD Vishvaka,R Ravindra,MJ Fisher,0,0,,,,,,"",""
ball,2,3.2,Wellington Firebirds,KLD Vishvaka,R Ravindra,MJ Fisher,2,0,,,,,,"",""
ball,2,3.3,Wellington Firebirds,KLD Vishvaka,R Ravindra,MJ Fisher,0,0,,,,,,"",""
ball,2,3.4,Wellington Firebirds,KLD Vishvaka,R Ravindra,MJ Fisher,1,0,,,,,,"",""
ball,2,3.5,Wellington Firebirds,R Ravindra,KLD Vishvaka,MJ Fisher,0,0,,,,,,"",""
ball,2,3.6,Wellington Firebirds,R Ravindra,KLD Vishvaka,MJ Fisher,0,0,,,,,,"",""
ball,2,4.1,Wellington Firebirds,KLD Vishvaka,R Ravindra,KDC Clarke,0,0,,,,,,"",""
ball,2,4.2,Wellington Firebirds,KLD Vishvaka,R Ravindra,KDC Clarke,4,0,,,,,,"",""
ball,2,4.3,Wellington Firebirds,KLD Vishvaka,R Ravindra,KDC Clarke,2,0,,,,,,"",""
ball,2,4.4,Wellington Firebirds,KLD Vishvaka,R Ravindra,KDC Clarke,1,0,,,,,,"",""
ball,2,4.5,Wellington Firebirds,R Ravindra,KLD Vishvaka,KDC Clarke,2,0,,,,,,"",""
ball,2,4.6,Wellington Firebirds,R Ravindra,KLD Vishvaka,KDC Clarke,0,0,,,,,,"",""
ball,2,5.1,Wellington Firebirds,KLD Vishvaka,R Ravindra,MJ Fisher,0,0,,,,,,"",""
ball,2,5.2,Wellington Firebirds,KLD Vishvaka,R Ravindra,MJ Fisher,0,0,,,,,,"",""
ball,2,5.3,Wellington Firebirds,KLD Vishvaka,R Ravindra,MJ Fisher,0,0,,,,,,"",""
ball,2,5.4,Wellington Firebirds,KLD Vishvaka,R Ravindra,MJ Fisher,0,2,,,2,,,"",""
ball,2,5.5,Wellington Firebirds,KLD Vishvaka,R Ravindra,MJ Fisher,0,0,,,,,,"",""
ball,2,5.6,Wellington Firebirds,KLD Vishvaka,R Ravindra,MJ Fisher,0,0,,,,,,"",""
ball,2,6.1,Wellington Firebirds,R Ravindra,KLD Vishvaka,KDC Clarke,0,0,,,,,,"",""
ball,2,6.2,Wellington Firebirds,R Ravindra,KLD Vishvaka,KDC Clarke,2,0,,,,,,"",""
ball,2,6.3,Wellington Firebirds,R Ravindra,KLD Vishvaka,KDC Clarke,0,0,,,,,,"",""
ball,2,6.4,Wellington Firebirds,R Ravindra,KLD Vishvaka,KDC Clarke,0,0,,,,,,"",""
ball,2,6.5,Wellington Firebirds,R Ravindra,KLD Vishvaka,KDC Clarke,2,0,,,,,,"",""
ball,2,6.6,Wellington Firebirds,R Ravindra,KLD Vishvaka,KDC Clarke,0,0,,,,,,"",""
ball,2,7.1,Wellington Firebirds,KLD Vishvaka,R Ravindra,MJ Fisher,4,0,,,,,,"",""
ball,2,7.2,Wellington Firebirds,KLD Vishvaka,R Ravindra,MJ Fisher,0,0,,,,,,"",""
ball,2,7.3,Wellington Firebirds,KLD Vishvaka,R Ravindra,MJ Fisher,1,0,,,,,,"",""
ball,2,7.4,Wellington Firebirds,R Ravindra,KLD Vishvaka,MJ Fisher,0,0,,,,,,"",""
ball,2,7.5,Wellington Firebirds,R Ravindra,KLD Vishvaka,MJ Fisher,1,0,,,,,,"",""
ball,2,7.6,Wellington Firebirds,KLD Vishvaka,R Ravindra,MJ Fisher,0,0,,,,,,"",""
ball,2,8.1,Wellington Firebirds,R Ravindra,KLD Vishvaka,KDC Clarke,4,0,,,,,,"",""
ball,2,8.2,Wellington Firebirds,R Ravindra,KLD Vishvaka,KDC Clarke,0,0,,,,,,"",""
ball,2,8.3,Wellington Firebirds,R Ravindra,KLD Vishvaka,KDC Clarke,0,0,,,,,,"",""
ball,2,8.4,Wellington Firebirds,R Ravindra,KLD Vishvaka,KDC Clarke,2,0,,,,,,"",""
ball,2,8.5,Wellington Firebirds,R Ravindra,KLD Vishvaka,KDC Clarke,0,0,,,,,,"",""
ball,2,8.6,Wellington Firebirds,R Ravindra,KLD Vishvaka,KDC Clarke,0,0,,,,,,"",""
ball,2,9.1,Wellington Firebirds,KLD Vishvaka,R Ravindra,MJ Fisher,4,0,,,,,,"",""
ball,2,9.2,Wellington Firebirds,KLD Vishvaka,R Ravindra,MJ Fisher,0,0,,,,,,"",""
ball,2,9.3,Wellington Firebirds,KLD Vishvaka,R Ravindra,MJ Fisher,4,0,,,,,,"",""
ball,2,9.4,Wellington Firebirds,KLD Vishvaka,R Ravindra,MJ Fisher,0,1,1,,,,,"",""
ball,2,9.5,Wellington Firebirds,KLD Vishvaka,R Ravindra,MJ Fisher,3,0,,,,,,"",""
ball,2,9.6,Wellington Firebirds,R Ravindra,KLD Vishvaka,MJ Fisher,0,0,,,,,,"",""
ball,2,9.7,Wellington Firebirds,R Ravindra,KLD Vishvaka,MJ Fisher,2,0,,,,,,"",""
ball,2,10.1,Wellington Firebirds,KLD Vishvaka,R Ravindra,KDC Clarke,0,0,,,,,,"",""
ball,2,10.2,Wellington Firebirds,KLD Vishvaka,R Ravindra,KDC Clarke,0,0,,,,,,"",""
ball,2,10.3,Wellington Firebirds,KLD Vishvaka,R Ravindra,KDC Clarke,0,0,,,,,,"",""
ball,2,10.4,Wellington Firebirds,KLD Vishvaka,R Ravindra,KDC Clarke,0,0,,,,,,"",""
ball,2,10.5,Wellington Firebirds,KLD Vishvaka,R Ravindra,KDC Clarke,0,0,,,,,,"",""
ball,2,10.6,Wellington Firebirds,KLD Vishvaka,R Ravindra,KDC Clarke,0,0,,,,,,"",""
ball,2,11.1,Wellington Firebirds,R Ravindra,KLD Vishvaka,SS Johnston,0,0,,,,,,"",""
ball,2,11.2,Wellington Firebirds,R Ravindra,KLD Vishvaka,SS Johnston,0,0,,,,,,"",""
ball,2,11.3,Wellington Firebirds,R Ravindra,KLD Vishvaka,SS Johnston,0,0,,,,,,"",""
ball,2,11.4,Wellington Firebirds,R Ravindra,KLD Vishvaka,SS Johnston,0,0,,,,,,"",""
ball,2,11.5,Wellington Firebirds,R Ravindra,KLD Vishvaka,SS Johnston,2,0,,,,,,"",""
ball,2,11.6,Wellington Firebirds,R Ravindra,KLD Vishvaka,SS Johnston,0,0,,,,,,"",""
ball,2,12.1,Wellington Firebirds,KLD Vishvaka,R Ravindra,JH Brown,0,0,,,,,,"",""
ball,2,12.2,Wellington Firebirds,KLD Vishvaka,R Ravindra,JH Brown,0,1,,1,,,,"",""
ball,2,12.3,Wellington Firebirds,KLD Vishvaka,R Ravindra,JH Brown,0,0,,,,,,"",""
ball,2,12.4,Wellington Firebirds,KLD Vishvaka,R Ravindra,JH Brown,0,0,,,,,,"",""
ball,2,12.5,Wellington Firebirds,KLD Vishvaka,R Ravindra,JH Brown,0,0,,,,,,"",""
ball,2,12.6,Wellington Firebirds,KLD Vishvaka,R Ravindra,JH Brown,0,0,,,,,,"",""
ball,2,12.7,Wellington Firebirds,KLD Vishvaka,R Ravindra,JH Brown,0,0,,,,,,"",""
ball,2,13.1,Wellington Firebirds,R Ravindra,KLD Vishvaka,SS Johnston,0,0,,,,,,"",""
ball,2,13.2,Wellington Firebirds,R Ravindra,KLD Vishvaka,SS Johnston,0,0,,,,,,"",""
ball,2,13.3,Wellington Firebirds,R Ravindra,KLD Vishvaka,SS Johnston,0,0,,,,,,"",""
ball,2,13.4,Wellington Firebirds,R Ravindra,KLD Vishvaka,SS Johnston,0,0,,,,,,"",""
ball,2,13.5,Wellington Firebirds,R Ravindra,KLD Vishvaka,SS Johnston,0,0,,,,,,"",""
ball,2,13.6,Wellington Firebirds,R Ravindra,KLD Vishvaka,SS Johnston,0,0,,,,,,"",""
ball,2,14.1,Wellington Firebirds,KLD Vishvaka,R Ravindra,JH Brown,0,0,,,,,,"",""
ball,2,14.2,Wellington Firebirds,KLD Vishvaka,R Ravindra,JH Brown,0,0,,,,,,"",""
ball,2,14.3,Wellington Firebirds,KLD Vishvaka,R Ravindra,JH Brown,0,0,,,,,,"",""
ball,2,14.4,Wellington Firebirds,KLD Vishvaka,R Ravindra,JH Brown,0,0,,,,,,"",""
ball,2,14.5,Wellington Firebirds,KLD Vishvaka,R Ravindra,JH Brown,1,0,,,,,,"",""
ball,2,14.6,Wellington Firebirds,R Ravindra,KLD Vishvaka,JH Brown,0,0,,,,,,"",""
ball,2,15.1,Wellington Firebirds,KLD Vishvaka,R Ravindra,SS Johnston,3,0,,,,,,"",""
ball,2,15.2,Wellington Firebirds,R Ravindra,KLD Vishvaka,SS Johnston,0,0,,,,,,"",""
ball,2,15.3,Wellington Firebirds,R Ravindra,KLD Vishvaka,SS Johnston,0,0,,,,,,"",""
ball,2,15.4,Wellington Firebirds,R Ravindra,KLD Vishvaka,SS Johnston,0,0,,,,,,"",""
ball,2,15.5,Wellington Firebirds,R Ravindra,KLD Vishvaka,SS Johnston,0,0,,,,,,"",""
ball,2,15.6,Wellington Firebirds,R Ravindra,KLD Vishvaka,SS Johnston,0,0,,,,,,"",""
ball,2,16.1,Wellington Firebirds,KLD Vishvaka,R Ravindra,JH Brown,0,0,,,,,,"",""
ball,2,16.2,Wellington Firebirds,KLD Vishvaka,R Ravindra,JH Brown,0,0,,,,,,"",""
ball,2,16.3,Wellington Firebirds,KLD Vishvaka,R Ravindra,JH Brown,1,0,,,,,,"",""
ball,2,16.4,Wellington Firebirds,R Ravindra,KLD Vishvaka,JH Brown,0,0,,,,,,"",""
ball,2,16.5,Wellington Firebirds,R Ravindra,KLD Vishvaka,JH Brown,0,0,,,,,,"",""
ball,2,16.6,Wellington Firebirds,R Ravindra,KLD Vishvaka,JH Brown,4,0,,,,,,"",""
ball,2,17.1,Wellington Firebirds,KLD Vishvaka,R Ravindra,SS Johnston,0,0,,,,,,"",""
ball,2,17.2,Wellington Firebirds,KLD Vishvaka,R Ravindra,SS Johnston,4,0,,,,,,"",""
ball,2,17.3,Wellington Firebirds,KLD Vishvaka,R Ravindra,SS Johnston,0,0,,,,,,"",""
ball,2,17.4,Wellington Firebirds,KLD Vishvaka,R Ravindra,SS Johnston,0,0,,,,,,"",""
ball,2,17.5,Wellington Firebirds,KLD Vishvaka,R Ravindra,SS Johnston,4,0,,,,,,"",""
ball,2,17.6,Wellington Firebirds,KLD Vishvaka,R Ravindra,SS Johnston,4,0,,,,,,"",""
ball,2,18.1,Wellington Firebirds,R Ravindra,KLD Vishvaka,IS Sodhi,1,0,,,,,,"",""
ball,2,18.2,Wellington Firebirds,KLD Vishvaka,R Ravindra,IS Sodhi,0,0,,,,,,"",""
ball,2,18.3,Wellington Firebirds,KLD Vishvaka,R Ravindra,IS Sodhi,0,0,,,,,,"",""
ball,2,18.4,Wellington Firebirds,KLD Vishvaka,R Ravindra,IS Sodhi,0,0,,,,,,"",""
ball,2,18.5,Wellington Firebirds,KLD Vishvaka,R Ravindra,IS Sodhi,0,0,,,,,,"",""
ball,2,18.6,Wellington Firebirds,KLD Vishvaka,R Ravindra,IS Sodhi,0,0,,,,,,"",""
ball,2,19.1,Wellington Firebirds,R Ravindra,KLD Vishvaka,SS Johnston,0,0,,,,,,"",""
ball,2,19.2,Wellington Firebirds,R Ravindra,KLD Vishvaka,SS Johnston,0,0,,,,,,"",""
ball,2,19.3,Wellington Firebirds,R Ravindra,KLD Vishvaka,SS Johnston,0,0,,,,,,"",""
ball,2,19.4,Wellington Firebirds,R Ravindra,KLD Vishvaka,SS Johnston,1,0,,,,,,"",""
ball,2,19.5,Wellington Firebirds,KLD Vishvaka,R Ravindra,SS Johnston,3,0,,,,,,"",""
ball,2,19.6,Wellington Firebirds,R Ravindra,KLD Vishvaka,SS Johnston,0,0,,,,,,"",""
ball,2,20.1,Wellington Firebirds,KLD Vishvaka,R Ravindra,IS Sodhi,1,0,,,,,,"",""
ball,2,20.2,Wellington Firebirds,R Ravindra,KLD Vishvaka,IS Sodhi,2,0,,,,,,"",""
ball,2,20.3,Wellington Firebirds,R Ravindra,KLD Vishvaka,IS Sodhi,0,0,,,,,,"",""
ball,2,20.4,Wellington Firebirds,R Ravindra,KLD Vishvaka,IS Sodhi,1,0,,,,,,"",""
ball,2,20.5,Wellington Firebirds,KLD Vishvaka,R Ravindra,IS Sodhi,0,0,,,,,,"",""
ball,2,20.6,Wellington Firebirds,KLD Vishvaka,R Ravindra,IS Sodhi,0,0,,,,,,"",""
ball,2,21.1,Wellington Firebirds,R Ravindra,KLD Vishvaka,JH Brown,0,0,,,,,,"",""
ball,2,21.2,Wellington Firebirds,R Ravindra,KLD Vishvaka,JH Brown,0,0,,,,,,caught,R Ravindra
ball,2,21.3,Wellington Firebirds,TM Johnson,KLD Vishvaka,JH Brown,0,0,,,,,,"",""
ball,2,21.4,Wellington Firebirds,TM Johnson,KLD Vishvaka,JH Brown,2,0,,,,,,"",""
ball,2,21.5,Wellington Firebirds,TM Johnson,KLD Vishvaka,JH Brown,0,0,,,,,,"",""
ball,2,21.6,Wellington Firebirds,TM Johnson,KLD Vishvaka,JH Brown,0,0,,,,,,"",""
ball,2,22.1,Wellington Firebirds,KLD Vishvaka,TM Johnson,IS Sodhi,0,0,,,,,,"",""
ball,2,22.2,Wellington Firebirds,KLD Vishvaka,TM Johnson,IS Sodhi,0,0,,,,,,"",""
ball,2,22.3,Wellington Firebirds,KLD Vishvaka,TM Johnson,IS Sodhi,1,0,,,,,,"",""
ball,2,22.4,Wellington Firebirds,TM Johnson,KLD Vishvaka,IS Sodhi,0,0,,,,,,"",""
ball,2,22.5,Wellington Firebirds,TM Johnson,KLD Vishvaka,IS Sodhi,0,0,,,,,,"",""
ball,2,22.6,Wellington Firebirds,TM Johnson,KLD Vishvaka,IS Sodhi,1,0,,,,,,"",""
ball,2,23.1,Wellington Firebirds,TM Johnson,KLD Vishvaka,JH Brown,0,0,,,,,,"",""
ball,2,23.2,Wellington Firebirds,TM Johnson,KLD Vishvaka,JH Brown,0,0,,,,,,"",""
ball,2,23.3,Wellington Firebirds,TM Johnson,KLD Vishvaka,JH Brown,0,0,,,,,,"",""
ball,2,23.4,Wellington Firebirds,TM Johnson,KLD Vishvaka,JH Brown,0,0,,,,,,"",""
ball,2,23.5,Wellington Firebirds,TM Johnson,KLD Vishvaka,JH Brown,1,0,,,,,,"",""
ball,2,23.6,Wellington Firebirds,KLD Vishvaka,TM Johnson,JH Brown,1,0,,,,,,"",""
ball,2,24.1,Wellington Firebirds,KLD Vishvaka,TM Johnson,IS Sodhi,0,0,,,,,,"",""
ball,2,24.2,Wellington Firebirds,KLD Vishvaka,TM Johnson,IS Sodhi,0,0,,,,,,"",""
ball,2,24.3,Wellington Firebirds,KLD Vishvaka,TM Johnson,IS Sodhi,1,0,,,,,,"",""
ball,2,24.4,Wellington Firebirds,TM Johnson,KLD Vishvaka,IS Sodhi,0,0,,,,,,"",""
ball,2,24.5,Wellington Firebirds,TM Johnson,KLD Vishvaka,IS Sodhi,0,0,,,,,,"",""
ball,2,24.6,Wellington Firebirds,TM Johnson,KLD Vishvaka,IS Sodhi,0,0,,,,,,"",""
ball,2,25.1,Wellington Firebirds,KLD Vishvaka,TM Johnson,JH Brown,0,0,,,,,,"",""
ball,2,25.2,Wellington Firebirds,KLD Vishvaka,TM Johnson,JH Brown,0,0,,,,,,"",""
ball,2,25.3,Wellington Firebirds,KLD Vishvaka,TM Johnson,JH Brown,0,0,,,,,,"",""
ball,2,25.4,Wellington Firebirds,KLD Vishvaka,TM Johnson,JH Brown,0,0,,,,,,"",""
ball,2,25.5,Wellington Firebirds,KLD Vishvaka,TM Johnson,JH Brown,0,0,,,,,,"",""
ball,2,25.6,Wellington Firebirds,KLD Vishvaka,TM Johnson,JH Brown,0,0,,,,,,"",""
ball,2,26.1,Wellington Firebirds,TM Johnson,KLD Vishvaka,IS Sodhi,0,0,,,,,,"",""
ball,2,26.2,Wellington Firebirds,TM Johnson,KLD Vishvaka,IS Sodhi,0,0,,,,,,"",""
ball,2,26.3,Wellington Firebirds,TM Johnson,KLD Vishvaka,IS Sodhi,0,0,,,,,,"",""
ball,2,26.4,Wellington Firebirds,TM Johnson,KLD Vishvaka,IS Sodhi,0,0,,,,,,"",""
ball,2,26.5,Wellington Firebirds,TM Johnson,KLD Vishvaka,IS Sodhi,0,0,,,,,,"",""
ball,2,26.6,Wellington Firebirds,TM Johnson,KLD Vishvaka,IS Sodhi,0,0,,,,,,"",""
ball,2,27.1,Wellington Firebirds,KLD Vishvaka,TM Johnson,KDC Clarke,0,1,1,,,,,"",""
ball,2,27.2,Wellington Firebirds,KLD Vishvaka,TM Johnson,KDC Clarke,0,0,,,,,,"",""
ball,2,27.3,Wellington Firebirds,KLD Vishvaka,TM Johnson,KDC Clarke,0,0,,,,,,"",""
ball,2,27.4,Wellington Firebirds,KLD Vishvaka,TM Johnson,KDC Clarke,0,0,,,,,,"",""
ball,2,27.5,Wellington Firebirds,KLD Vishvaka,TM Johnson,KDC Clarke,0,0,,,,,,"",""
ball,2,27.6,Wellington Firebirds,KLD Vishvaka,TM Johnson,KDC Clarke,0,0,,,,,,"",""
ball,2,27.7,Wellington Firebirds,KLD Vishvaka,TM Johnson,KDC Clarke,0,0,,,,,,"",""
ball,2,28.1,Wellington Firebirds,TM Johnson,KLD Vishvaka,IS Sodhi,1,0,,,,,,"",""
ball,2,28.2,Wellington Firebirds,KLD Vishvaka,TM Johnson,IS Sodhi,0,0,,,,,,"",""
ball,2,28.3,Wellington Firebirds,KLD Vishvaka,TM Johnson,IS Sodhi,0,0,,,,,,"",""
ball,2,28.4,Wellington Firebirds,KLD Vishvaka,TM Johnson,IS Sodhi,2,0,,,,,,"",""
ball,2,28.5,Wellington Firebirds,KLD Vishvaka,TM Johnson,IS Sodhi,0,0,,,,,,"",""
ball,2,28.6,Wellington Firebirds,KLD Vishvaka,TM Johnson,IS Sodhi,1,0,,,,,,"",""
ball,2,29.1,Wellington Firebirds,KLD Vishvaka,TM Johnson,KDC Clarke,0,0,,,,,,"",""
ball,2,29.2,Wellington Firebirds,KLD Vishvaka,TM Johnson,KDC Clarke,0,0,,,,,,"",""
ball,2,29.3,Wellington Firebirds,KLD Vishvaka,TM Johnson,KDC Clarke,0,0,,,,,,"",""
ball,2,29.4,Wellington Firebirds,KLD Vishvaka,TM Johnson,KDC Clarke,1,0,,,,,,"",""
ball,2,29.5,Wellington Firebirds,TM Johnson,KLD Vishvaka,KDC Clarke,0,0,,,,,,"",""
ball,2,29.6,Wellington Firebirds,TM Johnson,KLD Vishvaka,KDC Clarke,0,0,,,,,,"",""
ball,2,30.1,Wellington Firebirds,KLD Vishvaka,TM Johnson,IS Sodhi,0,1,,,,1,,"",""
ball,2,30.2,Wellington Firebirds,TM Johnson,KLD Vishvaka,IS Sodhi,0,0,,,,,,"",""
ball,2,30.3,Wellington Firebirds,TM Johnson,KLD Vishvaka,IS Sodhi,0,0,,,,,,"",""
ball,2,30.4,Wellington Firebirds,TM Johnson,KLD Vishvaka,IS Sodhi,0,0,,,,,,"",""
ball,2,30.5,Wellington Firebirds,TM Johnson,KLD Vishvaka,IS Sodhi,1,0,,,,,,"",""
ball,2,30.6,Wellington Firebirds,KLD Vishvaka,TM Johnson,IS Sodhi,0,0,,,,,,"",""
ball,2,31.1,Wellington Firebirds,TM Johnson,KLD Vishvaka,KDC Clarke,0,0,,,,,,"",""
ball,2,31.2,Wellington Firebirds,TM Johnson,KLD Vishvaka,KDC Clarke,0,0,,,,,,"",""
ball,2,31.3,Wellington Firebirds,TM Johnson,KLD Vishvaka,KDC Clarke,0,0,,,,,,"",""
ball,2,31.4,Wellington Firebirds,TM Johnson,KLD Vishvaka,KDC Clarke,0,0,,,,,,"",""
ball,2,31.5,Wellington Firebirds,TM Johnson,KLD Vishvaka,KDC Clarke,0,0,,,,,,"",""
ball,2,31.6,Wellington Firebirds,TM Johnson,KLD Vishvaka,KDC Clarke,4,0,,,,,,"",""
ball,2,32.1,Wellington Firebirds,KLD Vishvaka,TM Johnson,IS Sodhi,0,0,,,,,,"",""
ball,2,32.2,Wellington Firebirds,KLD Vishvaka,TM Johnson,IS Sodhi,0,0,,,,,,"",""
ball,2,32.3,Wellington Firebirds,KLD Vishvaka,TM Johnson,IS Sodhi,0,0,,,,,,"",""
ball,2,32.4,Wellington Firebirds,KLD Vishvaka,TM Johnson,IS Sodhi,4,0,,,,,,"",""
ball,2,32.5,Wellington Firebirds,KLD Vishvaka,TM Johnson,IS Sodhi,1,0,,,,,,"",""
ball,2,32.6,Wellington Firebirds,TM Johnson,KLD Vishvaka,IS Sodhi,1,0,,,,,,"",""
ball,2,33.1,Wellington Firebirds,TM Johnson,KLD Vishvaka,KDC Clarke,0,0,,,,,,"",""
ball,2,33.2,Wellington Firebirds,TM Johnson,KLD Vishvaka,KDC Clarke,0,0,,,,,,"",""
ball,2,33.3,Wellington Firebirds,TM Johnson,KLD Vishvaka,KDC Clarke,1,0,,,,,,"",""
ball,2,33.4,Wellington Firebirds,KLD Vishvaka,TM Johnson,KDC Clarke,0,0,,,,,,"",""
ball,2,33.5,Wellington Firebirds,KLD Vishvaka,TM Johnson,KDC Clarke,4,0,,,,,,"",""
ball,2,33.6,Wellington Firebirds,KLD Vishvaka,TM Johnson,KDC Clarke,0,0,,,,,,"",""
ball,2,34.1,Wellington Firebirds,TM Johnson,KLD Vishvaka,IS Sodhi,0,0,,,,,,"",""
ball,2,34.2,Wellington Firebirds,TM Johnson,KLD Vishvaka,IS Sodhi,1,0,,,,,,"",""
ball,2,34.3,Wellington Firebirds,KLD Vishvaka,TM Johnson,IS Sodhi,0,0,,,,,,"",""
ball,2,34.4,Wellington Firebirds,KLD Vishvaka,TM Johnson,IS Sodhi,0,0,,,,,,"",""
ball,2,34.5,Wellington Firebirds,KLD Vishvaka,TM Johnson,IS Sodhi,0,0,,,,,,"",""
ball,2,34.6,Wellington Firebirds,KLD Vishvaka,TM Johnson,IS Sodhi,0,0,,,,,,"",""
ball,2,35.1,Wellington Firebirds,TM Johnson,KLD Vishvaka,KDC Clarke,0,0,,,,,,"",""
ball,2,35.2,Wellington Firebirds,TM Johnson,KLD Vishvaka,KDC Clarke,0,0,,,,,,"",""
ball,2,35.3,Wellington Firebirds,TM Johnson,KLD Vishvaka,KDC Clarke,0,0,,,,,,"",""
ball,2,35.4,Wellington Firebirds,TM Johnson,KLD Vishvaka,KDC Clarke,0,0,,,,,,"",""
ball,2,35.5,Wellington Firebirds,TM Johnson,KLD Vishvaka,KDC Clarke,4,0,,,,,,"",""
ball,2,35.6,Wellington Firebirds,TM Johnson,KLD Vishvaka,KDC Clarke,0,0,,,,,,"",""
ball,2,36.1,Wellington Firebirds,KLD Vishvaka,TM Johnson,IS Sodhi,0,0,,,,,,"",""
ball,2,36.2,Wellington Firebirds,KLD Vishvaka,TM Johnson,IS Sodhi,1,0,,,,,,"",""
ball,2,36.3,Wellington Firebirds,TM Johnson,KLD Vishvaka,IS Sodhi,1,0,,,,,,"",""
ball,2,36.4,Wellington Firebirds,KLD Vishvaka,TM Johnson,IS Sodhi,0,0,,,,,,"",""
ball,2,36.5,Wellington Firebirds,KLD Vishvaka,TM Johnson,IS Sodhi,0,0,,,,,,"",""
ball,2,36.6,Wellington Firebirds,KLD Vishvaka,TM Johnson,IS Sodhi,1,0,,,,,,"",""
ball,2,37.1,Wellington Firebirds,KLD Vishvaka,TM Johnson,KDC Clarke,0,0,,,,,,"",""
ball,2,37.2,Wellington Firebirds,KLD Vishvaka,TM Johnson,KDC Clarke,0,0,,,,,,"",""
ball,2,37.3,Wellington Firebirds,KLD Vishvaka,TM Johnson,KDC Clarke,0,0,,,,,,"",""
ball,2,37.4,Wellington Firebirds,KLD Vishvaka,TM Johnson,KDC Clarke,1,0,,,,,,"",""
ball,2,37.5,Wellington Firebirds,TM Johnson,KLD Vishvaka,KDC Clarke,2,0,,,,,,"",""
ball,2,37.6,Wellington Firebirds,TM Johnson,KLD Vishvaka,KDC Clarke,0,0,,,,,,"",""
ball,2,38.1,Wellington Firebirds,KLD Vishvaka,TM Johnson,IS Sodhi,1,0,,,,,,"",""
ball,2,38.2,Wellington Firebirds,TM Johnson,KLD Vishvaka,IS Sodhi,0,0,,,,,,"",""
ball,2,38.3,Wellington Firebirds,TM Johnson,KLD Vishvaka,IS Sodhi,0,0,,,,,,"",""
ball,2,38.4,Wellington Firebirds,TM Johnson,KLD Vishvaka,IS Sodhi,1,0,,,,,,"",""
ball,2,38.5,Wellington Firebirds,KLD Vishvaka,TM Johnson,IS Sodhi,0,0,,,,,,"",""
ball,2,38.6,Wellington Firebirds,KLD Vishvaka,TM Johnson,IS Sodhi,0,0,,,,,,"",""
ball,2,39.1,Wellington Firebirds,TM Johnson,KLD Vishvaka,MJ Fisher,1,0,,,,,,"",""
ball,2,39.2,Wellington Firebirds,KLD Vishvaka,TM Johnson,MJ Fisher,2,0,,,,,,"",""
ball,2,39.3,Wellington Firebirds,KLD Vishvaka,TM Johnson,MJ Fisher,0,0,,,,,,"",""
ball,2,39.4,Wellington Firebirds,KLD Vishvaka,TM Johnson,MJ Fisher,1,0,,,,,,"",""
ball,2,39.5,Wellington Firebirds,TM Johnson,KLD Vishvaka,MJ Fisher,4,0,,,,,,"",""
ball,2,39.6,Wellington Firebirds,TM Johnson,KLD Vishvaka,MJ Fisher,0,0,,,,,,"",""
ball,2,40.1,Wellington Firebirds,KLD Vishvaka,TM Johnson,IS Sodhi,1,0,,,,,,"",""
ball,2,40.2,Wellington Firebirds,TM Johnson,KLD Vishvaka,IS Sodhi,0,0,,,,,,"",""
ball,2,40.3,Wellington Firebirds,TM Johnson,KLD Vishvaka,IS Sodhi,0,0,,,,,,"",""
ball,2,40.4,Wellington Firebirds,TM Johnson,KLD Vishvaka,IS Sodhi,0,0,,,,,,"",""
ball,2,40.5,Wellington Firebirds,TM Johnson,KLD Vishvaka,IS Sodhi,0,0,,,,,,"",""
ball,2,40.6,Wellington Firebirds,TM Johnson,KLD Vishvaka,IS Sodhi,0,0,,,,,,"",""
ball,2,41.1,Wellington Firebirds,KLD Vishvaka,TM Johnson,MJ Fisher,1,0,,,,,,"",""
ball,2,41.2,Wellington Firebirds,TM Johnson,KLD Vishvaka,MJ Fisher,2,0,,,,,,"",""
ball,2,41.3,Wellington Firebirds,TM Johnson,KLD Vishvaka,MJ Fisher,0,0,,,,,,"",""
ball,2,41.4,Wellington Firebirds,TM Johnson,KLD Vishvaka,MJ Fisher,1,0,,,,,,"",""
ball,2,41.5,Wellington Firebirds,KLD Vishvaka,TM Johnson,MJ Fisher,0,0,,,,,,"",""
ball,2,41.6,Wellington Firebirds,KLD Vishvaka,TM Johnson,MJ Fisher,1,0,,,,,,"",""
ball,2,42.1,Wellington Firebirds,KLD Vishvaka,TM Johnson,IS Sodhi,0,0,,,,,,"",""
ball,2,42.2,Wellington Firebirds,KLD Vishvaka,TM Johnson,IS Sodhi,1,0,,,,,,"",""
ball,2,42.3,Wellington Firebirds,TM Johnson,KLD Vishvaka,IS Sodhi,0,0,,,,,,"",""
ball,2,42.4,Wellington Firebirds,TM Johnson,KLD Vishvaka,IS Sodhi,0,0,,,,,,"",""
ball,2,42.5,Wellington Firebirds,TM Johnson,KLD Vishvaka,IS Sodhi,4,0,,,,,,"",""
ball,2,42.6,Wellington Firebirds,TM Johnson,KLD Vishvaka,IS Sodhi,0,0,,,,,,"",""
ball,2,43.1,Wellington Firebirds,KLD Vishvaka,TM Johnson,MJ Fisher,0,0,,,,,,"",""
ball,2,43.2,Wellington Firebirds,KLD Vishvaka,TM Johnson,MJ Fisher,0,0,,,,,,"",""
ball,2,43.3,Wellington Firebirds,KLD Vishvaka,TM Johnson,MJ Fisher,0,1,1,,,,,"",""
ball,2,43.4,Wellington Firebirds,KLD Vishvaka,TM Johnson,MJ Fisher,0,0,,,,,,"",""
ball,2,43.5,Wellington Firebirds,KLD Vishvaka,TM Johnson,MJ Fisher,0,0,,,,,,"",""
ball,2,43.6,Wellington Firebirds,KLD Vishvaka,TM Johnson,MJ Fisher,1,0,,,,,,"",""
ball,2,43.7,Wellington Firebirds,TM Johnson,KLD Vishvaka,MJ Fisher,0,0,,,,,,"",""
ball,2,44.1,Wellington Firebirds,KLD Vishvaka,TM Johnson,IS Sodhi,0,0,,,,,,"",""
ball,2,44.2,Wellington Firebirds,KLD Vishvaka,TM Johnson,IS Sodhi,1,0,,,,,,"",""
ball,2,44.3,Wellington Firebirds,TM Johnson,KLD Vishvaka,IS Sodhi,0,0,,,,,,"",""
ball,2,44.4,Wellington Firebirds,TM Johnson,KLD Vishvaka,IS Sodhi,1,0,,,,,,"",""
ball,2,44.5,Wellington Firebirds,KLD Vishvaka,TM Johnson,IS Sodhi,0,0,,,,,,stumped,KLD Vishvaka
ball,2,44.6,Wellington Firebirds,TB Robinson,TM Johnson,IS Sodhi,0,0,,,,,,"",""
ball,2,45.1,Wellington Firebirds,TM Johnson,TB Robinson,MJ Fisher,1,0,,,,,,"",""
ball,2,45.2,Wellington Firebirds,TB Robinson,TM Johnson,MJ Fisher,0,0,,,,,,"",""
ball,2,45.3,Wellington Firebirds,TB Robinson,TM Johnson,MJ Fisher,0,0,,,,,,"",""
ball,2,45.4,Wellington Firebirds,TB Robinson,TM Johnson,MJ Fisher,0,0,,,,,,"",""
ball,2,45.5,Wellington Firebirds,TB Robinson,TM Johnson,MJ Fisher,0,0,,,,,,"",""
ball,2,45.6,Wellington Firebirds,TB Robinson,TM Johnson,MJ Fisher,0,0,,,,,,"",""
ball,2,46.1,Wellington Firebirds,TM Johnson,TB Robinson,IS Sodhi,0,0,,,,,,caught,TM Johnson
ball,2,46.2,Wellington Firebirds,LR Johns,TB Robinson,IS Sodhi,1,0,,,,,,"",""
ball,2,46.3,Wellington Firebirds,TB Robinson,LR Johns,IS Sodhi,0,0,,,,,,lbw,TB Robinson
ball,2,46.4,Wellington Firebirds,TA Blundell,LR Johns,IS Sodhi,0,0,,,,,,"",""
ball,2,46.5,Wellington Firebirds,TA Blundell,LR Johns,IS Sodhi,0,0,,,,,,"",""
ball,2,46.6,Wellington Firebirds,TA Blundell,LR Johns,IS Sodhi,0,0,,,,,,"",""
ball,2,47.1,Wellington Firebirds,LR Johns,TA Blundell,MJ Fisher,2,0,,,,,,"",""
ball,2,47.2,Wellington Firebirds,LR Johns,TA Blundell,MJ Fisher,0,1,,,,1,,"",""
ball,2,47.3,Wellington Firebirds,TA Blundell,LR Johns,MJ Fisher,0,0,,,,,,"",""
ball,2,47.4,Wellington Firebirds,TA Blundell,LR Johns,MJ Fisher,0,0,,,,,,"",""
ball,2,47.5,Wellington Firebirds,TA Blundell,LR Johns,MJ Fisher,0,0,,,,,,"",""
ball,2,47.6,Wellington Firebirds,TA Blundell,LR Johns,MJ Fisher,0,0,,,,,,"",""
ball,2,48.1,Wellington Firebirds,LR Johns,TA Blundell,IS Sodhi,0,0,,,,,,"",""
ball,2,48.2,Wellington Firebirds,LR Johns,TA Blundell,IS Sodhi,0,0,,,,,,"",""
ball,2,48.3,Wellington Firebirds,LR Johns,TA Blundell,IS Sodhi,0,0,,,,,,"",""
ball,2,48.4,Wellington Firebirds,LR Johns,TA Blundell,IS Sodhi,1,0,,,,,,"",""
ball,2,48.5,Wellington Firebirds,TA Blundell,LR Johns,IS Sodhi,2,0,,,,,,"",""
ball,2,48.6,Wellington Firebirds,TA Blundell,LR Johns,IS Sodhi,4,0,,,,,,"",""
ball,2,49.1,Wellington Firebirds,LR Johns,TA Blundell,MJ Fisher,4,0,,,,,,"",""
ball,2,49.2,Wellington Firebirds,LR Johns,TA Blundell,MJ Fisher,0,0,,,,,,"",""
ball,2,49.3,Wellington Firebirds,LR Johns,TA Blundell,MJ Fisher,1,0,,,,,,"",""
ball,2,49.4,Wellington Firebirds,TA Blundell,LR Johns,MJ Fisher,0,0,,,,,,"",""
ball,2,49.5,Wellington Firebirds,TA Blundell,LR Johns,MJ Fisher,0,0,,,,,,"",""
ball,2,49.6,Wellington Firebirds,TA Blundell,LR Johns,MJ Fisher,0,0,,,,,,"",""
ball,2,50.1,Wellington Firebirds,LR Johns,TA Blundell,IS Sodhi,2,0,,,,,,"",""
ball,2,50.2,Wellington Firebirds,LR Johns,TA Blundell,IS Sodhi,0,0,,,,,,"",""
ball,2,50.3,Wellington Firebirds,LR Johns,TA Blundell,IS Sodhi,0,0,,,,,,"",""
ball,2,50.4,Wellington Firebirds,LR Johns,TA Blundell,IS Sodhi,0,0,,,,,,"",""
ball,2,50.5,Wellington Firebirds,LR Johns,TA Blundell,IS Sodhi,0,1,,,1,,,"",""
ball,2,50.6,Wellington Firebirds,TA Blundell,LR Johns,IS Sodhi,0,0,,,,,,"",""
ball,2,51.1,Wellington Firebirds,LR Johns,TA Blundell,SS Johnston,0,0,,,,,,"",""
ball,2,51.2,Wellington Firebirds,LR Johns,TA Blundell,SS Johnston,0,0,,,,,,"",""
ball,2,51.3,Wellington Firebirds,LR Johns,TA Blundell,SS Johnston,0,0,,,,,,"",""
ball,2,51.4,Wellington Firebirds,LR Johns,TA Blundell,SS Johnston,0,0,,,,,,"",""
ball,2,51.5,Wellington Firebirds,LR Johns,TA Blundell,SS Johnston,1,0,,,,,,"",""
ball,2,51.6,Wellington Firebirds,TA Blundell,LR Johns,SS Johnston,0,0,,,,,,"",""
ball,2,52.1,Wellington Firebirds,LR Johns,TA Blundell,IS Sodhi,1,0,,,,,,"",""
ball,2,52.2,Wellington Firebirds,TA Blundell,LR Johns,IS Sodhi,0,3,,,3,,,"",""
ball,2,52.3,Wellington Firebirds,LR Johns,TA Blundell,IS Sodhi,0,0,,,,,,"",""
ball,2,52.4,Wellington Firebirds,LR Johns,TA Blundell,IS Sodhi,0,0,,,,,,"",""
ball,2,52.5,Wellington Firebirds,LR Johns,TA Blundell,IS Sodhi,4,0,,,,,,"",""
ball,2,52.6,Wellington Firebirds,LR Johns,TA Blundell,IS Sodhi,0,0,,,,,,"",""
ball,2,53.1,Wellington Firebirds,TA Blundell,LR Johns,SS Johnston,0,0,,,,,,"",""
ball,2,53.2,Wellington Firebirds,TA Blundell,LR Johns,SS Johnston,1,0,,,,,,"",""
ball,2,53.3,Wellington Firebirds,LR Johns,TA Blundell,SS Johnston,4,0,,,,,,"",""
ball,2,53.4,Wellington Firebirds,LR Johns,TA Blundell,SS Johnston,0,0,,,,,,caught,LR Johns
ball,2,53.5,Wellington Firebirds,NG Smith,TA Blundell,SS Johnston,0,0,,,,,,"",""
ball,2,53.6,Wellington Firebirds,NG Smith,TA Blundell,SS Johnston,0,0,,,,,,"",""
ball,2,54.1,Wellington Firebirds,TA Blundell,NG Smith,IS Sodhi,0,0,,,,,,"",""
ball,2,54.2,Wellington Firebirds,TA Blundell,NG Smith,IS Sodhi,0,0,,,,,,"",""
ball,2,54.3,Wellington Firebirds,TA Blundell,NG Smith,IS Sodhi,0,0,,,,,,"",""
ball,2,54.4,Wellington Firebirds,TA Blundell,NG Smith,IS Sodhi,0,0,,,,,,"",""
ball,2,54.5,Wellington Firebirds,TA Blundell,NG Smith,IS Sodhi,0,0,,,,,,"",""
ball,2,54.6,Wellington Firebirds,TA Blundell,NG Smith,IS Sodhi,0,0,,,,,,"",""
ball,2,55.1,Wellington Firebirds,NG Smith,TA Blundell,SS Johnston,0,0,,,,,,"",""
ball,2,55.2,Wellington Firebirds,NG Smith,TA Blundell,SS Johnston,0,0,,,,,,"",""
ball,2,55.3,Wellington Firebirds,NG Smith,TA Blundell,SS Johnston,0,0,,,,,,"",""
ball,2,55.4,Wellington Firebirds,NG Smith,TA Blundell,SS Johnston,0,0,,,,,,"",""
ball,2,55.5,Wellington Firebirds,NG Smith,TA Blundell,SS Johnston,0,0,,,,,,"",""
ball,2,55.6,Wellington Firebirds,NG Smith,TA Blundell,SS Johnston,0,0,,,,,,"",""
ball,2,56.1,Wellington Firebirds,TA Blundell,NG Smith,IS Sodhi,1,0,,,,,,"",""
ball,2,56.2,Wellington Firebirds,NG Smith,TA Blundell,IS Sodhi,0,0,,,,,,"",""
ball,2,56.3,Wellington Firebirds,NG Smith,TA Blundell,IS Sodhi,0,0,,,,,,"",""
ball,2,56.4,Wellington Firebirds,NG Smith,TA Blundell,IS Sodhi,0,0,,,,,,"",""
ball,2,56.5,Wellington Firebirds,NG Smith,TA Blundell,IS Sodhi,0,0,,,,,,"",""
ball,2,56.6,Wellington Firebirds,NG Smith,TA Blundell,IS Sodhi,0,0,,,,,,"",""
ball,2,57.1,Wellington Firebirds,TA Blundell,NG Smith,SS Johnston,0,0,,,,,,"",""
ball,2,57.2,Wellington Firebirds,TA Blundell,NG Smith,SS Johnston,0,0,,,,,,"",""
ball,2,57.3,Wellington Firebirds,TA Blundell,NG Smith,SS Johnston,0,0,,,,,,"",""
ball,2,57.4,Wellington Firebirds,TA Blundell,NG Smith,SS Johnston,0,0,,,,,,"",""
ball,2,57.5,Wellington Firebirds,TA Blundell,NG Smith,SS Johnston,0,0,,,,,,"",""
ball,2,57.6,Wellington Firebirds,TA Blundell,NG Smith,SS Johnston,0,0,,,,,,"",""
ball,2,58.1,Wellington Firebirds,NG Smith,TA Blundell,IS Sodhi,0,0,,,,,,"",""
ball,2,58.2,Wellington Firebirds,NG Smith,TA Blundell,IS Sodhi,0,0,,,,,,"",""
ball,2,58.3,Wellington Firebirds,NG Smith,TA Blundell,IS Sodhi,2,0,,,,,,"",""
ball,2,58.4,Wellington Firebirds,NG Smith,TA Blundell,IS Sodhi,0,0,,,,,,"",""
ball,2,58.5,Wellington Firebirds,NG Smith,TA Blundell,IS Sodhi,0,0,,,,,,"",""
ball,2,58.6,Wellington Firebirds,NG Smith,TA Blundell,IS Sodhi,0,0,,,,,,"",""
ball,2,59.1,Wellington Firebirds,TA Blundell,NG Smith,SS Johnston,0,0,,,,,,"",""
ball,2,59.2,Wellington Firebirds,TA Blundell,NG Smith,SS Johnston,2,0,,,,,,"",""
ball,2,59.3,Wellington Firebirds,TA Blundell,NG Smith,SS Johnston,0,0,,,,,,"",""
ball,2,59.4,Wellington Firebirds,TA Blundell,NG Smith,SS Johnston,0,0,,,,,,"",""
ball,2,59.5,Wellington Firebirds,TA Blundell,NG Smith,SS Johnston,0,0,,,,,,"",""
ball,2,59.6,Wellington Firebirds,TA Blundell,NG Smith,SS Johnston,0,0,,,,,,"",""
ball,2,60.1,Wellington Firebirds,NG Smith,TA Blundell,IS Sodhi,0,0,,,,,,stumped,NG Smith
ball,2,60.2,Wellington Firebirds,PF Younghusband,TA Blundell,IS Sodhi,0,0,,,,,,"",""
ball,2,60.3,Wellington Firebirds,PF Younghusband,TA Blundell,IS Sodhi,0,0,,,,,,"",""
ball,2,60.4,Wellington Firebirds,PF Younghusband,TA Blundell,IS Sodhi,0,0,,,,,,"",""
ball,2,60.5,Wellington Firebirds,PF Younghusband,TA Blundell,IS Sodhi,0,0,,,,,,"",""
ball,2,60.6,Wellington Firebirds,PF Younghusband,TA Blundell,IS Sodhi,0,0,,,,,,"",""
ball,2,61.1,Wellington Firebirds,TA Blundell,PF Younghusband,SS Johnston,0,0,,,,,,"",""
ball,2,61.2,Wellington Firebirds,TA Blundell,PF Younghusband,SS Johnston,0,0,,,,,,"",""
ball,2,61.3,Wellington Firebirds,TA Blundell,PF Younghusband,SS Johnston,0,0,,,,,,"",""
ball,2,61.4,Wellington Firebirds,TA Blundell,PF Younghusband,SS Johnston,2,0,,,,,,"",""
ball,2,61.5,Wellington Firebirds,TA Blundell,PF Younghusband,SS Johnston,0,0,,,,,,"",""
ball,2,61.6,Wellington Firebirds,TA Blundell,PF Younghusband,SS Johnston,0,0,,,,,,"",""
ball,2,62.1,Wellington Firebirds,PF Younghusband,TA Blundell,IS Sodhi,0,0,,,,,,"",""
ball,2,62.2,Wellington Firebirds,PF Younghusband,TA Blundell,IS Sodhi,0,0,,,,,,"",""
ball,2,62.3,Wellington Firebirds,PF Younghusband,TA Blundell,IS Sodhi,0,3,,,3,,,"",""
ball,2,62.4,Wellington Firebirds,TA Blundell,PF Younghusband,IS Sodhi,0,0,,,,,,"",""
ball,2,62.5,Wellington Firebirds,TA Blundell,PF Younghusband,IS Sodhi,0,0,,,,,,"",""
ball,2,62.6,Wellington Firebirds,TA Blundell,PF Younghusband,IS Sodhi,0,0,,,,,,"",""
ball,2,63.1,Wellington Firebirds,PF Younghusband,TA Blundell,RPO Drysdale,0,0,,,,,,"",""
ball,2,63.2,Wellington Firebirds,PF Younghusband,TA Blundell,RPO Drysdale,1,0,,,,,,"",""
ball,2,63.3,Wellington Firebirds,TA Blundell,PF Younghusband,RPO Drysdale,0,0,,,,,,"",""
ball,2,63.4,Wellington Firebirds,TA Blundell,PF Younghusband,RPO Drysdale,0,0,,,,,,"",""
ball,2,63.5,Wellington Firebirds,TA Blundell,PF Younghusband,RPO Drysdale,0,0,,,,,,"",""
ball,2,63.6,Wellington Firebirds,TA Blundell,PF Younghusband,RPO Drysdale,3,0,,,,,,"",""
ball,2,64.1,Wellington Firebirds,TA Blundell,PF Younghusband,IS Sodhi,1,0,,,,,,"",""
ball,2,64.2,Wellington Firebirds,PF Younghusband,TA Blundell,IS Sodhi,0,0,,,,,,"",""
ball,2,64.3,Wellington Firebirds,PF Younghusband,TA Blundell,IS Sodhi,0,0,,,,,,"",""
ball,2,64.4,Wellington Firebirds,PF Younghusband,TA Blundell,IS Sodhi,0,0,,,,,,"",""
ball,2,64.5,Wellington Firebirds,PF Younghusband,TA Blundell,IS Sodhi,0,0,,,,,,"",""
ball,2,64.6,Wellington Firebirds,PF Younghusband,TA Blundell,IS Sodhi,0,0,,,,,,"",""
ball,2,65.1,Wellington Firebirds,TA Blundell,PF Younghusband,RPO Drysdale,1,0,,,,,,"",""
ball,2,65.2,Wellington Firebirds,PF Younghusband,TA Blundell,RPO Drysdale,0,0,,,,,,"",""
ball,2,65.3,Wellington Firebirds,PF Younghusband,TA Blundell,RPO Drysdale,0,0,,,,,,"",""
ball,2,65.4,Wellington Firebirds,PF Younghusband,TA Blundell,RPO Drysdale,0,0,,,,,,"",""
ball,2,65.5,Wellington Firebirds,PF Younghusband,TA Blundell,RPO Drysdale,0,0,,,,,,"",""
ball,2,65.6,Wellington Firebirds,PF Younghusband,TA Blundell,RPO Drysdale,0,0,,,,,,"",""
ball,2,66.1,Wellington Firebirds,TA Blundell,PF Younghusband,IS Sodhi,0,0,,,,,,"",""
ball,2,66.2,Wellington Firebirds,TA Blundell,PF Younghusband,IS Sodhi,0,0,,,,,,"",""
ball,2,66.3,Wellington Firebirds,TA Blundell,PF Younghusband,IS Sodhi,0,0,,,,,,"",""
ball,2,66.4,Wellington Firebirds,TA Blundell,PF Younghusband,IS Sodhi,3,0,,,,,,"",""
ball,2,66.5,Wellington Firebirds,PF Younghusband,TA Blundell,IS Sodhi,0,0,,,,,,"",""
ball,2,66.6,Wellington Firebirds,PF Younghusband,TA Blundell,IS Sodhi,0,0,,,,,,"",""
ball,2,67.1,Wellington Firebirds,TA Blundell,PF Younghusband,RPO Drysdale,1,0,,,,,,"",""
ball,2,67.2,Wellington Firebirds,PF Younghusband,TA Blundell,RPO Drysdale,0,0,,,,,,"",""
ball,2,67.3,Wellington Firebirds,PF Younghusband,TA Blundell,RPO Drysdale,1,0,,,,,,"",""
ball,2,67.4,Wellington Firebirds,TA Blundell,PF Younghusband,RPO Drysdale,0,0,,,,,,"",""
ball,2,67.5,Wellington Firebirds,TA Blundell,PF Younghusband,RPO Drysdale,1,0,,,,,,"",""
ball,2,67.6,Wellington Firebirds,PF Younghusband,TA Blundell,RPO Drysdale,0,0,,,,,,"",""
ball,2,68.1,Wellington Firebirds,TA Blundell,PF Younghusband,IS Sodhi,0,0,,,,,,"",""
ball,2,68.2,Wellington Firebirds,TA Blundell,PF Younghusband,IS Sodhi,0,0,,,,,,"",""
ball,2,68.3,Wellington Firebirds,TA Blundell,PF Younghusband,IS Sodhi,0,0,,,,,,"",""
ball,2,68.4,Wellington Firebirds,TA Blundell,PF Younghusband,IS Sodhi,1,0,,,,,,"",""
ball,2,68.5,Wellington Firebirds,PF Younghusband,TA Blundell,IS Sodhi,0,0,,,,,,"",""
ball,2,68.6,Wellington Firebirds,PF Younghusband,TA Blundell,IS Sodhi,0,0,,,,,,"",""
ball,2,69.1,Wellington Firebirds,TA Blundell,PF Younghusband,RPO Drysdale,1,0,,,,,,"",""
ball,2,69.2,Wellington Firebirds,PF Younghusband,TA Blundell,RPO Drysdale,0,0,,,,,,"",""
ball,2,69.3,Wellington Firebirds,PF Younghusband,TA Blundell,RPO Drysdale,0,0,,,,,,"",""
ball,2,69.4,Wellington Firebirds,PF Younghusband,TA Blundell,RPO Drysdale,1,0,,,,,,"",""
ball,2,69.5,Wellington Firebirds,TA Blundell,PF Younghusband,RPO Drysdale,0,0,,,,,,"",""
ball,2,69.6,Wellington Firebirds,TA Blundell,PF Younghusband,RPO Drysdale,0,0,,,,,,"",""
ball,2,70.1,Wellington Firebirds,PF Younghusband,TA Blundell,IS Sodhi,0,0,,,,,,"",""
ball,2,70.2,Wellington Firebirds,PF Younghusband,TA Blundell,IS Sodhi,0,0,,,,,,"",""
ball,2,70.3,Wellington Firebirds,PF Younghusband,TA Blundell,IS Sodhi,0,2,,,2,,,"",""
ball,2,70.4,Wellington Firebirds,PF Younghusband,TA Blundell,IS Sodhi,2,0,,,,,,"",""
ball,2,70.5,Wellington Firebirds,PF Younghusband,TA Blundell,IS Sodhi,0,0,,,,,,"",""
ball,2,70.6,Wellington Firebirds,PF Younghusband,TA Blundell,IS Sodhi,0,0,,,,,,"",""
ball,2,71.1,Wellington Firebirds,TA Blundell,PF Younghusband,RPO Drysdale,0,0,,,,,,"",""
ball,2,71.2,Wellington Firebirds,TA Blundell,PF Younghusband,RPO Drysdale,0,0,,,,,,"",""
ball,2,71.3,Wellington Firebirds,TA Blundell,PF Younghusband,RPO Drysdale,0,0,,,,,,"",""
ball,2,71.4,Wellington Firebirds,TA Blundell,PF Younghusband,RPO Drysdale,0,0,,,,,,"",""
ball,2,71.5,Wellington Firebirds,TA Blundell,PF Younghusband,RPO Drysdale,0,0,,,,,,"",""
ball,2,71.6,Wellington Firebirds,TA Blundell,PF Younghusband,RPO Drysdale,0,0,,,,,,"",""
ball,2,72.1,Wellington Firebirds,PF Younghusband,TA Blundell,IS Sodhi,0,0,,,,,,"",""
ball,2,72.2,Wellington Firebirds,PF Younghusband,TA Blundell,IS Sodhi,0,0,,,,,,"",""
ball,2,72.3,Wellington Firebirds,PF Younghusband,TA Blundell,IS Sodhi,1,0,,,,,,"",""
ball,2,72.4,Wellington Firebirds,TA Blundell,PF Younghusband,IS Sodhi,1,0,,,,,,"",""
ball,2,72.5,Wellington Firebirds,PF Younghusband,TA Blundell,IS Sodhi,0,0,,,,,,"",""
ball,2,72.6,Wellington Firebirds,PF Younghusband,TA Blundell,IS Sodhi,0,0,,,,,,"",""
ball,2,73.1,Wellington Firebirds,TA Blundell,PF Younghusband,RPO Drysdale,1,0,,,,,,"",""
ball,2,73.2,Wellington Firebirds,PF Younghusband,TA Blundell,RPO Drysdale,0,0,,,,,,"",""
ball,2,73.3,Wellington Firebirds,PF Younghusband,TA Blundell,RPO Drysdale,0,0,,,,,,"",""
ball,2,73.4,Wellington Firebirds,PF Younghusband,TA Blundell,RPO Drysdale,0,0,,,,,,"",""
ball,2,73.5,Wellington Firebirds,PF Younghusband,TA Blundell,RPO Drysdale,0,0,,,,,,"",""
ball,2,73.6,Wellington Firebirds,PF Younghusband,TA Blundell,RPO Drysdale,4,0,,,,,,"",""
ball,2,74.1,Wellington Firebirds,TA Blundell,PF Younghusband,IS Sodhi,0,0,,,,,,"",""
ball,2,74.2,Wellington Firebirds,TA Blundell,PF Younghusband,IS Sodhi,0,0,,,,,,"",""
ball,2,74.3,Wellington Firebirds,TA Blundell,PF Younghusband,IS Sodhi,0,0,,,,,,"",""
ball,2,74.4,Wellington Firebirds,TA Blundell,PF Younghusband,IS Sodhi,0,0,,,,,,"",""
ball,2,74.5,Wellington Firebirds,TA Blundell,PF Younghusband,IS Sodhi,0,0,,,,,,"",""
ball,2,74.6,Wellington Firebirds,TA Blundell,PF Younghusband,IS Sodhi,0,0,,,,,,"",""
ball,2,75.1,Wellington Firebirds,PF Younghusband,TA Blundell,RPO Drysdale,0,0,,,,,,"",""
ball,2,75.2,Wellington Firebirds,PF Younghusband,TA Blundell,RPO Drysdale,0,0,,,,,,"",""
ball,2,75.3,Wellington Firebirds,PF Younghusband,TA Blundell,RPO Drysdale,0,0,,,,,,"",""
ball,2,75.4,Wellington Firebirds,PF Younghusband,TA Blundell,RPO Drysdale,0,0,,,,,,"",""
ball,2,75.5,Wellington Firebirds,PF Younghusband,TA Blundell,RPO Drysdale,0,0,,,,,,"",""
ball,2,75.6,Wellington Firebirds,PF Younghusband,TA Blundell,RPO Drysdale,2,0,,,,,,"",""
ball,2,76.1,Wellington Firebirds,TA Blundell,PF Younghusband,IS Sodhi,0,0,,,,,,"",""
ball,2,76.2,Wellington Firebirds,TA Blundell,PF Younghusband,IS Sodhi,1,0,,,,,,"",""
ball,2,76.3,Wellington Firebirds,PF Younghusband,TA Blundell,IS Sodhi,0,0,,,,,,"",""
ball,2,76.4,Wellington Firebirds,PF Younghusband,TA Blundell,IS Sodhi,0,0,,,,,,"",""
ball,2,76.5,Wellington Firebirds,PF Younghusband,TA Blundell,IS Sodhi,0,0,,,,,,"",""
ball,2,76.6,Wellington Firebirds,PF Younghusband,TA Blundell,IS Sodhi,1,0,,,,,,"",""
ball,2,77.1,Wellington Firebirds,PF Younghusband,TA Blundell,RPO Drysdale,0,0,,,,,,"",""
ball,2,77.2,Wellington Firebirds,PF Younghusband,TA Blundell,RPO Drysdale,0,0,,,,,,"",""
ball,2,77.3,Wellington Firebirds,PF Younghusband,TA Blundell,RPO Drysdale,1,0,,,,,,"",""
ball,2,77.4,Wellington Firebirds,TA Blundell,PF Younghusband,RPO Drysdale,2,0,,,,,,"",""
ball,2,77.5,Wellington Firebirds,TA Blundell,PF Younghusband,RPO Drysdale,3,0,,,,,,"",""
ball,2,77.6,Wellington Firebirds,PF Younghusband,TA Blundell,RPO Drysdale,0,0,,,,,,"",""
ball,2,78.1,Wellington Firebirds,TA Blundell,PF Younghusband,IS Sodhi,0,0,,,,,,"",""
ball,2,78.2,Wellington Firebirds,TA Blundell,PF Younghusband,IS Sodhi,0,0,,,,,,"",""
ball,2,78.3,Wellington Firebirds,TA Blundell,PF Younghusband,IS Sodhi,0,0,,,,,,"",""
ball,2,78.4,Wellington Firebirds,TA Blundell,PF Younghusband,IS Sodhi,0,0,,,,,,"",""
ball,2,78.5,Wellington Firebirds,TA Blundell,PF Younghusband,IS Sodhi,2,0,,,,,,"",""
ball,2,78.6,Wellington Firebirds,TA Blundell,PF Younghusband,IS Sodhi,1,0,,,,,,"",""
ball,2,79.1,Wellington Firebirds,TA Blundell,PF Younghusband,KDC Clarke,1,0,,,,,,"",""
ball,2,79.2,Wellington Firebirds,PF Younghusband,TA Blundell,KDC Clarke,0,0,,,,,,"",""
ball,2,79.3,Wellington Firebirds,PF Younghusband,TA Blundell,KDC Clarke,0,0,,,,,,"",""
ball,2,79.4,Wellington Firebirds,PF Younghusband,TA Blundell,KDC Clarke,0,0,,,,,,"",""
ball,2,79.5,Wellington Firebirds,PF Younghusband,TA Blundell,KDC Clarke,0,0,,,,,,"",""
ball,2,79.6,Wellington Firebirds,PF Younghusband,TA Blundell,KDC Clarke,0,0,,,,,,"",""
ball,2,80.1,Wellington Firebirds,TA Blundell,PF Younghusband,JH Brown,0,1,,1,,,,"",""
ball,2,80.2,Wellington Firebirds,TA Blundell,PF Younghusband,JH Brown,0,0,,,,,,"",""
ball,2,80.3,Wellington Firebirds,TA Blundell,PF Younghusband,JH Brown,0,0,,,,,,"",""
ball,2,80.4,Wellington Firebirds,TA Blundell,PF Younghusband,JH Brown,0,0,,,,,,"",""
ball,2,80.5,Wellington Firebirds,TA Blundell,PF Younghusband,JH Brown,0,0,,,,,,"",""
ball,2,80.6,Wellington Firebirds,TA Blundell,PF Younghusband,JH Brown,0,0,,,,,,"",""
ball,2,80.7,Wellington Firebirds,TA Blundell,PF Younghusband,JH Brown,0,0,,,,,,"",""
ball,2,81.1,Wellington Firebirds,PF Younghusband,TA Blundell,KDC Clarke,0,0,,,,,,"",""
ball,2,81.2,Wellington Firebirds,PF Younghusband,TA Blundell,KDC Clarke,3,0,,,,,,"",""
ball,2,81.3,Wellington Firebirds,TA Blundell,PF Younghusband,KDC Clarke,0,0,,,,,,"",""
ball,2,81.4,Wellington Firebirds,TA Blundell,PF Younghusband,KDC Clarke,0,0,,,,,,"",""
ball,2,81.5,Wellington Firebirds,TA Blundell,PF Younghusband,KDC Clarke,1,0,,,,,,"",""
ball,2,81.6,Wellington Firebirds,PF Younghusband,TA Blundell,KDC Clarke,4,0,,,,,,"",""
ball,2,82.1,Wellington Firebirds,TA Blundell,PF Younghusband,JH Brown,0,0,,,,,,"",""
ball,2,82.2,Wellington Firebirds,TA Blundell,PF Younghusband,JH Brown,0,0,,,,,,"",""
ball,2,82.3,Wellington Firebirds,TA Blundell,PF Younghusband,JH Brown,0,0,,,,,,"",""
ball,2,82.4,Wellington Firebirds,TA Blundell,PF Younghusband,JH Brown,0,0,,,,,,"",""
ball,2,82.5,Wellington Firebirds,TA Blundell,PF Younghusband,JH Brown,0,1,,1,,,,"",""
ball,2,82.6,Wellington Firebirds,TA Blundell,PF Younghusband,JH Brown,0,1,,,,1,,"",""
ball,2,82.7,Wellington Firebirds,PF Younghusband,TA Blundell,JH Brown,0,0,,,,,,"",""
ball,2,83.1,Wellington Firebirds,TA Blundell,PF Younghusband,KDC Clarke,0,0,,,,,,"",""
ball,2,83.2,Wellington Firebirds,TA Blundell,PF Younghusband,KDC Clarke,0,0,,,,,,"",""
ball,2,83.3,Wellington Firebirds,TA Blundell,PF Younghusband,KDC Clarke,2,0,,,,,,"",""
ball,2,83.4,Wellington Firebirds,TA Blundell,PF Younghusband,KDC Clarke,0,0,,,,,,"",""
ball,2,83.5,Wellington Firebirds,TA Blundell,PF Younghusband,KDC Clarke,1,0,,,,,,"",""
ball,2,83.6,Wellington Firebirds,PF Younghusband,TA Blundell,KDC Clarke,0,0,,,,,,"",""
ball,2,84.1,Wellington Firebirds,TA Blundell,PF Younghusband,JH Brown,1,0,,,,,,"",""
ball,2,84.2,Wellington Firebirds,PF Younghusband,TA Blundell,JH Brown,0,0,,,,,,"",""
ball,2,84.3,Wellington Firebirds,PF Younghusband,TA Blundell,JH Brown,1,0,,,,,,"",""
ball,2,84.4,Wellington Firebirds,TA Blundell,PF Younghusband,JH Brown,0,0,,,,,,"",""
ball,2,84.5,Wellington Firebirds,TA Blundell,PF Younghusband,JH Brown,0,0,,,,,,"",""
ball,2,84.6,Wellington Firebirds,TA Blundell,PF Younghusband,JH Brown,0,0,,,,,,"",""
ball,2,85.1,Wellington Firebirds,PF Younghusband,TA Blundell,MJ Fisher,0,0,,,,,,"",""
ball,2,85.2,Wellington Firebirds,PF Younghusband,TA Blundell,MJ Fisher,0,0,,,,,,"",""
ball,2,85.3,Wellington Firebirds,PF Younghusband,TA Blundell,MJ Fisher,0,0,,,,,,"",""
ball,2,85.4,Wellington Firebirds,PF Younghusband,TA Blundell,MJ Fisher,0,0,,,,,,"",""
ball,2,85.5,Wellington Firebirds,PF Younghusband,TA Blundell,MJ Fisher,0,0,,,,,,"",""
ball,2,85.6,Wellington Firebirds,PF Younghusband,TA Blundell,MJ Fisher,0,0,,,,,,"",""
ball,2,86.1,Wellington Firebirds,TA Blundell,PF Younghusband,JH Brown,0,0,,,,,,"",""
ball,2,86.2,Wellington Firebirds,TA Blundell,PF Younghusband,JH Brown,0,0,,,,,,"",""
ball,2,86.3,Wellington Firebirds,TA Blundell,PF Younghusband,JH Brown,0,0,,,,,,"",""
ball,2,86.4,Wellington Firebirds,TA Blundell,PF Younghusband,JH Brown,0,0,,,,,,"",""
ball,2,86.5,Wellington Firebirds,TA Blundell,PF Younghusband,JH Brown,0,0,,,,,,"",""
ball,2,86.6,Wellington Firebirds,TA Blundell,PF Younghusband,JH Brown,0,0,,,,,,"",""
ball,2,87.1,Wellington Firebirds,PF Younghusband,TA Blundell,MJ Fisher,0,0,,,,,,"",""
ball,2,87.2,Wellington Firebirds,PF Younghusband,TA Blundell,MJ Fisher,2,0,,,,,,"",""
ball,2,87.3,Wellington Firebirds,PF Younghusband,TA Blundell,MJ Fisher,0,0,,,,,,"",""
ball,2,87.4,Wellington Firebirds,PF Younghusband,TA Blundell,MJ Fisher,0,0,,,,,,"",""
ball,2,87.5,Wellington Firebirds,PF Younghusband,TA Blundell,MJ Fisher,0,0,,,,,,"",""
ball,2,87.6,Wellington Firebirds,PF Younghusband,TA Blundell,MJ Fisher,0,0,,,,,,"",""
ball,2,88.1,Wellington Firebirds,TA Blundell,PF Younghusband,JH Brown,0,0,,,,,,"",""
ball,2,88.2,Wellington Firebirds,TA Blundell,PF Younghusband,JH Brown,0,0,,,,,,"",""
ball,2,88.3,Wellington Firebirds,TA Blundell,PF Younghusband,JH Brown,0,0,,,,,,"",""
ball,2,88.4,Wellington Firebirds,TA Blundell,PF Younghusband,JH Brown,1,0,,,,,,"",""
ball,2,88.5,Wellington Firebirds,PF Younghusband,TA Blundell,JH Brown,0,0,,,,,,"",""
ball,2,88.6,Wellington Firebirds,PF Younghusband,TA Blundell,JH Brown,1,0,,,,,,"",""
ball,2,89.1,Wellington Firebirds,PF Younghusband,TA Blundell,MJ Fisher,0,0,,,,,,"",""
ball,2,89.2,Wellington Firebirds,PF Younghusband,TA Blundell,MJ Fisher,0,0,,,,,,"",""
ball,2,89.3,Wellington Firebirds,PF Younghusband,TA Blundell,MJ Fisher,0,0,,,,,,"",""
ball,2,89.4,Wellington Firebirds,PF Younghusband,TA Blundell,MJ Fisher,0,0,,,,,,"",""
ball,2,89.5,Wellington Firebirds,PF Younghusband,TA Blundell,MJ Fisher,0,0,,,,,,"",""
ball,2,89.6,Wellington Firebirds,PF Younghusband,TA Blundell,MJ Fisher,0,0,,,,,,"",""
ball,2,90.1,Wellington Firebirds,TA Blundell,PF Younghusband,JH Brown,0,0,,,,,,"",""
ball,2,90.2,Wellington Firebirds,TA Blundell,PF Younghusband,JH Brown,0,0,,,,,,"",""
ball,2,90.3,Wellington Firebirds,TA Blundell,PF Younghusband,JH Brown,1,0,,,,,,"",""
ball,2,90.4,Wellington Firebirds,PF Younghusband,TA Blundell,JH Brown,0,0,,,,,,"",""
ball,2,90.5,Wellington Firebirds,PF Younghusband,TA Blundell,JH Brown,4,0,,,,,,"",""
ball,2,90.6,Wellington Firebirds,PF Younghusband,TA Blundell,JH Brown,0,0,,,,,,"",""
ball,2,91.1,Wellington Firebirds,TA Blundell,PF Younghusband,MJ Fisher,1,0,,,,,,"",""
ball,2,91.2,Wellington Firebirds,PF Younghusband,TA Blundell,MJ Fisher,0,0,,,,,,"",""
ball,2,91.3,Wellington Firebirds,PF Younghusband,TA Blundell,MJ Fisher,0,4,,,4,,,"",""
ball,2,91.4,Wellington Firebirds,PF Younghusband,TA Blundell,MJ Fisher,0,0,,,,,,"",""
ball,2,91.5,Wellington Firebirds,PF Younghusband,TA Blundell,MJ Fisher,0,0,,,,,,"",""
ball,2,91.6,Wellington Firebirds,PF Younghusband,TA Blundell,MJ Fisher,0,1,1,,,,,"",""
ball,2,91.7,Wellington Firebirds,PF Younghusband,TA Blundell,MJ Fisher,0,1,,,,1,,"",""
ball,2,92.1,Wellington Firebirds,PF Younghusband,TA Blundell,JH Brown,0,0,,,,,,"",""
ball,2,92.2,Wellington Firebirds,PF Younghusband,TA Blundell,JH Brown,0,0,,,,,,"",""
ball,2,92.3,Wellington Firebirds,PF Younghusband,TA Blundell,JH Brown,2,0,,,,,,"",""
ball,2,92.4,Wellington Firebirds,PF Younghusband,TA Blundell,JH Brown,0,0,,,,,,"",""
ball,2,92.5,Wellington Firebirds,PF Younghusband,TA Blundell,JH Brown,4,0,,,,,,"",""
ball,2,92.6,Wellington Firebirds,PF Younghusband,TA Blundell,JH Brown,0,0,,,,,,"",""
ball,2,93.1,Wellington Firebirds,TA Blundell,PF Younghusband,MJ Fisher,0,0,,,,,,"",""
ball,2,93.2,Wellington Firebirds,TA Blundell,PF Younghusband,MJ Fisher,0,0,,,,,,"",""
ball,2,93.3,Wellington Firebirds,TA Blundell,PF Younghusband,MJ Fisher,0,0,,,,,,"",""
ball,2,93.4,Wellington Firebirds,TA Blundell,PF Younghusband,MJ Fisher,0,0,,,,,,"",""
ball,2,93.5,Wellington Firebirds,TA Blundell,PF Younghusband,MJ Fisher,0,0,,,,,,"",""
ball,2,93.6,Wellington Firebirds,TA Blundell,PF Younghusband,MJ Fisher,0,0,,,,,,"",""
ball,2,94.1,Wellington Firebirds,PF Younghusband,TA Blundell,JH Brown,0,0,,,,,,"",""
ball,2,94.2,Wellington Firebirds,PF Younghusband,TA Blundell,JH Brown,0,0,,,,,,"",""
ball,2,94.3,Wellington Firebirds,PF Younghusband,TA Blundell,JH Brown,1,0,,,,,,"",""
ball,2,94.4,Wellington Firebirds,TA Blundell,PF Younghusband,JH Brown,0,0,,,,,,"",""
ball,2,94.5,Wellington Firebirds,TA Blundell,PF Younghusband,JH Brown,0,0,,,,,,"",""
ball,2,94.6,Wellington Firebirds,TA Blundell,PF Younghusband,JH Brown,0,0,,,,,,"",""
ball,2,95.1,Wellington Firebirds,PF Younghusband,TA Blundell,MJ Fisher,0,0,,,,,,"",""
ball,2,95.2,Wellington Firebirds,PF Younghusband,TA Blundell,MJ Fisher,0,0,,,,,,"",""
ball,2,95.3,Wellington Firebirds,PF Younghusband,TA Blundell,MJ Fisher,0,0,,,,,,lbw,PF Younghusband
ball,2,95.4,Wellington Firebirds,IG McPeake,TA Blundell,MJ Fisher,0,0,,,,,,lbw,IG McPeake
ball,2,95.5,Wellington Firebirds,JW Hartshorn,TA Blundell,MJ Fisher,0,1,1,,,,,"",""
ball,2,95.6,Wellington Firebirds,JW Hartshorn,TA Blundell,MJ Fisher,0,0,,,,,,"",""
ball,2,95.7,Wellington Firebirds,JW Hartshorn,TA Blundell,MJ Fisher,0,0,,,,,,"",""
ball,2,96.1,Wellington Firebirds,TA Blundell,JW Hartshorn,JH Brown,1,0,,,,,,"",""
ball,2,96.2,Wellington Firebirds,JW Hartshorn,TA Blundell,JH Brown,0,0,,,,,,"",""
ball,2,96.3,Wellington Firebirds,JW Hartshorn,TA Blundell,JH Brown,0,0,,,,,,"",""
ball,2,96.4,Wellington Firebirds,JW Hartshorn,TA Blundell,JH Brown,0,0,,,,,,"",""
ball,2,96.5,Wellington Firebirds,JW Hartshorn,TA Blundell,JH Brown,0,0,,,,,,"",""
ball,2,96.6,Wellington Firebirds,JW Hartshorn,TA Blundell,JH Brown,0,0,,,,,,caught,JW Hartshorn
ball,2,97.1,Wellington Firebirds,TA Blundell,KJ McComb,MJ Fisher,0,0,,,,,,"",""
ball,2,97.2,Wellington Firebirds,TA Blundell,KJ McComb,MJ Fisher,0,0,,,,,,"",""
ball,2,97.3,Wellington Firebirds,TA Blundell,KJ McComb,MJ Fisher,0,0,,,,,,"",""
ball,2,97.4,Wellington Firebirds,TA Blundell,KJ McComb,MJ Fisher,0,0,,,,,,"",""
ball,2,97.5,Wellington Firebirds,TA Blundell,KJ McComb,MJ Fisher,0,0,,,,,,"",""
ball,2,97.6,Wellington Firebirds,TA Blundell,KJ McComb,MJ Fisher,0,0,,,,,,"",""
ball,2,98.1,Wellington Firebirds,KJ McComb,TA Blundell,JH Brown,0,1,1,,,,,"",""
ball,2,98.2,Wellington Firebirds,KJ McComb,TA Blundell,JH Brown,0,0,,,,,,"",""
ball,2,98.3,Wellington Firebirds,KJ McComb,TA Blundell,JH Brown,0,0,,,,,,"",""
ball,2,98.4,Wellington Firebirds,KJ McComb,TA Blundell,JH Brown,0,0,,,,,,"",""
ball,2,98.5,Wellington Firebirds,KJ McComb,TA Blundell,JH Brown,0,0,,,,,,"",""
ball,2,98.6,Wellington Firebirds,KJ McComb,TA Blundell,JH Brown,0,0,,,,,,"",""
ball,2,98.7,Wellington Firebirds,KJ McComb,TA Blundell,JH Brown,0,0,,,,,,"",""
ball,2,99.1,Wellington Firebirds,TA Blundell,KJ McComb,MJ Fisher,2,0,,,,,,"",""
ball,2,99.2,Wellington Firebirds,TA Blundell,KJ McComb,MJ Fisher,0,0,,,,,,"",""
ball,2,99.3,Wellington Firebirds,TA Blundell,KJ McComb,MJ Fisher,4,0,,,,,,"",""
ball,2,99.4,Wellington Firebirds,TA Blundell,KJ McComb,MJ Fisher,0,0,,,,,,"",""
ball,2,99.5,Wellington Firebirds,TA Blundell,KJ McComb,MJ Fisher,4,0,,,,,,"",""
ball,2,99.6,Wellington Firebirds,TA Blundell,KJ McComb,MJ Fisher,0,0,,,,,,"",""
ball,2,100.1,Wellington Firebirds,KJ McComb,TA Blundell,IS Sodhi,0,0,,,,,,"",""
ball,2,100.2,Wellington Firebirds,KJ McComb,TA Blundell,IS Sodhi,0,0,,,,,,"",""
ball,2,100.3,Wellington Firebirds,KJ McComb,TA Blundell,IS Sodhi,0,0,,,,,,"",""
ball,2,100.4,Wellington Firebirds,KJ McComb,TA Blundell,IS Sodhi,0,0,,,,,,"",""
ball,2,100.5,Wellington Firebirds,KJ McComb,TA Blundell,IS Sodhi,0,0,,,,,,"",""
ball,2,100.6,Wellington Firebirds,KJ McComb,TA Blundell,IS Sodhi,0,0,,,,,,bowled,KJ McComb
ball,3,0.1,Northern Districts,FF Lellman,SS Varcoe,NG Smith,0,1,,,,1,,"",""
ball,3,0.2,Northern Districts,SS Varcoe,FF Lellman,NG Smith,0,0,,,,,,"",""
ball,3,0.3,Northern Districts,SS Varcoe,FF Lellman,NG Smith,0,0,,,,,,"",""
ball,3,0.4,Northern Districts,SS Varcoe,FF Lellman,NG Smith,0,0,,,,,,"",""
ball,3,0.5,Northern Districts,SS Varcoe,FF Lellman,NG Smith,0,0,,,,,,"",""
ball,3,0.6,Northern Districts,SS Varcoe,FF Lellman,NG Smith,0,0,,,,,,"",""
ball,3,1.1,Northern Districts,FF Lellman,SS Varcoe,IG McPeake,0,0,,,,,,"",""
ball,3,1.2,Northern Districts,FF Lellman,SS Varcoe,IG McPeake,0,0,,,,,,"",""
ball,3,1.3,Northern Districts,FF Lellman,SS Varcoe,IG McPeake,0,0,,,,,,"",""
ball,3,1.4,Northern Districts,FF Lellman,SS Varcoe,IG McPeake,0,0,,,,,,"",""
ball,3,1.5,Northern Districts,FF Lellman,SS Varcoe,IG McPeake,4,0,,,,,,"",""
ball,3,1.6,Northern Districts,FF Lellman,SS Varcoe,IG McPeake,0,0,,,,,,"",""
ball,3,2.1,Northern Districts,SS Varcoe,FF Lellman,NG Smith,0,0,,,,,,"",""
ball,3,2.2,Northern Districts,SS Varcoe,FF Lellman,NG Smith,0,0,,,,,,"",""
ball,3,2.3,Northern Districts,SS Varcoe,FF Lellman,NG Smith,0,0,,,,,,"",""
ball,3,2.4,Northern Districts,SS Varcoe,FF Lellman,NG Smith,0,0,,,,,,"",""
ball,3,2.5,Northern Districts,SS Varcoe,FF Lellman,NG Smith,0,0,,,,,,"",""
ball,3,2.6,Northern Districts,SS Varcoe,FF Lellman,NG Smith,0,0,,,,,,"",""
ball,3,3.1,Northern Districts,FF Lellman,SS Varcoe,IG McPeake,0,0,,,,,,"",""
ball,3,3.2,Northern Districts,FF Lellman,SS Varcoe,IG McPeake,0,0,,,,,,"",""
ball,3,3.3,Northern Districts,FF Lellman,SS Varcoe,IG McPeake,0,0,,,,,,"",""
ball,3,3.4,Northern Districts,FF Lellman,SS Varcoe,IG McPeake,0,0,,,,,,"",""
ball,3,3.5,Northern Districts,FF Lellman,SS Varcoe,IG McPeake,0,0,,,,,,"",""
ball,3,3.6,Northern Districts,FF Lellman,SS Varcoe,IG McPeake,0,0,,,,,,"",""
ball,3,4.1,Northern Districts,SS Varcoe,FF Lellman,NG Smith,0,0,,,,,,"",""
ball,3,4.2,Northern Districts,SS Varcoe,FF Lellman,NG Smith,0,0,,,,,,"",""
ball,3,4.3,Northern Districts,SS Varcoe,FF Lellman,NG Smith,0,0,,,,,,"",""
ball,3,4.4,Northern Districts,SS Varcoe,FF Lellman,NG Smith,0,0,,,,,,bowled,SS Varcoe
ball,3,4.5,Northern Districts,SK Patel,FF Lellman,NG Smith,0,0,,,,,,lbw,SK Patel
ball,3,4.6,Northern Districts,CJ Swanson,FF Lellman,NG Smith,0,0,,,,,,"",""
ball,3,5.1,Northern Districts,FF Lellman,CJ Swanson,IG McPeake,0,0,,,,,,"",""
ball,3,5.2,Northern Districts,FF Lellman,CJ Swanson,IG McPeake,0,0,,,,,,"",""
ball,3,5.3,Northern Districts,FF Lellman,CJ Swanson,IG McPeake,0,0,,,,,,"",""
ball,3,5.4,Northern Districts,FF Lellman,CJ Swanson,IG McPeake,0,0,,,,,,"",""
ball,3,5.5,Northern Districts,FF Lellman,CJ Swanson,IG McPeake,0,0,,,,,,"",""
ball,3,5.6,Northern Districts,FF Lellman,CJ Swanson,IG McPeake,2,0,,,,,,"",""
ball,3,6.1,Northern Districts,CJ Swanson,FF Lellman,NG Smith,0,0,,,,,,"",""
ball,3,6.2,Northern Districts,CJ Swanson,FF Lellman,NG Smith,0,0,,,,,,"",""
ball,3,6.3,Northern Districts,CJ Swanson,FF Lellman,NG Smith,0,0,,,,,,"",""
ball,3,6.4,Northern Districts,CJ Swanson,FF Lellman,NG Smith,0,0,,,,,,"",""
ball,3,6.5,Northern Districts,CJ Swanson,FF Lellman,NG Smith,1,0,,,,,,"",""
ball,3,6.6,Northern Districts,FF Lellman,CJ Swanson,NG Smith,0,0,,,,,,bowled,FF Lellman
ball,3,7.1,Northern Districts,CJ Swanson,RPO Drysdale,IG McPeake,0,0,,,,,,"",""
ball,3,7.2,Northern Districts,CJ Swanson,RPO Drysdale,IG McPeake,0,0,,,,,,"",""
ball,3,7.3,Northern Districts,CJ Swanson,RPO Drysdale,IG McPeake,0,0,,,,,,"",""
ball,3,7.4,Northern Districts,CJ Swanson,RPO Drysdale,IG McPeake,2,0,,,,,,"",""
ball,3,7.5,Northern Districts,CJ Swanson,RPO Drysdale,IG McPeake,0,0,,,,,,"",""
ball,3,7.6,Northern Districts,CJ Swanson,RPO Drysdale,IG McPeake,1,0,,,,,,"",""
ball,3,8.1,Northern Districts,CJ Swanson,RPO Drysdale,NG Smith,0,0,,,,,,"",""
ball,3,8.2,Northern Districts,CJ Swanson,RPO Drysdale,NG Smith,0,0,,,,,,"",""
ball,3,8.3,Northern Districts,CJ Swanson,RPO Drysdale,NG Smith,0,0,,,,,,"",""
ball,3,8.4,Northern Districts,CJ Swanson,RPO Drysdale,NG Smith,0,4,,,4,,,"",""
ball,3,8.5,Northern Districts,CJ Swanson,RPO Drysdale,NG Smith,1,0,,,,,,"",""
ball,3,8.6,Northern Districts,RPO Drysdale,CJ Swanson,NG Smith,0,0,,,,,,"",""
ball,3,9.1,Northern Districts,CJ Swanson,RPO Drysdale,IG McPeake,0,1,1,,,,,"",""
ball,3,9.2,Northern Districts,CJ Swanson,RPO Drysdale,IG McPeake,1,0,,,,,,"",""
ball,3,9.3,Northern Districts,RPO Drysdale,CJ Swanson,IG McPeake,0,0,,,,,,"",""
ball,3,9.4,Northern Districts,RPO Drysdale,CJ Swanson,IG McPeake,0,0,,,,,,"",""
ball,3,9.5,Northern Districts,RPO Drysdale,CJ Swanson,IG McPeake,0,0,,,,,,"",""
ball,3,9.6,Northern Districts,RPO Drysdale,CJ Swanson,IG McPeake,1,0,,,,,,"",""
ball,3,9.7,Northern Districts,CJ Swanson,RPO Drysdale,IG McPeake,0,0,,,,,,"",""
ball,3,10.1,Northern Districts,RPO Drysdale,CJ Swanson,NG Smith,0,0,,,,,,"",""
ball,3,10.2,Northern Districts,RPO Drysdale,CJ Swanson,NG Smith,0,0,,,,,,"",""
ball,3,10.3,Northern Districts,RPO Drysdale,CJ Swanson,NG Smith,0,0,,,,,,"",""
ball,3,10.4,Northern Districts,RPO Drysdale,CJ Swanson,NG Smith,6,0,,,,,,"",""
ball,3,10.5,Northern Districts,RPO Drysdale,CJ Swanson,NG Smith,2,0,,,,,,"",""
ball,3,10.6,Northern Districts,RPO Drysdale,CJ Swanson,NG Smith,0,0,,,,,,"",""
ball,3,11.1,Northern Districts,CJ Swanson,RPO Drysdale,JW Hartshorn,1,0,,,,,,"",""
ball,3,11.2,Northern Districts,RPO Drysdale,CJ Swanson,JW Hartshorn,0,0,,,,,,"",""
ball,3,11.3,Northern Districts,RPO Drysdale,CJ Swanson,JW Hartshorn,0,0,,,,,,"",""
ball,3,11.4,Northern Districts,RPO Drysdale,CJ Swanson,JW Hartshorn,0,0,,,,,,"",""
ball,3,11.5,Northern Districts,RPO Drysdale,CJ Swanson,JW Hartshorn,0,0,,,,,,"",""
ball,3,11.6,Northern Districts,RPO Drysdale,CJ Swanson,JW Hartshorn,0,0,,,,,,"",""
ball,3,12.1,Northern Districts,CJ Swanson,RPO Drysdale,NG Smith,0,0,,,,,,"",""
ball,3,12.2,Northern Districts,CJ Swanson,RPO Drysdale,NG Smith,0,0,,,,,,"",""
ball,3,12.3,Northern Districts,CJ Swanson,RPO Drysdale,NG Smith,4,0,,,,,,"",""
ball,3,12.4,Northern Districts,CJ Swanson,RPO Drysdale,NG Smith,0,0,,,,,,lbw,CJ Swanson
ball,3,12.5,Northern Districts,BJ Pomare,RPO Drysdale,NG Smith,1,0,,,,,,"",""
ball,3,12.6,Northern Districts,RPO Drysdale,BJ Pomare,NG Smith,3,0,,,,,,"",""
ball,3,13.1,Northern Districts,RPO Drysdale,BJ Pomare,JW Hartshorn,3,0,,,,,,"",""
ball,3,13.2,Northern Districts,BJ Pomare,RPO Drysdale,JW Hartshorn,0,0,,,,,,"",""
ball,3,13.3,Northern Districts,BJ Pomare,RPO Drysdale,JW Hartshorn,1,0,,,,,,"",""
ball,3,13.4,Northern Districts,RPO Drysdale,BJ Pomare,JW Hartshorn,0,0,,,,,,"",""
ball,3,13.5,Northern Districts,RPO Drysdale,BJ Pomare,JW Hartshorn,0,0,,,,,,"",""
ball,3,13.6,Northern Districts,RPO Drysdale,BJ Pomare,JW Hartshorn,0,0,,,,,,"",""
ball,3,14.1,Northern Districts,BJ Pomare,RPO Drysdale,IG McPeake,0,0,,,,,,"",""
ball,3,14.2,Northern Districts,BJ Pomare,RPO Drysdale,IG McPeake,0,2,,,,2,,"",""
ball,3,14.3,Northern Districts,BJ Pomare,RPO Drysdale,IG McPeake,3,0,,,,,,"",""
ball,3,14.4,Northern Districts,RPO Drysdale,BJ Pomare,IG McPeake,4,0,,,,,,"",""
ball,3,14.5,Northern Districts,RPO Drysdale,BJ Pomare,IG McPeake,3,0,,,,,,"",""
ball,3,14.6,Northern Districts,BJ Pomare,RPO Drysdale,IG McPeake,0,0,,,,,,"",""
ball,3,15.1,Northern Districts,RPO Drysdale,BJ Pomare,JW Hartshorn,0,0,,,,,,"",""
ball,3,15.2,Northern Districts,RPO Drysdale,BJ Pomare,JW Hartshorn,0,0,,,,,,"",""
ball,3,15.3,Northern Districts,RPO Drysdale,BJ Pomare,JW Hartshorn,0,0,,,,,,"",""
ball,3,15.4,Northern Districts,RPO Drysdale,BJ Pomare,JW Hartshorn,0,1,,,,1,,"",""
ball,3,15.5,Northern Districts,BJ Pomare,RPO Drysdale,JW Hartshorn,0,0,,,,,,"",""
ball,3,15.6,Northern Districts,BJ Pomare,RPO Drysdale,JW Hartshorn,2,0,,,,,,"",""
ball,3,16.1,Northern Districts,RPO Drysdale,BJ Pomare,PF Younghusband,2,0,,,,,,"",""
ball,3,16.2,Northern Districts,RPO Drysdale,BJ Pomare,PF Younghusband,1,0,,,,,,"",""
ball,3,16.3,Northern Districts,BJ Pomare,RPO Drysdale,PF Younghusband,0,0,,,,,,"",""
ball,3,16.4,Northern Districts,BJ Pomare,RPO Drysdale,PF Younghusband,0,0,,,,,,"",""
ball,3,16.5,Northern Districts,BJ Pomare,RPO Drysdale,PF Younghusband,1,0,,,,,,"",""
ball,3,16.6,Northern Districts,RPO Drysdale,BJ Pomare,PF Younghusband,0,0,,,,,,"",""
ball,3,17.1,Northern Districts,BJ Pomare,RPO Drysdale,JW Hartshorn,0,0,,,,,,"",""
ball,3,17.2,Northern Districts,BJ Pomare,RPO Drysdale,JW Hartshorn,0,0,,,,,,"",""
ball,3,17.3,Northern Districts,BJ Pomare,RPO Drysdale,JW Hartshorn,0,0,,,,,,"",""
ball,3,17.4,Northern Districts,BJ Pomare,RPO Drysdale,JW Hartshorn,0,0,,,,,,"",""
ball,3,17.5,Northern Districts,BJ Pomare,RPO Drysdale,JW Hartshorn,0,0,,,,,,"",""
ball,3,17.6,Northern Districts,BJ Pomare,RPO Drysdale,JW Hartshorn,0,0,,,,,,"",""
ball,3,18.1,Northern Districts,RPO Drysdale,BJ Pomare,PF Younghusband,0,0,,,,,,"",""
ball,3,18.2,Northern Districts,RPO Drysdale,BJ Pomare,PF Younghusband,0,1,,,1,,,"",""
ball,3,18.3,Northern Districts,BJ Pomare,RPO Drysdale,PF Younghusband,0,0,,,,,,"",""
ball,3,18.4,Northern Districts,BJ Pomare,RPO Drysdale,PF Younghusband,2,0,,,,,,"",""
ball,3,18.5,Northern Districts,BJ Pomare,RPO Drysdale,PF Younghusband,0,0,,,,,,"",""
ball,3,18.6,Northern Districts,BJ Pomare,RPO Drysdale,PF Younghusband,0,0,,,,,,"",""
ball,3,19.1,Northern Districts,RPO Drysdale,BJ Pomare,R Ravindra,0,0,,,,,,"",""
ball,3,19.2,Northern Districts,RPO Drysdale,BJ Pomare,R Ravindra,4,0,,,,,,"",""
ball,3,19.3,Northern Districts,RPO Drysdale,BJ Pomare,R Ravindra,1,0,,,,,,"",""
ball,3,19.4,Northern Districts,BJ Pomare,RPO Drysdale,R Ravindra,4,0,,,,,,"",""
ball,3,19.5,Northern Districts,BJ Pomare,RPO Drysdale,R Ravindra,0,0,,,,,,"",""
ball,3,19.6,Northern Districts,BJ Pomare,RPO Drysdale,R Ravindra,1,0,,,,,,"",""
ball,3,20.1,Northern Districts,BJ Pomare,RPO Drysdale,NG Smith,0,0,,,,,,"",""
ball,3,20.2,Northern Districts,BJ Pomare,RPO Drysdale,NG Smith,3,0,,,,,,"",""
ball,3,20.3,Northern Districts,RPO Drysdale,BJ Pomare,NG Smith,0,0,,,,,,"",""
ball,3,20.4,Northern Districts,RPO Drysdale,BJ Pomare,NG Smith,2,0,,,,,,"",""
ball,3,20.5,Northern Districts,RPO Drysdale,BJ Pomare,NG Smith,0,0,,,,,,"",""
ball,3,20.6,Northern Districts,RPO Drysdale,BJ Pomare,NG Smith,0,0,,,,,,"",""
ball,3,21.1,Northern Districts,BJ Pomare,RPO Drysdale,PF Younghusband,2,0,,,,,,"",""
ball,3,21.2,Northern Districts,BJ Pomare,RPO Drysdale,PF Younghusband,0,0,,,,,,"",""
ball,3,21.3,Northern Districts,BJ Pomare,RPO Drysdale,PF Younghusband,3,0,,,,,,"",""
ball,3,21.4,Northern Districts,RPO Drysdale,BJ Pomare,PF Younghusband,0,0,,,,,,"",""
ball,3,21.5,Northern Districts,RPO Drysdale,BJ Pomare,PF Younghusband,0,0,,,,,,"",""
ball,3,21.6,Northern Districts,RPO Drysdale,BJ Pomare,PF Younghusband,0,0,,,,,,"",""
ball,3,22.1,Northern Districts,BJ Pomare,RPO Drysdale,NG Smith,0,0,,,,,,"",""
ball,3,22.2,Northern Districts,BJ Pomare,RPO Drysdale,NG Smith,0,0,,,,,,bowled,BJ Pomare
ball,3,22.3,Northern Districts,KDC Clarke,RPO Drysdale,NG Smith,0,0,,,,,,"",""
ball,3,22.4,Northern Districts,KDC Clarke,RPO Drysdale,NG Smith,0,4,,,4,,,"",""
ball,3,22.5,Northern Districts,KDC Clarke,RPO Drysdale,NG Smith,0,0,,,,,,"",""
ball,3,22.6,Northern Districts,KDC Clarke,RPO Drysdale,NG Smith,0,0,,,,,,"",""
ball,3,23.1,Northern Districts,RPO Drysdale,KDC Clarke,PF Younghusband,0,0,,,,,,"",""
ball,3,23.2,Northern Districts,RPO Drysdale,KDC Clarke,PF Younghusband,0,0,,,,,,"",""
ball,3,23.3,Northern Districts,RPO Drysdale,KDC Clarke,PF Younghusband,0,0,,,,,,"",""
ball,3,23.4,Northern Districts,RPO Drysdale,KDC Clarke,PF Younghusband,0,0,,,,,,"",""
ball,3,23.5,Northern Districts,RPO Drysdale,KDC Clarke,PF Younghusband,2,0,,,,,,"",""
ball,3,23.6,Northern Districts,RPO Drysdale,KDC Clarke,PF Younghusband,2,0,,,,,,"",""
ball,3,24.1,Northern Districts,KDC Clarke,RPO Drysdale,NG Smith,0,0,,,,,,"",""
ball,3,24.2,Northern Districts,KDC Clarke,RPO Drysdale,NG Smith,0,0,,,,,,"",""
ball,3,24.3,Northern Districts,KDC Clarke,RPO Drysdale,NG Smith,0,0,,,,,,"",""
ball,3,24.4,Northern Districts,KDC Clarke,RPO Drysdale,NG Smith,0,0,,,,,,"",""
ball,3,24.5,Northern Districts,KDC Clarke,RPO Drysdale,NG Smith,0,0,,,,,,"",""
ball,3,24.6,Northern Districts,KDC Clarke,RPO Drysdale,NG Smith,0,0,,,,,,"",""
ball,3,25.1,Northern Districts,RPO Drysdale,KDC Clarke,PF Younghusband,1,0,,,,,,"",""
ball,3,25.2,Northern Districts,KDC Clarke,RPO Drysdale,PF Younghusband,0,0,,,,,,"",""
ball,3,25.3,Northern Districts,KDC Clarke,RPO Drysdale,PF Younghusband,0,0,,,,,,"",""
ball,3,25.4,Northern Districts,KDC Clarke,RPO Drysdale,PF Younghusband,0,0,,,,,,"",""
ball,3,25.5,Northern Districts,KDC Clarke,RPO Drysdale,PF Younghusband,0,0,,,,,,"",""
ball,3,25.6,Northern Districts,KDC Clarke,RPO Drysdale,PF Younghusband,0,0,,,,,,"",""
ball,3,26.1,Northern Districts,RPO Drysdale,KDC Clarke,NG Smith,0,0,,,,,,"",""
ball,3,26.2,Northern Districts,RPO Drysdale,KDC Clarke,NG Smith,0,0,,,,,,"",""
ball,3,26.3,Northern Districts,RPO Drysdale,KDC Clarke,NG Smith,0,0,,,,,,"",""
ball,3,26.4,Northern Districts,RPO Drysdale,KDC Clarke,NG Smith,4,0,,,,,,"",""
ball,3,26.5,Northern Districts,RPO Drysdale,KDC Clarke,NG Smith,0,0,,,,,,"",""
ball,3,26.6,Northern Districts,RPO Drysdale,KDC Clarke,NG Smith,0,0,,,,,,"",""
ball,3,27.1,Northern Districts,KDC Clarke,RPO Drysdale,PF Younghusband,0,0,,,,,,"",""
ball,3,27.2,Northern Districts,KDC Clarke,RPO Drysdale,PF Younghusband,0,0,,,,,,"",""
ball,3,27.3,Northern Districts,KDC Clarke,RPO Drysdale,PF Younghusband,0,0,,,,,,"",""
ball,3,27.4,Northern Districts,KDC Clarke,RPO Drysdale,PF Younghusband,0,0,,,,,,"",""
ball,3,27.5,Northern Districts,KDC Clarke,RPO Drysdale,PF Younghusband,0,0,,,,,,"",""
ball,3,27.6,Northern Districts,KDC Clarke,RPO Drysdale,PF Younghusband,0,0,,,,,,"",""
ball,3,28.1,Northern Districts,RPO Drysdale,KDC Clarke,NG Smith,1,0,,,,,,"",""
ball,3,28.2,Northern Districts,KDC Clarke,RPO Drysdale,NG Smith,0,0,,,,,,"",""
ball,3,28.3,Northern Districts,KDC Clarke,RPO Drysdale,NG Smith,0,0,,,,,,"",""
ball,3,28.4,Northern Districts,KDC Clarke,RPO Drysdale,NG Smith,3,0,,,,,,"",""
ball,3,28.5,Northern Districts,RPO Drysdale,KDC Clarke,NG Smith,0,0,,,,,,"",""
ball,3,28.6,Northern Districts,RPO Drysdale,KDC Clarke,NG Smith,0,0,,,,,,"",""
ball,3,29.1,Northern Districts,KDC Clarke,RPO Drysdale,PF Younghusband,0,0,,,,,,"",""
ball,3,29.2,Northern Districts,KDC Clarke,RPO Drysdale,PF Younghusband,0,0,,,,,,"",""
ball,3,29.3,Northern Districts,KDC Clarke,RPO Drysdale,PF Younghusband,0,0,,,,,,"",""
ball,3,29.4,Northern Districts,KDC Clarke,RPO Drysdale,PF Younghusband,0,0,,,,,,"",""
ball,3,29.5,Northern Districts,KDC Clarke,RPO Drysdale,PF Younghusband,0,0,,,,,,"",""
ball,3,29.6,Northern Districts,KDC Clarke,RPO Drysdale,PF Younghusband,0,0,,,,,,"",""
ball,3,30.1,Northern Districts,RPO Drysdale,KDC Clarke,JW Hartshorn,0,0,,,,,,"",""
ball,3,30.2,Northern Districts,RPO Drysdale,KDC Clarke,JW Hartshorn,0,0,,,,,,"",""
ball,3,30.3,Northern Districts,RPO Drysdale,KDC Clarke,JW Hartshorn,1,0,,,,,,"",""
ball,3,30.4,Northern Districts,KDC Clarke,RPO Drysdale,JW Hartshorn,0,0,,,,,,"",""
ball,3,30.5,Northern Districts,KDC Clarke,RPO Drysdale,JW Hartshorn,0,0,,,,,,"",""
ball,3,30.6,Northern Districts,KDC Clarke,RPO Drysdale,JW Hartshorn,0,0,,,,,,"",""
ball,3,31.1,Northern Districts,RPO Drysdale,KDC Clarke,PF Younghusband,0,0,,,,,,"",""
ball,3,31.2,Northern Districts,RPO Drysdale,KDC Clarke,PF Younghusband,0,0,,,,,,"",""
ball,3,31.3,Northern Districts,RPO Drysdale,KDC Clarke,PF Younghusband,2,0,,,,,,"",""
ball,3,31.4,Northern Districts,RPO Drysdale,KDC Clarke,PF Younghusband,0,0,,,,,,"",""
ball,3,31.5,Northern Districts,RPO Drysdale,KDC Clarke,PF Younghusband,4,0,,,,,,"",""
ball,3,31.6,Northern Districts,RPO Drysdale,KDC Clarke,PF Younghusband,1,0,,,,,,"",""
ball,3,32.1,Northern Districts,RPO Drysdale,KDC Clarke,JW Hartshorn,0,0,,,,,,"",""
ball,3,32.2,Northern Districts,RPO Drysdale,KDC Clarke,JW Hartshorn,0,0,,,,,,"",""
ball,3,32.3,Northern Districts,RPO Drysdale,KDC Clarke,JW Hartshorn,4,0,,,,,,"",""
ball,3,32.4,Northern Districts,RPO Drysdale,KDC Clarke,JW Hartshorn,3,0,,,,,,"",""
ball,3,32.5,Northern Districts,KDC Clarke,RPO Drysdale,JW Hartshorn,1,0,,,,,,"",""
ball,3,32.6,Northern Districts,RPO Drysdale,KDC Clarke,JW Hartshorn,0,0,,,,,,"",""
ball,3,33.1,Northern Districts,KDC Clarke,RPO Drysdale,PF Younghusband,0,0,,,,,,"",""
ball,3,33.2,Northern Districts,KDC Clarke,RPO Drysdale,PF Younghusband,0,0,,,,,,"",""
ball,3,33.3,Northern Districts,KDC Clarke,RPO Drysdale,PF Younghusband,0,0,,,,,,"",""
ball,3,33.4,Northern Districts,KDC Clarke,RPO Drysdale,PF Younghusband,0,0,,,,,,"",""
ball,3,33.5,Northern Districts,KDC Clarke,RPO Drysdale,PF Younghusband,4,0,,,,,,"",""
ball,3,33.6,Northern Districts,KDC Clarke,RPO Drysdale,PF Younghusband,0,0,,,,,,"",""
ball,3,34.1,Northern Districts,RPO Drysdale,KDC Clarke,JW Hartshorn,0,0,,,,,,"",""
ball,3,34.2,Northern Districts,RPO Drysdale,KDC Clarke,JW Hartshorn,0,0,,,,,,"",""
ball,3,34.3,Northern Districts,RPO Drysdale,KDC Clarke,JW Hartshorn,2,0,,,,,,"",""
ball,3,34.4,Northern Districts,RPO Drysdale,KDC Clarke,JW Hartshorn,0,0,,,,,,"",""
ball,3,34.5,Northern Districts,RPO Drysdale,KDC Clarke,JW Hartshorn,0,0,,,,,,"",""
ball,3,34.6,Northern Districts,RPO Drysdale,KDC Clarke,JW Hartshorn,0,0,,,,,,"",""
ball,3,35.1,Northern Districts,KDC Clarke,RPO Drysdale,PF Younghusband,0,0,,,,,,"",""
ball,3,35.2,Northern Districts,KDC Clarke,RPO Drysdale,PF Younghusband,0,0,,,,,,"",""
ball,3,35.3,Northern Districts,KDC Clarke,RPO Drysdale,PF Younghusband,0,0,,,,,,"",""
ball,3,35.4,Northern Districts,KDC Clarke,RPO Drysdale,PF Younghusband,0,0,,,,,,"",""
ball,3,35.5,Northern Districts,KDC Clarke,RPO Drysdale,PF Younghusband,1,0,,,,,,"",""
ball,3,35.6,Northern Districts,RPO Drysdale,KDC Clarke,PF Younghusband,0,0,,,,,,"",""
ball,3,36.1,Northern Districts,KDC Clarke,RPO Drysdale,JW Hartshorn,1,0,,,,,,"",""
ball,3,36.2,Northern Districts,RPO Drysdale,KDC Clarke,JW Hartshorn,0,0,,,,,,"",""
ball,3,36.3,Northern Districts,RPO Drysdale,KDC Clarke,JW Hartshorn,0,0,,,,,,"",""
ball,3,36.4,Northern Districts,RPO Drysdale,KDC Clarke,JW Hartshorn,0,0,,,,,,"",""
ball,3,36.5,Northern Districts,RPO Drysdale,KDC Clarke,JW Hartshorn,1,0,,,,,,"",""
ball,3,36.6,Northern Districts,KDC Clarke,RPO Drysdale,JW Hartshorn,0,0,,,,,,"",""
ball,3,37.1,Northern Districts,RPO Drysdale,KDC Clarke,PF Younghusband,0,0,,,,,,"",""
ball,3,37.2,Northern Districts,RPO Drysdale,KDC Clarke,PF Younghusband,1,0,,,,,,"",""
ball,3,37.3,Northern Districts,KDC Clarke,RPO Drysdale,PF Younghusband,0,0,,,,,,"",""
ball,3,37.4,Northern Districts,KDC Clarke,RPO Drysdale,PF Younghusband,0,0,,,,,,"",""
ball,3,37.5,Northern Districts,KDC Clarke,RPO Drysdale,PF Younghusband,0,0,,,,,,"",""
ball,3,37.6,Northern Districts,KDC Clarke,RPO Drysdale,PF Younghusband,0,0,,,,,,"",""
ball,3,38.1,Northern Districts,RPO Drysdale,KDC Clarke,KJ McComb,1,0,,,,,,"",""
ball,3,38.2,Northern Districts,KDC Clarke,RPO Drysdale,KJ McComb,0,0,,,,,,"",""
ball,3,38.3,Northern Districts,KDC Clarke,RPO Drysdale,KJ McComb,0,0,,,,,,"",""
ball,3,38.4,Northern Districts,KDC Clarke,RPO Drysdale,KJ McComb,0,0,,,,,,"",""
ball,3,38.5,Northern Districts,KDC Clarke,RPO Drysdale,KJ McComb,0,0,,,,,,"",""
ball,3,38.6,Northern Districts,KDC Clarke,RPO Drysdale,KJ McComb,0,0,,,,,,"",""
ball,3,39.1,Northern Districts,RPO Drysdale,KDC Clarke,PF Younghusband,0,0,,,,,,"",""
ball,3,39.2,Northern Districts,RPO Drysdale,KDC Clarke,PF Younghusband,0,0,,,,,,"",""
ball,3,39.3,Northern Districts,RPO Drysdale,KDC Clarke,PF Younghusband,0,0,,,,,,lbw,RPO Drysdale
ball,3,39.4,Northern Districts,IS Sodhi,KDC Clarke,PF Younghusband,0,0,,,,,,"",""
ball,3,39.5,Northern Districts,IS Sodhi,KDC Clarke,PF Younghusband,0,0,,,,,,"",""
ball,3,39.6,Northern Districts,IS Sodhi,KDC Clarke,PF Younghusband,0,0,,,,,,"",""
ball,3,40.1,Northern Districts,KDC Clarke,IS Sodhi,KJ McComb,2,0,,,,,,"",""
ball,3,40.2,Northern Districts,KDC Clarke,IS Sodhi,KJ McComb,1,0,,,,,,"",""
ball,3,40.3,Northern Districts,IS Sodhi,KDC Clarke,KJ McComb,0,0,,,,,,"",""
ball,3,40.4,Northern Districts,IS Sodhi,KDC Clarke,KJ McComb,0,0,,,,,,"",""
ball,3,40.5,Northern Districts,IS Sodhi,KDC Clarke,KJ McComb,0,0,,,,,,"",""
ball,3,40.6,Northern Districts,IS Sodhi,KDC Clarke,KJ McComb,0,0,,,,,,"",""
ball,3,41.1,Northern Districts,KDC Clarke,IS Sodhi,PF Younghusband,0,0,,,,,,"",""
ball,3,41.2,Northern Districts,KDC Clarke,IS Sodhi,PF Younghusband,0,0,,,,,,"",""
ball,3,41.3,Northern Districts,KDC Clarke,IS Sodhi,PF Younghusband,6,0,,,,,,"",""
ball,3,41.4,Northern Districts,KDC Clarke,IS Sodhi,PF Younghusband,1,0,,,,,,"",""
ball,3,41.5,Northern Districts,IS Sodhi,KDC Clarke,PF Younghusband,0,0,,,,,,"",""
ball,3,41.6,Northern Districts,IS Sodhi,KDC Clarke,PF Younghusband,0,0,,,,,,"",""
ball,3,42.1,Northern Districts,KDC Clarke,IS Sodhi,KJ McComb,0,0,,,,,,"",""
ball,3,42.2,Northern Districts,KDC Clarke,IS Sodhi,KJ McComb,0,0,,,,,,"",""
ball,3,42.3,Northern Districts,KDC Clarke,IS Sodhi,KJ McComb,0,0,,,,,,"",""
ball,3,42.4,Northern Districts,KDC Clarke,IS Sodhi,KJ McComb,0,0,,,,,,"",""
ball,3,42.5,Northern Districts,KDC Clarke,IS Sodhi,KJ McComb,0,0,,,,,,"",""
ball,3,42.6,Northern Districts,KDC Clarke,IS Sodhi,KJ McComb,0,0,,,,,,"",""
ball,3,43.1,Northern Districts,IS Sodhi,KDC Clarke,PF Younghusband,1,0,,,,,,"",""
ball,3,43.2,Northern Districts,KDC Clarke,IS Sodhi,PF Younghusband,2,0,,,,,,"",""
ball,3,43.3,Northern Districts,KDC Clarke,IS Sodhi,PF Younghusband,0,0,,,,,,"",""
ball,3,43.4,Northern Districts,KDC Clarke,IS Sodhi,PF Younghusband,0,0,,,,,,"",""
ball,3,43.5,Northern Districts,KDC Clarke,IS Sodhi,PF Younghusband,0,0,,,,,,"",""
ball,3,43.6,Northern Districts,KDC Clarke,IS Sodhi,PF Younghusband,0,0,,,,,,"",""
ball,3,44.1,Northern Districts,IS Sodhi,KDC Clarke,KJ McComb,0,0,,,,,,"",""
ball,3,44.2,Northern Districts,IS Sodhi,KDC Clarke,KJ McComb,0,0,,,,,,"",""
ball,3,44.3,Northern Districts,IS Sodhi,KDC Clarke,KJ McComb,0,0,,,,,,"",""
ball,3,44.4,Northern Districts,IS Sodhi,KDC Clarke,KJ McComb,0,0,,,,,,"",""
ball,3,44.5,Northern Districts,IS Sodhi,KDC Clarke,KJ McComb,2,0,,,,,,"",""
ball,3,44.6,Northern Districts,IS Sodhi,KDC Clarke,KJ McComb,0,0,,,,,,"",""
ball,3,45.1,Northern Districts,KDC Clarke,IS Sodhi,PF Younghusband,3,0,,,,,,"",""
ball,3,45.2,Northern Districts,IS Sodhi,KDC Clarke,PF Younghusband,0,0,,,,,,"",""
ball,3,45.3,Northern Districts,IS Sodhi,KDC Clarke,PF Younghusband,0,0,,,,,,"",""
ball,3,45.4,Northern Districts,IS Sodhi,KDC Clarke,PF Younghusband,0,0,,,,,,"",""
ball,3,45.5,Northern Districts,IS Sodhi,KDC Clarke,PF Younghusband,0,0,,,,,,caught,IS Sodhi
ball,3,45.6,Northern Districts,JH Brown,KDC Clarke,PF Younghusband,0,0,,,,,,"",""
ball,3,46.1,Northern Districts,KDC Clarke,JH Brown,KJ McComb,1,0,,,,,,"",""
ball,3,46.2,Northern Districts,JH Brown,KDC Clarke,KJ McComb,0,0,,,,,,"",""
ball,3,46.3,Northern Districts,JH Brown,KDC Clarke,KJ McComb,1,0,,,,,,"",""
ball,3,46.4,Northern Districts,KDC Clarke,JH Brown,KJ McComb,0,0,,,,,,"",""
ball,3,46.5,Northern Districts,KDC Clarke,JH Brown,KJ McComb,0,0,,,,,,lbw,KDC Clarke
ball,3,46.6,Northern Districts,SS Johnston,JH Brown,KJ McComb,0,0,,,,,,"",""
ball,3,47.1,Northern Districts,JH Brown,SS Johnston,PF Younghusband,0,0,,,,,,"",""
ball,3,47.2,Northern Districts,JH Brown,SS Johnston,PF Younghusband,0,0,,,,,,caught,JH Brown
ball,3,47.3,Northern Districts,MJ Fisher,SS Johnston,PF Younghusband,0,1,,,1,,,"",""
ball,3,47.4,Northern Districts,SS Johnston,MJ Fisher,PF Younghusband,0,0,,,,,,"",""
ball,3,47.5,Northern Districts,SS Johnston,MJ Fisher,PF Younghusband,1,0,,,,,,"",""
ball,3,47.6,Northern Districts,MJ Fisher,SS Johnston,PF Younghusband,0,0,,,,,,"",""
ball,3,48.1,Northern Districts,SS Johnston,MJ Fisher,KJ McComb,0,0,,,,,,"",""
ball,3,48.2,Northern Districts,SS Johnston,MJ Fisher,KJ McComb,0,0,,,,,,"",""
ball,3,48.3,Northern Districts,SS Johnston,MJ Fisher,KJ McComb,0,0,,,,,,"",""
ball,3,48.4,Northern Districts,SS Johnston,MJ Fisher,KJ McComb,1,0,,,,,,"",""
ball,3,48.5,Northern Districts,MJ Fisher,SS Johnston,KJ McComb,0,0,,,,,,"",""
ball,3,48.6,Northern Districts,MJ Fisher,SS Johnston,KJ McComb,0,0,,,,,,"",""
ball,3,49.1,Northern Districts,SS Johnston,MJ Fisher,PF Younghusband,0,0,,,,,,"",""
ball,3,49.2,Northern Districts,SS Johnston,MJ Fisher,PF Younghusband,0,0,,,,,,"",""
ball,3,49.3,Northern Districts,SS Johnston,MJ Fisher,PF Younghusband,0,0,,,,,,"",""
ball,3,49.4,Northern Districts,SS Johnston,MJ Fisher,PF Younghusband,0,0,,,,,,"",""
ball,3,49.5,Northern Districts,SS Johnston,MJ Fisher,PF Younghusband,0,0,,,,,,"",""
ball,3,49.6,Northern Districts,SS Johnston,MJ Fisher,PF Younghusband,0,0,,,,,,"",""
ball,3,50.1,Northern Districts,MJ Fisher,SS Johnston,KJ McComb,0,0,,,,,,"",""
ball,3,50.2,Northern Districts,MJ Fisher,SS Johnston,KJ McComb,0,0,,,,,,"",""
ball,3,50.3,Northern Districts,MJ Fisher,SS Johnston,KJ McComb,0,0,,,,,,"",""
ball,3,50.4,Northern Districts,MJ Fisher,SS Johnston,KJ McComb,0,0,,,,,,"",""
ball,3,50.5,Northern Districts,MJ Fisher,SS Johnston,KJ McComb,0,0,,,,,,"",""
ball,3,50.6,Northern Districts,MJ Fisher,SS Johnston,KJ McComb,0,0,,,,,,"",""
ball,3,51.1,Northern Districts,SS Johnston,MJ Fisher,PF Younghusband,0,0,,,,,,"",""
ball,3,51.2,Northern Districts,SS Johnston,MJ Fisher,PF Younghusband,0,0,,,,,,"",""
ball,3,51.3,Northern Districts,SS Johnston,MJ Fisher,PF Younghusband,0,0,,,,,,"",""
ball,3,51.4,Northern Districts,SS Johnston,MJ Fisher,PF Younghusband,0,0,,,,,,"",""
ball,3,51.5,Northern Districts,SS Johnston,MJ Fisher,PF Younghusband,0,0,,,,,,"",""
ball,3,51.6,Northern Districts,SS Johnston,MJ Fisher,PF Younghusband,0,0,,,,,,"",""
ball,3,52.1,Northern Districts,MJ Fisher,SS Johnston,NG Smith,0,0,,,,,,"",""
ball,3,52.2,Northern Districts,MJ Fisher,SS Johnston,NG Smith,0,0,,,,,,"",""
ball,3,52.3,Northern Districts,MJ Fisher,SS Johnston,NG Smith,0,0,,,,,,"",""
ball,3,52.4,Northern Districts,MJ Fisher,SS Johnston,NG Smith,0,0,,,,,,"",""
ball,3,52.5,Northern Districts,MJ Fisher,SS Johnston,NG Smith,0,0,,,,,,"",""
ball,3,52.6,Northern Districts,MJ Fisher,SS Johnston,NG Smith,0,0,,,,,,"",""
ball,3,53.1,Northern Districts,SS Johnston,MJ Fisher,PF Younghusband,0,0,,,,,,"",""
ball,3,53.2,Northern Districts,SS Johnston,MJ Fisher,PF Younghusband,0,0,,,,,,"",""
ball,3,53.3,Northern Districts,SS Johnston,MJ Fisher,PF Younghusband,0,0,,,,,,"",""
ball,3,53.4,Northern Districts,SS Johnston,MJ Fisher,PF Younghusband,0,0,,,,,,"",""
ball,3,53.5,Northern Districts,SS Johnston,MJ Fisher,PF Younghusband,0,0,,,,,,"",""
ball,3,53.6,Northern Districts,SS Johnston,MJ Fisher,PF Younghusband,0,0,,,,,,"",""
ball,3,54.1,Northern Districts,MJ Fisher,SS Johnston,NG Smith,0,0,,,,,,"",""
ball,3,54.2,Northern Districts,MJ Fisher,SS Johnston,NG Smith,0,0,,,,,,"",""
ball,3,54.3,Northern Districts,MJ Fisher,SS Johnston,NG Smith,0,0,,,,,,"",""
ball,3,54.4,Northern Districts,MJ Fisher,SS Johnston,NG Smith,4,0,,,,,,"",""
ball,3,54.5,Northern Districts,MJ Fisher,SS Johnston,NG Smith,0,0,,,,,,"",""
ball,3,54.6,Northern Districts,MJ Fisher,SS Johnston,NG Smith,0,4,,,4,,,"",""
ball,3,55.1,Northern Districts,SS Johnston,MJ Fisher,PF Younghusband,0,0,,,,,,"",""
ball,3,55.2,Northern Districts,SS Johnston,MJ Fisher,PF Younghusband,0,0,,,,,,"",""
ball,3,55.3,Northern Districts,SS Johnston,MJ Fisher,PF Younghusband,0,0,,,,,,"",""
ball,3,55.4,Northern Districts,SS Johnston,MJ Fisher,PF Younghusband,0,0,,,,,,"",""
ball,3,55.5,Northern Districts,SS Johnston,MJ Fisher,PF Younghusband,0,2,,,2,,,"",""
ball,3,55.6,Northern Districts,SS Johnston,MJ Fisher,PF Younghusband,0,0,,,,,,"",""
ball,3,56.1,Northern Districts,MJ Fisher,SS Johnston,NG Smith,0,0,,,,,,"",""
ball,3,56.2,Northern Districts,MJ Fisher,SS Johnston,NG Smith,0,0,,,,,,"",""
ball,3,56.3,Northern Districts,MJ Fisher,SS Johnston,NG Smith,0,0,,,,,,"",""
ball,3,56.4,Northern Districts,MJ Fisher,SS Johnston,NG Smith,0,0,,,,,,"",""
ball,3,56.5,Northern Districts,MJ Fisher,SS Johnston,NG Smith,0,0,,,,,,"",""
ball,3,56.6,Northern Districts,MJ Fisher,SS Johnston,NG Smith,0,0,,,,,,"",""
ball,3,57.1,Northern Districts,SS Johnston,MJ Fisher,KJ McComb,1,0,,,,,,"",""
ball,3,57.2,Northern Districts,MJ Fisher,SS Johnston,KJ McComb,0,0,,,,,,"",""
ball,3,57.3,Northern Districts,MJ Fisher,SS Johnston,KJ McComb,0,0,,,,,,"",""
ball,3,57.4,Northern Districts,MJ Fisher,SS Johnston,KJ McComb,1,0,,,,,,"",""
ball,3,57.5,Northern Districts,SS Johnston,MJ Fisher,KJ McComb,0,0,,,,,,caught,SS Johnston
ball,4,0.1,Wellington Firebirds,KLD Vishvaka,R Ravindra,MJ Fisher,0,0,,,,,,"",""
ball,4,0.2,Wellington Firebirds,KLD Vishvaka,R Ravindra,MJ Fisher,0,0,,,,,,"",""
ball,4,0.3,Wellington Firebirds,KLD Vishvaka,R Ravindra,MJ Fisher,0,0,,,,,,"",""
ball,4,0.4,Wellington Firebirds,KLD Vishvaka,R Ravindra,MJ Fisher,0,0,,,,,,"",""
ball,4,0.5,Wellington Firebirds,KLD Vishvaka,R Ravindra,MJ Fisher,3,0,,,,,,"",""
ball,4,0.6,Wellington Firebirds,R Ravindra,KLD Vishvaka,MJ Fisher,4,0,,,,,,"",""
ball,4,1.1,Wellington Firebirds,KLD Vishvaka,R Ravindra,IS Sodhi,4,0,,,,,,"",""
ball,4,1.2,Wellington Firebirds,KLD Vishvaka,R Ravindra,IS Sodhi,1,0,,,,,,"",""
ball,4,1.3,Wellington Firebirds,R Ravindra,KLD Vishvaka,IS Sodhi,0,0,,,,,,"",""
ball,4,1.4,Wellington Firebirds,R Ravindra,KLD Vishvaka,IS Sodhi,1,0,,,,,,"",""
ball,4,1.5,Wellington Firebirds,KLD Vishvaka,R Ravindra,IS Sodhi,4,0,,,,,,"",""
ball,4,1.6,Wellington Firebirds,KLD Vishvaka,R Ravindra,IS Sodhi,0,0,,,,,,"",""
ball,4,2.1,Wellington Firebirds,R Ravindra,KLD Vishvaka,MJ Fisher,0,0,,,,,,"",""
ball,4,2.2,Wellington Firebirds,R Ravindra,KLD Vishvaka,MJ Fisher,2,0,,,,,,"",""
ball,4,2.3,Wellington Firebirds,R Ravindra,KLD Vishvaka,MJ Fisher,0,0,,,,,,"",""
ball,4,2.4,Wellington Firebirds,R Ravindra,KLD Vishvaka,MJ Fisher,0,0,,,,,,"",""
ball,4,2.5,Wellington Firebirds,R Ravindra,KLD Vishvaka,MJ Fisher,0,0,,,,,,"",""
ball,4,2.6,Wellington Firebirds,R Ravindra,KLD Vishvaka,MJ Fisher,1,0,,,,,,"",""
ball,4,3.1,Wellington Firebirds,R Ravindra,KLD Vishvaka,RPO Drysdale,0,0,,,,,,"",""
ball,4,3.2,Wellington Firebirds,R Ravindra,KLD Vishvaka,RPO Drysdale,4,0,,,,,,"",""
ball,4,3.3,Wellington Firebirds,R Ravindra,KLD Vishvaka,RPO Drysdale,0,0,,,,,,"",""
ball,4,3.4,Wellington Firebirds,R Ravindra,KLD Vishvaka,RPO Drysdale,0,0,,,,,,"",""
ball,4,3.5,Wellington Firebirds,R Ravindra,KLD Vishvaka,RPO Drysdale,0,0,,,,,,"",""
ball,4,3.6,Wellington Firebirds,R Ravindra,KLD Vishvaka,RPO Drysdale,0,0,,,,,,"",""
ball,4,4.1,Wellington Firebirds,KLD Vishvaka,R Ravindra,MJ Fisher,0,0,,,,,,"",""
ball,4,4.2,Wellington Firebirds,KLD Vishvaka,R Ravindra,MJ Fisher,1,0,,,,,,"",""
ball,4,4.3,Wellington Firebirds,R Ravindra,KLD Vishvaka,MJ Fisher,4,0,,,,,,"",""
ball,4,4.4,Wellington Firebirds,R Ravindra,KLD Vishvaka,MJ Fisher,0,0,,,,,,"",""
ball,4,4.5,Wellington Firebirds,R Ravindra,KLD Vishvaka,MJ Fisher,1,0,,,,,,"",""
ball,4,4.6,Wellington Firebirds,KLD Vishvaka,R Ravindra,MJ Fisher,1,0,,,,,,"",""
ball,4,5.1,Wellington Firebirds,KLD Vishvaka,R Ravindra,RPO Drysdale,1,0,,,,,,"",""
ball,4,5.2,Wellington Firebirds,R Ravindra,KLD Vishvaka,RPO Drysdale,0,0,,,,,,"",""
ball,4,5.3,Wellington Firebirds,R Ravindra,KLD Vishvaka,RPO Drysdale,0,0,,,,,,"",""
ball,4,5.4,Wellington Firebirds,R Ravindra,KLD Vishvaka,RPO Drysdale,1,0,,,,,,"",""
ball,4,5.5,Wellington Firebirds,KLD Vishvaka,R Ravindra,RPO Drysdale,0,0,,,,,,"",""
ball,4,5.6,Wellington Firebirds,KLD Vishvaka,R Ravindra,RPO Drysdale,0,0,,,,,,"",""
ball,4,6.1,Wellington Firebirds,R Ravindra,KLD Vishvaka,MJ Fisher,3,0,,,,,,"",""
ball,4,6.2,Wellington Firebirds,KLD Vishvaka,R Ravindra,MJ Fisher,0,0,,,,,,"",""
ball,4,6.3,Wellington Firebirds,KLD Vishvaka,R Ravindra,MJ Fisher,0,0,,,,,,"",""
ball,4,6.4,Wellington Firebirds,KLD Vishvaka,R Ravindra,MJ Fisher,0,0,,,,,,"",""
ball,4,6.5,Wellington Firebirds,KLD Vishvaka,R Ravindra,MJ Fisher,0,0,,,,,,"",""
ball,4,6.6,Wellington Firebirds,KLD Vishvaka,R Ravindra,MJ Fisher,1,0,,,,,,"",""
ball,4,7.1,Wellington Firebirds,KLD Vishvaka,R Ravindra,RPO Drysdale,0,0,,,,,,"",""
ball,4,7.2,Wellington Firebirds,KLD Vishvaka,R Ravindra,RPO Drysdale,0,0,,,,,,"",""
ball,4,7.3,Wellington Firebirds,KLD Vishvaka,R Ravindra,RPO Drysdale,0,0,,,,,,"",""
ball,4,7.4,Wellington Firebirds,KLD Vishvaka,R Ravindra,RPO Drysdale,0,0,,,,,,lbw,KLD Vishvaka
ball,4,7.5,Wellington Firebirds,TM Johnson,R Ravindra,RPO Drysdale,0,0,,,,,,"",""
ball,4,7.6,Wellington Firebirds,TM Johnson,R Ravindra,RPO Drysdale,0,0,,,,,,"",""
ball,4,8.1,Wellington Firebirds,R Ravindra,TM Johnson,IS Sodhi,0,0,,,,,,"",""
ball,4,8.2,Wellington Firebirds,R Ravindra,TM Johnson,IS Sodhi,1,0,,,,,,"",""
ball,4,8.3,Wellington Firebirds,TM Johnson,R Ravindra,IS Sodhi,0,0,,,,,,"",""
ball,4,8.4,Wellington Firebirds,TM Johnson,R Ravindra,IS Sodhi,2,0,,,,,,"",""
ball,4,8.5,Wellington Firebirds,TM Johnson,R Ravindra,IS Sodhi,0,0,,,,,,"",""
ball,4,8.6,Wellington Firebirds,TM Johnson,R Ravindra,IS Sodhi,0,0,,,,,,"",""
ball,4,9.1,Wellington Firebirds,R Ravindra,TM Johnson,RPO Drysdale,2,0,,,,,,"",""
ball,4,9.2,Wellington Firebirds,R Ravindra,TM Johnson,RPO Drysdale,0,0,,,,,,"",""
ball,4,9.3,Wellington Firebirds,R Ravindra,TM Johnson,RPO Drysdale,0,0,,,,,,"",""
ball,4,9.4,Wellington Firebirds,R Ravindra,TM Johnson,RPO Drysdale,0,0,,,,,,"",""
ball,4,9.5,Wellington Firebirds,R Ravindra,TM Johnson,RPO Drysdale,0,0,,,,,,"",""
ball,4,9.6,Wellington Firebirds,R Ravindra,TM Johnson,RPO Drysdale,1,0,,,,,,"",""
ball,4,10.1,Wellington Firebirds,R Ravindra,TM Johnson,IS Sodhi,0,0,,,,,,"",""
ball,4,10.2,Wellington Firebirds,R Ravindra,TM Johnson,IS Sodhi,1,0,,,,,,"",""
ball,4,10.3,Wellington Firebirds,TM Johnson,R Ravindra,IS Sodhi,0,0,,,,,,"",""
ball,4,10.4,Wellington Firebirds,TM Johnson,R Ravindra,IS Sodhi,0,0,,,,,,"",""
ball,4,10.5,Wellington Firebirds,TM Johnson,R Ravindra,IS Sodhi,0,0,,,,,,"",""
ball,4,10.6,Wellington Firebirds,TM Johnson,R Ravindra,IS Sodhi,0,0,,,,,,"",""
ball,4,11.1,Wellington Firebirds,R Ravindra,TM Johnson,RPO Drysdale,0,0,,,,,,"",""
ball,4,11.2,Wellington Firebirds,R Ravindra,TM Johnson,RPO Drysdale,2,0,,,,,,"",""
ball,4,11.3,Wellington Firebirds,R Ravindra,TM Johnson,RPO Drysdale,0,0,,,,,,"",""
ball,4,11.4,Wellington Firebirds,R Ravindra,TM Johnson,RPO Drysdale,0,0,,,,,,"",""
ball,4,11.5,Wellington Firebirds,R Ravindra,TM Johnson,RPO Drysdale,0,0,,,,,,"",""
ball,4,11.6,Wellington Firebirds,R Ravindra,TM Johnson,RPO Drysdale,0,0,,,,,,"",""
ball,4,12.1,Wellington Firebirds,TM Johnson,R Ravindra,IS Sodhi,3,0,,,,,,"",""
ball,4,12.2,Wellington Firebirds,R Ravindra,TM Johnson,IS Sodhi,0,0,,,,,,"",""
ball,4,12.3,Wellington Firebirds,R Ravindra,TM Johnson,IS Sodhi,1,0,,,,,,"",""
ball,4,12.4,Wellington Firebirds,TM Johnson,R Ravindra,IS Sodhi,4,0,,,,,,"",""
