version,1.7.0
info,balls_per_over,6
info,team,Otago Volts
info,team,Canterbury
info,gender,male
info,season,2022/23
info,date,2023/03/06
info,date,2023/03/07
info,date,2023/03/08
info,date,2023/03/09
info,event,Plunket Shield
info,match_number,18
info,venue,University of Otago Oval
info,city,
info,toss_winner,Canterbury
info,toss_decision,bat
info,umpire,Damian Morrow
info,umpire,Kim Cotton
info,match_referee,JH Lovelock
info,outcome,draw
info,player,Otago Volts,HD Rutherford
info,player,Otago Volts,TK Parkes
info,player,Otago Volts,D Foxcroft
info,player,Otago Volts,GD Phillips
info,player,Otago Volts,DN Phillips
info,player,Otago Volts,JM Gibson
info,player,Otago Volts,MJG Rippon
info,player,Otago Volts,MW Chu
info,player,Otago Volts,T Muller
info,player,Otago Volts,JA Duffy
info,player,Otago Volts,JD McKay
info,player,Canterbury,RA Mariu
info,player,Canterbury,CJ Bowes
info,player,Canterbury,CE McConchie
info,player,Canterbury,LJ Carter
info,player,Canterbury,MJ Hay
info,player,Canterbury,CD Fletcher
info,player,Canterbury,HB Shipley
info,player,Canterbury,IS Sodhi
info,player,Canterbury,AW McKenzie
info,player,Canterbury,W O'Rourke
info,player,Canterbury,EJ Nuttall
info,player,Canterbury,FW Sheat
info,registry,people,AW McKenzie,b53136ce
info,registry,people,CD Fletcher,4af9f5d4
info,registry,people,CE McConchie,d285acaf
info,registry,people,CJ Bowes,45df0e72
info,registry,people,D Foxcroft,ed6894af
info,registry,people,DN Phillips,be0c9f5b
info,registry,people,Damian Morrow,0fb1f503
info,registry,people,EJ Nuttall,c9bb898a
info,registry,people,FW Sheat,56d471f2
info,registry,people,GD Phillips,9a46c4e5
info,registry,people,HB Shipley,5426de63
info,registry,people,HD Rutherford,0605de92
info,registry,people,IS Sodhi,641ac5ff
info,registry,people,JA Duffy,dadbdb68
info,registry,people,JD McKay,2767c22a
info,registry,people,JH Lovelock,4f3b7d15
info,registry,people,JM Gibson,e3aa97a2
info,registry,people,Kim Cotton,67a7c2ee
info,registry,people,LJ Carter,dfb51f40
info,registry,people,MJ Hay,732f711b
info,registry,people,MJG Rippon,b03db6fa
info,registry,people,MW Chu,ef9f75f8
info,registry,people,RA Mariu,6d816d13
info,registry,people,T Muller,ebb1f8e8
info,registry,people,TK Parkes,343407f3
info,registry,people,W O'Rourke,cb9b8664
ball,1,0.1,Canterbury,CJ Bowes,RA Mariu,JA Duffy,4,0,,,,,,"",""
ball,1,0.2,Canterbury,CJ Bowes,RA Mariu,JA Duffy,0,0,,,,,,"",""
ball,1,0.3,Canterbury,CJ Bowes,RA Mariu,JA Duffy,0,0,,,,,,"",""
ball,1,0.4,Canterbury,CJ Bowes,RA Mariu,JA Duffy,0,0,,,,,,"",""
ball,1,0.5,Canterbury,CJ Bowes,RA Mariu,JA Duffy,4,0,,,,,,"",""
ball,1,0.6,Canterbury,CJ Bowes,RA Mariu,JA Duffy,1,0,,,,,,"",""
ball,1,1.1,Canterbury,CJ Bowes,RA Mariu,T Muller,0,0,,,,,,"",""
ball,1,1.2,Canterbury,CJ Bowes,RA Mariu,T Muller,0,0,,,,,,"",""
ball,1,1.3,Canterbury,CJ Bowes,RA Mariu,T Muller,0,0,,,,,,"",""
ball,1,1.4,Canterbury,CJ Bowes,RA Mariu,T Muller,1,0,,,,,,"",""
ball,1,1.5,Canterbury,RA Mariu,CJ Bowes,T Muller,0,0,,,,,,"",""
ball,1,1.6,Canterbury,RA Mariu,CJ Bowes,T Muller,0,0,,,,,,"",""
ball,1,2.1,Canterbury,CJ Bowes,RA Mariu,JA Duffy,0,0,,,,,,"",""
ball,1,2.2,Canterbury,CJ Bowes,RA Mariu,JA Duffy,1,0,,,,,,"",""
ball,1,2.3,Canterbury,RA Mariu,CJ Bowes,JA Duffy,0,0,,,,,,"",""
ball,1,2.4,Canterbury,RA Mariu,CJ Bowes,JA Duffy,0,0,,,,,,"",""
ball,1,2.5,Canterbury,RA Mariu,CJ Bowes,JA Duffy,0,0,,,,,,"",""
ball,1,2.6,Canterbury,RA Mariu,CJ Bowes,JA Duffy,0,0,,,,,,"",""
ball,1,3.1,Canterbury,CJ Bowes,RA Mariu,T Muller,0,0,,,,,,"",""
ball,1,3.2,Canterbury,CJ Bowes,RA Mariu,T Muller,0,0,,,,,,"",""
ball,1,3.3,Canterbury,CJ Bowes,RA Mariu,T Muller,4,0,,,,,,"",""
ball,1,3.4,Canterbury,CJ Bowes,RA Mariu,T Muller,0,0,,,,,,"",""
ball,1,3.5,Canterbury,CJ Bowes,RA Mariu,T Muller,0,0,,,,,,"",""
ball,1,3.6,Canterbury,CJ Bowes,RA Mariu,T Muller,0,0,,,,,,"",""
ball,1,4.1,Canterbury,RA Mariu,CJ Bowes,JA Duffy,0,0,,,,,,"",""
ball,1,4.2,Canterbury,RA Mariu,CJ Bowes,JA Duffy,0,0,,,,,,"",""
ball,1,4.3,Canterbury,RA Mariu,CJ Bowes,JA Duffy,4,0,,,,,,"",""
ball,1,4.4,Canterbury,RA Mariu,CJ Bowes,JA Duffy,0,0,,,,,,caught,RA Mariu
ball,1,4.5,Canterbury,CE McConchie,CJ Bowes,JA Duffy,0,0,,,,,,"",""
ball,1,4.6,Canterbury,CE McConchie,CJ Bowes,JA Duffy,0,0,,,,,,"",""
ball,1,5.1,Canterbury,CJ Bowes,CE McConchie,T Muller,4,0,,,,,,"",""
ball,1,5.2,Canterbury,CJ Bowes,CE McConchie,T Muller,0,0,,,,,,"",""
ball,1,5.3,Canterbury,CJ Bowes,CE McConchie,T Muller,0,0,,,,,,"",""
ball,1,5.4,Canterbury,CJ Bowes,CE McConchie,T Muller,6,0,,,,,,"",""
ball,1,5.5,Canterbury,CJ Bowes,CE McConchie,T Muller,0,0,,,,,,"",""
ball,1,5.6,Canterbury,CJ Bowes,CE McConchie,T Muller,0,0,,,,,,"",""
ball,1,6.1,Canterbury,CE McConchie,CJ Bowes,JA Duffy,0,0,,,,,,"",""
ball,1,6.2,Canterbury,CE McConchie,CJ Bowes,JA Duffy,0,0,,,,,,"",""
ball,1,6.3,Canterbury,CE McConchie,CJ Bowes,JA Duffy,3,0,,,,,,"",""
ball,1,6.4,Canterbury,CJ Bowes,CE McConchie,JA Duffy,4,0,,,,,,"",""
ball,1,6.5,Canterbury,CJ Bowes,CE McConchie,JA Duffy,0,0,,,,,,"",""
ball,1,6.6,Canterbury,CJ Bowes,CE McConchie,JA Duffy,0,0,,,,,,"",""
ball,1,7.1,Canterbury,CE McConchie,CJ Bowes,T Muller,0,0,,,,,,"",""
ball,1,7.2,Canterbury,CE McConchie,CJ Bowes,T Muller,0,0,,,,,,"",""
ball,1,7.3,Canterbury,CE McConchie,CJ Bowes,T Muller,0,0,,,,,,"",""
ball,1,7.4,Canterbury,CE McConchie,CJ Bowes,T Muller,4,0,,,,,,"",""
ball,1,7.5,Canterbury,CE McConchie,CJ Bowes,T Muller,0,0,,,,,,"",""
ball,1,7.6,Canterbury,CE McConchie,CJ Bowes,T Muller,0,0,,,,,,"",""
ball,1,8.1,Canterbury,CJ Bowes,CE McConchie,JA Duffy,0,0,,,,,,"",""
ball,1,8.2,Canterbury,CJ Bowes,CE McConchie,JA Duffy,4,0,,,,,,"",""
ball,1,8.3,Canterbury,CJ Bowes,CE McConchie,JA Duffy,0,0,,,,,,"",""
ball,1,8.4,Canterbury,CJ Bowes,CE McConchie,JA Duffy,4,0,,,,,,"",""
ball,1,8.5,Canterbury,CJ Bowes,CE McConchie,JA Duffy,4,0,,,,,,"",""
ball,1,8.6,Canterbury,CJ Bowes,CE McConchie,JA Duffy,0,0,,,,,,"",""
ball,1,9.1,Canterbury,CE McConchie,CJ Bowes,T Muller,0,0,,,,,,"",""
ball,1,9.2,Canterbury,CE McConchie,CJ Bowes,T Muller,0,0,,,,,,"",""
ball,1,9.3,Canterbury,CE McConchie,CJ Bowes,T Muller,0,0,,,,,,"",""
ball,1,9.4,Canterbury,CE McConchie,CJ Bowes,T Muller,0,0,,,,,,"",""
ball,1,9.5,Canterbury,CE McConchie,CJ Bowes,T Muller,0,0,,,,,,"",""
ball,1,9.6,Canterbury,CE McConchie,CJ Bowes,T Muller,0,0,,,,,,"",""
ball,1,10.1,Canterbury,CJ Bowes,CE McConchie,JD McKay,1,0,,,,,,"",""
ball,1,10.2,Canterbury,CE McConchie,CJ Bowes,JD McKay,0,0,,,,,,"",""
ball,1,10.3,Canterbury,CE McConchie,CJ Bowes,JD McKay,1,0,,,,,,"",""
ball,1,10.4,Canterbury,CJ Bowes,CE McConchie,JD McKay,3,0,,,,,,"",""
ball,1,10.5,Canterbury,CE McConchie,CJ Bowes,JD McKay,3,0,,,,,,"",""
ball,1,10.6,Canterbury,CJ Bowes,CE McConchie,JD McKay,1,0,,,,,,"",""
ball,1,11.1,Canterbury,CJ Bowes,CE McConchie,T Muller,2,0,,,,,,"",""
ball,1,11.2,Canterbury,CJ Bowes,CE McConchie,T Muller,0,0,,,,,,"",""
ball,1,11.3,Canterbury,CJ Bowes,CE McConchie,T Muller,6,0,,,,,,"",""
ball,1,11.4,Canterbury,CJ Bowes,CE McConchie,T Muller,3,0,,,,,,"",""
ball,1,11.5,Canterbury,CE McConchie,CJ Bowes,T Muller,0,0,,,,,,"",""
ball,1,11.6,Canterbury,CE McConchie,CJ Bowes,T Muller,0,0,,,,,,"",""
ball,1,12.1,Canterbury,CJ Bowes,CE McConchie,JD McKay,0,0,,,,,,"",""
ball,1,12.2,Canterbury,CJ Bowes,CE McConchie,JD McKay,1,0,,,,,,"",""
ball,1,12.3,Canterbury,CE McConchie,CJ Bowes,JD McKay,4,0,,,,,,"",""
ball,1,12.4,Canterbury,CE McConchie,CJ Bowes,JD McKay,0,0,,,,,,"",""
ball,1,12.5,Canterbury,CE McConchie,CJ Bowes,JD McKay,0,0,,,,,,"",""
ball,1,12.6,Canterbury,CE McConchie,CJ Bowes,JD McKay,0,0,,,,,,"",""
ball,1,13.1,Canterbury,CJ Bowes,CE McConchie,JA Duffy,1,0,,,,,,"",""
ball,1,13.2,Canterbury,CE McConchie,CJ Bowes,JA Duffy,0,0,,,,,,"",""
ball,1,13.3,Canterbury,CE McConchie,CJ Bowes,JA Duffy,1,0,,,,,,"",""
ball,1,13.4,Canterbury,CJ Bowes,CE McConchie,JA Duffy,1,0,,,,,,"",""
ball,1,13.5,Canterbury,CE McConchie,CJ Bowes,JA Duffy,0,0,,,,,,"",""
ball,1,13.6,Canterbury,CE McConchie,CJ Bowes,JA Duffy,0,0,,,,,,"",""
ball,1,14.1,Canterbury,CJ Bowes,CE McConchie,JD McKay,0,0,,,,,,"",""
ball,1,14.2,Canterbury,CJ Bowes,CE McConchie,JD McKay,0,0,,,,,,"",""
ball,1,14.3,Canterbury,CJ Bowes,CE McConchie,JD McKay,2,0,,,,,,"",""
ball,1,14.4,Canterbury,CJ Bowes,CE McConchie,JD McKay,1,0,,,,,,"",""
ball,1,14.5,Canterbury,CE McConchie,CJ Bowes,JD McKay,0,1,1,,,,,"",""
ball,1,14.6,Canterbury,CE McConchie,CJ Bowes,JD McKay,0,0,,,,,,"",""
ball,1,14.7,Canterbury,CE McConchie,CJ Bowes,JD McKay,0,0,,,,,,"",""
ball,1,15.1,Canterbury,CJ Bowes,CE McConchie,JA Duffy,1,0,,,,,,"",""
ball,1,15.2,Canterbury,CE McConchie,CJ Bowes,JA Duffy,0,0,,,,,,"",""
ball,1,15.3,Canterbury,CE McConchie,CJ Bowes,JA Duffy,0,0,,,,,,"",""
ball,1,15.4,Canterbury,CE McConchie,CJ Bowes,JA Duffy,4,0,,,,,,"",""
ball,1,15.5,Canterbury,CE McConchie,CJ Bowes,JA Duffy,0,0,,,,,,"",""
ball,1,15.6,Canterbury,CE McConchie,CJ Bowes,JA Duffy,0,0,,,,,,"",""
ball,1,16.1,Canterbury,CJ Bowes,CE McConchie,JD McKay,4,0,,,,,,"",""
ball,1,16.2,Canterbury,CJ Bowes,CE McConchie,JD McKay,0,0,,,,,,"",""
ball,1,16.3,Canterbury,CJ Bowes,CE McConchie,JD McKay,2,0,,,,,,"",""
ball,1,16.4,Canterbury,CJ Bowes,CE McConchie,JD McKay,4,0,,,,,,"",""
ball,1,16.5,Canterbury,CJ Bowes,CE McConchie,JD McKay,2,0,,,,,,"",""
ball,1,16.6,Canterbury,CJ Bowes,CE McConchie,JD McKay,0,0,,,,,,"",""
ball,1,17.1,Canterbury,CE McConchie,CJ Bowes,JA Duffy,0,0,,,,,,"",""
ball,1,17.2,Canterbury,CE McConchie,CJ Bowes,JA Duffy,0,0,,,,,,"",""
ball,1,17.3,Canterbury,CE McConchie,CJ Bowes,JA Duffy,0,0,,,,,,"",""
ball,1,17.4,Canterbury,CE McConchie,CJ Bowes,JA Duffy,0,0,,,,,,"",""
ball,1,17.5,Canterbury,CE McConchie,CJ Bowes,JA Duffy,0,0,,,,,,"",""
ball,1,17.6,Canterbury,CE McConchie,CJ Bowes,JA Duffy,0,0,,,,,,"",""
ball,1,18.1,Canterbury,CJ Bowes,CE McConchie,MJG Rippon,0,0,,,,,,"",""
ball,1,18.2,Canterbury,CJ Bowes,CE McConchie,MJG Rippon,0,0,,,,,,"",""
ball,1,18.3,Canterbury,CJ Bowes,CE McConchie,MJG Rippon,1,0,,,,,,"",""
ball,1,18.4,Canterbury,CE McConchie,CJ Bowes,MJG Rippon,4,0,,,,,,"",""
ball,1,18.5,Canterbury,CE McConchie,CJ Bowes,MJG Rippon,1,0,,,,,,"",""
ball,1,18.6,Canterbury,CJ Bowes,CE McConchie,MJG Rippon,0,0,,,,,,"",""
ball,1,19.1,Canterbury,CE McConchie,CJ Bowes,JA Duffy,0,0,,,,,,"",""
ball,1,19.2,Canterbury,CE McConchie,CJ Bowes,JA Duffy,0,0,,,,,,"",""
ball,1,19.3,Canterbury,CE McConchie,CJ Bowes,JA Duffy,0,0,,,,,,"",""
ball,1,19.4,Canterbury,CE McConchie,CJ Bowes,JA Duffy,0,0,,,,,,"",""
ball,1,19.5,Canterbury,CE McConchie,CJ Bowes,JA Duffy,0,0,,,,,,"",""
ball,1,19.6,Canterbury,CE McConchie,CJ Bowes,JA Duffy,2,0,,,,,,"",""
ball,1,20.1,Canterbury,CJ Bowes,CE McConchie,MJG Rippon,4,0,,,,,,"",""
ball,1,20.2,Canterbury,CJ Bowes,CE McConchie,MJG Rippon,1,0,,,,,,"",""
ball,1,20.3,Canterbury,CE McConchie,CJ Bowes,MJG Rippon,0,0,,,,,,"",""
ball,1,20.4,Canterbury,CE McConchie,CJ Bowes,MJG Rippon,1,0,,,,,,"",""
ball,1,20.5,Canterbury,CJ Bowes,CE McConchie,MJG Rippon,4,0,,,,,,"",""
ball,1,20.6,Canterbury,CJ Bowes,CE McConchie,MJG Rippon,4,0,,,,,,"",""
ball,1,21.1,Canterbury,CE McConchie,CJ Bowes,JA Duffy,0,0,,,,,,"",""
ball,1,21.2,Canterbury,CE McConchie,CJ Bowes,JA Duffy,0,0,,,,,,"",""
ball,1,21.3,Canterbury,CE McConchie,CJ Bowes,JA Duffy,0,0,,,,,,"",""
ball,1,21.4,Canterbury,CE McConchie,CJ Bowes,JA Duffy,4,0,,,,,,"",""
ball,1,21.5,Canterbury,CE McConchie,CJ Bowes,JA Duffy,0,0,,,,,,"",""
ball,1,21.6,Canterbury,CE McConchie,CJ Bowes,JA Duffy,1,0,,,,,,"",""
ball,1,22.1,Canterbury,CE McConchie,CJ Bowes,MJG Rippon,0,0,,,,,,"",""
ball,1,22.2,Canterbury,CE McConchie,CJ Bowes,MJG Rippon,0,0,,,,,,"",""
ball,1,22.3,Canterbury,CE McConchie,CJ Bowes,MJG Rippon,0,0,,,,,,"",""
ball,1,22.4,Canterbury,CE McConchie,CJ Bowes,MJG Rippon,4,0,,,,,,"",""
ball,1,22.5,Canterbury,CE McConchie,CJ Bowes,MJG Rippon,0,0,,,,,,"",""
ball,1,22.6,Canterbury,CE McConchie,CJ Bowes,MJG Rippon,0,0,,,,,,"",""
ball,1,23.1,Canterbury,CJ Bowes,CE McConchie,JM Gibson,2,0,,,,,,"",""
ball,1,23.2,Canterbury,CJ Bowes,CE McConchie,JM Gibson,1,0,,,,,,"",""
ball,1,23.3,Canterbury,CE McConchie,CJ Bowes,JM Gibson,0,0,,,,,,"",""
ball,1,23.4,Canterbury,CE McConchie,CJ Bowes,JM Gibson,0,0,,,,,,"",""
ball,1,23.5,Canterbury,CE McConchie,CJ Bowes,JM Gibson,0,0,,,,,,"",""
ball,1,23.6,Canterbury,CE McConchie,CJ Bowes,JM Gibson,0,0,,,,,,"",""
ball,1,24.1,Canterbury,CJ Bowes,CE McConchie,MJG Rippon,4,0,,,,,,"",""
ball,1,24.2,Canterbury,CJ Bowes,CE McConchie,MJG Rippon,0,0,,,,,,"",""
ball,1,24.3,Canterbury,CJ Bowes,CE McConchie,MJG Rippon,0,0,,,,,,"",""
ball,1,24.4,Canterbury,CJ Bowes,CE McConchie,MJG Rippon,4,0,,,,,,"",""
ball,1,24.5,Canterbury,CJ Bowes,CE McConchie,MJG Rippon,1,0,,,,,,"",""
ball,1,24.6,Canterbury,CE McConchie,CJ Bowes,MJG Rippon,1,0,,,,,,"",""
ball,1,25.1,Canterbury,CE McConchie,CJ Bowes,JM Gibson,0,0,,,,,,"",""
ball,1,25.2,Canterbury,CE McConchie,CJ Bowes,JM Gibson,4,0,,,,,,"",""
ball,1,25.3,Canterbury,CE McConchie,CJ Bowes,JM Gibson,0,0,,,,,,"",""
ball,1,25.4,Canterbury,CE McConchie,CJ Bowes,JM Gibson,0,0,,,,,,"",""
ball,1,25.5,Canterbury,CE McConchie,CJ Bowes,JM Gibson,1,0,,,,,,"",""
ball,1,25.6,Canterbury,CJ Bowes,CE McConchie,JM Gibson,0,0,,,,,,"",""
ball,1,26.1,Canterbury,CE McConchie,CJ Bowes,GD Phillips,1,0,,,,,,"",""
ball,1,26.2,Canterbury,CJ Bowes,CE McConchie,GD Phillips,0,0,,,,,,"",""
ball,1,26.3,Canterbury,CJ Bowes,CE McConchie,GD Phillips,1,0,,,,,,"",""
ball,1,26.4,Canterbury,CE McConchie,CJ Bowes,GD Phillips,4,0,,,,,,"",""
ball,1,26.5,Canterbury,CE McConchie,CJ Bowes,GD Phillips,1,0,,,,,,"",""
ball,1,26.6,Canterbury,CJ Bowes,CE McConchie,GD Phillips,1,0,,,,,,"",""
ball,1,27.1,Canterbury,CJ Bowes,CE McConchie,JM Gibson,6,0,,,,,,"",""
ball,1,27.2,Canterbury,CJ Bowes,CE McConchie,JM Gibson,4,0,,,,,,"",""
ball,1,27.3,Canterbury,CJ Bowes,CE McConchie,JM Gibson,1,0,,,,,,"",""
ball,1,27.4,Canterbury,CE McConchie,CJ Bowes,JM Gibson,0,0,,,,,,"",""
ball,1,27.5,Canterbury,CE McConchie,CJ Bowes,JM Gibson,0,0,,,,,,"",""
ball,1,27.6,Canterbury,CE McConchie,CJ Bowes,JM Gibson,0,1,,,,1,,"",""
ball,1,28.1,Canterbury,CE McConchie,CJ Bowes,GD Phillips,1,0,,,,,,"",""
ball,1,28.2,Canterbury,CJ Bowes,CE McConchie,GD Phillips,1,0,,,,,,"",""
ball,1,28.3,Canterbury,CE McConchie,CJ Bowes,GD Phillips,0,0,,,,,,"",""
ball,1,28.4,Canterbury,CE McConchie,CJ Bowes,GD Phillips,0,0,,,,,,"",""
ball,1,28.5,Canterbury,CE McConchie,CJ Bowes,GD Phillips,0,0,,,,,,"",""
ball,1,28.6,Canterbury,CE McConchie,CJ Bowes,GD Phillips,0,0,,,,,,"",""
ball,1,29.1,Canterbury,CJ Bowes,CE McConchie,JM Gibson,1,0,,,,,,"",""
ball,1,29.2,Canterbury,CE McConchie,CJ Bowes,JM Gibson,0,0,,,,,,"",""
ball,1,29.3,Canterbury,CE McConchie,CJ Bowes,JM Gibson,0,0,,,,,,"",""
ball,1,29.4,Canterbury,CE McConchie,CJ Bowes,JM Gibson,0,0,,,,,,"",""
ball,1,29.5,Canterbury,CE McConchie,CJ Bowes,JM Gibson,0,0,,,,,,"",""
ball,1,29.6,Canterbury,CE McConchie,CJ Bowes,JM Gibson,0,0,,,,,,"",""
ball,1,30.1,Canterbury,CJ Bowes,CE McConchie,GD Phillips,1,0,,,,,,"",""
ball,1,30.2,Canterbury,CE McConchie,CJ Bowes,GD Phillips,0,0,,,,,,"",""
ball,1,30.3,Canterbury,CE McConchie,CJ Bowes,GD Phillips,0,0,,,,,,"",""
ball,1,30.4,Canterbury,CE McConchie,CJ Bowes,GD Phillips,0,0,,,,,,"",""
ball,1,30.5,Canterbury,CE McConchie,CJ Bowes,GD Phillips,0,0,,,,,,"",""
ball,1,30.6,Canterbury,CE McConchie,CJ Bowes,GD Phillips,0,0,,,,,,"",""
ball,1,31.1,Canterbury,CJ Bowes,CE McConchie,JM Gibson,0,0,,,,,,"",""
ball,1,31.2,Canterbury,CJ Bowes,CE McConchie,JM Gibson,0,0,,,,,,caught,CJ Bowes
ball,1,31.3,Canterbury,LJ Carter,CE McConchie,JM Gibson,0,0,,,,,,"",""
ball,1,31.4,Canterbury,LJ Carter,CE McConchie,JM Gibson,1,0,,,,,,"",""
ball,1,31.5,Canterbury,CE McConchie,LJ Carter,JM Gibson,0,0,,,,,,"",""
ball,1,31.6,Canterbury,CE McConchie,LJ Carter,JM Gibson,0,0,,,,,,"",""
ball,1,32.1,Canterbury,LJ Carter,CE McConchie,GD Phillips,0,0,,,,,,"",""
ball,1,32.2,Canterbury,LJ Carter,CE McConchie,GD Phillips,0,0,,,,,,"",""
ball,1,32.3,Canterbury,LJ Carter,CE McConchie,GD Phillips,0,0,,,,,,"",""
ball,1,32.4,Canterbury,LJ Carter,CE McConchie,GD Phillips,0,0,,,,,,"",""
ball,1,32.5,Canterbury,LJ Carter,CE McConchie,GD Phillips,0,0,,,,,,"",""
ball,1,32.6,Canterbury,LJ Carter,CE McConchie,GD Phillips,0,0,,,,,,"",""
ball,1,33.1,Canterbury,CE McConchie,LJ Carter,T Muller,0,0,,,,,,"",""
ball,1,33.2,Canterbury,CE McConchie,LJ Carter,T Muller,0,0,,,,,,"",""
ball,1,33.3,Canterbury,CE McConchie,LJ Carter,T Muller,4,0,,,,,,"",""
ball,1,33.4,Canterbury,CE McConchie,LJ Carter,T Muller,4,0,,,,,,"",""
ball,1,33.5,Canterbury,CE McConchie,LJ Carter,T Muller,1,0,,,,,,"",""
ball,1,33.6,Canterbury,LJ Carter,CE McConchie,T Muller,0,0,,,,,,"",""
ball,1,34.1,Canterbury,CE McConchie,LJ Carter,GD Phillips,1,0,,,,,,"",""
ball,1,34.2,Canterbury,LJ Carter,CE McConchie,GD Phillips,4,0,,,,,,"",""
ball,1,34.3,Canterbury,LJ Carter,CE McConchie,GD Phillips,0,0,,,,,,"",""
ball,1,34.4,Canterbury,LJ Carter,CE McConchie,GD Phillips,1,0,,,,,,"",""
ball,1,34.5,Canterbury,CE McConchie,LJ Carter,GD Phillips,1,0,,,,,,"",""
ball,1,34.6,Canterbury,LJ Carter,CE McConchie,GD Phillips,0,0,,,,,,"",""
ball,1,35.1,Canterbury,CE McConchie,LJ Carter,T Muller,0,1,,,,1,,"",""
ball,1,35.2,Canterbury,LJ Carter,CE McConchie,T Muller,0,0,,,,,,"",""
ball,1,35.3,Canterbury,LJ Carter,CE McConchie,T Muller,0,0,,,,,,"",""
ball,1,35.4,Canterbury,LJ Carter,CE McConchie,T Muller,4,0,,,,,,"",""
ball,1,35.5,Canterbury,LJ Carter,CE McConchie,T Muller,0,0,,,,,,"",""
ball,1,35.6,Canterbury,LJ Carter,CE McConchie,T Muller,0,0,,,,,,"",""
ball,1,36.1,Canterbury,CE McConchie,LJ Carter,GD Phillips,0,0,,,,,,"",""
ball,1,36.2,Canterbury,CE McConchie,LJ Carter,GD Phillips,0,0,,,,,,"",""
ball,1,36.3,Canterbury,CE McConchie,LJ Carter,GD Phillips,2,0,,,,,,"",""
ball,1,36.4,Canterbury,CE McConchie,LJ Carter,GD Phillips,1,0,,,,,,"",""
ball,1,36.5,Canterbury,LJ Carter,CE McConchie,GD Phillips,0,0,,,,,,"",""
ball,1,36.6,Canterbury,LJ Carter,CE McConchie,GD Phillips,0,0,,,,,,"",""
ball,1,37.1,Canterbury,CE McConchie,LJ Carter,T Muller,4,0,,,,,,"",""
ball,1,37.2,Canterbury,CE McConchie,LJ Carter,T Muller,4,0,,,,,,"",""
ball,1,37.3,Canterbury,CE McConchie,LJ Carter,T Muller,0,0,,,,,,"",""
ball,1,37.4,Canterbury,CE McConchie,LJ Carter,T Muller,0,0,,,,,,"",""
ball,1,37.5,Canterbury,CE McConchie,LJ Carter,T Muller,2,0,,,,,,"",""
ball,1,37.6,Canterbury,CE McConchie,LJ Carter,T Muller,0,0,,,,,,"",""
ball,1,38.1,Canterbury,LJ Carter,CE McConchie,GD Phillips,0,0,,,,,,"",""
ball,1,38.2,Canterbury,LJ Carter,CE McConchie,GD Phillips,1,0,,,,,,"",""
ball,1,38.3,Canterbury,CE McConchie,LJ Carter,GD Phillips,0,0,,,,,,"",""
ball,1,38.4,Canterbury,CE McConchie,LJ Carter,GD Phillips,0,0,,,,,,"",""
ball,1,38.5,Canterbury,CE McConchie,LJ Carter,GD Phillips,1,0,,,,,,"",""
ball,1,38.6,Canterbury,LJ Carter,CE McConchie,GD Phillips,0,0,,,,,,"",""
ball,1,39.1,Canterbury,CE McConchie,LJ Carter,T Muller,1,0,,,,,,"",""
ball,1,39.2,Canterbury,LJ Carter,CE McConchie,T Muller,0,0,,,,,,"",""
ball,1,39.3,Canterbury,LJ Carter,CE McConchie,T Muller,0,0,,,,,,"",""
ball,1,39.4,Canterbury,LJ Carter,CE McConchie,T Muller,0,0,,,,,,"",""
ball,1,39.5,Canterbury,LJ Carter,CE McConchie,T Muller,4,0,,,,,,"",""
ball,1,39.6,Canterbury,LJ Carter,CE McConchie,T Muller,0,0,,,,,,"",""
ball,1,40.1,Canterbury,CE McConchie,LJ Carter,GD Phillips,0,0,,,,,,"",""
ball,1,40.2,Canterbury,CE McConchie,LJ Carter,GD Phillips,0,0,,,,,,"",""
ball,1,40.3,Canterbury,CE McConchie,LJ Carter,GD Phillips,0,0,,,,,,"",""
ball,1,40.4,Canterbury,CE McConchie,LJ Carter,GD Phillips,0,0,,,,,,"",""
ball,1,40.5,Canterbury,CE McConchie,LJ Carter,GD Phillips,1,0,,,,,,"",""
ball,1,40.6,Canterbury,LJ Carter,CE McConchie,GD Phillips,0,0,,,,,,"",""
ball,1,41.1,Canterbury,CE McConchie,LJ Carter,T Muller,4,0,,,,,,"",""
ball,1,41.2,Canterbury,CE McConchie,LJ Carter,T Muller,0,0,,,,,,"",""
ball,1,41.3,Canterbury,CE McConchie,LJ Carter,T Muller,0,0,,,,,,"",""
ball,1,41.4,Canterbury,CE McConchie,LJ Carter,T Muller,0,0,,,,,,caught,CE McConchie
ball,1,41.5,Canterbury,MJ Hay,LJ Carter,T Muller,1,0,,,,,,"",""
ball,1,41.6,Canterbury,LJ Carter,MJ Hay,T Muller,0,0,,,,,,"",""
ball,1,42.1,Canterbury,MJ Hay,LJ Carter,GD Phillips,0,0,,,,,,"",""
ball,1,42.2,Canterbury,MJ Hay,LJ Carter,GD Phillips,0,0,,,,,,"",""
ball,1,42.3,Canterbury,MJ Hay,LJ Carter,GD Phillips,0,0,,,,,,"",""
ball,1,42.4,Canterbury,MJ Hay,LJ Carter,GD Phillips,1,0,,,,,,"",""
ball,1,42.5,Canterbury,LJ Carter,MJ Hay,GD Phillips,0,0,,,,,,"",""
ball,1,42.6,Canterbury,LJ Carter,MJ Hay,GD Phillips,1,0,,,,,,"",""
ball,1,43.1,Canterbury,LJ Carter,MJ Hay,T Muller,0,0,,,,,,"",""
ball,1,43.2,Canterbury,LJ Carter,MJ Hay,T Muller,1,0,,,,,,"",""
ball,1,43.3,Canterbury,MJ Hay,LJ Carter,T Muller,0,0,,,,,,"",""
ball,1,43.4,Canterbury,MJ Hay,LJ Carter,T Muller,0,0,,,,,,"",""
ball,1,43.5,Canterbury,MJ Hay,LJ Carter,T Muller,0,0,,,,,,"",""
ball,1,43.6,Canterbury,MJ Hay,LJ Carter,T Muller,0,0,,,,,,"",""
ball,1,44.1,Canterbury,LJ Carter,MJ Hay,GD Phillips,0,0,,,,,,"",""
ball,1,44.2,Canterbury,LJ Carter,MJ Hay,GD Phillips,1,0,,,,,,"",""
ball,1,44.3,Canterbury,MJ Hay,LJ Carter,GD Phillips,1,0,,,,,,"",""
ball,1,44.4,Canterbury,LJ Carter,MJ Hay,GD Phillips,0,0,,,,,,"",""
ball,1,44.5,Canterbury,LJ Carter,MJ Hay,GD Phillips,0,0,,,,,,"",""
ball,1,44.6,Canterbury,LJ Carter,MJ Hay,GD Phillips,0,0,,,,,,bowled,LJ Carter
ball,1,45.1,Canterbury,MJ Hay,CD Fletcher,T Muller,0,0,,,,,,"",""
ball,1,45.2,Canterbury,MJ Hay,CD Fletcher,T Muller,0,0,,,,,,"",""
ball,1,45.3,Canterbury,MJ Hay,CD Fletcher,T Muller,0,0,,,,,,"",""
ball,1,45.4,Canterbury,MJ Hay,CD Fletcher,T Muller,0,0,,,,,,"",""
ball,1,45.5,Canterbury,MJ Hay,CD Fletcher,T Muller,0,0,,,,,,"",""
ball,1,45.6,Canterbury,MJ Hay,CD Fletcher,T Muller,3,0,,,,,,"",""
ball,1,46.1,Canterbury,MJ Hay,CD Fletcher,GD Phillips,0,0,,,,,,"",""
ball,1,46.2,Canterbury,MJ Hay,CD Fletcher,GD Phillips,0,0,,,,,,"",""
ball,1,46.3,Canterbury,MJ Hay,CD Fletcher,GD Phillips,2,0,,,,,,"",""
ball,1,46.4,Canterbury,MJ Hay,CD Fletcher,GD Phillips,0,0,,,,,,"",""
ball,1,46.5,Canterbury,MJ Hay,CD Fletcher,GD Phillips,0,0,,,,,,"",""
ball,1,46.6,Canterbury,MJ Hay,CD Fletcher,GD Phillips,0,0,,,,,,"",""
ball,1,47.1,Canterbury,CD Fletcher,MJ Hay,JA Duffy,0,0,,,,,,"",""
ball,1,47.2,Canterbury,CD Fletcher,MJ Hay,JA Duffy,0,0,,,,,,"",""
ball,1,47.3,Canterbury,CD Fletcher,MJ Hay,JA Duffy,0,0,,,,,,"",""
ball,1,47.4,Canterbury,CD Fletcher,MJ Hay,JA Duffy,0,0,,,,,,"",""
ball,1,47.5,Canterbury,CD Fletcher,MJ Hay,JA Duffy,0,1,1,,,,,"",""
ball,1,47.6,Canterbury,CD Fletcher,MJ Hay,JA Duffy,1,0,,,,,,"",""
ball,1,47.7,Canterbury,MJ Hay,CD Fletcher,JA Duffy,0,0,,,,,,"",""
ball,1,48.1,Canterbury,CD Fletcher,MJ Hay,GD Phillips,0,2,,,2,,,"",""
ball,1,48.2,Canterbury,CD Fletcher,MJ Hay,GD Phillips,0,0,,,,,,"",""
ball,1,48.3,Canterbury,CD Fletcher,MJ Hay,GD Phillips,0,0,,,,,,"",""
ball,1,48.4,Canterbury,CD Fletcher,MJ Hay,GD Phillips,0,0,,,,,,"",""
ball,1,48.5,Canterbury,CD Fletcher,MJ Hay,GD Phillips,0,0,,,,,,"",""
ball,1,48.6,Canterbury,CD Fletcher,MJ Hay,GD Phillips,0,0,,,,,,"",""
ball,1,49.1,Canterbury,MJ Hay,CD Fletcher,JA Duffy,0,0,,,,,,"",""
ball,1,49.2,Canterbury,MJ Hay,CD Fletcher,JA Duffy,0,0,,,,,,"",""
ball,1,49.3,Canterbury,MJ Hay,CD Fletcher,JA Duffy,0,0,,,,,,"",""
ball,1,49.4,Canterbury,MJ Hay,CD Fletcher,JA Duffy,0,0,,,,,,"",""
ball,1,49.5,Canterbury,MJ Hay,CD Fletcher,JA Duffy,4,0,,,,,,"",""
ball,1,49.6,Canterbury,MJ Hay,CD Fletcher,JA Duffy,0,0,,,,,,"",""
ball,1,50.1,Canterbury,CD Fletcher,MJ Hay,GD Phillips,0,0,,,,,,"",""
ball,1,50.2,Canterbury,CD Fletcher,MJ Hay,GD Phillips,0,0,,,,,,"",""
ball,1,50.3,Canterbury,CD Fletcher,MJ Hay,GD Phillips,0,0,,,,,,"",""
ball,1,50.4,Canterbury,CD Fletcher,MJ Hay,GD Phillips,0,0,,,,,,"",""
ball,1,50.5,Canterbury,CD Fletcher,MJ Hay,GD Phillips,0,0,,,,,,"",""
ball,1,50.6,Canterbury,CD Fletcher,MJ Hay,GD Phillips,0,0,,,,,,"",""
ball,1,51.1,Canterbury,MJ Hay,CD Fletcher,JA Duffy,0,0,,,,,,"",""
ball,1,51.2,Canterbury,MJ Hay,CD Fletcher,JA Duffy,0,0,,,,,,"",""
ball,1,51.3,Canterbury,MJ Hay,CD Fletcher,JA Duffy,4,0,,,,,,"",""
ball,1,51.4,Canterbury,MJ Hay,CD Fletcher,JA Duffy,0,0,,,,,,"",""
ball,1,51.5,Canterbury,MJ Hay,CD Fletcher,JA Duffy,0,0,,,,,,"",""
ball,1,51.6,Canterbury,MJ Hay,CD Fletcher,JA Duffy,0,0,,,,,,"",""
ball,1,52.1,Canterbury,CD Fletcher,MJ Hay,GD Phillips,0,0,,,,,,"",""
ball,1,52.2,Canterbury,CD Fletcher,MJ Hay,GD Phillips,1,0,,,,,,"",""
ball,1,52.3,Canterbury,MJ Hay,CD Fletcher,GD Phillips,0,0,,,,,,"",""
ball,1,52.4,Canterbury,MJ Hay,CD Fletcher,GD Phillips,0,0,,,,,,"",""
ball,1,52.5,Canterbury,MJ Hay,CD Fletcher,GD Phillips,4,0,,,,,,"",""
ball,1,52.6,Canterbury,MJ Hay,CD Fletcher,GD Phillips,0,0,,,,,,"",""
ball,1,53.1,Canterbury,CD Fletcher,MJ Hay,JA Duffy,0,0,,,,,,"",""
ball,1,53.2,Canterbury,CD Fletcher,MJ Hay,JA Duffy,0,0,,,,,,"",""
ball,1,53.3,Canterbury,CD Fletcher,MJ Hay,JA Duffy,0,0,,,,,,"",""
ball,1,53.4,Canterbury,CD Fletcher,MJ Hay,JA Duffy,0,0,,,,,,"",""
ball,1,53.5,Canterbury,CD Fletcher,MJ Hay,JA Duffy,0,0,,,,,,"",""
ball,1,53.6,Canterbury,CD Fletcher,MJ Hay,JA Duffy,1,0,,,,,,"",""
ball,1,54.1,Canterbury,CD Fletcher,MJ Hay,GD Phillips,1,0,,,,,,"",""
ball,1,54.2,Canterbury,MJ Hay,CD Fletcher,GD Phillips,0,0,,,,,,"",""
ball,1,54.3,Canterbury,MJ Hay,CD Fletcher,GD Phillips,1,0,,,,,,"",""
ball,1,54.4,Canterbury,CD Fletcher,MJ Hay,GD Phillips,0,0,,,,,,"",""
ball,1,54.5,Canterbury,CD Fletcher,MJ Hay,GD Phillips,0,0,,,,,,"",""
ball,1,54.6,Canterbury,CD Fletcher,MJ Hay,GD Phillips,0,0,,,,,,"",""
ball,1,55.1,Canterbury,MJ Hay,CD Fletcher,JA Duffy,0,0,,,,,,"",""
ball,1,55.2,Canterbury,MJ Hay,CD Fletcher,JA Duffy,0,0,,,,,,"",""
ball,1,55.3,Canterbury,MJ Hay,CD Fletcher,JA Duffy,0,0,,,,,,"",""
ball,1,55.4,Canterbury,MJ Hay,CD Fletcher,JA Duffy,6,0,,,,,,"",""
ball,1,55.5,Canterbury,MJ Hay,CD Fletcher,JA Duffy,0,0,,,,,,"",""
ball,1,55.6,Canterbury,MJ Hay,CD Fletcher,JA Duffy,0,0,,,,,,"",""
ball,1,56.1,Canterbury,CD Fletcher,MJ Hay,GD Phillips,0,0,,,,,,"",""
ball,1,56.2,Canterbury,CD Fletcher,MJ Hay,GD Phillips,0,0,,,,,,"",""
ball,1,56.3,Canterbury,CD Fletcher,MJ Hay,GD Phillips,1,0,,,,,,"",""
ball,1,56.4,Canterbury,MJ Hay,CD Fletcher,GD Phillips,1,0,,,,,,"",""
ball,1,56.5,Canterbury,CD Fletcher,MJ Hay,GD Phillips,0,0,,,,,,"",""
ball,1,56.6,Canterbury,CD Fletcher,MJ Hay,GD Phillips,0,0,,,,,,"",""
ball,1,57.1,Canterbury,MJ Hay,CD Fletcher,JA Duffy,0,0,,,,,,"",""
ball,1,57.2,Canterbury,MJ Hay,CD Fletcher,JA Duffy,0,0,,,,,,"",""
ball,1,57.3,Canterbury,MJ Hay,CD Fletcher,JA Duffy,0,0,,,,,,"",""
ball,1,57.4,Canterbury,MJ Hay,CD Fletcher,JA Duffy,0,0,,,,,,"",""
ball,1,57.5,Canterbury,MJ Hay,CD Fletcher,JA Duffy,0,0,,,,,,"",""
ball,1,57.6,Canterbury,MJ Hay,CD Fletcher,JA Duffy,0,0,,,,,,"",""
ball,1,58.1,Canterbury,CD Fletcher,MJ Hay,GD Phillips,1,0,,,,,,"",""
ball,1,58.2,Canterbury,MJ Hay,CD Fletcher,GD Phillips,0,0,,,,,,"",""
ball,1,58.3,Canterbury,MJ Hay,CD Fletcher,GD Phillips,0,0,,,,,,"",""
ball,1,58.4,Canterbury,MJ Hay,CD Fletcher,GD Phillips,1,0,,,,,,"",""
ball,1,58.5,Canterbury,CD Fletcher,MJ Hay,GD Phillips,0,0,,,,,,"",""
ball,1,58.6,Canterbury,CD Fletcher,MJ Hay,GD Phillips,0,0,,,,,,"",""
ball,1,59.1,Canterbury,MJ Hay,CD Fletcher,JD McKay,1,0,,,,,,"",""
ball,1,59.2,Canterbury,CD Fletcher,MJ Hay,JD McKay,0,0,,,,,,"",""
ball,1,59.3,Canterbury,CD Fletcher,MJ Hay,JD McKay,0,0,,,,,,"",""
ball,1,59.4,Canterbury,CD Fletcher,MJ Hay,JD McKay,0,0,,,,,,"",""
ball,1,59.5,Canterbury,CD Fletcher,MJ Hay,JD McKay,0,0,,,,,,"",""
ball,1,59.6,Canterbury,CD Fletcher,MJ Hay,JD McKay,0,0,,,,,,"",""
ball,1,60.1,Canterbury,MJ Hay,CD Fletcher,GD Phillips,0,0,,,,,,"",""
ball,1,60.2,Canterbury,MJ Hay,CD Fletcher,GD Phillips,0,0,,,,,,"",""
ball,1,60.3,Canterbury,MJ Hay,CD Fletcher,GD Phillips,1,0,,,,,,"",""
ball,1,60.4,Canterbury,CD Fletcher,MJ Hay,GD Phillips,0,0,,,,,,"",""
ball,1,60.5,Canterbury,CD Fletcher,MJ Hay,GD Phillips,0,0,,,,,,"",""
ball,1,60.6,Canterbury,CD Fletcher,MJ Hay,GD Phillips,0,0,,,,,,"",""
ball,1,61.1,Canterbury,MJ Hay,CD Fletcher,JD McKay,1,0,,,,,,"",""
ball,1,61.2,Canterbury,CD Fletcher,MJ Hay,JD McKay,0,0,,,,,,"",""
ball,1,61.3,Canterbury,CD Fletcher,MJ Hay,JD McKay,0,0,,,,,,"",""
ball,1,61.4,Canterbury,CD Fletcher,MJ Hay,JD McKay,1,0,,,,,,"",""
ball,1,61.5,Canterbury,MJ Hay,CD Fletcher,JD McKay,0,0,,,,,,"",""
ball,1,61.6,Canterbury,MJ Hay,CD Fletcher,JD McKay,0,0,,,,,,"",""
ball,1,62.1,Canterbury,CD Fletcher,MJ Hay,GD Phillips,0,0,,,,,,"",""
ball,1,62.2,Canterbury,CD Fletcher,MJ Hay,GD Phillips,0,0,,,,,,"",""
ball,1,62.3,Canterbury,CD Fletcher,MJ Hay,GD Phillips,1,0,,,,,,"",""
ball,1,62.4,Canterbury,MJ Hay,CD Fletcher,GD Phillips,0,0,,,,,,"",""
ball,1,62.5,Canterbury,MJ Hay,CD Fletcher,GD Phillips,1,0,,,,,,"",""
ball,1,62.6,Canterbury,CD Fletcher,MJ Hay,GD Phillips,0,0,,,,,,"",""
ball,1,63.1,Canterbury,MJ Hay,CD Fletcher,JD McKay,4,0,,,,,,"",""
ball,1,63.2,Canterbury,MJ Hay,CD Fletcher,JD McKay,1,0,,,,,,"",""
ball,1,63.3,Canterbury,CD Fletcher,MJ Hay,JD McKay,0,0,,,,,,"",""
ball,1,63.4,Canterbury,CD Fletcher,MJ Hay,JD McKay,6,0,,,,,,"",""
ball,1,63.5,Canterbury,CD Fletcher,MJ Hay,JD McKay,4,0,,,,,,"",""
ball,1,63.6,Canterbury,CD Fletcher,MJ Hay,JD McKay,0,0,,,,,,"",""
ball,1,64.1,Canterbury,MJ Hay,CD Fletcher,GD Phillips,0,0,,,,,,"",""
ball,1,64.2,Canterbury,MJ Hay,CD Fletcher,GD Phillips,1,0,,,,,,"",""
ball,1,64.3,Canterbury,CD Fletcher,MJ Hay,GD Phillips,0,0,,,,,,"",""
ball,1,64.4,Canterbury,CD Fletcher,MJ Hay,GD Phillips,0,0,,,,,,"",""
ball,1,64.5,Canterbury,CD Fletcher,MJ Hay,GD Phillips,0,0,,,,,,"",""
ball,1,64.6,Canterbury,CD Fletcher,MJ Hay,GD Phillips,0,0,,,,,,"",""
ball,1,65.1,Canterbury,MJ Hay,CD Fletcher,JD McKay,1,0,,,,,,"",""
ball,1,65.2,Canterbury,CD Fletcher,MJ Hay,JD McKay,1,0,,,,,,"",""
ball,1,65.3,Canterbury,MJ Hay,CD Fletcher,JD McKay,0,0,,,,,,"",""
ball,1,65.4,Canterbury,MJ Hay,CD Fletcher,JD McKay,0,0,,,,,,"",""
ball,1,65.5,Canterbury,MJ Hay,CD Fletcher,JD McKay,0,0,,,,,,"",""
ball,1,65.6,Canterbury,MJ Hay,CD Fletcher,JD McKay,0,0,,,,,,"",""
ball,1,66.1,Canterbury,CD Fletcher,MJ Hay,GD Phillips,0,0,,,,,,"",""
ball,1,66.2,Canterbury,CD Fletcher,MJ Hay,GD Phillips,0,0,,,,,,"",""
ball,1,66.3,Canterbury,CD Fletcher,MJ Hay,GD Phillips,0,0,,,,,,"",""
ball,1,66.4,Canterbury,CD Fletcher,MJ Hay,GD Phillips,0,0,,,,,,"",""
ball,1,66.5,Canterbury,CD Fletcher,MJ Hay,GD Phillips,0,0,,,,,,"",""
ball,1,66.6,Canterbury,CD Fletcher,MJ Hay,GD Phillips,0,0,,,,,,"",""
ball,1,67.1,Canterbury,MJ Hay,CD Fletcher,JM Gibson,0,0,,,,,,"",""
ball,1,67.2,Canterbury,MJ Hay,CD Fletcher,JM Gibson,0,0,,,,,,"",""
ball,1,67.3,Canterbury,MJ Hay,CD Fletcher,JM Gibson,0,0,,,,,,"",""
ball,1,67.4,Canterbury,MJ Hay,CD Fletcher,JM Gibson,0,0,,,,,,"",""
ball,1,67.5,Canterbury,MJ Hay,CD Fletcher,JM Gibson,0,0,,,,,,"",""
ball,1,67.6,Canterbury,MJ Hay,CD Fletcher,JM Gibson,0,0,,,,,,"",""
ball,1,68.1,Canterbury,CD Fletcher,MJ Hay,GD Phillips,0,0,,,,,,"",""
ball,1,68.2,Canterbury,CD Fletcher,MJ Hay,GD Phillips,1,0,,,,,,"",""
ball,1,68.3,Canterbury,MJ Hay,CD Fletcher,GD Phillips,4,0,,,,,,"",""
ball,1,68.4,Canterbury,MJ Hay,CD Fletcher,GD Phillips,1,0,,,,,,"",""
ball,1,68.5,Canterbury,CD Fletcher,MJ Hay,GD Phillips,0,0,,,,,,"",""
ball,1,68.6,Canterbury,CD Fletcher,MJ Hay,GD Phillips,2,0,,,,,,"",""
ball,1,69.1,Canterbury,MJ Hay,CD Fletcher,JM Gibson,2,0,,,,,,"",""
ball,1,69.2,Canterbury,MJ Hay,CD Fletcher,JM Gibson,0,0,,,,,,"",""
ball,1,69.3,Canterbury,MJ Hay,CD Fletcher,JM Gibson,0,0,,,,,,"",""
ball,1,69.4,Canterbury,MJ Hay,CD Fletcher,JM Gibson,0,0,,,,,,"",""
ball,1,69.5,Canterbury,MJ Hay,CD Fletcher,JM Gibson,0,0,,,,,,"",""
ball,1,69.6,Canterbury,MJ Hay,CD Fletcher,JM Gibson,0,0,,,,,,"",""
ball,1,70.1,Canterbury,CD Fletcher,MJ Hay,GD Phillips,0,0,,,,,,"",""
ball,1,70.2,Canterbury,CD Fletcher,MJ Hay,GD Phillips,0,0,,,,,,"",""
ball,1,70.3,Canterbury,CD Fletcher,MJ Hay,GD Phillips,1,0,,,,,,"",""
ball,1,70.4,Canterbury,MJ Hay,CD Fletcher,GD Phillips,0,0,,,,,,"",""
ball,1,70.5,Canterbury,MJ Hay,CD Fletcher,GD Phillips,0,0,,,,,,"",""
ball,1,70.6,Canterbury,MJ Hay,CD Fletcher,GD Phillips,1,0,,,,,,"",""
ball,1,71.1,Canterbury,MJ Hay,CD Fletcher,JM Gibson,0,0,,,,,,"",""
ball,1,71.2,Canterbury,MJ Hay,CD Fletcher,JM Gibson,0,0,,,,,,"",""
ball,1,71.3,Canterbury,MJ Hay,CD Fletcher,JM Gibson,1,0,,,,,,"",""
ball,1,71.4,Canterbury,CD Fletcher,MJ Hay,JM Gibson,0,0,,,,,,"",""
ball,1,71.5,Canterbury,CD Fletcher,MJ Hay,JM Gibson,0,0,,,,,,"",""
ball,1,71.6,Canterbury,CD Fletcher,MJ Hay,JM Gibson,0,0,,,,,,"",""
ball,1,72.1,Canterbury,MJ Hay,CD Fletcher,GD Phillips,0,0,,,,,,"",""
ball,1,72.2,Canterbury,MJ Hay,CD Fletcher,GD Phillips,1,0,,,,,,"",""
ball,1,72.3,Canterbury,CD Fletcher,MJ Hay,GD Phillips,1,0,,,,,,"",""
ball,1,72.4,Canterbury,MJ Hay,CD Fletcher,GD Phillips,0,0,,,,,,"",""
ball,1,72.5,Canterbury,MJ Hay,CD Fletcher,GD Phillips,0,0,,,,,,"",""
ball,1,72.6,Canterbury,MJ Hay,CD Fletcher,GD Phillips,1,0,,,,,,"",""
ball,1,73.1,Canterbury,MJ Hay,CD Fletcher,JM Gibson,0,0,,,,,,"",""
ball,1,73.2,Canterbury,MJ Hay,CD Fletcher,JM Gibson,1,0,,,,,,"",""
ball,1,73.3,Canterbury,CD Fletcher,MJ Hay,JM Gibson,0,0,,,,,,"",""
ball,1,73.4,Canterbury,CD Fletcher,MJ Hay,JM Gibson,0,0,,,,,,"",""
ball,1,73.5,Canterbury,CD Fletcher,MJ Hay,JM Gibson,0,0,,,,,,"",""
ball,1,73.6,Canterbury,CD Fletcher,MJ Hay,JM Gibson,0,0,,,,,,caught,CD Fletcher
ball,1,74.1,Canterbury,MJ Hay,HB Shipley,GD Phillips,1,0,,,,,,"",""
ball,1,74.2,Canterbury,HB Shipley,MJ Hay,GD Phillips,0,0,,,,,,"",""
ball,1,74.3,Canterbury,HB Shipley,MJ Hay,GD Phillips,0,0,,,,,,"",""
ball,1,74.4,Canterbury,HB Shipley,MJ Hay,GD Phillips,0,0,,,,,,"",""
ball,1,74.5,Canterbury,HB Shipley,MJ Hay,GD Phillips,0,0,,,,,,"",""
ball,1,74.6,Canterbury,HB Shipley,MJ Hay,GD Phillips,0,0,,,,,,"",""
ball,1,75.1,Canterbury,MJ Hay,HB Shipley,JM Gibson,1,0,,,,,,"",""
ball,1,75.2,Canterbury,HB Shipley,MJ Hay,JM Gibson,0,0,,,,,,"",""
ball,1,75.3,Canterbury,HB Shipley,MJ Hay,JM Gibson,0,0,,,,,,"",""
ball,1,75.4,Canterbury,HB Shipley,MJ Hay,JM Gibson,0,0,,,,,,"",""
ball,1,75.5,Canterbury,HB Shipley,MJ Hay,JM Gibson,0,0,,,,,,"",""
ball,1,75.6,Canterbury,HB Shipley,MJ Hay,JM Gibson,0,0,,,,,,"",""
ball,1,76.1,Canterbury,MJ Hay,HB Shipley,GD Phillips,0,0,,,,,,"",""
ball,1,76.2,Canterbury,MJ Hay,HB Shipley,GD Phillips,0,0,,,,,,"",""
ball,1,76.3,Canterbury,MJ Hay,HB Shipley,GD Phillips,0,0,,,,,,"",""
ball,1,76.4,Canterbury,MJ Hay,HB Shipley,GD Phillips,0,0,,,,,,"",""
ball,1,76.5,Canterbury,MJ Hay,HB Shipley,GD Phillips,0,0,,,,,,"",""
ball,1,76.6,Canterbury,MJ Hay,HB Shipley,GD Phillips,0,0,,,,,,"",""
ball,1,77.1,Canterbury,HB Shipley,MJ Hay,JM Gibson,1,0,,,,,,"",""
ball,1,77.2,Canterbury,MJ Hay,HB Shipley,JM Gibson,4,0,,,,,,"",""
ball,1,77.3,Canterbury,MJ Hay,HB Shipley,JM Gibson,0,0,,,,,,"",""
ball,1,77.4,Canterbury,MJ Hay,HB Shipley,JM Gibson,0,0,,,,,,"",""
ball,1,77.5,Canterbury,MJ Hay,HB Shipley,JM Gibson,0,0,,,,,,"",""
ball,1,77.6,Canterbury,MJ Hay,HB Shipley,JM Gibson,0,0,,,,,,"",""
ball,1,78.1,Canterbury,HB Shipley,MJ Hay,GD Phillips,1,0,,,,,,"",""
ball,1,78.2,Canterbury,MJ Hay,HB Shipley,GD Phillips,1,0,,,,,,"",""
ball,1,78.3,Canterbury,HB Shipley,MJ Hay,GD Phillips,1,0,,,,,,"",""
ball,1,78.4,Canterbury,MJ Hay,HB Shipley,GD Phillips,0,0,,,,,,"",""
ball,1,78.5,Canterbury,MJ Hay,HB Shipley,GD Phillips,0,0,,,,,,"",""
ball,1,78.6,Canterbury,MJ Hay,HB Shipley,GD Phillips,0,0,,,,,,"",""
ball,1,79.1,Canterbury,HB Shipley,MJ Hay,JM Gibson,0,0,,,,,,"",""
ball,1,79.2,Canterbury,HB Shipley,MJ Hay,JM Gibson,0,0,,,,,,"",""
ball,1,79.3,Canterbury,HB Shipley,MJ Hay,JM Gibson,1,0,,,,,,"",""
ball,1,79.4,Canterbury,MJ Hay,HB Shipley,JM Gibson,0,0,,,,,,"",""
ball,1,79.5,Canterbury,MJ Hay,HB Shipley,JM Gibson,0,1,1,,,,,"",""
ball,1,79.6,Canterbury,MJ Hay,HB Shipley,JM Gibson,0,0,,,,,,"",""
ball,1,79.7,Canterbury,MJ Hay,HB Shipley,JM Gibson,0,0,,,,,,"",""
ball,1,80.1,Canterbury,HB Shipley,MJ Hay,GD Phillips,0,0,,,,,,"",""
ball,1,80.2,Canterbury,HB Shipley,MJ Hay,GD Phillips,0,0,,,,,,"",""
ball,1,80.3,Canterbury,HB Shipley,MJ Hay,GD Phillips,1,0,,,,,,"",""
ball,1,80.4,Canterbury,MJ Hay,HB Shipley,GD Phillips,0,0,,,,,,"",""
ball,1,80.5,Canterbury,MJ Hay,HB Shipley,GD Phillips,1,0,,,,,,"",""
ball,1,80.6,Canterbury,HB Shipley,MJ Hay,GD Phillips,1,0,,,,,,"",""
ball,1,81.1,Canterbury,HB Shipley,MJ Hay,JA Duffy,4,0,,,,,,"",""
ball,1,81.2,Canterbury,HB Shipley,MJ Hay,JA Duffy,0,0,,,,,,"",""
ball,1,81.3,Canterbury,HB Shipley,MJ Hay,JA Duffy,0,0,,,,,,"",""
ball,1,81.4,Canterbury,HB Shipley,MJ Hay,JA Duffy,0,0,,,,,,"",""
ball,1,81.5,Canterbury,HB Shipley,MJ Hay,JA Duffy,0,0,,,,,,"",""
ball,1,81.6,Canterbury,HB Shipley,MJ Hay,JA Duffy,1,0,,,,,,"",""
ball,1,82.1,Canterbury,HB Shipley,MJ Hay,T Muller,1,0,,,,,,"",""
ball,1,82.2,Canterbury,MJ Hay,HB Shipley,T Muller,0,0,,,,,,"",""
ball,1,82.3,Canterbury,MJ Hay,HB Shipley,T Muller,0,0,,,,,,"",""
ball,1,82.4,Canterbury,MJ Hay,HB Shipley,T Muller,0,0,,,,,,"",""
ball,1,82.5,Canterbury,MJ Hay,HB Shipley,T Muller,2,0,,,,,,"",""
ball,1,82.6,Canterbury,MJ Hay,HB Shipley,T Muller,1,0,,,,,,"",""
ball,1,83.1,Canterbury,MJ Hay,HB Shipley,JA Duffy,4,0,,,,,,"",""
ball,1,83.2,Canterbury,MJ Hay,HB Shipley,JA Duffy,4,0,,,,,,"",""
ball,1,83.3,Canterbury,MJ Hay,HB Shipley,JA Duffy,0,0,,,,,,"",""
ball,1,83.4,Canterbury,MJ Hay,HB Shipley,JA Duffy,1,0,,,,,,"",""
ball,1,83.5,Canterbury,HB Shipley,MJ Hay,JA Duffy,0,0,,,,,,"",""
ball,1,83.6,Canterbury,HB Shipley,MJ Hay,JA Duffy,1,0,,,,,,"",""
ball,1,84.1,Canterbury,HB Shipley,MJ Hay,T Muller,1,0,,,,,,"",""
ball,1,84.2,Canterbury,MJ Hay,HB Shipley,T Muller,0,0,,,,,,"",""
ball,1,84.3,Canterbury,MJ Hay,HB Shipley,T Muller,4,0,,,,,,"",""
ball,1,84.4,Canterbury,MJ Hay,HB Shipley,T Muller,0,1,,,,1,,"",""
ball,1,84.5,Canterbury,HB Shipley,MJ Hay,T Muller,0,0,,,,,,"",""
ball,1,84.6,Canterbury,HB Shipley,MJ Hay,T Muller,0,0,,,,,,"",""
ball,1,85.1,Canterbury,MJ Hay,HB Shipley,JA Duffy,0,0,,,,,,"",""
ball,1,85.2,Canterbury,MJ Hay,HB Shipley,JA Duffy,1,0,,,,,,"",""
ball,1,85.3,Canterbury,HB Shipley,MJ Hay,JA Duffy,0,0,,,,,,"",""
ball,1,85.4,Canterbury,HB Shipley,MJ Hay,JA Duffy,0,0,,,,,,"",""
ball,1,85.5,Canterbury,HB Shipley,MJ Hay,JA Duffy,4,0,,,,,,"",""
ball,1,85.6,Canterbury,HB Shipley,MJ Hay,JA Duffy,0,0,,,,,,"",""
ball,1,86.1,Canterbury,MJ Hay,HB Shipley,T Muller,1,0,,,,,,"",""
ball,1,86.2,Canterbury,HB Shipley,MJ Hay,T Muller,0,0,,,,,,"",""
ball,1,86.3,Canterbury,HB Shipley,MJ Hay,T Muller,1,0,,,,,,"",""
ball,1,86.4,Canterbury,MJ Hay,HB Shipley,T Muller,0,0,,,,,,"",""
ball,1,86.5,Canterbury,MJ Hay,HB Shipley,T Muller,4,0,,,,,,"",""
ball,1,86.6,Canterbury,MJ Hay,HB Shipley,T Muller,1,0,,,,,,"",""
ball,1,87.1,Canterbury,MJ Hay,HB Shipley,JA Duffy,1,0,,,,,,"",""
ball,1,87.2,Canterbury,HB Shipley,MJ Hay,JA Duffy,4,0,,,,,,"",""
ball,1,87.3,Canterbury,HB Shipley,MJ Hay,JA Duffy,1,0,,,,,,"",""
ball,1,87.4,Canterbury,MJ Hay,HB Shipley,JA Duffy,0,0,,,,,,"",""
ball,1,87.5,Canterbury,MJ Hay,HB Shipley,JA Duffy,4,0,,,,,,"",""
ball,1,87.6,Canterbury,MJ Hay,HB Shipley,JA Duffy,0,0,,,,,,"",""
ball,1,88.1,Canterbury,HB Shipley,MJ Hay,JD McKay,1,0,,,,,,"",""
ball,1,88.2,Canterbury,MJ Hay,HB Shipley,JD McKay,0,0,,,,,,"",""
ball,1,88.3,Canterbury,MJ Hay,HB Shipley,JD McKay,0,0,,,,,,"",""
ball,1,88.4,Canterbury,MJ Hay,HB Shipley,JD McKay,1,0,,,,,,"",""
ball,1,88.5,Canterbury,HB Shipley,MJ Hay,JD McKay,1,0,,,,,,"",""
ball,1,88.6,Canterbury,MJ Hay,HB Shipley,JD McKay,0,0,,,,,,caught,MJ Hay
ball,1,89.1,Canterbury,HB Shipley,IS Sodhi,JA Duffy,0,0,,,,,,"",""
ball,1,89.2,Canterbury,HB Shipley,IS Sodhi,JA Duffy,2,0,,,,,,"",""
ball,1,89.3,Canterbury,HB Shipley,IS Sodhi,JA Duffy,0,0,,,,,,"",""
ball,1,89.4,Canterbury,HB Shipley,IS Sodhi,JA Duffy,0,0,,,,,,"",""
ball,1,89.5,Canterbury,HB Shipley,IS Sodhi,JA Duffy,0,0,,,,,,"",""
ball,1,89.6,Canterbury,HB Shipley,IS Sodhi,JA Duffy,0,0,,,,,,"",""
ball,1,90.1,Canterbury,IS Sodhi,HB Shipley,JD McKay,0,0,,,,,,"",""
ball,1,90.2,Canterbury,IS Sodhi,HB Shipley,JD McKay,0,0,,,,,,"",""
ball,1,90.3,Canterbury,IS Sodhi,HB Shipley,JD McKay,0,0,,,,,,"",""
ball,1,90.4,Canterbury,IS Sodhi,HB Shipley,JD McKay,0,0,,,,,,"",""
ball,1,90.5,Canterbury,IS Sodhi,HB Shipley,JD McKay,0,0,,,,,,"",""
ball,1,90.6,Canterbury,IS Sodhi,HB Shipley,JD McKay,0,0,,,,,,"",""
ball,1,91.1,Canterbury,HB Shipley,IS Sodhi,T Muller,0,0,,,,,,"",""
ball,1,91.2,Canterbury,HB Shipley,IS Sodhi,T Muller,0,0,,,,,,"",""
ball,1,91.3,Canterbury,HB Shipley,IS Sodhi,T Muller,0,0,,,,,,"",""
ball,1,91.4,Canterbury,HB Shipley,IS Sodhi,T Muller,0,0,,,,,,"",""
ball,1,91.5,Canterbury,HB Shipley,IS Sodhi,T Muller,0,0,,,,,,"",""
ball,1,91.6,Canterbury,HB Shipley,IS Sodhi,T Muller,0,0,,,,,,"",""
ball,1,92.1,Canterbury,IS Sodhi,HB Shipley,JD McKay,0,0,,,,,,"",""
ball,1,92.2,Canterbury,IS Sodhi,HB Shipley,JD McKay,0,0,,,,,,"",""
ball,1,92.3,Canterbury,IS Sodhi,HB Shipley,JD McKay,4,0,,,,,,"",""
ball,1,92.4,Canterbury,IS Sodhi,HB Shipley,JD McKay,0,0,,,,,,"",""
ball,1,92.5,Canterbury,IS Sodhi,HB Shipley,JD McKay,0,0,,,,,,"",""
ball,1,92.6,Canterbury,IS Sodhi,HB Shipley,JD McKay,2,0,,,,,,"",""
ball,1,93.1,Canterbury,HB Shipley,IS Sodhi,T Muller,0,0,,,,,,lbw,HB Shipley
ball,1,93.2,Canterbury,AW McKenzie,IS Sodhi,T Muller,0,0,,,,,,"",""
ball,1,93.3,Canterbury,AW McKenzie,IS Sodhi,T Muller,0,0,,,,,,"",""
ball,1,93.4,Canterbury,AW McKenzie,IS Sodhi,T Muller,6,0,,,,,,"",""
ball,1,93.5,Canterbury,AW McKenzie,IS Sodhi,T Muller,0,0,,,,,,"",""
ball,1,93.6,Canterbury,AW McKenzie,IS Sodhi,T Muller,0,0,,,,,,"",""
ball,1,94.1,Canterbury,IS Sodhi,AW McKenzie,JD McKay,0,0,,,,,,"",""
ball,1,94.2,Canterbury,IS Sodhi,AW McKenzie,JD McKay,4,0,,,,,,"",""
ball,1,94.3,Canterbury,IS Sodhi,AW McKenzie,JD McKay,0,0,,,,,,"",""
ball,1,94.4,Canterbury,IS Sodhi,AW McKenzie,JD McKay,0,0,,,,,,"",""
ball,1,94.5,Canterbury,IS Sodhi,AW McKenzie,JD McKay,0,0,,,,,,"",""
ball,1,94.6,Canterbury,IS Sodhi,AW McKenzie,JD McKay,1,0,,,,,,"",""
ball,1,95.1,Canterbury,IS Sodhi,AW McKenzie,T Muller,0,0,,,,,,"",""
ball,1,95.2,Canterbury,IS Sodhi,AW McKenzie,T Muller,0,0,,,,,,"",""
ball,1,95.3,Canterbury,IS Sodhi,AW McKenzie,T Muller,0,0,,,,,,"",""
ball,1,95.4,Canterbury,IS Sodhi,AW McKenzie,T Muller,0,0,,,,,,"",""
ball,1,95.5,Canterbury,IS Sodhi,AW McKenzie,T Muller,0,0,,,,,,"",""
ball,1,95.6,Canterbury,IS Sodhi,AW McKenzie,T Muller,0,0,,,,,,"",""
ball,1,96.1,Canterbury,AW McKenzie,IS Sodhi,JA Duffy,0,0,,,,,,"",""
ball,1,96.2,Canterbury,AW McKenzie,IS Sodhi,JA Duffy,1,0,,,,,,"",""
ball,1,96.3,Canterbury,IS Sodhi,AW McKenzie,JA Duffy,0,0,,,,,,"",""
ball,1,96.4,Canterbury,IS Sodhi,AW McKenzie,JA Duffy,4,0,,,,,,"",""
ball,1,96.5,Canterbury,IS Sodhi,AW McKenzie,JA Duffy,4,0,,,,,,"",""
ball,1,96.6,Canterbury,IS Sodhi,AW McKenzie,JA Duffy,0,0,,,,,,"",""
ball,1,97.1,Canterbury,AW McKenzie,IS Sodhi,T Muller,1,0,,,,,,"",""
ball,1,97.2,Canterbury,IS Sodhi,AW McKenzie,T Muller,0,0,,,,,,"",""
ball,1,97.3,Canterbury,IS Sodhi,AW McKenzie,T Muller,4,0,,,,,,"",""
ball,1,97.4,Canterbury,IS Sodhi,AW McKenzie,T Muller,0,0,,,,,,"",""
ball,1,97.5,Canterbury,IS Sodhi,AW McKenzie,T Muller,0,0,,,,,,run out,AW McKenzie
ball,1,97.6,Canterbury,W O'Rourke,IS Sodhi,T Muller,0,1,,,,1,,"",""
ball,1,98.1,Canterbury,W O'Rourke,IS Sodhi,JA Duffy,0,0,,,,,,"",""
ball,1,98.2,Canterbury,W O'Rourke,IS Sodhi,JA Duffy,0,0,,,,,,"",""
ball,1,98.3,Canterbury,W O'Rourke,IS Sodhi,JA Duffy,0,0,,,,,,"",""
ball,1,98.4,Canterbury,W O'Rourke,IS Sodhi,JA Duffy,0,0,,,,,,"",""
ball,1,98.5,Canterbury,W O'Rourke,IS Sodhi,JA Duffy,0,0,,,,,,"",""
ball,1,98.6,Canterbury,W O'Rourke,IS Sodhi,JA Duffy,0,0,,,,,,"",""
ball,1,99.1,Canterbury,IS Sodhi,W O'Rourke,T Muller,6,0,,,,,,"",""
ball,1,99.2,Canterbury,IS Sodhi,W O'Rourke,T Muller,1,0,,,,,,"",""
ball,1,99.3,Canterbury,W O'Rourke,IS Sodhi,T Muller,3,0,,,,,,"",""
ball,1,99.4,Canterbury,IS Sodhi,W O'Rourke,T Muller,1,0,,,,,,"",""
ball,1,99.5,Canterbury,W O'Rourke,IS Sodhi,T Muller,4,0,,,,,,"",""
ball,1,99.6,Canterbury,W O'Rourke,IS Sodhi,T Muller,2,0,,,,,,"",""
ball,1,100.1,Canterbury,IS Sodhi,W O'Rourke,JA Duffy,0,0,,,,,,"",""
ball,1,100.2,Canterbury,IS Sodhi,W O'Rourke,JA Duffy,0,1,1,,,,,"",""
ball,1,100.3,Canterbury,IS Sodhi,W O'Rourke,JA Duffy,1,0,,,,,,"",""
ball,1,100.4,Canterbury,W O'Rourke,IS Sodhi,JA Duffy,0,0,,,,,,"",""
ball,1,100.5,Canterbury,W O'Rourke,IS Sodhi,JA Duffy,0,0,,,,,,"",""
ball,1,100.6,Canterbury,W O'Rourke,IS Sodhi,JA Duffy,4,0,,,,,,"",""
ball,1,100.7,Canterbury,W O'Rourke,IS Sodhi,JA Duffy,0,4,,,,4,,"",""
ball,1,101.1,Canterbury,IS Sodhi,W O'Rourke,T Muller,0,0,,,,,,"",""
ball,1,101.2,Canterbury,IS Sodhi,W O'Rourke,T Muller,0,0,,,,,,"",""
ball,1,101.3,Canterbury,IS Sodhi,W O'Rourke,T Muller,0,0,,,,,,"",""
ball,1,101.4,Canterbury,IS Sodhi,W O'Rourke,T Muller,1,0,,,,,,"",""
ball,1,101.5,Canterbury,W O'Rourke,IS Sodhi,T Muller,0,0,,,,,,"",""
ball,1,101.6,Canterbury,W O'Rourke,IS Sodhi,T Muller,0,0,,,,,,"",""
ball,1,102.1,Canterbury,IS Sodhi,W O'Rourke,JA Duffy,1,0,,,,,,"",""
ball,1,102.2,Canterbury,W O'Rourke,IS Sodhi,JA Duffy,0,0,,,,,,"",""
ball,1,102.3,Canterbury,W O'Rourke,IS Sodhi,JA Duffy,0,0,,,,,,"",""
ball,1,102.4,Canterbury,W O'Rourke,IS Sodhi,JA Duffy,0,0,,,,,,"",""
ball,1,102.5,Canterbury,W O'Rourke,IS Sodhi,JA Duffy,0,0,,,,,,"",""
ball,1,102.6,Canterbury,W O'Rourke,IS Sodhi,JA Duffy,0,0,,,,,,"",""
ball,1,103.1,Canterbury,IS Sodhi,W O'Rourke,T Muller,0,0,,,,,,"",""
ball,1,103.2,Canterbury,IS Sodhi,W O'Rourke,T Muller,0,1,1,,,,,"",""
ball,1,103.3,Canterbury,IS Sodhi,W O'Rourke,T Muller,6,0,,,,,,"",""
ball,1,103.4,Canterbury,IS Sodhi,W O'Rourke,T Muller,1,0,,,,,,"",""
ball,1,103.5,Canterbury,W O'Rourke,IS Sodhi,T Muller,0,0,,,,,,"",""
ball,1,103.6,Canterbury,W O'Rourke,IS Sodhi,T Muller,0,0,,,,,,"",""
ball,1,103.7,Canterbury,W O'Rourke,IS Sodhi,T Muller,0,0,,,,,,"",""
ball,1,104.1,Canterbury,IS Sodhi,W O'Rourke,JA Duffy,0,0,,,,,,"",""
ball,1,104.2,Canterbury,IS Sodhi,W O'Rourke,JA Duffy,0,0,,,,,,"",""
ball,1,104.3,Canterbury,IS Sodhi,W O'Rourke,JA Duffy,1,0,,,,,,"",""
ball,1,104.4,Canterbury,W O'Rourke,IS Sodhi,JA Duffy,0,0,,,,,,"",""
ball,1,104.5,Canterbury,W O'Rourke,IS Sodhi,JA Duffy,0,0,,,,,,"",""
ball,1,104.6,Canterbury,W O'Rourke,IS Sodhi,JA Duffy,0,0,,,,,,"",""
ball,1,105.1,Canterbury,IS Sodhi,W O'Rourke,JM Gibson,0,0,,,,,,"",""
ball,1,105.2,Canterbury,IS Sodhi,W O'Rourke,JM Gibson,0,1,1,,,,,"",""
ball,1,105.3,Canterbury,IS Sodhi,W O'Rourke,JM Gibson,0,0,,,,,,"",""
ball,1,105.4,Canterbury,IS Sodhi,W O'Rourke,JM Gibson,1,0,,,,,,"",""
ball,1,105.5,Canterbury,W O'Rourke,IS Sodhi,JM Gibson,0,0,,,,,,"",""
ball,1,105.6,Canterbury,W O'Rourke,IS Sodhi,JM Gibson,0,0,,,,,,"",""
ball,1,105.7,Canterbury,W O'Rourke,IS Sodhi,JM Gibson,4,0,,,,,,"",""
ball,1,106.1,Canterbury,IS Sodhi,W O'Rourke,JA Duffy,2,0,,,,,,"",""
ball,1,106.2,Canterbury,IS Sodhi,W O'Rourke,JA Duffy,1,0,,,,,,"",""
ball,1,106.3,Canterbury,W O'Rourke,IS Sodhi,JA Duffy,0,0,,,,,,"",""
ball,1,106.4,Canterbury,W O'Rourke,IS Sodhi,JA Duffy,0,0,,,,,,"",""
ball,1,106.5,Canterbury,W O'Rourke,IS Sodhi,JA Duffy,0,0,,,,,,"",""
ball,1,106.6,Canterbury,W O'Rourke,IS Sodhi,JA Duffy,0,0,,,,,,"",""
ball,1,107.1,Canterbury,IS Sodhi,W O'Rourke,JM Gibson,0,0,,,,,,caught,IS Sodhi
ball,2,0.1,Otago Volts,HD Rutherford,TK Parkes,HB Shipley,4,0,,,,,,"",""
ball,2,0.2,Otago Volts,HD Rutherford,TK Parkes,HB Shipley,0,0,,,,,,"",""
ball,2,0.3,Otago Volts,HD Rutherford,TK Parkes,HB Shipley,2,0,,,,,,"",""
ball,2,0.4,Otago Volts,HD Rutherford,TK Parkes,HB Shipley,0,0,,,,,,"",""
ball,2,0.5,Otago Volts,HD Rutherford,TK Parkes,HB Shipley,0,0,,,,,,"",""
ball,2,0.6,Otago Volts,HD Rutherford,TK Parkes,HB Shipley,0,0,,,,,,"",""
ball,2,1.1,Otago Volts,TK Parkes,HD Rutherford,W O'Rourke,0,0,,,,,,"",""
ball,2,1.2,Otago Volts,TK Parkes,HD Rutherford,W O'Rourke,0,0,,,,,,"",""
ball,2,1.3,Otago Volts,TK Parkes,HD Rutherford,W O'Rourke,3,0,,,,,,"",""
ball,2,1.4,Otago Volts,HD Rutherford,TK Parkes,W O'Rourke,0,0,,,,,,"",""
ball,2,1.5,Otago Volts,HD Rutherford,TK Parkes,W O'Rourke,1,0,,,,,,"",""
ball,2,1.6,Otago Volts,TK Parkes,HD Rutherford,W O'Rourke,2,0,,,,,,"",""
ball,2,2.1,Otago Volts,HD Rutherford,TK Parkes,HB Shipley,0,0,,,,,,"",""
ball,2,2.2,Otago Volts,HD Rutherford,TK Parkes,HB Shipley,1,0,,,,,,"",""
ball,2,2.3,Otago Volts,TK Parkes,HD Rutherford,HB Shipley,0,0,,,,,,"",""
ball,2,2.4,Otago Volts,TK Parkes,HD Rutherford,HB Shipley,1,0,,,,,,"",""
ball,2,2.5,Otago Volts,HD Rutherford,TK Parkes,HB Shipley,4,0,,,,,,"",""
ball,2,2.6,Otago Volts,HD Rutherford,TK Parkes,HB Shipley,4,0,,,,,,"",""
ball,2,3.1,Otago Volts,TK Parkes,HD Rutherford,W O'Rourke,0,0,,,,,,"",""
ball,2,3.2,Otago Volts,TK Parkes,HD Rutherford,W O'Rourke,0,0,,,,,,"",""
ball,2,3.3,Otago Volts,TK Parkes,HD Rutherford,W O'Rourke,0,0,,,,,,"",""
ball,2,3.4,Otago Volts,TK Parkes,HD Rutherford,W O'Rourke,0,0,,,,,,"",""
ball,2,3.5,Otago Volts,TK Parkes,HD Rutherford,W O'Rourke,0,0,,,,,,"",""
ball,2,3.6,Otago Volts,TK Parkes,HD Rutherford,W O'Rourke,0,1,,,,1,,"",""
ball,2,4.1,Otago Volts,TK Parkes,HD Rutherford,HB Shipley,0,0,,,,,,"",""
ball,2,4.2,Otago Volts,TK Parkes,HD Rutherford,HB Shipley,2,0,,,,,,"",""
ball,2,4.3,Otago Volts,TK Parkes,HD Rutherford,HB Shipley,0,0,,,,,,"",""
ball,2,4.4,Otago Volts,TK Parkes,HD Rutherford,HB Shipley,0,0,,,,,,"",""
ball,2,4.5,Otago Volts,TK Parkes,HD Rutherford,HB Shipley,1,0,,,,,,"",""
ball,2,4.6,Otago Volts,HD Rutherford,TK Parkes,HB Shipley,0,0,,,,,,"",""
ball,2,5.1,Otago Volts,TK Parkes,HD Rutherford,W O'Rourke,0,0,,,,,,"",""
ball,2,5.2,Otago Volts,TK Parkes,HD Rutherford,W O'Rourke,0,0,,,,,,"",""
ball,2,5.3,Otago Volts,TK Parkes,HD Rutherford,W O'Rourke,4,0,,,,,,"",""
ball,2,5.4,Otago Volts,TK Parkes,HD Rutherford,W O'Rourke,1,0,,,,,,"",""
ball,2,5.5,Otago Volts,HD Rutherford,TK Parkes,W O'Rourke,1,0,,,,,,"",""
ball,2,5.6,Otago Volts,TK Parkes,HD Rutherford,W O'Rourke,0,0,,,,,,"",""
ball,2,6.1,Otago Volts,HD Rutherford,TK Parkes,HB Shipley,0,0,,,,,,"",""
ball,2,6.2,Otago Volts,HD Rutherford,TK Parkes,HB Shipley,0,0,,,,,,"",""
ball,2,6.3,Otago Volts,HD Rutherford,TK Parkes,HB Shipley,0,0,,,,,,"",""
ball,2,6.4,Otago Volts,HD Rutherford,TK Parkes,HB Shipley,4,0,,,,,,"",""
ball,2,6.5,Otago Volts,HD Rutherford,TK Parkes,HB Shipley,1,0,,,,,,"",""
ball,2,6.6,Otago Volts,TK Parkes,HD Rutherford,HB Shipley,0,0,,,,,,"",""
ball,2,7.1,Otago Volts,HD Rutherford,TK Parkes,W O'Rourke,0,0,,,,,,"",""
ball,2,7.2,Otago Volts,HD Rutherford,TK Parkes,W O'Rourke,1,0,,,,,,"",""
ball,2,7.3,Otago Volts,TK Parkes,HD Rutherford,W O'Rourke,0,0,,,,,,"",""
ball,2,7.4,Otago Volts,TK Parkes,HD Rutherford,W O'Rourke,0,0,,,,,,"",""
ball,2,7.5,Otago Volts,TK Parkes,HD Rutherford,W O'Rourke,0,0,,,,,,"",""
ball,2,7.6,Otago Volts,TK Parkes,HD Rutherford,W O'Rourke,0,0,,,,,,"",""
ball,2,8.1,Otago Volts,HD Rutherford,TK Parkes,HB Shipley,0,0,,,,,,"",""
ball,2,8.2,Otago Volts,HD Rutherford,TK Parkes,HB Shipley,0,0,,,,,,"",""
ball,2,8.3,Otago Volts,HD Rutherford,TK Parkes,HB Shipley,0,0,,,,,,"",""
ball,2,8.4,Otago Volts,HD Rutherford,TK Parkes,HB Shipley,0,0,,,,,,"",""
ball,2,8.5,Otago Volts,HD Rutherford,TK Parkes,HB Shipley,1,0,,,,,,"",""
ball,2,8.6,Otago Volts,TK Parkes,HD Rutherford,HB Shipley,0,0,,,,,,"",""
ball,2,9.1,Otago Volts,HD Rutherford,TK Parkes,W O'Rourke,1,0,,,,,,"",""
ball,2,9.2,Otago Volts,TK Parkes,HD Rutherford,W O'Rourke,0,0,,,,,,"",""
ball,2,9.3,Otago Volts,TK Parkes,HD Rutherford,W O'Rourke,0,0,,,,,,"",""
ball,2,9.4,Otago Volts,TK Parkes,HD Rutherford,W O'Rourke,0,0,,,,,,caught and bowled,TK Parkes
ball,2,9.5,Otago Volts,D Foxcroft,HD Rutherford,W O'Rourke,1,0,,,,,,"",""
ball,2,9.6,Otago Volts,HD Rutherford,D Foxcroft,W O'Rourke,0,0,,,,,,"",""
ball,2,10.1,Otago Volts,D Foxcroft,HD Rutherford,HB Shipley,0,0,,,,,,"",""
ball,2,10.2,Otago Volts,D Foxcroft,HD Rutherford,HB Shipley,4,0,,,,,,"",""
ball,2,10.3,Otago Volts,D Foxcroft,HD Rutherford,HB Shipley,0,0,,,,,,"",""
ball,2,10.4,Otago Volts,D Foxcroft,HD Rutherford,HB Shipley,0,0,,,,,,"",""
ball,2,10.5,Otago Volts,D Foxcroft,HD Rutherford,HB Shipley,4,0,,,,,,"",""
ball,2,10.6,Otago Volts,D Foxcroft,HD Rutherford,HB Shipley,4,0,,,,,,"",""
ball,2,11.1,Otago Volts,HD Rutherford,D Foxcroft,W O'Rourke,0,0,,,,,,"",""
ball,2,11.2,Otago Volts,HD Rutherford,D Foxcroft,W O'Rourke,0,0,,,,,,"",""
ball,2,11.3,Otago Volts,HD Rutherford,D Foxcroft,W O'Rourke,0,0,,,,,,"",""
ball,2,11.4,Otago Volts,HD Rutherford,D Foxcroft,W O'Rourke,0,0,,,,,,"",""
ball,2,11.5,Otago Volts,HD Rutherford,D Foxcroft,W O'Rourke,0,0,,,,,,"",""
ball,2,11.6,Otago Volts,HD Rutherford,D Foxcroft,W O'Rourke,4,0,,,,,,"",""
ball,2,12.1,Otago Volts,D Foxcroft,HD Rutherford,EJ Nuttall,0,0,,,,,,"",""
ball,2,12.2,Otago Volts,D Foxcroft,HD Rutherford,EJ Nuttall,0,0,,,,,,"",""
ball,2,12.3,Otago Volts,D Foxcroft,HD Rutherford,EJ Nuttall,0,0,,,,,,"",""
ball,2,12.4,Otago Volts,D Foxcroft,HD Rutherford,EJ Nuttall,0,0,,,,,,"",""
ball,2,12.5,Otago Volts,D Foxcroft,HD Rutherford,EJ Nuttall,0,0,,,,,,"",""
ball,2,12.6,Otago Volts,D Foxcroft,HD Rutherford,EJ Nuttall,1,0,,,,,,"",""
ball,2,13.1,Otago Volts,D Foxcroft,HD Rutherford,AW McKenzie,0,0,,,,,,"",""
ball,2,13.2,Otago Volts,D Foxcroft,HD Rutherford,AW McKenzie,1,0,,,,,,"",""
ball,2,13.3,Otago Volts,HD Rutherford,D Foxcroft,AW McKenzie,0,0,,,,,,"",""
ball,2,13.4,Otago Volts,HD Rutherford,D Foxcroft,AW McKenzie,0,0,,,,,,"",""
ball,2,13.5,Otago Volts,HD Rutherford,D Foxcroft,AW McKenzie,0,0,,,,,,"",""
ball,2,13.6,Otago Volts,HD Rutherford,D Foxcroft,AW McKenzie,1,0,,,,,,"",""
ball,2,14.1,Otago Volts,HD Rutherford,D Foxcroft,EJ Nuttall,4,0,,,,,,"",""
ball,2,14.2,Otago Volts,HD Rutherford,D Foxcroft,EJ Nuttall,1,0,,,,,,"",""
ball,2,14.3,Otago Volts,D Foxcroft,HD Rutherford,EJ Nuttall,0,0,,,,,,"",""
ball,2,14.4,Otago Volts,D Foxcroft,HD Rutherford,EJ Nuttall,0,0,,,,,,"",""
ball,2,14.5,Otago Volts,D Foxcroft,HD Rutherford,EJ Nuttall,0,0,,,,,,"",""
ball,2,14.6,Otago Volts,D Foxcroft,HD Rutherford,EJ Nuttall,4,0,,,,,,"",""
ball,2,15.1,Otago Volts,HD Rutherford,D Foxcroft,AW McKenzie,0,0,,,,,,"",""
ball,2,15.2,Otago Volts,HD Rutherford,D Foxcroft,AW McKenzie,0,0,,,,,,"",""
ball,2,15.3,Otago Volts,HD Rutherford,D Foxcroft,AW McKenzie,0,0,,,,,,"",""
ball,2,15.4,Otago Volts,HD Rutherford,D Foxcroft,AW McKenzie,2,0,,,,,,"",""
ball,2,15.5,Otago Volts,HD Rutherford,D Foxcroft,AW McKenzie,0,0,,,,,,"",""
ball,2,15.6,Otago Volts,HD Rutherford,D Foxcroft,AW McKenzie,4,0,,,,,,"",""
ball,2,16.1,Otago Volts,D Foxcroft,HD Rutherford,EJ Nuttall,0,0,,,,,,"",""
ball,2,16.2,Otago Volts,D Foxcroft,HD Rutherford,EJ Nuttall,0,0,,,,,,"",""
ball,2,16.3,Otago Volts,D Foxcroft,HD Rutherford,EJ Nuttall,0,0,,,,,,"",""
ball,2,16.4,Otago Volts,D Foxcroft,HD Rutherford,EJ Nuttall,4,0,,,,,,"",""
ball,2,16.5,Otago Volts,D Foxcroft,HD Rutherford,EJ Nuttall,0,0,,,,,,"",""
ball,2,16.6,Otago Volts,D Foxcroft,HD Rutherford,EJ Nuttall,0,0,,,,,,"",""
ball,2,17.1,Otago Volts,HD Rutherford,D Foxcroft,CE McConchie,0,0,,,,,,"",""
ball,2,17.2,Otago Volts,HD Rutherford,D Foxcroft,CE McConchie,0,0,,,,,,bowled,HD Rutherford
ball,2,17.3,Otago Volts,GD Phillips,D Foxcroft,CE McConchie,1,0,,,,,,"",""
ball,2,17.4,Otago Volts,D Foxcroft,GD Phillips,CE McConchie,0,0,,,,,,"",""
ball,2,17.5,Otago Volts,D Foxcroft,GD Phillips,CE McConchie,0,0,,,,,,"",""
ball,2,17.6,Otago Volts,D Foxcroft,GD Phillips,CE McConchie,0,0,,,,,,"",""
ball,2,18.1,Otago Volts,GD Phillips,D Foxcroft,EJ Nuttall,0,0,,,,,,"",""
ball,2,18.2,Otago Volts,GD Phillips,D Foxcroft,EJ Nuttall,0,0,,,,,,"",""
ball,2,18.3,Otago Volts,GD Phillips,D Foxcroft,EJ Nuttall,0,0,,,,,,"",""
ball,2,18.4,Otago Volts,GD Phillips,D Foxcroft,EJ Nuttall,4,0,,,,,,"",""
ball,2,18.5,Otago Volts,GD Phillips,D Foxcroft,EJ Nuttall,0,0,,,,,,"",""
ball,2,18.6,Otago Volts,GD Phillips,D Foxcroft,EJ Nuttall,0,0,,,,,,"",""
ball,2,19.1,Otago Volts,D Foxcroft,GD Phillips,W O'Rourke,1,0,,,,,,"",""
ball,2,19.2,Otago Volts,GD Phillips,D Foxcroft,W O'Rourke,1,0,,,,,,"",""
ball,2,19.3,Otago Volts,D Foxcroft,GD Phillips,W O'Rourke,0,0,,,,,,"",""
ball,2,19.4,Otago Volts,D Foxcroft,GD Phillips,W O'Rourke,0,0,,,,,,"",""
ball,2,19.5,Otago Volts,D Foxcroft,GD Phillips,W O'Rourke,0,0,,,,,,"",""
ball,2,19.6,Otago Volts,D Foxcroft,GD Phillips,W O'Rourke,0,0,,,,,,"",""
ball,2,20.1,Otago Volts,GD Phillips,D Foxcroft,EJ Nuttall,0,0,,,,,,"",""
ball,2,20.2,Otago Volts,GD Phillips,D Foxcroft,EJ Nuttall,4,0,,,,,,"",""
ball,2,20.3,Otago Volts,GD Phillips,D Foxcroft,EJ Nuttall,6,0,,,,,,"",""
ball,2,20.4,Otago Volts,GD Phillips,D Foxcroft,EJ Nuttall,3,0,,,,,,"",""
ball,2,20.5,Otago Volts,D Foxcroft,GD Phillips,EJ Nuttall,0,0,,,,,,"",""
ball,2,20.6,Otago Volts,D Foxcroft,GD Phillips,EJ Nuttall,1,0,,,,,,"",""
ball,2,21.1,Otago Volts,D Foxcroft,GD Phillips,W O'Rourke,0,0,,,,,,"",""
ball,2,21.2,Otago Volts,D Foxcroft,GD Phillips,W O'Rourke,0,0,,,,,,"",""
ball,2,21.3,Otago Volts,D Foxcroft,GD Phillips,W O'Rourke,0,0,,,,,,"",""
ball,2,21.4,Otago Volts,D Foxcroft,GD Phillips,W O'Rourke,0,0,,,,,,"",""
ball,2,21.5,Otago Volts,D Foxcroft,GD Phillips,W O'Rourke,2,0,,,,,,"",""
ball,2,21.6,Otago Volts,D Foxcroft,GD Phillips,W O'Rourke,4,0,,,,,,"",""
ball,2,22.1,Otago Volts,GD Phillips,D Foxcroft,EJ Nuttall,6,0,,,,,,"",""
ball,2,22.2,Otago Volts,GD Phillips,D Foxcroft,EJ Nuttall,0,0,,,,,,"",""
ball,2,22.3,Otago Volts,GD Phillips,D Foxcroft,EJ Nuttall,0,0,,,,,,caught,GD Phillips
ball,2,22.4,Otago Volts,DN Phillips,D Foxcroft,EJ Nuttall,0,0,,,,,,"",""
ball,2,22.5,Otago Volts,DN Phillips,D Foxcroft,EJ Nuttall,0,0,,,,,,"",""
ball,2,22.6,Otago Volts,DN Phillips,D Foxcroft,EJ Nuttall,0,0,,,,,,"",""
ball,2,23.1,Otago Volts,D Foxcroft,DN Phillips,W O'Rourke,0,0,,,,,,"",""
ball,2,23.2,Otago Volts,D Foxcroft,DN Phillips,W O'Rourke,4,0,,,,,,"",""
ball,2,23.3,Otago Volts,D Foxcroft,DN Phillips,W O'Rourke,0,0,,,,,,"",""
ball,2,23.4,Otago Volts,D Foxcroft,DN Phillips,W O'Rourke,2,0,,,,,,"",""
ball,2,23.5,Otago Volts,D Foxcroft,DN Phillips,W O'Rourke,1,0,,,,,,"",""
ball,2,23.6,Otago Volts,DN Phillips,D Foxcroft,W O'Rourke,0,0,,,,,,"",""
ball,2,24.1,Otago Volts,D Foxcroft,DN Phillips,EJ Nuttall,0,0,,,,,,"",""
ball,2,24.2,Otago Volts,D Foxcroft,DN Phillips,EJ Nuttall,0,0,,,,,,"",""
ball,2,24.3,Otago Volts,D Foxcroft,DN Phillips,EJ Nuttall,0,0,,,,,,"",""
ball,2,24.4,Otago Volts,D Foxcroft,DN Phillips,EJ Nuttall,2,0,,,,,,"",""
ball,2,24.5,Otago Volts,D Foxcroft,DN Phillips,EJ Nuttall,0,0,,,,,,"",""
ball,2,24.6,Otago Volts,D Foxcroft,DN Phillips,EJ Nuttall,0,0,,,,,,"",""
ball,2,25.1,Otago Volts,DN Phillips,D Foxcroft,W O'Rourke,1,0,,,,,,"",""
ball,2,25.2,Otago Volts,D Foxcroft,DN Phillips,W O'Rourke,0,0,,,,,,"",""
ball,2,25.3,Otago Volts,D Foxcroft,DN Phillips,W O'Rourke,4,0,,,,,,"",""
ball,2,25.4,Otago Volts,D Foxcroft,DN Phillips,W O'Rourke,0,0,,,,,,"",""
ball,2,25.5,Otago Volts,D Foxcroft,DN Phillips,W O'Rourke,1,0,,,,,,"",""
ball,2,25.6,Otago Volts,DN Phillips,D Foxcroft,W O'Rourke,0,0,,,,,,"",""
ball,2,26.1,Otago Volts,D Foxcroft,DN Phillips,EJ Nuttall,1,0,,,,,,"",""
ball,2,26.2,Otago Volts,DN Phillips,D Foxcroft,EJ Nuttall,0,0,,,,,,"",""
ball,2,26.3,Otago Volts,DN Phillips,D Foxcroft,EJ Nuttall,0,0,,,,,,"",""
ball,2,26.4,Otago Volts,DN Phillips,D Foxcroft,EJ Nuttall,4,0,,,,,,"",""
ball,2,26.5,Otago Volts,DN Phillips,D Foxcroft,EJ Nuttall,0,0,,,,,,"",""
ball,2,26.6,Otago Volts,DN Phillips,D Foxcroft,EJ Nuttall,1,0,,,,,,"",""
ball,2,27.1,Otago Volts,DN Phillips,D Foxcroft,IS Sodhi,0,0,,,,,,"",""
ball,2,27.2,Otago Volts,DN Phillips,D Foxcroft,IS Sodhi,0,1,,1,,,,"",""
ball,2,27.3,Otago Volts,DN Phillips,D Foxcroft,IS Sodhi,0,0,,,,,,"",""
ball,2,27.4,Otago Volts,DN Phillips,D Foxcroft,IS Sodhi,0,0,,,,,,"",""
ball,2,27.5,Otago Volts,DN Phillips,D Foxcroft,IS Sodhi,4,0,,,,,,"",""
ball,2,27.6,Otago Volts,DN Phillips,D Foxcroft,IS Sodhi,0,0,,,,,,"",""
ball,2,27.7,Otago Volts,DN Phillips,D Foxcroft,IS Sodhi,0,0,,,,,,"",""
ball,2,28.1,Otago Volts,D Foxcroft,DN Phillips,HB Shipley,0,0,,,,,,"",""
ball,2,28.2,Otago Volts,D Foxcroft,DN Phillips,HB Shipley,1,0,,,,,,"",""
ball,2,28.3,Otago Volts,DN Phillips,D Foxcroft,HB Shipley,0,0,,,,,,"",""
ball,2,28.4,Otago Volts,DN Phillips,D Foxcroft,HB Shipley,0,0,,,,,,"",""
ball,2,28.5,Otago Volts,DN Phillips,D Foxcroft,HB Shipley,2,0,,,,,,"",""
ball,2,28.6,Otago Volts,DN Phillips,D Foxcroft,HB Shipley,1,0,,,,,,"",""
ball,2,29.1,Otago Volts,DN Phillips,D Foxcroft,IS Sodhi,3,0,,,,,,"",""
ball,2,29.2,Otago Volts,D Foxcroft,DN Phillips,IS Sodhi,4,0,,,,,,"",""
ball,2,29.3,Otago Volts,D Foxcroft,DN Phillips,IS Sodhi,2,0,,,,,,"",""
ball,2,29.4,Otago Volts,D Foxcroft,DN Phillips,IS Sodhi,0,0,,,,,,"",""
ball,2,29.5,Otago Volts,D Foxcroft,DN Phillips,IS Sodhi,0,0,,,,,,"",""
ball,2,29.6,Otago Volts,D Foxcroft,DN Phillips,IS Sodhi,1,0,,,,,,"",""
ball,2,30.1,Otago Volts,D Foxcroft,DN Phillips,HB Shipley,0,0,,,,,,"",""
ball,2,30.2,Otago Volts,D Foxcroft,DN Phillips,HB Shipley,0,0,,,,,,"",""
ball,2,30.3,Otago Volts,D Foxcroft,DN Phillips,HB Shipley,1,0,,,,,,"",""
ball,2,30.4,Otago Volts,DN Phillips,D Foxcroft,HB Shipley,1,0,,,,,,"",""
ball,2,30.5,Otago Volts,D Foxcroft,DN Phillips,HB Shipley,0,0,,,,,,"",""
ball,2,30.6,Otago Volts,D Foxcroft,DN Phillips,HB Shipley,1,0,,,,,,"",""
ball,2,31.1,Otago Volts,D Foxcroft,DN Phillips,IS Sodhi,4,0,,,,,,"",""
ball,2,31.2,Otago Volts,D Foxcroft,DN Phillips,IS Sodhi,4,0,,,,,,"",""
ball,2,31.3,Otago Volts,D Foxcroft,DN Phillips,IS Sodhi,1,0,,,,,,"",""
ball,2,31.4,Otago Volts,DN Phillips,D Foxcroft,IS Sodhi,0,0,,,,,,"",""
ball,2,31.5,Otago Volts,DN Phillips,D Foxcroft,IS Sodhi,1,0,,,,,,"",""
ball,2,31.6,Otago Volts,D Foxcroft,DN Phillips,IS Sodhi,0,0,,,,,,"",""
ball,2,32.1,Otago Volts,DN Phillips,D Foxcroft,HB Shipley,0,0,,,,,,"",""
ball,2,32.2,Otago Volts,DN Phillips,D Foxcroft,HB Shipley,0,0,,,,,,"",""
ball,2,32.3,Otago Volts,DN Phillips,D Foxcroft,HB Shipley,0,0,,,,,,"",""
ball,2,32.4,Otago Volts,DN Phillips,D Foxcroft,HB Shipley,3,0,,,,,,"",""
ball,2,32.5,Otago Volts,D Foxcroft,DN Phillips,HB Shipley,0,1,1,,,,,"",""
ball,2,32.6,Otago Volts,D Foxcroft,DN Phillips,HB Shipley,0,0,,,,,,"",""
ball,2,32.7,Otago Volts,D Foxcroft,DN Phillips,HB Shipley,2,0,,,,,,"",""
ball,2,33.1,Otago Volts,DN Phillips,D Foxcroft,IS Sodhi,0,0,,,,,,"",""
ball,2,33.2,Otago Volts,DN Phillips,D Foxcroft,IS Sodhi,1,0,,,,,,"",""
ball,2,33.3,Otago Volts,D Foxcroft,DN Phillips,IS Sodhi,0,0,,,,,,"",""
ball,2,33.4,Otago Volts,D Foxcroft,DN Phillips,IS Sodhi,1,0,,,,,,"",""
ball,2,33.5,Otago Volts,DN Phillips,D Foxcroft,IS Sodhi,0,0,,,,,,"",""
ball,2,33.6,Otago Volts,DN Phillips,D Foxcroft,IS Sodhi,0,0,,,,,,"",""
ball,2,34.1,Otago Volts,D Foxcroft,DN Phillips,AW McKenzie,0,0,,,,,,caught,D Foxcroft
ball,2,34.2,Otago Volts,JM Gibson,DN Phillips,AW McKenzie,1,0,,,,,,"",""
ball,2,34.3,Otago Volts,DN Phillips,JM Gibson,AW McKenzie,1,0,,,,,,"",""
ball,2,34.4,Otago Volts,JM Gibson,DN Phillips,AW McKenzie,1,0,,,,,,"",""
ball,2,34.5,Otago Volts,DN Phillips,JM Gibson,AW McKenzie,0,0,,,,,,"",""
ball,2,34.6,Otago Volts,DN Phillips,JM Gibson,AW McKenzie,0,0,,,,,,"",""
ball,2,35.1,Otago Volts,JM Gibson,DN Phillips,IS Sodhi,1,0,,,,,,"",""
ball,2,35.2,Otago Volts,DN Phillips,JM Gibson,IS Sodhi,0,0,,,,,,"",""
ball,2,35.3,Otago Volts,DN Phillips,JM Gibson,IS Sodhi,0,0,,,,,,"",""
ball,2,35.4,Otago Volts,DN Phillips,JM Gibson,IS Sodhi,1,0,,,,,,"",""
ball,2,35.5,Otago Volts,JM Gibson,DN Phillips,IS Sodhi,0,0,,,,,,"",""
ball,2,35.6,Otago Volts,JM Gibson,DN Phillips,IS Sodhi,0,0,,,,,,lbw,JM Gibson
ball,2,36.1,Otago Volts,DN Phillips,MJG Rippon,AW McKenzie,1,0,,,,,,"",""
ball,2,36.2,Otago Volts,MJG Rippon,DN Phillips,AW McKenzie,0,0,,,,,,"",""
ball,2,36.3,Otago Volts,MJG Rippon,DN Phillips,AW McKenzie,0,4,,,4,,,"",""
ball,2,36.4,Otago Volts,MJG Rippon,DN Phillips,AW McKenzie,0,0,,,,,,bowled,MJG Rippon
ball,2,36.5,Otago Volts,MW Chu,DN Phillips,AW McKenzie,0,0,,,,,,"",""
ball,2,36.6,Otago Volts,MW Chu,DN Phillips,AW McKenzie,0,0,,,,,,"",""
ball,2,37.1,Otago Volts,DN Phillips,MW Chu,IS Sodhi,1,0,,,,,,"",""
ball,2,37.2,Otago Volts,MW Chu,DN Phillips,IS Sodhi,0,0,,,,,,"",""
ball,2,37.3,Otago Volts,MW Chu,DN Phillips,IS Sodhi,0,0,,,,,,"",""
ball,2,37.4,Otago Volts,MW Chu,DN Phillips,IS Sodhi,0,0,,,,,,"",""
ball,2,37.5,Otago Volts,MW Chu,DN Phillips,IS Sodhi,0,0,,,,,,"",""
ball,2,37.6,Otago Volts,MW Chu,DN Phillips,IS Sodhi,0,0,,,,,,"",""
ball,2,38.1,Otago Volts,DN Phillips,MW Chu,AW McKenzie,0,0,,,,,,"",""
ball,2,38.2,Otago Volts,DN Phillips,MW Chu,AW McKenzie,0,0,,,,,,"",""
ball,2,38.3,Otago Volts,DN Phillips,MW Chu,AW McKenzie,0,0,,,,,,"",""
ball,2,38.4,Otago Volts,DN Phillips,MW Chu,AW McKenzie,0,0,,,,,,"",""
ball,2,38.5,Otago Volts,DN Phillips,MW Chu,AW McKenzie,0,0,,,,,,"",""
ball,2,38.6,Otago Volts,DN Phillips,MW Chu,AW McKenzie,1,0,,,,,,"",""
ball,2,39.1,Otago Volts,DN Phillips,MW Chu,IS Sodhi,0,0,,,,,,"",""
ball,2,39.2,Otago Volts,DN Phillips,MW Chu,IS Sodhi,1,0,,,,,,"",""
ball,2,39.3,Otago Volts,MW Chu,DN Phillips,IS Sodhi,0,0,,,,,,"",""
ball,2,39.4,Otago Volts,MW Chu,DN Phillips,IS Sodhi,1,0,,,,,,"",""
ball,2,39.5,Otago Volts,DN Phillips,MW Chu,IS Sodhi,1,0,,,,,,"",""
ball,2,39.6,Otago Volts,MW Chu,DN Phillips,IS Sodhi,1,0,,,,,,"",""
ball,2,40.1,Otago Volts,MW Chu,DN Phillips,AW McKenzie,0,0,,,,,,"",""
ball,2,40.2,Otago Volts,MW Chu,DN Phillips,AW McKenzie,0,0,,,,,,"",""
ball,2,40.3,Otago Volts,MW Chu,DN Phillips,AW McKenzie,0,0,,,,,,"",""
ball,2,40.4,Otago Volts,MW Chu,DN Phillips,AW McKenzie,0,0,,,,,,"",""
ball,2,40.5,Otago Volts,MW Chu,DN Phillips,AW McKenzie,4,0,,,,,,"",""
ball,2,40.6,Otago Volts,MW Chu,DN Phillips,AW McKenzie,0,0,,,,,,"",""
ball,2,41.1,Otago Volts,DN Phillips,MW Chu,IS Sodhi,0,0,,,,,,"",""
ball,2,41.2,Otago Volts,DN Phillips,MW Chu,IS Sodhi,0,0,,,,,,"",""
ball,2,41.3,Otago Volts,DN Phillips,MW Chu,IS Sodhi,0,0,,,,,,"",""
ball,2,41.4,Otago Volts,DN Phillips,MW Chu,IS Sodhi,0,0,,,,,,"",""
ball,2,41.5,Otago Volts,DN Phillips,MW Chu,IS Sodhi,1,0,,,,,,"",""
ball,2,41.6,Otago Volts,MW Chu,DN Phillips,IS Sodhi,0,0,,,,,,"",""
ball,2,42.1,Otago Volts,DN Phillips,MW Chu,AW McKenzie,0,0,,,,,,"",""
ball,2,42.2,Otago Volts,DN Phillips,MW Chu,AW McKenzie,0,0,,,,,,"",""
ball,2,42.3,Otago Volts,DN Phillips,MW Chu,AW McKenzie,0,0,,,,,,"",""
ball,2,42.4,Otago Volts,DN Phillips,MW Chu,AW McKenzie,0,0,,,,,,"",""
ball,2,42.5,Otago Volts,DN Phillips,MW Chu,AW McKenzie,4,0,,,,,,"",""
ball,2,42.6,Otago Volts,DN Phillips,MW Chu,AW McKenzie,0,0,,,,,,"",""
ball,2,43.1,Otago Volts,MW Chu,DN Phillips,IS Sodhi,0,0,,,,,,"",""
ball,2,43.2,Otago Volts,MW Chu,DN Phillips,IS Sodhi,0,0,,,,,,"",""
ball,2,43.3,Otago Volts,MW Chu,DN Phillips,IS Sodhi,0,0,,,,,,"",""
ball,2,43.4,Otago Volts,MW Chu,DN Phillips,IS Sodhi,0,0,,,,,,"",""
ball,2,43.5,Otago Volts,MW Chu,DN Phillips,IS Sodhi,4,0,,,,,,"",""
ball,2,43.6,Otago Volts,MW Chu,DN Phillips,IS Sodhi,0,0,,,,,,"",""
ball,2,44.1,Otago Volts,DN Phillips,MW Chu,AW McKenzie,0,0,,,,,,"",""
ball,2,44.2,Otago Volts,DN Phillips,MW Chu,AW McKenzie,0,0,,,,,,"",""
ball,2,44.3,Otago Volts,DN Phillips,MW Chu,AW McKenzie,0,0,,,,,,"",""
ball,2,44.4,Otago Volts,DN Phillips,MW Chu,AW McKenzie,0,0,,,,,,"",""
ball,2,44.5,Otago Volts,DN Phillips,MW Chu,AW McKenzie,1,0,,,,,,"",""
ball,2,44.6,Otago Volts,MW Chu,DN Phillips,AW McKenzie,0,0,,,,,,"",""
ball,2,45.1,Otago Volts,DN Phillips,MW Chu,IS Sodhi,0,0,,,,,,"",""
ball,2,45.2,Otago Volts,DN Phillips,MW Chu,IS Sodhi,1,0,,,,,,"",""
ball,2,45.3,Otago Volts,MW Chu,DN Phillips,IS Sodhi,0,0,,,,,,"",""
ball,2,45.4,Otago Volts,MW Chu,DN Phillips,IS Sodhi,0,0,,,,,,"",""
ball,2,45.5,Otago Volts,MW Chu,DN Phillips,IS Sodhi,0,0,,,,,,"",""
ball,2,45.6,Otago Volts,MW Chu,DN Phillips,IS Sodhi,0,0,,,,,,"",""
ball,2,46.1,Otago Volts,DN Phillips,MW Chu,AW McKenzie,0,0,,,,,,"",""
ball,2,46.2,Otago Volts,DN Phillips,MW Chu,AW McKenzie,0,0,,,,,,"",""
ball,2,46.3,Otago Volts,DN Phillips,MW Chu,AW McKenzie,0,0,,,,,,"",""
ball,2,46.4,Otago Volts,DN Phillips,MW Chu,AW McKenzie,1,0,,,,,,"",""
ball,2,46.5,Otago Volts,MW Chu,DN Phillips,AW McKenzie,1,0,,,,,,"",""
ball,2,46.6,Otago Volts,DN Phillips,MW Chu,AW McKenzie,4,0,,,,,,"",""
ball,2,47.1,Otago Volts,MW Chu,DN Phillips,CE McConchie,1,0,,,,,,"",""
ball,2,47.2,Otago Volts,DN Phillips,MW Chu,CE McConchie,4,0,,,,,,"",""
ball,2,47.3,Otago Volts,DN Phillips,MW Chu,CE McConchie,0,0,,,,,,"",""
ball,2,47.4,Otago Volts,DN Phillips,MW Chu,CE McConchie,1,0,,,,,,"",""
ball,2,47.5,Otago Volts,MW Chu,DN Phillips,CE McConchie,0,0,,,,,,"",""
ball,2,47.6,Otago Volts,MW Chu,DN Phillips,CE McConchie,0,0,,,,,,"",""
ball,2,48.1,Otago Volts,DN Phillips,MW Chu,W O'Rourke,3,0,,,,,,"",""
ball,2,48.2,Otago Volts,MW Chu,DN Phillips,W O'Rourke,0,0,,,,,,"",""
ball,2,48.3,Otago Volts,MW Chu,DN Phillips,W O'Rourke,0,0,,,,,,"",""
ball,2,48.4,Otago Volts,MW Chu,DN Phillips,W O'Rourke,0,0,,,,,,"",""
ball,2,48.5,Otago Volts,MW Chu,DN Phillips,W O'Rourke,0,0,,,,,,"",""
ball,2,48.6,Otago Volts,MW Chu,DN Phillips,W O'Rourke,0,0,,,,,,"",""
ball,2,49.1,Otago Volts,DN Phillips,MW Chu,IS Sodhi,1,0,,,,,,"",""
ball,2,49.2,Otago Volts,MW Chu,DN Phillips,IS Sodhi,1,0,,,,,,"",""
ball,2,49.3,Otago Volts,DN Phillips,MW Chu,IS Sodhi,0,0,,,,,,"",""
ball,2,49.4,Otago Volts,DN Phillips,MW Chu,IS Sodhi,0,1,,1,,,,"",""
ball,2,49.5,Otago Volts,DN Phillips,MW Chu,IS Sodhi,0,0,,,,,,lbw,DN Phillips
ball,2,49.6,Otago Volts,T Muller,MW Chu,IS Sodhi,0,0,,,,,,"",""
ball,2,49.7,Otago Volts,T Muller,MW Chu,IS Sodhi,1,0,,,,,,"",""
ball,2,50.1,Otago Volts,T Muller,MW Chu,W O'Rourke,0,0,,,,,,"",""
ball,2,50.2,Otago Volts,T Muller,MW Chu,W O'Rourke,0,0,,,,,,"",""
ball,2,50.3,Otago Volts,T Muller,MW Chu,W O'Rourke,4,0,,,,,,"",""
ball,2,50.4,Otago Volts,T Muller,MW Chu,W O'Rourke,0,0,,,,,,"",""
ball,2,50.5,Otago Volts,T Muller,MW Chu,W O'Rourke,0,0,,,,,,"",""
ball,2,50.6,Otago Volts,T Muller,MW Chu,W O'Rourke,0,0,,,,,,"",""
ball,2,51.1,Otago Volts,MW Chu,T Muller,IS Sodhi,0,0,,,,,,"",""
ball,2,51.2,Otago Volts,MW Chu,T Muller,IS Sodhi,0,0,,,,,,"",""
ball,2,51.3,Otago Volts,MW Chu,T Muller,IS Sodhi,0,0,,,,,,"",""
ball,2,51.4,Otago Volts,MW Chu,T Muller,IS Sodhi,0,0,,,,,,"",""
ball,2,51.5,Otago Volts,MW Chu,T Muller,IS Sodhi,0,0,,,,,,"",""
ball,2,51.6,Otago Volts,MW Chu,T Muller,IS Sodhi,0,0,,,,,,"",""
ball,2,52.1,Otago Volts,T Muller,MW Chu,W O'Rourke,0,0,,,,,,"",""
ball,2,52.2,Otago Volts,T Muller,MW Chu,W O'Rourke,0,0,,,,,,bowled,T Muller
ball,2,52.3,Otago Volts,JA Duffy,MW Chu,W O'Rourke,0,0,,,,,,"",""
ball,2,52.4,Otago Volts,JA Duffy,MW Chu,W O'Rourke,0,0,,,,,,"",""
ball,2,52.5,Otago Volts,JA Duffy,MW Chu,W O'Rourke,0,0,,,,,,"",""
ball,2,52.6,Otago Volts,JA Duffy,MW Chu,W O'Rourke,4,0,,,,,,"",""
ball,2,53.1,Otago Volts,MW Chu,JA Duffy,IS Sodhi,0,0,,,,,,"",""
ball,2,53.2,Otago Volts,MW Chu,JA Duffy,IS Sodhi,0,0,,,,,,"",""
ball,2,53.3,Otago Volts,MW Chu,JA Duffy,IS Sodhi,0,0,,,,,,"",""
ball,2,53.4,Otago Volts,MW Chu,JA Duffy,IS Sodhi,0,0,,,,,,"",""
ball,2,53.5,Otago Volts,MW Chu,JA Duffy,IS Sodhi,0,0,,,,,,"",""
ball,2,53.6,Otago Volts,MW Chu,JA Duffy,IS Sodhi,0,0,,,,,,"",""
ball,2,54.1,Otago Volts,JA Duffy,MW Chu,W O'Rourke,0,0,,,,,,caught,JA Duffy
ball,2,54.2,Otago Volts,JD McKay,MW Chu,W O'Rourke,0,0,,,,,,"",""
ball,2,54.3,Otago Volts,JD McKay,MW Chu,W O'Rourke,0,0,,,,,,"",""
ball,2,54.4,Otago Volts,JD McKay,MW Chu,W O'Rourke,0,0,,,,,,"",""
ball,2,54.5,Otago Volts,JD McKay,MW Chu,W O'Rourke,0,0,,,,,,"",""
ball,2,54.6,Otago Volts,JD McKay,MW Chu,W O'Rourke,0,0,,,,,,"",""
ball,2,55.1,Otago Volts,MW Chu,JD McKay,IS Sodhi,0,0,,,,,,"",""
ball,2,55.2,Otago Volts,MW Chu,JD McKay,IS Sodhi,6,0,,,,,,"",""
ball,2,55.3,Otago Volts,MW Chu,JD McKay,IS Sodhi,0,0,,,,,,"",""
ball,2,55.4,Otago Volts,MW Chu,JD McKay,IS Sodhi,0,0,,,,,,"",""
ball,2,55.5,Otago Volts,MW Chu,JD McKay,IS Sodhi,4,0,,,,,,"",""
ball,2,55.6,Otago Volts,MW Chu,JD McKay,IS Sodhi,1,0,,,,,,"",""
ball,2,56.1,Otago Volts,MW Chu,JD McKay,W O'Rourke,2,0,,,,,,"",""
ball,2,56.2,Otago Volts,MW Chu,JD McKay,W O'Rourke,0,0,,,,,,"",""
ball,2,56.3,Otago Volts,MW Chu,JD McKay,W O'Rourke,1,0,,,,,,"",""
ball,2,56.4,Otago Volts,JD McKay,MW Chu,W O'Rourke,0,0,,,,,,"",""
ball,2,56.5,Otago Volts,JD McKay,MW Chu,W O'Rourke,0,0,,,,,,"",""
ball,2,56.6,Otago Volts,JD McKay,MW Chu,W O'Rourke,0,0,,,,,,"",""
ball,2,57.1,Otago Volts,MW Chu,JD McKay,IS Sodhi,6,0,,,,,,"",""
ball,2,57.2,Otago Volts,MW Chu,JD McKay,IS Sodhi,0,0,,,,,,"",""
ball,2,57.3,Otago Volts,MW Chu,JD McKay,IS Sodhi,0,0,,,,,,"",""
ball,2,57.4,Otago Volts,MW Chu,JD McKay,IS Sodhi,0,0,,,,,,"",""
ball,2,57.5,Otago Volts,MW Chu,JD McKay,IS Sodhi,0,0,,,,,,"",""
ball,2,57.6,Otago Volts,MW Chu,JD McKay,IS Sodhi,0,0,,,,,,"",""
ball,2,58.1,Otago Volts,JD McKay,MW Chu,W O'Rourke,0,0,,,,,,"",""
ball,2,58.2,Otago Volts,JD McKay,MW Chu,W O'Rourke,0,0,,,,,,"",""
ball,2,58.3,Otago Volts,JD McKay,MW Chu,W O'Rourke,0,0,,,,,,"",""
ball,2,58.4,Otago Volts,JD McKay,MW Chu,W O'Rourke,0,0,,,,,,"",""
ball,2,58.5,Otago Volts,JD McKay,MW Chu,W O'Rourke,0,0,,,,,,"",""
ball,2,58.6,Otago Volts,JD McKay,MW Chu,W O'Rourke,0,0,,,,,,"",""
ball,2,59.1,Otago Volts,MW Chu,JD McKay,CE McConchie,0,0,,,,,,"",""
ball,2,59.2,Otago Volts,MW Chu,JD McKay,CE McConchie,0,0,,,,,,"",""
ball,2,59.3,Otago Volts,MW Chu,JD McKay,CE McConchie,0,0,,,,,,"",""
ball,2,59.4,Otago Volts,MW Chu,JD McKay,CE McConchie,1,0,,,,,,"",""
ball,2,59.5,Otago Volts,JD McKay,MW Chu,CE McConchie,0,0,,,,,,"",""
ball,2,59.6,Otago Volts,JD McKay,MW Chu,CE McConchie,0,0,,,,,,"",""
ball,2,60.1,Otago Volts,MW Chu,JD McKay,IS Sodhi,0,0,,,,,,"",""
ball,2,60.2,Otago Volts,MW Chu,JD McKay,IS Sodhi,0,0,,,,,,"",""
ball,2,60.3,Otago Volts,MW Chu,JD McKay,IS Sodhi,0,0,,,,,,"",""
ball,2,60.4,Otago Volts,MW Chu,JD McKay,IS Sodhi,0,0,,,,,,"",""
ball,2,60.5,Otago Volts,MW Chu,JD McKay,IS Sodhi,4,0,,,,,,"",""
ball,2,60.6,Otago Volts,MW Chu,JD McKay,IS Sodhi,0,0,,,,,,"",""
ball,2,61.1,Otago Volts,JD McKay,MW Chu,CE McConchie,0,0,,,,,,"",""
ball,2,61.2,Otago Volts,JD McKay,MW Chu,CE McConchie,0,0,,,,,,"",""
ball,2,61.3,Otago Volts,JD McKay,MW Chu,CE McConchie,0,0,,,,,,"",""
ball,2,61.4,Otago Volts,JD McKay,MW Chu,CE McConchie,0,0,,,,,,"",""
ball,2,61.5,Otago Volts,JD McKay,MW Chu,CE McConchie,0,0,,,,,,"",""
ball,2,61.6,Otago Volts,JD McKay,MW Chu,CE McConchie,0,0,,,,,,"",""
ball,2,62.1,Otago Volts,MW Chu,JD McKay,IS Sodhi,0,0,,,,,,"",""
ball,2,62.2,Otago Volts,MW Chu,JD McKay,IS Sodhi,0,0,,,,,,"",""
ball,2,62.3,Otago Volts,MW Chu,JD McKay,IS Sodhi,0,0,,,,,,"",""
ball,2,62.4,Otago Volts,MW Chu,JD McKay,IS Sodhi,0,0,,,,,,"",""
ball,2,62.5,Otago Volts,MW Chu,JD McKay,IS Sodhi,0,0,,,,,,"",""
ball,2,62.6,Otago Volts,MW Chu,JD McKay,IS Sodhi,0,0,,,,,,caught,MW Chu
ball,3,0.1,Canterbury,RA Mariu,MJ Hay,JA Duffy,0,0,,,,,,"",""
ball,3,0.2,Canterbury,RA Mariu,MJ Hay,JA Duffy,0,0,,,,,,"",""
ball,3,0.3,Canterbury,RA Mariu,MJ Hay,JA Duffy,0,0,,,,,,"",""
ball,3,0.4,Canterbury,RA Mariu,MJ Hay,JA Duffy,0,0,,,,,,"",""
ball,3,0.5,Canterbury,RA Mariu,MJ Hay,JA Duffy,0,0,,,,,,"",""
ball,3,0.6,Canterbury,RA Mariu,MJ Hay,JA Duffy,0,0,,,,,,"",""
ball,3,1.1,Canterbury,MJ Hay,RA Mariu,T Muller,1,0,,,,,,"",""
ball,3,1.2,Canterbury,RA Mariu,MJ Hay,T Muller,0,0,,,,,,"",""
ball,3,1.3,Canterbury,RA Mariu,MJ Hay,T Muller,0,0,,,,,,"",""
ball,3,1.4,Canterbury,RA Mariu,MJ Hay,T Muller,0,0,,,,,,"",""
ball,3,1.5,Canterbury,RA Mariu,MJ Hay,T Muller,0,0,,,,,,"",""
ball,3,1.6,Canterbury,RA Mariu,MJ Hay,T Muller,0,0,,,,,,"",""
ball,3,2.1,Canterbury,MJ Hay,RA Mariu,JA Duffy,0,0,,,,,,"",""
ball,3,2.2,Canterbury,MJ Hay,RA Mariu,JA Duffy,0,0,,,,,,"",""
ball,3,2.3,Canterbury,MJ Hay,RA Mariu,JA Duffy,0,0,,,,,,"",""
ball,3,2.4,Canterbury,MJ Hay,RA Mariu,JA Duffy,0,0,,,,,,"",""
ball,3,2.5,Canterbury,MJ Hay,RA Mariu,JA Duffy,0,0,,,,,,"",""
ball,3,2.6,Canterbury,MJ Hay,RA Mariu,JA Duffy,0,0,,,,,,"",""
ball,3,3.1,Canterbury,RA Mariu,MJ Hay,T Muller,0,1,,,,1,,"",""
ball,3,3.2,Canterbury,MJ Hay,RA Mariu,T Muller,0,0,,,,,,"",""
ball,3,3.3,Canterbury,MJ Hay,RA Mariu,T Muller,0,0,,,,,,"",""
ball,3,3.4,Canterbury,MJ Hay,RA Mariu,T Muller,0,0,,,,,,"",""
ball,3,3.5,Canterbury,MJ Hay,RA Mariu,T Muller,1,0,,,,,,"",""
ball,3,3.6,Canterbury,RA Mariu,MJ Hay,T Muller,4,0,,,,,,"",""
ball,3,4.1,Canterbury,MJ Hay,RA Mariu,JA Duffy,0,0,,,,,,"",""
ball,3,4.2,Canterbury,MJ Hay,RA Mariu,JA Duffy,1,0,,,,,,"",""
ball,3,4.3,Canterbury,RA Mariu,MJ Hay,JA Duffy,0,0,,,,,,"",""
ball,3,4.4,Canterbury,RA Mariu,MJ Hay,JA Duffy,0,0,,,,,,"",""
ball,3,4.5,Canterbury,RA Mariu,MJ Hay,JA Duffy,0,0,,,,,,"",""
ball,3,4.6,Canterbury,RA Mariu,MJ Hay,JA Duffy,1,0,,,,,,"",""
ball,3,5.1,Canterbury,RA Mariu,MJ Hay,T Muller,0,0,,,,,,caught,RA Mariu
ball,3,5.2,Canterbury,CE McConchie,MJ Hay,T Muller,0,1,,,,1,,"",""
ball,3,5.3,Canterbury,MJ Hay,CE McConchie,T Muller,0,0,,,,,,"",""
ball,3,5.4,Canterbury,MJ Hay,CE McConchie,T Muller,0,0,,,,,,"",""
ball,3,5.5,Canterbury,MJ Hay,CE McConchie,T Muller,2,0,,,,,,"",""
ball,3,5.6,Canterbury,MJ Hay,CE McConchie,T Muller,4,0,,,,,,"",""
ball,3,6.1,Canterbury,CE McConchie,MJ Hay,JA Duffy,0,0,,,,,,"",""
ball,3,6.2,Canterbury,CE McConchie,MJ Hay,JA Duffy,4,0,,,,,,"",""
ball,3,6.3,Canterbury,CE McConchie,MJ Hay,JA Duffy,0,0,,,,,,"",""
ball,3,6.4,Canterbury,CE McConchie,MJ Hay,JA Duffy,0,0,,,,,,"",""
ball,3,6.5,Canterbury,CE McConchie,MJ Hay,JA Duffy,0,0,,,,,,"",""
ball,3,6.6,Canterbury,CE McConchie,MJ Hay,JA Duffy,0,0,,,,,,"",""
ball,3,7.1,Canterbury,MJ Hay,CE McConchie,T Muller,2,0,,,,,,"",""
ball,3,7.2,Canterbury,MJ Hay,CE McConchie,T Muller,0,0,,,,,,"",""
ball,3,7.3,Canterbury,MJ Hay,CE McConchie,T Muller,1,0,,,,,,"",""
ball,3,7.4,Canterbury,CE McConchie,MJ Hay,T Muller,1,0,,,,,,"",""
ball,3,7.5,Canterbury,MJ Hay,CE McConchie,T Muller,0,0,,,,,,"",""
ball,3,7.6,Canterbury,MJ Hay,CE McConchie,T Muller,0,0,,,,,,"",""
ball,3,8.1,Canterbury,CE McConchie,MJ Hay,JA Duffy,2,0,,,,,,"",""
ball,3,8.2,Canterbury,CE McConchie,MJ Hay,JA Duffy,0,0,,,,,,"",""
ball,3,8.3,Canterbury,CE McConchie,MJ Hay,JA Duffy,1,0,,,,,,"",""
ball,3,8.4,Canterbury,MJ Hay,CE McConchie,JA Duffy,0,0,,,,,,"",""
ball,3,8.5,Canterbury,MJ Hay,CE McConchie,JA Duffy,0,1,1,,,,,"",""
ball,3,8.6,Canterbury,MJ Hay,CE McConchie,JA Duffy,0,0,,,,,,"",""
ball,3,8.7,Canterbury,MJ Hay,CE McConchie,JA Duffy,1,0,,,,,,"",""
ball,3,9.1,Canterbury,MJ Hay,CE McConchie,JM Gibson,1,0,,,,,,"",""
ball,3,9.2,Canterbury,CE McConchie,MJ Hay,JM Gibson,0,0,,,,,,"",""
ball,3,9.3,Canterbury,CE McConchie,MJ Hay,JM Gibson,0,0,,,,,,"",""
ball,3,9.4,Canterbury,CE McConchie,MJ Hay,JM Gibson,4,0,,,,,,"",""
ball,3,9.5,Canterbury,CE McConchie,MJ Hay,JM Gibson,1,0,,,,,,"",""
ball,3,9.6,Canterbury,MJ Hay,CE McConchie,JM Gibson,0,0,,,,,,"",""
ball,3,10.1,Canterbury,CE McConchie,MJ Hay,JA Duffy,0,0,,,,,,"",""
ball,3,10.2,Canterbury,CE McConchie,MJ Hay,JA Duffy,0,0,,,,,,"",""
ball,3,10.3,Canterbury,CE McConchie,MJ Hay,JA Duffy,0,0,,,,,,"",""
ball,3,10.4,Canterbury,CE McConchie,MJ Hay,JA Duffy,0,0,,,,,,"",""
ball,3,10.5,Canterbury,CE McConchie,MJ Hay,JA Duffy,1,0,,,,,,"",""
ball,3,10.6,Canterbury,MJ Hay,CE McConchie,JA Duffy,0,0,,,,,,"",""
ball,3,11.1,Canterbury,CE McConchie,MJ Hay,JM Gibson,1,0,,,,,,"",""
ball,3,11.2,Canterbury,MJ Hay,CE McConchie,JM Gibson,0,0,,,,,,"",""
ball,3,11.3,Canterbury,MJ Hay,CE McConchie,JM Gibson,0,0,,,,,,"",""
ball,3,11.4,Canterbury,MJ Hay,CE McConchie,JM Gibson,0,0,,,,,,"",""
ball,3,11.5,Canterbury,MJ Hay,CE McConchie,JM Gibson,0,0,,,,,,"",""
ball,3,11.6,Canterbury,MJ Hay,CE McConchie,JM Gibson,0,0,,,,,,"",""
ball,3,12.1,Canterbury,CE McConchie,MJ Hay,JD McKay,0,0,,,,,,"",""
ball,3,12.2,Canterbury,CE McConchie,MJ Hay,JD McKay,0,0,,,,,,"",""
ball,3,12.3,Canterbury,CE McConchie,MJ Hay,JD McKay,0,0,,,,,,"",""
ball,3,12.4,Canterbury,CE McConchie,MJ Hay,JD McKay,0,0,,,,,,"",""
ball,3,12.5,Canterbury,CE McConchie,MJ Hay,JD McKay,1,0,,,,,,"",""
ball,3,12.6,Canterbury,MJ Hay,CE McConchie,JD McKay,0,0,,,,,,"",""
ball,3,13.1,Canterbury,CE McConchie,MJ Hay,JM Gibson,0,0,,,,,,"",""
ball,3,13.2,Canterbury,CE McConchie,MJ Hay,JM Gibson,0,0,,,,,,"",""
ball,3,13.3,Canterbury,CE McConchie,MJ Hay,JM Gibson,0,0,,,,,,"",""
ball,3,13.4,Canterbury,CE McConchie,MJ Hay,JM Gibson,0,0,,,,,,"",""
ball,3,13.5,Canterbury,CE McConchie,MJ Hay,JM Gibson,4,0,,,,,,"",""
ball,3,13.6,Canterbury,CE McConchie,MJ Hay,JM Gibson,0,0,,,,,,"",""
ball,3,14.1,Canterbury,MJ Hay,CE McConchie,JD McKay,0,0,,,,,,"",""
ball,3,14.2,Canterbury,MJ Hay,CE McConchie,JD McKay,0,0,,,,,,"",""
ball,3,14.3,Canterbury,MJ Hay,CE McConchie,JD McKay,0,0,,,,,,"",""
ball,3,14.4,Canterbury,MJ Hay,CE McConchie,JD McKay,0,0,,,,,,"",""
ball,3,14.5,Canterbury,MJ Hay,CE McConchie,JD McKay,0,0,,,,,,"",""
ball,3,14.6,Canterbury,MJ Hay,CE McConchie,JD McKay,0,0,,,,,,"",""
ball,3,15.1,Canterbury,CE McConchie,MJ Hay,JM Gibson,0,0,,,,,,"",""
ball,3,15.2,Canterbury,CE McConchie,MJ Hay,JM Gibson,0,0,,,,,,"",""
ball,3,15.3,Canterbury,CE McConchie,MJ Hay,JM Gibson,0,0,,,,,,"",""
ball,3,15.4,Canterbury,CE McConchie,MJ Hay,JM Gibson,0,0,,,,,,"",""
ball,3,15.5,Canterbury,CE McConchie,MJ Hay,JM Gibson,1,0,,,,,,"",""
ball,3,15.6,Canterbury,MJ Hay,CE McConchie,JM Gibson,0,0,,,,,,"",""
ball,3,16.1,Canterbury,CE McConchie,MJ Hay,JD McKay,0,0,,,,,,"",""
ball,3,16.2,Canterbury,CE McConchie,MJ Hay,JD McKay,0,0,,,,,,"",""
ball,3,16.3,Canterbury,CE McConchie,MJ Hay,JD McKay,0,0,,,,,,"",""
ball,3,16.4,Canterbury,CE McConchie,MJ Hay,JD McKay,0,0,,,,,,"",""
ball,3,16.5,Canterbury,CE McConchie,MJ Hay,JD McKay,0,0,,,,,,"",""
ball,3,16.6,Canterbury,CE McConchie,MJ Hay,JD McKay,0,0,,,,,,"",""
ball,3,17.1,Canterbury,MJ Hay,CE McConchie,JM Gibson,0,0,,,,,,"",""
ball,3,17.2,Canterbury,MJ Hay,CE McConchie,JM Gibson,1,0,,,,,,"",""
ball,3,17.3,Canterbury,CE McConchie,MJ Hay,JM Gibson,4,0,,,,,,"",""
ball,3,17.4,Canterbury,CE McConchie,MJ Hay,JM Gibson,0,0,,,,,,"",""
ball,3,17.5,Canterbury,CE McConchie,MJ Hay,JM Gibson,0,0,,,,,,"",""
ball,3,17.6,Canterbury,CE McConchie,MJ Hay,JM Gibson,3,0,,,,,,"",""
ball,3,18.1,Canterbury,CE McConchie,MJ Hay,JA Duffy,1,0,,,,,,"",""
ball,3,18.2,Canterbury,MJ Hay,CE McConchie,JA Duffy,0,0,,,,,,"",""
ball,3,18.3,Canterbury,MJ Hay,CE McConchie,JA Duffy,0,0,,,,,,"",""
ball,3,18.4,Canterbury,MJ Hay,CE McConchie,JA Duffy,0,0,,,,,,"",""
ball,3,18.5,Canterbury,MJ Hay,CE McConchie,JA Duffy,0,0,,,,,,"",""
ball,3,18.6,Canterbury,MJ Hay,CE McConchie,JA Duffy,1,0,,,,,,"",""
ball,3,19.1,Canterbury,MJ Hay,CE McConchie,JM Gibson,1,0,,,,,,"",""
ball,3,19.2,Canterbury,CE McConchie,MJ Hay,JM Gibson,0,0,,,,,,"",""
ball,3,19.3,Canterbury,CE McConchie,MJ Hay,JM Gibson,1,0,,,,,,"",""
ball,3,19.4,Canterbury,MJ Hay,CE McConchie,JM Gibson,0,0,,,,,,"",""
ball,3,19.5,Canterbury,MJ Hay,CE McConchie,JM Gibson,0,0,,,,,,"",""
ball,3,19.6,Canterbury,MJ Hay,CE McConchie,JM Gibson,1,0,,,,,,"",""
ball,3,20.1,Canterbury,MJ Hay,CE McConchie,JA Duffy,0,0,,,,,,"",""
ball,3,20.2,Canterbury,MJ Hay,CE McConchie,JA Duffy,0,0,,,,,,"",""
ball,3,20.3,Canterbury,MJ Hay,CE McConchie,JA Duffy,0,0,,,,,,"",""
ball,3,20.4,Canterbury,MJ Hay,CE McConchie,JA Duffy,0,0,,,,,,"",""
ball,3,20.5,Canterbury,MJ Hay,CE McConchie,JA Duffy,0,0,,,,,,"",""
ball,3,20.6,Canterbury,MJ Hay,CE McConchie,JA Duffy,4,0,,,,,,"",""
ball,3,21.1,Canterbury,CE McConchie,MJ Hay,JM Gibson,4,0,,,,,,"",""
ball,3,21.2,Canterbury,CE McConchie,MJ Hay,JM Gibson,3,0,,,,,,"",""
ball,3,21.3,Canterbury,MJ Hay,CE McConchie,JM Gibson,4,0,,,,,,"",""
ball,3,21.4,Canterbury,MJ Hay,CE McConchie,JM Gibson,2,0,,,,,,"",""
ball,3,21.5,Canterbury,MJ Hay,CE McConchie,JM Gibson,0,0,,,,,,"",""
ball,3,21.6,Canterbury,MJ Hay,CE McConchie,JM Gibson,0,0,,,,,,"",""
ball,3,22.1,Canterbury,CE McConchie,MJ Hay,JA Duffy,0,0,,,,,,"",""
ball,3,22.2,Canterbury,CE McConchie,MJ Hay,JA Duffy,1,0,,,,,,"",""
ball,3,22.3,Canterbury,MJ Hay,CE McConchie,JA Duffy,0,0,,,,,,"",""
ball,3,22.4,Canterbury,MJ Hay,CE McConchie,JA Duffy,0,0,,,,,,"",""
ball,3,22.5,Canterbury,MJ Hay,CE McConchie,JA Duffy,0,0,,,,,,"",""
ball,3,22.6,Canterbury,MJ Hay,CE McConchie,JA Duffy,1,0,,,,,,"",""
ball,3,23.1,Canterbury,MJ Hay,CE McConchie,JM Gibson,0,0,,,,,,"",""
ball,3,23.2,Canterbury,MJ Hay,CE McConchie,JM Gibson,4,0,,,,,,"",""
ball,3,23.3,Canterbury,MJ Hay,CE McConchie,JM Gibson,4,0,,,,,,"",""
ball,3,23.4,Canterbury,MJ Hay,CE McConchie,JM Gibson,0,0,,,,,,"",""
ball,3,23.5,Canterbury,MJ Hay,CE McConchie,JM Gibson,0,0,,,,,,"",""
ball,3,23.6,Canterbury,MJ Hay,CE McConchie,JM Gibson,1,0,,,,,,"",""
ball,3,24.1,Canterbury,MJ Hay,CE McConchie,JA Duffy,0,0,,,,,,"",""
ball,3,24.2,Canterbury,MJ Hay,CE McConchie,JA Duffy,4,0,,,,,,"",""
ball,3,24.3,Canterbury,MJ Hay,CE McConchie,JA Duffy,0,0,,,,,,"",""
ball,3,24.4,Canterbury,MJ Hay,CE McConchie,JA Duffy,0,0,,,,,,"",""
ball,3,24.5,Canterbury,MJ Hay,CE McConchie,JA Duffy,0,0,,,,,,"",""
ball,3,24.6,Canterbury,MJ Hay,CE McConchie,JA Duffy,0,0,,,,,,"",""
ball,3,25.1,Canterbury,CE McConchie,MJ Hay,T Muller,1,0,,,,,,"",""
ball,3,25.2,Canterbury,MJ Hay,CE McConchie,T Muller,0,0,,,,,,"",""
ball,3,25.3,Canterbury,MJ Hay,CE McConchie,T Muller,4,0,,,,,,"",""
ball,3,25.4,Canterbury,MJ Hay,CE McConchie,T Muller,0,0,,,,,,"",""
ball,3,25.5,Canterbury,MJ Hay,CE McConchie,T Muller,4,0,,,,,,"",""
ball,3,25.6,Canterbury,MJ Hay,CE McConchie,T Muller,0,0,,,,,,"",""
ball,3,26.1,Canterbury,CE McConchie,MJ Hay,JA Duffy,1,0,,,,,,"",""
ball,3,26.2,Canterbury,MJ Hay,CE McConchie,JA Duffy,0,1,1,,,,,"",""
ball,3,26.3,Canterbury,MJ Hay,CE McConchie,JA Duffy,0,0,,,,,,"",""
ball,3,26.4,Canterbury,MJ Hay,CE McConchie,JA Duffy,4,0,,,,,,"",""
ball,3,26.5,Canterbury,MJ Hay,CE McConchie,JA Duffy,0,0,,,,,,"",""
ball,3,26.6,Canterbury,MJ Hay,CE McConchie,JA Duffy,0,0,,,,,,"",""
ball,3,26.7,Canterbury,MJ Hay,CE McConchie,JA Duffy,0,0,,,,,,"",""
ball,3,27.1,Canterbury,CE McConchie,MJ Hay,T Muller,1,0,,,,,,"",""
ball,3,27.2,Canterbury,MJ Hay,CE McConchie,T Muller,0,0,,,,,,"",""
ball,3,27.3,Canterbury,MJ Hay,CE McConchie,T Muller,0,0,,,,,,"",""
ball,3,27.4,Canterbury,MJ Hay,CE McConchie,T Muller,1,0,,,,,,"",""
ball,3,27.5,Canterbury,CE McConchie,MJ Hay,T Muller,0,1,1,,,,,"",""
ball,3,27.6,Canterbury,CE McConchie,MJ Hay,T Muller,0,0,,,,,,"",""
ball,3,27.7,Canterbury,CE McConchie,MJ Hay,T Muller,0,0,,,,,,"",""
ball,3,28.1,Canterbury,MJ Hay,CE McConchie,JA Duffy,1,0,,,,,,"",""
ball,3,28.2,Canterbury,CE McConchie,MJ Hay,JA Duffy,1,0,,,,,,"",""
ball,3,28.3,Canterbury,MJ Hay,CE McConchie,JA Duffy,0,0,,,,,,"",""
ball,3,28.4,Canterbury,MJ Hay,CE McConchie,JA Duffy,1,0,,,,,,"",""
ball,3,28.5,Canterbury,CE McConchie,MJ Hay,JA Duffy,0,0,,,,,,"",""
ball,3,28.6,Canterbury,CE McConchie,MJ Hay,JA Duffy,1,0,,,,,,"",""
ball,3,29.1,Canterbury,CE McConchie,MJ Hay,T Muller,1,0,,,,,,"",""
ball,3,29.2,Canterbury,MJ Hay,CE McConchie,T Muller,0,0,,,,,,"",""
ball,3,29.3,Canterbury,MJ Hay,CE McConchie,T Muller,0,0,,,,,,"",""
ball,3,29.4,Canterbury,MJ Hay,CE McConchie,T Muller,0,0,,,,,,"",""
ball,3,29.5,Canterbury,MJ Hay,CE McConchie,T Muller,4,0,,,,,,"",""
ball,3,29.6,Canterbury,MJ Hay,CE McConchie,T Muller,1,0,,,,,,"",""
ball,3,30.1,Canterbury,MJ Hay,CE McConchie,GD Phillips,0,0,,,,,,"",""
ball,3,30.2,Canterbury,MJ Hay,CE McConchie,GD Phillips,0,2,,,2,,,"",""
ball,3,30.3,Canterbury,MJ Hay,CE McConchie,GD Phillips,0,0,,,,,,"",""
ball,3,30.4,Canterbury,MJ Hay,CE McConchie,GD Phillips,1,0,,,,,,"",""
ball,3,30.5,Canterbury,CE McConchie,MJ Hay,GD Phillips,0,0,,,,,,"",""
ball,3,30.6,Canterbury,CE McConchie,MJ Hay,GD Phillips,0,0,,,,,,"",""
ball,3,31.1,Canterbury,MJ Hay,CE McConchie,T Muller,0,0,,,,,,"",""
ball,3,31.2,Canterbury,MJ Hay,CE McConchie,T Muller,0,0,,,,,,"",""
ball,3,31.3,Canterbury,MJ Hay,CE McConchie,T Muller,0,0,,,,,,"",""
ball,3,31.4,Canterbury,MJ Hay,CE McConchie,T Muller,0,0,,,,,,"",""
ball,3,31.5,Canterbury,MJ Hay,CE McConchie,T Muller,0,0,,,,,,"",""
ball,3,31.6,Canterbury,MJ Hay,CE McConchie,T Muller,3,0,,,,,,"",""
ball,3,32.1,Canterbury,MJ Hay,CE McConchie,GD Phillips,1,0,,,,,,"",""
ball,3,32.2,Canterbury,CE McConchie,MJ Hay,GD Phillips,0,0,,,,,,"",""
ball,3,32.3,Canterbury,CE McConchie,MJ Hay,GD Phillips,1,0,,,,,,"",""
ball,3,32.4,Canterbury,MJ Hay,CE McConchie,GD Phillips,4,0,,,,,,"",""
ball,3,32.5,Canterbury,MJ Hay,CE McConchie,GD Phillips,1,0,,,,,,"",""
ball,3,32.6,Canterbury,CE McConchie,MJ Hay,GD Phillips,4,0,,,,,,"",""
ball,3,33.1,Canterbury,MJ Hay,CE McConchie,T Muller,0,0,,,,,,"",""
ball,3,33.2,Canterbury,MJ Hay,CE McConchie,T Muller,0,0,,,,,,"",""
ball,3,33.3,Canterbury,MJ Hay,CE McConchie,T Muller,0,0,,,,,,"",""
ball,3,33.4,Canterbury,MJ Hay,CE McConchie,T Muller,1,0,,,,,,"",""
ball,3,33.5,Canterbury,CE McConchie,MJ Hay,T Muller,1,0,,,,,,"",""
ball,3,33.6,Canterbury,MJ Hay,CE McConchie,T Muller,0,0,,,,,,"",""
ball,3,34.1,Canterbury,CE McConchie,MJ Hay,GD Phillips,0,0,,,,,,"",""
ball,3,34.2,Canterbury,CE McConchie,MJ Hay,GD Phillips,2,0,,,,,,"",""
ball,3,34.3,Canterbury,CE McConchie,MJ Hay,GD Phillips,0,0,,,,,,"",""
ball,3,34.4,Canterbury,CE McConchie,MJ Hay,GD Phillips,0,0,,,,,,"",""
ball,3,34.5,Canterbury,CE McConchie,MJ Hay,GD Phillips,1,0,,,,,,"",""
ball,3,34.6,Canterbury,MJ Hay,CE McConchie,GD Phillips,0,0,,,,,,"",""
ball,3,35.1,Canterbury,CE McConchie,MJ Hay,JD McKay,0,0,,,,,,"",""
ball,3,35.2,Canterbury,CE McConchie,MJ Hay,JD McKay,0,0,,,,,,"",""
ball,3,35.3,Canterbury,CE McConchie,MJ Hay,JD McKay,0,0,,,,,,"",""
ball,3,35.4,Canterbury,CE McConchie,MJ Hay,JD McKay,0,0,,,,,,"",""
ball,3,35.5,Canterbury,CE McConchie,MJ Hay,JD McKay,4,0,,,,,,"",""
ball,3,35.6,Canterbury,CE McConchie,MJ Hay,JD McKay,0,0,,,,,,"",""
ball,3,36.1,Canterbury,MJ Hay,CE McConchie,GD Phillips,1,0,,,,,,"",""
ball,3,36.2,Canterbury,CE McConchie,MJ Hay,GD Phillips,6,0,,,,,,"",""
ball,3,36.3,Canterbury,CE McConchie,MJ Hay,GD Phillips,1,0,,,,,,"",""
ball,3,36.4,Canterbury,MJ Hay,CE McConchie,GD Phillips,0,0,,,,,,"",""
ball,3,36.5,Canterbury,MJ Hay,CE McConchie,GD Phillips,1,0,,,,,,"",""
ball,3,36.6,Canterbury,CE McConchie,MJ Hay,GD Phillips,0,0,,,,,,"",""
ball,3,37.1,Canterbury,MJ Hay,CE McConchie,JD McKay,4,0,,,,,,"",""
ball,3,37.2,Canterbury,MJ Hay,CE McConchie,JD McKay,0,0,,,,,,"",""
ball,3,37.3,Canterbury,MJ Hay,CE McConchie,JD McKay,1,0,,,,,,"",""
ball,3,37.4,Canterbury,CE McConchie,MJ Hay,JD McKay,0,0,,,,,,"",""
ball,3,37.5,Canterbury,CE McConchie,MJ Hay,JD McKay,4,0,,,,,,"",""
ball,3,37.6,Canterbury,CE McConchie,MJ Hay,JD McKay,0,0,,,,,,"",""
ball,3,38.1,Canterbury,MJ Hay,CE McConchie,GD Phillips,0,0,,,,,,"",""
ball,3,38.2,Canterbury,MJ Hay,CE McConchie,GD Phillips,6,0,,,,,,"",""
ball,3,38.3,Canterbury,MJ Hay,CE McConchie,GD Phillips,0,0,,,,,,"",""
ball,3,38.4,Canterbury,MJ Hay,CE McConchie,GD Phillips,1,0,,,,,,"",""
ball,3,38.5,Canterbury,CE McConchie,MJ Hay,GD Phillips,2,0,,,,,,"",""
ball,3,38.6,Canterbury,CE McConchie,MJ Hay,GD Phillips,1,0,,,,,,"",""
ball,3,39.1,Canterbury,CE McConchie,MJ Hay,JD McKay,1,0,,,,,,"",""
ball,3,39.2,Canterbury,MJ Hay,CE McConchie,JD McKay,2,0,,,,,,"",""
ball,3,39.3,Canterbury,MJ Hay,CE McConchie,JD McKay,0,0,,,,,,"",""
ball,3,39.4,Canterbury,MJ Hay,CE McConchie,JD McKay,2,0,,,,,,"",""
ball,3,39.5,Canterbury,MJ Hay,CE McConchie,JD McKay,6,0,,,,,,"",""
ball,3,39.6,Canterbury,MJ Hay,CE McConchie,JD McKay,1,0,,,,,,"",""
ball,3,40.1,Canterbury,MJ Hay,CE McConchie,GD Phillips,0,0,,,,,,"",""
ball,3,40.2,Canterbury,MJ Hay,CE McConchie,GD Phillips,0,0,,,,,,"",""
ball,3,40.3,Canterbury,MJ Hay,CE McConchie,GD Phillips,0,0,,,,,,caught and bowled,MJ Hay
ball,3,40.4,Canterbury,LJ Carter,CE McConchie,GD Phillips,1,0,,,,,,"",""
ball,3,40.5,Canterbury,CE McConchie,LJ Carter,GD Phillips,0,0,,,,,,"",""
ball,3,40.6,Canterbury,CE McConchie,LJ Carter,GD Phillips,0,0,,,,,,"",""
ball,3,41.1,Canterbury,LJ Carter,CE McConchie,JD McKay,1,0,,,,,,"",""
ball,3,41.2,Canterbury,CE McConchie,LJ Carter,JD McKay,1,0,,,,,,"",""
ball,3,41.3,Canterbury,LJ Carter,CE McConchie,JD McKay,0,1,1,,,,,"",""
ball,3,41.4,Canterbury,LJ Carter,CE McConchie,JD McKay,0,0,,,,,,"",""
ball,3,41.5,Canterbury,LJ Carter,CE McConchie,JD McKay,1,0,,,,,,"",""
ball,3,41.6,Canterbury,CE McConchie,LJ Carter,JD McKay,2,0,,,,,,"",""
ball,3,41.7,Canterbury,CE McConchie,LJ Carter,JD McKay,0,0,,,,,,"",""
ball,3,42.1,Canterbury,LJ Carter,CE McConchie,GD Phillips,1,0,,,,,,"",""
ball,3,42.2,Canterbury,CE McConchie,LJ Carter,GD Phillips,0,0,,,,,,"",""
ball,3,42.3,Canterbury,CE McConchie,LJ Carter,GD Phillips,0,0,,,,,,"",""
ball,3,42.4,Canterbury,CE McConchie,LJ Carter,GD Phillips,0,0,,,,,,"",""
ball,3,42.5,Canterbury,CE McConchie,LJ Carter,GD Phillips,0,0,,,,,,"",""
ball,3,42.6,Canterbury,CE McConchie,LJ Carter,GD Phillips,0,0,,,,,,"",""
ball,3,43.1,Canterbury,LJ Carter,CE McConchie,JD McKay,0,0,,,,,,"",""
ball,3,43.2,Canterbury,LJ Carter,CE McConchie,JD McKay,0,0,,,,,,"",""
ball,3,43.3,Canterbury,LJ Carter,CE McConchie,JD McKay,0,0,,,,,,"",""
ball,3,43.4,Canterbury,LJ Carter,CE McConchie,JD McKay,0,0,,,,,,"",""
ball,3,43.5,Canterbury,LJ Carter,CE McConchie,JD McKay,0,0,,,,,,"",""
ball,3,43.6,Canterbury,LJ Carter,CE McConchie,JD McKay,0,0,,,,,,"",""
ball,3,44.1,Canterbury,CE McConchie,LJ Carter,GD Phillips,0,0,,,,,,"",""
ball,3,44.2,Canterbury,CE McConchie,LJ Carter,GD Phillips,0,0,,,,,,"",""
ball,3,44.3,Canterbury,CE McConchie,LJ Carter,GD Phillips,0,0,,,,,,"",""
ball,3,44.4,Canterbury,CE McConchie,LJ Carter,GD Phillips,2,0,,,,,,"",""
ball,3,44.5,Canterbury,CE McConchie,LJ Carter,GD Phillips,1,0,,,,,,"",""
ball,3,44.6,Canterbury,LJ Carter,CE McConchie,GD Phillips,1,0,,,,,,"",""
ball,3,45.1,Canterbury,LJ Carter,CE McConchie,JD McKay,0,0,,,,,,"",""
ball,3,45.2,Canterbury,LJ Carter,CE McConchie,JD McKay,4,0,,,,,,"",""
ball,3,45.3,Canterbury,LJ Carter,CE McConchie,JD McKay,0,0,,,,,,"",""
ball,3,45.4,Canterbury,LJ Carter,CE McConchie,JD McKay,0,0,,,,,,"",""
ball,3,45.5,Canterbury,LJ Carter,CE McConchie,JD McKay,2,0,,,,,,"",""
ball,3,45.6,Canterbury,LJ Carter,CE McConchie,JD McKay,0,0,,,,,,"",""
ball,3,46.1,Canterbury,CE McConchie,LJ Carter,GD Phillips,0,0,,,,,,"",""
ball,3,46.2,Canterbury,CE McConchie,LJ Carter,GD Phillips,0,0,,,,,,"",""
ball,3,46.3,Canterbury,CE McConchie,LJ Carter,GD Phillips,1,0,,,,,,"",""
ball,3,46.4,Canterbury,LJ Carter,CE McConchie,GD Phillips,0,0,,,,,,"",""
ball,3,46.5,Canterbury,LJ Carter,CE McConchie,GD Phillips,1,0,,,,,,"",""
ball,3,46.6,Canterbury,CE McConchie,LJ Carter,GD Phillips,0,0,,,,,,"",""
ball,3,47.1,Canterbury,LJ Carter,CE McConchie,MJG Rippon,1,0,,,,,,"",""
ball,3,47.2,Canterbury,CE McConchie,LJ Carter,MJG Rippon,2,0,,,,,,"",""
ball,3,47.3,Canterbury,CE McConchie,LJ Carter,MJG Rippon,1,0,,,,,,"",""
ball,3,47.4,Canterbury,LJ Carter,CE McConchie,MJG Rippon,0,0,,,,,,"",""
ball,3,47.5,Canterbury,LJ Carter,CE McConchie,MJG Rippon,1,0,,,,,,"",""
ball,3,47.6,Canterbury,CE McConchie,LJ Carter,MJG Rippon,1,0,,,,,,"",""
ball,3,48.1,Canterbury,CE McConchie,LJ Carter,GD Phillips,0,1,1,,,,,"",""
ball,3,48.2,Canterbury,CE McConchie,LJ Carter,GD Phillips,0,0,,,,,,"",""
ball,3,48.3,Canterbury,CE McConchie,LJ Carter,GD Phillips,0,0,,,,,,caught,CE McConchie
ball,3,48.4,Canterbury,CD Fletcher,LJ Carter,GD Phillips,0,0,,,,,,"",""
ball,3,48.5,Canterbury,CD Fletcher,LJ Carter,GD Phillips,0,0,,,,,,"",""
ball,3,48.6,Canterbury,CD Fletcher,LJ Carter,GD Phillips,0,0,,,,,,"",""
ball,3,48.7,Canterbury,CD Fletcher,LJ Carter,GD Phillips,1,0,,,,,,"",""
ball,3,49.1,Canterbury,CD Fletcher,LJ Carter,MJG Rippon,0,0,,,,,,"",""
ball,3,49.2,Canterbury,CD Fletcher,LJ Carter,MJG Rippon,0,0,,,,,,"",""
ball,3,49.3,Canterbury,CD Fletcher,LJ Carter,MJG Rippon,1,0,,,,,,"",""
ball,3,49.4,Canterbury,LJ Carter,CD Fletcher,MJG Rippon,0,0,,,,,,"",""
ball,3,49.5,Canterbury,LJ Carter,CD Fletcher,MJG Rippon,1,0,,,,,,"",""
ball,3,49.6,Canterbury,CD Fletcher,LJ Carter,MJG Rippon,6,0,,,,,,"",""
ball,3,50.1,Canterbury,LJ Carter,CD Fletcher,GD Phillips,0,0,,,,,,"",""
ball,3,50.2,Canterbury,LJ Carter,CD Fletcher,GD Phillips,1,0,,,,,,"",""
ball,3,50.3,Canterbury,CD Fletcher,LJ Carter,GD Phillips,0,0,,,,,,"",""
ball,3,50.4,Canterbury,CD Fletcher,LJ Carter,GD Phillips,1,0,,,,,,"",""
ball,3,50.5,Canterbury,LJ Carter,CD Fletcher,GD Phillips,6,0,,,,,,"",""
ball,3,50.6,Canterbury,LJ Carter,CD Fletcher,GD Phillips,1,0,,,,,,"",""
ball,3,51.1,Canterbury,LJ Carter,CD Fletcher,MJG Rippon,0,0,,,,,,"",""
ball,3,51.2,Canterbury,LJ Carter,CD Fletcher,MJG Rippon,0,0,,,,,,"",""
ball,3,51.3,Canterbury,LJ Carter,CD Fletcher,MJG Rippon,1,0,,,,,,"",""
ball,3,51.4,Canterbury,CD Fletcher,LJ Carter,MJG Rippon,1,0,,,,,,"",""
ball,3,51.5,Canterbury,LJ Carter,CD Fletcher,MJG Rippon,1,0,,,,,,"",""
ball,3,51.6,Canterbury,CD Fletcher,LJ Carter,MJG Rippon,1,0,,,,,,"",""
ball,3,52.1,Canterbury,CD Fletcher,LJ Carter,GD Phillips,0,0,,,,,,"",""
ball,3,52.2,Canterbury,CD Fletcher,LJ Carter,GD Phillips,0,0,,,,,,"",""
ball,3,52.3,Canterbury,CD Fletcher,LJ Carter,GD Phillips,1,0,,,,,,"",""
ball,3,52.4,Canterbury,LJ Carter,CD Fletcher,GD Phillips,6,0,,,,,,"",""
ball,3,52.5,Canterbury,LJ Carter,CD Fletcher,GD Phillips,1,0,,,,,,"",""
ball,3,52.6,Canterbury,CD Fletcher,LJ Carter,GD Phillips,0,0,,,,,,"",""
ball,3,53.1,Canterbury,LJ Carter,CD Fletcher,MJG Rippon,1,0,,,,,,"",""
ball,3,53.2,Canterbury,CD Fletcher,LJ Carter,MJG Rippon,4,0,,,,,,"",""
ball,3,53.3,Canterbury,CD Fletcher,LJ Carter,MJG Rippon,1,0,,,,,,"",""
ball,3,53.4,Canterbury,LJ Carter,CD Fletcher,MJG Rippon,0,0,,,,,,"",""
ball,3,53.5,Canterbury,LJ Carter,CD Fletcher,MJG Rippon,1,0,,,,,,"",""
ball,3,53.6,Canterbury,CD Fletcher,LJ Carter,MJG Rippon,1,0,,,,,,"",""
ball,3,54.1,Canterbury,CD Fletcher,LJ Carter,GD Phillips,0,0,,,,,,"",""
ball,3,54.2,Canterbury,CD Fletcher,LJ Carter,GD Phillips,0,0,,,,,,"",""
ball,3,54.3,Canterbury,CD Fletcher,LJ Carter,GD Phillips,1,0,,,,,,"",""
ball,3,54.4,Canterbury,LJ Carter,CD Fletcher,GD Phillips,4,0,,,,,,"",""
ball,3,54.5,Canterbury,LJ Carter,CD Fletcher,GD Phillips,6,0,,,,,,"",""
ball,3,54.6,Canterbury,LJ Carter,CD Fletcher,GD Phillips,0,0,,,,,,"",""
ball,3,55.1,Canterbury,CD Fletcher,LJ Carter,MJG Rippon,4,0,,,,,,"",""
ball,3,55.2,Canterbury,CD Fletcher,LJ Carter,MJG Rippon,6,0,,,,,,"",""
ball,3,55.3,Canterbury,CD Fletcher,LJ Carter,MJG Rippon,0,0,,,,,,"",""
ball,3,55.4,Canterbury,CD Fletcher,LJ Carter,MJG Rippon,6,0,,,,,,"",""
ball,3,55.5,Canterbury,CD Fletcher,LJ Carter,MJG Rippon,2,0,,,,,,"",""
ball,3,55.6,Canterbury,CD Fletcher,LJ Carter,MJG Rippon,1,0,,,,,,"",""
ball,4,0.1,Otago Volts,HD Rutherford,TK Parkes,HB Shipley,4,0,,,,,,"",""
ball,4,0.2,Otago Volts,HD Rutherford,TK Parkes,HB Shipley,0,0,,,,,,"",""
ball,4,0.3,Otago Volts,HD Rutherford,TK Parkes,HB Shipley,0,0,,,,,,"",""
ball,4,0.4,Otago Volts,HD Rutherford,TK Parkes,HB Shipley,0,0,,,,,,"",""
ball,4,0.5,Otago Volts,HD Rutherford,TK Parkes,HB Shipley,0,0,,,,,,"",""
ball,4,0.6,Otago Volts,HD Rutherford,TK Parkes,HB Shipley,0,0,,,,,,"",""
ball,4,1.1,Otago Volts,TK Parkes,HD Rutherford,FW Sheat,1,0,,,,,,"",""
ball,4,1.2,Otago Volts,HD Rutherford,TK Parkes,FW Sheat,0,0,,,,,,"",""
ball,4,1.3,Otago Volts,HD Rutherford,TK Parkes,FW Sheat,0,0,,,,,,"",""
ball,4,1.4,Otago Volts,HD Rutherford,TK Parkes,FW Sheat,0,0,,,,,,"",""
ball,4,1.5,Otago Volts,HD Rutherford,TK Parkes,FW Sheat,0,0,,,,,,"",""
ball,4,1.6,Otago Volts,HD Rutherford,TK Parkes,FW Sheat,0,0,,,,,,"",""
ball,4,2.1,Otago Volts,TK Parkes,HD Rutherford,HB Shipley,0,0,,,,,,"",""
ball,4,2.2,Otago Volts,TK Parkes,HD Rutherford,HB Shipley,0,0,,,,,,"",""
ball,4,2.3,Otago Volts,TK Parkes,HD Rutherford,HB Shipley,0,0,,,,,,"",""
ball,4,2.4,Otago Volts,TK Parkes,HD Rutherford,HB Shipley,0,0,,,,,,"",""
ball,4,2.5,Otago Volts,TK Parkes,HD Rutherford,HB Shipley,0,0,,,,,,"",""
ball,4,2.6,Otago Volts,TK Parkes,HD Rutherford,HB Shipley,0,0,,,,,,"",""
ball,4,3.1,Otago Volts,HD Rutherford,TK Parkes,FW Sheat,0,0,,,,,,"",""
ball,4,3.2,Otago Volts,HD Rutherford,TK Parkes,FW Sheat,0,0,,,,,,"",""
ball,4,3.3,Otago Volts,HD Rutherford,TK Parkes,FW Sheat,0,0,,,,,,"",""
ball,4,3.4,Otago Volts,HD Rutherford,TK Parkes,FW Sheat,0,0,,,,,,"",""
ball,4,3.5,Otago Volts,HD Rutherford,TK Parkes,FW Sheat,0,0,,,,,,"",""
ball,4,3.6,Otago Volts,HD Rutherford,TK Parkes,FW Sheat,0,0,,,,,,"",""
ball,4,4.1,Otago Volts,TK Parkes,HD Rutherford,HB Shipley,4,0,,,,,,"",""
ball,4,4.2,Otago Volts,TK Parkes,HD Rutherford,HB Shipley,0,0,,,,,,"",""
ball,4,4.3,Otago Volts,TK Parkes,HD Rutherford,HB Shipley,0,0,,,,,,"",""
ball,4,4.4,Otago Volts,TK Parkes,HD Rutherford,HB Shipley,0,0,,,,,,"",""
ball,4,4.5,Otago Volts,TK Parkes,HD Rutherford,HB Shipley,0,0,,,,,,"",""
ball,4,4.6,Otago Volts,TK Parkes,HD Rutherford,HB Shipley,0,0,,,,,,"",""
ball,4,5.1,Otago Volts,HD Rutherford,TK Parkes,FW Sheat,4,0,,,,,,"",""
ball,4,5.2,Otago Volts,HD Rutherford,TK Parkes,FW Sheat,0,0,,,,,,"",""
ball,4,5.3,Otago Volts,HD Rutherford,TK Parkes,FW Sheat,0,0,,,,,,"",""
ball,4,5.4,Otago Volts,HD Rutherford,TK Parkes,FW Sheat,0,0,,,,,,"",""
ball,4,5.5,Otago Volts,HD Rutherford,TK Parkes,FW Sheat,0,0,,,,,,"",""
ball,4,5.6,Otago Volts,HD Rutherford,TK Parkes,FW Sheat,0,0,,,,,,"",""
ball,4,6.1,Otago Volts,TK Parkes,HD Rutherford,HB Shipley,1,0,,,,,,"",""
ball,4,6.2,Otago Volts,HD Rutherford,TK Parkes,HB Shipley,0,0,,,,,,"",""
ball,4,6.3,Otago Volts,HD Rutherford,TK Parkes,HB Shipley,0,0,,,,,,lbw,HD Rutherford
ball,4,6.4,Otago Volts,D Foxcroft,TK Parkes,HB Shipley,0,0,,,,,,"",""
ball,4,6.5,Otago Volts,D Foxcroft,TK Parkes,HB Shipley,0,0,,,,,,"",""
ball,4,6.6,Otago Volts,D Foxcroft,TK Parkes,HB Shipley,1,0,,,,,,"",""
ball,4,7.1,Otago Volts,D Foxcroft,TK Parkes,FW Sheat,2,0,,,,,,"",""
ball,4,7.2,Otago Volts,D Foxcroft,TK Parkes,FW Sheat,0,0,,,,,,"",""
ball,4,7.3,Otago Volts,D Foxcroft,TK Parkes,FW Sheat,4,0,,,,,,"",""
ball,4,7.4,Otago Volts,D Foxcroft,TK Parkes,FW Sheat,0,0,,,,,,"",""
ball,4,7.5,Otago Volts,D Foxcroft,TK Parkes,FW Sheat,1,0,,,,,,"",""
ball,4,7.6,Otago Volts,TK Parkes,D Foxcroft,FW Sheat,0,0,,,,,,"",""
ball,4,8.1,Otago Volts,D Foxcroft,TK Parkes,HB Shipley,1,0,,,,,,"",""
ball,4,8.2,Otago Volts,TK Parkes,D Foxcroft,HB Shipley,0,0,,,,,,"",""
ball,4,8.3,Otago Volts,TK Parkes,D Foxcroft,HB Shipley,0,0,,,,,,"",""
ball,4,8.4,Otago Volts,TK Parkes,D Foxcroft,HB Shipley,0,0,,,,,,"",""
ball,4,8.5,Otago Volts,TK Parkes,D Foxcroft,HB Shipley,0,0,,,,,,"",""
ball,4,8.6,Otago Volts,TK Parkes,D Foxcroft,HB Shipley,0,0,,,,,,"",""
ball,4,9.1,Otago Volts,D Foxcroft,TK Parkes,AW McKenzie,0,0,,,,,,"",""
ball,4,9.2,Otago Volts,D Foxcroft,TK Parkes,AW McKenzie,0,0,,,,,,"",""
ball,4,9.3,Otago Volts,D Foxcroft,TK Parkes,AW McKenzie,4,0,,,,,,"",""
ball,4,9.4,Otago Volts,D Foxcroft,TK Parkes,AW McKenzie,0,0,,,,,,"",""
ball,4,9.5,Otago Volts,D Foxcroft,TK Parkes,AW McKenzie,0,0,,,,,,"",""
ball,4,9.6,Otago Volts,D Foxcroft,TK Parkes,AW McKenzie,0,0,,,,,,"",""
ball,4,10.1,Otago Volts,TK Parkes,D Foxcroft,HB Shipley,0,0,,,,,,"",""
ball,4,10.2,Otago Volts,TK Parkes,D Foxcroft,HB Shipley,0,0,,,,,,"",""
ball,4,10.3,Otago Volts,TK Parkes,D Foxcroft,HB Shipley,0,0,,,,,,"",""
ball,4,10.4,Otago Volts,TK Parkes,D Foxcroft,HB Shipley,0,0,,,,,,"",""
ball,4,10.5,Otago Volts,TK Parkes,D Foxcroft,HB Shipley,1,0,,,,,,"",""
ball,4,10.6,Otago Volts,D Foxcroft,TK Parkes,HB Shipley,0,0,,,,,,"",""
ball,4,11.1,Otago Volts,TK Parkes,D Foxcroft,AW McKenzie,0,0,,,,,,"",""
ball,4,11.2,Otago Volts,TK Parkes,D Foxcroft,AW McKenzie,0,0,,,,,,"",""
ball,4,11.3,Otago Volts,TK Parkes,D Foxcroft,AW McKenzie,0,0,,,,,,"",""
ball,4,11.4,Otago Volts,TK Parkes,D Foxcroft,AW McKenzie,0,0,,,,,,"",""
ball,4,11.5,Otago Volts,TK Parkes,D Foxcroft,AW McKenzie,0,0,,,,,,"",""
ball,4,11.6,Otago Volts,TK Parkes,D Foxcroft,AW McKenzie,0,0,,,,,,"",""
ball,4,12.1,Otago Volts,D Foxcroft,TK Parkes,W O'Rourke,0,0,,,,,,"",""
ball,4,12.2,Otago Volts,D Foxcroft,TK Parkes,W O'Rourke,0,0,,,,,,"",""
ball,4,12.3,Otago Volts,D Foxcroft,TK Parkes,W O'Rourke,0,0,,,,,,"",""
ball,4,12.4,Otago Volts,D Foxcroft,TK Parkes,W O'Rourke,0,0,,,,,,"",""
ball,4,12.5,Otago Volts,D Foxcroft,TK Parkes,W O'Rourke,1,0,,,,,,"",""
ball,4,12.6,Otago Volts,TK Parkes,D Foxcroft,W O'Rourke,0,0,,,,,,"",""
ball,4,13.1,Otago Volts,D Foxcroft,TK Parkes,AW McKenzie,0,0,,,,,,"",""
ball,4,13.2,Otago Volts,D Foxcroft,TK Parkes,AW McKenzie,0,0,,,,,,"",""
ball,4,13.3,Otago Volts,D Foxcroft,TK Parkes,AW McKenzie,0,0,,,,,,"",""
ball,4,13.4,Otago Volts,D Foxcroft,TK Parkes,AW McKenzie,0,0,,,,,,"",""
ball,4,13.5,Otago Volts,D Foxcroft,TK Parkes,AW McKenzie,0,0,,,,,,"",""
ball,4,13.6,Otago Volts,D Foxcroft,TK Parkes,AW McKenzie,0,0,,,,,,"",""
ball,4,14.1,Otago Volts,TK Parkes,D Foxcroft,W O'Rourke,0,0,,,,,,"",""
ball,4,14.2,Otago Volts,TK Parkes,D Foxcroft,W O'Rourke,0,0,,,,,,"",""
ball,4,14.3,Otago Volts,TK Parkes,D Foxcroft,W O'Rourke,0,0,,,,,,"",""
ball,4,14.4,Otago Volts,TK Parkes,D Foxcroft,W O'Rourke,0,0,,,,,,"",""
ball,4,14.5,Otago Volts,TK Parkes,D Foxcroft,W O'Rourke,0,0,,,,,,"",""
ball,4,14.6,Otago Volts,TK Parkes,D Foxcroft,W O'Rourke,0,0,,,,,,"",""
ball,4,15.1,Otago Volts,D Foxcroft,TK Parkes,AW McKenzie,0,0,,,,,,"",""
ball,4,15.2,Otago Volts,D Foxcroft,TK Parkes,AW McKenzie,0,0,,,,,,"",""
ball,4,15.3,Otago Volts,D Foxcroft,TK Parkes,AW McKenzie,0,0,,,,,,"",""
ball,4,15.4,Otago Volts,D Foxcroft,TK Parkes,AW McKenzie,0,0,,,,,,"",""
ball,4,15.5,Otago Volts,D Foxcroft,TK Parkes,AW McKenzie,0,0,,,,,,"",""
ball,4,15.6,Otago Volts,D Foxcroft,TK Parkes,AW McKenzie,0,0,,,,,,"",""
ball,4,16.1,Otago Volts,TK Parkes,D Foxcroft,W O'Rourke,0,0,,,,,,"",""
ball,4,16.2,Otago Volts,TK Parkes,D Foxcroft,W O'Rourke,0,0,,,,,,"",""
ball,4,16.3,Otago Volts,TK Parkes,D Foxcroft,W O'Rourke,0,0,,,,,,"",""
ball,4,16.4,Otago Volts,TK Parkes,D Foxcroft,W O'Rourke,0,0,,,,,,"",""
ball,4,16.5,Otago Volts,TK Parkes,D Foxcroft,W O'Rourke,0,0,,,,,,"",""
ball,4,16.6,Otago Volts,TK Parkes,D Foxcroft,W O'Rourke,1,0,,,,,,"",""
ball,4,17.1,Otago Volts,TK Parkes,D Foxcroft,AW McKenzie,0,0,,,,,,"",""
ball,4,17.2,Otago Volts,TK Parkes,D Foxcroft,AW McKenzie,0,0,,,,,,"",""
ball,4,17.3,Otago Volts,TK Parkes,D Foxcroft,AW McKenzie,0,0,,,,,,"",""
ball,4,17.4,Otago Volts,TK Parkes,D Foxcroft,AW McKenzie,0,0,,,,,,"",""
ball,4,17.5,Otago Volts,TK Parkes,D Foxcroft,AW McKenzie,0,0,,,,,,"",""
ball,4,17.6,Otago Volts,TK Parkes,D Foxcroft,AW McKenzie,0,0,,,,,,"",""
ball,4,18.1,Otago Volts,D Foxcroft,TK Parkes,EJ Nuttall,0,0,,,,,,"",""
ball,4,18.2,Otago Volts,D Foxcroft,TK Parkes,EJ Nuttall,0,0,,,,,,"",""
ball,4,18.3,Otago Volts,D Foxcroft,TK Parkes,EJ Nuttall,0,0,,,,,,"",""
ball,4,18.4,Otago Volts,D Foxcroft,TK Parkes,EJ Nuttall,1,0,,,,,,"",""
ball,4,18.5,Otago Volts,TK Parkes,D Foxcroft,EJ Nuttall,0,0,,,,,,"",""
ball,4,18.6,Otago Volts,TK Parkes,D Foxcroft,EJ Nuttall,0,0,,,,,,"",""
ball,4,19.1,Otago Volts,D Foxcroft,TK Parkes,AW McKenzie,0,0,,,,,,"",""
ball,4,19.2,Otago Volts,D Foxcroft,TK Parkes,AW McKenzie,0,0,,,,,,"",""
ball,4,19.3,Otago Volts,D Foxcroft,TK Parkes,AW McKenzie,0,0,,,,,,"",""
ball,4,19.4,Otago Volts,D Foxcroft,TK Parkes,AW McKenzie,0,0,,,,,,"",""
ball,4,19.5,Otago Volts,D Foxcroft,TK Parkes,AW McKenzie,0,0,,,,,,"",""
ball,4,19.6,Otago Volts,D Foxcroft,TK Parkes,AW McKenzie,0,0,,,,,,"",""
ball,4,20.1,Otago Volts,TK Parkes,D Foxcroft,EJ Nuttall,4,0,,,,,,"",""
ball,4,20.2,Otago Volts,TK Parkes,D Foxcroft,EJ Nuttall,0,0,,,,,,"",""
ball,4,20.3,Otago Volts,TK Parkes,D Foxcroft,EJ Nuttall,0,0,,,,,,"",""
ball,4,20.4,Otago Volts,TK Parkes,D Foxcroft,EJ Nuttall,0,0,,,,,,"",""
ball,4,20.5,Otago Volts,TK Parkes,D Foxcroft,EJ Nuttall,0,0,,,,,,"",""
ball,4,20.6,Otago Volts,TK Parkes,D Foxcroft,EJ Nuttall,0,0,,,,,,"",""
ball,4,21.1,Otago Volts,D Foxcroft,TK Parkes,AW McKenzie,0,0,,,,,,caught,D Foxcroft
ball,4,21.2,Otago Volts,GD Phillips,TK Parkes,AW McKenzie,0,0,,,,,,"",""
ball,4,21.3,Otago Volts,GD Phillips,TK Parkes,AW McKenzie,4,0,,,,,,"",""
ball,4,21.4,Otago Volts,GD Phillips,TK Parkes,AW McKenzie,0,0,,,,,,"",""
ball,4,21.5,Otago Volts,GD Phillips,TK Parkes,AW McKenzie,0,0,,,,,,"",""
ball,4,21.6,Otago Volts,GD Phillips,TK Parkes,AW McKenzie,1,0,,,,,,"",""
ball,4,22.1,Otago Volts,GD Phillips,TK Parkes,EJ Nuttall,0,0,,,,,,"",""
ball,4,22.2,Otago Volts,GD Phillips,TK Parkes,EJ Nuttall,4,0,,,,,,"",""
ball,4,22.3,Otago Volts,GD Phillips,TK Parkes,EJ Nuttall,1,0,,,,,,"",""
ball,4,22.4,Otago Volts,TK Parkes,GD Phillips,EJ Nuttall,0,0,,,,,,"",""
ball,4,22.5,Otago Volts,TK Parkes,GD Phillips,EJ Nuttall,0,0,,,,,,"",""
ball,4,22.6,Otago Volts,TK Parkes,GD Phillips,EJ Nuttall,4,0,,,,,,"",""
ball,4,23.1,Otago Volts,GD Phillips,TK Parkes,AW McKenzie,0,0,,,,,,"",""
ball,4,23.2,Otago Volts,GD Phillips,TK Parkes,AW McKenzie,0,0,,,,,,"",""
ball,4,23.3,Otago Volts,GD Phillips,TK Parkes,AW McKenzie,0,0,,,,,,"",""
ball,4,23.4,Otago Volts,GD Phillips,TK Parkes,AW McKenzie,0,0,,,,,,"",""
ball,4,23.5,Otago Volts,GD Phillips,TK Parkes,AW McKenzie,4,0,,,,,,"",""
ball,4,23.6,Otago Volts,GD Phillips,TK Parkes,AW McKenzie,0,0,,,,,,"",""
ball,4,24.1,Otago Volts,TK Parkes,GD Phillips,EJ Nuttall,4,0,,,,,,"",""
ball,4,24.2,Otago Volts,TK Parkes,GD Phillips,EJ Nuttall,1,0,,,,,,"",""
ball,4,24.3,Otago Volts,GD Phillips,TK Parkes,EJ Nuttall,0,0,,,,,,"",""
ball,4,24.4,Otago Volts,GD Phillips,TK Parkes,EJ Nuttall,4,1,,1,,,,"",""
ball,4,24.5,Otago Volts,GD Phillips,TK Parkes,EJ Nuttall,0,0,,,,,,"",""
ball,4,24.6,Otago Volts,GD Phillips,TK Parkes,EJ Nuttall,4,0,,,,,,"",""
ball,4,24.7,Otago Volts,GD Phillips,TK Parkes,EJ Nuttall,0,0,,,,,,"",""
ball,4,25.1,Otago Volts,TK Parkes,GD Phillips,AW McKenzie,0,0,,,,,,"",""
ball,4,25.2,Otago Volts,TK Parkes,GD Phillips,AW McKenzie,0,0,,,,,,"",""
ball,4,25.3,Otago Volts,TK Parkes,GD Phillips,AW McKenzie,0,0,,,,,,"",""
ball,4,25.4,Otago Volts,TK Parkes,GD Phillips,AW McKenzie,0,0,,,,,,"",""
ball,4,25.5,Otago Volts,TK Parkes,GD Phillips,AW McKenzie,0,0,,,,,,"",""
ball,4,25.6,Otago Volts,TK Parkes,GD Phillips,AW McKenzie,2,0,,,,,,"",""
ball,4,26.1,Otago Volts,GD Phillips,TK Parkes,W O'Rourke,0,0,,,,,,"",""
ball,4,26.2,Otago Volts,GD Phillips,TK Parkes,W O'Rourke,0,0,,,,,,"",""
ball,4,26.3,Otago Volts,GD Phillips,TK Parkes,W O'Rourke,0,0,,,,,,"",""
ball,4,26.4,Otago Volts,GD Phillips,TK Parkes,W O'Rourke,0,0,,,,,,"",""
ball,4,26.5,Otago Volts,GD Phillips,TK Parkes,W O'Rourke,0,0,,,,,,"",""
ball,4,26.6,Otago Volts,GD Phillips,TK Parkes,W O'Rourke,4,0,,,,,,"",""
ball,4,27.1,Otago Volts,TK Parkes,GD Phillips,AW McKenzie,0,0,,,,,,"",""
ball,4,27.2,Otago Volts,TK Parkes,GD Phillips,AW McKenzie,0,0,,,,,,"",""
ball,4,27.3,Otago Volts,TK Parkes,GD Phillips,AW McKenzie,0,0,,,,,,"",""
ball,4,27.4,Otago Volts,TK Parkes,GD Phillips,AW McKenzie,0,0,,,,,,"",""
ball,4,27.5,Otago Volts,TK Parkes,GD Phillips,AW McKenzie,0,0,,,,,,"",""
ball,4,27.6,Otago Volts,TK Parkes,GD Phillips,AW McKenzie,0,0,,,,,,"",""
ball,4,28.1,Otago Volts,GD Phillips,TK Parkes,W O'Rourke,0,0,,,,,,"",""
ball,4,28.2,Otago Volts,GD Phillips,TK Parkes,W O'Rourke,2,0,,,,,,"",""
ball,4,28.3,Otago Volts,GD Phillips,TK Parkes,W O'Rourke,0,0,,,,,,"",""
ball,4,28.4,Otago Volts,GD Phillips,TK Parkes,W O'Rourke,1,0,,,,,,"",""
ball,4,28.5,Otago Volts,TK Parkes,GD Phillips,W O'Rourke,0,0,,,,,,"",""
ball,4,28.6,Otago Volts,TK Parkes,GD Phillips,W O'Rourke,0,0,,,,,,"",""
ball,4,29.1,Otago Volts,GD Phillips,TK Parkes,IS Sodhi,0,0,,,,,,"",""
ball,4,29.2,Otago Volts,GD Phillips,TK Parkes,IS Sodhi,1,0,,,,,,"",""
ball,4,29.3,Otago Volts,TK Parkes,GD Phillips,IS Sodhi,2,0,,,,,,"",""
ball,4,29.4,Otago Volts,TK Parkes,GD Phillips,IS Sodhi,1,0,,,,,,"",""
ball,4,29.5,Otago Volts,GD Phillips,TK Parkes,IS Sodhi,1,0,,,,,,"",""
ball,4,29.6,Otago Volts,TK Parkes,GD Phillips,IS Sodhi,0,0,,,,,,"",""
ball,4,30.1,Otago Volts,GD Phillips,TK Parkes,W O'Rourke,0,0,,,,,,"",""
ball,4,30.2,Otago Volts,GD Phillips,TK Parkes,W O'Rourke,4,0,,,,,,"",""
ball,4,30.3,Otago Volts,GD Phillips,TK Parkes,W O'Rourke,0,0,,,,,,"",""
ball,4,30.4,Otago Volts,GD Phillips,TK Parkes,W O'Rourke,2,0,,,,,,"",""
ball,4,30.5,Otago Volts,GD Phillips,TK Parkes,W O'Rourke,1,0,,,,,,"",""
ball,4,30.6,Otago Volts,TK Parkes,GD Phillips,W O'Rourke,0,0,,,,,,"",""
ball,4,31.1,Otago Volts,GD Phillips,TK Parkes,IS Sodhi,1,0,,,,,,"",""
ball,4,31.2,Otago Volts,TK Parkes,GD Phillips,IS Sodhi,0,0,,,,,,"",""
ball,4,31.3,Otago Volts,TK Parkes,GD Phillips,IS Sodhi,0,0,,,,,,"",""
ball,4,31.4,Otago Volts,TK Parkes,GD Phillips,IS Sodhi,1,0,,,,,,"",""
ball,4,31.5,Otago Volts,GD Phillips,TK Parkes,IS Sodhi,0,0,,,,,,"",""
ball,4,31.6,Otago Volts,GD Phillips,TK Parkes,IS Sodhi,0,0,,,,,,"",""
ball,4,32.1,Otago Volts,TK Parkes,GD Phillips,W O'Rourke,1,0,,,,,,"",""
ball,4,32.2,Otago Volts,GD Phillips,TK Parkes,W O'Rourke,0,0,,,,,,"",""
ball,4,32.3,Otago Volts,GD Phillips,TK Parkes,W O'Rourke,1,0,,,,,,"",""
ball,4,32.4,Otago Volts,TK Parkes,GD Phillips,W O'Rourke,0,0,,,,,,"",""
ball,4,32.5,Otago Volts,TK Parkes,GD Phillips,W O'Rourke,0,0,,,,,,"",""
ball,4,32.6,Otago Volts,TK Parkes,GD Phillips,W O'Rourke,0,1,1,,,,,"",""
ball,4,32.7,Otago Volts,TK Parkes,GD Phillips,W O'Rourke,1,0,,,,,,"",""
ball,4,33.1,Otago Volts,TK Parkes,GD Phillips,IS Sodhi,0,0,,,,,,"",""
ball,4,33.2,Otago Volts,TK Parkes,GD Phillips,IS Sodhi,0,0,,,,,,"",""
ball,4,33.3,Otago Volts,TK Parkes,GD Phillips,IS Sodhi,0,0,,,,,,"",""
ball,4,33.4,Otago Volts,TK Parkes,GD Phillips,IS Sodhi,0,0,,,,,,"",""
ball,4,33.5,Otago Volts,TK Parkes,GD Phillips,IS Sodhi,0,0,,,,,,"",""
ball,4,33.6,Otago Volts,TK Parkes,GD Phillips,IS Sodhi,0,0,,,,,,"",""
ball,4,34.1,Otago Volts,GD Phillips,TK Parkes,HB Shipley,0,0,,,,,,"",""
ball,4,34.2,Otago Volts,GD Phillips,TK Parkes,HB Shipley,0,0,,,,,,"",""
ball,4,34.3,Otago Volts,GD Phillips,TK Parkes,HB Shipley,1,0,,,,,,"",""
ball,4,34.4,Otago Volts,TK Parkes,GD Phillips,HB Shipley,1,0,,,,,,"",""
ball,4,34.5,Otago Volts,GD Phillips,TK Parkes,HB Shipley,0,0,,,,,,"",""
ball,4,34.6,Otago Volts,GD Phillips,TK Parkes,HB Shipley,0,0,,,,,,"",""
ball,4,35.1,Otago Volts,TK Parkes,GD Phillips,IS Sodhi,0,0,,,,,,"",""
ball,4,35.2,Otago Volts,TK Parkes,GD Phillips,IS Sodhi,0,0,,,,,,"",""
ball,4,35.3,Otago Volts,TK Parkes,GD Phillips,IS Sodhi,0,0,,,,,,"",""
ball,4,35.4,Otago Volts,TK Parkes,GD Phillips,IS Sodhi,1,0,,,,,,"",""
ball,4,35.5,Otago Volts,GD Phillips,TK Parkes,IS Sodhi,0,0,,,,,,"",""
ball,4,35.6,Otago Volts,GD Phillips,TK Parkes,IS Sodhi,0,0,,,,,,"",""
ball,4,36.1,Otago Volts,TK Parkes,GD Phillips,HB Shipley,0,0,,,,,,"",""
ball,4,36.2,Otago Volts,TK Parkes,GD Phillips,HB Shipley,0,0,,,,,,"",""
ball,4,36.3,Otago Volts,TK Parkes,GD Phillips,HB Shipley,0,0,,,,,,"",""
ball,4,36.4,Otago Volts,TK Parkes,GD Phillips,HB Shipley,0,0,,,,,,"",""
ball,4,36.5,Otago Volts,TK Parkes,GD Phillips,HB Shipley,0,0,,,,,,"",""
ball,4,36.6,Otago Volts,TK Parkes,GD Phillips,HB Shipley,4,0,,,,,,"",""
ball,4,37.1,Otago Volts,GD Phillips,TK Parkes,IS Sodhi,0,0,,,,,,"",""
ball,4,37.2,Otago Volts,GD Phillips,TK Parkes,IS Sodhi,1,0,,,,,,"",""
ball,4,37.3,Otago Volts,TK Parkes,GD Phillips,IS Sodhi,0,0,,,,,,"",""
ball,4,37.4,Otago Volts,TK Parkes,GD Phillips,IS Sodhi,0,0,,,,,,"",""
ball,4,37.5,Otago Volts,TK Parkes,GD Phillips,IS Sodhi,0,0,,,,,,"",""
ball,4,37.6,Otago Volts,TK Parkes,GD Phillips,IS Sodhi,0,0,,,,,,"",""
ball,4,38.1,Otago Volts,GD Phillips,TK Parkes,HB Shipley,0,0,,,,,,"",""
ball,4,38.2,Otago Volts,GD Phillips,TK Parkes,HB Shipley,1,0,,,,,,"",""
ball,4,38.3,Otago Volts,TK Parkes,GD Phillips,HB Shipley,0,0,,,,,,"",""
ball,4,38.4,Otago Volts,TK Parkes,GD Phillips,HB Shipley,0,0,,,,,,"",""
ball,4,38.5,Otago Volts,TK Parkes,GD Phillips,HB Shipley,0,0,,,,,,"",""
ball,4,38.6,Otago Volts,TK Parkes,GD Phillips,HB Shipley,0,0,,,,,,"",""
ball,4,39.1,Otago Volts,GD Phillips,TK Parkes,IS Sodhi,1,0,,,,,,"",""
ball,4,39.2,Otago Volts,TK Parkes,GD Phillips,IS Sodhi,1,0,,,,,,"",""
ball,4,39.3,Otago Volts,GD Phillips,TK Parkes,IS Sodhi,0,0,,,,,,"",""
ball,4,39.4,Otago Volts,GD Phillips,TK Parkes,IS Sodhi,0,0,,,,,,"",""
ball,4,39.5,Otago Volts,GD Phillips,TK Parkes,IS Sodhi,1,0,,,,,,"",""
ball,4,39.6,Otago Volts,TK Parkes,GD Phillips,IS Sodhi,0,0,,,,,,"",""
ball,4,40.1,Otago Volts,GD Phillips,TK Parkes,HB Shipley,1,0,,,,,,"",""
ball,4,40.2,Otago Volts,TK Parkes,GD Phillips,HB Shipley,1,0,,,,,,"",""
ball,4,40.3,Otago Volts,GD Phillips,TK Parkes,HB Shipley,0,0,,,,,,"",""
ball,4,40.4,Otago Volts,GD Phillips,TK Parkes,HB Shipley,0,0,,,,,,"",""
ball,4,40.5,Otago Volts,GD Phillips,TK Parkes,HB Shipley,0,0,,,,,,"",""
ball,4,40.6,Otago Volts,GD Phillips,TK Parkes,HB Shipley,4,0,,,,,,"",""
ball,4,41.1,Otago Volts,TK Parkes,GD Phillips,IS Sodhi,1,0,,,,,,"",""
ball,4,41.2,Otago Volts,GD Phillips,TK Parkes,IS Sodhi,0,0,,,,,,"",""
ball,4,41.3,Otago Volts,GD Phillips,TK Parkes,IS Sodhi,0,0,,,,,,"",""
ball,4,41.4,Otago Volts,GD Phillips,TK Parkes,IS Sodhi,0,0,,,,,,"",""
ball,4,41.5,Otago Volts,GD Phillips,TK Parkes,IS Sodhi,1,0,,,,,,"",""
ball,4,41.6,Otago Volts,TK Parkes,GD Phillips,IS Sodhi,0,0,,,,,,"",""
ball,4,42.1,Otago Volts,GD Phillips,TK Parkes,HB Shipley,0,0,,,,,,"",""
ball,4,42.2,Otago Volts,GD Phillips,TK Parkes,HB Shipley,0,0,,,,,,"",""
ball,4,42.3,Otago Volts,GD Phillips,TK Parkes,HB Shipley,0,0,,,,,,"",""
ball,4,42.4,Otago Volts,GD Phillips,TK Parkes,HB Shipley,1,0,,,,,,"",""
ball,4,42.5,Otago Volts,TK Parkes,GD Phillips,HB Shipley,0,0,,,,,,"",""
ball,4,42.6,Otago Volts,TK Parkes,GD Phillips,HB Shipley,0,0,,,,,,"",""
ball,4,43.1,Otago Volts,GD Phillips,TK Parkes,IS Sodhi,0,0,,,,,,"",""
ball,4,43.2,Otago Volts,GD Phillips,TK Parkes,IS Sodhi,0,1,,1,,,,"",""
ball,4,43.3,Otago Volts,GD Phillips,TK Parkes,IS Sodhi,0,0,,,,,,"",""
ball,4,43.4,Otago Volts,GD Phillips,TK Parkes,IS Sodhi,1,0,,,,,,"",""
ball,4,43.5,Otago Volts,TK Parkes,GD Phillips,IS Sodhi,0,0,,,,,,"",""
ball,4,43.6,Otago Volts,TK Parkes,GD Phillips,IS Sodhi,1,0,,,,,,"",""
ball,4,43.7,Otago Volts,GD Phillips,TK Parkes,IS Sodhi,0,0,,,,,,"",""
ball,4,44.1,Otago Volts,TK Parkes,GD Phillips,HB Shipley,0,0,,,,,,"",""
ball,4,44.2,Otago Volts,TK Parkes,GD Phillips,HB Shipley,1,0,,,,,,"",""
ball,4,44.3,Otago Volts,GD Phillips,TK Parkes,HB Shipley,1,0,,,,,,"",""
ball,4,44.4,Otago Volts,TK Parkes,GD Phillips,HB Shipley,0,0,,,,,,"",""
ball,4,44.5,Otago Volts,TK Parkes,GD Phillips,HB Shipley,0,0,,,,,,"",""
ball,4,44.6,Otago Volts,TK Parkes,GD Phillips,HB Shipley,0,0,,,,,,"",""
ball,4,45.1,Otago Volts,GD Phillips,TK Parkes,IS Sodhi,0,0,,,,,,"",""
ball,4,45.2,Otago Volts,GD Phillips,TK Parkes,IS Sodhi,1,0,,,,,,"",""
ball,4,45.3,Otago Volts,TK Parkes,GD Phillips,IS Sodhi,4,0,,,,,,"",""
ball,4,45.4,Otago Volts,TK Parkes,GD Phillips,IS Sodhi,0,0,,,,,,"",""
ball,4,45.5,Otago Volts,TK Parkes,GD Phillips,IS Sodhi,0,0,,,,,,"",""
ball,4,45.6,Otago Volts,TK Parkes,GD Phillips,IS Sodhi,0,0,,,,,,"",""
ball,4,46.1,Otago Volts,GD Phillips,TK Parkes,AW McKenzie,0,0,,,,,,"",""
ball,4,46.2,Otago Volts,GD Phillips,TK Parkes,AW McKenzie,0,0,,,,,,"",""
ball,4,46.3,Otago Volts,GD Phillips,TK Parkes,AW McKenzie,0,0,,,,,,"",""
ball,4,46.4,Otago Volts,GD Phillips,TK Parkes,AW McKenzie,2,0,,,,,,"",""
ball,4,46.5,Otago Volts,GD Phillips,TK Parkes,AW McKenzie,0,0,,,,,,"",""
ball,4,46.6,Otago Volts,GD Phillips,TK Parkes,AW McKenzie,4,0,,,,,,"",""
ball,4,47.1,Otago Volts,TK Parkes,GD Phillips,W O'Rourke,0,0,,,,,,"",""
ball,4,47.2,Otago Volts,TK Parkes,GD Phillips,W O'Rourke,3,0,,,,,,"",""
ball,4,47.3,Otago Volts,GD Phillips,TK Parkes,W O'Rourke,0,0,,,,,,"",""
ball,4,47.4,Otago Volts,GD Phillips,TK Parkes,W O'Rourke,0,0,,,,,,"",""
ball,4,47.5,Otago Volts,GD Phillips,TK Parkes,W O'Rourke,0,0,,,,,,"",""
ball,4,47.6,Otago Volts,GD Phillips,TK Parkes,W O'Rourke,0,0,,,,,,"",""
ball,4,48.1,Otago Volts,TK Parkes,GD Phillips,AW McKenzie,1,0,,,,,,"",""
ball,4,48.2,Otago Volts,GD Phillips,TK Parkes,AW McKenzie,0,0,,,,,,"",""
ball,4,48.3,Otago Volts,GD Phillips,TK Parkes,AW McKenzie,0,0,,,,,,"",""
ball,4,48.4,Otago Volts,GD Phillips,TK Parkes,AW McKenzie,0,0,,,,,,"",""
ball,4,48.5,Otago Volts,GD Phillips,TK Parkes,AW McKenzie,0,0,,,,,,"",""
ball,4,48.6,Otago Volts,GD Phillips,TK Parkes,AW McKenzie,1,0,,,,,,"",""
ball,4,49.1,Otago Volts,GD Phillips,TK Parkes,W O'Rourke,0,0,,,,,,"",""
ball,4,49.2,Otago Volts,GD Phillips,TK Parkes,W O'Rourke,0,0,,,,,,"",""
ball,4,49.3,Otago Volts,GD Phillips,TK Parkes,W O'Rourke,0,0,,,,,,"",""
ball,4,49.4,Otago Volts,GD Phillips,TK Parkes,W O'Rourke,0,0,,,,,,"",""
ball,4,49.5,Otago Volts,GD Phillips,TK Parkes,W O'Rourke,4,0,,,,,,"",""
ball,4,49.6,Otago Volts,GD Phillips,TK Parkes,W O'Rourke,0,0,,,,,,"",""
ball,4,50.1,Otago Volts,TK Parkes,GD Phillips,AW McKenzie,0,0,,,,,,"",""
ball,4,50.2,Otago Volts,TK Parkes,GD Phillips,AW McKenzie,0,0,,,,,,"",""
ball,4,50.3,Otago Volts,TK Parkes,GD Phillips,AW McKenzie,0,0,,,,,,"",""
ball,4,50.4,Otago Volts,TK Parkes,GD Phillips,AW McKenzie,0,0,,,,,,"",""
ball,4,50.5,Otago Volts,TK Parkes,GD Phillips,AW McKenzie,0,0,,,,,,"",""
ball,4,50.6,Otago Volts,TK Parkes,GD Phillips,AW McKenzie,0,0,,,,,,"",""
ball,4,51.1,Otago Volts,GD Phillips,TK Parkes,W O'Rourke,0,0,,,,,,"",""
ball,4,51.2,Otago Volts,GD Phillips,TK Parkes,W O'Rourke,0,0,,,,,,"",""
ball,4,51.3,Otago Volts,GD Phillips,TK Parkes,W O'Rourke,0,0,,,,,,"",""
ball,4,51.4,Otago Volts,GD Phillips,TK Parkes,W O'Rourke,0,0,,,,,,"",""
ball,4,51.5,Otago Volts,GD Phillips,TK Parkes,W O'Rourke,0,0,,,,,,"",""
ball,4,51.6,Otago Volts,GD Phillips,TK Parkes,W O'Rourke,0,0,,,,,,"",""
ball,4,52.1,Otago Volts,TK Parkes,GD Phillips,FW Sheat,0,0,,,,,,"",""
ball,4,52.2,Otago Volts,TK Parkes,GD Phillips,FW Sheat,0,0,,,,,,"",""
ball,4,52.3,Otago Volts,TK Parkes,GD Phillips,FW Sheat,0,0,,,,,,"",""
ball,4,52.4,Otago Volts,TK Parkes,GD Phillips,FW Sheat,4,0,,,,,,"",""
ball,4,52.5,Otago Volts,TK Parkes,GD Phillips,FW Sheat,0,0,,,,,,"",""
ball,4,52.6,Otago Volts,TK Parkes,GD Phillips,FW Sheat,0,0,,,,,,"",""
ball,4,53.1,Otago Volts,GD Phillips,TK Parkes,CE McConchie,0,0,,,,,,"",""
ball,4,53.2,Otago Volts,GD Phillips,TK Parkes,CE McConchie,0,0,,,,,,"",""
ball,4,53.3,Otago Volts,GD Phillips,TK Parkes,CE McConchie,0,0,,,,,,"",""
ball,4,53.4,Otago Volts,GD Phillips,TK Parkes,CE McConchie,0,0,,,,,,"",""
ball,4,53.5,Otago Volts,GD Phillips,TK Parkes,CE McConchie,0,0,,,,,,"",""
ball,4,53.6,Otago Volts,GD Phillips,TK Parkes,CE McConchie,0,0,,,,,,"",""
ball,4,54.1,Otago Volts,TK Parkes,GD Phillips,FW Sheat,0,0,,,,,,"",""
ball,4,54.2,Otago Volts,TK Parkes,GD Phillips,FW Sheat,0,0,,,,,,"",""
ball,4,54.3,Otago Volts,TK Parkes,GD Phillips,FW Sheat,0,0,,,,,,"",""
ball,4,54.4,Otago Volts,TK Parkes,GD Phillips,FW Sheat,0,0,,,,,,"",""
ball,4,54.5,Otago Volts,TK Parkes,GD Phillips,FW Sheat,1,0,,,,,,"",""
ball,4,54.6,Otago Volts,GD Phillips,TK Parkes,FW Sheat,0,0,,,,,,"",""
ball,4,55.1,Otago Volts,TK Parkes,GD Phillips,IS Sodhi,0,0,,,,,,"",""
ball,4,55.2,Otago Volts,TK Parkes,GD Phillips,IS Sodhi,0,0,,,,,,"",""
ball,4,55.3,Otago Volts,TK Parkes,GD Phillips,IS Sodhi,0,0,,,,,,"",""
ball,4,55.4,Otago Volts,TK Parkes,GD Phillips,IS Sodhi,0,0,,,,,,"",""
ball,4,55.5,Otago Volts,TK Parkes,GD Phillips,IS Sodhi,0,0,,,,,,"",""
ball,4,55.6,Otago Volts,TK Parkes,GD Phillips,IS Sodhi,0,0,,,,,,"",""
ball,4,56.1,Otago Volts,GD Phillips,TK Parkes,FW Sheat,0,0,,,,,,"",""
ball,4,56.2,Otago Volts,GD Phillips,TK Parkes,FW Sheat,1,0,,,,,,"",""
ball,4,56.3,Otago Volts,TK Parkes,GD Phillips,FW Sheat,0,0,,,,,,"",""
ball,4,56.4,Otago Volts,TK Parkes,GD Phillips,FW Sheat,0,0,,,,,,"",""
ball,4,56.5,Otago Volts,TK Parkes,GD Phillips,FW Sheat,0,0,,,,,,"",""
ball,4,56.6,Otago Volts,TK Parkes,GD Phillips,FW Sheat,0,0,,,,,,"",""
ball,4,57.1,Otago Volts,GD Phillips,TK Parkes,IS Sodhi,0,0,,,,,,"",""
ball,4,57.2,Otago Volts,GD Phillips,TK Parkes,IS Sodhi,0,1,,1,,,,"",""
ball,4,57.3,Otago Volts,GD Phillips,TK Parkes,IS Sodhi,0,0,,,,,,"",""
ball,4,57.4,Otago Volts,GD Phillips,TK Parkes,IS Sodhi,0,0,,,,,,"",""
ball,4,57.5,Otago Volts,GD Phillips,TK Parkes,IS Sodhi,1,0,,,,,,"",""
ball,4,57.6,Otago Volts,TK Parkes,GD Phillips,IS Sodhi,1,0,,,,,,"",""
ball,4,57.7,Otago Volts,GD Phillips,TK Parkes,IS Sodhi,0,0,,,,,,"",""
ball,4,58.1,Otago Volts,TK Parkes,GD Phillips,FW Sheat,4,0,,,,,,"",""
ball,4,58.2,Otago Volts,TK Parkes,GD Phillips,FW Sheat,0,0,,,,,,"",""
ball,4,58.3,Otago Volts,TK Parkes,GD Phillips,FW Sheat,0,0,,,,,,"",""
ball,4,58.4,Otago Volts,TK Parkes,GD Phillips,FW Sheat,0,0,,,,,,"",""
ball,4,58.5,Otago Volts,TK Parkes,GD Phillips,FW Sheat,0,0,,,,,,"",""
ball,4,58.6,Otago Volts,TK Parkes,GD Phillips,FW Sheat,0,0,,,,,,"",""
ball,4,59.1,Otago Volts,GD Phillips,TK Parkes,IS Sodhi,1,0,,,,,,"",""
ball,4,59.2,Otago Volts,TK Parkes,GD Phillips,IS Sodhi,0,0,,,,,,"",""
ball,4,59.3,Otago Volts,TK Parkes,GD Phillips,IS Sodhi,0,0,,,,,,"",""
ball,4,59.4,Otago Volts,TK Parkes,GD Phillips,IS Sodhi,2,0,,,,,,"",""
ball,4,59.5,Otago Volts,TK Parkes,GD Phillips,IS Sodhi,0,0,,,,,,"",""
ball,4,59.6,Otago Volts,TK Parkes,GD Phillips,IS Sodhi,0,0,,,,,,"",""
ball,4,60.1,Otago Volts,GD Phillips,TK Parkes,FW Sheat,0,0,,,,,,"",""
ball,4,60.2,Otago Volts,GD Phillips,TK Parkes,FW Sheat,0,0,,,,,,"",""
ball,4,60.3,Otago Volts,GD Phillips,TK Parkes,FW Sheat,0,0,,,,,,"",""
ball,4,60.4,Otago Volts,GD Phillips,TK Parkes,FW Sheat,0,0,,,,,,"",""
ball,4,60.5,Otago Volts,GD Phillips,TK Parkes,FW Sheat,0,0,,,,,,"",""
ball,4,60.6,Otago Volts,GD Phillips,TK Parkes,FW Sheat,0,0,,,,,,"",""
ball,4,61.1,Otago Volts,TK Parkes,GD Phillips,IS Sodhi,0,0,,,,,,"",""
ball,4,61.2,Otago Volts,TK Parkes,GD Phillips,IS Sodhi,0,0,,,,,,"",""
ball,4,61.3,Otago Volts,TK Parkes,GD Phillips,IS Sodhi,0,0,,,,,,"",""
ball,4,61.4,Otago Volts,TK Parkes,GD Phillips,IS Sodhi,0,0,,,,,,"",""
ball,4,61.5,Otago Volts,TK Parkes,GD Phillips,IS Sodhi,0,0,,,,,,"",""
ball,4,61.6,Otago Volts,TK Parkes,GD Phillips,IS Sodhi,0,1,,,1,,,"",""
ball,4,62.1,Otago Volts,TK Parkes,GD Phillips,FW Sheat,1,0,,,,,,"",""
ball,4,62.2,Otago Volts,GD Phillips,TK Parkes,FW Sheat,0,0,,,,,,"",""
ball,4,62.3,Otago Volts,GD Phillips,TK Parkes,FW Sheat,1,0,,,,,,"",""
ball,4,62.4,Otago Volts,TK Parkes,GD Phillips,FW Sheat,0,0,,,,,,"",""
ball,4,62.5,Otago Volts,TK Parkes,GD Phillips,FW Sheat,0,0,,,,,,"",""
ball,4,62.6,Otago Volts,TK Parkes,GD Phillips,FW Sheat,0,0,,,,,,"",""
ball,4,63.1,Otago Volts,GD Phillips,TK Parkes,IS Sodhi,1,0,,,,,,"",""
ball,4,63.2,Otago Volts,TK Parkes,GD Phillips,IS Sodhi,0,0,,,,,,"",""
ball,4,63.3,Otago Volts,TK Parkes,GD Phillips,IS Sodhi,0,0,,,,,,"",""
ball,4,63.4,Otago Volts,TK Parkes,GD Phillips,IS Sodhi,0,0,,,,,,"",""
ball,4,63.5,Otago Volts,TK Parkes,GD Phillips,IS Sodhi,0,0,,,,,,"",""
ball,4,63.6,Otago Volts,TK Parkes,GD Phillips,IS Sodhi,0,0,,,,,,"",""
ball,4,64.1,Otago Volts,GD Phillips,TK Parkes,FW Sheat,0,0,,,,,,"",""
ball,4,64.2,Otago Volts,GD Phillips,TK Parkes,FW Sheat,0,0,,,,,,"",""
ball,4,64.3,Otago Volts,GD Phillips,TK Parkes,FW Sheat,0,0,,,,,,"",""
ball,4,64.4,Otago Volts,GD Phillips,TK Parkes,FW Sheat,0,0,,,,,,"",""
ball,4,64.5,Otago Volts,GD Phillips,TK Parkes,FW Sheat,0,0,,,,,,"",""
ball,4,64.6,Otago Volts,GD Phillips,TK Parkes,FW Sheat,0,0,,,,,,"",""
ball,4,65.1,Otago Volts,TK Parkes,GD Phillips,IS Sodhi,0,0,,,,,,bowled,TK Parkes
ball,4,65.2,Otago Volts,DN Phillips,GD Phillips,IS Sodhi,0,0,,,,,,"",""
ball,4,65.3,Otago Volts,DN Phillips,GD Phillips,IS Sodhi,4,0,,,,,,"",""
ball,4,65.4,Otago Volts,DN Phillips,GD Phillips,IS Sodhi,0,0,,,,,,"",""
ball,4,65.5,Otago Volts,DN Phillips,GD Phillips,IS Sodhi,1,0,,,,,,"",""
ball,4,65.6,Otago Volts,GD Phillips,DN Phillips,IS Sodhi,1,0,,,,,,"",""
ball,4,66.1,Otago Volts,GD Phillips,DN Phillips,AW McKenzie,0,0,,,,,,"",""
ball,4,66.2,Otago Volts,GD Phillips,DN Phillips,AW McKenzie,0,0,,,,,,"",""
ball,4,66.3,Otago Volts,GD Phillips,DN Phillips,AW McKenzie,0,0,,,,,,"",""
ball,4,66.4,Otago Volts,GD Phillips,DN Phillips,AW McKenzie,0,0,,,,,,"",""
ball,4,66.5,Otago Volts,GD Phillips,DN Phillips,AW McKenzie,0,0,,,,,,"",""
ball,4,66.6,Otago Volts,GD Phillips,DN Phillips,AW McKenzie,0,0,,,,,,"",""
ball,4,67.1,Otago Volts,DN Phillips,GD Phillips,IS Sodhi,0,0,,,,,,"",""
ball,4,67.2,Otago Volts,DN Phillips,GD Phillips,IS Sodhi,1,0,,,,,,"",""
ball,4,67.3,Otago Volts,GD Phillips,DN Phillips,IS Sodhi,1,0,,,,,,"",""
ball,4,67.4,Otago Volts,DN Phillips,GD Phillips,IS Sodhi,0,0,,,,,,"",""
ball,4,67.5,Otago Volts,DN Phillips,GD Phillips,IS Sodhi,0,0,,,,,,"",""
ball,4,67.6,Otago Volts,DN Phillips,GD Phillips,IS Sodhi,0,0,,,,,,"",""
ball,4,68.1,Otago Volts,GD Phillips,DN Phillips,AW McKenzie,0,0,,,,,,"",""
ball,4,68.2,Otago Volts,GD Phillips,DN Phillips,AW McKenzie,0,0,,,,,,"",""
ball,4,68.3,Otago Volts,GD Phillips,DN Phillips,AW McKenzie,0,0,,,,,,"",""
ball,4,68.4,Otago Volts,GD Phillips,DN Phillips,AW McKenzie,1,0,,,,,,"",""
ball,4,68.5,Otago Volts,DN Phillips,GD Phillips,AW McKenzie,0,0,,,,,,"",""
ball,4,68.6,Otago Volts,DN Phillips,GD Phillips,AW McKenzie,0,0,,,,,,"",""
ball,4,69.1,Otago Volts,GD Phillips,DN Phillips,IS Sodhi,1,0,,,,,,"",""
ball,4,69.2,Otago Volts,DN Phillips,GD Phillips,IS Sodhi,0,0,,,,,,"",""
ball,4,69.3,Otago Volts,DN Phillips,GD Phillips,IS Sodhi,0,0,,,,,,"",""
ball,4,69.4,Otago Volts,DN Phillips,GD Phillips,IS Sodhi,1,0,,,,,,"",""
ball,4,69.5,Otago Volts,GD Phillips,DN Phillips,IS Sodhi,4,0,,,,,,"",""
ball,4,69.6,Otago Volts,GD Phillips,DN Phillips,IS Sodhi,0,0,,,,,,"",""
ball,4,70.1,Otago Volts,DN Phillips,GD Phillips,AW McKenzie,0,0,,,,,,"",""
ball,4,70.2,Otago Volts,DN Phillips,GD Phillips,AW McKenzie,0,0,,,,,,"",""
ball,4,70.3,Otago Volts,DN Phillips,GD Phillips,AW McKenzie,0,0,,,,,,"",""
ball,4,70.4,Otago Volts,DN Phillips,GD Phillips,AW McKenzie,0,0,,,,,,"",""
ball,4,70.5,Otago Volts,DN Phillips,GD Phillips,AW McKenzie,0,0,,,,,,"",""
ball,4,70.6,Otago Volts,DN Phillips,GD Phillips,AW McKenzie,0,0,,,,,,"",""
ball,4,71.1,Otago Volts,GD Phillips,DN Phillips,IS Sodhi,0,0,,,,,,"",""
ball,4,71.2,Otago Volts,GD Phillips,DN Phillips,IS Sodhi,0,0,,,,,,"",""
ball,4,71.3,Otago Volts,GD Phillips,DN Phillips,IS Sodhi,0,0,,,,,,"",""
ball,4,71.4,Otago Volts,GD Phillips,DN Phillips,IS Sodhi,1,0,,,,,,"",""
ball,4,71.5,Otago Volts,DN Phillips,GD Phillips,IS Sodhi,0,0,,,,,,"",""
ball,4,71.6,Otago Volts,DN Phillips,GD Phillips,IS Sodhi,0,0,,,,,,"",""
ball,4,72.1,Otago Volts,GD Phillips,DN Phillips,AW McKenzie,0,0,,,,,,"",""
ball,4,72.2,Otago Volts,GD Phillips,DN Phillips,AW McKenzie,0,0,,,,,,"",""
ball,4,72.3,Otago Volts,GD Phillips,DN Phillips,AW McKenzie,1,0,,,,,,"",""
ball,4,72.4,Otago Volts,DN Phillips,GD Phillips,AW McKenzie,0,0,,,,,,"",""
ball,4,72.5,Otago Volts,DN Phillips,GD Phillips,AW McKenzie,0,0,,,,,,"",""
ball,4,72.6,Otago Volts,DN Phillips,GD Phillips,AW McKenzie,0,0,,,,,,"",""
ball,4,73.1,Otago Volts,GD Phillips,DN Phillips,IS Sodhi,0,0,,,,,,"",""
ball,4,73.2,Otago Volts,GD Phillips,DN Phillips,IS Sodhi,0,0,,,,,,"",""
ball,4,73.3,Otago Volts,GD Phillips,DN Phillips,IS Sodhi,0,0,,,,,,"",""
ball,4,73.4,Otago Volts,GD Phillips,DN Phillips,IS Sodhi,1,0,,,,,,"",""
ball,4,73.5,Otago Volts,DN Phillips,GD Phillips,IS Sodhi,1,0,,,,,,"",""
ball,4,73.6,Otago Volts,GD Phillips,DN Phillips,IS Sodhi,1,0,,,,,,"",""
ball,4,74.1,Otago Volts,GD Phillips,DN Phillips,AW McKenzie,0,0,,,,,,"",""
ball,4,74.2,Otago Volts,GD Phillips,DN Phillips,AW McKenzie,0,0,,,,,,"",""
ball,4,74.3,Otago Volts,GD Phillips,DN Phillips,AW McKenzie,0,0,,,,,,"",""
ball,4,74.4,Otago Volts,GD Phillips,DN Phillips,AW McKenzie,1,0,,,,,,"",""
ball,4,74.5,Otago Volts,DN Phillips,GD Phillips,AW McKenzie,0,0,,,,,,"",""
ball,4,74.6,Otago Volts,DN Phillips,GD Phillips,AW McKenzie,0,0,,,,,,"",""
ball,4,75.1,Otago Volts,GD Phillips,DN Phillips,IS Sodhi,2,0,,,,,,"",""
ball,4,75.2,Otago Volts,GD Phillips,DN Phillips,IS Sodhi,0,1,,,,1,,"",""
ball,4,75.3,Otago Volts,DN Phillips,GD Phillips,IS Sodhi,0,0,,,,,,"",""
ball,4,75.4,Otago Volts,DN Phillips,GD Phillips,IS Sodhi,1,0,,,,,,"",""
ball,4,75.5,Otago Volts,GD Phillips,DN Phillips,IS Sodhi,0,0,,,,,,"",""
ball,4,75.6,Otago Volts,GD Phillips,DN Phillips,IS Sodhi,1,0,,,,,,"",""
ball,4,76.1,Otago Volts,GD Phillips,DN Phillips,EJ Nuttall,1,0,,,,,,"",""
ball,4,76.2,Otago Volts,DN Phillips,GD Phillips,EJ Nuttall,1,0,,,,,,"",""
ball,4,76.3,Otago Volts,GD Phillips,DN Phillips,EJ Nuttall,0,1,,1,,,,"",""
ball,4,76.4,Otago Volts,GD Phillips,DN Phillips,EJ Nuttall,1,0,,,,,,"",""
ball,4,76.5,Otago Volts,DN Phillips,GD Phillips,EJ Nuttall,0,0,,,,,,"",""
ball,4,76.6,Otago Volts,DN Phillips,GD Phillips,EJ Nuttall,0,0,,,,,,"",""
ball,4,76.7,Otago Volts,DN Phillips,GD Phillips,EJ Nuttall,1,0,,,,,,"",""
ball,4,77.1,Otago Volts,DN Phillips,GD Phillips,IS Sodhi,0,0,,,,,,"",""
ball,4,77.2,Otago Volts,DN Phillips,GD Phillips,IS Sodhi,0,0,,,,,,"",""
ball,4,77.3,Otago Volts,DN Phillips,GD Phillips,IS Sodhi,0,0,,,,,,lbw,DN Phillips
ball,4,77.4,Otago Volts,JM Gibson,GD Phillips,IS Sodhi,0,0,,,,,,"",""
ball,4,77.5,Otago Volts,JM Gibson,GD Phillips,IS Sodhi,0,0,,,,,,"",""
ball,4,77.6,Otago Volts,JM Gibson,GD Phillips,IS Sodhi,0,0,,,,,,"",""
ball,4,78.1,Otago Volts,GD Phillips,JM Gibson,EJ Nuttall,0,0,,,,,,"",""
ball,4,78.2,Otago Volts,GD Phillips,JM Gibson,EJ Nuttall,1,0,,,,,,"",""
ball,4,78.3,Otago Volts,JM Gibson,GD Phillips,EJ Nuttall,0,0,,,,,,"",""
ball,4,78.4,Otago Volts,JM Gibson,GD Phillips,EJ Nuttall,0,1,1,,,,,"",""
ball,4,78.5,Otago Volts,JM Gibson,GD Phillips,EJ Nuttall,0,0,,,,,,"",""
ball,4,78.6,Otago Volts,JM Gibson,GD Phillips,EJ Nuttall,0,1,,1,,,,"",""
ball,4,78.7,Otago Volts,JM Gibson,GD Phillips,EJ Nuttall,0,0,,,,,,"",""
ball,4,78.8,Otago Volts,JM Gibson,GD Phillips,EJ Nuttall,0,0,,,,,,"",""
ball,4,79.1,Otago Volts,GD Phillips,JM Gibson,IS Sodhi,0,0,,,,,,"",""
ball,4,79.2,Otago Volts,GD Phillips,JM Gibson,IS Sodhi,0,0,,,,,,"",""
ball,4,79.3,Otago Volts,GD Phillips,JM Gibson,IS Sodhi,0,0,,,,,,"",""
ball,4,79.4,Otago Volts,GD Phillips,JM Gibson,IS Sodhi,1,0,,,,,,"",""
ball,4,79.5,Otago Volts,JM Gibson,GD Phillips,IS Sodhi,1,0,,,,,,"",""
ball,4,79.6,Otago Volts,GD Phillips,JM Gibson,IS Sodhi,0,0,,,,,,"",""
ball,4,80.1,Otago Volts,JM Gibson,GD Phillips,HB Shipley,0,0,,,,,,caught,JM Gibson
ball,4,80.2,Otago Volts,MJG Rippon,GD Phillips,HB Shipley,0,0,,,,,,"",""
ball,4,80.3,Otago Volts,MJG Rippon,GD Phillips,HB Shipley,0,0,,,,,,"",""
ball,4,80.4,Otago Volts,MJG Rippon,GD Phillips,HB Shipley,0,0,,,,,,"",""
ball,4,80.5,Otago Volts,MJG Rippon,GD Phillips,HB Shipley,0,0,,,,,,"",""
ball,4,80.6,Otago Volts,MJG Rippon,GD Phillips,HB Shipley,0,0,,,,,,"",""
ball,4,81.1,Otago Volts,GD Phillips,MJG Rippon,W O'Rourke,2,0,,,,,,"",""
ball,4,81.2,Otago Volts,GD Phillips,MJG Rippon,W O'Rourke,0,0,,,,,,"",""
ball,4,81.3,Otago Volts,GD Phillips,MJG Rippon,W O'Rourke,0,0,,,,,,"",""
ball,4,81.4,Otago Volts,GD Phillips,MJG Rippon,W O'Rourke,0,0,,,,,,"",""
ball,4,81.5,Otago Volts,GD Phillips,MJG Rippon,W O'Rourke,4,0,,,,,,"",""
ball,4,81.6,Otago Volts,GD Phillips,MJG Rippon,W O'Rourke,4,0,,,,,,"",""
ball,4,82.1,Otago Volts,MJG Rippon,GD Phillips,HB Shipley,0,0,,,,,,lbw,MJG Rippon
ball,4,82.2,Otago Volts,MW Chu,GD Phillips,HB Shipley,0,0,,,,,,"",""
ball,4,82.3,Otago Volts,MW Chu,GD Phillips,HB Shipley,0,0,,,,,,"",""
ball,4,82.4,Otago Volts,MW Chu,GD Phillips,HB Shipley,0,0,,,,,,"",""
ball,4,82.5,Otago Volts,MW Chu,GD Phillips,HB Shipley,1,0,,,,,,"",""
ball,4,82.6,Otago Volts,GD Phillips,MW Chu,HB Shipley,0,0,,,,,,"",""
ball,4,83.1,Otago Volts,MW Chu,GD Phillips,W O'Rourke,0,0,,,,,,"",""
ball,4,83.2,Otago Volts,MW Chu,GD Phillips,W O'Rourke,2,0,,,,,,"",""
ball,4,83.3,Otago Volts,MW Chu,GD Phillips,W O'Rourke,0,0,,,,,,"",""
ball,4,83.4,Otago Volts,MW Chu,GD Phillips,W O'Rourke,2,0,,,,,,"",""
ball,4,83.5,Otago Volts,MW Chu,GD Phillips,W O'Rourke,0,0,,,,,,"",""
ball,4,83.6,Otago Volts,MW Chu,GD Phillips,W O'Rourke,0,0,,,,,,"",""
ball,4,84.1,Otago Volts,GD Phillips,MW Chu,HB Shipley,1,0,,,,,,"",""
ball,4,84.2,Otago Volts,MW Chu,GD Phillips,HB Shipley,0,0,,,,,,"",""
ball,4,84.3,Otago Volts,MW Chu,GD Phillips,HB Shipley,1,0,,,,,,"",""
ball,4,84.4,Otago Volts,GD Phillips,MW Chu,HB Shipley,4,0,,,,,,"",""
ball,4,84.5,Otago Volts,GD Phillips,MW Chu,HB Shipley,2,0,,,,,,"",""
ball,4,84.6,Otago Volts,GD Phillips,MW Chu,HB Shipley,1,0,,,,,,"",""
ball,4,85.1,Otago Volts,GD Phillips,MW Chu,EJ Nuttall,0,0,,,,,,"",""
ball,4,85.2,Otago Volts,GD Phillips,MW Chu,EJ Nuttall,0,0,,,,,,"",""
ball,4,85.3,Otago Volts,GD Phillips,MW Chu,EJ Nuttall,0,0,,,,,,"",""
ball,4,85.4,Otago Volts,GD Phillips,MW Chu,EJ Nuttall,4,0,,,,,,"",""
ball,4,85.5,Otago Volts,GD Phillips,MW Chu,EJ Nuttall,0,0,,,,,,"",""
ball,4,85.6,Otago Volts,GD Phillips,MW Chu,EJ Nuttall,0,0,,,,,,"",""
ball,4,86.1,Otago Volts,MW Chu,GD Phillips,HB Shipley,0,0,,,,,,"",""
ball,4,86.2,Otago Volts,MW Chu,GD Phillips,HB Shipley,0,0,,,,,,"",""
ball,4,86.3,Otago Volts,MW Chu,GD Phillips,HB Shipley,1,0,,,,,,"",""
ball,4,86.4,Otago Volts,GD Phillips,MW Chu,HB Shipley,4,0,,,,,,"",""
ball,4,86.5,Otago Volts,GD Phillips,MW Chu,HB Shipley,4,0,,,,,,"",""
ball,4,86.6,Otago Volts,GD Phillips,MW Chu,HB Shipley,0,0,,,,,,"",""
ball,4,87.1,Otago Volts,MW Chu,GD Phillips,EJ Nuttall,0,0,,,,,,"",""
ball,4,87.2,Otago Volts,MW Chu,GD Phillips,EJ Nuttall,1,0,,,,,,"",""
ball,4,87.3,Otago Volts,GD Phillips,MW Chu,EJ Nuttall,0,0,,,,,,"",""
ball,4,87.4,Otago Volts,GD Phillips,MW Chu,EJ Nuttall,0,0,,,,,,"",""
ball,4,87.5,Otago Volts,GD Phillips,MW Chu,EJ Nuttall,0,0,,,,,,"",""
ball,4,87.6,Otago Volts,GD Phillips,MW Chu,EJ Nuttall,0,0,,,,,,"",""
ball,4,88.1,Otago Volts,MW Chu,GD Phillips,HB Shipley,0,0,,,,,,"",""
ball,4,88.2,Otago Volts,MW Chu,GD Phillips,HB Shipley,0,0,,,,,,"",""
ball,4,88.3,Otago Volts,MW Chu,GD Phillips,HB Shipley,0,0,,,,,,"",""
ball,4,88.4,Otago Volts,MW Chu,GD Phillips,HB Shipley,0,0,,,,,,"",""
ball,4,88.5,Otago Volts,MW Chu,GD Phillips,HB Shipley,0,0,,,,,,"",""
ball,4,88.6,Otago Volts,MW Chu,GD Phillips,HB Shipley,0,0,,,,,,"",""
ball,4,89.1,Otago Volts,GD Phillips,MW Chu,EJ Nuttall,1,0,,,,,,"",""
ball,4,89.2,Otago Volts,MW Chu,GD Phillips,EJ Nuttall,4,0,,,,,,"",""
ball,4,89.3,Otago Volts,MW Chu,GD Phillips,EJ Nuttall,0,0,,,,,,"",""
ball,4,89.4,Otago Volts,MW Chu,GD Phillips,EJ Nuttall,0,0,,,,,,"",""
ball,4,89.5,Otago Volts,MW Chu,GD Phillips,EJ Nuttall,2,0,,,,,,"",""
ball,4,89.6,Otago Volts,MW Chu,GD Phillips,IS Sodhi,3,0,,,,,,"",""
ball,4,90.1,Otago Volts,MW Chu,GD Phillips,HB Shipley,0,0,,,,,,"",""
ball,4,90.2,Otago Volts,MW Chu,GD Phillips,HB Shipley,0,0,,,,,,"",""
ball,4,90.3,Otago Volts,MW Chu,GD Phillips,HB Shipley,0,0,,,,,,"",""
ball,4,90.4,Otago Volts,MW Chu,GD Phillips,HB Shipley,0,0,,,,,,"",""
ball,4,90.5,Otago Volts,MW Chu,GD Phillips,HB Shipley,0,0,,,,,,"",""
ball,4,90.6,Otago Volts,MW Chu,GD Phillips,HB Shipley,0,0,,,,,,"",""
ball,4,91.1,Otago Volts,GD Phillips,MW Chu,AW McKenzie,0,0,,,,,,"",""
ball,4,91.2,Otago Volts,GD Phillips,MW Chu,AW McKenzie,0,0,,,,,,"",""
ball,4,91.3,Otago Volts,GD Phillips,MW Chu,AW McKenzie,0,0,,,,,,"",""
ball,4,91.4,Otago Volts,GD Phillips,MW Chu,AW McKenzie,0,0,,,,,,"",""
ball,4,91.5,Otago Volts,GD Phillips,MW Chu,AW McKenzie,0,0,,,,,,"",""
ball,4,91.6,Otago Volts,GD Phillips,MW Chu,AW McKenzie,0,0,,,,,,"",""
ball,4,92.1,Otago Volts,MW Chu,GD Phillips,HB Shipley,0,0,,,,,,"",""
ball,4,92.2,Otago Volts,MW Chu,GD Phillips,HB Shipley,0,0,,,,,,"",""
ball,4,92.3,Otago Volts,MW Chu,GD Phillips,HB Shipley,4,0,,,,,,"",""
ball,4,92.4,Otago Volts,MW Chu,GD Phillips,HB Shipley,0,0,,,,,,"",""
ball,4,92.5,Otago Volts,MW Chu,GD Phillips,HB Shipley,0,0,,,,,,"",""
ball,4,92.6,Otago Volts,MW Chu,GD Phillips,HB Shipley,0,0,,,,,,"",""
ball,4,93.1,Otago Volts,GD Phillips,MW Chu,IS Sodhi,0,0,,,,,,"",""
ball,4,93.2,Otago Volts,GD Phillips,MW Chu,IS Sodhi,0,0,,,,,,"",""
ball,4,93.3,Otago Volts,GD Phillips,MW Chu,IS Sodhi,0,0,,,,,,"",""
ball,4,93.4,Otago Volts,GD Phillips,MW Chu,IS Sodhi,0,1,,1,,,,"",""
ball,4,93.5,Otago Volts,GD Phillips,MW Chu,IS Sodhi,0,0,,,,,,"",""
ball,4,93.6,Otago Volts,GD Phillips,MW Chu,IS Sodhi,1,0,,,,,,"",""
ball,4,93.7,Otago Volts,MW Chu,GD Phillips,IS Sodhi,0,0,,,,,,"",""
ball,4,94.1,Otago Volts,GD Phillips,MW Chu,AW McKenzie,0,0,,,,,,"",""
ball,4,94.2,Otago Volts,GD Phillips,MW Chu,AW McKenzie,0,0,,,,,,"",""
ball,4,94.3,Otago Volts,GD Phillips,MW Chu,AW McKenzie,0,0,,,,,,"",""
ball,4,94.4,Otago Volts,GD Phillips,MW Chu,AW McKenzie,4,0,,,,,,"",""
ball,4,94.5,Otago Volts,GD Phillips,MW Chu,AW McKenzie,0,0,,,,,,"",""
ball,4,94.6,Otago Volts,GD Phillips,MW Chu,AW McKenzie,0,0,,,,,,"",""
ball,4,95.1,Otago Volts,MW Chu,GD Phillips,IS Sodhi,0,0,,,,,,"",""
ball,4,95.2,Otago Volts,MW Chu,GD Phillips,IS Sodhi,0,0,,,,,,"",""
ball,4,95.3,Otago Volts,MW Chu,GD Phillips,IS Sodhi,0,0,,,,,,"",""
ball,4,95.4,Otago Volts,MW Chu,GD Phillips,IS Sodhi,0,0,,,,,,"",""
ball,4,95.5,Otago Volts,MW Chu,GD Phillips,IS Sodhi,4,0,,,,,,"",""
ball,4,95.6,Otago Volts,MW Chu,GD Phillips,IS Sodhi,1,0,,,,,,"",""
ball,4,96.1,Otago Volts,MW Chu,GD Phillips,AW McKenzie,1,0,,,,,,"",""
ball,4,96.2,Otago Volts,GD Phillips,MW Chu,AW McKenzie,0,0,,,,,,"",""
ball,4,96.3,Otago Volts,GD Phillips,MW Chu,AW McKenzie,0,0,,,,,,"",""
ball,4,96.4,Otago Volts,GD Phillips,MW Chu,AW McKenzie,4,0,,,,,,"",""
ball,4,96.5,Otago Volts,GD Phillips,MW Chu,AW McKenzie,0,0,,,,,,"",""
ball,4,96.6,Otago Volts,GD Phillips,MW Chu,AW McKenzie,4,0,,,,,,"",""
ball,4,97.1,Otago Volts,MW Chu,GD Phillips,CE McConchie,0,0,,,,,,"",""
ball,4,97.2,Otago Volts,MW Chu,GD Phillips,CE McConchie,0,0,,,,,,"",""
ball,4,97.3,Otago Volts,MW Chu,GD Phillips,CE McConchie,0,0,,,,,,"",""
ball,4,97.4,Otago Volts,MW Chu,GD Phillips,CE McConchie,0,0,,,,,,"",""
ball,4,97.5,Otago Volts,MW Chu,GD Phillips,CE McConchie,0,0,,,,,,"",""
ball,4,97.6,Otago Volts,MW Chu,GD Phillips,CE McConchie,0,0,,,,,,"",""
ball,4,98.1,Otago Volts,GD Phillips,MW Chu,W O'Rourke,0,0,,,,,,"",""
ball,4,98.2,Otago Volts,GD Phillips,MW Chu,W O'Rourke,0,0,,,,,,"",""
ball,4,98.3,Otago Volts,GD Phillips,MW Chu,W O'Rourke,0,0,,,,,,"",""
ball,4,98.4,Otago Volts,GD Phillips,MW Chu,W O'Rourke,0,0,,,,,,"",""
ball,4,98.5,Otago Volts,GD Phillips,MW Chu,W O'Rourke,0,0,,,,,,"",""
ball,4,98.6,Otago Volts,GD Phillips,MW Chu,W O'Rourke,0,0,,,,,,"",""
ball,4,99.1,Otago Volts,MW Chu,GD Phillips,IS Sodhi,4,0,,,,,,"",""
ball,4,99.2,Otago Volts,MW Chu,GD Phillips,IS Sodhi,0,0,,,,,,"",""
ball,4,99.3,Otago Volts,MW Chu,GD Phillips,IS Sodhi,0,0,,,,,,"",""
ball,4,99.4,Otago Volts,MW Chu,GD Phillips,IS Sodhi,0,0,,,,,,"",""
ball,4,99.5,Otago Volts,MW Chu,GD Phillips,IS Sodhi,0,0,,,,,,"",""
ball,4,99.6,Otago Volts,MW Chu,GD Phillips,IS Sodhi,0,0,,,,,,"",""
ball,4,100.1,Otago Volts,GD Phillips,MW Chu,CE McConchie,4,0,,,,,,"",""
ball,4,100.2,Otago Volts,GD Phillips,MW Chu,CE McConchie,0,0,,,,,,"",""
ball,4,100.3,Otago Volts,GD Phillips,MW Chu,CE McConchie,0,0,,,,,,"",""
ball,4,100.4,Otago Volts,GD Phillips,MW Chu,CE McConchie,1,0,,,,,,"",""
ball,4,100.5,Otago Volts,MW Chu,GD Phillips,CE McConchie,0,0,,,,,,"",""
ball,4,100.6,Otago Volts,MW Chu,GD Phillips,CE McConchie,0,0,,,,,,"",""
ball,4,101.1,Otago Volts,GD Phillips,MW Chu,IS Sodhi,4,0,,,,,,"",""
ball,4,101.2,Otago Volts,GD Phillips,MW Chu,IS Sodhi,2,0,,,,,,"",""
ball,4,101.3,Otago Volts,GD Phillips,MW Chu,IS Sodhi,0,0,,,,,,"",""
ball,4,101.4,Otago Volts,GD Phillips,MW Chu,IS Sodhi,1,0,,,,,,"",""
ball,4,101.5,Otago Volts,MW Chu,GD Phillips,IS Sodhi,0,0,,,,,,"",""
ball,4,101.6,Otago Volts,MW Chu,GD Phillips,IS Sodhi,0,0,,,,,,"",""
ball,4,102.1,Otago Volts,GD Phillips,MW Chu,W O'Rourke,0,0,,,,,,caught,GD Phillips
ball,4,102.2,Otago Volts,T Muller,MW Chu,W O'Rourke,0,0,,,,,,"",""
ball,4,102.3,Otago Volts,T Muller,MW Chu,W O'Rourke,0,0,,,,,,"",""
ball,4,102.4,Otago Volts,T Muller,MW Chu,W O'Rourke,0,0,,,,,,"",""
ball,4,102.5,Otago Volts,T Muller,MW Chu,W O'Rourke,0,0,,,,,,"",""
ball,4,102.6,Otago Volts,T Muller,MW Chu,W O'Rourke,0,1,,1,,,,"",""
ball,4,102.7,Otago Volts,T Muller,MW Chu,W O'Rourke,0,0,,,,,,"",""
ball,4,103.1,Otago Volts,MW Chu,T Muller,IS Sodhi,0,0,,,,,,"",""
ball,4,103.2,Otago Volts,MW Chu,T Muller,IS Sodhi,0,0,,,,,,"",""
ball,4,103.3,Otago Volts,MW Chu,T Muller,IS Sodhi,0,0,,,,,,"",""
ball,4,103.4,Otago Volts,MW Chu,T Muller,IS Sodhi,0,0,,,,,,"",""
ball,4,103.5,Otago Volts,MW Chu,T Muller,IS Sodhi,0,0,,,,,,"",""
ball,4,103.6,Otago Volts,MW Chu,T Muller,IS Sodhi,4,0,,,,,,"",""
ball,4,104.1,Otago Volts,T Muller,MW Chu,W O'Rourke,0,0,,,,,,"",""
ball,4,104.2,Otago Volts,T Muller,MW Chu,W O'Rourke,0,0,,,,,,"",""
ball,4,104.3,Otago Volts,T Muller,MW Chu,W O'Rourke,0,0,,,,,,"",""
ball,4,104.4,Otago Volts,T Muller,MW Chu,W O'Rourke,0,0,,,,,,"",""
ball,4,104.5,Otago Volts,T Muller,MW Chu,W O'Rourke,0,0,,,,,,"",""
ball,4,104.6,Otago Volts,T Muller,MW Chu,W O'Rourke,0,0,,,,,,"",""
ball,4,105.1,Otago Volts,MW Chu,T Muller,CE McConchie,0,0,,,,,,"",""
ball,4,105.2,Otago Volts,MW Chu,T Muller,CE McConchie,0,0,,,,,,"",""
ball,4,105.3,Otago Volts,MW Chu,T Muller,CE McConchie,0,0,,,,,,"",""
ball,4,105.4,Otago Volts,MW Chu,T Muller,CE McConchie,0,0,,,,,,"",""
ball,4,105.5,Otago Volts,MW Chu,T Muller,CE McConchie,1,0,,,,,,"",""
ball,4,105.6,Otago Volts,T Muller,MW Chu,CE McConchie,0,0,,,,,,"",""
ball,4,106.1,Otago Volts,MW Chu,T Muller,W O'Rourke,0,0,,,,,,"",""
ball,4,106.2,Otago Volts,MW Chu,T Muller,W O'Rourke,0,0,,,,,,"",""
ball,4,106.3,Otago Volts,MW Chu,T Muller,W O'Rourke,4,0,,,,,,"",""
ball,4,106.4,Otago Volts,MW Chu,T Muller,W O'Rourke,1,0,,,,,,"",""
ball,4,106.5,Otago Volts,T Muller,MW Chu,W O'Rourke,0,0,,,,,,"",""
ball,4,106.6,Otago Volts,T Muller,MW Chu,W O'Rourke,0,0,,,,,,"",""
ball,4,107.1,Otago Volts,MW Chu,T Muller,IS Sodhi,0,0,,,,,,"",""
ball,4,107.2,Otago Volts,MW Chu,T Muller,IS Sodhi,4,0,,,,,,"",""
ball,4,107.3,Otago Volts,MW Chu,T Muller,IS Sodhi,0,0,,,,,,"",""
ball,4,107.4,Otago Volts,MW Chu,T Muller,IS Sodhi,0,0,,,,,,"",""
ball,4,107.5,Otago Volts,MW Chu,T Muller,IS Sodhi,0,0,,,,,,"",""
ball,4,107.6,Otago Volts,MW Chu,T Muller,IS Sodhi,0,0,,,,,,"",""
ball,4,108.1,Otago Volts,T Muller,MW Chu,HB Shipley,0,0,,,,,,"",""
ball,4,108.2,Otago Volts,T Muller,MW Chu,HB Shipley,0,0,,,,,,"",""
ball,4,108.3,Otago Volts,T Muller,MW Chu,HB Shipley,0,0,,,,,,"",""
ball,4,108.4,Otago Volts,T Muller,MW Chu,HB Shipley,0,0,,,,,,"",""
ball,4,108.5,Otago Volts,T Muller,MW Chu,HB Shipley,0,0,,,,,,"",""
ball,4,108.6,Otago Volts,T Muller,MW Chu,HB Shipley,0,0,,,,,,"",""
ball,4,109.1,Otago Volts,MW Chu,T Muller,IS Sodhi,0,0,,,,,,"",""
ball,4,109.2,Otago Volts,MW Chu,T Muller,IS Sodhi,0,0,,,,,,lbw,MW Chu
ball,4,109.3,Otago Volts,JA Duffy,T Muller,IS Sodhi,0,0,,,,,,"",""
ball,4,109.4,Otago Volts,JA Duffy,T Muller,IS Sodhi,0,0,,,,,,"",""
ball,4,109.5,Otago Volts,JA Duffy,T Muller,IS Sodhi,0,0,,,,,,"",""
ball,4,109.6,Otago Volts,JA Duffy,T Muller,IS Sodhi,4,1,,1,,,,"",""
ball,4,109.7,Otago Volts,JA Duffy,T Muller,IS Sodhi,0,0,,,,,,"",""
ball,4,110.1,Otago Volts,T Muller,JA Duffy,HB Shipley,0,0,,,,,,"",""
ball,4,110.2,Otago Volts,T Muller,JA Duffy,HB Shipley,0,0,,,,,,"",""
ball,4,110.3,Otago Volts,T Muller,JA Duffy,HB Shipley,0,0,,,,,,"",""
