version,1.7.0
info,balls_per_over,6
info,team,Sussex
info,team,Gloucestershire
info,gender,male
info,season,2023
info,date,2023/09/26
info,date,2023/09/27
info,date,2023/09/28
info,date,2023/09/29
info,event,County Championship
info,venue,"County Ground, Hove"
info,city,Brighton
info,toss_winner,Gloucestershire
info,toss_decision,field
info,umpire,JD Shantry
info,umpire,NL Bainton
info,match_referee,SG Hinks
info,winner,Sussex
info,winner_runs,339
info,player,Sussex,TGR Clark
info,player,Sussex,TJ Haines
info,player,Sussex,TP Alsop
info,player,Sussex,JM Coles
info,player,Sussex,AGH Orr
info,player,Sussex,OJ Carter
info,player,Sussex,FJ Hudson-Prentice
info,player,Sussex,JJ Carson
info,player,Sussex,HT Crocombe
info,player,Sussex,SF Hunt
info,player,Sussex,BJ Currie
info,player,Gloucestershire,BG Charlesworth
info,player,Gloucestershire,CDJ Dent
info,player,Gloucestershire,James Bracey
info,player,Gloucestershire,OJ Price
info,player,Gloucestershire,Miles Hammond
info,player,Gloucestershire,GL van Buuren
info,player,Gloucestershire,Zafar Gohar
info,player,Gloucestershire,EWO Middleton
info,player,Gloucestershire,MD Taylor
info,player,Gloucestershire,J Shaw
info,player,Gloucestershire,Zaman Akhter
info,registry,people,AGH Orr,1ab18b25
info,registry,people,BG Charlesworth,ffdba4e2
info,registry,people,BJ Currie,2ecd844a
info,registry,people,CDJ Dent,10435ca2
info,registry,people,EWO Middleton,adaf51be
info,registry,people,FJ Hudson-Prentice,932d3cc9
info,registry,people,GL van Buuren,ba377b40
info,registry,people,HT Crocombe,27fc5808
info,registry,people,J Shaw,b82e3032
info,registry,people,JD Shantry,70fdd428
info,registry,people,JJ Carson,344c6d55
info,registry,people,JM Coles,9c643d7b
info,registry,people,James Bracey,5bfdc77a
info,registry,people,MD Taylor,01a95383
info,registry,people,Miles Hammond,c88bc84a
info,registry,people,NL Bainton,cd219cb3
info,registry,people,OJ Carter,26db69e6
info,registry,people,OJ Price,dfc3f02d
info,registry,people,SF Hunt,7f7f658b
info,registry,people,SG Hinks,0bb4dc0d
info,registry,people,TGR Clark,ed8faea2
info,registry,people,TJ Haines,bdadcca1
info,registry,people,TP Alsop,961b8ff1
info,registry,people,Zafar Gohar,9fd3a210
info,registry,people,Zaman Akhter,63e1e352
ball,1,0.1,Sussex,TGR Clark,TJ Haines,MD Taylor,2,0,,,,,,"",""
ball,1,0.2,Sussex,TGR Clark,TJ Haines,MD Taylor,0,0,,,,,,"",""
ball,1,0.3,Sussex,TGR Clark,TJ Haines,MD Taylor,0,0,,,,,,"",""
ball,1,0.4,Sussex,TGR Clark,TJ Haines,MD Taylor,1,0,,,,,,"",""
ball,1,0.5,Sussex,TJ Haines,TGR Clark,MD Taylor,0,0,,,,,,"",""
ball,1,0.6,Sussex,TJ Haines,TGR Clark,MD Taylor,0,0,,,,,,"",""
ball,1,1.1,Sussex,TGR Clark,TJ Haines,J Shaw,0,0,,,,,,"",""
ball,1,1.2,Sussex,TGR Clark,TJ Haines,J Shaw,0,0,,,,,,"",""
ball,1,1.3,Sussex,TGR Clark,TJ Haines,J Shaw,0,0,,,,,,"",""
ball,1,1.4,Sussex,TGR Clark,TJ Haines,J Shaw,0,0,,,,,,"",""
ball,1,1.5,Sussex,TGR Clark,TJ Haines,J Shaw,0,0,,,,,,"",""
ball,1,1.6,Sussex,TGR Clark,TJ Haines,J Shaw,0,0,,,,,,"",""
ball,1,2.1,Sussex,TJ Haines,TGR Clark,MD Taylor,0,0,,,,,,"",""
ball,1,2.2,Sussex,TJ Haines,TGR Clark,MD Taylor,4,0,,,,,,"",""
ball,1,2.3,Sussex,TJ Haines,TGR Clark,MD Taylor,0,0,,,,,,"",""
ball,1,2.4,Sussex,TJ Haines,TGR Clark,MD Taylor,0,0,,,,,,"",""
ball,1,2.5,Sussex,TJ Haines,TGR Clark,MD Taylor,0,0,,,,,,"",""
ball,1,2.6,Sussex,TJ Haines,TGR Clark,MD Taylor,0,0,,,,,,"",""
ball,1,3.1,Sussex,TGR Clark,TJ Haines,J Shaw,0,0,,,,,,"",""
ball,1,3.2,Sussex,TGR Clark,TJ Haines,J Shaw,1,0,,,,,,"",""
ball,1,3.3,Sussex,TJ Haines,TGR Clark,J Shaw,0,0,,,,,,"",""
ball,1,3.4,Sussex,TJ Haines,TGR Clark,J Shaw,0,0,,,,,,"",""
ball,1,3.5,Sussex,TJ Haines,TGR Clark,J Shaw,0,0,,,,,,"",""
ball,1,3.6,Sussex,TJ Haines,TGR Clark,J Shaw,0,0,,,,,,"",""
ball,1,4.1,Sussex,TGR Clark,TJ Haines,MD Taylor,0,0,,,,,,"",""
ball,1,4.2,Sussex,TGR Clark,TJ Haines,MD Taylor,0,0,,,,,,"",""
ball,1,4.3,Sussex,TGR Clark,TJ Haines,MD Taylor,0,0,,,,,,"",""
ball,1,4.4,Sussex,TGR Clark,TJ Haines,MD Taylor,0,0,,,,,,"",""
ball,1,4.5,Sussex,TGR Clark,TJ Haines,MD Taylor,0,0,,,,,,"",""
ball,1,4.6,Sussex,TGR Clark,TJ Haines,MD Taylor,0,0,,,,,,"",""
ball,1,5.1,Sussex,TJ Haines,TGR Clark,J Shaw,1,0,,,,,,"",""
ball,1,5.2,Sussex,TGR Clark,TJ Haines,J Shaw,0,0,,,,,,"",""
ball,1,5.3,Sussex,TGR Clark,TJ Haines,J Shaw,0,2,,,,2,,"",""
ball,1,5.4,Sussex,TGR Clark,TJ Haines,J Shaw,0,0,,,,,,"",""
ball,1,5.5,Sussex,TGR Clark,TJ Haines,J Shaw,0,0,,,,,,"",""
ball,1,5.6,Sussex,TGR Clark,TJ Haines,J Shaw,2,0,,,,,,"",""
ball,1,6.1,Sussex,TJ Haines,TGR Clark,MD Taylor,3,0,,,,,,"",""
ball,1,6.2,Sussex,TGR Clark,TJ Haines,MD Taylor,0,0,,,,,,"",""
ball,1,6.3,Sussex,TGR Clark,TJ Haines,MD Taylor,0,0,,,,,,"",""
ball,1,6.4,Sussex,TGR Clark,TJ Haines,MD Taylor,0,0,,,,,,"",""
ball,1,6.5,Sussex,TGR Clark,TJ Haines,MD Taylor,0,0,,,,,,"",""
ball,1,6.6,Sussex,TGR Clark,TJ Haines,MD Taylor,0,0,,,,,,"",""
ball,1,7.1,Sussex,TJ Haines,TGR Clark,Zaman Akhter,4,2,,2,,,,"",""
ball,1,7.2,Sussex,TJ Haines,TGR Clark,Zaman Akhter,0,0,,,,,,"",""
ball,1,7.3,Sussex,TJ Haines,TGR Clark,Zaman Akhter,1,0,,,,,,"",""
ball,1,7.4,Sussex,TGR Clark,TJ Haines,Zaman Akhter,1,0,,,,,,"",""
ball,1,7.5,Sussex,TJ Haines,TGR Clark,Zaman Akhter,4,0,,,,,,"",""
ball,1,7.6,Sussex,TJ Haines,TGR Clark,Zaman Akhter,4,0,,,,,,"",""
ball,1,7.7,Sussex,TJ Haines,TGR Clark,Zaman Akhter,1,0,,,,,,"",""
ball,1,8.1,Sussex,TJ Haines,TGR Clark,MD Taylor,0,0,,,,,,"",""
ball,1,8.2,Sussex,TJ Haines,TGR Clark,MD Taylor,2,0,,,,,,"",""
ball,1,8.3,Sussex,TJ Haines,TGR Clark,MD Taylor,0,0,,,,,,"",""
ball,1,8.4,Sussex,TJ Haines,TGR Clark,MD Taylor,0,0,,,,,,"",""
ball,1,8.5,Sussex,TJ Haines,TGR Clark,MD Taylor,0,0,,,,,,"",""
ball,1,8.6,Sussex,TJ Haines,TGR Clark,MD Taylor,0,0,,,,,,"",""
ball,1,9.1,Sussex,TGR Clark,TJ Haines,Zaman Akhter,0,0,,,,,,"",""
ball,1,9.2,Sussex,TGR Clark,TJ Haines,Zaman Akhter,4,0,,,,,,"",""
ball,1,9.3,Sussex,TGR Clark,TJ Haines,Zaman Akhter,1,0,,,,,,"",""
ball,1,9.4,Sussex,TJ Haines,TGR Clark,Zaman Akhter,0,0,,,,,,"",""
ball,1,9.5,Sussex,TJ Haines,TGR Clark,Zaman Akhter,0,0,,,,,,"",""
ball,1,9.6,Sussex,TJ Haines,TGR Clark,Zaman Akhter,0,0,,,,,,"",""
ball,1,10.1,Sussex,TGR Clark,TJ Haines,MD Taylor,0,0,,,,,,"",""
ball,1,10.2,Sussex,TGR Clark,TJ Haines,MD Taylor,0,0,,,,,,caught,TGR Clark
ball,1,10.3,Sussex,TP Alsop,TJ Haines,MD Taylor,0,0,,,,,,"",""
ball,1,10.4,Sussex,TP Alsop,TJ Haines,MD Taylor,0,0,,,,,,caught,TP Alsop
ball,1,10.5,Sussex,JM Coles,TJ Haines,MD Taylor,0,0,,,,,,"",""
ball,1,10.6,Sussex,JM Coles,TJ Haines,MD Taylor,0,0,,,,,,"",""
ball,1,11.1,Sussex,TJ Haines,JM Coles,Zaman Akhter,0,0,,,,,,"",""
ball,1,11.2,Sussex,TJ Haines,JM Coles,Zaman Akhter,3,0,,,,,,"",""
ball,1,11.3,Sussex,JM Coles,TJ Haines,Zaman Akhter,1,0,,,,,,"",""
ball,1,11.4,Sussex,TJ Haines,JM Coles,Zaman Akhter,0,0,,,,,,"",""
ball,1,11.5,Sussex,TJ Haines,JM Coles,Zaman Akhter,0,0,,,,,,"",""
ball,1,11.6,Sussex,TJ Haines,JM Coles,Zaman Akhter,0,0,,,,,,"",""
ball,1,12.1,Sussex,JM Coles,TJ Haines,MD Taylor,0,0,,,,,,"",""
ball,1,12.2,Sussex,JM Coles,TJ Haines,MD Taylor,0,0,,,,,,"",""
ball,1,12.3,Sussex,JM Coles,TJ Haines,MD Taylor,0,0,,,,,,"",""
ball,1,12.4,Sussex,JM Coles,TJ Haines,MD Taylor,0,0,,,,,,"",""
ball,1,12.5,Sussex,JM Coles,TJ Haines,MD Taylor,0,0,,,,,,"",""
ball,1,12.6,Sussex,JM Coles,TJ Haines,MD Taylor,0,0,,,,,,"",""
ball,1,13.1,Sussex,TJ Haines,JM Coles,J Shaw,0,0,,,,,,"",""
ball,1,13.2,Sussex,TJ Haines,JM Coles,J Shaw,0,0,,,,,,"",""
ball,1,13.3,Sussex,TJ Haines,JM Coles,J Shaw,1,0,,,,,,"",""
ball,1,13.4,Sussex,JM Coles,TJ Haines,J Shaw,1,0,,,,,,"",""
ball,1,13.5,Sussex,TJ Haines,JM Coles,J Shaw,4,0,,,,,,"",""
ball,1,13.6,Sussex,TJ Haines,JM Coles,J Shaw,0,0,,,,,,"",""
ball,1,14.1,Sussex,JM Coles,TJ Haines,Zafar Gohar,1,0,,,,,,"",""
ball,1,14.2,Sussex,TJ Haines,JM Coles,Zafar Gohar,0,0,,,,,,"",""
ball,1,14.3,Sussex,TJ Haines,JM Coles,Zafar Gohar,0,0,,,,,,"",""
ball,1,14.4,Sussex,TJ Haines,JM Coles,Zafar Gohar,0,0,,,,,,"",""
ball,1,14.5,Sussex,TJ Haines,JM Coles,Zafar Gohar,0,0,,,,,,"",""
ball,1,14.6,Sussex,TJ Haines,JM Coles,Zafar Gohar,1,0,,,,,,"",""
ball,1,15.1,Sussex,TJ Haines,JM Coles,J Shaw,0,4,,,4,,,"",""
ball,1,15.2,Sussex,TJ Haines,JM Coles,J Shaw,4,0,,,,,,"",""
ball,1,15.3,Sussex,TJ Haines,JM Coles,J Shaw,0,0,,,,,,"",""
ball,1,15.4,Sussex,TJ Haines,JM Coles,J Shaw,4,0,,,,,,"",""
ball,1,15.5,Sussex,TJ Haines,JM Coles,J Shaw,0,0,,,,,,"",""
ball,1,15.6,Sussex,TJ Haines,JM Coles,J Shaw,0,0,,,,,,"",""
ball,1,16.1,Sussex,JM Coles,TJ Haines,Zafar Gohar,0,0,,,,,,"",""
ball,1,16.2,Sussex,JM Coles,TJ Haines,Zafar Gohar,0,0,,,,,,caught,JM Coles
ball,1,16.3,Sussex,AGH Orr,TJ Haines,Zafar Gohar,0,0,,,,,,"",""
ball,1,16.4,Sussex,AGH Orr,TJ Haines,Zafar Gohar,0,0,,,,,,"",""
ball,1,16.5,Sussex,AGH Orr,TJ Haines,Zafar Gohar,0,0,,,,,,"",""
ball,1,16.6,Sussex,AGH Orr,TJ Haines,Zafar Gohar,0,0,,,,,,"",""
ball,1,17.1,Sussex,TJ Haines,AGH Orr,J Shaw,1,0,,,,,,"",""
ball,1,17.2,Sussex,AGH Orr,TJ Haines,J Shaw,0,0,,,,,,"",""
ball,1,17.3,Sussex,AGH Orr,TJ Haines,J Shaw,0,0,,,,,,"",""
ball,1,17.4,Sussex,AGH Orr,TJ Haines,J Shaw,4,0,,,,,,"",""
ball,1,17.5,Sussex,AGH Orr,TJ Haines,J Shaw,4,0,,,,,,"",""
ball,1,17.6,Sussex,AGH Orr,TJ Haines,J Shaw,0,2,,2,,,,"",""
ball,1,17.7,Sussex,AGH Orr,TJ Haines,J Shaw,0,0,,,,,,"",""
ball,1,18.1,Sussex,TJ Haines,AGH Orr,Zafar Gohar,1,0,,,,,,"",""
ball,1,18.2,Sussex,AGH Orr,TJ Haines,Zafar Gohar,0,0,,,,,,"",""
ball,1,18.3,Sussex,AGH Orr,TJ Haines,Zafar Gohar,0,0,,,,,,"",""
ball,1,18.4,Sussex,AGH Orr,TJ Haines,Zafar Gohar,0,0,,,,,,"",""
ball,1,18.5,Sussex,AGH Orr,TJ Haines,Zafar Gohar,0,0,,,,,,"",""
ball,1,18.6,Sussex,AGH Orr,TJ Haines,Zafar Gohar,0,0,,,,,,"",""
ball,1,19.1,Sussex,TJ Haines,AGH Orr,OJ Price,0,0,,,,,,"",""
ball,1,19.2,Sussex,TJ Haines,AGH Orr,OJ Price,0,0,,,,,,"",""
ball,1,19.3,Sussex,TJ Haines,AGH Orr,OJ Price,0,0,,,,,,"",""
ball,1,19.4,Sussex,TJ Haines,AGH Orr,OJ Price,0,0,,,,,,"",""
ball,1,19.5,Sussex,TJ Haines,AGH Orr,OJ Price,0,0,,,,,,"",""
ball,1,19.6,Sussex,TJ Haines,AGH Orr,OJ Price,1,0,,,,,,"",""
ball,1,20.1,Sussex,TJ Haines,AGH Orr,Zafar Gohar,0,0,,,,,,"",""
ball,1,20.2,Sussex,TJ Haines,AGH Orr,Zafar Gohar,1,0,,,,,,"",""
ball,1,20.3,Sussex,AGH Orr,TJ Haines,Zafar Gohar,0,0,,,,,,"",""
ball,1,20.4,Sussex,AGH Orr,TJ Haines,Zafar Gohar,0,0,,,,,,"",""
ball,1,20.5,Sussex,AGH Orr,TJ Haines,Zafar Gohar,6,0,,,,,,"",""
ball,1,20.6,Sussex,AGH Orr,TJ Haines,Zafar Gohar,2,0,,,,,,"",""
ball,1,21.1,Sussex,TJ Haines,AGH Orr,OJ Price,0,0,,,,,,"",""
ball,1,21.2,Sussex,TJ Haines,AGH Orr,OJ Price,3,0,,,,,,"",""
ball,1,21.3,Sussex,AGH Orr,TJ Haines,OJ Price,0,0,,,,,,"",""
ball,1,21.4,Sussex,AGH Orr,TJ Haines,OJ Price,0,0,,,,,,"",""
ball,1,21.5,Sussex,AGH Orr,TJ Haines,OJ Price,0,0,,,,,,bowled,AGH Orr
ball,1,21.6,Sussex,OJ Carter,TJ Haines,OJ Price,0,0,,,,,,"",""
ball,1,22.1,Sussex,TJ Haines,OJ Carter,Zafar Gohar,0,0,,,,,,"",""
ball,1,22.2,Sussex,TJ Haines,OJ Carter,Zafar Gohar,0,0,,,,,,"",""
ball,1,22.3,Sussex,TJ Haines,OJ Carter,Zafar Gohar,1,0,,,,,,"",""
ball,1,22.4,Sussex,OJ Carter,TJ Haines,Zafar Gohar,0,0,,,,,,"",""
ball,1,22.5,Sussex,OJ Carter,TJ Haines,Zafar Gohar,1,0,,,,,,"",""
ball,1,22.6,Sussex,TJ Haines,OJ Carter,Zafar Gohar,1,0,,,,,,"",""
ball,1,23.1,Sussex,TJ Haines,OJ Carter,OJ Price,1,0,,,,,,"",""
ball,1,23.2,Sussex,OJ Carter,TJ Haines,OJ Price,0,0,,,,,,"",""
ball,1,23.3,Sussex,OJ Carter,TJ Haines,OJ Price,1,0,,,,,,"",""
ball,1,23.4,Sussex,TJ Haines,OJ Carter,OJ Price,1,0,,,,,,"",""
ball,1,23.5,Sussex,OJ Carter,TJ Haines,OJ Price,0,0,,,,,,"",""
ball,1,23.6,Sussex,OJ Carter,TJ Haines,OJ Price,1,0,,,,,,"",""
ball,1,24.1,Sussex,OJ Carter,TJ Haines,Zafar Gohar,0,0,,,,,,"",""
ball,1,24.2,Sussex,OJ Carter,TJ Haines,Zafar Gohar,0,0,,,,,,"",""
ball,1,24.3,Sussex,OJ Carter,TJ Haines,Zafar Gohar,1,0,,,,,,"",""
ball,1,24.4,Sussex,TJ Haines,OJ Carter,Zafar Gohar,0,0,,,,,,"",""
ball,1,24.5,Sussex,TJ Haines,OJ Carter,Zafar Gohar,1,0,,,,,,"",""
ball,1,24.6,Sussex,OJ Carter,TJ Haines,Zafar Gohar,0,0,,,,,,"",""
ball,1,25.1,Sussex,TJ Haines,OJ Carter,OJ Price,1,0,,,,,,"",""
ball,1,25.2,Sussex,OJ Carter,TJ Haines,OJ Price,4,0,,,,,,"",""
ball,1,25.3,Sussex,OJ Carter,TJ Haines,OJ Price,0,0,,,,,,"",""
ball,1,25.4,Sussex,OJ Carter,TJ Haines,OJ Price,0,0,,,,,,"",""
ball,1,25.5,Sussex,OJ Carter,TJ Haines,OJ Price,0,0,,,,,,"",""
ball,1,25.6,Sussex,OJ Carter,TJ Haines,OJ Price,0,0,,,,,,"",""
ball,1,26.1,Sussex,TJ Haines,OJ Carter,Zafar Gohar,1,0,,,,,,"",""
ball,1,26.2,Sussex,OJ Carter,TJ Haines,Zafar Gohar,0,0,,,,,,"",""
ball,1,26.3,Sussex,OJ Carter,TJ Haines,Zafar Gohar,0,0,,,,,,"",""
ball,1,26.4,Sussex,OJ Carter,TJ Haines,Zafar Gohar,0,0,,,,,,"",""
ball,1,26.5,Sussex,OJ Carter,TJ Haines,Zafar Gohar,1,0,,,,,,"",""
ball,1,26.6,Sussex,TJ Haines,OJ Carter,Zafar Gohar,0,0,,,,,,"",""
ball,1,27.1,Sussex,OJ Carter,TJ Haines,EWO Middleton,1,0,,,,,,"",""
ball,1,27.2,Sussex,TJ Haines,OJ Carter,EWO Middleton,1,0,,,,,,"",""
ball,1,27.3,Sussex,OJ Carter,TJ Haines,EWO Middleton,0,0,,,,,,"",""
ball,1,27.4,Sussex,OJ Carter,TJ Haines,EWO Middleton,0,0,,,,,,"",""
ball,1,27.5,Sussex,OJ Carter,TJ Haines,EWO Middleton,1,0,,,,,,"",""
ball,1,27.6,Sussex,TJ Haines,OJ Carter,EWO Middleton,4,0,,,,,,"",""
ball,1,28.1,Sussex,OJ Carter,TJ Haines,Zafar Gohar,0,0,,,,,,"",""
ball,1,28.2,Sussex,OJ Carter,TJ Haines,Zafar Gohar,0,0,,,,,,"",""
ball,1,28.3,Sussex,OJ Carter,TJ Haines,Zafar Gohar,0,0,,,,,,"",""
ball,1,28.4,Sussex,OJ Carter,TJ Haines,Zafar Gohar,0,0,,,,,,"",""
ball,1,28.5,Sussex,OJ Carter,TJ Haines,Zafar Gohar,0,0,,,,,,"",""
ball,1,28.6,Sussex,OJ Carter,TJ Haines,Zafar Gohar,0,0,,,,,,"",""
ball,1,29.1,Sussex,TJ Haines,OJ Carter,EWO Middleton,0,0,,,,,,"",""
ball,1,29.2,Sussex,TJ Haines,OJ Carter,EWO Middleton,1,0,,,,,,"",""
ball,1,29.3,Sussex,OJ Carter,TJ Haines,EWO Middleton,0,0,,,,,,"",""
ball,1,29.4,Sussex,OJ Carter,TJ Haines,EWO Middleton,0,0,,,,,,"",""
ball,1,29.5,Sussex,OJ Carter,TJ Haines,EWO Middleton,1,0,,,,,,"",""
ball,1,29.6,Sussex,TJ Haines,OJ Carter,EWO Middleton,0,0,,,,,,"",""
ball,1,30.1,Sussex,OJ Carter,TJ Haines,MD Taylor,2,0,,,,,,"",""
ball,1,30.2,Sussex,OJ Carter,TJ Haines,MD Taylor,0,0,,,,,,"",""
ball,1,30.3,Sussex,OJ Carter,TJ Haines,MD Taylor,0,0,,,,,,"",""
ball,1,30.4,Sussex,OJ Carter,TJ Haines,MD Taylor,0,0,,,,,,"",""
ball,1,30.5,Sussex,OJ Carter,TJ Haines,MD Taylor,0,0,,,,,,"",""
ball,1,30.6,Sussex,OJ Carter,TJ Haines,MD Taylor,0,0,,,,,,"",""
ball,1,31.1,Sussex,TJ Haines,OJ Carter,Zafar Gohar,0,0,,,,,,"",""
ball,1,31.2,Sussex,TJ Haines,OJ Carter,Zafar Gohar,0,0,,,,,,"",""
ball,1,31.3,Sussex,TJ Haines,OJ Carter,Zafar Gohar,0,0,,,,,,"",""
ball,1,31.4,Sussex,TJ Haines,OJ Carter,Zafar Gohar,0,0,,,,,,"",""
ball,1,31.5,Sussex,TJ Haines,OJ Carter,Zafar Gohar,0,0,,,,,,"",""
ball,1,31.6,Sussex,TJ Haines,OJ Carter,Zafar Gohar,0,0,,,,,,"",""
ball,1,32.1,Sussex,OJ Carter,TJ Haines,MD Taylor,0,0,,,,,,"",""
ball,1,32.2,Sussex,OJ Carter,TJ Haines,MD Taylor,0,0,,,,,,caught,OJ Carter
ball,1,32.3,Sussex,FJ Hudson-Prentice,TJ Haines,MD Taylor,0,0,,,,,,"",""
ball,1,32.4,Sussex,FJ Hudson-Prentice,TJ Haines,MD Taylor,0,0,,,,,,"",""
ball,1,32.5,Sussex,FJ Hudson-Prentice,TJ Haines,MD Taylor,0,0,,,,,,"",""
ball,1,32.6,Sussex,FJ Hudson-Prentice,TJ Haines,MD Taylor,0,0,,,,,,"",""
ball,1,33.1,Sussex,TJ Haines,FJ Hudson-Prentice,Zafar Gohar,0,0,,,,,,"",""
ball,1,33.2,Sussex,TJ Haines,FJ Hudson-Prentice,Zafar Gohar,1,0,,,,,,"",""
ball,1,33.3,Sussex,FJ Hudson-Prentice,TJ Haines,Zafar Gohar,0,0,,,,,,"",""
ball,1,33.4,Sussex,FJ Hudson-Prentice,TJ Haines,Zafar Gohar,0,0,,,,,,"",""
ball,1,33.5,Sussex,FJ Hudson-Prentice,TJ Haines,Zafar Gohar,0,0,,,,,,"",""
ball,1,33.6,Sussex,FJ Hudson-Prentice,TJ Haines,Zafar Gohar,0,0,,,,,,caught,FJ Hudson-Prentice
ball,1,34.1,Sussex,TJ Haines,JJ Carson,MD Taylor,0,0,,,,,,bowled,TJ Haines
ball,1,34.2,Sussex,HT Crocombe,JJ Carson,MD Taylor,0,0,,,,,,"",""
ball,1,34.3,Sussex,HT Crocombe,JJ Carson,MD Taylor,0,0,,,,,,"",""
ball,1,34.4,Sussex,HT Crocombe,JJ Carson,MD Taylor,0,0,,,,,,"",""
ball,1,34.5,Sussex,HT Crocombe,JJ Carson,MD Taylor,0,0,,,,,,bowled,HT Crocombe
ball,1,34.6,Sussex,SF Hunt,JJ Carson,MD Taylor,0,0,,,,,,"",""
ball,1,35.1,Sussex,JJ Carson,SF Hunt,Zafar Gohar,0,0,,,,,,"",""
ball,1,35.2,Sussex,JJ Carson,SF Hunt,Zafar Gohar,0,0,,,,,,"",""
ball,1,35.3,Sussex,JJ Carson,SF Hunt,Zafar Gohar,0,0,,,,,,"",""
ball,1,35.4,Sussex,JJ Carson,SF Hunt,Zafar Gohar,0,0,,,,,,"",""
ball,1,35.5,Sussex,JJ Carson,SF Hunt,Zafar Gohar,0,0,,,,,,"",""
ball,1,35.6,Sussex,JJ Carson,SF Hunt,Zafar Gohar,0,0,,,,,,"",""
ball,1,36.1,Sussex,SF Hunt,JJ Carson,MD Taylor,0,0,,,,,,"",""
ball,1,36.2,Sussex,SF Hunt,JJ Carson,MD Taylor,0,0,,,,,,"",""
ball,1,36.3,Sussex,SF Hunt,JJ Carson,MD Taylor,1,0,,,,,,"",""
ball,1,36.4,Sussex,JJ Carson,SF Hunt,MD Taylor,4,0,,,,,,"",""
ball,1,36.5,Sussex,JJ Carson,SF Hunt,MD Taylor,0,0,,,,,,"",""
ball,1,36.6,Sussex,JJ Carson,SF Hunt,MD Taylor,0,0,,,,,,"",""
ball,1,37.1,Sussex,SF Hunt,JJ Carson,Zafar Gohar,0,0,,,,,,"",""
ball,1,37.2,Sussex,SF Hunt,JJ Carson,Zafar Gohar,0,0,,,,,,"",""
ball,1,37.3,Sussex,SF Hunt,JJ Carson,Zafar Gohar,0,0,,,,,,"",""
ball,1,37.4,Sussex,SF Hunt,JJ Carson,Zafar Gohar,0,2,,2,,,,"",""
ball,1,37.5,Sussex,SF Hunt,JJ Carson,Zafar Gohar,0,0,,,,,,"",""
ball,1,37.6,Sussex,SF Hunt,JJ Carson,Zafar Gohar,4,0,,,,,,"",""
ball,1,37.7,Sussex,SF Hunt,JJ Carson,Zafar Gohar,0,0,,,,,,"",""
ball,1,38.1,Sussex,JJ Carson,SF Hunt,MD Taylor,0,0,,,,,,"",""
ball,1,38.2,Sussex,JJ Carson,SF Hunt,MD Taylor,0,0,,,,,,"",""
ball,1,38.3,Sussex,JJ Carson,SF Hunt,MD Taylor,0,0,,,,,,"",""
ball,1,38.4,Sussex,JJ Carson,SF Hunt,MD Taylor,0,0,,,,,,"",""
ball,1,38.5,Sussex,JJ Carson,SF Hunt,MD Taylor,0,0,,,,,,"",""
ball,1,38.6,Sussex,JJ Carson,SF Hunt,MD Taylor,0,0,,,,,,"",""
ball,1,39.1,Sussex,SF Hunt,JJ Carson,Zafar Gohar,0,0,,,,,,"",""
ball,1,39.2,Sussex,SF Hunt,JJ Carson,Zafar Gohar,0,0,,,,,,"",""
ball,1,39.3,Sussex,SF Hunt,JJ Carson,Zafar Gohar,1,0,,,,,,"",""
ball,1,39.4,Sussex,JJ Carson,SF Hunt,Zafar Gohar,0,0,,,,,,"",""
ball,1,39.5,Sussex,JJ Carson,SF Hunt,Zafar Gohar,4,0,,,,,,"",""
ball,1,39.6,Sussex,JJ Carson,SF Hunt,Zafar Gohar,0,0,,,,,,"",""
ball,1,40.1,Sussex,SF Hunt,JJ Carson,MD Taylor,0,0,,,,,,"",""
ball,1,40.2,Sussex,SF Hunt,JJ Carson,MD Taylor,0,0,,,,,,"",""
ball,1,40.3,Sussex,SF Hunt,JJ Carson,MD Taylor,0,0,,,,,,"",""
ball,1,40.4,Sussex,SF Hunt,JJ Carson,MD Taylor,0,0,,,,,,"",""
ball,1,40.5,Sussex,SF Hunt,JJ Carson,MD Taylor,1,0,,,,,,"",""
ball,1,40.6,Sussex,JJ Carson,SF Hunt,MD Taylor,4,0,,,,,,"",""
ball,1,41.1,Sussex,SF Hunt,JJ Carson,J Shaw,0,0,,,,,,"",""
ball,1,41.2,Sussex,SF Hunt,JJ Carson,J Shaw,0,0,,,,,,"",""
ball,1,41.3,Sussex,SF Hunt,JJ Carson,J Shaw,0,0,,,,,,"",""
ball,1,41.4,Sussex,SF Hunt,JJ Carson,J Shaw,0,0,,,,,,"",""
ball,1,41.5,Sussex,SF Hunt,JJ Carson,J Shaw,0,0,,,,,,"",""
ball,1,41.6,Sussex,SF Hunt,JJ Carson,J Shaw,1,0,,,,,,"",""
ball,1,42.1,Sussex,SF Hunt,JJ Carson,Zafar Gohar,0,0,,,,,,"",""
ball,1,42.2,Sussex,SF Hunt,JJ Carson,Zafar Gohar,0,0,,,,,,"",""
ball,1,42.3,Sussex,SF Hunt,JJ Carson,Zafar Gohar,0,0,,,,,,"",""
ball,1,42.4,Sussex,SF Hunt,JJ Carson,Zafar Gohar,0,0,,,,,,"",""
ball,1,42.5,Sussex,SF Hunt,JJ Carson,Zafar Gohar,0,0,,,,,,"",""
ball,1,42.6,Sussex,SF Hunt,JJ Carson,Zafar Gohar,0,0,,,,,,"",""
ball,1,43.1,Sussex,JJ Carson,SF Hunt,J Shaw,0,0,,,,,,"",""
ball,1,43.2,Sussex,JJ Carson,SF Hunt,J Shaw,0,0,,,,,,"",""
ball,1,43.3,Sussex,JJ Carson,SF Hunt,J Shaw,0,0,,,,,,"",""
ball,1,43.4,Sussex,JJ Carson,SF Hunt,J Shaw,1,0,,,,,,"",""
ball,1,43.5,Sussex,SF Hunt,JJ Carson,J Shaw,0,0,,,,,,"",""
ball,1,43.6,Sussex,SF Hunt,JJ Carson,J Shaw,2,0,,,,,,"",""
ball,1,44.1,Sussex,JJ Carson,SF Hunt,Zafar Gohar,1,0,,,,,,"",""
ball,1,44.2,Sussex,SF Hunt,JJ Carson,Zafar Gohar,0,0,,,,,,"",""
ball,1,44.3,Sussex,SF Hunt,JJ Carson,Zafar Gohar,0,0,,,,,,"",""
ball,1,44.4,Sussex,SF Hunt,JJ Carson,Zafar Gohar,0,0,,,,,,"",""
ball,1,44.5,Sussex,SF Hunt,JJ Carson,Zafar Gohar,0,0,,,,,,"",""
ball,1,44.6,Sussex,SF Hunt,JJ Carson,Zafar Gohar,0,0,,,,,,"",""
ball,1,45.1,Sussex,JJ Carson,SF Hunt,J Shaw,0,0,,,,,,"",""
ball,1,45.2,Sussex,JJ Carson,SF Hunt,J Shaw,0,0,,,,,,"",""
ball,1,45.3,Sussex,JJ Carson,SF Hunt,J Shaw,1,0,,,,,,"",""
ball,1,45.4,Sussex,SF Hunt,JJ Carson,J Shaw,0,0,,,,,,"",""
ball,1,45.5,Sussex,SF Hunt,JJ Carson,J Shaw,4,0,,,,,,"",""
ball,1,45.6,Sussex,SF Hunt,JJ Carson,J Shaw,1,0,,,,,,"",""
ball,1,46.1,Sussex,SF Hunt,JJ Carson,Zafar Gohar,0,0,,,,,,"",""
ball,1,46.2,Sussex,SF Hunt,JJ Carson,Zafar Gohar,0,0,,,,,,"",""
ball,1,46.3,Sussex,SF Hunt,JJ Carson,Zafar Gohar,0,0,,,,,,"",""
ball,1,46.4,Sussex,SF Hunt,JJ Carson,Zafar Gohar,0,0,,,,,,"",""
ball,1,46.5,Sussex,SF Hunt,JJ Carson,Zafar Gohar,0,0,,,,,,"",""
ball,1,46.6,Sussex,SF Hunt,JJ Carson,Zafar Gohar,0,0,,,,,,"",""
ball,1,47.1,Sussex,JJ Carson,SF Hunt,J Shaw,0,0,,,,,,"",""
ball,1,47.2,Sussex,JJ Carson,SF Hunt,J Shaw,4,0,,,,,,"",""
ball,1,47.3,Sussex,JJ Carson,SF Hunt,J Shaw,0,0,,,,,,"",""
ball,1,47.4,Sussex,JJ Carson,SF Hunt,J Shaw,4,0,,,,,,"",""
ball,1,47.5,Sussex,JJ Carson,SF Hunt,J Shaw,0,1,,,,1,,"",""
ball,1,47.6,Sussex,SF Hunt,JJ Carson,J Shaw,0,0,,,,,,"",""
ball,1,48.1,Sussex,JJ Carson,SF Hunt,EWO Middleton,1,0,,,,,,"",""
ball,1,48.2,Sussex,SF Hunt,JJ Carson,EWO Middleton,1,0,,,,,,"",""
ball,1,48.3,Sussex,JJ Carson,SF Hunt,EWO Middleton,0,0,,,,,,"",""
ball,1,48.4,Sussex,JJ Carson,SF Hunt,EWO Middleton,2,0,,,,,,"",""
ball,1,48.5,Sussex,JJ Carson,SF Hunt,EWO Middleton,4,0,,,,,,"",""
ball,1,48.6,Sussex,JJ Carson,SF Hunt,EWO Middleton,1,0,,,,,,"",""
ball,1,49.1,Sussex,JJ Carson,SF Hunt,Zaman Akhter,0,0,,,,,,"",""
ball,1,49.2,Sussex,JJ Carson,SF Hunt,Zaman Akhter,2,0,,,,,,"",""
ball,1,49.3,Sussex,JJ Carson,SF Hunt,Zaman Akhter,0,0,,,,,,"",""
ball,1,49.4,Sussex,JJ Carson,SF Hunt,Zaman Akhter,2,0,,,,,,"",""
ball,1,49.5,Sussex,JJ Carson,SF Hunt,Zaman Akhter,0,1,,,,1,,"",""
ball,1,49.6,Sussex,SF Hunt,JJ Carson,Zaman Akhter,1,0,,,,,,"",""
ball,1,50.1,Sussex,SF Hunt,JJ Carson,EWO Middleton,0,0,,,,,,"",""
ball,1,50.2,Sussex,SF Hunt,JJ Carson,EWO Middleton,0,0,,,,,,"",""
ball,1,50.3,Sussex,SF Hunt,JJ Carson,EWO Middleton,0,0,,,,,,"",""
ball,1,50.4,Sussex,SF Hunt,JJ Carson,EWO Middleton,0,0,,,,,,"",""
ball,1,50.5,Sussex,SF Hunt,JJ Carson,EWO Middleton,0,0,,,,,,"",""
ball,1,50.6,Sussex,SF Hunt,JJ Carson,EWO Middleton,0,0,,,,,,"",""
ball,1,51.1,Sussex,JJ Carson,SF Hunt,Zaman Akhter,0,0,,,,,,"",""
ball,1,51.2,Sussex,JJ Carson,SF Hunt,Zaman Akhter,1,0,,,,,,"",""
ball,1,51.3,Sussex,SF Hunt,JJ Carson,Zaman Akhter,1,0,,,,,,"",""
ball,1,51.4,Sussex,JJ Carson,SF Hunt,Zaman Akhter,1,0,,,,,,"",""
ball,1,51.5,Sussex,SF Hunt,JJ Carson,Zaman Akhter,4,0,,,,,,"",""
ball,1,51.6,Sussex,SF Hunt,JJ Carson,Zaman Akhter,0,0,,,,,,"",""
ball,1,52.1,Sussex,JJ Carson,SF Hunt,EWO Middleton,0,0,,,,,,"",""
ball,1,52.2,Sussex,JJ Carson,SF Hunt,EWO Middleton,2,0,,,,,,"",""
ball,1,52.3,Sussex,JJ Carson,SF Hunt,EWO Middleton,1,0,,,,,,"",""
ball,1,52.4,Sussex,SF Hunt,JJ Carson,EWO Middleton,0,0,,,,,,"",""
ball,1,52.5,Sussex,SF Hunt,JJ Carson,EWO Middleton,0,0,,,,,,"",""
ball,1,52.6,Sussex,SF Hunt,JJ Carson,EWO Middleton,0,0,,,,,,"",""
ball,1,53.1,Sussex,JJ Carson,SF Hunt,Zaman Akhter,0,0,,,,,,"",""
ball,1,53.2,Sussex,JJ Carson,SF Hunt,Zaman Akhter,0,0,,,,,,"",""
ball,1,53.3,Sussex,JJ Carson,SF Hunt,Zaman Akhter,0,0,,,,,,"",""
ball,1,53.4,Sussex,JJ Carson,SF Hunt,Zaman Akhter,0,0,,,,,,"",""
ball,1,53.5,Sussex,JJ Carson,SF Hunt,Zaman Akhter,2,0,,,,,,"",""
ball,1,53.6,Sussex,JJ Carson,SF Hunt,Zaman Akhter,1,0,,,,,,"",""
ball,1,54.1,Sussex,JJ Carson,SF Hunt,Zafar Gohar,0,0,,,,,,"",""
ball,1,54.2,Sussex,JJ Carson,SF Hunt,Zafar Gohar,0,0,,,,,,"",""
ball,1,54.3,Sussex,JJ Carson,SF Hunt,Zafar Gohar,1,0,,,,,,"",""
ball,1,54.4,Sussex,SF Hunt,JJ Carson,Zafar Gohar,0,0,,,,,,"",""
ball,1,54.5,Sussex,SF Hunt,JJ Carson,Zafar Gohar,0,0,,,,,,"",""
ball,1,54.6,Sussex,SF Hunt,JJ Carson,Zafar Gohar,0,0,,,,,,"",""
ball,1,55.1,Sussex,JJ Carson,SF Hunt,Zaman Akhter,1,0,,,,,,"",""
ball,1,55.2,Sussex,SF Hunt,JJ Carson,Zaman Akhter,0,0,,,,,,"",""
ball,1,55.3,Sussex,SF Hunt,JJ Carson,Zaman Akhter,0,0,,,,,,"",""
ball,1,55.4,Sussex,SF Hunt,JJ Carson,Zaman Akhter,0,0,,,,,,caught,SF Hunt
ball,1,55.5,Sussex,BJ Currie,JJ Carson,Zaman Akhter,0,0,,,,,,"",""
ball,1,55.6,Sussex,BJ Currie,JJ Carson,Zaman Akhter,1,0,,,,,,"",""
ball,1,56.1,Sussex,BJ Currie,JJ Carson,Zafar Gohar,1,0,,,,,,"",""
ball,1,56.2,Sussex,JJ Carson,BJ Currie,Zafar Gohar,0,0,,,,,,"",""
ball,1,56.3,Sussex,JJ Carson,BJ Currie,Zafar Gohar,0,0,,,,,,"",""
ball,1,56.4,Sussex,JJ Carson,BJ Currie,Zafar Gohar,0,0,,,,,,"",""
ball,1,56.5,Sussex,JJ Carson,BJ Currie,Zafar Gohar,4,0,,,,,,"",""
ball,1,56.6,Sussex,JJ Carson,BJ Currie,Zafar Gohar,0,1,,,,1,,"",""
ball,1,57.1,Sussex,JJ Carson,BJ Currie,Zaman Akhter,0,0,,,,,,"",""
ball,1,57.2,Sussex,JJ Carson,BJ Currie,Zaman Akhter,0,0,,,,,,"",""
ball,1,57.3,Sussex,JJ Carson,BJ Currie,Zaman Akhter,4,0,,,,,,"",""
ball,1,57.4,Sussex,JJ Carson,BJ Currie,Zaman Akhter,2,0,,,,,,"",""
ball,1,57.5,Sussex,JJ Carson,BJ Currie,Zaman Akhter,0,0,,,,,,"",""
ball,1,57.6,Sussex,JJ Carson,BJ Currie,Zaman Akhter,1,0,,,,,,"",""
ball,1,58.1,Sussex,JJ Carson,BJ Currie,Zafar Gohar,0,0,,,,,,caught,JJ Carson
ball,2,0.1,Gloucestershire,BG Charlesworth,CDJ Dent,BJ Currie,0,0,,,,,,"",""
ball,2,0.2,Gloucestershire,BG Charlesworth,CDJ Dent,BJ Currie,0,0,,,,,,"",""
ball,2,0.3,Gloucestershire,BG Charlesworth,CDJ Dent,BJ Currie,0,0,,,,,,"",""
ball,2,0.4,Gloucestershire,BG Charlesworth,CDJ Dent,BJ Currie,0,0,,,,,,"",""
ball,2,0.5,Gloucestershire,BG Charlesworth,CDJ Dent,BJ Currie,0,0,,,,,,"",""
ball,2,0.6,Gloucestershire,BG Charlesworth,CDJ Dent,BJ Currie,0,0,,,,,,"",""
ball,2,1.1,Gloucestershire,CDJ Dent,BG Charlesworth,SF Hunt,1,0,,,,,,"",""
ball,2,1.2,Gloucestershire,BG Charlesworth,CDJ Dent,SF Hunt,0,0,,,,,,"",""
ball,2,1.3,Gloucestershire,BG Charlesworth,CDJ Dent,SF Hunt,0,0,,,,,,"",""
ball,2,1.4,Gloucestershire,BG Charlesworth,CDJ Dent,SF Hunt,0,0,,,,,,"",""
ball,2,1.5,Gloucestershire,BG Charlesworth,CDJ Dent,SF Hunt,3,0,,,,,,"",""
ball,2,1.6,Gloucestershire,CDJ Dent,BG Charlesworth,SF Hunt,0,0,,,,,,"",""
ball,2,2.1,Gloucestershire,BG Charlesworth,CDJ Dent,BJ Currie,0,0,,,,,,"",""
ball,2,2.2,Gloucestershire,BG Charlesworth,CDJ Dent,BJ Currie,0,0,,,,,,caught,BG Charlesworth
ball,2,2.3,Gloucestershire,James Bracey,CDJ Dent,BJ Currie,0,0,,,,,,"",""
ball,2,2.4,Gloucestershire,James Bracey,CDJ Dent,BJ Currie,0,0,,,,,,"",""
ball,2,2.5,Gloucestershire,James Bracey,CDJ Dent,BJ Currie,0,0,,,,,,"",""
ball,2,2.6,Gloucestershire,James Bracey,CDJ Dent,BJ Currie,0,0,,,,,,"",""
ball,2,3.1,Gloucestershire,CDJ Dent,James Bracey,SF Hunt,2,0,,,,,,"",""
ball,2,3.2,Gloucestershire,CDJ Dent,James Bracey,SF Hunt,4,0,,,,,,"",""
ball,2,3.3,Gloucestershire,CDJ Dent,James Bracey,SF Hunt,0,0,,,,,,"",""
ball,2,3.4,Gloucestershire,CDJ Dent,James Bracey,SF Hunt,0,0,,,,,,"",""
ball,2,3.5,Gloucestershire,CDJ Dent,James Bracey,SF Hunt,0,0,,,,,,caught,CDJ Dent
ball,2,3.6,Gloucestershire,OJ Price,James Bracey,SF Hunt,0,0,,,,,,"",""
ball,2,4.1,Gloucestershire,James Bracey,OJ Price,BJ Currie,4,0,,,,,,"",""
ball,2,4.2,Gloucestershire,James Bracey,OJ Price,BJ Currie,0,0,,,,,,"",""
ball,2,4.3,Gloucestershire,James Bracey,OJ Price,BJ Currie,0,0,,,,,,"",""
ball,2,4.4,Gloucestershire,James Bracey,OJ Price,BJ Currie,4,0,,,,,,"",""
ball,2,4.5,Gloucestershire,James Bracey,OJ Price,BJ Currie,1,0,,,,,,"",""
ball,2,4.6,Gloucestershire,OJ Price,James Bracey,BJ Currie,0,0,,,,,,"",""
ball,2,5.1,Gloucestershire,James Bracey,OJ Price,SF Hunt,0,0,,,,,,"",""
ball,2,5.2,Gloucestershire,James Bracey,OJ Price,SF Hunt,0,0,,,,,,"",""
ball,2,5.3,Gloucestershire,James Bracey,OJ Price,SF Hunt,0,0,,,,,,"",""
ball,2,5.4,Gloucestershire,James Bracey,OJ Price,SF Hunt,0,0,,,,,,"",""
ball,2,5.5,Gloucestershire,James Bracey,OJ Price,SF Hunt,3,0,,,,,,"",""
ball,2,5.6,Gloucestershire,OJ Price,James Bracey,SF Hunt,0,0,,,,,,"",""
ball,2,6.1,Gloucestershire,James Bracey,OJ Price,BJ Currie,0,0,,,,,,"",""
ball,2,6.2,Gloucestershire,James Bracey,OJ Price,BJ Currie,0,0,,,,,,"",""
ball,2,6.3,Gloucestershire,James Bracey,OJ Price,BJ Currie,0,0,,,,,,"",""
ball,2,6.4,Gloucestershire,James Bracey,OJ Price,BJ Currie,0,0,,,,,,"",""
ball,2,6.5,Gloucestershire,James Bracey,OJ Price,BJ Currie,2,0,,,,,,"",""
ball,2,6.6,Gloucestershire,James Bracey,OJ Price,BJ Currie,0,0,,,,,,"",""
ball,2,7.1,Gloucestershire,OJ Price,James Bracey,SF Hunt,0,0,,,,,,"",""
ball,2,7.2,Gloucestershire,OJ Price,James Bracey,SF Hunt,0,0,,,,,,"",""
ball,2,7.3,Gloucestershire,OJ Price,James Bracey,SF Hunt,2,0,,,,,,"",""
ball,2,7.4,Gloucestershire,OJ Price,James Bracey,SF Hunt,0,0,,,,,,"",""
ball,2,7.5,Gloucestershire,OJ Price,James Bracey,SF Hunt,0,0,,,,,,"",""
ball,2,7.6,Gloucestershire,OJ Price,James Bracey,SF Hunt,4,0,,,,,,"",""
ball,2,8.1,Gloucestershire,James Bracey,OJ Price,BJ Currie,0,0,,,,,,"",""
ball,2,8.2,Gloucestershire,James Bracey,OJ Price,BJ Currie,0,0,,,,,,"",""
ball,2,8.3,Gloucestershire,James Bracey,OJ Price,BJ Currie,0,0,,,,,,"",""
ball,2,8.4,Gloucestershire,James Bracey,OJ Price,BJ Currie,0,0,,,,,,"",""
ball,2,8.5,Gloucestershire,James Bracey,OJ Price,BJ Currie,0,0,,,,,,"",""
ball,2,8.6,Gloucestershire,James Bracey,OJ Price,BJ Currie,0,0,,,,,,"",""
ball,2,9.1,Gloucestershire,OJ Price,James Bracey,TJ Haines,1,0,,,,,,"",""
ball,2,9.2,Gloucestershire,James Bracey,OJ Price,TJ Haines,0,0,,,,,,"",""
ball,2,9.3,Gloucestershire,James Bracey,OJ Price,TJ Haines,3,0,,,,,,"",""
ball,2,9.4,Gloucestershire,OJ Price,James Bracey,TJ Haines,0,0,,,,,,"",""
ball,2,9.5,Gloucestershire,OJ Price,James Bracey,TJ Haines,0,0,,,,,,"",""
ball,2,9.6,Gloucestershire,OJ Price,James Bracey,TJ Haines,0,0,,,,,,"",""
ball,2,10.1,Gloucestershire,James Bracey,OJ Price,BJ Currie,4,0,,,,,,"",""
ball,2,10.2,Gloucestershire,James Bracey,OJ Price,BJ Currie,0,0,,,,,,"",""
ball,2,10.3,Gloucestershire,James Bracey,OJ Price,BJ Currie,0,0,,,,,,"",""
ball,2,10.4,Gloucestershire,James Bracey,OJ Price,BJ Currie,4,0,,,,,,"",""
ball,2,10.5,Gloucestershire,James Bracey,OJ Price,BJ Currie,0,0,,,,,,caught,James Bracey
ball,2,10.6,Gloucestershire,Miles Hammond,OJ Price,BJ Currie,0,0,,,,,,"",""
ball,2,11.1,Gloucestershire,OJ Price,Miles Hammond,TJ Haines,0,0,,,,,,"",""
ball,2,11.2,Gloucestershire,OJ Price,Miles Hammond,TJ Haines,0,0,,,,,,"",""
ball,2,11.3,Gloucestershire,OJ Price,Miles Hammond,TJ Haines,1,0,,,,,,"",""
ball,2,11.4,Gloucestershire,Miles Hammond,OJ Price,TJ Haines,0,0,,,,,,"",""
ball,2,11.5,Gloucestershire,Miles Hammond,OJ Price,TJ Haines,0,0,,,,,,"",""
ball,2,11.6,Gloucestershire,Miles Hammond,OJ Price,TJ Haines,0,0,,,,,,"",""
ball,2,12.1,Gloucestershire,OJ Price,Miles Hammond,BJ Currie,0,0,,,,,,"",""
ball,2,12.2,Gloucestershire,OJ Price,Miles Hammond,BJ Currie,0,0,,,,,,"",""
ball,2,12.3,Gloucestershire,OJ Price,Miles Hammond,BJ Currie,0,0,,,,,,"",""
ball,2,12.4,Gloucestershire,OJ Price,Miles Hammond,BJ Currie,0,0,,,,,,"",""
ball,2,12.5,Gloucestershire,OJ Price,Miles Hammond,BJ Currie,0,0,,,,,,"",""
ball,2,12.6,Gloucestershire,OJ Price,Miles Hammond,BJ Currie,0,0,,,,,,"",""
ball,2,13.1,Gloucestershire,Miles Hammond,OJ Price,TJ Haines,0,0,,,,,,"",""
ball,2,13.2,Gloucestershire,Miles Hammond,OJ Price,TJ Haines,0,0,,,,,,"",""
ball,2,13.3,Gloucestershire,Miles Hammond,OJ Price,TJ Haines,1,0,,,,,,"",""
ball,2,13.4,Gloucestershire,OJ Price,Miles Hammond,TJ Haines,1,0,,,,,,"",""
ball,2,13.5,Gloucestershire,Miles Hammond,OJ Price,TJ Haines,6,0,,,,,,"",""
ball,2,13.6,Gloucestershire,Miles Hammond,OJ Price,TJ Haines,0,0,,,,,,"",""
ball,2,14.1,Gloucestershire,OJ Price,Miles Hammond,FJ Hudson-Prentice,4,0,,,,,,"",""
ball,2,14.2,Gloucestershire,OJ Price,Miles Hammond,FJ Hudson-Prentice,0,0,,,,,,"",""
ball,2,14.3,Gloucestershire,OJ Price,Miles Hammond,FJ Hudson-Prentice,0,0,,,,,,"",""
ball,2,14.4,Gloucestershire,OJ Price,Miles Hammond,FJ Hudson-Prentice,0,0,,,,,,"",""
ball,2,14.5,Gloucestershire,OJ Price,Miles Hammond,FJ Hudson-Prentice,0,0,,,,,,"",""
ball,2,14.6,Gloucestershire,OJ Price,Miles Hammond,FJ Hudson-Prentice,0,0,,,,,,"",""
ball,2,15.1,Gloucestershire,Miles Hammond,OJ Price,TJ Haines,0,0,,,,,,"",""
ball,2,15.2,Gloucestershire,Miles Hammond,OJ Price,TJ Haines,4,0,,,,,,"",""
ball,2,15.3,Gloucestershire,Miles Hammond,OJ Price,TJ Haines,0,0,,,,,,"",""
ball,2,15.4,Gloucestershire,Miles Hammond,OJ Price,TJ Haines,0,0,,,,,,"",""
ball,2,15.5,Gloucestershire,Miles Hammond,OJ Price,TJ Haines,1,0,,,,,,"",""
ball,2,15.6,Gloucestershire,OJ Price,Miles Hammond,TJ Haines,0,0,,,,,,"",""
ball,2,16.1,Gloucestershire,Miles Hammond,OJ Price,FJ Hudson-Prentice,0,0,,,,,,"",""
ball,2,16.2,Gloucestershire,Miles Hammond,OJ Price,FJ Hudson-Prentice,0,0,,,,,,"",""
ball,2,16.3,Gloucestershire,Miles Hammond,OJ Price,FJ Hudson-Prentice,0,0,,,,,,"",""
ball,2,16.4,Gloucestershire,Miles Hammond,OJ Price,FJ Hudson-Prentice,0,0,,,,,,"",""
ball,2,16.5,Gloucestershire,Miles Hammond,OJ Price,FJ Hudson-Prentice,0,0,,,,,,"",""
ball,2,16.6,Gloucestershire,Miles Hammond,OJ Price,FJ Hudson-Prentice,4,0,,,,,,"",""
ball,2,17.1,Gloucestershire,OJ Price,Miles Hammond,TJ Haines,0,0,,,,,,"",""
ball,2,17.2,Gloucestershire,OJ Price,Miles Hammond,TJ Haines,0,0,,,,,,"",""
ball,2,17.3,Gloucestershire,OJ Price,Miles Hammond,TJ Haines,0,0,,,,,,"",""
ball,2,17.4,Gloucestershire,OJ Price,Miles Hammond,TJ Haines,0,0,,,,,,"",""
ball,2,17.5,Gloucestershire,OJ Price,Miles Hammond,TJ Haines,0,0,,,,,,"",""
ball,2,17.6,Gloucestershire,OJ Price,Miles Hammond,TJ Haines,0,0,,,,,,"",""
ball,2,18.1,Gloucestershire,Miles Hammond,OJ Price,FJ Hudson-Prentice,0,2,,2,,,,"",""
ball,2,18.2,Gloucestershire,Miles Hammond,OJ Price,FJ Hudson-Prentice,0,0,,,,,,"",""
ball,2,18.3,Gloucestershire,Miles Hammond,OJ Price,FJ Hudson-Prentice,0,0,,,,,,"",""
ball,2,18.4,Gloucestershire,Miles Hammond,OJ Price,FJ Hudson-Prentice,0,0,,,,,,"",""
ball,2,18.5,Gloucestershire,Miles Hammond,OJ Price,FJ Hudson-Prentice,4,0,,,,,,"",""
ball,2,18.6,Gloucestershire,Miles Hammond,OJ Price,FJ Hudson-Prentice,1,0,,,,,,"",""
ball,2,18.7,Gloucestershire,OJ Price,Miles Hammond,FJ Hudson-Prentice,4,0,,,,,,"",""
ball,2,19.1,Gloucestershire,Miles Hammond,OJ Price,HT Crocombe,0,0,,,,,,"",""
ball,2,19.2,Gloucestershire,Miles Hammond,OJ Price,HT Crocombe,0,0,,,,,,"",""
ball,2,19.3,Gloucestershire,Miles Hammond,OJ Price,HT Crocombe,4,0,,,,,,"",""
ball,2,19.4,Gloucestershire,Miles Hammond,OJ Price,HT Crocombe,0,0,,,,,,"",""
ball,2,19.5,Gloucestershire,Miles Hammond,OJ Price,HT Crocombe,1,0,,,,,,"",""
ball,2,19.6,Gloucestershire,OJ Price,Miles Hammond,HT Crocombe,0,0,,,,,,"",""
ball,2,20.1,Gloucestershire,Miles Hammond,OJ Price,SF Hunt,0,0,,,,,,"",""
ball,2,20.2,Gloucestershire,Miles Hammond,OJ Price,SF Hunt,1,0,,,,,,"",""
ball,2,20.3,Gloucestershire,OJ Price,Miles Hammond,SF Hunt,0,0,,,,,,"",""
ball,2,20.4,Gloucestershire,OJ Price,Miles Hammond,SF Hunt,0,0,,,,,,"",""
ball,2,20.5,Gloucestershire,OJ Price,Miles Hammond,SF Hunt,0,0,,,,,,"",""
ball,2,20.6,Gloucestershire,OJ Price,Miles Hammond,SF Hunt,0,0,,,,,,"",""
ball,2,21.1,Gloucestershire,Miles Hammond,OJ Price,HT Crocombe,0,0,,,,,,"",""
ball,2,21.2,Gloucestershire,Miles Hammond,OJ Price,HT Crocombe,0,0,,,,,,"",""
ball,2,21.3,Gloucestershire,Miles Hammond,OJ Price,HT Crocombe,0,0,,,,,,"",""
ball,2,21.4,Gloucestershire,Miles Hammond,OJ Price,HT Crocombe,0,0,,,,,,"",""
ball,2,21.5,Gloucestershire,Miles Hammond,OJ Price,HT Crocombe,4,0,,,,,,"",""
ball,2,21.6,Gloucestershire,Miles Hammond,OJ Price,HT Crocombe,1,0,,,,,,"",""
ball,2,22.1,Gloucestershire,Miles Hammond,OJ Price,SF Hunt,1,0,,,,,,"",""
ball,2,22.2,Gloucestershire,OJ Price,Miles Hammond,SF Hunt,0,0,,,,,,"",""
ball,2,22.3,Gloucestershire,OJ Price,Miles Hammond,SF Hunt,0,0,,,,,,"",""
ball,2,22.4,Gloucestershire,OJ Price,Miles Hammond,SF Hunt,0,0,,,,,,"",""
ball,2,22.5,Gloucestershire,OJ Price,Miles Hammond,SF Hunt,0,0,,,,,,"",""
ball,2,22.6,Gloucestershire,OJ Price,Miles Hammond,SF Hunt,0,0,,,,,,"",""
ball,2,23.1,Gloucestershire,Miles Hammond,OJ Price,HT Crocombe,0,0,,,,,,"",""
ball,2,23.2,Gloucestershire,Miles Hammond,OJ Price,HT Crocombe,0,0,,,,,,"",""
ball,2,23.3,Gloucestershire,Miles Hammond,OJ Price,HT Crocombe,4,0,,,,,,"",""
ball,2,23.4,Gloucestershire,Miles Hammond,OJ Price,HT Crocombe,0,0,,,,,,"",""
ball,2,23.5,Gloucestershire,Miles Hammond,OJ Price,HT Crocombe,6,0,,,,,,"",""
ball,2,23.6,Gloucestershire,Miles Hammond,OJ Price,HT Crocombe,1,0,,,,,,"",""
ball,2,24.1,Gloucestershire,Miles Hammond,OJ Price,SF Hunt,4,0,,,,,,"",""
ball,2,24.2,Gloucestershire,Miles Hammond,OJ Price,SF Hunt,0,0,,,,,,"",""
ball,2,24.3,Gloucestershire,Miles Hammond,OJ Price,SF Hunt,0,0,,,,,,"",""
ball,2,24.4,Gloucestershire,Miles Hammond,OJ Price,SF Hunt,0,0,,,,,,"",""
ball,2,24.5,Gloucestershire,Miles Hammond,OJ Price,SF Hunt,0,0,,,,,,"",""
ball,2,24.6,Gloucestershire,Miles Hammond,OJ Price,SF Hunt,0,0,,,,,,"",""
ball,2,25.1,Gloucestershire,OJ Price,Miles Hammond,JJ Carson,1,0,,,,,,"",""
ball,2,25.2,Gloucestershire,Miles Hammond,OJ Price,JJ Carson,0,0,,,,,,"",""
ball,2,25.3,Gloucestershire,Miles Hammond,OJ Price,JJ Carson,0,0,,,,,,caught,Miles Hammond
ball,2,25.4,Gloucestershire,GL van Buuren,OJ Price,JJ Carson,4,0,,,,,,"",""
ball,2,25.5,Gloucestershire,GL van Buuren,OJ Price,JJ Carson,0,0,,,,,,"",""
ball,2,25.6,Gloucestershire,GL van Buuren,OJ Price,JJ Carson,0,0,,,,,,"",""
ball,2,26.1,Gloucestershire,OJ Price,GL van Buuren,SF Hunt,2,0,,,,,,"",""
ball,2,26.2,Gloucestershire,OJ Price,GL van Buuren,SF Hunt,0,0,,,,,,"",""
ball,2,26.3,Gloucestershire,OJ Price,GL van Buuren,SF Hunt,4,0,,,,,,"",""
ball,2,26.4,Gloucestershire,OJ Price,GL van Buuren,SF Hunt,0,0,,,,,,"",""
ball,2,26.5,Gloucestershire,OJ Price,GL van Buuren,SF Hunt,0,0,,,,,,"",""
ball,2,26.6,Gloucestershire,OJ Price,GL van Buuren,SF Hunt,0,0,,,,,,"",""
ball,2,27.1,Gloucestershire,GL van Buuren,OJ Price,JJ Carson,0,0,,,,,,"",""
ball,2,27.2,Gloucestershire,GL van Buuren,OJ Price,JJ Carson,0,0,,,,,,"",""
ball,2,27.3,Gloucestershire,GL van Buuren,OJ Price,JJ Carson,4,0,,,,,,"",""
ball,2,27.4,Gloucestershire,GL van Buuren,OJ Price,JJ Carson,1,0,,,,,,"",""
ball,2,27.5,Gloucestershire,OJ Price,GL van Buuren,JJ Carson,3,0,,,,,,"",""
ball,2,27.6,Gloucestershire,GL van Buuren,OJ Price,JJ Carson,0,0,,,,,,"",""
ball,2,28.1,Gloucestershire,OJ Price,GL van Buuren,SF Hunt,0,0,,,,,,caught,OJ Price
ball,2,28.2,Gloucestershire,Zafar Gohar,GL van Buuren,SF Hunt,0,0,,,,,,"",""
ball,2,28.3,Gloucestershire,Zafar Gohar,GL van Buuren,SF Hunt,4,0,,,,,,"",""
ball,2,28.4,Gloucestershire,Zafar Gohar,GL van Buuren,SF Hunt,0,0,,,,,,"",""
ball,2,28.5,Gloucestershire,Zafar Gohar,GL van Buuren,SF Hunt,0,0,,,,,,"",""
ball,2,28.6,Gloucestershire,Zafar Gohar,GL van Buuren,SF Hunt,0,0,,,,,,"",""
ball,2,29.1,Gloucestershire,GL van Buuren,Zafar Gohar,BJ Currie,0,0,,,,,,"",""
ball,2,29.2,Gloucestershire,GL van Buuren,Zafar Gohar,BJ Currie,0,0,,,,,,"",""
ball,2,29.3,Gloucestershire,GL van Buuren,Zafar Gohar,BJ Currie,0,0,,,,,,"",""
ball,2,29.4,Gloucestershire,GL van Buuren,Zafar Gohar,BJ Currie,0,0,,,,,,"",""
ball,2,29.5,Gloucestershire,GL van Buuren,Zafar Gohar,BJ Currie,0,0,,,,,,"",""
ball,2,29.6,Gloucestershire,GL van Buuren,Zafar Gohar,BJ Currie,0,0,,,,,,"",""
ball,2,30.1,Gloucestershire,Zafar Gohar,GL van Buuren,SF Hunt,0,0,,,,,,"",""
ball,2,30.2,Gloucestershire,Zafar Gohar,GL van Buuren,SF Hunt,0,0,,,,,,"",""
ball,2,30.3,Gloucestershire,Zafar Gohar,GL van Buuren,SF Hunt,0,0,,,,,,"",""
ball,2,30.4,Gloucestershire,Zafar Gohar,GL van Buuren,SF Hunt,0,0,,,,,,"",""
ball,2,30.5,Gloucestershire,Zafar Gohar,GL van Buuren,SF Hunt,0,0,,,,,,"",""
ball,2,30.6,Gloucestershire,Zafar Gohar,GL van Buuren,SF Hunt,0,0,,,,,,"",""
ball,2,31.1,Gloucestershire,GL van Buuren,Zafar Gohar,JJ Carson,0,0,,,,,,"",""
ball,2,31.2,Gloucestershire,GL van Buuren,Zafar Gohar,JJ Carson,0,0,,,,,,"",""
ball,2,31.3,Gloucestershire,GL van Buuren,Zafar Gohar,JJ Carson,0,0,,,,,,"",""
ball,2,31.4,Gloucestershire,GL van Buuren,Zafar Gohar,JJ Carson,1,0,,,,,,"",""
ball,2,31.5,Gloucestershire,Zafar Gohar,GL van Buuren,JJ Carson,0,0,,,,,,"",""
ball,2,31.6,Gloucestershire,Zafar Gohar,GL van Buuren,JJ Carson,0,0,,,,,,"",""
ball,2,32.1,Gloucestershire,GL van Buuren,Zafar Gohar,JM Coles,1,0,,,,,,"",""
ball,2,32.2,Gloucestershire,Zafar Gohar,GL van Buuren,JM Coles,0,0,,,,,,"",""
ball,2,32.3,Gloucestershire,Zafar Gohar,GL van Buuren,JM Coles,0,0,,,,,,"",""
ball,2,32.4,Gloucestershire,Zafar Gohar,GL van Buuren,JM Coles,0,0,,,,,,"",""
ball,2,32.5,Gloucestershire,Zafar Gohar,GL van Buuren,JM Coles,4,0,,,,,,"",""
ball,2,32.6,Gloucestershire,Zafar Gohar,GL van Buuren,JM Coles,0,0,,,,,,"",""
ball,2,33.1,Gloucestershire,GL van Buuren,Zafar Gohar,JJ Carson,0,0,,,,,,"",""
ball,2,33.2,Gloucestershire,GL van Buuren,Zafar Gohar,JJ Carson,0,1,,,,1,,"",""
ball,2,33.3,Gloucestershire,Zafar Gohar,GL van Buuren,JJ Carson,0,0,,,,,,"",""
ball,2,33.4,Gloucestershire,Zafar Gohar,GL van Buuren,JJ Carson,0,0,,,,,,"",""
ball,2,33.5,Gloucestershire,Zafar Gohar,GL van Buuren,JJ Carson,0,0,,,,,,"",""
ball,2,33.6,Gloucestershire,Zafar Gohar,GL van Buuren,JJ Carson,0,0,,,,,,"",""
ball,2,34.1,Gloucestershire,GL van Buuren,Zafar Gohar,TJ Haines,0,0,,,,,,caught,GL van Buuren
ball,2,34.2,Gloucestershire,EWO Middleton,Zafar Gohar,TJ Haines,0,0,,,,,,"",""
ball,2,34.3,Gloucestershire,EWO Middleton,Zafar Gohar,TJ Haines,0,0,,,,,,"",""
ball,2,34.4,Gloucestershire,EWO Middleton,Zafar Gohar,TJ Haines,0,0,,,,,,"",""
ball,2,34.5,Gloucestershire,EWO Middleton,Zafar Gohar,TJ Haines,0,0,,,,,,"",""
ball,2,34.6,Gloucestershire,EWO Middleton,Zafar Gohar,TJ Haines,0,0,,,,,,"",""
ball,2,35.1,Gloucestershire,Zafar Gohar,EWO Middleton,JJ Carson,0,0,,,,,,"",""
ball,2,35.2,Gloucestershire,Zafar Gohar,EWO Middleton,JJ Carson,0,0,,,,,,"",""
ball,2,35.3,Gloucestershire,Zafar Gohar,EWO Middleton,JJ Carson,1,0,,,,,,"",""
ball,2,35.4,Gloucestershire,EWO Middleton,Zafar Gohar,JJ Carson,0,0,,,,,,"",""
ball,2,35.5,Gloucestershire,EWO Middleton,Zafar Gohar,JJ Carson,0,0,,,,,,"",""
ball,2,35.6,Gloucestershire,EWO Middleton,Zafar Gohar,JJ Carson,0,0,,,,,,"",""
ball,2,36.1,Gloucestershire,Zafar Gohar,EWO Middleton,TJ Haines,1,0,,,,,,"",""
ball,2,36.2,Gloucestershire,EWO Middleton,Zafar Gohar,TJ Haines,2,0,,,,,,"",""
ball,2,36.3,Gloucestershire,EWO Middleton,Zafar Gohar,TJ Haines,0,0,,,,,,"",""
ball,2,36.4,Gloucestershire,EWO Middleton,Zafar Gohar,TJ Haines,0,0,,,,,,"",""
ball,2,36.5,Gloucestershire,EWO Middleton,Zafar Gohar,TJ Haines,0,0,,,,,,"",""
ball,2,36.6,Gloucestershire,EWO Middleton,Zafar Gohar,TJ Haines,0,0,,,,,,"",""
ball,2,37.1,Gloucestershire,Zafar Gohar,EWO Middleton,SF Hunt,0,0,,,,,,"",""
ball,2,37.2,Gloucestershire,Zafar Gohar,EWO Middleton,SF Hunt,0,0,,,,,,"",""
ball,2,37.3,Gloucestershire,Zafar Gohar,EWO Middleton,SF Hunt,0,0,,,,,,"",""
ball,2,37.4,Gloucestershire,Zafar Gohar,EWO Middleton,SF Hunt,0,0,,,,,,"",""
ball,2,37.5,Gloucestershire,Zafar Gohar,EWO Middleton,SF Hunt,0,0,,,,,,"",""
ball,2,37.6,Gloucestershire,Zafar Gohar,EWO Middleton,SF Hunt,1,0,,,,,,"",""
ball,2,38.1,Gloucestershire,Zafar Gohar,EWO Middleton,BJ Currie,0,0,,,,,,"",""
ball,2,38.2,Gloucestershire,Zafar Gohar,EWO Middleton,BJ Currie,0,0,,,,,,"",""
ball,2,38.3,Gloucestershire,Zafar Gohar,EWO Middleton,BJ Currie,0,0,,,,,,caught,Zafar Gohar
ball,2,38.4,Gloucestershire,MD Taylor,EWO Middleton,BJ Currie,0,0,,,,,,"",""
ball,2,38.5,Gloucestershire,MD Taylor,EWO Middleton,BJ Currie,0,0,,,,,,"",""
ball,2,38.6,Gloucestershire,MD Taylor,EWO Middleton,BJ Currie,0,0,,,,,,"",""
ball,2,39.1,Gloucestershire,EWO Middleton,MD Taylor,SF Hunt,0,0,,,,,,"",""
ball,2,39.2,Gloucestershire,EWO Middleton,MD Taylor,SF Hunt,0,0,,,,,,"",""
ball,2,39.3,Gloucestershire,EWO Middleton,MD Taylor,SF Hunt,0,0,,,,,,"",""
ball,2,39.4,Gloucestershire,EWO Middleton,MD Taylor,SF Hunt,0,0,,,,,,"",""
ball,2,39.5,Gloucestershire,EWO Middleton,MD Taylor,SF Hunt,0,0,,,,,,"",""
ball,2,39.6,Gloucestershire,EWO Middleton,MD Taylor,SF Hunt,0,0,,,,,,caught,EWO Middleton
ball,2,40.1,Gloucestershire,MD Taylor,J Shaw,BJ Currie,0,0,,,,,,"",""
ball,2,40.2,Gloucestershire,MD Taylor,J Shaw,BJ Currie,1,0,,,,,,"",""
ball,2,40.3,Gloucestershire,J Shaw,MD Taylor,BJ Currie,0,0,,,,,,"",""
ball,2,40.4,Gloucestershire,J Shaw,MD Taylor,BJ Currie,0,0,,,,,,"",""
ball,2,40.5,Gloucestershire,J Shaw,MD Taylor,BJ Currie,4,0,,,,,,"",""
ball,2,40.6,Gloucestershire,J Shaw,MD Taylor,BJ Currie,1,0,,,,,,"",""
ball,2,41.1,Gloucestershire,J Shaw,MD Taylor,SF Hunt,0,0,,,,,,"",""
ball,2,41.2,Gloucestershire,J Shaw,MD Taylor,SF Hunt,0,0,,,,,,"",""
ball,2,41.3,Gloucestershire,J Shaw,MD Taylor,SF Hunt,0,0,,,,,,"",""
ball,2,41.4,Gloucestershire,J Shaw,MD Taylor,SF Hunt,0,0,,,,,,"",""
ball,2,41.5,Gloucestershire,J Shaw,MD Taylor,SF Hunt,0,0,,,,,,"",""
ball,2,41.6,Gloucestershire,J Shaw,MD Taylor,SF Hunt,2,0,,,,,,"",""
ball,2,42.1,Gloucestershire,MD Taylor,J Shaw,BJ Currie,1,0,,,,,,"",""
ball,2,42.2,Gloucestershire,J Shaw,MD Taylor,BJ Currie,0,0,,,,,,"",""
ball,2,42.3,Gloucestershire,J Shaw,MD Taylor,BJ Currie,0,0,,,,,,"",""
ball,2,42.4,Gloucestershire,J Shaw,MD Taylor,BJ Currie,4,0,,,,,,"",""
ball,2,42.5,Gloucestershire,J Shaw,MD Taylor,BJ Currie,0,0,,,,,,"",""
ball,2,42.6,Gloucestershire,J Shaw,MD Taylor,BJ Currie,0,0,,,,,,"",""
ball,2,43.1,Gloucestershire,MD Taylor,J Shaw,SF Hunt,0,0,,,,,,"",""
ball,2,43.2,Gloucestershire,MD Taylor,J Shaw,SF Hunt,4,0,,,,,,"",""
ball,2,43.3,Gloucestershire,MD Taylor,J Shaw,SF Hunt,0,2,,2,,,,"",""
ball,2,43.4,Gloucestershire,MD Taylor,J Shaw,SF Hunt,0,0,,,,,,"",""
ball,2,43.5,Gloucestershire,MD Taylor,J Shaw,SF Hunt,0,0,,,,,,"",""
ball,2,43.6,Gloucestershire,MD Taylor,J Shaw,SF Hunt,0,2,,2,,,,"",""
ball,2,43.7,Gloucestershire,MD Taylor,J Shaw,SF Hunt,0,0,,,,,,"",""
ball,2,43.8,Gloucestershire,MD Taylor,J Shaw,SF Hunt,0,0,,,,,,"",""
ball,2,44.1,Gloucestershire,J Shaw,MD Taylor,BJ Currie,0,0,,,,,,"",""
ball,2,44.2,Gloucestershire,J Shaw,MD Taylor,BJ Currie,0,0,,,,,,"",""
ball,2,44.3,Gloucestershire,J Shaw,MD Taylor,BJ Currie,2,0,,,,,,"",""
ball,2,44.4,Gloucestershire,J Shaw,MD Taylor,BJ Currie,4,0,,,,,,"",""
ball,2,44.5,Gloucestershire,J Shaw,MD Taylor,BJ Currie,0,0,,,,,,"",""
ball,2,44.6,Gloucestershire,J Shaw,MD Taylor,BJ Currie,0,0,,,,,,"",""
ball,2,45.1,Gloucestershire,MD Taylor,J Shaw,HT Crocombe,0,0,,,,,,"",""
ball,2,45.2,Gloucestershire,MD Taylor,J Shaw,HT Crocombe,4,0,,,,,,"",""
ball,2,45.3,Gloucestershire,MD Taylor,J Shaw,HT Crocombe,0,0,,,,,,"",""
ball,2,45.4,Gloucestershire,MD Taylor,J Shaw,HT Crocombe,0,0,,,,,,"",""
ball,2,45.5,Gloucestershire,MD Taylor,J Shaw,HT Crocombe,4,0,,,,,,"",""
ball,2,45.6,Gloucestershire,MD Taylor,J Shaw,HT Crocombe,0,0,,,,,,"",""
ball,2,46.1,Gloucestershire,J Shaw,MD Taylor,SF Hunt,0,0,,,,,,"",""
ball,2,46.2,Gloucestershire,J Shaw,MD Taylor,SF Hunt,0,0,,,,,,"",""
ball,2,46.3,Gloucestershire,J Shaw,MD Taylor,SF Hunt,1,0,,,,,,"",""
ball,2,46.4,Gloucestershire,MD Taylor,J Shaw,SF Hunt,0,0,,,,,,"",""
ball,2,46.5,Gloucestershire,MD Taylor,J Shaw,SF Hunt,0,0,,,,,,"",""
ball,2,46.6,Gloucestershire,MD Taylor,J Shaw,SF Hunt,4,0,,,,,,"",""
ball,2,47.1,Gloucestershire,J Shaw,MD Taylor,HT Crocombe,0,0,,,,,,"",""
ball,2,47.2,Gloucestershire,J Shaw,MD Taylor,HT Crocombe,0,0,,,,,,"",""
ball,2,47.3,Gloucestershire,J Shaw,MD Taylor,HT Crocombe,0,2,,2,,,,"",""
ball,2,47.4,Gloucestershire,J Shaw,MD Taylor,HT Crocombe,3,0,,,,,,"",""
ball,2,47.5,Gloucestershire,MD Taylor,J Shaw,HT Crocombe,4,0,,,,,,"",""
ball,2,47.6,Gloucestershire,MD Taylor,J Shaw,HT Crocombe,0,0,,,,,,"",""
ball,2,47.7,Gloucestershire,MD Taylor,J Shaw,HT Crocombe,0,0,,,,,,"",""
ball,2,48.1,Gloucestershire,J Shaw,MD Taylor,SF Hunt,0,0,,,,,,"",""
ball,2,48.2,Gloucestershire,J Shaw,MD Taylor,SF Hunt,0,0,,,,,,"",""
ball,2,48.3,Gloucestershire,J Shaw,MD Taylor,SF Hunt,1,0,,,,,,"",""
ball,2,48.4,Gloucestershire,MD Taylor,J Shaw,SF Hunt,0,0,,,,,,"",""
ball,2,48.5,Gloucestershire,MD Taylor,J Shaw,SF Hunt,0,0,,,,,,"",""
ball,2,48.6,Gloucestershire,MD Taylor,J Shaw,SF Hunt,0,0,,,,,,"",""
ball,2,49.1,Gloucestershire,J Shaw,MD Taylor,JJ Carson,1,0,,,,,,"",""
ball,2,49.2,Gloucestershire,MD Taylor,J Shaw,JJ Carson,0,0,,,,,,"",""
ball,2,49.3,Gloucestershire,MD Taylor,J Shaw,JJ Carson,0,0,,,,,,"",""
ball,2,49.4,Gloucestershire,MD Taylor,J Shaw,JJ Carson,2,0,,,,,,"",""
ball,2,49.5,Gloucestershire,MD Taylor,J Shaw,JJ Carson,1,0,,,,,,"",""
ball,2,49.6,Gloucestershire,J Shaw,MD Taylor,JJ Carson,0,0,,,,,,caught,J Shaw
ball,2,50.1,Gloucestershire,MD Taylor,Zaman Akhter,HT Crocombe,0,0,,,,,,"",""
ball,2,50.2,Gloucestershire,MD Taylor,Zaman Akhter,HT Crocombe,0,0,,,,,,"",""
ball,2,50.3,Gloucestershire,MD Taylor,Zaman Akhter,HT Crocombe,1,0,,,,,,"",""
ball,2,50.4,Gloucestershire,Zaman Akhter,MD Taylor,HT Crocombe,0,0,,,,,,"",""
ball,2,50.5,Gloucestershire,Zaman Akhter,MD Taylor,HT Crocombe,0,0,,,,,,"",""
ball,2,50.6,Gloucestershire,Zaman Akhter,MD Taylor,HT Crocombe,3,0,,,,,,"",""
ball,2,51.1,Gloucestershire,Zaman Akhter,MD Taylor,JJ Carson,0,0,,,,,,caught,Zaman Akhter
ball,3,0.1,Sussex,AGH Orr,TJ Haines,MD Taylor,0,0,,,,,,"",""
ball,3,0.2,Sussex,AGH Orr,TJ Haines,MD Taylor,0,0,,,,,,"",""
ball,3,0.3,Sussex,AGH Orr,TJ Haines,MD Taylor,0,0,,,,,,"",""
ball,3,0.4,Sussex,AGH Orr,TJ Haines,MD Taylor,0,0,,,,,,"",""
ball,3,0.5,Sussex,AGH Orr,TJ Haines,MD Taylor,0,0,,,,,,"",""
ball,3,0.6,Sussex,AGH Orr,TJ Haines,MD Taylor,0,0,,,,,,"",""
ball,3,1.1,Sussex,TJ Haines,AGH Orr,J Shaw,0,0,,,,,,"",""
ball,3,1.2,Sussex,TJ Haines,AGH Orr,J Shaw,0,0,,,,,,"",""
ball,3,1.3,Sussex,TJ Haines,AGH Orr,J Shaw,0,0,,,,,,"",""
ball,3,1.4,Sussex,TJ Haines,AGH Orr,J Shaw,0,0,,,,,,"",""
ball,3,1.5,Sussex,TJ Haines,AGH Orr,J Shaw,0,0,,,,,,"",""
ball,3,1.6,Sussex,TJ Haines,AGH Orr,J Shaw,0,0,,,,,,"",""
ball,3,2.1,Sussex,AGH Orr,TJ Haines,MD Taylor,0,0,,,,,,"",""
ball,3,2.2,Sussex,AGH Orr,TJ Haines,MD Taylor,0,0,,,,,,"",""
ball,3,2.3,Sussex,AGH Orr,TJ Haines,MD Taylor,0,0,,,,,,"",""
ball,3,2.4,Sussex,AGH Orr,TJ Haines,MD Taylor,4,0,,,,,,"",""
ball,3,2.5,Sussex,AGH Orr,TJ Haines,MD Taylor,0,0,,,,,,"",""
ball,3,2.6,Sussex,AGH Orr,TJ Haines,MD Taylor,0,0,,,,,,"",""
ball,3,3.1,Sussex,TJ Haines,AGH Orr,J Shaw,0,0,,,,,,"",""
ball,3,3.2,Sussex,TJ Haines,AGH Orr,J Shaw,0,0,,,,,,"",""
ball,3,3.3,Sussex,TJ Haines,AGH Orr,J Shaw,0,0,,,,,,"",""
ball,3,3.4,Sussex,TJ Haines,AGH Orr,J Shaw,0,0,,,,,,"",""
ball,3,3.5,Sussex,TJ Haines,AGH Orr,J Shaw,0,0,,,,,,"",""
ball,3,3.6,Sussex,TJ Haines,AGH Orr,J Shaw,4,0,,,,,,"",""
ball,3,4.1,Sussex,AGH Orr,TJ Haines,MD Taylor,0,0,,,,,,"",""
ball,3,4.2,Sussex,AGH Orr,TJ Haines,MD Taylor,0,0,,,,,,"",""
ball,3,4.3,Sussex,AGH Orr,TJ Haines,MD Taylor,0,0,,,,,,"",""
ball,3,4.4,Sussex,AGH Orr,TJ Haines,MD Taylor,0,0,,,,,,"",""
ball,3,4.5,Sussex,AGH Orr,TJ Haines,MD Taylor,4,0,,,,,,"",""
ball,3,4.6,Sussex,AGH Orr,TJ Haines,MD Taylor,0,0,,,,,,"",""
ball,3,5.1,Sussex,TJ Haines,AGH Orr,J Shaw,0,0,,,,,,caught,TJ Haines
ball,3,5.2,Sussex,TGR Clark,AGH Orr,J Shaw,0,0,,,,,,"",""
ball,3,5.3,Sussex,TGR Clark,AGH Orr,J Shaw,0,0,,,,,,"",""
ball,3,5.4,Sussex,TGR Clark,AGH Orr,J Shaw,0,0,,,,,,"",""
ball,3,5.5,Sussex,TGR Clark,AGH Orr,J Shaw,0,0,,,,,,"",""
ball,3,5.6,Sussex,TGR Clark,AGH Orr,J Shaw,0,0,,,,,,"",""
ball,3,6.1,Sussex,AGH Orr,TGR Clark,MD Taylor,0,0,,,,,,"",""
ball,3,6.2,Sussex,AGH Orr,TGR Clark,MD Taylor,0,0,,,,,,"",""
ball,3,6.3,Sussex,AGH Orr,TGR Clark,MD Taylor,0,0,,,,,,"",""
ball,3,6.4,Sussex,AGH Orr,TGR Clark,MD Taylor,0,0,,,,,,"",""
ball,3,6.5,Sussex,AGH Orr,TGR Clark,MD Taylor,0,0,,,,,,"",""
ball,3,6.6,Sussex,AGH Orr,TGR Clark,MD Taylor,0,0,,,,,,"",""
ball,3,7.1,Sussex,TGR Clark,AGH Orr,J Shaw,4,0,,,,,,"",""
ball,3,7.2,Sussex,TGR Clark,AGH Orr,J Shaw,0,0,,,,,,"",""
ball,3,7.3,Sussex,TGR Clark,AGH Orr,J Shaw,0,0,,,,,,"",""
ball,3,7.4,Sussex,TGR Clark,AGH Orr,J Shaw,0,0,,,,,,"",""
ball,3,7.5,Sussex,TGR Clark,AGH Orr,J Shaw,0,0,,,,,,"",""
ball,3,7.6,Sussex,TGR Clark,AGH Orr,J Shaw,0,0,,,,,,"",""
ball,3,8.1,Sussex,AGH Orr,TGR Clark,MD Taylor,0,0,,,,,,"",""
ball,3,8.2,Sussex,AGH Orr,TGR Clark,MD Taylor,0,0,,,,,,"",""
ball,3,8.3,Sussex,AGH Orr,TGR Clark,MD Taylor,0,0,,,,,,"",""
ball,3,8.4,Sussex,AGH Orr,TGR Clark,MD Taylor,0,4,,,4,,,"",""
ball,3,8.5,Sussex,AGH Orr,TGR Clark,MD Taylor,0,1,,,,1,,"",""
ball,3,8.6,Sussex,TGR Clark,AGH Orr,MD Taylor,0,0,,,,,,"",""
ball,3,9.1,Sussex,AGH Orr,TGR Clark,J Shaw,0,0,,,,,,"",""
ball,3,9.2,Sussex,AGH Orr,TGR Clark,J Shaw,0,0,,,,,,"",""
ball,3,9.3,Sussex,AGH Orr,TGR Clark,J Shaw,1,0,,,,,,"",""
ball,3,9.4,Sussex,TGR Clark,AGH Orr,J Shaw,0,0,,,,,,"",""
ball,3,9.5,Sussex,TGR Clark,AGH Orr,J Shaw,0,0,,,,,,"",""
ball,3,9.6,Sussex,TGR Clark,AGH Orr,J Shaw,0,0,,,,,,"",""
ball,3,10.1,Sussex,AGH Orr,TGR Clark,MD Taylor,0,0,,,,,,"",""
ball,3,10.2,Sussex,AGH Orr,TGR Clark,MD Taylor,0,0,,,,,,"",""
ball,3,10.3,Sussex,AGH Orr,TGR Clark,MD Taylor,2,0,,,,,,"",""
ball,3,10.4,Sussex,AGH Orr,TGR Clark,MD Taylor,0,0,,,,,,"",""
ball,3,10.5,Sussex,AGH Orr,TGR Clark,MD Taylor,0,0,,,,,,"",""
ball,3,10.6,Sussex,AGH Orr,TGR Clark,MD Taylor,0,0,,,,,,"",""
ball,3,11.1,Sussex,TGR Clark,AGH Orr,J Shaw,0,0,,,,,,"",""
ball,3,11.2,Sussex,TGR Clark,AGH Orr,J Shaw,0,0,,,,,,"",""
ball,3,11.3,Sussex,TGR Clark,AGH Orr,J Shaw,1,0,,,,,,"",""
ball,3,11.4,Sussex,AGH Orr,TGR Clark,J Shaw,0,0,,,,,,"",""
ball,3,11.5,Sussex,AGH Orr,TGR Clark,J Shaw,0,0,,,,,,"",""
ball,3,11.6,Sussex,AGH Orr,TGR Clark,J Shaw,4,0,,,,,,"",""
ball,3,12.1,Sussex,TGR Clark,AGH Orr,Zaman Akhter,1,0,,,,,,"",""
ball,3,12.2,Sussex,AGH Orr,TGR Clark,Zaman Akhter,1,0,,,,,,"",""
ball,3,12.3,Sussex,TGR Clark,AGH Orr,Zaman Akhter,0,0,,,,,,"",""
ball,3,12.4,Sussex,TGR Clark,AGH Orr,Zaman Akhter,0,0,,,,,,"",""
ball,3,12.5,Sussex,TGR Clark,AGH Orr,Zaman Akhter,0,0,,,,,,"",""
ball,3,12.6,Sussex,TGR Clark,AGH Orr,Zaman Akhter,4,0,,,,,,"",""
ball,3,13.1,Sussex,AGH Orr,TGR Clark,OJ Price,0,0,,,,,,"",""
ball,3,13.2,Sussex,AGH Orr,TGR Clark,OJ Price,0,0,,,,,,"",""
ball,3,13.3,Sussex,AGH Orr,TGR Clark,OJ Price,0,0,,,,,,"",""
ball,3,13.4,Sussex,AGH Orr,TGR Clark,OJ Price,0,0,,,,,,"",""
ball,3,13.5,Sussex,AGH Orr,TGR Clark,OJ Price,0,0,,,,,,"",""
ball,3,13.6,Sussex,AGH Orr,TGR Clark,OJ Price,0,0,,,,,,"",""
ball,3,14.1,Sussex,TGR Clark,AGH Orr,Zaman Akhter,0,0,,,,,,"",""
ball,3,14.2,Sussex,TGR Clark,AGH Orr,Zaman Akhter,0,0,,,,,,"",""
ball,3,14.3,Sussex,TGR Clark,AGH Orr,Zaman Akhter,0,0,,,,,,"",""
ball,3,14.4,Sussex,TGR Clark,AGH Orr,Zaman Akhter,0,0,,,,,,"",""
ball,3,14.5,Sussex,TGR Clark,AGH Orr,Zaman Akhter,4,0,,,,,,"",""
ball,3,14.6,Sussex,TGR Clark,AGH Orr,Zaman Akhter,0,0,,,,,,"",""
ball,3,15.1,Sussex,AGH Orr,TGR Clark,OJ Price,0,0,,,,,,"",""
ball,3,15.2,Sussex,AGH Orr,TGR Clark,OJ Price,0,0,,,,,,"",""
ball,3,15.3,Sussex,AGH Orr,TGR Clark,OJ Price,0,0,,,,,,"",""
ball,3,15.4,Sussex,AGH Orr,TGR Clark,OJ Price,1,0,,,,,,"",""
ball,3,15.5,Sussex,TGR Clark,AGH Orr,OJ Price,0,0,,,,,,"",""
ball,3,15.6,Sussex,TGR Clark,AGH Orr,OJ Price,1,0,,,,,,"",""
ball,3,16.1,Sussex,TGR Clark,AGH Orr,Zafar Gohar,0,0,,,,,,"",""
ball,3,16.2,Sussex,TGR Clark,AGH Orr,Zafar Gohar,0,0,,,,,,"",""
ball,3,16.3,Sussex,TGR Clark,AGH Orr,Zafar Gohar,1,0,,,,,,"",""
ball,3,16.4,Sussex,AGH Orr,TGR Clark,Zafar Gohar,0,0,,,,,,"",""
ball,3,16.5,Sussex,AGH Orr,TGR Clark,Zafar Gohar,0,0,,,,,,"",""
ball,3,16.6,Sussex,AGH Orr,TGR Clark,Zafar Gohar,1,0,,,,,,"",""
ball,3,17.1,Sussex,AGH Orr,TGR Clark,OJ Price,0,0,,,,,,"",""
ball,3,17.2,Sussex,AGH Orr,TGR Clark,OJ Price,1,0,,,,,,"",""
ball,3,17.3,Sussex,TGR Clark,AGH Orr,OJ Price,0,0,,,,,,"",""
ball,3,17.4,Sussex,TGR Clark,AGH Orr,OJ Price,0,0,,,,,,"",""
ball,3,17.5,Sussex,TGR Clark,AGH Orr,OJ Price,0,0,,,,,,"",""
ball,3,17.6,Sussex,TGR Clark,AGH Orr,OJ Price,0,0,,,,,,"",""
ball,3,18.1,Sussex,AGH Orr,TGR Clark,Zafar Gohar,0,0,,,,,,"",""
ball,3,18.2,Sussex,AGH Orr,TGR Clark,Zafar Gohar,0,0,,,,,,"",""
ball,3,18.3,Sussex,AGH Orr,TGR Clark,Zafar Gohar,0,0,,,,,,"",""
ball,3,18.4,Sussex,AGH Orr,TGR Clark,Zafar Gohar,0,0,,,,,,"",""
ball,3,18.5,Sussex,AGH Orr,TGR Clark,Zafar Gohar,6,0,,,,,,"",""
ball,3,18.6,Sussex,AGH Orr,TGR Clark,Zafar Gohar,1,0,,,,,,"",""
ball,3,19.1,Sussex,AGH Orr,TGR Clark,OJ Price,0,0,,,,,,"",""
ball,3,19.2,Sussex,AGH Orr,TGR Clark,OJ Price,0,0,,,,,,"",""
ball,3,19.3,Sussex,AGH Orr,TGR Clark,OJ Price,6,0,,,,,,"",""
ball,3,19.4,Sussex,AGH Orr,TGR Clark,OJ Price,0,0,,,,,,"",""
ball,3,19.5,Sussex,AGH Orr,TGR Clark,OJ Price,4,0,,,,,,"",""
ball,3,19.6,Sussex,AGH Orr,TGR Clark,OJ Price,0,0,,,,,,"",""
ball,3,20.1,Sussex,TGR Clark,AGH Orr,Zafar Gohar,0,0,,,,,,"",""
ball,3,20.2,Sussex,TGR Clark,AGH Orr,Zafar Gohar,0,0,,,,,,"",""
ball,3,20.3,Sussex,TGR Clark,AGH Orr,Zafar Gohar,0,0,,,,,,"",""
ball,3,20.4,Sussex,TGR Clark,AGH Orr,Zafar Gohar,0,0,,,,,,"",""
ball,3,20.5,Sussex,TGR Clark,AGH Orr,Zafar Gohar,0,0,,,,,,"",""
ball,3,20.6,Sussex,TGR Clark,AGH Orr,Zafar Gohar,0,0,,,,,,"",""
ball,3,21.1,Sussex,AGH Orr,TGR Clark,OJ Price,1,0,,,,,,"",""
ball,3,21.2,Sussex,TGR Clark,AGH Orr,OJ Price,0,0,,,,,,"",""
ball,3,21.3,Sussex,TGR Clark,AGH Orr,OJ Price,0,0,,,,,,"",""
ball,3,21.4,Sussex,TGR Clark,AGH Orr,OJ Price,1,0,,,,,,"",""
ball,3,21.5,Sussex,AGH Orr,TGR Clark,OJ Price,0,0,,,,,,"",""
ball,3,21.6,Sussex,AGH Orr,TGR Clark,OJ Price,0,0,,,,,,"",""
ball,3,22.1,Sussex,TGR Clark,AGH Orr,Zafar Gohar,1,0,,,,,,"",""
ball,3,22.2,Sussex,AGH Orr,TGR Clark,Zafar Gohar,1,0,,,,,,"",""
ball,3,22.3,Sussex,TGR Clark,AGH Orr,Zafar Gohar,0,0,,,,,,"",""
ball,3,22.4,Sussex,TGR Clark,AGH Orr,Zafar Gohar,1,0,,,,,,"",""
ball,3,22.5,Sussex,AGH Orr,TGR Clark,Zafar Gohar,4,0,,,,,,"",""
ball,3,22.6,Sussex,AGH Orr,TGR Clark,Zafar Gohar,0,0,,,,,,"",""
ball,3,23.1,Sussex,TGR Clark,AGH Orr,Zaman Akhter,0,0,,,,,,"",""
ball,3,23.2,Sussex,TGR Clark,AGH Orr,Zaman Akhter,4,0,,,,,,"",""
ball,3,23.3,Sussex,TGR Clark,AGH Orr,Zaman Akhter,1,0,,,,,,"",""
ball,3,23.4,Sussex,AGH Orr,TGR Clark,Zaman Akhter,1,0,,,,,,"",""
ball,3,23.5,Sussex,TGR Clark,AGH Orr,Zaman Akhter,0,0,,,,,,"",""
ball,3,23.6,Sussex,TGR Clark,AGH Orr,Zaman Akhter,2,0,,,,,,"",""
ball,3,24.1,Sussex,AGH Orr,TGR Clark,Zafar Gohar,0,0,,,,,,"",""
ball,3,24.2,Sussex,AGH Orr,TGR Clark,Zafar Gohar,1,0,,,,,,"",""
ball,3,24.3,Sussex,TGR Clark,AGH Orr,Zafar Gohar,4,0,,,,,,"",""
ball,3,24.4,Sussex,TGR Clark,AGH Orr,Zafar Gohar,0,0,,,,,,"",""
ball,3,24.5,Sussex,TGR Clark,AGH Orr,Zafar Gohar,0,1,,,1,,,"",""
ball,3,24.6,Sussex,AGH Orr,TGR Clark,Zafar Gohar,6,0,,,,,,"",""
ball,3,25.1,Sussex,TGR Clark,AGH Orr,Zaman Akhter,0,0,,,,,,"",""
ball,3,25.2,Sussex,TGR Clark,AGH Orr,Zaman Akhter,4,0,,,,,,"",""
ball,3,25.3,Sussex,TGR Clark,AGH Orr,Zaman Akhter,1,0,,,,,,"",""
ball,3,25.4,Sussex,AGH Orr,TGR Clark,Zaman Akhter,0,0,,,,,,"",""
ball,3,25.5,Sussex,AGH Orr,TGR Clark,Zaman Akhter,0,0,,,,,,"",""
ball,3,25.6,Sussex,AGH Orr,TGR Clark,Zaman Akhter,0,0,,,,,,"",""
ball,3,26.1,Sussex,TGR Clark,AGH Orr,MD Taylor,0,0,,,,,,"",""
ball,3,26.2,Sussex,TGR Clark,AGH Orr,MD Taylor,4,0,,,,,,"",""
ball,3,26.3,Sussex,TGR Clark,AGH Orr,MD Taylor,0,0,,,,,,"",""
ball,3,26.4,Sussex,TGR Clark,AGH Orr,MD Taylor,0,0,,,,,,"",""
ball,3,26.5,Sussex,TGR Clark,AGH Orr,MD Taylor,1,0,,,,,,"",""
ball,3,26.6,Sussex,AGH Orr,TGR Clark,MD Taylor,0,0,,,,,,"",""
ball,3,27.1,Sussex,TGR Clark,AGH Orr,Zaman Akhter,0,0,,,,,,"",""
ball,3,27.2,Sussex,TGR Clark,AGH Orr,Zaman Akhter,0,0,,,,,,"",""
ball,3,27.3,Sussex,TGR Clark,AGH Orr,Zaman Akhter,0,0,,,,,,"",""
ball,3,27.4,Sussex,TGR Clark,AGH Orr,Zaman Akhter,0,0,,,,,,"",""
ball,3,27.5,Sussex,TGR Clark,AGH Orr,Zaman Akhter,1,0,,,,,,"",""
ball,3,27.6,Sussex,AGH Orr,TGR Clark,Zaman Akhter,0,0,,,,,,"",""
ball,3,28.1,Sussex,TGR Clark,AGH Orr,MD Taylor,1,0,,,,,,"",""
ball,3,28.2,Sussex,AGH Orr,TGR Clark,MD Taylor,0,0,,,,,,"",""
ball,3,28.3,Sussex,AGH Orr,TGR Clark,MD Taylor,0,0,,,,,,"",""
ball,3,28.4,Sussex,AGH Orr,TGR Clark,MD Taylor,4,0,,,,,,"",""
ball,3,28.5,Sussex,AGH Orr,TGR Clark,MD Taylor,0,0,,,,,,"",""
ball,3,28.6,Sussex,AGH Orr,TGR Clark,MD Taylor,0,0,,,,,,"",""
ball,3,29.1,Sussex,TGR Clark,AGH Orr,Zaman Akhter,0,0,,,,,,"",""
ball,3,29.2,Sussex,TGR Clark,AGH Orr,Zaman Akhter,1,0,,,,,,"",""
ball,3,29.3,Sussex,AGH Orr,TGR Clark,Zaman Akhter,4,0,,,,,,"",""
ball,3,29.4,Sussex,AGH Orr,TGR Clark,Zaman Akhter,0,0,,,,,,"",""
ball,3,29.5,Sussex,AGH Orr,TGR Clark,Zaman Akhter,0,0,,,,,,"",""
ball,3,29.6,Sussex,AGH Orr,TGR Clark,Zaman Akhter,0,0,,,,,,"",""
ball,3,30.1,Sussex,TGR Clark,AGH Orr,J Shaw,0,0,,,,,,"",""
ball,3,30.2,Sussex,TGR Clark,AGH Orr,J Shaw,0,0,,,,,,"",""
ball,3,30.3,Sussex,TGR Clark,AGH Orr,J Shaw,1,0,,,,,,"",""
ball,3,30.4,Sussex,AGH Orr,TGR Clark,J Shaw,0,0,,,,,,"",""
ball,3,30.5,Sussex,AGH Orr,TGR Clark,J Shaw,2,0,,,,,,"",""
ball,3,30.6,Sussex,AGH Orr,TGR Clark,J Shaw,0,0,,,,,,"",""
ball,3,31.1,Sussex,TGR Clark,AGH Orr,Zaman Akhter,0,0,,,,,,"",""
ball,3,31.2,Sussex,TGR Clark,AGH Orr,Zaman Akhter,0,0,,,,,,"",""
ball,3,31.3,Sussex,TGR Clark,AGH Orr,Zaman Akhter,0,0,,,,,,"",""
ball,3,31.4,Sussex,TGR Clark,AGH Orr,Zaman Akhter,1,0,,,,,,"",""
ball,3,31.5,Sussex,AGH Orr,TGR Clark,Zaman Akhter,0,0,,,,,,"",""
ball,3,31.6,Sussex,AGH Orr,TGR Clark,Zaman Akhter,0,0,,,,,,"",""
ball,3,32.1,Sussex,TGR Clark,AGH Orr,J Shaw,0,0,,,,,,"",""
ball,3,32.2,Sussex,TGR Clark,AGH Orr,J Shaw,4,0,,,,,,"",""
ball,3,32.3,Sussex,TGR Clark,AGH Orr,J Shaw,1,0,,,,,,"",""
ball,3,32.4,Sussex,AGH Orr,TGR Clark,J Shaw,6,0,,,,,,"",""
ball,3,32.5,Sussex,AGH Orr,TGR Clark,J Shaw,0,0,,,,,,"",""
ball,3,32.6,Sussex,AGH Orr,TGR Clark,J Shaw,0,0,,,,,,"",""
ball,3,33.1,Sussex,TGR Clark,AGH Orr,EWO Middleton,0,0,,,,,,"",""
ball,3,33.2,Sussex,TGR Clark,AGH Orr,EWO Middleton,4,0,,,,,,"",""
ball,3,33.3,Sussex,TGR Clark,AGH Orr,EWO Middleton,1,0,,,,,,"",""
ball,3,33.4,Sussex,AGH Orr,TGR Clark,EWO Middleton,1,0,,,,,,"",""
ball,3,33.5,Sussex,TGR Clark,AGH Orr,EWO Middleton,0,0,,,,,,"",""
ball,3,33.6,Sussex,TGR Clark,AGH Orr,EWO Middleton,0,0,,,,,,"",""
ball,3,34.1,Sussex,AGH Orr,TGR Clark,J Shaw,0,0,,,,,,bowled,AGH Orr
ball,3,34.2,Sussex,TP Alsop,TGR Clark,J Shaw,0,0,,,,,,"",""
ball,3,34.3,Sussex,TP Alsop,TGR Clark,J Shaw,0,0,,,,,,"",""
ball,3,34.4,Sussex,TP Alsop,TGR Clark,J Shaw,0,0,,,,,,"",""
ball,3,34.5,Sussex,TP Alsop,TGR Clark,J Shaw,0,0,,,,,,"",""
ball,3,34.6,Sussex,TP Alsop,TGR Clark,J Shaw,0,0,,,,,,"",""
ball,3,35.1,Sussex,TGR Clark,TP Alsop,EWO Middleton,0,0,,,,,,"",""
ball,3,35.2,Sussex,TGR Clark,TP Alsop,EWO Middleton,0,0,,,,,,"",""
ball,3,35.3,Sussex,TGR Clark,TP Alsop,EWO Middleton,1,0,,,,,,"",""
ball,3,35.4,Sussex,TP Alsop,TGR Clark,EWO Middleton,1,0,,,,,,"",""
ball,3,35.5,Sussex,TGR Clark,TP Alsop,EWO Middleton,0,0,,,,,,"",""
ball,3,35.6,Sussex,TGR Clark,TP Alsop,EWO Middleton,4,0,,,,,,"",""
ball,3,36.1,Sussex,TP Alsop,TGR Clark,J Shaw,0,0,,,,,,"",""
ball,3,36.2,Sussex,TP Alsop,TGR Clark,J Shaw,0,0,,,,,,"",""
ball,3,36.3,Sussex,TP Alsop,TGR Clark,J Shaw,0,0,,,,,,"",""
ball,3,36.4,Sussex,TP Alsop,TGR Clark,J Shaw,0,0,,,,,,"",""
ball,3,36.5,Sussex,TP Alsop,TGR Clark,J Shaw,0,0,,,,,,"",""
ball,3,36.6,Sussex,TP Alsop,TGR Clark,J Shaw,0,0,,,,,,"",""
ball,3,37.1,Sussex,TGR Clark,TP Alsop,OJ Price,0,0,,,,,,"",""
ball,3,37.2,Sussex,TGR Clark,TP Alsop,OJ Price,0,0,,,,,,"",""
ball,3,37.3,Sussex,TGR Clark,TP Alsop,OJ Price,0,0,,,,,,"",""
ball,3,37.4,Sussex,TGR Clark,TP Alsop,OJ Price,1,0,,,,,,"",""
ball,3,37.5,Sussex,TP Alsop,TGR Clark,OJ Price,0,0,,,,,,"",""
ball,3,37.6,Sussex,TP Alsop,TGR Clark,OJ Price,0,0,,,,,,"",""
ball,3,38.1,Sussex,TGR Clark,TP Alsop,J Shaw,0,0,,,,,,"",""
ball,3,38.2,Sussex,TGR Clark,TP Alsop,J Shaw,0,0,,,,,,"",""
ball,3,38.3,Sussex,TGR Clark,TP Alsop,J Shaw,0,0,,,,,,"",""
ball,3,38.4,Sussex,TGR Clark,TP Alsop,J Shaw,1,0,,,,,,"",""
ball,3,38.5,Sussex,TP Alsop,TGR Clark,J Shaw,0,0,,,,,,"",""
ball,3,38.6,Sussex,TP Alsop,TGR Clark,J Shaw,0,0,,,,,,"",""
ball,3,39.1,Sussex,TGR Clark,TP Alsop,OJ Price,0,0,,,,,,"",""
ball,3,39.2,Sussex,TGR Clark,TP Alsop,OJ Price,1,0,,,,,,"",""
ball,3,39.3,Sussex,TP Alsop,TGR Clark,OJ Price,0,0,,,,,,"",""
ball,3,39.4,Sussex,TP Alsop,TGR Clark,OJ Price,0,0,,,,,,"",""
ball,3,39.5,Sussex,TP Alsop,TGR Clark,OJ Price,0,0,,,,,,"",""
ball,3,39.6,Sussex,TP Alsop,TGR Clark,OJ Price,0,0,,,,,,"",""
ball,3,40.1,Sussex,TGR Clark,TP Alsop,Zafar Gohar,1,0,,,,,,"",""
ball,3,40.2,Sussex,TP Alsop,TGR Clark,Zafar Gohar,0,0,,,,,,"",""
ball,3,40.3,Sussex,TP Alsop,TGR Clark,Zafar Gohar,1,0,,,,,,"",""
ball,3,40.4,Sussex,TGR Clark,TP Alsop,Zafar Gohar,0,0,,,,,,"",""
ball,3,40.5,Sussex,TGR Clark,TP Alsop,Zafar Gohar,0,0,,,,,,"",""
ball,3,40.6,Sussex,TGR Clark,TP Alsop,Zafar Gohar,0,0,,,,,,"",""
ball,3,41.1,Sussex,TP Alsop,TGR Clark,OJ Price,0,0,,,,,,"",""
ball,3,41.2,Sussex,TP Alsop,TGR Clark,OJ Price,0,0,,,,,,"",""
ball,3,41.3,Sussex,TP Alsop,TGR Clark,OJ Price,0,0,,,,,,"",""
ball,3,41.4,Sussex,TP Alsop,TGR Clark,OJ Price,0,0,,,,,,"",""
ball,3,41.5,Sussex,TP Alsop,TGR Clark,OJ Price,0,0,,,,,,"",""
ball,3,41.6,Sussex,TP Alsop,TGR Clark,OJ Price,1,0,,,,,,"",""
ball,3,42.1,Sussex,TP Alsop,TGR Clark,Zafar Gohar,0,0,,,,,,"",""
ball,3,42.2,Sussex,TP Alsop,TGR Clark,Zafar Gohar,4,0,,,,,,"",""
ball,3,42.3,Sussex,TP Alsop,TGR Clark,Zafar Gohar,0,0,,,,,,"",""
ball,3,42.4,Sussex,TP Alsop,TGR Clark,Zafar Gohar,0,0,,,,,,"",""
ball,3,42.5,Sussex,TP Alsop,TGR Clark,Zafar Gohar,1,0,,,,,,"",""
ball,3,42.6,Sussex,TGR Clark,TP Alsop,Zafar Gohar,0,0,,,,,,"",""
ball,3,43.1,Sussex,TP Alsop,TGR Clark,OJ Price,1,0,,,,,,"",""
ball,3,43.2,Sussex,TGR Clark,TP Alsop,OJ Price,0,0,,,,,,"",""
ball,3,43.3,Sussex,TGR Clark,TP Alsop,OJ Price,0,0,,,,,,"",""
ball,3,43.4,Sussex,TGR Clark,TP Alsop,OJ Price,0,2,,2,,,,"",""
ball,3,43.5,Sussex,TGR Clark,TP Alsop,OJ Price,0,0,,,,,,"",""
ball,3,43.6,Sussex,TGR Clark,TP Alsop,OJ Price,0,0,,,,,,"",""
ball,3,43.7,Sussex,TGR Clark,TP Alsop,OJ Price,4,0,,,,,,"",""
ball,3,44.1,Sussex,TP Alsop,TGR Clark,Zafar Gohar,1,0,,,,,,"",""
ball,3,44.2,Sussex,TGR Clark,TP Alsop,Zafar Gohar,1,0,,,,,,"",""
ball,3,44.3,Sussex,TP Alsop,TGR Clark,Zafar Gohar,0,0,,,,,,"",""
ball,3,44.4,Sussex,TP Alsop,TGR Clark,Zafar Gohar,0,0,,,,,,"",""
ball,3,44.5,Sussex,TP Alsop,TGR Clark,Zafar Gohar,0,0,,,,,,"",""
ball,3,44.6,Sussex,TP Alsop,TGR Clark,Zafar Gohar,0,0,,,,,,"",""
ball,3,45.1,Sussex,TGR Clark,TP Alsop,OJ Price,1,0,,,,,,"",""
ball,3,45.2,Sussex,TP Alsop,TGR Clark,OJ Price,1,0,,,,,,"",""
ball,3,45.3,Sussex,TGR Clark,TP Alsop,OJ Price,0,0,,,,,,"",""
ball,3,45.4,Sussex,TGR Clark,TP Alsop,OJ Price,0,0,,,,,,"",""
ball,3,45.5,Sussex,TGR Clark,TP Alsop,OJ Price,0,0,,,,,,"",""
ball,3,45.6,Sussex,TGR Clark,TP Alsop,OJ Price,1,0,,,,,,"",""
ball,3,46.1,Sussex,TGR Clark,TP Alsop,Zafar Gohar,0,0,,,,,,"",""
ball,3,46.2,Sussex,TGR Clark,TP Alsop,Zafar Gohar,0,0,,,,,,"",""
ball,3,46.3,Sussex,TGR Clark,TP Alsop,Zafar Gohar,0,0,,,,,,"",""
ball,3,46.4,Sussex,TGR Clark,TP Alsop,Zafar Gohar,0,0,,,,,,"",""
ball,3,46.5,Sussex,TGR Clark,TP Alsop,Zafar Gohar,0,0,,,,,,"",""
ball,3,46.6,Sussex,TGR Clark,TP Alsop,Zafar Gohar,0,0,,,,,,"",""
ball,3,47.1,Sussex,TP Alsop,TGR Clark,MD Taylor,0,0,,,,,,"",""
ball,3,47.2,Sussex,TP Alsop,TGR Clark,MD Taylor,0,0,,,,,,"",""
ball,3,47.3,Sussex,TP Alsop,TGR Clark,MD Taylor,0,0,,,,,,"",""
ball,3,47.4,Sussex,TP Alsop,TGR Clark,MD Taylor,0,0,,,,,,"",""
ball,3,47.5,Sussex,TP Alsop,TGR Clark,MD Taylor,0,0,,,,,,"",""
ball,3,47.6,Sussex,TP Alsop,TGR Clark,MD Taylor,0,0,,,,,,"",""
ball,3,48.1,Sussex,TGR Clark,TP Alsop,Zafar Gohar,0,0,,,,,,"",""
ball,3,48.2,Sussex,TGR Clark,TP Alsop,Zafar Gohar,1,0,,,,,,"",""
ball,3,48.3,Sussex,TP Alsop,TGR Clark,Zafar Gohar,0,0,,,,,,"",""
ball,3,48.4,Sussex,TP Alsop,TGR Clark,Zafar Gohar,0,0,,,,,,"",""
ball,3,48.5,Sussex,TP Alsop,TGR Clark,Zafar Gohar,0,0,,,,,,"",""
ball,3,48.6,Sussex,TP Alsop,TGR Clark,Zafar Gohar,0,0,,,,,,"",""
ball,3,49.1,Sussex,TGR Clark,TP Alsop,MD Taylor,0,0,,,,,,"",""
ball,3,49.2,Sussex,TGR Clark,TP Alsop,MD Taylor,0,0,,,,,,"",""
ball,3,49.3,Sussex,TGR Clark,TP Alsop,MD Taylor,0,0,,,,,,bowled,TGR Clark
ball,3,49.4,Sussex,JM Coles,TP Alsop,MD Taylor,0,0,,,,,,"",""
ball,3,49.5,Sussex,JM Coles,TP Alsop,MD Taylor,0,0,,,,,,"",""
ball,3,49.6,Sussex,JM Coles,TP Alsop,MD Taylor,0,0,,,,,,"",""
ball,3,50.1,Sussex,TP Alsop,JM Coles,Zafar Gohar,0,0,,,,,,"",""
ball,3,50.2,Sussex,TP Alsop,JM Coles,Zafar Gohar,0,0,,,,,,"",""
ball,3,50.3,Sussex,TP Alsop,JM Coles,Zafar Gohar,0,0,,,,,,"",""
ball,3,50.4,Sussex,TP Alsop,JM Coles,Zafar Gohar,0,0,,,,,,"",""
ball,3,50.5,Sussex,TP Alsop,JM Coles,Zafar Gohar,0,0,,,,,,"",""
ball,3,50.6,Sussex,TP Alsop,JM Coles,Zafar Gohar,1,0,,,,,,"",""
ball,3,51.1,Sussex,TP Alsop,JM Coles,MD Taylor,0,0,,,,,,"",""
ball,3,51.2,Sussex,TP Alsop,JM Coles,MD Taylor,0,0,,,,,,"",""
ball,3,51.3,Sussex,TP Alsop,JM Coles,MD Taylor,0,0,,,,,,"",""
ball,3,51.4,Sussex,TP Alsop,JM Coles,MD Taylor,0,0,,,,,,"",""
ball,3,51.5,Sussex,TP Alsop,JM Coles,MD Taylor,1,0,,,,,,"",""
ball,3,51.6,Sussex,JM Coles,TP Alsop,MD Taylor,1,0,,,,,,"",""
ball,3,52.1,Sussex,JM Coles,TP Alsop,Zafar Gohar,0,0,,,,,,"",""
ball,3,52.2,Sussex,JM Coles,TP Alsop,Zafar Gohar,0,0,,,,,,"",""
ball,3,52.3,Sussex,JM Coles,TP Alsop,Zafar Gohar,0,0,,,,,,"",""
ball,3,52.4,Sussex,JM Coles,TP Alsop,Zafar Gohar,0,0,,,,,,"",""
ball,3,52.5,Sussex,JM Coles,TP Alsop,Zafar Gohar,0,0,,,,,,"",""
ball,3,52.6,Sussex,JM Coles,TP Alsop,Zafar Gohar,0,0,,,,,,"",""
ball,3,53.1,Sussex,TP Alsop,JM Coles,MD Taylor,0,0,,,,,,"",""
ball,3,53.2,Sussex,TP Alsop,JM Coles,MD Taylor,0,0,,,,,,"",""
ball,3,53.3,Sussex,TP Alsop,JM Coles,MD Taylor,0,0,,,,,,"",""
ball,3,53.4,Sussex,TP Alsop,JM Coles,MD Taylor,2,0,,,,,,"",""
ball,3,53.5,Sussex,TP Alsop,JM Coles,MD Taylor,0,0,,,,,,"",""
ball,3,53.6,Sussex,TP Alsop,JM Coles,MD Taylor,0,2,,2,,,,"",""
ball,3,53.7,Sussex,TP Alsop,JM Coles,MD Taylor,0,0,,,,,,"",""
ball,3,54.1,Sussex,JM Coles,TP Alsop,Zafar Gohar,1,0,,,,,,"",""
ball,3,54.2,Sussex,TP Alsop,JM Coles,Zafar Gohar,0,0,,,,,,"",""
ball,3,54.3,Sussex,TP Alsop,JM Coles,Zafar Gohar,1,0,,,,,,"",""
ball,3,54.4,Sussex,JM Coles,TP Alsop,Zafar Gohar,0,4,,,,4,,"",""
ball,3,54.5,Sussex,JM Coles,TP Alsop,Zafar Gohar,0,0,,,,,,"",""
ball,3,54.6,Sussex,JM Coles,TP Alsop,Zafar Gohar,0,0,,,,,,"",""
ball,3,55.1,Sussex,TP Alsop,JM Coles,Zaman Akhter,1,0,,,,,,"",""
ball,3,55.2,Sussex,JM Coles,TP Alsop,Zaman Akhter,1,0,,,,,,"",""
ball,3,55.3,Sussex,TP Alsop,JM Coles,Zaman Akhter,4,0,,,,,,"",""
ball,3,55.4,Sussex,TP Alsop,JM Coles,Zaman Akhter,0,0,,,,,,"",""
ball,3,55.5,Sussex,TP Alsop,JM Coles,Zaman Akhter,0,1,,,,1,,"",""
ball,3,55.6,Sussex,JM Coles,TP Alsop,Zaman Akhter,1,0,,,,,,"",""
ball,3,56.1,Sussex,JM Coles,TP Alsop,Zafar Gohar,6,0,,,,,,"",""
ball,3,56.2,Sussex,JM Coles,TP Alsop,Zafar Gohar,4,0,,,,,,"",""
ball,3,56.3,Sussex,JM Coles,TP Alsop,Zafar Gohar,4,0,,,,,,"",""
ball,3,56.4,Sussex,JM Coles,TP Alsop,Zafar Gohar,0,0,,,,,,"",""
ball,3,56.5,Sussex,JM Coles,TP Alsop,Zafar Gohar,0,0,,,,,,"",""
ball,3,56.6,Sussex,JM Coles,TP Alsop,Zafar Gohar,0,0,,,,,,"",""
ball,3,57.1,Sussex,TP Alsop,JM Coles,Zaman Akhter,0,0,,,,,,"",""
ball,3,57.2,Sussex,TP Alsop,JM Coles,Zaman Akhter,0,0,,,,,,"",""
ball,3,57.3,Sussex,TP Alsop,JM Coles,Zaman Akhter,1,0,,,,,,"",""
ball,3,57.4,Sussex,JM Coles,TP Alsop,Zaman Akhter,6,0,,,,,,"",""
ball,3,57.5,Sussex,JM Coles,TP Alsop,Zaman Akhter,6,0,,,,,,"",""
ball,3,57.6,Sussex,JM Coles,TP Alsop,Zaman Akhter,3,0,,,,,,"",""
ball,3,58.1,Sussex,JM Coles,TP Alsop,Zafar Gohar,0,0,,,,,,"",""
ball,3,58.2,Sussex,JM Coles,TP Alsop,Zafar Gohar,0,0,,,,,,"",""
ball,3,58.3,Sussex,JM Coles,TP Alsop,Zafar Gohar,1,0,,,,,,"",""
ball,3,58.4,Sussex,TP Alsop,JM Coles,Zafar Gohar,0,0,,,,,,"",""
ball,3,58.5,Sussex,TP Alsop,JM Coles,Zafar Gohar,0,0,,,,,,"",""
ball,3,58.6,Sussex,TP Alsop,JM Coles,Zafar Gohar,1,0,,,,,,"",""
ball,3,59.1,Sussex,TP Alsop,JM Coles,Zaman Akhter,4,0,,,,,,"",""
ball,3,59.2,Sussex,TP Alsop,JM Coles,Zaman Akhter,0,0,,,,,,"",""
ball,3,59.3,Sussex,TP Alsop,JM Coles,Zaman Akhter,0,0,,,,,,"",""
ball,3,59.4,Sussex,TP Alsop,JM Coles,Zaman Akhter,0,0,,,,,,"",""
ball,3,59.5,Sussex,TP Alsop,JM Coles,Zaman Akhter,4,0,,,,,,"",""
ball,3,59.6,Sussex,TP Alsop,JM Coles,Zaman Akhter,0,0,,,,,,"",""
ball,3,60.1,Sussex,JM Coles,TP Alsop,Zafar Gohar,4,0,,,,,,"",""
ball,3,60.2,Sussex,JM Coles,TP Alsop,Zafar Gohar,0,0,,,,,,"",""
ball,3,60.3,Sussex,JM Coles,TP Alsop,Zafar Gohar,0,0,,,,,,"",""
ball,3,60.4,Sussex,JM Coles,TP Alsop,Zafar Gohar,0,1,1,,,,,"",""
ball,3,60.5,Sussex,JM Coles,TP Alsop,Zafar Gohar,0,0,,,,,,"",""
ball,3,60.6,Sussex,JM Coles,TP Alsop,Zafar Gohar,4,0,,,,,,"",""
ball,3,60.7,Sussex,JM Coles,TP Alsop,Zafar Gohar,2,0,,,,,,"",""
ball,3,61.1,Sussex,TP Alsop,JM Coles,J Shaw,2,0,,,,,,"",""
ball,3,61.2,Sussex,TP Alsop,JM Coles,J Shaw,1,0,,,,,,"",""
ball,3,61.3,Sussex,JM Coles,TP Alsop,J Shaw,0,0,,,,,,"",""
ball,3,61.4,Sussex,JM Coles,TP Alsop,J Shaw,0,0,,,,,,"",""
ball,3,61.5,Sussex,JM Coles,TP Alsop,J Shaw,4,0,,,,,,"",""
ball,3,61.6,Sussex,JM Coles,TP Alsop,J Shaw,0,0,,,,,,"",""
ball,3,62.1,Sussex,TP Alsop,JM Coles,OJ Price,0,0,,,,,,"",""
ball,3,62.2,Sussex,TP Alsop,JM Coles,OJ Price,4,0,,,,,,"",""
ball,3,62.3,Sussex,TP Alsop,JM Coles,OJ Price,0,0,,,,,,"",""
ball,3,62.4,Sussex,TP Alsop,JM Coles,OJ Price,0,0,,,,,,"",""
ball,3,62.5,Sussex,TP Alsop,JM Coles,OJ Price,4,0,,,,,,"",""
ball,3,62.6,Sussex,TP Alsop,JM Coles,OJ Price,3,0,,,,,,"",""
ball,3,63.1,Sussex,TP Alsop,JM Coles,J Shaw,0,0,,,,,,"",""
ball,3,63.2,Sussex,TP Alsop,JM Coles,J Shaw,0,0,,,,,,"",""
ball,3,63.3,Sussex,TP Alsop,JM Coles,J Shaw,0,0,,,,,,"",""
ball,3,63.4,Sussex,TP Alsop,JM Coles,J Shaw,0,0,,,,,,"",""
ball,3,63.5,Sussex,TP Alsop,JM Coles,J Shaw,1,0,,,,,,"",""
ball,3,63.6,Sussex,JM Coles,TP Alsop,J Shaw,3,0,,,,,,"",""
ball,3,64.1,Sussex,JM Coles,TP Alsop,MD Taylor,0,0,,,,,,"",""
ball,3,64.2,Sussex,JM Coles,TP Alsop,MD Taylor,1,0,,,,,,"",""
ball,3,64.3,Sussex,TP Alsop,JM Coles,MD Taylor,3,0,,,,,,"",""
ball,3,64.4,Sussex,JM Coles,TP Alsop,MD Taylor,0,0,,,,,,"",""
ball,3,64.5,Sussex,JM Coles,TP Alsop,MD Taylor,0,0,,,,,,"",""
ball,3,64.6,Sussex,JM Coles,TP Alsop,MD Taylor,2,0,,,,,,"",""
ball,3,65.1,Sussex,TP Alsop,JM Coles,Zafar Gohar,1,0,,,,,,"",""
ball,3,65.2,Sussex,JM Coles,TP Alsop,Zafar Gohar,1,0,,,,,,"",""
ball,3,65.3,Sussex,TP Alsop,JM Coles,Zafar Gohar,0,0,,,,,,"",""
ball,3,65.4,Sussex,TP Alsop,JM Coles,Zafar Gohar,0,0,,,,,,"",""
ball,3,65.5,Sussex,TP Alsop,JM Coles,Zafar Gohar,0,0,,,,,,"",""
ball,3,65.6,Sussex,TP Alsop,JM Coles,Zafar Gohar,0,0,,,,,,"",""
ball,3,66.1,Sussex,JM Coles,TP Alsop,MD Taylor,0,0,,,,,,"",""
ball,3,66.2,Sussex,JM Coles,TP Alsop,MD Taylor,0,0,,,,,,"",""
ball,3,66.3,Sussex,JM Coles,TP Alsop,MD Taylor,0,0,,,,,,"",""
ball,3,66.4,Sussex,JM Coles,TP Alsop,MD Taylor,0,0,,,,,,"",""
ball,3,66.5,Sussex,JM Coles,TP Alsop,MD Taylor,0,0,,,,,,"",""
ball,3,66.6,Sussex,JM Coles,TP Alsop,MD Taylor,0,0,,,,,,"",""
ball,3,67.1,Sussex,TP Alsop,JM Coles,Zaman Akhter,0,1,1,,,,,"",""
ball,3,67.2,Sussex,TP Alsop,JM Coles,Zaman Akhter,0,0,,,,,,"",""
ball,3,67.3,Sussex,TP Alsop,JM Coles,Zaman Akhter,0,0,,,,,,"",""
ball,3,67.4,Sussex,TP Alsop,JM Coles,Zaman Akhter,0,1,,,,1,,"",""
ball,3,67.5,Sussex,JM Coles,TP Alsop,Zaman Akhter,1,0,,,,,,"",""
ball,3,67.6,Sussex,TP Alsop,JM Coles,Zaman Akhter,1,0,,,,,,"",""
ball,3,67.7,Sussex,JM Coles,TP Alsop,Zaman Akhter,0,0,,,,,,"",""
ball,3,68.1,Sussex,TP Alsop,JM Coles,Zafar Gohar,0,0,,,,,,"",""
ball,3,68.2,Sussex,TP Alsop,JM Coles,Zafar Gohar,1,0,,,,,,"",""
ball,3,68.3,Sussex,JM Coles,TP Alsop,Zafar Gohar,2,0,,,,,,"",""
ball,3,68.4,Sussex,JM Coles,TP Alsop,Zafar Gohar,0,0,,,,,,"",""
ball,3,68.5,Sussex,JM Coles,TP Alsop,Zafar Gohar,0,0,,,,,,"",""
ball,3,68.6,Sussex,JM Coles,TP Alsop,Zafar Gohar,0,0,,,,,,"",""
ball,3,69.1,Sussex,TP Alsop,JM Coles,Zaman Akhter,1,0,,,,,,"",""
ball,3,69.2,Sussex,JM Coles,TP Alsop,Zaman Akhter,1,0,,,,,,"",""
ball,3,69.3,Sussex,TP Alsop,JM Coles,Zaman Akhter,0,0,,,,,,"",""
ball,3,69.4,Sussex,TP Alsop,JM Coles,Zaman Akhter,1,0,,,,,,"",""
ball,3,69.5,Sussex,JM Coles,TP Alsop,Zaman Akhter,0,0,,,,,,"",""
ball,3,69.6,Sussex,JM Coles,TP Alsop,Zaman Akhter,3,0,,,,,,"",""
ball,3,70.1,Sussex,JM Coles,TP Alsop,Zafar Gohar,0,0,,,,,,"",""
ball,3,70.2,Sussex,JM Coles,TP Alsop,Zafar Gohar,1,0,,,,,,"",""
ball,3,70.3,Sussex,TP Alsop,JM Coles,Zafar Gohar,1,0,,,,,,"",""
ball,3,70.4,Sussex,JM Coles,TP Alsop,Zafar Gohar,1,0,,,,,,"",""
ball,3,70.5,Sussex,TP Alsop,JM Coles,Zafar Gohar,1,0,,,,,,"",""
ball,3,70.6,Sussex,JM Coles,TP Alsop,Zafar Gohar,0,0,,,,,,"",""
ball,3,71.1,Sussex,TP Alsop,JM Coles,Zaman Akhter,2,0,,,,,,"",""
ball,3,71.2,Sussex,TP Alsop,JM Coles,Zaman Akhter,0,0,,,,,,"",""
ball,3,71.3,Sussex,TP Alsop,JM Coles,Zaman Akhter,0,0,,,,,,"",""
ball,3,71.4,Sussex,TP Alsop,JM Coles,Zaman Akhter,0,0,,,,,,"",""
ball,3,71.5,Sussex,TP Alsop,JM Coles,Zaman Akhter,0,0,,,,,,"",""
ball,3,71.6,Sussex,TP Alsop,JM Coles,Zaman Akhter,1,0,,,,,,"",""
ball,3,72.1,Sussex,TP Alsop,JM Coles,Zafar Gohar,1,0,,,,,,"",""
ball,3,72.2,Sussex,JM Coles,TP Alsop,Zafar Gohar,0,0,,,,,,"",""
ball,3,72.3,Sussex,JM Coles,TP Alsop,Zafar Gohar,3,0,,,,,,"",""
ball,3,72.4,Sussex,TP Alsop,JM Coles,Zafar Gohar,1,0,,,,,,"",""
ball,3,72.5,Sussex,JM Coles,TP Alsop,Zafar Gohar,2,0,,,,,,"",""
ball,3,72.6,Sussex,JM Coles,TP Alsop,Zafar Gohar,1,0,,,,,,"",""
ball,3,73.1,Sussex,JM Coles,TP Alsop,Zaman Akhter,1,0,,,,,,"",""
ball,3,73.2,Sussex,TP Alsop,JM Coles,Zaman Akhter,0,0,,,,,,"",""
ball,3,73.3,Sussex,TP Alsop,JM Coles,Zaman Akhter,0,0,,,,,,"",""
ball,3,73.4,Sussex,TP Alsop,JM Coles,Zaman Akhter,0,0,,,,,,"",""
ball,3,73.5,Sussex,TP Alsop,JM Coles,Zaman Akhter,1,0,,,,,,"",""
ball,3,73.6,Sussex,JM Coles,TP Alsop,Zaman Akhter,0,0,,,,,,"",""
ball,3,74.1,Sussex,TP Alsop,JM Coles,Zafar Gohar,0,0,,,,,,"",""
ball,3,74.2,Sussex,TP Alsop,JM Coles,Zafar Gohar,0,0,,,,,,"",""
ball,3,74.3,Sussex,TP Alsop,JM Coles,Zafar Gohar,0,0,,,,,,"",""
ball,3,74.4,Sussex,TP Alsop,JM Coles,Zafar Gohar,1,0,,,,,,"",""
ball,3,74.5,Sussex,JM Coles,TP Alsop,Zafar Gohar,0,0,,,,,,"",""
ball,3,74.6,Sussex,JM Coles,TP Alsop,Zafar Gohar,0,0,,,,,,"",""
ball,3,75.1,Sussex,TP Alsop,JM Coles,Zaman Akhter,0,0,,,,,,"",""
ball,3,75.2,Sussex,TP Alsop,JM Coles,Zaman Akhter,0,0,,,,,,"",""
ball,3,75.3,Sussex,TP Alsop,JM Coles,Zaman Akhter,1,0,,,,,,"",""
ball,3,75.4,Sussex,JM Coles,TP Alsop,Zaman Akhter,0,1,,,,1,,"",""
ball,3,75.5,Sussex,TP Alsop,JM Coles,Zaman Akhter,0,0,,,,,,"",""
ball,3,75.6,Sussex,TP Alsop,JM Coles,Zaman Akhter,1,0,,,,,,"",""
ball,3,76.1,Sussex,TP Alsop,JM Coles,Zafar Gohar,0,0,,,,,,"",""
ball,3,76.2,Sussex,TP Alsop,JM Coles,Zafar Gohar,0,0,,,,,,"",""
ball,3,76.3,Sussex,TP Alsop,JM Coles,Zafar Gohar,0,0,,,,,,"",""
ball,3,76.4,Sussex,TP Alsop,JM Coles,Zafar Gohar,0,0,,,,,,"",""
ball,3,76.5,Sussex,TP Alsop,JM Coles,Zafar Gohar,0,0,,,,,,"",""
ball,3,76.6,Sussex,TP Alsop,JM Coles,Zafar Gohar,1,0,,,,,,"",""
ball,3,77.1,Sussex,TP Alsop,JM Coles,OJ Price,0,0,,,,,,"",""
ball,3,77.2,Sussex,TP Alsop,JM Coles,OJ Price,0,0,,,,,,"",""
ball,3,77.3,Sussex,TP Alsop,JM Coles,OJ Price,1,0,,,,,,"",""
ball,3,77.4,Sussex,JM Coles,TP Alsop,OJ Price,0,0,,,,,,"",""
ball,3,77.5,Sussex,JM Coles,TP Alsop,OJ Price,1,0,,,,,,"",""
ball,3,77.6,Sussex,TP Alsop,JM Coles,OJ Price,0,0,,,,,,"",""
ball,3,78.1,Sussex,JM Coles,TP Alsop,Zafar Gohar,0,0,,,,,,"",""
ball,3,78.2,Sussex,JM Coles,TP Alsop,Zafar Gohar,0,0,,,,,,"",""
ball,3,78.3,Sussex,JM Coles,TP Alsop,Zafar Gohar,0,0,,,,,,"",""
ball,3,78.4,Sussex,JM Coles,TP Alsop,Zafar Gohar,0,0,,,,,,"",""
ball,3,78.5,Sussex,JM Coles,TP Alsop,Zafar Gohar,1,0,,,,,,"",""
ball,3,78.6,Sussex,TP Alsop,JM Coles,Zafar Gohar,0,0,,,,,,"",""
ball,3,79.1,Sussex,JM Coles,TP Alsop,OJ Price,0,0,,,,,,"",""
ball,3,79.2,Sussex,JM Coles,TP Alsop,OJ Price,0,0,,,,,,"",""
ball,3,79.3,Sussex,JM Coles,TP Alsop,OJ Price,1,0,,,,,,"",""
ball,3,79.4,Sussex,TP Alsop,JM Coles,OJ Price,0,0,,,,,,"",""
ball,3,79.5,Sussex,TP Alsop,JM Coles,OJ Price,0,0,,,,,,"",""
ball,3,79.6,Sussex,TP Alsop,JM Coles,OJ Price,1,0,,,,,,"",""
ball,3,80.1,Sussex,TP Alsop,JM Coles,Zafar Gohar,0,0,,,,,,"",""
ball,3,80.2,Sussex,TP Alsop,JM Coles,Zafar Gohar,1,0,,,,,,"",""
ball,3,80.3,Sussex,JM Coles,TP Alsop,Zafar Gohar,1,0,,,,,,"",""
ball,3,80.4,Sussex,TP Alsop,JM Coles,Zafar Gohar,4,0,,,,,,"",""
ball,3,80.5,Sussex,TP Alsop,JM Coles,Zafar Gohar,1,0,,,,,,"",""
ball,3,80.6,Sussex,JM Coles,TP Alsop,Zafar Gohar,0,0,,,,,,"",""
ball,3,81.1,Sussex,TP Alsop,JM Coles,OJ Price,0,0,,,,,,"",""
ball,3,81.2,Sussex,TP Alsop,JM Coles,OJ Price,0,0,,,,,,"",""
ball,3,81.3,Sussex,TP Alsop,JM Coles,OJ Price,0,0,,,,,,"",""
ball,3,81.4,Sussex,TP Alsop,JM Coles,OJ Price,4,0,,,,,,"",""
ball,3,81.5,Sussex,TP Alsop,JM Coles,OJ Price,0,0,,,,,,"",""
ball,3,81.6,Sussex,TP Alsop,JM Coles,OJ Price,1,0,,,,,,"",""
ball,3,82.1,Sussex,TP Alsop,JM Coles,MD Taylor,0,0,,,,,,"",""
ball,3,82.2,Sussex,TP Alsop,JM Coles,MD Taylor,0,0,,,,,,"",""
ball,3,82.3,Sussex,TP Alsop,JM Coles,MD Taylor,0,0,,,,,,"",""
ball,3,82.4,Sussex,TP Alsop,JM Coles,MD Taylor,0,0,,,,,,"",""
ball,3,82.5,Sussex,TP Alsop,JM Coles,MD Taylor,0,0,,,,,,"",""
ball,3,82.6,Sussex,TP Alsop,JM Coles,MD Taylor,0,0,,,,,,"",""
ball,3,83.1,Sussex,JM Coles,TP Alsop,J Shaw,1,0,,,,,,"",""
ball,3,83.2,Sussex,TP Alsop,JM Coles,J Shaw,0,0,,,,,,caught,TP Alsop
ball,3,83.3,Sussex,OJ Carter,JM Coles,J Shaw,0,0,,,,,,"",""
ball,3,83.4,Sussex,OJ Carter,JM Coles,J Shaw,0,0,,,,,,"",""
ball,3,83.5,Sussex,OJ Carter,JM Coles,J Shaw,0,0,,,,,,"",""
ball,3,83.6,Sussex,OJ Carter,JM Coles,J Shaw,0,0,,,,,,"",""
ball,3,84.1,Sussex,JM Coles,OJ Carter,MD Taylor,0,0,,,,,,"",""
ball,3,84.2,Sussex,JM Coles,OJ Carter,MD Taylor,1,0,,,,,,"",""
ball,3,84.3,Sussex,OJ Carter,JM Coles,MD Taylor,0,0,,,,,,"",""
ball,3,84.4,Sussex,OJ Carter,JM Coles,MD Taylor,0,0,,,,,,"",""
ball,3,84.5,Sussex,OJ Carter,JM Coles,MD Taylor,0,0,,,,,,"",""
ball,3,84.6,Sussex,OJ Carter,JM Coles,MD Taylor,0,0,,,,,,"",""
ball,3,85.1,Sussex,JM Coles,OJ Carter,J Shaw,0,0,,,,,,"",""
ball,3,85.2,Sussex,JM Coles,OJ Carter,J Shaw,0,0,,,,,,"",""
ball,3,85.3,Sussex,JM Coles,OJ Carter,J Shaw,1,0,,,,,,"",""
ball,3,85.4,Sussex,OJ Carter,JM Coles,J Shaw,0,0,,,,,,"",""
ball,3,85.5,Sussex,OJ Carter,JM Coles,J Shaw,0,0,,,,,,"",""
ball,3,85.6,Sussex,OJ Carter,JM Coles,J Shaw,1,0,,,,,,"",""
ball,3,86.1,Sussex,OJ Carter,JM Coles,MD Taylor,0,0,,,,,,"",""
ball,3,86.2,Sussex,OJ Carter,JM Coles,MD Taylor,0,0,,,,,,"",""
ball,3,86.3,Sussex,OJ Carter,JM Coles,MD Taylor,0,0,,,,,,"",""
ball,3,86.4,Sussex,OJ Carter,JM Coles,MD Taylor,0,0,,,,,,"",""
ball,3,86.5,Sussex,OJ Carter,JM Coles,MD Taylor,0,0,,,,,,"",""
ball,3,86.6,Sussex,OJ Carter,JM Coles,MD Taylor,0,0,,,,,,"",""
ball,3,87.1,Sussex,JM Coles,OJ Carter,J Shaw,0,0,,,,,,"",""
ball,3,87.2,Sussex,JM Coles,OJ Carter,J Shaw,1,0,,,,,,"",""
ball,3,87.3,Sussex,OJ Carter,JM Coles,J Shaw,0,0,,,,,,"",""
ball,3,87.4,Sussex,OJ Carter,JM Coles,J Shaw,0,0,,,,,,"",""
ball,3,87.5,Sussex,OJ Carter,JM Coles,J Shaw,0,0,,,,,,"",""
ball,3,87.6,Sussex,OJ Carter,JM Coles,J Shaw,0,0,,,,,,"",""
ball,3,88.1,Sussex,JM Coles,OJ Carter,MD Taylor,0,0,,,,,,"",""
ball,3,88.2,Sussex,JM Coles,OJ Carter,MD Taylor,1,0,,,,,,"",""
ball,3,88.3,Sussex,OJ Carter,JM Coles,MD Taylor,2,0,,,,,,"",""
ball,3,88.4,Sussex,OJ Carter,JM Coles,MD Taylor,4,0,,,,,,"",""
ball,3,88.5,Sussex,OJ Carter,JM Coles,MD Taylor,0,0,,,,,,"",""
ball,3,88.6,Sussex,OJ Carter,JM Coles,MD Taylor,0,0,,,,,,"",""
ball,3,89.1,Sussex,JM Coles,OJ Carter,J Shaw,0,0,,,,,,"",""
ball,3,89.2,Sussex,JM Coles,OJ Carter,J Shaw,0,0,,,,,,"",""
ball,3,89.3,Sussex,JM Coles,OJ Carter,J Shaw,1,0,,,,,,"",""
ball,3,89.4,Sussex,OJ Carter,JM Coles,J Shaw,0,0,,,,,,"",""
ball,3,89.5,Sussex,OJ Carter,JM Coles,J Shaw,0,0,,,,,,"",""
ball,3,89.6,Sussex,OJ Carter,JM Coles,J Shaw,0,0,,,,,,"",""
ball,3,90.1,Sussex,JM Coles,OJ Carter,MD Taylor,0,0,,,,,,"",""
ball,3,90.2,Sussex,JM Coles,OJ Carter,MD Taylor,4,0,,,,,,"",""
ball,3,90.3,Sussex,JM Coles,OJ Carter,MD Taylor,0,0,,,,,,"",""
ball,3,90.4,Sussex,JM Coles,OJ Carter,MD Taylor,0,0,,,,,,"",""
ball,3,90.5,Sussex,JM Coles,OJ Carter,MD Taylor,0,0,,,,,,"",""
ball,3,90.6,Sussex,JM Coles,OJ Carter,MD Taylor,0,0,,,,,,"",""
ball,3,91.1,Sussex,OJ Carter,JM Coles,J Shaw,0,0,,,,,,"",""
ball,3,91.2,Sussex,OJ Carter,JM Coles,J Shaw,0,0,,,,,,"",""
ball,3,91.3,Sussex,OJ Carter,JM Coles,J Shaw,0,0,,,,,,"",""
ball,3,91.4,Sussex,OJ Carter,JM Coles,J Shaw,4,0,,,,,,"",""
ball,3,91.5,Sussex,OJ Carter,JM Coles,J Shaw,1,0,,,,,,"",""
ball,3,91.6,Sussex,JM Coles,OJ Carter,J Shaw,0,0,,,,,,"",""
ball,3,92.1,Sussex,OJ Carter,JM Coles,Zafar Gohar,0,0,,,,,,"",""
ball,3,92.2,Sussex,OJ Carter,JM Coles,Zafar Gohar,4,0,,,,,,"",""
ball,3,92.3,Sussex,OJ Carter,JM Coles,Zafar Gohar,0,0,,,,,,"",""
ball,3,92.4,Sussex,OJ Carter,JM Coles,Zafar Gohar,0,0,,,,,,"",""
ball,3,92.5,Sussex,OJ Carter,JM Coles,Zafar Gohar,0,0,,,,,,"",""
ball,3,92.6,Sussex,OJ Carter,JM Coles,Zafar Gohar,4,0,,,,,,"",""
ball,3,93.1,Sussex,JM Coles,OJ Carter,J Shaw,1,0,,,,,,"",""
ball,3,93.2,Sussex,OJ Carter,JM Coles,J Shaw,4,0,,,,,,"",""
ball,3,93.3,Sussex,OJ Carter,JM Coles,J Shaw,0,0,,,,,,"",""
ball,3,93.4,Sussex,OJ Carter,JM Coles,J Shaw,0,0,,,,,,"",""
ball,3,93.5,Sussex,OJ Carter,JM Coles,J Shaw,0,0,,,,,,"",""
ball,3,93.6,Sussex,OJ Carter,JM Coles,J Shaw,1,0,,,,,,"",""
ball,3,94.1,Sussex,OJ Carter,JM Coles,Zafar Gohar,0,0,,,,,,"",""
ball,3,94.2,Sussex,OJ Carter,JM Coles,Zafar Gohar,0,0,,,,,,"",""
ball,3,94.3,Sussex,OJ Carter,JM Coles,Zafar Gohar,0,0,,,,,,"",""
ball,3,94.4,Sussex,OJ Carter,JM Coles,Zafar Gohar,0,0,,,,,,"",""
ball,3,94.5,Sussex,OJ Carter,JM Coles,Zafar Gohar,0,0,,,,,,"",""
ball,3,94.6,Sussex,OJ Carter,JM Coles,Zafar Gohar,0,0,,,,,,"",""
ball,3,95.1,Sussex,JM Coles,OJ Carter,Zaman Akhter,0,0,,,,,,"",""
ball,3,95.2,Sussex,JM Coles,OJ Carter,Zaman Akhter,0,0,,,,,,"",""
ball,3,95.3,Sussex,JM Coles,OJ Carter,Zaman Akhter,1,0,,,,,,"",""
ball,3,95.4,Sussex,OJ Carter,JM Coles,Zaman Akhter,0,0,,,,,,"",""
ball,3,95.5,Sussex,OJ Carter,JM Coles,Zaman Akhter,0,0,,,,,,"",""
ball,3,95.6,Sussex,OJ Carter,JM Coles,Zaman Akhter,1,0,,,,,,"",""
ball,3,96.1,Sussex,OJ Carter,JM Coles,Zafar Gohar,1,0,,,,,,"",""
ball,3,96.2,Sussex,JM Coles,OJ Carter,Zafar Gohar,1,0,,,,,,"",""
ball,3,96.3,Sussex,OJ Carter,JM Coles,Zafar Gohar,0,0,,,,,,"",""
ball,3,96.4,Sussex,OJ Carter,JM Coles,Zafar Gohar,0,0,,,,,,"",""
ball,3,96.5,Sussex,OJ Carter,JM Coles,Zafar Gohar,0,0,,,,,,"",""
ball,3,96.6,Sussex,OJ Carter,JM Coles,Zafar Gohar,0,0,,,,,,"",""
ball,3,97.1,Sussex,JM Coles,OJ Carter,Zaman Akhter,1,0,,,,,,"",""
ball,3,97.2,Sussex,OJ Carter,JM Coles,Zaman Akhter,0,1,,,,1,,"",""
ball,3,97.3,Sussex,JM Coles,OJ Carter,Zaman Akhter,0,0,,,,,,"",""
ball,3,97.4,Sussex,JM Coles,OJ Carter,Zaman Akhter,0,0,,,,,,"",""
ball,3,97.5,Sussex,JM Coles,OJ Carter,Zaman Akhter,1,0,,,,,,"",""
ball,3,97.6,Sussex,OJ Carter,JM Coles,Zaman Akhter,1,0,,,,,,"",""
ball,3,98.1,Sussex,OJ Carter,JM Coles,Zafar Gohar,0,0,,,,,,"",""
ball,3,98.2,Sussex,OJ Carter,JM Coles,Zafar Gohar,1,0,,,,,,"",""
ball,3,98.3,Sussex,JM Coles,OJ Carter,Zafar Gohar,0,0,,,,,,"",""
ball,3,98.4,Sussex,JM Coles,OJ Carter,Zafar Gohar,0,0,,,,,,"",""
ball,3,98.5,Sussex,JM Coles,OJ Carter,Zafar Gohar,0,0,,,,,,"",""
ball,3,98.6,Sussex,JM Coles,OJ Carter,Zafar Gohar,1,0,,,,,,"",""
ball,3,99.1,Sussex,JM Coles,OJ Carter,Zaman Akhter,1,0,,,,,,"",""
ball,3,99.2,Sussex,OJ Carter,JM Coles,Zaman Akhter,0,0,,,,,,"",""
ball,3,99.3,Sussex,OJ Carter,JM Coles,Zaman Akhter,0,0,,,,,,"",""
ball,3,99.4,Sussex,OJ Carter,JM Coles,Zaman Akhter,0,0,,,,,,"",""
ball,3,99.5,Sussex,OJ Carter,JM Coles,Zaman Akhter,1,0,,,,,,"",""
ball,3,99.6,Sussex,JM Coles,OJ Carter,Zaman Akhter,0,0,,,,,,"",""
ball,3,100.1,Sussex,OJ Carter,JM Coles,Zafar Gohar,1,0,,,,,,"",""
ball,3,100.2,Sussex,JM Coles,OJ Carter,Zafar Gohar,0,0,,,,,,"",""
ball,3,100.3,Sussex,JM Coles,OJ Carter,Zafar Gohar,0,0,,,,,,"",""
ball,3,100.4,Sussex,JM Coles,OJ Carter,Zafar Gohar,1,0,,,,,,"",""
ball,3,100.5,Sussex,OJ Carter,JM Coles,Zafar Gohar,1,0,,,,,,"",""
ball,3,100.6,Sussex,JM Coles,OJ Carter,Zafar Gohar,0,0,,,,,,"",""
ball,3,101.1,Sussex,OJ Carter,JM Coles,Zaman Akhter,1,0,,,,,,"",""
ball,3,101.2,Sussex,JM Coles,OJ Carter,Zaman Akhter,0,0,,,,,,"",""
ball,3,101.3,Sussex,JM Coles,OJ Carter,Zaman Akhter,1,0,,,,,,"",""
ball,3,101.4,Sussex,OJ Carter,JM Coles,Zaman Akhter,0,0,,,,,,"",""
ball,3,101.5,Sussex,OJ Carter,JM Coles,Zaman Akhter,1,0,,,,,,"",""
ball,3,101.6,Sussex,JM Coles,OJ Carter,Zaman Akhter,1,0,,,,,,"",""
ball,3,102.1,Sussex,JM Coles,OJ Carter,Zafar Gohar,1,0,,,,,,"",""
ball,3,102.2,Sussex,OJ Carter,JM Coles,Zafar Gohar,0,0,,,,,,"",""
ball,3,102.3,Sussex,OJ Carter,JM Coles,Zafar Gohar,0,0,,,,,,"",""
ball,3,102.4,Sussex,OJ Carter,JM Coles,Zafar Gohar,0,0,,,,,,"",""
ball,3,102.5,Sussex,OJ Carter,JM Coles,Zafar Gohar,0,0,,,,,,"",""
ball,3,102.6,Sussex,OJ Carter,JM Coles,Zafar Gohar,0,0,,,,,,"",""
ball,3,103.1,Sussex,JM Coles,OJ Carter,Zaman Akhter,0,0,,,,,,"",""
ball,3,103.2,Sussex,JM Coles,OJ Carter,Zaman Akhter,0,0,,,,,,"",""
ball,3,103.3,Sussex,JM Coles,OJ Carter,Zaman Akhter,1,0,,,,,,"",""
ball,3,103.4,Sussex,OJ Carter,JM Coles,Zaman Akhter,1,0,,,,,,"",""
ball,3,103.5,Sussex,JM Coles,OJ Carter,Zaman Akhter,1,0,,,,,,"",""
ball,3,103.6,Sussex,OJ Carter,JM Coles,Zaman Akhter,6,0,,,,,,"",""
ball,3,104.1,Sussex,JM Coles,OJ Carter,Zafar Gohar,0,0,,,,,,"",""
ball,3,104.2,Sussex,JM Coles,OJ Carter,Zafar Gohar,3,0,,,,,,"",""
ball,3,104.3,Sussex,OJ Carter,JM Coles,Zafar Gohar,0,0,,,,,,"",""
ball,3,104.4,Sussex,OJ Carter,JM Coles,Zafar Gohar,0,0,,,,,,"",""
ball,3,104.5,Sussex,OJ Carter,JM Coles,Zafar Gohar,1,0,,,,,,"",""
ball,3,104.6,Sussex,JM Coles,OJ Carter,Zafar Gohar,1,0,,,,,,"",""
ball,3,105.1,Sussex,JM Coles,OJ Carter,MD Taylor,0,0,,,,,,"",""
ball,3,105.2,Sussex,JM Coles,OJ Carter,MD Taylor,0,0,,,,,,"",""
ball,3,105.3,Sussex,JM Coles,OJ Carter,MD Taylor,2,0,,,,,,"",""
ball,3,105.4,Sussex,JM Coles,OJ Carter,MD Taylor,0,0,,,,,,"",""
ball,3,105.5,Sussex,JM Coles,OJ Carter,MD Taylor,1,0,,,,,,"",""
ball,3,105.6,Sussex,OJ Carter,JM Coles,MD Taylor,1,0,,,,,,"",""
ball,3,106.1,Sussex,OJ Carter,JM Coles,Zafar Gohar,6,0,,,,,,"",""
ball,3,106.2,Sussex,OJ Carter,JM Coles,Zafar Gohar,0,0,,,,,,caught,OJ Carter
ball,3,106.3,Sussex,FJ Hudson-Prentice,JM Coles,Zafar Gohar,0,0,,,,,,"",""
ball,3,106.4,Sussex,FJ Hudson-Prentice,JM Coles,Zafar Gohar,1,0,,,,,,"",""
ball,3,106.5,Sussex,JM Coles,FJ Hudson-Prentice,Zafar Gohar,4,0,,,,,,"",""
ball,3,106.6,Sussex,JM Coles,FJ Hudson-Prentice,Zafar Gohar,0,1,,,1,,,"",""
ball,3,107.1,Sussex,JM Coles,FJ Hudson-Prentice,MD Taylor,2,0,,,,,,"",""
ball,3,107.2,Sussex,JM Coles,FJ Hudson-Prentice,MD Taylor,1,0,,,,,,"",""
ball,3,107.3,Sussex,FJ Hudson-Prentice,JM Coles,MD Taylor,0,0,,,,,,"",""
ball,3,107.4,Sussex,FJ Hudson-Prentice,JM Coles,MD Taylor,0,0,,,,,,"",""
ball,3,107.5,Sussex,FJ Hudson-Prentice,JM Coles,MD Taylor,0,0,,,,,,"",""
ball,3,107.6,Sussex,FJ Hudson-Prentice,JM Coles,MD Taylor,1,0,,,,,,"",""
ball,3,108.1,Sussex,FJ Hudson-Prentice,JM Coles,Zafar Gohar,4,0,,,,,,"",""
ball,3,108.2,Sussex,FJ Hudson-Prentice,JM Coles,Zafar Gohar,1,0,,,,,,"",""
ball,3,108.3,Sussex,JM Coles,FJ Hudson-Prentice,Zafar Gohar,4,0,,,,,,"",""
ball,3,108.4,Sussex,JM Coles,FJ Hudson-Prentice,Zafar Gohar,1,0,,,,,,"",""
ball,3,108.5,Sussex,FJ Hudson-Prentice,JM Coles,Zafar Gohar,1,0,,,,,,"",""
ball,3,108.6,Sussex,JM Coles,FJ Hudson-Prentice,Zafar Gohar,1,0,,,,,,"",""
ball,3,109.1,Sussex,JM Coles,FJ Hudson-Prentice,MD Taylor,1,0,,,,,,"",""
ball,3,109.2,Sussex,FJ Hudson-Prentice,JM Coles,MD Taylor,4,0,,,,,,"",""
ball,3,109.3,Sussex,FJ Hudson-Prentice,JM Coles,MD Taylor,1,0,,,,,,"",""
ball,3,109.4,Sussex,JM Coles,FJ Hudson-Prentice,MD Taylor,4,0,,,,,,"",""
ball,3,109.5,Sussex,JM Coles,FJ Hudson-Prentice,MD Taylor,0,0,,,,,,"",""
ball,3,109.6,Sussex,JM Coles,FJ Hudson-Prentice,MD Taylor,0,0,,,,,,"",""
ball,3,110.1,Sussex,FJ Hudson-Prentice,JM Coles,OJ Price,4,0,,,,,,"",""
ball,3,110.2,Sussex,FJ Hudson-Prentice,JM Coles,OJ Price,0,0,,,,,,"",""
ball,3,110.3,Sussex,FJ Hudson-Prentice,JM Coles,OJ Price,0,0,,,,,,"",""
ball,3,110.4,Sussex,FJ Hudson-Prentice,JM Coles,OJ Price,1,0,,,,,,"",""
ball,3,110.5,Sussex,JM Coles,FJ Hudson-Prentice,OJ Price,0,0,,,,,,"",""
ball,3,110.6,Sussex,JM Coles,FJ Hudson-Prentice,OJ Price,0,0,,,,,,"",""
ball,3,111.1,Sussex,FJ Hudson-Prentice,JM Coles,J Shaw,6,0,,,,,,"",""
ball,3,111.2,Sussex,FJ Hudson-Prentice,JM Coles,J Shaw,0,0,,,,,,"",""
ball,3,111.3,Sussex,FJ Hudson-Prentice,JM Coles,J Shaw,0,0,,,,,,"",""
ball,3,111.4,Sussex,FJ Hudson-Prentice,JM Coles,J Shaw,1,0,,,,,,"",""
ball,3,111.5,Sussex,JM Coles,FJ Hudson-Prentice,J Shaw,0,0,,,,,,"",""
ball,3,111.6,Sussex,JM Coles,FJ Hudson-Prentice,J Shaw,4,0,,,,,,"",""
ball,3,112.1,Sussex,FJ Hudson-Prentice,JM Coles,OJ Price,6,0,,,,,,"",""
ball,3,112.2,Sussex,FJ Hudson-Prentice,JM Coles,OJ Price,4,0,,,,,,"",""
ball,3,112.3,Sussex,FJ Hudson-Prentice,JM Coles,OJ Price,4,0,,,,,,"",""
ball,3,112.4,Sussex,FJ Hudson-Prentice,JM Coles,OJ Price,4,0,,,,,,"",""
ball,3,112.5,Sussex,FJ Hudson-Prentice,JM Coles,OJ Price,1,0,,,,,,"",""
ball,3,112.6,Sussex,JM Coles,FJ Hudson-Prentice,OJ Price,1,0,,,,,,"",""
ball,3,113.1,Sussex,JM Coles,FJ Hudson-Prentice,J Shaw,0,0,,,,,,"",""
ball,3,113.2,Sussex,JM Coles,FJ Hudson-Prentice,J Shaw,0,0,,,,,,caught,JM Coles
ball,3,113.3,Sussex,JJ Carson,FJ Hudson-Prentice,J Shaw,0,0,,,,,,"",""
ball,3,113.4,Sussex,JJ Carson,FJ Hudson-Prentice,J Shaw,0,0,,,,,,"",""
ball,3,113.5,Sussex,JJ Carson,FJ Hudson-Prentice,J Shaw,1,0,,,,,,"",""
ball,3,113.6,Sussex,FJ Hudson-Prentice,JJ Carson,J Shaw,2,0,,,,,,"",""
ball,3,114.1,Sussex,JJ Carson,FJ Hudson-Prentice,Zaman Akhter,4,0,,,,,,"",""
ball,3,114.2,Sussex,JJ Carson,FJ Hudson-Prentice,Zaman Akhter,0,0,,,,,,"",""
ball,3,114.3,Sussex,JJ Carson,FJ Hudson-Prentice,Zaman Akhter,1,0,,,,,,"",""
ball,3,114.4,Sussex,FJ Hudson-Prentice,JJ Carson,Zaman Akhter,6,0,,,,,,"",""
ball,3,114.5,Sussex,FJ Hudson-Prentice,JJ Carson,Zaman Akhter,1,0,,,,,,"",""
ball,3,114.6,Sussex,JJ Carson,FJ Hudson-Prentice,Zaman Akhter,1,0,,,,,,"",""
ball,3,115.1,Sussex,JJ Carson,FJ Hudson-Prentice,J Shaw,1,0,,,,,,"",""
ball,3,115.2,Sussex,FJ Hudson-Prentice,JJ Carson,J Shaw,1,0,,,,,,"",""
ball,3,115.3,Sussex,JJ Carson,FJ Hudson-Prentice,J Shaw,0,0,,,,,,"",""
ball,3,115.4,Sussex,JJ Carson,FJ Hudson-Prentice,J Shaw,0,0,,,,,,"",""
ball,3,115.5,Sussex,JJ Carson,FJ Hudson-Prentice,J Shaw,1,0,,,,,,"",""
ball,3,115.6,Sussex,FJ Hudson-Prentice,JJ Carson,J Shaw,1,0,,,,,,"",""
ball,3,116.1,Sussex,FJ Hudson-Prentice,JJ Carson,Zaman Akhter,0,0,,,,,,"",""
ball,3,116.2,Sussex,FJ Hudson-Prentice,JJ Carson,Zaman Akhter,6,0,,,,,,"",""
ball,3,116.3,Sussex,FJ Hudson-Prentice,JJ Carson,Zaman Akhter,6,0,,,,,,"",""
ball,3,116.4,Sussex,FJ Hudson-Prentice,JJ Carson,Zaman Akhter,1,0,,,,,,"",""
ball,3,116.5,Sussex,JJ Carson,FJ Hudson-Prentice,Zaman Akhter,0,0,,,,,,"",""
ball,3,116.6,Sussex,JJ Carson,FJ Hudson-Prentice,Zaman Akhter,0,0,,,,,,bowled,JJ Carson
ball,3,117.1,Sussex,FJ Hudson-Prentice,HT Crocombe,J Shaw,1,0,,,,,,"",""
ball,3,117.2,Sussex,HT Crocombe,FJ Hudson-Prentice,J Shaw,0,0,,,,,,"",""
ball,3,117.3,Sussex,HT Crocombe,FJ Hudson-Prentice,J Shaw,0,0,,,,,,"",""
ball,3,117.4,Sussex,HT Crocombe,FJ Hudson-Prentice,J Shaw,4,0,,,,,,"",""
ball,3,117.5,Sussex,HT Crocombe,FJ Hudson-Prentice,J Shaw,1,0,,,,,,"",""
ball,3,117.6,Sussex,FJ Hudson-Prentice,HT Crocombe,J Shaw,2,0,,,,,,"",""
ball,4,0.1,Gloucestershire,BG Charlesworth,CDJ Dent,BJ Currie,0,0,,,,,,"",""
ball,4,0.2,Gloucestershire,BG Charlesworth,CDJ Dent,BJ Currie,0,0,,,,,,"",""
ball,4,0.3,Gloucestershire,BG Charlesworth,CDJ Dent,BJ Currie,0,0,,,,,,"",""
ball,4,0.4,Gloucestershire,BG Charlesworth,CDJ Dent,BJ Currie,1,0,,,,,,"",""
ball,4,0.5,Gloucestershire,CDJ Dent,BG Charlesworth,BJ Currie,1,0,,,,,,"",""
ball,4,0.6,Gloucestershire,BG Charlesworth,CDJ Dent,BJ Currie,1,0,,,,,,"",""
ball,4,1.1,Gloucestershire,BG Charlesworth,CDJ Dent,SF Hunt,0,0,,,,,,"",""
ball,4,1.2,Gloucestershire,BG Charlesworth,CDJ Dent,SF Hunt,0,4,,,4,,,"",""
ball,4,1.3,Gloucestershire,BG Charlesworth,CDJ Dent,SF Hunt,0,0,,,,,,"",""
ball,4,1.4,Gloucestershire,BG Charlesworth,CDJ Dent,SF Hunt,0,0,,,,,,"",""
ball,4,1.5,Gloucestershire,BG Charlesworth,CDJ Dent,SF Hunt,0,0,,,,,,"",""
ball,4,1.6,Gloucestershire,BG Charlesworth,CDJ Dent,SF Hunt,0,0,,,,,,"",""
ball,4,2.1,Gloucestershire,CDJ Dent,BG Charlesworth,BJ Currie,1,0,,,,,,"",""
ball,4,2.2,Gloucestershire,BG Charlesworth,CDJ Dent,BJ Currie,0,0,,,,,,"",""
ball,4,2.3,Gloucestershire,BG Charlesworth,CDJ Dent,BJ Currie,0,0,,,,,,"",""
ball,4,2.4,Gloucestershire,BG Charlesworth,CDJ Dent,BJ Currie,0,0,,,,,,"",""
ball,4,2.5,Gloucestershire,BG Charlesworth,CDJ Dent,BJ Currie,0,4,,,,4,,"",""
ball,4,2.6,Gloucestershire,BG Charlesworth,CDJ Dent,BJ Currie,0,0,,,,,,"",""
ball,4,3.1,Gloucestershire,CDJ Dent,BG Charlesworth,SF Hunt,0,0,,,,,,"",""
ball,4,3.2,Gloucestershire,CDJ Dent,BG Charlesworth,SF Hunt,0,0,,,,,,lbw,CDJ Dent
ball,4,3.3,Gloucestershire,James Bracey,BG Charlesworth,SF Hunt,0,4,,,,4,,"",""
ball,4,3.4,Gloucestershire,James Bracey,BG Charlesworth,SF Hunt,0,0,,,,,,"",""
ball,4,3.5,Gloucestershire,James Bracey,BG Charlesworth,SF Hunt,0,0,,,,,,"",""
ball,4,3.6,Gloucestershire,James Bracey,BG Charlesworth,SF Hunt,0,0,,,,,,"",""
ball,4,4.1,Gloucestershire,BG Charlesworth,James Bracey,BJ Currie,0,0,,,,,,"",""
ball,4,4.2,Gloucestershire,BG Charlesworth,James Bracey,BJ Currie,0,0,,,,,,"",""
ball,4,4.3,Gloucestershire,BG Charlesworth,James Bracey,BJ Currie,0,0,,,,,,"",""
ball,4,4.4,Gloucestershire,BG Charlesworth,James Bracey,BJ Currie,0,0,,,,,,"",""
ball,4,4.5,Gloucestershire,BG Charlesworth,James Bracey,BJ Currie,0,0,,,,,,"",""
ball,4,4.6,Gloucestershire,BG Charlesworth,James Bracey,BJ Currie,0,0,,,,,,"",""
ball,4,5.1,Gloucestershire,James Bracey,BG Charlesworth,SF Hunt,0,0,,,,,,"",""
ball,4,5.2,Gloucestershire,James Bracey,BG Charlesworth,SF Hunt,0,4,,,,4,,"",""
ball,4,5.3,Gloucestershire,James Bracey,BG Charlesworth,SF Hunt,0,0,,,,,,"",""
ball,4,5.4,Gloucestershire,James Bracey,BG Charlesworth,SF Hunt,0,0,,,,,,"",""
ball,4,5.5,Gloucestershire,James Bracey,BG Charlesworth,SF Hunt,0,0,,,,,,"",""
ball,4,5.6,Gloucestershire,James Bracey,BG Charlesworth,SF Hunt,1,0,,,,,,"",""
ball,4,6.1,Gloucestershire,James Bracey,BG Charlesworth,BJ Currie,0,0,,,,,,"",""
ball,4,6.2,Gloucestershire,James Bracey,BG Charlesworth,BJ Currie,0,0,,,,,,"",""
ball,4,6.3,Gloucestershire,James Bracey,BG Charlesworth,BJ Currie,0,0,,,,,,"",""
ball,4,6.4,Gloucestershire,James Bracey,BG Charlesworth,BJ Currie,0,0,,,,,,"",""
ball,4,6.5,Gloucestershire,James Bracey,BG Charlesworth,BJ Currie,0,0,,,,,,"",""
ball,4,6.6,Gloucestershire,James Bracey,BG Charlesworth,BJ Currie,0,0,,,,,,"",""
ball,4,7.1,Gloucestershire,BG Charlesworth,James Bracey,SF Hunt,2,0,,,,,,"",""
ball,4,7.2,Gloucestershire,BG Charlesworth,James Bracey,SF Hunt,0,0,,,,,,"",""
ball,4,7.3,Gloucestershire,BG Charlesworth,James Bracey,SF Hunt,0,0,,,,,,"",""
ball,4,7.4,Gloucestershire,BG Charlesworth,James Bracey,SF Hunt,1,0,,,,,,"",""
ball,4,7.5,Gloucestershire,James Bracey,BG Charlesworth,SF Hunt,1,0,,,,,,"",""
ball,4,7.6,Gloucestershire,BG Charlesworth,James Bracey,SF Hunt,0,0,,,,,,caught,BG Charlesworth
ball,4,8.1,Gloucestershire,James Bracey,OJ Price,BJ Currie,0,0,,,,,,"",""
ball,4,8.2,Gloucestershire,James Bracey,OJ Price,BJ Currie,0,0,,,,,,"",""
ball,4,8.3,Gloucestershire,James Bracey,OJ Price,BJ Currie,0,0,,,,,,"",""
ball,4,8.4,Gloucestershire,James Bracey,OJ Price,BJ Currie,4,0,,,,,,"",""
ball,4,8.5,Gloucestershire,James Bracey,OJ Price,BJ Currie,1,0,,,,,,"",""
ball,4,8.6,Gloucestershire,OJ Price,James Bracey,BJ Currie,0,0,,,,,,"",""
ball,4,9.1,Gloucestershire,James Bracey,OJ Price,SF Hunt,0,0,,,,,,"",""
ball,4,9.2,Gloucestershire,James Bracey,OJ Price,SF Hunt,1,0,,,,,,"",""
ball,4,9.3,Gloucestershire,OJ Price,James Bracey,SF Hunt,0,0,,,,,,"",""
ball,4,9.4,Gloucestershire,OJ Price,James Bracey,SF Hunt,0,0,,,,,,"",""
ball,4,9.5,Gloucestershire,OJ Price,James Bracey,SF Hunt,0,0,,,,,,"",""
ball,4,9.6,Gloucestershire,OJ Price,James Bracey,SF Hunt,0,0,,,,,,"",""
ball,4,10.1,Gloucestershire,James Bracey,OJ Price,BJ Currie,0,0,,,,,,"",""
ball,4,10.2,Gloucestershire,James Bracey,OJ Price,BJ Currie,0,0,,,,,,"",""
ball,4,10.3,Gloucestershire,James Bracey,OJ Price,BJ Currie,4,0,,,,,,"",""
ball,4,10.4,Gloucestershire,James Bracey,OJ Price,BJ Currie,0,0,,,,,,"",""
ball,4,10.5,Gloucestershire,James Bracey,OJ Price,BJ Currie,1,0,,,,,,"",""
ball,4,10.6,Gloucestershire,OJ Price,James Bracey,BJ Currie,0,0,,,,,,"",""
ball,4,11.1,Gloucestershire,James Bracey,OJ Price,SF Hunt,0,0,,,,,,"",""
ball,4,11.2,Gloucestershire,James Bracey,OJ Price,SF Hunt,1,0,,,,,,"",""
ball,4,11.3,Gloucestershire,OJ Price,James Bracey,SF Hunt,0,0,,,,,,"",""
ball,4,11.4,Gloucestershire,OJ Price,James Bracey,SF Hunt,0,0,,,,,,"",""
ball,4,11.5,Gloucestershire,OJ Price,James Bracey,SF Hunt,0,0,,,,,,"",""
ball,4,11.6,Gloucestershire,OJ Price,James Bracey,SF Hunt,0,0,,,,,,"",""
ball,4,12.1,Gloucestershire,James Bracey,OJ Price,BJ Currie,0,0,,,,,,caught,James Bracey
ball,4,12.2,Gloucestershire,Miles Hammond,OJ Price,BJ Currie,0,0,,,,,,"",""
ball,4,12.3,Gloucestershire,Miles Hammond,OJ Price,BJ Currie,0,0,,,,,,"",""
ball,4,12.4,Gloucestershire,Miles Hammond,OJ Price,BJ Currie,3,0,,,,,,"",""
ball,4,12.5,Gloucestershire,OJ Price,Miles Hammond,BJ Currie,3,0,,,,,,"",""
ball,4,12.6,Gloucestershire,Miles Hammond,OJ Price,BJ Currie,0,0,,,,,,"",""
ball,4,13.1,Gloucestershire,OJ Price,Miles Hammond,SF Hunt,0,0,,,,,,"",""
ball,4,13.2,Gloucestershire,OJ Price,Miles Hammond,SF Hunt,0,0,,,,,,"",""
ball,4,13.3,Gloucestershire,OJ Price,Miles Hammond,SF Hunt,0,0,,,,,,"",""
ball,4,13.4,Gloucestershire,OJ Price,Miles Hammond,SF Hunt,0,0,,,,,,"",""
ball,4,13.5,Gloucestershire,OJ Price,Miles Hammond,SF Hunt,0,0,,,,,,"",""
ball,4,13.6,Gloucestershire,OJ Price,Miles Hammond,SF Hunt,1,0,,,,,,"",""
ball,4,14.1,Gloucestershire,OJ Price,Miles Hammond,BJ Currie,0,0,,,,,,"",""
ball,4,14.2,Gloucestershire,OJ Price,Miles Hammond,BJ Currie,1,0,,,,,,"",""
ball,4,14.3,Gloucestershire,Miles Hammond,OJ Price,BJ Currie,0,0,,,,,,"",""
ball,4,14.4,Gloucestershire,Miles Hammond,OJ Price,BJ Currie,0,0,,,,,,"",""
ball,4,14.5,Gloucestershire,Miles Hammond,OJ Price,BJ Currie,1,0,,,,,,"",""
ball,4,14.6,Gloucestershire,OJ Price,Miles Hammond,BJ Currie,0,0,,,,,,"",""
ball,4,15.1,Gloucestershire,Miles Hammond,OJ Price,HT Crocombe,0,0,,,,,,"",""
ball,4,15.2,Gloucestershire,Miles Hammond,OJ Price,HT Crocombe,0,0,,,,,,"",""
ball,4,15.3,Gloucestershire,Miles Hammond,OJ Price,HT Crocombe,0,0,,,,,,"",""
ball,4,15.4,Gloucestershire,Miles Hammond,OJ Price,HT Crocombe,2,0,,,,,,"",""
ball,4,15.5,Gloucestershire,Miles Hammond,OJ Price,HT Crocombe,0,0,,,,,,"",""
ball,4,15.6,Gloucestershire,Miles Hammond,OJ Price,HT Crocombe,0,0,,,,,,"",""
ball,4,16.1,Gloucestershire,OJ Price,Miles Hammond,FJ Hudson-Prentice,1,0,,,,,,"",""
ball,4,16.2,Gloucestershire,Miles Hammond,OJ Price,FJ Hudson-Prentice,0,0,,,,,,"",""
ball,4,16.3,Gloucestershire,Miles Hammond,OJ Price,FJ Hudson-Prentice,0,0,,,,,,"",""
ball,4,16.4,Gloucestershire,Miles Hammond,OJ Price,FJ Hudson-Prentice,0,0,,,,,,"",""
ball,4,16.5,Gloucestershire,Miles Hammond,OJ Price,FJ Hudson-Prentice,0,0,,,,,,caught,Miles Hammond
ball,4,16.6,Gloucestershire,GL van Buuren,OJ Price,FJ Hudson-Prentice,1,0,,,,,,"",""
ball,4,17.1,Gloucestershire,GL van Buuren,OJ Price,HT Crocombe,0,0,,,,,,"",""
ball,4,17.2,Gloucestershire,GL van Buuren,OJ Price,HT Crocombe,0,0,,,,,,"",""
ball,4,17.3,Gloucestershire,GL van Buuren,OJ Price,HT Crocombe,0,0,,,,,,"",""
ball,4,17.4,Gloucestershire,GL van Buuren,OJ Price,HT Crocombe,1,0,,,,,,"",""
ball,4,17.5,Gloucestershire,OJ Price,GL van Buuren,HT Crocombe,0,0,,,,,,"",""
ball,4,17.6,Gloucestershire,OJ Price,GL van Buuren,HT Crocombe,0,0,,,,,,"",""
ball,4,18.1,Gloucestershire,GL van Buuren,OJ Price,FJ Hudson-Prentice,0,0,,,,,,"",""
ball,4,18.2,Gloucestershire,GL van Buuren,OJ Price,FJ Hudson-Prentice,0,0,,,,,,"",""
ball,4,18.3,Gloucestershire,GL van Buuren,OJ Price,FJ Hudson-Prentice,4,0,,,,,,"",""
ball,4,18.4,Gloucestershire,GL van Buuren,OJ Price,FJ Hudson-Prentice,4,0,,,,,,"",""
ball,4,18.5,Gloucestershire,GL van Buuren,OJ Price,FJ Hudson-Prentice,1,0,,,,,,"",""
ball,4,18.6,Gloucestershire,OJ Price,GL van Buuren,FJ Hudson-Prentice,0,0,,,,,,"",""
ball,4,19.1,Gloucestershire,GL van Buuren,OJ Price,HT Crocombe,0,0,,,,,,"",""
ball,4,19.2,Gloucestershire,GL van Buuren,OJ Price,HT Crocombe,0,0,,,,,,"",""
ball,4,19.3,Gloucestershire,GL van Buuren,OJ Price,HT Crocombe,3,0,,,,,,"",""
ball,4,19.4,Gloucestershire,OJ Price,GL van Buuren,HT Crocombe,1,0,,,,,,"",""
ball,4,19.5,Gloucestershire,GL van Buuren,OJ Price,HT Crocombe,1,0,,,,,,"",""
ball,4,19.6,Gloucestershire,OJ Price,GL van Buuren,HT Crocombe,2,0,,,,,,"",""
ball,4,20.1,Gloucestershire,GL van Buuren,OJ Price,FJ Hudson-Prentice,0,0,,,,,,"",""
ball,4,20.2,Gloucestershire,GL van Buuren,OJ Price,FJ Hudson-Prentice,1,0,,,,,,"",""
ball,4,20.3,Gloucestershire,OJ Price,GL van Buuren,FJ Hudson-Prentice,0,0,,,,,,"",""
ball,4,20.4,Gloucestershire,OJ Price,GL van Buuren,FJ Hudson-Prentice,0,0,,,,,,"",""
ball,4,20.5,Gloucestershire,OJ Price,GL van Buuren,FJ Hudson-Prentice,0,0,,,,,,"",""
ball,4,20.6,Gloucestershire,OJ Price,GL van Buuren,FJ Hudson-Prentice,0,0,,,,,,"",""
ball,4,21.1,Gloucestershire,GL van Buuren,OJ Price,HT Crocombe,4,0,,,,,,"",""
ball,4,21.2,Gloucestershire,GL van Buuren,OJ Price,HT Crocombe,0,0,,,,,,"",""
ball,4,21.3,Gloucestershire,GL van Buuren,OJ Price,HT Crocombe,0,0,,,,,,"",""
ball,4,21.4,Gloucestershire,GL van Buuren,OJ Price,HT Crocombe,4,0,,,,,,"",""
ball,4,21.5,Gloucestershire,GL van Buuren,OJ Price,HT Crocombe,4,0,,,,,,"",""
ball,4,21.6,Gloucestershire,GL van Buuren,OJ Price,HT Crocombe,2,0,,,,,,"",""
ball,4,22.1,Gloucestershire,OJ Price,GL van Buuren,FJ Hudson-Prentice,0,0,,,,,,"",""
ball,4,22.2,Gloucestershire,OJ Price,GL van Buuren,FJ Hudson-Prentice,0,0,,,,,,"",""
ball,4,22.3,Gloucestershire,OJ Price,GL van Buuren,FJ Hudson-Prentice,0,0,,,,,,"",""
ball,4,22.4,Gloucestershire,OJ Price,GL van Buuren,FJ Hudson-Prentice,0,0,,,,,,"",""
ball,4,22.5,Gloucestershire,OJ Price,GL van Buuren,FJ Hudson-Prentice,0,0,,,,,,"",""
ball,4,22.6,Gloucestershire,OJ Price,GL van Buuren,FJ Hudson-Prentice,0,0,,,,,,"",""
ball,4,23.1,Gloucestershire,GL van Buuren,OJ Price,JJ Carson,0,0,,,,,,"",""
ball,4,23.2,Gloucestershire,GL van Buuren,OJ Price,JJ Carson,0,0,,,,,,"",""
ball,4,23.3,Gloucestershire,GL van Buuren,OJ Price,JJ Carson,1,0,,,,,,"",""
ball,4,23.4,Gloucestershire,OJ Price,GL van Buuren,JJ Carson,1,0,,,,,,"",""
ball,4,23.5,Gloucestershire,GL van Buuren,OJ Price,JJ Carson,0,0,,,,,,"",""
ball,4,23.6,Gloucestershire,GL van Buuren,OJ Price,JJ Carson,0,0,,,,,,"",""
ball,4,24.1,Gloucestershire,OJ Price,GL van Buuren,FJ Hudson-Prentice,0,0,,,,,,"",""
ball,4,24.2,Gloucestershire,OJ Price,GL van Buuren,FJ Hudson-Prentice,0,0,,,,,,"",""
ball,4,24.3,Gloucestershire,OJ Price,GL van Buuren,FJ Hudson-Prentice,0,0,,,,,,"",""
ball,4,24.4,Gloucestershire,OJ Price,GL van Buuren,FJ Hudson-Prentice,0,0,,,,,,"",""
ball,4,24.5,Gloucestershire,OJ Price,GL van Buuren,FJ Hudson-Prentice,0,0,,,,,,"",""
ball,4,24.6,Gloucestershire,OJ Price,GL van Buuren,FJ Hudson-Prentice,0,0,,,,,,"",""
ball,4,25.1,Gloucestershire,GL van Buuren,OJ Price,JJ Carson,0,0,,,,,,"",""
ball,4,25.2,Gloucestershire,GL van Buuren,OJ Price,JJ Carson,0,0,,,,,,"",""
ball,4,25.3,Gloucestershire,GL van Buuren,OJ Price,JJ Carson,0,0,,,,,,"",""
ball,4,25.4,Gloucestershire,GL van Buuren,OJ Price,JJ Carson,0,0,,,,,,"",""
ball,4,25.5,Gloucestershire,GL van Buuren,OJ Price,JJ Carson,1,0,,,,,,"",""
ball,4,25.6,Gloucestershire,OJ Price,GL van Buuren,JJ Carson,1,0,,,,,,"",""
ball,4,26.1,Gloucestershire,OJ Price,GL van Buuren,FJ Hudson-Prentice,0,0,,,,,,"",""
ball,4,26.2,Gloucestershire,OJ Price,GL van Buuren,FJ Hudson-Prentice,0,0,,,,,,"",""
ball,4,26.3,Gloucestershire,OJ Price,GL van Buuren,FJ Hudson-Prentice,0,0,,,,,,"",""
ball,4,26.4,Gloucestershire,OJ Price,GL van Buuren,FJ Hudson-Prentice,0,0,,,,,,"",""
ball,4,26.5,Gloucestershire,OJ Price,GL van Buuren,FJ Hudson-Prentice,0,0,,,,,,"",""
ball,4,26.6,Gloucestershire,OJ Price,GL van Buuren,FJ Hudson-Prentice,1,0,,,,,,"",""
ball,4,27.1,Gloucestershire,OJ Price,GL van Buuren,JJ Carson,1,0,,,,,,"",""
ball,4,27.2,Gloucestershire,GL van Buuren,OJ Price,JJ Carson,1,0,,,,,,"",""
ball,4,27.3,Gloucestershire,OJ Price,GL van Buuren,JJ Carson,1,0,,,,,,"",""
ball,4,27.4,Gloucestershire,GL van Buuren,OJ Price,JJ Carson,0,0,,,,,,"",""
ball,4,27.5,Gloucestershire,GL van Buuren,OJ Price,JJ Carson,1,0,,,,,,"",""
ball,4,27.6,Gloucestershire,OJ Price,GL van Buuren,JJ Carson,1,0,,,,,,"",""
ball,4,28.1,Gloucestershire,OJ Price,GL van Buuren,SF Hunt,1,0,,,,,,"",""
ball,4,28.2,Gloucestershire,GL van Buuren,OJ Price,SF Hunt,0,0,,,,,,"",""
ball,4,28.3,Gloucestershire,GL van Buuren,OJ Price,SF Hunt,1,0,,,,,,"",""
ball,4,28.4,Gloucestershire,OJ Price,GL van Buuren,SF Hunt,1,0,,,,,,"",""
ball,4,28.5,Gloucestershire,GL van Buuren,OJ Price,SF Hunt,0,0,,,,,,"",""
ball,4,28.6,Gloucestershire,GL van Buuren,OJ Price,SF Hunt,4,0,,,,,,"",""
ball,4,29.1,Gloucestershire,OJ Price,GL van Buuren,JJ Carson,1,0,,,,,,"",""
ball,4,29.2,Gloucestershire,GL van Buuren,OJ Price,JJ Carson,0,0,,,,,,"",""
ball,4,29.3,Gloucestershire,GL van Buuren,OJ Price,JJ Carson,0,0,,,,,,"",""
ball,4,29.4,Gloucestershire,GL van Buuren,OJ Price,JJ Carson,0,0,,,,,,"",""
ball,4,29.5,Gloucestershire,GL van Buuren,OJ Price,JJ Carson,0,0,,,,,,"",""
ball,4,29.6,Gloucestershire,GL van Buuren,OJ Price,JJ Carson,0,0,,,,,,"",""
ball,4,30.1,Gloucestershire,OJ Price,GL van Buuren,SF Hunt,0,0,,,,,,"",""
ball,4,30.2,Gloucestershire,OJ Price,GL van Buuren,SF Hunt,0,0,,,,,,"",""
ball,4,30.3,Gloucestershire,OJ Price,GL van Buuren,SF Hunt,0,0,,,,,,"",""
ball,4,30.4,Gloucestershire,OJ Price,GL van Buuren,SF Hunt,4,0,,,,,,"",""
ball,4,30.5,Gloucestershire,OJ Price,GL van Buuren,SF Hunt,0,0,,,,,,"",""
ball,4,30.6,Gloucestershire,OJ Price,GL van Buuren,SF Hunt,0,0,,,,,,lbw,OJ Price
ball,4,31.1,Gloucestershire,GL van Buuren,Zafar Gohar,JJ Carson,4,0,,,,,,"",""
ball,4,31.2,Gloucestershire,GL van Buuren,Zafar Gohar,JJ Carson,0,0,,,,,,"",""
ball,4,31.3,Gloucestershire,GL van Buuren,Zafar Gohar,JJ Carson,2,0,,,,,,"",""
ball,4,31.4,Gloucestershire,GL van Buuren,Zafar Gohar,JJ Carson,0,0,,,,,,"",""
ball,4,31.5,Gloucestershire,GL van Buuren,Zafar Gohar,JJ Carson,0,0,,,,,,"",""
ball,4,31.6,Gloucestershire,GL van Buuren,Zafar Gohar,JJ Carson,0,0,,,,,,"",""
ball,4,32.1,Gloucestershire,Zafar Gohar,GL van Buuren,JM Coles,0,0,,,,,,"",""
ball,4,32.2,Gloucestershire,Zafar Gohar,GL van Buuren,JM Coles,0,0,,,,,,"",""
ball,4,32.3,Gloucestershire,Zafar Gohar,GL van Buuren,JM Coles,0,0,,,,,,"",""
ball,4,32.4,Gloucestershire,Zafar Gohar,GL van Buuren,JM Coles,0,0,,,,,,"",""
ball,4,32.5,Gloucestershire,Zafar Gohar,GL van Buuren,JM Coles,2,0,,,,,,"",""
ball,4,32.6,Gloucestershire,Zafar Gohar,GL van Buuren,JM Coles,0,0,,,,,,"",""
ball,4,33.1,Gloucestershire,GL van Buuren,Zafar Gohar,JJ Carson,0,0,,,,,,"",""
ball,4,33.2,Gloucestershire,GL van Buuren,Zafar Gohar,JJ Carson,1,0,,,,,,"",""
ball,4,33.3,Gloucestershire,Zafar Gohar,GL van Buuren,JJ Carson,0,0,,,,,,"",""
ball,4,33.4,Gloucestershire,Zafar Gohar,GL van Buuren,JJ Carson,0,0,,,,,,"",""
ball,4,33.5,Gloucestershire,Zafar Gohar,GL van Buuren,JJ Carson,0,0,,,,,,"",""
ball,4,33.6,Gloucestershire,Zafar Gohar,GL van Buuren,JJ Carson,0,0,,,,,,"",""
ball,4,34.1,Gloucestershire,GL van Buuren,Zafar Gohar,BJ Currie,0,0,,,,,,"",""
ball,4,34.2,Gloucestershire,GL van Buuren,Zafar Gohar,BJ Currie,4,0,,,,,,"",""
ball,4,34.3,Gloucestershire,GL van Buuren,Zafar Gohar,BJ Currie,0,0,,,,,,"",""
ball,4,34.4,Gloucestershire,GL van Buuren,Zafar Gohar,BJ Currie,0,0,,,,,,"",""
ball,4,34.5,Gloucestershire,GL van Buuren,Zafar Gohar,BJ Currie,0,0,,,,,,"",""
ball,4,34.6,Gloucestershire,GL van Buuren,Zafar Gohar,BJ Currie,0,0,,,,,,"",""
ball,4,35.1,Gloucestershire,Zafar Gohar,GL van Buuren,SF Hunt,0,0,,,,,,"",""
ball,4,35.2,Gloucestershire,Zafar Gohar,GL van Buuren,SF Hunt,1,0,,,,,,"",""
ball,4,35.3,Gloucestershire,GL van Buuren,Zafar Gohar,SF Hunt,0,0,,,,,,"",""
ball,4,35.4,Gloucestershire,GL van Buuren,Zafar Gohar,SF Hunt,4,0,,,,,,"",""
ball,4,35.5,Gloucestershire,GL van Buuren,Zafar Gohar,SF Hunt,0,0,,,,,,"",""
ball,4,35.6,Gloucestershire,GL van Buuren,Zafar Gohar,SF Hunt,0,0,,,,,,"",""
ball,4,36.1,Gloucestershire,Zafar Gohar,GL van Buuren,BJ Currie,0,0,,,,,,caught,Zafar Gohar
ball,4,36.2,Gloucestershire,MD Taylor,GL van Buuren,BJ Currie,0,0,,,,,,"",""
ball,4,36.3,Gloucestershire,MD Taylor,GL van Buuren,BJ Currie,0,0,,,,,,caught,MD Taylor
ball,4,36.4,Gloucestershire,J Shaw,GL van Buuren,BJ Currie,0,0,,,,,,"",""
ball,4,36.5,Gloucestershire,J Shaw,GL van Buuren,BJ Currie,0,0,,,,,,"",""
ball,4,36.6,Gloucestershire,J Shaw,GL van Buuren,BJ Currie,1,0,,,,,,"",""
ball,4,37.1,Gloucestershire,J Shaw,GL van Buuren,SF Hunt,0,0,,,,,,"",""
ball,4,37.2,Gloucestershire,J Shaw,GL van Buuren,SF Hunt,0,0,,,,,,"",""
ball,4,37.3,Gloucestershire,J Shaw,GL van Buuren,SF Hunt,0,0,,,,,,"",""
ball,4,37.4,Gloucestershire,J Shaw,GL van Buuren,SF Hunt,0,0,,,,,,"",""
ball,4,37.5,Gloucestershire,J Shaw,GL van Buuren,SF Hunt,0,0,,,,,,"",""
ball,4,37.6,Gloucestershire,J Shaw,GL van Buuren,SF Hunt,1,0,,,,,,"",""
ball,4,38.1,Gloucestershire,J Shaw,GL van Buuren,BJ Currie,0,0,,,,,,"",""
ball,4,38.2,Gloucestershire,J Shaw,GL van Buuren,BJ Currie,0,0,,,,,,"",""
ball,4,38.3,Gloucestershire,J Shaw,GL van Buuren,BJ Currie,0,0,,,,,,"",""
ball,4,38.4,Gloucestershire,J Shaw,GL van Buuren,BJ Currie,0,1,,,,1,,"",""
ball,4,38.5,Gloucestershire,GL van Buuren,J Shaw,BJ Currie,0,0,,,,,,"",""
ball,4,38.6,Gloucestershire,GL van Buuren,J Shaw,BJ Currie,0,0,,,,,,"",""
ball,4,39.1,Gloucestershire,J Shaw,GL van Buuren,JJ Carson,0,0,,,,,,"",""
ball,4,39.2,Gloucestershire,J Shaw,GL van Buuren,JJ Carson,6,0,,,,,,"",""
ball,4,39.3,Gloucestershire,J Shaw,GL van Buuren,JJ Carson,0,0,,,,,,"",""
ball,4,39.4,Gloucestershire,J Shaw,GL van Buuren,JJ Carson,0,0,,,,,,"",""
ball,4,39.5,Gloucestershire,J Shaw,GL van Buuren,JJ Carson,4,0,,,,,,"",""
ball,4,39.6,Gloucestershire,J Shaw,GL van Buuren,JJ Carson,0,0,,,,,,"",""
ball,4,40.1,Gloucestershire,GL van Buuren,J Shaw,SF Hunt,0,0,,,,,,"",""
ball,4,40.2,Gloucestershire,GL van Buuren,J Shaw,SF Hunt,2,0,,,,,,"",""
ball,4,40.3,Gloucestershire,GL van Buuren,J Shaw,SF Hunt,4,0,,,,,,"",""
ball,4,40.4,Gloucestershire,GL van Buuren,J Shaw,SF Hunt,0,0,,,,,,"",""
ball,4,40.5,Gloucestershire,GL van Buuren,J Shaw,SF Hunt,1,0,,,,,,"",""
ball,4,40.6,Gloucestershire,J Shaw,GL van Buuren,SF Hunt,1,2,,2,,,,"",""
ball,4,40.7,Gloucestershire,GL van Buuren,J Shaw,SF Hunt,4,0,,,,,,"",""
ball,4,41.1,Gloucestershire,J Shaw,GL van Buuren,JJ Carson,1,0,,,,,,"",""
ball,4,41.2,Gloucestershire,GL van Buuren,J Shaw,JJ Carson,1,0,,,,,,"",""
ball,4,41.3,Gloucestershire,J Shaw,GL van Buuren,JJ Carson,4,0,,,,,,"",""
ball,4,41.4,Gloucestershire,J Shaw,GL van Buuren,JJ Carson,0,0,,,,,,caught,J Shaw
ball,4,41.5,Gloucestershire,Zaman Akhter,GL van Buuren,JJ Carson,2,0,,,,,,"",""
ball,4,41.6,Gloucestershire,Zaman Akhter,GL van Buuren,JJ Carson,1,0,,,,,,"",""
ball,4,42.1,Gloucestershire,Zaman Akhter,GL van Buuren,SF Hunt,0,0,,,,,,"",""
ball,4,42.2,Gloucestershire,Zaman Akhter,GL van Buuren,SF Hunt,1,0,,,,,,"",""
ball,4,42.3,Gloucestershire,GL van Buuren,Zaman Akhter,SF Hunt,0,0,,,,,,"",""
ball,4,42.4,Gloucestershire,GL van Buuren,Zaman Akhter,SF Hunt,0,0,,,,,,"",""
ball,4,42.5,Gloucestershire,GL van Buuren,Zaman Akhter,SF Hunt,1,0,,,,,,"",""
ball,4,42.6,Gloucestershire,Zaman Akhter,GL van Buuren,SF Hunt,1,0,,,,,,"",""
ball,4,43.1,Gloucestershire,Zaman Akhter,GL van Buuren,JJ Carson,0,0,,,,,,"",""
ball,4,43.2,Gloucestershire,Zaman Akhter,GL van Buuren,JJ Carson,6,0,,,,,,"",""
ball,4,43.3,Gloucestershire,Zaman Akhter,GL van Buuren,JJ Carson,2,0,,,,,,"",""
ball,4,43.4,Gloucestershire,Zaman Akhter,GL van Buuren,JJ Carson,4,0,,,,,,"",""
ball,4,43.5,Gloucestershire,Zaman Akhter,GL van Buuren,JJ Carson,0,0,,,,,,lbw,Zaman Akhter
