version,1.7.0
info,balls_per_over,6
info,team,South Australia
info,team,Victoria
info,gender,male
info,season,2023/24
info,date,2024/02/03
info,date,2024/02/04
info,date,2024/02/05
info,date,2024/02/06
info,event,Sheffield Shield
info,match_number,19
info,venue,"Junction Oval, Melbourne"
info,city,Melbourne
info,toss_winner,Victoria
info,toss_decision,field
info,player_of_match,NJ Maddinson
info,umpire,GJ Davidson
info,umpire,SA Lightbody
info,match_referee,RW Stratford
info,winner,Victoria
info,winner_wickets,3
info,player,South Australia,HJ Hunt
info,player,South Australia,JM Carder
info,player,South Australia,NA McSweeney
info,player,South Australia,T Kelly
info,player,South Australia,JS Lehmann
info,player,South Australia,HJ Nielsen
info,player,South Australia,L Scott
info,player,South Australia,BAD Manenti
info,player,South Australia,N McAndrew
info,player,South Australia,WA Agar
info,player,South Australia,B Doggett
info,player,Victoria,NJ Maddinson
info,player,Victoria,MS Harris
info,player,Victoria,C Kellaway
info,player,Victoria,PSP Handscomb
info,player,Victoria,J Merlo
info,player,Victoria,SB Harper
info,player,Victoria,M Perry
info,player,Victoria,F O'Neill
info,player,Victoria,XA Crone
info,player,Victoria,T Murphy
info,player,Victoria,SM Boland
info,registry,people,B Doggett,898e628d
info,registry,people,BAD Manenti,ab21795b
info,registry,people,C Kellaway,60c28835
info,registry,people,F O'Neill,39d608d4
info,registry,people,GJ Davidson,31ad5973
info,registry,people,HJ Hunt,62ef4abe
info,registry,people,HJ Nielsen,0ea1455a
info,registry,people,J Merlo,02ba80a0
info,registry,people,JM Carder,782b4a8e
info,registry,people,JS Lehmann,c96a215f
info,registry,people,L Scott,0ebb3444
info,registry,people,M Perry,442461fa
info,registry,people,MS Harris,9e85455c
info,registry,people,N McAndrew,38c276e1
info,registry,people,NA McSweeney,e94d2d50
info,registry,people,NJ Maddinson,44afbf2d
info,registry,people,PSP Handscomb,ada15e88
info,registry,people,RW Stratford,85489579
info,registry,people,SA Lightbody,680b8cbf
info,registry,people,SB Harper,a756e61a
info,registry,people,SM Boland,d167edd3
info,registry,people,T Kelly,6ceb94d0
info,registry,people,T Murphy,ac2e7ec0
info,registry,people,WA Agar,15de1f5d
info,registry,people,XA Crone,e5ee7c83
ball,1,0.1,South Australia,HJ Hunt,JM Carder,SM Boland,0,0,,,,,,"",""
ball,1,0.2,South Australia,HJ Hunt,JM Carder,SM Boland,0,0,,,,,,"",""
ball,1,0.3,South Australia,HJ Hunt,JM Carder,SM Boland,0,0,,,,,,"",""
ball,1,0.4,South Australia,HJ Hunt,JM Carder,SM Boland,0,0,,,,,,"",""
ball,1,0.5,South Australia,HJ Hunt,JM Carder,SM Boland,0,0,,,,,,"",""
ball,1,0.6,South Australia,HJ Hunt,JM Carder,SM Boland,1,0,,,,,,"",""
ball,1,1.1,South Australia,HJ Hunt,JM Carder,F O'Neill,0,0,,,,,,"",""
ball,1,1.2,South Australia,HJ Hunt,JM Carder,F O'Neill,0,0,,,,,,"",""
ball,1,1.3,South Australia,HJ Hunt,JM Carder,F O'Neill,0,0,,,,,,"",""
ball,1,1.4,South Australia,HJ Hunt,JM Carder,F O'Neill,0,0,,,,,,"",""
ball,1,1.5,South Australia,HJ Hunt,JM Carder,F O'Neill,0,0,,,,,,"",""
ball,1,1.6,South Australia,HJ Hunt,JM Carder,F O'Neill,0,0,,,,,,"",""
ball,1,2.1,South Australia,JM Carder,HJ Hunt,SM Boland,0,0,,,,,,"",""
ball,1,2.2,South Australia,JM Carder,HJ Hunt,SM Boland,0,0,,,,,,"",""
ball,1,2.3,South Australia,JM Carder,HJ Hunt,SM Boland,0,0,,,,,,"",""
ball,1,2.4,South Australia,JM Carder,HJ Hunt,SM Boland,0,0,,,,,,"",""
ball,1,2.5,South Australia,JM Carder,HJ Hunt,SM Boland,0,0,,,,,,"",""
ball,1,2.6,South Australia,JM Carder,HJ Hunt,SM Boland,0,0,,,,,,"",""
ball,1,3.1,South Australia,HJ Hunt,JM Carder,F O'Neill,0,0,,,,,,"",""
ball,1,3.2,South Australia,HJ Hunt,JM Carder,F O'Neill,0,0,,,,,,"",""
ball,1,3.3,South Australia,HJ Hunt,JM Carder,F O'Neill,0,0,,,,,,"",""
ball,1,3.4,South Australia,HJ Hunt,JM Carder,F O'Neill,0,0,,,,,,"",""
ball,1,3.5,South Australia,HJ Hunt,JM Carder,F O'Neill,0,0,,,,,,"",""
ball,1,3.6,South Australia,HJ Hunt,JM Carder,F O'Neill,0,0,,,,,,"",""
ball,1,4.1,South Australia,JM Carder,HJ Hunt,SM Boland,0,0,,,,,,"",""
ball,1,4.2,South Australia,JM Carder,HJ Hunt,SM Boland,0,0,,,,,,"",""
ball,1,4.3,South Australia,JM Carder,HJ Hunt,SM Boland,0,0,,,,,,"",""
ball,1,4.4,South Australia,JM Carder,HJ Hunt,SM Boland,0,0,,,,,,"",""
ball,1,4.5,South Australia,JM Carder,HJ Hunt,SM Boland,0,0,,,,,,"",""
ball,1,4.6,South Australia,JM Carder,HJ Hunt,SM Boland,0,0,,,,,,"",""
ball,1,5.1,South Australia,HJ Hunt,JM Carder,F O'Neill,0,0,,,,,,"",""
ball,1,5.2,South Australia,HJ Hunt,JM Carder,F O'Neill,0,0,,,,,,"",""
ball,1,5.3,South Australia,HJ Hunt,JM Carder,F O'Neill,0,0,,,,,,"",""
ball,1,5.4,South Australia,HJ Hunt,JM Carder,F O'Neill,0,0,,,,,,"",""
ball,1,5.5,South Australia,HJ Hunt,JM Carder,F O'Neill,0,0,,,,,,"",""
ball,1,5.6,South Australia,HJ Hunt,JM Carder,F O'Neill,0,0,,,,,,"",""
ball,1,6.1,South Australia,JM Carder,HJ Hunt,SM Boland,0,0,,,,,,"",""
ball,1,6.2,South Australia,JM Carder,HJ Hunt,SM Boland,0,0,,,,,,"",""
ball,1,6.3,South Australia,JM Carder,HJ Hunt,SM Boland,0,0,,,,,,"",""
ball,1,6.4,South Australia,JM Carder,HJ Hunt,SM Boland,0,0,,,,,,"",""
ball,1,6.5,South Australia,JM Carder,HJ Hunt,SM Boland,0,0,,,,,,"",""
ball,1,6.6,South Australia,JM Carder,HJ Hunt,SM Boland,0,0,,,,,,"",""
ball,1,7.1,South Australia,HJ Hunt,JM Carder,F O'Neill,0,0,,,,,,"",""
ball,1,7.2,South Australia,HJ Hunt,JM Carder,F O'Neill,0,0,,,,,,caught,HJ Hunt
ball,1,7.3,South Australia,NA McSweeney,JM Carder,F O'Neill,0,0,,,,,,"",""
ball,1,7.4,South Australia,NA McSweeney,JM Carder,F O'Neill,0,0,,,,,,"",""
ball,1,7.5,South Australia,NA McSweeney,JM Carder,F O'Neill,0,0,,,,,,"",""
ball,1,7.6,South Australia,NA McSweeney,JM Carder,F O'Neill,0,0,,,,,,"",""
ball,1,8.1,South Australia,JM Carder,NA McSweeney,SM Boland,0,0,,,,,,"",""
ball,1,8.2,South Australia,JM Carder,NA McSweeney,SM Boland,0,0,,,,,,"",""
ball,1,8.3,South Australia,JM Carder,NA McSweeney,SM Boland,0,0,,,,,,"",""
ball,1,8.4,South Australia,JM Carder,NA McSweeney,SM Boland,0,0,,,,,,"",""
ball,1,8.5,South Australia,JM Carder,NA McSweeney,SM Boland,0,0,,,,,,"",""
ball,1,8.6,South Australia,JM Carder,NA McSweeney,SM Boland,0,0,,,,,,"",""
ball,1,9.1,South Australia,NA McSweeney,JM Carder,F O'Neill,0,0,,,,,,"",""
ball,1,9.2,South Australia,NA McSweeney,JM Carder,F O'Neill,0,0,,,,,,"",""
ball,1,9.3,South Australia,NA McSweeney,JM Carder,F O'Neill,0,0,,,,,,"",""
ball,1,9.4,South Australia,NA McSweeney,JM Carder,F O'Neill,0,0,,,,,,"",""
ball,1,9.5,South Australia,NA McSweeney,JM Carder,F O'Neill,0,0,,,,,,"",""
ball,1,9.6,South Australia,NA McSweeney,JM Carder,F O'Neill,0,0,,,,,,"",""
ball,1,10.1,South Australia,JM Carder,NA McSweeney,M Perry,0,0,,,,,,"",""
ball,1,10.2,South Australia,JM Carder,NA McSweeney,M Perry,1,0,,,,,,"",""
ball,1,10.3,South Australia,NA McSweeney,JM Carder,M Perry,0,0,,,,,,"",""
ball,1,10.4,South Australia,NA McSweeney,JM Carder,M Perry,0,0,,,,,,"",""
ball,1,10.5,South Australia,NA McSweeney,JM Carder,M Perry,0,0,,,,,,"",""
ball,1,10.6,South Australia,NA McSweeney,JM Carder,M Perry,0,0,,,,,,"",""
ball,1,11.1,South Australia,JM Carder,NA McSweeney,F O'Neill,0,0,,,,,,"",""
ball,1,11.2,South Australia,JM Carder,NA McSweeney,F O'Neill,0,0,,,,,,"",""
ball,1,11.3,South Australia,JM Carder,NA McSweeney,F O'Neill,0,0,,,,,,"",""
ball,1,11.4,South Australia,JM Carder,NA McSweeney,F O'Neill,0,0,,,,,,"",""
ball,1,11.5,South Australia,JM Carder,NA McSweeney,F O'Neill,0,0,,,,,,"",""
ball,1,11.6,South Australia,JM Carder,NA McSweeney,F O'Neill,0,0,,,,,,"",""
ball,1,12.1,South Australia,NA McSweeney,JM Carder,M Perry,0,0,,,,,,"",""
ball,1,12.2,South Australia,NA McSweeney,JM Carder,M Perry,0,0,,,,,,"",""
ball,1,12.3,South Australia,NA McSweeney,JM Carder,M Perry,0,0,,,,,,lbw,NA McSweeney
ball,1,12.4,South Australia,T Kelly,JM Carder,M Perry,0,0,,,,,,"",""
ball,1,12.5,South Australia,T Kelly,JM Carder,M Perry,0,0,,,,,,"",""
ball,1,12.6,South Australia,T Kelly,JM Carder,M Perry,0,0,,,,,,"",""
ball,1,13.1,South Australia,JM Carder,T Kelly,F O'Neill,0,0,,,,,,"",""
ball,1,13.2,South Australia,JM Carder,T Kelly,F O'Neill,0,0,,,,,,"",""
ball,1,13.3,South Australia,JM Carder,T Kelly,F O'Neill,0,0,,,,,,"",""
ball,1,13.4,South Australia,JM Carder,T Kelly,F O'Neill,0,0,,,,,,"",""
ball,1,13.5,South Australia,JM Carder,T Kelly,F O'Neill,1,0,,,,,,"",""
ball,1,13.6,South Australia,T Kelly,JM Carder,F O'Neill,0,0,,,,,,"",""
ball,1,14.1,South Australia,JM Carder,T Kelly,M Perry,0,0,,,,,,"",""
ball,1,14.2,South Australia,JM Carder,T Kelly,M Perry,0,0,,,,,,"",""
ball,1,14.3,South Australia,JM Carder,T Kelly,M Perry,0,0,,,,,,"",""
ball,1,14.4,South Australia,JM Carder,T Kelly,M Perry,0,0,,,,,,"",""
ball,1,14.5,South Australia,JM Carder,T Kelly,M Perry,0,1,,1,,,,"",""
ball,1,14.6,South Australia,JM Carder,T Kelly,M Perry,0,0,,,,,,"",""
ball,1,14.7,South Australia,JM Carder,T Kelly,M Perry,0,0,,,,,,"",""
ball,1,15.1,South Australia,T Kelly,JM Carder,F O'Neill,0,0,,,,,,"",""
ball,1,15.2,South Australia,T Kelly,JM Carder,F O'Neill,0,0,,,,,,"",""
ball,1,15.3,South Australia,T Kelly,JM Carder,F O'Neill,0,0,,,,,,"",""
ball,1,15.4,South Australia,T Kelly,JM Carder,F O'Neill,0,0,,,,,,"",""
ball,1,15.5,South Australia,T Kelly,JM Carder,F O'Neill,0,0,,,,,,"",""
ball,1,15.6,South Australia,T Kelly,JM Carder,F O'Neill,0,0,,,,,,"",""
ball,1,16.1,South Australia,JM Carder,T Kelly,M Perry,0,0,,,,,,"",""
ball,1,16.2,South Australia,JM Carder,T Kelly,M Perry,0,0,,,,,,"",""
ball,1,16.3,South Australia,JM Carder,T Kelly,M Perry,0,0,,,,,,"",""
ball,1,16.4,South Australia,JM Carder,T Kelly,M Perry,0,0,,,,,,"",""
ball,1,16.5,South Australia,JM Carder,T Kelly,M Perry,0,0,,,,,,"",""
ball,1,16.6,South Australia,JM Carder,T Kelly,M Perry,0,0,,,,,,"",""
ball,1,17.1,South Australia,T Kelly,JM Carder,F O'Neill,0,0,,,,,,"",""
ball,1,17.2,South Australia,T Kelly,JM Carder,F O'Neill,0,0,,,,,,"",""
ball,1,17.3,South Australia,T Kelly,JM Carder,F O'Neill,0,0,,,,,,"",""
ball,1,17.4,South Australia,T Kelly,JM Carder,F O'Neill,4,0,,,,,,"",""
ball,1,17.5,South Australia,T Kelly,JM Carder,F O'Neill,0,0,,,,,,"",""
ball,1,17.6,South Australia,T Kelly,JM Carder,F O'Neill,0,0,,,,,,"",""
ball,1,18.1,South Australia,JM Carder,T Kelly,M Perry,1,0,,,,,,"",""
ball,1,18.2,South Australia,T Kelly,JM Carder,M Perry,0,0,,,,,,"",""
ball,1,18.3,South Australia,T Kelly,JM Carder,M Perry,0,0,,,,,,"",""
ball,1,18.4,South Australia,T Kelly,JM Carder,M Perry,0,0,,,,,,"",""
ball,1,18.5,South Australia,T Kelly,JM Carder,M Perry,0,0,,,,,,caught,T Kelly
ball,1,18.6,South Australia,JS Lehmann,JM Carder,M Perry,0,0,,,,,,"",""
ball,1,19.1,South Australia,JM Carder,JS Lehmann,SM Boland,0,0,,,,,,"",""
ball,1,19.2,South Australia,JM Carder,JS Lehmann,SM Boland,0,0,,,,,,"",""
ball,1,19.3,South Australia,JM Carder,JS Lehmann,SM Boland,0,0,,,,,,"",""
ball,1,19.4,South Australia,JM Carder,JS Lehmann,SM Boland,0,0,,,,,,"",""
ball,1,19.5,South Australia,JM Carder,JS Lehmann,SM Boland,0,0,,,,,,"",""
ball,1,19.6,South Australia,JM Carder,JS Lehmann,SM Boland,0,0,,,,,,"",""
ball,1,20.1,South Australia,JS Lehmann,JM Carder,M Perry,0,0,,,,,,"",""
ball,1,20.2,South Australia,JS Lehmann,JM Carder,M Perry,0,0,,,,,,"",""
ball,1,20.3,South Australia,JS Lehmann,JM Carder,M Perry,0,0,,,,,,"",""
ball,1,20.4,South Australia,JS Lehmann,JM Carder,M Perry,0,0,,,,,,"",""
ball,1,20.5,South Australia,JS Lehmann,JM Carder,M Perry,0,1,,,,1,,"",""
ball,1,20.6,South Australia,JM Carder,JS Lehmann,M Perry,0,1,,,,1,,"",""
ball,1,21.1,South Australia,JM Carder,JS Lehmann,SM Boland,0,0,,,,,,"",""
ball,1,21.2,South Australia,JM Carder,JS Lehmann,SM Boland,0,0,,,,,,"",""
ball,1,21.3,South Australia,JM Carder,JS Lehmann,SM Boland,0,0,,,,,,"",""
ball,1,21.4,South Australia,JM Carder,JS Lehmann,SM Boland,0,0,,,,,,"",""
ball,1,21.5,South Australia,JM Carder,JS Lehmann,SM Boland,0,0,,,,,,"",""
ball,1,21.6,South Australia,JM Carder,JS Lehmann,SM Boland,0,0,,,,,,"",""
ball,1,22.1,South Australia,JS Lehmann,JM Carder,T Murphy,0,0,,,,,,"",""
ball,1,22.2,South Australia,JS Lehmann,JM Carder,T Murphy,1,0,,,,,,"",""
ball,1,22.3,South Australia,JM Carder,JS Lehmann,T Murphy,0,0,,,,,,"",""
ball,1,22.4,South Australia,JM Carder,JS Lehmann,T Murphy,0,0,,,,,,"",""
ball,1,22.5,South Australia,JM Carder,JS Lehmann,T Murphy,0,0,,,,,,"",""
ball,1,22.6,South Australia,JM Carder,JS Lehmann,T Murphy,0,0,,,,,,"",""
ball,1,23.1,South Australia,JS Lehmann,JM Carder,SM Boland,0,0,,,,,,"",""
ball,1,23.2,South Australia,JS Lehmann,JM Carder,SM Boland,0,0,,,,,,"",""
ball,1,23.3,South Australia,JS Lehmann,JM Carder,SM Boland,4,0,,,,,,"",""
ball,1,23.4,South Australia,JS Lehmann,JM Carder,SM Boland,0,0,,,,,,"",""
ball,1,23.5,South Australia,JS Lehmann,JM Carder,SM Boland,0,1,,1,,,,"",""
ball,1,23.6,South Australia,JS Lehmann,JM Carder,SM Boland,4,0,,,,,,"",""
ball,1,23.7,South Australia,JS Lehmann,JM Carder,SM Boland,4,0,,,,,,"",""
ball,1,24.1,South Australia,JM Carder,JS Lehmann,T Murphy,0,0,,,,,,"",""
ball,1,24.2,South Australia,JM Carder,JS Lehmann,T Murphy,0,0,,,,,,"",""
ball,1,24.3,South Australia,JM Carder,JS Lehmann,T Murphy,0,0,,,,,,"",""
ball,1,24.4,South Australia,JM Carder,JS Lehmann,T Murphy,0,0,,,,,,"",""
ball,1,24.5,South Australia,JM Carder,JS Lehmann,T Murphy,1,0,,,,,,"",""
ball,1,24.6,South Australia,JS Lehmann,JM Carder,T Murphy,1,0,,,,,,"",""
ball,1,25.1,South Australia,JS Lehmann,JM Carder,XA Crone,1,0,,,,,,"",""
ball,1,25.2,South Australia,JM Carder,JS Lehmann,XA Crone,0,0,,,,,,"",""
ball,1,25.3,South Australia,JM Carder,JS Lehmann,XA Crone,0,0,,,,,,"",""
ball,1,25.4,South Australia,JM Carder,JS Lehmann,XA Crone,0,0,,,,,,"",""
ball,1,25.5,South Australia,JM Carder,JS Lehmann,XA Crone,0,0,,,,,,"",""
ball,1,25.6,South Australia,JM Carder,JS Lehmann,XA Crone,2,0,,,,,,"",""
ball,1,26.1,South Australia,JS Lehmann,JM Carder,T Murphy,0,0,,,,,,"",""
ball,1,26.2,South Australia,JS Lehmann,JM Carder,T Murphy,1,0,,,,,,"",""
ball,1,26.3,South Australia,JM Carder,JS Lehmann,T Murphy,0,0,,,,,,"",""
ball,1,26.4,South Australia,JM Carder,JS Lehmann,T Murphy,1,0,,,,,,"",""
ball,1,26.5,South Australia,JS Lehmann,JM Carder,T Murphy,4,0,,,,,,"",""
ball,1,26.6,South Australia,JS Lehmann,JM Carder,T Murphy,0,1,,,,1,,"",""
ball,1,27.1,South Australia,JS Lehmann,JM Carder,XA Crone,0,0,,,,,,"",""
ball,1,27.2,South Australia,JS Lehmann,JM Carder,XA Crone,0,0,,,,,,"",""
ball,1,27.3,South Australia,JS Lehmann,JM Carder,XA Crone,0,0,,,,,,"",""
ball,1,27.4,South Australia,JS Lehmann,JM Carder,XA Crone,0,0,,,,,,"",""
ball,1,27.5,South Australia,JS Lehmann,JM Carder,XA Crone,0,0,,,,,,"",""
ball,1,27.6,South Australia,JS Lehmann,JM Carder,XA Crone,4,0,,,,,,"",""
ball,1,28.1,South Australia,JM Carder,JS Lehmann,T Murphy,0,0,,,,,,"",""
ball,1,28.2,South Australia,JM Carder,JS Lehmann,T Murphy,0,0,,,,,,"",""
ball,1,28.3,South Australia,JM Carder,JS Lehmann,T Murphy,0,0,,,,,,"",""
ball,1,28.4,South Australia,JM Carder,JS Lehmann,T Murphy,0,0,,,,,,"",""
ball,1,28.5,South Australia,JM Carder,JS Lehmann,T Murphy,0,0,,,,,,"",""
ball,1,28.6,South Australia,JM Carder,JS Lehmann,T Murphy,0,0,,,,,,"",""
ball,1,29.1,South Australia,JS Lehmann,JM Carder,XA Crone,4,0,,,,,,"",""
ball,1,29.2,South Australia,JS Lehmann,JM Carder,XA Crone,0,0,,,,,,"",""
ball,1,29.3,South Australia,JS Lehmann,JM Carder,XA Crone,3,0,,,,,,"",""
ball,1,29.4,South Australia,JM Carder,JS Lehmann,XA Crone,0,0,,,,,,"",""
ball,1,29.5,South Australia,JM Carder,JS Lehmann,XA Crone,0,0,,,,,,"",""
ball,1,29.6,South Australia,JM Carder,JS Lehmann,XA Crone,0,0,,,,,,"",""
ball,1,30.1,South Australia,JS Lehmann,JM Carder,SM Boland,0,0,,,,,,"",""
ball,1,30.2,South Australia,JS Lehmann,JM Carder,SM Boland,0,0,,,,,,"",""
ball,1,30.3,South Australia,JS Lehmann,JM Carder,SM Boland,0,0,,,,,,"",""
ball,1,30.4,South Australia,JS Lehmann,JM Carder,SM Boland,2,0,,,,,,"",""
ball,1,30.5,South Australia,JS Lehmann,JM Carder,SM Boland,0,0,,,,,,"",""
ball,1,30.6,South Australia,JS Lehmann,JM Carder,SM Boland,0,0,,,,,,"",""
ball,1,31.1,South Australia,JM Carder,JS Lehmann,F O'Neill,0,0,,,,,,"",""
ball,1,31.2,South Australia,JM Carder,JS Lehmann,F O'Neill,0,0,,,,,,"",""
ball,1,31.3,South Australia,JM Carder,JS Lehmann,F O'Neill,0,0,,,,,,"",""
ball,1,31.4,South Australia,JM Carder,JS Lehmann,F O'Neill,0,0,,,,,,"",""
ball,1,31.5,South Australia,JM Carder,JS Lehmann,F O'Neill,0,0,,,,,,"",""
ball,1,31.6,South Australia,JM Carder,JS Lehmann,F O'Neill,0,0,,,,,,"",""
ball,1,32.1,South Australia,JS Lehmann,JM Carder,M Perry,0,0,,,,,,"",""
ball,1,32.2,South Australia,JS Lehmann,JM Carder,M Perry,0,0,,,,,,"",""
ball,1,32.3,South Australia,JS Lehmann,JM Carder,M Perry,4,0,,,,,,"",""
ball,1,32.4,South Australia,JS Lehmann,JM Carder,M Perry,0,0,,,,,,bowled,JS Lehmann
ball,1,32.5,South Australia,HJ Nielsen,JM Carder,M Perry,4,0,,,,,,"",""
ball,1,32.6,South Australia,HJ Nielsen,JM Carder,M Perry,0,0,,,,,,"",""
ball,1,33.1,South Australia,JM Carder,HJ Nielsen,F O'Neill,0,0,,,,,,"",""
ball,1,33.2,South Australia,JM Carder,HJ Nielsen,F O'Neill,0,0,,,,,,"",""
ball,1,33.3,South Australia,JM Carder,HJ Nielsen,F O'Neill,0,0,,,,,,"",""
ball,1,33.4,South Australia,JM Carder,HJ Nielsen,F O'Neill,0,0,,,,,,"",""
ball,1,33.5,South Australia,JM Carder,HJ Nielsen,F O'Neill,0,0,,,,,,"",""
ball,1,33.6,South Australia,JM Carder,HJ Nielsen,F O'Neill,0,0,,,,,,"",""
ball,1,34.1,South Australia,HJ Nielsen,JM Carder,M Perry,0,0,,,,,,"",""
ball,1,34.2,South Australia,HJ Nielsen,JM Carder,M Perry,0,0,,,,,,"",""
ball,1,34.3,South Australia,HJ Nielsen,JM Carder,M Perry,0,0,,,,,,"",""
ball,1,34.4,South Australia,HJ Nielsen,JM Carder,M Perry,4,0,,,,,,"",""
ball,1,34.5,South Australia,HJ Nielsen,JM Carder,M Perry,4,0,,,,,,"",""
ball,1,34.6,South Australia,HJ Nielsen,JM Carder,M Perry,0,0,,,,,,"",""
ball,1,35.1,South Australia,JM Carder,HJ Nielsen,F O'Neill,0,0,,,,,,"",""
ball,1,35.2,South Australia,JM Carder,HJ Nielsen,F O'Neill,0,0,,,,,,"",""
ball,1,35.3,South Australia,JM Carder,HJ Nielsen,F O'Neill,0,0,,,,,,"",""
ball,1,35.4,South Australia,JM Carder,HJ Nielsen,F O'Neill,0,0,,,,,,"",""
ball,1,35.5,South Australia,JM Carder,HJ Nielsen,F O'Neill,0,0,,,,,,"",""
ball,1,35.6,South Australia,JM Carder,HJ Nielsen,F O'Neill,0,0,,,,,,"",""
ball,1,36.1,South Australia,HJ Nielsen,JM Carder,M Perry,0,0,,,,,,"",""
ball,1,36.2,South Australia,HJ Nielsen,JM Carder,M Perry,0,0,,,,,,"",""
ball,1,36.3,South Australia,HJ Nielsen,JM Carder,M Perry,0,0,,,,,,"",""
ball,1,36.4,South Australia,HJ Nielsen,JM Carder,M Perry,2,0,,,,,,"",""
ball,1,36.5,South Australia,HJ Nielsen,JM Carder,M Perry,0,0,,,,,,"",""
ball,1,36.6,South Australia,HJ Nielsen,JM Carder,M Perry,3,0,,,,,,"",""
ball,1,37.1,South Australia,HJ Nielsen,JM Carder,F O'Neill,0,0,,,,,,"",""
ball,1,37.2,South Australia,HJ Nielsen,JM Carder,F O'Neill,0,0,,,,,,"",""
ball,1,37.3,South Australia,HJ Nielsen,JM Carder,F O'Neill,0,0,,,,,,"",""
ball,1,37.4,South Australia,HJ Nielsen,JM Carder,F O'Neill,0,0,,,,,,"",""
ball,1,37.5,South Australia,HJ Nielsen,JM Carder,F O'Neill,0,0,,,,,,"",""
ball,1,37.6,South Australia,HJ Nielsen,JM Carder,F O'Neill,0,0,,,,,,"",""
ball,1,38.1,South Australia,JM Carder,HJ Nielsen,M Perry,0,0,,,,,,"",""
ball,1,38.2,South Australia,JM Carder,HJ Nielsen,M Perry,0,0,,,,,,"",""
ball,1,38.3,South Australia,JM Carder,HJ Nielsen,M Perry,0,0,,,,,,"",""
ball,1,38.4,South Australia,JM Carder,HJ Nielsen,M Perry,0,0,,,,,,"",""
ball,1,38.5,South Australia,JM Carder,HJ Nielsen,M Perry,0,0,,,,,,"",""
ball,1,38.6,South Australia,JM Carder,HJ Nielsen,M Perry,0,0,,,,,,"",""
ball,1,39.1,South Australia,HJ Nielsen,JM Carder,F O'Neill,0,0,,,,,,"",""
ball,1,39.2,South Australia,HJ Nielsen,JM Carder,F O'Neill,0,0,,,,,,"",""
ball,1,39.3,South Australia,HJ Nielsen,JM Carder,F O'Neill,1,0,,,,,,"",""
ball,1,39.4,South Australia,JM Carder,HJ Nielsen,F O'Neill,0,0,,,,,,"",""
ball,1,39.5,South Australia,JM Carder,HJ Nielsen,F O'Neill,0,0,,,,,,"",""
ball,1,39.6,South Australia,JM Carder,HJ Nielsen,F O'Neill,0,0,,,,,,"",""
ball,1,40.1,South Australia,HJ Nielsen,JM Carder,M Perry,0,0,,,,,,"",""
ball,1,40.2,South Australia,HJ Nielsen,JM Carder,M Perry,0,0,,,,,,"",""
ball,1,40.3,South Australia,HJ Nielsen,JM Carder,M Perry,0,0,,,,,,"",""
ball,1,40.4,South Australia,HJ Nielsen,JM Carder,M Perry,0,0,,,,,,"",""
ball,1,40.5,South Australia,HJ Nielsen,JM Carder,M Perry,0,0,,,,,,"",""
ball,1,40.6,South Australia,HJ Nielsen,JM Carder,M Perry,0,0,,,,,,"",""
ball,1,41.1,South Australia,JM Carder,HJ Nielsen,F O'Neill,0,0,,,,,,"",""
ball,1,41.2,South Australia,JM Carder,HJ Nielsen,F O'Neill,0,0,,,,,,"",""
ball,1,41.3,South Australia,JM Carder,HJ Nielsen,F O'Neill,0,0,,,,,,"",""
ball,1,41.4,South Australia,JM Carder,HJ Nielsen,F O'Neill,4,0,,,,,,"",""
ball,1,41.5,South Australia,JM Carder,HJ Nielsen,F O'Neill,0,0,,,,,,"",""
ball,1,41.6,South Australia,JM Carder,HJ Nielsen,F O'Neill,0,0,,,,,,"",""
ball,1,42.1,South Australia,HJ Nielsen,JM Carder,T Murphy,0,0,,,,,,"",""
ball,1,42.2,South Australia,HJ Nielsen,JM Carder,T Murphy,0,0,,,,,,"",""
ball,1,42.3,South Australia,HJ Nielsen,JM Carder,T Murphy,0,2,,,2,,,"",""
ball,1,42.4,South Australia,HJ Nielsen,JM Carder,T Murphy,0,0,,,,,,"",""
ball,1,42.5,South Australia,HJ Nielsen,JM Carder,T Murphy,0,0,,,,,,"",""
ball,1,42.6,South Australia,HJ Nielsen,JM Carder,T Murphy,0,0,,,,,,"",""
ball,1,43.1,South Australia,JM Carder,HJ Nielsen,SM Boland,1,0,,,,,,"",""
ball,1,43.2,South Australia,HJ Nielsen,JM Carder,SM Boland,0,0,,,,,,"",""
ball,1,43.3,South Australia,HJ Nielsen,JM Carder,SM Boland,1,1,,1,,,,"",""
ball,1,43.4,South Australia,JM Carder,HJ Nielsen,SM Boland,0,0,,,,,,"",""
ball,1,43.5,South Australia,JM Carder,HJ Nielsen,SM Boland,0,0,,,,,,"",""
ball,1,43.6,South Australia,JM Carder,HJ Nielsen,SM Boland,0,0,,,,,,"",""
ball,1,43.7,South Australia,JM Carder,HJ Nielsen,SM Boland,0,0,,,,,,"",""
ball,1,44.1,South Australia,HJ Nielsen,JM Carder,T Murphy,1,0,,,,,,"",""
ball,1,44.2,South Australia,JM Carder,HJ Nielsen,T Murphy,4,0,,,,,,"",""
ball,1,44.3,South Australia,JM Carder,HJ Nielsen,T Murphy,1,0,,,,,,"",""
ball,1,44.4,South Australia,HJ Nielsen,JM Carder,T Murphy,0,0,,,,,,"",""
ball,1,44.5,South Australia,HJ Nielsen,JM Carder,T Murphy,0,0,,,,,,"",""
ball,1,44.6,South Australia,HJ Nielsen,JM Carder,T Murphy,0,0,,,,,,"",""
ball,1,45.1,South Australia,JM Carder,HJ Nielsen,SM Boland,0,0,,,,,,"",""
ball,1,45.2,South Australia,JM Carder,HJ Nielsen,SM Boland,0,0,,,,,,caught,JM Carder
ball,1,45.3,South Australia,L Scott,HJ Nielsen,SM Boland,0,0,,,,,,"",""
ball,1,45.4,South Australia,L Scott,HJ Nielsen,SM Boland,0,0,,,,,,"",""
ball,1,45.5,South Australia,L Scott,HJ Nielsen,SM Boland,0,0,,,,,,"",""
ball,1,45.6,South Australia,L Scott,HJ Nielsen,SM Boland,0,0,,,,,,"",""
ball,1,46.1,South Australia,HJ Nielsen,L Scott,T Murphy,0,0,,,,,,"",""
ball,1,46.2,South Australia,HJ Nielsen,L Scott,T Murphy,1,0,,,,,,"",""
ball,1,46.3,South Australia,L Scott,HJ Nielsen,T Murphy,0,0,,,,,,"",""
ball,1,46.4,South Australia,L Scott,HJ Nielsen,T Murphy,0,0,,,,,,"",""
ball,1,46.5,South Australia,L Scott,HJ Nielsen,T Murphy,0,0,,,,,,"",""
ball,1,46.6,South Australia,L Scott,HJ Nielsen,T Murphy,1,0,,,,,,"",""
ball,1,47.1,South Australia,L Scott,HJ Nielsen,SM Boland,0,0,,,,,,"",""
ball,1,47.2,South Australia,L Scott,HJ Nielsen,SM Boland,0,0,,,,,,"",""
ball,1,47.3,South Australia,L Scott,HJ Nielsen,SM Boland,0,0,,,,,,"",""
ball,1,47.4,South Australia,L Scott,HJ Nielsen,SM Boland,0,0,,,,,,"",""
ball,1,47.5,South Australia,L Scott,HJ Nielsen,SM Boland,0,0,,,,,,"",""
ball,1,47.6,South Australia,L Scott,HJ Nielsen,SM Boland,0,0,,,,,,"",""
ball,1,48.1,South Australia,HJ Nielsen,L Scott,T Murphy,0,0,,,,,,"",""
ball,1,48.2,South Australia,HJ Nielsen,L Scott,T Murphy,0,0,,,,,,"",""
ball,1,48.3,South Australia,HJ Nielsen,L Scott,T Murphy,0,0,,,,,,"",""
ball,1,48.4,South Australia,HJ Nielsen,L Scott,T Murphy,0,0,,,,,,"",""
ball,1,48.5,South Australia,HJ Nielsen,L Scott,T Murphy,1,0,,,,,,"",""
ball,1,48.6,South Australia,L Scott,HJ Nielsen,T Murphy,4,0,,,,,,"",""
ball,1,49.1,South Australia,HJ Nielsen,L Scott,SM Boland,1,0,,,,,,"",""
ball,1,49.2,South Australia,L Scott,HJ Nielsen,SM Boland,0,0,,,,,,"",""
ball,1,49.3,South Australia,L Scott,HJ Nielsen,SM Boland,0,0,,,,,,"",""
ball,1,49.4,South Australia,L Scott,HJ Nielsen,SM Boland,0,0,,,,,,"",""
ball,1,49.5,South Australia,L Scott,HJ Nielsen,SM Boland,0,0,,,,,,run out,L Scott
ball,1,49.6,South Australia,HJ Nielsen,BAD Manenti,SM Boland,0,0,,,,,,"",""
ball,1,50.1,South Australia,BAD Manenti,HJ Nielsen,T Murphy,0,0,,,,,,"",""
ball,1,50.2,South Australia,BAD Manenti,HJ Nielsen,T Murphy,1,0,,,,,,"",""
ball,1,50.3,South Australia,HJ Nielsen,BAD Manenti,T Murphy,0,0,,,,,,"",""
ball,1,50.4,South Australia,HJ Nielsen,BAD Manenti,T Murphy,0,0,,,,,,"",""
ball,1,50.5,South Australia,HJ Nielsen,BAD Manenti,T Murphy,0,0,,,,,,"",""
ball,1,50.6,South Australia,HJ Nielsen,BAD Manenti,T Murphy,1,0,,,,,,"",""
ball,1,51.1,South Australia,HJ Nielsen,BAD Manenti,SM Boland,0,1,,1,,,,"",""
ball,1,51.2,South Australia,HJ Nielsen,BAD Manenti,SM Boland,0,0,,,,,,"",""
ball,1,51.3,South Australia,HJ Nielsen,BAD Manenti,SM Boland,0,0,,,,,,"",""
ball,1,51.4,South Australia,HJ Nielsen,BAD Manenti,SM Boland,0,0,,,,,,"",""
ball,1,51.5,South Australia,HJ Nielsen,BAD Manenti,SM Boland,0,0,,,,,,"",""
ball,1,51.6,South Australia,HJ Nielsen,BAD Manenti,SM Boland,1,0,,,,,,"",""
ball,1,51.7,South Australia,BAD Manenti,HJ Nielsen,SM Boland,0,0,,,,,,"",""
ball,1,52.1,South Australia,HJ Nielsen,BAD Manenti,XA Crone,0,0,,,,,,"",""
ball,1,52.2,South Australia,HJ Nielsen,BAD Manenti,XA Crone,0,0,,,,,,"",""
ball,1,52.3,South Australia,HJ Nielsen,BAD Manenti,XA Crone,0,0,,,,,,"",""
ball,1,52.4,South Australia,HJ Nielsen,BAD Manenti,XA Crone,0,0,,,,,,"",""
ball,1,52.5,South Australia,HJ Nielsen,BAD Manenti,XA Crone,0,0,,,,,,"",""
ball,1,52.6,South Australia,HJ Nielsen,BAD Manenti,XA Crone,4,0,,,,,,"",""
ball,1,53.1,South Australia,BAD Manenti,HJ Nielsen,M Perry,0,0,,,,,,"",""
ball,1,53.2,South Australia,BAD Manenti,HJ Nielsen,M Perry,0,0,,,,,,"",""
ball,1,53.3,South Australia,BAD Manenti,HJ Nielsen,M Perry,0,0,,,,,,"",""
ball,1,53.4,South Australia,BAD Manenti,HJ Nielsen,M Perry,0,0,,,,,,"",""
ball,1,53.5,South Australia,BAD Manenti,HJ Nielsen,M Perry,1,0,,,,,,"",""
ball,1,53.6,South Australia,HJ Nielsen,BAD Manenti,M Perry,0,0,,,,,,"",""
ball,1,54.1,South Australia,BAD Manenti,HJ Nielsen,XA Crone,0,0,,,,,,"",""
ball,1,54.2,South Australia,BAD Manenti,HJ Nielsen,XA Crone,0,0,,,,,,"",""
ball,1,54.3,South Australia,BAD Manenti,HJ Nielsen,XA Crone,4,0,,,,,,"",""
ball,1,54.4,South Australia,BAD Manenti,HJ Nielsen,XA Crone,2,0,,,,,,"",""
ball,1,54.5,South Australia,BAD Manenti,HJ Nielsen,XA Crone,0,0,,,,,,"",""
ball,1,54.6,South Australia,BAD Manenti,HJ Nielsen,XA Crone,0,0,,,,,,"",""
ball,1,55.1,South Australia,HJ Nielsen,BAD Manenti,M Perry,0,0,,,,,,"",""
ball,1,55.2,South Australia,HJ Nielsen,BAD Manenti,M Perry,0,1,,1,,,,"",""
ball,1,55.3,South Australia,HJ Nielsen,BAD Manenti,M Perry,0,0,,,,,,"",""
ball,1,55.4,South Australia,HJ Nielsen,BAD Manenti,M Perry,1,0,,,,,,"",""
ball,1,55.5,South Australia,BAD Manenti,HJ Nielsen,M Perry,4,0,,,,,,"",""
ball,1,55.6,South Australia,BAD Manenti,HJ Nielsen,M Perry,0,0,,,,,,"",""
ball,1,55.7,South Australia,BAD Manenti,HJ Nielsen,M Perry,0,0,,,,,,"",""
ball,1,56.1,South Australia,HJ Nielsen,BAD Manenti,XA Crone,2,0,,,,,,"",""
ball,1,56.2,South Australia,HJ Nielsen,BAD Manenti,XA Crone,1,0,,,,,,"",""
ball,1,56.3,South Australia,BAD Manenti,HJ Nielsen,XA Crone,4,0,,,,,,"",""
ball,1,56.4,South Australia,BAD Manenti,HJ Nielsen,XA Crone,0,0,,,,,,"",""
ball,1,56.5,South Australia,BAD Manenti,HJ Nielsen,XA Crone,1,0,,,,,,"",""
ball,1,56.6,South Australia,HJ Nielsen,BAD Manenti,XA Crone,0,0,,,,,,"",""
ball,1,57.1,South Australia,BAD Manenti,HJ Nielsen,M Perry,2,0,,,,,,"",""
ball,1,57.2,South Australia,BAD Manenti,HJ Nielsen,M Perry,0,0,,,,,,"",""
ball,1,57.3,South Australia,BAD Manenti,HJ Nielsen,M Perry,0,0,,,,,,"",""
ball,1,57.4,South Australia,BAD Manenti,HJ Nielsen,M Perry,2,0,,,,,,"",""
ball,1,57.5,South Australia,BAD Manenti,HJ Nielsen,M Perry,4,0,,,,,,"",""
ball,1,57.6,South Australia,BAD Manenti,HJ Nielsen,M Perry,1,0,,,,,,"",""
ball,1,58.1,South Australia,BAD Manenti,HJ Nielsen,F O'Neill,2,0,,,,,,"",""
ball,1,58.2,South Australia,BAD Manenti,HJ Nielsen,F O'Neill,0,0,,,,,,"",""
ball,1,58.3,South Australia,BAD Manenti,HJ Nielsen,F O'Neill,0,0,,,,,,"",""
ball,1,58.4,South Australia,BAD Manenti,HJ Nielsen,F O'Neill,0,0,,,,,,"",""
ball,1,58.5,South Australia,BAD Manenti,HJ Nielsen,F O'Neill,0,0,,,,,,"",""
ball,1,58.6,South Australia,BAD Manenti,HJ Nielsen,F O'Neill,0,0,,,,,,"",""
ball,1,59.1,South Australia,HJ Nielsen,BAD Manenti,SM Boland,0,0,,,,,,"",""
ball,1,59.2,South Australia,HJ Nielsen,BAD Manenti,SM Boland,0,0,,,,,,"",""
ball,1,59.3,South Australia,HJ Nielsen,BAD Manenti,SM Boland,0,0,,,,,,"",""
ball,1,59.4,South Australia,HJ Nielsen,BAD Manenti,SM Boland,0,0,,,,,,"",""
ball,1,59.5,South Australia,HJ Nielsen,BAD Manenti,SM Boland,0,0,,,,,,"",""
ball,1,59.6,South Australia,HJ Nielsen,BAD Manenti,SM Boland,0,0,,,,,,"",""
ball,1,60.1,South Australia,BAD Manenti,HJ Nielsen,F O'Neill,0,0,,,,,,"",""
ball,1,60.2,South Australia,BAD Manenti,HJ Nielsen,F O'Neill,0,0,,,,,,"",""
ball,1,60.3,South Australia,BAD Manenti,HJ Nielsen,F O'Neill,0,0,,,,,,"",""
ball,1,60.4,South Australia,BAD Manenti,HJ Nielsen,F O'Neill,0,0,,,,,,"",""
ball,1,60.5,South Australia,BAD Manenti,HJ Nielsen,F O'Neill,0,0,,,,,,"",""
ball,1,60.6,South Australia,BAD Manenti,HJ Nielsen,F O'Neill,4,0,,,,,,"",""
ball,1,61.1,South Australia,HJ Nielsen,BAD Manenti,SM Boland,0,1,,1,,,,"",""
ball,1,61.2,South Australia,HJ Nielsen,BAD Manenti,SM Boland,4,0,,,,,,"",""
ball,1,61.3,South Australia,HJ Nielsen,BAD Manenti,SM Boland,0,0,,,,,,"",""
ball,1,61.4,South Australia,HJ Nielsen,BAD Manenti,SM Boland,0,0,,,,,,"",""
ball,1,61.5,South Australia,HJ Nielsen,BAD Manenti,SM Boland,4,0,,,,,,"",""
ball,1,61.6,South Australia,HJ Nielsen,BAD Manenti,SM Boland,0,0,,,,,,"",""
ball,1,61.7,South Australia,HJ Nielsen,BAD Manenti,SM Boland,0,0,,,,,,"",""
ball,1,62.1,South Australia,BAD Manenti,HJ Nielsen,F O'Neill,0,0,,,,,,"",""
ball,1,62.2,South Australia,BAD Manenti,HJ Nielsen,F O'Neill,0,0,,,,,,"",""
ball,1,62.3,South Australia,BAD Manenti,HJ Nielsen,F O'Neill,0,0,,,,,,"",""
ball,1,62.4,South Australia,BAD Manenti,HJ Nielsen,F O'Neill,0,0,,,,,,"",""
ball,1,62.5,South Australia,BAD Manenti,HJ Nielsen,F O'Neill,0,0,,,,,,"",""
ball,1,62.6,South Australia,BAD Manenti,HJ Nielsen,F O'Neill,0,0,,,,,,"",""
ball,1,63.1,South Australia,HJ Nielsen,BAD Manenti,SM Boland,1,0,,,,,,"",""
ball,1,63.2,South Australia,BAD Manenti,HJ Nielsen,SM Boland,0,0,,,,,,"",""
ball,1,63.3,South Australia,BAD Manenti,HJ Nielsen,SM Boland,0,0,,,,,,"",""
ball,1,63.4,South Australia,BAD Manenti,HJ Nielsen,SM Boland,1,0,,,,,,"",""
ball,1,63.5,South Australia,HJ Nielsen,BAD Manenti,SM Boland,0,0,,,,,,"",""
ball,1,63.6,South Australia,HJ Nielsen,BAD Manenti,T Murphy,1,0,,,,,,"",""
ball,1,64.1,South Australia,HJ Nielsen,BAD Manenti,XA Crone,0,0,,,,,,"",""
ball,1,64.2,South Australia,HJ Nielsen,BAD Manenti,XA Crone,1,0,,,,,,"",""
ball,1,64.3,South Australia,BAD Manenti,HJ Nielsen,XA Crone,0,0,,,,,,"",""
ball,1,64.4,South Australia,BAD Manenti,HJ Nielsen,XA Crone,2,0,,,,,,"",""
ball,1,64.5,South Australia,BAD Manenti,HJ Nielsen,XA Crone,1,0,,,,,,"",""
ball,1,64.6,South Australia,HJ Nielsen,BAD Manenti,XA Crone,1,0,,,,,,"",""
ball,1,65.1,South Australia,HJ Nielsen,BAD Manenti,F O'Neill,0,0,,,,,,"",""
ball,1,65.2,South Australia,HJ Nielsen,BAD Manenti,F O'Neill,0,0,,,,,,"",""
ball,1,65.3,South Australia,HJ Nielsen,BAD Manenti,F O'Neill,0,0,,,,,,caught,HJ Nielsen
ball,1,65.4,South Australia,N McAndrew,BAD Manenti,F O'Neill,0,0,,,,,,"",""
ball,1,65.5,South Australia,N McAndrew,BAD Manenti,F O'Neill,0,0,,,,,,"",""
ball,1,65.6,South Australia,N McAndrew,BAD Manenti,F O'Neill,0,0,,,,,,"",""
ball,1,66.1,South Australia,BAD Manenti,N McAndrew,XA Crone,2,0,,,,,,"",""
ball,1,66.2,South Australia,BAD Manenti,N McAndrew,XA Crone,2,0,,,,,,"",""
ball,1,66.3,South Australia,BAD Manenti,N McAndrew,XA Crone,1,0,,,,,,"",""
ball,1,66.4,South Australia,N McAndrew,BAD Manenti,XA Crone,0,0,,,,,,"",""
ball,1,66.5,South Australia,N McAndrew,BAD Manenti,XA Crone,0,0,,,,,,"",""
ball,1,66.6,South Australia,N McAndrew,BAD Manenti,XA Crone,0,0,,,,,,"",""
ball,1,67.1,South Australia,BAD Manenti,N McAndrew,F O'Neill,0,0,,,,,,"",""
ball,1,67.2,South Australia,BAD Manenti,N McAndrew,F O'Neill,0,0,,,,,,"",""
ball,1,67.3,South Australia,BAD Manenti,N McAndrew,F O'Neill,1,0,,,,,,"",""
ball,1,67.4,South Australia,N McAndrew,BAD Manenti,F O'Neill,0,0,,,,,,"",""
ball,1,67.5,South Australia,N McAndrew,BAD Manenti,F O'Neill,0,0,,,,,,"",""
ball,1,67.6,South Australia,N McAndrew,BAD Manenti,F O'Neill,4,0,,,,,,"",""
ball,1,68.1,South Australia,BAD Manenti,N McAndrew,XA Crone,0,0,,,,,,"",""
ball,1,68.2,South Australia,BAD Manenti,N McAndrew,XA Crone,1,0,,,,,,"",""
ball,1,68.3,South Australia,N McAndrew,BAD Manenti,XA Crone,0,0,,,,,,caught,N McAndrew
ball,1,68.4,South Australia,WA Agar,BAD Manenti,XA Crone,0,0,,,,,,"",""
ball,1,68.5,South Australia,WA Agar,BAD Manenti,XA Crone,1,0,,,,,,"",""
ball,1,68.6,South Australia,BAD Manenti,WA Agar,XA Crone,2,0,,,,,,"",""
ball,1,69.1,South Australia,WA Agar,BAD Manenti,M Perry,0,0,,,,,,"",""
ball,1,69.2,South Australia,WA Agar,BAD Manenti,M Perry,0,0,,,,,,"",""
ball,1,69.3,South Australia,WA Agar,BAD Manenti,M Perry,1,0,,,,,,"",""
ball,1,69.4,South Australia,BAD Manenti,WA Agar,M Perry,0,0,,,,,,"",""
ball,1,69.5,South Australia,BAD Manenti,WA Agar,M Perry,0,0,,,,,,"",""
ball,1,69.6,South Australia,BAD Manenti,WA Agar,M Perry,2,0,,,,,,"",""
ball,1,70.1,South Australia,WA Agar,BAD Manenti,XA Crone,0,0,,,,,,"",""
ball,1,70.2,South Australia,WA Agar,BAD Manenti,XA Crone,0,0,,,,,,caught,WA Agar
ball,1,70.3,South Australia,B Doggett,BAD Manenti,XA Crone,0,0,,,,,,caught,B Doggett
ball,2,0.1,Victoria,NJ Maddinson,MS Harris,WA Agar,4,0,,,,,,"",""
ball,2,0.2,Victoria,NJ Maddinson,MS Harris,WA Agar,0,0,,,,,,"",""
ball,2,0.3,Victoria,NJ Maddinson,MS Harris,WA Agar,0,0,,,,,,"",""
ball,2,0.4,Victoria,NJ Maddinson,MS Harris,WA Agar,0,0,,,,,,"",""
ball,2,0.5,Victoria,NJ Maddinson,MS Harris,WA Agar,0,0,,,,,,"",""
ball,2,0.6,Victoria,NJ Maddinson,MS Harris,WA Agar,0,0,,,,,,"",""
ball,2,1.1,Victoria,MS Harris,NJ Maddinson,N McAndrew,1,0,,,,,,"",""
ball,2,1.2,Victoria,NJ Maddinson,MS Harris,N McAndrew,0,0,,,,,,"",""
ball,2,1.3,Victoria,NJ Maddinson,MS Harris,N McAndrew,0,0,,,,,,"",""
ball,2,1.4,Victoria,NJ Maddinson,MS Harris,N McAndrew,0,0,,,,,,"",""
ball,2,1.5,Victoria,NJ Maddinson,MS Harris,N McAndrew,0,0,,,,,,"",""
ball,2,1.6,Victoria,NJ Maddinson,MS Harris,N McAndrew,0,0,,,,,,"",""
ball,2,2.1,Victoria,MS Harris,NJ Maddinson,WA Agar,1,0,,,,,,"",""
ball,2,2.2,Victoria,NJ Maddinson,MS Harris,WA Agar,0,0,,,,,,"",""
ball,2,2.3,Victoria,NJ Maddinson,MS Harris,WA Agar,0,0,,,,,,"",""
ball,2,2.4,Victoria,NJ Maddinson,MS Harris,WA Agar,1,0,,,,,,"",""
ball,2,2.5,Victoria,MS Harris,NJ Maddinson,WA Agar,0,0,,,,,,"",""
ball,2,2.6,Victoria,MS Harris,NJ Maddinson,WA Agar,0,0,,,,,,"",""
ball,2,3.1,Victoria,NJ Maddinson,MS Harris,N McAndrew,0,0,,,,,,"",""
ball,2,3.2,Victoria,NJ Maddinson,MS Harris,N McAndrew,1,0,,,,,,"",""
ball,2,3.3,Victoria,MS Harris,NJ Maddinson,N McAndrew,0,0,,,,,,"",""
ball,2,3.4,Victoria,MS Harris,NJ Maddinson,N McAndrew,0,0,,,,,,"",""
ball,2,3.5,Victoria,MS Harris,NJ Maddinson,N McAndrew,1,0,,,,,,"",""
ball,2,3.6,Victoria,NJ Maddinson,MS Harris,N McAndrew,0,0,,,,,,"",""
ball,2,4.1,Victoria,MS Harris,NJ Maddinson,WA Agar,4,0,,,,,,"",""
ball,2,4.2,Victoria,MS Harris,NJ Maddinson,WA Agar,0,0,,,,,,"",""
ball,2,4.3,Victoria,MS Harris,NJ Maddinson,WA Agar,0,0,,,,,,"",""
ball,2,4.4,Victoria,MS Harris,NJ Maddinson,WA Agar,0,0,,,,,,"",""
ball,2,4.5,Victoria,MS Harris,NJ Maddinson,WA Agar,1,0,,,,,,"",""
ball,2,4.6,Victoria,NJ Maddinson,MS Harris,WA Agar,0,1,,,,1,,"",""
ball,2,5.1,Victoria,NJ Maddinson,MS Harris,N McAndrew,0,0,,,,,,"",""
ball,2,5.2,Victoria,NJ Maddinson,MS Harris,N McAndrew,0,0,,,,,,"",""
ball,2,5.3,Victoria,NJ Maddinson,MS Harris,N McAndrew,4,0,,,,,,"",""
ball,2,5.4,Victoria,NJ Maddinson,MS Harris,N McAndrew,2,0,,,,,,"",""
ball,2,5.5,Victoria,NJ Maddinson,MS Harris,N McAndrew,0,0,,,,,,"",""
ball,2,5.6,Victoria,NJ Maddinson,MS Harris,N McAndrew,0,0,,,,,,"",""
ball,2,6.1,Victoria,MS Harris,NJ Maddinson,B Doggett,0,0,,,,,,"",""
ball,2,6.2,Victoria,MS Harris,NJ Maddinson,B Doggett,0,0,,,,,,"",""
ball,2,6.3,Victoria,MS Harris,NJ Maddinson,B Doggett,0,0,,,,,,"",""
ball,2,6.4,Victoria,MS Harris,NJ Maddinson,B Doggett,0,0,,,,,,"",""
ball,2,6.5,Victoria,MS Harris,NJ Maddinson,B Doggett,0,0,,,,,,"",""
ball,2,6.6,Victoria,MS Harris,NJ Maddinson,B Doggett,0,0,,,,,,"",""
ball,2,7.1,Victoria,NJ Maddinson,MS Harris,N McAndrew,0,0,,,,,,"",""
ball,2,7.2,Victoria,NJ Maddinson,MS Harris,N McAndrew,4,0,,,,,,"",""
ball,2,7.3,Victoria,NJ Maddinson,MS Harris,N McAndrew,3,0,,,,,,"",""
ball,2,7.4,Victoria,MS Harris,NJ Maddinson,N McAndrew,0,0,,,,,,"",""
ball,2,7.5,Victoria,MS Harris,NJ Maddinson,N McAndrew,0,0,,,,,,"",""
ball,2,7.6,Victoria,MS Harris,NJ Maddinson,N McAndrew,0,0,,,,,,"",""
ball,2,8.1,Victoria,NJ Maddinson,MS Harris,B Doggett,0,0,,,,,,"",""
ball,2,8.2,Victoria,NJ Maddinson,MS Harris,B Doggett,0,0,,,,,,"",""
ball,2,8.3,Victoria,NJ Maddinson,MS Harris,B Doggett,1,0,,,,,,"",""
ball,2,8.4,Victoria,MS Harris,NJ Maddinson,B Doggett,0,0,,,,,,"",""
ball,2,8.5,Victoria,MS Harris,NJ Maddinson,B Doggett,0,0,,,,,,"",""
ball,2,8.6,Victoria,MS Harris,NJ Maddinson,B Doggett,2,0,,,,,,"",""
ball,2,9.1,Victoria,NJ Maddinson,MS Harris,N McAndrew,0,0,,,,,,"",""
ball,2,9.2,Victoria,NJ Maddinson,MS Harris,N McAndrew,4,0,,,,,,"",""
ball,2,9.3,Victoria,NJ Maddinson,MS Harris,N McAndrew,0,0,,,,,,"",""
ball,2,9.4,Victoria,NJ Maddinson,MS Harris,N McAndrew,4,0,,,,,,"",""
ball,2,9.5,Victoria,NJ Maddinson,MS Harris,N McAndrew,0,0,,,,,,"",""
ball,2,9.6,Victoria,NJ Maddinson,MS Harris,N McAndrew,0,0,,,,,,"",""
ball,2,10.1,Victoria,MS Harris,NJ Maddinson,B Doggett,4,0,,,,,,"",""
ball,2,10.2,Victoria,MS Harris,NJ Maddinson,B Doggett,0,0,,,,,,"",""
ball,2,10.3,Victoria,MS Harris,NJ Maddinson,B Doggett,0,0,,,,,,"",""
ball,2,10.4,Victoria,MS Harris,NJ Maddinson,B Doggett,0,0,,,,,,"",""
ball,2,10.5,Victoria,MS Harris,NJ Maddinson,B Doggett,4,0,,,,,,"",""
ball,2,10.6,Victoria,MS Harris,NJ Maddinson,B Doggett,0,0,,,,,,"",""
ball,2,11.1,Victoria,NJ Maddinson,MS Harris,WA Agar,0,0,,,,,,"",""
ball,2,11.2,Victoria,NJ Maddinson,MS Harris,WA Agar,2,0,,,,,,"",""
ball,2,11.3,Victoria,NJ Maddinson,MS Harris,WA Agar,0,0,,,,,,"",""
ball,2,11.4,Victoria,NJ Maddinson,MS Harris,WA Agar,0,0,,,,,,"",""
ball,2,11.5,Victoria,NJ Maddinson,MS Harris,WA Agar,1,0,,,,,,"",""
ball,2,11.6,Victoria,MS Harris,NJ Maddinson,WA Agar,0,0,,,,,,"",""
ball,2,12.1,Victoria,NJ Maddinson,MS Harris,B Doggett,0,0,,,,,,"",""
ball,2,12.2,Victoria,NJ Maddinson,MS Harris,B Doggett,0,0,,,,,,"",""
ball,2,12.3,Victoria,NJ Maddinson,MS Harris,B Doggett,0,0,,,,,,"",""
ball,2,12.4,Victoria,NJ Maddinson,MS Harris,B Doggett,0,0,,,,,,"",""
ball,2,12.5,Victoria,NJ Maddinson,MS Harris,B Doggett,0,0,,,,,,"",""
ball,2,12.6,Victoria,NJ Maddinson,MS Harris,B Doggett,0,0,,,,,,"",""
ball,2,13.1,Victoria,MS Harris,NJ Maddinson,WA Agar,1,0,,,,,,"",""
ball,2,13.2,Victoria,NJ Maddinson,MS Harris,WA Agar,1,0,,,,,,"",""
ball,2,13.3,Victoria,MS Harris,NJ Maddinson,WA Agar,0,0,,,,,,"",""
ball,2,13.4,Victoria,MS Harris,NJ Maddinson,WA Agar,0,0,,,,,,"",""
ball,2,13.5,Victoria,MS Harris,NJ Maddinson,WA Agar,0,0,,,,,,"",""
ball,2,13.6,Victoria,MS Harris,NJ Maddinson,WA Agar,0,0,,,,,,"",""
ball,2,14.1,Victoria,NJ Maddinson,MS Harris,B Doggett,1,0,,,,,,"",""
ball,2,14.2,Victoria,MS Harris,NJ Maddinson,B Doggett,2,0,,,,,,"",""
ball,2,14.3,Victoria,MS Harris,NJ Maddinson,B Doggett,1,0,,,,,,"",""
ball,2,14.4,Victoria,NJ Maddinson,MS Harris,B Doggett,0,1,,,,1,,"",""
ball,2,14.5,Victoria,MS Harris,NJ Maddinson,B Doggett,4,0,,,,,,"",""
ball,2,14.6,Victoria,MS Harris,NJ Maddinson,B Doggett,1,0,,,,,,"",""
ball,2,15.1,Victoria,MS Harris,NJ Maddinson,BAD Manenti,0,0,,,,,,"",""
ball,2,15.2,Victoria,MS Harris,NJ Maddinson,BAD Manenti,0,0,,,,,,"",""
ball,2,15.3,Victoria,MS Harris,NJ Maddinson,BAD Manenti,1,0,,,,,,"",""
ball,2,15.4,Victoria,NJ Maddinson,MS Harris,BAD Manenti,1,0,,,,,,"",""
ball,2,15.5,Victoria,MS Harris,NJ Maddinson,BAD Manenti,0,0,,,,,,"",""
ball,2,15.6,Victoria,MS Harris,NJ Maddinson,BAD Manenti,4,0,,,,,,"",""
ball,2,16.1,Victoria,NJ Maddinson,MS Harris,B Doggett,0,0,,,,,,"",""
ball,2,16.2,Victoria,NJ Maddinson,MS Harris,B Doggett,0,0,,,,,,"",""
ball,2,16.3,Victoria,NJ Maddinson,MS Harris,B Doggett,0,0,,,,,,"",""
ball,2,16.4,Victoria,NJ Maddinson,MS Harris,B Doggett,0,0,,,,,,"",""
ball,2,16.5,Victoria,NJ Maddinson,MS Harris,B Doggett,2,0,,,,,,"",""
ball,2,16.6,Victoria,NJ Maddinson,MS Harris,B Doggett,0,0,,,,,,"",""
ball,2,17.1,Victoria,MS Harris,NJ Maddinson,BAD Manenti,0,0,,,,,,"",""
ball,2,17.2,Victoria,MS Harris,NJ Maddinson,BAD Manenti,0,0,,,,,,"",""
ball,2,17.3,Victoria,MS Harris,NJ Maddinson,BAD Manenti,0,0,,,,,,"",""
ball,2,17.4,Victoria,MS Harris,NJ Maddinson,BAD Manenti,0,0,,,,,,"",""
ball,2,17.5,Victoria,MS Harris,NJ Maddinson,BAD Manenti,0,0,,,,,,"",""
ball,2,17.6,Victoria,MS Harris,NJ Maddinson,BAD Manenti,1,0,,,,,,"",""
ball,2,18.1,Victoria,MS Harris,NJ Maddinson,N McAndrew,0,0,,,,,,"",""
ball,2,18.2,Victoria,MS Harris,NJ Maddinson,N McAndrew,0,0,,,,,,"",""
ball,2,18.3,Victoria,MS Harris,NJ Maddinson,N McAndrew,0,0,,,,,,"",""
ball,2,18.4,Victoria,MS Harris,NJ Maddinson,N McAndrew,0,0,,,,,,"",""
ball,2,18.5,Victoria,MS Harris,NJ Maddinson,N McAndrew,0,0,,,,,,"",""
ball,2,18.6,Victoria,MS Harris,NJ Maddinson,N McAndrew,0,0,,,,,,"",""
ball,2,19.1,Victoria,NJ Maddinson,MS Harris,BAD Manenti,0,0,,,,,,"",""
ball,2,19.2,Victoria,NJ Maddinson,MS Harris,BAD Manenti,0,0,,,,,,"",""
ball,2,19.3,Victoria,NJ Maddinson,MS Harris,BAD Manenti,0,0,,,,,,"",""
ball,2,19.4,Victoria,NJ Maddinson,MS Harris,BAD Manenti,0,0,,,,,,"",""
ball,2,19.5,Victoria,NJ Maddinson,MS Harris,BAD Manenti,0,0,,,,,,"",""
ball,2,19.6,Victoria,NJ Maddinson,MS Harris,BAD Manenti,0,0,,,,,,"",""
ball,2,20.1,Victoria,MS Harris,NJ Maddinson,B Doggett,0,0,,,,,,"",""
ball,2,20.2,Victoria,MS Harris,NJ Maddinson,B Doggett,0,0,,,,,,"",""
ball,2,20.3,Victoria,MS Harris,NJ Maddinson,B Doggett,0,0,,,,,,"",""
ball,2,20.4,Victoria,MS Harris,NJ Maddinson,B Doggett,0,0,,,,,,"",""
ball,2,20.5,Victoria,MS Harris,NJ Maddinson,B Doggett,0,1,1,,,,,"",""
ball,2,20.6,Victoria,MS Harris,NJ Maddinson,B Doggett,0,0,,,,,,"",""
ball,2,20.7,Victoria,MS Harris,NJ Maddinson,B Doggett,0,0,,,,,,"",""
ball,2,21.1,Victoria,NJ Maddinson,MS Harris,N McAndrew,0,0,,,,,,"",""
ball,2,21.2,Victoria,NJ Maddinson,MS Harris,N McAndrew,2,0,,,,,,"",""
ball,2,21.3,Victoria,NJ Maddinson,MS Harris,N McAndrew,0,0,,,,,,"",""
ball,2,21.4,Victoria,NJ Maddinson,MS Harris,N McAndrew,0,0,,,,,,"",""
ball,2,21.5,Victoria,NJ Maddinson,MS Harris,N McAndrew,0,0,,,,,,"",""
ball,2,21.6,Victoria,NJ Maddinson,MS Harris,N McAndrew,0,0,,,,,,"",""
ball,2,22.1,Victoria,MS Harris,NJ Maddinson,B Doggett,0,0,,,,,,"",""
ball,2,22.2,Victoria,MS Harris,NJ Maddinson,B Doggett,0,0,,,,,,"",""
ball,2,22.3,Victoria,MS Harris,NJ Maddinson,B Doggett,0,0,,,,,,"",""
ball,2,22.4,Victoria,MS Harris,NJ Maddinson,B Doggett,0,0,,,,,,"",""
ball,2,22.5,Victoria,MS Harris,NJ Maddinson,B Doggett,0,0,,,,,,"",""
ball,2,22.6,Victoria,MS Harris,NJ Maddinson,B Doggett,0,0,,,,,,"",""
ball,2,23.1,Victoria,NJ Maddinson,MS Harris,N McAndrew,0,0,,,,,,"",""
ball,2,23.2,Victoria,NJ Maddinson,MS Harris,N McAndrew,0,0,,,,,,"",""
ball,2,23.3,Victoria,NJ Maddinson,MS Harris,N McAndrew,0,0,,,,,,"",""
ball,2,23.4,Victoria,NJ Maddinson,MS Harris,N McAndrew,2,0,,,,,,"",""
ball,2,23.5,Victoria,NJ Maddinson,MS Harris,N McAndrew,0,0,,,,,,"",""
ball,2,23.6,Victoria,NJ Maddinson,MS Harris,N McAndrew,0,0,,,,,,"",""
ball,2,24.1,Victoria,MS Harris,NJ Maddinson,B Doggett,1,0,,,,,,"",""
ball,2,24.2,Victoria,NJ Maddinson,MS Harris,B Doggett,0,0,,,,,,"",""
ball,2,24.3,Victoria,NJ Maddinson,MS Harris,B Doggett,0,0,,,,,,"",""
ball,2,24.4,Victoria,NJ Maddinson,MS Harris,B Doggett,4,0,,,,,,"",""
ball,2,24.5,Victoria,NJ Maddinson,MS Harris,B Doggett,0,0,,,,,,"",""
ball,2,24.6,Victoria,NJ Maddinson,MS Harris,B Doggett,4,0,,,,,,"",""
ball,2,25.1,Victoria,MS Harris,NJ Maddinson,N McAndrew,0,0,,,,,,bowled,MS Harris
ball,2,25.2,Victoria,C Kellaway,NJ Maddinson,N McAndrew,0,0,,,,,,"",""
ball,2,25.3,Victoria,C Kellaway,NJ Maddinson,N McAndrew,0,0,,,,,,"",""
ball,2,25.4,Victoria,C Kellaway,NJ Maddinson,N McAndrew,0,0,,,,,,"",""
ball,2,25.5,Victoria,C Kellaway,NJ Maddinson,N McAndrew,0,0,,,,,,"",""
ball,2,25.6,Victoria,C Kellaway,NJ Maddinson,N McAndrew,0,0,,,,,,"",""
ball,2,26.1,Victoria,NJ Maddinson,C Kellaway,B Doggett,4,0,,,,,,"",""
ball,2,26.2,Victoria,NJ Maddinson,C Kellaway,B Doggett,0,0,,,,,,"",""
ball,2,26.3,Victoria,NJ Maddinson,C Kellaway,B Doggett,0,0,,,,,,"",""
ball,2,26.4,Victoria,NJ Maddinson,C Kellaway,B Doggett,1,0,,,,,,"",""
ball,2,26.5,Victoria,C Kellaway,NJ Maddinson,B Doggett,0,0,,,,,,"",""
ball,2,26.6,Victoria,C Kellaway,NJ Maddinson,B Doggett,0,0,,,,,,caught,C Kellaway
ball,2,27.1,Victoria,NJ Maddinson,PSP Handscomb,N McAndrew,0,0,,,,,,"",""
ball,2,27.2,Victoria,NJ Maddinson,PSP Handscomb,N McAndrew,0,0,,,,,,"",""
ball,2,27.3,Victoria,NJ Maddinson,PSP Handscomb,N McAndrew,0,0,,,,,,"",""
ball,2,27.4,Victoria,NJ Maddinson,PSP Handscomb,N McAndrew,0,0,,,,,,"",""
ball,2,27.5,Victoria,NJ Maddinson,PSP Handscomb,N McAndrew,4,0,,,,,,"",""
ball,2,27.6,Victoria,NJ Maddinson,PSP Handscomb,N McAndrew,0,0,,,,,,"",""
ball,2,28.1,Victoria,PSP Handscomb,NJ Maddinson,B Doggett,0,0,,,,,,"",""
ball,2,28.2,Victoria,PSP Handscomb,NJ Maddinson,B Doggett,0,0,,,,,,"",""
ball,2,28.3,Victoria,PSP Handscomb,NJ Maddinson,B Doggett,0,0,,,,,,"",""
ball,2,28.4,Victoria,PSP Handscomb,NJ Maddinson,B Doggett,0,0,,,,,,"",""
ball,2,28.5,Victoria,PSP Handscomb,NJ Maddinson,B Doggett,0,0,,,,,,"",""
ball,2,28.6,Victoria,PSP Handscomb,NJ Maddinson,B Doggett,1,0,,,,,,"",""
ball,2,29.1,Victoria,PSP Handscomb,NJ Maddinson,L Scott,0,0,,,,,,"",""
ball,2,29.2,Victoria,PSP Handscomb,NJ Maddinson,L Scott,0,0,,,,,,"",""
ball,2,29.3,Victoria,PSP Handscomb,NJ Maddinson,L Scott,0,0,,,,,,"",""
ball,2,29.4,Victoria,PSP Handscomb,NJ Maddinson,L Scott,0,0,,,,,,"",""
ball,2,29.5,Victoria,PSP Handscomb,NJ Maddinson,L Scott,0,0,,,,,,"",""
ball,2,29.6,Victoria,PSP Handscomb,NJ Maddinson,L Scott,0,0,,,,,,"",""
ball,2,30.1,Victoria,NJ Maddinson,PSP Handscomb,WA Agar,1,0,,,,,,"",""
ball,2,30.2,Victoria,PSP Handscomb,NJ Maddinson,WA Agar,0,0,,,,,,"",""
ball,2,30.3,Victoria,PSP Handscomb,NJ Maddinson,WA Agar,0,0,,,,,,"",""
ball,2,30.4,Victoria,PSP Handscomb,NJ Maddinson,WA Agar,0,0,,,,,,lbw,PSP Handscomb
ball,2,30.5,Victoria,J Merlo,NJ Maddinson,WA Agar,0,0,,,,,,"",""
ball,2,30.6,Victoria,J Merlo,NJ Maddinson,WA Agar,0,0,,,,,,"",""
ball,2,31.1,Victoria,NJ Maddinson,J Merlo,L Scott,1,0,,,,,,"",""
ball,2,31.2,Victoria,J Merlo,NJ Maddinson,L Scott,0,0,,,,,,"",""
ball,2,31.3,Victoria,J Merlo,NJ Maddinson,L Scott,0,0,,,,,,"",""
ball,2,31.4,Victoria,J Merlo,NJ Maddinson,L Scott,0,0,,,,,,"",""
ball,2,31.5,Victoria,J Merlo,NJ Maddinson,L Scott,0,0,,,,,,"",""
ball,2,31.6,Victoria,J Merlo,NJ Maddinson,L Scott,0,0,,,,,,"",""
ball,2,32.1,Victoria,NJ Maddinson,J Merlo,WA Agar,0,0,,,,,,"",""
ball,2,32.2,Victoria,NJ Maddinson,J Merlo,WA Agar,0,0,,,,,,"",""
ball,2,32.3,Victoria,NJ Maddinson,J Merlo,WA Agar,0,0,,,,,,"",""
ball,2,32.4,Victoria,NJ Maddinson,J Merlo,WA Agar,0,0,,,,,,"",""
ball,2,32.5,Victoria,NJ Maddinson,J Merlo,WA Agar,4,0,,,,,,"",""
ball,2,32.6,Victoria,NJ Maddinson,J Merlo,WA Agar,4,0,,,,,,"",""
ball,2,33.1,Victoria,J Merlo,NJ Maddinson,L Scott,0,0,,,,,,"",""
ball,2,33.2,Victoria,J Merlo,NJ Maddinson,L Scott,0,0,,,,,,"",""
ball,2,33.3,Victoria,J Merlo,NJ Maddinson,L Scott,0,0,,,,,,"",""
ball,2,33.4,Victoria,J Merlo,NJ Maddinson,L Scott,0,0,,,,,,"",""
ball,2,33.5,Victoria,J Merlo,NJ Maddinson,L Scott,0,0,,,,,,"",""
ball,2,33.6,Victoria,J Merlo,NJ Maddinson,L Scott,0,0,,,,,,"",""
ball,2,34.1,Victoria,NJ Maddinson,J Merlo,WA Agar,0,0,,,,,,"",""
ball,2,34.2,Victoria,NJ Maddinson,J Merlo,WA Agar,0,0,,,,,,"",""
ball,2,34.3,Victoria,NJ Maddinson,J Merlo,WA Agar,0,0,,,,,,"",""
ball,2,34.4,Victoria,NJ Maddinson,J Merlo,WA Agar,0,0,,,,,,"",""
ball,2,34.5,Victoria,NJ Maddinson,J Merlo,WA Agar,0,0,,,,,,"",""
ball,2,34.6,Victoria,NJ Maddinson,J Merlo,WA Agar,1,0,,,,,,"",""
ball,2,35.1,Victoria,NJ Maddinson,J Merlo,L Scott,0,0,,,,,,"",""
ball,2,35.2,Victoria,NJ Maddinson,J Merlo,L Scott,0,0,,,,,,"",""
ball,2,35.3,Victoria,NJ Maddinson,J Merlo,L Scott,0,0,,,,,,"",""
ball,2,35.4,Victoria,NJ Maddinson,J Merlo,L Scott,0,0,,,,,,"",""
ball,2,35.5,Victoria,NJ Maddinson,J Merlo,L Scott,1,0,,,,,,"",""
ball,2,35.6,Victoria,J Merlo,NJ Maddinson,L Scott,0,0,,,,,,"",""
ball,2,36.1,Victoria,NJ Maddinson,J Merlo,WA Agar,0,0,,,,,,"",""
ball,2,36.2,Victoria,NJ Maddinson,J Merlo,WA Agar,0,0,,,,,,"",""
ball,2,36.3,Victoria,NJ Maddinson,J Merlo,WA Agar,0,0,,,,,,"",""
ball,2,36.4,Victoria,NJ Maddinson,J Merlo,WA Agar,0,0,,,,,,"",""
ball,2,36.5,Victoria,NJ Maddinson,J Merlo,WA Agar,0,0,,,,,,"",""
ball,2,36.6,Victoria,NJ Maddinson,J Merlo,WA Agar,0,0,,,,,,"",""
ball,2,37.1,Victoria,J Merlo,NJ Maddinson,L Scott,0,0,,,,,,"",""
ball,2,37.2,Victoria,J Merlo,NJ Maddinson,L Scott,0,0,,,,,,"",""
ball,2,37.3,Victoria,J Merlo,NJ Maddinson,L Scott,0,0,,,,,,"",""
ball,2,37.4,Victoria,J Merlo,NJ Maddinson,L Scott,0,0,,,,,,"",""
ball,2,37.5,Victoria,J Merlo,NJ Maddinson,L Scott,0,0,,,,,,"",""
ball,2,37.6,Victoria,J Merlo,NJ Maddinson,L Scott,0,0,,,,,,"",""
ball,2,38.1,Victoria,NJ Maddinson,J Merlo,N McAndrew,0,0,,,,,,"",""
ball,2,38.2,Victoria,NJ Maddinson,J Merlo,N McAndrew,1,0,,,,,,"",""
ball,2,38.3,Victoria,J Merlo,NJ Maddinson,N McAndrew,0,0,,,,,,"",""
ball,2,38.4,Victoria,J Merlo,NJ Maddinson,N McAndrew,0,0,,,,,,"",""
ball,2,38.5,Victoria,J Merlo,NJ Maddinson,N McAndrew,2,0,,,,,,"",""
ball,2,38.6,Victoria,J Merlo,NJ Maddinson,N McAndrew,0,0,,,,,,"",""
ball,2,39.1,Victoria,NJ Maddinson,J Merlo,L Scott,0,0,,,,,,"",""
ball,2,39.2,Victoria,NJ Maddinson,J Merlo,L Scott,1,0,,,,,,"",""
ball,2,39.3,Victoria,J Merlo,NJ Maddinson,L Scott,0,0,,,,,,"",""
ball,2,39.4,Victoria,J Merlo,NJ Maddinson,L Scott,0,0,,,,,,"",""
ball,2,39.5,Victoria,J Merlo,NJ Maddinson,L Scott,0,0,,,,,,"",""
ball,2,39.6,Victoria,J Merlo,NJ Maddinson,L Scott,0,0,,,,,,"",""
ball,2,40.1,Victoria,NJ Maddinson,J Merlo,N McAndrew,0,0,,,,,,"",""
ball,2,40.2,Victoria,NJ Maddinson,J Merlo,N McAndrew,1,0,,,,,,"",""
ball,2,40.3,Victoria,J Merlo,NJ Maddinson,N McAndrew,4,0,,,,,,"",""
ball,2,40.4,Victoria,J Merlo,NJ Maddinson,N McAndrew,0,0,,,,,,"",""
ball,2,40.5,Victoria,J Merlo,NJ Maddinson,N McAndrew,0,0,,,,,,"",""
ball,2,40.6,Victoria,J Merlo,NJ Maddinson,N McAndrew,0,0,,,,,,"",""
ball,2,41.1,Victoria,NJ Maddinson,J Merlo,BAD Manenti,0,0,,,,,,"",""
ball,2,41.2,Victoria,NJ Maddinson,J Merlo,BAD Manenti,0,0,,,,,,"",""
ball,2,41.3,Victoria,NJ Maddinson,J Merlo,BAD Manenti,0,0,,,,,,"",""
ball,2,41.4,Victoria,NJ Maddinson,J Merlo,BAD Manenti,0,0,,,,,,"",""
ball,2,41.5,Victoria,NJ Maddinson,J Merlo,BAD Manenti,0,0,,,,,,"",""
ball,2,41.6,Victoria,NJ Maddinson,J Merlo,BAD Manenti,0,0,,,,,,"",""
ball,2,42.1,Victoria,J Merlo,NJ Maddinson,N McAndrew,0,0,,,,,,"",""
ball,2,42.2,Victoria,J Merlo,NJ Maddinson,N McAndrew,0,0,,,,,,"",""
ball,2,42.3,Victoria,J Merlo,NJ Maddinson,N McAndrew,0,0,,,,,,"",""
ball,2,42.4,Victoria,J Merlo,NJ Maddinson,N McAndrew,4,0,,,,,,"",""
ball,2,42.5,Victoria,J Merlo,NJ Maddinson,N McAndrew,0,0,,,,,,"",""
ball,2,42.6,Victoria,J Merlo,NJ Maddinson,N McAndrew,4,0,,,,,,"",""
ball,2,43.1,Victoria,NJ Maddinson,J Merlo,BAD Manenti,1,0,,,,,,"",""
ball,2,43.2,Victoria,J Merlo,NJ Maddinson,BAD Manenti,0,0,,,,,,"",""
ball,2,43.3,Victoria,J Merlo,NJ Maddinson,BAD Manenti,0,0,,,,,,"",""
ball,2,43.4,Victoria,J Merlo,NJ Maddinson,BAD Manenti,0,0,,,,,,"",""
ball,2,43.5,Victoria,J Merlo,NJ Maddinson,BAD Manenti,0,0,,,,,,"",""
ball,2,43.6,Victoria,J Merlo,NJ Maddinson,BAD Manenti,1,0,,,,,,"",""
ball,2,44.1,Victoria,J Merlo,NJ Maddinson,B Doggett,0,0,,,,,,"",""
ball,2,44.2,Victoria,J Merlo,NJ Maddinson,B Doggett,4,0,,,,,,"",""
ball,2,44.3,Victoria,J Merlo,NJ Maddinson,B Doggett,0,0,,,,,,"",""
ball,2,44.4,Victoria,J Merlo,NJ Maddinson,B Doggett,0,0,,,,,,caught,J Merlo
ball,2,44.5,Victoria,SB Harper,NJ Maddinson,B Doggett,2,0,,,,,,"",""
ball,2,44.6,Victoria,SB Harper,NJ Maddinson,B Doggett,0,0,,,,,,"",""
ball,2,45.1,Victoria,NJ Maddinson,SB Harper,BAD Manenti,0,0,,,,,,"",""
ball,2,45.2,Victoria,NJ Maddinson,SB Harper,BAD Manenti,0,0,,,,,,"",""
ball,2,45.3,Victoria,NJ Maddinson,SB Harper,BAD Manenti,0,0,,,,,,"",""
ball,2,45.4,Victoria,NJ Maddinson,SB Harper,BAD Manenti,0,0,,,,,,"",""
ball,2,45.5,Victoria,NJ Maddinson,SB Harper,BAD Manenti,0,0,,,,,,"",""
ball,2,45.6,Victoria,NJ Maddinson,SB Harper,BAD Manenti,0,0,,,,,,"",""
ball,2,46.1,Victoria,SB Harper,NJ Maddinson,B Doggett,4,0,,,,,,"",""
ball,2,46.2,Victoria,SB Harper,NJ Maddinson,B Doggett,4,0,,,,,,"",""
ball,2,46.3,Victoria,SB Harper,NJ Maddinson,B Doggett,0,1,,,,1,,"",""
ball,2,46.4,Victoria,NJ Maddinson,SB Harper,B Doggett,0,0,,,,,,"",""
ball,2,46.5,Victoria,NJ Maddinson,SB Harper,B Doggett,0,0,,,,,,"",""
ball,2,46.6,Victoria,NJ Maddinson,SB Harper,B Doggett,0,0,,,,,,"",""
ball,2,47.1,Victoria,SB Harper,NJ Maddinson,BAD Manenti,0,0,,,,,,"",""
ball,2,47.2,Victoria,SB Harper,NJ Maddinson,BAD Manenti,0,4,,,4,,,"",""
ball,2,47.3,Victoria,SB Harper,NJ Maddinson,BAD Manenti,0,0,,,,,,"",""
ball,2,47.4,Victoria,SB Harper,NJ Maddinson,BAD Manenti,0,0,,,,,,"",""
ball,2,47.5,Victoria,SB Harper,NJ Maddinson,BAD Manenti,0,0,,,,,,"",""
ball,2,47.6,Victoria,SB Harper,NJ Maddinson,BAD Manenti,4,0,,,,,,"",""
ball,2,48.1,Victoria,NJ Maddinson,SB Harper,B Doggett,0,0,,,,,,"",""
ball,2,48.2,Victoria,NJ Maddinson,SB Harper,B Doggett,0,0,,,,,,"",""
ball,2,48.3,Victoria,NJ Maddinson,SB Harper,B Doggett,0,0,,,,,,"",""
ball,2,48.4,Victoria,NJ Maddinson,SB Harper,B Doggett,0,0,,,,,,"",""
ball,2,48.5,Victoria,NJ Maddinson,SB Harper,B Doggett,0,0,,,,,,"",""
ball,2,48.6,Victoria,NJ Maddinson,SB Harper,B Doggett,2,0,,,,,,"",""
ball,2,49.1,Victoria,SB Harper,NJ Maddinson,BAD Manenti,1,0,,,,,,"",""
ball,2,49.2,Victoria,NJ Maddinson,SB Harper,BAD Manenti,6,0,,,,,,"",""
ball,2,49.3,Victoria,NJ Maddinson,SB Harper,BAD Manenti,1,0,,,,,,"",""
ball,2,49.4,Victoria,SB Harper,NJ Maddinson,BAD Manenti,0,0,,,,,,"",""
ball,2,49.5,Victoria,SB Harper,NJ Maddinson,BAD Manenti,0,0,,,,,,"",""
ball,2,49.6,Victoria,SB Harper,NJ Maddinson,BAD Manenti,0,0,,,,,,"",""
ball,2,50.1,Victoria,NJ Maddinson,SB Harper,B Doggett,1,0,,,,,,"",""
ball,2,50.2,Victoria,SB Harper,NJ Maddinson,B Doggett,0,0,,,,,,"",""
ball,2,50.3,Victoria,SB Harper,NJ Maddinson,B Doggett,0,0,,,,,,"",""
ball,2,50.4,Victoria,SB Harper,NJ Maddinson,B Doggett,1,0,,,,,,"",""
ball,2,50.5,Victoria,NJ Maddinson,SB Harper,B Doggett,0,0,,,,,,"",""
ball,2,50.6,Victoria,NJ Maddinson,SB Harper,B Doggett,0,0,,,,,,"",""
ball,2,51.1,Victoria,SB Harper,NJ Maddinson,BAD Manenti,0,0,,,,,,"",""
ball,2,51.2,Victoria,SB Harper,NJ Maddinson,BAD Manenti,1,0,,,,,,"",""
ball,2,51.3,Victoria,NJ Maddinson,SB Harper,BAD Manenti,1,0,,,,,,"",""
ball,2,51.4,Victoria,SB Harper,NJ Maddinson,BAD Manenti,1,0,,,,,,"",""
ball,2,51.5,Victoria,NJ Maddinson,SB Harper,BAD Manenti,0,0,,,,,,"",""
ball,2,51.6,Victoria,NJ Maddinson,SB Harper,BAD Manenti,0,0,,,,,,"",""
ball,2,52.1,Victoria,SB Harper,NJ Maddinson,B Doggett,2,0,,,,,,"",""
ball,2,52.2,Victoria,SB Harper,NJ Maddinson,B Doggett,1,0,,,,,,"",""
ball,2,52.3,Victoria,NJ Maddinson,SB Harper,B Doggett,0,0,,,,,,"",""
ball,2,52.4,Victoria,NJ Maddinson,SB Harper,B Doggett,0,0,,,,,,"",""
ball,2,52.5,Victoria,NJ Maddinson,SB Harper,B Doggett,0,0,,,,,,"",""
ball,2,52.6,Victoria,NJ Maddinson,SB Harper,B Doggett,0,0,,,,,,"",""
ball,2,53.1,Victoria,SB Harper,NJ Maddinson,BAD Manenti,1,0,,,,,,"",""
ball,2,53.2,Victoria,NJ Maddinson,SB Harper,BAD Manenti,0,0,,,,,,"",""
ball,2,53.3,Victoria,NJ Maddinson,SB Harper,BAD Manenti,0,0,,,,,,"",""
ball,2,53.4,Victoria,NJ Maddinson,SB Harper,BAD Manenti,0,0,,,,,,"",""
ball,2,53.5,Victoria,NJ Maddinson,SB Harper,BAD Manenti,6,0,,,,,,"",""
ball,2,53.6,Victoria,NJ Maddinson,SB Harper,BAD Manenti,0,0,,,,,,"",""
ball,2,54.1,Victoria,SB Harper,NJ Maddinson,WA Agar,0,0,,,,,,"",""
ball,2,54.2,Victoria,SB Harper,NJ Maddinson,WA Agar,1,0,,,,,,"",""
ball,2,54.3,Victoria,NJ Maddinson,SB Harper,WA Agar,2,0,,,,,,"",""
ball,2,54.4,Victoria,NJ Maddinson,SB Harper,WA Agar,0,0,,,,,,"",""
ball,2,54.5,Victoria,NJ Maddinson,SB Harper,WA Agar,2,0,,,,,,"",""
ball,2,54.6,Victoria,NJ Maddinson,SB Harper,WA Agar,1,0,,,,,,"",""
ball,2,55.1,Victoria,NJ Maddinson,SB Harper,BAD Manenti,1,0,,,,,,"",""
ball,2,55.2,Victoria,SB Harper,NJ Maddinson,BAD Manenti,0,0,,,,,,"",""
ball,2,55.3,Victoria,SB Harper,NJ Maddinson,BAD Manenti,0,0,,,,,,"",""
ball,2,55.4,Victoria,SB Harper,NJ Maddinson,BAD Manenti,0,0,,,,,,"",""
ball,2,55.5,Victoria,SB Harper,NJ Maddinson,BAD Manenti,0,0,,,,,,"",""
ball,2,55.6,Victoria,SB Harper,NJ Maddinson,BAD Manenti,0,0,,,,,,"",""
ball,2,56.1,Victoria,NJ Maddinson,SB Harper,WA Agar,0,0,,,,,,"",""
ball,2,56.2,Victoria,NJ Maddinson,SB Harper,WA Agar,0,0,,,,,,"",""
ball,2,56.3,Victoria,NJ Maddinson,SB Harper,WA Agar,0,0,,,,,,"",""
ball,2,56.4,Victoria,NJ Maddinson,SB Harper,WA Agar,0,0,,,,,,"",""
ball,2,56.5,Victoria,NJ Maddinson,SB Harper,WA Agar,2,0,,,,,,"",""
ball,2,56.6,Victoria,NJ Maddinson,SB Harper,WA Agar,0,0,,,,,,"",""
ball,2,57.1,Victoria,SB Harper,NJ Maddinson,BAD Manenti,0,0,,,,,,"",""
ball,2,57.2,Victoria,SB Harper,NJ Maddinson,BAD Manenti,2,0,,,,,,"",""
ball,2,57.3,Victoria,SB Harper,NJ Maddinson,BAD Manenti,0,0,,,,,,"",""
ball,2,57.4,Victoria,SB Harper,NJ Maddinson,BAD Manenti,4,0,,,,,,"",""
ball,2,57.5,Victoria,SB Harper,NJ Maddinson,BAD Manenti,0,0,,,,,,"",""
ball,2,57.6,Victoria,SB Harper,NJ Maddinson,BAD Manenti,0,0,,,,,,"",""
ball,2,58.1,Victoria,NJ Maddinson,SB Harper,WA Agar,0,0,,,,,,"",""
ball,2,58.2,Victoria,NJ Maddinson,SB Harper,WA Agar,0,0,,,,,,"",""
ball,2,58.3,Victoria,NJ Maddinson,SB Harper,WA Agar,0,0,,,,,,"",""
ball,2,58.4,Victoria,NJ Maddinson,SB Harper,WA Agar,4,0,,,,,,"",""
ball,2,58.5,Victoria,NJ Maddinson,SB Harper,WA Agar,2,0,,,,,,"",""
ball,2,58.6,Victoria,NJ Maddinson,SB Harper,WA Agar,0,0,,,,,,"",""
ball,2,59.1,Victoria,SB Harper,NJ Maddinson,N McAndrew,0,0,,,,,,"",""
ball,2,59.2,Victoria,SB Harper,NJ Maddinson,N McAndrew,0,0,,,,,,"",""
ball,2,59.3,Victoria,SB Harper,NJ Maddinson,N McAndrew,0,0,,,,,,"",""
ball,2,59.4,Victoria,SB Harper,NJ Maddinson,N McAndrew,0,0,,,,,,"",""
ball,2,59.5,Victoria,SB Harper,NJ Maddinson,N McAndrew,0,0,,,,,,"",""
ball,2,59.6,Victoria,SB Harper,NJ Maddinson,N McAndrew,4,0,,,,,,"",""
ball,2,60.1,Victoria,NJ Maddinson,SB Harper,WA Agar,0,0,,,,,,"",""
ball,2,60.2,Victoria,NJ Maddinson,SB Harper,WA Agar,0,0,,,,,,"",""
ball,2,60.3,Victoria,NJ Maddinson,SB Harper,WA Agar,0,0,,,,,,"",""
ball,2,60.4,Victoria,NJ Maddinson,SB Harper,WA Agar,0,0,,,,,,"",""
ball,2,60.5,Victoria,NJ Maddinson,SB Harper,WA Agar,0,0,,,,,,caught,NJ Maddinson
ball,2,60.6,Victoria,M Perry,SB Harper,WA Agar,0,0,,,,,,"",""
ball,2,61.1,Victoria,SB Harper,M Perry,N McAndrew,1,0,,,,,,"",""
ball,2,61.2,Victoria,M Perry,SB Harper,N McAndrew,0,0,,,,,,"",""
ball,2,61.3,Victoria,M Perry,SB Harper,N McAndrew,0,0,,,,,,"",""
ball,2,61.4,Victoria,M Perry,SB Harper,N McAndrew,3,0,,,,,,"",""
ball,2,61.5,Victoria,SB Harper,M Perry,N McAndrew,0,0,,,,,,"",""
ball,2,61.6,Victoria,SB Harper,M Perry,N McAndrew,0,0,,,,,,"",""
ball,2,62.1,Victoria,M Perry,SB Harper,WA Agar,4,0,,,,,,"",""
ball,2,62.2,Victoria,M Perry,SB Harper,WA Agar,1,0,,,,,,"",""
ball,2,62.3,Victoria,SB Harper,M Perry,WA Agar,0,0,,,,,,"",""
ball,2,62.4,Victoria,SB Harper,M Perry,WA Agar,0,0,,,,,,"",""
ball,2,62.5,Victoria,SB Harper,M Perry,WA Agar,4,0,,,,,,"",""
ball,2,62.6,Victoria,SB Harper,M Perry,WA Agar,0,0,,,,,,"",""
ball,2,63.1,Victoria,M Perry,SB Harper,N McAndrew,0,0,,,,,,"",""
ball,2,63.2,Victoria,M Perry,SB Harper,N McAndrew,0,0,,,,,,"",""
ball,2,63.3,Victoria,M Perry,SB Harper,N McAndrew,0,0,,,,,,"",""
ball,2,63.4,Victoria,M Perry,SB Harper,N McAndrew,0,0,,,,,,"",""
ball,2,63.5,Victoria,M Perry,SB Harper,N McAndrew,0,0,,,,,,"",""
ball,2,63.6,Victoria,M Perry,SB Harper,N McAndrew,0,0,,,,,,"",""
ball,2,64.1,Victoria,SB Harper,M Perry,L Scott,2,0,,,,,,"",""
ball,2,64.2,Victoria,SB Harper,M Perry,L Scott,0,0,,,,,,"",""
ball,2,64.3,Victoria,SB Harper,M Perry,L Scott,1,0,,,,,,"",""
ball,2,64.4,Victoria,M Perry,SB Harper,L Scott,0,0,,,,,,"",""
ball,2,64.5,Victoria,M Perry,SB Harper,L Scott,0,0,,,,,,"",""
ball,2,64.6,Victoria,M Perry,SB Harper,L Scott,0,0,,,,,,"",""
ball,2,65.1,Victoria,SB Harper,M Perry,N McAndrew,1,0,,,,,,"",""
ball,2,65.2,Victoria,M Perry,SB Harper,N McAndrew,0,0,,,,,,"",""
ball,2,65.3,Victoria,M Perry,SB Harper,N McAndrew,0,0,,,,,,"",""
ball,2,65.4,Victoria,M Perry,SB Harper,N McAndrew,0,0,,,,,,"",""
ball,2,65.5,Victoria,M Perry,SB Harper,N McAndrew,4,0,,,,,,"",""
ball,2,65.6,Victoria,M Perry,SB Harper,N McAndrew,0,0,,,,,,"",""
ball,2,66.1,Victoria,SB Harper,M Perry,L Scott,0,0,,,,,,"",""
ball,2,66.2,Victoria,SB Harper,M Perry,L Scott,0,0,,,,,,"",""
ball,2,66.3,Victoria,SB Harper,M Perry,L Scott,1,0,,,,,,"",""
ball,2,66.4,Victoria,M Perry,SB Harper,L Scott,0,0,,,,,,"",""
ball,2,66.5,Victoria,M Perry,SB Harper,L Scott,0,0,,,,,,"",""
ball,2,66.6,Victoria,M Perry,SB Harper,L Scott,0,0,,,,,,"",""
ball,2,67.1,Victoria,SB Harper,M Perry,BAD Manenti,1,0,,,,,,"",""
ball,2,67.2,Victoria,M Perry,SB Harper,BAD Manenti,1,0,,,,,,"",""
ball,2,67.3,Victoria,SB Harper,M Perry,BAD Manenti,0,0,,,,,,"",""
ball,2,67.4,Victoria,SB Harper,M Perry,BAD Manenti,1,0,,,,,,"",""
ball,2,67.5,Victoria,M Perry,SB Harper,BAD Manenti,1,0,,,,,,"",""
ball,2,67.6,Victoria,SB Harper,M Perry,BAD Manenti,1,0,,,,,,"",""
ball,2,68.1,Victoria,SB Harper,M Perry,L Scott,0,0,,,,,,"",""
ball,2,68.2,Victoria,SB Harper,M Perry,L Scott,0,0,,,,,,"",""
ball,2,68.3,Victoria,SB Harper,M Perry,L Scott,0,0,,,,,,bowled,SB Harper
ball,2,68.4,Victoria,F O'Neill,M Perry,L Scott,0,0,,,,,,"",""
ball,2,68.5,Victoria,F O'Neill,M Perry,L Scott,0,0,,,,,,"",""
ball,2,68.6,Victoria,F O'Neill,M Perry,L Scott,0,0,,,,,,caught,F O'Neill
ball,2,69.1,Victoria,M Perry,XA Crone,BAD Manenti,0,0,,,,,,"",""
ball,2,69.2,Victoria,M Perry,XA Crone,BAD Manenti,0,0,,,,,,"",""
ball,2,69.3,Victoria,M Perry,XA Crone,BAD Manenti,4,0,,,,,,"",""
ball,2,69.4,Victoria,M Perry,XA Crone,BAD Manenti,0,0,,,,,,"",""
ball,2,69.5,Victoria,M Perry,XA Crone,BAD Manenti,0,0,,,,,,"",""
ball,2,69.6,Victoria,M Perry,XA Crone,BAD Manenti,0,0,,,,,,"",""
ball,2,70.1,Victoria,XA Crone,M Perry,L Scott,0,0,,,,,,"",""
ball,2,70.2,Victoria,XA Crone,M Perry,L Scott,4,0,,,,,,"",""
ball,2,70.3,Victoria,XA Crone,M Perry,L Scott,0,0,,,,,,"",""
ball,2,70.4,Victoria,XA Crone,M Perry,L Scott,0,0,,,,,,"",""
ball,2,70.5,Victoria,XA Crone,M Perry,L Scott,0,0,,,,,,"",""
ball,2,70.6,Victoria,XA Crone,M Perry,L Scott,0,0,,,,,,"",""
ball,2,71.1,Victoria,M Perry,XA Crone,B Doggett,0,0,,,,,,"",""
ball,2,71.2,Victoria,M Perry,XA Crone,B Doggett,4,0,,,,,,"",""
ball,2,71.3,Victoria,M Perry,XA Crone,B Doggett,0,0,,,,,,"",""
ball,2,71.4,Victoria,M Perry,XA Crone,B Doggett,0,0,,,,,,"",""
ball,2,71.5,Victoria,M Perry,XA Crone,B Doggett,0,0,,,,,,"",""
ball,2,71.6,Victoria,M Perry,XA Crone,B Doggett,0,0,,,,,,"",""
ball,2,72.1,Victoria,XA Crone,M Perry,BAD Manenti,0,0,,,,,,"",""
ball,2,72.2,Victoria,XA Crone,M Perry,BAD Manenti,0,0,,,,,,"",""
ball,2,72.3,Victoria,XA Crone,M Perry,BAD Manenti,0,0,,,,,,"",""
ball,2,72.4,Victoria,XA Crone,M Perry,BAD Manenti,0,0,,,,,,"",""
ball,2,72.5,Victoria,XA Crone,M Perry,BAD Manenti,0,0,,,,,,"",""
ball,2,72.6,Victoria,XA Crone,M Perry,BAD Manenti,0,0,,,,,,"",""
ball,2,73.1,Victoria,M Perry,XA Crone,B Doggett,4,0,,,,,,"",""
ball,2,73.2,Victoria,M Perry,XA Crone,B Doggett,0,0,,,,,,"",""
ball,2,73.3,Victoria,M Perry,XA Crone,B Doggett,0,0,,,,,,"",""
ball,2,73.4,Victoria,M Perry,XA Crone,B Doggett,1,0,,,,,,"",""
ball,2,73.5,Victoria,XA Crone,M Perry,B Doggett,0,0,,,,,,"",""
ball,2,73.6,Victoria,XA Crone,M Perry,B Doggett,0,0,,,,,,"",""
ball,2,74.1,Victoria,M Perry,XA Crone,BAD Manenti,0,0,,,,,,"",""
ball,2,74.2,Victoria,M Perry,XA Crone,BAD Manenti,0,0,,,,,,"",""
ball,2,74.3,Victoria,M Perry,XA Crone,BAD Manenti,0,0,,,,,,"",""
ball,2,74.4,Victoria,M Perry,XA Crone,BAD Manenti,0,0,,,,,,"",""
ball,2,74.5,Victoria,M Perry,XA Crone,BAD Manenti,0,0,,,,,,"",""
ball,2,74.6,Victoria,M Perry,XA Crone,BAD Manenti,1,0,,,,,,"",""
ball,2,75.1,Victoria,M Perry,XA Crone,B Doggett,0,0,,,,,,"",""
ball,2,75.2,Victoria,M Perry,XA Crone,B Doggett,0,1,1,,,,,"",""
ball,2,75.3,Victoria,M Perry,XA Crone,B Doggett,0,0,,,,,,"",""
ball,2,75.4,Victoria,M Perry,XA Crone,B Doggett,1,0,,,,,,"",""
ball,2,75.5,Victoria,XA Crone,M Perry,B Doggett,2,0,,,,,,"",""
ball,2,75.6,Victoria,XA Crone,M Perry,B Doggett,0,0,,,,,,"",""
ball,2,75.7,Victoria,XA Crone,M Perry,B Doggett,0,0,,,,,,"",""
ball,2,76.1,Victoria,M Perry,XA Crone,BAD Manenti,0,0,,,,,,"",""
ball,2,76.2,Victoria,M Perry,XA Crone,BAD Manenti,0,0,,,,,,"",""
ball,2,76.3,Victoria,M Perry,XA Crone,BAD Manenti,0,0,,,,,,"",""
ball,2,76.4,Victoria,M Perry,XA Crone,BAD Manenti,1,0,,,,,,"",""
ball,2,76.5,Victoria,XA Crone,M Perry,BAD Manenti,0,0,,,,,,"",""
ball,2,76.6,Victoria,XA Crone,M Perry,BAD Manenti,0,0,,,,,,"",""
ball,2,77.1,Victoria,M Perry,XA Crone,NA McSweeney,1,0,,,,,,"",""
ball,2,77.2,Victoria,XA Crone,M Perry,NA McSweeney,0,0,,,,,,"",""
ball,2,77.3,Victoria,XA Crone,M Perry,NA McSweeney,0,0,,,,,,caught,XA Crone
ball,2,77.4,Victoria,T Murphy,M Perry,NA McSweeney,1,0,,,,,,"",""
ball,2,77.5,Victoria,M Perry,T Murphy,NA McSweeney,0,0,,,,,,"",""
ball,2,77.6,Victoria,M Perry,T Murphy,NA McSweeney,0,0,,,,,,"",""
ball,2,78.1,Victoria,T Murphy,M Perry,BAD Manenti,0,0,,,,,,"",""
ball,2,78.2,Victoria,T Murphy,M Perry,BAD Manenti,0,0,,,,,,"",""
ball,2,78.3,Victoria,T Murphy,M Perry,BAD Manenti,0,0,,,,,,"",""
ball,2,78.4,Victoria,T Murphy,M Perry,BAD Manenti,0,0,,,,,,"",""
ball,2,78.5,Victoria,T Murphy,M Perry,BAD Manenti,0,0,,,,,,"",""
ball,2,78.6,Victoria,T Murphy,M Perry,BAD Manenti,0,0,,,,,,"",""
ball,2,79.1,Victoria,M Perry,T Murphy,NA McSweeney,0,0,,,,,,"",""
ball,2,79.2,Victoria,M Perry,T Murphy,NA McSweeney,0,0,,,,,,"",""
ball,2,79.3,Victoria,M Perry,T Murphy,NA McSweeney,0,0,,,,,,"",""
ball,2,79.4,Victoria,M Perry,T Murphy,NA McSweeney,0,0,,,,,,"",""
ball,2,79.5,Victoria,M Perry,T Murphy,NA McSweeney,0,0,,,,,,"",""
ball,2,79.6,Victoria,M Perry,T Murphy,NA McSweeney,0,0,,,,,,"",""
ball,2,80.1,Victoria,T Murphy,M Perry,WA Agar,0,0,,,,,,"",""
ball,2,80.2,Victoria,T Murphy,M Perry,WA Agar,1,0,,,,,,"",""
ball,2,80.3,Victoria,M Perry,T Murphy,WA Agar,0,0,,,,,,"",""
ball,2,80.4,Victoria,M Perry,T Murphy,WA Agar,0,0,,,,,,"",""
ball,2,80.5,Victoria,M Perry,T Murphy,WA Agar,1,0,,,,,,"",""
ball,2,80.6,Victoria,T Murphy,M Perry,WA Agar,0,0,,,,,,"",""
ball,2,81.1,Victoria,M Perry,T Murphy,N McAndrew,0,0,,,,,,"",""
ball,2,81.2,Victoria,M Perry,T Murphy,N McAndrew,1,0,,,,,,"",""
ball,2,81.3,Victoria,T Murphy,M Perry,N McAndrew,0,0,,,,,,"",""
ball,2,81.4,Victoria,T Murphy,M Perry,N McAndrew,0,0,,,,,,"",""
ball,2,81.5,Victoria,T Murphy,M Perry,N McAndrew,4,0,,,,,,"",""
ball,2,81.6,Victoria,T Murphy,M Perry,N McAndrew,0,1,,,,1,,"",""
ball,2,82.1,Victoria,T Murphy,M Perry,WA Agar,0,0,,,,,,"",""
ball,2,82.2,Victoria,T Murphy,M Perry,WA Agar,4,0,,,,,,"",""
ball,2,82.3,Victoria,T Murphy,M Perry,WA Agar,0,0,,,,,,"",""
ball,2,82.4,Victoria,T Murphy,M Perry,WA Agar,4,0,,,,,,"",""
ball,2,82.5,Victoria,T Murphy,M Perry,WA Agar,2,0,,,,,,"",""
ball,2,82.6,Victoria,T Murphy,M Perry,WA Agar,0,0,,,,,,"",""
ball,2,83.1,Victoria,M Perry,T Murphy,N McAndrew,0,0,,,,,,"",""
ball,2,83.2,Victoria,M Perry,T Murphy,N McAndrew,1,0,,,,,,"",""
ball,2,83.3,Victoria,T Murphy,M Perry,N McAndrew,0,0,,,,,,"",""
ball,2,83.4,Victoria,T Murphy,M Perry,N McAndrew,4,0,,,,,,"",""
ball,2,83.5,Victoria,T Murphy,M Perry,N McAndrew,0,0,,,,,,"",""
ball,2,83.6,Victoria,T Murphy,M Perry,N McAndrew,0,0,,,,,,"",""
ball,2,84.1,Victoria,M Perry,T Murphy,L Scott,2,0,,,,,,"",""
ball,2,84.2,Victoria,M Perry,T Murphy,L Scott,0,0,,,,,,"",""
ball,2,84.3,Victoria,M Perry,T Murphy,L Scott,0,0,,,,,,"",""
ball,2,84.4,Victoria,M Perry,T Murphy,L Scott,1,0,,,,,,"",""
ball,2,84.5,Victoria,T Murphy,M Perry,L Scott,0,0,,,,,,"",""
ball,2,84.6,Victoria,T Murphy,M Perry,L Scott,0,0,,,,,,"",""
ball,2,85.1,Victoria,M Perry,T Murphy,N McAndrew,0,0,,,,,,"",""
ball,2,85.2,Victoria,M Perry,T Murphy,N McAndrew,0,0,,,,,,"",""
ball,2,85.3,Victoria,M Perry,T Murphy,N McAndrew,0,0,,,,,,"",""
ball,2,85.4,Victoria,M Perry,T Murphy,N McAndrew,1,0,,,,,,"",""
ball,2,85.5,Victoria,T Murphy,M Perry,N McAndrew,0,0,,,,,,"",""
ball,2,85.6,Victoria,T Murphy,M Perry,N McAndrew,0,0,,,,,,"",""
ball,2,86.1,Victoria,M Perry,T Murphy,L Scott,0,0,,,,,,"",""
ball,2,86.2,Victoria,M Perry,T Murphy,L Scott,0,0,,,,,,caught,M Perry
ball,2,86.3,Victoria,SM Boland,T Murphy,L Scott,0,0,,,,,,"",""
ball,2,86.4,Victoria,SM Boland,T Murphy,L Scott,4,0,,,,,,"",""
ball,2,86.5,Victoria,SM Boland,T Murphy,L Scott,0,0,,,,,,"",""
ball,2,86.6,Victoria,SM Boland,T Murphy,L Scott,0,0,,,,,,"",""
ball,2,87.1,Victoria,T Murphy,SM Boland,B Doggett,0,0,,,,,,"",""
ball,2,87.2,Victoria,T Murphy,SM Boland,B Doggett,4,0,,,,,,"",""
ball,2,87.3,Victoria,T Murphy,SM Boland,B Doggett,0,0,,,,,,"",""
ball,2,87.4,Victoria,T Murphy,SM Boland,B Doggett,1,0,,,,,,"",""
ball,2,87.5,Victoria,SM Boland,T Murphy,B Doggett,0,0,,,,,,"",""
ball,2,87.6,Victoria,SM Boland,T Murphy,B Doggett,1,0,,,,,,"",""
ball,2,88.1,Victoria,SM Boland,T Murphy,L Scott,0,0,,,,,,"",""
ball,2,88.2,Victoria,SM Boland,T Murphy,L Scott,0,0,,,,,,"",""
ball,2,88.3,Victoria,SM Boland,T Murphy,L Scott,0,0,,,,,,caught,SM Boland
ball,3,0.1,South Australia,JM Carder,HJ Hunt,F O'Neill,0,0,,,,,,"",""
ball,3,0.2,South Australia,JM Carder,HJ Hunt,F O'Neill,0,0,,,,,,"",""
ball,3,0.3,South Australia,JM Carder,HJ Hunt,F O'Neill,0,0,,,,,,"",""
ball,3,0.4,South Australia,JM Carder,HJ Hunt,F O'Neill,0,0,,,,,,"",""
ball,3,0.5,South Australia,JM Carder,HJ Hunt,F O'Neill,0,0,,,,,,"",""
ball,3,0.6,South Australia,JM Carder,HJ Hunt,F O'Neill,0,0,,,,,,"",""
ball,3,1.1,South Australia,HJ Hunt,JM Carder,M Perry,3,0,,,,,,"",""
ball,3,1.2,South Australia,JM Carder,HJ Hunt,M Perry,0,0,,,,,,"",""
ball,3,1.3,South Australia,JM Carder,HJ Hunt,M Perry,0,0,,,,,,"",""
ball,3,1.4,South Australia,JM Carder,HJ Hunt,M Perry,0,0,,,,,,"",""
ball,3,1.5,South Australia,JM Carder,HJ Hunt,M Perry,3,0,,,,,,"",""
ball,3,1.6,South Australia,HJ Hunt,JM Carder,M Perry,0,0,,,,,,"",""
ball,3,2.1,South Australia,JM Carder,HJ Hunt,F O'Neill,0,0,,,,,,"",""
ball,3,2.2,South Australia,JM Carder,HJ Hunt,F O'Neill,0,0,,,,,,"",""
ball,3,2.3,South Australia,JM Carder,HJ Hunt,F O'Neill,0,0,,,,,,"",""
ball,3,2.4,South Australia,JM Carder,HJ Hunt,F O'Neill,0,0,,,,,,"",""
ball,3,2.5,South Australia,JM Carder,HJ Hunt,F O'Neill,2,0,,,,,,"",""
ball,3,2.6,South Australia,JM Carder,HJ Hunt,F O'Neill,0,0,,,,,,"",""
ball,3,3.1,South Australia,HJ Hunt,JM Carder,M Perry,0,0,,,,,,"",""
ball,3,3.2,South Australia,HJ Hunt,JM Carder,M Perry,0,0,,,,,,"",""
ball,3,3.3,South Australia,HJ Hunt,JM Carder,M Perry,4,0,,,,,,"",""
ball,3,3.4,South Australia,HJ Hunt,JM Carder,M Perry,0,0,,,,,,"",""
ball,3,3.5,South Australia,HJ Hunt,JM Carder,M Perry,0,0,,,,,,"",""
ball,3,3.6,South Australia,HJ Hunt,JM Carder,M Perry,0,0,,,,,,"",""
ball,3,4.1,South Australia,JM Carder,HJ Hunt,F O'Neill,0,0,,,,,,"",""
ball,3,4.2,South Australia,JM Carder,HJ Hunt,F O'Neill,0,0,,,,,,"",""
ball,3,4.3,South Australia,JM Carder,HJ Hunt,F O'Neill,0,0,,,,,,"",""
ball,3,4.4,South Australia,JM Carder,HJ Hunt,F O'Neill,3,0,,,,,,"",""
ball,3,4.5,South Australia,HJ Hunt,JM Carder,F O'Neill,0,0,,,,,,"",""
ball,3,4.6,South Australia,HJ Hunt,JM Carder,F O'Neill,0,0,,,,,,"",""
ball,3,5.1,South Australia,JM Carder,HJ Hunt,M Perry,0,0,,,,,,"",""
ball,3,5.2,South Australia,JM Carder,HJ Hunt,M Perry,4,0,,,,,,"",""
ball,3,5.3,South Australia,JM Carder,HJ Hunt,M Perry,0,0,,,,,,"",""
ball,3,5.4,South Australia,JM Carder,HJ Hunt,M Perry,0,0,,,,,,"",""
ball,3,5.5,South Australia,JM Carder,HJ Hunt,M Perry,2,0,,,,,,"",""
ball,3,5.6,South Australia,JM Carder,HJ Hunt,M Perry,0,0,,,,,,"",""
ball,3,6.1,South Australia,HJ Hunt,JM Carder,F O'Neill,0,0,,,,,,"",""
ball,3,6.2,South Australia,HJ Hunt,JM Carder,F O'Neill,0,0,,,,,,"",""
ball,3,6.3,South Australia,HJ Hunt,JM Carder,F O'Neill,0,0,,,,,,"",""
ball,3,6.4,South Australia,HJ Hunt,JM Carder,F O'Neill,0,0,,,,,,"",""
ball,3,6.5,South Australia,HJ Hunt,JM Carder,F O'Neill,0,0,,,,,,"",""
ball,3,6.6,South Australia,HJ Hunt,JM Carder,F O'Neill,0,0,,,,,,"",""
ball,3,7.1,South Australia,JM Carder,HJ Hunt,XA Crone,0,0,,,,,,"",""
ball,3,7.2,South Australia,JM Carder,HJ Hunt,XA Crone,0,1,,,,1,,"",""
ball,3,7.3,South Australia,HJ Hunt,JM Carder,XA Crone,0,0,,,,,,"",""
ball,3,7.4,South Australia,HJ Hunt,JM Carder,XA Crone,2,0,,,,,,"",""
ball,3,7.5,South Australia,HJ Hunt,JM Carder,XA Crone,0,0,,,,,,"",""
ball,3,7.6,South Australia,HJ Hunt,JM Carder,XA Crone,0,0,,,,,,"",""
ball,3,8.1,South Australia,JM Carder,HJ Hunt,F O'Neill,0,0,,,,,,lbw,JM Carder
ball,3,8.2,South Australia,NA McSweeney,HJ Hunt,F O'Neill,0,0,,,,,,"",""
ball,3,8.3,South Australia,NA McSweeney,HJ Hunt,F O'Neill,0,0,,,,,,"",""
ball,3,8.4,South Australia,NA McSweeney,HJ Hunt,F O'Neill,3,0,,,,,,"",""
ball,3,8.5,South Australia,HJ Hunt,NA McSweeney,F O'Neill,0,0,,,,,,"",""
ball,3,8.6,South Australia,HJ Hunt,NA McSweeney,F O'Neill,1,0,,,,,,"",""
ball,3,9.1,South Australia,HJ Hunt,NA McSweeney,XA Crone,0,1,,,,1,,"",""
ball,3,9.2,South Australia,NA McSweeney,HJ Hunt,XA Crone,0,0,,,,,,"",""
ball,3,9.3,South Australia,NA McSweeney,HJ Hunt,XA Crone,0,0,,,,,,"",""
ball,3,9.4,South Australia,NA McSweeney,HJ Hunt,XA Crone,0,0,,,,,,"",""
ball,3,9.5,South Australia,NA McSweeney,HJ Hunt,XA Crone,0,0,,,,,,"",""
ball,3,9.6,South Australia,NA McSweeney,HJ Hunt,XA Crone,1,0,,,,,,"",""
ball,3,10.1,South Australia,NA McSweeney,HJ Hunt,F O'Neill,0,0,,,,,,"",""
ball,3,10.2,South Australia,NA McSweeney,HJ Hunt,F O'Neill,0,0,,,,,,"",""
ball,3,10.3,South Australia,NA McSweeney,HJ Hunt,F O'Neill,0,0,,,,,,"",""
ball,3,10.4,South Australia,NA McSweeney,HJ Hunt,F O'Neill,0,0,,,,,,"",""
ball,3,10.5,South Australia,NA McSweeney,HJ Hunt,F O'Neill,4,0,,,,,,"",""
ball,3,10.6,South Australia,NA McSweeney,HJ Hunt,F O'Neill,0,0,,,,,,"",""
ball,3,11.1,South Australia,HJ Hunt,NA McSweeney,XA Crone,0,0,,,,,,"",""
ball,3,11.2,South Australia,HJ Hunt,NA McSweeney,XA Crone,0,0,,,,,,"",""
ball,3,11.3,South Australia,HJ Hunt,NA McSweeney,XA Crone,0,0,,,,,,"",""
ball,3,11.4,South Australia,HJ Hunt,NA McSweeney,XA Crone,0,0,,,,,,"",""
ball,3,11.5,South Australia,HJ Hunt,NA McSweeney,XA Crone,1,0,,,,,,"",""
ball,3,11.6,South Australia,NA McSweeney,HJ Hunt,XA Crone,2,0,,,,,,"",""
ball,3,12.1,South Australia,HJ Hunt,NA McSweeney,T Murphy,0,0,,,,,,"",""
ball,3,12.2,South Australia,HJ Hunt,NA McSweeney,T Murphy,0,0,,,,,,"",""
ball,3,12.3,South Australia,HJ Hunt,NA McSweeney,T Murphy,2,0,,,,,,"",""
ball,3,12.4,South Australia,HJ Hunt,NA McSweeney,T Murphy,0,0,,,,,,"",""
ball,3,12.5,South Australia,HJ Hunt,NA McSweeney,T Murphy,0,0,,,,,,"",""
ball,3,12.6,South Australia,HJ Hunt,NA McSweeney,T Murphy,0,0,,,,,,"",""
ball,3,13.1,South Australia,NA McSweeney,HJ Hunt,XA Crone,0,0,,,,,,"",""
ball,3,13.2,South Australia,NA McSweeney,HJ Hunt,XA Crone,0,0,,,,,,"",""
ball,3,13.3,South Australia,NA McSweeney,HJ Hunt,XA Crone,0,0,,,,,,"",""
ball,3,13.4,South Australia,NA McSweeney,HJ Hunt,XA Crone,0,1,1,,,,,"",""
ball,3,13.5,South Australia,NA McSweeney,HJ Hunt,XA Crone,0,0,,,,,,"",""
ball,3,13.6,South Australia,NA McSweeney,HJ Hunt,XA Crone,0,0,,,,,,"",""
ball,3,13.7,South Australia,NA McSweeney,HJ Hunt,XA Crone,1,0,,,,,,"",""
ball,3,14.1,South Australia,NA McSweeney,HJ Hunt,T Murphy,0,0,,,,,,"",""
ball,3,14.2,South Australia,NA McSweeney,HJ Hunt,T Murphy,0,0,,,,,,caught and bowled,NA McSweeney
ball,3,14.3,South Australia,N McAndrew,HJ Hunt,T Murphy,4,0,,,,,,"",""
ball,3,14.4,South Australia,N McAndrew,HJ Hunt,T Murphy,0,0,,,,,,"",""
ball,3,14.5,South Australia,N McAndrew,HJ Hunt,T Murphy,0,0,,,,,,"",""
ball,3,14.6,South Australia,N McAndrew,HJ Hunt,T Murphy,0,0,,,,,,"",""
ball,3,15.1,South Australia,HJ Hunt,N McAndrew,XA Crone,0,0,,,,,,"",""
ball,3,15.2,South Australia,HJ Hunt,N McAndrew,XA Crone,0,0,,,,,,"",""
ball,3,15.3,South Australia,HJ Hunt,N McAndrew,XA Crone,0,0,,,,,,"",""
ball,3,15.4,South Australia,HJ Hunt,N McAndrew,XA Crone,4,0,,,,,,"",""
ball,3,15.5,South Australia,HJ Hunt,N McAndrew,XA Crone,0,0,,,,,,"",""
ball,3,15.6,South Australia,HJ Hunt,N McAndrew,XA Crone,0,0,,,,,,"",""
ball,3,16.1,South Australia,N McAndrew,HJ Hunt,F O'Neill,0,0,,,,,,"",""
ball,3,16.2,South Australia,N McAndrew,HJ Hunt,F O'Neill,0,0,,,,,,"",""
ball,3,16.3,South Australia,N McAndrew,HJ Hunt,F O'Neill,0,0,,,,,,"",""
ball,3,16.4,South Australia,N McAndrew,HJ Hunt,F O'Neill,0,0,,,,,,"",""
ball,3,16.5,South Australia,N McAndrew,HJ Hunt,F O'Neill,0,0,,,,,,"",""
ball,3,16.6,South Australia,N McAndrew,HJ Hunt,F O'Neill,0,0,,,,,,"",""
ball,3,17.1,South Australia,HJ Hunt,N McAndrew,M Perry,0,0,,,,,,"",""
ball,3,17.2,South Australia,HJ Hunt,N McAndrew,M Perry,0,0,,,,,,"",""
ball,3,17.3,South Australia,HJ Hunt,N McAndrew,M Perry,0,0,,,,,,"",""
ball,3,17.4,South Australia,HJ Hunt,N McAndrew,M Perry,1,0,,,,,,"",""
ball,3,17.5,South Australia,N McAndrew,HJ Hunt,M Perry,0,0,,,,,,"",""
ball,3,17.6,South Australia,N McAndrew,HJ Hunt,M Perry,4,0,,,,,,"",""
ball,3,18.1,South Australia,HJ Hunt,N McAndrew,F O'Neill,0,0,,,,,,"",""
ball,3,18.2,South Australia,HJ Hunt,N McAndrew,F O'Neill,4,0,,,,,,"",""
ball,3,18.3,South Australia,HJ Hunt,N McAndrew,F O'Neill,4,0,,,,,,"",""
ball,3,18.4,South Australia,HJ Hunt,N McAndrew,F O'Neill,0,0,,,,,,"",""
ball,3,18.5,South Australia,HJ Hunt,N McAndrew,F O'Neill,0,0,,,,,,"",""
ball,3,18.6,South Australia,HJ Hunt,N McAndrew,F O'Neill,0,0,,,,,,"",""
ball,3,19.1,South Australia,N McAndrew,HJ Hunt,M Perry,0,0,,,,,,"",""
ball,3,19.2,South Australia,N McAndrew,HJ Hunt,M Perry,0,0,,,,,,"",""
ball,3,19.3,South Australia,N McAndrew,HJ Hunt,M Perry,0,0,,,,,,"",""
ball,3,19.4,South Australia,N McAndrew,HJ Hunt,M Perry,0,0,,,,,,"",""
ball,3,19.5,South Australia,N McAndrew,HJ Hunt,M Perry,4,0,,,,,,"",""
ball,3,19.6,South Australia,N McAndrew,HJ Hunt,M Perry,0,0,,,,,,"",""
ball,3,20.1,South Australia,HJ Hunt,N McAndrew,SM Boland,0,1,,,,1,,"",""
ball,3,20.2,South Australia,N McAndrew,HJ Hunt,SM Boland,0,0,,,,,,"",""
ball,3,20.3,South Australia,N McAndrew,HJ Hunt,SM Boland,0,0,,,,,,"",""
ball,3,20.4,South Australia,N McAndrew,HJ Hunt,SM Boland,0,0,,,,,,"",""
ball,3,20.5,South Australia,N McAndrew,HJ Hunt,SM Boland,0,0,,,,,,"",""
ball,3,20.6,South Australia,N McAndrew,HJ Hunt,SM Boland,0,0,,,,,,"",""
ball,3,21.1,South Australia,HJ Hunt,N McAndrew,F O'Neill,0,0,,,,,,"",""
ball,3,21.2,South Australia,HJ Hunt,N McAndrew,F O'Neill,0,0,,,,,,"",""
ball,3,21.3,South Australia,HJ Hunt,N McAndrew,F O'Neill,0,0,,,,,,"",""
ball,3,21.4,South Australia,HJ Hunt,N McAndrew,F O'Neill,2,0,,,,,,"",""
ball,3,21.5,South Australia,HJ Hunt,N McAndrew,F O'Neill,0,0,,,,,,"",""
ball,3,21.6,South Australia,HJ Hunt,N McAndrew,F O'Neill,2,0,,,,,,"",""
ball,3,22.1,South Australia,N McAndrew,HJ Hunt,SM Boland,0,0,,,,,,"",""
ball,3,22.2,South Australia,N McAndrew,HJ Hunt,SM Boland,0,0,,,,,,"",""
ball,3,22.3,South Australia,N McAndrew,HJ Hunt,SM Boland,0,0,,,,,,"",""
ball,3,22.4,South Australia,N McAndrew,HJ Hunt,SM Boland,0,0,,,,,,"",""
ball,3,22.5,South Australia,N McAndrew,HJ Hunt,SM Boland,0,0,,,,,,"",""
ball,3,22.6,South Australia,N McAndrew,HJ Hunt,SM Boland,4,0,,,,,,"",""
ball,3,23.1,South Australia,HJ Hunt,N McAndrew,F O'Neill,0,0,,,,,,"",""
ball,3,23.2,South Australia,HJ Hunt,N McAndrew,F O'Neill,0,0,,,,,,"",""
ball,3,23.3,South Australia,HJ Hunt,N McAndrew,F O'Neill,0,0,,,,,,"",""
ball,3,23.4,South Australia,HJ Hunt,N McAndrew,F O'Neill,0,0,,,,,,"",""
ball,3,23.5,South Australia,HJ Hunt,N McAndrew,F O'Neill,0,0,,,,,,"",""
ball,3,23.6,South Australia,HJ Hunt,N McAndrew,F O'Neill,0,0,,,,,,"",""
ball,3,24.1,South Australia,N McAndrew,HJ Hunt,SM Boland,0,0,,,,,,"",""
ball,3,24.2,South Australia,N McAndrew,HJ Hunt,SM Boland,0,0,,,,,,"",""
ball,3,24.3,South Australia,N McAndrew,HJ Hunt,SM Boland,0,0,,,,,,"",""
ball,3,24.4,South Australia,N McAndrew,HJ Hunt,SM Boland,0,0,,,,,,"",""
ball,3,24.5,South Australia,N McAndrew,HJ Hunt,SM Boland,0,0,,,,,,"",""
ball,3,24.6,South Australia,N McAndrew,HJ Hunt,SM Boland,0,0,,,,,,"",""
ball,3,25.1,South Australia,HJ Hunt,N McAndrew,F O'Neill,0,0,,,,,,"",""
ball,3,25.2,South Australia,HJ Hunt,N McAndrew,F O'Neill,0,0,,,,,,"",""
ball,3,25.3,South Australia,HJ Hunt,N McAndrew,F O'Neill,0,0,,,,,,"",""
ball,3,25.4,South Australia,HJ Hunt,N McAndrew,F O'Neill,0,0,,,,,,"",""
ball,3,25.5,South Australia,HJ Hunt,N McAndrew,F O'Neill,0,0,,,,,,"",""
ball,3,25.6,South Australia,HJ Hunt,N McAndrew,F O'Neill,0,0,,,,,,"",""
ball,3,26.1,South Australia,N McAndrew,HJ Hunt,SM Boland,0,0,,,,,,"",""
ball,3,26.2,South Australia,N McAndrew,HJ Hunt,SM Boland,4,0,,,,,,"",""
ball,3,26.3,South Australia,N McAndrew,HJ Hunt,SM Boland,1,0,,,,,,"",""
ball,3,26.4,South Australia,HJ Hunt,N McAndrew,SM Boland,0,0,,,,,,"",""
ball,3,26.5,South Australia,HJ Hunt,N McAndrew,SM Boland,1,0,,,,,,"",""
ball,3,26.6,South Australia,N McAndrew,HJ Hunt,SM Boland,0,0,,,,,,"",""
ball,3,27.1,South Australia,HJ Hunt,N McAndrew,M Perry,0,0,,,,,,"",""
ball,3,27.2,South Australia,HJ Hunt,N McAndrew,M Perry,0,0,,,,,,"",""
ball,3,27.3,South Australia,HJ Hunt,N McAndrew,M Perry,4,0,,,,,,"",""
ball,3,27.4,South Australia,HJ Hunt,N McAndrew,M Perry,0,0,,,,,,"",""
ball,3,27.5,South Australia,HJ Hunt,N McAndrew,M Perry,0,0,,,,,,"",""
ball,3,27.6,South Australia,HJ Hunt,N McAndrew,M Perry,0,0,,,,,,"",""
ball,3,28.1,South Australia,N McAndrew,HJ Hunt,SM Boland,0,0,,,,,,"",""
ball,3,28.2,South Australia,N McAndrew,HJ Hunt,SM Boland,0,0,,,,,,"",""
ball,3,28.3,South Australia,N McAndrew,HJ Hunt,SM Boland,2,0,,,,,,"",""
ball,3,28.4,South Australia,N McAndrew,HJ Hunt,SM Boland,0,0,,,,,,"",""
ball,3,28.5,South Australia,N McAndrew,HJ Hunt,SM Boland,0,0,,,,,,"",""
ball,3,28.6,South Australia,N McAndrew,HJ Hunt,SM Boland,0,0,,,,,,"",""
ball,3,29.1,South Australia,HJ Hunt,N McAndrew,M Perry,4,0,,,,,,"",""
ball,3,29.2,South Australia,HJ Hunt,N McAndrew,M Perry,0,0,,,,,,"",""
ball,3,29.3,South Australia,HJ Hunt,N McAndrew,M Perry,0,0,,,,,,"",""
ball,3,29.4,South Australia,HJ Hunt,N McAndrew,M Perry,0,0,,,,,,"",""
ball,3,29.5,South Australia,HJ Hunt,N McAndrew,M Perry,4,0,,,,,,"",""
ball,3,29.6,South Australia,HJ Hunt,N McAndrew,M Perry,0,0,,,,,,"",""
ball,3,30.1,South Australia,N McAndrew,HJ Hunt,SM Boland,4,0,,,,,,"",""
ball,3,30.2,South Australia,N McAndrew,HJ Hunt,SM Boland,0,0,,,,,,"",""
ball,3,30.3,South Australia,N McAndrew,HJ Hunt,SM Boland,0,0,,,,,,"",""
ball,3,30.4,South Australia,N McAndrew,HJ Hunt,SM Boland,0,0,,,,,,"",""
ball,3,30.5,South Australia,N McAndrew,HJ Hunt,SM Boland,0,0,,,,,,"",""
ball,3,30.6,South Australia,N McAndrew,HJ Hunt,SM Boland,0,0,,,,,,"",""
ball,3,31.1,South Australia,HJ Hunt,N McAndrew,XA Crone,0,0,,,,,,"",""
ball,3,31.2,South Australia,HJ Hunt,N McAndrew,XA Crone,4,0,,,,,,"",""
ball,3,31.3,South Australia,HJ Hunt,N McAndrew,XA Crone,0,0,,,,,,"",""
ball,3,31.4,South Australia,HJ Hunt,N McAndrew,XA Crone,1,0,,,,,,"",""
ball,3,31.5,South Australia,N McAndrew,HJ Hunt,XA Crone,0,0,,,,,,"",""
ball,3,31.6,South Australia,N McAndrew,HJ Hunt,XA Crone,0,0,,,,,,"",""
ball,3,32.1,South Australia,HJ Hunt,N McAndrew,F O'Neill,0,0,,,,,,"",""
ball,3,32.2,South Australia,HJ Hunt,N McAndrew,F O'Neill,1,0,,,,,,"",""
ball,3,32.3,South Australia,N McAndrew,HJ Hunt,F O'Neill,0,0,,,,,,"",""
ball,3,32.4,South Australia,N McAndrew,HJ Hunt,F O'Neill,0,0,,,,,,"",""
ball,3,32.5,South Australia,N McAndrew,HJ Hunt,F O'Neill,0,0,,,,,,"",""
ball,3,32.6,South Australia,N McAndrew,HJ Hunt,F O'Neill,3,0,,,,,,"",""
ball,3,33.1,South Australia,N McAndrew,HJ Hunt,XA Crone,0,0,,,,,,"",""
ball,3,33.2,South Australia,N McAndrew,HJ Hunt,XA Crone,4,0,,,,,,"",""
ball,3,33.3,South Australia,N McAndrew,HJ Hunt,XA Crone,0,0,,,,,,"",""
ball,3,33.4,South Australia,N McAndrew,HJ Hunt,XA Crone,0,0,,,,,,"",""
ball,3,33.5,South Australia,N McAndrew,HJ Hunt,XA Crone,1,0,,,,,,"",""
ball,3,33.6,South Australia,HJ Hunt,N McAndrew,XA Crone,1,0,,,,,,"",""
ball,3,34.1,South Australia,HJ Hunt,N McAndrew,F O'Neill,4,0,,,,,,"",""
ball,3,34.2,South Australia,HJ Hunt,N McAndrew,F O'Neill,0,0,,,,,,"",""
ball,3,34.3,South Australia,HJ Hunt,N McAndrew,F O'Neill,0,0,,,,,,"",""
ball,3,34.4,South Australia,HJ Hunt,N McAndrew,F O'Neill,0,0,,,,,,bowled,HJ Hunt
ball,3,34.5,South Australia,T Kelly,N McAndrew,F O'Neill,0,0,,,,,,"",""
ball,3,34.6,South Australia,T Kelly,N McAndrew,F O'Neill,0,0,,,,,,"",""
ball,3,35.1,South Australia,N McAndrew,T Kelly,XA Crone,0,0,,,,,,"",""
ball,3,35.2,South Australia,N McAndrew,T Kelly,XA Crone,0,0,,,,,,"",""
ball,3,35.3,South Australia,N McAndrew,T Kelly,XA Crone,0,0,,,,,,"",""
ball,3,35.4,South Australia,N McAndrew,T Kelly,XA Crone,1,0,,,,,,"",""
ball,3,35.5,South Australia,T Kelly,N McAndrew,XA Crone,0,0,,,,,,"",""
ball,3,35.6,South Australia,T Kelly,N McAndrew,XA Crone,0,0,,,,,,"",""
ball,3,36.1,South Australia,N McAndrew,T Kelly,F O'Neill,0,0,,,,,,"",""
ball,3,36.2,South Australia,N McAndrew,T Kelly,F O'Neill,0,0,,,,,,"",""
ball,3,36.3,South Australia,N McAndrew,T Kelly,F O'Neill,0,0,,,,,,"",""
ball,3,36.4,South Australia,N McAndrew,T Kelly,F O'Neill,0,0,,,,,,"",""
ball,3,36.5,South Australia,N McAndrew,T Kelly,F O'Neill,0,0,,,,,,"",""
ball,3,36.6,South Australia,N McAndrew,T Kelly,F O'Neill,0,0,,,,,,"",""
ball,3,37.1,South Australia,T Kelly,N McAndrew,XA Crone,1,0,,,,,,"",""
ball,3,37.2,South Australia,N McAndrew,T Kelly,XA Crone,0,0,,,,,,"",""
ball,3,37.3,South Australia,N McAndrew,T Kelly,XA Crone,1,0,,,,,,"",""
ball,3,37.4,South Australia,T Kelly,N McAndrew,XA Crone,0,0,,,,,,"",""
ball,3,37.5,South Australia,T Kelly,N McAndrew,XA Crone,0,0,,,,,,"",""
ball,3,37.6,South Australia,T Kelly,N McAndrew,XA Crone,0,0,,,,,,"",""
ball,3,38.1,South Australia,N McAndrew,T Kelly,F O'Neill,0,0,,,,,,"",""
ball,3,38.2,South Australia,N McAndrew,T Kelly,F O'Neill,0,0,,,,,,"",""
ball,3,38.3,South Australia,N McAndrew,T Kelly,F O'Neill,0,0,,,,,,"",""
ball,3,38.4,South Australia,N McAndrew,T Kelly,F O'Neill,0,0,,,,,,"",""
ball,3,38.5,South Australia,N McAndrew,T Kelly,F O'Neill,0,0,,,,,,"",""
ball,3,38.6,South Australia,N McAndrew,T Kelly,F O'Neill,1,0,,,,,,"",""
ball,3,39.1,South Australia,N McAndrew,T Kelly,XA Crone,0,0,,,,,,"",""
ball,3,39.2,South Australia,N McAndrew,T Kelly,XA Crone,2,0,,,,,,"",""
ball,3,39.3,South Australia,N McAndrew,T Kelly,XA Crone,1,0,,,,,,"",""
ball,3,39.4,South Australia,T Kelly,N McAndrew,XA Crone,1,0,,,,,,"",""
ball,3,39.5,South Australia,N McAndrew,T Kelly,XA Crone,0,0,,,,,,"",""
ball,3,39.6,South Australia,N McAndrew,T Kelly,XA Crone,0,0,,,,,,"",""
ball,3,40.1,South Australia,T Kelly,N McAndrew,F O'Neill,0,0,,,,,,"",""
ball,3,40.2,South Australia,T Kelly,N McAndrew,F O'Neill,1,0,,,,,,"",""
ball,3,40.3,South Australia,N McAndrew,T Kelly,F O'Neill,0,0,,,,,,"",""
ball,3,40.4,South Australia,N McAndrew,T Kelly,F O'Neill,0,0,,,,,,"",""
ball,3,40.5,South Australia,N McAndrew,T Kelly,F O'Neill,0,0,,,,,,"",""
ball,3,40.6,South Australia,N McAndrew,T Kelly,F O'Neill,0,0,,,,,,"",""
ball,3,41.1,South Australia,T Kelly,N McAndrew,T Murphy,1,0,,,,,,"",""
ball,3,41.2,South Australia,N McAndrew,T Kelly,T Murphy,0,0,,,,,,"",""
ball,3,41.3,South Australia,N McAndrew,T Kelly,T Murphy,1,0,,,,,,"",""
ball,3,41.4,South Australia,T Kelly,N McAndrew,T Murphy,2,0,,,,,,"",""
ball,3,41.5,South Australia,T Kelly,N McAndrew,T Murphy,1,0,,,,,,"",""
ball,3,41.6,South Australia,N McAndrew,T Kelly,T Murphy,1,0,,,,,,"",""
ball,3,42.1,South Australia,N McAndrew,T Kelly,F O'Neill,0,0,,,,,,"",""
ball,3,42.2,South Australia,N McAndrew,T Kelly,F O'Neill,0,0,,,,,,"",""
ball,3,42.3,South Australia,N McAndrew,T Kelly,F O'Neill,0,0,,,,,,"",""
ball,3,42.4,South Australia,N McAndrew,T Kelly,F O'Neill,0,0,,,,,,caught,N McAndrew
ball,3,42.5,South Australia,JS Lehmann,T Kelly,F O'Neill,0,0,,,,,,"",""
ball,3,42.6,South Australia,JS Lehmann,T Kelly,F O'Neill,0,0,,,,,,"",""
ball,3,43.1,South Australia,T Kelly,JS Lehmann,T Murphy,1,0,,,,,,"",""
ball,3,43.2,South Australia,JS Lehmann,T Kelly,T Murphy,0,0,,,,,,"",""
ball,3,43.3,South Australia,JS Lehmann,T Kelly,T Murphy,1,0,,,,,,"",""
ball,3,43.4,South Australia,T Kelly,JS Lehmann,T Murphy,0,0,,,,,,"",""
ball,3,43.5,South Australia,T Kelly,JS Lehmann,T Murphy,0,0,,,,,,"",""
ball,3,43.6,South Australia,T Kelly,JS Lehmann,T Murphy,0,0,,,,,,"",""
ball,3,44.1,South Australia,JS Lehmann,T Kelly,M Perry,0,0,,,,,,"",""
ball,3,44.2,South Australia,JS Lehmann,T Kelly,M Perry,0,0,,,,,,"",""
ball,3,44.3,South Australia,JS Lehmann,T Kelly,M Perry,4,0,,,,,,"",""
ball,3,44.4,South Australia,JS Lehmann,T Kelly,M Perry,2,0,,,,,,"",""
ball,3,44.5,South Australia,JS Lehmann,T Kelly,M Perry,0,0,,,,,,"",""
ball,3,44.6,South Australia,JS Lehmann,T Kelly,M Perry,0,0,,,,,,"",""
ball,3,45.1,South Australia,T Kelly,JS Lehmann,T Murphy,1,0,,,,,,"",""
ball,3,45.2,South Australia,JS Lehmann,T Kelly,T Murphy,0,0,,,,,,"",""
ball,3,45.3,South Australia,JS Lehmann,T Kelly,T Murphy,0,0,,,,,,"",""
ball,3,45.4,South Australia,JS Lehmann,T Kelly,T Murphy,0,0,,,,,,"",""
ball,3,45.5,South Australia,JS Lehmann,T Kelly,T Murphy,0,0,,,,,,"",""
ball,3,45.6,South Australia,JS Lehmann,T Kelly,T Murphy,1,0,,,,,,"",""
ball,3,46.1,South Australia,JS Lehmann,T Kelly,M Perry,0,0,,,,,,"",""
ball,3,46.2,South Australia,JS Lehmann,T Kelly,M Perry,1,0,,,,,,"",""
ball,3,46.3,South Australia,T Kelly,JS Lehmann,M Perry,4,0,,,,,,"",""
ball,3,46.4,South Australia,T Kelly,JS Lehmann,M Perry,0,0,,,,,,"",""
ball,3,46.5,South Australia,T Kelly,JS Lehmann,M Perry,0,0,,,,,,"",""
ball,3,46.6,South Australia,T Kelly,JS Lehmann,M Perry,2,0,,,,,,"",""
ball,3,47.1,South Australia,JS Lehmann,T Kelly,T Murphy,0,0,,,,,,"",""
ball,3,47.2,South Australia,JS Lehmann,T Kelly,T Murphy,0,0,,,,,,"",""
ball,3,47.3,South Australia,JS Lehmann,T Kelly,T Murphy,0,0,,,,,,"",""
ball,3,47.4,South Australia,JS Lehmann,T Kelly,T Murphy,0,0,,,,,,"",""
ball,3,47.5,South Australia,JS Lehmann,T Kelly,T Murphy,0,0,,,,,,"",""
ball,3,47.6,South Australia,JS Lehmann,T Kelly,T Murphy,0,0,,,,,,"",""
ball,3,48.1,South Australia,T Kelly,JS Lehmann,M Perry,2,0,,,,,,"",""
ball,3,48.2,South Australia,T Kelly,JS Lehmann,M Perry,0,0,,,,,,"",""
ball,3,48.3,South Australia,T Kelly,JS Lehmann,M Perry,0,0,,,,,,"",""
ball,3,48.4,South Australia,T Kelly,JS Lehmann,M Perry,0,0,,,,,,"",""
ball,3,48.5,South Australia,T Kelly,JS Lehmann,M Perry,0,0,,,,,,"",""
ball,3,48.6,South Australia,T Kelly,JS Lehmann,M Perry,1,0,,,,,,"",""
ball,3,49.1,South Australia,T Kelly,JS Lehmann,T Murphy,0,0,,,,,,"",""
ball,3,49.2,South Australia,T Kelly,JS Lehmann,T Murphy,1,0,,,,,,"",""
ball,3,49.3,South Australia,JS Lehmann,T Kelly,T Murphy,0,0,,,,,,"",""
ball,3,49.4,South Australia,JS Lehmann,T Kelly,T Murphy,0,0,,,,,,"",""
ball,3,49.5,South Australia,JS Lehmann,T Kelly,T Murphy,0,0,,,,,,"",""
ball,3,49.6,South Australia,JS Lehmann,T Kelly,T Murphy,0,0,,,,,,"",""
ball,3,50.1,South Australia,T Kelly,JS Lehmann,SM Boland,0,0,,,,,,caught,T Kelly
ball,3,50.2,South Australia,HJ Nielsen,JS Lehmann,SM Boland,0,0,,,,,,"",""
ball,3,50.3,South Australia,HJ Nielsen,JS Lehmann,SM Boland,0,0,,,,,,"",""
ball,3,50.4,South Australia,HJ Nielsen,JS Lehmann,SM Boland,0,0,,,,,,"",""
ball,3,50.5,South Australia,HJ Nielsen,JS Lehmann,SM Boland,0,0,,,,,,"",""
ball,3,50.6,South Australia,HJ Nielsen,JS Lehmann,SM Boland,0,0,,,,,,"",""
ball,3,51.1,South Australia,JS Lehmann,HJ Nielsen,T Murphy,1,0,,,,,,"",""
ball,3,51.2,South Australia,HJ Nielsen,JS Lehmann,T Murphy,0,0,,,,,,"",""
ball,3,51.3,South Australia,HJ Nielsen,JS Lehmann,T Murphy,1,0,,,,,,"",""
ball,3,51.4,South Australia,JS Lehmann,HJ Nielsen,T Murphy,0,0,,,,,,"",""
ball,3,51.5,South Australia,JS Lehmann,HJ Nielsen,T Murphy,0,0,,,,,,"",""
ball,3,51.6,South Australia,JS Lehmann,HJ Nielsen,T Murphy,0,0,,,,,,"",""
ball,3,52.1,South Australia,HJ Nielsen,JS Lehmann,SM Boland,0,0,,,,,,"",""
ball,3,52.2,South Australia,HJ Nielsen,JS Lehmann,SM Boland,1,0,,,,,,"",""
ball,3,52.3,South Australia,JS Lehmann,HJ Nielsen,SM Boland,1,0,,,,,,"",""
ball,3,52.4,South Australia,HJ Nielsen,JS Lehmann,SM Boland,0,0,,,,,,"",""
ball,3,52.5,South Australia,HJ Nielsen,JS Lehmann,SM Boland,1,0,,,,,,"",""
ball,3,52.6,South Australia,JS Lehmann,HJ Nielsen,SM Boland,0,0,,,,,,"",""
ball,3,53.1,South Australia,HJ Nielsen,JS Lehmann,T Murphy,0,0,,,,,,"",""
ball,3,53.2,South Australia,HJ Nielsen,JS Lehmann,T Murphy,0,0,,,,,,"",""
ball,3,53.3,South Australia,HJ Nielsen,JS Lehmann,T Murphy,3,0,,,,,,"",""
ball,3,53.4,South Australia,JS Lehmann,HJ Nielsen,T Murphy,0,0,,,,,,"",""
ball,3,53.5,South Australia,JS Lehmann,HJ Nielsen,T Murphy,0,0,,,,,,"",""
ball,3,53.6,South Australia,JS Lehmann,HJ Nielsen,T Murphy,0,0,,,,,,"",""
ball,3,54.1,South Australia,HJ Nielsen,JS Lehmann,SM Boland,0,0,,,,,,"",""
ball,3,54.2,South Australia,HJ Nielsen,JS Lehmann,SM Boland,0,0,,,,,,"",""
ball,3,54.3,South Australia,HJ Nielsen,JS Lehmann,SM Boland,0,0,,,,,,"",""
ball,3,54.4,South Australia,HJ Nielsen,JS Lehmann,SM Boland,1,0,,,,,,"",""
ball,3,54.5,South Australia,JS Lehmann,HJ Nielsen,SM Boland,0,0,,,,,,"",""
ball,3,54.6,South Australia,JS Lehmann,HJ Nielsen,SM Boland,0,0,,,,,,"",""
ball,3,55.1,South Australia,HJ Nielsen,JS Lehmann,T Murphy,1,0,,,,,,"",""
ball,3,55.2,South Australia,JS Lehmann,HJ Nielsen,T Murphy,0,0,,,,,,"",""
ball,3,55.3,South Australia,JS Lehmann,HJ Nielsen,T Murphy,0,0,,,,,,"",""
ball,3,55.4,South Australia,JS Lehmann,HJ Nielsen,T Murphy,0,0,,,,,,bowled,JS Lehmann
ball,3,55.5,South Australia,L Scott,HJ Nielsen,T Murphy,0,0,,,,,,"",""
ball,3,55.6,South Australia,L Scott,HJ Nielsen,T Murphy,1,0,,,,,,"",""
ball,3,56.1,South Australia,L Scott,HJ Nielsen,SM Boland,0,0,,,,,,"",""
ball,3,56.2,South Australia,L Scott,HJ Nielsen,SM Boland,0,0,,,,,,"",""
ball,3,56.3,South Australia,L Scott,HJ Nielsen,SM Boland,0,0,,,,,,"",""
ball,3,56.4,South Australia,L Scott,HJ Nielsen,SM Boland,0,0,,,,,,"",""
ball,3,56.5,South Australia,L Scott,HJ Nielsen,SM Boland,0,0,,,,,,"",""
ball,3,56.6,South Australia,L Scott,HJ Nielsen,SM Boland,0,0,,,,,,"",""
ball,3,57.1,South Australia,HJ Nielsen,L Scott,T Murphy,0,0,,,,,,"",""
ball,3,57.2,South Australia,HJ Nielsen,L Scott,T Murphy,0,0,,,,,,"",""
ball,3,57.3,South Australia,HJ Nielsen,L Scott,T Murphy,1,0,,,,,,"",""
ball,3,57.4,South Australia,L Scott,HJ Nielsen,T Murphy,0,0,,,,,,"",""
ball,3,57.5,South Australia,L Scott,HJ Nielsen,T Murphy,0,0,,,,,,"",""
ball,3,57.6,South Australia,L Scott,HJ Nielsen,T Murphy,4,0,,,,,,"",""
ball,3,58.1,South Australia,HJ Nielsen,L Scott,SM Boland,0,0,,,,,,"",""
ball,3,58.2,South Australia,HJ Nielsen,L Scott,SM Boland,0,0,,,,,,"",""
ball,3,58.3,South Australia,HJ Nielsen,L Scott,SM Boland,0,0,,,,,,"",""
ball,3,58.4,South Australia,HJ Nielsen,L Scott,SM Boland,0,0,,,,,,"",""
ball,3,58.5,South Australia,HJ Nielsen,L Scott,SM Boland,0,0,,,,,,"",""
ball,3,58.6,South Australia,HJ Nielsen,L Scott,SM Boland,0,0,,,,,,"",""
ball,3,59.1,South Australia,L Scott,HJ Nielsen,T Murphy,0,0,,,,,,"",""
ball,3,59.2,South Australia,L Scott,HJ Nielsen,T Murphy,0,0,,,,,,"",""
ball,3,59.3,South Australia,L Scott,HJ Nielsen,T Murphy,0,0,,,,,,"",""
ball,3,59.4,South Australia,L Scott,HJ Nielsen,T Murphy,0,0,,,,,,"",""
ball,3,59.5,South Australia,L Scott,HJ Nielsen,T Murphy,1,0,,,,,,"",""
ball,3,59.6,South Australia,HJ Nielsen,L Scott,T Murphy,0,0,,,,,,"",""
ball,3,60.1,South Australia,L Scott,HJ Nielsen,SM Boland,0,0,,,,,,"",""
ball,3,60.2,South Australia,L Scott,HJ Nielsen,SM Boland,0,0,,,,,,"",""
ball,3,60.3,South Australia,L Scott,HJ Nielsen,SM Boland,0,0,,,,,,"",""
ball,3,60.4,South Australia,L Scott,HJ Nielsen,SM Boland,0,0,,,,,,"",""
ball,3,60.5,South Australia,L Scott,HJ Nielsen,SM Boland,1,0,,,,,,"",""
ball,3,60.6,South Australia,HJ Nielsen,L Scott,SM Boland,0,0,,,,,,"",""
ball,3,61.1,South Australia,L Scott,HJ Nielsen,T Murphy,4,0,,,,,,"",""
ball,3,61.2,South Australia,L Scott,HJ Nielsen,T Murphy,1,0,,,,,,"",""
ball,3,61.3,South Australia,HJ Nielsen,L Scott,T Murphy,0,0,,,,,,"",""
ball,3,61.4,South Australia,HJ Nielsen,L Scott,T Murphy,4,0,,,,,,"",""
ball,3,61.5,South Australia,HJ Nielsen,L Scott,T Murphy,0,0,,,,,,"",""
ball,3,61.6,South Australia,HJ Nielsen,L Scott,T Murphy,0,0,,,,,,"",""
ball,3,62.1,South Australia,L Scott,HJ Nielsen,SM Boland,1,0,,,,,,"",""
ball,3,62.2,South Australia,HJ Nielsen,L Scott,SM Boland,0,0,,,,,,"",""
ball,3,62.3,South Australia,HJ Nielsen,L Scott,SM Boland,0,0,,,,,,"",""
ball,3,62.4,South Australia,HJ Nielsen,L Scott,SM Boland,3,0,,,,,,"",""
ball,3,62.5,South Australia,L Scott,HJ Nielsen,SM Boland,0,0,,,,,,"",""
ball,3,62.6,South Australia,L Scott,HJ Nielsen,SM Boland,0,0,,,,,,"",""
ball,3,63.1,South Australia,HJ Nielsen,L Scott,T Murphy,1,0,,,,,,"",""
ball,3,63.2,South Australia,L Scott,HJ Nielsen,T Murphy,0,0,,,,,,"",""
ball,3,63.3,South Australia,L Scott,HJ Nielsen,T Murphy,0,0,,,,,,"",""
ball,3,63.4,South Australia,L Scott,HJ Nielsen,T Murphy,0,0,,,,,,"",""
ball,3,63.5,South Australia,L Scott,HJ Nielsen,T Murphy,0,0,,,,,,"",""
ball,3,63.6,South Australia,L Scott,HJ Nielsen,T Murphy,0,0,,,,,,"",""
ball,3,64.1,South Australia,HJ Nielsen,L Scott,SM Boland,0,0,,,,,,"",""
ball,3,64.2,South Australia,HJ Nielsen,L Scott,SM Boland,0,0,,,,,,"",""
ball,3,64.3,South Australia,HJ Nielsen,L Scott,SM Boland,1,0,,,,,,"",""
ball,3,64.4,South Australia,L Scott,HJ Nielsen,SM Boland,0,0,,,,,,"",""
ball,3,64.5,South Australia,L Scott,HJ Nielsen,SM Boland,0,0,,,,,,"",""
ball,3,64.6,South Australia,L Scott,HJ Nielsen,SM Boland,0,0,,,,,,"",""
ball,3,65.1,South Australia,HJ Nielsen,L Scott,M Perry,0,0,,,,,,"",""
ball,3,65.2,South Australia,HJ Nielsen,L Scott,M Perry,4,0,,,,,,"",""
ball,3,65.3,South Australia,HJ Nielsen,L Scott,M Perry,2,0,,,,,,"",""
ball,3,65.4,South Australia,HJ Nielsen,L Scott,M Perry,0,0,,,,,,"",""
ball,3,65.5,South Australia,HJ Nielsen,L Scott,M Perry,2,0,,,,,,"",""
ball,3,65.6,South Australia,HJ Nielsen,L Scott,M Perry,0,0,,,,,,"",""
ball,3,66.1,South Australia,L Scott,HJ Nielsen,F O'Neill,0,0,,,,,,"",""
ball,3,66.2,South Australia,L Scott,HJ Nielsen,F O'Neill,0,4,,,,4,,"",""
ball,3,66.3,South Australia,L Scott,HJ Nielsen,F O'Neill,0,0,,,,,,"",""
ball,3,66.4,South Australia,L Scott,HJ Nielsen,F O'Neill,0,0,,,,,,"",""
ball,3,66.5,South Australia,L Scott,HJ Nielsen,F O'Neill,0,0,,,,,,"",""
ball,3,66.6,South Australia,L Scott,HJ Nielsen,F O'Neill,0,0,,,,,,"",""
ball,3,67.1,South Australia,HJ Nielsen,L Scott,M Perry,0,0,,,,,,"",""
ball,3,67.2,South Australia,HJ Nielsen,L Scott,M Perry,0,0,,,,,,"",""
ball,3,67.3,South Australia,HJ Nielsen,L Scott,M Perry,0,1,1,,,,,"",""
ball,3,67.4,South Australia,HJ Nielsen,L Scott,M Perry,1,0,,,,,,"",""
ball,3,67.5,South Australia,L Scott,HJ Nielsen,M Perry,1,0,,,,,,"",""
ball,3,67.6,South Australia,HJ Nielsen,L Scott,M Perry,0,0,,,,,,"",""
ball,3,67.7,South Australia,HJ Nielsen,L Scott,M Perry,0,0,,,,,,"",""
ball,3,68.1,South Australia,L Scott,HJ Nielsen,F O'Neill,0,0,,,,,,"",""
ball,3,68.2,South Australia,L Scott,HJ Nielsen,F O'Neill,4,0,,,,,,"",""
ball,3,68.3,South Australia,L Scott,HJ Nielsen,F O'Neill,0,0,,,,,,"",""
ball,3,68.4,South Australia,L Scott,HJ Nielsen,F O'Neill,0,0,,,,,,"",""
ball,3,68.5,South Australia,L Scott,HJ Nielsen,F O'Neill,0,0,,,,,,"",""
ball,3,68.6,South Australia,L Scott,HJ Nielsen,F O'Neill,0,0,,,,,,"",""
ball,3,69.1,South Australia,HJ Nielsen,L Scott,M Perry,1,0,,,,,,"",""
ball,3,69.2,South Australia,L Scott,HJ Nielsen,M Perry,0,0,,,,,,"",""
ball,3,69.3,South Australia,L Scott,HJ Nielsen,M Perry,0,0,,,,,,"",""
ball,3,69.4,South Australia,L Scott,HJ Nielsen,M Perry,0,0,,,,,,"",""
ball,3,69.5,South Australia,L Scott,HJ Nielsen,M Perry,0,0,,,,,,"",""
ball,3,69.6,South Australia,L Scott,HJ Nielsen,M Perry,0,0,,,,,,"",""
ball,3,70.1,South Australia,HJ Nielsen,L Scott,XA Crone,0,0,,,,,,"",""
ball,3,70.2,South Australia,HJ Nielsen,L Scott,XA Crone,0,0,,,,,,"",""
ball,3,70.3,South Australia,HJ Nielsen,L Scott,XA Crone,0,0,,,,,,"",""
ball,3,70.4,South Australia,HJ Nielsen,L Scott,XA Crone,1,0,,,,,,"",""
ball,3,70.5,South Australia,L Scott,HJ Nielsen,XA Crone,0,0,,,,,,"",""
ball,3,70.6,South Australia,L Scott,HJ Nielsen,XA Crone,0,0,,,,,,"",""
ball,3,71.1,South Australia,HJ Nielsen,L Scott,M Perry,0,0,,,,,,"",""
ball,3,71.2,South Australia,HJ Nielsen,L Scott,M Perry,0,0,,,,,,"",""
ball,3,71.3,South Australia,HJ Nielsen,L Scott,M Perry,0,0,,,,,,"",""
ball,3,71.4,South Australia,HJ Nielsen,L Scott,M Perry,0,0,,,,,,"",""
ball,3,71.5,South Australia,HJ Nielsen,L Scott,M Perry,0,0,,,,,,"",""
ball,3,71.6,South Australia,HJ Nielsen,L Scott,M Perry,0,0,,,,,,"",""
ball,3,72.1,South Australia,L Scott,HJ Nielsen,XA Crone,0,0,,,,,,"",""
ball,3,72.2,South Australia,L Scott,HJ Nielsen,XA Crone,0,0,,,,,,"",""
ball,3,72.3,South Australia,L Scott,HJ Nielsen,XA Crone,1,0,,,,,,"",""
ball,3,72.4,South Australia,HJ Nielsen,L Scott,XA Crone,1,0,,,,,,"",""
ball,3,72.5,South Australia,L Scott,HJ Nielsen,XA Crone,0,0,,,,,,"",""
ball,3,72.6,South Australia,L Scott,HJ Nielsen,XA Crone,0,0,,,,,,"",""
ball,3,73.1,South Australia,HJ Nielsen,L Scott,T Murphy,0,0,,,,,,"",""
ball,3,73.2,South Australia,HJ Nielsen,L Scott,T Murphy,0,0,,,,,,"",""
ball,3,73.3,South Australia,HJ Nielsen,L Scott,T Murphy,0,0,,,,,,"",""
ball,3,73.4,South Australia,HJ Nielsen,L Scott,T Murphy,0,0,,,,,,"",""
ball,3,73.5,South Australia,HJ Nielsen,L Scott,T Murphy,4,0,,,,,,"",""
ball,3,73.6,South Australia,HJ Nielsen,L Scott,T Murphy,0,0,,,,,,"",""
ball,3,74.1,South Australia,L Scott,HJ Nielsen,XA Crone,1,0,,,,,,"",""
ball,3,74.2,South Australia,HJ Nielsen,L Scott,XA Crone,0,0,,,,,,"",""
ball,3,74.3,South Australia,HJ Nielsen,L Scott,XA Crone,4,0,,,,,,"",""
ball,3,74.4,South Australia,HJ Nielsen,L Scott,XA Crone,1,0,,,,,,"",""
ball,3,74.5,South Australia,L Scott,HJ Nielsen,XA Crone,1,0,,,,,,"",""
ball,3,74.6,South Australia,HJ Nielsen,L Scott,XA Crone,0,0,,,,,,"",""
ball,3,75.1,South Australia,L Scott,HJ Nielsen,T Murphy,0,0,,,,,,"",""
ball,3,75.2,South Australia,L Scott,HJ Nielsen,T Murphy,0,0,,,,,,"",""
ball,3,75.3,South Australia,L Scott,HJ Nielsen,T Murphy,0,0,,,,,,"",""
ball,3,75.4,South Australia,L Scott,HJ Nielsen,T Murphy,1,0,,,,,,"",""
ball,3,75.5,South Australia,HJ Nielsen,L Scott,T Murphy,1,0,,,,,,"",""
ball,3,75.6,South Australia,L Scott,HJ Nielsen,T Murphy,0,0,,,,,,"",""
ball,3,76.1,South Australia,HJ Nielsen,L Scott,XA Crone,0,0,,,,,,"",""
ball,3,76.2,South Australia,HJ Nielsen,L Scott,XA Crone,4,0,,,,,,"",""
ball,3,76.3,South Australia,HJ Nielsen,L Scott,XA Crone,1,0,,,,,,"",""
ball,3,76.4,South Australia,L Scott,HJ Nielsen,XA Crone,1,0,,,,,,"",""
ball,3,76.5,South Australia,HJ Nielsen,L Scott,XA Crone,4,0,,,,,,"",""
ball,3,76.6,South Australia,HJ Nielsen,L Scott,XA Crone,0,0,,,,,,"",""
ball,3,77.1,South Australia,L Scott,HJ Nielsen,T Murphy,0,0,,,,,,"",""
ball,3,77.2,South Australia,L Scott,HJ Nielsen,T Murphy,0,0,,,,,,"",""
ball,3,77.3,South Australia,L Scott,HJ Nielsen,T Murphy,0,0,,,,,,"",""
ball,3,77.4,South Australia,L Scott,HJ Nielsen,T Murphy,0,0,,,,,,"",""
ball,3,77.5,South Australia,L Scott,HJ Nielsen,T Murphy,0,0,,,,,,bowled,L Scott
ball,3,77.6,South Australia,BAD Manenti,HJ Nielsen,T Murphy,0,0,,,,,,"",""
ball,3,78.1,South Australia,HJ Nielsen,BAD Manenti,XA Crone,1,0,,,,,,"",""
ball,3,78.2,South Australia,BAD Manenti,HJ Nielsen,XA Crone,1,0,,,,,,"",""
ball,3,78.3,South Australia,HJ Nielsen,BAD Manenti,XA Crone,4,0,,,,,,"",""
ball,3,78.4,South Australia,HJ Nielsen,BAD Manenti,XA Crone,1,0,,,,,,"",""
ball,3,78.5,South Australia,BAD Manenti,HJ Nielsen,XA Crone,1,0,,,,,,"",""
ball,3,78.6,South Australia,HJ Nielsen,BAD Manenti,XA Crone,4,0,,,,,,"",""
ball,3,79.1,South Australia,BAD Manenti,HJ Nielsen,T Murphy,0,0,,,,,,"",""
ball,3,79.2,South Australia,BAD Manenti,HJ Nielsen,T Murphy,0,0,,,,,,"",""
ball,3,79.3,South Australia,BAD Manenti,HJ Nielsen,T Murphy,0,0,,,,,,"",""
ball,3,79.4,South Australia,BAD Manenti,HJ Nielsen,T Murphy,4,0,,,,,,"",""
ball,3,79.5,South Australia,BAD Manenti,HJ Nielsen,T Murphy,0,0,,,,,,"",""
ball,3,79.6,South Australia,BAD Manenti,HJ Nielsen,T Murphy,4,0,,,,,,"",""
ball,3,80.1,South Australia,HJ Nielsen,BAD Manenti,SM Boland,0,0,,,,,,"",""
ball,3,80.2,South Australia,HJ Nielsen,BAD Manenti,SM Boland,0,0,,,,,,"",""
ball,3,80.3,South Australia,HJ Nielsen,BAD Manenti,SM Boland,0,1,,,,1,,"",""
ball,3,80.4,South Australia,BAD Manenti,HJ Nielsen,SM Boland,0,0,,,,,,"",""
ball,3,80.5,South Australia,BAD Manenti,HJ Nielsen,SM Boland,0,0,,,,,,"",""
ball,3,80.6,South Australia,BAD Manenti,HJ Nielsen,SM Boland,0,0,,,,,,"",""
ball,3,81.1,South Australia,HJ Nielsen,BAD Manenti,F O'Neill,0,0,,,,,,"",""
ball,3,81.2,South Australia,HJ Nielsen,BAD Manenti,F O'Neill,4,0,,,,,,"",""
ball,3,81.3,South Australia,HJ Nielsen,BAD Manenti,F O'Neill,4,0,,,,,,"",""
ball,3,81.4,South Australia,HJ Nielsen,BAD Manenti,F O'Neill,0,0,,,,,,lbw,HJ Nielsen
ball,3,81.5,South Australia,WA Agar,BAD Manenti,F O'Neill,0,0,,,,,,"",""
ball,3,81.6,South Australia,WA Agar,BAD Manenti,F O'Neill,0,0,,,,,,"",""
ball,3,82.1,South Australia,BAD Manenti,WA Agar,SM Boland,4,0,,,,,,"",""
ball,3,82.2,South Australia,BAD Manenti,WA Agar,SM Boland,4,0,,,,,,"",""
ball,3,82.3,South Australia,BAD Manenti,WA Agar,SM Boland,0,0,,,,,,"",""
ball,3,82.4,South Australia,BAD Manenti,WA Agar,SM Boland,0,0,,,,,,"",""
ball,3,82.5,South Australia,BAD Manenti,WA Agar,SM Boland,1,0,,,,,,"",""
ball,3,82.6,South Australia,WA Agar,BAD Manenti,SM Boland,0,0,,,,,,bowled,WA Agar
ball,3,83.1,South Australia,BAD Manenti,B Doggett,F O'Neill,0,0,,,,,,"",""
ball,3,83.2,South Australia,BAD Manenti,B Doggett,F O'Neill,0,0,,,,,,bowled,BAD Manenti
ball,4,0.1,Victoria,NJ Maddinson,MS Harris,WA Agar,0,0,,,,,,"",""
ball,4,0.2,Victoria,NJ Maddinson,MS Harris,WA Agar,0,0,,,,,,"",""
ball,4,0.3,Victoria,NJ Maddinson,MS Harris,WA Agar,0,0,,,,,,"",""
ball,4,0.4,Victoria,NJ Maddinson,MS Harris,WA Agar,0,1,,,1,,,"",""
ball,4,0.5,Victoria,MS Harris,NJ Maddinson,WA Agar,0,0,,,,,,"",""
ball,4,0.6,Victoria,MS Harris,NJ Maddinson,WA Agar,0,0,,,,,,"",""
ball,4,1.1,Victoria,NJ Maddinson,MS Harris,N McAndrew,0,0,,,,,,"",""
ball,4,1.2,Victoria,NJ Maddinson,MS Harris,N McAndrew,0,0,,,,,,"",""
ball,4,1.3,Victoria,NJ Maddinson,MS Harris,N McAndrew,0,0,,,,,,"",""
ball,4,1.4,Victoria,NJ Maddinson,MS Harris,N McAndrew,0,0,,,,,,"",""
ball,4,1.5,Victoria,NJ Maddinson,MS Harris,N McAndrew,0,0,,,,,,"",""
ball,4,1.6,Victoria,NJ Maddinson,MS Harris,N McAndrew,1,0,,,,,,"",""
ball,4,2.1,Victoria,NJ Maddinson,MS Harris,WA Agar,2,0,,,,,,"",""
ball,4,2.2,Victoria,NJ Maddinson,MS Harris,WA Agar,0,0,,,,,,"",""
ball,4,2.3,Victoria,NJ Maddinson,MS Harris,WA Agar,0,0,,,,,,"",""
ball,4,2.4,Victoria,NJ Maddinson,MS Harris,WA Agar,1,0,,,,,,"",""
ball,4,2.5,Victoria,MS Harris,NJ Maddinson,WA Agar,0,0,,,,,,"",""
ball,4,2.6,Victoria,MS Harris,NJ Maddinson,WA Agar,0,0,,,,,,"",""
ball,4,3.1,Victoria,NJ Maddinson,MS Harris,N McAndrew,1,0,,,,,,"",""
ball,4,3.2,Victoria,MS Harris,NJ Maddinson,N McAndrew,0,0,,,,,,"",""
ball,4,3.3,Victoria,MS Harris,NJ Maddinson,N McAndrew,0,0,,,,,,"",""
ball,4,3.4,Victoria,MS Harris,NJ Maddinson,N McAndrew,0,0,,,,,,"",""
ball,4,3.5,Victoria,MS Harris,NJ Maddinson,N McAndrew,0,0,,,,,,"",""
ball,4,3.6,Victoria,MS Harris,NJ Maddinson,N McAndrew,4,0,,,,,,"",""
ball,4,4.1,Victoria,NJ Maddinson,MS Harris,WA Agar,0,0,,,,,,"",""
ball,4,4.2,Victoria,NJ Maddinson,MS Harris,WA Agar,0,0,,,,,,"",""
ball,4,4.3,Victoria,NJ Maddinson,MS Harris,WA Agar,0,1,1,,,,,"",""
ball,4,4.4,Victoria,NJ Maddinson,MS Harris,WA Agar,4,0,,,,,,"",""
ball,4,4.5,Victoria,NJ Maddinson,MS Harris,WA Agar,0,0,,,,,,"",""
ball,4,4.6,Victoria,NJ Maddinson,MS Harris,WA Agar,0,0,,,,,,"",""
ball,4,4.7,Victoria,NJ Maddinson,MS Harris,WA Agar,4,0,,,,,,"",""
ball,4,5.1,Victoria,MS Harris,NJ Maddinson,N McAndrew,0,0,,,,,,"",""
ball,4,5.2,Victoria,MS Harris,NJ Maddinson,N McAndrew,0,0,,,,,,"",""
ball,4,5.3,Victoria,MS Harris,NJ Maddinson,N McAndrew,0,0,,,,,,"",""
ball,4,5.4,Victoria,MS Harris,NJ Maddinson,N McAndrew,0,0,,,,,,"",""
ball,4,5.5,Victoria,MS Harris,NJ Maddinson,N McAndrew,0,0,,,,,,bowled,MS Harris
ball,4,5.6,Victoria,T Murphy,NJ Maddinson,N McAndrew,1,0,,,,,,"",""
ball,4,6.1,Victoria,T Murphy,NJ Maddinson,B Doggett,0,0,,,,,,"",""
ball,4,6.2,Victoria,T Murphy,NJ Maddinson,B Doggett,0,0,,,,,,"",""
ball,4,6.3,Victoria,T Murphy,NJ Maddinson,B Doggett,0,0,,,,,,"",""
ball,4,6.4,Victoria,T Murphy,NJ Maddinson,B Doggett,4,0,,,,,,"",""
ball,4,6.5,Victoria,T Murphy,NJ Maddinson,B Doggett,0,0,,,,,,"",""
ball,4,6.6,Victoria,T Murphy,NJ Maddinson,B Doggett,0,0,,,,,,"",""
ball,4,7.1,Victoria,NJ Maddinson,T Murphy,N McAndrew,0,0,,,,,,"",""
ball,4,7.2,Victoria,NJ Maddinson,T Murphy,N McAndrew,0,0,,,,,,"",""
ball,4,7.3,Victoria,NJ Maddinson,T Murphy,N McAndrew,0,0,,,,,,"",""
ball,4,7.4,Victoria,NJ Maddinson,T Murphy,N McAndrew,3,0,,,,,,"",""
ball,4,7.5,Victoria,T Murphy,NJ Maddinson,N McAndrew,0,0,,,,,,"",""
ball,4,7.6,Victoria,T Murphy,NJ Maddinson,N McAndrew,0,0,,,,,,"",""
ball,4,8.1,Victoria,NJ Maddinson,T Murphy,B Doggett,0,0,,,,,,"",""
ball,4,8.2,Victoria,NJ Maddinson,T Murphy,B Doggett,0,0,,,,,,"",""
ball,4,8.3,Victoria,NJ Maddinson,T Murphy,B Doggett,0,0,,,,,,"",""
ball,4,8.4,Victoria,NJ Maddinson,T Murphy,B Doggett,1,0,,,,,,"",""
ball,4,8.5,Victoria,T Murphy,NJ Maddinson,B Doggett,4,0,,,,,,"",""
ball,4,8.6,Victoria,T Murphy,NJ Maddinson,B Doggett,0,0,,,,,,"",""
ball,4,9.1,Victoria,NJ Maddinson,T Murphy,N McAndrew,0,0,,,,,,"",""
ball,4,9.2,Victoria,NJ Maddinson,T Murphy,N McAndrew,0,0,,,,,,"",""
ball,4,9.3,Victoria,NJ Maddinson,T Murphy,N McAndrew,0,0,,,,,,"",""
ball,4,9.4,Victoria,NJ Maddinson,T Murphy,N McAndrew,0,0,,,,,,"",""
ball,4,9.5,Victoria,NJ Maddinson,T Murphy,N McAndrew,0,0,,,,,,"",""
ball,4,9.6,Victoria,NJ Maddinson,T Murphy,N McAndrew,0,0,,,,,,"",""
ball,4,10.1,Victoria,T Murphy,NJ Maddinson,L Scott,0,0,,,,,,"",""
ball,4,10.2,Victoria,T Murphy,NJ Maddinson,L Scott,0,0,,,,,,"",""
ball,4,10.3,Victoria,T Murphy,NJ Maddinson,L Scott,0,0,,,,,,"",""
ball,4,10.4,Victoria,T Murphy,NJ Maddinson,L Scott,0,0,,,,,,"",""
ball,4,10.5,Victoria,T Murphy,NJ Maddinson,L Scott,1,0,,,,,,"",""
ball,4,10.6,Victoria,NJ Maddinson,T Murphy,L Scott,0,0,,,,,,"",""
ball,4,11.1,Victoria,T Murphy,NJ Maddinson,N McAndrew,0,0,,,,,,"",""
ball,4,11.2,Victoria,T Murphy,NJ Maddinson,N McAndrew,0,0,,,,,,"",""
ball,4,11.3,Victoria,T Murphy,NJ Maddinson,N McAndrew,2,0,,,,,,"",""
ball,4,11.4,Victoria,T Murphy,NJ Maddinson,N McAndrew,0,0,,,,,,"",""
ball,4,11.5,Victoria,T Murphy,NJ Maddinson,N McAndrew,2,0,,,,,,"",""
ball,4,11.6,Victoria,T Murphy,NJ Maddinson,N McAndrew,4,0,,,,,,"",""
ball,4,12.1,Victoria,NJ Maddinson,T Murphy,L Scott,2,0,,,,,,"",""
ball,4,12.2,Victoria,NJ Maddinson,T Murphy,L Scott,0,0,,,,,,"",""
ball,4,12.3,Victoria,NJ Maddinson,T Murphy,L Scott,0,0,,,,,,"",""
ball,4,12.4,Victoria,NJ Maddinson,T Murphy,L Scott,0,0,,,,,,"",""
ball,4,12.5,Victoria,NJ Maddinson,T Murphy,L Scott,2,0,,,,,,"",""
ball,4,12.6,Victoria,NJ Maddinson,T Murphy,L Scott,0,0,,,,,,"",""
ball,4,13.1,Victoria,T Murphy,NJ Maddinson,N McAndrew,0,0,,,,,,"",""
ball,4,13.2,Victoria,T Murphy,NJ Maddinson,N McAndrew,0,0,,,,,,lbw,T Murphy
ball,4,13.3,Victoria,XA Crone,NJ Maddinson,N McAndrew,0,0,,,,,,"",""
ball,4,13.4,Victoria,XA Crone,NJ Maddinson,N McAndrew,0,4,,,4,,,"",""
ball,4,13.5,Victoria,XA Crone,NJ Maddinson,N McAndrew,0,0,,,,,,"",""
ball,4,13.6,Victoria,XA Crone,NJ Maddinson,N McAndrew,0,0,,,,,,"",""
ball,4,14.1,Victoria,NJ Maddinson,XA Crone,B Doggett,0,0,,,,,,caught,NJ Maddinson
ball,4,14.2,Victoria,C Kellaway,XA Crone,B Doggett,0,0,,,,,,"",""
ball,4,14.3,Victoria,C Kellaway,XA Crone,B Doggett,0,0,,,,,,"",""
ball,4,14.4,Victoria,C Kellaway,XA Crone,B Doggett,0,0,,,,,,"",""
ball,4,14.5,Victoria,C Kellaway,XA Crone,B Doggett,0,0,,,,,,"",""
ball,4,14.6,Victoria,C Kellaway,XA Crone,B Doggett,0,0,,,,,,"",""
ball,4,15.1,Victoria,XA Crone,C Kellaway,N McAndrew,0,0,,,,,,"",""
ball,4,15.2,Victoria,XA Crone,C Kellaway,N McAndrew,0,0,,,,,,"",""
ball,4,15.3,Victoria,XA Crone,C Kellaway,N McAndrew,3,0,,,,,,"",""
ball,4,15.4,Victoria,C Kellaway,XA Crone,N McAndrew,0,0,,,,,,"",""
ball,4,15.5,Victoria,C Kellaway,XA Crone,N McAndrew,0,0,,,,,,"",""
ball,4,15.6,Victoria,C Kellaway,XA Crone,N McAndrew,1,0,,,,,,"",""
ball,4,16.1,Victoria,C Kellaway,XA Crone,B Doggett,0,0,,,,,,"",""
ball,4,16.2,Victoria,C Kellaway,XA Crone,B Doggett,3,0,,,,,,"",""
ball,4,16.3,Victoria,XA Crone,C Kellaway,B Doggett,0,0,,,,,,"",""
ball,4,16.4,Victoria,XA Crone,C Kellaway,B Doggett,0,0,,,,,,"",""
ball,4,16.5,Victoria,XA Crone,C Kellaway,B Doggett,0,0,,,,,,"",""
ball,4,16.6,Victoria,XA Crone,C Kellaway,B Doggett,0,0,,,,,,"",""
ball,4,17.1,Victoria,C Kellaway,XA Crone,N McAndrew,0,0,,,,,,"",""
ball,4,17.2,Victoria,C Kellaway,XA Crone,N McAndrew,0,0,,,,,,"",""
ball,4,17.3,Victoria,C Kellaway,XA Crone,N McAndrew,0,0,,,,,,"",""
ball,4,17.4,Victoria,C Kellaway,XA Crone,N McAndrew,0,0,,,,,,"",""
ball,4,17.5,Victoria,C Kellaway,XA Crone,N McAndrew,0,0,,,,,,"",""
ball,4,17.6,Victoria,C Kellaway,XA Crone,N McAndrew,0,1,1,,,,,"",""
ball,4,17.7,Victoria,C Kellaway,XA Crone,N McAndrew,0,0,,,,,,"",""
ball,4,18.1,Victoria,XA Crone,C Kellaway,B Doggett,0,0,,,,,,"",""
ball,4,18.2,Victoria,XA Crone,C Kellaway,B Doggett,0,0,,,,,,"",""
ball,4,18.3,Victoria,XA Crone,C Kellaway,B Doggett,2,0,,,,,,"",""
ball,4,18.4,Victoria,XA Crone,C Kellaway,B Doggett,0,0,,,,,,"",""
ball,4,18.5,Victoria,XA Crone,C Kellaway,B Doggett,0,0,,,,,,"",""
ball,4,18.6,Victoria,XA Crone,C Kellaway,B Doggett,0,0,,,,,,"",""
ball,4,19.1,Victoria,C Kellaway,XA Crone,N McAndrew,0,0,,,,,,"",""
ball,4,19.2,Victoria,C Kellaway,XA Crone,N McAndrew,0,0,,,,,,"",""
ball,4,19.3,Victoria,C Kellaway,XA Crone,N McAndrew,0,0,,,,,,"",""
ball,4,19.4,Victoria,C Kellaway,XA Crone,N McAndrew,4,0,,,,,,"",""
ball,4,19.5,Victoria,C Kellaway,XA Crone,N McAndrew,0,0,,,,,,"",""
ball,4,19.6,Victoria,C Kellaway,XA Crone,N McAndrew,0,0,,,,,,"",""
ball,4,20.1,Victoria,XA Crone,C Kellaway,B Doggett,0,0,,,,,,"",""
ball,4,20.2,Victoria,XA Crone,C Kellaway,B Doggett,0,0,,,,,,caught,XA Crone
ball,4,20.3,Victoria,PSP Handscomb,C Kellaway,B Doggett,2,0,,,,,,"",""
ball,4,20.4,Victoria,PSP Handscomb,C Kellaway,B Doggett,0,0,,,,,,"",""
ball,4,20.5,Victoria,PSP Handscomb,C Kellaway,B Doggett,1,0,,,,,,"",""
ball,4,20.6,Victoria,C Kellaway,PSP Handscomb,B Doggett,0,0,,,,,,"",""
ball,4,21.1,Victoria,PSP Handscomb,C Kellaway,N McAndrew,1,0,,,,,,"",""
ball,4,21.2,Victoria,C Kellaway,PSP Handscomb,N McAndrew,0,0,,,,,,"",""
ball,4,21.3,Victoria,C Kellaway,PSP Handscomb,N McAndrew,0,0,,,,,,"",""
ball,4,21.4,Victoria,C Kellaway,PSP Handscomb,N McAndrew,0,0,,,,,,"",""
ball,4,21.5,Victoria,C Kellaway,PSP Handscomb,N McAndrew,0,0,,,,,,"",""
ball,4,21.6,Victoria,C Kellaway,PSP Handscomb,N McAndrew,0,0,,,,,,"",""
ball,4,22.1,Victoria,PSP Handscomb,C Kellaway,B Doggett,0,0,,,,,,"",""
ball,4,22.2,Victoria,PSP Handscomb,C Kellaway,B Doggett,0,1,,,,1,,"",""
ball,4,22.3,Victoria,C Kellaway,PSP Handscomb,B Doggett,0,0,,,,,,"",""
ball,4,22.4,Victoria,C Kellaway,PSP Handscomb,B Doggett,0,0,,,,,,"",""
ball,4,22.5,Victoria,C Kellaway,PSP Handscomb,B Doggett,1,0,,,,,,"",""
ball,4,22.6,Victoria,PSP Handscomb,C Kellaway,B Doggett,0,0,,,,,,"",""
ball,4,23.1,Victoria,C Kellaway,PSP Handscomb,L Scott,0,0,,,,,,"",""
ball,4,23.2,Victoria,C Kellaway,PSP Handscomb,L Scott,0,0,,,,,,"",""
ball,4,23.3,Victoria,C Kellaway,PSP Handscomb,L Scott,0,0,,,,,,"",""
ball,4,23.4,Victoria,C Kellaway,PSP Handscomb,L Scott,0,0,,,,,,"",""
ball,4,23.5,Victoria,C Kellaway,PSP Handscomb,L Scott,0,0,,,,,,"",""
ball,4,23.6,Victoria,C Kellaway,PSP Handscomb,L Scott,0,0,,,,,,"",""
ball,4,24.1,Victoria,PSP Handscomb,C Kellaway,WA Agar,0,0,,,,,,"",""
ball,4,24.2,Victoria,PSP Handscomb,C Kellaway,WA Agar,0,0,,,,,,"",""
ball,4,24.3,Victoria,PSP Handscomb,C Kellaway,WA Agar,0,0,,,,,,"",""
ball,4,24.4,Victoria,PSP Handscomb,C Kellaway,WA Agar,4,0,,,,,,"",""
ball,4,24.5,Victoria,PSP Handscomb,C Kellaway,WA Agar,0,0,,,,,,"",""
ball,4,24.6,Victoria,PSP Handscomb,C Kellaway,WA Agar,0,0,,,,,,bowled,PSP Handscomb
ball,4,25.1,Victoria,C Kellaway,J Merlo,L Scott,0,0,,,,,,"",""
ball,4,25.2,Victoria,C Kellaway,J Merlo,L Scott,0,0,,,,,,"",""
ball,4,25.3,Victoria,C Kellaway,J Merlo,L Scott,0,0,,,,,,"",""
ball,4,25.4,Victoria,C Kellaway,J Merlo,L Scott,0,0,,,,,,"",""
ball,4,25.5,Victoria,C Kellaway,J Merlo,L Scott,0,0,,,,,,"",""
ball,4,25.6,Victoria,C Kellaway,J Merlo,L Scott,1,0,,,,,,"",""
ball,4,26.1,Victoria,C Kellaway,J Merlo,WA Agar,0,0,,,,,,"",""
ball,4,26.2,Victoria,C Kellaway,J Merlo,WA Agar,0,0,,,,,,"",""
ball,4,26.3,Victoria,C Kellaway,J Merlo,WA Agar,4,0,,,,,,"",""
ball,4,26.4,Victoria,C Kellaway,J Merlo,WA Agar,0,0,,,,,,"",""
ball,4,26.5,Victoria,C Kellaway,J Merlo,WA Agar,0,0,,,,,,"",""
ball,4,26.6,Victoria,C Kellaway,J Merlo,WA Agar,0,0,,,,,,"",""
ball,4,27.1,Victoria,J Merlo,C Kellaway,L Scott,0,0,,,,,,"",""
ball,4,27.2,Victoria,J Merlo,C Kellaway,L Scott,0,0,,,,,,"",""
ball,4,27.3,Victoria,J Merlo,C Kellaway,L Scott,1,0,,,,,,"",""
ball,4,27.4,Victoria,C Kellaway,J Merlo,L Scott,0,0,,,,,,"",""
ball,4,27.5,Victoria,C Kellaway,J Merlo,L Scott,0,0,,,,,,"",""
ball,4,27.6,Victoria,C Kellaway,J Merlo,L Scott,0,0,,,,,,"",""
ball,4,28.1,Victoria,J Merlo,C Kellaway,WA Agar,0,0,,,,,,"",""
ball,4,28.2,Victoria,J Merlo,C Kellaway,WA Agar,4,0,,,,,,"",""
ball,4,28.3,Victoria,J Merlo,C Kellaway,WA Agar,0,0,,,,,,"",""
ball,4,28.4,Victoria,J Merlo,C Kellaway,WA Agar,0,0,,,,,,"",""
ball,4,28.5,Victoria,J Merlo,C Kellaway,WA Agar,0,0,,,,,,"",""
ball,4,28.6,Victoria,J Merlo,C Kellaway,WA Agar,0,0,,,,,,"",""
ball,4,29.1,Victoria,C Kellaway,J Merlo,L Scott,0,0,,,,,,"",""
ball,4,29.2,Victoria,C Kellaway,J Merlo,L Scott,0,0,,,,,,"",""
ball,4,29.3,Victoria,C Kellaway,J Merlo,L Scott,0,0,,,,,,"",""
ball,4,29.4,Victoria,C Kellaway,J Merlo,L Scott,0,0,,,,,,"",""
ball,4,29.5,Victoria,C Kellaway,J Merlo,L Scott,0,0,,,,,,"",""
ball,4,29.6,Victoria,C Kellaway,J Merlo,L Scott,1,0,,,,,,"",""
ball,4,30.1,Victoria,C Kellaway,J Merlo,WA Agar,0,0,,,,,,"",""
ball,4,30.2,Victoria,C Kellaway,J Merlo,WA Agar,0,0,,,,,,"",""
ball,4,30.3,Victoria,C Kellaway,J Merlo,WA Agar,0,0,,,,,,"",""
ball,4,30.4,Victoria,C Kellaway,J Merlo,WA Agar,0,0,,,,,,"",""
ball,4,30.5,Victoria,C Kellaway,J Merlo,WA Agar,4,0,,,,,,"",""
ball,4,30.6,Victoria,C Kellaway,J Merlo,WA Agar,0,0,,,,,,"",""
ball,4,31.1,Victoria,J Merlo,C Kellaway,L Scott,0,0,,,,,,"",""
ball,4,31.2,Victoria,J Merlo,C Kellaway,L Scott,0,0,,,,,,"",""
ball,4,31.3,Victoria,J Merlo,C Kellaway,L Scott,0,0,,,,,,"",""
ball,4,31.4,Victoria,J Merlo,C Kellaway,L Scott,4,0,,,,,,"",""
ball,4,31.5,Victoria,J Merlo,C Kellaway,L Scott,0,0,,,,,,"",""
ball,4,31.6,Victoria,J Merlo,C Kellaway,L Scott,0,0,,,,,,"",""
ball,4,32.1,Victoria,C Kellaway,J Merlo,WA Agar,0,0,,,,,,"",""
ball,4,32.2,Victoria,C Kellaway,J Merlo,WA Agar,0,0,,,,,,"",""
ball,4,32.3,Victoria,C Kellaway,J Merlo,WA Agar,0,0,,,,,,"",""
ball,4,32.4,Victoria,C Kellaway,J Merlo,WA Agar,0,0,,,,,,"",""
ball,4,32.5,Victoria,C Kellaway,J Merlo,WA Agar,0,0,,,,,,"",""
ball,4,32.6,Victoria,C Kellaway,J Merlo,WA Agar,0,0,,,,,,"",""
ball,4,33.1,Victoria,J Merlo,C Kellaway,N McAndrew,4,0,,,,,,"",""
ball,4,33.2,Victoria,J Merlo,C Kellaway,N McAndrew,0,0,,,,,,"",""
ball,4,33.3,Victoria,J Merlo,C Kellaway,N McAndrew,1,0,,,,,,"",""
ball,4,33.4,Victoria,C Kellaway,J Merlo,N McAndrew,0,0,,,,,,"",""
ball,4,33.5,Victoria,C Kellaway,J Merlo,N McAndrew,0,0,,,,,,"",""
ball,4,33.6,Victoria,C Kellaway,J Merlo,N McAndrew,0,0,,,,,,"",""
ball,4,34.1,Victoria,J Merlo,C Kellaway,B Doggett,3,0,,,,,,"",""
ball,4,34.2,Victoria,C Kellaway,J Merlo,B Doggett,1,0,,,,,,"",""
ball,4,34.3,Victoria,J Merlo,C Kellaway,B Doggett,0,0,,,,,,"",""
ball,4,34.4,Victoria,J Merlo,C Kellaway,B Doggett,0,0,,,,,,"",""
ball,4,34.5,Victoria,J Merlo,C Kellaway,B Doggett,0,0,,,,,,"",""
ball,4,34.6,Victoria,J Merlo,C Kellaway,B Doggett,0,0,,,,,,bowled,J Merlo
ball,4,35.1,Victoria,C Kellaway,SB Harper,N McAndrew,0,0,,,,,,"",""
ball,4,35.2,Victoria,C Kellaway,SB Harper,N McAndrew,0,0,,,,,,"",""
ball,4,35.3,Victoria,C Kellaway,SB Harper,N McAndrew,0,0,,,,,,"",""
ball,4,35.4,Victoria,C Kellaway,SB Harper,N McAndrew,0,0,,,,,,"",""
ball,4,35.5,Victoria,C Kellaway,SB Harper,N McAndrew,4,0,,,,,,"",""
ball,4,35.6,Victoria,C Kellaway,SB Harper,N McAndrew,0,0,,,,,,"",""
ball,4,36.1,Victoria,SB Harper,C Kellaway,B Doggett,2,0,,,,,,"",""
ball,4,36.2,Victoria,SB Harper,C Kellaway,B Doggett,0,0,,,,,,"",""
ball,4,36.3,Victoria,SB Harper,C Kellaway,B Doggett,0,0,,,,,,"",""
ball,4,36.4,Victoria,SB Harper,C Kellaway,B Doggett,0,0,,,,,,"",""
ball,4,36.5,Victoria,SB Harper,C Kellaway,B Doggett,0,0,,,,,,"",""
ball,4,36.6,Victoria,SB Harper,C Kellaway,B Doggett,0,0,,,,,,"",""
ball,4,37.1,Victoria,C Kellaway,SB Harper,N McAndrew,0,0,,,,,,"",""
ball,4,37.2,Victoria,C Kellaway,SB Harper,N McAndrew,0,0,,,,,,"",""
ball,4,37.3,Victoria,C Kellaway,SB Harper,N McAndrew,0,0,,,,,,"",""
ball,4,37.4,Victoria,C Kellaway,SB Harper,N McAndrew,0,1,,,,1,,"",""
ball,4,37.5,Victoria,SB Harper,C Kellaway,N McAndrew,0,0,,,,,,"",""
ball,4,37.6,Victoria,SB Harper,C Kellaway,N McAndrew,3,0,,,,,,"",""
ball,4,38.1,Victoria,SB Harper,C Kellaway,B Doggett,0,0,,,,,,"",""
ball,4,38.2,Victoria,SB Harper,C Kellaway,B Doggett,4,0,,,,,,"",""
ball,4,38.3,Victoria,SB Harper,C Kellaway,B Doggett,0,0,,,,,,"",""
ball,4,38.4,Victoria,SB Harper,C Kellaway,B Doggett,6,0,,,,,,"",""
ball,4,38.5,Victoria,SB Harper,C Kellaway,B Doggett,0,0,,,,,,"",""
ball,4,38.6,Victoria,SB Harper,C Kellaway,B Doggett,0,0,,,,,,"",""
ball,4,39.1,Victoria,C Kellaway,SB Harper,N McAndrew,0,0,,,,,,"",""
ball,4,39.2,Victoria,C Kellaway,SB Harper,N McAndrew,0,0,,,,,,"",""
ball,4,39.3,Victoria,C Kellaway,SB Harper,N McAndrew,0,0,,,,,,"",""
ball,4,39.4,Victoria,C Kellaway,SB Harper,N McAndrew,0,0,,,,,,"",""
ball,4,39.5,Victoria,C Kellaway,SB Harper,N McAndrew,1,0,,,,,,"",""
ball,4,39.6,Victoria,SB Harper,C Kellaway,N McAndrew,0,0,,,,,,"",""
ball,4,40.1,Victoria,C Kellaway,SB Harper,B Doggett,0,0,,,,,,"",""
ball,4,40.2,Victoria,C Kellaway,SB Harper,B Doggett,0,0,,,,,,"",""
ball,4,40.3,Victoria,C Kellaway,SB Harper,B Doggett,1,0,,,,,,"",""
ball,4,40.4,Victoria,SB Harper,C Kellaway,B Doggett,0,0,,,,,,"",""
ball,4,40.5,Victoria,SB Harper,C Kellaway,B Doggett,6,0,,,,,,"",""
ball,4,40.6,Victoria,SB Harper,C Kellaway,B Doggett,0,0,,,,,,"",""
ball,4,41.1,Victoria,C Kellaway,SB Harper,N McAndrew,0,0,,,,,,"",""
ball,4,41.2,Victoria,C Kellaway,SB Harper,N McAndrew,2,0,,,,,,"",""
ball,4,41.3,Victoria,C Kellaway,SB Harper,N McAndrew,0,0,,,,,,"",""
ball,4,41.4,Victoria,C Kellaway,SB Harper,N McAndrew,0,0,,,,,,"",""
ball,4,41.5,Victoria,C Kellaway,SB Harper,N McAndrew,1,0,,,,,,"",""
ball,4,41.6,Victoria,SB Harper,C Kellaway,N McAndrew,0,0,,,,,,"",""
ball,4,42.1,Victoria,C Kellaway,SB Harper,WA Agar,1,0,,,,,,"",""
ball,4,42.2,Victoria,SB Harper,C Kellaway,WA Agar,0,0,,,,,,"",""
ball,4,42.3,Victoria,SB Harper,C Kellaway,WA Agar,4,0,,,,,,"",""
ball,4,42.4,Victoria,SB Harper,C Kellaway,WA Agar,4,0,,,,,,"",""
ball,4,42.5,Victoria,SB Harper,C Kellaway,WA Agar,2,0,,,,,,"",""
ball,4,42.6,Victoria,SB Harper,C Kellaway,WA Agar,0,0,,,,,,"",""
ball,4,43.1,Victoria,C Kellaway,SB Harper,BAD Manenti,1,0,,,,,,"",""
ball,4,43.2,Victoria,SB Harper,C Kellaway,BAD Manenti,0,0,,,,,,"",""
ball,4,43.3,Victoria,SB Harper,C Kellaway,BAD Manenti,2,0,,,,,,"",""
ball,4,43.4,Victoria,SB Harper,C Kellaway,BAD Manenti,1,0,,,,,,"",""
ball,4,43.5,Victoria,C Kellaway,SB Harper,BAD Manenti,0,0,,,,,,"",""
ball,4,43.6,Victoria,C Kellaway,SB Harper,BAD Manenti,4,0,,,,,,"",""
ball,4,44.1,Victoria,SB Harper,C Kellaway,WA Agar,0,0,,,,,,lbw,SB Harper
ball,4,44.2,Victoria,M Perry,C Kellaway,WA Agar,2,0,,,,,,"",""
ball,4,44.3,Victoria,M Perry,C Kellaway,WA Agar,4,0,,,,,,"",""
