version,1.7.0
info,balls_per_over,6
info,team,Central Stags
info,team,Auckland Aces
info,gender,male
info,season,2023/24
info,date,2024/03/16
info,date,2024/03/17
info,date,2024/03/18
info,date,2024/03/19
info,event,Plunket Shield
info,match_number,19
info,venue,McLean Park
info,city,
info,toss_winner,Central Stags
info,toss_decision,field
info,umpire,Glen Walklin
info,umpire,JM Dempsey
info,winner,Auckland Aces
info,winner_runs,41
info,player,Central Stags,CG Heaphy
info,player,Central Stags,GR Hay
info,player,Central Stags,BD Schmulian
info,player,Central Stags,TC Bruce
info,player,Central Stags,D Cleaver
info,player,Central Stags,JA Clarkson
info,player,Central Stags,AY Patel
info,player,Central Stags,BM Tickner
info,player,Central Stags,LR Dudding
info,player,Central Stags,DAJ Bracewell
info,player,Central Stags,WA Young
info,player,Auckland Aces,RR O'Donnell
info,player,Auckland Aces,WT O'Donnell
info,player,Auckland Aces,MS Chapman
info,player,Auckland Aces,SM Solia
info,player,Auckland Aces,GH Worker
info,player,Auckland Aces,CD Fletcher
info,player,Auckland Aces,DK Ferns
info,player,Auckland Aces,J McKenzie
info,player,Auckland Aces,BG Lister
info,player,Auckland Aces,L Delport
info,player,Auckland Aces,J Sussex
info,registry,people,AY Patel,fbd4f01f
info,registry,people,BD Schmulian,25dcd237
info,registry,people,BG Lister,79f5bc26
info,registry,people,BM Tickner,48ad3373
info,registry,people,CD Fletcher,4af9f5d4
info,registry,people,CG Heaphy,fcbd6eb8
info,registry,people,D Cleaver,e3a949be
info,registry,people,DAJ Bracewell,2e9fdf9b
info,registry,people,DK Ferns,f28c7456
info,registry,people,GH Worker,51a36d3e
info,registry,people,GR Hay,5bcd48df
info,registry,people,Glen Walklin,0070ed27
info,registry,people,J McKenzie,a1ad8978
info,registry,people,J Sussex,4de02539
info,registry,people,JA Clarkson,bed90114
info,registry,people,JM Dempsey,153c9f33
info,registry,people,L Delport,2c1438ef
info,registry,people,LR Dudding,678a8133
info,registry,people,MS Chapman,7fa12533
info,registry,people,RR O'Donnell,2742086d
info,registry,people,SM Solia,fd9f43bb
info,registry,people,TC Bruce,f92c9151
info,registry,people,WA Young,8afe73e2
info,registry,people,WT O'Donnell,730b57de
ball,1,0.1,Auckland Aces,WT O'Donnell,SM Solia,DAJ Bracewell,0,0,,,,,,"",""
ball,1,0.2,Auckland Aces,WT O'Donnell,SM Solia,DAJ Bracewell,0,0,,,,,,"",""
ball,1,0.3,Auckland Aces,WT O'Donnell,SM Solia,DAJ Bracewell,0,0,,,,,,"",""
ball,1,0.4,Auckland Aces,WT O'Donnell,SM Solia,DAJ Bracewell,0,0,,,,,,"",""
ball,1,0.5,Auckland Aces,WT O'Donnell,SM Solia,DAJ Bracewell,0,0,,,,,,"",""
ball,1,0.6,Auckland Aces,WT O'Donnell,SM Solia,DAJ Bracewell,0,0,,,,,,"",""
ball,1,1.1,Auckland Aces,SM Solia,WT O'Donnell,BM Tickner,1,0,,,,,,"",""
ball,1,1.2,Auckland Aces,WT O'Donnell,SM Solia,BM Tickner,0,0,,,,,,"",""
ball,1,1.3,Auckland Aces,WT O'Donnell,SM Solia,BM Tickner,0,0,,,,,,"",""
ball,1,1.4,Auckland Aces,WT O'Donnell,SM Solia,BM Tickner,4,0,,,,,,"",""
ball,1,1.5,Auckland Aces,WT O'Donnell,SM Solia,BM Tickner,0,0,,,,,,"",""
ball,1,1.6,Auckland Aces,WT O'Donnell,SM Solia,BM Tickner,0,0,,,,,,"",""
ball,1,2.1,Auckland Aces,SM Solia,WT O'Donnell,DAJ Bracewell,0,0,,,,,,"",""
ball,1,2.2,Auckland Aces,SM Solia,WT O'Donnell,DAJ Bracewell,0,0,,,,,,"",""
ball,1,2.3,Auckland Aces,SM Solia,WT O'Donnell,DAJ Bracewell,1,0,,,,,,"",""
ball,1,2.4,Auckland Aces,WT O'Donnell,SM Solia,DAJ Bracewell,0,0,,,,,,"",""
ball,1,2.5,Auckland Aces,WT O'Donnell,SM Solia,DAJ Bracewell,0,0,,,,,,"",""
ball,1,2.6,Auckland Aces,WT O'Donnell,SM Solia,DAJ Bracewell,0,0,,,,,,"",""
ball,1,3.1,Auckland Aces,SM Solia,WT O'Donnell,BM Tickner,0,0,,,,,,"",""
ball,1,3.2,Auckland Aces,SM Solia,WT O'Donnell,BM Tickner,1,0,,,,,,"",""
ball,1,3.3,Auckland Aces,WT O'Donnell,SM Solia,BM Tickner,0,1,,,,1,,"",""
ball,1,3.4,Auckland Aces,SM Solia,WT O'Donnell,BM Tickner,0,0,,,,,,"",""
ball,1,3.5,Auckland Aces,SM Solia,WT O'Donnell,BM Tickner,0,0,,,,,,"",""
ball,1,3.6,Auckland Aces,SM Solia,WT O'Donnell,BM Tickner,0,0,,,,,,"",""
ball,1,4.1,Auckland Aces,WT O'Donnell,SM Solia,DAJ Bracewell,0,0,,,,,,"",""
ball,1,4.2,Auckland Aces,WT O'Donnell,SM Solia,DAJ Bracewell,0,0,,,,,,"",""
ball,1,4.3,Auckland Aces,WT O'Donnell,SM Solia,DAJ Bracewell,0,0,,,,,,"",""
ball,1,4.4,Auckland Aces,WT O'Donnell,SM Solia,DAJ Bracewell,0,0,,,,,,"",""
ball,1,4.5,Auckland Aces,WT O'Donnell,SM Solia,DAJ Bracewell,0,0,,,,,,"",""
ball,1,4.6,Auckland Aces,WT O'Donnell,SM Solia,DAJ Bracewell,0,0,,,,,,"",""
ball,1,5.1,Auckland Aces,SM Solia,WT O'Donnell,BM Tickner,0,0,,,,,,"",""
ball,1,5.2,Auckland Aces,SM Solia,WT O'Donnell,BM Tickner,0,0,,,,,,"",""
ball,1,5.3,Auckland Aces,SM Solia,WT O'Donnell,BM Tickner,0,0,,,,,,"",""
ball,1,5.4,Auckland Aces,SM Solia,WT O'Donnell,BM Tickner,0,0,,,,,,"",""
ball,1,5.5,Auckland Aces,SM Solia,WT O'Donnell,BM Tickner,0,0,,,,,,"",""
ball,1,5.6,Auckland Aces,SM Solia,WT O'Donnell,BM Tickner,0,0,,,,,,"",""
ball,1,6.1,Auckland Aces,WT O'Donnell,SM Solia,DAJ Bracewell,0,0,,,,,,"",""
ball,1,6.2,Auckland Aces,WT O'Donnell,SM Solia,DAJ Bracewell,0,0,,,,,,"",""
ball,1,6.3,Auckland Aces,WT O'Donnell,SM Solia,DAJ Bracewell,0,0,,,,,,"",""
ball,1,6.4,Auckland Aces,WT O'Donnell,SM Solia,DAJ Bracewell,0,0,,,,,,"",""
ball,1,6.5,Auckland Aces,WT O'Donnell,SM Solia,DAJ Bracewell,4,0,,,,,,"",""
ball,1,6.6,Auckland Aces,WT O'Donnell,SM Solia,DAJ Bracewell,0,0,,,,,,"",""
ball,1,7.1,Auckland Aces,SM Solia,WT O'Donnell,LR Dudding,0,0,,,,,,"",""
ball,1,7.2,Auckland Aces,SM Solia,WT O'Donnell,LR Dudding,0,0,,,,,,"",""
ball,1,7.3,Auckland Aces,SM Solia,WT O'Donnell,LR Dudding,0,0,,,,,,"",""
ball,1,7.4,Auckland Aces,SM Solia,WT O'Donnell,LR Dudding,0,0,,,,,,"",""
ball,1,7.5,Auckland Aces,SM Solia,WT O'Donnell,LR Dudding,0,0,,,,,,"",""
ball,1,7.6,Auckland Aces,SM Solia,WT O'Donnell,LR Dudding,0,0,,,,,,"",""
ball,1,8.1,Auckland Aces,WT O'Donnell,SM Solia,DAJ Bracewell,0,0,,,,,,"",""
ball,1,8.2,Auckland Aces,WT O'Donnell,SM Solia,DAJ Bracewell,0,0,,,,,,"",""
ball,1,8.3,Auckland Aces,WT O'Donnell,SM Solia,DAJ Bracewell,0,0,,,,,,"",""
ball,1,8.4,Auckland Aces,WT O'Donnell,SM Solia,DAJ Bracewell,0,0,,,,,,"",""
ball,1,8.5,Auckland Aces,WT O'Donnell,SM Solia,DAJ Bracewell,0,0,,,,,,"",""
ball,1,8.6,Auckland Aces,WT O'Donnell,SM Solia,DAJ Bracewell,0,0,,,,,,"",""
ball,1,9.1,Auckland Aces,SM Solia,WT O'Donnell,LR Dudding,0,0,,,,,,"",""
ball,1,9.2,Auckland Aces,SM Solia,WT O'Donnell,LR Dudding,0,0,,,,,,"",""
ball,1,9.3,Auckland Aces,SM Solia,WT O'Donnell,LR Dudding,0,0,,,,,,"",""
ball,1,9.4,Auckland Aces,SM Solia,WT O'Donnell,LR Dudding,2,0,,,,,,"",""
ball,1,9.5,Auckland Aces,SM Solia,WT O'Donnell,LR Dudding,0,0,,,,,,"",""
ball,1,9.6,Auckland Aces,SM Solia,WT O'Donnell,LR Dudding,0,0,,,,,,"",""
ball,1,10.1,Auckland Aces,WT O'Donnell,SM Solia,BM Tickner,0,0,,,,,,"",""
ball,1,10.2,Auckland Aces,WT O'Donnell,SM Solia,BM Tickner,0,0,,,,,,"",""
ball,1,10.3,Auckland Aces,WT O'Donnell,SM Solia,BM Tickner,0,0,,,,,,"",""
ball,1,10.4,Auckland Aces,WT O'Donnell,SM Solia,BM Tickner,0,0,,,,,,"",""
ball,1,10.5,Auckland Aces,WT O'Donnell,SM Solia,BM Tickner,0,0,,,,,,"",""
ball,1,10.6,Auckland Aces,WT O'Donnell,SM Solia,BM Tickner,1,0,,,,,,"",""
ball,1,11.1,Auckland Aces,WT O'Donnell,SM Solia,LR Dudding,0,0,,,,,,"",""
ball,1,11.2,Auckland Aces,WT O'Donnell,SM Solia,LR Dudding,0,0,,,,,,"",""
ball,1,11.3,Auckland Aces,WT O'Donnell,SM Solia,LR Dudding,2,0,,,,,,"",""
ball,1,11.4,Auckland Aces,WT O'Donnell,SM Solia,LR Dudding,1,0,,,,,,"",""
ball,1,11.5,Auckland Aces,SM Solia,WT O'Donnell,LR Dudding,0,0,,,,,,"",""
ball,1,11.6,Auckland Aces,SM Solia,WT O'Donnell,LR Dudding,0,0,,,,,,"",""
ball,1,12.1,Auckland Aces,WT O'Donnell,SM Solia,BM Tickner,0,0,,,,,,"",""
ball,1,12.2,Auckland Aces,WT O'Donnell,SM Solia,BM Tickner,0,0,,,,,,"",""
ball,1,12.3,Auckland Aces,WT O'Donnell,SM Solia,BM Tickner,0,0,,,,,,"",""
ball,1,12.4,Auckland Aces,WT O'Donnell,SM Solia,BM Tickner,4,0,,,,,,"",""
ball,1,12.5,Auckland Aces,WT O'Donnell,SM Solia,BM Tickner,2,0,,,,,,"",""
ball,1,12.6,Auckland Aces,WT O'Donnell,SM Solia,BM Tickner,0,0,,,,,,"",""
ball,1,13.1,Auckland Aces,SM Solia,WT O'Donnell,LR Dudding,0,0,,,,,,"",""
ball,1,13.2,Auckland Aces,SM Solia,WT O'Donnell,LR Dudding,0,0,,,,,,"",""
ball,1,13.3,Auckland Aces,SM Solia,WT O'Donnell,LR Dudding,0,0,,,,,,"",""
ball,1,13.4,Auckland Aces,SM Solia,WT O'Donnell,LR Dudding,0,0,,,,,,"",""
ball,1,13.5,Auckland Aces,SM Solia,WT O'Donnell,LR Dudding,4,0,,,,,,"",""
ball,1,13.6,Auckland Aces,SM Solia,WT O'Donnell,LR Dudding,0,0,,,,,,"",""
ball,1,14.1,Auckland Aces,WT O'Donnell,SM Solia,BM Tickner,0,0,,,,,,"",""
ball,1,14.2,Auckland Aces,WT O'Donnell,SM Solia,BM Tickner,0,0,,,,,,"",""
ball,1,14.3,Auckland Aces,WT O'Donnell,SM Solia,BM Tickner,0,0,,,,,,"",""
ball,1,14.4,Auckland Aces,WT O'Donnell,SM Solia,BM Tickner,0,0,,,,,,"",""
ball,1,14.5,Auckland Aces,WT O'Donnell,SM Solia,BM Tickner,1,0,,,,,,"",""
ball,1,14.6,Auckland Aces,SM Solia,WT O'Donnell,BM Tickner,0,0,,,,,,"",""
ball,1,15.1,Auckland Aces,WT O'Donnell,SM Solia,LR Dudding,0,0,,,,,,"",""
ball,1,15.2,Auckland Aces,WT O'Donnell,SM Solia,LR Dudding,1,0,,,,,,"",""
ball,1,15.3,Auckland Aces,SM Solia,WT O'Donnell,LR Dudding,0,0,,,,,,"",""
ball,1,15.4,Auckland Aces,SM Solia,WT O'Donnell,LR Dudding,0,0,,,,,,"",""
ball,1,15.5,Auckland Aces,SM Solia,WT O'Donnell,LR Dudding,0,0,,,,,,"",""
ball,1,15.6,Auckland Aces,SM Solia,WT O'Donnell,LR Dudding,0,0,,,,,,"",""
ball,1,16.1,Auckland Aces,WT O'Donnell,SM Solia,BM Tickner,0,0,,,,,,"",""
ball,1,16.2,Auckland Aces,WT O'Donnell,SM Solia,BM Tickner,0,0,,,,,,"",""
ball,1,16.3,Auckland Aces,WT O'Donnell,SM Solia,BM Tickner,0,0,,,,,,"",""
ball,1,16.4,Auckland Aces,WT O'Donnell,SM Solia,BM Tickner,4,0,,,,,,"",""
ball,1,16.5,Auckland Aces,WT O'Donnell,SM Solia,BM Tickner,0,0,,,,,,"",""
ball,1,16.6,Auckland Aces,WT O'Donnell,SM Solia,BM Tickner,0,0,,,,,,"",""
ball,1,17.1,Auckland Aces,SM Solia,WT O'Donnell,LR Dudding,4,0,,,,,,"",""
ball,1,17.2,Auckland Aces,SM Solia,WT O'Donnell,LR Dudding,0,0,,,,,,"",""
ball,1,17.3,Auckland Aces,SM Solia,WT O'Donnell,LR Dudding,0,0,,,,,,"",""
ball,1,17.4,Auckland Aces,SM Solia,WT O'Donnell,LR Dudding,0,0,,,,,,"",""
ball,1,17.5,Auckland Aces,SM Solia,WT O'Donnell,LR Dudding,0,0,,,,,,"",""
ball,1,17.6,Auckland Aces,SM Solia,WT O'Donnell,LR Dudding,4,0,,,,,,"",""
ball,1,18.1,Auckland Aces,WT O'Donnell,SM Solia,BM Tickner,4,0,,,,,,"",""
ball,1,18.2,Auckland Aces,WT O'Donnell,SM Solia,BM Tickner,2,0,,,,,,"",""
ball,1,18.3,Auckland Aces,WT O'Donnell,SM Solia,BM Tickner,0,0,,,,,,"",""
ball,1,18.4,Auckland Aces,WT O'Donnell,SM Solia,BM Tickner,0,0,,,,,,"",""
ball,1,18.5,Auckland Aces,WT O'Donnell,SM Solia,BM Tickner,0,0,,,,,,"",""
ball,1,18.6,Auckland Aces,WT O'Donnell,SM Solia,BM Tickner,0,0,,,,,,caught,WT O'Donnell
ball,1,19.1,Auckland Aces,SM Solia,MS Chapman,LR Dudding,0,0,,,,,,"",""
ball,1,19.2,Auckland Aces,SM Solia,MS Chapman,LR Dudding,0,0,,,,,,"",""
ball,1,19.3,Auckland Aces,SM Solia,MS Chapman,LR Dudding,0,0,,,,,,"",""
ball,1,19.4,Auckland Aces,SM Solia,MS Chapman,LR Dudding,0,0,,,,,,"",""
ball,1,19.5,Auckland Aces,SM Solia,MS Chapman,LR Dudding,0,0,,,,,,"",""
ball,1,19.6,Auckland Aces,SM Solia,MS Chapman,LR Dudding,0,0,,,,,,"",""
ball,1,20.1,Auckland Aces,MS Chapman,SM Solia,BM Tickner,0,0,,,,,,"",""
ball,1,20.2,Auckland Aces,MS Chapman,SM Solia,BM Tickner,4,0,,,,,,"",""
ball,1,20.3,Auckland Aces,MS Chapman,SM Solia,BM Tickner,0,0,,,,,,"",""
ball,1,20.4,Auckland Aces,MS Chapman,SM Solia,BM Tickner,0,0,,,,,,"",""
ball,1,20.5,Auckland Aces,MS Chapman,SM Solia,BM Tickner,0,0,,,,,,"",""
ball,1,20.6,Auckland Aces,MS Chapman,SM Solia,BM Tickner,0,0,,,,,,"",""
ball,1,21.1,Auckland Aces,SM Solia,MS Chapman,LR Dudding,2,0,,,,,,"",""
ball,1,21.2,Auckland Aces,SM Solia,MS Chapman,LR Dudding,0,1,,,,1,,"",""
ball,1,21.3,Auckland Aces,MS Chapman,SM Solia,LR Dudding,0,0,,,,,,"",""
ball,1,21.4,Auckland Aces,MS Chapman,SM Solia,LR Dudding,0,0,,,,,,"",""
ball,1,21.5,Auckland Aces,MS Chapman,SM Solia,LR Dudding,0,0,,,,,,"",""
ball,1,21.6,Auckland Aces,MS Chapman,SM Solia,LR Dudding,0,0,,,,,,"",""
ball,1,22.1,Auckland Aces,SM Solia,MS Chapman,JA Clarkson,2,0,,,,,,"",""
ball,1,22.2,Auckland Aces,SM Solia,MS Chapman,JA Clarkson,0,0,,,,,,"",""
ball,1,22.3,Auckland Aces,SM Solia,MS Chapman,JA Clarkson,0,0,,,,,,"",""
ball,1,22.4,Auckland Aces,SM Solia,MS Chapman,JA Clarkson,0,0,,,,,,"",""
ball,1,22.5,Auckland Aces,SM Solia,MS Chapman,JA Clarkson,0,0,,,,,,"",""
ball,1,22.6,Auckland Aces,SM Solia,MS Chapman,JA Clarkson,0,0,,,,,,"",""
ball,1,23.1,Auckland Aces,MS Chapman,SM Solia,AY Patel,0,0,,,,,,"",""
ball,1,23.2,Auckland Aces,MS Chapman,SM Solia,AY Patel,0,0,,,,,,"",""
ball,1,23.3,Auckland Aces,MS Chapman,SM Solia,AY Patel,1,0,,,,,,"",""
ball,1,23.4,Auckland Aces,SM Solia,MS Chapman,AY Patel,0,0,,,,,,"",""
ball,1,23.5,Auckland Aces,SM Solia,MS Chapman,AY Patel,0,0,,,,,,"",""
ball,1,23.6,Auckland Aces,SM Solia,MS Chapman,AY Patel,0,0,,,,,,"",""
ball,1,24.1,Auckland Aces,MS Chapman,SM Solia,JA Clarkson,0,0,,,,,,"",""
ball,1,24.2,Auckland Aces,MS Chapman,SM Solia,JA Clarkson,0,0,,,,,,"",""
ball,1,24.3,Auckland Aces,MS Chapman,SM Solia,JA Clarkson,0,0,,,,,,"",""
ball,1,24.4,Auckland Aces,MS Chapman,SM Solia,JA Clarkson,0,0,,,,,,"",""
ball,1,24.5,Auckland Aces,MS Chapman,SM Solia,JA Clarkson,4,0,,,,,,"",""
ball,1,24.6,Auckland Aces,MS Chapman,SM Solia,JA Clarkson,0,1,,1,,,,"",""
ball,1,24.7,Auckland Aces,MS Chapman,SM Solia,JA Clarkson,0,0,,,,,,"",""
ball,1,25.1,Auckland Aces,SM Solia,MS Chapman,AY Patel,0,0,,,,,,"",""
ball,1,25.2,Auckland Aces,SM Solia,MS Chapman,AY Patel,0,0,,,,,,"",""
ball,1,25.3,Auckland Aces,SM Solia,MS Chapman,AY Patel,1,0,,,,,,"",""
ball,1,25.4,Auckland Aces,MS Chapman,SM Solia,AY Patel,0,0,,,,,,"",""
ball,1,25.5,Auckland Aces,MS Chapman,SM Solia,AY Patel,2,0,,,,,,"",""
ball,1,25.6,Auckland Aces,MS Chapman,SM Solia,AY Patel,1,0,,,,,,"",""
ball,1,26.1,Auckland Aces,MS Chapman,SM Solia,JA Clarkson,4,0,,,,,,"",""
ball,1,26.2,Auckland Aces,MS Chapman,SM Solia,JA Clarkson,0,0,,,,,,"",""
ball,1,26.3,Auckland Aces,MS Chapman,SM Solia,JA Clarkson,0,0,,,,,,"",""
ball,1,26.4,Auckland Aces,MS Chapman,SM Solia,JA Clarkson,0,0,,,,,,"",""
ball,1,26.5,Auckland Aces,MS Chapman,SM Solia,JA Clarkson,0,0,,,,,,"",""
ball,1,26.6,Auckland Aces,MS Chapman,SM Solia,JA Clarkson,0,0,,,,,,"",""
ball,1,27.1,Auckland Aces,SM Solia,MS Chapman,AY Patel,0,0,,,,,,"",""
ball,1,27.2,Auckland Aces,SM Solia,MS Chapman,AY Patel,0,0,,,,,,"",""
ball,1,27.3,Auckland Aces,SM Solia,MS Chapman,AY Patel,0,0,,,,,,"",""
ball,1,27.4,Auckland Aces,SM Solia,MS Chapman,AY Patel,0,0,,,,,,"",""
ball,1,27.5,Auckland Aces,SM Solia,MS Chapman,AY Patel,0,0,,,,,,"",""
ball,1,27.6,Auckland Aces,SM Solia,MS Chapman,AY Patel,0,0,,,,,,"",""
ball,1,28.1,Auckland Aces,MS Chapman,SM Solia,DAJ Bracewell,0,0,,,,,,"",""
ball,1,28.2,Auckland Aces,MS Chapman,SM Solia,DAJ Bracewell,0,0,,,,,,"",""
ball,1,28.3,Auckland Aces,MS Chapman,SM Solia,DAJ Bracewell,0,0,,,,,,"",""
ball,1,28.4,Auckland Aces,MS Chapman,SM Solia,DAJ Bracewell,1,0,,,,,,"",""
ball,1,28.5,Auckland Aces,SM Solia,MS Chapman,DAJ Bracewell,0,0,,,,,,"",""
ball,1,28.6,Auckland Aces,SM Solia,MS Chapman,DAJ Bracewell,0,0,,,,,,"",""
ball,1,29.1,Auckland Aces,MS Chapman,SM Solia,JA Clarkson,4,0,,,,,,"",""
ball,1,29.2,Auckland Aces,MS Chapman,SM Solia,JA Clarkson,0,0,,,,,,"",""
ball,1,29.3,Auckland Aces,MS Chapman,SM Solia,JA Clarkson,0,1,,1,,,,"",""
ball,1,29.4,Auckland Aces,MS Chapman,SM Solia,JA Clarkson,0,0,,,,,,"",""
ball,1,29.5,Auckland Aces,MS Chapman,SM Solia,JA Clarkson,0,0,,,,,,"",""
ball,1,29.6,Auckland Aces,MS Chapman,SM Solia,JA Clarkson,0,0,,,,,,caught,MS Chapman
ball,1,29.7,Auckland Aces,RR O'Donnell,SM Solia,JA Clarkson,0,0,,,,,,"",""
ball,1,30.1,Auckland Aces,SM Solia,RR O'Donnell,DAJ Bracewell,1,0,,,,,,"",""
ball,1,30.2,Auckland Aces,RR O'Donnell,SM Solia,DAJ Bracewell,1,0,,,,,,"",""
ball,1,30.3,Auckland Aces,SM Solia,RR O'Donnell,DAJ Bracewell,0,0,,,,,,"",""
ball,1,30.4,Auckland Aces,SM Solia,RR O'Donnell,DAJ Bracewell,0,0,,,,,,"",""
ball,1,30.5,Auckland Aces,SM Solia,RR O'Donnell,DAJ Bracewell,0,0,,,,,,"",""
ball,1,30.6,Auckland Aces,SM Solia,RR O'Donnell,DAJ Bracewell,0,0,,,,,,"",""
ball,1,31.1,Auckland Aces,RR O'Donnell,SM Solia,JA Clarkson,0,0,,,,,,"",""
ball,1,31.2,Auckland Aces,RR O'Donnell,SM Solia,JA Clarkson,0,0,,,,,,"",""
ball,1,31.3,Auckland Aces,RR O'Donnell,SM Solia,JA Clarkson,0,0,,,,,,"",""
ball,1,31.4,Auckland Aces,RR O'Donnell,SM Solia,JA Clarkson,0,0,,,,,,"",""
ball,1,31.5,Auckland Aces,RR O'Donnell,SM Solia,JA Clarkson,4,0,,,,,,"",""
ball,1,31.6,Auckland Aces,RR O'Donnell,SM Solia,JA Clarkson,0,0,,,,,,"",""
ball,1,32.1,Auckland Aces,SM Solia,RR O'Donnell,BM Tickner,0,0,,,,,,"",""
ball,1,32.2,Auckland Aces,SM Solia,RR O'Donnell,BM Tickner,0,0,,,,,,"",""
ball,1,32.3,Auckland Aces,SM Solia,RR O'Donnell,BM Tickner,0,0,,,,,,"",""
ball,1,32.4,Auckland Aces,SM Solia,RR O'Donnell,BM Tickner,0,0,,,,,,"",""
ball,1,32.5,Auckland Aces,SM Solia,RR O'Donnell,BM Tickner,0,0,,,,,,"",""
ball,1,32.6,Auckland Aces,SM Solia,RR O'Donnell,BM Tickner,0,0,,,,,,"",""
ball,1,33.1,Auckland Aces,RR O'Donnell,SM Solia,LR Dudding,0,0,,,,,,"",""
ball,1,33.2,Auckland Aces,RR O'Donnell,SM Solia,LR Dudding,0,0,,,,,,"",""
ball,1,33.3,Auckland Aces,RR O'Donnell,SM Solia,LR Dudding,0,0,,,,,,"",""
ball,1,33.4,Auckland Aces,RR O'Donnell,SM Solia,LR Dudding,0,0,,,,,,"",""
ball,1,33.5,Auckland Aces,RR O'Donnell,SM Solia,LR Dudding,0,0,,,,,,"",""
ball,1,33.6,Auckland Aces,RR O'Donnell,SM Solia,LR Dudding,1,0,,,,,,"",""
ball,1,34.1,Auckland Aces,RR O'Donnell,SM Solia,BM Tickner,4,0,,,,,,"",""
ball,1,34.2,Auckland Aces,RR O'Donnell,SM Solia,BM Tickner,0,0,,,,,,"",""
ball,1,34.3,Auckland Aces,RR O'Donnell,SM Solia,BM Tickner,0,0,,,,,,"",""
ball,1,34.4,Auckland Aces,RR O'Donnell,SM Solia,BM Tickner,0,0,,,,,,"",""
ball,1,34.5,Auckland Aces,RR O'Donnell,SM Solia,BM Tickner,0,0,,,,,,"",""
ball,1,34.6,Auckland Aces,RR O'Donnell,SM Solia,BM Tickner,3,0,,,,,,"",""
ball,1,35.1,Auckland Aces,RR O'Donnell,SM Solia,LR Dudding,0,0,,,,,,"",""
ball,1,35.2,Auckland Aces,RR O'Donnell,SM Solia,LR Dudding,0,0,,,,,,"",""
ball,1,35.3,Auckland Aces,RR O'Donnell,SM Solia,LR Dudding,4,0,,,,,,"",""
ball,1,35.4,Auckland Aces,RR O'Donnell,SM Solia,LR Dudding,0,0,,,,,,"",""
ball,1,35.5,Auckland Aces,RR O'Donnell,SM Solia,LR Dudding,0,0,,,,,,"",""
ball,1,35.6,Auckland Aces,RR O'Donnell,SM Solia,LR Dudding,0,0,,,,,,"",""
ball,1,36.1,Auckland Aces,SM Solia,RR O'Donnell,BM Tickner,0,0,,,,,,"",""
ball,1,36.2,Auckland Aces,SM Solia,RR O'Donnell,BM Tickner,0,0,,,,,,"",""
ball,1,36.3,Auckland Aces,SM Solia,RR O'Donnell,BM Tickner,2,0,,,,,,"",""
ball,1,36.4,Auckland Aces,SM Solia,RR O'Donnell,BM Tickner,0,0,,,,,,"",""
ball,1,36.5,Auckland Aces,SM Solia,RR O'Donnell,BM Tickner,2,0,,,,,,"",""
ball,1,36.6,Auckland Aces,SM Solia,RR O'Donnell,BM Tickner,0,0,,,,,,"",""
ball,1,37.1,Auckland Aces,RR O'Donnell,SM Solia,LR Dudding,0,0,,,,,,"",""
ball,1,37.2,Auckland Aces,RR O'Donnell,SM Solia,LR Dudding,0,0,,,,,,"",""
ball,1,37.3,Auckland Aces,RR O'Donnell,SM Solia,LR Dudding,1,0,,,,,,"",""
ball,1,37.4,Auckland Aces,SM Solia,RR O'Donnell,LR Dudding,0,0,,,,,,"",""
ball,1,37.5,Auckland Aces,SM Solia,RR O'Donnell,LR Dudding,0,0,,,,,,"",""
ball,1,37.6,Auckland Aces,SM Solia,RR O'Donnell,LR Dudding,0,0,,,,,,"",""
ball,1,38.1,Auckland Aces,RR O'Donnell,SM Solia,BM Tickner,0,0,,,,,,"",""
ball,1,38.2,Auckland Aces,RR O'Donnell,SM Solia,BM Tickner,0,0,,,,,,"",""
ball,1,38.3,Auckland Aces,RR O'Donnell,SM Solia,BM Tickner,0,0,,,,,,"",""
ball,1,38.4,Auckland Aces,RR O'Donnell,SM Solia,BM Tickner,0,0,,,,,,"",""
ball,1,38.5,Auckland Aces,RR O'Donnell,SM Solia,BM Tickner,0,0,,,,,,"",""
ball,1,38.6,Auckland Aces,RR O'Donnell,SM Solia,BM Tickner,0,0,,,,,,"",""
ball,1,39.1,Auckland Aces,SM Solia,RR O'Donnell,LR Dudding,0,0,,,,,,"",""
ball,1,39.2,Auckland Aces,SM Solia,RR O'Donnell,LR Dudding,0,0,,,,,,"",""
ball,1,39.3,Auckland Aces,SM Solia,RR O'Donnell,LR Dudding,0,0,,,,,,"",""
ball,1,39.4,Auckland Aces,SM Solia,RR O'Donnell,LR Dudding,0,0,,,,,,"",""
ball,1,39.5,Auckland Aces,SM Solia,RR O'Donnell,LR Dudding,0,0,,,,,,"",""
ball,1,39.6,Auckland Aces,SM Solia,RR O'Donnell,LR Dudding,0,0,,,,,,caught,SM Solia
ball,1,40.1,Auckland Aces,RR O'Donnell,GH Worker,BM Tickner,0,0,,,,,,"",""
ball,1,40.2,Auckland Aces,RR O'Donnell,GH Worker,BM Tickner,0,0,,,,,,"",""
ball,1,40.3,Auckland Aces,RR O'Donnell,GH Worker,BM Tickner,0,0,,,,,,"",""
ball,1,40.4,Auckland Aces,RR O'Donnell,GH Worker,BM Tickner,0,0,,,,,,"",""
ball,1,40.5,Auckland Aces,RR O'Donnell,GH Worker,BM Tickner,1,0,,,,,,"",""
ball,1,40.6,Auckland Aces,GH Worker,RR O'Donnell,BM Tickner,0,0,,,,,,"",""
ball,1,41.1,Auckland Aces,RR O'Donnell,GH Worker,LR Dudding,0,0,,,,,,"",""
ball,1,41.2,Auckland Aces,RR O'Donnell,GH Worker,LR Dudding,0,0,,,,,,"",""
ball,1,41.3,Auckland Aces,RR O'Donnell,GH Worker,LR Dudding,0,0,,,,,,caught,RR O'Donnell
ball,1,41.4,Auckland Aces,CD Fletcher,GH Worker,LR Dudding,1,0,,,,,,"",""
ball,1,41.5,Auckland Aces,GH Worker,CD Fletcher,LR Dudding,0,0,,,,,,"",""
ball,1,41.6,Auckland Aces,GH Worker,CD Fletcher,LR Dudding,0,0,,,,,,"",""
ball,1,42.1,Auckland Aces,CD Fletcher,GH Worker,BM Tickner,0,0,,,,,,"",""
ball,1,42.2,Auckland Aces,CD Fletcher,GH Worker,BM Tickner,0,0,,,,,,"",""
ball,1,42.3,Auckland Aces,CD Fletcher,GH Worker,BM Tickner,0,0,,,,,,caught,CD Fletcher
ball,1,42.4,Auckland Aces,J McKenzie,GH Worker,BM Tickner,0,0,,,,,,"",""
ball,1,42.5,Auckland Aces,J McKenzie,GH Worker,BM Tickner,0,0,,,,,,"",""
ball,1,42.6,Auckland Aces,J McKenzie,GH Worker,BM Tickner,0,0,,,,,,"",""
ball,1,43.1,Auckland Aces,GH Worker,J McKenzie,LR Dudding,0,0,,,,,,"",""
ball,1,43.2,Auckland Aces,GH Worker,J McKenzie,LR Dudding,0,0,,,,,,"",""
ball,1,43.3,Auckland Aces,GH Worker,J McKenzie,LR Dudding,0,0,,,,,,"",""
ball,1,43.4,Auckland Aces,GH Worker,J McKenzie,LR Dudding,0,0,,,,,,"",""
ball,1,43.5,Auckland Aces,GH Worker,J McKenzie,LR Dudding,0,0,,,,,,"",""
ball,1,43.6,Auckland Aces,GH Worker,J McKenzie,LR Dudding,0,0,,,,,,"",""
ball,1,44.1,Auckland Aces,J McKenzie,GH Worker,BM Tickner,0,0,,,,,,"",""
ball,1,44.2,Auckland Aces,J McKenzie,GH Worker,BM Tickner,4,0,,,,,,"",""
ball,1,44.3,Auckland Aces,J McKenzie,GH Worker,BM Tickner,1,0,,,,,,"",""
ball,1,44.4,Auckland Aces,GH Worker,J McKenzie,BM Tickner,0,0,,,,,,"",""
ball,1,44.5,Auckland Aces,GH Worker,J McKenzie,BM Tickner,0,0,,,,,,"",""
ball,1,44.6,Auckland Aces,GH Worker,J McKenzie,BM Tickner,0,0,,,,,,"",""
ball,1,45.1,Auckland Aces,J McKenzie,GH Worker,LR Dudding,0,0,,,,,,"",""
ball,1,45.2,Auckland Aces,J McKenzie,GH Worker,LR Dudding,2,0,,,,,,"",""
ball,1,45.3,Auckland Aces,J McKenzie,GH Worker,LR Dudding,0,0,,,,,,"",""
ball,1,45.4,Auckland Aces,J McKenzie,GH Worker,LR Dudding,0,0,,,,,,"",""
ball,1,45.5,Auckland Aces,J McKenzie,GH Worker,LR Dudding,0,0,,,,,,"",""
ball,1,45.6,Auckland Aces,J McKenzie,GH Worker,LR Dudding,0,0,,,,,,"",""
ball,1,46.1,Auckland Aces,GH Worker,J McKenzie,DAJ Bracewell,0,0,,,,,,"",""
ball,1,46.2,Auckland Aces,GH Worker,J McKenzie,DAJ Bracewell,0,0,,,,,,"",""
ball,1,46.3,Auckland Aces,GH Worker,J McKenzie,DAJ Bracewell,0,0,,,,,,"",""
ball,1,46.4,Auckland Aces,GH Worker,J McKenzie,DAJ Bracewell,1,0,,,,,,"",""
ball,1,46.5,Auckland Aces,J McKenzie,GH Worker,DAJ Bracewell,0,0,,,,,,"",""
ball,1,46.6,Auckland Aces,J McKenzie,GH Worker,DAJ Bracewell,0,0,,,,,,"",""
ball,1,47.1,Auckland Aces,GH Worker,J McKenzie,JA Clarkson,0,1,,1,,,,"",""
ball,1,47.2,Auckland Aces,GH Worker,J McKenzie,JA Clarkson,0,0,,,,,,"",""
ball,1,47.3,Auckland Aces,GH Worker,J McKenzie,JA Clarkson,1,0,,,,,,"",""
ball,1,47.4,Auckland Aces,J McKenzie,GH Worker,JA Clarkson,0,1,,,,1,,"",""
ball,1,47.5,Auckland Aces,GH Worker,J McKenzie,JA Clarkson,0,0,,,,,,"",""
ball,1,47.6,Auckland Aces,GH Worker,J McKenzie,JA Clarkson,0,0,,,,,,"",""
ball,1,47.7,Auckland Aces,GH Worker,J McKenzie,JA Clarkson,0,0,,,,,,"",""
ball,1,48.1,Auckland Aces,J McKenzie,GH Worker,DAJ Bracewell,0,0,,,,,,"",""
ball,1,48.2,Auckland Aces,J McKenzie,GH Worker,DAJ Bracewell,1,0,,,,,,"",""
ball,1,48.3,Auckland Aces,GH Worker,J McKenzie,DAJ Bracewell,0,0,,,,,,"",""
ball,1,48.4,Auckland Aces,GH Worker,J McKenzie,DAJ Bracewell,0,0,,,,,,"",""
ball,1,48.5,Auckland Aces,GH Worker,J McKenzie,DAJ Bracewell,0,0,,,,,,"",""
ball,1,48.6,Auckland Aces,GH Worker,J McKenzie,DAJ Bracewell,0,1,,,,1,,"",""
ball,1,49.1,Auckland Aces,GH Worker,J McKenzie,JA Clarkson,4,0,,,,,,"",""
ball,1,49.2,Auckland Aces,GH Worker,J McKenzie,JA Clarkson,0,0,,,,,,"",""
ball,1,49.3,Auckland Aces,GH Worker,J McKenzie,JA Clarkson,1,0,,,,,,"",""
ball,1,49.4,Auckland Aces,J McKenzie,GH Worker,JA Clarkson,0,0,,,,,,"",""
ball,1,49.5,Auckland Aces,J McKenzie,GH Worker,JA Clarkson,0,0,,,,,,"",""
ball,1,49.6,Auckland Aces,J McKenzie,GH Worker,JA Clarkson,4,0,,,,,,"",""
ball,1,50.1,Auckland Aces,GH Worker,J McKenzie,DAJ Bracewell,0,0,,,,,,"",""
ball,1,50.2,Auckland Aces,GH Worker,J McKenzie,DAJ Bracewell,0,0,,,,,,"",""
ball,1,50.3,Auckland Aces,GH Worker,J McKenzie,DAJ Bracewell,0,0,,,,,,"",""
ball,1,50.4,Auckland Aces,GH Worker,J McKenzie,DAJ Bracewell,0,0,,,,,,"",""
ball,1,50.5,Auckland Aces,GH Worker,J McKenzie,DAJ Bracewell,4,0,,,,,,"",""
ball,1,50.6,Auckland Aces,GH Worker,J McKenzie,DAJ Bracewell,0,0,,,,,,"",""
ball,1,51.1,Auckland Aces,J McKenzie,GH Worker,AY Patel,0,0,,,,,,"",""
ball,1,51.2,Auckland Aces,J McKenzie,GH Worker,AY Patel,0,0,,,,,,"",""
ball,1,51.3,Auckland Aces,J McKenzie,GH Worker,AY Patel,0,0,,,,,,"",""
ball,1,51.4,Auckland Aces,J McKenzie,GH Worker,AY Patel,0,0,,,,,,"",""
ball,1,51.5,Auckland Aces,J McKenzie,GH Worker,AY Patel,0,0,,,,,,"",""
ball,1,51.6,Auckland Aces,J McKenzie,GH Worker,AY Patel,0,0,,,,,,"",""
ball,1,52.1,Auckland Aces,GH Worker,J McKenzie,DAJ Bracewell,0,0,,,,,,"",""
ball,1,52.2,Auckland Aces,GH Worker,J McKenzie,DAJ Bracewell,0,0,,,,,,"",""
ball,1,52.3,Auckland Aces,GH Worker,J McKenzie,DAJ Bracewell,1,0,,,,,,"",""
ball,1,52.4,Auckland Aces,J McKenzie,GH Worker,DAJ Bracewell,0,0,,,,,,"",""
ball,1,52.5,Auckland Aces,J McKenzie,GH Worker,DAJ Bracewell,1,0,,,,,,"",""
ball,1,52.6,Auckland Aces,GH Worker,J McKenzie,DAJ Bracewell,1,0,,,,,,"",""
ball,1,53.1,Auckland Aces,GH Worker,J McKenzie,AY Patel,0,0,,,,,,"",""
ball,1,53.2,Auckland Aces,GH Worker,J McKenzie,AY Patel,1,0,,,,,,"",""
ball,1,53.3,Auckland Aces,J McKenzie,GH Worker,AY Patel,0,0,,,,,,"",""
ball,1,53.4,Auckland Aces,J McKenzie,GH Worker,AY Patel,1,0,,,,,,"",""
ball,1,53.5,Auckland Aces,GH Worker,J McKenzie,AY Patel,0,0,,,,,,"",""
ball,1,53.6,Auckland Aces,GH Worker,J McKenzie,AY Patel,0,0,,,,,,"",""
ball,1,54.1,Auckland Aces,J McKenzie,GH Worker,LR Dudding,4,0,,,,,,"",""
ball,1,54.2,Auckland Aces,J McKenzie,GH Worker,LR Dudding,4,0,,,,,,"",""
ball,1,54.3,Auckland Aces,J McKenzie,GH Worker,LR Dudding,0,0,,,,,,"",""
ball,1,54.4,Auckland Aces,J McKenzie,GH Worker,LR Dudding,0,1,,,,1,,"",""
ball,1,54.5,Auckland Aces,GH Worker,J McKenzie,LR Dudding,1,0,,,,,,"",""
ball,1,54.6,Auckland Aces,J McKenzie,GH Worker,LR Dudding,4,0,,,,,,"",""
ball,1,55.1,Auckland Aces,GH Worker,J McKenzie,AY Patel,0,0,,,,,,"",""
ball,1,55.2,Auckland Aces,GH Worker,J McKenzie,AY Patel,0,0,,,,,,"",""
ball,1,55.3,Auckland Aces,GH Worker,J McKenzie,AY Patel,0,0,,,,,,"",""
ball,1,55.4,Auckland Aces,GH Worker,J McKenzie,AY Patel,0,0,,,,,,"",""
ball,1,55.5,Auckland Aces,GH Worker,J McKenzie,AY Patel,1,0,,,,,,"",""
ball,1,55.6,Auckland Aces,J McKenzie,GH Worker,AY Patel,0,0,,,,,,"",""
ball,1,56.1,Auckland Aces,GH Worker,J McKenzie,BD Schmulian,0,0,,,,,,"",""
ball,1,56.2,Auckland Aces,GH Worker,J McKenzie,BD Schmulian,0,0,,,,,,"",""
ball,1,56.3,Auckland Aces,GH Worker,J McKenzie,BD Schmulian,1,0,,,,,,"",""
ball,1,56.4,Auckland Aces,J McKenzie,GH Worker,BD Schmulian,0,0,,,,,,"",""
ball,1,56.5,Auckland Aces,J McKenzie,GH Worker,BD Schmulian,0,0,,,,,,"",""
ball,1,56.6,Auckland Aces,J McKenzie,GH Worker,BD Schmulian,0,0,,,,,,"",""
ball,1,57.1,Auckland Aces,GH Worker,J McKenzie,LR Dudding,1,0,,,,,,"",""
ball,1,57.2,Auckland Aces,J McKenzie,GH Worker,LR Dudding,0,0,,,,,,"",""
ball,1,57.3,Auckland Aces,J McKenzie,GH Worker,LR Dudding,2,0,,,,,,"",""
ball,1,57.4,Auckland Aces,J McKenzie,GH Worker,LR Dudding,0,0,,,,,,"",""
ball,1,57.5,Auckland Aces,J McKenzie,GH Worker,LR Dudding,0,0,,,,,,"",""
ball,1,57.6,Auckland Aces,J McKenzie,GH Worker,LR Dudding,0,0,,,,,,"",""
ball,1,58.1,Auckland Aces,GH Worker,J McKenzie,BD Schmulian,4,0,,,,,,"",""
ball,1,58.2,Auckland Aces,GH Worker,J McKenzie,BD Schmulian,0,0,,,,,,"",""
ball,1,58.3,Auckland Aces,GH Worker,J McKenzie,BD Schmulian,2,0,,,,,,"",""
ball,1,58.4,Auckland Aces,GH Worker,J McKenzie,BD Schmulian,0,0,,,,,,"",""
ball,1,58.5,Auckland Aces,GH Worker,J McKenzie,BD Schmulian,0,0,,,,,,"",""
ball,1,58.6,Auckland Aces,GH Worker,J McKenzie,BD Schmulian,0,0,,,,,,"",""
ball,1,59.1,Auckland Aces,J McKenzie,GH Worker,LR Dudding,0,0,,,,,,"",""
ball,1,59.2,Auckland Aces,J McKenzie,GH Worker,LR Dudding,0,0,,,,,,"",""
ball,1,59.3,Auckland Aces,J McKenzie,GH Worker,LR Dudding,1,0,,,,,,"",""
ball,1,59.4,Auckland Aces,GH Worker,J McKenzie,LR Dudding,0,0,,,,,,"",""
ball,1,59.5,Auckland Aces,GH Worker,J McKenzie,LR Dudding,2,0,,,,,,"",""
ball,1,59.6,Auckland Aces,GH Worker,J McKenzie,LR Dudding,0,0,,,,,,"",""
ball,1,60.1,Auckland Aces,J McKenzie,GH Worker,AY Patel,0,0,,,,,,"",""
ball,1,60.2,Auckland Aces,J McKenzie,GH Worker,AY Patel,0,0,,,,,,"",""
ball,1,60.3,Auckland Aces,J McKenzie,GH Worker,AY Patel,1,0,,,,,,"",""
ball,1,60.4,Auckland Aces,GH Worker,J McKenzie,AY Patel,0,0,,,,,,"",""
ball,1,60.5,Auckland Aces,GH Worker,J McKenzie,AY Patel,1,0,,,,,,"",""
ball,1,60.6,Auckland Aces,J McKenzie,GH Worker,AY Patel,0,0,,,,,,"",""
ball,1,61.1,Auckland Aces,GH Worker,J McKenzie,LR Dudding,0,0,,,,,,"",""
ball,1,61.2,Auckland Aces,GH Worker,J McKenzie,LR Dudding,0,0,,,,,,"",""
ball,1,61.3,Auckland Aces,GH Worker,J McKenzie,LR Dudding,4,0,,,,,,"",""
ball,1,61.4,Auckland Aces,GH Worker,J McKenzie,LR Dudding,0,0,,,,,,"",""
ball,1,61.5,Auckland Aces,GH Worker,J McKenzie,LR Dudding,0,0,,,,,,"",""
ball,1,61.6,Auckland Aces,GH Worker,J McKenzie,LR Dudding,0,0,,,,,,"",""
ball,1,62.1,Auckland Aces,J McKenzie,GH Worker,AY Patel,0,0,,,,,,"",""
ball,1,62.2,Auckland Aces,J McKenzie,GH Worker,AY Patel,0,0,,,,,,"",""
ball,1,62.3,Auckland Aces,J McKenzie,GH Worker,AY Patel,0,0,,,,,,"",""
ball,1,62.4,Auckland Aces,J McKenzie,GH Worker,AY Patel,0,0,,,,,,"",""
ball,1,62.5,Auckland Aces,J McKenzie,GH Worker,AY Patel,0,0,,,,,,"",""
ball,1,62.6,Auckland Aces,J McKenzie,GH Worker,AY Patel,0,0,,,,,,"",""
ball,1,63.1,Auckland Aces,GH Worker,J McKenzie,BM Tickner,0,0,,,,,,caught,GH Worker
ball,1,63.2,Auckland Aces,DK Ferns,J McKenzie,BM Tickner,0,0,,,,,,"",""
ball,1,63.3,Auckland Aces,DK Ferns,J McKenzie,BM Tickner,0,0,,,,,,"",""
ball,1,63.4,Auckland Aces,DK Ferns,J McKenzie,BM Tickner,0,0,,,,,,"",""
ball,1,63.5,Auckland Aces,DK Ferns,J McKenzie,BM Tickner,0,0,,,,,,"",""
ball,1,63.6,Auckland Aces,DK Ferns,J McKenzie,BM Tickner,0,0,,,,,,"",""
ball,1,64.1,Auckland Aces,J McKenzie,DK Ferns,AY Patel,0,0,,,,,,"",""
ball,1,64.2,Auckland Aces,J McKenzie,DK Ferns,AY Patel,1,0,,,,,,"",""
ball,1,64.3,Auckland Aces,DK Ferns,J McKenzie,AY Patel,0,0,,,,,,"",""
ball,1,64.4,Auckland Aces,DK Ferns,J McKenzie,AY Patel,0,0,,,,,,"",""
ball,1,64.5,Auckland Aces,DK Ferns,J McKenzie,AY Patel,0,0,,,,,,"",""
ball,1,64.6,Auckland Aces,DK Ferns,J McKenzie,AY Patel,0,0,,,,,,"",""
ball,1,65.1,Auckland Aces,J McKenzie,DK Ferns,BM Tickner,0,0,,,,,,"",""
ball,1,65.2,Auckland Aces,J McKenzie,DK Ferns,BM Tickner,1,0,,,,,,"",""
ball,1,65.3,Auckland Aces,DK Ferns,J McKenzie,BM Tickner,4,0,,,,,,"",""
ball,1,65.4,Auckland Aces,DK Ferns,J McKenzie,BM Tickner,0,0,,,,,,"",""
ball,1,65.5,Auckland Aces,DK Ferns,J McKenzie,BM Tickner,4,0,,,,,,"",""
ball,1,65.6,Auckland Aces,DK Ferns,J McKenzie,BM Tickner,0,0,,,,,,"",""
ball,1,66.1,Auckland Aces,J McKenzie,DK Ferns,AY Patel,0,0,,,,,,"",""
ball,1,66.2,Auckland Aces,J McKenzie,DK Ferns,AY Patel,1,0,,,,,,"",""
ball,1,66.3,Auckland Aces,DK Ferns,J McKenzie,AY Patel,0,0,,,,,,"",""
ball,1,66.4,Auckland Aces,DK Ferns,J McKenzie,AY Patel,2,0,,,,,,"",""
ball,1,66.5,Auckland Aces,DK Ferns,J McKenzie,AY Patel,0,0,,,,,,"",""
ball,1,66.6,Auckland Aces,DK Ferns,J McKenzie,AY Patel,0,0,,,,,,"",""
ball,1,67.1,Auckland Aces,J McKenzie,DK Ferns,BM Tickner,0,0,,,,,,"",""
ball,1,67.2,Auckland Aces,J McKenzie,DK Ferns,BM Tickner,1,0,,,,,,"",""
ball,1,67.3,Auckland Aces,DK Ferns,J McKenzie,BM Tickner,0,0,,,,,,"",""
ball,1,67.4,Auckland Aces,DK Ferns,J McKenzie,BM Tickner,0,0,,,,,,"",""
ball,1,67.5,Auckland Aces,DK Ferns,J McKenzie,BM Tickner,0,0,,,,,,"",""
ball,1,67.6,Auckland Aces,DK Ferns,J McKenzie,BM Tickner,0,0,,,,,,"",""
ball,1,68.1,Auckland Aces,J McKenzie,DK Ferns,AY Patel,0,0,,,,,,"",""
ball,1,68.2,Auckland Aces,J McKenzie,DK Ferns,AY Patel,0,0,,,,,,"",""
ball,1,68.3,Auckland Aces,J McKenzie,DK Ferns,AY Patel,0,0,,,,,,"",""
ball,1,68.4,Auckland Aces,J McKenzie,DK Ferns,AY Patel,0,0,,,,,,"",""
ball,1,68.5,Auckland Aces,J McKenzie,DK Ferns,AY Patel,0,0,,,,,,"",""
ball,1,68.6,Auckland Aces,J McKenzie,DK Ferns,AY Patel,0,0,,,,,,"",""
ball,1,69.1,Auckland Aces,DK Ferns,J McKenzie,BM Tickner,0,0,,,,,,"",""
ball,1,69.2,Auckland Aces,DK Ferns,J McKenzie,BM Tickner,0,0,,,,,,"",""
ball,1,69.3,Auckland Aces,DK Ferns,J McKenzie,BM Tickner,0,0,,,,,,"",""
ball,1,69.4,Auckland Aces,DK Ferns,J McKenzie,BM Tickner,1,0,,,,,,"",""
ball,1,69.5,Auckland Aces,J McKenzie,DK Ferns,BM Tickner,1,0,,,,,,"",""
ball,1,69.6,Auckland Aces,DK Ferns,J McKenzie,BM Tickner,2,0,,,,,,"",""
ball,1,70.1,Auckland Aces,J McKenzie,DK Ferns,AY Patel,0,0,,,,,,"",""
ball,1,70.2,Auckland Aces,J McKenzie,DK Ferns,AY Patel,1,0,,,,,,"",""
ball,1,70.3,Auckland Aces,DK Ferns,J McKenzie,AY Patel,0,0,,,,,,"",""
ball,1,70.4,Auckland Aces,DK Ferns,J McKenzie,AY Patel,0,0,,,,,,"",""
ball,1,70.5,Auckland Aces,DK Ferns,J McKenzie,AY Patel,0,0,,,,,,"",""
ball,1,70.6,Auckland Aces,DK Ferns,J McKenzie,AY Patel,0,0,,,,,,"",""
ball,1,71.1,Auckland Aces,J McKenzie,DK Ferns,JA Clarkson,0,0,,,,,,"",""
ball,1,71.2,Auckland Aces,J McKenzie,DK Ferns,JA Clarkson,1,0,,,,,,"",""
ball,1,71.3,Auckland Aces,DK Ferns,J McKenzie,JA Clarkson,0,0,,,,,,"",""
ball,1,71.4,Auckland Aces,DK Ferns,J McKenzie,JA Clarkson,0,0,,,,,,"",""
ball,1,71.5,Auckland Aces,DK Ferns,J McKenzie,JA Clarkson,0,0,,,,,,"",""
ball,1,71.6,Auckland Aces,DK Ferns,J McKenzie,JA Clarkson,0,0,,,,,,"",""
ball,1,72.1,Auckland Aces,J McKenzie,DK Ferns,AY Patel,1,0,,,,,,"",""
ball,1,72.2,Auckland Aces,DK Ferns,J McKenzie,AY Patel,0,0,,,,,,"",""
ball,1,72.3,Auckland Aces,DK Ferns,J McKenzie,AY Patel,0,0,,,,,,"",""
ball,1,72.4,Auckland Aces,DK Ferns,J McKenzie,AY Patel,0,4,,,4,,,"",""
ball,1,72.5,Auckland Aces,DK Ferns,J McKenzie,AY Patel,0,0,,,,,,"",""
ball,1,72.6,Auckland Aces,DK Ferns,J McKenzie,AY Patel,0,0,,,,,,"",""
ball,1,73.1,Auckland Aces,J McKenzie,DK Ferns,JA Clarkson,0,0,,,,,,"",""
ball,1,73.2,Auckland Aces,J McKenzie,DK Ferns,JA Clarkson,0,0,,,,,,"",""
ball,1,73.3,Auckland Aces,J McKenzie,DK Ferns,JA Clarkson,0,0,,,,,,"",""
ball,1,73.4,Auckland Aces,J McKenzie,DK Ferns,JA Clarkson,0,0,,,,,,"",""
ball,1,73.5,Auckland Aces,J McKenzie,DK Ferns,JA Clarkson,0,0,,,,,,"",""
ball,1,73.6,Auckland Aces,J McKenzie,DK Ferns,JA Clarkson,0,0,,,,,,"",""
ball,1,74.1,Auckland Aces,DK Ferns,J McKenzie,AY Patel,0,0,,,,,,"",""
ball,1,74.2,Auckland Aces,DK Ferns,J McKenzie,AY Patel,0,0,,,,,,"",""
ball,1,74.3,Auckland Aces,DK Ferns,J McKenzie,AY Patel,0,0,,,,,,"",""
ball,1,74.4,Auckland Aces,DK Ferns,J McKenzie,AY Patel,0,0,,,,,,"",""
ball,1,74.5,Auckland Aces,DK Ferns,J McKenzie,AY Patel,0,0,,,,,,"",""
ball,1,74.6,Auckland Aces,DK Ferns,J McKenzie,AY Patel,0,0,,,,,,"",""
ball,1,75.1,Auckland Aces,J McKenzie,DK Ferns,JA Clarkson,0,0,,,,,,"",""
ball,1,75.2,Auckland Aces,J McKenzie,DK Ferns,JA Clarkson,2,0,,,,,,"",""
ball,1,75.3,Auckland Aces,J McKenzie,DK Ferns,JA Clarkson,3,0,,,,,,"",""
ball,1,75.4,Auckland Aces,DK Ferns,J McKenzie,JA Clarkson,0,0,,,,,,"",""
ball,1,75.5,Auckland Aces,DK Ferns,J McKenzie,JA Clarkson,0,0,,,,,,"",""
ball,1,75.6,Auckland Aces,DK Ferns,J McKenzie,JA Clarkson,0,0,,,,,,"",""
ball,1,76.1,Auckland Aces,J McKenzie,DK Ferns,BD Schmulian,0,0,,,,,,"",""
ball,1,76.2,Auckland Aces,J McKenzie,DK Ferns,BD Schmulian,0,0,,,,,,"",""
ball,1,76.3,Auckland Aces,J McKenzie,DK Ferns,BD Schmulian,1,0,,,,,,"",""
ball,1,76.4,Auckland Aces,DK Ferns,J McKenzie,BD Schmulian,0,0,,,,,,"",""
ball,1,76.5,Auckland Aces,DK Ferns,J McKenzie,BD Schmulian,0,0,,,,,,"",""
ball,1,76.6,Auckland Aces,DK Ferns,J McKenzie,BD Schmulian,0,0,,,,,,"",""
ball,1,77.1,Auckland Aces,J McKenzie,DK Ferns,AY Patel,2,0,,,,,,"",""
ball,1,77.2,Auckland Aces,J McKenzie,DK Ferns,AY Patel,0,0,,,,,,"",""
ball,1,77.3,Auckland Aces,J McKenzie,DK Ferns,AY Patel,0,0,,,,,,"",""
ball,1,77.4,Auckland Aces,J McKenzie,DK Ferns,AY Patel,0,0,,,,,,"",""
ball,1,77.5,Auckland Aces,J McKenzie,DK Ferns,AY Patel,0,0,,,,,,"",""
ball,1,77.6,Auckland Aces,J McKenzie,DK Ferns,AY Patel,0,0,,,,,,"",""
ball,1,78.1,Auckland Aces,DK Ferns,J McKenzie,BD Schmulian,4,0,,,,,,"",""
ball,1,78.2,Auckland Aces,DK Ferns,J McKenzie,BD Schmulian,4,0,,,,,,"",""
ball,1,78.3,Auckland Aces,DK Ferns,J McKenzie,BD Schmulian,1,0,,,,,,"",""
ball,1,78.4,Auckland Aces,J McKenzie,DK Ferns,BD Schmulian,0,0,,,,,,"",""
ball,1,78.5,Auckland Aces,J McKenzie,DK Ferns,BD Schmulian,1,0,,,,,,"",""
ball,1,78.6,Auckland Aces,DK Ferns,J McKenzie,BD Schmulian,1,0,,,,,,"",""
ball,1,79.1,Auckland Aces,DK Ferns,J McKenzie,AY Patel,0,0,,,,,,"",""
ball,1,79.2,Auckland Aces,DK Ferns,J McKenzie,AY Patel,0,0,,,,,,"",""
ball,1,79.3,Auckland Aces,DK Ferns,J McKenzie,AY Patel,0,0,,,,,,"",""
ball,1,79.4,Auckland Aces,DK Ferns,J McKenzie,AY Patel,0,0,,,,,,"",""
ball,1,79.5,Auckland Aces,DK Ferns,J McKenzie,AY Patel,0,0,,,,,,"",""
ball,1,79.6,Auckland Aces,DK Ferns,J McKenzie,AY Patel,0,0,,,,,,"",""
ball,1,80.1,Auckland Aces,J McKenzie,DK Ferns,DAJ Bracewell,0,0,,,,,,"",""
ball,1,80.2,Auckland Aces,J McKenzie,DK Ferns,DAJ Bracewell,0,0,,,,,,"",""
ball,1,80.3,Auckland Aces,J McKenzie,DK Ferns,DAJ Bracewell,0,0,,,,,,"",""
ball,1,80.4,Auckland Aces,J McKenzie,DK Ferns,DAJ Bracewell,1,0,,,,,,"",""
ball,1,80.5,Auckland Aces,DK Ferns,J McKenzie,DAJ Bracewell,0,0,,,,,,"",""
ball,1,80.6,Auckland Aces,DK Ferns,J McKenzie,DAJ Bracewell,1,0,,,,,,"",""
ball,1,81.1,Auckland Aces,DK Ferns,J McKenzie,LR Dudding,3,0,,,,,,"",""
ball,1,81.2,Auckland Aces,J McKenzie,DK Ferns,LR Dudding,0,0,,,,,,"",""
ball,1,81.3,Auckland Aces,J McKenzie,DK Ferns,LR Dudding,0,0,,,,,,lbw,J McKenzie
ball,1,81.4,Auckland Aces,L Delport,DK Ferns,LR Dudding,0,0,,,,,,"",""
ball,1,81.5,Auckland Aces,L Delport,DK Ferns,LR Dudding,0,0,,,,,,"",""
ball,1,81.6,Auckland Aces,L Delport,DK Ferns,LR Dudding,0,0,,,,,,"",""
ball,1,82.1,Auckland Aces,DK Ferns,L Delport,DAJ Bracewell,0,0,,,,,,"",""
ball,1,82.2,Auckland Aces,DK Ferns,L Delport,DAJ Bracewell,0,0,,,,,,"",""
ball,1,82.3,Auckland Aces,DK Ferns,L Delport,DAJ Bracewell,0,0,,,,,,"",""
ball,1,82.4,Auckland Aces,DK Ferns,L Delport,DAJ Bracewell,0,0,,,,,,"",""
ball,1,82.5,Auckland Aces,DK Ferns,L Delport,DAJ Bracewell,0,0,,,,,,"",""
ball,1,82.6,Auckland Aces,DK Ferns,L Delport,DAJ Bracewell,0,0,,,,,,"",""
ball,1,83.1,Auckland Aces,L Delport,DK Ferns,LR Dudding,0,0,,,,,,"",""
ball,1,83.2,Auckland Aces,L Delport,DK Ferns,LR Dudding,0,0,,,,,,"",""
ball,1,83.3,Auckland Aces,L Delport,DK Ferns,LR Dudding,0,0,,,,,,"",""
ball,1,83.4,Auckland Aces,L Delport,DK Ferns,LR Dudding,0,0,,,,,,"",""
ball,1,83.5,Auckland Aces,L Delport,DK Ferns,LR Dudding,4,0,,,,,,"",""
ball,1,83.6,Auckland Aces,L Delport,DK Ferns,LR Dudding,0,0,,,,,,"",""
ball,1,84.1,Auckland Aces,DK Ferns,L Delport,DAJ Bracewell,1,0,,,,,,"",""
ball,1,84.2,Auckland Aces,L Delport,DK Ferns,DAJ Bracewell,0,0,,,,,,"",""
ball,1,84.3,Auckland Aces,L Delport,DK Ferns,DAJ Bracewell,0,0,,,,,,"",""
ball,1,84.4,Auckland Aces,L Delport,DK Ferns,DAJ Bracewell,6,0,,,,,,"",""
ball,1,84.5,Auckland Aces,L Delport,DK Ferns,DAJ Bracewell,1,0,,,,,,"",""
ball,1,84.6,Auckland Aces,DK Ferns,L Delport,DAJ Bracewell,0,0,,,,,,"",""
ball,1,85.1,Auckland Aces,L Delport,DK Ferns,LR Dudding,0,0,,,,,,"",""
ball,1,85.2,Auckland Aces,L Delport,DK Ferns,LR Dudding,4,0,,,,,,"",""
ball,1,85.3,Auckland Aces,L Delport,DK Ferns,LR Dudding,0,0,,,,,,"",""
ball,1,85.4,Auckland Aces,L Delport,DK Ferns,LR Dudding,1,0,,,,,,"",""
ball,1,85.5,Auckland Aces,DK Ferns,L Delport,LR Dudding,0,0,,,,,,"",""
ball,1,85.6,Auckland Aces,DK Ferns,L Delport,LR Dudding,0,0,,,,,,"",""
ball,1,86.1,Auckland Aces,L Delport,DK Ferns,DAJ Bracewell,1,0,,,,,,"",""
ball,1,86.2,Auckland Aces,DK Ferns,L Delport,DAJ Bracewell,0,0,,,,,,"",""
ball,1,86.3,Auckland Aces,DK Ferns,L Delport,DAJ Bracewell,0,0,,,,,,"",""
ball,1,86.4,Auckland Aces,DK Ferns,L Delport,DAJ Bracewell,0,0,,,,,,"",""
ball,1,86.5,Auckland Aces,DK Ferns,L Delport,DAJ Bracewell,0,0,,,,,,bowled,DK Ferns
ball,1,86.6,Auckland Aces,J Sussex,L Delport,DAJ Bracewell,0,0,,,,,,"",""
ball,1,87.1,Auckland Aces,L Delport,J Sussex,LR Dudding,0,0,,,,,,"",""
ball,1,87.2,Auckland Aces,L Delport,J Sussex,LR Dudding,0,0,,,,,,"",""
ball,1,87.3,Auckland Aces,L Delport,J Sussex,LR Dudding,0,0,,,,,,"",""
ball,1,87.4,Auckland Aces,L Delport,J Sussex,LR Dudding,1,0,,,,,,"",""
ball,1,87.5,Auckland Aces,J Sussex,L Delport,LR Dudding,0,0,,,,,,"",""
ball,1,87.6,Auckland Aces,J Sussex,L Delport,LR Dudding,0,0,,,,,,"",""
ball,1,88.1,Auckland Aces,L Delport,J Sussex,JA Clarkson,0,0,,,,,,"",""
ball,1,88.2,Auckland Aces,L Delport,J Sussex,JA Clarkson,2,0,,,,,,"",""
ball,1,88.3,Auckland Aces,L Delport,J Sussex,JA Clarkson,0,0,,,,,,caught,L Delport
ball,1,88.4,Auckland Aces,BG Lister,J Sussex,JA Clarkson,0,0,,,,,,"",""
ball,1,88.5,Auckland Aces,BG Lister,J Sussex,JA Clarkson,0,0,,,,,,"",""
ball,1,88.6,Auckland Aces,BG Lister,J Sussex,JA Clarkson,0,0,,,,,,"",""
ball,1,89.1,Auckland Aces,J Sussex,BG Lister,BM Tickner,0,0,,,,,,"",""
ball,1,89.2,Auckland Aces,J Sussex,BG Lister,BM Tickner,0,0,,,,,,"",""
ball,1,89.3,Auckland Aces,J Sussex,BG Lister,BM Tickner,2,0,,,,,,"",""
ball,1,89.4,Auckland Aces,J Sussex,BG Lister,BM Tickner,0,0,,,,,,"",""
ball,1,89.5,Auckland Aces,J Sussex,BG Lister,BM Tickner,0,0,,,,,,"",""
ball,1,89.6,Auckland Aces,J Sussex,BG Lister,BM Tickner,0,0,,,,,,"",""
ball,1,90.1,Auckland Aces,BG Lister,J Sussex,JA Clarkson,0,0,,,,,,"",""
ball,1,90.2,Auckland Aces,BG Lister,J Sussex,JA Clarkson,0,0,,,,,,"",""
ball,1,90.3,Auckland Aces,BG Lister,J Sussex,JA Clarkson,0,0,,,,,,"",""
ball,1,90.4,Auckland Aces,BG Lister,J Sussex,JA Clarkson,0,0,,,,,,"",""
ball,1,90.5,Auckland Aces,BG Lister,J Sussex,JA Clarkson,0,0,,,,,,"",""
ball,1,90.6,Auckland Aces,BG Lister,J Sussex,JA Clarkson,0,0,,,,,,"",""
ball,1,91.1,Auckland Aces,J Sussex,BG Lister,BM Tickner,0,0,,,,,,"",""
ball,1,91.2,Auckland Aces,J Sussex,BG Lister,BM Tickner,0,0,,,,,,"",""
ball,1,91.3,Auckland Aces,J Sussex,BG Lister,BM Tickner,0,0,,,,,,"",""
ball,1,91.4,Auckland Aces,J Sussex,BG Lister,BM Tickner,0,0,,,,,,"",""
ball,1,91.5,Auckland Aces,J Sussex,BG Lister,BM Tickner,0,0,,,,,,"",""
ball,1,91.6,Auckland Aces,J Sussex,BG Lister,BM Tickner,1,0,,,,,,"",""
ball,1,92.1,Auckland Aces,J Sussex,BG Lister,JA Clarkson,0,0,,,,,,"",""
ball,1,92.2,Auckland Aces,J Sussex,BG Lister,JA Clarkson,0,0,,,,,,"",""
ball,1,92.3,Auckland Aces,J Sussex,BG Lister,JA Clarkson,0,0,,,,,,"",""
ball,1,92.4,Auckland Aces,J Sussex,BG Lister,JA Clarkson,0,0,,,,,,"",""
ball,1,92.5,Auckland Aces,J Sussex,BG Lister,JA Clarkson,0,0,,,,,,"",""
ball,1,92.6,Auckland Aces,J Sussex,BG Lister,JA Clarkson,0,0,,,,,,"",""
ball,1,93.1,Auckland Aces,BG Lister,J Sussex,BM Tickner,0,0,,,,,,"",""
ball,1,93.2,Auckland Aces,BG Lister,J Sussex,BM Tickner,0,0,,,,,,"",""
ball,1,93.3,Auckland Aces,BG Lister,J Sussex,BM Tickner,0,0,,,,,,bowled,BG Lister
ball,2,0.1,Central Stags,WA Young,CG Heaphy,BG Lister,1,0,,,,,,"",""
ball,2,0.2,Central Stags,CG Heaphy,WA Young,BG Lister,1,0,,,,,,"",""
ball,2,0.3,Central Stags,WA Young,CG Heaphy,BG Lister,0,0,,,,,,"",""
ball,2,0.4,Central Stags,WA Young,CG Heaphy,BG Lister,0,0,,,,,,"",""
ball,2,0.5,Central Stags,WA Young,CG Heaphy,BG Lister,0,0,,,,,,"",""
ball,2,0.6,Central Stags,WA Young,CG Heaphy,BG Lister,0,0,,,,,,"",""
ball,2,1.1,Central Stags,CG Heaphy,WA Young,DK Ferns,0,0,,,,,,"",""
ball,2,1.2,Central Stags,CG Heaphy,WA Young,DK Ferns,0,0,,,,,,"",""
ball,2,1.3,Central Stags,CG Heaphy,WA Young,DK Ferns,0,0,,,,,,"",""
ball,2,1.4,Central Stags,CG Heaphy,WA Young,DK Ferns,0,0,,,,,,"",""
ball,2,1.5,Central Stags,CG Heaphy,WA Young,DK Ferns,0,0,,,,,,"",""
ball,2,1.6,Central Stags,CG Heaphy,WA Young,DK Ferns,0,0,,,,,,"",""
ball,2,2.1,Central Stags,WA Young,CG Heaphy,BG Lister,4,0,,,,,,"",""
ball,2,2.2,Central Stags,WA Young,CG Heaphy,BG Lister,0,0,,,,,,"",""
ball,2,2.3,Central Stags,WA Young,CG Heaphy,BG Lister,0,0,,,,,,"",""
ball,2,2.4,Central Stags,WA Young,CG Heaphy,BG Lister,0,0,,,,,,"",""
ball,2,2.5,Central Stags,WA Young,CG Heaphy,BG Lister,0,0,,,,,,"",""
ball,2,2.6,Central Stags,WA Young,CG Heaphy,BG Lister,0,0,,,,,,"",""
ball,2,3.1,Central Stags,CG Heaphy,WA Young,DK Ferns,0,0,,,,,,"",""
ball,2,3.2,Central Stags,CG Heaphy,WA Young,DK Ferns,0,0,,,,,,"",""
ball,2,3.3,Central Stags,CG Heaphy,WA Young,DK Ferns,0,0,,,,,,"",""
ball,2,3.4,Central Stags,CG Heaphy,WA Young,DK Ferns,0,0,,,,,,"",""
ball,2,3.5,Central Stags,CG Heaphy,WA Young,DK Ferns,0,0,,,,,,"",""
ball,2,3.6,Central Stags,CG Heaphy,WA Young,DK Ferns,0,0,,,,,,"",""
ball,2,4.1,Central Stags,WA Young,CG Heaphy,BG Lister,0,0,,,,,,"",""
ball,2,4.2,Central Stags,WA Young,CG Heaphy,BG Lister,0,0,,,,,,"",""
ball,2,4.3,Central Stags,WA Young,CG Heaphy,BG Lister,1,0,,,,,,"",""
ball,2,4.4,Central Stags,CG Heaphy,WA Young,BG Lister,0,0,,,,,,"",""
ball,2,4.5,Central Stags,CG Heaphy,WA Young,BG Lister,0,0,,,,,,"",""
ball,2,4.6,Central Stags,CG Heaphy,WA Young,BG Lister,0,0,,,,,,"",""
ball,2,5.1,Central Stags,WA Young,CG Heaphy,DK Ferns,0,0,,,,,,"",""
ball,2,5.2,Central Stags,WA Young,CG Heaphy,DK Ferns,0,0,,,,,,"",""
ball,2,5.3,Central Stags,WA Young,CG Heaphy,DK Ferns,0,0,,,,,,"",""
ball,2,5.4,Central Stags,WA Young,CG Heaphy,DK Ferns,0,0,,,,,,"",""
ball,2,5.5,Central Stags,WA Young,CG Heaphy,DK Ferns,0,0,,,,,,"",""
ball,2,5.6,Central Stags,WA Young,CG Heaphy,DK Ferns,0,0,,,,,,"",""
ball,2,6.1,Central Stags,CG Heaphy,WA Young,BG Lister,0,0,,,,,,"",""
ball,2,6.2,Central Stags,CG Heaphy,WA Young,BG Lister,0,0,,,,,,"",""
ball,2,6.3,Central Stags,CG Heaphy,WA Young,BG Lister,0,0,,,,,,"",""
ball,2,6.4,Central Stags,CG Heaphy,WA Young,BG Lister,0,0,,,,,,"",""
ball,2,6.5,Central Stags,CG Heaphy,WA Young,BG Lister,0,0,,,,,,"",""
ball,2,6.6,Central Stags,CG Heaphy,WA Young,BG Lister,1,0,,,,,,"",""
ball,2,7.1,Central Stags,CG Heaphy,WA Young,DK Ferns,0,0,,,,,,"",""
ball,2,7.2,Central Stags,CG Heaphy,WA Young,DK Ferns,0,0,,,,,,"",""
ball,2,7.3,Central Stags,CG Heaphy,WA Young,DK Ferns,0,0,,,,,,"",""
ball,2,7.4,Central Stags,CG Heaphy,WA Young,DK Ferns,0,0,,,,,,"",""
ball,2,7.5,Central Stags,CG Heaphy,WA Young,DK Ferns,4,0,,,,,,"",""
ball,2,7.6,Central Stags,CG Heaphy,WA Young,DK Ferns,0,0,,,,,,"",""
ball,2,8.1,Central Stags,WA Young,CG Heaphy,BG Lister,0,0,,,,,,"",""
ball,2,8.2,Central Stags,WA Young,CG Heaphy,BG Lister,0,0,,,,,,"",""
ball,2,8.3,Central Stags,WA Young,CG Heaphy,BG Lister,1,0,,,,,,"",""
ball,2,8.4,Central Stags,CG Heaphy,WA Young,BG Lister,0,1,,,,1,,"",""
ball,2,8.5,Central Stags,WA Young,CG Heaphy,BG Lister,0,0,,,,,,"",""
ball,2,8.6,Central Stags,WA Young,CG Heaphy,BG Lister,2,0,,,,,,"",""
ball,2,9.1,Central Stags,CG Heaphy,WA Young,DK Ferns,0,0,,,,,,"",""
ball,2,9.2,Central Stags,CG Heaphy,WA Young,DK Ferns,0,0,,,,,,"",""
ball,2,9.3,Central Stags,CG Heaphy,WA Young,DK Ferns,0,0,,,,,,"",""
ball,2,9.4,Central Stags,CG Heaphy,WA Young,DK Ferns,0,0,,,,,,"",""
ball,2,9.5,Central Stags,CG Heaphy,WA Young,DK Ferns,0,0,,,,,,"",""
ball,2,9.6,Central Stags,CG Heaphy,WA Young,DK Ferns,0,0,,,,,,"",""
ball,2,10.1,Central Stags,WA Young,CG Heaphy,J Sussex,0,0,,,,,,"",""
ball,2,10.2,Central Stags,WA Young,CG Heaphy,J Sussex,4,0,,,,,,"",""
ball,2,10.3,Central Stags,WA Young,CG Heaphy,J Sussex,0,0,,,,,,"",""
ball,2,10.4,Central Stags,WA Young,CG Heaphy,J Sussex,1,0,,,,,,"",""
ball,2,10.5,Central Stags,CG Heaphy,WA Young,J Sussex,0,0,,,,,,"",""
ball,2,10.6,Central Stags,CG Heaphy,WA Young,J Sussex,0,0,,,,,,"",""
ball,2,11.1,Central Stags,WA Young,CG Heaphy,DK Ferns,0,0,,,,,,bowled,WA Young
ball,2,11.2,Central Stags,GR Hay,CG Heaphy,DK Ferns,0,0,,,,,,"",""
ball,2,11.3,Central Stags,GR Hay,CG Heaphy,DK Ferns,0,0,,,,,,"",""
ball,2,11.4,Central Stags,GR Hay,CG Heaphy,DK Ferns,0,0,,,,,,"",""
ball,2,11.5,Central Stags,GR Hay,CG Heaphy,DK Ferns,1,0,,,,,,"",""
ball,2,11.6,Central Stags,CG Heaphy,GR Hay,DK Ferns,0,0,,,,,,"",""
ball,2,12.1,Central Stags,GR Hay,CG Heaphy,J Sussex,0,0,,,,,,"",""
ball,2,12.2,Central Stags,GR Hay,CG Heaphy,J Sussex,0,0,,,,,,"",""
ball,2,12.3,Central Stags,GR Hay,CG Heaphy,J Sussex,0,0,,,,,,"",""
ball,2,12.4,Central Stags,GR Hay,CG Heaphy,J Sussex,0,0,,,,,,"",""
ball,2,12.5,Central Stags,GR Hay,CG Heaphy,J Sussex,4,0,,,,,,"",""
ball,2,12.6,Central Stags,GR Hay,CG Heaphy,J Sussex,1,0,,,,,,"",""
ball,2,13.1,Central Stags,GR Hay,CG Heaphy,DK Ferns,0,0,,,,,,"",""
ball,2,13.2,Central Stags,GR Hay,CG Heaphy,DK Ferns,0,0,,,,,,"",""
ball,2,13.3,Central Stags,GR Hay,CG Heaphy,DK Ferns,0,0,,,,,,"",""
ball,2,13.4,Central Stags,GR Hay,CG Heaphy,DK Ferns,4,0,,,,,,"",""
ball,2,13.5,Central Stags,GR Hay,CG Heaphy,DK Ferns,0,0,,,,,,"",""
ball,2,13.6,Central Stags,GR Hay,CG Heaphy,DK Ferns,0,0,,,,,,"",""
ball,2,14.1,Central Stags,CG Heaphy,GR Hay,J Sussex,0,0,,,,,,"",""
ball,2,14.2,Central Stags,CG Heaphy,GR Hay,J Sussex,0,0,,,,,,"",""
ball,2,14.3,Central Stags,CG Heaphy,GR Hay,J Sussex,0,0,,,,,,"",""
ball,2,14.4,Central Stags,CG Heaphy,GR Hay,J Sussex,1,0,,,,,,"",""
ball,2,14.5,Central Stags,GR Hay,CG Heaphy,J Sussex,4,0,,,,,,"",""
ball,2,14.6,Central Stags,GR Hay,CG Heaphy,J Sussex,0,0,,,,,,"",""
ball,2,15.1,Central Stags,CG Heaphy,GR Hay,DK Ferns,0,0,,,,,,"",""
ball,2,15.2,Central Stags,CG Heaphy,GR Hay,DK Ferns,0,0,,,,,,"",""
ball,2,15.3,Central Stags,CG Heaphy,GR Hay,DK Ferns,0,0,,,,,,"",""
ball,2,15.4,Central Stags,CG Heaphy,GR Hay,DK Ferns,4,0,,,,,,"",""
ball,2,15.5,Central Stags,CG Heaphy,GR Hay,DK Ferns,1,0,,,,,,"",""
ball,2,15.6,Central Stags,GR Hay,CG Heaphy,DK Ferns,0,0,,,,,,"",""
ball,2,16.1,Central Stags,CG Heaphy,GR Hay,J Sussex,0,0,,,,,,"",""
ball,2,16.2,Central Stags,CG Heaphy,GR Hay,J Sussex,0,0,,,,,,"",""
ball,2,16.3,Central Stags,CG Heaphy,GR Hay,J Sussex,4,0,,,,,,"",""
ball,2,16.4,Central Stags,CG Heaphy,GR Hay,J Sussex,3,0,,,,,,"",""
ball,2,16.5,Central Stags,GR Hay,CG Heaphy,J Sussex,4,0,,,,,,"",""
ball,2,16.6,Central Stags,GR Hay,CG Heaphy,J Sussex,0,0,,,,,,"",""
ball,2,17.1,Central Stags,CG Heaphy,GR Hay,L Delport,0,0,,,,,,"",""
ball,2,17.2,Central Stags,CG Heaphy,GR Hay,L Delport,0,0,,,,,,"",""
ball,2,17.3,Central Stags,CG Heaphy,GR Hay,L Delport,1,0,,,,,,"",""
ball,2,17.4,Central Stags,GR Hay,CG Heaphy,L Delport,0,0,,,,,,"",""
ball,2,17.5,Central Stags,GR Hay,CG Heaphy,L Delport,0,0,,,,,,"",""
ball,2,17.6,Central Stags,GR Hay,CG Heaphy,L Delport,0,0,,,,,,"",""
ball,2,18.1,Central Stags,CG Heaphy,GR Hay,J McKenzie,0,0,,,,,,"",""
ball,2,18.2,Central Stags,CG Heaphy,GR Hay,J McKenzie,0,0,,,,,,"",""
ball,2,18.3,Central Stags,CG Heaphy,GR Hay,J McKenzie,0,0,,,,,,"",""
ball,2,18.4,Central Stags,CG Heaphy,GR Hay,J McKenzie,0,1,,,,1,,"",""
ball,2,18.5,Central Stags,GR Hay,CG Heaphy,J McKenzie,0,0,,,,,,"",""
ball,2,18.6,Central Stags,GR Hay,CG Heaphy,J McKenzie,0,0,,,,,,"",""
ball,2,19.1,Central Stags,CG Heaphy,GR Hay,L Delport,0,0,,,,,,"",""
ball,2,19.2,Central Stags,CG Heaphy,GR Hay,L Delport,0,0,,,,,,"",""
ball,2,19.3,Central Stags,CG Heaphy,GR Hay,L Delport,0,0,,,,,,"",""
ball,2,19.4,Central Stags,CG Heaphy,GR Hay,L Delport,4,0,,,,,,"",""
ball,2,19.5,Central Stags,CG Heaphy,GR Hay,L Delport,0,0,,,,,,"",""
ball,2,19.6,Central Stags,CG Heaphy,GR Hay,L Delport,0,0,,,,,,"",""
ball,2,20.1,Central Stags,GR Hay,CG Heaphy,J McKenzie,1,0,,,,,,"",""
ball,2,20.2,Central Stags,CG Heaphy,GR Hay,J McKenzie,0,0,,,,,,"",""
ball,2,20.3,Central Stags,CG Heaphy,GR Hay,J McKenzie,0,0,,,,,,"",""
ball,2,20.4,Central Stags,CG Heaphy,GR Hay,J McKenzie,1,0,,,,,,"",""
ball,2,20.5,Central Stags,GR Hay,CG Heaphy,J McKenzie,4,0,,,,,,"",""
ball,2,20.6,Central Stags,GR Hay,CG Heaphy,J McKenzie,0,0,,,,,,"",""
ball,2,21.1,Central Stags,CG Heaphy,GR Hay,L Delport,0,0,,,,,,"",""
ball,2,21.2,Central Stags,CG Heaphy,GR Hay,L Delport,0,0,,,,,,"",""
ball,2,21.3,Central Stags,CG Heaphy,GR Hay,L Delport,0,0,,,,,,"",""
ball,2,21.4,Central Stags,CG Heaphy,GR Hay,L Delport,0,0,,,,,,"",""
ball,2,21.5,Central Stags,CG Heaphy,GR Hay,L Delport,0,0,,,,,,"",""
ball,2,21.6,Central Stags,CG Heaphy,GR Hay,L Delport,0,0,,,,,,"",""
ball,2,22.1,Central Stags,GR Hay,CG Heaphy,J McKenzie,0,0,,,,,,"",""
ball,2,22.2,Central Stags,GR Hay,CG Heaphy,J McKenzie,1,0,,,,,,"",""
ball,2,22.3,Central Stags,CG Heaphy,GR Hay,J McKenzie,0,0,,,,,,"",""
ball,2,22.4,Central Stags,CG Heaphy,GR Hay,J McKenzie,0,0,,,,,,"",""
ball,2,22.5,Central Stags,CG Heaphy,GR Hay,J McKenzie,0,0,,,,,,"",""
ball,2,22.6,Central Stags,CG Heaphy,GR Hay,J McKenzie,0,0,,,,,,"",""
ball,2,23.1,Central Stags,GR Hay,CG Heaphy,L Delport,4,0,,,,,,"",""
ball,2,23.2,Central Stags,GR Hay,CG Heaphy,L Delport,0,0,,,,,,"",""
ball,2,23.3,Central Stags,GR Hay,CG Heaphy,L Delport,0,0,,,,,,"",""
ball,2,23.4,Central Stags,GR Hay,CG Heaphy,L Delport,1,0,,,,,,"",""
ball,2,23.5,Central Stags,CG Heaphy,GR Hay,L Delport,0,0,,,,,,"",""
ball,2,23.6,Central Stags,CG Heaphy,GR Hay,L Delport,0,0,,,,,,"",""
ball,2,24.1,Central Stags,GR Hay,CG Heaphy,J McKenzie,4,0,,,,,,"",""
ball,2,24.2,Central Stags,GR Hay,CG Heaphy,J McKenzie,0,0,,,,,,"",""
ball,2,24.3,Central Stags,GR Hay,CG Heaphy,J McKenzie,0,0,,,,,,"",""
ball,2,24.4,Central Stags,GR Hay,CG Heaphy,J McKenzie,0,0,,,,,,"",""
ball,2,24.5,Central Stags,GR Hay,CG Heaphy,J McKenzie,0,0,,,,,,"",""
ball,2,24.6,Central Stags,GR Hay,CG Heaphy,J McKenzie,0,0,,,,,,"",""
ball,2,25.1,Central Stags,CG Heaphy,GR Hay,L Delport,0,0,,,,,,stumped,CG Heaphy
ball,2,25.2,Central Stags,BD Schmulian,GR Hay,L Delport,0,0,,,,,,"",""
ball,2,25.3,Central Stags,BD Schmulian,GR Hay,L Delport,0,0,,,,,,"",""
ball,2,25.4,Central Stags,BD Schmulian,GR Hay,L Delport,1,0,,,,,,"",""
ball,2,25.5,Central Stags,GR Hay,BD Schmulian,L Delport,0,0,,,,,,"",""
ball,2,25.6,Central Stags,GR Hay,BD Schmulian,L Delport,0,0,,,,,,"",""
ball,2,26.1,Central Stags,BD Schmulian,GR Hay,BG Lister,0,0,,,,,,"",""
ball,2,26.2,Central Stags,BD Schmulian,GR Hay,BG Lister,0,0,,,,,,"",""
ball,2,26.3,Central Stags,BD Schmulian,GR Hay,BG Lister,0,0,,,,,,"",""
ball,2,26.4,Central Stags,BD Schmulian,GR Hay,BG Lister,0,0,,,,,,"",""
ball,2,26.5,Central Stags,BD Schmulian,GR Hay,BG Lister,0,0,,,,,,"",""
ball,2,26.6,Central Stags,BD Schmulian,GR Hay,BG Lister,0,0,,,,,,"",""
ball,2,27.1,Central Stags,GR Hay,BD Schmulian,L Delport,4,0,,,,,,"",""
ball,2,27.2,Central Stags,GR Hay,BD Schmulian,L Delport,0,0,,,,,,"",""
ball,2,27.3,Central Stags,GR Hay,BD Schmulian,L Delport,0,0,,,,,,"",""
ball,2,27.4,Central Stags,GR Hay,BD Schmulian,L Delport,0,0,,,,,,"",""
ball,2,27.5,Central Stags,GR Hay,BD Schmulian,L Delport,0,0,,,,,,"",""
ball,2,27.6,Central Stags,GR Hay,BD Schmulian,L Delport,0,0,,,,,,"",""
ball,2,28.1,Central Stags,BD Schmulian,GR Hay,BG Lister,0,0,,,,,,"",""
ball,2,28.2,Central Stags,BD Schmulian,GR Hay,BG Lister,0,0,,,,,,"",""
ball,2,28.3,Central Stags,BD Schmulian,GR Hay,BG Lister,0,0,,,,,,"",""
ball,2,28.4,Central Stags,BD Schmulian,GR Hay,BG Lister,0,0,,,,,,"",""
ball,2,28.5,Central Stags,BD Schmulian,GR Hay,BG Lister,1,0,,,,,,"",""
ball,2,28.6,Central Stags,GR Hay,BD Schmulian,BG Lister,0,0,,,,,,"",""
ball,2,29.1,Central Stags,BD Schmulian,GR Hay,L Delport,0,0,,,,,,"",""
ball,2,29.2,Central Stags,BD Schmulian,GR Hay,L Delport,0,0,,,,,,"",""
ball,2,29.3,Central Stags,BD Schmulian,GR Hay,L Delport,4,0,,,,,,"",""
ball,2,29.4,Central Stags,BD Schmulian,GR Hay,L Delport,0,0,,,,,,"",""
ball,2,29.5,Central Stags,BD Schmulian,GR Hay,L Delport,0,0,,,,,,"",""
ball,2,29.6,Central Stags,BD Schmulian,GR Hay,L Delport,2,0,,,,,,"",""
ball,2,30.1,Central Stags,GR Hay,BD Schmulian,BG Lister,0,0,,,,,,"",""
ball,2,30.2,Central Stags,GR Hay,BD Schmulian,BG Lister,0,0,,,,,,"",""
ball,2,30.3,Central Stags,GR Hay,BD Schmulian,BG Lister,0,0,,,,,,"",""
ball,2,30.4,Central Stags,GR Hay,BD Schmulian,BG Lister,0,0,,,,,,"",""
ball,2,30.5,Central Stags,GR Hay,BD Schmulian,BG Lister,0,0,,,,,,"",""
ball,2,30.6,Central Stags,GR Hay,BD Schmulian,BG Lister,1,0,,,,,,"",""
ball,2,31.1,Central Stags,GR Hay,BD Schmulian,L Delport,1,0,,,,,,"",""
ball,2,31.2,Central Stags,BD Schmulian,GR Hay,L Delport,0,0,,,,,,caught,BD Schmulian
ball,2,31.3,Central Stags,TC Bruce,GR Hay,L Delport,0,0,,,,,,"",""
ball,2,31.4,Central Stags,TC Bruce,GR Hay,L Delport,2,0,,,,,,"",""
ball,2,31.5,Central Stags,TC Bruce,GR Hay,L Delport,0,0,,,,,,"",""
ball,2,31.6,Central Stags,TC Bruce,GR Hay,L Delport,0,0,,,,,,"",""
ball,2,32.1,Central Stags,GR Hay,TC Bruce,BG Lister,0,0,,,,,,"",""
ball,2,32.2,Central Stags,GR Hay,TC Bruce,BG Lister,0,0,,,,,,"",""
ball,2,32.3,Central Stags,GR Hay,TC Bruce,BG Lister,1,0,,,,,,"",""
ball,2,32.4,Central Stags,TC Bruce,GR Hay,BG Lister,1,0,,,,,,"",""
ball,2,32.5,Central Stags,GR Hay,TC Bruce,BG Lister,0,0,,,,,,"",""
ball,2,32.6,Central Stags,GR Hay,TC Bruce,BG Lister,0,0,,,,,,"",""
ball,2,33.1,Central Stags,TC Bruce,GR Hay,DK Ferns,0,0,,,,,,"",""
ball,2,33.2,Central Stags,TC Bruce,GR Hay,DK Ferns,4,0,,,,,,"",""
ball,2,33.3,Central Stags,TC Bruce,GR Hay,DK Ferns,0,0,,,,,,"",""
ball,2,33.4,Central Stags,TC Bruce,GR Hay,DK Ferns,4,0,,,,,,"",""
ball,2,33.5,Central Stags,TC Bruce,GR Hay,DK Ferns,0,0,,,,,,"",""
ball,2,33.6,Central Stags,TC Bruce,GR Hay,DK Ferns,0,0,,,,,,"",""
ball,2,34.1,Central Stags,GR Hay,TC Bruce,SM Solia,0,0,,,,,,"",""
ball,2,34.2,Central Stags,GR Hay,TC Bruce,SM Solia,2,0,,,,,,"",""
ball,2,34.3,Central Stags,GR Hay,TC Bruce,SM Solia,0,0,,,,,,"",""
ball,2,34.4,Central Stags,GR Hay,TC Bruce,SM Solia,0,0,,,,,,"",""
ball,2,34.5,Central Stags,GR Hay,TC Bruce,SM Solia,0,0,,,,,,"",""
ball,2,34.6,Central Stags,GR Hay,TC Bruce,SM Solia,0,0,,,,,,"",""
ball,2,35.1,Central Stags,TC Bruce,GR Hay,DK Ferns,0,0,,,,,,"",""
ball,2,35.2,Central Stags,TC Bruce,GR Hay,DK Ferns,0,0,,,,,,"",""
ball,2,35.3,Central Stags,TC Bruce,GR Hay,DK Ferns,3,0,,,,,,"",""
ball,2,35.4,Central Stags,GR Hay,TC Bruce,DK Ferns,0,0,,,,,,"",""
ball,2,35.5,Central Stags,GR Hay,TC Bruce,DK Ferns,0,0,,,,,,"",""
ball,2,35.6,Central Stags,GR Hay,TC Bruce,DK Ferns,0,0,,,,,,"",""
ball,2,36.1,Central Stags,TC Bruce,GR Hay,SM Solia,0,0,,,,,,"",""
ball,2,36.2,Central Stags,TC Bruce,GR Hay,SM Solia,1,0,,,,,,"",""
ball,2,36.3,Central Stags,GR Hay,TC Bruce,SM Solia,0,0,,,,,,"",""
ball,2,36.4,Central Stags,GR Hay,TC Bruce,SM Solia,0,0,,,,,,"",""
ball,2,36.5,Central Stags,GR Hay,TC Bruce,SM Solia,0,0,,,,,,"",""
ball,2,36.6,Central Stags,GR Hay,TC Bruce,SM Solia,0,0,,,,,,"",""
ball,2,37.1,Central Stags,TC Bruce,GR Hay,DK Ferns,0,0,,,,,,"",""
ball,2,37.2,Central Stags,TC Bruce,GR Hay,DK Ferns,4,0,,,,,,"",""
ball,2,37.3,Central Stags,TC Bruce,GR Hay,DK Ferns,1,0,,,,,,"",""
ball,2,37.4,Central Stags,GR Hay,TC Bruce,DK Ferns,4,0,,,,,,"",""
ball,2,37.5,Central Stags,GR Hay,TC Bruce,DK Ferns,0,0,,,,,,"",""
ball,2,37.6,Central Stags,GR Hay,TC Bruce,DK Ferns,4,0,,,,,,"",""
ball,2,38.1,Central Stags,TC Bruce,GR Hay,SM Solia,0,0,,,,,,"",""
ball,2,38.2,Central Stags,TC Bruce,GR Hay,SM Solia,0,0,,,,,,"",""
ball,2,38.3,Central Stags,TC Bruce,GR Hay,SM Solia,0,0,,,,,,"",""
ball,2,38.4,Central Stags,TC Bruce,GR Hay,SM Solia,0,0,,,,,,"",""
ball,2,38.5,Central Stags,TC Bruce,GR Hay,SM Solia,0,0,,,,,,"",""
ball,2,38.6,Central Stags,TC Bruce,GR Hay,SM Solia,0,0,,,,,,"",""
ball,2,39.1,Central Stags,GR Hay,TC Bruce,L Delport,4,0,,,,,,"",""
ball,2,39.2,Central Stags,GR Hay,TC Bruce,L Delport,0,0,,,,,,"",""
ball,2,39.3,Central Stags,GR Hay,TC Bruce,L Delport,0,0,,,,,,"",""
ball,2,39.4,Central Stags,GR Hay,TC Bruce,L Delport,1,0,,,,,,"",""
ball,2,39.5,Central Stags,TC Bruce,GR Hay,L Delport,0,0,,,,,,"",""
ball,2,39.6,Central Stags,TC Bruce,GR Hay,L Delport,0,0,,,,,,"",""
ball,2,40.1,Central Stags,GR Hay,TC Bruce,SM Solia,1,0,,,,,,"",""
ball,2,40.2,Central Stags,TC Bruce,GR Hay,SM Solia,1,0,,,,,,"",""
ball,2,40.3,Central Stags,GR Hay,TC Bruce,SM Solia,4,0,,,,,,"",""
ball,2,40.4,Central Stags,GR Hay,TC Bruce,SM Solia,0,0,,,,,,"",""
ball,2,40.5,Central Stags,GR Hay,TC Bruce,SM Solia,0,0,,,,,,"",""
ball,2,40.6,Central Stags,GR Hay,TC Bruce,SM Solia,0,0,,,,,,"",""
ball,2,41.1,Central Stags,TC Bruce,GR Hay,L Delport,3,0,,,,,,"",""
ball,2,41.2,Central Stags,GR Hay,TC Bruce,L Delport,0,0,,,,,,"",""
ball,2,41.3,Central Stags,GR Hay,TC Bruce,L Delport,0,0,,,,,,"",""
ball,2,41.4,Central Stags,GR Hay,TC Bruce,L Delport,0,0,,,,,,"",""
ball,2,41.5,Central Stags,GR Hay,TC Bruce,L Delport,0,0,,,,,,"",""
ball,2,41.6,Central Stags,GR Hay,TC Bruce,L Delport,0,0,,,,,,"",""
ball,2,42.1,Central Stags,TC Bruce,GR Hay,SM Solia,0,0,,,,,,"",""
ball,2,42.2,Central Stags,TC Bruce,GR Hay,SM Solia,0,0,,,,,,"",""
ball,2,42.3,Central Stags,TC Bruce,GR Hay,SM Solia,0,0,,,,,,"",""
ball,2,42.4,Central Stags,TC Bruce,GR Hay,SM Solia,0,0,,,,,,"",""
ball,2,42.5,Central Stags,TC Bruce,GR Hay,SM Solia,4,0,,,,,,"",""
ball,2,42.6,Central Stags,TC Bruce,GR Hay,SM Solia,0,0,,,,,,"",""
ball,2,43.1,Central Stags,GR Hay,TC Bruce,L Delport,0,0,,,,,,"",""
ball,2,43.2,Central Stags,GR Hay,TC Bruce,L Delport,1,0,,,,,,"",""
ball,2,43.3,Central Stags,TC Bruce,GR Hay,L Delport,1,0,,,,,,"",""
ball,2,43.4,Central Stags,GR Hay,TC Bruce,L Delport,0,0,,,,,,"",""
ball,2,43.5,Central Stags,GR Hay,TC Bruce,L Delport,0,0,,,,,,"",""
ball,2,43.6,Central Stags,GR Hay,TC Bruce,L Delport,1,0,,,,,,"",""
ball,2,44.1,Central Stags,GR Hay,TC Bruce,J McKenzie,0,0,,,,,,"",""
ball,2,44.2,Central Stags,GR Hay,TC Bruce,J McKenzie,0,0,,,,,,"",""
ball,2,44.3,Central Stags,GR Hay,TC Bruce,J McKenzie,0,0,,,,,,"",""
ball,2,44.4,Central Stags,GR Hay,TC Bruce,J McKenzie,0,0,,,,,,"",""
ball,2,44.5,Central Stags,GR Hay,TC Bruce,J McKenzie,1,0,,,,,,"",""
ball,2,44.6,Central Stags,TC Bruce,GR Hay,J McKenzie,0,0,,,,,,"",""
ball,2,45.1,Central Stags,GR Hay,TC Bruce,L Delport,0,0,,,,,,"",""
ball,2,45.2,Central Stags,GR Hay,TC Bruce,L Delport,0,0,,,,,,"",""
ball,2,45.3,Central Stags,GR Hay,TC Bruce,L Delport,0,0,,,,,,"",""
ball,2,45.4,Central Stags,GR Hay,TC Bruce,L Delport,0,0,,,,,,"",""
ball,2,45.5,Central Stags,GR Hay,TC Bruce,L Delport,0,0,,,,,,"",""
ball,2,45.6,Central Stags,GR Hay,TC Bruce,L Delport,0,0,,,,,,"",""
ball,2,46.1,Central Stags,TC Bruce,GR Hay,J McKenzie,0,0,,,,,,"",""
ball,2,46.2,Central Stags,TC Bruce,GR Hay,J McKenzie,1,0,,,,,,"",""
ball,2,46.3,Central Stags,GR Hay,TC Bruce,J McKenzie,4,0,,,,,,"",""
ball,2,46.4,Central Stags,GR Hay,TC Bruce,J McKenzie,1,0,,,,,,"",""
ball,2,46.5,Central Stags,TC Bruce,GR Hay,J McKenzie,0,0,,,,,,"",""
ball,2,46.6,Central Stags,TC Bruce,GR Hay,J McKenzie,1,0,,,,,,"",""
ball,2,47.1,Central Stags,TC Bruce,GR Hay,L Delport,1,0,,,,,,"",""
ball,2,47.2,Central Stags,GR Hay,TC Bruce,L Delport,0,0,,,,,,"",""
ball,2,47.3,Central Stags,GR Hay,TC Bruce,L Delport,1,0,,,,,,"",""
ball,2,47.4,Central Stags,TC Bruce,GR Hay,L Delport,0,0,,,,,,"",""
ball,2,47.5,Central Stags,TC Bruce,GR Hay,L Delport,0,0,,,,,,"",""
ball,2,47.6,Central Stags,TC Bruce,GR Hay,L Delport,0,0,,,,,,"",""
ball,2,48.1,Central Stags,GR Hay,TC Bruce,J McKenzie,0,0,,,,,,"",""
ball,2,48.2,Central Stags,GR Hay,TC Bruce,J McKenzie,1,0,,,,,,"",""
ball,2,48.3,Central Stags,TC Bruce,GR Hay,J McKenzie,0,0,,,,,,"",""
ball,2,48.4,Central Stags,TC Bruce,GR Hay,J McKenzie,0,0,,,,,,"",""
ball,2,48.5,Central Stags,TC Bruce,GR Hay,J McKenzie,0,0,,,,,,"",""
ball,2,48.6,Central Stags,TC Bruce,GR Hay,J McKenzie,0,0,,,,,,"",""
ball,2,49.1,Central Stags,GR Hay,TC Bruce,L Delport,1,0,,,,,,"",""
ball,2,49.2,Central Stags,TC Bruce,GR Hay,L Delport,0,0,,,,,,"",""
ball,2,49.3,Central Stags,TC Bruce,GR Hay,L Delport,0,0,,,,,,"",""
ball,2,49.4,Central Stags,TC Bruce,GR Hay,L Delport,0,0,,,,,,"",""
ball,2,49.5,Central Stags,TC Bruce,GR Hay,L Delport,0,0,,,,,,"",""
ball,2,49.6,Central Stags,TC Bruce,GR Hay,L Delport,6,0,,,,,,"",""
ball,2,50.1,Central Stags,GR Hay,TC Bruce,J McKenzie,0,0,,,,,,"",""
ball,2,50.2,Central Stags,GR Hay,TC Bruce,J McKenzie,0,0,,,,,,"",""
ball,2,50.3,Central Stags,GR Hay,TC Bruce,J McKenzie,0,1,1,,,,,"",""
ball,2,50.4,Central Stags,GR Hay,TC Bruce,J McKenzie,2,0,,,,,,"",""
ball,2,50.5,Central Stags,GR Hay,TC Bruce,J McKenzie,0,0,,,,,,"",""
ball,2,50.6,Central Stags,GR Hay,TC Bruce,J McKenzie,1,0,,,,,,"",""
ball,2,50.7,Central Stags,TC Bruce,GR Hay,J McKenzie,0,0,,,,,,"",""
ball,2,51.1,Central Stags,GR Hay,TC Bruce,J Sussex,0,0,,,,,,"",""
ball,2,51.2,Central Stags,GR Hay,TC Bruce,J Sussex,0,0,,,,,,"",""
ball,2,51.3,Central Stags,GR Hay,TC Bruce,J Sussex,0,0,,,,,,"",""
ball,2,51.4,Central Stags,GR Hay,TC Bruce,J Sussex,0,0,,,,,,"",""
ball,2,51.5,Central Stags,GR Hay,TC Bruce,J Sussex,2,0,,,,,,"",""
ball,2,51.6,Central Stags,GR Hay,TC Bruce,J Sussex,0,0,,,,,,"",""
ball,2,52.1,Central Stags,TC Bruce,GR Hay,L Delport,1,0,,,,,,"",""
ball,2,52.2,Central Stags,GR Hay,TC Bruce,L Delport,0,0,,,,,,"",""
ball,2,52.3,Central Stags,GR Hay,TC Bruce,L Delport,0,0,,,,,,"",""
ball,2,52.4,Central Stags,GR Hay,TC Bruce,L Delport,1,0,,,,,,"",""
ball,2,52.5,Central Stags,TC Bruce,GR Hay,L Delport,0,0,,,,,,"",""
ball,2,52.6,Central Stags,TC Bruce,GR Hay,L Delport,2,0,,,,,,"",""
ball,2,53.1,Central Stags,GR Hay,TC Bruce,J Sussex,1,0,,,,,,"",""
ball,2,53.2,Central Stags,TC Bruce,GR Hay,J Sussex,0,0,,,,,,"",""
ball,2,53.3,Central Stags,TC Bruce,GR Hay,J Sussex,4,0,,,,,,"",""
ball,2,53.4,Central Stags,TC Bruce,GR Hay,J Sussex,0,0,,,,,,"",""
ball,2,53.5,Central Stags,TC Bruce,GR Hay,J Sussex,0,0,,,,,,"",""
ball,2,53.6,Central Stags,TC Bruce,GR Hay,J Sussex,0,0,,,,,,"",""
ball,2,54.1,Central Stags,GR Hay,TC Bruce,L Delport,0,0,,,,,,"",""
ball,2,54.2,Central Stags,GR Hay,TC Bruce,L Delport,0,0,,,,,,"",""
ball,2,54.3,Central Stags,GR Hay,TC Bruce,L Delport,0,0,,,,,,"",""
ball,2,54.4,Central Stags,GR Hay,TC Bruce,L Delport,0,0,,,,,,"",""
ball,2,54.5,Central Stags,GR Hay,TC Bruce,L Delport,0,0,,,,,,"",""
ball,2,54.6,Central Stags,GR Hay,TC Bruce,L Delport,0,0,,,,,,"",""
ball,2,55.1,Central Stags,TC Bruce,GR Hay,J Sussex,0,0,,,,,,"",""
ball,2,55.2,Central Stags,TC Bruce,GR Hay,J Sussex,1,0,,,,,,"",""
ball,2,55.3,Central Stags,GR Hay,TC Bruce,J Sussex,0,0,,,,,,"",""
ball,2,55.4,Central Stags,GR Hay,TC Bruce,J Sussex,0,0,,,,,,"",""
ball,2,55.5,Central Stags,GR Hay,TC Bruce,J Sussex,0,0,,,,,,"",""
ball,2,55.6,Central Stags,GR Hay,TC Bruce,J Sussex,0,0,,,,,,"",""
ball,2,56.1,Central Stags,TC Bruce,GR Hay,L Delport,0,0,,,,,,"",""
ball,2,56.2,Central Stags,TC Bruce,GR Hay,L Delport,0,0,,,,,,"",""
ball,2,56.3,Central Stags,TC Bruce,GR Hay,L Delport,4,0,,,,,,"",""
ball,2,56.4,Central Stags,TC Bruce,GR Hay,L Delport,1,0,,,,,,"",""
ball,2,56.5,Central Stags,GR Hay,TC Bruce,L Delport,1,0,,,,,,"",""
ball,2,56.6,Central Stags,TC Bruce,GR Hay,L Delport,0,0,,,,,,"",""
ball,2,57.1,Central Stags,GR Hay,TC Bruce,J Sussex,0,0,,,,,,"",""
ball,2,57.2,Central Stags,GR Hay,TC Bruce,J Sussex,0,0,,,,,,"",""
ball,2,57.3,Central Stags,GR Hay,TC Bruce,J Sussex,0,0,,,,,,lbw,GR Hay
ball,2,57.4,Central Stags,D Cleaver,TC Bruce,J Sussex,0,1,,1,,,,"",""
ball,2,57.5,Central Stags,D Cleaver,TC Bruce,J Sussex,0,0,,,,,,"",""
ball,2,57.6,Central Stags,D Cleaver,TC Bruce,J Sussex,0,0,,,,,,"",""
ball,2,57.7,Central Stags,D Cleaver,TC Bruce,J Sussex,0,0,,,,,,"",""
ball,2,58.1,Central Stags,TC Bruce,D Cleaver,L Delport,1,0,,,,,,"",""
ball,2,58.2,Central Stags,D Cleaver,TC Bruce,L Delport,0,0,,,,,,"",""
ball,2,58.3,Central Stags,D Cleaver,TC Bruce,L Delport,0,0,,,,,,"",""
ball,2,58.4,Central Stags,D Cleaver,TC Bruce,L Delport,0,0,,,,,,"",""
ball,2,58.5,Central Stags,D Cleaver,TC Bruce,L Delport,0,0,,,,,,"",""
ball,2,58.6,Central Stags,D Cleaver,TC Bruce,L Delport,0,0,,,,,,"",""
ball,2,59.1,Central Stags,TC Bruce,D Cleaver,J Sussex,0,1,,,,1,,"",""
ball,2,59.2,Central Stags,D Cleaver,TC Bruce,J Sussex,0,0,,,,,,"",""
ball,2,59.3,Central Stags,D Cleaver,TC Bruce,J Sussex,0,0,,,,,,"",""
ball,2,59.4,Central Stags,D Cleaver,TC Bruce,J Sussex,0,0,,,,,,"",""
ball,2,59.5,Central Stags,D Cleaver,TC Bruce,J Sussex,0,0,,,,,,"",""
ball,2,59.6,Central Stags,D Cleaver,TC Bruce,J Sussex,0,0,,,,,,"",""
ball,2,60.1,Central Stags,TC Bruce,D Cleaver,L Delport,0,0,,,,,,"",""
ball,2,60.2,Central Stags,TC Bruce,D Cleaver,L Delport,0,0,,,,,,"",""
ball,2,60.3,Central Stags,TC Bruce,D Cleaver,L Delport,0,0,,,,,,"",""
ball,2,60.4,Central Stags,TC Bruce,D Cleaver,L Delport,0,0,,,,,,"",""
ball,2,60.5,Central Stags,TC Bruce,D Cleaver,L Delport,0,0,,,,,,"",""
ball,2,60.6,Central Stags,TC Bruce,D Cleaver,L Delport,1,0,,,,,,"",""
ball,2,61.1,Central Stags,TC Bruce,D Cleaver,BG Lister,0,0,,,,,,"",""
ball,2,61.2,Central Stags,TC Bruce,D Cleaver,BG Lister,2,0,,,,,,"",""
ball,2,61.3,Central Stags,TC Bruce,D Cleaver,BG Lister,0,0,,,,,,"",""
ball,2,61.4,Central Stags,TC Bruce,D Cleaver,BG Lister,0,0,,,,,,"",""
ball,2,61.5,Central Stags,TC Bruce,D Cleaver,BG Lister,0,0,,,,,,"",""
ball,2,61.6,Central Stags,TC Bruce,D Cleaver,BG Lister,0,0,,,,,,"",""
ball,2,62.1,Central Stags,D Cleaver,TC Bruce,L Delport,0,0,,,,,,"",""
ball,2,62.2,Central Stags,D Cleaver,TC Bruce,L Delport,1,0,,,,,,"",""
ball,2,62.3,Central Stags,TC Bruce,D Cleaver,L Delport,1,0,,,,,,"",""
ball,2,62.4,Central Stags,D Cleaver,TC Bruce,L Delport,0,0,,,,,,"",""
ball,2,62.5,Central Stags,D Cleaver,TC Bruce,L Delport,0,0,,,,,,"",""
ball,2,62.6,Central Stags,D Cleaver,TC Bruce,L Delport,0,0,,,,,,"",""
ball,2,63.1,Central Stags,TC Bruce,D Cleaver,BG Lister,2,0,,,,,,"",""
ball,2,63.2,Central Stags,TC Bruce,D Cleaver,BG Lister,0,0,,,,,,"",""
ball,2,63.3,Central Stags,TC Bruce,D Cleaver,BG Lister,1,0,,,,,,"",""
ball,2,63.4,Central Stags,D Cleaver,TC Bruce,BG Lister,1,0,,,,,,"",""
ball,2,63.5,Central Stags,TC Bruce,D Cleaver,BG Lister,0,0,,,,,,"",""
ball,2,63.6,Central Stags,TC Bruce,D Cleaver,BG Lister,1,0,,,,,,"",""
ball,2,64.1,Central Stags,TC Bruce,D Cleaver,L Delport,1,0,,,,,,"",""
ball,2,64.2,Central Stags,D Cleaver,TC Bruce,L Delport,0,0,,,,,,"",""
ball,2,64.3,Central Stags,D Cleaver,TC Bruce,L Delport,4,0,,,,,,"",""
ball,2,64.4,Central Stags,D Cleaver,TC Bruce,L Delport,0,0,,,,,,"",""
ball,2,64.5,Central Stags,D Cleaver,TC Bruce,L Delport,1,0,,,,,,"",""
ball,2,64.6,Central Stags,TC Bruce,D Cleaver,L Delport,0,0,,,,,,"",""
ball,2,65.1,Central Stags,D Cleaver,TC Bruce,BG Lister,0,0,,,,,,"",""
ball,2,65.2,Central Stags,D Cleaver,TC Bruce,BG Lister,0,0,,,,,,"",""
ball,2,65.3,Central Stags,D Cleaver,TC Bruce,BG Lister,0,0,,,,,,"",""
ball,2,65.4,Central Stags,D Cleaver,TC Bruce,BG Lister,0,0,,,,,,"",""
ball,2,65.5,Central Stags,D Cleaver,TC Bruce,BG Lister,0,0,,,,,,"",""
ball,2,65.6,Central Stags,D Cleaver,TC Bruce,BG Lister,0,0,,,,,,"",""
ball,2,66.1,Central Stags,TC Bruce,D Cleaver,L Delport,1,0,,,,,,"",""
ball,2,66.2,Central Stags,D Cleaver,TC Bruce,L Delport,0,0,,,,,,"",""
ball,2,66.3,Central Stags,D Cleaver,TC Bruce,L Delport,0,0,,,,,,"",""
ball,2,66.4,Central Stags,D Cleaver,TC Bruce,L Delport,2,0,,,,,,"",""
ball,2,66.5,Central Stags,D Cleaver,TC Bruce,L Delport,0,0,,,,,,"",""
ball,2,66.6,Central Stags,D Cleaver,TC Bruce,L Delport,0,0,,,,,,"",""
ball,2,67.1,Central Stags,TC Bruce,D Cleaver,J Sussex,0,0,,,,,,"",""
ball,2,67.2,Central Stags,TC Bruce,D Cleaver,J Sussex,0,0,,,,,,"",""
ball,2,67.3,Central Stags,TC Bruce,D Cleaver,J Sussex,0,0,,,,,,"",""
ball,2,67.4,Central Stags,TC Bruce,D Cleaver,J Sussex,1,0,,,,,,"",""
ball,2,67.5,Central Stags,D Cleaver,TC Bruce,J Sussex,0,0,,,,,,"",""
ball,2,67.6,Central Stags,D Cleaver,TC Bruce,J Sussex,0,0,,,,,,"",""
ball,2,68.1,Central Stags,TC Bruce,D Cleaver,L Delport,1,0,,,,,,"",""
ball,2,68.2,Central Stags,D Cleaver,TC Bruce,L Delport,4,0,,,,,,"",""
ball,2,68.3,Central Stags,D Cleaver,TC Bruce,L Delport,6,0,,,,,,"",""
ball,2,68.4,Central Stags,D Cleaver,TC Bruce,L Delport,0,0,,,,,,"",""
ball,2,68.5,Central Stags,D Cleaver,TC Bruce,L Delport,0,0,,,,,,"",""
ball,2,68.6,Central Stags,D Cleaver,TC Bruce,L Delport,0,0,,,,,,"",""
ball,2,69.1,Central Stags,TC Bruce,D Cleaver,J Sussex,0,1,,,,1,,"",""
ball,2,69.2,Central Stags,D Cleaver,TC Bruce,J Sussex,4,0,,,,,,"",""
ball,2,69.3,Central Stags,D Cleaver,TC Bruce,J Sussex,0,0,,,,,,"",""
ball,2,69.4,Central Stags,D Cleaver,TC Bruce,J Sussex,0,0,,,,,,"",""
ball,2,69.5,Central Stags,D Cleaver,TC Bruce,J Sussex,0,0,,,,,,"",""
ball,2,69.6,Central Stags,D Cleaver,TC Bruce,J Sussex,0,0,,,,,,"",""
ball,2,70.1,Central Stags,TC Bruce,D Cleaver,L Delport,0,0,,,,,,"",""
ball,2,70.2,Central Stags,TC Bruce,D Cleaver,L Delport,1,0,,,,,,"",""
ball,2,70.3,Central Stags,D Cleaver,TC Bruce,L Delport,1,0,,,,,,"",""
ball,2,70.4,Central Stags,TC Bruce,D Cleaver,L Delport,0,0,,,,,,"",""
ball,2,70.5,Central Stags,TC Bruce,D Cleaver,L Delport,0,0,,,,,,"",""
ball,2,70.6,Central Stags,TC Bruce,D Cleaver,L Delport,1,0,,,,,,"",""
ball,2,71.1,Central Stags,TC Bruce,D Cleaver,J Sussex,0,0,,,,,,"",""
ball,2,71.2,Central Stags,TC Bruce,D Cleaver,J Sussex,0,0,,,,,,"",""
ball,2,71.3,Central Stags,TC Bruce,D Cleaver,J Sussex,0,0,,,,,,"",""
ball,2,71.4,Central Stags,TC Bruce,D Cleaver,J Sussex,0,0,,,,,,"",""
ball,2,71.5,Central Stags,TC Bruce,D Cleaver,J Sussex,1,0,,,,,,"",""
ball,2,71.6,Central Stags,D Cleaver,TC Bruce,J Sussex,0,0,,,,,,"",""
ball,2,72.1,Central Stags,TC Bruce,D Cleaver,L Delport,0,0,,,,,,"",""
ball,2,72.2,Central Stags,TC Bruce,D Cleaver,L Delport,1,0,,,,,,"",""
ball,2,72.3,Central Stags,D Cleaver,TC Bruce,L Delport,4,0,,,,,,"",""
ball,2,72.4,Central Stags,D Cleaver,TC Bruce,L Delport,1,0,,,,,,"",""
ball,2,72.5,Central Stags,TC Bruce,D Cleaver,L Delport,0,0,,,,,,"",""
ball,2,72.6,Central Stags,TC Bruce,D Cleaver,L Delport,0,0,,,,,,"",""
ball,2,73.1,Central Stags,D Cleaver,TC Bruce,SM Solia,0,0,,,,,,"",""
ball,2,73.2,Central Stags,D Cleaver,TC Bruce,SM Solia,0,0,,,,,,"",""
ball,2,73.3,Central Stags,D Cleaver,TC Bruce,SM Solia,0,0,,,,,,"",""
ball,2,73.4,Central Stags,D Cleaver,TC Bruce,SM Solia,0,0,,,,,,"",""
ball,2,73.5,Central Stags,D Cleaver,TC Bruce,SM Solia,2,0,,,,,,"",""
ball,2,73.6,Central Stags,D Cleaver,TC Bruce,SM Solia,0,0,,,,,,"",""
ball,2,74.1,Central Stags,TC Bruce,D Cleaver,L Delport,0,0,,,,,,"",""
ball,2,74.2,Central Stags,TC Bruce,D Cleaver,L Delport,2,0,,,,,,"",""
ball,2,74.3,Central Stags,TC Bruce,D Cleaver,L Delport,0,0,,,,,,"",""
ball,2,74.4,Central Stags,TC Bruce,D Cleaver,L Delport,1,0,,,,,,"",""
ball,2,74.5,Central Stags,D Cleaver,TC Bruce,L Delport,0,0,,,,,,"",""
ball,2,74.6,Central Stags,D Cleaver,TC Bruce,L Delport,1,0,,,,,,"",""
ball,2,75.1,Central Stags,D Cleaver,TC Bruce,SM Solia,0,0,,,,,,"",""
ball,2,75.2,Central Stags,D Cleaver,TC Bruce,SM Solia,0,0,,,,,,"",""
ball,2,75.3,Central Stags,D Cleaver,TC Bruce,SM Solia,1,0,,,,,,"",""
ball,2,75.4,Central Stags,TC Bruce,D Cleaver,SM Solia,0,0,,,,,,"",""
ball,2,75.5,Central Stags,TC Bruce,D Cleaver,SM Solia,0,0,,,,,,"",""
ball,2,75.6,Central Stags,TC Bruce,D Cleaver,SM Solia,0,0,,,,,,"",""
ball,2,76.1,Central Stags,D Cleaver,TC Bruce,L Delport,0,0,,,,,,"",""
ball,2,76.2,Central Stags,D Cleaver,TC Bruce,L Delport,0,0,,,,,,"",""
ball,2,76.3,Central Stags,D Cleaver,TC Bruce,L Delport,0,0,,,,,,"",""
ball,2,76.4,Central Stags,D Cleaver,TC Bruce,L Delport,1,0,,,,,,"",""
ball,2,76.5,Central Stags,TC Bruce,D Cleaver,L Delport,6,0,,,,,,"",""
ball,2,76.6,Central Stags,TC Bruce,D Cleaver,L Delport,0,0,,,,,,"",""
ball,2,77.1,Central Stags,D Cleaver,TC Bruce,SM Solia,0,0,,,,,,"",""
ball,2,77.2,Central Stags,D Cleaver,TC Bruce,SM Solia,0,0,,,,,,"",""
ball,2,77.3,Central Stags,D Cleaver,TC Bruce,SM Solia,1,0,,,,,,"",""
ball,2,77.4,Central Stags,TC Bruce,D Cleaver,SM Solia,1,0,,,,,,"",""
ball,2,77.5,Central Stags,D Cleaver,TC Bruce,SM Solia,0,0,,,,,,"",""
ball,2,77.6,Central Stags,D Cleaver,TC Bruce,SM Solia,0,0,,,,,,"",""
ball,2,78.1,Central Stags,TC Bruce,D Cleaver,L Delport,0,0,,,,,,"",""
ball,2,78.2,Central Stags,TC Bruce,D Cleaver,L Delport,0,0,,,,,,"",""
ball,2,78.3,Central Stags,TC Bruce,D Cleaver,L Delport,1,0,,,,,,"",""
ball,2,78.4,Central Stags,D Cleaver,TC Bruce,L Delport,1,0,,,,,,"",""
ball,2,78.5,Central Stags,TC Bruce,D Cleaver,L Delport,1,0,,,,,,"",""
ball,2,78.6,Central Stags,D Cleaver,TC Bruce,L Delport,0,0,,,,,,"",""
ball,2,79.1,Central Stags,TC Bruce,D Cleaver,SM Solia,0,0,,,,,,"",""
ball,2,79.2,Central Stags,TC Bruce,D Cleaver,SM Solia,1,0,,,,,,"",""
ball,2,79.3,Central Stags,D Cleaver,TC Bruce,SM Solia,0,0,,,,,,"",""
ball,2,79.4,Central Stags,D Cleaver,TC Bruce,SM Solia,0,0,,,,,,"",""
ball,2,79.5,Central Stags,D Cleaver,TC Bruce,SM Solia,0,0,,,,,,"",""
ball,2,79.6,Central Stags,D Cleaver,TC Bruce,SM Solia,1,0,,,,,,"",""
ball,2,80.1,Central Stags,D Cleaver,TC Bruce,BG Lister,0,0,,,,,,"",""
ball,2,80.2,Central Stags,D Cleaver,TC Bruce,BG Lister,0,0,,,,,,"",""
ball,2,80.3,Central Stags,D Cleaver,TC Bruce,BG Lister,0,0,,,,,,"",""
ball,2,80.4,Central Stags,D Cleaver,TC Bruce,BG Lister,1,0,,,,,,"",""
ball,2,80.5,Central Stags,TC Bruce,D Cleaver,BG Lister,0,0,,,,,,"",""
ball,2,80.6,Central Stags,TC Bruce,D Cleaver,BG Lister,0,0,,,,,,"",""
ball,2,81.1,Central Stags,D Cleaver,TC Bruce,DK Ferns,0,0,,,,,,"",""
ball,2,81.2,Central Stags,D Cleaver,TC Bruce,DK Ferns,4,0,,,,,,"",""
ball,2,81.3,Central Stags,D Cleaver,TC Bruce,DK Ferns,0,0,,,,,,"",""
ball,2,81.4,Central Stags,D Cleaver,TC Bruce,DK Ferns,0,0,,,,,,"",""
ball,2,81.5,Central Stags,D Cleaver,TC Bruce,DK Ferns,0,0,,,,,,"",""
ball,2,81.6,Central Stags,D Cleaver,TC Bruce,DK Ferns,0,0,,,,,,"",""
ball,2,82.1,Central Stags,TC Bruce,D Cleaver,BG Lister,0,0,,,,,,"",""
ball,2,82.2,Central Stags,TC Bruce,D Cleaver,BG Lister,1,0,,,,,,"",""
ball,2,82.3,Central Stags,D Cleaver,TC Bruce,BG Lister,0,0,,,,,,"",""
ball,2,82.4,Central Stags,D Cleaver,TC Bruce,BG Lister,0,0,,,,,,"",""
ball,2,82.5,Central Stags,D Cleaver,TC Bruce,BG Lister,1,0,,,,,,"",""
ball,2,82.6,Central Stags,TC Bruce,D Cleaver,BG Lister,0,0,,,,,,"",""
ball,2,83.1,Central Stags,D Cleaver,TC Bruce,DK Ferns,0,0,,,,,,"",""
ball,2,83.2,Central Stags,D Cleaver,TC Bruce,DK Ferns,3,0,,,,,,"",""
ball,2,83.3,Central Stags,TC Bruce,D Cleaver,DK Ferns,0,0,,,,,,"",""
ball,2,83.4,Central Stags,TC Bruce,D Cleaver,DK Ferns,1,0,,,,,,"",""
ball,2,83.5,Central Stags,D Cleaver,TC Bruce,DK Ferns,0,1,1,,,,,"",""
ball,2,83.6,Central Stags,D Cleaver,TC Bruce,DK Ferns,4,0,,,,,,"",""
ball,2,83.7,Central Stags,D Cleaver,TC Bruce,DK Ferns,1,0,,,,,,"",""
ball,2,84.1,Central Stags,D Cleaver,TC Bruce,BG Lister,0,0,,,,,,"",""
ball,2,84.2,Central Stags,D Cleaver,TC Bruce,BG Lister,0,0,,,,,,"",""
ball,2,84.3,Central Stags,D Cleaver,TC Bruce,BG Lister,0,0,,,,,,"",""
ball,2,84.4,Central Stags,D Cleaver,TC Bruce,BG Lister,0,0,,,,,,"",""
ball,2,84.5,Central Stags,D Cleaver,TC Bruce,BG Lister,0,0,,,,,,"",""
ball,2,84.6,Central Stags,D Cleaver,TC Bruce,BG Lister,0,0,,,,,,"",""
ball,2,85.1,Central Stags,TC Bruce,D Cleaver,DK Ferns,0,0,,,,,,"",""
ball,2,85.2,Central Stags,TC Bruce,D Cleaver,DK Ferns,0,0,,,,,,"",""
ball,2,85.3,Central Stags,TC Bruce,D Cleaver,DK Ferns,0,0,,,,,,"",""
ball,2,85.4,Central Stags,TC Bruce,D Cleaver,DK Ferns,4,0,,,,,,"",""
ball,2,85.5,Central Stags,TC Bruce,D Cleaver,DK Ferns,0,0,,,,,,"",""
ball,2,85.6,Central Stags,TC Bruce,D Cleaver,DK Ferns,0,0,,,,,,"",""
ball,2,86.1,Central Stags,D Cleaver,TC Bruce,BG Lister,0,0,,,,,,"",""
ball,2,86.2,Central Stags,D Cleaver,TC Bruce,BG Lister,0,0,,,,,,"",""
ball,2,86.3,Central Stags,D Cleaver,TC Bruce,BG Lister,0,0,,,,,,caught,D Cleaver
ball,2,86.4,Central Stags,JA Clarkson,TC Bruce,BG Lister,0,0,,,,,,"",""
ball,2,86.5,Central Stags,JA Clarkson,TC Bruce,BG Lister,0,0,,,,,,"",""
ball,2,86.6,Central Stags,JA Clarkson,TC Bruce,BG Lister,0,0,,,,,,"",""
ball,2,87.1,Central Stags,TC Bruce,JA Clarkson,J Sussex,4,0,,,,,,"",""
ball,2,87.2,Central Stags,TC Bruce,JA Clarkson,J Sussex,0,0,,,,,,"",""
ball,2,87.3,Central Stags,TC Bruce,JA Clarkson,J Sussex,0,0,,,,,,"",""
ball,2,87.4,Central Stags,TC Bruce,JA Clarkson,J Sussex,0,0,,,,,,"",""
ball,2,87.5,Central Stags,TC Bruce,JA Clarkson,J Sussex,0,0,,,,,,"",""
ball,2,87.6,Central Stags,TC Bruce,JA Clarkson,J Sussex,0,0,,,,,,"",""
ball,2,88.1,Central Stags,JA Clarkson,TC Bruce,BG Lister,0,0,,,,,,"",""
ball,2,88.2,Central Stags,JA Clarkson,TC Bruce,BG Lister,0,0,,,,,,"",""
ball,2,88.3,Central Stags,JA Clarkson,TC Bruce,BG Lister,0,0,,,,,,"",""
ball,2,88.4,Central Stags,JA Clarkson,TC Bruce,BG Lister,0,0,,,,,,"",""
ball,2,88.5,Central Stags,JA Clarkson,TC Bruce,BG Lister,0,0,,,,,,"",""
ball,2,88.6,Central Stags,JA Clarkson,TC Bruce,BG Lister,0,0,,,,,,"",""
ball,2,89.1,Central Stags,TC Bruce,JA Clarkson,J Sussex,0,0,,,,,,"",""
ball,2,89.2,Central Stags,TC Bruce,JA Clarkson,J Sussex,0,0,,,,,,"",""
ball,2,89.3,Central Stags,TC Bruce,JA Clarkson,J Sussex,4,0,,,,,,"",""
ball,2,89.4,Central Stags,TC Bruce,JA Clarkson,J Sussex,0,0,,,,,,"",""
ball,2,89.5,Central Stags,TC Bruce,JA Clarkson,J Sussex,0,0,,,,,,"",""
ball,2,89.6,Central Stags,TC Bruce,JA Clarkson,J Sussex,0,0,,,,,,bowled,TC Bruce
ball,2,90.1,Central Stags,JA Clarkson,AY Patel,BG Lister,1,0,,,,,,"",""
ball,2,90.2,Central Stags,AY Patel,JA Clarkson,BG Lister,0,0,,,,,,"",""
ball,2,90.3,Central Stags,AY Patel,JA Clarkson,BG Lister,0,0,,,,,,"",""
ball,2,90.4,Central Stags,AY Patel,JA Clarkson,BG Lister,1,0,,,,,,"",""
ball,2,90.5,Central Stags,JA Clarkson,AY Patel,BG Lister,0,0,,,,,,"",""
ball,2,90.6,Central Stags,JA Clarkson,AY Patel,BG Lister,0,0,,,,,,"",""
ball,2,91.1,Central Stags,AY Patel,JA Clarkson,J Sussex,0,0,,,,,,"",""
ball,2,91.2,Central Stags,AY Patel,JA Clarkson,J Sussex,0,0,,,,,,"",""
ball,2,91.3,Central Stags,AY Patel,JA Clarkson,J Sussex,0,0,,,,,,"",""
ball,2,91.4,Central Stags,AY Patel,JA Clarkson,J Sussex,0,0,,,,,,"",""
ball,2,91.5,Central Stags,AY Patel,JA Clarkson,J Sussex,0,0,,,,,,"",""
ball,2,91.6,Central Stags,AY Patel,JA Clarkson,J Sussex,4,0,,,,,,"",""
ball,2,92.1,Central Stags,JA Clarkson,AY Patel,J McKenzie,0,0,,,,,,"",""
ball,2,92.2,Central Stags,JA Clarkson,AY Patel,J McKenzie,0,0,,,,,,"",""
ball,2,92.3,Central Stags,JA Clarkson,AY Patel,J McKenzie,0,0,,,,,,"",""
ball,2,92.4,Central Stags,JA Clarkson,AY Patel,J McKenzie,0,0,,,,,,"",""
ball,2,92.5,Central Stags,JA Clarkson,AY Patel,J McKenzie,0,0,,,,,,"",""
ball,2,92.6,Central Stags,JA Clarkson,AY Patel,J McKenzie,0,0,,,,,,"",""
ball,2,93.1,Central Stags,AY Patel,JA Clarkson,L Delport,1,0,,,,,,"",""
ball,2,93.2,Central Stags,JA Clarkson,AY Patel,L Delport,0,0,,,,,,"",""
ball,2,93.3,Central Stags,JA Clarkson,AY Patel,L Delport,0,0,,,,,,"",""
ball,2,93.4,Central Stags,JA Clarkson,AY Patel,L Delport,0,0,,,,,,"",""
ball,2,93.5,Central Stags,JA Clarkson,AY Patel,L Delport,0,0,,,,,,"",""
ball,2,93.6,Central Stags,JA Clarkson,AY Patel,L Delport,0,0,,,,,,"",""
ball,2,94.1,Central Stags,AY Patel,JA Clarkson,J McKenzie,0,0,,,,,,"",""
ball,2,94.2,Central Stags,AY Patel,JA Clarkson,J McKenzie,0,0,,,,,,"",""
ball,2,94.3,Central Stags,AY Patel,JA Clarkson,J McKenzie,0,0,,,,,,"",""
ball,2,94.4,Central Stags,AY Patel,JA Clarkson,J McKenzie,0,0,,,,,,"",""
ball,2,94.5,Central Stags,AY Patel,JA Clarkson,J McKenzie,0,0,,,,,,"",""
ball,2,94.6,Central Stags,AY Patel,JA Clarkson,J McKenzie,0,0,,,,,,"",""
ball,2,95.1,Central Stags,JA Clarkson,AY Patel,DK Ferns,1,0,,,,,,"",""
ball,2,95.2,Central Stags,AY Patel,JA Clarkson,DK Ferns,0,0,,,,,,"",""
ball,2,95.3,Central Stags,AY Patel,JA Clarkson,DK Ferns,4,0,,,,,,"",""
ball,2,95.4,Central Stags,AY Patel,JA Clarkson,DK Ferns,1,0,,,,,,"",""
ball,2,95.5,Central Stags,JA Clarkson,AY Patel,DK Ferns,0,0,,,,,,"",""
ball,2,95.6,Central Stags,JA Clarkson,AY Patel,DK Ferns,6,0,,,,,,"",""
ball,2,96.1,Central Stags,AY Patel,JA Clarkson,J Sussex,0,0,,,,,,"",""
ball,2,96.2,Central Stags,AY Patel,JA Clarkson,J Sussex,0,0,,,,,,"",""
ball,2,96.3,Central Stags,AY Patel,JA Clarkson,J Sussex,0,0,,,,,,"",""
ball,2,96.4,Central Stags,AY Patel,JA Clarkson,J Sussex,0,0,,,,,,"",""
ball,2,96.5,Central Stags,AY Patel,JA Clarkson,J Sussex,0,0,,,,,,"",""
ball,2,96.6,Central Stags,AY Patel,JA Clarkson,J Sussex,1,0,,,,,,"",""
ball,2,97.1,Central Stags,AY Patel,JA Clarkson,DK Ferns,0,0,,,,,,"",""
ball,2,97.2,Central Stags,AY Patel,JA Clarkson,DK Ferns,0,0,,,,,,"",""
ball,2,97.3,Central Stags,AY Patel,JA Clarkson,DK Ferns,1,0,,,,,,"",""
ball,2,97.4,Central Stags,JA Clarkson,AY Patel,DK Ferns,0,4,,,4,,,"",""
ball,2,97.5,Central Stags,JA Clarkson,AY Patel,DK Ferns,0,0,,,,,,"",""
ball,2,97.6,Central Stags,JA Clarkson,AY Patel,DK Ferns,0,0,,,,,,"",""
ball,2,98.1,Central Stags,AY Patel,JA Clarkson,J Sussex,0,0,,,,,,"",""
ball,2,98.2,Central Stags,AY Patel,JA Clarkson,J Sussex,0,1,,,,1,,"",""
ball,2,98.3,Central Stags,JA Clarkson,AY Patel,J Sussex,0,0,,,,,,"",""
ball,2,98.4,Central Stags,JA Clarkson,AY Patel,J Sussex,0,0,,,,,,"",""
ball,2,98.5,Central Stags,JA Clarkson,AY Patel,J Sussex,0,0,,,,,,"",""
ball,2,98.6,Central Stags,JA Clarkson,AY Patel,J Sussex,0,0,,,,,,"",""
ball,2,99.1,Central Stags,AY Patel,JA Clarkson,DK Ferns,0,0,,,,,,"",""
ball,2,99.2,Central Stags,AY Patel,JA Clarkson,DK Ferns,0,0,,,,,,"",""
ball,2,99.3,Central Stags,AY Patel,JA Clarkson,DK Ferns,0,0,,,,,,caught,AY Patel
ball,2,99.4,Central Stags,DAJ Bracewell,JA Clarkson,DK Ferns,0,0,,,,,,"",""
ball,2,99.5,Central Stags,DAJ Bracewell,JA Clarkson,DK Ferns,0,0,,,,,,"",""
ball,2,99.6,Central Stags,DAJ Bracewell,JA Clarkson,DK Ferns,0,0,,,,,,"",""
ball,2,100.1,Central Stags,JA Clarkson,DAJ Bracewell,J Sussex,0,0,,,,,,"",""
ball,2,100.2,Central Stags,JA Clarkson,DAJ Bracewell,J Sussex,4,0,,,,,,"",""
ball,2,100.3,Central Stags,JA Clarkson,DAJ Bracewell,J Sussex,0,0,,,,,,"",""
ball,2,100.4,Central Stags,JA Clarkson,DAJ Bracewell,J Sussex,1,0,,,,,,"",""
ball,2,100.5,Central Stags,DAJ Bracewell,JA Clarkson,J Sussex,1,0,,,,,,"",""
ball,2,100.6,Central Stags,JA Clarkson,DAJ Bracewell,J Sussex,1,0,,,,,,"",""
ball,2,101.1,Central Stags,JA Clarkson,DAJ Bracewell,DK Ferns,0,0,,,,,,"",""
ball,2,101.2,Central Stags,JA Clarkson,DAJ Bracewell,DK Ferns,0,0,,,,,,"",""
ball,2,101.3,Central Stags,JA Clarkson,DAJ Bracewell,DK Ferns,0,0,,,,,,"",""
ball,2,101.4,Central Stags,JA Clarkson,DAJ Bracewell,DK Ferns,0,0,,,,,,"",""
ball,2,101.5,Central Stags,JA Clarkson,DAJ Bracewell,DK Ferns,1,0,,,,,,"",""
ball,2,101.6,Central Stags,DAJ Bracewell,JA Clarkson,DK Ferns,0,0,,,,,,"",""
ball,2,102.1,Central Stags,JA Clarkson,DAJ Bracewell,BG Lister,0,0,,,,,,"",""
ball,2,102.2,Central Stags,JA Clarkson,DAJ Bracewell,BG Lister,0,0,,,,,,"",""
ball,2,102.3,Central Stags,JA Clarkson,DAJ Bracewell,BG Lister,0,0,,,,,,"",""
ball,2,102.4,Central Stags,JA Clarkson,DAJ Bracewell,BG Lister,1,0,,,,,,"",""
ball,2,102.5,Central Stags,DAJ Bracewell,JA Clarkson,BG Lister,0,0,,,,,,caught,DAJ Bracewell
ball,2,102.6,Central Stags,BM Tickner,JA Clarkson,BG Lister,1,0,,,,,,"",""
ball,2,103.1,Central Stags,BM Tickner,JA Clarkson,DK Ferns,0,0,,,,,,"",""
ball,2,103.2,Central Stags,BM Tickner,JA Clarkson,DK Ferns,4,0,,,,,,"",""
ball,2,103.3,Central Stags,BM Tickner,JA Clarkson,DK Ferns,1,0,,,,,,"",""
ball,2,103.4,Central Stags,JA Clarkson,BM Tickner,DK Ferns,0,0,,,,,,"",""
ball,2,103.5,Central Stags,JA Clarkson,BM Tickner,DK Ferns,0,0,,,,,,"",""
ball,2,103.6,Central Stags,JA Clarkson,BM Tickner,DK Ferns,1,0,,,,,,"",""
ball,2,104.1,Central Stags,JA Clarkson,BM Tickner,BG Lister,1,0,,,,,,"",""
ball,2,104.2,Central Stags,BM Tickner,JA Clarkson,BG Lister,0,0,,,,,,"",""
ball,2,104.3,Central Stags,BM Tickner,JA Clarkson,BG Lister,4,0,,,,,,"",""
ball,2,104.4,Central Stags,BM Tickner,JA Clarkson,BG Lister,0,0,,,,,,"",""
ball,2,104.5,Central Stags,BM Tickner,JA Clarkson,BG Lister,0,0,,,,,,"",""
ball,2,104.6,Central Stags,BM Tickner,JA Clarkson,BG Lister,0,0,,,,,,"",""
ball,2,105.1,Central Stags,JA Clarkson,BM Tickner,L Delport,0,0,,,,,,"",""
ball,2,105.2,Central Stags,JA Clarkson,BM Tickner,L Delport,0,0,,,,,,"",""
ball,2,105.3,Central Stags,JA Clarkson,BM Tickner,L Delport,1,0,,,,,,"",""
ball,2,105.4,Central Stags,BM Tickner,JA Clarkson,L Delport,0,0,,,,,,"",""
ball,2,105.5,Central Stags,BM Tickner,JA Clarkson,L Delport,0,0,,,,,,"",""
ball,2,105.6,Central Stags,BM Tickner,JA Clarkson,L Delport,0,0,,,,,,"",""
ball,2,106.1,Central Stags,JA Clarkson,BM Tickner,BG Lister,1,0,,,,,,"",""
ball,2,106.2,Central Stags,BM Tickner,JA Clarkson,BG Lister,1,0,,,,,,"",""
ball,2,106.3,Central Stags,JA Clarkson,BM Tickner,BG Lister,0,0,,,,,,"",""
ball,2,106.4,Central Stags,JA Clarkson,BM Tickner,BG Lister,0,0,,,,,,"",""
ball,2,106.5,Central Stags,JA Clarkson,BM Tickner,BG Lister,0,0,,,,,,"",""
ball,2,106.6,Central Stags,JA Clarkson,BM Tickner,BG Lister,0,0,,,,,,"",""
ball,2,107.1,Central Stags,BM Tickner,JA Clarkson,L Delport,0,0,,,,,,"",""
ball,2,107.2,Central Stags,BM Tickner,JA Clarkson,L Delport,0,0,,,,,,"",""
ball,2,107.3,Central Stags,BM Tickner,JA Clarkson,L Delport,0,0,,,,,,"",""
ball,2,107.4,Central Stags,BM Tickner,JA Clarkson,L Delport,0,0,,,,,,"",""
ball,2,107.5,Central Stags,BM Tickner,JA Clarkson,L Delport,0,0,,,,,,"",""
ball,2,107.6,Central Stags,BM Tickner,JA Clarkson,L Delport,0,0,,,,,,"",""
ball,2,108.1,Central Stags,JA Clarkson,BM Tickner,BG Lister,0,0,,,,,,"",""
ball,2,108.2,Central Stags,JA Clarkson,BM Tickner,BG Lister,0,0,,,,,,"",""
ball,2,108.3,Central Stags,JA Clarkson,BM Tickner,BG Lister,1,0,,,,,,"",""
ball,2,108.4,Central Stags,BM Tickner,JA Clarkson,BG Lister,0,0,,,,,,"",""
ball,2,108.5,Central Stags,BM Tickner,JA Clarkson,BG Lister,0,0,,,,,,caught,BM Tickner
ball,2,108.6,Central Stags,LR Dudding,JA Clarkson,BG Lister,0,0,,,,,,"",""
ball,2,109.1,Central Stags,JA Clarkson,LR Dudding,L Delport,0,0,,,,,,"",""
ball,2,109.2,Central Stags,JA Clarkson,LR Dudding,L Delport,0,0,,,,,,"",""
ball,2,109.3,Central Stags,JA Clarkson,LR Dudding,L Delport,0,0,,,,,,"",""
ball,2,109.4,Central Stags,JA Clarkson,LR Dudding,L Delport,0,0,,,,,,"",""
ball,2,109.5,Central Stags,JA Clarkson,LR Dudding,L Delport,6,0,,,,,,"",""
ball,2,109.6,Central Stags,JA Clarkson,LR Dudding,L Delport,4,0,,,,,,"",""
ball,2,110.1,Central Stags,LR Dudding,JA Clarkson,BG Lister,0,0,,,,,,"",""
ball,2,110.2,Central Stags,LR Dudding,JA Clarkson,BG Lister,0,0,,,,,,"",""
ball,2,110.3,Central Stags,LR Dudding,JA Clarkson,BG Lister,0,0,,,,,,"",""
ball,2,110.4,Central Stags,LR Dudding,JA Clarkson,BG Lister,0,0,,,,,,"",""
ball,2,110.5,Central Stags,LR Dudding,JA Clarkson,BG Lister,0,0,,,,,,"",""
ball,2,110.6,Central Stags,LR Dudding,JA Clarkson,BG Lister,0,0,,,,,,"",""
ball,2,111.1,Central Stags,JA Clarkson,LR Dudding,L Delport,0,0,,,,,,"",""
ball,2,111.2,Central Stags,JA Clarkson,LR Dudding,L Delport,0,0,,,,,,"",""
ball,2,111.3,Central Stags,JA Clarkson,LR Dudding,L Delport,0,0,,,,,,caught,JA Clarkson
ball,3,0.1,Auckland Aces,WT O'Donnell,SM Solia,DAJ Bracewell,0,0,,,,,,"",""
ball,3,0.2,Auckland Aces,WT O'Donnell,SM Solia,DAJ Bracewell,0,0,,,,,,"",""
ball,3,0.3,Auckland Aces,WT O'Donnell,SM Solia,DAJ Bracewell,0,0,,,,,,"",""
ball,3,0.4,Auckland Aces,WT O'Donnell,SM Solia,DAJ Bracewell,0,0,,,,,,"",""
ball,3,0.5,Auckland Aces,WT O'Donnell,SM Solia,DAJ Bracewell,1,0,,,,,,"",""
ball,3,0.6,Auckland Aces,SM Solia,WT O'Donnell,DAJ Bracewell,0,0,,,,,,"",""
ball,3,1.1,Auckland Aces,WT O'Donnell,SM Solia,BM Tickner,4,0,,,,,,"",""
ball,3,1.2,Auckland Aces,WT O'Donnell,SM Solia,BM Tickner,0,0,,,,,,"",""
ball,3,1.3,Auckland Aces,WT O'Donnell,SM Solia,BM Tickner,0,0,,,,,,"",""
ball,3,1.4,Auckland Aces,WT O'Donnell,SM Solia,BM Tickner,0,0,,,,,,"",""
ball,3,1.5,Auckland Aces,WT O'Donnell,SM Solia,BM Tickner,0,0,,,,,,"",""
ball,3,1.6,Auckland Aces,WT O'Donnell,SM Solia,BM Tickner,1,0,,,,,,"",""
ball,3,2.1,Auckland Aces,WT O'Donnell,SM Solia,DAJ Bracewell,0,0,,,,,,"",""
ball,3,2.2,Auckland Aces,WT O'Donnell,SM Solia,DAJ Bracewell,0,0,,,,,,"",""
ball,3,2.3,Auckland Aces,WT O'Donnell,SM Solia,DAJ Bracewell,0,0,,,,,,"",""
ball,3,2.4,Auckland Aces,WT O'Donnell,SM Solia,DAJ Bracewell,0,0,,,,,,"",""
ball,3,2.5,Auckland Aces,WT O'Donnell,SM Solia,DAJ Bracewell,0,0,,,,,,"",""
ball,3,2.6,Auckland Aces,WT O'Donnell,SM Solia,DAJ Bracewell,1,0,,,,,,"",""
ball,3,3.1,Auckland Aces,WT O'Donnell,SM Solia,BM Tickner,4,0,,,,,,"",""
ball,3,3.2,Auckland Aces,WT O'Donnell,SM Solia,BM Tickner,1,0,,,,,,"",""
ball,3,3.3,Auckland Aces,SM Solia,WT O'Donnell,BM Tickner,0,0,,,,,,"",""
ball,3,3.4,Auckland Aces,SM Solia,WT O'Donnell,BM Tickner,0,0,,,,,,"",""
ball,3,3.5,Auckland Aces,SM Solia,WT O'Donnell,BM Tickner,0,0,,,,,,"",""
ball,3,3.6,Auckland Aces,SM Solia,WT O'Donnell,BM Tickner,0,0,,,,,,"",""
ball,3,4.1,Auckland Aces,WT O'Donnell,SM Solia,DAJ Bracewell,0,0,,,,,,"",""
ball,3,4.2,Auckland Aces,WT O'Donnell,SM Solia,DAJ Bracewell,0,0,,,,,,"",""
ball,3,4.3,Auckland Aces,WT O'Donnell,SM Solia,DAJ Bracewell,0,0,,,,,,"",""
ball,3,4.4,Auckland Aces,WT O'Donnell,SM Solia,DAJ Bracewell,0,0,,,,,,"",""
ball,3,4.5,Auckland Aces,WT O'Donnell,SM Solia,DAJ Bracewell,1,0,,,,,,"",""
ball,3,4.6,Auckland Aces,SM Solia,WT O'Donnell,DAJ Bracewell,1,0,,,,,,"",""
ball,3,5.1,Auckland Aces,SM Solia,WT O'Donnell,BM Tickner,0,0,,,,,,"",""
ball,3,5.2,Auckland Aces,SM Solia,WT O'Donnell,BM Tickner,0,0,,,,,,"",""
ball,3,5.3,Auckland Aces,SM Solia,WT O'Donnell,BM Tickner,1,0,,,,,,"",""
ball,3,5.4,Auckland Aces,WT O'Donnell,SM Solia,BM Tickner,1,0,,,,,,"",""
ball,3,5.5,Auckland Aces,SM Solia,WT O'Donnell,BM Tickner,2,0,,,,,,"",""
ball,3,5.6,Auckland Aces,SM Solia,WT O'Donnell,BM Tickner,0,0,,,,,,"",""
ball,3,6.1,Auckland Aces,WT O'Donnell,SM Solia,DAJ Bracewell,0,0,,,,,,"",""
ball,3,6.2,Auckland Aces,WT O'Donnell,SM Solia,DAJ Bracewell,0,0,,,,,,"",""
ball,3,6.3,Auckland Aces,WT O'Donnell,SM Solia,DAJ Bracewell,0,0,,,,,,"",""
ball,3,6.4,Auckland Aces,WT O'Donnell,SM Solia,DAJ Bracewell,0,0,,,,,,"",""
ball,3,6.5,Auckland Aces,WT O'Donnell,SM Solia,DAJ Bracewell,0,0,,,,,,"",""
ball,3,6.6,Auckland Aces,WT O'Donnell,SM Solia,DAJ Bracewell,0,0,,,,,,"",""
ball,3,7.1,Auckland Aces,SM Solia,WT O'Donnell,LR Dudding,0,0,,,,,,"",""
ball,3,7.2,Auckland Aces,SM Solia,WT O'Donnell,LR Dudding,0,0,,,,,,"",""
ball,3,7.3,Auckland Aces,SM Solia,WT O'Donnell,LR Dudding,0,0,,,,,,"",""
ball,3,7.4,Auckland Aces,SM Solia,WT O'Donnell,LR Dudding,0,0,,,,,,"",""
ball,3,7.5,Auckland Aces,SM Solia,WT O'Donnell,LR Dudding,0,0,,,,,,"",""
ball,3,7.6,Auckland Aces,SM Solia,WT O'Donnell,LR Dudding,4,0,,,,,,"",""
ball,3,8.1,Auckland Aces,WT O'Donnell,SM Solia,DAJ Bracewell,0,0,,,,,,"",""
ball,3,8.2,Auckland Aces,WT O'Donnell,SM Solia,DAJ Bracewell,0,0,,,,,,bowled,WT O'Donnell
ball,3,8.3,Auckland Aces,MS Chapman,SM Solia,DAJ Bracewell,0,0,,,,,,"",""
ball,3,8.4,Auckland Aces,MS Chapman,SM Solia,DAJ Bracewell,0,0,,,,,,"",""
ball,3,8.5,Auckland Aces,MS Chapman,SM Solia,DAJ Bracewell,0,0,,,,,,"",""
ball,3,8.6,Auckland Aces,MS Chapman,SM Solia,DAJ Bracewell,0,0,,,,,,"",""
ball,3,9.1,Auckland Aces,SM Solia,MS Chapman,LR Dudding,1,0,,,,,,"",""
ball,3,9.2,Auckland Aces,MS Chapman,SM Solia,LR Dudding,3,0,,,,,,"",""
ball,3,9.3,Auckland Aces,SM Solia,MS Chapman,LR Dudding,0,0,,,,,,"",""
ball,3,9.4,Auckland Aces,SM Solia,MS Chapman,LR Dudding,0,0,,,,,,"",""
ball,3,9.5,Auckland Aces,SM Solia,MS Chapman,LR Dudding,4,0,,,,,,"",""
ball,3,9.6,Auckland Aces,SM Solia,MS Chapman,LR Dudding,0,0,,,,,,"",""
ball,3,10.1,Auckland Aces,MS Chapman,SM Solia,BM Tickner,0,0,,,,,,"",""
ball,3,10.2,Auckland Aces,MS Chapman,SM Solia,BM Tickner,4,0,,,,,,"",""
ball,3,10.3,Auckland Aces,MS Chapman,SM Solia,BM Tickner,0,0,,,,,,"",""
ball,3,10.4,Auckland Aces,MS Chapman,SM Solia,BM Tickner,0,0,,,,,,"",""
ball,3,10.5,Auckland Aces,MS Chapman,SM Solia,BM Tickner,4,0,,,,,,"",""
ball,3,10.6,Auckland Aces,MS Chapman,SM Solia,BM Tickner,0,0,,,,,,"",""
ball,3,11.1,Auckland Aces,SM Solia,MS Chapman,LR Dudding,4,0,,,,,,"",""
ball,3,11.2,Auckland Aces,SM Solia,MS Chapman,LR Dudding,0,0,,,,,,"",""
ball,3,11.3,Auckland Aces,SM Solia,MS Chapman,LR Dudding,0,0,,,,,,"",""
ball,3,11.4,Auckland Aces,SM Solia,MS Chapman,LR Dudding,0,0,,,,,,caught,SM Solia
ball,3,11.5,Auckland Aces,RR O'Donnell,MS Chapman,LR Dudding,1,0,,,,,,"",""
ball,3,11.6,Auckland Aces,MS Chapman,RR O'Donnell,LR Dudding,1,0,,,,,,"",""
ball,3,12.1,Auckland Aces,MS Chapman,RR O'Donnell,BM Tickner,0,0,,,,,,"",""
ball,3,12.2,Auckland Aces,MS Chapman,RR O'Donnell,BM Tickner,0,0,,,,,,"",""
ball,3,12.3,Auckland Aces,MS Chapman,RR O'Donnell,BM Tickner,0,0,,,,,,"",""
ball,3,12.4,Auckland Aces,MS Chapman,RR O'Donnell,BM Tickner,0,1,1,,,,,"",""
ball,3,12.5,Auckland Aces,MS Chapman,RR O'Donnell,BM Tickner,0,0,,,,,,"",""
ball,3,12.6,Auckland Aces,MS Chapman,RR O'Donnell,BM Tickner,4,0,,,,,,"",""
ball,3,12.7,Auckland Aces,MS Chapman,RR O'Donnell,BM Tickner,4,0,,,,,,"",""
ball,3,13.1,Auckland Aces,RR O'Donnell,MS Chapman,LR Dudding,0,0,,,,,,"",""
ball,3,13.2,Auckland Aces,RR O'Donnell,MS Chapman,LR Dudding,0,0,,,,,,"",""
ball,3,13.3,Auckland Aces,RR O'Donnell,MS Chapman,LR Dudding,4,0,,,,,,"",""
ball,3,13.4,Auckland Aces,RR O'Donnell,MS Chapman,LR Dudding,0,0,,,,,,"",""
ball,3,13.5,Auckland Aces,RR O'Donnell,MS Chapman,LR Dudding,0,0,,,,,,"",""
ball,3,13.6,Auckland Aces,RR O'Donnell,MS Chapman,LR Dudding,0,0,,,,,,"",""
ball,3,14.1,Auckland Aces,MS Chapman,RR O'Donnell,BM Tickner,0,0,,,,,,"",""
ball,3,14.2,Auckland Aces,MS Chapman,RR O'Donnell,BM Tickner,1,0,,,,,,"",""
ball,3,14.3,Auckland Aces,RR O'Donnell,MS Chapman,BM Tickner,0,0,,,,,,"",""
ball,3,14.4,Auckland Aces,RR O'Donnell,MS Chapman,BM Tickner,2,0,,,,,,"",""
ball,3,14.5,Auckland Aces,RR O'Donnell,MS Chapman,BM Tickner,0,0,,,,,,"",""
ball,3,14.6,Auckland Aces,RR O'Donnell,MS Chapman,BM Tickner,0,0,,,,,,"",""
ball,3,15.1,Auckland Aces,MS Chapman,RR O'Donnell,LR Dudding,0,0,,,,,,"",""
ball,3,15.2,Auckland Aces,MS Chapman,RR O'Donnell,LR Dudding,0,0,,,,,,"",""
ball,3,15.3,Auckland Aces,MS Chapman,RR O'Donnell,LR Dudding,0,0,,,,,,"",""
ball,3,15.4,Auckland Aces,MS Chapman,RR O'Donnell,LR Dudding,0,0,,,,,,"",""
ball,3,15.5,Auckland Aces,MS Chapman,RR O'Donnell,LR Dudding,2,0,,,,,,"",""
ball,3,15.6,Auckland Aces,MS Chapman,RR O'Donnell,LR Dudding,0,0,,,,,,"",""
ball,3,16.1,Auckland Aces,RR O'Donnell,MS Chapman,BM Tickner,0,0,,,,,,"",""
ball,3,16.2,Auckland Aces,RR O'Donnell,MS Chapman,BM Tickner,0,0,,,,,,"",""
ball,3,16.3,Auckland Aces,RR O'Donnell,MS Chapman,BM Tickner,0,0,,,,,,"",""
ball,3,16.4,Auckland Aces,RR O'Donnell,MS Chapman,BM Tickner,0,0,,,,,,"",""
ball,3,16.5,Auckland Aces,RR O'Donnell,MS Chapman,BM Tickner,1,0,,,,,,"",""
ball,3,16.6,Auckland Aces,MS Chapman,RR O'Donnell,BM Tickner,0,0,,,,,,"",""
ball,3,17.1,Auckland Aces,RR O'Donnell,MS Chapman,LR Dudding,1,0,,,,,,"",""
ball,3,17.2,Auckland Aces,MS Chapman,RR O'Donnell,LR Dudding,0,0,,,,,,"",""
ball,3,17.3,Auckland Aces,MS Chapman,RR O'Donnell,LR Dudding,4,0,,,,,,"",""
ball,3,17.4,Auckland Aces,MS Chapman,RR O'Donnell,LR Dudding,0,0,,,,,,"",""
ball,3,17.5,Auckland Aces,MS Chapman,RR O'Donnell,LR Dudding,0,0,,,,,,"",""
ball,3,17.6,Auckland Aces,MS Chapman,RR O'Donnell,LR Dudding,4,0,,,,,,"",""
ball,3,18.1,Auckland Aces,RR O'Donnell,MS Chapman,BM Tickner,4,0,,,,,,"",""
ball,3,18.2,Auckland Aces,RR O'Donnell,MS Chapman,BM Tickner,0,0,,,,,,"",""
ball,3,18.3,Auckland Aces,RR O'Donnell,MS Chapman,BM Tickner,0,0,,,,,,"",""
ball,3,18.4,Auckland Aces,RR O'Donnell,MS Chapman,BM Tickner,0,0,,,,,,"",""
ball,3,18.5,Auckland Aces,RR O'Donnell,MS Chapman,BM Tickner,1,0,,,,,,"",""
ball,3,18.6,Auckland Aces,MS Chapman,RR O'Donnell,BM Tickner,0,0,,,,,,"",""
ball,3,19.1,Auckland Aces,RR O'Donnell,MS Chapman,AY Patel,0,0,,,,,,"",""
ball,3,19.2,Auckland Aces,RR O'Donnell,MS Chapman,AY Patel,0,0,,,,,,"",""
ball,3,19.3,Auckland Aces,RR O'Donnell,MS Chapman,AY Patel,0,0,,,,,,"",""
ball,3,19.4,Auckland Aces,RR O'Donnell,MS Chapman,AY Patel,0,0,,,,,,"",""
ball,3,19.5,Auckland Aces,RR O'Donnell,MS Chapman,AY Patel,0,0,,,,,,"",""
ball,3,19.6,Auckland Aces,RR O'Donnell,MS Chapman,AY Patel,2,0,,,,,,"",""
ball,3,20.1,Auckland Aces,MS Chapman,RR O'Donnell,BM Tickner,0,1,,1,,,,"",""
ball,3,20.2,Auckland Aces,MS Chapman,RR O'Donnell,BM Tickner,0,0,,,,,,"",""
ball,3,20.3,Auckland Aces,MS Chapman,RR O'Donnell,BM Tickner,0,0,,,,,,"",""
ball,3,20.4,Auckland Aces,MS Chapman,RR O'Donnell,BM Tickner,1,0,,,,,,"",""
ball,3,20.5,Auckland Aces,RR O'Donnell,MS Chapman,BM Tickner,0,0,,,,,,"",""
ball,3,20.6,Auckland Aces,RR O'Donnell,MS Chapman,BM Tickner,0,0,,,,,,"",""
ball,3,20.7,Auckland Aces,RR O'Donnell,MS Chapman,BM Tickner,0,0,,,,,,"",""
ball,3,21.1,Auckland Aces,MS Chapman,RR O'Donnell,AY Patel,0,0,,,,,,"",""
ball,3,21.2,Auckland Aces,MS Chapman,RR O'Donnell,AY Patel,0,0,,,,,,"",""
ball,3,21.3,Auckland Aces,MS Chapman,RR O'Donnell,AY Patel,4,0,,,,,,"",""
ball,3,21.4,Auckland Aces,MS Chapman,RR O'Donnell,AY Patel,1,0,,,,,,"",""
ball,3,21.5,Auckland Aces,RR O'Donnell,MS Chapman,AY Patel,0,0,,,,,,"",""
ball,3,21.6,Auckland Aces,RR O'Donnell,MS Chapman,AY Patel,0,0,,,,,,"",""
ball,3,22.1,Auckland Aces,MS Chapman,RR O'Donnell,BM Tickner,4,0,,,,,,"",""
ball,3,22.2,Auckland Aces,MS Chapman,RR O'Donnell,BM Tickner,2,0,,,,,,"",""
ball,3,22.3,Auckland Aces,MS Chapman,RR O'Donnell,BM Tickner,2,0,,,,,,"",""
ball,3,22.4,Auckland Aces,MS Chapman,RR O'Donnell,BM Tickner,1,0,,,,,,"",""
ball,3,22.5,Auckland Aces,RR O'Donnell,MS Chapman,BM Tickner,0,0,,,,,,"",""
ball,3,22.6,Auckland Aces,RR O'Donnell,MS Chapman,BM Tickner,0,0,,,,,,"",""
ball,3,23.1,Auckland Aces,MS Chapman,RR O'Donnell,AY Patel,0,0,,,,,,"",""
ball,3,23.2,Auckland Aces,MS Chapman,RR O'Donnell,AY Patel,4,0,,,,,,"",""
ball,3,23.3,Auckland Aces,MS Chapman,RR O'Donnell,AY Patel,0,0,,,,,,"",""
ball,3,23.4,Auckland Aces,MS Chapman,RR O'Donnell,AY Patel,0,0,,,,,,"",""
ball,3,23.5,Auckland Aces,MS Chapman,RR O'Donnell,AY Patel,0,0,,,,,,"",""
ball,3,23.6,Auckland Aces,MS Chapman,RR O'Donnell,AY Patel,4,0,,,,,,"",""
ball,3,24.1,Auckland Aces,RR O'Donnell,MS Chapman,JA Clarkson,0,0,,,,,,"",""
ball,3,24.2,Auckland Aces,RR O'Donnell,MS Chapman,JA Clarkson,0,0,,,,,,"",""
ball,3,24.3,Auckland Aces,RR O'Donnell,MS Chapman,JA Clarkson,0,0,,,,,,"",""
ball,3,24.4,Auckland Aces,RR O'Donnell,MS Chapman,JA Clarkson,0,0,,,,,,"",""
ball,3,24.5,Auckland Aces,RR O'Donnell,MS Chapman,JA Clarkson,0,0,,,,,,"",""
ball,3,24.6,Auckland Aces,RR O'Donnell,MS Chapman,JA Clarkson,0,0,,,,,,"",""
ball,3,25.1,Auckland Aces,MS Chapman,RR O'Donnell,AY Patel,0,0,,,,,,"",""
ball,3,25.2,Auckland Aces,MS Chapman,RR O'Donnell,AY Patel,0,0,,,,,,"",""
ball,3,25.3,Auckland Aces,MS Chapman,RR O'Donnell,AY Patel,0,0,,,,,,"",""
ball,3,25.4,Auckland Aces,MS Chapman,RR O'Donnell,AY Patel,4,0,,,,,,"",""
ball,3,25.5,Auckland Aces,MS Chapman,RR O'Donnell,AY Patel,0,0,,,,,,"",""
ball,3,25.6,Auckland Aces,MS Chapman,RR O'Donnell,AY Patel,1,0,,,,,,"",""
ball,3,26.1,Auckland Aces,MS Chapman,RR O'Donnell,JA Clarkson,6,0,,,,,,"",""
ball,3,26.2,Auckland Aces,MS Chapman,RR O'Donnell,JA Clarkson,0,0,,,,,,"",""
ball,3,26.3,Auckland Aces,MS Chapman,RR O'Donnell,JA Clarkson,4,0,,,,,,"",""
ball,3,26.4,Auckland Aces,MS Chapman,RR O'Donnell,JA Clarkson,1,0,,,,,,"",""
ball,3,26.5,Auckland Aces,RR O'Donnell,MS Chapman,JA Clarkson,0,0,,,,,,"",""
ball,3,26.6,Auckland Aces,RR O'Donnell,MS Chapman,JA Clarkson,0,0,,,,,,"",""
ball,3,27.1,Auckland Aces,MS Chapman,RR O'Donnell,AY Patel,4,0,,,,,,"",""
ball,3,27.2,Auckland Aces,MS Chapman,RR O'Donnell,AY Patel,1,0,,,,,,"",""
ball,3,27.3,Auckland Aces,RR O'Donnell,MS Chapman,AY Patel,0,0,,,,,,"",""
ball,3,27.4,Auckland Aces,RR O'Donnell,MS Chapman,AY Patel,4,0,,,,,,"",""
ball,3,27.5,Auckland Aces,RR O'Donnell,MS Chapman,AY Patel,0,0,,,,,,"",""
ball,3,27.6,Auckland Aces,RR O'Donnell,MS Chapman,AY Patel,0,0,,,,,,"",""
ball,3,28.1,Auckland Aces,MS Chapman,RR O'Donnell,JA Clarkson,0,0,,,,,,"",""
ball,3,28.2,Auckland Aces,MS Chapman,RR O'Donnell,JA Clarkson,4,0,,,,,,"",""
ball,3,28.3,Auckland Aces,MS Chapman,RR O'Donnell,JA Clarkson,1,1,,1,,,,"",""
ball,3,28.4,Auckland Aces,RR O'Donnell,MS Chapman,JA Clarkson,0,0,,,,,,"",""
ball,3,28.5,Auckland Aces,RR O'Donnell,MS Chapman,JA Clarkson,0,0,,,,,,"",""
ball,3,28.6,Auckland Aces,RR O'Donnell,MS Chapman,JA Clarkson,1,0,,,,,,"",""
ball,3,28.7,Auckland Aces,MS Chapman,RR O'Donnell,JA Clarkson,3,0,,,,,,"",""
ball,3,29.1,Auckland Aces,MS Chapman,RR O'Donnell,AY Patel,0,0,,,,,,caught,MS Chapman
ball,3,29.2,Auckland Aces,GH Worker,RR O'Donnell,AY Patel,0,0,,,,,,"",""
ball,3,29.3,Auckland Aces,GH Worker,RR O'Donnell,AY Patel,0,0,,,,,,"",""
ball,3,29.4,Auckland Aces,GH Worker,RR O'Donnell,AY Patel,0,0,,,,,,"",""
ball,3,29.5,Auckland Aces,GH Worker,RR O'Donnell,AY Patel,4,0,,,,,,"",""
ball,3,29.6,Auckland Aces,GH Worker,RR O'Donnell,AY Patel,0,0,,,,,,"",""
ball,3,30.1,Auckland Aces,RR O'Donnell,GH Worker,JA Clarkson,0,0,,,,,,"",""
ball,3,30.2,Auckland Aces,RR O'Donnell,GH Worker,JA Clarkson,1,0,,,,,,"",""
ball,3,30.3,Auckland Aces,GH Worker,RR O'Donnell,JA Clarkson,0,0,,,,,,"",""
ball,3,30.4,Auckland Aces,GH Worker,RR O'Donnell,JA Clarkson,0,0,,,,,,"",""
ball,3,30.5,Auckland Aces,GH Worker,RR O'Donnell,JA Clarkson,0,0,,,,,,"",""
ball,3,30.6,Auckland Aces,GH Worker,RR O'Donnell,JA Clarkson,0,0,,,,,,"",""
ball,3,31.1,Auckland Aces,RR O'Donnell,GH Worker,AY Patel,0,0,,,,,,"",""
ball,3,31.2,Auckland Aces,RR O'Donnell,GH Worker,AY Patel,0,0,,,,,,"",""
ball,3,31.3,Auckland Aces,RR O'Donnell,GH Worker,AY Patel,0,0,,,,,,"",""
ball,3,31.4,Auckland Aces,RR O'Donnell,GH Worker,AY Patel,0,0,,,,,,"",""
ball,3,31.5,Auckland Aces,RR O'Donnell,GH Worker,AY Patel,0,0,,,,,,"",""
ball,3,31.6,Auckland Aces,RR O'Donnell,GH Worker,AY Patel,0,0,,,,,,"",""
ball,3,32.1,Auckland Aces,GH Worker,RR O'Donnell,JA Clarkson,0,0,,,,,,"",""
ball,3,32.2,Auckland Aces,GH Worker,RR O'Donnell,JA Clarkson,0,0,,,,,,caught,GH Worker
ball,3,32.3,Auckland Aces,CD Fletcher,RR O'Donnell,JA Clarkson,0,0,,,,,,"",""
ball,3,32.4,Auckland Aces,CD Fletcher,RR O'Donnell,JA Clarkson,1,0,,,,,,"",""
ball,3,32.5,Auckland Aces,RR O'Donnell,CD Fletcher,JA Clarkson,1,0,,,,,,"",""
ball,3,32.6,Auckland Aces,CD Fletcher,RR O'Donnell,JA Clarkson,0,0,,,,,,"",""
ball,3,33.1,Auckland Aces,RR O'Donnell,CD Fletcher,BM Tickner,0,0,,,,,,"",""
ball,3,33.2,Auckland Aces,RR O'Donnell,CD Fletcher,BM Tickner,2,0,,,,,,"",""
ball,3,33.3,Auckland Aces,RR O'Donnell,CD Fletcher,BM Tickner,0,0,,,,,,"",""
ball,3,33.4,Auckland Aces,RR O'Donnell,CD Fletcher,BM Tickner,1,0,,,,,,"",""
ball,3,33.5,Auckland Aces,CD Fletcher,RR O'Donnell,BM Tickner,0,0,,,,,,"",""
ball,3,33.6,Auckland Aces,CD Fletcher,RR O'Donnell,BM Tickner,0,0,,,,,,"",""
ball,3,34.1,Auckland Aces,RR O'Donnell,CD Fletcher,JA Clarkson,0,0,,,,,,"",""
ball,3,34.2,Auckland Aces,RR O'Donnell,CD Fletcher,JA Clarkson,0,0,,,,,,"",""
ball,3,34.3,Auckland Aces,RR O'Donnell,CD Fletcher,JA Clarkson,4,0,,,,,,"",""
ball,3,34.4,Auckland Aces,RR O'Donnell,CD Fletcher,JA Clarkson,0,0,,,,,,"",""
ball,3,34.5,Auckland Aces,RR O'Donnell,CD Fletcher,JA Clarkson,0,0,,,,,,"",""
ball,3,34.6,Auckland Aces,RR O'Donnell,CD Fletcher,JA Clarkson,0,0,,,,,,"",""
ball,3,35.1,Auckland Aces,CD Fletcher,RR O'Donnell,BM Tickner,0,0,,,,,,"",""
ball,3,35.2,Auckland Aces,CD Fletcher,RR O'Donnell,BM Tickner,0,0,,,,,,"",""
ball,3,35.3,Auckland Aces,CD Fletcher,RR O'Donnell,BM Tickner,0,0,,,,,,"",""
ball,3,35.4,Auckland Aces,CD Fletcher,RR O'Donnell,BM Tickner,0,0,,,,,,"",""
ball,3,35.5,Auckland Aces,CD Fletcher,RR O'Donnell,BM Tickner,0,0,,,,,,"",""
ball,3,35.6,Auckland Aces,CD Fletcher,RR O'Donnell,BM Tickner,0,0,,,,,,"",""
ball,3,36.1,Auckland Aces,RR O'Donnell,CD Fletcher,AY Patel,1,0,,,,,,"",""
ball,3,36.2,Auckland Aces,CD Fletcher,RR O'Donnell,AY Patel,0,0,,,,,,"",""
ball,3,36.3,Auckland Aces,CD Fletcher,RR O'Donnell,AY Patel,1,0,,,,,,"",""
ball,3,36.4,Auckland Aces,RR O'Donnell,CD Fletcher,AY Patel,1,0,,,,,,"",""
ball,3,36.5,Auckland Aces,CD Fletcher,RR O'Donnell,AY Patel,0,0,,,,,,"",""
ball,3,36.6,Auckland Aces,CD Fletcher,RR O'Donnell,AY Patel,0,0,,,,,,"",""
ball,3,37.1,Auckland Aces,RR O'Donnell,CD Fletcher,BM Tickner,4,0,,,,,,"",""
ball,3,37.2,Auckland Aces,RR O'Donnell,CD Fletcher,BM Tickner,0,0,,,,,,"",""
ball,3,37.3,Auckland Aces,RR O'Donnell,CD Fletcher,BM Tickner,0,0,,,,,,"",""
ball,3,37.4,Auckland Aces,RR O'Donnell,CD Fletcher,BM Tickner,2,0,,,,,,"",""
ball,3,37.5,Auckland Aces,RR O'Donnell,CD Fletcher,BM Tickner,0,0,,,,,,"",""
ball,3,37.6,Auckland Aces,RR O'Donnell,CD Fletcher,BM Tickner,0,0,,,,,,"",""
ball,3,38.1,Auckland Aces,CD Fletcher,RR O'Donnell,AY Patel,0,0,,,,,,"",""
ball,3,38.2,Auckland Aces,CD Fletcher,RR O'Donnell,AY Patel,0,0,,,,,,"",""
ball,3,38.3,Auckland Aces,CD Fletcher,RR O'Donnell,AY Patel,6,0,,,,,,"",""
ball,3,38.4,Auckland Aces,CD Fletcher,RR O'Donnell,AY Patel,0,0,,,,,,"",""
ball,3,38.5,Auckland Aces,CD Fletcher,RR O'Donnell,AY Patel,0,0,,,,,,"",""
ball,3,38.6,Auckland Aces,CD Fletcher,RR O'Donnell,AY Patel,0,0,,,,,,"",""
ball,3,39.1,Auckland Aces,RR O'Donnell,CD Fletcher,BM Tickner,1,0,,,,,,"",""
ball,3,39.2,Auckland Aces,CD Fletcher,RR O'Donnell,BM Tickner,4,0,,,,,,"",""
ball,3,39.3,Auckland Aces,CD Fletcher,RR O'Donnell,BM Tickner,0,0,,,,,,"",""
ball,3,39.4,Auckland Aces,CD Fletcher,RR O'Donnell,BM Tickner,0,0,,,,,,"",""
ball,3,39.5,Auckland Aces,CD Fletcher,RR O'Donnell,BM Tickner,0,0,,,,,,"",""
ball,3,39.6,Auckland Aces,CD Fletcher,RR O'Donnell,BM Tickner,0,0,,,,,,"",""
ball,3,40.1,Auckland Aces,RR O'Donnell,CD Fletcher,AY Patel,0,0,,,,,,"",""
ball,3,40.2,Auckland Aces,RR O'Donnell,CD Fletcher,AY Patel,1,0,,,,,,"",""
ball,3,40.3,Auckland Aces,CD Fletcher,RR O'Donnell,AY Patel,1,0,,,,,,"",""
ball,3,40.4,Auckland Aces,RR O'Donnell,CD Fletcher,AY Patel,0,0,,,,,,"",""
ball,3,40.5,Auckland Aces,RR O'Donnell,CD Fletcher,AY Patel,0,0,,,,,,"",""
ball,3,40.6,Auckland Aces,RR O'Donnell,CD Fletcher,AY Patel,1,0,,,,,,"",""
ball,3,41.1,Auckland Aces,RR O'Donnell,CD Fletcher,BM Tickner,0,0,,,,,,"",""
ball,3,41.2,Auckland Aces,RR O'Donnell,CD Fletcher,BM Tickner,0,0,,,,,,"",""
ball,3,41.3,Auckland Aces,RR O'Donnell,CD Fletcher,BM Tickner,1,0,,,,,,"",""
ball,3,41.4,Auckland Aces,CD Fletcher,RR O'Donnell,BM Tickner,0,0,,,,,,"",""
ball,3,41.5,Auckland Aces,CD Fletcher,RR O'Donnell,BM Tickner,0,0,,,,,,"",""
ball,3,41.6,Auckland Aces,CD Fletcher,RR O'Donnell,BM Tickner,0,0,,,,,,"",""
ball,3,42.1,Auckland Aces,RR O'Donnell,CD Fletcher,AY Patel,0,0,,,,,,"",""
ball,3,42.2,Auckland Aces,RR O'Donnell,CD Fletcher,AY Patel,0,0,,,,,,"",""
ball,3,42.3,Auckland Aces,RR O'Donnell,CD Fletcher,AY Patel,0,0,,,,,,"",""
ball,3,42.4,Auckland Aces,RR O'Donnell,CD Fletcher,AY Patel,0,0,,,,,,"",""
ball,3,42.5,Auckland Aces,RR O'Donnell,CD Fletcher,AY Patel,0,0,,,,,,"",""
ball,3,42.6,Auckland Aces,RR O'Donnell,CD Fletcher,AY Patel,0,0,,,,,,"",""
ball,3,43.1,Auckland Aces,CD Fletcher,RR O'Donnell,BD Schmulian,0,0,,,,,,"",""
ball,3,43.2,Auckland Aces,CD Fletcher,RR O'Donnell,BD Schmulian,0,0,,,,,,"",""
ball,3,43.3,Auckland Aces,CD Fletcher,RR O'Donnell,BD Schmulian,0,0,,,,,,"",""
ball,3,43.4,Auckland Aces,CD Fletcher,RR O'Donnell,BD Schmulian,0,0,,,,,,"",""
ball,3,43.5,Auckland Aces,CD Fletcher,RR O'Donnell,BD Schmulian,0,0,,,,,,"",""
ball,3,43.6,Auckland Aces,CD Fletcher,RR O'Donnell,BD Schmulian,0,0,,,,,,"",""
ball,3,44.1,Auckland Aces,RR O'Donnell,CD Fletcher,AY Patel,0,0,,,,,,"",""
ball,3,44.2,Auckland Aces,RR O'Donnell,CD Fletcher,AY Patel,0,0,,,,,,"",""
ball,3,44.3,Auckland Aces,RR O'Donnell,CD Fletcher,AY Patel,0,0,,,,,,"",""
ball,3,44.4,Auckland Aces,RR O'Donnell,CD Fletcher,AY Patel,0,0,,,,,,"",""
ball,3,44.5,Auckland Aces,RR O'Donnell,CD Fletcher,AY Patel,0,0,,,,,,"",""
ball,3,44.6,Auckland Aces,RR O'Donnell,CD Fletcher,AY Patel,0,0,,,,,,"",""
ball,3,45.1,Auckland Aces,CD Fletcher,RR O'Donnell,BD Schmulian,0,0,,,,,,"",""
ball,3,45.2,Auckland Aces,CD Fletcher,RR O'Donnell,BD Schmulian,0,0,,,,,,"",""
ball,3,45.3,Auckland Aces,CD Fletcher,RR O'Donnell,BD Schmulian,1,0,,,,,,"",""
ball,3,45.4,Auckland Aces,RR O'Donnell,CD Fletcher,BD Schmulian,0,0,,,,,,"",""
ball,3,45.5,Auckland Aces,RR O'Donnell,CD Fletcher,BD Schmulian,0,0,,,,,,"",""
ball,3,45.6,Auckland Aces,RR O'Donnell,CD Fletcher,BD Schmulian,0,0,,,,,,"",""
ball,3,46.1,Auckland Aces,CD Fletcher,RR O'Donnell,LR Dudding,0,0,,,,,,"",""
ball,3,46.2,Auckland Aces,CD Fletcher,RR O'Donnell,LR Dudding,0,0,,,,,,"",""
ball,3,46.3,Auckland Aces,CD Fletcher,RR O'Donnell,LR Dudding,0,0,,,,,,"",""
ball,3,46.4,Auckland Aces,CD Fletcher,RR O'Donnell,LR Dudding,1,0,,,,,,"",""
ball,3,46.5,Auckland Aces,RR O'Donnell,CD Fletcher,LR Dudding,0,0,,,,,,"",""
ball,3,46.6,Auckland Aces,RR O'Donnell,CD Fletcher,LR Dudding,0,0,,,,,,"",""
ball,3,47.1,Auckland Aces,CD Fletcher,RR O'Donnell,BD Schmulian,0,0,,,,,,"",""
ball,3,47.2,Auckland Aces,CD Fletcher,RR O'Donnell,BD Schmulian,6,0,,,,,,"",""
ball,3,47.3,Auckland Aces,CD Fletcher,RR O'Donnell,BD Schmulian,0,0,,,,,,"",""
ball,3,47.4,Auckland Aces,CD Fletcher,RR O'Donnell,BD Schmulian,0,0,,,,,,"",""
ball,3,47.5,Auckland Aces,CD Fletcher,RR O'Donnell,BD Schmulian,0,0,,,,,,"",""
ball,3,47.6,Auckland Aces,CD Fletcher,RR O'Donnell,BD Schmulian,0,0,,,,,,"",""
ball,3,48.1,Auckland Aces,RR O'Donnell,CD Fletcher,LR Dudding,0,0,,,,,,"",""
ball,3,48.2,Auckland Aces,RR O'Donnell,CD Fletcher,LR Dudding,0,0,,,,,,"",""
ball,3,48.3,Auckland Aces,RR O'Donnell,CD Fletcher,LR Dudding,0,0,,,,,,bowled,RR O'Donnell
ball,3,48.4,Auckland Aces,J McKenzie,CD Fletcher,LR Dudding,1,0,,,,,,"",""
ball,3,48.5,Auckland Aces,CD Fletcher,J McKenzie,LR Dudding,0,0,,,,,,"",""
ball,3,48.6,Auckland Aces,CD Fletcher,J McKenzie,LR Dudding,0,0,,,,,,"",""
ball,3,49.1,Auckland Aces,J McKenzie,CD Fletcher,AY Patel,0,0,,,,,,"",""
ball,3,49.2,Auckland Aces,J McKenzie,CD Fletcher,AY Patel,0,0,,,,,,"",""
ball,3,49.3,Auckland Aces,J McKenzie,CD Fletcher,AY Patel,0,0,,,,,,"",""
ball,3,49.4,Auckland Aces,J McKenzie,CD Fletcher,AY Patel,1,0,,,,,,"",""
ball,3,49.5,Auckland Aces,CD Fletcher,J McKenzie,AY Patel,0,0,,,,,,"",""
ball,3,49.6,Auckland Aces,CD Fletcher,J McKenzie,AY Patel,0,0,,,,,,"",""
ball,3,50.1,Auckland Aces,J McKenzie,CD Fletcher,LR Dudding,0,0,,,,,,"",""
ball,3,50.2,Auckland Aces,J McKenzie,CD Fletcher,LR Dudding,0,0,,,,,,"",""
ball,3,50.3,Auckland Aces,J McKenzie,CD Fletcher,LR Dudding,0,0,,,,,,"",""
ball,3,50.4,Auckland Aces,J McKenzie,CD Fletcher,LR Dudding,1,0,,,,,,"",""
ball,3,50.5,Auckland Aces,CD Fletcher,J McKenzie,LR Dudding,0,1,,,,1,,"",""
ball,3,50.6,Auckland Aces,J McKenzie,CD Fletcher,LR Dudding,0,0,,,,,,"",""
ball,3,51.1,Auckland Aces,CD Fletcher,J McKenzie,AY Patel,0,0,,,,,,"",""
ball,3,51.2,Auckland Aces,CD Fletcher,J McKenzie,AY Patel,0,0,,,,,,"",""
ball,3,51.3,Auckland Aces,CD Fletcher,J McKenzie,AY Patel,1,0,,,,,,"",""
ball,3,51.4,Auckland Aces,J McKenzie,CD Fletcher,AY Patel,0,0,,,,,,"",""
ball,3,51.5,Auckland Aces,J McKenzie,CD Fletcher,AY Patel,0,0,,,,,,"",""
ball,3,51.6,Auckland Aces,J McKenzie,CD Fletcher,AY Patel,1,0,,,,,,"",""
ball,3,52.1,Auckland Aces,J McKenzie,CD Fletcher,LR Dudding,0,0,,,,,,"",""
ball,3,52.2,Auckland Aces,J McKenzie,CD Fletcher,LR Dudding,1,0,,,,,,"",""
ball,3,52.3,Auckland Aces,CD Fletcher,J McKenzie,LR Dudding,0,0,,,,,,"",""
ball,3,52.4,Auckland Aces,CD Fletcher,J McKenzie,LR Dudding,0,0,,,,,,"",""
ball,3,52.5,Auckland Aces,CD Fletcher,J McKenzie,LR Dudding,0,0,,,,,,"",""
ball,3,52.6,Auckland Aces,CD Fletcher,J McKenzie,LR Dudding,1,0,,,,,,"",""
ball,3,53.1,Auckland Aces,CD Fletcher,J McKenzie,AY Patel,0,0,,,,,,"",""
ball,3,53.2,Auckland Aces,CD Fletcher,J McKenzie,AY Patel,0,0,,,,,,"",""
ball,3,53.3,Auckland Aces,CD Fletcher,J McKenzie,AY Patel,0,0,,,,,,"",""
ball,3,53.4,Auckland Aces,CD Fletcher,J McKenzie,AY Patel,0,0,,,,,,"",""
ball,3,53.5,Auckland Aces,CD Fletcher,J McKenzie,AY Patel,0,0,,,,,,"",""
ball,3,53.6,Auckland Aces,CD Fletcher,J McKenzie,AY Patel,0,0,,,,,,"",""
ball,3,54.1,Auckland Aces,J McKenzie,CD Fletcher,LR Dudding,0,0,,,,,,"",""
ball,3,54.2,Auckland Aces,J McKenzie,CD Fletcher,LR Dudding,0,0,,,,,,"",""
ball,3,54.3,Auckland Aces,J McKenzie,CD Fletcher,LR Dudding,4,0,,,,,,"",""
ball,3,54.4,Auckland Aces,J McKenzie,CD Fletcher,LR Dudding,0,0,,,,,,"",""
ball,3,54.5,Auckland Aces,J McKenzie,CD Fletcher,LR Dudding,0,0,,,,,,"",""
ball,3,54.6,Auckland Aces,J McKenzie,CD Fletcher,LR Dudding,1,0,,,,,,"",""
ball,3,55.1,Auckland Aces,J McKenzie,CD Fletcher,AY Patel,0,0,,,,,,"",""
ball,3,55.2,Auckland Aces,J McKenzie,CD Fletcher,AY Patel,0,0,,,,,,"",""
ball,3,55.3,Auckland Aces,J McKenzie,CD Fletcher,AY Patel,0,0,,,,,,"",""
ball,3,55.4,Auckland Aces,J McKenzie,CD Fletcher,AY Patel,0,0,,,,,,"",""
ball,3,55.5,Auckland Aces,J McKenzie,CD Fletcher,AY Patel,0,0,,,,,,"",""
ball,3,55.6,Auckland Aces,J McKenzie,CD Fletcher,AY Patel,4,0,,,,,,"",""
ball,3,56.1,Auckland Aces,CD Fletcher,J McKenzie,BM Tickner,4,0,,,,,,"",""
ball,3,56.2,Auckland Aces,CD Fletcher,J McKenzie,BM Tickner,0,0,,,,,,"",""
ball,3,56.3,Auckland Aces,CD Fletcher,J McKenzie,BM Tickner,4,0,,,,,,"",""
ball,3,56.4,Auckland Aces,CD Fletcher,J McKenzie,BM Tickner,0,0,,,,,,"",""
ball,3,56.5,Auckland Aces,CD Fletcher,J McKenzie,BM Tickner,0,0,,,,,,"",""
ball,3,56.6,Auckland Aces,CD Fletcher,J McKenzie,BM Tickner,0,0,,,,,,"",""
ball,3,57.1,Auckland Aces,J McKenzie,CD Fletcher,AY Patel,0,0,,,,,,"",""
ball,3,57.2,Auckland Aces,J McKenzie,CD Fletcher,AY Patel,0,0,,,,,,"",""
ball,3,57.3,Auckland Aces,J McKenzie,CD Fletcher,AY Patel,0,0,,,,,,"",""
ball,3,57.4,Auckland Aces,J McKenzie,CD Fletcher,AY Patel,0,0,,,,,,"",""
ball,3,57.5,Auckland Aces,J McKenzie,CD Fletcher,AY Patel,0,0,,,,,,"",""
ball,3,57.6,Auckland Aces,J McKenzie,CD Fletcher,AY Patel,0,0,,,,,,"",""
ball,3,58.1,Auckland Aces,CD Fletcher,J McKenzie,BM Tickner,0,0,,,,,,"",""
ball,3,58.2,Auckland Aces,CD Fletcher,J McKenzie,BM Tickner,0,0,,,,,,"",""
ball,3,58.3,Auckland Aces,CD Fletcher,J McKenzie,BM Tickner,0,0,,,,,,"",""
ball,3,58.4,Auckland Aces,CD Fletcher,J McKenzie,BM Tickner,0,0,,,,,,"",""
ball,3,58.5,Auckland Aces,CD Fletcher,J McKenzie,BM Tickner,0,0,,,,,,"",""
ball,3,58.6,Auckland Aces,CD Fletcher,J McKenzie,BM Tickner,0,0,,,,,,"",""
ball,3,59.1,Auckland Aces,J McKenzie,CD Fletcher,AY Patel,0,0,,,,,,"",""
ball,3,59.2,Auckland Aces,J McKenzie,CD Fletcher,AY Patel,0,0,,,,,,"",""
ball,3,59.3,Auckland Aces,J McKenzie,CD Fletcher,AY Patel,0,0,,,,,,"",""
ball,3,59.4,Auckland Aces,J McKenzie,CD Fletcher,AY Patel,0,0,,,,,,"",""
ball,3,59.5,Auckland Aces,J McKenzie,CD Fletcher,AY Patel,1,0,,,,,,"",""
ball,3,59.6,Auckland Aces,CD Fletcher,J McKenzie,AY Patel,0,0,,,,,,"",""
ball,3,60.1,Auckland Aces,J McKenzie,CD Fletcher,BM Tickner,0,0,,,,,,"",""
ball,3,60.2,Auckland Aces,J McKenzie,CD Fletcher,BM Tickner,0,0,,,,,,"",""
ball,3,60.3,Auckland Aces,J McKenzie,CD Fletcher,BM Tickner,0,0,,,,,,"",""
ball,3,60.4,Auckland Aces,J McKenzie,CD Fletcher,BM Tickner,0,0,,,,,,"",""
ball,3,60.5,Auckland Aces,J McKenzie,CD Fletcher,BM Tickner,0,0,,,,,,"",""
ball,3,60.6,Auckland Aces,J McKenzie,CD Fletcher,BM Tickner,0,0,,,,,,"",""
ball,3,61.1,Auckland Aces,CD Fletcher,J McKenzie,AY Patel,0,0,,,,,,"",""
ball,3,61.2,Auckland Aces,CD Fletcher,J McKenzie,AY Patel,0,0,,,,,,"",""
ball,3,61.3,Auckland Aces,CD Fletcher,J McKenzie,AY Patel,0,0,,,,,,"",""
ball,3,61.4,Auckland Aces,CD Fletcher,J McKenzie,AY Patel,6,0,,,,,,"",""
ball,3,61.5,Auckland Aces,CD Fletcher,J McKenzie,AY Patel,0,0,,,,,,"",""
ball,3,61.6,Auckland Aces,CD Fletcher,J McKenzie,AY Patel,0,0,,,,,,"",""
ball,3,62.1,Auckland Aces,J McKenzie,CD Fletcher,BM Tickner,0,0,,,,,,"",""
ball,3,62.2,Auckland Aces,J McKenzie,CD Fletcher,BM Tickner,0,0,,,,,,"",""
ball,3,62.3,Auckland Aces,J McKenzie,CD Fletcher,BM Tickner,0,0,,,,,,"",""
ball,3,62.4,Auckland Aces,J McKenzie,CD Fletcher,BM Tickner,0,0,,,,,,"",""
ball,3,62.5,Auckland Aces,J McKenzie,CD Fletcher,BM Tickner,0,0,,,,,,"",""
ball,3,62.6,Auckland Aces,J McKenzie,CD Fletcher,BM Tickner,0,0,,,,,,"",""
ball,3,63.1,Auckland Aces,CD Fletcher,J McKenzie,AY Patel,0,0,,,,,,"",""
ball,3,63.2,Auckland Aces,CD Fletcher,J McKenzie,AY Patel,0,0,,,,,,"",""
ball,3,63.3,Auckland Aces,CD Fletcher,J McKenzie,AY Patel,0,0,,,,,,"",""
ball,3,63.4,Auckland Aces,CD Fletcher,J McKenzie,AY Patel,0,0,,,,,,"",""
ball,3,63.5,Auckland Aces,CD Fletcher,J McKenzie,AY Patel,0,0,,,,,,"",""
ball,3,63.6,Auckland Aces,CD Fletcher,J McKenzie,AY Patel,0,0,,,,,,"",""
ball,3,64.1,Auckland Aces,J McKenzie,CD Fletcher,JA Clarkson,0,0,,,,,,"",""
ball,3,64.2,Auckland Aces,J McKenzie,CD Fletcher,JA Clarkson,0,0,,,,,,"",""
ball,3,64.3,Auckland Aces,J McKenzie,CD Fletcher,JA Clarkson,0,0,,,,,,"",""
ball,3,64.4,Auckland Aces,J McKenzie,CD Fletcher,JA Clarkson,0,0,,,,,,"",""
ball,3,64.5,Auckland Aces,J McKenzie,CD Fletcher,JA Clarkson,1,0,,,,,,"",""
ball,3,64.6,Auckland Aces,CD Fletcher,J McKenzie,JA Clarkson,0,0,,,,,,"",""
ball,3,65.1,Auckland Aces,J McKenzie,CD Fletcher,BD Schmulian,0,0,,,,,,"",""
ball,3,65.2,Auckland Aces,J McKenzie,CD Fletcher,BD Schmulian,1,0,,,,,,"",""
ball,3,65.3,Auckland Aces,CD Fletcher,J McKenzie,BD Schmulian,1,0,,,,,,"",""
ball,3,65.4,Auckland Aces,J McKenzie,CD Fletcher,BD Schmulian,1,0,,,,,,"",""
ball,3,65.5,Auckland Aces,CD Fletcher,J McKenzie,BD Schmulian,0,0,,,,,,"",""
ball,3,65.6,Auckland Aces,CD Fletcher,J McKenzie,BD Schmulian,0,0,,,,,,lbw,CD Fletcher
ball,3,66.1,Auckland Aces,J McKenzie,DK Ferns,JA Clarkson,0,0,,,,,,"",""
ball,3,66.2,Auckland Aces,J McKenzie,DK Ferns,JA Clarkson,1,0,,,,,,"",""
ball,3,66.3,Auckland Aces,DK Ferns,J McKenzie,JA Clarkson,0,0,,,,,,"",""
ball,3,66.4,Auckland Aces,DK Ferns,J McKenzie,JA Clarkson,0,0,,,,,,"",""
ball,3,66.5,Auckland Aces,DK Ferns,J McKenzie,JA Clarkson,0,0,,,,,,"",""
ball,3,66.6,Auckland Aces,DK Ferns,J McKenzie,JA Clarkson,0,0,,,,,,"",""
ball,3,67.1,Auckland Aces,J McKenzie,DK Ferns,BD Schmulian,2,0,,,,,,"",""
ball,3,67.2,Auckland Aces,J McKenzie,DK Ferns,BD Schmulian,1,0,,,,,,"",""
ball,3,67.3,Auckland Aces,DK Ferns,J McKenzie,BD Schmulian,0,0,,,,,,"",""
ball,3,67.4,Auckland Aces,DK Ferns,J McKenzie,BD Schmulian,0,0,,,,,,"",""
ball,3,67.5,Auckland Aces,DK Ferns,J McKenzie,BD Schmulian,0,0,,,,,,"",""
ball,3,67.6,Auckland Aces,DK Ferns,J McKenzie,BD Schmulian,0,0,,,,,,"",""
ball,3,68.1,Auckland Aces,J McKenzie,DK Ferns,JA Clarkson,0,0,,,,,,"",""
ball,3,68.2,Auckland Aces,J McKenzie,DK Ferns,JA Clarkson,0,0,,,,,,"",""
ball,3,68.3,Auckland Aces,J McKenzie,DK Ferns,JA Clarkson,0,0,,,,,,"",""
ball,3,68.4,Auckland Aces,J McKenzie,DK Ferns,JA Clarkson,1,0,,,,,,"",""
ball,3,68.5,Auckland Aces,DK Ferns,J McKenzie,JA Clarkson,0,0,,,,,,"",""
ball,3,68.6,Auckland Aces,DK Ferns,J McKenzie,JA Clarkson,0,0,,,,,,"",""
ball,3,69.1,Auckland Aces,J McKenzie,DK Ferns,AY Patel,0,0,,,,,,"",""
ball,3,69.2,Auckland Aces,J McKenzie,DK Ferns,AY Patel,0,0,,,,,,"",""
ball,3,69.3,Auckland Aces,J McKenzie,DK Ferns,AY Patel,1,0,,,,,,"",""
ball,3,69.4,Auckland Aces,DK Ferns,J McKenzie,AY Patel,0,0,,,,,,"",""
ball,3,69.5,Auckland Aces,DK Ferns,J McKenzie,AY Patel,0,0,,,,,,"",""
ball,3,69.6,Auckland Aces,DK Ferns,J McKenzie,AY Patel,0,0,,,,,,lbw,DK Ferns
ball,3,70.1,Auckland Aces,J McKenzie,L Delport,BM Tickner,4,0,,,,,,"",""
ball,3,70.2,Auckland Aces,J McKenzie,L Delport,BM Tickner,0,0,,,,,,"",""
ball,3,70.3,Auckland Aces,J McKenzie,L Delport,BM Tickner,4,0,,,,,,"",""
ball,3,70.4,Auckland Aces,J McKenzie,L Delport,BM Tickner,0,0,,,,,,"",""
ball,3,70.5,Auckland Aces,J McKenzie,L Delport,BM Tickner,0,0,,,,,,"",""
ball,3,70.6,Auckland Aces,J McKenzie,L Delport,BM Tickner,0,0,,,,,,"",""
ball,3,71.1,Auckland Aces,L Delport,J McKenzie,AY Patel,0,0,,,,,,"",""
ball,3,71.2,Auckland Aces,L Delport,J McKenzie,AY Patel,1,0,,,,,,"",""
ball,3,71.3,Auckland Aces,J McKenzie,L Delport,AY Patel,0,0,,,,,,"",""
ball,3,71.4,Auckland Aces,J McKenzie,L Delport,AY Patel,0,0,,,,,,"",""
ball,3,71.5,Auckland Aces,J McKenzie,L Delport,AY Patel,0,0,,,,,,"",""
ball,3,71.6,Auckland Aces,J McKenzie,L Delport,AY Patel,0,0,,,,,,"",""
ball,3,72.1,Auckland Aces,L Delport,J McKenzie,BM Tickner,0,0,,,,,,"",""
ball,3,72.2,Auckland Aces,L Delport,J McKenzie,BM Tickner,6,0,,,,,,"",""
ball,3,72.3,Auckland Aces,L Delport,J McKenzie,BM Tickner,0,1,,1,,,,"",""
ball,3,72.4,Auckland Aces,L Delport,J McKenzie,BM Tickner,0,0,,,,,,"",""
ball,3,72.5,Auckland Aces,L Delport,J McKenzie,BM Tickner,0,0,,,,,,"",""
ball,3,72.6,Auckland Aces,L Delport,J McKenzie,BM Tickner,0,0,,,,,,"",""
ball,3,72.7,Auckland Aces,L Delport,J McKenzie,BM Tickner,0,0,,,,,,"",""
ball,3,73.1,Auckland Aces,J McKenzie,L Delport,AY Patel,0,0,,,,,,"",""
ball,3,73.2,Auckland Aces,J McKenzie,L Delport,AY Patel,0,0,,,,,,"",""
ball,3,73.3,Auckland Aces,J McKenzie,L Delport,AY Patel,0,1,,,,1,,"",""
ball,3,73.4,Auckland Aces,L Delport,J McKenzie,AY Patel,0,0,,,,,,"",""
ball,3,73.5,Auckland Aces,L Delport,J McKenzie,AY Patel,4,0,,,,,,"",""
ball,3,73.6,Auckland Aces,L Delport,J McKenzie,AY Patel,0,0,,,,,,"",""
ball,3,74.1,Auckland Aces,J McKenzie,L Delport,JA Clarkson,0,0,,,,,,"",""
ball,3,74.2,Auckland Aces,J McKenzie,L Delport,JA Clarkson,0,0,,,,,,"",""
ball,3,74.3,Auckland Aces,J McKenzie,L Delport,JA Clarkson,0,0,,,,,,"",""
ball,3,74.4,Auckland Aces,J McKenzie,L Delport,JA Clarkson,0,0,,,,,,"",""
ball,3,74.5,Auckland Aces,J McKenzie,L Delport,JA Clarkson,0,0,,,,,,"",""
ball,3,74.6,Auckland Aces,J McKenzie,L Delport,JA Clarkson,0,0,,,,,,"",""
ball,3,75.1,Auckland Aces,L Delport,J McKenzie,AY Patel,0,0,,,,,,"",""
ball,3,75.2,Auckland Aces,L Delport,J McKenzie,AY Patel,0,0,,,,,,"",""
ball,3,75.3,Auckland Aces,L Delport,J McKenzie,AY Patel,0,0,,,,,,"",""
ball,3,75.4,Auckland Aces,L Delport,J McKenzie,AY Patel,4,0,,,,,,"",""
ball,3,75.5,Auckland Aces,L Delport,J McKenzie,AY Patel,0,0,,,,,,"",""
ball,3,75.6,Auckland Aces,L Delport,J McKenzie,AY Patel,0,0,,,,,,"",""
ball,3,76.1,Auckland Aces,J McKenzie,L Delport,JA Clarkson,1,0,,,,,,"",""
ball,3,76.2,Auckland Aces,L Delport,J McKenzie,JA Clarkson,0,0,,,,,,"",""
ball,3,76.3,Auckland Aces,L Delport,J McKenzie,JA Clarkson,0,0,,,,,,"",""
ball,3,76.4,Auckland Aces,L Delport,J McKenzie,JA Clarkson,0,2,,1,,1,,"",""
ball,3,76.5,Auckland Aces,J McKenzie,L Delport,JA Clarkson,0,0,,,,,,"",""
ball,3,76.6,Auckland Aces,J McKenzie,L Delport,JA Clarkson,0,0,,,,,,"",""
ball,3,76.7,Auckland Aces,J McKenzie,L Delport,JA Clarkson,1,0,,,,,,"",""
ball,3,77.1,Auckland Aces,J McKenzie,L Delport,AY Patel,1,0,,,,,,"",""
ball,3,77.2,Auckland Aces,L Delport,J McKenzie,AY Patel,0,0,,,,,,"",""
ball,3,77.3,Auckland Aces,L Delport,J McKenzie,AY Patel,0,0,,,,,,"",""
ball,3,77.4,Auckland Aces,L Delport,J McKenzie,AY Patel,6,0,,,,,,"",""
ball,3,77.5,Auckland Aces,L Delport,J McKenzie,AY Patel,6,0,,,,,,"",""
ball,3,77.6,Auckland Aces,L Delport,J McKenzie,AY Patel,6,0,,,,,,"",""
ball,3,78.1,Auckland Aces,J McKenzie,L Delport,JA Clarkson,4,0,,,,,,"",""
ball,3,78.2,Auckland Aces,J McKenzie,L Delport,JA Clarkson,0,0,,,,,,"",""
ball,3,78.3,Auckland Aces,J McKenzie,L Delport,JA Clarkson,0,0,,,,,,"",""
ball,3,78.4,Auckland Aces,J McKenzie,L Delport,JA Clarkson,0,0,,,,,,"",""
ball,3,78.5,Auckland Aces,J McKenzie,L Delport,JA Clarkson,0,0,,,,,,"",""
ball,3,78.6,Auckland Aces,J McKenzie,L Delport,JA Clarkson,0,0,,,,,,caught,J McKenzie
ball,3,79.1,Auckland Aces,L Delport,J Sussex,BD Schmulian,0,0,,,,,,"",""
ball,3,79.2,Auckland Aces,L Delport,J Sussex,BD Schmulian,0,0,,,,,,caught,L Delport
ball,3,79.3,Auckland Aces,BG Lister,J Sussex,BD Schmulian,0,0,,,,,,"",""
ball,3,79.4,Auckland Aces,BG Lister,J Sussex,BD Schmulian,0,0,,,,,,"",""
ball,3,79.5,Auckland Aces,BG Lister,J Sussex,BD Schmulian,0,0,,,,,,"",""
ball,3,79.6,Auckland Aces,BG Lister,J Sussex,BD Schmulian,0,0,,,,,,"",""
ball,3,80.1,Auckland Aces,J Sussex,BG Lister,JA Clarkson,0,0,,,,,,"",""
ball,3,80.2,Auckland Aces,J Sussex,BG Lister,JA Clarkson,0,0,,,,,,"",""
ball,3,80.3,Auckland Aces,J Sussex,BG Lister,JA Clarkson,0,0,,,,,,"",""
ball,3,80.4,Auckland Aces,J Sussex,BG Lister,JA Clarkson,0,0,,,,,,"",""
ball,3,80.5,Auckland Aces,J Sussex,BG Lister,JA Clarkson,0,2,,,,2,,"",""
ball,3,80.6,Auckland Aces,J Sussex,BG Lister,JA Clarkson,0,0,,,,,,"",""
ball,3,81.1,Auckland Aces,BG Lister,J Sussex,LR Dudding,0,1,1,,,,,"",""
ball,3,81.2,Auckland Aces,BG Lister,J Sussex,LR Dudding,0,0,,,,,,"",""
ball,3,81.3,Auckland Aces,BG Lister,J Sussex,LR Dudding,0,0,,,,,,"",""
ball,3,81.4,Auckland Aces,BG Lister,J Sussex,LR Dudding,0,0,,,,,,bowled,BG Lister
ball,4,0.1,Central Stags,CG Heaphy,WA Young,BG Lister,0,0,,,,,,"",""
ball,4,0.2,Central Stags,CG Heaphy,WA Young,BG Lister,0,0,,,,,,"",""
ball,4,0.3,Central Stags,CG Heaphy,WA Young,BG Lister,0,0,,,,,,"",""
ball,4,0.4,Central Stags,CG Heaphy,WA Young,BG Lister,0,0,,,,,,"",""
ball,4,0.5,Central Stags,CG Heaphy,WA Young,BG Lister,0,0,,,,,,"",""
ball,4,0.6,Central Stags,CG Heaphy,WA Young,BG Lister,0,0,,,,,,"",""
ball,4,1.1,Central Stags,WA Young,CG Heaphy,J Sussex,0,0,,,,,,"",""
ball,4,1.2,Central Stags,WA Young,CG Heaphy,J Sussex,0,0,,,,,,"",""
ball,4,1.3,Central Stags,WA Young,CG Heaphy,J Sussex,0,0,,,,,,"",""
ball,4,1.4,Central Stags,WA Young,CG Heaphy,J Sussex,2,0,,,,,,"",""
ball,4,1.5,Central Stags,WA Young,CG Heaphy,J Sussex,0,0,,,,,,"",""
ball,4,1.6,Central Stags,WA Young,CG Heaphy,J Sussex,0,0,,,,,,"",""
ball,4,2.1,Central Stags,CG Heaphy,WA Young,BG Lister,0,0,,,,,,"",""
ball,4,2.2,Central Stags,CG Heaphy,WA Young,BG Lister,0,1,,,,1,,"",""
ball,4,2.3,Central Stags,WA Young,CG Heaphy,BG Lister,0,0,,,,,,"",""
ball,4,2.4,Central Stags,WA Young,CG Heaphy,BG Lister,0,0,,,,,,"",""
ball,4,2.5,Central Stags,WA Young,CG Heaphy,BG Lister,0,0,,,,,,"",""
ball,4,2.6,Central Stags,WA Young,CG Heaphy,BG Lister,0,0,,,,,,"",""
ball,4,3.1,Central Stags,CG Heaphy,WA Young,J Sussex,0,0,,,,,,"",""
ball,4,3.2,Central Stags,CG Heaphy,WA Young,J Sussex,0,0,,,,,,"",""
ball,4,3.3,Central Stags,CG Heaphy,WA Young,J Sussex,0,0,,,,,,"",""
ball,4,3.4,Central Stags,CG Heaphy,WA Young,J Sussex,0,0,,,,,,"",""
ball,4,3.5,Central Stags,CG Heaphy,WA Young,J Sussex,0,0,,,,,,"",""
ball,4,3.6,Central Stags,CG Heaphy,WA Young,J Sussex,0,0,,,,,,lbw,CG Heaphy
ball,4,4.1,Central Stags,WA Young,GR Hay,BG Lister,4,0,,,,,,"",""
ball,4,4.2,Central Stags,WA Young,GR Hay,BG Lister,2,0,,,,,,"",""
ball,4,4.3,Central Stags,WA Young,GR Hay,BG Lister,0,0,,,,,,"",""
ball,4,4.4,Central Stags,WA Young,GR Hay,BG Lister,0,0,,,,,,"",""
ball,4,4.5,Central Stags,WA Young,GR Hay,BG Lister,0,0,,,,,,"",""
ball,4,4.6,Central Stags,WA Young,GR Hay,BG Lister,0,0,,,,,,"",""
ball,4,5.1,Central Stags,GR Hay,WA Young,J Sussex,0,0,,,,,,"",""
ball,4,5.2,Central Stags,GR Hay,WA Young,J Sussex,0,0,,,,,,"",""
ball,4,5.3,Central Stags,GR Hay,WA Young,J Sussex,0,0,,,,,,"",""
ball,4,5.4,Central Stags,GR Hay,WA Young,J Sussex,0,0,,,,,,"",""
ball,4,5.5,Central Stags,GR Hay,WA Young,J Sussex,4,0,,,,,,"",""
ball,4,5.6,Central Stags,GR Hay,WA Young,J Sussex,0,0,,,,,,"",""
ball,4,6.1,Central Stags,WA Young,GR Hay,BG Lister,0,0,,,,,,"",""
ball,4,6.2,Central Stags,WA Young,GR Hay,BG Lister,0,0,,,,,,"",""
ball,4,6.3,Central Stags,WA Young,GR Hay,BG Lister,1,0,,,,,,"",""
ball,4,6.4,Central Stags,GR Hay,WA Young,BG Lister,0,0,,,,,,"",""
ball,4,6.5,Central Stags,GR Hay,WA Young,BG Lister,0,0,,,,,,"",""
ball,4,6.6,Central Stags,GR Hay,WA Young,BG Lister,4,0,,,,,,"",""
ball,4,7.1,Central Stags,WA Young,GR Hay,J Sussex,0,0,,,,,,caught,WA Young
ball,4,7.2,Central Stags,BD Schmulian,GR Hay,J Sussex,1,0,,,,,,"",""
ball,4,7.3,Central Stags,GR Hay,BD Schmulian,J Sussex,0,0,,,,,,"",""
ball,4,7.4,Central Stags,GR Hay,BD Schmulian,J Sussex,4,0,,,,,,"",""
ball,4,7.5,Central Stags,GR Hay,BD Schmulian,J Sussex,0,0,,,,,,"",""
ball,4,7.6,Central Stags,GR Hay,BD Schmulian,J Sussex,0,0,,,,,,"",""
ball,4,8.1,Central Stags,BD Schmulian,GR Hay,BG Lister,0,0,,,,,,"",""
ball,4,8.2,Central Stags,BD Schmulian,GR Hay,BG Lister,0,0,,,,,,"",""
ball,4,8.3,Central Stags,BD Schmulian,GR Hay,BG Lister,1,0,,,,,,"",""
ball,4,8.4,Central Stags,GR Hay,BD Schmulian,BG Lister,0,0,,,,,,caught,GR Hay
ball,4,8.5,Central Stags,TC Bruce,BD Schmulian,BG Lister,1,0,,,,,,"",""
ball,4,8.6,Central Stags,BD Schmulian,TC Bruce,BG Lister,2,0,,,,,,"",""
ball,4,9.1,Central Stags,TC Bruce,BD Schmulian,J Sussex,0,0,,,,,,"",""
ball,4,9.2,Central Stags,TC Bruce,BD Schmulian,J Sussex,0,0,,,,,,"",""
ball,4,9.3,Central Stags,TC Bruce,BD Schmulian,J Sussex,0,0,,,,,,"",""
ball,4,9.4,Central Stags,TC Bruce,BD Schmulian,J Sussex,0,0,,,,,,"",""
ball,4,9.5,Central Stags,TC Bruce,BD Schmulian,J Sussex,0,0,,,,,,"",""
ball,4,9.6,Central Stags,TC Bruce,BD Schmulian,J Sussex,0,0,,,,,,"",""
ball,4,10.1,Central Stags,BD Schmulian,TC Bruce,BG Lister,0,0,,,,,,"",""
ball,4,10.2,Central Stags,BD Schmulian,TC Bruce,BG Lister,0,0,,,,,,"",""
ball,4,10.3,Central Stags,BD Schmulian,TC Bruce,BG Lister,0,0,,,,,,"",""
ball,4,10.4,Central Stags,BD Schmulian,TC Bruce,BG Lister,0,0,,,,,,"",""
ball,4,10.5,Central Stags,BD Schmulian,TC Bruce,BG Lister,0,0,,,,,,"",""
ball,4,10.6,Central Stags,BD Schmulian,TC Bruce,BG Lister,4,0,,,,,,"",""
ball,4,11.1,Central Stags,TC Bruce,BD Schmulian,L Delport,0,0,,,,,,"",""
ball,4,11.2,Central Stags,TC Bruce,BD Schmulian,L Delport,0,0,,,,,,"",""
ball,4,11.3,Central Stags,TC Bruce,BD Schmulian,L Delport,0,0,,,,,,"",""
ball,4,11.4,Central Stags,TC Bruce,BD Schmulian,L Delport,6,0,,,,,,"",""
ball,4,11.5,Central Stags,TC Bruce,BD Schmulian,L Delport,1,0,,,,,,"",""
ball,4,11.6,Central Stags,BD Schmulian,TC Bruce,L Delport,0,0,,,,,,"",""
ball,4,12.1,Central Stags,TC Bruce,BD Schmulian,DK Ferns,0,0,,,,,,"",""
ball,4,12.2,Central Stags,TC Bruce,BD Schmulian,DK Ferns,4,0,,,,,,"",""
ball,4,12.3,Central Stags,TC Bruce,BD Schmulian,DK Ferns,0,0,,,,,,"",""
ball,4,12.4,Central Stags,TC Bruce,BD Schmulian,DK Ferns,0,0,,,,,,"",""
ball,4,12.5,Central Stags,TC Bruce,BD Schmulian,DK Ferns,1,0,,,,,,"",""
ball,4,12.6,Central Stags,BD Schmulian,TC Bruce,DK Ferns,1,0,,,,,,"",""
ball,4,13.1,Central Stags,BD Schmulian,TC Bruce,L Delport,0,0,,,,,,"",""
ball,4,13.2,Central Stags,BD Schmulian,TC Bruce,L Delport,0,0,,,,,,"",""
ball,4,13.3,Central Stags,BD Schmulian,TC Bruce,L Delport,0,0,,,,,,"",""
ball,4,13.4,Central Stags,BD Schmulian,TC Bruce,L Delport,0,0,,,,,,"",""
ball,4,13.5,Central Stags,BD Schmulian,TC Bruce,L Delport,0,0,,,,,,"",""
ball,4,13.6,Central Stags,BD Schmulian,TC Bruce,L Delport,0,0,,,,,,"",""
ball,4,14.1,Central Stags,TC Bruce,BD Schmulian,DK Ferns,0,0,,,,,,"",""
ball,4,14.2,Central Stags,TC Bruce,BD Schmulian,DK Ferns,0,0,,,,,,"",""
ball,4,14.3,Central Stags,TC Bruce,BD Schmulian,DK Ferns,0,0,,,,,,"",""
ball,4,14.4,Central Stags,TC Bruce,BD Schmulian,DK Ferns,1,0,,,,,,"",""
ball,4,14.5,Central Stags,BD Schmulian,TC Bruce,DK Ferns,0,0,,,,,,"",""
ball,4,14.6,Central Stags,BD Schmulian,TC Bruce,DK Ferns,0,0,,,,,,"",""
ball,4,15.1,Central Stags,TC Bruce,BD Schmulian,L Delport,1,0,,,,,,"",""
ball,4,15.2,Central Stags,BD Schmulian,TC Bruce,L Delport,0,0,,,,,,"",""
ball,4,15.3,Central Stags,BD Schmulian,TC Bruce,L Delport,0,0,,,,,,"",""
ball,4,15.4,Central Stags,BD Schmulian,TC Bruce,L Delport,0,0,,,,,,"",""
ball,4,15.5,Central Stags,BD Schmulian,TC Bruce,L Delport,0,0,,,,,,"",""
ball,4,15.6,Central Stags,BD Schmulian,TC Bruce,L Delport,0,0,,,,,,"",""
ball,4,16.1,Central Stags,TC Bruce,BD Schmulian,BG Lister,0,0,,,,,,"",""
ball,4,16.2,Central Stags,TC Bruce,BD Schmulian,BG Lister,1,0,,,,,,"",""
ball,4,16.3,Central Stags,BD Schmulian,TC Bruce,BG Lister,0,0,,,,,,"",""
ball,4,16.4,Central Stags,BD Schmulian,TC Bruce,BG Lister,0,0,,,,,,"",""
ball,4,16.5,Central Stags,BD Schmulian,TC Bruce,BG Lister,2,0,,,,,,"",""
ball,4,16.6,Central Stags,BD Schmulian,TC Bruce,BG Lister,0,0,,,,,,"",""
ball,4,17.1,Central Stags,TC Bruce,BD Schmulian,J Sussex,0,0,,,,,,"",""
ball,4,17.2,Central Stags,TC Bruce,BD Schmulian,J Sussex,1,0,,,,,,"",""
ball,4,17.3,Central Stags,BD Schmulian,TC Bruce,J Sussex,1,0,,,,,,"",""
ball,4,17.4,Central Stags,TC Bruce,BD Schmulian,J Sussex,4,0,,,,,,"",""
ball,4,17.5,Central Stags,TC Bruce,BD Schmulian,J Sussex,0,0,,,,,,"",""
ball,4,17.6,Central Stags,TC Bruce,BD Schmulian,J Sussex,0,0,,,,,,"",""
ball,4,18.1,Central Stags,BD Schmulian,TC Bruce,BG Lister,4,0,,,,,,"",""
ball,4,18.2,Central Stags,BD Schmulian,TC Bruce,BG Lister,0,0,,,,,,"",""
ball,4,18.3,Central Stags,BD Schmulian,TC Bruce,BG Lister,0,0,,,,,,"",""
ball,4,18.4,Central Stags,BD Schmulian,TC Bruce,BG Lister,1,0,,,,,,"",""
ball,4,18.5,Central Stags,TC Bruce,BD Schmulian,BG Lister,0,0,,,,,,"",""
ball,4,18.6,Central Stags,TC Bruce,BD Schmulian,BG Lister,0,0,,,,,,"",""
ball,4,19.1,Central Stags,BD Schmulian,TC Bruce,J Sussex,4,0,,,,,,"",""
ball,4,19.2,Central Stags,BD Schmulian,TC Bruce,J Sussex,0,0,,,,,,"",""
ball,4,19.3,Central Stags,BD Schmulian,TC Bruce,J Sussex,0,0,,,,,,"",""
ball,4,19.4,Central Stags,BD Schmulian,TC Bruce,J Sussex,0,0,,,,,,"",""
ball,4,19.5,Central Stags,BD Schmulian,TC Bruce,J Sussex,1,0,,,,,,"",""
ball,4,19.6,Central Stags,TC Bruce,BD Schmulian,J Sussex,0,0,,,,,,"",""
ball,4,20.1,Central Stags,BD Schmulian,TC Bruce,BG Lister,0,0,,,,,,"",""
ball,4,20.2,Central Stags,BD Schmulian,TC Bruce,BG Lister,0,0,,,,,,"",""
ball,4,20.3,Central Stags,BD Schmulian,TC Bruce,BG Lister,0,0,,,,,,"",""
ball,4,20.4,Central Stags,BD Schmulian,TC Bruce,BG Lister,0,0,,,,,,"",""
ball,4,20.5,Central Stags,BD Schmulian,TC Bruce,BG Lister,2,0,,,,,,"",""
ball,4,20.6,Central Stags,BD Schmulian,TC Bruce,BG Lister,0,0,,,,,,"",""
ball,4,21.1,Central Stags,TC Bruce,BD Schmulian,J Sussex,1,0,,,,,,"",""
ball,4,21.2,Central Stags,BD Schmulian,TC Bruce,J Sussex,0,0,,,,,,"",""
ball,4,21.3,Central Stags,BD Schmulian,TC Bruce,J Sussex,0,0,,,,,,"",""
ball,4,21.4,Central Stags,BD Schmulian,TC Bruce,J Sussex,0,0,,,,,,caught,BD Schmulian
ball,4,21.5,Central Stags,D Cleaver,TC Bruce,J Sussex,0,0,,,,,,"",""
ball,4,21.6,Central Stags,D Cleaver,TC Bruce,J Sussex,0,0,,,,,,"",""
ball,4,22.1,Central Stags,TC Bruce,D Cleaver,BG Lister,0,0,,,,,,"",""
ball,4,22.2,Central Stags,TC Bruce,D Cleaver,BG Lister,0,0,,,,,,"",""
ball,4,22.3,Central Stags,TC Bruce,D Cleaver,BG Lister,0,0,,,,,,"",""
ball,4,22.4,Central Stags,TC Bruce,D Cleaver,BG Lister,0,0,,,,,,"",""
ball,4,22.5,Central Stags,TC Bruce,D Cleaver,BG Lister,1,0,,,,,,"",""
ball,4,22.6,Central Stags,D Cleaver,TC Bruce,BG Lister,0,0,,,,,,"",""
ball,4,23.1,Central Stags,TC Bruce,D Cleaver,J Sussex,0,0,,,,,,"",""
ball,4,23.2,Central Stags,TC Bruce,D Cleaver,J Sussex,0,0,,,,,,"",""
ball,4,23.3,Central Stags,TC Bruce,D Cleaver,J Sussex,0,0,,,,,,"",""
ball,4,23.4,Central Stags,TC Bruce,D Cleaver,J Sussex,0,0,,,,,,"",""
ball,4,23.5,Central Stags,TC Bruce,D Cleaver,J Sussex,1,0,,,,,,"",""
ball,4,23.6,Central Stags,D Cleaver,TC Bruce,J Sussex,0,0,,,,,,"",""
ball,4,24.1,Central Stags,TC Bruce,D Cleaver,BG Lister,1,0,,,,,,"",""
ball,4,24.2,Central Stags,D Cleaver,TC Bruce,BG Lister,0,0,,,,,,"",""
ball,4,24.3,Central Stags,D Cleaver,TC Bruce,BG Lister,0,0,,,,,,"",""
ball,4,24.4,Central Stags,D Cleaver,TC Bruce,BG Lister,0,0,,,,,,"",""
ball,4,24.5,Central Stags,D Cleaver,TC Bruce,BG Lister,0,0,,,,,,"",""
ball,4,24.6,Central Stags,D Cleaver,TC Bruce,BG Lister,0,0,,,,,,"",""
ball,4,25.1,Central Stags,TC Bruce,D Cleaver,J Sussex,4,0,,,,,,"",""
ball,4,25.2,Central Stags,TC Bruce,D Cleaver,J Sussex,1,0,,,,,,"",""
ball,4,25.3,Central Stags,D Cleaver,TC Bruce,J Sussex,0,0,,,,,,"",""
ball,4,25.4,Central Stags,D Cleaver,TC Bruce,J Sussex,0,0,,,,,,"",""
ball,4,25.5,Central Stags,D Cleaver,TC Bruce,J Sussex,0,0,,,,,,"",""
ball,4,25.6,Central Stags,D Cleaver,TC Bruce,J Sussex,0,0,,,,,,"",""
ball,4,26.1,Central Stags,TC Bruce,D Cleaver,BG Lister,0,0,,,,,,"",""
ball,4,26.2,Central Stags,TC Bruce,D Cleaver,BG Lister,1,0,,,,,,"",""
ball,4,26.3,Central Stags,D Cleaver,TC Bruce,BG Lister,0,0,,,,,,"",""
ball,4,26.4,Central Stags,D Cleaver,TC Bruce,BG Lister,1,0,,,,,,"",""
ball,4,26.5,Central Stags,TC Bruce,D Cleaver,BG Lister,1,0,,,,,,"",""
ball,4,26.6,Central Stags,D Cleaver,TC Bruce,BG Lister,2,0,,,,,,"",""
ball,4,27.1,Central Stags,TC Bruce,D Cleaver,J Sussex,0,0,,,,,,"",""
ball,4,27.2,Central Stags,TC Bruce,D Cleaver,J Sussex,0,0,,,,,,"",""
ball,4,27.3,Central Stags,TC Bruce,D Cleaver,J Sussex,4,0,,,,,,"",""
ball,4,27.4,Central Stags,TC Bruce,D Cleaver,J Sussex,0,0,,,,,,"",""
ball,4,27.5,Central Stags,TC Bruce,D Cleaver,J Sussex,1,0,,,,,,"",""
ball,4,27.6,Central Stags,D Cleaver,TC Bruce,J Sussex,0,0,,,,,,"",""
ball,4,28.1,Central Stags,TC Bruce,D Cleaver,DK Ferns,0,0,,,,,,caught,TC Bruce
ball,4,28.2,Central Stags,JA Clarkson,D Cleaver,DK Ferns,0,0,,,,,,"",""
ball,4,28.3,Central Stags,JA Clarkson,D Cleaver,DK Ferns,0,0,,,,,,"",""
ball,4,28.4,Central Stags,JA Clarkson,D Cleaver,DK Ferns,0,0,,,,,,"",""
ball,4,28.5,Central Stags,JA Clarkson,D Cleaver,DK Ferns,1,0,,,,,,"",""
ball,4,28.6,Central Stags,D Cleaver,JA Clarkson,DK Ferns,0,1,1,,,,,"",""
ball,4,28.7,Central Stags,D Cleaver,JA Clarkson,DK Ferns,0,0,,,,,,"",""
ball,4,29.1,Central Stags,JA Clarkson,D Cleaver,J Sussex,0,0,,,,,,"",""
ball,4,29.2,Central Stags,JA Clarkson,D Cleaver,J Sussex,0,0,,,,,,"",""
ball,4,29.3,Central Stags,JA Clarkson,D Cleaver,J Sussex,1,0,,,,,,"",""
ball,4,29.4,Central Stags,D Cleaver,JA Clarkson,J Sussex,0,0,,,,,,"",""
ball,4,29.5,Central Stags,D Cleaver,JA Clarkson,J Sussex,0,0,,,,,,"",""
ball,4,29.6,Central Stags,D Cleaver,JA Clarkson,J Sussex,1,0,,,,,,"",""
ball,4,30.1,Central Stags,D Cleaver,JA Clarkson,DK Ferns,0,0,,,,,,"",""
ball,4,30.2,Central Stags,D Cleaver,JA Clarkson,DK Ferns,0,0,,,,,,"",""
ball,4,30.3,Central Stags,D Cleaver,JA Clarkson,DK Ferns,0,0,,,,,,"",""
ball,4,30.4,Central Stags,D Cleaver,JA Clarkson,DK Ferns,0,0,,,,,,"",""
ball,4,30.5,Central Stags,D Cleaver,JA Clarkson,DK Ferns,0,0,,,,,,"",""
ball,4,30.6,Central Stags,D Cleaver,JA Clarkson,DK Ferns,0,0,,,,,,"",""
ball,4,31.1,Central Stags,JA Clarkson,D Cleaver,SM Solia,0,0,,,,,,"",""
ball,4,31.2,Central Stags,JA Clarkson,D Cleaver,SM Solia,0,0,,,,,,"",""
ball,4,31.3,Central Stags,JA Clarkson,D Cleaver,SM Solia,3,0,,,,,,"",""
ball,4,31.4,Central Stags,D Cleaver,JA Clarkson,SM Solia,0,0,,,,,,"",""
ball,4,31.5,Central Stags,D Cleaver,JA Clarkson,SM Solia,2,0,,,,,,"",""
ball,4,31.6,Central Stags,D Cleaver,JA Clarkson,SM Solia,0,0,,,,,,"",""
ball,4,32.1,Central Stags,JA Clarkson,D Cleaver,DK Ferns,1,0,,,,,,"",""
ball,4,32.2,Central Stags,D Cleaver,JA Clarkson,DK Ferns,0,0,,,,,,"",""
ball,4,32.3,Central Stags,D Cleaver,JA Clarkson,DK Ferns,0,0,,,,,,"",""
ball,4,32.4,Central Stags,D Cleaver,JA Clarkson,DK Ferns,0,0,,,,,,"",""
ball,4,32.5,Central Stags,D Cleaver,JA Clarkson,DK Ferns,0,0,,,,,,"",""
ball,4,32.6,Central Stags,D Cleaver,JA Clarkson,DK Ferns,0,0,,,,,,"",""
ball,4,33.1,Central Stags,JA Clarkson,D Cleaver,SM Solia,0,0,,,,,,"",""
ball,4,33.2,Central Stags,JA Clarkson,D Cleaver,SM Solia,0,0,,,,,,"",""
ball,4,33.3,Central Stags,JA Clarkson,D Cleaver,SM Solia,1,0,,,,,,"",""
ball,4,33.4,Central Stags,D Cleaver,JA Clarkson,SM Solia,0,0,,,,,,"",""
ball,4,33.5,Central Stags,D Cleaver,JA Clarkson,SM Solia,0,0,,,,,,"",""
ball,4,33.6,Central Stags,D Cleaver,JA Clarkson,SM Solia,1,0,,,,,,"",""
ball,4,34.1,Central Stags,D Cleaver,JA Clarkson,DK Ferns,2,0,,,,,,"",""
ball,4,34.2,Central Stags,D Cleaver,JA Clarkson,DK Ferns,1,0,,,,,,"",""
ball,4,34.3,Central Stags,JA Clarkson,D Cleaver,DK Ferns,0,0,,,,,,"",""
ball,4,34.4,Central Stags,JA Clarkson,D Cleaver,DK Ferns,1,0,,,,,,"",""
ball,4,34.5,Central Stags,D Cleaver,JA Clarkson,DK Ferns,1,0,,,,,,"",""
ball,4,34.6,Central Stags,JA Clarkson,D Cleaver,DK Ferns,0,0,,,,,,"",""
ball,4,35.1,Central Stags,D Cleaver,JA Clarkson,SM Solia,0,0,,,,,,"",""
ball,4,35.2,Central Stags,D Cleaver,JA Clarkson,SM Solia,1,0,,,,,,"",""
ball,4,35.3,Central Stags,JA Clarkson,D Cleaver,SM Solia,0,0,,,,,,"",""
ball,4,35.4,Central Stags,JA Clarkson,D Cleaver,SM Solia,1,0,,,,,,"",""
ball,4,35.5,Central Stags,D Cleaver,JA Clarkson,SM Solia,0,0,,,,,,"",""
ball,4,35.6,Central Stags,D Cleaver,JA Clarkson,SM Solia,0,0,,,,,,"",""
ball,4,36.1,Central Stags,JA Clarkson,D Cleaver,DK Ferns,0,0,,,,,,"",""
ball,4,36.2,Central Stags,JA Clarkson,D Cleaver,DK Ferns,1,0,,,,,,"",""
ball,4,36.3,Central Stags,D Cleaver,JA Clarkson,DK Ferns,1,0,,,,,,"",""
ball,4,36.4,Central Stags,JA Clarkson,D Cleaver,DK Ferns,2,0,,,,,,"",""
ball,4,36.5,Central Stags,JA Clarkson,D Cleaver,DK Ferns,0,0,,,,,,"",""
ball,4,36.6,Central Stags,JA Clarkson,D Cleaver,DK Ferns,0,0,,,,,,"",""
ball,4,37.1,Central Stags,D Cleaver,JA Clarkson,SM Solia,1,0,,,,,,"",""
ball,4,37.2,Central Stags,JA Clarkson,D Cleaver,SM Solia,0,0,,,,,,"",""
ball,4,37.3,Central Stags,JA Clarkson,D Cleaver,SM Solia,0,0,,,,,,"",""
ball,4,37.4,Central Stags,JA Clarkson,D Cleaver,SM Solia,1,0,,,,,,"",""
ball,4,37.5,Central Stags,D Cleaver,JA Clarkson,SM Solia,0,0,,,,,,"",""
ball,4,37.6,Central Stags,D Cleaver,JA Clarkson,SM Solia,1,0,,,,,,"",""
ball,4,38.1,Central Stags,D Cleaver,JA Clarkson,DK Ferns,6,0,,,,,,"",""
ball,4,38.2,Central Stags,D Cleaver,JA Clarkson,DK Ferns,0,0,,,,,,"",""
ball,4,38.3,Central Stags,D Cleaver,JA Clarkson,DK Ferns,0,0,,,,,,"",""
ball,4,38.4,Central Stags,D Cleaver,JA Clarkson,DK Ferns,0,0,,,,,,"",""
ball,4,38.5,Central Stags,D Cleaver,JA Clarkson,DK Ferns,0,0,,,,,,"",""
ball,4,38.6,Central Stags,D Cleaver,JA Clarkson,DK Ferns,0,0,,,,,,"",""
ball,4,39.1,Central Stags,JA Clarkson,D Cleaver,J Sussex,2,0,,,,,,"",""
ball,4,39.2,Central Stags,JA Clarkson,D Cleaver,J Sussex,0,0,,,,,,caught,JA Clarkson
ball,4,39.3,Central Stags,DAJ Bracewell,D Cleaver,J Sussex,0,0,,,,,,"",""
ball,4,39.4,Central Stags,DAJ Bracewell,D Cleaver,J Sussex,0,0,,,,,,"",""
ball,4,39.5,Central Stags,DAJ Bracewell,D Cleaver,J Sussex,0,0,,,,,,"",""
ball,4,39.6,Central Stags,DAJ Bracewell,D Cleaver,J Sussex,1,0,,,,,,"",""
ball,4,40.1,Central Stags,DAJ Bracewell,D Cleaver,BG Lister,0,0,,,,,,"",""
ball,4,40.2,Central Stags,DAJ Bracewell,D Cleaver,BG Lister,4,0,,,,,,"",""
ball,4,40.3,Central Stags,DAJ Bracewell,D Cleaver,BG Lister,0,0,,,,,,"",""
ball,4,40.4,Central Stags,DAJ Bracewell,D Cleaver,BG Lister,0,0,,,,,,"",""
ball,4,40.5,Central Stags,DAJ Bracewell,D Cleaver,BG Lister,0,0,,,,,,bowled,DAJ Bracewell
ball,4,40.6,Central Stags,AY Patel,D Cleaver,BG Lister,0,0,,,,,,"",""
ball,4,41.1,Central Stags,D Cleaver,AY Patel,J Sussex,0,0,,,,,,"",""
ball,4,41.2,Central Stags,D Cleaver,AY Patel,J Sussex,0,0,,,,,,"",""
ball,4,41.3,Central Stags,D Cleaver,AY Patel,J Sussex,0,0,,,,,,caught,D Cleaver
ball,4,41.4,Central Stags,BM Tickner,AY Patel,J Sussex,0,0,,,,,,"",""
ball,4,41.5,Central Stags,BM Tickner,AY Patel,J Sussex,0,0,,,,,,"",""
ball,4,41.6,Central Stags,BM Tickner,AY Patel,J Sussex,0,0,,,,,,"",""
ball,4,42.1,Central Stags,AY Patel,BM Tickner,BG Lister,0,0,,,,,,"",""
ball,4,42.2,Central Stags,AY Patel,BM Tickner,BG Lister,4,0,,,,,,"",""
ball,4,42.3,Central Stags,AY Patel,BM Tickner,BG Lister,0,0,,,,,,"",""
ball,4,42.4,Central Stags,AY Patel,BM Tickner,BG Lister,0,0,,,,,,caught and bowled,AY Patel
ball,4,42.5,Central Stags,LR Dudding,BM Tickner,BG Lister,0,0,,,,,,"",""
ball,4,42.6,Central Stags,LR Dudding,BM Tickner,BG Lister,0,0,,,,,,"",""
ball,4,43.1,Central Stags,BM Tickner,LR Dudding,J Sussex,1,0,,,,,,"",""
ball,4,43.2,Central Stags,LR Dudding,BM Tickner,J Sussex,0,0,,,,,,"",""
ball,4,43.3,Central Stags,LR Dudding,BM Tickner,J Sussex,0,0,,,,,,"",""
ball,4,43.4,Central Stags,LR Dudding,BM Tickner,J Sussex,4,0,,,,,,"",""
ball,4,43.5,Central Stags,LR Dudding,BM Tickner,J Sussex,1,0,,,,,,"",""
ball,4,43.6,Central Stags,BM Tickner,LR Dudding,J Sussex,0,0,,,,,,"",""
ball,4,44.1,Central Stags,LR Dudding,BM Tickner,BG Lister,3,0,,,,,,"",""
ball,4,44.2,Central Stags,BM Tickner,LR Dudding,BG Lister,1,0,,,,,,"",""
ball,4,44.3,Central Stags,LR Dudding,BM Tickner,BG Lister,0,0,,,,,,"",""
ball,4,44.4,Central Stags,LR Dudding,BM Tickner,BG Lister,0,0,,,,,,"",""
ball,4,44.5,Central Stags,LR Dudding,BM Tickner,BG Lister,0,0,,,,,,"",""
ball,4,44.6,Central Stags,LR Dudding,BM Tickner,BG Lister,0,0,,,,,,"",""
ball,4,45.1,Central Stags,BM Tickner,LR Dudding,J Sussex,0,0,,,,,,"",""
ball,4,45.2,Central Stags,BM Tickner,LR Dudding,J Sussex,1,0,,,,,,"",""
ball,4,45.3,Central Stags,LR Dudding,BM Tickner,J Sussex,0,0,,,,,,caught,LR Dudding
