version,1.7.0
info,balls_per_over,6
info,team,Nottinghamshire
info,team,Warwickshire
info,gender,male
info,season,2024
info,date,2024/04/26
info,date,2024/04/27
info,date,2024/04/28
info,date,2024/04/29
info,event,County Championship
info,match_number,18
info,venue,"Edgbaston, Birmingham"
info,city,Birmingham
info,toss_winner,Nottinghamshire
info,toss_decision,bat
info,umpire,PR Pollard
info,umpire,RA Kettleborough
info,match_referee,AJ Swann
info,outcome,draw
info,player,Nottinghamshire,H Hameed
info,player,Nottinghamshire,BM Duckett
info,player,Nottinghamshire,BT Slater
info,player,Nottinghamshire,WA Young
info,player,Nottinghamshire,JM Clarke
info,player,Nottinghamshire,JA Haynes
info,player,Nottinghamshire,LW James
info,player,Nottinghamshire,CG Harrison
info,player,Nottinghamshire,OP Stone
info,player,Nottinghamshire,DY Pennington
info,player,Nottinghamshire,D Paterson
info,player,Warwickshire,RM Yates
info,player,Warwickshire,AL Davies
info,player,Warwickshire,WMH Rhodes
info,player,Warwickshire,EG Barnard
info,player,Warwickshire,DR Mousley
info,player,Warwickshire,JG Bethell
info,player,Warwickshire,DR Briggs
info,player,Warwickshire,MGK Burgess
info,player,Warwickshire,Aamer Jamal
info,player,Warwickshire,Hasan Ali
info,player,Warwickshire,OJ Hannon-Dalby
info,registry,people,AJ Swann,f9d218a7
info,registry,people,AL Davies,29ede60b
info,registry,people,Aamer Jamal,a8e54ef4
info,registry,people,BM Duckett,5f26f677
info,registry,people,BT Slater,c5f1d2a1
info,registry,people,CG Harrison,f655d740
info,registry,people,D Paterson,462d7c62
info,registry,people,DR Briggs,f3abd0c9
info,registry,people,DR Mousley,876dbe2d
info,registry,people,DY Pennington,219cc59e
info,registry,people,EG Barnard,a510bdd3
info,registry,people,H Hameed,fe0c5457
info,registry,people,Hasan Ali,2911de16
info,registry,people,JA Haynes,fe4ebca0
info,registry,people,JG Bethell,3c55c703
info,registry,people,JM Clarke,2eca67f5
info,registry,people,LW James,2baad3bd
info,registry,people,MGK Burgess,715941c3
info,registry,people,OJ Hannon-Dalby,e0ac7144
info,registry,people,OP Stone,3f659464
info,registry,people,PR Pollard,85d884bb
info,registry,people,RA Kettleborough,4017868f
info,registry,people,RM Yates,3581a798
info,registry,people,WA Young,8afe73e2
info,registry,people,WMH Rhodes,f54dbda7
ball,1,0.1,Nottinghamshire,H Hameed,BM Duckett,OJ Hannon-Dalby,0,0,,,,,,"",""
ball,1,0.2,Nottinghamshire,H Hameed,BM Duckett,OJ Hannon-Dalby,0,0,,,,,,"",""
ball,1,0.3,Nottinghamshire,H Hameed,BM Duckett,OJ Hannon-Dalby,1,0,,,,,,"",""
ball,1,0.4,Nottinghamshire,BM Duckett,H Hameed,OJ Hannon-Dalby,0,0,,,,,,"",""
ball,1,0.5,Nottinghamshire,BM Duckett,H Hameed,OJ Hannon-Dalby,4,0,,,,,,"",""
ball,1,0.6,Nottinghamshire,BM Duckett,H Hameed,OJ Hannon-Dalby,1,0,,,,,,"",""
ball,1,1.1,Nottinghamshire,BM Duckett,H Hameed,Hasan Ali,0,0,,,,,,"",""
ball,1,1.2,Nottinghamshire,BM Duckett,H Hameed,Hasan Ali,2,0,,,,,,"",""
ball,1,1.3,Nottinghamshire,BM Duckett,H Hameed,Hasan Ali,0,0,,,,,,"",""
ball,1,1.4,Nottinghamshire,BM Duckett,H Hameed,Hasan Ali,4,0,,,,,,"",""
ball,1,1.5,Nottinghamshire,BM Duckett,H Hameed,Hasan Ali,0,0,,,,,,"",""
ball,1,1.6,Nottinghamshire,BM Duckett,H Hameed,Hasan Ali,0,0,,,,,,"",""
ball,1,2.1,Nottinghamshire,H Hameed,BM Duckett,OJ Hannon-Dalby,1,0,,,,,,"",""
ball,1,2.2,Nottinghamshire,BM Duckett,H Hameed,OJ Hannon-Dalby,0,0,,,,,,"",""
ball,1,2.3,Nottinghamshire,BM Duckett,H Hameed,OJ Hannon-Dalby,0,0,,,,,,"",""
ball,1,2.4,Nottinghamshire,BM Duckett,H Hameed,OJ Hannon-Dalby,1,0,,,,,,"",""
ball,1,2.5,Nottinghamshire,H Hameed,BM Duckett,OJ Hannon-Dalby,0,0,,,,,,"",""
ball,1,2.6,Nottinghamshire,H Hameed,BM Duckett,OJ Hannon-Dalby,0,0,,,,,,"",""
ball,1,3.1,Nottinghamshire,BM Duckett,H Hameed,Hasan Ali,1,0,,,,,,"",""
ball,1,3.2,Nottinghamshire,H Hameed,BM Duckett,Hasan Ali,0,0,,,,,,"",""
ball,1,3.3,Nottinghamshire,H Hameed,BM Duckett,Hasan Ali,0,0,,,,,,"",""
ball,1,3.4,Nottinghamshire,H Hameed,BM Duckett,Hasan Ali,0,0,,,,,,"",""
ball,1,3.5,Nottinghamshire,H Hameed,BM Duckett,Hasan Ali,0,0,,,,,,"",""
ball,1,3.6,Nottinghamshire,H Hameed,BM Duckett,Hasan Ali,0,0,,,,,,"",""
ball,1,4.1,Nottinghamshire,BM Duckett,H Hameed,OJ Hannon-Dalby,0,0,,,,,,"",""
ball,1,4.2,Nottinghamshire,BM Duckett,H Hameed,OJ Hannon-Dalby,1,0,,,,,,"",""
ball,1,4.3,Nottinghamshire,H Hameed,BM Duckett,OJ Hannon-Dalby,0,0,,,,,,"",""
ball,1,4.4,Nottinghamshire,H Hameed,BM Duckett,OJ Hannon-Dalby,0,0,,,,,,"",""
ball,1,4.5,Nottinghamshire,H Hameed,BM Duckett,OJ Hannon-Dalby,0,0,,,,,,"",""
ball,1,4.6,Nottinghamshire,H Hameed,BM Duckett,OJ Hannon-Dalby,0,0,,,,,,"",""
ball,1,5.1,Nottinghamshire,BM Duckett,H Hameed,Hasan Ali,0,0,,,,,,"",""
ball,1,5.2,Nottinghamshire,BM Duckett,H Hameed,Hasan Ali,0,0,,,,,,"",""
ball,1,5.3,Nottinghamshire,BM Duckett,H Hameed,Hasan Ali,0,0,,,,,,"",""
ball,1,5.4,Nottinghamshire,BM Duckett,H Hameed,Hasan Ali,0,0,,,,,,"",""
ball,1,5.5,Nottinghamshire,BM Duckett,H Hameed,Hasan Ali,0,0,,,,,,"",""
ball,1,5.6,Nottinghamshire,BM Duckett,H Hameed,Hasan Ali,0,0,,,,,,"",""
ball,1,6.1,Nottinghamshire,H Hameed,BM Duckett,OJ Hannon-Dalby,0,0,,,,,,"",""
ball,1,6.2,Nottinghamshire,H Hameed,BM Duckett,OJ Hannon-Dalby,0,0,,,,,,"",""
ball,1,6.3,Nottinghamshire,H Hameed,BM Duckett,OJ Hannon-Dalby,0,0,,,,,,"",""
ball,1,6.4,Nottinghamshire,H Hameed,BM Duckett,OJ Hannon-Dalby,0,0,,,,,,caught,H Hameed
ball,1,6.5,Nottinghamshire,BT Slater,BM Duckett,OJ Hannon-Dalby,0,0,,,,,,"",""
ball,1,6.6,Nottinghamshire,BT Slater,BM Duckett,OJ Hannon-Dalby,0,0,,,,,,"",""
ball,1,7.1,Nottinghamshire,BM Duckett,BT Slater,Hasan Ali,0,0,,,,,,"",""
ball,1,7.2,Nottinghamshire,BM Duckett,BT Slater,Hasan Ali,0,0,,,,,,"",""
ball,1,7.3,Nottinghamshire,BM Duckett,BT Slater,Hasan Ali,4,0,,,,,,"",""
ball,1,7.4,Nottinghamshire,BM Duckett,BT Slater,Hasan Ali,0,0,,,,,,"",""
ball,1,7.5,Nottinghamshire,BM Duckett,BT Slater,Hasan Ali,0,0,,,,,,"",""
ball,1,7.6,Nottinghamshire,BM Duckett,BT Slater,Hasan Ali,1,0,,,,,,"",""
ball,1,8.1,Nottinghamshire,BM Duckett,BT Slater,OJ Hannon-Dalby,4,0,,,,,,"",""
ball,1,8.2,Nottinghamshire,BM Duckett,BT Slater,OJ Hannon-Dalby,0,0,,,,,,"",""
ball,1,8.3,Nottinghamshire,BM Duckett,BT Slater,OJ Hannon-Dalby,0,0,,,,,,"",""
ball,1,8.4,Nottinghamshire,BM Duckett,BT Slater,OJ Hannon-Dalby,1,0,,,,,,"",""
ball,1,8.5,Nottinghamshire,BT Slater,BM Duckett,OJ Hannon-Dalby,0,0,,,,,,"",""
ball,1,8.6,Nottinghamshire,BT Slater,BM Duckett,OJ Hannon-Dalby,0,0,,,,,,"",""
ball,1,9.1,Nottinghamshire,BM Duckett,BT Slater,Hasan Ali,4,0,,,,,,"",""
ball,1,9.2,Nottinghamshire,BM Duckett,BT Slater,Hasan Ali,0,0,,,,,,"",""
ball,1,9.3,Nottinghamshire,BM Duckett,BT Slater,Hasan Ali,2,0,,,,,,"",""
ball,1,9.4,Nottinghamshire,BM Duckett,BT Slater,Hasan Ali,0,0,,,,,,"",""
ball,1,9.5,Nottinghamshire,BM Duckett,BT Slater,Hasan Ali,4,0,,,,,,"",""
ball,1,9.6,Nottinghamshire,BM Duckett,BT Slater,Hasan Ali,2,0,,,,,,"",""
ball,1,10.1,Nottinghamshire,BT Slater,BM Duckett,OJ Hannon-Dalby,0,0,,,,,,"",""
ball,1,10.2,Nottinghamshire,BT Slater,BM Duckett,OJ Hannon-Dalby,0,0,,,,,,"",""
ball,1,10.3,Nottinghamshire,BT Slater,BM Duckett,OJ Hannon-Dalby,0,0,,,,,,"",""
ball,1,10.4,Nottinghamshire,BT Slater,BM Duckett,OJ Hannon-Dalby,0,0,,,,,,"",""
ball,1,10.5,Nottinghamshire,BT Slater,BM Duckett,OJ Hannon-Dalby,0,0,,,,,,"",""
ball,1,10.6,Nottinghamshire,BT Slater,BM Duckett,OJ Hannon-Dalby,0,0,,,,,,"",""
ball,1,11.1,Nottinghamshire,BM Duckett,BT Slater,Aamer Jamal,3,0,,,,,,"",""
ball,1,11.2,Nottinghamshire,BT Slater,BM Duckett,Aamer Jamal,0,0,,,,,,"",""
ball,1,11.3,Nottinghamshire,BT Slater,BM Duckett,Aamer Jamal,0,0,,,,,,"",""
ball,1,11.4,Nottinghamshire,BT Slater,BM Duckett,Aamer Jamal,4,0,,,,,,"",""
ball,1,11.5,Nottinghamshire,BT Slater,BM Duckett,Aamer Jamal,0,0,,,,,,"",""
ball,1,11.6,Nottinghamshire,BT Slater,BM Duckett,Aamer Jamal,0,0,,,,,,"",""
ball,1,12.1,Nottinghamshire,BM Duckett,BT Slater,OJ Hannon-Dalby,0,0,,,,,,"",""
ball,1,12.2,Nottinghamshire,BM Duckett,BT Slater,OJ Hannon-Dalby,0,0,,,,,,"",""
ball,1,12.3,Nottinghamshire,BM Duckett,BT Slater,OJ Hannon-Dalby,1,0,,,,,,"",""
ball,1,12.4,Nottinghamshire,BT Slater,BM Duckett,OJ Hannon-Dalby,0,0,,,,,,"",""
ball,1,12.5,Nottinghamshire,BT Slater,BM Duckett,OJ Hannon-Dalby,0,0,,,,,,"",""
ball,1,12.6,Nottinghamshire,BT Slater,BM Duckett,OJ Hannon-Dalby,1,0,,,,,,"",""
ball,1,13.1,Nottinghamshire,BT Slater,BM Duckett,Aamer Jamal,0,0,,,,,,"",""
ball,1,13.2,Nottinghamshire,BT Slater,BM Duckett,Aamer Jamal,1,0,,,,,,"",""
ball,1,13.3,Nottinghamshire,BM Duckett,BT Slater,Aamer Jamal,1,0,,,,,,"",""
ball,1,13.4,Nottinghamshire,BT Slater,BM Duckett,Aamer Jamal,0,0,,,,,,"",""
ball,1,13.5,Nottinghamshire,BT Slater,BM Duckett,Aamer Jamal,0,0,,,,,,"",""
ball,1,13.6,Nottinghamshire,BT Slater,BM Duckett,Aamer Jamal,0,0,,,,,,"",""
ball,1,14.1,Nottinghamshire,BM Duckett,BT Slater,WMH Rhodes,0,0,,,,,,"",""
ball,1,14.2,Nottinghamshire,BM Duckett,BT Slater,WMH Rhodes,0,0,,,,,,"",""
ball,1,14.3,Nottinghamshire,BM Duckett,BT Slater,WMH Rhodes,0,0,,,,,,"",""
ball,1,14.4,Nottinghamshire,BM Duckett,BT Slater,WMH Rhodes,1,0,,,,,,"",""
ball,1,14.5,Nottinghamshire,BT Slater,BM Duckett,WMH Rhodes,0,0,,,,,,"",""
ball,1,14.6,Nottinghamshire,BT Slater,BM Duckett,WMH Rhodes,0,0,,,,,,"",""
ball,1,15.1,Nottinghamshire,BM Duckett,BT Slater,Aamer Jamal,0,0,,,,,,"",""
ball,1,15.2,Nottinghamshire,BM Duckett,BT Slater,Aamer Jamal,1,0,,,,,,"",""
ball,1,15.3,Nottinghamshire,BT Slater,BM Duckett,Aamer Jamal,0,0,,,,,,"",""
ball,1,15.4,Nottinghamshire,BT Slater,BM Duckett,Aamer Jamal,0,0,,,,,,"",""
ball,1,15.5,Nottinghamshire,BT Slater,BM Duckett,Aamer Jamal,0,0,,,,,,"",""
ball,1,15.6,Nottinghamshire,BT Slater,BM Duckett,Aamer Jamal,0,0,,,,,,"",""
ball,1,16.1,Nottinghamshire,BM Duckett,BT Slater,WMH Rhodes,0,0,,,,,,"",""
ball,1,16.2,Nottinghamshire,BM Duckett,BT Slater,WMH Rhodes,0,0,,,,,,"",""
ball,1,16.3,Nottinghamshire,BM Duckett,BT Slater,WMH Rhodes,0,0,,,,,,"",""
ball,1,16.4,Nottinghamshire,BM Duckett,BT Slater,WMH Rhodes,0,0,,,,,,"",""
ball,1,16.5,Nottinghamshire,BM Duckett,BT Slater,WMH Rhodes,2,0,,,,,,"",""
ball,1,16.6,Nottinghamshire,BM Duckett,BT Slater,WMH Rhodes,1,0,,,,,,"",""
ball,1,17.1,Nottinghamshire,BM Duckett,BT Slater,Aamer Jamal,0,1,,,,1,,"",""
ball,1,17.2,Nottinghamshire,BT Slater,BM Duckett,Aamer Jamal,4,0,,,,,,"",""
ball,1,17.3,Nottinghamshire,BT Slater,BM Duckett,Aamer Jamal,0,0,,,,,,"",""
ball,1,17.4,Nottinghamshire,BT Slater,BM Duckett,Aamer Jamal,0,0,,,,,,"",""
ball,1,17.5,Nottinghamshire,BT Slater,BM Duckett,Aamer Jamal,0,0,,,,,,"",""
ball,1,17.6,Nottinghamshire,BT Slater,BM Duckett,Aamer Jamal,0,0,,,,,,"",""
ball,1,18.1,Nottinghamshire,BM Duckett,BT Slater,WMH Rhodes,1,0,,,,,,"",""
ball,1,18.2,Nottinghamshire,BT Slater,BM Duckett,WMH Rhodes,0,0,,,,,,"",""
ball,1,18.3,Nottinghamshire,BT Slater,BM Duckett,WMH Rhodes,4,0,,,,,,"",""
ball,1,18.4,Nottinghamshire,BT Slater,BM Duckett,WMH Rhodes,0,0,,,,,,"",""
ball,1,18.5,Nottinghamshire,BT Slater,BM Duckett,WMH Rhodes,4,0,,,,,,"",""
ball,1,18.6,Nottinghamshire,BT Slater,BM Duckett,WMH Rhodes,0,0,,,,,,"",""
ball,1,19.1,Nottinghamshire,BM Duckett,BT Slater,Aamer Jamal,1,0,,,,,,"",""
ball,1,19.2,Nottinghamshire,BT Slater,BM Duckett,Aamer Jamal,0,1,,,,1,,"",""
ball,1,19.3,Nottinghamshire,BM Duckett,BT Slater,Aamer Jamal,1,0,,,,,,"",""
ball,1,19.4,Nottinghamshire,BT Slater,BM Duckett,Aamer Jamal,0,0,,,,,,"",""
ball,1,19.5,Nottinghamshire,BT Slater,BM Duckett,Aamer Jamal,0,0,,,,,,"",""
ball,1,19.6,Nottinghamshire,BT Slater,BM Duckett,Aamer Jamal,0,0,,,,,,"",""
ball,1,20.1,Nottinghamshire,BM Duckett,BT Slater,WMH Rhodes,1,0,,,,,,"",""
ball,1,20.2,Nottinghamshire,BT Slater,BM Duckett,WMH Rhodes,0,0,,,,,,"",""
ball,1,20.3,Nottinghamshire,BT Slater,BM Duckett,WMH Rhodes,0,0,,,,,,"",""
ball,1,20.4,Nottinghamshire,BT Slater,BM Duckett,WMH Rhodes,0,0,,,,,,"",""
ball,1,20.5,Nottinghamshire,BT Slater,BM Duckett,WMH Rhodes,1,0,,,,,,"",""
ball,1,20.6,Nottinghamshire,BM Duckett,BT Slater,WMH Rhodes,1,0,,,,,,"",""
ball,1,21.1,Nottinghamshire,BM Duckett,BT Slater,EG Barnard,0,0,,,,,,"",""
ball,1,21.2,Nottinghamshire,BM Duckett,BT Slater,EG Barnard,0,4,,,,4,,"",""
ball,1,21.3,Nottinghamshire,BM Duckett,BT Slater,EG Barnard,1,0,,,,,,"",""
ball,1,21.4,Nottinghamshire,BT Slater,BM Duckett,EG Barnard,0,0,,,,,,"",""
ball,1,21.5,Nottinghamshire,BT Slater,BM Duckett,EG Barnard,2,0,,,,,,"",""
ball,1,21.6,Nottinghamshire,BT Slater,BM Duckett,EG Barnard,1,0,,,,,,"",""
ball,1,22.1,Nottinghamshire,BT Slater,BM Duckett,WMH Rhodes,0,0,,,,,,"",""
ball,1,22.2,Nottinghamshire,BT Slater,BM Duckett,WMH Rhodes,0,0,,,,,,"",""
ball,1,22.3,Nottinghamshire,BT Slater,BM Duckett,WMH Rhodes,0,0,,,,,,"",""
ball,1,22.4,Nottinghamshire,BT Slater,BM Duckett,WMH Rhodes,0,0,,,,,,"",""
ball,1,22.5,Nottinghamshire,BT Slater,BM Duckett,WMH Rhodes,0,0,,,,,,"",""
ball,1,22.6,Nottinghamshire,BT Slater,BM Duckett,WMH Rhodes,0,0,,,,,,"",""
ball,1,23.1,Nottinghamshire,BM Duckett,BT Slater,EG Barnard,0,0,,,,,,"",""
ball,1,23.2,Nottinghamshire,BM Duckett,BT Slater,EG Barnard,0,0,,,,,,"",""
ball,1,23.3,Nottinghamshire,BM Duckett,BT Slater,EG Barnard,1,0,,,,,,"",""
ball,1,23.4,Nottinghamshire,BT Slater,BM Duckett,EG Barnard,0,0,,,,,,"",""
ball,1,23.5,Nottinghamshire,BT Slater,BM Duckett,EG Barnard,0,0,,,,,,"",""
ball,1,23.6,Nottinghamshire,BT Slater,BM Duckett,EG Barnard,4,0,,,,,,"",""
ball,1,24.1,Nottinghamshire,BM Duckett,BT Slater,WMH Rhodes,1,0,,,,,,"",""
ball,1,24.2,Nottinghamshire,BT Slater,BM Duckett,WMH Rhodes,0,0,,,,,,"",""
ball,1,24.3,Nottinghamshire,BT Slater,BM Duckett,WMH Rhodes,0,0,,,,,,"",""
ball,1,24.4,Nottinghamshire,BT Slater,BM Duckett,WMH Rhodes,0,0,,,,,,"",""
ball,1,24.5,Nottinghamshire,BT Slater,BM Duckett,WMH Rhodes,0,0,,,,,,"",""
ball,1,24.6,Nottinghamshire,BT Slater,BM Duckett,WMH Rhodes,4,0,,,,,,"",""
ball,1,25.1,Nottinghamshire,BM Duckett,BT Slater,EG Barnard,0,0,,,,,,"",""
ball,1,25.2,Nottinghamshire,BM Duckett,BT Slater,EG Barnard,0,0,,,,,,"",""
ball,1,25.3,Nottinghamshire,BM Duckett,BT Slater,EG Barnard,0,0,,,,,,"",""
ball,1,25.4,Nottinghamshire,BM Duckett,BT Slater,EG Barnard,0,0,,,,,,"",""
ball,1,25.5,Nottinghamshire,BM Duckett,BT Slater,EG Barnard,0,0,,,,,,"",""
ball,1,25.6,Nottinghamshire,BM Duckett,BT Slater,EG Barnard,0,0,,,,,,"",""
ball,1,26.1,Nottinghamshire,BT Slater,BM Duckett,RM Yates,1,0,,,,,,"",""
ball,1,26.2,Nottinghamshire,BM Duckett,BT Slater,RM Yates,2,0,,,,,,"",""
ball,1,26.3,Nottinghamshire,BM Duckett,BT Slater,RM Yates,0,0,,,,,,"",""
ball,1,26.4,Nottinghamshire,BM Duckett,BT Slater,RM Yates,3,0,,,,,,"",""
ball,1,26.5,Nottinghamshire,BT Slater,BM Duckett,RM Yates,0,0,,,,,,"",""
ball,1,26.6,Nottinghamshire,BT Slater,BM Duckett,RM Yates,0,0,,,,,,"",""
ball,1,27.1,Nottinghamshire,BM Duckett,BT Slater,EG Barnard,0,0,,,,,,"",""
ball,1,27.2,Nottinghamshire,BM Duckett,BT Slater,EG Barnard,4,0,,,,,,"",""
ball,1,27.3,Nottinghamshire,BM Duckett,BT Slater,EG Barnard,1,0,,,,,,"",""
ball,1,27.4,Nottinghamshire,BT Slater,BM Duckett,EG Barnard,0,0,,,,,,"",""
ball,1,27.5,Nottinghamshire,BT Slater,BM Duckett,EG Barnard,1,0,,,,,,"",""
ball,1,27.6,Nottinghamshire,BM Duckett,BT Slater,EG Barnard,0,0,,,,,,"",""
ball,1,28.1,Nottinghamshire,BT Slater,BM Duckett,RM Yates,0,0,,,,,,"",""
ball,1,28.2,Nottinghamshire,BT Slater,BM Duckett,RM Yates,0,0,,,,,,"",""
ball,1,28.3,Nottinghamshire,BT Slater,BM Duckett,RM Yates,1,0,,,,,,"",""
ball,1,28.4,Nottinghamshire,BM Duckett,BT Slater,RM Yates,0,0,,,,,,"",""
ball,1,28.5,Nottinghamshire,BM Duckett,BT Slater,RM Yates,4,0,,,,,,"",""
ball,1,28.6,Nottinghamshire,BM Duckett,BT Slater,RM Yates,1,0,,,,,,"",""
ball,1,29.1,Nottinghamshire,BM Duckett,BT Slater,Aamer Jamal,0,0,,,,,,"",""
ball,1,29.2,Nottinghamshire,BM Duckett,BT Slater,Aamer Jamal,0,0,,,,,,"",""
ball,1,29.3,Nottinghamshire,BM Duckett,BT Slater,Aamer Jamal,0,0,,,,,,"",""
ball,1,29.4,Nottinghamshire,BM Duckett,BT Slater,Aamer Jamal,4,0,,,,,,"",""
ball,1,29.5,Nottinghamshire,BM Duckett,BT Slater,Aamer Jamal,0,0,,,,,,"",""
ball,1,29.6,Nottinghamshire,BM Duckett,BT Slater,Aamer Jamal,4,0,,,,,,"",""
ball,1,30.1,Nottinghamshire,BT Slater,BM Duckett,OJ Hannon-Dalby,0,0,,,,,,"",""
ball,1,30.2,Nottinghamshire,BT Slater,BM Duckett,OJ Hannon-Dalby,4,0,,,,,,"",""
ball,1,30.3,Nottinghamshire,BT Slater,BM Duckett,OJ Hannon-Dalby,4,0,,,,,,"",""
ball,1,30.4,Nottinghamshire,BT Slater,BM Duckett,OJ Hannon-Dalby,0,0,,,,,,"",""
ball,1,30.5,Nottinghamshire,BT Slater,BM Duckett,OJ Hannon-Dalby,0,0,,,,,,"",""
ball,1,30.6,Nottinghamshire,BT Slater,BM Duckett,OJ Hannon-Dalby,0,0,,,,,,"",""
ball,1,31.1,Nottinghamshire,BM Duckett,BT Slater,Aamer Jamal,2,0,,,,,,"",""
ball,1,31.2,Nottinghamshire,BM Duckett,BT Slater,Aamer Jamal,0,0,,,,,,"",""
ball,1,31.3,Nottinghamshire,BM Duckett,BT Slater,Aamer Jamal,0,0,,,,,,"",""
ball,1,31.4,Nottinghamshire,BM Duckett,BT Slater,Aamer Jamal,2,0,,,,,,"",""
ball,1,31.5,Nottinghamshire,BM Duckett,BT Slater,Aamer Jamal,0,0,,,,,,"",""
ball,1,31.6,Nottinghamshire,BM Duckett,BT Slater,Aamer Jamal,4,0,,,,,,"",""
ball,1,32.1,Nottinghamshire,BT Slater,BM Duckett,OJ Hannon-Dalby,0,0,,,,,,"",""
ball,1,32.2,Nottinghamshire,BT Slater,BM Duckett,OJ Hannon-Dalby,0,0,,,,,,"",""
ball,1,32.3,Nottinghamshire,BT Slater,BM Duckett,OJ Hannon-Dalby,0,0,,,,,,"",""
ball,1,32.4,Nottinghamshire,BT Slater,BM Duckett,OJ Hannon-Dalby,0,0,,,,,,"",""
ball,1,32.5,Nottinghamshire,BT Slater,BM Duckett,OJ Hannon-Dalby,0,0,,,,,,"",""
ball,1,32.6,Nottinghamshire,BT Slater,BM Duckett,OJ Hannon-Dalby,0,0,,,,,,"",""
ball,1,33.1,Nottinghamshire,BM Duckett,BT Slater,Aamer Jamal,0,0,,,,,,"",""
ball,1,33.2,Nottinghamshire,BM Duckett,BT Slater,Aamer Jamal,1,0,,,,,,"",""
ball,1,33.3,Nottinghamshire,BT Slater,BM Duckett,Aamer Jamal,2,0,,,,,,"",""
ball,1,33.4,Nottinghamshire,BT Slater,BM Duckett,Aamer Jamal,0,0,,,,,,"",""
ball,1,33.5,Nottinghamshire,BT Slater,BM Duckett,Aamer Jamal,0,0,,,,,,"",""
ball,1,33.6,Nottinghamshire,BT Slater,BM Duckett,Aamer Jamal,1,0,,,,,,"",""
ball,1,34.1,Nottinghamshire,BT Slater,BM Duckett,OJ Hannon-Dalby,0,0,,,,,,"",""
ball,1,34.2,Nottinghamshire,BT Slater,BM Duckett,OJ Hannon-Dalby,1,0,,,,,,"",""
ball,1,34.3,Nottinghamshire,BM Duckett,BT Slater,OJ Hannon-Dalby,0,0,,,,,,"",""
ball,1,34.4,Nottinghamshire,BM Duckett,BT Slater,OJ Hannon-Dalby,0,0,,,,,,"",""
ball,1,34.5,Nottinghamshire,BM Duckett,BT Slater,OJ Hannon-Dalby,0,0,,,,,,"",""
ball,1,34.6,Nottinghamshire,BM Duckett,BT Slater,OJ Hannon-Dalby,0,0,,,,,,"",""
ball,1,35.1,Nottinghamshire,BT Slater,BM Duckett,WMH Rhodes,4,0,,,,,,"",""
ball,1,35.2,Nottinghamshire,BT Slater,BM Duckett,WMH Rhodes,0,0,,,,,,"",""
ball,1,35.3,Nottinghamshire,BT Slater,BM Duckett,WMH Rhodes,4,0,,,,,,"",""
ball,1,35.4,Nottinghamshire,BT Slater,BM Duckett,WMH Rhodes,0,0,,,,,,"",""
ball,1,35.5,Nottinghamshire,BT Slater,BM Duckett,WMH Rhodes,0,0,,,,,,"",""
ball,1,35.6,Nottinghamshire,BT Slater,BM Duckett,WMH Rhodes,0,0,,,,,,"",""
ball,1,36.1,Nottinghamshire,BM Duckett,BT Slater,OJ Hannon-Dalby,1,0,,,,,,"",""
ball,1,36.2,Nottinghamshire,BT Slater,BM Duckett,OJ Hannon-Dalby,4,0,,,,,,"",""
ball,1,36.3,Nottinghamshire,BT Slater,BM Duckett,OJ Hannon-Dalby,0,0,,,,,,"",""
ball,1,36.4,Nottinghamshire,BT Slater,BM Duckett,OJ Hannon-Dalby,4,0,,,,,,"",""
ball,1,36.5,Nottinghamshire,BT Slater,BM Duckett,OJ Hannon-Dalby,0,0,,,,,,"",""
ball,1,36.6,Nottinghamshire,BT Slater,BM Duckett,OJ Hannon-Dalby,0,0,,,,,,"",""
ball,1,37.1,Nottinghamshire,BM Duckett,BT Slater,WMH Rhodes,1,0,,,,,,"",""
ball,1,37.2,Nottinghamshire,BT Slater,BM Duckett,WMH Rhodes,4,0,,,,,,"",""
ball,1,37.3,Nottinghamshire,BT Slater,BM Duckett,WMH Rhodes,0,0,,,,,,"",""
ball,1,37.4,Nottinghamshire,BT Slater,BM Duckett,WMH Rhodes,0,0,,,,,,"",""
ball,1,37.5,Nottinghamshire,BT Slater,BM Duckett,WMH Rhodes,0,0,,,,,,"",""
ball,1,37.6,Nottinghamshire,BT Slater,BM Duckett,WMH Rhodes,0,0,,,,,,"",""
ball,1,38.1,Nottinghamshire,BM Duckett,BT Slater,OJ Hannon-Dalby,1,0,,,,,,"",""
ball,1,38.2,Nottinghamshire,BT Slater,BM Duckett,OJ Hannon-Dalby,0,0,,,,,,"",""
ball,1,38.3,Nottinghamshire,BT Slater,BM Duckett,OJ Hannon-Dalby,0,0,,,,,,caught,BT Slater
ball,1,38.4,Nottinghamshire,WA Young,BM Duckett,OJ Hannon-Dalby,0,0,,,,,,"",""
ball,1,38.5,Nottinghamshire,WA Young,BM Duckett,OJ Hannon-Dalby,0,0,,,,,,"",""
ball,1,38.6,Nottinghamshire,WA Young,BM Duckett,OJ Hannon-Dalby,0,0,,,,,,"",""
ball,1,39.1,Nottinghamshire,BM Duckett,WA Young,WMH Rhodes,1,0,,,,,,"",""
ball,1,39.2,Nottinghamshire,WA Young,BM Duckett,WMH Rhodes,0,0,,,,,,"",""
ball,1,39.3,Nottinghamshire,WA Young,BM Duckett,WMH Rhodes,0,0,,,,,,"",""
ball,1,39.4,Nottinghamshire,WA Young,BM Duckett,WMH Rhodes,0,0,,,,,,"",""
ball,1,39.5,Nottinghamshire,WA Young,BM Duckett,WMH Rhodes,0,0,,,,,,"",""
ball,1,39.6,Nottinghamshire,WA Young,BM Duckett,WMH Rhodes,0,0,,,,,,"",""
ball,1,40.1,Nottinghamshire,BM Duckett,WA Young,OJ Hannon-Dalby,0,0,,,,,,"",""
ball,1,40.2,Nottinghamshire,BM Duckett,WA Young,OJ Hannon-Dalby,0,0,,,,,,"",""
ball,1,40.3,Nottinghamshire,BM Duckett,WA Young,OJ Hannon-Dalby,1,0,,,,,,"",""
ball,1,40.4,Nottinghamshire,WA Young,BM Duckett,OJ Hannon-Dalby,0,0,,,,,,"",""
ball,1,40.5,Nottinghamshire,WA Young,BM Duckett,OJ Hannon-Dalby,0,0,,,,,,"",""
ball,1,40.6,Nottinghamshire,WA Young,BM Duckett,OJ Hannon-Dalby,0,0,,,,,,"",""
ball,1,41.1,Nottinghamshire,BM Duckett,WA Young,WMH Rhodes,0,0,,,,,,"",""
ball,1,41.2,Nottinghamshire,BM Duckett,WA Young,WMH Rhodes,1,0,,,,,,"",""
ball,1,41.3,Nottinghamshire,WA Young,BM Duckett,WMH Rhodes,1,0,,,,,,"",""
ball,1,41.4,Nottinghamshire,BM Duckett,WA Young,WMH Rhodes,0,0,,,,,,"",""
ball,1,41.5,Nottinghamshire,BM Duckett,WA Young,WMH Rhodes,2,0,,,,,,"",""
ball,1,41.6,Nottinghamshire,BM Duckett,WA Young,WMH Rhodes,0,0,,,,,,"",""
ball,1,42.1,Nottinghamshire,WA Young,BM Duckett,OJ Hannon-Dalby,0,0,,,,,,"",""
ball,1,42.2,Nottinghamshire,WA Young,BM Duckett,OJ Hannon-Dalby,0,0,,,,,,"",""
ball,1,42.3,Nottinghamshire,WA Young,BM Duckett,OJ Hannon-Dalby,0,0,,,,,,"",""
ball,1,42.4,Nottinghamshire,WA Young,BM Duckett,OJ Hannon-Dalby,0,0,,,,,,"",""
ball,1,42.5,Nottinghamshire,WA Young,BM Duckett,OJ Hannon-Dalby,0,0,,,,,,"",""
ball,1,42.6,Nottinghamshire,WA Young,BM Duckett,OJ Hannon-Dalby,2,0,,,,,,"",""
ball,1,43.1,Nottinghamshire,BM Duckett,WA Young,WMH Rhodes,0,0,,,,,,"",""
ball,1,43.2,Nottinghamshire,BM Duckett,WA Young,WMH Rhodes,1,0,,,,,,"",""
ball,1,43.3,Nottinghamshire,WA Young,BM Duckett,WMH Rhodes,0,0,,,,,,"",""
ball,1,43.4,Nottinghamshire,WA Young,BM Duckett,WMH Rhodes,0,0,,,,,,"",""
ball,1,43.5,Nottinghamshire,WA Young,BM Duckett,WMH Rhodes,0,0,,,,,,"",""
ball,1,43.6,Nottinghamshire,WA Young,BM Duckett,WMH Rhodes,2,0,,,,,,"",""
ball,1,44.1,Nottinghamshire,BM Duckett,WA Young,Hasan Ali,4,0,,,,,,"",""
ball,1,44.2,Nottinghamshire,BM Duckett,WA Young,Hasan Ali,0,0,,,,,,"",""
ball,1,44.3,Nottinghamshire,BM Duckett,WA Young,Hasan Ali,0,0,,,,,,"",""
ball,1,44.4,Nottinghamshire,BM Duckett,WA Young,Hasan Ali,0,0,,,,,,"",""
ball,1,44.5,Nottinghamshire,BM Duckett,WA Young,Hasan Ali,0,0,,,,,,"",""
ball,1,44.6,Nottinghamshire,BM Duckett,WA Young,Hasan Ali,0,0,,,,,,"",""
ball,1,45.1,Nottinghamshire,WA Young,BM Duckett,WMH Rhodes,0,0,,,,,,caught,WA Young
ball,1,45.2,Nottinghamshire,JM Clarke,BM Duckett,WMH Rhodes,0,0,,,,,,"",""
ball,1,45.3,Nottinghamshire,JM Clarke,BM Duckett,WMH Rhodes,0,0,,,,,,"",""
ball,1,45.4,Nottinghamshire,JM Clarke,BM Duckett,WMH Rhodes,0,0,,,,,,"",""
ball,1,45.5,Nottinghamshire,JM Clarke,BM Duckett,WMH Rhodes,0,0,,,,,,"",""
ball,1,45.6,Nottinghamshire,JM Clarke,BM Duckett,WMH Rhodes,0,0,,,,,,caught,JM Clarke
ball,1,46.1,Nottinghamshire,BM Duckett,JA Haynes,Hasan Ali,0,0,,,,,,"",""
ball,1,46.2,Nottinghamshire,BM Duckett,JA Haynes,Hasan Ali,0,0,,,,,,"",""
ball,1,46.3,Nottinghamshire,BM Duckett,JA Haynes,Hasan Ali,0,0,,,,,,"",""
ball,1,46.4,Nottinghamshire,BM Duckett,JA Haynes,Hasan Ali,0,0,,,,,,"",""
ball,1,46.5,Nottinghamshire,BM Duckett,JA Haynes,Hasan Ali,1,0,,,,,,"",""
ball,1,46.6,Nottinghamshire,JA Haynes,BM Duckett,Hasan Ali,0,0,,,,,,"",""
ball,1,47.1,Nottinghamshire,BM Duckett,JA Haynes,WMH Rhodes,1,0,,,,,,"",""
ball,1,47.2,Nottinghamshire,JA Haynes,BM Duckett,WMH Rhodes,0,0,,,,,,"",""
ball,1,47.3,Nottinghamshire,JA Haynes,BM Duckett,WMH Rhodes,4,0,,,,,,"",""
ball,1,47.4,Nottinghamshire,JA Haynes,BM Duckett,WMH Rhodes,4,0,,,,,,"",""
ball,1,47.5,Nottinghamshire,JA Haynes,BM Duckett,WMH Rhodes,0,0,,,,,,"",""
ball,1,47.6,Nottinghamshire,JA Haynes,BM Duckett,WMH Rhodes,0,0,,,,,,"",""
ball,1,48.1,Nottinghamshire,BM Duckett,JA Haynes,Hasan Ali,1,0,,,,,,"",""
ball,1,48.2,Nottinghamshire,JA Haynes,BM Duckett,Hasan Ali,0,0,,,,,,"",""
ball,1,48.3,Nottinghamshire,JA Haynes,BM Duckett,Hasan Ali,0,0,,,,,,"",""
ball,1,48.4,Nottinghamshire,JA Haynes,BM Duckett,Hasan Ali,0,0,,,,,,"",""
ball,1,48.5,Nottinghamshire,JA Haynes,BM Duckett,Hasan Ali,0,0,,,,,,"",""
ball,1,48.6,Nottinghamshire,JA Haynes,BM Duckett,Hasan Ali,0,0,,,,,,"",""
ball,1,49.1,Nottinghamshire,BM Duckett,JA Haynes,EG Barnard,1,0,,,,,,"",""
ball,1,49.2,Nottinghamshire,JA Haynes,BM Duckett,EG Barnard,0,0,,,,,,"",""
ball,1,49.3,Nottinghamshire,JA Haynes,BM Duckett,EG Barnard,4,0,,,,,,"",""
ball,1,49.4,Nottinghamshire,JA Haynes,BM Duckett,EG Barnard,0,0,,,,,,"",""
ball,1,49.5,Nottinghamshire,JA Haynes,BM Duckett,EG Barnard,0,0,,,,,,"",""
ball,1,49.6,Nottinghamshire,JA Haynes,BM Duckett,EG Barnard,0,0,,,,,,"",""
ball,1,50.1,Nottinghamshire,BM Duckett,JA Haynes,Hasan Ali,1,0,,,,,,"",""
ball,1,50.2,Nottinghamshire,JA Haynes,BM Duckett,Hasan Ali,2,0,,,,,,"",""
ball,1,50.3,Nottinghamshire,JA Haynes,BM Duckett,Hasan Ali,0,0,,,,,,"",""
ball,1,50.4,Nottinghamshire,JA Haynes,BM Duckett,Hasan Ali,0,0,,,,,,"",""
ball,1,50.5,Nottinghamshire,JA Haynes,BM Duckett,Hasan Ali,0,0,,,,,,"",""
ball,1,50.6,Nottinghamshire,JA Haynes,BM Duckett,Hasan Ali,0,0,,,,,,"",""
ball,1,51.1,Nottinghamshire,BM Duckett,JA Haynes,EG Barnard,2,0,,,,,,"",""
ball,1,51.2,Nottinghamshire,BM Duckett,JA Haynes,EG Barnard,0,0,,,,,,"",""
ball,1,51.3,Nottinghamshire,BM Duckett,JA Haynes,EG Barnard,0,0,,,,,,"",""
ball,1,51.4,Nottinghamshire,BM Duckett,JA Haynes,EG Barnard,0,0,,,,,,"",""
ball,1,51.5,Nottinghamshire,BM Duckett,JA Haynes,EG Barnard,0,0,,,,,,"",""
ball,1,51.6,Nottinghamshire,BM Duckett,JA Haynes,EG Barnard,0,0,,,,,,"",""
ball,1,52.1,Nottinghamshire,JA Haynes,BM Duckett,Hasan Ali,0,0,,,,,,"",""
ball,1,52.2,Nottinghamshire,JA Haynes,BM Duckett,Hasan Ali,0,0,,,,,,"",""
ball,1,52.3,Nottinghamshire,JA Haynes,BM Duckett,Hasan Ali,0,0,,,,,,"",""
ball,1,52.4,Nottinghamshire,JA Haynes,BM Duckett,Hasan Ali,0,0,,,,,,"",""
ball,1,52.5,Nottinghamshire,JA Haynes,BM Duckett,Hasan Ali,4,0,,,,,,"",""
ball,1,52.6,Nottinghamshire,JA Haynes,BM Duckett,Hasan Ali,0,0,,,,,,"",""
ball,1,53.1,Nottinghamshire,BM Duckett,JA Haynes,EG Barnard,0,0,,,,,,"",""
ball,1,53.2,Nottinghamshire,BM Duckett,JA Haynes,EG Barnard,1,0,,,,,,"",""
ball,1,53.3,Nottinghamshire,JA Haynes,BM Duckett,EG Barnard,0,0,,,,,,"",""
ball,1,53.4,Nottinghamshire,JA Haynes,BM Duckett,EG Barnard,0,0,,,,,,"",""
ball,1,53.5,Nottinghamshire,JA Haynes,BM Duckett,EG Barnard,0,0,,,,,,"",""
ball,1,53.6,Nottinghamshire,JA Haynes,BM Duckett,EG Barnard,4,0,,,,,,"",""
ball,1,54.1,Nottinghamshire,BM Duckett,JA Haynes,DR Briggs,0,0,,,,,,"",""
ball,1,54.2,Nottinghamshire,BM Duckett,JA Haynes,DR Briggs,0,0,,,,,,"",""
ball,1,54.3,Nottinghamshire,BM Duckett,JA Haynes,DR Briggs,1,0,,,,,,"",""
ball,1,54.4,Nottinghamshire,JA Haynes,BM Duckett,DR Briggs,0,0,,,,,,"",""
ball,1,54.5,Nottinghamshire,JA Haynes,BM Duckett,DR Briggs,0,0,,,,,,"",""
ball,1,54.6,Nottinghamshire,JA Haynes,BM Duckett,DR Briggs,1,0,,,,,,"",""
ball,1,55.1,Nottinghamshire,JA Haynes,BM Duckett,EG Barnard,0,0,,,,,,"",""
ball,1,55.2,Nottinghamshire,JA Haynes,BM Duckett,EG Barnard,1,0,,,,,,"",""
ball,1,55.3,Nottinghamshire,BM Duckett,JA Haynes,EG Barnard,0,0,,,,,,"",""
ball,1,55.4,Nottinghamshire,BM Duckett,JA Haynes,EG Barnard,0,0,,,,,,"",""
ball,1,55.5,Nottinghamshire,BM Duckett,JA Haynes,EG Barnard,1,0,,,,,,"",""
ball,1,55.6,Nottinghamshire,JA Haynes,BM Duckett,EG Barnard,0,0,,,,,,"",""
ball,1,56.1,Nottinghamshire,BM Duckett,JA Haynes,DR Briggs,1,0,,,,,,"",""
ball,1,56.2,Nottinghamshire,JA Haynes,BM Duckett,DR Briggs,0,0,,,,,,"",""
ball,1,56.3,Nottinghamshire,JA Haynes,BM Duckett,DR Briggs,0,0,,,,,,"",""
ball,1,56.4,Nottinghamshire,JA Haynes,BM Duckett,DR Briggs,0,0,,,,,,"",""
ball,1,56.5,Nottinghamshire,JA Haynes,BM Duckett,DR Briggs,0,0,,,,,,"",""
ball,1,56.6,Nottinghamshire,JA Haynes,BM Duckett,DR Briggs,0,0,,,,,,"",""
ball,1,57.1,Nottinghamshire,BM Duckett,JA Haynes,EG Barnard,2,0,,,,,,"",""
ball,1,57.2,Nottinghamshire,BM Duckett,JA Haynes,EG Barnard,0,0,,,,,,"",""
ball,1,57.3,Nottinghamshire,BM Duckett,JA Haynes,EG Barnard,1,0,,,,,,"",""
ball,1,57.4,Nottinghamshire,JA Haynes,BM Duckett,EG Barnard,0,0,,,,,,"",""
ball,1,57.5,Nottinghamshire,JA Haynes,BM Duckett,EG Barnard,1,0,,,,,,"",""
ball,1,57.6,Nottinghamshire,BM Duckett,JA Haynes,EG Barnard,1,0,,,,,,"",""
ball,1,58.1,Nottinghamshire,BM Duckett,JA Haynes,DR Briggs,1,0,,,,,,"",""
ball,1,58.2,Nottinghamshire,JA Haynes,BM Duckett,DR Briggs,0,0,,,,,,"",""
ball,1,58.3,Nottinghamshire,JA Haynes,BM Duckett,DR Briggs,1,0,,,,,,"",""
ball,1,58.4,Nottinghamshire,BM Duckett,JA Haynes,DR Briggs,1,0,,,,,,"",""
ball,1,58.5,Nottinghamshire,JA Haynes,BM Duckett,DR Briggs,1,0,,,,,,"",""
ball,1,58.6,Nottinghamshire,BM Duckett,JA Haynes,DR Briggs,0,0,,,,,,"",""
ball,1,59.1,Nottinghamshire,JA Haynes,BM Duckett,RM Yates,2,0,,,,,,"",""
ball,1,59.2,Nottinghamshire,JA Haynes,BM Duckett,RM Yates,1,0,,,,,,"",""
ball,1,59.3,Nottinghamshire,BM Duckett,JA Haynes,RM Yates,0,0,,,,,,"",""
ball,1,59.4,Nottinghamshire,BM Duckett,JA Haynes,RM Yates,0,0,,,,,,"",""
ball,1,59.5,Nottinghamshire,BM Duckett,JA Haynes,RM Yates,1,0,,,,,,"",""
ball,1,59.6,Nottinghamshire,JA Haynes,BM Duckett,RM Yates,0,0,,,,,,"",""
ball,1,60.1,Nottinghamshire,BM Duckett,JA Haynes,DR Briggs,4,0,,,,,,"",""
ball,1,60.2,Nottinghamshire,BM Duckett,JA Haynes,DR Briggs,1,0,,,,,,"",""
ball,1,60.3,Nottinghamshire,JA Haynes,BM Duckett,DR Briggs,1,0,,,,,,"",""
ball,1,60.4,Nottinghamshire,BM Duckett,JA Haynes,DR Briggs,1,0,,,,,,"",""
ball,1,60.5,Nottinghamshire,JA Haynes,BM Duckett,DR Briggs,0,0,,,,,,"",""
ball,1,60.6,Nottinghamshire,JA Haynes,BM Duckett,DR Briggs,0,0,,,,,,"",""
ball,1,61.1,Nottinghamshire,BM Duckett,JA Haynes,RM Yates,2,0,,,,,,"",""
ball,1,61.2,Nottinghamshire,BM Duckett,JA Haynes,RM Yates,1,0,,,,,,"",""
ball,1,61.3,Nottinghamshire,JA Haynes,BM Duckett,RM Yates,0,0,,,,,,"",""
ball,1,61.4,Nottinghamshire,JA Haynes,BM Duckett,RM Yates,0,0,,,,,,"",""
ball,1,61.5,Nottinghamshire,JA Haynes,BM Duckett,RM Yates,0,0,,,,,,"",""
ball,1,61.6,Nottinghamshire,JA Haynes,BM Duckett,RM Yates,0,0,,,,,,"",""
ball,1,62.1,Nottinghamshire,BM Duckett,JA Haynes,DR Briggs,0,0,,,,,,"",""
ball,1,62.2,Nottinghamshire,BM Duckett,JA Haynes,DR Briggs,0,0,,,,,,"",""
ball,1,62.3,Nottinghamshire,BM Duckett,JA Haynes,DR Briggs,2,0,,,,,,"",""
ball,1,62.4,Nottinghamshire,BM Duckett,JA Haynes,DR Briggs,1,0,,,,,,"",""
ball,1,62.5,Nottinghamshire,JA Haynes,BM Duckett,DR Briggs,0,0,,,,,,"",""
ball,1,62.6,Nottinghamshire,JA Haynes,BM Duckett,DR Briggs,1,0,,,,,,"",""
ball,1,63.1,Nottinghamshire,JA Haynes,BM Duckett,RM Yates,0,0,,,,,,"",""
ball,1,63.2,Nottinghamshire,JA Haynes,BM Duckett,RM Yates,1,0,,,,,,"",""
ball,1,63.3,Nottinghamshire,BM Duckett,JA Haynes,RM Yates,1,0,,,,,,"",""
ball,1,63.4,Nottinghamshire,JA Haynes,BM Duckett,RM Yates,0,0,,,,,,"",""
ball,1,63.5,Nottinghamshire,JA Haynes,BM Duckett,RM Yates,0,0,,,,,,"",""
ball,1,63.6,Nottinghamshire,JA Haynes,BM Duckett,RM Yates,4,0,,,,,,"",""
ball,1,64.1,Nottinghamshire,BM Duckett,JA Haynes,DR Briggs,0,0,,,,,,"",""
ball,1,64.2,Nottinghamshire,BM Duckett,JA Haynes,DR Briggs,0,0,,,,,,"",""
ball,1,64.3,Nottinghamshire,BM Duckett,JA Haynes,DR Briggs,0,0,,,,,,"",""
ball,1,64.4,Nottinghamshire,BM Duckett,JA Haynes,DR Briggs,0,0,,,,,,"",""
ball,1,64.5,Nottinghamshire,BM Duckett,JA Haynes,DR Briggs,0,0,,,,,,"",""
ball,1,64.6,Nottinghamshire,BM Duckett,JA Haynes,DR Briggs,0,0,,,,,,"",""
ball,1,65.1,Nottinghamshire,JA Haynes,BM Duckett,Aamer Jamal,4,0,,,,,,"",""
ball,1,65.2,Nottinghamshire,JA Haynes,BM Duckett,Aamer Jamal,0,0,,,,,,"",""
ball,1,65.3,Nottinghamshire,JA Haynes,BM Duckett,Aamer Jamal,4,0,,,,,,"",""
ball,1,65.4,Nottinghamshire,JA Haynes,BM Duckett,Aamer Jamal,1,0,,,,,,"",""
ball,1,65.5,Nottinghamshire,BM Duckett,JA Haynes,Aamer Jamal,1,0,,,,,,"",""
ball,1,65.6,Nottinghamshire,JA Haynes,BM Duckett,Aamer Jamal,0,0,,,,,,"",""
ball,1,66.1,Nottinghamshire,BM Duckett,JA Haynes,DR Briggs,4,0,,,,,,"",""
ball,1,66.2,Nottinghamshire,BM Duckett,JA Haynes,DR Briggs,0,0,,,,,,"",""
ball,1,66.3,Nottinghamshire,BM Duckett,JA Haynes,DR Briggs,0,0,,,,,,"",""
ball,1,66.4,Nottinghamshire,BM Duckett,JA Haynes,DR Briggs,4,0,,,,,,"",""
ball,1,66.5,Nottinghamshire,BM Duckett,JA Haynes,DR Briggs,4,0,,,,,,"",""
ball,1,66.6,Nottinghamshire,BM Duckett,JA Haynes,DR Briggs,1,0,,,,,,"",""
ball,1,67.1,Nottinghamshire,BM Duckett,JA Haynes,Aamer Jamal,0,0,,,,,,"",""
ball,1,67.2,Nottinghamshire,BM Duckett,JA Haynes,Aamer Jamal,0,0,,,,,,"",""
ball,1,67.3,Nottinghamshire,BM Duckett,JA Haynes,Aamer Jamal,1,0,,,,,,"",""
ball,1,67.4,Nottinghamshire,JA Haynes,BM Duckett,Aamer Jamal,0,0,,,,,,"",""
ball,1,67.5,Nottinghamshire,JA Haynes,BM Duckett,Aamer Jamal,0,0,,,,,,"",""
ball,1,67.6,Nottinghamshire,JA Haynes,BM Duckett,Aamer Jamal,1,0,,,,,,"",""
ball,1,68.1,Nottinghamshire,JA Haynes,BM Duckett,DR Briggs,2,0,,,,,,"",""
ball,1,68.2,Nottinghamshire,JA Haynes,BM Duckett,DR Briggs,0,0,,,,,,"",""
ball,1,68.3,Nottinghamshire,JA Haynes,BM Duckett,DR Briggs,0,0,,,,,,"",""
ball,1,68.4,Nottinghamshire,JA Haynes,BM Duckett,DR Briggs,0,0,,,,,,"",""
ball,1,68.5,Nottinghamshire,JA Haynes,BM Duckett,DR Briggs,0,0,,,,,,"",""
ball,1,68.6,Nottinghamshire,JA Haynes,BM Duckett,DR Briggs,0,0,,,,,,"",""
ball,1,69.1,Nottinghamshire,BM Duckett,JA Haynes,WMH Rhodes,2,0,,,,,,"",""
ball,1,69.2,Nottinghamshire,BM Duckett,JA Haynes,WMH Rhodes,0,0,,,,,,"",""
ball,1,69.3,Nottinghamshire,BM Duckett,JA Haynes,WMH Rhodes,0,0,,,,,,"",""
ball,1,69.4,Nottinghamshire,BM Duckett,JA Haynes,WMH Rhodes,0,0,,,,,,"",""
ball,1,69.5,Nottinghamshire,BM Duckett,JA Haynes,WMH Rhodes,1,0,,,,,,"",""
ball,1,69.6,Nottinghamshire,JA Haynes,BM Duckett,WMH Rhodes,1,0,,,,,,"",""
ball,1,70.1,Nottinghamshire,JA Haynes,BM Duckett,DR Briggs,4,0,,,,,,"",""
ball,1,70.2,Nottinghamshire,JA Haynes,BM Duckett,DR Briggs,3,0,,,,,,"",""
ball,1,70.3,Nottinghamshire,BM Duckett,JA Haynes,DR Briggs,0,0,,,,,,"",""
ball,1,70.4,Nottinghamshire,BM Duckett,JA Haynes,DR Briggs,0,0,,,,,,"",""
ball,1,70.5,Nottinghamshire,BM Duckett,JA Haynes,DR Briggs,4,0,,,,,,"",""
ball,1,70.6,Nottinghamshire,BM Duckett,JA Haynes,DR Briggs,0,0,,,,,,"",""
ball,1,71.1,Nottinghamshire,JA Haynes,BM Duckett,WMH Rhodes,0,0,,,,,,"",""
ball,1,71.2,Nottinghamshire,JA Haynes,BM Duckett,WMH Rhodes,0,0,,,,,,"",""
ball,1,71.3,Nottinghamshire,JA Haynes,BM Duckett,WMH Rhodes,0,0,,,,,,"",""
ball,1,71.4,Nottinghamshire,JA Haynes,BM Duckett,WMH Rhodes,0,0,,,,,,"",""
ball,1,71.5,Nottinghamshire,JA Haynes,BM Duckett,WMH Rhodes,0,0,,,,,,"",""
ball,1,71.6,Nottinghamshire,JA Haynes,BM Duckett,WMH Rhodes,0,0,,,,,,"",""
ball,1,72.1,Nottinghamshire,BM Duckett,JA Haynes,DR Briggs,3,0,,,,,,"",""
ball,1,72.2,Nottinghamshire,JA Haynes,BM Duckett,DR Briggs,0,0,,,,,,"",""
ball,1,72.3,Nottinghamshire,JA Haynes,BM Duckett,DR Briggs,0,0,,,,,,"",""
ball,1,72.4,Nottinghamshire,JA Haynes,BM Duckett,DR Briggs,3,0,,,,,,"",""
ball,1,72.5,Nottinghamshire,BM Duckett,JA Haynes,DR Briggs,1,0,,,,,,"",""
ball,1,72.6,Nottinghamshire,JA Haynes,BM Duckett,DR Briggs,4,0,,,,,,"",""
ball,1,73.1,Nottinghamshire,BM Duckett,JA Haynes,WMH Rhodes,0,0,,,,,,"",""
ball,1,73.2,Nottinghamshire,BM Duckett,JA Haynes,WMH Rhodes,0,0,,,,,,"",""
ball,1,73.3,Nottinghamshire,BM Duckett,JA Haynes,WMH Rhodes,0,0,,,,,,"",""
ball,1,73.4,Nottinghamshire,BM Duckett,JA Haynes,WMH Rhodes,0,0,,,,,,"",""
ball,1,73.5,Nottinghamshire,BM Duckett,JA Haynes,WMH Rhodes,4,0,,,,,,"",""
ball,1,73.6,Nottinghamshire,BM Duckett,JA Haynes,WMH Rhodes,0,0,,,,,,"",""
ball,1,74.1,Nottinghamshire,JA Haynes,BM Duckett,RM Yates,4,0,,,,,,"",""
ball,1,74.2,Nottinghamshire,JA Haynes,BM Duckett,RM Yates,0,0,,,,,,"",""
ball,1,74.3,Nottinghamshire,JA Haynes,BM Duckett,RM Yates,1,0,,,,,,"",""
ball,1,74.4,Nottinghamshire,BM Duckett,JA Haynes,RM Yates,1,0,,,,,,"",""
ball,1,74.5,Nottinghamshire,JA Haynes,BM Duckett,RM Yates,0,0,,,,,,"",""
ball,1,74.6,Nottinghamshire,JA Haynes,BM Duckett,RM Yates,0,0,,,,,,"",""
ball,1,75.1,Nottinghamshire,BM Duckett,JA Haynes,EG Barnard,0,0,,,,,,"",""
ball,1,75.2,Nottinghamshire,BM Duckett,JA Haynes,EG Barnard,4,0,,,,,,"",""
ball,1,75.3,Nottinghamshire,BM Duckett,JA Haynes,EG Barnard,2,0,,,,,,"",""
ball,1,75.4,Nottinghamshire,BM Duckett,JA Haynes,EG Barnard,1,0,,,,,,"",""
ball,1,75.5,Nottinghamshire,JA Haynes,BM Duckett,EG Barnard,0,0,,,,,,"",""
ball,1,75.6,Nottinghamshire,JA Haynes,BM Duckett,EG Barnard,1,0,,,,,,"",""
ball,1,76.1,Nottinghamshire,JA Haynes,BM Duckett,RM Yates,0,0,,,,,,"",""
ball,1,76.2,Nottinghamshire,JA Haynes,BM Duckett,RM Yates,0,0,,,,,,"",""
ball,1,76.3,Nottinghamshire,JA Haynes,BM Duckett,RM Yates,0,0,,,,,,"",""
ball,1,76.4,Nottinghamshire,JA Haynes,BM Duckett,RM Yates,2,0,,,,,,"",""
ball,1,76.5,Nottinghamshire,JA Haynes,BM Duckett,RM Yates,0,0,,,,,,"",""
ball,1,76.6,Nottinghamshire,JA Haynes,BM Duckett,RM Yates,0,0,,,,,,"",""
ball,1,77.1,Nottinghamshire,BM Duckett,JA Haynes,EG Barnard,1,0,,,,,,"",""
ball,1,77.2,Nottinghamshire,JA Haynes,BM Duckett,EG Barnard,0,0,,,,,,"",""
ball,1,77.3,Nottinghamshire,JA Haynes,BM Duckett,EG Barnard,1,0,,,,,,"",""
ball,1,77.4,Nottinghamshire,BM Duckett,JA Haynes,EG Barnard,4,0,,,,,,"",""
ball,1,77.5,Nottinghamshire,BM Duckett,JA Haynes,EG Barnard,0,0,,,,,,"",""
ball,1,77.6,Nottinghamshire,BM Duckett,JA Haynes,EG Barnard,1,0,,,,,,"",""
ball,1,78.1,Nottinghamshire,BM Duckett,JA Haynes,RM Yates,1,0,,,,,,"",""
ball,1,78.2,Nottinghamshire,JA Haynes,BM Duckett,RM Yates,0,0,,,,,,"",""
ball,1,78.3,Nottinghamshire,JA Haynes,BM Duckett,RM Yates,0,0,,,,,,"",""
ball,1,78.4,Nottinghamshire,JA Haynes,BM Duckett,RM Yates,0,0,,,,,,"",""
ball,1,78.5,Nottinghamshire,JA Haynes,BM Duckett,RM Yates,1,0,,,,,,"",""
ball,1,78.6,Nottinghamshire,BM Duckett,JA Haynes,RM Yates,0,0,,,,,,"",""
ball,1,79.1,Nottinghamshire,JA Haynes,BM Duckett,EG Barnard,0,0,,,,,,"",""
ball,1,79.2,Nottinghamshire,JA Haynes,BM Duckett,EG Barnard,0,0,,,,,,"",""
ball,1,79.3,Nottinghamshire,JA Haynes,BM Duckett,EG Barnard,0,0,,,,,,"",""
ball,1,79.4,Nottinghamshire,JA Haynes,BM Duckett,EG Barnard,0,0,,,,,,"",""
ball,1,79.5,Nottinghamshire,JA Haynes,BM Duckett,EG Barnard,0,0,,,,,,"",""
ball,1,79.6,Nottinghamshire,JA Haynes,BM Duckett,EG Barnard,0,0,,,,,,"",""
ball,1,80.1,Nottinghamshire,BM Duckett,JA Haynes,OJ Hannon-Dalby,1,0,,,,,,"",""
ball,1,80.2,Nottinghamshire,JA Haynes,BM Duckett,OJ Hannon-Dalby,0,0,,,,,,"",""
ball,1,80.3,Nottinghamshire,JA Haynes,BM Duckett,OJ Hannon-Dalby,0,0,,,,,,"",""
ball,1,80.4,Nottinghamshire,JA Haynes,BM Duckett,OJ Hannon-Dalby,0,0,,,,,,"",""
ball,1,80.5,Nottinghamshire,JA Haynes,BM Duckett,OJ Hannon-Dalby,0,0,,,,,,lbw,JA Haynes
ball,1,80.6,Nottinghamshire,LW James,BM Duckett,OJ Hannon-Dalby,1,0,,,,,,"",""
ball,1,81.1,Nottinghamshire,LW James,BM Duckett,Hasan Ali,0,0,,,,,,"",""
ball,1,81.2,Nottinghamshire,LW James,BM Duckett,Hasan Ali,0,0,,,,,,"",""
ball,1,81.3,Nottinghamshire,LW James,BM Duckett,Hasan Ali,0,0,,,,,,"",""
ball,1,81.4,Nottinghamshire,LW James,BM Duckett,Hasan Ali,1,0,,,,,,"",""
ball,1,81.5,Nottinghamshire,BM Duckett,LW James,Hasan Ali,1,0,,,,,,"",""
ball,1,81.6,Nottinghamshire,LW James,BM Duckett,Hasan Ali,0,0,,,,,,caught,LW James
ball,1,82.1,Nottinghamshire,BM Duckett,CG Harrison,OJ Hannon-Dalby,1,0,,,,,,"",""
ball,1,82.2,Nottinghamshire,CG Harrison,BM Duckett,OJ Hannon-Dalby,0,0,,,,,,"",""
ball,1,82.3,Nottinghamshire,CG Harrison,BM Duckett,OJ Hannon-Dalby,0,0,,,,,,"",""
ball,1,82.4,Nottinghamshire,CG Harrison,BM Duckett,OJ Hannon-Dalby,2,0,,,,,,"",""
ball,1,82.5,Nottinghamshire,CG Harrison,BM Duckett,OJ Hannon-Dalby,1,0,,,,,,"",""
ball,1,82.6,Nottinghamshire,BM Duckett,CG Harrison,OJ Hannon-Dalby,0,0,,,,,,"",""
ball,1,83.1,Nottinghamshire,CG Harrison,BM Duckett,Hasan Ali,0,0,,,,,,bowled,CG Harrison
ball,1,83.2,Nottinghamshire,OP Stone,BM Duckett,Hasan Ali,0,0,,,,,,"",""
ball,1,83.3,Nottinghamshire,OP Stone,BM Duckett,Hasan Ali,0,0,,,,,,"",""
ball,1,83.4,Nottinghamshire,OP Stone,BM Duckett,Hasan Ali,0,0,,,,,,"",""
ball,1,83.5,Nottinghamshire,OP Stone,BM Duckett,Hasan Ali,0,0,,,,,,"",""
ball,1,83.6,Nottinghamshire,OP Stone,BM Duckett,Hasan Ali,4,0,,,,,,"",""
ball,1,84.1,Nottinghamshire,BM Duckett,OP Stone,OJ Hannon-Dalby,0,0,,,,,,"",""
ball,1,84.2,Nottinghamshire,BM Duckett,OP Stone,OJ Hannon-Dalby,1,0,,,,,,"",""
ball,1,84.3,Nottinghamshire,OP Stone,BM Duckett,OJ Hannon-Dalby,0,0,,,,,,"",""
ball,1,84.4,Nottinghamshire,OP Stone,BM Duckett,OJ Hannon-Dalby,0,0,,,,,,"",""
ball,1,84.5,Nottinghamshire,OP Stone,BM Duckett,OJ Hannon-Dalby,0,0,,,,,,"",""
ball,1,84.6,Nottinghamshire,OP Stone,BM Duckett,OJ Hannon-Dalby,0,0,,,,,,"",""
ball,1,85.1,Nottinghamshire,BM Duckett,OP Stone,Hasan Ali,0,0,,,,,,"",""
ball,1,85.2,Nottinghamshire,BM Duckett,OP Stone,Hasan Ali,0,0,,,,,,"",""
ball,1,85.3,Nottinghamshire,BM Duckett,OP Stone,Hasan Ali,0,0,,,,,,"",""
ball,1,85.4,Nottinghamshire,BM Duckett,OP Stone,Hasan Ali,4,0,,,,,,"",""
ball,1,85.5,Nottinghamshire,BM Duckett,OP Stone,Hasan Ali,4,0,,,,,,"",""
ball,1,85.6,Nottinghamshire,BM Duckett,OP Stone,Hasan Ali,0,0,,,,,,"",""
ball,1,86.1,Nottinghamshire,OP Stone,BM Duckett,OJ Hannon-Dalby,0,0,,,,,,"",""
ball,1,86.2,Nottinghamshire,OP Stone,BM Duckett,OJ Hannon-Dalby,3,0,,,,,,"",""
ball,1,86.3,Nottinghamshire,BM Duckett,OP Stone,OJ Hannon-Dalby,0,0,,,,,,"",""
ball,1,86.4,Nottinghamshire,BM Duckett,OP Stone,OJ Hannon-Dalby,4,0,,,,,,"",""
ball,1,86.5,Nottinghamshire,BM Duckett,OP Stone,OJ Hannon-Dalby,0,0,,,,,,"",""
ball,1,86.6,Nottinghamshire,BM Duckett,OP Stone,OJ Hannon-Dalby,0,0,,,,,,"",""
ball,1,87.1,Nottinghamshire,OP Stone,BM Duckett,Hasan Ali,0,0,,,,,,"",""
ball,1,87.2,Nottinghamshire,OP Stone,BM Duckett,Hasan Ali,0,0,,,,,,"",""
ball,1,87.3,Nottinghamshire,OP Stone,BM Duckett,Hasan Ali,0,0,,,,,,"",""
ball,1,87.4,Nottinghamshire,OP Stone,BM Duckett,Hasan Ali,0,0,,,,,,"",""
ball,1,87.5,Nottinghamshire,OP Stone,BM Duckett,Hasan Ali,0,0,,,,,,"",""
ball,1,87.6,Nottinghamshire,OP Stone,BM Duckett,Hasan Ali,1,0,,,,,,"",""
ball,1,88.1,Nottinghamshire,OP Stone,BM Duckett,OJ Hannon-Dalby,0,0,,,,,,caught,OP Stone
ball,1,88.2,Nottinghamshire,DY Pennington,BM Duckett,OJ Hannon-Dalby,4,0,,,,,,"",""
ball,1,88.3,Nottinghamshire,DY Pennington,BM Duckett,OJ Hannon-Dalby,0,0,,,,,,"",""
ball,1,88.4,Nottinghamshire,DY Pennington,BM Duckett,OJ Hannon-Dalby,0,0,,,,,,"",""
ball,1,88.5,Nottinghamshire,DY Pennington,BM Duckett,OJ Hannon-Dalby,1,0,,,,,,"",""
ball,1,88.6,Nottinghamshire,BM Duckett,DY Pennington,OJ Hannon-Dalby,1,0,,,,,,"",""
ball,1,89.1,Nottinghamshire,BM Duckett,DY Pennington,WMH Rhodes,4,0,,,,,,"",""
ball,1,89.2,Nottinghamshire,BM Duckett,DY Pennington,WMH Rhodes,0,0,,,,,,"",""
ball,1,89.3,Nottinghamshire,BM Duckett,DY Pennington,WMH Rhodes,0,0,,,,,,"",""
ball,1,89.4,Nottinghamshire,BM Duckett,DY Pennington,WMH Rhodes,1,0,,,,,,"",""
ball,1,89.5,Nottinghamshire,DY Pennington,BM Duckett,WMH Rhodes,0,0,,,,,,"",""
ball,1,89.6,Nottinghamshire,DY Pennington,BM Duckett,WMH Rhodes,0,0,,,,,,"",""
ball,1,90.1,Nottinghamshire,BM Duckett,DY Pennington,OJ Hannon-Dalby,0,0,,,,,,"",""
ball,1,90.2,Nottinghamshire,BM Duckett,DY Pennington,OJ Hannon-Dalby,0,0,,,,,,"",""
ball,1,90.3,Nottinghamshire,BM Duckett,DY Pennington,OJ Hannon-Dalby,0,0,,,,,,"",""
ball,1,90.4,Nottinghamshire,BM Duckett,DY Pennington,OJ Hannon-Dalby,0,0,,,,,,"",""
ball,1,90.5,Nottinghamshire,BM Duckett,DY Pennington,OJ Hannon-Dalby,2,0,,,,,,"",""
ball,1,90.6,Nottinghamshire,BM Duckett,DY Pennington,OJ Hannon-Dalby,0,0,,,,,,"",""
ball,1,91.1,Nottinghamshire,DY Pennington,BM Duckett,Hasan Ali,0,0,,,,,,"",""
ball,1,91.2,Nottinghamshire,DY Pennington,BM Duckett,Hasan Ali,0,0,,,,,,"",""
ball,1,91.3,Nottinghamshire,DY Pennington,BM Duckett,Hasan Ali,0,0,,,,,,"",""
ball,1,91.4,Nottinghamshire,DY Pennington,BM Duckett,Hasan Ali,0,0,,,,,,"",""
ball,1,91.5,Nottinghamshire,DY Pennington,BM Duckett,Hasan Ali,0,0,,,,,,"",""
ball,1,91.6,Nottinghamshire,DY Pennington,BM Duckett,Hasan Ali,0,0,,,,,,"",""
ball,1,92.1,Nottinghamshire,BM Duckett,DY Pennington,OJ Hannon-Dalby,0,0,,,,,,"",""
ball,1,92.2,Nottinghamshire,BM Duckett,DY Pennington,OJ Hannon-Dalby,0,0,,,,,,"",""
ball,1,92.3,Nottinghamshire,BM Duckett,DY Pennington,OJ Hannon-Dalby,0,0,,,,,,"",""
ball,1,92.4,Nottinghamshire,BM Duckett,DY Pennington,OJ Hannon-Dalby,1,0,,,,,,"",""
ball,1,92.5,Nottinghamshire,DY Pennington,BM Duckett,OJ Hannon-Dalby,0,0,,,,,,"",""
ball,1,92.6,Nottinghamshire,DY Pennington,BM Duckett,OJ Hannon-Dalby,0,0,,,,,,"",""
ball,1,93.1,Nottinghamshire,BM Duckett,DY Pennington,Hasan Ali,0,0,,,,,,"",""
ball,1,93.2,Nottinghamshire,BM Duckett,DY Pennington,Hasan Ali,0,0,,,,,,"",""
ball,1,93.3,Nottinghamshire,BM Duckett,DY Pennington,Hasan Ali,1,0,,,,,,"",""
ball,1,93.4,Nottinghamshire,DY Pennington,BM Duckett,Hasan Ali,0,0,,,,,,"",""
ball,1,93.5,Nottinghamshire,DY Pennington,BM Duckett,Hasan Ali,0,0,,,,,,"",""
ball,1,93.6,Nottinghamshire,DY Pennington,BM Duckett,Hasan Ali,0,0,,,,,,"",""
ball,1,94.1,Nottinghamshire,BM Duckett,DY Pennington,OJ Hannon-Dalby,6,0,,,,,,"",""
ball,1,94.2,Nottinghamshire,BM Duckett,DY Pennington,OJ Hannon-Dalby,0,0,,,,,,"",""
ball,1,94.3,Nottinghamshire,BM Duckett,DY Pennington,OJ Hannon-Dalby,0,0,,,,,,"",""
ball,1,94.4,Nottinghamshire,BM Duckett,DY Pennington,OJ Hannon-Dalby,1,0,,,,,,"",""
ball,1,94.5,Nottinghamshire,DY Pennington,BM Duckett,OJ Hannon-Dalby,4,0,,,,,,"",""
ball,1,94.6,Nottinghamshire,DY Pennington,BM Duckett,OJ Hannon-Dalby,2,0,,,,,,"",""
ball,1,95.1,Nottinghamshire,BM Duckett,DY Pennington,Hasan Ali,4,0,,,,,,"",""
ball,1,95.2,Nottinghamshire,BM Duckett,DY Pennington,Hasan Ali,0,0,,,,,,"",""
ball,1,95.3,Nottinghamshire,BM Duckett,DY Pennington,Hasan Ali,0,0,,,,,,"",""
ball,1,95.4,Nottinghamshire,BM Duckett,DY Pennington,Hasan Ali,1,0,,,,,,"",""
ball,1,95.5,Nottinghamshire,DY Pennington,BM Duckett,Hasan Ali,2,0,,,,,,"",""
ball,1,95.6,Nottinghamshire,DY Pennington,BM Duckett,Hasan Ali,0,0,,,,,,"",""
ball,1,96.1,Nottinghamshire,BM Duckett,DY Pennington,OJ Hannon-Dalby,0,0,,,,,,"",""
ball,1,96.2,Nottinghamshire,BM Duckett,DY Pennington,OJ Hannon-Dalby,2,0,,,,,,"",""
ball,1,96.3,Nottinghamshire,BM Duckett,DY Pennington,OJ Hannon-Dalby,0,0,,,,,,"",""
ball,1,96.4,Nottinghamshire,BM Duckett,DY Pennington,OJ Hannon-Dalby,1,0,,,,,,"",""
ball,1,96.5,Nottinghamshire,DY Pennington,BM Duckett,OJ Hannon-Dalby,0,0,,,,,,"",""
ball,1,96.6,Nottinghamshire,DY Pennington,BM Duckett,OJ Hannon-Dalby,0,0,,,,,,"",""
ball,1,97.1,Nottinghamshire,BM Duckett,DY Pennington,Hasan Ali,0,0,,,,,,"",""
ball,1,97.2,Nottinghamshire,BM Duckett,DY Pennington,Hasan Ali,0,0,,,,,,"",""
ball,1,97.3,Nottinghamshire,BM Duckett,DY Pennington,Hasan Ali,0,0,,,,,,"",""
ball,1,97.4,Nottinghamshire,BM Duckett,DY Pennington,Hasan Ali,1,0,,,,,,"",""
ball,1,97.5,Nottinghamshire,DY Pennington,BM Duckett,Hasan Ali,0,0,,,,,,"",""
ball,1,97.6,Nottinghamshire,DY Pennington,BM Duckett,Hasan Ali,4,0,,,,,,"",""
ball,1,98.1,Nottinghamshire,BM Duckett,DY Pennington,OJ Hannon-Dalby,0,0,,,,,,"",""
ball,1,98.2,Nottinghamshire,BM Duckett,DY Pennington,OJ Hannon-Dalby,1,0,,,,,,"",""
ball,1,98.3,Nottinghamshire,DY Pennington,BM Duckett,OJ Hannon-Dalby,0,0,,,,,,"",""
ball,1,98.4,Nottinghamshire,DY Pennington,BM Duckett,OJ Hannon-Dalby,0,0,,,,,,"",""
ball,1,98.5,Nottinghamshire,DY Pennington,BM Duckett,OJ Hannon-Dalby,0,0,,,,,,"",""
ball,1,98.6,Nottinghamshire,DY Pennington,BM Duckett,OJ Hannon-Dalby,0,0,,,,,,"",""
ball,1,99.1,Nottinghamshire,BM Duckett,DY Pennington,DR Mousley,0,0,,,,,,"",""
ball,1,99.2,Nottinghamshire,BM Duckett,DY Pennington,DR Mousley,0,0,,,,,,"",""
ball,1,99.3,Nottinghamshire,BM Duckett,DY Pennington,DR Mousley,0,0,,,,,,bowled,BM Duckett
ball,1,99.4,Nottinghamshire,D Paterson,DY Pennington,DR Mousley,0,0,,,,,,"",""
ball,1,99.5,Nottinghamshire,D Paterson,DY Pennington,DR Mousley,0,0,,,,,,"",""
ball,1,99.6,Nottinghamshire,D Paterson,DY Pennington,DR Mousley,0,0,,,,,,"",""
ball,1,100.1,Nottinghamshire,DY Pennington,D Paterson,OJ Hannon-Dalby,0,0,,,,,,caught,DY Pennington
ball,2,0.1,Warwickshire,RM Yates,AL Davies,OP Stone,4,0,,,,,,"",""
ball,2,0.2,Warwickshire,RM Yates,AL Davies,OP Stone,4,0,,,,,,"",""
ball,2,0.3,Warwickshire,RM Yates,AL Davies,OP Stone,0,0,,,,,,"",""
ball,2,0.4,Warwickshire,RM Yates,AL Davies,OP Stone,0,0,,,,,,"",""
ball,2,0.5,Warwickshire,RM Yates,AL Davies,OP Stone,0,0,,,,,,"",""
ball,2,0.6,Warwickshire,RM Yates,AL Davies,OP Stone,0,0,,,,,,"",""
ball,2,1.1,Warwickshire,AL Davies,RM Yates,DY Pennington,0,0,,,,,,"",""
ball,2,1.2,Warwickshire,AL Davies,RM Yates,DY Pennington,0,1,,,1,,,"",""
ball,2,1.3,Warwickshire,RM Yates,AL Davies,DY Pennington,0,0,,,,,,"",""
ball,2,1.4,Warwickshire,RM Yates,AL Davies,DY Pennington,1,0,,,,,,"",""
ball,2,1.5,Warwickshire,AL Davies,RM Yates,DY Pennington,0,0,,,,,,"",""
ball,2,1.6,Warwickshire,AL Davies,RM Yates,DY Pennington,0,0,,,,,,"",""
ball,2,2.1,Warwickshire,RM Yates,AL Davies,OP Stone,0,0,,,,,,"",""
ball,2,2.2,Warwickshire,RM Yates,AL Davies,OP Stone,0,0,,,,,,"",""
ball,2,2.3,Warwickshire,RM Yates,AL Davies,OP Stone,0,0,,,,,,"",""
ball,2,2.4,Warwickshire,RM Yates,AL Davies,OP Stone,0,0,,,,,,"",""
ball,2,2.5,Warwickshire,RM Yates,AL Davies,OP Stone,0,0,,,,,,"",""
ball,2,2.6,Warwickshire,RM Yates,AL Davies,OP Stone,0,0,,,,,,"",""
ball,2,3.1,Warwickshire,AL Davies,RM Yates,DY Pennington,0,0,,,,,,"",""
ball,2,3.2,Warwickshire,AL Davies,RM Yates,DY Pennington,0,0,,,,,,caught,AL Davies
ball,2,3.3,Warwickshire,WMH Rhodes,RM Yates,DY Pennington,0,0,,,,,,"",""
ball,2,3.4,Warwickshire,WMH Rhodes,RM Yates,DY Pennington,0,0,,,,,,"",""
ball,2,3.5,Warwickshire,WMH Rhodes,RM Yates,DY Pennington,0,0,,,,,,"",""
ball,2,3.6,Warwickshire,WMH Rhodes,RM Yates,DY Pennington,1,0,,,,,,"",""
ball,2,4.1,Warwickshire,WMH Rhodes,RM Yates,OP Stone,0,0,,,,,,"",""
ball,2,4.2,Warwickshire,WMH Rhodes,RM Yates,OP Stone,0,0,,,,,,"",""
ball,2,4.3,Warwickshire,WMH Rhodes,RM Yates,OP Stone,0,0,,,,,,"",""
ball,2,4.4,Warwickshire,WMH Rhodes,RM Yates,OP Stone,0,0,,,,,,"",""
ball,2,4.5,Warwickshire,WMH Rhodes,RM Yates,OP Stone,0,0,,,,,,"",""
ball,2,4.6,Warwickshire,WMH Rhodes,RM Yates,OP Stone,0,0,,,,,,"",""
ball,2,5.1,Warwickshire,RM Yates,WMH Rhodes,DY Pennington,0,0,,,,,,"",""
ball,2,5.2,Warwickshire,RM Yates,WMH Rhodes,DY Pennington,2,0,,,,,,"",""
ball,2,5.3,Warwickshire,RM Yates,WMH Rhodes,DY Pennington,4,0,,,,,,"",""
ball,2,5.4,Warwickshire,RM Yates,WMH Rhodes,DY Pennington,0,0,,,,,,"",""
ball,2,5.5,Warwickshire,RM Yates,WMH Rhodes,DY Pennington,0,0,,,,,,"",""
ball,2,5.6,Warwickshire,RM Yates,WMH Rhodes,DY Pennington,0,0,,,,,,"",""
ball,2,6.1,Warwickshire,WMH Rhodes,RM Yates,OP Stone,0,0,,,,,,"",""
ball,2,6.2,Warwickshire,WMH Rhodes,RM Yates,OP Stone,0,0,,,,,,"",""
ball,2,6.3,Warwickshire,WMH Rhodes,RM Yates,OP Stone,0,0,,,,,,"",""
ball,2,6.4,Warwickshire,WMH Rhodes,RM Yates,OP Stone,0,0,,,,,,"",""
ball,2,6.5,Warwickshire,WMH Rhodes,RM Yates,OP Stone,4,0,,,,,,"",""
ball,2,6.6,Warwickshire,WMH Rhodes,RM Yates,OP Stone,0,0,,,,,,"",""
ball,2,7.1,Warwickshire,RM Yates,WMH Rhodes,DY Pennington,1,0,,,,,,"",""
ball,2,7.2,Warwickshire,WMH Rhodes,RM Yates,DY Pennington,0,0,,,,,,"",""
ball,2,7.3,Warwickshire,WMH Rhodes,RM Yates,DY Pennington,0,0,,,,,,"",""
ball,2,7.4,Warwickshire,WMH Rhodes,RM Yates,DY Pennington,1,0,,,,,,"",""
ball,2,7.5,Warwickshire,RM Yates,WMH Rhodes,DY Pennington,0,0,,,,,,"",""
ball,2,7.6,Warwickshire,RM Yates,WMH Rhodes,DY Pennington,0,0,,,,,,"",""
ball,2,8.1,Warwickshire,WMH Rhodes,RM Yates,D Paterson,2,0,,,,,,"",""
ball,2,8.2,Warwickshire,WMH Rhodes,RM Yates,D Paterson,0,0,,,,,,"",""
ball,2,8.3,Warwickshire,WMH Rhodes,RM Yates,D Paterson,0,0,,,,,,"",""
ball,2,8.4,Warwickshire,WMH Rhodes,RM Yates,D Paterson,0,0,,,,,,"",""
ball,2,8.5,Warwickshire,WMH Rhodes,RM Yates,D Paterson,1,0,,,,,,"",""
ball,2,8.6,Warwickshire,RM Yates,WMH Rhodes,D Paterson,0,0,,,,,,"",""
ball,2,9.1,Warwickshire,WMH Rhodes,RM Yates,DY Pennington,0,0,,,,,,"",""
ball,2,9.2,Warwickshire,WMH Rhodes,RM Yates,DY Pennington,0,0,,,,,,lbw,WMH Rhodes
ball,2,9.3,Warwickshire,EG Barnard,RM Yates,DY Pennington,0,0,,,,,,"",""
ball,2,9.4,Warwickshire,EG Barnard,RM Yates,DY Pennington,0,0,,,,,,"",""
ball,2,9.5,Warwickshire,EG Barnard,RM Yates,DY Pennington,0,0,,,,,,"",""
ball,2,9.6,Warwickshire,EG Barnard,RM Yates,DY Pennington,0,0,,,,,,"",""
ball,2,10.1,Warwickshire,RM Yates,EG Barnard,D Paterson,0,0,,,,,,caught,RM Yates
ball,2,10.2,Warwickshire,DR Mousley,EG Barnard,D Paterson,0,0,,,,,,"",""
ball,2,10.3,Warwickshire,DR Mousley,EG Barnard,D Paterson,1,0,,,,,,"",""
ball,2,10.4,Warwickshire,EG Barnard,DR Mousley,D Paterson,0,0,,,,,,"",""
ball,2,10.5,Warwickshire,EG Barnard,DR Mousley,D Paterson,0,0,,,,,,"",""
ball,2,10.6,Warwickshire,EG Barnard,DR Mousley,D Paterson,0,0,,,,,,"",""
ball,2,11.1,Warwickshire,DR Mousley,EG Barnard,DY Pennington,0,0,,,,,,"",""
ball,2,11.2,Warwickshire,DR Mousley,EG Barnard,DY Pennington,0,0,,,,,,"",""
ball,2,11.3,Warwickshire,DR Mousley,EG Barnard,DY Pennington,0,0,,,,,,"",""
ball,2,11.4,Warwickshire,DR Mousley,EG Barnard,DY Pennington,0,0,,,,,,"",""
ball,2,11.5,Warwickshire,DR Mousley,EG Barnard,DY Pennington,2,0,,,,,,"",""
ball,2,11.6,Warwickshire,DR Mousley,EG Barnard,DY Pennington,0,0,,,,,,"",""
ball,2,12.1,Warwickshire,EG Barnard,DR Mousley,D Paterson,0,0,,,,,,"",""
ball,2,12.2,Warwickshire,EG Barnard,DR Mousley,D Paterson,0,0,,,,,,"",""
ball,2,12.3,Warwickshire,EG Barnard,DR Mousley,D Paterson,0,0,,,,,,"",""
ball,2,12.4,Warwickshire,EG Barnard,DR Mousley,D Paterson,0,0,,,,,,"",""
ball,2,12.5,Warwickshire,EG Barnard,DR Mousley,D Paterson,0,0,,,,,,"",""
ball,2,12.6,Warwickshire,EG Barnard,DR Mousley,D Paterson,0,0,,,,,,"",""
ball,2,13.1,Warwickshire,DR Mousley,EG Barnard,DY Pennington,0,0,,,,,,"",""
ball,2,13.2,Warwickshire,DR Mousley,EG Barnard,DY Pennington,0,0,,,,,,"",""
ball,2,13.3,Warwickshire,DR Mousley,EG Barnard,DY Pennington,1,0,,,,,,"",""
ball,2,13.4,Warwickshire,EG Barnard,DR Mousley,DY Pennington,0,0,,,,,,"",""
ball,2,13.5,Warwickshire,EG Barnard,DR Mousley,DY Pennington,1,0,,,,,,"",""
ball,2,13.6,Warwickshire,DR Mousley,EG Barnard,DY Pennington,0,0,,,,,,"",""
ball,2,14.1,Warwickshire,EG Barnard,DR Mousley,D Paterson,0,0,,,,,,"",""
ball,2,14.2,Warwickshire,EG Barnard,DR Mousley,D Paterson,0,0,,,,,,"",""
ball,2,14.3,Warwickshire,EG Barnard,DR Mousley,D Paterson,0,0,,,,,,"",""
ball,2,14.4,Warwickshire,EG Barnard,DR Mousley,D Paterson,0,0,,,,,,"",""
ball,2,14.5,Warwickshire,EG Barnard,DR Mousley,D Paterson,4,0,,,,,,"",""
ball,2,14.6,Warwickshire,EG Barnard,DR Mousley,D Paterson,0,0,,,,,,"",""
ball,2,15.1,Warwickshire,DR Mousley,EG Barnard,DY Pennington,1,0,,,,,,"",""
ball,2,15.2,Warwickshire,EG Barnard,DR Mousley,DY Pennington,0,0,,,,,,"",""
ball,2,15.3,Warwickshire,EG Barnard,DR Mousley,DY Pennington,0,0,,,,,,"",""
ball,2,15.4,Warwickshire,EG Barnard,DR Mousley,DY Pennington,4,0,,,,,,"",""
ball,2,15.5,Warwickshire,EG Barnard,DR Mousley,DY Pennington,0,0,,,,,,"",""
ball,2,15.6,Warwickshire,EG Barnard,DR Mousley,DY Pennington,0,0,,,,,,"",""
ball,2,16.1,Warwickshire,DR Mousley,EG Barnard,D Paterson,4,0,,,,,,"",""
ball,2,16.2,Warwickshire,DR Mousley,EG Barnard,D Paterson,0,1,,,1,,,"",""
ball,2,16.3,Warwickshire,EG Barnard,DR Mousley,D Paterson,0,0,,,,,,"",""
ball,2,16.4,Warwickshire,EG Barnard,DR Mousley,D Paterson,0,0,,,,,,"",""
ball,2,16.5,Warwickshire,EG Barnard,DR Mousley,D Paterson,0,0,,,,,,"",""
ball,2,16.6,Warwickshire,EG Barnard,DR Mousley,D Paterson,1,0,,,,,,"",""
ball,2,17.1,Warwickshire,EG Barnard,DR Mousley,DY Pennington,2,0,,,,,,"",""
ball,2,17.2,Warwickshire,EG Barnard,DR Mousley,DY Pennington,0,0,,,,,,"",""
ball,2,17.3,Warwickshire,EG Barnard,DR Mousley,DY Pennington,0,0,,,,,,"",""
ball,2,17.4,Warwickshire,EG Barnard,DR Mousley,DY Pennington,0,0,,,,,,"",""
ball,2,17.5,Warwickshire,EG Barnard,DR Mousley,DY Pennington,0,0,,,,,,"",""
ball,2,17.6,Warwickshire,EG Barnard,DR Mousley,DY Pennington,0,0,,,,,,"",""
ball,2,18.1,Warwickshire,DR Mousley,EG Barnard,D Paterson,0,0,,,,,,"",""
ball,2,18.2,Warwickshire,DR Mousley,EG Barnard,D Paterson,4,0,,,,,,"",""
ball,2,18.3,Warwickshire,DR Mousley,EG Barnard,D Paterson,0,0,,,,,,"",""
ball,2,18.4,Warwickshire,DR Mousley,EG Barnard,D Paterson,0,0,,,,,,"",""
ball,2,18.5,Warwickshire,DR Mousley,EG Barnard,D Paterson,0,0,,,,,,"",""
ball,2,18.6,Warwickshire,DR Mousley,EG Barnard,D Paterson,2,0,,,,,,"",""
ball,2,19.1,Warwickshire,EG Barnard,DR Mousley,OP Stone,1,0,,,,,,"",""
ball,2,19.2,Warwickshire,DR Mousley,EG Barnard,OP Stone,0,0,,,,,,"",""
ball,2,19.3,Warwickshire,DR Mousley,EG Barnard,OP Stone,0,0,,,,,,"",""
ball,2,19.4,Warwickshire,DR Mousley,EG Barnard,OP Stone,0,0,,,,,,"",""
ball,2,19.5,Warwickshire,DR Mousley,EG Barnard,OP Stone,0,0,,,,,,"",""
ball,2,19.6,Warwickshire,DR Mousley,EG Barnard,OP Stone,0,0,,,,,,"",""
ball,2,20.1,Warwickshire,EG Barnard,DR Mousley,D Paterson,1,0,,,,,,"",""
ball,2,20.2,Warwickshire,DR Mousley,EG Barnard,D Paterson,0,0,,,,,,"",""
ball,2,20.3,Warwickshire,DR Mousley,EG Barnard,D Paterson,0,0,,,,,,"",""
ball,2,20.4,Warwickshire,DR Mousley,EG Barnard,D Paterson,1,0,,,,,,"",""
ball,2,20.5,Warwickshire,EG Barnard,DR Mousley,D Paterson,0,0,,,,,,"",""
ball,2,20.6,Warwickshire,EG Barnard,DR Mousley,D Paterson,4,0,,,,,,"",""
ball,2,21.1,Warwickshire,DR Mousley,EG Barnard,OP Stone,0,0,,,,,,"",""
ball,2,21.2,Warwickshire,DR Mousley,EG Barnard,OP Stone,0,0,,,,,,"",""
ball,2,21.3,Warwickshire,DR Mousley,EG Barnard,OP Stone,0,0,,,,,,"",""
ball,2,21.4,Warwickshire,DR Mousley,EG Barnard,OP Stone,0,0,,,,,,"",""
ball,2,21.5,Warwickshire,DR Mousley,EG Barnard,OP Stone,0,0,,,,,,"",""
ball,2,21.6,Warwickshire,DR Mousley,EG Barnard,OP Stone,1,0,,,,,,"",""
ball,2,22.1,Warwickshire,DR Mousley,EG Barnard,LW James,0,0,,,,,,"",""
ball,2,22.2,Warwickshire,DR Mousley,EG Barnard,LW James,0,0,,,,,,"",""
ball,2,22.3,Warwickshire,DR Mousley,EG Barnard,LW James,1,0,,,,,,"",""
ball,2,22.4,Warwickshire,EG Barnard,DR Mousley,LW James,0,0,,,,,,"",""
ball,2,22.5,Warwickshire,EG Barnard,DR Mousley,LW James,0,0,,,,,,"",""
ball,2,22.6,Warwickshire,EG Barnard,DR Mousley,LW James,0,0,,,,,,"",""
ball,2,23.1,Warwickshire,DR Mousley,EG Barnard,OP Stone,0,0,,,,,,"",""
ball,2,23.2,Warwickshire,DR Mousley,EG Barnard,OP Stone,4,0,,,,,,"",""
ball,2,23.3,Warwickshire,DR Mousley,EG Barnard,OP Stone,0,0,,,,,,"",""
ball,2,23.4,Warwickshire,DR Mousley,EG Barnard,OP Stone,0,0,,,,,,"",""
ball,2,23.5,Warwickshire,DR Mousley,EG Barnard,OP Stone,4,0,,,,,,"",""
ball,2,23.6,Warwickshire,DR Mousley,EG Barnard,OP Stone,0,0,,,,,,"",""
ball,2,24.1,Warwickshire,EG Barnard,DR Mousley,D Paterson,0,0,,,,,,"",""
ball,2,24.2,Warwickshire,EG Barnard,DR Mousley,D Paterson,0,0,,,,,,"",""
ball,2,24.3,Warwickshire,EG Barnard,DR Mousley,D Paterson,0,0,,,,,,"",""
ball,2,24.4,Warwickshire,EG Barnard,DR Mousley,D Paterson,0,0,,,,,,"",""
ball,2,24.5,Warwickshire,EG Barnard,DR Mousley,D Paterson,1,0,,,,,,"",""
ball,2,24.6,Warwickshire,DR Mousley,EG Barnard,D Paterson,0,0,,,,,,"",""
ball,2,25.1,Warwickshire,EG Barnard,DR Mousley,DY Pennington,0,0,,,,,,"",""
ball,2,25.2,Warwickshire,EG Barnard,DR Mousley,DY Pennington,0,0,,,,,,"",""
ball,2,25.3,Warwickshire,EG Barnard,DR Mousley,DY Pennington,0,0,,,,,,"",""
ball,2,25.4,Warwickshire,EG Barnard,DR Mousley,DY Pennington,0,0,,,,,,"",""
ball,2,25.5,Warwickshire,EG Barnard,DR Mousley,DY Pennington,0,0,,,,,,"",""
ball,2,25.6,Warwickshire,EG Barnard,DR Mousley,DY Pennington,0,0,,,,,,"",""
ball,2,26.1,Warwickshire,DR Mousley,EG Barnard,D Paterson,0,0,,,,,,"",""
ball,2,26.2,Warwickshire,DR Mousley,EG Barnard,D Paterson,0,0,,,,,,"",""
ball,2,26.3,Warwickshire,DR Mousley,EG Barnard,D Paterson,2,0,,,,,,"",""
ball,2,26.4,Warwickshire,DR Mousley,EG Barnard,D Paterson,0,0,,,,,,"",""
ball,2,26.5,Warwickshire,DR Mousley,EG Barnard,D Paterson,0,0,,,,,,"",""
ball,2,26.6,Warwickshire,DR Mousley,EG Barnard,D Paterson,0,0,,,,,,"",""
ball,2,27.1,Warwickshire,EG Barnard,DR Mousley,DY Pennington,0,0,,,,,,"",""
ball,2,27.2,Warwickshire,EG Barnard,DR Mousley,DY Pennington,0,0,,,,,,"",""
ball,2,27.3,Warwickshire,EG Barnard,DR Mousley,DY Pennington,0,0,,,,,,"",""
ball,2,27.4,Warwickshire,EG Barnard,DR Mousley,DY Pennington,4,0,,,,,,"",""
ball,2,27.5,Warwickshire,EG Barnard,DR Mousley,DY Pennington,0,0,,,,,,"",""
ball,2,27.6,Warwickshire,EG Barnard,DR Mousley,DY Pennington,0,0,,,,,,"",""
ball,2,28.1,Warwickshire,DR Mousley,EG Barnard,D Paterson,0,0,,,,,,"",""
ball,2,28.2,Warwickshire,DR Mousley,EG Barnard,D Paterson,0,0,,,,,,"",""
ball,2,28.3,Warwickshire,DR Mousley,EG Barnard,D Paterson,0,0,,,,,,"",""
ball,2,28.4,Warwickshire,DR Mousley,EG Barnard,D Paterson,1,0,,,,,,"",""
ball,2,28.5,Warwickshire,EG Barnard,DR Mousley,D Paterson,0,0,,,,,,"",""
ball,2,28.6,Warwickshire,EG Barnard,DR Mousley,D Paterson,4,0,,,,,,"",""
ball,2,29.1,Warwickshire,DR Mousley,EG Barnard,DY Pennington,0,0,,,,,,"",""
ball,2,29.2,Warwickshire,DR Mousley,EG Barnard,DY Pennington,1,0,,,,,,"",""
ball,2,29.3,Warwickshire,EG Barnard,DR Mousley,DY Pennington,0,0,,,,,,"",""
ball,2,29.4,Warwickshire,EG Barnard,DR Mousley,DY Pennington,0,0,,,,,,"",""
ball,2,29.5,Warwickshire,EG Barnard,DR Mousley,DY Pennington,0,0,,,,,,"",""
ball,2,29.6,Warwickshire,EG Barnard,DR Mousley,DY Pennington,0,0,,,,,,"",""
ball,2,30.1,Warwickshire,DR Mousley,EG Barnard,D Paterson,0,0,,,,,,lbw,DR Mousley
ball,2,30.2,Warwickshire,JG Bethell,EG Barnard,D Paterson,0,0,,,,,,"",""
ball,2,30.3,Warwickshire,JG Bethell,EG Barnard,D Paterson,0,0,,,,,,"",""
ball,2,30.4,Warwickshire,JG Bethell,EG Barnard,D Paterson,0,0,,,,,,"",""
ball,2,30.5,Warwickshire,JG Bethell,EG Barnard,D Paterson,0,0,,,,,,"",""
ball,2,30.6,Warwickshire,JG Bethell,EG Barnard,D Paterson,0,0,,,,,,"",""
ball,2,31.1,Warwickshire,EG Barnard,JG Bethell,DY Pennington,0,0,,,,,,"",""
ball,2,31.2,Warwickshire,EG Barnard,JG Bethell,DY Pennington,0,1,,,1,,,"",""
ball,2,31.3,Warwickshire,JG Bethell,EG Barnard,DY Pennington,0,0,,,,,,"",""
ball,2,31.4,Warwickshire,JG Bethell,EG Barnard,DY Pennington,0,0,,,,,,"",""
ball,2,31.5,Warwickshire,JG Bethell,EG Barnard,DY Pennington,0,0,,,,,,"",""
ball,2,31.6,Warwickshire,JG Bethell,EG Barnard,DY Pennington,0,0,,,,,,"",""
ball,2,32.1,Warwickshire,EG Barnard,JG Bethell,D Paterson,0,0,,,,,,"",""
ball,2,32.2,Warwickshire,EG Barnard,JG Bethell,D Paterson,0,0,,,,,,"",""
ball,2,32.3,Warwickshire,EG Barnard,JG Bethell,D Paterson,0,0,,,,,,"",""
ball,2,32.4,Warwickshire,EG Barnard,JG Bethell,D Paterson,0,0,,,,,,"",""
ball,2,32.5,Warwickshire,EG Barnard,JG Bethell,D Paterson,0,0,,,,,,"",""
ball,2,32.6,Warwickshire,EG Barnard,JG Bethell,D Paterson,0,0,,,,,,"",""
ball,2,33.1,Warwickshire,JG Bethell,EG Barnard,OP Stone,0,0,,,,,,"",""
ball,2,33.2,Warwickshire,JG Bethell,EG Barnard,OP Stone,0,0,,,,,,"",""
ball,2,33.3,Warwickshire,JG Bethell,EG Barnard,OP Stone,0,0,,,,,,"",""
ball,2,33.4,Warwickshire,JG Bethell,EG Barnard,OP Stone,0,0,,,,,,"",""
ball,2,33.5,Warwickshire,JG Bethell,EG Barnard,OP Stone,0,0,,,,,,"",""
ball,2,33.6,Warwickshire,JG Bethell,EG Barnard,OP Stone,1,0,,,,,,"",""
ball,2,34.1,Warwickshire,JG Bethell,EG Barnard,D Paterson,0,0,,,,,,"",""
ball,2,34.2,Warwickshire,JG Bethell,EG Barnard,D Paterson,0,0,,,,,,"",""
ball,2,34.3,Warwickshire,JG Bethell,EG Barnard,D Paterson,4,0,,,,,,"",""
ball,2,34.4,Warwickshire,JG Bethell,EG Barnard,D Paterson,4,0,,,,,,"",""
ball,2,34.5,Warwickshire,JG Bethell,EG Barnard,D Paterson,0,0,,,,,,"",""
ball,2,34.6,Warwickshire,JG Bethell,EG Barnard,D Paterson,4,0,,,,,,"",""
ball,2,35.1,Warwickshire,EG Barnard,JG Bethell,OP Stone,0,0,,,,,,"",""
ball,2,35.2,Warwickshire,EG Barnard,JG Bethell,OP Stone,0,0,,,,,,"",""
ball,2,35.3,Warwickshire,EG Barnard,JG Bethell,OP Stone,0,0,,,,,,"",""
ball,2,35.4,Warwickshire,EG Barnard,JG Bethell,OP Stone,0,0,,,,,,"",""
ball,2,35.5,Warwickshire,EG Barnard,JG Bethell,OP Stone,0,0,,,,,,"",""
ball,2,35.6,Warwickshire,EG Barnard,JG Bethell,OP Stone,0,0,,,,,,"",""
ball,2,36.1,Warwickshire,JG Bethell,EG Barnard,LW James,2,0,,,,,,"",""
ball,2,36.2,Warwickshire,JG Bethell,EG Barnard,LW James,0,0,,,,,,"",""
ball,2,36.3,Warwickshire,JG Bethell,EG Barnard,LW James,0,0,,,,,,"",""
ball,2,36.4,Warwickshire,JG Bethell,EG Barnard,LW James,0,0,,,,,,"",""
ball,2,36.5,Warwickshire,JG Bethell,EG Barnard,LW James,1,0,,,,,,"",""
ball,2,36.6,Warwickshire,EG Barnard,JG Bethell,LW James,1,0,,,,,,"",""
ball,2,37.1,Warwickshire,EG Barnard,JG Bethell,OP Stone,4,0,,,,,,"",""
ball,2,37.2,Warwickshire,EG Barnard,JG Bethell,OP Stone,0,0,,,,,,"",""
ball,2,37.3,Warwickshire,EG Barnard,JG Bethell,OP Stone,0,0,,,,,,"",""
ball,2,37.4,Warwickshire,EG Barnard,JG Bethell,OP Stone,0,0,,,,,,"",""
ball,2,37.5,Warwickshire,EG Barnard,JG Bethell,OP Stone,2,0,,,,,,"",""
ball,2,37.6,Warwickshire,EG Barnard,JG Bethell,OP Stone,1,0,,,,,,"",""
ball,2,38.1,Warwickshire,EG Barnard,JG Bethell,LW James,1,2,,2,,,,"",""
ball,2,38.2,Warwickshire,JG Bethell,EG Barnard,LW James,0,0,,,,,,"",""
ball,2,38.3,Warwickshire,JG Bethell,EG Barnard,LW James,0,0,,,,,,"",""
ball,2,38.4,Warwickshire,JG Bethell,EG Barnard,LW James,0,0,,,,,,"",""
ball,2,38.5,Warwickshire,JG Bethell,EG Barnard,LW James,0,0,,,,,,"",""
ball,2,38.6,Warwickshire,JG Bethell,EG Barnard,LW James,0,0,,,,,,"",""
ball,2,38.7,Warwickshire,JG Bethell,EG Barnard,LW James,0,0,,,,,,"",""
ball,2,39.1,Warwickshire,EG Barnard,JG Bethell,OP Stone,0,0,,,,,,"",""
ball,2,39.2,Warwickshire,EG Barnard,JG Bethell,OP Stone,0,0,,,,,,"",""
ball,2,39.3,Warwickshire,EG Barnard,JG Bethell,OP Stone,1,0,,,,,,"",""
ball,2,39.4,Warwickshire,JG Bethell,EG Barnard,OP Stone,0,0,,,,,,"",""
ball,2,39.5,Warwickshire,JG Bethell,EG Barnard,OP Stone,0,0,,,,,,"",""
ball,2,39.6,Warwickshire,JG Bethell,EG Barnard,OP Stone,0,0,,,,,,"",""
ball,2,40.1,Warwickshire,EG Barnard,JG Bethell,LW James,1,0,,,,,,"",""
ball,2,40.2,Warwickshire,JG Bethell,EG Barnard,LW James,0,0,,,,,,"",""
ball,2,40.3,Warwickshire,JG Bethell,EG Barnard,LW James,0,0,,,,,,"",""
ball,2,40.4,Warwickshire,JG Bethell,EG Barnard,LW James,0,0,,,,,,"",""
ball,2,40.5,Warwickshire,JG Bethell,EG Barnard,LW James,0,0,,,,,,"",""
ball,2,40.6,Warwickshire,JG Bethell,EG Barnard,LW James,0,0,,,,,,"",""
ball,2,41.1,Warwickshire,EG Barnard,JG Bethell,OP Stone,4,0,,,,,,"",""
ball,2,41.2,Warwickshire,EG Barnard,JG Bethell,OP Stone,0,0,,,,,,"",""
ball,2,41.3,Warwickshire,EG Barnard,JG Bethell,OP Stone,1,0,,,,,,"",""
ball,2,41.4,Warwickshire,JG Bethell,EG Barnard,OP Stone,0,0,,,,,,"",""
ball,2,41.5,Warwickshire,JG Bethell,EG Barnard,OP Stone,1,0,,,,,,"",""
ball,2,41.6,Warwickshire,EG Barnard,JG Bethell,OP Stone,1,0,,,,,,"",""
ball,2,42.1,Warwickshire,EG Barnard,JG Bethell,CG Harrison,4,0,,,,,,"",""
ball,2,42.2,Warwickshire,EG Barnard,JG Bethell,CG Harrison,0,0,,,,,,"",""
ball,2,42.3,Warwickshire,EG Barnard,JG Bethell,CG Harrison,0,0,,,,,,"",""
ball,2,42.4,Warwickshire,EG Barnard,JG Bethell,CG Harrison,2,0,,,,,,"",""
ball,2,42.5,Warwickshire,EG Barnard,JG Bethell,CG Harrison,0,0,,,,,,"",""
ball,2,42.6,Warwickshire,EG Barnard,JG Bethell,CG Harrison,0,0,,,,,,"",""
ball,2,43.1,Warwickshire,JG Bethell,EG Barnard,LW James,0,0,,,,,,"",""
ball,2,43.2,Warwickshire,JG Bethell,EG Barnard,LW James,0,0,,,,,,"",""
ball,2,43.3,Warwickshire,JG Bethell,EG Barnard,LW James,0,0,,,,,,"",""
ball,2,43.4,Warwickshire,JG Bethell,EG Barnard,LW James,1,0,,,,,,"",""
ball,2,43.5,Warwickshire,EG Barnard,JG Bethell,LW James,4,0,,,,,,"",""
ball,2,43.6,Warwickshire,EG Barnard,JG Bethell,LW James,0,0,,,,,,"",""
ball,2,44.1,Warwickshire,JG Bethell,EG Barnard,CG Harrison,0,0,,,,,,"",""
ball,2,44.2,Warwickshire,JG Bethell,EG Barnard,CG Harrison,4,0,,,,,,"",""
ball,2,44.3,Warwickshire,JG Bethell,EG Barnard,CG Harrison,1,0,,,,,,"",""
ball,2,44.4,Warwickshire,EG Barnard,JG Bethell,CG Harrison,1,0,,,,,,"",""
ball,2,44.5,Warwickshire,JG Bethell,EG Barnard,CG Harrison,0,0,,,,,,"",""
ball,2,44.6,Warwickshire,JG Bethell,EG Barnard,CG Harrison,0,0,,,,,,"",""
ball,2,45.1,Warwickshire,EG Barnard,JG Bethell,LW James,0,0,,,,,,"",""
ball,2,45.2,Warwickshire,EG Barnard,JG Bethell,LW James,0,0,,,,,,"",""
ball,2,45.3,Warwickshire,EG Barnard,JG Bethell,LW James,0,0,,,,,,"",""
ball,2,45.4,Warwickshire,EG Barnard,JG Bethell,LW James,1,0,,,,,,"",""
ball,2,45.5,Warwickshire,JG Bethell,EG Barnard,LW James,4,0,,,,,,"",""
ball,2,45.6,Warwickshire,JG Bethell,EG Barnard,LW James,0,0,,,,,,"",""
ball,2,46.1,Warwickshire,EG Barnard,JG Bethell,CG Harrison,0,0,,,,,,"",""
ball,2,46.2,Warwickshire,EG Barnard,JG Bethell,CG Harrison,1,0,,,,,,"",""
ball,2,46.3,Warwickshire,JG Bethell,EG Barnard,CG Harrison,0,0,,,,,,"",""
ball,2,46.4,Warwickshire,JG Bethell,EG Barnard,CG Harrison,0,0,,,,,,"",""
ball,2,46.5,Warwickshire,JG Bethell,EG Barnard,CG Harrison,1,0,,,,,,"",""
ball,2,46.6,Warwickshire,EG Barnard,JG Bethell,CG Harrison,0,0,,,,,,"",""
ball,2,47.1,Warwickshire,JG Bethell,EG Barnard,LW James,0,0,,,,,,"",""
ball,2,47.2,Warwickshire,JG Bethell,EG Barnard,LW James,0,0,,,,,,"",""
ball,2,47.3,Warwickshire,JG Bethell,EG Barnard,LW James,0,1,,,,1,,"",""
ball,2,47.4,Warwickshire,EG Barnard,JG Bethell,LW James,0,2,,2,,,,"",""
ball,2,47.5,Warwickshire,EG Barnard,JG Bethell,LW James,0,0,,,,,,"",""
ball,2,47.6,Warwickshire,EG Barnard,JG Bethell,LW James,4,0,,,,,,"",""
ball,2,47.7,Warwickshire,EG Barnard,JG Bethell,LW James,0,0,,,,,,"",""
ball,2,48.1,Warwickshire,JG Bethell,EG Barnard,CG Harrison,0,0,,,,,,"",""
ball,2,48.2,Warwickshire,JG Bethell,EG Barnard,CG Harrison,1,0,,,,,,"",""
ball,2,48.3,Warwickshire,EG Barnard,JG Bethell,CG Harrison,0,0,,,,,,"",""
ball,2,48.4,Warwickshire,EG Barnard,JG Bethell,CG Harrison,0,0,,,,,,"",""
ball,2,48.5,Warwickshire,EG Barnard,JG Bethell,CG Harrison,0,0,,,,,,"",""
ball,2,48.6,Warwickshire,EG Barnard,JG Bethell,CG Harrison,1,0,,,,,,"",""
ball,2,49.1,Warwickshire,EG Barnard,JG Bethell,DY Pennington,0,0,,,,,,"",""
ball,2,49.2,Warwickshire,EG Barnard,JG Bethell,DY Pennington,0,0,,,,,,"",""
ball,2,49.3,Warwickshire,EG Barnard,JG Bethell,DY Pennington,0,0,,,,,,"",""
ball,2,49.4,Warwickshire,EG Barnard,JG Bethell,DY Pennington,0,0,,,,,,"",""
ball,2,49.5,Warwickshire,EG Barnard,JG Bethell,DY Pennington,1,0,,,,,,"",""
ball,2,49.6,Warwickshire,JG Bethell,EG Barnard,DY Pennington,1,0,,,,,,"",""
ball,2,50.1,Warwickshire,JG Bethell,EG Barnard,D Paterson,0,0,,,,,,"",""
ball,2,50.2,Warwickshire,JG Bethell,EG Barnard,D Paterson,0,0,,,,,,"",""
ball,2,50.3,Warwickshire,JG Bethell,EG Barnard,D Paterson,0,0,,,,,,"",""
ball,2,50.4,Warwickshire,JG Bethell,EG Barnard,D Paterson,0,0,,,,,,"",""
ball,2,50.5,Warwickshire,JG Bethell,EG Barnard,D Paterson,0,0,,,,,,"",""
ball,2,50.6,Warwickshire,JG Bethell,EG Barnard,D Paterson,0,0,,,,,,"",""
ball,2,51.1,Warwickshire,EG Barnard,JG Bethell,DY Pennington,0,0,,,,,,"",""
ball,2,51.2,Warwickshire,EG Barnard,JG Bethell,DY Pennington,0,0,,,,,,"",""
ball,2,51.3,Warwickshire,EG Barnard,JG Bethell,DY Pennington,0,0,,,,,,"",""
ball,2,51.4,Warwickshire,EG Barnard,JG Bethell,DY Pennington,0,0,,,,,,"",""
ball,2,51.5,Warwickshire,EG Barnard,JG Bethell,DY Pennington,0,0,,,,,,"",""
ball,2,51.6,Warwickshire,EG Barnard,JG Bethell,DY Pennington,0,0,,,,,,"",""
ball,2,52.1,Warwickshire,JG Bethell,EG Barnard,D Paterson,4,0,,,,,,"",""
ball,2,52.2,Warwickshire,JG Bethell,EG Barnard,D Paterson,0,0,,,,,,"",""
ball,2,52.3,Warwickshire,JG Bethell,EG Barnard,D Paterson,0,0,,,,,,"",""
ball,2,52.4,Warwickshire,JG Bethell,EG Barnard,D Paterson,0,0,,,,,,"",""
ball,2,52.5,Warwickshire,JG Bethell,EG Barnard,D Paterson,1,0,,,,,,"",""
ball,2,52.6,Warwickshire,EG Barnard,JG Bethell,D Paterson,0,0,,,,,,"",""
ball,2,53.1,Warwickshire,JG Bethell,EG Barnard,DY Pennington,1,0,,,,,,"",""
ball,2,53.2,Warwickshire,EG Barnard,JG Bethell,DY Pennington,0,0,,,,,,"",""
ball,2,53.3,Warwickshire,EG Barnard,JG Bethell,DY Pennington,4,0,,,,,,"",""
ball,2,53.4,Warwickshire,EG Barnard,JG Bethell,DY Pennington,0,0,,,,,,"",""
ball,2,53.5,Warwickshire,EG Barnard,JG Bethell,DY Pennington,0,0,,,,,,"",""
ball,2,53.6,Warwickshire,EG Barnard,JG Bethell,DY Pennington,1,0,,,,,,"",""
ball,2,54.1,Warwickshire,EG Barnard,JG Bethell,D Paterson,0,0,,,,,,"",""
ball,2,54.2,Warwickshire,EG Barnard,JG Bethell,D Paterson,0,0,,,,,,"",""
ball,2,54.3,Warwickshire,EG Barnard,JG Bethell,D Paterson,0,0,,,,,,"",""
ball,2,54.4,Warwickshire,EG Barnard,JG Bethell,D Paterson,1,0,,,,,,"",""
ball,2,54.5,Warwickshire,JG Bethell,EG Barnard,D Paterson,0,0,,,,,,"",""
ball,2,54.6,Warwickshire,JG Bethell,EG Barnard,D Paterson,0,0,,,,,,"",""
ball,2,55.1,Warwickshire,EG Barnard,JG Bethell,DY Pennington,0,0,,,,,,caught,EG Barnard
ball,2,55.2,Warwickshire,DR Briggs,JG Bethell,DY Pennington,0,0,,,,,,"",""
ball,2,55.3,Warwickshire,DR Briggs,JG Bethell,DY Pennington,2,0,,,,,,"",""
ball,2,55.4,Warwickshire,DR Briggs,JG Bethell,DY Pennington,3,0,,,,,,"",""
ball,2,55.5,Warwickshire,JG Bethell,DR Briggs,DY Pennington,0,0,,,,,,"",""
ball,2,55.6,Warwickshire,JG Bethell,DR Briggs,DY Pennington,0,0,,,,,,"",""
ball,2,56.1,Warwickshire,DR Briggs,JG Bethell,D Paterson,0,0,,,,,,"",""
ball,2,56.2,Warwickshire,DR Briggs,JG Bethell,D Paterson,0,0,,,,,,"",""
ball,2,56.3,Warwickshire,DR Briggs,JG Bethell,D Paterson,0,0,,,,,,"",""
ball,2,56.4,Warwickshire,DR Briggs,JG Bethell,D Paterson,0,0,,,,,,"",""
ball,2,56.5,Warwickshire,DR Briggs,JG Bethell,D Paterson,0,0,,,,,,"",""
ball,2,56.6,Warwickshire,DR Briggs,JG Bethell,D Paterson,0,0,,,,,,"",""
ball,2,57.1,Warwickshire,JG Bethell,DR Briggs,DY Pennington,0,0,,,,,,"",""
ball,2,57.2,Warwickshire,JG Bethell,DR Briggs,DY Pennington,0,0,,,,,,"",""
ball,2,57.3,Warwickshire,JG Bethell,DR Briggs,DY Pennington,0,0,,,,,,"",""
ball,2,57.4,Warwickshire,JG Bethell,DR Briggs,DY Pennington,1,0,,,,,,"",""
ball,2,57.5,Warwickshire,DR Briggs,JG Bethell,DY Pennington,0,0,,,,,,"",""
ball,2,57.6,Warwickshire,DR Briggs,JG Bethell,DY Pennington,0,0,,,,,,"",""
ball,2,58.1,Warwickshire,JG Bethell,DR Briggs,D Paterson,0,0,,,,,,"",""
ball,2,58.2,Warwickshire,JG Bethell,DR Briggs,D Paterson,1,0,,,,,,"",""
ball,2,58.3,Warwickshire,DR Briggs,JG Bethell,D Paterson,0,0,,,,,,"",""
ball,2,58.4,Warwickshire,DR Briggs,JG Bethell,D Paterson,0,0,,,,,,"",""
ball,2,58.5,Warwickshire,DR Briggs,JG Bethell,D Paterson,0,0,,,,,,"",""
ball,2,58.6,Warwickshire,DR Briggs,JG Bethell,D Paterson,0,0,,,,,,"",""
ball,2,59.1,Warwickshire,JG Bethell,DR Briggs,DY Pennington,4,0,,,,,,"",""
ball,2,59.2,Warwickshire,JG Bethell,DR Briggs,DY Pennington,0,0,,,,,,"",""
ball,2,59.3,Warwickshire,JG Bethell,DR Briggs,DY Pennington,0,0,,,,,,"",""
ball,2,59.4,Warwickshire,JG Bethell,DR Briggs,DY Pennington,0,0,,,,,,"",""
ball,2,59.5,Warwickshire,JG Bethell,DR Briggs,DY Pennington,0,0,,,,,,"",""
ball,2,59.6,Warwickshire,JG Bethell,DR Briggs,DY Pennington,4,0,,,,,,"",""
ball,2,60.1,Warwickshire,DR Briggs,JG Bethell,D Paterson,0,0,,,,,,"",""
ball,2,60.2,Warwickshire,DR Briggs,JG Bethell,D Paterson,4,0,,,,,,"",""
ball,2,60.3,Warwickshire,DR Briggs,JG Bethell,D Paterson,0,0,,,,,,"",""
ball,2,60.4,Warwickshire,DR Briggs,JG Bethell,D Paterson,0,0,,,,,,"",""
ball,2,60.5,Warwickshire,DR Briggs,JG Bethell,D Paterson,0,0,,,,,,"",""
ball,2,60.6,Warwickshire,DR Briggs,JG Bethell,D Paterson,0,0,,,,,,"",""
ball,2,61.1,Warwickshire,JG Bethell,DR Briggs,DY Pennington,0,1,,,,1,,"",""
ball,2,61.2,Warwickshire,DR Briggs,JG Bethell,DY Pennington,2,0,,,,,,"",""
ball,2,61.3,Warwickshire,DR Briggs,JG Bethell,DY Pennington,0,0,,,,,,"",""
ball,2,61.4,Warwickshire,DR Briggs,JG Bethell,DY Pennington,0,0,,,,,,"",""
ball,2,61.5,Warwickshire,DR Briggs,JG Bethell,DY Pennington,0,0,,,,,,"",""
ball,2,61.6,Warwickshire,DR Briggs,JG Bethell,DY Pennington,0,0,,,,,,"",""
ball,2,62.1,Warwickshire,JG Bethell,DR Briggs,D Paterson,1,0,,,,,,"",""
ball,2,62.2,Warwickshire,DR Briggs,JG Bethell,D Paterson,1,0,,,,,,"",""
ball,2,62.3,Warwickshire,JG Bethell,DR Briggs,D Paterson,0,0,,,,,,"",""
ball,2,62.4,Warwickshire,JG Bethell,DR Briggs,D Paterson,0,0,,,,,,"",""
ball,2,62.5,Warwickshire,JG Bethell,DR Briggs,D Paterson,0,0,,,,,,"",""
ball,2,62.6,Warwickshire,JG Bethell,DR Briggs,D Paterson,0,0,,,,,,"",""
ball,2,63.1,Warwickshire,DR Briggs,JG Bethell,DY Pennington,0,0,,,,,,"",""
ball,2,63.2,Warwickshire,DR Briggs,JG Bethell,DY Pennington,4,0,,,,,,"",""
ball,2,63.3,Warwickshire,DR Briggs,JG Bethell,DY Pennington,0,0,,,,,,"",""
ball,2,63.4,Warwickshire,DR Briggs,JG Bethell,DY Pennington,0,0,,,,,,"",""
ball,2,63.5,Warwickshire,DR Briggs,JG Bethell,DY Pennington,0,0,,,,,,"",""
ball,2,63.6,Warwickshire,DR Briggs,JG Bethell,DY Pennington,0,0,,,,,,"",""
ball,2,64.1,Warwickshire,JG Bethell,DR Briggs,D Paterson,0,0,,,,,,"",""
ball,2,64.2,Warwickshire,JG Bethell,DR Briggs,D Paterson,4,0,,,,,,"",""
ball,2,64.3,Warwickshire,JG Bethell,DR Briggs,D Paterson,0,0,,,,,,"",""
ball,2,64.4,Warwickshire,JG Bethell,DR Briggs,D Paterson,0,0,,,,,,"",""
ball,2,64.5,Warwickshire,JG Bethell,DR Briggs,D Paterson,0,0,,,,,,"",""
ball,2,64.6,Warwickshire,JG Bethell,DR Briggs,D Paterson,0,0,,,,,,"",""
ball,2,65.1,Warwickshire,DR Briggs,JG Bethell,DY Pennington,0,0,,,,,,"",""
ball,2,65.2,Warwickshire,DR Briggs,JG Bethell,DY Pennington,0,0,,,,,,"",""
ball,2,65.3,Warwickshire,DR Briggs,JG Bethell,DY Pennington,1,0,,,,,,"",""
ball,2,65.4,Warwickshire,JG Bethell,DR Briggs,DY Pennington,0,0,,,,,,"",""
ball,2,65.5,Warwickshire,JG Bethell,DR Briggs,DY Pennington,4,0,,,,,,"",""
ball,2,65.6,Warwickshire,JG Bethell,DR Briggs,DY Pennington,0,0,,,,,,"",""
ball,2,66.1,Warwickshire,DR Briggs,JG Bethell,D Paterson,0,0,,,,,,"",""
ball,2,66.2,Warwickshire,DR Briggs,JG Bethell,D Paterson,1,0,,,,,,"",""
ball,2,66.3,Warwickshire,JG Bethell,DR Briggs,D Paterson,0,0,,,,,,"",""
ball,2,66.4,Warwickshire,JG Bethell,DR Briggs,D Paterson,0,0,,,,,,"",""
ball,2,66.5,Warwickshire,JG Bethell,DR Briggs,D Paterson,4,0,,,,,,"",""
ball,2,66.6,Warwickshire,JG Bethell,DR Briggs,D Paterson,0,0,,,,,,"",""
ball,2,67.1,Warwickshire,DR Briggs,JG Bethell,CG Harrison,0,0,,,,,,"",""
ball,2,67.2,Warwickshire,DR Briggs,JG Bethell,CG Harrison,0,0,,,,,,"",""
ball,2,67.3,Warwickshire,DR Briggs,JG Bethell,CG Harrison,0,0,,,,,,"",""
ball,2,67.4,Warwickshire,DR Briggs,JG Bethell,CG Harrison,1,0,,,,,,"",""
ball,2,67.5,Warwickshire,JG Bethell,DR Briggs,CG Harrison,0,0,,,,,,"",""
ball,2,67.6,Warwickshire,JG Bethell,DR Briggs,CG Harrison,1,0,,,,,,"",""
ball,2,68.1,Warwickshire,JG Bethell,DR Briggs,D Paterson,0,0,,,,,,"",""
ball,2,68.2,Warwickshire,JG Bethell,DR Briggs,D Paterson,0,0,,,,,,"",""
ball,2,68.3,Warwickshire,JG Bethell,DR Briggs,D Paterson,0,0,,,,,,"",""
ball,2,68.4,Warwickshire,JG Bethell,DR Briggs,D Paterson,0,0,,,,,,"",""
ball,2,68.5,Warwickshire,JG Bethell,DR Briggs,D Paterson,0,0,,,,,,"",""
ball,2,68.6,Warwickshire,JG Bethell,DR Briggs,D Paterson,0,0,,,,,,"",""
ball,2,69.1,Warwickshire,DR Briggs,JG Bethell,CG Harrison,0,0,,,,,,"",""
ball,2,69.2,Warwickshire,DR Briggs,JG Bethell,CG Harrison,0,0,,,,,,"",""
ball,2,69.3,Warwickshire,DR Briggs,JG Bethell,CG Harrison,0,0,,,,,,"",""
ball,2,69.4,Warwickshire,DR Briggs,JG Bethell,CG Harrison,4,0,,,,,,"",""
ball,2,69.5,Warwickshire,DR Briggs,JG Bethell,CG Harrison,2,0,,,,,,"",""
ball,2,69.6,Warwickshire,DR Briggs,JG Bethell,CG Harrison,0,0,,,,,,"",""
ball,2,70.1,Warwickshire,JG Bethell,DR Briggs,OP Stone,4,0,,,,,,"",""
ball,2,70.2,Warwickshire,JG Bethell,DR Briggs,OP Stone,1,0,,,,,,"",""
ball,2,70.3,Warwickshire,DR Briggs,JG Bethell,OP Stone,0,2,,,,2,,"",""
ball,2,70.4,Warwickshire,DR Briggs,JG Bethell,OP Stone,0,0,,,,,,"",""
ball,2,70.5,Warwickshire,DR Briggs,JG Bethell,OP Stone,0,0,,,,,,"",""
ball,2,70.6,Warwickshire,DR Briggs,JG Bethell,OP Stone,0,0,,,,,,"",""
ball,2,71.1,Warwickshire,JG Bethell,DR Briggs,CG Harrison,0,0,,,,,,"",""
ball,2,71.2,Warwickshire,JG Bethell,DR Briggs,CG Harrison,0,0,,,,,,"",""
ball,2,71.3,Warwickshire,JG Bethell,DR Briggs,CG Harrison,3,0,,,,,,"",""
ball,2,71.4,Warwickshire,DR Briggs,JG Bethell,CG Harrison,0,0,,,,,,"",""
ball,2,71.5,Warwickshire,DR Briggs,JG Bethell,CG Harrison,1,0,,,,,,"",""
ball,2,71.6,Warwickshire,JG Bethell,DR Briggs,CG Harrison,0,0,,,,,,"",""
ball,2,72.1,Warwickshire,DR Briggs,JG Bethell,OP Stone,0,0,,,,,,"",""
ball,2,72.2,Warwickshire,DR Briggs,JG Bethell,OP Stone,4,0,,,,,,"",""
ball,2,72.3,Warwickshire,DR Briggs,JG Bethell,OP Stone,0,0,,,,,,"",""
ball,2,72.4,Warwickshire,DR Briggs,JG Bethell,OP Stone,1,0,,,,,,"",""
ball,2,72.5,Warwickshire,JG Bethell,DR Briggs,OP Stone,0,0,,,,,,"",""
ball,2,72.6,Warwickshire,JG Bethell,DR Briggs,OP Stone,0,0,,,,,,"",""
ball,2,73.1,Warwickshire,DR Briggs,JG Bethell,CG Harrison,0,0,,,,,,"",""
ball,2,73.2,Warwickshire,DR Briggs,JG Bethell,CG Harrison,4,0,,,,,,"",""
ball,2,73.3,Warwickshire,DR Briggs,JG Bethell,CG Harrison,0,0,,,,,,"",""
ball,2,73.4,Warwickshire,DR Briggs,JG Bethell,CG Harrison,0,0,,,,,,"",""
ball,2,73.5,Warwickshire,DR Briggs,JG Bethell,CG Harrison,0,0,,,,,,"",""
ball,2,73.6,Warwickshire,DR Briggs,JG Bethell,CG Harrison,0,0,,,,,,"",""
ball,2,74.1,Warwickshire,JG Bethell,DR Briggs,BT Slater,0,0,,,,,,"",""
ball,2,74.2,Warwickshire,JG Bethell,DR Briggs,BT Slater,1,0,,,,,,"",""
ball,2,74.3,Warwickshire,DR Briggs,JG Bethell,BT Slater,0,0,,,,,,"",""
ball,2,74.4,Warwickshire,DR Briggs,JG Bethell,BT Slater,0,0,,,,,,"",""
ball,2,74.5,Warwickshire,DR Briggs,JG Bethell,BT Slater,0,0,,,,,,"",""
ball,2,74.6,Warwickshire,DR Briggs,JG Bethell,BT Slater,0,0,,,,,,"",""
ball,2,75.1,Warwickshire,JG Bethell,DR Briggs,CG Harrison,4,0,,,,,,"",""
ball,2,75.2,Warwickshire,JG Bethell,DR Briggs,CG Harrison,0,0,,,,,,"",""
ball,2,75.3,Warwickshire,JG Bethell,DR Briggs,CG Harrison,0,4,,,4,,,"",""
ball,2,75.4,Warwickshire,JG Bethell,DR Briggs,CG Harrison,0,0,,,,,,"",""
ball,2,75.5,Warwickshire,JG Bethell,DR Briggs,CG Harrison,2,0,,,,,,"",""
ball,2,75.6,Warwickshire,JG Bethell,DR Briggs,CG Harrison,0,0,,,,,,"",""
ball,2,76.1,Warwickshire,DR Briggs,JG Bethell,BT Slater,0,0,,,,,,"",""
ball,2,76.2,Warwickshire,DR Briggs,JG Bethell,BT Slater,0,0,,,,,,"",""
ball,2,76.3,Warwickshire,DR Briggs,JG Bethell,BT Slater,0,0,,,,,,"",""
ball,2,76.4,Warwickshire,DR Briggs,JG Bethell,BT Slater,1,0,,,,,,"",""
ball,2,76.5,Warwickshire,JG Bethell,DR Briggs,BT Slater,1,0,,,,,,"",""
ball,2,76.6,Warwickshire,DR Briggs,JG Bethell,BT Slater,1,0,,,,,,"",""
ball,2,77.1,Warwickshire,DR Briggs,JG Bethell,CG Harrison,0,0,,,,,,"",""
ball,2,77.2,Warwickshire,DR Briggs,JG Bethell,CG Harrison,0,0,,,,,,"",""
ball,2,77.3,Warwickshire,DR Briggs,JG Bethell,CG Harrison,0,0,,,,,,"",""
ball,2,77.4,Warwickshire,DR Briggs,JG Bethell,CG Harrison,0,0,,,,,,"",""
ball,2,77.5,Warwickshire,DR Briggs,JG Bethell,CG Harrison,0,0,,,,,,"",""
ball,2,77.6,Warwickshire,DR Briggs,JG Bethell,CG Harrison,0,0,,,,,,caught,DR Briggs
ball,2,78.1,Warwickshire,JG Bethell,MGK Burgess,BT Slater,0,0,,,,,,"",""
ball,2,78.2,Warwickshire,JG Bethell,MGK Burgess,BT Slater,1,0,,,,,,"",""
ball,2,78.3,Warwickshire,MGK Burgess,JG Bethell,BT Slater,0,0,,,,,,"",""
ball,2,78.4,Warwickshire,MGK Burgess,JG Bethell,BT Slater,0,0,,,,,,"",""
ball,2,78.5,Warwickshire,MGK Burgess,JG Bethell,BT Slater,2,0,,,,,,"",""
ball,2,78.6,Warwickshire,MGK Burgess,JG Bethell,BT Slater,0,0,,,,,,"",""
ball,2,79.1,Warwickshire,JG Bethell,MGK Burgess,CG Harrison,0,0,,,,,,"",""
ball,2,79.2,Warwickshire,JG Bethell,MGK Burgess,CG Harrison,2,0,,,,,,"",""
ball,2,79.3,Warwickshire,JG Bethell,MGK Burgess,CG Harrison,0,0,,,,,,"",""
ball,2,79.4,Warwickshire,JG Bethell,MGK Burgess,CG Harrison,0,0,,,,,,"",""
ball,2,79.5,Warwickshire,JG Bethell,MGK Burgess,CG Harrison,0,0,,,,,,"",""
ball,2,79.6,Warwickshire,JG Bethell,MGK Burgess,CG Harrison,1,0,,,,,,"",""
ball,2,80.1,Warwickshire,JG Bethell,MGK Burgess,OP Stone,0,0,,,,,,"",""
ball,2,80.2,Warwickshire,JG Bethell,MGK Burgess,OP Stone,0,0,,,,,,"",""
ball,2,80.3,Warwickshire,JG Bethell,MGK Burgess,OP Stone,0,0,,,,,,"",""
ball,2,80.4,Warwickshire,JG Bethell,MGK Burgess,OP Stone,4,0,,,,,,"",""
ball,2,80.5,Warwickshire,JG Bethell,MGK Burgess,OP Stone,1,0,,,,,,"",""
ball,2,80.6,Warwickshire,MGK Burgess,JG Bethell,OP Stone,0,0,,,,,,"",""
ball,2,81.1,Warwickshire,JG Bethell,MGK Burgess,DY Pennington,0,0,,,,,,"",""
ball,2,81.2,Warwickshire,JG Bethell,MGK Burgess,DY Pennington,4,0,,,,,,"",""
ball,2,81.3,Warwickshire,JG Bethell,MGK Burgess,DY Pennington,2,0,,,,,,"",""
ball,2,81.4,Warwickshire,JG Bethell,MGK Burgess,DY Pennington,0,0,,,,,,"",""
ball,2,81.5,Warwickshire,JG Bethell,MGK Burgess,DY Pennington,0,0,,,,,,"",""
ball,2,81.6,Warwickshire,JG Bethell,MGK Burgess,DY Pennington,0,0,,,,,,"",""
ball,2,82.1,Warwickshire,MGK Burgess,JG Bethell,OP Stone,0,0,,,,,,"",""
ball,2,82.2,Warwickshire,MGK Burgess,JG Bethell,OP Stone,1,0,,,,,,"",""
ball,2,82.3,Warwickshire,JG Bethell,MGK Burgess,OP Stone,0,0,,,,,,"",""
ball,2,82.4,Warwickshire,JG Bethell,MGK Burgess,OP Stone,0,0,,,,,,"",""
ball,2,82.5,Warwickshire,JG Bethell,MGK Burgess,OP Stone,0,0,,,,,,"",""
ball,2,82.6,Warwickshire,JG Bethell,MGK Burgess,OP Stone,1,0,,,,,,"",""
ball,2,83.1,Warwickshire,JG Bethell,MGK Burgess,DY Pennington,1,0,,,,,,"",""
ball,2,83.2,Warwickshire,MGK Burgess,JG Bethell,DY Pennington,0,0,,,,,,"",""
ball,2,83.3,Warwickshire,MGK Burgess,JG Bethell,DY Pennington,1,0,,,,,,"",""
ball,2,83.4,Warwickshire,JG Bethell,MGK Burgess,DY Pennington,0,0,,,,,,"",""
ball,2,83.5,Warwickshire,JG Bethell,MGK Burgess,DY Pennington,0,0,,,,,,"",""
ball,2,83.6,Warwickshire,JG Bethell,MGK Burgess,DY Pennington,0,0,,,,,,"",""
ball,2,84.1,Warwickshire,MGK Burgess,JG Bethell,OP Stone,3,0,,,,,,"",""
ball,2,84.2,Warwickshire,JG Bethell,MGK Burgess,OP Stone,0,0,,,,,,"",""
ball,2,84.3,Warwickshire,JG Bethell,MGK Burgess,OP Stone,0,0,,,,,,caught,JG Bethell
ball,2,84.4,Warwickshire,Aamer Jamal,MGK Burgess,OP Stone,0,0,,,,,,"",""
ball,2,84.5,Warwickshire,Aamer Jamal,MGK Burgess,OP Stone,0,0,,,,,,"",""
ball,2,84.6,Warwickshire,Aamer Jamal,MGK Burgess,OP Stone,0,0,,,,,,"",""
ball,2,85.1,Warwickshire,MGK Burgess,Aamer Jamal,DY Pennington,0,0,,,,,,"",""
ball,2,85.2,Warwickshire,MGK Burgess,Aamer Jamal,DY Pennington,0,0,,,,,,"",""
ball,2,85.3,Warwickshire,MGK Burgess,Aamer Jamal,DY Pennington,0,0,,,,,,"",""
ball,2,85.4,Warwickshire,MGK Burgess,Aamer Jamal,DY Pennington,1,0,,,,,,"",""
ball,2,85.5,Warwickshire,Aamer Jamal,MGK Burgess,DY Pennington,2,0,,,,,,"",""
ball,2,85.6,Warwickshire,Aamer Jamal,MGK Burgess,DY Pennington,0,0,,,,,,"",""
ball,2,86.1,Warwickshire,MGK Burgess,Aamer Jamal,OP Stone,1,0,,,,,,"",""
ball,2,86.2,Warwickshire,Aamer Jamal,MGK Burgess,OP Stone,2,0,,,,,,"",""
ball,2,86.3,Warwickshire,Aamer Jamal,MGK Burgess,OP Stone,0,0,,,,,,"",""
ball,2,86.4,Warwickshire,Aamer Jamal,MGK Burgess,OP Stone,0,0,,,,,,"",""
ball,2,86.5,Warwickshire,Aamer Jamal,MGK Burgess,OP Stone,0,0,,,,,,"",""
ball,2,86.6,Warwickshire,Aamer Jamal,MGK Burgess,OP Stone,0,0,,,,,,"",""
ball,2,87.1,Warwickshire,MGK Burgess,Aamer Jamal,DY Pennington,3,0,,,,,,"",""
ball,2,87.2,Warwickshire,Aamer Jamal,MGK Burgess,DY Pennington,0,0,,,,,,"",""
ball,2,87.3,Warwickshire,Aamer Jamal,MGK Burgess,DY Pennington,0,0,,,,,,"",""
ball,2,87.4,Warwickshire,Aamer Jamal,MGK Burgess,DY Pennington,0,0,,,,,,"",""
ball,2,87.5,Warwickshire,Aamer Jamal,MGK Burgess,DY Pennington,0,0,,,,,,"",""
ball,2,87.6,Warwickshire,Aamer Jamal,MGK Burgess,DY Pennington,1,0,,,,,,"",""
ball,2,88.1,Warwickshire,Aamer Jamal,MGK Burgess,OP Stone,0,0,,,,,,"",""
ball,2,88.2,Warwickshire,Aamer Jamal,MGK Burgess,OP Stone,0,0,,,,,,"",""
ball,2,88.3,Warwickshire,Aamer Jamal,MGK Burgess,OP Stone,0,0,,,,,,"",""
ball,2,88.4,Warwickshire,Aamer Jamal,MGK Burgess,OP Stone,0,0,,,,,,"",""
ball,2,88.5,Warwickshire,Aamer Jamal,MGK Burgess,OP Stone,0,0,,,,,,"",""
ball,2,88.6,Warwickshire,Aamer Jamal,MGK Burgess,OP Stone,1,0,,,,,,"",""
ball,2,89.1,Warwickshire,Aamer Jamal,MGK Burgess,LW James,3,0,,,,,,"",""
ball,2,89.2,Warwickshire,MGK Burgess,Aamer Jamal,LW James,1,0,,,,,,"",""
ball,2,89.3,Warwickshire,Aamer Jamal,MGK Burgess,LW James,0,0,,,,,,"",""
ball,2,89.4,Warwickshire,Aamer Jamal,MGK Burgess,LW James,0,0,,,,,,"",""
ball,2,89.5,Warwickshire,Aamer Jamal,MGK Burgess,LW James,1,0,,,,,,"",""
ball,2,89.6,Warwickshire,MGK Burgess,Aamer Jamal,LW James,0,1,,,,1,,"",""
ball,2,90.1,Warwickshire,MGK Burgess,Aamer Jamal,D Paterson,4,0,,,,,,"",""
ball,2,90.2,Warwickshire,MGK Burgess,Aamer Jamal,D Paterson,1,0,,,,,,"",""
ball,2,90.3,Warwickshire,Aamer Jamal,MGK Burgess,D Paterson,0,0,,,,,,"",""
ball,2,90.4,Warwickshire,Aamer Jamal,MGK Burgess,D Paterson,0,0,,,,,,"",""
ball,2,90.5,Warwickshire,Aamer Jamal,MGK Burgess,D Paterson,1,0,,,,,,"",""
ball,2,90.6,Warwickshire,MGK Burgess,Aamer Jamal,D Paterson,1,0,,,,,,"",""
ball,2,91.1,Warwickshire,MGK Burgess,Aamer Jamal,LW James,1,0,,,,,,"",""
ball,2,91.2,Warwickshire,Aamer Jamal,MGK Burgess,LW James,4,0,,,,,,"",""
ball,2,91.3,Warwickshire,Aamer Jamal,MGK Burgess,LW James,0,0,,,,,,"",""
ball,2,91.4,Warwickshire,Aamer Jamal,MGK Burgess,LW James,0,1,,,,1,,"",""
ball,2,91.5,Warwickshire,MGK Burgess,Aamer Jamal,LW James,0,0,,,,,,"",""
ball,2,91.6,Warwickshire,MGK Burgess,Aamer Jamal,LW James,0,0,,,,,,"",""
ball,2,92.1,Warwickshire,Aamer Jamal,MGK Burgess,D Paterson,0,0,,,,,,"",""
ball,2,92.2,Warwickshire,Aamer Jamal,MGK Burgess,D Paterson,0,0,,,,,,"",""
ball,2,92.3,Warwickshire,Aamer Jamal,MGK Burgess,D Paterson,0,0,,,,,,"",""
ball,2,92.4,Warwickshire,Aamer Jamal,MGK Burgess,D Paterson,0,0,,,,,,"",""
ball,2,92.5,Warwickshire,Aamer Jamal,MGK Burgess,D Paterson,2,0,,,,,,"",""
ball,2,92.6,Warwickshire,Aamer Jamal,MGK Burgess,D Paterson,0,0,,,,,,"",""
ball,2,93.1,Warwickshire,MGK Burgess,Aamer Jamal,LW James,0,0,,,,,,"",""
ball,2,93.2,Warwickshire,MGK Burgess,Aamer Jamal,LW James,0,0,,,,,,"",""
ball,2,93.3,Warwickshire,MGK Burgess,Aamer Jamal,LW James,0,0,,,,,,"",""
ball,2,93.4,Warwickshire,MGK Burgess,Aamer Jamal,LW James,0,0,,,,,,"",""
ball,2,93.5,Warwickshire,MGK Burgess,Aamer Jamal,LW James,1,0,,,,,,"",""
ball,2,93.6,Warwickshire,Aamer Jamal,MGK Burgess,LW James,0,0,,,,,,"",""
ball,2,94.1,Warwickshire,MGK Burgess,Aamer Jamal,D Paterson,0,0,,,,,,"",""
ball,2,94.2,Warwickshire,MGK Burgess,Aamer Jamal,D Paterson,0,0,,,,,,"",""
ball,2,94.3,Warwickshire,MGK Burgess,Aamer Jamal,D Paterson,1,0,,,,,,"",""
ball,2,94.4,Warwickshire,Aamer Jamal,MGK Burgess,D Paterson,1,0,,,,,,"",""
ball,2,94.5,Warwickshire,MGK Burgess,Aamer Jamal,D Paterson,0,0,,,,,,"",""
ball,2,94.6,Warwickshire,MGK Burgess,Aamer Jamal,D Paterson,0,0,,,,,,"",""
ball,2,95.1,Warwickshire,Aamer Jamal,MGK Burgess,LW James,0,0,,,,,,"",""
ball,2,95.2,Warwickshire,Aamer Jamal,MGK Burgess,LW James,4,0,,,,,,"",""
ball,2,95.3,Warwickshire,Aamer Jamal,MGK Burgess,LW James,1,0,,,,,,"",""
ball,2,95.4,Warwickshire,MGK Burgess,Aamer Jamal,LW James,2,0,,,,,,"",""
ball,2,95.5,Warwickshire,MGK Burgess,Aamer Jamal,LW James,4,0,,,,,,"",""
ball,2,95.6,Warwickshire,MGK Burgess,Aamer Jamal,LW James,0,0,,,,,,"",""
ball,2,96.1,Warwickshire,Aamer Jamal,MGK Burgess,D Paterson,4,0,,,,,,"",""
ball,2,96.2,Warwickshire,Aamer Jamal,MGK Burgess,D Paterson,4,0,,,,,,"",""
ball,2,96.3,Warwickshire,Aamer Jamal,MGK Burgess,D Paterson,0,0,,,,,,"",""
ball,2,96.4,Warwickshire,Aamer Jamal,MGK Burgess,D Paterson,0,0,,,,,,"",""
ball,2,96.5,Warwickshire,Aamer Jamal,MGK Burgess,D Paterson,0,0,,,,,,"",""
ball,2,96.6,Warwickshire,Aamer Jamal,MGK Burgess,D Paterson,0,0,,,,,,"",""
ball,2,97.1,Warwickshire,MGK Burgess,Aamer Jamal,LW James,1,0,,,,,,"",""
ball,2,97.2,Warwickshire,Aamer Jamal,MGK Burgess,LW James,4,0,,,,,,"",""
ball,2,97.3,Warwickshire,Aamer Jamal,MGK Burgess,LW James,1,0,,,,,,"",""
ball,2,97.4,Warwickshire,MGK Burgess,Aamer Jamal,LW James,1,0,,,,,,"",""
ball,2,97.5,Warwickshire,Aamer Jamal,MGK Burgess,LW James,0,0,,,,,,"",""
ball,2,97.6,Warwickshire,Aamer Jamal,MGK Burgess,LW James,0,1,,,,1,,"",""
ball,2,98.1,Warwickshire,Aamer Jamal,MGK Burgess,OP Stone,1,0,,,,,,"",""
ball,2,98.2,Warwickshire,MGK Burgess,Aamer Jamal,OP Stone,1,0,,,,,,"",""
ball,2,98.3,Warwickshire,Aamer Jamal,MGK Burgess,OP Stone,1,0,,,,,,"",""
ball,2,98.4,Warwickshire,MGK Burgess,Aamer Jamal,OP Stone,0,0,,,,,,"",""
ball,2,98.5,Warwickshire,MGK Burgess,Aamer Jamal,OP Stone,2,0,,,,,,"",""
ball,2,98.6,Warwickshire,MGK Burgess,Aamer Jamal,OP Stone,1,0,,,,,,"",""
ball,2,99.1,Warwickshire,MGK Burgess,Aamer Jamal,LW James,0,0,,,,,,"",""
ball,2,99.2,Warwickshire,MGK Burgess,Aamer Jamal,LW James,1,0,,,,,,"",""
ball,2,99.3,Warwickshire,Aamer Jamal,MGK Burgess,LW James,2,0,,,,,,"",""
ball,2,99.4,Warwickshire,Aamer Jamal,MGK Burgess,LW James,0,0,,,,,,caught and bowled,Aamer Jamal
ball,2,99.5,Warwickshire,Hasan Ali,MGK Burgess,LW James,0,0,,,,,,"",""
ball,2,99.6,Warwickshire,Hasan Ali,MGK Burgess,LW James,1,0,,,,,,"",""
ball,2,100.1,Warwickshire,Hasan Ali,MGK Burgess,OP Stone,0,0,,,,,,"",""
ball,2,100.2,Warwickshire,Hasan Ali,MGK Burgess,OP Stone,0,0,,,,,,"",""
ball,2,100.3,Warwickshire,Hasan Ali,MGK Burgess,OP Stone,4,0,,,,,,"",""
ball,2,100.4,Warwickshire,Hasan Ali,MGK Burgess,OP Stone,0,0,,,,,,"",""
ball,2,100.5,Warwickshire,Hasan Ali,MGK Burgess,OP Stone,0,0,,,,,,"",""
ball,2,100.6,Warwickshire,Hasan Ali,MGK Burgess,OP Stone,0,0,,,,,,"",""
ball,2,101.1,Warwickshire,MGK Burgess,Hasan Ali,LW James,0,0,,,,,,"",""
ball,2,101.2,Warwickshire,MGK Burgess,Hasan Ali,LW James,0,0,,,,,,"",""
ball,2,101.3,Warwickshire,MGK Burgess,Hasan Ali,LW James,2,0,,,,,,"",""
ball,2,101.4,Warwickshire,MGK Burgess,Hasan Ali,LW James,1,0,,,,,,"",""
ball,2,101.5,Warwickshire,Hasan Ali,MGK Burgess,LW James,0,0,,,,,,caught,Hasan Ali
ball,2,101.6,Warwickshire,OJ Hannon-Dalby,MGK Burgess,LW James,0,0,,,,,,"",""
ball,2,102.1,Warwickshire,MGK Burgess,OJ Hannon-Dalby,OP Stone,0,0,,,,,,"",""
ball,2,102.2,Warwickshire,MGK Burgess,OJ Hannon-Dalby,OP Stone,0,0,,,,,,"",""
ball,2,102.3,Warwickshire,MGK Burgess,OJ Hannon-Dalby,OP Stone,0,0,,,,,,"",""
ball,2,102.4,Warwickshire,MGK Burgess,OJ Hannon-Dalby,OP Stone,1,0,,,,,,"",""
ball,2,102.5,Warwickshire,OJ Hannon-Dalby,MGK Burgess,OP Stone,0,0,,,,,,"",""
ball,2,102.6,Warwickshire,OJ Hannon-Dalby,MGK Burgess,OP Stone,0,0,,,,,,"",""
ball,2,103.1,Warwickshire,MGK Burgess,OJ Hannon-Dalby,LW James,2,0,,,,,,"",""
ball,2,103.2,Warwickshire,MGK Burgess,OJ Hannon-Dalby,LW James,0,0,,,,,,"",""
ball,2,103.3,Warwickshire,MGK Burgess,OJ Hannon-Dalby,LW James,0,0,,,,,,"",""
ball,2,103.4,Warwickshire,MGK Burgess,OJ Hannon-Dalby,LW James,0,0,,,,,,"",""
ball,2,103.5,Warwickshire,MGK Burgess,OJ Hannon-Dalby,LW James,1,0,,,,,,"",""
ball,2,103.6,Warwickshire,OJ Hannon-Dalby,MGK Burgess,LW James,0,0,,,,,,"",""
ball,2,104.1,Warwickshire,MGK Burgess,OJ Hannon-Dalby,OP Stone,0,0,,,,,,"",""
ball,2,104.2,Warwickshire,MGK Burgess,OJ Hannon-Dalby,OP Stone,1,0,,,,,,"",""
ball,2,104.3,Warwickshire,OJ Hannon-Dalby,MGK Burgess,OP Stone,0,0,,,,,,"",""
ball,2,104.4,Warwickshire,OJ Hannon-Dalby,MGK Burgess,OP Stone,0,0,,,,,,"",""
ball,2,104.5,Warwickshire,OJ Hannon-Dalby,MGK Burgess,OP Stone,0,0,,,,,,"",""
ball,2,104.6,Warwickshire,OJ Hannon-Dalby,MGK Burgess,OP Stone,0,0,,,,,,"",""
ball,2,105.1,Warwickshire,MGK Burgess,OJ Hannon-Dalby,LW James,0,0,,,,,,"",""
ball,2,105.2,Warwickshire,MGK Burgess,OJ Hannon-Dalby,LW James,0,1,1,,,,,"",""
ball,2,105.3,Warwickshire,MGK Burgess,OJ Hannon-Dalby,LW James,0,0,,,,,,"",""
ball,2,105.4,Warwickshire,MGK Burgess,OJ Hannon-Dalby,LW James,0,0,,,,,,caught,MGK Burgess
ball,3,0.1,Nottinghamshire,H Hameed,BM Duckett,OJ Hannon-Dalby,0,0,,,,,,"",""
ball,3,0.2,Nottinghamshire,H Hameed,BM Duckett,OJ Hannon-Dalby,4,0,,,,,,"",""
ball,3,0.3,Nottinghamshire,H Hameed,BM Duckett,OJ Hannon-Dalby,0,0,,,,,,"",""
ball,3,0.4,Nottinghamshire,H Hameed,BM Duckett,OJ Hannon-Dalby,0,0,,,,,,"",""
ball,3,0.5,Nottinghamshire,H Hameed,BM Duckett,OJ Hannon-Dalby,0,0,,,,,,"",""
ball,3,0.6,Nottinghamshire,H Hameed,BM Duckett,OJ Hannon-Dalby,0,0,,,,,,"",""
ball,3,1.1,Nottinghamshire,BM Duckett,H Hameed,Hasan Ali,0,0,,,,,,"",""
ball,3,1.2,Nottinghamshire,BM Duckett,H Hameed,Hasan Ali,3,0,,,,,,"",""
ball,3,1.3,Nottinghamshire,H Hameed,BM Duckett,Hasan Ali,0,0,,,,,,"",""
ball,3,1.4,Nottinghamshire,H Hameed,BM Duckett,Hasan Ali,0,1,1,,,,,"",""
ball,3,1.5,Nottinghamshire,H Hameed,BM Duckett,Hasan Ali,0,0,,,,,,"",""
ball,3,1.6,Nottinghamshire,H Hameed,BM Duckett,Hasan Ali,0,0,,,,,,"",""
ball,3,1.7,Nottinghamshire,H Hameed,BM Duckett,Hasan Ali,0,0,,,,,,"",""
ball,3,2.1,Nottinghamshire,BM Duckett,H Hameed,OJ Hannon-Dalby,4,0,,,,,,"",""
ball,3,2.2,Nottinghamshire,BM Duckett,H Hameed,OJ Hannon-Dalby,0,0,,,,,,"",""
ball,3,2.3,Nottinghamshire,BM Duckett,H Hameed,OJ Hannon-Dalby,0,0,,,,,,"",""
ball,3,2.4,Nottinghamshire,BM Duckett,H Hameed,OJ Hannon-Dalby,0,0,,,,,,lbw,BM Duckett
ball,3,2.5,Nottinghamshire,BT Slater,H Hameed,OJ Hannon-Dalby,0,0,,,,,,"",""
ball,3,2.6,Nottinghamshire,BT Slater,H Hameed,OJ Hannon-Dalby,0,0,,,,,,"",""
ball,3,3.1,Nottinghamshire,H Hameed,BT Slater,Hasan Ali,4,0,,,,,,"",""
ball,3,3.2,Nottinghamshire,H Hameed,BT Slater,Hasan Ali,0,0,,,,,,"",""
ball,3,3.3,Nottinghamshire,H Hameed,BT Slater,Hasan Ali,0,0,,,,,,"",""
ball,3,3.4,Nottinghamshire,H Hameed,BT Slater,Hasan Ali,1,0,,,,,,"",""
ball,3,3.5,Nottinghamshire,BT Slater,H Hameed,Hasan Ali,1,0,,,,,,"",""
ball,3,3.6,Nottinghamshire,H Hameed,BT Slater,Hasan Ali,0,0,,,,,,"",""
ball,3,4.1,Nottinghamshire,BT Slater,H Hameed,OJ Hannon-Dalby,0,0,,,,,,"",""
ball,3,4.2,Nottinghamshire,BT Slater,H Hameed,OJ Hannon-Dalby,0,0,,,,,,"",""
ball,3,4.3,Nottinghamshire,BT Slater,H Hameed,OJ Hannon-Dalby,0,0,,,,,,"",""
ball,3,4.4,Nottinghamshire,BT Slater,H Hameed,OJ Hannon-Dalby,1,0,,,,,,"",""
ball,3,4.5,Nottinghamshire,H Hameed,BT Slater,OJ Hannon-Dalby,4,0,,,,,,"",""
ball,3,4.6,Nottinghamshire,H Hameed,BT Slater,OJ Hannon-Dalby,1,0,,,,,,"",""
ball,3,5.1,Nottinghamshire,H Hameed,BT Slater,Hasan Ali,0,0,,,,,,"",""
ball,3,5.2,Nottinghamshire,H Hameed,BT Slater,Hasan Ali,1,0,,,,,,"",""
ball,3,5.3,Nottinghamshire,BT Slater,H Hameed,Hasan Ali,0,0,,,,,,"",""
ball,3,5.4,Nottinghamshire,BT Slater,H Hameed,Hasan Ali,4,0,,,,,,"",""
ball,3,5.5,Nottinghamshire,BT Slater,H Hameed,Hasan Ali,0,0,,,,,,"",""
ball,3,5.6,Nottinghamshire,BT Slater,H Hameed,Hasan Ali,0,0,,,,,,"",""
ball,3,6.1,Nottinghamshire,H Hameed,BT Slater,OJ Hannon-Dalby,0,0,,,,,,"",""
ball,3,6.2,Nottinghamshire,H Hameed,BT Slater,OJ Hannon-Dalby,0,0,,,,,,"",""
ball,3,6.3,Nottinghamshire,H Hameed,BT Slater,OJ Hannon-Dalby,0,0,,,,,,"",""
ball,3,6.4,Nottinghamshire,H Hameed,BT Slater,OJ Hannon-Dalby,0,0,,,,,,"",""
ball,3,6.5,Nottinghamshire,H Hameed,BT Slater,OJ Hannon-Dalby,0,0,,,,,,"",""
ball,3,6.6,Nottinghamshire,H Hameed,BT Slater,OJ Hannon-Dalby,0,0,,,,,,"",""
ball,3,7.1,Nottinghamshire,BT Slater,H Hameed,Hasan Ali,0,0,,,,,,"",""
ball,3,7.2,Nottinghamshire,BT Slater,H Hameed,Hasan Ali,0,0,,,,,,"",""
ball,3,7.3,Nottinghamshire,BT Slater,H Hameed,Hasan Ali,0,0,,,,,,"",""
ball,3,7.4,Nottinghamshire,BT Slater,H Hameed,Hasan Ali,4,0,,,,,,"",""
ball,3,7.5,Nottinghamshire,BT Slater,H Hameed,Hasan Ali,0,0,,,,,,"",""
ball,3,7.6,Nottinghamshire,BT Slater,H Hameed,Hasan Ali,0,0,,,,,,"",""
ball,3,8.1,Nottinghamshire,H Hameed,BT Slater,OJ Hannon-Dalby,0,0,,,,,,"",""
ball,3,8.2,Nottinghamshire,H Hameed,BT Slater,OJ Hannon-Dalby,0,0,,,,,,"",""
ball,3,8.3,Nottinghamshire,H Hameed,BT Slater,OJ Hannon-Dalby,2,0,,,,,,"",""
ball,3,8.4,Nottinghamshire,H Hameed,BT Slater,OJ Hannon-Dalby,0,0,,,,,,"",""
ball,3,8.5,Nottinghamshire,H Hameed,BT Slater,OJ Hannon-Dalby,0,0,,,,,,"",""
ball,3,8.6,Nottinghamshire,H Hameed,BT Slater,OJ Hannon-Dalby,0,0,,,,,,"",""
ball,3,9.1,Nottinghamshire,BT Slater,H Hameed,Aamer Jamal,0,0,,,,,,"",""
ball,3,9.2,Nottinghamshire,BT Slater,H Hameed,Aamer Jamal,1,0,,,,,,"",""
ball,3,9.3,Nottinghamshire,H Hameed,BT Slater,Aamer Jamal,0,0,,,,,,"",""
ball,3,9.4,Nottinghamshire,H Hameed,BT Slater,Aamer Jamal,0,0,,,,,,"",""
ball,3,9.5,Nottinghamshire,H Hameed,BT Slater,Aamer Jamal,0,0,,,,,,"",""
ball,3,9.6,Nottinghamshire,H Hameed,BT Slater,Aamer Jamal,0,0,,,,,,"",""
ball,3,10.1,Nottinghamshire,BT Slater,H Hameed,DR Mousley,1,0,,,,,,"",""
ball,3,10.2,Nottinghamshire,H Hameed,BT Slater,DR Mousley,0,0,,,,,,"",""
ball,3,10.3,Nottinghamshire,H Hameed,BT Slater,DR Mousley,2,0,,,,,,"",""
ball,3,10.4,Nottinghamshire,H Hameed,BT Slater,DR Mousley,0,0,,,,,,"",""
ball,3,10.5,Nottinghamshire,H Hameed,BT Slater,DR Mousley,1,0,,,,,,"",""
ball,3,10.6,Nottinghamshire,BT Slater,H Hameed,DR Mousley,0,0,,,,,,"",""
ball,3,11.1,Nottinghamshire,H Hameed,BT Slater,JG Bethell,0,0,,,,,,"",""
ball,3,11.2,Nottinghamshire,H Hameed,BT Slater,JG Bethell,4,0,,,,,,"",""
ball,3,11.3,Nottinghamshire,H Hameed,BT Slater,JG Bethell,0,0,,,,,,"",""
ball,3,11.4,Nottinghamshire,H Hameed,BT Slater,JG Bethell,0,0,,,,,,"",""
ball,3,11.5,Nottinghamshire,H Hameed,BT Slater,JG Bethell,2,0,,,,,,"",""
ball,3,11.6,Nottinghamshire,H Hameed,BT Slater,JG Bethell,0,0,,,,,,"",""
ball,3,12.1,Nottinghamshire,BT Slater,H Hameed,DR Briggs,4,0,,,,,,"",""
ball,3,12.2,Nottinghamshire,BT Slater,H Hameed,DR Briggs,0,0,,,,,,"",""
ball,3,12.3,Nottinghamshire,BT Slater,H Hameed,DR Briggs,0,0,,,,,,"",""
ball,3,12.4,Nottinghamshire,BT Slater,H Hameed,DR Briggs,0,0,,,,,,"",""
ball,3,12.5,Nottinghamshire,BT Slater,H Hameed,DR Briggs,0,0,,,,,,"",""
ball,3,12.6,Nottinghamshire,BT Slater,H Hameed,DR Briggs,0,0,,,,,,"",""
ball,3,13.1,Nottinghamshire,H Hameed,BT Slater,JG Bethell,1,0,,,,,,"",""
ball,3,13.2,Nottinghamshire,BT Slater,H Hameed,JG Bethell,0,0,,,,,,"",""
ball,3,13.3,Nottinghamshire,BT Slater,H Hameed,JG Bethell,0,0,,,,,,"",""
ball,3,13.4,Nottinghamshire,BT Slater,H Hameed,JG Bethell,0,0,,,,,,"",""
ball,3,13.5,Nottinghamshire,BT Slater,H Hameed,JG Bethell,0,0,,,,,,"",""
ball,3,13.6,Nottinghamshire,BT Slater,H Hameed,JG Bethell,1,0,,,,,,"",""
ball,3,14.1,Nottinghamshire,BT Slater,H Hameed,DR Briggs,2,0,,,,,,"",""
ball,3,14.2,Nottinghamshire,BT Slater,H Hameed,DR Briggs,1,0,,,,,,"",""
ball,3,14.3,Nottinghamshire,H Hameed,BT Slater,DR Briggs,1,0,,,,,,"",""
ball,3,14.4,Nottinghamshire,BT Slater,H Hameed,DR Briggs,0,0,,,,,,"",""
ball,3,14.5,Nottinghamshire,BT Slater,H Hameed,DR Briggs,0,0,,,,,,"",""
ball,3,14.6,Nottinghamshire,BT Slater,H Hameed,DR Briggs,0,0,,,,,,"",""
ball,3,15.1,Nottinghamshire,H Hameed,BT Slater,JG Bethell,1,0,,,,,,"",""
ball,3,15.2,Nottinghamshire,BT Slater,H Hameed,JG Bethell,0,0,,,,,,"",""
ball,3,15.3,Nottinghamshire,BT Slater,H Hameed,JG Bethell,1,0,,,,,,"",""
ball,3,15.4,Nottinghamshire,H Hameed,BT Slater,JG Bethell,0,0,,,,,,"",""
ball,3,15.5,Nottinghamshire,H Hameed,BT Slater,JG Bethell,0,0,,,,,,"",""
ball,3,15.6,Nottinghamshire,H Hameed,BT Slater,JG Bethell,1,0,,,,,,"",""
ball,3,16.1,Nottinghamshire,H Hameed,BT Slater,DR Briggs,0,0,,,,,,"",""
ball,3,16.2,Nottinghamshire,H Hameed,BT Slater,DR Briggs,0,0,,,,,,"",""
ball,3,16.3,Nottinghamshire,H Hameed,BT Slater,DR Briggs,2,0,,,,,,"",""
ball,3,16.4,Nottinghamshire,H Hameed,BT Slater,DR Briggs,0,0,,,,,,"",""
ball,3,16.5,Nottinghamshire,H Hameed,BT Slater,DR Briggs,1,0,,,,,,"",""
ball,3,16.6,Nottinghamshire,BT Slater,H Hameed,DR Briggs,0,0,,,,,,"",""
ball,3,17.1,Nottinghamshire,H Hameed,BT Slater,JG Bethell,1,0,,,,,,"",""
ball,3,17.2,Nottinghamshire,BT Slater,H Hameed,JG Bethell,0,0,,,,,,"",""
ball,3,17.3,Nottinghamshire,BT Slater,H Hameed,JG Bethell,0,0,,,,,,"",""
ball,3,17.4,Nottinghamshire,BT Slater,H Hameed,JG Bethell,0,0,,,,,,"",""
ball,3,17.5,Nottinghamshire,BT Slater,H Hameed,JG Bethell,0,0,,,,,,"",""
ball,3,17.6,Nottinghamshire,BT Slater,H Hameed,JG Bethell,0,0,,,,,,"",""
ball,3,18.1,Nottinghamshire,H Hameed,BT Slater,DR Briggs,4,0,,,,,,"",""
ball,3,18.2,Nottinghamshire,H Hameed,BT Slater,DR Briggs,0,0,,,,,,"",""
ball,3,18.3,Nottinghamshire,H Hameed,BT Slater,DR Briggs,0,0,,,,,,"",""
ball,3,18.4,Nottinghamshire,H Hameed,BT Slater,DR Briggs,0,0,,,,,,"",""
ball,3,18.5,Nottinghamshire,H Hameed,BT Slater,DR Briggs,0,0,,,,,,"",""
ball,3,18.6,Nottinghamshire,H Hameed,BT Slater,DR Briggs,0,0,,,,,,"",""
ball,3,19.1,Nottinghamshire,BT Slater,H Hameed,JG Bethell,0,0,,,,,,"",""
ball,3,19.2,Nottinghamshire,BT Slater,H Hameed,JG Bethell,1,0,,,,,,"",""
ball,3,19.3,Nottinghamshire,H Hameed,BT Slater,JG Bethell,1,0,,,,,,"",""
ball,3,19.4,Nottinghamshire,BT Slater,H Hameed,JG Bethell,4,0,,,,,,"",""
ball,3,19.5,Nottinghamshire,BT Slater,H Hameed,JG Bethell,0,0,,,,,,"",""
ball,3,19.6,Nottinghamshire,BT Slater,H Hameed,JG Bethell,0,0,,,,,,"",""
ball,3,20.1,Nottinghamshire,H Hameed,BT Slater,DR Briggs,1,0,,,,,,"",""
ball,3,20.2,Nottinghamshire,BT Slater,H Hameed,DR Briggs,0,0,,,,,,"",""
ball,3,20.3,Nottinghamshire,BT Slater,H Hameed,DR Briggs,0,0,,,,,,"",""
ball,3,20.4,Nottinghamshire,BT Slater,H Hameed,DR Briggs,0,0,,,,,,"",""
ball,3,20.5,Nottinghamshire,BT Slater,H Hameed,DR Briggs,0,0,,,,,,"",""
ball,3,20.6,Nottinghamshire,BT Slater,H Hameed,DR Briggs,0,0,,,,,,"",""
ball,3,21.1,Nottinghamshire,H Hameed,BT Slater,JG Bethell,0,0,,,,,,"",""
ball,3,21.2,Nottinghamshire,H Hameed,BT Slater,JG Bethell,0,0,,,,,,"",""
ball,3,21.3,Nottinghamshire,H Hameed,BT Slater,JG Bethell,0,0,,,,,,"",""
ball,3,21.4,Nottinghamshire,H Hameed,BT Slater,JG Bethell,1,0,,,,,,"",""
ball,3,21.5,Nottinghamshire,BT Slater,H Hameed,JG Bethell,0,0,,,,,,"",""
ball,3,21.6,Nottinghamshire,BT Slater,H Hameed,JG Bethell,0,0,,,,,,"",""
