version,1.7.0
info,balls_per_over,6
info,team,Leicestershire
info,team,Derbyshire
info,gender,male
info,season,2024
info,date,2024/04/19
info,date,2024/04/20
info,date,2024/04/21
info,date,2024/04/22
info,event,County Championship
info,match_number,9
info,venue,"County Ground, Derby"
info,city,Derby
info,toss_winner,Derbyshire
info,toss_decision,field
info,umpire,PJ Hartley
info,umpire,Surendiran Shanmugam
info,match_referee,IL Herbert
info,outcome,draw
info,player,Leicestershire,RK Patel
info,player,Leicestershire,MS Harris
info,player,Leicestershire,LPJ Kimber
info,player,Leicestershire,LJ Hill
info,player,Leicestershire,PSP Handscomb
info,player,Leicestershire,L Trevaskis
info,player,Leicestershire,OB Cox
info,player,Leicestershire,BWM Mike
info,player,Leicestershire,BGF Green
info,player,Leicestershire,TAR Scriven
info,player,Leicestershire,SW Currie
info,player,Derbyshire,HRC Came
info,player,Derbyshire,LM Reece
info,player,Derbyshire,DL Lloyd
info,player,Derbyshire,WL Madsen
info,player,Derbyshire,BD Guest
info,player,Derbyshire,S Conners
info,player,Derbyshire,AHT Donald
info,player,Derbyshire,Anuj Dal
info,player,Derbyshire,AT Thomson
info,player,Derbyshire,BM Tickner
info,player,Derbyshire,PR Brown
info,registry,people,AHT Donald,72918338
info,registry,people,AT Thomson,ad286dcc
info,registry,people,Anuj Dal,e142c599
info,registry,people,BD Guest,8159d5fc
info,registry,people,BGF Green,34b37279
info,registry,people,BM Tickner,48ad3373
info,registry,people,BWM Mike,ed12fcd7
info,registry,people,DL Lloyd,0c7f11be
info,registry,people,HRC Came,0a7c6649
info,registry,people,IL Herbert,125f9f05
info,registry,people,L Trevaskis,b5781ac3
info,registry,people,LJ Hill,35f9a295
info,registry,people,LM Reece,9789e56e
info,registry,people,LPJ Kimber,9f812582
info,registry,people,MS Harris,9e85455c
info,registry,people,OB Cox,324a6ee1
info,registry,people,PJ Hartley,17c7ff26
info,registry,people,PR Brown,1efd12d1
info,registry,people,PSP Handscomb,ada15e88
info,registry,people,RK Patel,4531f249
info,registry,people,S Conners,067bda18
info,registry,people,SW Currie,c5f40e35
info,registry,people,Surendiran Shanmugam,2ef5fc2b
info,registry,people,TAR Scriven,ac3c3cab
info,registry,people,WL Madsen,86e0f3f0
ball,1,0.1,Leicestershire,RK Patel,MS Harris,S Conners,0,0,,,,,,"",""
ball,1,0.2,Leicestershire,RK Patel,MS Harris,S Conners,0,0,,,,,,"",""
ball,1,0.3,Leicestershire,RK Patel,MS Harris,S Conners,0,0,,,,,,"",""
ball,1,0.4,Leicestershire,RK Patel,MS Harris,S Conners,0,0,,,,,,"",""
ball,1,0.5,Leicestershire,RK Patel,MS Harris,S Conners,4,0,,,,,,"",""
ball,1,0.6,Leicestershire,RK Patel,MS Harris,S Conners,0,0,,,,,,"",""
ball,1,1.1,Leicestershire,MS Harris,RK Patel,BM Tickner,0,0,,,,,,"",""
ball,1,1.2,Leicestershire,MS Harris,RK Patel,BM Tickner,0,0,,,,,,"",""
ball,1,1.3,Leicestershire,MS Harris,RK Patel,BM Tickner,0,0,,,,,,"",""
ball,1,1.4,Leicestershire,MS Harris,RK Patel,BM Tickner,1,0,,,,,,"",""
ball,1,1.5,Leicestershire,RK Patel,MS Harris,BM Tickner,0,0,,,,,,"",""
ball,1,1.6,Leicestershire,RK Patel,MS Harris,BM Tickner,0,0,,,,,,"",""
ball,1,2.1,Leicestershire,MS Harris,RK Patel,S Conners,0,0,,,,,,"",""
ball,1,2.2,Leicestershire,MS Harris,RK Patel,S Conners,0,0,,,,,,"",""
ball,1,2.3,Leicestershire,MS Harris,RK Patel,S Conners,0,0,,,,,,"",""
ball,1,2.4,Leicestershire,MS Harris,RK Patel,S Conners,0,0,,,,,,"",""
ball,1,2.5,Leicestershire,MS Harris,RK Patel,S Conners,0,0,,,,,,"",""
ball,1,2.6,Leicestershire,MS Harris,RK Patel,S Conners,0,0,,,,,,"",""
ball,1,3.1,Leicestershire,RK Patel,MS Harris,BM Tickner,0,0,,,,,,"",""
ball,1,3.2,Leicestershire,RK Patel,MS Harris,BM Tickner,0,0,,,,,,"",""
ball,1,3.3,Leicestershire,RK Patel,MS Harris,BM Tickner,1,0,,,,,,"",""
ball,1,3.4,Leicestershire,MS Harris,RK Patel,BM Tickner,0,0,,,,,,"",""
ball,1,3.5,Leicestershire,MS Harris,RK Patel,BM Tickner,0,0,,,,,,"",""
ball,1,3.6,Leicestershire,MS Harris,RK Patel,BM Tickner,4,0,,,,,,"",""
ball,1,4.1,Leicestershire,RK Patel,MS Harris,S Conners,0,0,,,,,,"",""
ball,1,4.2,Leicestershire,RK Patel,MS Harris,S Conners,0,0,,,,,,"",""
ball,1,4.3,Leicestershire,RK Patel,MS Harris,S Conners,0,0,,,,,,"",""
ball,1,4.4,Leicestershire,RK Patel,MS Harris,S Conners,4,0,,,,,,"",""
ball,1,4.5,Leicestershire,RK Patel,MS Harris,S Conners,0,0,,,,,,"",""
ball,1,4.6,Leicestershire,RK Patel,MS Harris,S Conners,0,0,,,,,,"",""
ball,1,5.1,Leicestershire,MS Harris,RK Patel,BM Tickner,0,0,,,,,,"",""
ball,1,5.2,Leicestershire,MS Harris,RK Patel,BM Tickner,0,0,,,,,,"",""
ball,1,5.3,Leicestershire,MS Harris,RK Patel,BM Tickner,0,0,,,,,,"",""
ball,1,5.4,Leicestershire,MS Harris,RK Patel,BM Tickner,0,0,,,,,,"",""
ball,1,5.5,Leicestershire,MS Harris,RK Patel,BM Tickner,0,0,,,,,,"",""
ball,1,5.6,Leicestershire,MS Harris,RK Patel,BM Tickner,0,0,,,,,,"",""
ball,1,6.1,Leicestershire,RK Patel,MS Harris,S Conners,0,0,,,,,,"",""
ball,1,6.2,Leicestershire,RK Patel,MS Harris,S Conners,0,0,,,,,,"",""
ball,1,6.3,Leicestershire,RK Patel,MS Harris,S Conners,0,0,,,,,,"",""
ball,1,6.4,Leicestershire,RK Patel,MS Harris,S Conners,0,0,,,,,,"",""
ball,1,6.5,Leicestershire,RK Patel,MS Harris,S Conners,0,0,,,,,,"",""
ball,1,6.6,Leicestershire,RK Patel,MS Harris,S Conners,0,0,,,,,,"",""
ball,1,7.1,Leicestershire,MS Harris,RK Patel,BM Tickner,1,0,,,,,,"",""
ball,1,7.2,Leicestershire,RK Patel,MS Harris,BM Tickner,0,0,,,,,,"",""
ball,1,7.3,Leicestershire,RK Patel,MS Harris,BM Tickner,0,0,,,,,,"",""
ball,1,7.4,Leicestershire,RK Patel,MS Harris,BM Tickner,4,0,,,,,,"",""
ball,1,7.5,Leicestershire,RK Patel,MS Harris,BM Tickner,0,0,,,,,,"",""
ball,1,7.6,Leicestershire,RK Patel,MS Harris,BM Tickner,1,0,,,,,,"",""
ball,1,8.1,Leicestershire,RK Patel,MS Harris,S Conners,0,0,,,,,,"",""
ball,1,8.2,Leicestershire,RK Patel,MS Harris,S Conners,1,0,,,,,,"",""
ball,1,8.3,Leicestershire,MS Harris,RK Patel,S Conners,0,1,,,,1,,"",""
ball,1,8.4,Leicestershire,RK Patel,MS Harris,S Conners,0,0,,,,,,"",""
ball,1,8.5,Leicestershire,RK Patel,MS Harris,S Conners,0,0,,,,,,"",""
ball,1,8.6,Leicestershire,RK Patel,MS Harris,S Conners,0,0,,,,,,"",""
ball,1,9.1,Leicestershire,MS Harris,RK Patel,BM Tickner,0,0,,,,,,"",""
ball,1,9.2,Leicestershire,MS Harris,RK Patel,BM Tickner,0,0,,,,,,"",""
ball,1,9.3,Leicestershire,MS Harris,RK Patel,BM Tickner,0,0,,,,,,"",""
ball,1,9.4,Leicestershire,MS Harris,RK Patel,BM Tickner,0,0,,,,,,"",""
ball,1,9.5,Leicestershire,MS Harris,RK Patel,BM Tickner,0,0,,,,,,"",""
ball,1,9.6,Leicestershire,MS Harris,RK Patel,BM Tickner,0,0,,,,,,"",""
ball,1,10.1,Leicestershire,RK Patel,MS Harris,S Conners,4,0,,,,,,"",""
ball,1,10.2,Leicestershire,RK Patel,MS Harris,S Conners,4,0,,,,,,"",""
ball,1,10.3,Leicestershire,RK Patel,MS Harris,S Conners,0,0,,,,,,"",""
ball,1,10.4,Leicestershire,RK Patel,MS Harris,S Conners,0,0,,,,,,"",""
ball,1,10.5,Leicestershire,RK Patel,MS Harris,S Conners,0,0,,,,,,"",""
ball,1,10.6,Leicestershire,RK Patel,MS Harris,S Conners,0,0,,,,,,"",""
ball,1,11.1,Leicestershire,MS Harris,RK Patel,BM Tickner,0,0,,,,,,"",""
ball,1,11.2,Leicestershire,MS Harris,RK Patel,BM Tickner,0,0,,,,,,"",""
ball,1,11.3,Leicestershire,MS Harris,RK Patel,BM Tickner,0,0,,,,,,"",""
ball,1,11.4,Leicestershire,MS Harris,RK Patel,BM Tickner,4,0,,,,,,"",""
ball,1,11.5,Leicestershire,MS Harris,RK Patel,BM Tickner,1,0,,,,,,"",""
ball,1,11.6,Leicestershire,RK Patel,MS Harris,BM Tickner,0,0,,,,,,"",""
ball,1,12.1,Leicestershire,MS Harris,RK Patel,Anuj Dal,0,0,,,,,,"",""
ball,1,12.2,Leicestershire,MS Harris,RK Patel,Anuj Dal,0,0,,,,,,"",""
ball,1,12.3,Leicestershire,MS Harris,RK Patel,Anuj Dal,0,0,,,,,,"",""
ball,1,12.4,Leicestershire,MS Harris,RK Patel,Anuj Dal,0,0,,,,,,"",""
ball,1,12.5,Leicestershire,MS Harris,RK Patel,Anuj Dal,0,0,,,,,,"",""
ball,1,12.6,Leicestershire,MS Harris,RK Patel,Anuj Dal,1,0,,,,,,"",""
ball,1,13.1,Leicestershire,MS Harris,RK Patel,BM Tickner,4,0,,,,,,"",""
ball,1,13.2,Leicestershire,MS Harris,RK Patel,BM Tickner,0,0,,,,,,"",""
ball,1,13.3,Leicestershire,MS Harris,RK Patel,BM Tickner,0,0,,,,,,"",""
ball,1,13.4,Leicestershire,MS Harris,RK Patel,BM Tickner,0,0,,,,,,"",""
ball,1,13.5,Leicestershire,MS Harris,RK Patel,BM Tickner,4,0,,,,,,"",""
ball,1,13.6,Leicestershire,MS Harris,RK Patel,BM Tickner,0,0,,,,,,"",""
ball,1,14.1,Leicestershire,RK Patel,MS Harris,Anuj Dal,0,0,,,,,,"",""
ball,1,14.2,Leicestershire,RK Patel,MS Harris,Anuj Dal,4,0,,,,,,"",""
ball,1,14.3,Leicestershire,RK Patel,MS Harris,Anuj Dal,2,0,,,,,,"",""
ball,1,14.4,Leicestershire,RK Patel,MS Harris,Anuj Dal,0,0,,,,,,"",""
ball,1,14.5,Leicestershire,RK Patel,MS Harris,Anuj Dal,0,0,,,,,,"",""
ball,1,14.6,Leicestershire,RK Patel,MS Harris,Anuj Dal,0,0,,,,,,"",""
ball,1,15.1,Leicestershire,MS Harris,RK Patel,PR Brown,0,0,,,,,,"",""
ball,1,15.2,Leicestershire,MS Harris,RK Patel,PR Brown,0,0,,,,,,"",""
ball,1,15.3,Leicestershire,MS Harris,RK Patel,PR Brown,0,0,,,,,,"",""
ball,1,15.4,Leicestershire,MS Harris,RK Patel,PR Brown,0,0,,,,,,"",""
ball,1,15.5,Leicestershire,MS Harris,RK Patel,PR Brown,0,1,,,,1,,"",""
ball,1,15.6,Leicestershire,RK Patel,MS Harris,PR Brown,4,0,,,,,,"",""
ball,1,16.1,Leicestershire,MS Harris,RK Patel,Anuj Dal,0,0,,,,,,"",""
ball,1,16.2,Leicestershire,MS Harris,RK Patel,Anuj Dal,0,0,,,,,,"",""
ball,1,16.3,Leicestershire,MS Harris,RK Patel,Anuj Dal,0,0,,,,,,"",""
ball,1,16.4,Leicestershire,MS Harris,RK Patel,Anuj Dal,0,0,,,,,,"",""
ball,1,16.5,Leicestershire,MS Harris,RK Patel,Anuj Dal,0,0,,,,,,"",""
ball,1,16.6,Leicestershire,MS Harris,RK Patel,Anuj Dal,2,0,,,,,,"",""
ball,1,17.1,Leicestershire,RK Patel,MS Harris,PR Brown,2,0,,,,,,"",""
ball,1,17.2,Leicestershire,RK Patel,MS Harris,PR Brown,0,0,,,,,,"",""
ball,1,17.3,Leicestershire,RK Patel,MS Harris,PR Brown,0,0,,,,,,"",""
ball,1,17.4,Leicestershire,RK Patel,MS Harris,PR Brown,0,0,,,,,,"",""
ball,1,17.5,Leicestershire,RK Patel,MS Harris,PR Brown,0,0,,,,,,"",""
ball,1,17.6,Leicestershire,RK Patel,MS Harris,PR Brown,0,0,,,,,,"",""
ball,1,18.1,Leicestershire,MS Harris,RK Patel,Anuj Dal,0,0,,,,,,"",""
ball,1,18.2,Leicestershire,MS Harris,RK Patel,Anuj Dal,0,0,,,,,,"",""
ball,1,18.3,Leicestershire,MS Harris,RK Patel,Anuj Dal,0,0,,,,,,"",""
ball,1,18.4,Leicestershire,MS Harris,RK Patel,Anuj Dal,0,0,,,,,,"",""
ball,1,18.5,Leicestershire,MS Harris,RK Patel,Anuj Dal,4,0,,,,,,"",""
ball,1,18.6,Leicestershire,MS Harris,RK Patel,Anuj Dal,0,0,,,,,,"",""
ball,1,19.1,Leicestershire,RK Patel,MS Harris,BM Tickner,0,0,,,,,,"",""
ball,1,19.2,Leicestershire,RK Patel,MS Harris,BM Tickner,0,0,,,,,,"",""
ball,1,19.3,Leicestershire,RK Patel,MS Harris,BM Tickner,0,0,,,,,,"",""
ball,1,19.4,Leicestershire,RK Patel,MS Harris,BM Tickner,0,1,,,,1,,"",""
ball,1,19.5,Leicestershire,MS Harris,RK Patel,BM Tickner,0,0,,,,,,"",""
ball,1,19.6,Leicestershire,MS Harris,RK Patel,BM Tickner,0,0,,,,,,"",""
ball,1,20.1,Leicestershire,RK Patel,MS Harris,Anuj Dal,1,0,,,,,,"",""
ball,1,20.2,Leicestershire,MS Harris,RK Patel,Anuj Dal,0,0,,,,,,"",""
ball,1,20.3,Leicestershire,MS Harris,RK Patel,Anuj Dal,0,0,,,,,,"",""
ball,1,20.4,Leicestershire,MS Harris,RK Patel,Anuj Dal,0,0,,,,,,"",""
ball,1,20.5,Leicestershire,MS Harris,RK Patel,Anuj Dal,0,0,,,,,,"",""
ball,1,20.6,Leicestershire,MS Harris,RK Patel,Anuj Dal,0,0,,,,,,"",""
ball,1,21.1,Leicestershire,RK Patel,MS Harris,BM Tickner,0,0,,,,,,"",""
ball,1,21.2,Leicestershire,RK Patel,MS Harris,BM Tickner,0,0,,,,,,bowled,RK Patel
ball,1,21.3,Leicestershire,LPJ Kimber,MS Harris,BM Tickner,0,0,,,,,,"",""
ball,1,21.4,Leicestershire,LPJ Kimber,MS Harris,BM Tickner,1,0,,,,,,"",""
ball,1,21.5,Leicestershire,MS Harris,LPJ Kimber,BM Tickner,0,0,,,,,,"",""
ball,1,21.6,Leicestershire,MS Harris,LPJ Kimber,BM Tickner,1,0,,,,,,"",""
ball,1,22.1,Leicestershire,MS Harris,LPJ Kimber,Anuj Dal,4,0,,,,,,"",""
ball,1,22.2,Leicestershire,MS Harris,LPJ Kimber,Anuj Dal,0,0,,,,,,"",""
ball,1,22.3,Leicestershire,MS Harris,LPJ Kimber,Anuj Dal,3,0,,,,,,"",""
ball,1,22.4,Leicestershire,LPJ Kimber,MS Harris,Anuj Dal,0,0,,,,,,"",""
ball,1,22.5,Leicestershire,LPJ Kimber,MS Harris,Anuj Dal,0,0,,,,,,"",""
ball,1,22.6,Leicestershire,LPJ Kimber,MS Harris,Anuj Dal,0,0,,,,,,"",""
ball,1,23.1,Leicestershire,MS Harris,LPJ Kimber,BM Tickner,4,0,,,,,,"",""
ball,1,23.2,Leicestershire,MS Harris,LPJ Kimber,BM Tickner,0,0,,,,,,"",""
ball,1,23.3,Leicestershire,MS Harris,LPJ Kimber,BM Tickner,0,0,,,,,,"",""
ball,1,23.4,Leicestershire,MS Harris,LPJ Kimber,BM Tickner,0,0,,,,,,"",""
ball,1,23.5,Leicestershire,MS Harris,LPJ Kimber,BM Tickner,0,0,,,,,,"",""
ball,1,23.6,Leicestershire,MS Harris,LPJ Kimber,BM Tickner,1,0,,,,,,"",""
ball,1,24.1,Leicestershire,MS Harris,LPJ Kimber,Anuj Dal,2,0,,,,,,"",""
ball,1,24.2,Leicestershire,MS Harris,LPJ Kimber,Anuj Dal,0,0,,,,,,"",""
ball,1,24.3,Leicestershire,MS Harris,LPJ Kimber,Anuj Dal,0,0,,,,,,"",""
ball,1,24.4,Leicestershire,MS Harris,LPJ Kimber,Anuj Dal,0,0,,,,,,"",""
ball,1,24.5,Leicestershire,MS Harris,LPJ Kimber,Anuj Dal,2,0,,,,,,"",""
ball,1,24.6,Leicestershire,MS Harris,LPJ Kimber,Anuj Dal,0,0,,,,,,"",""
ball,1,25.1,Leicestershire,LPJ Kimber,MS Harris,BM Tickner,0,0,,,,,,"",""
ball,1,25.2,Leicestershire,LPJ Kimber,MS Harris,BM Tickner,0,0,,,,,,"",""
ball,1,25.3,Leicestershire,LPJ Kimber,MS Harris,BM Tickner,0,0,,,,,,"",""
ball,1,25.4,Leicestershire,LPJ Kimber,MS Harris,BM Tickner,0,0,,,,,,"",""
ball,1,25.5,Leicestershire,LPJ Kimber,MS Harris,BM Tickner,1,0,,,,,,"",""
ball,1,25.6,Leicestershire,MS Harris,LPJ Kimber,BM Tickner,1,0,,,,,,"",""
ball,1,26.1,Leicestershire,MS Harris,LPJ Kimber,Anuj Dal,0,0,,,,,,"",""
ball,1,26.2,Leicestershire,MS Harris,LPJ Kimber,Anuj Dal,0,0,,,,,,"",""
ball,1,26.3,Leicestershire,MS Harris,LPJ Kimber,Anuj Dal,0,0,,,,,,"",""
ball,1,26.4,Leicestershire,MS Harris,LPJ Kimber,Anuj Dal,0,0,,,,,,"",""
ball,1,26.5,Leicestershire,MS Harris,LPJ Kimber,Anuj Dal,0,0,,,,,,"",""
ball,1,26.6,Leicestershire,MS Harris,LPJ Kimber,Anuj Dal,0,0,,,,,,"",""
ball,1,27.1,Leicestershire,LPJ Kimber,MS Harris,BM Tickner,0,0,,,,,,"",""
ball,1,27.2,Leicestershire,LPJ Kimber,MS Harris,BM Tickner,0,0,,,,,,"",""
ball,1,27.3,Leicestershire,LPJ Kimber,MS Harris,BM Tickner,0,0,,,,,,"",""
ball,1,27.4,Leicestershire,LPJ Kimber,MS Harris,BM Tickner,0,0,,,,,,"",""
ball,1,27.5,Leicestershire,LPJ Kimber,MS Harris,BM Tickner,0,0,,,,,,"",""
ball,1,27.6,Leicestershire,LPJ Kimber,MS Harris,BM Tickner,4,0,,,,,,"",""
ball,1,28.1,Leicestershire,MS Harris,LPJ Kimber,S Conners,0,0,,,,,,"",""
ball,1,28.2,Leicestershire,MS Harris,LPJ Kimber,S Conners,1,0,,,,,,"",""
ball,1,28.3,Leicestershire,LPJ Kimber,MS Harris,S Conners,4,0,,,,,,"",""
ball,1,28.4,Leicestershire,LPJ Kimber,MS Harris,S Conners,0,0,,,,,,"",""
ball,1,28.5,Leicestershire,LPJ Kimber,MS Harris,S Conners,0,0,,,,,,"",""
ball,1,28.6,Leicestershire,LPJ Kimber,MS Harris,S Conners,0,0,,,,,,caught,LPJ Kimber
ball,1,29.1,Leicestershire,MS Harris,LJ Hill,BM Tickner,0,0,,,,,,"",""
ball,1,29.2,Leicestershire,MS Harris,LJ Hill,BM Tickner,0,0,,,,,,"",""
ball,1,29.3,Leicestershire,MS Harris,LJ Hill,BM Tickner,4,0,,,,,,"",""
ball,1,29.4,Leicestershire,MS Harris,LJ Hill,BM Tickner,0,0,,,,,,"",""
ball,1,29.5,Leicestershire,MS Harris,LJ Hill,BM Tickner,0,0,,,,,,"",""
ball,1,29.6,Leicestershire,MS Harris,LJ Hill,BM Tickner,0,0,,,,,,"",""
ball,1,30.1,Leicestershire,LJ Hill,MS Harris,S Conners,0,0,,,,,,"",""
ball,1,30.2,Leicestershire,LJ Hill,MS Harris,S Conners,0,0,,,,,,"",""
ball,1,30.3,Leicestershire,LJ Hill,MS Harris,S Conners,0,0,,,,,,"",""
ball,1,30.4,Leicestershire,LJ Hill,MS Harris,S Conners,2,0,,,,,,"",""
ball,1,30.5,Leicestershire,LJ Hill,MS Harris,S Conners,1,0,,,,,,"",""
ball,1,30.6,Leicestershire,MS Harris,LJ Hill,S Conners,0,0,,,,,,"",""
ball,1,31.1,Leicestershire,LJ Hill,MS Harris,BM Tickner,0,0,,,,,,"",""
ball,1,31.2,Leicestershire,LJ Hill,MS Harris,BM Tickner,0,2,,2,,,,"",""
ball,1,31.3,Leicestershire,LJ Hill,MS Harris,BM Tickner,0,0,,,,,,"",""
ball,1,31.4,Leicestershire,LJ Hill,MS Harris,BM Tickner,1,0,,,,,,"",""
ball,1,31.5,Leicestershire,MS Harris,LJ Hill,BM Tickner,0,0,,,,,,"",""
ball,1,31.6,Leicestershire,MS Harris,LJ Hill,BM Tickner,1,0,,,,,,"",""
ball,1,31.7,Leicestershire,LJ Hill,MS Harris,BM Tickner,0,0,,,,,,"",""
ball,1,32.1,Leicestershire,MS Harris,LJ Hill,S Conners,0,0,,,,,,"",""
ball,1,32.2,Leicestershire,MS Harris,LJ Hill,S Conners,0,0,,,,,,"",""
ball,1,32.3,Leicestershire,MS Harris,LJ Hill,S Conners,0,0,,,,,,"",""
ball,1,32.4,Leicestershire,MS Harris,LJ Hill,S Conners,2,0,,,,,,"",""
ball,1,32.5,Leicestershire,MS Harris,LJ Hill,S Conners,0,0,,,,,,"",""
ball,1,32.6,Leicestershire,MS Harris,LJ Hill,S Conners,1,0,,,,,,"",""
ball,1,33.1,Leicestershire,MS Harris,LJ Hill,PR Brown,0,0,,,,,,"",""
ball,1,33.2,Leicestershire,MS Harris,LJ Hill,PR Brown,0,0,,,,,,"",""
ball,1,33.3,Leicestershire,MS Harris,LJ Hill,PR Brown,1,0,,,,,,"",""
ball,1,33.4,Leicestershire,LJ Hill,MS Harris,PR Brown,0,0,,,,,,"",""
ball,1,33.5,Leicestershire,LJ Hill,MS Harris,PR Brown,0,0,,,,,,"",""
ball,1,33.6,Leicestershire,LJ Hill,MS Harris,PR Brown,0,0,,,,,,"",""
ball,1,34.1,Leicestershire,MS Harris,LJ Hill,S Conners,0,0,,,,,,"",""
ball,1,34.2,Leicestershire,MS Harris,LJ Hill,S Conners,1,0,,,,,,"",""
ball,1,34.3,Leicestershire,LJ Hill,MS Harris,S Conners,0,0,,,,,,"",""
ball,1,34.4,Leicestershire,LJ Hill,MS Harris,S Conners,0,0,,,,,,"",""
ball,1,34.5,Leicestershire,LJ Hill,MS Harris,S Conners,2,0,,,,,,"",""
ball,1,34.6,Leicestershire,LJ Hill,MS Harris,S Conners,0,0,,,,,,"",""
ball,1,35.1,Leicestershire,MS Harris,LJ Hill,PR Brown,0,0,,,,,,"",""
ball,1,35.2,Leicestershire,MS Harris,LJ Hill,PR Brown,1,0,,,,,,"",""
ball,1,35.3,Leicestershire,LJ Hill,MS Harris,PR Brown,2,0,,,,,,"",""
ball,1,35.4,Leicestershire,LJ Hill,MS Harris,PR Brown,0,0,,,,,,"",""
ball,1,35.5,Leicestershire,LJ Hill,MS Harris,PR Brown,1,0,,,,,,"",""
ball,1,35.6,Leicestershire,MS Harris,LJ Hill,PR Brown,0,0,,,,,,"",""
ball,1,36.1,Leicestershire,LJ Hill,MS Harris,Anuj Dal,0,0,,,,,,"",""
ball,1,36.2,Leicestershire,LJ Hill,MS Harris,Anuj Dal,0,0,,,,,,"",""
ball,1,36.3,Leicestershire,LJ Hill,MS Harris,Anuj Dal,4,0,,,,,,"",""
ball,1,36.4,Leicestershire,LJ Hill,MS Harris,Anuj Dal,0,0,,,,,,"",""
ball,1,36.5,Leicestershire,LJ Hill,MS Harris,Anuj Dal,0,0,,,,,,"",""
ball,1,36.6,Leicestershire,LJ Hill,MS Harris,Anuj Dal,4,0,,,,,,"",""
ball,1,37.1,Leicestershire,MS Harris,LJ Hill,PR Brown,0,0,,,,,,"",""
ball,1,37.2,Leicestershire,MS Harris,LJ Hill,PR Brown,0,0,,,,,,"",""
ball,1,37.3,Leicestershire,MS Harris,LJ Hill,PR Brown,4,0,,,,,,"",""
ball,1,37.4,Leicestershire,MS Harris,LJ Hill,PR Brown,1,0,,,,,,"",""
ball,1,37.5,Leicestershire,LJ Hill,MS Harris,PR Brown,2,0,,,,,,"",""
ball,1,37.6,Leicestershire,LJ Hill,MS Harris,PR Brown,4,0,,,,,,"",""
ball,1,38.1,Leicestershire,MS Harris,LJ Hill,Anuj Dal,3,0,,,,,,"",""
ball,1,38.2,Leicestershire,LJ Hill,MS Harris,Anuj Dal,0,0,,,,,,"",""
ball,1,38.3,Leicestershire,LJ Hill,MS Harris,Anuj Dal,0,0,,,,,,"",""
ball,1,38.4,Leicestershire,LJ Hill,MS Harris,Anuj Dal,0,0,,,,,,"",""
ball,1,38.5,Leicestershire,LJ Hill,MS Harris,Anuj Dal,1,0,,,,,,"",""
ball,1,38.6,Leicestershire,MS Harris,LJ Hill,Anuj Dal,0,0,,,,,,"",""
ball,1,39.1,Leicestershire,LJ Hill,MS Harris,LM Reece,0,1,,,,1,,"",""
ball,1,39.2,Leicestershire,MS Harris,LJ Hill,LM Reece,0,0,,,,,,"",""
ball,1,39.3,Leicestershire,MS Harris,LJ Hill,LM Reece,0,0,,,,,,"",""
ball,1,39.4,Leicestershire,MS Harris,LJ Hill,LM Reece,1,0,,,,,,"",""
ball,1,39.5,Leicestershire,LJ Hill,MS Harris,LM Reece,2,0,,,,,,"",""
ball,1,39.6,Leicestershire,LJ Hill,MS Harris,LM Reece,0,0,,,,,,"",""
ball,1,40.1,Leicestershire,MS Harris,LJ Hill,Anuj Dal,0,0,,,,,,"",""
ball,1,40.2,Leicestershire,MS Harris,LJ Hill,Anuj Dal,1,0,,,,,,"",""
ball,1,40.3,Leicestershire,LJ Hill,MS Harris,Anuj Dal,4,0,,,,,,"",""
ball,1,40.4,Leicestershire,LJ Hill,MS Harris,Anuj Dal,0,0,,,,,,"",""
ball,1,40.5,Leicestershire,LJ Hill,MS Harris,Anuj Dal,1,0,,,,,,"",""
ball,1,40.6,Leicestershire,MS Harris,LJ Hill,Anuj Dal,0,0,,,,,,"",""
ball,1,41.1,Leicestershire,LJ Hill,MS Harris,LM Reece,1,0,,,,,,"",""
ball,1,41.2,Leicestershire,MS Harris,LJ Hill,LM Reece,1,0,,,,,,"",""
ball,1,41.3,Leicestershire,LJ Hill,MS Harris,LM Reece,0,0,,,,,,"",""
ball,1,41.4,Leicestershire,LJ Hill,MS Harris,LM Reece,0,0,,,,,,"",""
ball,1,41.5,Leicestershire,LJ Hill,MS Harris,LM Reece,2,0,,,,,,"",""
ball,1,41.6,Leicestershire,LJ Hill,MS Harris,LM Reece,0,0,,,,,,"",""
ball,1,42.1,Leicestershire,MS Harris,LJ Hill,DL Lloyd,2,2,,2,,,,"",""
ball,1,42.2,Leicestershire,MS Harris,LJ Hill,DL Lloyd,4,0,,,,,,"",""
ball,1,42.3,Leicestershire,MS Harris,LJ Hill,DL Lloyd,0,0,,,,,,"",""
ball,1,42.4,Leicestershire,MS Harris,LJ Hill,DL Lloyd,0,2,,2,,,,"",""
ball,1,42.5,Leicestershire,MS Harris,LJ Hill,DL Lloyd,0,0,,,,,,"",""
ball,1,42.6,Leicestershire,MS Harris,LJ Hill,DL Lloyd,0,0,,,,,,"",""
ball,1,42.7,Leicestershire,MS Harris,LJ Hill,DL Lloyd,4,0,,,,,,"",""
ball,1,42.8,Leicestershire,MS Harris,LJ Hill,DL Lloyd,0,0,,,,,,"",""
ball,1,43.1,Leicestershire,LJ Hill,MS Harris,LM Reece,0,0,,,,,,"",""
ball,1,43.2,Leicestershire,LJ Hill,MS Harris,LM Reece,0,0,,,,,,"",""
ball,1,43.3,Leicestershire,LJ Hill,MS Harris,LM Reece,0,0,,,,,,"",""
ball,1,43.4,Leicestershire,LJ Hill,MS Harris,LM Reece,0,0,,,,,,"",""
ball,1,43.5,Leicestershire,LJ Hill,MS Harris,LM Reece,0,0,,,,,,"",""
ball,1,43.6,Leicestershire,LJ Hill,MS Harris,LM Reece,0,0,,,,,,"",""
ball,1,44.1,Leicestershire,MS Harris,LJ Hill,DL Lloyd,0,0,,,,,,"",""
ball,1,44.2,Leicestershire,MS Harris,LJ Hill,DL Lloyd,0,0,,,,,,"",""
ball,1,44.3,Leicestershire,MS Harris,LJ Hill,DL Lloyd,0,0,,,,,,"",""
ball,1,44.4,Leicestershire,MS Harris,LJ Hill,DL Lloyd,0,0,,,,,,"",""
ball,1,44.5,Leicestershire,MS Harris,LJ Hill,DL Lloyd,0,0,,,,,,"",""
ball,1,44.6,Leicestershire,MS Harris,LJ Hill,DL Lloyd,0,0,,,,,,"",""
ball,1,45.1,Leicestershire,LJ Hill,MS Harris,LM Reece,0,0,,,,,,"",""
ball,1,45.2,Leicestershire,LJ Hill,MS Harris,LM Reece,0,0,,,,,,"",""
ball,1,45.3,Leicestershire,LJ Hill,MS Harris,LM Reece,0,1,,,,1,,"",""
ball,1,45.4,Leicestershire,MS Harris,LJ Hill,LM Reece,0,0,,,,,,"",""
ball,1,45.5,Leicestershire,MS Harris,LJ Hill,LM Reece,0,0,,,,,,"",""
ball,1,45.6,Leicestershire,MS Harris,LJ Hill,LM Reece,0,0,,,,,,"",""
ball,1,46.1,Leicestershire,LJ Hill,MS Harris,S Conners,0,0,,,,,,"",""
ball,1,46.2,Leicestershire,LJ Hill,MS Harris,S Conners,4,0,,,,,,"",""
ball,1,46.3,Leicestershire,LJ Hill,MS Harris,S Conners,0,0,,,,,,"",""
ball,1,46.4,Leicestershire,LJ Hill,MS Harris,S Conners,0,0,,,,,,"",""
ball,1,46.5,Leicestershire,LJ Hill,MS Harris,S Conners,0,0,,,,,,"",""
ball,1,46.6,Leicestershire,LJ Hill,MS Harris,S Conners,0,0,,,,,,"",""
ball,1,47.1,Leicestershire,MS Harris,LJ Hill,BM Tickner,0,0,,,,,,"",""
ball,1,47.2,Leicestershire,MS Harris,LJ Hill,BM Tickner,0,0,,,,,,"",""
ball,1,47.3,Leicestershire,MS Harris,LJ Hill,BM Tickner,0,0,,,,,,"",""
ball,1,47.4,Leicestershire,MS Harris,LJ Hill,BM Tickner,0,0,,,,,,"",""
ball,1,47.5,Leicestershire,MS Harris,LJ Hill,BM Tickner,0,0,,,,,,"",""
ball,1,47.6,Leicestershire,MS Harris,LJ Hill,BM Tickner,0,0,,,,,,"",""
ball,1,48.1,Leicestershire,LJ Hill,MS Harris,S Conners,0,0,,,,,,"",""
ball,1,48.2,Leicestershire,LJ Hill,MS Harris,S Conners,4,0,,,,,,"",""
ball,1,48.3,Leicestershire,LJ Hill,MS Harris,S Conners,0,0,,,,,,"",""
ball,1,48.4,Leicestershire,LJ Hill,MS Harris,S Conners,1,0,,,,,,"",""
ball,1,48.5,Leicestershire,MS Harris,LJ Hill,S Conners,0,0,,,,,,"",""
ball,1,48.6,Leicestershire,MS Harris,LJ Hill,S Conners,0,0,,,,,,"",""
ball,1,49.1,Leicestershire,LJ Hill,MS Harris,BM Tickner,0,0,,,,,,"",""
ball,1,49.2,Leicestershire,LJ Hill,MS Harris,BM Tickner,0,0,,,,,,"",""
ball,1,49.3,Leicestershire,LJ Hill,MS Harris,BM Tickner,0,0,,,,,,"",""
ball,1,49.4,Leicestershire,LJ Hill,MS Harris,BM Tickner,0,0,,,,,,"",""
ball,1,49.5,Leicestershire,LJ Hill,MS Harris,BM Tickner,0,1,,,,1,,"",""
ball,1,49.6,Leicestershire,MS Harris,LJ Hill,BM Tickner,1,0,,,,,,"",""
ball,1,50.1,Leicestershire,MS Harris,LJ Hill,S Conners,1,0,,,,,,"",""
ball,1,50.2,Leicestershire,LJ Hill,MS Harris,S Conners,0,0,,,,,,"",""
ball,1,50.3,Leicestershire,LJ Hill,MS Harris,S Conners,0,0,,,,,,"",""
ball,1,50.4,Leicestershire,LJ Hill,MS Harris,S Conners,4,0,,,,,,"",""
ball,1,50.5,Leicestershire,LJ Hill,MS Harris,S Conners,0,0,,,,,,"",""
ball,1,50.6,Leicestershire,LJ Hill,MS Harris,S Conners,0,0,,,,,,caught,LJ Hill
ball,1,51.1,Leicestershire,MS Harris,PSP Handscomb,BM Tickner,0,0,,,,,,"",""
ball,1,51.2,Leicestershire,MS Harris,PSP Handscomb,BM Tickner,1,0,,,,,,"",""
ball,1,51.3,Leicestershire,PSP Handscomb,MS Harris,BM Tickner,0,0,,,,,,"",""
ball,1,51.4,Leicestershire,PSP Handscomb,MS Harris,BM Tickner,0,0,,,,,,"",""
ball,1,51.5,Leicestershire,PSP Handscomb,MS Harris,BM Tickner,0,0,,,,,,"",""
ball,1,51.6,Leicestershire,PSP Handscomb,MS Harris,BM Tickner,0,0,,,,,,"",""
ball,1,52.1,Leicestershire,MS Harris,PSP Handscomb,S Conners,0,0,,,,,,"",""
ball,1,52.2,Leicestershire,MS Harris,PSP Handscomb,S Conners,0,0,,,,,,"",""
ball,1,52.3,Leicestershire,MS Harris,PSP Handscomb,S Conners,4,0,,,,,,"",""
ball,1,52.4,Leicestershire,MS Harris,PSP Handscomb,S Conners,0,0,,,,,,"",""
ball,1,52.5,Leicestershire,MS Harris,PSP Handscomb,S Conners,1,0,,,,,,"",""
ball,1,52.6,Leicestershire,PSP Handscomb,MS Harris,S Conners,0,0,,,,,,"",""
ball,1,53.1,Leicestershire,MS Harris,PSP Handscomb,BM Tickner,0,0,,,,,,"",""
ball,1,53.2,Leicestershire,MS Harris,PSP Handscomb,BM Tickner,0,0,,,,,,"",""
ball,1,53.3,Leicestershire,MS Harris,PSP Handscomb,BM Tickner,1,0,,,,,,"",""
ball,1,53.4,Leicestershire,PSP Handscomb,MS Harris,BM Tickner,4,0,,,,,,"",""
ball,1,53.5,Leicestershire,PSP Handscomb,MS Harris,BM Tickner,0,0,,,,,,"",""
ball,1,53.6,Leicestershire,PSP Handscomb,MS Harris,BM Tickner,0,0,,,,,,"",""
ball,1,54.1,Leicestershire,MS Harris,PSP Handscomb,S Conners,0,0,,,,,,"",""
ball,1,54.2,Leicestershire,MS Harris,PSP Handscomb,S Conners,0,0,,,,,,"",""
ball,1,54.3,Leicestershire,MS Harris,PSP Handscomb,S Conners,0,0,,,,,,"",""
ball,1,54.4,Leicestershire,MS Harris,PSP Handscomb,S Conners,2,0,,,,,,"",""
ball,1,54.5,Leicestershire,MS Harris,PSP Handscomb,S Conners,0,0,,,,,,"",""
ball,1,54.6,Leicestershire,MS Harris,PSP Handscomb,S Conners,0,0,,,,,,"",""
ball,1,55.1,Leicestershire,PSP Handscomb,MS Harris,BM Tickner,1,0,,,,,,"",""
ball,1,55.2,Leicestershire,MS Harris,PSP Handscomb,BM Tickner,1,0,,,,,,"",""
ball,1,55.3,Leicestershire,PSP Handscomb,MS Harris,BM Tickner,4,0,,,,,,"",""
ball,1,55.4,Leicestershire,PSP Handscomb,MS Harris,BM Tickner,0,0,,,,,,"",""
ball,1,55.5,Leicestershire,PSP Handscomb,MS Harris,BM Tickner,0,0,,,,,,"",""
ball,1,55.6,Leicestershire,PSP Handscomb,MS Harris,BM Tickner,0,0,,,,,,"",""
ball,1,56.1,Leicestershire,MS Harris,PSP Handscomb,Anuj Dal,0,0,,,,,,"",""
ball,1,56.2,Leicestershire,MS Harris,PSP Handscomb,Anuj Dal,1,0,,,,,,"",""
ball,1,56.3,Leicestershire,PSP Handscomb,MS Harris,Anuj Dal,0,0,,,,,,"",""
ball,1,56.4,Leicestershire,PSP Handscomb,MS Harris,Anuj Dal,0,0,,,,,,"",""
ball,1,56.5,Leicestershire,PSP Handscomb,MS Harris,Anuj Dal,0,0,,,,,,"",""
ball,1,56.6,Leicestershire,PSP Handscomb,MS Harris,Anuj Dal,0,0,,,,,,"",""
ball,1,57.1,Leicestershire,MS Harris,PSP Handscomb,BM Tickner,1,0,,,,,,"",""
ball,1,57.2,Leicestershire,PSP Handscomb,MS Harris,BM Tickner,1,0,,,,,,"",""
ball,1,57.3,Leicestershire,MS Harris,PSP Handscomb,BM Tickner,0,0,,,,,,"",""
ball,1,57.4,Leicestershire,MS Harris,PSP Handscomb,BM Tickner,0,0,,,,,,"",""
ball,1,57.5,Leicestershire,MS Harris,PSP Handscomb,BM Tickner,0,0,,,,,,"",""
ball,1,57.6,Leicestershire,MS Harris,PSP Handscomb,BM Tickner,3,0,,,,,,"",""
ball,1,58.1,Leicestershire,MS Harris,PSP Handscomb,Anuj Dal,0,0,,,,,,"",""
ball,1,58.2,Leicestershire,MS Harris,PSP Handscomb,Anuj Dal,2,0,,,,,,"",""
ball,1,58.3,Leicestershire,MS Harris,PSP Handscomb,Anuj Dal,0,0,,,,,,"",""
ball,1,58.4,Leicestershire,MS Harris,PSP Handscomb,Anuj Dal,2,0,,,,,,"",""
ball,1,58.5,Leicestershire,MS Harris,PSP Handscomb,Anuj Dal,0,0,,,,,,"",""
ball,1,58.6,Leicestershire,MS Harris,PSP Handscomb,Anuj Dal,0,0,,,,,,"",""
ball,1,59.1,Leicestershire,PSP Handscomb,MS Harris,PR Brown,0,0,,,,,,"",""
ball,1,59.2,Leicestershire,PSP Handscomb,MS Harris,PR Brown,0,0,,,,,,"",""
ball,1,59.3,Leicestershire,PSP Handscomb,MS Harris,PR Brown,0,0,,,,,,"",""
ball,1,59.4,Leicestershire,PSP Handscomb,MS Harris,PR Brown,0,0,,,,,,"",""
ball,1,59.5,Leicestershire,PSP Handscomb,MS Harris,PR Brown,0,0,,,,,,"",""
ball,1,59.6,Leicestershire,PSP Handscomb,MS Harris,PR Brown,0,0,,,,,,"",""
ball,1,60.1,Leicestershire,MS Harris,PSP Handscomb,Anuj Dal,0,0,,,,,,"",""
ball,1,60.2,Leicestershire,MS Harris,PSP Handscomb,Anuj Dal,4,0,,,,,,"",""
ball,1,60.3,Leicestershire,MS Harris,PSP Handscomb,Anuj Dal,0,0,,,,,,"",""
ball,1,60.4,Leicestershire,MS Harris,PSP Handscomb,Anuj Dal,0,0,,,,,,"",""
ball,1,60.5,Leicestershire,MS Harris,PSP Handscomb,Anuj Dal,1,0,,,,,,"",""
ball,1,60.6,Leicestershire,PSP Handscomb,MS Harris,Anuj Dal,0,0,,,,,,"",""
ball,1,61.1,Leicestershire,MS Harris,PSP Handscomb,PR Brown,0,0,,,,,,"",""
ball,1,61.2,Leicestershire,MS Harris,PSP Handscomb,PR Brown,1,0,,,,,,"",""
ball,1,61.3,Leicestershire,PSP Handscomb,MS Harris,PR Brown,0,0,,,,,,"",""
ball,1,61.4,Leicestershire,PSP Handscomb,MS Harris,PR Brown,0,0,,,,,,"",""
ball,1,61.5,Leicestershire,PSP Handscomb,MS Harris,PR Brown,0,0,,,,,,"",""
ball,1,61.6,Leicestershire,PSP Handscomb,MS Harris,PR Brown,1,0,,,,,,"",""
ball,1,62.1,Leicestershire,PSP Handscomb,MS Harris,AT Thomson,2,0,,,,,,"",""
ball,1,62.2,Leicestershire,PSP Handscomb,MS Harris,AT Thomson,0,0,,,,,,"",""
ball,1,62.3,Leicestershire,PSP Handscomb,MS Harris,AT Thomson,1,0,,,,,,"",""
ball,1,62.4,Leicestershire,MS Harris,PSP Handscomb,AT Thomson,0,0,,,,,,"",""
ball,1,62.5,Leicestershire,MS Harris,PSP Handscomb,AT Thomson,0,0,,,,,,"",""
ball,1,62.6,Leicestershire,MS Harris,PSP Handscomb,AT Thomson,4,0,,,,,,"",""
ball,1,63.1,Leicestershire,PSP Handscomb,MS Harris,PR Brown,0,0,,,,,,"",""
ball,1,63.2,Leicestershire,PSP Handscomb,MS Harris,PR Brown,1,0,,,,,,"",""
ball,1,63.3,Leicestershire,MS Harris,PSP Handscomb,PR Brown,1,0,,,,,,"",""
ball,1,63.4,Leicestershire,PSP Handscomb,MS Harris,PR Brown,4,0,,,,,,"",""
ball,1,63.5,Leicestershire,PSP Handscomb,MS Harris,PR Brown,0,0,,,,,,"",""
ball,1,63.6,Leicestershire,PSP Handscomb,MS Harris,PR Brown,2,0,,,,,,"",""
ball,1,64.1,Leicestershire,MS Harris,PSP Handscomb,AT Thomson,0,0,,,,,,"",""
ball,1,64.2,Leicestershire,MS Harris,PSP Handscomb,AT Thomson,1,0,,,,,,"",""
ball,1,64.3,Leicestershire,PSP Handscomb,MS Harris,AT Thomson,1,0,,,,,,"",""
ball,1,64.4,Leicestershire,MS Harris,PSP Handscomb,AT Thomson,0,0,,,,,,"",""
ball,1,64.5,Leicestershire,MS Harris,PSP Handscomb,AT Thomson,0,0,,,,,,"",""
ball,1,64.6,Leicestershire,MS Harris,PSP Handscomb,AT Thomson,1,0,,,,,,"",""
ball,1,65.1,Leicestershire,MS Harris,PSP Handscomb,PR Brown,0,0,,,,,,"",""
ball,1,65.2,Leicestershire,MS Harris,PSP Handscomb,PR Brown,0,0,,,,,,"",""
ball,1,65.3,Leicestershire,MS Harris,PSP Handscomb,PR Brown,1,0,,,,,,"",""
ball,1,65.4,Leicestershire,PSP Handscomb,MS Harris,PR Brown,0,0,,,,,,"",""
ball,1,65.5,Leicestershire,PSP Handscomb,MS Harris,PR Brown,0,0,,,,,,"",""
ball,1,65.6,Leicestershire,PSP Handscomb,MS Harris,PR Brown,0,0,,,,,,"",""
ball,1,66.1,Leicestershire,MS Harris,PSP Handscomb,AT Thomson,0,0,,,,,,"",""
ball,1,66.2,Leicestershire,MS Harris,PSP Handscomb,AT Thomson,0,0,,,,,,"",""
ball,1,66.3,Leicestershire,MS Harris,PSP Handscomb,AT Thomson,0,0,,,,,,"",""
ball,1,66.4,Leicestershire,MS Harris,PSP Handscomb,AT Thomson,4,0,,,,,,"",""
ball,1,66.5,Leicestershire,MS Harris,PSP Handscomb,AT Thomson,4,0,,,,,,"",""
ball,1,66.6,Leicestershire,MS Harris,PSP Handscomb,AT Thomson,1,0,,,,,,"",""
ball,1,67.1,Leicestershire,MS Harris,PSP Handscomb,PR Brown,1,0,,,,,,"",""
ball,1,67.2,Leicestershire,PSP Handscomb,MS Harris,PR Brown,0,0,,,,,,"",""
ball,1,67.3,Leicestershire,PSP Handscomb,MS Harris,PR Brown,0,0,,,,,,"",""
ball,1,67.4,Leicestershire,PSP Handscomb,MS Harris,PR Brown,0,0,,,,,,"",""
ball,1,67.5,Leicestershire,PSP Handscomb,MS Harris,PR Brown,0,0,,,,,,"",""
ball,1,67.6,Leicestershire,PSP Handscomb,MS Harris,PR Brown,0,0,,,,,,"",""
ball,1,68.1,Leicestershire,MS Harris,PSP Handscomb,AT Thomson,1,0,,,,,,"",""
ball,1,68.2,Leicestershire,PSP Handscomb,MS Harris,AT Thomson,3,0,,,,,,"",""
ball,1,68.3,Leicestershire,MS Harris,PSP Handscomb,AT Thomson,0,0,,,,,,"",""
ball,1,68.4,Leicestershire,MS Harris,PSP Handscomb,AT Thomson,4,0,,,,,,"",""
ball,1,68.5,Leicestershire,MS Harris,PSP Handscomb,AT Thomson,0,0,,,,,,"",""
ball,1,68.6,Leicestershire,MS Harris,PSP Handscomb,AT Thomson,1,0,,,,,,"",""
ball,1,69.1,Leicestershire,MS Harris,PSP Handscomb,PR Brown,0,0,,,,,,"",""
ball,1,69.2,Leicestershire,MS Harris,PSP Handscomb,PR Brown,2,0,,,,,,"",""
ball,1,69.3,Leicestershire,MS Harris,PSP Handscomb,PR Brown,4,0,,,,,,"",""
ball,1,69.4,Leicestershire,MS Harris,PSP Handscomb,PR Brown,2,0,,,,,,"",""
ball,1,69.5,Leicestershire,MS Harris,PSP Handscomb,PR Brown,4,0,,,,,,"",""
ball,1,69.6,Leicestershire,MS Harris,PSP Handscomb,PR Brown,4,0,,,,,,"",""
ball,1,70.1,Leicestershire,PSP Handscomb,MS Harris,AT Thomson,0,0,,,,,,"",""
ball,1,70.2,Leicestershire,PSP Handscomb,MS Harris,AT Thomson,2,0,,,,,,"",""
ball,1,70.3,Leicestershire,PSP Handscomb,MS Harris,AT Thomson,4,0,,,,,,"",""
ball,1,70.4,Leicestershire,PSP Handscomb,MS Harris,AT Thomson,1,0,,,,,,"",""
ball,1,70.5,Leicestershire,MS Harris,PSP Handscomb,AT Thomson,0,0,,,,,,"",""
ball,1,70.6,Leicestershire,MS Harris,PSP Handscomb,AT Thomson,0,0,,,,,,"",""
ball,1,71.1,Leicestershire,PSP Handscomb,MS Harris,S Conners,4,0,,,,,,"",""
ball,1,71.2,Leicestershire,PSP Handscomb,MS Harris,S Conners,0,0,,,,,,"",""
ball,1,71.3,Leicestershire,PSP Handscomb,MS Harris,S Conners,0,0,,,,,,"",""
ball,1,71.4,Leicestershire,PSP Handscomb,MS Harris,S Conners,0,0,,,,,,"",""
ball,1,71.5,Leicestershire,PSP Handscomb,MS Harris,S Conners,1,0,,,,,,"",""
ball,1,71.6,Leicestershire,MS Harris,PSP Handscomb,S Conners,0,0,,,,,,"",""
ball,1,72.1,Leicestershire,PSP Handscomb,MS Harris,LM Reece,0,0,,,,,,"",""
ball,1,72.2,Leicestershire,PSP Handscomb,MS Harris,LM Reece,0,0,,,,,,"",""
ball,1,72.3,Leicestershire,PSP Handscomb,MS Harris,LM Reece,0,0,,,,,,"",""
ball,1,72.4,Leicestershire,PSP Handscomb,MS Harris,LM Reece,2,0,,,,,,"",""
ball,1,72.5,Leicestershire,PSP Handscomb,MS Harris,LM Reece,0,0,,,,,,"",""
ball,1,72.6,Leicestershire,PSP Handscomb,MS Harris,LM Reece,0,0,,,,,,"",""
ball,1,73.1,Leicestershire,MS Harris,PSP Handscomb,S Conners,0,0,,,,,,"",""
ball,1,73.2,Leicestershire,MS Harris,PSP Handscomb,S Conners,0,0,,,,,,"",""
ball,1,73.3,Leicestershire,MS Harris,PSP Handscomb,S Conners,4,0,,,,,,"",""
ball,1,73.4,Leicestershire,MS Harris,PSP Handscomb,S Conners,0,0,,,,,,"",""
ball,1,73.5,Leicestershire,MS Harris,PSP Handscomb,S Conners,1,0,,,,,,"",""
ball,1,73.6,Leicestershire,PSP Handscomb,MS Harris,S Conners,0,0,,,,,,"",""
ball,1,74.1,Leicestershire,MS Harris,PSP Handscomb,LM Reece,0,0,,,,,,"",""
ball,1,74.2,Leicestershire,MS Harris,PSP Handscomb,LM Reece,0,0,,,,,,"",""
ball,1,74.3,Leicestershire,MS Harris,PSP Handscomb,LM Reece,1,0,,,,,,"",""
ball,1,74.4,Leicestershire,PSP Handscomb,MS Harris,LM Reece,0,0,,,,,,"",""
ball,1,74.5,Leicestershire,PSP Handscomb,MS Harris,LM Reece,0,0,,,,,,"",""
ball,1,74.6,Leicestershire,PSP Handscomb,MS Harris,LM Reece,0,0,,,,,,"",""
ball,1,75.1,Leicestershire,MS Harris,PSP Handscomb,S Conners,1,0,,,,,,"",""
ball,1,75.2,Leicestershire,PSP Handscomb,MS Harris,S Conners,0,0,,,,,,"",""
ball,1,75.3,Leicestershire,PSP Handscomb,MS Harris,S Conners,4,0,,,,,,"",""
ball,1,75.4,Leicestershire,PSP Handscomb,MS Harris,S Conners,4,0,,,,,,"",""
ball,1,75.5,Leicestershire,PSP Handscomb,MS Harris,S Conners,0,0,,,,,,"",""
ball,1,75.6,Leicestershire,PSP Handscomb,MS Harris,S Conners,0,0,,,,,,"",""
ball,1,76.1,Leicestershire,MS Harris,PSP Handscomb,LM Reece,0,0,,,,,,"",""
ball,1,76.2,Leicestershire,MS Harris,PSP Handscomb,LM Reece,0,0,,,,,,"",""
ball,1,76.3,Leicestershire,MS Harris,PSP Handscomb,LM Reece,1,0,,,,,,"",""
ball,1,76.4,Leicestershire,PSP Handscomb,MS Harris,LM Reece,0,0,,,,,,"",""
ball,1,76.5,Leicestershire,PSP Handscomb,MS Harris,LM Reece,0,0,,,,,,"",""
ball,1,76.6,Leicestershire,PSP Handscomb,MS Harris,LM Reece,0,0,,,,,,"",""
ball,1,77.1,Leicestershire,MS Harris,PSP Handscomb,AT Thomson,0,0,,,,,,"",""
ball,1,77.2,Leicestershire,MS Harris,PSP Handscomb,AT Thomson,0,0,,,,,,"",""
ball,1,77.3,Leicestershire,MS Harris,PSP Handscomb,AT Thomson,1,0,,,,,,"",""
ball,1,77.4,Leicestershire,PSP Handscomb,MS Harris,AT Thomson,4,0,,,,,,"",""
ball,1,77.5,Leicestershire,PSP Handscomb,MS Harris,AT Thomson,0,0,,,,,,"",""
ball,1,77.6,Leicestershire,PSP Handscomb,MS Harris,AT Thomson,0,0,,,,,,"",""
ball,1,78.1,Leicestershire,MS Harris,PSP Handscomb,LM Reece,0,0,,,,,,"",""
ball,1,78.2,Leicestershire,MS Harris,PSP Handscomb,LM Reece,0,0,,,,,,"",""
ball,1,78.3,Leicestershire,MS Harris,PSP Handscomb,LM Reece,0,0,,,,,,"",""
ball,1,78.4,Leicestershire,MS Harris,PSP Handscomb,LM Reece,1,0,,,,,,"",""
ball,1,78.5,Leicestershire,PSP Handscomb,MS Harris,LM Reece,0,0,,,,,,"",""
ball,1,78.6,Leicestershire,PSP Handscomb,MS Harris,LM Reece,0,0,,,,,,"",""
ball,1,79.1,Leicestershire,MS Harris,PSP Handscomb,AT Thomson,0,0,,,,,,"",""
ball,1,79.2,Leicestershire,MS Harris,PSP Handscomb,AT Thomson,1,0,,,,,,"",""
ball,1,79.3,Leicestershire,PSP Handscomb,MS Harris,AT Thomson,1,0,,,,,,"",""
ball,1,79.4,Leicestershire,MS Harris,PSP Handscomb,AT Thomson,4,0,,,,,,"",""
ball,1,79.5,Leicestershire,MS Harris,PSP Handscomb,AT Thomson,0,0,,,,,,"",""
ball,1,79.6,Leicestershire,MS Harris,PSP Handscomb,AT Thomson,0,0,,,,,,"",""
ball,1,80.1,Leicestershire,PSP Handscomb,MS Harris,S Conners,0,0,,,,,,"",""
ball,1,80.2,Leicestershire,PSP Handscomb,MS Harris,S Conners,4,0,,,,,,"",""
ball,1,80.3,Leicestershire,PSP Handscomb,MS Harris,S Conners,0,0,,,,,,"",""
ball,1,80.4,Leicestershire,PSP Handscomb,MS Harris,S Conners,0,0,,,,,,"",""
ball,1,80.5,Leicestershire,PSP Handscomb,MS Harris,S Conners,0,0,,,,,,"",""
ball,1,80.6,Leicestershire,PSP Handscomb,MS Harris,S Conners,0,0,,,,,,"",""
ball,1,81.1,Leicestershire,MS Harris,PSP Handscomb,BM Tickner,0,0,,,,,,"",""
ball,1,81.2,Leicestershire,MS Harris,PSP Handscomb,BM Tickner,0,0,,,,,,"",""
ball,1,81.3,Leicestershire,MS Harris,PSP Handscomb,BM Tickner,0,0,,,,,,"",""
ball,1,81.4,Leicestershire,MS Harris,PSP Handscomb,BM Tickner,0,1,,,,1,,"",""
ball,1,81.5,Leicestershire,PSP Handscomb,MS Harris,BM Tickner,0,0,,,,,,"",""
ball,1,81.6,Leicestershire,PSP Handscomb,MS Harris,BM Tickner,1,0,,,,,,"",""
ball,1,82.1,Leicestershire,PSP Handscomb,MS Harris,S Conners,0,0,,,,,,"",""
ball,1,82.2,Leicestershire,PSP Handscomb,MS Harris,S Conners,0,0,,,,,,"",""
ball,1,82.3,Leicestershire,PSP Handscomb,MS Harris,S Conners,0,0,,,,,,"",""
ball,1,82.4,Leicestershire,PSP Handscomb,MS Harris,S Conners,0,0,,,,,,"",""
ball,1,82.5,Leicestershire,PSP Handscomb,MS Harris,S Conners,0,0,,,,,,"",""
ball,1,82.6,Leicestershire,PSP Handscomb,MS Harris,S Conners,0,0,,,,,,"",""
ball,1,83.1,Leicestershire,MS Harris,PSP Handscomb,BM Tickner,1,0,,,,,,"",""
ball,1,83.2,Leicestershire,PSP Handscomb,MS Harris,BM Tickner,2,0,,,,,,"",""
ball,1,83.3,Leicestershire,PSP Handscomb,MS Harris,BM Tickner,1,0,,,,,,"",""
ball,1,83.4,Leicestershire,MS Harris,PSP Handscomb,BM Tickner,1,0,,,,,,"",""
ball,1,83.5,Leicestershire,PSP Handscomb,MS Harris,BM Tickner,0,0,,,,,,"",""
ball,1,83.6,Leicestershire,PSP Handscomb,MS Harris,BM Tickner,0,0,,,,,,"",""
ball,1,84.1,Leicestershire,MS Harris,PSP Handscomb,S Conners,1,0,,,,,,"",""
ball,1,84.2,Leicestershire,PSP Handscomb,MS Harris,S Conners,0,0,,,,,,"",""
ball,1,84.3,Leicestershire,PSP Handscomb,MS Harris,S Conners,0,0,,,,,,"",""
ball,1,84.4,Leicestershire,PSP Handscomb,MS Harris,S Conners,0,0,,,,,,"",""
ball,1,84.5,Leicestershire,PSP Handscomb,MS Harris,S Conners,6,0,,,,,,"",""
ball,1,84.6,Leicestershire,PSP Handscomb,MS Harris,S Conners,2,0,,,,,,"",""
ball,1,85.1,Leicestershire,MS Harris,PSP Handscomb,BM Tickner,1,0,,,,,,"",""
ball,1,85.2,Leicestershire,PSP Handscomb,MS Harris,BM Tickner,0,0,,,,,,lbw,PSP Handscomb
ball,1,85.3,Leicestershire,L Trevaskis,MS Harris,BM Tickner,0,0,,,,,,"",""
ball,1,85.4,Leicestershire,L Trevaskis,MS Harris,BM Tickner,0,0,,,,,,"",""
ball,1,85.5,Leicestershire,L Trevaskis,MS Harris,BM Tickner,0,0,,,,,,"",""
ball,1,85.6,Leicestershire,L Trevaskis,MS Harris,BM Tickner,4,0,,,,,,"",""
ball,1,86.1,Leicestershire,MS Harris,L Trevaskis,S Conners,1,0,,,,,,"",""
ball,1,86.2,Leicestershire,L Trevaskis,MS Harris,S Conners,4,0,,,,,,"",""
ball,1,86.3,Leicestershire,L Trevaskis,MS Harris,S Conners,0,0,,,,,,"",""
ball,1,86.4,Leicestershire,L Trevaskis,MS Harris,S Conners,0,0,,,,,,"",""
ball,1,86.5,Leicestershire,L Trevaskis,MS Harris,S Conners,0,0,,,,,,"",""
ball,1,86.6,Leicestershire,L Trevaskis,MS Harris,S Conners,2,0,,,,,,"",""
ball,1,87.1,Leicestershire,MS Harris,L Trevaskis,BM Tickner,2,0,,,,,,"",""
ball,1,87.2,Leicestershire,MS Harris,L Trevaskis,BM Tickner,0,0,,,,,,"",""
ball,1,87.3,Leicestershire,MS Harris,L Trevaskis,BM Tickner,1,0,,,,,,"",""
ball,1,87.4,Leicestershire,L Trevaskis,MS Harris,BM Tickner,0,0,,,,,,"",""
ball,1,87.5,Leicestershire,L Trevaskis,MS Harris,BM Tickner,1,0,,,,,,"",""
ball,1,87.6,Leicestershire,MS Harris,L Trevaskis,BM Tickner,0,0,,,,,,"",""
ball,1,88.1,Leicestershire,L Trevaskis,MS Harris,S Conners,0,0,,,,,,"",""
ball,1,88.2,Leicestershire,L Trevaskis,MS Harris,S Conners,1,0,,,,,,"",""
ball,1,88.3,Leicestershire,MS Harris,L Trevaskis,S Conners,2,0,,,,,,"",""
ball,1,88.4,Leicestershire,MS Harris,L Trevaskis,S Conners,1,0,,,,,,"",""
ball,1,88.5,Leicestershire,L Trevaskis,MS Harris,S Conners,4,0,,,,,,"",""
ball,1,88.6,Leicestershire,L Trevaskis,MS Harris,S Conners,0,0,,,,,,"",""
ball,1,89.1,Leicestershire,MS Harris,L Trevaskis,BM Tickner,0,0,,,,,,"",""
ball,1,89.2,Leicestershire,MS Harris,L Trevaskis,BM Tickner,0,0,,,,,,"",""
ball,1,89.3,Leicestershire,MS Harris,L Trevaskis,BM Tickner,0,0,,,,,,"",""
ball,1,89.4,Leicestershire,MS Harris,L Trevaskis,BM Tickner,0,0,,,,,,"",""
ball,1,89.5,Leicestershire,MS Harris,L Trevaskis,BM Tickner,4,0,,,,,,"",""
ball,1,89.6,Leicestershire,MS Harris,L Trevaskis,BM Tickner,0,0,,,,,,"",""
ball,1,90.1,Leicestershire,L Trevaskis,MS Harris,Anuj Dal,0,0,,,,,,"",""
ball,1,90.2,Leicestershire,L Trevaskis,MS Harris,Anuj Dal,0,0,,,,,,"",""
ball,1,90.3,Leicestershire,L Trevaskis,MS Harris,Anuj Dal,0,0,,,,,,"",""
ball,1,90.4,Leicestershire,L Trevaskis,MS Harris,Anuj Dal,1,0,,,,,,"",""
ball,1,90.5,Leicestershire,MS Harris,L Trevaskis,Anuj Dal,0,0,,,,,,"",""
ball,1,90.6,Leicestershire,MS Harris,L Trevaskis,Anuj Dal,1,0,,,,,,"",""
ball,1,91.1,Leicestershire,MS Harris,L Trevaskis,PR Brown,1,0,,,,,,"",""
ball,1,91.2,Leicestershire,L Trevaskis,MS Harris,PR Brown,0,0,,,,,,"",""
ball,1,91.3,Leicestershire,L Trevaskis,MS Harris,PR Brown,0,0,,,,,,"",""
ball,1,91.4,Leicestershire,L Trevaskis,MS Harris,PR Brown,0,0,,,,,,"",""
ball,1,91.5,Leicestershire,L Trevaskis,MS Harris,PR Brown,0,0,,,,,,"",""
ball,1,91.6,Leicestershire,L Trevaskis,MS Harris,PR Brown,0,0,,,,,,"",""
ball,1,92.1,Leicestershire,MS Harris,L Trevaskis,Anuj Dal,0,0,,,,,,"",""
ball,1,92.2,Leicestershire,MS Harris,L Trevaskis,Anuj Dal,4,0,,,,,,"",""
ball,1,92.3,Leicestershire,MS Harris,L Trevaskis,Anuj Dal,0,0,,,,,,"",""
ball,1,92.4,Leicestershire,MS Harris,L Trevaskis,Anuj Dal,1,0,,,,,,"",""
ball,1,92.5,Leicestershire,L Trevaskis,MS Harris,Anuj Dal,0,0,,,,,,"",""
ball,1,92.6,Leicestershire,L Trevaskis,MS Harris,Anuj Dal,4,0,,,,,,"",""
ball,1,93.1,Leicestershire,MS Harris,L Trevaskis,PR Brown,1,0,,,,,,"",""
ball,1,93.2,Leicestershire,L Trevaskis,MS Harris,PR Brown,0,0,,,,,,"",""
ball,1,93.3,Leicestershire,L Trevaskis,MS Harris,PR Brown,1,0,,,,,,"",""
ball,1,93.4,Leicestershire,MS Harris,L Trevaskis,PR Brown,0,0,,,,,,"",""
ball,1,93.5,Leicestershire,MS Harris,L Trevaskis,PR Brown,1,0,,,,,,"",""
ball,1,93.6,Leicestershire,L Trevaskis,MS Harris,PR Brown,0,0,,,,,,"",""
ball,1,94.1,Leicestershire,MS Harris,L Trevaskis,Anuj Dal,2,0,,,,,,"",""
ball,1,94.2,Leicestershire,MS Harris,L Trevaskis,Anuj Dal,0,0,,,,,,"",""
ball,1,94.3,Leicestershire,MS Harris,L Trevaskis,Anuj Dal,0,0,,,,,,"",""
ball,1,94.4,Leicestershire,MS Harris,L Trevaskis,Anuj Dal,2,0,,,,,,"",""
ball,1,94.5,Leicestershire,MS Harris,L Trevaskis,Anuj Dal,4,0,,,,,,"",""
ball,1,94.6,Leicestershire,MS Harris,L Trevaskis,Anuj Dal,1,0,,,,,,"",""
ball,1,95.1,Leicestershire,MS Harris,L Trevaskis,PR Brown,4,0,,,,,,"",""
ball,1,95.2,Leicestershire,MS Harris,L Trevaskis,PR Brown,2,0,,,,,,"",""
ball,1,95.3,Leicestershire,MS Harris,L Trevaskis,PR Brown,1,0,,,,,,"",""
ball,1,95.4,Leicestershire,L Trevaskis,MS Harris,PR Brown,0,0,,,,,,"",""
ball,1,95.5,Leicestershire,L Trevaskis,MS Harris,PR Brown,4,0,,,,,,"",""
ball,1,95.6,Leicestershire,L Trevaskis,MS Harris,PR Brown,0,0,,,,,,"",""
ball,1,96.1,Leicestershire,MS Harris,L Trevaskis,AT Thomson,0,0,,,,,,"",""
ball,1,96.2,Leicestershire,MS Harris,L Trevaskis,AT Thomson,1,0,,,,,,"",""
ball,1,96.3,Leicestershire,L Trevaskis,MS Harris,AT Thomson,1,0,,,,,,"",""
ball,1,96.4,Leicestershire,MS Harris,L Trevaskis,AT Thomson,6,0,,,,,,"",""
ball,1,96.5,Leicestershire,MS Harris,L Trevaskis,AT Thomson,1,0,,,,,,"",""
ball,1,96.6,Leicestershire,L Trevaskis,MS Harris,AT Thomson,0,0,,,,,,"",""
ball,1,97.1,Leicestershire,MS Harris,L Trevaskis,PR Brown,0,1,,,,1,,"",""
ball,1,97.2,Leicestershire,L Trevaskis,MS Harris,PR Brown,0,1,,,,1,,"",""
ball,1,97.3,Leicestershire,MS Harris,L Trevaskis,PR Brown,6,0,,,,,,"",""
ball,1,97.4,Leicestershire,MS Harris,L Trevaskis,PR Brown,0,0,,,,,,"",""
ball,1,97.5,Leicestershire,MS Harris,L Trevaskis,PR Brown,0,0,,,,,,"",""
ball,1,97.6,Leicestershire,MS Harris,L Trevaskis,PR Brown,0,0,,,,,,"",""
ball,1,98.1,Leicestershire,L Trevaskis,MS Harris,AT Thomson,0,0,,,,,,"",""
ball,1,98.2,Leicestershire,L Trevaskis,MS Harris,AT Thomson,0,0,,,,,,"",""
ball,1,98.3,Leicestershire,L Trevaskis,MS Harris,AT Thomson,0,0,,,,,,"",""
ball,1,98.4,Leicestershire,L Trevaskis,MS Harris,AT Thomson,1,0,,,,,,"",""
ball,1,98.5,Leicestershire,MS Harris,L Trevaskis,AT Thomson,0,0,,,,,,"",""
ball,1,98.6,Leicestershire,MS Harris,L Trevaskis,AT Thomson,1,0,,,,,,"",""
ball,1,99.1,Leicestershire,MS Harris,L Trevaskis,PR Brown,0,0,,,,,,bowled,MS Harris
ball,1,99.2,Leicestershire,OB Cox,L Trevaskis,PR Brown,0,0,,,,,,"",""
ball,1,99.3,Leicestershire,OB Cox,L Trevaskis,PR Brown,0,0,,,,,,"",""
ball,1,99.4,Leicestershire,OB Cox,L Trevaskis,PR Brown,1,0,,,,,,"",""
ball,1,99.5,Leicestershire,L Trevaskis,OB Cox,PR Brown,0,0,,,,,,"",""
ball,1,99.6,Leicestershire,L Trevaskis,OB Cox,PR Brown,0,0,,,,,,"",""
ball,1,100.1,Leicestershire,OB Cox,L Trevaskis,AT Thomson,0,0,,,,,,"",""
ball,1,100.2,Leicestershire,OB Cox,L Trevaskis,AT Thomson,0,0,,,,,,"",""
ball,1,100.3,Leicestershire,OB Cox,L Trevaskis,AT Thomson,0,0,,,,,,"",""
ball,1,100.4,Leicestershire,OB Cox,L Trevaskis,AT Thomson,0,0,,,,,,"",""
ball,1,100.5,Leicestershire,OB Cox,L Trevaskis,AT Thomson,1,0,,,,,,"",""
ball,1,100.6,Leicestershire,L Trevaskis,OB Cox,AT Thomson,0,0,,,,,,"",""
ball,1,101.1,Leicestershire,OB Cox,L Trevaskis,PR Brown,1,0,,,,,,"",""
ball,1,101.2,Leicestershire,L Trevaskis,OB Cox,PR Brown,4,0,,,,,,"",""
ball,1,101.3,Leicestershire,L Trevaskis,OB Cox,PR Brown,0,0,,,,,,"",""
ball,1,101.4,Leicestershire,L Trevaskis,OB Cox,PR Brown,0,0,,,,,,"",""
ball,1,101.5,Leicestershire,L Trevaskis,OB Cox,PR Brown,1,0,,,,,,"",""
ball,1,101.6,Leicestershire,OB Cox,L Trevaskis,PR Brown,1,0,,,,,,"",""
ball,1,102.1,Leicestershire,OB Cox,L Trevaskis,AT Thomson,0,0,,,,,,"",""
ball,1,102.2,Leicestershire,OB Cox,L Trevaskis,AT Thomson,0,0,,,,,,"",""
ball,1,102.3,Leicestershire,OB Cox,L Trevaskis,AT Thomson,0,0,,,,,,"",""
ball,1,102.4,Leicestershire,OB Cox,L Trevaskis,AT Thomson,0,0,,,,,,"",""
ball,1,102.5,Leicestershire,OB Cox,L Trevaskis,AT Thomson,1,0,,,,,,"",""
ball,1,102.6,Leicestershire,L Trevaskis,OB Cox,AT Thomson,0,0,,,,,,"",""
ball,1,103.1,Leicestershire,OB Cox,L Trevaskis,PR Brown,0,0,,,,,,"",""
ball,1,103.2,Leicestershire,OB Cox,L Trevaskis,PR Brown,2,0,,,,,,"",""
ball,1,103.3,Leicestershire,OB Cox,L Trevaskis,PR Brown,1,0,,,,,,"",""
ball,1,103.4,Leicestershire,L Trevaskis,OB Cox,PR Brown,3,0,,,,,,"",""
ball,1,103.5,Leicestershire,OB Cox,L Trevaskis,PR Brown,1,0,,,,,,"",""
ball,1,103.6,Leicestershire,L Trevaskis,OB Cox,PR Brown,0,0,,,,,,"",""
ball,1,104.1,Leicestershire,OB Cox,L Trevaskis,AT Thomson,0,0,,,,,,"",""
ball,1,104.2,Leicestershire,OB Cox,L Trevaskis,AT Thomson,0,0,,,,,,"",""
ball,1,104.3,Leicestershire,OB Cox,L Trevaskis,AT Thomson,1,0,,,,,,"",""
ball,1,104.4,Leicestershire,L Trevaskis,OB Cox,AT Thomson,0,0,,,,,,"",""
ball,1,104.5,Leicestershire,L Trevaskis,OB Cox,AT Thomson,0,0,,,,,,"",""
ball,1,104.6,Leicestershire,L Trevaskis,OB Cox,AT Thomson,0,0,,,,,,"",""
ball,1,105.1,Leicestershire,OB Cox,L Trevaskis,LM Reece,4,0,,,,,,"",""
ball,1,105.2,Leicestershire,OB Cox,L Trevaskis,LM Reece,0,0,,,,,,"",""
ball,1,105.3,Leicestershire,OB Cox,L Trevaskis,LM Reece,0,0,,,,,,"",""
ball,1,105.4,Leicestershire,OB Cox,L Trevaskis,LM Reece,4,0,,,,,,"",""
ball,1,105.5,Leicestershire,OB Cox,L Trevaskis,LM Reece,0,0,,,,,,"",""
ball,1,105.6,Leicestershire,OB Cox,L Trevaskis,LM Reece,1,0,,,,,,"",""
ball,1,106.1,Leicestershire,OB Cox,L Trevaskis,AT Thomson,1,0,,,,,,"",""
ball,1,106.2,Leicestershire,L Trevaskis,OB Cox,AT Thomson,0,0,,,,,,"",""
ball,1,106.3,Leicestershire,L Trevaskis,OB Cox,AT Thomson,2,0,,,,,,"",""
ball,1,106.4,Leicestershire,L Trevaskis,OB Cox,AT Thomson,0,0,,,,,,"",""
ball,1,106.5,Leicestershire,L Trevaskis,OB Cox,AT Thomson,0,0,,,,,,"",""
ball,1,106.6,Leicestershire,L Trevaskis,OB Cox,AT Thomson,0,0,,,,,,"",""
ball,1,107.1,Leicestershire,OB Cox,L Trevaskis,LM Reece,0,0,,,,,,"",""
ball,1,107.2,Leicestershire,OB Cox,L Trevaskis,LM Reece,0,0,,,,,,"",""
ball,1,107.3,Leicestershire,OB Cox,L Trevaskis,LM Reece,0,0,,,,,,"",""
ball,1,107.4,Leicestershire,OB Cox,L Trevaskis,LM Reece,0,0,,,,,,"",""
ball,1,107.5,Leicestershire,OB Cox,L Trevaskis,LM Reece,0,0,,,,,,"",""
ball,1,107.6,Leicestershire,OB Cox,L Trevaskis,LM Reece,0,0,,,,,,"",""
ball,1,108.1,Leicestershire,L Trevaskis,OB Cox,AT Thomson,0,0,,,,,,"",""
ball,1,108.2,Leicestershire,L Trevaskis,OB Cox,AT Thomson,1,0,,,,,,"",""
ball,1,108.3,Leicestershire,OB Cox,L Trevaskis,AT Thomson,1,0,,,,,,"",""
ball,1,108.4,Leicestershire,L Trevaskis,OB Cox,AT Thomson,0,0,,,,,,"",""
ball,1,108.5,Leicestershire,L Trevaskis,OB Cox,AT Thomson,0,0,,,,,,"",""
ball,1,108.6,Leicestershire,L Trevaskis,OB Cox,AT Thomson,1,0,,,,,,"",""
ball,1,109.1,Leicestershire,L Trevaskis,OB Cox,LM Reece,0,0,,,,,,"",""
ball,1,109.2,Leicestershire,L Trevaskis,OB Cox,LM Reece,0,0,,,,,,"",""
ball,1,109.3,Leicestershire,L Trevaskis,OB Cox,LM Reece,0,0,,,,,,"",""
ball,1,109.4,Leicestershire,L Trevaskis,OB Cox,LM Reece,0,0,,,,,,"",""
ball,1,109.5,Leicestershire,L Trevaskis,OB Cox,LM Reece,0,0,,,,,,"",""
ball,1,109.6,Leicestershire,L Trevaskis,OB Cox,LM Reece,0,0,,,,,,"",""
ball,1,110.1,Leicestershire,OB Cox,L Trevaskis,AT Thomson,0,0,,,,,,"",""
ball,1,110.2,Leicestershire,OB Cox,L Trevaskis,AT Thomson,1,0,,,,,,"",""
ball,1,110.3,Leicestershire,L Trevaskis,OB Cox,AT Thomson,0,0,,,,,,"",""
ball,1,110.4,Leicestershire,L Trevaskis,OB Cox,AT Thomson,0,0,,,,,,"",""
ball,1,110.5,Leicestershire,L Trevaskis,OB Cox,AT Thomson,0,0,,,,,,"",""
ball,1,110.6,Leicestershire,L Trevaskis,OB Cox,AT Thomson,0,0,,,,,,"",""
ball,1,111.1,Leicestershire,OB Cox,L Trevaskis,LM Reece,0,0,,,,,,"",""
ball,1,111.2,Leicestershire,OB Cox,L Trevaskis,LM Reece,0,0,,,,,,"",""
ball,1,111.3,Leicestershire,OB Cox,L Trevaskis,LM Reece,0,0,,,,,,"",""
ball,1,111.4,Leicestershire,OB Cox,L Trevaskis,LM Reece,0,0,,,,,,"",""
ball,1,111.5,Leicestershire,OB Cox,L Trevaskis,LM Reece,0,0,,,,,,"",""
ball,1,111.6,Leicestershire,OB Cox,L Trevaskis,LM Reece,0,0,,,,,,"",""
ball,1,112.1,Leicestershire,L Trevaskis,OB Cox,AT Thomson,0,0,,,,,,"",""
ball,1,112.2,Leicestershire,L Trevaskis,OB Cox,AT Thomson,1,0,,,,,,"",""
ball,1,112.3,Leicestershire,OB Cox,L Trevaskis,AT Thomson,0,0,,,,,,"",""
ball,1,112.4,Leicestershire,OB Cox,L Trevaskis,AT Thomson,1,0,,,,,,"",""
ball,1,112.5,Leicestershire,L Trevaskis,OB Cox,AT Thomson,0,0,,,,,,"",""
ball,1,112.6,Leicestershire,L Trevaskis,OB Cox,AT Thomson,1,0,,,,,,"",""
ball,1,113.1,Leicestershire,L Trevaskis,OB Cox,LM Reece,0,0,,,,,,"",""
ball,1,113.2,Leicestershire,L Trevaskis,OB Cox,LM Reece,0,0,,,,,,"",""
ball,1,113.3,Leicestershire,L Trevaskis,OB Cox,LM Reece,0,0,,,,,,"",""
ball,1,113.4,Leicestershire,L Trevaskis,OB Cox,LM Reece,0,0,,,,,,"",""
ball,1,113.5,Leicestershire,L Trevaskis,OB Cox,LM Reece,0,0,,,,,,"",""
ball,1,113.6,Leicestershire,L Trevaskis,OB Cox,LM Reece,0,0,,,,,,"",""
ball,1,114.1,Leicestershire,OB Cox,L Trevaskis,AT Thomson,0,0,,,,,,"",""
ball,1,114.2,Leicestershire,OB Cox,L Trevaskis,AT Thomson,6,0,,,,,,"",""
ball,1,114.3,Leicestershire,OB Cox,L Trevaskis,AT Thomson,0,0,,,,,,"",""
ball,1,114.4,Leicestershire,OB Cox,L Trevaskis,AT Thomson,1,0,,,,,,"",""
ball,1,114.5,Leicestershire,L Trevaskis,OB Cox,AT Thomson,0,0,,,,,,"",""
ball,1,114.6,Leicestershire,L Trevaskis,OB Cox,AT Thomson,0,0,,,,,,"",""
ball,1,115.1,Leicestershire,OB Cox,L Trevaskis,LM Reece,4,0,,,,,,"",""
ball,1,115.2,Leicestershire,OB Cox,L Trevaskis,LM Reece,1,0,,,,,,"",""
ball,1,115.3,Leicestershire,L Trevaskis,OB Cox,LM Reece,1,0,,,,,,"",""
ball,1,115.4,Leicestershire,OB Cox,L Trevaskis,LM Reece,0,0,,,,,,"",""
ball,1,115.5,Leicestershire,OB Cox,L Trevaskis,LM Reece,1,0,,,,,,"",""
ball,1,115.6,Leicestershire,L Trevaskis,OB Cox,LM Reece,0,0,,,,,,"",""
ball,1,116.1,Leicestershire,OB Cox,L Trevaskis,AT Thomson,1,0,,,,,,"",""
ball,1,116.2,Leicestershire,L Trevaskis,OB Cox,AT Thomson,1,0,,,,,,"",""
ball,1,116.3,Leicestershire,OB Cox,L Trevaskis,AT Thomson,2,0,,,,,,"",""
ball,1,116.4,Leicestershire,OB Cox,L Trevaskis,AT Thomson,1,0,,,,,,"",""
ball,1,116.5,Leicestershire,L Trevaskis,OB Cox,AT Thomson,1,0,,,,,,"",""
ball,1,116.6,Leicestershire,OB Cox,L Trevaskis,AT Thomson,1,0,,,,,,"",""
ball,1,117.1,Leicestershire,OB Cox,L Trevaskis,LM Reece,4,0,,,,,,"",""
ball,1,117.2,Leicestershire,OB Cox,L Trevaskis,LM Reece,1,0,,,,,,"",""
ball,1,117.3,Leicestershire,L Trevaskis,OB Cox,LM Reece,0,0,,,,,,"",""
ball,1,117.4,Leicestershire,L Trevaskis,OB Cox,LM Reece,2,0,,,,,,"",""
ball,1,117.5,Leicestershire,L Trevaskis,OB Cox,LM Reece,2,0,,,,,,"",""
ball,1,117.6,Leicestershire,L Trevaskis,OB Cox,LM Reece,0,0,,,,,,caught,L Trevaskis
ball,1,118.1,Leicestershire,OB Cox,BWM Mike,AT Thomson,0,0,,,,,,"",""
ball,1,118.2,Leicestershire,OB Cox,BWM Mike,AT Thomson,1,0,,,,,,"",""
ball,1,118.3,Leicestershire,BWM Mike,OB Cox,AT Thomson,1,0,,,,,,"",""
ball,1,118.4,Leicestershire,OB Cox,BWM Mike,AT Thomson,1,0,,,,,,"",""
ball,1,118.5,Leicestershire,BWM Mike,OB Cox,AT Thomson,0,0,,,,,,"",""
ball,1,118.6,Leicestershire,BWM Mike,OB Cox,AT Thomson,0,0,,,,,,"",""
ball,1,119.1,Leicestershire,OB Cox,BWM Mike,LM Reece,1,0,,,,,,"",""
ball,1,119.2,Leicestershire,BWM Mike,OB Cox,LM Reece,1,0,,,,,,"",""
ball,1,119.3,Leicestershire,OB Cox,BWM Mike,LM Reece,2,0,,,,,,"",""
ball,1,119.4,Leicestershire,OB Cox,BWM Mike,LM Reece,1,0,,,,,,"",""
ball,1,119.5,Leicestershire,BWM Mike,OB Cox,LM Reece,1,0,,,,,,"",""
ball,1,119.6,Leicestershire,OB Cox,BWM Mike,LM Reece,4,0,,,,,,"",""
ball,1,120.1,Leicestershire,BWM Mike,OB Cox,AT Thomson,1,0,,,,,,"",""
ball,1,120.2,Leicestershire,OB Cox,BWM Mike,AT Thomson,1,0,,,,,,"",""
ball,1,120.3,Leicestershire,BWM Mike,OB Cox,AT Thomson,4,0,,,,,,"",""
ball,1,120.4,Leicestershire,BWM Mike,OB Cox,AT Thomson,4,0,,,,,,"",""
ball,1,120.5,Leicestershire,BWM Mike,OB Cox,AT Thomson,1,0,,,,,,"",""
ball,1,120.6,Leicestershire,OB Cox,BWM Mike,AT Thomson,0,0,,,,,,"",""
ball,1,121.1,Leicestershire,BWM Mike,OB Cox,PR Brown,0,0,,,,,,"",""
ball,1,121.2,Leicestershire,BWM Mike,OB Cox,PR Brown,0,0,,,,,,"",""
ball,1,121.3,Leicestershire,BWM Mike,OB Cox,PR Brown,0,0,,,,,,"",""
ball,1,121.4,Leicestershire,BWM Mike,OB Cox,PR Brown,0,0,,,,,,"",""
ball,1,121.5,Leicestershire,BWM Mike,OB Cox,PR Brown,1,0,,,,,,"",""
ball,1,121.6,Leicestershire,OB Cox,BWM Mike,PR Brown,4,0,,,,,,"",""
ball,1,122.1,Leicestershire,BWM Mike,OB Cox,AT Thomson,1,0,,,,,,"",""
ball,1,122.2,Leicestershire,OB Cox,BWM Mike,AT Thomson,1,0,,,,,,"",""
ball,1,122.3,Leicestershire,BWM Mike,OB Cox,AT Thomson,0,0,,,,,,"",""
ball,1,122.4,Leicestershire,BWM Mike,OB Cox,AT Thomson,0,0,,,,,,"",""
ball,1,122.5,Leicestershire,BWM Mike,OB Cox,AT Thomson,1,0,,,,,,"",""
ball,1,122.6,Leicestershire,OB Cox,BWM Mike,AT Thomson,6,0,,,,,,"",""
ball,1,123.1,Leicestershire,BWM Mike,OB Cox,PR Brown,1,0,,,,,,"",""
ball,1,123.2,Leicestershire,OB Cox,BWM Mike,PR Brown,0,0,,,,,,"",""
ball,1,123.3,Leicestershire,OB Cox,BWM Mike,PR Brown,0,0,,,,,,"",""
ball,1,123.4,Leicestershire,OB Cox,BWM Mike,PR Brown,1,0,,,,,,"",""
ball,1,123.5,Leicestershire,BWM Mike,OB Cox,PR Brown,0,0,,,,,,"",""
ball,1,123.6,Leicestershire,BWM Mike,OB Cox,PR Brown,0,0,,,,,,"",""
ball,1,124.1,Leicestershire,OB Cox,BWM Mike,AT Thomson,0,0,,,,,,caught,OB Cox
ball,1,124.2,Leicestershire,BGF Green,BWM Mike,AT Thomson,0,0,,,,,,"",""
ball,1,124.3,Leicestershire,BGF Green,BWM Mike,AT Thomson,1,0,,,,,,"",""
ball,1,124.4,Leicestershire,BWM Mike,BGF Green,AT Thomson,0,0,,,,,,"",""
ball,1,124.5,Leicestershire,BWM Mike,BGF Green,AT Thomson,1,0,,,,,,"",""
ball,1,124.6,Leicestershire,BGF Green,BWM Mike,AT Thomson,6,0,,,,,,"",""
ball,1,125.1,Leicestershire,BWM Mike,BGF Green,PR Brown,1,0,,,,,,"",""
ball,1,125.2,Leicestershire,BGF Green,BWM Mike,PR Brown,0,0,,,,,,"",""
ball,1,125.3,Leicestershire,BGF Green,BWM Mike,PR Brown,0,0,,,,,,"",""
ball,1,125.4,Leicestershire,BGF Green,BWM Mike,PR Brown,0,0,,,,,,"",""
ball,1,125.5,Leicestershire,BGF Green,BWM Mike,PR Brown,1,0,,,,,,"",""
ball,1,125.6,Leicestershire,BWM Mike,BGF Green,PR Brown,2,0,,,,,,"",""
ball,1,126.1,Leicestershire,BGF Green,BWM Mike,AT Thomson,0,1,,,,1,,"",""
ball,1,126.2,Leicestershire,BWM Mike,BGF Green,AT Thomson,1,0,,,,,,"",""
ball,1,126.3,Leicestershire,BGF Green,BWM Mike,AT Thomson,1,0,,,,,,"",""
ball,1,126.4,Leicestershire,BWM Mike,BGF Green,AT Thomson,2,0,,,,,,"",""
ball,1,126.5,Leicestershire,BWM Mike,BGF Green,AT Thomson,0,0,,,,,,"",""
ball,1,126.6,Leicestershire,BWM Mike,BGF Green,AT Thomson,6,0,,,,,,"",""
ball,1,127.1,Leicestershire,BGF Green,BWM Mike,DL Lloyd,1,0,,,,,,"",""
ball,1,127.2,Leicestershire,BWM Mike,BGF Green,DL Lloyd,4,0,,,,,,"",""
ball,1,127.3,Leicestershire,BWM Mike,BGF Green,DL Lloyd,0,0,,,,,,"",""
ball,1,127.4,Leicestershire,BWM Mike,BGF Green,DL Lloyd,2,0,,,,,,"",""
ball,1,127.5,Leicestershire,BWM Mike,BGF Green,DL Lloyd,1,0,,,,,,"",""
ball,1,127.6,Leicestershire,BGF Green,BWM Mike,DL Lloyd,4,0,,,,,,"",""
ball,1,128.1,Leicestershire,BWM Mike,BGF Green,AT Thomson,1,0,,,,,,"",""
ball,1,128.2,Leicestershire,BGF Green,BWM Mike,AT Thomson,1,0,,,,,,"",""
ball,1,128.3,Leicestershire,BWM Mike,BGF Green,AT Thomson,1,0,,,,,,"",""
ball,1,128.4,Leicestershire,BGF Green,BWM Mike,AT Thomson,0,0,,,,,,"",""
ball,1,128.5,Leicestershire,BGF Green,BWM Mike,AT Thomson,1,0,,,,,,"",""
ball,1,128.6,Leicestershire,BWM Mike,BGF Green,AT Thomson,1,0,,,,,,"",""
ball,1,129.1,Leicestershire,BWM Mike,BGF Green,DL Lloyd,2,0,,,,,,"",""
ball,1,129.2,Leicestershire,BWM Mike,BGF Green,DL Lloyd,6,0,,,,,,"",""
ball,1,129.3,Leicestershire,BWM Mike,BGF Green,DL Lloyd,0,0,,,,,,"",""
ball,1,129.4,Leicestershire,BWM Mike,BGF Green,DL Lloyd,0,0,,,,,,"",""
ball,1,129.5,Leicestershire,BWM Mike,BGF Green,DL Lloyd,1,0,,,,,,"",""
ball,1,129.6,Leicestershire,BGF Green,BWM Mike,DL Lloyd,0,0,,,,,,"",""
ball,2,0.1,Derbyshire,HRC Came,LM Reece,TAR Scriven,0,0,,,,,,"",""
ball,2,0.2,Derbyshire,HRC Came,LM Reece,TAR Scriven,0,0,,,,,,"",""
ball,2,0.3,Derbyshire,HRC Came,LM Reece,TAR Scriven,0,0,,,,,,lbw,HRC Came
ball,2,0.4,Derbyshire,DL Lloyd,LM Reece,TAR Scriven,0,0,,,,,,"",""
ball,2,0.5,Derbyshire,DL Lloyd,LM Reece,TAR Scriven,1,0,,,,,,"",""
ball,2,0.6,Derbyshire,LM Reece,DL Lloyd,TAR Scriven,0,0,,,,,,"",""
ball,2,1.1,Derbyshire,DL Lloyd,LM Reece,BWM Mike,0,0,,,,,,"",""
ball,2,1.2,Derbyshire,DL Lloyd,LM Reece,BWM Mike,0,0,,,,,,"",""
ball,2,1.3,Derbyshire,DL Lloyd,LM Reece,BWM Mike,0,0,,,,,,"",""
ball,2,1.4,Derbyshire,DL Lloyd,LM Reece,BWM Mike,1,2,,2,,,,"",""
ball,2,1.5,Derbyshire,LM Reece,DL Lloyd,BWM Mike,0,0,,,,,,"",""
ball,2,1.6,Derbyshire,LM Reece,DL Lloyd,BWM Mike,0,0,,,,,,"",""
ball,2,1.7,Derbyshire,LM Reece,DL Lloyd,BWM Mike,0,0,,,,,,"",""
ball,2,2.1,Derbyshire,DL Lloyd,LM Reece,TAR Scriven,2,0,,,,,,"",""
ball,2,2.2,Derbyshire,DL Lloyd,LM Reece,TAR Scriven,0,0,,,,,,"",""
ball,2,2.3,Derbyshire,DL Lloyd,LM Reece,TAR Scriven,0,0,,,,,,"",""
ball,2,2.4,Derbyshire,DL Lloyd,LM Reece,TAR Scriven,0,0,,,,,,"",""
ball,2,2.5,Derbyshire,DL Lloyd,LM Reece,TAR Scriven,0,0,,,,,,"",""
ball,2,2.6,Derbyshire,DL Lloyd,LM Reece,TAR Scriven,0,0,,,,,,"",""
ball,2,3.1,Derbyshire,LM Reece,DL Lloyd,BWM Mike,0,0,,,,,,"",""
ball,2,3.2,Derbyshire,LM Reece,DL Lloyd,BWM Mike,4,0,,,,,,"",""
ball,2,3.3,Derbyshire,LM Reece,DL Lloyd,BWM Mike,0,0,,,,,,"",""
ball,2,3.4,Derbyshire,LM Reece,DL Lloyd,BWM Mike,0,0,,,,,,"",""
ball,2,3.5,Derbyshire,LM Reece,DL Lloyd,BWM Mike,0,0,,,,,,"",""
ball,2,3.6,Derbyshire,LM Reece,DL Lloyd,BWM Mike,0,0,,,,,,"",""
ball,2,4.1,Derbyshire,DL Lloyd,LM Reece,TAR Scriven,0,0,,,,,,"",""
ball,2,4.2,Derbyshire,DL Lloyd,LM Reece,TAR Scriven,0,0,,,,,,"",""
ball,2,4.3,Derbyshire,DL Lloyd,LM Reece,TAR Scriven,0,0,,,,,,"",""
ball,2,4.4,Derbyshire,DL Lloyd,LM Reece,TAR Scriven,0,0,,,,,,"",""
ball,2,4.5,Derbyshire,DL Lloyd,LM Reece,TAR Scriven,0,0,,,,,,"",""
ball,2,4.6,Derbyshire,DL Lloyd,LM Reece,TAR Scriven,1,0,,,,,,"",""
ball,2,5.1,Derbyshire,DL Lloyd,LM Reece,BWM Mike,1,0,,,,,,"",""
ball,2,5.2,Derbyshire,LM Reece,DL Lloyd,BWM Mike,0,0,,,,,,"",""
ball,2,5.3,Derbyshire,LM Reece,DL Lloyd,BWM Mike,0,0,,,,,,"",""
ball,2,5.4,Derbyshire,LM Reece,DL Lloyd,BWM Mike,0,0,,,,,,caught,LM Reece
ball,2,5.5,Derbyshire,WL Madsen,DL Lloyd,BWM Mike,0,0,,,,,,lbw,WL Madsen
ball,2,5.6,Derbyshire,BD Guest,DL Lloyd,BWM Mike,0,0,,,,,,"",""
ball,2,6.1,Derbyshire,DL Lloyd,BD Guest,TAR Scriven,2,0,,,,,,"",""
ball,2,6.2,Derbyshire,DL Lloyd,BD Guest,TAR Scriven,3,0,,,,,,"",""
ball,2,6.3,Derbyshire,BD Guest,DL Lloyd,TAR Scriven,0,0,,,,,,"",""
ball,2,6.4,Derbyshire,BD Guest,DL Lloyd,TAR Scriven,0,0,,,,,,"",""
ball,2,6.5,Derbyshire,BD Guest,DL Lloyd,TAR Scriven,0,0,,,,,,"",""
ball,2,6.6,Derbyshire,BD Guest,DL Lloyd,TAR Scriven,0,0,,,,,,"",""
ball,2,7.1,Derbyshire,DL Lloyd,BD Guest,BWM Mike,2,0,,,,,,"",""
ball,2,7.2,Derbyshire,DL Lloyd,BD Guest,BWM Mike,0,0,,,,,,"",""
ball,2,7.3,Derbyshire,DL Lloyd,BD Guest,BWM Mike,0,0,,,,,,"",""
ball,2,7.4,Derbyshire,DL Lloyd,BD Guest,BWM Mike,0,0,,,,,,"",""
ball,2,7.5,Derbyshire,DL Lloyd,BD Guest,BWM Mike,4,0,,,,,,"",""
ball,2,7.6,Derbyshire,DL Lloyd,BD Guest,BWM Mike,0,0,,,,,,"",""
ball,2,8.1,Derbyshire,BD Guest,DL Lloyd,TAR Scriven,0,0,,,,,,"",""
ball,2,8.2,Derbyshire,BD Guest,DL Lloyd,TAR Scriven,0,0,,,,,,"",""
ball,2,8.3,Derbyshire,BD Guest,DL Lloyd,TAR Scriven,0,0,,,,,,"",""
ball,2,8.4,Derbyshire,BD Guest,DL Lloyd,TAR Scriven,2,0,,,,,,"",""
ball,2,8.5,Derbyshire,BD Guest,DL Lloyd,TAR Scriven,0,0,,,,,,"",""
ball,2,8.6,Derbyshire,BD Guest,DL Lloyd,TAR Scriven,0,0,,,,,,"",""
ball,2,9.1,Derbyshire,DL Lloyd,BD Guest,BGF Green,4,0,,,,,,"",""
ball,2,9.2,Derbyshire,DL Lloyd,BD Guest,BGF Green,0,0,,,,,,"",""
ball,2,9.3,Derbyshire,DL Lloyd,BD Guest,BGF Green,0,0,,,,,,"",""
ball,2,9.4,Derbyshire,DL Lloyd,BD Guest,BGF Green,0,0,,,,,,"",""
ball,2,9.5,Derbyshire,DL Lloyd,BD Guest,BGF Green,1,0,,,,,,"",""
ball,2,9.6,Derbyshire,BD Guest,DL Lloyd,BGF Green,0,0,,,,,,"",""
ball,2,10.1,Derbyshire,DL Lloyd,BD Guest,TAR Scriven,2,0,,,,,,"",""
ball,2,10.2,Derbyshire,DL Lloyd,BD Guest,TAR Scriven,4,0,,,,,,"",""
ball,2,10.3,Derbyshire,DL Lloyd,BD Guest,TAR Scriven,0,0,,,,,,"",""
ball,2,10.4,Derbyshire,DL Lloyd,BD Guest,TAR Scriven,0,0,,,,,,"",""
ball,2,10.5,Derbyshire,DL Lloyd,BD Guest,TAR Scriven,0,0,,,,,,"",""
ball,2,10.6,Derbyshire,DL Lloyd,BD Guest,TAR Scriven,0,0,,,,,,"",""
ball,2,11.1,Derbyshire,BD Guest,DL Lloyd,BGF Green,0,0,,,,,,"",""
ball,2,11.2,Derbyshire,BD Guest,DL Lloyd,BGF Green,0,0,,,,,,"",""
ball,2,11.3,Derbyshire,BD Guest,DL Lloyd,BGF Green,0,0,,,,,,"",""
ball,2,11.4,Derbyshire,BD Guest,DL Lloyd,BGF Green,0,0,,,,,,"",""
ball,2,11.5,Derbyshire,BD Guest,DL Lloyd,BGF Green,0,0,,,,,,"",""
ball,2,11.6,Derbyshire,BD Guest,DL Lloyd,BGF Green,0,0,,,,,,"",""
ball,2,12.1,Derbyshire,DL Lloyd,BD Guest,SW Currie,0,0,,,,,,"",""
ball,2,12.2,Derbyshire,DL Lloyd,BD Guest,SW Currie,4,0,,,,,,"",""
ball,2,12.3,Derbyshire,DL Lloyd,BD Guest,SW Currie,0,0,,,,,,"",""
ball,2,12.4,Derbyshire,DL Lloyd,BD Guest,SW Currie,0,0,,,,,,"",""
ball,2,12.5,Derbyshire,DL Lloyd,BD Guest,SW Currie,0,0,,,,,,"",""
ball,2,12.6,Derbyshire,DL Lloyd,BD Guest,SW Currie,2,0,,,,,,"",""
ball,2,13.1,Derbyshire,BD Guest,DL Lloyd,BGF Green,0,0,,,,,,"",""
ball,2,13.2,Derbyshire,BD Guest,DL Lloyd,BGF Green,0,0,,,,,,"",""
ball,2,13.3,Derbyshire,BD Guest,DL Lloyd,BGF Green,0,0,,,,,,"",""
ball,2,13.4,Derbyshire,BD Guest,DL Lloyd,BGF Green,0,0,,,,,,"",""
ball,2,13.5,Derbyshire,BD Guest,DL Lloyd,BGF Green,0,0,,,,,,"",""
ball,2,13.6,Derbyshire,BD Guest,DL Lloyd,BGF Green,0,0,,,,,,"",""
ball,2,14.1,Derbyshire,DL Lloyd,BD Guest,SW Currie,0,0,,,,,,"",""
ball,2,14.2,Derbyshire,DL Lloyd,BD Guest,SW Currie,0,0,,,,,,"",""
ball,2,14.3,Derbyshire,DL Lloyd,BD Guest,SW Currie,0,1,,,,1,,"",""
ball,2,14.4,Derbyshire,BD Guest,DL Lloyd,SW Currie,0,0,,,,,,lbw,BD Guest
ball,2,14.5,Derbyshire,S Conners,DL Lloyd,SW Currie,0,4,,,,4,,"",""
ball,2,14.6,Derbyshire,S Conners,DL Lloyd,SW Currie,0,0,,,,,,"",""
ball,2,15.1,Derbyshire,DL Lloyd,S Conners,BGF Green,1,0,,,,,,"",""
ball,2,15.2,Derbyshire,S Conners,DL Lloyd,BGF Green,0,0,,,,,,"",""
ball,2,15.3,Derbyshire,S Conners,DL Lloyd,BGF Green,0,0,,,,,,"",""
ball,2,15.4,Derbyshire,S Conners,DL Lloyd,BGF Green,0,0,,,,,,"",""
ball,2,15.5,Derbyshire,S Conners,DL Lloyd,BGF Green,0,0,,,,,,"",""
ball,2,15.6,Derbyshire,S Conners,DL Lloyd,BGF Green,1,0,,,,,,"",""
ball,2,16.1,Derbyshire,S Conners,DL Lloyd,SW Currie,0,0,,,,,,"",""
ball,2,16.2,Derbyshire,S Conners,DL Lloyd,SW Currie,0,0,,,,,,"",""
ball,2,16.3,Derbyshire,S Conners,DL Lloyd,SW Currie,0,0,,,,,,"",""
ball,2,16.4,Derbyshire,S Conners,DL Lloyd,SW Currie,0,0,,,,,,"",""
ball,2,16.5,Derbyshire,S Conners,DL Lloyd,SW Currie,0,0,,,,,,"",""
ball,2,16.6,Derbyshire,S Conners,DL Lloyd,SW Currie,0,0,,,,,,"",""
ball,2,17.1,Derbyshire,DL Lloyd,S Conners,BGF Green,0,0,,,,,,"",""
ball,2,17.2,Derbyshire,DL Lloyd,S Conners,BGF Green,0,0,,,,,,"",""
ball,2,17.3,Derbyshire,DL Lloyd,S Conners,BGF Green,4,0,,,,,,"",""
ball,2,17.4,Derbyshire,DL Lloyd,S Conners,BGF Green,1,0,,,,,,"",""
ball,2,17.5,Derbyshire,S Conners,DL Lloyd,BGF Green,0,0,,,,,,"",""
ball,2,17.6,Derbyshire,S Conners,DL Lloyd,BGF Green,0,0,,,,,,"",""
ball,2,18.1,Derbyshire,DL Lloyd,S Conners,TAR Scriven,0,0,,,,,,"",""
ball,2,18.2,Derbyshire,DL Lloyd,S Conners,TAR Scriven,0,0,,,,,,"",""
ball,2,18.3,Derbyshire,DL Lloyd,S Conners,TAR Scriven,0,0,,,,,,"",""
ball,2,18.4,Derbyshire,DL Lloyd,S Conners,TAR Scriven,0,0,,,,,,"",""
ball,2,18.5,Derbyshire,DL Lloyd,S Conners,TAR Scriven,0,0,,,,,,"",""
ball,2,18.6,Derbyshire,DL Lloyd,S Conners,TAR Scriven,0,0,,,,,,"",""
ball,2,19.1,Derbyshire,S Conners,DL Lloyd,BWM Mike,0,0,,,,,,"",""
ball,2,19.2,Derbyshire,S Conners,DL Lloyd,BWM Mike,2,0,,,,,,"",""
ball,2,19.3,Derbyshire,S Conners,DL Lloyd,BWM Mike,0,0,,,,,,"",""
ball,2,19.4,Derbyshire,S Conners,DL Lloyd,BWM Mike,2,0,,,,,,"",""
ball,2,19.5,Derbyshire,DL Lloyd,S Conners,BWM Mike,0,0,,,,,,"",""
ball,2,19.6,Derbyshire,DL Lloyd,S Conners,BWM Mike,6,0,,,,,,"",""
ball,2,20.1,Derbyshire,S Conners,DL Lloyd,TAR Scriven,0,0,,,,,,"",""
ball,2,20.2,Derbyshire,S Conners,DL Lloyd,TAR Scriven,0,0,,,,,,"",""
ball,2,20.3,Derbyshire,S Conners,DL Lloyd,TAR Scriven,0,0,,,,,,lbw,S Conners
ball,2,20.4,Derbyshire,AHT Donald,DL Lloyd,TAR Scriven,4,0,,,,,,"",""
ball,2,20.5,Derbyshire,AHT Donald,DL Lloyd,TAR Scriven,0,0,,,,,,"",""
ball,2,20.6,Derbyshire,AHT Donald,DL Lloyd,TAR Scriven,0,0,,,,,,"",""
ball,2,21.1,Derbyshire,DL Lloyd,AHT Donald,BWM Mike,0,0,,,,,,"",""
ball,2,21.2,Derbyshire,DL Lloyd,AHT Donald,BWM Mike,0,0,,,,,,"",""
ball,2,21.3,Derbyshire,DL Lloyd,AHT Donald,BWM Mike,4,0,,,,,,"",""
ball,2,21.4,Derbyshire,DL Lloyd,AHT Donald,BWM Mike,0,0,,,,,,"",""
ball,2,21.5,Derbyshire,DL Lloyd,AHT Donald,BWM Mike,0,0,,,,,,"",""
ball,2,21.6,Derbyshire,DL Lloyd,AHT Donald,BWM Mike,4,0,,,,,,"",""
ball,2,22.1,Derbyshire,AHT Donald,DL Lloyd,TAR Scriven,0,0,,,,,,"",""
ball,2,22.2,Derbyshire,AHT Donald,DL Lloyd,TAR Scriven,0,0,,,,,,"",""
ball,2,22.3,Derbyshire,AHT Donald,DL Lloyd,TAR Scriven,0,0,,,,,,"",""
ball,2,22.4,Derbyshire,AHT Donald,DL Lloyd,TAR Scriven,0,0,,,,,,"",""
ball,2,22.5,Derbyshire,AHT Donald,DL Lloyd,TAR Scriven,0,0,,,,,,"",""
ball,2,22.6,Derbyshire,AHT Donald,DL Lloyd,TAR Scriven,0,0,,,,,,"",""
ball,2,23.1,Derbyshire,DL Lloyd,AHT Donald,BWM Mike,0,0,,,,,,"",""
ball,2,23.2,Derbyshire,DL Lloyd,AHT Donald,BWM Mike,0,0,,,,,,"",""
ball,2,23.3,Derbyshire,DL Lloyd,AHT Donald,BWM Mike,0,0,,,,,,"",""
ball,2,23.4,Derbyshire,DL Lloyd,AHT Donald,BWM Mike,0,0,,,,,,"",""
ball,2,23.5,Derbyshire,DL Lloyd,AHT Donald,BWM Mike,0,0,,,,,,"",""
ball,2,23.6,Derbyshire,DL Lloyd,AHT Donald,BWM Mike,0,0,,,,,,"",""
ball,2,24.1,Derbyshire,AHT Donald,DL Lloyd,TAR Scriven,0,0,,,,,,"",""
ball,2,24.2,Derbyshire,AHT Donald,DL Lloyd,TAR Scriven,0,0,,,,,,"",""
ball,2,24.3,Derbyshire,AHT Donald,DL Lloyd,TAR Scriven,1,0,,,,,,"",""
ball,2,24.4,Derbyshire,DL Lloyd,AHT Donald,TAR Scriven,0,0,,,,,,"",""
ball,2,24.5,Derbyshire,DL Lloyd,AHT Donald,TAR Scriven,0,0,,,,,,"",""
ball,2,24.6,Derbyshire,DL Lloyd,AHT Donald,TAR Scriven,0,0,,,,,,"",""
ball,2,25.1,Derbyshire,AHT Donald,DL Lloyd,BWM Mike,0,0,,,,,,"",""
ball,2,25.2,Derbyshire,AHT Donald,DL Lloyd,BWM Mike,0,0,,,,,,"",""
ball,2,25.3,Derbyshire,AHT Donald,DL Lloyd,BWM Mike,2,0,,,,,,"",""
ball,2,25.4,Derbyshire,AHT Donald,DL Lloyd,BWM Mike,0,0,,,,,,"",""
ball,2,25.5,Derbyshire,AHT Donald,DL Lloyd,BWM Mike,1,0,,,,,,"",""
ball,2,25.6,Derbyshire,DL Lloyd,AHT Donald,BWM Mike,0,0,,,,,,bowled,DL Lloyd
ball,2,26.1,Derbyshire,AHT Donald,Anuj Dal,TAR Scriven,0,0,,,,,,"",""
ball,2,26.2,Derbyshire,AHT Donald,Anuj Dal,TAR Scriven,0,0,,,,,,"",""
ball,2,26.3,Derbyshire,AHT Donald,Anuj Dal,TAR Scriven,0,0,,,,,,"",""
ball,2,26.4,Derbyshire,AHT Donald,Anuj Dal,TAR Scriven,0,0,,,,,,"",""
ball,2,26.5,Derbyshire,AHT Donald,Anuj Dal,TAR Scriven,0,0,,,,,,"",""
ball,2,26.6,Derbyshire,AHT Donald,Anuj Dal,TAR Scriven,0,0,,,,,,"",""
ball,2,27.1,Derbyshire,Anuj Dal,AHT Donald,BWM Mike,0,0,,,,,,"",""
ball,2,27.2,Derbyshire,Anuj Dal,AHT Donald,BWM Mike,0,0,,,,,,"",""
ball,2,27.3,Derbyshire,Anuj Dal,AHT Donald,BWM Mike,4,0,,,,,,"",""
ball,2,27.4,Derbyshire,Anuj Dal,AHT Donald,BWM Mike,0,0,,,,,,"",""
ball,2,27.5,Derbyshire,Anuj Dal,AHT Donald,BWM Mike,0,0,,,,,,"",""
ball,2,27.6,Derbyshire,Anuj Dal,AHT Donald,BWM Mike,0,0,,,,,,"",""
ball,2,28.1,Derbyshire,AHT Donald,Anuj Dal,SW Currie,0,0,,,,,,"",""
ball,2,28.2,Derbyshire,AHT Donald,Anuj Dal,SW Currie,4,0,,,,,,"",""
ball,2,28.3,Derbyshire,AHT Donald,Anuj Dal,SW Currie,1,0,,,,,,"",""
ball,2,28.4,Derbyshire,Anuj Dal,AHT Donald,SW Currie,4,0,,,,,,"",""
ball,2,28.5,Derbyshire,Anuj Dal,AHT Donald,SW Currie,0,0,,,,,,"",""
ball,2,28.6,Derbyshire,Anuj Dal,AHT Donald,SW Currie,1,0,,,,,,"",""
ball,2,29.1,Derbyshire,Anuj Dal,AHT Donald,BGF Green,0,0,,,,,,"",""
ball,2,29.2,Derbyshire,Anuj Dal,AHT Donald,BGF Green,2,0,,,,,,"",""
ball,2,29.3,Derbyshire,Anuj Dal,AHT Donald,BGF Green,1,0,,,,,,"",""
ball,2,29.4,Derbyshire,AHT Donald,Anuj Dal,BGF Green,0,0,,,,,,"",""
ball,2,29.5,Derbyshire,AHT Donald,Anuj Dal,BGF Green,1,0,,,,,,"",""
ball,2,29.6,Derbyshire,Anuj Dal,AHT Donald,BGF Green,0,0,,,,,,"",""
ball,2,30.1,Derbyshire,AHT Donald,Anuj Dal,SW Currie,0,0,,,,,,"",""
ball,2,30.2,Derbyshire,AHT Donald,Anuj Dal,SW Currie,1,0,,,,,,"",""
ball,2,30.3,Derbyshire,Anuj Dal,AHT Donald,SW Currie,0,0,,,,,,"",""
ball,2,30.4,Derbyshire,Anuj Dal,AHT Donald,SW Currie,0,0,,,,,,"",""
ball,2,30.5,Derbyshire,Anuj Dal,AHT Donald,SW Currie,0,0,,,,,,"",""
ball,2,30.6,Derbyshire,Anuj Dal,AHT Donald,SW Currie,4,0,,,,,,"",""
ball,2,31.1,Derbyshire,AHT Donald,Anuj Dal,BGF Green,0,0,,,,,,"",""
ball,2,31.2,Derbyshire,AHT Donald,Anuj Dal,BGF Green,0,0,,,,,,"",""
ball,2,31.3,Derbyshire,AHT Donald,Anuj Dal,BGF Green,4,0,,,,,,"",""
ball,2,31.4,Derbyshire,AHT Donald,Anuj Dal,BGF Green,1,0,,,,,,"",""
ball,2,31.5,Derbyshire,Anuj Dal,AHT Donald,BGF Green,0,0,,,,,,"",""
ball,2,31.6,Derbyshire,Anuj Dal,AHT Donald,BGF Green,0,0,,,,,,"",""
ball,2,32.1,Derbyshire,AHT Donald,Anuj Dal,SW Currie,1,0,,,,,,"",""
ball,2,32.2,Derbyshire,Anuj Dal,AHT Donald,SW Currie,0,0,,,,,,"",""
ball,2,32.3,Derbyshire,Anuj Dal,AHT Donald,SW Currie,0,0,,,,,,"",""
ball,2,32.4,Derbyshire,Anuj Dal,AHT Donald,SW Currie,3,0,,,,,,"",""
ball,2,32.5,Derbyshire,AHT Donald,Anuj Dal,SW Currie,4,0,,,,,,"",""
ball,2,32.6,Derbyshire,AHT Donald,Anuj Dal,SW Currie,0,0,,,,,,"",""
ball,2,33.1,Derbyshire,Anuj Dal,AHT Donald,BGF Green,0,0,,,,,,"",""
ball,2,33.2,Derbyshire,Anuj Dal,AHT Donald,BGF Green,0,0,,,,,,"",""
ball,2,33.3,Derbyshire,Anuj Dal,AHT Donald,BGF Green,0,0,,,,,,"",""
ball,2,33.4,Derbyshire,Anuj Dal,AHT Donald,BGF Green,1,0,,,,,,"",""
ball,2,33.5,Derbyshire,AHT Donald,Anuj Dal,BGF Green,0,0,,,,,,"",""
ball,2,33.6,Derbyshire,AHT Donald,Anuj Dal,BGF Green,1,0,,,,,,"",""
ball,2,34.1,Derbyshire,AHT Donald,Anuj Dal,SW Currie,0,0,,,,,,"",""
ball,2,34.2,Derbyshire,AHT Donald,Anuj Dal,SW Currie,0,0,,,,,,"",""
ball,2,34.3,Derbyshire,AHT Donald,Anuj Dal,SW Currie,4,0,,,,,,"",""
ball,2,34.4,Derbyshire,AHT Donald,Anuj Dal,SW Currie,1,0,,,,,,"",""
ball,2,34.5,Derbyshire,Anuj Dal,AHT Donald,SW Currie,0,0,,,,,,"",""
ball,2,34.6,Derbyshire,Anuj Dal,AHT Donald,SW Currie,1,0,,,,,,"",""
ball,2,35.1,Derbyshire,Anuj Dal,AHT Donald,BGF Green,1,0,,,,,,"",""
ball,2,35.2,Derbyshire,AHT Donald,Anuj Dal,BGF Green,2,0,,,,,,"",""
ball,2,35.3,Derbyshire,Anuj Dal,AHT Donald,BGF Green,0,0,,,,,,"",""
ball,2,35.4,Derbyshire,Anuj Dal,AHT Donald,BGF Green,0,0,,,,,,"",""
ball,2,35.5,Derbyshire,Anuj Dal,AHT Donald,BGF Green,4,0,,,,,,"",""
ball,2,35.6,Derbyshire,Anuj Dal,AHT Donald,BGF Green,1,0,,,,,,"",""
ball,2,36.1,Derbyshire,Anuj Dal,AHT Donald,SW Currie,0,0,,,,,,"",""
ball,2,36.2,Derbyshire,Anuj Dal,AHT Donald,SW Currie,3,0,,,,,,"",""
ball,2,36.3,Derbyshire,AHT Donald,Anuj Dal,SW Currie,4,0,,,,,,"",""
ball,2,36.4,Derbyshire,AHT Donald,Anuj Dal,SW Currie,0,0,,,,,,"",""
ball,2,36.5,Derbyshire,AHT Donald,Anuj Dal,SW Currie,0,0,,,,,,"",""
ball,2,36.6,Derbyshire,AHT Donald,Anuj Dal,SW Currie,4,0,,,,,,"",""
ball,2,37.1,Derbyshire,Anuj Dal,AHT Donald,TAR Scriven,0,0,,,,,,"",""
ball,2,37.2,Derbyshire,Anuj Dal,AHT Donald,TAR Scriven,0,0,,,,,,"",""
ball,2,37.3,Derbyshire,Anuj Dal,AHT Donald,TAR Scriven,0,0,,,,,,"",""
ball,2,37.4,Derbyshire,Anuj Dal,AHT Donald,TAR Scriven,0,0,,,,,,"",""
ball,2,37.5,Derbyshire,Anuj Dal,AHT Donald,TAR Scriven,0,0,,,,,,"",""
ball,2,37.6,Derbyshire,Anuj Dal,AHT Donald,TAR Scriven,0,0,,,,,,"",""
ball,2,38.1,Derbyshire,AHT Donald,Anuj Dal,L Trevaskis,4,0,,,,,,"",""
ball,2,38.2,Derbyshire,AHT Donald,Anuj Dal,L Trevaskis,0,0,,,,,,bowled,AHT Donald
ball,2,38.3,Derbyshire,AT Thomson,Anuj Dal,L Trevaskis,0,0,,,,,,"",""
ball,2,38.4,Derbyshire,AT Thomson,Anuj Dal,L Trevaskis,1,0,,,,,,"",""
ball,2,38.5,Derbyshire,Anuj Dal,AT Thomson,L Trevaskis,0,0,,,,,,"",""
ball,2,38.6,Derbyshire,Anuj Dal,AT Thomson,L Trevaskis,1,0,,,,,,"",""
ball,2,39.1,Derbyshire,Anuj Dal,AT Thomson,TAR Scriven,1,0,,,,,,"",""
ball,2,39.2,Derbyshire,AT Thomson,Anuj Dal,TAR Scriven,0,0,,,,,,"",""
ball,2,39.3,Derbyshire,AT Thomson,Anuj Dal,TAR Scriven,4,0,,,,,,"",""
ball,2,39.4,Derbyshire,AT Thomson,Anuj Dal,TAR Scriven,0,0,,,,,,"",""
ball,2,39.5,Derbyshire,AT Thomson,Anuj Dal,TAR Scriven,0,0,,,,,,"",""
ball,2,39.6,Derbyshire,AT Thomson,Anuj Dal,TAR Scriven,3,0,,,,,,"",""
ball,2,40.1,Derbyshire,AT Thomson,Anuj Dal,L Trevaskis,0,0,,,,,,"",""
ball,2,40.2,Derbyshire,AT Thomson,Anuj Dal,L Trevaskis,0,0,,,,,,"",""
ball,2,40.3,Derbyshire,AT Thomson,Anuj Dal,L Trevaskis,6,0,,,,,,"",""
ball,2,40.4,Derbyshire,AT Thomson,Anuj Dal,L Trevaskis,0,0,,,,,,"",""
ball,2,40.5,Derbyshire,AT Thomson,Anuj Dal,L Trevaskis,1,0,,,,,,"",""
ball,2,40.6,Derbyshire,Anuj Dal,AT Thomson,L Trevaskis,0,0,,,,,,"",""
ball,2,41.1,Derbyshire,AT Thomson,Anuj Dal,TAR Scriven,0,0,,,,,,caught,AT Thomson
ball,2,41.2,Derbyshire,BM Tickner,Anuj Dal,TAR Scriven,0,0,,,,,,"",""
ball,2,41.3,Derbyshire,BM Tickner,Anuj Dal,TAR Scriven,0,0,,,,,,"",""
ball,2,41.4,Derbyshire,BM Tickner,Anuj Dal,TAR Scriven,0,0,,,,,,"",""
ball,2,41.5,Derbyshire,BM Tickner,Anuj Dal,TAR Scriven,0,0,,,,,,"",""
ball,2,41.6,Derbyshire,BM Tickner,Anuj Dal,TAR Scriven,0,0,,,,,,"",""
ball,2,42.1,Derbyshire,Anuj Dal,BM Tickner,L Trevaskis,1,0,,,,,,"",""
ball,2,42.2,Derbyshire,BM Tickner,Anuj Dal,L Trevaskis,0,0,,,,,,"",""
ball,2,42.3,Derbyshire,BM Tickner,Anuj Dal,L Trevaskis,0,0,,,,,,"",""
ball,2,42.4,Derbyshire,BM Tickner,Anuj Dal,L Trevaskis,0,0,,,,,,"",""
ball,2,42.5,Derbyshire,BM Tickner,Anuj Dal,L Trevaskis,0,0,,,,,,"",""
ball,2,42.6,Derbyshire,BM Tickner,Anuj Dal,L Trevaskis,0,0,,,,,,"",""
ball,2,43.1,Derbyshire,Anuj Dal,BM Tickner,SW Currie,1,0,,,,,,"",""
ball,2,43.2,Derbyshire,BM Tickner,Anuj Dal,SW Currie,0,0,,,,,,"",""
ball,2,43.3,Derbyshire,BM Tickner,Anuj Dal,SW Currie,0,0,,,,,,"",""
ball,2,43.4,Derbyshire,BM Tickner,Anuj Dal,SW Currie,0,0,,,,,,"",""
ball,2,43.5,Derbyshire,BM Tickner,Anuj Dal,SW Currie,0,0,,,,,,caught,BM Tickner
ball,2,43.6,Derbyshire,PR Brown,Anuj Dal,SW Currie,0,0,,,,,,"",""
ball,2,44.1,Derbyshire,Anuj Dal,PR Brown,L Trevaskis,0,0,,,,,,"",""
ball,2,44.2,Derbyshire,Anuj Dal,PR Brown,L Trevaskis,0,0,,,,,,"",""
ball,2,44.3,Derbyshire,Anuj Dal,PR Brown,L Trevaskis,0,0,,,,,,"",""
ball,2,44.4,Derbyshire,Anuj Dal,PR Brown,L Trevaskis,0,0,,,,,,"",""
ball,2,44.5,Derbyshire,Anuj Dal,PR Brown,L Trevaskis,1,0,,,,,,"",""
ball,2,44.6,Derbyshire,PR Brown,Anuj Dal,L Trevaskis,0,0,,,,,,"",""
ball,2,45.1,Derbyshire,Anuj Dal,PR Brown,SW Currie,0,0,,,,,,"",""
ball,2,45.2,Derbyshire,Anuj Dal,PR Brown,SW Currie,0,0,,,,,,"",""
ball,2,45.3,Derbyshire,Anuj Dal,PR Brown,SW Currie,0,0,,,,,,"",""
ball,2,45.4,Derbyshire,Anuj Dal,PR Brown,SW Currie,0,0,,,,,,"",""
ball,2,45.5,Derbyshire,Anuj Dal,PR Brown,SW Currie,0,0,,,,,,"",""
ball,2,45.6,Derbyshire,Anuj Dal,PR Brown,SW Currie,0,0,,,,,,caught,Anuj Dal
ball,3,0.1,Derbyshire,HRC Came,LM Reece,TAR Scriven,0,0,,,,,,"",""
ball,3,0.2,Derbyshire,HRC Came,LM Reece,TAR Scriven,4,0,,,,,,"",""
ball,3,0.3,Derbyshire,HRC Came,LM Reece,TAR Scriven,0,0,,,,,,"",""
ball,3,0.4,Derbyshire,HRC Came,LM Reece,TAR Scriven,0,0,,,,,,"",""
ball,3,0.5,Derbyshire,HRC Came,LM Reece,TAR Scriven,0,0,,,,,,"",""
ball,3,0.6,Derbyshire,HRC Came,LM Reece,TAR Scriven,1,0,,,,,,"",""
ball,3,1.1,Derbyshire,HRC Came,LM Reece,BWM Mike,0,0,,,,,,"",""
ball,3,1.2,Derbyshire,HRC Came,LM Reece,BWM Mike,2,0,,,,,,"",""
ball,3,1.3,Derbyshire,HRC Came,LM Reece,BWM Mike,0,0,,,,,,"",""
ball,3,1.4,Derbyshire,HRC Came,LM Reece,BWM Mike,0,0,,,,,,"",""
ball,3,1.5,Derbyshire,HRC Came,LM Reece,BWM Mike,0,0,,,,,,"",""
ball,3,1.6,Derbyshire,HRC Came,LM Reece,BWM Mike,0,0,,,,,,"",""
ball,3,2.1,Derbyshire,LM Reece,HRC Came,TAR Scriven,0,0,,,,,,"",""
ball,3,2.2,Derbyshire,LM Reece,HRC Came,TAR Scriven,0,0,,,,,,"",""
ball,3,2.3,Derbyshire,LM Reece,HRC Came,TAR Scriven,0,0,,,,,,"",""
ball,3,2.4,Derbyshire,LM Reece,HRC Came,TAR Scriven,0,0,,,,,,"",""
ball,3,2.5,Derbyshire,LM Reece,HRC Came,TAR Scriven,0,0,,,,,,"",""
ball,3,2.6,Derbyshire,LM Reece,HRC Came,TAR Scriven,0,0,,,,,,"",""
ball,3,3.1,Derbyshire,HRC Came,LM Reece,BWM Mike,0,0,,,,,,"",""
ball,3,3.2,Derbyshire,HRC Came,LM Reece,BWM Mike,4,0,,,,,,"",""
ball,3,3.3,Derbyshire,HRC Came,LM Reece,BWM Mike,0,0,,,,,,"",""
ball,3,3.4,Derbyshire,HRC Came,LM Reece,BWM Mike,0,0,,,,,,"",""
ball,3,3.5,Derbyshire,HRC Came,LM Reece,BWM Mike,0,0,,,,,,"",""
ball,3,3.6,Derbyshire,HRC Came,LM Reece,BWM Mike,0,0,,,,,,"",""
ball,3,4.1,Derbyshire,LM Reece,HRC Came,TAR Scriven,0,0,,,,,,"",""
ball,3,4.2,Derbyshire,LM Reece,HRC Came,TAR Scriven,0,0,,,,,,"",""
ball,3,4.3,Derbyshire,LM Reece,HRC Came,TAR Scriven,0,0,,,,,,"",""
ball,3,4.4,Derbyshire,LM Reece,HRC Came,TAR Scriven,0,0,,,,,,"",""
ball,3,4.5,Derbyshire,LM Reece,HRC Came,TAR Scriven,1,0,,,,,,"",""
ball,3,4.6,Derbyshire,HRC Came,LM Reece,TAR Scriven,0,0,,,,,,"",""
ball,3,5.1,Derbyshire,LM Reece,HRC Came,BWM Mike,0,0,,,,,,"",""
ball,3,5.2,Derbyshire,LM Reece,HRC Came,BWM Mike,0,0,,,,,,"",""
ball,3,5.3,Derbyshire,LM Reece,HRC Came,BWM Mike,0,0,,,,,,"",""
ball,3,5.4,Derbyshire,LM Reece,HRC Came,BWM Mike,0,0,,,,,,"",""
ball,3,5.5,Derbyshire,LM Reece,HRC Came,BWM Mike,0,0,,,,,,"",""
ball,3,5.6,Derbyshire,LM Reece,HRC Came,BWM Mike,0,0,,,,,,"",""
ball,3,6.1,Derbyshire,HRC Came,LM Reece,TAR Scriven,0,0,,,,,,"",""
ball,3,6.2,Derbyshire,HRC Came,LM Reece,TAR Scriven,0,0,,,,,,"",""
ball,3,6.3,Derbyshire,HRC Came,LM Reece,TAR Scriven,0,0,,,,,,"",""
ball,3,6.4,Derbyshire,HRC Came,LM Reece,TAR Scriven,4,0,,,,,,"",""
ball,3,6.5,Derbyshire,HRC Came,LM Reece,TAR Scriven,0,0,,,,,,"",""
ball,3,6.6,Derbyshire,HRC Came,LM Reece,TAR Scriven,0,0,,,,,,"",""
ball,3,7.1,Derbyshire,LM Reece,HRC Came,BWM Mike,0,0,,,,,,"",""
ball,3,7.2,Derbyshire,LM Reece,HRC Came,BWM Mike,0,0,,,,,,"",""
ball,3,7.3,Derbyshire,LM Reece,HRC Came,BWM Mike,2,0,,,,,,"",""
ball,3,7.4,Derbyshire,LM Reece,HRC Came,BWM Mike,0,0,,,,,,"",""
ball,3,7.5,Derbyshire,LM Reece,HRC Came,BWM Mike,4,0,,,,,,"",""
ball,3,7.6,Derbyshire,LM Reece,HRC Came,BWM Mike,2,0,,,,,,"",""
ball,3,8.1,Derbyshire,HRC Came,LM Reece,BGF Green,4,0,,,,,,"",""
ball,3,8.2,Derbyshire,HRC Came,LM Reece,BGF Green,1,0,,,,,,"",""
ball,3,8.3,Derbyshire,LM Reece,HRC Came,BGF Green,2,0,,,,,,"",""
ball,3,8.4,Derbyshire,LM Reece,HRC Came,BGF Green,0,0,,,,,,"",""
ball,3,8.5,Derbyshire,LM Reece,HRC Came,BGF Green,0,0,,,,,,"",""
ball,3,8.6,Derbyshire,LM Reece,HRC Came,BGF Green,0,0,,,,,,"",""
ball,3,9.1,Derbyshire,HRC Came,LM Reece,BWM Mike,4,0,,,,,,"",""
ball,3,9.2,Derbyshire,HRC Came,LM Reece,BWM Mike,1,0,,,,,,"",""
ball,3,9.3,Derbyshire,LM Reece,HRC Came,BWM Mike,0,0,,,,,,"",""
ball,3,9.4,Derbyshire,LM Reece,HRC Came,BWM Mike,0,0,,,,,,"",""
ball,3,9.5,Derbyshire,LM Reece,HRC Came,BWM Mike,0,0,,,,,,"",""
ball,3,9.6,Derbyshire,LM Reece,HRC Came,BWM Mike,0,0,,,,,,"",""
ball,3,10.1,Derbyshire,HRC Came,LM Reece,BGF Green,0,0,,,,,,"",""
ball,3,10.2,Derbyshire,HRC Came,LM Reece,BGF Green,1,0,,,,,,"",""
ball,3,10.3,Derbyshire,LM Reece,HRC Came,BGF Green,0,0,,,,,,"",""
ball,3,10.4,Derbyshire,LM Reece,HRC Came,BGF Green,0,0,,,,,,"",""
ball,3,10.5,Derbyshire,LM Reece,HRC Came,BGF Green,0,0,,,,,,"",""
ball,3,10.6,Derbyshire,LM Reece,HRC Came,BGF Green,0,0,,,,,,"",""
ball,3,11.1,Derbyshire,HRC Came,LM Reece,TAR Scriven,0,0,,,,,,"",""
ball,3,11.2,Derbyshire,HRC Came,LM Reece,TAR Scriven,0,0,,,,,,"",""
ball,3,11.3,Derbyshire,HRC Came,LM Reece,TAR Scriven,0,0,,,,,,"",""
ball,3,11.4,Derbyshire,HRC Came,LM Reece,TAR Scriven,1,0,,,,,,"",""
ball,3,11.5,Derbyshire,LM Reece,HRC Came,TAR Scriven,0,0,,,,,,"",""
ball,3,11.6,Derbyshire,LM Reece,HRC Came,TAR Scriven,0,0,,,,,,"",""
ball,3,12.1,Derbyshire,HRC Came,LM Reece,BGF Green,0,0,,,,,,"",""
ball,3,12.2,Derbyshire,HRC Came,LM Reece,BGF Green,2,0,,,,,,"",""
ball,3,12.3,Derbyshire,HRC Came,LM Reece,BGF Green,1,0,,,,,,"",""
ball,3,12.4,Derbyshire,LM Reece,HRC Came,BGF Green,0,0,,,,,,"",""
ball,3,12.5,Derbyshire,LM Reece,HRC Came,BGF Green,0,0,,,,,,"",""
ball,3,12.6,Derbyshire,LM Reece,HRC Came,BGF Green,0,0,,,,,,"",""
ball,3,13.1,Derbyshire,HRC Came,LM Reece,TAR Scriven,0,0,,,,,,"",""
ball,3,13.2,Derbyshire,HRC Came,LM Reece,TAR Scriven,1,0,,,,,,"",""
ball,3,13.3,Derbyshire,LM Reece,HRC Came,TAR Scriven,0,0,,,,,,"",""
ball,3,13.4,Derbyshire,LM Reece,HRC Came,TAR Scriven,1,0,,,,,,"",""
ball,3,13.5,Derbyshire,HRC Came,LM Reece,TAR Scriven,0,0,,,,,,"",""
ball,3,13.6,Derbyshire,HRC Came,LM Reece,TAR Scriven,0,0,,,,,,"",""
ball,3,14.1,Derbyshire,LM Reece,HRC Came,BGF Green,0,0,,,,,,"",""
ball,3,14.2,Derbyshire,LM Reece,HRC Came,BGF Green,0,0,,,,,,"",""
ball,3,14.3,Derbyshire,LM Reece,HRC Came,BGF Green,0,0,,,,,,"",""
ball,3,14.4,Derbyshire,LM Reece,HRC Came,BGF Green,0,0,,,,,,"",""
ball,3,14.5,Derbyshire,LM Reece,HRC Came,BGF Green,0,0,,,,,,"",""
ball,3,14.6,Derbyshire,LM Reece,HRC Came,BGF Green,0,0,,,,,,"",""
ball,3,15.1,Derbyshire,HRC Came,LM Reece,TAR Scriven,0,0,,,,,,"",""
ball,3,15.2,Derbyshire,HRC Came,LM Reece,TAR Scriven,1,0,,,,,,"",""
ball,3,15.3,Derbyshire,LM Reece,HRC Came,TAR Scriven,0,0,,,,,,"",""
ball,3,15.4,Derbyshire,LM Reece,HRC Came,TAR Scriven,0,4,,,,4,,"",""
ball,3,15.5,Derbyshire,LM Reece,HRC Came,TAR Scriven,4,0,,,,,,"",""
ball,3,15.6,Derbyshire,LM Reece,HRC Came,TAR Scriven,0,0,,,,,,"",""
ball,3,16.1,Derbyshire,HRC Came,LM Reece,BGF Green,0,0,,,,,,"",""
ball,3,16.2,Derbyshire,HRC Came,LM Reece,BGF Green,0,0,,,,,,"",""
ball,3,16.3,Derbyshire,HRC Came,LM Reece,BGF Green,0,0,,,,,,"",""
ball,3,16.4,Derbyshire,HRC Came,LM Reece,BGF Green,0,0,,,,,,"",""
ball,3,16.5,Derbyshire,HRC Came,LM Reece,BGF Green,0,0,,,,,,"",""
ball,3,16.6,Derbyshire,HRC Came,LM Reece,BGF Green,0,0,,,,,,"",""
ball,3,17.1,Derbyshire,LM Reece,HRC Came,TAR Scriven,0,0,,,,,,"",""
ball,3,17.2,Derbyshire,LM Reece,HRC Came,TAR Scriven,0,0,,,,,,"",""
ball,3,17.3,Derbyshire,LM Reece,HRC Came,TAR Scriven,0,0,,,,,,"",""
ball,3,17.4,Derbyshire,LM Reece,HRC Came,TAR Scriven,0,0,,,,,,"",""
ball,3,17.5,Derbyshire,LM Reece,HRC Came,TAR Scriven,0,0,,,,,,"",""
ball,3,17.6,Derbyshire,LM Reece,HRC Came,TAR Scriven,0,0,,,,,,"",""
ball,3,18.1,Derbyshire,HRC Came,LM Reece,BGF Green,0,0,,,,,,"",""
ball,3,18.2,Derbyshire,HRC Came,LM Reece,BGF Green,0,0,,,,,,"",""
ball,3,18.3,Derbyshire,HRC Came,LM Reece,BGF Green,0,0,,,,,,"",""
ball,3,18.4,Derbyshire,HRC Came,LM Reece,BGF Green,0,0,,,,,,"",""
ball,3,18.5,Derbyshire,HRC Came,LM Reece,BGF Green,0,0,,,,,,"",""
ball,3,18.6,Derbyshire,HRC Came,LM Reece,BGF Green,1,0,,,,,,"",""
ball,3,19.1,Derbyshire,HRC Came,LM Reece,SW Currie,0,0,,,,,,"",""
ball,3,19.2,Derbyshire,HRC Came,LM Reece,SW Currie,0,0,,,,,,"",""
ball,3,19.3,Derbyshire,HRC Came,LM Reece,SW Currie,4,0,,,,,,"",""
ball,3,19.4,Derbyshire,HRC Came,LM Reece,SW Currie,0,0,,,,,,"",""
ball,3,19.5,Derbyshire,HRC Came,LM Reece,SW Currie,0,0,,,,,,"",""
ball,3,19.6,Derbyshire,HRC Came,LM Reece,SW Currie,0,0,,,,,,lbw,HRC Came
ball,3,20.1,Derbyshire,LM Reece,DL Lloyd,BWM Mike,0,0,,,,,,"",""
ball,3,20.2,Derbyshire,LM Reece,DL Lloyd,BWM Mike,0,0,,,,,,"",""
ball,3,20.3,Derbyshire,LM Reece,DL Lloyd,BWM Mike,4,0,,,,,,"",""
ball,3,20.4,Derbyshire,LM Reece,DL Lloyd,BWM Mike,0,0,,,,,,"",""
ball,3,20.5,Derbyshire,LM Reece,DL Lloyd,BWM Mike,4,0,,,,,,"",""
ball,3,20.6,Derbyshire,LM Reece,DL Lloyd,BWM Mike,4,0,,,,,,"",""
ball,3,21.1,Derbyshire,DL Lloyd,LM Reece,SW Currie,0,2,,2,,,,"",""
ball,3,21.2,Derbyshire,DL Lloyd,LM Reece,SW Currie,0,0,,,,,,"",""
ball,3,21.3,Derbyshire,DL Lloyd,LM Reece,SW Currie,0,0,,,,,,"",""
ball,3,21.4,Derbyshire,DL Lloyd,LM Reece,SW Currie,0,1,,,,1,,"",""
ball,3,21.5,Derbyshire,LM Reece,DL Lloyd,SW Currie,0,0,,,,,,lbw,LM Reece
ball,3,21.6,Derbyshire,WL Madsen,DL Lloyd,SW Currie,0,0,,,,,,"",""
ball,3,21.7,Derbyshire,WL Madsen,DL Lloyd,SW Currie,0,0,,,,,,"",""
ball,3,22.1,Derbyshire,DL Lloyd,WL Madsen,BWM Mike,0,0,,,,,,"",""
ball,3,22.2,Derbyshire,DL Lloyd,WL Madsen,BWM Mike,0,0,,,,,,"",""
ball,3,22.3,Derbyshire,DL Lloyd,WL Madsen,BWM Mike,0,0,,,,,,"",""
ball,3,22.4,Derbyshire,DL Lloyd,WL Madsen,BWM Mike,0,0,,,,,,"",""
ball,3,22.5,Derbyshire,DL Lloyd,WL Madsen,BWM Mike,0,0,,,,,,"",""
ball,3,22.6,Derbyshire,DL Lloyd,WL Madsen,BWM Mike,0,0,,,,,,"",""
ball,3,23.1,Derbyshire,WL Madsen,DL Lloyd,SW Currie,0,0,,,,,,"",""
ball,3,23.2,Derbyshire,WL Madsen,DL Lloyd,SW Currie,1,0,,,,,,"",""
ball,3,23.3,Derbyshire,DL Lloyd,WL Madsen,SW Currie,0,0,,,,,,"",""
ball,3,23.4,Derbyshire,DL Lloyd,WL Madsen,SW Currie,0,0,,,,,,"",""
ball,3,23.5,Derbyshire,DL Lloyd,WL Madsen,SW Currie,0,0,,,,,,"",""
ball,3,23.6,Derbyshire,DL Lloyd,WL Madsen,SW Currie,1,0,,,,,,"",""
ball,3,24.1,Derbyshire,DL Lloyd,WL Madsen,BWM Mike,0,0,,,,,,"",""
ball,3,24.2,Derbyshire,DL Lloyd,WL Madsen,BWM Mike,0,0,,,,,,"",""
ball,3,24.3,Derbyshire,DL Lloyd,WL Madsen,BWM Mike,0,0,,,,,,"",""
ball,3,24.4,Derbyshire,DL Lloyd,WL Madsen,BWM Mike,0,0,,,,,,"",""
ball,3,24.5,Derbyshire,DL Lloyd,WL Madsen,BWM Mike,4,0,,,,,,"",""
ball,3,24.6,Derbyshire,DL Lloyd,WL Madsen,BWM Mike,0,0,,,,,,"",""
ball,3,25.1,Derbyshire,WL Madsen,DL Lloyd,SW Currie,0,0,,,,,,"",""
ball,3,25.2,Derbyshire,WL Madsen,DL Lloyd,SW Currie,1,0,,,,,,"",""
ball,3,25.3,Derbyshire,DL Lloyd,WL Madsen,SW Currie,0,0,,,,,,"",""
ball,3,25.4,Derbyshire,DL Lloyd,WL Madsen,SW Currie,0,0,,,,,,"",""
ball,3,25.5,Derbyshire,DL Lloyd,WL Madsen,SW Currie,0,0,,,,,,bowled,DL Lloyd
ball,3,25.6,Derbyshire,BD Guest,WL Madsen,SW Currie,0,0,,,,,,"",""
ball,3,26.1,Derbyshire,WL Madsen,BD Guest,BWM Mike,0,0,,,,,,"",""
ball,3,26.2,Derbyshire,WL Madsen,BD Guest,BWM Mike,0,0,,,,,,"",""
ball,3,26.3,Derbyshire,WL Madsen,BD Guest,BWM Mike,0,0,,,,,,"",""
ball,3,26.4,Derbyshire,WL Madsen,BD Guest,BWM Mike,0,0,,,,,,"",""
ball,3,26.5,Derbyshire,WL Madsen,BD Guest,BWM Mike,4,0,,,,,,"",""
ball,3,26.6,Derbyshire,WL Madsen,BD Guest,BWM Mike,0,0,,,,,,"",""
ball,3,27.1,Derbyshire,BD Guest,WL Madsen,SW Currie,0,0,,,,,,"",""
ball,3,27.2,Derbyshire,BD Guest,WL Madsen,SW Currie,4,0,,,,,,"",""
ball,3,27.3,Derbyshire,BD Guest,WL Madsen,SW Currie,0,0,,,,,,"",""
ball,3,27.4,Derbyshire,BD Guest,WL Madsen,SW Currie,0,0,,,,,,"",""
ball,3,27.5,Derbyshire,BD Guest,WL Madsen,SW Currie,0,0,,,,,,"",""
ball,3,27.6,Derbyshire,BD Guest,WL Madsen,SW Currie,0,2,,2,,,,"",""
ball,3,27.7,Derbyshire,BD Guest,WL Madsen,SW Currie,0,0,,,,,,"",""
ball,3,28.1,Derbyshire,WL Madsen,BD Guest,BGF Green,0,0,,,,,,"",""
ball,3,28.2,Derbyshire,WL Madsen,BD Guest,BGF Green,0,0,,,,,,"",""
ball,3,28.3,Derbyshire,WL Madsen,BD Guest,BGF Green,0,0,,,,,,"",""
ball,3,28.4,Derbyshire,WL Madsen,BD Guest,BGF Green,0,0,,,,,,"",""
ball,3,28.5,Derbyshire,WL Madsen,BD Guest,BGF Green,0,0,,,,,,"",""
ball,3,28.6,Derbyshire,WL Madsen,BD Guest,BGF Green,0,0,,,,,,"",""
ball,3,29.1,Derbyshire,BD Guest,WL Madsen,SW Currie,0,0,,,,,,"",""
ball,3,29.2,Derbyshire,BD Guest,WL Madsen,SW Currie,0,0,,,,,,"",""
ball,3,29.3,Derbyshire,BD Guest,WL Madsen,SW Currie,0,0,,,,,,"",""
ball,3,29.4,Derbyshire,BD Guest,WL Madsen,SW Currie,0,0,,,,,,"",""
ball,3,29.5,Derbyshire,BD Guest,WL Madsen,SW Currie,0,0,,,,,,"",""
ball,3,29.6,Derbyshire,BD Guest,WL Madsen,SW Currie,1,0,,,,,,"",""
ball,3,30.1,Derbyshire,BD Guest,WL Madsen,L Trevaskis,0,0,,,,,,"",""
ball,3,30.2,Derbyshire,BD Guest,WL Madsen,L Trevaskis,0,0,,,,,,"",""
ball,3,30.3,Derbyshire,BD Guest,WL Madsen,L Trevaskis,0,0,,,,,,"",""
ball,3,30.4,Derbyshire,BD Guest,WL Madsen,L Trevaskis,0,0,,,,,,"",""
ball,3,30.5,Derbyshire,BD Guest,WL Madsen,L Trevaskis,0,0,,,,,,"",""
ball,3,30.6,Derbyshire,BD Guest,WL Madsen,L Trevaskis,0,0,,,,,,lbw,BD Guest
ball,3,31.1,Derbyshire,WL Madsen,AHT Donald,BGF Green,1,0,,,,,,"",""
ball,3,31.2,Derbyshire,AHT Donald,WL Madsen,BGF Green,0,0,,,,,,"",""
ball,3,31.3,Derbyshire,AHT Donald,WL Madsen,BGF Green,1,0,,,,,,"",""
ball,3,31.4,Derbyshire,WL Madsen,AHT Donald,BGF Green,0,0,,,,,,"",""
ball,3,31.5,Derbyshire,WL Madsen,AHT Donald,BGF Green,0,0,,,,,,"",""
ball,3,31.6,Derbyshire,WL Madsen,AHT Donald,BGF Green,0,0,,,,,,"",""
ball,3,32.1,Derbyshire,AHT Donald,WL Madsen,L Trevaskis,0,0,,,,,,"",""
ball,3,32.2,Derbyshire,AHT Donald,WL Madsen,L Trevaskis,1,0,,,,,,"",""
ball,3,32.3,Derbyshire,WL Madsen,AHT Donald,L Trevaskis,0,0,,,,,,"",""
ball,3,32.4,Derbyshire,WL Madsen,AHT Donald,L Trevaskis,0,0,,,,,,"",""
ball,3,32.5,Derbyshire,WL Madsen,AHT Donald,L Trevaskis,1,0,,,,,,"",""
ball,3,32.6,Derbyshire,AHT Donald,WL Madsen,L Trevaskis,0,0,,,,,,"",""
ball,3,33.1,Derbyshire,WL Madsen,AHT Donald,TAR Scriven,0,0,,,,,,"",""
ball,3,33.2,Derbyshire,WL Madsen,AHT Donald,TAR Scriven,0,0,,,,,,"",""
ball,3,33.3,Derbyshire,WL Madsen,AHT Donald,TAR Scriven,0,0,,,,,,"",""
ball,3,33.4,Derbyshire,WL Madsen,AHT Donald,TAR Scriven,0,0,,,,,,"",""
ball,3,33.5,Derbyshire,WL Madsen,AHT Donald,TAR Scriven,0,0,,,,,,"",""
ball,3,33.6,Derbyshire,WL Madsen,AHT Donald,TAR Scriven,4,0,,,,,,"",""
ball,3,34.1,Derbyshire,AHT Donald,WL Madsen,L Trevaskis,0,0,,,,,,"",""
ball,3,34.2,Derbyshire,AHT Donald,WL Madsen,L Trevaskis,0,0,,,,,,"",""
ball,3,34.3,Derbyshire,AHT Donald,WL Madsen,L Trevaskis,0,0,,,,,,"",""
ball,3,34.4,Derbyshire,AHT Donald,WL Madsen,L Trevaskis,0,0,,,,,,"",""
ball,3,34.5,Derbyshire,AHT Donald,WL Madsen,L Trevaskis,0,0,,,,,,"",""
ball,3,34.6,Derbyshire,AHT Donald,WL Madsen,L Trevaskis,4,0,,,,,,"",""
ball,3,35.1,Derbyshire,WL Madsen,AHT Donald,TAR Scriven,1,0,,,,,,"",""
ball,3,35.2,Derbyshire,AHT Donald,WL Madsen,TAR Scriven,0,0,,,,,,"",""
ball,3,35.3,Derbyshire,AHT Donald,WL Madsen,TAR Scriven,0,0,,,,,,"",""
ball,3,35.4,Derbyshire,AHT Donald,WL Madsen,TAR Scriven,0,0,,,,,,"",""
ball,3,35.5,Derbyshire,AHT Donald,WL Madsen,TAR Scriven,2,0,,,,,,"",""
ball,3,35.6,Derbyshire,AHT Donald,WL Madsen,TAR Scriven,4,0,,,,,,"",""
ball,3,36.1,Derbyshire,WL Madsen,AHT Donald,L Trevaskis,0,0,,,,,,"",""
ball,3,36.2,Derbyshire,WL Madsen,AHT Donald,L Trevaskis,1,0,,,,,,"",""
ball,3,36.3,Derbyshire,AHT Donald,WL Madsen,L Trevaskis,4,0,,,,,,"",""
ball,3,36.4,Derbyshire,AHT Donald,WL Madsen,L Trevaskis,1,0,,,,,,"",""
ball,3,36.5,Derbyshire,WL Madsen,AHT Donald,L Trevaskis,0,0,,,,,,"",""
ball,3,36.6,Derbyshire,WL Madsen,AHT Donald,L Trevaskis,0,0,,,,,,"",""
ball,3,37.1,Derbyshire,AHT Donald,WL Madsen,TAR Scriven,0,0,,,,,,"",""
ball,3,37.2,Derbyshire,AHT Donald,WL Madsen,TAR Scriven,0,0,,,,,,"",""
ball,3,37.3,Derbyshire,AHT Donald,WL Madsen,TAR Scriven,0,0,,,,,,"",""
ball,3,37.4,Derbyshire,AHT Donald,WL Madsen,TAR Scriven,0,0,,,,,,"",""
ball,3,37.5,Derbyshire,AHT Donald,WL Madsen,TAR Scriven,0,0,,,,,,"",""
ball,3,37.6,Derbyshire,AHT Donald,WL Madsen,TAR Scriven,0,0,,,,,,"",""
ball,3,38.1,Derbyshire,WL Madsen,AHT Donald,L Trevaskis,4,0,,,,,,"",""
ball,3,38.2,Derbyshire,WL Madsen,AHT Donald,L Trevaskis,4,0,,,,,,"",""
ball,3,38.3,Derbyshire,WL Madsen,AHT Donald,L Trevaskis,0,0,,,,,,"",""
ball,3,38.4,Derbyshire,WL Madsen,AHT Donald,L Trevaskis,0,0,,,,,,"",""
ball,3,38.5,Derbyshire,WL Madsen,AHT Donald,L Trevaskis,0,0,,,,,,"",""
ball,3,38.6,Derbyshire,WL Madsen,AHT Donald,L Trevaskis,0,0,,,,,,"",""
ball,3,39.1,Derbyshire,AHT Donald,WL Madsen,TAR Scriven,0,0,,,,,,"",""
ball,3,39.2,Derbyshire,AHT Donald,WL Madsen,TAR Scriven,2,0,,,,,,"",""
ball,3,39.3,Derbyshire,AHT Donald,WL Madsen,TAR Scriven,0,0,,,,,,"",""
ball,3,39.4,Derbyshire,AHT Donald,WL Madsen,TAR Scriven,0,0,,,,,,"",""
ball,3,39.5,Derbyshire,AHT Donald,WL Madsen,TAR Scriven,0,0,,,,,,bowled,AHT Donald
ball,3,39.6,Derbyshire,Anuj Dal,WL Madsen,TAR Scriven,0,0,,,,,,"",""
ball,3,40.1,Derbyshire,WL Madsen,Anuj Dal,BWM Mike,0,0,,,,,,"",""
ball,3,40.2,Derbyshire,WL Madsen,Anuj Dal,BWM Mike,0,0,,,,,,"",""
ball,3,40.3,Derbyshire,WL Madsen,Anuj Dal,BWM Mike,0,0,,,,,,"",""
ball,3,40.4,Derbyshire,WL Madsen,Anuj Dal,BWM Mike,0,0,,,,,,"",""
ball,3,40.5,Derbyshire,WL Madsen,Anuj Dal,BWM Mike,0,0,,,,,,"",""
ball,3,40.6,Derbyshire,WL Madsen,Anuj Dal,BWM Mike,1,0,,,,,,"",""
ball,3,41.1,Derbyshire,WL Madsen,Anuj Dal,TAR Scriven,0,0,,,,,,"",""
ball,3,41.2,Derbyshire,WL Madsen,Anuj Dal,TAR Scriven,0,0,,,,,,"",""
ball,3,41.3,Derbyshire,WL Madsen,Anuj Dal,TAR Scriven,0,0,,,,,,"",""
ball,3,41.4,Derbyshire,WL Madsen,Anuj Dal,TAR Scriven,0,0,,,,,,"",""
ball,3,41.5,Derbyshire,WL Madsen,Anuj Dal,TAR Scriven,1,0,,,,,,"",""
ball,3,41.6,Derbyshire,Anuj Dal,WL Madsen,TAR Scriven,1,0,,,,,,"",""
ball,3,42.1,Derbyshire,Anuj Dal,WL Madsen,BWM Mike,0,0,,,,,,"",""
ball,3,42.2,Derbyshire,Anuj Dal,WL Madsen,BWM Mike,0,0,,,,,,"",""
ball,3,42.3,Derbyshire,Anuj Dal,WL Madsen,BWM Mike,3,0,,,,,,"",""
ball,3,42.4,Derbyshire,WL Madsen,Anuj Dal,BWM Mike,4,0,,,,,,"",""
ball,3,42.5,Derbyshire,WL Madsen,Anuj Dal,BWM Mike,0,0,,,,,,"",""
ball,3,42.6,Derbyshire,WL Madsen,Anuj Dal,BWM Mike,0,0,,,,,,"",""
ball,3,43.1,Derbyshire,Anuj Dal,WL Madsen,SW Currie,4,0,,,,,,"",""
ball,3,43.2,Derbyshire,Anuj Dal,WL Madsen,SW Currie,0,0,,,,,,"",""
ball,3,43.3,Derbyshire,Anuj Dal,WL Madsen,SW Currie,0,0,,,,,,"",""
ball,3,43.4,Derbyshire,Anuj Dal,WL Madsen,SW Currie,0,0,,,,,,"",""
ball,3,43.5,Derbyshire,Anuj Dal,WL Madsen,SW Currie,0,0,,,,,,"",""
ball,3,43.6,Derbyshire,Anuj Dal,WL Madsen,SW Currie,1,0,,,,,,"",""
ball,3,44.1,Derbyshire,Anuj Dal,WL Madsen,BWM Mike,0,0,,,,,,"",""
ball,3,44.2,Derbyshire,Anuj Dal,WL Madsen,BWM Mike,1,0,,,,,,"",""
ball,3,44.3,Derbyshire,WL Madsen,Anuj Dal,BWM Mike,3,0,,,,,,"",""
ball,3,44.4,Derbyshire,Anuj Dal,WL Madsen,BWM Mike,0,0,,,,,,"",""
ball,3,44.5,Derbyshire,Anuj Dal,WL Madsen,BWM Mike,0,0,,,,,,"",""
ball,3,44.6,Derbyshire,Anuj Dal,WL Madsen,BWM Mike,0,0,,,,,,"",""
ball,3,45.1,Derbyshire,WL Madsen,Anuj Dal,SW Currie,0,0,,,,,,"",""
ball,3,45.2,Derbyshire,WL Madsen,Anuj Dal,SW Currie,0,0,,,,,,"",""
ball,3,45.3,Derbyshire,WL Madsen,Anuj Dal,SW Currie,0,0,,,,,,"",""
ball,3,45.4,Derbyshire,WL Madsen,Anuj Dal,SW Currie,0,0,,,,,,"",""
ball,3,45.5,Derbyshire,WL Madsen,Anuj Dal,SW Currie,0,0,,,,,,"",""
ball,3,45.6,Derbyshire,WL Madsen,Anuj Dal,SW Currie,0,0,,,,,,"",""
ball,3,46.1,Derbyshire,Anuj Dal,WL Madsen,BWM Mike,0,0,,,,,,"",""
ball,3,46.2,Derbyshire,Anuj Dal,WL Madsen,BWM Mike,0,0,,,,,,"",""
ball,3,46.3,Derbyshire,Anuj Dal,WL Madsen,BWM Mike,0,0,,,,,,"",""
ball,3,46.4,Derbyshire,Anuj Dal,WL Madsen,BWM Mike,0,0,,,,,,"",""
ball,3,46.5,Derbyshire,Anuj Dal,WL Madsen,BWM Mike,0,0,,,,,,"",""
ball,3,46.6,Derbyshire,Anuj Dal,WL Madsen,BWM Mike,0,0,,,,,,caught,Anuj Dal
ball,3,47.1,Derbyshire,WL Madsen,AT Thomson,SW Currie,0,0,,,,,,"",""
ball,3,47.2,Derbyshire,WL Madsen,AT Thomson,SW Currie,0,0,,,,,,"",""
ball,3,47.3,Derbyshire,WL Madsen,AT Thomson,SW Currie,1,0,,,,,,"",""
ball,3,47.4,Derbyshire,AT Thomson,WL Madsen,SW Currie,0,0,,,,,,"",""
ball,3,47.5,Derbyshire,AT Thomson,WL Madsen,SW Currie,0,0,,,,,,"",""
ball,3,47.6,Derbyshire,AT Thomson,WL Madsen,SW Currie,0,0,,,,,,"",""
ball,3,48.1,Derbyshire,WL Madsen,AT Thomson,BWM Mike,0,0,,,,,,"",""
ball,3,48.2,Derbyshire,WL Madsen,AT Thomson,BWM Mike,0,0,,,,,,"",""
ball,3,48.3,Derbyshire,WL Madsen,AT Thomson,BWM Mike,0,0,,,,,,"",""
ball,3,48.4,Derbyshire,WL Madsen,AT Thomson,BWM Mike,4,0,,,,,,"",""
ball,3,48.5,Derbyshire,WL Madsen,AT Thomson,BWM Mike,0,0,,,,,,"",""
ball,3,48.6,Derbyshire,WL Madsen,AT Thomson,BWM Mike,0,0,,,,,,"",""
ball,3,49.1,Derbyshire,AT Thomson,WL Madsen,SW Currie,0,0,,,,,,"",""
ball,3,49.2,Derbyshire,AT Thomson,WL Madsen,SW Currie,0,0,,,,,,"",""
ball,3,49.3,Derbyshire,AT Thomson,WL Madsen,SW Currie,0,0,,,,,,"",""
ball,3,49.4,Derbyshire,AT Thomson,WL Madsen,SW Currie,0,0,,,,,,"",""
ball,3,49.5,Derbyshire,AT Thomson,WL Madsen,SW Currie,0,0,,,,,,"",""
ball,3,49.6,Derbyshire,AT Thomson,WL Madsen,SW Currie,0,0,,,,,,"",""
ball,3,50.1,Derbyshire,WL Madsen,AT Thomson,BGF Green,1,0,,,,,,"",""
ball,3,50.2,Derbyshire,AT Thomson,WL Madsen,BGF Green,0,0,,,,,,"",""
ball,3,50.3,Derbyshire,AT Thomson,WL Madsen,BGF Green,0,0,,,,,,"",""
ball,3,50.4,Derbyshire,AT Thomson,WL Madsen,BGF Green,0,0,,,,,,"",""
ball,3,50.5,Derbyshire,AT Thomson,WL Madsen,BGF Green,4,0,,,,,,"",""
ball,3,50.6,Derbyshire,AT Thomson,WL Madsen,BGF Green,0,0,,,,,,"",""
ball,3,51.1,Derbyshire,WL Madsen,AT Thomson,TAR Scriven,0,0,,,,,,"",""
ball,3,51.2,Derbyshire,WL Madsen,AT Thomson,TAR Scriven,0,0,,,,,,"",""
ball,3,51.3,Derbyshire,WL Madsen,AT Thomson,TAR Scriven,1,0,,,,,,"",""
ball,3,51.4,Derbyshire,AT Thomson,WL Madsen,TAR Scriven,0,0,,,,,,"",""
ball,3,51.5,Derbyshire,AT Thomson,WL Madsen,TAR Scriven,0,0,,,,,,"",""
ball,3,51.6,Derbyshire,AT Thomson,WL Madsen,TAR Scriven,0,0,,,,,,"",""
ball,3,52.1,Derbyshire,WL Madsen,AT Thomson,BGF Green,0,0,,,,,,"",""
ball,3,52.2,Derbyshire,WL Madsen,AT Thomson,BGF Green,0,0,,,,,,"",""
ball,3,52.3,Derbyshire,WL Madsen,AT Thomson,BGF Green,1,0,,,,,,"",""
ball,3,52.4,Derbyshire,AT Thomson,WL Madsen,BGF Green,0,0,,,,,,"",""
ball,3,52.5,Derbyshire,AT Thomson,WL Madsen,BGF Green,0,0,,,,,,"",""
ball,3,52.6,Derbyshire,AT Thomson,WL Madsen,BGF Green,2,0,,,,,,"",""
ball,3,53.1,Derbyshire,WL Madsen,AT Thomson,TAR Scriven,1,0,,,,,,"",""
ball,3,53.2,Derbyshire,AT Thomson,WL Madsen,TAR Scriven,0,0,,,,,,"",""
ball,3,53.3,Derbyshire,AT Thomson,WL Madsen,TAR Scriven,0,0,,,,,,"",""
ball,3,53.4,Derbyshire,AT Thomson,WL Madsen,TAR Scriven,0,0,,,,,,"",""
ball,3,53.5,Derbyshire,AT Thomson,WL Madsen,TAR Scriven,0,0,,,,,,"",""
ball,3,53.6,Derbyshire,AT Thomson,WL Madsen,TAR Scriven,1,0,,,,,,"",""
ball,3,54.1,Derbyshire,AT Thomson,WL Madsen,BGF Green,0,0,,,,,,"",""
ball,3,54.2,Derbyshire,AT Thomson,WL Madsen,BGF Green,0,0,,,,,,"",""
ball,3,54.3,Derbyshire,AT Thomson,WL Madsen,BGF Green,0,0,,,,,,"",""
ball,3,54.4,Derbyshire,AT Thomson,WL Madsen,BGF Green,0,0,,,,,,"",""
ball,3,54.5,Derbyshire,AT Thomson,WL Madsen,BGF Green,0,0,,,,,,"",""
ball,3,54.6,Derbyshire,AT Thomson,WL Madsen,BGF Green,0,0,,,,,,"",""
ball,3,55.1,Derbyshire,WL Madsen,AT Thomson,TAR Scriven,1,0,,,,,,"",""
ball,3,55.2,Derbyshire,AT Thomson,WL Madsen,TAR Scriven,0,0,,,,,,"",""
ball,3,55.3,Derbyshire,AT Thomson,WL Madsen,TAR Scriven,0,0,,,,,,"",""
ball,3,55.4,Derbyshire,AT Thomson,WL Madsen,TAR Scriven,0,0,,,,,,"",""
ball,3,55.5,Derbyshire,AT Thomson,WL Madsen,TAR Scriven,0,0,,,,,,"",""
ball,3,55.6,Derbyshire,AT Thomson,WL Madsen,TAR Scriven,0,0,,,,,,"",""
ball,3,56.1,Derbyshire,WL Madsen,AT Thomson,L Trevaskis,1,0,,,,,,"",""
ball,3,56.2,Derbyshire,AT Thomson,WL Madsen,L Trevaskis,0,0,,,,,,"",""
ball,3,56.3,Derbyshire,AT Thomson,WL Madsen,L Trevaskis,0,0,,,,,,"",""
ball,3,56.4,Derbyshire,AT Thomson,WL Madsen,L Trevaskis,0,0,,,,,,"",""
ball,3,56.5,Derbyshire,AT Thomson,WL Madsen,L Trevaskis,0,0,,,,,,"",""
ball,3,56.6,Derbyshire,AT Thomson,WL Madsen,L Trevaskis,1,0,,,,,,"",""
ball,3,57.1,Derbyshire,AT Thomson,WL Madsen,BWM Mike,0,0,,,,,,"",""
ball,3,57.2,Derbyshire,AT Thomson,WL Madsen,BWM Mike,4,0,,,,,,"",""
ball,3,57.3,Derbyshire,AT Thomson,WL Madsen,BWM Mike,0,0,,,,,,"",""
ball,3,57.4,Derbyshire,AT Thomson,WL Madsen,BWM Mike,0,2,,2,,,,"",""
ball,3,57.5,Derbyshire,AT Thomson,WL Madsen,BWM Mike,0,0,,,,,,"",""
ball,3,57.6,Derbyshire,AT Thomson,WL Madsen,BWM Mike,0,0,,,,,,"",""
ball,3,57.7,Derbyshire,AT Thomson,WL Madsen,BWM Mike,0,0,,,,,,"",""
ball,3,58.1,Derbyshire,WL Madsen,AT Thomson,L Trevaskis,0,0,,,,,,"",""
ball,3,58.2,Derbyshire,WL Madsen,AT Thomson,L Trevaskis,1,0,,,,,,"",""
ball,3,58.3,Derbyshire,AT Thomson,WL Madsen,L Trevaskis,0,0,,,,,,"",""
ball,3,58.4,Derbyshire,AT Thomson,WL Madsen,L Trevaskis,2,0,,,,,,"",""
ball,3,58.5,Derbyshire,AT Thomson,WL Madsen,L Trevaskis,0,0,,,,,,"",""
ball,3,58.6,Derbyshire,AT Thomson,WL Madsen,L Trevaskis,1,0,,,,,,"",""
ball,3,59.1,Derbyshire,AT Thomson,WL Madsen,BWM Mike,2,0,,,,,,"",""
ball,3,59.2,Derbyshire,AT Thomson,WL Madsen,BWM Mike,3,0,,,,,,"",""
ball,3,59.3,Derbyshire,WL Madsen,AT Thomson,BWM Mike,0,0,,,,,,"",""
ball,3,59.4,Derbyshire,WL Madsen,AT Thomson,BWM Mike,0,0,,,,,,"",""
ball,3,59.5,Derbyshire,WL Madsen,AT Thomson,BWM Mike,0,0,,,,,,"",""
ball,3,59.6,Derbyshire,WL Madsen,AT Thomson,BWM Mike,4,0,,,,,,"",""
ball,3,60.1,Derbyshire,AT Thomson,WL Madsen,L Trevaskis,0,0,,,,,,"",""
ball,3,60.2,Derbyshire,AT Thomson,WL Madsen,L Trevaskis,0,0,,,,,,"",""
ball,3,60.3,Derbyshire,AT Thomson,WL Madsen,L Trevaskis,0,0,,,,,,"",""
ball,3,60.4,Derbyshire,AT Thomson,WL Madsen,L Trevaskis,0,0,,,,,,"",""
ball,3,60.5,Derbyshire,AT Thomson,WL Madsen,L Trevaskis,0,0,,,,,,"",""
ball,3,60.6,Derbyshire,AT Thomson,WL Madsen,L Trevaskis,1,0,,,,,,"",""
ball,3,61.1,Derbyshire,AT Thomson,WL Madsen,BWM Mike,0,0,,,,,,"",""
ball,3,61.2,Derbyshire,AT Thomson,WL Madsen,BWM Mike,0,0,,,,,,"",""
ball,3,61.3,Derbyshire,AT Thomson,WL Madsen,BWM Mike,0,0,,,,,,"",""
ball,3,61.4,Derbyshire,AT Thomson,WL Madsen,BWM Mike,0,0,,,,,,"",""
ball,3,61.5,Derbyshire,AT Thomson,WL Madsen,BWM Mike,0,0,,,,,,"",""
ball,3,61.6,Derbyshire,AT Thomson,WL Madsen,BWM Mike,1,0,,,,,,"",""
ball,3,62.1,Derbyshire,AT Thomson,WL Madsen,LPJ Kimber,0,0,,,,,,"",""
ball,3,62.2,Derbyshire,AT Thomson,WL Madsen,LPJ Kimber,0,0,,,,,,"",""
ball,3,62.3,Derbyshire,AT Thomson,WL Madsen,LPJ Kimber,4,0,,,,,,"",""
ball,3,62.4,Derbyshire,AT Thomson,WL Madsen,LPJ Kimber,4,0,,,,,,"",""
ball,3,62.5,Derbyshire,AT Thomson,WL Madsen,LPJ Kimber,0,0,,,,,,"",""
ball,3,62.6,Derbyshire,AT Thomson,WL Madsen,LPJ Kimber,0,0,,,,,,"",""
ball,3,63.1,Derbyshire,WL Madsen,AT Thomson,SW Currie,4,0,,,,,,"",""
ball,3,63.2,Derbyshire,WL Madsen,AT Thomson,SW Currie,0,0,,,,,,"",""
ball,3,63.3,Derbyshire,WL Madsen,AT Thomson,SW Currie,1,0,,,,,,"",""
ball,3,63.4,Derbyshire,AT Thomson,WL Madsen,SW Currie,0,0,,,,,,"",""
ball,3,63.5,Derbyshire,AT Thomson,WL Madsen,SW Currie,0,0,,,,,,"",""
ball,3,63.6,Derbyshire,AT Thomson,WL Madsen,SW Currie,0,0,,,,,,"",""
ball,3,64.1,Derbyshire,WL Madsen,AT Thomson,LPJ Kimber,0,0,,,,,,"",""
ball,3,64.2,Derbyshire,WL Madsen,AT Thomson,LPJ Kimber,1,0,,,,,,"",""
ball,3,64.3,Derbyshire,AT Thomson,WL Madsen,LPJ Kimber,0,0,,,,,,"",""
ball,3,64.4,Derbyshire,AT Thomson,WL Madsen,LPJ Kimber,0,0,,,,,,"",""
ball,3,64.5,Derbyshire,AT Thomson,WL Madsen,LPJ Kimber,0,0,,,,,,"",""
ball,3,64.6,Derbyshire,AT Thomson,WL Madsen,LPJ Kimber,0,0,,,,,,"",""
ball,3,65.1,Derbyshire,WL Madsen,AT Thomson,SW Currie,0,0,,,,,,"",""
ball,3,65.2,Derbyshire,WL Madsen,AT Thomson,SW Currie,1,0,,,,,,"",""
ball,3,65.3,Derbyshire,AT Thomson,WL Madsen,SW Currie,0,0,,,,,,"",""
ball,3,65.4,Derbyshire,AT Thomson,WL Madsen,SW Currie,0,0,,,,,,"",""
ball,3,65.5,Derbyshire,AT Thomson,WL Madsen,SW Currie,0,0,,,,,,"",""
ball,3,65.6,Derbyshire,AT Thomson,WL Madsen,SW Currie,0,0,,,,,,"",""
ball,3,66.1,Derbyshire,WL Madsen,AT Thomson,TAR Scriven,0,0,,,,,,"",""
ball,3,66.2,Derbyshire,WL Madsen,AT Thomson,TAR Scriven,1,0,,,,,,"",""
ball,3,66.3,Derbyshire,AT Thomson,WL Madsen,TAR Scriven,0,0,,,,,,"",""
ball,3,66.4,Derbyshire,AT Thomson,WL Madsen,TAR Scriven,0,0,,,,,,"",""
ball,3,66.5,Derbyshire,AT Thomson,WL Madsen,TAR Scriven,0,0,,,,,,"",""
ball,3,66.6,Derbyshire,AT Thomson,WL Madsen,TAR Scriven,1,0,,,,,,"",""
ball,3,67.1,Derbyshire,AT Thomson,WL Madsen,SW Currie,0,0,,,,,,"",""
ball,3,67.2,Derbyshire,AT Thomson,WL Madsen,SW Currie,0,0,,,,,,"",""
ball,3,67.3,Derbyshire,AT Thomson,WL Madsen,SW Currie,4,0,,,,,,"",""
ball,3,67.4,Derbyshire,AT Thomson,WL Madsen,SW Currie,0,0,,,,,,"",""
ball,3,67.5,Derbyshire,AT Thomson,WL Madsen,SW Currie,4,0,,,,,,"",""
ball,3,67.6,Derbyshire,AT Thomson,WL Madsen,SW Currie,0,0,,,,,,"",""
ball,3,68.1,Derbyshire,WL Madsen,AT Thomson,TAR Scriven,2,0,,,,,,"",""
ball,3,68.2,Derbyshire,WL Madsen,AT Thomson,TAR Scriven,1,0,,,,,,"",""
ball,3,68.3,Derbyshire,AT Thomson,WL Madsen,TAR Scriven,0,0,,,,,,"",""
ball,3,68.4,Derbyshire,AT Thomson,WL Madsen,TAR Scriven,0,0,,,,,,"",""
ball,3,68.5,Derbyshire,AT Thomson,WL Madsen,TAR Scriven,4,0,,,,,,"",""
ball,3,68.6,Derbyshire,AT Thomson,WL Madsen,TAR Scriven,0,0,,,,,,"",""
ball,3,69.1,Derbyshire,WL Madsen,AT Thomson,SW Currie,0,0,,,,,,"",""
ball,3,69.2,Derbyshire,WL Madsen,AT Thomson,SW Currie,0,0,,,,,,"",""
ball,3,69.3,Derbyshire,WL Madsen,AT Thomson,SW Currie,0,0,,,,,,"",""
ball,3,69.4,Derbyshire,WL Madsen,AT Thomson,SW Currie,0,4,,,,4,,"",""
ball,3,69.5,Derbyshire,WL Madsen,AT Thomson,SW Currie,0,0,,,,,,"",""
ball,3,69.6,Derbyshire,WL Madsen,AT Thomson,SW Currie,0,0,,,,,,"",""
ball,3,70.1,Derbyshire,AT Thomson,WL Madsen,TAR Scriven,0,0,,,,,,"",""
ball,3,70.2,Derbyshire,AT Thomson,WL Madsen,TAR Scriven,0,0,,,,,,"",""
ball,3,70.3,Derbyshire,AT Thomson,WL Madsen,TAR Scriven,0,0,,,,,,"",""
ball,3,70.4,Derbyshire,AT Thomson,WL Madsen,TAR Scriven,0,0,,,,,,"",""
ball,3,70.5,Derbyshire,AT Thomson,WL Madsen,TAR Scriven,0,0,,,,,,"",""
ball,3,70.6,Derbyshire,AT Thomson,WL Madsen,TAR Scriven,0,0,,,,,,"",""
ball,3,71.1,Derbyshire,WL Madsen,AT Thomson,BWM Mike,0,0,,,,,,"",""
ball,3,71.2,Derbyshire,WL Madsen,AT Thomson,BWM Mike,1,0,,,,,,"",""
ball,3,71.3,Derbyshire,AT Thomson,WL Madsen,BWM Mike,0,0,,,,,,"",""
ball,3,71.4,Derbyshire,AT Thomson,WL Madsen,BWM Mike,0,0,,,,,,"",""
ball,3,71.5,Derbyshire,AT Thomson,WL Madsen,BWM Mike,0,0,,,,,,"",""
ball,3,71.6,Derbyshire,AT Thomson,WL Madsen,BWM Mike,1,0,,,,,,"",""
ball,3,72.1,Derbyshire,AT Thomson,WL Madsen,TAR Scriven,0,0,,,,,,"",""
ball,3,72.2,Derbyshire,AT Thomson,WL Madsen,TAR Scriven,0,0,,,,,,"",""
ball,3,72.3,Derbyshire,AT Thomson,WL Madsen,TAR Scriven,0,0,,,,,,"",""
ball,3,72.4,Derbyshire,AT Thomson,WL Madsen,TAR Scriven,1,0,,,,,,"",""
ball,3,72.5,Derbyshire,WL Madsen,AT Thomson,TAR Scriven,0,0,,,,,,"",""
ball,3,72.6,Derbyshire,WL Madsen,AT Thomson,TAR Scriven,0,0,,,,,,"",""
ball,3,73.1,Derbyshire,AT Thomson,WL Madsen,BWM Mike,1,0,,,,,,"",""
ball,3,73.2,Derbyshire,WL Madsen,AT Thomson,BWM Mike,0,0,,,,,,"",""
ball,3,73.3,Derbyshire,WL Madsen,AT Thomson,BWM Mike,0,0,,,,,,"",""
ball,3,73.4,Derbyshire,WL Madsen,AT Thomson,BWM Mike,0,0,,,,,,"",""
ball,3,73.5,Derbyshire,WL Madsen,AT Thomson,BWM Mike,0,0,,,,,,"",""
ball,3,73.6,Derbyshire,WL Madsen,AT Thomson,BWM Mike,0,0,,,,,,"",""
