version,1.7.0
info,balls_per_over,6
info,team,Leicestershire
info,team,Glamorgan
info,gender,male
info,season,2024
info,date,2024/08/29
info,date,2024/08/30
info,date,2024/08/31
info,date,2024/09/01
info,event,County Championship
info,match_number,41
info,venue,"Sophia Gardens, Cardiff"
info,city,Cardiff
info,toss_winner,Glamorgan
info,toss_decision,field
info,umpire,Hassan Adnan
info,umpire,N Pratt
info,match_referee,JJ Whitaker
info,outcome,draw
info,player,Leicestershire,RK Patel
info,player,Leicestershire,IG Holland
info,player,Leicestershire,LJ Hill
info,player,Leicestershire,AM Rahane
info,player,Leicestershire,PSP Handscomb
info,player,Leicestershire,Rehan Ahmed
info,player,Leicestershire,LPJ Kimber
info,player,Leicestershire,L Trevaskis
info,player,Leicestershire,TAR Scriven
info,player,Leicestershire,SB Wood
info,player,Leicestershire,CJC Wright
info,player,Glamorgan,SA Northeast
info,player,Glamorgan,AM Tribe
info,player,Glamorgan,CA Ingram
info,player,Glamorgan,KS Carlson
info,player,Glamorgan,WT Root
info,player,Glamorgan,CB Cooke
info,player,Glamorgan,DA Douthwaite
info,player,Glamorgan,T van der Gugten
info,player,Glamorgan,MS Crane
info,player,Glamorgan,FW Sheat
info,player,Glamorgan,EO Leonard
info,registry,people,AM Rahane,29e95537
info,registry,people,AM Tribe,86f84b37
info,registry,people,CA Ingram,c995d726
info,registry,people,CB Cooke,6755cd5c
info,registry,people,CJC Wright,6c908ffc
info,registry,people,DA Douthwaite,03df7a25
info,registry,people,EO Leonard,660538af
info,registry,people,FW Sheat,56d471f2
info,registry,people,Hassan Adnan,56ca7a8c
info,registry,people,IG Holland,4167f30b
info,registry,people,JJ Whitaker,4ea85016
info,registry,people,KS Carlson,9e707e02
info,registry,people,L Trevaskis,b5781ac3
info,registry,people,LJ Hill,35f9a295
info,registry,people,LPJ Kimber,9f812582
info,registry,people,MS Crane,f0a0204e
info,registry,people,N Pratt,01f65cd3
info,registry,people,PSP Handscomb,ada15e88
info,registry,people,RK Patel,4531f249
info,registry,people,Rehan Ahmed,0ecb4de6
info,registry,people,SA Northeast,7e4c8ba3
info,registry,people,SB Wood,c2d9b9cd
info,registry,people,T van der Gugten,d99cc23a
info,registry,people,TAR Scriven,ac3c3cab
info,registry,people,WT Root,72898514
ball,1,0.1,Leicestershire,RK Patel,IG Holland,T van der Gugten,0,0,,,,,,"",""
ball,1,0.2,Leicestershire,RK Patel,IG Holland,T van der Gugten,0,0,,,,,,"",""
ball,1,0.3,Leicestershire,RK Patel,IG Holland,T van der Gugten,0,0,,,,,,"",""
ball,1,0.4,Leicestershire,RK Patel,IG Holland,T van der Gugten,0,0,,,,,,"",""
ball,1,0.5,Leicestershire,RK Patel,IG Holland,T van der Gugten,0,0,,,,,,"",""
ball,1,0.6,Leicestershire,RK Patel,IG Holland,T van der Gugten,0,0,,,,,,"",""
ball,1,1.1,Leicestershire,IG Holland,RK Patel,FW Sheat,0,0,,,,,,"",""
ball,1,1.2,Leicestershire,IG Holland,RK Patel,FW Sheat,1,0,,,,,,"",""
ball,1,1.3,Leicestershire,RK Patel,IG Holland,FW Sheat,0,0,,,,,,"",""
ball,1,1.4,Leicestershire,RK Patel,IG Holland,FW Sheat,0,0,,,,,,"",""
ball,1,1.5,Leicestershire,RK Patel,IG Holland,FW Sheat,0,2,,2,,,,"",""
ball,1,1.6,Leicestershire,RK Patel,IG Holland,FW Sheat,0,0,,,,,,"",""
ball,1,1.7,Leicestershire,RK Patel,IG Holland,FW Sheat,0,0,,,,,,"",""
ball,1,2.1,Leicestershire,IG Holland,RK Patel,T van der Gugten,0,0,,,,,,"",""
ball,1,2.2,Leicestershire,IG Holland,RK Patel,T van der Gugten,0,0,,,,,,"",""
ball,1,2.3,Leicestershire,IG Holland,RK Patel,T van der Gugten,4,0,,,,,,"",""
ball,1,2.4,Leicestershire,IG Holland,RK Patel,T van der Gugten,0,0,,,,,,"",""
ball,1,2.5,Leicestershire,IG Holland,RK Patel,T van der Gugten,4,0,,,,,,"",""
ball,1,2.6,Leicestershire,IG Holland,RK Patel,T van der Gugten,0,0,,,,,,"",""
ball,1,3.1,Leicestershire,RK Patel,IG Holland,FW Sheat,0,0,,,,,,"",""
ball,1,3.2,Leicestershire,RK Patel,IG Holland,FW Sheat,0,1,,,,1,,"",""
ball,1,3.3,Leicestershire,IG Holland,RK Patel,FW Sheat,0,0,,,,,,"",""
ball,1,3.4,Leicestershire,IG Holland,RK Patel,FW Sheat,0,0,,,,,,"",""
ball,1,3.5,Leicestershire,IG Holland,RK Patel,FW Sheat,1,0,,,,,,"",""
ball,1,3.6,Leicestershire,RK Patel,IG Holland,FW Sheat,4,0,,,,,,"",""
ball,1,4.1,Leicestershire,IG Holland,RK Patel,T van der Gugten,0,0,,,,,,"",""
ball,1,4.2,Leicestershire,IG Holland,RK Patel,T van der Gugten,0,0,,,,,,"",""
ball,1,4.3,Leicestershire,IG Holland,RK Patel,T van der Gugten,0,0,,,,,,"",""
ball,1,4.4,Leicestershire,IG Holland,RK Patel,T van der Gugten,0,0,,,,,,"",""
ball,1,4.5,Leicestershire,IG Holland,RK Patel,T van der Gugten,1,0,,,,,,"",""
ball,1,4.6,Leicestershire,RK Patel,IG Holland,T van der Gugten,0,0,,,,,,"",""
ball,1,5.1,Leicestershire,IG Holland,RK Patel,FW Sheat,0,0,,,,,,"",""
ball,1,5.2,Leicestershire,IG Holland,RK Patel,FW Sheat,0,0,,,,,,"",""
ball,1,5.3,Leicestershire,IG Holland,RK Patel,FW Sheat,1,0,,,,,,"",""
ball,1,5.4,Leicestershire,RK Patel,IG Holland,FW Sheat,0,0,,,,,,"",""
ball,1,5.5,Leicestershire,RK Patel,IG Holland,FW Sheat,0,0,,,,,,"",""
ball,1,5.6,Leicestershire,RK Patel,IG Holland,FW Sheat,3,0,,,,,,"",""
ball,1,6.1,Leicestershire,RK Patel,IG Holland,T van der Gugten,0,0,,,,,,"",""
ball,1,6.2,Leicestershire,RK Patel,IG Holland,T van der Gugten,0,0,,,,,,bowled,RK Patel
ball,1,6.3,Leicestershire,LJ Hill,IG Holland,T van der Gugten,0,0,,,,,,"",""
ball,1,6.4,Leicestershire,LJ Hill,IG Holland,T van der Gugten,0,0,,,,,,"",""
ball,1,6.5,Leicestershire,LJ Hill,IG Holland,T van der Gugten,0,0,,,,,,"",""
ball,1,6.6,Leicestershire,LJ Hill,IG Holland,T van der Gugten,0,0,,,,,,"",""
ball,1,7.1,Leicestershire,IG Holland,LJ Hill,FW Sheat,0,0,,,,,,"",""
ball,1,7.2,Leicestershire,IG Holland,LJ Hill,FW Sheat,1,0,,,,,,"",""
ball,1,7.3,Leicestershire,LJ Hill,IG Holland,FW Sheat,3,0,,,,,,"",""
ball,1,7.4,Leicestershire,IG Holland,LJ Hill,FW Sheat,0,1,,,,1,,"",""
ball,1,7.5,Leicestershire,LJ Hill,IG Holland,FW Sheat,0,0,,,,,,"",""
ball,1,7.6,Leicestershire,LJ Hill,IG Holland,FW Sheat,0,0,,,,,,"",""
ball,1,8.1,Leicestershire,IG Holland,LJ Hill,T van der Gugten,0,0,,,,,,bowled,IG Holland
ball,1,8.2,Leicestershire,AM Rahane,LJ Hill,T van der Gugten,0,0,,,,,,"",""
ball,1,8.3,Leicestershire,AM Rahane,LJ Hill,T van der Gugten,0,0,,,,,,"",""
ball,1,8.4,Leicestershire,AM Rahane,LJ Hill,T van der Gugten,0,0,,,,,,"",""
ball,1,8.5,Leicestershire,AM Rahane,LJ Hill,T van der Gugten,4,0,,,,,,"",""
ball,1,8.6,Leicestershire,AM Rahane,LJ Hill,T van der Gugten,0,0,,,,,,"",""
ball,1,9.1,Leicestershire,LJ Hill,AM Rahane,EO Leonard,0,0,,,,,,"",""
ball,1,9.2,Leicestershire,LJ Hill,AM Rahane,EO Leonard,0,0,,,,,,"",""
ball,1,9.3,Leicestershire,LJ Hill,AM Rahane,EO Leonard,0,0,,,,,,"",""
ball,1,9.4,Leicestershire,LJ Hill,AM Rahane,EO Leonard,0,0,,,,,,"",""
ball,1,9.5,Leicestershire,LJ Hill,AM Rahane,EO Leonard,0,0,,,,,,"",""
ball,1,9.6,Leicestershire,LJ Hill,AM Rahane,EO Leonard,0,0,,,,,,"",""
ball,1,10.1,Leicestershire,AM Rahane,LJ Hill,T van der Gugten,0,0,,,,,,"",""
ball,1,10.2,Leicestershire,AM Rahane,LJ Hill,T van der Gugten,2,0,,,,,,"",""
ball,1,10.3,Leicestershire,AM Rahane,LJ Hill,T van der Gugten,1,0,,,,,,"",""
ball,1,10.4,Leicestershire,LJ Hill,AM Rahane,T van der Gugten,0,0,,,,,,"",""
ball,1,10.5,Leicestershire,LJ Hill,AM Rahane,T van der Gugten,0,0,,,,,,"",""
ball,1,10.6,Leicestershire,LJ Hill,AM Rahane,T van der Gugten,1,0,,,,,,"",""
ball,1,11.1,Leicestershire,LJ Hill,AM Rahane,EO Leonard,1,0,,,,,,"",""
ball,1,11.2,Leicestershire,AM Rahane,LJ Hill,EO Leonard,0,0,,,,,,"",""
ball,1,11.3,Leicestershire,AM Rahane,LJ Hill,EO Leonard,0,0,,,,,,"",""
ball,1,11.4,Leicestershire,AM Rahane,LJ Hill,EO Leonard,0,0,,,,,,"",""
ball,1,11.5,Leicestershire,AM Rahane,LJ Hill,EO Leonard,0,0,,,,,,"",""
ball,1,11.6,Leicestershire,AM Rahane,LJ Hill,EO Leonard,0,0,,,,,,"",""
ball,1,12.1,Leicestershire,LJ Hill,AM Rahane,T van der Gugten,0,0,,,,,,"",""
ball,1,12.2,Leicestershire,LJ Hill,AM Rahane,T van der Gugten,0,0,,,,,,"",""
ball,1,12.3,Leicestershire,LJ Hill,AM Rahane,T van der Gugten,0,0,,,,,,"",""
ball,1,12.4,Leicestershire,LJ Hill,AM Rahane,T van der Gugten,0,0,,,,,,"",""
ball,1,12.5,Leicestershire,LJ Hill,AM Rahane,T van der Gugten,0,0,,,,,,"",""
ball,1,12.6,Leicestershire,LJ Hill,AM Rahane,T van der Gugten,0,0,,,,,,"",""
ball,1,13.1,Leicestershire,AM Rahane,LJ Hill,EO Leonard,2,0,,,,,,"",""
ball,1,13.2,Leicestershire,AM Rahane,LJ Hill,EO Leonard,0,0,,,,,,"",""
ball,1,13.3,Leicestershire,AM Rahane,LJ Hill,EO Leonard,4,0,,,,,,"",""
ball,1,13.4,Leicestershire,AM Rahane,LJ Hill,EO Leonard,0,0,,,,,,"",""
ball,1,13.5,Leicestershire,AM Rahane,LJ Hill,EO Leonard,0,0,,,,,,"",""
ball,1,13.6,Leicestershire,AM Rahane,LJ Hill,EO Leonard,0,0,,,,,,"",""
ball,1,14.1,Leicestershire,LJ Hill,AM Rahane,FW Sheat,1,0,,,,,,"",""
ball,1,14.2,Leicestershire,AM Rahane,LJ Hill,FW Sheat,0,0,,,,,,"",""
ball,1,14.3,Leicestershire,AM Rahane,LJ Hill,FW Sheat,1,0,,,,,,"",""
ball,1,14.4,Leicestershire,LJ Hill,AM Rahane,FW Sheat,0,0,,,,,,"",""
ball,1,14.5,Leicestershire,LJ Hill,AM Rahane,FW Sheat,4,0,,,,,,"",""
ball,1,14.6,Leicestershire,LJ Hill,AM Rahane,FW Sheat,0,0,,,,,,"",""
ball,1,15.1,Leicestershire,AM Rahane,LJ Hill,EO Leonard,0,0,,,,,,"",""
ball,1,15.2,Leicestershire,AM Rahane,LJ Hill,EO Leonard,0,0,,,,,,"",""
ball,1,15.3,Leicestershire,AM Rahane,LJ Hill,EO Leonard,1,0,,,,,,"",""
ball,1,15.4,Leicestershire,LJ Hill,AM Rahane,EO Leonard,0,0,,,,,,"",""
ball,1,15.5,Leicestershire,LJ Hill,AM Rahane,EO Leonard,0,0,,,,,,"",""
ball,1,15.6,Leicestershire,LJ Hill,AM Rahane,EO Leonard,0,0,,,,,,"",""
ball,1,16.1,Leicestershire,AM Rahane,LJ Hill,FW Sheat,0,0,,,,,,"",""
ball,1,16.2,Leicestershire,AM Rahane,LJ Hill,FW Sheat,0,0,,,,,,"",""
ball,1,16.3,Leicestershire,AM Rahane,LJ Hill,FW Sheat,1,0,,,,,,"",""
ball,1,16.4,Leicestershire,LJ Hill,AM Rahane,FW Sheat,0,0,,,,,,"",""
ball,1,16.5,Leicestershire,LJ Hill,AM Rahane,FW Sheat,0,0,,,,,,"",""
ball,1,16.6,Leicestershire,LJ Hill,AM Rahane,FW Sheat,4,0,,,,,,"",""
ball,1,17.1,Leicestershire,AM Rahane,LJ Hill,EO Leonard,0,0,,,,,,"",""
ball,1,17.2,Leicestershire,AM Rahane,LJ Hill,EO Leonard,0,0,,,,,,"",""
ball,1,17.3,Leicestershire,AM Rahane,LJ Hill,EO Leonard,1,0,,,,,,"",""
ball,1,17.4,Leicestershire,LJ Hill,AM Rahane,EO Leonard,0,0,,,,,,"",""
ball,1,17.5,Leicestershire,LJ Hill,AM Rahane,EO Leonard,4,0,,,,,,"",""
ball,1,17.6,Leicestershire,LJ Hill,AM Rahane,EO Leonard,0,0,,,,,,"",""
ball,1,18.1,Leicestershire,AM Rahane,LJ Hill,FW Sheat,4,0,,,,,,"",""
ball,1,18.2,Leicestershire,AM Rahane,LJ Hill,FW Sheat,0,0,,,,,,"",""
ball,1,18.3,Leicestershire,AM Rahane,LJ Hill,FW Sheat,0,0,,,,,,"",""
ball,1,18.4,Leicestershire,AM Rahane,LJ Hill,FW Sheat,0,0,,,,,,"",""
ball,1,18.5,Leicestershire,AM Rahane,LJ Hill,FW Sheat,0,0,,,,,,"",""
ball,1,18.6,Leicestershire,AM Rahane,LJ Hill,FW Sheat,0,0,,,,,,"",""
ball,1,19.1,Leicestershire,LJ Hill,AM Rahane,DA Douthwaite,0,0,,,,,,"",""
ball,1,19.2,Leicestershire,LJ Hill,AM Rahane,DA Douthwaite,0,0,,,,,,"",""
ball,1,19.3,Leicestershire,LJ Hill,AM Rahane,DA Douthwaite,4,0,,,,,,"",""
ball,1,19.4,Leicestershire,LJ Hill,AM Rahane,DA Douthwaite,1,0,,,,,,"",""
ball,1,19.5,Leicestershire,AM Rahane,LJ Hill,DA Douthwaite,0,0,,,,,,"",""
ball,1,19.6,Leicestershire,AM Rahane,LJ Hill,DA Douthwaite,4,0,,,,,,"",""
ball,1,20.1,Leicestershire,LJ Hill,AM Rahane,FW Sheat,0,0,,,,,,"",""
ball,1,20.2,Leicestershire,LJ Hill,AM Rahane,FW Sheat,0,0,,,,,,"",""
ball,1,20.3,Leicestershire,LJ Hill,AM Rahane,FW Sheat,0,0,,,,,,"",""
ball,1,20.4,Leicestershire,LJ Hill,AM Rahane,FW Sheat,0,0,,,,,,"",""
ball,1,20.5,Leicestershire,LJ Hill,AM Rahane,FW Sheat,0,0,,,,,,"",""
ball,1,20.6,Leicestershire,LJ Hill,AM Rahane,FW Sheat,0,0,,,,,,"",""
ball,1,21.1,Leicestershire,AM Rahane,LJ Hill,DA Douthwaite,0,0,,,,,,"",""
ball,1,21.2,Leicestershire,AM Rahane,LJ Hill,DA Douthwaite,0,0,,,,,,"",""
ball,1,21.3,Leicestershire,AM Rahane,LJ Hill,DA Douthwaite,1,0,,,,,,"",""
ball,1,21.4,Leicestershire,LJ Hill,AM Rahane,DA Douthwaite,0,0,,,,,,"",""
ball,1,21.5,Leicestershire,LJ Hill,AM Rahane,DA Douthwaite,0,0,,,,,,"",""
ball,1,21.6,Leicestershire,LJ Hill,AM Rahane,DA Douthwaite,0,0,,,,,,"",""
ball,1,22.1,Leicestershire,AM Rahane,LJ Hill,T van der Gugten,0,0,,,,,,"",""
ball,1,22.2,Leicestershire,AM Rahane,LJ Hill,T van der Gugten,0,0,,,,,,"",""
ball,1,22.3,Leicestershire,AM Rahane,LJ Hill,T van der Gugten,0,0,,,,,,"",""
ball,1,22.4,Leicestershire,AM Rahane,LJ Hill,T van der Gugten,0,0,,,,,,"",""
ball,1,22.5,Leicestershire,AM Rahane,LJ Hill,T van der Gugten,0,0,,,,,,"",""
ball,1,22.6,Leicestershire,AM Rahane,LJ Hill,T van der Gugten,0,0,,,,,,"",""
ball,1,23.1,Leicestershire,LJ Hill,AM Rahane,DA Douthwaite,1,0,,,,,,"",""
ball,1,23.2,Leicestershire,AM Rahane,LJ Hill,DA Douthwaite,0,0,,,,,,"",""
ball,1,23.3,Leicestershire,AM Rahane,LJ Hill,DA Douthwaite,0,0,,,,,,"",""
ball,1,23.4,Leicestershire,AM Rahane,LJ Hill,DA Douthwaite,4,0,,,,,,"",""
ball,1,23.5,Leicestershire,AM Rahane,LJ Hill,DA Douthwaite,0,0,,,,,,"",""
ball,1,23.6,Leicestershire,AM Rahane,LJ Hill,DA Douthwaite,4,0,,,,,,"",""
ball,1,24.1,Leicestershire,LJ Hill,AM Rahane,T van der Gugten,0,0,,,,,,"",""
ball,1,24.2,Leicestershire,LJ Hill,AM Rahane,T van der Gugten,1,0,,,,,,"",""
ball,1,24.3,Leicestershire,AM Rahane,LJ Hill,T van der Gugten,1,0,,,,,,"",""
ball,1,24.4,Leicestershire,LJ Hill,AM Rahane,T van der Gugten,0,0,,,,,,lbw,LJ Hill
ball,1,24.5,Leicestershire,PSP Handscomb,AM Rahane,T van der Gugten,0,0,,,,,,"",""
ball,1,24.6,Leicestershire,PSP Handscomb,AM Rahane,T van der Gugten,0,0,,,,,,"",""
ball,1,25.1,Leicestershire,AM Rahane,PSP Handscomb,MS Crane,0,0,,,,,,"",""
ball,1,25.2,Leicestershire,AM Rahane,PSP Handscomb,MS Crane,1,0,,,,,,"",""
ball,1,25.3,Leicestershire,PSP Handscomb,AM Rahane,MS Crane,0,0,,,,,,"",""
ball,1,25.4,Leicestershire,PSP Handscomb,AM Rahane,MS Crane,0,0,,,,,,"",""
ball,1,25.5,Leicestershire,PSP Handscomb,AM Rahane,MS Crane,0,0,,,,,,"",""
ball,1,25.6,Leicestershire,PSP Handscomb,AM Rahane,MS Crane,1,0,,,,,,"",""
ball,1,26.1,Leicestershire,PSP Handscomb,AM Rahane,T van der Gugten,0,0,,,,,,"",""
ball,1,26.2,Leicestershire,PSP Handscomb,AM Rahane,T van der Gugten,0,0,,,,,,"",""
ball,1,26.3,Leicestershire,PSP Handscomb,AM Rahane,T van der Gugten,1,0,,,,,,"",""
ball,1,26.4,Leicestershire,AM Rahane,PSP Handscomb,T van der Gugten,0,0,,,,,,"",""
ball,1,26.5,Leicestershire,AM Rahane,PSP Handscomb,T van der Gugten,0,0,,,,,,"",""
ball,1,26.6,Leicestershire,AM Rahane,PSP Handscomb,T van der Gugten,0,0,,,,,,"",""
ball,1,27.1,Leicestershire,PSP Handscomb,AM Rahane,MS Crane,4,0,,,,,,"",""
ball,1,27.2,Leicestershire,PSP Handscomb,AM Rahane,MS Crane,0,0,,,,,,"",""
ball,1,27.3,Leicestershire,PSP Handscomb,AM Rahane,MS Crane,0,0,,,,,,"",""
ball,1,27.4,Leicestershire,PSP Handscomb,AM Rahane,MS Crane,0,0,,,,,,"",""
ball,1,27.5,Leicestershire,PSP Handscomb,AM Rahane,MS Crane,3,0,,,,,,"",""
ball,1,27.6,Leicestershire,AM Rahane,PSP Handscomb,MS Crane,2,0,,,,,,"",""
ball,1,28.1,Leicestershire,PSP Handscomb,AM Rahane,T van der Gugten,0,0,,,,,,"",""
ball,1,28.2,Leicestershire,PSP Handscomb,AM Rahane,T van der Gugten,0,0,,,,,,"",""
ball,1,28.3,Leicestershire,PSP Handscomb,AM Rahane,T van der Gugten,0,0,,,,,,"",""
ball,1,28.4,Leicestershire,PSP Handscomb,AM Rahane,T van der Gugten,0,0,,,,,,"",""
ball,1,28.5,Leicestershire,PSP Handscomb,AM Rahane,T van der Gugten,0,0,,,,,,"",""
ball,1,28.6,Leicestershire,PSP Handscomb,AM Rahane,T van der Gugten,0,0,,,,,,"",""
ball,1,29.1,Leicestershire,AM Rahane,PSP Handscomb,EO Leonard,1,0,,,,,,"",""
ball,1,29.2,Leicestershire,PSP Handscomb,AM Rahane,EO Leonard,0,0,,,,,,"",""
ball,1,29.3,Leicestershire,PSP Handscomb,AM Rahane,EO Leonard,2,0,,,,,,"",""
ball,1,29.4,Leicestershire,PSP Handscomb,AM Rahane,EO Leonard,0,0,,,,,,"",""
ball,1,29.5,Leicestershire,PSP Handscomb,AM Rahane,EO Leonard,0,0,,,,,,"",""
ball,1,29.6,Leicestershire,PSP Handscomb,AM Rahane,EO Leonard,1,0,,,,,,"",""
ball,1,30.1,Leicestershire,PSP Handscomb,AM Rahane,T van der Gugten,0,0,,,,,,"",""
ball,1,30.2,Leicestershire,PSP Handscomb,AM Rahane,T van der Gugten,0,0,,,,,,"",""
ball,1,30.3,Leicestershire,PSP Handscomb,AM Rahane,T van der Gugten,0,0,,,,,,"",""
ball,1,30.4,Leicestershire,PSP Handscomb,AM Rahane,T van der Gugten,0,0,,,,,,"",""
ball,1,30.5,Leicestershire,PSP Handscomb,AM Rahane,T van der Gugten,0,0,,,,,,"",""
ball,1,30.6,Leicestershire,PSP Handscomb,AM Rahane,T van der Gugten,0,0,,,,,,"",""
ball,1,31.1,Leicestershire,AM Rahane,PSP Handscomb,EO Leonard,2,0,,,,,,"",""
ball,1,31.2,Leicestershire,AM Rahane,PSP Handscomb,EO Leonard,0,0,,,,,,"",""
ball,1,31.3,Leicestershire,AM Rahane,PSP Handscomb,EO Leonard,1,0,,,,,,"",""
ball,1,31.4,Leicestershire,PSP Handscomb,AM Rahane,EO Leonard,4,0,,,,,,"",""
ball,1,31.5,Leicestershire,PSP Handscomb,AM Rahane,EO Leonard,4,0,,,,,,"",""
ball,1,31.6,Leicestershire,PSP Handscomb,AM Rahane,EO Leonard,0,0,,,,,,"",""
ball,1,32.1,Leicestershire,AM Rahane,PSP Handscomb,T van der Gugten,0,0,,,,,,"",""
ball,1,32.2,Leicestershire,AM Rahane,PSP Handscomb,T van der Gugten,0,0,,,,,,"",""
ball,1,32.3,Leicestershire,AM Rahane,PSP Handscomb,T van der Gugten,0,0,,,,,,"",""
ball,1,32.4,Leicestershire,AM Rahane,PSP Handscomb,T van der Gugten,0,0,,,,,,caught,AM Rahane
ball,1,32.5,Leicestershire,Rehan Ahmed,PSP Handscomb,T van der Gugten,0,0,,,,,,"",""
ball,1,32.6,Leicestershire,Rehan Ahmed,PSP Handscomb,T van der Gugten,4,0,,,,,,"",""
ball,1,33.1,Leicestershire,PSP Handscomb,Rehan Ahmed,EO Leonard,0,0,,,,,,"",""
ball,1,33.2,Leicestershire,PSP Handscomb,Rehan Ahmed,EO Leonard,0,0,,,,,,"",""
ball,1,33.3,Leicestershire,PSP Handscomb,Rehan Ahmed,EO Leonard,4,0,,,,,,"",""
ball,1,33.4,Leicestershire,PSP Handscomb,Rehan Ahmed,EO Leonard,0,0,,,,,,"",""
ball,1,33.5,Leicestershire,PSP Handscomb,Rehan Ahmed,EO Leonard,1,0,,,,,,"",""
ball,1,33.6,Leicestershire,Rehan Ahmed,PSP Handscomb,EO Leonard,0,0,,,,,,"",""
ball,1,34.1,Leicestershire,PSP Handscomb,Rehan Ahmed,T van der Gugten,1,0,,,,,,"",""
ball,1,34.2,Leicestershire,Rehan Ahmed,PSP Handscomb,T van der Gugten,0,0,,,,,,"",""
ball,1,34.3,Leicestershire,Rehan Ahmed,PSP Handscomb,T van der Gugten,0,0,,,,,,"",""
ball,1,34.4,Leicestershire,Rehan Ahmed,PSP Handscomb,T van der Gugten,4,0,,,,,,"",""
ball,1,34.5,Leicestershire,Rehan Ahmed,PSP Handscomb,T van der Gugten,0,0,,,,,,"",""
ball,1,34.6,Leicestershire,Rehan Ahmed,PSP Handscomb,T van der Gugten,0,0,,,,,,"",""
ball,1,35.1,Leicestershire,PSP Handscomb,Rehan Ahmed,EO Leonard,0,0,,,,,,"",""
ball,1,35.2,Leicestershire,PSP Handscomb,Rehan Ahmed,EO Leonard,1,0,,,,,,"",""
ball,1,35.3,Leicestershire,Rehan Ahmed,PSP Handscomb,EO Leonard,1,0,,,,,,"",""
ball,1,35.4,Leicestershire,PSP Handscomb,Rehan Ahmed,EO Leonard,4,0,,,,,,"",""
ball,1,35.5,Leicestershire,PSP Handscomb,Rehan Ahmed,EO Leonard,0,0,,,,,,"",""
ball,1,35.6,Leicestershire,PSP Handscomb,Rehan Ahmed,EO Leonard,0,0,,,,,,"",""
ball,1,36.1,Leicestershire,Rehan Ahmed,PSP Handscomb,T van der Gugten,0,0,,,,,,"",""
ball,1,36.2,Leicestershire,Rehan Ahmed,PSP Handscomb,T van der Gugten,0,0,,,,,,"",""
ball,1,36.3,Leicestershire,Rehan Ahmed,PSP Handscomb,T van der Gugten,0,0,,,,,,"",""
ball,1,36.4,Leicestershire,Rehan Ahmed,PSP Handscomb,T van der Gugten,0,0,,,,,,"",""
ball,1,36.5,Leicestershire,Rehan Ahmed,PSP Handscomb,T van der Gugten,0,0,,,,,,"",""
ball,1,36.6,Leicestershire,Rehan Ahmed,PSP Handscomb,T van der Gugten,0,0,,,,,,"",""
ball,1,37.1,Leicestershire,PSP Handscomb,Rehan Ahmed,EO Leonard,2,0,,,,,,"",""
ball,1,37.2,Leicestershire,PSP Handscomb,Rehan Ahmed,EO Leonard,0,0,,,,,,"",""
ball,1,37.3,Leicestershire,PSP Handscomb,Rehan Ahmed,EO Leonard,0,0,,,,,,"",""
ball,1,37.4,Leicestershire,PSP Handscomb,Rehan Ahmed,EO Leonard,4,0,,,,,,"",""
ball,1,37.5,Leicestershire,PSP Handscomb,Rehan Ahmed,EO Leonard,0,0,,,,,,"",""
ball,1,37.6,Leicestershire,PSP Handscomb,Rehan Ahmed,EO Leonard,0,0,,,,,,"",""
ball,1,38.1,Leicestershire,Rehan Ahmed,PSP Handscomb,FW Sheat,0,0,,,,,,"",""
ball,1,38.2,Leicestershire,Rehan Ahmed,PSP Handscomb,FW Sheat,0,0,,,,,,"",""
ball,1,38.3,Leicestershire,Rehan Ahmed,PSP Handscomb,FW Sheat,2,0,,,,,,"",""
ball,1,38.4,Leicestershire,Rehan Ahmed,PSP Handscomb,FW Sheat,0,0,,,,,,"",""
ball,1,38.5,Leicestershire,Rehan Ahmed,PSP Handscomb,FW Sheat,0,0,,,,,,"",""
ball,1,38.6,Leicestershire,Rehan Ahmed,PSP Handscomb,FW Sheat,0,0,,,,,,"",""
ball,1,39.1,Leicestershire,PSP Handscomb,Rehan Ahmed,DA Douthwaite,1,0,,,,,,"",""
ball,1,39.2,Leicestershire,Rehan Ahmed,PSP Handscomb,DA Douthwaite,0,0,,,,,,"",""
ball,1,39.3,Leicestershire,Rehan Ahmed,PSP Handscomb,DA Douthwaite,0,0,,,,,,"",""
ball,1,39.4,Leicestershire,Rehan Ahmed,PSP Handscomb,DA Douthwaite,1,0,,,,,,"",""
ball,1,39.5,Leicestershire,PSP Handscomb,Rehan Ahmed,DA Douthwaite,1,0,,,,,,"",""
ball,1,39.6,Leicestershire,Rehan Ahmed,PSP Handscomb,DA Douthwaite,0,0,,,,,,"",""
ball,1,40.1,Leicestershire,PSP Handscomb,Rehan Ahmed,FW Sheat,0,0,,,,,,"",""
ball,1,40.2,Leicestershire,PSP Handscomb,Rehan Ahmed,FW Sheat,0,0,,,,,,"",""
ball,1,40.3,Leicestershire,PSP Handscomb,Rehan Ahmed,FW Sheat,2,0,,,,,,"",""
ball,1,40.4,Leicestershire,PSP Handscomb,Rehan Ahmed,FW Sheat,0,0,,,,,,"",""
ball,1,40.5,Leicestershire,PSP Handscomb,Rehan Ahmed,FW Sheat,4,0,,,,,,"",""
ball,1,40.6,Leicestershire,PSP Handscomb,Rehan Ahmed,FW Sheat,0,0,,,,,,"",""
ball,1,41.1,Leicestershire,Rehan Ahmed,PSP Handscomb,DA Douthwaite,3,0,,,,,,"",""
ball,1,41.2,Leicestershire,PSP Handscomb,Rehan Ahmed,DA Douthwaite,0,2,,2,,,,"",""
ball,1,41.3,Leicestershire,PSP Handscomb,Rehan Ahmed,DA Douthwaite,1,0,,,,,,"",""
ball,1,41.4,Leicestershire,Rehan Ahmed,PSP Handscomb,DA Douthwaite,0,0,,,,,,caught,Rehan Ahmed
ball,1,41.5,Leicestershire,LPJ Kimber,PSP Handscomb,DA Douthwaite,0,0,,,,,,"",""
ball,1,41.6,Leicestershire,LPJ Kimber,PSP Handscomb,DA Douthwaite,1,0,,,,,,"",""
ball,1,41.7,Leicestershire,PSP Handscomb,LPJ Kimber,DA Douthwaite,0,0,,,,,,"",""
ball,1,42.1,Leicestershire,LPJ Kimber,PSP Handscomb,FW Sheat,0,0,,,,,,"",""
ball,1,42.2,Leicestershire,LPJ Kimber,PSP Handscomb,FW Sheat,0,0,,,,,,"",""
ball,1,42.3,Leicestershire,LPJ Kimber,PSP Handscomb,FW Sheat,4,0,,,,,,"",""
ball,1,42.4,Leicestershire,LPJ Kimber,PSP Handscomb,FW Sheat,0,0,,,,,,"",""
ball,1,42.5,Leicestershire,LPJ Kimber,PSP Handscomb,FW Sheat,4,0,,,,,,"",""
ball,1,42.6,Leicestershire,LPJ Kimber,PSP Handscomb,FW Sheat,0,0,,,,,,"",""
ball,1,43.1,Leicestershire,PSP Handscomb,LPJ Kimber,DA Douthwaite,0,0,,,,,,caught,PSP Handscomb
ball,1,43.2,Leicestershire,L Trevaskis,LPJ Kimber,DA Douthwaite,1,0,,,,,,"",""
ball,1,43.3,Leicestershire,LPJ Kimber,L Trevaskis,DA Douthwaite,0,0,,,,,,"",""
ball,1,43.4,Leicestershire,LPJ Kimber,L Trevaskis,DA Douthwaite,0,0,,,,,,"",""
ball,1,43.5,Leicestershire,LPJ Kimber,L Trevaskis,DA Douthwaite,0,0,,,,,,"",""
ball,1,43.6,Leicestershire,LPJ Kimber,L Trevaskis,DA Douthwaite,0,0,,,,,,"",""
ball,1,44.1,Leicestershire,L Trevaskis,LPJ Kimber,FW Sheat,0,0,,,,,,"",""
ball,1,44.2,Leicestershire,L Trevaskis,LPJ Kimber,FW Sheat,0,0,,,,,,"",""
ball,1,44.3,Leicestershire,L Trevaskis,LPJ Kimber,FW Sheat,4,0,,,,,,"",""
ball,1,44.4,Leicestershire,L Trevaskis,LPJ Kimber,FW Sheat,0,0,,,,,,caught,L Trevaskis
ball,1,44.5,Leicestershire,TAR Scriven,LPJ Kimber,FW Sheat,0,0,,,,,,"",""
ball,1,44.6,Leicestershire,TAR Scriven,LPJ Kimber,FW Sheat,0,0,,,,,,"",""
ball,1,45.1,Leicestershire,LPJ Kimber,TAR Scriven,DA Douthwaite,0,0,,,,,,"",""
ball,1,45.2,Leicestershire,LPJ Kimber,TAR Scriven,DA Douthwaite,0,0,,,,,,"",""
ball,1,45.3,Leicestershire,LPJ Kimber,TAR Scriven,DA Douthwaite,1,0,,,,,,"",""
ball,1,45.4,Leicestershire,TAR Scriven,LPJ Kimber,DA Douthwaite,0,0,,,,,,"",""
ball,1,45.5,Leicestershire,TAR Scriven,LPJ Kimber,DA Douthwaite,0,0,,,,,,"",""
ball,1,45.6,Leicestershire,TAR Scriven,LPJ Kimber,DA Douthwaite,4,0,,,,,,"",""
ball,1,46.1,Leicestershire,LPJ Kimber,TAR Scriven,FW Sheat,0,0,,,,,,"",""
ball,1,46.2,Leicestershire,LPJ Kimber,TAR Scriven,FW Sheat,0,0,,,,,,"",""
ball,1,46.3,Leicestershire,LPJ Kimber,TAR Scriven,FW Sheat,0,0,,,,,,"",""
ball,1,46.4,Leicestershire,LPJ Kimber,TAR Scriven,FW Sheat,0,0,,,,,,"",""
ball,1,46.5,Leicestershire,LPJ Kimber,TAR Scriven,FW Sheat,4,0,,,,,,"",""
ball,1,46.6,Leicestershire,LPJ Kimber,TAR Scriven,FW Sheat,1,0,,,,,,"",""
ball,1,47.1,Leicestershire,LPJ Kimber,TAR Scriven,DA Douthwaite,0,0,,,,,,"",""
ball,1,47.2,Leicestershire,LPJ Kimber,TAR Scriven,DA Douthwaite,0,0,,,,,,"",""
ball,1,47.3,Leicestershire,LPJ Kimber,TAR Scriven,DA Douthwaite,2,0,,,,,,"",""
ball,1,47.4,Leicestershire,LPJ Kimber,TAR Scriven,DA Douthwaite,0,0,,,,,,"",""
ball,1,47.5,Leicestershire,LPJ Kimber,TAR Scriven,DA Douthwaite,0,2,,2,,,,"",""
ball,1,47.6,Leicestershire,LPJ Kimber,TAR Scriven,DA Douthwaite,0,0,,,,,,"",""
ball,1,47.7,Leicestershire,LPJ Kimber,TAR Scriven,DA Douthwaite,0,0,,,,,,caught,LPJ Kimber
ball,1,48.1,Leicestershire,TAR Scriven,SB Wood,FW Sheat,0,0,,,,,,"",""
ball,1,48.2,Leicestershire,TAR Scriven,SB Wood,FW Sheat,0,0,,,,,,"",""
ball,1,48.3,Leicestershire,TAR Scriven,SB Wood,FW Sheat,1,0,,,,,,"",""
ball,1,48.4,Leicestershire,SB Wood,TAR Scriven,FW Sheat,0,0,,,,,,"",""
ball,1,48.5,Leicestershire,SB Wood,TAR Scriven,FW Sheat,0,0,,,,,,"",""
ball,1,48.6,Leicestershire,SB Wood,TAR Scriven,FW Sheat,1,0,,,,,,"",""
ball,1,49.1,Leicestershire,SB Wood,TAR Scriven,DA Douthwaite,0,0,,,,,,"",""
ball,1,49.2,Leicestershire,SB Wood,TAR Scriven,DA Douthwaite,0,0,,,,,,"",""
ball,1,49.3,Leicestershire,SB Wood,TAR Scriven,DA Douthwaite,0,0,,,,,,"",""
ball,1,49.4,Leicestershire,SB Wood,TAR Scriven,DA Douthwaite,2,0,,,,,,"",""
ball,1,49.5,Leicestershire,SB Wood,TAR Scriven,DA Douthwaite,1,0,,,,,,"",""
ball,1,49.6,Leicestershire,TAR Scriven,SB Wood,DA Douthwaite,0,0,,,,,,"",""
ball,1,50.1,Leicestershire,SB Wood,TAR Scriven,T van der Gugten,0,0,,,,,,"",""
ball,1,50.2,Leicestershire,SB Wood,TAR Scriven,T van der Gugten,3,0,,,,,,"",""
ball,1,50.3,Leicestershire,TAR Scriven,SB Wood,T van der Gugten,0,0,,,,,,"",""
ball,1,50.4,Leicestershire,TAR Scriven,SB Wood,T van der Gugten,0,0,,,,,,"",""
ball,1,50.5,Leicestershire,TAR Scriven,SB Wood,T van der Gugten,0,0,,,,,,"",""
ball,1,50.6,Leicestershire,TAR Scriven,SB Wood,T van der Gugten,1,0,,,,,,"",""
ball,1,51.1,Leicestershire,TAR Scriven,SB Wood,EO Leonard,1,0,,,,,,"",""
ball,1,51.2,Leicestershire,SB Wood,TAR Scriven,EO Leonard,0,0,,,,,,"",""
ball,1,51.3,Leicestershire,SB Wood,TAR Scriven,EO Leonard,0,0,,,,,,"",""
ball,1,51.4,Leicestershire,SB Wood,TAR Scriven,EO Leonard,0,0,,,,,,"",""
ball,1,51.5,Leicestershire,SB Wood,TAR Scriven,EO Leonard,2,0,,,,,,"",""
ball,1,51.6,Leicestershire,SB Wood,TAR Scriven,EO Leonard,0,0,,,,,,"",""
ball,1,52.1,Leicestershire,TAR Scriven,SB Wood,T van der Gugten,0,0,,,,,,"",""
ball,1,52.2,Leicestershire,TAR Scriven,SB Wood,T van der Gugten,0,0,,,,,,"",""
ball,1,52.3,Leicestershire,TAR Scriven,SB Wood,T van der Gugten,0,0,,,,,,"",""
ball,1,52.4,Leicestershire,TAR Scriven,SB Wood,T van der Gugten,0,0,,,,,,"",""
ball,1,52.5,Leicestershire,TAR Scriven,SB Wood,T van der Gugten,0,0,,,,,,"",""
ball,1,52.6,Leicestershire,TAR Scriven,SB Wood,T van der Gugten,0,0,,,,,,"",""
ball,1,53.1,Leicestershire,SB Wood,TAR Scriven,EO Leonard,0,0,,,,,,"",""
ball,1,53.2,Leicestershire,SB Wood,TAR Scriven,EO Leonard,0,0,,,,,,"",""
ball,1,53.3,Leicestershire,SB Wood,TAR Scriven,EO Leonard,0,0,,,,,,"",""
ball,1,53.4,Leicestershire,SB Wood,TAR Scriven,EO Leonard,0,0,,,,,,"",""
ball,1,53.5,Leicestershire,SB Wood,TAR Scriven,EO Leonard,0,0,,,,,,"",""
ball,1,53.6,Leicestershire,SB Wood,TAR Scriven,EO Leonard,0,0,,,,,,"",""
ball,1,54.1,Leicestershire,TAR Scriven,SB Wood,T van der Gugten,1,0,,,,,,"",""
ball,1,54.2,Leicestershire,SB Wood,TAR Scriven,T van der Gugten,0,0,,,,,,"",""
ball,1,54.3,Leicestershire,SB Wood,TAR Scriven,T van der Gugten,4,0,,,,,,"",""
ball,1,54.4,Leicestershire,SB Wood,TAR Scriven,T van der Gugten,0,0,,,,,,"",""
ball,1,54.5,Leicestershire,SB Wood,TAR Scriven,T van der Gugten,0,0,,,,,,"",""
ball,1,54.6,Leicestershire,SB Wood,TAR Scriven,T van der Gugten,0,0,,,,,,"",""
ball,1,55.1,Leicestershire,TAR Scriven,SB Wood,MS Crane,0,0,,,,,,"",""
ball,1,55.2,Leicestershire,TAR Scriven,SB Wood,MS Crane,1,0,,,,,,"",""
ball,1,55.3,Leicestershire,SB Wood,TAR Scriven,MS Crane,0,0,,,,,,"",""
ball,1,55.4,Leicestershire,SB Wood,TAR Scriven,MS Crane,0,0,,,,,,"",""
ball,1,55.5,Leicestershire,SB Wood,TAR Scriven,MS Crane,0,0,,,,,,"",""
ball,1,55.6,Leicestershire,SB Wood,TAR Scriven,MS Crane,0,0,,,,,,"",""
ball,1,56.1,Leicestershire,TAR Scriven,SB Wood,T van der Gugten,4,0,,,,,,"",""
ball,1,56.2,Leicestershire,TAR Scriven,SB Wood,T van der Gugten,2,0,,,,,,"",""
ball,1,56.3,Leicestershire,TAR Scriven,SB Wood,T van der Gugten,0,0,,,,,,"",""
ball,1,56.4,Leicestershire,TAR Scriven,SB Wood,T van der Gugten,1,0,,,,,,"",""
ball,1,56.5,Leicestershire,SB Wood,TAR Scriven,T van der Gugten,0,0,,,,,,"",""
ball,1,56.6,Leicestershire,SB Wood,TAR Scriven,T van der Gugten,0,0,,,,,,"",""
ball,1,57.1,Leicestershire,TAR Scriven,SB Wood,MS Crane,6,0,,,,,,"",""
ball,1,57.2,Leicestershire,TAR Scriven,SB Wood,MS Crane,1,0,,,,,,"",""
ball,1,57.3,Leicestershire,SB Wood,TAR Scriven,MS Crane,0,0,,,,,,"",""
ball,1,57.4,Leicestershire,SB Wood,TAR Scriven,MS Crane,6,0,,,,,,"",""
ball,1,57.5,Leicestershire,SB Wood,TAR Scriven,MS Crane,0,0,,,,,,"",""
ball,1,57.6,Leicestershire,SB Wood,TAR Scriven,MS Crane,0,0,,,,,,"",""
ball,1,58.1,Leicestershire,TAR Scriven,SB Wood,EO Leonard,0,0,,,,,,"",""
ball,1,58.2,Leicestershire,TAR Scriven,SB Wood,EO Leonard,0,0,,,,,,"",""
ball,1,58.3,Leicestershire,TAR Scriven,SB Wood,EO Leonard,0,0,,,,,,"",""
ball,1,58.4,Leicestershire,TAR Scriven,SB Wood,EO Leonard,0,0,,,,,,"",""
ball,1,58.5,Leicestershire,TAR Scriven,SB Wood,EO Leonard,0,0,,,,,,"",""
ball,1,58.6,Leicestershire,TAR Scriven,SB Wood,EO Leonard,0,0,,,,,,"",""
ball,1,59.1,Leicestershire,SB Wood,TAR Scriven,MS Crane,0,0,,,,,,"",""
ball,1,59.2,Leicestershire,SB Wood,TAR Scriven,MS Crane,1,0,,,,,,"",""
ball,1,59.3,Leicestershire,TAR Scriven,SB Wood,MS Crane,0,0,,,,,,"",""
ball,1,59.4,Leicestershire,TAR Scriven,SB Wood,MS Crane,0,0,,,,,,"",""
ball,1,59.5,Leicestershire,TAR Scriven,SB Wood,MS Crane,0,0,,,,,,"",""
ball,1,59.6,Leicestershire,TAR Scriven,SB Wood,MS Crane,0,0,,,,,,"",""
ball,1,60.1,Leicestershire,SB Wood,TAR Scriven,EO Leonard,0,0,,,,,,"",""
ball,1,60.2,Leicestershire,SB Wood,TAR Scriven,EO Leonard,0,0,,,,,,"",""
ball,1,60.3,Leicestershire,SB Wood,TAR Scriven,EO Leonard,0,0,,,,,,"",""
ball,1,60.4,Leicestershire,SB Wood,TAR Scriven,EO Leonard,0,0,,,,,,"",""
ball,1,60.5,Leicestershire,SB Wood,TAR Scriven,EO Leonard,0,0,,,,,,"",""
ball,1,60.6,Leicestershire,SB Wood,TAR Scriven,EO Leonard,1,0,,,,,,"",""
ball,1,61.1,Leicestershire,SB Wood,TAR Scriven,MS Crane,2,0,,,,,,"",""
ball,1,61.2,Leicestershire,SB Wood,TAR Scriven,MS Crane,0,0,,,,,,"",""
ball,1,61.3,Leicestershire,SB Wood,TAR Scriven,MS Crane,0,0,,,,,,"",""
ball,1,61.4,Leicestershire,SB Wood,TAR Scriven,MS Crane,1,0,,,,,,"",""
ball,1,61.5,Leicestershire,TAR Scriven,SB Wood,MS Crane,0,0,,,,,,"",""
ball,1,61.6,Leicestershire,TAR Scriven,SB Wood,MS Crane,0,0,,,,,,"",""
ball,1,62.1,Leicestershire,SB Wood,TAR Scriven,EO Leonard,0,0,,,,,,"",""
ball,1,62.2,Leicestershire,SB Wood,TAR Scriven,EO Leonard,0,0,,,,,,"",""
ball,1,62.3,Leicestershire,SB Wood,TAR Scriven,EO Leonard,0,0,,,,,,"",""
ball,1,62.4,Leicestershire,SB Wood,TAR Scriven,EO Leonard,0,0,,,,,,"",""
ball,1,62.5,Leicestershire,SB Wood,TAR Scriven,EO Leonard,0,0,,,,,,"",""
ball,1,62.6,Leicestershire,SB Wood,TAR Scriven,EO Leonard,1,0,,,,,,"",""
ball,1,63.1,Leicestershire,SB Wood,TAR Scriven,MS Crane,0,0,,,,,,"",""
ball,1,63.2,Leicestershire,SB Wood,TAR Scriven,MS Crane,0,0,,,,,,"",""
ball,1,63.3,Leicestershire,SB Wood,TAR Scriven,MS Crane,0,0,,,,,,"",""
ball,1,63.4,Leicestershire,SB Wood,TAR Scriven,MS Crane,0,0,,,,,,"",""
ball,1,63.5,Leicestershire,SB Wood,TAR Scriven,MS Crane,4,0,,,,,,"",""
ball,1,63.6,Leicestershire,SB Wood,TAR Scriven,MS Crane,1,0,,,,,,"",""
ball,1,64.1,Leicestershire,SB Wood,TAR Scriven,FW Sheat,0,0,,,,,,"",""
ball,1,64.2,Leicestershire,SB Wood,TAR Scriven,FW Sheat,0,0,,,,,,"",""
ball,1,64.3,Leicestershire,SB Wood,TAR Scriven,FW Sheat,0,0,,,,,,"",""
ball,1,64.4,Leicestershire,SB Wood,TAR Scriven,FW Sheat,0,0,,,,,,"",""
ball,1,64.5,Leicestershire,SB Wood,TAR Scriven,FW Sheat,0,0,,,,,,"",""
ball,1,64.6,Leicestershire,SB Wood,TAR Scriven,FW Sheat,0,0,,,,,,"",""
ball,1,65.1,Leicestershire,TAR Scriven,SB Wood,DA Douthwaite,0,0,,,,,,"",""
ball,1,65.2,Leicestershire,TAR Scriven,SB Wood,DA Douthwaite,2,0,,,,,,"",""
ball,1,65.3,Leicestershire,TAR Scriven,SB Wood,DA Douthwaite,0,0,,,,,,"",""
ball,1,65.4,Leicestershire,TAR Scriven,SB Wood,DA Douthwaite,0,0,,,,,,"",""
ball,1,65.5,Leicestershire,TAR Scriven,SB Wood,DA Douthwaite,0,0,,,,,,caught,TAR Scriven
ball,1,65.6,Leicestershire,CJC Wright,SB Wood,DA Douthwaite,1,0,,,,,,"",""
ball,1,66.1,Leicestershire,CJC Wright,SB Wood,FW Sheat,2,0,,,,,,"",""
ball,1,66.2,Leicestershire,CJC Wright,SB Wood,FW Sheat,2,0,,,,,,"",""
ball,1,66.3,Leicestershire,CJC Wright,SB Wood,FW Sheat,0,0,,,,,,"",""
ball,1,66.4,Leicestershire,CJC Wright,SB Wood,FW Sheat,4,0,,,,,,"",""
ball,1,66.5,Leicestershire,CJC Wright,SB Wood,FW Sheat,1,0,,,,,,"",""
ball,1,66.6,Leicestershire,SB Wood,CJC Wright,FW Sheat,0,0,,,,,,"",""
ball,1,67.1,Leicestershire,CJC Wright,SB Wood,DA Douthwaite,0,0,,,,,,"",""
ball,1,67.2,Leicestershire,CJC Wright,SB Wood,DA Douthwaite,0,0,,,,,,"",""
ball,1,67.3,Leicestershire,CJC Wright,SB Wood,DA Douthwaite,2,0,,,,,,"",""
ball,1,67.4,Leicestershire,CJC Wright,SB Wood,DA Douthwaite,0,0,,,,,,"",""
ball,1,67.5,Leicestershire,CJC Wright,SB Wood,DA Douthwaite,2,0,,,,,,"",""
ball,1,67.6,Leicestershire,CJC Wright,SB Wood,DA Douthwaite,0,0,,,,,,"",""
ball,1,68.1,Leicestershire,SB Wood,CJC Wright,FW Sheat,0,0,,,,,,"",""
ball,1,68.2,Leicestershire,SB Wood,CJC Wright,FW Sheat,0,0,,,,,,"",""
ball,1,68.3,Leicestershire,SB Wood,CJC Wright,FW Sheat,4,0,,,,,,"",""
ball,1,68.4,Leicestershire,SB Wood,CJC Wright,FW Sheat,0,0,,,,,,"",""
ball,1,68.5,Leicestershire,SB Wood,CJC Wright,FW Sheat,0,0,,,,,,caught,SB Wood
ball,2,0.1,Glamorgan,SA Northeast,AM Tribe,IG Holland,0,0,,,,,,caught,SA Northeast
ball,2,0.2,Glamorgan,CA Ingram,AM Tribe,IG Holland,0,0,,,,,,"",""
ball,2,0.3,Glamorgan,CA Ingram,AM Tribe,IG Holland,0,0,,,,,,"",""
ball,2,0.4,Glamorgan,CA Ingram,AM Tribe,IG Holland,4,0,,,,,,"",""
ball,2,0.5,Glamorgan,CA Ingram,AM Tribe,IG Holland,0,0,,,,,,"",""
ball,2,0.6,Glamorgan,CA Ingram,AM Tribe,IG Holland,0,0,,,,,,"",""
ball,2,1.1,Glamorgan,AM Tribe,CA Ingram,CJC Wright,0,0,,,,,,"",""
ball,2,1.2,Glamorgan,AM Tribe,CA Ingram,CJC Wright,0,0,,,,,,"",""
ball,2,1.3,Glamorgan,AM Tribe,CA Ingram,CJC Wright,0,0,,,,,,"",""
ball,2,1.4,Glamorgan,AM Tribe,CA Ingram,CJC Wright,0,0,,,,,,"",""
ball,2,1.5,Glamorgan,AM Tribe,CA Ingram,CJC Wright,0,0,,,,,,"",""
ball,2,1.6,Glamorgan,AM Tribe,CA Ingram,CJC Wright,0,0,,,,,,"",""
ball,2,2.1,Glamorgan,CA Ingram,AM Tribe,IG Holland,0,0,,,,,,"",""
ball,2,2.2,Glamorgan,CA Ingram,AM Tribe,IG Holland,0,0,,,,,,"",""
ball,2,2.3,Glamorgan,CA Ingram,AM Tribe,IG Holland,0,0,,,,,,"",""
ball,2,2.4,Glamorgan,CA Ingram,AM Tribe,IG Holland,0,0,,,,,,"",""
ball,2,2.5,Glamorgan,CA Ingram,AM Tribe,IG Holland,1,0,,,,,,"",""
ball,2,2.6,Glamorgan,AM Tribe,CA Ingram,IG Holland,0,0,,,,,,"",""
ball,2,3.1,Glamorgan,CA Ingram,AM Tribe,CJC Wright,0,0,,,,,,"",""
ball,2,3.2,Glamorgan,CA Ingram,AM Tribe,CJC Wright,3,0,,,,,,"",""
ball,2,3.3,Glamorgan,AM Tribe,CA Ingram,CJC Wright,0,0,,,,,,"",""
ball,2,3.4,Glamorgan,AM Tribe,CA Ingram,CJC Wright,0,0,,,,,,"",""
ball,2,3.5,Glamorgan,AM Tribe,CA Ingram,CJC Wright,0,0,,,,,,"",""
ball,2,3.6,Glamorgan,AM Tribe,CA Ingram,CJC Wright,0,0,,,,,,"",""
ball,2,4.1,Glamorgan,CA Ingram,AM Tribe,IG Holland,4,0,,,,,,"",""
ball,2,4.2,Glamorgan,CA Ingram,AM Tribe,IG Holland,0,0,,,,,,"",""
ball,2,4.3,Glamorgan,CA Ingram,AM Tribe,IG Holland,0,0,,,,,,"",""
ball,2,4.4,Glamorgan,CA Ingram,AM Tribe,IG Holland,0,0,,,,,,"",""
ball,2,4.5,Glamorgan,CA Ingram,AM Tribe,IG Holland,0,0,,,,,,"",""
ball,2,4.6,Glamorgan,CA Ingram,AM Tribe,IG Holland,1,0,,,,,,"",""
ball,2,5.1,Glamorgan,CA Ingram,AM Tribe,CJC Wright,0,0,,,,,,"",""
ball,2,5.2,Glamorgan,CA Ingram,AM Tribe,CJC Wright,0,0,,,,,,"",""
ball,2,5.3,Glamorgan,CA Ingram,AM Tribe,CJC Wright,0,0,,,,,,"",""
ball,2,5.4,Glamorgan,CA Ingram,AM Tribe,CJC Wright,0,0,,,,,,"",""
ball,2,5.5,Glamorgan,CA Ingram,AM Tribe,CJC Wright,0,0,,,,,,"",""
ball,2,5.6,Glamorgan,CA Ingram,AM Tribe,CJC Wright,2,0,,,,,,"",""
ball,2,6.1,Glamorgan,AM Tribe,CA Ingram,IG Holland,0,0,,,,,,"",""
ball,2,6.2,Glamorgan,AM Tribe,CA Ingram,IG Holland,2,0,,,,,,"",""
ball,2,6.3,Glamorgan,AM Tribe,CA Ingram,IG Holland,0,0,,,,,,"",""
ball,2,6.4,Glamorgan,AM Tribe,CA Ingram,IG Holland,0,0,,,,,,"",""
ball,2,6.5,Glamorgan,AM Tribe,CA Ingram,IG Holland,0,0,,,,,,"",""
ball,2,6.6,Glamorgan,AM Tribe,CA Ingram,IG Holland,0,0,,,,,,"",""
ball,2,7.1,Glamorgan,CA Ingram,AM Tribe,CJC Wright,0,0,,,,,,"",""
ball,2,7.2,Glamorgan,CA Ingram,AM Tribe,CJC Wright,0,0,,,,,,"",""
ball,2,7.3,Glamorgan,CA Ingram,AM Tribe,CJC Wright,0,0,,,,,,"",""
ball,2,7.4,Glamorgan,CA Ingram,AM Tribe,CJC Wright,0,0,,,,,,"",""
ball,2,7.5,Glamorgan,CA Ingram,AM Tribe,CJC Wright,1,0,,,,,,"",""
ball,2,7.6,Glamorgan,AM Tribe,CA Ingram,CJC Wright,2,0,,,,,,"",""
ball,2,8.1,Glamorgan,CA Ingram,AM Tribe,IG Holland,4,0,,,,,,"",""
ball,2,8.2,Glamorgan,CA Ingram,AM Tribe,IG Holland,3,0,,,,,,"",""
ball,2,8.3,Glamorgan,AM Tribe,CA Ingram,IG Holland,0,0,,,,,,bowled,AM Tribe
ball,2,8.4,Glamorgan,KS Carlson,CA Ingram,IG Holland,0,0,,,,,,"",""
ball,2,8.5,Glamorgan,KS Carlson,CA Ingram,IG Holland,0,0,,,,,,"",""
ball,2,8.6,Glamorgan,KS Carlson,CA Ingram,IG Holland,3,0,,,,,,"",""
ball,2,9.1,Glamorgan,KS Carlson,CA Ingram,CJC Wright,2,0,,,,,,"",""
ball,2,9.2,Glamorgan,KS Carlson,CA Ingram,CJC Wright,4,0,,,,,,"",""
ball,2,9.3,Glamorgan,KS Carlson,CA Ingram,CJC Wright,0,0,,,,,,"",""
ball,2,9.4,Glamorgan,KS Carlson,CA Ingram,CJC Wright,1,0,,,,,,"",""
ball,2,9.5,Glamorgan,CA Ingram,KS Carlson,CJC Wright,0,0,,,,,,"",""
ball,2,9.6,Glamorgan,CA Ingram,KS Carlson,CJC Wright,0,0,,,,,,"",""
ball,2,10.1,Glamorgan,KS Carlson,CA Ingram,IG Holland,0,0,,,,,,"",""
ball,2,10.2,Glamorgan,KS Carlson,CA Ingram,IG Holland,0,4,,,,4,,"",""
ball,2,10.3,Glamorgan,KS Carlson,CA Ingram,IG Holland,0,0,,,,,,"",""
ball,2,10.4,Glamorgan,KS Carlson,CA Ingram,IG Holland,4,0,,,,,,"",""
ball,2,10.5,Glamorgan,KS Carlson,CA Ingram,IG Holland,0,0,,,,,,"",""
ball,2,10.6,Glamorgan,KS Carlson,CA Ingram,IG Holland,0,0,,,,,,"",""
ball,2,11.1,Glamorgan,CA Ingram,KS Carlson,TAR Scriven,0,0,,,,,,"",""
ball,2,11.2,Glamorgan,CA Ingram,KS Carlson,TAR Scriven,0,1,,,,1,,"",""
ball,2,11.3,Glamorgan,KS Carlson,CA Ingram,TAR Scriven,4,0,,,,,,"",""
ball,2,11.4,Glamorgan,KS Carlson,CA Ingram,TAR Scriven,2,0,,,,,,"",""
ball,2,11.5,Glamorgan,KS Carlson,CA Ingram,TAR Scriven,0,0,,,,,,"",""
ball,2,11.6,Glamorgan,KS Carlson,CA Ingram,TAR Scriven,3,0,,,,,,"",""
ball,2,12.1,Glamorgan,KS Carlson,CA Ingram,IG Holland,0,0,,,,,,"",""
ball,2,12.2,Glamorgan,KS Carlson,CA Ingram,IG Holland,0,0,,,,,,"",""
ball,2,12.3,Glamorgan,KS Carlson,CA Ingram,IG Holland,1,0,,,,,,"",""
ball,2,12.4,Glamorgan,CA Ingram,KS Carlson,IG Holland,0,0,,,,,,"",""
ball,2,12.5,Glamorgan,CA Ingram,KS Carlson,IG Holland,2,0,,,,,,"",""
ball,2,12.6,Glamorgan,CA Ingram,KS Carlson,IG Holland,4,0,,,,,,"",""
ball,2,13.1,Glamorgan,KS Carlson,CA Ingram,TAR Scriven,0,0,,,,,,"",""
ball,2,13.2,Glamorgan,KS Carlson,CA Ingram,TAR Scriven,0,0,,,,,,"",""
ball,2,13.3,Glamorgan,KS Carlson,CA Ingram,TAR Scriven,0,0,,,,,,"",""
ball,2,13.4,Glamorgan,KS Carlson,CA Ingram,TAR Scriven,0,0,,,,,,"",""
ball,2,13.5,Glamorgan,KS Carlson,CA Ingram,TAR Scriven,0,0,,,,,,"",""
ball,2,13.6,Glamorgan,KS Carlson,CA Ingram,TAR Scriven,0,0,,,,,,"",""
ball,2,14.1,Glamorgan,CA Ingram,KS Carlson,SB Wood,0,0,,,,,,"",""
ball,2,14.2,Glamorgan,CA Ingram,KS Carlson,SB Wood,0,0,,,,,,"",""
ball,2,14.3,Glamorgan,CA Ingram,KS Carlson,SB Wood,4,0,,,,,,"",""
ball,2,14.4,Glamorgan,CA Ingram,KS Carlson,SB Wood,0,0,,,,,,"",""
ball,2,14.5,Glamorgan,CA Ingram,KS Carlson,SB Wood,4,0,,,,,,"",""
ball,2,14.6,Glamorgan,CA Ingram,KS Carlson,SB Wood,0,0,,,,,,"",""
ball,2,15.1,Glamorgan,KS Carlson,CA Ingram,TAR Scriven,0,0,,,,,,"",""
ball,2,15.2,Glamorgan,KS Carlson,CA Ingram,TAR Scriven,1,0,,,,,,"",""
ball,2,15.3,Glamorgan,CA Ingram,KS Carlson,TAR Scriven,0,0,,,,,,"",""
ball,2,15.4,Glamorgan,CA Ingram,KS Carlson,TAR Scriven,0,0,,,,,,"",""
ball,2,15.5,Glamorgan,CA Ingram,KS Carlson,TAR Scriven,0,0,,,,,,"",""
ball,2,15.6,Glamorgan,CA Ingram,KS Carlson,TAR Scriven,0,0,,,,,,"",""
ball,2,16.1,Glamorgan,KS Carlson,CA Ingram,SB Wood,1,0,,,,,,"",""
ball,2,16.2,Glamorgan,CA Ingram,KS Carlson,SB Wood,0,0,,,,,,"",""
ball,2,16.3,Glamorgan,CA Ingram,KS Carlson,SB Wood,0,0,,,,,,"",""
ball,2,16.4,Glamorgan,CA Ingram,KS Carlson,SB Wood,0,0,,,,,,"",""
ball,2,16.5,Glamorgan,CA Ingram,KS Carlson,SB Wood,0,0,,,,,,"",""
ball,2,16.6,Glamorgan,CA Ingram,KS Carlson,SB Wood,1,0,,,,,,"",""
ball,2,17.1,Glamorgan,CA Ingram,KS Carlson,TAR Scriven,0,0,,,,,,"",""
ball,2,17.2,Glamorgan,CA Ingram,KS Carlson,TAR Scriven,2,0,,,,,,"",""
ball,2,17.3,Glamorgan,CA Ingram,KS Carlson,TAR Scriven,4,0,,,,,,"",""
ball,2,17.4,Glamorgan,CA Ingram,KS Carlson,TAR Scriven,0,0,,,,,,"",""
ball,2,17.5,Glamorgan,CA Ingram,KS Carlson,TAR Scriven,0,0,,,,,,"",""
ball,2,17.6,Glamorgan,CA Ingram,KS Carlson,TAR Scriven,0,0,,,,,,"",""
ball,2,18.1,Glamorgan,KS Carlson,CA Ingram,SB Wood,0,0,,,,,,"",""
ball,2,18.2,Glamorgan,KS Carlson,CA Ingram,SB Wood,1,0,,,,,,"",""
ball,2,18.3,Glamorgan,CA Ingram,KS Carlson,SB Wood,3,0,,,,,,"",""
ball,2,18.4,Glamorgan,KS Carlson,CA Ingram,SB Wood,4,0,,,,,,"",""
ball,2,18.5,Glamorgan,KS Carlson,CA Ingram,SB Wood,0,0,,,,,,"",""
ball,2,18.6,Glamorgan,KS Carlson,CA Ingram,SB Wood,1,0,,,,,,"",""
ball,2,19.1,Glamorgan,KS Carlson,CA Ingram,TAR Scriven,0,0,,,,,,"",""
ball,2,19.2,Glamorgan,KS Carlson,CA Ingram,TAR Scriven,0,0,,,,,,"",""
ball,2,19.3,Glamorgan,KS Carlson,CA Ingram,TAR Scriven,0,0,,,,,,"",""
ball,2,19.4,Glamorgan,KS Carlson,CA Ingram,TAR Scriven,4,0,,,,,,"",""
ball,2,19.5,Glamorgan,KS Carlson,CA Ingram,TAR Scriven,0,0,,,,,,"",""
ball,2,19.6,Glamorgan,KS Carlson,CA Ingram,TAR Scriven,4,0,,,,,,"",""
ball,2,20.1,Glamorgan,CA Ingram,KS Carlson,Rehan Ahmed,0,0,,,,,,"",""
ball,2,20.2,Glamorgan,CA Ingram,KS Carlson,Rehan Ahmed,0,0,,,,,,"",""
ball,2,20.3,Glamorgan,CA Ingram,KS Carlson,Rehan Ahmed,0,0,,,,,,"",""
ball,2,20.4,Glamorgan,CA Ingram,KS Carlson,Rehan Ahmed,0,0,,,,,,"",""
ball,2,20.5,Glamorgan,CA Ingram,KS Carlson,Rehan Ahmed,0,0,,,,,,"",""
ball,2,20.6,Glamorgan,CA Ingram,KS Carlson,Rehan Ahmed,1,0,,,,,,"",""
ball,2,21.1,Glamorgan,CA Ingram,KS Carlson,IG Holland,4,0,,,,,,"",""
ball,2,21.2,Glamorgan,CA Ingram,KS Carlson,IG Holland,4,0,,,,,,"",""
ball,2,21.3,Glamorgan,CA Ingram,KS Carlson,IG Holland,0,0,,,,,,"",""
ball,2,21.4,Glamorgan,CA Ingram,KS Carlson,IG Holland,4,0,,,,,,"",""
ball,2,21.5,Glamorgan,CA Ingram,KS Carlson,IG Holland,0,0,,,,,,"",""
ball,2,21.6,Glamorgan,CA Ingram,KS Carlson,IG Holland,0,0,,,,,,"",""
ball,2,22.1,Glamorgan,KS Carlson,CA Ingram,Rehan Ahmed,0,0,,,,,,"",""
ball,2,22.2,Glamorgan,KS Carlson,CA Ingram,Rehan Ahmed,0,0,,,,,,"",""
ball,2,22.3,Glamorgan,KS Carlson,CA Ingram,Rehan Ahmed,0,0,,,,,,"",""
ball,2,22.4,Glamorgan,KS Carlson,CA Ingram,Rehan Ahmed,0,0,,,,,,"",""
ball,2,22.5,Glamorgan,KS Carlson,CA Ingram,Rehan Ahmed,0,0,,,,,,"",""
ball,2,22.6,Glamorgan,KS Carlson,CA Ingram,Rehan Ahmed,0,0,,,,,,"",""
ball,2,23.1,Glamorgan,CA Ingram,KS Carlson,IG Holland,1,0,,,,,,"",""
ball,2,23.2,Glamorgan,KS Carlson,CA Ingram,IG Holland,0,0,,,,,,"",""
ball,2,23.3,Glamorgan,KS Carlson,CA Ingram,IG Holland,1,0,,,,,,"",""
ball,2,23.4,Glamorgan,CA Ingram,KS Carlson,IG Holland,0,0,,,,,,"",""
ball,2,23.5,Glamorgan,CA Ingram,KS Carlson,IG Holland,0,0,,,,,,"",""
ball,2,23.6,Glamorgan,CA Ingram,KS Carlson,IG Holland,1,0,,,,,,"",""
ball,2,24.1,Glamorgan,CA Ingram,KS Carlson,Rehan Ahmed,1,0,,,,,,"",""
ball,2,24.2,Glamorgan,KS Carlson,CA Ingram,Rehan Ahmed,0,0,,,,,,"",""
ball,2,24.3,Glamorgan,KS Carlson,CA Ingram,Rehan Ahmed,0,0,,,,,,"",""
ball,2,24.4,Glamorgan,KS Carlson,CA Ingram,Rehan Ahmed,0,0,,,,,,"",""
ball,2,24.5,Glamorgan,KS Carlson,CA Ingram,Rehan Ahmed,1,0,,,,,,"",""
ball,2,24.6,Glamorgan,CA Ingram,KS Carlson,Rehan Ahmed,0,0,,,,,,"",""
ball,2,25.1,Glamorgan,KS Carlson,CA Ingram,CJC Wright,0,0,,,,,,"",""
ball,2,25.2,Glamorgan,KS Carlson,CA Ingram,CJC Wright,0,0,,,,,,"",""
ball,2,25.3,Glamorgan,KS Carlson,CA Ingram,CJC Wright,1,0,,,,,,"",""
ball,2,25.4,Glamorgan,CA Ingram,KS Carlson,CJC Wright,1,0,,,,,,"",""
ball,2,25.5,Glamorgan,KS Carlson,CA Ingram,CJC Wright,0,0,,,,,,"",""
ball,2,25.6,Glamorgan,KS Carlson,CA Ingram,CJC Wright,0,0,,,,,,"",""
ball,2,26.1,Glamorgan,CA Ingram,KS Carlson,TAR Scriven,0,0,,,,,,"",""
ball,2,26.2,Glamorgan,CA Ingram,KS Carlson,TAR Scriven,0,0,,,,,,"",""
ball,2,26.3,Glamorgan,CA Ingram,KS Carlson,TAR Scriven,0,0,,,,,,"",""
ball,2,26.4,Glamorgan,CA Ingram,KS Carlson,TAR Scriven,0,0,,,,,,"",""
ball,2,26.5,Glamorgan,CA Ingram,KS Carlson,TAR Scriven,0,0,,,,,,"",""
ball,2,26.6,Glamorgan,CA Ingram,KS Carlson,TAR Scriven,0,0,,,,,,"",""
ball,2,27.1,Glamorgan,KS Carlson,CA Ingram,CJC Wright,0,0,,,,,,"",""
ball,2,27.2,Glamorgan,KS Carlson,CA Ingram,CJC Wright,0,0,,,,,,"",""
ball,2,27.3,Glamorgan,KS Carlson,CA Ingram,CJC Wright,0,0,,,,,,"",""
ball,2,27.4,Glamorgan,KS Carlson,CA Ingram,CJC Wright,0,0,,,,,,"",""
ball,2,27.5,Glamorgan,KS Carlson,CA Ingram,CJC Wright,1,0,,,,,,"",""
ball,2,27.6,Glamorgan,CA Ingram,KS Carlson,CJC Wright,0,0,,,,,,"",""
ball,2,28.1,Glamorgan,KS Carlson,CA Ingram,TAR Scriven,0,0,,,,,,"",""
ball,2,28.2,Glamorgan,KS Carlson,CA Ingram,TAR Scriven,2,0,,,,,,"",""
ball,2,28.3,Glamorgan,KS Carlson,CA Ingram,TAR Scriven,0,0,,,,,,"",""
ball,2,28.4,Glamorgan,KS Carlson,CA Ingram,TAR Scriven,1,0,,,,,,"",""
ball,2,28.5,Glamorgan,CA Ingram,KS Carlson,TAR Scriven,0,0,,,,,,"",""
ball,2,28.6,Glamorgan,CA Ingram,KS Carlson,TAR Scriven,0,0,,,,,,"",""
ball,2,29.1,Glamorgan,KS Carlson,CA Ingram,CJC Wright,0,0,,,,,,"",""
ball,2,29.2,Glamorgan,KS Carlson,CA Ingram,CJC Wright,0,0,,,,,,"",""
ball,2,29.3,Glamorgan,KS Carlson,CA Ingram,CJC Wright,1,0,,,,,,"",""
ball,2,29.4,Glamorgan,CA Ingram,KS Carlson,CJC Wright,0,0,,,,,,"",""
ball,2,29.5,Glamorgan,CA Ingram,KS Carlson,CJC Wright,0,0,,,,,,"",""
ball,2,29.6,Glamorgan,CA Ingram,KS Carlson,CJC Wright,0,0,,,,,,"",""
ball,2,30.1,Glamorgan,KS Carlson,CA Ingram,TAR Scriven,0,0,,,,,,"",""
ball,2,30.2,Glamorgan,KS Carlson,CA Ingram,TAR Scriven,0,0,,,,,,"",""
ball,2,30.3,Glamorgan,KS Carlson,CA Ingram,TAR Scriven,0,0,,,,,,"",""
ball,2,30.4,Glamorgan,KS Carlson,CA Ingram,TAR Scriven,2,0,,,,,,"",""
ball,2,30.5,Glamorgan,KS Carlson,CA Ingram,TAR Scriven,0,1,,,,1,,"",""
ball,2,30.6,Glamorgan,CA Ingram,KS Carlson,TAR Scriven,4,0,,,,,,"",""
ball,2,31.1,Glamorgan,KS Carlson,CA Ingram,CJC Wright,0,0,,,,,,"",""
ball,2,31.2,Glamorgan,KS Carlson,CA Ingram,CJC Wright,4,0,,,,,,"",""
ball,2,31.3,Glamorgan,KS Carlson,CA Ingram,CJC Wright,0,0,,,,,,"",""
ball,2,31.4,Glamorgan,KS Carlson,CA Ingram,CJC Wright,2,0,,,,,,"",""
ball,2,31.5,Glamorgan,KS Carlson,CA Ingram,CJC Wright,0,0,,,,,,"",""
ball,2,31.6,Glamorgan,KS Carlson,CA Ingram,CJC Wright,0,0,,,,,,"",""
ball,2,32.1,Glamorgan,CA Ingram,KS Carlson,TAR Scriven,4,0,,,,,,"",""
ball,2,32.2,Glamorgan,CA Ingram,KS Carlson,TAR Scriven,0,0,,,,,,"",""
ball,2,32.3,Glamorgan,CA Ingram,KS Carlson,TAR Scriven,0,0,,,,,,"",""
ball,2,32.4,Glamorgan,CA Ingram,KS Carlson,TAR Scriven,1,0,,,,,,"",""
ball,2,32.5,Glamorgan,KS Carlson,CA Ingram,TAR Scriven,0,0,,,,,,"",""
ball,2,32.6,Glamorgan,KS Carlson,CA Ingram,TAR Scriven,1,0,,,,,,"",""
ball,2,33.1,Glamorgan,KS Carlson,CA Ingram,CJC Wright,0,0,,,,,,"",""
ball,2,33.2,Glamorgan,KS Carlson,CA Ingram,CJC Wright,4,0,,,,,,"",""
ball,2,33.3,Glamorgan,KS Carlson,CA Ingram,CJC Wright,0,0,,,,,,"",""
ball,2,33.4,Glamorgan,KS Carlson,CA Ingram,CJC Wright,0,0,,,,,,"",""
ball,2,33.5,Glamorgan,KS Carlson,CA Ingram,CJC Wright,0,0,,,,,,"",""
ball,2,33.6,Glamorgan,KS Carlson,CA Ingram,CJC Wright,0,0,,,,,,"",""
ball,2,34.1,Glamorgan,CA Ingram,KS Carlson,TAR Scriven,0,0,,,,,,"",""
ball,2,34.2,Glamorgan,CA Ingram,KS Carlson,TAR Scriven,0,0,,,,,,"",""
ball,2,34.3,Glamorgan,CA Ingram,KS Carlson,TAR Scriven,0,0,,,,,,"",""
ball,2,34.4,Glamorgan,CA Ingram,KS Carlson,TAR Scriven,0,0,,,,,,"",""
ball,2,34.5,Glamorgan,CA Ingram,KS Carlson,TAR Scriven,4,0,,,,,,"",""
ball,2,34.6,Glamorgan,CA Ingram,KS Carlson,TAR Scriven,1,0,,,,,,"",""
ball,2,35.1,Glamorgan,CA Ingram,KS Carlson,CJC Wright,0,0,,,,,,"",""
ball,2,35.2,Glamorgan,CA Ingram,KS Carlson,CJC Wright,0,0,,,,,,"",""
ball,2,35.3,Glamorgan,CA Ingram,KS Carlson,CJC Wright,0,0,,,,,,"",""
ball,2,35.4,Glamorgan,CA Ingram,KS Carlson,CJC Wright,0,0,,,,,,"",""
ball,2,35.5,Glamorgan,CA Ingram,KS Carlson,CJC Wright,0,0,,,,,,"",""
ball,2,35.6,Glamorgan,CA Ingram,KS Carlson,CJC Wright,0,0,,,,,,"",""
ball,2,36.1,Glamorgan,KS Carlson,CA Ingram,IG Holland,0,0,,,,,,"",""
ball,2,36.2,Glamorgan,KS Carlson,CA Ingram,IG Holland,0,0,,,,,,"",""
ball,2,36.3,Glamorgan,KS Carlson,CA Ingram,IG Holland,0,0,,,,,,"",""
ball,2,36.4,Glamorgan,KS Carlson,CA Ingram,IG Holland,0,0,,,,,,"",""
ball,2,36.5,Glamorgan,KS Carlson,CA Ingram,IG Holland,2,0,,,,,,"",""
ball,2,36.6,Glamorgan,KS Carlson,CA Ingram,IG Holland,0,0,,,,,,"",""
ball,2,37.1,Glamorgan,CA Ingram,KS Carlson,SB Wood,0,0,,,,,,"",""
ball,2,37.2,Glamorgan,CA Ingram,KS Carlson,SB Wood,0,0,,,,,,"",""
ball,2,37.3,Glamorgan,CA Ingram,KS Carlson,SB Wood,0,0,,,,,,"",""
ball,2,37.4,Glamorgan,CA Ingram,KS Carlson,SB Wood,0,0,,,,,,"",""
ball,2,37.5,Glamorgan,CA Ingram,KS Carlson,SB Wood,0,0,,,,,,"",""
ball,2,37.6,Glamorgan,CA Ingram,KS Carlson,SB Wood,0,0,,,,,,"",""
ball,2,38.1,Glamorgan,KS Carlson,CA Ingram,IG Holland,0,0,,,,,,"",""
ball,2,38.2,Glamorgan,KS Carlson,CA Ingram,IG Holland,0,0,,,,,,"",""
ball,2,38.3,Glamorgan,KS Carlson,CA Ingram,IG Holland,0,0,,,,,,"",""
ball,2,38.4,Glamorgan,KS Carlson,CA Ingram,IG Holland,0,1,,,,1,,"",""
ball,2,38.5,Glamorgan,CA Ingram,KS Carlson,IG Holland,0,0,,,,,,"",""
ball,2,38.6,Glamorgan,CA Ingram,KS Carlson,IG Holland,0,0,,,,,,"",""
ball,2,39.1,Glamorgan,KS Carlson,CA Ingram,SB Wood,0,0,,,,,,"",""
ball,2,39.2,Glamorgan,KS Carlson,CA Ingram,SB Wood,1,0,,,,,,"",""
ball,2,39.3,Glamorgan,CA Ingram,KS Carlson,SB Wood,0,0,,,,,,"",""
ball,2,39.4,Glamorgan,CA Ingram,KS Carlson,SB Wood,1,0,,,,,,"",""
ball,2,39.5,Glamorgan,KS Carlson,CA Ingram,SB Wood,4,0,,,,,,"",""
ball,2,39.6,Glamorgan,KS Carlson,CA Ingram,SB Wood,0,0,,,,,,"",""
ball,2,40.1,Glamorgan,CA Ingram,KS Carlson,IG Holland,4,0,,,,,,"",""
ball,2,40.2,Glamorgan,CA Ingram,KS Carlson,IG Holland,1,0,,,,,,"",""
ball,2,40.3,Glamorgan,KS Carlson,CA Ingram,IG Holland,0,0,,,,,,"",""
ball,2,40.4,Glamorgan,KS Carlson,CA Ingram,IG Holland,0,0,,,,,,"",""
ball,2,40.5,Glamorgan,KS Carlson,CA Ingram,IG Holland,0,0,,,,,,"",""
ball,2,40.6,Glamorgan,KS Carlson,CA Ingram,IG Holland,1,0,,,,,,"",""
ball,2,41.1,Glamorgan,KS Carlson,CA Ingram,SB Wood,1,0,,,,,,"",""
ball,2,41.2,Glamorgan,CA Ingram,KS Carlson,SB Wood,0,0,,,,,,"",""
ball,2,41.3,Glamorgan,CA Ingram,KS Carlson,SB Wood,0,0,,,,,,"",""
ball,2,41.4,Glamorgan,CA Ingram,KS Carlson,SB Wood,0,0,,,,,,"",""
ball,2,41.5,Glamorgan,CA Ingram,KS Carlson,SB Wood,0,0,,,,,,"",""
ball,2,41.6,Glamorgan,CA Ingram,KS Carlson,SB Wood,0,0,,,,,,"",""
ball,2,42.1,Glamorgan,KS Carlson,CA Ingram,IG Holland,0,0,,,,,,"",""
ball,2,42.2,Glamorgan,KS Carlson,CA Ingram,IG Holland,0,0,,,,,,"",""
ball,2,42.3,Glamorgan,KS Carlson,CA Ingram,IG Holland,0,0,,,,,,"",""
ball,2,42.4,Glamorgan,KS Carlson,CA Ingram,IG Holland,0,0,,,,,,"",""
ball,2,42.5,Glamorgan,KS Carlson,CA Ingram,IG Holland,0,0,,,,,,"",""
ball,2,42.6,Glamorgan,KS Carlson,CA Ingram,IG Holland,1,0,,,,,,"",""
ball,2,43.1,Glamorgan,KS Carlson,CA Ingram,SB Wood,0,0,,,,,,"",""
ball,2,43.2,Glamorgan,KS Carlson,CA Ingram,SB Wood,1,0,,,,,,"",""
ball,2,43.3,Glamorgan,CA Ingram,KS Carlson,SB Wood,0,0,,,,,,"",""
ball,2,43.4,Glamorgan,CA Ingram,KS Carlson,SB Wood,4,0,,,,,,"",""
ball,2,43.5,Glamorgan,CA Ingram,KS Carlson,SB Wood,0,0,,,,,,"",""
ball,2,43.6,Glamorgan,CA Ingram,KS Carlson,SB Wood,0,0,,,,,,"",""
ball,2,44.1,Glamorgan,KS Carlson,CA Ingram,IG Holland,0,0,,,,,,"",""
ball,2,44.2,Glamorgan,KS Carlson,CA Ingram,IG Holland,1,0,,,,,,"",""
ball,2,44.3,Glamorgan,CA Ingram,KS Carlson,IG Holland,0,0,,,,,,"",""
ball,2,44.4,Glamorgan,CA Ingram,KS Carlson,IG Holland,1,0,,,,,,"",""
ball,2,44.5,Glamorgan,KS Carlson,CA Ingram,IG Holland,0,0,,,,,,"",""
ball,2,44.6,Glamorgan,KS Carlson,CA Ingram,IG Holland,0,0,,,,,,"",""
ball,2,45.1,Glamorgan,CA Ingram,KS Carlson,SB Wood,0,0,,,,,,"",""
ball,2,45.2,Glamorgan,CA Ingram,KS Carlson,SB Wood,0,0,,,,,,"",""
ball,2,45.3,Glamorgan,CA Ingram,KS Carlson,SB Wood,1,0,,,,,,"",""
ball,2,45.4,Glamorgan,KS Carlson,CA Ingram,SB Wood,1,0,,,,,,"",""
ball,2,45.5,Glamorgan,CA Ingram,KS Carlson,SB Wood,0,0,,,,,,"",""
ball,2,45.6,Glamorgan,CA Ingram,KS Carlson,SB Wood,0,0,,,,,,"",""
ball,2,46.1,Glamorgan,KS Carlson,CA Ingram,Rehan Ahmed,4,0,,,,,,"",""
ball,2,46.2,Glamorgan,KS Carlson,CA Ingram,Rehan Ahmed,1,0,,,,,,"",""
ball,2,46.3,Glamorgan,CA Ingram,KS Carlson,Rehan Ahmed,6,0,,,,,,"",""
ball,2,46.4,Glamorgan,CA Ingram,KS Carlson,Rehan Ahmed,0,0,,,,,,"",""
ball,2,46.5,Glamorgan,CA Ingram,KS Carlson,Rehan Ahmed,0,0,,,,,,"",""
ball,2,46.6,Glamorgan,CA Ingram,KS Carlson,Rehan Ahmed,0,0,,,,,,"",""
ball,2,47.1,Glamorgan,KS Carlson,CA Ingram,TAR Scriven,1,0,,,,,,"",""
ball,2,47.2,Glamorgan,CA Ingram,KS Carlson,TAR Scriven,0,0,,,,,,"",""
ball,2,47.3,Glamorgan,CA Ingram,KS Carlson,TAR Scriven,0,0,,,,,,"",""
ball,2,47.4,Glamorgan,CA Ingram,KS Carlson,TAR Scriven,0,0,,,,,,"",""
ball,2,47.5,Glamorgan,CA Ingram,KS Carlson,TAR Scriven,1,0,,,,,,"",""
ball,2,47.6,Glamorgan,KS Carlson,CA Ingram,TAR Scriven,0,0,,,,,,"",""
ball,2,48.1,Glamorgan,CA Ingram,KS Carlson,Rehan Ahmed,0,0,,,,,,"",""
ball,2,48.2,Glamorgan,CA Ingram,KS Carlson,Rehan Ahmed,1,0,,,,,,"",""
ball,2,48.3,Glamorgan,KS Carlson,CA Ingram,Rehan Ahmed,1,0,,,,,,"",""
ball,2,48.4,Glamorgan,CA Ingram,KS Carlson,Rehan Ahmed,0,0,,,,,,"",""
ball,2,48.5,Glamorgan,CA Ingram,KS Carlson,Rehan Ahmed,1,0,,,,,,"",""
ball,2,48.6,Glamorgan,KS Carlson,CA Ingram,Rehan Ahmed,1,0,,,,,,"",""
ball,2,49.1,Glamorgan,KS Carlson,CA Ingram,TAR Scriven,1,0,,,,,,"",""
ball,2,49.2,Glamorgan,CA Ingram,KS Carlson,TAR Scriven,0,0,,,,,,"",""
ball,2,49.3,Glamorgan,CA Ingram,KS Carlson,TAR Scriven,1,0,,,,,,"",""
ball,2,49.4,Glamorgan,KS Carlson,CA Ingram,TAR Scriven,1,0,,,,,,"",""
ball,2,49.5,Glamorgan,CA Ingram,KS Carlson,TAR Scriven,0,0,,,,,,"",""
ball,2,49.6,Glamorgan,CA Ingram,KS Carlson,TAR Scriven,0,0,,,,,,"",""
ball,2,50.1,Glamorgan,KS Carlson,CA Ingram,Rehan Ahmed,0,0,,,,,,"",""
ball,2,50.2,Glamorgan,KS Carlson,CA Ingram,Rehan Ahmed,1,0,,,,,,"",""
ball,2,50.3,Glamorgan,CA Ingram,KS Carlson,Rehan Ahmed,1,0,,,,,,"",""
ball,2,50.4,Glamorgan,KS Carlson,CA Ingram,Rehan Ahmed,0,0,,,,,,"",""
ball,2,50.5,Glamorgan,KS Carlson,CA Ingram,Rehan Ahmed,0,0,,,,,,"",""
ball,2,50.6,Glamorgan,KS Carlson,CA Ingram,Rehan Ahmed,0,0,,,,,,"",""
ball,2,51.1,Glamorgan,CA Ingram,KS Carlson,TAR Scriven,0,0,,,,,,"",""
ball,2,51.2,Glamorgan,CA Ingram,KS Carlson,TAR Scriven,0,0,,,,,,"",""
ball,2,51.3,Glamorgan,CA Ingram,KS Carlson,TAR Scriven,0,0,,,,,,"",""
ball,2,51.4,Glamorgan,CA Ingram,KS Carlson,TAR Scriven,4,0,,,,,,"",""
ball,2,51.5,Glamorgan,CA Ingram,KS Carlson,TAR Scriven,0,0,,,,,,"",""
ball,2,51.6,Glamorgan,CA Ingram,KS Carlson,TAR Scriven,0,0,,,,,,"",""
ball,2,52.1,Glamorgan,KS Carlson,CA Ingram,Rehan Ahmed,0,0,,,,,,"",""
ball,2,52.2,Glamorgan,KS Carlson,CA Ingram,Rehan Ahmed,0,0,,,,,,"",""
ball,2,52.3,Glamorgan,KS Carlson,CA Ingram,Rehan Ahmed,0,0,,,,,,"",""
ball,2,52.4,Glamorgan,KS Carlson,CA Ingram,Rehan Ahmed,0,0,,,,,,"",""
ball,2,52.5,Glamorgan,KS Carlson,CA Ingram,Rehan Ahmed,0,0,,,,,,"",""
ball,2,52.6,Glamorgan,KS Carlson,CA Ingram,Rehan Ahmed,0,0,,,,,,"",""
ball,2,53.1,Glamorgan,CA Ingram,KS Carlson,LPJ Kimber,0,0,,,,,,"",""
ball,2,53.2,Glamorgan,CA Ingram,KS Carlson,LPJ Kimber,0,0,,,,,,"",""
ball,2,53.3,Glamorgan,CA Ingram,KS Carlson,LPJ Kimber,0,0,,,,,,"",""
ball,2,53.4,Glamorgan,CA Ingram,KS Carlson,LPJ Kimber,0,0,,,,,,"",""
ball,2,53.5,Glamorgan,CA Ingram,KS Carlson,LPJ Kimber,0,0,,,,,,"",""
ball,2,53.6,Glamorgan,CA Ingram,KS Carlson,LPJ Kimber,0,0,,,,,,"",""
ball,2,54.1,Glamorgan,KS Carlson,CA Ingram,Rehan Ahmed,0,0,,,,,,stumped,KS Carlson
ball,2,54.2,Glamorgan,WT Root,CA Ingram,Rehan Ahmed,0,0,,,,,,"",""
ball,2,54.3,Glamorgan,WT Root,CA Ingram,Rehan Ahmed,0,0,,,,,,"",""
ball,2,54.4,Glamorgan,WT Root,CA Ingram,Rehan Ahmed,0,0,,,,,,"",""
ball,2,54.5,Glamorgan,WT Root,CA Ingram,Rehan Ahmed,0,0,,,,,,"",""
ball,2,54.6,Glamorgan,WT Root,CA Ingram,Rehan Ahmed,0,0,,,,,,"",""
ball,2,55.1,Glamorgan,CA Ingram,WT Root,LPJ Kimber,0,0,,,,,,"",""
ball,2,55.2,Glamorgan,CA Ingram,WT Root,LPJ Kimber,0,0,,,,,,"",""
ball,2,55.3,Glamorgan,CA Ingram,WT Root,LPJ Kimber,0,0,,,,,,"",""
ball,2,55.4,Glamorgan,CA Ingram,WT Root,LPJ Kimber,0,0,,,,,,"",""
ball,2,55.5,Glamorgan,CA Ingram,WT Root,LPJ Kimber,0,0,,,,,,"",""
ball,2,55.6,Glamorgan,CA Ingram,WT Root,LPJ Kimber,0,0,,,,,,"",""
ball,2,56.1,Glamorgan,WT Root,CA Ingram,Rehan Ahmed,1,0,,,,,,"",""
ball,2,56.2,Glamorgan,CA Ingram,WT Root,Rehan Ahmed,0,0,,,,,,"",""
ball,2,56.3,Glamorgan,CA Ingram,WT Root,Rehan Ahmed,0,0,,,,,,"",""
ball,2,56.4,Glamorgan,CA Ingram,WT Root,Rehan Ahmed,0,0,,,,,,"",""
ball,2,56.5,Glamorgan,CA Ingram,WT Root,Rehan Ahmed,0,0,,,,,,"",""
ball,2,56.6,Glamorgan,CA Ingram,WT Root,Rehan Ahmed,1,0,,,,,,"",""
ball,2,57.1,Glamorgan,CA Ingram,WT Root,TAR Scriven,4,0,,,,,,"",""
ball,2,57.2,Glamorgan,CA Ingram,WT Root,TAR Scriven,0,0,,,,,,"",""
ball,2,57.3,Glamorgan,CA Ingram,WT Root,TAR Scriven,4,0,,,,,,"",""
ball,2,57.4,Glamorgan,CA Ingram,WT Root,TAR Scriven,0,0,,,,,,"",""
ball,2,57.5,Glamorgan,CA Ingram,WT Root,TAR Scriven,0,0,,,,,,"",""
ball,2,57.6,Glamorgan,CA Ingram,WT Root,TAR Scriven,0,0,,,,,,"",""
ball,2,58.1,Glamorgan,WT Root,CA Ingram,Rehan Ahmed,0,0,,,,,,"",""
ball,2,58.2,Glamorgan,WT Root,CA Ingram,Rehan Ahmed,0,0,,,,,,"",""
ball,2,58.3,Glamorgan,WT Root,CA Ingram,Rehan Ahmed,0,0,,,,,,"",""
ball,2,58.4,Glamorgan,WT Root,CA Ingram,Rehan Ahmed,0,0,,,,,,"",""
ball,2,58.5,Glamorgan,WT Root,CA Ingram,Rehan Ahmed,0,0,,,,,,"",""
ball,2,58.6,Glamorgan,WT Root,CA Ingram,Rehan Ahmed,0,0,,,,,,"",""
ball,2,59.1,Glamorgan,CA Ingram,WT Root,TAR Scriven,0,0,,,,,,"",""
ball,2,59.2,Glamorgan,CA Ingram,WT Root,TAR Scriven,0,0,,,,,,"",""
ball,2,59.3,Glamorgan,CA Ingram,WT Root,TAR Scriven,4,0,,,,,,"",""
ball,2,59.4,Glamorgan,CA Ingram,WT Root,TAR Scriven,1,0,,,,,,"",""
ball,2,59.5,Glamorgan,WT Root,CA Ingram,TAR Scriven,4,0,,,,,,"",""
ball,2,59.6,Glamorgan,WT Root,CA Ingram,TAR Scriven,0,0,,,,,,"",""
ball,2,60.1,Glamorgan,CA Ingram,WT Root,Rehan Ahmed,0,0,,,,,,"",""
ball,2,60.2,Glamorgan,CA Ingram,WT Root,Rehan Ahmed,2,0,,,,,,"",""
ball,2,60.3,Glamorgan,CA Ingram,WT Root,Rehan Ahmed,0,0,,,,,,"",""
ball,2,60.4,Glamorgan,CA Ingram,WT Root,Rehan Ahmed,0,0,,,,,,"",""
ball,2,60.5,Glamorgan,CA Ingram,WT Root,Rehan Ahmed,0,0,,,,,,"",""
ball,2,60.6,Glamorgan,CA Ingram,WT Root,Rehan Ahmed,2,0,,,,,,"",""
ball,2,61.1,Glamorgan,WT Root,CA Ingram,TAR Scriven,0,2,,2,,,,"",""
ball,2,61.2,Glamorgan,WT Root,CA Ingram,TAR Scriven,0,0,,,,,,"",""
ball,2,61.3,Glamorgan,WT Root,CA Ingram,TAR Scriven,0,0,,,,,,"",""
ball,2,61.4,Glamorgan,WT Root,CA Ingram,TAR Scriven,0,0,,,,,,"",""
ball,2,61.5,Glamorgan,WT Root,CA Ingram,TAR Scriven,0,0,,,,,,"",""
ball,2,61.6,Glamorgan,WT Root,CA Ingram,TAR Scriven,1,0,,,,,,"",""
ball,2,61.7,Glamorgan,CA Ingram,WT Root,TAR Scriven,0,2,,,,2,,"",""
ball,2,62.1,Glamorgan,WT Root,CA Ingram,Rehan Ahmed,0,0,,,,,,"",""
ball,2,62.2,Glamorgan,WT Root,CA Ingram,Rehan Ahmed,0,0,,,,,,"",""
ball,2,62.3,Glamorgan,WT Root,CA Ingram,Rehan Ahmed,0,0,,,,,,"",""
ball,2,62.4,Glamorgan,WT Root,CA Ingram,Rehan Ahmed,0,0,,,,,,lbw,WT Root
ball,2,62.5,Glamorgan,CB Cooke,CA Ingram,Rehan Ahmed,0,0,,,,,,"",""
ball,2,62.6,Glamorgan,CB Cooke,CA Ingram,Rehan Ahmed,0,0,,,,,,"",""
ball,2,63.1,Glamorgan,CA Ingram,CB Cooke,CJC Wright,4,0,,,,,,"",""
ball,2,63.2,Glamorgan,CA Ingram,CB Cooke,CJC Wright,1,0,,,,,,"",""
ball,2,63.3,Glamorgan,CB Cooke,CA Ingram,CJC Wright,0,0,,,,,,"",""
ball,2,63.4,Glamorgan,CB Cooke,CA Ingram,CJC Wright,1,0,,,,,,"",""
ball,2,63.5,Glamorgan,CA Ingram,CB Cooke,CJC Wright,2,0,,,,,,"",""
ball,2,63.6,Glamorgan,CA Ingram,CB Cooke,CJC Wright,0,0,,,,,,"",""
ball,2,64.1,Glamorgan,CB Cooke,CA Ingram,Rehan Ahmed,0,0,,,,,,"",""
ball,2,64.2,Glamorgan,CB Cooke,CA Ingram,Rehan Ahmed,0,0,,,,,,"",""
ball,2,64.3,Glamorgan,CB Cooke,CA Ingram,Rehan Ahmed,0,0,,,,,,"",""
ball,2,64.4,Glamorgan,CB Cooke,CA Ingram,Rehan Ahmed,0,0,,,,,,"",""
ball,2,64.5,Glamorgan,CB Cooke,CA Ingram,Rehan Ahmed,0,0,,,,,,"",""
ball,2,64.6,Glamorgan,CB Cooke,CA Ingram,Rehan Ahmed,0,0,,,,,,"",""
ball,2,65.1,Glamorgan,CA Ingram,CB Cooke,CJC Wright,1,0,,,,,,"",""
ball,2,65.2,Glamorgan,CB Cooke,CA Ingram,CJC Wright,3,0,,,,,,"",""
ball,2,65.3,Glamorgan,CA Ingram,CB Cooke,CJC Wright,1,0,,,,,,"",""
ball,2,65.4,Glamorgan,CB Cooke,CA Ingram,CJC Wright,0,0,,,,,,"",""
ball,2,65.5,Glamorgan,CB Cooke,CA Ingram,CJC Wright,4,0,,,,,,"",""
ball,2,65.6,Glamorgan,CB Cooke,CA Ingram,CJC Wright,1,0,,,,,,"",""
ball,2,66.1,Glamorgan,CB Cooke,CA Ingram,Rehan Ahmed,0,0,,,,,,"",""
ball,2,66.2,Glamorgan,CB Cooke,CA Ingram,Rehan Ahmed,0,0,,,,,,"",""
ball,2,66.3,Glamorgan,CB Cooke,CA Ingram,Rehan Ahmed,2,0,,,,,,"",""
ball,2,66.4,Glamorgan,CB Cooke,CA Ingram,Rehan Ahmed,0,0,,,,,,"",""
ball,2,66.5,Glamorgan,CB Cooke,CA Ingram,Rehan Ahmed,0,0,,,,,,"",""
ball,2,66.6,Glamorgan,CB Cooke,CA Ingram,Rehan Ahmed,0,0,,,,,,"",""
ball,2,67.1,Glamorgan,CA Ingram,CB Cooke,CJC Wright,0,0,,,,,,"",""
ball,2,67.2,Glamorgan,CA Ingram,CB Cooke,CJC Wright,1,0,,,,,,"",""
ball,2,67.3,Glamorgan,CB Cooke,CA Ingram,CJC Wright,4,0,,,,,,"",""
ball,2,67.4,Glamorgan,CB Cooke,CA Ingram,CJC Wright,0,0,,,,,,"",""
ball,2,67.5,Glamorgan,CB Cooke,CA Ingram,CJC Wright,1,0,,,,,,"",""
ball,2,67.6,Glamorgan,CA Ingram,CB Cooke,CJC Wright,0,0,,,,,,"",""
ball,2,68.1,Glamorgan,CB Cooke,CA Ingram,Rehan Ahmed,0,0,,,,,,"",""
ball,2,68.2,Glamorgan,CB Cooke,CA Ingram,Rehan Ahmed,0,0,,,,,,"",""
ball,2,68.3,Glamorgan,CB Cooke,CA Ingram,Rehan Ahmed,0,0,,,,,,"",""
ball,2,68.4,Glamorgan,CB Cooke,CA Ingram,Rehan Ahmed,1,0,,,,,,"",""
ball,2,68.5,Glamorgan,CA Ingram,CB Cooke,Rehan Ahmed,1,0,,,,,,"",""
ball,2,68.6,Glamorgan,CB Cooke,CA Ingram,Rehan Ahmed,0,0,,,,,,"",""
ball,2,69.1,Glamorgan,CA Ingram,CB Cooke,SB Wood,0,0,,,,,,"",""
ball,2,69.2,Glamorgan,CA Ingram,CB Cooke,SB Wood,1,0,,,,,,"",""
ball,2,69.3,Glamorgan,CB Cooke,CA Ingram,SB Wood,0,0,,,,,,"",""
ball,2,69.4,Glamorgan,CB Cooke,CA Ingram,SB Wood,0,0,,,,,,"",""
ball,2,69.5,Glamorgan,CB Cooke,CA Ingram,SB Wood,0,0,,,,,,"",""
ball,2,69.6,Glamorgan,CB Cooke,CA Ingram,SB Wood,1,0,,,,,,"",""
ball,2,70.1,Glamorgan,CB Cooke,CA Ingram,Rehan Ahmed,0,0,,,,,,"",""
ball,2,70.2,Glamorgan,CB Cooke,CA Ingram,Rehan Ahmed,0,0,,,,,,"",""
ball,2,70.3,Glamorgan,CB Cooke,CA Ingram,Rehan Ahmed,0,0,,,,,,"",""
ball,2,70.4,Glamorgan,CB Cooke,CA Ingram,Rehan Ahmed,0,0,,,,,,"",""
ball,2,70.5,Glamorgan,CB Cooke,CA Ingram,Rehan Ahmed,0,0,,,,,,"",""
ball,2,70.6,Glamorgan,CB Cooke,CA Ingram,Rehan Ahmed,1,0,,,,,,"",""
ball,2,71.1,Glamorgan,CB Cooke,CA Ingram,SB Wood,0,0,,,,,,"",""
ball,2,71.2,Glamorgan,CB Cooke,CA Ingram,SB Wood,0,0,,,,,,"",""
ball,2,71.3,Glamorgan,CB Cooke,CA Ingram,SB Wood,0,0,,,,,,"",""
ball,2,71.4,Glamorgan,CB Cooke,CA Ingram,SB Wood,0,0,,,,,,"",""
ball,2,71.5,Glamorgan,CB Cooke,CA Ingram,SB Wood,2,0,,,,,,"",""
ball,2,71.6,Glamorgan,CB Cooke,CA Ingram,SB Wood,0,0,,,,,,"",""
ball,2,72.1,Glamorgan,CA Ingram,CB Cooke,Rehan Ahmed,0,0,,,,,,"",""
ball,2,72.2,Glamorgan,CA Ingram,CB Cooke,Rehan Ahmed,2,0,,,,,,"",""
ball,2,72.3,Glamorgan,CA Ingram,CB Cooke,Rehan Ahmed,1,0,,,,,,"",""
ball,2,72.4,Glamorgan,CB Cooke,CA Ingram,Rehan Ahmed,2,0,,,,,,"",""
ball,2,72.5,Glamorgan,CB Cooke,CA Ingram,Rehan Ahmed,1,0,,,,,,"",""
ball,2,72.6,Glamorgan,CA Ingram,CB Cooke,Rehan Ahmed,1,0,,,,,,"",""
ball,2,73.1,Glamorgan,CA Ingram,CB Cooke,SB Wood,1,0,,,,,,"",""
ball,2,73.2,Glamorgan,CB Cooke,CA Ingram,SB Wood,0,0,,,,,,"",""
ball,2,73.3,Glamorgan,CB Cooke,CA Ingram,SB Wood,0,0,,,,,,"",""
ball,2,73.4,Glamorgan,CB Cooke,CA Ingram,SB Wood,0,0,,,,,,"",""
ball,2,73.5,Glamorgan,CB Cooke,CA Ingram,SB Wood,0,0,,,,,,"",""
ball,2,73.6,Glamorgan,CB Cooke,CA Ingram,SB Wood,0,0,,,,,,"",""
ball,2,74.1,Glamorgan,CA Ingram,CB Cooke,Rehan Ahmed,0,0,,,,,,"",""
ball,2,74.2,Glamorgan,CA Ingram,CB Cooke,Rehan Ahmed,1,0,,,,,,"",""
ball,2,74.3,Glamorgan,CB Cooke,CA Ingram,Rehan Ahmed,1,0,,,,,,"",""
ball,2,74.4,Glamorgan,CA Ingram,CB Cooke,Rehan Ahmed,0,0,,,,,,"",""
ball,2,74.5,Glamorgan,CA Ingram,CB Cooke,Rehan Ahmed,2,0,,,,,,"",""
ball,2,74.6,Glamorgan,CA Ingram,CB Cooke,Rehan Ahmed,1,0,,,,,,"",""
ball,2,75.1,Glamorgan,CA Ingram,CB Cooke,SB Wood,0,0,,,,,,"",""
ball,2,75.2,Glamorgan,CA Ingram,CB Cooke,SB Wood,1,0,,,,,,"",""
ball,2,75.3,Glamorgan,CB Cooke,CA Ingram,SB Wood,0,0,,,,,,"",""
ball,2,75.4,Glamorgan,CB Cooke,CA Ingram,SB Wood,0,0,,,,,,"",""
ball,2,75.5,Glamorgan,CB Cooke,CA Ingram,SB Wood,0,0,,,,,,"",""
ball,2,75.6,Glamorgan,CB Cooke,CA Ingram,SB Wood,0,0,,,,,,"",""
ball,2,76.1,Glamorgan,CA Ingram,CB Cooke,Rehan Ahmed,0,1,,,,1,,"",""
ball,2,76.2,Glamorgan,CB Cooke,CA Ingram,Rehan Ahmed,0,0,,,,,,"",""
ball,2,76.3,Glamorgan,CB Cooke,CA Ingram,Rehan Ahmed,0,0,,,,,,"",""
ball,2,76.4,Glamorgan,CB Cooke,CA Ingram,Rehan Ahmed,4,0,,,,,,"",""
ball,2,76.5,Glamorgan,CB Cooke,CA Ingram,Rehan Ahmed,0,0,,,,,,"",""
ball,2,76.6,Glamorgan,CB Cooke,CA Ingram,Rehan Ahmed,1,0,,,,,,"",""
ball,2,77.1,Glamorgan,CB Cooke,CA Ingram,SB Wood,0,0,,,,,,"",""
ball,2,77.2,Glamorgan,CB Cooke,CA Ingram,SB Wood,1,0,,,,,,"",""
ball,2,77.3,Glamorgan,CA Ingram,CB Cooke,SB Wood,0,0,,,,,,"",""
ball,2,77.4,Glamorgan,CA Ingram,CB Cooke,SB Wood,1,0,,,,,,"",""
ball,2,77.5,Glamorgan,CB Cooke,CA Ingram,SB Wood,0,0,,,,,,"",""
ball,2,77.6,Glamorgan,CB Cooke,CA Ingram,SB Wood,0,0,,,,,,"",""
ball,2,78.1,Glamorgan,CA Ingram,CB Cooke,Rehan Ahmed,0,0,,,,,,"",""
ball,2,78.2,Glamorgan,CA Ingram,CB Cooke,Rehan Ahmed,0,0,,,,,,"",""
ball,2,78.3,Glamorgan,CA Ingram,CB Cooke,Rehan Ahmed,0,0,,,,,,"",""
ball,2,78.4,Glamorgan,CA Ingram,CB Cooke,Rehan Ahmed,1,0,,,,,,"",""
ball,2,78.5,Glamorgan,CB Cooke,CA Ingram,Rehan Ahmed,4,0,,,,,,"",""
ball,2,78.6,Glamorgan,CB Cooke,CA Ingram,Rehan Ahmed,0,0,,,,,,"",""
ball,2,79.1,Glamorgan,CA Ingram,CB Cooke,LPJ Kimber,0,0,,,,,,"",""
ball,2,79.2,Glamorgan,CA Ingram,CB Cooke,LPJ Kimber,1,0,,,,,,"",""
ball,2,79.3,Glamorgan,CB Cooke,CA Ingram,LPJ Kimber,0,0,,,,,,"",""
ball,2,79.4,Glamorgan,CB Cooke,CA Ingram,LPJ Kimber,0,0,,,,,,"",""
ball,2,79.5,Glamorgan,CB Cooke,CA Ingram,LPJ Kimber,4,0,,,,,,"",""
ball,2,79.6,Glamorgan,CB Cooke,CA Ingram,LPJ Kimber,0,0,,,,,,"",""
ball,2,80.1,Glamorgan,CA Ingram,CB Cooke,Rehan Ahmed,0,0,,,,,,"",""
ball,2,80.2,Glamorgan,CA Ingram,CB Cooke,Rehan Ahmed,1,0,,,,,,"",""
ball,2,80.3,Glamorgan,CB Cooke,CA Ingram,Rehan Ahmed,1,0,,,,,,"",""
ball,2,80.4,Glamorgan,CA Ingram,CB Cooke,Rehan Ahmed,0,0,,,,,,"",""
ball,2,80.5,Glamorgan,CA Ingram,CB Cooke,Rehan Ahmed,0,0,,,,,,"",""
ball,2,80.6,Glamorgan,CA Ingram,CB Cooke,Rehan Ahmed,0,0,,,,,,"",""
ball,2,81.1,Glamorgan,CB Cooke,CA Ingram,LPJ Kimber,1,0,,,,,,"",""
ball,2,81.2,Glamorgan,CA Ingram,CB Cooke,LPJ Kimber,0,0,,,,,,"",""
ball,2,81.3,Glamorgan,CA Ingram,CB Cooke,LPJ Kimber,0,0,,,,,,"",""
ball,2,81.4,Glamorgan,CA Ingram,CB Cooke,LPJ Kimber,1,0,,,,,,"",""
ball,2,81.5,Glamorgan,CB Cooke,CA Ingram,LPJ Kimber,0,0,,,,,,"",""
ball,2,81.6,Glamorgan,CB Cooke,CA Ingram,LPJ Kimber,3,0,,,,,,"",""
ball,2,82.1,Glamorgan,CB Cooke,CA Ingram,Rehan Ahmed,0,0,,,,,,"",""
ball,2,82.2,Glamorgan,CB Cooke,CA Ingram,Rehan Ahmed,0,0,,,,,,"",""
ball,2,82.3,Glamorgan,CB Cooke,CA Ingram,Rehan Ahmed,1,0,,,,,,"",""
ball,2,82.4,Glamorgan,CA Ingram,CB Cooke,Rehan Ahmed,1,0,,,,,,"",""
ball,2,82.5,Glamorgan,CB Cooke,CA Ingram,Rehan Ahmed,0,0,,,,,,"",""
ball,2,82.6,Glamorgan,CB Cooke,CA Ingram,Rehan Ahmed,0,0,,,,,,"",""
ball,2,83.1,Glamorgan,CA Ingram,CB Cooke,CJC Wright,0,0,,,,,,"",""
ball,2,83.2,Glamorgan,CA Ingram,CB Cooke,CJC Wright,0,0,,,,,,"",""
ball,2,83.3,Glamorgan,CA Ingram,CB Cooke,CJC Wright,0,4,,,,4,,"",""
ball,2,83.4,Glamorgan,CA Ingram,CB Cooke,CJC Wright,0,0,,,,,,"",""
ball,2,83.5,Glamorgan,CA Ingram,CB Cooke,CJC Wright,0,0,,,,,,"",""
ball,2,83.6,Glamorgan,CA Ingram,CB Cooke,CJC Wright,0,0,,,,,,"",""
ball,2,84.1,Glamorgan,CB Cooke,CA Ingram,IG Holland,0,0,,,,,,"",""
ball,2,84.2,Glamorgan,CB Cooke,CA Ingram,IG Holland,0,0,,,,,,"",""
ball,2,84.3,Glamorgan,CB Cooke,CA Ingram,IG Holland,0,0,,,,,,"",""
ball,2,84.4,Glamorgan,CB Cooke,CA Ingram,IG Holland,1,0,,,,,,"",""
ball,2,84.5,Glamorgan,CA Ingram,CB Cooke,IG Holland,0,0,,,,,,"",""
ball,2,84.6,Glamorgan,CA Ingram,CB Cooke,IG Holland,4,0,,,,,,"",""
ball,2,85.1,Glamorgan,CB Cooke,CA Ingram,CJC Wright,0,0,,,,,,"",""
ball,2,85.2,Glamorgan,CB Cooke,CA Ingram,CJC Wright,0,0,,,,,,"",""
ball,2,85.3,Glamorgan,CB Cooke,CA Ingram,CJC Wright,0,0,,,,,,"",""
ball,2,85.4,Glamorgan,CB Cooke,CA Ingram,CJC Wright,1,0,,,,,,"",""
ball,2,85.5,Glamorgan,CA Ingram,CB Cooke,CJC Wright,0,0,,,,,,"",""
ball,2,85.6,Glamorgan,CA Ingram,CB Cooke,CJC Wright,1,0,,,,,,"",""
ball,2,86.1,Glamorgan,CA Ingram,CB Cooke,IG Holland,0,0,,,,,,"",""
ball,2,86.2,Glamorgan,CA Ingram,CB Cooke,IG Holland,0,0,,,,,,"",""
ball,2,86.3,Glamorgan,CA Ingram,CB Cooke,IG Holland,0,0,,,,,,"",""
ball,2,86.4,Glamorgan,CA Ingram,CB Cooke,IG Holland,0,0,,,,,,"",""
ball,2,86.5,Glamorgan,CA Ingram,CB Cooke,IG Holland,1,0,,,,,,"",""
ball,2,86.6,Glamorgan,CB Cooke,CA Ingram,IG Holland,0,0,,,,,,caught,CB Cooke
ball,2,87.1,Glamorgan,CA Ingram,DA Douthwaite,CJC Wright,0,0,,,,,,"",""
ball,2,87.2,Glamorgan,CA Ingram,DA Douthwaite,CJC Wright,0,0,,,,,,"",""
ball,2,87.3,Glamorgan,CA Ingram,DA Douthwaite,CJC Wright,0,0,,,,,,"",""
ball,2,87.4,Glamorgan,CA Ingram,DA Douthwaite,CJC Wright,1,0,,,,,,"",""
ball,2,87.5,Glamorgan,DA Douthwaite,CA Ingram,CJC Wright,0,0,,,,,,"",""
ball,2,87.6,Glamorgan,DA Douthwaite,CA Ingram,CJC Wright,1,0,,,,,,"",""
ball,2,88.1,Glamorgan,DA Douthwaite,CA Ingram,IG Holland,1,0,,,,,,"",""
ball,2,88.2,Glamorgan,CA Ingram,DA Douthwaite,IG Holland,0,0,,,,,,"",""
ball,2,88.3,Glamorgan,CA Ingram,DA Douthwaite,IG Holland,0,0,,,,,,"",""
ball,2,88.4,Glamorgan,CA Ingram,DA Douthwaite,IG Holland,0,0,,,,,,"",""
ball,2,88.5,Glamorgan,CA Ingram,DA Douthwaite,IG Holland,0,0,,,,,,"",""
ball,2,88.6,Glamorgan,CA Ingram,DA Douthwaite,IG Holland,0,0,,,,,,"",""
ball,2,89.1,Glamorgan,DA Douthwaite,CA Ingram,CJC Wright,0,0,,,,,,"",""
ball,2,89.2,Glamorgan,DA Douthwaite,CA Ingram,CJC Wright,0,0,,,,,,"",""
ball,2,89.3,Glamorgan,DA Douthwaite,CA Ingram,CJC Wright,0,0,,,,,,"",""
ball,2,89.4,Glamorgan,DA Douthwaite,CA Ingram,CJC Wright,0,0,,,,,,"",""
ball,2,89.5,Glamorgan,DA Douthwaite,CA Ingram,CJC Wright,0,0,,,,,,"",""
ball,2,89.6,Glamorgan,DA Douthwaite,CA Ingram,CJC Wright,1,0,,,,,,"",""
ball,2,90.1,Glamorgan,DA Douthwaite,CA Ingram,IG Holland,0,0,,,,,,"",""
ball,2,90.2,Glamorgan,DA Douthwaite,CA Ingram,IG Holland,1,0,,,,,,"",""
ball,2,90.3,Glamorgan,CA Ingram,DA Douthwaite,IG Holland,4,0,,,,,,"",""
ball,2,90.4,Glamorgan,CA Ingram,DA Douthwaite,IG Holland,1,0,,,,,,"",""
ball,2,90.5,Glamorgan,DA Douthwaite,CA Ingram,IG Holland,0,0,,,,,,"",""
ball,2,90.6,Glamorgan,DA Douthwaite,CA Ingram,IG Holland,1,0,,,,,,"",""
ball,2,91.1,Glamorgan,DA Douthwaite,CA Ingram,CJC Wright,0,0,,,,,,"",""
ball,2,91.2,Glamorgan,DA Douthwaite,CA Ingram,CJC Wright,1,0,,,,,,"",""
ball,2,91.3,Glamorgan,CA Ingram,DA Douthwaite,CJC Wright,1,0,,,,,,"",""
ball,2,91.4,Glamorgan,DA Douthwaite,CA Ingram,CJC Wright,0,0,,,,,,"",""
ball,2,91.5,Glamorgan,DA Douthwaite,CA Ingram,CJC Wright,0,0,,,,,,"",""
ball,2,91.6,Glamorgan,DA Douthwaite,CA Ingram,CJC Wright,0,0,,,,,,"",""
ball,2,92.1,Glamorgan,CA Ingram,DA Douthwaite,IG Holland,0,0,,,,,,"",""
ball,2,92.2,Glamorgan,CA Ingram,DA Douthwaite,IG Holland,1,0,,,,,,"",""
ball,2,92.3,Glamorgan,DA Douthwaite,CA Ingram,IG Holland,1,0,,,,,,"",""
ball,2,92.4,Glamorgan,CA Ingram,DA Douthwaite,IG Holland,1,0,,,,,,"",""
ball,2,92.5,Glamorgan,DA Douthwaite,CA Ingram,IG Holland,0,0,,,,,,bowled,DA Douthwaite
ball,2,92.6,Glamorgan,T van der Gugten,CA Ingram,IG Holland,1,0,,,,,,"",""
ball,2,93.1,Glamorgan,T van der Gugten,CA Ingram,CJC Wright,0,0,,,,,,"",""
ball,2,93.2,Glamorgan,T van der Gugten,CA Ingram,CJC Wright,0,0,,,,,,"",""
ball,2,93.3,Glamorgan,T van der Gugten,CA Ingram,CJC Wright,0,0,,,,,,"",""
ball,2,93.4,Glamorgan,T van der Gugten,CA Ingram,CJC Wright,0,0,,,,,,"",""
ball,2,93.5,Glamorgan,T van der Gugten,CA Ingram,CJC Wright,0,0,,,,,,"",""
ball,2,93.6,Glamorgan,T van der Gugten,CA Ingram,CJC Wright,1,0,,,,,,"",""
ball,2,94.1,Glamorgan,T van der Gugten,CA Ingram,IG Holland,0,0,,,,,,"",""
ball,2,94.2,Glamorgan,T van der Gugten,CA Ingram,IG Holland,0,0,,,,,,"",""
ball,2,94.3,Glamorgan,T van der Gugten,CA Ingram,IG Holland,0,0,,,,,,"",""
ball,2,94.4,Glamorgan,T van der Gugten,CA Ingram,IG Holland,0,0,,,,,,"",""
ball,2,94.5,Glamorgan,T van der Gugten,CA Ingram,IG Holland,0,0,,,,,,"",""
ball,2,94.6,Glamorgan,T van der Gugten,CA Ingram,IG Holland,1,0,,,,,,"",""
ball,2,95.1,Glamorgan,T van der Gugten,CA Ingram,CJC Wright,0,0,,,,,,"",""
ball,2,95.2,Glamorgan,T van der Gugten,CA Ingram,CJC Wright,0,0,,,,,,"",""
ball,2,95.3,Glamorgan,T van der Gugten,CA Ingram,CJC Wright,0,0,,,,,,"",""
ball,2,95.4,Glamorgan,T van der Gugten,CA Ingram,CJC Wright,1,0,,,,,,"",""
ball,2,95.5,Glamorgan,CA Ingram,T van der Gugten,CJC Wright,1,0,,,,,,"",""
ball,2,95.6,Glamorgan,T van der Gugten,CA Ingram,CJC Wright,0,0,,,,,,"",""
ball,2,96.1,Glamorgan,CA Ingram,T van der Gugten,IG Holland,1,0,,,,,,"",""
ball,2,96.2,Glamorgan,T van der Gugten,CA Ingram,IG Holland,0,0,,,,,,"",""
ball,2,96.3,Glamorgan,T van der Gugten,CA Ingram,IG Holland,0,0,,,,,,"",""
ball,2,96.4,Glamorgan,T van der Gugten,CA Ingram,IG Holland,0,0,,,,,,"",""
ball,2,96.5,Glamorgan,T van der Gugten,CA Ingram,IG Holland,0,0,,,,,,"",""
ball,2,96.6,Glamorgan,T van der Gugten,CA Ingram,IG Holland,0,0,,,,,,"",""
ball,2,97.1,Glamorgan,CA Ingram,T van der Gugten,CJC Wright,0,0,,,,,,"",""
ball,2,97.2,Glamorgan,CA Ingram,T van der Gugten,CJC Wright,1,0,,,,,,"",""
ball,2,97.3,Glamorgan,T van der Gugten,CA Ingram,CJC Wright,0,0,,,,,,"",""
ball,2,97.4,Glamorgan,T van der Gugten,CA Ingram,CJC Wright,0,0,,,,,,"",""
ball,2,97.5,Glamorgan,T van der Gugten,CA Ingram,CJC Wright,1,0,,,,,,"",""
ball,2,97.6,Glamorgan,CA Ingram,T van der Gugten,CJC Wright,0,0,,,,,,"",""
ball,2,98.1,Glamorgan,T van der Gugten,CA Ingram,Rehan Ahmed,0,0,,,,,,"",""
ball,2,98.2,Glamorgan,T van der Gugten,CA Ingram,Rehan Ahmed,0,0,,,,,,"",""
ball,2,98.3,Glamorgan,T van der Gugten,CA Ingram,Rehan Ahmed,0,0,,,,,,"",""
ball,2,98.4,Glamorgan,T van der Gugten,CA Ingram,Rehan Ahmed,0,0,,,,,,"",""
ball,2,98.5,Glamorgan,T van der Gugten,CA Ingram,Rehan Ahmed,0,0,,,,,,"",""
ball,2,98.6,Glamorgan,T van der Gugten,CA Ingram,Rehan Ahmed,0,0,,,,,,"",""
ball,2,99.1,Glamorgan,CA Ingram,T van der Gugten,TAR Scriven,0,0,,,,,,"",""
ball,2,99.2,Glamorgan,CA Ingram,T van der Gugten,TAR Scriven,1,0,,,,,,"",""
ball,2,99.3,Glamorgan,T van der Gugten,CA Ingram,TAR Scriven,0,1,,,,1,,"",""
ball,2,99.4,Glamorgan,CA Ingram,T van der Gugten,TAR Scriven,1,0,,,,,,"",""
ball,2,99.5,Glamorgan,T van der Gugten,CA Ingram,TAR Scriven,0,0,,,,,,"",""
ball,2,99.6,Glamorgan,T van der Gugten,CA Ingram,TAR Scriven,0,0,,,,,,"",""
ball,2,100.1,Glamorgan,CA Ingram,T van der Gugten,Rehan Ahmed,0,0,,,,,,"",""
ball,2,100.2,Glamorgan,CA Ingram,T van der Gugten,Rehan Ahmed,0,0,,,,,,"",""
ball,2,100.3,Glamorgan,CA Ingram,T van der Gugten,Rehan Ahmed,1,0,,,,,,"",""
ball,2,100.4,Glamorgan,T van der Gugten,CA Ingram,Rehan Ahmed,0,0,,,,,,"",""
ball,2,100.5,Glamorgan,T van der Gugten,CA Ingram,Rehan Ahmed,0,0,,,,,,"",""
ball,2,100.6,Glamorgan,T van der Gugten,CA Ingram,Rehan Ahmed,0,0,,,,,,"",""
ball,2,101.1,Glamorgan,CA Ingram,T van der Gugten,TAR Scriven,0,0,,,,,,"",""
ball,2,101.2,Glamorgan,CA Ingram,T van der Gugten,TAR Scriven,1,0,,,,,,"",""
ball,2,101.3,Glamorgan,T van der Gugten,CA Ingram,TAR Scriven,0,0,,,,,,"",""
ball,2,101.4,Glamorgan,T van der Gugten,CA Ingram,TAR Scriven,0,0,,,,,,"",""
ball,2,101.5,Glamorgan,T van der Gugten,CA Ingram,TAR Scriven,0,0,,,,,,"",""
ball,2,101.6,Glamorgan,T van der Gugten,CA Ingram,TAR Scriven,1,0,,,,,,"",""
ball,2,102.1,Glamorgan,T van der Gugten,CA Ingram,Rehan Ahmed,2,0,,,,,,"",""
ball,2,102.2,Glamorgan,T van der Gugten,CA Ingram,Rehan Ahmed,0,0,,,,,,"",""
ball,2,102.3,Glamorgan,T van der Gugten,CA Ingram,Rehan Ahmed,4,0,,,,,,"",""
ball,2,102.4,Glamorgan,T van der Gugten,CA Ingram,Rehan Ahmed,2,0,,,,,,"",""
ball,2,102.5,Glamorgan,T van der Gugten,CA Ingram,Rehan Ahmed,2,0,,,,,,"",""
ball,2,102.6,Glamorgan,T van der Gugten,CA Ingram,Rehan Ahmed,1,0,,,,,,"",""
ball,2,103.1,Glamorgan,T van der Gugten,CA Ingram,TAR Scriven,0,0,,,,,,"",""
ball,2,103.2,Glamorgan,T van der Gugten,CA Ingram,TAR Scriven,0,0,,,,,,"",""
ball,2,103.3,Glamorgan,T van der Gugten,CA Ingram,TAR Scriven,1,0,,,,,,"",""
ball,2,103.4,Glamorgan,CA Ingram,T van der Gugten,TAR Scriven,0,0,,,,,,"",""
ball,2,103.5,Glamorgan,CA Ingram,T van der Gugten,TAR Scriven,1,0,,,,,,"",""
ball,2,103.6,Glamorgan,T van der Gugten,CA Ingram,TAR Scriven,0,0,,,,,,"",""
ball,2,104.1,Glamorgan,CA Ingram,T van der Gugten,Rehan Ahmed,0,0,,,,,,"",""
ball,2,104.2,Glamorgan,CA Ingram,T van der Gugten,Rehan Ahmed,1,0,,,,,,"",""
ball,2,104.3,Glamorgan,T van der Gugten,CA Ingram,Rehan Ahmed,0,0,,,,,,"",""
ball,2,104.4,Glamorgan,T van der Gugten,CA Ingram,Rehan Ahmed,0,0,,,,,,"",""
ball,2,104.5,Glamorgan,T van der Gugten,CA Ingram,Rehan Ahmed,6,0,,,,,,"",""
ball,2,104.6,Glamorgan,T van der Gugten,CA Ingram,Rehan Ahmed,1,0,,,,,,"",""
ball,2,105.1,Glamorgan,T van der Gugten,CA Ingram,TAR Scriven,0,0,,,,,,"",""
ball,2,105.2,Glamorgan,T van der Gugten,CA Ingram,TAR Scriven,4,0,,,,,,"",""
ball,2,105.3,Glamorgan,T van der Gugten,CA Ingram,TAR Scriven,0,0,,,,,,lbw,T van der Gugten
ball,2,105.4,Glamorgan,MS Crane,CA Ingram,TAR Scriven,0,0,,,,,,"",""
ball,2,105.5,Glamorgan,MS Crane,CA Ingram,TAR Scriven,0,0,,,,,,"",""
ball,2,105.6,Glamorgan,MS Crane,CA Ingram,TAR Scriven,0,0,,,,,,"",""
ball,2,106.1,Glamorgan,CA Ingram,MS Crane,IG Holland,1,0,,,,,,"",""
ball,2,106.2,Glamorgan,MS Crane,CA Ingram,IG Holland,0,0,,,,,,"",""
ball,2,106.3,Glamorgan,MS Crane,CA Ingram,IG Holland,0,0,,,,,,"",""
ball,2,106.4,Glamorgan,MS Crane,CA Ingram,IG Holland,0,0,,,,,,"",""
ball,2,106.5,Glamorgan,MS Crane,CA Ingram,IG Holland,0,0,,,,,,"",""
ball,2,106.6,Glamorgan,MS Crane,CA Ingram,IG Holland,0,0,,,,,,"",""
ball,2,107.1,Glamorgan,CA Ingram,MS Crane,TAR Scriven,0,4,,,,4,,"",""
ball,2,107.2,Glamorgan,CA Ingram,MS Crane,TAR Scriven,1,0,,,,,,"",""
ball,2,107.3,Glamorgan,MS Crane,CA Ingram,TAR Scriven,1,0,,,,,,"",""
ball,2,107.4,Glamorgan,CA Ingram,MS Crane,TAR Scriven,2,0,,,,,,"",""
ball,2,107.5,Glamorgan,CA Ingram,MS Crane,TAR Scriven,1,0,,,,,,"",""
ball,2,107.6,Glamorgan,MS Crane,CA Ingram,TAR Scriven,0,0,,,,,,"",""
ball,2,108.1,Glamorgan,CA Ingram,MS Crane,IG Holland,0,0,,,,,,"",""
ball,2,108.2,Glamorgan,CA Ingram,MS Crane,IG Holland,1,0,,,,,,"",""
ball,2,108.3,Glamorgan,MS Crane,CA Ingram,IG Holland,0,0,,,,,,"",""
ball,2,108.4,Glamorgan,MS Crane,CA Ingram,IG Holland,0,0,,,,,,"",""
ball,2,108.5,Glamorgan,MS Crane,CA Ingram,IG Holland,0,0,,,,,,"",""
ball,2,108.6,Glamorgan,MS Crane,CA Ingram,IG Holland,1,0,,,,,,"",""
ball,2,109.1,Glamorgan,MS Crane,CA Ingram,SB Wood,0,0,,,,,,"",""
ball,2,109.2,Glamorgan,MS Crane,CA Ingram,SB Wood,4,0,,,,,,"",""
ball,2,109.3,Glamorgan,MS Crane,CA Ingram,SB Wood,0,0,,,,,,"",""
ball,2,109.4,Glamorgan,MS Crane,CA Ingram,SB Wood,0,0,,,,,,"",""
ball,2,109.5,Glamorgan,MS Crane,CA Ingram,SB Wood,0,1,,,,1,,"",""
ball,2,109.6,Glamorgan,CA Ingram,MS Crane,SB Wood,0,0,,,,,,"",""
ball,2,110.1,Glamorgan,MS Crane,CA Ingram,IG Holland,0,0,,,,,,"",""
ball,2,110.2,Glamorgan,MS Crane,CA Ingram,IG Holland,0,0,,,,,,"",""
ball,2,110.3,Glamorgan,MS Crane,CA Ingram,IG Holland,0,0,,,,,,"",""
ball,2,110.4,Glamorgan,MS Crane,CA Ingram,IG Holland,0,0,,,,,,"",""
ball,2,110.5,Glamorgan,MS Crane,CA Ingram,IG Holland,0,0,,,,,,"",""
ball,2,110.6,Glamorgan,MS Crane,CA Ingram,IG Holland,1,0,,,,,,"",""
ball,2,111.1,Glamorgan,MS Crane,CA Ingram,SB Wood,0,0,,,,,,"",""
ball,2,111.2,Glamorgan,MS Crane,CA Ingram,SB Wood,0,0,,,,,,"",""
ball,2,111.3,Glamorgan,MS Crane,CA Ingram,SB Wood,1,0,,,,,,"",""
ball,2,111.4,Glamorgan,CA Ingram,MS Crane,SB Wood,1,0,,,,,,"",""
ball,2,111.5,Glamorgan,MS Crane,CA Ingram,SB Wood,1,0,,,,,,"",""
ball,2,111.6,Glamorgan,CA Ingram,MS Crane,SB Wood,1,0,,,,,,"",""
ball,2,112.1,Glamorgan,CA Ingram,MS Crane,IG Holland,1,0,,,,,,"",""
ball,2,112.2,Glamorgan,MS Crane,CA Ingram,IG Holland,0,0,,,,,,"",""
ball,2,112.3,Glamorgan,MS Crane,CA Ingram,IG Holland,3,0,,,,,,"",""
ball,2,112.4,Glamorgan,CA Ingram,MS Crane,IG Holland,1,0,,,,,,"",""
ball,2,112.5,Glamorgan,MS Crane,CA Ingram,IG Holland,0,0,,,,,,"",""
ball,2,112.6,Glamorgan,MS Crane,CA Ingram,IG Holland,0,0,,,,,,"",""
ball,2,113.1,Glamorgan,CA Ingram,MS Crane,SB Wood,1,0,,,,,,"",""
ball,2,113.2,Glamorgan,MS Crane,CA Ingram,SB Wood,0,0,,,,,,"",""
ball,2,113.3,Glamorgan,MS Crane,CA Ingram,SB Wood,1,0,,,,,,"",""
ball,2,113.4,Glamorgan,CA Ingram,MS Crane,SB Wood,1,0,,,,,,"",""
ball,2,113.5,Glamorgan,MS Crane,CA Ingram,SB Wood,1,0,,,,,,"",""
ball,2,113.6,Glamorgan,CA Ingram,MS Crane,SB Wood,0,0,,,,,,"",""
ball,2,114.1,Glamorgan,MS Crane,CA Ingram,Rehan Ahmed,1,0,,,,,,"",""
ball,2,114.2,Glamorgan,CA Ingram,MS Crane,Rehan Ahmed,0,0,,,,,,"",""
ball,2,114.3,Glamorgan,CA Ingram,MS Crane,Rehan Ahmed,0,0,,,,,,"",""
ball,2,114.4,Glamorgan,CA Ingram,MS Crane,Rehan Ahmed,4,0,,,,,,"",""
ball,2,114.5,Glamorgan,CA Ingram,MS Crane,Rehan Ahmed,1,0,,,,,,"",""
ball,2,114.6,Glamorgan,MS Crane,CA Ingram,Rehan Ahmed,0,0,,,,,,"",""
ball,2,115.1,Glamorgan,CA Ingram,MS Crane,SB Wood,1,0,,,,,,"",""
ball,2,115.2,Glamorgan,MS Crane,CA Ingram,SB Wood,1,0,,,,,,"",""
ball,2,115.3,Glamorgan,CA Ingram,MS Crane,SB Wood,1,0,,,,,,"",""
ball,2,115.4,Glamorgan,MS Crane,CA Ingram,SB Wood,1,0,,,,,,"",""
ball,2,115.5,Glamorgan,CA Ingram,MS Crane,SB Wood,1,0,,,,,,"",""
ball,2,115.6,Glamorgan,MS Crane,CA Ingram,SB Wood,0,0,,,,,,"",""
ball,2,116.1,Glamorgan,CA Ingram,MS Crane,Rehan Ahmed,2,0,,,,,,"",""
ball,2,116.2,Glamorgan,CA Ingram,MS Crane,Rehan Ahmed,1,0,,,,,,"",""
ball,2,116.3,Glamorgan,MS Crane,CA Ingram,Rehan Ahmed,0,0,,,,,,"",""
ball,2,116.4,Glamorgan,MS Crane,CA Ingram,Rehan Ahmed,1,0,,,,,,"",""
ball,2,116.5,Glamorgan,CA Ingram,MS Crane,Rehan Ahmed,0,0,,,,,,"",""
ball,2,116.6,Glamorgan,CA Ingram,MS Crane,Rehan Ahmed,1,0,,,,,,"",""
ball,2,117.1,Glamorgan,CA Ingram,MS Crane,LPJ Kimber,0,0,,,,,,"",""
ball,2,117.2,Glamorgan,CA Ingram,MS Crane,LPJ Kimber,0,0,,,,,,"",""
ball,2,117.3,Glamorgan,CA Ingram,MS Crane,LPJ Kimber,0,0,,,,,,"",""
ball,2,117.4,Glamorgan,CA Ingram,MS Crane,LPJ Kimber,1,0,,,,,,"",""
ball,2,117.5,Glamorgan,MS Crane,CA Ingram,LPJ Kimber,0,0,,,,,,"",""
ball,2,117.6,Glamorgan,MS Crane,CA Ingram,LPJ Kimber,4,0,,,,,,"",""
ball,2,118.1,Glamorgan,CA Ingram,MS Crane,Rehan Ahmed,0,0,,,,,,"",""
ball,2,118.2,Glamorgan,CA Ingram,MS Crane,Rehan Ahmed,0,0,,,,,,"",""
ball,2,118.3,Glamorgan,CA Ingram,MS Crane,Rehan Ahmed,0,0,,,,,,"",""
ball,2,118.4,Glamorgan,CA Ingram,MS Crane,Rehan Ahmed,1,0,,,,,,"",""
ball,2,118.5,Glamorgan,MS Crane,CA Ingram,Rehan Ahmed,1,0,,,,,,"",""
ball,2,118.6,Glamorgan,CA Ingram,MS Crane,Rehan Ahmed,0,0,,,,,,"",""
ball,2,119.1,Glamorgan,MS Crane,CA Ingram,LPJ Kimber,0,0,,,,,,"",""
ball,2,119.2,Glamorgan,MS Crane,CA Ingram,LPJ Kimber,0,0,,,,,,"",""
ball,2,119.3,Glamorgan,MS Crane,CA Ingram,LPJ Kimber,0,0,,,,,,"",""
ball,2,119.4,Glamorgan,MS Crane,CA Ingram,LPJ Kimber,2,0,,,,,,"",""
ball,2,119.5,Glamorgan,MS Crane,CA Ingram,LPJ Kimber,0,0,,,,,,"",""
ball,2,119.6,Glamorgan,MS Crane,CA Ingram,LPJ Kimber,0,0,,,,,,"",""
ball,2,120.1,Glamorgan,CA Ingram,MS Crane,Rehan Ahmed,0,0,,,,,,"",""
ball,2,120.2,Glamorgan,CA Ingram,MS Crane,Rehan Ahmed,4,0,,,,,,"",""
ball,2,120.3,Glamorgan,CA Ingram,MS Crane,Rehan Ahmed,1,0,,,,,,"",""
ball,2,120.4,Glamorgan,MS Crane,CA Ingram,Rehan Ahmed,0,0,,,,,,"",""
ball,2,120.5,Glamorgan,MS Crane,CA Ingram,Rehan Ahmed,0,0,,,,,,"",""
ball,2,120.6,Glamorgan,MS Crane,CA Ingram,Rehan Ahmed,0,0,,,,,,"",""
ball,2,121.1,Glamorgan,CA Ingram,MS Crane,IG Holland,0,0,,,,,,"",""
ball,2,121.2,Glamorgan,CA Ingram,MS Crane,IG Holland,1,0,,,,,,"",""
ball,2,121.3,Glamorgan,MS Crane,CA Ingram,IG Holland,0,0,,,,,,"",""
ball,2,121.4,Glamorgan,MS Crane,CA Ingram,IG Holland,1,0,,,,,,"",""
ball,2,121.5,Glamorgan,CA Ingram,MS Crane,IG Holland,1,0,,,,,,"",""
ball,2,121.6,Glamorgan,MS Crane,CA Ingram,IG Holland,0,0,,,,,,"",""
ball,2,122.1,Glamorgan,CA Ingram,MS Crane,Rehan Ahmed,0,0,,,,,,"",""
ball,2,122.2,Glamorgan,CA Ingram,MS Crane,Rehan Ahmed,2,0,,,,,,"",""
ball,2,122.3,Glamorgan,CA Ingram,MS Crane,Rehan Ahmed,0,0,,,,,,"",""
ball,2,122.4,Glamorgan,CA Ingram,MS Crane,Rehan Ahmed,0,0,,,,,,"",""
ball,2,122.5,Glamorgan,CA Ingram,MS Crane,Rehan Ahmed,1,0,,,,,,"",""
ball,2,122.6,Glamorgan,MS Crane,CA Ingram,Rehan Ahmed,0,0,,,,,,"",""
ball,2,123.1,Glamorgan,CA Ingram,MS Crane,IG Holland,0,0,,,,,,"",""
ball,2,123.2,Glamorgan,CA Ingram,MS Crane,IG Holland,0,0,,,,,,"",""
ball,2,123.3,Glamorgan,CA Ingram,MS Crane,IG Holland,1,0,,,,,,"",""
ball,2,123.4,Glamorgan,MS Crane,CA Ingram,IG Holland,0,0,,,,,,"",""
ball,2,123.5,Glamorgan,MS Crane,CA Ingram,IG Holland,0,0,,,,,,"",""
ball,2,123.6,Glamorgan,MS Crane,CA Ingram,IG Holland,0,0,,,,,,"",""
ball,2,124.1,Glamorgan,CA Ingram,MS Crane,Rehan Ahmed,1,0,,,,,,"",""
ball,2,124.2,Glamorgan,MS Crane,CA Ingram,Rehan Ahmed,0,0,,,,,,"",""
ball,2,124.3,Glamorgan,MS Crane,CA Ingram,Rehan Ahmed,0,0,,,,,,"",""
ball,2,124.4,Glamorgan,MS Crane,CA Ingram,Rehan Ahmed,0,0,,,,,,"",""
ball,2,124.5,Glamorgan,MS Crane,CA Ingram,Rehan Ahmed,0,0,,,,,,"",""
ball,2,124.6,Glamorgan,MS Crane,CA Ingram,Rehan Ahmed,1,0,,,,,,"",""
ball,2,125.1,Glamorgan,MS Crane,CA Ingram,IG Holland,1,0,,,,,,"",""
ball,2,125.2,Glamorgan,CA Ingram,MS Crane,IG Holland,0,0,,,,,,"",""
ball,2,125.3,Glamorgan,CA Ingram,MS Crane,IG Holland,0,0,,,,,,"",""
ball,2,125.4,Glamorgan,CA Ingram,MS Crane,IG Holland,1,0,,,,,,"",""
ball,2,125.5,Glamorgan,MS Crane,CA Ingram,IG Holland,0,0,,,,,,"",""
ball,2,125.6,Glamorgan,MS Crane,CA Ingram,IG Holland,0,0,,,,,,"",""
ball,2,126.1,Glamorgan,CA Ingram,MS Crane,Rehan Ahmed,1,0,,,,,,"",""
ball,2,126.2,Glamorgan,MS Crane,CA Ingram,Rehan Ahmed,0,0,,,,,,"",""
ball,2,126.3,Glamorgan,MS Crane,CA Ingram,Rehan Ahmed,0,0,,,,,,"",""
ball,2,126.4,Glamorgan,MS Crane,CA Ingram,Rehan Ahmed,0,0,,,,,,"",""
ball,2,126.5,Glamorgan,MS Crane,CA Ingram,Rehan Ahmed,0,0,,,,,,"",""
ball,2,126.6,Glamorgan,MS Crane,CA Ingram,Rehan Ahmed,1,0,,,,,,"",""
ball,2,127.1,Glamorgan,MS Crane,CA Ingram,IG Holland,0,0,,,,,,"",""
ball,2,127.2,Glamorgan,MS Crane,CA Ingram,IG Holland,1,0,,,,,,"",""
ball,2,127.3,Glamorgan,CA Ingram,MS Crane,IG Holland,1,0,,,,,,"",""
ball,2,127.4,Glamorgan,MS Crane,CA Ingram,IG Holland,0,0,,,,,,"",""
ball,2,127.5,Glamorgan,MS Crane,CA Ingram,IG Holland,0,0,,,,,,"",""
ball,2,127.6,Glamorgan,MS Crane,CA Ingram,IG Holland,0,0,,,,,,"",""
ball,2,128.1,Glamorgan,CA Ingram,MS Crane,Rehan Ahmed,1,0,,,,,,"",""
ball,2,128.2,Glamorgan,MS Crane,CA Ingram,Rehan Ahmed,0,0,,,,,,"",""
ball,2,128.3,Glamorgan,MS Crane,CA Ingram,Rehan Ahmed,0,0,,,,,,"",""
ball,2,128.4,Glamorgan,MS Crane,CA Ingram,Rehan Ahmed,0,0,,,,,,"",""
ball,2,128.5,Glamorgan,MS Crane,CA Ingram,Rehan Ahmed,0,0,,,,,,"",""
ball,2,128.6,Glamorgan,MS Crane,CA Ingram,Rehan Ahmed,0,0,,,,,,"",""
ball,2,129.1,Glamorgan,CA Ingram,MS Crane,CJC Wright,0,0,,,,,,"",""
ball,2,129.2,Glamorgan,CA Ingram,MS Crane,CJC Wright,1,0,,,,,,"",""
ball,2,129.3,Glamorgan,MS Crane,CA Ingram,CJC Wright,0,0,,,,,,"",""
ball,2,129.4,Glamorgan,MS Crane,CA Ingram,CJC Wright,0,0,,,,,,"",""
ball,2,129.5,Glamorgan,MS Crane,CA Ingram,CJC Wright,1,0,,,,,,"",""
ball,2,129.6,Glamorgan,CA Ingram,MS Crane,CJC Wright,1,0,,,,,,"",""
ball,2,130.1,Glamorgan,CA Ingram,MS Crane,Rehan Ahmed,0,0,,,,,,"",""
ball,2,130.2,Glamorgan,CA Ingram,MS Crane,Rehan Ahmed,0,0,,,,,,"",""
ball,2,130.3,Glamorgan,CA Ingram,MS Crane,Rehan Ahmed,4,0,,,,,,"",""
ball,2,130.4,Glamorgan,CA Ingram,MS Crane,Rehan Ahmed,0,0,,,,,,"",""
ball,2,130.5,Glamorgan,CA Ingram,MS Crane,Rehan Ahmed,4,0,,,,,,"",""
ball,2,130.6,Glamorgan,CA Ingram,MS Crane,Rehan Ahmed,0,0,,,,,,"",""
ball,2,131.1,Glamorgan,MS Crane,CA Ingram,CJC Wright,0,0,,,,,,"",""
ball,2,131.2,Glamorgan,MS Crane,CA Ingram,CJC Wright,0,0,,,,,,"",""
ball,2,131.3,Glamorgan,MS Crane,CA Ingram,CJC Wright,0,0,,,,,,"",""
ball,2,131.4,Glamorgan,MS Crane,CA Ingram,CJC Wright,1,0,,,,,,"",""
ball,2,131.5,Glamorgan,CA Ingram,MS Crane,CJC Wright,1,0,,,,,,"",""
ball,2,131.6,Glamorgan,MS Crane,CA Ingram,CJC Wright,0,0,,,,,,"",""
ball,2,132.1,Glamorgan,CA Ingram,MS Crane,Rehan Ahmed,2,0,,,,,,"",""
ball,2,132.2,Glamorgan,CA Ingram,MS Crane,Rehan Ahmed,1,0,,,,,,"",""
ball,2,132.3,Glamorgan,MS Crane,CA Ingram,Rehan Ahmed,0,0,,,,,,"",""
ball,2,132.4,Glamorgan,MS Crane,CA Ingram,Rehan Ahmed,0,0,,,,,,"",""
ball,2,132.5,Glamorgan,MS Crane,CA Ingram,Rehan Ahmed,0,0,,,,,,"",""
ball,2,132.6,Glamorgan,MS Crane,CA Ingram,Rehan Ahmed,0,0,,,,,,"",""
ball,2,133.1,Glamorgan,CA Ingram,MS Crane,CJC Wright,4,0,,,,,,"",""
ball,2,133.2,Glamorgan,CA Ingram,MS Crane,CJC Wright,1,0,,,,,,"",""
ball,2,133.3,Glamorgan,MS Crane,CA Ingram,CJC Wright,1,0,,,,,,"",""
ball,2,133.4,Glamorgan,CA Ingram,MS Crane,CJC Wright,0,0,,,,,,"",""
ball,2,133.5,Glamorgan,CA Ingram,MS Crane,CJC Wright,1,0,,,,,,"",""
ball,2,133.6,Glamorgan,MS Crane,CA Ingram,CJC Wright,1,0,,,,,,"",""
ball,2,134.1,Glamorgan,MS Crane,CA Ingram,Rehan Ahmed,0,0,,,,,,"",""
ball,2,134.2,Glamorgan,MS Crane,CA Ingram,Rehan Ahmed,1,0,,,,,,"",""
ball,2,134.3,Glamorgan,CA Ingram,MS Crane,Rehan Ahmed,1,0,,,,,,"",""
ball,2,134.4,Glamorgan,MS Crane,CA Ingram,Rehan Ahmed,0,0,,,,,,"",""
ball,2,134.5,Glamorgan,MS Crane,CA Ingram,Rehan Ahmed,0,1,,,,1,,"",""
ball,2,134.6,Glamorgan,CA Ingram,MS Crane,Rehan Ahmed,1,0,,,,,,"",""
ball,2,135.1,Glamorgan,CA Ingram,MS Crane,CJC Wright,1,0,,,,,,"",""
ball,2,135.2,Glamorgan,MS Crane,CA Ingram,CJC Wright,0,2,,,,2,,"",""
ball,2,135.3,Glamorgan,MS Crane,CA Ingram,CJC Wright,0,0,,,,,,"",""
ball,2,135.4,Glamorgan,MS Crane,CA Ingram,CJC Wright,0,2,,2,,,,"",""
ball,2,135.5,Glamorgan,MS Crane,CA Ingram,CJC Wright,0,0,,,,,,"",""
ball,2,135.6,Glamorgan,MS Crane,CA Ingram,CJC Wright,4,0,,,,,,"",""
ball,2,135.7,Glamorgan,MS Crane,CA Ingram,CJC Wright,0,0,,,,,,"",""
ball,2,136.1,Glamorgan,CA Ingram,MS Crane,Rehan Ahmed,1,0,,,,,,"",""
ball,2,136.2,Glamorgan,MS Crane,CA Ingram,Rehan Ahmed,0,0,,,,,,"",""
ball,2,136.3,Glamorgan,MS Crane,CA Ingram,Rehan Ahmed,0,0,,,,,,"",""
ball,2,136.4,Glamorgan,MS Crane,CA Ingram,Rehan Ahmed,0,0,,,,,,"",""
ball,2,136.5,Glamorgan,MS Crane,CA Ingram,Rehan Ahmed,0,0,,,,,,"",""
ball,2,136.6,Glamorgan,MS Crane,CA Ingram,Rehan Ahmed,0,0,,,,,,"",""
ball,2,137.1,Glamorgan,CA Ingram,MS Crane,TAR Scriven,0,0,,,,,,"",""
ball,2,137.2,Glamorgan,CA Ingram,MS Crane,TAR Scriven,1,0,,,,,,"",""
ball,2,137.3,Glamorgan,MS Crane,CA Ingram,TAR Scriven,0,0,,,,,,"",""
ball,2,137.4,Glamorgan,MS Crane,CA Ingram,TAR Scriven,2,0,,,,,,"",""
ball,2,137.5,Glamorgan,MS Crane,CA Ingram,TAR Scriven,0,0,,,,,,"",""
ball,2,137.6,Glamorgan,MS Crane,CA Ingram,TAR Scriven,0,0,,,,,,"",""
ball,2,138.1,Glamorgan,CA Ingram,MS Crane,Rehan Ahmed,0,0,,,,,,"",""
ball,2,138.2,Glamorgan,CA Ingram,MS Crane,Rehan Ahmed,1,0,,,,,,"",""
ball,2,138.3,Glamorgan,MS Crane,CA Ingram,Rehan Ahmed,0,0,,,,,,"",""
ball,2,138.4,Glamorgan,MS Crane,CA Ingram,Rehan Ahmed,0,0,,,,,,"",""
ball,2,138.5,Glamorgan,MS Crane,CA Ingram,Rehan Ahmed,0,0,,,,,,"",""
ball,2,138.6,Glamorgan,MS Crane,CA Ingram,Rehan Ahmed,0,0,,,,,,"",""
ball,2,139.1,Glamorgan,CA Ingram,MS Crane,TAR Scriven,1,0,,,,,,"",""
ball,2,139.2,Glamorgan,MS Crane,CA Ingram,TAR Scriven,0,0,,,,,,"",""
ball,2,139.3,Glamorgan,MS Crane,CA Ingram,TAR Scriven,1,0,,,,,,"",""
ball,2,139.4,Glamorgan,CA Ingram,MS Crane,TAR Scriven,4,0,,,,,,"",""
ball,2,139.5,Glamorgan,CA Ingram,MS Crane,TAR Scriven,0,0,,,,,,"",""
ball,2,139.6,Glamorgan,CA Ingram,MS Crane,TAR Scriven,0,0,,,,,,"",""
ball,2,140.1,Glamorgan,MS Crane,CA Ingram,Rehan Ahmed,0,0,,,,,,"",""
ball,2,140.2,Glamorgan,MS Crane,CA Ingram,Rehan Ahmed,6,0,,,,,,"",""
ball,2,140.3,Glamorgan,MS Crane,CA Ingram,Rehan Ahmed,0,0,,,,,,"",""
ball,2,140.4,Glamorgan,MS Crane,CA Ingram,Rehan Ahmed,1,0,,,,,,"",""
ball,2,140.5,Glamorgan,CA Ingram,MS Crane,Rehan Ahmed,0,0,,,,,,"",""
ball,2,140.6,Glamorgan,CA Ingram,MS Crane,Rehan Ahmed,0,0,,,,,,run out,MS Crane
ball,2,141.1,Glamorgan,FW Sheat,CA Ingram,TAR Scriven,1,0,,,,,,"",""
ball,2,141.2,Glamorgan,CA Ingram,FW Sheat,TAR Scriven,1,0,,,,,,"",""
ball,2,141.3,Glamorgan,FW Sheat,CA Ingram,TAR Scriven,0,0,,,,,,"",""
ball,2,141.4,Glamorgan,FW Sheat,CA Ingram,TAR Scriven,0,0,,,,,,"",""
ball,2,141.5,Glamorgan,FW Sheat,CA Ingram,TAR Scriven,0,0,,,,,,"",""
ball,2,141.6,Glamorgan,FW Sheat,CA Ingram,TAR Scriven,1,0,,,,,,"",""
ball,2,142.1,Glamorgan,FW Sheat,CA Ingram,Rehan Ahmed,1,0,,,,,,"",""
ball,2,142.2,Glamorgan,CA Ingram,FW Sheat,Rehan Ahmed,2,0,,,,,,"",""
ball,2,142.3,Glamorgan,CA Ingram,FW Sheat,Rehan Ahmed,0,0,,,,,,"",""
ball,2,142.4,Glamorgan,CA Ingram,FW Sheat,Rehan Ahmed,1,0,,,,,,"",""
ball,2,142.5,Glamorgan,FW Sheat,CA Ingram,Rehan Ahmed,0,0,,,,,,"",""
ball,2,142.6,Glamorgan,FW Sheat,CA Ingram,Rehan Ahmed,1,0,,,,,,"",""
ball,2,143.1,Glamorgan,FW Sheat,CA Ingram,TAR Scriven,0,0,,,,,,"",""
ball,2,143.2,Glamorgan,FW Sheat,CA Ingram,TAR Scriven,0,0,,,,,,"",""
ball,2,143.3,Glamorgan,FW Sheat,CA Ingram,TAR Scriven,4,0,,,,,,"",""
ball,2,143.4,Glamorgan,FW Sheat,CA Ingram,TAR Scriven,4,0,,,,,,"",""
ball,2,143.5,Glamorgan,FW Sheat,CA Ingram,TAR Scriven,1,0,,,,,,"",""
ball,2,143.6,Glamorgan,CA Ingram,FW Sheat,TAR Scriven,2,0,,,,,,"",""
ball,2,144.1,Glamorgan,FW Sheat,CA Ingram,Rehan Ahmed,0,0,,,,,,"",""
ball,2,144.2,Glamorgan,FW Sheat,CA Ingram,Rehan Ahmed,4,0,,,,,,"",""
ball,2,144.3,Glamorgan,FW Sheat,CA Ingram,Rehan Ahmed,0,0,,,,,,"",""
ball,2,144.4,Glamorgan,FW Sheat,CA Ingram,Rehan Ahmed,4,0,,,,,,"",""
ball,2,144.5,Glamorgan,FW Sheat,CA Ingram,Rehan Ahmed,4,0,,,,,,"",""
ball,2,144.6,Glamorgan,FW Sheat,CA Ingram,Rehan Ahmed,1,0,,,,,,"",""
ball,2,145.1,Glamorgan,FW Sheat,CA Ingram,LPJ Kimber,0,0,,,,,,"",""
ball,2,145.2,Glamorgan,FW Sheat,CA Ingram,LPJ Kimber,0,0,,,,,,"",""
ball,2,145.3,Glamorgan,FW Sheat,CA Ingram,LPJ Kimber,3,0,,,,,,"",""
ball,2,145.4,Glamorgan,CA Ingram,FW Sheat,LPJ Kimber,1,0,,,,,,"",""
ball,2,145.5,Glamorgan,FW Sheat,CA Ingram,LPJ Kimber,4,0,,,,,,"",""
ball,2,145.6,Glamorgan,FW Sheat,CA Ingram,LPJ Kimber,1,0,,,,,,"",""
ball,2,146.1,Glamorgan,FW Sheat,CA Ingram,Rehan Ahmed,0,0,,,,,,"",""
ball,2,146.2,Glamorgan,FW Sheat,CA Ingram,Rehan Ahmed,0,0,,,,,,"",""
ball,2,146.3,Glamorgan,FW Sheat,CA Ingram,Rehan Ahmed,0,0,,,,,,caught,FW Sheat
ball,2,146.4,Glamorgan,EO Leonard,CA Ingram,Rehan Ahmed,4,0,,,,,,"",""
ball,2,146.5,Glamorgan,EO Leonard,CA Ingram,Rehan Ahmed,1,0,,,,,,"",""
ball,2,146.6,Glamorgan,CA Ingram,EO Leonard,Rehan Ahmed,2,0,,,,,,"",""
ball,3,0.1,Leicestershire,RK Patel,IG Holland,T van der Gugten,0,0,,,,,,"",""
ball,3,0.2,Leicestershire,RK Patel,IG Holland,T van der Gugten,0,0,,,,,,"",""
ball,3,0.3,Leicestershire,RK Patel,IG Holland,T van der Gugten,0,0,,,,,,"",""
ball,3,0.4,Leicestershire,RK Patel,IG Holland,T van der Gugten,4,0,,,,,,"",""
ball,3,0.5,Leicestershire,RK Patel,IG Holland,T van der Gugten,0,0,,,,,,"",""
ball,3,0.6,Leicestershire,RK Patel,IG Holland,T van der Gugten,1,0,,,,,,"",""
ball,3,1.1,Leicestershire,RK Patel,IG Holland,FW Sheat,0,0,,,,,,"",""
ball,3,1.2,Leicestershire,RK Patel,IG Holland,FW Sheat,0,0,,,,,,"",""
ball,3,1.3,Leicestershire,RK Patel,IG Holland,FW Sheat,0,0,,,,,,"",""
ball,3,1.4,Leicestershire,RK Patel,IG Holland,FW Sheat,0,0,,,,,,"",""
ball,3,1.5,Leicestershire,RK Patel,IG Holland,FW Sheat,0,0,,,,,,"",""
ball,3,1.6,Leicestershire,RK Patel,IG Holland,FW Sheat,0,0,,,,,,"",""
ball,3,2.1,Leicestershire,IG Holland,RK Patel,T van der Gugten,0,0,,,,,,"",""
ball,3,2.2,Leicestershire,IG Holland,RK Patel,T van der Gugten,0,0,,,,,,"",""
ball,3,2.3,Leicestershire,IG Holland,RK Patel,T van der Gugten,1,0,,,,,,"",""
ball,3,2.4,Leicestershire,RK Patel,IG Holland,T van der Gugten,0,0,,,,,,"",""
ball,3,2.5,Leicestershire,RK Patel,IG Holland,T van der Gugten,0,0,,,,,,"",""
ball,3,2.6,Leicestershire,RK Patel,IG Holland,T van der Gugten,0,0,,,,,,"",""
ball,3,3.1,Leicestershire,IG Holland,RK Patel,FW Sheat,0,0,,,,,,"",""
ball,3,3.2,Leicestershire,IG Holland,RK Patel,FW Sheat,0,0,,,,,,"",""
ball,3,3.3,Leicestershire,IG Holland,RK Patel,FW Sheat,0,0,,,,,,"",""
ball,3,3.4,Leicestershire,IG Holland,RK Patel,FW Sheat,0,0,,,,,,"",""
ball,3,3.5,Leicestershire,IG Holland,RK Patel,FW Sheat,0,0,,,,,,"",""
ball,3,3.6,Leicestershire,IG Holland,RK Patel,FW Sheat,0,0,,,,,,"",""
ball,3,4.1,Leicestershire,RK Patel,IG Holland,T van der Gugten,0,0,,,,,,"",""
ball,3,4.2,Leicestershire,RK Patel,IG Holland,T van der Gugten,0,0,,,,,,"",""
ball,3,4.3,Leicestershire,RK Patel,IG Holland,T van der Gugten,0,0,,,,,,"",""
ball,3,4.4,Leicestershire,RK Patel,IG Holland,T van der Gugten,0,0,,,,,,"",""
ball,3,4.5,Leicestershire,RK Patel,IG Holland,T van der Gugten,0,0,,,,,,"",""
ball,3,4.6,Leicestershire,RK Patel,IG Holland,T van der Gugten,0,0,,,,,,"",""
ball,3,5.1,Leicestershire,IG Holland,RK Patel,FW Sheat,2,0,,,,,,"",""
ball,3,5.2,Leicestershire,IG Holland,RK Patel,FW Sheat,0,0,,,,,,"",""
ball,3,5.3,Leicestershire,IG Holland,RK Patel,FW Sheat,0,0,,,,,,"",""
ball,3,5.4,Leicestershire,IG Holland,RK Patel,FW Sheat,0,0,,,,,,"",""
ball,3,5.5,Leicestershire,IG Holland,RK Patel,FW Sheat,0,0,,,,,,"",""
ball,3,5.6,Leicestershire,IG Holland,RK Patel,FW Sheat,0,0,,,,,,"",""
ball,3,6.1,Leicestershire,RK Patel,IG Holland,T van der Gugten,4,0,,,,,,"",""
ball,3,6.2,Leicestershire,RK Patel,IG Holland,T van der Gugten,0,0,,,,,,"",""
ball,3,6.3,Leicestershire,RK Patel,IG Holland,T van der Gugten,0,0,,,,,,"",""
ball,3,6.4,Leicestershire,RK Patel,IG Holland,T van der Gugten,0,0,,,,,,"",""
ball,3,6.5,Leicestershire,RK Patel,IG Holland,T van der Gugten,0,0,,,,,,"",""
ball,3,6.6,Leicestershire,RK Patel,IG Holland,T van der Gugten,0,0,,,,,,"",""
ball,3,7.1,Leicestershire,IG Holland,RK Patel,FW Sheat,0,0,,,,,,"",""
ball,3,7.2,Leicestershire,IG Holland,RK Patel,FW Sheat,0,0,,,,,,"",""
ball,3,7.3,Leicestershire,IG Holland,RK Patel,FW Sheat,0,0,,,,,,"",""
ball,3,7.4,Leicestershire,IG Holland,RK Patel,FW Sheat,4,0,,,,,,"",""
ball,3,7.5,Leicestershire,IG Holland,RK Patel,FW Sheat,0,0,,,,,,"",""
ball,3,7.6,Leicestershire,IG Holland,RK Patel,FW Sheat,0,0,,,,,,"",""
ball,3,8.1,Leicestershire,RK Patel,IG Holland,T van der Gugten,0,0,,,,,,"",""
ball,3,8.2,Leicestershire,RK Patel,IG Holland,T van der Gugten,0,0,,,,,,"",""
ball,3,8.3,Leicestershire,RK Patel,IG Holland,T van der Gugten,0,0,,,,,,"",""
ball,3,8.4,Leicestershire,RK Patel,IG Holland,T van der Gugten,2,0,,,,,,"",""
ball,3,8.5,Leicestershire,RK Patel,IG Holland,T van der Gugten,0,0,,,,,,"",""
ball,3,8.6,Leicestershire,RK Patel,IG Holland,T van der Gugten,0,0,,,,,,"",""
ball,3,9.1,Leicestershire,IG Holland,RK Patel,FW Sheat,0,0,,,,,,"",""
ball,3,9.2,Leicestershire,IG Holland,RK Patel,FW Sheat,2,0,,,,,,"",""
ball,3,9.3,Leicestershire,IG Holland,RK Patel,FW Sheat,0,0,,,,,,"",""
ball,3,9.4,Leicestershire,IG Holland,RK Patel,FW Sheat,0,0,,,,,,"",""
ball,3,9.5,Leicestershire,IG Holland,RK Patel,FW Sheat,0,0,,,,,,"",""
ball,3,9.6,Leicestershire,IG Holland,RK Patel,FW Sheat,0,0,,,,,,"",""
ball,3,10.1,Leicestershire,RK Patel,IG Holland,T van der Gugten,0,0,,,,,,"",""
ball,3,10.2,Leicestershire,RK Patel,IG Holland,T van der Gugten,0,0,,,,,,"",""
ball,3,10.3,Leicestershire,RK Patel,IG Holland,T van der Gugten,0,0,,,,,,"",""
ball,3,10.4,Leicestershire,RK Patel,IG Holland,T van der Gugten,0,0,,,,,,"",""
ball,3,10.5,Leicestershire,RK Patel,IG Holland,T van der Gugten,4,0,,,,,,"",""
ball,3,10.6,Leicestershire,RK Patel,IG Holland,T van der Gugten,0,0,,,,,,"",""
ball,3,11.1,Leicestershire,IG Holland,RK Patel,FW Sheat,0,0,,,,,,"",""
ball,3,11.2,Leicestershire,IG Holland,RK Patel,FW Sheat,0,0,,,,,,"",""
ball,3,11.3,Leicestershire,IG Holland,RK Patel,FW Sheat,0,0,,,,,,"",""
ball,3,11.4,Leicestershire,IG Holland,RK Patel,FW Sheat,0,0,,,,,,"",""
ball,3,11.5,Leicestershire,IG Holland,RK Patel,FW Sheat,0,0,,,,,,"",""
ball,3,11.6,Leicestershire,IG Holland,RK Patel,FW Sheat,0,0,,,,,,"",""
ball,3,12.1,Leicestershire,RK Patel,IG Holland,DA Douthwaite,0,2,,2,,,,"",""
ball,3,12.2,Leicestershire,RK Patel,IG Holland,DA Douthwaite,4,0,,,,,,"",""
ball,3,12.3,Leicestershire,RK Patel,IG Holland,DA Douthwaite,4,0,,,,,,"",""
ball,3,12.4,Leicestershire,RK Patel,IG Holland,DA Douthwaite,0,0,,,,,,"",""
ball,3,12.5,Leicestershire,RK Patel,IG Holland,DA Douthwaite,0,0,,,,,,lbw,RK Patel
ball,3,12.6,Leicestershire,LJ Hill,IG Holland,DA Douthwaite,0,0,,,,,,"",""
ball,3,12.7,Leicestershire,LJ Hill,IG Holland,DA Douthwaite,0,0,,,,,,"",""
ball,3,13.1,Leicestershire,IG Holland,LJ Hill,EO Leonard,0,0,,,,,,"",""
ball,3,13.2,Leicestershire,IG Holland,LJ Hill,EO Leonard,2,0,,,,,,"",""
ball,3,13.3,Leicestershire,IG Holland,LJ Hill,EO Leonard,0,0,,,,,,"",""
ball,3,13.4,Leicestershire,IG Holland,LJ Hill,EO Leonard,1,0,,,,,,"",""
ball,3,13.5,Leicestershire,LJ Hill,IG Holland,EO Leonard,0,0,,,,,,"",""
ball,3,13.6,Leicestershire,LJ Hill,IG Holland,EO Leonard,0,0,,,,,,bowled,LJ Hill
ball,3,14.1,Leicestershire,IG Holland,AM Rahane,DA Douthwaite,4,0,,,,,,"",""
ball,3,14.2,Leicestershire,IG Holland,AM Rahane,DA Douthwaite,0,0,,,,,,"",""
ball,3,14.3,Leicestershire,IG Holland,AM Rahane,DA Douthwaite,0,0,,,,,,"",""
ball,3,14.4,Leicestershire,IG Holland,AM Rahane,DA Douthwaite,4,0,,,,,,"",""
ball,3,14.5,Leicestershire,IG Holland,AM Rahane,DA Douthwaite,0,0,,,,,,"",""
ball,3,14.6,Leicestershire,IG Holland,AM Rahane,DA Douthwaite,0,0,,,,,,"",""
ball,3,15.1,Leicestershire,AM Rahane,IG Holland,EO Leonard,4,0,,,,,,"",""
ball,3,15.2,Leicestershire,AM Rahane,IG Holland,EO Leonard,0,0,,,,,,"",""
ball,3,15.3,Leicestershire,AM Rahane,IG Holland,EO Leonard,3,0,,,,,,"",""
ball,3,15.4,Leicestershire,IG Holland,AM Rahane,EO Leonard,0,0,,,,,,"",""
ball,3,15.5,Leicestershire,IG Holland,AM Rahane,EO Leonard,0,0,,,,,,"",""
ball,3,15.6,Leicestershire,IG Holland,AM Rahane,EO Leonard,0,0,,,,,,"",""
ball,3,16.1,Leicestershire,AM Rahane,IG Holland,DA Douthwaite,0,0,,,,,,"",""
ball,3,16.2,Leicestershire,AM Rahane,IG Holland,DA Douthwaite,0,0,,,,,,"",""
ball,3,16.3,Leicestershire,AM Rahane,IG Holland,DA Douthwaite,0,0,,,,,,"",""
ball,3,16.4,Leicestershire,AM Rahane,IG Holland,DA Douthwaite,0,0,,,,,,"",""
ball,3,16.5,Leicestershire,AM Rahane,IG Holland,DA Douthwaite,0,0,,,,,,"",""
ball,3,16.6,Leicestershire,AM Rahane,IG Holland,DA Douthwaite,0,0,,,,,,"",""
ball,3,17.1,Leicestershire,IG Holland,AM Rahane,EO Leonard,0,0,,,,,,"",""
ball,3,17.2,Leicestershire,IG Holland,AM Rahane,EO Leonard,0,0,,,,,,"",""
ball,3,17.3,Leicestershire,IG Holland,AM Rahane,EO Leonard,0,0,,,,,,"",""
ball,3,17.4,Leicestershire,IG Holland,AM Rahane,EO Leonard,0,0,,,,,,"",""
ball,3,17.5,Leicestershire,IG Holland,AM Rahane,EO Leonard,0,0,,,,,,"",""
ball,3,17.6,Leicestershire,IG Holland,AM Rahane,EO Leonard,0,0,,,,,,"",""
ball,3,18.1,Leicestershire,AM Rahane,IG Holland,DA Douthwaite,0,0,,,,,,"",""
ball,3,18.2,Leicestershire,AM Rahane,IG Holland,DA Douthwaite,0,0,,,,,,"",""
ball,3,18.3,Leicestershire,AM Rahane,IG Holland,DA Douthwaite,0,0,,,,,,"",""
ball,3,18.4,Leicestershire,AM Rahane,IG Holland,DA Douthwaite,4,0,,,,,,"",""
ball,3,18.5,Leicestershire,AM Rahane,IG Holland,DA Douthwaite,0,0,,,,,,"",""
ball,3,18.6,Leicestershire,AM Rahane,IG Holland,DA Douthwaite,0,2,,2,,,,"",""
ball,3,18.7,Leicestershire,AM Rahane,IG Holland,DA Douthwaite,1,0,,,,,,"",""
ball,3,19.1,Leicestershire,AM Rahane,IG Holland,T van der Gugten,0,0,,,,,,"",""
ball,3,19.2,Leicestershire,AM Rahane,IG Holland,T van der Gugten,4,0,,,,,,"",""
ball,3,19.3,Leicestershire,AM Rahane,IG Holland,T van der Gugten,0,0,,,,,,"",""
ball,3,19.4,Leicestershire,AM Rahane,IG Holland,T van der Gugten,0,0,,,,,,"",""
ball,3,19.5,Leicestershire,AM Rahane,IG Holland,T van der Gugten,0,0,,,,,,"",""
ball,3,19.6,Leicestershire,AM Rahane,IG Holland,T van der Gugten,4,0,,,,,,"",""
ball,3,20.1,Leicestershire,IG Holland,AM Rahane,DA Douthwaite,2,0,,,,,,"",""
ball,3,20.2,Leicestershire,IG Holland,AM Rahane,DA Douthwaite,0,0,,,,,,"",""
ball,3,20.3,Leicestershire,IG Holland,AM Rahane,DA Douthwaite,1,0,,,,,,"",""
ball,3,20.4,Leicestershire,AM Rahane,IG Holland,DA Douthwaite,0,0,,,,,,"",""
ball,3,20.5,Leicestershire,AM Rahane,IG Holland,DA Douthwaite,0,0,,,,,,"",""
ball,3,20.6,Leicestershire,AM Rahane,IG Holland,DA Douthwaite,0,0,,,,,,"",""
ball,3,21.1,Leicestershire,IG Holland,AM Rahane,T van der Gugten,0,0,,,,,,"",""
ball,3,21.2,Leicestershire,IG Holland,AM Rahane,T van der Gugten,0,0,,,,,,"",""
ball,3,21.3,Leicestershire,IG Holland,AM Rahane,T van der Gugten,0,0,,,,,,"",""
ball,3,21.4,Leicestershire,IG Holland,AM Rahane,T van der Gugten,0,0,,,,,,"",""
ball,3,21.5,Leicestershire,IG Holland,AM Rahane,T van der Gugten,0,0,,,,,,"",""
ball,3,21.6,Leicestershire,IG Holland,AM Rahane,T van der Gugten,4,0,,,,,,"",""
ball,3,22.1,Leicestershire,AM Rahane,IG Holland,EO Leonard,0,0,,,,,,"",""
ball,3,22.2,Leicestershire,AM Rahane,IG Holland,EO Leonard,0,0,,,,,,"",""
ball,3,22.3,Leicestershire,AM Rahane,IG Holland,EO Leonard,0,0,,,,,,"",""
ball,3,22.4,Leicestershire,AM Rahane,IG Holland,EO Leonard,0,0,,,,,,"",""
ball,3,22.5,Leicestershire,AM Rahane,IG Holland,EO Leonard,0,0,,,,,,"",""
ball,3,22.6,Leicestershire,AM Rahane,IG Holland,EO Leonard,0,0,,,,,,"",""
ball,3,23.1,Leicestershire,IG Holland,AM Rahane,T van der Gugten,0,0,,,,,,"",""
ball,3,23.2,Leicestershire,IG Holland,AM Rahane,T van der Gugten,0,0,,,,,,"",""
ball,3,23.3,Leicestershire,IG Holland,AM Rahane,T van der Gugten,0,0,,,,,,"",""
ball,3,23.4,Leicestershire,IG Holland,AM Rahane,T van der Gugten,0,0,,,,,,caught,IG Holland
ball,3,23.5,Leicestershire,PSP Handscomb,AM Rahane,T van der Gugten,4,0,,,,,,"",""
ball,3,23.6,Leicestershire,PSP Handscomb,AM Rahane,T van der Gugten,0,0,,,,,,"",""
ball,3,24.1,Leicestershire,AM Rahane,PSP Handscomb,EO Leonard,0,0,,,,,,"",""
ball,3,24.2,Leicestershire,AM Rahane,PSP Handscomb,EO Leonard,0,0,,,,,,"",""
ball,3,24.3,Leicestershire,AM Rahane,PSP Handscomb,EO Leonard,2,0,,,,,,"",""
ball,3,24.4,Leicestershire,AM Rahane,PSP Handscomb,EO Leonard,0,0,,,,,,"",""
ball,3,24.5,Leicestershire,AM Rahane,PSP Handscomb,EO Leonard,1,0,,,,,,"",""
ball,3,24.6,Leicestershire,PSP Handscomb,AM Rahane,EO Leonard,0,0,,,,,,"",""
ball,3,25.1,Leicestershire,AM Rahane,PSP Handscomb,T van der Gugten,1,0,,,,,,"",""
ball,3,25.2,Leicestershire,PSP Handscomb,AM Rahane,T van der Gugten,0,0,,,,,,"",""
ball,3,25.3,Leicestershire,PSP Handscomb,AM Rahane,T van der Gugten,0,0,,,,,,"",""
ball,3,25.4,Leicestershire,PSP Handscomb,AM Rahane,T van der Gugten,0,0,,,,,,"",""
ball,3,25.5,Leicestershire,PSP Handscomb,AM Rahane,T van der Gugten,0,0,,,,,,"",""
ball,3,25.6,Leicestershire,PSP Handscomb,AM Rahane,T van der Gugten,0,0,,,,,,"",""
ball,3,26.1,Leicestershire,AM Rahane,PSP Handscomb,EO Leonard,4,0,,,,,,"",""
ball,3,26.2,Leicestershire,AM Rahane,PSP Handscomb,EO Leonard,1,0,,,,,,"",""
ball,3,26.3,Leicestershire,PSP Handscomb,AM Rahane,EO Leonard,2,0,,,,,,"",""
ball,3,26.4,Leicestershire,PSP Handscomb,AM Rahane,EO Leonard,0,0,,,,,,"",""
ball,3,26.5,Leicestershire,PSP Handscomb,AM Rahane,EO Leonard,2,0,,,,,,"",""
ball,3,26.6,Leicestershire,PSP Handscomb,AM Rahane,EO Leonard,1,0,,,,,,"",""
ball,3,27.1,Leicestershire,PSP Handscomb,AM Rahane,MS Crane,0,0,,,,,,"",""
ball,3,27.2,Leicestershire,PSP Handscomb,AM Rahane,MS Crane,0,0,,,,,,"",""
ball,3,27.3,Leicestershire,PSP Handscomb,AM Rahane,MS Crane,0,0,,,,,,"",""
ball,3,27.4,Leicestershire,PSP Handscomb,AM Rahane,MS Crane,0,0,,,,,,"",""
ball,3,27.5,Leicestershire,PSP Handscomb,AM Rahane,MS Crane,4,0,,,,,,"",""
ball,3,27.6,Leicestershire,PSP Handscomb,AM Rahane,MS Crane,0,0,,,,,,"",""
ball,3,28.1,Leicestershire,AM Rahane,PSP Handscomb,EO Leonard,0,0,,,,,,"",""
ball,3,28.2,Leicestershire,AM Rahane,PSP Handscomb,EO Leonard,0,0,,,,,,"",""
ball,3,28.3,Leicestershire,AM Rahane,PSP Handscomb,EO Leonard,0,0,,,,,,"",""
ball,3,28.4,Leicestershire,AM Rahane,PSP Handscomb,EO Leonard,0,0,,,,,,"",""
ball,3,28.5,Leicestershire,AM Rahane,PSP Handscomb,EO Leonard,0,0,,,,,,"",""
ball,3,28.6,Leicestershire,AM Rahane,PSP Handscomb,EO Leonard,1,0,,,,,,"",""
ball,3,29.1,Leicestershire,AM Rahane,PSP Handscomb,MS Crane,0,0,,,,,,"",""
ball,3,29.2,Leicestershire,AM Rahane,PSP Handscomb,MS Crane,0,0,,,,,,"",""
ball,3,29.3,Leicestershire,AM Rahane,PSP Handscomb,MS Crane,0,0,,,,,,"",""
ball,3,29.4,Leicestershire,AM Rahane,PSP Handscomb,MS Crane,1,0,,,,,,"",""
ball,3,29.5,Leicestershire,PSP Handscomb,AM Rahane,MS Crane,0,0,,,,,,"",""
ball,3,29.6,Leicestershire,PSP Handscomb,AM Rahane,MS Crane,0,0,,,,,,"",""
ball,3,30.1,Leicestershire,AM Rahane,PSP Handscomb,EO Leonard,0,0,,,,,,"",""
ball,3,30.2,Leicestershire,AM Rahane,PSP Handscomb,EO Leonard,0,0,,,,,,"",""
ball,3,30.3,Leicestershire,AM Rahane,PSP Handscomb,EO Leonard,0,0,,,,,,"",""
ball,3,30.4,Leicestershire,AM Rahane,PSP Handscomb,EO Leonard,0,0,,,,,,"",""
ball,3,30.5,Leicestershire,AM Rahane,PSP Handscomb,EO Leonard,0,2,,2,,,,"",""
ball,3,30.6,Leicestershire,AM Rahane,PSP Handscomb,EO Leonard,0,0,,,,,,"",""
ball,3,30.7,Leicestershire,AM Rahane,PSP Handscomb,EO Leonard,1,0,,,,,,"",""
ball,3,31.1,Leicestershire,AM Rahane,PSP Handscomb,MS Crane,0,0,,,,,,"",""
ball,3,31.2,Leicestershire,AM Rahane,PSP Handscomb,MS Crane,0,0,,,,,,"",""
ball,3,31.3,Leicestershire,AM Rahane,PSP Handscomb,MS Crane,1,0,,,,,,"",""
ball,3,31.4,Leicestershire,PSP Handscomb,AM Rahane,MS Crane,0,0,,,,,,"",""
ball,3,31.5,Leicestershire,PSP Handscomb,AM Rahane,MS Crane,4,0,,,,,,"",""
ball,3,31.6,Leicestershire,PSP Handscomb,AM Rahane,MS Crane,0,0,,,,,,"",""
ball,3,32.1,Leicestershire,AM Rahane,PSP Handscomb,FW Sheat,1,0,,,,,,"",""
ball,3,32.2,Leicestershire,PSP Handscomb,AM Rahane,FW Sheat,1,0,,,,,,"",""
ball,3,32.3,Leicestershire,AM Rahane,PSP Handscomb,FW Sheat,1,0,,,,,,"",""
ball,3,32.4,Leicestershire,PSP Handscomb,AM Rahane,FW Sheat,0,0,,,,,,"",""
ball,3,32.5,Leicestershire,PSP Handscomb,AM Rahane,FW Sheat,0,0,,,,,,"",""
ball,3,32.6,Leicestershire,PSP Handscomb,AM Rahane,FW Sheat,0,0,,,,,,"",""
ball,3,33.1,Leicestershire,AM Rahane,PSP Handscomb,MS Crane,0,0,,,,,,"",""
ball,3,33.2,Leicestershire,AM Rahane,PSP Handscomb,MS Crane,0,0,,,,,,"",""
ball,3,33.3,Leicestershire,AM Rahane,PSP Handscomb,MS Crane,0,0,,,,,,"",""
ball,3,33.4,Leicestershire,AM Rahane,PSP Handscomb,MS Crane,0,0,,,,,,"",""
ball,3,33.5,Leicestershire,AM Rahane,PSP Handscomb,MS Crane,0,0,,,,,,"",""
ball,3,33.6,Leicestershire,AM Rahane,PSP Handscomb,MS Crane,0,2,,,2,,,"",""
ball,3,34.1,Leicestershire,PSP Handscomb,AM Rahane,FW Sheat,0,0,,,,,,"",""
ball,3,34.2,Leicestershire,PSP Handscomb,AM Rahane,FW Sheat,0,0,,,,,,"",""
ball,3,34.3,Leicestershire,PSP Handscomb,AM Rahane,FW Sheat,0,0,,,,,,"",""
ball,3,34.4,Leicestershire,PSP Handscomb,AM Rahane,FW Sheat,4,0,,,,,,"",""
ball,3,34.5,Leicestershire,PSP Handscomb,AM Rahane,FW Sheat,0,0,,,,,,"",""
ball,3,34.6,Leicestershire,PSP Handscomb,AM Rahane,FW Sheat,0,0,,,,,,"",""
ball,3,35.1,Leicestershire,AM Rahane,PSP Handscomb,DA Douthwaite,0,0,,,,,,"",""
ball,3,35.2,Leicestershire,AM Rahane,PSP Handscomb,DA Douthwaite,0,0,,,,,,"",""
ball,3,35.3,Leicestershire,AM Rahane,PSP Handscomb,DA Douthwaite,0,0,,,,,,"",""
ball,3,35.4,Leicestershire,AM Rahane,PSP Handscomb,DA Douthwaite,1,0,,,,,,"",""
ball,3,35.5,Leicestershire,PSP Handscomb,AM Rahane,DA Douthwaite,0,1,,,,1,,"",""
ball,3,35.6,Leicestershire,AM Rahane,PSP Handscomb,DA Douthwaite,0,0,,,,,,"",""
ball,3,36.1,Leicestershire,PSP Handscomb,AM Rahane,FW Sheat,0,0,,,,,,"",""
ball,3,36.2,Leicestershire,PSP Handscomb,AM Rahane,FW Sheat,0,0,,,,,,"",""
ball,3,36.3,Leicestershire,PSP Handscomb,AM Rahane,FW Sheat,0,0,,,,,,"",""
ball,3,36.4,Leicestershire,PSP Handscomb,AM Rahane,FW Sheat,4,0,,,,,,"",""
ball,3,36.5,Leicestershire,PSP Handscomb,AM Rahane,FW Sheat,0,0,,,,,,"",""
ball,3,36.6,Leicestershire,PSP Handscomb,AM Rahane,FW Sheat,0,0,,,,,,"",""
ball,3,37.1,Leicestershire,AM Rahane,PSP Handscomb,DA Douthwaite,1,0,,,,,,"",""
ball,3,37.2,Leicestershire,PSP Handscomb,AM Rahane,DA Douthwaite,0,0,,,,,,"",""
ball,3,37.3,Leicestershire,PSP Handscomb,AM Rahane,DA Douthwaite,0,0,,,,,,"",""
ball,3,37.4,Leicestershire,PSP Handscomb,AM Rahane,DA Douthwaite,0,1,,,,1,,"",""
ball,3,37.5,Leicestershire,AM Rahane,PSP Handscomb,DA Douthwaite,4,0,,,,,,"",""
ball,3,37.6,Leicestershire,AM Rahane,PSP Handscomb,DA Douthwaite,1,0,,,,,,"",""
ball,3,38.1,Leicestershire,AM Rahane,PSP Handscomb,FW Sheat,0,0,,,,,,"",""
ball,3,38.2,Leicestershire,AM Rahane,PSP Handscomb,FW Sheat,0,0,,,,,,"",""
ball,3,38.3,Leicestershire,AM Rahane,PSP Handscomb,FW Sheat,0,0,,,,,,"",""
ball,3,38.4,Leicestershire,AM Rahane,PSP Handscomb,FW Sheat,1,0,,,,,,"",""
ball,3,38.5,Leicestershire,PSP Handscomb,AM Rahane,FW Sheat,0,0,,,,,,"",""
ball,3,38.6,Leicestershire,PSP Handscomb,AM Rahane,FW Sheat,0,0,,,,,,"",""
ball,3,39.1,Leicestershire,AM Rahane,PSP Handscomb,DA Douthwaite,1,0,,,,,,"",""
ball,3,39.2,Leicestershire,PSP Handscomb,AM Rahane,DA Douthwaite,0,0,,,,,,"",""
ball,3,39.3,Leicestershire,PSP Handscomb,AM Rahane,DA Douthwaite,0,0,,,,,,"",""
ball,3,39.4,Leicestershire,PSP Handscomb,AM Rahane,DA Douthwaite,1,0,,,,,,"",""
ball,3,39.5,Leicestershire,AM Rahane,PSP Handscomb,DA Douthwaite,0,0,,,,,,"",""
ball,3,39.6,Leicestershire,AM Rahane,PSP Handscomb,DA Douthwaite,0,0,,,,,,"",""
ball,3,40.1,Leicestershire,PSP Handscomb,AM Rahane,FW Sheat,0,0,,,,,,"",""
ball,3,40.2,Leicestershire,PSP Handscomb,AM Rahane,FW Sheat,0,0,,,,,,"",""
ball,3,40.3,Leicestershire,PSP Handscomb,AM Rahane,FW Sheat,1,0,,,,,,"",""
ball,3,40.4,Leicestershire,AM Rahane,PSP Handscomb,FW Sheat,0,0,,,,,,"",""
ball,3,40.5,Leicestershire,AM Rahane,PSP Handscomb,FW Sheat,0,0,,,,,,"",""
ball,3,40.6,Leicestershire,AM Rahane,PSP Handscomb,FW Sheat,1,0,,,,,,"",""
ball,3,41.1,Leicestershire,AM Rahane,PSP Handscomb,DA Douthwaite,0,0,,,,,,"",""
ball,3,41.2,Leicestershire,AM Rahane,PSP Handscomb,DA Douthwaite,0,0,,,,,,"",""
ball,3,41.3,Leicestershire,AM Rahane,PSP Handscomb,DA Douthwaite,0,2,,2,,,,"",""
ball,3,41.4,Leicestershire,AM Rahane,PSP Handscomb,DA Douthwaite,0,0,,,,,,"",""
ball,3,41.5,Leicestershire,AM Rahane,PSP Handscomb,DA Douthwaite,0,0,,,,,,"",""
ball,3,41.6,Leicestershire,AM Rahane,PSP Handscomb,DA Douthwaite,0,0,,,,,,"",""
ball,3,41.7,Leicestershire,AM Rahane,PSP Handscomb,DA Douthwaite,1,0,,,,,,"",""
ball,3,42.1,Leicestershire,AM Rahane,PSP Handscomb,FW Sheat,0,0,,,,,,"",""
ball,3,42.2,Leicestershire,AM Rahane,PSP Handscomb,FW Sheat,1,0,,,,,,"",""
ball,3,42.3,Leicestershire,PSP Handscomb,AM Rahane,FW Sheat,1,0,,,,,,"",""
ball,3,42.4,Leicestershire,AM Rahane,PSP Handscomb,FW Sheat,0,0,,,,,,"",""
ball,3,42.5,Leicestershire,AM Rahane,PSP Handscomb,FW Sheat,0,0,,,,,,"",""
ball,3,42.6,Leicestershire,AM Rahane,PSP Handscomb,FW Sheat,0,0,,,,,,"",""
ball,3,43.1,Leicestershire,PSP Handscomb,AM Rahane,DA Douthwaite,4,0,,,,,,"",""
ball,3,43.2,Leicestershire,PSP Handscomb,AM Rahane,DA Douthwaite,0,0,,,,,,"",""
ball,3,43.3,Leicestershire,PSP Handscomb,AM Rahane,DA Douthwaite,0,0,,,,,,"",""
ball,3,43.4,Leicestershire,PSP Handscomb,AM Rahane,DA Douthwaite,0,0,,,,,,"",""
ball,3,43.5,Leicestershire,PSP Handscomb,AM Rahane,DA Douthwaite,0,2,,2,,,,"",""
ball,3,43.6,Leicestershire,PSP Handscomb,AM Rahane,DA Douthwaite,0,0,,,,,,"",""
ball,3,43.7,Leicestershire,PSP Handscomb,AM Rahane,DA Douthwaite,0,0,,,,,,"",""
ball,3,44.1,Leicestershire,AM Rahane,PSP Handscomb,T van der Gugten,0,0,,,,,,"",""
ball,3,44.2,Leicestershire,AM Rahane,PSP Handscomb,T van der Gugten,0,0,,,,,,"",""
ball,3,44.3,Leicestershire,AM Rahane,PSP Handscomb,T van der Gugten,0,0,,,,,,"",""
ball,3,44.4,Leicestershire,AM Rahane,PSP Handscomb,T van der Gugten,0,0,,,,,,"",""
ball,3,44.5,Leicestershire,AM Rahane,PSP Handscomb,T van der Gugten,0,0,,,,,,"",""
ball,3,44.6,Leicestershire,AM Rahane,PSP Handscomb,T van der Gugten,0,0,,,,,,"",""
ball,3,45.1,Leicestershire,PSP Handscomb,AM Rahane,MS Crane,0,0,,,,,,"",""
ball,3,45.2,Leicestershire,PSP Handscomb,AM Rahane,MS Crane,0,0,,,,,,"",""
ball,3,45.3,Leicestershire,PSP Handscomb,AM Rahane,MS Crane,0,0,,,,,,"",""
ball,3,45.4,Leicestershire,PSP Handscomb,AM Rahane,MS Crane,0,0,,,,,,"",""
ball,3,45.5,Leicestershire,PSP Handscomb,AM Rahane,MS Crane,0,0,,,,,,"",""
ball,3,45.6,Leicestershire,PSP Handscomb,AM Rahane,MS Crane,0,0,,,,,,"",""
ball,3,46.1,Leicestershire,AM Rahane,PSP Handscomb,T van der Gugten,0,0,,,,,,"",""
ball,3,46.2,Leicestershire,AM Rahane,PSP Handscomb,T van der Gugten,0,0,,,,,,"",""
ball,3,46.3,Leicestershire,AM Rahane,PSP Handscomb,T van der Gugten,0,0,,,,,,"",""
ball,3,46.4,Leicestershire,AM Rahane,PSP Handscomb,T van der Gugten,0,0,,,,,,"",""
ball,3,46.5,Leicestershire,AM Rahane,PSP Handscomb,T van der Gugten,4,0,,,,,,"",""
ball,3,46.6,Leicestershire,AM Rahane,PSP Handscomb,T van der Gugten,0,0,,,,,,"",""
ball,3,47.1,Leicestershire,PSP Handscomb,AM Rahane,MS Crane,4,0,,,,,,"",""
ball,3,47.2,Leicestershire,PSP Handscomb,AM Rahane,MS Crane,0,0,,,,,,"",""
ball,3,47.3,Leicestershire,PSP Handscomb,AM Rahane,MS Crane,0,0,,,,,,"",""
ball,3,47.4,Leicestershire,PSP Handscomb,AM Rahane,MS Crane,0,0,,,,,,"",""
ball,3,47.5,Leicestershire,PSP Handscomb,AM Rahane,MS Crane,1,0,,,,,,"",""
ball,3,47.6,Leicestershire,AM Rahane,PSP Handscomb,MS Crane,0,0,,,,,,"",""
ball,3,48.1,Leicestershire,PSP Handscomb,AM Rahane,T van der Gugten,0,0,,,,,,"",""
ball,3,48.2,Leicestershire,PSP Handscomb,AM Rahane,T van der Gugten,0,0,,,,,,"",""
ball,3,48.3,Leicestershire,PSP Handscomb,AM Rahane,T van der Gugten,1,0,,,,,,"",""
ball,3,48.4,Leicestershire,AM Rahane,PSP Handscomb,T van der Gugten,0,0,,,,,,"",""
ball,3,48.5,Leicestershire,AM Rahane,PSP Handscomb,T van der Gugten,0,0,,,,,,"",""
ball,3,48.6,Leicestershire,AM Rahane,PSP Handscomb,T van der Gugten,0,0,,,,,,"",""
ball,3,49.1,Leicestershire,PSP Handscomb,AM Rahane,MS Crane,0,0,,,,,,"",""
ball,3,49.2,Leicestershire,PSP Handscomb,AM Rahane,MS Crane,0,0,,,,,,"",""
ball,3,49.3,Leicestershire,PSP Handscomb,AM Rahane,MS Crane,0,0,,,,,,"",""
ball,3,49.4,Leicestershire,PSP Handscomb,AM Rahane,MS Crane,1,0,,,,,,"",""
ball,3,49.5,Leicestershire,AM Rahane,PSP Handscomb,MS Crane,0,0,,,,,,"",""
ball,3,49.6,Leicestershire,AM Rahane,PSP Handscomb,MS Crane,0,0,,,,,,"",""
ball,3,50.1,Leicestershire,PSP Handscomb,AM Rahane,T van der Gugten,0,0,,,,,,"",""
ball,3,50.2,Leicestershire,PSP Handscomb,AM Rahane,T van der Gugten,0,0,,,,,,"",""
ball,3,50.3,Leicestershire,PSP Handscomb,AM Rahane,T van der Gugten,0,0,,,,,,"",""
ball,3,50.4,Leicestershire,PSP Handscomb,AM Rahane,T van der Gugten,0,0,,,,,,"",""
ball,3,50.5,Leicestershire,PSP Handscomb,AM Rahane,T van der Gugten,0,0,,,,,,"",""
ball,3,50.6,Leicestershire,PSP Handscomb,AM Rahane,T van der Gugten,1,0,,,,,,"",""
ball,3,51.1,Leicestershire,PSP Handscomb,AM Rahane,MS Crane,0,0,,,,,,"",""
ball,3,51.2,Leicestershire,PSP Handscomb,AM Rahane,MS Crane,0,0,,,,,,"",""
ball,3,51.3,Leicestershire,PSP Handscomb,AM Rahane,MS Crane,0,0,,,,,,"",""
ball,3,51.4,Leicestershire,PSP Handscomb,AM Rahane,MS Crane,0,0,,,,,,"",""
ball,3,51.5,Leicestershire,PSP Handscomb,AM Rahane,MS Crane,4,0,,,,,,"",""
ball,3,51.6,Leicestershire,PSP Handscomb,AM Rahane,MS Crane,0,0,,,,,,"",""
ball,3,52.1,Leicestershire,AM Rahane,PSP Handscomb,T van der Gugten,0,0,,,,,,"",""
ball,3,52.2,Leicestershire,AM Rahane,PSP Handscomb,T van der Gugten,0,0,,,,,,"",""
ball,3,52.3,Leicestershire,AM Rahane,PSP Handscomb,T van der Gugten,0,0,,,,,,"",""
ball,3,52.4,Leicestershire,AM Rahane,PSP Handscomb,T van der Gugten,0,0,,,,,,"",""
ball,3,52.5,Leicestershire,AM Rahane,PSP Handscomb,T van der Gugten,0,0,,,,,,"",""
ball,3,52.6,Leicestershire,AM Rahane,PSP Handscomb,T van der Gugten,0,0,,,,,,"",""
ball,3,53.1,Leicestershire,PSP Handscomb,AM Rahane,MS Crane,1,0,,,,,,"",""
ball,3,53.2,Leicestershire,AM Rahane,PSP Handscomb,MS Crane,0,0,,,,,,"",""
ball,3,53.3,Leicestershire,AM Rahane,PSP Handscomb,MS Crane,0,0,,,,,,"",""
ball,3,53.4,Leicestershire,AM Rahane,PSP Handscomb,MS Crane,0,0,,,,,,"",""
ball,3,53.5,Leicestershire,AM Rahane,PSP Handscomb,MS Crane,0,0,,,,,,"",""
ball,3,53.6,Leicestershire,AM Rahane,PSP Handscomb,MS Crane,0,0,,,,,,"",""
ball,3,54.1,Leicestershire,PSP Handscomb,AM Rahane,T van der Gugten,0,0,,,,,,"",""
ball,3,54.2,Leicestershire,PSP Handscomb,AM Rahane,T van der Gugten,0,0,,,,,,"",""
ball,3,54.3,Leicestershire,PSP Handscomb,AM Rahane,T van der Gugten,3,0,,,,,,"",""
ball,3,54.4,Leicestershire,AM Rahane,PSP Handscomb,T van der Gugten,0,0,,,,,,"",""
ball,3,54.5,Leicestershire,AM Rahane,PSP Handscomb,T van der Gugten,0,0,,,,,,"",""
ball,3,54.6,Leicestershire,AM Rahane,PSP Handscomb,T van der Gugten,2,0,,,,,,"",""
ball,3,55.1,Leicestershire,PSP Handscomb,AM Rahane,MS Crane,4,0,,,,,,"",""
ball,3,55.2,Leicestershire,PSP Handscomb,AM Rahane,MS Crane,0,0,,,,,,"",""
ball,3,55.3,Leicestershire,PSP Handscomb,AM Rahane,MS Crane,0,0,,,,,,"",""
ball,3,55.4,Leicestershire,PSP Handscomb,AM Rahane,MS Crane,1,0,,,,,,"",""
ball,3,55.5,Leicestershire,AM Rahane,PSP Handscomb,MS Crane,0,0,,,,,,"",""
ball,3,55.6,Leicestershire,AM Rahane,PSP Handscomb,MS Crane,0,0,,,,,,"",""
ball,3,56.1,Leicestershire,PSP Handscomb,AM Rahane,DA Douthwaite,0,0,,,,,,"",""
ball,3,56.2,Leicestershire,PSP Handscomb,AM Rahane,DA Douthwaite,0,0,,,,,,"",""
ball,3,56.3,Leicestershire,PSP Handscomb,AM Rahane,DA Douthwaite,0,0,,,,,,"",""
ball,3,56.4,Leicestershire,PSP Handscomb,AM Rahane,DA Douthwaite,0,0,,,,,,"",""
ball,3,56.5,Leicestershire,PSP Handscomb,AM Rahane,DA Douthwaite,0,0,,,,,,"",""
ball,3,56.6,Leicestershire,PSP Handscomb,AM Rahane,DA Douthwaite,0,0,,,,,,"",""
ball,3,57.1,Leicestershire,AM Rahane,PSP Handscomb,MS Crane,0,0,,,,,,"",""
ball,3,57.2,Leicestershire,AM Rahane,PSP Handscomb,MS Crane,2,0,,,,,,"",""
ball,3,57.3,Leicestershire,AM Rahane,PSP Handscomb,MS Crane,0,0,,,,,,"",""
ball,3,57.4,Leicestershire,AM Rahane,PSP Handscomb,MS Crane,0,0,,,,,,"",""
ball,3,57.5,Leicestershire,AM Rahane,PSP Handscomb,MS Crane,4,0,,,,,,"",""
ball,3,57.6,Leicestershire,AM Rahane,PSP Handscomb,MS Crane,0,0,,,,,,"",""
ball,3,58.1,Leicestershire,PSP Handscomb,AM Rahane,DA Douthwaite,1,0,,,,,,"",""
ball,3,58.2,Leicestershire,AM Rahane,PSP Handscomb,DA Douthwaite,0,0,,,,,,"",""
ball,3,58.3,Leicestershire,AM Rahane,PSP Handscomb,DA Douthwaite,0,0,,,,,,"",""
ball,3,58.4,Leicestershire,AM Rahane,PSP Handscomb,DA Douthwaite,0,0,,,,,,"",""
ball,3,58.5,Leicestershire,AM Rahane,PSP Handscomb,DA Douthwaite,0,0,,,,,,"",""
ball,3,58.6,Leicestershire,AM Rahane,PSP Handscomb,DA Douthwaite,1,0,,,,,,"",""
ball,3,59.1,Leicestershire,AM Rahane,PSP Handscomb,MS Crane,1,0,,,,,,"",""
ball,3,59.2,Leicestershire,PSP Handscomb,AM Rahane,MS Crane,1,0,,,,,,"",""
ball,3,59.3,Leicestershire,AM Rahane,PSP Handscomb,MS Crane,1,0,,,,,,"",""
ball,3,59.4,Leicestershire,PSP Handscomb,AM Rahane,MS Crane,1,0,,,,,,"",""
ball,3,59.5,Leicestershire,AM Rahane,PSP Handscomb,MS Crane,0,0,,,,,,"",""
ball,3,59.6,Leicestershire,AM Rahane,PSP Handscomb,MS Crane,0,0,,,,,,"",""
ball,3,60.1,Leicestershire,PSP Handscomb,AM Rahane,DA Douthwaite,1,2,,2,,,,"",""
ball,3,60.2,Leicestershire,AM Rahane,PSP Handscomb,DA Douthwaite,0,0,,,,,,"",""
ball,3,60.3,Leicestershire,AM Rahane,PSP Handscomb,DA Douthwaite,0,0,,,,,,"",""
ball,3,60.4,Leicestershire,AM Rahane,PSP Handscomb,DA Douthwaite,1,0,,,,,,"",""
ball,3,60.5,Leicestershire,PSP Handscomb,AM Rahane,DA Douthwaite,3,0,,,,,,"",""
ball,3,60.6,Leicestershire,AM Rahane,PSP Handscomb,DA Douthwaite,0,0,,,,,,"",""
ball,3,60.7,Leicestershire,AM Rahane,PSP Handscomb,DA Douthwaite,0,0,,,,,,"",""
ball,3,61.1,Leicestershire,PSP Handscomb,AM Rahane,MS Crane,0,0,,,,,,"",""
ball,3,61.2,Leicestershire,PSP Handscomb,AM Rahane,MS Crane,0,0,,,,,,"",""
ball,3,61.3,Leicestershire,PSP Handscomb,AM Rahane,MS Crane,1,0,,,,,,"",""
ball,3,61.4,Leicestershire,AM Rahane,PSP Handscomb,MS Crane,4,0,,,,,,"",""
ball,3,61.5,Leicestershire,AM Rahane,PSP Handscomb,MS Crane,1,0,,,,,,"",""
ball,3,61.6,Leicestershire,PSP Handscomb,AM Rahane,MS Crane,0,0,,,,,,"",""
ball,3,62.1,Leicestershire,AM Rahane,PSP Handscomb,DA Douthwaite,0,0,,,,,,"",""
ball,3,62.2,Leicestershire,AM Rahane,PSP Handscomb,DA Douthwaite,0,0,,,,,,"",""
ball,3,62.3,Leicestershire,AM Rahane,PSP Handscomb,DA Douthwaite,0,0,,,,,,"",""
ball,3,62.4,Leicestershire,AM Rahane,PSP Handscomb,DA Douthwaite,0,0,,,,,,"",""
ball,3,62.5,Leicestershire,AM Rahane,PSP Handscomb,DA Douthwaite,4,0,,,,,,"",""
ball,3,62.6,Leicestershire,AM Rahane,PSP Handscomb,DA Douthwaite,0,0,,,,,,"",""
ball,3,63.1,Leicestershire,PSP Handscomb,AM Rahane,MS Crane,0,0,,,,,,"",""
ball,3,63.2,Leicestershire,PSP Handscomb,AM Rahane,MS Crane,1,0,,,,,,"",""
ball,3,63.3,Leicestershire,AM Rahane,PSP Handscomb,MS Crane,0,0,,,,,,"",""
ball,3,63.4,Leicestershire,AM Rahane,PSP Handscomb,MS Crane,1,0,,,,,,"",""
ball,3,63.5,Leicestershire,PSP Handscomb,AM Rahane,MS Crane,4,0,,,,,,"",""
ball,3,63.6,Leicestershire,PSP Handscomb,AM Rahane,MS Crane,1,0,,,,,,"",""
ball,3,64.1,Leicestershire,PSP Handscomb,AM Rahane,EO Leonard,0,0,,,,,,"",""
ball,3,64.2,Leicestershire,PSP Handscomb,AM Rahane,EO Leonard,0,0,,,,,,"",""
ball,3,64.3,Leicestershire,PSP Handscomb,AM Rahane,EO Leonard,1,0,,,,,,"",""
ball,3,64.4,Leicestershire,AM Rahane,PSP Handscomb,EO Leonard,0,0,,,,,,"",""
ball,3,64.5,Leicestershire,AM Rahane,PSP Handscomb,EO Leonard,1,2,,2,,,,"",""
ball,3,64.6,Leicestershire,PSP Handscomb,AM Rahane,EO Leonard,1,2,,2,,,,"",""
ball,3,64.7,Leicestershire,AM Rahane,PSP Handscomb,EO Leonard,1,0,,,,,,"",""
ball,3,64.8,Leicestershire,PSP Handscomb,AM Rahane,EO Leonard,4,0,,,,,,"",""
ball,3,65.1,Leicestershire,AM Rahane,PSP Handscomb,AM Tribe,0,0,,,,,,"",""
ball,3,65.2,Leicestershire,AM Rahane,PSP Handscomb,AM Tribe,2,0,,,,,,"",""
ball,3,65.3,Leicestershire,AM Rahane,PSP Handscomb,AM Tribe,1,0,,,,,,"",""
ball,3,65.4,Leicestershire,PSP Handscomb,AM Rahane,AM Tribe,1,0,,,,,,"",""
ball,3,65.5,Leicestershire,AM Rahane,PSP Handscomb,AM Tribe,0,0,,,,,,"",""
ball,3,65.6,Leicestershire,AM Rahane,PSP Handscomb,AM Tribe,6,0,,,,,,"",""
ball,3,66.1,Leicestershire,PSP Handscomb,AM Rahane,EO Leonard,0,0,,,,,,"",""
ball,3,66.2,Leicestershire,PSP Handscomb,AM Rahane,EO Leonard,0,0,,,,,,"",""
ball,3,66.3,Leicestershire,PSP Handscomb,AM Rahane,EO Leonard,0,0,,,,,,"",""
ball,3,66.4,Leicestershire,PSP Handscomb,AM Rahane,EO Leonard,0,0,,,,,,"",""
ball,3,66.5,Leicestershire,PSP Handscomb,AM Rahane,EO Leonard,0,0,,,,,,"",""
ball,3,66.6,Leicestershire,PSP Handscomb,AM Rahane,EO Leonard,1,0,,,,,,"",""
ball,3,67.1,Leicestershire,PSP Handscomb,AM Rahane,AM Tribe,3,0,,,,,,"",""
ball,3,67.2,Leicestershire,AM Rahane,PSP Handscomb,AM Tribe,1,0,,,,,,"",""
ball,3,67.3,Leicestershire,PSP Handscomb,AM Rahane,AM Tribe,1,0,,,,,,"",""
ball,3,67.4,Leicestershire,AM Rahane,PSP Handscomb,AM Tribe,1,0,,,,,,"",""
ball,3,67.5,Leicestershire,PSP Handscomb,AM Rahane,AM Tribe,1,0,,,,,,"",""
ball,3,67.6,Leicestershire,AM Rahane,PSP Handscomb,AM Tribe,4,0,,,,,,"",""
ball,3,68.1,Leicestershire,PSP Handscomb,AM Rahane,EO Leonard,1,0,,,,,,"",""
ball,3,68.2,Leicestershire,AM Rahane,PSP Handscomb,EO Leonard,0,0,,,,,,"",""
ball,3,68.3,Leicestershire,AM Rahane,PSP Handscomb,EO Leonard,0,0,,,,,,"",""
ball,3,68.4,Leicestershire,AM Rahane,PSP Handscomb,EO Leonard,0,0,,,,,,"",""
ball,3,68.5,Leicestershire,AM Rahane,PSP Handscomb,EO Leonard,2,0,,,,,,"",""
ball,3,68.6,Leicestershire,AM Rahane,PSP Handscomb,EO Leonard,0,0,,,,,,"",""
ball,3,69.1,Leicestershire,PSP Handscomb,AM Rahane,KS Carlson,0,0,,,,,,"",""
ball,3,69.2,Leicestershire,PSP Handscomb,AM Rahane,KS Carlson,1,0,,,,,,"",""
ball,3,69.3,Leicestershire,AM Rahane,PSP Handscomb,KS Carlson,4,0,,,,,,"",""
ball,3,69.4,Leicestershire,AM Rahane,PSP Handscomb,KS Carlson,4,0,,,,,,"",""
ball,3,69.5,Leicestershire,AM Rahane,PSP Handscomb,KS Carlson,0,1,,,1,,,"",""
ball,3,69.6,Leicestershire,PSP Handscomb,AM Rahane,KS Carlson,0,0,,,,,,"",""
ball,3,70.1,Leicestershire,AM Rahane,PSP Handscomb,MS Crane,0,0,,,,,,"",""
ball,3,70.2,Leicestershire,AM Rahane,PSP Handscomb,MS Crane,0,0,,,,,,"",""
ball,3,70.3,Leicestershire,AM Rahane,PSP Handscomb,MS Crane,0,0,,,,,,"",""
ball,3,70.4,Leicestershire,AM Rahane,PSP Handscomb,MS Crane,1,0,,,,,,"",""
ball,3,70.5,Leicestershire,PSP Handscomb,AM Rahane,MS Crane,0,0,,,,,,"",""
ball,3,70.6,Leicestershire,PSP Handscomb,AM Rahane,MS Crane,0,0,,,,,,"",""
ball,3,71.1,Leicestershire,AM Rahane,PSP Handscomb,KS Carlson,0,0,,,,,,"",""
ball,3,71.2,Leicestershire,AM Rahane,PSP Handscomb,KS Carlson,0,0,,,,,,"",""
ball,3,71.3,Leicestershire,AM Rahane,PSP Handscomb,KS Carlson,0,0,,,,,,"",""
ball,3,71.4,Leicestershire,AM Rahane,PSP Handscomb,KS Carlson,0,0,,,,,,"",""
ball,3,71.5,Leicestershire,AM Rahane,PSP Handscomb,KS Carlson,0,0,,,,,,"",""
ball,3,71.6,Leicestershire,AM Rahane,PSP Handscomb,KS Carlson,0,0,,,,,,"",""
ball,3,72.1,Leicestershire,PSP Handscomb,AM Rahane,MS Crane,1,0,,,,,,"",""
ball,3,72.2,Leicestershire,AM Rahane,PSP Handscomb,MS Crane,1,0,,,,,,"",""
ball,3,72.3,Leicestershire,PSP Handscomb,AM Rahane,MS Crane,0,0,,,,,,"",""
ball,3,72.4,Leicestershire,PSP Handscomb,AM Rahane,MS Crane,0,0,,,,,,"",""
ball,3,72.5,Leicestershire,PSP Handscomb,AM Rahane,MS Crane,0,0,,,,,,"",""
ball,3,72.6,Leicestershire,PSP Handscomb,AM Rahane,MS Crane,0,0,,,,,,"",""
ball,3,73.1,Leicestershire,AM Rahane,PSP Handscomb,KS Carlson,0,0,,,,,,caught,AM Rahane
ball,3,73.2,Leicestershire,Rehan Ahmed,PSP Handscomb,KS Carlson,1,0,,,,,,"",""
ball,3,73.3,Leicestershire,PSP Handscomb,Rehan Ahmed,KS Carlson,1,0,,,,,,"",""
ball,3,73.4,Leicestershire,Rehan Ahmed,PSP Handscomb,KS Carlson,0,0,,,,,,"",""
ball,3,73.5,Leicestershire,Rehan Ahmed,PSP Handscomb,KS Carlson,0,0,,,,,,"",""
ball,3,73.6,Leicestershire,Rehan Ahmed,PSP Handscomb,KS Carlson,0,0,,,,,,"",""
ball,3,74.1,Leicestershire,PSP Handscomb,Rehan Ahmed,MS Crane,1,0,,,,,,"",""
ball,3,74.2,Leicestershire,Rehan Ahmed,PSP Handscomb,MS Crane,0,0,,,,,,"",""
ball,3,74.3,Leicestershire,Rehan Ahmed,PSP Handscomb,MS Crane,0,0,,,,,,"",""
ball,3,74.4,Leicestershire,Rehan Ahmed,PSP Handscomb,MS Crane,0,0,,,,,,"",""
ball,3,74.5,Leicestershire,Rehan Ahmed,PSP Handscomb,MS Crane,1,0,,,,,,"",""
ball,3,74.6,Leicestershire,PSP Handscomb,Rehan Ahmed,MS Crane,0,0,,,,,,"",""
ball,3,75.1,Leicestershire,Rehan Ahmed,PSP Handscomb,KS Carlson,0,0,,,,,,"",""
ball,3,75.2,Leicestershire,Rehan Ahmed,PSP Handscomb,KS Carlson,0,0,,,,,,"",""
ball,3,75.3,Leicestershire,Rehan Ahmed,PSP Handscomb,KS Carlson,1,0,,,,,,"",""
ball,3,75.4,Leicestershire,PSP Handscomb,Rehan Ahmed,KS Carlson,0,0,,,,,,"",""
ball,3,75.5,Leicestershire,PSP Handscomb,Rehan Ahmed,KS Carlson,0,0,,,,,,"",""
ball,3,75.6,Leicestershire,PSP Handscomb,Rehan Ahmed,KS Carlson,0,0,,,,,,"",""
ball,3,76.1,Leicestershire,Rehan Ahmed,PSP Handscomb,MS Crane,0,0,,,,,,"",""
ball,3,76.2,Leicestershire,Rehan Ahmed,PSP Handscomb,MS Crane,0,0,,,,,,"",""
ball,3,76.3,Leicestershire,Rehan Ahmed,PSP Handscomb,MS Crane,1,0,,,,,,"",""
ball,3,76.4,Leicestershire,PSP Handscomb,Rehan Ahmed,MS Crane,4,0,,,,,,"",""
ball,3,76.5,Leicestershire,PSP Handscomb,Rehan Ahmed,MS Crane,4,0,,,,,,"",""
ball,3,76.6,Leicestershire,PSP Handscomb,Rehan Ahmed,MS Crane,0,0,,,,,,"",""
ball,3,77.1,Leicestershire,Rehan Ahmed,PSP Handscomb,KS Carlson,0,0,,,,,,"",""
ball,3,77.2,Leicestershire,Rehan Ahmed,PSP Handscomb,KS Carlson,0,0,,,,,,caught,Rehan Ahmed
ball,3,77.3,Leicestershire,LPJ Kimber,PSP Handscomb,KS Carlson,0,0,,,,,,"",""
ball,3,77.4,Leicestershire,LPJ Kimber,PSP Handscomb,KS Carlson,0,0,,,,,,"",""
ball,3,77.5,Leicestershire,LPJ Kimber,PSP Handscomb,KS Carlson,0,0,,,,,,"",""
ball,3,77.6,Leicestershire,LPJ Kimber,PSP Handscomb,KS Carlson,2,0,,,,,,"",""
ball,3,78.1,Leicestershire,PSP Handscomb,LPJ Kimber,MS Crane,0,0,,,,,,"",""
ball,3,78.2,Leicestershire,PSP Handscomb,LPJ Kimber,MS Crane,1,0,,,,,,"",""
ball,3,78.3,Leicestershire,LPJ Kimber,PSP Handscomb,MS Crane,0,0,,,,,,"",""
ball,3,78.4,Leicestershire,LPJ Kimber,PSP Handscomb,MS Crane,4,0,,,,,,"",""
ball,3,78.5,Leicestershire,LPJ Kimber,PSP Handscomb,MS Crane,0,0,,,,,,"",""
ball,3,78.6,Leicestershire,LPJ Kimber,PSP Handscomb,MS Crane,0,0,,,,,,"",""
ball,3,79.1,Leicestershire,PSP Handscomb,LPJ Kimber,KS Carlson,0,0,,,,,,"",""
ball,3,79.2,Leicestershire,PSP Handscomb,LPJ Kimber,KS Carlson,0,0,,,,,,"",""
ball,3,79.3,Leicestershire,PSP Handscomb,LPJ Kimber,KS Carlson,0,0,,,,,,"",""
ball,3,79.4,Leicestershire,PSP Handscomb,LPJ Kimber,KS Carlson,0,0,,,,,,"",""
ball,3,79.5,Leicestershire,PSP Handscomb,LPJ Kimber,KS Carlson,0,0,,,,,,"",""
ball,3,79.6,Leicestershire,PSP Handscomb,LPJ Kimber,KS Carlson,0,0,,,,,,"",""
ball,3,80.1,Leicestershire,LPJ Kimber,PSP Handscomb,MS Crane,0,0,,,,,,"",""
ball,3,80.2,Leicestershire,LPJ Kimber,PSP Handscomb,MS Crane,0,0,,,,,,"",""
ball,3,80.3,Leicestershire,LPJ Kimber,PSP Handscomb,MS Crane,4,0,,,,,,"",""
ball,3,80.4,Leicestershire,LPJ Kimber,PSP Handscomb,MS Crane,0,0,,,,,,"",""
ball,3,80.5,Leicestershire,LPJ Kimber,PSP Handscomb,MS Crane,0,0,,,,,,"",""
ball,3,80.6,Leicestershire,LPJ Kimber,PSP Handscomb,MS Crane,0,0,,,,,,"",""
ball,3,81.1,Leicestershire,PSP Handscomb,LPJ Kimber,FW Sheat,0,0,,,,,,"",""
ball,3,81.2,Leicestershire,PSP Handscomb,LPJ Kimber,FW Sheat,0,0,,,,,,"",""
ball,3,81.3,Leicestershire,PSP Handscomb,LPJ Kimber,FW Sheat,0,0,,,,,,"",""
ball,3,81.4,Leicestershire,PSP Handscomb,LPJ Kimber,FW Sheat,0,0,,,,,,"",""
ball,3,81.5,Leicestershire,PSP Handscomb,LPJ Kimber,FW Sheat,4,0,,,,,,"",""
ball,3,81.6,Leicestershire,PSP Handscomb,LPJ Kimber,FW Sheat,0,0,,,,,,"",""
ball,3,82.1,Leicestershire,LPJ Kimber,PSP Handscomb,T van der Gugten,0,0,,,,,,"",""
ball,3,82.2,Leicestershire,LPJ Kimber,PSP Handscomb,T van der Gugten,0,0,,,,,,"",""
ball,3,82.3,Leicestershire,LPJ Kimber,PSP Handscomb,T van der Gugten,0,0,,,,,,"",""
ball,3,82.4,Leicestershire,LPJ Kimber,PSP Handscomb,T van der Gugten,4,0,,,,,,"",""
ball,3,82.5,Leicestershire,LPJ Kimber,PSP Handscomb,T van der Gugten,0,0,,,,,,"",""
ball,3,82.6,Leicestershire,LPJ Kimber,PSP Handscomb,T van der Gugten,0,0,,,,,,"",""
ball,3,83.1,Leicestershire,PSP Handscomb,LPJ Kimber,FW Sheat,0,0,,,,,,"",""
ball,3,83.2,Leicestershire,PSP Handscomb,LPJ Kimber,FW Sheat,0,0,,,,,,"",""
ball,3,83.3,Leicestershire,PSP Handscomb,LPJ Kimber,FW Sheat,0,0,,,,,,"",""
ball,3,83.4,Leicestershire,PSP Handscomb,LPJ Kimber,FW Sheat,0,0,,,,,,"",""
ball,3,83.5,Leicestershire,PSP Handscomb,LPJ Kimber,FW Sheat,0,0,,,,,,"",""
ball,3,83.6,Leicestershire,PSP Handscomb,LPJ Kimber,FW Sheat,0,0,,,,,,"",""
ball,3,84.1,Leicestershire,LPJ Kimber,PSP Handscomb,T van der Gugten,0,0,,,,,,"",""
ball,3,84.2,Leicestershire,LPJ Kimber,PSP Handscomb,T van der Gugten,0,0,,,,,,"",""
ball,3,84.3,Leicestershire,LPJ Kimber,PSP Handscomb,T van der Gugten,0,0,,,,,,"",""
ball,3,84.4,Leicestershire,LPJ Kimber,PSP Handscomb,T van der Gugten,0,0,,,,,,"",""
ball,3,84.5,Leicestershire,LPJ Kimber,PSP Handscomb,T van der Gugten,0,0,,,,,,"",""
ball,3,84.6,Leicestershire,LPJ Kimber,PSP Handscomb,T van der Gugten,0,0,,,,,,"",""
ball,3,85.1,Leicestershire,PSP Handscomb,LPJ Kimber,FW Sheat,0,0,,,,,,"",""
ball,3,85.2,Leicestershire,PSP Handscomb,LPJ Kimber,FW Sheat,1,0,,,,,,"",""
ball,3,85.3,Leicestershire,LPJ Kimber,PSP Handscomb,FW Sheat,0,0,,,,,,"",""
ball,3,85.4,Leicestershire,LPJ Kimber,PSP Handscomb,FW Sheat,0,0,,,,,,"",""
ball,3,85.5,Leicestershire,LPJ Kimber,PSP Handscomb,FW Sheat,1,0,,,,,,"",""
ball,3,85.6,Leicestershire,PSP Handscomb,LPJ Kimber,FW Sheat,0,0,,,,,,"",""
ball,3,86.1,Leicestershire,LPJ Kimber,PSP Handscomb,T van der Gugten,0,0,,,,,,"",""
ball,3,86.2,Leicestershire,LPJ Kimber,PSP Handscomb,T van der Gugten,0,0,,,,,,"",""
ball,3,86.3,Leicestershire,LPJ Kimber,PSP Handscomb,T van der Gugten,1,0,,,,,,"",""
ball,3,86.4,Leicestershire,PSP Handscomb,LPJ Kimber,T van der Gugten,0,0,,,,,,"",""
ball,3,86.5,Leicestershire,PSP Handscomb,LPJ Kimber,T van der Gugten,0,0,,,,,,"",""
ball,3,86.6,Leicestershire,PSP Handscomb,LPJ Kimber,T van der Gugten,1,0,,,,,,"",""
ball,3,87.1,Leicestershire,PSP Handscomb,LPJ Kimber,EO Leonard,0,0,,,,,,"",""
ball,3,87.2,Leicestershire,PSP Handscomb,LPJ Kimber,EO Leonard,0,0,,,,,,"",""
ball,3,87.3,Leicestershire,PSP Handscomb,LPJ Kimber,EO Leonard,0,0,,,,,,"",""
ball,3,87.4,Leicestershire,PSP Handscomb,LPJ Kimber,EO Leonard,1,0,,,,,,"",""
ball,3,87.5,Leicestershire,LPJ Kimber,PSP Handscomb,EO Leonard,1,0,,,,,,"",""
ball,3,87.6,Leicestershire,PSP Handscomb,LPJ Kimber,EO Leonard,0,0,,,,,,"",""
ball,3,88.1,Leicestershire,LPJ Kimber,PSP Handscomb,T van der Gugten,0,0,,,,,,"",""
ball,3,88.2,Leicestershire,LPJ Kimber,PSP Handscomb,T van der Gugten,0,0,,,,,,"",""
ball,3,88.3,Leicestershire,LPJ Kimber,PSP Handscomb,T van der Gugten,0,0,,,,,,"",""
ball,3,88.4,Leicestershire,LPJ Kimber,PSP Handscomb,T van der Gugten,0,0,,,,,,"",""
ball,3,88.5,Leicestershire,LPJ Kimber,PSP Handscomb,T van der Gugten,0,0,,,,,,"",""
ball,3,88.6,Leicestershire,LPJ Kimber,PSP Handscomb,T van der Gugten,0,0,,,,,,"",""
ball,3,89.1,Leicestershire,PSP Handscomb,LPJ Kimber,EO Leonard,0,0,,,,,,"",""
ball,3,89.2,Leicestershire,PSP Handscomb,LPJ Kimber,EO Leonard,0,0,,,,,,"",""
ball,3,89.3,Leicestershire,PSP Handscomb,LPJ Kimber,EO Leonard,0,0,,,,,,"",""
ball,3,89.4,Leicestershire,PSP Handscomb,LPJ Kimber,EO Leonard,1,0,,,,,,"",""
ball,3,89.5,Leicestershire,LPJ Kimber,PSP Handscomb,EO Leonard,0,0,,,,,,"",""
ball,3,89.6,Leicestershire,LPJ Kimber,PSP Handscomb,EO Leonard,0,0,,,,,,"",""
ball,3,90.1,Leicestershire,PSP Handscomb,LPJ Kimber,T van der Gugten,1,0,,,,,,"",""
ball,3,90.2,Leicestershire,LPJ Kimber,PSP Handscomb,T van der Gugten,0,0,,,,,,"",""
ball,3,90.3,Leicestershire,LPJ Kimber,PSP Handscomb,T van der Gugten,0,0,,,,,,"",""
ball,3,90.4,Leicestershire,LPJ Kimber,PSP Handscomb,T van der Gugten,0,0,,,,,,"",""
ball,3,90.5,Leicestershire,LPJ Kimber,PSP Handscomb,T van der Gugten,0,0,,,,,,"",""
ball,3,90.6,Leicestershire,LPJ Kimber,PSP Handscomb,T van der Gugten,0,0,,,,,,"",""
ball,3,91.1,Leicestershire,PSP Handscomb,LPJ Kimber,EO Leonard,2,0,,,,,,"",""
ball,3,91.2,Leicestershire,PSP Handscomb,LPJ Kimber,EO Leonard,0,0,,,,,,"",""
ball,3,91.3,Leicestershire,PSP Handscomb,LPJ Kimber,EO Leonard,1,0,,,,,,"",""
ball,3,91.4,Leicestershire,LPJ Kimber,PSP Handscomb,EO Leonard,0,0,,,,,,"",""
ball,3,91.5,Leicestershire,LPJ Kimber,PSP Handscomb,EO Leonard,0,0,,,,,,"",""
ball,3,91.6,Leicestershire,LPJ Kimber,PSP Handscomb,EO Leonard,1,0,,,,,,"",""
ball,3,92.1,Leicestershire,LPJ Kimber,PSP Handscomb,T van der Gugten,0,0,,,,,,"",""
ball,3,92.2,Leicestershire,LPJ Kimber,PSP Handscomb,T van der Gugten,1,0,,,,,,"",""
ball,3,92.3,Leicestershire,PSP Handscomb,LPJ Kimber,T van der Gugten,1,0,,,,,,"",""
ball,3,92.4,Leicestershire,LPJ Kimber,PSP Handscomb,T van der Gugten,0,0,,,,,,"",""
ball,3,92.5,Leicestershire,LPJ Kimber,PSP Handscomb,T van der Gugten,0,0,,,,,,"",""
ball,3,92.6,Leicestershire,LPJ Kimber,PSP Handscomb,T van der Gugten,0,0,,,,,,"",""
ball,3,93.1,Leicestershire,PSP Handscomb,LPJ Kimber,EO Leonard,0,0,,,,,,"",""
ball,3,93.2,Leicestershire,PSP Handscomb,LPJ Kimber,EO Leonard,1,0,,,,,,"",""
ball,3,93.3,Leicestershire,LPJ Kimber,PSP Handscomb,EO Leonard,0,0,,,,,,"",""
ball,3,93.4,Leicestershire,LPJ Kimber,PSP Handscomb,EO Leonard,0,0,,,,,,"",""
ball,3,93.5,Leicestershire,LPJ Kimber,PSP Handscomb,EO Leonard,3,0,,,,,,"",""
ball,3,93.6,Leicestershire,PSP Handscomb,LPJ Kimber,EO Leonard,0,0,,,,,,"",""
ball,3,94.1,Leicestershire,LPJ Kimber,PSP Handscomb,DA Douthwaite,4,0,,,,,,"",""
ball,3,94.2,Leicestershire,LPJ Kimber,PSP Handscomb,DA Douthwaite,0,0,,,,,,caught,LPJ Kimber
ball,3,94.3,Leicestershire,L Trevaskis,PSP Handscomb,DA Douthwaite,0,0,,,,,,"",""
ball,3,94.4,Leicestershire,L Trevaskis,PSP Handscomb,DA Douthwaite,0,0,,,,,,"",""
ball,3,94.5,Leicestershire,L Trevaskis,PSP Handscomb,DA Douthwaite,0,0,,,,,,"",""
ball,3,94.6,Leicestershire,L Trevaskis,PSP Handscomb,DA Douthwaite,0,0,,,,,,"",""
ball,3,95.1,Leicestershire,PSP Handscomb,L Trevaskis,MS Crane,2,0,,,,,,"",""
ball,3,95.2,Leicestershire,PSP Handscomb,L Trevaskis,MS Crane,0,0,,,,,,"",""
ball,3,95.3,Leicestershire,PSP Handscomb,L Trevaskis,MS Crane,0,0,,,,,,"",""
ball,3,95.4,Leicestershire,PSP Handscomb,L Trevaskis,MS Crane,0,0,,,,,,"",""
ball,3,95.5,Leicestershire,PSP Handscomb,L Trevaskis,MS Crane,1,0,,,,,,"",""
ball,3,95.6,Leicestershire,L Trevaskis,PSP Handscomb,MS Crane,0,0,,,,,,"",""
ball,3,96.1,Leicestershire,PSP Handscomb,L Trevaskis,DA Douthwaite,4,0,,,,,,"",""
ball,3,96.2,Leicestershire,PSP Handscomb,L Trevaskis,DA Douthwaite,1,0,,,,,,"",""
ball,3,96.3,Leicestershire,L Trevaskis,PSP Handscomb,DA Douthwaite,0,0,,,,,,"",""
ball,3,96.4,Leicestershire,L Trevaskis,PSP Handscomb,DA Douthwaite,0,0,,,,,,"",""
ball,3,96.5,Leicestershire,L Trevaskis,PSP Handscomb,DA Douthwaite,3,0,,,,,,"",""
ball,3,96.6,Leicestershire,PSP Handscomb,L Trevaskis,DA Douthwaite,0,0,,,,,,"",""
ball,3,97.1,Leicestershire,L Trevaskis,PSP Handscomb,MS Crane,0,0,,,,,,"",""
ball,3,97.2,Leicestershire,L Trevaskis,PSP Handscomb,MS Crane,0,0,,,,,,"",""
ball,3,97.3,Leicestershire,L Trevaskis,PSP Handscomb,MS Crane,0,0,,,,,,"",""
ball,3,97.4,Leicestershire,L Trevaskis,PSP Handscomb,MS Crane,0,0,,,,,,"",""
ball,3,97.5,Leicestershire,L Trevaskis,PSP Handscomb,MS Crane,0,0,,,,,,"",""
ball,3,97.6,Leicestershire,L Trevaskis,PSP Handscomb,MS Crane,0,0,,,,,,"",""
ball,3,98.1,Leicestershire,PSP Handscomb,L Trevaskis,DA Douthwaite,0,0,,,,,,"",""
ball,3,98.2,Leicestershire,PSP Handscomb,L Trevaskis,DA Douthwaite,0,0,,,,,,"",""
ball,3,98.3,Leicestershire,PSP Handscomb,L Trevaskis,DA Douthwaite,0,0,,,,,,"",""
ball,3,98.4,Leicestershire,PSP Handscomb,L Trevaskis,DA Douthwaite,0,0,,,,,,"",""
ball,3,98.5,Leicestershire,PSP Handscomb,L Trevaskis,DA Douthwaite,0,0,,,,,,"",""
ball,3,98.6,Leicestershire,PSP Handscomb,L Trevaskis,DA Douthwaite,0,0,,,,,,"",""
ball,3,99.1,Leicestershire,L Trevaskis,PSP Handscomb,MS Crane,0,0,,,,,,"",""
ball,3,99.2,Leicestershire,L Trevaskis,PSP Handscomb,MS Crane,0,0,,,,,,"",""
ball,3,99.3,Leicestershire,L Trevaskis,PSP Handscomb,MS Crane,0,0,,,,,,"",""
ball,3,99.4,Leicestershire,L Trevaskis,PSP Handscomb,MS Crane,1,0,,,,,,"",""
ball,3,99.5,Leicestershire,PSP Handscomb,L Trevaskis,MS Crane,0,0,,,,,,"",""
ball,3,99.6,Leicestershire,PSP Handscomb,L Trevaskis,MS Crane,0,0,,,,,,"",""
ball,3,100.1,Leicestershire,L Trevaskis,PSP Handscomb,DA Douthwaite,0,0,,,,,,"",""
ball,3,100.2,Leicestershire,L Trevaskis,PSP Handscomb,DA Douthwaite,0,0,,,,,,"",""
ball,3,100.3,Leicestershire,L Trevaskis,PSP Handscomb,DA Douthwaite,0,0,,,,,,"",""
ball,3,100.4,Leicestershire,L Trevaskis,PSP Handscomb,DA Douthwaite,0,0,,,,,,"",""
ball,3,100.5,Leicestershire,L Trevaskis,PSP Handscomb,DA Douthwaite,0,2,,2,,,,"",""
ball,3,100.6,Leicestershire,L Trevaskis,PSP Handscomb,DA Douthwaite,1,0,,,,,,"",""
ball,3,100.7,Leicestershire,PSP Handscomb,L Trevaskis,DA Douthwaite,0,0,,,,,,"",""
ball,3,101.1,Leicestershire,L Trevaskis,PSP Handscomb,MS Crane,0,4,,,,4,,"",""
ball,3,101.2,Leicestershire,L Trevaskis,PSP Handscomb,MS Crane,0,0,,,,,,"",""
ball,3,101.3,Leicestershire,L Trevaskis,PSP Handscomb,MS Crane,0,0,,,,,,"",""
ball,3,101.4,Leicestershire,L Trevaskis,PSP Handscomb,MS Crane,1,0,,,,,,"",""
ball,3,101.5,Leicestershire,PSP Handscomb,L Trevaskis,MS Crane,0,0,,,,,,"",""
ball,3,101.6,Leicestershire,PSP Handscomb,L Trevaskis,MS Crane,0,0,,,,,,"",""
ball,3,102.1,Leicestershire,L Trevaskis,PSP Handscomb,KS Carlson,1,0,,,,,,"",""
ball,3,102.2,Leicestershire,PSP Handscomb,L Trevaskis,KS Carlson,0,1,,,,1,,"",""
ball,3,102.3,Leicestershire,L Trevaskis,PSP Handscomb,KS Carlson,0,0,,,,,,"",""
ball,3,102.4,Leicestershire,L Trevaskis,PSP Handscomb,KS Carlson,0,0,,,,,,"",""
ball,3,102.5,Leicestershire,L Trevaskis,PSP Handscomb,KS Carlson,0,0,,,,,,"",""
ball,3,102.6,Leicestershire,L Trevaskis,PSP Handscomb,KS Carlson,0,0,,,,,,"",""
ball,3,103.1,Leicestershire,PSP Handscomb,L Trevaskis,MS Crane,2,0,,,,,,"",""
ball,3,103.2,Leicestershire,PSP Handscomb,L Trevaskis,MS Crane,0,0,,,,,,"",""
ball,3,103.3,Leicestershire,PSP Handscomb,L Trevaskis,MS Crane,0,0,,,,,,"",""
ball,3,103.4,Leicestershire,PSP Handscomb,L Trevaskis,MS Crane,0,0,,,,,,"",""
ball,3,103.5,Leicestershire,PSP Handscomb,L Trevaskis,MS Crane,4,0,,,,,,"",""
ball,3,103.6,Leicestershire,PSP Handscomb,L Trevaskis,MS Crane,0,0,,,,,,"",""
ball,3,104.1,Leicestershire,L Trevaskis,PSP Handscomb,KS Carlson,0,0,,,,,,"",""
ball,3,104.2,Leicestershire,L Trevaskis,PSP Handscomb,KS Carlson,0,0,,,,,,"",""
ball,3,104.3,Leicestershire,L Trevaskis,PSP Handscomb,KS Carlson,0,0,,,,,,"",""
ball,3,104.4,Leicestershire,L Trevaskis,PSP Handscomb,KS Carlson,0,0,,,,,,"",""
ball,3,104.5,Leicestershire,L Trevaskis,PSP Handscomb,KS Carlson,0,0,,,,,,"",""
ball,3,104.6,Leicestershire,L Trevaskis,PSP Handscomb,KS Carlson,0,0,,,,,,"",""
ball,3,105.1,Leicestershire,PSP Handscomb,L Trevaskis,MS Crane,0,0,,,,,,"",""
ball,3,105.2,Leicestershire,PSP Handscomb,L Trevaskis,MS Crane,0,0,,,,,,"",""
ball,3,105.3,Leicestershire,PSP Handscomb,L Trevaskis,MS Crane,0,0,,,,,,"",""
ball,3,105.4,Leicestershire,PSP Handscomb,L Trevaskis,MS Crane,1,0,,,,,,"",""
ball,3,105.5,Leicestershire,L Trevaskis,PSP Handscomb,MS Crane,0,0,,,,,,"",""
ball,3,105.6,Leicestershire,L Trevaskis,PSP Handscomb,MS Crane,0,0,,,,,,"",""
ball,3,106.1,Leicestershire,PSP Handscomb,L Trevaskis,KS Carlson,1,0,,,,,,"",""
ball,3,106.2,Leicestershire,L Trevaskis,PSP Handscomb,KS Carlson,0,0,,,,,,"",""
ball,3,106.3,Leicestershire,L Trevaskis,PSP Handscomb,KS Carlson,0,0,,,,,,"",""
ball,3,106.4,Leicestershire,L Trevaskis,PSP Handscomb,KS Carlson,0,0,,,,,,"",""
ball,3,106.5,Leicestershire,L Trevaskis,PSP Handscomb,KS Carlson,0,0,,,,,,"",""
ball,3,106.6,Leicestershire,L Trevaskis,PSP Handscomb,KS Carlson,0,0,,,,,,"",""
ball,3,107.1,Leicestershire,PSP Handscomb,L Trevaskis,MS Crane,0,0,,,,,,"",""
ball,3,107.2,Leicestershire,PSP Handscomb,L Trevaskis,MS Crane,0,0,,,,,,"",""
ball,3,107.3,Leicestershire,PSP Handscomb,L Trevaskis,MS Crane,0,0,,,,,,"",""
ball,3,107.4,Leicestershire,PSP Handscomb,L Trevaskis,MS Crane,1,0,,,,,,"",""
ball,3,107.5,Leicestershire,L Trevaskis,PSP Handscomb,MS Crane,1,0,,,,,,"",""
ball,3,107.6,Leicestershire,PSP Handscomb,L Trevaskis,MS Crane,0,0,,,,,,"",""
ball,3,108.1,Leicestershire,L Trevaskis,PSP Handscomb,KS Carlson,0,0,,,,,,"",""
ball,3,108.2,Leicestershire,L Trevaskis,PSP Handscomb,KS Carlson,0,0,,,,,,"",""
ball,3,108.3,Leicestershire,L Trevaskis,PSP Handscomb,KS Carlson,0,0,,,,,,"",""
ball,3,108.4,Leicestershire,L Trevaskis,PSP Handscomb,KS Carlson,0,0,,,,,,"",""
ball,3,108.5,Leicestershire,L Trevaskis,PSP Handscomb,KS Carlson,0,0,,,,,,"",""
ball,3,108.6,Leicestershire,L Trevaskis,PSP Handscomb,KS Carlson,0,0,,,,,,"",""
ball,3,109.1,Leicestershire,PSP Handscomb,L Trevaskis,AM Tribe,0,0,,,,,,"",""
ball,3,109.2,Leicestershire,PSP Handscomb,L Trevaskis,AM Tribe,0,0,,,,,,"",""
ball,3,109.3,Leicestershire,PSP Handscomb,L Trevaskis,AM Tribe,0,0,,,,,,"",""
ball,3,109.4,Leicestershire,PSP Handscomb,L Trevaskis,AM Tribe,1,0,,,,,,"",""
ball,3,109.5,Leicestershire,L Trevaskis,PSP Handscomb,AM Tribe,0,0,,,,,,"",""
ball,3,109.6,Leicestershire,L Trevaskis,PSP Handscomb,AM Tribe,0,0,,,,,,"",""
ball,3,110.1,Leicestershire,PSP Handscomb,L Trevaskis,MS Crane,0,0,,,,,,"",""
ball,3,110.2,Leicestershire,PSP Handscomb,L Trevaskis,MS Crane,0,0,,,,,,"",""
ball,3,110.3,Leicestershire,PSP Handscomb,L Trevaskis,MS Crane,1,0,,,,,,"",""
ball,3,110.4,Leicestershire,L Trevaskis,PSP Handscomb,MS Crane,6,0,,,,,,"",""
ball,3,110.5,Leicestershire,L Trevaskis,PSP Handscomb,MS Crane,0,0,,,,,,"",""
ball,3,110.6,Leicestershire,L Trevaskis,PSP Handscomb,MS Crane,0,0,,,,,,"",""
ball,3,111.1,Leicestershire,PSP Handscomb,L Trevaskis,KS Carlson,0,0,,,,,,"",""
ball,3,111.2,Leicestershire,PSP Handscomb,L Trevaskis,KS Carlson,0,0,,,,,,"",""
ball,3,111.3,Leicestershire,PSP Handscomb,L Trevaskis,KS Carlson,1,0,,,,,,"",""
ball,3,111.4,Leicestershire,L Trevaskis,PSP Handscomb,KS Carlson,0,0,,,,,,"",""
ball,3,111.5,Leicestershire,L Trevaskis,PSP Handscomb,KS Carlson,0,0,,,,,,"",""
ball,3,111.6,Leicestershire,L Trevaskis,PSP Handscomb,KS Carlson,0,0,,,,,,"",""
ball,3,112.1,Leicestershire,PSP Handscomb,L Trevaskis,MS Crane,0,0,,,,,,"",""
ball,3,112.2,Leicestershire,PSP Handscomb,L Trevaskis,MS Crane,4,0,,,,,,"",""
ball,3,112.3,Leicestershire,PSP Handscomb,L Trevaskis,MS Crane,0,0,,,,,,"",""
ball,3,112.4,Leicestershire,PSP Handscomb,L Trevaskis,MS Crane,1,0,,,,,,"",""
ball,3,112.5,Leicestershire,L Trevaskis,PSP Handscomb,MS Crane,0,0,,,,,,"",""
ball,3,112.6,Leicestershire,L Trevaskis,PSP Handscomb,MS Crane,1,0,,,,,,"",""
ball,3,113.1,Leicestershire,L Trevaskis,PSP Handscomb,KS Carlson,0,0,,,,,,"",""
ball,3,113.2,Leicestershire,L Trevaskis,PSP Handscomb,KS Carlson,0,0,,,,,,"",""
ball,3,113.3,Leicestershire,L Trevaskis,PSP Handscomb,KS Carlson,0,0,,,,,,"",""
ball,3,113.4,Leicestershire,L Trevaskis,PSP Handscomb,KS Carlson,0,0,,,,,,"",""
ball,3,113.5,Leicestershire,L Trevaskis,PSP Handscomb,KS Carlson,0,0,,,,,,"",""
ball,3,113.6,Leicestershire,L Trevaskis,PSP Handscomb,KS Carlson,0,0,,,,,,"",""
ball,3,114.1,Leicestershire,PSP Handscomb,L Trevaskis,MS Crane,0,0,,,,,,"",""
ball,3,114.2,Leicestershire,PSP Handscomb,L Trevaskis,MS Crane,1,0,,,,,,"",""
ball,3,114.3,Leicestershire,L Trevaskis,PSP Handscomb,MS Crane,0,0,,,,,,"",""
ball,3,114.4,Leicestershire,L Trevaskis,PSP Handscomb,MS Crane,0,0,,,,,,"",""
ball,3,114.5,Leicestershire,L Trevaskis,PSP Handscomb,MS Crane,1,0,,,,,,"",""
ball,3,114.6,Leicestershire,PSP Handscomb,L Trevaskis,MS Crane,4,0,,,,,,"",""
ball,3,115.1,Leicestershire,L Trevaskis,PSP Handscomb,EO Leonard,0,0,,,,,,"",""
ball,3,115.2,Leicestershire,L Trevaskis,PSP Handscomb,EO Leonard,0,0,,,,,,"",""
ball,3,115.3,Leicestershire,L Trevaskis,PSP Handscomb,EO Leonard,0,0,,,,,,"",""
ball,3,115.4,Leicestershire,L Trevaskis,PSP Handscomb,EO Leonard,0,0,,,,,,"",""
ball,3,115.5,Leicestershire,L Trevaskis,PSP Handscomb,EO Leonard,0,0,,,,,,"",""
ball,3,115.6,Leicestershire,L Trevaskis,PSP Handscomb,EO Leonard,4,0,,,,,,"",""
ball,3,116.1,Leicestershire,PSP Handscomb,L Trevaskis,T van der Gugten,0,0,,,,,,"",""
ball,3,116.2,Leicestershire,PSP Handscomb,L Trevaskis,T van der Gugten,0,0,,,,,,"",""
ball,3,116.3,Leicestershire,PSP Handscomb,L Trevaskis,T van der Gugten,0,0,,,,,,"",""
ball,3,116.4,Leicestershire,PSP Handscomb,L Trevaskis,T van der Gugten,0,0,,,,,,"",""
ball,3,116.5,Leicestershire,PSP Handscomb,L Trevaskis,T van der Gugten,0,0,,,,,,"",""
ball,3,116.6,Leicestershire,PSP Handscomb,L Trevaskis,T van der Gugten,0,0,,,,,,"",""
ball,3,117.1,Leicestershire,L Trevaskis,PSP Handscomb,EO Leonard,0,0,,,,,,"",""
ball,3,117.2,Leicestershire,L Trevaskis,PSP Handscomb,EO Leonard,0,0,,,,,,"",""
