version,1.7.0
info,balls_per_over,6
info,team,Sussex
info,team,Derbyshire
info,gender,male
info,season,2024
info,date,2024/08/29
info,date,2024/08/30
info,date,2024/08/31
info,date,2024/09/01
info,event,County Championship
info,match_number,43
info,venue,"County Ground, Hove"
info,city,Brighton
info,toss_winner,Derbyshire
info,toss_decision,field
info,umpire,ID Blackwell
info,umpire,PK Baldwin
info,match_referee,SJ Davis
info,winner,Sussex
info,winner_innings,1
info,winner_runs,59
info,player,Sussex,DP Hughes
info,player,Sussex,TJ Haines
info,player,Sussex,TGR Clark
info,player,Sussex,TP Alsop
info,player,Sussex,JM Coles
info,player,Sussex,JA Simpson
info,player,Sussex,FJ Hudson-Prentice
info,player,Sussex,JJ Carson
info,player,Sussex,OE Robinson
info,player,Sussex,JD Unadkat
info,player,Sussex,HT Crocombe
info,player,Derbyshire,HRC Came
info,player,Derbyshire,LM Reece
info,player,Derbyshire,BD Guest
info,player,Derbyshire,WL Madsen
info,player,Derbyshire,DL Lloyd
info,player,Derbyshire,AHT Donald
info,player,Derbyshire,Anuj Dal
info,player,Derbyshire,ZJ Chappell
info,player,Derbyshire,JP Morley
info,player,Derbyshire,DM Dupavillon
info,player,Derbyshire,PR Brown
info,registry,people,AHT Donald,72918338
info,registry,people,Anuj Dal,e142c599
info,registry,people,BD Guest,8159d5fc
info,registry,people,DL Lloyd,0c7f11be
info,registry,people,DM Dupavillon,7cb2d9d2
info,registry,people,DP Hughes,f3982af9
info,registry,people,FJ Hudson-Prentice,932d3cc9
info,registry,people,HRC Came,0a7c6649
info,registry,people,HT Crocombe,27fc5808
info,registry,people,ID Blackwell,818e8bf2
info,registry,people,JA Simpson,f05fe9b1
info,registry,people,JD Unadkat,1e66c162
info,registry,people,JJ Carson,344c6d55
info,registry,people,JM Coles,9c643d7b
info,registry,people,JP Morley,7a8a0237
info,registry,people,LM Reece,9789e56e
info,registry,people,OE Robinson,0f3ee070
info,registry,people,PK Baldwin,6bb53c12
info,registry,people,PR Brown,1efd12d1
info,registry,people,SJ Davis,bc71b0b2
info,registry,people,TGR Clark,ed8faea2
info,registry,people,TJ Haines,bdadcca1
info,registry,people,TP Alsop,961b8ff1
info,registry,people,WL Madsen,86e0f3f0
info,registry,people,ZJ Chappell,fe5b4367
ball,1,0.1,Sussex,DP Hughes,TJ Haines,ZJ Chappell,0,0,,,,,,"",""
ball,1,0.2,Sussex,DP Hughes,TJ Haines,ZJ Chappell,0,0,,,,,,"",""
ball,1,0.3,Sussex,DP Hughes,TJ Haines,ZJ Chappell,0,0,,,,,,"",""
ball,1,0.4,Sussex,DP Hughes,TJ Haines,ZJ Chappell,0,0,,,,,,"",""
ball,1,0.5,Sussex,DP Hughes,TJ Haines,ZJ Chappell,0,0,,,,,,"",""
ball,1,0.6,Sussex,DP Hughes,TJ Haines,ZJ Chappell,4,0,,,,,,"",""
ball,1,1.1,Sussex,TJ Haines,DP Hughes,DM Dupavillon,0,0,,,,,,"",""
ball,1,1.2,Sussex,TJ Haines,DP Hughes,DM Dupavillon,0,0,,,,,,"",""
ball,1,1.3,Sussex,TJ Haines,DP Hughes,DM Dupavillon,0,1,,,,1,,"",""
ball,1,1.4,Sussex,DP Hughes,TJ Haines,DM Dupavillon,0,0,,,,,,"",""
ball,1,1.5,Sussex,DP Hughes,TJ Haines,DM Dupavillon,2,0,,,,,,"",""
ball,1,1.6,Sussex,DP Hughes,TJ Haines,DM Dupavillon,0,0,,,,,,"",""
ball,1,2.1,Sussex,TJ Haines,DP Hughes,ZJ Chappell,0,0,,,,,,"",""
ball,1,2.2,Sussex,TJ Haines,DP Hughes,ZJ Chappell,0,0,,,,,,"",""
ball,1,2.3,Sussex,TJ Haines,DP Hughes,ZJ Chappell,1,0,,,,,,"",""
ball,1,2.4,Sussex,DP Hughes,TJ Haines,ZJ Chappell,4,0,,,,,,"",""
ball,1,2.5,Sussex,DP Hughes,TJ Haines,ZJ Chappell,0,0,,,,,,"",""
ball,1,2.6,Sussex,DP Hughes,TJ Haines,ZJ Chappell,0,0,,,,,,"",""
ball,1,3.1,Sussex,TJ Haines,DP Hughes,DM Dupavillon,4,0,,,,,,"",""
ball,1,3.2,Sussex,TJ Haines,DP Hughes,DM Dupavillon,0,0,,,,,,"",""
ball,1,3.3,Sussex,TJ Haines,DP Hughes,DM Dupavillon,4,0,,,,,,"",""
ball,1,3.4,Sussex,TJ Haines,DP Hughes,DM Dupavillon,0,0,,,,,,"",""
ball,1,3.5,Sussex,TJ Haines,DP Hughes,DM Dupavillon,4,0,,,,,,"",""
ball,1,3.6,Sussex,TJ Haines,DP Hughes,DM Dupavillon,0,0,,,,,,"",""
ball,1,4.1,Sussex,DP Hughes,TJ Haines,ZJ Chappell,6,0,,,,,,"",""
ball,1,4.2,Sussex,DP Hughes,TJ Haines,ZJ Chappell,0,0,,,,,,"",""
ball,1,4.3,Sussex,DP Hughes,TJ Haines,ZJ Chappell,4,0,,,,,,"",""
ball,1,4.4,Sussex,DP Hughes,TJ Haines,ZJ Chappell,0,0,,,,,,"",""
ball,1,4.5,Sussex,DP Hughes,TJ Haines,ZJ Chappell,0,0,,,,,,"",""
ball,1,4.6,Sussex,DP Hughes,TJ Haines,ZJ Chappell,4,0,,,,,,"",""
ball,1,5.1,Sussex,TJ Haines,DP Hughes,DM Dupavillon,0,0,,,,,,"",""
ball,1,5.2,Sussex,TJ Haines,DP Hughes,DM Dupavillon,0,0,,,,,,"",""
ball,1,5.3,Sussex,TJ Haines,DP Hughes,DM Dupavillon,0,0,,,,,,"",""
ball,1,5.4,Sussex,TJ Haines,DP Hughes,DM Dupavillon,0,0,,,,,,"",""
ball,1,5.5,Sussex,TJ Haines,DP Hughes,DM Dupavillon,0,0,,,,,,"",""
ball,1,5.6,Sussex,TJ Haines,DP Hughes,DM Dupavillon,0,0,,,,,,"",""
ball,1,6.1,Sussex,DP Hughes,TJ Haines,ZJ Chappell,0,0,,,,,,"",""
ball,1,6.2,Sussex,DP Hughes,TJ Haines,ZJ Chappell,0,0,,,,,,"",""
ball,1,6.3,Sussex,DP Hughes,TJ Haines,ZJ Chappell,0,0,,,,,,"",""
ball,1,6.4,Sussex,DP Hughes,TJ Haines,ZJ Chappell,2,0,,,,,,"",""
ball,1,6.5,Sussex,DP Hughes,TJ Haines,ZJ Chappell,0,0,,,,,,"",""
ball,1,6.6,Sussex,DP Hughes,TJ Haines,ZJ Chappell,1,0,,,,,,"",""
ball,1,7.1,Sussex,DP Hughes,TJ Haines,DM Dupavillon,4,0,,,,,,"",""
ball,1,7.2,Sussex,DP Hughes,TJ Haines,DM Dupavillon,4,0,,,,,,"",""
ball,1,7.3,Sussex,DP Hughes,TJ Haines,DM Dupavillon,0,0,,,,,,"",""
ball,1,7.4,Sussex,DP Hughes,TJ Haines,DM Dupavillon,0,0,,,,,,"",""
ball,1,7.5,Sussex,DP Hughes,TJ Haines,DM Dupavillon,0,0,,,,,,"",""
ball,1,7.6,Sussex,DP Hughes,TJ Haines,DM Dupavillon,0,0,,,,,,"",""
ball,1,8.1,Sussex,TJ Haines,DP Hughes,LM Reece,0,1,1,,,,,"",""
ball,1,8.2,Sussex,TJ Haines,DP Hughes,LM Reece,1,0,,,,,,"",""
ball,1,8.3,Sussex,DP Hughes,TJ Haines,LM Reece,0,1,1,,,,,"",""
ball,1,8.4,Sussex,DP Hughes,TJ Haines,LM Reece,0,0,,,,,,"",""
ball,1,8.5,Sussex,DP Hughes,TJ Haines,LM Reece,0,0,,,,,,"",""
ball,1,8.6,Sussex,DP Hughes,TJ Haines,LM Reece,0,0,,,,,,"",""
ball,1,8.7,Sussex,DP Hughes,TJ Haines,LM Reece,1,0,,,,,,"",""
ball,1,8.8,Sussex,TJ Haines,DP Hughes,LM Reece,1,0,,,,,,"",""
ball,1,9.1,Sussex,TJ Haines,DP Hughes,Anuj Dal,1,0,,,,,,"",""
ball,1,9.2,Sussex,DP Hughes,TJ Haines,Anuj Dal,1,0,,,,,,"",""
ball,1,9.3,Sussex,TJ Haines,DP Hughes,Anuj Dal,0,0,,,,,,"",""
ball,1,9.4,Sussex,TJ Haines,DP Hughes,Anuj Dal,0,0,,,,,,"",""
ball,1,9.5,Sussex,TJ Haines,DP Hughes,Anuj Dal,0,0,,,,,,"",""
ball,1,9.6,Sussex,TJ Haines,DP Hughes,Anuj Dal,0,0,,,,,,"",""
ball,1,10.1,Sussex,DP Hughes,TJ Haines,LM Reece,0,0,,,,,,"",""
ball,1,10.2,Sussex,DP Hughes,TJ Haines,LM Reece,0,0,,,,,,"",""
ball,1,10.3,Sussex,DP Hughes,TJ Haines,LM Reece,0,0,,,,,,"",""
ball,1,10.4,Sussex,DP Hughes,TJ Haines,LM Reece,1,0,,,,,,"",""
ball,1,10.5,Sussex,TJ Haines,DP Hughes,LM Reece,1,0,,,,,,"",""
ball,1,10.6,Sussex,DP Hughes,TJ Haines,LM Reece,0,0,,,,,,"",""
ball,1,11.1,Sussex,TJ Haines,DP Hughes,Anuj Dal,1,0,,,,,,"",""
ball,1,11.2,Sussex,DP Hughes,TJ Haines,Anuj Dal,1,0,,,,,,"",""
ball,1,11.3,Sussex,TJ Haines,DP Hughes,Anuj Dal,0,0,,,,,,"",""
ball,1,11.4,Sussex,TJ Haines,DP Hughes,Anuj Dal,0,0,,,,,,"",""
ball,1,11.5,Sussex,TJ Haines,DP Hughes,Anuj Dal,0,0,,,,,,"",""
ball,1,11.6,Sussex,TJ Haines,DP Hughes,Anuj Dal,0,0,,,,,,"",""
ball,1,12.1,Sussex,DP Hughes,TJ Haines,LM Reece,1,0,,,,,,"",""
ball,1,12.2,Sussex,TJ Haines,DP Hughes,LM Reece,3,0,,,,,,"",""
ball,1,12.3,Sussex,DP Hughes,TJ Haines,LM Reece,1,0,,,,,,"",""
ball,1,12.4,Sussex,TJ Haines,DP Hughes,LM Reece,0,0,,,,,,"",""
ball,1,12.5,Sussex,TJ Haines,DP Hughes,LM Reece,4,0,,,,,,"",""
ball,1,12.6,Sussex,TJ Haines,DP Hughes,LM Reece,3,0,,,,,,"",""
ball,1,13.1,Sussex,TJ Haines,DP Hughes,Anuj Dal,0,0,,,,,,"",""
ball,1,13.2,Sussex,TJ Haines,DP Hughes,Anuj Dal,1,0,,,,,,"",""
ball,1,13.3,Sussex,DP Hughes,TJ Haines,Anuj Dal,4,0,,,,,,"",""
ball,1,13.4,Sussex,DP Hughes,TJ Haines,Anuj Dal,1,0,,,,,,"",""
ball,1,13.5,Sussex,TJ Haines,DP Hughes,Anuj Dal,1,0,,,,,,"",""
ball,1,13.6,Sussex,DP Hughes,TJ Haines,Anuj Dal,0,0,,,,,,"",""
ball,1,14.1,Sussex,TJ Haines,DP Hughes,LM Reece,1,0,,,,,,"",""
ball,1,14.2,Sussex,DP Hughes,TJ Haines,LM Reece,0,0,,,,,,"",""
ball,1,14.3,Sussex,DP Hughes,TJ Haines,LM Reece,0,0,,,,,,"",""
ball,1,14.4,Sussex,DP Hughes,TJ Haines,LM Reece,0,0,,,,,,"",""
ball,1,14.5,Sussex,DP Hughes,TJ Haines,LM Reece,1,0,,,,,,"",""
ball,1,14.6,Sussex,TJ Haines,DP Hughes,LM Reece,4,0,,,,,,"",""
ball,1,15.1,Sussex,DP Hughes,TJ Haines,Anuj Dal,0,0,,,,,,"",""
ball,1,15.2,Sussex,DP Hughes,TJ Haines,Anuj Dal,0,0,,,,,,"",""
ball,1,15.3,Sussex,DP Hughes,TJ Haines,Anuj Dal,0,0,,,,,,"",""
ball,1,15.4,Sussex,DP Hughes,TJ Haines,Anuj Dal,0,0,,,,,,"",""
ball,1,15.5,Sussex,DP Hughes,TJ Haines,Anuj Dal,1,0,,,,,,"",""
ball,1,15.6,Sussex,TJ Haines,DP Hughes,Anuj Dal,1,0,,,,,,"",""
ball,1,16.1,Sussex,TJ Haines,DP Hughes,DM Dupavillon,0,0,,,,,,"",""
ball,1,16.2,Sussex,TJ Haines,DP Hughes,DM Dupavillon,0,0,,,,,,"",""
ball,1,16.3,Sussex,TJ Haines,DP Hughes,DM Dupavillon,0,1,1,,,,,"",""
ball,1,16.4,Sussex,TJ Haines,DP Hughes,DM Dupavillon,0,0,,,,,,"",""
ball,1,16.5,Sussex,TJ Haines,DP Hughes,DM Dupavillon,4,0,,,,,,"",""
ball,1,16.6,Sussex,TJ Haines,DP Hughes,DM Dupavillon,0,0,,,,,,"",""
ball,1,16.7,Sussex,TJ Haines,DP Hughes,DM Dupavillon,0,0,,,,,,"",""
ball,1,17.1,Sussex,DP Hughes,TJ Haines,Anuj Dal,0,0,,,,,,"",""
ball,1,17.2,Sussex,DP Hughes,TJ Haines,Anuj Dal,4,0,,,,,,"",""
ball,1,17.3,Sussex,DP Hughes,TJ Haines,Anuj Dal,1,0,,,,,,"",""
ball,1,17.4,Sussex,TJ Haines,DP Hughes,Anuj Dal,1,0,,,,,,"",""
ball,1,17.5,Sussex,DP Hughes,TJ Haines,Anuj Dal,4,0,,,,,,"",""
ball,1,17.6,Sussex,DP Hughes,TJ Haines,Anuj Dal,4,0,,,,,,"",""
ball,1,18.1,Sussex,TJ Haines,DP Hughes,DM Dupavillon,4,0,,,,,,"",""
ball,1,18.2,Sussex,TJ Haines,DP Hughes,DM Dupavillon,1,0,,,,,,"",""
ball,1,18.3,Sussex,DP Hughes,TJ Haines,DM Dupavillon,0,0,,,,,,"",""
ball,1,18.4,Sussex,DP Hughes,TJ Haines,DM Dupavillon,0,0,,,,,,"",""
ball,1,18.5,Sussex,DP Hughes,TJ Haines,DM Dupavillon,0,0,,,,,,"",""
ball,1,18.6,Sussex,DP Hughes,TJ Haines,DM Dupavillon,0,0,,,,,,"",""
ball,1,19.1,Sussex,TJ Haines,DP Hughes,PR Brown,0,0,,,,,,"",""
ball,1,19.2,Sussex,TJ Haines,DP Hughes,PR Brown,0,2,,2,,,,"",""
ball,1,19.3,Sussex,TJ Haines,DP Hughes,PR Brown,1,0,,,,,,"",""
ball,1,19.4,Sussex,DP Hughes,TJ Haines,PR Brown,0,0,,,,,,"",""
ball,1,19.5,Sussex,DP Hughes,TJ Haines,PR Brown,4,0,,,,,,"",""
ball,1,19.6,Sussex,DP Hughes,TJ Haines,PR Brown,0,0,,,,,,"",""
ball,1,19.7,Sussex,DP Hughes,TJ Haines,PR Brown,1,0,,,,,,"",""
ball,1,20.1,Sussex,DP Hughes,TJ Haines,DM Dupavillon,1,0,,,,,,"",""
ball,1,20.2,Sussex,TJ Haines,DP Hughes,DM Dupavillon,0,0,,,,,,"",""
ball,1,20.3,Sussex,TJ Haines,DP Hughes,DM Dupavillon,1,0,,,,,,"",""
ball,1,20.4,Sussex,DP Hughes,TJ Haines,DM Dupavillon,4,0,,,,,,"",""
ball,1,20.5,Sussex,DP Hughes,TJ Haines,DM Dupavillon,1,0,,,,,,"",""
ball,1,20.6,Sussex,TJ Haines,DP Hughes,DM Dupavillon,4,0,,,,,,"",""
ball,1,21.1,Sussex,DP Hughes,TJ Haines,PR Brown,0,0,,,,,,"",""
ball,1,21.2,Sussex,DP Hughes,TJ Haines,PR Brown,1,0,,,,,,"",""
ball,1,21.3,Sussex,TJ Haines,DP Hughes,PR Brown,0,0,,,,,,"",""
ball,1,21.4,Sussex,TJ Haines,DP Hughes,PR Brown,0,0,,,,,,"",""
ball,1,21.5,Sussex,TJ Haines,DP Hughes,PR Brown,0,0,,,,,,"",""
ball,1,21.6,Sussex,TJ Haines,DP Hughes,PR Brown,0,0,,,,,,"",""
ball,1,22.1,Sussex,DP Hughes,TJ Haines,DL Lloyd,1,0,,,,,,"",""
ball,1,22.2,Sussex,TJ Haines,DP Hughes,DL Lloyd,0,0,,,,,,"",""
ball,1,22.3,Sussex,TJ Haines,DP Hughes,DL Lloyd,0,0,,,,,,"",""
ball,1,22.4,Sussex,TJ Haines,DP Hughes,DL Lloyd,0,0,,,,,,"",""
ball,1,22.5,Sussex,TJ Haines,DP Hughes,DL Lloyd,2,0,,,,,,"",""
ball,1,22.6,Sussex,TJ Haines,DP Hughes,DL Lloyd,0,0,,,,,,"",""
ball,1,23.1,Sussex,DP Hughes,TJ Haines,JP Morley,2,0,,,,,,"",""
ball,1,23.2,Sussex,DP Hughes,TJ Haines,JP Morley,0,0,,,,,,"",""
ball,1,23.3,Sussex,DP Hughes,TJ Haines,JP Morley,1,0,,,,,,"",""
ball,1,23.4,Sussex,TJ Haines,DP Hughes,JP Morley,0,0,,,,,,"",""
ball,1,23.5,Sussex,TJ Haines,DP Hughes,JP Morley,0,0,,,,,,"",""
ball,1,23.6,Sussex,TJ Haines,DP Hughes,JP Morley,0,0,,,,,,"",""
ball,1,24.1,Sussex,DP Hughes,TJ Haines,PR Brown,4,0,,,,,,"",""
ball,1,24.2,Sussex,DP Hughes,TJ Haines,PR Brown,0,0,,,,,,"",""
ball,1,24.3,Sussex,DP Hughes,TJ Haines,PR Brown,1,0,,,,,,"",""
ball,1,24.4,Sussex,TJ Haines,DP Hughes,PR Brown,0,0,,,,,,"",""
ball,1,24.5,Sussex,TJ Haines,DP Hughes,PR Brown,1,0,,,,,,"",""
ball,1,24.6,Sussex,DP Hughes,TJ Haines,PR Brown,1,0,,,,,,"",""
ball,1,25.1,Sussex,DP Hughes,TJ Haines,JP Morley,1,0,,,,,,"",""
ball,1,25.2,Sussex,TJ Haines,DP Hughes,JP Morley,0,0,,,,,,"",""
ball,1,25.3,Sussex,TJ Haines,DP Hughes,JP Morley,0,0,,,,,,"",""
ball,1,25.4,Sussex,TJ Haines,DP Hughes,JP Morley,1,0,,,,,,"",""
ball,1,25.5,Sussex,DP Hughes,TJ Haines,JP Morley,0,0,,,,,,"",""
ball,1,25.6,Sussex,DP Hughes,TJ Haines,JP Morley,4,0,,,,,,"",""
ball,1,26.1,Sussex,TJ Haines,DP Hughes,PR Brown,0,0,,,,,,"",""
ball,1,26.2,Sussex,TJ Haines,DP Hughes,PR Brown,1,0,,,,,,"",""
ball,1,26.3,Sussex,DP Hughes,TJ Haines,PR Brown,1,0,,,,,,"",""
ball,1,26.4,Sussex,TJ Haines,DP Hughes,PR Brown,0,1,1,,,,,"",""
ball,1,26.5,Sussex,TJ Haines,DP Hughes,PR Brown,4,0,,,,,,"",""
ball,1,26.6,Sussex,TJ Haines,DP Hughes,PR Brown,1,0,,,,,,"",""
ball,1,26.7,Sussex,DP Hughes,TJ Haines,PR Brown,0,0,,,,,,"",""
ball,1,27.1,Sussex,TJ Haines,DP Hughes,JP Morley,0,0,,,,,,"",""
ball,1,27.2,Sussex,TJ Haines,DP Hughes,JP Morley,0,0,,,,,,"",""
ball,1,27.3,Sussex,TJ Haines,DP Hughes,JP Morley,0,0,,,,,,"",""
ball,1,27.4,Sussex,TJ Haines,DP Hughes,JP Morley,1,0,,,,,,"",""
ball,1,27.5,Sussex,DP Hughes,TJ Haines,JP Morley,2,0,,,,,,"",""
ball,1,27.6,Sussex,DP Hughes,TJ Haines,JP Morley,0,0,,,,,,"",""
ball,1,28.1,Sussex,TJ Haines,DP Hughes,PR Brown,0,0,,,,,,"",""
ball,1,28.2,Sussex,TJ Haines,DP Hughes,PR Brown,0,2,,2,,,,"",""
ball,1,28.3,Sussex,TJ Haines,DP Hughes,PR Brown,0,0,,,,,,"",""
ball,1,28.4,Sussex,TJ Haines,DP Hughes,PR Brown,0,1,1,,,,,"",""
ball,1,28.5,Sussex,TJ Haines,DP Hughes,PR Brown,2,0,,,,,,"",""
ball,1,28.6,Sussex,TJ Haines,DP Hughes,PR Brown,0,0,,,,,,"",""
ball,1,28.7,Sussex,TJ Haines,DP Hughes,PR Brown,0,0,,,,,,"",""
ball,1,28.8,Sussex,TJ Haines,DP Hughes,PR Brown,0,0,,,,,,"",""
ball,1,29.1,Sussex,DP Hughes,TJ Haines,JP Morley,2,0,,,,,,"",""
ball,1,29.2,Sussex,DP Hughes,TJ Haines,JP Morley,1,0,,,,,,"",""
ball,1,29.3,Sussex,TJ Haines,DP Hughes,JP Morley,0,0,,,,,,"",""
ball,1,29.4,Sussex,TJ Haines,DP Hughes,JP Morley,1,0,,,,,,"",""
ball,1,29.5,Sussex,DP Hughes,TJ Haines,JP Morley,0,0,,,,,,"",""
ball,1,29.6,Sussex,DP Hughes,TJ Haines,JP Morley,1,0,,,,,,"",""
ball,1,30.1,Sussex,DP Hughes,TJ Haines,PR Brown,6,0,,,,,,"",""
ball,1,30.2,Sussex,DP Hughes,TJ Haines,PR Brown,0,0,,,,,,"",""
ball,1,30.3,Sussex,DP Hughes,TJ Haines,PR Brown,0,0,,,,,,"",""
ball,1,30.4,Sussex,DP Hughes,TJ Haines,PR Brown,4,0,,,,,,"",""
ball,1,30.5,Sussex,DP Hughes,TJ Haines,PR Brown,0,0,,,,,,"",""
ball,1,30.6,Sussex,DP Hughes,TJ Haines,PR Brown,0,0,,,,,,"",""
ball,1,31.1,Sussex,TJ Haines,DP Hughes,JP Morley,0,0,,,,,,"",""
ball,1,31.2,Sussex,TJ Haines,DP Hughes,JP Morley,0,0,,,,,,"",""
ball,1,31.3,Sussex,TJ Haines,DP Hughes,JP Morley,0,0,,,,,,"",""
ball,1,31.4,Sussex,TJ Haines,DP Hughes,JP Morley,0,0,,,,,,"",""
ball,1,31.5,Sussex,TJ Haines,DP Hughes,JP Morley,0,0,,,,,,"",""
ball,1,31.6,Sussex,TJ Haines,DP Hughes,JP Morley,0,0,,,,,,"",""
ball,1,32.1,Sussex,DP Hughes,TJ Haines,ZJ Chappell,1,0,,,,,,"",""
ball,1,32.2,Sussex,TJ Haines,DP Hughes,ZJ Chappell,0,0,,,,,,"",""
ball,1,32.3,Sussex,TJ Haines,DP Hughes,ZJ Chappell,4,0,,,,,,"",""
ball,1,32.4,Sussex,TJ Haines,DP Hughes,ZJ Chappell,0,0,,,,,,"",""
ball,1,32.5,Sussex,TJ Haines,DP Hughes,ZJ Chappell,1,0,,,,,,"",""
ball,1,32.6,Sussex,DP Hughes,TJ Haines,ZJ Chappell,1,0,,,,,,"",""
ball,1,33.1,Sussex,DP Hughes,TJ Haines,JP Morley,1,0,,,,,,"",""
ball,1,33.2,Sussex,TJ Haines,DP Hughes,JP Morley,1,0,,,,,,"",""
ball,1,33.3,Sussex,DP Hughes,TJ Haines,JP Morley,1,0,,,,,,"",""
ball,1,33.4,Sussex,TJ Haines,DP Hughes,JP Morley,0,0,,,,,,"",""
ball,1,33.5,Sussex,TJ Haines,DP Hughes,JP Morley,0,0,,,,,,"",""
ball,1,33.6,Sussex,TJ Haines,DP Hughes,JP Morley,0,0,,,,,,"",""
ball,1,34.1,Sussex,DP Hughes,TJ Haines,ZJ Chappell,2,0,,,,,,"",""
ball,1,34.2,Sussex,DP Hughes,TJ Haines,ZJ Chappell,1,0,,,,,,"",""
ball,1,34.3,Sussex,TJ Haines,DP Hughes,ZJ Chappell,0,0,,,,,,"",""
ball,1,34.4,Sussex,TJ Haines,DP Hughes,ZJ Chappell,0,0,,,,,,"",""
ball,1,34.5,Sussex,TJ Haines,DP Hughes,ZJ Chappell,0,0,,,,,,"",""
ball,1,34.6,Sussex,TJ Haines,DP Hughes,ZJ Chappell,0,0,,,,,,"",""
ball,1,35.1,Sussex,DP Hughes,TJ Haines,JP Morley,0,0,,,,,,"",""
ball,1,35.2,Sussex,DP Hughes,TJ Haines,JP Morley,0,0,,,,,,"",""
ball,1,35.3,Sussex,DP Hughes,TJ Haines,JP Morley,0,0,,,,,,"",""
ball,1,35.4,Sussex,DP Hughes,TJ Haines,JP Morley,1,0,,,,,,"",""
ball,1,35.5,Sussex,TJ Haines,DP Hughes,JP Morley,0,0,,,,,,"",""
ball,1,35.6,Sussex,TJ Haines,DP Hughes,JP Morley,0,0,,,,,,"",""
ball,1,36.1,Sussex,DP Hughes,TJ Haines,ZJ Chappell,1,0,,,,,,"",""
ball,1,36.2,Sussex,TJ Haines,DP Hughes,ZJ Chappell,0,0,,,,,,caught,TJ Haines
ball,1,36.3,Sussex,TGR Clark,DP Hughes,ZJ Chappell,0,0,,,,,,"",""
ball,1,36.4,Sussex,TGR Clark,DP Hughes,ZJ Chappell,0,0,,,,,,"",""
ball,1,36.5,Sussex,TGR Clark,DP Hughes,ZJ Chappell,0,0,,,,,,"",""
ball,1,36.6,Sussex,TGR Clark,DP Hughes,ZJ Chappell,0,0,,,,,,"",""
ball,1,37.1,Sussex,DP Hughes,TGR Clark,JP Morley,4,0,,,,,,"",""
ball,1,37.2,Sussex,DP Hughes,TGR Clark,JP Morley,0,0,,,,,,"",""
ball,1,37.3,Sussex,DP Hughes,TGR Clark,JP Morley,1,0,,,,,,"",""
ball,1,37.4,Sussex,TGR Clark,DP Hughes,JP Morley,0,0,,,,,,"",""
ball,1,37.5,Sussex,TGR Clark,DP Hughes,JP Morley,0,0,,,,,,"",""
ball,1,37.6,Sussex,TGR Clark,DP Hughes,JP Morley,1,0,,,,,,"",""
ball,1,38.1,Sussex,TGR Clark,DP Hughes,ZJ Chappell,0,0,,,,,,"",""
ball,1,38.2,Sussex,TGR Clark,DP Hughes,ZJ Chappell,0,0,,,,,,"",""
ball,1,38.3,Sussex,TGR Clark,DP Hughes,ZJ Chappell,4,0,,,,,,"",""
ball,1,38.4,Sussex,TGR Clark,DP Hughes,ZJ Chappell,4,0,,,,,,"",""
ball,1,38.5,Sussex,TGR Clark,DP Hughes,ZJ Chappell,0,0,,,,,,"",""
ball,1,38.6,Sussex,TGR Clark,DP Hughes,ZJ Chappell,0,0,,,,,,"",""
ball,1,39.1,Sussex,DP Hughes,TGR Clark,Anuj Dal,0,0,,,,,,"",""
ball,1,39.2,Sussex,DP Hughes,TGR Clark,Anuj Dal,0,0,,,,,,"",""
ball,1,39.3,Sussex,DP Hughes,TGR Clark,Anuj Dal,0,0,,,,,,"",""
ball,1,39.4,Sussex,DP Hughes,TGR Clark,Anuj Dal,0,0,,,,,,"",""
ball,1,39.5,Sussex,DP Hughes,TGR Clark,Anuj Dal,0,0,,,,,,"",""
ball,1,39.6,Sussex,DP Hughes,TGR Clark,Anuj Dal,0,0,,,,,,"",""
ball,1,40.1,Sussex,TGR Clark,DP Hughes,ZJ Chappell,1,0,,,,,,"",""
ball,1,40.2,Sussex,DP Hughes,TGR Clark,ZJ Chappell,4,0,,,,,,"",""
ball,1,40.3,Sussex,DP Hughes,TGR Clark,ZJ Chappell,0,0,,,,,,"",""
ball,1,40.4,Sussex,DP Hughes,TGR Clark,ZJ Chappell,4,0,,,,,,"",""
ball,1,40.5,Sussex,DP Hughes,TGR Clark,ZJ Chappell,1,0,,,,,,"",""
ball,1,40.6,Sussex,TGR Clark,DP Hughes,ZJ Chappell,0,0,,,,,,"",""
ball,1,41.1,Sussex,DP Hughes,TGR Clark,Anuj Dal,1,0,,,,,,"",""
ball,1,41.2,Sussex,TGR Clark,DP Hughes,Anuj Dal,0,0,,,,,,"",""
ball,1,41.3,Sussex,TGR Clark,DP Hughes,Anuj Dal,0,0,,,,,,"",""
ball,1,41.4,Sussex,TGR Clark,DP Hughes,Anuj Dal,0,0,,,,,,"",""
ball,1,41.5,Sussex,TGR Clark,DP Hughes,Anuj Dal,0,0,,,,,,"",""
ball,1,41.6,Sussex,TGR Clark,DP Hughes,Anuj Dal,0,0,,,,,,"",""
ball,1,42.1,Sussex,DP Hughes,TGR Clark,DL Lloyd,0,0,,,,,,"",""
ball,1,42.2,Sussex,DP Hughes,TGR Clark,DL Lloyd,6,0,,,,,,"",""
ball,1,42.3,Sussex,DP Hughes,TGR Clark,DL Lloyd,1,0,,,,,,"",""
ball,1,42.4,Sussex,TGR Clark,DP Hughes,DL Lloyd,1,0,,,,,,"",""
ball,1,42.5,Sussex,DP Hughes,TGR Clark,DL Lloyd,0,0,,,,,,"",""
ball,1,42.6,Sussex,DP Hughes,TGR Clark,DL Lloyd,1,0,,,,,,"",""
ball,1,43.1,Sussex,DP Hughes,TGR Clark,Anuj Dal,0,0,,,,,,"",""
ball,1,43.2,Sussex,DP Hughes,TGR Clark,Anuj Dal,1,0,,,,,,"",""
ball,1,43.3,Sussex,TGR Clark,DP Hughes,Anuj Dal,0,0,,,,,,"",""
ball,1,43.4,Sussex,TGR Clark,DP Hughes,Anuj Dal,0,0,,,,,,"",""
ball,1,43.5,Sussex,TGR Clark,DP Hughes,Anuj Dal,1,0,,,,,,"",""
ball,1,43.6,Sussex,DP Hughes,TGR Clark,Anuj Dal,1,0,,,,,,"",""
ball,1,44.1,Sussex,DP Hughes,TGR Clark,DL Lloyd,0,0,,,,,,"",""
ball,1,44.2,Sussex,DP Hughes,TGR Clark,DL Lloyd,1,0,,,,,,"",""
ball,1,44.3,Sussex,TGR Clark,DP Hughes,DL Lloyd,0,0,,,,,,"",""
ball,1,44.4,Sussex,TGR Clark,DP Hughes,DL Lloyd,1,0,,,,,,"",""
ball,1,44.5,Sussex,DP Hughes,TGR Clark,DL Lloyd,0,0,,,,,,"",""
ball,1,44.6,Sussex,DP Hughes,TGR Clark,DL Lloyd,1,0,,,,,,"",""
ball,1,45.1,Sussex,DP Hughes,TGR Clark,Anuj Dal,0,0,,,,,,"",""
ball,1,45.2,Sussex,DP Hughes,TGR Clark,Anuj Dal,1,0,,,,,,"",""
ball,1,45.3,Sussex,TGR Clark,DP Hughes,Anuj Dal,0,0,,,,,,"",""
ball,1,45.4,Sussex,TGR Clark,DP Hughes,Anuj Dal,0,0,,,,,,"",""
ball,1,45.5,Sussex,TGR Clark,DP Hughes,Anuj Dal,0,0,,,,,,"",""
ball,1,45.6,Sussex,TGR Clark,DP Hughes,Anuj Dal,0,0,,,,,,"",""
ball,1,46.1,Sussex,DP Hughes,TGR Clark,DM Dupavillon,0,0,,,,,,"",""
ball,1,46.2,Sussex,DP Hughes,TGR Clark,DM Dupavillon,2,0,,,,,,"",""
ball,1,46.3,Sussex,DP Hughes,TGR Clark,DM Dupavillon,0,1,1,,,,,"",""
ball,1,46.4,Sussex,DP Hughes,TGR Clark,DM Dupavillon,0,0,,,,,,"",""
ball,1,46.5,Sussex,DP Hughes,TGR Clark,DM Dupavillon,0,0,,,,,,"",""
ball,1,46.6,Sussex,DP Hughes,TGR Clark,DM Dupavillon,0,0,,,,,,caught,DP Hughes
ball,1,46.7,Sussex,TP Alsop,TGR Clark,DM Dupavillon,0,0,,,,,,"",""
ball,1,47.1,Sussex,TGR Clark,TP Alsop,Anuj Dal,0,0,,,,,,"",""
ball,1,47.2,Sussex,TGR Clark,TP Alsop,Anuj Dal,0,0,,,,,,"",""
ball,1,47.3,Sussex,TGR Clark,TP Alsop,Anuj Dal,1,0,,,,,,"",""
ball,1,47.4,Sussex,TP Alsop,TGR Clark,Anuj Dal,0,0,,,,,,"",""
ball,1,47.5,Sussex,TP Alsop,TGR Clark,Anuj Dal,0,0,,,,,,"",""
ball,1,47.6,Sussex,TP Alsop,TGR Clark,Anuj Dal,0,0,,,,,,"",""
ball,1,48.1,Sussex,TGR Clark,TP Alsop,DM Dupavillon,0,0,,,,,,"",""
ball,1,48.2,Sussex,TGR Clark,TP Alsop,DM Dupavillon,4,0,,,,,,"",""
ball,1,48.3,Sussex,TGR Clark,TP Alsop,DM Dupavillon,0,0,,,,,,"",""
ball,1,48.4,Sussex,TGR Clark,TP Alsop,DM Dupavillon,0,0,,,,,,"",""
ball,1,48.5,Sussex,TGR Clark,TP Alsop,DM Dupavillon,1,0,,,,,,"",""
ball,1,48.6,Sussex,TP Alsop,TGR Clark,DM Dupavillon,0,0,,,,,,"",""
ball,1,49.1,Sussex,TGR Clark,TP Alsop,Anuj Dal,1,0,,,,,,"",""
ball,1,49.2,Sussex,TP Alsop,TGR Clark,Anuj Dal,4,0,,,,,,"",""
ball,1,49.3,Sussex,TP Alsop,TGR Clark,Anuj Dal,4,0,,,,,,"",""
ball,1,49.4,Sussex,TP Alsop,TGR Clark,Anuj Dal,0,0,,,,,,"",""
ball,1,49.5,Sussex,TP Alsop,TGR Clark,Anuj Dal,0,0,,,,,,"",""
ball,1,49.6,Sussex,TP Alsop,TGR Clark,Anuj Dal,0,0,,,,,,"",""
ball,1,50.1,Sussex,TGR Clark,TP Alsop,DM Dupavillon,0,0,,,,,,"",""
ball,1,50.2,Sussex,TGR Clark,TP Alsop,DM Dupavillon,0,0,,,,,,"",""
ball,1,50.3,Sussex,TGR Clark,TP Alsop,DM Dupavillon,0,0,,,,,,"",""
ball,1,50.4,Sussex,TGR Clark,TP Alsop,DM Dupavillon,0,0,,,,,,"",""
ball,1,50.5,Sussex,TGR Clark,TP Alsop,DM Dupavillon,0,0,,,,,,"",""
ball,1,50.6,Sussex,TGR Clark,TP Alsop,DM Dupavillon,0,1,,,,1,,"",""
ball,1,51.1,Sussex,TGR Clark,TP Alsop,JP Morley,1,0,,,,,,"",""
ball,1,51.2,Sussex,TP Alsop,TGR Clark,JP Morley,0,0,,,,,,"",""
ball,1,51.3,Sussex,TP Alsop,TGR Clark,JP Morley,1,0,,,,,,"",""
ball,1,51.4,Sussex,TGR Clark,TP Alsop,JP Morley,1,0,,,,,,"",""
ball,1,51.5,Sussex,TP Alsop,TGR Clark,JP Morley,0,0,,,,,,"",""
ball,1,51.6,Sussex,TP Alsop,TGR Clark,JP Morley,1,0,,,,,,"",""
ball,1,52.1,Sussex,TP Alsop,TGR Clark,PR Brown,0,0,,,,,,"",""
ball,1,52.2,Sussex,TP Alsop,TGR Clark,PR Brown,0,0,,,,,,"",""
ball,1,52.3,Sussex,TP Alsop,TGR Clark,PR Brown,1,0,,,,,,"",""
ball,1,52.4,Sussex,TGR Clark,TP Alsop,PR Brown,1,0,,,,,,"",""
ball,1,52.5,Sussex,TP Alsop,TGR Clark,PR Brown,0,0,,,,,,"",""
ball,1,52.6,Sussex,TP Alsop,TGR Clark,PR Brown,0,0,,,,,,"",""
ball,1,53.1,Sussex,TGR Clark,TP Alsop,JP Morley,0,0,,,,,,"",""
ball,1,53.2,Sussex,TGR Clark,TP Alsop,JP Morley,0,0,,,,,,"",""
ball,1,53.3,Sussex,TGR Clark,TP Alsop,JP Morley,0,0,,,,,,"",""
ball,1,53.4,Sussex,TGR Clark,TP Alsop,JP Morley,0,0,,,,,,"",""
ball,1,53.5,Sussex,TGR Clark,TP Alsop,JP Morley,0,0,,,,,,"",""
ball,1,53.6,Sussex,TGR Clark,TP Alsop,JP Morley,4,0,,,,,,"",""
ball,1,54.1,Sussex,TP Alsop,TGR Clark,PR Brown,0,0,,,,,,"",""
ball,1,54.2,Sussex,TP Alsop,TGR Clark,PR Brown,4,0,,,,,,"",""
ball,1,54.3,Sussex,TP Alsop,TGR Clark,PR Brown,0,0,,,,,,"",""
ball,1,54.4,Sussex,TP Alsop,TGR Clark,PR Brown,0,0,,,,,,"",""
ball,1,54.5,Sussex,TP Alsop,TGR Clark,PR Brown,0,0,,,,,,"",""
ball,1,54.6,Sussex,TP Alsop,TGR Clark,PR Brown,2,0,,,,,,"",""
ball,1,55.1,Sussex,TGR Clark,TP Alsop,JP Morley,0,0,,,,,,"",""
ball,1,55.2,Sussex,TGR Clark,TP Alsop,JP Morley,0,0,,,,,,"",""
ball,1,55.3,Sussex,TGR Clark,TP Alsop,JP Morley,4,0,,,,,,"",""
ball,1,55.4,Sussex,TGR Clark,TP Alsop,JP Morley,0,0,,,,,,"",""
ball,1,55.5,Sussex,TGR Clark,TP Alsop,JP Morley,0,0,,,,,,"",""
ball,1,55.6,Sussex,TGR Clark,TP Alsop,JP Morley,1,0,,,,,,"",""
ball,1,56.1,Sussex,TGR Clark,TP Alsop,LM Reece,1,0,,,,,,"",""
ball,1,56.2,Sussex,TP Alsop,TGR Clark,LM Reece,0,0,,,,,,"",""
ball,1,56.3,Sussex,TP Alsop,TGR Clark,LM Reece,0,0,,,,,,"",""
ball,1,56.4,Sussex,TP Alsop,TGR Clark,LM Reece,4,0,,,,,,"",""
ball,1,56.5,Sussex,TP Alsop,TGR Clark,LM Reece,0,0,,,,,,"",""
ball,1,56.6,Sussex,TP Alsop,TGR Clark,LM Reece,0,0,,,,,,"",""
ball,1,57.1,Sussex,TGR Clark,TP Alsop,JP Morley,4,0,,,,,,"",""
ball,1,57.2,Sussex,TGR Clark,TP Alsop,JP Morley,0,0,,,,,,"",""
ball,1,57.3,Sussex,TGR Clark,TP Alsop,JP Morley,0,0,,,,,,"",""
ball,1,57.4,Sussex,TGR Clark,TP Alsop,JP Morley,0,0,,,,,,caught,TGR Clark
ball,1,57.5,Sussex,JM Coles,TP Alsop,JP Morley,0,0,,,,,,"",""
ball,1,57.6,Sussex,JM Coles,TP Alsop,JP Morley,0,0,,,,,,"",""
ball,1,58.1,Sussex,TP Alsop,JM Coles,LM Reece,0,0,,,,,,"",""
ball,1,58.2,Sussex,TP Alsop,JM Coles,LM Reece,0,0,,,,,,"",""
ball,1,58.3,Sussex,TP Alsop,JM Coles,LM Reece,4,0,,,,,,"",""
ball,1,58.4,Sussex,TP Alsop,JM Coles,LM Reece,0,0,,,,,,"",""
ball,1,58.5,Sussex,TP Alsop,JM Coles,LM Reece,0,0,,,,,,"",""
ball,1,58.6,Sussex,TP Alsop,JM Coles,LM Reece,0,0,,,,,,"",""
ball,1,59.1,Sussex,JM Coles,TP Alsop,JP Morley,0,0,,,,,,"",""
ball,1,59.2,Sussex,JM Coles,TP Alsop,JP Morley,0,0,,,,,,"",""
ball,1,59.3,Sussex,JM Coles,TP Alsop,JP Morley,0,0,,,,,,"",""
ball,1,59.4,Sussex,JM Coles,TP Alsop,JP Morley,4,0,,,,,,"",""
ball,1,59.5,Sussex,JM Coles,TP Alsop,JP Morley,0,0,,,,,,"",""
ball,1,59.6,Sussex,JM Coles,TP Alsop,JP Morley,1,0,,,,,,"",""
ball,1,60.1,Sussex,JM Coles,TP Alsop,LM Reece,0,0,,,,,,"",""
ball,1,60.2,Sussex,JM Coles,TP Alsop,LM Reece,1,0,,,,,,"",""
ball,1,60.3,Sussex,TP Alsop,JM Coles,LM Reece,0,0,,,,,,"",""
ball,1,60.4,Sussex,TP Alsop,JM Coles,LM Reece,0,0,,,,,,"",""
ball,1,60.5,Sussex,TP Alsop,JM Coles,LM Reece,0,0,,,,,,"",""
ball,1,60.6,Sussex,TP Alsop,JM Coles,LM Reece,0,0,,,,,,"",""
ball,1,61.1,Sussex,JM Coles,TP Alsop,JP Morley,4,0,,,,,,"",""
ball,1,61.2,Sussex,JM Coles,TP Alsop,JP Morley,4,0,,,,,,"",""
ball,1,61.3,Sussex,JM Coles,TP Alsop,JP Morley,1,0,,,,,,"",""
ball,1,61.4,Sussex,TP Alsop,JM Coles,JP Morley,0,0,,,,,,"",""
ball,1,61.5,Sussex,TP Alsop,JM Coles,JP Morley,0,0,,,,,,"",""
ball,1,61.6,Sussex,TP Alsop,JM Coles,JP Morley,0,0,,,,,,"",""
ball,1,62.1,Sussex,JM Coles,TP Alsop,LM Reece,1,0,,,,,,"",""
ball,1,62.2,Sussex,TP Alsop,JM Coles,LM Reece,0,0,,,,,,"",""
ball,1,62.3,Sussex,TP Alsop,JM Coles,LM Reece,1,0,,,,,,"",""
ball,1,62.4,Sussex,JM Coles,TP Alsop,LM Reece,0,0,,,,,,"",""
ball,1,62.5,Sussex,JM Coles,TP Alsop,LM Reece,2,0,,,,,,"",""
ball,1,62.6,Sussex,JM Coles,TP Alsop,LM Reece,0,0,,,,,,"",""
ball,1,63.1,Sussex,TP Alsop,JM Coles,JP Morley,0,0,,,,,,"",""
ball,1,63.2,Sussex,TP Alsop,JM Coles,JP Morley,1,0,,,,,,"",""
ball,1,63.3,Sussex,JM Coles,TP Alsop,JP Morley,0,0,,,,,,"",""
ball,1,63.4,Sussex,JM Coles,TP Alsop,JP Morley,0,0,,,,,,"",""
ball,1,63.5,Sussex,JM Coles,TP Alsop,JP Morley,0,0,,,,,,"",""
ball,1,63.6,Sussex,JM Coles,TP Alsop,JP Morley,0,0,,,,,,"",""
ball,1,64.1,Sussex,TP Alsop,JM Coles,DL Lloyd,0,0,,,,,,"",""
ball,1,64.2,Sussex,TP Alsop,JM Coles,DL Lloyd,0,0,,,,,,"",""
ball,1,64.3,Sussex,TP Alsop,JM Coles,DL Lloyd,2,0,,,,,,"",""
ball,1,64.4,Sussex,TP Alsop,JM Coles,DL Lloyd,4,0,,,,,,"",""
ball,1,64.5,Sussex,TP Alsop,JM Coles,DL Lloyd,0,0,,,,,,"",""
ball,1,64.6,Sussex,TP Alsop,JM Coles,DL Lloyd,1,0,,,,,,"",""
ball,1,65.1,Sussex,TP Alsop,JM Coles,JP Morley,0,0,,,,,,"",""
ball,1,65.2,Sussex,TP Alsop,JM Coles,JP Morley,0,0,,,,,,"",""
ball,1,65.3,Sussex,TP Alsop,JM Coles,JP Morley,0,0,,,,,,"",""
ball,1,65.4,Sussex,TP Alsop,JM Coles,JP Morley,0,0,,,,,,"",""
ball,1,65.5,Sussex,TP Alsop,JM Coles,JP Morley,0,0,,,,,,"",""
ball,1,65.6,Sussex,TP Alsop,JM Coles,JP Morley,0,0,,,,,,"",""
ball,1,66.1,Sussex,JM Coles,TP Alsop,DL Lloyd,0,0,,,,,,"",""
ball,1,66.2,Sussex,JM Coles,TP Alsop,DL Lloyd,0,0,,,,,,"",""
ball,1,66.3,Sussex,JM Coles,TP Alsop,DL Lloyd,0,0,,,,,,"",""
ball,1,66.4,Sussex,JM Coles,TP Alsop,DL Lloyd,0,0,,,,,,"",""
ball,1,66.5,Sussex,JM Coles,TP Alsop,DL Lloyd,1,0,,,,,,"",""
ball,1,66.6,Sussex,TP Alsop,JM Coles,DL Lloyd,0,1,1,,,,,"",""
ball,1,66.7,Sussex,TP Alsop,JM Coles,DL Lloyd,0,0,,,,,,"",""
ball,1,67.1,Sussex,JM Coles,TP Alsop,JP Morley,0,0,,,,,,"",""
ball,1,67.2,Sussex,JM Coles,TP Alsop,JP Morley,1,0,,,,,,"",""
ball,1,67.3,Sussex,TP Alsop,JM Coles,JP Morley,0,0,,,,,,"",""
ball,1,67.4,Sussex,TP Alsop,JM Coles,JP Morley,1,0,,,,,,"",""
ball,1,67.5,Sussex,JM Coles,TP Alsop,JP Morley,0,0,,,,,,"",""
ball,1,67.6,Sussex,JM Coles,TP Alsop,JP Morley,0,0,,,,,,"",""
ball,1,68.1,Sussex,TP Alsop,JM Coles,DL Lloyd,1,0,,,,,,"",""
ball,1,68.2,Sussex,JM Coles,TP Alsop,DL Lloyd,0,0,,,,,,"",""
ball,1,68.3,Sussex,JM Coles,TP Alsop,DL Lloyd,1,0,,,,,,"",""
ball,1,68.4,Sussex,TP Alsop,JM Coles,DL Lloyd,0,0,,,,,,"",""
ball,1,68.5,Sussex,TP Alsop,JM Coles,DL Lloyd,0,0,,,,,,"",""
ball,1,68.6,Sussex,TP Alsop,JM Coles,DL Lloyd,0,0,,,,,,"",""
ball,1,69.1,Sussex,JM Coles,TP Alsop,JP Morley,1,0,,,,,,"",""
ball,1,69.2,Sussex,TP Alsop,JM Coles,JP Morley,0,0,,,,,,"",""
ball,1,69.3,Sussex,TP Alsop,JM Coles,JP Morley,4,0,,,,,,"",""
ball,1,69.4,Sussex,TP Alsop,JM Coles,JP Morley,1,0,,,,,,"",""
ball,1,69.5,Sussex,JM Coles,TP Alsop,JP Morley,0,0,,,,,,"",""
ball,1,69.6,Sussex,JM Coles,TP Alsop,JP Morley,0,0,,,,,,"",""
ball,1,70.1,Sussex,TP Alsop,JM Coles,DL Lloyd,0,0,,,,,,"",""
ball,1,70.2,Sussex,TP Alsop,JM Coles,DL Lloyd,0,0,,,,,,"",""
ball,1,70.3,Sussex,TP Alsop,JM Coles,DL Lloyd,1,0,,,,,,"",""
ball,1,70.4,Sussex,JM Coles,TP Alsop,DL Lloyd,0,0,,,,,,"",""
ball,1,70.5,Sussex,JM Coles,TP Alsop,DL Lloyd,0,0,,,,,,"",""
ball,1,70.6,Sussex,JM Coles,TP Alsop,DL Lloyd,0,0,,,,,,"",""
ball,1,71.1,Sussex,TP Alsop,JM Coles,JP Morley,0,0,,,,,,"",""
ball,1,71.2,Sussex,TP Alsop,JM Coles,JP Morley,4,0,,,,,,"",""
ball,1,71.3,Sussex,TP Alsop,JM Coles,JP Morley,0,0,,,,,,"",""
ball,1,71.4,Sussex,TP Alsop,JM Coles,JP Morley,0,0,,,,,,"",""
ball,1,71.5,Sussex,TP Alsop,JM Coles,JP Morley,0,0,,,,,,"",""
ball,1,71.6,Sussex,TP Alsop,JM Coles,JP Morley,1,0,,,,,,"",""
ball,1,72.1,Sussex,TP Alsop,JM Coles,DL Lloyd,0,0,,,,,,"",""
ball,1,72.2,Sussex,TP Alsop,JM Coles,DL Lloyd,0,0,,,,,,"",""
ball,1,72.3,Sussex,TP Alsop,JM Coles,DL Lloyd,0,0,,,,,,"",""
ball,1,72.4,Sussex,TP Alsop,JM Coles,DL Lloyd,0,0,,,,,,"",""
ball,1,72.5,Sussex,TP Alsop,JM Coles,DL Lloyd,0,0,,,,,,"",""
ball,1,72.6,Sussex,TP Alsop,JM Coles,DL Lloyd,0,0,,,,,,"",""
ball,1,73.1,Sussex,JM Coles,TP Alsop,JP Morley,1,0,,,,,,"",""
ball,1,73.2,Sussex,TP Alsop,JM Coles,JP Morley,0,0,,,,,,"",""
ball,1,73.3,Sussex,TP Alsop,JM Coles,JP Morley,0,0,,,,,,"",""
ball,1,73.4,Sussex,TP Alsop,JM Coles,JP Morley,1,0,,,,,,"",""
ball,1,73.5,Sussex,JM Coles,TP Alsop,JP Morley,0,0,,,,,,"",""
ball,1,73.6,Sussex,JM Coles,TP Alsop,JP Morley,0,0,,,,,,"",""
ball,1,74.1,Sussex,TP Alsop,JM Coles,DL Lloyd,0,0,,,,,,"",""
ball,1,74.2,Sussex,TP Alsop,JM Coles,DL Lloyd,0,0,,,,,,"",""
ball,1,74.3,Sussex,TP Alsop,JM Coles,DL Lloyd,0,0,,,,,,"",""
ball,1,74.4,Sussex,TP Alsop,JM Coles,DL Lloyd,0,0,,,,,,"",""
ball,1,74.5,Sussex,TP Alsop,JM Coles,DL Lloyd,0,0,,,,,,"",""
ball,1,74.6,Sussex,TP Alsop,JM Coles,DL Lloyd,0,0,,,,,,"",""
ball,1,75.1,Sussex,JM Coles,TP Alsop,JP Morley,0,0,,,,,,"",""
ball,1,75.2,Sussex,JM Coles,TP Alsop,JP Morley,1,0,,,,,,"",""
ball,1,75.3,Sussex,TP Alsop,JM Coles,JP Morley,1,0,,,,,,"",""
ball,1,75.4,Sussex,JM Coles,TP Alsop,JP Morley,0,0,,,,,,"",""
ball,1,75.5,Sussex,JM Coles,TP Alsop,JP Morley,1,0,,,,,,"",""
ball,1,75.6,Sussex,TP Alsop,JM Coles,JP Morley,0,0,,,,,,"",""
ball,1,76.1,Sussex,JM Coles,TP Alsop,DL Lloyd,1,0,,,,,,"",""
ball,1,76.2,Sussex,TP Alsop,JM Coles,DL Lloyd,1,0,,,,,,"",""
ball,1,76.3,Sussex,JM Coles,TP Alsop,DL Lloyd,0,0,,,,,,"",""
ball,1,76.4,Sussex,JM Coles,TP Alsop,DL Lloyd,1,0,,,,,,"",""
ball,1,76.5,Sussex,TP Alsop,JM Coles,DL Lloyd,0,0,,,,,,"",""
ball,1,76.6,Sussex,TP Alsop,JM Coles,DL Lloyd,0,0,,,,,,"",""
ball,1,77.1,Sussex,JM Coles,TP Alsop,JP Morley,1,0,,,,,,"",""
ball,1,77.2,Sussex,TP Alsop,JM Coles,JP Morley,1,0,,,,,,"",""
ball,1,77.3,Sussex,JM Coles,TP Alsop,JP Morley,0,0,,,,,,"",""
ball,1,77.4,Sussex,JM Coles,TP Alsop,JP Morley,0,0,,,,,,"",""
ball,1,77.5,Sussex,JM Coles,TP Alsop,JP Morley,1,0,,,,,,"",""
ball,1,77.6,Sussex,TP Alsop,JM Coles,JP Morley,0,0,,,,,,"",""
ball,1,78.1,Sussex,JM Coles,TP Alsop,DL Lloyd,1,0,,,,,,"",""
ball,1,78.2,Sussex,TP Alsop,JM Coles,DL Lloyd,0,0,,,,,,"",""
ball,1,78.3,Sussex,TP Alsop,JM Coles,DL Lloyd,0,0,,,,,,"",""
ball,1,78.4,Sussex,TP Alsop,JM Coles,DL Lloyd,1,0,,,,,,"",""
ball,1,78.5,Sussex,JM Coles,TP Alsop,DL Lloyd,1,0,,,,,,"",""
ball,1,78.6,Sussex,TP Alsop,JM Coles,DL Lloyd,1,0,,,,,,"",""
ball,1,79.1,Sussex,TP Alsop,JM Coles,JP Morley,0,0,,,,,,"",""
ball,1,79.2,Sussex,TP Alsop,JM Coles,JP Morley,0,0,,,,,,"",""
ball,1,79.3,Sussex,TP Alsop,JM Coles,JP Morley,1,0,,,,,,"",""
ball,1,79.4,Sussex,JM Coles,TP Alsop,JP Morley,0,0,,,,,,"",""
ball,1,79.5,Sussex,JM Coles,TP Alsop,JP Morley,0,0,,,,,,"",""
ball,1,79.6,Sussex,JM Coles,TP Alsop,JP Morley,0,0,,,,,,"",""
ball,1,80.1,Sussex,TP Alsop,JM Coles,DL Lloyd,0,0,,,,,,"",""
ball,1,80.2,Sussex,TP Alsop,JM Coles,DL Lloyd,1,0,,,,,,"",""
ball,1,80.3,Sussex,JM Coles,TP Alsop,DL Lloyd,0,0,,,,,,lbw,JM Coles
ball,1,80.4,Sussex,JA Simpson,TP Alsop,DL Lloyd,0,0,,,,,,"",""
ball,1,80.5,Sussex,JA Simpson,TP Alsop,DL Lloyd,0,0,,,,,,"",""
ball,1,80.6,Sussex,JA Simpson,TP Alsop,DL Lloyd,4,0,,,,,,"",""
ball,1,81.1,Sussex,TP Alsop,JA Simpson,JP Morley,0,0,,,,,,"",""
ball,1,81.2,Sussex,TP Alsop,JA Simpson,JP Morley,1,0,,,,,,"",""
ball,1,81.3,Sussex,JA Simpson,TP Alsop,JP Morley,0,0,,,,,,"",""
ball,1,81.4,Sussex,JA Simpson,TP Alsop,JP Morley,0,0,,,,,,"",""
ball,1,81.5,Sussex,JA Simpson,TP Alsop,JP Morley,0,0,,,,,,"",""
ball,1,81.6,Sussex,JA Simpson,TP Alsop,JP Morley,0,0,,,,,,"",""
ball,1,82.1,Sussex,TP Alsop,JA Simpson,DL Lloyd,1,0,,,,,,"",""
ball,1,82.2,Sussex,JA Simpson,TP Alsop,DL Lloyd,1,0,,,,,,"",""
ball,1,82.3,Sussex,TP Alsop,JA Simpson,DL Lloyd,0,0,,,,,,"",""
ball,1,82.4,Sussex,TP Alsop,JA Simpson,DL Lloyd,1,0,,,,,,"",""
ball,1,82.5,Sussex,JA Simpson,TP Alsop,DL Lloyd,1,0,,,,,,"",""
ball,1,82.6,Sussex,TP Alsop,JA Simpson,DL Lloyd,0,0,,,,,,"",""
ball,1,83.1,Sussex,JA Simpson,TP Alsop,JP Morley,0,0,,,,,,"",""
ball,1,83.2,Sussex,JA Simpson,TP Alsop,JP Morley,0,0,,,,,,"",""
ball,1,83.3,Sussex,JA Simpson,TP Alsop,JP Morley,1,0,,,,,,"",""
ball,1,83.4,Sussex,TP Alsop,JA Simpson,JP Morley,0,0,,,,,,"",""
ball,1,83.5,Sussex,TP Alsop,JA Simpson,JP Morley,1,0,,,,,,"",""
ball,1,83.6,Sussex,JA Simpson,TP Alsop,JP Morley,0,0,,,,,,"",""
ball,1,84.1,Sussex,TP Alsop,JA Simpson,DL Lloyd,1,0,,,,,,"",""
ball,1,84.2,Sussex,JA Simpson,TP Alsop,DL Lloyd,0,0,,,,,,"",""
ball,1,84.3,Sussex,JA Simpson,TP Alsop,DL Lloyd,0,0,,,,,,"",""
ball,1,84.4,Sussex,JA Simpson,TP Alsop,DL Lloyd,1,0,,,,,,"",""
ball,1,84.5,Sussex,TP Alsop,JA Simpson,DL Lloyd,0,0,,,,,,"",""
ball,1,84.6,Sussex,TP Alsop,JA Simpson,DL Lloyd,0,0,,,,,,"",""
ball,1,85.1,Sussex,JA Simpson,TP Alsop,JP Morley,0,0,,,,,,"",""
ball,1,85.2,Sussex,JA Simpson,TP Alsop,JP Morley,0,0,,,,,,"",""
ball,1,85.3,Sussex,JA Simpson,TP Alsop,JP Morley,0,0,,,,,,"",""
ball,1,85.4,Sussex,JA Simpson,TP Alsop,JP Morley,0,0,,,,,,"",""
ball,1,85.5,Sussex,JA Simpson,TP Alsop,JP Morley,0,0,,,,,,"",""
ball,1,85.6,Sussex,JA Simpson,TP Alsop,JP Morley,0,0,,,,,,"",""
ball,1,86.1,Sussex,TP Alsop,JA Simpson,DL Lloyd,0,0,,,,,,"",""
ball,1,86.2,Sussex,TP Alsop,JA Simpson,DL Lloyd,0,0,,,,,,"",""
ball,1,86.3,Sussex,TP Alsop,JA Simpson,DL Lloyd,1,0,,,,,,"",""
ball,1,86.4,Sussex,JA Simpson,TP Alsop,DL Lloyd,0,0,,,,,,"",""
ball,1,86.5,Sussex,JA Simpson,TP Alsop,DL Lloyd,2,0,,,,,,"",""
ball,1,86.6,Sussex,JA Simpson,TP Alsop,DL Lloyd,1,0,,,,,,"",""
ball,1,87.1,Sussex,JA Simpson,TP Alsop,JP Morley,0,0,,,,,,"",""
ball,1,87.2,Sussex,JA Simpson,TP Alsop,JP Morley,0,0,,,,,,"",""
ball,1,87.3,Sussex,JA Simpson,TP Alsop,JP Morley,0,0,,,,,,"",""
ball,1,87.4,Sussex,JA Simpson,TP Alsop,JP Morley,1,0,,,,,,"",""
ball,1,87.5,Sussex,TP Alsop,JA Simpson,JP Morley,4,0,,,,,,"",""
ball,1,87.6,Sussex,TP Alsop,JA Simpson,JP Morley,0,0,,,,,,"",""
ball,1,88.1,Sussex,JA Simpson,TP Alsop,DM Dupavillon,0,0,,,,,,"",""
ball,1,88.2,Sussex,JA Simpson,TP Alsop,DM Dupavillon,2,0,,,,,,"",""
ball,1,88.3,Sussex,JA Simpson,TP Alsop,DM Dupavillon,0,0,,,,,,"",""
ball,1,88.4,Sussex,JA Simpson,TP Alsop,DM Dupavillon,0,0,,,,,,"",""
ball,1,88.5,Sussex,JA Simpson,TP Alsop,DM Dupavillon,1,0,,,,,,"",""
ball,1,88.6,Sussex,TP Alsop,JA Simpson,DM Dupavillon,1,0,,,,,,"",""
ball,1,89.1,Sussex,TP Alsop,JA Simpson,ZJ Chappell,1,0,,,,,,"",""
ball,1,89.2,Sussex,JA Simpson,TP Alsop,ZJ Chappell,4,0,,,,,,"",""
ball,1,89.3,Sussex,JA Simpson,TP Alsop,ZJ Chappell,0,0,,,,,,"",""
ball,1,89.4,Sussex,JA Simpson,TP Alsop,ZJ Chappell,0,0,,,,,,"",""
ball,1,89.5,Sussex,JA Simpson,TP Alsop,ZJ Chappell,0,0,,,,,,"",""
ball,1,89.6,Sussex,JA Simpson,TP Alsop,ZJ Chappell,0,0,,,,,,"",""
ball,1,90.1,Sussex,TP Alsop,JA Simpson,DM Dupavillon,0,0,,,,,,"",""
ball,1,90.2,Sussex,TP Alsop,JA Simpson,DM Dupavillon,0,0,,,,,,"",""
ball,1,90.3,Sussex,TP Alsop,JA Simpson,DM Dupavillon,0,0,,,,,,"",""
ball,1,90.4,Sussex,TP Alsop,JA Simpson,DM Dupavillon,0,0,,,,,,"",""
ball,1,90.5,Sussex,TP Alsop,JA Simpson,DM Dupavillon,0,0,,,,,,"",""
ball,1,90.6,Sussex,TP Alsop,JA Simpson,DM Dupavillon,0,0,,,,,,"",""
ball,1,91.1,Sussex,JA Simpson,TP Alsop,ZJ Chappell,1,0,,,,,,"",""
ball,1,91.2,Sussex,TP Alsop,JA Simpson,ZJ Chappell,0,0,,,,,,"",""
ball,1,91.3,Sussex,TP Alsop,JA Simpson,ZJ Chappell,0,0,,,,,,"",""
ball,1,91.4,Sussex,TP Alsop,JA Simpson,ZJ Chappell,0,0,,,,,,"",""
ball,1,91.5,Sussex,TP Alsop,JA Simpson,ZJ Chappell,1,0,,,,,,"",""
ball,1,91.6,Sussex,JA Simpson,TP Alsop,ZJ Chappell,1,0,,,,,,"",""
ball,1,92.1,Sussex,JA Simpson,TP Alsop,DM Dupavillon,0,0,,,,,,"",""
ball,1,92.2,Sussex,JA Simpson,TP Alsop,DM Dupavillon,0,0,,,,,,"",""
ball,1,92.3,Sussex,JA Simpson,TP Alsop,DM Dupavillon,0,0,,,,,,"",""
ball,1,92.4,Sussex,JA Simpson,TP Alsop,DM Dupavillon,2,0,,,,,,"",""
ball,1,92.5,Sussex,JA Simpson,TP Alsop,DM Dupavillon,0,0,,,,,,"",""
ball,1,92.6,Sussex,JA Simpson,TP Alsop,DM Dupavillon,0,0,,,,,,"",""
ball,1,93.1,Sussex,TP Alsop,JA Simpson,ZJ Chappell,0,0,,,,,,"",""
ball,1,93.2,Sussex,TP Alsop,JA Simpson,ZJ Chappell,0,0,,,,,,"",""
ball,1,93.3,Sussex,TP Alsop,JA Simpson,ZJ Chappell,0,0,,,,,,"",""
ball,1,93.4,Sussex,TP Alsop,JA Simpson,ZJ Chappell,1,0,,,,,,"",""
ball,1,93.5,Sussex,JA Simpson,TP Alsop,ZJ Chappell,0,0,,,,,,"",""
ball,1,93.6,Sussex,JA Simpson,TP Alsop,ZJ Chappell,1,0,,,,,,"",""
ball,1,94.1,Sussex,JA Simpson,TP Alsop,DM Dupavillon,1,0,,,,,,"",""
ball,1,94.2,Sussex,TP Alsop,JA Simpson,DM Dupavillon,0,0,,,,,,"",""
ball,1,94.3,Sussex,TP Alsop,JA Simpson,DM Dupavillon,0,0,,,,,,"",""
ball,1,94.4,Sussex,TP Alsop,JA Simpson,DM Dupavillon,0,0,,,,,,"",""
ball,1,94.5,Sussex,TP Alsop,JA Simpson,DM Dupavillon,0,0,,,,,,"",""
ball,1,94.6,Sussex,TP Alsop,JA Simpson,DM Dupavillon,0,0,,,,,,"",""
ball,1,95.1,Sussex,JA Simpson,TP Alsop,ZJ Chappell,0,0,,,,,,"",""
ball,1,95.2,Sussex,JA Simpson,TP Alsop,ZJ Chappell,0,0,,,,,,"",""
ball,1,95.3,Sussex,JA Simpson,TP Alsop,ZJ Chappell,0,0,,,,,,"",""
ball,1,95.4,Sussex,JA Simpson,TP Alsop,ZJ Chappell,0,0,,,,,,"",""
ball,1,95.5,Sussex,JA Simpson,TP Alsop,ZJ Chappell,0,0,,,,,,"",""
ball,1,95.6,Sussex,JA Simpson,TP Alsop,ZJ Chappell,0,0,,,,,,"",""
ball,1,96.1,Sussex,TP Alsop,JA Simpson,DM Dupavillon,0,0,,,,,,"",""
ball,1,96.2,Sussex,TP Alsop,JA Simpson,DM Dupavillon,1,0,,,,,,"",""
ball,1,96.3,Sussex,JA Simpson,TP Alsop,DM Dupavillon,4,0,,,,,,"",""
ball,1,96.4,Sussex,JA Simpson,TP Alsop,DM Dupavillon,0,0,,,,,,"",""
ball,1,96.5,Sussex,JA Simpson,TP Alsop,DM Dupavillon,4,0,,,,,,"",""
ball,1,96.6,Sussex,JA Simpson,TP Alsop,DM Dupavillon,4,0,,,,,,"",""
ball,1,97.1,Sussex,TP Alsop,JA Simpson,ZJ Chappell,0,0,,,,,,caught,TP Alsop
ball,1,97.2,Sussex,FJ Hudson-Prentice,JA Simpson,ZJ Chappell,0,0,,,,,,"",""
ball,1,97.3,Sussex,FJ Hudson-Prentice,JA Simpson,ZJ Chappell,0,0,,,,,,"",""
ball,1,97.4,Sussex,FJ Hudson-Prentice,JA Simpson,ZJ Chappell,0,0,,,,,,"",""
ball,1,97.5,Sussex,FJ Hudson-Prentice,JA Simpson,ZJ Chappell,1,0,,,,,,"",""
ball,1,97.6,Sussex,JA Simpson,FJ Hudson-Prentice,ZJ Chappell,0,0,,,,,,"",""
ball,1,98.1,Sussex,FJ Hudson-Prentice,JA Simpson,DM Dupavillon,0,0,,,,,,"",""
ball,1,98.2,Sussex,FJ Hudson-Prentice,JA Simpson,DM Dupavillon,0,0,,,,,,"",""
ball,1,98.3,Sussex,FJ Hudson-Prentice,JA Simpson,DM Dupavillon,0,0,,,,,,"",""
ball,1,98.4,Sussex,FJ Hudson-Prentice,JA Simpson,DM Dupavillon,0,0,,,,,,"",""
ball,1,98.5,Sussex,FJ Hudson-Prentice,JA Simpson,DM Dupavillon,0,0,,,,,,"",""
ball,1,98.6,Sussex,FJ Hudson-Prentice,JA Simpson,DM Dupavillon,0,0,,,,,,"",""
ball,1,99.1,Sussex,JA Simpson,FJ Hudson-Prentice,ZJ Chappell,2,0,,,,,,"",""
ball,1,99.2,Sussex,JA Simpson,FJ Hudson-Prentice,ZJ Chappell,0,0,,,,,,"",""
ball,1,99.3,Sussex,JA Simpson,FJ Hudson-Prentice,ZJ Chappell,4,0,,,,,,"",""
ball,1,99.4,Sussex,JA Simpson,FJ Hudson-Prentice,ZJ Chappell,4,0,,,,,,"",""
ball,1,99.5,Sussex,JA Simpson,FJ Hudson-Prentice,ZJ Chappell,0,0,,,,,,"",""
ball,1,99.6,Sussex,JA Simpson,FJ Hudson-Prentice,ZJ Chappell,1,0,,,,,,"",""
ball,1,100.1,Sussex,JA Simpson,FJ Hudson-Prentice,DM Dupavillon,4,0,,,,,,"",""
ball,1,100.2,Sussex,JA Simpson,FJ Hudson-Prentice,DM Dupavillon,0,0,,,,,,"",""
ball,1,100.3,Sussex,JA Simpson,FJ Hudson-Prentice,DM Dupavillon,1,0,,,,,,"",""
ball,1,100.4,Sussex,FJ Hudson-Prentice,JA Simpson,DM Dupavillon,4,0,,,,,,"",""
ball,1,100.5,Sussex,FJ Hudson-Prentice,JA Simpson,DM Dupavillon,1,0,,,,,,"",""
ball,1,100.6,Sussex,JA Simpson,FJ Hudson-Prentice,DM Dupavillon,1,0,,,,,,"",""
ball,1,101.1,Sussex,JA Simpson,FJ Hudson-Prentice,ZJ Chappell,0,0,,,,,,"",""
ball,1,101.2,Sussex,JA Simpson,FJ Hudson-Prentice,ZJ Chappell,1,0,,,,,,"",""
ball,1,101.3,Sussex,FJ Hudson-Prentice,JA Simpson,ZJ Chappell,1,0,,,,,,"",""
ball,1,101.4,Sussex,JA Simpson,FJ Hudson-Prentice,ZJ Chappell,0,0,,,,,,"",""
ball,1,101.5,Sussex,JA Simpson,FJ Hudson-Prentice,ZJ Chappell,4,0,,,,,,"",""
ball,1,101.6,Sussex,JA Simpson,FJ Hudson-Prentice,ZJ Chappell,0,0,,,,,,"",""
ball,1,102.1,Sussex,FJ Hudson-Prentice,JA Simpson,Anuj Dal,0,0,,,,,,"",""
ball,1,102.2,Sussex,FJ Hudson-Prentice,JA Simpson,Anuj Dal,0,0,,,,,,"",""
ball,1,102.3,Sussex,FJ Hudson-Prentice,JA Simpson,Anuj Dal,1,0,,,,,,"",""
ball,1,102.4,Sussex,JA Simpson,FJ Hudson-Prentice,Anuj Dal,1,0,,,,,,"",""
ball,1,102.5,Sussex,FJ Hudson-Prentice,JA Simpson,Anuj Dal,0,0,,,,,,caught,FJ Hudson-Prentice
ball,1,102.6,Sussex,JJ Carson,JA Simpson,Anuj Dal,0,0,,,,,,"",""
ball,1,103.1,Sussex,JA Simpson,JJ Carson,JP Morley,0,0,,,,,,"",""
ball,1,103.2,Sussex,JA Simpson,JJ Carson,JP Morley,0,0,,,,,,"",""
ball,1,103.3,Sussex,JA Simpson,JJ Carson,JP Morley,1,0,,,,,,"",""
ball,1,103.4,Sussex,JJ Carson,JA Simpson,JP Morley,0,0,,,,,,"",""
ball,1,103.5,Sussex,JJ Carson,JA Simpson,JP Morley,0,0,,,,,,"",""
ball,1,103.6,Sussex,JJ Carson,JA Simpson,JP Morley,2,0,,,,,,"",""
ball,1,104.1,Sussex,JA Simpson,JJ Carson,Anuj Dal,1,0,,,,,,"",""
ball,1,104.2,Sussex,JJ Carson,JA Simpson,Anuj Dal,0,0,,,,,,"",""
ball,1,104.3,Sussex,JJ Carson,JA Simpson,Anuj Dal,0,0,,,,,,"",""
ball,1,104.4,Sussex,JJ Carson,JA Simpson,Anuj Dal,0,0,,,,,,"",""
ball,1,104.5,Sussex,JJ Carson,JA Simpson,Anuj Dal,2,0,,,,,,"",""
ball,1,104.6,Sussex,JJ Carson,JA Simpson,Anuj Dal,1,0,,,,,,"",""
ball,1,105.1,Sussex,JJ Carson,JA Simpson,JP Morley,0,0,,,,,,"",""
ball,1,105.2,Sussex,JJ Carson,JA Simpson,JP Morley,0,0,,,,,,"",""
ball,1,105.3,Sussex,JJ Carson,JA Simpson,JP Morley,0,0,,,,,,"",""
ball,1,105.4,Sussex,JJ Carson,JA Simpson,JP Morley,1,0,,,,,,"",""
ball,1,105.5,Sussex,JA Simpson,JJ Carson,JP Morley,0,0,,,,,,"",""
ball,1,105.6,Sussex,JA Simpson,JJ Carson,JP Morley,1,0,,,,,,"",""
ball,1,106.1,Sussex,JA Simpson,JJ Carson,Anuj Dal,1,0,,,,,,"",""
ball,1,106.2,Sussex,JJ Carson,JA Simpson,Anuj Dal,0,0,,,,,,"",""
ball,1,106.3,Sussex,JJ Carson,JA Simpson,Anuj Dal,0,0,,,,,,"",""
ball,1,106.4,Sussex,JJ Carson,JA Simpson,Anuj Dal,2,0,,,,,,"",""
ball,1,106.5,Sussex,JJ Carson,JA Simpson,Anuj Dal,0,0,,,,,,"",""
ball,1,106.6,Sussex,JJ Carson,JA Simpson,Anuj Dal,1,0,,,,,,"",""
ball,1,107.1,Sussex,JJ Carson,JA Simpson,JP Morley,4,0,,,,,,"",""
ball,1,107.2,Sussex,JJ Carson,JA Simpson,JP Morley,1,0,,,,,,"",""
ball,1,107.3,Sussex,JA Simpson,JJ Carson,JP Morley,0,0,,,,,,"",""
ball,1,107.4,Sussex,JA Simpson,JJ Carson,JP Morley,0,0,,,,,,"",""
ball,1,107.5,Sussex,JA Simpson,JJ Carson,JP Morley,0,0,,,,,,"",""
ball,1,107.6,Sussex,JA Simpson,JJ Carson,JP Morley,0,0,,,,,,"",""
ball,1,108.1,Sussex,JJ Carson,JA Simpson,Anuj Dal,0,0,,,,,,"",""
ball,1,108.2,Sussex,JJ Carson,JA Simpson,Anuj Dal,0,0,,,,,,"",""
ball,1,108.3,Sussex,JJ Carson,JA Simpson,Anuj Dal,1,0,,,,,,"",""
ball,1,108.4,Sussex,JA Simpson,JJ Carson,Anuj Dal,1,0,,,,,,"",""
ball,1,108.5,Sussex,JJ Carson,JA Simpson,Anuj Dal,0,0,,,,,,"",""
ball,1,108.6,Sussex,JJ Carson,JA Simpson,Anuj Dal,2,0,,,,,,"",""
ball,1,109.1,Sussex,JA Simpson,JJ Carson,JP Morley,0,0,,,,,,"",""
ball,1,109.2,Sussex,JA Simpson,JJ Carson,JP Morley,0,0,,,,,,"",""
ball,1,109.3,Sussex,JA Simpson,JJ Carson,JP Morley,0,0,,,,,,"",""
ball,1,109.4,Sussex,JA Simpson,JJ Carson,JP Morley,0,0,,,,,,"",""
ball,1,109.5,Sussex,JA Simpson,JJ Carson,JP Morley,0,0,,,,,,"",""
ball,1,109.6,Sussex,JA Simpson,JJ Carson,JP Morley,1,0,,,,,,"",""
ball,1,110.1,Sussex,JA Simpson,JJ Carson,Anuj Dal,0,0,,,,,,"",""
ball,1,110.2,Sussex,JA Simpson,JJ Carson,Anuj Dal,1,0,,,,,,"",""
ball,1,110.3,Sussex,JJ Carson,JA Simpson,Anuj Dal,0,0,,,,,,"",""
ball,1,110.4,Sussex,JJ Carson,JA Simpson,Anuj Dal,0,0,,,,,,"",""
ball,1,110.5,Sussex,JJ Carson,JA Simpson,Anuj Dal,0,0,,,,,,"",""
ball,1,110.6,Sussex,JJ Carson,JA Simpson,Anuj Dal,0,0,,,,,,"",""
ball,1,111.1,Sussex,JA Simpson,JJ Carson,JP Morley,1,0,,,,,,"",""
ball,1,111.2,Sussex,JJ Carson,JA Simpson,JP Morley,2,0,,,,,,"",""
ball,1,111.3,Sussex,JJ Carson,JA Simpson,JP Morley,0,0,,,,,,"",""
ball,1,111.4,Sussex,JJ Carson,JA Simpson,JP Morley,6,0,,,,,,"",""
ball,1,111.5,Sussex,JJ Carson,JA Simpson,JP Morley,0,0,,,,,,"",""
ball,1,111.6,Sussex,JJ Carson,JA Simpson,JP Morley,0,0,,,,,,"",""
ball,1,112.1,Sussex,JA Simpson,JJ Carson,PR Brown,1,0,,,,,,"",""
ball,1,112.2,Sussex,JJ Carson,JA Simpson,PR Brown,0,0,,,,,,"",""
ball,1,112.3,Sussex,JJ Carson,JA Simpson,PR Brown,1,0,,,,,,"",""
ball,1,112.4,Sussex,JA Simpson,JJ Carson,PR Brown,0,0,,,,,,"",""
ball,1,112.5,Sussex,JA Simpson,JJ Carson,PR Brown,0,0,,,,,,"",""
ball,1,112.6,Sussex,JA Simpson,JJ Carson,PR Brown,0,0,,,,,,"",""
ball,1,113.1,Sussex,JJ Carson,JA Simpson,JP Morley,0,0,,,,,,"",""
ball,1,113.2,Sussex,JJ Carson,JA Simpson,JP Morley,1,0,,,,,,"",""
ball,1,113.3,Sussex,JA Simpson,JJ Carson,JP Morley,0,0,,,,,,"",""
ball,1,113.4,Sussex,JA Simpson,JJ Carson,JP Morley,0,0,,,,,,"",""
ball,1,113.5,Sussex,JA Simpson,JJ Carson,JP Morley,1,0,,,,,,"",""
ball,1,113.6,Sussex,JJ Carson,JA Simpson,JP Morley,0,0,,,,,,"",""
ball,1,114.1,Sussex,JA Simpson,JJ Carson,PR Brown,0,0,,,,,,"",""
ball,1,114.2,Sussex,JA Simpson,JJ Carson,PR Brown,1,0,,,,,,"",""
ball,1,114.3,Sussex,JJ Carson,JA Simpson,PR Brown,0,0,,,,,,"",""
ball,1,114.4,Sussex,JJ Carson,JA Simpson,PR Brown,0,0,,,,,,"",""
ball,1,114.5,Sussex,JJ Carson,JA Simpson,PR Brown,0,0,,,,,,"",""
ball,1,114.6,Sussex,JJ Carson,JA Simpson,PR Brown,0,0,,,,,,"",""
ball,1,115.1,Sussex,JA Simpson,JJ Carson,JP Morley,0,0,,,,,,"",""
ball,1,115.2,Sussex,JA Simpson,JJ Carson,JP Morley,0,0,,,,,,"",""
ball,1,115.3,Sussex,JA Simpson,JJ Carson,JP Morley,0,0,,,,,,"",""
ball,1,115.4,Sussex,JA Simpson,JJ Carson,JP Morley,1,0,,,,,,"",""
ball,1,115.5,Sussex,JJ Carson,JA Simpson,JP Morley,1,0,,,,,,"",""
ball,1,115.6,Sussex,JA Simpson,JJ Carson,JP Morley,1,0,,,,,,"",""
ball,1,116.1,Sussex,JA Simpson,JJ Carson,PR Brown,1,0,,,,,,"",""
ball,1,116.2,Sussex,JJ Carson,JA Simpson,PR Brown,0,0,,,,,,"",""
ball,1,116.3,Sussex,JJ Carson,JA Simpson,PR Brown,1,0,,,,,,"",""
ball,1,116.4,Sussex,JA Simpson,JJ Carson,PR Brown,0,0,,,,,,"",""
ball,1,116.5,Sussex,JA Simpson,JJ Carson,PR Brown,1,0,,,,,,"",""
ball,1,116.6,Sussex,JJ Carson,JA Simpson,PR Brown,0,0,,,,,,"",""
ball,1,117.1,Sussex,JA Simpson,JJ Carson,JP Morley,4,0,,,,,,"",""
ball,1,117.2,Sussex,JA Simpson,JJ Carson,JP Morley,1,0,,,,,,"",""
ball,1,117.3,Sussex,JJ Carson,JA Simpson,JP Morley,0,0,,,,,,"",""
ball,1,117.4,Sussex,JJ Carson,JA Simpson,JP Morley,0,0,,,,,,"",""
ball,1,117.5,Sussex,JJ Carson,JA Simpson,JP Morley,1,0,,,,,,"",""
ball,1,117.6,Sussex,JA Simpson,JJ Carson,JP Morley,0,0,,,,,,"",""
ball,1,118.1,Sussex,JJ Carson,JA Simpson,PR Brown,0,0,,,,,,"",""
ball,1,118.2,Sussex,JJ Carson,JA Simpson,PR Brown,0,0,,,,,,"",""
ball,1,118.3,Sussex,JJ Carson,JA Simpson,PR Brown,1,0,,,,,,"",""
ball,1,118.4,Sussex,JA Simpson,JJ Carson,PR Brown,0,2,,2,,,,"",""
ball,1,118.5,Sussex,JA Simpson,JJ Carson,PR Brown,0,0,,,,,,"",""
ball,1,118.6,Sussex,JA Simpson,JJ Carson,PR Brown,4,0,,,,,,"",""
ball,1,118.7,Sussex,JA Simpson,JJ Carson,PR Brown,0,0,,,,,,"",""
ball,1,119.1,Sussex,JJ Carson,JA Simpson,JP Morley,1,0,,,,,,"",""
ball,1,119.2,Sussex,JA Simpson,JJ Carson,JP Morley,0,0,,,,,,"",""
ball,1,119.3,Sussex,JA Simpson,JJ Carson,JP Morley,0,0,,,,,,"",""
ball,1,119.4,Sussex,JA Simpson,JJ Carson,JP Morley,0,0,,,,,,"",""
ball,1,119.5,Sussex,JA Simpson,JJ Carson,JP Morley,0,0,,,,,,"",""
ball,1,119.6,Sussex,JA Simpson,JJ Carson,JP Morley,0,2,,,2,,,"",""
ball,1,120.1,Sussex,JJ Carson,JA Simpson,DL Lloyd,0,0,,,,,,"",""
ball,1,120.2,Sussex,JJ Carson,JA Simpson,DL Lloyd,6,0,,,,,,"",""
ball,1,120.3,Sussex,JJ Carson,JA Simpson,DL Lloyd,0,0,,,,,,"",""
ball,1,120.4,Sussex,JJ Carson,JA Simpson,DL Lloyd,0,0,,,,,,"",""
ball,1,120.5,Sussex,JJ Carson,JA Simpson,DL Lloyd,0,0,,,,,,"",""
ball,1,120.6,Sussex,JJ Carson,JA Simpson,DL Lloyd,1,0,,,,,,"",""
ball,1,121.1,Sussex,JJ Carson,JA Simpson,JP Morley,1,0,,,,,,"",""
ball,1,121.2,Sussex,JA Simpson,JJ Carson,JP Morley,0,0,,,,,,"",""
ball,1,121.3,Sussex,JA Simpson,JJ Carson,JP Morley,0,0,,,,,,"",""
ball,1,121.4,Sussex,JA Simpson,JJ Carson,JP Morley,1,0,,,,,,"",""
ball,1,121.5,Sussex,JJ Carson,JA Simpson,JP Morley,0,0,,,,,,"",""
ball,1,121.6,Sussex,JJ Carson,JA Simpson,JP Morley,1,0,,,,,,"",""
ball,1,122.1,Sussex,JJ Carson,JA Simpson,DL Lloyd,1,0,,,,,,"",""
ball,1,122.2,Sussex,JA Simpson,JJ Carson,DL Lloyd,1,0,,,,,,"",""
ball,1,122.3,Sussex,JJ Carson,JA Simpson,DL Lloyd,0,0,,,,,,"",""
ball,1,122.4,Sussex,JJ Carson,JA Simpson,DL Lloyd,1,0,,,,,,"",""
ball,1,122.5,Sussex,JA Simpson,JJ Carson,DL Lloyd,1,0,,,,,,"",""
ball,1,122.6,Sussex,JJ Carson,JA Simpson,DL Lloyd,0,0,,,,,,"",""
ball,1,123.1,Sussex,JA Simpson,JJ Carson,JP Morley,1,0,,,,,,"",""
ball,1,123.2,Sussex,JJ Carson,JA Simpson,JP Morley,0,0,,,,,,"",""
ball,1,123.3,Sussex,JJ Carson,JA Simpson,JP Morley,0,0,,,,,,"",""
ball,1,123.4,Sussex,JJ Carson,JA Simpson,JP Morley,0,0,,,,,,"",""
ball,1,123.5,Sussex,JJ Carson,JA Simpson,JP Morley,0,0,,,,,,"",""
ball,1,123.6,Sussex,JJ Carson,JA Simpson,JP Morley,0,0,,,,,,"",""
ball,1,124.1,Sussex,JA Simpson,JJ Carson,DL Lloyd,1,0,,,,,,"",""
ball,1,124.2,Sussex,JJ Carson,JA Simpson,DL Lloyd,0,0,,,,,,"",""
ball,1,124.3,Sussex,JJ Carson,JA Simpson,DL Lloyd,0,0,,,,,,"",""
ball,1,124.4,Sussex,JJ Carson,JA Simpson,DL Lloyd,0,0,,,,,,"",""
ball,1,124.5,Sussex,JJ Carson,JA Simpson,DL Lloyd,0,0,,,,,,"",""
ball,1,124.6,Sussex,JJ Carson,JA Simpson,DL Lloyd,1,0,,,,,,"",""
ball,1,125.1,Sussex,JJ Carson,JA Simpson,JP Morley,1,0,,,,,,"",""
ball,1,125.2,Sussex,JA Simpson,JJ Carson,JP Morley,0,0,,,,,,"",""
ball,1,125.3,Sussex,JA Simpson,JJ Carson,JP Morley,0,0,,,,,,"",""
ball,1,125.4,Sussex,JA Simpson,JJ Carson,JP Morley,1,0,,,,,,"",""
ball,1,125.5,Sussex,JJ Carson,JA Simpson,JP Morley,0,0,,,,,,"",""
ball,1,125.6,Sussex,JJ Carson,JA Simpson,JP Morley,1,0,,,,,,"",""
ball,1,126.1,Sussex,JJ Carson,JA Simpson,DL Lloyd,0,0,,,,,,"",""
ball,1,126.2,Sussex,JJ Carson,JA Simpson,DL Lloyd,1,0,,,,,,"",""
ball,1,126.3,Sussex,JA Simpson,JJ Carson,DL Lloyd,6,0,,,,,,"",""
ball,1,126.4,Sussex,JA Simpson,JJ Carson,DL Lloyd,1,0,,,,,,"",""
ball,1,126.5,Sussex,JJ Carson,JA Simpson,DL Lloyd,1,0,,,,,,"",""
ball,1,126.6,Sussex,JA Simpson,JJ Carson,DL Lloyd,1,0,,,,,,"",""
ball,1,127.1,Sussex,JA Simpson,JJ Carson,Anuj Dal,1,0,,,,,,"",""
ball,1,127.2,Sussex,JJ Carson,JA Simpson,Anuj Dal,1,0,,,,,,"",""
ball,1,127.3,Sussex,JA Simpson,JJ Carson,Anuj Dal,0,0,,,,,,"",""
ball,1,127.4,Sussex,JA Simpson,JJ Carson,Anuj Dal,4,0,,,,,,"",""
ball,1,127.5,Sussex,JA Simpson,JJ Carson,Anuj Dal,0,0,,,,,,"",""
ball,1,127.6,Sussex,JA Simpson,JJ Carson,Anuj Dal,0,0,,,,,,"",""
ball,1,128.1,Sussex,JJ Carson,JA Simpson,ZJ Chappell,1,0,,,,,,"",""
ball,1,128.2,Sussex,JA Simpson,JJ Carson,ZJ Chappell,1,0,,,,,,"",""
ball,1,128.3,Sussex,JJ Carson,JA Simpson,ZJ Chappell,1,0,,,,,,"",""
ball,1,128.4,Sussex,JA Simpson,JJ Carson,ZJ Chappell,1,0,,,,,,"",""
ball,1,128.5,Sussex,JJ Carson,JA Simpson,ZJ Chappell,1,0,,,,,,"",""
ball,1,128.6,Sussex,JA Simpson,JJ Carson,ZJ Chappell,0,0,,,,,,"",""
ball,1,129.1,Sussex,JJ Carson,JA Simpson,Anuj Dal,0,0,,,,,,"",""
ball,1,129.2,Sussex,JJ Carson,JA Simpson,Anuj Dal,0,0,,,,,,"",""
ball,1,129.3,Sussex,JJ Carson,JA Simpson,Anuj Dal,1,0,,,,,,"",""
ball,1,129.4,Sussex,JA Simpson,JJ Carson,Anuj Dal,1,0,,,,,,"",""
ball,1,129.5,Sussex,JJ Carson,JA Simpson,Anuj Dal,0,0,,,,,,"",""
ball,1,129.6,Sussex,JJ Carson,JA Simpson,Anuj Dal,1,0,,,,,,"",""
ball,1,130.1,Sussex,JJ Carson,JA Simpson,ZJ Chappell,4,0,,,,,,"",""
ball,1,130.2,Sussex,JJ Carson,JA Simpson,ZJ Chappell,0,0,,,,,,"",""
ball,1,130.3,Sussex,JJ Carson,JA Simpson,ZJ Chappell,1,0,,,,,,"",""
ball,1,130.4,Sussex,JA Simpson,JJ Carson,ZJ Chappell,1,0,,,,,,"",""
ball,1,130.5,Sussex,JJ Carson,JA Simpson,ZJ Chappell,1,0,,,,,,"",""
ball,1,130.6,Sussex,JA Simpson,JJ Carson,ZJ Chappell,1,0,,,,,,"",""
ball,1,131.1,Sussex,JA Simpson,JJ Carson,Anuj Dal,1,0,,,,,,"",""
ball,1,131.2,Sussex,JJ Carson,JA Simpson,Anuj Dal,0,0,,,,,,"",""
ball,1,131.3,Sussex,JJ Carson,JA Simpson,Anuj Dal,0,0,,,,,,"",""
ball,1,131.4,Sussex,JJ Carson,JA Simpson,Anuj Dal,1,0,,,,,,"",""
ball,1,131.5,Sussex,JA Simpson,JJ Carson,Anuj Dal,0,0,,,,,,"",""
ball,1,131.6,Sussex,JA Simpson,JJ Carson,Anuj Dal,0,0,,,,,,"",""
ball,1,132.1,Sussex,JJ Carson,JA Simpson,ZJ Chappell,1,0,,,,,,"",""
ball,1,132.2,Sussex,JA Simpson,JJ Carson,ZJ Chappell,1,0,,,,,,"",""
ball,1,132.3,Sussex,JJ Carson,JA Simpson,ZJ Chappell,0,0,,,,,,"",""
ball,1,132.4,Sussex,JJ Carson,JA Simpson,ZJ Chappell,1,0,,,,,,"",""
ball,1,132.5,Sussex,JA Simpson,JJ Carson,ZJ Chappell,1,0,,,,,,"",""
ball,1,132.6,Sussex,JJ Carson,JA Simpson,ZJ Chappell,0,0,,,,,,"",""
ball,1,133.1,Sussex,JA Simpson,JJ Carson,Anuj Dal,1,0,,,,,,"",""
ball,1,133.2,Sussex,JJ Carson,JA Simpson,Anuj Dal,4,0,,,,,,"",""
ball,1,133.3,Sussex,JJ Carson,JA Simpson,Anuj Dal,4,0,,,,,,"",""
ball,1,133.4,Sussex,JJ Carson,JA Simpson,Anuj Dal,0,0,,,,,,"",""
ball,1,133.5,Sussex,JJ Carson,JA Simpson,Anuj Dal,0,2,,2,,,,"",""
ball,1,133.6,Sussex,JJ Carson,JA Simpson,Anuj Dal,0,0,,,,,,"",""
ball,1,133.7,Sussex,JJ Carson,JA Simpson,Anuj Dal,1,0,,,,,,"",""
ball,1,134.1,Sussex,JJ Carson,JA Simpson,DM Dupavillon,0,0,,,,,,"",""
ball,1,134.2,Sussex,JJ Carson,JA Simpson,DM Dupavillon,6,0,,,,,,"",""
ball,1,134.3,Sussex,JJ Carson,JA Simpson,DM Dupavillon,1,0,,,,,,"",""
ball,1,134.4,Sussex,JA Simpson,JJ Carson,DM Dupavillon,1,0,,,,,,"",""
ball,1,134.5,Sussex,JJ Carson,JA Simpson,DM Dupavillon,1,0,,,,,,"",""
ball,1,134.6,Sussex,JA Simpson,JJ Carson,DM Dupavillon,1,0,,,,,,"",""
ball,1,135.1,Sussex,JA Simpson,JJ Carson,PR Brown,0,0,,,,,,"",""
ball,1,135.2,Sussex,JA Simpson,JJ Carson,PR Brown,1,0,,,,,,"",""
ball,1,135.3,Sussex,JJ Carson,JA Simpson,PR Brown,1,0,,,,,,"",""
ball,1,135.4,Sussex,JA Simpson,JJ Carson,PR Brown,0,0,,,,,,"",""
ball,1,135.5,Sussex,JA Simpson,JJ Carson,PR Brown,1,0,,,,,,"",""
ball,1,135.6,Sussex,JJ Carson,JA Simpson,PR Brown,4,0,,,,,,"",""
ball,1,136.1,Sussex,JA Simpson,JJ Carson,DM Dupavillon,1,0,,,,,,"",""
ball,1,136.2,Sussex,JJ Carson,JA Simpson,DM Dupavillon,0,0,,,,,,"",""
ball,1,136.3,Sussex,JJ Carson,JA Simpson,DM Dupavillon,1,0,,,,,,"",""
ball,1,136.4,Sussex,JA Simpson,JJ Carson,DM Dupavillon,0,0,,,,,,"",""
ball,1,136.5,Sussex,JA Simpson,JJ Carson,DM Dupavillon,4,0,,,,,,"",""
ball,1,136.6,Sussex,JA Simpson,JJ Carson,DM Dupavillon,0,0,,,,,,caught,JA Simpson
ball,1,137.1,Sussex,JJ Carson,OE Robinson,PR Brown,0,0,,,,,,"",""
ball,1,137.2,Sussex,JJ Carson,OE Robinson,PR Brown,0,0,,,,,,"",""
ball,1,137.3,Sussex,JJ Carson,OE Robinson,PR Brown,1,0,,,,,,"",""
ball,1,137.4,Sussex,OE Robinson,JJ Carson,PR Brown,0,0,,,,,,"",""
ball,1,137.5,Sussex,OE Robinson,JJ Carson,PR Brown,0,0,,,,,,"",""
ball,1,137.6,Sussex,OE Robinson,JJ Carson,PR Brown,0,4,,,4,,,"",""
ball,1,138.1,Sussex,JJ Carson,OE Robinson,DM Dupavillon,4,0,,,,,,"",""
ball,1,138.2,Sussex,JJ Carson,OE Robinson,DM Dupavillon,1,0,,,,,,"",""
ball,1,138.3,Sussex,OE Robinson,JJ Carson,DM Dupavillon,1,0,,,,,,"",""
ball,1,138.4,Sussex,JJ Carson,OE Robinson,DM Dupavillon,1,0,,,,,,"",""
ball,1,138.5,Sussex,OE Robinson,JJ Carson,DM Dupavillon,1,0,,,,,,"",""
ball,1,138.6,Sussex,JJ Carson,OE Robinson,DM Dupavillon,1,0,,,,,,"",""
ball,1,139.1,Sussex,JJ Carson,OE Robinson,PR Brown,1,0,,,,,,"",""
ball,1,139.2,Sussex,OE Robinson,JJ Carson,PR Brown,1,0,,,,,,"",""
ball,1,139.3,Sussex,JJ Carson,OE Robinson,PR Brown,1,0,,,,,,"",""
ball,1,139.4,Sussex,OE Robinson,JJ Carson,PR Brown,0,0,,,,,,"",""
ball,1,139.5,Sussex,OE Robinson,JJ Carson,PR Brown,1,0,,,,,,"",""
ball,1,139.6,Sussex,JJ Carson,OE Robinson,PR Brown,1,0,,,,,,"",""
ball,1,140.1,Sussex,JJ Carson,OE Robinson,DM Dupavillon,0,0,,,,,,"",""
ball,1,140.2,Sussex,JJ Carson,OE Robinson,DM Dupavillon,0,0,,,,,,bowled,JJ Carson
ball,2,0.1,Derbyshire,HRC Came,LM Reece,OE Robinson,0,0,,,,,,"",""
ball,2,0.2,Derbyshire,HRC Came,LM Reece,OE Robinson,0,0,,,,,,"",""
ball,2,0.3,Derbyshire,HRC Came,LM Reece,OE Robinson,0,0,,,,,,"",""
ball,2,0.4,Derbyshire,HRC Came,LM Reece,OE Robinson,0,0,,,,,,"",""
ball,2,0.5,Derbyshire,HRC Came,LM Reece,OE Robinson,0,0,,,,,,"",""
ball,2,0.6,Derbyshire,HRC Came,LM Reece,OE Robinson,0,0,,,,,,"",""
ball,2,1.1,Derbyshire,LM Reece,HRC Came,JD Unadkat,1,0,,,,,,"",""
ball,2,1.2,Derbyshire,HRC Came,LM Reece,JD Unadkat,0,0,,,,,,"",""
ball,2,1.3,Derbyshire,HRC Came,LM Reece,JD Unadkat,0,0,,,,,,caught,HRC Came
ball,2,1.4,Derbyshire,BD Guest,LM Reece,JD Unadkat,0,0,,,,,,"",""
ball,2,1.5,Derbyshire,BD Guest,LM Reece,JD Unadkat,0,0,,,,,,"",""
ball,2,1.6,Derbyshire,BD Guest,LM Reece,JD Unadkat,0,0,,,,,,"",""
ball,2,2.1,Derbyshire,LM Reece,BD Guest,OE Robinson,0,0,,,,,,"",""
ball,2,2.2,Derbyshire,LM Reece,BD Guest,OE Robinson,0,0,,,,,,"",""
ball,2,2.3,Derbyshire,LM Reece,BD Guest,OE Robinson,0,0,,,,,,"",""
ball,2,2.4,Derbyshire,LM Reece,BD Guest,OE Robinson,0,0,,,,,,"",""
ball,2,2.5,Derbyshire,LM Reece,BD Guest,OE Robinson,0,0,,,,,,"",""
ball,2,2.6,Derbyshire,LM Reece,BD Guest,OE Robinson,0,4,,,4,,,"",""
ball,2,3.1,Derbyshire,BD Guest,LM Reece,JD Unadkat,0,0,,,,,,caught,BD Guest
ball,2,3.2,Derbyshire,WL Madsen,LM Reece,JD Unadkat,0,0,,,,,,"",""
ball,2,3.3,Derbyshire,WL Madsen,LM Reece,JD Unadkat,0,0,,,,,,"",""
ball,2,3.4,Derbyshire,WL Madsen,LM Reece,JD Unadkat,0,0,,,,,,"",""
ball,2,3.5,Derbyshire,WL Madsen,LM Reece,JD Unadkat,0,0,,,,,,"",""
ball,2,3.6,Derbyshire,WL Madsen,LM Reece,JD Unadkat,0,0,,,,,,"",""
ball,2,4.1,Derbyshire,LM Reece,WL Madsen,OE Robinson,4,0,,,,,,"",""
ball,2,4.2,Derbyshire,LM Reece,WL Madsen,OE Robinson,2,0,,,,,,"",""
ball,2,4.3,Derbyshire,LM Reece,WL Madsen,OE Robinson,0,0,,,,,,"",""
ball,2,4.4,Derbyshire,LM Reece,WL Madsen,OE Robinson,0,0,,,,,,"",""
ball,2,4.5,Derbyshire,LM Reece,WL Madsen,OE Robinson,0,0,,,,,,"",""
ball,2,4.6,Derbyshire,LM Reece,WL Madsen,OE Robinson,0,0,,,,,,"",""
ball,2,5.1,Derbyshire,WL Madsen,LM Reece,JD Unadkat,4,0,,,,,,"",""
ball,2,5.2,Derbyshire,WL Madsen,LM Reece,JD Unadkat,4,0,,,,,,"",""
ball,2,5.3,Derbyshire,WL Madsen,LM Reece,JD Unadkat,0,0,,,,,,"",""
ball,2,5.4,Derbyshire,WL Madsen,LM Reece,JD Unadkat,0,0,,,,,,"",""
ball,2,5.5,Derbyshire,WL Madsen,LM Reece,JD Unadkat,0,0,,,,,,"",""
ball,2,5.6,Derbyshire,WL Madsen,LM Reece,JD Unadkat,0,0,,,,,,"",""
ball,2,6.1,Derbyshire,LM Reece,WL Madsen,FJ Hudson-Prentice,0,0,,,,,,"",""
ball,2,6.2,Derbyshire,LM Reece,WL Madsen,FJ Hudson-Prentice,0,0,,,,,,"",""
ball,2,6.3,Derbyshire,LM Reece,WL Madsen,FJ Hudson-Prentice,0,0,,,,,,"",""
ball,2,6.4,Derbyshire,LM Reece,WL Madsen,FJ Hudson-Prentice,0,0,,,,,,"",""
ball,2,6.5,Derbyshire,LM Reece,WL Madsen,FJ Hudson-Prentice,0,0,,,,,,lbw,LM Reece
ball,2,6.6,Derbyshire,DL Lloyd,WL Madsen,FJ Hudson-Prentice,4,0,,,,,,"",""
ball,2,7.1,Derbyshire,WL Madsen,DL Lloyd,JD Unadkat,0,1,,,1,,,"",""
ball,2,7.2,Derbyshire,DL Lloyd,WL Madsen,JD Unadkat,0,0,,,,,,"",""
ball,2,7.3,Derbyshire,DL Lloyd,WL Madsen,JD Unadkat,0,0,,,,,,caught,DL Lloyd
ball,2,7.4,Derbyshire,AHT Donald,WL Madsen,JD Unadkat,0,0,,,,,,"",""
ball,2,7.5,Derbyshire,AHT Donald,WL Madsen,JD Unadkat,2,0,,,,,,"",""
ball,2,7.6,Derbyshire,AHT Donald,WL Madsen,JD Unadkat,0,0,,,,,,"",""
ball,2,8.1,Derbyshire,WL Madsen,AHT Donald,FJ Hudson-Prentice,0,0,,,,,,"",""
ball,2,8.2,Derbyshire,WL Madsen,AHT Donald,FJ Hudson-Prentice,1,0,,,,,,"",""
ball,2,8.3,Derbyshire,AHT Donald,WL Madsen,FJ Hudson-Prentice,0,0,,,,,,"",""
ball,2,8.4,Derbyshire,AHT Donald,WL Madsen,FJ Hudson-Prentice,4,0,,,,,,"",""
ball,2,8.5,Derbyshire,AHT Donald,WL Madsen,FJ Hudson-Prentice,0,0,,,,,,"",""
ball,2,8.6,Derbyshire,AHT Donald,WL Madsen,FJ Hudson-Prentice,4,0,,,,,,"",""
ball,2,9.1,Derbyshire,WL Madsen,AHT Donald,JD Unadkat,0,0,,,,,,"",""
ball,2,9.2,Derbyshire,WL Madsen,AHT Donald,JD Unadkat,4,0,,,,,,"",""
ball,2,9.3,Derbyshire,WL Madsen,AHT Donald,JD Unadkat,0,0,,,,,,"",""
ball,2,9.4,Derbyshire,WL Madsen,AHT Donald,JD Unadkat,0,0,,,,,,"",""
ball,2,9.5,Derbyshire,WL Madsen,AHT Donald,JD Unadkat,0,0,,,,,,"",""
ball,2,9.6,Derbyshire,WL Madsen,AHT Donald,JD Unadkat,4,0,,,,,,"",""
ball,2,10.1,Derbyshire,AHT Donald,WL Madsen,FJ Hudson-Prentice,0,0,,,,,,"",""
ball,2,10.2,Derbyshire,AHT Donald,WL Madsen,FJ Hudson-Prentice,1,0,,,,,,"",""
ball,2,10.3,Derbyshire,WL Madsen,AHT Donald,FJ Hudson-Prentice,0,0,,,,,,"",""
ball,2,10.4,Derbyshire,WL Madsen,AHT Donald,FJ Hudson-Prentice,4,0,,,,,,"",""
ball,2,10.5,Derbyshire,WL Madsen,AHT Donald,FJ Hudson-Prentice,0,0,,,,,,"",""
ball,2,10.6,Derbyshire,WL Madsen,AHT Donald,FJ Hudson-Prentice,0,0,,,,,,"",""
ball,2,11.1,Derbyshire,AHT Donald,WL Madsen,OE Robinson,0,0,,,,,,"",""
ball,2,11.2,Derbyshire,AHT Donald,WL Madsen,OE Robinson,0,0,,,,,,"",""
ball,2,11.3,Derbyshire,AHT Donald,WL Madsen,OE Robinson,0,0,,,,,,"",""
ball,2,11.4,Derbyshire,AHT Donald,WL Madsen,OE Robinson,0,0,,,,,,"",""
ball,2,11.5,Derbyshire,AHT Donald,WL Madsen,OE Robinson,0,0,,,,,,"",""
ball,2,11.6,Derbyshire,AHT Donald,WL Madsen,OE Robinson,0,0,,,,,,"",""
ball,2,12.1,Derbyshire,WL Madsen,AHT Donald,FJ Hudson-Prentice,0,0,,,,,,"",""
ball,2,12.2,Derbyshire,WL Madsen,AHT Donald,FJ Hudson-Prentice,0,0,,,,,,"",""
ball,2,12.3,Derbyshire,WL Madsen,AHT Donald,FJ Hudson-Prentice,4,0,,,,,,"",""
ball,2,12.4,Derbyshire,WL Madsen,AHT Donald,FJ Hudson-Prentice,0,0,,,,,,"",""
ball,2,12.5,Derbyshire,WL Madsen,AHT Donald,FJ Hudson-Prentice,0,0,,,,,,"",""
ball,2,12.6,Derbyshire,WL Madsen,AHT Donald,FJ Hudson-Prentice,0,0,,,,,,"",""
ball,2,13.1,Derbyshire,AHT Donald,WL Madsen,OE Robinson,4,0,,,,,,"",""
ball,2,13.2,Derbyshire,AHT Donald,WL Madsen,OE Robinson,0,0,,,,,,"",""
ball,2,13.3,Derbyshire,AHT Donald,WL Madsen,OE Robinson,2,0,,,,,,"",""
ball,2,13.4,Derbyshire,AHT Donald,WL Madsen,OE Robinson,0,0,,,,,,"",""
ball,2,13.5,Derbyshire,AHT Donald,WL Madsen,OE Robinson,1,0,,,,,,"",""
ball,2,13.6,Derbyshire,WL Madsen,AHT Donald,OE Robinson,0,0,,,,,,"",""
ball,2,14.1,Derbyshire,AHT Donald,WL Madsen,FJ Hudson-Prentice,0,0,,,,,,"",""
ball,2,14.2,Derbyshire,AHT Donald,WL Madsen,FJ Hudson-Prentice,0,0,,,,,,"",""
ball,2,14.3,Derbyshire,AHT Donald,WL Madsen,FJ Hudson-Prentice,0,0,,,,,,"",""
ball,2,14.4,Derbyshire,AHT Donald,WL Madsen,FJ Hudson-Prentice,0,0,,,,,,"",""
ball,2,14.5,Derbyshire,AHT Donald,WL Madsen,FJ Hudson-Prentice,0,0,,,,,,"",""
ball,2,14.6,Derbyshire,AHT Donald,WL Madsen,FJ Hudson-Prentice,0,0,,,,,,"",""
ball,2,15.1,Derbyshire,WL Madsen,AHT Donald,OE Robinson,0,0,,,,,,"",""
ball,2,15.2,Derbyshire,WL Madsen,AHT Donald,OE Robinson,0,0,,,,,,"",""
ball,2,15.3,Derbyshire,WL Madsen,AHT Donald,OE Robinson,1,0,,,,,,"",""
ball,2,15.4,Derbyshire,AHT Donald,WL Madsen,OE Robinson,1,0,,,,,,"",""
ball,2,15.5,Derbyshire,WL Madsen,AHT Donald,OE Robinson,0,0,,,,,,"",""
ball,2,15.6,Derbyshire,WL Madsen,AHT Donald,OE Robinson,0,0,,,,,,"",""
ball,2,16.1,Derbyshire,AHT Donald,WL Madsen,FJ Hudson-Prentice,1,0,,,,,,"",""
ball,2,16.2,Derbyshire,WL Madsen,AHT Donald,FJ Hudson-Prentice,0,0,,,,,,"",""
ball,2,16.3,Derbyshire,WL Madsen,AHT Donald,FJ Hudson-Prentice,0,0,,,,,,"",""
ball,2,16.4,Derbyshire,WL Madsen,AHT Donald,FJ Hudson-Prentice,0,0,,,,,,"",""
ball,2,16.5,Derbyshire,WL Madsen,AHT Donald,FJ Hudson-Prentice,0,0,,,,,,"",""
ball,2,16.6,Derbyshire,WL Madsen,AHT Donald,FJ Hudson-Prentice,0,0,,,,,,"",""
ball,2,17.1,Derbyshire,AHT Donald,WL Madsen,HT Crocombe,4,0,,,,,,"",""
ball,2,17.2,Derbyshire,AHT Donald,WL Madsen,HT Crocombe,1,0,,,,,,"",""
ball,2,17.3,Derbyshire,WL Madsen,AHT Donald,HT Crocombe,0,0,,,,,,"",""
ball,2,17.4,Derbyshire,WL Madsen,AHT Donald,HT Crocombe,0,0,,,,,,"",""
ball,2,17.5,Derbyshire,WL Madsen,AHT Donald,HT Crocombe,4,0,,,,,,"",""
ball,2,17.6,Derbyshire,WL Madsen,AHT Donald,HT Crocombe,0,0,,,,,,"",""
ball,2,18.1,Derbyshire,AHT Donald,WL Madsen,JJ Carson,0,0,,,,,,"",""
ball,2,18.2,Derbyshire,AHT Donald,WL Madsen,JJ Carson,0,0,,,,,,"",""
ball,2,18.3,Derbyshire,AHT Donald,WL Madsen,JJ Carson,1,0,,,,,,"",""
ball,2,18.4,Derbyshire,WL Madsen,AHT Donald,JJ Carson,1,0,,,,,,"",""
ball,2,18.5,Derbyshire,AHT Donald,WL Madsen,JJ Carson,0,0,,,,,,bowled,AHT Donald
ball,2,18.6,Derbyshire,Anuj Dal,WL Madsen,JJ Carson,0,0,,,,,,"",""
ball,2,19.1,Derbyshire,WL Madsen,Anuj Dal,HT Crocombe,0,0,,,,,,"",""
ball,2,19.2,Derbyshire,WL Madsen,Anuj Dal,HT Crocombe,0,0,,,,,,"",""
ball,2,19.3,Derbyshire,WL Madsen,Anuj Dal,HT Crocombe,0,0,,,,,,"",""
ball,2,19.4,Derbyshire,WL Madsen,Anuj Dal,HT Crocombe,0,0,,,,,,"",""
ball,2,19.5,Derbyshire,WL Madsen,Anuj Dal,HT Crocombe,1,0,,,,,,"",""
ball,2,19.6,Derbyshire,Anuj Dal,WL Madsen,HT Crocombe,2,0,,,,,,"",""
ball,2,20.1,Derbyshire,WL Madsen,Anuj Dal,JJ Carson,6,0,,,,,,"",""
ball,2,20.2,Derbyshire,WL Madsen,Anuj Dal,JJ Carson,0,0,,,,,,"",""
ball,2,20.3,Derbyshire,WL Madsen,Anuj Dal,JJ Carson,1,0,,,,,,"",""
ball,2,20.4,Derbyshire,Anuj Dal,WL Madsen,JJ Carson,1,0,,,,,,"",""
ball,2,20.5,Derbyshire,WL Madsen,Anuj Dal,JJ Carson,1,0,,,,,,"",""
ball,2,20.6,Derbyshire,Anuj Dal,WL Madsen,JJ Carson,1,0,,,,,,"",""
ball,2,21.1,Derbyshire,Anuj Dal,WL Madsen,HT Crocombe,0,0,,,,,,"",""
ball,2,21.2,Derbyshire,Anuj Dal,WL Madsen,HT Crocombe,0,0,,,,,,"",""
ball,2,21.3,Derbyshire,Anuj Dal,WL Madsen,HT Crocombe,0,0,,,,,,"",""
ball,2,21.4,Derbyshire,Anuj Dal,WL Madsen,HT Crocombe,2,0,,,,,,"",""
ball,2,21.5,Derbyshire,Anuj Dal,WL Madsen,HT Crocombe,1,0,,,,,,"",""
ball,2,21.6,Derbyshire,WL Madsen,Anuj Dal,HT Crocombe,0,0,,,,,,"",""
ball,2,22.1,Derbyshire,Anuj Dal,WL Madsen,JJ Carson,0,0,,,,,,"",""
ball,2,22.2,Derbyshire,Anuj Dal,WL Madsen,JJ Carson,0,0,,,,,,"",""
ball,2,22.3,Derbyshire,Anuj Dal,WL Madsen,JJ Carson,0,0,,,,,,"",""
ball,2,22.4,Derbyshire,Anuj Dal,WL Madsen,JJ Carson,0,0,,,,,,"",""
ball,2,22.5,Derbyshire,Anuj Dal,WL Madsen,JJ Carson,0,0,,,,,,"",""
ball,2,22.6,Derbyshire,Anuj Dal,WL Madsen,JJ Carson,0,0,,,,,,"",""
ball,2,23.1,Derbyshire,WL Madsen,Anuj Dal,HT Crocombe,0,0,,,,,,"",""
ball,2,23.2,Derbyshire,WL Madsen,Anuj Dal,HT Crocombe,0,0,,,,,,"",""
ball,2,23.3,Derbyshire,WL Madsen,Anuj Dal,HT Crocombe,0,0,,,,,,"",""
ball,2,23.4,Derbyshire,WL Madsen,Anuj Dal,HT Crocombe,1,0,,,,,,"",""
ball,2,23.5,Derbyshire,Anuj Dal,WL Madsen,HT Crocombe,0,0,,,,,,"",""
ball,2,23.6,Derbyshire,Anuj Dal,WL Madsen,HT Crocombe,1,0,,,,,,"",""
ball,2,24.1,Derbyshire,Anuj Dal,WL Madsen,JJ Carson,0,0,,,,,,"",""
ball,2,24.2,Derbyshire,Anuj Dal,WL Madsen,JJ Carson,0,0,,,,,,"",""
ball,2,24.3,Derbyshire,Anuj Dal,WL Madsen,JJ Carson,0,0,,,,,,"",""
ball,2,24.4,Derbyshire,Anuj Dal,WL Madsen,JJ Carson,0,0,,,,,,"",""
ball,2,24.5,Derbyshire,Anuj Dal,WL Madsen,JJ Carson,0,0,,,,,,"",""
ball,2,24.6,Derbyshire,Anuj Dal,WL Madsen,JJ Carson,1,0,,,,,,"",""
ball,2,25.1,Derbyshire,Anuj Dal,WL Madsen,HT Crocombe,0,0,,,,,,"",""
ball,2,25.2,Derbyshire,Anuj Dal,WL Madsen,HT Crocombe,0,0,,,,,,"",""
ball,2,25.3,Derbyshire,Anuj Dal,WL Madsen,HT Crocombe,0,0,,,,,,"",""
ball,2,25.4,Derbyshire,Anuj Dal,WL Madsen,HT Crocombe,2,0,,,,,,"",""
ball,2,25.5,Derbyshire,Anuj Dal,WL Madsen,HT Crocombe,0,4,,,,4,,"",""
ball,2,25.6,Derbyshire,Anuj Dal,WL Madsen,HT Crocombe,0,1,,,,1,,"",""
ball,2,26.1,Derbyshire,Anuj Dal,WL Madsen,JJ Carson,0,0,,,,,,"",""
ball,2,26.2,Derbyshire,Anuj Dal,WL Madsen,JJ Carson,0,0,,,,,,"",""
ball,2,26.3,Derbyshire,Anuj Dal,WL Madsen,JJ Carson,1,0,,,,,,"",""
ball,2,26.4,Derbyshire,WL Madsen,Anuj Dal,JJ Carson,1,0,,,,,,"",""
ball,2,26.5,Derbyshire,Anuj Dal,WL Madsen,JJ Carson,1,0,,,,,,"",""
ball,2,26.6,Derbyshire,WL Madsen,Anuj Dal,JJ Carson,0,0,,,,,,"",""
ball,2,27.1,Derbyshire,Anuj Dal,WL Madsen,HT Crocombe,0,0,,,,,,"",""
ball,2,27.2,Derbyshire,Anuj Dal,WL Madsen,HT Crocombe,0,0,,,,,,"",""
ball,2,27.3,Derbyshire,Anuj Dal,WL Madsen,HT Crocombe,4,0,,,,,,"",""
ball,2,27.4,Derbyshire,Anuj Dal,WL Madsen,HT Crocombe,0,0,,,,,,"",""
ball,2,27.5,Derbyshire,Anuj Dal,WL Madsen,HT Crocombe,1,0,,,,,,"",""
ball,2,27.6,Derbyshire,WL Madsen,Anuj Dal,HT Crocombe,0,0,,,,,,"",""
ball,2,28.1,Derbyshire,Anuj Dal,WL Madsen,JJ Carson,1,0,,,,,,"",""
ball,2,28.2,Derbyshire,WL Madsen,Anuj Dal,JJ Carson,1,0,,,,,,"",""
ball,2,28.3,Derbyshire,Anuj Dal,WL Madsen,JJ Carson,0,0,,,,,,"",""
ball,2,28.4,Derbyshire,Anuj Dal,WL Madsen,JJ Carson,0,0,,,,,,"",""
ball,2,28.5,Derbyshire,Anuj Dal,WL Madsen,JJ Carson,0,0,,,,,,"",""
ball,2,28.6,Derbyshire,Anuj Dal,WL Madsen,JJ Carson,0,0,,,,,,"",""
ball,2,29.1,Derbyshire,WL Madsen,Anuj Dal,JD Unadkat,0,0,,,,,,"",""
ball,2,29.2,Derbyshire,WL Madsen,Anuj Dal,JD Unadkat,0,0,,,,,,"",""
ball,2,29.3,Derbyshire,WL Madsen,Anuj Dal,JD Unadkat,1,0,,,,,,"",""
ball,2,29.4,Derbyshire,Anuj Dal,WL Madsen,JD Unadkat,0,0,,,,,,"",""
ball,2,29.5,Derbyshire,Anuj Dal,WL Madsen,JD Unadkat,2,0,,,,,,"",""
ball,2,29.6,Derbyshire,Anuj Dal,WL Madsen,JD Unadkat,0,0,,,,,,"",""
ball,2,30.1,Derbyshire,WL Madsen,Anuj Dal,JJ Carson,1,0,,,,,,"",""
ball,2,30.2,Derbyshire,Anuj Dal,WL Madsen,JJ Carson,0,0,,,,,,"",""
ball,2,30.3,Derbyshire,Anuj Dal,WL Madsen,JJ Carson,0,0,,,,,,"",""
ball,2,30.4,Derbyshire,Anuj Dal,WL Madsen,JJ Carson,1,0,,,,,,"",""
ball,2,30.5,Derbyshire,WL Madsen,Anuj Dal,JJ Carson,1,0,,,,,,"",""
ball,2,30.6,Derbyshire,Anuj Dal,WL Madsen,JJ Carson,0,0,,,,,,"",""
ball,2,31.1,Derbyshire,WL Madsen,Anuj Dal,JD Unadkat,0,0,,,,,,"",""
ball,2,31.2,Derbyshire,WL Madsen,Anuj Dal,JD Unadkat,0,0,,,,,,"",""
ball,2,31.3,Derbyshire,WL Madsen,Anuj Dal,JD Unadkat,1,0,,,,,,"",""
ball,2,31.4,Derbyshire,Anuj Dal,WL Madsen,JD Unadkat,0,0,,,,,,"",""
ball,2,31.5,Derbyshire,Anuj Dal,WL Madsen,JD Unadkat,0,0,,,,,,"",""
ball,2,31.6,Derbyshire,Anuj Dal,WL Madsen,JD Unadkat,0,0,,,,,,"",""
ball,2,32.1,Derbyshire,WL Madsen,Anuj Dal,OE Robinson,1,0,,,,,,"",""
ball,2,32.2,Derbyshire,Anuj Dal,WL Madsen,OE Robinson,0,0,,,,,,"",""
ball,2,32.3,Derbyshire,Anuj Dal,WL Madsen,OE Robinson,0,0,,,,,,"",""
ball,2,32.4,Derbyshire,Anuj Dal,WL Madsen,OE Robinson,1,0,,,,,,"",""
ball,2,32.5,Derbyshire,WL Madsen,Anuj Dal,OE Robinson,0,0,,,,,,"",""
ball,2,32.6,Derbyshire,WL Madsen,Anuj Dal,OE Robinson,0,0,,,,,,"",""
ball,2,33.1,Derbyshire,Anuj Dal,WL Madsen,JD Unadkat,0,0,,,,,,"",""
ball,2,33.2,Derbyshire,Anuj Dal,WL Madsen,JD Unadkat,0,0,,,,,,"",""
ball,2,33.3,Derbyshire,Anuj Dal,WL Madsen,JD Unadkat,0,0,,,,,,"",""
ball,2,33.4,Derbyshire,Anuj Dal,WL Madsen,JD Unadkat,0,0,,,,,,"",""
ball,2,33.5,Derbyshire,Anuj Dal,WL Madsen,JD Unadkat,0,0,,,,,,"",""
ball,2,33.6,Derbyshire,Anuj Dal,WL Madsen,JD Unadkat,0,0,,,,,,"",""
ball,2,34.1,Derbyshire,WL Madsen,Anuj Dal,OE Robinson,0,0,,,,,,"",""
ball,2,34.2,Derbyshire,WL Madsen,Anuj Dal,OE Robinson,0,0,,,,,,"",""
ball,2,34.3,Derbyshire,WL Madsen,Anuj Dal,OE Robinson,0,0,,,,,,"",""
ball,2,34.4,Derbyshire,WL Madsen,Anuj Dal,OE Robinson,0,2,,2,,,,"",""
ball,2,34.5,Derbyshire,WL Madsen,Anuj Dal,OE Robinson,0,0,,,,,,"",""
ball,2,34.6,Derbyshire,WL Madsen,Anuj Dal,OE Robinson,0,0,,,,,,"",""
ball,2,34.7,Derbyshire,WL Madsen,Anuj Dal,OE Robinson,4,0,,,,,,"",""
ball,2,35.1,Derbyshire,Anuj Dal,WL Madsen,JD Unadkat,0,0,,,,,,"",""
ball,2,35.2,Derbyshire,Anuj Dal,WL Madsen,JD Unadkat,0,0,,,,,,"",""
ball,2,35.3,Derbyshire,Anuj Dal,WL Madsen,JD Unadkat,0,0,,,,,,"",""
ball,2,35.4,Derbyshire,Anuj Dal,WL Madsen,JD Unadkat,3,0,,,,,,"",""
ball,2,35.5,Derbyshire,WL Madsen,Anuj Dal,JD Unadkat,1,0,,,,,,"",""
ball,2,35.6,Derbyshire,Anuj Dal,WL Madsen,JD Unadkat,4,0,,,,,,"",""
ball,2,36.1,Derbyshire,WL Madsen,Anuj Dal,FJ Hudson-Prentice,4,0,,,,,,"",""
ball,2,36.2,Derbyshire,WL Madsen,Anuj Dal,FJ Hudson-Prentice,0,0,,,,,,"",""
ball,2,36.3,Derbyshire,WL Madsen,Anuj Dal,FJ Hudson-Prentice,0,0,,,,,,"",""
ball,2,36.4,Derbyshire,WL Madsen,Anuj Dal,FJ Hudson-Prentice,4,0,,,,,,"",""
ball,2,36.5,Derbyshire,WL Madsen,Anuj Dal,FJ Hudson-Prentice,0,0,,,,,,"",""
ball,2,36.6,Derbyshire,WL Madsen,Anuj Dal,FJ Hudson-Prentice,0,0,,,,,,"",""
ball,2,37.1,Derbyshire,Anuj Dal,WL Madsen,JM Coles,4,0,,,,,,"",""
ball,2,37.2,Derbyshire,Anuj Dal,WL Madsen,JM Coles,0,0,,,,,,"",""
ball,2,37.3,Derbyshire,Anuj Dal,WL Madsen,JM Coles,0,0,,,,,,"",""
ball,2,37.4,Derbyshire,Anuj Dal,WL Madsen,JM Coles,1,0,,,,,,"",""
ball,2,37.5,Derbyshire,WL Madsen,Anuj Dal,JM Coles,0,0,,,,,,"",""
ball,2,37.6,Derbyshire,WL Madsen,Anuj Dal,JM Coles,0,0,,,,,,"",""
ball,2,38.1,Derbyshire,Anuj Dal,WL Madsen,FJ Hudson-Prentice,0,0,,,,,,"",""
ball,2,38.2,Derbyshire,Anuj Dal,WL Madsen,FJ Hudson-Prentice,0,0,,,,,,"",""
ball,2,38.3,Derbyshire,Anuj Dal,WL Madsen,FJ Hudson-Prentice,0,0,,,,,,"",""
ball,2,38.4,Derbyshire,Anuj Dal,WL Madsen,FJ Hudson-Prentice,0,0,,,,,,"",""
ball,2,38.5,Derbyshire,Anuj Dal,WL Madsen,FJ Hudson-Prentice,0,0,,,,,,"",""
ball,2,38.6,Derbyshire,Anuj Dal,WL Madsen,FJ Hudson-Prentice,0,0,,,,,,"",""
ball,2,39.1,Derbyshire,WL Madsen,Anuj Dal,JM Coles,1,0,,,,,,"",""
ball,2,39.2,Derbyshire,Anuj Dal,WL Madsen,JM Coles,1,0,,,,,,"",""
ball,2,39.3,Derbyshire,WL Madsen,Anuj Dal,JM Coles,0,0,,,,,,"",""
ball,2,39.4,Derbyshire,WL Madsen,Anuj Dal,JM Coles,0,0,,,,,,"",""
ball,2,39.5,Derbyshire,WL Madsen,Anuj Dal,JM Coles,0,0,,,,,,"",""
ball,2,39.6,Derbyshire,WL Madsen,Anuj Dal,JM Coles,0,0,,,,,,"",""
ball,2,40.1,Derbyshire,Anuj Dal,WL Madsen,FJ Hudson-Prentice,4,0,,,,,,"",""
ball,2,40.2,Derbyshire,Anuj Dal,WL Madsen,FJ Hudson-Prentice,0,0,,,,,,"",""
ball,2,40.3,Derbyshire,Anuj Dal,WL Madsen,FJ Hudson-Prentice,0,0,,,,,,"",""
ball,2,40.4,Derbyshire,Anuj Dal,WL Madsen,FJ Hudson-Prentice,1,0,,,,,,"",""
ball,2,40.5,Derbyshire,WL Madsen,Anuj Dal,FJ Hudson-Prentice,0,0,,,,,,"",""
ball,2,40.6,Derbyshire,WL Madsen,Anuj Dal,FJ Hudson-Prentice,0,0,,,,,,"",""
ball,2,41.1,Derbyshire,Anuj Dal,WL Madsen,JM Coles,0,0,,,,,,"",""
ball,2,41.2,Derbyshire,Anuj Dal,WL Madsen,JM Coles,2,0,,,,,,"",""
ball,2,41.3,Derbyshire,Anuj Dal,WL Madsen,JM Coles,1,0,,,,,,"",""
ball,2,41.4,Derbyshire,WL Madsen,Anuj Dal,JM Coles,1,0,,,,,,"",""
ball,2,41.5,Derbyshire,Anuj Dal,WL Madsen,JM Coles,0,0,,,,,,"",""
ball,2,41.6,Derbyshire,Anuj Dal,WL Madsen,JM Coles,1,0,,,,,,"",""
ball,2,42.1,Derbyshire,Anuj Dal,WL Madsen,JJ Carson,0,0,,,,,,"",""
ball,2,42.2,Derbyshire,Anuj Dal,WL Madsen,JJ Carson,0,0,,,,,,"",""
ball,2,42.3,Derbyshire,Anuj Dal,WL Madsen,JJ Carson,0,0,,,,,,"",""
ball,2,42.4,Derbyshire,Anuj Dal,WL Madsen,JJ Carson,0,0,,,,,,"",""
ball,2,42.5,Derbyshire,Anuj Dal,WL Madsen,JJ Carson,0,0,,,,,,caught,Anuj Dal
ball,2,42.6,Derbyshire,ZJ Chappell,WL Madsen,JJ Carson,0,0,,,,,,"",""
ball,2,43.1,Derbyshire,WL Madsen,ZJ Chappell,JM Coles,0,0,,,,,,"",""
ball,2,43.2,Derbyshire,WL Madsen,ZJ Chappell,JM Coles,1,0,,,,,,"",""
ball,2,43.3,Derbyshire,ZJ Chappell,WL Madsen,JM Coles,1,0,,,,,,"",""
ball,2,43.4,Derbyshire,WL Madsen,ZJ Chappell,JM Coles,0,0,,,,,,"",""
ball,2,43.5,Derbyshire,WL Madsen,ZJ Chappell,JM Coles,0,0,,,,,,"",""
ball,2,43.6,Derbyshire,WL Madsen,ZJ Chappell,JM Coles,0,0,,,,,,"",""
ball,2,44.1,Derbyshire,ZJ Chappell,WL Madsen,JJ Carson,1,0,,,,,,"",""
ball,2,44.2,Derbyshire,WL Madsen,ZJ Chappell,JJ Carson,0,0,,,,,,"",""
ball,2,44.3,Derbyshire,WL Madsen,ZJ Chappell,JJ Carson,0,0,,,,,,"",""
ball,2,44.4,Derbyshire,WL Madsen,ZJ Chappell,JJ Carson,0,0,,,,,,"",""
ball,2,44.5,Derbyshire,WL Madsen,ZJ Chappell,JJ Carson,0,0,,,,,,"",""
ball,2,44.6,Derbyshire,WL Madsen,ZJ Chappell,JJ Carson,1,0,,,,,,"",""
ball,2,45.1,Derbyshire,WL Madsen,ZJ Chappell,JM Coles,0,0,,,,,,"",""
ball,2,45.2,Derbyshire,WL Madsen,ZJ Chappell,JM Coles,1,0,,,,,,"",""
ball,2,45.3,Derbyshire,ZJ Chappell,WL Madsen,JM Coles,0,0,,,,,,"",""
ball,2,45.4,Derbyshire,ZJ Chappell,WL Madsen,JM Coles,0,0,,,,,,"",""
ball,2,45.5,Derbyshire,ZJ Chappell,WL Madsen,JM Coles,1,0,,,,,,"",""
ball,2,45.6,Derbyshire,WL Madsen,ZJ Chappell,JM Coles,0,0,,,,,,"",""
ball,2,46.1,Derbyshire,ZJ Chappell,WL Madsen,JJ Carson,0,0,,,,,,"",""
ball,2,46.2,Derbyshire,ZJ Chappell,WL Madsen,JJ Carson,0,0,,,,,,"",""
ball,2,46.3,Derbyshire,ZJ Chappell,WL Madsen,JJ Carson,0,0,,,,,,"",""
ball,2,46.4,Derbyshire,ZJ Chappell,WL Madsen,JJ Carson,0,0,,,,,,"",""
ball,2,46.5,Derbyshire,ZJ Chappell,WL Madsen,JJ Carson,0,0,,,,,,"",""
ball,2,46.6,Derbyshire,ZJ Chappell,WL Madsen,JJ Carson,0,0,,,,,,"",""
ball,2,47.1,Derbyshire,WL Madsen,ZJ Chappell,JM Coles,0,0,,,,,,"",""
ball,2,47.2,Derbyshire,WL Madsen,ZJ Chappell,JM Coles,1,0,,,,,,"",""
ball,2,47.3,Derbyshire,ZJ Chappell,WL Madsen,JM Coles,0,0,,,,,,"",""
ball,2,47.4,Derbyshire,ZJ Chappell,WL Madsen,JM Coles,0,0,,,,,,"",""
ball,2,47.5,Derbyshire,ZJ Chappell,WL Madsen,JM Coles,0,0,,,,,,"",""
ball,2,47.6,Derbyshire,ZJ Chappell,WL Madsen,JM Coles,1,0,,,,,,"",""
ball,2,48.1,Derbyshire,ZJ Chappell,WL Madsen,JJ Carson,1,0,,,,,,"",""
ball,2,48.2,Derbyshire,WL Madsen,ZJ Chappell,JJ Carson,4,0,,,,,,"",""
ball,2,48.3,Derbyshire,WL Madsen,ZJ Chappell,JJ Carson,4,0,,,,,,"",""
ball,2,48.4,Derbyshire,WL Madsen,ZJ Chappell,JJ Carson,0,0,,,,,,"",""
ball,2,48.5,Derbyshire,WL Madsen,ZJ Chappell,JJ Carson,4,0,,,,,,"",""
ball,2,48.6,Derbyshire,WL Madsen,ZJ Chappell,JJ Carson,0,0,,,,,,"",""
ball,2,49.1,Derbyshire,ZJ Chappell,WL Madsen,JD Unadkat,0,0,,,,,,"",""
ball,2,49.2,Derbyshire,ZJ Chappell,WL Madsen,JD Unadkat,0,0,,,,,,"",""
ball,2,49.3,Derbyshire,ZJ Chappell,WL Madsen,JD Unadkat,0,0,,,,,,"",""
ball,2,49.4,Derbyshire,ZJ Chappell,WL Madsen,JD Unadkat,0,0,,,,,,"",""
ball,2,49.5,Derbyshire,ZJ Chappell,WL Madsen,JD Unadkat,0,0,,,,,,"",""
ball,2,49.6,Derbyshire,ZJ Chappell,WL Madsen,JD Unadkat,0,0,,,,,,"",""
ball,2,50.1,Derbyshire,WL Madsen,ZJ Chappell,FJ Hudson-Prentice,0,0,,,,,,"",""
ball,2,50.2,Derbyshire,WL Madsen,ZJ Chappell,FJ Hudson-Prentice,0,0,,,,,,"",""
ball,2,50.3,Derbyshire,WL Madsen,ZJ Chappell,FJ Hudson-Prentice,0,0,,,,,,"",""
ball,2,50.4,Derbyshire,WL Madsen,ZJ Chappell,FJ Hudson-Prentice,0,0,,,,,,"",""
ball,2,50.5,Derbyshire,WL Madsen,ZJ Chappell,FJ Hudson-Prentice,0,0,,,,,,"",""
ball,2,50.6,Derbyshire,WL Madsen,ZJ Chappell,FJ Hudson-Prentice,1,0,,,,,,"",""
ball,2,51.1,Derbyshire,WL Madsen,ZJ Chappell,JD Unadkat,0,0,,,,,,"",""
ball,2,51.2,Derbyshire,WL Madsen,ZJ Chappell,JD Unadkat,0,0,,,,,,"",""
ball,2,51.3,Derbyshire,WL Madsen,ZJ Chappell,JD Unadkat,0,0,,,,,,"",""
ball,2,51.4,Derbyshire,WL Madsen,ZJ Chappell,JD Unadkat,0,0,,,,,,"",""
ball,2,51.5,Derbyshire,WL Madsen,ZJ Chappell,JD Unadkat,0,0,,,,,,"",""
ball,2,51.6,Derbyshire,WL Madsen,ZJ Chappell,JD Unadkat,0,0,,,,,,"",""
ball,2,52.1,Derbyshire,ZJ Chappell,WL Madsen,FJ Hudson-Prentice,0,0,,,,,,"",""
ball,2,52.2,Derbyshire,ZJ Chappell,WL Madsen,FJ Hudson-Prentice,1,0,,,,,,"",""
ball,2,52.3,Derbyshire,WL Madsen,ZJ Chappell,FJ Hudson-Prentice,2,0,,,,,,"",""
ball,2,52.4,Derbyshire,WL Madsen,ZJ Chappell,FJ Hudson-Prentice,0,0,,,,,,"",""
ball,2,52.5,Derbyshire,WL Madsen,ZJ Chappell,FJ Hudson-Prentice,1,0,,,,,,"",""
ball,2,52.6,Derbyshire,ZJ Chappell,WL Madsen,FJ Hudson-Prentice,0,0,,,,,,"",""
ball,2,53.1,Derbyshire,WL Madsen,ZJ Chappell,JD Unadkat,0,0,,,,,,"",""
ball,2,53.2,Derbyshire,WL Madsen,ZJ Chappell,JD Unadkat,0,0,,,,,,"",""
ball,2,53.3,Derbyshire,WL Madsen,ZJ Chappell,JD Unadkat,0,0,,,,,,"",""
ball,2,53.4,Derbyshire,WL Madsen,ZJ Chappell,JD Unadkat,0,0,,,,,,"",""
ball,2,53.5,Derbyshire,WL Madsen,ZJ Chappell,JD Unadkat,0,0,,,,,,"",""
ball,2,53.6,Derbyshire,WL Madsen,ZJ Chappell,JD Unadkat,0,0,,,,,,"",""
ball,2,54.1,Derbyshire,ZJ Chappell,WL Madsen,FJ Hudson-Prentice,0,0,,,,,,"",""
ball,2,54.2,Derbyshire,ZJ Chappell,WL Madsen,FJ Hudson-Prentice,0,0,,,,,,"",""
ball,2,54.3,Derbyshire,ZJ Chappell,WL Madsen,FJ Hudson-Prentice,0,0,,,,,,"",""
ball,2,54.4,Derbyshire,ZJ Chappell,WL Madsen,FJ Hudson-Prentice,0,0,,,,,,"",""
ball,2,54.5,Derbyshire,ZJ Chappell,WL Madsen,FJ Hudson-Prentice,1,0,,,,,,"",""
ball,2,54.6,Derbyshire,WL Madsen,ZJ Chappell,FJ Hudson-Prentice,0,0,,,,,,"",""
ball,2,55.1,Derbyshire,ZJ Chappell,WL Madsen,JD Unadkat,0,0,,,,,,"",""
ball,2,55.2,Derbyshire,ZJ Chappell,WL Madsen,JD Unadkat,4,0,,,,,,"",""
ball,2,55.3,Derbyshire,ZJ Chappell,WL Madsen,JD Unadkat,0,0,,,,,,"",""
ball,2,55.4,Derbyshire,ZJ Chappell,WL Madsen,JD Unadkat,0,0,,,,,,"",""
ball,2,55.5,Derbyshire,ZJ Chappell,WL Madsen,JD Unadkat,1,0,,,,,,"",""
ball,2,55.6,Derbyshire,WL Madsen,ZJ Chappell,JD Unadkat,0,0,,,,,,"",""
ball,2,56.1,Derbyshire,ZJ Chappell,WL Madsen,FJ Hudson-Prentice,0,0,,,,,,"",""
ball,2,56.2,Derbyshire,ZJ Chappell,WL Madsen,FJ Hudson-Prentice,0,0,,,,,,"",""
ball,2,56.3,Derbyshire,ZJ Chappell,WL Madsen,FJ Hudson-Prentice,0,0,,,,,,"",""
ball,2,56.4,Derbyshire,ZJ Chappell,WL Madsen,FJ Hudson-Prentice,0,0,,,,,,"",""
ball,2,56.5,Derbyshire,ZJ Chappell,WL Madsen,FJ Hudson-Prentice,0,0,,,,,,"",""
ball,2,56.6,Derbyshire,ZJ Chappell,WL Madsen,FJ Hudson-Prentice,0,0,,,,,,"",""
ball,2,57.1,Derbyshire,WL Madsen,ZJ Chappell,JD Unadkat,2,0,,,,,,"",""
ball,2,57.2,Derbyshire,WL Madsen,ZJ Chappell,JD Unadkat,0,0,,,,,,"",""
ball,2,57.3,Derbyshire,WL Madsen,ZJ Chappell,JD Unadkat,4,0,,,,,,"",""
ball,2,57.4,Derbyshire,WL Madsen,ZJ Chappell,JD Unadkat,0,0,,,,,,"",""
ball,2,57.5,Derbyshire,WL Madsen,ZJ Chappell,JD Unadkat,0,0,,,,,,"",""
ball,2,57.6,Derbyshire,WL Madsen,ZJ Chappell,JD Unadkat,0,0,,,,,,"",""
ball,2,58.1,Derbyshire,ZJ Chappell,WL Madsen,JJ Carson,0,0,,,,,,"",""
ball,2,58.2,Derbyshire,ZJ Chappell,WL Madsen,JJ Carson,0,0,,,,,,"",""
ball,2,58.3,Derbyshire,ZJ Chappell,WL Madsen,JJ Carson,0,0,,,,,,"",""
ball,2,58.4,Derbyshire,ZJ Chappell,WL Madsen,JJ Carson,1,0,,,,,,"",""
ball,2,58.5,Derbyshire,WL Madsen,ZJ Chappell,JJ Carson,1,0,,,,,,"",""
ball,2,58.6,Derbyshire,ZJ Chappell,WL Madsen,JJ Carson,0,0,,,,,,"",""
ball,2,59.1,Derbyshire,WL Madsen,ZJ Chappell,HT Crocombe,1,0,,,,,,"",""
ball,2,59.2,Derbyshire,ZJ Chappell,WL Madsen,HT Crocombe,4,0,,,,,,"",""
ball,2,59.3,Derbyshire,ZJ Chappell,WL Madsen,HT Crocombe,0,0,,,,,,"",""
ball,2,59.4,Derbyshire,ZJ Chappell,WL Madsen,HT Crocombe,0,0,,,,,,"",""
ball,2,59.5,Derbyshire,ZJ Chappell,WL Madsen,HT Crocombe,4,0,,,,,,"",""
ball,2,59.6,Derbyshire,ZJ Chappell,WL Madsen,HT Crocombe,0,0,,,,,,"",""
ball,2,60.1,Derbyshire,WL Madsen,ZJ Chappell,JJ Carson,0,0,,,,,,"",""
ball,2,60.2,Derbyshire,WL Madsen,ZJ Chappell,JJ Carson,0,0,,,,,,"",""
ball,2,60.3,Derbyshire,WL Madsen,ZJ Chappell,JJ Carson,1,0,,,,,,"",""
ball,2,60.4,Derbyshire,ZJ Chappell,WL Madsen,JJ Carson,0,0,,,,,,"",""
ball,2,60.5,Derbyshire,ZJ Chappell,WL Madsen,JJ Carson,4,0,,,,,,"",""
ball,2,60.6,Derbyshire,ZJ Chappell,WL Madsen,JJ Carson,0,0,,,,,,"",""
ball,2,61.1,Derbyshire,WL Madsen,ZJ Chappell,HT Crocombe,0,0,,,,,,"",""
ball,2,61.2,Derbyshire,WL Madsen,ZJ Chappell,HT Crocombe,0,0,,,,,,"",""
ball,2,61.3,Derbyshire,WL Madsen,ZJ Chappell,HT Crocombe,0,0,,,,,,"",""
ball,2,61.4,Derbyshire,WL Madsen,ZJ Chappell,HT Crocombe,0,0,,,,,,"",""
ball,2,61.5,Derbyshire,WL Madsen,ZJ Chappell,HT Crocombe,0,0,,,,,,"",""
ball,2,61.6,Derbyshire,WL Madsen,ZJ Chappell,HT Crocombe,0,0,,,,,,"",""
ball,2,62.1,Derbyshire,ZJ Chappell,WL Madsen,JJ Carson,0,0,,,,,,"",""
ball,2,62.2,Derbyshire,ZJ Chappell,WL Madsen,JJ Carson,0,0,,,,,,"",""
ball,2,62.3,Derbyshire,ZJ Chappell,WL Madsen,JJ Carson,0,0,,,,,,lbw,ZJ Chappell
ball,2,62.4,Derbyshire,JP Morley,WL Madsen,JJ Carson,0,0,,,,,,"",""
ball,2,62.5,Derbyshire,JP Morley,WL Madsen,JJ Carson,0,0,,,,,,"",""
ball,2,62.6,Derbyshire,JP Morley,WL Madsen,JJ Carson,0,0,,,,,,"",""
ball,2,63.1,Derbyshire,WL Madsen,JP Morley,HT Crocombe,0,0,,,,,,"",""
ball,2,63.2,Derbyshire,WL Madsen,JP Morley,HT Crocombe,0,0,,,,,,"",""
ball,2,63.3,Derbyshire,WL Madsen,JP Morley,HT Crocombe,4,0,,,,,,"",""
ball,2,63.4,Derbyshire,WL Madsen,JP Morley,HT Crocombe,0,0,,,,,,"",""
ball,2,63.5,Derbyshire,WL Madsen,JP Morley,HT Crocombe,0,0,,,,,,"",""
ball,2,63.6,Derbyshire,WL Madsen,JP Morley,HT Crocombe,1,0,,,,,,"",""
ball,2,64.1,Derbyshire,WL Madsen,JP Morley,JJ Carson,0,0,,,,,,"",""
ball,2,64.2,Derbyshire,WL Madsen,JP Morley,JJ Carson,1,0,,,,,,"",""
ball,2,64.3,Derbyshire,JP Morley,WL Madsen,JJ Carson,0,0,,,,,,"",""
ball,2,64.4,Derbyshire,JP Morley,WL Madsen,JJ Carson,0,0,,,,,,"",""
ball,2,64.5,Derbyshire,JP Morley,WL Madsen,JJ Carson,0,0,,,,,,"",""
ball,2,64.6,Derbyshire,JP Morley,WL Madsen,JJ Carson,0,0,,,,,,bowled,JP Morley
ball,2,65.1,Derbyshire,WL Madsen,DM Dupavillon,HT Crocombe,1,0,,,,,,"",""
ball,2,65.2,Derbyshire,DM Dupavillon,WL Madsen,HT Crocombe,0,0,,,,,,"",""
ball,2,65.3,Derbyshire,DM Dupavillon,WL Madsen,HT Crocombe,0,0,,,,,,"",""
ball,2,65.4,Derbyshire,DM Dupavillon,WL Madsen,HT Crocombe,0,0,,,,,,"",""
ball,2,65.5,Derbyshire,DM Dupavillon,WL Madsen,HT Crocombe,0,0,,,,,,"",""
ball,2,65.6,Derbyshire,DM Dupavillon,WL Madsen,HT Crocombe,0,0,,,,,,"",""
ball,2,66.1,Derbyshire,WL Madsen,DM Dupavillon,JJ Carson,0,0,,,,,,"",""
ball,2,66.2,Derbyshire,WL Madsen,DM Dupavillon,JJ Carson,0,0,,,,,,"",""
ball,2,66.3,Derbyshire,WL Madsen,DM Dupavillon,JJ Carson,0,0,,,,,,"",""
ball,2,66.4,Derbyshire,WL Madsen,DM Dupavillon,JJ Carson,0,0,,,,,,"",""
ball,2,66.5,Derbyshire,WL Madsen,DM Dupavillon,JJ Carson,1,0,,,,,,"",""
ball,2,66.6,Derbyshire,DM Dupavillon,WL Madsen,JJ Carson,2,0,,,,,,"",""
ball,2,67.1,Derbyshire,WL Madsen,DM Dupavillon,JM Coles,4,0,,,,,,"",""
ball,2,67.2,Derbyshire,WL Madsen,DM Dupavillon,JM Coles,0,0,,,,,,"",""
ball,2,67.3,Derbyshire,WL Madsen,DM Dupavillon,JM Coles,0,0,,,,,,"",""
ball,2,67.4,Derbyshire,WL Madsen,DM Dupavillon,JM Coles,0,0,,,,,,"",""
ball,2,67.5,Derbyshire,WL Madsen,DM Dupavillon,JM Coles,4,0,,,,,,"",""
ball,2,67.6,Derbyshire,WL Madsen,DM Dupavillon,JM Coles,0,0,,,,,,"",""
ball,2,68.1,Derbyshire,DM Dupavillon,WL Madsen,JJ Carson,0,0,,,,,,"",""
ball,2,68.2,Derbyshire,DM Dupavillon,WL Madsen,JJ Carson,0,0,,,,,,"",""
ball,2,68.3,Derbyshire,DM Dupavillon,WL Madsen,JJ Carson,0,0,,,,,,"",""
ball,2,68.4,Derbyshire,DM Dupavillon,WL Madsen,JJ Carson,0,0,,,,,,"",""
ball,2,68.5,Derbyshire,DM Dupavillon,WL Madsen,JJ Carson,0,0,,,,,,"",""
ball,2,68.6,Derbyshire,DM Dupavillon,WL Madsen,JJ Carson,0,0,,,,,,"",""
ball,2,69.1,Derbyshire,WL Madsen,DM Dupavillon,JM Coles,0,0,,,,,,"",""
ball,2,69.2,Derbyshire,WL Madsen,DM Dupavillon,JM Coles,0,0,,,,,,"",""
ball,2,69.3,Derbyshire,WL Madsen,DM Dupavillon,JM Coles,0,0,,,,,,"",""
ball,2,69.4,Derbyshire,WL Madsen,DM Dupavillon,JM Coles,1,0,,,,,,"",""
ball,2,69.5,Derbyshire,DM Dupavillon,WL Madsen,JM Coles,0,0,,,,,,"",""
ball,2,69.6,Derbyshire,DM Dupavillon,WL Madsen,JM Coles,0,0,,,,,,"",""
ball,2,70.1,Derbyshire,WL Madsen,DM Dupavillon,JJ Carson,0,0,,,,,,"",""
ball,2,70.2,Derbyshire,WL Madsen,DM Dupavillon,JJ Carson,4,0,,,,,,"",""
ball,2,70.3,Derbyshire,WL Madsen,DM Dupavillon,JJ Carson,1,0,,,,,,"",""
ball,2,70.4,Derbyshire,DM Dupavillon,WL Madsen,JJ Carson,0,0,,,,,,"",""
ball,2,70.5,Derbyshire,DM Dupavillon,WL Madsen,JJ Carson,0,0,,,,,,"",""
ball,2,70.6,Derbyshire,DM Dupavillon,WL Madsen,JJ Carson,0,0,,,,,,"",""
ball,2,71.1,Derbyshire,WL Madsen,DM Dupavillon,JM Coles,0,0,,,,,,"",""
ball,2,71.2,Derbyshire,WL Madsen,DM Dupavillon,JM Coles,0,0,,,,,,"",""
ball,2,71.3,Derbyshire,WL Madsen,DM Dupavillon,JM Coles,0,0,,,,,,"",""
ball,2,71.4,Derbyshire,WL Madsen,DM Dupavillon,JM Coles,0,0,,,,,,"",""
ball,2,71.5,Derbyshire,WL Madsen,DM Dupavillon,JM Coles,0,0,,,,,,"",""
ball,2,71.6,Derbyshire,WL Madsen,DM Dupavillon,JM Coles,0,0,,,,,,"",""
ball,2,72.1,Derbyshire,DM Dupavillon,WL Madsen,JJ Carson,0,0,,,,,,"",""
ball,2,72.2,Derbyshire,DM Dupavillon,WL Madsen,JJ Carson,0,0,,,,,,"",""
ball,2,72.3,Derbyshire,DM Dupavillon,WL Madsen,JJ Carson,0,0,,,,,,"",""
ball,2,72.4,Derbyshire,DM Dupavillon,WL Madsen,JJ Carson,0,0,,,,,,"",""
ball,2,72.5,Derbyshire,DM Dupavillon,WL Madsen,JJ Carson,0,0,,,,,,"",""
ball,2,72.6,Derbyshire,DM Dupavillon,WL Madsen,JJ Carson,0,0,,,,,,"",""
ball,2,73.1,Derbyshire,WL Madsen,DM Dupavillon,JM Coles,4,0,,,,,,"",""
ball,2,73.2,Derbyshire,WL Madsen,DM Dupavillon,JM Coles,0,0,,,,,,"",""
ball,2,73.3,Derbyshire,WL Madsen,DM Dupavillon,JM Coles,4,0,,,,,,"",""
ball,2,73.4,Derbyshire,WL Madsen,DM Dupavillon,JM Coles,0,0,,,,,,"",""
ball,2,73.5,Derbyshire,WL Madsen,DM Dupavillon,JM Coles,0,0,,,,,,"",""
ball,2,73.6,Derbyshire,WL Madsen,DM Dupavillon,JM Coles,0,0,,,,,,"",""
ball,2,74.1,Derbyshire,DM Dupavillon,WL Madsen,JJ Carson,0,0,,,,,,"",""
ball,2,74.2,Derbyshire,DM Dupavillon,WL Madsen,JJ Carson,0,0,,,,,,"",""
ball,2,74.3,Derbyshire,DM Dupavillon,WL Madsen,JJ Carson,0,0,,,,,,"",""
ball,2,74.4,Derbyshire,DM Dupavillon,WL Madsen,JJ Carson,0,0,,,,,,"",""
ball,2,74.5,Derbyshire,DM Dupavillon,WL Madsen,JJ Carson,0,0,,,,,,"",""
ball,2,74.6,Derbyshire,DM Dupavillon,WL Madsen,JJ Carson,0,0,,,,,,"",""
ball,2,75.1,Derbyshire,WL Madsen,DM Dupavillon,OE Robinson,0,0,,,,,,"",""
ball,2,75.2,Derbyshire,WL Madsen,DM Dupavillon,OE Robinson,0,0,,,,,,"",""
ball,2,75.3,Derbyshire,WL Madsen,DM Dupavillon,OE Robinson,0,0,,,,,,"",""
ball,2,75.4,Derbyshire,WL Madsen,DM Dupavillon,OE Robinson,0,0,,,,,,"",""
ball,2,75.5,Derbyshire,WL Madsen,DM Dupavillon,OE Robinson,0,0,,,,,,"",""
ball,2,75.6,Derbyshire,WL Madsen,DM Dupavillon,OE Robinson,0,0,,,,,,"",""
ball,2,76.1,Derbyshire,DM Dupavillon,WL Madsen,JJ Carson,1,0,,,,,,"",""
ball,2,76.2,Derbyshire,WL Madsen,DM Dupavillon,JJ Carson,0,0,,,,,,"",""
ball,2,76.3,Derbyshire,WL Madsen,DM Dupavillon,JJ Carson,6,0,,,,,,"",""
ball,2,76.4,Derbyshire,WL Madsen,DM Dupavillon,JJ Carson,6,0,,,,,,"",""
ball,2,76.5,Derbyshire,WL Madsen,DM Dupavillon,JJ Carson,4,0,,,,,,"",""
ball,2,76.6,Derbyshire,WL Madsen,DM Dupavillon,JJ Carson,0,0,,,,,,"",""
ball,2,77.1,Derbyshire,DM Dupavillon,WL Madsen,OE Robinson,0,0,,,,,,"",""
ball,2,77.2,Derbyshire,DM Dupavillon,WL Madsen,OE Robinson,4,0,,,,,,"",""
ball,2,77.3,Derbyshire,DM Dupavillon,WL Madsen,OE Robinson,0,0,,,,,,"",""
ball,2,77.4,Derbyshire,DM Dupavillon,WL Madsen,OE Robinson,0,0,,,,,,"",""
ball,2,77.5,Derbyshire,DM Dupavillon,WL Madsen,OE Robinson,0,0,,,,,,"",""
ball,2,77.6,Derbyshire,DM Dupavillon,WL Madsen,OE Robinson,0,0,,,,,,"",""
ball,2,78.1,Derbyshire,WL Madsen,DM Dupavillon,JJ Carson,0,0,,,,,,caught,WL Madsen
ball,2,78.2,Derbyshire,PR Brown,DM Dupavillon,JJ Carson,0,0,,,,,,"",""
ball,2,78.3,Derbyshire,PR Brown,DM Dupavillon,JJ Carson,0,0,,,,,,"",""
ball,2,78.4,Derbyshire,PR Brown,DM Dupavillon,JJ Carson,1,0,,,,,,"",""
ball,2,78.5,Derbyshire,DM Dupavillon,PR Brown,JJ Carson,0,0,,,,,,"",""
ball,2,78.6,Derbyshire,DM Dupavillon,PR Brown,JJ Carson,4,0,,,,,,"",""
ball,2,79.1,Derbyshire,PR Brown,DM Dupavillon,HT Crocombe,0,0,,,,,,"",""
ball,2,79.2,Derbyshire,PR Brown,DM Dupavillon,HT Crocombe,0,0,,,,,,"",""
ball,2,79.3,Derbyshire,PR Brown,DM Dupavillon,HT Crocombe,0,0,,,,,,"",""
ball,2,79.4,Derbyshire,PR Brown,DM Dupavillon,HT Crocombe,0,0,,,,,,"",""
ball,2,79.5,Derbyshire,PR Brown,DM Dupavillon,HT Crocombe,0,0,,,,,,"",""
ball,2,79.6,Derbyshire,PR Brown,DM Dupavillon,HT Crocombe,0,0,,,,,,"",""
ball,2,80.1,Derbyshire,DM Dupavillon,PR Brown,JJ Carson,0,0,,,,,,"",""
ball,2,80.2,Derbyshire,DM Dupavillon,PR Brown,JJ Carson,0,0,,,,,,"",""
ball,2,80.3,Derbyshire,DM Dupavillon,PR Brown,JJ Carson,4,0,,,,,,"",""
ball,2,80.4,Derbyshire,DM Dupavillon,PR Brown,JJ Carson,0,0,,,,,,"",""
ball,2,80.5,Derbyshire,DM Dupavillon,PR Brown,JJ Carson,0,0,,,,,,"",""
ball,2,80.6,Derbyshire,DM Dupavillon,PR Brown,JJ Carson,0,0,,,,,,"",""
ball,2,81.1,Derbyshire,PR Brown,DM Dupavillon,HT Crocombe,0,0,,,,,,"",""
ball,2,81.2,Derbyshire,PR Brown,DM Dupavillon,HT Crocombe,0,0,,,,,,"",""
ball,2,81.3,Derbyshire,PR Brown,DM Dupavillon,HT Crocombe,2,0,,,,,,"",""
ball,2,81.4,Derbyshire,PR Brown,DM Dupavillon,HT Crocombe,1,0,,,,,,"",""
ball,2,81.5,Derbyshire,DM Dupavillon,PR Brown,HT Crocombe,0,0,,,,,,"",""
ball,2,81.6,Derbyshire,DM Dupavillon,PR Brown,HT Crocombe,1,0,,,,,,"",""
ball,2,82.1,Derbyshire,DM Dupavillon,PR Brown,JJ Carson,6,0,,,,,,"",""
ball,2,82.2,Derbyshire,DM Dupavillon,PR Brown,JJ Carson,0,0,,,,,,"",""
ball,2,82.3,Derbyshire,DM Dupavillon,PR Brown,JJ Carson,0,0,,,,,,"",""
ball,2,82.4,Derbyshire,DM Dupavillon,PR Brown,JJ Carson,0,0,,,,,,"",""
ball,2,82.5,Derbyshire,DM Dupavillon,PR Brown,JJ Carson,6,0,,,,,,"",""
ball,2,82.6,Derbyshire,DM Dupavillon,PR Brown,JJ Carson,0,0,,,,,,"",""
ball,2,83.1,Derbyshire,PR Brown,DM Dupavillon,HT Crocombe,1,0,,,,,,"",""
ball,2,83.2,Derbyshire,DM Dupavillon,PR Brown,HT Crocombe,0,0,,,,,,"",""
ball,2,83.3,Derbyshire,DM Dupavillon,PR Brown,HT Crocombe,0,0,,,,,,bowled,DM Dupavillon
ball,3,0.1,Derbyshire,HRC Came,LM Reece,OE Robinson,0,0,,,,,,"",""
ball,3,0.2,Derbyshire,HRC Came,LM Reece,OE Robinson,0,0,,,,,,"",""
ball,3,0.3,Derbyshire,HRC Came,LM Reece,OE Robinson,0,0,,,,,,"",""
ball,3,0.4,Derbyshire,HRC Came,LM Reece,OE Robinson,0,0,,,,,,"",""
ball,3,0.5,Derbyshire,HRC Came,LM Reece,OE Robinson,0,0,,,,,,"",""
ball,3,0.6,Derbyshire,HRC Came,LM Reece,OE Robinson,0,0,,,,,,"",""
ball,3,1.1,Derbyshire,LM Reece,HRC Came,JD Unadkat,0,0,,,,,,"",""
ball,3,1.2,Derbyshire,LM Reece,HRC Came,JD Unadkat,0,0,,,,,,"",""
ball,3,1.3,Derbyshire,LM Reece,HRC Came,JD Unadkat,0,0,,,,,,"",""
ball,3,1.4,Derbyshire,LM Reece,HRC Came,JD Unadkat,0,0,,,,,,"",""
ball,3,1.5,Derbyshire,LM Reece,HRC Came,JD Unadkat,0,0,,,,,,"",""
ball,3,1.6,Derbyshire,LM Reece,HRC Came,JD Unadkat,2,0,,,,,,"",""
ball,3,2.1,Derbyshire,HRC Came,LM Reece,OE Robinson,0,0,,,,,,"",""
ball,3,2.2,Derbyshire,HRC Came,LM Reece,OE Robinson,0,0,,,,,,"",""
ball,3,2.3,Derbyshire,HRC Came,LM Reece,OE Robinson,4,0,,,,,,"",""
ball,3,2.4,Derbyshire,HRC Came,LM Reece,OE Robinson,0,0,,,,,,"",""
ball,3,2.5,Derbyshire,HRC Came,LM Reece,OE Robinson,0,0,,,,,,"",""
ball,3,2.6,Derbyshire,HRC Came,LM Reece,OE Robinson,2,0,,,,,,"",""
ball,3,3.1,Derbyshire,LM Reece,HRC Came,JD Unadkat,0,0,,,,,,"",""
ball,3,3.2,Derbyshire,LM Reece,HRC Came,JD Unadkat,0,0,,,,,,"",""
ball,3,3.3,Derbyshire,LM Reece,HRC Came,JD Unadkat,1,0,,,,,,"",""
ball,3,3.4,Derbyshire,HRC Came,LM Reece,JD Unadkat,0,0,,,,,,"",""
ball,3,3.5,Derbyshire,HRC Came,LM Reece,JD Unadkat,0,0,,,,,,"",""
ball,3,3.6,Derbyshire,HRC Came,LM Reece,JD Unadkat,0,0,,,,,,"",""
ball,3,4.1,Derbyshire,LM Reece,HRC Came,OE Robinson,0,0,,,,,,"",""
ball,3,4.2,Derbyshire,LM Reece,HRC Came,OE Robinson,0,0,,,,,,"",""
ball,3,4.3,Derbyshire,LM Reece,HRC Came,OE Robinson,0,0,,,,,,"",""
ball,3,4.4,Derbyshire,LM Reece,HRC Came,OE Robinson,0,0,,,,,,"",""
ball,3,4.5,Derbyshire,LM Reece,HRC Came,OE Robinson,0,0,,,,,,"",""
ball,3,4.6,Derbyshire,LM Reece,HRC Came,OE Robinson,0,0,,,,,,"",""
ball,3,5.1,Derbyshire,HRC Came,LM Reece,JD Unadkat,1,0,,,,,,"",""
ball,3,5.2,Derbyshire,LM Reece,HRC Came,JD Unadkat,0,0,,,,,,"",""
ball,3,5.3,Derbyshire,LM Reece,HRC Came,JD Unadkat,0,0,,,,,,"",""
ball,3,5.4,Derbyshire,LM Reece,HRC Came,JD Unadkat,0,0,,,,,,"",""
ball,3,5.5,Derbyshire,LM Reece,HRC Came,JD Unadkat,0,0,,,,,,"",""
ball,3,5.6,Derbyshire,LM Reece,HRC Came,JD Unadkat,0,0,,,,,,"",""
ball,3,6.1,Derbyshire,HRC Came,LM Reece,OE Robinson,1,0,,,,,,"",""
ball,3,6.2,Derbyshire,LM Reece,HRC Came,OE Robinson,0,0,,,,,,"",""
ball,3,6.3,Derbyshire,LM Reece,HRC Came,OE Robinson,0,0,,,,,,"",""
ball,3,6.4,Derbyshire,LM Reece,HRC Came,OE Robinson,0,0,,,,,,"",""
ball,3,6.5,Derbyshire,LM Reece,HRC Came,OE Robinson,0,0,,,,,,"",""
ball,3,6.6,Derbyshire,LM Reece,HRC Came,OE Robinson,0,0,,,,,,"",""
ball,3,7.1,Derbyshire,HRC Came,LM Reece,JD Unadkat,0,0,,,,,,"",""
ball,3,7.2,Derbyshire,HRC Came,LM Reece,JD Unadkat,0,0,,,,,,"",""
ball,3,7.3,Derbyshire,HRC Came,LM Reece,JD Unadkat,0,0,,,,,,"",""
ball,3,7.4,Derbyshire,HRC Came,LM Reece,JD Unadkat,0,0,,,,,,"",""
ball,3,7.5,Derbyshire,HRC Came,LM Reece,JD Unadkat,0,0,,,,,,"",""
ball,3,7.6,Derbyshire,HRC Came,LM Reece,JD Unadkat,0,0,,,,,,"",""
ball,3,8.1,Derbyshire,LM Reece,HRC Came,OE Robinson,0,0,,,,,,"",""
ball,3,8.2,Derbyshire,LM Reece,HRC Came,OE Robinson,0,0,,,,,,"",""
ball,3,8.3,Derbyshire,LM Reece,HRC Came,OE Robinson,0,0,,,,,,"",""
ball,3,8.4,Derbyshire,LM Reece,HRC Came,OE Robinson,0,0,,,,,,"",""
ball,3,8.5,Derbyshire,LM Reece,HRC Came,OE Robinson,4,0,,,,,,"",""
ball,3,8.6,Derbyshire,LM Reece,HRC Came,OE Robinson,1,0,,,,,,"",""
ball,3,9.1,Derbyshire,LM Reece,HRC Came,JD Unadkat,0,0,,,,,,"",""
ball,3,9.2,Derbyshire,LM Reece,HRC Came,JD Unadkat,0,0,,,,,,"",""
ball,3,9.3,Derbyshire,LM Reece,HRC Came,JD Unadkat,4,0,,,,,,"",""
ball,3,9.4,Derbyshire,LM Reece,HRC Came,JD Unadkat,0,0,,,,,,"",""
ball,3,9.5,Derbyshire,LM Reece,HRC Came,JD Unadkat,0,0,,,,,,"",""
ball,3,9.6,Derbyshire,LM Reece,HRC Came,JD Unadkat,0,0,,,,,,"",""
ball,3,10.1,Derbyshire,HRC Came,LM Reece,FJ Hudson-Prentice,0,0,,,,,,"",""
ball,3,10.2,Derbyshire,HRC Came,LM Reece,FJ Hudson-Prentice,0,0,,,,,,"",""
ball,3,10.3,Derbyshire,HRC Came,LM Reece,FJ Hudson-Prentice,0,0,,,,,,"",""
ball,3,10.4,Derbyshire,HRC Came,LM Reece,FJ Hudson-Prentice,0,0,,,,,,"",""
ball,3,10.5,Derbyshire,HRC Came,LM Reece,FJ Hudson-Prentice,0,0,,,,,,"",""
ball,3,10.6,Derbyshire,HRC Came,LM Reece,FJ Hudson-Prentice,0,0,,,,,,"",""
ball,3,11.1,Derbyshire,LM Reece,HRC Came,OE Robinson,0,0,,,,,,"",""
ball,3,11.2,Derbyshire,LM Reece,HRC Came,OE Robinson,0,0,,,,,,"",""
ball,3,11.3,Derbyshire,LM Reece,HRC Came,OE Robinson,0,0,,,,,,"",""
ball,3,11.4,Derbyshire,LM Reece,HRC Came,OE Robinson,0,0,,,,,,"",""
ball,3,11.5,Derbyshire,LM Reece,HRC Came,OE Robinson,0,0,,,,,,"",""
ball,3,11.6,Derbyshire,LM Reece,HRC Came,OE Robinson,1,0,,,,,,"",""
ball,3,12.1,Derbyshire,LM Reece,HRC Came,FJ Hudson-Prentice,0,0,,,,,,"",""
ball,3,12.2,Derbyshire,LM Reece,HRC Came,FJ Hudson-Prentice,0,0,,,,,,"",""
ball,3,12.3,Derbyshire,LM Reece,HRC Came,FJ Hudson-Prentice,0,0,,,,,,"",""
ball,3,12.4,Derbyshire,LM Reece,HRC Came,FJ Hudson-Prentice,0,0,,,,,,"",""
ball,3,12.5,Derbyshire,LM Reece,HRC Came,FJ Hudson-Prentice,0,0,,,,,,"",""
ball,3,12.6,Derbyshire,LM Reece,HRC Came,FJ Hudson-Prentice,0,0,,,,,,"",""
ball,3,13.1,Derbyshire,HRC Came,LM Reece,OE Robinson,1,0,,,,,,"",""
ball,3,13.2,Derbyshire,LM Reece,HRC Came,OE Robinson,1,0,,,,,,"",""
ball,3,13.3,Derbyshire,HRC Came,LM Reece,OE Robinson,2,0,,,,,,"",""
ball,3,13.4,Derbyshire,HRC Came,LM Reece,OE Robinson,0,0,,,,,,"",""
ball,3,13.5,Derbyshire,HRC Came,LM Reece,OE Robinson,0,0,,,,,,"",""
ball,3,13.6,Derbyshire,HRC Came,LM Reece,OE Robinson,0,0,,,,,,"",""
ball,3,14.1,Derbyshire,LM Reece,HRC Came,FJ Hudson-Prentice,0,0,,,,,,"",""
ball,3,14.2,Derbyshire,LM Reece,HRC Came,FJ Hudson-Prentice,0,0,,,,,,"",""
ball,3,14.3,Derbyshire,LM Reece,HRC Came,FJ Hudson-Prentice,0,0,,,,,,"",""
ball,3,14.4,Derbyshire,LM Reece,HRC Came,FJ Hudson-Prentice,0,0,,,,,,"",""
ball,3,14.5,Derbyshire,LM Reece,HRC Came,FJ Hudson-Prentice,0,0,,,,,,"",""
ball,3,14.6,Derbyshire,LM Reece,HRC Came,FJ Hudson-Prentice,0,0,,,,,,"",""
ball,3,15.1,Derbyshire,HRC Came,LM Reece,OE Robinson,0,0,,,,,,"",""
ball,3,15.2,Derbyshire,HRC Came,LM Reece,OE Robinson,3,0,,,,,,"",""
ball,3,15.3,Derbyshire,LM Reece,HRC Came,OE Robinson,1,0,,,,,,"",""
ball,3,15.4,Derbyshire,HRC Came,LM Reece,OE Robinson,0,0,,,,,,"",""
ball,3,15.5,Derbyshire,HRC Came,LM Reece,OE Robinson,0,0,,,,,,"",""
ball,3,15.6,Derbyshire,HRC Came,LM Reece,OE Robinson,0,0,,,,,,"",""
ball,3,16.1,Derbyshire,LM Reece,HRC Came,JJ Carson,0,0,,,,,,"",""
ball,3,16.2,Derbyshire,LM Reece,HRC Came,JJ Carson,0,0,,,,,,"",""
ball,3,16.3,Derbyshire,LM Reece,HRC Came,JJ Carson,0,0,,,,,,"",""
ball,3,16.4,Derbyshire,LM Reece,HRC Came,JJ Carson,0,0,,,,,,"",""
ball,3,16.5,Derbyshire,LM Reece,HRC Came,JJ Carson,0,0,,,,,,"",""
ball,3,16.6,Derbyshire,LM Reece,HRC Came,JJ Carson,0,0,,,,,,"",""
ball,3,17.1,Derbyshire,HRC Came,LM Reece,OE Robinson,1,0,,,,,,"",""
ball,3,17.2,Derbyshire,LM Reece,HRC Came,OE Robinson,1,0,,,,,,"",""
ball,3,17.3,Derbyshire,HRC Came,LM Reece,OE Robinson,1,0,,,,,,"",""
ball,3,17.4,Derbyshire,LM Reece,HRC Came,OE Robinson,2,0,,,,,,"",""
ball,3,17.5,Derbyshire,LM Reece,HRC Came,OE Robinson,1,0,,,,,,"",""
ball,3,17.6,Derbyshire,HRC Came,LM Reece,OE Robinson,0,0,,,,,,"",""
ball,3,18.1,Derbyshire,LM Reece,HRC Came,JJ Carson,1,0,,,,,,"",""
ball,3,18.2,Derbyshire,HRC Came,LM Reece,JJ Carson,0,0,,,,,,"",""
ball,3,18.3,Derbyshire,HRC Came,LM Reece,JJ Carson,0,0,,,,,,"",""
ball,3,18.4,Derbyshire,HRC Came,LM Reece,JJ Carson,0,0,,,,,,"",""
ball,3,18.5,Derbyshire,HRC Came,LM Reece,JJ Carson,1,0,,,,,,"",""
ball,3,18.6,Derbyshire,LM Reece,HRC Came,JJ Carson,0,0,,,,,,"",""
ball,3,19.1,Derbyshire,HRC Came,LM Reece,JM Coles,1,0,,,,,,"",""
ball,3,19.2,Derbyshire,LM Reece,HRC Came,JM Coles,2,0,,,,,,"",""
ball,3,19.3,Derbyshire,LM Reece,HRC Came,JM Coles,1,0,,,,,,"",""
ball,3,19.4,Derbyshire,HRC Came,LM Reece,JM Coles,0,0,,,,,,"",""
ball,3,19.5,Derbyshire,HRC Came,LM Reece,JM Coles,0,0,,,,,,"",""
ball,3,19.6,Derbyshire,HRC Came,LM Reece,JM Coles,0,0,,,,,,"",""
ball,3,20.1,Derbyshire,LM Reece,HRC Came,JJ Carson,0,0,,,,,,"",""
ball,3,20.2,Derbyshire,LM Reece,HRC Came,JJ Carson,0,0,,,,,,"",""
ball,3,20.3,Derbyshire,LM Reece,HRC Came,JJ Carson,2,0,,,,,,"",""
ball,3,20.4,Derbyshire,LM Reece,HRC Came,JJ Carson,0,0,,,,,,"",""
ball,3,20.5,Derbyshire,LM Reece,HRC Came,JJ Carson,0,0,,,,,,"",""
ball,3,20.6,Derbyshire,LM Reece,HRC Came,JJ Carson,0,0,,,,,,"",""
ball,3,21.1,Derbyshire,HRC Came,LM Reece,JM Coles,1,0,,,,,,"",""
ball,3,21.2,Derbyshire,LM Reece,HRC Came,JM Coles,0,0,,,,,,"",""
ball,3,21.3,Derbyshire,LM Reece,HRC Came,JM Coles,0,0,,,,,,"",""
ball,3,21.4,Derbyshire,LM Reece,HRC Came,JM Coles,1,0,,,,,,"",""
ball,3,21.5,Derbyshire,HRC Came,LM Reece,JM Coles,0,0,,,,,,"",""
ball,3,21.6,Derbyshire,HRC Came,LM Reece,JM Coles,0,0,,,,,,"",""
ball,3,22.1,Derbyshire,LM Reece,HRC Came,JJ Carson,0,0,,,,,,"",""
ball,3,22.2,Derbyshire,LM Reece,HRC Came,JJ Carson,0,0,,,,,,"",""
ball,3,22.3,Derbyshire,LM Reece,HRC Came,JJ Carson,0,0,,,,,,"",""
ball,3,22.4,Derbyshire,LM Reece,HRC Came,JJ Carson,0,0,,,,,,"",""
ball,3,22.5,Derbyshire,LM Reece,HRC Came,JJ Carson,1,0,,,,,,"",""
ball,3,22.6,Derbyshire,HRC Came,LM Reece,JJ Carson,0,0,,,,,,"",""
ball,3,23.1,Derbyshire,LM Reece,HRC Came,JM Coles,0,0,,,,,,"",""
ball,3,23.2,Derbyshire,LM Reece,HRC Came,JM Coles,0,0,,,,,,"",""
ball,3,23.3,Derbyshire,LM Reece,HRC Came,JM Coles,0,0,,,,,,"",""
ball,3,23.4,Derbyshire,LM Reece,HRC Came,JM Coles,0,0,,,,,,caught,LM Reece
ball,3,23.5,Derbyshire,BD Guest,HRC Came,JM Coles,0,0,,,,,,"",""
ball,3,23.6,Derbyshire,BD Guest,HRC Came,JM Coles,0,0,,,,,,"",""
ball,3,24.1,Derbyshire,HRC Came,BD Guest,JJ Carson,0,0,,,,,,"",""
ball,3,24.2,Derbyshire,HRC Came,BD Guest,JJ Carson,0,0,,,,,,"",""
ball,3,24.3,Derbyshire,HRC Came,BD Guest,JJ Carson,1,0,,,,,,"",""
ball,3,24.4,Derbyshire,BD Guest,HRC Came,JJ Carson,0,0,,,,,,"",""
ball,3,24.5,Derbyshire,BD Guest,HRC Came,JJ Carson,0,0,,,,,,"",""
ball,3,24.6,Derbyshire,BD Guest,HRC Came,JJ Carson,0,0,,,,,,"",""
ball,3,25.1,Derbyshire,HRC Came,BD Guest,JM Coles,0,0,,,,,,"",""
ball,3,25.2,Derbyshire,HRC Came,BD Guest,JM Coles,0,0,,,,,,"",""
ball,3,25.3,Derbyshire,HRC Came,BD Guest,JM Coles,0,0,,,,,,"",""
ball,3,25.4,Derbyshire,HRC Came,BD Guest,JM Coles,0,0,,,,,,"",""
ball,3,25.5,Derbyshire,HRC Came,BD Guest,JM Coles,0,0,,,,,,"",""
ball,3,25.6,Derbyshire,HRC Came,BD Guest,JM Coles,0,0,,,,,,"",""
ball,3,26.1,Derbyshire,BD Guest,HRC Came,JJ Carson,1,0,,,,,,"",""
ball,3,26.2,Derbyshire,HRC Came,BD Guest,JJ Carson,0,0,,,,,,"",""
ball,3,26.3,Derbyshire,HRC Came,BD Guest,JJ Carson,0,0,,,,,,"",""
ball,3,26.4,Derbyshire,HRC Came,BD Guest,JJ Carson,0,0,,,,,,"",""
ball,3,26.5,Derbyshire,HRC Came,BD Guest,JJ Carson,1,0,,,,,,"",""
ball,3,26.6,Derbyshire,BD Guest,HRC Came,JJ Carson,0,0,,,,,,"",""
ball,3,27.1,Derbyshire,HRC Came,BD Guest,JM Coles,0,0,,,,,,"",""
ball,3,27.2,Derbyshire,HRC Came,BD Guest,JM Coles,0,0,,,,,,"",""
ball,3,27.3,Derbyshire,HRC Came,BD Guest,JM Coles,0,0,,,,,,"",""
ball,3,27.4,Derbyshire,HRC Came,BD Guest,JM Coles,0,0,,,,,,"",""
ball,3,27.5,Derbyshire,HRC Came,BD Guest,JM Coles,0,0,,,,,,"",""
ball,3,27.6,Derbyshire,HRC Came,BD Guest,JM Coles,0,0,,,,,,"",""
ball,3,28.1,Derbyshire,BD Guest,HRC Came,JJ Carson,0,0,,,,,,"",""
ball,3,28.2,Derbyshire,BD Guest,HRC Came,JJ Carson,4,0,,,,,,"",""
ball,3,28.3,Derbyshire,BD Guest,HRC Came,JJ Carson,0,0,,,,,,"",""
ball,3,28.4,Derbyshire,BD Guest,HRC Came,JJ Carson,1,0,,,,,,"",""
ball,3,28.5,Derbyshire,HRC Came,BD Guest,JJ Carson,1,0,,,,,,"",""
ball,3,28.6,Derbyshire,BD Guest,HRC Came,JJ Carson,0,0,,,,,,"",""
ball,3,29.1,Derbyshire,HRC Came,BD Guest,JM Coles,0,0,,,,,,"",""
ball,3,29.2,Derbyshire,HRC Came,BD Guest,JM Coles,0,0,,,,,,"",""
ball,3,29.3,Derbyshire,HRC Came,BD Guest,JM Coles,0,0,,,,,,"",""
ball,3,29.4,Derbyshire,HRC Came,BD Guest,JM Coles,0,0,,,,,,"",""
ball,3,29.5,Derbyshire,HRC Came,BD Guest,JM Coles,0,0,,,,,,"",""
ball,3,29.6,Derbyshire,HRC Came,BD Guest,JM Coles,0,0,,,,,,"",""
ball,3,30.1,Derbyshire,BD Guest,HRC Came,JJ Carson,4,0,,,,,,"",""
ball,3,30.2,Derbyshire,BD Guest,HRC Came,JJ Carson,0,0,,,,,,"",""
ball,3,30.3,Derbyshire,BD Guest,HRC Came,JJ Carson,1,0,,,,,,"",""
ball,3,30.4,Derbyshire,HRC Came,BD Guest,JJ Carson,0,0,,,,,,"",""
ball,3,30.5,Derbyshire,HRC Came,BD Guest,JJ Carson,0,0,,,,,,"",""
ball,3,30.6,Derbyshire,HRC Came,BD Guest,JJ Carson,1,0,,,,,,"",""
ball,3,31.1,Derbyshire,HRC Came,BD Guest,JM Coles,0,0,,,,,,"",""
ball,3,31.2,Derbyshire,HRC Came,BD Guest,JM Coles,0,0,,,,,,"",""
ball,3,31.3,Derbyshire,HRC Came,BD Guest,JM Coles,0,0,,,,,,"",""
ball,3,31.4,Derbyshire,HRC Came,BD Guest,JM Coles,4,0,,,,,,"",""
ball,3,31.5,Derbyshire,HRC Came,BD Guest,JM Coles,1,0,,,,,,"",""
ball,3,31.6,Derbyshire,BD Guest,HRC Came,JM Coles,1,0,,,,,,"",""
ball,3,32.1,Derbyshire,BD Guest,HRC Came,JJ Carson,0,0,,,,,,"",""
ball,3,32.2,Derbyshire,BD Guest,HRC Came,JJ Carson,6,0,,,,,,"",""
ball,3,32.3,Derbyshire,BD Guest,HRC Came,JJ Carson,1,0,,,,,,"",""
ball,3,32.4,Derbyshire,HRC Came,BD Guest,JJ Carson,0,0,,,,,,"",""
ball,3,32.5,Derbyshire,HRC Came,BD Guest,JJ Carson,1,0,,,,,,"",""
ball,3,32.6,Derbyshire,BD Guest,HRC Came,JJ Carson,0,0,,,,,,"",""
ball,3,33.1,Derbyshire,HRC Came,BD Guest,OE Robinson,0,0,,,,,,"",""
ball,3,33.2,Derbyshire,HRC Came,BD Guest,OE Robinson,0,0,,,,,,"",""
ball,3,33.3,Derbyshire,HRC Came,BD Guest,OE Robinson,0,0,,,,,,"",""
ball,3,33.4,Derbyshire,HRC Came,BD Guest,OE Robinson,0,0,,,,,,"",""
ball,3,33.5,Derbyshire,HRC Came,BD Guest,OE Robinson,0,0,,,,,,"",""
ball,3,33.6,Derbyshire,HRC Came,BD Guest,OE Robinson,0,0,,,,,,"",""
ball,3,34.1,Derbyshire,BD Guest,HRC Came,JJ Carson,0,0,,,,,,"",""
ball,3,34.2,Derbyshire,BD Guest,HRC Came,JJ Carson,0,0,,,,,,"",""
ball,3,34.3,Derbyshire,BD Guest,HRC Came,JJ Carson,0,0,,,,,,"",""
ball,3,34.4,Derbyshire,BD Guest,HRC Came,JJ Carson,0,0,,,,,,"",""
ball,3,34.5,Derbyshire,BD Guest,HRC Came,JJ Carson,1,0,,,,,,"",""
ball,3,34.6,Derbyshire,HRC Came,BD Guest,JJ Carson,0,0,,,,,,"",""
ball,3,35.1,Derbyshire,BD Guest,HRC Came,OE Robinson,4,0,,,,,,"",""
ball,3,35.2,Derbyshire,BD Guest,HRC Came,OE Robinson,0,0,,,,,,"",""
ball,3,35.3,Derbyshire,BD Guest,HRC Came,OE Robinson,0,0,,,,,,"",""
ball,3,35.4,Derbyshire,BD Guest,HRC Came,OE Robinson,0,0,,,,,,"",""
ball,3,35.5,Derbyshire,BD Guest,HRC Came,OE Robinson,0,0,,,,,,"",""
ball,3,35.6,Derbyshire,BD Guest,HRC Came,OE Robinson,0,0,,,,,,"",""
ball,3,36.1,Derbyshire,HRC Came,BD Guest,JJ Carson,0,0,,,,,,"",""
ball,3,36.2,Derbyshire,HRC Came,BD Guest,JJ Carson,0,0,,,,,,"",""
ball,3,36.3,Derbyshire,HRC Came,BD Guest,JJ Carson,0,0,,,,,,"",""
ball,3,36.4,Derbyshire,HRC Came,BD Guest,JJ Carson,0,0,,,,,,"",""
ball,3,36.5,Derbyshire,HRC Came,BD Guest,JJ Carson,1,0,,,,,,"",""
ball,3,36.6,Derbyshire,BD Guest,HRC Came,JJ Carson,0,0,,,,,,lbw,BD Guest
ball,3,37.1,Derbyshire,HRC Came,WL Madsen,HT Crocombe,0,0,,,,,,"",""
ball,3,37.2,Derbyshire,HRC Came,WL Madsen,HT Crocombe,0,0,,,,,,"",""
ball,3,37.3,Derbyshire,HRC Came,WL Madsen,HT Crocombe,0,0,,,,,,"",""
ball,3,37.4,Derbyshire,HRC Came,WL Madsen,HT Crocombe,0,0,,,,,,"",""
ball,3,37.5,Derbyshire,HRC Came,WL Madsen,HT Crocombe,0,0,,,,,,"",""
ball,3,37.6,Derbyshire,HRC Came,WL Madsen,HT Crocombe,0,0,,,,,,"",""
ball,3,38.1,Derbyshire,WL Madsen,HRC Came,JJ Carson,0,0,,,,,,"",""
ball,3,38.2,Derbyshire,WL Madsen,HRC Came,JJ Carson,0,0,,,,,,"",""
ball,3,38.3,Derbyshire,WL Madsen,HRC Came,JJ Carson,0,0,,,,,,"",""
ball,3,38.4,Derbyshire,WL Madsen,HRC Came,JJ Carson,0,0,,,,,,"",""
ball,3,38.5,Derbyshire,WL Madsen,HRC Came,JJ Carson,0,0,,,,,,"",""
ball,3,38.6,Derbyshire,WL Madsen,HRC Came,JJ Carson,0,0,,,,,,"",""
ball,3,39.1,Derbyshire,HRC Came,WL Madsen,HT Crocombe,1,0,,,,,,"",""
ball,3,39.2,Derbyshire,WL Madsen,HRC Came,HT Crocombe,0,0,,,,,,"",""
ball,3,39.3,Derbyshire,WL Madsen,HRC Came,HT Crocombe,0,0,,,,,,"",""
ball,3,39.4,Derbyshire,WL Madsen,HRC Came,HT Crocombe,0,2,,2,,,,"",""
ball,3,39.5,Derbyshire,WL Madsen,HRC Came,HT Crocombe,0,0,,,,,,"",""
ball,3,39.6,Derbyshire,WL Madsen,HRC Came,HT Crocombe,4,0,,,,,,"",""
ball,3,39.7,Derbyshire,WL Madsen,HRC Came,HT Crocombe,0,0,,,,,,"",""
ball,3,40.1,Derbyshire,HRC Came,WL Madsen,JJ Carson,1,0,,,,,,"",""
ball,3,40.2,Derbyshire,WL Madsen,HRC Came,JJ Carson,1,0,,,,,,"",""
ball,3,40.3,Derbyshire,HRC Came,WL Madsen,JJ Carson,0,0,,,,,,"",""
ball,3,40.4,Derbyshire,HRC Came,WL Madsen,JJ Carson,0,0,,,,,,"",""
ball,3,40.5,Derbyshire,HRC Came,WL Madsen,JJ Carson,1,0,,,,,,"",""
ball,3,40.6,Derbyshire,WL Madsen,HRC Came,JJ Carson,4,0,,,,,,"",""
ball,3,41.1,Derbyshire,HRC Came,WL Madsen,HT Crocombe,0,0,,,,,,"",""
ball,3,41.2,Derbyshire,HRC Came,WL Madsen,HT Crocombe,1,0,,,,,,"",""
ball,3,41.3,Derbyshire,WL Madsen,HRC Came,HT Crocombe,0,0,,,,,,"",""
ball,3,41.4,Derbyshire,WL Madsen,HRC Came,HT Crocombe,0,0,,,,,,"",""
ball,3,41.5,Derbyshire,WL Madsen,HRC Came,HT Crocombe,0,0,,,,,,"",""
ball,3,41.6,Derbyshire,WL Madsen,HRC Came,HT Crocombe,0,0,,,,,,"",""
ball,3,42.1,Derbyshire,HRC Came,WL Madsen,JJ Carson,1,0,,,,,,"",""
ball,3,42.2,Derbyshire,WL Madsen,HRC Came,JJ Carson,0,0,,,,,,"",""
ball,3,42.3,Derbyshire,WL Madsen,HRC Came,JJ Carson,0,0,,,,,,"",""
ball,3,42.4,Derbyshire,WL Madsen,HRC Came,JJ Carson,0,0,,,,,,"",""
ball,3,42.5,Derbyshire,WL Madsen,HRC Came,JJ Carson,1,0,,,,,,"",""
ball,3,42.6,Derbyshire,HRC Came,WL Madsen,JJ Carson,0,0,,,,,,"",""
ball,3,43.1,Derbyshire,WL Madsen,HRC Came,HT Crocombe,1,0,,,,,,"",""
ball,3,43.2,Derbyshire,HRC Came,WL Madsen,HT Crocombe,4,0,,,,,,"",""
ball,3,43.3,Derbyshire,HRC Came,WL Madsen,HT Crocombe,1,0,,,,,,"",""
ball,3,43.4,Derbyshire,WL Madsen,HRC Came,HT Crocombe,0,0,,,,,,"",""
ball,3,43.5,Derbyshire,WL Madsen,HRC Came,HT Crocombe,0,0,,,,,,"",""
ball,3,43.6,Derbyshire,WL Madsen,HRC Came,HT Crocombe,4,0,,,,,,"",""
ball,3,44.1,Derbyshire,HRC Came,WL Madsen,JM Coles,0,0,,,,,,"",""
ball,3,44.2,Derbyshire,HRC Came,WL Madsen,JM Coles,0,0,,,,,,"",""
ball,3,44.3,Derbyshire,HRC Came,WL Madsen,JM Coles,0,0,,,,,,"",""
ball,3,44.4,Derbyshire,HRC Came,WL Madsen,JM Coles,0,0,,,,,,"",""
ball,3,44.5,Derbyshire,HRC Came,WL Madsen,JM Coles,0,0,,,,,,"",""
ball,3,44.6,Derbyshire,HRC Came,WL Madsen,JM Coles,0,0,,,,,,"",""
ball,3,45.1,Derbyshire,WL Madsen,HRC Came,HT Crocombe,1,0,,,,,,"",""
ball,3,45.2,Derbyshire,HRC Came,WL Madsen,HT Crocombe,0,0,,,,,,"",""
ball,3,45.3,Derbyshire,HRC Came,WL Madsen,HT Crocombe,0,2,,2,,,,"",""
ball,3,45.4,Derbyshire,HRC Came,WL Madsen,HT Crocombe,4,0,,,,,,"",""
ball,3,45.5,Derbyshire,HRC Came,WL Madsen,HT Crocombe,1,0,,,,,,"",""
ball,3,45.6,Derbyshire,WL Madsen,HRC Came,HT Crocombe,0,0,,,,,,"",""
ball,3,45.7,Derbyshire,WL Madsen,HRC Came,HT Crocombe,0,0,,,,,,"",""
ball,3,46.1,Derbyshire,HRC Came,WL Madsen,JM Coles,0,0,,,,,,"",""
ball,3,46.2,Derbyshire,HRC Came,WL Madsen,JM Coles,0,0,,,,,,"",""
ball,3,46.3,Derbyshire,HRC Came,WL Madsen,JM Coles,0,0,,,,,,"",""
ball,3,46.4,Derbyshire,HRC Came,WL Madsen,JM Coles,4,0,,,,,,"",""
ball,3,46.5,Derbyshire,HRC Came,WL Madsen,JM Coles,0,0,,,,,,"",""
ball,3,46.6,Derbyshire,HRC Came,WL Madsen,JM Coles,0,0,,,,,,"",""
ball,3,47.1,Derbyshire,WL Madsen,HRC Came,JJ Carson,0,0,,,,,,"",""
ball,3,47.2,Derbyshire,WL Madsen,HRC Came,JJ Carson,1,0,,,,,,"",""
ball,3,47.3,Derbyshire,HRC Came,WL Madsen,JJ Carson,0,0,,,,,,"",""
ball,3,47.4,Derbyshire,HRC Came,WL Madsen,JJ Carson,0,0,,,,,,"",""
ball,3,47.5,Derbyshire,HRC Came,WL Madsen,JJ Carson,0,0,,,,,,"",""
ball,3,47.6,Derbyshire,HRC Came,WL Madsen,JJ Carson,0,0,,,,,,"",""
ball,3,48.1,Derbyshire,WL Madsen,HRC Came,JM Coles,0,0,,,,,,"",""
ball,3,48.2,Derbyshire,WL Madsen,HRC Came,JM Coles,3,0,,,,,,"",""
ball,3,48.3,Derbyshire,HRC Came,WL Madsen,JM Coles,1,0,,,,,,"",""
ball,3,48.4,Derbyshire,WL Madsen,HRC Came,JM Coles,0,0,,,,,,"",""
ball,3,48.5,Derbyshire,WL Madsen,HRC Came,JM Coles,0,0,,,,,,"",""
ball,3,48.6,Derbyshire,WL Madsen,HRC Came,JM Coles,0,0,,,,,,"",""
ball,3,49.1,Derbyshire,HRC Came,WL Madsen,JJ Carson,0,0,,,,,,"",""
ball,3,49.2,Derbyshire,HRC Came,WL Madsen,JJ Carson,0,0,,,,,,"",""
ball,3,49.3,Derbyshire,HRC Came,WL Madsen,JJ Carson,0,0,,,,,,"",""
ball,3,49.4,Derbyshire,HRC Came,WL Madsen,JJ Carson,0,0,,,,,,"",""
ball,3,49.5,Derbyshire,HRC Came,WL Madsen,JJ Carson,0,0,,,,,,"",""
ball,3,49.6,Derbyshire,HRC Came,WL Madsen,JJ Carson,0,0,,,,,,"",""
ball,3,50.1,Derbyshire,WL Madsen,HRC Came,JM Coles,0,0,,,,,,"",""
ball,3,50.2,Derbyshire,WL Madsen,HRC Came,JM Coles,0,0,,,,,,"",""
ball,3,50.3,Derbyshire,WL Madsen,HRC Came,JM Coles,1,0,,,,,,"",""
ball,3,50.4,Derbyshire,HRC Came,WL Madsen,JM Coles,0,0,,,,,,"",""
ball,3,50.5,Derbyshire,HRC Came,WL Madsen,JM Coles,0,0,,,,,,"",""
ball,3,50.6,Derbyshire,HRC Came,WL Madsen,JM Coles,0,0,,,,,,"",""
ball,3,51.1,Derbyshire,WL Madsen,HRC Came,TJ Haines,4,0,,,,,,"",""
ball,3,51.2,Derbyshire,WL Madsen,HRC Came,TJ Haines,0,0,,,,,,"",""
ball,3,51.3,Derbyshire,WL Madsen,HRC Came,TJ Haines,2,0,,,,,,"",""
ball,3,51.4,Derbyshire,WL Madsen,HRC Came,TJ Haines,0,0,,,,,,"",""
ball,3,51.5,Derbyshire,WL Madsen,HRC Came,TJ Haines,0,0,,,,,,"",""
ball,3,51.6,Derbyshire,WL Madsen,HRC Came,TJ Haines,0,0,,,,,,"",""
ball,3,52.1,Derbyshire,HRC Came,WL Madsen,JJ Carson,0,0,,,,,,"",""
ball,3,52.2,Derbyshire,HRC Came,WL Madsen,JJ Carson,0,0,,,,,,"",""
ball,3,52.3,Derbyshire,HRC Came,WL Madsen,JJ Carson,0,0,,,,,,"",""
ball,3,52.4,Derbyshire,HRC Came,WL Madsen,JJ Carson,0,0,,,,,,"",""
ball,3,52.5,Derbyshire,HRC Came,WL Madsen,JJ Carson,0,0,,,,,,"",""
ball,3,52.6,Derbyshire,HRC Came,WL Madsen,JJ Carson,0,0,,,,,,"",""
ball,3,53.1,Derbyshire,WL Madsen,HRC Came,JM Coles,1,0,,,,,,"",""
ball,3,53.2,Derbyshire,HRC Came,WL Madsen,JM Coles,0,0,,,,,,"",""
ball,3,53.3,Derbyshire,HRC Came,WL Madsen,JM Coles,0,0,,,,,,"",""
ball,3,53.4,Derbyshire,HRC Came,WL Madsen,JM Coles,0,0,,,,,,"",""
ball,3,53.5,Derbyshire,HRC Came,WL Madsen,JM Coles,1,0,,,,,,"",""
ball,3,53.6,Derbyshire,WL Madsen,HRC Came,JM Coles,0,0,,,,,,"",""
ball,3,54.1,Derbyshire,HRC Came,WL Madsen,JJ Carson,0,0,,,,,,"",""
ball,3,54.2,Derbyshire,HRC Came,WL Madsen,JJ Carson,1,0,,,,,,"",""
ball,3,54.3,Derbyshire,WL Madsen,HRC Came,JJ Carson,0,0,,,,,,"",""
ball,3,54.4,Derbyshire,WL Madsen,HRC Came,JJ Carson,0,0,,,,,,"",""
ball,3,54.5,Derbyshire,WL Madsen,HRC Came,JJ Carson,0,0,,,,,,"",""
ball,3,54.6,Derbyshire,WL Madsen,HRC Came,JJ Carson,0,0,,,,,,"",""
ball,3,55.1,Derbyshire,HRC Came,WL Madsen,JM Coles,1,0,,,,,,"",""
ball,3,55.2,Derbyshire,WL Madsen,HRC Came,JM Coles,0,0,,,,,,"",""
ball,3,55.3,Derbyshire,WL Madsen,HRC Came,JM Coles,0,1,1,,,,,"",""
ball,3,55.4,Derbyshire,WL Madsen,HRC Came,JM Coles,1,0,,,,,,"",""
ball,3,55.5,Derbyshire,HRC Came,WL Madsen,JM Coles,1,0,,,,,,"",""
ball,3,55.6,Derbyshire,WL Madsen,HRC Came,JM Coles,1,0,,,,,,"",""
ball,3,55.7,Derbyshire,HRC Came,WL Madsen,JM Coles,0,0,,,,,,"",""
ball,3,56.1,Derbyshire,WL Madsen,HRC Came,JJ Carson,0,0,,,,,,"",""
ball,3,56.2,Derbyshire,WL Madsen,HRC Came,JJ Carson,0,0,,,,,,"",""
ball,3,56.3,Derbyshire,WL Madsen,HRC Came,JJ Carson,1,0,,,,,,"",""
ball,3,56.4,Derbyshire,HRC Came,WL Madsen,JJ Carson,0,0,,,,,,"",""
ball,3,56.5,Derbyshire,HRC Came,WL Madsen,JJ Carson,0,0,,,,,,"",""
ball,3,56.6,Derbyshire,HRC Came,WL Madsen,JJ Carson,0,0,,,,,,"",""
ball,3,57.1,Derbyshire,WL Madsen,HRC Came,JD Unadkat,0,0,,,,,,"",""
ball,3,57.2,Derbyshire,WL Madsen,HRC Came,JD Unadkat,0,0,,,,,,"",""
ball,3,57.3,Derbyshire,WL Madsen,HRC Came,JD Unadkat,2,0,,,,,,"",""
ball,3,57.4,Derbyshire,WL Madsen,HRC Came,JD Unadkat,0,0,,,,,,"",""
ball,3,57.5,Derbyshire,WL Madsen,HRC Came,JD Unadkat,0,0,,,,,,"",""
ball,3,57.6,Derbyshire,WL Madsen,HRC Came,JD Unadkat,0,0,,,,,,"",""
ball,3,58.1,Derbyshire,HRC Came,WL Madsen,JJ Carson,0,0,,,,,,"",""
ball,3,58.2,Derbyshire,HRC Came,WL Madsen,JJ Carson,0,0,,,,,,"",""
ball,3,58.3,Derbyshire,HRC Came,WL Madsen,JJ Carson,0,0,,,,,,"",""
ball,3,58.4,Derbyshire,HRC Came,WL Madsen,JJ Carson,0,0,,,,,,"",""
ball,3,58.5,Derbyshire,HRC Came,WL Madsen,JJ Carson,0,0,,,,,,"",""
ball,3,58.6,Derbyshire,HRC Came,WL Madsen,JJ Carson,0,0,,,,,,"",""
ball,3,59.1,Derbyshire,WL Madsen,HRC Came,JD Unadkat,0,0,,,,,,"",""
ball,3,59.2,Derbyshire,WL Madsen,HRC Came,JD Unadkat,0,0,,,,,,"",""
ball,3,59.3,Derbyshire,WL Madsen,HRC Came,JD Unadkat,0,0,,,,,,"",""
ball,3,59.4,Derbyshire,WL Madsen,HRC Came,JD Unadkat,0,0,,,,,,"",""
ball,3,59.5,Derbyshire,WL Madsen,HRC Came,JD Unadkat,0,0,,,,,,"",""
ball,3,59.6,Derbyshire,WL Madsen,HRC Came,JD Unadkat,0,0,,,,,,"",""
ball,3,60.1,Derbyshire,HRC Came,WL Madsen,JJ Carson,0,0,,,,,,"",""
ball,3,60.2,Derbyshire,HRC Came,WL Madsen,JJ Carson,0,0,,,,,,"",""
ball,3,60.3,Derbyshire,HRC Came,WL Madsen,JJ Carson,0,0,,,,,,"",""
ball,3,60.4,Derbyshire,HRC Came,WL Madsen,JJ Carson,1,0,,,,,,"",""
ball,3,60.5,Derbyshire,WL Madsen,HRC Came,JJ Carson,1,0,,,,,,"",""
ball,3,60.6,Derbyshire,HRC Came,WL Madsen,JJ Carson,0,0,,,,,,"",""
ball,3,61.1,Derbyshire,WL Madsen,HRC Came,JD Unadkat,0,0,,,,,,"",""
ball,3,61.2,Derbyshire,WL Madsen,HRC Came,JD Unadkat,0,0,,,,,,"",""
ball,3,61.3,Derbyshire,WL Madsen,HRC Came,JD Unadkat,0,0,,,,,,"",""
ball,3,61.4,Derbyshire,WL Madsen,HRC Came,JD Unadkat,0,0,,,,,,"",""
ball,3,61.5,Derbyshire,WL Madsen,HRC Came,JD Unadkat,0,0,,,,,,"",""
ball,3,61.6,Derbyshire,WL Madsen,HRC Came,JD Unadkat,1,0,,,,,,"",""
ball,3,62.1,Derbyshire,WL Madsen,HRC Came,JJ Carson,1,0,,,,,,"",""
ball,3,62.2,Derbyshire,HRC Came,WL Madsen,JJ Carson,0,0,,,,,,"",""
ball,3,62.3,Derbyshire,HRC Came,WL Madsen,JJ Carson,1,0,,,,,,"",""
ball,3,62.4,Derbyshire,WL Madsen,HRC Came,JJ Carson,0,0,,,,,,"",""
ball,3,62.5,Derbyshire,WL Madsen,HRC Came,JJ Carson,2,0,,,,,,"",""
ball,3,62.6,Derbyshire,WL Madsen,HRC Came,JJ Carson,4,0,,,,,,"",""
ball,3,63.1,Derbyshire,HRC Came,WL Madsen,JD Unadkat,0,0,,,,,,"",""
ball,3,63.2,Derbyshire,HRC Came,WL Madsen,JD Unadkat,0,0,,,,,,"",""
ball,3,63.3,Derbyshire,HRC Came,WL Madsen,JD Unadkat,0,0,,,,,,"",""
ball,3,63.4,Derbyshire,HRC Came,WL Madsen,JD Unadkat,0,0,,,,,,"",""
ball,3,63.5,Derbyshire,HRC Came,WL Madsen,JD Unadkat,0,0,,,,,,"",""
ball,3,63.6,Derbyshire,HRC Came,WL Madsen,JD Unadkat,0,0,,,,,,"",""
ball,3,64.1,Derbyshire,WL Madsen,HRC Came,JJ Carson,1,0,,,,,,"",""
ball,3,64.2,Derbyshire,HRC Came,WL Madsen,JJ Carson,0,0,,,,,,"",""
ball,3,64.3,Derbyshire,HRC Came,WL Madsen,JJ Carson,1,0,,,,,,"",""
ball,3,64.4,Derbyshire,WL Madsen,HRC Came,JJ Carson,0,0,,,,,,"",""
ball,3,64.5,Derbyshire,WL Madsen,HRC Came,JJ Carson,0,0,,,,,,"",""
ball,3,64.6,Derbyshire,WL Madsen,HRC Came,JJ Carson,0,0,,,,,,"",""
ball,3,65.1,Derbyshire,HRC Came,WL Madsen,OE Robinson,0,0,,,,,,"",""
ball,3,65.2,Derbyshire,HRC Came,WL Madsen,OE Robinson,1,0,,,,,,"",""
ball,3,65.3,Derbyshire,WL Madsen,HRC Came,OE Robinson,0,0,,,,,,"",""
ball,3,65.4,Derbyshire,WL Madsen,HRC Came,OE Robinson,0,0,,,,,,"",""
ball,3,65.5,Derbyshire,WL Madsen,HRC Came,OE Robinson,0,0,,,,,,"",""
ball,3,65.6,Derbyshire,WL Madsen,HRC Came,OE Robinson,1,2,,2,,,,"",""
ball,3,65.7,Derbyshire,HRC Came,WL Madsen,OE Robinson,0,0,,,,,,"",""
ball,3,66.1,Derbyshire,WL Madsen,HRC Came,JJ Carson,4,0,,,,,,"",""
ball,3,66.2,Derbyshire,WL Madsen,HRC Came,JJ Carson,0,0,,,,,,"",""
ball,3,66.3,Derbyshire,WL Madsen,HRC Came,JJ Carson,0,0,,,,,,"",""
ball,3,66.4,Derbyshire,WL Madsen,HRC Came,JJ Carson,0,0,,,,,,"",""
ball,3,66.5,Derbyshire,WL Madsen,HRC Came,JJ Carson,1,0,,,,,,"",""
ball,3,66.6,Derbyshire,HRC Came,WL Madsen,JJ Carson,0,0,,,,,,"",""
ball,3,67.1,Derbyshire,WL Madsen,HRC Came,OE Robinson,0,0,,,,,,"",""
ball,3,67.2,Derbyshire,WL Madsen,HRC Came,OE Robinson,2,0,,,,,,"",""
ball,3,67.3,Derbyshire,WL Madsen,HRC Came,OE Robinson,0,0,,,,,,"",""
ball,3,67.4,Derbyshire,WL Madsen,HRC Came,OE Robinson,0,0,,,,,,"",""
ball,3,67.5,Derbyshire,WL Madsen,HRC Came,OE Robinson,0,0,,,,,,"",""
ball,3,67.6,Derbyshire,WL Madsen,HRC Came,OE Robinson,0,0,,,,,,"",""
ball,3,68.1,Derbyshire,HRC Came,WL Madsen,JJ Carson,0,0,,,,,,"",""
ball,3,68.2,Derbyshire,HRC Came,WL Madsen,JJ Carson,0,0,,,,,,"",""
ball,3,68.3,Derbyshire,HRC Came,WL Madsen,JJ Carson,0,0,,,,,,"",""
ball,3,68.4,Derbyshire,HRC Came,WL Madsen,JJ Carson,0,0,,,,,,"",""
ball,3,68.5,Derbyshire,HRC Came,WL Madsen,JJ Carson,0,0,,,,,,"",""
ball,3,68.6,Derbyshire,HRC Came,WL Madsen,JJ Carson,0,0,,,,,,"",""
ball,3,69.1,Derbyshire,WL Madsen,HRC Came,OE Robinson,0,0,,,,,,"",""
ball,3,69.2,Derbyshire,WL Madsen,HRC Came,OE Robinson,0,0,,,,,,"",""
ball,3,69.3,Derbyshire,WL Madsen,HRC Came,OE Robinson,0,0,,,,,,"",""
ball,3,69.4,Derbyshire,WL Madsen,HRC Came,OE Robinson,0,0,,,,,,"",""
ball,3,69.5,Derbyshire,WL Madsen,HRC Came,OE Robinson,0,0,,,,,,"",""
ball,3,69.6,Derbyshire,WL Madsen,HRC Came,OE Robinson,4,0,,,,,,"",""
ball,3,70.1,Derbyshire,HRC Came,WL Madsen,JJ Carson,0,0,,,,,,"",""
ball,3,70.2,Derbyshire,HRC Came,WL Madsen,JJ Carson,0,0,,,,,,"",""
ball,3,70.3,Derbyshire,HRC Came,WL Madsen,JJ Carson,0,0,,,,,,"",""
ball,3,70.4,Derbyshire,HRC Came,WL Madsen,JJ Carson,0,0,,,,,,"",""
ball,3,70.5,Derbyshire,HRC Came,WL Madsen,JJ Carson,0,0,,,,,,"",""
ball,3,70.6,Derbyshire,HRC Came,WL Madsen,JJ Carson,0,0,,,,,,"",""
ball,3,71.1,Derbyshire,WL Madsen,HRC Came,OE Robinson,0,0,,,,,,"",""
ball,3,71.2,Derbyshire,WL Madsen,HRC Came,OE Robinson,0,0,,,,,,"",""
ball,3,71.3,Derbyshire,WL Madsen,HRC Came,OE Robinson,0,0,,,,,,"",""
ball,3,71.4,Derbyshire,WL Madsen,HRC Came,OE Robinson,0,0,,,,,,"",""
ball,3,71.5,Derbyshire,WL Madsen,HRC Came,OE Robinson,0,0,,,,,,"",""
ball,3,71.6,Derbyshire,WL Madsen,HRC Came,OE Robinson,0,0,,,,,,"",""
ball,3,72.1,Derbyshire,HRC Came,WL Madsen,JJ Carson,0,0,,,,,,"",""
ball,3,72.2,Derbyshire,HRC Came,WL Madsen,JJ Carson,0,0,,,,,,"",""
ball,3,72.3,Derbyshire,HRC Came,WL Madsen,JJ Carson,0,0,,,,,,"",""
ball,3,72.4,Derbyshire,HRC Came,WL Madsen,JJ Carson,0,0,,,,,,"",""
ball,3,72.5,Derbyshire,HRC Came,WL Madsen,JJ Carson,0,0,,,,,,"",""
ball,3,72.6,Derbyshire,HRC Came,WL Madsen,JJ Carson,0,0,,,,,,"",""
ball,3,73.1,Derbyshire,WL Madsen,HRC Came,HT Crocombe,4,0,,,,,,"",""
ball,3,73.2,Derbyshire,WL Madsen,HRC Came,HT Crocombe,0,0,,,,,,"",""
ball,3,73.3,Derbyshire,WL Madsen,HRC Came,HT Crocombe,4,0,,,,,,"",""
ball,3,73.4,Derbyshire,WL Madsen,HRC Came,HT Crocombe,1,0,,,,,,"",""
ball,3,73.5,Derbyshire,HRC Came,WL Madsen,HT Crocombe,0,0,,,,,,"",""
ball,3,73.6,Derbyshire,HRC Came,WL Madsen,HT Crocombe,1,0,,,,,,"",""
ball,3,74.1,Derbyshire,HRC Came,WL Madsen,JJ Carson,0,0,,,,,,"",""
ball,3,74.2,Derbyshire,HRC Came,WL Madsen,JJ Carson,0,0,,,,,,"",""
ball,3,74.3,Derbyshire,HRC Came,WL Madsen,JJ Carson,0,0,,,,,,"",""
ball,3,74.4,Derbyshire,HRC Came,WL Madsen,JJ Carson,0,0,,,,,,"",""
ball,3,74.5,Derbyshire,HRC Came,WL Madsen,JJ Carson,0,0,,,,,,"",""
ball,3,74.6,Derbyshire,HRC Came,WL Madsen,JJ Carson,2,0,,,,,,"",""
ball,3,75.1,Derbyshire,WL Madsen,HRC Came,HT Crocombe,1,0,,,,,,"",""
ball,3,75.2,Derbyshire,HRC Came,WL Madsen,HT Crocombe,0,0,,,,,,"",""
ball,3,75.3,Derbyshire,HRC Came,WL Madsen,HT Crocombe,0,0,,,,,,"",""
ball,3,75.4,Derbyshire,HRC Came,WL Madsen,HT Crocombe,0,0,,,,,,"",""
ball,3,75.5,Derbyshire,HRC Came,WL Madsen,HT Crocombe,0,0,,,,,,"",""
ball,3,75.6,Derbyshire,HRC Came,WL Madsen,HT Crocombe,0,0,,,,,,"",""
ball,3,76.1,Derbyshire,WL Madsen,HRC Came,JM Coles,0,0,,,,,,"",""
ball,3,76.2,Derbyshire,WL Madsen,HRC Came,JM Coles,1,0,,,,,,"",""
ball,3,76.3,Derbyshire,HRC Came,WL Madsen,JM Coles,4,0,,,,,,"",""
ball,3,76.4,Derbyshire,HRC Came,WL Madsen,JM Coles,0,0,,,,,,"",""
ball,3,76.5,Derbyshire,HRC Came,WL Madsen,JM Coles,0,0,,,,,,"",""
ball,3,76.6,Derbyshire,HRC Came,WL Madsen,JM Coles,0,0,,,,,,"",""
ball,3,77.1,Derbyshire,WL Madsen,HRC Came,HT Crocombe,1,0,,,,,,"",""
ball,3,77.2,Derbyshire,HRC Came,WL Madsen,HT Crocombe,1,0,,,,,,"",""
ball,3,77.3,Derbyshire,WL Madsen,HRC Came,HT Crocombe,0,0,,,,,,"",""
ball,3,77.4,Derbyshire,WL Madsen,HRC Came,HT Crocombe,1,0,,,,,,"",""
ball,3,77.5,Derbyshire,HRC Came,WL Madsen,HT Crocombe,0,0,,,,,,"",""
ball,3,77.6,Derbyshire,HRC Came,WL Madsen,HT Crocombe,0,0,,,,,,"",""
ball,3,78.1,Derbyshire,WL Madsen,HRC Came,JM Coles,0,0,,,,,,"",""
ball,3,78.2,Derbyshire,WL Madsen,HRC Came,JM Coles,0,0,,,,,,"",""
ball,3,78.3,Derbyshire,WL Madsen,HRC Came,JM Coles,0,0,,,,,,"",""
ball,3,78.4,Derbyshire,WL Madsen,HRC Came,JM Coles,0,0,,,,,,"",""
ball,3,78.5,Derbyshire,WL Madsen,HRC Came,JM Coles,0,0,,,,,,"",""
ball,3,78.6,Derbyshire,WL Madsen,HRC Came,JM Coles,2,0,,,,,,"",""
ball,3,79.1,Derbyshire,HRC Came,WL Madsen,HT Crocombe,0,0,,,,,,"",""
ball,3,79.2,Derbyshire,HRC Came,WL Madsen,HT Crocombe,1,0,,,,,,"",""
ball,3,79.3,Derbyshire,WL Madsen,HRC Came,HT Crocombe,0,0,,,,,,"",""
ball,3,79.4,Derbyshire,WL Madsen,HRC Came,HT Crocombe,1,0,,,,,,"",""
ball,3,79.5,Derbyshire,HRC Came,WL Madsen,HT Crocombe,0,0,,,,,,"",""
ball,3,79.6,Derbyshire,HRC Came,WL Madsen,HT Crocombe,0,0,,,,,,"",""
ball,3,80.1,Derbyshire,WL Madsen,HRC Came,FJ Hudson-Prentice,0,0,,,,,,"",""
ball,3,80.2,Derbyshire,WL Madsen,HRC Came,FJ Hudson-Prentice,0,0,,,,,,"",""
ball,3,80.3,Derbyshire,WL Madsen,HRC Came,FJ Hudson-Prentice,0,0,,,,,,"",""
ball,3,80.4,Derbyshire,WL Madsen,HRC Came,FJ Hudson-Prentice,0,0,,,,,,"",""
ball,3,80.5,Derbyshire,WL Madsen,HRC Came,FJ Hudson-Prentice,0,0,,,,,,"",""
ball,3,80.6,Derbyshire,WL Madsen,HRC Came,FJ Hudson-Prentice,0,0,,,,,,"",""
ball,3,81.1,Derbyshire,HRC Came,WL Madsen,OE Robinson,0,0,,,,,,"",""
ball,3,81.2,Derbyshire,HRC Came,WL Madsen,OE Robinson,1,0,,,,,,"",""
ball,3,81.3,Derbyshire,WL Madsen,HRC Came,OE Robinson,0,1,,,,1,,"",""
ball,3,81.4,Derbyshire,HRC Came,WL Madsen,OE Robinson,0,0,,,,,,"",""
ball,3,81.5,Derbyshire,HRC Came,WL Madsen,OE Robinson,0,0,,,,,,"",""
ball,3,81.6,Derbyshire,HRC Came,WL Madsen,OE Robinson,0,0,,,,,,"",""
ball,3,82.1,Derbyshire,WL Madsen,HRC Came,FJ Hudson-Prentice,4,0,,,,,,"",""
ball,3,82.2,Derbyshire,WL Madsen,HRC Came,FJ Hudson-Prentice,0,0,,,,,,"",""
ball,3,82.3,Derbyshire,WL Madsen,HRC Came,FJ Hudson-Prentice,1,0,,,,,,"",""
ball,3,82.4,Derbyshire,HRC Came,WL Madsen,FJ Hudson-Prentice,0,0,,,,,,"",""
ball,3,82.5,Derbyshire,HRC Came,WL Madsen,FJ Hudson-Prentice,0,0,,,,,,"",""
ball,3,82.6,Derbyshire,HRC Came,WL Madsen,FJ Hudson-Prentice,0,0,,,,,,"",""
ball,3,83.1,Derbyshire,WL Madsen,HRC Came,OE Robinson,0,0,,,,,,"",""
ball,3,83.2,Derbyshire,WL Madsen,HRC Came,OE Robinson,0,0,,,,,,"",""
ball,3,83.3,Derbyshire,WL Madsen,HRC Came,OE Robinson,0,0,,,,,,"",""
ball,3,83.4,Derbyshire,WL Madsen,HRC Came,OE Robinson,0,0,,,,,,"",""
ball,3,83.5,Derbyshire,WL Madsen,HRC Came,OE Robinson,0,0,,,,,,"",""
ball,3,83.6,Derbyshire,WL Madsen,HRC Came,OE Robinson,1,0,,,,,,"",""
ball,3,84.1,Derbyshire,WL Madsen,HRC Came,JD Unadkat,0,0,,,,,,"",""
ball,3,84.2,Derbyshire,WL Madsen,HRC Came,JD Unadkat,0,0,,,,,,"",""
ball,3,84.3,Derbyshire,WL Madsen,HRC Came,JD Unadkat,0,0,,,,,,"",""
ball,3,84.4,Derbyshire,WL Madsen,HRC Came,JD Unadkat,0,0,,,,,,caught,WL Madsen
ball,3,84.5,Derbyshire,DL Lloyd,HRC Came,JD Unadkat,0,0,,,,,,"",""
ball,3,84.6,Derbyshire,DL Lloyd,HRC Came,JD Unadkat,0,0,,,,,,"",""
ball,3,85.1,Derbyshire,HRC Came,DL Lloyd,OE Robinson,0,0,,,,,,"",""
ball,3,85.2,Derbyshire,HRC Came,DL Lloyd,OE Robinson,0,0,,,,,,"",""
ball,3,85.3,Derbyshire,HRC Came,DL Lloyd,OE Robinson,4,0,,,,,,"",""
ball,3,85.4,Derbyshire,HRC Came,DL Lloyd,OE Robinson,0,0,,,,,,"",""
ball,3,85.5,Derbyshire,HRC Came,DL Lloyd,OE Robinson,0,0,,,,,,"",""
ball,3,85.6,Derbyshire,HRC Came,DL Lloyd,OE Robinson,0,0,,,,,,"",""
ball,3,86.1,Derbyshire,DL Lloyd,HRC Came,JD Unadkat,0,0,,,,,,"",""
ball,3,86.2,Derbyshire,DL Lloyd,HRC Came,JD Unadkat,0,0,,,,,,caught,DL Lloyd
ball,3,86.3,Derbyshire,AHT Donald,HRC Came,JD Unadkat,0,0,,,,,,"",""
ball,3,86.4,Derbyshire,AHT Donald,HRC Came,JD Unadkat,0,0,,,,,,"",""
ball,3,86.5,Derbyshire,AHT Donald,HRC Came,JD Unadkat,0,0,,,,,,"",""
ball,3,86.6,Derbyshire,AHT Donald,HRC Came,JD Unadkat,0,0,,,,,,"",""
ball,3,87.1,Derbyshire,HRC Came,AHT Donald,OE Robinson,1,0,,,,,,"",""
ball,3,87.2,Derbyshire,AHT Donald,HRC Came,OE Robinson,0,0,,,,,,"",""
ball,3,87.3,Derbyshire,AHT Donald,HRC Came,OE Robinson,0,0,,,,,,"",""
ball,3,87.4,Derbyshire,AHT Donald,HRC Came,OE Robinson,4,0,,,,,,"",""
ball,3,87.5,Derbyshire,AHT Donald,HRC Came,OE Robinson,0,0,,,,,,"",""
ball,3,87.6,Derbyshire,AHT Donald,HRC Came,OE Robinson,0,0,,,,,,"",""
ball,3,88.1,Derbyshire,HRC Came,AHT Donald,JD Unadkat,0,0,,,,,,"",""
ball,3,88.2,Derbyshire,HRC Came,AHT Donald,JD Unadkat,0,0,,,,,,"",""
ball,3,88.3,Derbyshire,HRC Came,AHT Donald,JD Unadkat,0,0,,,,,,"",""
ball,3,88.4,Derbyshire,HRC Came,AHT Donald,JD Unadkat,0,0,,,,,,"",""
ball,3,88.5,Derbyshire,HRC Came,AHT Donald,JD Unadkat,0,0,,,,,,"",""
ball,3,88.6,Derbyshire,HRC Came,AHT Donald,JD Unadkat,0,0,,,,,,"",""
ball,3,89.1,Derbyshire,AHT Donald,HRC Came,OE Robinson,4,0,,,,,,"",""
ball,3,89.2,Derbyshire,AHT Donald,HRC Came,OE Robinson,0,0,,,,,,"",""
ball,3,89.3,Derbyshire,AHT Donald,HRC Came,OE Robinson,0,0,,,,,,"",""
ball,3,89.4,Derbyshire,AHT Donald,HRC Came,OE Robinson,0,0,,,,,,"",""
ball,3,89.5,Derbyshire,AHT Donald,HRC Came,OE Robinson,0,0,,,,,,"",""
ball,3,89.6,Derbyshire,AHT Donald,HRC Came,OE Robinson,0,0,,,,,,"",""
ball,3,90.1,Derbyshire,HRC Came,AHT Donald,JD Unadkat,4,0,,,,,,"",""
ball,3,90.2,Derbyshire,HRC Came,AHT Donald,JD Unadkat,0,0,,,,,,"",""
ball,3,90.3,Derbyshire,HRC Came,AHT Donald,JD Unadkat,0,0,,,,,,"",""
ball,3,90.4,Derbyshire,HRC Came,AHT Donald,JD Unadkat,0,0,,,,,,"",""
ball,3,90.5,Derbyshire,HRC Came,AHT Donald,JD Unadkat,0,0,,,,,,"",""
ball,3,90.6,Derbyshire,HRC Came,AHT Donald,JD Unadkat,0,0,,,,,,"",""
ball,3,91.1,Derbyshire,AHT Donald,HRC Came,OE Robinson,4,0,,,,,,"",""
ball,3,91.2,Derbyshire,AHT Donald,HRC Came,OE Robinson,4,0,,,,,,"",""
ball,3,91.3,Derbyshire,AHT Donald,HRC Came,OE Robinson,0,0,,,,,,"",""
ball,3,91.4,Derbyshire,AHT Donald,HRC Came,OE Robinson,0,0,,,,,,"",""
ball,3,91.5,Derbyshire,AHT Donald,HRC Came,OE Robinson,1,0,,,,,,"",""
ball,3,91.6,Derbyshire,HRC Came,AHT Donald,OE Robinson,0,0,,,,,,"",""
ball,3,92.1,Derbyshire,AHT Donald,HRC Came,JJ Carson,0,0,,,,,,"",""
ball,3,92.2,Derbyshire,AHT Donald,HRC Came,JJ Carson,0,0,,,,,,"",""
ball,3,92.3,Derbyshire,AHT Donald,HRC Came,JJ Carson,0,0,,,,,,"",""
ball,3,92.4,Derbyshire,AHT Donald,HRC Came,JJ Carson,0,0,,,,,,"",""
ball,3,92.5,Derbyshire,AHT Donald,HRC Came,JJ Carson,0,0,,,,,,"",""
ball,3,92.6,Derbyshire,AHT Donald,HRC Came,JJ Carson,0,0,,,,,,"",""
ball,3,93.1,Derbyshire,HRC Came,AHT Donald,OE Robinson,0,0,,,,,,"",""
ball,3,93.2,Derbyshire,HRC Came,AHT Donald,OE Robinson,0,2,,2,,,,"",""
ball,3,93.3,Derbyshire,HRC Came,AHT Donald,OE Robinson,0,0,,,,,,"",""
ball,3,93.4,Derbyshire,HRC Came,AHT Donald,OE Robinson,0,0,,,,,,"",""
ball,3,93.5,Derbyshire,HRC Came,AHT Donald,OE Robinson,2,0,,,,,,"",""
ball,3,93.6,Derbyshire,HRC Came,AHT Donald,OE Robinson,0,0,,,,,,"",""
ball,3,93.7,Derbyshire,HRC Came,AHT Donald,OE Robinson,0,0,,,,,,"",""
ball,3,94.1,Derbyshire,AHT Donald,HRC Came,JJ Carson,0,0,,,,,,"",""
ball,3,94.2,Derbyshire,AHT Donald,HRC Came,JJ Carson,1,0,,,,,,"",""
ball,3,94.3,Derbyshire,HRC Came,AHT Donald,JJ Carson,0,0,,,,,,"",""
ball,3,94.4,Derbyshire,HRC Came,AHT Donald,JJ Carson,0,0,,,,,,"",""
ball,3,94.5,Derbyshire,HRC Came,AHT Donald,JJ Carson,0,0,,,,,,"",""
ball,3,94.6,Derbyshire,HRC Came,AHT Donald,JJ Carson,0,0,,,,,,caught,HRC Came
ball,3,95.1,Derbyshire,AHT Donald,ZJ Chappell,OE Robinson,0,0,,,,,,"",""
ball,3,95.2,Derbyshire,AHT Donald,ZJ Chappell,OE Robinson,0,0,,,,,,"",""
ball,3,95.3,Derbyshire,AHT Donald,ZJ Chappell,OE Robinson,0,0,,,,,,"",""
ball,3,95.4,Derbyshire,AHT Donald,ZJ Chappell,OE Robinson,4,0,,,,,,"",""
ball,3,95.5,Derbyshire,AHT Donald,ZJ Chappell,OE Robinson,0,0,,,,,,"",""
ball,3,95.6,Derbyshire,AHT Donald,ZJ Chappell,OE Robinson,0,0,,,,,,"",""
ball,3,96.1,Derbyshire,ZJ Chappell,AHT Donald,JJ Carson,0,0,,,,,,"",""
ball,3,96.2,Derbyshire,ZJ Chappell,AHT Donald,JJ Carson,0,0,,,,,,"",""
ball,3,96.3,Derbyshire,ZJ Chappell,AHT Donald,JJ Carson,0,0,,,,,,"",""
ball,3,96.4,Derbyshire,ZJ Chappell,AHT Donald,JJ Carson,0,0,,,,,,"",""
ball,3,96.5,Derbyshire,ZJ Chappell,AHT Donald,JJ Carson,0,0,,,,,,"",""
ball,3,96.6,Derbyshire,ZJ Chappell,AHT Donald,JJ Carson,1,0,,,,,,"",""
ball,3,97.1,Derbyshire,ZJ Chappell,AHT Donald,OE Robinson,0,0,,,,,,"",""
ball,3,97.2,Derbyshire,ZJ Chappell,AHT Donald,OE Robinson,0,0,,,,,,"",""
ball,3,97.3,Derbyshire,ZJ Chappell,AHT Donald,OE Robinson,0,0,,,,,,"",""
ball,3,97.4,Derbyshire,ZJ Chappell,AHT Donald,OE Robinson,4,0,,,,,,"",""
ball,3,97.5,Derbyshire,ZJ Chappell,AHT Donald,OE Robinson,1,0,,,,,,"",""
ball,3,97.6,Derbyshire,AHT Donald,ZJ Chappell,OE Robinson,4,0,,,,,,"",""
ball,3,98.1,Derbyshire,ZJ Chappell,AHT Donald,JJ Carson,0,0,,,,,,"",""
ball,3,98.2,Derbyshire,ZJ Chappell,AHT Donald,JJ Carson,0,0,,,,,,"",""
ball,3,98.3,Derbyshire,ZJ Chappell,AHT Donald,JJ Carson,0,0,,,,,,"",""
ball,3,98.4,Derbyshire,ZJ Chappell,AHT Donald,JJ Carson,0,0,,,,,,"",""
ball,3,98.5,Derbyshire,ZJ Chappell,AHT Donald,JJ Carson,1,0,,,,,,"",""
ball,3,98.6,Derbyshire,AHT Donald,ZJ Chappell,JJ Carson,0,0,,,,,,"",""
ball,3,99.1,Derbyshire,ZJ Chappell,AHT Donald,JD Unadkat,0,0,,,,,,"",""
ball,3,99.2,Derbyshire,ZJ Chappell,AHT Donald,JD Unadkat,0,0,,,,,,"",""
ball,3,99.3,Derbyshire,ZJ Chappell,AHT Donald,JD Unadkat,0,0,,,,,,"",""
ball,3,99.4,Derbyshire,ZJ Chappell,AHT Donald,JD Unadkat,0,0,,,,,,"",""
ball,3,99.5,Derbyshire,ZJ Chappell,AHT Donald,JD Unadkat,0,0,,,,,,"",""
ball,3,99.6,Derbyshire,ZJ Chappell,AHT Donald,JD Unadkat,0,0,,,,,,"",""
ball,3,100.1,Derbyshire,AHT Donald,ZJ Chappell,JJ Carson,1,0,,,,,,"",""
ball,3,100.2,Derbyshire,ZJ Chappell,AHT Donald,JJ Carson,0,0,,,,,,"",""
ball,3,100.3,Derbyshire,ZJ Chappell,AHT Donald,JJ Carson,0,0,,,,,,"",""
ball,3,100.4,Derbyshire,ZJ Chappell,AHT Donald,JJ Carson,0,0,,,,,,caught,ZJ Chappell
ball,3,100.5,Derbyshire,Anuj Dal,AHT Donald,JJ Carson,0,0,,,,,,"",""
ball,3,100.6,Derbyshire,Anuj Dal,AHT Donald,JJ Carson,0,0,,,,,,"",""
ball,3,101.1,Derbyshire,AHT Donald,Anuj Dal,JD Unadkat,0,0,,,,,,"",""
ball,3,101.2,Derbyshire,AHT Donald,Anuj Dal,JD Unadkat,1,0,,,,,,"",""
ball,3,101.3,Derbyshire,Anuj Dal,AHT Donald,JD Unadkat,0,0,,,,,,"",""
ball,3,101.4,Derbyshire,Anuj Dal,AHT Donald,JD Unadkat,0,0,,,,,,"",""
ball,3,101.5,Derbyshire,Anuj Dal,AHT Donald,JD Unadkat,0,0,,,,,,"",""
ball,3,101.6,Derbyshire,Anuj Dal,AHT Donald,JD Unadkat,0,0,,,,,,"",""
ball,3,102.1,Derbyshire,AHT Donald,Anuj Dal,JJ Carson,0,0,,,,,,"",""
ball,3,102.2,Derbyshire,AHT Donald,Anuj Dal,JJ Carson,0,0,,,,,,caught,AHT Donald
ball,3,102.3,Derbyshire,JP Morley,Anuj Dal,JJ Carson,0,0,,,,,,"",""
ball,3,102.4,Derbyshire,JP Morley,Anuj Dal,JJ Carson,0,0,,,,,,"",""
ball,3,102.5,Derbyshire,JP Morley,Anuj Dal,JJ Carson,0,0,,,,,,"",""
ball,3,102.6,Derbyshire,JP Morley,Anuj Dal,JJ Carson,0,0,,,,,,"",""
ball,3,103.1,Derbyshire,Anuj Dal,JP Morley,JD Unadkat,0,0,,,,,,"",""
ball,3,103.2,Derbyshire,Anuj Dal,JP Morley,JD Unadkat,0,0,,,,,,"",""
ball,3,103.3,Derbyshire,Anuj Dal,JP Morley,JD Unadkat,0,0,,,,,,"",""
ball,3,103.4,Derbyshire,Anuj Dal,JP Morley,JD Unadkat,0,0,,,,,,"",""
ball,3,103.5,Derbyshire,Anuj Dal,JP Morley,JD Unadkat,0,0,,,,,,"",""
ball,3,103.6,Derbyshire,Anuj Dal,JP Morley,JD Unadkat,0,0,,,,,,"",""
ball,3,104.1,Derbyshire,JP Morley,Anuj Dal,JJ Carson,0,0,,,,,,"",""
ball,3,104.2,Derbyshire,JP Morley,Anuj Dal,JJ Carson,0,0,,,,,,"",""
ball,3,104.3,Derbyshire,JP Morley,Anuj Dal,JJ Carson,0,0,,,,,,caught,JP Morley
ball,3,104.4,Derbyshire,DM Dupavillon,Anuj Dal,JJ Carson,0,0,,,,,,"",""
ball,3,104.5,Derbyshire,DM Dupavillon,Anuj Dal,JJ Carson,0,0,,,,,,"",""
ball,3,104.6,Derbyshire,DM Dupavillon,Anuj Dal,JJ Carson,0,0,,,,,,"",""
ball,3,105.1,Derbyshire,Anuj Dal,DM Dupavillon,HT Crocombe,0,0,,,,,,"",""
ball,3,105.2,Derbyshire,Anuj Dal,DM Dupavillon,HT Crocombe,1,0,,,,,,"",""
ball,3,105.3,Derbyshire,DM Dupavillon,Anuj Dal,HT Crocombe,0,0,,,,,,"",""
ball,3,105.4,Derbyshire,DM Dupavillon,Anuj Dal,HT Crocombe,0,0,,,,,,"",""
ball,3,105.5,Derbyshire,DM Dupavillon,Anuj Dal,HT Crocombe,0,0,,,,,,"",""
ball,3,105.6,Derbyshire,DM Dupavillon,Anuj Dal,HT Crocombe,0,0,,,,,,"",""
ball,3,106.1,Derbyshire,Anuj Dal,DM Dupavillon,JJ Carson,0,0,,,,,,"",""
ball,3,106.2,Derbyshire,Anuj Dal,DM Dupavillon,JJ Carson,0,0,,,,,,"",""
ball,3,106.3,Derbyshire,Anuj Dal,DM Dupavillon,JJ Carson,0,0,,,,,,"",""
ball,3,106.4,Derbyshire,Anuj Dal,DM Dupavillon,JJ Carson,0,0,,,,,,"",""
ball,3,106.5,Derbyshire,Anuj Dal,DM Dupavillon,JJ Carson,0,0,,,,,,"",""
ball,3,106.6,Derbyshire,Anuj Dal,DM Dupavillon,JJ Carson,0,0,,,,,,"",""
ball,3,107.1,Derbyshire,DM Dupavillon,Anuj Dal,HT Crocombe,0,0,,,,,,"",""
ball,3,107.2,Derbyshire,DM Dupavillon,Anuj Dal,HT Crocombe,0,0,,,,,,"",""
ball,3,107.3,Derbyshire,DM Dupavillon,Anuj Dal,HT Crocombe,0,0,,,,,,"",""
ball,3,107.4,Derbyshire,DM Dupavillon,Anuj Dal,HT Crocombe,0,0,,,,,,"",""
ball,3,107.5,Derbyshire,DM Dupavillon,Anuj Dal,HT Crocombe,0,0,,,,,,"",""
ball,3,107.6,Derbyshire,DM Dupavillon,Anuj Dal,HT Crocombe,1,0,,,,,,"",""
ball,3,108.1,Derbyshire,DM Dupavillon,Anuj Dal,JJ Carson,0,0,,,,,,"",""
ball,3,108.2,Derbyshire,DM Dupavillon,Anuj Dal,JJ Carson,0,0,,,,,,"",""
ball,3,108.3,Derbyshire,DM Dupavillon,Anuj Dal,JJ Carson,0,0,,,,,,"",""
ball,3,108.4,Derbyshire,DM Dupavillon,Anuj Dal,JJ Carson,2,0,,,,,,"",""
ball,3,108.5,Derbyshire,DM Dupavillon,Anuj Dal,JJ Carson,0,0,,,,,,caught,DM Dupavillon
ball,3,108.6,Derbyshire,PR Brown,Anuj Dal,JJ Carson,0,0,,,,,,"",""
ball,3,109.1,Derbyshire,Anuj Dal,PR Brown,HT Crocombe,0,0,,,,,,"",""
ball,3,109.2,Derbyshire,Anuj Dal,PR Brown,HT Crocombe,0,0,,,,,,"",""
ball,3,109.3,Derbyshire,Anuj Dal,PR Brown,HT Crocombe,1,0,,,,,,"",""
ball,3,109.4,Derbyshire,PR Brown,Anuj Dal,HT Crocombe,1,0,,,,,,"",""
ball,3,109.5,Derbyshire,Anuj Dal,PR Brown,HT Crocombe,0,0,,,,,,bowled,Anuj Dal
