version,1.7.0
info,balls_per_over,6
info,team,Durham
info,team,Nottinghamshire
info,gender,male
info,season,2024
info,date,2024/08/22
info,date,2024/08/23
info,date,2024/08/24
info,date,2024/08/25
info,event,County Championship
info,match_number,46
info,venue,"Riverside Ground, Chester-le-Street"
info,city,Chester-le-Street
info,toss_winner,Nottinghamshire
info,toss_decision,field
info,umpire,PK Baldwin
info,umpire,PJ Hartley
info,match_referee,SG Hinks
info,winner,Durham
info,winner_innings,1
info,winner_runs,17
info,player,Durham,AZ Lees
info,player,Durham,BS McKinney
info,player,Durham,SG Borthwick
info,player,Durham,OG Robinson
info,player,Durham,AJ Turner
info,player,Durham,G Clark
info,player,Durham,CF Parkinson
info,player,Durham,BFW de Leede
info,player,Durham,BA Raine
info,player,Durham,N Wagner
info,player,Durham,DM Hogg
info,player,Nottinghamshire,H Hameed
info,player,Nottinghamshire,BT Slater
info,player,Nottinghamshire,FW McCann
info,player,Nottinghamshire,JM Clarke
info,player,Nottinghamshire,JA Haynes
info,player,Nottinghamshire,M Montgomery
info,player,Nottinghamshire,LW James
info,player,Nottinghamshire,CG Harrison
info,player,Nottinghamshire,OP Stone
info,player,Nottinghamshire,BA Hutton
info,player,Nottinghamshire,LJ Fletcher
info,registry,people,AJ Turner,ff1e12a0
info,registry,people,AZ Lees,c9c0fe50
info,registry,people,BA Hutton,b3544c5d
info,registry,people,BA Raine,4c0f3806
info,registry,people,BFW de Leede,fc4375ef
info,registry,people,BS McKinney,1db6e336
info,registry,people,BT Slater,c5f1d2a1
info,registry,people,CF Parkinson,aa1210d8
info,registry,people,CG Harrison,f655d740
info,registry,people,DM Hogg,b4fd80a2
info,registry,people,FW McCann,353de846
info,registry,people,G Clark,4fd09cfc
info,registry,people,H Hameed,fe0c5457
info,registry,people,JA Haynes,fe4ebca0
info,registry,people,JM Clarke,2eca67f5
info,registry,people,LJ Fletcher,e423d162
info,registry,people,LW James,2baad3bd
info,registry,people,M Montgomery,7671203a
info,registry,people,N Wagner,78adc879
info,registry,people,OG Robinson,60f4c586
info,registry,people,OP Stone,3f659464
info,registry,people,P Coughlin,71440756
info,registry,people,PJ Hartley,17c7ff26
info,registry,people,PK Baldwin,6bb53c12
info,registry,people,SG Borthwick,51e1ed69
info,registry,people,SG Hinks,0bb4dc0d
ball,1,0.1,Durham,AZ Lees,BS McKinney,OP Stone,0,0,,,,,,"",""
ball,1,0.2,Durham,AZ Lees,BS McKinney,OP Stone,1,0,,,,,,"",""
ball,1,0.3,Durham,BS McKinney,AZ Lees,OP Stone,0,0,,,,,,"",""
ball,1,0.4,Durham,BS McKinney,AZ Lees,OP Stone,0,0,,,,,,"",""
ball,1,0.5,Durham,BS McKinney,AZ Lees,OP Stone,2,0,,,,,,"",""
ball,1,0.6,Durham,BS McKinney,AZ Lees,OP Stone,0,0,,,,,,"",""
ball,1,1.1,Durham,AZ Lees,BS McKinney,BA Hutton,0,0,,,,,,"",""
ball,1,1.2,Durham,AZ Lees,BS McKinney,BA Hutton,0,0,,,,,,"",""
ball,1,1.3,Durham,AZ Lees,BS McKinney,BA Hutton,1,0,,,,,,"",""
ball,1,1.4,Durham,BS McKinney,AZ Lees,BA Hutton,0,0,,,,,,"",""
ball,1,1.5,Durham,BS McKinney,AZ Lees,BA Hutton,0,0,,,,,,"",""
ball,1,1.6,Durham,BS McKinney,AZ Lees,BA Hutton,0,0,,,,,,"",""
ball,1,2.1,Durham,AZ Lees,BS McKinney,OP Stone,0,0,,,,,,"",""
ball,1,2.2,Durham,AZ Lees,BS McKinney,OP Stone,0,0,,,,,,"",""
ball,1,2.3,Durham,AZ Lees,BS McKinney,OP Stone,0,0,,,,,,"",""
ball,1,2.4,Durham,AZ Lees,BS McKinney,OP Stone,0,0,,,,,,"",""
ball,1,2.5,Durham,AZ Lees,BS McKinney,OP Stone,0,0,,,,,,"",""
ball,1,2.6,Durham,AZ Lees,BS McKinney,OP Stone,0,0,,,,,,"",""
ball,1,3.1,Durham,BS McKinney,AZ Lees,BA Hutton,2,0,,,,,,"",""
ball,1,3.2,Durham,BS McKinney,AZ Lees,BA Hutton,0,0,,,,,,"",""
ball,1,3.3,Durham,BS McKinney,AZ Lees,BA Hutton,0,0,,,,,,"",""
ball,1,3.4,Durham,BS McKinney,AZ Lees,BA Hutton,0,0,,,,,,"",""
ball,1,3.5,Durham,BS McKinney,AZ Lees,BA Hutton,0,0,,,,,,"",""
ball,1,3.6,Durham,BS McKinney,AZ Lees,BA Hutton,0,0,,,,,,"",""
ball,1,4.1,Durham,AZ Lees,BS McKinney,OP Stone,0,0,,,,,,"",""
ball,1,4.2,Durham,AZ Lees,BS McKinney,OP Stone,0,0,,,,,,"",""
ball,1,4.3,Durham,AZ Lees,BS McKinney,OP Stone,0,0,,,,,,"",""
ball,1,4.4,Durham,AZ Lees,BS McKinney,OP Stone,0,0,,,,,,"",""
ball,1,4.5,Durham,AZ Lees,BS McKinney,OP Stone,4,0,,,,,,"",""
ball,1,4.6,Durham,AZ Lees,BS McKinney,OP Stone,2,0,,,,,,"",""
ball,1,5.1,Durham,BS McKinney,AZ Lees,BA Hutton,0,0,,,,,,"",""
ball,1,5.2,Durham,BS McKinney,AZ Lees,BA Hutton,0,0,,,,,,"",""
ball,1,5.3,Durham,BS McKinney,AZ Lees,BA Hutton,0,0,,,,,,"",""
ball,1,5.4,Durham,BS McKinney,AZ Lees,BA Hutton,0,0,,,,,,"",""
ball,1,5.5,Durham,BS McKinney,AZ Lees,BA Hutton,0,0,,,,,,"",""
ball,1,5.6,Durham,BS McKinney,AZ Lees,BA Hutton,0,0,,,,,,"",""
ball,1,6.1,Durham,AZ Lees,BS McKinney,OP Stone,2,0,,,,,,"",""
ball,1,6.2,Durham,AZ Lees,BS McKinney,OP Stone,0,0,,,,,,"",""
ball,1,6.3,Durham,AZ Lees,BS McKinney,OP Stone,1,0,,,,,,"",""
ball,1,6.4,Durham,BS McKinney,AZ Lees,OP Stone,4,0,,,,,,"",""
ball,1,6.5,Durham,BS McKinney,AZ Lees,OP Stone,0,0,,,,,,"",""
ball,1,6.6,Durham,BS McKinney,AZ Lees,OP Stone,4,0,,,,,,"",""
ball,1,7.1,Durham,AZ Lees,BS McKinney,BA Hutton,0,0,,,,,,"",""
ball,1,7.2,Durham,AZ Lees,BS McKinney,BA Hutton,1,0,,,,,,"",""
ball,1,7.3,Durham,BS McKinney,AZ Lees,BA Hutton,4,0,,,,,,"",""
ball,1,7.4,Durham,BS McKinney,AZ Lees,BA Hutton,0,0,,,,,,"",""
ball,1,7.5,Durham,BS McKinney,AZ Lees,BA Hutton,0,0,,,,,,"",""
ball,1,7.6,Durham,BS McKinney,AZ Lees,BA Hutton,0,0,,,,,,"",""
ball,1,8.1,Durham,AZ Lees,BS McKinney,LJ Fletcher,0,0,,,,,,"",""
ball,1,8.2,Durham,AZ Lees,BS McKinney,LJ Fletcher,0,0,,,,,,"",""
ball,1,8.3,Durham,AZ Lees,BS McKinney,LJ Fletcher,0,0,,,,,,"",""
ball,1,8.4,Durham,AZ Lees,BS McKinney,LJ Fletcher,0,0,,,,,,"",""
ball,1,8.5,Durham,AZ Lees,BS McKinney,LJ Fletcher,0,0,,,,,,"",""
ball,1,8.6,Durham,AZ Lees,BS McKinney,LJ Fletcher,0,0,,,,,,"",""
ball,1,9.1,Durham,BS McKinney,AZ Lees,BA Hutton,0,0,,,,,,"",""
ball,1,9.2,Durham,BS McKinney,AZ Lees,BA Hutton,0,0,,,,,,"",""
ball,1,9.3,Durham,BS McKinney,AZ Lees,BA Hutton,0,0,,,,,,"",""
ball,1,9.4,Durham,BS McKinney,AZ Lees,BA Hutton,0,0,,,,,,"",""
ball,1,9.5,Durham,BS McKinney,AZ Lees,BA Hutton,0,0,,,,,,"",""
ball,1,9.6,Durham,BS McKinney,AZ Lees,BA Hutton,0,0,,,,,,"",""
ball,1,10.1,Durham,AZ Lees,BS McKinney,LJ Fletcher,0,0,,,,,,"",""
ball,1,10.2,Durham,AZ Lees,BS McKinney,LJ Fletcher,0,0,,,,,,"",""
ball,1,10.3,Durham,AZ Lees,BS McKinney,LJ Fletcher,0,0,,,,,,"",""
ball,1,10.4,Durham,AZ Lees,BS McKinney,LJ Fletcher,0,0,,,,,,"",""
ball,1,10.5,Durham,AZ Lees,BS McKinney,LJ Fletcher,0,0,,,,,,"",""
ball,1,10.6,Durham,AZ Lees,BS McKinney,LJ Fletcher,0,0,,,,,,"",""
ball,1,11.1,Durham,BS McKinney,AZ Lees,OP Stone,2,0,,,,,,"",""
ball,1,11.2,Durham,BS McKinney,AZ Lees,OP Stone,4,0,,,,,,"",""
ball,1,11.3,Durham,BS McKinney,AZ Lees,OP Stone,0,0,,,,,,"",""
ball,1,11.4,Durham,BS McKinney,AZ Lees,OP Stone,4,0,,,,,,"",""
ball,1,11.5,Durham,BS McKinney,AZ Lees,OP Stone,1,0,,,,,,"",""
ball,1,11.6,Durham,AZ Lees,BS McKinney,OP Stone,0,0,,,,,,"",""
ball,1,12.1,Durham,BS McKinney,AZ Lees,LJ Fletcher,0,0,,,,,,"",""
ball,1,12.2,Durham,BS McKinney,AZ Lees,LJ Fletcher,0,0,,,,,,"",""
ball,1,12.3,Durham,BS McKinney,AZ Lees,LJ Fletcher,1,0,,,,,,"",""
ball,1,12.4,Durham,AZ Lees,BS McKinney,LJ Fletcher,0,0,,,,,,"",""
ball,1,12.5,Durham,AZ Lees,BS McKinney,LJ Fletcher,0,0,,,,,,"",""
ball,1,12.6,Durham,AZ Lees,BS McKinney,LJ Fletcher,0,0,,,,,,"",""
ball,1,13.1,Durham,BS McKinney,AZ Lees,OP Stone,3,0,,,,,,"",""
ball,1,13.2,Durham,AZ Lees,BS McKinney,OP Stone,0,0,,,,,,"",""
ball,1,13.3,Durham,AZ Lees,BS McKinney,OP Stone,1,0,,,,,,"",""
ball,1,13.4,Durham,BS McKinney,AZ Lees,OP Stone,4,0,,,,,,"",""
ball,1,13.5,Durham,BS McKinney,AZ Lees,OP Stone,0,0,,,,,,"",""
ball,1,13.6,Durham,BS McKinney,AZ Lees,OP Stone,0,0,,,,,,"",""
ball,1,14.1,Durham,AZ Lees,BS McKinney,LJ Fletcher,0,0,,,,,,"",""
ball,1,14.2,Durham,AZ Lees,BS McKinney,LJ Fletcher,0,0,,,,,,"",""
ball,1,14.3,Durham,AZ Lees,BS McKinney,LJ Fletcher,1,0,,,,,,"",""
ball,1,14.4,Durham,BS McKinney,AZ Lees,LJ Fletcher,2,0,,,,,,"",""
ball,1,14.5,Durham,BS McKinney,AZ Lees,LJ Fletcher,0,2,,2,,,,"",""
ball,1,14.6,Durham,BS McKinney,AZ Lees,LJ Fletcher,0,0,,,,,,"",""
ball,1,14.7,Durham,BS McKinney,AZ Lees,LJ Fletcher,4,0,,,,,,"",""
ball,1,15.1,Durham,AZ Lees,BS McKinney,OP Stone,0,0,,,,,,"",""
ball,1,15.2,Durham,AZ Lees,BS McKinney,OP Stone,1,0,,,,,,"",""
ball,1,15.3,Durham,BS McKinney,AZ Lees,OP Stone,0,0,,,,,,"",""
ball,1,15.4,Durham,BS McKinney,AZ Lees,OP Stone,0,0,,,,,,"",""
ball,1,15.5,Durham,BS McKinney,AZ Lees,OP Stone,2,0,,,,,,"",""
ball,1,15.6,Durham,BS McKinney,AZ Lees,OP Stone,0,0,,,,,,"",""
ball,1,16.1,Durham,AZ Lees,BS McKinney,LJ Fletcher,4,0,,,,,,"",""
ball,1,16.2,Durham,AZ Lees,BS McKinney,LJ Fletcher,0,0,,,,,,"",""
ball,1,16.3,Durham,AZ Lees,BS McKinney,LJ Fletcher,0,0,,,,,,"",""
ball,1,16.4,Durham,AZ Lees,BS McKinney,LJ Fletcher,0,0,,,,,,"",""
ball,1,16.5,Durham,AZ Lees,BS McKinney,LJ Fletcher,0,0,,,,,,"",""
ball,1,16.6,Durham,AZ Lees,BS McKinney,LJ Fletcher,0,0,,,,,,"",""
ball,1,17.1,Durham,BS McKinney,AZ Lees,CG Harrison,0,0,,,,,,"",""
ball,1,17.2,Durham,BS McKinney,AZ Lees,CG Harrison,0,0,,,,,,"",""
ball,1,17.3,Durham,BS McKinney,AZ Lees,CG Harrison,0,0,,,,,,"",""
ball,1,17.4,Durham,BS McKinney,AZ Lees,CG Harrison,1,0,,,,,,"",""
ball,1,17.5,Durham,AZ Lees,BS McKinney,CG Harrison,0,0,,,,,,"",""
ball,1,17.6,Durham,AZ Lees,BS McKinney,CG Harrison,1,0,,,,,,"",""
ball,1,18.1,Durham,AZ Lees,BS McKinney,LJ Fletcher,0,0,,,,,,"",""
ball,1,18.2,Durham,AZ Lees,BS McKinney,LJ Fletcher,0,0,,,,,,"",""
ball,1,18.3,Durham,AZ Lees,BS McKinney,LJ Fletcher,0,0,,,,,,"",""
ball,1,18.4,Durham,AZ Lees,BS McKinney,LJ Fletcher,0,0,,,,,,"",""
ball,1,18.5,Durham,AZ Lees,BS McKinney,LJ Fletcher,0,0,,,,,,"",""
ball,1,18.6,Durham,AZ Lees,BS McKinney,LJ Fletcher,4,0,,,,,,"",""
ball,1,19.1,Durham,BS McKinney,AZ Lees,CG Harrison,1,0,,,,,,"",""
ball,1,19.2,Durham,AZ Lees,BS McKinney,CG Harrison,4,0,,,,,,"",""
ball,1,19.3,Durham,AZ Lees,BS McKinney,CG Harrison,1,0,,,,,,"",""
ball,1,19.4,Durham,BS McKinney,AZ Lees,CG Harrison,0,0,,,,,,"",""
ball,1,19.5,Durham,BS McKinney,AZ Lees,CG Harrison,1,0,,,,,,"",""
ball,1,19.6,Durham,AZ Lees,BS McKinney,CG Harrison,0,0,,,,,,"",""
ball,1,20.1,Durham,BS McKinney,AZ Lees,LW James,1,0,,,,,,"",""
ball,1,20.2,Durham,AZ Lees,BS McKinney,LW James,1,0,,,,,,"",""
ball,1,20.3,Durham,BS McKinney,AZ Lees,LW James,0,0,,,,,,"",""
ball,1,20.4,Durham,BS McKinney,AZ Lees,LW James,4,0,,,,,,"",""
ball,1,20.5,Durham,BS McKinney,AZ Lees,LW James,0,0,,,,,,"",""
ball,1,20.6,Durham,BS McKinney,AZ Lees,LW James,0,0,,,,,,"",""
ball,1,21.1,Durham,AZ Lees,BS McKinney,CG Harrison,0,0,,,,,,"",""
ball,1,21.2,Durham,AZ Lees,BS McKinney,CG Harrison,0,0,,,,,,"",""
ball,1,21.3,Durham,AZ Lees,BS McKinney,CG Harrison,1,0,,,,,,"",""
ball,1,21.4,Durham,BS McKinney,AZ Lees,CG Harrison,0,0,,,,,,"",""
ball,1,21.5,Durham,BS McKinney,AZ Lees,CG Harrison,2,0,,,,,,"",""
ball,1,21.6,Durham,BS McKinney,AZ Lees,CG Harrison,1,0,,,,,,"",""
ball,1,22.1,Durham,BS McKinney,AZ Lees,LW James,1,0,,,,,,"",""
ball,1,22.2,Durham,AZ Lees,BS McKinney,LW James,1,0,,,,,,"",""
ball,1,22.3,Durham,BS McKinney,AZ Lees,LW James,1,0,,,,,,"",""
ball,1,22.4,Durham,AZ Lees,BS McKinney,LW James,0,0,,,,,,"",""
ball,1,22.5,Durham,AZ Lees,BS McKinney,LW James,0,0,,,,,,"",""
ball,1,22.6,Durham,AZ Lees,BS McKinney,LW James,0,0,,,,,,"",""
ball,1,23.1,Durham,BS McKinney,AZ Lees,CG Harrison,1,0,,,,,,"",""
ball,1,23.2,Durham,AZ Lees,BS McKinney,CG Harrison,1,0,,,,,,"",""
ball,1,23.3,Durham,BS McKinney,AZ Lees,CG Harrison,0,0,,,,,,"",""
ball,1,23.4,Durham,BS McKinney,AZ Lees,CG Harrison,2,0,,,,,,"",""
ball,1,23.5,Durham,BS McKinney,AZ Lees,CG Harrison,0,0,,,,,,"",""
ball,1,23.6,Durham,BS McKinney,AZ Lees,CG Harrison,0,0,,,,,,"",""
ball,1,24.1,Durham,AZ Lees,BS McKinney,LW James,0,0,,,,,,"",""
ball,1,24.2,Durham,AZ Lees,BS McKinney,LW James,2,0,,,,,,"",""
ball,1,24.3,Durham,AZ Lees,BS McKinney,LW James,0,0,,,,,,"",""
ball,1,24.4,Durham,AZ Lees,BS McKinney,LW James,1,0,,,,,,"",""
ball,1,24.5,Durham,BS McKinney,AZ Lees,LW James,0,0,,,,,,"",""
ball,1,24.6,Durham,BS McKinney,AZ Lees,LW James,0,0,,,,,,"",""
ball,1,25.1,Durham,AZ Lees,BS McKinney,CG Harrison,0,0,,,,,,"",""
ball,1,25.2,Durham,AZ Lees,BS McKinney,CG Harrison,0,0,,,,,,"",""
ball,1,25.3,Durham,AZ Lees,BS McKinney,CG Harrison,1,0,,,,,,"",""
ball,1,25.4,Durham,BS McKinney,AZ Lees,CG Harrison,0,0,,,,,,"",""
ball,1,25.5,Durham,BS McKinney,AZ Lees,CG Harrison,0,0,,,,,,"",""
ball,1,25.6,Durham,BS McKinney,AZ Lees,CG Harrison,4,0,,,,,,"",""
ball,1,26.1,Durham,AZ Lees,BS McKinney,LW James,0,0,,,,,,"",""
ball,1,26.2,Durham,AZ Lees,BS McKinney,LW James,0,0,,,,,,"",""
ball,1,26.3,Durham,AZ Lees,BS McKinney,LW James,0,0,,,,,,"",""
ball,1,26.4,Durham,AZ Lees,BS McKinney,LW James,0,0,,,,,,"",""
ball,1,26.5,Durham,AZ Lees,BS McKinney,LW James,4,0,,,,,,"",""
ball,1,26.6,Durham,AZ Lees,BS McKinney,LW James,1,0,,,,,,"",""
ball,1,27.1,Durham,AZ Lees,BS McKinney,CG Harrison,1,0,,,,,,"",""
ball,1,27.2,Durham,BS McKinney,AZ Lees,CG Harrison,4,0,,,,,,"",""
ball,1,27.3,Durham,BS McKinney,AZ Lees,CG Harrison,1,0,,,,,,"",""
ball,1,27.4,Durham,AZ Lees,BS McKinney,CG Harrison,1,0,,,,,,"",""
ball,1,27.5,Durham,BS McKinney,AZ Lees,CG Harrison,1,0,,,,,,"",""
ball,1,27.6,Durham,AZ Lees,BS McKinney,CG Harrison,0,0,,,,,,"",""
ball,1,28.1,Durham,BS McKinney,AZ Lees,LW James,0,0,,,,,,"",""
ball,1,28.2,Durham,BS McKinney,AZ Lees,LW James,0,0,,,,,,"",""
ball,1,28.3,Durham,BS McKinney,AZ Lees,LW James,4,0,,,,,,"",""
ball,1,28.4,Durham,BS McKinney,AZ Lees,LW James,1,0,,,,,,"",""
ball,1,28.5,Durham,AZ Lees,BS McKinney,LW James,1,0,,,,,,"",""
ball,1,28.6,Durham,BS McKinney,AZ Lees,LW James,0,0,,,,,,"",""
ball,1,29.1,Durham,AZ Lees,BS McKinney,FW McCann,0,0,,,,,,"",""
ball,1,29.2,Durham,AZ Lees,BS McKinney,FW McCann,0,0,,,,,,"",""
ball,1,29.3,Durham,AZ Lees,BS McKinney,FW McCann,0,0,,,,,,"",""
ball,1,29.4,Durham,AZ Lees,BS McKinney,FW McCann,0,0,,,,,,"",""
ball,1,29.5,Durham,AZ Lees,BS McKinney,FW McCann,0,0,,,,,,"",""
ball,1,29.6,Durham,AZ Lees,BS McKinney,FW McCann,0,0,,,,,,"",""
ball,1,30.1,Durham,BS McKinney,AZ Lees,CG Harrison,0,0,,,,,,"",""
ball,1,30.2,Durham,BS McKinney,AZ Lees,CG Harrison,0,0,,,,,,"",""
ball,1,30.3,Durham,BS McKinney,AZ Lees,CG Harrison,1,0,,,,,,"",""
ball,1,30.4,Durham,AZ Lees,BS McKinney,CG Harrison,0,0,,,,,,"",""
ball,1,30.5,Durham,AZ Lees,BS McKinney,CG Harrison,0,0,,,,,,"",""
ball,1,30.6,Durham,AZ Lees,BS McKinney,CG Harrison,0,0,,,,,,"",""
ball,1,31.1,Durham,BS McKinney,AZ Lees,BA Hutton,2,0,,,,,,"",""
ball,1,31.2,Durham,BS McKinney,AZ Lees,BA Hutton,4,0,,,,,,"",""
ball,1,31.3,Durham,BS McKinney,AZ Lees,BA Hutton,0,0,,,,,,"",""
ball,1,31.4,Durham,BS McKinney,AZ Lees,BA Hutton,0,0,,,,,,"",""
ball,1,31.5,Durham,BS McKinney,AZ Lees,BA Hutton,0,0,,,,,,"",""
ball,1,31.6,Durham,BS McKinney,AZ Lees,BA Hutton,0,0,,,,,,"",""
ball,1,32.1,Durham,AZ Lees,BS McKinney,FW McCann,0,0,,,,,,"",""
ball,1,32.2,Durham,AZ Lees,BS McKinney,FW McCann,0,0,,,,,,"",""
ball,1,32.3,Durham,AZ Lees,BS McKinney,FW McCann,0,0,,,,,,"",""
ball,1,32.4,Durham,AZ Lees,BS McKinney,FW McCann,0,0,,,,,,"",""
ball,1,32.5,Durham,AZ Lees,BS McKinney,FW McCann,0,0,,,,,,"",""
ball,1,32.6,Durham,AZ Lees,BS McKinney,FW McCann,0,0,,,,,,"",""
ball,1,33.1,Durham,BS McKinney,AZ Lees,BA Hutton,4,0,,,,,,"",""
ball,1,33.2,Durham,BS McKinney,AZ Lees,BA Hutton,0,0,,,,,,"",""
ball,1,33.3,Durham,BS McKinney,AZ Lees,BA Hutton,1,0,,,,,,"",""
ball,1,33.4,Durham,AZ Lees,BS McKinney,BA Hutton,0,0,,,,,,"",""
ball,1,33.5,Durham,AZ Lees,BS McKinney,BA Hutton,0,0,,,,,,"",""
ball,1,33.6,Durham,AZ Lees,BS McKinney,BA Hutton,0,0,,,,,,"",""
ball,1,34.1,Durham,BS McKinney,AZ Lees,FW McCann,1,0,,,,,,"",""
ball,1,34.2,Durham,AZ Lees,BS McKinney,FW McCann,1,0,,,,,,"",""
ball,1,34.3,Durham,BS McKinney,AZ Lees,FW McCann,4,0,,,,,,"",""
ball,1,34.4,Durham,BS McKinney,AZ Lees,FW McCann,0,0,,,,,,"",""
ball,1,34.5,Durham,BS McKinney,AZ Lees,FW McCann,3,0,,,,,,"",""
ball,1,34.6,Durham,AZ Lees,BS McKinney,FW McCann,0,0,,,,,,"",""
ball,1,35.1,Durham,BS McKinney,AZ Lees,BA Hutton,0,0,,,,,,"",""
ball,1,35.2,Durham,BS McKinney,AZ Lees,BA Hutton,0,0,,,,,,"",""
ball,1,35.3,Durham,BS McKinney,AZ Lees,BA Hutton,0,0,,,,,,"",""
ball,1,35.4,Durham,BS McKinney,AZ Lees,BA Hutton,0,0,,,,,,"",""
ball,1,35.5,Durham,BS McKinney,AZ Lees,BA Hutton,1,0,,,,,,"",""
ball,1,35.6,Durham,AZ Lees,BS McKinney,BA Hutton,1,0,,,,,,"",""
ball,1,36.1,Durham,AZ Lees,BS McKinney,FW McCann,0,0,,,,,,"",""
ball,1,36.2,Durham,AZ Lees,BS McKinney,FW McCann,0,0,,,,,,"",""
ball,1,36.3,Durham,AZ Lees,BS McKinney,FW McCann,0,0,,,,,,"",""
ball,1,36.4,Durham,AZ Lees,BS McKinney,FW McCann,2,0,,,,,,"",""
ball,1,36.5,Durham,AZ Lees,BS McKinney,FW McCann,1,0,,,,,,"",""
ball,1,36.6,Durham,BS McKinney,AZ Lees,FW McCann,0,0,,,,,,"",""
ball,1,37.1,Durham,AZ Lees,BS McKinney,BA Hutton,0,0,,,,,,"",""
ball,1,37.2,Durham,AZ Lees,BS McKinney,BA Hutton,0,0,,,,,,"",""
ball,1,37.3,Durham,AZ Lees,BS McKinney,BA Hutton,0,0,,,,,,"",""
ball,1,37.4,Durham,AZ Lees,BS McKinney,BA Hutton,0,0,,,,,,"",""
ball,1,37.5,Durham,AZ Lees,BS McKinney,BA Hutton,0,0,,,,,,"",""
ball,1,37.6,Durham,AZ Lees,BS McKinney,BA Hutton,1,0,,,,,,"",""
ball,1,38.1,Durham,AZ Lees,BS McKinney,FW McCann,2,0,,,,,,"",""
ball,1,38.2,Durham,AZ Lees,BS McKinney,FW McCann,0,0,,,,,,"",""
ball,1,38.3,Durham,AZ Lees,BS McKinney,FW McCann,1,0,,,,,,"",""
ball,1,38.4,Durham,BS McKinney,AZ Lees,FW McCann,0,0,,,,,,"",""
ball,1,38.5,Durham,BS McKinney,AZ Lees,FW McCann,1,0,,,,,,"",""
ball,1,38.6,Durham,AZ Lees,BS McKinney,FW McCann,1,0,,,,,,"",""
ball,1,39.1,Durham,AZ Lees,BS McKinney,LJ Fletcher,4,0,,,,,,"",""
ball,1,39.2,Durham,AZ Lees,BS McKinney,LJ Fletcher,0,0,,,,,,"",""
ball,1,39.3,Durham,AZ Lees,BS McKinney,LJ Fletcher,0,0,,,,,,"",""
ball,1,39.4,Durham,AZ Lees,BS McKinney,LJ Fletcher,1,0,,,,,,"",""
ball,1,39.5,Durham,BS McKinney,AZ Lees,LJ Fletcher,0,0,,,,,,"",""
ball,1,39.6,Durham,BS McKinney,AZ Lees,LJ Fletcher,1,0,,,,,,"",""
ball,1,40.1,Durham,BS McKinney,AZ Lees,FW McCann,1,0,,,,,,"",""
ball,1,40.2,Durham,AZ Lees,BS McKinney,FW McCann,1,0,,,,,,"",""
ball,1,40.3,Durham,BS McKinney,AZ Lees,FW McCann,0,0,,,,,,"",""
ball,1,40.4,Durham,BS McKinney,AZ Lees,FW McCann,0,0,,,,,,"",""
ball,1,40.5,Durham,BS McKinney,AZ Lees,FW McCann,4,0,,,,,,"",""
ball,1,40.6,Durham,BS McKinney,AZ Lees,FW McCann,0,0,,,,,,"",""
ball,1,41.1,Durham,AZ Lees,BS McKinney,LJ Fletcher,0,0,,,,,,"",""
ball,1,41.2,Durham,AZ Lees,BS McKinney,LJ Fletcher,1,0,,,,,,"",""
ball,1,41.3,Durham,BS McKinney,AZ Lees,LJ Fletcher,4,0,,,,,,"",""
ball,1,41.4,Durham,BS McKinney,AZ Lees,LJ Fletcher,2,0,,,,,,"",""
ball,1,41.5,Durham,BS McKinney,AZ Lees,LJ Fletcher,1,0,,,,,,"",""
ball,1,41.6,Durham,AZ Lees,BS McKinney,LJ Fletcher,1,0,,,,,,"",""
ball,1,42.1,Durham,AZ Lees,BS McKinney,FW McCann,0,0,,,,,,"",""
ball,1,42.2,Durham,AZ Lees,BS McKinney,FW McCann,1,0,,,,,,"",""
ball,1,42.3,Durham,BS McKinney,AZ Lees,FW McCann,0,0,,,,,,"",""
ball,1,42.4,Durham,BS McKinney,AZ Lees,FW McCann,6,0,,,,,,"",""
ball,1,42.5,Durham,BS McKinney,AZ Lees,FW McCann,0,0,,,,,,"",""
ball,1,42.6,Durham,BS McKinney,AZ Lees,FW McCann,1,0,,,,,,"",""
ball,1,43.1,Durham,BS McKinney,AZ Lees,LJ Fletcher,4,0,,,,,,"",""
ball,1,43.2,Durham,BS McKinney,AZ Lees,LJ Fletcher,0,1,,,,1,,"",""
ball,1,43.3,Durham,AZ Lees,BS McKinney,LJ Fletcher,1,0,,,,,,"",""
ball,1,43.4,Durham,BS McKinney,AZ Lees,LJ Fletcher,1,0,,,,,,"",""
ball,1,43.5,Durham,AZ Lees,BS McKinney,LJ Fletcher,0,0,,,,,,"",""
ball,1,43.6,Durham,AZ Lees,BS McKinney,LJ Fletcher,0,0,,,,,,"",""
ball,1,44.1,Durham,BS McKinney,AZ Lees,FW McCann,0,0,,,,,,caught,BS McKinney
ball,1,44.2,Durham,SG Borthwick,AZ Lees,FW McCann,0,0,,,,,,"",""
ball,1,44.3,Durham,SG Borthwick,AZ Lees,FW McCann,0,0,,,,,,"",""
ball,1,44.4,Durham,SG Borthwick,AZ Lees,FW McCann,0,0,,,,,,"",""
ball,1,44.5,Durham,SG Borthwick,AZ Lees,FW McCann,0,0,,,,,,"",""
ball,1,44.6,Durham,SG Borthwick,AZ Lees,FW McCann,0,0,,,,,,"",""
ball,1,45.1,Durham,AZ Lees,SG Borthwick,OP Stone,1,0,,,,,,"",""
ball,1,45.2,Durham,SG Borthwick,AZ Lees,OP Stone,0,0,,,,,,"",""
ball,1,45.3,Durham,SG Borthwick,AZ Lees,OP Stone,1,0,,,,,,"",""
ball,1,45.4,Durham,AZ Lees,SG Borthwick,OP Stone,1,0,,,,,,"",""
ball,1,45.5,Durham,SG Borthwick,AZ Lees,OP Stone,0,0,,,,,,"",""
ball,1,45.6,Durham,SG Borthwick,AZ Lees,OP Stone,0,0,,,,,,"",""
ball,1,46.1,Durham,AZ Lees,SG Borthwick,FW McCann,0,0,,,,,,"",""
ball,1,46.2,Durham,AZ Lees,SG Borthwick,FW McCann,1,0,,,,,,"",""
ball,1,46.3,Durham,SG Borthwick,AZ Lees,FW McCann,2,0,,,,,,"",""
ball,1,46.4,Durham,SG Borthwick,AZ Lees,FW McCann,0,0,,,,,,"",""
ball,1,46.5,Durham,SG Borthwick,AZ Lees,FW McCann,0,0,,,,,,"",""
ball,1,46.6,Durham,SG Borthwick,AZ Lees,FW McCann,0,0,,,,,,"",""
ball,1,47.1,Durham,AZ Lees,SG Borthwick,OP Stone,1,0,,,,,,"",""
ball,1,47.2,Durham,SG Borthwick,AZ Lees,OP Stone,1,0,,,,,,"",""
ball,1,47.3,Durham,AZ Lees,SG Borthwick,OP Stone,1,0,,,,,,"",""
ball,1,47.4,Durham,SG Borthwick,AZ Lees,OP Stone,0,0,,,,,,"",""
ball,1,47.5,Durham,SG Borthwick,AZ Lees,OP Stone,4,0,,,,,,"",""
ball,1,47.6,Durham,SG Borthwick,AZ Lees,OP Stone,0,0,,,,,,"",""
ball,1,48.1,Durham,AZ Lees,SG Borthwick,FW McCann,2,0,,,,,,"",""
ball,1,48.2,Durham,AZ Lees,SG Borthwick,FW McCann,0,0,,,,,,"",""
ball,1,48.3,Durham,AZ Lees,SG Borthwick,FW McCann,0,0,,,,,,"",""
ball,1,48.4,Durham,AZ Lees,SG Borthwick,FW McCann,0,0,,,,,,"",""
ball,1,48.5,Durham,AZ Lees,SG Borthwick,FW McCann,1,0,,,,,,"",""
ball,1,48.6,Durham,SG Borthwick,AZ Lees,FW McCann,0,4,,,4,,,"",""
ball,1,49.1,Durham,AZ Lees,SG Borthwick,OP Stone,0,0,,,,,,"",""
ball,1,49.2,Durham,AZ Lees,SG Borthwick,OP Stone,0,0,,,,,,"",""
ball,1,49.3,Durham,AZ Lees,SG Borthwick,OP Stone,0,0,,,,,,"",""
ball,1,49.4,Durham,AZ Lees,SG Borthwick,OP Stone,1,0,,,,,,"",""
ball,1,49.5,Durham,SG Borthwick,AZ Lees,OP Stone,4,0,,,,,,"",""
ball,1,49.6,Durham,SG Borthwick,AZ Lees,OP Stone,0,0,,,,,,"",""
ball,1,50.1,Durham,AZ Lees,SG Borthwick,FW McCann,0,0,,,,,,"",""
ball,1,50.2,Durham,AZ Lees,SG Borthwick,FW McCann,0,0,,,,,,"",""
ball,1,50.3,Durham,AZ Lees,SG Borthwick,FW McCann,0,0,,,,,,"",""
ball,1,50.4,Durham,AZ Lees,SG Borthwick,FW McCann,0,0,,,,,,"",""
ball,1,50.5,Durham,AZ Lees,SG Borthwick,FW McCann,0,0,,,,,,"",""
ball,1,50.6,Durham,AZ Lees,SG Borthwick,FW McCann,0,0,,,,,,"",""
ball,1,51.1,Durham,SG Borthwick,AZ Lees,OP Stone,0,0,,,,,,"",""
ball,1,51.2,Durham,SG Borthwick,AZ Lees,OP Stone,0,0,,,,,,"",""
ball,1,51.3,Durham,SG Borthwick,AZ Lees,OP Stone,0,0,,,,,,"",""
ball,1,51.4,Durham,SG Borthwick,AZ Lees,OP Stone,0,0,,,,,,"",""
ball,1,51.5,Durham,SG Borthwick,AZ Lees,OP Stone,0,0,,,,,,"",""
ball,1,51.6,Durham,SG Borthwick,AZ Lees,OP Stone,1,0,,,,,,"",""
ball,1,52.1,Durham,SG Borthwick,AZ Lees,FW McCann,0,0,,,,,,"",""
ball,1,52.2,Durham,SG Borthwick,AZ Lees,FW McCann,0,0,,,,,,"",""
ball,1,52.3,Durham,SG Borthwick,AZ Lees,FW McCann,0,0,,,,,,"",""
ball,1,52.4,Durham,SG Borthwick,AZ Lees,FW McCann,4,0,,,,,,"",""
ball,1,52.5,Durham,SG Borthwick,AZ Lees,FW McCann,1,0,,,,,,"",""
ball,1,52.6,Durham,AZ Lees,SG Borthwick,FW McCann,0,0,,,,,,"",""
ball,1,53.1,Durham,SG Borthwick,AZ Lees,OP Stone,0,0,,,,,,"",""
ball,1,53.2,Durham,SG Borthwick,AZ Lees,OP Stone,0,0,,,,,,"",""
ball,1,53.3,Durham,SG Borthwick,AZ Lees,OP Stone,0,0,,,,,,"",""
ball,1,53.4,Durham,SG Borthwick,AZ Lees,OP Stone,0,0,,,,,,"",""
ball,1,53.5,Durham,SG Borthwick,AZ Lees,OP Stone,4,0,,,,,,"",""
ball,1,53.6,Durham,SG Borthwick,AZ Lees,OP Stone,4,0,,,,,,"",""
ball,1,54.1,Durham,AZ Lees,SG Borthwick,LW James,0,0,,,,,,"",""
ball,1,54.2,Durham,AZ Lees,SG Borthwick,LW James,2,0,,,,,,"",""
ball,1,54.3,Durham,AZ Lees,SG Borthwick,LW James,0,0,,,,,,"",""
ball,1,54.4,Durham,AZ Lees,SG Borthwick,LW James,1,0,,,,,,"",""
ball,1,54.5,Durham,SG Borthwick,AZ Lees,LW James,0,0,,,,,,"",""
ball,1,54.6,Durham,SG Borthwick,AZ Lees,LW James,0,0,,,,,,bowled,SG Borthwick
ball,1,55.1,Durham,AZ Lees,OG Robinson,BA Hutton,1,0,,,,,,"",""
ball,1,55.2,Durham,OG Robinson,AZ Lees,BA Hutton,0,0,,,,,,"",""
ball,1,55.3,Durham,OG Robinson,AZ Lees,BA Hutton,0,0,,,,,,"",""
ball,1,55.4,Durham,OG Robinson,AZ Lees,BA Hutton,4,0,,,,,,"",""
ball,1,55.5,Durham,OG Robinson,AZ Lees,OP Stone,0,0,,,,,,"",""
ball,1,55.6,Durham,OG Robinson,AZ Lees,OP Stone,1,0,,,,,,"",""
ball,1,56.1,Durham,OG Robinson,AZ Lees,LW James,4,2,,2,,,,"",""
ball,1,56.2,Durham,OG Robinson,AZ Lees,LW James,4,0,,,,,,"",""
ball,1,56.3,Durham,OG Robinson,AZ Lees,LW James,0,0,,,,,,caught,OG Robinson
ball,1,56.4,Durham,AJ Turner,AZ Lees,LW James,0,0,,,,,,"",""
ball,1,56.5,Durham,AJ Turner,AZ Lees,LW James,0,0,,,,,,"",""
ball,1,56.6,Durham,AJ Turner,AZ Lees,LW James,0,0,,,,,,"",""
ball,1,56.7,Durham,AJ Turner,AZ Lees,LW James,0,0,,,,,,"",""
ball,1,57.1,Durham,AZ Lees,AJ Turner,LJ Fletcher,0,0,,,,,,"",""
ball,1,57.2,Durham,AZ Lees,AJ Turner,LJ Fletcher,0,0,,,,,,"",""
ball,1,57.3,Durham,AZ Lees,AJ Turner,LJ Fletcher,0,0,,,,,,"",""
ball,1,57.4,Durham,AZ Lees,AJ Turner,LJ Fletcher,0,0,,,,,,"",""
ball,1,57.5,Durham,AZ Lees,AJ Turner,LJ Fletcher,0,0,,,,,,"",""
ball,1,57.6,Durham,AZ Lees,AJ Turner,LJ Fletcher,0,0,,,,,,"",""
ball,1,58.1,Durham,AJ Turner,AZ Lees,LW James,0,0,,,,,,"",""
ball,1,58.2,Durham,AJ Turner,AZ Lees,LW James,1,0,,,,,,"",""
ball,1,58.3,Durham,AZ Lees,AJ Turner,LW James,0,0,,,,,,"",""
ball,1,58.4,Durham,AZ Lees,AJ Turner,LW James,2,0,,,,,,"",""
ball,1,58.5,Durham,AZ Lees,AJ Turner,LW James,0,0,,,,,,"",""
ball,1,58.6,Durham,AZ Lees,AJ Turner,LW James,1,0,,,,,,"",""
ball,1,59.1,Durham,AZ Lees,AJ Turner,LJ Fletcher,0,0,,,,,,"",""
ball,1,59.2,Durham,AZ Lees,AJ Turner,LJ Fletcher,0,0,,,,,,"",""
ball,1,59.3,Durham,AZ Lees,AJ Turner,LJ Fletcher,1,0,,,,,,"",""
ball,1,59.4,Durham,AJ Turner,AZ Lees,LJ Fletcher,0,0,,,,,,"",""
ball,1,59.5,Durham,AJ Turner,AZ Lees,LJ Fletcher,0,0,,,,,,"",""
ball,1,59.6,Durham,AJ Turner,AZ Lees,LJ Fletcher,0,0,,,,,,"",""
ball,1,60.1,Durham,AZ Lees,AJ Turner,LW James,0,0,,,,,,"",""
ball,1,60.2,Durham,AZ Lees,AJ Turner,LW James,1,0,,,,,,"",""
ball,1,60.3,Durham,AJ Turner,AZ Lees,LW James,0,0,,,,,,"",""
ball,1,60.4,Durham,AJ Turner,AZ Lees,LW James,0,0,,,,,,"",""
ball,1,60.5,Durham,AJ Turner,AZ Lees,LW James,0,0,,,,,,"",""
ball,1,60.6,Durham,AJ Turner,AZ Lees,LW James,0,0,,,,,,"",""
ball,1,61.1,Durham,AZ Lees,AJ Turner,LJ Fletcher,0,0,,,,,,"",""
ball,1,61.2,Durham,AZ Lees,AJ Turner,LJ Fletcher,0,0,,,,,,"",""
ball,1,61.3,Durham,AZ Lees,AJ Turner,LJ Fletcher,0,0,,,,,,"",""
ball,1,61.4,Durham,AZ Lees,AJ Turner,LJ Fletcher,0,0,,,,,,"",""
ball,1,61.5,Durham,AZ Lees,AJ Turner,LJ Fletcher,1,0,,,,,,"",""
ball,1,61.6,Durham,AJ Turner,AZ Lees,LJ Fletcher,1,0,,,,,,"",""
ball,1,62.1,Durham,AJ Turner,AZ Lees,LW James,1,0,,,,,,"",""
ball,1,62.2,Durham,AZ Lees,AJ Turner,LW James,0,0,,,,,,"",""
ball,1,62.3,Durham,AZ Lees,AJ Turner,LW James,0,0,,,,,,"",""
ball,1,62.4,Durham,AZ Lees,AJ Turner,LW James,1,0,,,,,,"",""
ball,1,62.5,Durham,AJ Turner,AZ Lees,LW James,0,0,,,,,,"",""
ball,1,62.6,Durham,AJ Turner,AZ Lees,LW James,4,0,,,,,,"",""
ball,1,63.1,Durham,AZ Lees,AJ Turner,CG Harrison,1,0,,,,,,"",""
ball,1,63.2,Durham,AJ Turner,AZ Lees,CG Harrison,2,0,,,,,,"",""
ball,1,63.3,Durham,AJ Turner,AZ Lees,CG Harrison,1,0,,,,,,"",""
ball,1,63.4,Durham,AZ Lees,AJ Turner,CG Harrison,0,0,,,,,,"",""
ball,1,63.5,Durham,AZ Lees,AJ Turner,CG Harrison,0,0,,,,,,"",""
ball,1,63.6,Durham,AZ Lees,AJ Turner,CG Harrison,0,0,,,,,,"",""
ball,1,64.1,Durham,AJ Turner,AZ Lees,M Montgomery,1,0,,,,,,"",""
ball,1,64.2,Durham,AZ Lees,AJ Turner,M Montgomery,0,0,,,,,,"",""
ball,1,64.3,Durham,AZ Lees,AJ Turner,M Montgomery,0,0,,,,,,"",""
ball,1,64.4,Durham,AZ Lees,AJ Turner,M Montgomery,0,0,,,,,,"",""
ball,1,64.5,Durham,AZ Lees,AJ Turner,M Montgomery,0,0,,,,,,"",""
ball,1,64.6,Durham,AZ Lees,AJ Turner,M Montgomery,1,0,,,,,,"",""
ball,1,65.1,Durham,AZ Lees,AJ Turner,FW McCann,0,0,,,,,,"",""
ball,1,65.2,Durham,AZ Lees,AJ Turner,FW McCann,1,0,,,,,,"",""
ball,1,65.3,Durham,AJ Turner,AZ Lees,FW McCann,1,0,,,,,,"",""
ball,1,65.4,Durham,AZ Lees,AJ Turner,FW McCann,0,0,,,,,,"",""
ball,1,65.5,Durham,AZ Lees,AJ Turner,FW McCann,0,0,,,,,,"",""
ball,1,65.6,Durham,AZ Lees,AJ Turner,FW McCann,3,0,,,,,,"",""
ball,1,66.1,Durham,AZ Lees,AJ Turner,CG Harrison,0,0,,,,,,"",""
ball,1,66.2,Durham,AZ Lees,AJ Turner,CG Harrison,1,0,,,,,,"",""
ball,1,66.3,Durham,AJ Turner,AZ Lees,CG Harrison,1,0,,,,,,"",""
ball,1,66.4,Durham,AZ Lees,AJ Turner,CG Harrison,0,0,,,,,,"",""
ball,1,66.5,Durham,AZ Lees,AJ Turner,CG Harrison,0,0,,,,,,"",""
ball,1,66.6,Durham,AZ Lees,AJ Turner,CG Harrison,1,0,,,,,,"",""
ball,1,67.1,Durham,AZ Lees,AJ Turner,FW McCann,1,0,,,,,,"",""
ball,1,67.2,Durham,AJ Turner,AZ Lees,FW McCann,0,0,,,,,,"",""
ball,1,67.3,Durham,AJ Turner,AZ Lees,FW McCann,1,0,,,,,,"",""
ball,1,67.4,Durham,AZ Lees,AJ Turner,FW McCann,2,0,,,,,,"",""
ball,1,67.5,Durham,AZ Lees,AJ Turner,FW McCann,0,0,,,,,,"",""
ball,1,67.6,Durham,AZ Lees,AJ Turner,FW McCann,0,0,,,,,,"",""
ball,1,68.1,Durham,AJ Turner,AZ Lees,CG Harrison,1,0,,,,,,"",""
ball,1,68.2,Durham,AZ Lees,AJ Turner,CG Harrison,1,0,,,,,,"",""
ball,1,68.3,Durham,AJ Turner,AZ Lees,CG Harrison,1,0,,,,,,"",""
ball,1,68.4,Durham,AZ Lees,AJ Turner,CG Harrison,1,0,,,,,,"",""
ball,1,68.5,Durham,AJ Turner,AZ Lees,CG Harrison,0,0,,,,,,"",""
ball,1,68.6,Durham,AJ Turner,AZ Lees,CG Harrison,1,0,,,,,,"",""
ball,1,69.1,Durham,AJ Turner,AZ Lees,FW McCann,4,0,,,,,,"",""
ball,1,69.2,Durham,AJ Turner,AZ Lees,FW McCann,1,0,,,,,,"",""
ball,1,69.3,Durham,AZ Lees,AJ Turner,FW McCann,0,0,,,,,,"",""
ball,1,69.4,Durham,AZ Lees,AJ Turner,FW McCann,0,0,,,,,,"",""
ball,1,69.5,Durham,AZ Lees,AJ Turner,FW McCann,0,0,,,,,,"",""
ball,1,69.6,Durham,AZ Lees,AJ Turner,FW McCann,0,0,,,,,,"",""
ball,1,70.1,Durham,AJ Turner,AZ Lees,CG Harrison,1,0,,,,,,"",""
ball,1,70.2,Durham,AZ Lees,AJ Turner,CG Harrison,0,0,,,,,,"",""
ball,1,70.3,Durham,AZ Lees,AJ Turner,CG Harrison,0,0,,,,,,"",""
ball,1,70.4,Durham,AZ Lees,AJ Turner,CG Harrison,0,0,,,,,,"",""
ball,1,70.5,Durham,AZ Lees,AJ Turner,CG Harrison,1,0,,,,,,"",""
ball,1,70.6,Durham,AJ Turner,AZ Lees,CG Harrison,1,0,,,,,,"",""
ball,1,71.1,Durham,AJ Turner,AZ Lees,FW McCann,1,0,,,,,,"",""
ball,1,71.2,Durham,AZ Lees,AJ Turner,FW McCann,0,0,,,,,,"",""
ball,1,71.3,Durham,AZ Lees,AJ Turner,FW McCann,0,0,,,,,,"",""
ball,1,71.4,Durham,AZ Lees,AJ Turner,FW McCann,0,0,,,,,,"",""
ball,1,71.5,Durham,AZ Lees,AJ Turner,FW McCann,4,0,,,,,,"",""
ball,1,71.6,Durham,AZ Lees,AJ Turner,FW McCann,0,0,,,,,,"",""
ball,1,72.1,Durham,AJ Turner,AZ Lees,CG Harrison,1,0,,,,,,"",""
ball,1,72.2,Durham,AZ Lees,AJ Turner,CG Harrison,0,0,,,,,,"",""
ball,1,72.3,Durham,AZ Lees,AJ Turner,CG Harrison,4,0,,,,,,"",""
ball,1,72.4,Durham,AZ Lees,AJ Turner,CG Harrison,0,0,,,,,,"",""
ball,1,72.5,Durham,AZ Lees,AJ Turner,CG Harrison,0,0,,,,,,"",""
ball,1,72.6,Durham,AZ Lees,AJ Turner,CG Harrison,1,0,,,,,,"",""
ball,1,73.1,Durham,AZ Lees,AJ Turner,FW McCann,1,0,,,,,,"",""
ball,1,73.2,Durham,AJ Turner,AZ Lees,FW McCann,0,0,,,,,,"",""
ball,1,73.3,Durham,AJ Turner,AZ Lees,FW McCann,0,0,,,,,,"",""
ball,1,73.4,Durham,AJ Turner,AZ Lees,FW McCann,2,0,,,,,,"",""
ball,1,73.5,Durham,AJ Turner,AZ Lees,FW McCann,0,0,,,,,,"",""
ball,1,73.6,Durham,AJ Turner,AZ Lees,FW McCann,1,0,,,,,,"",""
ball,1,74.1,Durham,AJ Turner,AZ Lees,CG Harrison,0,0,,,,,,"",""
ball,1,74.2,Durham,AJ Turner,AZ Lees,CG Harrison,0,0,,,,,,"",""
ball,1,74.3,Durham,AJ Turner,AZ Lees,CG Harrison,1,0,,,,,,"",""
ball,1,74.4,Durham,AZ Lees,AJ Turner,CG Harrison,0,0,,,,,,"",""
ball,1,74.5,Durham,AZ Lees,AJ Turner,CG Harrison,1,0,,,,,,"",""
ball,1,74.6,Durham,AJ Turner,AZ Lees,CG Harrison,0,0,,,,,,"",""
ball,1,75.1,Durham,AZ Lees,AJ Turner,M Montgomery,1,0,,,,,,"",""
ball,1,75.2,Durham,AJ Turner,AZ Lees,M Montgomery,1,0,,,,,,"",""
ball,1,75.3,Durham,AZ Lees,AJ Turner,M Montgomery,4,0,,,,,,"",""
ball,1,75.4,Durham,AZ Lees,AJ Turner,M Montgomery,0,0,,,,,,"",""
ball,1,75.5,Durham,AZ Lees,AJ Turner,M Montgomery,0,0,,,,,,"",""
ball,1,75.6,Durham,AZ Lees,AJ Turner,M Montgomery,1,0,,,,,,"",""
ball,1,76.1,Durham,AZ Lees,AJ Turner,CG Harrison,1,0,,,,,,"",""
ball,1,76.2,Durham,AJ Turner,AZ Lees,CG Harrison,1,0,,,,,,"",""
ball,1,76.3,Durham,AZ Lees,AJ Turner,CG Harrison,0,0,,,,,,"",""
ball,1,76.4,Durham,AZ Lees,AJ Turner,CG Harrison,2,0,,,,,,"",""
ball,1,76.5,Durham,AZ Lees,AJ Turner,CG Harrison,0,0,,,,,,"",""
ball,1,76.6,Durham,AZ Lees,AJ Turner,CG Harrison,1,0,,,,,,"",""
ball,1,77.1,Durham,AZ Lees,AJ Turner,M Montgomery,1,0,,,,,,"",""
ball,1,77.2,Durham,AJ Turner,AZ Lees,M Montgomery,0,0,,,,,,"",""
ball,1,77.3,Durham,AJ Turner,AZ Lees,M Montgomery,1,0,,,,,,"",""
ball,1,77.4,Durham,AZ Lees,AJ Turner,M Montgomery,0,0,,,,,,"",""
ball,1,77.5,Durham,AZ Lees,AJ Turner,M Montgomery,0,0,,,,,,"",""
ball,1,77.6,Durham,AZ Lees,AJ Turner,M Montgomery,1,0,,,,,,"",""
ball,1,78.1,Durham,AZ Lees,AJ Turner,LJ Fletcher,1,0,,,,,,"",""
ball,1,78.2,Durham,AJ Turner,AZ Lees,LJ Fletcher,4,0,,,,,,"",""
ball,1,78.3,Durham,AJ Turner,AZ Lees,LJ Fletcher,0,0,,,,,,"",""
ball,1,78.4,Durham,AJ Turner,AZ Lees,LJ Fletcher,0,0,,,,,,"",""
ball,1,78.5,Durham,AJ Turner,AZ Lees,LJ Fletcher,0,0,,,,,,"",""
ball,1,78.6,Durham,AJ Turner,AZ Lees,LJ Fletcher,2,0,,,,,,"",""
ball,1,79.1,Durham,AZ Lees,AJ Turner,OP Stone,0,0,,,,,,"",""
ball,1,79.2,Durham,AZ Lees,AJ Turner,OP Stone,4,0,,,,,,"",""
ball,1,79.3,Durham,AZ Lees,AJ Turner,OP Stone,0,0,,,,,,"",""
ball,1,79.4,Durham,AZ Lees,AJ Turner,OP Stone,1,0,,,,,,"",""
ball,1,79.5,Durham,AJ Turner,AZ Lees,OP Stone,1,0,,,,,,"",""
ball,1,79.6,Durham,AZ Lees,AJ Turner,OP Stone,0,0,,,,,,"",""
ball,1,80.1,Durham,AJ Turner,AZ Lees,LJ Fletcher,1,0,,,,,,"",""
ball,1,80.2,Durham,AZ Lees,AJ Turner,LJ Fletcher,0,0,,,,,,"",""
ball,1,80.3,Durham,AZ Lees,AJ Turner,LJ Fletcher,1,0,,,,,,"",""
ball,1,80.4,Durham,AJ Turner,AZ Lees,LJ Fletcher,0,0,,,,,,"",""
ball,1,80.5,Durham,AJ Turner,AZ Lees,LJ Fletcher,0,0,,,,,,"",""
ball,1,80.6,Durham,AJ Turner,AZ Lees,LJ Fletcher,0,0,,,,,,"",""
ball,1,81.1,Durham,AZ Lees,AJ Turner,OP Stone,1,0,,,,,,"",""
ball,1,81.2,Durham,AJ Turner,AZ Lees,OP Stone,1,0,,,,,,"",""
ball,1,81.3,Durham,AZ Lees,AJ Turner,OP Stone,4,0,,,,,,"",""
ball,1,81.4,Durham,AZ Lees,AJ Turner,OP Stone,1,0,,,,,,"",""
ball,1,81.5,Durham,AJ Turner,AZ Lees,OP Stone,0,0,,,,,,"",""
ball,1,81.6,Durham,AJ Turner,AZ Lees,OP Stone,1,0,,,,,,"",""
ball,1,82.1,Durham,AJ Turner,AZ Lees,LJ Fletcher,4,0,,,,,,"",""
ball,1,82.2,Durham,AJ Turner,AZ Lees,LJ Fletcher,0,0,,,,,,"",""
ball,1,82.3,Durham,AJ Turner,AZ Lees,LJ Fletcher,0,0,,,,,,"",""
ball,1,82.4,Durham,AJ Turner,AZ Lees,LJ Fletcher,0,0,,,,,,"",""
ball,1,82.5,Durham,AJ Turner,AZ Lees,LJ Fletcher,0,0,,,,,,"",""
ball,1,82.6,Durham,AJ Turner,AZ Lees,LJ Fletcher,0,0,,,,,,"",""
ball,1,83.1,Durham,AZ Lees,AJ Turner,OP Stone,1,0,,,,,,"",""
ball,1,83.2,Durham,AJ Turner,AZ Lees,OP Stone,0,0,,,,,,"",""
ball,1,83.3,Durham,AJ Turner,AZ Lees,OP Stone,0,0,,,,,,"",""
ball,1,83.4,Durham,AJ Turner,AZ Lees,OP Stone,0,0,,,,,,"",""
ball,1,83.5,Durham,AJ Turner,AZ Lees,OP Stone,4,0,,,,,,"",""
ball,1,83.6,Durham,AJ Turner,AZ Lees,OP Stone,1,0,,,,,,"",""
ball,1,84.1,Durham,AJ Turner,AZ Lees,LJ Fletcher,1,0,,,,,,"",""
ball,1,84.2,Durham,AZ Lees,AJ Turner,LJ Fletcher,0,0,,,,,,"",""
ball,1,84.3,Durham,AZ Lees,AJ Turner,LJ Fletcher,0,0,,,,,,"",""
ball,1,84.4,Durham,AZ Lees,AJ Turner,LJ Fletcher,0,0,,,,,,"",""
ball,1,84.5,Durham,AZ Lees,AJ Turner,LJ Fletcher,0,2,,2,,,,"",""
ball,1,84.6,Durham,AZ Lees,AJ Turner,LJ Fletcher,1,0,,,,,,"",""
ball,1,84.7,Durham,AJ Turner,AZ Lees,LJ Fletcher,0,0,,,,,,"",""
ball,1,85.1,Durham,AZ Lees,AJ Turner,BA Hutton,4,0,,,,,,"",""
ball,1,85.2,Durham,AZ Lees,AJ Turner,BA Hutton,2,0,,,,,,"",""
ball,1,85.3,Durham,AZ Lees,AJ Turner,BA Hutton,0,0,,,,,,"",""
ball,1,85.4,Durham,AZ Lees,AJ Turner,BA Hutton,1,0,,,,,,"",""
ball,1,85.5,Durham,AJ Turner,AZ Lees,BA Hutton,0,0,,,,,,"",""
ball,1,85.6,Durham,AJ Turner,AZ Lees,BA Hutton,0,0,,,,,,"",""
ball,1,86.1,Durham,AZ Lees,AJ Turner,LW James,0,0,,,,,,"",""
ball,1,86.2,Durham,AZ Lees,AJ Turner,LW James,0,0,,,,,,"",""
ball,1,86.3,Durham,AZ Lees,AJ Turner,LW James,0,0,,,,,,"",""
ball,1,86.4,Durham,AZ Lees,AJ Turner,LW James,0,0,,,,,,"",""
ball,1,86.5,Durham,AZ Lees,AJ Turner,LW James,1,0,,,,,,"",""
ball,1,86.6,Durham,AJ Turner,AZ Lees,LW James,0,0,,,,,,"",""
ball,1,87.1,Durham,AZ Lees,AJ Turner,BA Hutton,0,0,,,,,,"",""
ball,1,87.2,Durham,AZ Lees,AJ Turner,BA Hutton,0,0,,,,,,bowled,AZ Lees
ball,1,87.3,Durham,G Clark,AJ Turner,BA Hutton,2,0,,,,,,"",""
ball,1,87.4,Durham,G Clark,AJ Turner,BA Hutton,0,0,,,,,,"",""
ball,1,87.5,Durham,G Clark,AJ Turner,BA Hutton,0,0,,,,,,"",""
ball,1,87.6,Durham,G Clark,AJ Turner,BA Hutton,0,0,,,,,,"",""
ball,1,88.1,Durham,AJ Turner,G Clark,LW James,0,0,,,,,,"",""
ball,1,88.2,Durham,AJ Turner,G Clark,LW James,1,0,,,,,,"",""
ball,1,88.3,Durham,G Clark,AJ Turner,LW James,0,0,,,,,,"",""
ball,1,88.4,Durham,G Clark,AJ Turner,LW James,0,0,,,,,,"",""
ball,1,88.5,Durham,G Clark,AJ Turner,LW James,2,0,,,,,,"",""
ball,1,88.6,Durham,G Clark,AJ Turner,LW James,0,0,,,,,,"",""
ball,1,89.1,Durham,AJ Turner,G Clark,BA Hutton,1,0,,,,,,"",""
ball,1,89.2,Durham,G Clark,AJ Turner,BA Hutton,0,0,,,,,,"",""
ball,1,89.3,Durham,G Clark,AJ Turner,BA Hutton,0,0,,,,,,"",""
ball,1,89.4,Durham,G Clark,AJ Turner,BA Hutton,0,0,,,,,,"",""
ball,1,89.5,Durham,G Clark,AJ Turner,BA Hutton,0,0,,,,,,"",""
ball,1,89.6,Durham,G Clark,AJ Turner,BA Hutton,0,2,,,2,,,"",""
ball,1,90.1,Durham,AJ Turner,G Clark,LW James,0,0,,,,,,"",""
ball,1,90.2,Durham,AJ Turner,G Clark,LW James,0,0,,,,,,"",""
ball,1,90.3,Durham,AJ Turner,G Clark,LW James,0,1,,,,1,,"",""
ball,1,90.4,Durham,G Clark,AJ Turner,LW James,0,0,,,,,,"",""
ball,1,90.5,Durham,G Clark,AJ Turner,LW James,0,0,,,,,,"",""
ball,1,90.6,Durham,G Clark,AJ Turner,LW James,0,0,,,,,,"",""
ball,1,91.1,Durham,AJ Turner,G Clark,BA Hutton,1,0,,,,,,"",""
ball,1,91.2,Durham,G Clark,AJ Turner,BA Hutton,1,0,,,,,,"",""
ball,1,91.3,Durham,AJ Turner,G Clark,BA Hutton,0,0,,,,,,"",""
ball,1,91.4,Durham,AJ Turner,G Clark,BA Hutton,0,0,,,,,,"",""
ball,1,91.5,Durham,AJ Turner,G Clark,BA Hutton,1,0,,,,,,"",""
ball,1,91.6,Durham,G Clark,AJ Turner,BA Hutton,2,0,,,,,,"",""
ball,1,92.1,Durham,AJ Turner,G Clark,LW James,0,0,,,,,,"",""
ball,1,92.2,Durham,AJ Turner,G Clark,LW James,1,0,,,,,,"",""
ball,1,92.3,Durham,G Clark,AJ Turner,LW James,0,0,,,,,,"",""
ball,1,92.4,Durham,G Clark,AJ Turner,LW James,0,0,,,,,,"",""
ball,1,92.5,Durham,G Clark,AJ Turner,LW James,0,0,,,,,,"",""
ball,1,92.6,Durham,G Clark,AJ Turner,LW James,0,0,,,,,,"",""
ball,1,93.1,Durham,AJ Turner,G Clark,LJ Fletcher,2,0,,,,,,"",""
ball,1,93.2,Durham,AJ Turner,G Clark,LJ Fletcher,0,0,,,,,,"",""
ball,1,93.3,Durham,AJ Turner,G Clark,LJ Fletcher,0,0,,,,,,"",""
ball,1,93.4,Durham,AJ Turner,G Clark,LJ Fletcher,1,0,,,,,,"",""
ball,1,93.5,Durham,G Clark,AJ Turner,LJ Fletcher,0,0,,,,,,"",""
ball,1,93.6,Durham,G Clark,AJ Turner,LJ Fletcher,0,0,,,,,,"",""
ball,1,94.1,Durham,AJ Turner,G Clark,LW James,0,1,,,,1,,"",""
ball,1,94.2,Durham,G Clark,AJ Turner,LW James,0,0,,,,,,"",""
ball,1,94.3,Durham,G Clark,AJ Turner,LW James,0,0,,,,,,caught,G Clark
ball,1,94.4,Durham,CF Parkinson,AJ Turner,LW James,0,0,,,,,,"",""
ball,1,94.5,Durham,CF Parkinson,AJ Turner,LW James,4,0,,,,,,"",""
ball,1,94.6,Durham,CF Parkinson,AJ Turner,LW James,0,0,,,,,,"",""
ball,1,95.1,Durham,AJ Turner,CF Parkinson,LJ Fletcher,0,0,,,,,,"",""
ball,1,95.2,Durham,AJ Turner,CF Parkinson,LJ Fletcher,1,0,,,,,,"",""
ball,1,95.3,Durham,CF Parkinson,AJ Turner,LJ Fletcher,0,0,,,,,,"",""
ball,1,95.4,Durham,CF Parkinson,AJ Turner,LJ Fletcher,0,0,,,,,,"",""
ball,1,95.5,Durham,CF Parkinson,AJ Turner,LJ Fletcher,0,0,,,,,,"",""
ball,1,95.6,Durham,CF Parkinson,AJ Turner,LJ Fletcher,0,0,,,,,,"",""
ball,1,96.1,Durham,AJ Turner,CF Parkinson,LW James,0,2,,2,,,,"",""
ball,1,96.2,Durham,AJ Turner,CF Parkinson,LW James,0,0,,,,,,"",""
ball,1,96.3,Durham,AJ Turner,CF Parkinson,LW James,1,0,,,,,,"",""
ball,1,96.4,Durham,CF Parkinson,AJ Turner,LW James,0,0,,,,,,"",""
ball,1,96.5,Durham,CF Parkinson,AJ Turner,LW James,0,0,,,,,,"",""
ball,1,96.6,Durham,CF Parkinson,AJ Turner,LW James,0,0,,,,,,"",""
ball,1,96.7,Durham,CF Parkinson,AJ Turner,LW James,0,0,,,,,,"",""
ball,1,97.1,Durham,AJ Turner,CF Parkinson,OP Stone,1,0,,,,,,"",""
ball,1,97.2,Durham,CF Parkinson,AJ Turner,OP Stone,0,0,,,,,,lbw,CF Parkinson
ball,1,97.3,Durham,BFW de Leede,AJ Turner,OP Stone,0,0,,,,,,"",""
ball,1,97.4,Durham,BFW de Leede,AJ Turner,OP Stone,0,0,,,,,,"",""
ball,1,97.5,Durham,BFW de Leede,AJ Turner,OP Stone,0,0,,,,,,"",""
ball,1,97.6,Durham,BFW de Leede,AJ Turner,OP Stone,0,0,,,,,,"",""
ball,1,98.1,Durham,AJ Turner,BFW de Leede,LW James,2,0,,,,,,"",""
ball,1,98.2,Durham,AJ Turner,BFW de Leede,LW James,0,0,,,,,,"",""
ball,1,98.3,Durham,AJ Turner,BFW de Leede,LW James,1,0,,,,,,"",""
ball,1,98.4,Durham,BFW de Leede,AJ Turner,LW James,0,0,,,,,,"",""
ball,1,98.5,Durham,BFW de Leede,AJ Turner,LW James,0,0,,,,,,"",""
ball,1,98.6,Durham,BFW de Leede,AJ Turner,LW James,0,0,,,,,,"",""
ball,1,99.1,Durham,AJ Turner,BFW de Leede,OP Stone,0,1,,,,1,,"",""
ball,1,99.2,Durham,BFW de Leede,AJ Turner,OP Stone,0,0,,,,,,"",""
ball,1,99.3,Durham,BFW de Leede,AJ Turner,OP Stone,0,0,,,,,,"",""
ball,1,99.4,Durham,BFW de Leede,AJ Turner,OP Stone,4,0,,,,,,"",""
ball,1,99.5,Durham,BFW de Leede,AJ Turner,OP Stone,4,0,,,,,,"",""
ball,1,99.6,Durham,BFW de Leede,AJ Turner,OP Stone,0,0,,,,,,"",""
ball,1,100.1,Durham,AJ Turner,BFW de Leede,LW James,1,0,,,,,,"",""
ball,1,100.2,Durham,BFW de Leede,AJ Turner,LW James,1,0,,,,,,"",""
ball,1,100.3,Durham,AJ Turner,BFW de Leede,LW James,1,0,,,,,,"",""
ball,1,100.4,Durham,BFW de Leede,AJ Turner,LW James,0,0,,,,,,"",""
ball,1,100.5,Durham,BFW de Leede,AJ Turner,LW James,2,0,,,,,,"",""
ball,1,100.6,Durham,BFW de Leede,AJ Turner,LW James,0,0,,,,,,"",""
ball,1,101.1,Durham,AJ Turner,BFW de Leede,OP Stone,1,0,,,,,,"",""
ball,1,101.2,Durham,BFW de Leede,AJ Turner,OP Stone,0,0,,,,,,"",""
ball,1,101.3,Durham,BFW de Leede,AJ Turner,OP Stone,4,0,,,,,,"",""
ball,1,101.4,Durham,BFW de Leede,AJ Turner,OP Stone,0,0,,,,,,"",""
ball,1,101.5,Durham,BFW de Leede,AJ Turner,OP Stone,0,0,,,,,,"",""
ball,1,101.6,Durham,BFW de Leede,AJ Turner,OP Stone,0,0,,,,,,"",""
ball,1,102.1,Durham,AJ Turner,BFW de Leede,LW James,1,0,,,,,,"",""
ball,1,102.2,Durham,BFW de Leede,AJ Turner,LW James,0,0,,,,,,"",""
ball,1,102.3,Durham,BFW de Leede,AJ Turner,LW James,0,0,,,,,,"",""
ball,1,102.4,Durham,BFW de Leede,AJ Turner,LW James,0,0,,,,,,"",""
ball,1,102.5,Durham,BFW de Leede,AJ Turner,LW James,0,0,,,,,,"",""
ball,1,102.6,Durham,BFW de Leede,AJ Turner,LW James,2,0,,,,,,"",""
ball,1,103.1,Durham,AJ Turner,BFW de Leede,OP Stone,4,0,,,,,,"",""
ball,1,103.2,Durham,AJ Turner,BFW de Leede,OP Stone,0,0,,,,,,"",""
ball,1,103.3,Durham,AJ Turner,BFW de Leede,OP Stone,1,0,,,,,,"",""
ball,1,103.4,Durham,BFW de Leede,AJ Turner,OP Stone,0,0,,,,,,"",""
ball,1,103.5,Durham,BFW de Leede,AJ Turner,OP Stone,0,0,,,,,,"",""
ball,1,103.6,Durham,BFW de Leede,AJ Turner,OP Stone,0,0,,,,,,"",""
ball,1,104.1,Durham,AJ Turner,BFW de Leede,LW James,0,0,,,,,,"",""
ball,1,104.2,Durham,AJ Turner,BFW de Leede,LW James,0,0,,,,,,"",""
ball,1,104.3,Durham,AJ Turner,BFW de Leede,LW James,0,0,,,,,,"",""
ball,1,104.4,Durham,AJ Turner,BFW de Leede,LW James,0,0,,,,,,"",""
ball,1,104.5,Durham,AJ Turner,BFW de Leede,LW James,0,0,,,,,,"",""
ball,1,104.6,Durham,AJ Turner,BFW de Leede,LW James,0,0,,,,,,"",""
ball,1,105.1,Durham,BFW de Leede,AJ Turner,OP Stone,2,0,,,,,,"",""
ball,1,105.2,Durham,BFW de Leede,AJ Turner,OP Stone,0,0,,,,,,"",""
ball,1,105.3,Durham,BFW de Leede,AJ Turner,OP Stone,1,0,,,,,,"",""
ball,1,105.4,Durham,AJ Turner,BFW de Leede,OP Stone,0,0,,,,,,"",""
ball,1,105.5,Durham,AJ Turner,BFW de Leede,OP Stone,0,0,,,,,,"",""
ball,1,105.6,Durham,AJ Turner,BFW de Leede,OP Stone,0,0,,,,,,"",""
ball,1,106.1,Durham,BFW de Leede,AJ Turner,LW James,1,0,,,,,,"",""
ball,1,106.2,Durham,AJ Turner,BFW de Leede,LW James,4,0,,,,,,"",""
ball,1,106.3,Durham,AJ Turner,BFW de Leede,LW James,1,0,,,,,,"",""
ball,1,106.4,Durham,BFW de Leede,AJ Turner,LW James,4,0,,,,,,"",""
ball,1,106.5,Durham,BFW de Leede,AJ Turner,LW James,0,0,,,,,,"",""
ball,1,106.6,Durham,BFW de Leede,AJ Turner,LW James,4,0,,,,,,"",""
ball,1,107.1,Durham,AJ Turner,BFW de Leede,BA Hutton,0,0,,,,,,"",""
ball,1,107.2,Durham,AJ Turner,BFW de Leede,BA Hutton,4,0,,,,,,"",""
ball,1,107.3,Durham,AJ Turner,BFW de Leede,BA Hutton,1,0,,,,,,"",""
ball,1,107.4,Durham,BFW de Leede,AJ Turner,BA Hutton,0,0,,,,,,"",""
ball,1,107.5,Durham,BFW de Leede,AJ Turner,BA Hutton,0,0,,,,,,"",""
ball,1,107.6,Durham,BFW de Leede,AJ Turner,BA Hutton,0,0,,,,,,"",""
ball,1,108.1,Durham,AJ Turner,BFW de Leede,CG Harrison,1,0,,,,,,"",""
ball,1,108.2,Durham,BFW de Leede,AJ Turner,CG Harrison,1,0,,,,,,"",""
ball,1,108.3,Durham,AJ Turner,BFW de Leede,CG Harrison,0,0,,,,,,"",""
ball,1,108.4,Durham,AJ Turner,BFW de Leede,CG Harrison,0,0,,,,,,"",""
ball,1,108.5,Durham,AJ Turner,BFW de Leede,CG Harrison,1,0,,,,,,"",""
ball,1,108.6,Durham,BFW de Leede,AJ Turner,CG Harrison,0,0,,,,,,"",""
ball,1,109.1,Durham,AJ Turner,BFW de Leede,BA Hutton,0,0,,,,,,"",""
ball,1,109.2,Durham,AJ Turner,BFW de Leede,BA Hutton,0,0,,,,,,"",""
ball,1,109.3,Durham,AJ Turner,BFW de Leede,BA Hutton,0,0,,,,,,"",""
ball,1,109.4,Durham,AJ Turner,BFW de Leede,BA Hutton,0,0,,,,,,"",""
ball,1,109.5,Durham,AJ Turner,BFW de Leede,BA Hutton,1,0,,,,,,"",""
ball,1,109.6,Durham,BFW de Leede,AJ Turner,BA Hutton,0,0,,,,,,"",""
ball,1,110.1,Durham,AJ Turner,BFW de Leede,CG Harrison,4,0,,,,,,"",""
ball,1,110.2,Durham,AJ Turner,BFW de Leede,CG Harrison,0,0,,,,,,"",""
ball,1,110.3,Durham,AJ Turner,BFW de Leede,CG Harrison,0,0,,,,,,"",""
ball,1,110.4,Durham,AJ Turner,BFW de Leede,CG Harrison,1,0,,,,,,"",""
ball,1,110.5,Durham,BFW de Leede,AJ Turner,CG Harrison,4,0,,,,,,"",""
ball,1,110.6,Durham,BFW de Leede,AJ Turner,CG Harrison,1,0,,,,,,"",""
ball,1,111.1,Durham,BFW de Leede,AJ Turner,BA Hutton,4,0,,,,,,"",""
ball,1,111.2,Durham,BFW de Leede,AJ Turner,BA Hutton,0,0,,,,,,"",""
ball,1,111.3,Durham,BFW de Leede,AJ Turner,BA Hutton,4,0,,,,,,"",""
ball,1,111.4,Durham,BFW de Leede,AJ Turner,BA Hutton,0,0,,,,,,"",""
ball,1,111.5,Durham,BFW de Leede,AJ Turner,BA Hutton,0,0,,,,,,"",""
ball,1,111.6,Durham,BFW de Leede,AJ Turner,BA Hutton,4,0,,,,,,"",""
ball,1,112.1,Durham,AJ Turner,BFW de Leede,CG Harrison,0,0,,,,,,"",""
ball,1,112.2,Durham,AJ Turner,BFW de Leede,CG Harrison,3,0,,,,,,"",""
ball,1,112.3,Durham,BFW de Leede,AJ Turner,CG Harrison,4,0,,,,,,"",""
ball,1,112.4,Durham,BFW de Leede,AJ Turner,CG Harrison,1,0,,,,,,"",""
ball,1,112.5,Durham,AJ Turner,BFW de Leede,CG Harrison,1,0,,,,,,"",""
ball,1,112.6,Durham,BFW de Leede,AJ Turner,CG Harrison,1,0,,,,,,"",""
ball,1,113.1,Durham,BFW de Leede,AJ Turner,LJ Fletcher,2,0,,,,,,"",""
ball,1,113.2,Durham,BFW de Leede,AJ Turner,LJ Fletcher,0,0,,,,,,"",""
ball,1,113.3,Durham,BFW de Leede,AJ Turner,LJ Fletcher,0,0,,,,,,"",""
ball,1,113.4,Durham,BFW de Leede,AJ Turner,LJ Fletcher,4,0,,,,,,"",""
ball,1,113.5,Durham,BFW de Leede,AJ Turner,LJ Fletcher,1,0,,,,,,"",""
ball,1,113.6,Durham,AJ Turner,BFW de Leede,LJ Fletcher,2,0,,,,,,"",""
ball,1,114.1,Durham,BFW de Leede,AJ Turner,CG Harrison,4,0,,,,,,"",""
ball,1,114.2,Durham,BFW de Leede,AJ Turner,CG Harrison,1,0,,,,,,"",""
ball,1,114.3,Durham,AJ Turner,BFW de Leede,CG Harrison,1,0,,,,,,"",""
ball,1,114.4,Durham,BFW de Leede,AJ Turner,CG Harrison,4,0,,,,,,"",""
ball,1,114.5,Durham,BFW de Leede,AJ Turner,CG Harrison,1,0,,,,,,"",""
ball,1,114.6,Durham,AJ Turner,BFW de Leede,CG Harrison,0,0,,,,,,"",""
ball,1,115.1,Durham,BFW de Leede,AJ Turner,LJ Fletcher,1,0,,,,,,"",""
ball,1,115.2,Durham,AJ Turner,BFW de Leede,LJ Fletcher,4,0,,,,,,"",""
ball,1,115.3,Durham,AJ Turner,BFW de Leede,LJ Fletcher,4,0,,,,,,"",""
ball,1,115.4,Durham,AJ Turner,BFW de Leede,LJ Fletcher,0,0,,,,,,"",""
ball,1,115.5,Durham,AJ Turner,BFW de Leede,LJ Fletcher,0,0,,,,,,"",""
ball,1,115.6,Durham,AJ Turner,BFW de Leede,LJ Fletcher,1,0,,,,,,"",""
ball,1,116.1,Durham,AJ Turner,BFW de Leede,FW McCann,1,0,,,,,,"",""
ball,1,116.2,Durham,BFW de Leede,AJ Turner,FW McCann,1,0,,,,,,"",""
ball,1,116.3,Durham,AJ Turner,BFW de Leede,FW McCann,1,0,,,,,,"",""
ball,1,116.4,Durham,BFW de Leede,AJ Turner,FW McCann,6,0,,,,,,"",""
ball,1,116.5,Durham,BFW de Leede,AJ Turner,FW McCann,1,0,,,,,,"",""
ball,1,116.6,Durham,AJ Turner,BFW de Leede,FW McCann,2,0,,,,,,"",""
ball,1,117.1,Durham,BFW de Leede,AJ Turner,LJ Fletcher,0,4,,,4,,,"",""
ball,1,117.2,Durham,BFW de Leede,AJ Turner,LJ Fletcher,0,0,,,,,,caught,BFW de Leede
ball,2,0.1,Nottinghamshire,H Hameed,BT Slater,N Wagner,4,0,,,,,,"",""
ball,2,0.2,Nottinghamshire,H Hameed,BT Slater,N Wagner,2,0,,,,,,"",""
ball,2,0.3,Nottinghamshire,H Hameed,BT Slater,N Wagner,0,0,,,,,,"",""
ball,2,0.4,Nottinghamshire,H Hameed,BT Slater,N Wagner,0,0,,,,,,"",""
ball,2,0.5,Nottinghamshire,H Hameed,BT Slater,N Wagner,0,0,,,,,,"",""
ball,2,0.6,Nottinghamshire,H Hameed,BT Slater,N Wagner,0,0,,,,,,"",""
ball,2,1.1,Nottinghamshire,BT Slater,H Hameed,BA Raine,0,0,,,,,,"",""
ball,2,1.2,Nottinghamshire,BT Slater,H Hameed,BA Raine,0,0,,,,,,"",""
ball,2,1.3,Nottinghamshire,BT Slater,H Hameed,BA Raine,0,0,,,,,,"",""
ball,2,1.4,Nottinghamshire,BT Slater,H Hameed,BA Raine,0,0,,,,,,"",""
ball,2,1.5,Nottinghamshire,BT Slater,H Hameed,BA Raine,0,0,,,,,,"",""
ball,2,1.6,Nottinghamshire,BT Slater,H Hameed,BA Raine,0,0,,,,,,"",""
ball,2,2.1,Nottinghamshire,H Hameed,BT Slater,N Wagner,3,0,,,,,,"",""
ball,2,2.2,Nottinghamshire,BT Slater,H Hameed,N Wagner,0,0,,,,,,"",""
ball,2,2.3,Nottinghamshire,BT Slater,H Hameed,N Wagner,0,0,,,,,,"",""
ball,2,2.4,Nottinghamshire,BT Slater,H Hameed,N Wagner,0,0,,,,,,"",""
ball,2,2.5,Nottinghamshire,BT Slater,H Hameed,N Wagner,2,0,,,,,,"",""
ball,2,2.6,Nottinghamshire,BT Slater,H Hameed,N Wagner,0,0,,,,,,bowled,BT Slater
ball,2,3.1,Nottinghamshire,H Hameed,FW McCann,BA Raine,0,0,,,,,,"",""
ball,2,3.2,Nottinghamshire,H Hameed,FW McCann,BA Raine,0,0,,,,,,"",""
ball,2,3.3,Nottinghamshire,H Hameed,FW McCann,BA Raine,0,0,,,,,,"",""
ball,2,3.4,Nottinghamshire,H Hameed,FW McCann,BA Raine,4,0,,,,,,"",""
ball,2,3.5,Nottinghamshire,H Hameed,FW McCann,BA Raine,0,0,,,,,,"",""
ball,2,3.6,Nottinghamshire,H Hameed,FW McCann,BA Raine,0,0,,,,,,"",""
ball,2,4.1,Nottinghamshire,FW McCann,H Hameed,N Wagner,0,0,,,,,,"",""
ball,2,4.2,Nottinghamshire,FW McCann,H Hameed,N Wagner,0,0,,,,,,"",""
ball,2,4.3,Nottinghamshire,FW McCann,H Hameed,N Wagner,4,0,,,,,,"",""
ball,2,4.4,Nottinghamshire,FW McCann,H Hameed,N Wagner,4,0,,,,,,"",""
ball,2,4.5,Nottinghamshire,FW McCann,H Hameed,N Wagner,4,0,,,,,,"",""
ball,2,4.6,Nottinghamshire,FW McCann,H Hameed,N Wagner,0,0,,,,,,"",""
ball,2,5.1,Nottinghamshire,H Hameed,FW McCann,BA Raine,1,0,,,,,,"",""
ball,2,5.2,Nottinghamshire,FW McCann,H Hameed,BA Raine,0,0,,,,,,"",""
ball,2,5.3,Nottinghamshire,FW McCann,H Hameed,BA Raine,0,0,,,,,,"",""
ball,2,5.4,Nottinghamshire,FW McCann,H Hameed,BA Raine,0,0,,,,,,"",""
ball,2,5.5,Nottinghamshire,FW McCann,H Hameed,BA Raine,1,0,,,,,,"",""
ball,2,5.6,Nottinghamshire,H Hameed,FW McCann,BA Raine,0,0,,,,,,"",""
ball,2,6.1,Nottinghamshire,FW McCann,H Hameed,N Wagner,0,0,,,,,,"",""
ball,2,6.2,Nottinghamshire,FW McCann,H Hameed,N Wagner,0,0,,,,,,"",""
ball,2,6.3,Nottinghamshire,FW McCann,H Hameed,N Wagner,0,0,,,,,,"",""
ball,2,6.4,Nottinghamshire,FW McCann,H Hameed,N Wagner,4,0,,,,,,"",""
ball,2,6.5,Nottinghamshire,FW McCann,H Hameed,N Wagner,2,0,,,,,,"",""
ball,2,6.6,Nottinghamshire,FW McCann,H Hameed,N Wagner,0,0,,,,,,"",""
ball,2,7.1,Nottinghamshire,H Hameed,FW McCann,BA Raine,0,0,,,,,,"",""
ball,2,7.2,Nottinghamshire,H Hameed,FW McCann,BA Raine,0,0,,,,,,"",""
ball,2,7.3,Nottinghamshire,H Hameed,FW McCann,BA Raine,2,0,,,,,,"",""
ball,2,7.4,Nottinghamshire,H Hameed,FW McCann,BA Raine,0,0,,,,,,"",""
ball,2,7.5,Nottinghamshire,H Hameed,FW McCann,BA Raine,0,0,,,,,,"",""
ball,2,7.6,Nottinghamshire,H Hameed,FW McCann,BA Raine,0,0,,,,,,"",""
ball,2,8.1,Nottinghamshire,FW McCann,H Hameed,N Wagner,0,0,,,,,,"",""
ball,2,8.2,Nottinghamshire,FW McCann,H Hameed,N Wagner,0,0,,,,,,"",""
ball,2,8.3,Nottinghamshire,FW McCann,H Hameed,N Wagner,0,0,,,,,,"",""
ball,2,8.4,Nottinghamshire,FW McCann,H Hameed,N Wagner,4,0,,,,,,"",""
ball,2,8.5,Nottinghamshire,FW McCann,H Hameed,N Wagner,0,0,,,,,,"",""
ball,2,8.6,Nottinghamshire,FW McCann,H Hameed,N Wagner,0,0,,,,,,"",""
ball,2,9.1,Nottinghamshire,H Hameed,FW McCann,BA Raine,0,0,,,,,,"",""
ball,2,9.2,Nottinghamshire,H Hameed,FW McCann,BA Raine,0,0,,,,,,"",""
ball,2,9.3,Nottinghamshire,H Hameed,FW McCann,BA Raine,0,0,,,,,,"",""
ball,2,9.4,Nottinghamshire,H Hameed,FW McCann,BA Raine,0,0,,,,,,"",""
ball,2,9.5,Nottinghamshire,H Hameed,FW McCann,BA Raine,0,0,,,,,,"",""
ball,2,9.6,Nottinghamshire,H Hameed,FW McCann,BA Raine,3,0,,,,,,"",""
ball,2,10.1,Nottinghamshire,H Hameed,FW McCann,N Wagner,0,0,,,,,,"",""
ball,2,10.2,Nottinghamshire,H Hameed,FW McCann,N Wagner,0,0,,,,,,"",""
ball,2,10.3,Nottinghamshire,H Hameed,FW McCann,N Wagner,0,0,,,,,,"",""
ball,2,10.4,Nottinghamshire,H Hameed,FW McCann,N Wagner,0,0,,,,,,"",""
ball,2,10.5,Nottinghamshire,H Hameed,FW McCann,N Wagner,1,0,,,,,,"",""
ball,2,10.6,Nottinghamshire,FW McCann,H Hameed,N Wagner,1,0,,,,,,"",""
ball,2,11.1,Nottinghamshire,FW McCann,H Hameed,BA Raine,0,0,,,,,,"",""
ball,2,11.2,Nottinghamshire,FW McCann,H Hameed,BA Raine,0,0,,,,,,"",""
ball,2,11.3,Nottinghamshire,FW McCann,H Hameed,BA Raine,0,0,,,,,,"",""
ball,2,11.4,Nottinghamshire,FW McCann,H Hameed,BA Raine,0,0,,,,,,"",""
ball,2,11.5,Nottinghamshire,FW McCann,H Hameed,BA Raine,0,0,,,,,,"",""
ball,2,11.6,Nottinghamshire,FW McCann,H Hameed,BA Raine,0,0,,,,,,"",""
ball,2,12.1,Nottinghamshire,H Hameed,FW McCann,N Wagner,0,1,,,1,,,"",""
ball,2,12.2,Nottinghamshire,FW McCann,H Hameed,N Wagner,0,0,,,,,,"",""
ball,2,12.3,Nottinghamshire,FW McCann,H Hameed,N Wagner,0,0,,,,,,"",""
ball,2,12.4,Nottinghamshire,FW McCann,H Hameed,N Wagner,0,0,,,,,,"",""
ball,2,12.5,Nottinghamshire,FW McCann,H Hameed,N Wagner,1,0,,,,,,"",""
ball,2,12.6,Nottinghamshire,H Hameed,FW McCann,N Wagner,0,0,,,,,,"",""
ball,2,13.1,Nottinghamshire,FW McCann,H Hameed,BA Raine,0,0,,,,,,"",""
ball,2,13.2,Nottinghamshire,FW McCann,H Hameed,BA Raine,0,0,,,,,,"",""
ball,2,13.3,Nottinghamshire,FW McCann,H Hameed,BA Raine,0,0,,,,,,"",""
ball,2,13.4,Nottinghamshire,FW McCann,H Hameed,BA Raine,0,0,,,,,,"",""
ball,2,13.5,Nottinghamshire,FW McCann,H Hameed,BA Raine,0,0,,,,,,"",""
ball,2,13.6,Nottinghamshire,FW McCann,H Hameed,BA Raine,0,0,,,,,,"",""
ball,2,14.1,Nottinghamshire,H Hameed,FW McCann,DM Hogg,0,0,,,,,,"",""
ball,2,14.2,Nottinghamshire,H Hameed,FW McCann,DM Hogg,4,0,,,,,,"",""
ball,2,14.3,Nottinghamshire,H Hameed,FW McCann,DM Hogg,4,0,,,,,,"",""
ball,2,14.4,Nottinghamshire,H Hameed,FW McCann,DM Hogg,0,0,,,,,,"",""
ball,2,14.5,Nottinghamshire,H Hameed,FW McCann,DM Hogg,0,0,,,,,,"",""
ball,2,14.6,Nottinghamshire,H Hameed,FW McCann,DM Hogg,0,0,,,,,,"",""
ball,2,15.1,Nottinghamshire,FW McCann,H Hameed,BA Raine,0,0,,,,,,"",""
ball,2,15.2,Nottinghamshire,FW McCann,H Hameed,BA Raine,0,0,,,,,,"",""
ball,2,15.3,Nottinghamshire,FW McCann,H Hameed,BA Raine,0,0,,,,,,"",""
ball,2,15.4,Nottinghamshire,FW McCann,H Hameed,BA Raine,2,0,,,,,,"",""
ball,2,15.5,Nottinghamshire,FW McCann,H Hameed,BA Raine,1,0,,,,,,"",""
ball,2,15.6,Nottinghamshire,H Hameed,FW McCann,BA Raine,0,0,,,,,,"",""
ball,2,16.1,Nottinghamshire,FW McCann,H Hameed,DM Hogg,0,0,,,,,,"",""
ball,2,16.2,Nottinghamshire,FW McCann,H Hameed,DM Hogg,0,0,,,,,,"",""
ball,2,16.3,Nottinghamshire,FW McCann,H Hameed,DM Hogg,4,2,,2,,,,"",""
ball,2,16.4,Nottinghamshire,FW McCann,H Hameed,DM Hogg,2,0,,,,,,"",""
ball,2,16.5,Nottinghamshire,FW McCann,H Hameed,DM Hogg,0,0,,,,,,"",""
ball,2,16.6,Nottinghamshire,FW McCann,H Hameed,DM Hogg,0,0,,,,,,"",""
ball,2,16.7,Nottinghamshire,FW McCann,H Hameed,DM Hogg,0,0,,,,,,"",""
ball,2,17.1,Nottinghamshire,H Hameed,FW McCann,BFW de Leede,0,0,,,,,,"",""
ball,2,17.2,Nottinghamshire,H Hameed,FW McCann,BFW de Leede,0,0,,,,,,"",""
ball,2,17.3,Nottinghamshire,H Hameed,FW McCann,BFW de Leede,0,0,,,,,,"",""
ball,2,17.4,Nottinghamshire,H Hameed,FW McCann,BFW de Leede,0,0,,,,,,"",""
ball,2,17.5,Nottinghamshire,H Hameed,FW McCann,BFW de Leede,0,0,,,,,,"",""
ball,2,17.6,Nottinghamshire,H Hameed,FW McCann,BFW de Leede,0,0,,,,,,"",""
ball,2,18.1,Nottinghamshire,FW McCann,H Hameed,DM Hogg,0,0,,,,,,"",""
ball,2,18.2,Nottinghamshire,FW McCann,H Hameed,DM Hogg,4,0,,,,,,"",""
ball,2,18.3,Nottinghamshire,FW McCann,H Hameed,DM Hogg,0,0,,,,,,"",""
ball,2,18.4,Nottinghamshire,FW McCann,H Hameed,DM Hogg,2,0,,,,,,"",""
ball,2,18.5,Nottinghamshire,FW McCann,H Hameed,DM Hogg,0,0,,,,,,"",""
ball,2,18.6,Nottinghamshire,FW McCann,H Hameed,DM Hogg,4,0,,,,,,"",""
ball,2,19.1,Nottinghamshire,H Hameed,FW McCann,BFW de Leede,4,0,,,,,,"",""
ball,2,19.2,Nottinghamshire,H Hameed,FW McCann,BFW de Leede,4,0,,,,,,"",""
ball,2,19.3,Nottinghamshire,H Hameed,FW McCann,BFW de Leede,0,0,,,,,,"",""
ball,2,19.4,Nottinghamshire,H Hameed,FW McCann,BFW de Leede,0,0,,,,,,"",""
ball,2,19.5,Nottinghamshire,H Hameed,FW McCann,BFW de Leede,0,0,,,,,,"",""
ball,2,19.6,Nottinghamshire,H Hameed,FW McCann,BFW de Leede,0,0,,,,,,"",""
ball,2,20.1,Nottinghamshire,FW McCann,H Hameed,N Wagner,3,0,,,,,,"",""
ball,2,20.2,Nottinghamshire,H Hameed,FW McCann,N Wagner,4,0,,,,,,"",""
ball,2,20.3,Nottinghamshire,H Hameed,FW McCann,N Wagner,0,0,,,,,,"",""
ball,2,20.4,Nottinghamshire,H Hameed,FW McCann,N Wagner,4,0,,,,,,"",""
ball,2,20.5,Nottinghamshire,H Hameed,FW McCann,N Wagner,0,0,,,,,,"",""
ball,2,20.6,Nottinghamshire,H Hameed,FW McCann,N Wagner,0,0,,,,,,caught,H Hameed
ball,2,21.1,Nottinghamshire,FW McCann,JM Clarke,BFW de Leede,0,0,,,,,,"",""
ball,2,21.2,Nottinghamshire,FW McCann,JM Clarke,BFW de Leede,0,0,,,,,,"",""
ball,2,21.3,Nottinghamshire,FW McCann,JM Clarke,BFW de Leede,0,0,,,,,,"",""
ball,2,21.4,Nottinghamshire,FW McCann,JM Clarke,BFW de Leede,4,0,,,,,,"",""
ball,2,21.5,Nottinghamshire,FW McCann,JM Clarke,BFW de Leede,0,0,,,,,,caught,FW McCann
ball,2,21.6,Nottinghamshire,JA Haynes,JM Clarke,BFW de Leede,0,0,,,,,,"",""
ball,2,22.1,Nottinghamshire,JM Clarke,JA Haynes,N Wagner,0,0,,,,,,"",""
ball,2,22.2,Nottinghamshire,JM Clarke,JA Haynes,N Wagner,0,0,,,,,,"",""
ball,2,22.3,Nottinghamshire,JM Clarke,JA Haynes,N Wagner,0,0,,,,,,"",""
ball,2,22.4,Nottinghamshire,JM Clarke,JA Haynes,N Wagner,0,0,,,,,,"",""
ball,2,22.5,Nottinghamshire,JM Clarke,JA Haynes,N Wagner,0,0,,,,,,"",""
ball,2,22.6,Nottinghamshire,JM Clarke,JA Haynes,N Wagner,1,0,,,,,,"",""
ball,2,23.1,Nottinghamshire,JM Clarke,JA Haynes,BFW de Leede,0,0,,,,,,"",""
ball,2,23.2,Nottinghamshire,JM Clarke,JA Haynes,BFW de Leede,0,0,,,,,,"",""
ball,2,23.3,Nottinghamshire,JM Clarke,JA Haynes,BFW de Leede,0,0,,,,,,"",""
ball,2,23.4,Nottinghamshire,JM Clarke,JA Haynes,BFW de Leede,0,0,,,,,,"",""
ball,2,23.5,Nottinghamshire,JM Clarke,JA Haynes,BFW de Leede,0,0,,,,,,"",""
ball,2,23.6,Nottinghamshire,JM Clarke,JA Haynes,BFW de Leede,1,0,,,,,,"",""
ball,2,24.1,Nottinghamshire,JM Clarke,JA Haynes,N Wagner,0,0,,,,,,"",""
ball,2,24.2,Nottinghamshire,JM Clarke,JA Haynes,N Wagner,0,0,,,,,,"",""
ball,2,24.3,Nottinghamshire,JM Clarke,JA Haynes,N Wagner,1,0,,,,,,"",""
ball,2,24.4,Nottinghamshire,JA Haynes,JM Clarke,N Wagner,0,0,,,,,,"",""
ball,2,24.5,Nottinghamshire,JA Haynes,JM Clarke,N Wagner,1,0,,,,,,"",""
ball,2,24.6,Nottinghamshire,JM Clarke,JA Haynes,N Wagner,0,0,,,,,,"",""
ball,2,25.1,Nottinghamshire,JA Haynes,JM Clarke,BFW de Leede,0,0,,,,,,"",""
ball,2,25.2,Nottinghamshire,JA Haynes,JM Clarke,BFW de Leede,0,0,,,,,,"",""
ball,2,25.3,Nottinghamshire,JA Haynes,JM Clarke,BFW de Leede,0,0,,,,,,"",""
ball,2,25.4,Nottinghamshire,JA Haynes,JM Clarke,BFW de Leede,4,0,,,,,,"",""
ball,2,25.5,Nottinghamshire,JA Haynes,JM Clarke,BFW de Leede,0,0,,,,,,"",""
ball,2,25.6,Nottinghamshire,JA Haynes,JM Clarke,BFW de Leede,0,0,,,,,,"",""
ball,2,26.1,Nottinghamshire,JM Clarke,JA Haynes,N Wagner,0,0,,,,,,"",""
ball,2,26.2,Nottinghamshire,JM Clarke,JA Haynes,N Wagner,0,0,,,,,,"",""
ball,2,26.3,Nottinghamshire,JM Clarke,JA Haynes,N Wagner,0,0,,,,,,caught,JM Clarke
ball,2,26.4,Nottinghamshire,M Montgomery,JA Haynes,N Wagner,0,0,,,,,,"",""
ball,2,26.5,Nottinghamshire,M Montgomery,JA Haynes,N Wagner,0,0,,,,,,"",""
ball,2,26.6,Nottinghamshire,M Montgomery,JA Haynes,N Wagner,4,0,,,,,,"",""
ball,2,27.1,Nottinghamshire,JA Haynes,M Montgomery,BA Raine,0,0,,,,,,"",""
ball,2,27.2,Nottinghamshire,JA Haynes,M Montgomery,BA Raine,0,0,,,,,,"",""
ball,2,27.3,Nottinghamshire,JA Haynes,M Montgomery,BA Raine,0,0,,,,,,"",""
ball,2,27.4,Nottinghamshire,JA Haynes,M Montgomery,BA Raine,0,0,,,,,,"",""
ball,2,27.5,Nottinghamshire,JA Haynes,M Montgomery,BA Raine,0,0,,,,,,"",""
ball,2,27.6,Nottinghamshire,JA Haynes,M Montgomery,BA Raine,0,0,,,,,,"",""
ball,2,28.1,Nottinghamshire,M Montgomery,JA Haynes,N Wagner,4,0,,,,,,"",""
ball,2,28.2,Nottinghamshire,M Montgomery,JA Haynes,N Wagner,0,0,,,,,,"",""
ball,2,28.3,Nottinghamshire,M Montgomery,JA Haynes,N Wagner,0,0,,,,,,"",""
ball,2,28.4,Nottinghamshire,M Montgomery,JA Haynes,N Wagner,0,0,,,,,,"",""
ball,2,28.5,Nottinghamshire,M Montgomery,JA Haynes,N Wagner,0,0,,,,,,caught,M Montgomery
ball,2,28.6,Nottinghamshire,LW James,JA Haynes,N Wagner,0,0,,,,,,"",""
ball,2,29.1,Nottinghamshire,JA Haynes,LW James,BA Raine,4,0,,,,,,"",""
ball,2,29.2,Nottinghamshire,JA Haynes,LW James,BA Raine,0,0,,,,,,"",""
ball,2,29.3,Nottinghamshire,JA Haynes,LW James,BA Raine,0,0,,,,,,"",""
ball,2,29.4,Nottinghamshire,JA Haynes,LW James,BA Raine,0,0,,,,,,"",""
ball,2,29.5,Nottinghamshire,JA Haynes,LW James,BA Raine,0,0,,,,,,"",""
ball,2,29.6,Nottinghamshire,JA Haynes,LW James,BA Raine,0,0,,,,,,"",""
ball,2,30.1,Nottinghamshire,LW James,JA Haynes,N Wagner,0,0,,,,,,"",""
ball,2,30.2,Nottinghamshire,LW James,JA Haynes,N Wagner,0,0,,,,,,"",""
ball,2,30.3,Nottinghamshire,LW James,JA Haynes,N Wagner,2,0,,,,,,"",""
ball,2,30.4,Nottinghamshire,LW James,JA Haynes,N Wagner,0,0,,,,,,"",""
ball,2,30.5,Nottinghamshire,LW James,JA Haynes,N Wagner,0,0,,,,,,"",""
ball,2,30.6,Nottinghamshire,LW James,JA Haynes,N Wagner,0,0,,,,,,"",""
ball,2,31.1,Nottinghamshire,JA Haynes,LW James,BA Raine,0,0,,,,,,"",""
ball,2,31.2,Nottinghamshire,JA Haynes,LW James,BA Raine,0,0,,,,,,"",""
ball,2,31.3,Nottinghamshire,JA Haynes,LW James,BA Raine,0,0,,,,,,"",""
ball,2,31.4,Nottinghamshire,JA Haynes,LW James,BA Raine,0,0,,,,,,"",""
ball,2,31.5,Nottinghamshire,JA Haynes,LW James,BA Raine,0,0,,,,,,"",""
ball,2,31.6,Nottinghamshire,JA Haynes,LW James,BA Raine,0,0,,,,,,"",""
ball,2,32.1,Nottinghamshire,LW James,JA Haynes,DM Hogg,0,0,,,,,,"",""
ball,2,32.2,Nottinghamshire,LW James,JA Haynes,DM Hogg,0,0,,,,,,"",""
ball,2,32.3,Nottinghamshire,LW James,JA Haynes,DM Hogg,0,0,,,,,,"",""
ball,2,32.4,Nottinghamshire,LW James,JA Haynes,DM Hogg,0,0,,,,,,"",""
ball,2,32.5,Nottinghamshire,LW James,JA Haynes,DM Hogg,0,0,,,,,,"",""
ball,2,32.6,Nottinghamshire,LW James,JA Haynes,DM Hogg,0,0,,,,,,"",""
ball,2,33.1,Nottinghamshire,JA Haynes,LW James,BA Raine,0,0,,,,,,"",""
ball,2,33.2,Nottinghamshire,JA Haynes,LW James,BA Raine,0,0,,,,,,caught,JA Haynes
ball,2,33.3,Nottinghamshire,CG Harrison,LW James,BA Raine,0,0,,,,,,"",""
ball,2,33.4,Nottinghamshire,CG Harrison,LW James,BA Raine,0,0,,,,,,"",""
ball,2,33.5,Nottinghamshire,CG Harrison,LW James,BA Raine,0,0,,,,,,"",""
ball,2,33.6,Nottinghamshire,CG Harrison,LW James,BA Raine,2,0,,,,,,"",""
ball,2,34.1,Nottinghamshire,LW James,CG Harrison,DM Hogg,1,0,,,,,,"",""
ball,2,34.2,Nottinghamshire,CG Harrison,LW James,DM Hogg,1,0,,,,,,"",""
ball,2,34.3,Nottinghamshire,LW James,CG Harrison,DM Hogg,0,0,,,,,,"",""
ball,2,34.4,Nottinghamshire,LW James,CG Harrison,DM Hogg,0,0,,,,,,"",""
ball,2,34.5,Nottinghamshire,LW James,CG Harrison,DM Hogg,0,0,,,,,,"",""
ball,2,34.6,Nottinghamshire,LW James,CG Harrison,DM Hogg,1,0,,,,,,"",""
ball,2,35.1,Nottinghamshire,LW James,CG Harrison,BFW de Leede,0,0,,,,,,"",""
ball,2,35.2,Nottinghamshire,LW James,CG Harrison,BFW de Leede,0,0,,,,,,"",""
ball,2,35.3,Nottinghamshire,LW James,CG Harrison,BFW de Leede,0,0,,,,,,"",""
ball,2,35.4,Nottinghamshire,LW James,CG Harrison,BFW de Leede,0,0,,,,,,"",""
ball,2,35.5,Nottinghamshire,LW James,CG Harrison,BFW de Leede,4,0,,,,,,"",""
ball,2,35.6,Nottinghamshire,LW James,CG Harrison,BFW de Leede,0,0,,,,,,"",""
ball,2,36.1,Nottinghamshire,CG Harrison,LW James,DM Hogg,0,0,,,,,,"",""
ball,2,36.2,Nottinghamshire,CG Harrison,LW James,DM Hogg,0,0,,,,,,"",""
ball,2,36.3,Nottinghamshire,CG Harrison,LW James,DM Hogg,0,0,,,,,,"",""
ball,2,36.4,Nottinghamshire,CG Harrison,LW James,DM Hogg,0,0,,,,,,"",""
ball,2,36.5,Nottinghamshire,CG Harrison,LW James,DM Hogg,0,0,,,,,,"",""
ball,2,36.6,Nottinghamshire,CG Harrison,LW James,DM Hogg,0,0,,,,,,"",""
ball,2,37.1,Nottinghamshire,LW James,CG Harrison,BFW de Leede,0,0,,,,,,"",""
ball,2,37.2,Nottinghamshire,LW James,CG Harrison,BFW de Leede,0,0,,,,,,"",""
ball,2,37.3,Nottinghamshire,LW James,CG Harrison,BFW de Leede,0,0,,,,,,"",""
ball,2,37.4,Nottinghamshire,LW James,CG Harrison,BFW de Leede,0,0,,,,,,"",""
ball,2,37.5,Nottinghamshire,LW James,CG Harrison,BFW de Leede,0,0,,,,,,"",""
ball,2,37.6,Nottinghamshire,LW James,CG Harrison,BFW de Leede,0,2,,2,,,,"",""
ball,2,37.7,Nottinghamshire,LW James,CG Harrison,BFW de Leede,0,0,,,,,,"",""
ball,2,38.1,Nottinghamshire,CG Harrison,LW James,DM Hogg,1,0,,,,,,"",""
ball,2,38.2,Nottinghamshire,LW James,CG Harrison,DM Hogg,0,0,,,,,,"",""
ball,2,38.3,Nottinghamshire,LW James,CG Harrison,DM Hogg,0,0,,,,,,"",""
ball,2,38.4,Nottinghamshire,LW James,CG Harrison,DM Hogg,0,0,,,,,,"",""
ball,2,38.5,Nottinghamshire,LW James,CG Harrison,DM Hogg,3,0,,,,,,"",""
ball,2,38.6,Nottinghamshire,CG Harrison,LW James,DM Hogg,0,0,,,,,,"",""
ball,2,39.1,Nottinghamshire,LW James,CG Harrison,BFW de Leede,0,0,,,,,,"",""
ball,2,39.2,Nottinghamshire,LW James,CG Harrison,BFW de Leede,0,0,,,,,,"",""
ball,2,39.3,Nottinghamshire,LW James,CG Harrison,BFW de Leede,0,0,,,,,,"",""
ball,2,39.4,Nottinghamshire,LW James,CG Harrison,BFW de Leede,0,0,,,,,,"",""
ball,2,39.5,Nottinghamshire,LW James,CG Harrison,BFW de Leede,0,0,,,,,,"",""
ball,2,39.6,Nottinghamshire,LW James,CG Harrison,BFW de Leede,4,0,,,,,,"",""
ball,2,40.1,Nottinghamshire,CG Harrison,LW James,N Wagner,0,0,,,,,,"",""
ball,2,40.2,Nottinghamshire,CG Harrison,LW James,N Wagner,0,0,,,,,,"",""
ball,2,40.3,Nottinghamshire,CG Harrison,LW James,N Wagner,0,0,,,,,,"",""
ball,2,40.4,Nottinghamshire,CG Harrison,LW James,N Wagner,0,0,,,,,,"",""
ball,2,40.5,Nottinghamshire,CG Harrison,LW James,N Wagner,0,0,,,,,,"",""
ball,2,40.6,Nottinghamshire,CG Harrison,LW James,N Wagner,2,0,,,,,,"",""
ball,2,41.1,Nottinghamshire,LW James,CG Harrison,CF Parkinson,0,4,,,4,,,"",""
ball,2,41.2,Nottinghamshire,LW James,CG Harrison,CF Parkinson,0,0,,,,,,"",""
ball,2,41.3,Nottinghamshire,LW James,CG Harrison,CF Parkinson,1,0,,,,,,"",""
ball,2,41.4,Nottinghamshire,CG Harrison,LW James,CF Parkinson,0,0,,,,,,"",""
ball,2,41.5,Nottinghamshire,CG Harrison,LW James,CF Parkinson,0,0,,,,,,"",""
ball,2,41.6,Nottinghamshire,CG Harrison,LW James,CF Parkinson,0,0,,,,,,"",""
ball,2,42.1,Nottinghamshire,LW James,CG Harrison,N Wagner,0,0,,,,,,"",""
ball,2,42.2,Nottinghamshire,LW James,CG Harrison,N Wagner,0,0,,,,,,"",""
ball,2,42.3,Nottinghamshire,LW James,CG Harrison,N Wagner,0,0,,,,,,"",""
ball,2,42.4,Nottinghamshire,LW James,CG Harrison,N Wagner,1,0,,,,,,"",""
ball,2,42.5,Nottinghamshire,CG Harrison,LW James,N Wagner,1,0,,,,,,"",""
ball,2,42.6,Nottinghamshire,LW James,CG Harrison,N Wagner,0,0,,,,,,"",""
ball,2,43.1,Nottinghamshire,CG Harrison,LW James,CF Parkinson,0,0,,,,,,"",""
ball,2,43.2,Nottinghamshire,CG Harrison,LW James,CF Parkinson,0,0,,,,,,"",""
ball,2,43.3,Nottinghamshire,CG Harrison,LW James,CF Parkinson,0,0,,,,,,"",""
ball,2,43.4,Nottinghamshire,CG Harrison,LW James,CF Parkinson,0,0,,,,,,"",""
ball,2,43.5,Nottinghamshire,CG Harrison,LW James,CF Parkinson,0,0,,,,,,"",""
ball,2,43.6,Nottinghamshire,CG Harrison,LW James,CF Parkinson,0,0,,,,,,"",""
ball,2,44.1,Nottinghamshire,LW James,CG Harrison,N Wagner,0,0,,,,,,"",""
ball,2,44.2,Nottinghamshire,LW James,CG Harrison,N Wagner,0,0,,,,,,"",""
ball,2,44.3,Nottinghamshire,LW James,CG Harrison,N Wagner,0,0,,,,,,"",""
ball,2,44.4,Nottinghamshire,LW James,CG Harrison,N Wagner,0,0,,,,,,"",""
ball,2,44.5,Nottinghamshire,LW James,CG Harrison,N Wagner,0,0,,,,,,"",""
ball,2,44.6,Nottinghamshire,LW James,CG Harrison,N Wagner,0,0,,,,,,"",""
ball,2,45.1,Nottinghamshire,CG Harrison,LW James,CF Parkinson,0,0,,,,,,"",""
ball,2,45.2,Nottinghamshire,CG Harrison,LW James,CF Parkinson,0,0,,,,,,"",""
ball,2,45.3,Nottinghamshire,CG Harrison,LW James,CF Parkinson,0,0,,,,,,"",""
ball,2,45.4,Nottinghamshire,CG Harrison,LW James,CF Parkinson,0,0,,,,,,"",""
ball,2,45.5,Nottinghamshire,CG Harrison,LW James,CF Parkinson,0,0,,,,,,"",""
ball,2,45.6,Nottinghamshire,CG Harrison,LW James,CF Parkinson,0,0,,,,,,"",""
ball,2,46.1,Nottinghamshire,LW James,CG Harrison,N Wagner,4,0,,,,,,"",""
ball,2,46.2,Nottinghamshire,LW James,CG Harrison,N Wagner,0,0,,,,,,"",""
ball,2,46.3,Nottinghamshire,LW James,CG Harrison,N Wagner,0,0,,,,,,"",""
ball,2,46.4,Nottinghamshire,LW James,CG Harrison,N Wagner,0,0,,,,,,"",""
ball,2,46.5,Nottinghamshire,LW James,CG Harrison,N Wagner,0,0,,,,,,"",""
ball,2,46.6,Nottinghamshire,LW James,CG Harrison,N Wagner,0,0,,,,,,"",""
ball,2,47.1,Nottinghamshire,CG Harrison,LW James,CF Parkinson,0,0,,,,,,"",""
ball,2,47.2,Nottinghamshire,CG Harrison,LW James,CF Parkinson,0,0,,,,,,"",""
ball,2,47.3,Nottinghamshire,CG Harrison,LW James,CF Parkinson,0,0,,,,,,"",""
ball,2,47.4,Nottinghamshire,CG Harrison,LW James,CF Parkinson,0,0,,,,,,"",""
ball,2,47.5,Nottinghamshire,CG Harrison,LW James,CF Parkinson,0,0,,,,,,"",""
ball,2,47.6,Nottinghamshire,CG Harrison,LW James,CF Parkinson,1,0,,,,,,"",""
ball,2,48.1,Nottinghamshire,CG Harrison,LW James,N Wagner,0,0,,,,,,"",""
ball,2,48.2,Nottinghamshire,CG Harrison,LW James,N Wagner,0,0,,,,,,"",""
ball,2,48.3,Nottinghamshire,CG Harrison,LW James,N Wagner,0,0,,,,,,"",""
ball,2,48.4,Nottinghamshire,CG Harrison,LW James,N Wagner,0,0,,,,,,"",""
ball,2,48.5,Nottinghamshire,CG Harrison,LW James,N Wagner,0,0,,,,,,"",""
ball,2,48.6,Nottinghamshire,CG Harrison,LW James,N Wagner,0,0,,,,,,"",""
ball,2,49.1,Nottinghamshire,LW James,CG Harrison,CF Parkinson,0,0,,,,,,"",""
ball,2,49.2,Nottinghamshire,LW James,CG Harrison,CF Parkinson,0,0,,,,,,"",""
ball,2,49.3,Nottinghamshire,LW James,CG Harrison,CF Parkinson,0,0,,,,,,"",""
ball,2,49.4,Nottinghamshire,LW James,CG Harrison,CF Parkinson,0,0,,,,,,"",""
ball,2,49.5,Nottinghamshire,LW James,CG Harrison,CF Parkinson,0,0,,,,,,"",""
ball,2,49.6,Nottinghamshire,LW James,CG Harrison,CF Parkinson,1,0,,,,,,"",""
ball,2,50.1,Nottinghamshire,LW James,CG Harrison,BA Raine,0,0,,,,,,"",""
ball,2,50.2,Nottinghamshire,LW James,CG Harrison,BA Raine,0,0,,,,,,"",""
ball,2,50.3,Nottinghamshire,LW James,CG Harrison,BA Raine,0,0,,,,,,"",""
ball,2,50.4,Nottinghamshire,LW James,CG Harrison,BA Raine,0,0,,,,,,"",""
ball,2,50.5,Nottinghamshire,LW James,CG Harrison,BA Raine,0,0,,,,,,"",""
ball,2,50.6,Nottinghamshire,LW James,CG Harrison,BA Raine,4,0,,,,,,"",""
ball,2,51.1,Nottinghamshire,CG Harrison,LW James,CF Parkinson,0,0,,,,,,"",""
ball,2,51.2,Nottinghamshire,CG Harrison,LW James,CF Parkinson,4,0,,,,,,"",""
ball,2,51.3,Nottinghamshire,CG Harrison,LW James,CF Parkinson,0,0,,,,,,"",""
ball,2,51.4,Nottinghamshire,CG Harrison,LW James,CF Parkinson,1,0,,,,,,"",""
ball,2,51.5,Nottinghamshire,LW James,CG Harrison,CF Parkinson,0,0,,,,,,"",""
ball,2,51.6,Nottinghamshire,LW James,CG Harrison,CF Parkinson,0,0,,,,,,"",""
ball,2,52.1,Nottinghamshire,CG Harrison,LW James,BA Raine,1,0,,,,,,"",""
ball,2,52.2,Nottinghamshire,LW James,CG Harrison,BA Raine,0,0,,,,,,"",""
ball,2,52.3,Nottinghamshire,LW James,CG Harrison,BA Raine,0,0,,,,,,"",""
ball,2,52.4,Nottinghamshire,LW James,CG Harrison,BA Raine,0,0,,,,,,"",""
ball,2,52.5,Nottinghamshire,LW James,CG Harrison,BA Raine,0,0,,,,,,"",""
ball,2,52.6,Nottinghamshire,LW James,CG Harrison,BA Raine,0,0,,,,,,"",""
ball,2,53.1,Nottinghamshire,CG Harrison,LW James,CF Parkinson,0,0,,,,,,"",""
ball,2,53.2,Nottinghamshire,CG Harrison,LW James,CF Parkinson,0,0,,,,,,"",""
ball,2,53.3,Nottinghamshire,CG Harrison,LW James,CF Parkinson,0,0,,,,,,"",""
ball,2,53.4,Nottinghamshire,CG Harrison,LW James,CF Parkinson,4,0,,,,,,"",""
ball,2,53.5,Nottinghamshire,CG Harrison,LW James,CF Parkinson,0,0,,,,,,"",""
ball,2,53.6,Nottinghamshire,CG Harrison,LW James,CF Parkinson,0,0,,,,,,lbw,CG Harrison
ball,2,54.1,Nottinghamshire,LW James,OP Stone,BA Raine,0,0,,,,,,"",""
ball,2,54.2,Nottinghamshire,LW James,OP Stone,BA Raine,0,0,,,,,,"",""
ball,2,54.3,Nottinghamshire,LW James,OP Stone,BA Raine,0,0,,,,,,"",""
ball,2,54.4,Nottinghamshire,LW James,OP Stone,BA Raine,0,0,,,,,,"",""
ball,2,54.5,Nottinghamshire,LW James,OP Stone,BA Raine,0,0,,,,,,"",""
ball,2,54.6,Nottinghamshire,LW James,OP Stone,BA Raine,0,0,,,,,,"",""
ball,2,55.1,Nottinghamshire,OP Stone,LW James,CF Parkinson,0,0,,,,,,"",""
ball,2,55.2,Nottinghamshire,OP Stone,LW James,CF Parkinson,0,0,,,,,,"",""
ball,2,55.3,Nottinghamshire,OP Stone,LW James,CF Parkinson,0,0,,,,,,"",""
ball,2,55.4,Nottinghamshire,OP Stone,LW James,CF Parkinson,0,0,,,,,,"",""
ball,2,55.5,Nottinghamshire,OP Stone,LW James,CF Parkinson,0,0,,,,,,"",""
ball,2,55.6,Nottinghamshire,OP Stone,LW James,CF Parkinson,1,0,,,,,,"",""
ball,2,56.1,Nottinghamshire,OP Stone,LW James,BA Raine,0,0,,,,,,"",""
ball,2,56.2,Nottinghamshire,OP Stone,LW James,BA Raine,0,0,,,,,,"",""
ball,2,56.3,Nottinghamshire,OP Stone,LW James,BA Raine,0,0,,,,,,"",""
ball,2,56.4,Nottinghamshire,OP Stone,LW James,BA Raine,0,0,,,,,,"",""
ball,2,56.5,Nottinghamshire,OP Stone,LW James,BA Raine,4,0,,,,,,"",""
ball,2,56.6,Nottinghamshire,OP Stone,LW James,BA Raine,4,0,,,,,,"",""
ball,2,57.1,Nottinghamshire,LW James,OP Stone,CF Parkinson,0,0,,,,,,"",""
ball,2,57.2,Nottinghamshire,LW James,OP Stone,CF Parkinson,2,0,,,,,,"",""
ball,2,57.3,Nottinghamshire,LW James,OP Stone,CF Parkinson,0,0,,,,,,"",""
ball,2,57.4,Nottinghamshire,LW James,OP Stone,CF Parkinson,0,0,,,,,,"",""
ball,2,57.5,Nottinghamshire,LW James,OP Stone,CF Parkinson,0,0,,,,,,"",""
ball,2,57.6,Nottinghamshire,LW James,OP Stone,CF Parkinson,0,0,,,,,,"",""
ball,2,58.1,Nottinghamshire,OP Stone,LW James,BA Raine,0,0,,,,,,"",""
ball,2,58.2,Nottinghamshire,OP Stone,LW James,BA Raine,0,0,,,,,,"",""
ball,2,58.3,Nottinghamshire,OP Stone,LW James,BA Raine,0,0,,,,,,"",""
ball,2,58.4,Nottinghamshire,OP Stone,LW James,BA Raine,0,0,,,,,,"",""
ball,2,58.5,Nottinghamshire,OP Stone,LW James,BA Raine,0,0,,,,,,"",""
ball,2,58.6,Nottinghamshire,OP Stone,LW James,BA Raine,0,0,,,,,,"",""
ball,2,59.1,Nottinghamshire,LW James,OP Stone,CF Parkinson,0,0,,,,,,"",""
ball,2,59.2,Nottinghamshire,LW James,OP Stone,CF Parkinson,0,0,,,,,,"",""
ball,2,59.3,Nottinghamshire,LW James,OP Stone,CF Parkinson,0,0,,,,,,"",""
ball,2,59.4,Nottinghamshire,LW James,OP Stone,CF Parkinson,0,0,,,,,,"",""
ball,2,59.5,Nottinghamshire,LW James,OP Stone,CF Parkinson,0,0,,,,,,"",""
ball,2,59.6,Nottinghamshire,LW James,OP Stone,CF Parkinson,0,0,,,,,,"",""
ball,2,60.1,Nottinghamshire,OP Stone,LW James,BFW de Leede,2,0,,,,,,"",""
ball,2,60.2,Nottinghamshire,OP Stone,LW James,BFW de Leede,0,0,,,,,,"",""
ball,2,60.3,Nottinghamshire,OP Stone,LW James,BFW de Leede,0,0,,,,,,"",""
ball,2,60.4,Nottinghamshire,OP Stone,LW James,BFW de Leede,4,0,,,,,,"",""
ball,2,60.5,Nottinghamshire,OP Stone,LW James,BFW de Leede,0,0,,,,,,"",""
ball,2,60.6,Nottinghamshire,OP Stone,LW James,BFW de Leede,1,0,,,,,,"",""
ball,2,61.1,Nottinghamshire,OP Stone,LW James,CF Parkinson,0,0,,,,,,"",""
ball,2,61.2,Nottinghamshire,OP Stone,LW James,CF Parkinson,0,0,,,,,,"",""
ball,2,61.3,Nottinghamshire,OP Stone,LW James,CF Parkinson,0,0,,,,,,"",""
ball,2,61.4,Nottinghamshire,OP Stone,LW James,CF Parkinson,0,0,,,,,,"",""
ball,2,61.5,Nottinghamshire,OP Stone,LW James,CF Parkinson,1,0,,,,,,"",""
ball,2,61.6,Nottinghamshire,LW James,OP Stone,CF Parkinson,0,0,,,,,,"",""
ball,2,62.1,Nottinghamshire,OP Stone,LW James,BFW de Leede,0,0,,,,,,"",""
ball,2,62.2,Nottinghamshire,OP Stone,LW James,BFW de Leede,0,0,,,,,,"",""
ball,2,62.3,Nottinghamshire,OP Stone,LW James,BFW de Leede,0,0,,,,,,"",""
ball,2,62.4,Nottinghamshire,OP Stone,LW James,BFW de Leede,1,0,,,,,,"",""
ball,2,62.5,Nottinghamshire,LW James,OP Stone,BFW de Leede,4,0,,,,,,"",""
ball,2,62.6,Nottinghamshire,LW James,OP Stone,BFW de Leede,2,0,,,,,,"",""
ball,2,63.1,Nottinghamshire,OP Stone,LW James,CF Parkinson,0,0,,,,,,"",""
ball,2,63.2,Nottinghamshire,OP Stone,LW James,CF Parkinson,0,0,,,,,,bowled,OP Stone
ball,2,63.3,Nottinghamshire,BA Hutton,LW James,CF Parkinson,1,0,,,,,,"",""
ball,2,63.4,Nottinghamshire,LW James,BA Hutton,CF Parkinson,0,0,,,,,,"",""
ball,2,63.5,Nottinghamshire,LW James,BA Hutton,CF Parkinson,0,0,,,,,,"",""
ball,2,63.6,Nottinghamshire,LW James,BA Hutton,CF Parkinson,0,0,,,,,,"",""
ball,2,64.1,Nottinghamshire,BA Hutton,LW James,BFW de Leede,0,0,,,,,,"",""
ball,2,64.2,Nottinghamshire,BA Hutton,LW James,BFW de Leede,0,0,,,,,,"",""
ball,2,64.3,Nottinghamshire,BA Hutton,LW James,BFW de Leede,0,0,,,,,,"",""
ball,2,64.4,Nottinghamshire,BA Hutton,LW James,BFW de Leede,1,0,,,,,,"",""
ball,2,64.5,Nottinghamshire,LW James,BA Hutton,BFW de Leede,1,0,,,,,,"",""
ball,2,64.6,Nottinghamshire,BA Hutton,LW James,BFW de Leede,0,0,,,,,,"",""
ball,2,65.1,Nottinghamshire,LW James,BA Hutton,CF Parkinson,0,0,,,,,,"",""
ball,2,65.2,Nottinghamshire,LW James,BA Hutton,CF Parkinson,1,0,,,,,,"",""
ball,2,65.3,Nottinghamshire,BA Hutton,LW James,CF Parkinson,0,0,,,,,,"",""
ball,2,65.4,Nottinghamshire,BA Hutton,LW James,CF Parkinson,0,0,,,,,,"",""
ball,2,65.5,Nottinghamshire,BA Hutton,LW James,CF Parkinson,0,0,,,,,,"",""
ball,2,65.6,Nottinghamshire,BA Hutton,LW James,CF Parkinson,0,0,,,,,,"",""
ball,2,66.1,Nottinghamshire,LW James,BA Hutton,BFW de Leede,4,0,,,,,,"",""
ball,2,66.2,Nottinghamshire,LW James,BA Hutton,BFW de Leede,4,0,,,,,,"",""
ball,2,66.3,Nottinghamshire,LW James,BA Hutton,BFW de Leede,1,0,,,,,,"",""
ball,2,66.4,Nottinghamshire,BA Hutton,LW James,BFW de Leede,0,0,,,,,,"",""
ball,2,66.5,Nottinghamshire,BA Hutton,LW James,BFW de Leede,0,0,,,,,,"",""
ball,2,66.6,Nottinghamshire,BA Hutton,LW James,BFW de Leede,0,0,,,,,,"",""
ball,2,67.1,Nottinghamshire,LW James,BA Hutton,CF Parkinson,0,0,,,,,,"",""
ball,2,67.2,Nottinghamshire,LW James,BA Hutton,CF Parkinson,1,0,,,,,,"",""
ball,2,67.3,Nottinghamshire,BA Hutton,LW James,CF Parkinson,0,0,,,,,,"",""
ball,2,67.4,Nottinghamshire,BA Hutton,LW James,CF Parkinson,0,0,,,,,,"",""
ball,2,67.5,Nottinghamshire,BA Hutton,LW James,CF Parkinson,0,0,,,,,,"",""
ball,2,67.6,Nottinghamshire,BA Hutton,LW James,CF Parkinson,0,0,,,,,,"",""
ball,2,68.1,Nottinghamshire,LW James,BA Hutton,BFW de Leede,1,0,,,,,,"",""
ball,2,68.2,Nottinghamshire,BA Hutton,LW James,BFW de Leede,1,0,,,,,,"",""
ball,2,68.3,Nottinghamshire,LW James,BA Hutton,BFW de Leede,1,0,,,,,,"",""
ball,2,68.4,Nottinghamshire,BA Hutton,LW James,BFW de Leede,0,0,,,,,,"",""
ball,2,68.5,Nottinghamshire,BA Hutton,LW James,BFW de Leede,4,0,,,,,,"",""
ball,2,68.6,Nottinghamshire,BA Hutton,LW James,BFW de Leede,0,0,,,,,,"",""
ball,2,69.1,Nottinghamshire,LW James,BA Hutton,CF Parkinson,0,0,,,,,,"",""
ball,2,69.2,Nottinghamshire,LW James,BA Hutton,CF Parkinson,0,0,,,,,,"",""
ball,2,69.3,Nottinghamshire,LW James,BA Hutton,CF Parkinson,0,0,,,,,,"",""
ball,2,69.4,Nottinghamshire,LW James,BA Hutton,CF Parkinson,0,0,,,,,,"",""
ball,2,69.5,Nottinghamshire,LW James,BA Hutton,CF Parkinson,0,0,,,,,,"",""
ball,2,69.6,Nottinghamshire,LW James,BA Hutton,CF Parkinson,0,0,,,,,,"",""
ball,2,70.1,Nottinghamshire,BA Hutton,LW James,SG Borthwick,0,0,,,,,,"",""
ball,2,70.2,Nottinghamshire,BA Hutton,LW James,SG Borthwick,0,0,,,,,,"",""
ball,2,70.3,Nottinghamshire,BA Hutton,LW James,SG Borthwick,1,0,,,,,,"",""
ball,2,70.4,Nottinghamshire,LW James,BA Hutton,SG Borthwick,0,0,,,,,,"",""
ball,2,70.5,Nottinghamshire,LW James,BA Hutton,SG Borthwick,2,0,,,,,,"",""
ball,2,70.6,Nottinghamshire,LW James,BA Hutton,SG Borthwick,0,0,,,,,,"",""
ball,2,71.1,Nottinghamshire,BA Hutton,LW James,CF Parkinson,0,0,,,,,,"",""
ball,2,71.2,Nottinghamshire,BA Hutton,LW James,CF Parkinson,0,0,,,,,,"",""
ball,2,71.3,Nottinghamshire,BA Hutton,LW James,CF Parkinson,0,0,,,,,,"",""
ball,2,71.4,Nottinghamshire,BA Hutton,LW James,CF Parkinson,0,0,,,,,,"",""
ball,2,71.5,Nottinghamshire,BA Hutton,LW James,CF Parkinson,0,0,,,,,,"",""
ball,2,71.6,Nottinghamshire,BA Hutton,LW James,CF Parkinson,0,0,,,,,,"",""
ball,2,72.1,Nottinghamshire,LW James,BA Hutton,BA Raine,0,0,,,,,,"",""
ball,2,72.2,Nottinghamshire,LW James,BA Hutton,BA Raine,0,0,,,,,,"",""
ball,2,72.3,Nottinghamshire,LW James,BA Hutton,BA Raine,0,0,,,,,,"",""
ball,2,72.4,Nottinghamshire,LW James,BA Hutton,BA Raine,0,0,,,,,,"",""
ball,2,72.5,Nottinghamshire,LW James,BA Hutton,BA Raine,0,0,,,,,,"",""
ball,2,72.6,Nottinghamshire,LW James,BA Hutton,BA Raine,1,0,,,,,,"",""
ball,2,73.1,Nottinghamshire,LW James,BA Hutton,CF Parkinson,4,0,,,,,,"",""
ball,2,73.2,Nottinghamshire,LW James,BA Hutton,CF Parkinson,0,0,,,,,,"",""
ball,2,73.3,Nottinghamshire,LW James,BA Hutton,CF Parkinson,0,0,,,,,,"",""
ball,2,73.4,Nottinghamshire,LW James,BA Hutton,CF Parkinson,0,0,,,,,,"",""
ball,2,73.5,Nottinghamshire,LW James,BA Hutton,CF Parkinson,0,0,,,,,,"",""
ball,2,73.6,Nottinghamshire,LW James,BA Hutton,CF Parkinson,1,0,,,,,,"",""
ball,2,74.1,Nottinghamshire,LW James,BA Hutton,BA Raine,0,0,,,,,,"",""
ball,2,74.2,Nottinghamshire,LW James,BA Hutton,BA Raine,0,0,,,,,,caught,LW James
ball,2,74.3,Nottinghamshire,LJ Fletcher,BA Hutton,BA Raine,0,0,,,,,,"",""
ball,2,74.4,Nottinghamshire,LJ Fletcher,BA Hutton,BA Raine,0,0,,,,,,"",""
ball,2,74.5,Nottinghamshire,LJ Fletcher,BA Hutton,BA Raine,0,0,,,,,,"",""
ball,2,74.6,Nottinghamshire,LJ Fletcher,BA Hutton,BA Raine,0,0,,,,,,"",""
ball,2,75.1,Nottinghamshire,BA Hutton,LJ Fletcher,CF Parkinson,0,0,,,,,,"",""
ball,2,75.2,Nottinghamshire,BA Hutton,LJ Fletcher,CF Parkinson,0,0,,,,,,"",""
ball,2,75.3,Nottinghamshire,BA Hutton,LJ Fletcher,CF Parkinson,0,0,,,,,,"",""
ball,2,75.4,Nottinghamshire,BA Hutton,LJ Fletcher,CF Parkinson,0,0,,,,,,"",""
ball,2,75.5,Nottinghamshire,BA Hutton,LJ Fletcher,CF Parkinson,0,0,,,,,,"",""
ball,2,75.6,Nottinghamshire,BA Hutton,LJ Fletcher,CF Parkinson,1,0,,,,,,"",""
ball,2,76.1,Nottinghamshire,BA Hutton,LJ Fletcher,DM Hogg,1,0,,,,,,"",""
ball,2,76.2,Nottinghamshire,LJ Fletcher,BA Hutton,DM Hogg,0,0,,,,,,"",""
ball,2,76.3,Nottinghamshire,LJ Fletcher,BA Hutton,DM Hogg,0,0,,,,,,"",""
ball,2,76.4,Nottinghamshire,LJ Fletcher,BA Hutton,DM Hogg,0,0,,,,,,"",""
ball,2,76.5,Nottinghamshire,LJ Fletcher,BA Hutton,DM Hogg,0,0,,,,,,"",""
ball,2,76.6,Nottinghamshire,LJ Fletcher,BA Hutton,DM Hogg,0,0,,,,,,"",""
ball,2,77.1,Nottinghamshire,BA Hutton,LJ Fletcher,CF Parkinson,0,0,,,,,,"",""
ball,2,77.2,Nottinghamshire,BA Hutton,LJ Fletcher,CF Parkinson,0,0,,,,,,"",""
ball,2,77.3,Nottinghamshire,BA Hutton,LJ Fletcher,CF Parkinson,0,0,,,,,,"",""
ball,2,77.4,Nottinghamshire,BA Hutton,LJ Fletcher,CF Parkinson,0,0,,,,,,"",""
ball,2,77.5,Nottinghamshire,BA Hutton,LJ Fletcher,CF Parkinson,1,0,,,,,,"",""
ball,2,77.6,Nottinghamshire,LJ Fletcher,BA Hutton,CF Parkinson,0,0,,,,,,"",""
ball,2,78.1,Nottinghamshire,BA Hutton,LJ Fletcher,DM Hogg,0,0,,,,,,"",""
ball,2,78.2,Nottinghamshire,BA Hutton,LJ Fletcher,DM Hogg,0,0,,,,,,"",""
ball,2,78.3,Nottinghamshire,BA Hutton,LJ Fletcher,DM Hogg,0,0,,,,,,caught,BA Hutton
ball,3,0.1,Nottinghamshire,H Hameed,BT Slater,BA Raine,2,0,,,,,,"",""
ball,3,0.2,Nottinghamshire,H Hameed,BT Slater,BA Raine,0,0,,,,,,"",""
ball,3,0.3,Nottinghamshire,H Hameed,BT Slater,BA Raine,4,0,,,,,,"",""
ball,3,0.4,Nottinghamshire,H Hameed,BT Slater,BA Raine,0,0,,,,,,"",""
ball,3,0.5,Nottinghamshire,H Hameed,BT Slater,BA Raine,0,0,,,,,,"",""
ball,3,0.6,Nottinghamshire,H Hameed,BT Slater,BA Raine,0,0,,,,,,"",""
ball,3,1.1,Nottinghamshire,BT Slater,H Hameed,DM Hogg,0,0,,,,,,"",""
ball,3,1.2,Nottinghamshire,BT Slater,H Hameed,DM Hogg,0,0,,,,,,"",""
ball,3,1.3,Nottinghamshire,BT Slater,H Hameed,DM Hogg,0,0,,,,,,"",""
ball,3,1.4,Nottinghamshire,BT Slater,H Hameed,DM Hogg,0,0,,,,,,"",""
ball,3,1.5,Nottinghamshire,BT Slater,H Hameed,DM Hogg,0,0,,,,,,"",""
ball,3,1.6,Nottinghamshire,BT Slater,H Hameed,DM Hogg,0,0,,,,,,"",""
ball,3,2.1,Nottinghamshire,H Hameed,BT Slater,BA Raine,0,0,,,,,,"",""
ball,3,2.2,Nottinghamshire,H Hameed,BT Slater,BA Raine,0,0,,,,,,"",""
ball,3,2.3,Nottinghamshire,H Hameed,BT Slater,BA Raine,0,0,,,,,,"",""
ball,3,2.4,Nottinghamshire,H Hameed,BT Slater,BA Raine,0,0,,,,,,"",""
ball,3,2.5,Nottinghamshire,H Hameed,BT Slater,BA Raine,0,0,,,,,,"",""
ball,3,2.6,Nottinghamshire,H Hameed,BT Slater,BA Raine,0,0,,,,,,"",""
ball,3,3.1,Nottinghamshire,BT Slater,H Hameed,DM Hogg,0,0,,,,,,"",""
ball,3,3.2,Nottinghamshire,BT Slater,H Hameed,DM Hogg,0,2,,2,,,,"",""
ball,3,3.3,Nottinghamshire,BT Slater,H Hameed,DM Hogg,0,0,,,,,,"",""
ball,3,3.4,Nottinghamshire,BT Slater,H Hameed,DM Hogg,0,0,,,,,,"",""
ball,3,3.5,Nottinghamshire,BT Slater,H Hameed,DM Hogg,0,0,,,,,,"",""
ball,3,3.6,Nottinghamshire,BT Slater,H Hameed,DM Hogg,0,0,,,,,,"",""
ball,3,3.7,Nottinghamshire,BT Slater,H Hameed,DM Hogg,1,0,,,,,,"",""
ball,3,4.1,Nottinghamshire,BT Slater,H Hameed,BA Raine,2,0,,,,,,"",""
ball,3,4.2,Nottinghamshire,BT Slater,H Hameed,BA Raine,0,0,,,,,,"",""
ball,3,4.3,Nottinghamshire,BT Slater,H Hameed,BA Raine,0,0,,,,,,"",""
ball,3,4.4,Nottinghamshire,BT Slater,H Hameed,BA Raine,0,0,,,,,,"",""
ball,3,4.5,Nottinghamshire,BT Slater,H Hameed,BA Raine,0,0,,,,,,"",""
ball,3,4.6,Nottinghamshire,BT Slater,H Hameed,BA Raine,0,1,,,,1,,"",""
ball,3,5.1,Nottinghamshire,BT Slater,H Hameed,DM Hogg,2,0,,,,,,"",""
ball,3,5.2,Nottinghamshire,BT Slater,H Hameed,DM Hogg,0,0,,,,,,"",""
ball,3,5.3,Nottinghamshire,BT Slater,H Hameed,DM Hogg,0,0,,,,,,"",""
ball,3,5.4,Nottinghamshire,BT Slater,H Hameed,DM Hogg,0,0,,,,,,"",""
ball,3,5.5,Nottinghamshire,BT Slater,H Hameed,DM Hogg,0,0,,,,,,"",""
ball,3,5.6,Nottinghamshire,BT Slater,H Hameed,DM Hogg,0,0,,,,,,"",""
ball,3,6.1,Nottinghamshire,H Hameed,BT Slater,BA Raine,0,0,,,,,,"",""
ball,3,6.2,Nottinghamshire,H Hameed,BT Slater,BA Raine,0,0,,,,,,"",""
ball,3,6.3,Nottinghamshire,H Hameed,BT Slater,BA Raine,4,0,,,,,,"",""
ball,3,6.4,Nottinghamshire,H Hameed,BT Slater,BA Raine,0,0,,,,,,"",""
ball,3,6.5,Nottinghamshire,H Hameed,BT Slater,BA Raine,0,0,,,,,,"",""
ball,3,6.6,Nottinghamshire,H Hameed,BT Slater,BA Raine,0,0,,,,,,"",""
ball,3,7.1,Nottinghamshire,BT Slater,H Hameed,DM Hogg,4,0,,,,,,"",""
ball,3,7.2,Nottinghamshire,BT Slater,H Hameed,DM Hogg,0,0,,,,,,"",""
ball,3,7.3,Nottinghamshire,BT Slater,H Hameed,DM Hogg,1,0,,,,,,"",""
ball,3,7.4,Nottinghamshire,H Hameed,BT Slater,DM Hogg,0,0,,,,,,"",""
ball,3,7.5,Nottinghamshire,H Hameed,BT Slater,DM Hogg,0,0,,,,,,"",""
ball,3,7.6,Nottinghamshire,H Hameed,BT Slater,DM Hogg,0,0,,,,,,"",""
ball,3,8.1,Nottinghamshire,BT Slater,H Hameed,BA Raine,1,0,,,,,,"",""
ball,3,8.2,Nottinghamshire,H Hameed,BT Slater,BA Raine,4,0,,,,,,"",""
ball,3,8.3,Nottinghamshire,H Hameed,BT Slater,BA Raine,1,0,,,,,,"",""
ball,3,8.4,Nottinghamshire,BT Slater,H Hameed,BA Raine,0,0,,,,,,"",""
ball,3,8.5,Nottinghamshire,BT Slater,H Hameed,BA Raine,0,0,,,,,,"",""
ball,3,8.6,Nottinghamshire,BT Slater,H Hameed,BA Raine,0,0,,,,,,"",""
ball,3,9.1,Nottinghamshire,H Hameed,BT Slater,BFW de Leede,0,0,,,,,,"",""
ball,3,9.2,Nottinghamshire,H Hameed,BT Slater,BFW de Leede,0,0,,,,,,"",""
ball,3,9.3,Nottinghamshire,H Hameed,BT Slater,BFW de Leede,0,0,,,,,,"",""
ball,3,9.4,Nottinghamshire,H Hameed,BT Slater,BFW de Leede,0,0,,,,,,"",""
ball,3,9.5,Nottinghamshire,H Hameed,BT Slater,BFW de Leede,0,0,,,,,,"",""
ball,3,9.6,Nottinghamshire,H Hameed,BT Slater,BFW de Leede,0,0,,,,,,"",""
ball,3,10.1,Nottinghamshire,BT Slater,H Hameed,BA Raine,0,0,,,,,,"",""
ball,3,10.2,Nottinghamshire,BT Slater,H Hameed,BA Raine,1,0,,,,,,"",""
ball,3,10.3,Nottinghamshire,H Hameed,BT Slater,BA Raine,4,0,,,,,,"",""
ball,3,10.4,Nottinghamshire,H Hameed,BT Slater,BA Raine,0,0,,,,,,"",""
ball,3,10.5,Nottinghamshire,H Hameed,BT Slater,BA Raine,0,0,,,,,,"",""
ball,3,10.6,Nottinghamshire,H Hameed,BT Slater,BA Raine,0,0,,,,,,"",""
ball,3,11.1,Nottinghamshire,BT Slater,H Hameed,BFW de Leede,0,0,,,,,,"",""
ball,3,11.2,Nottinghamshire,BT Slater,H Hameed,BFW de Leede,0,0,,,,,,"",""
ball,3,11.3,Nottinghamshire,BT Slater,H Hameed,BFW de Leede,3,0,,,,,,"",""
ball,3,11.4,Nottinghamshire,H Hameed,BT Slater,BFW de Leede,0,0,,,,,,"",""
ball,3,11.5,Nottinghamshire,H Hameed,BT Slater,BFW de Leede,4,0,,,,,,"",""
ball,3,11.6,Nottinghamshire,H Hameed,BT Slater,BFW de Leede,4,0,,,,,,"",""
ball,3,12.1,Nottinghamshire,BT Slater,H Hameed,DM Hogg,0,0,,,,,,"",""
ball,3,12.2,Nottinghamshire,BT Slater,H Hameed,DM Hogg,0,0,,,,,,"",""
ball,3,12.3,Nottinghamshire,BT Slater,H Hameed,DM Hogg,0,0,,,,,,"",""
ball,3,12.4,Nottinghamshire,BT Slater,H Hameed,DM Hogg,0,0,,,,,,"",""
ball,3,12.5,Nottinghamshire,BT Slater,H Hameed,DM Hogg,0,0,,,,,,"",""
ball,3,12.6,Nottinghamshire,BT Slater,H Hameed,DM Hogg,0,0,,,,,,"",""
ball,3,13.1,Nottinghamshire,H Hameed,BT Slater,BFW de Leede,0,0,,,,,,"",""
ball,3,13.2,Nottinghamshire,H Hameed,BT Slater,BFW de Leede,4,0,,,,,,"",""
ball,3,13.3,Nottinghamshire,H Hameed,BT Slater,BFW de Leede,3,0,,,,,,"",""
ball,3,13.4,Nottinghamshire,BT Slater,H Hameed,BFW de Leede,0,0,,,,,,"",""
ball,3,13.5,Nottinghamshire,BT Slater,H Hameed,BFW de Leede,0,0,,,,,,"",""
ball,3,13.6,Nottinghamshire,BT Slater,H Hameed,BFW de Leede,0,0,,,,,,"",""
ball,3,14.1,Nottinghamshire,H Hameed,BT Slater,DM Hogg,0,0,,,,,,"",""
ball,3,14.2,Nottinghamshire,H Hameed,BT Slater,DM Hogg,0,0,,,,,,"",""
ball,3,14.3,Nottinghamshire,H Hameed,BT Slater,DM Hogg,0,0,,,,,,"",""
ball,3,14.4,Nottinghamshire,H Hameed,BT Slater,DM Hogg,0,0,,,,,,caught,H Hameed
ball,3,14.5,Nottinghamshire,FW McCann,BT Slater,DM Hogg,0,0,,,,,,"",""
ball,3,14.6,Nottinghamshire,FW McCann,BT Slater,DM Hogg,0,0,,,,,,"",""
ball,3,15.1,Nottinghamshire,BT Slater,FW McCann,BFW de Leede,0,0,,,,,,"",""
ball,3,15.2,Nottinghamshire,BT Slater,FW McCann,BFW de Leede,4,0,,,,,,"",""
ball,3,15.3,Nottinghamshire,BT Slater,FW McCann,BFW de Leede,0,0,,,,,,"",""
ball,3,15.4,Nottinghamshire,BT Slater,FW McCann,BFW de Leede,0,0,,,,,,"",""
ball,3,15.5,Nottinghamshire,BT Slater,FW McCann,BFW de Leede,0,0,,,,,,"",""
ball,3,15.6,Nottinghamshire,BT Slater,FW McCann,BFW de Leede,0,0,,,,,,"",""
ball,3,16.1,Nottinghamshire,FW McCann,BT Slater,BA Raine,0,0,,,,,,"",""
ball,3,16.2,Nottinghamshire,FW McCann,BT Slater,BA Raine,0,0,,,,,,"",""
ball,3,16.3,Nottinghamshire,FW McCann,BT Slater,BA Raine,0,0,,,,,,caught,FW McCann
ball,3,16.4,Nottinghamshire,JM Clarke,BT Slater,BA Raine,0,0,,,,,,"",""
ball,3,16.5,Nottinghamshire,JM Clarke,BT Slater,BA Raine,0,0,,,,,,"",""
ball,3,16.6,Nottinghamshire,JM Clarke,BT Slater,BA Raine,0,0,,,,,,"",""
ball,3,17.1,Nottinghamshire,BT Slater,JM Clarke,BFW de Leede,0,0,,,,,,"",""
ball,3,17.2,Nottinghamshire,BT Slater,JM Clarke,BFW de Leede,0,0,,,,,,"",""
ball,3,17.3,Nottinghamshire,BT Slater,JM Clarke,BFW de Leede,0,0,,,,,,"",""
ball,3,17.4,Nottinghamshire,BT Slater,JM Clarke,BFW de Leede,1,0,,,,,,"",""
ball,3,17.5,Nottinghamshire,JM Clarke,BT Slater,BFW de Leede,0,0,,,,,,"",""
ball,3,17.6,Nottinghamshire,JM Clarke,BT Slater,BFW de Leede,0,0,,,,,,"",""
ball,3,18.1,Nottinghamshire,BT Slater,JM Clarke,BA Raine,0,0,,,,,,"",""
ball,3,18.2,Nottinghamshire,BT Slater,JM Clarke,BA Raine,4,0,,,,,,"",""
ball,3,18.3,Nottinghamshire,BT Slater,JM Clarke,BA Raine,0,0,,,,,,"",""
ball,3,18.4,Nottinghamshire,BT Slater,JM Clarke,BA Raine,0,0,,,,,,"",""
ball,3,18.5,Nottinghamshire,BT Slater,JM Clarke,BA Raine,0,0,,,,,,"",""
ball,3,18.6,Nottinghamshire,BT Slater,JM Clarke,BA Raine,0,0,,,,,,"",""
ball,3,19.1,Nottinghamshire,JM Clarke,BT Slater,BFW de Leede,0,0,,,,,,"",""
ball,3,19.2,Nottinghamshire,JM Clarke,BT Slater,BFW de Leede,3,0,,,,,,"",""
ball,3,19.3,Nottinghamshire,BT Slater,JM Clarke,BFW de Leede,0,0,,,,,,"",""
ball,3,19.4,Nottinghamshire,BT Slater,JM Clarke,BFW de Leede,0,0,,,,,,"",""
ball,3,19.5,Nottinghamshire,BT Slater,JM Clarke,BFW de Leede,0,0,,,,,,"",""
ball,3,19.6,Nottinghamshire,BT Slater,JM Clarke,BFW de Leede,0,0,,,,,,"",""
ball,3,20.1,Nottinghamshire,JM Clarke,BT Slater,BA Raine,0,0,,,,,,"",""
ball,3,20.2,Nottinghamshire,JM Clarke,BT Slater,BA Raine,0,0,,,,,,"",""
ball,3,20.3,Nottinghamshire,JM Clarke,BT Slater,BA Raine,0,0,,,,,,"",""
ball,3,20.4,Nottinghamshire,JM Clarke,BT Slater,BA Raine,0,0,,,,,,"",""
ball,3,20.5,Nottinghamshire,JM Clarke,BT Slater,BA Raine,0,0,,,,,,"",""
ball,3,20.6,Nottinghamshire,JM Clarke,BT Slater,BA Raine,0,0,,,,,,"",""
ball,3,21.1,Nottinghamshire,BT Slater,JM Clarke,BFW de Leede,0,0,,,,,,"",""
ball,3,21.2,Nottinghamshire,BT Slater,JM Clarke,BFW de Leede,0,0,,,,,,"",""
ball,3,21.3,Nottinghamshire,BT Slater,JM Clarke,BFW de Leede,4,0,,,,,,"",""
ball,3,21.4,Nottinghamshire,BT Slater,JM Clarke,BFW de Leede,0,0,,,,,,"",""
ball,3,21.5,Nottinghamshire,BT Slater,JM Clarke,BFW de Leede,4,0,,,,,,"",""
ball,3,21.6,Nottinghamshire,BT Slater,JM Clarke,BFW de Leede,1,0,,,,,,"",""
ball,3,22.1,Nottinghamshire,BT Slater,JM Clarke,BA Raine,0,0,,,,,,"",""
ball,3,22.2,Nottinghamshire,BT Slater,JM Clarke,BA Raine,0,0,,,,,,"",""
ball,3,22.3,Nottinghamshire,BT Slater,JM Clarke,BA Raine,0,0,,,,,,"",""
ball,3,22.4,Nottinghamshire,BT Slater,JM Clarke,BA Raine,0,0,,,,,,"",""
ball,3,22.5,Nottinghamshire,BT Slater,JM Clarke,BA Raine,0,0,,,,,,"",""
ball,3,22.6,Nottinghamshire,BT Slater,JM Clarke,BA Raine,0,0,,,,,,"",""
ball,3,23.1,Nottinghamshire,JM Clarke,BT Slater,CF Parkinson,0,0,,,,,,"",""
ball,3,23.2,Nottinghamshire,JM Clarke,BT Slater,CF Parkinson,1,0,,,,,,"",""
ball,3,23.3,Nottinghamshire,BT Slater,JM Clarke,CF Parkinson,0,0,,,,,,"",""
ball,3,23.4,Nottinghamshire,BT Slater,JM Clarke,CF Parkinson,0,0,,,,,,"",""
ball,3,23.5,Nottinghamshire,BT Slater,JM Clarke,CF Parkinson,4,0,,,,,,"",""
ball,3,23.6,Nottinghamshire,BT Slater,JM Clarke,CF Parkinson,0,0,,,,,,"",""
ball,3,24.1,Nottinghamshire,JM Clarke,BT Slater,DM Hogg,0,1,,,,1,,"",""
ball,3,24.2,Nottinghamshire,BT Slater,JM Clarke,DM Hogg,0,0,,,,,,"",""
ball,3,24.3,Nottinghamshire,BT Slater,JM Clarke,DM Hogg,3,0,,,,,,"",""
ball,3,24.4,Nottinghamshire,JM Clarke,BT Slater,DM Hogg,0,2,,,,2,,"",""
ball,3,24.5,Nottinghamshire,JM Clarke,BT Slater,DM Hogg,1,0,,,,,,"",""
ball,3,24.6,Nottinghamshire,BT Slater,JM Clarke,DM Hogg,1,0,,,,,,"",""
ball,3,25.1,Nottinghamshire,BT Slater,JM Clarke,CF Parkinson,0,0,,,,,,"",""
ball,3,25.2,Nottinghamshire,BT Slater,JM Clarke,CF Parkinson,0,0,,,,,,"",""
ball,3,25.3,Nottinghamshire,BT Slater,JM Clarke,CF Parkinson,0,0,,,,,,"",""
ball,3,25.4,Nottinghamshire,BT Slater,JM Clarke,CF Parkinson,3,0,,,,,,"",""
ball,3,25.5,Nottinghamshire,JM Clarke,BT Slater,CF Parkinson,0,0,,,,,,"",""
ball,3,25.6,Nottinghamshire,JM Clarke,BT Slater,CF Parkinson,0,0,,,,,,"",""
ball,3,26.1,Nottinghamshire,BT Slater,JM Clarke,DM Hogg,0,0,,,,,,"",""
ball,3,26.2,Nottinghamshire,BT Slater,JM Clarke,DM Hogg,0,0,,,,,,"",""
ball,3,26.3,Nottinghamshire,BT Slater,JM Clarke,DM Hogg,0,0,,,,,,"",""
ball,3,26.4,Nottinghamshire,BT Slater,JM Clarke,DM Hogg,1,0,,,,,,"",""
ball,3,26.5,Nottinghamshire,JM Clarke,BT Slater,DM Hogg,0,0,,,,,,lbw,JM Clarke
ball,3,26.6,Nottinghamshire,JA Haynes,BT Slater,DM Hogg,0,0,,,,,,"",""
ball,3,27.1,Nottinghamshire,BT Slater,JA Haynes,CF Parkinson,0,0,,,,,,"",""
ball,3,27.2,Nottinghamshire,BT Slater,JA Haynes,CF Parkinson,0,0,,,,,,"",""
ball,3,27.3,Nottinghamshire,BT Slater,JA Haynes,CF Parkinson,0,0,,,,,,"",""
ball,3,27.4,Nottinghamshire,BT Slater,JA Haynes,CF Parkinson,0,0,,,,,,"",""
ball,3,27.5,Nottinghamshire,BT Slater,JA Haynes,CF Parkinson,1,0,,,,,,"",""
ball,3,27.6,Nottinghamshire,JA Haynes,BT Slater,CF Parkinson,0,0,,,,,,"",""
ball,3,28.1,Nottinghamshire,BT Slater,JA Haynes,DM Hogg,0,0,,,,,,"",""
ball,3,28.2,Nottinghamshire,BT Slater,JA Haynes,DM Hogg,0,0,,,,,,"",""
ball,3,28.3,Nottinghamshire,BT Slater,JA Haynes,DM Hogg,0,0,,,,,,"",""
ball,3,28.4,Nottinghamshire,BT Slater,JA Haynes,DM Hogg,0,0,,,,,,"",""
ball,3,28.5,Nottinghamshire,BT Slater,JA Haynes,DM Hogg,0,0,,,,,,"",""
ball,3,28.6,Nottinghamshire,BT Slater,JA Haynes,DM Hogg,0,0,,,,,,"",""
ball,3,29.1,Nottinghamshire,JA Haynes,BT Slater,CF Parkinson,1,0,,,,,,"",""
ball,3,29.2,Nottinghamshire,BT Slater,JA Haynes,CF Parkinson,2,0,,,,,,"",""
ball,3,29.3,Nottinghamshire,BT Slater,JA Haynes,CF Parkinson,0,0,,,,,,"",""
ball,3,29.4,Nottinghamshire,BT Slater,JA Haynes,CF Parkinson,1,0,,,,,,"",""
ball,3,29.5,Nottinghamshire,JA Haynes,BT Slater,CF Parkinson,0,0,,,,,,"",""
ball,3,29.6,Nottinghamshire,JA Haynes,BT Slater,CF Parkinson,0,0,,,,,,"",""
ball,3,30.1,Nottinghamshire,BT Slater,JA Haynes,DM Hogg,0,0,,,,,,"",""
ball,3,30.2,Nottinghamshire,BT Slater,JA Haynes,DM Hogg,0,0,,,,,,"",""
ball,3,30.3,Nottinghamshire,BT Slater,JA Haynes,DM Hogg,0,0,,,,,,"",""
ball,3,30.4,Nottinghamshire,BT Slater,JA Haynes,DM Hogg,4,0,,,,,,"",""
ball,3,30.5,Nottinghamshire,BT Slater,JA Haynes,DM Hogg,0,0,,,,,,"",""
ball,3,30.6,Nottinghamshire,BT Slater,JA Haynes,DM Hogg,0,0,,,,,,"",""
ball,3,31.1,Nottinghamshire,JA Haynes,BT Slater,CF Parkinson,0,0,,,,,,"",""
ball,3,31.2,Nottinghamshire,JA Haynes,BT Slater,CF Parkinson,0,0,,,,,,run out,BT Slater
ball,3,31.3,Nottinghamshire,M Montgomery,JA Haynes,CF Parkinson,0,0,,,,,,"",""
ball,3,31.4,Nottinghamshire,M Montgomery,JA Haynes,CF Parkinson,0,0,,,,,,"",""
ball,3,31.5,Nottinghamshire,M Montgomery,JA Haynes,CF Parkinson,0,0,,,,,,"",""
ball,3,31.6,Nottinghamshire,M Montgomery,JA Haynes,CF Parkinson,0,0,,,,,,"",""
ball,3,32.1,Nottinghamshire,JA Haynes,M Montgomery,DM Hogg,0,0,,,,,,"",""
ball,3,32.2,Nottinghamshire,JA Haynes,M Montgomery,DM Hogg,0,0,,,,,,"",""
ball,3,32.3,Nottinghamshire,JA Haynes,M Montgomery,DM Hogg,1,0,,,,,,"",""
ball,3,32.4,Nottinghamshire,M Montgomery,JA Haynes,DM Hogg,0,0,,,,,,"",""
ball,3,32.5,Nottinghamshire,M Montgomery,JA Haynes,DM Hogg,0,0,,,,,,"",""
ball,3,32.6,Nottinghamshire,M Montgomery,JA Haynes,DM Hogg,1,0,,,,,,"",""
ball,3,33.1,Nottinghamshire,M Montgomery,JA Haynes,CF Parkinson,0,0,,,,,,"",""
ball,3,33.2,Nottinghamshire,M Montgomery,JA Haynes,CF Parkinson,0,0,,,,,,"",""
ball,3,33.3,Nottinghamshire,M Montgomery,JA Haynes,CF Parkinson,1,0,,,,,,"",""
ball,3,33.4,Nottinghamshire,JA Haynes,M Montgomery,CF Parkinson,0,0,,,,,,"",""
ball,3,33.5,Nottinghamshire,JA Haynes,M Montgomery,CF Parkinson,3,0,,,,,,"",""
ball,3,33.6,Nottinghamshire,M Montgomery,JA Haynes,CF Parkinson,0,0,,,,,,"",""
ball,3,34.1,Nottinghamshire,JA Haynes,M Montgomery,BFW de Leede,4,0,,,,,,"",""
ball,3,34.2,Nottinghamshire,JA Haynes,M Montgomery,BFW de Leede,3,0,,,,,,"",""
ball,3,34.3,Nottinghamshire,M Montgomery,JA Haynes,BFW de Leede,0,0,,,,,,"",""
ball,3,34.4,Nottinghamshire,M Montgomery,JA Haynes,BFW de Leede,0,0,,,,,,"",""
ball,3,34.5,Nottinghamshire,M Montgomery,JA Haynes,BFW de Leede,0,0,,,,,,"",""
ball,3,34.6,Nottinghamshire,M Montgomery,JA Haynes,BFW de Leede,2,0,,,,,,"",""
ball,3,35.1,Nottinghamshire,JA Haynes,M Montgomery,CF Parkinson,0,0,,,,,,"",""
ball,3,35.2,Nottinghamshire,JA Haynes,M Montgomery,CF Parkinson,0,0,,,,,,"",""
ball,3,35.3,Nottinghamshire,JA Haynes,M Montgomery,CF Parkinson,0,0,,,,,,"",""
ball,3,35.4,Nottinghamshire,JA Haynes,M Montgomery,CF Parkinson,0,0,,,,,,"",""
ball,3,35.5,Nottinghamshire,JA Haynes,M Montgomery,CF Parkinson,0,0,,,,,,"",""
ball,3,35.6,Nottinghamshire,JA Haynes,M Montgomery,CF Parkinson,0,0,,,,,,"",""
ball,3,36.1,Nottinghamshire,M Montgomery,JA Haynes,BFW de Leede,0,0,,,,,,"",""
ball,3,36.2,Nottinghamshire,M Montgomery,JA Haynes,BFW de Leede,0,0,,,,,,"",""
ball,3,36.3,Nottinghamshire,M Montgomery,JA Haynes,BFW de Leede,0,0,,,,,,"",""
ball,3,36.4,Nottinghamshire,M Montgomery,JA Haynes,BFW de Leede,0,0,,,,,,"",""
ball,3,36.5,Nottinghamshire,M Montgomery,JA Haynes,BFW de Leede,0,0,,,,,,"",""
ball,3,36.6,Nottinghamshire,M Montgomery,JA Haynes,BFW de Leede,0,0,,,,,,"",""
ball,3,37.1,Nottinghamshire,JA Haynes,M Montgomery,CF Parkinson,0,0,,,,,,"",""
ball,3,37.2,Nottinghamshire,JA Haynes,M Montgomery,CF Parkinson,0,0,,,,,,"",""
ball,3,37.3,Nottinghamshire,JA Haynes,M Montgomery,CF Parkinson,0,0,,,,,,"",""
ball,3,37.4,Nottinghamshire,JA Haynes,M Montgomery,CF Parkinson,0,0,,,,,,"",""
ball,3,37.5,Nottinghamshire,JA Haynes,M Montgomery,CF Parkinson,0,0,,,,,,"",""
ball,3,37.6,Nottinghamshire,JA Haynes,M Montgomery,CF Parkinson,0,0,,,,,,"",""
ball,3,38.1,Nottinghamshire,M Montgomery,JA Haynes,BFW de Leede,0,0,,,,,,"",""
ball,3,38.2,Nottinghamshire,M Montgomery,JA Haynes,BFW de Leede,1,0,,,,,,"",""
ball,3,38.3,Nottinghamshire,JA Haynes,M Montgomery,BFW de Leede,0,0,,,,,,"",""
ball,3,38.4,Nottinghamshire,JA Haynes,M Montgomery,BFW de Leede,0,0,,,,,,"",""
ball,3,38.5,Nottinghamshire,JA Haynes,M Montgomery,BFW de Leede,1,0,,,,,,"",""
ball,3,38.6,Nottinghamshire,M Montgomery,JA Haynes,BFW de Leede,0,0,,,,,,"",""
ball,3,39.1,Nottinghamshire,JA Haynes,M Montgomery,CF Parkinson,0,0,,,,,,"",""
ball,3,39.2,Nottinghamshire,JA Haynes,M Montgomery,CF Parkinson,0,0,,,,,,"",""
ball,3,39.3,Nottinghamshire,JA Haynes,M Montgomery,CF Parkinson,1,0,,,,,,"",""
ball,3,39.4,Nottinghamshire,M Montgomery,JA Haynes,CF Parkinson,0,0,,,,,,"",""
ball,3,39.5,Nottinghamshire,M Montgomery,JA Haynes,CF Parkinson,0,0,,,,,,"",""
ball,3,39.6,Nottinghamshire,M Montgomery,JA Haynes,CF Parkinson,1,0,,,,,,"",""
ball,3,40.1,Nottinghamshire,M Montgomery,JA Haynes,BFW de Leede,0,0,,,,,,"",""
ball,3,40.2,Nottinghamshire,M Montgomery,JA Haynes,BFW de Leede,0,0,,,,,,"",""
ball,3,40.3,Nottinghamshire,M Montgomery,JA Haynes,BFW de Leede,0,0,,,,,,"",""
ball,3,40.4,Nottinghamshire,M Montgomery,JA Haynes,BFW de Leede,0,0,,,,,,"",""
ball,3,40.5,Nottinghamshire,M Montgomery,JA Haynes,BFW de Leede,0,0,,,,,,"",""
ball,3,40.6,Nottinghamshire,M Montgomery,JA Haynes,BFW de Leede,0,0,,,,,,"",""
ball,3,41.1,Nottinghamshire,JA Haynes,M Montgomery,CF Parkinson,0,0,,,,,,"",""
ball,3,41.2,Nottinghamshire,JA Haynes,M Montgomery,CF Parkinson,0,0,,,,,,"",""
ball,3,41.3,Nottinghamshire,JA Haynes,M Montgomery,CF Parkinson,0,0,,,,,,"",""
ball,3,41.4,Nottinghamshire,JA Haynes,M Montgomery,CF Parkinson,0,0,,,,,,"",""
ball,3,41.5,Nottinghamshire,JA Haynes,M Montgomery,CF Parkinson,0,0,,,,,,"",""
ball,3,41.6,Nottinghamshire,JA Haynes,M Montgomery,CF Parkinson,0,0,,,,,,"",""
ball,3,42.1,Nottinghamshire,M Montgomery,JA Haynes,BFW de Leede,0,0,,,,,,"",""
ball,3,42.2,Nottinghamshire,M Montgomery,JA Haynes,BFW de Leede,0,0,,,,,,"",""
ball,3,42.3,Nottinghamshire,M Montgomery,JA Haynes,BFW de Leede,0,0,,,,,,"",""
ball,3,42.4,Nottinghamshire,M Montgomery,JA Haynes,BFW de Leede,0,0,,,,,,"",""
ball,3,42.5,Nottinghamshire,M Montgomery,JA Haynes,BFW de Leede,0,0,,,,,,"",""
ball,3,42.6,Nottinghamshire,M Montgomery,JA Haynes,BFW de Leede,0,0,,,,,,"",""
ball,3,43.1,Nottinghamshire,JA Haynes,M Montgomery,CF Parkinson,0,0,,,,,,"",""
ball,3,43.2,Nottinghamshire,JA Haynes,M Montgomery,CF Parkinson,0,0,,,,,,"",""
ball,3,43.3,Nottinghamshire,JA Haynes,M Montgomery,CF Parkinson,0,0,,,,,,"",""
ball,3,43.4,Nottinghamshire,JA Haynes,M Montgomery,CF Parkinson,0,0,,,,,,"",""
ball,3,43.5,Nottinghamshire,JA Haynes,M Montgomery,CF Parkinson,0,0,,,,,,"",""
ball,3,43.6,Nottinghamshire,JA Haynes,M Montgomery,CF Parkinson,0,0,,,,,,"",""
ball,3,44.1,Nottinghamshire,M Montgomery,JA Haynes,BFW de Leede,0,0,,,,,,"",""
ball,3,44.2,Nottinghamshire,M Montgomery,JA Haynes,BFW de Leede,0,0,,,,,,"",""
ball,3,44.3,Nottinghamshire,M Montgomery,JA Haynes,BFW de Leede,0,0,,,,,,"",""
ball,3,44.4,Nottinghamshire,M Montgomery,JA Haynes,BFW de Leede,0,0,,,,,,"",""
ball,3,44.5,Nottinghamshire,M Montgomery,JA Haynes,BFW de Leede,0,0,,,,,,"",""
ball,3,44.6,Nottinghamshire,M Montgomery,JA Haynes,BFW de Leede,0,0,,,,,,"",""
ball,3,45.1,Nottinghamshire,JA Haynes,M Montgomery,AJ Turner,0,0,,,,,,"",""
ball,3,45.2,Nottinghamshire,JA Haynes,M Montgomery,AJ Turner,0,0,,,,,,"",""
ball,3,45.3,Nottinghamshire,JA Haynes,M Montgomery,AJ Turner,0,0,,,,,,"",""
ball,3,45.4,Nottinghamshire,JA Haynes,M Montgomery,AJ Turner,0,0,,,,,,"",""
ball,3,45.5,Nottinghamshire,JA Haynes,M Montgomery,AJ Turner,0,0,,,,,,"",""
ball,3,45.6,Nottinghamshire,JA Haynes,M Montgomery,AJ Turner,0,0,,,,,,"",""
ball,3,46.1,Nottinghamshire,M Montgomery,JA Haynes,CF Parkinson,0,0,,,,,,"",""
ball,3,46.2,Nottinghamshire,M Montgomery,JA Haynes,CF Parkinson,0,0,,,,,,"",""
ball,3,46.3,Nottinghamshire,M Montgomery,JA Haynes,CF Parkinson,0,0,,,,,,"",""
ball,3,46.4,Nottinghamshire,M Montgomery,JA Haynes,CF Parkinson,0,0,,,,,,"",""
ball,3,46.5,Nottinghamshire,M Montgomery,JA Haynes,CF Parkinson,0,0,,,,,,"",""
ball,3,46.6,Nottinghamshire,M Montgomery,JA Haynes,CF Parkinson,0,0,,,,,,"",""
ball,3,47.1,Nottinghamshire,JA Haynes,M Montgomery,AJ Turner,0,0,,,,,,"",""
ball,3,47.2,Nottinghamshire,JA Haynes,M Montgomery,AJ Turner,2,0,,,,,,"",""
ball,3,47.3,Nottinghamshire,JA Haynes,M Montgomery,AJ Turner,0,0,,,,,,"",""
ball,3,47.4,Nottinghamshire,JA Haynes,M Montgomery,AJ Turner,4,0,,,,,,"",""
ball,3,47.5,Nottinghamshire,JA Haynes,M Montgomery,AJ Turner,0,0,,,,,,"",""
ball,3,47.6,Nottinghamshire,JA Haynes,M Montgomery,AJ Turner,0,0,,,,,,"",""
ball,3,48.1,Nottinghamshire,M Montgomery,JA Haynes,CF Parkinson,0,0,,,,,,"",""
ball,3,48.2,Nottinghamshire,M Montgomery,JA Haynes,CF Parkinson,0,0,,,,,,"",""
ball,3,48.3,Nottinghamshire,M Montgomery,JA Haynes,CF Parkinson,0,0,,,,,,"",""
ball,3,48.4,Nottinghamshire,M Montgomery,JA Haynes,CF Parkinson,0,0,,,,,,"",""
ball,3,48.5,Nottinghamshire,M Montgomery,JA Haynes,CF Parkinson,0,0,,,,,,"",""
ball,3,48.6,Nottinghamshire,M Montgomery,JA Haynes,CF Parkinson,1,0,,,,,,"",""
ball,3,49.1,Nottinghamshire,M Montgomery,JA Haynes,AJ Turner,0,0,,,,,,"",""
ball,3,49.2,Nottinghamshire,M Montgomery,JA Haynes,AJ Turner,0,0,,,,,,"",""
ball,3,49.3,Nottinghamshire,M Montgomery,JA Haynes,AJ Turner,0,0,,,,,,"",""
ball,3,49.4,Nottinghamshire,M Montgomery,JA Haynes,AJ Turner,0,0,,,,,,"",""
ball,3,49.5,Nottinghamshire,M Montgomery,JA Haynes,AJ Turner,0,0,,,,,,"",""
ball,3,49.6,Nottinghamshire,M Montgomery,JA Haynes,AJ Turner,0,0,,,,,,"",""
ball,3,50.1,Nottinghamshire,JA Haynes,M Montgomery,BA Raine,0,0,,,,,,"",""
ball,3,50.2,Nottinghamshire,JA Haynes,M Montgomery,BA Raine,1,0,,,,,,"",""
ball,3,50.3,Nottinghamshire,M Montgomery,JA Haynes,BA Raine,0,0,,,,,,"",""
ball,3,50.4,Nottinghamshire,M Montgomery,JA Haynes,BA Raine,0,0,,,,,,"",""
ball,3,50.5,Nottinghamshire,M Montgomery,JA Haynes,BA Raine,0,0,,,,,,"",""
ball,3,50.6,Nottinghamshire,M Montgomery,JA Haynes,BA Raine,0,0,,,,,,"",""
ball,3,51.1,Nottinghamshire,JA Haynes,M Montgomery,CF Parkinson,2,0,,,,,,"",""
ball,3,51.2,Nottinghamshire,JA Haynes,M Montgomery,CF Parkinson,0,0,,,,,,"",""
ball,3,51.3,Nottinghamshire,JA Haynes,M Montgomery,CF Parkinson,0,0,,,,,,"",""
ball,3,51.4,Nottinghamshire,JA Haynes,M Montgomery,CF Parkinson,0,0,,,,,,"",""
ball,3,51.5,Nottinghamshire,JA Haynes,M Montgomery,CF Parkinson,0,0,,,,,,"",""
ball,3,51.6,Nottinghamshire,JA Haynes,M Montgomery,CF Parkinson,0,0,,,,,,"",""
ball,3,52.1,Nottinghamshire,M Montgomery,JA Haynes,BA Raine,1,0,,,,,,"",""
ball,3,52.2,Nottinghamshire,JA Haynes,M Montgomery,BA Raine,0,0,,,,,,"",""
ball,3,52.3,Nottinghamshire,JA Haynes,M Montgomery,BA Raine,1,0,,,,,,"",""
ball,3,52.4,Nottinghamshire,M Montgomery,JA Haynes,BA Raine,0,0,,,,,,"",""
ball,3,52.5,Nottinghamshire,M Montgomery,JA Haynes,BA Raine,0,0,,,,,,"",""
ball,3,52.6,Nottinghamshire,M Montgomery,JA Haynes,BA Raine,4,0,,,,,,"",""
ball,3,53.1,Nottinghamshire,JA Haynes,M Montgomery,CF Parkinson,0,0,,,,,,"",""
ball,3,53.2,Nottinghamshire,JA Haynes,M Montgomery,CF Parkinson,0,0,,,,,,"",""
ball,3,53.3,Nottinghamshire,JA Haynes,M Montgomery,CF Parkinson,1,0,,,,,,"",""
ball,3,53.4,Nottinghamshire,M Montgomery,JA Haynes,CF Parkinson,0,0,,,,,,"",""
ball,3,53.5,Nottinghamshire,M Montgomery,JA Haynes,CF Parkinson,0,0,,,,,,"",""
ball,3,53.6,Nottinghamshire,M Montgomery,JA Haynes,CF Parkinson,0,0,,,,,,"",""
ball,3,54.1,Nottinghamshire,JA Haynes,M Montgomery,BA Raine,1,0,,,,,,"",""
ball,3,54.2,Nottinghamshire,M Montgomery,JA Haynes,BA Raine,0,0,,,,,,"",""
ball,3,54.3,Nottinghamshire,M Montgomery,JA Haynes,BA Raine,0,0,,,,,,"",""
ball,3,54.4,Nottinghamshire,M Montgomery,JA Haynes,BA Raine,0,0,,,,,,"",""
ball,3,54.5,Nottinghamshire,M Montgomery,JA Haynes,BA Raine,0,2,,,2,,,"",""
ball,3,54.6,Nottinghamshire,M Montgomery,JA Haynes,BA Raine,0,0,,,,,,"",""
ball,3,55.1,Nottinghamshire,JA Haynes,M Montgomery,CF Parkinson,0,0,,,,,,"",""
ball,3,55.2,Nottinghamshire,JA Haynes,M Montgomery,CF Parkinson,0,0,,,,,,"",""
ball,3,55.3,Nottinghamshire,JA Haynes,M Montgomery,CF Parkinson,0,0,,,,,,"",""
ball,3,55.4,Nottinghamshire,JA Haynes,M Montgomery,CF Parkinson,0,0,,,,,,"",""
ball,3,55.5,Nottinghamshire,JA Haynes,M Montgomery,CF Parkinson,0,0,,,,,,"",""
ball,3,55.6,Nottinghamshire,JA Haynes,M Montgomery,CF Parkinson,4,0,,,,,,"",""
ball,3,56.1,Nottinghamshire,M Montgomery,JA Haynes,BA Raine,0,0,,,,,,"",""
ball,3,56.2,Nottinghamshire,M Montgomery,JA Haynes,BA Raine,0,0,,,,,,"",""
ball,3,56.3,Nottinghamshire,M Montgomery,JA Haynes,BA Raine,0,0,,,,,,"",""
ball,3,56.4,Nottinghamshire,M Montgomery,JA Haynes,BA Raine,0,0,,,,,,"",""
ball,3,56.5,Nottinghamshire,M Montgomery,JA Haynes,BA Raine,0,0,,,,,,"",""
ball,3,56.6,Nottinghamshire,M Montgomery,JA Haynes,BA Raine,0,0,,,,,,"",""
ball,3,57.1,Nottinghamshire,JA Haynes,M Montgomery,CF Parkinson,0,0,,,,,,"",""
ball,3,57.2,Nottinghamshire,JA Haynes,M Montgomery,CF Parkinson,0,0,,,,,,"",""
ball,3,57.3,Nottinghamshire,JA Haynes,M Montgomery,CF Parkinson,0,0,,,,,,"",""
ball,3,57.4,Nottinghamshire,JA Haynes,M Montgomery,CF Parkinson,0,0,,,,,,"",""
ball,3,57.5,Nottinghamshire,JA Haynes,M Montgomery,CF Parkinson,0,0,,,,,,"",""
ball,3,57.6,Nottinghamshire,JA Haynes,M Montgomery,CF Parkinson,4,0,,,,,,"",""
ball,3,58.1,Nottinghamshire,M Montgomery,JA Haynes,DM Hogg,0,0,,,,,,"",""
ball,3,58.2,Nottinghamshire,M Montgomery,JA Haynes,DM Hogg,4,0,,,,,,"",""
ball,3,58.3,Nottinghamshire,M Montgomery,JA Haynes,DM Hogg,0,0,,,,,,"",""
ball,3,58.4,Nottinghamshire,M Montgomery,JA Haynes,DM Hogg,0,0,,,,,,"",""
ball,3,58.5,Nottinghamshire,M Montgomery,JA Haynes,DM Hogg,0,0,,,,,,"",""
ball,3,58.6,Nottinghamshire,M Montgomery,JA Haynes,DM Hogg,0,0,,,,,,"",""
ball,3,59.1,Nottinghamshire,JA Haynes,M Montgomery,CF Parkinson,0,0,,,,,,"",""
ball,3,59.2,Nottinghamshire,JA Haynes,M Montgomery,CF Parkinson,0,0,,,,,,"",""
ball,3,59.3,Nottinghamshire,JA Haynes,M Montgomery,CF Parkinson,0,0,,,,,,"",""
ball,3,59.4,Nottinghamshire,JA Haynes,M Montgomery,CF Parkinson,0,0,,,,,,"",""
ball,3,59.5,Nottinghamshire,JA Haynes,M Montgomery,CF Parkinson,0,0,,,,,,"",""
ball,3,59.6,Nottinghamshire,JA Haynes,M Montgomery,CF Parkinson,0,0,,,,,,"",""
ball,3,60.1,Nottinghamshire,M Montgomery,JA Haynes,DM Hogg,0,0,,,,,,"",""
ball,3,60.2,Nottinghamshire,M Montgomery,JA Haynes,DM Hogg,0,0,,,,,,"",""
ball,3,60.3,Nottinghamshire,M Montgomery,JA Haynes,DM Hogg,0,0,,,,,,"",""
ball,3,60.4,Nottinghamshire,M Montgomery,JA Haynes,DM Hogg,0,0,,,,,,"",""
ball,3,60.5,Nottinghamshire,M Montgomery,JA Haynes,DM Hogg,0,0,,,,,,"",""
ball,3,60.6,Nottinghamshire,M Montgomery,JA Haynes,DM Hogg,0,0,,,,,,"",""
ball,3,61.1,Nottinghamshire,JA Haynes,M Montgomery,CF Parkinson,0,0,,,,,,"",""
ball,3,61.2,Nottinghamshire,JA Haynes,M Montgomery,CF Parkinson,0,0,,,,,,"",""
ball,3,61.3,Nottinghamshire,JA Haynes,M Montgomery,CF Parkinson,0,0,,,,,,"",""
ball,3,61.4,Nottinghamshire,JA Haynes,M Montgomery,CF Parkinson,0,0,,,,,,"",""
ball,3,61.5,Nottinghamshire,JA Haynes,M Montgomery,CF Parkinson,0,0,,,,,,"",""
ball,3,61.6,Nottinghamshire,JA Haynes,M Montgomery,CF Parkinson,0,0,,,,,,"",""
ball,3,62.1,Nottinghamshire,M Montgomery,JA Haynes,DM Hogg,1,0,,,,,,"",""
ball,3,62.2,Nottinghamshire,JA Haynes,M Montgomery,DM Hogg,0,0,,,,,,"",""
ball,3,62.3,Nottinghamshire,JA Haynes,M Montgomery,DM Hogg,0,0,,,,,,"",""
ball,3,62.4,Nottinghamshire,JA Haynes,M Montgomery,DM Hogg,0,0,,,,,,"",""
ball,3,62.5,Nottinghamshire,JA Haynes,M Montgomery,DM Hogg,0,0,,,,,,"",""
ball,3,62.6,Nottinghamshire,JA Haynes,M Montgomery,DM Hogg,0,1,,,,1,,"",""
ball,3,63.1,Nottinghamshire,JA Haynes,M Montgomery,CF Parkinson,1,0,,,,,,"",""
ball,3,63.2,Nottinghamshire,M Montgomery,JA Haynes,CF Parkinson,2,0,,,,,,"",""
ball,3,63.3,Nottinghamshire,M Montgomery,JA Haynes,CF Parkinson,0,0,,,,,,"",""
ball,3,63.4,Nottinghamshire,M Montgomery,JA Haynes,CF Parkinson,0,0,,,,,,"",""
ball,3,63.5,Nottinghamshire,M Montgomery,JA Haynes,CF Parkinson,0,0,,,,,,"",""
ball,3,63.6,Nottinghamshire,M Montgomery,JA Haynes,CF Parkinson,0,0,,,,,,"",""
ball,3,64.1,Nottinghamshire,JA Haynes,M Montgomery,DM Hogg,1,0,,,,,,"",""
ball,3,64.2,Nottinghamshire,M Montgomery,JA Haynes,DM Hogg,0,0,,,,,,"",""
ball,3,64.3,Nottinghamshire,M Montgomery,JA Haynes,DM Hogg,0,0,,,,,,"",""
ball,3,64.4,Nottinghamshire,M Montgomery,JA Haynes,DM Hogg,0,0,,,,,,"",""
ball,3,64.5,Nottinghamshire,M Montgomery,JA Haynes,DM Hogg,0,0,,,,,,"",""
ball,3,64.6,Nottinghamshire,M Montgomery,JA Haynes,DM Hogg,0,0,,,,,,"",""
ball,3,65.1,Nottinghamshire,JA Haynes,M Montgomery,CF Parkinson,1,0,,,,,,"",""
ball,3,65.2,Nottinghamshire,M Montgomery,JA Haynes,CF Parkinson,0,0,,,,,,"",""
ball,3,65.3,Nottinghamshire,M Montgomery,JA Haynes,CF Parkinson,0,0,,,,,,"",""
ball,3,65.4,Nottinghamshire,M Montgomery,JA Haynes,CF Parkinson,0,0,,,,,,"",""
ball,3,65.5,Nottinghamshire,M Montgomery,JA Haynes,CF Parkinson,0,0,,,,,,"",""
ball,3,65.6,Nottinghamshire,M Montgomery,JA Haynes,CF Parkinson,4,0,,,,,,"",""
ball,3,66.1,Nottinghamshire,JA Haynes,M Montgomery,BFW de Leede,0,0,,,,,,"",""
ball,3,66.2,Nottinghamshire,JA Haynes,M Montgomery,BFW de Leede,0,0,,,,,,"",""
ball,3,66.3,Nottinghamshire,JA Haynes,M Montgomery,BFW de Leede,0,0,,,,,,"",""
ball,3,66.4,Nottinghamshire,JA Haynes,M Montgomery,BFW de Leede,1,0,,,,,,"",""
ball,3,66.5,Nottinghamshire,M Montgomery,JA Haynes,BFW de Leede,0,0,,,,,,"",""
ball,3,66.6,Nottinghamshire,M Montgomery,JA Haynes,BFW de Leede,0,4,,,,4,,"",""
ball,3,67.1,Nottinghamshire,JA Haynes,M Montgomery,CF Parkinson,0,0,,,,,,"",""
ball,3,67.2,Nottinghamshire,JA Haynes,M Montgomery,CF Parkinson,0,0,,,,,,"",""
ball,3,67.3,Nottinghamshire,JA Haynes,M Montgomery,CF Parkinson,0,0,,,,,,"",""
ball,3,67.4,Nottinghamshire,JA Haynes,M Montgomery,CF Parkinson,0,0,,,,,,"",""
ball,3,67.5,Nottinghamshire,JA Haynes,M Montgomery,CF Parkinson,0,0,,,,,,"",""
ball,3,67.6,Nottinghamshire,JA Haynes,M Montgomery,CF Parkinson,0,0,,,,,,"",""
ball,3,68.1,Nottinghamshire,M Montgomery,JA Haynes,BFW de Leede,0,0,,,,,,"",""
ball,3,68.2,Nottinghamshire,M Montgomery,JA Haynes,BFW de Leede,0,0,,,,,,"",""
ball,3,68.3,Nottinghamshire,M Montgomery,JA Haynes,BFW de Leede,0,0,,,,,,"",""
ball,3,68.4,Nottinghamshire,M Montgomery,JA Haynes,BFW de Leede,0,1,,,,1,,"",""
ball,3,68.5,Nottinghamshire,JA Haynes,M Montgomery,BFW de Leede,0,0,,,,,,"",""
ball,3,68.6,Nottinghamshire,JA Haynes,M Montgomery,BFW de Leede,0,0,,,,,,"",""
ball,3,69.1,Nottinghamshire,M Montgomery,JA Haynes,CF Parkinson,1,0,,,,,,"",""
ball,3,69.2,Nottinghamshire,JA Haynes,M Montgomery,CF Parkinson,0,0,,,,,,"",""
ball,3,69.3,Nottinghamshire,JA Haynes,M Montgomery,CF Parkinson,0,0,,,,,,"",""
ball,3,69.4,Nottinghamshire,JA Haynes,M Montgomery,CF Parkinson,2,0,,,,,,"",""
ball,3,69.5,Nottinghamshire,JA Haynes,M Montgomery,CF Parkinson,0,0,,,,,,"",""
ball,3,69.6,Nottinghamshire,JA Haynes,M Montgomery,CF Parkinson,0,0,,,,,,"",""
ball,3,70.1,Nottinghamshire,M Montgomery,JA Haynes,BFW de Leede,2,0,,,,,,"",""
ball,3,70.2,Nottinghamshire,M Montgomery,JA Haynes,BFW de Leede,1,0,,,,,,"",""
ball,3,70.3,Nottinghamshire,JA Haynes,M Montgomery,BFW de Leede,0,1,,,1,,,"",""
ball,3,70.4,Nottinghamshire,M Montgomery,JA Haynes,BFW de Leede,0,0,,,,,,"",""
ball,3,70.5,Nottinghamshire,M Montgomery,JA Haynes,BFW de Leede,0,0,,,,,,"",""
ball,3,70.6,Nottinghamshire,M Montgomery,JA Haynes,BFW de Leede,0,0,,,,,,"",""
ball,3,71.1,Nottinghamshire,JA Haynes,M Montgomery,SG Borthwick,1,0,,,,,,"",""
ball,3,71.2,Nottinghamshire,M Montgomery,JA Haynes,SG Borthwick,0,0,,,,,,"",""
ball,3,71.3,Nottinghamshire,M Montgomery,JA Haynes,SG Borthwick,0,0,,,,,,"",""
ball,3,71.4,Nottinghamshire,M Montgomery,JA Haynes,SG Borthwick,0,0,,,,,,"",""
ball,3,71.5,Nottinghamshire,M Montgomery,JA Haynes,SG Borthwick,0,0,,,,,,"",""
ball,3,71.6,Nottinghamshire,M Montgomery,JA Haynes,SG Borthwick,1,0,,,,,,"",""
ball,3,72.1,Nottinghamshire,M Montgomery,JA Haynes,BFW de Leede,0,0,,,,,,"",""
ball,3,72.2,Nottinghamshire,M Montgomery,JA Haynes,BFW de Leede,0,0,,,,,,"",""
ball,3,72.3,Nottinghamshire,M Montgomery,JA Haynes,BFW de Leede,0,0,,,,,,"",""
ball,3,72.4,Nottinghamshire,M Montgomery,JA Haynes,BFW de Leede,0,0,,,,,,"",""
ball,3,72.5,Nottinghamshire,M Montgomery,JA Haynes,BFW de Leede,0,0,,,,,,"",""
ball,3,72.6,Nottinghamshire,M Montgomery,JA Haynes,BFW de Leede,0,0,,,,,,"",""
ball,3,73.1,Nottinghamshire,JA Haynes,M Montgomery,SG Borthwick,0,0,,,,,,"",""
ball,3,73.2,Nottinghamshire,JA Haynes,M Montgomery,SG Borthwick,1,0,,,,,,"",""
ball,3,73.3,Nottinghamshire,M Montgomery,JA Haynes,SG Borthwick,0,0,,,,,,"",""
ball,3,73.4,Nottinghamshire,M Montgomery,JA Haynes,SG Borthwick,0,0,,,,,,"",""
ball,3,73.5,Nottinghamshire,M Montgomery,JA Haynes,SG Borthwick,1,0,,,,,,"",""
ball,3,73.6,Nottinghamshire,JA Haynes,M Montgomery,SG Borthwick,0,0,,,,,,"",""
ball,3,74.1,Nottinghamshire,M Montgomery,JA Haynes,CF Parkinson,0,0,,,,,,"",""
ball,3,74.2,Nottinghamshire,M Montgomery,JA Haynes,CF Parkinson,0,0,,,,,,"",""
ball,3,74.3,Nottinghamshire,M Montgomery,JA Haynes,CF Parkinson,0,0,,,,,,"",""
ball,3,74.4,Nottinghamshire,M Montgomery,JA Haynes,CF Parkinson,0,0,,,,,,"",""
ball,3,74.5,Nottinghamshire,M Montgomery,JA Haynes,CF Parkinson,0,0,,,,,,"",""
ball,3,74.6,Nottinghamshire,M Montgomery,JA Haynes,CF Parkinson,0,0,,,,,,"",""
ball,3,75.1,Nottinghamshire,JA Haynes,M Montgomery,SG Borthwick,0,0,,,,,,"",""
ball,3,75.2,Nottinghamshire,JA Haynes,M Montgomery,SG Borthwick,1,0,,,,,,"",""
ball,3,75.3,Nottinghamshire,M Montgomery,JA Haynes,SG Borthwick,0,0,,,,,,"",""
ball,3,75.4,Nottinghamshire,M Montgomery,JA Haynes,SG Borthwick,0,0,,,,,,"",""
ball,3,75.5,Nottinghamshire,M Montgomery,JA Haynes,SG Borthwick,2,0,,,,,,"",""
ball,3,75.6,Nottinghamshire,M Montgomery,JA Haynes,SG Borthwick,0,0,,,,,,"",""
ball,3,76.1,Nottinghamshire,JA Haynes,M Montgomery,CF Parkinson,0,0,,,,,,"",""
ball,3,76.2,Nottinghamshire,JA Haynes,M Montgomery,CF Parkinson,0,0,,,,,,"",""
ball,3,76.3,Nottinghamshire,JA Haynes,M Montgomery,CF Parkinson,0,0,,,,,,"",""
ball,3,76.4,Nottinghamshire,JA Haynes,M Montgomery,CF Parkinson,0,0,,,,,,"",""
ball,3,76.5,Nottinghamshire,JA Haynes,M Montgomery,CF Parkinson,2,0,,,,,,"",""
ball,3,76.6,Nottinghamshire,JA Haynes,M Montgomery,CF Parkinson,0,0,,,,,,"",""
ball,3,77.1,Nottinghamshire,M Montgomery,JA Haynes,SG Borthwick,0,0,,,,,,"",""
ball,3,77.2,Nottinghamshire,M Montgomery,JA Haynes,SG Borthwick,1,0,,,,,,"",""
ball,3,77.3,Nottinghamshire,JA Haynes,M Montgomery,SG Borthwick,0,0,,,,,,"",""
ball,3,77.4,Nottinghamshire,JA Haynes,M Montgomery,SG Borthwick,1,0,,,,,,"",""
ball,3,77.5,Nottinghamshire,M Montgomery,JA Haynes,SG Borthwick,0,0,,,,,,"",""
ball,3,77.6,Nottinghamshire,M Montgomery,JA Haynes,SG Borthwick,0,0,,,,,,"",""
ball,3,78.1,Nottinghamshire,JA Haynes,M Montgomery,CF Parkinson,0,0,,,,,,"",""
ball,3,78.2,Nottinghamshire,JA Haynes,M Montgomery,CF Parkinson,0,0,,,,,,"",""
ball,3,78.3,Nottinghamshire,JA Haynes,M Montgomery,CF Parkinson,0,0,,,,,,"",""
ball,3,78.4,Nottinghamshire,JA Haynes,M Montgomery,CF Parkinson,0,0,,,,,,"",""
ball,3,78.5,Nottinghamshire,JA Haynes,M Montgomery,CF Parkinson,0,0,,,,,,"",""
ball,3,78.6,Nottinghamshire,JA Haynes,M Montgomery,CF Parkinson,0,0,,,,,,"",""
ball,3,79.1,Nottinghamshire,M Montgomery,JA Haynes,SG Borthwick,0,0,,,,,,"",""
ball,3,79.2,Nottinghamshire,M Montgomery,JA Haynes,SG Borthwick,0,0,,,,,,"",""
ball,3,79.3,Nottinghamshire,M Montgomery,JA Haynes,SG Borthwick,0,0,,,,,,"",""
ball,3,79.4,Nottinghamshire,M Montgomery,JA Haynes,SG Borthwick,0,0,,,,,,"",""
ball,3,79.5,Nottinghamshire,M Montgomery,JA Haynes,SG Borthwick,0,0,,,,,,"",""
ball,3,79.6,Nottinghamshire,M Montgomery,JA Haynes,SG Borthwick,2,0,,,,,,"",""
ball,3,80.1,Nottinghamshire,JA Haynes,M Montgomery,BA Raine,0,0,,,,,,"",""
ball,3,80.2,Nottinghamshire,JA Haynes,M Montgomery,BA Raine,0,0,,,,,,"",""
ball,3,80.3,Nottinghamshire,JA Haynes,M Montgomery,BA Raine,4,0,,,,,,"",""
ball,3,80.4,Nottinghamshire,JA Haynes,M Montgomery,BA Raine,0,0,,,,,,"",""
ball,3,80.5,Nottinghamshire,JA Haynes,M Montgomery,BA Raine,0,0,,,,,,"",""
ball,3,80.6,Nottinghamshire,JA Haynes,M Montgomery,BA Raine,0,0,,,,,,"",""
ball,3,81.1,Nottinghamshire,M Montgomery,JA Haynes,DM Hogg,0,0,,,,,,"",""
ball,3,81.2,Nottinghamshire,M Montgomery,JA Haynes,DM Hogg,0,0,,,,,,"",""
ball,3,81.3,Nottinghamshire,M Montgomery,JA Haynes,DM Hogg,0,0,,,,,,"",""
ball,3,81.4,Nottinghamshire,M Montgomery,JA Haynes,DM Hogg,4,0,,,,,,"",""
ball,3,81.5,Nottinghamshire,M Montgomery,JA Haynes,DM Hogg,0,0,,,,,,caught,M Montgomery
ball,3,81.6,Nottinghamshire,LJ Fletcher,JA Haynes,DM Hogg,0,0,,,,,,"",""
ball,3,82.1,Nottinghamshire,JA Haynes,LJ Fletcher,BA Raine,0,0,,,,,,"",""
ball,3,82.2,Nottinghamshire,JA Haynes,LJ Fletcher,BA Raine,1,0,,,,,,"",""
ball,3,82.3,Nottinghamshire,LJ Fletcher,JA Haynes,BA Raine,0,0,,,,,,bowled,LJ Fletcher
ball,3,82.4,Nottinghamshire,LW James,JA Haynes,BA Raine,0,0,,,,,,"",""
ball,3,82.5,Nottinghamshire,LW James,JA Haynes,BA Raine,0,0,,,,,,"",""
ball,3,82.6,Nottinghamshire,LW James,JA Haynes,BA Raine,0,0,,,,,,"",""
ball,3,83.1,Nottinghamshire,JA Haynes,LW James,DM Hogg,0,0,,,,,,"",""
ball,3,83.2,Nottinghamshire,JA Haynes,LW James,DM Hogg,0,0,,,,,,"",""
ball,3,83.3,Nottinghamshire,JA Haynes,LW James,DM Hogg,4,0,,,,,,"",""
ball,3,83.4,Nottinghamshire,JA Haynes,LW James,DM Hogg,0,0,,,,,,"",""
ball,3,83.5,Nottinghamshire,JA Haynes,LW James,DM Hogg,4,0,,,,,,"",""
ball,3,83.6,Nottinghamshire,JA Haynes,LW James,DM Hogg,0,0,,,,,,"",""
ball,3,84.1,Nottinghamshire,LW James,JA Haynes,BA Raine,0,0,,,,,,"",""
ball,3,84.2,Nottinghamshire,LW James,JA Haynes,BA Raine,0,0,,,,,,"",""
ball,3,84.3,Nottinghamshire,LW James,JA Haynes,BA Raine,4,0,,,,,,"",""
ball,3,84.4,Nottinghamshire,LW James,JA Haynes,BA Raine,0,0,,,,,,"",""
ball,3,84.5,Nottinghamshire,LW James,JA Haynes,BA Raine,4,0,,,,,,"",""
ball,3,84.6,Nottinghamshire,LW James,JA Haynes,BA Raine,0,0,,,,,,"",""
ball,3,85.1,Nottinghamshire,JA Haynes,LW James,DM Hogg,0,0,,,,,,"",""
ball,3,85.2,Nottinghamshire,JA Haynes,LW James,DM Hogg,0,0,,,,,,"",""
ball,3,85.3,Nottinghamshire,JA Haynes,LW James,DM Hogg,0,0,,,,,,"",""
ball,3,85.4,Nottinghamshire,JA Haynes,LW James,DM Hogg,0,0,,,,,,"",""
ball,3,85.5,Nottinghamshire,JA Haynes,LW James,DM Hogg,0,0,,,,,,"",""
ball,3,85.6,Nottinghamshire,JA Haynes,LW James,DM Hogg,0,0,,,,,,"",""
ball,3,86.1,Nottinghamshire,LW James,JA Haynes,BA Raine,0,0,,,,,,"",""
ball,3,86.2,Nottinghamshire,LW James,JA Haynes,BA Raine,0,0,,,,,,"",""
ball,3,86.3,Nottinghamshire,LW James,JA Haynes,BA Raine,0,0,,,,,,"",""
ball,3,86.4,Nottinghamshire,LW James,JA Haynes,BA Raine,0,0,,,,,,"",""
ball,3,86.5,Nottinghamshire,LW James,JA Haynes,BA Raine,0,0,,,,,,"",""
ball,3,86.6,Nottinghamshire,LW James,JA Haynes,BA Raine,0,0,,,,,,"",""
ball,3,87.1,Nottinghamshire,JA Haynes,LW James,CF Parkinson,0,0,,,,,,"",""
ball,3,87.2,Nottinghamshire,JA Haynes,LW James,CF Parkinson,0,0,,,,,,"",""
ball,3,87.3,Nottinghamshire,JA Haynes,LW James,CF Parkinson,0,0,,,,,,"",""
ball,3,87.4,Nottinghamshire,JA Haynes,LW James,CF Parkinson,0,0,,,,,,"",""
ball,3,87.5,Nottinghamshire,JA Haynes,LW James,CF Parkinson,0,0,,,,,,"",""
ball,3,87.6,Nottinghamshire,JA Haynes,LW James,CF Parkinson,3,0,,,,,,"",""
ball,3,88.1,Nottinghamshire,JA Haynes,LW James,DM Hogg,1,0,,,,,,"",""
ball,3,88.2,Nottinghamshire,LW James,JA Haynes,DM Hogg,0,0,,,,,,"",""
ball,3,88.3,Nottinghamshire,LW James,JA Haynes,DM Hogg,0,0,,,,,,"",""
ball,3,88.4,Nottinghamshire,LW James,JA Haynes,DM Hogg,0,1,,,1,,,"",""
ball,3,88.5,Nottinghamshire,JA Haynes,LW James,DM Hogg,0,0,,,,,,"",""
ball,3,88.6,Nottinghamshire,JA Haynes,LW James,DM Hogg,2,0,,,,,,"",""
ball,3,89.1,Nottinghamshire,LW James,JA Haynes,BA Raine,0,0,,,,,,"",""
ball,3,89.2,Nottinghamshire,LW James,JA Haynes,BA Raine,0,0,,,,,,"",""
ball,3,89.3,Nottinghamshire,LW James,JA Haynes,BA Raine,0,0,,,,,,"",""
ball,3,89.4,Nottinghamshire,LW James,JA Haynes,BA Raine,0,0,,,,,,"",""
ball,3,89.5,Nottinghamshire,LW James,JA Haynes,BA Raine,0,0,,,,,,"",""
ball,3,89.6,Nottinghamshire,LW James,JA Haynes,BA Raine,0,0,,,,,,"",""
ball,3,90.1,Nottinghamshire,JA Haynes,LW James,DM Hogg,4,0,,,,,,"",""
ball,3,90.2,Nottinghamshire,JA Haynes,LW James,DM Hogg,0,0,,,,,,"",""
ball,3,90.3,Nottinghamshire,JA Haynes,LW James,DM Hogg,0,0,,,,,,caught,JA Haynes
ball,3,90.4,Nottinghamshire,CG Harrison,LW James,DM Hogg,0,0,,,,,,"",""
ball,3,90.5,Nottinghamshire,CG Harrison,LW James,DM Hogg,0,0,,,,,,"",""
ball,3,90.6,Nottinghamshire,CG Harrison,LW James,DM Hogg,0,0,,,,,,"",""
ball,3,91.1,Nottinghamshire,LW James,CG Harrison,BA Raine,0,0,,,,,,"",""
ball,3,91.2,Nottinghamshire,LW James,CG Harrison,BA Raine,1,0,,,,,,"",""
ball,3,91.3,Nottinghamshire,CG Harrison,LW James,BA Raine,0,0,,,,,,"",""
ball,3,91.4,Nottinghamshire,CG Harrison,LW James,BA Raine,0,0,,,,,,"",""
ball,3,91.5,Nottinghamshire,CG Harrison,LW James,BA Raine,0,0,,,,,,"",""
ball,3,91.6,Nottinghamshire,CG Harrison,LW James,BA Raine,0,0,,,,,,"",""
ball,3,92.1,Nottinghamshire,LW James,CG Harrison,DM Hogg,0,0,,,,,,"",""
ball,3,92.2,Nottinghamshire,LW James,CG Harrison,DM Hogg,4,0,,,,,,"",""
ball,3,92.3,Nottinghamshire,LW James,CG Harrison,DM Hogg,4,0,,,,,,"",""
ball,3,92.4,Nottinghamshire,LW James,CG Harrison,DM Hogg,0,0,,,,,,"",""
ball,3,92.5,Nottinghamshire,LW James,CG Harrison,DM Hogg,0,0,,,,,,"",""
ball,3,92.6,Nottinghamshire,LW James,CG Harrison,DM Hogg,0,0,,,,,,"",""
ball,3,93.1,Nottinghamshire,CG Harrison,LW James,BA Raine,0,0,,,,,,"",""
ball,3,93.2,Nottinghamshire,CG Harrison,LW James,BA Raine,0,0,,,,,,"",""
ball,3,93.3,Nottinghamshire,CG Harrison,LW James,BA Raine,0,0,,,,,,"",""
ball,3,93.4,Nottinghamshire,CG Harrison,LW James,BA Raine,0,0,,,,,,"",""
ball,3,93.5,Nottinghamshire,CG Harrison,LW James,BA Raine,1,0,,,,,,"",""
ball,3,93.6,Nottinghamshire,LW James,CG Harrison,BA Raine,0,0,,,,,,"",""
ball,3,94.1,Nottinghamshire,CG Harrison,LW James,DM Hogg,0,0,,,,,,caught,CG Harrison
ball,3,94.2,Nottinghamshire,OP Stone,LW James,DM Hogg,0,0,,,,,,"",""
ball,3,94.3,Nottinghamshire,OP Stone,LW James,DM Hogg,4,0,,,,,,"",""
ball,3,94.4,Nottinghamshire,OP Stone,LW James,DM Hogg,0,0,,,,,,"",""
ball,3,94.5,Nottinghamshire,OP Stone,LW James,DM Hogg,1,0,,,,,,"",""
ball,3,94.6,Nottinghamshire,LW James,OP Stone,DM Hogg,0,0,,,,,,"",""
ball,3,95.1,Nottinghamshire,OP Stone,LW James,BFW de Leede,0,0,,,,,,"",""
ball,3,95.2,Nottinghamshire,OP Stone,LW James,BFW de Leede,0,0,,,,,,"",""
ball,3,95.3,Nottinghamshire,OP Stone,LW James,BFW de Leede,1,0,,,,,,"",""
ball,3,95.4,Nottinghamshire,LW James,OP Stone,BFW de Leede,0,0,,,,,,"",""
ball,3,95.5,Nottinghamshire,LW James,OP Stone,BFW de Leede,0,2,,,,2,,"",""
ball,3,95.6,Nottinghamshire,LW James,OP Stone,BFW de Leede,0,0,,,,,,"",""
ball,3,96.1,Nottinghamshire,OP Stone,LW James,DM Hogg,4,0,,,,,,"",""
ball,3,96.2,Nottinghamshire,OP Stone,LW James,DM Hogg,0,0,,,,,,"",""
ball,3,96.3,Nottinghamshire,OP Stone,LW James,DM Hogg,0,0,,,,,,"",""
ball,3,96.4,Nottinghamshire,OP Stone,LW James,DM Hogg,0,0,,,,,,"",""
ball,3,96.5,Nottinghamshire,OP Stone,LW James,DM Hogg,0,0,,,,,,"",""
ball,3,96.6,Nottinghamshire,OP Stone,LW James,DM Hogg,1,0,,,,,,"",""
ball,3,97.1,Nottinghamshire,OP Stone,LW James,BFW de Leede,0,0,,,,,,"",""
ball,3,97.2,Nottinghamshire,OP Stone,LW James,BFW de Leede,0,0,,,,,,"",""
ball,3,97.3,Nottinghamshire,OP Stone,LW James,BFW de Leede,0,0,,,,,,"",""
ball,3,97.4,Nottinghamshire,OP Stone,LW James,BFW de Leede,0,0,,,,,,"",""
ball,3,97.5,Nottinghamshire,OP Stone,LW James,BFW de Leede,0,0,,,,,,"",""
ball,3,97.6,Nottinghamshire,OP Stone,LW James,BFW de Leede,0,0,,,,,,"",""
ball,3,98.1,Nottinghamshire,LW James,OP Stone,BA Raine,0,0,,,,,,"",""
ball,3,98.2,Nottinghamshire,LW James,OP Stone,BA Raine,0,0,,,,,,"",""
ball,3,98.3,Nottinghamshire,LW James,OP Stone,BA Raine,0,0,,,,,,"",""
ball,3,98.4,Nottinghamshire,LW James,OP Stone,BA Raine,0,0,,,,,,"",""
ball,3,98.5,Nottinghamshire,LW James,OP Stone,BA Raine,0,0,,,,,,"",""
ball,3,98.6,Nottinghamshire,LW James,OP Stone,BA Raine,0,0,,,,,,"",""
ball,3,99.1,Nottinghamshire,OP Stone,LW James,CF Parkinson,0,0,,,,,,"",""
ball,3,99.2,Nottinghamshire,OP Stone,LW James,CF Parkinson,0,0,,,,,,"",""
ball,3,99.3,Nottinghamshire,OP Stone,LW James,CF Parkinson,1,0,,,,,,"",""
ball,3,99.4,Nottinghamshire,LW James,OP Stone,CF Parkinson,0,0,,,,,,"",""
ball,3,99.5,Nottinghamshire,LW James,OP Stone,CF Parkinson,0,0,,,,,,"",""
ball,3,99.6,Nottinghamshire,LW James,OP Stone,CF Parkinson,0,0,,,,,,"",""
ball,3,100.1,Nottinghamshire,OP Stone,LW James,BA Raine,0,0,,,,,,"",""
ball,3,100.2,Nottinghamshire,OP Stone,LW James,BA Raine,0,0,,,,,,"",""
ball,3,100.3,Nottinghamshire,OP Stone,LW James,BA Raine,0,0,,,,,,"",""
ball,3,100.4,Nottinghamshire,OP Stone,LW James,BA Raine,1,0,,,,,,"",""
ball,3,100.5,Nottinghamshire,LW James,OP Stone,BA Raine,0,0,,,,,,"",""
ball,3,100.6,Nottinghamshire,LW James,OP Stone,BA Raine,0,0,,,,,,"",""
ball,3,101.1,Nottinghamshire,OP Stone,LW James,CF Parkinson,0,0,,,,,,"",""
ball,3,101.2,Nottinghamshire,OP Stone,LW James,CF Parkinson,0,0,,,,,,"",""
ball,3,101.3,Nottinghamshire,OP Stone,LW James,CF Parkinson,0,0,,,,,,"",""
ball,3,101.4,Nottinghamshire,OP Stone,LW James,CF Parkinson,0,0,,,,,,"",""
ball,3,101.5,Nottinghamshire,OP Stone,LW James,CF Parkinson,0,0,,,,,,"",""
ball,3,101.6,Nottinghamshire,OP Stone,LW James,CF Parkinson,0,0,,,,,,"",""
ball,3,102.1,Nottinghamshire,LW James,OP Stone,BA Raine,0,0,,,,,,"",""
ball,3,102.2,Nottinghamshire,LW James,OP Stone,BA Raine,0,0,,,,,,"",""
ball,3,102.3,Nottinghamshire,LW James,OP Stone,BA Raine,0,0,,,,,,"",""
ball,3,102.4,Nottinghamshire,LW James,OP Stone,BA Raine,0,0,,,,,,"",""
ball,3,102.5,Nottinghamshire,LW James,OP Stone,BA Raine,0,0,,,,,,"",""
ball,3,102.6,Nottinghamshire,LW James,OP Stone,BA Raine,0,0,,,,,,"",""
ball,3,103.1,Nottinghamshire,OP Stone,LW James,CF Parkinson,0,0,,,,,,"",""
ball,3,103.2,Nottinghamshire,OP Stone,LW James,CF Parkinson,0,0,,,,,,"",""
ball,3,103.3,Nottinghamshire,OP Stone,LW James,CF Parkinson,0,0,,,,,,"",""
ball,3,103.4,Nottinghamshire,OP Stone,LW James,CF Parkinson,0,0,,,,,,"",""
ball,3,103.5,Nottinghamshire,OP Stone,LW James,CF Parkinson,4,0,,,,,,"",""
ball,3,103.6,Nottinghamshire,OP Stone,LW James,CF Parkinson,0,0,,,,,,"",""
ball,3,104.1,Nottinghamshire,LW James,OP Stone,BA Raine,0,0,,,,,,"",""
ball,3,104.2,Nottinghamshire,LW James,OP Stone,BA Raine,0,0,,,,,,"",""
ball,3,104.3,Nottinghamshire,LW James,OP Stone,BA Raine,0,0,,,,,,"",""
ball,3,104.4,Nottinghamshire,LW James,OP Stone,BA Raine,0,0,,,,,,"",""
ball,3,104.5,Nottinghamshire,LW James,OP Stone,BA Raine,0,0,,,,,,"",""
ball,3,104.6,Nottinghamshire,LW James,OP Stone,BA Raine,0,0,,,,,,"",""
ball,3,105.1,Nottinghamshire,OP Stone,LW James,CF Parkinson,0,0,,,,,,"",""
ball,3,105.2,Nottinghamshire,OP Stone,LW James,CF Parkinson,0,0,,,,,,"",""
ball,3,105.3,Nottinghamshire,OP Stone,LW James,CF Parkinson,0,0,,,,,,"",""
ball,3,105.4,Nottinghamshire,OP Stone,LW James,CF Parkinson,1,0,,,,,,"",""
ball,3,105.5,Nottinghamshire,LW James,OP Stone,CF Parkinson,0,0,,,,,,"",""
ball,3,105.6,Nottinghamshire,LW James,OP Stone,CF Parkinson,0,4,,,4,,,"",""
ball,3,106.1,Nottinghamshire,OP Stone,LW James,BFW de Leede,0,0,,,,,,"",""
ball,3,106.2,Nottinghamshire,OP Stone,LW James,BFW de Leede,0,0,,,,,,"",""
ball,3,106.3,Nottinghamshire,OP Stone,LW James,BFW de Leede,0,0,,,,,,"",""
ball,3,106.4,Nottinghamshire,OP Stone,LW James,BFW de Leede,0,0,,,,,,"",""
ball,3,106.5,Nottinghamshire,OP Stone,LW James,BFW de Leede,0,2,,2,,,,"",""
ball,3,106.6,Nottinghamshire,OP Stone,LW James,BFW de Leede,1,0,,,,,,"",""
ball,3,106.7,Nottinghamshire,LW James,OP Stone,BFW de Leede,0,0,,,,,,"",""
ball,3,107.1,Nottinghamshire,OP Stone,LW James,CF Parkinson,1,0,,,,,,"",""
ball,3,107.2,Nottinghamshire,LW James,OP Stone,CF Parkinson,0,0,,,,,,"",""
ball,3,107.3,Nottinghamshire,LW James,OP Stone,CF Parkinson,0,0,,,,,,"",""
ball,3,107.4,Nottinghamshire,LW James,OP Stone,CF Parkinson,1,0,,,,,,"",""
ball,3,107.5,Nottinghamshire,OP Stone,LW James,CF Parkinson,0,0,,,,,,"",""
ball,3,107.6,Nottinghamshire,OP Stone,LW James,CF Parkinson,1,0,,,,,,"",""
ball,3,108.1,Nottinghamshire,OP Stone,LW James,BFW de Leede,0,0,,,,,,"",""
ball,3,108.2,Nottinghamshire,OP Stone,LW James,BFW de Leede,0,0,,,,,,"",""
ball,3,108.3,Nottinghamshire,OP Stone,LW James,BFW de Leede,0,0,,,,,,"",""
ball,3,108.4,Nottinghamshire,OP Stone,LW James,BFW de Leede,0,0,,,,,,"",""
ball,3,108.5,Nottinghamshire,OP Stone,LW James,BFW de Leede,1,0,,,,,,"",""
ball,3,108.6,Nottinghamshire,LW James,OP Stone,BFW de Leede,0,0,,,,,,"",""
ball,3,109.1,Nottinghamshire,OP Stone,LW James,CF Parkinson,0,0,,,,,,"",""
ball,3,109.2,Nottinghamshire,OP Stone,LW James,CF Parkinson,0,0,,,,,,"",""
ball,3,109.3,Nottinghamshire,OP Stone,LW James,CF Parkinson,0,0,,,,,,"",""
ball,3,109.4,Nottinghamshire,OP Stone,LW James,CF Parkinson,0,0,,,,,,"",""
ball,3,109.5,Nottinghamshire,OP Stone,LW James,CF Parkinson,1,0,,,,,,"",""
ball,3,109.6,Nottinghamshire,LW James,OP Stone,CF Parkinson,0,0,,,,,,"",""
ball,3,110.1,Nottinghamshire,OP Stone,LW James,BFW de Leede,0,0,,,,,,"",""
ball,3,110.2,Nottinghamshire,OP Stone,LW James,BFW de Leede,4,0,,,,,,"",""
ball,3,110.3,Nottinghamshire,OP Stone,LW James,BFW de Leede,1,0,,,,,,"",""
ball,3,110.4,Nottinghamshire,LW James,OP Stone,BFW de Leede,4,0,,,,,,"",""
ball,3,110.5,Nottinghamshire,LW James,OP Stone,BFW de Leede,0,0,,,,,,"",""
ball,3,110.6,Nottinghamshire,LW James,OP Stone,BFW de Leede,1,0,,,,,,"",""
ball,3,111.1,Nottinghamshire,LW James,OP Stone,CF Parkinson,0,0,,,,,,"",""
ball,3,111.2,Nottinghamshire,LW James,OP Stone,CF Parkinson,0,0,,,,,,"",""
ball,3,111.3,Nottinghamshire,LW James,OP Stone,CF Parkinson,0,0,,,,,,"",""
ball,3,111.4,Nottinghamshire,LW James,OP Stone,CF Parkinson,4,0,,,,,,"",""
ball,3,111.5,Nottinghamshire,LW James,OP Stone,CF Parkinson,0,0,,,,,,"",""
ball,3,111.6,Nottinghamshire,LW James,OP Stone,CF Parkinson,0,0,,,,,,"",""
ball,3,112.1,Nottinghamshire,OP Stone,LW James,BFW de Leede,0,0,,,,,,"",""
ball,3,112.2,Nottinghamshire,OP Stone,LW James,BFW de Leede,1,0,,,,,,"",""
ball,3,112.3,Nottinghamshire,LW James,OP Stone,BFW de Leede,0,0,,,,,,"",""
ball,3,112.4,Nottinghamshire,LW James,OP Stone,BFW de Leede,2,0,,,,,,"",""
ball,3,112.5,Nottinghamshire,LW James,OP Stone,BFW de Leede,0,0,,,,,,"",""
ball,3,112.6,Nottinghamshire,LW James,OP Stone,BFW de Leede,0,0,,,,,,"",""
ball,3,113.1,Nottinghamshire,OP Stone,LW James,CF Parkinson,0,0,,,,,,"",""
ball,3,113.2,Nottinghamshire,OP Stone,LW James,CF Parkinson,0,0,,,,,,"",""
ball,3,113.3,Nottinghamshire,OP Stone,LW James,CF Parkinson,0,0,,,,,,"",""
ball,3,113.4,Nottinghamshire,OP Stone,LW James,CF Parkinson,0,0,,,,,,"",""
ball,3,113.5,Nottinghamshire,OP Stone,LW James,CF Parkinson,0,0,,,,,,"",""
ball,3,113.6,Nottinghamshire,OP Stone,LW James,CF Parkinson,0,0,,,,,,"",""
ball,3,114.1,Nottinghamshire,LW James,OP Stone,DM Hogg,1,0,,,,,,"",""
ball,3,114.2,Nottinghamshire,OP Stone,LW James,DM Hogg,0,0,,,,,,"",""
ball,3,114.3,Nottinghamshire,OP Stone,LW James,DM Hogg,0,0,,,,,,"",""
ball,3,114.4,Nottinghamshire,OP Stone,LW James,DM Hogg,0,0,,,,,,"",""
ball,3,114.5,Nottinghamshire,OP Stone,LW James,DM Hogg,0,0,,,,,,"",""
ball,3,114.6,Nottinghamshire,OP Stone,LW James,DM Hogg,0,0,,,,,,lbw,OP Stone
ball,3,115.1,Nottinghamshire,LW James,BA Hutton,CF Parkinson,1,0,,,,,,"",""
ball,3,115.2,Nottinghamshire,BA Hutton,LW James,CF Parkinson,0,0,,,,,,"",""
ball,3,115.3,Nottinghamshire,BA Hutton,LW James,CF Parkinson,0,0,,,,,,"",""
ball,3,115.4,Nottinghamshire,BA Hutton,LW James,CF Parkinson,0,0,,,,,,"",""
ball,3,115.5,Nottinghamshire,BA Hutton,LW James,CF Parkinson,1,0,,,,,,"",""
ball,3,115.6,Nottinghamshire,LW James,BA Hutton,CF Parkinson,0,0,,,,,,"",""
ball,3,116.1,Nottinghamshire,BA Hutton,LW James,DM Hogg,0,0,,,,,,"",""
ball,3,116.2,Nottinghamshire,BA Hutton,LW James,DM Hogg,0,0,,,,,,"",""
ball,3,116.3,Nottinghamshire,BA Hutton,LW James,DM Hogg,0,0,,,,,,"",""
ball,3,116.4,Nottinghamshire,BA Hutton,LW James,DM Hogg,0,0,,,,,,"",""
ball,3,116.5,Nottinghamshire,BA Hutton,LW James,DM Hogg,0,0,,,,,,"",""
ball,3,116.6,Nottinghamshire,BA Hutton,LW James,DM Hogg,0,0,,,,,,caught,BA Hutton
