version,1.7.0
info,balls_per_over,6
info,team,South Australia
info,team,Tasmania
info,gender,male
info,season,2024/25
info,date,2024/12/06
info,date,2024/12/07
info,date,2024/12/08
info,date,2024/12/09
info,event,Sheffield Shield
info,match_number,18
info,venue,"Bellerive Oval, Hobart"
info,city,Hobart
info,toss_winner,Tasmania
info,toss_decision,field
info,player_of_match,JJS Sangha
info,umpire,MW Graham-Smith
info,umpire,Sharad Patel
info,match_referee,David Johnston
info,winner,South Australia
info,winner_runs,2
info,player,South Australia,CJ McInerney
info,player,South Australia,HJ Hunt
info,player,South Australia,JJS Sangha
info,player,South Australia,HTRY Thornton
info,player,South Australia,JS Lehmann
info,player,South Australia,J Fraser-McGurk
info,player,South Australia,BAD Manenti
info,player,South Australia,L Scott
info,player,South Australia,N McAndrew
info,player,South Australia,HJ Nielsen
info,player,South Australia,WA Agar
info,player,Tasmania,N Radhakrishnan
info,player,Tasmania,J Weatherald
info,player,Tasmania,TP Ward
info,player,Tasmania,JC Silk
info,player,Tasmania,JR Doran
info,player,Tasmania,GT Bell
info,player,Tasmania,BM Hope
info,player,Tasmania,MJ Owen
info,player,Tasmania,L Neil-Smith
info,player,Tasmania,MP Kuhnemann
info,player,Tasmania,RP Meredith
info,registry,people,BAD Manenti,ab21795b
info,registry,people,BM Hope,526a3073
info,registry,people,CJ McInerney,2beab1d6
info,registry,people,David Johnston,92cef862
info,registry,people,GT Bell,770ae773
info,registry,people,HJ Hunt,62ef4abe
info,registry,people,HJ Nielsen,0ea1455a
info,registry,people,HTRY Thornton,055be93a
info,registry,people,J Fraser-McGurk,9b6e1b3f
info,registry,people,J Weatherald,edc7ddb6
info,registry,people,JC Silk,7a6dc294
info,registry,people,JJS Sangha,8e3cb0e9
info,registry,people,JR Doran,9cebb612
info,registry,people,JS Lehmann,c96a215f
info,registry,people,L Neil-Smith,72075ec1
info,registry,people,L Scott,0ebb3444
info,registry,people,MJ Owen,f2c936d7
info,registry,people,MP Kuhnemann,7b953689
info,registry,people,MW Graham-Smith,18aca3ce
info,registry,people,N McAndrew,38c276e1
info,registry,people,N Radhakrishnan,e3f7db80
info,registry,people,RP Meredith,64775749
info,registry,people,Sharad Patel,8e6dd3ba
info,registry,people,TP Ward,fdd837ba
info,registry,people,WA Agar,15de1f5d
ball,1,0.1,South Australia,CJ McInerney,HJ Hunt,GT Bell,0,0,,,,,,"",""
ball,1,0.2,South Australia,CJ McInerney,HJ Hunt,GT Bell,0,0,,,,,,"",""
ball,1,0.3,South Australia,CJ McInerney,HJ Hunt,GT Bell,0,0,,,,,,"",""
ball,1,0.4,South Australia,CJ McInerney,HJ Hunt,GT Bell,0,0,,,,,,"",""
ball,1,0.5,South Australia,CJ McInerney,HJ Hunt,GT Bell,0,0,,,,,,"",""
ball,1,0.6,South Australia,CJ McInerney,HJ Hunt,GT Bell,0,0,,,,,,"",""
ball,1,1.1,South Australia,HJ Hunt,CJ McInerney,L Neil-Smith,0,0,,,,,,"",""
ball,1,1.2,South Australia,HJ Hunt,CJ McInerney,L Neil-Smith,0,0,,,,,,"",""
ball,1,1.3,South Australia,HJ Hunt,CJ McInerney,L Neil-Smith,0,0,,,,,,"",""
ball,1,1.4,South Australia,HJ Hunt,CJ McInerney,L Neil-Smith,0,1,,,,1,,"",""
ball,1,1.5,South Australia,CJ McInerney,HJ Hunt,L Neil-Smith,0,0,,,,,,"",""
ball,1,1.6,South Australia,CJ McInerney,HJ Hunt,L Neil-Smith,2,0,,,,,,"",""
ball,1,2.1,South Australia,HJ Hunt,CJ McInerney,GT Bell,0,0,,,,,,"",""
ball,1,2.2,South Australia,HJ Hunt,CJ McInerney,GT Bell,0,0,,,,,,"",""
ball,1,2.3,South Australia,HJ Hunt,CJ McInerney,GT Bell,2,0,,,,,,"",""
ball,1,2.4,South Australia,HJ Hunt,CJ McInerney,GT Bell,0,0,,,,,,"",""
ball,1,2.5,South Australia,HJ Hunt,CJ McInerney,GT Bell,0,0,,,,,,"",""
ball,1,2.6,South Australia,HJ Hunt,CJ McInerney,GT Bell,0,0,,,,,,"",""
ball,1,3.1,South Australia,CJ McInerney,HJ Hunt,L Neil-Smith,0,0,,,,,,"",""
ball,1,3.2,South Australia,CJ McInerney,HJ Hunt,L Neil-Smith,3,0,,,,,,"",""
ball,1,3.3,South Australia,HJ Hunt,CJ McInerney,L Neil-Smith,0,0,,,,,,"",""
ball,1,3.4,South Australia,HJ Hunt,CJ McInerney,L Neil-Smith,0,0,,,,,,"",""
ball,1,3.5,South Australia,HJ Hunt,CJ McInerney,L Neil-Smith,4,0,,,,,,"",""
ball,1,3.6,South Australia,HJ Hunt,CJ McInerney,L Neil-Smith,1,0,,,,,,"",""
ball,1,4.1,South Australia,HJ Hunt,CJ McInerney,GT Bell,1,0,,,,,,"",""
ball,1,4.2,South Australia,CJ McInerney,HJ Hunt,GT Bell,3,0,,,,,,"",""
ball,1,4.3,South Australia,HJ Hunt,CJ McInerney,GT Bell,0,0,,,,,,"",""
ball,1,4.4,South Australia,HJ Hunt,CJ McInerney,GT Bell,0,0,,,,,,"",""
ball,1,4.5,South Australia,HJ Hunt,CJ McInerney,GT Bell,0,4,,,4,,,"",""
ball,1,4.6,South Australia,HJ Hunt,CJ McInerney,GT Bell,0,0,,,,,,"",""
ball,1,5.1,South Australia,CJ McInerney,HJ Hunt,L Neil-Smith,0,0,,,,,,"",""
ball,1,5.2,South Australia,CJ McInerney,HJ Hunt,L Neil-Smith,0,0,,,,,,"",""
ball,1,5.3,South Australia,CJ McInerney,HJ Hunt,L Neil-Smith,0,0,,,,,,"",""
ball,1,5.4,South Australia,CJ McInerney,HJ Hunt,L Neil-Smith,0,0,,,,,,caught,CJ McInerney
ball,1,5.5,South Australia,JJS Sangha,HJ Hunt,L Neil-Smith,0,0,,,,,,"",""
ball,1,5.6,South Australia,JJS Sangha,HJ Hunt,L Neil-Smith,0,0,,,,,,"",""
ball,1,6.1,South Australia,HJ Hunt,JJS Sangha,GT Bell,0,0,,,,,,"",""
ball,1,6.2,South Australia,HJ Hunt,JJS Sangha,GT Bell,0,0,,,,,,"",""
ball,1,6.3,South Australia,HJ Hunt,JJS Sangha,GT Bell,0,0,,,,,,"",""
ball,1,6.4,South Australia,HJ Hunt,JJS Sangha,GT Bell,1,0,,,,,,"",""
ball,1,6.5,South Australia,JJS Sangha,HJ Hunt,GT Bell,0,0,,,,,,"",""
ball,1,6.6,South Australia,JJS Sangha,HJ Hunt,GT Bell,3,0,,,,,,"",""
ball,1,7.1,South Australia,JJS Sangha,HJ Hunt,L Neil-Smith,0,0,,,,,,"",""
ball,1,7.2,South Australia,JJS Sangha,HJ Hunt,L Neil-Smith,0,0,,,,,,"",""
ball,1,7.3,South Australia,JJS Sangha,HJ Hunt,L Neil-Smith,0,0,,,,,,"",""
ball,1,7.4,South Australia,JJS Sangha,HJ Hunt,L Neil-Smith,3,0,,,,,,"",""
ball,1,7.5,South Australia,HJ Hunt,JJS Sangha,L Neil-Smith,0,0,,,,,,"",""
ball,1,7.6,South Australia,HJ Hunt,JJS Sangha,L Neil-Smith,0,0,,,,,,"",""
ball,1,8.1,South Australia,JJS Sangha,HJ Hunt,GT Bell,0,0,,,,,,"",""
ball,1,8.2,South Australia,JJS Sangha,HJ Hunt,GT Bell,0,0,,,,,,"",""
ball,1,8.3,South Australia,JJS Sangha,HJ Hunt,GT Bell,0,0,,,,,,"",""
ball,1,8.4,South Australia,JJS Sangha,HJ Hunt,GT Bell,0,0,,,,,,"",""
ball,1,8.5,South Australia,JJS Sangha,HJ Hunt,GT Bell,0,0,,,,,,"",""
ball,1,8.6,South Australia,JJS Sangha,HJ Hunt,GT Bell,0,0,,,,,,"",""
ball,1,9.1,South Australia,HJ Hunt,JJS Sangha,L Neil-Smith,0,0,,,,,,"",""
ball,1,9.2,South Australia,HJ Hunt,JJS Sangha,L Neil-Smith,0,0,,,,,,"",""
ball,1,9.3,South Australia,HJ Hunt,JJS Sangha,L Neil-Smith,0,0,,,,,,"",""
ball,1,9.4,South Australia,HJ Hunt,JJS Sangha,L Neil-Smith,1,0,,,,,,"",""
ball,1,9.5,South Australia,JJS Sangha,HJ Hunt,L Neil-Smith,0,0,,,,,,"",""
ball,1,9.6,South Australia,JJS Sangha,HJ Hunt,L Neil-Smith,4,0,,,,,,"",""
ball,1,10.1,South Australia,HJ Hunt,JJS Sangha,RP Meredith,4,0,,,,,,"",""
ball,1,10.2,South Australia,HJ Hunt,JJS Sangha,RP Meredith,0,0,,,,,,"",""
ball,1,10.3,South Australia,HJ Hunt,JJS Sangha,RP Meredith,0,0,,,,,,"",""
ball,1,10.4,South Australia,HJ Hunt,JJS Sangha,RP Meredith,0,0,,,,,,"",""
ball,1,10.5,South Australia,HJ Hunt,JJS Sangha,RP Meredith,0,0,,,,,,"",""
ball,1,10.6,South Australia,HJ Hunt,JJS Sangha,RP Meredith,0,0,,,,,,"",""
ball,1,11.1,South Australia,JJS Sangha,HJ Hunt,GT Bell,0,0,,,,,,"",""
ball,1,11.2,South Australia,JJS Sangha,HJ Hunt,GT Bell,2,0,,,,,,"",""
ball,1,11.3,South Australia,JJS Sangha,HJ Hunt,GT Bell,0,0,,,,,,"",""
ball,1,11.4,South Australia,JJS Sangha,HJ Hunt,GT Bell,0,0,,,,,,"",""
ball,1,11.5,South Australia,JJS Sangha,HJ Hunt,GT Bell,0,0,,,,,,"",""
ball,1,11.6,South Australia,JJS Sangha,HJ Hunt,GT Bell,0,0,,,,,,"",""
ball,1,12.1,South Australia,HJ Hunt,JJS Sangha,RP Meredith,0,0,,,,,,"",""
ball,1,12.2,South Australia,HJ Hunt,JJS Sangha,RP Meredith,3,0,,,,,,"",""
ball,1,12.3,South Australia,JJS Sangha,HJ Hunt,RP Meredith,0,0,,,,,,"",""
ball,1,12.4,South Australia,JJS Sangha,HJ Hunt,RP Meredith,0,0,,,,,,"",""
ball,1,12.5,South Australia,JJS Sangha,HJ Hunt,RP Meredith,0,0,,,,,,"",""
ball,1,12.6,South Australia,JJS Sangha,HJ Hunt,RP Meredith,0,0,,,,,,"",""
ball,1,13.1,South Australia,HJ Hunt,JJS Sangha,GT Bell,0,0,,,,,,"",""
ball,1,13.2,South Australia,HJ Hunt,JJS Sangha,GT Bell,1,0,,,,,,"",""
ball,1,13.3,South Australia,JJS Sangha,HJ Hunt,GT Bell,0,2,,,2,,,"",""
ball,1,13.4,South Australia,JJS Sangha,HJ Hunt,GT Bell,4,0,,,,,,"",""
ball,1,13.5,South Australia,JJS Sangha,HJ Hunt,GT Bell,1,0,,,,,,"",""
ball,1,13.6,South Australia,HJ Hunt,JJS Sangha,GT Bell,0,0,,,,,,"",""
ball,1,14.1,South Australia,JJS Sangha,HJ Hunt,RP Meredith,2,0,,,,,,"",""
ball,1,14.2,South Australia,JJS Sangha,HJ Hunt,RP Meredith,0,0,,,,,,"",""
ball,1,14.3,South Australia,JJS Sangha,HJ Hunt,RP Meredith,0,0,,,,,,"",""
ball,1,14.4,South Australia,JJS Sangha,HJ Hunt,RP Meredith,0,4,,,4,,,"",""
ball,1,14.5,South Australia,JJS Sangha,HJ Hunt,RP Meredith,1,0,,,,,,"",""
ball,1,14.6,South Australia,HJ Hunt,JJS Sangha,RP Meredith,0,0,,,,,,"",""
ball,1,15.1,South Australia,JJS Sangha,HJ Hunt,L Neil-Smith,0,0,,,,,,"",""
ball,1,15.2,South Australia,JJS Sangha,HJ Hunt,L Neil-Smith,0,0,,,,,,"",""
ball,1,15.3,South Australia,JJS Sangha,HJ Hunt,L Neil-Smith,0,0,,,,,,"",""
ball,1,15.4,South Australia,JJS Sangha,HJ Hunt,L Neil-Smith,0,0,,,,,,"",""
ball,1,15.5,South Australia,JJS Sangha,HJ Hunt,L Neil-Smith,1,0,,,,,,"",""
ball,1,15.6,South Australia,HJ Hunt,JJS Sangha,L Neil-Smith,0,1,1,,,,,"",""
ball,1,15.7,South Australia,HJ Hunt,JJS Sangha,L Neil-Smith,0,0,,,,,,"",""
ball,1,16.1,South Australia,JJS Sangha,HJ Hunt,RP Meredith,0,0,,,,,,"",""
ball,1,16.2,South Australia,JJS Sangha,HJ Hunt,RP Meredith,0,0,,,,,,"",""
ball,1,16.3,South Australia,JJS Sangha,HJ Hunt,RP Meredith,0,0,,,,,,"",""
ball,1,16.4,South Australia,JJS Sangha,HJ Hunt,RP Meredith,1,0,,,,,,"",""
ball,1,16.5,South Australia,HJ Hunt,JJS Sangha,RP Meredith,1,0,,,,,,"",""
ball,1,16.6,South Australia,JJS Sangha,HJ Hunt,RP Meredith,0,0,,,,,,"",""
ball,1,17.1,South Australia,HJ Hunt,JJS Sangha,L Neil-Smith,1,0,,,,,,"",""
ball,1,17.2,South Australia,JJS Sangha,HJ Hunt,L Neil-Smith,0,0,,,,,,"",""
ball,1,17.3,South Australia,JJS Sangha,HJ Hunt,L Neil-Smith,1,0,,,,,,"",""
ball,1,17.4,South Australia,HJ Hunt,JJS Sangha,L Neil-Smith,0,0,,,,,,"",""
ball,1,17.5,South Australia,HJ Hunt,JJS Sangha,L Neil-Smith,0,0,,,,,,"",""
ball,1,17.6,South Australia,HJ Hunt,JJS Sangha,L Neil-Smith,0,0,,,,,,"",""
ball,1,18.1,South Australia,JJS Sangha,HJ Hunt,MJ Owen,4,0,,,,,,"",""
ball,1,18.2,South Australia,JJS Sangha,HJ Hunt,MJ Owen,4,0,,,,,,"",""
ball,1,18.3,South Australia,JJS Sangha,HJ Hunt,MJ Owen,0,2,,,,2,,"",""
ball,1,18.4,South Australia,JJS Sangha,HJ Hunt,MJ Owen,0,0,,,,,,"",""
ball,1,18.5,South Australia,JJS Sangha,HJ Hunt,MJ Owen,4,0,,,,,,"",""
ball,1,18.6,South Australia,JJS Sangha,HJ Hunt,MJ Owen,1,0,,,,,,"",""
ball,1,19.1,South Australia,JJS Sangha,HJ Hunt,L Neil-Smith,0,0,,,,,,"",""
ball,1,19.2,South Australia,JJS Sangha,HJ Hunt,L Neil-Smith,0,0,,,,,,"",""
ball,1,19.3,South Australia,JJS Sangha,HJ Hunt,L Neil-Smith,1,0,,,,,,"",""
ball,1,19.4,South Australia,HJ Hunt,JJS Sangha,L Neil-Smith,0,0,,,,,,"",""
ball,1,19.5,South Australia,HJ Hunt,JJS Sangha,L Neil-Smith,0,0,,,,,,"",""
ball,1,19.6,South Australia,HJ Hunt,JJS Sangha,L Neil-Smith,1,0,,,,,,"",""
ball,1,20.1,South Australia,HJ Hunt,JJS Sangha,MJ Owen,1,0,,,,,,"",""
ball,1,20.2,South Australia,JJS Sangha,HJ Hunt,MJ Owen,0,0,,,,,,"",""
ball,1,20.3,South Australia,JJS Sangha,HJ Hunt,MJ Owen,0,0,,,,,,"",""
ball,1,20.4,South Australia,JJS Sangha,HJ Hunt,MJ Owen,0,0,,,,,,"",""
ball,1,20.5,South Australia,JJS Sangha,HJ Hunt,MJ Owen,1,0,,,,,,"",""
ball,1,20.6,South Australia,HJ Hunt,JJS Sangha,MJ Owen,1,0,,,,,,"",""
ball,1,21.1,South Australia,HJ Hunt,JJS Sangha,RP Meredith,3,0,,,,,,"",""
ball,1,21.2,South Australia,JJS Sangha,HJ Hunt,RP Meredith,2,0,,,,,,"",""
ball,1,21.3,South Australia,JJS Sangha,HJ Hunt,RP Meredith,3,0,,,,,,"",""
ball,1,21.4,South Australia,HJ Hunt,JJS Sangha,RP Meredith,0,0,,,,,,"",""
ball,1,21.5,South Australia,HJ Hunt,JJS Sangha,RP Meredith,1,0,,,,,,"",""
ball,1,21.6,South Australia,JJS Sangha,HJ Hunt,RP Meredith,0,0,,,,,,"",""
ball,1,22.1,South Australia,HJ Hunt,JJS Sangha,MP Kuhnemann,1,0,,,,,,"",""
ball,1,22.2,South Australia,JJS Sangha,HJ Hunt,MP Kuhnemann,0,0,,,,,,"",""
ball,1,22.3,South Australia,JJS Sangha,HJ Hunt,MP Kuhnemann,0,0,,,,,,"",""
ball,1,22.4,South Australia,JJS Sangha,HJ Hunt,MP Kuhnemann,0,0,,,,,,"",""
ball,1,22.5,South Australia,JJS Sangha,HJ Hunt,MP Kuhnemann,3,0,,,,,,"",""
ball,1,22.6,South Australia,HJ Hunt,JJS Sangha,MP Kuhnemann,0,0,,,,,,"",""
ball,1,23.1,South Australia,JJS Sangha,HJ Hunt,RP Meredith,0,0,,,,,,"",""
ball,1,23.2,South Australia,JJS Sangha,HJ Hunt,RP Meredith,1,0,,,,,,"",""
ball,1,23.3,South Australia,HJ Hunt,JJS Sangha,RP Meredith,1,0,,,,,,"",""
ball,1,23.4,South Australia,JJS Sangha,HJ Hunt,RP Meredith,4,0,,,,,,"",""
ball,1,23.5,South Australia,JJS Sangha,HJ Hunt,RP Meredith,0,0,,,,,,"",""
ball,1,23.6,South Australia,JJS Sangha,HJ Hunt,RP Meredith,0,0,,,,,,"",""
ball,1,24.1,South Australia,HJ Hunt,JJS Sangha,MP Kuhnemann,0,0,,,,,,"",""
ball,1,24.2,South Australia,HJ Hunt,JJS Sangha,MP Kuhnemann,0,2,,,,2,,"",""
ball,1,24.3,South Australia,HJ Hunt,JJS Sangha,MP Kuhnemann,0,0,,,,,,"",""
ball,1,24.4,South Australia,HJ Hunt,JJS Sangha,MP Kuhnemann,0,0,,,,,,"",""
ball,1,24.5,South Australia,HJ Hunt,JJS Sangha,MP Kuhnemann,0,0,,,,,,"",""
ball,1,24.6,South Australia,HJ Hunt,JJS Sangha,MP Kuhnemann,1,0,,,,,,"",""
ball,1,25.1,South Australia,HJ Hunt,JJS Sangha,BM Hope,0,0,,,,,,"",""
ball,1,25.2,South Australia,HJ Hunt,JJS Sangha,BM Hope,0,0,,,,,,"",""
ball,1,25.3,South Australia,HJ Hunt,JJS Sangha,BM Hope,1,0,,,,,,"",""
ball,1,25.4,South Australia,JJS Sangha,HJ Hunt,BM Hope,0,0,,,,,,"",""
ball,1,25.5,South Australia,JJS Sangha,HJ Hunt,BM Hope,0,0,,,,,,"",""
ball,1,25.6,South Australia,JJS Sangha,HJ Hunt,BM Hope,0,0,,,,,,"",""
ball,1,26.1,South Australia,HJ Hunt,JJS Sangha,MP Kuhnemann,1,0,,,,,,"",""
ball,1,26.2,South Australia,JJS Sangha,HJ Hunt,MP Kuhnemann,0,0,,,,,,"",""
ball,1,26.3,South Australia,JJS Sangha,HJ Hunt,MP Kuhnemann,0,0,,,,,,"",""
ball,1,26.4,South Australia,JJS Sangha,HJ Hunt,MP Kuhnemann,1,0,,,,,,"",""
ball,1,26.5,South Australia,HJ Hunt,JJS Sangha,MP Kuhnemann,0,0,,,,,,"",""
ball,1,26.6,South Australia,HJ Hunt,JJS Sangha,MP Kuhnemann,0,0,,,,,,"",""
ball,1,27.1,South Australia,JJS Sangha,HJ Hunt,BM Hope,0,0,,,,,,"",""
ball,1,27.2,South Australia,JJS Sangha,HJ Hunt,BM Hope,0,0,,,,,,"",""
ball,1,27.3,South Australia,JJS Sangha,HJ Hunt,BM Hope,0,0,,,,,,"",""
ball,1,27.4,South Australia,JJS Sangha,HJ Hunt,BM Hope,1,0,,,,,,"",""
ball,1,27.5,South Australia,HJ Hunt,JJS Sangha,BM Hope,0,0,,,,,,"",""
ball,1,27.6,South Australia,HJ Hunt,JJS Sangha,BM Hope,0,0,,,,,,"",""
ball,1,28.1,South Australia,JJS Sangha,HJ Hunt,GT Bell,1,0,,,,,,"",""
ball,1,28.2,South Australia,HJ Hunt,JJS Sangha,GT Bell,0,0,,,,,,"",""
ball,1,28.3,South Australia,HJ Hunt,JJS Sangha,GT Bell,0,0,,,,,,"",""
ball,1,28.4,South Australia,HJ Hunt,JJS Sangha,GT Bell,0,0,,,,,,"",""
ball,1,28.5,South Australia,HJ Hunt,JJS Sangha,GT Bell,0,0,,,,,,"",""
ball,1,28.6,South Australia,HJ Hunt,JJS Sangha,GT Bell,0,0,,,,,,"",""
ball,1,29.1,South Australia,JJS Sangha,HJ Hunt,L Neil-Smith,1,0,,,,,,"",""
ball,1,29.2,South Australia,HJ Hunt,JJS Sangha,L Neil-Smith,0,0,,,,,,"",""
ball,1,29.3,South Australia,HJ Hunt,JJS Sangha,L Neil-Smith,0,0,,,,,,"",""
ball,1,29.4,South Australia,HJ Hunt,JJS Sangha,L Neil-Smith,2,0,,,,,,"",""
ball,1,29.5,South Australia,HJ Hunt,JJS Sangha,L Neil-Smith,3,0,,,,,,"",""
ball,1,29.6,South Australia,JJS Sangha,HJ Hunt,L Neil-Smith,0,0,,,,,,"",""
ball,1,30.1,South Australia,HJ Hunt,JJS Sangha,GT Bell,0,0,,,,,,"",""
ball,1,30.2,South Australia,HJ Hunt,JJS Sangha,GT Bell,0,1,,,,1,,"",""
ball,1,30.3,South Australia,JJS Sangha,HJ Hunt,GT Bell,0,4,,,4,,,"",""
ball,1,30.4,South Australia,JJS Sangha,HJ Hunt,GT Bell,1,0,,,,,,"",""
ball,1,30.5,South Australia,HJ Hunt,JJS Sangha,GT Bell,0,0,,,,,,"",""
ball,1,30.6,South Australia,HJ Hunt,JJS Sangha,GT Bell,0,0,,,,,,"",""
ball,1,31.1,South Australia,JJS Sangha,HJ Hunt,L Neil-Smith,1,0,,,,,,"",""
ball,1,31.2,South Australia,HJ Hunt,JJS Sangha,L Neil-Smith,0,0,,,,,,"",""
ball,1,31.3,South Australia,HJ Hunt,JJS Sangha,L Neil-Smith,4,0,,,,,,"",""
ball,1,31.4,South Australia,HJ Hunt,JJS Sangha,L Neil-Smith,0,0,,,,,,"",""
ball,1,31.5,South Australia,HJ Hunt,JJS Sangha,L Neil-Smith,0,0,,,,,,"",""
ball,1,31.6,South Australia,HJ Hunt,JJS Sangha,L Neil-Smith,0,0,,,,,,"",""
ball,1,32.1,South Australia,JJS Sangha,HJ Hunt,GT Bell,0,0,,,,,,"",""
ball,1,32.2,South Australia,JJS Sangha,HJ Hunt,GT Bell,0,4,,,4,,,"",""
ball,1,32.3,South Australia,JJS Sangha,HJ Hunt,GT Bell,0,0,,,,,,"",""
ball,1,32.4,South Australia,JJS Sangha,HJ Hunt,GT Bell,0,0,,,,,,"",""
ball,1,32.5,South Australia,JJS Sangha,HJ Hunt,GT Bell,0,0,,,,,,"",""
ball,1,32.6,South Australia,JJS Sangha,HJ Hunt,GT Bell,0,0,,,,,,"",""
ball,1,33.1,South Australia,HJ Hunt,JJS Sangha,L Neil-Smith,0,0,,,,,,"",""
ball,1,33.2,South Australia,HJ Hunt,JJS Sangha,L Neil-Smith,0,0,,,,,,"",""
ball,1,33.3,South Australia,HJ Hunt,JJS Sangha,L Neil-Smith,0,0,,,,,,"",""
ball,1,33.4,South Australia,HJ Hunt,JJS Sangha,L Neil-Smith,0,0,,,,,,"",""
ball,1,33.5,South Australia,HJ Hunt,JJS Sangha,L Neil-Smith,0,0,,,,,,"",""
ball,1,33.6,South Australia,HJ Hunt,JJS Sangha,L Neil-Smith,0,0,,,,,,"",""
ball,1,34.1,South Australia,JJS Sangha,HJ Hunt,GT Bell,0,0,,,,,,"",""
ball,1,34.2,South Australia,JJS Sangha,HJ Hunt,GT Bell,0,0,,,,,,"",""
ball,1,34.3,South Australia,JJS Sangha,HJ Hunt,GT Bell,1,0,,,,,,"",""
ball,1,34.4,South Australia,HJ Hunt,JJS Sangha,GT Bell,2,0,,,,,,"",""
ball,1,34.5,South Australia,HJ Hunt,JJS Sangha,GT Bell,0,0,,,,,,"",""
ball,1,34.6,South Australia,HJ Hunt,JJS Sangha,GT Bell,0,0,,,,,,"",""
ball,1,35.1,South Australia,JJS Sangha,HJ Hunt,L Neil-Smith,0,0,,,,,,"",""
ball,1,35.2,South Australia,JJS Sangha,HJ Hunt,L Neil-Smith,0,0,,,,,,"",""
ball,1,35.3,South Australia,JJS Sangha,HJ Hunt,L Neil-Smith,0,0,,,,,,"",""
ball,1,35.4,South Australia,JJS Sangha,HJ Hunt,L Neil-Smith,4,0,,,,,,"",""
ball,1,35.5,South Australia,JJS Sangha,HJ Hunt,L Neil-Smith,0,0,,,,,,"",""
ball,1,35.6,South Australia,JJS Sangha,HJ Hunt,L Neil-Smith,0,0,,,,,,"",""
ball,1,36.1,South Australia,HJ Hunt,JJS Sangha,MP Kuhnemann,0,0,,,,,,"",""
ball,1,36.2,South Australia,HJ Hunt,JJS Sangha,MP Kuhnemann,0,0,,,,,,"",""
ball,1,36.3,South Australia,HJ Hunt,JJS Sangha,MP Kuhnemann,0,0,,,,,,"",""
ball,1,36.4,South Australia,HJ Hunt,JJS Sangha,MP Kuhnemann,0,0,,,,,,"",""
ball,1,36.5,South Australia,HJ Hunt,JJS Sangha,MP Kuhnemann,0,0,,,,,,"",""
ball,1,36.6,South Australia,HJ Hunt,JJS Sangha,MP Kuhnemann,0,0,,,,,,"",""
ball,1,37.1,South Australia,JJS Sangha,HJ Hunt,RP Meredith,4,0,,,,,,"",""
ball,1,37.2,South Australia,JJS Sangha,HJ Hunt,RP Meredith,0,0,,,,,,"",""
ball,1,37.3,South Australia,JJS Sangha,HJ Hunt,RP Meredith,1,0,,,,,,"",""
ball,1,37.4,South Australia,HJ Hunt,JJS Sangha,RP Meredith,4,0,,,,,,"",""
ball,1,37.5,South Australia,HJ Hunt,JJS Sangha,RP Meredith,3,0,,,,,,"",""
ball,1,37.6,South Australia,JJS Sangha,HJ Hunt,RP Meredith,3,0,,,,,,"",""
ball,1,38.1,South Australia,JJS Sangha,HJ Hunt,MP Kuhnemann,0,0,,,,,,"",""
ball,1,38.2,South Australia,JJS Sangha,HJ Hunt,MP Kuhnemann,1,0,,,,,,"",""
ball,1,38.3,South Australia,HJ Hunt,JJS Sangha,MP Kuhnemann,0,0,,,,,,"",""
ball,1,38.4,South Australia,HJ Hunt,JJS Sangha,MP Kuhnemann,0,0,,,,,,"",""
ball,1,38.5,South Australia,HJ Hunt,JJS Sangha,MP Kuhnemann,0,0,,,,,,"",""
ball,1,38.6,South Australia,HJ Hunt,JJS Sangha,MP Kuhnemann,0,0,,,,,,"",""
ball,1,39.1,South Australia,JJS Sangha,HJ Hunt,RP Meredith,0,0,,,,,,"",""
ball,1,39.2,South Australia,JJS Sangha,HJ Hunt,RP Meredith,0,0,,,,,,"",""
ball,1,39.3,South Australia,JJS Sangha,HJ Hunt,RP Meredith,1,0,,,,,,"",""
ball,1,39.4,South Australia,HJ Hunt,JJS Sangha,RP Meredith,0,0,,,,,,"",""
ball,1,39.5,South Australia,HJ Hunt,JJS Sangha,RP Meredith,0,0,,,,,,"",""
ball,1,39.6,South Australia,HJ Hunt,JJS Sangha,RP Meredith,0,0,,,,,,"",""
ball,1,40.1,South Australia,JJS Sangha,HJ Hunt,MP Kuhnemann,4,0,,,,,,"",""
ball,1,40.2,South Australia,JJS Sangha,HJ Hunt,MP Kuhnemann,0,0,,,,,,"",""
ball,1,40.3,South Australia,JJS Sangha,HJ Hunt,MP Kuhnemann,4,0,,,,,,"",""
ball,1,40.4,South Australia,JJS Sangha,HJ Hunt,MP Kuhnemann,0,0,,,,,,"",""
ball,1,40.5,South Australia,JJS Sangha,HJ Hunt,MP Kuhnemann,0,0,,,,,,"",""
ball,1,40.6,South Australia,JJS Sangha,HJ Hunt,MP Kuhnemann,0,0,,,,,,"",""
ball,1,41.1,South Australia,HJ Hunt,JJS Sangha,RP Meredith,1,0,,,,,,"",""
ball,1,41.2,South Australia,JJS Sangha,HJ Hunt,RP Meredith,1,0,,,,,,"",""
ball,1,41.3,South Australia,HJ Hunt,JJS Sangha,RP Meredith,1,0,,,,,,"",""
ball,1,41.4,South Australia,JJS Sangha,HJ Hunt,RP Meredith,0,0,,,,,,"",""
ball,1,41.5,South Australia,JJS Sangha,HJ Hunt,RP Meredith,0,0,,,,,,"",""
ball,1,41.6,South Australia,JJS Sangha,HJ Hunt,RP Meredith,0,0,,,,,,"",""
ball,1,42.1,South Australia,HJ Hunt,JJS Sangha,MP Kuhnemann,0,0,,,,,,"",""
ball,1,42.2,South Australia,HJ Hunt,JJS Sangha,MP Kuhnemann,0,0,,,,,,"",""
ball,1,42.3,South Australia,HJ Hunt,JJS Sangha,MP Kuhnemann,1,0,,,,,,"",""
ball,1,42.4,South Australia,JJS Sangha,HJ Hunt,MP Kuhnemann,0,0,,,,,,"",""
ball,1,42.5,South Australia,JJS Sangha,HJ Hunt,MP Kuhnemann,0,0,,,,,,"",""
ball,1,42.6,South Australia,JJS Sangha,HJ Hunt,MP Kuhnemann,0,0,,,,,,"",""
ball,1,43.1,South Australia,HJ Hunt,JJS Sangha,RP Meredith,0,0,,,,,,"",""
ball,1,43.2,South Australia,HJ Hunt,JJS Sangha,RP Meredith,0,0,,,,,,"",""
ball,1,43.3,South Australia,HJ Hunt,JJS Sangha,RP Meredith,0,0,,,,,,"",""
ball,1,43.4,South Australia,HJ Hunt,JJS Sangha,RP Meredith,0,0,,,,,,"",""
ball,1,43.5,South Australia,HJ Hunt,JJS Sangha,RP Meredith,0,0,,,,,,"",""
ball,1,43.6,South Australia,HJ Hunt,JJS Sangha,RP Meredith,0,0,,,,,,"",""
ball,1,44.1,South Australia,JJS Sangha,HJ Hunt,MP Kuhnemann,2,0,,,,,,"",""
ball,1,44.2,South Australia,JJS Sangha,HJ Hunt,MP Kuhnemann,0,0,,,,,,"",""
ball,1,44.3,South Australia,JJS Sangha,HJ Hunt,MP Kuhnemann,0,0,,,,,,"",""
ball,1,44.4,South Australia,JJS Sangha,HJ Hunt,MP Kuhnemann,0,0,,,,,,"",""
ball,1,44.5,South Australia,JJS Sangha,HJ Hunt,MP Kuhnemann,0,0,,,,,,"",""
ball,1,44.6,South Australia,JJS Sangha,HJ Hunt,MP Kuhnemann,0,0,,,,,,"",""
ball,1,45.1,South Australia,HJ Hunt,JJS Sangha,RP Meredith,0,0,,,,,,"",""
ball,1,45.2,South Australia,HJ Hunt,JJS Sangha,RP Meredith,1,0,,,,,,"",""
ball,1,45.3,South Australia,JJS Sangha,HJ Hunt,RP Meredith,0,0,,,,,,"",""
ball,1,45.4,South Australia,JJS Sangha,HJ Hunt,RP Meredith,4,0,,,,,,"",""
ball,1,45.5,South Australia,JJS Sangha,HJ Hunt,RP Meredith,0,0,,,,,,"",""
ball,1,45.6,South Australia,JJS Sangha,HJ Hunt,RP Meredith,0,0,,,,,,"",""
ball,1,46.1,South Australia,HJ Hunt,JJS Sangha,MP Kuhnemann,0,0,,,,,,"",""
ball,1,46.2,South Australia,HJ Hunt,JJS Sangha,MP Kuhnemann,0,0,,,,,,"",""
ball,1,46.3,South Australia,HJ Hunt,JJS Sangha,MP Kuhnemann,0,0,,,,,,"",""
ball,1,46.4,South Australia,HJ Hunt,JJS Sangha,MP Kuhnemann,0,0,,,,,,"",""
ball,1,46.5,South Australia,HJ Hunt,JJS Sangha,MP Kuhnemann,0,0,,,,,,"",""
ball,1,46.6,South Australia,HJ Hunt,JJS Sangha,MP Kuhnemann,0,0,,,,,,"",""
ball,1,47.1,South Australia,JJS Sangha,HJ Hunt,MJ Owen,1,0,,,,,,"",""
ball,1,47.2,South Australia,HJ Hunt,JJS Sangha,MJ Owen,0,0,,,,,,"",""
ball,1,47.3,South Australia,HJ Hunt,JJS Sangha,MJ Owen,1,0,,,,,,"",""
ball,1,47.4,South Australia,JJS Sangha,HJ Hunt,MJ Owen,1,0,,,,,,"",""
ball,1,47.5,South Australia,HJ Hunt,JJS Sangha,MJ Owen,1,0,,,,,,"",""
ball,1,47.6,South Australia,JJS Sangha,HJ Hunt,MJ Owen,0,0,,,,,,"",""
ball,1,48.1,South Australia,HJ Hunt,JJS Sangha,MP Kuhnemann,0,0,,,,,,"",""
ball,1,48.2,South Australia,HJ Hunt,JJS Sangha,MP Kuhnemann,0,0,,,,,,"",""
ball,1,48.3,South Australia,HJ Hunt,JJS Sangha,MP Kuhnemann,0,0,,,,,,"",""
ball,1,48.4,South Australia,HJ Hunt,JJS Sangha,MP Kuhnemann,0,0,,,,,,"",""
ball,1,48.5,South Australia,HJ Hunt,JJS Sangha,MP Kuhnemann,0,0,,,,,,"",""
ball,1,48.6,South Australia,HJ Hunt,JJS Sangha,MP Kuhnemann,0,0,,,,,,"",""
ball,1,49.1,South Australia,JJS Sangha,HJ Hunt,MJ Owen,1,0,,,,,,"",""
ball,1,49.2,South Australia,HJ Hunt,JJS Sangha,MJ Owen,2,0,,,,,,"",""
ball,1,49.3,South Australia,HJ Hunt,JJS Sangha,MJ Owen,1,0,,,,,,"",""
ball,1,49.4,South Australia,JJS Sangha,HJ Hunt,MJ Owen,0,0,,,,,,"",""
ball,1,49.5,South Australia,JJS Sangha,HJ Hunt,MJ Owen,1,0,,,,,,"",""
ball,1,49.6,South Australia,HJ Hunt,JJS Sangha,MJ Owen,3,0,,,,,,"",""
ball,1,50.1,South Australia,HJ Hunt,JJS Sangha,MP Kuhnemann,1,0,,,,,,"",""
ball,1,50.2,South Australia,JJS Sangha,HJ Hunt,MP Kuhnemann,0,0,,,,,,"",""
ball,1,50.3,South Australia,JJS Sangha,HJ Hunt,MP Kuhnemann,4,0,,,,,,"",""
ball,1,50.4,South Australia,JJS Sangha,HJ Hunt,MP Kuhnemann,2,0,,,,,,"",""
ball,1,50.5,South Australia,JJS Sangha,HJ Hunt,MP Kuhnemann,0,0,,,,,,"",""
ball,1,50.6,South Australia,JJS Sangha,HJ Hunt,MP Kuhnemann,0,0,,,,,,"",""
ball,1,51.1,South Australia,HJ Hunt,JJS Sangha,GT Bell,0,0,,,,,,"",""
ball,1,51.2,South Australia,HJ Hunt,JJS Sangha,GT Bell,0,0,,,,,,"",""
ball,1,51.3,South Australia,HJ Hunt,JJS Sangha,GT Bell,0,0,,,,,,"",""
ball,1,51.4,South Australia,HJ Hunt,JJS Sangha,GT Bell,0,0,,,,,,"",""
ball,1,51.5,South Australia,HJ Hunt,JJS Sangha,GT Bell,0,0,,,,,,"",""
ball,1,51.6,South Australia,HJ Hunt,JJS Sangha,GT Bell,0,0,,,,,,"",""
ball,1,52.1,South Australia,JJS Sangha,HJ Hunt,MP Kuhnemann,0,0,,,,,,"",""
ball,1,52.2,South Australia,JJS Sangha,HJ Hunt,MP Kuhnemann,1,0,,,,,,"",""
ball,1,52.3,South Australia,HJ Hunt,JJS Sangha,MP Kuhnemann,0,0,,,,,,"",""
ball,1,52.4,South Australia,HJ Hunt,JJS Sangha,MP Kuhnemann,0,0,,,,,,"",""
ball,1,52.5,South Australia,HJ Hunt,JJS Sangha,MP Kuhnemann,0,0,,,,,,"",""
ball,1,52.6,South Australia,HJ Hunt,JJS Sangha,MP Kuhnemann,3,0,,,,,,"",""
ball,1,53.1,South Australia,HJ Hunt,JJS Sangha,GT Bell,0,0,,,,,,"",""
ball,1,53.2,South Australia,HJ Hunt,JJS Sangha,GT Bell,0,0,,,,,,"",""
ball,1,53.3,South Australia,HJ Hunt,JJS Sangha,GT Bell,4,0,,,,,,"",""
ball,1,53.4,South Australia,HJ Hunt,JJS Sangha,GT Bell,2,0,,,,,,"",""
ball,1,53.5,South Australia,HJ Hunt,JJS Sangha,GT Bell,0,0,,,,,,"",""
ball,1,53.6,South Australia,HJ Hunt,JJS Sangha,GT Bell,0,0,,,,,,"",""
ball,1,54.1,South Australia,JJS Sangha,HJ Hunt,L Neil-Smith,0,0,,,,,,"",""
ball,1,54.2,South Australia,JJS Sangha,HJ Hunt,L Neil-Smith,0,0,,,,,,"",""
ball,1,54.3,South Australia,JJS Sangha,HJ Hunt,L Neil-Smith,1,0,,,,,,"",""
ball,1,54.4,South Australia,HJ Hunt,JJS Sangha,L Neil-Smith,1,0,,,,,,"",""
ball,1,54.5,South Australia,JJS Sangha,HJ Hunt,L Neil-Smith,1,0,,,,,,"",""
ball,1,54.6,South Australia,HJ Hunt,JJS Sangha,L Neil-Smith,0,0,,,,,,"",""
ball,1,55.1,South Australia,JJS Sangha,HJ Hunt,GT Bell,0,0,,,,,,"",""
ball,1,55.2,South Australia,JJS Sangha,HJ Hunt,GT Bell,0,0,,,,,,"",""
ball,1,55.3,South Australia,JJS Sangha,HJ Hunt,GT Bell,0,0,,,,,,"",""
ball,1,55.4,South Australia,JJS Sangha,HJ Hunt,GT Bell,0,0,,,,,,"",""
ball,1,55.5,South Australia,JJS Sangha,HJ Hunt,GT Bell,0,0,,,,,,"",""
ball,1,55.6,South Australia,JJS Sangha,HJ Hunt,GT Bell,0,0,,,,,,"",""
ball,1,56.1,South Australia,HJ Hunt,JJS Sangha,L Neil-Smith,0,0,,,,,,"",""
ball,1,56.2,South Australia,HJ Hunt,JJS Sangha,L Neil-Smith,1,0,,,,,,"",""
ball,1,56.3,South Australia,JJS Sangha,HJ Hunt,L Neil-Smith,1,0,,,,,,"",""
ball,1,56.4,South Australia,HJ Hunt,JJS Sangha,L Neil-Smith,0,0,,,,,,"",""
ball,1,56.5,South Australia,HJ Hunt,JJS Sangha,L Neil-Smith,0,0,,,,,,"",""
ball,1,56.6,South Australia,HJ Hunt,JJS Sangha,L Neil-Smith,0,1,,,,1,,"",""
ball,1,57.1,South Australia,HJ Hunt,JJS Sangha,GT Bell,0,0,,,,,,"",""
ball,1,57.2,South Australia,HJ Hunt,JJS Sangha,GT Bell,0,0,,,,,,"",""
ball,1,57.3,South Australia,HJ Hunt,JJS Sangha,GT Bell,0,0,,,,,,"",""
ball,1,57.4,South Australia,HJ Hunt,JJS Sangha,GT Bell,1,0,,,,,,"",""
ball,1,57.5,South Australia,JJS Sangha,HJ Hunt,GT Bell,0,0,,,,,,"",""
ball,1,57.6,South Australia,JJS Sangha,HJ Hunt,GT Bell,0,0,,,,,,"",""
ball,1,58.1,South Australia,HJ Hunt,JJS Sangha,L Neil-Smith,1,0,,,,,,"",""
ball,1,58.2,South Australia,JJS Sangha,HJ Hunt,L Neil-Smith,0,0,,,,,,"",""
ball,1,58.3,South Australia,JJS Sangha,HJ Hunt,L Neil-Smith,0,0,,,,,,"",""
ball,1,58.4,South Australia,JJS Sangha,HJ Hunt,L Neil-Smith,0,0,,,,,,"",""
ball,1,58.5,South Australia,JJS Sangha,HJ Hunt,L Neil-Smith,0,0,,,,,,"",""
ball,1,58.6,South Australia,JJS Sangha,HJ Hunt,L Neil-Smith,4,0,,,,,,"",""
ball,1,59.1,South Australia,HJ Hunt,JJS Sangha,GT Bell,0,0,,,,,,"",""
ball,1,59.2,South Australia,HJ Hunt,JJS Sangha,GT Bell,1,0,,,,,,"",""
ball,1,59.3,South Australia,JJS Sangha,HJ Hunt,GT Bell,0,0,,,,,,"",""
ball,1,59.4,South Australia,JJS Sangha,HJ Hunt,GT Bell,0,0,,,,,,"",""
ball,1,59.5,South Australia,JJS Sangha,HJ Hunt,GT Bell,0,0,,,,,,"",""
ball,1,59.6,South Australia,JJS Sangha,HJ Hunt,GT Bell,0,0,,,,,,"",""
ball,1,60.1,South Australia,HJ Hunt,JJS Sangha,RP Meredith,1,0,,,,,,"",""
ball,1,60.2,South Australia,JJS Sangha,HJ Hunt,RP Meredith,0,0,,,,,,"",""
ball,1,60.3,South Australia,JJS Sangha,HJ Hunt,RP Meredith,0,0,,,,,,"",""
ball,1,60.4,South Australia,JJS Sangha,HJ Hunt,RP Meredith,0,0,,,,,,"",""
ball,1,60.5,South Australia,JJS Sangha,HJ Hunt,RP Meredith,2,0,,,,,,"",""
ball,1,60.6,South Australia,JJS Sangha,HJ Hunt,RP Meredith,2,0,,,,,,"",""
ball,1,61.1,South Australia,HJ Hunt,JJS Sangha,MP Kuhnemann,0,0,,,,,,"",""
ball,1,61.2,South Australia,HJ Hunt,JJS Sangha,MP Kuhnemann,0,0,,,,,,"",""
ball,1,61.3,South Australia,HJ Hunt,JJS Sangha,MP Kuhnemann,1,0,,,,,,"",""
ball,1,61.4,South Australia,JJS Sangha,HJ Hunt,MP Kuhnemann,0,0,,,,,,"",""
ball,1,61.5,South Australia,JJS Sangha,HJ Hunt,MP Kuhnemann,0,0,,,,,,"",""
ball,1,61.6,South Australia,JJS Sangha,HJ Hunt,MP Kuhnemann,0,0,,,,,,"",""
ball,1,62.1,South Australia,HJ Hunt,JJS Sangha,RP Meredith,4,0,,,,,,"",""
ball,1,62.2,South Australia,HJ Hunt,JJS Sangha,RP Meredith,0,0,,,,,,"",""
ball,1,62.3,South Australia,HJ Hunt,JJS Sangha,RP Meredith,0,0,,,,,,"",""
ball,1,62.4,South Australia,HJ Hunt,JJS Sangha,RP Meredith,0,0,,,,,,"",""
ball,1,62.5,South Australia,HJ Hunt,JJS Sangha,RP Meredith,0,0,,,,,,"",""
ball,1,62.6,South Australia,HJ Hunt,JJS Sangha,RP Meredith,0,0,,,,,,"",""
ball,1,63.1,South Australia,JJS Sangha,HJ Hunt,MP Kuhnemann,0,0,,,,,,"",""
ball,1,63.2,South Australia,JJS Sangha,HJ Hunt,MP Kuhnemann,1,0,,,,,,"",""
ball,1,63.3,South Australia,HJ Hunt,JJS Sangha,MP Kuhnemann,0,0,,,,,,"",""
ball,1,63.4,South Australia,HJ Hunt,JJS Sangha,MP Kuhnemann,1,0,,,,,,"",""
ball,1,63.5,South Australia,JJS Sangha,HJ Hunt,MP Kuhnemann,1,0,,,,,,"",""
ball,1,63.6,South Australia,HJ Hunt,JJS Sangha,MP Kuhnemann,0,0,,,,,,"",""
ball,1,64.1,South Australia,JJS Sangha,HJ Hunt,RP Meredith,1,0,,,,,,"",""
ball,1,64.2,South Australia,HJ Hunt,JJS Sangha,RP Meredith,0,0,,,,,,"",""
ball,1,64.3,South Australia,HJ Hunt,JJS Sangha,RP Meredith,0,0,,,,,,"",""
ball,1,64.4,South Australia,HJ Hunt,JJS Sangha,RP Meredith,0,0,,,,,,"",""
ball,1,64.5,South Australia,HJ Hunt,JJS Sangha,RP Meredith,0,0,,,,,,"",""
ball,1,64.6,South Australia,HJ Hunt,JJS Sangha,RP Meredith,1,0,,,,,,"",""
ball,1,65.1,South Australia,HJ Hunt,JJS Sangha,MP Kuhnemann,1,0,,,,,,"",""
ball,1,65.2,South Australia,JJS Sangha,HJ Hunt,MP Kuhnemann,0,0,,,,,,"",""
ball,1,65.3,South Australia,JJS Sangha,HJ Hunt,MP Kuhnemann,0,0,,,,,,"",""
ball,1,65.4,South Australia,JJS Sangha,HJ Hunt,MP Kuhnemann,0,0,,,,,,"",""
ball,1,65.5,South Australia,JJS Sangha,HJ Hunt,MP Kuhnemann,0,0,,,,,,"",""
ball,1,65.6,South Australia,JJS Sangha,HJ Hunt,MP Kuhnemann,0,0,,,,,,"",""
ball,1,66.1,South Australia,HJ Hunt,JJS Sangha,RP Meredith,0,0,,,,,,"",""
ball,1,66.2,South Australia,HJ Hunt,JJS Sangha,RP Meredith,0,0,,,,,,"",""
ball,1,66.3,South Australia,HJ Hunt,JJS Sangha,RP Meredith,3,0,,,,,,"",""
ball,1,66.4,South Australia,JJS Sangha,HJ Hunt,RP Meredith,6,0,,,,,,"",""
ball,1,66.5,South Australia,JJS Sangha,HJ Hunt,RP Meredith,4,0,,,,,,"",""
ball,1,66.6,South Australia,JJS Sangha,HJ Hunt,RP Meredith,0,0,,,,,,"",""
ball,1,67.1,South Australia,HJ Hunt,JJS Sangha,MJ Owen,0,0,,,,,,"",""
ball,1,67.2,South Australia,HJ Hunt,JJS Sangha,MJ Owen,0,0,,,,,,"",""
ball,1,67.3,South Australia,HJ Hunt,JJS Sangha,MJ Owen,0,0,,,,,,"",""
ball,1,67.4,South Australia,HJ Hunt,JJS Sangha,MJ Owen,4,0,,,,,,"",""
ball,1,67.5,South Australia,HJ Hunt,JJS Sangha,MJ Owen,0,0,,,,,,"",""
ball,1,67.6,South Australia,HJ Hunt,JJS Sangha,MJ Owen,1,0,,,,,,"",""
ball,1,68.1,South Australia,HJ Hunt,JJS Sangha,MP Kuhnemann,0,0,,,,,,"",""
ball,1,68.2,South Australia,HJ Hunt,JJS Sangha,MP Kuhnemann,4,0,,,,,,"",""
ball,1,68.3,South Australia,HJ Hunt,JJS Sangha,MP Kuhnemann,0,0,,,,,,"",""
ball,1,68.4,South Australia,HJ Hunt,JJS Sangha,MP Kuhnemann,1,0,,,,,,"",""
ball,1,68.5,South Australia,JJS Sangha,HJ Hunt,MP Kuhnemann,0,0,,,,,,"",""
ball,1,68.6,South Australia,JJS Sangha,HJ Hunt,MP Kuhnemann,0,0,,,,,,"",""
ball,1,69.1,South Australia,HJ Hunt,JJS Sangha,MJ Owen,0,0,,,,,,"",""
ball,1,69.2,South Australia,HJ Hunt,JJS Sangha,MJ Owen,0,0,,,,,,"",""
ball,1,69.3,South Australia,HJ Hunt,JJS Sangha,MJ Owen,1,0,,,,,,"",""
ball,1,69.4,South Australia,JJS Sangha,HJ Hunt,MJ Owen,0,0,,,,,,"",""
ball,1,69.5,South Australia,JJS Sangha,HJ Hunt,MJ Owen,0,0,,,,,,"",""
ball,1,69.6,South Australia,JJS Sangha,HJ Hunt,MJ Owen,0,0,,,,,,"",""
ball,1,70.1,South Australia,HJ Hunt,JJS Sangha,MP Kuhnemann,0,0,,,,,,"",""
ball,1,70.2,South Australia,HJ Hunt,JJS Sangha,MP Kuhnemann,2,0,,,,,,"",""
ball,1,70.3,South Australia,HJ Hunt,JJS Sangha,MP Kuhnemann,2,0,,,,,,"",""
ball,1,70.4,South Australia,HJ Hunt,JJS Sangha,MP Kuhnemann,0,0,,,,,,"",""
ball,1,70.5,South Australia,HJ Hunt,JJS Sangha,MP Kuhnemann,0,0,,,,,,"",""
ball,1,70.6,South Australia,HJ Hunt,JJS Sangha,MP Kuhnemann,0,0,,,,,,"",""
ball,1,71.1,South Australia,JJS Sangha,HJ Hunt,MJ Owen,0,0,,,,,,"",""
ball,1,71.2,South Australia,JJS Sangha,HJ Hunt,MJ Owen,1,0,,,,,,"",""
ball,1,71.3,South Australia,HJ Hunt,JJS Sangha,MJ Owen,1,0,,,,,,"",""
ball,1,71.4,South Australia,JJS Sangha,HJ Hunt,MJ Owen,0,0,,,,,,"",""
ball,1,71.5,South Australia,JJS Sangha,HJ Hunt,MJ Owen,0,0,,,,,,"",""
ball,1,71.6,South Australia,JJS Sangha,HJ Hunt,MJ Owen,0,0,,,,,,"",""
ball,1,72.1,South Australia,HJ Hunt,JJS Sangha,MP Kuhnemann,0,0,,,,,,"",""
ball,1,72.2,South Australia,HJ Hunt,JJS Sangha,MP Kuhnemann,0,0,,,,,,"",""
ball,1,72.3,South Australia,HJ Hunt,JJS Sangha,MP Kuhnemann,0,0,,,,,,"",""
ball,1,72.4,South Australia,HJ Hunt,JJS Sangha,MP Kuhnemann,0,0,,,,,,"",""
ball,1,72.5,South Australia,HJ Hunt,JJS Sangha,MP Kuhnemann,0,0,,,,,,"",""
ball,1,72.6,South Australia,HJ Hunt,JJS Sangha,MP Kuhnemann,0,0,,,,,,"",""
ball,1,73.1,South Australia,JJS Sangha,HJ Hunt,MJ Owen,1,0,,,,,,"",""
ball,1,73.2,South Australia,HJ Hunt,JJS Sangha,MJ Owen,0,0,,,,,,"",""
ball,1,73.3,South Australia,HJ Hunt,JJS Sangha,MJ Owen,0,0,,,,,,"",""
ball,1,73.4,South Australia,HJ Hunt,JJS Sangha,MJ Owen,0,0,,,,,,"",""
ball,1,73.5,South Australia,HJ Hunt,JJS Sangha,MJ Owen,0,0,,,,,,"",""
ball,1,73.6,South Australia,HJ Hunt,JJS Sangha,MJ Owen,2,0,,,,,,"",""
ball,1,74.1,South Australia,JJS Sangha,HJ Hunt,MP Kuhnemann,0,0,,,,,,"",""
ball,1,74.2,South Australia,JJS Sangha,HJ Hunt,MP Kuhnemann,0,0,,,,,,"",""
ball,1,74.3,South Australia,JJS Sangha,HJ Hunt,MP Kuhnemann,1,0,,,,,,"",""
ball,1,74.4,South Australia,HJ Hunt,JJS Sangha,MP Kuhnemann,0,0,,,,,,"",""
ball,1,74.5,South Australia,HJ Hunt,JJS Sangha,MP Kuhnemann,0,0,,,,,,"",""
ball,1,74.6,South Australia,HJ Hunt,JJS Sangha,MP Kuhnemann,0,0,,,,,,"",""
ball,1,75.1,South Australia,JJS Sangha,HJ Hunt,BM Hope,1,0,,,,,,"",""
ball,1,75.2,South Australia,HJ Hunt,JJS Sangha,BM Hope,1,0,,,,,,"",""
ball,1,75.3,South Australia,JJS Sangha,HJ Hunt,BM Hope,0,0,,,,,,"",""
ball,1,75.4,South Australia,JJS Sangha,HJ Hunt,BM Hope,0,0,,,,,,"",""
ball,1,75.5,South Australia,JJS Sangha,HJ Hunt,BM Hope,1,0,,,,,,"",""
ball,1,75.6,South Australia,HJ Hunt,JJS Sangha,BM Hope,1,0,,,,,,"",""
ball,1,76.1,South Australia,HJ Hunt,JJS Sangha,MP Kuhnemann,1,0,,,,,,"",""
ball,1,76.2,South Australia,JJS Sangha,HJ Hunt,MP Kuhnemann,0,0,,,,,,"",""
ball,1,76.3,South Australia,JJS Sangha,HJ Hunt,MP Kuhnemann,1,0,,,,,,"",""
ball,1,76.4,South Australia,HJ Hunt,JJS Sangha,MP Kuhnemann,0,0,,,,,,"",""
ball,1,76.5,South Australia,HJ Hunt,JJS Sangha,MP Kuhnemann,0,0,,,,,,"",""
ball,1,76.6,South Australia,HJ Hunt,JJS Sangha,MP Kuhnemann,0,0,,,,,,"",""
ball,1,77.1,South Australia,JJS Sangha,HJ Hunt,BM Hope,1,0,,,,,,"",""
ball,1,77.2,South Australia,HJ Hunt,JJS Sangha,BM Hope,0,0,,,,,,"",""
ball,1,77.3,South Australia,HJ Hunt,JJS Sangha,BM Hope,0,0,,,,,,"",""
ball,1,77.4,South Australia,HJ Hunt,JJS Sangha,BM Hope,1,0,,,,,,"",""
ball,1,77.5,South Australia,JJS Sangha,HJ Hunt,BM Hope,1,0,,,,,,"",""
ball,1,77.6,South Australia,HJ Hunt,JJS Sangha,BM Hope,1,0,,,,,,"",""
ball,1,78.1,South Australia,HJ Hunt,JJS Sangha,MP Kuhnemann,0,0,,,,,,"",""
ball,1,78.2,South Australia,HJ Hunt,JJS Sangha,MP Kuhnemann,0,0,,,,,,"",""
ball,1,78.3,South Australia,HJ Hunt,JJS Sangha,MP Kuhnemann,1,0,,,,,,"",""
ball,1,78.4,South Australia,JJS Sangha,HJ Hunt,MP Kuhnemann,0,0,,,,,,"",""
ball,1,78.5,South Australia,JJS Sangha,HJ Hunt,MP Kuhnemann,0,0,,,,,,"",""
ball,1,78.6,South Australia,JJS Sangha,HJ Hunt,MP Kuhnemann,0,0,,,,,,"",""
ball,1,79.1,South Australia,HJ Hunt,JJS Sangha,BM Hope,0,0,,,,,,"",""
ball,1,79.2,South Australia,HJ Hunt,JJS Sangha,BM Hope,0,0,,,,,,"",""
ball,1,79.3,South Australia,HJ Hunt,JJS Sangha,BM Hope,0,0,,,,,,"",""
ball,1,79.4,South Australia,HJ Hunt,JJS Sangha,BM Hope,1,0,,,,,,"",""
ball,1,79.5,South Australia,JJS Sangha,HJ Hunt,BM Hope,1,0,,,,,,"",""
ball,1,79.6,South Australia,HJ Hunt,JJS Sangha,BM Hope,0,0,,,,,,"",""
ball,1,80.1,South Australia,JJS Sangha,HJ Hunt,GT Bell,0,0,,,,,,"",""
ball,1,80.2,South Australia,JJS Sangha,HJ Hunt,GT Bell,4,0,,,,,,"",""
ball,1,80.3,South Australia,JJS Sangha,HJ Hunt,GT Bell,0,0,,,,,,"",""
ball,1,80.4,South Australia,JJS Sangha,HJ Hunt,GT Bell,0,0,,,,,,"",""
ball,1,80.5,South Australia,JJS Sangha,HJ Hunt,GT Bell,0,0,,,,,,"",""
ball,1,80.6,South Australia,JJS Sangha,HJ Hunt,GT Bell,0,0,,,,,,"",""
ball,1,81.1,South Australia,HJ Hunt,JJS Sangha,L Neil-Smith,0,0,,,,,,"",""
ball,1,81.2,South Australia,HJ Hunt,JJS Sangha,L Neil-Smith,0,0,,,,,,"",""
ball,1,81.3,South Australia,HJ Hunt,JJS Sangha,L Neil-Smith,0,0,,,,,,"",""
ball,1,81.4,South Australia,HJ Hunt,JJS Sangha,L Neil-Smith,0,0,,,,,,"",""
ball,1,81.5,South Australia,HJ Hunt,JJS Sangha,L Neil-Smith,0,0,,,,,,"",""
ball,1,81.6,South Australia,HJ Hunt,JJS Sangha,L Neil-Smith,0,0,,,,,,"",""
ball,1,82.1,South Australia,JJS Sangha,HJ Hunt,GT Bell,0,0,,,,,,"",""
ball,1,82.2,South Australia,JJS Sangha,HJ Hunt,GT Bell,0,0,,,,,,"",""
ball,1,82.3,South Australia,JJS Sangha,HJ Hunt,GT Bell,0,0,,,,,,"",""
ball,1,82.4,South Australia,JJS Sangha,HJ Hunt,GT Bell,0,0,,,,,,"",""
ball,1,82.5,South Australia,JJS Sangha,HJ Hunt,GT Bell,0,0,,,,,,"",""
ball,1,82.6,South Australia,JJS Sangha,HJ Hunt,GT Bell,0,0,,,,,,"",""
ball,1,83.1,South Australia,HJ Hunt,JJS Sangha,L Neil-Smith,0,0,,,,,,"",""
ball,1,83.2,South Australia,HJ Hunt,JJS Sangha,L Neil-Smith,1,0,,,,,,"",""
ball,1,83.3,South Australia,JJS Sangha,HJ Hunt,L Neil-Smith,1,0,,,,,,"",""
ball,1,83.4,South Australia,HJ Hunt,JJS Sangha,L Neil-Smith,1,0,,,,,,"",""
ball,1,83.5,South Australia,JJS Sangha,HJ Hunt,L Neil-Smith,2,0,,,,,,"",""
ball,1,83.6,South Australia,JJS Sangha,HJ Hunt,L Neil-Smith,0,0,,,,,,"",""
ball,1,84.1,South Australia,HJ Hunt,JJS Sangha,GT Bell,0,0,,,,,,"",""
ball,1,84.2,South Australia,HJ Hunt,JJS Sangha,GT Bell,0,0,,,,,,"",""
ball,1,84.3,South Australia,HJ Hunt,JJS Sangha,GT Bell,0,0,,,,,,"",""
ball,1,84.4,South Australia,HJ Hunt,JJS Sangha,GT Bell,0,0,,,,,,"",""
ball,1,84.5,South Australia,HJ Hunt,JJS Sangha,GT Bell,0,0,,,,,,"",""
ball,1,84.6,South Australia,HJ Hunt,JJS Sangha,GT Bell,3,0,,,,,,"",""
ball,1,85.1,South Australia,HJ Hunt,JJS Sangha,L Neil-Smith,1,0,,,,,,"",""
ball,1,85.2,South Australia,JJS Sangha,HJ Hunt,L Neil-Smith,0,0,,,,,,"",""
ball,1,85.3,South Australia,JJS Sangha,HJ Hunt,L Neil-Smith,4,0,,,,,,"",""
ball,1,85.4,South Australia,JJS Sangha,HJ Hunt,L Neil-Smith,1,0,,,,,,"",""
ball,1,85.5,South Australia,HJ Hunt,JJS Sangha,L Neil-Smith,0,0,,,,,,"",""
ball,1,85.6,South Australia,HJ Hunt,JJS Sangha,L Neil-Smith,0,0,,,,,,"",""
ball,1,86.1,South Australia,JJS Sangha,HJ Hunt,GT Bell,0,0,,,,,,"",""
ball,1,86.2,South Australia,JJS Sangha,HJ Hunt,GT Bell,0,0,,,,,,"",""
ball,1,86.3,South Australia,JJS Sangha,HJ Hunt,GT Bell,0,0,,,,,,"",""
ball,1,86.4,South Australia,JJS Sangha,HJ Hunt,GT Bell,0,0,,,,,,"",""
ball,1,86.5,South Australia,JJS Sangha,HJ Hunt,GT Bell,0,0,,,,,,"",""
ball,1,86.6,South Australia,JJS Sangha,HJ Hunt,GT Bell,0,0,,,,,,"",""
ball,1,87.1,South Australia,HJ Hunt,JJS Sangha,L Neil-Smith,0,0,,,,,,"",""
ball,1,87.2,South Australia,HJ Hunt,JJS Sangha,L Neil-Smith,1,0,,,,,,"",""
ball,1,87.3,South Australia,JJS Sangha,HJ Hunt,L Neil-Smith,0,0,,,,,,"",""
ball,1,87.4,South Australia,JJS Sangha,HJ Hunt,L Neil-Smith,1,0,,,,,,"",""
ball,1,87.5,South Australia,HJ Hunt,JJS Sangha,L Neil-Smith,0,0,,,,,,"",""
ball,1,87.6,South Australia,HJ Hunt,JJS Sangha,L Neil-Smith,0,0,,,,,,"",""
ball,1,88.1,South Australia,JJS Sangha,HJ Hunt,GT Bell,0,0,,,,,,"",""
ball,1,88.2,South Australia,JJS Sangha,HJ Hunt,GT Bell,1,0,,,,,,"",""
ball,1,88.3,South Australia,HJ Hunt,JJS Sangha,GT Bell,4,0,,,,,,"",""
ball,1,88.4,South Australia,HJ Hunt,JJS Sangha,GT Bell,0,0,,,,,,"",""
ball,1,88.5,South Australia,HJ Hunt,JJS Sangha,GT Bell,1,0,,,,,,"",""
ball,1,88.6,South Australia,JJS Sangha,HJ Hunt,GT Bell,0,0,,,,,,"",""
ball,1,89.1,South Australia,HJ Hunt,JJS Sangha,BM Hope,1,0,,,,,,"",""
ball,1,89.2,South Australia,JJS Sangha,HJ Hunt,BM Hope,1,0,,,,,,"",""
ball,1,89.3,South Australia,HJ Hunt,JJS Sangha,BM Hope,3,0,,,,,,"",""
ball,1,89.4,South Australia,JJS Sangha,HJ Hunt,BM Hope,0,0,,,,,,"",""
ball,1,89.5,South Australia,JJS Sangha,HJ Hunt,BM Hope,0,1,,,1,,,"",""
ball,1,89.6,South Australia,HJ Hunt,JJS Sangha,BM Hope,0,0,,,,,,"",""
ball,1,90.1,South Australia,JJS Sangha,HJ Hunt,RP Meredith,0,0,,,,,,"",""
ball,1,90.2,South Australia,JJS Sangha,HJ Hunt,RP Meredith,0,0,,,,,,"",""
ball,1,90.3,South Australia,JJS Sangha,HJ Hunt,RP Meredith,0,0,,,,,,"",""
ball,1,90.4,South Australia,JJS Sangha,HJ Hunt,RP Meredith,3,0,,,,,,"",""
ball,1,90.5,South Australia,HJ Hunt,JJS Sangha,RP Meredith,1,0,,,,,,"",""
ball,1,90.6,South Australia,JJS Sangha,HJ Hunt,RP Meredith,1,0,,,,,,"",""
ball,1,91.1,South Australia,JJS Sangha,HJ Hunt,BM Hope,1,0,,,,,,"",""
ball,1,91.2,South Australia,HJ Hunt,JJS Sangha,BM Hope,0,0,,,,,,"",""
ball,1,91.3,South Australia,HJ Hunt,JJS Sangha,BM Hope,1,0,,,,,,"",""
ball,1,91.4,South Australia,JJS Sangha,HJ Hunt,BM Hope,0,0,,,,,,"",""
ball,1,91.5,South Australia,JJS Sangha,HJ Hunt,BM Hope,0,0,,,,,,"",""
ball,1,91.6,South Australia,JJS Sangha,HJ Hunt,BM Hope,0,0,,,,,,"",""
ball,1,92.1,South Australia,HJ Hunt,JJS Sangha,RP Meredith,0,0,,,,,,"",""
ball,1,92.2,South Australia,HJ Hunt,JJS Sangha,RP Meredith,3,0,,,,,,"",""
ball,1,92.3,South Australia,JJS Sangha,HJ Hunt,RP Meredith,0,0,,,,,,caught,JJS Sangha
ball,1,92.4,South Australia,HTRY Thornton,HJ Hunt,RP Meredith,0,0,,,,,,"",""
ball,1,92.5,South Australia,HTRY Thornton,HJ Hunt,RP Meredith,0,0,,,,,,"",""
ball,1,92.6,South Australia,HTRY Thornton,HJ Hunt,RP Meredith,0,0,,,,,,"",""
ball,1,93.1,South Australia,HJ Hunt,HTRY Thornton,MP Kuhnemann,0,0,,,,,,"",""
ball,1,93.2,South Australia,HJ Hunt,HTRY Thornton,MP Kuhnemann,0,0,,,,,,"",""
ball,1,93.3,South Australia,HJ Hunt,HTRY Thornton,MP Kuhnemann,0,0,,,,,,"",""
ball,1,93.4,South Australia,HJ Hunt,HTRY Thornton,MP Kuhnemann,0,0,,,,,,"",""
ball,1,93.5,South Australia,HJ Hunt,HTRY Thornton,MP Kuhnemann,0,0,,,,,,"",""
ball,1,93.6,South Australia,HJ Hunt,HTRY Thornton,MP Kuhnemann,0,0,,,,,,"",""
ball,1,94.1,South Australia,HTRY Thornton,HJ Hunt,RP Meredith,0,0,,,,,,"",""
ball,1,94.2,South Australia,HTRY Thornton,HJ Hunt,RP Meredith,0,0,,,,,,"",""
ball,1,94.3,South Australia,HTRY Thornton,HJ Hunt,RP Meredith,2,0,,,,,,"",""
ball,1,94.4,South Australia,HTRY Thornton,HJ Hunt,RP Meredith,0,0,,,,,,"",""
ball,1,94.5,South Australia,HTRY Thornton,HJ Hunt,RP Meredith,0,0,,,,,,"",""
ball,1,94.6,South Australia,HTRY Thornton,HJ Hunt,RP Meredith,0,0,,,,,,caught,HTRY Thornton
ball,1,95.1,South Australia,HJ Hunt,JS Lehmann,GT Bell,0,0,,,,,,"",""
ball,1,95.2,South Australia,HJ Hunt,JS Lehmann,GT Bell,0,1,,,,1,,"",""
ball,1,95.3,South Australia,JS Lehmann,HJ Hunt,GT Bell,1,0,,,,,,"",""
ball,1,95.4,South Australia,HJ Hunt,JS Lehmann,GT Bell,1,0,,,,,,"",""
ball,1,95.5,South Australia,JS Lehmann,HJ Hunt,GT Bell,0,0,,,,,,"",""
ball,1,95.6,South Australia,JS Lehmann,HJ Hunt,GT Bell,3,0,,,,,,"",""
ball,1,96.1,South Australia,JS Lehmann,HJ Hunt,MP Kuhnemann,0,0,,,,,,"",""
ball,1,96.2,South Australia,JS Lehmann,HJ Hunt,MP Kuhnemann,1,0,,,,,,"",""
ball,1,96.3,South Australia,HJ Hunt,JS Lehmann,MP Kuhnemann,0,0,,,,,,"",""
ball,1,96.4,South Australia,HJ Hunt,JS Lehmann,MP Kuhnemann,0,0,,,,,,"",""
ball,1,96.5,South Australia,HJ Hunt,JS Lehmann,MP Kuhnemann,0,0,,,,,,"",""
ball,1,96.6,South Australia,HJ Hunt,JS Lehmann,MP Kuhnemann,0,0,,,,,,"",""
ball,1,97.1,South Australia,JS Lehmann,HJ Hunt,L Neil-Smith,0,0,,,,,,"",""
ball,1,97.2,South Australia,JS Lehmann,HJ Hunt,L Neil-Smith,1,0,,,,,,"",""
ball,1,97.3,South Australia,HJ Hunt,JS Lehmann,L Neil-Smith,0,0,,,,,,caught,HJ Hunt
ball,1,97.4,South Australia,J Fraser-McGurk,JS Lehmann,L Neil-Smith,0,0,,,,,,"",""
ball,1,97.5,South Australia,J Fraser-McGurk,JS Lehmann,L Neil-Smith,0,0,,,,,,"",""
ball,1,97.6,South Australia,J Fraser-McGurk,JS Lehmann,L Neil-Smith,1,0,,,,,,"",""
ball,1,98.1,South Australia,J Fraser-McGurk,JS Lehmann,GT Bell,0,0,,,,,,"",""
ball,1,98.2,South Australia,J Fraser-McGurk,JS Lehmann,GT Bell,0,0,,,,,,"",""
ball,1,98.3,South Australia,J Fraser-McGurk,JS Lehmann,GT Bell,0,0,,,,,,"",""
ball,1,98.4,South Australia,J Fraser-McGurk,JS Lehmann,GT Bell,0,0,,,,,,"",""
ball,1,98.5,South Australia,J Fraser-McGurk,JS Lehmann,GT Bell,0,0,,,,,,"",""
ball,1,98.6,South Australia,J Fraser-McGurk,JS Lehmann,GT Bell,4,0,,,,,,"",""
ball,1,99.1,South Australia,JS Lehmann,J Fraser-McGurk,L Neil-Smith,1,0,,,,,,"",""
ball,1,99.2,South Australia,J Fraser-McGurk,JS Lehmann,L Neil-Smith,0,0,,,,,,"",""
ball,1,99.3,South Australia,J Fraser-McGurk,JS Lehmann,L Neil-Smith,4,0,,,,,,"",""
ball,1,99.4,South Australia,J Fraser-McGurk,JS Lehmann,L Neil-Smith,0,0,,,,,,"",""
ball,1,99.5,South Australia,J Fraser-McGurk,JS Lehmann,L Neil-Smith,3,0,,,,,,"",""
ball,1,99.6,South Australia,JS Lehmann,J Fraser-McGurk,L Neil-Smith,2,0,,,,,,"",""
ball,1,100.1,South Australia,J Fraser-McGurk,JS Lehmann,GT Bell,2,0,,,,,,"",""
ball,1,100.2,South Australia,J Fraser-McGurk,JS Lehmann,GT Bell,2,0,,,,,,"",""
ball,1,100.3,South Australia,J Fraser-McGurk,JS Lehmann,GT Bell,0,0,,,,,,"",""
ball,1,100.4,South Australia,J Fraser-McGurk,JS Lehmann,GT Bell,0,0,,,,,,"",""
ball,1,100.5,South Australia,J Fraser-McGurk,JS Lehmann,GT Bell,0,0,,,,,,"",""
ball,1,100.6,South Australia,J Fraser-McGurk,JS Lehmann,GT Bell,1,0,,,,,,"",""
ball,1,101.1,South Australia,J Fraser-McGurk,JS Lehmann,L Neil-Smith,0,0,,,,,,"",""
ball,1,101.2,South Australia,J Fraser-McGurk,JS Lehmann,L Neil-Smith,4,0,,,,,,"",""
ball,1,101.3,South Australia,J Fraser-McGurk,JS Lehmann,L Neil-Smith,4,0,,,,,,"",""
ball,1,101.4,South Australia,J Fraser-McGurk,JS Lehmann,L Neil-Smith,0,0,,,,,,"",""
ball,1,101.5,South Australia,J Fraser-McGurk,JS Lehmann,L Neil-Smith,0,0,,,,,,"",""
ball,1,101.6,South Australia,J Fraser-McGurk,JS Lehmann,L Neil-Smith,1,0,,,,,,"",""
ball,1,102.1,South Australia,J Fraser-McGurk,JS Lehmann,GT Bell,1,0,,,,,,"",""
ball,1,102.2,South Australia,JS Lehmann,J Fraser-McGurk,GT Bell,3,0,,,,,,"",""
ball,1,102.3,South Australia,J Fraser-McGurk,JS Lehmann,GT Bell,0,1,,,,1,,"",""
ball,1,102.4,South Australia,JS Lehmann,J Fraser-McGurk,GT Bell,0,0,,,,,,"",""
ball,1,102.5,South Australia,JS Lehmann,J Fraser-McGurk,GT Bell,4,0,,,,,,"",""
ball,1,102.6,South Australia,JS Lehmann,J Fraser-McGurk,GT Bell,0,0,,,,,,"",""
ball,1,103.1,South Australia,J Fraser-McGurk,JS Lehmann,L Neil-Smith,1,0,,,,,,"",""
ball,1,103.2,South Australia,JS Lehmann,J Fraser-McGurk,L Neil-Smith,1,0,,,,,,"",""
ball,1,103.3,South Australia,J Fraser-McGurk,JS Lehmann,L Neil-Smith,1,0,,,,,,"",""
ball,1,103.4,South Australia,JS Lehmann,J Fraser-McGurk,L Neil-Smith,0,0,,,,,,"",""
ball,1,103.5,South Australia,JS Lehmann,J Fraser-McGurk,L Neil-Smith,1,0,,,,,,"",""
ball,1,103.6,South Australia,J Fraser-McGurk,JS Lehmann,L Neil-Smith,4,0,,,,,,"",""
ball,1,104.1,South Australia,JS Lehmann,J Fraser-McGurk,GT Bell,0,0,,,,,,"",""
ball,1,104.2,South Australia,JS Lehmann,J Fraser-McGurk,GT Bell,3,0,,,,,,"",""
ball,1,104.3,South Australia,J Fraser-McGurk,JS Lehmann,GT Bell,0,0,,,,,,"",""
ball,1,104.4,South Australia,J Fraser-McGurk,JS Lehmann,GT Bell,6,0,,,,,,"",""
ball,1,104.5,South Australia,J Fraser-McGurk,JS Lehmann,GT Bell,0,0,,,,,,"",""
ball,1,104.6,South Australia,J Fraser-McGurk,JS Lehmann,GT Bell,0,0,,,,,,"",""
ball,1,105.1,South Australia,JS Lehmann,J Fraser-McGurk,RP Meredith,1,0,,,,,,"",""
ball,1,105.2,South Australia,J Fraser-McGurk,JS Lehmann,RP Meredith,4,0,,,,,,"",""
ball,1,105.3,South Australia,J Fraser-McGurk,JS Lehmann,RP Meredith,0,0,,,,,,"",""
ball,1,105.4,South Australia,J Fraser-McGurk,JS Lehmann,RP Meredith,0,0,,,,,,caught,J Fraser-McGurk
ball,1,105.5,South Australia,BAD Manenti,JS Lehmann,RP Meredith,0,0,,,,,,"",""
ball,1,105.6,South Australia,BAD Manenti,JS Lehmann,RP Meredith,0,0,,,,,,"",""
ball,1,106.1,South Australia,JS Lehmann,BAD Manenti,MP Kuhnemann,0,0,,,,,,"",""
ball,1,106.2,South Australia,JS Lehmann,BAD Manenti,MP Kuhnemann,0,0,,,,,,"",""
ball,1,106.3,South Australia,JS Lehmann,BAD Manenti,MP Kuhnemann,1,0,,,,,,"",""
ball,1,106.4,South Australia,BAD Manenti,JS Lehmann,MP Kuhnemann,0,0,,,,,,"",""
ball,1,106.5,South Australia,BAD Manenti,JS Lehmann,MP Kuhnemann,1,0,,,,,,"",""
ball,1,106.6,South Australia,JS Lehmann,BAD Manenti,MP Kuhnemann,0,0,,,,,,"",""
ball,1,107.1,South Australia,BAD Manenti,JS Lehmann,RP Meredith,2,0,,,,,,"",""
ball,1,107.2,South Australia,BAD Manenti,JS Lehmann,RP Meredith,0,0,,,,,,caught,BAD Manenti
ball,1,107.3,South Australia,L Scott,JS Lehmann,RP Meredith,1,0,,,,,,"",""
ball,1,107.4,South Australia,JS Lehmann,L Scott,RP Meredith,1,0,,,,,,"",""
ball,1,107.5,South Australia,L Scott,JS Lehmann,RP Meredith,1,0,,,,,,"",""
ball,1,107.6,South Australia,JS Lehmann,L Scott,RP Meredith,0,0,,,,,,"",""
ball,2,0.1,Tasmania,N Radhakrishnan,J Weatherald,N McAndrew,0,4,,,4,,,"",""
ball,2,0.2,Tasmania,N Radhakrishnan,J Weatherald,N McAndrew,0,0,,,,,,"",""
ball,2,0.3,Tasmania,N Radhakrishnan,J Weatherald,N McAndrew,0,0,,,,,,"",""
ball,2,0.4,Tasmania,N Radhakrishnan,J Weatherald,N McAndrew,0,0,,,,,,"",""
ball,2,0.5,Tasmania,N Radhakrishnan,J Weatherald,N McAndrew,0,0,,,,,,"",""
ball,2,0.6,Tasmania,N Radhakrishnan,J Weatherald,N McAndrew,0,0,,,,,,"",""
ball,2,1.1,Tasmania,J Weatherald,N Radhakrishnan,WA Agar,0,0,,,,,,"",""
ball,2,1.2,Tasmania,J Weatherald,N Radhakrishnan,WA Agar,0,0,,,,,,"",""
ball,2,1.3,Tasmania,J Weatherald,N Radhakrishnan,WA Agar,3,0,,,,,,"",""
ball,2,1.4,Tasmania,N Radhakrishnan,J Weatherald,WA Agar,0,0,,,,,,"",""
ball,2,1.5,Tasmania,N Radhakrishnan,J Weatherald,WA Agar,0,0,,,,,,"",""
ball,2,1.6,Tasmania,N Radhakrishnan,J Weatherald,WA Agar,0,0,,,,,,"",""
ball,2,2.1,Tasmania,J Weatherald,N Radhakrishnan,N McAndrew,0,0,,,,,,"",""
ball,2,2.2,Tasmania,J Weatherald,N Radhakrishnan,N McAndrew,0,0,,,,,,"",""
ball,2,2.3,Tasmania,J Weatherald,N Radhakrishnan,N McAndrew,0,0,,,,,,"",""
ball,2,2.4,Tasmania,J Weatherald,N Radhakrishnan,N McAndrew,0,0,,,,,,"",""
ball,2,2.5,Tasmania,J Weatherald,N Radhakrishnan,N McAndrew,0,0,,,,,,"",""
ball,2,2.6,Tasmania,J Weatherald,N Radhakrishnan,N McAndrew,0,0,,,,,,"",""
ball,2,3.1,Tasmania,N Radhakrishnan,J Weatherald,WA Agar,0,0,,,,,,"",""
ball,2,3.2,Tasmania,N Radhakrishnan,J Weatherald,WA Agar,0,0,,,,,,"",""
ball,2,3.3,Tasmania,N Radhakrishnan,J Weatherald,WA Agar,3,0,,,,,,"",""
ball,2,3.4,Tasmania,J Weatherald,N Radhakrishnan,WA Agar,4,0,,,,,,"",""
ball,2,3.5,Tasmania,J Weatherald,N Radhakrishnan,WA Agar,0,0,,,,,,"",""
ball,2,3.6,Tasmania,J Weatherald,N Radhakrishnan,WA Agar,0,0,,,,,,"",""
ball,2,4.1,Tasmania,N Radhakrishnan,J Weatherald,N McAndrew,0,0,,,,,,"",""
ball,2,4.2,Tasmania,N Radhakrishnan,J Weatherald,N McAndrew,0,0,,,,,,"",""
ball,2,4.3,Tasmania,N Radhakrishnan,J Weatherald,N McAndrew,0,0,,,,,,"",""
ball,2,4.4,Tasmania,N Radhakrishnan,J Weatherald,N McAndrew,0,0,,,,,,"",""
ball,2,4.5,Tasmania,N Radhakrishnan,J Weatherald,N McAndrew,0,0,,,,,,"",""
ball,2,4.6,Tasmania,N Radhakrishnan,J Weatherald,N McAndrew,0,0,,,,,,"",""
ball,2,5.1,Tasmania,J Weatherald,N Radhakrishnan,WA Agar,0,0,,,,,,"",""
ball,2,5.2,Tasmania,J Weatherald,N Radhakrishnan,WA Agar,0,0,,,,,,"",""
ball,2,5.3,Tasmania,J Weatherald,N Radhakrishnan,WA Agar,0,0,,,,,,"",""
ball,2,5.4,Tasmania,J Weatherald,N Radhakrishnan,WA Agar,0,0,,,,,,"",""
ball,2,5.5,Tasmania,J Weatherald,N Radhakrishnan,WA Agar,0,0,,,,,,"",""
ball,2,5.6,Tasmania,J Weatherald,N Radhakrishnan,WA Agar,0,0,,,,,,"",""
ball,2,6.1,Tasmania,N Radhakrishnan,J Weatherald,N McAndrew,0,0,,,,,,"",""
ball,2,6.2,Tasmania,N Radhakrishnan,J Weatherald,N McAndrew,0,0,,,,,,"",""
ball,2,6.3,Tasmania,N Radhakrishnan,J Weatherald,N McAndrew,0,0,,,,,,"",""
ball,2,6.4,Tasmania,N Radhakrishnan,J Weatherald,N McAndrew,0,0,,,,,,"",""
ball,2,6.5,Tasmania,N Radhakrishnan,J Weatherald,N McAndrew,0,0,,,,,,"",""
ball,2,6.6,Tasmania,N Radhakrishnan,J Weatherald,N McAndrew,4,0,,,,,,"",""
ball,2,7.1,Tasmania,J Weatherald,N Radhakrishnan,WA Agar,0,0,,,,,,"",""
ball,2,7.2,Tasmania,J Weatherald,N Radhakrishnan,WA Agar,0,0,,,,,,"",""
ball,2,7.3,Tasmania,J Weatherald,N Radhakrishnan,WA Agar,0,0,,,,,,"",""
ball,2,7.4,Tasmania,J Weatherald,N Radhakrishnan,WA Agar,0,0,,,,,,"",""
ball,2,7.5,Tasmania,J Weatherald,N Radhakrishnan,WA Agar,0,0,,,,,,"",""
ball,2,7.6,Tasmania,J Weatherald,N Radhakrishnan,WA Agar,0,0,,,,,,"",""
ball,2,8.1,Tasmania,N Radhakrishnan,J Weatherald,N McAndrew,0,0,,,,,,"",""
ball,2,8.2,Tasmania,N Radhakrishnan,J Weatherald,N McAndrew,0,0,,,,,,"",""
ball,2,8.3,Tasmania,N Radhakrishnan,J Weatherald,N McAndrew,1,0,,,,,,"",""
ball,2,8.4,Tasmania,J Weatherald,N Radhakrishnan,N McAndrew,3,0,,,,,,"",""
ball,2,8.5,Tasmania,N Radhakrishnan,J Weatherald,N McAndrew,0,0,,,,,,"",""
ball,2,8.6,Tasmania,N Radhakrishnan,J Weatherald,N McAndrew,0,0,,,,,,"",""
ball,2,9.1,Tasmania,J Weatherald,N Radhakrishnan,WA Agar,0,0,,,,,,"",""
ball,2,9.2,Tasmania,J Weatherald,N Radhakrishnan,WA Agar,0,0,,,,,,"",""
ball,2,9.3,Tasmania,J Weatherald,N Radhakrishnan,WA Agar,0,0,,,,,,"",""
ball,2,9.4,Tasmania,J Weatherald,N Radhakrishnan,WA Agar,0,0,,,,,,"",""
ball,2,9.5,Tasmania,J Weatherald,N Radhakrishnan,WA Agar,0,0,,,,,,"",""
ball,2,9.6,Tasmania,J Weatherald,N Radhakrishnan,WA Agar,2,0,,,,,,"",""
ball,2,10.1,Tasmania,N Radhakrishnan,J Weatherald,N McAndrew,4,0,,,,,,"",""
ball,2,10.2,Tasmania,N Radhakrishnan,J Weatherald,N McAndrew,0,0,,,,,,"",""
ball,2,10.3,Tasmania,N Radhakrishnan,J Weatherald,N McAndrew,0,0,,,,,,"",""
ball,2,10.4,Tasmania,N Radhakrishnan,J Weatherald,N McAndrew,2,0,,,,,,"",""
ball,2,10.5,Tasmania,N Radhakrishnan,J Weatherald,N McAndrew,2,0,,,,,,"",""
ball,2,10.6,Tasmania,N Radhakrishnan,J Weatherald,N McAndrew,1,0,,,,,,"",""
ball,2,11.1,Tasmania,N Radhakrishnan,J Weatherald,L Scott,0,0,,,,,,"",""
ball,2,11.2,Tasmania,N Radhakrishnan,J Weatherald,L Scott,0,0,,,,,,"",""
ball,2,11.3,Tasmania,N Radhakrishnan,J Weatherald,L Scott,0,1,,1,,,,"",""
ball,2,11.4,Tasmania,N Radhakrishnan,J Weatherald,L Scott,0,0,,,,,,"",""
ball,2,11.5,Tasmania,N Radhakrishnan,J Weatherald,L Scott,4,0,,,,,,"",""
ball,2,11.6,Tasmania,N Radhakrishnan,J Weatherald,L Scott,0,0,,,,,,"",""
ball,2,11.7,Tasmania,N Radhakrishnan,J Weatherald,L Scott,3,0,,,,,,"",""
ball,2,12.1,Tasmania,N Radhakrishnan,J Weatherald,N McAndrew,0,0,,,,,,"",""
ball,2,12.2,Tasmania,N Radhakrishnan,J Weatherald,N McAndrew,0,0,,,,,,"",""
ball,2,12.3,Tasmania,N Radhakrishnan,J Weatherald,N McAndrew,0,0,,,,,,"",""
ball,2,12.4,Tasmania,N Radhakrishnan,J Weatherald,N McAndrew,0,0,,,,,,"",""
ball,2,12.5,Tasmania,N Radhakrishnan,J Weatherald,N McAndrew,4,0,,,,,,"",""
ball,2,12.6,Tasmania,N Radhakrishnan,J Weatherald,N McAndrew,0,0,,,,,,"",""
ball,2,13.1,Tasmania,J Weatherald,N Radhakrishnan,L Scott,0,0,,,,,,"",""
ball,2,13.2,Tasmania,J Weatherald,N Radhakrishnan,L Scott,0,0,,,,,,"",""
ball,2,13.3,Tasmania,J Weatherald,N Radhakrishnan,L Scott,0,0,,,,,,"",""
ball,2,13.4,Tasmania,J Weatherald,N Radhakrishnan,L Scott,0,0,,,,,,"",""
ball,2,13.5,Tasmania,J Weatherald,N Radhakrishnan,L Scott,0,0,,,,,,lbw,J Weatherald
ball,2,13.6,Tasmania,TP Ward,N Radhakrishnan,L Scott,0,0,,,,,,"",""
ball,2,14.1,Tasmania,N Radhakrishnan,TP Ward,HTRY Thornton,0,0,,,,,,"",""
ball,2,14.2,Tasmania,N Radhakrishnan,TP Ward,HTRY Thornton,4,0,,,,,,"",""
ball,2,14.3,Tasmania,N Radhakrishnan,TP Ward,HTRY Thornton,0,0,,,,,,"",""
ball,2,14.4,Tasmania,N Radhakrishnan,TP Ward,HTRY Thornton,0,0,,,,,,"",""
ball,2,14.5,Tasmania,N Radhakrishnan,TP Ward,HTRY Thornton,0,0,,,,,,"",""
ball,2,14.6,Tasmania,N Radhakrishnan,TP Ward,HTRY Thornton,0,4,,,4,,,"",""
ball,2,15.1,Tasmania,TP Ward,N Radhakrishnan,L Scott,0,0,,,,,,"",""
ball,2,15.2,Tasmania,TP Ward,N Radhakrishnan,L Scott,0,0,,,,,,"",""
ball,2,15.3,Tasmania,TP Ward,N Radhakrishnan,L Scott,2,0,,,,,,"",""
ball,2,15.4,Tasmania,TP Ward,N Radhakrishnan,L Scott,1,0,,,,,,"",""
ball,2,15.5,Tasmania,N Radhakrishnan,TP Ward,L Scott,0,0,,,,,,"",""
ball,2,15.6,Tasmania,N Radhakrishnan,TP Ward,L Scott,0,0,,,,,,"",""
ball,2,16.1,Tasmania,TP Ward,N Radhakrishnan,HTRY Thornton,0,0,,,,,,"",""
ball,2,16.2,Tasmania,TP Ward,N Radhakrishnan,HTRY Thornton,0,0,,,,,,"",""
ball,2,16.3,Tasmania,TP Ward,N Radhakrishnan,HTRY Thornton,0,0,,,,,,"",""
ball,2,16.4,Tasmania,TP Ward,N Radhakrishnan,HTRY Thornton,0,0,,,,,,"",""
ball,2,16.5,Tasmania,TP Ward,N Radhakrishnan,HTRY Thornton,0,0,,,,,,"",""
ball,2,16.6,Tasmania,TP Ward,N Radhakrishnan,HTRY Thornton,0,0,,,,,,"",""
ball,2,17.1,Tasmania,N Radhakrishnan,TP Ward,L Scott,1,0,,,,,,"",""
ball,2,17.2,Tasmania,TP Ward,N Radhakrishnan,L Scott,0,0,,,,,,"",""
ball,2,17.3,Tasmania,TP Ward,N Radhakrishnan,L Scott,1,0,,,,,,"",""
ball,2,17.4,Tasmania,N Radhakrishnan,TP Ward,L Scott,0,0,,,,,,"",""
ball,2,17.5,Tasmania,N Radhakrishnan,TP Ward,L Scott,0,0,,,,,,"",""
ball,2,17.6,Tasmania,N Radhakrishnan,TP Ward,L Scott,3,0,,,,,,"",""
ball,2,18.1,Tasmania,N Radhakrishnan,TP Ward,HTRY Thornton,1,0,,,,,,"",""
ball,2,18.2,Tasmania,TP Ward,N Radhakrishnan,HTRY Thornton,0,0,,,,,,"",""
ball,2,18.3,Tasmania,TP Ward,N Radhakrishnan,HTRY Thornton,0,0,,,,,,"",""
ball,2,18.4,Tasmania,TP Ward,N Radhakrishnan,HTRY Thornton,0,0,,,,,,"",""
ball,2,18.5,Tasmania,TP Ward,N Radhakrishnan,HTRY Thornton,0,0,,,,,,"",""
ball,2,18.6,Tasmania,TP Ward,N Radhakrishnan,HTRY Thornton,0,0,,,,,,"",""
ball,2,19.1,Tasmania,N Radhakrishnan,TP Ward,L Scott,0,0,,,,,,"",""
ball,2,19.2,Tasmania,N Radhakrishnan,TP Ward,L Scott,0,0,,,,,,"",""
ball,2,19.3,Tasmania,N Radhakrishnan,TP Ward,L Scott,1,0,,,,,,"",""
ball,2,19.4,Tasmania,TP Ward,N Radhakrishnan,L Scott,0,0,,,,,,"",""
ball,2,19.5,Tasmania,TP Ward,N Radhakrishnan,L Scott,0,0,,,,,,"",""
ball,2,19.6,Tasmania,TP Ward,N Radhakrishnan,L Scott,0,0,,,,,,"",""
ball,2,20.1,Tasmania,N Radhakrishnan,TP Ward,HTRY Thornton,0,0,,,,,,"",""
ball,2,20.2,Tasmania,N Radhakrishnan,TP Ward,HTRY Thornton,0,0,,,,,,"",""
ball,2,20.3,Tasmania,N Radhakrishnan,TP Ward,HTRY Thornton,0,0,,,,,,"",""
ball,2,20.4,Tasmania,N Radhakrishnan,TP Ward,HTRY Thornton,0,0,,,,,,"",""
ball,2,20.5,Tasmania,N Radhakrishnan,TP Ward,HTRY Thornton,4,0,,,,,,"",""
ball,2,20.6,Tasmania,N Radhakrishnan,TP Ward,HTRY Thornton,1,0,,,,,,"",""
ball,2,21.1,Tasmania,N Radhakrishnan,TP Ward,L Scott,0,0,,,,,,"",""
ball,2,21.2,Tasmania,N Radhakrishnan,TP Ward,L Scott,0,0,,,,,,"",""
ball,2,21.3,Tasmania,N Radhakrishnan,TP Ward,L Scott,0,0,,,,,,caught,N Radhakrishnan
ball,2,21.4,Tasmania,JC Silk,TP Ward,L Scott,0,0,,,,,,"",""
ball,2,21.5,Tasmania,JC Silk,TP Ward,L Scott,2,0,,,,,,"",""
ball,2,21.6,Tasmania,JC Silk,TP Ward,L Scott,0,0,,,,,,"",""
ball,2,22.1,Tasmania,TP Ward,JC Silk,HTRY Thornton,0,0,,,,,,"",""
ball,2,22.2,Tasmania,TP Ward,JC Silk,HTRY Thornton,0,0,,,,,,"",""
ball,2,22.3,Tasmania,TP Ward,JC Silk,HTRY Thornton,0,0,,,,,,"",""
ball,2,22.4,Tasmania,TP Ward,JC Silk,HTRY Thornton,0,0,,,,,,"",""
ball,2,22.5,Tasmania,TP Ward,JC Silk,HTRY Thornton,1,0,,,,,,"",""
ball,2,22.6,Tasmania,JC Silk,TP Ward,HTRY Thornton,0,0,,,,,,"",""
ball,2,23.1,Tasmania,TP Ward,JC Silk,L Scott,0,0,,,,,,"",""
ball,2,23.2,Tasmania,TP Ward,JC Silk,L Scott,0,0,,,,,,"",""
ball,2,23.3,Tasmania,TP Ward,JC Silk,L Scott,0,0,,,,,,"",""
ball,2,23.4,Tasmania,TP Ward,JC Silk,L Scott,0,0,,,,,,"",""
ball,2,23.5,Tasmania,TP Ward,JC Silk,L Scott,0,0,,,,,,"",""
ball,2,23.6,Tasmania,TP Ward,JC Silk,L Scott,0,0,,,,,,"",""
ball,2,24.1,Tasmania,JC Silk,TP Ward,HTRY Thornton,3,0,,,,,,"",""
ball,2,24.2,Tasmania,TP Ward,JC Silk,HTRY Thornton,0,0,,,,,,"",""
ball,2,24.3,Tasmania,TP Ward,JC Silk,HTRY Thornton,0,0,,,,,,"",""
ball,2,24.4,Tasmania,TP Ward,JC Silk,HTRY Thornton,2,0,,,,,,"",""
ball,2,24.5,Tasmania,TP Ward,JC Silk,HTRY Thornton,0,0,,,,,,"",""
ball,2,24.6,Tasmania,TP Ward,JC Silk,HTRY Thornton,0,0,,,,,,"",""
ball,2,25.1,Tasmania,JC Silk,TP Ward,WA Agar,0,0,,,,,,"",""
ball,2,25.2,Tasmania,JC Silk,TP Ward,WA Agar,0,0,,,,,,"",""
ball,2,25.3,Tasmania,JC Silk,TP Ward,WA Agar,0,1,,1,,,,"",""
ball,2,25.4,Tasmania,JC Silk,TP Ward,WA Agar,0,0,,,,,,"",""
ball,2,25.5,Tasmania,JC Silk,TP Ward,WA Agar,0,0,,,,,,"",""
ball,2,25.6,Tasmania,JC Silk,TP Ward,WA Agar,0,0,,,,,,"",""
ball,2,25.7,Tasmania,JC Silk,TP Ward,WA Agar,0,0,,,,,,"",""
ball,2,26.1,Tasmania,TP Ward,JC Silk,N McAndrew,0,0,,,,,,"",""
ball,2,26.2,Tasmania,TP Ward,JC Silk,N McAndrew,0,0,,,,,,"",""
ball,2,26.3,Tasmania,TP Ward,JC Silk,N McAndrew,0,0,,,,,,"",""
ball,2,26.4,Tasmania,TP Ward,JC Silk,N McAndrew,0,0,,,,,,"",""
ball,2,26.5,Tasmania,TP Ward,JC Silk,N McAndrew,0,0,,,,,,caught,TP Ward
ball,2,26.6,Tasmania,JR Doran,JC Silk,N McAndrew,0,0,,,,,,"",""
ball,2,27.1,Tasmania,JC Silk,JR Doran,WA Agar,0,0,,,,,,"",""
ball,2,27.2,Tasmania,JC Silk,JR Doran,WA Agar,0,0,,,,,,"",""
ball,2,27.3,Tasmania,JC Silk,JR Doran,WA Agar,3,0,,,,,,"",""
ball,2,27.4,Tasmania,JR Doran,JC Silk,WA Agar,0,0,,,,,,"",""
ball,2,27.5,Tasmania,JR Doran,JC Silk,WA Agar,1,0,,,,,,"",""
ball,2,27.6,Tasmania,JC Silk,JR Doran,WA Agar,0,1,,,,1,,"",""
ball,2,28.1,Tasmania,JC Silk,JR Doran,N McAndrew,0,0,,,,,,"",""
ball,2,28.2,Tasmania,JC Silk,JR Doran,N McAndrew,4,0,,,,,,"",""
ball,2,28.3,Tasmania,JC Silk,JR Doran,N McAndrew,3,0,,,,,,"",""
ball,2,28.4,Tasmania,JR Doran,JC Silk,N McAndrew,0,0,,,,,,"",""
ball,2,28.5,Tasmania,JR Doran,JC Silk,N McAndrew,0,0,,,,,,"",""
ball,2,28.6,Tasmania,JR Doran,JC Silk,N McAndrew,0,0,,,,,,"",""
ball,2,29.1,Tasmania,JC Silk,JR Doran,WA Agar,3,0,,,,,,"",""
ball,2,29.2,Tasmania,JR Doran,JC Silk,WA Agar,0,0,,,,,,"",""
ball,2,29.3,Tasmania,JR Doran,JC Silk,WA Agar,0,0,,,,,,"",""
ball,2,29.4,Tasmania,JR Doran,JC Silk,WA Agar,4,0,,,,,,"",""
ball,2,29.5,Tasmania,JR Doran,JC Silk,WA Agar,0,0,,,,,,"",""
ball,2,29.6,Tasmania,JR Doran,JC Silk,WA Agar,0,0,,,,,,"",""
ball,2,30.1,Tasmania,JC Silk,JR Doran,N McAndrew,0,0,,,,,,"",""
ball,2,30.2,Tasmania,JC Silk,JR Doran,N McAndrew,0,0,,,,,,"",""
ball,2,30.3,Tasmania,JC Silk,JR Doran,N McAndrew,0,0,,,,,,"",""
ball,2,30.4,Tasmania,JC Silk,JR Doran,N McAndrew,0,0,,,,,,"",""
ball,2,30.5,Tasmania,JC Silk,JR Doran,N McAndrew,0,0,,,,,,caught,JC Silk
ball,2,30.6,Tasmania,GT Bell,JR Doran,N McAndrew,0,0,,,,,,"",""
ball,2,31.1,Tasmania,JR Doran,GT Bell,L Scott,3,0,,,,,,"",""
ball,2,31.2,Tasmania,GT Bell,JR Doran,L Scott,0,1,,1,,,,"",""
ball,2,31.3,Tasmania,GT Bell,JR Doran,L Scott,0,0,,,,,,"",""
ball,2,31.4,Tasmania,GT Bell,JR Doran,L Scott,0,0,,,,,,"",""
ball,2,31.5,Tasmania,GT Bell,JR Doran,L Scott,0,0,,,,,,"",""
ball,2,31.6,Tasmania,GT Bell,JR Doran,L Scott,0,0,,,,,,"",""
ball,2,31.7,Tasmania,GT Bell,JR Doran,L Scott,0,0,,,,,,"",""
ball,2,32.1,Tasmania,JR Doran,GT Bell,N McAndrew,3,0,,,,,,"",""
ball,2,32.2,Tasmania,GT Bell,JR Doran,N McAndrew,0,0,,,,,,"",""
ball,2,32.3,Tasmania,GT Bell,JR Doran,N McAndrew,0,0,,,,,,"",""
ball,2,32.4,Tasmania,GT Bell,JR Doran,N McAndrew,1,0,,,,,,"",""
ball,2,32.5,Tasmania,JR Doran,GT Bell,N McAndrew,0,0,,,,,,"",""
ball,2,32.6,Tasmania,JR Doran,GT Bell,N McAndrew,0,0,,,,,,"",""
ball,2,33.1,Tasmania,GT Bell,JR Doran,L Scott,0,1,,1,,,,"",""
ball,2,33.2,Tasmania,GT Bell,JR Doran,L Scott,0,0,,,,,,"",""
ball,2,33.3,Tasmania,GT Bell,JR Doran,L Scott,0,0,,,,,,"",""
ball,2,33.4,Tasmania,GT Bell,JR Doran,L Scott,0,0,,,,,,"",""
ball,2,33.5,Tasmania,GT Bell,JR Doran,L Scott,0,0,,,,,,"",""
ball,2,33.6,Tasmania,GT Bell,JR Doran,L Scott,0,0,,,,,,"",""
ball,2,33.7,Tasmania,GT Bell,JR Doran,L Scott,0,0,,,,,,"",""
ball,2,34.1,Tasmania,JR Doran,GT Bell,N McAndrew,0,0,,,,,,"",""
ball,2,34.2,Tasmania,JR Doran,GT Bell,N McAndrew,4,0,,,,,,"",""
ball,2,34.3,Tasmania,JR Doran,GT Bell,N McAndrew,0,0,,,,,,"",""
ball,2,34.4,Tasmania,JR Doran,GT Bell,N McAndrew,0,0,,,,,,"",""
ball,2,34.5,Tasmania,JR Doran,GT Bell,N McAndrew,0,0,,,,,,"",""
ball,2,34.6,Tasmania,JR Doran,GT Bell,N McAndrew,0,0,,,,,,"",""
ball,2,35.1,Tasmania,GT Bell,JR Doran,L Scott,0,0,,,,,,"",""
ball,2,35.2,Tasmania,GT Bell,JR Doran,L Scott,0,0,,,,,,"",""
ball,2,35.3,Tasmania,GT Bell,JR Doran,L Scott,0,0,,,,,,"",""
ball,2,35.4,Tasmania,GT Bell,JR Doran,L Scott,0,0,,,,,,"",""
ball,2,35.5,Tasmania,GT Bell,JR Doran,L Scott,0,0,,,,,,"",""
ball,2,35.6,Tasmania,GT Bell,JR Doran,L Scott,0,0,,,,,,"",""
ball,2,36.1,Tasmania,JR Doran,GT Bell,N McAndrew,0,0,,,,,,"",""
ball,2,36.2,Tasmania,JR Doran,GT Bell,N McAndrew,0,0,,,,,,"",""
ball,2,36.3,Tasmania,JR Doran,GT Bell,N McAndrew,0,0,,,,,,"",""
ball,2,36.4,Tasmania,JR Doran,GT Bell,N McAndrew,0,0,,,,,,"",""
ball,2,36.5,Tasmania,JR Doran,GT Bell,N McAndrew,4,0,,,,,,"",""
ball,2,36.6,Tasmania,JR Doran,GT Bell,N McAndrew,0,0,,,,,,"",""
ball,2,37.1,Tasmania,GT Bell,JR Doran,BAD Manenti,0,0,,,,,,"",""
ball,2,37.2,Tasmania,GT Bell,JR Doran,BAD Manenti,0,0,,,,,,"",""
ball,2,37.3,Tasmania,GT Bell,JR Doran,BAD Manenti,1,0,,,,,,"",""
ball,2,37.4,Tasmania,JR Doran,GT Bell,BAD Manenti,0,0,,,,,,"",""
ball,2,37.5,Tasmania,JR Doran,GT Bell,BAD Manenti,0,0,,,,,,"",""
ball,2,37.6,Tasmania,JR Doran,GT Bell,BAD Manenti,1,0,,,,,,"",""
ball,2,38.1,Tasmania,JR Doran,GT Bell,N McAndrew,4,0,,,,,,"",""
ball,2,38.2,Tasmania,JR Doran,GT Bell,N McAndrew,1,0,,,,,,"",""
ball,2,38.3,Tasmania,GT Bell,JR Doran,N McAndrew,0,0,,,,,,"",""
ball,2,38.4,Tasmania,GT Bell,JR Doran,N McAndrew,0,0,,,,,,"",""
ball,2,38.5,Tasmania,GT Bell,JR Doran,N McAndrew,4,0,,,,,,"",""
ball,2,38.6,Tasmania,GT Bell,JR Doran,N McAndrew,0,0,,,,,,"",""
ball,2,39.1,Tasmania,JR Doran,GT Bell,BAD Manenti,0,0,,,,,,"",""
ball,2,39.2,Tasmania,JR Doran,GT Bell,BAD Manenti,1,0,,,,,,"",""
ball,2,39.3,Tasmania,GT Bell,JR Doran,BAD Manenti,0,0,,,,,,"",""
ball,2,39.4,Tasmania,GT Bell,JR Doran,BAD Manenti,0,2,,,,2,,"",""
ball,2,39.5,Tasmania,GT Bell,JR Doran,BAD Manenti,0,0,,,,,,"",""
ball,2,39.6,Tasmania,GT Bell,JR Doran,BAD Manenti,0,0,,,,,,"",""
ball,2,40.1,Tasmania,JR Doran,GT Bell,WA Agar,0,0,,,,,,"",""
ball,2,40.2,Tasmania,JR Doran,GT Bell,WA Agar,0,0,,,,,,"",""
ball,2,40.3,Tasmania,JR Doran,GT Bell,WA Agar,0,0,,,,,,"",""
ball,2,40.4,Tasmania,JR Doran,GT Bell,WA Agar,0,0,,,,,,"",""
ball,2,40.5,Tasmania,JR Doran,GT Bell,WA Agar,2,0,,,,,,"",""
ball,2,40.6,Tasmania,JR Doran,GT Bell,WA Agar,0,0,,,,,,"",""
ball,2,41.1,Tasmania,GT Bell,JR Doran,BAD Manenti,0,0,,,,,,"",""
ball,2,41.2,Tasmania,GT Bell,JR Doran,BAD Manenti,0,0,,,,,,"",""
ball,2,41.3,Tasmania,GT Bell,JR Doran,BAD Manenti,0,0,,,,,,"",""
ball,2,41.4,Tasmania,GT Bell,JR Doran,BAD Manenti,0,0,,,,,,"",""
ball,2,41.5,Tasmania,GT Bell,JR Doran,BAD Manenti,0,0,,,,,,"",""
ball,2,41.6,Tasmania,GT Bell,JR Doran,BAD Manenti,0,0,,,,,,"",""
ball,2,42.1,Tasmania,JR Doran,GT Bell,WA Agar,0,0,,,,,,"",""
ball,2,42.2,Tasmania,JR Doran,GT Bell,WA Agar,3,0,,,,,,"",""
ball,2,42.3,Tasmania,GT Bell,JR Doran,WA Agar,0,0,,,,,,"",""
ball,2,42.4,Tasmania,GT Bell,JR Doran,WA Agar,0,0,,,,,,"",""
ball,2,42.5,Tasmania,GT Bell,JR Doran,WA Agar,3,0,,,,,,"",""
ball,2,42.6,Tasmania,JR Doran,GT Bell,WA Agar,0,0,,,,,,"",""
ball,2,43.1,Tasmania,GT Bell,JR Doran,BAD Manenti,0,0,,,,,,"",""
ball,2,43.2,Tasmania,GT Bell,JR Doran,BAD Manenti,0,0,,,,,,caught,GT Bell
ball,2,43.3,Tasmania,BM Hope,JR Doran,BAD Manenti,0,0,,,,,,"",""
ball,2,43.4,Tasmania,BM Hope,JR Doran,BAD Manenti,0,0,,,,,,"",""
ball,2,43.5,Tasmania,BM Hope,JR Doran,BAD Manenti,0,0,,,,,,"",""
ball,2,43.6,Tasmania,BM Hope,JR Doran,BAD Manenti,0,0,,,,,,"",""
ball,2,44.1,Tasmania,JR Doran,BM Hope,WA Agar,0,0,,,,,,"",""
ball,2,44.2,Tasmania,JR Doran,BM Hope,WA Agar,1,0,,,,,,"",""
ball,2,44.3,Tasmania,BM Hope,JR Doran,WA Agar,0,0,,,,,,"",""
ball,2,44.4,Tasmania,BM Hope,JR Doran,WA Agar,0,0,,,,,,"",""
ball,2,44.5,Tasmania,BM Hope,JR Doran,WA Agar,0,0,,,,,,"",""
ball,2,44.6,Tasmania,BM Hope,JR Doran,WA Agar,3,0,,,,,,"",""
ball,2,45.1,Tasmania,BM Hope,JR Doran,BAD Manenti,0,0,,,,,,"",""
ball,2,45.2,Tasmania,BM Hope,JR Doran,BAD Manenti,0,0,,,,,,"",""
ball,2,45.3,Tasmania,BM Hope,JR Doran,BAD Manenti,0,0,,,,,,"",""
ball,2,45.4,Tasmania,BM Hope,JR Doran,BAD Manenti,0,0,,,,,,"",""
ball,2,45.5,Tasmania,BM Hope,JR Doran,BAD Manenti,4,0,,,,,,"",""
ball,2,45.6,Tasmania,BM Hope,JR Doran,BAD Manenti,0,0,,,,,,"",""
ball,2,46.1,Tasmania,JR Doran,BM Hope,HTRY Thornton,2,0,,,,,,"",""
ball,2,46.2,Tasmania,JR Doran,BM Hope,HTRY Thornton,0,0,,,,,,"",""
ball,2,46.3,Tasmania,JR Doran,BM Hope,HTRY Thornton,2,0,,,,,,"",""
ball,2,46.4,Tasmania,JR Doran,BM Hope,HTRY Thornton,0,0,,,,,,"",""
ball,2,46.5,Tasmania,JR Doran,BM Hope,HTRY Thornton,4,0,,,,,,"",""
ball,2,46.6,Tasmania,JR Doran,BM Hope,HTRY Thornton,1,0,,,,,,"",""
ball,2,47.1,Tasmania,JR Doran,BM Hope,BAD Manenti,0,0,,,,,,"",""
ball,2,47.2,Tasmania,JR Doran,BM Hope,BAD Manenti,0,0,,,,,,"",""
ball,2,47.3,Tasmania,JR Doran,BM Hope,BAD Manenti,1,0,,,,,,"",""
ball,2,47.4,Tasmania,BM Hope,JR Doran,BAD Manenti,0,0,,,,,,"",""
ball,2,47.5,Tasmania,BM Hope,JR Doran,BAD Manenti,0,0,,,,,,"",""
ball,2,47.6,Tasmania,BM Hope,JR Doran,BAD Manenti,0,0,,,,,,"",""
ball,2,48.1,Tasmania,JR Doran,BM Hope,HTRY Thornton,0,1,,1,,,,"",""
ball,2,48.2,Tasmania,JR Doran,BM Hope,HTRY Thornton,0,0,,,,,,"",""
ball,2,48.3,Tasmania,JR Doran,BM Hope,HTRY Thornton,0,0,,,,,,"",""
ball,2,48.4,Tasmania,JR Doran,BM Hope,HTRY Thornton,0,0,,,,,,"",""
ball,2,48.5,Tasmania,JR Doran,BM Hope,HTRY Thornton,4,0,,,,,,"",""
ball,2,48.6,Tasmania,JR Doran,BM Hope,HTRY Thornton,1,0,,,,,,"",""
ball,2,48.7,Tasmania,BM Hope,JR Doran,HTRY Thornton,0,0,,,,,,"",""
ball,2,49.1,Tasmania,JR Doran,BM Hope,BAD Manenti,1,0,,,,,,"",""
ball,2,49.2,Tasmania,BM Hope,JR Doran,BAD Manenti,0,0,,,,,,"",""
ball,2,49.3,Tasmania,BM Hope,JR Doran,BAD Manenti,0,0,,,,,,"",""
ball,2,49.4,Tasmania,BM Hope,JR Doran,BAD Manenti,0,0,,,,,,"",""
ball,2,49.5,Tasmania,BM Hope,JR Doran,BAD Manenti,0,0,,,,,,"",""
ball,2,49.6,Tasmania,BM Hope,JR Doran,BAD Manenti,0,0,,,,,,"",""
ball,2,50.1,Tasmania,JR Doran,BM Hope,HTRY Thornton,0,0,,,,,,"",""
ball,2,50.2,Tasmania,JR Doran,BM Hope,HTRY Thornton,0,0,,,,,,"",""
ball,2,50.3,Tasmania,JR Doran,BM Hope,HTRY Thornton,0,0,,,,,,"",""
ball,2,50.4,Tasmania,JR Doran,BM Hope,HTRY Thornton,0,0,,,,,,"",""
ball,2,50.5,Tasmania,JR Doran,BM Hope,HTRY Thornton,0,0,,,,,,"",""
ball,2,50.6,Tasmania,JR Doran,BM Hope,HTRY Thornton,0,0,,,,,,"",""
ball,2,51.1,Tasmania,BM Hope,JR Doran,BAD Manenti,0,0,,,,,,"",""
ball,2,51.2,Tasmania,BM Hope,JR Doran,BAD Manenti,0,0,,,,,,"",""
ball,2,51.3,Tasmania,BM Hope,JR Doran,BAD Manenti,1,0,,,,,,"",""
ball,2,51.4,Tasmania,JR Doran,BM Hope,BAD Manenti,0,0,,,,,,"",""
ball,2,51.5,Tasmania,JR Doran,BM Hope,BAD Manenti,0,0,,,,,,"",""
ball,2,51.6,Tasmania,JR Doran,BM Hope,BAD Manenti,0,0,,,,,,"",""
ball,2,52.1,Tasmania,BM Hope,JR Doran,HTRY Thornton,0,0,,,,,,lbw,BM Hope
ball,2,52.2,Tasmania,MJ Owen,JR Doran,HTRY Thornton,0,0,,,,,,"",""
ball,2,52.3,Tasmania,MJ Owen,JR Doran,HTRY Thornton,0,0,,,,,,"",""
ball,2,52.4,Tasmania,MJ Owen,JR Doran,HTRY Thornton,0,0,,,,,,"",""
ball,2,52.5,Tasmania,MJ Owen,JR Doran,HTRY Thornton,4,0,,,,,,"",""
ball,2,52.6,Tasmania,MJ Owen,JR Doran,HTRY Thornton,0,0,,,,,,"",""
ball,2,53.1,Tasmania,JR Doran,MJ Owen,BAD Manenti,0,0,,,,,,"",""
ball,2,53.2,Tasmania,JR Doran,MJ Owen,BAD Manenti,0,0,,,,,,"",""
ball,2,53.3,Tasmania,JR Doran,MJ Owen,BAD Manenti,1,0,,,,,,"",""
ball,2,53.4,Tasmania,MJ Owen,JR Doran,BAD Manenti,0,0,,,,,,"",""
ball,2,53.5,Tasmania,MJ Owen,JR Doran,BAD Manenti,4,0,,,,,,"",""
ball,2,53.6,Tasmania,MJ Owen,JR Doran,BAD Manenti,1,0,,,,,,"",""
ball,2,54.1,Tasmania,MJ Owen,JR Doran,HTRY Thornton,0,0,,,,,,"",""
ball,2,54.2,Tasmania,MJ Owen,JR Doran,HTRY Thornton,0,0,,,,,,"",""
ball,2,54.3,Tasmania,MJ Owen,JR Doran,HTRY Thornton,4,0,,,,,,"",""
ball,2,54.4,Tasmania,MJ Owen,JR Doran,HTRY Thornton,0,0,,,,,,"",""
ball,2,54.5,Tasmania,MJ Owen,JR Doran,HTRY Thornton,0,0,,,,,,"",""
ball,2,54.6,Tasmania,MJ Owen,JR Doran,HTRY Thornton,0,0,,,,,,"",""
ball,2,55.1,Tasmania,JR Doran,MJ Owen,BAD Manenti,0,0,,,,,,"",""
ball,2,55.2,Tasmania,JR Doran,MJ Owen,BAD Manenti,1,0,,,,,,"",""
ball,2,55.3,Tasmania,MJ Owen,JR Doran,BAD Manenti,0,0,,,,,,"",""
ball,2,55.4,Tasmania,MJ Owen,JR Doran,BAD Manenti,1,0,,,,,,"",""
ball,2,55.5,Tasmania,JR Doran,MJ Owen,BAD Manenti,0,0,,,,,,"",""
ball,2,55.6,Tasmania,JR Doran,MJ Owen,BAD Manenti,1,0,,,,,,"",""
ball,2,56.1,Tasmania,JR Doran,MJ Owen,HTRY Thornton,0,0,,,,,,"",""
ball,2,56.2,Tasmania,JR Doran,MJ Owen,HTRY Thornton,0,0,,,,,,bowled,JR Doran
ball,2,56.3,Tasmania,L Neil-Smith,MJ Owen,HTRY Thornton,0,0,,,,,,"",""
ball,2,56.4,Tasmania,L Neil-Smith,MJ Owen,HTRY Thornton,0,0,,,,,,"",""
ball,2,56.5,Tasmania,L Neil-Smith,MJ Owen,HTRY Thornton,0,0,,,,,,"",""
ball,2,56.6,Tasmania,L Neil-Smith,MJ Owen,HTRY Thornton,2,0,,,,,,"",""
ball,2,57.1,Tasmania,MJ Owen,L Neil-Smith,BAD Manenti,0,0,,,,,,"",""
ball,2,57.2,Tasmania,MJ Owen,L Neil-Smith,BAD Manenti,0,0,,,,,,"",""
ball,2,57.3,Tasmania,MJ Owen,L Neil-Smith,BAD Manenti,0,0,,,,,,"",""
ball,2,57.4,Tasmania,MJ Owen,L Neil-Smith,BAD Manenti,0,0,,,,,,"",""
ball,2,57.5,Tasmania,MJ Owen,L Neil-Smith,BAD Manenti,0,0,,,,,,"",""
ball,2,57.6,Tasmania,MJ Owen,L Neil-Smith,BAD Manenti,1,0,,,,,,"",""
ball,2,58.1,Tasmania,MJ Owen,L Neil-Smith,N McAndrew,0,0,,,,,,"",""
ball,2,58.2,Tasmania,MJ Owen,L Neil-Smith,N McAndrew,0,0,,,,,,"",""
ball,2,58.3,Tasmania,MJ Owen,L Neil-Smith,N McAndrew,3,0,,,,,,"",""
ball,2,58.4,Tasmania,L Neil-Smith,MJ Owen,N McAndrew,2,0,,,,,,"",""
ball,2,58.5,Tasmania,L Neil-Smith,MJ Owen,N McAndrew,0,0,,,,,,bowled,L Neil-Smith
ball,2,58.6,Tasmania,MP Kuhnemann,MJ Owen,N McAndrew,0,0,,,,,,"",""
ball,2,59.1,Tasmania,MJ Owen,MP Kuhnemann,BAD Manenti,0,0,,,,,,"",""
ball,2,59.2,Tasmania,MJ Owen,MP Kuhnemann,BAD Manenti,0,0,,,,,,"",""
ball,2,59.3,Tasmania,MJ Owen,MP Kuhnemann,BAD Manenti,1,0,,,,,,"",""
ball,2,59.4,Tasmania,MP Kuhnemann,MJ Owen,BAD Manenti,0,0,,,,,,"",""
ball,2,59.5,Tasmania,MP Kuhnemann,MJ Owen,BAD Manenti,1,0,,,,,,"",""
ball,2,59.6,Tasmania,MJ Owen,MP Kuhnemann,BAD Manenti,0,0,,,,,,"",""
ball,2,60.1,Tasmania,MP Kuhnemann,MJ Owen,N McAndrew,0,0,,,,,,"",""
ball,2,60.2,Tasmania,MP Kuhnemann,MJ Owen,N McAndrew,1,0,,,,,,"",""
ball,2,60.3,Tasmania,MJ Owen,MP Kuhnemann,N McAndrew,0,0,,,,,,"",""
ball,2,60.4,Tasmania,MJ Owen,MP Kuhnemann,N McAndrew,0,0,,,,,,"",""
ball,2,60.5,Tasmania,MJ Owen,MP Kuhnemann,N McAndrew,0,0,,,,,,"",""
ball,2,60.6,Tasmania,MJ Owen,MP Kuhnemann,N McAndrew,0,0,,,,,,"",""
ball,2,61.1,Tasmania,MP Kuhnemann,MJ Owen,BAD Manenti,0,0,,,,,,"",""
ball,2,61.2,Tasmania,MP Kuhnemann,MJ Owen,BAD Manenti,0,0,,,,,,"",""
ball,2,61.3,Tasmania,MP Kuhnemann,MJ Owen,BAD Manenti,0,0,,,,,,"",""
ball,2,61.4,Tasmania,MP Kuhnemann,MJ Owen,BAD Manenti,0,0,,,,,,"",""
ball,2,61.5,Tasmania,MP Kuhnemann,MJ Owen,BAD Manenti,0,0,,,,,,"",""
ball,2,61.6,Tasmania,MP Kuhnemann,MJ Owen,BAD Manenti,0,0,,,,,,"",""
ball,2,62.1,Tasmania,MJ Owen,MP Kuhnemann,N McAndrew,2,0,,,,,,"",""
ball,2,62.2,Tasmania,MJ Owen,MP Kuhnemann,N McAndrew,0,0,,,,,,"",""
ball,2,62.3,Tasmania,MJ Owen,MP Kuhnemann,N McAndrew,0,0,,,,,,"",""
ball,2,62.4,Tasmania,MJ Owen,MP Kuhnemann,N McAndrew,1,0,,,,,,"",""
ball,2,62.5,Tasmania,MP Kuhnemann,MJ Owen,N McAndrew,0,0,,,,,,"",""
ball,2,62.6,Tasmania,MP Kuhnemann,MJ Owen,N McAndrew,0,0,,,,,,"",""
ball,2,63.1,Tasmania,MJ Owen,MP Kuhnemann,L Scott,1,0,,,,,,"",""
ball,2,63.2,Tasmania,MP Kuhnemann,MJ Owen,L Scott,0,0,,,,,,"",""
ball,2,63.3,Tasmania,MP Kuhnemann,MJ Owen,L Scott,0,0,,,,,,"",""
ball,2,63.4,Tasmania,MP Kuhnemann,MJ Owen,L Scott,0,0,,,,,,"",""
ball,2,63.5,Tasmania,MP Kuhnemann,MJ Owen,L Scott,0,0,,,,,,"",""
ball,2,63.6,Tasmania,MP Kuhnemann,MJ Owen,L Scott,0,0,,,,,,"",""
ball,2,64.1,Tasmania,MJ Owen,MP Kuhnemann,N McAndrew,0,0,,,,,,"",""
ball,2,64.2,Tasmania,MJ Owen,MP Kuhnemann,N McAndrew,2,0,,,,,,"",""
ball,2,64.3,Tasmania,MJ Owen,MP Kuhnemann,N McAndrew,0,0,,,,,,"",""
ball,2,64.4,Tasmania,MJ Owen,MP Kuhnemann,N McAndrew,0,0,,,,,,"",""
ball,2,64.5,Tasmania,MJ Owen,MP Kuhnemann,N McAndrew,1,0,,,,,,"",""
ball,2,64.6,Tasmania,MP Kuhnemann,MJ Owen,N McAndrew,0,0,,,,,,"",""
ball,2,65.1,Tasmania,MJ Owen,MP Kuhnemann,L Scott,1,0,,,,,,"",""
ball,2,65.2,Tasmania,MP Kuhnemann,MJ Owen,L Scott,0,0,,,,,,"",""
ball,2,65.3,Tasmania,MP Kuhnemann,MJ Owen,L Scott,0,0,,,,,,"",""
ball,2,65.4,Tasmania,MP Kuhnemann,MJ Owen,L Scott,1,0,,,,,,"",""
ball,2,65.5,Tasmania,MJ Owen,MP Kuhnemann,L Scott,0,0,,,,,,"",""
ball,2,65.6,Tasmania,MJ Owen,MP Kuhnemann,L Scott,1,0,,,,,,"",""
ball,2,66.1,Tasmania,MJ Owen,MP Kuhnemann,N McAndrew,0,0,,,,,,"",""
ball,2,66.2,Tasmania,MJ Owen,MP Kuhnemann,N McAndrew,0,0,,,,,,"",""
ball,2,66.3,Tasmania,MJ Owen,MP Kuhnemann,N McAndrew,0,0,,,,,,"",""
ball,2,66.4,Tasmania,MJ Owen,MP Kuhnemann,N McAndrew,1,0,,,,,,"",""
ball,2,66.5,Tasmania,MP Kuhnemann,MJ Owen,N McAndrew,0,0,,,,,,"",""
ball,2,66.6,Tasmania,MP Kuhnemann,MJ Owen,N McAndrew,1,0,,,,,,"",""
ball,2,67.1,Tasmania,MP Kuhnemann,MJ Owen,L Scott,0,0,,,,,,"",""
ball,2,67.2,Tasmania,MP Kuhnemann,MJ Owen,L Scott,0,0,,,,,,caught,MP Kuhnemann
ball,2,67.3,Tasmania,RP Meredith,MJ Owen,L Scott,0,0,,,,,,"",""
ball,2,67.4,Tasmania,RP Meredith,MJ Owen,L Scott,1,0,,,,,,"",""
ball,2,67.5,Tasmania,MJ Owen,RP Meredith,L Scott,1,0,,,,,,"",""
ball,2,67.6,Tasmania,RP Meredith,MJ Owen,L Scott,0,0,,,,,,"",""
ball,2,68.1,Tasmania,MJ Owen,RP Meredith,HTRY Thornton,0,0,,,,,,caught,MJ Owen
ball,3,0.1,South Australia,CJ McInerney,HJ Hunt,L Neil-Smith,0,0,,,,,,"",""
ball,3,0.2,South Australia,CJ McInerney,HJ Hunt,L Neil-Smith,0,0,,,,,,"",""
ball,3,0.3,South Australia,CJ McInerney,HJ Hunt,L Neil-Smith,0,0,,,,,,"",""
ball,3,0.4,South Australia,CJ McInerney,HJ Hunt,L Neil-Smith,1,0,,,,,,"",""
ball,3,0.5,South Australia,HJ Hunt,CJ McInerney,L Neil-Smith,0,0,,,,,,"",""
ball,3,0.6,South Australia,HJ Hunt,CJ McInerney,L Neil-Smith,4,0,,,,,,"",""
ball,3,1.1,South Australia,CJ McInerney,HJ Hunt,GT Bell,0,0,,,,,,"",""
ball,3,1.2,South Australia,CJ McInerney,HJ Hunt,GT Bell,2,0,,,,,,"",""
ball,3,1.3,South Australia,CJ McInerney,HJ Hunt,GT Bell,0,0,,,,,,"",""
ball,3,1.4,South Australia,CJ McInerney,HJ Hunt,GT Bell,0,0,,,,,,"",""
ball,3,1.5,South Australia,CJ McInerney,HJ Hunt,GT Bell,0,0,,,,,,"",""
ball,3,1.6,South Australia,CJ McInerney,HJ Hunt,GT Bell,0,0,,,,,,"",""
ball,3,2.1,South Australia,HJ Hunt,CJ McInerney,L Neil-Smith,0,0,,,,,,"",""
ball,3,2.2,South Australia,HJ Hunt,CJ McInerney,L Neil-Smith,0,0,,,,,,"",""
ball,3,2.3,South Australia,HJ Hunt,CJ McInerney,L Neil-Smith,0,0,,,,,,"",""
ball,3,2.4,South Australia,HJ Hunt,CJ McInerney,L Neil-Smith,0,0,,,,,,"",""
ball,3,2.5,South Australia,HJ Hunt,CJ McInerney,L Neil-Smith,0,0,,,,,,"",""
ball,3,2.6,South Australia,HJ Hunt,CJ McInerney,L Neil-Smith,0,0,,,,,,"",""
ball,3,3.1,South Australia,CJ McInerney,HJ Hunt,GT Bell,0,0,,,,,,"",""
ball,3,3.2,South Australia,CJ McInerney,HJ Hunt,GT Bell,4,0,,,,,,"",""
ball,3,3.3,South Australia,CJ McInerney,HJ Hunt,GT Bell,0,0,,,,,,"",""
ball,3,3.4,South Australia,CJ McInerney,HJ Hunt,GT Bell,0,0,,,,,,"",""
ball,3,3.5,South Australia,CJ McInerney,HJ Hunt,GT Bell,4,0,,,,,,"",""
ball,3,3.6,South Australia,CJ McInerney,HJ Hunt,GT Bell,0,0,,,,,,"",""
ball,3,4.1,South Australia,HJ Hunt,CJ McInerney,L Neil-Smith,0,0,,,,,,"",""
ball,3,4.2,South Australia,HJ Hunt,CJ McInerney,L Neil-Smith,4,0,,,,,,"",""
ball,3,4.3,South Australia,HJ Hunt,CJ McInerney,L Neil-Smith,0,0,,,,,,"",""
ball,3,4.4,South Australia,HJ Hunt,CJ McInerney,L Neil-Smith,0,0,,,,,,"",""
ball,3,4.5,South Australia,HJ Hunt,CJ McInerney,L Neil-Smith,0,0,,,,,,"",""
ball,3,4.6,South Australia,HJ Hunt,CJ McInerney,L Neil-Smith,0,0,,,,,,"",""
ball,3,5.1,South Australia,CJ McInerney,HJ Hunt,GT Bell,2,0,,,,,,"",""
ball,3,5.2,South Australia,CJ McInerney,HJ Hunt,GT Bell,3,0,,,,,,"",""
ball,3,5.3,South Australia,HJ Hunt,CJ McInerney,GT Bell,2,0,,,,,,"",""
ball,3,5.4,South Australia,HJ Hunt,CJ McInerney,GT Bell,0,0,,,,,,"",""
ball,3,5.5,South Australia,HJ Hunt,CJ McInerney,GT Bell,0,0,,,,,,"",""
ball,3,5.6,South Australia,HJ Hunt,CJ McInerney,GT Bell,0,0,,,,,,"",""
ball,3,6.1,South Australia,CJ McInerney,HJ Hunt,L Neil-Smith,0,0,,,,,,"",""
ball,3,6.2,South Australia,CJ McInerney,HJ Hunt,L Neil-Smith,0,0,,,,,,"",""
ball,3,6.3,South Australia,CJ McInerney,HJ Hunt,L Neil-Smith,0,0,,,,,,"",""
ball,3,6.4,South Australia,CJ McInerney,HJ Hunt,L Neil-Smith,4,0,,,,,,"",""
ball,3,6.5,South Australia,CJ McInerney,HJ Hunt,L Neil-Smith,4,0,,,,,,"",""
ball,3,6.6,South Australia,CJ McInerney,HJ Hunt,L Neil-Smith,0,0,,,,,,"",""
ball,3,7.1,South Australia,HJ Hunt,CJ McInerney,GT Bell,4,0,,,,,,"",""
ball,3,7.2,South Australia,HJ Hunt,CJ McInerney,GT Bell,0,0,,,,,,"",""
ball,3,7.3,South Australia,HJ Hunt,CJ McInerney,GT Bell,1,0,,,,,,"",""
ball,3,7.4,South Australia,CJ McInerney,HJ Hunt,GT Bell,0,1,,,,1,,"",""
ball,3,7.5,South Australia,HJ Hunt,CJ McInerney,GT Bell,0,0,,,,,,"",""
ball,3,7.6,South Australia,HJ Hunt,CJ McInerney,GT Bell,0,0,,,,,,"",""
ball,3,8.1,South Australia,CJ McInerney,HJ Hunt,RP Meredith,0,0,,,,,,"",""
ball,3,8.2,South Australia,CJ McInerney,HJ Hunt,RP Meredith,1,0,,,,,,"",""
ball,3,8.3,South Australia,HJ Hunt,CJ McInerney,RP Meredith,0,0,,,,,,"",""
ball,3,8.4,South Australia,HJ Hunt,CJ McInerney,RP Meredith,0,0,,,,,,"",""
ball,3,8.5,South Australia,HJ Hunt,CJ McInerney,RP Meredith,0,0,,,,,,"",""
ball,3,8.6,South Australia,HJ Hunt,CJ McInerney,RP Meredith,0,0,,,,,,"",""
ball,3,9.1,South Australia,CJ McInerney,HJ Hunt,GT Bell,0,0,,,,,,"",""
ball,3,9.2,South Australia,CJ McInerney,HJ Hunt,GT Bell,0,0,,,,,,"",""
ball,3,9.3,South Australia,CJ McInerney,HJ Hunt,GT Bell,0,0,,,,,,"",""
ball,3,9.4,South Australia,CJ McInerney,HJ Hunt,GT Bell,1,0,,,,,,"",""
ball,3,9.5,South Australia,HJ Hunt,CJ McInerney,GT Bell,0,0,,,,,,"",""
ball,3,9.6,South Australia,HJ Hunt,CJ McInerney,GT Bell,0,0,,,,,,"",""
ball,3,10.1,South Australia,CJ McInerney,HJ Hunt,RP Meredith,0,0,,,,,,"",""
ball,3,10.2,South Australia,CJ McInerney,HJ Hunt,RP Meredith,4,0,,,,,,"",""
ball,3,10.3,South Australia,CJ McInerney,HJ Hunt,RP Meredith,6,0,,,,,,"",""
ball,3,10.4,South Australia,CJ McInerney,HJ Hunt,RP Meredith,4,0,,,,,,"",""
ball,3,10.5,South Australia,CJ McInerney,HJ Hunt,RP Meredith,1,0,,,,,,"",""
ball,3,10.6,South Australia,HJ Hunt,CJ McInerney,RP Meredith,0,0,,,,,,"",""
ball,3,11.1,South Australia,CJ McInerney,HJ Hunt,MJ Owen,0,0,,,,,,"",""
ball,3,11.2,South Australia,CJ McInerney,HJ Hunt,MJ Owen,1,0,,,,,,"",""
ball,3,11.3,South Australia,HJ Hunt,CJ McInerney,MJ Owen,0,0,,,,,,"",""
ball,3,11.4,South Australia,HJ Hunt,CJ McInerney,MJ Owen,0,0,,,,,,"",""
ball,3,11.5,South Australia,HJ Hunt,CJ McInerney,MJ Owen,0,0,,,,,,"",""
ball,3,11.6,South Australia,HJ Hunt,CJ McInerney,MJ Owen,1,0,,,,,,"",""
ball,3,12.1,South Australia,HJ Hunt,CJ McInerney,RP Meredith,4,0,,,,,,"",""
ball,3,12.2,South Australia,HJ Hunt,CJ McInerney,RP Meredith,1,0,,,,,,"",""
ball,3,12.3,South Australia,CJ McInerney,HJ Hunt,RP Meredith,0,0,,,,,,"",""
ball,3,12.4,South Australia,CJ McInerney,HJ Hunt,RP Meredith,3,0,,,,,,"",""
ball,3,12.5,South Australia,HJ Hunt,CJ McInerney,RP Meredith,0,0,,,,,,"",""
ball,3,12.6,South Australia,HJ Hunt,CJ McInerney,RP Meredith,0,0,,,,,,"",""
ball,3,13.1,South Australia,CJ McInerney,HJ Hunt,MJ Owen,1,0,,,,,,"",""
ball,3,13.2,South Australia,HJ Hunt,CJ McInerney,MJ Owen,0,0,,,,,,"",""
ball,3,13.3,South Australia,HJ Hunt,CJ McInerney,MJ Owen,1,0,,,,,,"",""
ball,3,13.4,South Australia,CJ McInerney,HJ Hunt,MJ Owen,0,5,5,,,,,"",""
ball,3,13.5,South Australia,CJ McInerney,HJ Hunt,MJ Owen,4,0,,,,,,"",""
ball,3,13.6,South Australia,CJ McInerney,HJ Hunt,MJ Owen,0,0,,,,,,"",""
ball,3,13.7,South Australia,CJ McInerney,HJ Hunt,MJ Owen,1,0,,,,,,"",""
ball,3,14.1,South Australia,CJ McInerney,HJ Hunt,RP Meredith,1,0,,,,,,"",""
ball,3,14.2,South Australia,HJ Hunt,CJ McInerney,RP Meredith,1,0,,,,,,"",""
ball,3,14.3,South Australia,CJ McInerney,HJ Hunt,RP Meredith,0,0,,,,,,"",""
ball,3,14.4,South Australia,CJ McInerney,HJ Hunt,RP Meredith,4,0,,,,,,"",""
ball,3,14.5,South Australia,CJ McInerney,HJ Hunt,RP Meredith,0,0,,,,,,"",""
ball,3,14.6,South Australia,CJ McInerney,HJ Hunt,RP Meredith,0,0,,,,,,"",""
ball,3,15.1,South Australia,HJ Hunt,CJ McInerney,MP Kuhnemann,1,0,,,,,,"",""
ball,3,15.2,South Australia,CJ McInerney,HJ Hunt,MP Kuhnemann,4,0,,,,,,"",""
ball,3,15.3,South Australia,CJ McInerney,HJ Hunt,MP Kuhnemann,0,0,,,,,,"",""
ball,3,15.4,South Australia,CJ McInerney,HJ Hunt,MP Kuhnemann,4,0,,,,,,"",""
ball,3,15.5,South Australia,CJ McInerney,HJ Hunt,MP Kuhnemann,1,0,,,,,,"",""
ball,3,15.6,South Australia,HJ Hunt,CJ McInerney,MP Kuhnemann,0,0,,,,,,"",""
ball,3,16.1,South Australia,CJ McInerney,HJ Hunt,N Radhakrishnan,1,0,,,,,,"",""
ball,3,16.2,South Australia,HJ Hunt,CJ McInerney,N Radhakrishnan,0,0,,,,,,"",""
ball,3,16.3,South Australia,HJ Hunt,CJ McInerney,N Radhakrishnan,0,0,,,,,,"",""
ball,3,16.4,South Australia,HJ Hunt,CJ McInerney,N Radhakrishnan,1,0,,,,,,"",""
ball,3,16.5,South Australia,CJ McInerney,HJ Hunt,N Radhakrishnan,0,0,,,,,,"",""
ball,3,16.6,South Australia,CJ McInerney,HJ Hunt,N Radhakrishnan,0,0,,,,,,"",""
ball,3,17.1,South Australia,HJ Hunt,CJ McInerney,MP Kuhnemann,0,0,,,,,,"",""
ball,3,17.2,South Australia,HJ Hunt,CJ McInerney,MP Kuhnemann,0,1,,,,1,,"",""
ball,3,17.3,South Australia,CJ McInerney,HJ Hunt,MP Kuhnemann,1,0,,,,,,"",""
ball,3,17.4,South Australia,HJ Hunt,CJ McInerney,MP Kuhnemann,1,0,,,,,,"",""
ball,3,17.5,South Australia,CJ McInerney,HJ Hunt,MP Kuhnemann,4,0,,,,,,"",""
ball,3,17.6,South Australia,CJ McInerney,HJ Hunt,MP Kuhnemann,0,0,,,,,,"",""
ball,3,18.1,South Australia,HJ Hunt,CJ McInerney,N Radhakrishnan,1,0,,,,,,"",""
ball,3,18.2,South Australia,CJ McInerney,HJ Hunt,N Radhakrishnan,1,0,,,,,,"",""
ball,3,18.3,South Australia,HJ Hunt,CJ McInerney,N Radhakrishnan,1,0,,,,,,"",""
ball,3,18.4,South Australia,CJ McInerney,HJ Hunt,N Radhakrishnan,0,0,,,,,,"",""
ball,3,18.5,South Australia,CJ McInerney,HJ Hunt,N Radhakrishnan,1,0,,,,,,"",""
ball,3,18.6,South Australia,HJ Hunt,CJ McInerney,N Radhakrishnan,1,0,,,,,,"",""
ball,3,19.1,South Australia,HJ Hunt,CJ McInerney,MP Kuhnemann,0,0,,,,,,"",""
ball,3,19.2,South Australia,HJ Hunt,CJ McInerney,MP Kuhnemann,1,0,,,,,,"",""
ball,3,19.3,South Australia,CJ McInerney,HJ Hunt,MP Kuhnemann,0,0,,,,,,"",""
ball,3,19.4,South Australia,CJ McInerney,HJ Hunt,MP Kuhnemann,0,0,,,,,,"",""
ball,3,19.5,South Australia,CJ McInerney,HJ Hunt,MP Kuhnemann,0,0,,,,,,"",""
ball,3,19.6,South Australia,CJ McInerney,HJ Hunt,MP Kuhnemann,1,0,,,,,,"",""
ball,3,20.1,South Australia,CJ McInerney,HJ Hunt,N Radhakrishnan,1,0,,,,,,"",""
ball,3,20.2,South Australia,HJ Hunt,CJ McInerney,N Radhakrishnan,1,0,,,,,,"",""
ball,3,20.3,South Australia,CJ McInerney,HJ Hunt,N Radhakrishnan,0,0,,,,,,"",""
ball,3,20.4,South Australia,CJ McInerney,HJ Hunt,N Radhakrishnan,0,0,,,,,,"",""
ball,3,20.5,South Australia,CJ McInerney,HJ Hunt,N Radhakrishnan,0,4,,,4,,,"",""
ball,3,20.6,South Australia,CJ McInerney,HJ Hunt,N Radhakrishnan,0,0,,,,,,"",""
ball,3,21.1,South Australia,HJ Hunt,CJ McInerney,MP Kuhnemann,0,0,,,,,,"",""
ball,3,21.2,South Australia,HJ Hunt,CJ McInerney,MP Kuhnemann,0,0,,,,,,caught and bowled,HJ Hunt
ball,3,21.3,South Australia,JJS Sangha,CJ McInerney,MP Kuhnemann,0,0,,,,,,"",""
ball,3,21.4,South Australia,JJS Sangha,CJ McInerney,MP Kuhnemann,0,0,,,,,,"",""
ball,3,21.5,South Australia,JJS Sangha,CJ McInerney,MP Kuhnemann,0,0,,,,,,"",""
ball,3,21.6,South Australia,JJS Sangha,CJ McInerney,MP Kuhnemann,0,0,,,,,,"",""
ball,3,22.1,South Australia,CJ McInerney,JJS Sangha,N Radhakrishnan,0,1,,1,,,,"",""
ball,3,22.2,South Australia,CJ McInerney,JJS Sangha,N Radhakrishnan,0,0,,,,,,caught,CJ McInerney
ball,3,22.3,South Australia,JS Lehmann,JJS Sangha,N Radhakrishnan,1,0,,,,,,"",""
ball,3,22.4,South Australia,JJS Sangha,JS Lehmann,N Radhakrishnan,0,0,,,,,,"",""
ball,3,22.5,South Australia,JJS Sangha,JS Lehmann,N Radhakrishnan,0,0,,,,,,"",""
ball,3,22.6,South Australia,JJS Sangha,JS Lehmann,N Radhakrishnan,0,0,,,,,,"",""
ball,3,22.7,South Australia,JJS Sangha,JS Lehmann,N Radhakrishnan,1,0,,,,,,"",""
ball,3,23.1,South Australia,JJS Sangha,JS Lehmann,MP Kuhnemann,0,0,,,,,,"",""
ball,3,23.2,South Australia,JJS Sangha,JS Lehmann,MP Kuhnemann,0,0,,,,,,"",""
ball,3,23.3,South Australia,JJS Sangha,JS Lehmann,MP Kuhnemann,0,0,,,,,,"",""
ball,3,23.4,South Australia,JJS Sangha,JS Lehmann,MP Kuhnemann,1,0,,,,,,"",""
ball,3,23.5,South Australia,JS Lehmann,JJS Sangha,MP Kuhnemann,0,0,,,,,,"",""
ball,3,23.6,South Australia,JS Lehmann,JJS Sangha,MP Kuhnemann,0,0,,,,,,"",""
ball,3,24.1,South Australia,JJS Sangha,JS Lehmann,N Radhakrishnan,0,0,,,,,,"",""
ball,3,24.2,South Australia,JJS Sangha,JS Lehmann,N Radhakrishnan,0,0,,,,,,"",""
ball,3,24.3,South Australia,JJS Sangha,JS Lehmann,N Radhakrishnan,0,0,,,,,,"",""
ball,3,24.4,South Australia,JJS Sangha,JS Lehmann,N Radhakrishnan,2,0,,,,,,"",""
ball,3,24.5,South Australia,JJS Sangha,JS Lehmann,N Radhakrishnan,2,0,,,,,,"",""
ball,3,24.6,South Australia,JJS Sangha,JS Lehmann,N Radhakrishnan,1,0,,,,,,"",""
ball,3,25.1,South Australia,JJS Sangha,JS Lehmann,MP Kuhnemann,0,0,,,,,,"",""
ball,3,25.2,South Australia,JJS Sangha,JS Lehmann,MP Kuhnemann,1,0,,,,,,"",""
ball,3,25.3,South Australia,JS Lehmann,JJS Sangha,MP Kuhnemann,0,0,,,,,,"",""
ball,3,25.4,South Australia,JS Lehmann,JJS Sangha,MP Kuhnemann,0,0,,,,,,"",""
ball,3,25.5,South Australia,JS Lehmann,JJS Sangha,MP Kuhnemann,0,0,,,,,,"",""
ball,3,25.6,South Australia,JS Lehmann,JJS Sangha,MP Kuhnemann,0,0,,,,,,"",""
ball,3,26.1,South Australia,JJS Sangha,JS Lehmann,RP Meredith,0,0,,,,,,"",""
ball,3,26.2,South Australia,JJS Sangha,JS Lehmann,RP Meredith,1,0,,,,,,"",""
ball,3,26.3,South Australia,JS Lehmann,JJS Sangha,RP Meredith,0,0,,,,,,"",""
ball,3,26.4,South Australia,JS Lehmann,JJS Sangha,RP Meredith,0,0,,,,,,"",""
ball,3,26.5,South Australia,JS Lehmann,JJS Sangha,RP Meredith,0,0,,,,,,"",""
ball,3,26.6,South Australia,JS Lehmann,JJS Sangha,RP Meredith,1,0,,,,,,"",""
ball,3,27.1,South Australia,JS Lehmann,JJS Sangha,MP Kuhnemann,0,2,,,2,,,"",""
ball,3,27.2,South Australia,JS Lehmann,JJS Sangha,MP Kuhnemann,0,0,,,,,,"",""
ball,3,27.3,South Australia,JS Lehmann,JJS Sangha,MP Kuhnemann,1,0,,,,,,"",""
ball,3,27.4,South Australia,JJS Sangha,JS Lehmann,MP Kuhnemann,1,0,,,,,,"",""
ball,3,27.5,South Australia,JS Lehmann,JJS Sangha,MP Kuhnemann,2,0,,,,,,"",""
ball,3,27.6,South Australia,JS Lehmann,JJS Sangha,MP Kuhnemann,0,0,,,,,,"",""
ball,3,28.1,South Australia,JJS Sangha,JS Lehmann,RP Meredith,2,0,,,,,,"",""
ball,3,28.2,South Australia,JJS Sangha,JS Lehmann,RP Meredith,0,0,,,,,,"",""
ball,3,28.3,South Australia,JJS Sangha,JS Lehmann,RP Meredith,1,0,,,,,,"",""
ball,3,28.4,South Australia,JS Lehmann,JJS Sangha,RP Meredith,0,0,,,,,,"",""
ball,3,28.5,South Australia,JS Lehmann,JJS Sangha,RP Meredith,1,0,,,,,,"",""
ball,3,28.6,South Australia,JJS Sangha,JS Lehmann,RP Meredith,0,0,,,,,,"",""
ball,3,29.1,South Australia,JS Lehmann,JJS Sangha,MP Kuhnemann,1,0,,,,,,"",""
ball,3,29.2,South Australia,JJS Sangha,JS Lehmann,MP Kuhnemann,0,0,,,,,,"",""
ball,3,29.3,South Australia,JJS Sangha,JS Lehmann,MP Kuhnemann,0,0,,,,,,"",""
ball,3,29.4,South Australia,JJS Sangha,JS Lehmann,MP Kuhnemann,1,0,,,,,,"",""
ball,3,29.5,South Australia,JS Lehmann,JJS Sangha,MP Kuhnemann,0,0,,,,,,"",""
ball,3,29.6,South Australia,JS Lehmann,JJS Sangha,MP Kuhnemann,0,0,,,,,,"",""
ball,3,30.1,South Australia,JJS Sangha,JS Lehmann,RP Meredith,0,0,,,,,,"",""
ball,3,30.2,South Australia,JJS Sangha,JS Lehmann,RP Meredith,0,0,,,,,,"",""
ball,3,30.3,South Australia,JJS Sangha,JS Lehmann,RP Meredith,4,0,,,,,,"",""
ball,3,30.4,South Australia,JJS Sangha,JS Lehmann,RP Meredith,2,0,,,,,,"",""
ball,3,30.5,South Australia,JJS Sangha,JS Lehmann,RP Meredith,1,0,,,,,,"",""
ball,3,30.6,South Australia,JS Lehmann,JJS Sangha,RP Meredith,0,0,,,,,,"",""
ball,3,31.1,South Australia,JJS Sangha,JS Lehmann,MP Kuhnemann,2,0,,,,,,"",""
ball,3,31.2,South Australia,JJS Sangha,JS Lehmann,MP Kuhnemann,1,0,,,,,,"",""
ball,3,31.3,South Australia,JS Lehmann,JJS Sangha,MP Kuhnemann,0,0,,,,,,"",""
ball,3,31.4,South Australia,JS Lehmann,JJS Sangha,MP Kuhnemann,1,0,,,,,,"",""
ball,3,31.5,South Australia,JJS Sangha,JS Lehmann,MP Kuhnemann,0,0,,,,,,"",""
ball,3,31.6,South Australia,JJS Sangha,JS Lehmann,MP Kuhnemann,0,0,,,,,,"",""
ball,3,32.1,South Australia,JS Lehmann,JJS Sangha,N Radhakrishnan,1,0,,,,,,"",""
ball,3,32.2,South Australia,JJS Sangha,JS Lehmann,N Radhakrishnan,4,0,,,,,,"",""
ball,3,32.3,South Australia,JJS Sangha,JS Lehmann,N Radhakrishnan,0,0,,,,,,"",""
ball,3,32.4,South Australia,JJS Sangha,JS Lehmann,N Radhakrishnan,1,0,,,,,,"",""
ball,3,32.5,South Australia,JS Lehmann,JJS Sangha,N Radhakrishnan,0,0,,,,,,"",""
ball,3,32.6,South Australia,JS Lehmann,JJS Sangha,N Radhakrishnan,1,0,,,,,,"",""
ball,3,33.1,South Australia,JS Lehmann,JJS Sangha,MP Kuhnemann,0,0,,,,,,"",""
ball,3,33.2,South Australia,JS Lehmann,JJS Sangha,MP Kuhnemann,0,0,,,,,,"",""
ball,3,33.3,South Australia,JS Lehmann,JJS Sangha,MP Kuhnemann,2,0,,,,,,"",""
ball,3,33.4,South Australia,JS Lehmann,JJS Sangha,MP Kuhnemann,1,0,,,,,,"",""
ball,3,33.5,South Australia,JJS Sangha,JS Lehmann,MP Kuhnemann,0,0,,,,,,"",""
ball,3,33.6,South Australia,JJS Sangha,JS Lehmann,MP Kuhnemann,1,0,,,,,,"",""
ball,3,34.1,South Australia,JJS Sangha,JS Lehmann,L Neil-Smith,0,0,,,,,,"",""
ball,3,34.2,South Australia,JJS Sangha,JS Lehmann,L Neil-Smith,0,0,,,,,,"",""
ball,3,34.3,South Australia,JJS Sangha,JS Lehmann,L Neil-Smith,0,0,,,,,,"",""
ball,3,34.4,South Australia,JJS Sangha,JS Lehmann,L Neil-Smith,0,0,,,,,,"",""
ball,3,34.5,South Australia,JJS Sangha,JS Lehmann,L Neil-Smith,0,0,,,,,,"",""
ball,3,34.6,South Australia,JJS Sangha,JS Lehmann,L Neil-Smith,0,0,,,,,,"",""
ball,3,35.1,South Australia,JS Lehmann,JJS Sangha,MP Kuhnemann,0,0,,,,,,"",""
ball,3,35.2,South Australia,JS Lehmann,JJS Sangha,MP Kuhnemann,0,0,,,,,,"",""
ball,3,35.3,South Australia,JS Lehmann,JJS Sangha,MP Kuhnemann,1,0,,,,,,"",""
ball,3,35.4,South Australia,JJS Sangha,JS Lehmann,MP Kuhnemann,1,0,,,,,,"",""
ball,3,35.5,South Australia,JS Lehmann,JJS Sangha,MP Kuhnemann,0,0,,,,,,"",""
ball,3,35.6,South Australia,JS Lehmann,JJS Sangha,MP Kuhnemann,1,0,,,,,,"",""
ball,3,36.1,South Australia,JS Lehmann,JJS Sangha,L Neil-Smith,3,0,,,,,,"",""
ball,3,36.2,South Australia,JJS Sangha,JS Lehmann,L Neil-Smith,0,0,,,,,,"",""
ball,3,36.3,South Australia,JJS Sangha,JS Lehmann,L Neil-Smith,0,0,,,,,,"",""
ball,3,36.4,South Australia,JJS Sangha,JS Lehmann,L Neil-Smith,1,0,,,,,,"",""
ball,3,36.5,South Australia,JS Lehmann,JJS Sangha,L Neil-Smith,0,0,,,,,,"",""
ball,3,36.6,South Australia,JS Lehmann,JJS Sangha,L Neil-Smith,1,0,,,,,,"",""
ball,3,37.1,South Australia,JS Lehmann,JJS Sangha,MP Kuhnemann,1,0,,,,,,"",""
ball,3,37.2,South Australia,JJS Sangha,JS Lehmann,MP Kuhnemann,0,0,,,,,,"",""
ball,3,37.3,South Australia,JJS Sangha,JS Lehmann,MP Kuhnemann,1,0,,,,,,"",""
ball,3,37.4,South Australia,JS Lehmann,JJS Sangha,MP Kuhnemann,0,0,,,,,,"",""
ball,3,37.5,South Australia,JS Lehmann,JJS Sangha,MP Kuhnemann,1,0,,,,,,"",""
ball,3,37.6,South Australia,JJS Sangha,JS Lehmann,MP Kuhnemann,0,0,,,,,,"",""
ball,3,38.1,South Australia,JS Lehmann,JJS Sangha,L Neil-Smith,1,0,,,,,,"",""
ball,3,38.2,South Australia,JJS Sangha,JS Lehmann,L Neil-Smith,0,1,,,,1,,"",""
ball,3,38.3,South Australia,JS Lehmann,JJS Sangha,L Neil-Smith,1,0,,,,,,"",""
ball,3,38.4,South Australia,JJS Sangha,JS Lehmann,L Neil-Smith,4,0,,,,,,"",""
ball,3,38.5,South Australia,JJS Sangha,JS Lehmann,L Neil-Smith,0,0,,,,,,"",""
ball,3,38.6,South Australia,JJS Sangha,JS Lehmann,L Neil-Smith,1,0,,,,,,"",""
ball,3,39.1,South Australia,JJS Sangha,JS Lehmann,MP Kuhnemann,1,0,,,,,,"",""
ball,3,39.2,South Australia,JS Lehmann,JJS Sangha,MP Kuhnemann,1,0,,,,,,"",""
ball,3,39.3,South Australia,JJS Sangha,JS Lehmann,MP Kuhnemann,0,0,,,,,,"",""
ball,3,39.4,South Australia,JJS Sangha,JS Lehmann,MP Kuhnemann,0,0,,,,,,"",""
ball,3,39.5,South Australia,JJS Sangha,JS Lehmann,MP Kuhnemann,0,0,,,,,,"",""
ball,3,39.6,South Australia,JJS Sangha,JS Lehmann,MP Kuhnemann,0,0,,,,,,"",""
ball,3,40.1,South Australia,JS Lehmann,JJS Sangha,L Neil-Smith,0,0,,,,,,caught,JS Lehmann
ball,3,40.2,South Australia,L Scott,JJS Sangha,L Neil-Smith,0,0,,,,,,"",""
ball,3,40.3,South Australia,L Scott,JJS Sangha,L Neil-Smith,0,0,,,,,,"",""
ball,3,40.4,South Australia,L Scott,JJS Sangha,L Neil-Smith,0,0,,,,,,"",""
ball,3,40.5,South Australia,L Scott,JJS Sangha,L Neil-Smith,1,0,,,,,,"",""
ball,3,40.6,South Australia,JJS Sangha,L Scott,L Neil-Smith,0,0,,,,,,"",""
ball,3,41.1,South Australia,L Scott,JJS Sangha,MP Kuhnemann,1,0,,,,,,"",""
ball,3,41.2,South Australia,JJS Sangha,L Scott,MP Kuhnemann,1,0,,,,,,"",""
ball,3,41.3,South Australia,L Scott,JJS Sangha,MP Kuhnemann,0,0,,,,,,"",""
ball,3,41.4,South Australia,L Scott,JJS Sangha,MP Kuhnemann,0,0,,,,,,"",""
ball,3,41.5,South Australia,L Scott,JJS Sangha,MP Kuhnemann,1,0,,,,,,"",""
ball,3,41.6,South Australia,JJS Sangha,L Scott,MP Kuhnemann,0,0,,,,,,"",""
ball,3,42.1,South Australia,L Scott,JJS Sangha,GT Bell,0,0,,,,,,"",""
ball,3,42.2,South Australia,L Scott,JJS Sangha,GT Bell,1,0,,,,,,"",""
ball,3,42.3,South Australia,JJS Sangha,L Scott,GT Bell,0,0,,,,,,"",""
ball,3,42.4,South Australia,JJS Sangha,L Scott,GT Bell,0,0,,,,,,"",""
ball,3,42.5,South Australia,JJS Sangha,L Scott,GT Bell,1,0,,,,,,"",""
ball,3,42.6,South Australia,L Scott,JJS Sangha,GT Bell,1,0,,,,,,"",""
ball,3,43.1,South Australia,L Scott,JJS Sangha,MP Kuhnemann,0,0,,,,,,"",""
ball,3,43.2,South Australia,L Scott,JJS Sangha,MP Kuhnemann,1,0,,,,,,"",""
ball,3,43.3,South Australia,JJS Sangha,L Scott,MP Kuhnemann,6,0,,,,,,"",""
ball,3,43.4,South Australia,JJS Sangha,L Scott,MP Kuhnemann,0,0,,,,,,"",""
ball,3,43.5,South Australia,JJS Sangha,L Scott,MP Kuhnemann,1,0,,,,,,"",""
ball,3,43.6,South Australia,L Scott,JJS Sangha,MP Kuhnemann,0,0,,,,,,"",""
ball,3,44.1,South Australia,JJS Sangha,L Scott,GT Bell,2,0,,,,,,"",""
ball,3,44.2,South Australia,JJS Sangha,L Scott,GT Bell,0,0,,,,,,"",""
ball,3,44.3,South Australia,JJS Sangha,L Scott,GT Bell,0,0,,,,,,"",""
ball,3,44.4,South Australia,JJS Sangha,L Scott,GT Bell,2,0,,,,,,"",""
ball,3,44.5,South Australia,JJS Sangha,L Scott,GT Bell,1,0,,,,,,"",""
ball,3,44.6,South Australia,L Scott,JJS Sangha,GT Bell,1,0,,,,,,"",""
ball,3,45.1,South Australia,L Scott,JJS Sangha,MP Kuhnemann,1,0,,,,,,"",""
ball,3,45.2,South Australia,JJS Sangha,L Scott,MP Kuhnemann,0,0,,,,,,"",""
ball,3,45.3,South Australia,JJS Sangha,L Scott,MP Kuhnemann,0,0,,,,,,"",""
ball,3,45.4,South Australia,JJS Sangha,L Scott,MP Kuhnemann,0,0,,,,,,"",""
ball,3,45.5,South Australia,JJS Sangha,L Scott,MP Kuhnemann,0,0,,,,,,"",""
ball,3,45.6,South Australia,JJS Sangha,L Scott,MP Kuhnemann,2,0,,,,,,"",""
ball,3,46.1,South Australia,L Scott,JJS Sangha,GT Bell,0,0,,,,,,"",""
ball,3,46.2,South Australia,L Scott,JJS Sangha,GT Bell,0,0,,,,,,"",""
ball,3,46.3,South Australia,L Scott,JJS Sangha,GT Bell,1,0,,,,,,"",""
ball,3,46.4,South Australia,JJS Sangha,L Scott,GT Bell,1,0,,,,,,"",""
ball,3,46.5,South Australia,L Scott,JJS Sangha,GT Bell,0,0,,,,,,"",""
ball,3,46.6,South Australia,L Scott,JJS Sangha,GT Bell,0,0,,,,,,"",""
ball,3,47.1,South Australia,JJS Sangha,L Scott,MP Kuhnemann,1,0,,,,,,"",""
ball,3,47.2,South Australia,L Scott,JJS Sangha,MP Kuhnemann,0,0,,,,,,"",""
ball,3,47.3,South Australia,L Scott,JJS Sangha,MP Kuhnemann,0,0,,,,,,bowled,L Scott
ball,3,47.4,South Australia,J Fraser-McGurk,JJS Sangha,MP Kuhnemann,0,0,,,,,,"",""
ball,3,47.5,South Australia,J Fraser-McGurk,JJS Sangha,MP Kuhnemann,0,0,,,,,,"",""
ball,3,47.6,South Australia,J Fraser-McGurk,JJS Sangha,MP Kuhnemann,0,0,,,,,,"",""
ball,3,48.1,South Australia,JJS Sangha,J Fraser-McGurk,GT Bell,0,0,,,,,,"",""
ball,3,48.2,South Australia,JJS Sangha,J Fraser-McGurk,GT Bell,0,0,,,,,,"",""
ball,3,48.3,South Australia,JJS Sangha,J Fraser-McGurk,GT Bell,0,0,,,,,,"",""
ball,3,48.4,South Australia,JJS Sangha,J Fraser-McGurk,GT Bell,4,0,,,,,,"",""
ball,3,48.5,South Australia,JJS Sangha,J Fraser-McGurk,GT Bell,0,0,,,,,,caught,JJS Sangha
ball,3,48.6,South Australia,HJ Nielsen,J Fraser-McGurk,GT Bell,0,0,,,,,,"",""
ball,3,49.1,South Australia,J Fraser-McGurk,HJ Nielsen,MP Kuhnemann,1,0,,,,,,"",""
ball,3,49.2,South Australia,HJ Nielsen,J Fraser-McGurk,MP Kuhnemann,1,0,,,,,,"",""
ball,3,49.3,South Australia,J Fraser-McGurk,HJ Nielsen,MP Kuhnemann,0,0,,,,,,bowled,J Fraser-McGurk
ball,3,49.4,South Australia,BAD Manenti,HJ Nielsen,MP Kuhnemann,0,0,,,,,,"",""
ball,3,49.5,South Australia,BAD Manenti,HJ Nielsen,MP Kuhnemann,0,0,,,,,,"",""
ball,3,49.6,South Australia,BAD Manenti,HJ Nielsen,MP Kuhnemann,0,0,,,,,,"",""
ball,3,50.1,South Australia,HJ Nielsen,BAD Manenti,GT Bell,0,0,,,,,,"",""
ball,3,50.2,South Australia,HJ Nielsen,BAD Manenti,GT Bell,0,0,,,,,,bowled,HJ Nielsen
ball,3,50.3,South Australia,N McAndrew,BAD Manenti,GT Bell,0,0,,,,,,"",""
ball,3,50.4,South Australia,N McAndrew,BAD Manenti,GT Bell,0,0,,,,,,"",""
ball,3,50.5,South Australia,N McAndrew,BAD Manenti,GT Bell,0,0,,,,,,"",""
ball,3,50.6,South Australia,N McAndrew,BAD Manenti,GT Bell,0,0,,,,,,"",""
ball,3,51.1,South Australia,BAD Manenti,N McAndrew,MP Kuhnemann,0,0,,,,,,"",""
ball,3,51.2,South Australia,BAD Manenti,N McAndrew,MP Kuhnemann,1,0,,,,,,"",""
ball,3,51.3,South Australia,N McAndrew,BAD Manenti,MP Kuhnemann,0,0,,,,,,bowled,N McAndrew
ball,3,51.4,South Australia,HTRY Thornton,BAD Manenti,MP Kuhnemann,0,0,,,,,,"",""
ball,3,51.5,South Australia,HTRY Thornton,BAD Manenti,MP Kuhnemann,0,0,,,,,,"",""
ball,3,51.6,South Australia,HTRY Thornton,BAD Manenti,MP Kuhnemann,0,0,,,,,,"",""
ball,3,52.1,South Australia,BAD Manenti,HTRY Thornton,GT Bell,1,0,,,,,,"",""
ball,3,52.2,South Australia,HTRY Thornton,BAD Manenti,GT Bell,1,0,,,,,,"",""
ball,3,52.3,South Australia,BAD Manenti,HTRY Thornton,GT Bell,0,1,,,,1,,"",""
ball,3,52.4,South Australia,HTRY Thornton,BAD Manenti,GT Bell,0,0,,,,,,"",""
ball,3,52.5,South Australia,HTRY Thornton,BAD Manenti,GT Bell,0,0,,,,,,"",""
ball,3,52.6,South Australia,HTRY Thornton,BAD Manenti,GT Bell,1,0,,,,,,"",""
ball,3,53.1,South Australia,HTRY Thornton,BAD Manenti,MP Kuhnemann,0,0,,,,,,"",""
ball,3,53.2,South Australia,HTRY Thornton,BAD Manenti,MP Kuhnemann,0,0,,,,,,"",""
ball,3,53.3,South Australia,HTRY Thornton,BAD Manenti,MP Kuhnemann,2,0,,,,,,"",""
ball,3,53.4,South Australia,HTRY Thornton,BAD Manenti,MP Kuhnemann,4,0,,,,,,"",""
ball,3,53.5,South Australia,HTRY Thornton,BAD Manenti,MP Kuhnemann,0,0,,,,,,"",""
ball,3,53.6,South Australia,HTRY Thornton,BAD Manenti,MP Kuhnemann,1,0,,,,,,"",""
ball,3,54.1,South Australia,HTRY Thornton,BAD Manenti,RP Meredith,2,0,,,,,,"",""
ball,3,54.2,South Australia,HTRY Thornton,BAD Manenti,RP Meredith,0,0,,,,,,"",""
ball,3,54.3,South Australia,HTRY Thornton,BAD Manenti,RP Meredith,0,0,,,,,,"",""
ball,3,54.4,South Australia,HTRY Thornton,BAD Manenti,RP Meredith,2,0,,,,,,"",""
ball,3,54.5,South Australia,HTRY Thornton,BAD Manenti,RP Meredith,0,0,,,,,,"",""
ball,3,54.6,South Australia,HTRY Thornton,BAD Manenti,RP Meredith,0,0,,,,,,caught,HTRY Thornton
ball,4,0.1,Tasmania,N Radhakrishnan,J Weatherald,N McAndrew,0,0,,,,,,"",""
ball,4,0.2,Tasmania,N Radhakrishnan,J Weatherald,N McAndrew,4,0,,,,,,"",""
ball,4,0.3,Tasmania,N Radhakrishnan,J Weatherald,N McAndrew,0,0,,,,,,"",""
ball,4,0.4,Tasmania,N Radhakrishnan,J Weatherald,N McAndrew,0,0,,,,,,"",""
ball,4,0.5,Tasmania,N Radhakrishnan,J Weatherald,N McAndrew,0,0,,,,,,"",""
ball,4,0.6,Tasmania,N Radhakrishnan,J Weatherald,N McAndrew,0,0,,,,,,bowled,N Radhakrishnan
ball,4,1.1,Tasmania,J Weatherald,TP Ward,WA Agar,0,0,,,,,,"",""
ball,4,1.2,Tasmania,J Weatherald,TP Ward,WA Agar,0,0,,,,,,"",""
ball,4,1.3,Tasmania,J Weatherald,TP Ward,WA Agar,0,0,,,,,,"",""
ball,4,1.4,Tasmania,J Weatherald,TP Ward,WA Agar,4,0,,,,,,"",""
ball,4,1.5,Tasmania,J Weatherald,TP Ward,WA Agar,0,0,,,,,,"",""
ball,4,1.6,Tasmania,J Weatherald,TP Ward,WA Agar,0,0,,,,,,"",""
ball,4,2.1,Tasmania,TP Ward,J Weatherald,N McAndrew,0,0,,,,,,"",""
ball,4,2.2,Tasmania,TP Ward,J Weatherald,N McAndrew,0,0,,,,,,"",""
ball,4,2.3,Tasmania,TP Ward,J Weatherald,N McAndrew,0,0,,,,,,"",""
ball,4,2.4,Tasmania,TP Ward,J Weatherald,N McAndrew,0,0,,,,,,"",""
ball,4,2.5,Tasmania,TP Ward,J Weatherald,N McAndrew,4,0,,,,,,"",""
ball,4,2.6,Tasmania,TP Ward,J Weatherald,N McAndrew,0,0,,,,,,"",""
ball,4,3.1,Tasmania,J Weatherald,TP Ward,WA Agar,0,0,,,,,,"",""
ball,4,3.2,Tasmania,J Weatherald,TP Ward,WA Agar,0,0,,,,,,"",""
ball,4,3.3,Tasmania,J Weatherald,TP Ward,WA Agar,0,0,,,,,,"",""
ball,4,3.4,Tasmania,J Weatherald,TP Ward,WA Agar,4,0,,,,,,"",""
ball,4,3.5,Tasmania,J Weatherald,TP Ward,WA Agar,0,0,,,,,,"",""
ball,4,3.6,Tasmania,J Weatherald,TP Ward,WA Agar,0,0,,,,,,"",""
ball,4,4.1,Tasmania,TP Ward,J Weatherald,N McAndrew,0,0,,,,,,"",""
ball,4,4.2,Tasmania,TP Ward,J Weatherald,N McAndrew,4,0,,,,,,"",""
ball,4,4.3,Tasmania,TP Ward,J Weatherald,N McAndrew,0,0,,,,,,"",""
ball,4,4.4,Tasmania,TP Ward,J Weatherald,N McAndrew,0,0,,,,,,"",""
ball,4,4.5,Tasmania,TP Ward,J Weatherald,N McAndrew,0,0,,,,,,"",""
ball,4,4.6,Tasmania,TP Ward,J Weatherald,N McAndrew,0,0,,,,,,"",""
ball,4,5.1,Tasmania,J Weatherald,TP Ward,HTRY Thornton,4,0,,,,,,"",""
ball,4,5.2,Tasmania,J Weatherald,TP Ward,HTRY Thornton,0,0,,,,,,"",""
ball,4,5.3,Tasmania,J Weatherald,TP Ward,HTRY Thornton,0,0,,,,,,"",""
ball,4,5.4,Tasmania,J Weatherald,TP Ward,HTRY Thornton,0,1,,1,,,,"",""
ball,4,5.5,Tasmania,J Weatherald,TP Ward,HTRY Thornton,0,0,,,,,,"",""
ball,4,5.6,Tasmania,J Weatherald,TP Ward,HTRY Thornton,0,0,,,,,,"",""
ball,4,5.7,Tasmania,J Weatherald,TP Ward,HTRY Thornton,0,0,,,,,,"",""
ball,4,6.1,Tasmania,TP Ward,J Weatherald,N McAndrew,0,0,,,,,,"",""
ball,4,6.2,Tasmania,TP Ward,J Weatherald,N McAndrew,0,0,,,,,,"",""
ball,4,6.3,Tasmania,TP Ward,J Weatherald,N McAndrew,0,0,,,,,,"",""
ball,4,6.4,Tasmania,TP Ward,J Weatherald,N McAndrew,0,1,,,,1,,"",""
ball,4,6.5,Tasmania,J Weatherald,TP Ward,N McAndrew,4,0,,,,,,"",""
ball,4,6.6,Tasmania,J Weatherald,TP Ward,N McAndrew,4,0,,,,,,"",""
ball,4,7.1,Tasmania,TP Ward,J Weatherald,HTRY Thornton,0,0,,,,,,"",""
ball,4,7.2,Tasmania,TP Ward,J Weatherald,HTRY Thornton,1,0,,,,,,"",""
ball,4,7.3,Tasmania,J Weatherald,TP Ward,HTRY Thornton,0,0,,,,,,"",""
ball,4,7.4,Tasmania,J Weatherald,TP Ward,HTRY Thornton,0,0,,,,,,"",""
ball,4,7.5,Tasmania,J Weatherald,TP Ward,HTRY Thornton,2,0,,,,,,"",""
ball,4,7.6,Tasmania,J Weatherald,TP Ward,HTRY Thornton,3,0,,,,,,"",""
ball,4,8.1,Tasmania,J Weatherald,TP Ward,BAD Manenti,0,0,,,,,,"",""
ball,4,8.2,Tasmania,J Weatherald,TP Ward,BAD Manenti,0,0,,,,,,"",""
ball,4,8.3,Tasmania,J Weatherald,TP Ward,BAD Manenti,0,0,,,,,,"",""
ball,4,8.4,Tasmania,J Weatherald,TP Ward,BAD Manenti,0,0,,,,,,"",""
ball,4,8.5,Tasmania,J Weatherald,TP Ward,BAD Manenti,1,0,,,,,,"",""
ball,4,8.6,Tasmania,TP Ward,J Weatherald,BAD Manenti,0,0,,,,,,"",""
ball,4,9.1,Tasmania,J Weatherald,TP Ward,WA Agar,4,0,,,,,,"",""
ball,4,9.2,Tasmania,J Weatherald,TP Ward,WA Agar,0,0,,,,,,"",""
ball,4,9.3,Tasmania,J Weatherald,TP Ward,WA Agar,4,0,,,,,,"",""
ball,4,9.4,Tasmania,J Weatherald,TP Ward,WA Agar,0,0,,,,,,"",""
ball,4,9.5,Tasmania,J Weatherald,TP Ward,WA Agar,0,0,,,,,,"",""
ball,4,9.6,Tasmania,J Weatherald,TP Ward,WA Agar,0,0,,,,,,"",""
ball,4,10.1,Tasmania,TP Ward,J Weatherald,N McAndrew,1,0,,,,,,"",""
ball,4,10.2,Tasmania,J Weatherald,TP Ward,N McAndrew,0,0,,,,,,"",""
ball,4,10.3,Tasmania,J Weatherald,TP Ward,N McAndrew,0,0,,,,,,"",""
ball,4,10.4,Tasmania,J Weatherald,TP Ward,N McAndrew,0,0,,,,,,"",""
ball,4,10.5,Tasmania,J Weatherald,TP Ward,N McAndrew,0,0,,,,,,"",""
ball,4,10.6,Tasmania,J Weatherald,TP Ward,N McAndrew,0,0,,,,,,"",""
ball,4,11.1,Tasmania,TP Ward,J Weatherald,WA Agar,0,0,,,,,,"",""
ball,4,11.2,Tasmania,TP Ward,J Weatherald,WA Agar,0,0,,,,,,"",""
ball,4,11.3,Tasmania,TP Ward,J Weatherald,WA Agar,0,0,,,,,,"",""
ball,4,11.4,Tasmania,TP Ward,J Weatherald,WA Agar,0,0,,,,,,"",""
ball,4,11.5,Tasmania,TP Ward,J Weatherald,WA Agar,0,0,,,,,,"",""
ball,4,11.6,Tasmania,TP Ward,J Weatherald,WA Agar,0,0,,,,,,"",""
ball,4,12.1,Tasmania,J Weatherald,TP Ward,N McAndrew,0,0,,,,,,"",""
ball,4,12.2,Tasmania,J Weatherald,TP Ward,N McAndrew,2,0,,,,,,"",""
ball,4,12.3,Tasmania,J Weatherald,TP Ward,N McAndrew,3,0,,,,,,"",""
ball,4,12.4,Tasmania,TP Ward,J Weatherald,N McAndrew,0,0,,,,,,"",""
ball,4,12.5,Tasmania,TP Ward,J Weatherald,N McAndrew,4,0,,,,,,"",""
ball,4,12.6,Tasmania,TP Ward,J Weatherald,N McAndrew,1,0,,,,,,"",""
ball,4,13.1,Tasmania,TP Ward,J Weatherald,WA Agar,0,0,,,,,,"",""
ball,4,13.2,Tasmania,TP Ward,J Weatherald,WA Agar,0,0,,,,,,"",""
ball,4,13.3,Tasmania,TP Ward,J Weatherald,WA Agar,0,0,,,,,,"",""
ball,4,13.4,Tasmania,TP Ward,J Weatherald,WA Agar,0,0,,,,,,"",""
ball,4,13.5,Tasmania,TP Ward,J Weatherald,WA Agar,0,0,,,,,,"",""
ball,4,13.6,Tasmania,TP Ward,J Weatherald,WA Agar,0,0,,,,,,"",""
ball,4,14.1,Tasmania,J Weatherald,TP Ward,N McAndrew,0,0,,,,,,"",""
ball,4,14.2,Tasmania,J Weatherald,TP Ward,N McAndrew,1,0,,,,,,"",""
ball,4,14.3,Tasmania,TP Ward,J Weatherald,N McAndrew,0,0,,,,,,"",""
ball,4,14.4,Tasmania,TP Ward,J Weatherald,N McAndrew,0,0,,,,,,"",""
ball,4,14.5,Tasmania,TP Ward,J Weatherald,N McAndrew,3,0,,,,,,"",""
ball,4,14.6,Tasmania,J Weatherald,TP Ward,N McAndrew,1,0,,,,,,"",""
ball,4,15.1,Tasmania,J Weatherald,TP Ward,WA Agar,0,0,,,,,,"",""
ball,4,15.2,Tasmania,J Weatherald,TP Ward,WA Agar,0,0,,,,,,"",""
ball,4,15.3,Tasmania,J Weatherald,TP Ward,WA Agar,0,0,,,,,,"",""
ball,4,15.4,Tasmania,J Weatherald,TP Ward,WA Agar,0,0,,,,,,"",""
ball,4,15.5,Tasmania,J Weatherald,TP Ward,WA Agar,0,0,,,,,,"",""
ball,4,15.6,Tasmania,J Weatherald,TP Ward,WA Agar,3,0,,,,,,"",""
ball,4,16.1,Tasmania,J Weatherald,TP Ward,N McAndrew,0,0,,,,,,"",""
ball,4,16.2,Tasmania,J Weatherald,TP Ward,N McAndrew,1,0,,,,,,"",""
ball,4,16.3,Tasmania,TP Ward,J Weatherald,N McAndrew,0,0,,,,,,"",""
ball,4,16.4,Tasmania,TP Ward,J Weatherald,N McAndrew,0,0,,,,,,"",""
ball,4,16.5,Tasmania,TP Ward,J Weatherald,N McAndrew,0,0,,,,,,"",""
ball,4,16.6,Tasmania,TP Ward,J Weatherald,N McAndrew,0,0,,,,,,"",""
ball,4,17.1,Tasmania,J Weatherald,TP Ward,WA Agar,4,0,,,,,,"",""
ball,4,17.2,Tasmania,J Weatherald,TP Ward,WA Agar,0,0,,,,,,"",""
ball,4,17.3,Tasmania,J Weatherald,TP Ward,WA Agar,0,0,,,,,,"",""
ball,4,17.4,Tasmania,J Weatherald,TP Ward,WA Agar,4,0,,,,,,"",""
ball,4,17.5,Tasmania,J Weatherald,TP Ward,WA Agar,0,0,,,,,,"",""
ball,4,17.6,Tasmania,J Weatherald,TP Ward,WA Agar,0,0,,,,,,"",""
ball,4,18.1,Tasmania,TP Ward,J Weatherald,HTRY Thornton,1,0,,,,,,"",""
ball,4,18.2,Tasmania,J Weatherald,TP Ward,HTRY Thornton,0,0,,,,,,"",""
ball,4,18.3,Tasmania,J Weatherald,TP Ward,HTRY Thornton,0,0,,,,,,"",""
ball,4,18.4,Tasmania,J Weatherald,TP Ward,HTRY Thornton,0,0,,,,,,"",""
ball,4,18.5,Tasmania,J Weatherald,TP Ward,HTRY Thornton,3,0,,,,,,"",""
ball,4,18.6,Tasmania,TP Ward,J Weatherald,HTRY Thornton,1,0,,,,,,"",""
ball,4,19.1,Tasmania,TP Ward,J Weatherald,L Scott,0,0,,,,,,"",""
ball,4,19.2,Tasmania,TP Ward,J Weatherald,L Scott,0,0,,,,,,"",""
ball,4,19.3,Tasmania,TP Ward,J Weatherald,L Scott,0,0,,,,,,"",""
ball,4,19.4,Tasmania,TP Ward,J Weatherald,L Scott,0,0,,,,,,"",""
ball,4,19.5,Tasmania,TP Ward,J Weatherald,L Scott,4,0,,,,,,"",""
ball,4,19.6,Tasmania,TP Ward,J Weatherald,L Scott,0,0,,,,,,"",""
ball,4,20.1,Tasmania,J Weatherald,TP Ward,HTRY Thornton,1,0,,,,,,"",""
ball,4,20.2,Tasmania,TP Ward,J Weatherald,HTRY Thornton,3,0,,,,,,"",""
ball,4,20.3,Tasmania,J Weatherald,TP Ward,HTRY Thornton,0,0,,,,,,"",""
ball,4,20.4,Tasmania,J Weatherald,TP Ward,HTRY Thornton,0,0,,,,,,"",""
ball,4,20.5,Tasmania,J Weatherald,TP Ward,HTRY Thornton,2,0,,,,,,"",""
ball,4,20.6,Tasmania,J Weatherald,TP Ward,HTRY Thornton,0,0,,,,,,"",""
ball,4,21.1,Tasmania,TP Ward,J Weatherald,L Scott,0,0,,,,,,"",""
ball,4,21.2,Tasmania,TP Ward,J Weatherald,L Scott,2,0,,,,,,"",""
ball,4,21.3,Tasmania,TP Ward,J Weatherald,L Scott,0,0,,,,,,"",""
ball,4,21.4,Tasmania,TP Ward,J Weatherald,L Scott,0,0,,,,,,"",""
ball,4,21.5,Tasmania,TP Ward,J Weatherald,L Scott,0,0,,,,,,"",""
ball,4,21.6,Tasmania,TP Ward,J Weatherald,L Scott,0,0,,,,,,"",""
ball,4,22.1,Tasmania,J Weatherald,TP Ward,HTRY Thornton,0,0,,,,,,"",""
ball,4,22.2,Tasmania,J Weatherald,TP Ward,HTRY Thornton,0,0,,,,,,"",""
ball,4,22.3,Tasmania,J Weatherald,TP Ward,HTRY Thornton,0,0,,,,,,"",""
ball,4,22.4,Tasmania,J Weatherald,TP Ward,HTRY Thornton,1,0,,,,,,"",""
ball,4,22.5,Tasmania,TP Ward,J Weatherald,HTRY Thornton,0,0,,,,,,"",""
ball,4,22.6,Tasmania,TP Ward,J Weatherald,HTRY Thornton,0,0,,,,,,"",""
ball,4,23.1,Tasmania,J Weatherald,TP Ward,BAD Manenti,0,0,,,,,,"",""
ball,4,23.2,Tasmania,J Weatherald,TP Ward,BAD Manenti,1,0,,,,,,"",""
ball,4,23.3,Tasmania,TP Ward,J Weatherald,BAD Manenti,0,0,,,,,,"",""
ball,4,23.4,Tasmania,TP Ward,J Weatherald,BAD Manenti,0,0,,,,,,"",""
ball,4,23.5,Tasmania,TP Ward,J Weatherald,BAD Manenti,0,0,,,,,,"",""
ball,4,23.6,Tasmania,TP Ward,J Weatherald,BAD Manenti,0,0,,,,,,"",""
ball,4,24.1,Tasmania,J Weatherald,TP Ward,L Scott,4,0,,,,,,"",""
ball,4,24.2,Tasmania,J Weatherald,TP Ward,L Scott,0,0,,,,,,"",""
ball,4,24.3,Tasmania,J Weatherald,TP Ward,L Scott,0,1,,1,,,,"",""
ball,4,24.4,Tasmania,J Weatherald,TP Ward,L Scott,0,0,,,,,,"",""
ball,4,24.5,Tasmania,J Weatherald,TP Ward,L Scott,0,0,,,,,,caught,J Weatherald
ball,4,24.6,Tasmania,JC Silk,TP Ward,L Scott,1,0,,,,,,"",""
ball,4,24.7,Tasmania,TP Ward,JC Silk,L Scott,0,0,,,,,,"",""
ball,4,25.1,Tasmania,JC Silk,TP Ward,BAD Manenti,0,0,,,,,,"",""
ball,4,25.2,Tasmania,JC Silk,TP Ward,BAD Manenti,1,0,,,,,,"",""
ball,4,25.3,Tasmania,TP Ward,JC Silk,BAD Manenti,0,0,,,,,,"",""
ball,4,25.4,Tasmania,TP Ward,JC Silk,BAD Manenti,0,0,,,,,,"",""
ball,4,25.5,Tasmania,TP Ward,JC Silk,BAD Manenti,0,0,,,,,,"",""
ball,4,25.6,Tasmania,TP Ward,JC Silk,BAD Manenti,0,0,,,,,,"",""
ball,4,26.1,Tasmania,JC Silk,TP Ward,L Scott,0,0,,,,,,"",""
ball,4,26.2,Tasmania,JC Silk,TP Ward,L Scott,0,0,,,,,,"",""
ball,4,26.3,Tasmania,JC Silk,TP Ward,L Scott,0,0,,,,,,"",""
ball,4,26.4,Tasmania,JC Silk,TP Ward,L Scott,0,0,,,,,,"",""
ball,4,26.5,Tasmania,JC Silk,TP Ward,L Scott,1,0,,,,,,"",""
ball,4,26.6,Tasmania,TP Ward,JC Silk,L Scott,0,0,,,,,,"",""
ball,4,27.1,Tasmania,JC Silk,TP Ward,BAD Manenti,1,0,,,,,,"",""
ball,4,27.2,Tasmania,TP Ward,JC Silk,BAD Manenti,0,0,,,,,,"",""
ball,4,27.3,Tasmania,TP Ward,JC Silk,BAD Manenti,1,0,,,,,,"",""
ball,4,27.4,Tasmania,JC Silk,TP Ward,BAD Manenti,0,0,,,,,,"",""
ball,4,27.5,Tasmania,JC Silk,TP Ward,BAD Manenti,1,0,,,,,,"",""
ball,4,27.6,Tasmania,TP Ward,JC Silk,BAD Manenti,0,0,,,,,,"",""
ball,4,28.1,Tasmania,JC Silk,TP Ward,L Scott,0,0,,,,,,"",""
ball,4,28.2,Tasmania,JC Silk,TP Ward,L Scott,0,0,,,,,,"",""
ball,4,28.3,Tasmania,JC Silk,TP Ward,L Scott,0,0,,,,,,"",""
ball,4,28.4,Tasmania,JC Silk,TP Ward,L Scott,0,0,,,,,,"",""
ball,4,28.5,Tasmania,JC Silk,TP Ward,L Scott,2,0,,,,,,"",""
ball,4,28.6,Tasmania,JC Silk,TP Ward,L Scott,0,0,,,,,,"",""
ball,4,29.1,Tasmania,TP Ward,JC Silk,WA Agar,0,0,,,,,,"",""
ball,4,29.2,Tasmania,TP Ward,JC Silk,WA Agar,0,0,,,,,,"",""
ball,4,29.3,Tasmania,TP Ward,JC Silk,WA Agar,0,0,,,,,,"",""
ball,4,29.4,Tasmania,TP Ward,JC Silk,WA Agar,0,0,,,,,,"",""
ball,4,29.5,Tasmania,TP Ward,JC Silk,WA Agar,0,0,,,,,,"",""
ball,4,29.6,Tasmania,TP Ward,JC Silk,WA Agar,0,0,,,,,,"",""
ball,4,30.1,Tasmania,JC Silk,TP Ward,N McAndrew,3,0,,,,,,"",""
ball,4,30.2,Tasmania,TP Ward,JC Silk,N McAndrew,2,0,,,,,,"",""
ball,4,30.3,Tasmania,TP Ward,JC Silk,N McAndrew,0,0,,,,,,"",""
ball,4,30.4,Tasmania,TP Ward,JC Silk,N McAndrew,4,0,,,,,,"",""
ball,4,30.5,Tasmania,TP Ward,JC Silk,N McAndrew,0,0,,,,,,"",""
ball,4,30.6,Tasmania,TP Ward,JC Silk,N McAndrew,0,0,,,,,,"",""
ball,4,31.1,Tasmania,JC Silk,TP Ward,WA Agar,0,0,,,,,,"",""
ball,4,31.2,Tasmania,JC Silk,TP Ward,WA Agar,0,0,,,,,,"",""
ball,4,31.3,Tasmania,JC Silk,TP Ward,WA Agar,4,0,,,,,,"",""
ball,4,31.4,Tasmania,JC Silk,TP Ward,WA Agar,0,0,,,,,,"",""
ball,4,31.5,Tasmania,JC Silk,TP Ward,WA Agar,0,0,,,,,,"",""
ball,4,31.6,Tasmania,JC Silk,TP Ward,WA Agar,0,0,,,,,,"",""
ball,4,32.1,Tasmania,TP Ward,JC Silk,N McAndrew,0,0,,,,,,"",""
ball,4,32.2,Tasmania,TP Ward,JC Silk,N McAndrew,0,0,,,,,,"",""
ball,4,32.3,Tasmania,TP Ward,JC Silk,N McAndrew,0,0,,,,,,"",""
ball,4,32.4,Tasmania,TP Ward,JC Silk,N McAndrew,0,0,,,,,,"",""
ball,4,32.5,Tasmania,TP Ward,JC Silk,N McAndrew,3,0,,,,,,"",""
ball,4,32.6,Tasmania,JC Silk,TP Ward,N McAndrew,0,0,,,,,,"",""
ball,4,33.1,Tasmania,TP Ward,JC Silk,WA Agar,0,0,,,,,,"",""
ball,4,33.2,Tasmania,TP Ward,JC Silk,WA Agar,0,0,,,,,,"",""
ball,4,33.3,Tasmania,TP Ward,JC Silk,WA Agar,0,0,,,,,,"",""
ball,4,33.4,Tasmania,TP Ward,JC Silk,WA Agar,0,0,,,,,,"",""
ball,4,33.5,Tasmania,TP Ward,JC Silk,WA Agar,0,0,,,,,,"",""
ball,4,33.6,Tasmania,TP Ward,JC Silk,WA Agar,0,0,,,,,,"",""
ball,4,34.1,Tasmania,JC Silk,TP Ward,N McAndrew,1,0,,,,,,"",""
ball,4,34.2,Tasmania,TP Ward,JC Silk,N McAndrew,1,0,,,,,,"",""
ball,4,34.3,Tasmania,JC Silk,TP Ward,N McAndrew,0,0,,,,,,"",""
ball,4,34.4,Tasmania,JC Silk,TP Ward,N McAndrew,1,0,,,,,,"",""
ball,4,34.5,Tasmania,TP Ward,JC Silk,N McAndrew,0,0,,,,,,"",""
ball,4,34.6,Tasmania,TP Ward,JC Silk,N McAndrew,0,0,,,,,,"",""
ball,4,35.1,Tasmania,JC Silk,TP Ward,WA Agar,0,0,,,,,,"",""
ball,4,35.2,Tasmania,JC Silk,TP Ward,WA Agar,0,0,,,,,,"",""
ball,4,35.3,Tasmania,JC Silk,TP Ward,WA Agar,0,0,,,,,,"",""
ball,4,35.4,Tasmania,JC Silk,TP Ward,WA Agar,0,0,,,,,,"",""
ball,4,35.5,Tasmania,JC Silk,TP Ward,WA Agar,0,0,,,,,,"",""
ball,4,35.6,Tasmania,JC Silk,TP Ward,WA Agar,4,0,,,,,,"",""
ball,4,36.1,Tasmania,TP Ward,JC Silk,N McAndrew,0,0,,,,,,"",""
ball,4,36.2,Tasmania,TP Ward,JC Silk,N McAndrew,0,0,,,,,,"",""
ball,4,36.3,Tasmania,TP Ward,JC Silk,N McAndrew,0,0,,,,,,"",""
ball,4,36.4,Tasmania,TP Ward,JC Silk,N McAndrew,0,0,,,,,,"",""
ball,4,36.5,Tasmania,TP Ward,JC Silk,N McAndrew,0,0,,,,,,"",""
ball,4,36.6,Tasmania,TP Ward,JC Silk,N McAndrew,0,0,,,,,,"",""
ball,4,37.1,Tasmania,JC Silk,TP Ward,WA Agar,1,0,,,,,,"",""
ball,4,37.2,Tasmania,TP Ward,JC Silk,WA Agar,3,0,,,,,,"",""
ball,4,37.3,Tasmania,JC Silk,TP Ward,WA Agar,0,0,,,,,,"",""
ball,4,37.4,Tasmania,JC Silk,TP Ward,WA Agar,0,0,,,,,,"",""
ball,4,37.5,Tasmania,JC Silk,TP Ward,WA Agar,1,0,,,,,,"",""
ball,4,37.6,Tasmania,TP Ward,JC Silk,WA Agar,0,0,,,,,,"",""
ball,4,38.1,Tasmania,JC Silk,TP Ward,N McAndrew,1,0,,,,,,"",""
ball,4,38.2,Tasmania,TP Ward,JC Silk,N McAndrew,4,0,,,,,,"",""
ball,4,38.3,Tasmania,TP Ward,JC Silk,N McAndrew,0,0,,,,,,"",""
ball,4,38.4,Tasmania,TP Ward,JC Silk,N McAndrew,0,0,,,,,,"",""
ball,4,38.5,Tasmania,TP Ward,JC Silk,N McAndrew,0,0,,,,,,"",""
ball,4,38.6,Tasmania,TP Ward,JC Silk,N McAndrew,2,0,,,,,,"",""
ball,4,39.1,Tasmania,JC Silk,TP Ward,L Scott,0,0,,,,,,"",""
ball,4,39.2,Tasmania,JC Silk,TP Ward,L Scott,0,0,,,,,,"",""
ball,4,39.3,Tasmania,JC Silk,TP Ward,L Scott,0,0,,,,,,"",""
ball,4,39.4,Tasmania,JC Silk,TP Ward,L Scott,0,0,,,,,,"",""
ball,4,39.5,Tasmania,JC Silk,TP Ward,L Scott,0,0,,,,,,"",""
ball,4,39.6,Tasmania,JC Silk,TP Ward,L Scott,1,0,,,,,,"",""
ball,4,40.1,Tasmania,JC Silk,TP Ward,HTRY Thornton,2,0,,,,,,"",""
ball,4,40.2,Tasmania,JC Silk,TP Ward,HTRY Thornton,4,0,,,,,,"",""
ball,4,40.3,Tasmania,JC Silk,TP Ward,HTRY Thornton,0,1,,1,,,,"",""
ball,4,40.4,Tasmania,JC Silk,TP Ward,HTRY Thornton,0,0,,,,,,"",""
ball,4,40.5,Tasmania,JC Silk,TP Ward,HTRY Thornton,3,0,,,,,,"",""
ball,4,40.6,Tasmania,TP Ward,JC Silk,HTRY Thornton,0,0,,,,,,"",""
ball,4,40.7,Tasmania,TP Ward,JC Silk,HTRY Thornton,2,0,,,,,,"",""
ball,4,41.1,Tasmania,JC Silk,TP Ward,L Scott,0,0,,,,,,"",""
ball,4,41.2,Tasmania,JC Silk,TP Ward,L Scott,0,0,,,,,,"",""
ball,4,41.3,Tasmania,JC Silk,TP Ward,L Scott,0,0,,,,,,"",""
ball,4,41.4,Tasmania,JC Silk,TP Ward,L Scott,0,0,,,,,,"",""
ball,4,41.5,Tasmania,JC Silk,TP Ward,L Scott,0,0,,,,,,"",""
ball,4,41.6,Tasmania,JC Silk,TP Ward,L Scott,0,0,,,,,,"",""
ball,4,42.1,Tasmania,TP Ward,JC Silk,HTRY Thornton,0,0,,,,,,"",""
ball,4,42.2,Tasmania,TP Ward,JC Silk,HTRY Thornton,0,0,,,,,,"",""
ball,4,42.3,Tasmania,TP Ward,JC Silk,HTRY Thornton,0,0,,,,,,"",""
ball,4,42.4,Tasmania,TP Ward,JC Silk,HTRY Thornton,0,0,,,,,,"",""
ball,4,42.5,Tasmania,TP Ward,JC Silk,HTRY Thornton,1,0,,,,,,"",""
ball,4,42.6,Tasmania,JC Silk,TP Ward,HTRY Thornton,0,0,,,,,,"",""
ball,4,43.1,Tasmania,TP Ward,JC Silk,L Scott,0,0,,,,,,"",""
ball,4,43.2,Tasmania,TP Ward,JC Silk,L Scott,1,0,,,,,,"",""
ball,4,43.3,Tasmania,JC Silk,TP Ward,L Scott,0,0,,,,,,"",""
ball,4,43.4,Tasmania,JC Silk,TP Ward,L Scott,3,0,,,,,,"",""
ball,4,43.5,Tasmania,TP Ward,JC Silk,L Scott,0,0,,,,,,"",""
ball,4,43.6,Tasmania,TP Ward,JC Silk,L Scott,0,0,,,,,,"",""
ball,4,44.1,Tasmania,JC Silk,TP Ward,HTRY Thornton,0,0,,,,,,"",""
ball,4,44.2,Tasmania,JC Silk,TP Ward,HTRY Thornton,0,0,,,,,,"",""
ball,4,44.3,Tasmania,JC Silk,TP Ward,HTRY Thornton,0,0,,,,,,"",""
ball,4,44.4,Tasmania,JC Silk,TP Ward,HTRY Thornton,0,0,,,,,,"",""
ball,4,44.5,Tasmania,JC Silk,TP Ward,HTRY Thornton,1,0,,,,,,"",""
ball,4,44.6,Tasmania,TP Ward,JC Silk,HTRY Thornton,0,0,,,,,,"",""
ball,4,45.1,Tasmania,JC Silk,TP Ward,BAD Manenti,0,0,,,,,,"",""
ball,4,45.2,Tasmania,JC Silk,TP Ward,BAD Manenti,0,0,,,,,,"",""
ball,4,45.3,Tasmania,JC Silk,TP Ward,BAD Manenti,1,0,,,,,,"",""
ball,4,45.4,Tasmania,TP Ward,JC Silk,BAD Manenti,0,0,,,,,,"",""
ball,4,45.5,Tasmania,TP Ward,JC Silk,BAD Manenti,4,0,,,,,,"",""
ball,4,45.6,Tasmania,TP Ward,JC Silk,BAD Manenti,0,0,,,,,,"",""
ball,4,46.1,Tasmania,JC Silk,TP Ward,HTRY Thornton,0,0,,,,,,"",""
ball,4,46.2,Tasmania,JC Silk,TP Ward,HTRY Thornton,0,0,,,,,,"",""
ball,4,46.3,Tasmania,JC Silk,TP Ward,HTRY Thornton,0,0,,,,,,"",""
ball,4,46.4,Tasmania,JC Silk,TP Ward,HTRY Thornton,0,0,,,,,,"",""
ball,4,46.5,Tasmania,JC Silk,TP Ward,HTRY Thornton,0,0,,,,,,"",""
ball,4,46.6,Tasmania,JC Silk,TP Ward,HTRY Thornton,0,0,,,,,,"",""
ball,4,47.1,Tasmania,TP Ward,JC Silk,BAD Manenti,0,0,,,,,,"",""
ball,4,47.2,Tasmania,TP Ward,JC Silk,BAD Manenti,1,0,,,,,,"",""
ball,4,47.3,Tasmania,JC Silk,TP Ward,BAD Manenti,1,0,,,,,,"",""
ball,4,47.4,Tasmania,TP Ward,JC Silk,BAD Manenti,1,0,,,,,,"",""
ball,4,47.5,Tasmania,JC Silk,TP Ward,BAD Manenti,0,0,,,,,,"",""
ball,4,47.6,Tasmania,JC Silk,TP Ward,BAD Manenti,0,0,,,,,,"",""
ball,4,48.1,Tasmania,TP Ward,JC Silk,HTRY Thornton,3,0,,,,,,"",""
ball,4,48.2,Tasmania,JC Silk,TP Ward,HTRY Thornton,0,0,,,,,,"",""
ball,4,48.3,Tasmania,JC Silk,TP Ward,HTRY Thornton,0,0,,,,,,"",""
ball,4,48.4,Tasmania,JC Silk,TP Ward,HTRY Thornton,0,0,,,,,,"",""
ball,4,48.5,Tasmania,JC Silk,TP Ward,HTRY Thornton,1,0,,,,,,"",""
ball,4,48.6,Tasmania,TP Ward,JC Silk,HTRY Thornton,0,0,,,,,,"",""
ball,4,49.1,Tasmania,JC Silk,TP Ward,BAD Manenti,1,0,,,,,,"",""
ball,4,49.2,Tasmania,TP Ward,JC Silk,BAD Manenti,4,0,,,,,,"",""
ball,4,49.3,Tasmania,TP Ward,JC Silk,BAD Manenti,0,0,,,,,,"",""
ball,4,49.4,Tasmania,TP Ward,JC Silk,BAD Manenti,0,0,,,,,,"",""
ball,4,49.5,Tasmania,TP Ward,JC Silk,BAD Manenti,0,0,,,,,,"",""
ball,4,49.6,Tasmania,TP Ward,JC Silk,BAD Manenti,1,0,,,,,,"",""
ball,4,50.1,Tasmania,TP Ward,JC Silk,HTRY Thornton,0,0,,,,,,"",""
ball,4,50.2,Tasmania,TP Ward,JC Silk,HTRY Thornton,0,0,,,,,,"",""
ball,4,50.3,Tasmania,TP Ward,JC Silk,HTRY Thornton,0,1,,1,,,,"",""
ball,4,50.4,Tasmania,TP Ward,JC Silk,HTRY Thornton,4,0,,,,,,"",""
ball,4,50.5,Tasmania,TP Ward,JC Silk,HTRY Thornton,0,0,,,,,,"",""
ball,4,50.6,Tasmania,TP Ward,JC Silk,HTRY Thornton,0,0,,,,,,"",""
ball,4,50.7,Tasmania,TP Ward,JC Silk,HTRY Thornton,0,0,,,,,,"",""
ball,4,51.1,Tasmania,JC Silk,TP Ward,BAD Manenti,0,0,,,,,,"",""
ball,4,51.2,Tasmania,JC Silk,TP Ward,BAD Manenti,0,0,,,,,,"",""
ball,4,51.3,Tasmania,JC Silk,TP Ward,BAD Manenti,0,0,,,,,,"",""
ball,4,51.4,Tasmania,JC Silk,TP Ward,BAD Manenti,0,0,,,,,,"",""
ball,4,51.5,Tasmania,JC Silk,TP Ward,BAD Manenti,1,0,,,,,,"",""
ball,4,51.6,Tasmania,TP Ward,JC Silk,BAD Manenti,0,0,,,,,,"",""
ball,4,52.1,Tasmania,JC Silk,TP Ward,HTRY Thornton,3,0,,,,,,"",""
ball,4,52.2,Tasmania,TP Ward,JC Silk,HTRY Thornton,0,0,,,,,,"",""
ball,4,52.3,Tasmania,TP Ward,JC Silk,HTRY Thornton,0,0,,,,,,"",""
ball,4,52.4,Tasmania,TP Ward,JC Silk,HTRY Thornton,1,0,,,,,,"",""
ball,4,52.5,Tasmania,JC Silk,TP Ward,HTRY Thornton,1,0,,,,,,"",""
ball,4,52.6,Tasmania,TP Ward,JC Silk,HTRY Thornton,0,0,,,,,,"",""
ball,4,53.1,Tasmania,JC Silk,TP Ward,BAD Manenti,1,0,,,,,,"",""
ball,4,53.2,Tasmania,TP Ward,JC Silk,BAD Manenti,0,0,,,,,,"",""
ball,4,53.3,Tasmania,TP Ward,JC Silk,BAD Manenti,1,0,,,,,,"",""
ball,4,53.4,Tasmania,JC Silk,TP Ward,BAD Manenti,0,0,,,,,,"",""
ball,4,53.5,Tasmania,JC Silk,TP Ward,BAD Manenti,0,0,,,,,,"",""
ball,4,53.6,Tasmania,JC Silk,TP Ward,BAD Manenti,2,0,,,,,,"",""
ball,4,54.1,Tasmania,TP Ward,JC Silk,WA Agar,0,0,,,,,,"",""
ball,4,54.2,Tasmania,TP Ward,JC Silk,WA Agar,0,0,,,,,,"",""
ball,4,54.3,Tasmania,TP Ward,JC Silk,WA Agar,4,0,,,,,,"",""
ball,4,54.4,Tasmania,TP Ward,JC Silk,WA Agar,0,0,,,,,,"",""
ball,4,54.5,Tasmania,TP Ward,JC Silk,WA Agar,2,0,,,,,,"",""
ball,4,54.6,Tasmania,TP Ward,JC Silk,WA Agar,0,0,,,,,,"",""
ball,4,55.1,Tasmania,JC Silk,TP Ward,BAD Manenti,1,0,,,,,,"",""
ball,4,55.2,Tasmania,TP Ward,JC Silk,BAD Manenti,0,0,,,,,,"",""
ball,4,55.3,Tasmania,TP Ward,JC Silk,BAD Manenti,0,0,,,,,,"",""
ball,4,55.4,Tasmania,TP Ward,JC Silk,BAD Manenti,0,0,,,,,,"",""
ball,4,55.5,Tasmania,TP Ward,JC Silk,BAD Manenti,0,0,,,,,,"",""
ball,4,55.6,Tasmania,TP Ward,JC Silk,BAD Manenti,0,0,,,,,,"",""
ball,4,56.1,Tasmania,JC Silk,TP Ward,WA Agar,0,2,,,,2,,"",""
ball,4,56.2,Tasmania,JC Silk,TP Ward,WA Agar,0,0,,,,,,"",""
ball,4,56.3,Tasmania,JC Silk,TP Ward,WA Agar,0,0,,,,,,"",""
ball,4,56.4,Tasmania,JC Silk,TP Ward,WA Agar,2,0,,,,,,"",""
ball,4,56.5,Tasmania,JC Silk,TP Ward,WA Agar,3,0,,,,,,"",""
ball,4,56.6,Tasmania,TP Ward,JC Silk,WA Agar,0,0,,,,,,"",""
ball,4,57.1,Tasmania,JC Silk,TP Ward,N McAndrew,0,0,,,,,,"",""
ball,4,57.2,Tasmania,JC Silk,TP Ward,N McAndrew,0,0,,,,,,"",""
ball,4,57.3,Tasmania,JC Silk,TP Ward,N McAndrew,2,0,,,,,,"",""
ball,4,57.4,Tasmania,JC Silk,TP Ward,N McAndrew,0,0,,,,,,"",""
ball,4,57.5,Tasmania,JC Silk,TP Ward,N McAndrew,1,0,,,,,,"",""
ball,4,57.6,Tasmania,TP Ward,JC Silk,N McAndrew,0,0,,,,,,"",""
ball,4,58.1,Tasmania,JC Silk,TP Ward,WA Agar,0,0,,,,,,"",""
ball,4,58.2,Tasmania,JC Silk,TP Ward,WA Agar,0,0,,,,,,"",""
ball,4,58.3,Tasmania,JC Silk,TP Ward,WA Agar,0,0,,,,,,"",""
ball,4,58.4,Tasmania,JC Silk,TP Ward,WA Agar,0,0,,,,,,"",""
ball,4,58.5,Tasmania,JC Silk,TP Ward,WA Agar,0,0,,,,,,"",""
ball,4,58.6,Tasmania,JC Silk,TP Ward,WA Agar,0,0,,,,,,"",""
ball,4,59.1,Tasmania,TP Ward,JC Silk,N McAndrew,0,0,,,,,,"",""
ball,4,59.2,Tasmania,TP Ward,JC Silk,N McAndrew,0,0,,,,,,"",""
ball,4,59.3,Tasmania,TP Ward,JC Silk,N McAndrew,0,0,,,,,,"",""
ball,4,59.4,Tasmania,TP Ward,JC Silk,N McAndrew,4,0,,,,,,"",""
ball,4,59.5,Tasmania,TP Ward,JC Silk,N McAndrew,0,0,,,,,,"",""
ball,4,59.6,Tasmania,TP Ward,JC Silk,N McAndrew,0,0,,,,,,"",""
ball,4,60.1,Tasmania,JC Silk,TP Ward,WA Agar,0,0,,,,,,"",""
ball,4,60.2,Tasmania,JC Silk,TP Ward,WA Agar,0,0,,,,,,"",""
ball,4,60.3,Tasmania,JC Silk,TP Ward,WA Agar,0,0,,,,,,"",""
ball,4,60.4,Tasmania,JC Silk,TP Ward,WA Agar,0,0,,,,,,"",""
ball,4,60.5,Tasmania,JC Silk,TP Ward,WA Agar,0,0,,,,,,"",""
ball,4,60.6,Tasmania,JC Silk,TP Ward,WA Agar,0,0,,,,,,"",""
ball,4,61.1,Tasmania,TP Ward,JC Silk,N McAndrew,0,0,,,,,,"",""
ball,4,61.2,Tasmania,TP Ward,JC Silk,N McAndrew,3,0,,,,,,"",""
ball,4,61.3,Tasmania,JC Silk,TP Ward,N McAndrew,0,0,,,,,,"",""
ball,4,61.4,Tasmania,JC Silk,TP Ward,N McAndrew,0,0,,,,,,"",""
ball,4,61.5,Tasmania,JC Silk,TP Ward,N McAndrew,0,0,,,,,,"",""
ball,4,61.6,Tasmania,JC Silk,TP Ward,N McAndrew,1,0,,,,,,"",""
ball,4,62.1,Tasmania,JC Silk,TP Ward,HTRY Thornton,1,0,,,,,,"",""
ball,4,62.2,Tasmania,TP Ward,JC Silk,HTRY Thornton,0,0,,,,,,"",""
ball,4,62.3,Tasmania,TP Ward,JC Silk,HTRY Thornton,0,0,,,,,,"",""
ball,4,62.4,Tasmania,TP Ward,JC Silk,HTRY Thornton,0,0,,,,,,"",""
ball,4,62.5,Tasmania,TP Ward,JC Silk,HTRY Thornton,0,0,,,,,,"",""
ball,4,62.6,Tasmania,TP Ward,JC Silk,HTRY Thornton,0,0,,,,,,"",""
ball,4,63.1,Tasmania,JC Silk,TP Ward,L Scott,0,0,,,,,,"",""
ball,4,63.2,Tasmania,JC Silk,TP Ward,L Scott,0,0,,,,,,"",""
ball,4,63.3,Tasmania,JC Silk,TP Ward,L Scott,0,0,,,,,,"",""
ball,4,63.4,Tasmania,JC Silk,TP Ward,L Scott,0,0,,,,,,"",""
ball,4,63.5,Tasmania,JC Silk,TP Ward,L Scott,0,0,,,,,,"",""
ball,4,63.6,Tasmania,JC Silk,TP Ward,L Scott,0,0,,,,,,"",""
ball,4,64.1,Tasmania,TP Ward,JC Silk,HTRY Thornton,0,0,,,,,,"",""
ball,4,64.2,Tasmania,TP Ward,JC Silk,HTRY Thornton,1,0,,,,,,"",""
ball,4,64.3,Tasmania,JC Silk,TP Ward,HTRY Thornton,1,0,,,,,,"",""
ball,4,64.4,Tasmania,TP Ward,JC Silk,HTRY Thornton,0,0,,,,,,"",""
ball,4,64.5,Tasmania,TP Ward,JC Silk,HTRY Thornton,0,0,,,,,,"",""
ball,4,64.6,Tasmania,TP Ward,JC Silk,HTRY Thornton,0,0,,,,,,"",""
ball,4,65.1,Tasmania,JC Silk,TP Ward,L Scott,0,0,,,,,,"",""
ball,4,65.2,Tasmania,JC Silk,TP Ward,L Scott,0,0,,,,,,"",""
ball,4,65.3,Tasmania,JC Silk,TP Ward,L Scott,0,0,,,,,,"",""
ball,4,65.4,Tasmania,JC Silk,TP Ward,L Scott,0,0,,,,,,"",""
ball,4,65.5,Tasmania,JC Silk,TP Ward,L Scott,4,0,,,,,,"",""
ball,4,65.6,Tasmania,JC Silk,TP Ward,L Scott,0,0,,,,,,"",""
ball,4,66.1,Tasmania,TP Ward,JC Silk,HTRY Thornton,0,0,,,,,,"",""
ball,4,66.2,Tasmania,TP Ward,JC Silk,HTRY Thornton,1,0,,,,,,"",""
ball,4,66.3,Tasmania,JC Silk,TP Ward,HTRY Thornton,0,0,,,,,,caught,JC Silk
ball,4,66.4,Tasmania,JR Doran,TP Ward,HTRY Thornton,0,0,,,,,,"",""
ball,4,66.5,Tasmania,JR Doran,TP Ward,HTRY Thornton,0,0,,,,,,"",""
ball,4,66.6,Tasmania,JR Doran,TP Ward,HTRY Thornton,1,0,,,,,,"",""
ball,4,67.1,Tasmania,JR Doran,TP Ward,L Scott,0,0,,,,,,"",""
ball,4,67.2,Tasmania,JR Doran,TP Ward,L Scott,0,0,,,,,,"",""
ball,4,67.3,Tasmania,JR Doran,TP Ward,L Scott,0,0,,,,,,caught,JR Doran
ball,4,67.4,Tasmania,BM Hope,TP Ward,L Scott,0,0,,,,,,"",""
ball,4,67.5,Tasmania,BM Hope,TP Ward,L Scott,0,0,,,,,,"",""
ball,4,67.6,Tasmania,BM Hope,TP Ward,L Scott,0,0,,,,,,"",""
ball,4,68.1,Tasmania,TP Ward,BM Hope,HTRY Thornton,0,0,,,,,,"",""
ball,4,68.2,Tasmania,TP Ward,BM Hope,HTRY Thornton,2,0,,,,,,"",""
ball,4,68.3,Tasmania,TP Ward,BM Hope,HTRY Thornton,2,0,,,,,,"",""
ball,4,68.4,Tasmania,TP Ward,BM Hope,HTRY Thornton,0,0,,,,,,"",""
ball,4,68.5,Tasmania,TP Ward,BM Hope,HTRY Thornton,0,1,,1,,,,"",""
ball,4,68.6,Tasmania,TP Ward,BM Hope,HTRY Thornton,0,0,,,,,,"",""
ball,4,68.7,Tasmania,TP Ward,BM Hope,HTRY Thornton,0,0,,,,,,"",""
ball,4,69.1,Tasmania,BM Hope,TP Ward,BAD Manenti,0,0,,,,,,"",""
ball,4,69.2,Tasmania,BM Hope,TP Ward,BAD Manenti,0,0,,,,,,"",""
ball,4,69.3,Tasmania,BM Hope,TP Ward,BAD Manenti,2,0,,,,,,"",""
ball,4,69.4,Tasmania,BM Hope,TP Ward,BAD Manenti,0,0,,,,,,"",""
ball,4,69.5,Tasmania,BM Hope,TP Ward,BAD Manenti,0,0,,,,,,"",""
ball,4,69.6,Tasmania,BM Hope,TP Ward,BAD Manenti,0,0,,,,,,"",""
ball,4,70.1,Tasmania,TP Ward,BM Hope,L Scott,0,0,,,,,,"",""
ball,4,70.2,Tasmania,TP Ward,BM Hope,L Scott,0,0,,,,,,"",""
ball,4,70.3,Tasmania,TP Ward,BM Hope,L Scott,0,0,,,,,,"",""
ball,4,70.4,Tasmania,TP Ward,BM Hope,L Scott,0,0,,,,,,"",""
ball,4,70.5,Tasmania,TP Ward,BM Hope,L Scott,0,0,,,,,,"",""
ball,4,70.6,Tasmania,TP Ward,BM Hope,L Scott,0,0,,,,,,"",""
ball,4,71.1,Tasmania,BM Hope,TP Ward,BAD Manenti,0,0,,,,,,"",""
ball,4,71.2,Tasmania,BM Hope,TP Ward,BAD Manenti,0,0,,,,,,"",""
ball,4,71.3,Tasmania,BM Hope,TP Ward,BAD Manenti,0,0,,,,,,"",""
ball,4,71.4,Tasmania,BM Hope,TP Ward,BAD Manenti,0,0,,,,,,"",""
ball,4,71.5,Tasmania,BM Hope,TP Ward,BAD Manenti,0,0,,,,,,"",""
ball,4,71.6,Tasmania,BM Hope,TP Ward,BAD Manenti,0,0,,,,,,"",""
ball,4,72.1,Tasmania,TP Ward,BM Hope,L Scott,0,0,,,,,,"",""
ball,4,72.2,Tasmania,TP Ward,BM Hope,L Scott,0,0,,,,,,"",""
ball,4,72.3,Tasmania,TP Ward,BM Hope,L Scott,0,0,,,,,,"",""
ball,4,72.4,Tasmania,TP Ward,BM Hope,L Scott,0,0,,,,,,"",""
ball,4,72.5,Tasmania,TP Ward,BM Hope,L Scott,0,0,,,,,,"",""
ball,4,72.6,Tasmania,TP Ward,BM Hope,L Scott,0,0,,,,,,"",""
ball,4,73.1,Tasmania,BM Hope,TP Ward,BAD Manenti,1,0,,,,,,"",""
ball,4,73.2,Tasmania,TP Ward,BM Hope,BAD Manenti,0,0,,,,,,"",""
ball,4,73.3,Tasmania,TP Ward,BM Hope,BAD Manenti,1,0,,,,,,"",""
ball,4,73.4,Tasmania,BM Hope,TP Ward,BAD Manenti,0,0,,,,,,"",""
ball,4,73.5,Tasmania,BM Hope,TP Ward,BAD Manenti,0,0,,,,,,"",""
ball,4,73.6,Tasmania,BM Hope,TP Ward,BAD Manenti,0,0,,,,,,"",""
ball,4,74.1,Tasmania,TP Ward,BM Hope,L Scott,0,0,,,,,,"",""
ball,4,74.2,Tasmania,TP Ward,BM Hope,L Scott,0,0,,,,,,"",""
ball,4,74.3,Tasmania,TP Ward,BM Hope,L Scott,0,1,,1,,,,"",""
ball,4,74.4,Tasmania,TP Ward,BM Hope,L Scott,0,0,,,,,,"",""
ball,4,74.5,Tasmania,TP Ward,BM Hope,L Scott,0,0,,,,,,"",""
ball,4,74.6,Tasmania,TP Ward,BM Hope,L Scott,0,0,,,,,,"",""
ball,4,74.7,Tasmania,TP Ward,BM Hope,L Scott,0,0,,,,,,"",""
ball,4,75.1,Tasmania,BM Hope,TP Ward,BAD Manenti,0,0,,,,,,"",""
ball,4,75.2,Tasmania,BM Hope,TP Ward,BAD Manenti,1,0,,,,,,"",""
ball,4,75.3,Tasmania,TP Ward,BM Hope,BAD Manenti,0,0,,,,,,"",""
ball,4,75.4,Tasmania,TP Ward,BM Hope,BAD Manenti,1,0,,,,,,"",""
ball,4,75.5,Tasmania,BM Hope,TP Ward,BAD Manenti,0,0,,,,,,"",""
ball,4,75.6,Tasmania,BM Hope,TP Ward,BAD Manenti,0,0,,,,,,"",""
ball,4,76.1,Tasmania,TP Ward,BM Hope,CJ McInerney,0,0,,,,,,"",""
ball,4,76.2,Tasmania,TP Ward,BM Hope,CJ McInerney,0,0,,,,,,"",""
ball,4,76.3,Tasmania,TP Ward,BM Hope,CJ McInerney,1,0,,,,,,"",""
ball,4,76.4,Tasmania,BM Hope,TP Ward,CJ McInerney,0,0,,,,,,"",""
ball,4,76.5,Tasmania,BM Hope,TP Ward,CJ McInerney,1,0,,,,,,"",""
ball,4,76.6,Tasmania,TP Ward,BM Hope,CJ McInerney,0,0,,,,,,"",""
ball,4,77.1,Tasmania,BM Hope,TP Ward,BAD Manenti,0,0,,,,,,"",""
ball,4,77.2,Tasmania,BM Hope,TP Ward,BAD Manenti,0,0,,,,,,"",""
ball,4,77.3,Tasmania,BM Hope,TP Ward,BAD Manenti,0,0,,,,,,"",""
ball,4,77.4,Tasmania,BM Hope,TP Ward,BAD Manenti,0,0,,,,,,"",""
ball,4,77.5,Tasmania,BM Hope,TP Ward,BAD Manenti,0,0,,,,,,"",""
ball,4,77.6,Tasmania,BM Hope,TP Ward,BAD Manenti,3,0,,,,,,"",""
ball,4,78.1,Tasmania,BM Hope,TP Ward,CJ McInerney,0,0,,,,,,"",""
ball,4,78.2,Tasmania,BM Hope,TP Ward,CJ McInerney,1,0,,,,,,"",""
ball,4,78.3,Tasmania,TP Ward,BM Hope,CJ McInerney,1,0,,,,,,"",""
ball,4,78.4,Tasmania,BM Hope,TP Ward,CJ McInerney,0,0,,,,,,"",""
ball,4,78.5,Tasmania,BM Hope,TP Ward,CJ McInerney,0,0,,,,,,"",""
ball,4,78.6,Tasmania,BM Hope,TP Ward,CJ McInerney,0,0,,,,,,"",""
ball,4,79.1,Tasmania,TP Ward,BM Hope,BAD Manenti,0,0,,,,,,"",""
ball,4,79.2,Tasmania,TP Ward,BM Hope,BAD Manenti,1,0,,,,,,"",""
ball,4,79.3,Tasmania,BM Hope,TP Ward,BAD Manenti,0,0,,,,,,"",""
ball,4,79.4,Tasmania,BM Hope,TP Ward,BAD Manenti,1,0,,,,,,"",""
ball,4,79.5,Tasmania,TP Ward,BM Hope,BAD Manenti,0,0,,,,,,"",""
ball,4,79.6,Tasmania,TP Ward,BM Hope,BAD Manenti,1,0,,,,,,"",""
ball,4,80.1,Tasmania,TP Ward,BM Hope,N McAndrew,0,0,,,,,,"",""
ball,4,80.2,Tasmania,TP Ward,BM Hope,N McAndrew,0,0,,,,,,"",""
ball,4,80.3,Tasmania,TP Ward,BM Hope,N McAndrew,1,0,,,,,,"",""
ball,4,80.4,Tasmania,BM Hope,TP Ward,N McAndrew,0,0,,,,,,"",""
ball,4,80.5,Tasmania,BM Hope,TP Ward,N McAndrew,0,0,,,,,,"",""
ball,4,80.6,Tasmania,BM Hope,TP Ward,N McAndrew,4,0,,,,,,"",""
ball,4,81.1,Tasmania,TP Ward,BM Hope,WA Agar,0,0,,,,,,"",""
ball,4,81.2,Tasmania,TP Ward,BM Hope,WA Agar,0,0,,,,,,"",""
ball,4,81.3,Tasmania,TP Ward,BM Hope,WA Agar,0,0,,,,,,"",""
ball,4,81.4,Tasmania,TP Ward,BM Hope,WA Agar,0,0,,,,,,"",""
ball,4,81.5,Tasmania,TP Ward,BM Hope,WA Agar,0,0,,,,,,"",""
ball,4,81.6,Tasmania,TP Ward,BM Hope,WA Agar,0,0,,,,,,"",""
ball,4,82.1,Tasmania,BM Hope,TP Ward,N McAndrew,1,0,,,,,,"",""
ball,4,82.2,Tasmania,TP Ward,BM Hope,N McAndrew,0,0,,,,,,"",""
ball,4,82.3,Tasmania,TP Ward,BM Hope,N McAndrew,4,0,,,,,,"",""
ball,4,82.4,Tasmania,TP Ward,BM Hope,N McAndrew,2,0,,,,,,"",""
ball,4,82.5,Tasmania,TP Ward,BM Hope,N McAndrew,1,0,,,,,,"",""
ball,4,82.6,Tasmania,BM Hope,TP Ward,N McAndrew,0,0,,,,,,"",""
ball,4,83.1,Tasmania,TP Ward,BM Hope,WA Agar,0,0,,,,,,"",""
ball,4,83.2,Tasmania,TP Ward,BM Hope,WA Agar,4,0,,,,,,"",""
ball,4,83.3,Tasmania,TP Ward,BM Hope,WA Agar,0,0,,,,,,"",""
ball,4,83.4,Tasmania,TP Ward,BM Hope,WA Agar,0,0,,,,,,"",""
ball,4,83.5,Tasmania,TP Ward,BM Hope,WA Agar,0,0,,,,,,"",""
ball,4,83.6,Tasmania,TP Ward,BM Hope,WA Agar,0,0,,,,,,"",""
ball,4,84.1,Tasmania,BM Hope,TP Ward,N McAndrew,0,0,,,,,,"",""
ball,4,84.2,Tasmania,BM Hope,TP Ward,N McAndrew,0,0,,,,,,"",""
ball,4,84.3,Tasmania,BM Hope,TP Ward,N McAndrew,0,0,,,,,,"",""
ball,4,84.4,Tasmania,BM Hope,TP Ward,N McAndrew,0,0,,,,,,"",""
ball,4,84.5,Tasmania,BM Hope,TP Ward,N McAndrew,0,0,,,,,,"",""
ball,4,84.6,Tasmania,BM Hope,TP Ward,N McAndrew,0,0,,,,,,"",""
ball,4,85.1,Tasmania,TP Ward,BM Hope,L Scott,0,0,,,,,,"",""
ball,4,85.2,Tasmania,TP Ward,BM Hope,L Scott,0,0,,,,,,"",""
ball,4,85.3,Tasmania,TP Ward,BM Hope,L Scott,0,0,,,,,,"",""
ball,4,85.4,Tasmania,TP Ward,BM Hope,L Scott,0,0,,,,,,"",""
ball,4,85.5,Tasmania,TP Ward,BM Hope,L Scott,0,0,,,,,,"",""
ball,4,85.6,Tasmania,TP Ward,BM Hope,L Scott,0,0,,,,,,"",""
ball,4,86.1,Tasmania,BM Hope,TP Ward,N McAndrew,0,0,,,,,,"",""
ball,4,86.2,Tasmania,BM Hope,TP Ward,N McAndrew,2,0,,,,,,"",""
ball,4,86.3,Tasmania,BM Hope,TP Ward,N McAndrew,0,0,,,,,,"",""
ball,4,86.4,Tasmania,BM Hope,TP Ward,N McAndrew,2,0,,,,,,"",""
ball,4,86.5,Tasmania,BM Hope,TP Ward,N McAndrew,0,0,,,,,,"",""
ball,4,86.6,Tasmania,BM Hope,TP Ward,N McAndrew,0,0,,,,,,"",""
ball,4,87.1,Tasmania,TP Ward,BM Hope,L Scott,0,0,,,,,,"",""
ball,4,87.2,Tasmania,TP Ward,BM Hope,L Scott,4,0,,,,,,"",""
ball,4,87.3,Tasmania,TP Ward,BM Hope,L Scott,0,0,,,,,,"",""
ball,4,87.4,Tasmania,TP Ward,BM Hope,L Scott,0,0,,,,,,"",""
ball,4,87.5,Tasmania,TP Ward,BM Hope,L Scott,0,0,,,,,,"",""
ball,4,87.6,Tasmania,TP Ward,BM Hope,L Scott,1,0,,,,,,"",""
ball,4,88.1,Tasmania,TP Ward,BM Hope,WA Agar,0,0,,,,,,"",""
ball,4,88.2,Tasmania,TP Ward,BM Hope,WA Agar,0,0,,,,,,"",""
ball,4,88.3,Tasmania,TP Ward,BM Hope,WA Agar,4,0,,,,,,"",""
ball,4,88.4,Tasmania,TP Ward,BM Hope,WA Agar,1,0,,,,,,"",""
ball,4,88.5,Tasmania,BM Hope,TP Ward,WA Agar,0,0,,,,,,"",""
ball,4,88.6,Tasmania,BM Hope,TP Ward,WA Agar,0,0,,,,,,"",""
ball,4,89.1,Tasmania,TP Ward,BM Hope,BAD Manenti,1,0,,,,,,"",""
ball,4,89.2,Tasmania,BM Hope,TP Ward,BAD Manenti,1,0,,,,,,"",""
ball,4,89.3,Tasmania,TP Ward,BM Hope,BAD Manenti,0,0,,,,,,"",""
ball,4,89.4,Tasmania,TP Ward,BM Hope,BAD Manenti,1,0,,,,,,"",""
ball,4,89.5,Tasmania,BM Hope,TP Ward,BAD Manenti,0,0,,,,,,"",""
ball,4,89.6,Tasmania,BM Hope,TP Ward,BAD Manenti,4,0,,,,,,"",""
ball,4,90.1,Tasmania,TP Ward,BM Hope,HTRY Thornton,0,0,,,,,,"",""
ball,4,90.2,Tasmania,TP Ward,BM Hope,HTRY Thornton,0,0,,,,,,"",""
ball,4,90.3,Tasmania,TP Ward,BM Hope,HTRY Thornton,0,0,,,,,,"",""
ball,4,90.4,Tasmania,TP Ward,BM Hope,HTRY Thornton,1,0,,,,,,"",""
ball,4,90.5,Tasmania,BM Hope,TP Ward,HTRY Thornton,1,0,,,,,,"",""
ball,4,90.6,Tasmania,TP Ward,BM Hope,HTRY Thornton,1,0,,,,,,"",""
ball,4,91.1,Tasmania,TP Ward,BM Hope,BAD Manenti,0,0,,,,,,"",""
ball,4,91.2,Tasmania,TP Ward,BM Hope,BAD Manenti,1,0,,,,,,"",""
ball,4,91.3,Tasmania,BM Hope,TP Ward,BAD Manenti,0,0,,,,,,"",""
ball,4,91.4,Tasmania,BM Hope,TP Ward,BAD Manenti,1,0,,,,,,"",""
ball,4,91.5,Tasmania,TP Ward,BM Hope,BAD Manenti,1,0,,,,,,"",""
ball,4,91.6,Tasmania,BM Hope,TP Ward,BAD Manenti,1,0,,,,,,"",""
ball,4,92.1,Tasmania,BM Hope,TP Ward,HTRY Thornton,0,0,,,,,,"",""
ball,4,92.2,Tasmania,BM Hope,TP Ward,HTRY Thornton,0,0,,,,,,"",""
ball,4,92.3,Tasmania,BM Hope,TP Ward,HTRY Thornton,1,0,,,,,,"",""
ball,4,92.4,Tasmania,TP Ward,BM Hope,HTRY Thornton,0,0,,,,,,"",""
ball,4,92.5,Tasmania,TP Ward,BM Hope,HTRY Thornton,0,0,,,,,,"",""
ball,4,92.6,Tasmania,TP Ward,BM Hope,HTRY Thornton,0,0,,,,,,"",""
ball,4,93.1,Tasmania,BM Hope,TP Ward,BAD Manenti,0,0,,,,,,"",""
ball,4,93.2,Tasmania,BM Hope,TP Ward,BAD Manenti,1,0,,,,,,"",""
ball,4,93.3,Tasmania,TP Ward,BM Hope,BAD Manenti,0,0,,,,,,"",""
ball,4,93.4,Tasmania,TP Ward,BM Hope,BAD Manenti,2,0,,,,,,"",""
ball,4,93.5,Tasmania,TP Ward,BM Hope,BAD Manenti,4,0,,,,,,"",""
ball,4,93.6,Tasmania,TP Ward,BM Hope,BAD Manenti,2,0,,,,,,"",""
ball,4,94.1,Tasmania,BM Hope,TP Ward,HTRY Thornton,0,0,,,,,,"",""
ball,4,94.2,Tasmania,BM Hope,TP Ward,HTRY Thornton,0,0,,,,,,"",""
ball,4,94.3,Tasmania,BM Hope,TP Ward,HTRY Thornton,0,0,,,,,,"",""
ball,4,94.4,Tasmania,BM Hope,TP Ward,HTRY Thornton,0,1,,1,,,,"",""
ball,4,94.5,Tasmania,BM Hope,TP Ward,HTRY Thornton,0,0,,,,,,"",""
ball,4,94.6,Tasmania,BM Hope,TP Ward,HTRY Thornton,1,0,,,,,,"",""
ball,4,94.7,Tasmania,TP Ward,BM Hope,HTRY Thornton,0,0,,,,,,"",""
ball,4,95.1,Tasmania,BM Hope,TP Ward,N McAndrew,1,0,,,,,,"",""
ball,4,95.2,Tasmania,TP Ward,BM Hope,N McAndrew,1,0,,,,,,"",""
ball,4,95.3,Tasmania,BM Hope,TP Ward,N McAndrew,0,0,,,,,,"",""
ball,4,95.4,Tasmania,BM Hope,TP Ward,N McAndrew,4,0,,,,,,"",""
ball,4,95.5,Tasmania,BM Hope,TP Ward,N McAndrew,1,0,,,,,,"",""
ball,4,95.6,Tasmania,TP Ward,BM Hope,N McAndrew,2,0,,,,,,"",""
ball,4,96.1,Tasmania,BM Hope,TP Ward,WA Agar,0,0,,,,,,"",""
ball,4,96.2,Tasmania,BM Hope,TP Ward,WA Agar,1,0,,,,,,"",""
ball,4,96.3,Tasmania,TP Ward,BM Hope,WA Agar,0,0,,,,,,"",""
ball,4,96.4,Tasmania,TP Ward,BM Hope,WA Agar,0,0,,,,,,"",""
ball,4,96.5,Tasmania,TP Ward,BM Hope,WA Agar,1,0,,,,,,"",""
ball,4,96.6,Tasmania,BM Hope,TP Ward,WA Agar,0,0,,,,,,"",""
ball,4,97.1,Tasmania,TP Ward,BM Hope,N McAndrew,0,0,,,,,,"",""
ball,4,97.2,Tasmania,TP Ward,BM Hope,N McAndrew,1,0,,,,,,"",""
ball,4,97.3,Tasmania,BM Hope,TP Ward,N McAndrew,1,0,,,,,,"",""
ball,4,97.4,Tasmania,TP Ward,BM Hope,N McAndrew,0,0,,,,,,"",""
ball,4,97.5,Tasmania,TP Ward,BM Hope,N McAndrew,0,1,,,,1,,"",""
ball,4,97.6,Tasmania,BM Hope,TP Ward,N McAndrew,0,0,,,,,,"",""
ball,4,98.1,Tasmania,TP Ward,BM Hope,WA Agar,2,0,,,,,,"",""
ball,4,98.2,Tasmania,TP Ward,BM Hope,WA Agar,1,0,,,,,,"",""
ball,4,98.3,Tasmania,BM Hope,TP Ward,WA Agar,1,1,,1,,,,"",""
ball,4,98.4,Tasmania,TP Ward,BM Hope,WA Agar,0,0,,,,,,"",""
ball,4,98.5,Tasmania,TP Ward,BM Hope,WA Agar,0,0,,,,,,caught,TP Ward
ball,4,98.6,Tasmania,MJ Owen,BM Hope,WA Agar,0,0,,,,,,"",""
ball,4,98.7,Tasmania,MJ Owen,BM Hope,WA Agar,1,0,,,,,,"",""
ball,4,99.1,Tasmania,MJ Owen,BM Hope,N McAndrew,0,0,,,,,,"",""
ball,4,99.2,Tasmania,MJ Owen,BM Hope,N McAndrew,0,0,,,,,,"",""
ball,4,99.3,Tasmania,MJ Owen,BM Hope,N McAndrew,1,0,,,,,,"",""
ball,4,99.4,Tasmania,BM Hope,MJ Owen,N McAndrew,0,0,,,,,,"",""
ball,4,99.5,Tasmania,BM Hope,MJ Owen,N McAndrew,0,0,,,,,,"",""
ball,4,99.6,Tasmania,BM Hope,MJ Owen,N McAndrew,0,0,,,,,,"",""
ball,4,100.1,Tasmania,MJ Owen,BM Hope,WA Agar,1,0,,,,,,"",""
ball,4,100.2,Tasmania,BM Hope,MJ Owen,WA Agar,0,0,,,,,,"",""
ball,4,100.3,Tasmania,BM Hope,MJ Owen,WA Agar,0,0,,,,,,"",""
ball,4,100.4,Tasmania,BM Hope,MJ Owen,WA Agar,0,0,,,,,,"",""
ball,4,100.5,Tasmania,BM Hope,MJ Owen,WA Agar,4,0,,,,,,"",""
ball,4,100.6,Tasmania,BM Hope,MJ Owen,WA Agar,1,0,,,,,,"",""
ball,4,101.1,Tasmania,BM Hope,MJ Owen,L Scott,0,0,,,,,,"",""
ball,4,101.2,Tasmania,BM Hope,MJ Owen,L Scott,1,0,,,,,,"",""
ball,4,101.3,Tasmania,MJ Owen,BM Hope,L Scott,1,0,,,,,,"",""
ball,4,101.4,Tasmania,BM Hope,MJ Owen,L Scott,1,0,,,,,,"",""
ball,4,101.5,Tasmania,MJ Owen,BM Hope,L Scott,1,0,,,,,,"",""
ball,4,101.6,Tasmania,BM Hope,MJ Owen,L Scott,4,0,,,,,,"",""
ball,4,102.1,Tasmania,MJ Owen,BM Hope,HTRY Thornton,4,0,,,,,,"",""
ball,4,102.2,Tasmania,MJ Owen,BM Hope,HTRY Thornton,0,0,,,,,,"",""
ball,4,102.3,Tasmania,MJ Owen,BM Hope,HTRY Thornton,4,0,,,,,,"",""
ball,4,102.4,Tasmania,MJ Owen,BM Hope,HTRY Thornton,0,0,,,,,,"",""
ball,4,102.5,Tasmania,MJ Owen,BM Hope,HTRY Thornton,0,0,,,,,,"",""
ball,4,102.6,Tasmania,MJ Owen,BM Hope,HTRY Thornton,2,0,,,,,,"",""
ball,4,103.1,Tasmania,BM Hope,MJ Owen,L Scott,0,0,,,,,,"",""
ball,4,103.2,Tasmania,BM Hope,MJ Owen,L Scott,0,1,1,,,,,"",""
ball,4,103.3,Tasmania,BM Hope,MJ Owen,L Scott,1,0,,,,,,"",""
ball,4,103.4,Tasmania,MJ Owen,BM Hope,L Scott,4,0,,,,,,"",""
ball,4,103.5,Tasmania,MJ Owen,BM Hope,L Scott,0,0,,,,,,"",""
ball,4,103.6,Tasmania,MJ Owen,BM Hope,L Scott,1,0,,,,,,"",""
ball,4,103.7,Tasmania,BM Hope,MJ Owen,L Scott,0,0,,,,,,"",""
ball,4,104.1,Tasmania,MJ Owen,BM Hope,HTRY Thornton,0,0,,,,,,"",""
ball,4,104.2,Tasmania,MJ Owen,BM Hope,HTRY Thornton,0,0,,,,,,"",""
ball,4,104.3,Tasmania,MJ Owen,BM Hope,HTRY Thornton,4,0,,,,,,"",""
ball,4,104.4,Tasmania,MJ Owen,BM Hope,HTRY Thornton,1,0,,,,,,"",""
ball,4,104.5,Tasmania,BM Hope,MJ Owen,HTRY Thornton,0,0,,,,,,"",""
ball,4,104.6,Tasmania,BM Hope,MJ Owen,HTRY Thornton,1,0,,,,,,"",""
ball,4,105.1,Tasmania,BM Hope,MJ Owen,L Scott,0,0,,,,,,"",""
ball,4,105.2,Tasmania,BM Hope,MJ Owen,L Scott,1,0,,,,,,"",""
ball,4,105.3,Tasmania,MJ Owen,BM Hope,L Scott,1,0,,,,,,"",""
ball,4,105.4,Tasmania,BM Hope,MJ Owen,L Scott,1,0,,,,,,"",""
ball,4,105.5,Tasmania,MJ Owen,BM Hope,L Scott,1,0,,,,,,"",""
ball,4,105.6,Tasmania,BM Hope,MJ Owen,L Scott,1,0,,,,,,"",""
ball,4,106.1,Tasmania,BM Hope,MJ Owen,HTRY Thornton,2,0,,,,,,"",""
ball,4,106.2,Tasmania,BM Hope,MJ Owen,HTRY Thornton,0,0,,,,,,"",""
ball,4,106.3,Tasmania,BM Hope,MJ Owen,HTRY Thornton,1,1,,1,,,,"",""
ball,4,106.4,Tasmania,MJ Owen,BM Hope,HTRY Thornton,4,0,,,,,,"",""
ball,4,106.5,Tasmania,MJ Owen,BM Hope,HTRY Thornton,1,0,,,,,,"",""
ball,4,106.6,Tasmania,BM Hope,MJ Owen,HTRY Thornton,4,0,,,,,,"",""
ball,4,106.7,Tasmania,BM Hope,MJ Owen,HTRY Thornton,0,0,,,,,,"",""
ball,4,107.1,Tasmania,MJ Owen,BM Hope,N McAndrew,0,1,1,,,,,"",""
ball,4,107.2,Tasmania,MJ Owen,BM Hope,N McAndrew,1,0,,,,,,"",""
ball,4,107.3,Tasmania,BM Hope,MJ Owen,N McAndrew,1,0,,,,,,"",""
ball,4,107.4,Tasmania,MJ Owen,BM Hope,N McAndrew,1,0,,,,,,"",""
ball,4,107.5,Tasmania,BM Hope,MJ Owen,N McAndrew,1,0,,,,,,"",""
ball,4,107.6,Tasmania,MJ Owen,BM Hope,N McAndrew,0,0,,,,,,"",""
ball,4,107.7,Tasmania,MJ Owen,BM Hope,N McAndrew,4,0,,,,,,"",""
ball,4,108.1,Tasmania,BM Hope,MJ Owen,WA Agar,4,0,,,,,,"",""
ball,4,108.2,Tasmania,BM Hope,MJ Owen,WA Agar,1,0,,,,,,"",""
ball,4,108.3,Tasmania,MJ Owen,BM Hope,WA Agar,1,0,,,,,,"",""
ball,4,108.4,Tasmania,BM Hope,MJ Owen,WA Agar,0,0,,,,,,caught,BM Hope
ball,4,108.5,Tasmania,L Neil-Smith,MJ Owen,WA Agar,1,0,,,,,,"",""
ball,4,108.6,Tasmania,MJ Owen,L Neil-Smith,WA Agar,1,0,,,,,,"",""
ball,4,109.1,Tasmania,MJ Owen,L Neil-Smith,N McAndrew,1,0,,,,,,"",""
ball,4,109.2,Tasmania,L Neil-Smith,MJ Owen,N McAndrew,1,0,,,,,,"",""
ball,4,109.3,Tasmania,MJ Owen,L Neil-Smith,N McAndrew,1,0,,,,,,"",""
ball,4,109.4,Tasmania,L Neil-Smith,MJ Owen,N McAndrew,1,0,,,,,,"",""
ball,4,109.5,Tasmania,MJ Owen,L Neil-Smith,N McAndrew,1,0,,,,,,"",""
ball,4,109.6,Tasmania,L Neil-Smith,MJ Owen,N McAndrew,1,0,,,,,,"",""
ball,4,110.1,Tasmania,L Neil-Smith,MJ Owen,WA Agar,1,0,,,,,,"",""
ball,4,110.2,Tasmania,MJ Owen,L Neil-Smith,WA Agar,1,0,,,,,,"",""
ball,4,110.3,Tasmania,L Neil-Smith,MJ Owen,WA Agar,1,0,,,,,,"",""
ball,4,110.4,Tasmania,MJ Owen,L Neil-Smith,WA Agar,1,0,,,,,,"",""
ball,4,110.5,Tasmania,L Neil-Smith,MJ Owen,WA Agar,0,0,,,,,,"",""
ball,4,110.6,Tasmania,L Neil-Smith,MJ Owen,WA Agar,1,0,,,,,,"",""
ball,4,111.1,Tasmania,L Neil-Smith,MJ Owen,N McAndrew,1,0,,,,,,"",""
ball,4,111.2,Tasmania,MJ Owen,L Neil-Smith,N McAndrew,6,0,,,,,,"",""
ball,4,111.3,Tasmania,MJ Owen,L Neil-Smith,N McAndrew,2,0,,,,,,"",""
ball,4,111.4,Tasmania,MJ Owen,L Neil-Smith,N McAndrew,0,0,,,,,,caught,MJ Owen
ball,4,111.5,Tasmania,MP Kuhnemann,L Neil-Smith,N McAndrew,0,0,,,,,,caught,MP Kuhnemann
ball,4,111.6,Tasmania,GT Bell,L Neil-Smith,N McAndrew,0,0,,,,,,"",""
ball,4,112.1,Tasmania,L Neil-Smith,GT Bell,WA Agar,1,0,,,,,,"",""
ball,4,112.2,Tasmania,GT Bell,L Neil-Smith,WA Agar,0,0,,,,,,"",""
ball,4,112.3,Tasmania,GT Bell,L Neil-Smith,WA Agar,0,0,,,,,,bowled,GT Bell
ball,4,112.4,Tasmania,RP Meredith,L Neil-Smith,WA Agar,1,0,,,,,,"",""
ball,4,112.5,Tasmania,L Neil-Smith,RP Meredith,WA Agar,1,0,,,,,,"",""
ball,4,112.6,Tasmania,RP Meredith,L Neil-Smith,WA Agar,1,0,,,,,,run out,RP Meredith
