version,1.7.0
info,balls_per_over,6
info,team,Essex
info,team,Somerset
info,gender,male
info,season,2025
info,date,2025/05/02
info,date,2025/05/03
info,date,2025/05/04
info,date,2025/05/05
info,event,County Championship
info,match_number,21
info,venue,"The Cooper Associates County Ground, Taunton"
info,city,Taunton
info,toss_winner,Somerset
info,toss_decision,field
info,umpire,BJ Debenham
info,umpire,NJ Llong
info,match_referee,Phil Whitticase
info,winner,Somerset
info,winner_wickets,3
info,player,Essex,D Elgar
info,player,Essex,PI Walter
info,player,Essex,T Westley
info,player,Essex,JM Cox
info,player,Essex,MJJ Critchley
info,player,Essex,MS Pepper
info,player,Essex,NRM Thain
info,player,Essex,SR Harmer
info,player,Essex,SJ Cook
info,player,Essex,CAK Rajitha
info,player,Essex,JA Porter
info,player,Somerset,AM Vaughan
info,player,Somerset,ARI Umeed
info,player,Somerset,JH Davey
info,player,Somerset,TA Lammonby
info,player,Somerset,TB Abell
info,player,Somerset,T Banton
info,player,Somerset,JEK Rew
info,player,Somerset,L Gregory
info,player,Somerset,C Overton
info,player,Somerset,M Pretorius
info,player,Somerset,MJ Leach
info,registry,people,AM Vaughan,33a6488e
info,registry,people,ARI Umeed,7a32c1c1
info,registry,people,BJ Debenham,524a3a82
info,registry,people,C Overton,e9987a94
info,registry,people,CAK Rajitha,8012d0b8
info,registry,people,D Elgar,33085ffb
info,registry,people,JA Porter,5b6d248a
info,registry,people,JEK Rew,521595e7
info,registry,people,JH Davey,d3868bd0
info,registry,people,JM Cox,ff154ecd
info,registry,people,L Gregory,06c2de82
info,registry,people,M Pretorius,54c2b697
info,registry,people,MJ Leach,3987e390
info,registry,people,MJJ Critchley,c5cc48bc
info,registry,people,MS Pepper,270e4c23
info,registry,people,NJ Llong,573fb985
info,registry,people,NRM Thain,f8a63b6f
info,registry,people,PI Walter,57590dbb
info,registry,people,Phil Whitticase,99d5f6fa
info,registry,people,SJ Cook,679cd31e
info,registry,people,SR Harmer,23638956
info,registry,people,T Banton,25f7b7d6
info,registry,people,T Westley,25a42048
info,registry,people,TA Lammonby,73f1f6b0
info,registry,people,TB Abell,ba9258a7
ball,1,0.1,Essex,D Elgar,PI Walter,C Overton,0,0,,,,,,"",""
ball,1,0.2,Essex,D Elgar,PI Walter,C Overton,0,0,,,,,,"",""
ball,1,0.3,Essex,D Elgar,PI Walter,C Overton,0,0,,,,,,"",""
ball,1,0.4,Essex,D Elgar,PI Walter,C Overton,0,1,,,,1,,"",""
ball,1,0.5,Essex,PI Walter,D Elgar,C Overton,0,0,,,,,,"",""
ball,1,0.6,Essex,PI Walter,D Elgar,C Overton,0,0,,,,,,"",""
ball,1,1.1,Essex,D Elgar,PI Walter,JH Davey,0,0,,,,,,"",""
ball,1,1.2,Essex,D Elgar,PI Walter,JH Davey,0,0,,,,,,"",""
ball,1,1.3,Essex,D Elgar,PI Walter,JH Davey,0,0,,,,,,"",""
ball,1,1.4,Essex,D Elgar,PI Walter,JH Davey,0,0,,,,,,"",""
ball,1,1.5,Essex,D Elgar,PI Walter,JH Davey,1,0,,,,,,"",""
ball,1,1.6,Essex,PI Walter,D Elgar,JH Davey,0,0,,,,,,"",""
ball,1,2.1,Essex,D Elgar,PI Walter,C Overton,0,0,,,,,,"",""
ball,1,2.2,Essex,D Elgar,PI Walter,C Overton,2,0,,,,,,"",""
ball,1,2.3,Essex,D Elgar,PI Walter,C Overton,0,0,,,,,,"",""
ball,1,2.4,Essex,D Elgar,PI Walter,C Overton,0,0,,,,,,"",""
ball,1,2.5,Essex,D Elgar,PI Walter,C Overton,4,0,,,,,,"",""
ball,1,2.6,Essex,D Elgar,PI Walter,C Overton,0,0,,,,,,"",""
ball,1,3.1,Essex,PI Walter,D Elgar,JH Davey,0,0,,,,,,"",""
ball,1,3.2,Essex,PI Walter,D Elgar,JH Davey,0,1,,,,1,,"",""
ball,1,3.3,Essex,D Elgar,PI Walter,JH Davey,0,0,,,,,,"",""
ball,1,3.4,Essex,D Elgar,PI Walter,JH Davey,0,0,,,,,,"",""
ball,1,3.5,Essex,D Elgar,PI Walter,JH Davey,0,0,,,,,,"",""
ball,1,3.6,Essex,D Elgar,PI Walter,JH Davey,0,0,,,,,,"",""
ball,1,4.1,Essex,PI Walter,D Elgar,C Overton,0,0,,,,,,"",""
ball,1,4.2,Essex,PI Walter,D Elgar,C Overton,0,0,,,,,,"",""
ball,1,4.3,Essex,PI Walter,D Elgar,C Overton,4,0,,,,,,"",""
ball,1,4.4,Essex,PI Walter,D Elgar,C Overton,0,0,,,,,,"",""
ball,1,4.5,Essex,PI Walter,D Elgar,C Overton,0,1,,,,1,,"",""
ball,1,4.6,Essex,D Elgar,PI Walter,C Overton,2,0,,,,,,"",""
ball,1,5.1,Essex,PI Walter,D Elgar,JH Davey,0,0,,,,,,"",""
ball,1,5.2,Essex,PI Walter,D Elgar,JH Davey,0,0,,,,,,"",""
ball,1,5.3,Essex,PI Walter,D Elgar,JH Davey,0,0,,,,,,"",""
ball,1,5.4,Essex,PI Walter,D Elgar,JH Davey,4,0,,,,,,"",""
ball,1,5.5,Essex,PI Walter,D Elgar,JH Davey,4,0,,,,,,"",""
ball,1,5.6,Essex,PI Walter,D Elgar,JH Davey,0,0,,,,,,"",""
ball,1,6.1,Essex,D Elgar,PI Walter,L Gregory,0,0,,,,,,"",""
ball,1,6.2,Essex,D Elgar,PI Walter,L Gregory,2,0,,,,,,"",""
ball,1,6.3,Essex,D Elgar,PI Walter,L Gregory,0,0,,,,,,"",""
ball,1,6.4,Essex,D Elgar,PI Walter,L Gregory,1,0,,,,,,"",""
ball,1,6.5,Essex,PI Walter,D Elgar,L Gregory,0,0,,,,,,"",""
ball,1,6.6,Essex,PI Walter,D Elgar,L Gregory,1,0,,,,,,"",""
ball,1,7.1,Essex,PI Walter,D Elgar,JH Davey,0,0,,,,,,"",""
ball,1,7.2,Essex,PI Walter,D Elgar,JH Davey,0,0,,,,,,"",""
ball,1,7.3,Essex,PI Walter,D Elgar,JH Davey,0,0,,,,,,"",""
ball,1,7.4,Essex,PI Walter,D Elgar,JH Davey,1,0,,,,,,"",""
ball,1,7.5,Essex,D Elgar,PI Walter,JH Davey,0,0,,,,,,"",""
ball,1,7.6,Essex,D Elgar,PI Walter,JH Davey,0,0,,,,,,"",""
ball,1,8.1,Essex,PI Walter,D Elgar,L Gregory,0,0,,,,,,"",""
ball,1,8.2,Essex,PI Walter,D Elgar,L Gregory,0,0,,,,,,"",""
ball,1,8.3,Essex,PI Walter,D Elgar,L Gregory,0,0,,,,,,"",""
ball,1,8.4,Essex,PI Walter,D Elgar,L Gregory,1,0,,,,,,"",""
ball,1,8.5,Essex,D Elgar,PI Walter,L Gregory,1,0,,,,,,"",""
ball,1,8.6,Essex,PI Walter,D Elgar,L Gregory,0,0,,,,,,"",""
ball,1,9.1,Essex,D Elgar,PI Walter,JH Davey,0,0,,,,,,"",""
ball,1,9.2,Essex,D Elgar,PI Walter,JH Davey,0,0,,,,,,"",""
ball,1,9.3,Essex,D Elgar,PI Walter,JH Davey,0,0,,,,,,"",""
ball,1,9.4,Essex,D Elgar,PI Walter,JH Davey,0,0,,,,,,"",""
ball,1,9.5,Essex,D Elgar,PI Walter,JH Davey,0,0,,,,,,"",""
ball,1,9.6,Essex,D Elgar,PI Walter,JH Davey,0,0,,,,,,"",""
ball,1,10.1,Essex,PI Walter,D Elgar,L Gregory,0,0,,,,,,"",""
ball,1,10.2,Essex,PI Walter,D Elgar,L Gregory,2,0,,,,,,"",""
ball,1,10.3,Essex,PI Walter,D Elgar,L Gregory,0,0,,,,,,"",""
ball,1,10.4,Essex,PI Walter,D Elgar,L Gregory,0,0,,,,,,"",""
ball,1,10.5,Essex,PI Walter,D Elgar,L Gregory,0,0,,,,,,"",""
ball,1,10.6,Essex,PI Walter,D Elgar,L Gregory,0,0,,,,,,"",""
ball,1,11.1,Essex,D Elgar,PI Walter,C Overton,0,0,,,,,,"",""
ball,1,11.2,Essex,D Elgar,PI Walter,C Overton,0,0,,,,,,"",""
ball,1,11.3,Essex,D Elgar,PI Walter,C Overton,0,0,,,,,,"",""
ball,1,11.4,Essex,D Elgar,PI Walter,C Overton,0,0,,,,,,"",""
ball,1,11.5,Essex,D Elgar,PI Walter,C Overton,0,0,,,,,,"",""
ball,1,11.6,Essex,D Elgar,PI Walter,C Overton,0,0,,,,,,"",""
ball,1,12.1,Essex,PI Walter,D Elgar,L Gregory,0,0,,,,,,"",""
ball,1,12.2,Essex,PI Walter,D Elgar,L Gregory,2,0,,,,,,"",""
ball,1,12.3,Essex,PI Walter,D Elgar,L Gregory,0,2,,2,,,,"",""
ball,1,12.4,Essex,PI Walter,D Elgar,L Gregory,0,0,,,,,,"",""
ball,1,12.5,Essex,PI Walter,D Elgar,L Gregory,2,0,,,,,,"",""
ball,1,12.6,Essex,PI Walter,D Elgar,L Gregory,1,0,,,,,,"",""
ball,1,12.7,Essex,D Elgar,PI Walter,L Gregory,0,0,,,,,,"",""
ball,1,13.1,Essex,PI Walter,D Elgar,C Overton,0,0,,,,,,"",""
ball,1,13.2,Essex,PI Walter,D Elgar,C Overton,0,0,,,,,,"",""
ball,1,13.3,Essex,PI Walter,D Elgar,C Overton,0,0,,,,,,"",""
ball,1,13.4,Essex,PI Walter,D Elgar,C Overton,0,0,,,,,,caught,PI Walter
ball,1,13.5,Essex,T Westley,D Elgar,C Overton,0,0,,,,,,"",""
ball,1,13.6,Essex,T Westley,D Elgar,C Overton,0,0,,,,,,"",""
ball,1,14.1,Essex,D Elgar,T Westley,L Gregory,0,0,,,,,,"",""
ball,1,14.2,Essex,D Elgar,T Westley,L Gregory,0,0,,,,,,"",""
ball,1,14.3,Essex,D Elgar,T Westley,L Gregory,0,0,,,,,,"",""
ball,1,14.4,Essex,D Elgar,T Westley,L Gregory,0,1,,,,1,,"",""
ball,1,14.5,Essex,T Westley,D Elgar,L Gregory,0,0,,,,,,"",""
ball,1,14.6,Essex,T Westley,D Elgar,L Gregory,0,0,,,,,,"",""
ball,1,15.1,Essex,D Elgar,T Westley,C Overton,4,0,,,,,,"",""
ball,1,15.2,Essex,D Elgar,T Westley,C Overton,0,0,,,,,,"",""
ball,1,15.3,Essex,D Elgar,T Westley,C Overton,0,0,,,,,,"",""
ball,1,15.4,Essex,D Elgar,T Westley,C Overton,0,0,,,,,,"",""
ball,1,15.5,Essex,D Elgar,T Westley,C Overton,0,0,,,,,,"",""
ball,1,15.6,Essex,D Elgar,T Westley,C Overton,2,0,,,,,,"",""
ball,1,16.1,Essex,T Westley,D Elgar,L Gregory,0,0,,,,,,"",""
ball,1,16.2,Essex,T Westley,D Elgar,L Gregory,0,0,,,,,,"",""
ball,1,16.3,Essex,T Westley,D Elgar,L Gregory,0,0,,,,,,"",""
ball,1,16.4,Essex,T Westley,D Elgar,L Gregory,0,0,,,,,,"",""
ball,1,16.5,Essex,T Westley,D Elgar,L Gregory,0,0,,,,,,"",""
ball,1,16.6,Essex,T Westley,D Elgar,L Gregory,0,0,,,,,,"",""
ball,1,17.1,Essex,D Elgar,T Westley,C Overton,0,0,,,,,,"",""
ball,1,17.2,Essex,D Elgar,T Westley,C Overton,0,0,,,,,,"",""
ball,1,17.3,Essex,D Elgar,T Westley,C Overton,0,0,,,,,,"",""
ball,1,17.4,Essex,D Elgar,T Westley,C Overton,1,0,,,,,,"",""
ball,1,17.5,Essex,T Westley,D Elgar,C Overton,0,0,,,,,,"",""
ball,1,17.6,Essex,T Westley,D Elgar,C Overton,1,0,,,,,,"",""
ball,1,18.1,Essex,T Westley,D Elgar,L Gregory,1,0,,,,,,"",""
ball,1,18.2,Essex,D Elgar,T Westley,L Gregory,0,0,,,,,,"",""
ball,1,18.3,Essex,D Elgar,T Westley,L Gregory,1,0,,,,,,"",""
ball,1,18.4,Essex,T Westley,D Elgar,L Gregory,0,0,,,,,,"",""
ball,1,18.5,Essex,T Westley,D Elgar,L Gregory,0,0,,,,,,"",""
ball,1,18.6,Essex,T Westley,D Elgar,L Gregory,4,0,,,,,,"",""
ball,1,19.1,Essex,D Elgar,T Westley,C Overton,0,0,,,,,,"",""
ball,1,19.2,Essex,D Elgar,T Westley,C Overton,0,0,,,,,,"",""
ball,1,19.3,Essex,D Elgar,T Westley,C Overton,0,0,,,,,,"",""
ball,1,19.4,Essex,D Elgar,T Westley,C Overton,0,0,,,,,,"",""
ball,1,19.5,Essex,D Elgar,T Westley,C Overton,0,0,,,,,,"",""
ball,1,19.6,Essex,D Elgar,T Westley,C Overton,0,0,,,,,,"",""
ball,1,20.1,Essex,T Westley,D Elgar,M Pretorius,0,0,,,,,,"",""
ball,1,20.2,Essex,T Westley,D Elgar,M Pretorius,0,0,,,,,,"",""
ball,1,20.3,Essex,T Westley,D Elgar,M Pretorius,0,0,,,,,,"",""
ball,1,20.4,Essex,T Westley,D Elgar,M Pretorius,0,0,,,,,,"",""
ball,1,20.5,Essex,T Westley,D Elgar,M Pretorius,0,0,,,,,,"",""
ball,1,20.6,Essex,T Westley,D Elgar,M Pretorius,0,0,,,,,,"",""
ball,1,21.1,Essex,D Elgar,T Westley,MJ Leach,0,0,,,,,,"",""
ball,1,21.2,Essex,D Elgar,T Westley,MJ Leach,1,0,,,,,,"",""
ball,1,21.3,Essex,T Westley,D Elgar,MJ Leach,0,0,,,,,,"",""
ball,1,21.4,Essex,T Westley,D Elgar,MJ Leach,0,0,,,,,,"",""
ball,1,21.5,Essex,T Westley,D Elgar,MJ Leach,0,0,,,,,,"",""
ball,1,21.6,Essex,T Westley,D Elgar,MJ Leach,0,0,,,,,,"",""
ball,1,22.1,Essex,D Elgar,T Westley,M Pretorius,1,0,,,,,,"",""
ball,1,22.2,Essex,T Westley,D Elgar,M Pretorius,0,0,,,,,,"",""
ball,1,22.3,Essex,T Westley,D Elgar,M Pretorius,0,0,,,,,,"",""
ball,1,22.4,Essex,T Westley,D Elgar,M Pretorius,0,0,,,,,,"",""
ball,1,22.5,Essex,T Westley,D Elgar,M Pretorius,0,0,,,,,,"",""
ball,1,22.6,Essex,T Westley,D Elgar,M Pretorius,0,0,,,,,,"",""
ball,1,23.1,Essex,D Elgar,T Westley,MJ Leach,1,0,,,,,,"",""
ball,1,23.2,Essex,T Westley,D Elgar,MJ Leach,0,0,,,,,,"",""
ball,1,23.3,Essex,T Westley,D Elgar,MJ Leach,0,0,,,,,,"",""
ball,1,23.4,Essex,T Westley,D Elgar,MJ Leach,0,0,,,,,,"",""
ball,1,23.5,Essex,T Westley,D Elgar,MJ Leach,0,0,,,,,,"",""
ball,1,23.6,Essex,T Westley,D Elgar,MJ Leach,0,0,,,,,,"",""
ball,1,24.1,Essex,D Elgar,T Westley,M Pretorius,4,0,,,,,,"",""
ball,1,24.2,Essex,D Elgar,T Westley,M Pretorius,0,0,,,,,,"",""
ball,1,24.3,Essex,D Elgar,T Westley,M Pretorius,0,0,,,,,,"",""
ball,1,24.4,Essex,D Elgar,T Westley,M Pretorius,0,0,,,,,,"",""
ball,1,24.5,Essex,D Elgar,T Westley,M Pretorius,0,0,,,,,,"",""
ball,1,24.6,Essex,D Elgar,T Westley,M Pretorius,1,0,,,,,,"",""
ball,1,25.1,Essex,D Elgar,T Westley,MJ Leach,1,0,,,,,,"",""
ball,1,25.2,Essex,T Westley,D Elgar,MJ Leach,0,0,,,,,,"",""
ball,1,25.3,Essex,T Westley,D Elgar,MJ Leach,0,0,,,,,,"",""
ball,1,25.4,Essex,T Westley,D Elgar,MJ Leach,0,0,,,,,,"",""
ball,1,25.5,Essex,T Westley,D Elgar,MJ Leach,1,0,,,,,,"",""
ball,1,25.6,Essex,D Elgar,T Westley,MJ Leach,0,0,,,,,,"",""
ball,1,26.1,Essex,T Westley,D Elgar,M Pretorius,1,0,,,,,,"",""
ball,1,26.2,Essex,D Elgar,T Westley,M Pretorius,0,0,,,,,,"",""
ball,1,26.3,Essex,D Elgar,T Westley,M Pretorius,0,0,,,,,,lbw,D Elgar
ball,1,26.4,Essex,JM Cox,T Westley,M Pretorius,0,0,,,,,,"",""
ball,1,26.5,Essex,JM Cox,T Westley,M Pretorius,0,0,,,,,,"",""
ball,1,26.6,Essex,JM Cox,T Westley,M Pretorius,0,0,,,,,,"",""
ball,1,27.1,Essex,T Westley,JM Cox,MJ Leach,0,0,,,,,,"",""
ball,1,27.2,Essex,T Westley,JM Cox,MJ Leach,0,0,,,,,,"",""
ball,1,27.3,Essex,T Westley,JM Cox,MJ Leach,2,0,,,,,,"",""
ball,1,27.4,Essex,T Westley,JM Cox,MJ Leach,1,0,,,,,,"",""
ball,1,27.5,Essex,JM Cox,T Westley,MJ Leach,0,0,,,,,,"",""
ball,1,27.6,Essex,JM Cox,T Westley,MJ Leach,1,0,,,,,,"",""
ball,1,28.1,Essex,JM Cox,T Westley,M Pretorius,0,0,,,,,,"",""
ball,1,28.2,Essex,JM Cox,T Westley,M Pretorius,4,0,,,,,,"",""
ball,1,28.3,Essex,JM Cox,T Westley,M Pretorius,0,0,,,,,,"",""
ball,1,28.4,Essex,JM Cox,T Westley,M Pretorius,0,0,,,,,,"",""
ball,1,28.5,Essex,JM Cox,T Westley,M Pretorius,1,0,,,,,,"",""
ball,1,28.6,Essex,T Westley,JM Cox,M Pretorius,0,0,,,,,,"",""
ball,1,29.1,Essex,JM Cox,T Westley,MJ Leach,0,0,,,,,,"",""
ball,1,29.2,Essex,JM Cox,T Westley,MJ Leach,0,0,,,,,,"",""
ball,1,29.3,Essex,JM Cox,T Westley,MJ Leach,0,0,,,,,,"",""
ball,1,29.4,Essex,JM Cox,T Westley,MJ Leach,0,0,,,,,,"",""
ball,1,29.5,Essex,JM Cox,T Westley,MJ Leach,4,0,,,,,,"",""
ball,1,29.6,Essex,JM Cox,T Westley,MJ Leach,0,0,,,,,,"",""
ball,1,30.1,Essex,T Westley,JM Cox,M Pretorius,0,0,,,,,,"",""
ball,1,30.2,Essex,T Westley,JM Cox,M Pretorius,0,0,,,,,,"",""
ball,1,30.3,Essex,T Westley,JM Cox,M Pretorius,2,0,,,,,,"",""
ball,1,30.4,Essex,T Westley,JM Cox,M Pretorius,0,0,,,,,,"",""
ball,1,30.5,Essex,T Westley,JM Cox,M Pretorius,0,0,,,,,,"",""
ball,1,30.6,Essex,T Westley,JM Cox,M Pretorius,0,0,,,,,,"",""
ball,1,31.1,Essex,JM Cox,T Westley,MJ Leach,0,0,,,,,,"",""
ball,1,31.2,Essex,JM Cox,T Westley,MJ Leach,0,0,,,,,,"",""
ball,1,31.3,Essex,JM Cox,T Westley,MJ Leach,1,0,,,,,,"",""
ball,1,31.4,Essex,T Westley,JM Cox,MJ Leach,0,0,,,,,,"",""
ball,1,31.5,Essex,T Westley,JM Cox,MJ Leach,1,0,,,,,,"",""
ball,1,31.6,Essex,JM Cox,T Westley,MJ Leach,1,0,,,,,,"",""
ball,1,32.1,Essex,JM Cox,T Westley,L Gregory,0,0,,,,,,"",""
ball,1,32.2,Essex,JM Cox,T Westley,L Gregory,0,0,,,,,,"",""
ball,1,32.3,Essex,JM Cox,T Westley,L Gregory,1,0,,,,,,"",""
ball,1,32.4,Essex,T Westley,JM Cox,L Gregory,0,0,,,,,,"",""
ball,1,32.5,Essex,T Westley,JM Cox,L Gregory,1,0,,,,,,"",""
ball,1,32.6,Essex,JM Cox,T Westley,L Gregory,4,0,,,,,,"",""
ball,1,33.1,Essex,T Westley,JM Cox,MJ Leach,2,0,,,,,,"",""
ball,1,33.2,Essex,T Westley,JM Cox,MJ Leach,1,0,,,,,,"",""
ball,1,33.3,Essex,JM Cox,T Westley,MJ Leach,0,0,,,,,,"",""
ball,1,33.4,Essex,JM Cox,T Westley,MJ Leach,0,0,,,,,,"",""
ball,1,33.5,Essex,JM Cox,T Westley,MJ Leach,0,0,,,,,,"",""
ball,1,33.6,Essex,JM Cox,T Westley,MJ Leach,0,0,,,,,,"",""
ball,1,34.1,Essex,T Westley,JM Cox,L Gregory,0,0,,,,,,"",""
ball,1,34.2,Essex,T Westley,JM Cox,L Gregory,0,0,,,,,,"",""
ball,1,34.3,Essex,T Westley,JM Cox,L Gregory,0,0,,,,,,"",""
ball,1,34.4,Essex,T Westley,JM Cox,L Gregory,0,0,,,,,,"",""
ball,1,34.5,Essex,T Westley,JM Cox,L Gregory,1,0,,,,,,"",""
ball,1,34.6,Essex,JM Cox,T Westley,L Gregory,0,2,,2,,,,"",""
ball,1,34.7,Essex,JM Cox,T Westley,L Gregory,0,0,,,,,,"",""
ball,1,35.1,Essex,T Westley,JM Cox,MJ Leach,0,0,,,,,,"",""
ball,1,35.2,Essex,T Westley,JM Cox,MJ Leach,0,0,,,,,,"",""
ball,1,35.3,Essex,T Westley,JM Cox,MJ Leach,0,0,,,,,,"",""
ball,1,35.4,Essex,T Westley,JM Cox,MJ Leach,0,0,,,,,,"",""
ball,1,35.5,Essex,T Westley,JM Cox,MJ Leach,0,0,,,,,,"",""
ball,1,35.6,Essex,T Westley,JM Cox,MJ Leach,0,0,,,,,,"",""
ball,1,36.1,Essex,JM Cox,T Westley,L Gregory,0,0,,,,,,"",""
ball,1,36.2,Essex,JM Cox,T Westley,L Gregory,0,0,,,,,,"",""
ball,1,36.3,Essex,JM Cox,T Westley,L Gregory,0,0,,,,,,"",""
ball,1,36.4,Essex,JM Cox,T Westley,L Gregory,0,0,,,,,,"",""
ball,1,36.5,Essex,JM Cox,T Westley,L Gregory,0,4,,,4,,,"",""
ball,1,36.6,Essex,JM Cox,T Westley,L Gregory,0,0,,,,,,"",""
ball,1,37.1,Essex,T Westley,JM Cox,MJ Leach,1,0,,,,,,"",""
ball,1,37.2,Essex,JM Cox,T Westley,MJ Leach,0,0,,,,,,"",""
ball,1,37.3,Essex,JM Cox,T Westley,MJ Leach,0,0,,,,,,"",""
ball,1,37.4,Essex,JM Cox,T Westley,MJ Leach,0,0,,,,,,"",""
ball,1,37.5,Essex,JM Cox,T Westley,MJ Leach,0,0,,,,,,"",""
ball,1,37.6,Essex,JM Cox,T Westley,MJ Leach,1,0,,,,,,"",""
ball,1,38.1,Essex,JM Cox,T Westley,L Gregory,0,0,,,,,,"",""
ball,1,38.2,Essex,JM Cox,T Westley,L Gregory,0,0,,,,,,"",""
ball,1,38.3,Essex,JM Cox,T Westley,L Gregory,0,0,,,,,,"",""
ball,1,38.4,Essex,JM Cox,T Westley,L Gregory,0,0,,,,,,"",""
ball,1,38.5,Essex,JM Cox,T Westley,L Gregory,0,0,,,,,,"",""
ball,1,38.6,Essex,JM Cox,T Westley,L Gregory,2,0,,,,,,"",""
ball,1,39.1,Essex,T Westley,JM Cox,MJ Leach,0,0,,,,,,"",""
ball,1,39.2,Essex,T Westley,JM Cox,MJ Leach,0,0,,,,,,"",""
ball,1,39.3,Essex,T Westley,JM Cox,MJ Leach,0,0,,,,,,"",""
ball,1,39.4,Essex,T Westley,JM Cox,MJ Leach,0,0,,,,,,"",""
ball,1,39.5,Essex,T Westley,JM Cox,MJ Leach,0,4,,,4,,,"",""
ball,1,39.6,Essex,T Westley,JM Cox,MJ Leach,0,0,,,,,,"",""
ball,1,40.1,Essex,JM Cox,T Westley,L Gregory,4,0,,,,,,"",""
ball,1,40.2,Essex,JM Cox,T Westley,L Gregory,0,0,,,,,,"",""
ball,1,40.3,Essex,JM Cox,T Westley,L Gregory,0,0,,,,,,"",""
ball,1,40.4,Essex,JM Cox,T Westley,L Gregory,0,2,,2,,,,"",""
ball,1,40.5,Essex,JM Cox,T Westley,L Gregory,0,0,,,,,,"",""
ball,1,40.6,Essex,JM Cox,T Westley,L Gregory,1,0,,,,,,"",""
ball,1,40.7,Essex,T Westley,JM Cox,L Gregory,0,0,,,,,,"",""
ball,1,41.1,Essex,JM Cox,T Westley,MJ Leach,0,0,,,,,,"",""
ball,1,41.2,Essex,JM Cox,T Westley,MJ Leach,0,0,,,,,,"",""
ball,1,41.3,Essex,JM Cox,T Westley,MJ Leach,0,0,,,,,,"",""
ball,1,41.4,Essex,JM Cox,T Westley,MJ Leach,0,0,,,,,,"",""
ball,1,41.5,Essex,JM Cox,T Westley,MJ Leach,0,0,,,,,,"",""
ball,1,41.6,Essex,JM Cox,T Westley,MJ Leach,0,0,,,,,,"",""
ball,1,42.1,Essex,T Westley,JM Cox,JH Davey,0,0,,,,,,"",""
ball,1,42.2,Essex,T Westley,JM Cox,JH Davey,0,0,,,,,,"",""
ball,1,42.3,Essex,T Westley,JM Cox,JH Davey,0,0,,,,,,caught,T Westley
ball,1,42.4,Essex,MJJ Critchley,JM Cox,JH Davey,1,0,,,,,,"",""
ball,1,42.5,Essex,JM Cox,MJJ Critchley,JH Davey,0,0,,,,,,"",""
ball,1,42.6,Essex,JM Cox,MJJ Critchley,JH Davey,0,0,,,,,,"",""
ball,1,43.1,Essex,MJJ Critchley,JM Cox,MJ Leach,0,0,,,,,,"",""
ball,1,43.2,Essex,MJJ Critchley,JM Cox,MJ Leach,0,0,,,,,,"",""
ball,1,43.3,Essex,MJJ Critchley,JM Cox,MJ Leach,0,0,,,,,,"",""
ball,1,43.4,Essex,MJJ Critchley,JM Cox,MJ Leach,0,0,,,,,,"",""
ball,1,43.5,Essex,MJJ Critchley,JM Cox,MJ Leach,0,0,,,,,,"",""
ball,1,43.6,Essex,MJJ Critchley,JM Cox,MJ Leach,0,0,,,,,,"",""
ball,1,44.1,Essex,JM Cox,MJJ Critchley,JH Davey,1,0,,,,,,"",""
ball,1,44.2,Essex,MJJ Critchley,JM Cox,JH Davey,1,0,,,,,,"",""
ball,1,44.3,Essex,JM Cox,MJJ Critchley,JH Davey,0,0,,,,,,caught,JM Cox
ball,1,44.4,Essex,MS Pepper,MJJ Critchley,JH Davey,0,0,,,,,,"",""
ball,1,44.5,Essex,MS Pepper,MJJ Critchley,JH Davey,0,0,,,,,,"",""
ball,1,44.6,Essex,MS Pepper,MJJ Critchley,JH Davey,0,0,,,,,,"",""
ball,1,45.1,Essex,MJJ Critchley,MS Pepper,MJ Leach,0,0,,,,,,"",""
ball,1,45.2,Essex,MJJ Critchley,MS Pepper,MJ Leach,0,0,,,,,,"",""
ball,1,45.3,Essex,MJJ Critchley,MS Pepper,MJ Leach,0,0,,,,,,"",""
ball,1,45.4,Essex,MJJ Critchley,MS Pepper,MJ Leach,1,0,,,,,,"",""
ball,1,45.5,Essex,MS Pepper,MJJ Critchley,MJ Leach,0,0,,,,,,"",""
ball,1,45.6,Essex,MS Pepper,MJJ Critchley,MJ Leach,0,0,,,,,,"",""
ball,1,46.1,Essex,MJJ Critchley,MS Pepper,JH Davey,0,0,,,,,,"",""
ball,1,46.2,Essex,MJJ Critchley,MS Pepper,JH Davey,0,2,,2,,,,"",""
ball,1,46.3,Essex,MJJ Critchley,MS Pepper,JH Davey,0,0,,,,,,"",""
ball,1,46.4,Essex,MJJ Critchley,MS Pepper,JH Davey,0,0,,,,,,"",""
ball,1,46.5,Essex,MJJ Critchley,MS Pepper,JH Davey,0,0,,,,,,"",""
ball,1,46.6,Essex,MJJ Critchley,MS Pepper,JH Davey,0,0,,,,,,"",""
ball,1,46.7,Essex,MJJ Critchley,MS Pepper,JH Davey,0,0,,,,,,"",""
ball,1,47.1,Essex,MS Pepper,MJJ Critchley,MJ Leach,0,0,,,,,,"",""
ball,1,47.2,Essex,MS Pepper,MJJ Critchley,MJ Leach,0,0,,,,,,"",""
ball,1,47.3,Essex,MS Pepper,MJJ Critchley,MJ Leach,0,0,,,,,,caught,MS Pepper
ball,1,47.4,Essex,NRM Thain,MJJ Critchley,MJ Leach,0,0,,,,,,"",""
ball,1,47.5,Essex,NRM Thain,MJJ Critchley,MJ Leach,0,0,,,,,,"",""
ball,1,47.6,Essex,NRM Thain,MJJ Critchley,MJ Leach,1,0,,,,,,"",""
ball,1,48.1,Essex,NRM Thain,MJJ Critchley,JH Davey,0,0,,,,,,"",""
ball,1,48.2,Essex,NRM Thain,MJJ Critchley,JH Davey,0,0,,,,,,"",""
ball,1,48.3,Essex,NRM Thain,MJJ Critchley,JH Davey,0,0,,,,,,"",""
ball,1,48.4,Essex,NRM Thain,MJJ Critchley,JH Davey,0,0,,,,,,"",""
ball,1,48.5,Essex,NRM Thain,MJJ Critchley,JH Davey,0,0,,,,,,"",""
ball,1,48.6,Essex,NRM Thain,MJJ Critchley,JH Davey,0,0,,,,,,"",""
ball,1,49.1,Essex,MJJ Critchley,NRM Thain,MJ Leach,0,0,,,,,,"",""
ball,1,49.2,Essex,MJJ Critchley,NRM Thain,MJ Leach,0,0,,,,,,lbw,MJJ Critchley
ball,1,49.3,Essex,SR Harmer,NRM Thain,MJ Leach,0,0,,,,,,"",""
ball,1,49.4,Essex,SR Harmer,NRM Thain,MJ Leach,0,0,,,,,,"",""
ball,1,49.5,Essex,SR Harmer,NRM Thain,MJ Leach,0,0,,,,,,"",""
ball,1,49.6,Essex,SR Harmer,NRM Thain,MJ Leach,0,0,,,,,,"",""
ball,1,50.1,Essex,NRM Thain,SR Harmer,JH Davey,0,0,,,,,,"",""
ball,1,50.2,Essex,NRM Thain,SR Harmer,JH Davey,0,0,,,,,,"",""
ball,1,50.3,Essex,NRM Thain,SR Harmer,JH Davey,0,0,,,,,,"",""
ball,1,50.4,Essex,NRM Thain,SR Harmer,JH Davey,4,0,,,,,,"",""
ball,1,50.5,Essex,NRM Thain,SR Harmer,JH Davey,4,0,,,,,,"",""
ball,1,50.6,Essex,NRM Thain,SR Harmer,JH Davey,0,0,,,,,,"",""
ball,1,51.1,Essex,SR Harmer,NRM Thain,MJ Leach,0,0,,,,,,"",""
ball,1,51.2,Essex,SR Harmer,NRM Thain,MJ Leach,0,0,,,,,,"",""
ball,1,51.3,Essex,SR Harmer,NRM Thain,MJ Leach,0,0,,,,,,"",""
ball,1,51.4,Essex,SR Harmer,NRM Thain,MJ Leach,0,0,,,,,,"",""
ball,1,51.5,Essex,SR Harmer,NRM Thain,MJ Leach,0,0,,,,,,"",""
ball,1,51.6,Essex,SR Harmer,NRM Thain,MJ Leach,0,0,,,,,,"",""
ball,1,52.1,Essex,NRM Thain,SR Harmer,C Overton,0,0,,,,,,"",""
ball,1,52.2,Essex,NRM Thain,SR Harmer,C Overton,2,0,,,,,,"",""
ball,1,52.3,Essex,NRM Thain,SR Harmer,C Overton,0,0,,,,,,"",""
ball,1,52.4,Essex,NRM Thain,SR Harmer,C Overton,0,0,,,,,,"",""
ball,1,52.5,Essex,NRM Thain,SR Harmer,C Overton,0,0,,,,,,"",""
ball,1,52.6,Essex,NRM Thain,SR Harmer,C Overton,0,0,,,,,,"",""
ball,1,53.1,Essex,SR Harmer,NRM Thain,MJ Leach,1,0,,,,,,"",""
ball,1,53.2,Essex,NRM Thain,SR Harmer,MJ Leach,0,0,,,,,,"",""
ball,1,53.3,Essex,NRM Thain,SR Harmer,MJ Leach,0,0,,,,,,"",""
ball,1,53.4,Essex,NRM Thain,SR Harmer,MJ Leach,0,0,,,,,,"",""
ball,1,53.5,Essex,NRM Thain,SR Harmer,MJ Leach,1,0,,,,,,"",""
ball,1,53.6,Essex,SR Harmer,NRM Thain,MJ Leach,1,0,,,,,,"",""
ball,1,54.1,Essex,SR Harmer,NRM Thain,C Overton,0,0,,,,,,"",""
ball,1,54.2,Essex,SR Harmer,NRM Thain,C Overton,0,0,,,,,,"",""
ball,1,54.3,Essex,SR Harmer,NRM Thain,C Overton,1,0,,,,,,"",""
ball,1,54.4,Essex,NRM Thain,SR Harmer,C Overton,0,0,,,,,,"",""
ball,1,54.5,Essex,NRM Thain,SR Harmer,C Overton,0,0,,,,,,"",""
ball,1,54.6,Essex,NRM Thain,SR Harmer,C Overton,0,0,,,,,,"",""
ball,1,55.1,Essex,SR Harmer,NRM Thain,MJ Leach,0,0,,,,,,"",""
ball,1,55.2,Essex,SR Harmer,NRM Thain,MJ Leach,0,0,,,,,,lbw,SR Harmer
ball,1,55.3,Essex,SJ Cook,NRM Thain,MJ Leach,0,0,,,,,,"",""
ball,1,55.4,Essex,SJ Cook,NRM Thain,MJ Leach,0,0,,,,,,"",""
ball,1,55.5,Essex,SJ Cook,NRM Thain,MJ Leach,0,0,,,,,,"",""
ball,1,55.6,Essex,SJ Cook,NRM Thain,MJ Leach,0,0,,,,,,"",""
ball,1,56.1,Essex,NRM Thain,SJ Cook,C Overton,0,0,,,,,,"",""
ball,1,56.2,Essex,NRM Thain,SJ Cook,C Overton,0,0,,,,,,"",""
ball,1,56.3,Essex,NRM Thain,SJ Cook,C Overton,0,0,,,,,,"",""
ball,1,56.4,Essex,NRM Thain,SJ Cook,C Overton,0,0,,,,,,"",""
ball,1,56.5,Essex,NRM Thain,SJ Cook,C Overton,0,0,,,,,,"",""
ball,1,56.6,Essex,NRM Thain,SJ Cook,C Overton,0,0,,,,,,"",""
ball,1,57.1,Essex,SJ Cook,NRM Thain,MJ Leach,0,1,,,,1,,"",""
ball,1,57.2,Essex,NRM Thain,SJ Cook,MJ Leach,0,0,,,,,,"",""
ball,1,57.3,Essex,NRM Thain,SJ Cook,MJ Leach,0,0,,,,,,"",""
ball,1,57.4,Essex,NRM Thain,SJ Cook,MJ Leach,1,0,,,,,,"",""
ball,1,57.5,Essex,SJ Cook,NRM Thain,MJ Leach,0,0,,,,,,"",""
ball,1,57.6,Essex,SJ Cook,NRM Thain,MJ Leach,0,0,,,,,,"",""
ball,1,58.1,Essex,NRM Thain,SJ Cook,C Overton,2,0,,,,,,"",""
ball,1,58.2,Essex,NRM Thain,SJ Cook,C Overton,0,0,,,,,,"",""
ball,1,58.3,Essex,NRM Thain,SJ Cook,C Overton,4,0,,,,,,"",""
ball,1,58.4,Essex,NRM Thain,SJ Cook,C Overton,0,0,,,,,,"",""
ball,1,58.5,Essex,NRM Thain,SJ Cook,C Overton,0,0,,,,,,"",""
ball,1,58.6,Essex,NRM Thain,SJ Cook,C Overton,0,0,,,,,,"",""
ball,1,59.1,Essex,SJ Cook,NRM Thain,MJ Leach,0,0,,,,,,"",""
ball,1,59.2,Essex,SJ Cook,NRM Thain,MJ Leach,0,0,,,,,,"",""
ball,1,59.3,Essex,SJ Cook,NRM Thain,MJ Leach,0,0,,,,,,"",""
ball,1,59.4,Essex,SJ Cook,NRM Thain,MJ Leach,0,0,,,,,,"",""
ball,1,59.5,Essex,SJ Cook,NRM Thain,MJ Leach,0,0,,,,,,"",""
ball,1,59.6,Essex,SJ Cook,NRM Thain,MJ Leach,0,0,,,,,,"",""
ball,1,60.1,Essex,NRM Thain,SJ Cook,M Pretorius,0,0,,,,,,"",""
ball,1,60.2,Essex,NRM Thain,SJ Cook,M Pretorius,0,0,,,,,,"",""
ball,1,60.3,Essex,NRM Thain,SJ Cook,M Pretorius,0,0,,,,,,"",""
ball,1,60.4,Essex,NRM Thain,SJ Cook,M Pretorius,0,0,,,,,,"",""
ball,1,60.5,Essex,NRM Thain,SJ Cook,M Pretorius,0,0,,,,,,"",""
ball,1,60.6,Essex,NRM Thain,SJ Cook,M Pretorius,0,0,,,,,,"",""
ball,1,61.1,Essex,SJ Cook,NRM Thain,MJ Leach,1,0,,,,,,"",""
ball,1,61.2,Essex,NRM Thain,SJ Cook,MJ Leach,2,0,,,,,,"",""
ball,1,61.3,Essex,NRM Thain,SJ Cook,MJ Leach,0,0,,,,,,"",""
ball,1,61.4,Essex,NRM Thain,SJ Cook,MJ Leach,0,0,,,,,,"",""
ball,1,61.5,Essex,NRM Thain,SJ Cook,MJ Leach,0,0,,,,,,"",""
ball,1,61.6,Essex,NRM Thain,SJ Cook,MJ Leach,1,0,,,,,,"",""
ball,1,62.1,Essex,NRM Thain,SJ Cook,M Pretorius,2,0,,,,,,"",""
ball,1,62.2,Essex,NRM Thain,SJ Cook,M Pretorius,0,0,,,,,,"",""
ball,1,62.3,Essex,NRM Thain,SJ Cook,M Pretorius,0,0,,,,,,"",""
ball,1,62.4,Essex,NRM Thain,SJ Cook,M Pretorius,0,1,,,,1,,"",""
ball,1,62.5,Essex,SJ Cook,NRM Thain,M Pretorius,0,0,,,,,,"",""
ball,1,62.6,Essex,SJ Cook,NRM Thain,M Pretorius,0,0,,,,,,"",""
ball,1,63.1,Essex,NRM Thain,SJ Cook,MJ Leach,0,0,,,,,,"",""
ball,1,63.2,Essex,NRM Thain,SJ Cook,MJ Leach,0,0,,,,,,"",""
ball,1,63.3,Essex,NRM Thain,SJ Cook,MJ Leach,0,0,,,,,,"",""
ball,1,63.4,Essex,NRM Thain,SJ Cook,MJ Leach,0,0,,,,,,"",""
ball,1,63.5,Essex,NRM Thain,SJ Cook,MJ Leach,0,0,,,,,,"",""
ball,1,63.6,Essex,NRM Thain,SJ Cook,MJ Leach,1,0,,,,,,"",""
ball,1,64.1,Essex,NRM Thain,SJ Cook,M Pretorius,0,0,,,,,,"",""
ball,1,64.2,Essex,NRM Thain,SJ Cook,M Pretorius,1,0,,,,,,"",""
ball,1,64.3,Essex,SJ Cook,NRM Thain,M Pretorius,0,2,,,2,,,"",""
ball,1,64.4,Essex,SJ Cook,NRM Thain,M Pretorius,0,0,,,,,,"",""
ball,1,64.5,Essex,SJ Cook,NRM Thain,M Pretorius,0,0,,,,,,"",""
ball,1,64.6,Essex,SJ Cook,NRM Thain,M Pretorius,0,0,,,,,,"",""
ball,1,65.1,Essex,NRM Thain,SJ Cook,MJ Leach,0,0,,,,,,"",""
ball,1,65.2,Essex,NRM Thain,SJ Cook,MJ Leach,0,0,,,,,,"",""
ball,1,65.3,Essex,NRM Thain,SJ Cook,MJ Leach,0,0,,,,,,"",""
ball,1,65.4,Essex,NRM Thain,SJ Cook,MJ Leach,0,0,,,,,,"",""
ball,1,65.5,Essex,NRM Thain,SJ Cook,MJ Leach,0,0,,,,,,"",""
ball,1,65.6,Essex,NRM Thain,SJ Cook,MJ Leach,0,0,,,,,,"",""
ball,1,66.1,Essex,SJ Cook,NRM Thain,L Gregory,1,0,,,,,,"",""
ball,1,66.2,Essex,NRM Thain,SJ Cook,L Gregory,1,0,,,,,,"",""
ball,1,66.3,Essex,SJ Cook,NRM Thain,L Gregory,0,0,,,,,,"",""
ball,1,66.4,Essex,SJ Cook,NRM Thain,L Gregory,0,0,,,,,,"",""
ball,1,66.5,Essex,SJ Cook,NRM Thain,L Gregory,0,0,,,,,,"",""
ball,1,66.6,Essex,SJ Cook,NRM Thain,L Gregory,0,0,,,,,,"",""
ball,1,67.1,Essex,NRM Thain,SJ Cook,MJ Leach,0,0,,,,,,"",""
ball,1,67.2,Essex,NRM Thain,SJ Cook,MJ Leach,0,0,,,,,,"",""
ball,1,67.3,Essex,NRM Thain,SJ Cook,MJ Leach,0,0,,,,,,"",""
ball,1,67.4,Essex,NRM Thain,SJ Cook,MJ Leach,0,0,,,,,,"",""
ball,1,67.5,Essex,NRM Thain,SJ Cook,MJ Leach,0,0,,,,,,"",""
ball,1,67.6,Essex,NRM Thain,SJ Cook,MJ Leach,0,0,,,,,,"",""
ball,1,68.1,Essex,SJ Cook,NRM Thain,L Gregory,0,0,,,,,,"",""
ball,1,68.2,Essex,SJ Cook,NRM Thain,L Gregory,0,0,,,,,,"",""
ball,1,68.3,Essex,SJ Cook,NRM Thain,L Gregory,0,0,,,,,,"",""
ball,1,68.4,Essex,SJ Cook,NRM Thain,L Gregory,0,0,,,,,,"",""
ball,1,68.5,Essex,SJ Cook,NRM Thain,L Gregory,4,0,,,,,,"",""
ball,1,68.6,Essex,SJ Cook,NRM Thain,L Gregory,0,0,,,,,,"",""
ball,1,69.1,Essex,NRM Thain,SJ Cook,MJ Leach,0,0,,,,,,"",""
ball,1,69.2,Essex,NRM Thain,SJ Cook,MJ Leach,0,0,,,,,,"",""
ball,1,69.3,Essex,NRM Thain,SJ Cook,MJ Leach,0,0,,,,,,"",""
ball,1,69.4,Essex,NRM Thain,SJ Cook,MJ Leach,1,0,,,,,,"",""
ball,1,69.5,Essex,SJ Cook,NRM Thain,MJ Leach,0,0,,,,,,"",""
ball,1,69.6,Essex,SJ Cook,NRM Thain,MJ Leach,0,0,,,,,,"",""
ball,1,70.1,Essex,NRM Thain,SJ Cook,L Gregory,1,0,,,,,,"",""
ball,1,70.2,Essex,SJ Cook,NRM Thain,L Gregory,0,0,,,,,,"",""
ball,1,70.3,Essex,SJ Cook,NRM Thain,L Gregory,0,0,,,,,,"",""
ball,1,70.4,Essex,SJ Cook,NRM Thain,L Gregory,0,0,,,,,,"",""
ball,1,70.5,Essex,SJ Cook,NRM Thain,L Gregory,0,1,,,,1,,"",""
ball,1,70.6,Essex,NRM Thain,SJ Cook,L Gregory,0,0,,,,,,"",""
ball,1,71.1,Essex,SJ Cook,NRM Thain,MJ Leach,0,0,,,,,,"",""
ball,1,71.2,Essex,SJ Cook,NRM Thain,MJ Leach,0,0,,,,,,"",""
ball,1,71.3,Essex,SJ Cook,NRM Thain,MJ Leach,0,0,,,,,,"",""
ball,1,71.4,Essex,SJ Cook,NRM Thain,MJ Leach,0,0,,,,,,"",""
ball,1,71.5,Essex,SJ Cook,NRM Thain,MJ Leach,0,0,,,,,,"",""
ball,1,71.6,Essex,SJ Cook,NRM Thain,MJ Leach,0,0,,,,,,"",""
ball,1,72.1,Essex,NRM Thain,SJ Cook,L Gregory,2,0,,,,,,"",""
ball,1,72.2,Essex,NRM Thain,SJ Cook,L Gregory,1,0,,,,,,"",""
ball,1,72.3,Essex,SJ Cook,NRM Thain,L Gregory,0,0,,,,,,"",""
ball,1,72.4,Essex,SJ Cook,NRM Thain,L Gregory,0,0,,,,,,"",""
ball,1,72.5,Essex,SJ Cook,NRM Thain,L Gregory,0,0,,,,,,"",""
ball,1,72.6,Essex,SJ Cook,NRM Thain,L Gregory,0,0,,,,,,"",""
ball,1,73.1,Essex,NRM Thain,SJ Cook,MJ Leach,0,0,,,,,,"",""
ball,1,73.2,Essex,NRM Thain,SJ Cook,MJ Leach,0,0,,,,,,"",""
ball,1,73.3,Essex,NRM Thain,SJ Cook,MJ Leach,1,0,,,,,,"",""
ball,1,73.4,Essex,SJ Cook,NRM Thain,MJ Leach,0,0,,,,,,"",""
ball,1,73.5,Essex,SJ Cook,NRM Thain,MJ Leach,0,0,,,,,,"",""
ball,1,73.6,Essex,SJ Cook,NRM Thain,MJ Leach,0,0,,,,,,"",""
ball,1,74.1,Essex,NRM Thain,SJ Cook,L Gregory,2,0,,,,,,"",""
ball,1,74.2,Essex,NRM Thain,SJ Cook,L Gregory,0,0,,,,,,"",""
ball,1,74.3,Essex,NRM Thain,SJ Cook,L Gregory,1,2,,2,,,,"",""
ball,1,74.4,Essex,SJ Cook,NRM Thain,L Gregory,0,0,,,,,,"",""
ball,1,74.5,Essex,SJ Cook,NRM Thain,L Gregory,0,0,,,,,,"",""
ball,1,74.6,Essex,SJ Cook,NRM Thain,L Gregory,0,0,,,,,,"",""
ball,1,74.7,Essex,SJ Cook,NRM Thain,L Gregory,2,0,,,,,,"",""
ball,1,75.1,Essex,NRM Thain,SJ Cook,MJ Leach,0,0,,,,,,"",""
ball,1,75.2,Essex,NRM Thain,SJ Cook,MJ Leach,0,0,,,,,,"",""
ball,1,75.3,Essex,NRM Thain,SJ Cook,MJ Leach,0,0,,,,,,"",""
ball,1,75.4,Essex,NRM Thain,SJ Cook,MJ Leach,0,0,,,,,,"",""
ball,1,75.5,Essex,NRM Thain,SJ Cook,MJ Leach,1,0,,,,,,"",""
ball,1,75.6,Essex,SJ Cook,NRM Thain,MJ Leach,0,0,,,,,,"",""
ball,1,76.1,Essex,NRM Thain,SJ Cook,M Pretorius,1,0,,,,,,"",""
ball,1,76.2,Essex,SJ Cook,NRM Thain,M Pretorius,0,0,,,,,,"",""
ball,1,76.3,Essex,SJ Cook,NRM Thain,M Pretorius,0,0,,,,,,"",""
ball,1,76.4,Essex,SJ Cook,NRM Thain,M Pretorius,0,0,,,,,,"",""
ball,1,76.5,Essex,SJ Cook,NRM Thain,M Pretorius,0,0,,,,,,"",""
ball,1,76.6,Essex,SJ Cook,NRM Thain,M Pretorius,0,0,,,,,,"",""
ball,1,77.1,Essex,NRM Thain,SJ Cook,MJ Leach,0,0,,,,,,"",""
ball,1,77.2,Essex,NRM Thain,SJ Cook,MJ Leach,0,0,,,,,,"",""
ball,1,77.3,Essex,NRM Thain,SJ Cook,MJ Leach,0,0,,,,,,"",""
ball,1,77.4,Essex,NRM Thain,SJ Cook,MJ Leach,0,0,,,,,,"",""
ball,1,77.5,Essex,NRM Thain,SJ Cook,MJ Leach,0,0,,,,,,"",""
ball,1,77.6,Essex,NRM Thain,SJ Cook,MJ Leach,0,0,,,,,,"",""
ball,1,78.1,Essex,SJ Cook,NRM Thain,M Pretorius,0,0,,,,,,"",""
ball,1,78.2,Essex,SJ Cook,NRM Thain,M Pretorius,0,0,,,,,,"",""
ball,1,78.3,Essex,SJ Cook,NRM Thain,M Pretorius,0,0,,,,,,"",""
ball,1,78.4,Essex,SJ Cook,NRM Thain,M Pretorius,0,0,,,,,,"",""
ball,1,78.5,Essex,SJ Cook,NRM Thain,M Pretorius,0,0,,,,,,"",""
ball,1,78.6,Essex,SJ Cook,NRM Thain,M Pretorius,0,0,,,,,,"",""
ball,1,79.1,Essex,NRM Thain,SJ Cook,MJ Leach,1,0,,,,,,"",""
ball,1,79.2,Essex,SJ Cook,NRM Thain,MJ Leach,0,0,,,,,,"",""
ball,1,79.3,Essex,SJ Cook,NRM Thain,MJ Leach,0,0,,,,,,"",""
ball,1,79.4,Essex,SJ Cook,NRM Thain,MJ Leach,0,0,,,,,,"",""
ball,1,79.5,Essex,SJ Cook,NRM Thain,MJ Leach,0,0,,,,,,"",""
ball,1,79.6,Essex,SJ Cook,NRM Thain,MJ Leach,0,0,,,,,,"",""
ball,1,80.1,Essex,NRM Thain,SJ Cook,M Pretorius,0,0,,,,,,"",""
ball,1,80.2,Essex,NRM Thain,SJ Cook,M Pretorius,1,0,,,,,,"",""
ball,1,80.3,Essex,SJ Cook,NRM Thain,M Pretorius,0,0,,,,,,"",""
ball,1,80.4,Essex,SJ Cook,NRM Thain,M Pretorius,0,0,,,,,,caught,SJ Cook
ball,1,80.5,Essex,CAK Rajitha,NRM Thain,M Pretorius,0,0,,,,,,"",""
ball,1,80.6,Essex,CAK Rajitha,NRM Thain,M Pretorius,0,0,,,,,,"",""
ball,1,81.1,Essex,NRM Thain,CAK Rajitha,JH Davey,0,0,,,,,,"",""
ball,1,81.2,Essex,NRM Thain,CAK Rajitha,JH Davey,0,0,,,,,,"",""
ball,1,81.3,Essex,NRM Thain,CAK Rajitha,JH Davey,1,0,,,,,,"",""
ball,1,81.4,Essex,CAK Rajitha,NRM Thain,JH Davey,0,0,,,,,,"",""
ball,1,81.5,Essex,CAK Rajitha,NRM Thain,JH Davey,0,0,,,,,,"",""
ball,1,81.6,Essex,CAK Rajitha,NRM Thain,JH Davey,0,0,,,,,,"",""
ball,1,82.1,Essex,NRM Thain,CAK Rajitha,M Pretorius,0,0,,,,,,caught,NRM Thain
ball,1,82.2,Essex,JA Porter,CAK Rajitha,M Pretorius,1,0,,,,,,"",""
ball,1,82.3,Essex,CAK Rajitha,JA Porter,M Pretorius,0,0,,,,,,"",""
ball,1,82.4,Essex,CAK Rajitha,JA Porter,M Pretorius,0,0,,,,,,"",""
ball,1,82.5,Essex,CAK Rajitha,JA Porter,M Pretorius,1,0,,,,,,"",""
ball,1,82.6,Essex,JA Porter,CAK Rajitha,M Pretorius,1,0,,,,,,"",""
ball,1,83.1,Essex,JA Porter,CAK Rajitha,JH Davey,0,0,,,,,,"",""
ball,1,83.2,Essex,JA Porter,CAK Rajitha,JH Davey,0,0,,,,,,"",""
ball,1,83.3,Essex,JA Porter,CAK Rajitha,JH Davey,0,0,,,,,,"",""
ball,1,83.4,Essex,JA Porter,CAK Rajitha,JH Davey,0,0,,,,,,"",""
ball,1,83.5,Essex,JA Porter,CAK Rajitha,JH Davey,2,0,,,,,,"",""
ball,1,83.6,Essex,JA Porter,CAK Rajitha,JH Davey,0,0,,,,,,"",""
ball,1,84.1,Essex,CAK Rajitha,JA Porter,M Pretorius,0,0,,,,,,"",""
ball,1,84.2,Essex,CAK Rajitha,JA Porter,M Pretorius,0,0,,,,,,"",""
ball,1,84.3,Essex,CAK Rajitha,JA Porter,M Pretorius,1,0,,,,,,"",""
ball,1,84.4,Essex,JA Porter,CAK Rajitha,M Pretorius,0,0,,,,,,"",""
ball,1,84.5,Essex,JA Porter,CAK Rajitha,M Pretorius,1,0,,,,,,"",""
ball,1,84.6,Essex,CAK Rajitha,JA Porter,M Pretorius,0,0,,,,,,"",""
ball,1,85.1,Essex,JA Porter,CAK Rajitha,JH Davey,4,0,,,,,,"",""
ball,1,85.2,Essex,JA Porter,CAK Rajitha,JH Davey,0,0,,,,,,"",""
ball,1,85.3,Essex,JA Porter,CAK Rajitha,JH Davey,4,0,,,,,,"",""
ball,1,85.4,Essex,JA Porter,CAK Rajitha,JH Davey,0,0,,,,,,"",""
ball,1,85.5,Essex,JA Porter,CAK Rajitha,JH Davey,0,0,,,,,,"",""
ball,1,85.6,Essex,JA Porter,CAK Rajitha,JH Davey,4,0,,,,,,"",""
ball,1,86.1,Essex,CAK Rajitha,JA Porter,C Overton,4,0,,,,,,"",""
ball,1,86.2,Essex,CAK Rajitha,JA Porter,C Overton,0,0,,,,,,"",""
ball,1,86.3,Essex,CAK Rajitha,JA Porter,C Overton,1,0,,,,,,"",""
ball,1,86.4,Essex,JA Porter,CAK Rajitha,C Overton,0,0,,,,,,"",""
ball,1,86.5,Essex,JA Porter,CAK Rajitha,C Overton,1,0,,,,,,"",""
ball,1,86.6,Essex,CAK Rajitha,JA Porter,C Overton,0,0,,,,,,"",""
ball,1,87.1,Essex,JA Porter,CAK Rajitha,JH Davey,0,0,,,,,,"",""
ball,1,87.2,Essex,JA Porter,CAK Rajitha,JH Davey,1,0,,,,,,"",""
ball,1,87.3,Essex,CAK Rajitha,JA Porter,JH Davey,0,0,,,,,,"",""
ball,1,87.4,Essex,CAK Rajitha,JA Porter,JH Davey,0,0,,,,,,"",""
ball,1,87.5,Essex,CAK Rajitha,JA Porter,JH Davey,0,0,,,,,,"",""
ball,1,87.6,Essex,CAK Rajitha,JA Porter,JH Davey,0,0,,,,,,"",""
ball,1,88.1,Essex,JA Porter,CAK Rajitha,C Overton,0,0,,,,,,"",""
ball,1,88.2,Essex,JA Porter,CAK Rajitha,C Overton,0,0,,,,,,bowled,JA Porter
ball,2,0.1,Somerset,AM Vaughan,ARI Umeed,SJ Cook,0,0,,,,,,"",""
ball,2,0.2,Somerset,AM Vaughan,ARI Umeed,SJ Cook,0,0,,,,,,"",""
ball,2,0.3,Somerset,AM Vaughan,ARI Umeed,SJ Cook,0,0,,,,,,"",""
ball,2,0.4,Somerset,AM Vaughan,ARI Umeed,SJ Cook,0,0,,,,,,"",""
ball,2,0.5,Somerset,AM Vaughan,ARI Umeed,SJ Cook,0,0,,,,,,caught,AM Vaughan
ball,2,0.6,Somerset,JH Davey,ARI Umeed,SJ Cook,0,0,,,,,,"",""
ball,2,1.1,Somerset,ARI Umeed,JH Davey,SR Harmer,1,0,,,,,,"",""
ball,2,1.2,Somerset,JH Davey,ARI Umeed,SR Harmer,3,0,,,,,,"",""
ball,2,1.3,Somerset,ARI Umeed,JH Davey,SR Harmer,0,0,,,,,,"",""
ball,2,1.4,Somerset,ARI Umeed,JH Davey,SR Harmer,0,0,,,,,,"",""
ball,2,1.5,Somerset,ARI Umeed,JH Davey,SR Harmer,0,0,,,,,,"",""
ball,2,1.6,Somerset,ARI Umeed,JH Davey,SR Harmer,0,0,,,,,,"",""
ball,2,2.1,Somerset,JH Davey,ARI Umeed,SJ Cook,0,0,,,,,,"",""
ball,2,2.2,Somerset,JH Davey,ARI Umeed,SJ Cook,0,0,,,,,,"",""
ball,2,2.3,Somerset,JH Davey,ARI Umeed,SJ Cook,0,0,,,,,,"",""
ball,2,2.4,Somerset,JH Davey,ARI Umeed,SJ Cook,0,0,,,,,,"",""
ball,2,2.5,Somerset,JH Davey,ARI Umeed,SJ Cook,0,0,,,,,,"",""
ball,2,2.6,Somerset,JH Davey,ARI Umeed,SJ Cook,0,0,,,,,,"",""
ball,2,3.1,Somerset,ARI Umeed,JH Davey,SR Harmer,0,0,,,,,,"",""
ball,2,3.2,Somerset,ARI Umeed,JH Davey,SR Harmer,0,0,,,,,,"",""
ball,2,3.3,Somerset,ARI Umeed,JH Davey,SR Harmer,0,0,,,,,,"",""
ball,2,3.4,Somerset,ARI Umeed,JH Davey,SR Harmer,0,0,,,,,,"",""
ball,2,3.5,Somerset,ARI Umeed,JH Davey,SR Harmer,0,0,,,,,,"",""
ball,2,3.6,Somerset,ARI Umeed,JH Davey,SR Harmer,0,0,,,,,,"",""
ball,2,4.1,Somerset,JH Davey,ARI Umeed,SJ Cook,0,0,,,,,,"",""
ball,2,4.2,Somerset,JH Davey,ARI Umeed,SJ Cook,0,0,,,,,,"",""
ball,2,4.3,Somerset,JH Davey,ARI Umeed,SJ Cook,0,0,,,,,,"",""
ball,2,4.4,Somerset,JH Davey,ARI Umeed,SJ Cook,0,0,,,,,,"",""
ball,2,4.5,Somerset,JH Davey,ARI Umeed,SJ Cook,4,0,,,,,,"",""
ball,2,4.6,Somerset,JH Davey,ARI Umeed,SJ Cook,1,0,,,,,,"",""
ball,2,5.1,Somerset,JH Davey,ARI Umeed,SR Harmer,0,0,,,,,,"",""
ball,2,5.2,Somerset,JH Davey,ARI Umeed,SR Harmer,0,0,,,,,,"",""
ball,2,5.3,Somerset,JH Davey,ARI Umeed,SR Harmer,0,0,,,,,,"",""
ball,2,5.4,Somerset,JH Davey,ARI Umeed,SR Harmer,0,0,,,,,,"",""
ball,2,5.5,Somerset,JH Davey,ARI Umeed,SR Harmer,0,0,,,,,,"",""
ball,2,5.6,Somerset,JH Davey,ARI Umeed,SR Harmer,0,0,,,,,,"",""
ball,2,6.1,Somerset,ARI Umeed,JH Davey,SJ Cook,0,0,,,,,,"",""
ball,2,6.2,Somerset,ARI Umeed,JH Davey,SJ Cook,0,0,,,,,,"",""
ball,2,6.3,Somerset,ARI Umeed,JH Davey,SJ Cook,0,0,,,,,,"",""
ball,2,6.4,Somerset,ARI Umeed,JH Davey,SJ Cook,0,0,,,,,,"",""
ball,2,6.5,Somerset,ARI Umeed,JH Davey,SJ Cook,0,0,,,,,,"",""
ball,2,6.6,Somerset,ARI Umeed,JH Davey,SJ Cook,0,0,,,,,,"",""
ball,2,7.1,Somerset,JH Davey,ARI Umeed,JA Porter,0,0,,,,,,"",""
ball,2,7.2,Somerset,JH Davey,ARI Umeed,JA Porter,0,0,,,,,,"",""
ball,2,7.3,Somerset,JH Davey,ARI Umeed,JA Porter,0,0,,,,,,"",""
ball,2,7.4,Somerset,JH Davey,ARI Umeed,JA Porter,0,0,,,,,,"",""
ball,2,7.5,Somerset,JH Davey,ARI Umeed,JA Porter,0,0,,,,,,"",""
ball,2,7.6,Somerset,JH Davey,ARI Umeed,JA Porter,0,0,,,,,,"",""
ball,2,8.1,Somerset,ARI Umeed,JH Davey,SJ Cook,0,0,,,,,,"",""
ball,2,8.2,Somerset,ARI Umeed,JH Davey,SJ Cook,1,0,,,,,,"",""
ball,2,8.3,Somerset,JH Davey,ARI Umeed,SJ Cook,0,0,,,,,,"",""
ball,2,8.4,Somerset,JH Davey,ARI Umeed,SJ Cook,0,0,,,,,,"",""
ball,2,8.5,Somerset,JH Davey,ARI Umeed,SJ Cook,0,0,,,,,,"",""
ball,2,8.6,Somerset,JH Davey,ARI Umeed,SJ Cook,1,0,,,,,,"",""
ball,2,9.1,Somerset,JH Davey,ARI Umeed,JA Porter,0,0,,,,,,"",""
ball,2,9.2,Somerset,JH Davey,ARI Umeed,JA Porter,1,0,,,,,,"",""
ball,2,9.3,Somerset,ARI Umeed,JH Davey,JA Porter,0,0,,,,,,"",""
ball,2,9.4,Somerset,ARI Umeed,JH Davey,JA Porter,0,0,,,,,,"",""
ball,2,9.5,Somerset,ARI Umeed,JH Davey,JA Porter,4,0,,,,,,"",""
ball,2,9.6,Somerset,ARI Umeed,JH Davey,JA Porter,0,0,,,,,,"",""
ball,2,10.1,Somerset,JH Davey,ARI Umeed,SJ Cook,0,0,,,,,,"",""
ball,2,10.2,Somerset,JH Davey,ARI Umeed,SJ Cook,0,0,,,,,,"",""
ball,2,10.3,Somerset,JH Davey,ARI Umeed,SJ Cook,0,0,,,,,,"",""
ball,2,10.4,Somerset,JH Davey,ARI Umeed,SJ Cook,0,0,,,,,,"",""
ball,2,10.5,Somerset,JH Davey,ARI Umeed,SJ Cook,4,0,,,,,,"",""
ball,2,10.6,Somerset,JH Davey,ARI Umeed,SJ Cook,0,0,,,,,,"",""
ball,2,11.1,Somerset,ARI Umeed,JH Davey,JA Porter,1,0,,,,,,"",""
ball,2,11.2,Somerset,JH Davey,ARI Umeed,JA Porter,0,0,,,,,,"",""
ball,2,11.3,Somerset,JH Davey,ARI Umeed,JA Porter,2,0,,,,,,"",""
ball,2,11.4,Somerset,JH Davey,ARI Umeed,JA Porter,0,0,,,,,,"",""
ball,2,11.5,Somerset,JH Davey,ARI Umeed,JA Porter,1,0,,,,,,"",""
ball,2,11.6,Somerset,ARI Umeed,JH Davey,JA Porter,0,0,,,,,,"",""
ball,2,12.1,Somerset,JH Davey,ARI Umeed,SJ Cook,0,0,,,,,,"",""
ball,2,12.2,Somerset,JH Davey,ARI Umeed,SJ Cook,0,0,,,,,,"",""
ball,2,12.3,Somerset,JH Davey,ARI Umeed,SJ Cook,0,0,,,,,,"",""
ball,2,12.4,Somerset,JH Davey,ARI Umeed,SJ Cook,0,0,,,,,,"",""
ball,2,12.5,Somerset,JH Davey,ARI Umeed,SJ Cook,0,0,,,,,,"",""
ball,2,12.6,Somerset,JH Davey,ARI Umeed,SJ Cook,0,0,,,,,,"",""
ball,2,13.1,Somerset,ARI Umeed,JH Davey,JA Porter,2,0,,,,,,"",""
ball,2,13.2,Somerset,ARI Umeed,JH Davey,JA Porter,0,0,,,,,,"",""
ball,2,13.3,Somerset,ARI Umeed,JH Davey,JA Porter,0,2,,2,,,,"",""
ball,2,13.4,Somerset,ARI Umeed,JH Davey,JA Porter,4,0,,,,,,"",""
ball,2,13.5,Somerset,ARI Umeed,JH Davey,JA Porter,0,0,,,,,,"",""
ball,2,13.6,Somerset,ARI Umeed,JH Davey,JA Porter,1,0,,,,,,"",""
ball,2,13.7,Somerset,JH Davey,ARI Umeed,JA Porter,0,0,,,,,,"",""
ball,2,14.1,Somerset,ARI Umeed,JH Davey,SJ Cook,0,0,,,,,,"",""
ball,2,14.2,Somerset,ARI Umeed,JH Davey,SJ Cook,0,0,,,,,,"",""
ball,2,14.3,Somerset,ARI Umeed,JH Davey,SJ Cook,0,0,,,,,,"",""
ball,2,14.4,Somerset,ARI Umeed,JH Davey,SJ Cook,0,0,,,,,,"",""
ball,2,14.5,Somerset,ARI Umeed,JH Davey,SJ Cook,0,0,,,,,,"",""
ball,2,14.6,Somerset,ARI Umeed,JH Davey,SJ Cook,4,0,,,,,,"",""
ball,2,15.1,Somerset,JH Davey,ARI Umeed,SR Harmer,0,0,,,,,,"",""
ball,2,15.2,Somerset,JH Davey,ARI Umeed,SR Harmer,0,0,,,,,,"",""
ball,2,15.3,Somerset,JH Davey,ARI Umeed,SR Harmer,0,0,,,,,,"",""
ball,2,15.4,Somerset,JH Davey,ARI Umeed,SR Harmer,0,0,,,,,,"",""
ball,2,15.5,Somerset,JH Davey,ARI Umeed,SR Harmer,0,1,,,,1,,"",""
ball,2,15.6,Somerset,ARI Umeed,JH Davey,SR Harmer,0,0,,,,,,"",""
ball,2,16.1,Somerset,JH Davey,ARI Umeed,SJ Cook,1,0,,,,,,"",""
ball,2,16.2,Somerset,ARI Umeed,JH Davey,SJ Cook,0,0,,,,,,"",""
ball,2,16.3,Somerset,ARI Umeed,JH Davey,SJ Cook,1,0,,,,,,"",""
ball,2,16.4,Somerset,JH Davey,ARI Umeed,SJ Cook,0,0,,,,,,"",""
ball,2,16.5,Somerset,JH Davey,ARI Umeed,SJ Cook,0,0,,,,,,"",""
ball,2,16.6,Somerset,JH Davey,ARI Umeed,SJ Cook,0,0,,,,,,"",""
ball,2,17.1,Somerset,ARI Umeed,JH Davey,SR Harmer,0,0,,,,,,"",""
ball,2,17.2,Somerset,ARI Umeed,JH Davey,SR Harmer,1,0,,,,,,"",""
ball,2,17.3,Somerset,JH Davey,ARI Umeed,SR Harmer,1,0,,,,,,"",""
ball,2,17.4,Somerset,ARI Umeed,JH Davey,SR Harmer,0,0,,,,,,"",""
ball,2,17.5,Somerset,ARI Umeed,JH Davey,SR Harmer,0,0,,,,,,"",""
ball,2,17.6,Somerset,ARI Umeed,JH Davey,SR Harmer,0,0,,,,,,"",""
ball,2,18.1,Somerset,JH Davey,ARI Umeed,JA Porter,0,0,,,,,,"",""
ball,2,18.2,Somerset,JH Davey,ARI Umeed,JA Porter,4,0,,,,,,"",""
ball,2,18.3,Somerset,JH Davey,ARI Umeed,JA Porter,0,0,,,,,,"",""
ball,2,18.4,Somerset,JH Davey,ARI Umeed,JA Porter,0,0,,,,,,"",""
ball,2,18.5,Somerset,JH Davey,ARI Umeed,JA Porter,0,0,,,,,,"",""
ball,2,18.6,Somerset,JH Davey,ARI Umeed,JA Porter,0,0,,,,,,"",""
ball,2,19.1,Somerset,ARI Umeed,JH Davey,SR Harmer,0,0,,,,,,"",""
ball,2,19.2,Somerset,ARI Umeed,JH Davey,SR Harmer,0,0,,,,,,"",""
ball,2,19.3,Somerset,ARI Umeed,JH Davey,SR Harmer,0,0,,,,,,bowled,ARI Umeed
ball,2,19.4,Somerset,TA Lammonby,JH Davey,SR Harmer,0,0,,,,,,"",""
ball,2,19.5,Somerset,TA Lammonby,JH Davey,SR Harmer,0,0,,,,,,"",""
ball,2,19.6,Somerset,TA Lammonby,JH Davey,SR Harmer,2,0,,,,,,"",""
ball,2,20.1,Somerset,JH Davey,TA Lammonby,JA Porter,0,0,,,,,,"",""
ball,2,20.2,Somerset,JH Davey,TA Lammonby,JA Porter,0,0,,,,,,"",""
ball,2,20.3,Somerset,JH Davey,TA Lammonby,JA Porter,0,0,,,,,,"",""
ball,2,20.4,Somerset,JH Davey,TA Lammonby,JA Porter,0,0,,,,,,"",""
ball,2,20.5,Somerset,JH Davey,TA Lammonby,JA Porter,0,0,,,,,,"",""
ball,2,20.6,Somerset,JH Davey,TA Lammonby,JA Porter,0,0,,,,,,"",""
ball,2,21.1,Somerset,TA Lammonby,JH Davey,SR Harmer,0,0,,,,,,"",""
ball,2,21.2,Somerset,TA Lammonby,JH Davey,SR Harmer,0,0,,,,,,"",""
ball,2,21.3,Somerset,TA Lammonby,JH Davey,SR Harmer,0,0,,,,,,"",""
ball,2,21.4,Somerset,TA Lammonby,JH Davey,SR Harmer,0,0,,,,,,"",""
ball,2,21.5,Somerset,TA Lammonby,JH Davey,SR Harmer,0,0,,,,,,"",""
ball,2,21.6,Somerset,TA Lammonby,JH Davey,SR Harmer,4,0,,,,,,"",""
ball,2,22.1,Somerset,JH Davey,TA Lammonby,JA Porter,4,0,,,,,,"",""
ball,2,22.2,Somerset,JH Davey,TA Lammonby,JA Porter,0,0,,,,,,"",""
ball,2,22.3,Somerset,JH Davey,TA Lammonby,JA Porter,0,0,,,,,,"",""
ball,2,22.4,Somerset,JH Davey,TA Lammonby,JA Porter,0,0,,,,,,bowled,JH Davey
ball,2,22.5,Somerset,TB Abell,TA Lammonby,JA Porter,4,0,,,,,,"",""
ball,2,22.6,Somerset,TB Abell,TA Lammonby,JA Porter,1,0,,,,,,"",""
ball,2,23.1,Somerset,TB Abell,TA Lammonby,SR Harmer,0,0,,,,,,"",""
ball,2,23.2,Somerset,TB Abell,TA Lammonby,SR Harmer,0,0,,,,,,"",""
ball,2,23.3,Somerset,TB Abell,TA Lammonby,SR Harmer,0,0,,,,,,"",""
ball,2,23.4,Somerset,TB Abell,TA Lammonby,SR Harmer,2,0,,,,,,"",""
ball,2,23.5,Somerset,TB Abell,TA Lammonby,SR Harmer,0,0,,,,,,"",""
ball,2,23.6,Somerset,TB Abell,TA Lammonby,SR Harmer,0,0,,,,,,caught,TB Abell
ball,2,24.1,Somerset,TA Lammonby,T Banton,JA Porter,0,0,,,,,,"",""
ball,2,24.2,Somerset,TA Lammonby,T Banton,JA Porter,4,0,,,,,,"",""
ball,2,24.3,Somerset,TA Lammonby,T Banton,JA Porter,0,0,,,,,,"",""
ball,2,24.4,Somerset,TA Lammonby,T Banton,JA Porter,2,0,,,,,,"",""
ball,2,24.5,Somerset,TA Lammonby,T Banton,JA Porter,0,0,,,,,,"",""
ball,2,24.6,Somerset,TA Lammonby,T Banton,JA Porter,0,0,,,,,,"",""
ball,2,25.1,Somerset,T Banton,TA Lammonby,SR Harmer,0,0,,,,,,"",""
ball,2,25.2,Somerset,T Banton,TA Lammonby,SR Harmer,0,0,,,,,,"",""
ball,2,25.3,Somerset,T Banton,TA Lammonby,SR Harmer,4,0,,,,,,"",""
ball,2,25.4,Somerset,T Banton,TA Lammonby,SR Harmer,0,0,,,,,,"",""
ball,2,25.5,Somerset,T Banton,TA Lammonby,SR Harmer,0,0,,,,,,"",""
ball,2,25.6,Somerset,T Banton,TA Lammonby,SR Harmer,0,0,,,,,,"",""
ball,2,26.1,Somerset,TA Lammonby,T Banton,CAK Rajitha,1,0,,,,,,"",""
ball,2,26.2,Somerset,T Banton,TA Lammonby,CAK Rajitha,0,0,,,,,,"",""
ball,2,26.3,Somerset,T Banton,TA Lammonby,CAK Rajitha,0,0,,,,,,"",""
ball,2,26.4,Somerset,T Banton,TA Lammonby,CAK Rajitha,0,0,,,,,,"",""
ball,2,26.5,Somerset,T Banton,TA Lammonby,CAK Rajitha,0,0,,,,,,"",""
ball,2,26.6,Somerset,T Banton,TA Lammonby,CAK Rajitha,4,0,,,,,,"",""
ball,2,27.1,Somerset,TA Lammonby,T Banton,SR Harmer,0,0,,,,,,"",""
ball,2,27.2,Somerset,TA Lammonby,T Banton,SR Harmer,0,0,,,,,,"",""
ball,2,27.3,Somerset,TA Lammonby,T Banton,SR Harmer,0,0,,,,,,"",""
ball,2,27.4,Somerset,TA Lammonby,T Banton,SR Harmer,0,0,,,,,,caught,TA Lammonby
ball,2,27.5,Somerset,JEK Rew,T Banton,SR Harmer,4,0,,,,,,"",""
ball,2,27.6,Somerset,JEK Rew,T Banton,SR Harmer,0,0,,,,,,"",""
ball,2,28.1,Somerset,T Banton,JEK Rew,CAK Rajitha,0,0,,,,,,"",""
ball,2,28.2,Somerset,T Banton,JEK Rew,CAK Rajitha,0,0,,,,,,"",""
ball,2,28.3,Somerset,T Banton,JEK Rew,CAK Rajitha,4,0,,,,,,"",""
ball,2,28.4,Somerset,T Banton,JEK Rew,CAK Rajitha,0,0,,,,,,"",""
ball,2,28.5,Somerset,T Banton,JEK Rew,CAK Rajitha,0,0,,,,,,bowled,T Banton
ball,2,28.6,Somerset,L Gregory,JEK Rew,CAK Rajitha,0,0,,,,,,"",""
ball,2,29.1,Somerset,JEK Rew,L Gregory,SR Harmer,0,0,,,,,,"",""
ball,2,29.2,Somerset,JEK Rew,L Gregory,SR Harmer,0,0,,,,,,"",""
ball,2,29.3,Somerset,JEK Rew,L Gregory,SR Harmer,0,0,,,,,,"",""
ball,2,29.4,Somerset,JEK Rew,L Gregory,SR Harmer,0,0,,,,,,"",""
ball,2,29.5,Somerset,JEK Rew,L Gregory,SR Harmer,0,0,,,,,,"",""
ball,2,29.6,Somerset,JEK Rew,L Gregory,SR Harmer,0,0,,,,,,"",""
ball,2,30.1,Somerset,L Gregory,JEK Rew,CAK Rajitha,0,0,,,,,,"",""
ball,2,30.2,Somerset,L Gregory,JEK Rew,CAK Rajitha,0,0,,,,,,"",""
ball,2,30.3,Somerset,L Gregory,JEK Rew,CAK Rajitha,0,0,,,,,,"",""
ball,2,30.4,Somerset,L Gregory,JEK Rew,CAK Rajitha,0,0,,,,,,"",""
ball,2,30.5,Somerset,L Gregory,JEK Rew,CAK Rajitha,4,0,,,,,,"",""
ball,2,30.6,Somerset,L Gregory,JEK Rew,CAK Rajitha,0,0,,,,,,"",""
ball,2,31.1,Somerset,JEK Rew,L Gregory,SR Harmer,1,0,,,,,,"",""
ball,2,31.2,Somerset,L Gregory,JEK Rew,SR Harmer,1,0,,,,,,"",""
ball,2,31.3,Somerset,JEK Rew,L Gregory,SR Harmer,0,0,,,,,,"",""
ball,2,31.4,Somerset,JEK Rew,L Gregory,SR Harmer,0,0,,,,,,"",""
ball,2,31.5,Somerset,JEK Rew,L Gregory,SR Harmer,0,0,,,,,,"",""
ball,2,31.6,Somerset,JEK Rew,L Gregory,SR Harmer,0,0,,,,,,"",""
ball,2,32.1,Somerset,L Gregory,JEK Rew,CAK Rajitha,1,0,,,,,,"",""
ball,2,32.2,Somerset,JEK Rew,L Gregory,CAK Rajitha,0,0,,,,,,"",""
ball,2,32.3,Somerset,JEK Rew,L Gregory,CAK Rajitha,4,0,,,,,,"",""
ball,2,32.4,Somerset,JEK Rew,L Gregory,CAK Rajitha,0,0,,,,,,"",""
ball,2,32.5,Somerset,JEK Rew,L Gregory,CAK Rajitha,0,0,,,,,,"",""
ball,2,32.6,Somerset,JEK Rew,L Gregory,CAK Rajitha,0,0,,,,,,"",""
ball,2,33.1,Somerset,L Gregory,JEK Rew,SR Harmer,0,0,,,,,,"",""
ball,2,33.2,Somerset,L Gregory,JEK Rew,SR Harmer,0,0,,,,,,"",""
ball,2,33.3,Somerset,L Gregory,JEK Rew,SR Harmer,0,0,,,,,,"",""
ball,2,33.4,Somerset,L Gregory,JEK Rew,SR Harmer,0,0,,,,,,"",""
ball,2,33.5,Somerset,L Gregory,JEK Rew,SR Harmer,0,0,,,,,,"",""
ball,2,33.6,Somerset,L Gregory,JEK Rew,SR Harmer,0,0,,,,,,"",""
ball,2,34.1,Somerset,JEK Rew,L Gregory,CAK Rajitha,0,0,,,,,,caught,JEK Rew
ball,2,34.2,Somerset,C Overton,L Gregory,CAK Rajitha,1,0,,,,,,"",""
ball,2,34.3,Somerset,L Gregory,C Overton,CAK Rajitha,4,0,,,,,,"",""
ball,2,34.4,Somerset,L Gregory,C Overton,CAK Rajitha,2,0,,,,,,"",""
ball,2,34.5,Somerset,L Gregory,C Overton,CAK Rajitha,0,0,,,,,,"",""
ball,2,34.6,Somerset,L Gregory,C Overton,CAK Rajitha,1,0,,,,,,"",""
ball,2,35.1,Somerset,L Gregory,C Overton,SR Harmer,0,0,,,,,,"",""
ball,2,35.2,Somerset,L Gregory,C Overton,SR Harmer,1,0,,,,,,"",""
ball,2,35.3,Somerset,C Overton,L Gregory,SR Harmer,0,0,,,,,,"",""
ball,2,35.4,Somerset,C Overton,L Gregory,SR Harmer,0,0,,,,,,"",""
ball,2,35.5,Somerset,C Overton,L Gregory,SR Harmer,0,0,,,,,,"",""
ball,2,35.6,Somerset,C Overton,L Gregory,SR Harmer,0,0,,,,,,"",""
ball,2,36.1,Somerset,L Gregory,C Overton,SJ Cook,0,0,,,,,,"",""
ball,2,36.2,Somerset,L Gregory,C Overton,SJ Cook,0,0,,,,,,"",""
ball,2,36.3,Somerset,L Gregory,C Overton,SJ Cook,0,0,,,,,,"",""
ball,2,36.4,Somerset,L Gregory,C Overton,SJ Cook,0,0,,,,,,"",""
ball,2,36.5,Somerset,L Gregory,C Overton,SJ Cook,0,0,,,,,,"",""
ball,2,36.6,Somerset,L Gregory,C Overton,SJ Cook,0,1,,,,1,,"",""
ball,2,37.1,Somerset,L Gregory,C Overton,SR Harmer,0,0,,,,,,"",""
ball,2,37.2,Somerset,L Gregory,C Overton,SR Harmer,0,0,,,,,,"",""
ball,2,37.3,Somerset,L Gregory,C Overton,SR Harmer,0,0,,,,,,"",""
ball,2,37.4,Somerset,L Gregory,C Overton,SR Harmer,0,0,,,,,,"",""
ball,2,37.5,Somerset,L Gregory,C Overton,SR Harmer,0,0,,,,,,"",""
ball,2,37.6,Somerset,L Gregory,C Overton,SR Harmer,0,0,,,,,,"",""
ball,2,38.1,Somerset,C Overton,L Gregory,SJ Cook,0,0,,,,,,"",""
ball,2,38.2,Somerset,C Overton,L Gregory,SJ Cook,0,0,,,,,,"",""
ball,2,38.3,Somerset,C Overton,L Gregory,SJ Cook,1,0,,,,,,"",""
ball,2,38.4,Somerset,L Gregory,C Overton,SJ Cook,0,0,,,,,,lbw,L Gregory
ball,2,38.5,Somerset,M Pretorius,C Overton,SJ Cook,0,0,,,,,,"",""
ball,2,38.6,Somerset,M Pretorius,C Overton,SJ Cook,1,0,,,,,,"",""
ball,2,39.1,Somerset,M Pretorius,C Overton,SR Harmer,2,0,,,,,,"",""
ball,2,39.2,Somerset,M Pretorius,C Overton,SR Harmer,2,0,,,,,,"",""
ball,2,39.3,Somerset,M Pretorius,C Overton,SR Harmer,2,0,,,,,,"",""
ball,2,39.4,Somerset,M Pretorius,C Overton,SR Harmer,0,0,,,,,,"",""
ball,2,39.5,Somerset,M Pretorius,C Overton,SR Harmer,0,0,,,,,,"",""
ball,2,39.6,Somerset,M Pretorius,C Overton,SR Harmer,0,0,,,,,,"",""
ball,2,40.1,Somerset,C Overton,M Pretorius,SJ Cook,0,0,,,,,,"",""
ball,2,40.2,Somerset,C Overton,M Pretorius,SJ Cook,1,0,,,,,,"",""
ball,2,40.3,Somerset,M Pretorius,C Overton,SJ Cook,0,0,,,,,,"",""
ball,2,40.4,Somerset,M Pretorius,C Overton,SJ Cook,1,0,,,,,,"",""
ball,2,40.5,Somerset,C Overton,M Pretorius,SJ Cook,0,0,,,,,,"",""
ball,2,40.6,Somerset,C Overton,M Pretorius,SJ Cook,0,0,,,,,,"",""
ball,2,41.1,Somerset,M Pretorius,C Overton,SR Harmer,4,0,,,,,,"",""
ball,2,41.2,Somerset,M Pretorius,C Overton,SR Harmer,0,0,,,,,,"",""
ball,2,41.3,Somerset,M Pretorius,C Overton,SR Harmer,2,0,,,,,,"",""
ball,2,41.4,Somerset,M Pretorius,C Overton,SR Harmer,1,0,,,,,,"",""
ball,2,41.5,Somerset,C Overton,M Pretorius,SR Harmer,0,0,,,,,,"",""
ball,2,41.6,Somerset,C Overton,M Pretorius,SR Harmer,0,0,,,,,,"",""
ball,2,42.1,Somerset,M Pretorius,C Overton,SJ Cook,0,0,,,,,,"",""
ball,2,42.2,Somerset,M Pretorius,C Overton,SJ Cook,0,0,,,,,,"",""
ball,2,42.3,Somerset,M Pretorius,C Overton,SJ Cook,1,0,,,,,,"",""
ball,2,42.4,Somerset,C Overton,M Pretorius,SJ Cook,1,0,,,,,,"",""
ball,2,42.5,Somerset,M Pretorius,C Overton,SJ Cook,4,0,,,,,,"",""
ball,2,42.6,Somerset,M Pretorius,C Overton,SJ Cook,4,0,,,,,,"",""
ball,2,43.1,Somerset,C Overton,M Pretorius,SR Harmer,2,0,,,,,,"",""
ball,2,43.2,Somerset,C Overton,M Pretorius,SR Harmer,1,0,,,,,,"",""
ball,2,43.3,Somerset,M Pretorius,C Overton,SR Harmer,0,0,,,,,,caught and bowled,M Pretorius
ball,2,43.4,Somerset,MJ Leach,C Overton,SR Harmer,0,0,,,,,,"",""
ball,2,43.5,Somerset,MJ Leach,C Overton,SR Harmer,0,0,,,,,,"",""
ball,2,43.6,Somerset,MJ Leach,C Overton,SR Harmer,1,0,,,,,,"",""
ball,2,44.1,Somerset,MJ Leach,C Overton,SJ Cook,0,0,,,,,,"",""
ball,2,44.2,Somerset,MJ Leach,C Overton,SJ Cook,0,0,,,,,,"",""
ball,2,44.3,Somerset,MJ Leach,C Overton,SJ Cook,0,0,,,,,,"",""
ball,2,44.4,Somerset,MJ Leach,C Overton,SJ Cook,0,0,,,,,,"",""
ball,2,44.5,Somerset,MJ Leach,C Overton,SJ Cook,0,0,,,,,,"",""
ball,2,44.6,Somerset,MJ Leach,C Overton,SJ Cook,0,0,,,,,,"",""
ball,2,45.1,Somerset,C Overton,MJ Leach,SR Harmer,0,0,,,,,,"",""
ball,2,45.2,Somerset,C Overton,MJ Leach,SR Harmer,0,2,,,2,,,"",""
ball,2,45.3,Somerset,C Overton,MJ Leach,SR Harmer,1,0,,,,,,"",""
ball,2,45.4,Somerset,MJ Leach,C Overton,SR Harmer,0,0,,,,,,"",""
ball,2,45.5,Somerset,MJ Leach,C Overton,SR Harmer,0,0,,,,,,"",""
ball,2,45.6,Somerset,MJ Leach,C Overton,SR Harmer,0,0,,,,,,"",""
ball,2,46.1,Somerset,C Overton,MJ Leach,JA Porter,0,0,,,,,,"",""
ball,2,46.2,Somerset,C Overton,MJ Leach,JA Porter,4,0,,,,,,"",""
ball,2,46.3,Somerset,C Overton,MJ Leach,JA Porter,0,0,,,,,,caught,C Overton
ball,3,0.1,Essex,D Elgar,PI Walter,JH Davey,0,0,,,,,,"",""
ball,3,0.2,Essex,D Elgar,PI Walter,JH Davey,0,2,,,,2,,"",""
ball,3,0.3,Essex,D Elgar,PI Walter,JH Davey,0,0,,,,,,"",""
ball,3,0.4,Essex,D Elgar,PI Walter,JH Davey,0,0,,,,,,"",""
ball,3,0.5,Essex,D Elgar,PI Walter,JH Davey,0,0,,,,,,"",""
ball,3,0.6,Essex,D Elgar,PI Walter,JH Davey,0,0,,,,,,"",""
ball,3,1.1,Essex,PI Walter,D Elgar,C Overton,0,0,,,,,,"",""
ball,3,1.2,Essex,PI Walter,D Elgar,C Overton,0,0,,,,,,"",""
ball,3,1.3,Essex,PI Walter,D Elgar,C Overton,0,0,,,,,,"",""
ball,3,1.4,Essex,PI Walter,D Elgar,C Overton,0,0,,,,,,"",""
ball,3,1.5,Essex,PI Walter,D Elgar,C Overton,0,0,,,,,,"",""
ball,3,1.6,Essex,PI Walter,D Elgar,C Overton,0,0,,,,,,"",""
ball,3,2.1,Essex,D Elgar,PI Walter,JH Davey,1,0,,,,,,"",""
ball,3,2.2,Essex,PI Walter,D Elgar,JH Davey,0,0,,,,,,"",""
ball,3,2.3,Essex,PI Walter,D Elgar,JH Davey,0,0,,,,,,"",""
ball,3,2.4,Essex,PI Walter,D Elgar,JH Davey,0,0,,,,,,lbw,PI Walter
ball,3,2.5,Essex,T Westley,D Elgar,JH Davey,0,4,,,,4,,"",""
ball,3,2.6,Essex,T Westley,D Elgar,JH Davey,0,0,,,,,,"",""
ball,3,3.1,Essex,D Elgar,T Westley,C Overton,4,0,,,,,,"",""
ball,3,3.2,Essex,D Elgar,T Westley,C Overton,0,0,,,,,,"",""
ball,3,3.3,Essex,D Elgar,T Westley,C Overton,0,0,,,,,,"",""
ball,3,3.4,Essex,D Elgar,T Westley,C Overton,0,0,,,,,,"",""
ball,3,3.5,Essex,D Elgar,T Westley,C Overton,1,0,,,,,,"",""
ball,3,3.6,Essex,T Westley,D Elgar,C Overton,0,0,,,,,,"",""
ball,3,4.1,Essex,D Elgar,T Westley,JH Davey,2,0,,,,,,"",""
ball,3,4.2,Essex,D Elgar,T Westley,JH Davey,0,0,,,,,,"",""
ball,3,4.3,Essex,D Elgar,T Westley,JH Davey,0,0,,,,,,"",""
ball,3,4.4,Essex,D Elgar,T Westley,JH Davey,0,0,,,,,,"",""
ball,3,4.5,Essex,D Elgar,T Westley,JH Davey,0,0,,,,,,"",""
ball,3,4.6,Essex,D Elgar,T Westley,JH Davey,6,0,,,,,,"",""
ball,3,5.1,Essex,T Westley,D Elgar,C Overton,0,0,,,,,,"",""
ball,3,5.2,Essex,T Westley,D Elgar,C Overton,0,0,,,,,,"",""
ball,3,5.3,Essex,T Westley,D Elgar,C Overton,0,0,,,,,,"",""
ball,3,5.4,Essex,T Westley,D Elgar,C Overton,0,0,,,,,,"",""
ball,3,5.5,Essex,T Westley,D Elgar,C Overton,1,0,,,,,,"",""
ball,3,5.6,Essex,D Elgar,T Westley,C Overton,2,0,,,,,,"",""
ball,3,6.1,Essex,T Westley,D Elgar,JH Davey,2,2,,2,,,,"",""
ball,3,6.2,Essex,T Westley,D Elgar,JH Davey,0,0,,,,,,"",""
ball,3,6.3,Essex,T Westley,D Elgar,JH Davey,1,0,,,,,,"",""
ball,3,6.4,Essex,D Elgar,T Westley,JH Davey,0,0,,,,,,"",""
ball,3,6.5,Essex,D Elgar,T Westley,JH Davey,4,0,,,,,,"",""
ball,3,6.6,Essex,D Elgar,T Westley,JH Davey,0,0,,,,,,"",""
ball,3,6.7,Essex,D Elgar,T Westley,JH Davey,0,0,,,,,,"",""
ball,3,7.1,Essex,T Westley,D Elgar,C Overton,0,0,,,,,,"",""
ball,3,7.2,Essex,T Westley,D Elgar,C Overton,0,0,,,,,,"",""
ball,3,7.3,Essex,T Westley,D Elgar,C Overton,0,0,,,,,,"",""
ball,3,7.4,Essex,T Westley,D Elgar,C Overton,0,0,,,,,,"",""
ball,3,7.5,Essex,T Westley,D Elgar,C Overton,0,0,,,,,,"",""
ball,3,7.6,Essex,T Westley,D Elgar,C Overton,0,0,,,,,,"",""
ball,3,8.1,Essex,D Elgar,T Westley,JH Davey,1,0,,,,,,"",""
ball,3,8.2,Essex,T Westley,D Elgar,JH Davey,0,0,,,,,,"",""
ball,3,8.3,Essex,T Westley,D Elgar,JH Davey,0,0,,,,,,"",""
ball,3,8.4,Essex,T Westley,D Elgar,JH Davey,1,0,,,,,,"",""
ball,3,8.5,Essex,D Elgar,T Westley,JH Davey,0,0,,,,,,"",""
ball,3,8.6,Essex,D Elgar,T Westley,JH Davey,0,0,,,,,,"",""
ball,3,9.1,Essex,T Westley,D Elgar,L Gregory,0,0,,,,,,"",""
ball,3,9.2,Essex,T Westley,D Elgar,L Gregory,0,0,,,,,,"",""
ball,3,9.3,Essex,T Westley,D Elgar,L Gregory,0,0,,,,,,"",""
ball,3,9.4,Essex,T Westley,D Elgar,L Gregory,0,0,,,,,,"",""
ball,3,9.5,Essex,T Westley,D Elgar,L Gregory,0,0,,,,,,"",""
ball,3,9.6,Essex,T Westley,D Elgar,L Gregory,0,0,,,,,,"",""
ball,3,10.1,Essex,D Elgar,T Westley,MJ Leach,0,0,,,,,,"",""
ball,3,10.2,Essex,D Elgar,T Westley,MJ Leach,0,0,,,,,,"",""
ball,3,10.3,Essex,D Elgar,T Westley,MJ Leach,1,0,,,,,,"",""
ball,3,10.4,Essex,T Westley,D Elgar,MJ Leach,0,0,,,,,,"",""
ball,3,10.5,Essex,T Westley,D Elgar,MJ Leach,1,0,,,,,,"",""
ball,3,10.6,Essex,D Elgar,T Westley,MJ Leach,0,4,,,4,,,"",""
ball,3,11.1,Essex,T Westley,D Elgar,L Gregory,0,0,,,,,,"",""
ball,3,11.2,Essex,T Westley,D Elgar,L Gregory,0,0,,,,,,"",""
ball,3,11.3,Essex,T Westley,D Elgar,L Gregory,0,0,,,,,,"",""
ball,3,11.4,Essex,T Westley,D Elgar,L Gregory,0,2,,2,,,,"",""
ball,3,11.5,Essex,T Westley,D Elgar,L Gregory,0,2,,2,,,,"",""
ball,3,11.6,Essex,T Westley,D Elgar,L Gregory,0,0,,,,,,"",""
ball,3,11.7,Essex,T Westley,D Elgar,L Gregory,0,0,,,,,,"",""
ball,3,11.8,Essex,T Westley,D Elgar,L Gregory,0,0,,,,,,"",""
ball,3,12.1,Essex,D Elgar,T Westley,MJ Leach,0,0,,,,,,"",""
ball,3,12.2,Essex,D Elgar,T Westley,MJ Leach,0,0,,,,,,"",""
ball,3,12.3,Essex,D Elgar,T Westley,MJ Leach,0,0,,,,,,"",""
ball,3,12.4,Essex,D Elgar,T Westley,MJ Leach,1,0,,,,,,"",""
ball,3,12.5,Essex,T Westley,D Elgar,MJ Leach,0,0,,,,,,"",""
ball,3,12.6,Essex,T Westley,D Elgar,MJ Leach,0,0,,,,,,"",""
ball,3,13.1,Essex,D Elgar,T Westley,L Gregory,0,0,,,,,,"",""
ball,3,13.2,Essex,D Elgar,T Westley,L Gregory,0,0,,,,,,"",""
ball,3,13.3,Essex,D Elgar,T Westley,L Gregory,0,0,,,,,,"",""
ball,3,13.4,Essex,D Elgar,T Westley,L Gregory,0,0,,,,,,"",""
ball,3,13.5,Essex,D Elgar,T Westley,L Gregory,0,0,,,,,,bowled,D Elgar
ball,3,13.6,Essex,JM Cox,T Westley,L Gregory,4,0,,,,,,"",""
ball,3,14.1,Essex,T Westley,JM Cox,MJ Leach,0,0,,,,,,"",""
ball,3,14.2,Essex,T Westley,JM Cox,MJ Leach,0,0,,,,,,"",""
ball,3,14.3,Essex,T Westley,JM Cox,MJ Leach,0,0,,,,,,"",""
ball,3,14.4,Essex,T Westley,JM Cox,MJ Leach,0,0,,,,,,"",""
ball,3,14.5,Essex,T Westley,JM Cox,MJ Leach,0,0,,,,,,"",""
ball,3,14.6,Essex,T Westley,JM Cox,MJ Leach,0,0,,,,,,"",""
ball,3,15.1,Essex,JM Cox,T Westley,L Gregory,0,0,,,,,,"",""
ball,3,15.2,Essex,JM Cox,T Westley,L Gregory,0,0,,,,,,"",""
ball,3,15.3,Essex,JM Cox,T Westley,L Gregory,0,0,,,,,,"",""
ball,3,15.4,Essex,JM Cox,T Westley,L Gregory,0,0,,,,,,"",""
ball,3,15.5,Essex,JM Cox,T Westley,L Gregory,1,0,,,,,,"",""
ball,3,15.6,Essex,T Westley,JM Cox,L Gregory,0,0,,,,,,"",""
ball,3,16.1,Essex,JM Cox,T Westley,MJ Leach,0,0,,,,,,"",""
ball,3,16.2,Essex,JM Cox,T Westley,MJ Leach,0,0,,,,,,"",""
ball,3,16.3,Essex,JM Cox,T Westley,MJ Leach,0,0,,,,,,"",""
ball,3,16.4,Essex,JM Cox,T Westley,MJ Leach,0,0,,,,,,"",""
ball,3,16.5,Essex,JM Cox,T Westley,MJ Leach,1,0,,,,,,"",""
ball,3,16.6,Essex,T Westley,JM Cox,MJ Leach,0,0,,,,,,"",""
ball,3,17.1,Essex,JM Cox,T Westley,L Gregory,0,0,,,,,,"",""
ball,3,17.2,Essex,JM Cox,T Westley,L Gregory,0,0,,,,,,"",""
ball,3,17.3,Essex,JM Cox,T Westley,L Gregory,0,0,,,,,,"",""
ball,3,17.4,Essex,JM Cox,T Westley,L Gregory,0,0,,,,,,"",""
ball,3,17.5,Essex,JM Cox,T Westley,L Gregory,0,0,,,,,,"",""
ball,3,17.6,Essex,JM Cox,T Westley,L Gregory,0,0,,,,,,"",""
ball,3,18.1,Essex,T Westley,JM Cox,MJ Leach,0,0,,,,,,"",""
ball,3,18.2,Essex,T Westley,JM Cox,MJ Leach,0,0,,,,,,"",""
ball,3,18.3,Essex,T Westley,JM Cox,MJ Leach,4,0,,,,,,"",""
ball,3,18.4,Essex,T Westley,JM Cox,MJ Leach,0,0,,,,,,"",""
ball,3,18.5,Essex,T Westley,JM Cox,MJ Leach,0,0,,,,,,"",""
ball,3,18.6,Essex,T Westley,JM Cox,MJ Leach,0,0,,,,,,"",""
ball,3,19.1,Essex,JM Cox,T Westley,L Gregory,1,0,,,,,,"",""
ball,3,19.2,Essex,T Westley,JM Cox,L Gregory,1,0,,,,,,"",""
ball,3,19.3,Essex,JM Cox,T Westley,L Gregory,1,0,,,,,,"",""
ball,3,19.4,Essex,T Westley,JM Cox,L Gregory,0,0,,,,,,"",""
ball,3,19.5,Essex,T Westley,JM Cox,L Gregory,0,0,,,,,,"",""
ball,3,19.6,Essex,T Westley,JM Cox,L Gregory,1,0,,,,,,"",""
ball,3,20.1,Essex,T Westley,JM Cox,MJ Leach,0,0,,,,,,"",""
ball,3,20.2,Essex,T Westley,JM Cox,MJ Leach,0,0,,,,,,"",""
ball,3,20.3,Essex,T Westley,JM Cox,MJ Leach,0,0,,,,,,"",""
ball,3,20.4,Essex,T Westley,JM Cox,MJ Leach,0,0,,,,,,"",""
ball,3,20.5,Essex,T Westley,JM Cox,MJ Leach,0,0,,,,,,"",""
ball,3,20.6,Essex,T Westley,JM Cox,MJ Leach,0,0,,,,,,"",""
ball,3,21.1,Essex,JM Cox,T Westley,M Pretorius,0,0,,,,,,"",""
ball,3,21.2,Essex,JM Cox,T Westley,M Pretorius,1,0,,,,,,"",""
ball,3,21.3,Essex,T Westley,JM Cox,M Pretorius,0,0,,,,,,"",""
ball,3,21.4,Essex,T Westley,JM Cox,M Pretorius,1,0,,,,,,"",""
ball,3,21.5,Essex,JM Cox,T Westley,M Pretorius,4,0,,,,,,"",""
ball,3,21.6,Essex,JM Cox,T Westley,M Pretorius,0,0,,,,,,"",""
ball,3,22.1,Essex,T Westley,JM Cox,MJ Leach,0,0,,,,,,"",""
ball,3,22.2,Essex,T Westley,JM Cox,MJ Leach,1,0,,,,,,"",""
ball,3,22.3,Essex,JM Cox,T Westley,MJ Leach,0,0,,,,,,"",""
ball,3,22.4,Essex,JM Cox,T Westley,MJ Leach,0,0,,,,,,"",""
ball,3,22.5,Essex,JM Cox,T Westley,MJ Leach,0,0,,,,,,"",""
ball,3,22.6,Essex,JM Cox,T Westley,MJ Leach,0,0,,,,,,"",""
ball,3,23.1,Essex,T Westley,JM Cox,M Pretorius,0,0,,,,,,"",""
ball,3,23.2,Essex,T Westley,JM Cox,M Pretorius,0,0,,,,,,"",""
ball,3,23.3,Essex,T Westley,JM Cox,M Pretorius,0,0,,,,,,"",""
ball,3,23.4,Essex,T Westley,JM Cox,M Pretorius,0,0,,,,,,"",""
ball,3,23.5,Essex,T Westley,JM Cox,M Pretorius,0,0,,,,,,"",""
ball,3,23.6,Essex,T Westley,JM Cox,M Pretorius,0,0,,,,,,"",""
ball,3,24.1,Essex,JM Cox,T Westley,MJ Leach,0,0,,,,,,"",""
ball,3,24.2,Essex,JM Cox,T Westley,MJ Leach,0,0,,,,,,"",""
ball,3,24.3,Essex,JM Cox,T Westley,MJ Leach,4,0,,,,,,"",""
ball,3,24.4,Essex,JM Cox,T Westley,MJ Leach,0,0,,,,,,"",""
ball,3,24.5,Essex,JM Cox,T Westley,MJ Leach,1,0,,,,,,"",""
ball,3,24.6,Essex,T Westley,JM Cox,MJ Leach,0,0,,,,,,"",""
ball,3,25.1,Essex,JM Cox,T Westley,M Pretorius,0,0,,,,,,"",""
ball,3,25.2,Essex,JM Cox,T Westley,M Pretorius,0,0,,,,,,"",""
ball,3,25.3,Essex,JM Cox,T Westley,M Pretorius,0,0,,,,,,"",""
ball,3,25.4,Essex,JM Cox,T Westley,M Pretorius,0,0,,,,,,"",""
ball,3,25.5,Essex,JM Cox,T Westley,M Pretorius,1,0,,,,,,"",""
ball,3,25.6,Essex,T Westley,JM Cox,M Pretorius,1,0,,,,,,"",""
ball,3,26.1,Essex,T Westley,JM Cox,MJ Leach,0,0,,,,,,"",""
ball,3,26.2,Essex,T Westley,JM Cox,MJ Leach,0,0,,,,,,"",""
ball,3,26.3,Essex,T Westley,JM Cox,MJ Leach,0,0,,,,,,"",""
ball,3,26.4,Essex,T Westley,JM Cox,MJ Leach,0,0,,,,,,"",""
ball,3,26.5,Essex,T Westley,JM Cox,MJ Leach,0,0,,,,,,"",""
ball,3,26.6,Essex,T Westley,JM Cox,MJ Leach,0,0,,,,,,"",""
ball,3,27.1,Essex,JM Cox,T Westley,M Pretorius,0,0,,,,,,"",""
ball,3,27.2,Essex,JM Cox,T Westley,M Pretorius,0,0,,,,,,"",""
ball,3,27.3,Essex,JM Cox,T Westley,M Pretorius,0,0,,,,,,"",""
ball,3,27.4,Essex,JM Cox,T Westley,M Pretorius,1,0,,,,,,"",""
ball,3,27.5,Essex,T Westley,JM Cox,M Pretorius,0,0,,,,,,"",""
ball,3,27.6,Essex,T Westley,JM Cox,M Pretorius,0,0,,,,,,"",""
ball,3,28.1,Essex,JM Cox,T Westley,AM Vaughan,1,0,,,,,,"",""
ball,3,28.2,Essex,T Westley,JM Cox,AM Vaughan,0,0,,,,,,"",""
ball,3,28.3,Essex,T Westley,JM Cox,AM Vaughan,0,0,,,,,,"",""
ball,3,28.4,Essex,T Westley,JM Cox,AM Vaughan,0,0,,,,,,"",""
ball,3,28.5,Essex,T Westley,JM Cox,AM Vaughan,4,0,,,,,,"",""
ball,3,28.6,Essex,T Westley,JM Cox,AM Vaughan,4,0,,,,,,"",""
ball,3,29.1,Essex,JM Cox,T Westley,M Pretorius,0,0,,,,,,"",""
ball,3,29.2,Essex,JM Cox,T Westley,M Pretorius,4,0,,,,,,"",""
ball,3,29.3,Essex,JM Cox,T Westley,M Pretorius,4,0,,,,,,"",""
ball,3,29.4,Essex,JM Cox,T Westley,M Pretorius,0,0,,,,,,"",""
ball,3,29.5,Essex,JM Cox,T Westley,M Pretorius,0,0,,,,,,"",""
ball,3,29.6,Essex,JM Cox,T Westley,M Pretorius,0,0,,,,,,"",""
ball,3,30.1,Essex,T Westley,JM Cox,AM Vaughan,0,0,,,,,,"",""
ball,3,30.2,Essex,T Westley,JM Cox,AM Vaughan,0,0,,,,,,"",""
ball,3,30.3,Essex,T Westley,JM Cox,AM Vaughan,0,0,,,,,,"",""
ball,3,30.4,Essex,T Westley,JM Cox,AM Vaughan,0,0,,,,,,"",""
ball,3,30.5,Essex,T Westley,JM Cox,AM Vaughan,1,0,,,,,,"",""
ball,3,30.6,Essex,JM Cox,T Westley,AM Vaughan,0,0,,,,,,"",""
ball,3,31.1,Essex,T Westley,JM Cox,C Overton,1,0,,,,,,"",""
ball,3,31.2,Essex,JM Cox,T Westley,C Overton,0,0,,,,,,"",""
ball,3,31.3,Essex,JM Cox,T Westley,C Overton,0,0,,,,,,"",""
ball,3,31.4,Essex,JM Cox,T Westley,C Overton,0,0,,,,,,"",""
ball,3,31.5,Essex,JM Cox,T Westley,C Overton,4,0,,,,,,"",""
ball,3,31.6,Essex,JM Cox,T Westley,C Overton,4,0,,,,,,"",""
ball,3,32.1,Essex,T Westley,JM Cox,AM Vaughan,0,0,,,,,,"",""
ball,3,32.2,Essex,T Westley,JM Cox,AM Vaughan,0,0,,,,,,"",""
ball,3,32.3,Essex,T Westley,JM Cox,AM Vaughan,1,0,,,,,,"",""
ball,3,32.4,Essex,JM Cox,T Westley,AM Vaughan,0,0,,,,,,"",""
ball,3,32.5,Essex,JM Cox,T Westley,AM Vaughan,0,0,,,,,,"",""
ball,3,32.6,Essex,JM Cox,T Westley,AM Vaughan,0,0,,,,,,"",""
ball,3,33.1,Essex,T Westley,JM Cox,C Overton,0,0,,,,,,"",""
ball,3,33.2,Essex,T Westley,JM Cox,C Overton,0,0,,,,,,"",""
ball,3,33.3,Essex,T Westley,JM Cox,C Overton,0,0,,,,,,"",""
ball,3,33.4,Essex,T Westley,JM Cox,C Overton,0,0,,,,,,"",""
ball,3,33.5,Essex,T Westley,JM Cox,C Overton,0,0,,,,,,"",""
ball,3,33.6,Essex,T Westley,JM Cox,C Overton,0,0,,,,,,lbw,T Westley
ball,3,34.1,Essex,JM Cox,MJJ Critchley,MJ Leach,0,0,,,,,,"",""
ball,3,34.2,Essex,JM Cox,MJJ Critchley,MJ Leach,0,0,,,,,,"",""
ball,3,34.3,Essex,JM Cox,MJJ Critchley,MJ Leach,3,0,,,,,,"",""
ball,3,34.4,Essex,MJJ Critchley,JM Cox,MJ Leach,1,0,,,,,,"",""
ball,3,34.5,Essex,JM Cox,MJJ Critchley,MJ Leach,0,0,,,,,,"",""
ball,3,34.6,Essex,JM Cox,MJJ Critchley,MJ Leach,0,0,,,,,,"",""
ball,3,35.1,Essex,MJJ Critchley,JM Cox,C Overton,0,0,,,,,,"",""
ball,3,35.2,Essex,MJJ Critchley,JM Cox,C Overton,0,0,,,,,,"",""
ball,3,35.3,Essex,MJJ Critchley,JM Cox,C Overton,0,0,,,,,,"",""
ball,3,35.4,Essex,MJJ Critchley,JM Cox,C Overton,0,0,,,,,,"",""
ball,3,35.5,Essex,MJJ Critchley,JM Cox,C Overton,0,0,,,,,,"",""
ball,3,35.6,Essex,MJJ Critchley,JM Cox,C Overton,0,0,,,,,,"",""
ball,3,36.1,Essex,JM Cox,MJJ Critchley,MJ Leach,0,0,,,,,,"",""
ball,3,36.2,Essex,JM Cox,MJJ Critchley,MJ Leach,0,0,,,,,,"",""
ball,3,36.3,Essex,JM Cox,MJJ Critchley,MJ Leach,1,0,,,,,,"",""
ball,3,36.4,Essex,MJJ Critchley,JM Cox,MJ Leach,0,0,,,,,,"",""
ball,3,36.5,Essex,MJJ Critchley,JM Cox,MJ Leach,0,0,,,,,,"",""
ball,3,36.6,Essex,MJJ Critchley,JM Cox,MJ Leach,0,0,,,,,,"",""
ball,3,37.1,Essex,JM Cox,MJJ Critchley,C Overton,0,0,,,,,,"",""
ball,3,37.2,Essex,JM Cox,MJJ Critchley,C Overton,0,0,,,,,,"",""
ball,3,37.3,Essex,JM Cox,MJJ Critchley,C Overton,0,0,,,,,,"",""
ball,3,37.4,Essex,JM Cox,MJJ Critchley,C Overton,0,0,,,,,,"",""
ball,3,37.5,Essex,JM Cox,MJJ Critchley,C Overton,0,1,,,1,,,"",""
ball,3,37.6,Essex,MJJ Critchley,JM Cox,C Overton,0,0,,,,,,"",""
ball,3,38.1,Essex,JM Cox,MJJ Critchley,MJ Leach,0,0,,,,,,"",""
ball,3,38.2,Essex,JM Cox,MJJ Critchley,MJ Leach,1,0,,,,,,"",""
ball,3,38.3,Essex,MJJ Critchley,JM Cox,MJ Leach,0,0,,,,,,"",""
ball,3,38.4,Essex,MJJ Critchley,JM Cox,MJ Leach,0,0,,,,,,"",""
ball,3,38.5,Essex,MJJ Critchley,JM Cox,MJ Leach,4,0,,,,,,"",""
ball,3,38.6,Essex,MJJ Critchley,JM Cox,MJ Leach,0,0,,,,,,"",""
ball,3,39.1,Essex,JM Cox,MJJ Critchley,C Overton,0,0,,,,,,"",""
ball,3,39.2,Essex,JM Cox,MJJ Critchley,C Overton,1,0,,,,,,"",""
ball,3,39.3,Essex,MJJ Critchley,JM Cox,C Overton,0,0,,,,,,"",""
ball,3,39.4,Essex,MJJ Critchley,JM Cox,C Overton,0,4,,,,4,,"",""
ball,3,39.5,Essex,MJJ Critchley,JM Cox,C Overton,0,0,,,,,,"",""
ball,3,39.6,Essex,MJJ Critchley,JM Cox,C Overton,0,0,,,,,,"",""
ball,3,40.1,Essex,JM Cox,MJJ Critchley,MJ Leach,0,0,,,,,,"",""
ball,3,40.2,Essex,JM Cox,MJJ Critchley,MJ Leach,1,0,,,,,,"",""
ball,3,40.3,Essex,MJJ Critchley,JM Cox,MJ Leach,0,0,,,,,,"",""
ball,3,40.4,Essex,MJJ Critchley,JM Cox,MJ Leach,4,0,,,,,,"",""
ball,3,40.5,Essex,MJJ Critchley,JM Cox,MJ Leach,2,0,,,,,,"",""
ball,3,40.6,Essex,MJJ Critchley,JM Cox,MJ Leach,0,0,,,,,,"",""
ball,3,41.1,Essex,JM Cox,MJJ Critchley,JH Davey,0,0,,,,,,"",""
ball,3,41.2,Essex,JM Cox,MJJ Critchley,JH Davey,1,0,,,,,,"",""
ball,3,41.3,Essex,MJJ Critchley,JM Cox,JH Davey,0,0,,,,,,"",""
ball,3,41.4,Essex,MJJ Critchley,JM Cox,JH Davey,0,0,,,,,,"",""
ball,3,41.5,Essex,MJJ Critchley,JM Cox,JH Davey,4,0,,,,,,"",""
ball,3,41.6,Essex,MJJ Critchley,JM Cox,JH Davey,0,0,,,,,,"",""
ball,3,42.1,Essex,JM Cox,MJJ Critchley,L Gregory,0,0,,,,,,"",""
ball,3,42.2,Essex,JM Cox,MJJ Critchley,L Gregory,0,0,,,,,,"",""
ball,3,42.3,Essex,JM Cox,MJJ Critchley,L Gregory,0,0,,,,,,"",""
ball,3,42.4,Essex,JM Cox,MJJ Critchley,L Gregory,1,0,,,,,,"",""
ball,3,42.5,Essex,MJJ Critchley,JM Cox,L Gregory,0,0,,,,,,"",""
ball,3,42.6,Essex,MJJ Critchley,JM Cox,L Gregory,0,0,,,,,,"",""
ball,3,43.1,Essex,JM Cox,MJJ Critchley,JH Davey,1,0,,,,,,"",""
ball,3,43.2,Essex,MJJ Critchley,JM Cox,JH Davey,0,0,,,,,,"",""
ball,3,43.3,Essex,MJJ Critchley,JM Cox,JH Davey,0,0,,,,,,"",""
ball,3,43.4,Essex,MJJ Critchley,JM Cox,JH Davey,0,0,,,,,,"",""
ball,3,43.5,Essex,MJJ Critchley,JM Cox,JH Davey,4,0,,,,,,"",""
ball,3,43.6,Essex,MJJ Critchley,JM Cox,JH Davey,2,0,,,,,,"",""
ball,3,44.1,Essex,JM Cox,MJJ Critchley,L Gregory,0,0,,,,,,"",""
ball,3,44.2,Essex,JM Cox,MJJ Critchley,L Gregory,1,0,,,,,,"",""
ball,3,44.3,Essex,MJJ Critchley,JM Cox,L Gregory,0,0,,,,,,"",""
ball,3,44.4,Essex,MJJ Critchley,JM Cox,L Gregory,1,0,,,,,,"",""
ball,3,44.5,Essex,JM Cox,MJJ Critchley,L Gregory,1,0,,,,,,"",""
ball,3,44.6,Essex,MJJ Critchley,JM Cox,L Gregory,0,0,,,,,,"",""
ball,3,45.1,Essex,JM Cox,MJJ Critchley,M Pretorius,0,0,,,,,,"",""
ball,3,45.2,Essex,JM Cox,MJJ Critchley,M Pretorius,4,0,,,,,,"",""
ball,3,45.3,Essex,JM Cox,MJJ Critchley,M Pretorius,0,0,,,,,,"",""
ball,3,45.4,Essex,JM Cox,MJJ Critchley,M Pretorius,1,0,,,,,,"",""
ball,3,45.5,Essex,MJJ Critchley,JM Cox,M Pretorius,0,0,,,,,,"",""
ball,3,45.6,Essex,MJJ Critchley,JM Cox,M Pretorius,1,0,,,,,,"",""
ball,3,46.1,Essex,MJJ Critchley,JM Cox,MJ Leach,1,0,,,,,,"",""
ball,3,46.2,Essex,JM Cox,MJJ Critchley,MJ Leach,0,0,,,,,,"",""
ball,3,46.3,Essex,JM Cox,MJJ Critchley,MJ Leach,0,4,,,4,,,"",""
ball,3,46.4,Essex,JM Cox,MJJ Critchley,MJ Leach,0,0,,,,,,"",""
ball,3,46.5,Essex,JM Cox,MJJ Critchley,MJ Leach,0,0,,,,,,"",""
ball,3,46.6,Essex,JM Cox,MJJ Critchley,MJ Leach,1,0,,,,,,"",""
ball,3,47.1,Essex,JM Cox,MJJ Critchley,M Pretorius,0,0,,,,,,"",""
ball,3,47.2,Essex,JM Cox,MJJ Critchley,M Pretorius,0,0,,,,,,"",""
ball,3,47.3,Essex,JM Cox,MJJ Critchley,M Pretorius,0,0,,,,,,"",""
ball,3,47.4,Essex,JM Cox,MJJ Critchley,M Pretorius,0,0,,,,,,"",""
ball,3,47.5,Essex,JM Cox,MJJ Critchley,M Pretorius,0,0,,,,,,"",""
ball,3,47.6,Essex,JM Cox,MJJ Critchley,M Pretorius,0,0,,,,,,"",""
ball,3,48.1,Essex,MJJ Critchley,JM Cox,MJ Leach,0,0,,,,,,"",""
ball,3,48.2,Essex,MJJ Critchley,JM Cox,MJ Leach,0,0,,,,,,"",""
ball,3,48.3,Essex,MJJ Critchley,JM Cox,MJ Leach,0,0,,,,,,"",""
ball,3,48.4,Essex,MJJ Critchley,JM Cox,MJ Leach,0,0,,,,,,"",""
ball,3,48.5,Essex,MJJ Critchley,JM Cox,MJ Leach,0,0,,,,,,"",""
ball,3,48.6,Essex,MJJ Critchley,JM Cox,MJ Leach,1,0,,,,,,"",""
ball,3,49.1,Essex,MJJ Critchley,JM Cox,M Pretorius,2,0,,,,,,"",""
ball,3,49.2,Essex,MJJ Critchley,JM Cox,M Pretorius,0,0,,,,,,"",""
ball,3,49.3,Essex,MJJ Critchley,JM Cox,M Pretorius,0,0,,,,,,"",""
ball,3,49.4,Essex,MJJ Critchley,JM Cox,M Pretorius,0,0,,,,,,"",""
ball,3,49.5,Essex,MJJ Critchley,JM Cox,M Pretorius,0,0,,,,,,"",""
ball,3,49.6,Essex,MJJ Critchley,JM Cox,M Pretorius,0,0,,,,,,"",""
ball,3,50.1,Essex,JM Cox,MJJ Critchley,MJ Leach,0,0,,,,,,"",""
ball,3,50.2,Essex,JM Cox,MJJ Critchley,MJ Leach,1,0,,,,,,"",""
ball,3,50.3,Essex,MJJ Critchley,JM Cox,MJ Leach,0,0,,,,,,"",""
ball,3,50.4,Essex,MJJ Critchley,JM Cox,MJ Leach,0,0,,,,,,"",""
ball,3,50.5,Essex,MJJ Critchley,JM Cox,MJ Leach,0,0,,,,,,"",""
ball,3,50.6,Essex,MJJ Critchley,JM Cox,MJ Leach,0,0,,,,,,"",""
ball,3,51.1,Essex,JM Cox,MJJ Critchley,M Pretorius,1,0,,,,,,"",""
ball,3,51.2,Essex,MJJ Critchley,JM Cox,M Pretorius,1,0,,,,,,"",""
ball,3,51.3,Essex,JM Cox,MJJ Critchley,M Pretorius,0,0,,,,,,"",""
ball,3,51.4,Essex,JM Cox,MJJ Critchley,M Pretorius,4,0,,,,,,"",""
ball,3,51.5,Essex,JM Cox,MJJ Critchley,M Pretorius,0,0,,,,,,"",""
ball,3,51.6,Essex,JM Cox,MJJ Critchley,M Pretorius,0,0,,,,,,"",""
ball,3,52.1,Essex,MJJ Critchley,JM Cox,MJ Leach,0,0,,,,,,"",""
ball,3,52.2,Essex,MJJ Critchley,JM Cox,MJ Leach,0,0,,,,,,"",""
ball,3,52.3,Essex,MJJ Critchley,JM Cox,MJ Leach,0,0,,,,,,caught,MJJ Critchley
ball,3,52.4,Essex,MS Pepper,JM Cox,MJ Leach,0,0,,,,,,"",""
ball,3,52.5,Essex,MS Pepper,JM Cox,MJ Leach,0,0,,,,,,"",""
ball,3,52.6,Essex,MS Pepper,JM Cox,MJ Leach,0,0,,,,,,"",""
ball,3,53.1,Essex,JM Cox,MS Pepper,L Gregory,0,0,,,,,,"",""
ball,3,53.2,Essex,JM Cox,MS Pepper,L Gregory,4,0,,,,,,"",""
ball,3,53.3,Essex,JM Cox,MS Pepper,L Gregory,1,2,,2,,,,"",""
ball,3,53.4,Essex,MS Pepper,JM Cox,L Gregory,0,0,,,,,,"",""
ball,3,53.5,Essex,MS Pepper,JM Cox,L Gregory,4,0,,,,,,"",""
ball,3,53.6,Essex,MS Pepper,JM Cox,L Gregory,0,0,,,,,,"",""
ball,3,53.7,Essex,MS Pepper,JM Cox,L Gregory,0,0,,,,,,"",""
ball,3,54.1,Essex,JM Cox,MS Pepper,MJ Leach,0,0,,,,,,"",""
ball,3,54.2,Essex,JM Cox,MS Pepper,MJ Leach,0,0,,,,,,"",""
ball,3,54.3,Essex,JM Cox,MS Pepper,MJ Leach,0,0,,,,,,"",""
ball,3,54.4,Essex,JM Cox,MS Pepper,MJ Leach,0,0,,,,,,"",""
ball,3,54.5,Essex,JM Cox,MS Pepper,MJ Leach,0,0,,,,,,"",""
ball,3,54.6,Essex,JM Cox,MS Pepper,MJ Leach,1,0,,,,,,"",""
ball,3,55.1,Essex,JM Cox,MS Pepper,L Gregory,1,2,,2,,,,"",""
ball,3,55.2,Essex,MS Pepper,JM Cox,L Gregory,0,0,,,,,,"",""
ball,3,55.3,Essex,MS Pepper,JM Cox,L Gregory,0,0,,,,,,"",""
ball,3,55.4,Essex,MS Pepper,JM Cox,L Gregory,0,0,,,,,,"",""
ball,3,55.5,Essex,MS Pepper,JM Cox,L Gregory,0,0,,,,,,"",""
ball,3,55.6,Essex,MS Pepper,JM Cox,L Gregory,0,1,,,,1,,"",""
ball,3,55.7,Essex,JM Cox,MS Pepper,L Gregory,4,0,,,,,,"",""
ball,3,56.1,Essex,MS Pepper,JM Cox,MJ Leach,1,0,,,,,,"",""
ball,3,56.2,Essex,JM Cox,MS Pepper,MJ Leach,1,0,,,,,,"",""
ball,3,56.3,Essex,MS Pepper,JM Cox,MJ Leach,0,0,,,,,,"",""
ball,3,56.4,Essex,MS Pepper,JM Cox,MJ Leach,0,0,,,,,,"",""
ball,3,56.5,Essex,MS Pepper,JM Cox,MJ Leach,0,0,,,,,,"",""
ball,3,56.6,Essex,MS Pepper,JM Cox,MJ Leach,0,0,,,,,,"",""
ball,3,57.1,Essex,JM Cox,MS Pepper,L Gregory,0,0,,,,,,"",""
ball,3,57.2,Essex,JM Cox,MS Pepper,L Gregory,0,2,,2,,,,"",""
ball,3,57.3,Essex,JM Cox,MS Pepper,L Gregory,0,0,,,,,,"",""
ball,3,57.4,Essex,JM Cox,MS Pepper,L Gregory,0,0,,,,,,"",""
ball,3,57.5,Essex,JM Cox,MS Pepper,L Gregory,1,0,,,,,,"",""
ball,3,57.6,Essex,MS Pepper,JM Cox,L Gregory,0,0,,,,,,"",""
ball,3,57.7,Essex,MS Pepper,JM Cox,L Gregory,0,0,,,,,,"",""
ball,3,58.1,Essex,JM Cox,MS Pepper,MJ Leach,0,0,,,,,,"",""
ball,3,58.2,Essex,JM Cox,MS Pepper,MJ Leach,0,0,,,,,,"",""
ball,3,58.3,Essex,JM Cox,MS Pepper,MJ Leach,0,0,,,,,,"",""
ball,3,58.4,Essex,JM Cox,MS Pepper,MJ Leach,0,0,,,,,,"",""
ball,3,58.5,Essex,JM Cox,MS Pepper,MJ Leach,4,0,,,,,,"",""
ball,3,58.6,Essex,JM Cox,MS Pepper,MJ Leach,4,0,,,,,,"",""
ball,3,59.1,Essex,MS Pepper,JM Cox,L Gregory,0,0,,,,,,"",""
ball,3,59.2,Essex,MS Pepper,JM Cox,L Gregory,1,0,,,,,,"",""
ball,3,59.3,Essex,JM Cox,MS Pepper,L Gregory,4,0,,,,,,"",""
ball,3,59.4,Essex,JM Cox,MS Pepper,L Gregory,2,0,,,,,,"",""
ball,3,59.5,Essex,JM Cox,MS Pepper,L Gregory,0,0,,,,,,"",""
ball,3,59.6,Essex,JM Cox,MS Pepper,L Gregory,0,0,,,,,,"",""
ball,3,60.1,Essex,MS Pepper,JM Cox,MJ Leach,0,0,,,,,,"",""
ball,3,60.2,Essex,MS Pepper,JM Cox,MJ Leach,4,0,,,,,,"",""
ball,3,60.3,Essex,MS Pepper,JM Cox,MJ Leach,4,0,,,,,,"",""
ball,3,60.4,Essex,MS Pepper,JM Cox,MJ Leach,0,0,,,,,,"",""
ball,3,60.5,Essex,MS Pepper,JM Cox,MJ Leach,0,0,,,,,,"",""
ball,3,60.6,Essex,MS Pepper,JM Cox,MJ Leach,0,0,,,,,,"",""
ball,3,61.1,Essex,JM Cox,MS Pepper,C Overton,4,0,,,,,,"",""
ball,3,61.2,Essex,JM Cox,MS Pepper,C Overton,0,0,,,,,,"",""
ball,3,61.3,Essex,JM Cox,MS Pepper,C Overton,1,0,,,,,,"",""
ball,3,61.4,Essex,MS Pepper,JM Cox,C Overton,4,0,,,,,,"",""
ball,3,61.5,Essex,MS Pepper,JM Cox,C Overton,0,0,,,,,,"",""
ball,3,61.6,Essex,MS Pepper,JM Cox,C Overton,0,0,,,,,,"",""
ball,3,62.1,Essex,JM Cox,MS Pepper,MJ Leach,1,0,,,,,,"",""
ball,3,62.2,Essex,MS Pepper,JM Cox,MJ Leach,0,0,,,,,,"",""
ball,3,62.3,Essex,MS Pepper,JM Cox,MJ Leach,0,0,,,,,,"",""
ball,3,62.4,Essex,MS Pepper,JM Cox,MJ Leach,0,0,,,,,,"",""
ball,3,62.5,Essex,MS Pepper,JM Cox,MJ Leach,0,0,,,,,,"",""
ball,3,62.6,Essex,MS Pepper,JM Cox,MJ Leach,0,0,,,,,,"",""
ball,3,63.1,Essex,JM Cox,MS Pepper,C Overton,1,0,,,,,,"",""
ball,3,63.2,Essex,MS Pepper,JM Cox,C Overton,0,0,,,,,,"",""
ball,3,63.3,Essex,MS Pepper,JM Cox,C Overton,1,0,,,,,,"",""
ball,3,63.4,Essex,JM Cox,MS Pepper,C Overton,0,0,,,,,,"",""
ball,3,63.5,Essex,JM Cox,MS Pepper,C Overton,0,0,,,,,,"",""
ball,3,63.6,Essex,JM Cox,MS Pepper,C Overton,1,0,,,,,,"",""
ball,3,64.1,Essex,JM Cox,MS Pepper,MJ Leach,1,0,,,,,,"",""
ball,3,64.2,Essex,MS Pepper,JM Cox,MJ Leach,2,0,,,,,,"",""
ball,3,64.3,Essex,MS Pepper,JM Cox,MJ Leach,1,0,,,,,,"",""
ball,3,64.4,Essex,JM Cox,MS Pepper,MJ Leach,0,0,,,,,,"",""
ball,3,64.5,Essex,JM Cox,MS Pepper,MJ Leach,0,0,,,,,,"",""
ball,3,64.6,Essex,JM Cox,MS Pepper,MJ Leach,0,0,,,,,,"",""
ball,3,65.1,Essex,MS Pepper,JM Cox,C Overton,0,0,,,,,,"",""
ball,3,65.2,Essex,MS Pepper,JM Cox,C Overton,0,0,,,,,,"",""
ball,3,65.3,Essex,MS Pepper,JM Cox,C Overton,0,0,,,,,,"",""
ball,3,65.4,Essex,MS Pepper,JM Cox,C Overton,1,0,,,,,,"",""
ball,3,65.5,Essex,JM Cox,MS Pepper,C Overton,1,0,,,,,,"",""
ball,3,65.6,Essex,MS Pepper,JM Cox,C Overton,0,0,,,,,,"",""
ball,3,66.1,Essex,JM Cox,MS Pepper,MJ Leach,0,4,,,4,,,"",""
ball,3,66.2,Essex,JM Cox,MS Pepper,MJ Leach,0,0,,,,,,"",""
ball,3,66.3,Essex,JM Cox,MS Pepper,MJ Leach,0,0,,,,,,"",""
ball,3,66.4,Essex,JM Cox,MS Pepper,MJ Leach,0,0,,,,,,"",""
ball,3,66.5,Essex,JM Cox,MS Pepper,MJ Leach,1,0,,,,,,"",""
ball,3,66.6,Essex,MS Pepper,JM Cox,MJ Leach,1,0,,,,,,"",""
ball,3,67.1,Essex,MS Pepper,JM Cox,C Overton,0,0,,,,,,"",""
ball,3,67.2,Essex,MS Pepper,JM Cox,C Overton,0,0,,,,,,"",""
ball,3,67.3,Essex,MS Pepper,JM Cox,C Overton,0,0,,,,,,"",""
ball,3,67.4,Essex,MS Pepper,JM Cox,C Overton,4,0,,,,,,"",""
ball,3,67.5,Essex,MS Pepper,JM Cox,C Overton,0,0,,,,,,"",""
ball,3,67.6,Essex,MS Pepper,JM Cox,C Overton,1,0,,,,,,"",""
ball,3,68.1,Essex,MS Pepper,JM Cox,MJ Leach,0,0,,,,,,"",""
ball,3,68.2,Essex,MS Pepper,JM Cox,MJ Leach,0,0,,,,,,"",""
ball,3,68.3,Essex,MS Pepper,JM Cox,MJ Leach,1,0,,,,,,"",""
ball,3,68.4,Essex,JM Cox,MS Pepper,MJ Leach,0,0,,,,,,"",""
ball,3,68.5,Essex,JM Cox,MS Pepper,MJ Leach,4,0,,,,,,"",""
ball,3,68.6,Essex,JM Cox,MS Pepper,MJ Leach,0,0,,,,,,retired hurt,JM Cox
ball,3,69.1,Essex,MS Pepper,NRM Thain,M Pretorius,1,0,,,,,,"",""
ball,3,69.2,Essex,NRM Thain,MS Pepper,M Pretorius,0,0,,,,,,"",""
ball,3,69.3,Essex,NRM Thain,MS Pepper,M Pretorius,0,0,,,,,,"",""
ball,3,69.4,Essex,NRM Thain,MS Pepper,M Pretorius,0,0,,,,,,"",""
ball,3,69.5,Essex,NRM Thain,MS Pepper,M Pretorius,0,0,,,,,,"",""
ball,3,69.6,Essex,NRM Thain,MS Pepper,M Pretorius,0,0,,,,,,"",""
ball,3,70.1,Essex,MS Pepper,NRM Thain,MJ Leach,4,0,,,,,,"",""
ball,3,70.2,Essex,MS Pepper,NRM Thain,MJ Leach,0,0,,,,,,"",""
ball,3,70.3,Essex,MS Pepper,NRM Thain,MJ Leach,0,0,,,,,,"",""
ball,3,70.4,Essex,MS Pepper,NRM Thain,MJ Leach,1,0,,,,,,"",""
ball,3,70.5,Essex,NRM Thain,MS Pepper,MJ Leach,0,0,,,,,,"",""
ball,3,70.6,Essex,NRM Thain,MS Pepper,MJ Leach,0,0,,,,,,"",""
ball,3,71.1,Essex,MS Pepper,NRM Thain,M Pretorius,0,0,,,,,,lbw,MS Pepper
ball,3,71.2,Essex,SR Harmer,NRM Thain,M Pretorius,0,0,,,,,,"",""
ball,3,71.3,Essex,SR Harmer,NRM Thain,M Pretorius,0,0,,,,,,"",""
ball,3,71.4,Essex,SR Harmer,NRM Thain,M Pretorius,0,0,,,,,,"",""
ball,3,71.5,Essex,SR Harmer,NRM Thain,M Pretorius,0,0,,,,,,"",""
ball,3,71.6,Essex,SR Harmer,NRM Thain,M Pretorius,0,0,,,,,,"",""
ball,3,72.1,Essex,NRM Thain,SR Harmer,MJ Leach,0,0,,,,,,"",""
ball,3,72.2,Essex,NRM Thain,SR Harmer,MJ Leach,0,0,,,,,,"",""
ball,3,72.3,Essex,NRM Thain,SR Harmer,MJ Leach,0,1,,,1,,,"",""
ball,3,72.4,Essex,SR Harmer,NRM Thain,MJ Leach,0,0,,,,,,"",""
ball,3,72.5,Essex,SR Harmer,NRM Thain,MJ Leach,0,0,,,,,,"",""
ball,3,72.6,Essex,SR Harmer,NRM Thain,MJ Leach,0,0,,,,,,"",""
ball,3,73.1,Essex,NRM Thain,SR Harmer,M Pretorius,0,0,,,,,,caught,NRM Thain
ball,3,73.2,Essex,SJ Cook,SR Harmer,M Pretorius,0,0,,,,,,"",""
ball,3,73.3,Essex,SJ Cook,SR Harmer,M Pretorius,0,0,,,,,,"",""
ball,3,73.4,Essex,SJ Cook,SR Harmer,M Pretorius,0,0,,,,,,"",""
ball,3,73.5,Essex,SJ Cook,SR Harmer,M Pretorius,0,0,,,,,,"",""
ball,3,73.6,Essex,SJ Cook,SR Harmer,M Pretorius,1,0,,,,,,"",""
ball,3,74.1,Essex,SJ Cook,SR Harmer,MJ Leach,0,0,,,,,,"",""
ball,3,74.2,Essex,SJ Cook,SR Harmer,MJ Leach,0,0,,,,,,"",""
ball,3,74.3,Essex,SJ Cook,SR Harmer,MJ Leach,0,0,,,,,,"",""
ball,3,74.4,Essex,SJ Cook,SR Harmer,MJ Leach,0,0,,,,,,"",""
ball,3,74.5,Essex,SJ Cook,SR Harmer,MJ Leach,1,0,,,,,,"",""
ball,3,74.6,Essex,SR Harmer,SJ Cook,MJ Leach,0,0,,,,,,"",""
ball,3,75.1,Essex,SJ Cook,SR Harmer,M Pretorius,0,0,,,,,,"",""
ball,3,75.2,Essex,SJ Cook,SR Harmer,M Pretorius,0,0,,,,,,"",""
ball,3,75.3,Essex,SJ Cook,SR Harmer,M Pretorius,0,0,,,,,,caught,SJ Cook
ball,3,75.4,Essex,CAK Rajitha,SR Harmer,M Pretorius,0,0,,,,,,"",""
ball,3,75.5,Essex,CAK Rajitha,SR Harmer,M Pretorius,0,0,,,,,,"",""
ball,3,75.6,Essex,CAK Rajitha,SR Harmer,M Pretorius,0,0,,,,,,"",""
ball,3,76.1,Essex,SR Harmer,CAK Rajitha,MJ Leach,1,0,,,,,,"",""
ball,3,76.2,Essex,CAK Rajitha,SR Harmer,MJ Leach,0,0,,,,,,lbw,CAK Rajitha
ball,3,76.3,Essex,JA Porter,SR Harmer,MJ Leach,0,0,,,,,,"",""
ball,3,76.4,Essex,JA Porter,SR Harmer,MJ Leach,0,0,,,,,,"",""
ball,3,76.5,Essex,JA Porter,SR Harmer,MJ Leach,0,0,,,,,,"",""
ball,3,76.6,Essex,JA Porter,SR Harmer,MJ Leach,0,0,,,,,,"",""
ball,3,77.1,Essex,SR Harmer,JA Porter,M Pretorius,0,0,,,,,,"",""
ball,3,77.2,Essex,SR Harmer,JA Porter,M Pretorius,0,0,,,,,,"",""
ball,3,77.3,Essex,SR Harmer,JA Porter,M Pretorius,0,0,,,,,,"",""
ball,3,77.4,Essex,SR Harmer,JA Porter,M Pretorius,2,0,,,,,,"",""
ball,3,77.5,Essex,SR Harmer,JA Porter,M Pretorius,1,0,,,,,,"",""
ball,3,77.6,Essex,JA Porter,SR Harmer,M Pretorius,0,0,,,,,,"",""
ball,3,78.1,Essex,SR Harmer,JA Porter,MJ Leach,0,0,,,,,,"",""
ball,3,78.2,Essex,SR Harmer,JA Porter,MJ Leach,0,0,,,,,,"",""
ball,3,78.3,Essex,SR Harmer,JA Porter,MJ Leach,0,0,,,,,,"",""
ball,3,78.4,Essex,SR Harmer,JA Porter,MJ Leach,0,0,,,,,,caught,SR Harmer
ball,4,0.1,Somerset,AM Vaughan,ARI Umeed,SJ Cook,0,0,,,,,,"",""
ball,4,0.2,Somerset,AM Vaughan,ARI Umeed,SJ Cook,0,0,,,,,,"",""
ball,4,0.3,Somerset,AM Vaughan,ARI Umeed,SJ Cook,0,0,,,,,,"",""
ball,4,0.4,Somerset,AM Vaughan,ARI Umeed,SJ Cook,0,0,,,,,,"",""
ball,4,0.5,Somerset,AM Vaughan,ARI Umeed,SJ Cook,0,0,,,,,,"",""
ball,4,0.6,Somerset,AM Vaughan,ARI Umeed,SJ Cook,0,0,,,,,,"",""
ball,4,1.1,Somerset,ARI Umeed,AM Vaughan,JA Porter,0,0,,,,,,"",""
ball,4,1.2,Somerset,ARI Umeed,AM Vaughan,JA Porter,0,0,,,,,,"",""
ball,4,1.3,Somerset,ARI Umeed,AM Vaughan,JA Porter,0,0,,,,,,"",""
ball,4,1.4,Somerset,ARI Umeed,AM Vaughan,JA Porter,0,0,,,,,,"",""
ball,4,1.5,Somerset,ARI Umeed,AM Vaughan,JA Porter,0,0,,,,,,"",""
ball,4,1.6,Somerset,ARI Umeed,AM Vaughan,JA Porter,0,0,,,,,,"",""
ball,4,2.1,Somerset,AM Vaughan,ARI Umeed,SJ Cook,0,0,,,,,,"",""
ball,4,2.2,Somerset,AM Vaughan,ARI Umeed,SJ Cook,0,0,,,,,,"",""
ball,4,2.3,Somerset,AM Vaughan,ARI Umeed,SJ Cook,0,0,,,,,,"",""
ball,4,2.4,Somerset,AM Vaughan,ARI Umeed,SJ Cook,0,0,,,,,,"",""
ball,4,2.5,Somerset,AM Vaughan,ARI Umeed,SJ Cook,0,0,,,,,,"",""
ball,4,2.6,Somerset,AM Vaughan,ARI Umeed,SJ Cook,0,0,,,,,,"",""
ball,4,3.1,Somerset,ARI Umeed,AM Vaughan,JA Porter,0,0,,,,,,"",""
ball,4,3.2,Somerset,ARI Umeed,AM Vaughan,JA Porter,0,0,,,,,,"",""
ball,4,3.3,Somerset,ARI Umeed,AM Vaughan,JA Porter,0,0,,,,,,"",""
ball,4,3.4,Somerset,ARI Umeed,AM Vaughan,JA Porter,0,0,,,,,,"",""
ball,4,3.5,Somerset,ARI Umeed,AM Vaughan,JA Porter,0,0,,,,,,caught,ARI Umeed
ball,4,3.6,Somerset,TA Lammonby,AM Vaughan,JA Porter,0,0,,,,,,"",""
ball,4,4.1,Somerset,AM Vaughan,TA Lammonby,SJ Cook,0,0,,,,,,"",""
ball,4,4.2,Somerset,AM Vaughan,TA Lammonby,SJ Cook,0,0,,,,,,"",""
ball,4,4.3,Somerset,AM Vaughan,TA Lammonby,SJ Cook,0,0,,,,,,"",""
ball,4,4.4,Somerset,AM Vaughan,TA Lammonby,SJ Cook,0,0,,,,,,"",""
ball,4,4.5,Somerset,AM Vaughan,TA Lammonby,SJ Cook,0,0,,,,,,"",""
ball,4,4.6,Somerset,AM Vaughan,TA Lammonby,SJ Cook,0,0,,,,,,"",""
ball,4,5.1,Somerset,TA Lammonby,AM Vaughan,JA Porter,4,0,,,,,,"",""
ball,4,5.2,Somerset,TA Lammonby,AM Vaughan,JA Porter,0,0,,,,,,"",""
ball,4,5.3,Somerset,TA Lammonby,AM Vaughan,JA Porter,0,0,,,,,,"",""
ball,4,5.4,Somerset,TA Lammonby,AM Vaughan,JA Porter,0,0,,,,,,"",""
ball,4,5.5,Somerset,TA Lammonby,AM Vaughan,JA Porter,0,0,,,,,,"",""
ball,4,5.6,Somerset,TA Lammonby,AM Vaughan,JA Porter,0,0,,,,,,"",""
ball,4,6.1,Somerset,AM Vaughan,TA Lammonby,SJ Cook,0,0,,,,,,"",""
ball,4,6.2,Somerset,AM Vaughan,TA Lammonby,SJ Cook,4,0,,,,,,"",""
ball,4,6.3,Somerset,AM Vaughan,TA Lammonby,SJ Cook,0,0,,,,,,"",""
ball,4,6.4,Somerset,AM Vaughan,TA Lammonby,SJ Cook,0,0,,,,,,"",""
ball,4,6.5,Somerset,AM Vaughan,TA Lammonby,SJ Cook,0,0,,,,,,caught,AM Vaughan
ball,4,6.6,Somerset,TB Abell,TA Lammonby,SJ Cook,0,0,,,,,,"",""
ball,4,7.1,Somerset,TA Lammonby,TB Abell,SR Harmer,1,0,,,,,,"",""
ball,4,7.2,Somerset,TB Abell,TA Lammonby,SR Harmer,0,0,,,,,,"",""
ball,4,7.3,Somerset,TB Abell,TA Lammonby,SR Harmer,0,0,,,,,,"",""
ball,4,7.4,Somerset,TB Abell,TA Lammonby,SR Harmer,0,0,,,,,,"",""
ball,4,7.5,Somerset,TB Abell,TA Lammonby,SR Harmer,0,0,,,,,,"",""
ball,4,7.6,Somerset,TB Abell,TA Lammonby,SR Harmer,0,0,,,,,,"",""
ball,4,8.1,Somerset,TA Lammonby,TB Abell,SJ Cook,1,0,,,,,,"",""
ball,4,8.2,Somerset,TB Abell,TA Lammonby,SJ Cook,0,0,,,,,,"",""
ball,4,8.3,Somerset,TB Abell,TA Lammonby,SJ Cook,0,0,,,,,,"",""
ball,4,8.4,Somerset,TB Abell,TA Lammonby,SJ Cook,0,0,,,,,,"",""
ball,4,8.5,Somerset,TB Abell,TA Lammonby,SJ Cook,0,0,,,,,,"",""
ball,4,8.6,Somerset,TB Abell,TA Lammonby,SJ Cook,1,0,,,,,,"",""
ball,4,9.1,Somerset,TB Abell,TA Lammonby,SR Harmer,0,0,,,,,,"",""
ball,4,9.2,Somerset,TB Abell,TA Lammonby,SR Harmer,0,0,,,,,,"",""
ball,4,9.3,Somerset,TB Abell,TA Lammonby,SR Harmer,0,0,,,,,,"",""
ball,4,9.4,Somerset,TB Abell,TA Lammonby,SR Harmer,0,0,,,,,,"",""
ball,4,9.5,Somerset,TB Abell,TA Lammonby,SR Harmer,4,0,,,,,,"",""
ball,4,9.6,Somerset,TB Abell,TA Lammonby,SR Harmer,0,0,,,,,,"",""
ball,4,10.1,Somerset,TA Lammonby,TB Abell,SJ Cook,0,0,,,,,,"",""
ball,4,10.2,Somerset,TA Lammonby,TB Abell,SJ Cook,0,0,,,,,,"",""
ball,4,10.3,Somerset,TA Lammonby,TB Abell,SJ Cook,0,0,,,,,,"",""
ball,4,10.4,Somerset,TA Lammonby,TB Abell,SJ Cook,0,0,,,,,,"",""
ball,4,10.5,Somerset,TA Lammonby,TB Abell,SJ Cook,4,0,,,,,,"",""
ball,4,10.6,Somerset,TA Lammonby,TB Abell,SJ Cook,0,0,,,,,,"",""
ball,4,11.1,Somerset,TB Abell,TA Lammonby,SR Harmer,2,0,,,,,,"",""
ball,4,11.2,Somerset,TB Abell,TA Lammonby,SR Harmer,0,0,,,,,,"",""
ball,4,11.3,Somerset,TB Abell,TA Lammonby,SR Harmer,0,0,,,,,,"",""
ball,4,11.4,Somerset,TB Abell,TA Lammonby,SR Harmer,0,0,,,,,,"",""
ball,4,11.5,Somerset,TB Abell,TA Lammonby,SR Harmer,0,1,,,,1,,"",""
ball,4,11.6,Somerset,TA Lammonby,TB Abell,SR Harmer,0,0,,,,,,"",""
ball,4,12.1,Somerset,TB Abell,TA Lammonby,JA Porter,4,0,,,,,,"",""
ball,4,12.2,Somerset,TB Abell,TA Lammonby,JA Porter,1,0,,,,,,"",""
ball,4,12.3,Somerset,TA Lammonby,TB Abell,JA Porter,0,0,,,,,,"",""
ball,4,12.4,Somerset,TA Lammonby,TB Abell,JA Porter,0,0,,,,,,"",""
ball,4,12.5,Somerset,TA Lammonby,TB Abell,JA Porter,4,0,,,,,,"",""
ball,4,12.6,Somerset,TA Lammonby,TB Abell,JA Porter,0,0,,,,,,"",""
ball,4,13.1,Somerset,TB Abell,TA Lammonby,SR Harmer,1,0,,,,,,"",""
ball,4,13.2,Somerset,TA Lammonby,TB Abell,SR Harmer,0,0,,,,,,"",""
ball,4,13.3,Somerset,TA Lammonby,TB Abell,SR Harmer,0,0,,,,,,"",""
ball,4,13.4,Somerset,TA Lammonby,TB Abell,SR Harmer,2,0,,,,,,"",""
ball,4,13.5,Somerset,TA Lammonby,TB Abell,SR Harmer,2,0,,,,,,"",""
ball,4,13.6,Somerset,TA Lammonby,TB Abell,SR Harmer,0,0,,,,,,"",""
ball,4,14.1,Somerset,TB Abell,TA Lammonby,JA Porter,0,0,,,,,,"",""
ball,4,14.2,Somerset,TB Abell,TA Lammonby,JA Porter,1,0,,,,,,"",""
ball,4,14.3,Somerset,TA Lammonby,TB Abell,JA Porter,1,0,,,,,,"",""
ball,4,14.4,Somerset,TB Abell,TA Lammonby,JA Porter,0,0,,,,,,"",""
ball,4,14.5,Somerset,TB Abell,TA Lammonby,JA Porter,0,0,,,,,,"",""
ball,4,14.6,Somerset,TB Abell,TA Lammonby,JA Porter,0,0,,,,,,"",""
ball,4,15.1,Somerset,TA Lammonby,TB Abell,SR Harmer,1,0,,,,,,"",""
ball,4,15.2,Somerset,TB Abell,TA Lammonby,SR Harmer,0,0,,,,,,"",""
ball,4,15.3,Somerset,TB Abell,TA Lammonby,SR Harmer,1,0,,,,,,"",""
ball,4,15.4,Somerset,TA Lammonby,TB Abell,SR Harmer,0,0,,,,,,"",""
ball,4,15.5,Somerset,TA Lammonby,TB Abell,SR Harmer,0,0,,,,,,"",""
ball,4,15.6,Somerset,TA Lammonby,TB Abell,SR Harmer,1,0,,,,,,"",""
ball,4,16.1,Somerset,TA Lammonby,TB Abell,JA Porter,0,0,,,,,,"",""
ball,4,16.2,Somerset,TA Lammonby,TB Abell,JA Porter,0,0,,,,,,"",""
ball,4,16.3,Somerset,TA Lammonby,TB Abell,JA Porter,0,0,,,,,,"",""
ball,4,16.4,Somerset,TA Lammonby,TB Abell,JA Porter,0,0,,,,,,"",""
ball,4,16.5,Somerset,TA Lammonby,TB Abell,JA Porter,0,0,,,,,,"",""
ball,4,16.6,Somerset,TA Lammonby,TB Abell,JA Porter,0,0,,,,,,"",""
ball,4,17.1,Somerset,TB Abell,TA Lammonby,SR Harmer,0,0,,,,,,"",""
ball,4,17.2,Somerset,TB Abell,TA Lammonby,SR Harmer,0,0,,,,,,"",""
ball,4,17.3,Somerset,TB Abell,TA Lammonby,SR Harmer,0,0,,,,,,"",""
ball,4,17.4,Somerset,TB Abell,TA Lammonby,SR Harmer,0,0,,,,,,"",""
ball,4,17.5,Somerset,TB Abell,TA Lammonby,SR Harmer,0,0,,,,,,"",""
ball,4,17.6,Somerset,TB Abell,TA Lammonby,SR Harmer,1,0,,,,,,"",""
ball,4,18.1,Somerset,TB Abell,TA Lammonby,CAK Rajitha,0,0,,,,,,"",""
ball,4,18.2,Somerset,TB Abell,TA Lammonby,CAK Rajitha,1,0,,,,,,"",""
ball,4,18.3,Somerset,TA Lammonby,TB Abell,CAK Rajitha,0,0,,,,,,"",""
ball,4,18.4,Somerset,TA Lammonby,TB Abell,CAK Rajitha,2,0,,,,,,"",""
ball,4,18.5,Somerset,TA Lammonby,TB Abell,CAK Rajitha,0,0,,,,,,"",""
ball,4,18.6,Somerset,TA Lammonby,TB Abell,CAK Rajitha,2,0,,,,,,"",""
ball,4,19.1,Somerset,TB Abell,TA Lammonby,SR Harmer,0,0,,,,,,"",""
ball,4,19.2,Somerset,TB Abell,TA Lammonby,SR Harmer,0,0,,,,,,"",""
ball,4,19.3,Somerset,TB Abell,TA Lammonby,SR Harmer,0,0,,,,,,"",""
ball,4,19.4,Somerset,TB Abell,TA Lammonby,SR Harmer,0,0,,,,,,"",""
ball,4,19.5,Somerset,TB Abell,TA Lammonby,SR Harmer,0,0,,,,,,"",""
ball,4,19.6,Somerset,TB Abell,TA Lammonby,SR Harmer,0,0,,,,,,"",""
ball,4,20.1,Somerset,TA Lammonby,TB Abell,CAK Rajitha,0,0,,,,,,"",""
ball,4,20.2,Somerset,TA Lammonby,TB Abell,CAK Rajitha,0,0,,,,,,"",""
ball,4,20.3,Somerset,TA Lammonby,TB Abell,CAK Rajitha,0,0,,,,,,"",""
ball,4,20.4,Somerset,TA Lammonby,TB Abell,CAK Rajitha,0,0,,,,,,"",""
ball,4,20.5,Somerset,TA Lammonby,TB Abell,CAK Rajitha,0,0,,,,,,"",""
ball,4,20.6,Somerset,TA Lammonby,TB Abell,CAK Rajitha,4,0,,,,,,"",""
ball,4,21.1,Somerset,TB Abell,TA Lammonby,SR Harmer,1,0,,,,,,"",""
ball,4,21.2,Somerset,TA Lammonby,TB Abell,SR Harmer,0,0,,,,,,"",""
ball,4,21.3,Somerset,TA Lammonby,TB Abell,SR Harmer,1,0,,,,,,"",""
ball,4,21.4,Somerset,TB Abell,TA Lammonby,SR Harmer,1,0,,,,,,"",""
ball,4,21.5,Somerset,TA Lammonby,TB Abell,SR Harmer,0,0,,,,,,lbw,TA Lammonby
ball,4,21.6,Somerset,T Banton,TB Abell,SR Harmer,0,0,,,,,,"",""
ball,4,22.1,Somerset,TB Abell,T Banton,CAK Rajitha,4,0,,,,,,"",""
ball,4,22.2,Somerset,TB Abell,T Banton,CAK Rajitha,0,0,,,,,,"",""
ball,4,22.3,Somerset,TB Abell,T Banton,CAK Rajitha,0,0,,,,,,"",""
ball,4,22.4,Somerset,TB Abell,T Banton,CAK Rajitha,0,0,,,,,,"",""
ball,4,22.5,Somerset,TB Abell,T Banton,CAK Rajitha,0,0,,,,,,"",""
ball,4,22.6,Somerset,TB Abell,T Banton,CAK Rajitha,0,0,,,,,,"",""
ball,4,23.1,Somerset,T Banton,TB Abell,SR Harmer,0,0,,,,,,"",""
ball,4,23.2,Somerset,T Banton,TB Abell,SR Harmer,0,0,,,,,,"",""
ball,4,23.3,Somerset,T Banton,TB Abell,SR Harmer,0,0,,,,,,"",""
ball,4,23.4,Somerset,T Banton,TB Abell,SR Harmer,4,0,,,,,,"",""
ball,4,23.5,Somerset,T Banton,TB Abell,SR Harmer,0,0,,,,,,"",""
ball,4,23.6,Somerset,T Banton,TB Abell,SR Harmer,0,0,,,,,,"",""
ball,4,24.1,Somerset,TB Abell,T Banton,CAK Rajitha,0,0,,,,,,"",""
ball,4,24.2,Somerset,TB Abell,T Banton,CAK Rajitha,0,0,,,,,,"",""
ball,4,24.3,Somerset,TB Abell,T Banton,CAK Rajitha,0,0,,,,,,"",""
ball,4,24.4,Somerset,TB Abell,T Banton,CAK Rajitha,0,0,,,,,,"",""
ball,4,24.5,Somerset,TB Abell,T Banton,CAK Rajitha,0,0,,,,,,"",""
ball,4,24.6,Somerset,TB Abell,T Banton,CAK Rajitha,0,0,,,,,,"",""
ball,4,25.1,Somerset,T Banton,TB Abell,SR Harmer,0,0,,,,,,"",""
ball,4,25.2,Somerset,T Banton,TB Abell,SR Harmer,0,0,,,,,,"",""
ball,4,25.3,Somerset,T Banton,TB Abell,SR Harmer,0,0,,,,,,"",""
ball,4,25.4,Somerset,T Banton,TB Abell,SR Harmer,1,0,,,,,,"",""
ball,4,25.5,Somerset,TB Abell,T Banton,SR Harmer,0,0,,,,,,"",""
ball,4,25.6,Somerset,TB Abell,T Banton,SR Harmer,0,0,,,,,,"",""
ball,4,26.1,Somerset,T Banton,TB Abell,CAK Rajitha,0,0,,,,,,"",""
ball,4,26.2,Somerset,T Banton,TB Abell,CAK Rajitha,1,0,,,,,,"",""
ball,4,26.3,Somerset,TB Abell,T Banton,CAK Rajitha,3,0,,,,,,"",""
ball,4,26.4,Somerset,T Banton,TB Abell,CAK Rajitha,1,0,,,,,,"",""
ball,4,26.5,Somerset,TB Abell,T Banton,CAK Rajitha,2,0,,,,,,"",""
ball,4,26.6,Somerset,TB Abell,T Banton,CAK Rajitha,1,0,,,,,,"",""
ball,4,27.1,Somerset,TB Abell,T Banton,SR Harmer,0,0,,,,,,"",""
ball,4,27.2,Somerset,TB Abell,T Banton,SR Harmer,0,0,,,,,,bowled,TB Abell
ball,4,27.3,Somerset,JEK Rew,T Banton,SR Harmer,1,0,,,,,,"",""
ball,4,27.4,Somerset,T Banton,JEK Rew,SR Harmer,0,0,,,,,,"",""
ball,4,27.5,Somerset,T Banton,JEK Rew,SR Harmer,0,0,,,,,,"",""
ball,4,27.6,Somerset,T Banton,JEK Rew,SR Harmer,1,0,,,,,,"",""
ball,4,28.1,Somerset,T Banton,JEK Rew,SJ Cook,0,0,,,,,,"",""
ball,4,28.2,Somerset,T Banton,JEK Rew,SJ Cook,0,0,,,,,,"",""
ball,4,28.3,Somerset,T Banton,JEK Rew,SJ Cook,1,0,,,,,,"",""
ball,4,28.4,Somerset,JEK Rew,T Banton,SJ Cook,0,0,,,,,,"",""
ball,4,28.5,Somerset,JEK Rew,T Banton,SJ Cook,0,0,,,,,,"",""
ball,4,28.6,Somerset,JEK Rew,T Banton,SJ Cook,0,0,,,,,,"",""
ball,4,29.1,Somerset,T Banton,JEK Rew,SR Harmer,4,0,,,,,,"",""
ball,4,29.2,Somerset,T Banton,JEK Rew,SR Harmer,0,0,,,,,,caught,T Banton
ball,4,29.3,Somerset,L Gregory,JEK Rew,SR Harmer,0,0,,,,,,"",""
ball,4,29.4,Somerset,L Gregory,JEK Rew,SR Harmer,0,0,,,,,,"",""
ball,4,29.5,Somerset,L Gregory,JEK Rew,SR Harmer,0,0,,,,,,"",""
ball,4,29.6,Somerset,L Gregory,JEK Rew,SR Harmer,0,0,,,,,,"",""
ball,4,30.1,Somerset,JEK Rew,L Gregory,SJ Cook,1,0,,,,,,"",""
ball,4,30.2,Somerset,L Gregory,JEK Rew,SJ Cook,0,0,,,,,,"",""
ball,4,30.3,Somerset,L Gregory,JEK Rew,SJ Cook,0,0,,,,,,"",""
ball,4,30.4,Somerset,L Gregory,JEK Rew,SJ Cook,0,0,,,,,,"",""
ball,4,30.5,Somerset,L Gregory,JEK Rew,SJ Cook,0,0,,,,,,"",""
ball,4,30.6,Somerset,L Gregory,JEK Rew,SJ Cook,1,0,,,,,,"",""
ball,4,31.1,Somerset,L Gregory,JEK Rew,SR Harmer,1,0,,,,,,"",""
ball,4,31.2,Somerset,JEK Rew,L Gregory,SR Harmer,1,0,,,,,,"",""
ball,4,31.3,Somerset,L Gregory,JEK Rew,SR Harmer,1,0,,,,,,"",""
ball,4,31.4,Somerset,JEK Rew,L Gregory,SR Harmer,0,0,,,,,,"",""
ball,4,31.5,Somerset,JEK Rew,L Gregory,SR Harmer,0,0,,,,,,"",""
ball,4,31.6,Somerset,JEK Rew,L Gregory,SR Harmer,0,0,,,,,,"",""
ball,4,32.1,Somerset,L Gregory,JEK Rew,SJ Cook,0,0,,,,,,"",""
ball,4,32.2,Somerset,L Gregory,JEK Rew,SJ Cook,2,0,,,,,,"",""
ball,4,32.3,Somerset,L Gregory,JEK Rew,SJ Cook,0,0,,,,,,"",""
ball,4,32.4,Somerset,L Gregory,JEK Rew,SJ Cook,1,0,,,,,,"",""
ball,4,32.5,Somerset,JEK Rew,L Gregory,SJ Cook,0,0,,,,,,"",""
ball,4,32.6,Somerset,JEK Rew,L Gregory,SJ Cook,0,0,,,,,,"",""
ball,4,33.1,Somerset,L Gregory,JEK Rew,SR Harmer,0,0,,,,,,"",""
ball,4,33.2,Somerset,L Gregory,JEK Rew,SR Harmer,4,0,,,,,,"",""
ball,4,33.3,Somerset,L Gregory,JEK Rew,SR Harmer,0,0,,,,,,"",""
ball,4,33.4,Somerset,L Gregory,JEK Rew,SR Harmer,0,0,,,,,,"",""
ball,4,33.5,Somerset,L Gregory,JEK Rew,SR Harmer,0,0,,,,,,"",""
ball,4,33.6,Somerset,L Gregory,JEK Rew,SR Harmer,0,0,,,,,,"",""
ball,4,34.1,Somerset,JEK Rew,L Gregory,SJ Cook,0,0,,,,,,"",""
ball,4,34.2,Somerset,JEK Rew,L Gregory,SJ Cook,0,0,,,,,,"",""
ball,4,34.3,Somerset,JEK Rew,L Gregory,SJ Cook,0,0,,,,,,"",""
ball,4,34.4,Somerset,JEK Rew,L Gregory,SJ Cook,0,0,,,,,,"",""
ball,4,34.5,Somerset,JEK Rew,L Gregory,SJ Cook,0,0,,,,,,"",""
ball,4,34.6,Somerset,JEK Rew,L Gregory,SJ Cook,0,0,,,,,,"",""
ball,4,35.1,Somerset,L Gregory,JEK Rew,SR Harmer,0,0,,,,,,"",""
ball,4,35.2,Somerset,L Gregory,JEK Rew,SR Harmer,0,0,,,,,,"",""
ball,4,35.3,Somerset,L Gregory,JEK Rew,SR Harmer,0,0,,,,,,"",""
ball,4,35.4,Somerset,L Gregory,JEK Rew,SR Harmer,0,0,,,,,,"",""
ball,4,35.5,Somerset,L Gregory,JEK Rew,SR Harmer,1,0,,,,,,"",""
ball,4,35.6,Somerset,JEK Rew,L Gregory,SR Harmer,0,0,,,,,,"",""
ball,4,36.1,Somerset,L Gregory,JEK Rew,JA Porter,0,0,,,,,,"",""
ball,4,36.2,Somerset,L Gregory,JEK Rew,JA Porter,0,0,,,,,,"",""
ball,4,36.3,Somerset,L Gregory,JEK Rew,JA Porter,1,0,,,,,,"",""
ball,4,36.4,Somerset,JEK Rew,L Gregory,JA Porter,0,0,,,,,,"",""
ball,4,36.5,Somerset,JEK Rew,L Gregory,JA Porter,4,0,,,,,,"",""
ball,4,36.6,Somerset,JEK Rew,L Gregory,JA Porter,4,0,,,,,,"",""
ball,4,37.1,Somerset,L Gregory,JEK Rew,SR Harmer,4,0,,,,,,"",""
ball,4,37.2,Somerset,L Gregory,JEK Rew,SR Harmer,0,0,,,,,,"",""
ball,4,37.3,Somerset,L Gregory,JEK Rew,SR Harmer,0,0,,,,,,"",""
ball,4,37.4,Somerset,L Gregory,JEK Rew,SR Harmer,4,0,,,,,,"",""
ball,4,37.5,Somerset,L Gregory,JEK Rew,SR Harmer,0,0,,,,,,"",""
ball,4,37.6,Somerset,L Gregory,JEK Rew,SR Harmer,0,0,,,,,,"",""
ball,4,38.1,Somerset,JEK Rew,L Gregory,JA Porter,0,0,,,,,,"",""
ball,4,38.2,Somerset,JEK Rew,L Gregory,JA Porter,0,0,,,,,,"",""
ball,4,38.3,Somerset,JEK Rew,L Gregory,JA Porter,0,0,,,,,,"",""
ball,4,38.4,Somerset,JEK Rew,L Gregory,JA Porter,0,0,,,,,,"",""
ball,4,38.5,Somerset,JEK Rew,L Gregory,JA Porter,4,0,,,,,,"",""
ball,4,38.6,Somerset,JEK Rew,L Gregory,JA Porter,0,0,,,,,,"",""
ball,4,39.1,Somerset,L Gregory,JEK Rew,SR Harmer,0,0,,,,,,"",""
ball,4,39.2,Somerset,L Gregory,JEK Rew,SR Harmer,0,0,,,,,,"",""
ball,4,39.3,Somerset,L Gregory,JEK Rew,SR Harmer,0,0,,,,,,"",""
ball,4,39.4,Somerset,L Gregory,JEK Rew,SR Harmer,0,0,,,,,,"",""
ball,4,39.5,Somerset,L Gregory,JEK Rew,SR Harmer,1,0,,,,,,"",""
ball,4,39.6,Somerset,JEK Rew,L Gregory,SR Harmer,0,0,,,,,,"",""
ball,4,40.1,Somerset,L Gregory,JEK Rew,JA Porter,0,0,,,,,,"",""
ball,4,40.2,Somerset,L Gregory,JEK Rew,JA Porter,0,0,,,,,,"",""
ball,4,40.3,Somerset,L Gregory,JEK Rew,JA Porter,0,0,,,,,,"",""
ball,4,40.4,Somerset,L Gregory,JEK Rew,JA Porter,0,0,,,,,,"",""
ball,4,40.5,Somerset,L Gregory,JEK Rew,JA Porter,0,0,,,,,,"",""
ball,4,40.6,Somerset,L Gregory,JEK Rew,JA Porter,0,0,,,,,,"",""
ball,4,41.1,Somerset,JEK Rew,L Gregory,SR Harmer,0,0,,,,,,"",""
ball,4,41.2,Somerset,JEK Rew,L Gregory,SR Harmer,0,0,,,,,,"",""
ball,4,41.3,Somerset,JEK Rew,L Gregory,SR Harmer,4,0,,,,,,"",""
ball,4,41.4,Somerset,JEK Rew,L Gregory,SR Harmer,4,0,,,,,,"",""
ball,4,41.5,Somerset,JEK Rew,L Gregory,SR Harmer,0,0,,,,,,"",""
ball,4,41.6,Somerset,JEK Rew,L Gregory,SR Harmer,0,0,,,,,,"",""
ball,4,42.1,Somerset,L Gregory,JEK Rew,JA Porter,0,0,,,,,,"",""
ball,4,42.2,Somerset,L Gregory,JEK Rew,JA Porter,4,0,,,,,,"",""
ball,4,42.3,Somerset,L Gregory,JEK Rew,JA Porter,1,0,,,,,,"",""
ball,4,42.4,Somerset,JEK Rew,L Gregory,JA Porter,0,0,,,,,,"",""
ball,4,42.5,Somerset,JEK Rew,L Gregory,JA Porter,0,4,,,4,,,"",""
ball,4,42.6,Somerset,JEK Rew,L Gregory,JA Porter,0,0,,,,,,"",""
ball,4,43.1,Somerset,L Gregory,JEK Rew,SR Harmer,0,4,,,4,,,"",""
ball,4,43.2,Somerset,L Gregory,JEK Rew,SR Harmer,0,0,,,,,,"",""
ball,4,43.3,Somerset,L Gregory,JEK Rew,SR Harmer,0,0,,,,,,"",""
ball,4,43.4,Somerset,L Gregory,JEK Rew,SR Harmer,4,0,,,,,,"",""
ball,4,43.5,Somerset,L Gregory,JEK Rew,SR Harmer,0,0,,,,,,"",""
ball,4,43.6,Somerset,L Gregory,JEK Rew,SR Harmer,1,0,,,,,,"",""
ball,4,44.1,Somerset,L Gregory,JEK Rew,MJJ Critchley,0,0,,,,,,"",""
ball,4,44.2,Somerset,L Gregory,JEK Rew,MJJ Critchley,1,0,,,,,,"",""
ball,4,44.3,Somerset,JEK Rew,L Gregory,MJJ Critchley,0,0,,,,,,"",""
ball,4,44.4,Somerset,JEK Rew,L Gregory,MJJ Critchley,4,0,,,,,,"",""
ball,4,44.5,Somerset,JEK Rew,L Gregory,MJJ Critchley,0,0,,,,,,"",""
ball,4,44.6,Somerset,JEK Rew,L Gregory,MJJ Critchley,0,0,,,,,,"",""
ball,4,45.1,Somerset,L Gregory,JEK Rew,SR Harmer,0,0,,,,,,"",""
ball,4,45.2,Somerset,L Gregory,JEK Rew,SR Harmer,0,0,,,,,,"",""
ball,4,45.3,Somerset,L Gregory,JEK Rew,SR Harmer,0,0,,,,,,"",""
ball,4,45.4,Somerset,L Gregory,JEK Rew,SR Harmer,0,0,,,,,,"",""
ball,4,45.5,Somerset,L Gregory,JEK Rew,SR Harmer,0,0,,,,,,"",""
ball,4,45.6,Somerset,L Gregory,JEK Rew,SR Harmer,1,0,,,,,,"",""
ball,4,46.1,Somerset,L Gregory,JEK Rew,MJJ Critchley,0,0,,,,,,"",""
ball,4,46.2,Somerset,L Gregory,JEK Rew,MJJ Critchley,1,0,,,,,,"",""
ball,4,46.3,Somerset,JEK Rew,L Gregory,MJJ Critchley,1,0,,,,,,"",""
ball,4,46.4,Somerset,L Gregory,JEK Rew,MJJ Critchley,1,0,,,,,,"",""
ball,4,46.5,Somerset,JEK Rew,L Gregory,MJJ Critchley,0,0,,,,,,"",""
ball,4,46.6,Somerset,JEK Rew,L Gregory,MJJ Critchley,0,0,,,,,,"",""
ball,4,47.1,Somerset,L Gregory,JEK Rew,SR Harmer,0,0,,,,,,"",""
ball,4,47.2,Somerset,L Gregory,JEK Rew,SR Harmer,2,0,,,,,,"",""
ball,4,47.3,Somerset,L Gregory,JEK Rew,SR Harmer,1,0,,,,,,"",""
ball,4,47.4,Somerset,JEK Rew,L Gregory,SR Harmer,4,0,,,,,,"",""
ball,4,47.5,Somerset,JEK Rew,L Gregory,SR Harmer,0,0,,,,,,"",""
ball,4,47.6,Somerset,JEK Rew,L Gregory,SR Harmer,0,0,,,,,,"",""
ball,4,48.1,Somerset,L Gregory,JEK Rew,MJJ Critchley,0,0,,,,,,"",""
ball,4,48.2,Somerset,L Gregory,JEK Rew,MJJ Critchley,0,0,,,,,,"",""
ball,4,48.3,Somerset,L Gregory,JEK Rew,MJJ Critchley,1,0,,,,,,"",""
ball,4,48.4,Somerset,JEK Rew,L Gregory,MJJ Critchley,4,0,,,,,,"",""
ball,4,48.5,Somerset,JEK Rew,L Gregory,MJJ Critchley,0,0,,,,,,"",""
ball,4,48.6,Somerset,JEK Rew,L Gregory,MJJ Critchley,0,0,,,,,,"",""
ball,4,49.1,Somerset,L Gregory,JEK Rew,SR Harmer,0,0,,,,,,"",""
ball,4,49.2,Somerset,L Gregory,JEK Rew,SR Harmer,0,0,,,,,,"",""
ball,4,49.3,Somerset,L Gregory,JEK Rew,SR Harmer,0,0,,,,,,"",""
ball,4,49.4,Somerset,L Gregory,JEK Rew,SR Harmer,1,0,,,,,,"",""
ball,4,49.5,Somerset,JEK Rew,L Gregory,SR Harmer,0,0,,,,,,"",""
ball,4,49.6,Somerset,JEK Rew,L Gregory,SR Harmer,0,0,,,,,,"",""
ball,4,50.1,Somerset,L Gregory,JEK Rew,CAK Rajitha,2,0,,,,,,"",""
ball,4,50.2,Somerset,L Gregory,JEK Rew,CAK Rajitha,4,0,,,,,,"",""
ball,4,50.3,Somerset,L Gregory,JEK Rew,CAK Rajitha,0,0,,,,,,"",""
ball,4,50.4,Somerset,L Gregory,JEK Rew,CAK Rajitha,4,0,,,,,,"",""
ball,4,50.5,Somerset,L Gregory,JEK Rew,CAK Rajitha,2,0,,,,,,"",""
ball,4,50.6,Somerset,L Gregory,JEK Rew,CAK Rajitha,0,0,,,,,,"",""
ball,4,51.1,Somerset,JEK Rew,L Gregory,SR Harmer,1,0,,,,,,"",""
ball,4,51.2,Somerset,L Gregory,JEK Rew,SR Harmer,1,0,,,,,,"",""
ball,4,51.3,Somerset,JEK Rew,L Gregory,SR Harmer,0,0,,,,,,"",""
ball,4,51.4,Somerset,JEK Rew,L Gregory,SR Harmer,0,0,,,,,,"",""
ball,4,51.5,Somerset,JEK Rew,L Gregory,SR Harmer,0,0,,,,,,"",""
ball,4,51.6,Somerset,JEK Rew,L Gregory,SR Harmer,0,0,,,,,,"",""
ball,4,52.1,Somerset,L Gregory,JEK Rew,CAK Rajitha,4,0,,,,,,"",""
ball,4,52.2,Somerset,L Gregory,JEK Rew,CAK Rajitha,0,0,,,,,,"",""
ball,4,52.3,Somerset,L Gregory,JEK Rew,CAK Rajitha,0,0,,,,,,"",""
ball,4,52.4,Somerset,L Gregory,JEK Rew,CAK Rajitha,0,0,,,,,,bowled,L Gregory
ball,4,52.5,Somerset,C Overton,JEK Rew,CAK Rajitha,0,0,,,,,,"",""
ball,4,52.6,Somerset,C Overton,JEK Rew,CAK Rajitha,0,0,,,,,,"",""
ball,4,53.1,Somerset,JEK Rew,C Overton,SR Harmer,0,0,,,,,,"",""
ball,4,53.2,Somerset,JEK Rew,C Overton,SR Harmer,0,0,,,,,,"",""
ball,4,53.3,Somerset,JEK Rew,C Overton,SR Harmer,0,0,,,,,,"",""
ball,4,53.4,Somerset,JEK Rew,C Overton,SR Harmer,0,0,,,,,,"",""
ball,4,53.5,Somerset,JEK Rew,C Overton,SR Harmer,2,0,,,,,,"",""
ball,4,53.6,Somerset,JEK Rew,C Overton,SR Harmer,0,0,,,,,,"",""
ball,4,54.1,Somerset,C Overton,JEK Rew,CAK Rajitha,0,0,,,,,,"",""
ball,4,54.2,Somerset,C Overton,JEK Rew,CAK Rajitha,0,0,,,,,,"",""
ball,4,54.3,Somerset,C Overton,JEK Rew,CAK Rajitha,0,0,,,,,,"",""
ball,4,54.4,Somerset,C Overton,JEK Rew,CAK Rajitha,0,0,,,,,,"",""
ball,4,54.5,Somerset,C Overton,JEK Rew,CAK Rajitha,0,0,,,,,,"",""
ball,4,54.6,Somerset,C Overton,JEK Rew,CAK Rajitha,0,0,,,,,,"",""
ball,4,55.1,Somerset,JEK Rew,C Overton,SR Harmer,1,0,,,,,,"",""
ball,4,55.2,Somerset,C Overton,JEK Rew,SR Harmer,0,0,,,,,,"",""
ball,4,55.3,Somerset,C Overton,JEK Rew,SR Harmer,0,0,,,,,,"",""
ball,4,55.4,Somerset,C Overton,JEK Rew,SR Harmer,0,0,,,,,,"",""
ball,4,55.5,Somerset,C Overton,JEK Rew,SR Harmer,1,0,,,,,,"",""
ball,4,55.6,Somerset,JEK Rew,C Overton,SR Harmer,0,0,,,,,,"",""
ball,4,56.1,Somerset,C Overton,JEK Rew,CAK Rajitha,1,0,,,,,,"",""
ball,4,56.2,Somerset,JEK Rew,C Overton,CAK Rajitha,1,0,,,,,,"",""
ball,4,56.3,Somerset,C Overton,JEK Rew,CAK Rajitha,0,0,,,,,,"",""
ball,4,56.4,Somerset,C Overton,JEK Rew,CAK Rajitha,0,0,,,,,,"",""
ball,4,56.5,Somerset,C Overton,JEK Rew,CAK Rajitha,0,0,,,,,,"",""
ball,4,56.6,Somerset,C Overton,JEK Rew,CAK Rajitha,0,0,,,,,,"",""
ball,4,57.1,Somerset,JEK Rew,C Overton,SR Harmer,0,0,,,,,,"",""
ball,4,57.2,Somerset,JEK Rew,C Overton,SR Harmer,0,0,,,,,,"",""
ball,4,57.3,Somerset,JEK Rew,C Overton,SR Harmer,0,0,,,,,,"",""
ball,4,57.4,Somerset,JEK Rew,C Overton,SR Harmer,0,0,,,,,,"",""
ball,4,57.5,Somerset,JEK Rew,C Overton,SR Harmer,0,0,,,,,,"",""
ball,4,57.6,Somerset,JEK Rew,C Overton,SR Harmer,1,0,,,,,,"",""
ball,4,58.1,Somerset,JEK Rew,C Overton,SJ Cook,0,0,,,,,,"",""
ball,4,58.2,Somerset,JEK Rew,C Overton,SJ Cook,0,0,,,,,,"",""
ball,4,58.3,Somerset,JEK Rew,C Overton,SJ Cook,0,0,,,,,,"",""
ball,4,58.4,Somerset,JEK Rew,C Overton,SJ Cook,1,0,,,,,,"",""
ball,4,58.5,Somerset,C Overton,JEK Rew,SJ Cook,1,0,,,,,,"",""
ball,4,58.6,Somerset,JEK Rew,C Overton,SJ Cook,0,0,,,,,,"",""
ball,4,59.1,Somerset,C Overton,JEK Rew,MJJ Critchley,0,0,,,,,,"",""
ball,4,59.2,Somerset,C Overton,JEK Rew,MJJ Critchley,0,0,,,,,,"",""
ball,4,59.3,Somerset,C Overton,JEK Rew,MJJ Critchley,0,0,,,,,,"",""
ball,4,59.4,Somerset,C Overton,JEK Rew,MJJ Critchley,0,0,,,,,,"",""
ball,4,59.5,Somerset,C Overton,JEK Rew,MJJ Critchley,0,5,,,,,5,"",""
ball,4,59.6,Somerset,C Overton,JEK Rew,MJJ Critchley,0,0,,,,,,"",""
ball,4,60.1,Somerset,JEK Rew,C Overton,SJ Cook,0,0,,,,,,"",""
ball,4,60.2,Somerset,JEK Rew,C Overton,SJ Cook,0,0,,,,,,"",""
ball,4,60.3,Somerset,JEK Rew,C Overton,SJ Cook,0,0,,,,,,"",""
ball,4,60.4,Somerset,JEK Rew,C Overton,SJ Cook,0,0,,,,,,"",""
ball,4,60.5,Somerset,JEK Rew,C Overton,SJ Cook,0,0,,,,,,"",""
ball,4,60.6,Somerset,JEK Rew,C Overton,SJ Cook,1,0,,,,,,"",""
ball,4,61.1,Somerset,JEK Rew,C Overton,MJJ Critchley,0,0,,,,,,"",""
ball,4,61.2,Somerset,JEK Rew,C Overton,MJJ Critchley,0,0,,,,,,"",""
ball,4,61.3,Somerset,JEK Rew,C Overton,MJJ Critchley,0,0,,,,,,"",""
ball,4,61.4,Somerset,JEK Rew,C Overton,MJJ Critchley,4,0,,,,,,"",""
ball,4,61.5,Somerset,JEK Rew,C Overton,MJJ Critchley,0,0,,,,,,"",""
ball,4,61.6,Somerset,JEK Rew,C Overton,MJJ Critchley,1,0,,,,,,"",""
ball,4,62.1,Somerset,JEK Rew,C Overton,SJ Cook,0,0,,,,,,"",""
ball,4,62.2,Somerset,JEK Rew,C Overton,SJ Cook,4,0,,,,,,"",""
ball,4,62.3,Somerset,JEK Rew,C Overton,SJ Cook,4,0,,,,,,"",""
ball,4,62.4,Somerset,JEK Rew,C Overton,SJ Cook,0,0,,,,,,"",""
ball,4,62.5,Somerset,JEK Rew,C Overton,SJ Cook,1,0,,,,,,"",""
ball,4,62.6,Somerset,C Overton,JEK Rew,SJ Cook,0,0,,,,,,"",""
ball,4,63.1,Somerset,JEK Rew,C Overton,MJJ Critchley,0,0,,,,,,"",""
ball,4,63.2,Somerset,JEK Rew,C Overton,MJJ Critchley,0,0,,,,,,"",""
ball,4,63.3,Somerset,JEK Rew,C Overton,MJJ Critchley,0,0,,,,,,"",""
ball,4,63.4,Somerset,JEK Rew,C Overton,MJJ Critchley,0,0,,,,,,"",""
ball,4,63.5,Somerset,JEK Rew,C Overton,MJJ Critchley,0,0,,,,,,"",""
ball,4,63.6,Somerset,JEK Rew,C Overton,MJJ Critchley,0,0,,,,,,"",""
ball,4,64.1,Somerset,C Overton,JEK Rew,SJ Cook,0,0,,,,,,"",""
ball,4,64.2,Somerset,C Overton,JEK Rew,SJ Cook,1,0,,,,,,"",""
ball,4,64.3,Somerset,JEK Rew,C Overton,SJ Cook,0,0,,,,,,"",""
ball,4,64.4,Somerset,JEK Rew,C Overton,SJ Cook,0,0,,,,,,"",""
ball,4,64.5,Somerset,JEK Rew,C Overton,SJ Cook,0,0,,,,,,"",""
ball,4,64.6,Somerset,JEK Rew,C Overton,SJ Cook,0,0,,,,,,"",""
ball,4,65.1,Somerset,C Overton,JEK Rew,SR Harmer,0,0,,,,,,"",""
ball,4,65.2,Somerset,C Overton,JEK Rew,SR Harmer,0,0,,,,,,"",""
ball,4,65.3,Somerset,C Overton,JEK Rew,SR Harmer,0,0,,,,,,"",""
ball,4,65.4,Somerset,C Overton,JEK Rew,SR Harmer,0,0,,,,,,"",""
ball,4,65.5,Somerset,C Overton,JEK Rew,SR Harmer,0,0,,,,,,"",""
ball,4,65.6,Somerset,C Overton,JEK Rew,SR Harmer,0,0,,,,,,"",""
ball,4,66.1,Somerset,JEK Rew,C Overton,SJ Cook,0,0,,,,,,"",""
ball,4,66.2,Somerset,JEK Rew,C Overton,SJ Cook,0,0,,,,,,"",""
ball,4,66.3,Somerset,JEK Rew,C Overton,SJ Cook,2,0,,,,,,"",""
ball,4,66.4,Somerset,JEK Rew,C Overton,SJ Cook,0,0,,,,,,"",""
ball,4,66.5,Somerset,JEK Rew,C Overton,SJ Cook,1,0,,,,,,"",""
ball,4,66.6,Somerset,C Overton,JEK Rew,SJ Cook,0,0,,,,,,"",""
ball,4,67.1,Somerset,JEK Rew,C Overton,SR Harmer,0,0,,,,,,"",""
ball,4,67.2,Somerset,JEK Rew,C Overton,SR Harmer,4,0,,,,,,"",""
ball,4,67.3,Somerset,JEK Rew,C Overton,SR Harmer,0,0,,,,,,"",""
ball,4,67.4,Somerset,JEK Rew,C Overton,SR Harmer,0,0,,,,,,"",""
ball,4,67.5,Somerset,JEK Rew,C Overton,SR Harmer,0,0,,,,,,"",""
ball,4,67.6,Somerset,JEK Rew,C Overton,SR Harmer,0,0,,,,,,"",""
ball,4,68.1,Somerset,C Overton,JEK Rew,SJ Cook,0,0,,,,,,"",""
ball,4,68.2,Somerset,C Overton,JEK Rew,SJ Cook,0,0,,,,,,"",""
ball,4,68.3,Somerset,C Overton,JEK Rew,SJ Cook,1,0,,,,,,"",""
ball,4,68.4,Somerset,JEK Rew,C Overton,SJ Cook,0,0,,,,,,"",""
ball,4,68.5,Somerset,JEK Rew,C Overton,SJ Cook,0,0,,,,,,"",""
ball,4,68.6,Somerset,JEK Rew,C Overton,SJ Cook,1,0,,,,,,"",""
ball,4,69.1,Somerset,JEK Rew,C Overton,SR Harmer,1,0,,,,,,"",""
ball,4,69.2,Somerset,C Overton,JEK Rew,SR Harmer,0,0,,,,,,"",""
ball,4,69.3,Somerset,C Overton,JEK Rew,SR Harmer,1,0,,,,,,"",""
ball,4,69.4,Somerset,JEK Rew,C Overton,SR Harmer,0,0,,,,,,"",""
ball,4,69.5,Somerset,JEK Rew,C Overton,SR Harmer,1,0,,,,,,"",""
ball,4,69.6,Somerset,C Overton,JEK Rew,SR Harmer,0,0,,,,,,"",""
ball,4,70.1,Somerset,JEK Rew,C Overton,SJ Cook,2,0,,,,,,"",""
ball,4,70.2,Somerset,JEK Rew,C Overton,SJ Cook,0,0,,,,,,"",""
ball,4,70.3,Somerset,JEK Rew,C Overton,SJ Cook,0,0,,,,,,"",""
ball,4,70.4,Somerset,JEK Rew,C Overton,SJ Cook,0,0,,,,,,"",""
ball,4,70.5,Somerset,JEK Rew,C Overton,SJ Cook,4,0,,,,,,"",""
ball,4,70.6,Somerset,JEK Rew,C Overton,SJ Cook,4,0,,,,,,"",""
ball,4,71.1,Somerset,C Overton,JEK Rew,SR Harmer,0,0,,,,,,"",""
ball,4,71.2,Somerset,C Overton,JEK Rew,SR Harmer,0,0,,,,,,"",""
ball,4,71.3,Somerset,C Overton,JEK Rew,SR Harmer,1,0,,,,,,"",""
ball,4,71.4,Somerset,JEK Rew,C Overton,SR Harmer,0,0,,,,,,"",""
ball,4,71.5,Somerset,JEK Rew,C Overton,SR Harmer,0,0,,,,,,"",""
ball,4,71.6,Somerset,JEK Rew,C Overton,SR Harmer,0,0,,,,,,"",""
ball,4,72.1,Somerset,C Overton,JEK Rew,SJ Cook,0,0,,,,,,"",""
ball,4,72.2,Somerset,C Overton,JEK Rew,SJ Cook,0,0,,,,,,"",""
ball,4,72.3,Somerset,C Overton,JEK Rew,SJ Cook,0,0,,,,,,"",""
ball,4,72.4,Somerset,C Overton,JEK Rew,SJ Cook,1,0,,,,,,"",""
ball,4,72.5,Somerset,JEK Rew,C Overton,SJ Cook,0,0,,,,,,"",""
ball,4,72.6,Somerset,JEK Rew,C Overton,SJ Cook,0,0,,,,,,"",""
ball,4,73.1,Somerset,C Overton,JEK Rew,SR Harmer,1,0,,,,,,"",""
ball,4,73.2,Somerset,JEK Rew,C Overton,SR Harmer,1,0,,,,,,"",""
ball,4,73.3,Somerset,C Overton,JEK Rew,SR Harmer,0,0,,,,,,"",""
ball,4,73.4,Somerset,C Overton,JEK Rew,SR Harmer,0,0,,,,,,"",""
ball,4,73.5,Somerset,C Overton,JEK Rew,SR Harmer,0,0,,,,,,"",""
ball,4,73.6,Somerset,C Overton,JEK Rew,SR Harmer,0,0,,,,,,"",""
ball,4,74.1,Somerset,JEK Rew,C Overton,CAK Rajitha,1,0,,,,,,"",""
ball,4,74.2,Somerset,C Overton,JEK Rew,CAK Rajitha,0,0,,,,,,"",""
ball,4,74.3,Somerset,C Overton,JEK Rew,CAK Rajitha,0,0,,,,,,"",""
ball,4,74.4,Somerset,C Overton,JEK Rew,CAK Rajitha,2,2,,2,,,,"",""
ball,4,74.5,Somerset,C Overton,JEK Rew,CAK Rajitha,0,0,,,,,,"",""
ball,4,74.6,Somerset,C Overton,JEK Rew,CAK Rajitha,2,0,,,,,,"",""
ball,4,74.7,Somerset,C Overton,JEK Rew,CAK Rajitha,0,0,,,,,,"",""
ball,4,75.1,Somerset,JEK Rew,C Overton,SR Harmer,4,0,,,,,,"",""
ball,4,75.2,Somerset,JEK Rew,C Overton,SR Harmer,1,0,,,,,,"",""
ball,4,75.3,Somerset,C Overton,JEK Rew,SR Harmer,0,0,,,,,,"",""
ball,4,75.4,Somerset,C Overton,JEK Rew,SR Harmer,0,0,,,,,,"",""
ball,4,75.5,Somerset,C Overton,JEK Rew,SR Harmer,0,0,,,,,,"",""
ball,4,75.6,Somerset,C Overton,JEK Rew,SR Harmer,0,0,,,,,,"",""
ball,4,76.1,Somerset,JEK Rew,C Overton,CAK Rajitha,4,0,,,,,,"",""
ball,4,76.2,Somerset,JEK Rew,C Overton,CAK Rajitha,0,0,,,,,,"",""
ball,4,76.3,Somerset,JEK Rew,C Overton,CAK Rajitha,0,0,,,,,,"",""
ball,4,76.4,Somerset,JEK Rew,C Overton,CAK Rajitha,0,0,,,,,,"",""
ball,4,76.5,Somerset,JEK Rew,C Overton,CAK Rajitha,2,0,,,,,,"",""
ball,4,76.6,Somerset,JEK Rew,C Overton,CAK Rajitha,0,0,,,,,,"",""
ball,4,77.1,Somerset,C Overton,JEK Rew,SR Harmer,0,0,,,,,,"",""
ball,4,77.2,Somerset,C Overton,JEK Rew,SR Harmer,0,0,,,,,,"",""
ball,4,77.3,Somerset,C Overton,JEK Rew,SR Harmer,1,0,,,,,,"",""
ball,4,77.4,Somerset,JEK Rew,C Overton,SR Harmer,0,0,,,,,,"",""
ball,4,77.5,Somerset,JEK Rew,C Overton,SR Harmer,0,0,,,,,,"",""
ball,4,77.6,Somerset,JEK Rew,C Overton,SR Harmer,0,0,,,,,,"",""
ball,4,78.1,Somerset,C Overton,JEK Rew,CAK Rajitha,0,0,,,,,,"",""
ball,4,78.2,Somerset,C Overton,JEK Rew,CAK Rajitha,0,0,,,,,,"",""
ball,4,78.3,Somerset,C Overton,JEK Rew,CAK Rajitha,1,0,,,,,,"",""
ball,4,78.4,Somerset,JEK Rew,C Overton,CAK Rajitha,0,0,,,,,,"",""
ball,4,78.5,Somerset,JEK Rew,C Overton,CAK Rajitha,1,0,,,,,,"",""
ball,4,78.6,Somerset,C Overton,JEK Rew,CAK Rajitha,0,0,,,,,,"",""
ball,4,79.1,Somerset,JEK Rew,C Overton,SR Harmer,0,0,,,,,,"",""
ball,4,79.2,Somerset,JEK Rew,C Overton,SR Harmer,1,0,,,,,,"",""
ball,4,79.3,Somerset,C Overton,JEK Rew,SR Harmer,1,0,,,,,,"",""
ball,4,79.4,Somerset,JEK Rew,C Overton,SR Harmer,0,0,,,,,,"",""
ball,4,79.5,Somerset,JEK Rew,C Overton,SR Harmer,0,0,,,,,,"",""
ball,4,79.6,Somerset,JEK Rew,C Overton,SR Harmer,0,0,,,,,,"",""
ball,4,80.1,Somerset,C Overton,JEK Rew,SJ Cook,0,0,,,,,,"",""
ball,4,80.2,Somerset,C Overton,JEK Rew,SJ Cook,0,0,,,,,,"",""
ball,4,80.3,Somerset,C Overton,JEK Rew,SJ Cook,0,4,,,,4,,"",""
ball,4,80.4,Somerset,C Overton,JEK Rew,SJ Cook,0,0,,,,,,"",""
ball,4,80.5,Somerset,C Overton,JEK Rew,SJ Cook,1,0,,,,,,"",""
ball,4,80.6,Somerset,JEK Rew,C Overton,SJ Cook,0,0,,,,,,"",""
ball,4,81.1,Somerset,C Overton,JEK Rew,JA Porter,1,0,,,,,,"",""
ball,4,81.2,Somerset,JEK Rew,C Overton,JA Porter,0,0,,,,,,"",""
ball,4,81.3,Somerset,JEK Rew,C Overton,JA Porter,0,0,,,,,,"",""
ball,4,81.4,Somerset,JEK Rew,C Overton,JA Porter,4,0,,,,,,"",""
ball,4,81.5,Somerset,JEK Rew,C Overton,JA Porter,0,0,,,,,,"",""
ball,4,81.6,Somerset,JEK Rew,C Overton,JA Porter,1,0,,,,,,"",""
ball,4,82.1,Somerset,JEK Rew,C Overton,SJ Cook,1,0,,,,,,"",""
ball,4,82.2,Somerset,C Overton,JEK Rew,SJ Cook,0,0,,,,,,"",""
ball,4,82.3,Somerset,C Overton,JEK Rew,SJ Cook,2,0,,,,,,"",""
ball,4,82.4,Somerset,C Overton,JEK Rew,SJ Cook,0,0,,,,,,"",""
ball,4,82.5,Somerset,C Overton,JEK Rew,SJ Cook,0,0,,,,,,"",""
ball,4,82.6,Somerset,C Overton,JEK Rew,SJ Cook,0,0,,,,,,"",""
ball,4,83.1,Somerset,JEK Rew,C Overton,JA Porter,0,0,,,,,,"",""
ball,4,83.2,Somerset,JEK Rew,C Overton,JA Porter,2,0,,,,,,"",""
ball,4,83.3,Somerset,JEK Rew,C Overton,JA Porter,0,0,,,,,,"",""
ball,4,83.4,Somerset,JEK Rew,C Overton,JA Porter,0,0,,,,,,"",""
ball,4,83.5,Somerset,JEK Rew,C Overton,JA Porter,1,0,,,,,,"",""
ball,4,83.6,Somerset,C Overton,JEK Rew,JA Porter,1,0,,,,,,"",""
ball,4,84.1,Somerset,C Overton,JEK Rew,SJ Cook,2,0,,,,,,"",""
ball,4,84.2,Somerset,C Overton,JEK Rew,SJ Cook,0,0,,,,,,"",""
ball,4,84.3,Somerset,C Overton,JEK Rew,SJ Cook,0,0,,,,,,"",""
ball,4,84.4,Somerset,C Overton,JEK Rew,SJ Cook,0,0,,,,,,"",""
ball,4,84.5,Somerset,C Overton,JEK Rew,SJ Cook,0,0,,,,,,"",""
ball,4,84.6,Somerset,C Overton,JEK Rew,SJ Cook,1,0,,,,,,"",""
ball,4,85.1,Somerset,C Overton,JEK Rew,SR Harmer,1,0,,,,,,"",""
ball,4,85.2,Somerset,JEK Rew,C Overton,SR Harmer,0,0,,,,,,"",""
ball,4,85.3,Somerset,JEK Rew,C Overton,SR Harmer,0,0,,,,,,"",""
ball,4,85.4,Somerset,JEK Rew,C Overton,SR Harmer,0,0,,,,,,"",""
ball,4,85.5,Somerset,JEK Rew,C Overton,SR Harmer,0,0,,,,,,"",""
ball,4,85.6,Somerset,JEK Rew,C Overton,SR Harmer,0,0,,,,,,"",""
ball,4,86.1,Somerset,C Overton,JEK Rew,SJ Cook,1,0,,,,,,"",""
ball,4,86.2,Somerset,JEK Rew,C Overton,SJ Cook,1,0,,,,,,"",""
ball,4,86.3,Somerset,C Overton,JEK Rew,SJ Cook,1,0,,,,,,"",""
ball,4,86.4,Somerset,JEK Rew,C Overton,SJ Cook,0,0,,,,,,"",""
ball,4,86.5,Somerset,JEK Rew,C Overton,SJ Cook,0,0,,,,,,"",""
ball,4,86.6,Somerset,JEK Rew,C Overton,SJ Cook,0,0,,,,,,"",""
ball,4,87.1,Somerset,C Overton,JEK Rew,SR Harmer,4,0,,,,,,"",""
ball,4,87.2,Somerset,C Overton,JEK Rew,SR Harmer,0,0,,,,,,"",""
ball,4,87.3,Somerset,C Overton,JEK Rew,SR Harmer,0,0,,,,,,"",""
ball,4,87.4,Somerset,C Overton,JEK Rew,SR Harmer,0,0,,,,,,"",""
ball,4,87.5,Somerset,C Overton,JEK Rew,SR Harmer,0,0,,,,,,"",""
ball,4,87.6,Somerset,C Overton,JEK Rew,SR Harmer,1,0,,,,,,"",""
ball,4,88.1,Somerset,C Overton,JEK Rew,CAK Rajitha,1,0,,,,,,"",""
ball,4,88.2,Somerset,JEK Rew,C Overton,CAK Rajitha,0,0,,,,,,"",""
ball,4,88.3,Somerset,JEK Rew,C Overton,CAK Rajitha,0,0,,,,,,"",""
ball,4,88.4,Somerset,JEK Rew,C Overton,CAK Rajitha,1,2,,2,,,,"",""
ball,4,88.5,Somerset,C Overton,JEK Rew,CAK Rajitha,0,0,,,,,,"",""
ball,4,88.6,Somerset,C Overton,JEK Rew,CAK Rajitha,0,0,,,,,,"",""
ball,4,88.7,Somerset,C Overton,JEK Rew,CAK Rajitha,1,0,,,,,,"",""
ball,4,89.1,Somerset,C Overton,JEK Rew,SR Harmer,3,0,,,,,,"",""
ball,4,89.2,Somerset,JEK Rew,C Overton,SR Harmer,2,0,,,,,,"",""
ball,4,89.3,Somerset,JEK Rew,C Overton,SR Harmer,0,0,,,,,,"",""
ball,4,89.4,Somerset,JEK Rew,C Overton,SR Harmer,1,0,,,,,,"",""
ball,4,89.5,Somerset,C Overton,JEK Rew,SR Harmer,0,0,,,,,,"",""
ball,4,89.6,Somerset,C Overton,JEK Rew,SR Harmer,4,0,,,,,,"",""
ball,4,90.1,Somerset,JEK Rew,C Overton,CAK Rajitha,0,0,,,,,,"",""
ball,4,90.2,Somerset,JEK Rew,C Overton,CAK Rajitha,4,0,,,,,,"",""
ball,4,90.3,Somerset,JEK Rew,C Overton,CAK Rajitha,4,0,,,,,,"",""
ball,4,90.4,Somerset,JEK Rew,C Overton,CAK Rajitha,0,0,,,,,,"",""
ball,4,90.5,Somerset,JEK Rew,C Overton,CAK Rajitha,1,0,,,,,,"",""
ball,4,90.6,Somerset,C Overton,JEK Rew,CAK Rajitha,0,0,,,,,,"",""
ball,4,91.1,Somerset,JEK Rew,C Overton,SR Harmer,0,0,,,,,,"",""
ball,4,91.2,Somerset,JEK Rew,C Overton,SR Harmer,0,0,,,,,,"",""
ball,4,91.3,Somerset,JEK Rew,C Overton,SR Harmer,0,0,,,,,,"",""
ball,4,91.4,Somerset,JEK Rew,C Overton,SR Harmer,0,0,,,,,,"",""
ball,4,91.5,Somerset,JEK Rew,C Overton,SR Harmer,0,0,,,,,,lbw,JEK Rew
ball,4,91.6,Somerset,M Pretorius,C Overton,SR Harmer,0,0,,,,,,"",""
ball,4,92.1,Somerset,C Overton,M Pretorius,CAK Rajitha,1,0,,,,,,"",""
ball,4,92.2,Somerset,M Pretorius,C Overton,CAK Rajitha,1,0,,,,,,"",""
ball,4,92.3,Somerset,C Overton,M Pretorius,CAK Rajitha,1,0,,,,,,"",""
ball,4,92.4,Somerset,M Pretorius,C Overton,CAK Rajitha,0,0,,,,,,"",""
ball,4,92.5,Somerset,M Pretorius,C Overton,CAK Rajitha,0,0,,,,,,"",""
ball,4,92.6,Somerset,M Pretorius,C Overton,CAK Rajitha,0,0,,,,,,"",""
ball,4,93.1,Somerset,C Overton,M Pretorius,SR Harmer,0,0,,,,,,"",""
ball,4,93.2,Somerset,C Overton,M Pretorius,SR Harmer,4,0,,,,,,"",""
ball,4,93.3,Somerset,C Overton,M Pretorius,SR Harmer,0,0,,,,,,"",""
ball,4,93.4,Somerset,C Overton,M Pretorius,SR Harmer,6,0,,,,,,"",""
