version,1.7.0
info,balls_per_over,6
info,team,Sussex
info,team,Surrey
info,gender,male
info,season,2025
info,date,2025/04/18
info,date,2025/04/19
info,date,2025/04/20
info,date,2025/04/21
info,event,County Championship
info,match_number,11
info,venue,"County Ground, Hove"
info,city,Brighton
info,toss_winner,Sussex
info,toss_decision,bat
info,umpire,BJ Debenham
info,umpire,PR Pollard
info,match_referee,Wayne Noon
info,outcome,draw
info,player,Sussex,DP Hughes
info,player,Sussex,TJ Haines
info,player,Sussex,TGR Clark
info,player,Sussex,TP Alsop
info,player,Sussex,JM Coles
info,player,Sussex,JA Simpson
info,player,Sussex,FJ Hudson-Prentice
info,player,Sussex,DJ Lamb
info,player,Sussex,JJ Carson
info,player,Sussex,OE Robinson
info,player,Sussex,JNT Seales
info,player,Surrey,RJ Burns
info,player,Surrey,DP Sibley
info,player,Surrey,OJ Pope
info,player,Surrey,DW Lawrence
info,player,Surrey,BT Foakes
info,player,Surrey,RS Patel
info,player,Surrey,OFM Sykes
info,player,Surrey,J Clark
info,player,Surrey,AAP Atkinson
info,player,Surrey,MD Fisher
info,player,Surrey,DJ Worrall
info,registry,people,AAP Atkinson,70d57519
info,registry,people,BJ Debenham,524a3a82
info,registry,people,BT Foakes,fd770945
info,registry,people,DJ Lamb,27c5a793
info,registry,people,DJ Worrall,208f22ea
info,registry,people,DP Hughes,f3982af9
info,registry,people,DP Sibley,97e434a6
info,registry,people,DW Lawrence,4b685e2d
info,registry,people,FJ Hudson-Prentice,932d3cc9
info,registry,people,J Clark,c672e80e
info,registry,people,JA Simpson,f05fe9b1
info,registry,people,JJ Carson,344c6d55
info,registry,people,JM Coles,9c643d7b
info,registry,people,JNT Seales,ded9ff1e
info,registry,people,MD Fisher,8f2dfebf
info,registry,people,OE Robinson,0f3ee070
info,registry,people,OFM Sykes,0bde8443
info,registry,people,OJ Pope,e94bc520
info,registry,people,PR Pollard,85d884bb
info,registry,people,RJ Burns,29e8a62e
info,registry,people,RS Patel,97905e64
info,registry,people,TGR Clark,ed8faea2
info,registry,people,TJ Haines,bdadcca1
info,registry,people,TP Alsop,961b8ff1
info,registry,people,Wayne Noon,736e1761
ball,1,0.1,Sussex,DP Hughes,TJ Haines,DJ Worrall,0,0,,,,,,"",""
ball,1,0.2,Sussex,DP Hughes,TJ Haines,DJ Worrall,0,0,,,,,,"",""
ball,1,0.3,Sussex,DP Hughes,TJ Haines,DJ Worrall,0,0,,,,,,"",""
ball,1,0.4,Sussex,DP Hughes,TJ Haines,DJ Worrall,0,0,,,,,,"",""
ball,1,0.5,Sussex,DP Hughes,TJ Haines,DJ Worrall,0,0,,,,,,"",""
ball,1,0.6,Sussex,DP Hughes,TJ Haines,DJ Worrall,2,0,,,,,,"",""
ball,1,1.1,Sussex,TJ Haines,DP Hughes,J Clark,0,0,,,,,,"",""
ball,1,1.2,Sussex,TJ Haines,DP Hughes,J Clark,0,0,,,,,,"",""
ball,1,1.3,Sussex,TJ Haines,DP Hughes,J Clark,0,0,,,,,,"",""
ball,1,1.4,Sussex,TJ Haines,DP Hughes,J Clark,0,0,,,,,,"",""
ball,1,1.5,Sussex,TJ Haines,DP Hughes,J Clark,1,0,,,,,,"",""
ball,1,1.6,Sussex,DP Hughes,TJ Haines,J Clark,0,0,,,,,,"",""
ball,1,2.1,Sussex,TJ Haines,DP Hughes,DJ Worrall,1,0,,,,,,"",""
ball,1,2.2,Sussex,DP Hughes,TJ Haines,DJ Worrall,4,0,,,,,,"",""
ball,1,2.3,Sussex,DP Hughes,TJ Haines,DJ Worrall,0,0,,,,,,"",""
ball,1,2.4,Sussex,DP Hughes,TJ Haines,DJ Worrall,0,0,,,,,,"",""
ball,1,2.5,Sussex,DP Hughes,TJ Haines,DJ Worrall,4,0,,,,,,"",""
ball,1,2.6,Sussex,DP Hughes,TJ Haines,DJ Worrall,4,0,,,,,,"",""
ball,1,3.1,Sussex,TJ Haines,DP Hughes,J Clark,0,0,,,,,,"",""
ball,1,3.2,Sussex,TJ Haines,DP Hughes,J Clark,1,0,,,,,,"",""
ball,1,3.3,Sussex,DP Hughes,TJ Haines,J Clark,0,2,,2,,,,"",""
ball,1,3.4,Sussex,DP Hughes,TJ Haines,J Clark,0,0,,,,,,"",""
ball,1,3.5,Sussex,DP Hughes,TJ Haines,J Clark,1,0,,,,,,"",""
ball,1,3.6,Sussex,TJ Haines,DP Hughes,J Clark,4,0,,,,,,"",""
ball,1,3.7,Sussex,TJ Haines,DP Hughes,J Clark,0,0,,,,,,"",""
ball,1,4.1,Sussex,DP Hughes,TJ Haines,DJ Worrall,2,0,,,,,,"",""
ball,1,4.2,Sussex,DP Hughes,TJ Haines,DJ Worrall,0,0,,,,,,"",""
ball,1,4.3,Sussex,DP Hughes,TJ Haines,DJ Worrall,4,0,,,,,,"",""
ball,1,4.4,Sussex,DP Hughes,TJ Haines,DJ Worrall,4,0,,,,,,"",""
ball,1,4.5,Sussex,DP Hughes,TJ Haines,DJ Worrall,2,0,,,,,,"",""
ball,1,4.6,Sussex,DP Hughes,TJ Haines,DJ Worrall,0,0,,,,,,"",""
ball,1,5.1,Sussex,TJ Haines,DP Hughes,J Clark,0,0,,,,,,"",""
ball,1,5.2,Sussex,TJ Haines,DP Hughes,J Clark,0,0,,,,,,"",""
ball,1,5.3,Sussex,TJ Haines,DP Hughes,J Clark,0,0,,,,,,"",""
ball,1,5.4,Sussex,TJ Haines,DP Hughes,J Clark,1,0,,,,,,"",""
ball,1,5.5,Sussex,DP Hughes,TJ Haines,J Clark,0,0,,,,,,"",""
ball,1,5.6,Sussex,DP Hughes,TJ Haines,J Clark,0,0,,,,,,"",""
ball,1,6.1,Sussex,TJ Haines,DP Hughes,AAP Atkinson,0,0,,,,,,"",""
ball,1,6.2,Sussex,TJ Haines,DP Hughes,AAP Atkinson,0,0,,,,,,"",""
ball,1,6.3,Sussex,TJ Haines,DP Hughes,AAP Atkinson,1,0,,,,,,"",""
ball,1,6.4,Sussex,DP Hughes,TJ Haines,AAP Atkinson,0,0,,,,,,"",""
ball,1,6.5,Sussex,DP Hughes,TJ Haines,AAP Atkinson,0,0,,,,,,"",""
ball,1,6.6,Sussex,DP Hughes,TJ Haines,AAP Atkinson,4,0,,,,,,"",""
ball,1,7.1,Sussex,TJ Haines,DP Hughes,J Clark,0,0,,,,,,"",""
ball,1,7.2,Sussex,TJ Haines,DP Hughes,J Clark,1,0,,,,,,"",""
ball,1,7.3,Sussex,DP Hughes,TJ Haines,J Clark,0,0,,,,,,"",""
ball,1,7.4,Sussex,DP Hughes,TJ Haines,J Clark,0,0,,,,,,"",""
ball,1,7.5,Sussex,DP Hughes,TJ Haines,J Clark,0,0,,,,,,"",""
ball,1,7.6,Sussex,DP Hughes,TJ Haines,J Clark,1,0,,,,,,"",""
ball,1,8.1,Sussex,DP Hughes,TJ Haines,AAP Atkinson,0,0,,,,,,"",""
ball,1,8.2,Sussex,DP Hughes,TJ Haines,AAP Atkinson,0,0,,,,,,"",""
ball,1,8.3,Sussex,DP Hughes,TJ Haines,AAP Atkinson,4,0,,,,,,"",""
ball,1,8.4,Sussex,DP Hughes,TJ Haines,AAP Atkinson,0,0,,,,,,"",""
ball,1,8.5,Sussex,DP Hughes,TJ Haines,AAP Atkinson,0,0,,,,,,"",""
ball,1,8.6,Sussex,DP Hughes,TJ Haines,AAP Atkinson,0,1,,,,1,,"",""
ball,1,9.1,Sussex,DP Hughes,TJ Haines,J Clark,4,0,,,,,,"",""
ball,1,9.2,Sussex,DP Hughes,TJ Haines,J Clark,0,0,,,,,,"",""
ball,1,9.3,Sussex,DP Hughes,TJ Haines,J Clark,1,0,,,,,,"",""
ball,1,9.4,Sussex,TJ Haines,DP Hughes,J Clark,4,2,,2,,,,"",""
ball,1,9.5,Sussex,TJ Haines,DP Hughes,J Clark,0,0,,,,,,"",""
ball,1,9.6,Sussex,TJ Haines,DP Hughes,J Clark,1,0,,,,,,"",""
ball,1,9.7,Sussex,DP Hughes,TJ Haines,J Clark,0,0,,,,,,"",""
ball,1,10.1,Sussex,TJ Haines,DP Hughes,AAP Atkinson,1,0,,,,,,"",""
ball,1,10.2,Sussex,DP Hughes,TJ Haines,AAP Atkinson,0,0,,,,,,"",""
ball,1,10.3,Sussex,DP Hughes,TJ Haines,AAP Atkinson,0,0,,,,,,"",""
ball,1,10.4,Sussex,DP Hughes,TJ Haines,AAP Atkinson,4,0,,,,,,"",""
ball,1,10.5,Sussex,DP Hughes,TJ Haines,AAP Atkinson,1,0,,,,,,"",""
ball,1,10.6,Sussex,TJ Haines,DP Hughes,AAP Atkinson,0,0,,,,,,"",""
ball,1,11.1,Sussex,DP Hughes,TJ Haines,MD Fisher,1,0,,,,,,"",""
ball,1,11.2,Sussex,TJ Haines,DP Hughes,MD Fisher,1,0,,,,,,"",""
ball,1,11.3,Sussex,DP Hughes,TJ Haines,MD Fisher,1,0,,,,,,"",""
ball,1,11.4,Sussex,TJ Haines,DP Hughes,MD Fisher,0,0,,,,,,"",""
ball,1,11.5,Sussex,TJ Haines,DP Hughes,MD Fisher,1,0,,,,,,"",""
ball,1,11.6,Sussex,DP Hughes,TJ Haines,MD Fisher,2,0,,,,,,"",""
ball,1,12.1,Sussex,TJ Haines,DP Hughes,DW Lawrence,0,1,,,1,,,"",""
ball,1,12.2,Sussex,DP Hughes,TJ Haines,DW Lawrence,2,0,,,,,,"",""
ball,1,12.3,Sussex,DP Hughes,TJ Haines,DW Lawrence,0,0,,,,,,"",""
ball,1,12.4,Sussex,DP Hughes,TJ Haines,DW Lawrence,0,0,,,,,,"",""
ball,1,12.5,Sussex,DP Hughes,TJ Haines,DW Lawrence,1,0,,,,,,"",""
ball,1,12.6,Sussex,TJ Haines,DP Hughes,DW Lawrence,1,0,,,,,,"",""
ball,1,13.1,Sussex,TJ Haines,DP Hughes,MD Fisher,0,0,,,,,,"",""
ball,1,13.2,Sussex,TJ Haines,DP Hughes,MD Fisher,0,0,,,,,,"",""
ball,1,13.3,Sussex,TJ Haines,DP Hughes,MD Fisher,1,0,,,,,,"",""
ball,1,13.4,Sussex,DP Hughes,TJ Haines,MD Fisher,0,0,,,,,,"",""
ball,1,13.5,Sussex,DP Hughes,TJ Haines,MD Fisher,1,0,,,,,,"",""
ball,1,13.6,Sussex,TJ Haines,DP Hughes,MD Fisher,0,0,,,,,,"",""
ball,1,14.1,Sussex,DP Hughes,TJ Haines,DW Lawrence,0,0,,,,,,"",""
ball,1,14.2,Sussex,DP Hughes,TJ Haines,DW Lawrence,1,0,,,,,,"",""
ball,1,14.3,Sussex,TJ Haines,DP Hughes,DW Lawrence,1,0,,,,,,"",""
ball,1,14.4,Sussex,DP Hughes,TJ Haines,DW Lawrence,1,0,,,,,,"",""
ball,1,14.5,Sussex,TJ Haines,DP Hughes,DW Lawrence,1,0,,,,,,"",""
ball,1,14.6,Sussex,DP Hughes,TJ Haines,DW Lawrence,0,0,,,,,,"",""
ball,1,15.1,Sussex,TJ Haines,DP Hughes,MD Fisher,0,0,,,,,,"",""
ball,1,15.2,Sussex,TJ Haines,DP Hughes,MD Fisher,0,0,,,,,,"",""
ball,1,15.3,Sussex,TJ Haines,DP Hughes,MD Fisher,0,0,,,,,,"",""
ball,1,15.4,Sussex,TJ Haines,DP Hughes,MD Fisher,0,0,,,,,,"",""
ball,1,15.5,Sussex,TJ Haines,DP Hughes,MD Fisher,1,0,,,,,,"",""
ball,1,15.6,Sussex,DP Hughes,TJ Haines,MD Fisher,4,0,,,,,,"",""
ball,1,16.1,Sussex,TJ Haines,DP Hughes,DW Lawrence,0,0,,,,,,"",""
ball,1,16.2,Sussex,TJ Haines,DP Hughes,DW Lawrence,1,0,,,,,,"",""
ball,1,16.3,Sussex,DP Hughes,TJ Haines,DW Lawrence,1,0,,,,,,"",""
ball,1,16.4,Sussex,TJ Haines,DP Hughes,DW Lawrence,1,0,,,,,,"",""
ball,1,16.5,Sussex,DP Hughes,TJ Haines,DW Lawrence,0,0,,,,,,"",""
ball,1,16.6,Sussex,DP Hughes,TJ Haines,DW Lawrence,0,0,,,,,,"",""
ball,1,17.1,Sussex,TJ Haines,DP Hughes,MD Fisher,0,0,,,,,,"",""
ball,1,17.2,Sussex,TJ Haines,DP Hughes,MD Fisher,0,0,,,,,,"",""
ball,1,17.3,Sussex,TJ Haines,DP Hughes,MD Fisher,1,0,,,,,,"",""
ball,1,17.4,Sussex,DP Hughes,TJ Haines,MD Fisher,0,0,,,,,,"",""
ball,1,17.5,Sussex,DP Hughes,TJ Haines,MD Fisher,0,0,,,,,,"",""
ball,1,17.6,Sussex,DP Hughes,TJ Haines,MD Fisher,0,0,,,,,,"",""
ball,1,18.1,Sussex,TJ Haines,DP Hughes,DW Lawrence,0,0,,,,,,"",""
ball,1,18.2,Sussex,TJ Haines,DP Hughes,DW Lawrence,0,0,,,,,,"",""
ball,1,18.3,Sussex,TJ Haines,DP Hughes,DW Lawrence,0,0,,,,,,"",""
ball,1,18.4,Sussex,TJ Haines,DP Hughes,DW Lawrence,0,0,,,,,,"",""
ball,1,18.5,Sussex,TJ Haines,DP Hughes,DW Lawrence,1,0,,,,,,"",""
ball,1,18.6,Sussex,DP Hughes,TJ Haines,DW Lawrence,1,0,,,,,,"",""
ball,1,19.1,Sussex,DP Hughes,TJ Haines,MD Fisher,0,0,,,,,,"",""
ball,1,19.2,Sussex,DP Hughes,TJ Haines,MD Fisher,0,0,,,,,,"",""
ball,1,19.3,Sussex,DP Hughes,TJ Haines,MD Fisher,0,0,,,,,,caught and bowled,DP Hughes
ball,1,19.4,Sussex,TGR Clark,TJ Haines,MD Fisher,0,0,,,,,,"",""
ball,1,19.5,Sussex,TGR Clark,TJ Haines,MD Fisher,0,0,,,,,,"",""
ball,1,19.6,Sussex,TGR Clark,TJ Haines,MD Fisher,0,0,,,,,,"",""
ball,1,20.1,Sussex,TJ Haines,TGR Clark,DW Lawrence,1,0,,,,,,"",""
ball,1,20.2,Sussex,TGR Clark,TJ Haines,DW Lawrence,0,0,,,,,,"",""
ball,1,20.3,Sussex,TGR Clark,TJ Haines,DW Lawrence,1,0,,,,,,"",""
ball,1,20.4,Sussex,TJ Haines,TGR Clark,DW Lawrence,1,0,,,,,,"",""
ball,1,20.5,Sussex,TGR Clark,TJ Haines,DW Lawrence,1,0,,,,,,"",""
ball,1,20.6,Sussex,TJ Haines,TGR Clark,DW Lawrence,0,0,,,,,,"",""
ball,1,21.1,Sussex,TGR Clark,TJ Haines,MD Fisher,0,0,,,,,,"",""
ball,1,21.2,Sussex,TGR Clark,TJ Haines,MD Fisher,0,0,,,,,,"",""
ball,1,21.3,Sussex,TGR Clark,TJ Haines,MD Fisher,0,0,,,,,,"",""
ball,1,21.4,Sussex,TGR Clark,TJ Haines,MD Fisher,0,0,,,,,,"",""
ball,1,21.5,Sussex,TGR Clark,TJ Haines,MD Fisher,0,0,,,,,,"",""
ball,1,21.6,Sussex,TGR Clark,TJ Haines,MD Fisher,0,0,,,,,,"",""
ball,1,22.1,Sussex,TJ Haines,TGR Clark,DW Lawrence,1,0,,,,,,"",""
ball,1,22.2,Sussex,TGR Clark,TJ Haines,DW Lawrence,0,0,,,,,,"",""
ball,1,22.3,Sussex,TGR Clark,TJ Haines,DW Lawrence,0,2,,2,,,,"",""
ball,1,22.4,Sussex,TGR Clark,TJ Haines,DW Lawrence,0,0,,,,,,lbw,TGR Clark
ball,1,22.5,Sussex,TP Alsop,TJ Haines,DW Lawrence,1,0,,,,,,"",""
ball,1,22.6,Sussex,TJ Haines,TP Alsop,DW Lawrence,0,0,,,,,,"",""
ball,1,22.7,Sussex,TJ Haines,TP Alsop,DW Lawrence,0,0,,,,,,"",""
ball,1,23.1,Sussex,TP Alsop,TJ Haines,MD Fisher,0,0,,,,,,"",""
ball,1,23.2,Sussex,TP Alsop,TJ Haines,MD Fisher,0,0,,,,,,"",""
ball,1,23.3,Sussex,TP Alsop,TJ Haines,MD Fisher,0,0,,,,,,"",""
ball,1,23.4,Sussex,TP Alsop,TJ Haines,MD Fisher,0,0,,,,,,"",""
ball,1,23.5,Sussex,TP Alsop,TJ Haines,MD Fisher,0,0,,,,,,"",""
ball,1,23.6,Sussex,TP Alsop,TJ Haines,MD Fisher,2,0,,,,,,"",""
ball,1,24.1,Sussex,TJ Haines,TP Alsop,DW Lawrence,1,0,,,,,,"",""
ball,1,24.2,Sussex,TP Alsop,TJ Haines,DW Lawrence,0,0,,,,,,"",""
ball,1,24.3,Sussex,TP Alsop,TJ Haines,DW Lawrence,0,0,,,,,,"",""
ball,1,24.4,Sussex,TP Alsop,TJ Haines,DW Lawrence,4,0,,,,,,"",""
ball,1,24.5,Sussex,TP Alsop,TJ Haines,DW Lawrence,1,0,,,,,,"",""
ball,1,24.6,Sussex,TJ Haines,TP Alsop,DW Lawrence,0,2,,2,,,,"",""
ball,1,24.7,Sussex,TJ Haines,TP Alsop,DW Lawrence,0,0,,,,,,"",""
ball,1,25.1,Sussex,TP Alsop,TJ Haines,AAP Atkinson,0,0,,,,,,"",""
ball,1,25.2,Sussex,TP Alsop,TJ Haines,AAP Atkinson,0,0,,,,,,"",""
ball,1,25.3,Sussex,TP Alsop,TJ Haines,AAP Atkinson,0,0,,,,,,"",""
ball,1,25.4,Sussex,TP Alsop,TJ Haines,AAP Atkinson,1,0,,,,,,"",""
ball,1,25.5,Sussex,TJ Haines,TP Alsop,AAP Atkinson,0,2,,2,,,,"",""
ball,1,25.6,Sussex,TJ Haines,TP Alsop,AAP Atkinson,0,0,,,,,,"",""
ball,1,25.7,Sussex,TJ Haines,TP Alsop,AAP Atkinson,0,1,1,,,,,"",""
ball,1,25.8,Sussex,TJ Haines,TP Alsop,AAP Atkinson,0,0,,,,,,"",""
ball,1,26.1,Sussex,TP Alsop,TJ Haines,DW Lawrence,0,0,,,,,,"",""
ball,1,26.2,Sussex,TP Alsop,TJ Haines,DW Lawrence,0,0,,,,,,"",""
ball,1,26.3,Sussex,TP Alsop,TJ Haines,DW Lawrence,0,0,,,,,,"",""
ball,1,26.4,Sussex,TP Alsop,TJ Haines,DW Lawrence,0,0,,,,,,"",""
ball,1,26.5,Sussex,TP Alsop,TJ Haines,DW Lawrence,0,0,,,,,,"",""
ball,1,26.6,Sussex,TP Alsop,TJ Haines,DW Lawrence,1,0,,,,,,"",""
ball,1,27.1,Sussex,TP Alsop,TJ Haines,AAP Atkinson,1,0,,,,,,"",""
ball,1,27.2,Sussex,TJ Haines,TP Alsop,AAP Atkinson,0,0,,,,,,"",""
ball,1,27.3,Sussex,TJ Haines,TP Alsop,AAP Atkinson,0,2,,2,,,,"",""
ball,1,27.4,Sussex,TJ Haines,TP Alsop,AAP Atkinson,0,0,,,,,,"",""
ball,1,27.5,Sussex,TJ Haines,TP Alsop,AAP Atkinson,0,0,,,,,,"",""
ball,1,27.6,Sussex,TJ Haines,TP Alsop,AAP Atkinson,4,0,,,,,,"",""
ball,1,27.7,Sussex,TJ Haines,TP Alsop,AAP Atkinson,0,0,,,,,,"",""
ball,1,28.1,Sussex,TP Alsop,TJ Haines,DW Lawrence,1,0,,,,,,"",""
ball,1,28.2,Sussex,TJ Haines,TP Alsop,DW Lawrence,0,0,,,,,,"",""
ball,1,28.3,Sussex,TJ Haines,TP Alsop,DW Lawrence,0,0,,,,,,"",""
ball,1,28.4,Sussex,TJ Haines,TP Alsop,DW Lawrence,0,0,,,,,,"",""
ball,1,28.5,Sussex,TJ Haines,TP Alsop,DW Lawrence,0,0,,,,,,"",""
ball,1,28.6,Sussex,TJ Haines,TP Alsop,DW Lawrence,0,0,,,,,,"",""
ball,1,29.1,Sussex,TP Alsop,TJ Haines,AAP Atkinson,0,0,,,,,,"",""
ball,1,29.2,Sussex,TP Alsop,TJ Haines,AAP Atkinson,0,0,,,,,,"",""
ball,1,29.3,Sussex,TP Alsop,TJ Haines,AAP Atkinson,0,0,,,,,,"",""
ball,1,29.4,Sussex,TP Alsop,TJ Haines,AAP Atkinson,0,0,,,,,,"",""
ball,1,29.5,Sussex,TP Alsop,TJ Haines,AAP Atkinson,0,2,,2,,,,"",""
ball,1,29.6,Sussex,TP Alsop,TJ Haines,AAP Atkinson,0,0,,,,,,"",""
ball,1,29.7,Sussex,TP Alsop,TJ Haines,AAP Atkinson,0,0,,,,,,"",""
ball,1,30.1,Sussex,TJ Haines,TP Alsop,DJ Worrall,1,0,,,,,,"",""
ball,1,30.2,Sussex,TP Alsop,TJ Haines,DJ Worrall,0,0,,,,,,"",""
ball,1,30.3,Sussex,TP Alsop,TJ Haines,DJ Worrall,0,0,,,,,,"",""
ball,1,30.4,Sussex,TP Alsop,TJ Haines,DJ Worrall,0,0,,,,,,"",""
ball,1,30.5,Sussex,TP Alsop,TJ Haines,DJ Worrall,0,0,,,,,,"",""
ball,1,30.6,Sussex,TP Alsop,TJ Haines,DJ Worrall,1,0,,,,,,"",""
ball,1,31.1,Sussex,TP Alsop,TJ Haines,AAP Atkinson,0,0,,,,,,"",""
ball,1,31.2,Sussex,TP Alsop,TJ Haines,AAP Atkinson,4,0,,,,,,"",""
ball,1,31.3,Sussex,TP Alsop,TJ Haines,AAP Atkinson,0,0,,,,,,"",""
ball,1,31.4,Sussex,TP Alsop,TJ Haines,AAP Atkinson,0,1,,,,1,,"",""
ball,1,31.5,Sussex,TJ Haines,TP Alsop,AAP Atkinson,0,2,,2,,,,"",""
ball,1,31.6,Sussex,TJ Haines,TP Alsop,AAP Atkinson,0,0,,,,,,"",""
ball,1,31.7,Sussex,TJ Haines,TP Alsop,AAP Atkinson,0,0,,,,,,"",""
ball,1,32.1,Sussex,TP Alsop,TJ Haines,DJ Worrall,0,0,,,,,,"",""
ball,1,32.2,Sussex,TP Alsop,TJ Haines,DJ Worrall,0,0,,,,,,"",""
ball,1,32.3,Sussex,TP Alsop,TJ Haines,DJ Worrall,0,0,,,,,,"",""
ball,1,32.4,Sussex,TP Alsop,TJ Haines,DJ Worrall,0,0,,,,,,"",""
ball,1,32.5,Sussex,TP Alsop,TJ Haines,DJ Worrall,0,0,,,,,,"",""
ball,1,32.6,Sussex,TP Alsop,TJ Haines,DJ Worrall,0,0,,,,,,"",""
ball,1,33.1,Sussex,TJ Haines,TP Alsop,AAP Atkinson,0,0,,,,,,"",""
ball,1,33.2,Sussex,TJ Haines,TP Alsop,AAP Atkinson,0,4,,,,4,,"",""
ball,1,33.3,Sussex,TJ Haines,TP Alsop,AAP Atkinson,0,0,,,,,,"",""
ball,1,33.4,Sussex,TJ Haines,TP Alsop,AAP Atkinson,4,0,,,,,,"",""
ball,1,33.5,Sussex,TJ Haines,TP Alsop,AAP Atkinson,2,0,,,,,,"",""
ball,1,33.6,Sussex,TJ Haines,TP Alsop,AAP Atkinson,0,0,,,,,,"",""
ball,1,34.1,Sussex,TP Alsop,TJ Haines,DJ Worrall,0,0,,,,,,"",""
ball,1,34.2,Sussex,TP Alsop,TJ Haines,DJ Worrall,0,0,,,,,,"",""
ball,1,34.3,Sussex,TP Alsop,TJ Haines,DJ Worrall,0,0,,,,,,"",""
ball,1,34.4,Sussex,TP Alsop,TJ Haines,DJ Worrall,0,0,,,,,,"",""
ball,1,34.5,Sussex,TP Alsop,TJ Haines,DJ Worrall,0,0,,,,,,"",""
ball,1,34.6,Sussex,TP Alsop,TJ Haines,DJ Worrall,0,0,,,,,,"",""
ball,1,35.1,Sussex,TJ Haines,TP Alsop,AAP Atkinson,4,0,,,,,,"",""
ball,1,35.2,Sussex,TJ Haines,TP Alsop,AAP Atkinson,0,0,,,,,,"",""
ball,1,35.3,Sussex,TJ Haines,TP Alsop,AAP Atkinson,1,0,,,,,,"",""
ball,1,35.4,Sussex,TP Alsop,TJ Haines,AAP Atkinson,0,0,,,,,,"",""
ball,1,35.5,Sussex,TP Alsop,TJ Haines,AAP Atkinson,0,0,,,,,,"",""
ball,1,35.6,Sussex,TP Alsop,TJ Haines,AAP Atkinson,0,2,,2,,,,"",""
ball,1,35.7,Sussex,TP Alsop,TJ Haines,AAP Atkinson,1,0,,,,,,"",""
ball,1,36.1,Sussex,TP Alsop,TJ Haines,DJ Worrall,0,0,,,,,,"",""
ball,1,36.2,Sussex,TP Alsop,TJ Haines,DJ Worrall,0,0,,,,,,"",""
ball,1,36.3,Sussex,TP Alsop,TJ Haines,DJ Worrall,0,0,,,,,,"",""
ball,1,36.4,Sussex,TP Alsop,TJ Haines,DJ Worrall,0,0,,,,,,"",""
ball,1,36.5,Sussex,TP Alsop,TJ Haines,DJ Worrall,0,0,,,,,,"",""
ball,1,36.6,Sussex,TP Alsop,TJ Haines,DJ Worrall,0,0,,,,,,"",""
ball,1,37.1,Sussex,TJ Haines,TP Alsop,AAP Atkinson,0,0,,,,,,"",""
ball,1,37.2,Sussex,TJ Haines,TP Alsop,AAP Atkinson,0,0,,,,,,"",""
ball,1,37.3,Sussex,TJ Haines,TP Alsop,AAP Atkinson,1,0,,,,,,"",""
ball,1,37.4,Sussex,TP Alsop,TJ Haines,AAP Atkinson,0,2,,2,,,,"",""
ball,1,37.5,Sussex,TP Alsop,TJ Haines,AAP Atkinson,0,0,,,,,,"",""
ball,1,37.6,Sussex,TP Alsop,TJ Haines,AAP Atkinson,1,0,,,,,,"",""
ball,1,37.7,Sussex,TJ Haines,TP Alsop,AAP Atkinson,1,0,,,,,,"",""
ball,1,38.1,Sussex,TJ Haines,TP Alsop,DJ Worrall,4,0,,,,,,"",""
ball,1,38.2,Sussex,TJ Haines,TP Alsop,DJ Worrall,0,0,,,,,,"",""
ball,1,38.3,Sussex,TJ Haines,TP Alsop,DJ Worrall,1,0,,,,,,"",""
ball,1,38.4,Sussex,TP Alsop,TJ Haines,DJ Worrall,0,2,,2,,,,"",""
ball,1,38.5,Sussex,TP Alsop,TJ Haines,DJ Worrall,0,0,,,,,,"",""
ball,1,38.6,Sussex,TP Alsop,TJ Haines,DJ Worrall,0,0,,,,,,"",""
ball,1,38.7,Sussex,TP Alsop,TJ Haines,DJ Worrall,0,0,,,,,,"",""
ball,1,39.1,Sussex,TJ Haines,TP Alsop,MD Fisher,0,0,,,,,,"",""
ball,1,39.2,Sussex,TJ Haines,TP Alsop,MD Fisher,0,0,,,,,,"",""
ball,1,39.3,Sussex,TJ Haines,TP Alsop,MD Fisher,0,0,,,,,,"",""
ball,1,39.4,Sussex,TJ Haines,TP Alsop,MD Fisher,1,0,,,,,,"",""
ball,1,39.5,Sussex,TP Alsop,TJ Haines,MD Fisher,0,0,,,,,,"",""
ball,1,39.6,Sussex,TP Alsop,TJ Haines,MD Fisher,0,0,,,,,,"",""
ball,1,40.1,Sussex,TJ Haines,TP Alsop,DJ Worrall,0,0,,,,,,"",""
ball,1,40.2,Sussex,TJ Haines,TP Alsop,DJ Worrall,2,0,,,,,,"",""
ball,1,40.3,Sussex,TJ Haines,TP Alsop,DJ Worrall,0,0,,,,,,"",""
ball,1,40.4,Sussex,TJ Haines,TP Alsop,DJ Worrall,0,0,,,,,,"",""
ball,1,40.5,Sussex,TJ Haines,TP Alsop,DJ Worrall,1,0,,,,,,"",""
ball,1,40.6,Sussex,TP Alsop,TJ Haines,DJ Worrall,0,0,,,,,,"",""
ball,1,41.1,Sussex,TJ Haines,TP Alsop,J Clark,0,0,,,,,,"",""
ball,1,41.2,Sussex,TJ Haines,TP Alsop,J Clark,1,0,,,,,,"",""
ball,1,41.3,Sussex,TP Alsop,TJ Haines,J Clark,0,0,,,,,,"",""
ball,1,41.4,Sussex,TP Alsop,TJ Haines,J Clark,0,0,,,,,,"",""
ball,1,41.5,Sussex,TP Alsop,TJ Haines,J Clark,0,0,,,,,,"",""
ball,1,41.6,Sussex,TP Alsop,TJ Haines,J Clark,0,0,,,,,,"",""
ball,1,42.1,Sussex,TJ Haines,TP Alsop,DW Lawrence,0,0,,,,,,"",""
ball,1,42.2,Sussex,TJ Haines,TP Alsop,DW Lawrence,1,0,,,,,,"",""
ball,1,42.3,Sussex,TP Alsop,TJ Haines,DW Lawrence,1,0,,,,,,"",""
ball,1,42.4,Sussex,TJ Haines,TP Alsop,DW Lawrence,1,0,,,,,,"",""
ball,1,42.5,Sussex,TP Alsop,TJ Haines,DW Lawrence,1,0,,,,,,"",""
ball,1,42.6,Sussex,TJ Haines,TP Alsop,DW Lawrence,0,0,,,,,,"",""
ball,1,43.1,Sussex,TP Alsop,TJ Haines,J Clark,0,0,,,,,,"",""
ball,1,43.2,Sussex,TP Alsop,TJ Haines,J Clark,0,0,,,,,,"",""
ball,1,43.3,Sussex,TP Alsop,TJ Haines,J Clark,0,0,,,,,,"",""
ball,1,43.4,Sussex,TP Alsop,TJ Haines,J Clark,0,0,,,,,,"",""
ball,1,43.5,Sussex,TP Alsop,TJ Haines,J Clark,0,0,,,,,,"",""
ball,1,43.6,Sussex,TP Alsop,TJ Haines,J Clark,0,0,,,,,,"",""
ball,1,44.1,Sussex,TJ Haines,TP Alsop,DW Lawrence,0,0,,,,,,"",""
ball,1,44.2,Sussex,TJ Haines,TP Alsop,DW Lawrence,0,1,,,,1,,"",""
ball,1,44.3,Sussex,TP Alsop,TJ Haines,DW Lawrence,1,0,,,,,,"",""
ball,1,44.4,Sussex,TJ Haines,TP Alsop,DW Lawrence,0,0,,,,,,"",""
ball,1,44.5,Sussex,TJ Haines,TP Alsop,DW Lawrence,0,0,,,,,,"",""
ball,1,44.6,Sussex,TJ Haines,TP Alsop,DW Lawrence,0,0,,,,,,"",""
ball,1,45.1,Sussex,TP Alsop,TJ Haines,J Clark,0,0,,,,,,"",""
ball,1,45.2,Sussex,TP Alsop,TJ Haines,J Clark,4,0,,,,,,"",""
ball,1,45.3,Sussex,TP Alsop,TJ Haines,J Clark,0,0,,,,,,"",""
ball,1,45.4,Sussex,TP Alsop,TJ Haines,J Clark,2,0,,,,,,"",""
ball,1,45.5,Sussex,TP Alsop,TJ Haines,J Clark,0,0,,,,,,"",""
ball,1,45.6,Sussex,TP Alsop,TJ Haines,J Clark,4,0,,,,,,"",""
ball,1,46.1,Sussex,TJ Haines,TP Alsop,DW Lawrence,4,0,,,,,,"",""
ball,1,46.2,Sussex,TJ Haines,TP Alsop,DW Lawrence,0,0,,,,,,"",""
ball,1,46.3,Sussex,TJ Haines,TP Alsop,DW Lawrence,4,0,,,,,,"",""
ball,1,46.4,Sussex,TJ Haines,TP Alsop,DW Lawrence,1,0,,,,,,"",""
ball,1,46.5,Sussex,TP Alsop,TJ Haines,DW Lawrence,0,0,,,,,,"",""
ball,1,46.6,Sussex,TP Alsop,TJ Haines,DW Lawrence,0,0,,,,,,"",""
ball,1,47.1,Sussex,TJ Haines,TP Alsop,J Clark,4,0,,,,,,"",""
ball,1,47.2,Sussex,TJ Haines,TP Alsop,J Clark,4,0,,,,,,"",""
ball,1,47.3,Sussex,TJ Haines,TP Alsop,J Clark,0,0,,,,,,"",""
ball,1,47.4,Sussex,TJ Haines,TP Alsop,J Clark,0,0,,,,,,"",""
ball,1,47.5,Sussex,TJ Haines,TP Alsop,J Clark,0,0,,,,,,"",""
ball,1,47.6,Sussex,TJ Haines,TP Alsop,J Clark,0,0,,,,,,"",""
ball,1,48.1,Sussex,TP Alsop,TJ Haines,DW Lawrence,0,0,,,,,,"",""
ball,1,48.2,Sussex,TP Alsop,TJ Haines,DW Lawrence,1,0,,,,,,"",""
ball,1,48.3,Sussex,TJ Haines,TP Alsop,DW Lawrence,0,2,,2,,,,"",""
ball,1,48.4,Sussex,TJ Haines,TP Alsop,DW Lawrence,1,0,,,,,,"",""
ball,1,48.5,Sussex,TP Alsop,TJ Haines,DW Lawrence,1,0,,,,,,"",""
ball,1,48.6,Sussex,TJ Haines,TP Alsop,DW Lawrence,0,0,,,,,,"",""
ball,1,48.7,Sussex,TJ Haines,TP Alsop,DW Lawrence,0,0,,,,,,"",""
ball,1,49.1,Sussex,TP Alsop,TJ Haines,J Clark,1,0,,,,,,"",""
ball,1,49.2,Sussex,TJ Haines,TP Alsop,J Clark,4,0,,,,,,"",""
ball,1,49.3,Sussex,TJ Haines,TP Alsop,J Clark,0,0,,,,,,"",""
ball,1,49.4,Sussex,TJ Haines,TP Alsop,J Clark,2,0,,,,,,"",""
ball,1,49.5,Sussex,TJ Haines,TP Alsop,J Clark,1,0,,,,,,"",""
ball,1,49.6,Sussex,TP Alsop,TJ Haines,J Clark,0,0,,,,,,"",""
ball,1,50.1,Sussex,TJ Haines,TP Alsop,AAP Atkinson,0,0,,,,,,"",""
ball,1,50.2,Sussex,TJ Haines,TP Alsop,AAP Atkinson,0,0,,,,,,"",""
ball,1,50.3,Sussex,TJ Haines,TP Alsop,AAP Atkinson,0,0,,,,,,"",""
ball,1,50.4,Sussex,TJ Haines,TP Alsop,AAP Atkinson,1,0,,,,,,"",""
ball,1,50.5,Sussex,TP Alsop,TJ Haines,AAP Atkinson,0,0,,,,,,"",""
ball,1,50.6,Sussex,TP Alsop,TJ Haines,AAP Atkinson,0,2,,2,,,,"",""
ball,1,50.7,Sussex,TP Alsop,TJ Haines,AAP Atkinson,1,0,,,,,,"",""
ball,1,51.1,Sussex,TP Alsop,TJ Haines,J Clark,0,0,,,,,,"",""
ball,1,51.2,Sussex,TP Alsop,TJ Haines,J Clark,1,0,,,,,,"",""
ball,1,51.3,Sussex,TJ Haines,TP Alsop,J Clark,1,0,,,,,,"",""
ball,1,51.4,Sussex,TP Alsop,TJ Haines,J Clark,1,0,,,,,,"",""
ball,1,51.5,Sussex,TJ Haines,TP Alsop,J Clark,1,0,,,,,,"",""
ball,1,51.6,Sussex,TP Alsop,TJ Haines,J Clark,1,0,,,,,,"",""
ball,1,52.1,Sussex,TP Alsop,TJ Haines,AAP Atkinson,0,0,,,,,,"",""
ball,1,52.2,Sussex,TP Alsop,TJ Haines,AAP Atkinson,0,0,,,,,,"",""
ball,1,52.3,Sussex,TP Alsop,TJ Haines,AAP Atkinson,0,0,,,,,,"",""
ball,1,52.4,Sussex,TP Alsop,TJ Haines,AAP Atkinson,0,0,,,,,,"",""
ball,1,52.5,Sussex,TP Alsop,TJ Haines,AAP Atkinson,0,0,,,,,,"",""
ball,1,52.6,Sussex,TP Alsop,TJ Haines,AAP Atkinson,0,0,,,,,,"",""
ball,1,53.1,Sussex,TJ Haines,TP Alsop,J Clark,0,0,,,,,,"",""
ball,1,53.2,Sussex,TJ Haines,TP Alsop,J Clark,1,0,,,,,,"",""
ball,1,53.3,Sussex,TP Alsop,TJ Haines,J Clark,0,0,,,,,,"",""
ball,1,53.4,Sussex,TP Alsop,TJ Haines,J Clark,0,0,,,,,,"",""
ball,1,53.5,Sussex,TP Alsop,TJ Haines,J Clark,0,0,,,,,,"",""
ball,1,53.6,Sussex,TP Alsop,TJ Haines,J Clark,0,0,,,,,,"",""
ball,1,54.1,Sussex,TJ Haines,TP Alsop,AAP Atkinson,0,0,,,,,,"",""
ball,1,54.2,Sussex,TJ Haines,TP Alsop,AAP Atkinson,4,0,,,,,,"",""
ball,1,54.3,Sussex,TJ Haines,TP Alsop,AAP Atkinson,0,0,,,,,,"",""
ball,1,54.4,Sussex,TJ Haines,TP Alsop,AAP Atkinson,0,0,,,,,,"",""
ball,1,54.5,Sussex,TJ Haines,TP Alsop,AAP Atkinson,0,0,,,,,,"",""
ball,1,54.6,Sussex,TJ Haines,TP Alsop,AAP Atkinson,0,0,,,,,,"",""
ball,1,55.1,Sussex,TP Alsop,TJ Haines,J Clark,0,0,,,,,,"",""
ball,1,55.2,Sussex,TP Alsop,TJ Haines,J Clark,0,0,,,,,,"",""
ball,1,55.3,Sussex,TP Alsop,TJ Haines,J Clark,1,0,,,,,,"",""
ball,1,55.4,Sussex,TJ Haines,TP Alsop,J Clark,0,0,,,,,,"",""
ball,1,55.5,Sussex,TJ Haines,TP Alsop,J Clark,0,0,,,,,,"",""
ball,1,55.6,Sussex,TJ Haines,TP Alsop,J Clark,1,0,,,,,,"",""
ball,1,56.1,Sussex,TJ Haines,TP Alsop,AAP Atkinson,1,0,,,,,,"",""
ball,1,56.2,Sussex,TP Alsop,TJ Haines,AAP Atkinson,0,0,,,,,,"",""
ball,1,56.3,Sussex,TP Alsop,TJ Haines,AAP Atkinson,0,0,,,,,,"",""
ball,1,56.4,Sussex,TP Alsop,TJ Haines,AAP Atkinson,0,0,,,,,,"",""
ball,1,56.5,Sussex,TP Alsop,TJ Haines,AAP Atkinson,0,0,,,,,,"",""
ball,1,56.6,Sussex,TP Alsop,TJ Haines,AAP Atkinson,0,0,,,,,,"",""
ball,1,57.1,Sussex,TJ Haines,TP Alsop,J Clark,1,0,,,,,,"",""
ball,1,57.2,Sussex,TP Alsop,TJ Haines,J Clark,0,0,,,,,,"",""
ball,1,57.3,Sussex,TP Alsop,TJ Haines,J Clark,0,0,,,,,,"",""
ball,1,57.4,Sussex,TP Alsop,TJ Haines,J Clark,0,0,,,,,,"",""
ball,1,57.5,Sussex,TP Alsop,TJ Haines,J Clark,0,0,,,,,,"",""
ball,1,57.6,Sussex,TP Alsop,TJ Haines,J Clark,0,0,,,,,,"",""
ball,1,58.1,Sussex,TJ Haines,TP Alsop,AAP Atkinson,1,0,,,,,,"",""
ball,1,58.2,Sussex,TP Alsop,TJ Haines,AAP Atkinson,0,0,,,,,,"",""
ball,1,58.3,Sussex,TP Alsop,TJ Haines,AAP Atkinson,4,0,,,,,,"",""
ball,1,58.4,Sussex,TP Alsop,TJ Haines,AAP Atkinson,0,0,,,,,,"",""
ball,1,58.5,Sussex,TP Alsop,TJ Haines,AAP Atkinson,1,0,,,,,,"",""
ball,1,58.6,Sussex,TJ Haines,TP Alsop,AAP Atkinson,1,0,,,,,,"",""
ball,1,59.1,Sussex,TJ Haines,TP Alsop,J Clark,0,0,,,,,,"",""
ball,1,59.2,Sussex,TJ Haines,TP Alsop,J Clark,0,0,,,,,,"",""
ball,1,59.3,Sussex,TJ Haines,TP Alsop,J Clark,1,0,,,,,,"",""
ball,1,59.4,Sussex,TP Alsop,TJ Haines,J Clark,0,0,,,,,,"",""
ball,1,59.5,Sussex,TP Alsop,TJ Haines,J Clark,0,0,,,,,,"",""
ball,1,59.6,Sussex,TP Alsop,TJ Haines,J Clark,0,0,,,,,,"",""
ball,1,60.1,Sussex,TJ Haines,TP Alsop,AAP Atkinson,0,0,,,,,,"",""
ball,1,60.2,Sussex,TJ Haines,TP Alsop,AAP Atkinson,0,0,,,,,,"",""
ball,1,60.3,Sussex,TJ Haines,TP Alsop,AAP Atkinson,1,0,,,,,,"",""
ball,1,60.4,Sussex,TP Alsop,TJ Haines,AAP Atkinson,1,0,,,,,,"",""
ball,1,60.5,Sussex,TJ Haines,TP Alsop,AAP Atkinson,0,0,,,,,,"",""
ball,1,60.6,Sussex,TJ Haines,TP Alsop,AAP Atkinson,1,0,,,,,,"",""
ball,1,61.1,Sussex,TJ Haines,TP Alsop,J Clark,0,0,,,,,,"",""
ball,1,61.2,Sussex,TJ Haines,TP Alsop,J Clark,1,0,,,,,,"",""
ball,1,61.3,Sussex,TP Alsop,TJ Haines,J Clark,0,0,,,,,,"",""
ball,1,61.4,Sussex,TP Alsop,TJ Haines,J Clark,0,0,,,,,,"",""
ball,1,61.5,Sussex,TP Alsop,TJ Haines,J Clark,1,0,,,,,,"",""
ball,1,61.6,Sussex,TJ Haines,TP Alsop,J Clark,0,0,,,,,,"",""
ball,1,62.1,Sussex,TP Alsop,TJ Haines,DJ Worrall,0,0,,,,,,"",""
ball,1,62.2,Sussex,TP Alsop,TJ Haines,DJ Worrall,0,0,,,,,,"",""
ball,1,62.3,Sussex,TP Alsop,TJ Haines,DJ Worrall,1,0,,,,,,"",""
ball,1,62.4,Sussex,TJ Haines,TP Alsop,DJ Worrall,0,0,,,,,,"",""
ball,1,62.5,Sussex,TJ Haines,TP Alsop,DJ Worrall,4,0,,,,,,"",""
ball,1,62.6,Sussex,TJ Haines,TP Alsop,DJ Worrall,0,0,,,,,,"",""
ball,1,63.1,Sussex,TP Alsop,TJ Haines,J Clark,0,0,,,,,,"",""
ball,1,63.2,Sussex,TP Alsop,TJ Haines,J Clark,1,0,,,,,,"",""
ball,1,63.3,Sussex,TJ Haines,TP Alsop,J Clark,0,0,,,,,,"",""
ball,1,63.4,Sussex,TJ Haines,TP Alsop,J Clark,1,0,,,,,,"",""
ball,1,63.5,Sussex,TP Alsop,TJ Haines,J Clark,0,0,,,,,,"",""
ball,1,63.6,Sussex,TP Alsop,TJ Haines,J Clark,0,0,,,,,,"",""
ball,1,64.1,Sussex,TJ Haines,TP Alsop,DJ Worrall,0,0,,,,,,"",""
ball,1,64.2,Sussex,TJ Haines,TP Alsop,DJ Worrall,0,0,,,,,,"",""
ball,1,64.3,Sussex,TJ Haines,TP Alsop,DJ Worrall,0,0,,,,,,"",""
ball,1,64.4,Sussex,TJ Haines,TP Alsop,DJ Worrall,1,0,,,,,,"",""
ball,1,64.5,Sussex,TP Alsop,TJ Haines,DJ Worrall,0,0,,,,,,"",""
ball,1,64.6,Sussex,TP Alsop,TJ Haines,DJ Worrall,0,0,,,,,,"",""
ball,1,65.1,Sussex,TJ Haines,TP Alsop,J Clark,0,0,,,,,,"",""
ball,1,65.2,Sussex,TJ Haines,TP Alsop,J Clark,1,0,,,,,,"",""
ball,1,65.3,Sussex,TP Alsop,TJ Haines,J Clark,0,0,,,,,,"",""
ball,1,65.4,Sussex,TP Alsop,TJ Haines,J Clark,0,0,,,,,,"",""
ball,1,65.5,Sussex,TP Alsop,TJ Haines,J Clark,1,0,,,,,,"",""
ball,1,65.6,Sussex,TJ Haines,TP Alsop,J Clark,4,0,,,,,,"",""
ball,1,66.1,Sussex,TP Alsop,TJ Haines,DJ Worrall,0,0,,,,,,"",""
ball,1,66.2,Sussex,TP Alsop,TJ Haines,DJ Worrall,0,0,,,,,,"",""
ball,1,66.3,Sussex,TP Alsop,TJ Haines,DJ Worrall,0,0,,,,,,"",""
ball,1,66.4,Sussex,TP Alsop,TJ Haines,DJ Worrall,0,0,,,,,,"",""
ball,1,66.5,Sussex,TP Alsop,TJ Haines,DJ Worrall,0,0,,,,,,"",""
ball,1,66.6,Sussex,TP Alsop,TJ Haines,DJ Worrall,2,0,,,,,,"",""
ball,1,67.1,Sussex,TJ Haines,TP Alsop,MD Fisher,2,0,,,,,,"",""
ball,1,67.2,Sussex,TJ Haines,TP Alsop,MD Fisher,0,0,,,,,,"",""
ball,1,67.3,Sussex,TJ Haines,TP Alsop,MD Fisher,0,0,,,,,,"",""
ball,1,67.4,Sussex,TJ Haines,TP Alsop,MD Fisher,0,0,,,,,,"",""
ball,1,67.5,Sussex,TJ Haines,TP Alsop,MD Fisher,0,0,,,,,,"",""
ball,1,67.6,Sussex,TJ Haines,TP Alsop,MD Fisher,0,0,,,,,,"",""
ball,1,68.1,Sussex,TP Alsop,TJ Haines,DJ Worrall,0,0,,,,,,"",""
ball,1,68.2,Sussex,TP Alsop,TJ Haines,DJ Worrall,0,0,,,,,,"",""
ball,1,68.3,Sussex,TP Alsop,TJ Haines,DJ Worrall,0,0,,,,,,"",""
ball,1,68.4,Sussex,TP Alsop,TJ Haines,DJ Worrall,4,0,,,,,,"",""
ball,1,68.5,Sussex,TP Alsop,TJ Haines,DJ Worrall,0,0,,,,,,"",""
ball,1,68.6,Sussex,TP Alsop,TJ Haines,DJ Worrall,1,0,,,,,,"",""
ball,1,69.1,Sussex,TP Alsop,TJ Haines,MD Fisher,0,0,,,,,,"",""
ball,1,69.2,Sussex,TP Alsop,TJ Haines,MD Fisher,0,0,,,,,,"",""
ball,1,69.3,Sussex,TP Alsop,TJ Haines,MD Fisher,0,0,,,,,,"",""
ball,1,69.4,Sussex,TP Alsop,TJ Haines,MD Fisher,1,0,,,,,,"",""
ball,1,69.5,Sussex,TJ Haines,TP Alsop,MD Fisher,1,0,,,,,,"",""
ball,1,69.6,Sussex,TP Alsop,TJ Haines,MD Fisher,4,0,,,,,,"",""
ball,1,70.1,Sussex,TJ Haines,TP Alsop,DJ Worrall,1,0,,,,,,"",""
ball,1,70.2,Sussex,TP Alsop,TJ Haines,DJ Worrall,0,0,,,,,,"",""
ball,1,70.3,Sussex,TP Alsop,TJ Haines,DJ Worrall,0,0,,,,,,"",""
ball,1,70.4,Sussex,TP Alsop,TJ Haines,DJ Worrall,0,0,,,,,,"",""
ball,1,70.5,Sussex,TP Alsop,TJ Haines,DJ Worrall,1,0,,,,,,"",""
ball,1,70.6,Sussex,TJ Haines,TP Alsop,DJ Worrall,1,0,,,,,,"",""
ball,1,71.1,Sussex,TJ Haines,TP Alsop,MD Fisher,1,0,,,,,,"",""
ball,1,71.2,Sussex,TP Alsop,TJ Haines,MD Fisher,0,0,,,,,,"",""
ball,1,71.3,Sussex,TP Alsop,TJ Haines,MD Fisher,0,0,,,,,,"",""
ball,1,71.4,Sussex,TP Alsop,TJ Haines,MD Fisher,0,0,,,,,,"",""
ball,1,71.5,Sussex,TP Alsop,TJ Haines,MD Fisher,0,0,,,,,,caught,TP Alsop
ball,1,71.6,Sussex,JM Coles,TJ Haines,MD Fisher,0,0,,,,,,"",""
ball,1,72.1,Sussex,TJ Haines,JM Coles,DW Lawrence,0,0,,,,,,"",""
ball,1,72.2,Sussex,TJ Haines,JM Coles,DW Lawrence,0,0,,,,,,"",""
ball,1,72.3,Sussex,TJ Haines,JM Coles,DW Lawrence,0,0,,,,,,"",""
ball,1,72.4,Sussex,TJ Haines,JM Coles,DW Lawrence,0,0,,,,,,"",""
ball,1,72.5,Sussex,TJ Haines,JM Coles,DW Lawrence,0,0,,,,,,"",""
ball,1,72.6,Sussex,TJ Haines,JM Coles,DW Lawrence,0,0,,,,,,"",""
ball,1,73.1,Sussex,JM Coles,TJ Haines,MD Fisher,0,0,,,,,,"",""
ball,1,73.2,Sussex,JM Coles,TJ Haines,MD Fisher,0,0,,,,,,"",""
ball,1,73.3,Sussex,JM Coles,TJ Haines,MD Fisher,0,0,,,,,,"",""
ball,1,73.4,Sussex,JM Coles,TJ Haines,MD Fisher,0,0,,,,,,"",""
ball,1,73.5,Sussex,JM Coles,TJ Haines,MD Fisher,0,0,,,,,,"",""
ball,1,73.6,Sussex,JM Coles,TJ Haines,MD Fisher,0,0,,,,,,"",""
ball,1,74.1,Sussex,TJ Haines,JM Coles,DW Lawrence,0,0,,,,,,"",""
ball,1,74.2,Sussex,TJ Haines,JM Coles,DW Lawrence,0,0,,,,,,"",""
ball,1,74.3,Sussex,TJ Haines,JM Coles,DW Lawrence,1,0,,,,,,"",""
ball,1,74.4,Sussex,JM Coles,TJ Haines,DW Lawrence,1,0,,,,,,"",""
ball,1,74.5,Sussex,TJ Haines,JM Coles,DW Lawrence,0,0,,,,,,"",""
ball,1,74.6,Sussex,TJ Haines,JM Coles,DW Lawrence,0,0,,,,,,"",""
ball,1,75.1,Sussex,JM Coles,TJ Haines,MD Fisher,0,0,,,,,,"",""
ball,1,75.2,Sussex,JM Coles,TJ Haines,MD Fisher,0,0,,,,,,"",""
ball,1,75.3,Sussex,JM Coles,TJ Haines,MD Fisher,0,0,,,,,,"",""
ball,1,75.4,Sussex,JM Coles,TJ Haines,MD Fisher,0,0,,,,,,"",""
ball,1,75.5,Sussex,JM Coles,TJ Haines,MD Fisher,1,0,,,,,,"",""
ball,1,75.6,Sussex,TJ Haines,JM Coles,MD Fisher,0,0,,,,,,"",""
ball,1,76.1,Sussex,JM Coles,TJ Haines,DW Lawrence,0,0,,,,,,"",""
ball,1,76.2,Sussex,JM Coles,TJ Haines,DW Lawrence,1,0,,,,,,"",""
ball,1,76.3,Sussex,TJ Haines,JM Coles,DW Lawrence,1,0,,,,,,"",""
ball,1,76.4,Sussex,JM Coles,TJ Haines,DW Lawrence,0,0,,,,,,"",""
ball,1,76.5,Sussex,JM Coles,TJ Haines,DW Lawrence,1,0,,,,,,"",""
ball,1,76.6,Sussex,TJ Haines,JM Coles,DW Lawrence,0,0,,,,,,"",""
ball,1,77.1,Sussex,JM Coles,TJ Haines,MD Fisher,0,0,,,,,,"",""
ball,1,77.2,Sussex,JM Coles,TJ Haines,MD Fisher,0,0,,,,,,"",""
ball,1,77.3,Sussex,JM Coles,TJ Haines,MD Fisher,0,0,,,,,,"",""
ball,1,77.4,Sussex,JM Coles,TJ Haines,MD Fisher,0,0,,,,,,"",""
ball,1,77.5,Sussex,JM Coles,TJ Haines,MD Fisher,1,0,,,,,,"",""
ball,1,77.6,Sussex,TJ Haines,JM Coles,MD Fisher,0,0,,,,,,"",""
ball,1,78.1,Sussex,JM Coles,TJ Haines,DW Lawrence,0,0,,,,,,"",""
ball,1,78.2,Sussex,JM Coles,TJ Haines,DW Lawrence,0,0,,,,,,"",""
ball,1,78.3,Sussex,JM Coles,TJ Haines,DW Lawrence,0,0,,,,,,"",""
ball,1,78.4,Sussex,JM Coles,TJ Haines,DW Lawrence,0,0,,,,,,"",""
ball,1,78.5,Sussex,JM Coles,TJ Haines,DW Lawrence,1,0,,,,,,"",""
ball,1,78.6,Sussex,TJ Haines,JM Coles,DW Lawrence,1,0,,,,,,"",""
ball,1,79.1,Sussex,TJ Haines,JM Coles,MD Fisher,0,0,,,,,,"",""
ball,1,79.2,Sussex,TJ Haines,JM Coles,MD Fisher,0,0,,,,,,"",""
ball,1,79.3,Sussex,TJ Haines,JM Coles,MD Fisher,0,0,,,,,,"",""
ball,1,79.4,Sussex,TJ Haines,JM Coles,MD Fisher,0,0,,,,,,"",""
ball,1,79.5,Sussex,TJ Haines,JM Coles,MD Fisher,0,0,,,,,,"",""
ball,1,79.6,Sussex,TJ Haines,JM Coles,MD Fisher,0,0,,,,,,"",""
ball,1,80.1,Sussex,JM Coles,TJ Haines,DW Lawrence,0,0,,,,,,"",""
ball,1,80.2,Sussex,JM Coles,TJ Haines,DW Lawrence,0,0,,,,,,"",""
ball,1,80.3,Sussex,JM Coles,TJ Haines,DW Lawrence,0,0,,,,,,"",""
ball,1,80.4,Sussex,JM Coles,TJ Haines,DW Lawrence,0,0,,,,,,"",""
ball,1,80.5,Sussex,JM Coles,TJ Haines,DW Lawrence,3,0,,,,,,"",""
ball,1,80.6,Sussex,TJ Haines,JM Coles,DW Lawrence,0,0,,,,,,"",""
ball,1,81.1,Sussex,JM Coles,TJ Haines,AAP Atkinson,0,0,,,,,,"",""
ball,1,81.2,Sussex,JM Coles,TJ Haines,AAP Atkinson,0,0,,,,,,"",""
ball,1,81.3,Sussex,JM Coles,TJ Haines,AAP Atkinson,1,0,,,,,,"",""
ball,1,81.4,Sussex,TJ Haines,JM Coles,AAP Atkinson,0,0,,,,,,"",""
ball,1,81.5,Sussex,TJ Haines,JM Coles,AAP Atkinson,2,0,,,,,,"",""
ball,1,81.6,Sussex,TJ Haines,JM Coles,AAP Atkinson,1,0,,,,,,"",""
ball,1,82.1,Sussex,TJ Haines,JM Coles,DJ Worrall,0,0,,,,,,"",""
ball,1,82.2,Sussex,TJ Haines,JM Coles,DJ Worrall,4,0,,,,,,"",""
ball,1,82.3,Sussex,TJ Haines,JM Coles,DJ Worrall,0,0,,,,,,"",""
ball,1,82.4,Sussex,TJ Haines,JM Coles,DJ Worrall,0,0,,,,,,"",""
ball,1,82.5,Sussex,TJ Haines,JM Coles,DJ Worrall,0,0,,,,,,"",""
ball,1,82.6,Sussex,TJ Haines,JM Coles,DJ Worrall,0,0,,,,,,"",""
ball,1,83.1,Sussex,JM Coles,TJ Haines,AAP Atkinson,0,0,,,,,,"",""
ball,1,83.2,Sussex,JM Coles,TJ Haines,AAP Atkinson,0,0,,,,,,"",""
ball,1,83.3,Sussex,JM Coles,TJ Haines,AAP Atkinson,0,0,,,,,,caught,JM Coles
ball,1,83.4,Sussex,JA Simpson,TJ Haines,AAP Atkinson,0,0,,,,,,"",""
ball,1,83.5,Sussex,JA Simpson,TJ Haines,AAP Atkinson,0,0,,,,,,"",""
ball,1,83.6,Sussex,JA Simpson,TJ Haines,AAP Atkinson,0,0,,,,,,"",""
ball,1,84.1,Sussex,TJ Haines,JA Simpson,DJ Worrall,1,0,,,,,,"",""
ball,1,84.2,Sussex,JA Simpson,TJ Haines,DJ Worrall,0,0,,,,,,"",""
ball,1,84.3,Sussex,JA Simpson,TJ Haines,DJ Worrall,0,0,,,,,,"",""
ball,1,84.4,Sussex,JA Simpson,TJ Haines,DJ Worrall,0,0,,,,,,"",""
ball,1,84.5,Sussex,JA Simpson,TJ Haines,DJ Worrall,0,0,,,,,,"",""
ball,1,84.6,Sussex,JA Simpson,TJ Haines,DJ Worrall,0,0,,,,,,"",""
ball,1,85.1,Sussex,TJ Haines,JA Simpson,AAP Atkinson,0,0,,,,,,"",""
ball,1,85.2,Sussex,TJ Haines,JA Simpson,AAP Atkinson,0,0,,,,,,"",""
ball,1,85.3,Sussex,TJ Haines,JA Simpson,AAP Atkinson,0,0,,,,,,"",""
ball,1,85.4,Sussex,TJ Haines,JA Simpson,AAP Atkinson,0,0,,,,,,"",""
ball,1,85.5,Sussex,TJ Haines,JA Simpson,AAP Atkinson,0,0,,,,,,"",""
ball,1,85.6,Sussex,TJ Haines,JA Simpson,AAP Atkinson,0,0,,,,,,"",""
ball,1,86.1,Sussex,JA Simpson,TJ Haines,DJ Worrall,0,0,,,,,,"",""
ball,1,86.2,Sussex,JA Simpson,TJ Haines,DJ Worrall,1,0,,,,,,"",""
ball,1,86.3,Sussex,TJ Haines,JA Simpson,DJ Worrall,1,0,,,,,,"",""
ball,1,86.4,Sussex,JA Simpson,TJ Haines,DJ Worrall,0,0,,,,,,"",""
ball,1,86.5,Sussex,JA Simpson,TJ Haines,DJ Worrall,0,0,,,,,,"",""
ball,1,86.6,Sussex,JA Simpson,TJ Haines,DJ Worrall,0,0,,,,,,"",""
ball,1,87.1,Sussex,TJ Haines,JA Simpson,MD Fisher,0,0,,,,,,"",""
ball,1,87.2,Sussex,TJ Haines,JA Simpson,MD Fisher,2,0,,,,,,"",""
ball,1,87.3,Sussex,TJ Haines,JA Simpson,MD Fisher,0,0,,,,,,"",""
ball,1,87.4,Sussex,TJ Haines,JA Simpson,MD Fisher,0,0,,,,,,"",""
ball,1,87.5,Sussex,TJ Haines,JA Simpson,MD Fisher,0,0,,,,,,"",""
ball,1,87.6,Sussex,TJ Haines,JA Simpson,MD Fisher,2,0,,,,,,"",""
ball,1,88.1,Sussex,JA Simpson,TJ Haines,DJ Worrall,0,0,,,,,,"",""
ball,1,88.2,Sussex,JA Simpson,TJ Haines,DJ Worrall,0,0,,,,,,"",""
ball,1,88.3,Sussex,JA Simpson,TJ Haines,DJ Worrall,0,0,,,,,,"",""
ball,1,88.4,Sussex,JA Simpson,TJ Haines,DJ Worrall,1,0,,,,,,"",""
ball,1,88.5,Sussex,TJ Haines,JA Simpson,DJ Worrall,0,0,,,,,,"",""
ball,1,88.6,Sussex,TJ Haines,JA Simpson,DJ Worrall,0,0,,,,,,"",""
ball,1,89.1,Sussex,JA Simpson,TJ Haines,MD Fisher,1,0,,,,,,"",""
ball,1,89.2,Sussex,TJ Haines,JA Simpson,MD Fisher,0,0,,,,,,"",""
ball,1,89.3,Sussex,TJ Haines,JA Simpson,MD Fisher,0,0,,,,,,"",""
ball,1,89.4,Sussex,TJ Haines,JA Simpson,MD Fisher,0,0,,,,,,"",""
ball,1,89.5,Sussex,TJ Haines,JA Simpson,MD Fisher,0,0,,,,,,"",""
ball,1,89.6,Sussex,TJ Haines,JA Simpson,MD Fisher,2,0,,,,,,"",""
ball,1,90.1,Sussex,JA Simpson,TJ Haines,DJ Worrall,0,0,,,,,,"",""
ball,1,90.2,Sussex,JA Simpson,TJ Haines,DJ Worrall,0,0,,,,,,"",""
ball,1,90.3,Sussex,JA Simpson,TJ Haines,DJ Worrall,0,0,,,,,,"",""
ball,1,90.4,Sussex,JA Simpson,TJ Haines,DJ Worrall,0,0,,,,,,"",""
ball,1,90.5,Sussex,JA Simpson,TJ Haines,DJ Worrall,0,0,,,,,,"",""
ball,1,90.6,Sussex,JA Simpson,TJ Haines,DJ Worrall,1,0,,,,,,"",""
ball,1,91.1,Sussex,JA Simpson,TJ Haines,MD Fisher,0,0,,,,,,"",""
ball,1,91.2,Sussex,JA Simpson,TJ Haines,MD Fisher,0,0,,,,,,"",""
ball,1,91.3,Sussex,JA Simpson,TJ Haines,MD Fisher,0,0,,,,,,"",""
ball,1,91.4,Sussex,JA Simpson,TJ Haines,MD Fisher,1,0,,,,,,"",""
ball,1,91.5,Sussex,TJ Haines,JA Simpson,MD Fisher,0,0,,,,,,"",""
ball,1,91.6,Sussex,TJ Haines,JA Simpson,MD Fisher,0,0,,,,,,"",""
ball,1,92.1,Sussex,JA Simpson,TJ Haines,DJ Worrall,0,0,,,,,,"",""
ball,1,92.2,Sussex,JA Simpson,TJ Haines,DJ Worrall,0,0,,,,,,"",""
ball,1,92.3,Sussex,JA Simpson,TJ Haines,DJ Worrall,0,0,,,,,,"",""
ball,1,92.4,Sussex,JA Simpson,TJ Haines,DJ Worrall,0,0,,,,,,"",""
ball,1,92.5,Sussex,JA Simpson,TJ Haines,DJ Worrall,0,0,,,,,,"",""
ball,1,92.6,Sussex,JA Simpson,TJ Haines,DJ Worrall,0,0,,,,,,"",""
ball,1,93.1,Sussex,TJ Haines,JA Simpson,MD Fisher,0,0,,,,,,"",""
ball,1,93.2,Sussex,TJ Haines,JA Simpson,MD Fisher,0,0,,,,,,"",""
ball,1,93.3,Sussex,TJ Haines,JA Simpson,MD Fisher,0,0,,,,,,"",""
ball,1,93.4,Sussex,TJ Haines,JA Simpson,MD Fisher,1,0,,,,,,"",""
ball,1,93.5,Sussex,JA Simpson,TJ Haines,MD Fisher,1,0,,,,,,"",""
ball,1,93.6,Sussex,TJ Haines,JA Simpson,MD Fisher,2,0,,,,,,"",""
ball,1,94.1,Sussex,JA Simpson,TJ Haines,DJ Worrall,0,0,,,,,,"",""
ball,1,94.2,Sussex,JA Simpson,TJ Haines,DJ Worrall,0,0,,,,,,"",""
ball,1,94.3,Sussex,JA Simpson,TJ Haines,DJ Worrall,0,0,,,,,,"",""
ball,1,94.4,Sussex,JA Simpson,TJ Haines,DJ Worrall,0,0,,,,,,"",""
ball,1,94.5,Sussex,JA Simpson,TJ Haines,DJ Worrall,0,0,,,,,,"",""
ball,1,94.6,Sussex,JA Simpson,TJ Haines,DJ Worrall,1,0,,,,,,"",""
ball,1,95.1,Sussex,JA Simpson,TJ Haines,MD Fisher,1,0,,,,,,"",""
ball,1,95.2,Sussex,TJ Haines,JA Simpson,MD Fisher,0,0,,,,,,"",""
ball,1,95.3,Sussex,TJ Haines,JA Simpson,MD Fisher,1,0,,,,,,"",""
ball,1,95.4,Sussex,JA Simpson,TJ Haines,MD Fisher,0,0,,,,,,"",""
ball,1,95.5,Sussex,JA Simpson,TJ Haines,MD Fisher,0,0,,,,,,"",""
ball,1,95.6,Sussex,JA Simpson,TJ Haines,MD Fisher,0,0,,,,,,"",""
ball,1,96.1,Sussex,TJ Haines,JA Simpson,DW Lawrence,0,0,,,,,,"",""
ball,1,96.2,Sussex,TJ Haines,JA Simpson,DW Lawrence,0,0,,,,,,"",""
ball,1,96.3,Sussex,TJ Haines,JA Simpson,DW Lawrence,0,0,,,,,,"",""
ball,1,96.4,Sussex,TJ Haines,JA Simpson,DW Lawrence,0,0,,,,,,"",""
ball,1,96.5,Sussex,TJ Haines,JA Simpson,DW Lawrence,0,0,,,,,,"",""
ball,1,96.6,Sussex,TJ Haines,JA Simpson,DW Lawrence,0,0,,,,,,"",""
ball,1,97.1,Sussex,JA Simpson,TJ Haines,MD Fisher,3,0,,,,,,"",""
ball,1,97.2,Sussex,TJ Haines,JA Simpson,MD Fisher,0,0,,,,,,"",""
ball,1,97.3,Sussex,TJ Haines,JA Simpson,MD Fisher,1,0,,,,,,"",""
ball,1,97.4,Sussex,JA Simpson,TJ Haines,MD Fisher,0,0,,,,,,"",""
ball,1,97.5,Sussex,JA Simpson,TJ Haines,MD Fisher,0,0,,,,,,"",""
ball,1,97.6,Sussex,JA Simpson,TJ Haines,MD Fisher,0,0,,,,,,"",""
ball,1,98.1,Sussex,TJ Haines,JA Simpson,DW Lawrence,3,0,,,,,,"",""
ball,1,98.2,Sussex,JA Simpson,TJ Haines,DW Lawrence,0,0,,,,,,"",""
ball,1,98.3,Sussex,JA Simpson,TJ Haines,DW Lawrence,1,0,,,,,,"",""
ball,1,98.4,Sussex,TJ Haines,JA Simpson,DW Lawrence,0,0,,,,,,"",""
ball,1,98.5,Sussex,TJ Haines,JA Simpson,DW Lawrence,0,0,,,,,,"",""
ball,1,98.6,Sussex,TJ Haines,JA Simpson,DW Lawrence,0,0,,,,,,"",""
ball,1,99.1,Sussex,JA Simpson,TJ Haines,AAP Atkinson,2,0,,,,,,"",""
ball,1,99.2,Sussex,JA Simpson,TJ Haines,AAP Atkinson,0,0,,,,,,"",""
ball,1,99.3,Sussex,JA Simpson,TJ Haines,AAP Atkinson,0,0,,,,,,"",""
ball,1,99.4,Sussex,JA Simpson,TJ Haines,AAP Atkinson,0,0,,,,,,"",""
ball,1,99.5,Sussex,JA Simpson,TJ Haines,AAP Atkinson,0,0,,,,,,"",""
ball,1,99.6,Sussex,JA Simpson,TJ Haines,AAP Atkinson,0,0,,,,,,"",""
ball,1,100.1,Sussex,TJ Haines,JA Simpson,DW Lawrence,0,0,,,,,,"",""
ball,1,100.2,Sussex,TJ Haines,JA Simpson,DW Lawrence,0,0,,,,,,"",""
ball,1,100.3,Sussex,TJ Haines,JA Simpson,DW Lawrence,1,0,,,,,,"",""
ball,1,100.4,Sussex,JA Simpson,TJ Haines,DW Lawrence,0,0,,,,,,"",""
ball,1,100.5,Sussex,JA Simpson,TJ Haines,DW Lawrence,0,0,,,,,,"",""
ball,1,100.6,Sussex,JA Simpson,TJ Haines,DW Lawrence,1,0,,,,,,"",""
ball,1,101.1,Sussex,JA Simpson,TJ Haines,AAP Atkinson,0,0,,,,,,caught,JA Simpson
ball,1,101.2,Sussex,FJ Hudson-Prentice,TJ Haines,AAP Atkinson,0,0,,,,,,"",""
ball,1,101.3,Sussex,FJ Hudson-Prentice,TJ Haines,AAP Atkinson,0,0,,,,,,"",""
ball,1,101.4,Sussex,FJ Hudson-Prentice,TJ Haines,AAP Atkinson,0,0,,,,,,"",""
ball,1,101.5,Sussex,FJ Hudson-Prentice,TJ Haines,AAP Atkinson,0,0,,,,,,"",""
ball,1,101.6,Sussex,FJ Hudson-Prentice,TJ Haines,AAP Atkinson,0,0,,,,,,"",""
ball,1,102.1,Sussex,TJ Haines,FJ Hudson-Prentice,J Clark,0,0,,,,,,"",""
ball,1,102.2,Sussex,TJ Haines,FJ Hudson-Prentice,J Clark,0,0,,,,,,"",""
ball,1,102.3,Sussex,TJ Haines,FJ Hudson-Prentice,J Clark,1,0,,,,,,"",""
ball,1,102.4,Sussex,FJ Hudson-Prentice,TJ Haines,J Clark,0,0,,,,,,"",""
ball,1,102.5,Sussex,FJ Hudson-Prentice,TJ Haines,J Clark,0,0,,,,,,"",""
ball,1,102.6,Sussex,FJ Hudson-Prentice,TJ Haines,J Clark,0,0,,,,,,"",""
ball,1,103.1,Sussex,TJ Haines,FJ Hudson-Prentice,AAP Atkinson,0,0,,,,,,"",""
ball,1,103.2,Sussex,TJ Haines,FJ Hudson-Prentice,AAP Atkinson,4,0,,,,,,"",""
ball,1,103.3,Sussex,TJ Haines,FJ Hudson-Prentice,AAP Atkinson,0,0,,,,,,"",""
ball,1,103.4,Sussex,TJ Haines,FJ Hudson-Prentice,AAP Atkinson,5,0,,,,,,"",""
ball,1,103.5,Sussex,FJ Hudson-Prentice,TJ Haines,AAP Atkinson,0,0,,,,,,"",""
ball,1,103.6,Sussex,FJ Hudson-Prentice,TJ Haines,AAP Atkinson,0,0,,,,,,"",""
ball,1,104.1,Sussex,TJ Haines,FJ Hudson-Prentice,J Clark,4,0,,,,,,"",""
ball,1,104.2,Sussex,TJ Haines,FJ Hudson-Prentice,J Clark,0,0,,,,,,"",""
ball,1,104.3,Sussex,TJ Haines,FJ Hudson-Prentice,J Clark,1,0,,,,,,"",""
ball,1,104.4,Sussex,FJ Hudson-Prentice,TJ Haines,J Clark,0,0,,,,,,"",""
ball,1,104.5,Sussex,FJ Hudson-Prentice,TJ Haines,J Clark,0,0,,,,,,"",""
ball,1,104.6,Sussex,FJ Hudson-Prentice,TJ Haines,J Clark,0,0,,,,,,"",""
ball,1,105.1,Sussex,TJ Haines,FJ Hudson-Prentice,AAP Atkinson,0,0,,,,,,"",""
ball,1,105.2,Sussex,TJ Haines,FJ Hudson-Prentice,AAP Atkinson,1,0,,,,,,"",""
ball,1,105.3,Sussex,FJ Hudson-Prentice,TJ Haines,AAP Atkinson,0,0,,,,,,"",""
ball,1,105.4,Sussex,FJ Hudson-Prentice,TJ Haines,AAP Atkinson,1,0,,,,,,"",""
ball,1,105.5,Sussex,TJ Haines,FJ Hudson-Prentice,AAP Atkinson,1,0,,,,,,"",""
ball,1,105.6,Sussex,FJ Hudson-Prentice,TJ Haines,AAP Atkinson,0,1,,,,1,,"",""
ball,1,106.1,Sussex,FJ Hudson-Prentice,TJ Haines,J Clark,1,0,,,,,,"",""
ball,1,106.2,Sussex,TJ Haines,FJ Hudson-Prentice,J Clark,0,0,,,,,,"",""
ball,1,106.3,Sussex,TJ Haines,FJ Hudson-Prentice,J Clark,0,0,,,,,,"",""
ball,1,106.4,Sussex,TJ Haines,FJ Hudson-Prentice,J Clark,0,0,,,,,,"",""
ball,1,106.5,Sussex,TJ Haines,FJ Hudson-Prentice,J Clark,1,0,,,,,,"",""
ball,1,106.6,Sussex,FJ Hudson-Prentice,TJ Haines,J Clark,4,0,,,,,,"",""
ball,1,107.1,Sussex,TJ Haines,FJ Hudson-Prentice,AAP Atkinson,2,0,,,,,,"",""
ball,1,107.2,Sussex,TJ Haines,FJ Hudson-Prentice,AAP Atkinson,1,0,,,,,,"",""
ball,1,107.3,Sussex,FJ Hudson-Prentice,TJ Haines,AAP Atkinson,0,0,,,,,,"",""
ball,1,107.4,Sussex,FJ Hudson-Prentice,TJ Haines,AAP Atkinson,0,0,,,,,,"",""
ball,1,107.5,Sussex,FJ Hudson-Prentice,TJ Haines,AAP Atkinson,0,0,,,,,,"",""
ball,1,107.6,Sussex,FJ Hudson-Prentice,TJ Haines,AAP Atkinson,4,0,,,,,,"",""
ball,1,108.1,Sussex,TJ Haines,FJ Hudson-Prentice,DW Lawrence,4,0,,,,,,"",""
ball,1,108.2,Sussex,TJ Haines,FJ Hudson-Prentice,DW Lawrence,1,0,,,,,,"",""
ball,1,108.3,Sussex,FJ Hudson-Prentice,TJ Haines,DW Lawrence,0,0,,,,,,"",""
ball,1,108.4,Sussex,FJ Hudson-Prentice,TJ Haines,DW Lawrence,0,0,,,,,,"",""
ball,1,108.5,Sussex,FJ Hudson-Prentice,TJ Haines,DW Lawrence,0,0,,,,,,"",""
ball,1,108.6,Sussex,FJ Hudson-Prentice,TJ Haines,DW Lawrence,4,0,,,,,,"",""
ball,1,109.1,Sussex,TJ Haines,FJ Hudson-Prentice,AAP Atkinson,1,0,,,,,,"",""
ball,1,109.2,Sussex,FJ Hudson-Prentice,TJ Haines,AAP Atkinson,2,0,,,,,,"",""
ball,1,109.3,Sussex,FJ Hudson-Prentice,TJ Haines,AAP Atkinson,1,0,,,,,,"",""
ball,1,109.4,Sussex,TJ Haines,FJ Hudson-Prentice,AAP Atkinson,0,0,,,,,,bowled,TJ Haines
ball,1,109.5,Sussex,DJ Lamb,FJ Hudson-Prentice,AAP Atkinson,0,0,,,,,,"",""
ball,1,109.6,Sussex,DJ Lamb,FJ Hudson-Prentice,AAP Atkinson,4,0,,,,,,"",""
ball,1,110.1,Sussex,FJ Hudson-Prentice,DJ Lamb,DW Lawrence,1,0,,,,,,"",""
ball,1,110.2,Sussex,DJ Lamb,FJ Hudson-Prentice,DW Lawrence,0,0,,,,,,"",""
ball,1,110.3,Sussex,DJ Lamb,FJ Hudson-Prentice,DW Lawrence,0,0,,,,,,"",""
ball,1,110.4,Sussex,DJ Lamb,FJ Hudson-Prentice,DW Lawrence,0,0,,,,,,"",""
ball,1,110.5,Sussex,DJ Lamb,FJ Hudson-Prentice,DW Lawrence,0,0,,,,,,"",""
ball,1,110.6,Sussex,DJ Lamb,FJ Hudson-Prentice,DW Lawrence,0,0,,,,,,"",""
ball,1,111.1,Sussex,FJ Hudson-Prentice,DJ Lamb,J Clark,1,0,,,,,,"",""
ball,1,111.2,Sussex,DJ Lamb,FJ Hudson-Prentice,J Clark,0,0,,,,,,"",""
ball,1,111.3,Sussex,DJ Lamb,FJ Hudson-Prentice,J Clark,0,0,,,,,,"",""
ball,1,111.4,Sussex,DJ Lamb,FJ Hudson-Prentice,J Clark,0,0,,,,,,"",""
ball,1,111.5,Sussex,DJ Lamb,FJ Hudson-Prentice,J Clark,0,0,,,,,,"",""
ball,1,111.6,Sussex,DJ Lamb,FJ Hudson-Prentice,J Clark,0,0,,,,,,"",""
ball,1,112.1,Sussex,FJ Hudson-Prentice,DJ Lamb,DW Lawrence,1,0,,,,,,"",""
ball,1,112.2,Sussex,DJ Lamb,FJ Hudson-Prentice,DW Lawrence,1,0,,,,,,"",""
ball,1,112.3,Sussex,FJ Hudson-Prentice,DJ Lamb,DW Lawrence,1,0,,,,,,"",""
ball,1,112.4,Sussex,DJ Lamb,FJ Hudson-Prentice,DW Lawrence,0,0,,,,,,"",""
ball,1,112.5,Sussex,DJ Lamb,FJ Hudson-Prentice,DW Lawrence,0,0,,,,,,"",""
ball,1,112.6,Sussex,DJ Lamb,FJ Hudson-Prentice,DW Lawrence,0,0,,,,,,"",""
ball,1,113.1,Sussex,FJ Hudson-Prentice,DJ Lamb,J Clark,0,1,,,,1,,"",""
ball,1,113.2,Sussex,DJ Lamb,FJ Hudson-Prentice,J Clark,0,0,,,,,,"",""
ball,1,113.3,Sussex,DJ Lamb,FJ Hudson-Prentice,J Clark,0,0,,,,,,"",""
ball,1,113.4,Sussex,JJ Carson,FJ Hudson-Prentice,J Clark,0,0,,,,,,"",""
ball,1,113.5,Sussex,JJ Carson,FJ Hudson-Prentice,J Clark,0,0,,,,,,"",""
ball,1,113.6,Sussex,JJ Carson,FJ Hudson-Prentice,J Clark,0,0,,,,,,"",""
ball,1,114.1,Sussex,FJ Hudson-Prentice,JJ Carson,DW Lawrence,1,0,,,,,,"",""
ball,1,114.2,Sussex,JJ Carson,FJ Hudson-Prentice,DW Lawrence,0,0,,,,,,"",""
ball,1,114.3,Sussex,JJ Carson,FJ Hudson-Prentice,DW Lawrence,0,0,,,,,,"",""
ball,1,114.4,Sussex,JJ Carson,FJ Hudson-Prentice,DW Lawrence,0,0,,,,,,"",""
ball,1,114.5,Sussex,JJ Carson,FJ Hudson-Prentice,DW Lawrence,0,0,,,,,,"",""
ball,1,114.6,Sussex,JJ Carson,FJ Hudson-Prentice,DW Lawrence,4,0,,,,,,"",""
ball,1,115.1,Sussex,FJ Hudson-Prentice,JJ Carson,J Clark,0,0,,,,,,"",""
ball,1,115.2,Sussex,FJ Hudson-Prentice,JJ Carson,J Clark,1,0,,,,,,"",""
ball,1,115.3,Sussex,JJ Carson,FJ Hudson-Prentice,J Clark,1,0,,,,,,"",""
ball,1,115.4,Sussex,FJ Hudson-Prentice,JJ Carson,J Clark,0,0,,,,,,"",""
ball,1,115.5,Sussex,FJ Hudson-Prentice,JJ Carson,J Clark,0,0,,,,,,"",""
ball,1,115.6,Sussex,FJ Hudson-Prentice,JJ Carson,J Clark,1,0,,,,,,"",""
ball,1,116.1,Sussex,FJ Hudson-Prentice,JJ Carson,DW Lawrence,0,0,,,,,,"",""
ball,1,116.2,Sussex,FJ Hudson-Prentice,JJ Carson,DW Lawrence,0,0,,,,,,"",""
ball,1,116.3,Sussex,FJ Hudson-Prentice,JJ Carson,DW Lawrence,1,0,,,,,,"",""
ball,1,116.4,Sussex,JJ Carson,FJ Hudson-Prentice,DW Lawrence,0,0,,,,,,"",""
ball,1,116.5,Sussex,JJ Carson,FJ Hudson-Prentice,DW Lawrence,0,0,,,,,,"",""
ball,1,116.6,Sussex,JJ Carson,FJ Hudson-Prentice,DW Lawrence,1,0,,,,,,"",""
ball,1,117.1,Sussex,JJ Carson,FJ Hudson-Prentice,J Clark,0,0,,,,,,caught,JJ Carson
ball,1,117.2,Sussex,OE Robinson,FJ Hudson-Prentice,J Clark,1,0,,,,,,"",""
ball,1,117.3,Sussex,FJ Hudson-Prentice,OE Robinson,J Clark,1,0,,,,,,"",""
ball,1,117.4,Sussex,OE Robinson,FJ Hudson-Prentice,J Clark,0,0,,,,,,"",""
ball,1,117.5,Sussex,OE Robinson,FJ Hudson-Prentice,J Clark,0,0,,,,,,"",""
ball,1,117.6,Sussex,OE Robinson,FJ Hudson-Prentice,J Clark,0,0,,,,,,"",""
ball,1,118.1,Sussex,FJ Hudson-Prentice,OE Robinson,DW Lawrence,0,0,,,,,,"",""
ball,1,118.2,Sussex,FJ Hudson-Prentice,OE Robinson,DW Lawrence,0,0,,,,,,"",""
ball,1,118.3,Sussex,FJ Hudson-Prentice,OE Robinson,DW Lawrence,0,0,,,,,,"",""
ball,1,118.4,Sussex,FJ Hudson-Prentice,OE Robinson,DW Lawrence,0,0,,,,,,"",""
ball,1,118.5,Sussex,FJ Hudson-Prentice,OE Robinson,DW Lawrence,0,0,,,,,,"",""
ball,1,118.6,Sussex,FJ Hudson-Prentice,OE Robinson,DW Lawrence,1,0,,,,,,"",""
ball,1,119.1,Sussex,FJ Hudson-Prentice,OE Robinson,AAP Atkinson,0,1,,,,1,,"",""
ball,1,119.2,Sussex,OE Robinson,FJ Hudson-Prentice,AAP Atkinson,4,0,,,,,,"",""
ball,1,119.3,Sussex,OE Robinson,FJ Hudson-Prentice,AAP Atkinson,0,0,,,,,,bowled,OE Robinson
ball,1,119.4,Sussex,DJ Lamb,FJ Hudson-Prentice,AAP Atkinson,0,0,,,,,,"",""
ball,1,119.5,Sussex,DJ Lamb,FJ Hudson-Prentice,AAP Atkinson,0,0,,,,,,"",""
ball,1,119.6,Sussex,DJ Lamb,FJ Hudson-Prentice,AAP Atkinson,0,0,,,,,,"",""
ball,1,120.1,Sussex,FJ Hudson-Prentice,DJ Lamb,DJ Worrall,1,0,,,,,,"",""
ball,1,120.2,Sussex,DJ Lamb,FJ Hudson-Prentice,DJ Worrall,1,0,,,,,,"",""
ball,1,120.3,Sussex,FJ Hudson-Prentice,DJ Lamb,DJ Worrall,1,0,,,,,,"",""
ball,1,120.4,Sussex,DJ Lamb,FJ Hudson-Prentice,DJ Worrall,0,0,,,,,,"",""
ball,1,120.5,Sussex,DJ Lamb,FJ Hudson-Prentice,DJ Worrall,0,0,,,,,,"",""
ball,1,120.6,Sussex,DJ Lamb,FJ Hudson-Prentice,DJ Worrall,1,0,,,,,,"",""
ball,1,121.1,Sussex,DJ Lamb,FJ Hudson-Prentice,AAP Atkinson,0,0,,,,,,"",""
ball,1,121.2,Sussex,DJ Lamb,FJ Hudson-Prentice,AAP Atkinson,0,0,,,,,,"",""
ball,1,121.3,Sussex,DJ Lamb,FJ Hudson-Prentice,AAP Atkinson,0,0,,,,,,"",""
ball,1,121.4,Sussex,DJ Lamb,FJ Hudson-Prentice,AAP Atkinson,0,0,,,,,,"",""
ball,1,121.5,Sussex,DJ Lamb,FJ Hudson-Prentice,AAP Atkinson,0,0,,,,,,"",""
ball,1,121.6,Sussex,DJ Lamb,FJ Hudson-Prentice,AAP Atkinson,0,0,,,,,,"",""
ball,1,122.1,Sussex,FJ Hudson-Prentice,DJ Lamb,DJ Worrall,0,0,,,,,,"",""
ball,1,122.2,Sussex,FJ Hudson-Prentice,DJ Lamb,DJ Worrall,1,0,,,,,,"",""
ball,1,122.3,Sussex,DJ Lamb,FJ Hudson-Prentice,DJ Worrall,0,0,,,,,,"",""
ball,1,122.4,Sussex,DJ Lamb,FJ Hudson-Prentice,DJ Worrall,0,0,,,,,,"",""
ball,1,122.5,Sussex,DJ Lamb,FJ Hudson-Prentice,DJ Worrall,4,0,,,,,,"",""
ball,1,122.6,Sussex,DJ Lamb,FJ Hudson-Prentice,DJ Worrall,0,0,,,,,,"",""
ball,1,123.1,Sussex,FJ Hudson-Prentice,DJ Lamb,AAP Atkinson,2,0,,,,,,"",""
ball,1,123.2,Sussex,FJ Hudson-Prentice,DJ Lamb,AAP Atkinson,1,0,,,,,,"",""
ball,1,123.3,Sussex,DJ Lamb,FJ Hudson-Prentice,AAP Atkinson,0,0,,,,,,"",""
ball,1,123.4,Sussex,DJ Lamb,FJ Hudson-Prentice,AAP Atkinson,0,0,,,,,,"",""
ball,1,123.5,Sussex,DJ Lamb,FJ Hudson-Prentice,AAP Atkinson,0,0,,,,,,"",""
ball,1,123.6,Sussex,DJ Lamb,FJ Hudson-Prentice,AAP Atkinson,0,0,,,,,,"",""
ball,1,124.1,Sussex,FJ Hudson-Prentice,DJ Lamb,DJ Worrall,0,0,,,,,,"",""
ball,1,124.2,Sussex,FJ Hudson-Prentice,DJ Lamb,DJ Worrall,0,0,,,,,,"",""
ball,1,124.3,Sussex,FJ Hudson-Prentice,DJ Lamb,DJ Worrall,1,0,,,,,,"",""
ball,1,124.4,Sussex,DJ Lamb,FJ Hudson-Prentice,DJ Worrall,0,0,,,,,,"",""
ball,1,124.5,Sussex,DJ Lamb,FJ Hudson-Prentice,DJ Worrall,0,0,,,,,,"",""
ball,1,124.6,Sussex,DJ Lamb,FJ Hudson-Prentice,DJ Worrall,1,0,,,,,,"",""
ball,1,125.1,Sussex,DJ Lamb,FJ Hudson-Prentice,AAP Atkinson,0,0,,,,,,"",""
ball,1,125.2,Sussex,DJ Lamb,FJ Hudson-Prentice,AAP Atkinson,0,0,,,,,,"",""
ball,1,125.3,Sussex,DJ Lamb,FJ Hudson-Prentice,AAP Atkinson,0,0,,,,,,"",""
ball,1,125.4,Sussex,DJ Lamb,FJ Hudson-Prentice,AAP Atkinson,0,0,,,,,,"",""
ball,1,125.5,Sussex,DJ Lamb,FJ Hudson-Prentice,AAP Atkinson,0,0,,,,,,"",""
ball,1,125.6,Sussex,DJ Lamb,FJ Hudson-Prentice,AAP Atkinson,0,0,,,,,,"",""
ball,1,126.1,Sussex,FJ Hudson-Prentice,DJ Lamb,DJ Worrall,0,0,,,,,,"",""
ball,1,126.2,Sussex,FJ Hudson-Prentice,DJ Lamb,DJ Worrall,0,0,,,,,,"",""
ball,1,126.3,Sussex,FJ Hudson-Prentice,DJ Lamb,DJ Worrall,1,2,,2,,,,"",""
ball,1,126.4,Sussex,DJ Lamb,FJ Hudson-Prentice,DJ Worrall,0,0,,,,,,"",""
ball,1,126.5,Sussex,DJ Lamb,FJ Hudson-Prentice,DJ Worrall,0,0,,,,,,"",""
ball,1,126.6,Sussex,DJ Lamb,FJ Hudson-Prentice,DJ Worrall,0,0,,,,,,"",""
ball,1,126.7,Sussex,DJ Lamb,FJ Hudson-Prentice,DJ Worrall,0,0,,,,,,"",""
ball,1,127.1,Sussex,FJ Hudson-Prentice,DJ Lamb,AAP Atkinson,0,0,,,,,,"",""
ball,1,127.2,Sussex,FJ Hudson-Prentice,DJ Lamb,AAP Atkinson,1,0,,,,,,"",""
ball,1,127.3,Sussex,DJ Lamb,FJ Hudson-Prentice,AAP Atkinson,0,0,,,,,,"",""
ball,1,127.4,Sussex,DJ Lamb,FJ Hudson-Prentice,AAP Atkinson,0,0,,,,,,"",""
ball,1,127.5,Sussex,DJ Lamb,FJ Hudson-Prentice,AAP Atkinson,0,0,,,,,,"",""
ball,1,127.6,Sussex,DJ Lamb,FJ Hudson-Prentice,AAP Atkinson,0,0,,,,,,"",""
ball,1,128.1,Sussex,FJ Hudson-Prentice,DJ Lamb,DJ Worrall,1,0,,,,,,"",""
ball,1,128.2,Sussex,DJ Lamb,FJ Hudson-Prentice,DJ Worrall,0,0,,,,,,"",""
ball,1,128.3,Sussex,DJ Lamb,FJ Hudson-Prentice,DJ Worrall,0,0,,,,,,"",""
ball,1,128.4,Sussex,DJ Lamb,FJ Hudson-Prentice,DJ Worrall,0,0,,,,,,"",""
ball,1,128.5,Sussex,DJ Lamb,FJ Hudson-Prentice,DJ Worrall,0,0,,,,,,"",""
ball,1,128.6,Sussex,DJ Lamb,FJ Hudson-Prentice,DJ Worrall,0,0,,,,,,"",""
ball,1,129.1,Sussex,FJ Hudson-Prentice,DJ Lamb,AAP Atkinson,0,0,,,,,,"",""
ball,1,129.2,Sussex,FJ Hudson-Prentice,DJ Lamb,AAP Atkinson,3,0,,,,,,"",""
ball,1,129.3,Sussex,DJ Lamb,FJ Hudson-Prentice,AAP Atkinson,1,0,,,,,,"",""
ball,1,129.4,Sussex,FJ Hudson-Prentice,DJ Lamb,AAP Atkinson,0,0,,,,,,"",""
ball,1,129.5,Sussex,FJ Hudson-Prentice,DJ Lamb,AAP Atkinson,0,0,,,,,,"",""
ball,1,129.6,Sussex,FJ Hudson-Prentice,DJ Lamb,AAP Atkinson,1,0,,,,,,"",""
ball,1,130.1,Sussex,FJ Hudson-Prentice,DJ Lamb,DJ Worrall,0,0,,,,,,"",""
ball,1,130.2,Sussex,FJ Hudson-Prentice,DJ Lamb,DJ Worrall,0,0,,,,,,"",""
ball,1,130.3,Sussex,FJ Hudson-Prentice,DJ Lamb,DJ Worrall,0,0,,,,,,caught,FJ Hudson-Prentice
ball,1,130.4,Sussex,JNT Seales,DJ Lamb,DJ Worrall,0,0,,,,,,"",""
ball,1,130.5,Sussex,JNT Seales,DJ Lamb,DJ Worrall,0,0,,,,,,"",""
ball,1,130.6,Sussex,JNT Seales,DJ Lamb,DJ Worrall,2,0,,,,,,"",""
ball,1,131.1,Sussex,DJ Lamb,JNT Seales,AAP Atkinson,0,0,,,,,,"",""
ball,1,131.2,Sussex,DJ Lamb,JNT Seales,AAP Atkinson,0,0,,,,,,"",""
ball,1,131.3,Sussex,DJ Lamb,JNT Seales,AAP Atkinson,0,0,,,,,,"",""
ball,1,131.4,Sussex,DJ Lamb,JNT Seales,AAP Atkinson,1,0,,,,,,"",""
ball,1,131.5,Sussex,JNT Seales,DJ Lamb,AAP Atkinson,1,0,,,,,,"",""
ball,1,131.6,Sussex,DJ Lamb,JNT Seales,AAP Atkinson,0,0,,,,,,"",""
ball,1,132.1,Sussex,JNT Seales,DJ Lamb,DJ Worrall,0,0,,,,,,"",""
ball,1,132.2,Sussex,JNT Seales,DJ Lamb,DJ Worrall,0,0,,,,,,caught,JNT Seales
ball,2,0.1,Surrey,RJ Burns,DP Sibley,OE Robinson,0,0,,,,,,"",""
ball,2,0.2,Surrey,RJ Burns,DP Sibley,OE Robinson,0,1,,,,1,,"",""
ball,2,0.3,Surrey,DP Sibley,RJ Burns,OE Robinson,0,0,,,,,,"",""
ball,2,0.4,Surrey,DP Sibley,RJ Burns,OE Robinson,0,0,,,,,,"",""
ball,2,0.5,Surrey,DP Sibley,RJ Burns,OE Robinson,0,0,,,,,,"",""
ball,2,0.6,Surrey,DP Sibley,RJ Burns,OE Robinson,0,0,,,,,,"",""
ball,2,1.1,Surrey,RJ Burns,DP Sibley,JNT Seales,0,0,,,,,,"",""
ball,2,1.2,Surrey,RJ Burns,DP Sibley,JNT Seales,0,0,,,,,,"",""
ball,2,1.3,Surrey,RJ Burns,DP Sibley,JNT Seales,0,0,,,,,,"",""
ball,2,1.4,Surrey,RJ Burns,DP Sibley,JNT Seales,0,0,,,,,,"",""
ball,2,1.5,Surrey,RJ Burns,DP Sibley,JNT Seales,4,0,,,,,,"",""
ball,2,1.6,Surrey,RJ Burns,DP Sibley,JNT Seales,0,4,,,4,,,"",""
ball,2,2.1,Surrey,DP Sibley,RJ Burns,OE Robinson,0,0,,,,,,"",""
ball,2,2.2,Surrey,DP Sibley,RJ Burns,OE Robinson,0,0,,,,,,"",""
ball,2,2.3,Surrey,DP Sibley,RJ Burns,OE Robinson,0,0,,,,,,"",""
ball,2,2.4,Surrey,DP Sibley,RJ Burns,OE Robinson,0,0,,,,,,"",""
ball,2,2.5,Surrey,DP Sibley,RJ Burns,OE Robinson,0,0,,,,,,"",""
ball,2,2.6,Surrey,DP Sibley,RJ Burns,OE Robinson,0,0,,,,,,"",""
ball,2,3.1,Surrey,RJ Burns,DP Sibley,JNT Seales,0,0,,,,,,"",""
ball,2,3.2,Surrey,RJ Burns,DP Sibley,JNT Seales,1,0,,,,,,"",""
ball,2,3.3,Surrey,DP Sibley,RJ Burns,JNT Seales,2,0,,,,,,"",""
ball,2,3.4,Surrey,DP Sibley,RJ Burns,JNT Seales,0,0,,,,,,"",""
ball,2,3.5,Surrey,DP Sibley,RJ Burns,JNT Seales,0,0,,,,,,"",""
ball,2,3.6,Surrey,DP Sibley,RJ Burns,JNT Seales,0,0,,,,,,"",""
ball,2,4.1,Surrey,RJ Burns,DP Sibley,OE Robinson,0,0,,,,,,"",""
ball,2,4.2,Surrey,RJ Burns,DP Sibley,OE Robinson,0,0,,,,,,"",""
ball,2,4.3,Surrey,RJ Burns,DP Sibley,OE Robinson,0,0,,,,,,"",""
ball,2,4.4,Surrey,RJ Burns,DP Sibley,OE Robinson,0,0,,,,,,"",""
ball,2,4.5,Surrey,RJ Burns,DP Sibley,OE Robinson,4,0,,,,,,"",""
ball,2,4.6,Surrey,RJ Burns,DP Sibley,OE Robinson,0,0,,,,,,"",""
ball,2,5.1,Surrey,DP Sibley,RJ Burns,JNT Seales,0,0,,,,,,"",""
ball,2,5.2,Surrey,DP Sibley,RJ Burns,JNT Seales,3,0,,,,,,"",""
ball,2,5.3,Surrey,RJ Burns,DP Sibley,JNT Seales,0,0,,,,,,"",""
ball,2,5.4,Surrey,RJ Burns,DP Sibley,JNT Seales,0,2,,2,,,,"",""
ball,2,5.5,Surrey,RJ Burns,DP Sibley,JNT Seales,4,0,,,,,,"",""
ball,2,5.6,Surrey,RJ Burns,DP Sibley,JNT Seales,0,0,,,,,,"",""
ball,2,5.7,Surrey,RJ Burns,DP Sibley,JNT Seales,0,0,,,,,,"",""
ball,2,6.1,Surrey,DP Sibley,RJ Burns,OE Robinson,0,0,,,,,,"",""
ball,2,6.2,Surrey,DP Sibley,RJ Burns,OE Robinson,0,0,,,,,,"",""
ball,2,6.3,Surrey,DP Sibley,RJ Burns,OE Robinson,0,0,,,,,,"",""
ball,2,6.4,Surrey,DP Sibley,RJ Burns,OE Robinson,4,0,,,,,,"",""
ball,2,6.5,Surrey,DP Sibley,RJ Burns,OE Robinson,0,0,,,,,,"",""
ball,2,6.6,Surrey,DP Sibley,RJ Burns,OE Robinson,0,0,,,,,,"",""
ball,2,7.1,Surrey,RJ Burns,DP Sibley,JJ Carson,1,0,,,,,,"",""
ball,2,7.2,Surrey,DP Sibley,RJ Burns,JJ Carson,1,0,,,,,,"",""
ball,2,7.3,Surrey,RJ Burns,DP Sibley,JJ Carson,1,0,,,,,,"",""
ball,2,7.4,Surrey,DP Sibley,RJ Burns,JJ Carson,0,0,,,,,,"",""
ball,2,7.5,Surrey,DP Sibley,RJ Burns,JJ Carson,1,0,,,,,,"",""
ball,2,7.6,Surrey,RJ Burns,DP Sibley,JJ Carson,1,0,,,,,,"",""
ball,2,8.1,Surrey,RJ Burns,DP Sibley,OE Robinson,0,0,,,,,,bowled,RJ Burns
ball,2,8.2,Surrey,OJ Pope,DP Sibley,OE Robinson,0,0,,,,,,"",""
ball,2,8.3,Surrey,OJ Pope,DP Sibley,OE Robinson,0,0,,,,,,"",""
ball,2,8.4,Surrey,OJ Pope,DP Sibley,OE Robinson,0,0,,,,,,"",""
ball,2,8.5,Surrey,OJ Pope,DP Sibley,OE Robinson,4,0,,,,,,"",""
ball,2,8.6,Surrey,OJ Pope,DP Sibley,OE Robinson,0,0,,,,,,"",""
ball,2,9.1,Surrey,DP Sibley,OJ Pope,FJ Hudson-Prentice,0,0,,,,,,"",""
ball,2,9.2,Surrey,DP Sibley,OJ Pope,FJ Hudson-Prentice,0,0,,,,,,"",""
ball,2,9.3,Surrey,DP Sibley,OJ Pope,FJ Hudson-Prentice,0,0,,,,,,"",""
ball,2,9.4,Surrey,DP Sibley,OJ Pope,FJ Hudson-Prentice,0,0,,,,,,"",""
ball,2,9.5,Surrey,DP Sibley,OJ Pope,FJ Hudson-Prentice,1,0,,,,,,"",""
ball,2,9.6,Surrey,OJ Pope,DP Sibley,FJ Hudson-Prentice,0,0,,,,,,"",""
ball,2,10.1,Surrey,DP Sibley,OJ Pope,OE Robinson,1,0,,,,,,"",""
ball,2,10.2,Surrey,OJ Pope,DP Sibley,OE Robinson,0,0,,,,,,"",""
ball,2,10.3,Surrey,OJ Pope,DP Sibley,OE Robinson,0,0,,,,,,"",""
ball,2,10.4,Surrey,OJ Pope,DP Sibley,OE Robinson,1,0,,,,,,"",""
ball,2,10.5,Surrey,DP Sibley,OJ Pope,OE Robinson,0,0,,,,,,"",""
ball,2,10.6,Surrey,DP Sibley,OJ Pope,OE Robinson,1,2,,2,,,,"",""
ball,2,10.7,Surrey,OJ Pope,DP Sibley,OE Robinson,1,0,,,,,,"",""
ball,2,11.1,Surrey,OJ Pope,DP Sibley,FJ Hudson-Prentice,1,0,,,,,,"",""
ball,2,11.2,Surrey,DP Sibley,OJ Pope,FJ Hudson-Prentice,0,0,,,,,,"",""
ball,2,11.3,Surrey,DP Sibley,OJ Pope,FJ Hudson-Prentice,0,0,,,,,,"",""
ball,2,11.4,Surrey,DP Sibley,OJ Pope,FJ Hudson-Prentice,4,0,,,,,,"",""
ball,2,11.5,Surrey,DP Sibley,OJ Pope,FJ Hudson-Prentice,4,0,,,,,,"",""
ball,2,11.6,Surrey,DP Sibley,OJ Pope,FJ Hudson-Prentice,0,0,,,,,,"",""
ball,2,12.1,Surrey,OJ Pope,DP Sibley,JNT Seales,0,0,,,,,,"",""
ball,2,12.2,Surrey,OJ Pope,DP Sibley,JNT Seales,0,0,,,,,,"",""
ball,2,12.3,Surrey,OJ Pope,DP Sibley,JNT Seales,3,0,,,,,,"",""
ball,2,12.4,Surrey,DP Sibley,OJ Pope,JNT Seales,0,0,,,,,,"",""
ball,2,12.5,Surrey,DP Sibley,OJ Pope,JNT Seales,0,0,,,,,,"",""
ball,2,12.6,Surrey,DP Sibley,OJ Pope,JNT Seales,4,0,,,,,,"",""
ball,2,13.1,Surrey,OJ Pope,DP Sibley,FJ Hudson-Prentice,0,0,,,,,,"",""
ball,2,13.2,Surrey,OJ Pope,DP Sibley,FJ Hudson-Prentice,0,0,,,,,,"",""
ball,2,13.3,Surrey,OJ Pope,DP Sibley,FJ Hudson-Prentice,0,2,,2,,,,"",""
ball,2,13.4,Surrey,OJ Pope,DP Sibley,FJ Hudson-Prentice,0,0,,,,,,"",""
ball,2,13.5,Surrey,OJ Pope,DP Sibley,FJ Hudson-Prentice,0,0,,,,,,"",""
ball,2,13.6,Surrey,OJ Pope,DP Sibley,FJ Hudson-Prentice,0,0,,,,,,"",""
ball,2,13.7,Surrey,OJ Pope,DP Sibley,FJ Hudson-Prentice,0,0,,,,,,"",""
ball,2,14.1,Surrey,DP Sibley,OJ Pope,JNT Seales,0,0,,,,,,"",""
ball,2,14.2,Surrey,DP Sibley,OJ Pope,JNT Seales,1,0,,,,,,"",""
ball,2,14.3,Surrey,OJ Pope,DP Sibley,JNT Seales,0,0,,,,,,"",""
ball,2,14.4,Surrey,OJ Pope,DP Sibley,JNT Seales,0,0,,,,,,"",""
ball,2,14.5,Surrey,OJ Pope,DP Sibley,JNT Seales,0,0,,,,,,"",""
ball,2,14.6,Surrey,OJ Pope,DP Sibley,JNT Seales,1,0,,,,,,"",""
ball,2,15.1,Surrey,OJ Pope,DP Sibley,FJ Hudson-Prentice,0,0,,,,,,"",""
ball,2,15.2,Surrey,OJ Pope,DP Sibley,FJ Hudson-Prentice,0,0,,,,,,"",""
ball,2,15.3,Surrey,OJ Pope,DP Sibley,FJ Hudson-Prentice,0,0,,,,,,"",""
ball,2,15.4,Surrey,OJ Pope,DP Sibley,FJ Hudson-Prentice,0,0,,,,,,"",""
ball,2,15.5,Surrey,OJ Pope,DP Sibley,FJ Hudson-Prentice,0,0,,,,,,"",""
ball,2,15.6,Surrey,OJ Pope,DP Sibley,FJ Hudson-Prentice,4,0,,,,,,"",""
ball,2,16.1,Surrey,DP Sibley,OJ Pope,OE Robinson,0,0,,,,,,"",""
ball,2,16.2,Surrey,DP Sibley,OJ Pope,OE Robinson,0,0,,,,,,"",""
ball,2,16.3,Surrey,DP Sibley,OJ Pope,OE Robinson,0,0,,,,,,"",""
ball,2,16.4,Surrey,DP Sibley,OJ Pope,OE Robinson,0,0,,,,,,"",""
ball,2,16.5,Surrey,DP Sibley,OJ Pope,OE Robinson,0,0,,,,,,"",""
ball,2,16.6,Surrey,DP Sibley,OJ Pope,OE Robinson,0,0,,,,,,"",""
ball,2,17.1,Surrey,OJ Pope,DP Sibley,FJ Hudson-Prentice,0,0,,,,,,"",""
ball,2,17.2,Surrey,OJ Pope,DP Sibley,FJ Hudson-Prentice,2,0,,,,,,"",""
ball,2,17.3,Surrey,OJ Pope,DP Sibley,FJ Hudson-Prentice,1,0,,,,,,"",""
ball,2,17.4,Surrey,DP Sibley,OJ Pope,FJ Hudson-Prentice,0,0,,,,,,"",""
ball,2,17.5,Surrey,DP Sibley,OJ Pope,FJ Hudson-Prentice,0,2,,2,,,,"",""
ball,2,17.6,Surrey,DP Sibley,OJ Pope,FJ Hudson-Prentice,1,0,,,,,,"",""
ball,2,17.7,Surrey,OJ Pope,DP Sibley,FJ Hudson-Prentice,0,0,,,,,,"",""
ball,2,18.1,Surrey,DP Sibley,OJ Pope,OE Robinson,1,0,,,,,,"",""
ball,2,18.2,Surrey,OJ Pope,DP Sibley,OE Robinson,1,0,,,,,,"",""
ball,2,18.3,Surrey,DP Sibley,OJ Pope,OE Robinson,0,0,,,,,,"",""
ball,2,18.4,Surrey,DP Sibley,OJ Pope,OE Robinson,1,0,,,,,,"",""
ball,2,18.5,Surrey,OJ Pope,DP Sibley,OE Robinson,1,0,,,,,,"",""
ball,2,18.6,Surrey,DP Sibley,OJ Pope,OE Robinson,0,0,,,,,,"",""
ball,2,19.1,Surrey,OJ Pope,DP Sibley,JM Coles,0,0,,,,,,"",""
ball,2,19.2,Surrey,OJ Pope,DP Sibley,JM Coles,0,0,,,,,,"",""
ball,2,19.3,Surrey,OJ Pope,DP Sibley,JM Coles,1,0,,,,,,"",""
ball,2,19.4,Surrey,DP Sibley,OJ Pope,JM Coles,1,0,,,,,,"",""
ball,2,19.5,Surrey,OJ Pope,DP Sibley,JM Coles,0,0,,,,,,"",""
ball,2,19.6,Surrey,OJ Pope,DP Sibley,JM Coles,0,0,,,,,,"",""
ball,2,20.1,Surrey,DP Sibley,OJ Pope,TGR Clark,0,0,,,,,,"",""
ball,2,20.2,Surrey,DP Sibley,OJ Pope,TGR Clark,0,0,,,,,,"",""
ball,2,20.3,Surrey,DP Sibley,OJ Pope,TGR Clark,0,0,,,,,,"",""
ball,2,20.4,Surrey,DP Sibley,OJ Pope,TGR Clark,4,0,,,,,,"",""
ball,2,20.5,Surrey,DP Sibley,OJ Pope,TGR Clark,0,0,,,,,,"",""
ball,2,20.6,Surrey,DP Sibley,OJ Pope,TGR Clark,1,0,,,,,,"",""
ball,2,21.1,Surrey,DP Sibley,OJ Pope,JM Coles,0,0,,,,,,"",""
ball,2,21.2,Surrey,DP Sibley,OJ Pope,JM Coles,0,0,,,,,,"",""
ball,2,21.3,Surrey,DP Sibley,OJ Pope,JM Coles,0,0,,,,,,"",""
ball,2,21.4,Surrey,DP Sibley,OJ Pope,JM Coles,0,0,,,,,,"",""
ball,2,21.5,Surrey,DP Sibley,OJ Pope,JM Coles,4,0,,,,,,"",""
ball,2,21.6,Surrey,DP Sibley,OJ Pope,JM Coles,0,0,,,,,,"",""
ball,2,22.1,Surrey,OJ Pope,DP Sibley,OE Robinson,4,0,,,,,,"",""
ball,2,22.2,Surrey,OJ Pope,DP Sibley,OE Robinson,0,0,,,,,,"",""
ball,2,22.3,Surrey,OJ Pope,DP Sibley,OE Robinson,0,0,,,,,,"",""
ball,2,22.4,Surrey,OJ Pope,DP Sibley,OE Robinson,1,0,,,,,,"",""
ball,2,22.5,Surrey,DP Sibley,OJ Pope,OE Robinson,0,0,,,,,,"",""
ball,2,22.6,Surrey,DP Sibley,OJ Pope,OE Robinson,0,0,,,,,,"",""
ball,2,23.1,Surrey,OJ Pope,DP Sibley,JNT Seales,0,0,,,,,,"",""
ball,2,23.2,Surrey,OJ Pope,DP Sibley,JNT Seales,0,0,,,,,,"",""
ball,2,23.3,Surrey,OJ Pope,DP Sibley,JNT Seales,0,0,,,,,,"",""
ball,2,23.4,Surrey,OJ Pope,DP Sibley,JNT Seales,0,0,,,,,,"",""
ball,2,23.5,Surrey,OJ Pope,DP Sibley,JNT Seales,0,0,,,,,,"",""
ball,2,23.6,Surrey,OJ Pope,DP Sibley,JNT Seales,0,0,,,,,,"",""
ball,2,24.1,Surrey,DP Sibley,OJ Pope,OE Robinson,0,0,,,,,,"",""
ball,2,24.2,Surrey,DP Sibley,OJ Pope,OE Robinson,0,0,,,,,,"",""
ball,2,24.3,Surrey,DP Sibley,OJ Pope,OE Robinson,0,0,,,,,,"",""
ball,2,24.4,Surrey,DP Sibley,OJ Pope,OE Robinson,0,0,,,,,,"",""
ball,2,24.5,Surrey,DP Sibley,OJ Pope,OE Robinson,1,0,,,,,,"",""
ball,2,24.6,Surrey,OJ Pope,DP Sibley,OE Robinson,1,0,,,,,,"",""
ball,2,25.1,Surrey,OJ Pope,DP Sibley,JNT Seales,0,0,,,,,,"",""
ball,2,25.2,Surrey,OJ Pope,DP Sibley,JNT Seales,0,0,,,,,,"",""
ball,2,25.3,Surrey,OJ Pope,DP Sibley,JNT Seales,2,0,,,,,,"",""
ball,2,25.4,Surrey,OJ Pope,DP Sibley,JNT Seales,0,0,,,,,,"",""
ball,2,25.5,Surrey,OJ Pope,DP Sibley,JNT Seales,0,0,,,,,,"",""
ball,2,25.6,Surrey,OJ Pope,DP Sibley,JNT Seales,0,0,,,,,,"",""
ball,2,26.1,Surrey,DP Sibley,OJ Pope,OE Robinson,0,0,,,,,,"",""
ball,2,26.2,Surrey,DP Sibley,OJ Pope,OE Robinson,2,0,,,,,,"",""
ball,2,26.3,Surrey,DP Sibley,OJ Pope,OE Robinson,0,0,,,,,,"",""
ball,2,26.4,Surrey,DP Sibley,OJ Pope,OE Robinson,0,0,,,,,,"",""
ball,2,26.5,Surrey,DP Sibley,OJ Pope,OE Robinson,0,0,,,,,,"",""
ball,2,26.6,Surrey,DP Sibley,OJ Pope,OE Robinson,0,0,,,,,,"",""
ball,2,27.1,Surrey,OJ Pope,DP Sibley,JNT Seales,0,0,,,,,,"",""
ball,2,27.2,Surrey,OJ Pope,DP Sibley,JNT Seales,1,0,,,,,,"",""
ball,2,27.3,Surrey,DP Sibley,OJ Pope,JNT Seales,0,0,,,,,,"",""
ball,2,27.4,Surrey,DP Sibley,OJ Pope,JNT Seales,0,0,,,,,,"",""
ball,2,27.5,Surrey,DP Sibley,OJ Pope,JNT Seales,0,0,,,,,,"",""
ball,2,27.6,Surrey,DP Sibley,OJ Pope,JNT Seales,0,0,,,,,,"",""
ball,2,28.1,Surrey,OJ Pope,DP Sibley,OE Robinson,4,0,,,,,,"",""
ball,2,28.2,Surrey,OJ Pope,DP Sibley,OE Robinson,0,0,,,,,,"",""
ball,2,28.3,Surrey,OJ Pope,DP Sibley,OE Robinson,1,0,,,,,,"",""
ball,2,28.4,Surrey,DP Sibley,OJ Pope,OE Robinson,0,0,,,,,,"",""
ball,2,28.5,Surrey,DP Sibley,OJ Pope,OE Robinson,1,0,,,,,,"",""
ball,2,28.6,Surrey,OJ Pope,DP Sibley,OE Robinson,0,0,,,,,,"",""
ball,2,29.1,Surrey,DP Sibley,OJ Pope,JNT Seales,0,0,,,,,,"",""
ball,2,29.2,Surrey,DP Sibley,OJ Pope,JNT Seales,1,0,,,,,,"",""
ball,2,29.3,Surrey,OJ Pope,DP Sibley,JNT Seales,0,1,1,,,,,"",""
ball,2,29.4,Surrey,OJ Pope,DP Sibley,JNT Seales,0,0,,,,,,"",""
ball,2,29.5,Surrey,OJ Pope,DP Sibley,JNT Seales,1,0,,,,,,"",""
ball,2,29.6,Surrey,DP Sibley,OJ Pope,JNT Seales,1,0,,,,,,"",""
ball,2,29.7,Surrey,OJ Pope,DP Sibley,JNT Seales,4,0,,,,,,"",""
ball,2,30.1,Surrey,DP Sibley,OJ Pope,OE Robinson,0,0,,,,,,"",""
ball,2,30.2,Surrey,DP Sibley,OJ Pope,OE Robinson,0,0,,,,,,"",""
ball,2,30.3,Surrey,DP Sibley,OJ Pope,OE Robinson,0,0,,,,,,"",""
ball,2,30.4,Surrey,DP Sibley,OJ Pope,OE Robinson,0,0,,,,,,"",""
ball,2,30.5,Surrey,DP Sibley,OJ Pope,OE Robinson,0,0,,,,,,"",""
ball,2,30.6,Surrey,DP Sibley,OJ Pope,OE Robinson,0,0,,,,,,"",""
ball,2,31.1,Surrey,OJ Pope,DP Sibley,FJ Hudson-Prentice,1,2,,2,,,,"",""
ball,2,31.2,Surrey,DP Sibley,OJ Pope,FJ Hudson-Prentice,0,0,,,,,,"",""
ball,2,31.3,Surrey,DP Sibley,OJ Pope,FJ Hudson-Prentice,1,0,,,,,,"",""
ball,2,31.4,Surrey,OJ Pope,DP Sibley,FJ Hudson-Prentice,2,0,,,,,,"",""
ball,2,31.5,Surrey,OJ Pope,DP Sibley,FJ Hudson-Prentice,0,0,,,,,,"",""
ball,2,31.6,Surrey,OJ Pope,DP Sibley,FJ Hudson-Prentice,0,0,,,,,,"",""
ball,2,31.7,Surrey,OJ Pope,DP Sibley,FJ Hudson-Prentice,1,0,,,,,,"",""
ball,2,32.1,Surrey,OJ Pope,DP Sibley,TGR Clark,1,0,,,,,,"",""
ball,2,32.2,Surrey,DP Sibley,OJ Pope,TGR Clark,0,0,,,,,,"",""
ball,2,32.3,Surrey,DP Sibley,OJ Pope,TGR Clark,1,0,,,,,,"",""
ball,2,32.4,Surrey,OJ Pope,DP Sibley,TGR Clark,0,0,,,,,,"",""
ball,2,32.5,Surrey,OJ Pope,DP Sibley,TGR Clark,0,0,,,,,,"",""
ball,2,32.6,Surrey,OJ Pope,DP Sibley,TGR Clark,4,0,,,,,,"",""
ball,2,33.1,Surrey,DP Sibley,OJ Pope,FJ Hudson-Prentice,0,0,,,,,,"",""
ball,2,33.2,Surrey,DP Sibley,OJ Pope,FJ Hudson-Prentice,0,0,,,,,,"",""
ball,2,33.3,Surrey,DP Sibley,OJ Pope,FJ Hudson-Prentice,4,0,,,,,,"",""
ball,2,33.4,Surrey,DP Sibley,OJ Pope,FJ Hudson-Prentice,0,0,,,,,,"",""
ball,2,33.5,Surrey,DP Sibley,OJ Pope,FJ Hudson-Prentice,1,0,,,,,,"",""
ball,2,33.6,Surrey,OJ Pope,DP Sibley,FJ Hudson-Prentice,0,0,,,,,,"",""
ball,2,34.1,Surrey,DP Sibley,OJ Pope,TGR Clark,0,0,,,,,,"",""
ball,2,34.2,Surrey,DP Sibley,OJ Pope,TGR Clark,0,0,,,,,,"",""
ball,2,34.3,Surrey,DP Sibley,OJ Pope,TGR Clark,0,0,,,,,,"",""
ball,2,34.4,Surrey,DP Sibley,OJ Pope,TGR Clark,0,0,,,,,,"",""
ball,2,34.5,Surrey,DP Sibley,OJ Pope,TGR Clark,0,0,,,,,,"",""
ball,2,34.6,Surrey,DP Sibley,OJ Pope,TGR Clark,1,0,,,,,,"",""
ball,2,35.1,Surrey,DP Sibley,OJ Pope,FJ Hudson-Prentice,0,0,,,,,,"",""
ball,2,35.2,Surrey,DP Sibley,OJ Pope,FJ Hudson-Prentice,1,0,,,,,,"",""
ball,2,35.3,Surrey,OJ Pope,DP Sibley,FJ Hudson-Prentice,0,0,,,,,,"",""
ball,2,35.4,Surrey,OJ Pope,DP Sibley,FJ Hudson-Prentice,0,0,,,,,,"",""
ball,2,35.5,Surrey,OJ Pope,DP Sibley,FJ Hudson-Prentice,4,0,,,,,,"",""
ball,2,35.6,Surrey,OJ Pope,DP Sibley,FJ Hudson-Prentice,3,0,,,,,,"",""
ball,2,36.1,Surrey,OJ Pope,DP Sibley,TGR Clark,0,0,,,,,,"",""
ball,2,36.2,Surrey,OJ Pope,DP Sibley,TGR Clark,0,0,,,,,,"",""
ball,2,36.3,Surrey,OJ Pope,DP Sibley,TGR Clark,1,0,,,,,,"",""
ball,2,36.4,Surrey,DP Sibley,OJ Pope,TGR Clark,0,0,,,,,,"",""
ball,2,36.5,Surrey,DP Sibley,OJ Pope,TGR Clark,1,0,,,,,,"",""
ball,2,36.6,Surrey,OJ Pope,DP Sibley,TGR Clark,0,1,1,,,,,"",""
ball,2,36.7,Surrey,OJ Pope,DP Sibley,TGR Clark,0,1,,,,1,,"",""
ball,2,37.1,Surrey,OJ Pope,DP Sibley,JM Coles,1,0,,,,,,"",""
ball,2,37.2,Surrey,DP Sibley,OJ Pope,JM Coles,1,0,,,,,,"",""
ball,2,37.3,Surrey,OJ Pope,DP Sibley,JM Coles,2,0,,,,,,"",""
ball,2,37.4,Surrey,OJ Pope,DP Sibley,JM Coles,0,0,,,,,,"",""
ball,2,37.5,Surrey,OJ Pope,DP Sibley,JM Coles,0,0,,,,,,"",""
ball,2,37.6,Surrey,OJ Pope,DP Sibley,JM Coles,0,0,,,,,,"",""
ball,2,38.1,Surrey,DP Sibley,OJ Pope,TGR Clark,0,0,,,,,,"",""
ball,2,38.2,Surrey,DP Sibley,OJ Pope,TGR Clark,0,0,,,,,,"",""
ball,2,38.3,Surrey,DP Sibley,OJ Pope,TGR Clark,0,0,,,,,,"",""
ball,2,38.4,Surrey,DP Sibley,OJ Pope,TGR Clark,0,0,,,,,,"",""
ball,2,38.5,Surrey,DP Sibley,OJ Pope,TGR Clark,0,0,,,,,,"",""
ball,2,38.6,Surrey,DP Sibley,OJ Pope,TGR Clark,1,0,,,,,,"",""
ball,2,39.1,Surrey,DP Sibley,OJ Pope,JM Coles,0,0,,,,,,"",""
ball,2,39.2,Surrey,DP Sibley,OJ Pope,JM Coles,0,0,,,,,,"",""
ball,2,39.3,Surrey,DP Sibley,OJ Pope,JM Coles,1,0,,,,,,"",""
ball,2,39.4,Surrey,OJ Pope,DP Sibley,JM Coles,1,0,,,,,,"",""
ball,2,39.5,Surrey,DP Sibley,OJ Pope,JM Coles,4,0,,,,,,"",""
ball,2,39.6,Surrey,DP Sibley,OJ Pope,JM Coles,0,0,,,,,,"",""
ball,2,40.1,Surrey,OJ Pope,DP Sibley,TGR Clark,0,0,,,,,,"",""
ball,2,40.2,Surrey,OJ Pope,DP Sibley,TGR Clark,0,5,5,,,,,"",""
ball,2,40.3,Surrey,OJ Pope,DP Sibley,TGR Clark,0,0,,,,,,"",""
ball,2,40.4,Surrey,OJ Pope,DP Sibley,TGR Clark,0,0,,,,,,"",""
ball,2,40.5,Surrey,OJ Pope,DP Sibley,TGR Clark,4,0,,,,,,"",""
ball,2,40.6,Surrey,OJ Pope,DP Sibley,TGR Clark,1,0,,,,,,"",""
ball,2,40.7,Surrey,DP Sibley,OJ Pope,TGR Clark,0,0,,,,,,"",""
ball,2,41.1,Surrey,OJ Pope,DP Sibley,JM Coles,1,0,,,,,,"",""
ball,2,41.2,Surrey,DP Sibley,OJ Pope,JM Coles,1,0,,,,,,"",""
ball,2,41.3,Surrey,OJ Pope,DP Sibley,JM Coles,1,0,,,,,,"",""
ball,2,41.4,Surrey,DP Sibley,OJ Pope,JM Coles,0,0,,,,,,"",""
ball,2,41.5,Surrey,DP Sibley,OJ Pope,JM Coles,0,0,,,,,,"",""
ball,2,41.6,Surrey,DP Sibley,OJ Pope,JM Coles,1,0,,,,,,"",""
ball,2,42.1,Surrey,DP Sibley,OJ Pope,JJ Carson,0,0,,,,,,"",""
ball,2,42.2,Surrey,DP Sibley,OJ Pope,JJ Carson,0,0,,,,,,"",""
ball,2,42.3,Surrey,DP Sibley,OJ Pope,JJ Carson,1,0,,,,,,"",""
ball,2,42.4,Surrey,OJ Pope,DP Sibley,JJ Carson,1,0,,,,,,"",""
ball,2,42.5,Surrey,DP Sibley,OJ Pope,JJ Carson,0,0,,,,,,"",""
ball,2,42.6,Surrey,DP Sibley,OJ Pope,JJ Carson,0,0,,,,,,"",""
ball,2,43.1,Surrey,OJ Pope,DP Sibley,JM Coles,0,0,,,,,,"",""
ball,2,43.2,Surrey,OJ Pope,DP Sibley,JM Coles,2,0,,,,,,"",""
ball,2,43.3,Surrey,OJ Pope,DP Sibley,JM Coles,0,0,,,,,,"",""
ball,2,43.4,Surrey,OJ Pope,DP Sibley,JM Coles,0,0,,,,,,"",""
ball,2,43.5,Surrey,OJ Pope,DP Sibley,JM Coles,0,0,,,,,,"",""
ball,2,43.6,Surrey,OJ Pope,DP Sibley,JM Coles,0,0,,,,,,"",""
ball,2,44.1,Surrey,DP Sibley,OJ Pope,JJ Carson,0,0,,,,,,"",""
ball,2,44.2,Surrey,DP Sibley,OJ Pope,JJ Carson,0,0,,,,,,"",""
ball,2,44.3,Surrey,DP Sibley,OJ Pope,JJ Carson,0,0,,,,,,"",""
ball,2,44.4,Surrey,DP Sibley,OJ Pope,JJ Carson,0,0,,,,,,"",""
ball,2,44.5,Surrey,DP Sibley,OJ Pope,JJ Carson,0,0,,,,,,"",""
ball,2,44.6,Surrey,DP Sibley,OJ Pope,JJ Carson,1,0,,,,,,"",""
ball,2,45.1,Surrey,DP Sibley,OJ Pope,JM Coles,6,0,,,,,,"",""
ball,2,45.2,Surrey,DP Sibley,OJ Pope,JM Coles,0,0,,,,,,"",""
ball,2,45.3,Surrey,DP Sibley,OJ Pope,JM Coles,0,0,,,,,,"",""
ball,2,45.4,Surrey,DP Sibley,OJ Pope,JM Coles,0,0,,,,,,"",""
ball,2,45.5,Surrey,DP Sibley,OJ Pope,JM Coles,0,0,,,,,,"",""
ball,2,45.6,Surrey,DP Sibley,OJ Pope,JM Coles,4,0,,,,,,"",""
ball,2,46.1,Surrey,OJ Pope,DP Sibley,JJ Carson,0,0,,,,,,"",""
ball,2,46.2,Surrey,OJ Pope,DP Sibley,JJ Carson,0,0,,,,,,"",""
ball,2,46.3,Surrey,OJ Pope,DP Sibley,JJ Carson,0,0,,,,,,"",""
ball,2,46.4,Surrey,OJ Pope,DP Sibley,JJ Carson,4,0,,,,,,"",""
ball,2,46.5,Surrey,OJ Pope,DP Sibley,JJ Carson,1,0,,,,,,"",""
ball,2,46.6,Surrey,DP Sibley,OJ Pope,JJ Carson,0,0,,,,,,"",""
ball,2,47.1,Surrey,OJ Pope,DP Sibley,JM Coles,1,0,,,,,,"",""
ball,2,47.2,Surrey,DP Sibley,OJ Pope,JM Coles,0,0,,,,,,"",""
ball,2,47.3,Surrey,DP Sibley,OJ Pope,JM Coles,1,0,,,,,,"",""
ball,2,47.4,Surrey,OJ Pope,DP Sibley,JM Coles,1,0,,,,,,"",""
ball,2,47.5,Surrey,DP Sibley,OJ Pope,JM Coles,0,0,,,,,,"",""
ball,2,47.6,Surrey,DP Sibley,OJ Pope,JM Coles,0,0,,,,,,"",""
ball,2,48.1,Surrey,OJ Pope,DP Sibley,JJ Carson,1,0,,,,,,"",""
ball,2,48.2,Surrey,DP Sibley,OJ Pope,JJ Carson,4,0,,,,,,"",""
ball,2,48.3,Surrey,DP Sibley,OJ Pope,JJ Carson,0,0,,,,,,"",""
ball,2,48.4,Surrey,DP Sibley,OJ Pope,JJ Carson,0,0,,,,,,"",""
ball,2,48.5,Surrey,DP Sibley,OJ Pope,JJ Carson,0,0,,,,,,"",""
ball,2,48.6,Surrey,DP Sibley,OJ Pope,JJ Carson,0,0,,,,,,"",""
ball,2,49.1,Surrey,OJ Pope,DP Sibley,JM Coles,0,0,,,,,,"",""
ball,2,49.2,Surrey,OJ Pope,DP Sibley,JM Coles,6,0,,,,,,"",""
ball,2,49.3,Surrey,OJ Pope,DP Sibley,JM Coles,2,0,,,,,,"",""
ball,2,49.4,Surrey,OJ Pope,DP Sibley,JM Coles,4,0,,,,,,"",""
ball,2,49.5,Surrey,OJ Pope,DP Sibley,JM Coles,1,0,,,,,,"",""
ball,2,49.6,Surrey,DP Sibley,OJ Pope,JM Coles,0,0,,,,,,caught and bowled,DP Sibley
ball,2,50.1,Surrey,OJ Pope,DW Lawrence,JJ Carson,0,0,,,,,,"",""
ball,2,50.2,Surrey,OJ Pope,DW Lawrence,JJ Carson,0,0,,,,,,"",""
ball,2,50.3,Surrey,OJ Pope,DW Lawrence,JJ Carson,0,0,,,,,,"",""
ball,2,50.4,Surrey,OJ Pope,DW Lawrence,JJ Carson,0,0,,,,,,"",""
ball,2,50.5,Surrey,OJ Pope,DW Lawrence,JJ Carson,1,0,,,,,,"",""
ball,2,50.6,Surrey,DW Lawrence,OJ Pope,JJ Carson,0,0,,,,,,"",""
ball,2,51.1,Surrey,OJ Pope,DW Lawrence,JM Coles,1,0,,,,,,"",""
ball,2,51.2,Surrey,DW Lawrence,OJ Pope,JM Coles,0,0,,,,,,"",""
ball,2,51.3,Surrey,DW Lawrence,OJ Pope,JM Coles,0,0,,,,,,"",""
ball,2,51.4,Surrey,DW Lawrence,OJ Pope,JM Coles,0,0,,,,,,"",""
ball,2,51.5,Surrey,DW Lawrence,OJ Pope,JM Coles,0,0,,,,,,"",""
ball,2,51.6,Surrey,DW Lawrence,OJ Pope,JM Coles,1,0,,,,,,"",""
ball,2,52.1,Surrey,DW Lawrence,OJ Pope,JNT Seales,0,0,,,,,,"",""
ball,2,52.2,Surrey,DW Lawrence,OJ Pope,JNT Seales,0,0,,,,,,"",""
ball,2,52.3,Surrey,DW Lawrence,OJ Pope,JNT Seales,0,0,,,,,,"",""
ball,2,52.4,Surrey,DW Lawrence,OJ Pope,JNT Seales,0,0,,,,,,"",""
ball,2,52.5,Surrey,DW Lawrence,OJ Pope,JNT Seales,0,0,,,,,,"",""
ball,2,52.6,Surrey,DW Lawrence,OJ Pope,JNT Seales,0,0,,,,,,"",""
ball,2,53.1,Surrey,OJ Pope,DW Lawrence,JM Coles,1,0,,,,,,"",""
ball,2,53.2,Surrey,DW Lawrence,OJ Pope,JM Coles,0,0,,,,,,"",""
ball,2,53.3,Surrey,DW Lawrence,OJ Pope,JM Coles,6,0,,,,,,"",""
ball,2,53.4,Surrey,DW Lawrence,OJ Pope,JM Coles,3,0,,,,,,"",""
ball,2,53.5,Surrey,OJ Pope,DW Lawrence,JM Coles,0,0,,,,,,"",""
ball,2,53.6,Surrey,OJ Pope,DW Lawrence,JM Coles,0,0,,,,,,"",""
ball,2,54.1,Surrey,DW Lawrence,OJ Pope,JNT Seales,0,0,,,,,,"",""
ball,2,54.2,Surrey,DW Lawrence,OJ Pope,JNT Seales,0,0,,,,,,"",""
ball,2,54.3,Surrey,DW Lawrence,OJ Pope,JNT Seales,0,0,,,,,,"",""
ball,2,54.4,Surrey,DW Lawrence,OJ Pope,JNT Seales,0,0,,,,,,"",""
ball,2,54.5,Surrey,DW Lawrence,OJ Pope,JNT Seales,1,0,,,,,,"",""
ball,2,54.6,Surrey,OJ Pope,DW Lawrence,JNT Seales,0,0,,,,,,"",""
ball,2,55.1,Surrey,DW Lawrence,OJ Pope,JM Coles,1,0,,,,,,"",""
ball,2,55.2,Surrey,OJ Pope,DW Lawrence,JM Coles,2,0,,,,,,"",""
ball,2,55.3,Surrey,OJ Pope,DW Lawrence,JM Coles,1,0,,,,,,"",""
ball,2,55.4,Surrey,DW Lawrence,OJ Pope,JM Coles,0,0,,,,,,"",""
ball,2,55.5,Surrey,DW Lawrence,OJ Pope,JM Coles,0,0,,,,,,"",""
ball,2,55.6,Surrey,DW Lawrence,OJ Pope,JM Coles,0,0,,,,,,"",""
ball,2,56.1,Surrey,OJ Pope,DW Lawrence,JNT Seales,1,0,,,,,,"",""
ball,2,56.2,Surrey,DW Lawrence,OJ Pope,JNT Seales,0,0,,,,,,"",""
ball,2,56.3,Surrey,DW Lawrence,OJ Pope,JNT Seales,1,0,,,,,,"",""
ball,2,56.4,Surrey,OJ Pope,DW Lawrence,JNT Seales,4,0,,,,,,"",""
ball,2,56.5,Surrey,OJ Pope,DW Lawrence,JNT Seales,0,0,,,,,,"",""
ball,2,56.6,Surrey,OJ Pope,DW Lawrence,JNT Seales,0,0,,,,,,caught,OJ Pope
ball,2,57.1,Surrey,DW Lawrence,BT Foakes,JM Coles,1,0,,,,,,"",""
ball,2,57.2,Surrey,BT Foakes,DW Lawrence,JM Coles,1,0,,,,,,"",""
ball,2,57.3,Surrey,DW Lawrence,BT Foakes,JM Coles,1,0,,,,,,"",""
ball,2,57.4,Surrey,BT Foakes,DW Lawrence,JM Coles,0,0,,,,,,"",""
ball,2,57.5,Surrey,BT Foakes,DW Lawrence,JM Coles,0,0,,,,,,"",""
ball,2,57.6,Surrey,BT Foakes,DW Lawrence,JM Coles,1,0,,,,,,"",""
ball,2,58.1,Surrey,BT Foakes,DW Lawrence,JNT Seales,0,0,,,,,,"",""
ball,2,58.2,Surrey,BT Foakes,DW Lawrence,JNT Seales,2,0,,,,,,"",""
ball,2,58.3,Surrey,BT Foakes,DW Lawrence,JNT Seales,0,0,,,,,,"",""
ball,2,58.4,Surrey,BT Foakes,DW Lawrence,JNT Seales,0,0,,,,,,"",""
ball,2,58.5,Surrey,BT Foakes,DW Lawrence,JNT Seales,0,0,,,,,,"",""
ball,2,58.6,Surrey,BT Foakes,DW Lawrence,JNT Seales,0,0,,,,,,"",""
ball,2,59.1,Surrey,DW Lawrence,BT Foakes,JM Coles,0,0,,,,,,"",""
ball,2,59.2,Surrey,DW Lawrence,BT Foakes,JM Coles,1,0,,,,,,"",""
ball,2,59.3,Surrey,BT Foakes,DW Lawrence,JM Coles,0,0,,,,,,"",""
ball,2,59.4,Surrey,BT Foakes,DW Lawrence,JM Coles,0,0,,,,,,"",""
ball,2,59.5,Surrey,BT Foakes,DW Lawrence,JM Coles,0,0,,,,,,"",""
ball,2,59.6,Surrey,BT Foakes,DW Lawrence,JM Coles,1,0,,,,,,"",""
ball,2,60.1,Surrey,BT Foakes,DW Lawrence,JNT Seales,0,0,,,,,,"",""
ball,2,60.2,Surrey,BT Foakes,DW Lawrence,JNT Seales,0,0,,,,,,"",""
ball,2,60.3,Surrey,BT Foakes,DW Lawrence,JNT Seales,0,0,,,,,,"",""
ball,2,60.4,Surrey,BT Foakes,DW Lawrence,JNT Seales,0,0,,,,,,"",""
ball,2,60.5,Surrey,BT Foakes,DW Lawrence,JNT Seales,0,0,,,,,,"",""
ball,2,60.6,Surrey,BT Foakes,DW Lawrence,JNT Seales,0,0,,,,,,"",""
ball,2,61.1,Surrey,DW Lawrence,BT Foakes,JM Coles,1,0,,,,,,"",""
ball,2,61.2,Surrey,BT Foakes,DW Lawrence,JM Coles,0,0,,,,,,"",""
ball,2,61.3,Surrey,BT Foakes,DW Lawrence,JM Coles,0,0,,,,,,"",""
ball,2,61.4,Surrey,BT Foakes,DW Lawrence,JM Coles,1,0,,,,,,"",""
ball,2,61.5,Surrey,DW Lawrence,BT Foakes,JM Coles,1,0,,,,,,"",""
ball,2,61.6,Surrey,BT Foakes,DW Lawrence,JM Coles,1,0,,,,,,"",""
ball,2,62.1,Surrey,BT Foakes,DW Lawrence,JNT Seales,2,0,,,,,,"",""
ball,2,62.2,Surrey,BT Foakes,DW Lawrence,JNT Seales,0,0,,,,,,"",""
ball,2,62.3,Surrey,BT Foakes,DW Lawrence,JNT Seales,0,0,,,,,,"",""
ball,2,62.4,Surrey,BT Foakes,DW Lawrence,JNT Seales,0,0,,,,,,"",""
ball,2,62.5,Surrey,BT Foakes,DW Lawrence,JNT Seales,0,0,,,,,,"",""
ball,2,62.6,Surrey,BT Foakes,DW Lawrence,JNT Seales,0,0,,,,,,"",""
ball,2,63.1,Surrey,DW Lawrence,BT Foakes,JM Coles,0,0,,,,,,"",""
ball,2,63.2,Surrey,DW Lawrence,BT Foakes,JM Coles,1,0,,,,,,"",""
ball,2,63.3,Surrey,BT Foakes,DW Lawrence,JM Coles,1,0,,,,,,"",""
ball,2,63.4,Surrey,DW Lawrence,BT Foakes,JM Coles,1,0,,,,,,"",""
ball,2,63.5,Surrey,BT Foakes,DW Lawrence,JM Coles,1,0,,,,,,"",""
ball,2,63.6,Surrey,DW Lawrence,BT Foakes,JM Coles,3,0,,,,,,"",""
ball,2,64.1,Surrey,DW Lawrence,BT Foakes,OE Robinson,0,0,,,,,,"",""
ball,2,64.2,Surrey,DW Lawrence,BT Foakes,OE Robinson,4,0,,,,,,"",""
ball,2,64.3,Surrey,DW Lawrence,BT Foakes,OE Robinson,0,0,,,,,,"",""
ball,2,64.4,Surrey,DW Lawrence,BT Foakes,OE Robinson,4,0,,,,,,"",""
ball,2,64.5,Surrey,DW Lawrence,BT Foakes,OE Robinson,0,0,,,,,,"",""
ball,2,64.6,Surrey,DW Lawrence,BT Foakes,OE Robinson,0,0,,,,,,"",""
ball,2,65.1,Surrey,BT Foakes,DW Lawrence,TGR Clark,0,0,,,,,,"",""
ball,2,65.2,Surrey,BT Foakes,DW Lawrence,TGR Clark,0,0,,,,,,"",""
ball,2,65.3,Surrey,BT Foakes,DW Lawrence,TGR Clark,0,0,,,,,,"",""
ball,2,65.4,Surrey,BT Foakes,DW Lawrence,TGR Clark,0,0,,,,,,"",""
ball,2,65.5,Surrey,BT Foakes,DW Lawrence,TGR Clark,1,0,,,,,,"",""
ball,2,65.6,Surrey,DW Lawrence,BT Foakes,TGR Clark,0,0,,,,,,"",""
ball,2,66.1,Surrey,BT Foakes,DW Lawrence,OE Robinson,0,0,,,,,,"",""
ball,2,66.2,Surrey,BT Foakes,DW Lawrence,OE Robinson,3,0,,,,,,"",""
ball,2,66.3,Surrey,DW Lawrence,BT Foakes,OE Robinson,0,0,,,,,,"",""
ball,2,66.4,Surrey,DW Lawrence,BT Foakes,OE Robinson,4,0,,,,,,"",""
ball,2,66.5,Surrey,DW Lawrence,BT Foakes,OE Robinson,1,0,,,,,,"",""
ball,2,66.6,Surrey,BT Foakes,DW Lawrence,OE Robinson,0,0,,,,,,"",""
ball,2,67.1,Surrey,DW Lawrence,BT Foakes,TGR Clark,4,0,,,,,,"",""
ball,2,67.2,Surrey,DW Lawrence,BT Foakes,TGR Clark,1,0,,,,,,"",""
ball,2,67.3,Surrey,BT Foakes,DW Lawrence,TGR Clark,0,0,,,,,,"",""
ball,2,67.4,Surrey,BT Foakes,DW Lawrence,TGR Clark,0,0,,,,,,"",""
ball,2,67.5,Surrey,BT Foakes,DW Lawrence,TGR Clark,0,0,,,,,,"",""
ball,2,67.6,Surrey,BT Foakes,DW Lawrence,TGR Clark,0,0,,,,,,"",""
ball,2,68.1,Surrey,DW Lawrence,BT Foakes,OE Robinson,0,0,,,,,,"",""
ball,2,68.2,Surrey,DW Lawrence,BT Foakes,OE Robinson,0,0,,,,,,"",""
ball,2,68.3,Surrey,DW Lawrence,BT Foakes,OE Robinson,6,0,,,,,,"",""
ball,2,68.4,Surrey,DW Lawrence,BT Foakes,OE Robinson,0,0,,,,,,"",""
ball,2,68.5,Surrey,DW Lawrence,BT Foakes,OE Robinson,0,0,,,,,,"",""
ball,2,68.6,Surrey,DW Lawrence,BT Foakes,OE Robinson,0,0,,,,,,"",""
ball,2,69.1,Surrey,BT Foakes,DW Lawrence,TGR Clark,0,0,,,,,,"",""
ball,2,69.2,Surrey,BT Foakes,DW Lawrence,TGR Clark,0,0,,,,,,"",""
ball,2,69.3,Surrey,BT Foakes,DW Lawrence,TGR Clark,1,0,,,,,,"",""
ball,2,69.4,Surrey,DW Lawrence,BT Foakes,TGR Clark,1,0,,,,,,"",""
ball,2,69.5,Surrey,BT Foakes,DW Lawrence,TGR Clark,0,0,,,,,,"",""
ball,2,69.6,Surrey,BT Foakes,DW Lawrence,TGR Clark,0,0,,,,,,"",""
ball,2,70.1,Surrey,DW Lawrence,BT Foakes,OE Robinson,6,0,,,,,,"",""
ball,2,70.2,Surrey,DW Lawrence,BT Foakes,OE Robinson,0,0,,,,,,"",""
ball,2,70.3,Surrey,DW Lawrence,BT Foakes,OE Robinson,6,0,,,,,,"",""
ball,2,70.4,Surrey,DW Lawrence,BT Foakes,OE Robinson,0,0,,,,,,"",""
ball,2,70.5,Surrey,DW Lawrence,BT Foakes,OE Robinson,0,0,,,,,,"",""
ball,2,70.6,Surrey,DW Lawrence,BT Foakes,OE Robinson,0,0,,,,,,"",""
ball,2,71.1,Surrey,BT Foakes,DW Lawrence,TGR Clark,0,0,,,,,,"",""
ball,2,71.2,Surrey,BT Foakes,DW Lawrence,TGR Clark,0,0,,,,,,"",""
ball,2,71.3,Surrey,BT Foakes,DW Lawrence,TGR Clark,0,0,,,,,,"",""
ball,2,71.4,Surrey,BT Foakes,DW Lawrence,TGR Clark,0,0,,,,,,"",""
ball,2,71.5,Surrey,BT Foakes,DW Lawrence,TGR Clark,0,0,,,,,,"",""
ball,2,71.6,Surrey,BT Foakes,DW Lawrence,TGR Clark,0,0,,,,,,"",""
ball,2,72.1,Surrey,DW Lawrence,BT Foakes,JJ Carson,1,0,,,,,,"",""
ball,2,72.2,Surrey,BT Foakes,DW Lawrence,JJ Carson,1,0,,,,,,"",""
ball,2,72.3,Surrey,DW Lawrence,BT Foakes,JJ Carson,1,0,,,,,,"",""
ball,2,72.4,Surrey,BT Foakes,DW Lawrence,JJ Carson,1,0,,,,,,"",""
ball,2,72.5,Surrey,DW Lawrence,BT Foakes,JJ Carson,4,0,,,,,,"",""
ball,2,72.6,Surrey,DW Lawrence,BT Foakes,JJ Carson,4,0,,,,,,"",""
ball,2,73.1,Surrey,BT Foakes,DW Lawrence,TGR Clark,1,0,,,,,,"",""
ball,2,73.2,Surrey,DW Lawrence,BT Foakes,TGR Clark,6,0,,,,,,"",""
ball,2,73.3,Surrey,DW Lawrence,BT Foakes,TGR Clark,0,0,,,,,,"",""
ball,2,73.4,Surrey,DW Lawrence,BT Foakes,TGR Clark,1,0,,,,,,"",""
ball,2,73.5,Surrey,BT Foakes,DW Lawrence,TGR Clark,0,0,,,,,,"",""
ball,2,73.6,Surrey,BT Foakes,DW Lawrence,TGR Clark,1,0,,,,,,"",""
ball,2,74.1,Surrey,BT Foakes,DW Lawrence,JJ Carson,1,0,,,,,,"",""
ball,2,74.2,Surrey,DW Lawrence,BT Foakes,JJ Carson,0,0,,,,,,"",""
ball,2,74.3,Surrey,DW Lawrence,BT Foakes,JJ Carson,0,0,,,,,,"",""
ball,2,74.4,Surrey,DW Lawrence,BT Foakes,JJ Carson,4,0,,,,,,"",""
ball,2,74.5,Surrey,DW Lawrence,BT Foakes,JJ Carson,1,0,,,,,,"",""
ball,2,74.6,Surrey,BT Foakes,DW Lawrence,JJ Carson,0,0,,,,,,"",""
ball,2,75.1,Surrey,DW Lawrence,BT Foakes,JM Coles,1,0,,,,,,"",""
ball,2,75.2,Surrey,BT Foakes,DW Lawrence,JM Coles,4,0,,,,,,"",""
ball,2,75.3,Surrey,BT Foakes,DW Lawrence,JM Coles,6,0,,,,,,"",""
ball,2,75.4,Surrey,BT Foakes,DW Lawrence,JM Coles,0,0,,,,,,"",""
ball,2,75.5,Surrey,BT Foakes,DW Lawrence,JM Coles,1,0,,,,,,"",""
ball,2,75.6,Surrey,DW Lawrence,BT Foakes,JM Coles,1,0,,,,,,"",""
ball,2,76.1,Surrey,DW Lawrence,BT Foakes,JJ Carson,1,0,,,,,,"",""
ball,2,76.2,Surrey,BT Foakes,DW Lawrence,JJ Carson,0,0,,,,,,"",""
ball,2,76.3,Surrey,BT Foakes,DW Lawrence,JJ Carson,4,0,,,,,,"",""
ball,2,76.4,Surrey,BT Foakes,DW Lawrence,JJ Carson,1,0,,,,,,"",""
ball,2,76.5,Surrey,DW Lawrence,BT Foakes,JJ Carson,0,0,,,,,,"",""
ball,2,76.6,Surrey,DW Lawrence,BT Foakes,JJ Carson,1,0,,,,,,"",""
ball,2,77.1,Surrey,DW Lawrence,BT Foakes,JM Coles,1,0,,,,,,"",""
ball,2,77.2,Surrey,BT Foakes,DW Lawrence,JM Coles,0,0,,,,,,"",""
ball,2,77.3,Surrey,BT Foakes,DW Lawrence,JM Coles,1,0,,,,,,"",""
ball,2,77.4,Surrey,DW Lawrence,BT Foakes,JM Coles,1,0,,,,,,"",""
ball,2,77.5,Surrey,BT Foakes,DW Lawrence,JM Coles,1,0,,,,,,"",""
ball,2,77.6,Surrey,DW Lawrence,BT Foakes,JM Coles,0,0,,,,,,"",""
ball,2,78.1,Surrey,BT Foakes,DW Lawrence,JJ Carson,4,0,,,,,,"",""
ball,2,78.2,Surrey,BT Foakes,DW Lawrence,JJ Carson,0,0,,,,,,"",""
ball,2,78.3,Surrey,BT Foakes,DW Lawrence,JJ Carson,0,0,,,,,,"",""
ball,2,78.4,Surrey,BT Foakes,DW Lawrence,JJ Carson,0,0,,,,,,"",""
ball,2,78.5,Surrey,BT Foakes,DW Lawrence,JJ Carson,0,0,,,,,,"",""
ball,2,78.6,Surrey,BT Foakes,DW Lawrence,JJ Carson,0,0,,,,,,"",""
ball,2,79.1,Surrey,DW Lawrence,BT Foakes,JM Coles,6,0,,,,,,"",""
ball,2,79.2,Surrey,DW Lawrence,BT Foakes,JM Coles,1,0,,,,,,"",""
ball,2,79.3,Surrey,BT Foakes,DW Lawrence,JM Coles,0,0,,,,,,"",""
ball,2,79.4,Surrey,BT Foakes,DW Lawrence,JM Coles,0,0,,,,,,"",""
ball,2,79.5,Surrey,BT Foakes,DW Lawrence,JM Coles,0,0,,,,,,"",""
ball,2,79.6,Surrey,BT Foakes,DW Lawrence,JM Coles,0,0,,,,,,"",""
ball,2,80.1,Surrey,DW Lawrence,BT Foakes,OE Robinson,0,0,,,,,,"",""
ball,2,80.2,Surrey,DW Lawrence,BT Foakes,OE Robinson,0,0,,,,,,"",""
ball,2,80.3,Surrey,DW Lawrence,BT Foakes,OE Robinson,0,0,,,,,,"",""
ball,2,80.4,Surrey,DW Lawrence,BT Foakes,OE Robinson,1,0,,,,,,"",""
ball,2,80.5,Surrey,BT Foakes,DW Lawrence,OE Robinson,0,0,,,,,,"",""
ball,2,80.6,Surrey,BT Foakes,DW Lawrence,OE Robinson,0,0,,,,,,"",""
ball,2,81.1,Surrey,DW Lawrence,BT Foakes,JNT Seales,0,0,,,,,,"",""
ball,2,81.2,Surrey,DW Lawrence,BT Foakes,JNT Seales,1,0,,,,,,"",""
ball,2,81.3,Surrey,BT Foakes,DW Lawrence,JNT Seales,0,0,,,,,,"",""
ball,2,81.4,Surrey,BT Foakes,DW Lawrence,JNT Seales,0,0,,,,,,"",""
ball,2,81.5,Surrey,BT Foakes,DW Lawrence,JNT Seales,1,0,,,,,,"",""
ball,2,81.6,Surrey,DW Lawrence,BT Foakes,JNT Seales,1,0,,,,,,"",""
ball,2,82.1,Surrey,DW Lawrence,BT Foakes,OE Robinson,0,0,,,,,,"",""
ball,2,82.2,Surrey,DW Lawrence,BT Foakes,OE Robinson,0,0,,,,,,"",""
ball,2,82.3,Surrey,DW Lawrence,BT Foakes,OE Robinson,4,0,,,,,,"",""
ball,2,82.4,Surrey,DW Lawrence,BT Foakes,OE Robinson,1,0,,,,,,"",""
ball,2,82.5,Surrey,BT Foakes,DW Lawrence,OE Robinson,1,0,,,,,,"",""
ball,2,82.6,Surrey,DW Lawrence,BT Foakes,OE Robinson,0,2,,2,,,,"",""
ball,2,82.7,Surrey,DW Lawrence,BT Foakes,OE Robinson,0,0,,,,,,"",""
ball,2,83.1,Surrey,BT Foakes,DW Lawrence,JNT Seales,1,0,,,,,,"",""
ball,2,83.2,Surrey,DW Lawrence,BT Foakes,JNT Seales,0,0,,,,,,"",""
ball,2,83.3,Surrey,DW Lawrence,BT Foakes,JNT Seales,1,0,,,,,,"",""
ball,2,83.4,Surrey,BT Foakes,DW Lawrence,JNT Seales,0,0,,,,,,"",""
ball,2,83.5,Surrey,BT Foakes,DW Lawrence,JNT Seales,1,0,,,,,,"",""
ball,2,83.6,Surrey,DW Lawrence,BT Foakes,JNT Seales,1,0,,,,,,"",""
ball,2,84.1,Surrey,DW Lawrence,BT Foakes,OE Robinson,0,0,,,,,,"",""
ball,2,84.2,Surrey,DW Lawrence,BT Foakes,OE Robinson,4,0,,,,,,"",""
ball,2,84.3,Surrey,DW Lawrence,BT Foakes,OE Robinson,4,0,,,,,,"",""
ball,2,84.4,Surrey,DW Lawrence,BT Foakes,OE Robinson,1,0,,,,,,"",""
ball,2,84.5,Surrey,BT Foakes,DW Lawrence,OE Robinson,0,0,,,,,,"",""
ball,2,84.6,Surrey,BT Foakes,DW Lawrence,OE Robinson,0,0,,,,,,"",""
ball,2,85.1,Surrey,DW Lawrence,BT Foakes,JNT Seales,0,0,,,,,,"",""
ball,2,85.2,Surrey,DW Lawrence,BT Foakes,JNT Seales,2,0,,,,,,"",""
ball,2,85.3,Surrey,DW Lawrence,BT Foakes,JNT Seales,0,0,,,,,,"",""
ball,2,85.4,Surrey,DW Lawrence,BT Foakes,JNT Seales,0,0,,,,,,"",""
ball,2,85.5,Surrey,DW Lawrence,BT Foakes,JNT Seales,0,0,,,,,,"",""
ball,2,85.6,Surrey,DW Lawrence,BT Foakes,JNT Seales,1,0,,,,,,"",""
ball,2,86.1,Surrey,DW Lawrence,BT Foakes,OE Robinson,0,0,,,,,,"",""
ball,2,86.2,Surrey,DW Lawrence,BT Foakes,OE Robinson,0,0,,,,,,"",""
ball,2,86.3,Surrey,DW Lawrence,BT Foakes,OE Robinson,0,0,,,,,,caught,DW Lawrence
ball,2,86.4,Surrey,RS Patel,BT Foakes,OE Robinson,0,0,,,,,,"",""
ball,2,86.5,Surrey,RS Patel,BT Foakes,OE Robinson,0,0,,,,,,"",""
ball,2,86.6,Surrey,RS Patel,BT Foakes,OE Robinson,0,0,,,,,,"",""
ball,2,87.1,Surrey,BT Foakes,RS Patel,JNT Seales,1,0,,,,,,"",""
ball,2,87.2,Surrey,RS Patel,BT Foakes,JNT Seales,1,0,,,,,,"",""
ball,2,87.3,Surrey,BT Foakes,RS Patel,JNT Seales,2,0,,,,,,"",""
ball,2,87.4,Surrey,BT Foakes,RS Patel,JNT Seales,0,0,,,,,,"",""
ball,2,87.5,Surrey,BT Foakes,RS Patel,JNT Seales,0,0,,,,,,"",""
ball,2,87.6,Surrey,BT Foakes,RS Patel,JNT Seales,0,0,,,,,,"",""
ball,2,88.1,Surrey,RS Patel,BT Foakes,OE Robinson,4,0,,,,,,"",""
ball,2,88.2,Surrey,RS Patel,BT Foakes,OE Robinson,0,0,,,,,,"",""
ball,2,88.3,Surrey,RS Patel,BT Foakes,OE Robinson,0,0,,,,,,"",""
ball,2,88.4,Surrey,RS Patel,BT Foakes,OE Robinson,0,0,,,,,,"",""
ball,2,88.5,Surrey,RS Patel,BT Foakes,OE Robinson,0,0,,,,,,"",""
ball,2,88.6,Surrey,RS Patel,BT Foakes,OE Robinson,0,0,,,,,,"",""
ball,2,89.1,Surrey,BT Foakes,RS Patel,JNT Seales,4,0,,,,,,"",""
ball,2,89.2,Surrey,BT Foakes,RS Patel,JNT Seales,1,0,,,,,,"",""
ball,2,89.3,Surrey,RS Patel,BT Foakes,JNT Seales,0,0,,,,,,"",""
ball,2,89.4,Surrey,RS Patel,BT Foakes,JNT Seales,4,0,,,,,,"",""
ball,2,89.5,Surrey,RS Patel,BT Foakes,JNT Seales,1,0,,,,,,"",""
ball,2,89.6,Surrey,BT Foakes,RS Patel,JNT Seales,0,0,,,,,,"",""
ball,2,90.1,Surrey,RS Patel,BT Foakes,OE Robinson,0,0,,,,,,"",""
ball,2,90.2,Surrey,RS Patel,BT Foakes,OE Robinson,2,0,,,,,,"",""
ball,2,90.3,Surrey,RS Patel,BT Foakes,OE Robinson,0,0,,,,,,"",""
ball,2,90.4,Surrey,RS Patel,BT Foakes,OE Robinson,0,0,,,,,,"",""
ball,2,90.5,Surrey,RS Patel,BT Foakes,OE Robinson,0,0,,,,,,"",""
ball,2,90.6,Surrey,RS Patel,BT Foakes,OE Robinson,0,0,,,,,,"",""
ball,2,91.1,Surrey,BT Foakes,RS Patel,JNT Seales,2,0,,,,,,"",""
ball,2,91.2,Surrey,BT Foakes,RS Patel,JNT Seales,0,0,,,,,,"",""
ball,2,91.3,Surrey,BT Foakes,RS Patel,JNT Seales,0,0,,,,,,"",""
ball,2,91.4,Surrey,BT Foakes,RS Patel,JNT Seales,0,2,,,,2,,"",""
ball,2,91.5,Surrey,BT Foakes,RS Patel,JNT Seales,1,0,,,,,,"",""
ball,2,91.6,Surrey,RS Patel,BT Foakes,JNT Seales,0,0,,,,,,"",""
ball,2,92.1,Surrey,BT Foakes,RS Patel,OE Robinson,1,0,,,,,,"",""
ball,2,92.2,Surrey,RS Patel,BT Foakes,OE Robinson,0,0,,,,,,"",""
ball,2,92.3,Surrey,RS Patel,BT Foakes,OE Robinson,1,0,,,,,,"",""
ball,2,92.4,Surrey,BT Foakes,RS Patel,OE Robinson,1,0,,,,,,"",""
ball,2,92.5,Surrey,RS Patel,BT Foakes,OE Robinson,1,0,,,,,,"",""
ball,2,92.6,Surrey,BT Foakes,RS Patel,OE Robinson,0,0,,,,,,"",""
ball,2,93.1,Surrey,RS Patel,BT Foakes,JNT Seales,1,0,,,,,,"",""
ball,2,93.2,Surrey,BT Foakes,RS Patel,JNT Seales,0,0,,,,,,"",""
ball,2,93.3,Surrey,BT Foakes,RS Patel,JNT Seales,0,0,,,,,,"",""
ball,2,93.4,Surrey,BT Foakes,RS Patel,JNT Seales,0,0,,,,,,"",""
ball,2,93.5,Surrey,BT Foakes,RS Patel,JNT Seales,0,0,,,,,,caught,BT Foakes
ball,2,93.6,Surrey,OFM Sykes,RS Patel,JNT Seales,0,0,,,,,,"",""
ball,2,94.1,Surrey,RS Patel,OFM Sykes,OE Robinson,0,0,,,,,,"",""
ball,2,94.2,Surrey,RS Patel,OFM Sykes,OE Robinson,4,0,,,,,,"",""
ball,2,94.3,Surrey,RS Patel,OFM Sykes,OE Robinson,0,0,,,,,,"",""
ball,2,94.4,Surrey,RS Patel,OFM Sykes,OE Robinson,0,0,,,,,,"",""
ball,2,94.5,Surrey,RS Patel,OFM Sykes,OE Robinson,0,0,,,,,,"",""
ball,2,94.6,Surrey,RS Patel,OFM Sykes,OE Robinson,1,0,,,,,,"",""
ball,2,95.1,Surrey,RS Patel,OFM Sykes,JNT Seales,0,0,,,,,,"",""
ball,2,95.2,Surrey,RS Patel,OFM Sykes,JNT Seales,4,0,,,,,,"",""
ball,2,95.3,Surrey,RS Patel,OFM Sykes,JNT Seales,0,0,,,,,,"",""
ball,2,95.4,Surrey,RS Patel,OFM Sykes,JNT Seales,0,0,,,,,,caught,RS Patel
ball,2,95.5,Surrey,J Clark,OFM Sykes,JNT Seales,0,0,,,,,,"",""
ball,2,95.6,Surrey,J Clark,OFM Sykes,JNT Seales,0,0,,,,,,"",""
ball,2,96.1,Surrey,OFM Sykes,J Clark,OE Robinson,2,0,,,,,,"",""
ball,2,96.2,Surrey,OFM Sykes,J Clark,OE Robinson,0,0,,,,,,"",""
ball,2,96.3,Surrey,OFM Sykes,J Clark,OE Robinson,0,0,,,,,,"",""
ball,2,96.4,Surrey,OFM Sykes,J Clark,OE Robinson,0,0,,,,,,"",""
ball,2,96.5,Surrey,OFM Sykes,J Clark,OE Robinson,0,0,,,,,,"",""
ball,2,96.6,Surrey,OFM Sykes,J Clark,OE Robinson,0,0,,,,,,"",""
ball,2,97.1,Surrey,J Clark,OFM Sykes,JNT Seales,0,0,,,,,,"",""
ball,2,97.2,Surrey,J Clark,OFM Sykes,JNT Seales,1,0,,,,,,"",""
ball,2,97.3,Surrey,OFM Sykes,J Clark,JNT Seales,1,0,,,,,,"",""
ball,2,97.4,Surrey,J Clark,OFM Sykes,JNT Seales,0,0,,,,,,"",""
ball,2,97.5,Surrey,J Clark,OFM Sykes,JNT Seales,0,0,,,,,,"",""
ball,2,97.6,Surrey,J Clark,OFM Sykes,JNT Seales,0,1,,,,1,,"",""
ball,2,98.1,Surrey,J Clark,OFM Sykes,OE Robinson,0,0,,,,,,"",""
ball,2,98.2,Surrey,J Clark,OFM Sykes,OE Robinson,1,0,,,,,,"",""
ball,2,98.3,Surrey,OFM Sykes,J Clark,OE Robinson,0,0,,,,,,"",""
ball,2,98.4,Surrey,OFM Sykes,J Clark,OE Robinson,0,0,,,,,,"",""
ball,2,98.5,Surrey,OFM Sykes,J Clark,OE Robinson,0,0,,,,,,"",""
ball,2,98.6,Surrey,OFM Sykes,J Clark,OE Robinson,4,0,,,,,,"",""
ball,2,99.1,Surrey,J Clark,OFM Sykes,JNT Seales,0,0,,,,,,"",""
ball,2,99.2,Surrey,J Clark,OFM Sykes,JNT Seales,0,0,,,,,,"",""
ball,2,99.3,Surrey,J Clark,OFM Sykes,JNT Seales,0,0,,,,,,"",""
ball,2,99.4,Surrey,J Clark,OFM Sykes,JNT Seales,0,0,,,,,,"",""
ball,2,99.5,Surrey,J Clark,OFM Sykes,JNT Seales,0,0,,,,,,"",""
ball,2,99.6,Surrey,J Clark,OFM Sykes,JNT Seales,0,0,,,,,,"",""
ball,2,100.1,Surrey,OFM Sykes,J Clark,OE Robinson,0,0,,,,,,"",""
ball,2,100.2,Surrey,OFM Sykes,J Clark,OE Robinson,0,0,,,,,,"",""
ball,2,100.3,Surrey,OFM Sykes,J Clark,OE Robinson,0,0,,,,,,"",""
ball,2,100.4,Surrey,OFM Sykes,J Clark,OE Robinson,0,0,,,,,,"",""
ball,2,100.5,Surrey,OFM Sykes,J Clark,OE Robinson,0,0,,,,,,"",""
ball,2,100.6,Surrey,OFM Sykes,J Clark,OE Robinson,0,0,,,,,,"",""
ball,2,101.1,Surrey,J Clark,OFM Sykes,FJ Hudson-Prentice,0,0,,,,,,"",""
ball,2,101.2,Surrey,J Clark,OFM Sykes,FJ Hudson-Prentice,1,0,,,,,,"",""
ball,2,101.3,Surrey,OFM Sykes,J Clark,FJ Hudson-Prentice,2,0,,,,,,"",""
ball,2,101.4,Surrey,OFM Sykes,J Clark,FJ Hudson-Prentice,0,0,,,,,,"",""
ball,2,101.5,Surrey,OFM Sykes,J Clark,FJ Hudson-Prentice,0,0,,,,,,"",""
ball,2,101.6,Surrey,OFM Sykes,J Clark,FJ Hudson-Prentice,1,0,,,,,,"",""
ball,2,102.1,Surrey,OFM Sykes,J Clark,OE Robinson,1,0,,,,,,"",""
ball,2,102.2,Surrey,J Clark,OFM Sykes,OE Robinson,0,0,,,,,,"",""
ball,2,102.3,Surrey,J Clark,OFM Sykes,OE Robinson,4,0,,,,,,"",""
ball,2,102.4,Surrey,J Clark,OFM Sykes,OE Robinson,0,0,,,,,,"",""
ball,2,102.5,Surrey,J Clark,OFM Sykes,OE Robinson,1,0,,,,,,"",""
ball,2,102.6,Surrey,OFM Sykes,J Clark,OE Robinson,0,0,,,,,,"",""
ball,2,103.1,Surrey,J Clark,OFM Sykes,FJ Hudson-Prentice,0,0,,,,,,"",""
ball,2,103.2,Surrey,J Clark,OFM Sykes,FJ Hudson-Prentice,1,0,,,,,,"",""
ball,2,103.3,Surrey,OFM Sykes,J Clark,FJ Hudson-Prentice,4,0,,,,,,"",""
ball,2,103.4,Surrey,OFM Sykes,J Clark,FJ Hudson-Prentice,1,0,,,,,,"",""
ball,2,103.5,Surrey,J Clark,OFM Sykes,FJ Hudson-Prentice,0,0,,,,,,"",""
ball,2,103.6,Surrey,J Clark,OFM Sykes,FJ Hudson-Prentice,4,0,,,,,,"",""
ball,2,104.1,Surrey,OFM Sykes,J Clark,OE Robinson,0,0,,,,,,"",""
ball,2,104.2,Surrey,OFM Sykes,J Clark,OE Robinson,4,0,,,,,,"",""
ball,2,104.3,Surrey,OFM Sykes,J Clark,OE Robinson,0,0,,,,,,"",""
ball,2,104.4,Surrey,OFM Sykes,J Clark,OE Robinson,0,0,,,,,,"",""
ball,2,104.5,Surrey,OFM Sykes,J Clark,OE Robinson,1,0,,,,,,"",""
ball,2,104.6,Surrey,J Clark,OFM Sykes,OE Robinson,1,0,,,,,,"",""
ball,2,105.1,Surrey,J Clark,OFM Sykes,JM Coles,0,0,,,,,,"",""
ball,2,105.2,Surrey,J Clark,OFM Sykes,JM Coles,0,0,,,,,,lbw,J Clark
ball,2,105.3,Surrey,AAP Atkinson,OFM Sykes,JM Coles,1,0,,,,,,"",""
ball,2,105.4,Surrey,OFM Sykes,AAP Atkinson,JM Coles,0,0,,,,,,"",""
ball,2,105.5,Surrey,OFM Sykes,AAP Atkinson,JM Coles,0,0,,,,,,"",""
ball,2,105.6,Surrey,OFM Sykes,AAP Atkinson,JM Coles,0,0,,,,,,"",""
ball,2,106.1,Surrey,AAP Atkinson,OFM Sykes,OE Robinson,1,0,,,,,,"",""
ball,2,106.2,Surrey,OFM Sykes,AAP Atkinson,OE Robinson,3,0,,,,,,"",""
ball,2,106.3,Surrey,AAP Atkinson,OFM Sykes,OE Robinson,0,0,,,,,,"",""
ball,2,106.4,Surrey,AAP Atkinson,OFM Sykes,OE Robinson,1,2,,2,,,,"",""
ball,2,106.5,Surrey,OFM Sykes,AAP Atkinson,OE Robinson,1,0,,,,,,"",""
ball,2,106.6,Surrey,AAP Atkinson,OFM Sykes,OE Robinson,1,0,,,,,,"",""
ball,2,106.7,Surrey,OFM Sykes,AAP Atkinson,OE Robinson,4,0,,,,,,"",""
ball,2,107.1,Surrey,AAP Atkinson,OFM Sykes,JM Coles,0,0,,,,,,"",""
ball,2,107.2,Surrey,AAP Atkinson,OFM Sykes,JM Coles,0,0,,,,,,bowled,AAP Atkinson
ball,2,107.3,Surrey,MD Fisher,OFM Sykes,JM Coles,0,0,,,,,,"",""
ball,2,107.4,Surrey,MD Fisher,OFM Sykes,JM Coles,0,0,,,,,,bowled,MD Fisher
ball,2,107.5,Surrey,DJ Worrall,OFM Sykes,JM Coles,1,0,,,,,,"",""
ball,2,107.6,Surrey,OFM Sykes,DJ Worrall,JM Coles,1,0,,,,,,"",""
ball,2,108.1,Surrey,OFM Sykes,DJ Worrall,JJ Carson,1,0,,,,,,"",""
ball,2,108.2,Surrey,DJ Worrall,OFM Sykes,JJ Carson,1,0,,,,,,"",""
ball,2,108.3,Surrey,OFM Sykes,DJ Worrall,JJ Carson,4,0,,,,,,"",""
ball,2,108.4,Surrey,OFM Sykes,DJ Worrall,JJ Carson,1,0,,,,,,"",""
ball,2,108.5,Surrey,DJ Worrall,OFM Sykes,JJ Carson,1,0,,,,,,"",""
ball,2,108.6,Surrey,OFM Sykes,DJ Worrall,JJ Carson,1,0,,,,,,"",""
ball,2,109.1,Surrey,OFM Sykes,DJ Worrall,JM Coles,0,0,,,,,,caught,OFM Sykes
ball,3,0.1,Sussex,TJ Haines,DP Hughes,AAP Atkinson,0,0,,,,,,"",""
ball,3,0.2,Sussex,TJ Haines,DP Hughes,AAP Atkinson,4,0,,,,,,"",""
ball,3,0.3,Sussex,TJ Haines,DP Hughes,AAP Atkinson,4,0,,,,,,"",""
ball,3,0.4,Sussex,TJ Haines,DP Hughes,AAP Atkinson,0,0,,,,,,"",""
ball,3,0.5,Sussex,TJ Haines,DP Hughes,AAP Atkinson,0,0,,,,,,"",""
ball,3,0.6,Sussex,TJ Haines,DP Hughes,AAP Atkinson,0,0,,,,,,"",""
ball,3,1.1,Sussex,DP Hughes,TJ Haines,DJ Worrall,0,0,,,,,,"",""
ball,3,1.2,Sussex,DP Hughes,TJ Haines,DJ Worrall,1,0,,,,,,"",""
ball,3,1.3,Sussex,TJ Haines,DP Hughes,DJ Worrall,1,0,,,,,,"",""
ball,3,1.4,Sussex,DP Hughes,TJ Haines,DJ Worrall,0,0,,,,,,"",""
ball,3,1.5,Sussex,DP Hughes,TJ Haines,DJ Worrall,0,0,,,,,,"",""
ball,3,1.6,Sussex,DP Hughes,TJ Haines,DJ Worrall,0,0,,,,,,"",""
ball,3,2.1,Sussex,TJ Haines,DP Hughes,AAP Atkinson,0,0,,,,,,"",""
ball,3,2.2,Sussex,TJ Haines,DP Hughes,AAP Atkinson,1,0,,,,,,"",""
ball,3,2.3,Sussex,DP Hughes,TJ Haines,AAP Atkinson,0,0,,,,,,"",""
ball,3,2.4,Sussex,DP Hughes,TJ Haines,AAP Atkinson,0,0,,,,,,"",""
ball,3,2.5,Sussex,DP Hughes,TJ Haines,AAP Atkinson,0,2,,2,,,,"",""
ball,3,2.6,Sussex,DP Hughes,TJ Haines,AAP Atkinson,0,0,,,,,,"",""
ball,3,2.7,Sussex,DP Hughes,TJ Haines,AAP Atkinson,1,0,,,,,,"",""
ball,3,3.1,Sussex,DP Hughes,TJ Haines,DJ Worrall,0,0,,,,,,"",""
ball,3,3.2,Sussex,DP Hughes,TJ Haines,DJ Worrall,4,0,,,,,,"",""
ball,3,3.3,Sussex,DP Hughes,TJ Haines,DJ Worrall,0,0,,,,,,"",""
ball,3,3.4,Sussex,DP Hughes,TJ Haines,DJ Worrall,0,0,,,,,,"",""
ball,3,3.5,Sussex,DP Hughes,TJ Haines,DJ Worrall,0,0,,,,,,"",""
ball,3,3.6,Sussex,DP Hughes,TJ Haines,DJ Worrall,4,0,,,,,,"",""
ball,3,4.1,Sussex,TJ Haines,DP Hughes,AAP Atkinson,0,2,,2,,,,"",""
ball,3,4.2,Sussex,TJ Haines,DP Hughes,AAP Atkinson,0,0,,,,,,"",""
ball,3,4.3,Sussex,TJ Haines,DP Hughes,AAP Atkinson,0,0,,,,,,"",""
ball,3,4.4,Sussex,TJ Haines,DP Hughes,AAP Atkinson,1,0,,,,,,"",""
ball,3,4.5,Sussex,DP Hughes,TJ Haines,AAP Atkinson,0,0,,,,,,"",""
ball,3,4.6,Sussex,DP Hughes,TJ Haines,AAP Atkinson,0,0,,,,,,"",""
ball,3,4.7,Sussex,DP Hughes,TJ Haines,AAP Atkinson,0,0,,,,,,"",""
ball,3,5.1,Sussex,TJ Haines,DP Hughes,DJ Worrall,0,0,,,,,,"",""
ball,3,5.2,Sussex,TJ Haines,DP Hughes,DJ Worrall,0,0,,,,,,"",""
ball,3,5.3,Sussex,TJ Haines,DP Hughes,DJ Worrall,1,0,,,,,,"",""
ball,3,5.4,Sussex,DP Hughes,TJ Haines,DJ Worrall,0,0,,,,,,"",""
ball,3,5.5,Sussex,DP Hughes,TJ Haines,DJ Worrall,0,0,,,,,,"",""
ball,3,5.6,Sussex,DP Hughes,TJ Haines,DJ Worrall,0,0,,,,,,"",""
ball,3,6.1,Sussex,TJ Haines,DP Hughes,AAP Atkinson,0,6,,2,,4,,"",""
ball,3,6.2,Sussex,TJ Haines,DP Hughes,AAP Atkinson,0,0,,,,,,"",""
ball,3,6.3,Sussex,TJ Haines,DP Hughes,AAP Atkinson,1,0,,,,,,"",""
ball,3,6.4,Sussex,DP Hughes,TJ Haines,AAP Atkinson,0,0,,,,,,"",""
ball,3,6.5,Sussex,DP Hughes,TJ Haines,AAP Atkinson,0,0,,,,,,"",""
ball,3,6.6,Sussex,DP Hughes,TJ Haines,AAP Atkinson,1,0,,,,,,"",""
ball,3,6.7,Sussex,TJ Haines,DP Hughes,AAP Atkinson,0,0,,,,,,"",""
ball,3,7.1,Sussex,DP Hughes,TJ Haines,DJ Worrall,0,0,,,,,,"",""
ball,3,7.2,Sussex,DP Hughes,TJ Haines,DJ Worrall,1,0,,,,,,"",""
ball,3,7.3,Sussex,TJ Haines,DP Hughes,DJ Worrall,0,0,,,,,,"",""
ball,3,7.4,Sussex,TJ Haines,DP Hughes,DJ Worrall,0,0,,,,,,"",""
ball,3,7.5,Sussex,TJ Haines,DP Hughes,DJ Worrall,1,0,,,,,,"",""
ball,3,7.6,Sussex,DP Hughes,TJ Haines,DJ Worrall,0,0,,,,,,"",""
ball,3,8.1,Sussex,TJ Haines,DP Hughes,AAP Atkinson,0,0,,,,,,"",""
ball,3,8.2,Sussex,TJ Haines,DP Hughes,AAP Atkinson,1,0,,,,,,"",""
ball,3,8.3,Sussex,DP Hughes,TJ Haines,AAP Atkinson,0,0,,,,,,"",""
ball,3,8.4,Sussex,DP Hughes,TJ Haines,AAP Atkinson,0,0,,,,,,"",""
ball,3,8.5,Sussex,DP Hughes,TJ Haines,AAP Atkinson,0,0,,,,,,"",""
ball,3,8.6,Sussex,DP Hughes,TJ Haines,AAP Atkinson,0,0,,,,,,"",""
ball,3,9.1,Sussex,TJ Haines,DP Hughes,DW Lawrence,4,0,,,,,,"",""
ball,3,9.2,Sussex,TJ Haines,DP Hughes,DW Lawrence,0,0,,,,,,"",""
ball,3,9.3,Sussex,TJ Haines,DP Hughes,DW Lawrence,0,0,,,,,,"",""
ball,3,9.4,Sussex,TJ Haines,DP Hughes,DW Lawrence,0,0,,,,,,"",""
ball,3,9.5,Sussex,TJ Haines,DP Hughes,DW Lawrence,0,0,,,,,,"",""
ball,3,9.6,Sussex,TJ Haines,DP Hughes,DW Lawrence,0,0,,,,,,"",""
ball,3,10.1,Sussex,DP Hughes,TJ Haines,MD Fisher,0,0,,,,,,"",""
ball,3,10.2,Sussex,DP Hughes,TJ Haines,MD Fisher,0,0,,,,,,"",""
ball,3,10.3,Sussex,DP Hughes,TJ Haines,MD Fisher,0,0,,,,,,"",""
ball,3,10.4,Sussex,DP Hughes,TJ Haines,MD Fisher,0,0,,,,,,"",""
ball,3,10.5,Sussex,DP Hughes,TJ Haines,MD Fisher,0,0,,,,,,"",""
ball,3,10.6,Sussex,DP Hughes,TJ Haines,MD Fisher,0,0,,,,,,"",""
ball,3,11.1,Sussex,TJ Haines,DP Hughes,DW Lawrence,0,0,,,,,,"",""
ball,3,11.2,Sussex,TJ Haines,DP Hughes,DW Lawrence,2,0,,,,,,"",""
ball,3,11.3,Sussex,TJ Haines,DP Hughes,DW Lawrence,0,0,,,,,,"",""
ball,3,11.4,Sussex,TJ Haines,DP Hughes,DW Lawrence,0,0,,,,,,"",""
ball,3,11.5,Sussex,TJ Haines,DP Hughes,DW Lawrence,0,0,,,,,,"",""
ball,3,11.6,Sussex,TJ Haines,DP Hughes,DW Lawrence,0,0,,,,,,"",""
ball,3,12.1,Sussex,DP Hughes,TJ Haines,MD Fisher,0,0,,,,,,"",""
ball,3,12.2,Sussex,DP Hughes,TJ Haines,MD Fisher,0,0,,,,,,"",""
ball,3,12.3,Sussex,DP Hughes,TJ Haines,MD Fisher,0,0,,,,,,"",""
ball,3,12.4,Sussex,DP Hughes,TJ Haines,MD Fisher,0,0,,,,,,"",""
ball,3,12.5,Sussex,DP Hughes,TJ Haines,MD Fisher,0,0,,,,,,"",""
ball,3,12.6,Sussex,DP Hughes,TJ Haines,MD Fisher,0,0,,,,,,"",""
ball,3,13.1,Sussex,TJ Haines,DP Hughes,DW Lawrence,0,0,,,,,,"",""
ball,3,13.2,Sussex,TJ Haines,DP Hughes,DW Lawrence,1,0,,,,,,"",""
ball,3,13.3,Sussex,DP Hughes,TJ Haines,DW Lawrence,0,0,,,,,,"",""
ball,3,13.4,Sussex,DP Hughes,TJ Haines,DW Lawrence,0,0,,,,,,"",""
ball,3,13.5,Sussex,DP Hughes,TJ Haines,DW Lawrence,0,0,,,,,,"",""
ball,3,13.6,Sussex,DP Hughes,TJ Haines,DW Lawrence,0,0,,,,,,"",""
ball,3,14.1,Sussex,TJ Haines,DP Hughes,MD Fisher,0,0,,,,,,"",""
ball,3,14.2,Sussex,TJ Haines,DP Hughes,MD Fisher,1,0,,,,,,"",""
ball,3,14.3,Sussex,DP Hughes,TJ Haines,MD Fisher,0,0,,,,,,"",""
ball,3,14.4,Sussex,DP Hughes,TJ Haines,MD Fisher,4,0,,,,,,"",""
ball,3,14.5,Sussex,DP Hughes,TJ Haines,MD Fisher,0,0,,,,,,"",""
ball,3,14.6,Sussex,DP Hughes,TJ Haines,MD Fisher,0,0,,,,,,"",""
ball,3,15.1,Sussex,TJ Haines,DP Hughes,DW Lawrence,0,0,,,,,,"",""
ball,3,15.2,Sussex,TJ Haines,DP Hughes,DW Lawrence,1,0,,,,,,"",""
ball,3,15.3,Sussex,DP Hughes,TJ Haines,DW Lawrence,0,0,,,,,,"",""
ball,3,15.4,Sussex,DP Hughes,TJ Haines,DW Lawrence,0,0,,,,,,"",""
ball,3,15.5,Sussex,DP Hughes,TJ Haines,DW Lawrence,0,0,,,,,,"",""
ball,3,15.6,Sussex,DP Hughes,TJ Haines,DW Lawrence,1,0,,,,,,"",""
ball,3,16.1,Sussex,DP Hughes,TJ Haines,OFM Sykes,1,0,,,,,,"",""
ball,3,16.2,Sussex,TJ Haines,DP Hughes,OFM Sykes,1,0,,,,,,"",""
ball,3,16.3,Sussex,DP Hughes,TJ Haines,OFM Sykes,1,0,,,,,,"",""
ball,3,16.4,Sussex,TJ Haines,DP Hughes,OFM Sykes,0,0,,,,,,"",""
ball,3,16.5,Sussex,TJ Haines,DP Hughes,OFM Sykes,0,0,,,,,,"",""
ball,3,16.6,Sussex,TJ Haines,DP Hughes,OFM Sykes,1,0,,,,,,"",""
ball,3,17.1,Sussex,TJ Haines,DP Hughes,DW Lawrence,1,0,,,,,,"",""
ball,3,17.2,Sussex,DP Hughes,TJ Haines,DW Lawrence,1,0,,,,,,"",""
ball,3,17.3,Sussex,TJ Haines,DP Hughes,DW Lawrence,0,0,,,,,,"",""
ball,3,17.4,Sussex,TJ Haines,DP Hughes,DW Lawrence,4,0,,,,,,"",""
ball,3,17.5,Sussex,TJ Haines,DP Hughes,DW Lawrence,0,0,,,,,,"",""
ball,3,17.6,Sussex,TJ Haines,DP Hughes,DW Lawrence,0,0,,,,,,"",""
ball,3,18.1,Sussex,DP Hughes,TJ Haines,OFM Sykes,0,0,,,,,,"",""
ball,3,18.2,Sussex,DP Hughes,TJ Haines,OFM Sykes,1,0,,,,,,"",""
ball,3,18.3,Sussex,TJ Haines,DP Hughes,OFM Sykes,0,0,,,,,,"",""
ball,3,18.4,Sussex,TJ Haines,DP Hughes,OFM Sykes,1,0,,,,,,"",""
ball,3,18.5,Sussex,DP Hughes,TJ Haines,OFM Sykes,0,0,,,,,,"",""
ball,3,18.6,Sussex,DP Hughes,TJ Haines,OFM Sykes,0,0,,,,,,"",""
ball,3,19.1,Sussex,TJ Haines,DP Hughes,DW Lawrence,0,0,,,,,,"",""
ball,3,19.2,Sussex,TJ Haines,DP Hughes,DW Lawrence,2,0,,,,,,"",""
ball,3,19.3,Sussex,TJ Haines,DP Hughes,DW Lawrence,1,0,,,,,,"",""
ball,3,19.4,Sussex,DP Hughes,TJ Haines,DW Lawrence,0,0,,,,,,"",""
ball,3,19.5,Sussex,DP Hughes,TJ Haines,DW Lawrence,1,0,,,,,,"",""
ball,3,19.6,Sussex,TJ Haines,DP Hughes,DW Lawrence,4,0,,,,,,"",""
ball,3,20.1,Sussex,DP Hughes,TJ Haines,OFM Sykes,0,0,,,,,,"",""
ball,3,20.2,Sussex,DP Hughes,TJ Haines,OFM Sykes,0,0,,,,,,"",""
ball,3,20.3,Sussex,DP Hughes,TJ Haines,OFM Sykes,0,0,,,,,,"",""
ball,3,20.4,Sussex,DP Hughes,TJ Haines,OFM Sykes,1,0,,,,,,"",""
ball,3,20.5,Sussex,TJ Haines,DP Hughes,OFM Sykes,0,0,,,,,,"",""
ball,3,20.6,Sussex,TJ Haines,DP Hughes,OFM Sykes,0,0,,,,,,"",""
ball,3,21.1,Sussex,DP Hughes,TJ Haines,DW Lawrence,0,0,,,,,,"",""
ball,3,21.2,Sussex,DP Hughes,TJ Haines,DW Lawrence,0,0,,,,,,"",""
ball,3,21.3,Sussex,DP Hughes,TJ Haines,DW Lawrence,0,0,,,,,,"",""
ball,3,21.4,Sussex,DP Hughes,TJ Haines,DW Lawrence,0,0,,,,,,"",""
ball,3,21.5,Sussex,DP Hughes,TJ Haines,DW Lawrence,0,0,,,,,,"",""
ball,3,21.6,Sussex,DP Hughes,TJ Haines,DW Lawrence,1,0,,,,,,"",""
ball,3,22.1,Sussex,DP Hughes,TJ Haines,OFM Sykes,0,0,,,,,,"",""
ball,3,22.2,Sussex,DP Hughes,TJ Haines,OFM Sykes,0,0,,,,,,"",""
ball,3,22.3,Sussex,DP Hughes,TJ Haines,OFM Sykes,0,0,,,,,,"",""
ball,3,22.4,Sussex,DP Hughes,TJ Haines,OFM Sykes,0,0,,,,,,"",""
ball,3,22.5,Sussex,DP Hughes,TJ Haines,OFM Sykes,1,0,,,,,,"",""
ball,3,22.6,Sussex,TJ Haines,DP Hughes,OFM Sykes,1,0,,,,,,"",""
ball,3,23.1,Sussex,TJ Haines,DP Hughes,DW Lawrence,1,0,,,,,,"",""
ball,3,23.2,Sussex,DP Hughes,TJ Haines,DW Lawrence,1,0,,,,,,"",""
ball,3,23.3,Sussex,TJ Haines,DP Hughes,DW Lawrence,1,0,,,,,,"",""
ball,3,23.4,Sussex,DP Hughes,TJ Haines,DW Lawrence,0,0,,,,,,"",""
ball,3,23.5,Sussex,DP Hughes,TJ Haines,DW Lawrence,0,0,,,,,,"",""
ball,3,23.6,Sussex,DP Hughes,TJ Haines,DW Lawrence,4,0,,,,,,"",""
ball,3,24.1,Sussex,TJ Haines,DP Hughes,OFM Sykes,0,0,,,,,,"",""
ball,3,24.2,Sussex,TJ Haines,DP Hughes,OFM Sykes,2,0,,,,,,"",""
ball,3,24.3,Sussex,TJ Haines,DP Hughes,OFM Sykes,0,0,,,,,,"",""
ball,3,24.4,Sussex,TJ Haines,DP Hughes,OFM Sykes,1,0,,,,,,"",""
ball,3,24.5,Sussex,DP Hughes,TJ Haines,OFM Sykes,0,0,,,,,,"",""
ball,3,24.6,Sussex,DP Hughes,TJ Haines,OFM Sykes,1,0,,,,,,"",""
ball,3,25.1,Sussex,DP Hughes,TJ Haines,DW Lawrence,0,0,,,,,,"",""
ball,3,25.2,Sussex,DP Hughes,TJ Haines,DW Lawrence,0,0,,,,,,"",""
ball,3,25.3,Sussex,DP Hughes,TJ Haines,DW Lawrence,4,0,,,,,,"",""
ball,3,25.4,Sussex,DP Hughes,TJ Haines,DW Lawrence,1,0,,,,,,"",""
ball,3,25.5,Sussex,TJ Haines,DP Hughes,DW Lawrence,0,0,,,,,,"",""
ball,3,25.6,Sussex,TJ Haines,DP Hughes,DW Lawrence,0,0,,,,,,"",""
ball,3,26.1,Sussex,DP Hughes,TJ Haines,RJ Burns,1,0,,,,,,"",""
ball,3,26.2,Sussex,TJ Haines,DP Hughes,RJ Burns,0,0,,,,,,"",""
ball,3,26.3,Sussex,TJ Haines,DP Hughes,RJ Burns,1,0,,,,,,"",""
ball,3,26.4,Sussex,DP Hughes,TJ Haines,RJ Burns,0,0,,,,,,"",""
ball,3,26.5,Sussex,DP Hughes,TJ Haines,RJ Burns,1,0,,,,,,"",""
ball,3,26.6,Sussex,TJ Haines,DP Hughes,RJ Burns,4,0,,,,,,"",""
ball,3,27.1,Sussex,DP Hughes,TJ Haines,OFM Sykes,0,0,,,,,,"",""
ball,3,27.2,Sussex,DP Hughes,TJ Haines,OFM Sykes,0,0,,,,,,"",""
ball,3,27.3,Sussex,DP Hughes,TJ Haines,OFM Sykes,1,0,,,,,,"",""
ball,3,27.4,Sussex,TJ Haines,DP Hughes,OFM Sykes,0,0,,,,,,"",""
ball,3,27.5,Sussex,TJ Haines,DP Hughes,OFM Sykes,0,0,,,,,,"",""
ball,3,27.6,Sussex,TJ Haines,DP Hughes,OFM Sykes,0,0,,,,,,"",""
ball,3,28.1,Sussex,DP Hughes,TJ Haines,RJ Burns,1,0,,,,,,"",""
ball,3,28.2,Sussex,TJ Haines,DP Hughes,RJ Burns,2,0,,,,,,"",""
ball,3,28.3,Sussex,TJ Haines,DP Hughes,RJ Burns,0,0,,,,,,"",""
ball,3,28.4,Sussex,TJ Haines,DP Hughes,RJ Burns,1,0,,,,,,"",""
ball,3,28.5,Sussex,DP Hughes,TJ Haines,RJ Burns,0,0,,,,,,"",""
ball,3,28.6,Sussex,DP Hughes,TJ Haines,RJ Burns,0,0,,,,,,"",""
ball,3,29.1,Sussex,TJ Haines,DP Hughes,OFM Sykes,0,0,,,,,,"",""
ball,3,29.2,Sussex,TJ Haines,DP Hughes,OFM Sykes,0,0,,,,,,"",""
ball,3,29.3,Sussex,TJ Haines,DP Hughes,OFM Sykes,0,0,,,,,,"",""
ball,3,29.4,Sussex,TJ Haines,DP Hughes,OFM Sykes,0,0,,,,,,"",""
ball,3,29.5,Sussex,TJ Haines,DP Hughes,OFM Sykes,0,0,,,,,,"",""
ball,3,29.6,Sussex,TJ Haines,DP Hughes,OFM Sykes,0,0,,,,,,"",""
ball,3,30.1,Sussex,DP Hughes,TJ Haines,RJ Burns,1,0,,,,,,"",""
ball,3,30.2,Sussex,TJ Haines,DP Hughes,RJ Burns,0,0,,,,,,"",""
ball,3,30.3,Sussex,TJ Haines,DP Hughes,RJ Burns,0,0,,,,,,"",""
ball,3,30.4,Sussex,TJ Haines,DP Hughes,RJ Burns,0,0,,,,,,"",""
ball,3,30.5,Sussex,TJ Haines,DP Hughes,RJ Burns,4,0,,,,,,"",""
ball,3,30.6,Sussex,TJ Haines,DP Hughes,RJ Burns,0,2,,2,,,,"",""
ball,3,30.7,Sussex,TJ Haines,DP Hughes,RJ Burns,4,0,,,,,,"",""
ball,3,31.1,Sussex,DP Hughes,TJ Haines,OFM Sykes,0,0,,,,,,"",""
ball,3,31.2,Sussex,DP Hughes,TJ Haines,OFM Sykes,0,0,,,,,,"",""
ball,3,31.3,Sussex,DP Hughes,TJ Haines,OFM Sykes,0,0,,,,,,"",""
ball,3,31.4,Sussex,DP Hughes,TJ Haines,OFM Sykes,0,0,,,,,,"",""
ball,3,31.5,Sussex,DP Hughes,TJ Haines,OFM Sykes,0,0,,,,,,"",""
ball,3,31.6,Sussex,DP Hughes,TJ Haines,OFM Sykes,1,0,,,,,,"",""
ball,3,32.1,Sussex,DP Hughes,TJ Haines,DJ Worrall,0,0,,,,,,"",""
ball,3,32.2,Sussex,DP Hughes,TJ Haines,DJ Worrall,1,0,,,,,,"",""
ball,3,32.3,Sussex,TJ Haines,DP Hughes,DJ Worrall,0,0,,,,,,"",""
ball,3,32.4,Sussex,TJ Haines,DP Hughes,DJ Worrall,0,0,,,,,,"",""
ball,3,32.5,Sussex,TJ Haines,DP Hughes,DJ Worrall,0,0,,,,,,"",""
ball,3,32.6,Sussex,TJ Haines,DP Hughes,DJ Worrall,1,0,,,,,,"",""
ball,3,33.1,Sussex,TJ Haines,DP Hughes,OFM Sykes,0,0,,,,,,"",""
ball,3,33.2,Sussex,TJ Haines,DP Hughes,OFM Sykes,4,0,,,,,,"",""
ball,3,33.3,Sussex,TJ Haines,DP Hughes,OFM Sykes,0,0,,,,,,"",""
ball,3,33.4,Sussex,TJ Haines,DP Hughes,OFM Sykes,0,0,,,,,,"",""
ball,3,33.5,Sussex,TJ Haines,DP Hughes,OFM Sykes,0,0,,,,,,"",""
ball,3,33.6,Sussex,TJ Haines,DP Hughes,OFM Sykes,1,0,,,,,,"",""
ball,3,34.1,Sussex,TJ Haines,DP Hughes,DJ Worrall,0,2,,2,,,,"",""
ball,3,34.2,Sussex,TJ Haines,DP Hughes,DJ Worrall,1,0,,,,,,"",""
ball,3,34.3,Sussex,DP Hughes,TJ Haines,DJ Worrall,4,0,,,,,,"",""
ball,3,34.4,Sussex,DP Hughes,TJ Haines,DJ Worrall,0,0,,,,,,"",""
ball,3,34.5,Sussex,DP Hughes,TJ Haines,DJ Worrall,0,0,,,,,,"",""
ball,3,34.6,Sussex,DP Hughes,TJ Haines,DJ Worrall,0,0,,,,,,"",""
ball,3,34.7,Sussex,DP Hughes,TJ Haines,DJ Worrall,1,0,,,,,,"",""
ball,3,35.1,Sussex,DP Hughes,TJ Haines,DP Sibley,1,0,,,,,,"",""
ball,3,35.2,Sussex,TJ Haines,DP Hughes,DP Sibley,0,0,,,,,,"",""
ball,3,35.3,Sussex,TJ Haines,DP Hughes,DP Sibley,1,0,,,,,,"",""
ball,3,35.4,Sussex,DP Hughes,TJ Haines,DP Sibley,0,0,,,,,,"",""
ball,3,35.5,Sussex,DP Hughes,TJ Haines,DP Sibley,0,0,,,,,,"",""
ball,3,35.6,Sussex,DP Hughes,TJ Haines,DP Sibley,0,0,,,,,,"",""
