version,1.7.0
info,balls_per_over,6
info,team,Worcestershire
info,team,Essex
info,gender,male
info,season,2025
info,date,2025/05/16
info,date,2025/05/17
info,date,2025/05/18
info,event,County Championship
info,match_number,30
info,venue,"County Ground, New Road, Worcester"
info,city,Worcester
info,toss_winner,Essex
info,toss_decision,field
info,umpire,GD Lloyd
info,umpire,ID Blackwell
info,match_referee,AJ Swann
info,winner,Worcestershire
info,winner_runs,225
info,player,Worcestershire,GH Roderick
info,player,Worcestershire,JD Libby
info,player,Worcestershire,HM Nicholls
info,player,Worcestershire,Kashif Ali
info,player,Worcestershire,RP Jones
info,player,Worcestershire,BL D'Oliveira
info,player,Worcestershire,EA Brookes
info,player,Worcestershire,MJ Waite
info,player,Worcestershire,TAI Taylor
info,player,Worcestershire,BMJ Allison
info,player,Worcestershire,Y Singh
info,player,Essex,D Elgar
info,player,Essex,CWJ Allison
info,player,Essex,T Westley
info,player,Essex,RJ Das
info,player,Essex,MJJ Critchley
info,player,Essex,MS Pepper
info,player,Essex,NRM Thain
info,player,Essex,SR Harmer
info,player,Essex,S Snater
info,player,Essex,CAK Rajitha
info,player,Essex,JA Porter
info,registry,people,AJ Swann,f9d218a7
info,registry,people,BL D'Oliveira,9679838c
info,registry,people,BMJ Allison,39e2c0fd
info,registry,people,CAK Rajitha,8012d0b8
info,registry,people,CWJ Allison,42ee1d76
info,registry,people,D Elgar,33085ffb
info,registry,people,EA Brookes,6ce9f3eb
info,registry,people,GD Lloyd,36e0770d
info,registry,people,GH Roderick,7081848a
info,registry,people,HM Nicholls,03521fd3
info,registry,people,ID Blackwell,818e8bf2
info,registry,people,JA Porter,5b6d248a
info,registry,people,JD Libby,0d61d8f0
info,registry,people,Kashif Ali,f3b26fe4
info,registry,people,MJ Waite,a4b810d0
info,registry,people,MJJ Critchley,c5cc48bc
info,registry,people,MS Pepper,270e4c23
info,registry,people,NRM Thain,f8a63b6f
info,registry,people,RJ Das,734344b3
info,registry,people,RP Jones,ad8cb396
info,registry,people,S Snater,a790df98
info,registry,people,SR Harmer,23638956
info,registry,people,T Westley,25a42048
info,registry,people,TAI Taylor,867a45a7
info,registry,people,Y Singh,91018c56
ball,1,0.1,Worcestershire,GH Roderick,JD Libby,JA Porter,0,0,,,,,,"",""
ball,1,0.2,Worcestershire,GH Roderick,JD Libby,JA Porter,4,0,,,,,,"",""
ball,1,0.3,Worcestershire,GH Roderick,JD Libby,JA Porter,0,0,,,,,,"",""
ball,1,0.4,Worcestershire,GH Roderick,JD Libby,JA Porter,0,0,,,,,,"",""
ball,1,0.5,Worcestershire,GH Roderick,JD Libby,JA Porter,0,0,,,,,,"",""
ball,1,0.6,Worcestershire,GH Roderick,JD Libby,JA Porter,0,0,,,,,,"",""
ball,1,1.1,Worcestershire,JD Libby,GH Roderick,S Snater,1,0,,,,,,"",""
ball,1,1.2,Worcestershire,GH Roderick,JD Libby,S Snater,0,0,,,,,,"",""
ball,1,1.3,Worcestershire,GH Roderick,JD Libby,S Snater,0,0,,,,,,"",""
ball,1,1.4,Worcestershire,GH Roderick,JD Libby,S Snater,0,0,,,,,,"",""
ball,1,1.5,Worcestershire,GH Roderick,JD Libby,S Snater,1,0,,,,,,"",""
ball,1,1.6,Worcestershire,JD Libby,GH Roderick,S Snater,0,0,,,,,,"",""
ball,1,2.1,Worcestershire,GH Roderick,JD Libby,JA Porter,0,0,,,,,,"",""
ball,1,2.2,Worcestershire,GH Roderick,JD Libby,JA Porter,0,0,,,,,,"",""
ball,1,2.3,Worcestershire,GH Roderick,JD Libby,JA Porter,0,0,,,,,,"",""
ball,1,2.4,Worcestershire,GH Roderick,JD Libby,JA Porter,0,0,,,,,,"",""
ball,1,2.5,Worcestershire,GH Roderick,JD Libby,JA Porter,0,0,,,,,,"",""
ball,1,2.6,Worcestershire,GH Roderick,JD Libby,JA Porter,0,0,,,,,,"",""
ball,1,3.1,Worcestershire,JD Libby,GH Roderick,S Snater,0,0,,,,,,"",""
ball,1,3.2,Worcestershire,JD Libby,GH Roderick,S Snater,0,0,,,,,,"",""
ball,1,3.3,Worcestershire,JD Libby,GH Roderick,S Snater,0,0,,,,,,"",""
ball,1,3.4,Worcestershire,JD Libby,GH Roderick,S Snater,2,0,,,,,,"",""
ball,1,3.5,Worcestershire,JD Libby,GH Roderick,S Snater,0,0,,,,,,"",""
ball,1,3.6,Worcestershire,JD Libby,GH Roderick,S Snater,4,0,,,,,,"",""
ball,1,4.1,Worcestershire,GH Roderick,JD Libby,JA Porter,0,0,,,,,,"",""
ball,1,4.2,Worcestershire,GH Roderick,JD Libby,JA Porter,2,0,,,,,,"",""
ball,1,4.3,Worcestershire,GH Roderick,JD Libby,JA Porter,0,0,,,,,,"",""
ball,1,4.4,Worcestershire,GH Roderick,JD Libby,JA Porter,1,0,,,,,,"",""
ball,1,4.5,Worcestershire,JD Libby,GH Roderick,JA Porter,0,0,,,,,,"",""
ball,1,4.6,Worcestershire,JD Libby,GH Roderick,JA Porter,0,0,,,,,,"",""
ball,1,5.1,Worcestershire,GH Roderick,JD Libby,S Snater,0,0,,,,,,"",""
ball,1,5.2,Worcestershire,GH Roderick,JD Libby,S Snater,0,0,,,,,,"",""
ball,1,5.3,Worcestershire,GH Roderick,JD Libby,S Snater,0,0,,,,,,"",""
ball,1,5.4,Worcestershire,GH Roderick,JD Libby,S Snater,1,0,,,,,,"",""
ball,1,5.5,Worcestershire,JD Libby,GH Roderick,S Snater,0,0,,,,,,"",""
ball,1,5.6,Worcestershire,JD Libby,GH Roderick,S Snater,0,0,,,,,,"",""
ball,1,6.1,Worcestershire,GH Roderick,JD Libby,JA Porter,0,0,,,,,,"",""
ball,1,6.2,Worcestershire,GH Roderick,JD Libby,JA Porter,0,0,,,,,,"",""
ball,1,6.3,Worcestershire,GH Roderick,JD Libby,JA Porter,4,0,,,,,,"",""
ball,1,6.4,Worcestershire,GH Roderick,JD Libby,JA Porter,1,0,,,,,,"",""
ball,1,6.5,Worcestershire,JD Libby,GH Roderick,JA Porter,0,1,,,,1,,"",""
ball,1,6.6,Worcestershire,GH Roderick,JD Libby,JA Porter,0,0,,,,,,"",""
ball,1,7.1,Worcestershire,JD Libby,GH Roderick,S Snater,0,0,,,,,,"",""
ball,1,7.2,Worcestershire,JD Libby,GH Roderick,S Snater,0,0,,,,,,"",""
ball,1,7.3,Worcestershire,JD Libby,GH Roderick,S Snater,0,0,,,,,,"",""
ball,1,7.4,Worcestershire,JD Libby,GH Roderick,S Snater,0,4,,,,4,,"",""
ball,1,7.5,Worcestershire,JD Libby,GH Roderick,S Snater,0,0,,,,,,"",""
ball,1,7.6,Worcestershire,JD Libby,GH Roderick,S Snater,0,0,,,,,,"",""
ball,1,8.1,Worcestershire,GH Roderick,JD Libby,JA Porter,0,0,,,,,,"",""
ball,1,8.2,Worcestershire,GH Roderick,JD Libby,JA Porter,0,0,,,,,,"",""
ball,1,8.3,Worcestershire,GH Roderick,JD Libby,JA Porter,0,0,,,,,,"",""
ball,1,8.4,Worcestershire,GH Roderick,JD Libby,JA Porter,0,0,,,,,,"",""
ball,1,8.5,Worcestershire,GH Roderick,JD Libby,JA Porter,2,0,,,,,,"",""
ball,1,8.6,Worcestershire,GH Roderick,JD Libby,JA Porter,0,0,,,,,,"",""
ball,1,9.1,Worcestershire,JD Libby,GH Roderick,S Snater,0,0,,,,,,"",""
ball,1,9.2,Worcestershire,JD Libby,GH Roderick,S Snater,1,0,,,,,,"",""
ball,1,9.3,Worcestershire,GH Roderick,JD Libby,S Snater,1,0,,,,,,"",""
ball,1,9.4,Worcestershire,JD Libby,GH Roderick,S Snater,1,0,,,,,,"",""
ball,1,9.5,Worcestershire,GH Roderick,JD Libby,S Snater,0,0,,,,,,"",""
ball,1,9.6,Worcestershire,GH Roderick,JD Libby,S Snater,0,0,,,,,,lbw,GH Roderick
ball,1,10.1,Worcestershire,JD Libby,HM Nicholls,JA Porter,1,0,,,,,,"",""
ball,1,10.2,Worcestershire,HM Nicholls,JD Libby,JA Porter,0,0,,,,,,"",""
ball,1,10.3,Worcestershire,HM Nicholls,JD Libby,JA Porter,0,0,,,,,,"",""
ball,1,10.4,Worcestershire,HM Nicholls,JD Libby,JA Porter,0,0,,,,,,"",""
ball,1,10.5,Worcestershire,HM Nicholls,JD Libby,JA Porter,0,0,,,,,,"",""
ball,1,10.6,Worcestershire,HM Nicholls,JD Libby,JA Porter,0,0,,,,,,"",""
ball,1,11.1,Worcestershire,JD Libby,HM Nicholls,S Snater,0,0,,,,,,"",""
ball,1,11.2,Worcestershire,JD Libby,HM Nicholls,S Snater,0,0,,,,,,"",""
ball,1,11.3,Worcestershire,JD Libby,HM Nicholls,S Snater,0,0,,,,,,"",""
ball,1,11.4,Worcestershire,JD Libby,HM Nicholls,S Snater,0,0,,,,,,"",""
ball,1,11.5,Worcestershire,JD Libby,HM Nicholls,S Snater,0,0,,,,,,"",""
ball,1,11.6,Worcestershire,JD Libby,HM Nicholls,S Snater,4,0,,,,,,"",""
ball,1,12.1,Worcestershire,HM Nicholls,JD Libby,CAK Rajitha,0,0,,,,,,"",""
ball,1,12.2,Worcestershire,HM Nicholls,JD Libby,CAK Rajitha,0,0,,,,,,"",""
ball,1,12.3,Worcestershire,HM Nicholls,JD Libby,CAK Rajitha,0,0,,,,,,"",""
ball,1,12.4,Worcestershire,HM Nicholls,JD Libby,CAK Rajitha,0,0,,,,,,caught,HM Nicholls
ball,1,12.5,Worcestershire,Kashif Ali,JD Libby,CAK Rajitha,0,0,,,,,,"",""
ball,1,12.6,Worcestershire,Kashif Ali,JD Libby,CAK Rajitha,0,0,,,,,,"",""
ball,1,13.1,Worcestershire,JD Libby,Kashif Ali,S Snater,1,0,,,,,,"",""
ball,1,13.2,Worcestershire,Kashif Ali,JD Libby,S Snater,0,0,,,,,,"",""
ball,1,13.3,Worcestershire,Kashif Ali,JD Libby,S Snater,1,0,,,,,,"",""
ball,1,13.4,Worcestershire,JD Libby,Kashif Ali,S Snater,0,0,,,,,,"",""
ball,1,13.5,Worcestershire,JD Libby,Kashif Ali,S Snater,0,0,,,,,,"",""
ball,1,13.6,Worcestershire,JD Libby,Kashif Ali,S Snater,0,0,,,,,,"",""
ball,1,14.1,Worcestershire,Kashif Ali,JD Libby,CAK Rajitha,0,0,,,,,,"",""
ball,1,14.2,Worcestershire,Kashif Ali,JD Libby,CAK Rajitha,0,0,,,,,,"",""
ball,1,14.3,Worcestershire,Kashif Ali,JD Libby,CAK Rajitha,0,0,,,,,,"",""
ball,1,14.4,Worcestershire,Kashif Ali,JD Libby,CAK Rajitha,4,0,,,,,,"",""
ball,1,14.5,Worcestershire,Kashif Ali,JD Libby,CAK Rajitha,0,0,,,,,,"",""
ball,1,14.6,Worcestershire,Kashif Ali,JD Libby,CAK Rajitha,0,0,,,,,,"",""
ball,1,15.1,Worcestershire,JD Libby,Kashif Ali,NRM Thain,1,0,,,,,,"",""
ball,1,15.2,Worcestershire,Kashif Ali,JD Libby,NRM Thain,0,0,,,,,,"",""
ball,1,15.3,Worcestershire,Kashif Ali,JD Libby,NRM Thain,4,0,,,,,,"",""
ball,1,15.4,Worcestershire,Kashif Ali,JD Libby,NRM Thain,0,0,,,,,,"",""
ball,1,15.5,Worcestershire,Kashif Ali,JD Libby,NRM Thain,0,0,,,,,,"",""
ball,1,15.6,Worcestershire,Kashif Ali,JD Libby,NRM Thain,0,0,,,,,,"",""
ball,1,16.1,Worcestershire,JD Libby,Kashif Ali,CAK Rajitha,0,0,,,,,,"",""
ball,1,16.2,Worcestershire,JD Libby,Kashif Ali,CAK Rajitha,0,0,,,,,,"",""
ball,1,16.3,Worcestershire,JD Libby,Kashif Ali,CAK Rajitha,0,0,,,,,,"",""
ball,1,16.4,Worcestershire,JD Libby,Kashif Ali,CAK Rajitha,0,0,,,,,,"",""
ball,1,16.5,Worcestershire,JD Libby,Kashif Ali,CAK Rajitha,0,0,,,,,,"",""
ball,1,16.6,Worcestershire,JD Libby,Kashif Ali,CAK Rajitha,0,0,,,,,,"",""
ball,1,17.1,Worcestershire,Kashif Ali,JD Libby,NRM Thain,0,0,,,,,,"",""
ball,1,17.2,Worcestershire,Kashif Ali,JD Libby,NRM Thain,0,0,,,,,,"",""
ball,1,17.3,Worcestershire,Kashif Ali,JD Libby,NRM Thain,0,0,,,,,,"",""
ball,1,17.4,Worcestershire,Kashif Ali,JD Libby,NRM Thain,1,0,,,,,,"",""
ball,1,17.5,Worcestershire,JD Libby,Kashif Ali,NRM Thain,0,0,,,,,,"",""
ball,1,17.6,Worcestershire,JD Libby,Kashif Ali,NRM Thain,0,0,,,,,,"",""
ball,1,18.1,Worcestershire,Kashif Ali,JD Libby,CAK Rajitha,1,0,,,,,,"",""
ball,1,18.2,Worcestershire,JD Libby,Kashif Ali,CAK Rajitha,0,0,,,,,,"",""
ball,1,18.3,Worcestershire,JD Libby,Kashif Ali,CAK Rajitha,0,0,,,,,,"",""
ball,1,18.4,Worcestershire,JD Libby,Kashif Ali,CAK Rajitha,0,0,,,,,,"",""
ball,1,18.5,Worcestershire,JD Libby,Kashif Ali,CAK Rajitha,0,0,,,,,,"",""
ball,1,18.6,Worcestershire,JD Libby,Kashif Ali,CAK Rajitha,0,0,,,,,,"",""
ball,1,19.1,Worcestershire,Kashif Ali,JD Libby,NRM Thain,0,0,,,,,,"",""
ball,1,19.2,Worcestershire,Kashif Ali,JD Libby,NRM Thain,0,0,,,,,,"",""
ball,1,19.3,Worcestershire,Kashif Ali,JD Libby,NRM Thain,5,0,,,,,,"",""
ball,1,19.4,Worcestershire,JD Libby,Kashif Ali,NRM Thain,0,0,,,,,,"",""
ball,1,19.5,Worcestershire,JD Libby,Kashif Ali,NRM Thain,0,0,,,,,,"",""
ball,1,19.6,Worcestershire,JD Libby,Kashif Ali,NRM Thain,0,0,,,,,,"",""
ball,1,20.1,Worcestershire,Kashif Ali,JD Libby,CAK Rajitha,0,0,,,,,,"",""
ball,1,20.2,Worcestershire,Kashif Ali,JD Libby,CAK Rajitha,0,0,,,,,,"",""
ball,1,20.3,Worcestershire,Kashif Ali,JD Libby,CAK Rajitha,0,0,,,,,,"",""
ball,1,20.4,Worcestershire,Kashif Ali,JD Libby,CAK Rajitha,4,0,,,,,,"",""
ball,1,20.5,Worcestershire,Kashif Ali,JD Libby,CAK Rajitha,0,0,,,,,,"",""
ball,1,20.6,Worcestershire,Kashif Ali,JD Libby,CAK Rajitha,0,0,,,,,,"",""
ball,1,21.1,Worcestershire,JD Libby,Kashif Ali,NRM Thain,0,0,,,,,,caught,JD Libby
ball,1,21.2,Worcestershire,RP Jones,Kashif Ali,NRM Thain,4,0,,,,,,"",""
ball,1,21.3,Worcestershire,RP Jones,Kashif Ali,NRM Thain,0,0,,,,,,"",""
ball,1,21.4,Worcestershire,RP Jones,Kashif Ali,NRM Thain,0,0,,,,,,"",""
ball,1,21.5,Worcestershire,RP Jones,Kashif Ali,NRM Thain,0,0,,,,,,"",""
ball,1,21.6,Worcestershire,RP Jones,Kashif Ali,NRM Thain,1,0,,,,,,"",""
ball,1,22.1,Worcestershire,RP Jones,Kashif Ali,CAK Rajitha,0,4,,,,4,,"",""
ball,1,22.2,Worcestershire,RP Jones,Kashif Ali,CAK Rajitha,0,0,,,,,,"",""
ball,1,22.3,Worcestershire,RP Jones,Kashif Ali,CAK Rajitha,0,0,,,,,,"",""
ball,1,22.4,Worcestershire,RP Jones,Kashif Ali,CAK Rajitha,0,0,,,,,,"",""
ball,1,22.5,Worcestershire,RP Jones,Kashif Ali,CAK Rajitha,0,0,,,,,,"",""
ball,1,22.6,Worcestershire,RP Jones,Kashif Ali,CAK Rajitha,0,0,,,,,,"",""
ball,1,23.1,Worcestershire,Kashif Ali,RP Jones,JA Porter,2,0,,,,,,"",""
ball,1,23.2,Worcestershire,Kashif Ali,RP Jones,JA Porter,0,0,,,,,,"",""
ball,1,23.3,Worcestershire,Kashif Ali,RP Jones,JA Porter,0,0,,,,,,"",""
ball,1,23.4,Worcestershire,Kashif Ali,RP Jones,JA Porter,0,0,,,,,,"",""
ball,1,23.5,Worcestershire,Kashif Ali,RP Jones,JA Porter,0,0,,,,,,"",""
ball,1,23.6,Worcestershire,Kashif Ali,RP Jones,JA Porter,0,0,,,,,,"",""
ball,1,24.1,Worcestershire,RP Jones,Kashif Ali,S Snater,0,0,,,,,,"",""
ball,1,24.2,Worcestershire,RP Jones,Kashif Ali,S Snater,0,0,,,,,,"",""
ball,1,24.3,Worcestershire,RP Jones,Kashif Ali,S Snater,0,4,,,,4,,"",""
ball,1,24.4,Worcestershire,RP Jones,Kashif Ali,S Snater,4,0,,,,,,"",""
ball,1,24.5,Worcestershire,RP Jones,Kashif Ali,S Snater,0,0,,,,,,"",""
ball,1,24.6,Worcestershire,RP Jones,Kashif Ali,S Snater,0,0,,,,,,"",""
ball,1,25.1,Worcestershire,Kashif Ali,RP Jones,JA Porter,0,0,,,,,,"",""
ball,1,25.2,Worcestershire,Kashif Ali,RP Jones,JA Porter,0,0,,,,,,"",""
ball,1,25.3,Worcestershire,Kashif Ali,RP Jones,JA Porter,0,0,,,,,,"",""
ball,1,25.4,Worcestershire,Kashif Ali,RP Jones,JA Porter,1,0,,,,,,"",""
ball,1,25.5,Worcestershire,RP Jones,Kashif Ali,JA Porter,0,0,,,,,,"",""
ball,1,25.6,Worcestershire,RP Jones,Kashif Ali,JA Porter,0,0,,,,,,"",""
ball,1,26.1,Worcestershire,Kashif Ali,RP Jones,S Snater,2,0,,,,,,"",""
ball,1,26.2,Worcestershire,Kashif Ali,RP Jones,S Snater,0,0,,,,,,"",""
ball,1,26.3,Worcestershire,Kashif Ali,RP Jones,S Snater,0,0,,,,,,"",""
ball,1,26.4,Worcestershire,Kashif Ali,RP Jones,S Snater,0,0,,,,,,"",""
ball,1,26.5,Worcestershire,Kashif Ali,RP Jones,S Snater,4,0,,,,,,"",""
ball,1,26.6,Worcestershire,Kashif Ali,RP Jones,S Snater,0,0,,,,,,"",""
ball,1,27.1,Worcestershire,RP Jones,Kashif Ali,JA Porter,0,0,,,,,,"",""
ball,1,27.2,Worcestershire,RP Jones,Kashif Ali,JA Porter,0,0,,,,,,"",""
ball,1,27.3,Worcestershire,RP Jones,Kashif Ali,JA Porter,0,0,,,,,,"",""
ball,1,27.4,Worcestershire,RP Jones,Kashif Ali,JA Porter,0,0,,,,,,"",""
ball,1,27.5,Worcestershire,RP Jones,Kashif Ali,JA Porter,0,0,,,,,,"",""
ball,1,27.6,Worcestershire,RP Jones,Kashif Ali,JA Porter,0,0,,,,,,"",""
ball,1,28.1,Worcestershire,Kashif Ali,RP Jones,CAK Rajitha,0,0,,,,,,"",""
ball,1,28.2,Worcestershire,Kashif Ali,RP Jones,CAK Rajitha,0,0,,,,,,"",""
ball,1,28.3,Worcestershire,Kashif Ali,RP Jones,CAK Rajitha,0,0,,,,,,"",""
ball,1,28.4,Worcestershire,Kashif Ali,RP Jones,CAK Rajitha,0,0,,,,,,"",""
ball,1,28.5,Worcestershire,Kashif Ali,RP Jones,CAK Rajitha,0,0,,,,,,"",""
ball,1,28.6,Worcestershire,Kashif Ali,RP Jones,CAK Rajitha,0,0,,,,,,"",""
ball,1,29.1,Worcestershire,RP Jones,Kashif Ali,JA Porter,0,0,,,,,,"",""
ball,1,29.2,Worcestershire,RP Jones,Kashif Ali,JA Porter,0,4,,,4,,,"",""
ball,1,29.3,Worcestershire,RP Jones,Kashif Ali,JA Porter,1,0,,,,,,"",""
ball,1,29.4,Worcestershire,Kashif Ali,RP Jones,JA Porter,0,0,,,,,,"",""
ball,1,29.5,Worcestershire,Kashif Ali,RP Jones,JA Porter,0,0,,,,,,"",""
ball,1,29.6,Worcestershire,Kashif Ali,RP Jones,JA Porter,0,0,,,,,,"",""
ball,1,30.1,Worcestershire,RP Jones,Kashif Ali,CAK Rajitha,0,0,,,,,,"",""
ball,1,30.2,Worcestershire,RP Jones,Kashif Ali,CAK Rajitha,0,0,,,,,,"",""
ball,1,30.3,Worcestershire,RP Jones,Kashif Ali,CAK Rajitha,0,0,,,,,,"",""
ball,1,30.4,Worcestershire,RP Jones,Kashif Ali,CAK Rajitha,0,0,,,,,,"",""
ball,1,30.5,Worcestershire,RP Jones,Kashif Ali,CAK Rajitha,0,0,,,,,,"",""
ball,1,30.6,Worcestershire,RP Jones,Kashif Ali,CAK Rajitha,0,0,,,,,,"",""
ball,1,31.1,Worcestershire,Kashif Ali,RP Jones,JA Porter,0,0,,,,,,"",""
ball,1,31.2,Worcestershire,Kashif Ali,RP Jones,JA Porter,0,0,,,,,,"",""
ball,1,31.3,Worcestershire,Kashif Ali,RP Jones,JA Porter,0,0,,,,,,"",""
ball,1,31.4,Worcestershire,Kashif Ali,RP Jones,JA Porter,2,0,,,,,,"",""
ball,1,31.5,Worcestershire,Kashif Ali,RP Jones,JA Porter,2,0,,,,,,"",""
ball,1,31.6,Worcestershire,Kashif Ali,RP Jones,JA Porter,0,0,,,,,,"",""
ball,1,32.1,Worcestershire,RP Jones,Kashif Ali,CAK Rajitha,0,0,,,,,,"",""
ball,1,32.2,Worcestershire,RP Jones,Kashif Ali,CAK Rajitha,0,0,,,,,,"",""
ball,1,32.3,Worcestershire,RP Jones,Kashif Ali,CAK Rajitha,0,0,,,,,,"",""
ball,1,32.4,Worcestershire,RP Jones,Kashif Ali,CAK Rajitha,0,0,,,,,,"",""
ball,1,32.5,Worcestershire,RP Jones,Kashif Ali,CAK Rajitha,0,0,,,,,,"",""
ball,1,32.6,Worcestershire,RP Jones,Kashif Ali,CAK Rajitha,0,0,,,,,,"",""
ball,1,33.1,Worcestershire,Kashif Ali,RP Jones,JA Porter,0,0,,,,,,"",""
ball,1,33.2,Worcestershire,Kashif Ali,RP Jones,JA Porter,0,0,,,,,,"",""
ball,1,33.3,Worcestershire,Kashif Ali,RP Jones,JA Porter,0,0,,,,,,"",""
ball,1,33.4,Worcestershire,Kashif Ali,RP Jones,JA Porter,2,0,,,,,,"",""
ball,1,33.5,Worcestershire,Kashif Ali,RP Jones,JA Porter,0,0,,,,,,"",""
ball,1,33.6,Worcestershire,Kashif Ali,RP Jones,JA Porter,0,0,,,,,,"",""
ball,1,34.1,Worcestershire,RP Jones,Kashif Ali,CAK Rajitha,0,0,,,,,,"",""
ball,1,34.2,Worcestershire,RP Jones,Kashif Ali,CAK Rajitha,0,0,,,,,,"",""
ball,1,34.3,Worcestershire,RP Jones,Kashif Ali,CAK Rajitha,0,0,,,,,,"",""
ball,1,34.4,Worcestershire,RP Jones,Kashif Ali,CAK Rajitha,0,4,,,4,,,"",""
ball,1,34.5,Worcestershire,RP Jones,Kashif Ali,CAK Rajitha,0,0,,,,,,"",""
ball,1,34.6,Worcestershire,RP Jones,Kashif Ali,CAK Rajitha,4,0,,,,,,"",""
ball,1,35.1,Worcestershire,Kashif Ali,RP Jones,S Snater,4,0,,,,,,"",""
ball,1,35.2,Worcestershire,Kashif Ali,RP Jones,S Snater,1,0,,,,,,"",""
ball,1,35.3,Worcestershire,RP Jones,Kashif Ali,S Snater,0,0,,,,,,"",""
ball,1,35.4,Worcestershire,RP Jones,Kashif Ali,S Snater,0,0,,,,,,"",""
ball,1,35.5,Worcestershire,RP Jones,Kashif Ali,S Snater,0,0,,,,,,"",""
ball,1,35.6,Worcestershire,RP Jones,Kashif Ali,S Snater,0,0,,,,,,"",""
ball,1,36.1,Worcestershire,Kashif Ali,RP Jones,CAK Rajitha,2,0,,,,,,"",""
ball,1,36.2,Worcestershire,Kashif Ali,RP Jones,CAK Rajitha,0,0,,,,,,"",""
ball,1,36.3,Worcestershire,Kashif Ali,RP Jones,CAK Rajitha,0,0,,,,,,"",""
ball,1,36.4,Worcestershire,Kashif Ali,RP Jones,CAK Rajitha,0,1,,,,1,,"",""
ball,1,36.5,Worcestershire,RP Jones,Kashif Ali,CAK Rajitha,0,0,,,,,,"",""
ball,1,36.6,Worcestershire,RP Jones,Kashif Ali,CAK Rajitha,0,0,,,,,,"",""
ball,1,37.1,Worcestershire,Kashif Ali,RP Jones,S Snater,0,0,,,,,,"",""
ball,1,37.2,Worcestershire,Kashif Ali,RP Jones,S Snater,0,0,,,,,,"",""
ball,1,37.3,Worcestershire,Kashif Ali,RP Jones,S Snater,2,0,,,,,,"",""
ball,1,37.4,Worcestershire,Kashif Ali,RP Jones,S Snater,0,0,,,,,,"",""
ball,1,37.5,Worcestershire,Kashif Ali,RP Jones,S Snater,0,0,,,,,,"",""
ball,1,37.6,Worcestershire,Kashif Ali,RP Jones,S Snater,0,0,,,,,,"",""
ball,1,38.1,Worcestershire,RP Jones,Kashif Ali,SR Harmer,0,0,,,,,,"",""
ball,1,38.2,Worcestershire,RP Jones,Kashif Ali,SR Harmer,0,0,,,,,,"",""
ball,1,38.3,Worcestershire,RP Jones,Kashif Ali,SR Harmer,0,0,,,,,,"",""
ball,1,38.4,Worcestershire,RP Jones,Kashif Ali,SR Harmer,0,0,,,,,,"",""
ball,1,38.5,Worcestershire,RP Jones,Kashif Ali,SR Harmer,0,0,,,,,,"",""
ball,1,38.6,Worcestershire,RP Jones,Kashif Ali,SR Harmer,4,0,,,,,,"",""
ball,1,39.1,Worcestershire,Kashif Ali,RP Jones,S Snater,2,0,,,,,,"",""
ball,1,39.2,Worcestershire,Kashif Ali,RP Jones,S Snater,0,0,,,,,,"",""
ball,1,39.3,Worcestershire,Kashif Ali,RP Jones,S Snater,0,0,,,,,,bowled,Kashif Ali
ball,1,39.4,Worcestershire,BL D'Oliveira,RP Jones,S Snater,2,0,,,,,,"",""
ball,1,39.5,Worcestershire,BL D'Oliveira,RP Jones,S Snater,0,0,,,,,,"",""
ball,1,39.6,Worcestershire,BL D'Oliveira,RP Jones,S Snater,0,0,,,,,,"",""
ball,1,40.1,Worcestershire,RP Jones,BL D'Oliveira,SR Harmer,0,0,,,,,,"",""
ball,1,40.2,Worcestershire,RP Jones,BL D'Oliveira,SR Harmer,0,0,,,,,,"",""
ball,1,40.3,Worcestershire,RP Jones,BL D'Oliveira,SR Harmer,0,0,,,,,,"",""
ball,1,40.4,Worcestershire,RP Jones,BL D'Oliveira,SR Harmer,0,0,,,,,,"",""
ball,1,40.5,Worcestershire,RP Jones,BL D'Oliveira,SR Harmer,1,0,,,,,,"",""
ball,1,40.6,Worcestershire,BL D'Oliveira,RP Jones,SR Harmer,1,0,,,,,,"",""
ball,1,41.1,Worcestershire,BL D'Oliveira,RP Jones,S Snater,0,0,,,,,,"",""
ball,1,41.2,Worcestershire,BL D'Oliveira,RP Jones,S Snater,0,0,,,,,,caught,BL D'Oliveira
ball,1,41.3,Worcestershire,EA Brookes,RP Jones,S Snater,4,0,,,,,,"",""
ball,1,41.4,Worcestershire,EA Brookes,RP Jones,S Snater,0,0,,,,,,"",""
ball,1,41.5,Worcestershire,EA Brookes,RP Jones,S Snater,2,0,,,,,,"",""
ball,1,41.6,Worcestershire,EA Brookes,RP Jones,S Snater,0,0,,,,,,"",""
ball,1,42.1,Worcestershire,RP Jones,EA Brookes,SR Harmer,6,0,,,,,,"",""
ball,1,42.2,Worcestershire,RP Jones,EA Brookes,SR Harmer,1,0,,,,,,"",""
ball,1,42.3,Worcestershire,EA Brookes,RP Jones,SR Harmer,0,0,,,,,,"",""
ball,1,42.4,Worcestershire,EA Brookes,RP Jones,SR Harmer,1,0,,,,,,"",""
ball,1,42.5,Worcestershire,RP Jones,EA Brookes,SR Harmer,1,0,,,,,,"",""
ball,1,42.6,Worcestershire,EA Brookes,RP Jones,SR Harmer,0,0,,,,,,"",""
ball,1,43.1,Worcestershire,RP Jones,EA Brookes,S Snater,0,0,,,,,,"",""
ball,1,43.2,Worcestershire,RP Jones,EA Brookes,S Snater,0,0,,,,,,"",""
ball,1,43.3,Worcestershire,RP Jones,EA Brookes,S Snater,0,0,,,,,,"",""
ball,1,43.4,Worcestershire,RP Jones,EA Brookes,S Snater,0,0,,,,,,"",""
ball,1,43.5,Worcestershire,RP Jones,EA Brookes,S Snater,0,0,,,,,,"",""
ball,1,43.6,Worcestershire,RP Jones,EA Brookes,S Snater,0,0,,,,,,"",""
ball,1,44.1,Worcestershire,EA Brookes,RP Jones,SR Harmer,1,0,,,,,,"",""
ball,1,44.2,Worcestershire,RP Jones,EA Brookes,SR Harmer,0,0,,,,,,"",""
ball,1,44.3,Worcestershire,RP Jones,EA Brookes,SR Harmer,0,0,,,,,,"",""
ball,1,44.4,Worcestershire,RP Jones,EA Brookes,SR Harmer,0,0,,,,,,"",""
ball,1,44.5,Worcestershire,RP Jones,EA Brookes,SR Harmer,0,0,,,,,,"",""
ball,1,44.6,Worcestershire,RP Jones,EA Brookes,SR Harmer,0,0,,,,,,"",""
ball,1,45.1,Worcestershire,EA Brookes,RP Jones,S Snater,0,0,,,,,,"",""
ball,1,45.2,Worcestershire,EA Brookes,RP Jones,S Snater,4,0,,,,,,"",""
ball,1,45.3,Worcestershire,EA Brookes,RP Jones,S Snater,0,0,,,,,,"",""
ball,1,45.4,Worcestershire,EA Brookes,RP Jones,S Snater,0,0,,,,,,"",""
ball,1,45.5,Worcestershire,EA Brookes,RP Jones,S Snater,1,0,,,,,,"",""
ball,1,45.6,Worcestershire,RP Jones,EA Brookes,S Snater,0,0,,,,,,"",""
ball,1,46.1,Worcestershire,EA Brookes,RP Jones,JA Porter,4,0,,,,,,"",""
ball,1,46.2,Worcestershire,EA Brookes,RP Jones,JA Porter,0,0,,,,,,"",""
ball,1,46.3,Worcestershire,EA Brookes,RP Jones,JA Porter,0,0,,,,,,"",""
ball,1,46.4,Worcestershire,EA Brookes,RP Jones,JA Porter,0,0,,,,,,"",""
ball,1,46.5,Worcestershire,EA Brookes,RP Jones,JA Porter,0,0,,,,,,"",""
ball,1,46.6,Worcestershire,EA Brookes,RP Jones,JA Porter,0,0,,,,,,"",""
ball,1,47.1,Worcestershire,RP Jones,EA Brookes,CAK Rajitha,4,0,,,,,,"",""
ball,1,47.2,Worcestershire,RP Jones,EA Brookes,CAK Rajitha,0,0,,,,,,"",""
ball,1,47.3,Worcestershire,RP Jones,EA Brookes,CAK Rajitha,4,0,,,,,,"",""
ball,1,47.4,Worcestershire,RP Jones,EA Brookes,CAK Rajitha,0,0,,,,,,"",""
ball,1,47.5,Worcestershire,RP Jones,EA Brookes,CAK Rajitha,0,0,,,,,,"",""
ball,1,47.6,Worcestershire,RP Jones,EA Brookes,CAK Rajitha,0,0,,,,,,"",""
ball,1,48.1,Worcestershire,EA Brookes,RP Jones,JA Porter,0,0,,,,,,"",""
ball,1,48.2,Worcestershire,EA Brookes,RP Jones,JA Porter,0,0,,,,,,"",""
ball,1,48.3,Worcestershire,EA Brookes,RP Jones,JA Porter,0,0,,,,,,"",""
ball,1,48.4,Worcestershire,EA Brookes,RP Jones,JA Porter,0,0,,,,,,"",""
ball,1,48.5,Worcestershire,EA Brookes,RP Jones,JA Porter,0,0,,,,,,"",""
ball,1,48.6,Worcestershire,EA Brookes,RP Jones,JA Porter,0,0,,,,,,"",""
ball,1,49.1,Worcestershire,RP Jones,EA Brookes,CAK Rajitha,0,2,,2,,,,"",""
ball,1,49.2,Worcestershire,RP Jones,EA Brookes,CAK Rajitha,0,0,,,,,,"",""
ball,1,49.3,Worcestershire,RP Jones,EA Brookes,CAK Rajitha,4,0,,,,,,"",""
ball,1,49.4,Worcestershire,RP Jones,EA Brookes,CAK Rajitha,1,0,,,,,,"",""
ball,1,49.5,Worcestershire,EA Brookes,RP Jones,CAK Rajitha,0,0,,,,,,"",""
ball,1,49.6,Worcestershire,EA Brookes,RP Jones,CAK Rajitha,0,0,,,,,,"",""
ball,1,49.7,Worcestershire,EA Brookes,RP Jones,CAK Rajitha,2,0,,,,,,"",""
ball,1,50.1,Worcestershire,RP Jones,EA Brookes,JA Porter,0,0,,,,,,"",""
ball,1,50.2,Worcestershire,RP Jones,EA Brookes,JA Porter,0,0,,,,,,"",""
ball,1,50.3,Worcestershire,RP Jones,EA Brookes,JA Porter,0,0,,,,,,"",""
ball,1,50.4,Worcestershire,RP Jones,EA Brookes,JA Porter,0,0,,,,,,"",""
ball,1,50.5,Worcestershire,RP Jones,EA Brookes,JA Porter,0,0,,,,,,"",""
ball,1,50.6,Worcestershire,RP Jones,EA Brookes,JA Porter,0,0,,,,,,"",""
ball,1,51.1,Worcestershire,EA Brookes,RP Jones,NRM Thain,1,0,,,,,,"",""
ball,1,51.2,Worcestershire,RP Jones,EA Brookes,NRM Thain,1,0,,,,,,"",""
ball,1,51.3,Worcestershire,EA Brookes,RP Jones,NRM Thain,0,0,,,,,,"",""
ball,1,51.4,Worcestershire,EA Brookes,RP Jones,NRM Thain,0,0,,,,,,"",""
ball,1,51.5,Worcestershire,EA Brookes,RP Jones,NRM Thain,0,0,,,,,,"",""
ball,1,51.6,Worcestershire,EA Brookes,RP Jones,NRM Thain,1,0,,,,,,"",""
ball,1,52.1,Worcestershire,EA Brookes,RP Jones,JA Porter,0,0,,,,,,"",""
ball,1,52.2,Worcestershire,EA Brookes,RP Jones,JA Porter,0,0,,,,,,"",""
ball,1,52.3,Worcestershire,EA Brookes,RP Jones,JA Porter,0,0,,,,,,"",""
ball,1,52.4,Worcestershire,EA Brookes,RP Jones,JA Porter,0,0,,,,,,"",""
ball,1,52.5,Worcestershire,EA Brookes,RP Jones,JA Porter,0,0,,,,,,"",""
ball,1,52.6,Worcestershire,EA Brookes,RP Jones,JA Porter,0,0,,,,,,"",""
ball,1,53.1,Worcestershire,RP Jones,EA Brookes,NRM Thain,0,0,,,,,,"",""
ball,1,53.2,Worcestershire,RP Jones,EA Brookes,NRM Thain,4,0,,,,,,"",""
ball,1,53.3,Worcestershire,RP Jones,EA Brookes,NRM Thain,0,0,,,,,,"",""
ball,1,53.4,Worcestershire,RP Jones,EA Brookes,NRM Thain,0,0,,,,,,"",""
ball,1,53.5,Worcestershire,RP Jones,EA Brookes,NRM Thain,0,0,,,,,,"",""
ball,1,53.6,Worcestershire,RP Jones,EA Brookes,NRM Thain,0,0,,,,,,"",""
ball,1,54.1,Worcestershire,EA Brookes,RP Jones,JA Porter,4,0,,,,,,"",""
ball,1,54.2,Worcestershire,EA Brookes,RP Jones,JA Porter,0,0,,,,,,"",""
ball,1,54.3,Worcestershire,EA Brookes,RP Jones,JA Porter,4,0,,,,,,"",""
ball,1,54.4,Worcestershire,EA Brookes,RP Jones,JA Porter,2,0,,,,,,"",""
ball,1,54.5,Worcestershire,EA Brookes,RP Jones,JA Porter,0,0,,,,,,"",""
ball,1,54.6,Worcestershire,EA Brookes,RP Jones,JA Porter,0,0,,,,,,caught,EA Brookes
ball,1,55.1,Worcestershire,RP Jones,MJ Waite,NRM Thain,0,0,,,,,,"",""
ball,1,55.2,Worcestershire,RP Jones,MJ Waite,NRM Thain,0,0,,,,,,"",""
ball,1,55.3,Worcestershire,RP Jones,MJ Waite,NRM Thain,0,0,,,,,,"",""
ball,1,55.4,Worcestershire,RP Jones,MJ Waite,NRM Thain,0,0,,,,,,"",""
ball,1,55.5,Worcestershire,RP Jones,MJ Waite,NRM Thain,1,0,,,,,,"",""
ball,1,55.6,Worcestershire,MJ Waite,RP Jones,NRM Thain,0,0,,,,,,"",""
ball,1,56.1,Worcestershire,RP Jones,MJ Waite,CAK Rajitha,4,0,,,,,,"",""
ball,1,56.2,Worcestershire,RP Jones,MJ Waite,CAK Rajitha,0,0,,,,,,"",""
ball,1,56.3,Worcestershire,RP Jones,MJ Waite,CAK Rajitha,0,0,,,,,,"",""
ball,1,56.4,Worcestershire,RP Jones,MJ Waite,CAK Rajitha,0,0,,,,,,"",""
ball,1,56.5,Worcestershire,RP Jones,MJ Waite,CAK Rajitha,0,0,,,,,,"",""
ball,1,56.6,Worcestershire,RP Jones,MJ Waite,CAK Rajitha,0,0,,,,,,"",""
ball,1,57.1,Worcestershire,MJ Waite,RP Jones,NRM Thain,1,0,,,,,,"",""
ball,1,57.2,Worcestershire,RP Jones,MJ Waite,NRM Thain,2,0,,,,,,"",""
ball,1,57.3,Worcestershire,RP Jones,MJ Waite,NRM Thain,0,0,,,,,,"",""
ball,1,57.4,Worcestershire,RP Jones,MJ Waite,NRM Thain,0,0,,,,,,"",""
ball,1,57.5,Worcestershire,RP Jones,MJ Waite,NRM Thain,2,0,,,,,,"",""
ball,1,57.6,Worcestershire,RP Jones,MJ Waite,NRM Thain,0,0,,,,,,caught,RP Jones
ball,1,58.1,Worcestershire,MJ Waite,TAI Taylor,CAK Rajitha,0,0,,,,,,"",""
ball,1,58.2,Worcestershire,MJ Waite,TAI Taylor,CAK Rajitha,0,0,,,,,,"",""
ball,1,58.3,Worcestershire,MJ Waite,TAI Taylor,CAK Rajitha,0,0,,,,,,"",""
ball,1,58.4,Worcestershire,MJ Waite,TAI Taylor,CAK Rajitha,0,0,,,,,,"",""
ball,1,58.5,Worcestershire,MJ Waite,TAI Taylor,CAK Rajitha,0,0,,,,,,"",""
ball,1,58.6,Worcestershire,MJ Waite,TAI Taylor,CAK Rajitha,4,0,,,,,,"",""
ball,1,59.1,Worcestershire,TAI Taylor,MJ Waite,NRM Thain,0,0,,,,,,"",""
ball,1,59.2,Worcestershire,TAI Taylor,MJ Waite,NRM Thain,0,0,,,,,,"",""
ball,1,59.3,Worcestershire,TAI Taylor,MJ Waite,NRM Thain,0,0,,,,,,"",""
ball,1,59.4,Worcestershire,TAI Taylor,MJ Waite,NRM Thain,4,0,,,,,,"",""
ball,1,59.5,Worcestershire,TAI Taylor,MJ Waite,NRM Thain,0,0,,,,,,"",""
ball,1,59.6,Worcestershire,TAI Taylor,MJ Waite,NRM Thain,0,0,,,,,,"",""
ball,1,60.1,Worcestershire,MJ Waite,TAI Taylor,CAK Rajitha,0,0,,,,,,"",""
ball,1,60.2,Worcestershire,MJ Waite,TAI Taylor,CAK Rajitha,1,0,,,,,,"",""
ball,1,60.3,Worcestershire,TAI Taylor,MJ Waite,CAK Rajitha,0,0,,,,,,"",""
ball,1,60.4,Worcestershire,TAI Taylor,MJ Waite,CAK Rajitha,0,0,,,,,,"",""
ball,1,60.5,Worcestershire,TAI Taylor,MJ Waite,CAK Rajitha,0,1,,,,1,,"",""
ball,1,60.6,Worcestershire,MJ Waite,TAI Taylor,CAK Rajitha,0,0,,,,,,"",""
ball,1,61.1,Worcestershire,TAI Taylor,MJ Waite,NRM Thain,0,0,,,,,,"",""
ball,1,61.2,Worcestershire,TAI Taylor,MJ Waite,NRM Thain,0,0,,,,,,"",""
ball,1,61.3,Worcestershire,TAI Taylor,MJ Waite,NRM Thain,4,0,,,,,,"",""
ball,1,61.4,Worcestershire,TAI Taylor,MJ Waite,NRM Thain,1,0,,,,,,"",""
ball,1,61.5,Worcestershire,MJ Waite,TAI Taylor,NRM Thain,0,2,,2,,,,"",""
ball,1,61.6,Worcestershire,MJ Waite,TAI Taylor,NRM Thain,0,0,,,,,,"",""
ball,1,61.7,Worcestershire,MJ Waite,TAI Taylor,NRM Thain,4,0,,,,,,"",""
ball,1,62.1,Worcestershire,TAI Taylor,MJ Waite,CAK Rajitha,1,0,,,,,,"",""
ball,1,62.2,Worcestershire,MJ Waite,TAI Taylor,CAK Rajitha,4,0,,,,,,"",""
ball,1,62.3,Worcestershire,MJ Waite,TAI Taylor,CAK Rajitha,1,0,,,,,,"",""
ball,1,62.4,Worcestershire,TAI Taylor,MJ Waite,CAK Rajitha,0,0,,,,,,"",""
ball,1,62.5,Worcestershire,TAI Taylor,MJ Waite,CAK Rajitha,0,0,,,,,,"",""
ball,1,62.6,Worcestershire,TAI Taylor,MJ Waite,CAK Rajitha,0,1,1,,,,,"",""
ball,1,62.7,Worcestershire,TAI Taylor,MJ Waite,CAK Rajitha,0,0,,,,,,"",""
ball,1,63.1,Worcestershire,MJ Waite,TAI Taylor,NRM Thain,1,0,,,,,,"",""
ball,1,63.2,Worcestershire,TAI Taylor,MJ Waite,NRM Thain,0,0,,,,,,"",""
ball,1,63.3,Worcestershire,TAI Taylor,MJ Waite,NRM Thain,0,0,,,,,,"",""
ball,1,63.4,Worcestershire,TAI Taylor,MJ Waite,NRM Thain,1,0,,,,,,"",""
ball,1,63.5,Worcestershire,MJ Waite,TAI Taylor,NRM Thain,1,0,,,,,,"",""
ball,1,63.6,Worcestershire,TAI Taylor,MJ Waite,NRM Thain,0,0,,,,,,"",""
ball,1,64.1,Worcestershire,MJ Waite,TAI Taylor,JA Porter,0,0,,,,,,"",""
ball,1,64.2,Worcestershire,MJ Waite,TAI Taylor,JA Porter,0,0,,,,,,"",""
ball,1,64.3,Worcestershire,MJ Waite,TAI Taylor,JA Porter,4,0,,,,,,"",""
ball,1,64.4,Worcestershire,MJ Waite,TAI Taylor,JA Porter,0,0,,,,,,"",""
ball,1,64.5,Worcestershire,MJ Waite,TAI Taylor,JA Porter,0,0,,,,,,"",""
ball,1,64.6,Worcestershire,MJ Waite,TAI Taylor,JA Porter,1,0,,,,,,"",""
ball,1,65.1,Worcestershire,MJ Waite,TAI Taylor,S Snater,0,0,,,,,,"",""
ball,1,65.2,Worcestershire,MJ Waite,TAI Taylor,S Snater,1,0,,,,,,"",""
ball,1,65.3,Worcestershire,TAI Taylor,MJ Waite,S Snater,0,0,,,,,,"",""
ball,1,65.4,Worcestershire,TAI Taylor,MJ Waite,S Snater,0,0,,,,,,"",""
ball,1,65.5,Worcestershire,TAI Taylor,MJ Waite,S Snater,0,0,,,,,,"",""
ball,1,65.6,Worcestershire,TAI Taylor,MJ Waite,S Snater,0,0,,,,,,"",""
ball,1,66.1,Worcestershire,MJ Waite,TAI Taylor,JA Porter,1,0,,,,,,"",""
ball,1,66.2,Worcestershire,TAI Taylor,MJ Waite,JA Porter,0,0,,,,,,"",""
ball,1,66.3,Worcestershire,TAI Taylor,MJ Waite,JA Porter,0,0,,,,,,"",""
ball,1,66.4,Worcestershire,TAI Taylor,MJ Waite,JA Porter,0,0,,,,,,"",""
ball,1,66.5,Worcestershire,TAI Taylor,MJ Waite,JA Porter,1,0,,,,,,"",""
ball,1,66.6,Worcestershire,MJ Waite,TAI Taylor,JA Porter,0,0,,,,,,"",""
ball,1,67.1,Worcestershire,TAI Taylor,MJ Waite,S Snater,0,0,,,,,,"",""
ball,1,67.2,Worcestershire,TAI Taylor,MJ Waite,S Snater,0,0,,,,,,"",""
ball,1,67.3,Worcestershire,TAI Taylor,MJ Waite,S Snater,0,0,,,,,,"",""
ball,1,67.4,Worcestershire,TAI Taylor,MJ Waite,S Snater,0,0,,,,,,"",""
ball,1,67.5,Worcestershire,TAI Taylor,MJ Waite,S Snater,0,0,,,,,,"",""
ball,1,67.6,Worcestershire,TAI Taylor,MJ Waite,S Snater,0,0,,,,,,"",""
ball,1,68.1,Worcestershire,MJ Waite,TAI Taylor,SR Harmer,4,0,,,,,,"",""
ball,1,68.2,Worcestershire,MJ Waite,TAI Taylor,SR Harmer,0,0,,,,,,"",""
ball,1,68.3,Worcestershire,MJ Waite,TAI Taylor,SR Harmer,0,0,,,,,,"",""
ball,1,68.4,Worcestershire,MJ Waite,TAI Taylor,SR Harmer,0,0,,,,,,"",""
ball,1,68.5,Worcestershire,MJ Waite,TAI Taylor,SR Harmer,0,0,,,,,,"",""
ball,1,68.6,Worcestershire,MJ Waite,TAI Taylor,SR Harmer,0,0,,,,,,"",""
ball,1,69.1,Worcestershire,TAI Taylor,MJ Waite,S Snater,0,0,,,,,,"",""
ball,1,69.2,Worcestershire,TAI Taylor,MJ Waite,S Snater,4,0,,,,,,"",""
ball,1,69.3,Worcestershire,TAI Taylor,MJ Waite,S Snater,0,1,,,,1,,"",""
ball,1,69.4,Worcestershire,MJ Waite,TAI Taylor,S Snater,1,0,,,,,,"",""
ball,1,69.5,Worcestershire,TAI Taylor,MJ Waite,S Snater,3,0,,,,,,"",""
ball,1,69.6,Worcestershire,MJ Waite,TAI Taylor,S Snater,1,0,,,,,,"",""
ball,1,70.1,Worcestershire,MJ Waite,TAI Taylor,SR Harmer,1,0,,,,,,"",""
ball,1,70.2,Worcestershire,TAI Taylor,MJ Waite,SR Harmer,0,0,,,,,,"",""
ball,1,70.3,Worcestershire,TAI Taylor,MJ Waite,SR Harmer,0,0,,,,,,"",""
ball,1,70.4,Worcestershire,TAI Taylor,MJ Waite,SR Harmer,1,0,,,,,,"",""
ball,1,70.5,Worcestershire,MJ Waite,TAI Taylor,SR Harmer,0,0,,,,,,"",""
ball,1,70.6,Worcestershire,MJ Waite,TAI Taylor,SR Harmer,0,0,,,,,,"",""
ball,1,71.1,Worcestershire,TAI Taylor,MJ Waite,NRM Thain,0,0,,,,,,"",""
ball,1,71.2,Worcestershire,TAI Taylor,MJ Waite,NRM Thain,0,0,,,,,,"",""
ball,1,71.3,Worcestershire,TAI Taylor,MJ Waite,NRM Thain,4,0,,,,,,"",""
ball,1,71.4,Worcestershire,TAI Taylor,MJ Waite,NRM Thain,4,0,,,,,,"",""
ball,1,71.5,Worcestershire,TAI Taylor,MJ Waite,NRM Thain,4,0,,,,,,"",""
ball,1,71.6,Worcestershire,TAI Taylor,MJ Waite,NRM Thain,0,0,,,,,,"",""
ball,1,72.1,Worcestershire,MJ Waite,TAI Taylor,SR Harmer,0,0,,,,,,"",""
ball,1,72.2,Worcestershire,MJ Waite,TAI Taylor,SR Harmer,0,0,,,,,,"",""
ball,1,72.3,Worcestershire,MJ Waite,TAI Taylor,SR Harmer,0,0,,,,,,"",""
ball,1,72.4,Worcestershire,MJ Waite,TAI Taylor,SR Harmer,0,0,,,,,,"",""
ball,1,72.5,Worcestershire,MJ Waite,TAI Taylor,SR Harmer,0,0,,,,,,"",""
ball,1,72.6,Worcestershire,MJ Waite,TAI Taylor,SR Harmer,1,0,,,,,,"",""
ball,1,73.1,Worcestershire,MJ Waite,TAI Taylor,NRM Thain,0,0,,,,,,"",""
ball,1,73.2,Worcestershire,MJ Waite,TAI Taylor,NRM Thain,0,2,,2,,,,"",""
ball,1,73.3,Worcestershire,MJ Waite,TAI Taylor,NRM Thain,0,0,,,,,,"",""
ball,1,73.4,Worcestershire,MJ Waite,TAI Taylor,NRM Thain,0,0,,,,,,"",""
ball,1,73.5,Worcestershire,MJ Waite,TAI Taylor,NRM Thain,0,0,,,,,,"",""
ball,1,73.6,Worcestershire,MJ Waite,TAI Taylor,NRM Thain,4,0,,,,,,"",""
ball,1,73.7,Worcestershire,MJ Waite,TAI Taylor,NRM Thain,6,0,,,,,,"",""
ball,1,74.1,Worcestershire,TAI Taylor,MJ Waite,SR Harmer,1,0,,,,,,"",""
ball,1,74.2,Worcestershire,MJ Waite,TAI Taylor,SR Harmer,0,0,,,,,,"",""
ball,1,74.3,Worcestershire,MJ Waite,TAI Taylor,SR Harmer,1,0,,,,,,"",""
ball,1,74.4,Worcestershire,TAI Taylor,MJ Waite,SR Harmer,4,0,,,,,,"",""
ball,1,74.5,Worcestershire,TAI Taylor,MJ Waite,SR Harmer,0,0,,,,,,"",""
ball,1,74.6,Worcestershire,TAI Taylor,MJ Waite,SR Harmer,0,0,,,,,,"",""
ball,1,75.1,Worcestershire,MJ Waite,TAI Taylor,MJJ Critchley,1,0,,,,,,"",""
ball,1,75.2,Worcestershire,TAI Taylor,MJ Waite,MJJ Critchley,0,0,,,,,,"",""
ball,1,75.3,Worcestershire,TAI Taylor,MJ Waite,MJJ Critchley,0,0,,,,,,"",""
ball,1,75.4,Worcestershire,TAI Taylor,MJ Waite,MJJ Critchley,1,0,,,,,,"",""
ball,1,75.5,Worcestershire,MJ Waite,TAI Taylor,MJJ Critchley,1,0,,,,,,"",""
ball,1,75.6,Worcestershire,TAI Taylor,MJ Waite,MJJ Critchley,0,0,,,,,,"",""
ball,1,76.1,Worcestershire,MJ Waite,TAI Taylor,SR Harmer,1,0,,,,,,"",""
ball,1,76.2,Worcestershire,TAI Taylor,MJ Waite,SR Harmer,0,0,,,,,,"",""
ball,1,76.3,Worcestershire,TAI Taylor,MJ Waite,SR Harmer,0,0,,,,,,"",""
ball,1,76.4,Worcestershire,TAI Taylor,MJ Waite,SR Harmer,3,0,,,,,,"",""
ball,1,76.5,Worcestershire,MJ Waite,TAI Taylor,SR Harmer,0,0,,,,,,"",""
ball,1,76.6,Worcestershire,MJ Waite,TAI Taylor,SR Harmer,0,0,,,,,,"",""
ball,1,77.1,Worcestershire,TAI Taylor,MJ Waite,MJJ Critchley,0,0,,,,,,"",""
ball,1,77.2,Worcestershire,TAI Taylor,MJ Waite,MJJ Critchley,0,0,,,,,,"",""
ball,1,77.3,Worcestershire,TAI Taylor,MJ Waite,MJJ Critchley,0,0,,,,,,"",""
ball,1,77.4,Worcestershire,TAI Taylor,MJ Waite,MJJ Critchley,0,0,,,,,,"",""
ball,1,77.5,Worcestershire,TAI Taylor,MJ Waite,MJJ Critchley,0,0,,,,,,"",""
ball,1,77.6,Worcestershire,TAI Taylor,MJ Waite,MJJ Critchley,1,0,,,,,,"",""
ball,1,78.1,Worcestershire,TAI Taylor,MJ Waite,SR Harmer,0,0,,,,,,"",""
ball,1,78.2,Worcestershire,TAI Taylor,MJ Waite,SR Harmer,1,0,,,,,,"",""
ball,1,78.3,Worcestershire,MJ Waite,TAI Taylor,SR Harmer,0,0,,,,,,"",""
ball,1,78.4,Worcestershire,MJ Waite,TAI Taylor,SR Harmer,0,0,,,,,,"",""
ball,1,78.5,Worcestershire,MJ Waite,TAI Taylor,SR Harmer,0,0,,,,,,"",""
ball,1,78.6,Worcestershire,MJ Waite,TAI Taylor,SR Harmer,0,0,,,,,,"",""
ball,1,79.1,Worcestershire,TAI Taylor,MJ Waite,MJJ Critchley,0,0,,,,,,"",""
ball,1,79.2,Worcestershire,TAI Taylor,MJ Waite,MJJ Critchley,0,0,,,,,,bowled,TAI Taylor
ball,1,79.3,Worcestershire,BMJ Allison,MJ Waite,MJJ Critchley,0,0,,,,,,"",""
ball,1,79.4,Worcestershire,BMJ Allison,MJ Waite,MJJ Critchley,0,0,,,,,,"",""
ball,1,79.5,Worcestershire,BMJ Allison,MJ Waite,MJJ Critchley,0,0,,,,,,"",""
ball,1,79.6,Worcestershire,BMJ Allison,MJ Waite,MJJ Critchley,1,0,,,,,,"",""
ball,1,80.1,Worcestershire,BMJ Allison,MJ Waite,JA Porter,0,0,,,,,,"",""
ball,1,80.2,Worcestershire,BMJ Allison,MJ Waite,JA Porter,0,0,,,,,,"",""
ball,1,80.3,Worcestershire,BMJ Allison,MJ Waite,JA Porter,0,0,,,,,,"",""
ball,1,80.4,Worcestershire,BMJ Allison,MJ Waite,JA Porter,0,0,,,,,,"",""
ball,1,80.5,Worcestershire,BMJ Allison,MJ Waite,JA Porter,1,0,,,,,,"",""
ball,1,80.6,Worcestershire,MJ Waite,BMJ Allison,JA Porter,0,0,,,,,,"",""
ball,1,81.1,Worcestershire,BMJ Allison,MJ Waite,S Snater,0,0,,,,,,"",""
ball,1,81.2,Worcestershire,BMJ Allison,MJ Waite,S Snater,0,0,,,,,,"",""
ball,1,81.3,Worcestershire,BMJ Allison,MJ Waite,S Snater,0,0,,,,,,"",""
ball,1,81.4,Worcestershire,BMJ Allison,MJ Waite,S Snater,0,0,,,,,,"",""
ball,1,81.5,Worcestershire,BMJ Allison,MJ Waite,S Snater,0,0,,,,,,"",""
ball,1,81.6,Worcestershire,BMJ Allison,MJ Waite,S Snater,0,0,,,,,,"",""
ball,1,82.1,Worcestershire,MJ Waite,BMJ Allison,JA Porter,0,0,,,,,,"",""
ball,1,82.2,Worcestershire,MJ Waite,BMJ Allison,JA Porter,1,0,,,,,,"",""
ball,1,82.3,Worcestershire,BMJ Allison,MJ Waite,JA Porter,0,0,,,,,,"",""
ball,1,82.4,Worcestershire,BMJ Allison,MJ Waite,JA Porter,0,0,,,,,,"",""
ball,1,82.5,Worcestershire,BMJ Allison,MJ Waite,JA Porter,0,0,,,,,,"",""
ball,1,82.6,Worcestershire,BMJ Allison,MJ Waite,JA Porter,1,0,,,,,,"",""
ball,1,83.1,Worcestershire,BMJ Allison,MJ Waite,S Snater,0,0,,,,,,"",""
ball,1,83.2,Worcestershire,BMJ Allison,MJ Waite,S Snater,0,0,,,,,,"",""
ball,1,83.3,Worcestershire,BMJ Allison,MJ Waite,S Snater,0,0,,,,,,"",""
ball,1,83.4,Worcestershire,BMJ Allison,MJ Waite,S Snater,4,0,,,,,,"",""
ball,1,83.5,Worcestershire,BMJ Allison,MJ Waite,S Snater,1,0,,,,,,"",""
ball,1,83.6,Worcestershire,MJ Waite,BMJ Allison,S Snater,0,0,,,,,,"",""
ball,1,84.1,Worcestershire,BMJ Allison,MJ Waite,JA Porter,0,0,,,,,,"",""
ball,1,84.2,Worcestershire,BMJ Allison,MJ Waite,JA Porter,1,0,,,,,,"",""
ball,1,84.3,Worcestershire,MJ Waite,BMJ Allison,JA Porter,1,0,,,,,,"",""
ball,1,84.4,Worcestershire,BMJ Allison,MJ Waite,JA Porter,0,0,,,,,,"",""
ball,1,84.5,Worcestershire,BMJ Allison,MJ Waite,JA Porter,0,0,,,,,,"",""
ball,1,84.6,Worcestershire,BMJ Allison,MJ Waite,JA Porter,4,0,,,,,,"",""
ball,1,85.1,Worcestershire,MJ Waite,BMJ Allison,S Snater,0,0,,,,,,"",""
ball,1,85.2,Worcestershire,MJ Waite,BMJ Allison,S Snater,0,0,,,,,,"",""
ball,1,85.3,Worcestershire,MJ Waite,BMJ Allison,S Snater,0,0,,,,,,"",""
ball,1,85.4,Worcestershire,MJ Waite,BMJ Allison,S Snater,2,0,,,,,,"",""
ball,1,85.5,Worcestershire,MJ Waite,BMJ Allison,S Snater,0,0,,,,,,"",""
ball,1,85.6,Worcestershire,MJ Waite,BMJ Allison,S Snater,4,0,,,,,,"",""
ball,1,86.1,Worcestershire,BMJ Allison,MJ Waite,JA Porter,0,0,,,,,,"",""
ball,1,86.2,Worcestershire,BMJ Allison,MJ Waite,JA Porter,0,0,,,,,,"",""
ball,1,86.3,Worcestershire,BMJ Allison,MJ Waite,JA Porter,1,0,,,,,,"",""
ball,1,86.4,Worcestershire,MJ Waite,BMJ Allison,JA Porter,0,0,,,,,,"",""
ball,1,86.5,Worcestershire,MJ Waite,BMJ Allison,JA Porter,0,0,,,,,,"",""
ball,1,86.6,Worcestershire,MJ Waite,BMJ Allison,JA Porter,0,0,,,,,,"",""
ball,1,87.1,Worcestershire,BMJ Allison,MJ Waite,S Snater,0,0,,,,,,"",""
ball,1,87.2,Worcestershire,BMJ Allison,MJ Waite,S Snater,0,0,,,,,,"",""
ball,1,87.3,Worcestershire,BMJ Allison,MJ Waite,S Snater,0,0,,,,,,"",""
ball,1,87.4,Worcestershire,BMJ Allison,MJ Waite,S Snater,0,0,,,,,,"",""
ball,1,87.5,Worcestershire,BMJ Allison,MJ Waite,S Snater,0,0,,,,,,"",""
ball,1,87.6,Worcestershire,BMJ Allison,MJ Waite,S Snater,0,0,,,,,,"",""
ball,1,88.1,Worcestershire,MJ Waite,BMJ Allison,CAK Rajitha,4,0,,,,,,"",""
ball,1,88.2,Worcestershire,MJ Waite,BMJ Allison,CAK Rajitha,1,0,,,,,,"",""
ball,1,88.3,Worcestershire,BMJ Allison,MJ Waite,CAK Rajitha,1,0,,,,,,"",""
ball,1,88.4,Worcestershire,MJ Waite,BMJ Allison,CAK Rajitha,4,0,,,,,,"",""
ball,1,88.5,Worcestershire,MJ Waite,BMJ Allison,CAK Rajitha,4,0,,,,,,"",""
ball,1,88.6,Worcestershire,MJ Waite,BMJ Allison,CAK Rajitha,0,0,,,,,,"",""
ball,1,89.1,Worcestershire,BMJ Allison,MJ Waite,S Snater,1,0,,,,,,"",""
ball,1,89.2,Worcestershire,MJ Waite,BMJ Allison,S Snater,0,0,,,,,,"",""
ball,1,89.3,Worcestershire,MJ Waite,BMJ Allison,S Snater,1,0,,,,,,"",""
ball,1,89.4,Worcestershire,BMJ Allison,MJ Waite,S Snater,2,0,,,,,,"",""
ball,1,89.5,Worcestershire,BMJ Allison,MJ Waite,S Snater,0,0,,,,,,"",""
ball,1,89.6,Worcestershire,BMJ Allison,MJ Waite,S Snater,0,0,,,,,,"",""
ball,1,90.1,Worcestershire,MJ Waite,BMJ Allison,CAK Rajitha,0,0,,,,,,"",""
ball,1,90.2,Worcestershire,MJ Waite,BMJ Allison,CAK Rajitha,0,0,,,,,,"",""
ball,1,90.3,Worcestershire,MJ Waite,BMJ Allison,CAK Rajitha,0,0,,,,,,"",""
ball,1,90.4,Worcestershire,MJ Waite,BMJ Allison,CAK Rajitha,4,0,,,,,,"",""
ball,1,90.5,Worcestershire,MJ Waite,BMJ Allison,CAK Rajitha,1,0,,,,,,"",""
ball,1,90.6,Worcestershire,BMJ Allison,MJ Waite,CAK Rajitha,1,0,,,,,,"",""
ball,1,91.1,Worcestershire,BMJ Allison,MJ Waite,MJJ Critchley,0,0,,,,,,"",""
ball,1,91.2,Worcestershire,BMJ Allison,MJ Waite,MJJ Critchley,1,0,,,,,,"",""
ball,1,91.3,Worcestershire,MJ Waite,BMJ Allison,MJJ Critchley,0,0,,,,,,"",""
ball,1,91.4,Worcestershire,MJ Waite,BMJ Allison,MJJ Critchley,0,0,,,,,,caught,MJ Waite
ball,1,91.5,Worcestershire,Y Singh,BMJ Allison,MJJ Critchley,0,0,,,,,,"",""
ball,1,91.6,Worcestershire,Y Singh,BMJ Allison,MJJ Critchley,0,0,,,,,,"",""
ball,1,92.1,Worcestershire,BMJ Allison,Y Singh,CAK Rajitha,1,0,,,,,,"",""
ball,1,92.2,Worcestershire,Y Singh,BMJ Allison,CAK Rajitha,0,0,,,,,,"",""
ball,1,92.3,Worcestershire,Y Singh,BMJ Allison,CAK Rajitha,0,0,,,,,,"",""
ball,1,92.4,Worcestershire,Y Singh,BMJ Allison,CAK Rajitha,0,0,,,,,,"",""
ball,1,92.5,Worcestershire,Y Singh,BMJ Allison,CAK Rajitha,0,0,,,,,,"",""
ball,1,92.6,Worcestershire,Y Singh,BMJ Allison,CAK Rajitha,0,0,,,,,,"",""
ball,1,93.1,Worcestershire,BMJ Allison,Y Singh,MJJ Critchley,1,0,,,,,,"",""
ball,1,93.2,Worcestershire,Y Singh,BMJ Allison,MJJ Critchley,0,0,,,,,,"",""
ball,1,93.3,Worcestershire,Y Singh,BMJ Allison,MJJ Critchley,0,0,,,,,,"",""
ball,1,93.4,Worcestershire,Y Singh,BMJ Allison,MJJ Critchley,0,0,,,,,,"",""
ball,1,93.5,Worcestershire,Y Singh,BMJ Allison,MJJ Critchley,0,0,,,,,,"",""
ball,1,93.6,Worcestershire,Y Singh,BMJ Allison,MJJ Critchley,4,0,,,,,,"",""
ball,1,94.1,Worcestershire,BMJ Allison,Y Singh,CAK Rajitha,6,0,,,,,,"",""
ball,1,94.2,Worcestershire,BMJ Allison,Y Singh,CAK Rajitha,0,0,,,,,,"",""
ball,1,94.3,Worcestershire,BMJ Allison,Y Singh,CAK Rajitha,0,0,,,,,,"",""
ball,1,94.4,Worcestershire,BMJ Allison,Y Singh,CAK Rajitha,4,0,,,,,,"",""
ball,1,94.5,Worcestershire,BMJ Allison,Y Singh,CAK Rajitha,0,0,,,,,,"",""
ball,1,94.6,Worcestershire,BMJ Allison,Y Singh,CAK Rajitha,0,1,1,,,,,"",""
ball,1,94.7,Worcestershire,BMJ Allison,Y Singh,CAK Rajitha,1,0,,,,,,"",""
ball,1,95.1,Worcestershire,BMJ Allison,Y Singh,MJJ Critchley,0,0,,,,,,"",""
ball,1,95.2,Worcestershire,BMJ Allison,Y Singh,MJJ Critchley,1,0,,,,,,"",""
ball,1,95.3,Worcestershire,Y Singh,BMJ Allison,MJJ Critchley,0,0,,,,,,"",""
ball,1,95.4,Worcestershire,Y Singh,BMJ Allison,MJJ Critchley,0,0,,,,,,"",""
ball,1,95.5,Worcestershire,Y Singh,BMJ Allison,MJJ Critchley,0,0,,,,,,"",""
ball,1,95.6,Worcestershire,Y Singh,BMJ Allison,MJJ Critchley,1,0,,,,,,"",""
ball,1,96.1,Worcestershire,Y Singh,BMJ Allison,JA Porter,0,0,,,,,,"",""
ball,1,96.2,Worcestershire,Y Singh,BMJ Allison,JA Porter,0,0,,,,,,"",""
ball,1,96.3,Worcestershire,Y Singh,BMJ Allison,JA Porter,0,0,,,,,,"",""
ball,1,96.4,Worcestershire,Y Singh,BMJ Allison,JA Porter,0,0,,,,,,"",""
ball,1,96.5,Worcestershire,Y Singh,BMJ Allison,JA Porter,0,0,,,,,,"",""
ball,1,96.6,Worcestershire,Y Singh,BMJ Allison,JA Porter,0,0,,,,,,"",""
ball,1,97.1,Worcestershire,BMJ Allison,Y Singh,S Snater,2,0,,,,,,"",""
ball,1,97.2,Worcestershire,BMJ Allison,Y Singh,S Snater,0,0,,,,,,"",""
ball,1,97.3,Worcestershire,BMJ Allison,Y Singh,S Snater,0,0,,,,,,"",""
ball,1,97.4,Worcestershire,BMJ Allison,Y Singh,S Snater,1,0,,,,,,"",""
ball,1,97.5,Worcestershire,Y Singh,BMJ Allison,S Snater,0,0,,,,,,"",""
ball,1,97.6,Worcestershire,Y Singh,BMJ Allison,S Snater,0,0,,,,,,"",""
ball,1,98.1,Worcestershire,BMJ Allison,Y Singh,JA Porter,0,0,,,,,,"",""
ball,1,98.2,Worcestershire,BMJ Allison,Y Singh,JA Porter,0,0,,,,,,"",""
ball,1,98.3,Worcestershire,BMJ Allison,Y Singh,JA Porter,0,0,,,,,,"",""
ball,1,98.4,Worcestershire,BMJ Allison,Y Singh,JA Porter,1,0,,,,,,"",""
ball,1,98.5,Worcestershire,Y Singh,BMJ Allison,JA Porter,0,0,,,,,,"",""
ball,1,98.6,Worcestershire,Y Singh,BMJ Allison,JA Porter,0,0,,,,,,"",""
ball,1,99.1,Worcestershire,BMJ Allison,Y Singh,S Snater,0,0,,,,,,"",""
ball,1,99.2,Worcestershire,BMJ Allison,Y Singh,S Snater,0,0,,,,,,caught,BMJ Allison
ball,2,0.1,Essex,D Elgar,CWJ Allison,TAI Taylor,0,0,,,,,,"",""
ball,2,0.2,Essex,D Elgar,CWJ Allison,TAI Taylor,0,0,,,,,,"",""
ball,2,0.3,Essex,D Elgar,CWJ Allison,TAI Taylor,0,0,,,,,,"",""
ball,2,0.4,Essex,D Elgar,CWJ Allison,TAI Taylor,0,0,,,,,,"",""
ball,2,0.5,Essex,D Elgar,CWJ Allison,TAI Taylor,0,0,,,,,,"",""
ball,2,0.6,Essex,D Elgar,CWJ Allison,TAI Taylor,0,0,,,,,,"",""
ball,2,1.1,Essex,CWJ Allison,D Elgar,BMJ Allison,0,0,,,,,,"",""
ball,2,1.2,Essex,CWJ Allison,D Elgar,BMJ Allison,0,0,,,,,,bowled,CWJ Allison
ball,2,1.3,Essex,T Westley,D Elgar,BMJ Allison,1,0,,,,,,"",""
ball,2,1.4,Essex,D Elgar,T Westley,BMJ Allison,0,0,,,,,,"",""
ball,2,1.5,Essex,D Elgar,T Westley,BMJ Allison,0,0,,,,,,"",""
ball,2,1.6,Essex,D Elgar,T Westley,BMJ Allison,0,0,,,,,,"",""
ball,2,2.1,Essex,T Westley,D Elgar,TAI Taylor,1,0,,,,,,"",""
ball,2,2.2,Essex,D Elgar,T Westley,TAI Taylor,0,0,,,,,,"",""
ball,2,2.3,Essex,D Elgar,T Westley,TAI Taylor,0,0,,,,,,"",""
ball,2,2.4,Essex,D Elgar,T Westley,TAI Taylor,0,0,,,,,,"",""
ball,2,2.5,Essex,D Elgar,T Westley,TAI Taylor,0,0,,,,,,"",""
ball,2,2.6,Essex,D Elgar,T Westley,TAI Taylor,0,0,,,,,,"",""
ball,2,3.1,Essex,T Westley,D Elgar,BMJ Allison,0,0,,,,,,"",""
ball,2,3.2,Essex,T Westley,D Elgar,BMJ Allison,0,0,,,,,,"",""
ball,2,3.3,Essex,T Westley,D Elgar,BMJ Allison,0,0,,,,,,"",""
ball,2,3.4,Essex,T Westley,D Elgar,BMJ Allison,4,0,,,,,,"",""
ball,2,3.5,Essex,T Westley,D Elgar,BMJ Allison,0,0,,,,,,"",""
ball,2,3.6,Essex,T Westley,D Elgar,BMJ Allison,0,0,,,,,,"",""
ball,2,4.1,Essex,D Elgar,T Westley,TAI Taylor,0,0,,,,,,"",""
ball,2,4.2,Essex,D Elgar,T Westley,TAI Taylor,0,0,,,,,,"",""
ball,2,4.3,Essex,D Elgar,T Westley,TAI Taylor,0,0,,,,,,"",""
ball,2,4.4,Essex,D Elgar,T Westley,TAI Taylor,0,0,,,,,,"",""
ball,2,4.5,Essex,D Elgar,T Westley,TAI Taylor,0,0,,,,,,"",""
ball,2,4.6,Essex,D Elgar,T Westley,TAI Taylor,0,0,,,,,,"",""
ball,2,5.1,Essex,T Westley,D Elgar,BMJ Allison,0,0,,,,,,"",""
ball,2,5.2,Essex,T Westley,D Elgar,BMJ Allison,0,0,,,,,,"",""
ball,2,5.3,Essex,T Westley,D Elgar,BMJ Allison,0,0,,,,,,"",""
ball,2,5.4,Essex,T Westley,D Elgar,BMJ Allison,0,2,,,,2,,"",""
ball,2,5.5,Essex,T Westley,D Elgar,BMJ Allison,0,0,,,,,,"",""
ball,2,5.6,Essex,T Westley,D Elgar,BMJ Allison,0,0,,,,,,"",""
ball,2,6.1,Essex,D Elgar,T Westley,TAI Taylor,1,0,,,,,,"",""
ball,2,6.2,Essex,T Westley,D Elgar,TAI Taylor,0,0,,,,,,caught,T Westley
ball,2,6.3,Essex,RJ Das,D Elgar,TAI Taylor,0,0,,,,,,"",""
ball,2,6.4,Essex,RJ Das,D Elgar,TAI Taylor,0,0,,,,,,"",""
ball,2,6.5,Essex,RJ Das,D Elgar,TAI Taylor,2,0,,,,,,"",""
ball,2,6.6,Essex,RJ Das,D Elgar,TAI Taylor,0,0,,,,,,"",""
ball,2,7.1,Essex,D Elgar,RJ Das,BMJ Allison,0,0,,,,,,"",""
ball,2,7.2,Essex,D Elgar,RJ Das,BMJ Allison,0,0,,,,,,"",""
ball,2,7.3,Essex,D Elgar,RJ Das,BMJ Allison,0,0,,,,,,"",""
ball,2,7.4,Essex,D Elgar,RJ Das,BMJ Allison,0,0,,,,,,"",""
ball,2,7.5,Essex,D Elgar,RJ Das,BMJ Allison,0,0,,,,,,"",""
ball,2,7.6,Essex,D Elgar,RJ Das,BMJ Allison,4,0,,,,,,"",""
ball,2,8.1,Essex,RJ Das,D Elgar,TAI Taylor,0,0,,,,,,"",""
ball,2,8.2,Essex,RJ Das,D Elgar,TAI Taylor,0,0,,,,,,"",""
ball,2,8.3,Essex,RJ Das,D Elgar,TAI Taylor,0,0,,,,,,"",""
ball,2,8.4,Essex,RJ Das,D Elgar,TAI Taylor,0,0,,,,,,"",""
ball,2,8.5,Essex,RJ Das,D Elgar,TAI Taylor,0,0,,,,,,"",""
ball,2,8.6,Essex,RJ Das,D Elgar,TAI Taylor,2,0,,,,,,"",""
ball,2,9.1,Essex,D Elgar,RJ Das,BMJ Allison,0,0,,,,,,"",""
ball,2,9.2,Essex,D Elgar,RJ Das,BMJ Allison,0,0,,,,,,"",""
ball,2,9.3,Essex,D Elgar,RJ Das,BMJ Allison,0,0,,,,,,"",""
ball,2,9.4,Essex,D Elgar,RJ Das,BMJ Allison,0,0,,,,,,"",""
ball,2,9.5,Essex,D Elgar,RJ Das,BMJ Allison,0,0,,,,,,"",""
ball,2,9.6,Essex,D Elgar,RJ Das,BMJ Allison,0,0,,,,,,"",""
ball,2,10.1,Essex,RJ Das,D Elgar,Y Singh,0,0,,,,,,"",""
ball,2,10.2,Essex,RJ Das,D Elgar,Y Singh,2,0,,,,,,"",""
ball,2,10.3,Essex,RJ Das,D Elgar,Y Singh,0,0,,,,,,"",""
ball,2,10.4,Essex,RJ Das,D Elgar,Y Singh,0,0,,,,,,"",""
ball,2,10.5,Essex,RJ Das,D Elgar,Y Singh,4,0,,,,,,"",""
ball,2,10.6,Essex,RJ Das,D Elgar,Y Singh,0,0,,,,,,"",""
ball,2,11.1,Essex,D Elgar,RJ Das,BMJ Allison,0,0,,,,,,"",""
ball,2,11.2,Essex,D Elgar,RJ Das,BMJ Allison,0,0,,,,,,"",""
ball,2,11.3,Essex,D Elgar,RJ Das,BMJ Allison,0,0,,,,,,"",""
ball,2,11.4,Essex,D Elgar,RJ Das,BMJ Allison,2,0,,,,,,"",""
ball,2,11.5,Essex,D Elgar,RJ Das,BMJ Allison,1,0,,,,,,"",""
ball,2,11.6,Essex,RJ Das,D Elgar,BMJ Allison,1,0,,,,,,"",""
ball,2,12.1,Essex,RJ Das,D Elgar,Y Singh,0,0,,,,,,"",""
ball,2,12.2,Essex,RJ Das,D Elgar,Y Singh,0,0,,,,,,"",""
ball,2,12.3,Essex,RJ Das,D Elgar,Y Singh,0,0,,,,,,"",""
ball,2,12.4,Essex,RJ Das,D Elgar,Y Singh,0,0,,,,,,"",""
ball,2,12.5,Essex,RJ Das,D Elgar,Y Singh,0,0,,,,,,"",""
ball,2,12.6,Essex,RJ Das,D Elgar,Y Singh,0,0,,,,,,"",""
ball,2,13.1,Essex,D Elgar,RJ Das,MJ Waite,0,0,,,,,,"",""
ball,2,13.2,Essex,D Elgar,RJ Das,MJ Waite,0,0,,,,,,"",""
ball,2,13.3,Essex,D Elgar,RJ Das,MJ Waite,0,0,,,,,,"",""
ball,2,13.4,Essex,D Elgar,RJ Das,MJ Waite,0,0,,,,,,"",""
ball,2,13.5,Essex,D Elgar,RJ Das,MJ Waite,2,0,,,,,,"",""
ball,2,13.6,Essex,D Elgar,RJ Das,MJ Waite,0,0,,,,,,"",""
ball,2,14.1,Essex,RJ Das,D Elgar,Y Singh,0,0,,,,,,"",""
ball,2,14.2,Essex,RJ Das,D Elgar,Y Singh,0,0,,,,,,"",""
ball,2,14.3,Essex,RJ Das,D Elgar,Y Singh,0,0,,,,,,"",""
ball,2,14.4,Essex,RJ Das,D Elgar,Y Singh,4,0,,,,,,"",""
ball,2,14.5,Essex,RJ Das,D Elgar,Y Singh,0,0,,,,,,"",""
ball,2,14.6,Essex,RJ Das,D Elgar,Y Singh,0,0,,,,,,"",""
ball,2,15.1,Essex,D Elgar,RJ Das,MJ Waite,0,0,,,,,,"",""
ball,2,15.2,Essex,D Elgar,RJ Das,MJ Waite,0,0,,,,,,"",""
ball,2,15.3,Essex,D Elgar,RJ Das,MJ Waite,0,0,,,,,,"",""
ball,2,15.4,Essex,D Elgar,RJ Das,MJ Waite,1,0,,,,,,"",""
ball,2,15.5,Essex,RJ Das,D Elgar,MJ Waite,0,0,,,,,,"",""
ball,2,15.6,Essex,RJ Das,D Elgar,MJ Waite,0,0,,,,,,"",""
ball,2,16.1,Essex,D Elgar,RJ Das,Y Singh,4,0,,,,,,"",""
ball,2,16.2,Essex,D Elgar,RJ Das,Y Singh,1,0,,,,,,"",""
ball,2,16.3,Essex,RJ Das,D Elgar,Y Singh,0,0,,,,,,"",""
ball,2,16.4,Essex,RJ Das,D Elgar,Y Singh,0,0,,,,,,"",""
ball,2,16.5,Essex,RJ Das,D Elgar,Y Singh,0,0,,,,,,"",""
ball,2,16.6,Essex,RJ Das,D Elgar,Y Singh,1,0,,,,,,"",""
ball,2,17.1,Essex,RJ Das,D Elgar,MJ Waite,0,0,,,,,,"",""
ball,2,17.2,Essex,RJ Das,D Elgar,MJ Waite,0,0,,,,,,"",""
ball,2,17.3,Essex,RJ Das,D Elgar,MJ Waite,0,0,,,,,,"",""
ball,2,17.4,Essex,RJ Das,D Elgar,MJ Waite,2,0,,,,,,"",""
ball,2,17.5,Essex,RJ Das,D Elgar,MJ Waite,4,0,,,,,,"",""
ball,2,17.6,Essex,RJ Das,D Elgar,MJ Waite,0,0,,,,,,"",""
ball,2,18.1,Essex,D Elgar,RJ Das,TAI Taylor,0,0,,,,,,"",""
ball,2,18.2,Essex,D Elgar,RJ Das,TAI Taylor,0,0,,,,,,"",""
ball,2,18.3,Essex,D Elgar,RJ Das,TAI Taylor,0,0,,,,,,"",""
ball,2,18.4,Essex,D Elgar,RJ Das,TAI Taylor,0,0,,,,,,"",""
ball,2,18.5,Essex,D Elgar,RJ Das,TAI Taylor,0,0,,,,,,"",""
ball,2,18.6,Essex,D Elgar,RJ Das,TAI Taylor,0,0,,,,,,caught,D Elgar
ball,2,19.1,Essex,RJ Das,MJJ Critchley,MJ Waite,0,0,,,,,,"",""
ball,2,19.2,Essex,RJ Das,MJJ Critchley,MJ Waite,0,0,,,,,,"",""
ball,2,19.3,Essex,RJ Das,MJJ Critchley,MJ Waite,0,0,,,,,,"",""
ball,2,19.4,Essex,RJ Das,MJJ Critchley,MJ Waite,0,0,,,,,,"",""
ball,2,19.5,Essex,RJ Das,MJJ Critchley,MJ Waite,0,0,,,,,,"",""
ball,2,19.6,Essex,RJ Das,MJJ Critchley,MJ Waite,0,0,,,,,,"",""
ball,2,20.1,Essex,MJJ Critchley,RJ Das,TAI Taylor,0,0,,,,,,"",""
ball,2,20.2,Essex,MJJ Critchley,RJ Das,TAI Taylor,0,0,,,,,,"",""
ball,2,20.3,Essex,MJJ Critchley,RJ Das,TAI Taylor,1,0,,,,,,"",""
ball,2,20.4,Essex,RJ Das,MJJ Critchley,TAI Taylor,4,0,,,,,,"",""
ball,2,20.5,Essex,RJ Das,MJJ Critchley,TAI Taylor,0,0,,,,,,"",""
ball,2,20.6,Essex,RJ Das,MJJ Critchley,TAI Taylor,0,0,,,,,,"",""
ball,2,21.1,Essex,MJJ Critchley,RJ Das,MJ Waite,0,0,,,,,,"",""
ball,2,21.2,Essex,MJJ Critchley,RJ Das,MJ Waite,4,0,,,,,,"",""
ball,2,21.3,Essex,MJJ Critchley,RJ Das,MJ Waite,1,0,,,,,,"",""
ball,2,21.4,Essex,RJ Das,MJJ Critchley,MJ Waite,0,0,,,,,,"",""
ball,2,21.5,Essex,RJ Das,MJJ Critchley,MJ Waite,0,0,,,,,,"",""
ball,2,21.6,Essex,RJ Das,MJJ Critchley,MJ Waite,1,0,,,,,,"",""
ball,2,22.1,Essex,RJ Das,MJJ Critchley,TAI Taylor,0,0,,,,,,"",""
ball,2,22.2,Essex,RJ Das,MJJ Critchley,TAI Taylor,0,0,,,,,,"",""
ball,2,22.3,Essex,RJ Das,MJJ Critchley,TAI Taylor,0,0,,,,,,"",""
ball,2,22.4,Essex,RJ Das,MJJ Critchley,TAI Taylor,0,0,,,,,,"",""
ball,2,22.5,Essex,RJ Das,MJJ Critchley,TAI Taylor,0,0,,,,,,"",""
ball,2,22.6,Essex,RJ Das,MJJ Critchley,TAI Taylor,0,0,,,,,,"",""
ball,2,23.1,Essex,MJJ Critchley,RJ Das,BMJ Allison,0,0,,,,,,"",""
ball,2,23.2,Essex,MJJ Critchley,RJ Das,BMJ Allison,0,0,,,,,,"",""
ball,2,23.3,Essex,MJJ Critchley,RJ Das,BMJ Allison,0,0,,,,,,"",""
ball,2,23.4,Essex,MJJ Critchley,RJ Das,BMJ Allison,0,0,,,,,,"",""
ball,2,23.5,Essex,MJJ Critchley,RJ Das,BMJ Allison,0,1,,,,1,,"",""
ball,2,23.6,Essex,RJ Das,MJJ Critchley,BMJ Allison,0,0,,,,,,"",""
ball,2,24.1,Essex,MJJ Critchley,RJ Das,Y Singh,0,0,,,,,,"",""
ball,2,24.2,Essex,MJJ Critchley,RJ Das,Y Singh,0,0,,,,,,"",""
ball,2,24.3,Essex,MJJ Critchley,RJ Das,Y Singh,0,0,,,,,,"",""
ball,2,24.4,Essex,MJJ Critchley,RJ Das,Y Singh,0,0,,,,,,"",""
ball,2,24.5,Essex,MJJ Critchley,RJ Das,Y Singh,1,0,,,,,,"",""
ball,2,24.6,Essex,RJ Das,MJJ Critchley,Y Singh,0,0,,,,,,"",""
ball,2,25.1,Essex,MJJ Critchley,RJ Das,BMJ Allison,0,0,,,,,,"",""
ball,2,25.2,Essex,MJJ Critchley,RJ Das,BMJ Allison,0,0,,,,,,"",""
ball,2,25.3,Essex,MJJ Critchley,RJ Das,BMJ Allison,0,0,,,,,,"",""
ball,2,25.4,Essex,MJJ Critchley,RJ Das,BMJ Allison,0,0,,,,,,"",""
ball,2,25.5,Essex,MJJ Critchley,RJ Das,BMJ Allison,0,0,,,,,,"",""
ball,2,25.6,Essex,MJJ Critchley,RJ Das,BMJ Allison,4,0,,,,,,"",""
ball,2,26.1,Essex,RJ Das,MJJ Critchley,Y Singh,4,0,,,,,,"",""
ball,2,26.2,Essex,RJ Das,MJJ Critchley,Y Singh,0,0,,,,,,"",""
ball,2,26.3,Essex,RJ Das,MJJ Critchley,Y Singh,0,0,,,,,,"",""
ball,2,26.4,Essex,RJ Das,MJJ Critchley,Y Singh,0,0,,,,,,"",""
ball,2,26.5,Essex,RJ Das,MJJ Critchley,Y Singh,0,0,,,,,,"",""
ball,2,26.6,Essex,RJ Das,MJJ Critchley,Y Singh,0,0,,,,,,"",""
ball,2,27.1,Essex,MJJ Critchley,RJ Das,BMJ Allison,0,0,,,,,,"",""
ball,2,27.2,Essex,MJJ Critchley,RJ Das,BMJ Allison,0,0,,,,,,"",""
ball,2,27.3,Essex,MJJ Critchley,RJ Das,BMJ Allison,0,0,,,,,,"",""
ball,2,27.4,Essex,MJJ Critchley,RJ Das,BMJ Allison,0,0,,,,,,"",""
ball,2,27.5,Essex,MJJ Critchley,RJ Das,BMJ Allison,0,0,,,,,,"",""
ball,2,27.6,Essex,MJJ Critchley,RJ Das,BMJ Allison,0,0,,,,,,"",""
ball,2,28.1,Essex,RJ Das,MJJ Critchley,Y Singh,0,0,,,,,,"",""
ball,2,28.2,Essex,RJ Das,MJJ Critchley,Y Singh,4,0,,,,,,"",""
ball,2,28.3,Essex,RJ Das,MJJ Critchley,Y Singh,0,0,,,,,,"",""
ball,2,28.4,Essex,RJ Das,MJJ Critchley,Y Singh,0,0,,,,,,"",""
ball,2,28.5,Essex,RJ Das,MJJ Critchley,Y Singh,0,0,,,,,,"",""
ball,2,28.6,Essex,RJ Das,MJJ Critchley,Y Singh,0,0,,,,,,"",""
ball,2,29.1,Essex,MJJ Critchley,RJ Das,BMJ Allison,0,0,,,,,,"",""
ball,2,29.2,Essex,MJJ Critchley,RJ Das,BMJ Allison,4,0,,,,,,"",""
ball,2,29.3,Essex,MJJ Critchley,RJ Das,BMJ Allison,0,0,,,,,,caught,MJJ Critchley
ball,2,29.4,Essex,MS Pepper,RJ Das,BMJ Allison,0,0,,,,,,"",""
ball,2,29.5,Essex,MS Pepper,RJ Das,BMJ Allison,0,0,,,,,,"",""
ball,2,29.6,Essex,MS Pepper,RJ Das,BMJ Allison,0,0,,,,,,"",""
ball,2,30.1,Essex,RJ Das,MS Pepper,Y Singh,1,0,,,,,,"",""
ball,2,30.2,Essex,MS Pepper,RJ Das,Y Singh,0,0,,,,,,"",""
ball,2,30.3,Essex,MS Pepper,RJ Das,Y Singh,4,0,,,,,,"",""
ball,2,30.4,Essex,MS Pepper,RJ Das,Y Singh,0,0,,,,,,"",""
ball,2,30.5,Essex,MS Pepper,RJ Das,Y Singh,4,0,,,,,,"",""
ball,2,30.6,Essex,MS Pepper,RJ Das,Y Singh,0,0,,,,,,"",""
ball,2,31.1,Essex,RJ Das,MS Pepper,BMJ Allison,1,0,,,,,,"",""
ball,2,31.2,Essex,MS Pepper,RJ Das,BMJ Allison,0,0,,,,,,"",""
ball,2,31.3,Essex,MS Pepper,RJ Das,BMJ Allison,0,0,,,,,,"",""
ball,2,31.4,Essex,MS Pepper,RJ Das,BMJ Allison,0,0,,,,,,"",""
ball,2,31.5,Essex,MS Pepper,RJ Das,BMJ Allison,0,0,,,,,,"",""
ball,2,31.6,Essex,MS Pepper,RJ Das,BMJ Allison,0,0,,,,,,"",""
ball,2,32.1,Essex,RJ Das,MS Pepper,Y Singh,4,0,,,,,,"",""
ball,2,32.2,Essex,RJ Das,MS Pepper,Y Singh,0,0,,,,,,"",""
ball,2,32.3,Essex,RJ Das,MS Pepper,Y Singh,0,0,,,,,,"",""
ball,2,32.4,Essex,RJ Das,MS Pepper,Y Singh,0,0,,,,,,"",""
ball,2,32.5,Essex,RJ Das,MS Pepper,Y Singh,0,0,,,,,,"",""
ball,2,32.6,Essex,RJ Das,MS Pepper,Y Singh,0,0,,,,,,"",""
ball,2,33.1,Essex,MS Pepper,RJ Das,BMJ Allison,0,0,,,,,,"",""
ball,2,33.2,Essex,MS Pepper,RJ Das,BMJ Allison,0,0,,,,,,"",""
ball,2,33.3,Essex,MS Pepper,RJ Das,BMJ Allison,0,0,,,,,,"",""
ball,2,33.4,Essex,MS Pepper,RJ Das,BMJ Allison,0,0,,,,,,"",""
ball,2,33.5,Essex,MS Pepper,RJ Das,BMJ Allison,1,0,,,,,,"",""
ball,2,33.6,Essex,RJ Das,MS Pepper,BMJ Allison,0,0,,,,,,"",""
ball,2,34.1,Essex,MS Pepper,RJ Das,TAI Taylor,0,0,,,,,,"",""
ball,2,34.2,Essex,MS Pepper,RJ Das,TAI Taylor,0,0,,,,,,"",""
ball,2,34.3,Essex,MS Pepper,RJ Das,TAI Taylor,4,0,,,,,,"",""
ball,2,34.4,Essex,MS Pepper,RJ Das,TAI Taylor,0,0,,,,,,"",""
ball,2,34.5,Essex,MS Pepper,RJ Das,TAI Taylor,0,0,,,,,,"",""
ball,2,34.6,Essex,MS Pepper,RJ Das,TAI Taylor,0,1,,,,1,,"",""
ball,2,35.1,Essex,MS Pepper,RJ Das,MJ Waite,0,0,,,,,,"",""
ball,2,35.2,Essex,MS Pepper,RJ Das,MJ Waite,0,0,,,,,,"",""
ball,2,35.3,Essex,MS Pepper,RJ Das,MJ Waite,0,0,,,,,,"",""
ball,2,35.4,Essex,MS Pepper,RJ Das,MJ Waite,0,0,,,,,,"",""
ball,2,35.5,Essex,MS Pepper,RJ Das,MJ Waite,0,0,,,,,,"",""
ball,2,35.6,Essex,MS Pepper,RJ Das,MJ Waite,0,0,,,,,,"",""
ball,2,36.1,Essex,RJ Das,MS Pepper,TAI Taylor,0,0,,,,,,"",""
ball,2,36.2,Essex,RJ Das,MS Pepper,TAI Taylor,0,0,,,,,,"",""
ball,2,36.3,Essex,RJ Das,MS Pepper,TAI Taylor,1,0,,,,,,"",""
ball,2,36.4,Essex,MS Pepper,RJ Das,TAI Taylor,0,0,,,,,,"",""
ball,2,36.5,Essex,MS Pepper,RJ Das,TAI Taylor,0,0,,,,,,"",""
ball,2,36.6,Essex,MS Pepper,RJ Das,TAI Taylor,0,0,,,,,,"",""
ball,2,37.1,Essex,RJ Das,MS Pepper,MJ Waite,0,0,,,,,,"",""
ball,2,37.2,Essex,RJ Das,MS Pepper,MJ Waite,0,0,,,,,,"",""
ball,2,37.3,Essex,RJ Das,MS Pepper,MJ Waite,0,0,,,,,,"",""
ball,2,37.4,Essex,RJ Das,MS Pepper,MJ Waite,1,0,,,,,,"",""
ball,2,37.5,Essex,MS Pepper,RJ Das,MJ Waite,0,0,,,,,,"",""
ball,2,37.6,Essex,MS Pepper,RJ Das,MJ Waite,0,0,,,,,,"",""
ball,2,38.1,Essex,RJ Das,MS Pepper,TAI Taylor,1,0,,,,,,"",""
ball,2,38.2,Essex,MS Pepper,RJ Das,TAI Taylor,0,0,,,,,,"",""
ball,2,38.3,Essex,MS Pepper,RJ Das,TAI Taylor,0,0,,,,,,caught,MS Pepper
ball,2,38.4,Essex,NRM Thain,RJ Das,TAI Taylor,0,0,,,,,,"",""
ball,2,38.5,Essex,NRM Thain,RJ Das,TAI Taylor,0,0,,,,,,"",""
ball,2,38.6,Essex,NRM Thain,RJ Das,TAI Taylor,0,0,,,,,,"",""
ball,2,39.1,Essex,RJ Das,NRM Thain,MJ Waite,0,0,,,,,,caught,RJ Das
ball,2,39.2,Essex,SR Harmer,NRM Thain,MJ Waite,0,0,,,,,,"",""
ball,2,39.3,Essex,SR Harmer,NRM Thain,MJ Waite,0,0,,,,,,"",""
ball,2,39.4,Essex,SR Harmer,NRM Thain,MJ Waite,0,0,,,,,,"",""
ball,2,39.5,Essex,SR Harmer,NRM Thain,MJ Waite,0,0,,,,,,"",""
ball,2,39.6,Essex,SR Harmer,NRM Thain,MJ Waite,0,0,,,,,,"",""
ball,2,40.1,Essex,NRM Thain,SR Harmer,TAI Taylor,0,0,,,,,,"",""
ball,2,40.2,Essex,NRM Thain,SR Harmer,TAI Taylor,0,0,,,,,,"",""
ball,2,40.3,Essex,NRM Thain,SR Harmer,TAI Taylor,0,0,,,,,,"",""
ball,2,40.4,Essex,NRM Thain,SR Harmer,TAI Taylor,0,0,,,,,,"",""
ball,2,40.5,Essex,NRM Thain,SR Harmer,TAI Taylor,0,0,,,,,,"",""
ball,2,40.6,Essex,NRM Thain,SR Harmer,TAI Taylor,0,0,,,,,,"",""
ball,2,41.1,Essex,SR Harmer,NRM Thain,MJ Waite,0,0,,,,,,"",""
ball,2,41.2,Essex,SR Harmer,NRM Thain,MJ Waite,0,0,,,,,,"",""
ball,2,41.3,Essex,SR Harmer,NRM Thain,MJ Waite,0,0,,,,,,"",""
ball,2,41.4,Essex,SR Harmer,NRM Thain,MJ Waite,0,0,,,,,,"",""
ball,2,41.5,Essex,SR Harmer,NRM Thain,MJ Waite,0,0,,,,,,"",""
ball,2,41.6,Essex,SR Harmer,NRM Thain,MJ Waite,3,0,,,,,,"",""
ball,2,42.1,Essex,SR Harmer,NRM Thain,TAI Taylor,1,0,,,,,,"",""
ball,2,42.2,Essex,NRM Thain,SR Harmer,TAI Taylor,0,0,,,,,,"",""
ball,2,42.3,Essex,NRM Thain,SR Harmer,TAI Taylor,0,0,,,,,,"",""
ball,2,42.4,Essex,NRM Thain,SR Harmer,TAI Taylor,0,0,,,,,,"",""
ball,2,42.5,Essex,NRM Thain,SR Harmer,TAI Taylor,0,0,,,,,,"",""
ball,2,42.6,Essex,NRM Thain,SR Harmer,TAI Taylor,0,0,,,,,,"",""
ball,2,43.1,Essex,SR Harmer,NRM Thain,MJ Waite,0,0,,,,,,"",""
ball,2,43.2,Essex,SR Harmer,NRM Thain,MJ Waite,0,0,,,,,,"",""
ball,2,43.3,Essex,SR Harmer,NRM Thain,MJ Waite,0,0,,,,,,"",""
ball,2,43.4,Essex,SR Harmer,NRM Thain,MJ Waite,0,0,,,,,,"",""
ball,2,43.5,Essex,SR Harmer,NRM Thain,MJ Waite,4,0,,,,,,"",""
ball,2,43.6,Essex,SR Harmer,NRM Thain,MJ Waite,1,0,,,,,,"",""
ball,2,44.1,Essex,SR Harmer,NRM Thain,TAI Taylor,1,0,,,,,,"",""
ball,2,44.2,Essex,NRM Thain,SR Harmer,TAI Taylor,0,0,,,,,,"",""
ball,2,44.3,Essex,NRM Thain,SR Harmer,TAI Taylor,0,0,,,,,,"",""
ball,2,44.4,Essex,NRM Thain,SR Harmer,TAI Taylor,0,0,,,,,,"",""
ball,2,44.5,Essex,NRM Thain,SR Harmer,TAI Taylor,0,0,,,,,,"",""
ball,2,44.6,Essex,NRM Thain,SR Harmer,TAI Taylor,0,0,,,,,,"",""
ball,2,45.1,Essex,SR Harmer,NRM Thain,MJ Waite,0,0,,,,,,"",""
ball,2,45.2,Essex,SR Harmer,NRM Thain,MJ Waite,4,0,,,,,,"",""
ball,2,45.3,Essex,SR Harmer,NRM Thain,MJ Waite,0,0,,,,,,"",""
ball,2,45.4,Essex,SR Harmer,NRM Thain,MJ Waite,0,0,,,,,,"",""
ball,2,45.5,Essex,SR Harmer,NRM Thain,MJ Waite,0,0,,,,,,"",""
ball,2,45.6,Essex,SR Harmer,NRM Thain,MJ Waite,0,0,,,,,,"",""
ball,2,46.1,Essex,NRM Thain,SR Harmer,EA Brookes,0,0,,,,,,"",""
ball,2,46.2,Essex,NRM Thain,SR Harmer,EA Brookes,4,0,,,,,,"",""
ball,2,46.3,Essex,NRM Thain,SR Harmer,EA Brookes,1,0,,,,,,"",""
ball,2,46.4,Essex,SR Harmer,NRM Thain,EA Brookes,0,0,,,,,,"",""
ball,2,46.5,Essex,SR Harmer,NRM Thain,EA Brookes,0,0,,,,,,"",""
ball,2,46.6,Essex,SR Harmer,NRM Thain,EA Brookes,0,0,,,,,,"",""
ball,2,47.1,Essex,NRM Thain,SR Harmer,BMJ Allison,0,0,,,,,,"",""
ball,2,47.2,Essex,NRM Thain,SR Harmer,BMJ Allison,0,0,,,,,,"",""
ball,2,47.3,Essex,NRM Thain,SR Harmer,BMJ Allison,0,0,,,,,,"",""
ball,2,47.4,Essex,NRM Thain,SR Harmer,BMJ Allison,0,0,,,,,,"",""
ball,2,47.5,Essex,NRM Thain,SR Harmer,BMJ Allison,0,0,,,,,,"",""
ball,2,47.6,Essex,NRM Thain,SR Harmer,BMJ Allison,0,0,,,,,,"",""
ball,2,48.1,Essex,SR Harmer,NRM Thain,EA Brookes,0,0,,,,,,"",""
ball,2,48.2,Essex,SR Harmer,NRM Thain,EA Brookes,0,0,,,,,,caught,SR Harmer
ball,2,48.3,Essex,S Snater,NRM Thain,EA Brookes,0,0,,,,,,"",""
ball,2,48.4,Essex,S Snater,NRM Thain,EA Brookes,0,0,,,,,,"",""
ball,2,48.5,Essex,S Snater,NRM Thain,EA Brookes,0,0,,,,,,"",""
ball,2,48.6,Essex,S Snater,NRM Thain,EA Brookes,0,0,,,,,,"",""
ball,2,49.1,Essex,NRM Thain,S Snater,BMJ Allison,0,0,,,,,,"",""
ball,2,49.2,Essex,NRM Thain,S Snater,BMJ Allison,0,0,,,,,,"",""
ball,2,49.3,Essex,NRM Thain,S Snater,BMJ Allison,0,0,,,,,,"",""
ball,2,49.4,Essex,NRM Thain,S Snater,BMJ Allison,0,0,,,,,,"",""
ball,2,49.5,Essex,NRM Thain,S Snater,BMJ Allison,0,0,,,,,,"",""
ball,2,49.6,Essex,NRM Thain,S Snater,BMJ Allison,0,0,,,,,,"",""
ball,2,50.1,Essex,S Snater,NRM Thain,EA Brookes,0,0,,,,,,"",""
ball,2,50.2,Essex,S Snater,NRM Thain,EA Brookes,0,0,,,,,,"",""
ball,2,50.3,Essex,S Snater,NRM Thain,EA Brookes,0,0,,,,,,"",""
ball,2,50.4,Essex,S Snater,NRM Thain,EA Brookes,0,0,,,,,,"",""
ball,2,50.5,Essex,S Snater,NRM Thain,EA Brookes,2,0,,,,,,"",""
ball,2,50.6,Essex,S Snater,NRM Thain,EA Brookes,0,0,,,,,,"",""
ball,2,51.1,Essex,NRM Thain,S Snater,BMJ Allison,0,0,,,,,,"",""
ball,2,51.2,Essex,NRM Thain,S Snater,BMJ Allison,0,0,,,,,,"",""
ball,2,51.3,Essex,NRM Thain,S Snater,BMJ Allison,0,0,,,,,,"",""
ball,2,51.4,Essex,NRM Thain,S Snater,BMJ Allison,0,0,,,,,,"",""
ball,2,51.5,Essex,NRM Thain,S Snater,BMJ Allison,0,0,,,,,,"",""
ball,2,51.6,Essex,NRM Thain,S Snater,BMJ Allison,4,0,,,,,,"",""
ball,2,52.1,Essex,S Snater,NRM Thain,EA Brookes,0,0,,,,,,"",""
ball,2,52.2,Essex,S Snater,NRM Thain,EA Brookes,4,0,,,,,,"",""
ball,2,52.3,Essex,S Snater,NRM Thain,EA Brookes,0,0,,,,,,"",""
ball,2,52.4,Essex,S Snater,NRM Thain,EA Brookes,0,0,,,,,,"",""
ball,2,52.5,Essex,S Snater,NRM Thain,EA Brookes,0,0,,,,,,"",""
ball,2,52.6,Essex,S Snater,NRM Thain,EA Brookes,0,0,,,,,,"",""
ball,2,53.1,Essex,NRM Thain,S Snater,Y Singh,0,0,,,,,,"",""
ball,2,53.2,Essex,NRM Thain,S Snater,Y Singh,0,0,,,,,,"",""
ball,2,53.3,Essex,NRM Thain,S Snater,Y Singh,1,0,,,,,,"",""
ball,2,53.4,Essex,S Snater,NRM Thain,Y Singh,0,0,,,,,,"",""
ball,2,53.5,Essex,S Snater,NRM Thain,Y Singh,0,0,,,,,,"",""
ball,2,53.6,Essex,S Snater,NRM Thain,Y Singh,4,0,,,,,,"",""
ball,2,54.1,Essex,NRM Thain,S Snater,EA Brookes,0,0,,,,,,"",""
ball,2,54.2,Essex,NRM Thain,S Snater,EA Brookes,0,0,,,,,,"",""
ball,2,54.3,Essex,NRM Thain,S Snater,EA Brookes,0,0,,,,,,"",""
ball,2,54.4,Essex,NRM Thain,S Snater,EA Brookes,0,0,,,,,,"",""
ball,2,54.5,Essex,NRM Thain,S Snater,EA Brookes,0,0,,,,,,"",""
ball,2,54.6,Essex,NRM Thain,S Snater,EA Brookes,0,0,,,,,,"",""
ball,2,55.1,Essex,S Snater,NRM Thain,Y Singh,0,0,,,,,,"",""
ball,2,55.2,Essex,S Snater,NRM Thain,Y Singh,6,0,,,,,,"",""
ball,2,55.3,Essex,S Snater,NRM Thain,Y Singh,0,0,,,,,,"",""
ball,2,55.4,Essex,S Snater,NRM Thain,Y Singh,4,0,,,,,,"",""
ball,2,55.5,Essex,S Snater,NRM Thain,Y Singh,0,0,,,,,,caught,S Snater
ball,2,55.6,Essex,CAK Rajitha,NRM Thain,Y Singh,0,0,,,,,,"",""
ball,2,56.1,Essex,NRM Thain,CAK Rajitha,EA Brookes,0,0,,,,,,"",""
ball,2,56.2,Essex,NRM Thain,CAK Rajitha,EA Brookes,0,0,,,,,,"",""
ball,2,56.3,Essex,NRM Thain,CAK Rajitha,EA Brookes,1,0,,,,,,"",""
ball,2,56.4,Essex,CAK Rajitha,NRM Thain,EA Brookes,0,0,,,,,,"",""
ball,2,56.5,Essex,CAK Rajitha,NRM Thain,EA Brookes,2,0,,,,,,"",""
ball,2,56.6,Essex,CAK Rajitha,NRM Thain,EA Brookes,0,0,,,,,,"",""
ball,2,57.1,Essex,NRM Thain,CAK Rajitha,Y Singh,0,0,,,,,,"",""
ball,2,57.2,Essex,NRM Thain,CAK Rajitha,Y Singh,0,0,,,,,,"",""
ball,2,57.3,Essex,NRM Thain,CAK Rajitha,Y Singh,0,0,,,,,,"",""
ball,2,57.4,Essex,NRM Thain,CAK Rajitha,Y Singh,2,0,,,,,,"",""
ball,2,57.5,Essex,NRM Thain,CAK Rajitha,Y Singh,0,0,,,,,,"",""
ball,2,57.6,Essex,NRM Thain,CAK Rajitha,Y Singh,0,0,,,,,,"",""
ball,2,58.1,Essex,CAK Rajitha,NRM Thain,TAI Taylor,0,0,,,,,,"",""
ball,2,58.2,Essex,CAK Rajitha,NRM Thain,TAI Taylor,4,0,,,,,,"",""
ball,2,58.3,Essex,CAK Rajitha,NRM Thain,TAI Taylor,0,0,,,,,,"",""
ball,2,58.4,Essex,CAK Rajitha,NRM Thain,TAI Taylor,0,0,,,,,,"",""
ball,2,58.5,Essex,CAK Rajitha,NRM Thain,TAI Taylor,0,0,,,,,,"",""
ball,2,58.6,Essex,CAK Rajitha,NRM Thain,TAI Taylor,0,0,,,,,,"",""
ball,2,59.1,Essex,NRM Thain,CAK Rajitha,MJ Waite,0,0,,,,,,"",""
ball,2,59.2,Essex,NRM Thain,CAK Rajitha,MJ Waite,2,0,,,,,,"",""
ball,2,59.3,Essex,NRM Thain,CAK Rajitha,MJ Waite,0,0,,,,,,bowled,NRM Thain
ball,2,59.4,Essex,JA Porter,CAK Rajitha,MJ Waite,0,0,,,,,,"",""
ball,2,59.5,Essex,JA Porter,CAK Rajitha,MJ Waite,4,0,,,,,,"",""
ball,2,59.6,Essex,JA Porter,CAK Rajitha,MJ Waite,0,0,,,,,,caught,JA Porter
ball,3,0.1,Worcestershire,GH Roderick,JD Libby,JA Porter,0,0,,,,,,"",""
ball,3,0.2,Worcestershire,GH Roderick,JD Libby,JA Porter,0,0,,,,,,"",""
ball,3,0.3,Worcestershire,GH Roderick,JD Libby,JA Porter,0,0,,,,,,"",""
ball,3,0.4,Worcestershire,GH Roderick,JD Libby,JA Porter,0,0,,,,,,"",""
ball,3,0.5,Worcestershire,GH Roderick,JD Libby,JA Porter,0,0,,,,,,"",""
ball,3,0.6,Worcestershire,GH Roderick,JD Libby,JA Porter,0,0,,,,,,"",""
ball,3,1.1,Worcestershire,JD Libby,GH Roderick,S Snater,0,0,,,,,,"",""
ball,3,1.2,Worcestershire,JD Libby,GH Roderick,S Snater,0,0,,,,,,"",""
ball,3,1.3,Worcestershire,JD Libby,GH Roderick,S Snater,0,0,,,,,,"",""
ball,3,1.4,Worcestershire,JD Libby,GH Roderick,S Snater,1,0,,,,,,"",""
ball,3,1.5,Worcestershire,GH Roderick,JD Libby,S Snater,0,0,,,,,,caught,GH Roderick
ball,3,1.6,Worcestershire,HM Nicholls,JD Libby,S Snater,0,0,,,,,,"",""
ball,3,2.1,Worcestershire,JD Libby,HM Nicholls,JA Porter,0,0,,,,,,"",""
ball,3,2.2,Worcestershire,JD Libby,HM Nicholls,JA Porter,0,0,,,,,,"",""
ball,3,2.3,Worcestershire,JD Libby,HM Nicholls,JA Porter,0,0,,,,,,"",""
ball,3,2.4,Worcestershire,JD Libby,HM Nicholls,JA Porter,0,0,,,,,,"",""
ball,3,2.5,Worcestershire,JD Libby,HM Nicholls,JA Porter,0,0,,,,,,"",""
ball,3,2.6,Worcestershire,JD Libby,HM Nicholls,JA Porter,0,0,,,,,,"",""
ball,3,3.1,Worcestershire,HM Nicholls,JD Libby,S Snater,0,0,,,,,,"",""
ball,3,3.2,Worcestershire,HM Nicholls,JD Libby,S Snater,2,0,,,,,,"",""
ball,3,3.3,Worcestershire,HM Nicholls,JD Libby,S Snater,0,0,,,,,,"",""
ball,3,3.4,Worcestershire,HM Nicholls,JD Libby,S Snater,0,0,,,,,,lbw,HM Nicholls
ball,3,3.5,Worcestershire,Kashif Ali,JD Libby,S Snater,0,0,,,,,,"",""
ball,3,3.6,Worcestershire,Kashif Ali,JD Libby,S Snater,0,0,,,,,,"",""
ball,3,4.1,Worcestershire,JD Libby,Kashif Ali,JA Porter,0,0,,,,,,"",""
ball,3,4.2,Worcestershire,JD Libby,Kashif Ali,JA Porter,0,0,,,,,,"",""
ball,3,4.3,Worcestershire,JD Libby,Kashif Ali,JA Porter,0,0,,,,,,"",""
ball,3,4.4,Worcestershire,JD Libby,Kashif Ali,JA Porter,2,0,,,,,,"",""
ball,3,4.5,Worcestershire,JD Libby,Kashif Ali,JA Porter,0,0,,,,,,"",""
ball,3,4.6,Worcestershire,JD Libby,Kashif Ali,JA Porter,0,0,,,,,,"",""
ball,3,5.1,Worcestershire,Kashif Ali,JD Libby,S Snater,1,0,,,,,,"",""
ball,3,5.2,Worcestershire,JD Libby,Kashif Ali,S Snater,2,0,,,,,,"",""
ball,3,5.3,Worcestershire,JD Libby,Kashif Ali,S Snater,0,0,,,,,,"",""
ball,3,5.4,Worcestershire,JD Libby,Kashif Ali,S Snater,0,0,,,,,,"",""
ball,3,5.5,Worcestershire,JD Libby,Kashif Ali,S Snater,0,0,,,,,,"",""
ball,3,5.6,Worcestershire,JD Libby,Kashif Ali,S Snater,0,0,,,,,,"",""
ball,3,6.1,Worcestershire,Kashif Ali,JD Libby,JA Porter,0,0,,,,,,"",""
ball,3,6.2,Worcestershire,Kashif Ali,JD Libby,JA Porter,0,0,,,,,,"",""
ball,3,6.3,Worcestershire,Kashif Ali,JD Libby,JA Porter,0,0,,,,,,"",""
ball,3,6.4,Worcestershire,Kashif Ali,JD Libby,JA Porter,0,0,,,,,,"",""
ball,3,6.5,Worcestershire,Kashif Ali,JD Libby,JA Porter,1,0,,,,,,"",""
ball,3,6.6,Worcestershire,JD Libby,Kashif Ali,JA Porter,0,0,,,,,,"",""
ball,3,7.1,Worcestershire,Kashif Ali,JD Libby,S Snater,0,0,,,,,,"",""
ball,3,7.2,Worcestershire,Kashif Ali,JD Libby,S Snater,0,0,,,,,,"",""
ball,3,7.3,Worcestershire,Kashif Ali,JD Libby,S Snater,2,0,,,,,,"",""
ball,3,7.4,Worcestershire,Kashif Ali,JD Libby,S Snater,0,0,,,,,,"",""
ball,3,7.5,Worcestershire,Kashif Ali,JD Libby,S Snater,0,0,,,,,,"",""
ball,3,7.6,Worcestershire,Kashif Ali,JD Libby,S Snater,0,0,,,,,,"",""
ball,3,8.1,Worcestershire,JD Libby,Kashif Ali,JA Porter,0,0,,,,,,"",""
ball,3,8.2,Worcestershire,JD Libby,Kashif Ali,JA Porter,0,0,,,,,,"",""
ball,3,8.3,Worcestershire,JD Libby,Kashif Ali,JA Porter,0,0,,,,,,"",""
ball,3,8.4,Worcestershire,JD Libby,Kashif Ali,JA Porter,4,0,,,,,,"",""
ball,3,8.5,Worcestershire,JD Libby,Kashif Ali,JA Porter,0,0,,,,,,"",""
ball,3,8.6,Worcestershire,JD Libby,Kashif Ali,JA Porter,0,0,,,,,,"",""
ball,3,9.1,Worcestershire,Kashif Ali,JD Libby,S Snater,0,0,,,,,,"",""
ball,3,9.2,Worcestershire,Kashif Ali,JD Libby,S Snater,0,0,,,,,,"",""
ball,3,9.3,Worcestershire,Kashif Ali,JD Libby,S Snater,1,0,,,,,,"",""
ball,3,9.4,Worcestershire,JD Libby,Kashif Ali,S Snater,0,0,,,,,,"",""
ball,3,9.5,Worcestershire,JD Libby,Kashif Ali,S Snater,0,0,,,,,,"",""
ball,3,9.6,Worcestershire,JD Libby,Kashif Ali,S Snater,0,0,,,,,,"",""
ball,3,10.1,Worcestershire,Kashif Ali,JD Libby,CAK Rajitha,2,0,,,,,,"",""
ball,3,10.2,Worcestershire,Kashif Ali,JD Libby,CAK Rajitha,0,0,,,,,,"",""
ball,3,10.3,Worcestershire,Kashif Ali,JD Libby,CAK Rajitha,1,0,,,,,,"",""
ball,3,10.4,Worcestershire,JD Libby,Kashif Ali,CAK Rajitha,0,0,,,,,,"",""
ball,3,10.5,Worcestershire,JD Libby,Kashif Ali,CAK Rajitha,0,0,,,,,,"",""
ball,3,10.6,Worcestershire,JD Libby,Kashif Ali,CAK Rajitha,0,0,,,,,,"",""
ball,3,11.1,Worcestershire,Kashif Ali,JD Libby,S Snater,0,0,,,,,,"",""
ball,3,11.2,Worcestershire,Kashif Ali,JD Libby,S Snater,0,0,,,,,,"",""
ball,3,11.3,Worcestershire,Kashif Ali,JD Libby,S Snater,0,0,,,,,,"",""
ball,3,11.4,Worcestershire,Kashif Ali,JD Libby,S Snater,2,0,,,,,,"",""
ball,3,11.5,Worcestershire,Kashif Ali,JD Libby,S Snater,1,0,,,,,,"",""
ball,3,11.6,Worcestershire,JD Libby,Kashif Ali,S Snater,0,0,,,,,,"",""
ball,3,12.1,Worcestershire,Kashif Ali,JD Libby,CAK Rajitha,1,0,,,,,,"",""
ball,3,12.2,Worcestershire,JD Libby,Kashif Ali,CAK Rajitha,0,0,,,,,,"",""
ball,3,12.3,Worcestershire,JD Libby,Kashif Ali,CAK Rajitha,1,0,,,,,,"",""
ball,3,12.4,Worcestershire,Kashif Ali,JD Libby,CAK Rajitha,0,0,,,,,,"",""
ball,3,12.5,Worcestershire,Kashif Ali,JD Libby,CAK Rajitha,2,0,,,,,,"",""
ball,3,12.6,Worcestershire,Kashif Ali,JD Libby,CAK Rajitha,0,0,,,,,,"",""
ball,3,13.1,Worcestershire,JD Libby,Kashif Ali,JA Porter,0,0,,,,,,"",""
ball,3,13.2,Worcestershire,JD Libby,Kashif Ali,JA Porter,0,0,,,,,,"",""
ball,3,13.3,Worcestershire,JD Libby,Kashif Ali,JA Porter,0,0,,,,,,lbw,JD Libby
ball,3,13.4,Worcestershire,RP Jones,Kashif Ali,JA Porter,0,0,,,,,,"",""
ball,3,13.5,Worcestershire,RP Jones,Kashif Ali,JA Porter,0,0,,,,,,"",""
ball,3,13.6,Worcestershire,RP Jones,Kashif Ali,JA Porter,2,0,,,,,,"",""
ball,3,14.1,Worcestershire,Kashif Ali,RP Jones,CAK Rajitha,0,0,,,,,,"",""
ball,3,14.2,Worcestershire,Kashif Ali,RP Jones,CAK Rajitha,0,0,,,,,,"",""
ball,3,14.3,Worcestershire,Kashif Ali,RP Jones,CAK Rajitha,1,0,,,,,,"",""
ball,3,14.4,Worcestershire,RP Jones,Kashif Ali,CAK Rajitha,0,0,,,,,,"",""
ball,3,14.5,Worcestershire,RP Jones,Kashif Ali,CAK Rajitha,0,0,,,,,,"",""
ball,3,14.6,Worcestershire,RP Jones,Kashif Ali,CAK Rajitha,4,0,,,,,,"",""
ball,3,15.1,Worcestershire,Kashif Ali,RP Jones,JA Porter,0,0,,,,,,"",""
ball,3,15.2,Worcestershire,Kashif Ali,RP Jones,JA Porter,0,0,,,,,,"",""
ball,3,15.3,Worcestershire,Kashif Ali,RP Jones,JA Porter,1,0,,,,,,"",""
ball,3,15.4,Worcestershire,RP Jones,Kashif Ali,JA Porter,0,0,,,,,,"",""
ball,3,15.5,Worcestershire,RP Jones,Kashif Ali,JA Porter,0,0,,,,,,"",""
ball,3,15.6,Worcestershire,RP Jones,Kashif Ali,JA Porter,0,0,,,,,,"",""
ball,3,16.1,Worcestershire,Kashif Ali,RP Jones,SR Harmer,0,0,,,,,,"",""
ball,3,16.2,Worcestershire,Kashif Ali,RP Jones,SR Harmer,1,0,,,,,,"",""
ball,3,16.3,Worcestershire,RP Jones,Kashif Ali,SR Harmer,0,0,,,,,,"",""
ball,3,16.4,Worcestershire,RP Jones,Kashif Ali,SR Harmer,0,0,,,,,,"",""
ball,3,16.5,Worcestershire,RP Jones,Kashif Ali,SR Harmer,0,0,,,,,,"",""
ball,3,16.6,Worcestershire,RP Jones,Kashif Ali,SR Harmer,1,0,,,,,,"",""
ball,3,17.1,Worcestershire,RP Jones,Kashif Ali,JA Porter,0,0,,,,,,"",""
ball,3,17.2,Worcestershire,RP Jones,Kashif Ali,JA Porter,0,0,,,,,,"",""
ball,3,17.3,Worcestershire,RP Jones,Kashif Ali,JA Porter,0,0,,,,,,"",""
ball,3,17.4,Worcestershire,RP Jones,Kashif Ali,JA Porter,0,0,,,,,,"",""
ball,3,17.5,Worcestershire,RP Jones,Kashif Ali,JA Porter,0,0,,,,,,"",""
ball,3,17.6,Worcestershire,RP Jones,Kashif Ali,JA Porter,0,0,,,,,,"",""
ball,3,18.1,Worcestershire,Kashif Ali,RP Jones,SR Harmer,4,0,,,,,,"",""
ball,3,18.2,Worcestershire,Kashif Ali,RP Jones,SR Harmer,0,0,,,,,,"",""
ball,3,18.3,Worcestershire,Kashif Ali,RP Jones,SR Harmer,1,0,,,,,,"",""
ball,3,18.4,Worcestershire,RP Jones,Kashif Ali,SR Harmer,0,0,,,,,,"",""
ball,3,18.5,Worcestershire,RP Jones,Kashif Ali,SR Harmer,0,0,,,,,,"",""
ball,3,18.6,Worcestershire,RP Jones,Kashif Ali,SR Harmer,0,2,,,2,,,"",""
ball,3,19.1,Worcestershire,Kashif Ali,RP Jones,JA Porter,0,0,,,,,,"",""
ball,3,19.2,Worcestershire,Kashif Ali,RP Jones,JA Porter,4,0,,,,,,"",""
ball,3,19.3,Worcestershire,Kashif Ali,RP Jones,JA Porter,1,0,,,,,,"",""
ball,3,19.4,Worcestershire,RP Jones,Kashif Ali,JA Porter,0,0,,,,,,"",""
ball,3,19.5,Worcestershire,RP Jones,Kashif Ali,JA Porter,0,0,,,,,,"",""
ball,3,19.6,Worcestershire,RP Jones,Kashif Ali,JA Porter,0,0,,,,,,"",""
ball,3,20.1,Worcestershire,Kashif Ali,RP Jones,SR Harmer,0,0,,,,,,"",""
ball,3,20.2,Worcestershire,Kashif Ali,RP Jones,SR Harmer,0,0,,,,,,"",""
ball,3,20.3,Worcestershire,Kashif Ali,RP Jones,SR Harmer,0,0,,,,,,"",""
ball,3,20.4,Worcestershire,Kashif Ali,RP Jones,SR Harmer,0,0,,,,,,"",""
ball,3,20.5,Worcestershire,Kashif Ali,RP Jones,SR Harmer,0,0,,,,,,"",""
ball,3,20.6,Worcestershire,Kashif Ali,RP Jones,SR Harmer,0,0,,,,,,"",""
ball,3,21.1,Worcestershire,RP Jones,Kashif Ali,S Snater,1,0,,,,,,"",""
ball,3,21.2,Worcestershire,Kashif Ali,RP Jones,S Snater,4,0,,,,,,"",""
ball,3,21.3,Worcestershire,Kashif Ali,RP Jones,S Snater,0,0,,,,,,"",""
ball,3,21.4,Worcestershire,Kashif Ali,RP Jones,S Snater,0,0,,,,,,"",""
ball,3,21.5,Worcestershire,Kashif Ali,RP Jones,S Snater,0,0,,,,,,"",""
ball,3,21.6,Worcestershire,Kashif Ali,RP Jones,S Snater,0,0,,,,,,"",""
ball,3,22.1,Worcestershire,RP Jones,Kashif Ali,SR Harmer,1,0,,,,,,"",""
ball,3,22.2,Worcestershire,Kashif Ali,RP Jones,SR Harmer,0,0,,,,,,"",""
ball,3,22.3,Worcestershire,Kashif Ali,RP Jones,SR Harmer,0,0,,,,,,"",""
ball,3,22.4,Worcestershire,Kashif Ali,RP Jones,SR Harmer,0,0,,,,,,"",""
ball,3,22.5,Worcestershire,Kashif Ali,RP Jones,SR Harmer,0,0,,,,,,"",""
ball,3,22.6,Worcestershire,Kashif Ali,RP Jones,SR Harmer,0,0,,,,,,"",""
ball,3,23.1,Worcestershire,RP Jones,Kashif Ali,S Snater,0,0,,,,,,"",""
ball,3,23.2,Worcestershire,RP Jones,Kashif Ali,S Snater,0,0,,,,,,"",""
ball,3,23.3,Worcestershire,RP Jones,Kashif Ali,S Snater,0,0,,,,,,"",""
ball,3,23.4,Worcestershire,RP Jones,Kashif Ali,S Snater,4,0,,,,,,"",""
ball,3,23.5,Worcestershire,RP Jones,Kashif Ali,S Snater,0,0,,,,,,"",""
ball,3,23.6,Worcestershire,RP Jones,Kashif Ali,S Snater,0,0,,,,,,"",""
ball,3,24.1,Worcestershire,Kashif Ali,RP Jones,SR Harmer,0,0,,,,,,"",""
ball,3,24.2,Worcestershire,Kashif Ali,RP Jones,SR Harmer,0,0,,,,,,"",""
ball,3,24.3,Worcestershire,Kashif Ali,RP Jones,SR Harmer,0,0,,,,,,"",""
ball,3,24.4,Worcestershire,Kashif Ali,RP Jones,SR Harmer,0,0,,,,,,"",""
ball,3,24.5,Worcestershire,Kashif Ali,RP Jones,SR Harmer,0,0,,,,,,"",""
ball,3,24.6,Worcestershire,Kashif Ali,RP Jones,SR Harmer,0,0,,,,,,"",""
ball,3,25.1,Worcestershire,RP Jones,Kashif Ali,S Snater,0,0,,,,,,"",""
ball,3,25.2,Worcestershire,RP Jones,Kashif Ali,S Snater,0,0,,,,,,"",""
ball,3,25.3,Worcestershire,RP Jones,Kashif Ali,S Snater,0,0,,,,,,"",""
ball,3,25.4,Worcestershire,RP Jones,Kashif Ali,S Snater,0,0,,,,,,"",""
ball,3,25.5,Worcestershire,RP Jones,Kashif Ali,S Snater,0,0,,,,,,"",""
ball,3,25.6,Worcestershire,RP Jones,Kashif Ali,S Snater,0,0,,,,,,"",""
ball,3,26.1,Worcestershire,Kashif Ali,RP Jones,SR Harmer,0,0,,,,,,lbw,Kashif Ali
ball,3,26.2,Worcestershire,BMJ Allison,RP Jones,SR Harmer,0,0,,,,,,"",""
ball,3,26.3,Worcestershire,BMJ Allison,RP Jones,SR Harmer,0,0,,,,,,"",""
ball,3,26.4,Worcestershire,BMJ Allison,RP Jones,SR Harmer,0,0,,,,,,"",""
ball,3,26.5,Worcestershire,BMJ Allison,RP Jones,SR Harmer,0,0,,,,,,"",""
ball,3,26.6,Worcestershire,BMJ Allison,RP Jones,SR Harmer,0,0,,,,,,lbw,BMJ Allison
ball,3,27.1,Worcestershire,RP Jones,Y Singh,S Snater,0,0,,,,,,"",""
ball,3,27.2,Worcestershire,RP Jones,Y Singh,S Snater,0,0,,,,,,"",""
ball,3,27.3,Worcestershire,RP Jones,Y Singh,S Snater,0,0,,,,,,"",""
ball,3,27.4,Worcestershire,RP Jones,Y Singh,S Snater,0,0,,,,,,"",""
ball,3,27.5,Worcestershire,RP Jones,Y Singh,S Snater,0,0,,,,,,"",""
ball,3,27.6,Worcestershire,RP Jones,Y Singh,S Snater,0,0,,,,,,"",""
ball,3,28.1,Worcestershire,Y Singh,RP Jones,SR Harmer,0,0,,,,,,"",""
ball,3,28.2,Worcestershire,Y Singh,RP Jones,SR Harmer,0,0,,,,,,"",""
ball,3,28.3,Worcestershire,Y Singh,RP Jones,SR Harmer,0,0,,,,,,"",""
ball,3,28.4,Worcestershire,Y Singh,RP Jones,SR Harmer,2,0,,,,,,"",""
ball,3,28.5,Worcestershire,Y Singh,RP Jones,SR Harmer,0,0,,,,,,"",""
ball,3,28.6,Worcestershire,Y Singh,RP Jones,SR Harmer,0,0,,,,,,"",""
ball,3,29.1,Worcestershire,RP Jones,Y Singh,S Snater,0,0,,,,,,"",""
ball,3,29.2,Worcestershire,RP Jones,Y Singh,S Snater,1,0,,,,,,"",""
ball,3,29.3,Worcestershire,Y Singh,RP Jones,S Snater,0,0,,,,,,"",""
ball,3,29.4,Worcestershire,Y Singh,RP Jones,S Snater,0,0,,,,,,"",""
ball,3,29.5,Worcestershire,Y Singh,RP Jones,S Snater,0,0,,,,,,"",""
ball,3,29.6,Worcestershire,Y Singh,RP Jones,S Snater,0,0,,,,,,"",""
ball,3,30.1,Worcestershire,RP Jones,Y Singh,SR Harmer,1,0,,,,,,"",""
ball,3,30.2,Worcestershire,Y Singh,RP Jones,SR Harmer,0,0,,,,,,"",""
ball,3,30.3,Worcestershire,Y Singh,RP Jones,SR Harmer,0,0,,,,,,"",""
ball,3,30.4,Worcestershire,Y Singh,RP Jones,SR Harmer,0,0,,,,,,"",""
ball,3,30.5,Worcestershire,Y Singh,RP Jones,SR Harmer,0,0,,,,,,"",""
ball,3,30.6,Worcestershire,Y Singh,RP Jones,SR Harmer,0,0,,,,,,"",""
ball,3,31.1,Worcestershire,RP Jones,Y Singh,S Snater,2,0,,,,,,"",""
ball,3,31.2,Worcestershire,RP Jones,Y Singh,S Snater,0,0,,,,,,"",""
ball,3,31.3,Worcestershire,RP Jones,Y Singh,S Snater,0,0,,,,,,"",""
ball,3,31.4,Worcestershire,RP Jones,Y Singh,S Snater,1,0,,,,,,"",""
ball,3,31.5,Worcestershire,Y Singh,RP Jones,S Snater,0,0,,,,,,"",""
ball,3,31.6,Worcestershire,Y Singh,RP Jones,S Snater,0,0,,,,,,"",""
ball,3,32.1,Worcestershire,RP Jones,Y Singh,SR Harmer,0,0,,,,,,"",""
ball,3,32.2,Worcestershire,RP Jones,Y Singh,SR Harmer,0,0,,,,,,"",""
ball,3,32.3,Worcestershire,RP Jones,Y Singh,SR Harmer,0,0,,,,,,"",""
ball,3,32.4,Worcestershire,RP Jones,Y Singh,SR Harmer,1,0,,,,,,"",""
ball,3,32.5,Worcestershire,Y Singh,RP Jones,SR Harmer,0,0,,,,,,"",""
ball,3,32.6,Worcestershire,Y Singh,RP Jones,SR Harmer,0,0,,,,,,"",""
ball,3,33.1,Worcestershire,RP Jones,Y Singh,S Snater,0,0,,,,,,"",""
ball,3,33.2,Worcestershire,RP Jones,Y Singh,S Snater,0,0,,,,,,"",""
ball,3,33.3,Worcestershire,RP Jones,Y Singh,S Snater,0,0,,,,,,lbw,RP Jones
ball,3,33.4,Worcestershire,BL D'Oliveira,Y Singh,S Snater,0,0,,,,,,"",""
ball,3,33.5,Worcestershire,BL D'Oliveira,Y Singh,S Snater,4,0,,,,,,"",""
ball,3,33.6,Worcestershire,BL D'Oliveira,Y Singh,S Snater,0,0,,,,,,"",""
ball,3,34.1,Worcestershire,Y Singh,BL D'Oliveira,SR Harmer,1,0,,,,,,"",""
ball,3,34.2,Worcestershire,BL D'Oliveira,Y Singh,SR Harmer,0,0,,,,,,"",""
ball,3,34.3,Worcestershire,BL D'Oliveira,Y Singh,SR Harmer,0,0,,,,,,caught,BL D'Oliveira
ball,3,34.4,Worcestershire,EA Brookes,Y Singh,SR Harmer,0,0,,,,,,"",""
ball,3,34.5,Worcestershire,EA Brookes,Y Singh,SR Harmer,0,0,,,,,,"",""
ball,3,34.6,Worcestershire,EA Brookes,Y Singh,SR Harmer,0,0,,,,,,"",""
ball,3,35.1,Worcestershire,Y Singh,EA Brookes,S Snater,0,0,,,,,,"",""
ball,3,35.2,Worcestershire,Y Singh,EA Brookes,S Snater,4,0,,,,,,"",""
ball,3,35.3,Worcestershire,Y Singh,EA Brookes,S Snater,0,0,,,,,,"",""
ball,3,35.4,Worcestershire,Y Singh,EA Brookes,S Snater,0,0,,,,,,"",""
ball,3,35.5,Worcestershire,Y Singh,EA Brookes,S Snater,0,0,,,,,,"",""
ball,3,35.6,Worcestershire,Y Singh,EA Brookes,S Snater,0,0,,,,,,"",""
ball,3,36.1,Worcestershire,EA Brookes,Y Singh,SR Harmer,0,0,,,,,,"",""
ball,3,36.2,Worcestershire,EA Brookes,Y Singh,SR Harmer,1,0,,,,,,"",""
ball,3,36.3,Worcestershire,Y Singh,EA Brookes,SR Harmer,0,0,,,,,,"",""
ball,3,36.4,Worcestershire,Y Singh,EA Brookes,SR Harmer,0,4,,,4,,,"",""
ball,3,36.5,Worcestershire,Y Singh,EA Brookes,SR Harmer,0,0,,,,,,lbw,Y Singh
ball,3,36.6,Worcestershire,MJ Waite,EA Brookes,SR Harmer,0,0,,,,,,"",""
ball,3,37.1,Worcestershire,EA Brookes,MJ Waite,JA Porter,0,0,,,,,,"",""
ball,3,37.2,Worcestershire,EA Brookes,MJ Waite,JA Porter,1,0,,,,,,"",""
ball,3,37.3,Worcestershire,MJ Waite,EA Brookes,JA Porter,0,0,,,,,,"",""
ball,3,37.4,Worcestershire,MJ Waite,EA Brookes,JA Porter,1,0,,,,,,"",""
ball,3,37.5,Worcestershire,EA Brookes,MJ Waite,JA Porter,0,0,,,,,,"",""
ball,3,37.6,Worcestershire,EA Brookes,MJ Waite,JA Porter,0,0,,,,,,"",""
ball,3,38.1,Worcestershire,MJ Waite,EA Brookes,SR Harmer,0,0,,,,,,"",""
ball,3,38.2,Worcestershire,MJ Waite,EA Brookes,SR Harmer,0,0,,,,,,"",""
ball,3,38.3,Worcestershire,MJ Waite,EA Brookes,SR Harmer,0,0,,,,,,"",""
ball,3,38.4,Worcestershire,MJ Waite,EA Brookes,SR Harmer,0,0,,,,,,"",""
ball,3,38.5,Worcestershire,MJ Waite,EA Brookes,SR Harmer,0,0,,,,,,"",""
ball,3,38.6,Worcestershire,MJ Waite,EA Brookes,SR Harmer,0,0,,,,,,"",""
ball,3,39.1,Worcestershire,EA Brookes,MJ Waite,JA Porter,0,0,,,,,,"",""
ball,3,39.2,Worcestershire,EA Brookes,MJ Waite,JA Porter,0,0,,,,,,"",""
ball,3,39.3,Worcestershire,EA Brookes,MJ Waite,JA Porter,2,0,,,,,,"",""
ball,3,39.4,Worcestershire,EA Brookes,MJ Waite,JA Porter,0,0,,,,,,"",""
ball,3,39.5,Worcestershire,EA Brookes,MJ Waite,JA Porter,4,0,,,,,,"",""
ball,3,39.6,Worcestershire,EA Brookes,MJ Waite,JA Porter,0,0,,,,,,"",""
ball,3,40.1,Worcestershire,MJ Waite,EA Brookes,SR Harmer,0,0,,,,,,"",""
ball,3,40.2,Worcestershire,MJ Waite,EA Brookes,SR Harmer,0,0,,,,,,"",""
ball,3,40.3,Worcestershire,MJ Waite,EA Brookes,SR Harmer,1,0,,,,,,"",""
ball,3,40.4,Worcestershire,EA Brookes,MJ Waite,SR Harmer,0,0,,,,,,"",""
ball,3,40.5,Worcestershire,EA Brookes,MJ Waite,SR Harmer,1,0,,,,,,"",""
ball,3,40.6,Worcestershire,MJ Waite,EA Brookes,SR Harmer,0,0,,,,,,"",""
ball,3,41.1,Worcestershire,EA Brookes,MJ Waite,JA Porter,0,0,,,,,,"",""
ball,3,41.2,Worcestershire,EA Brookes,MJ Waite,JA Porter,0,0,,,,,,"",""
ball,3,41.3,Worcestershire,EA Brookes,MJ Waite,JA Porter,0,0,,,,,,"",""
ball,3,41.4,Worcestershire,EA Brookes,MJ Waite,JA Porter,0,0,,,,,,"",""
ball,3,41.5,Worcestershire,EA Brookes,MJ Waite,JA Porter,0,0,,,,,,"",""
ball,3,41.6,Worcestershire,EA Brookes,MJ Waite,JA Porter,0,0,,,,,,"",""
ball,3,42.1,Worcestershire,MJ Waite,EA Brookes,SR Harmer,0,0,,,,,,"",""
ball,3,42.2,Worcestershire,MJ Waite,EA Brookes,SR Harmer,0,0,,,,,,"",""
ball,3,42.3,Worcestershire,MJ Waite,EA Brookes,SR Harmer,0,0,,,,,,"",""
ball,3,42.4,Worcestershire,MJ Waite,EA Brookes,SR Harmer,0,0,,,,,,"",""
ball,3,42.5,Worcestershire,MJ Waite,EA Brookes,SR Harmer,0,0,,,,,,"",""
ball,3,42.6,Worcestershire,MJ Waite,EA Brookes,SR Harmer,0,0,,,,,,"",""
ball,3,43.1,Worcestershire,EA Brookes,MJ Waite,JA Porter,0,0,,,,,,"",""
ball,3,43.2,Worcestershire,EA Brookes,MJ Waite,JA Porter,0,0,,,,,,"",""
ball,3,43.3,Worcestershire,EA Brookes,MJ Waite,JA Porter,0,0,,,,,,"",""
ball,3,43.4,Worcestershire,EA Brookes,MJ Waite,JA Porter,0,0,,,,,,"",""
ball,3,43.5,Worcestershire,EA Brookes,MJ Waite,JA Porter,0,0,,,,,,"",""
ball,3,43.6,Worcestershire,EA Brookes,MJ Waite,JA Porter,0,0,,,,,,"",""
ball,3,44.1,Worcestershire,MJ Waite,EA Brookes,SR Harmer,0,1,,,1,,,"",""
ball,3,44.2,Worcestershire,EA Brookes,MJ Waite,SR Harmer,0,0,,,,,,"",""
ball,3,44.3,Worcestershire,EA Brookes,MJ Waite,SR Harmer,0,0,,,,,,"",""
ball,3,44.4,Worcestershire,EA Brookes,MJ Waite,SR Harmer,1,0,,,,,,"",""
ball,3,44.5,Worcestershire,MJ Waite,EA Brookes,SR Harmer,0,0,,,,,,"",""
ball,3,44.6,Worcestershire,MJ Waite,EA Brookes,SR Harmer,0,0,,,,,,"",""
ball,3,45.1,Worcestershire,EA Brookes,MJ Waite,S Snater,0,0,,,,,,"",""
ball,3,45.2,Worcestershire,EA Brookes,MJ Waite,S Snater,0,0,,,,,,"",""
ball,3,45.3,Worcestershire,EA Brookes,MJ Waite,S Snater,2,0,,,,,,"",""
ball,3,45.4,Worcestershire,EA Brookes,MJ Waite,S Snater,2,0,,,,,,"",""
ball,3,45.5,Worcestershire,EA Brookes,MJ Waite,S Snater,0,2,,,,2,,"",""
ball,3,45.6,Worcestershire,EA Brookes,MJ Waite,S Snater,0,0,,,,,,"",""
ball,3,46.1,Worcestershire,MJ Waite,EA Brookes,SR Harmer,0,0,,,,,,"",""
ball,3,46.2,Worcestershire,MJ Waite,EA Brookes,SR Harmer,0,0,,,,,,"",""
ball,3,46.3,Worcestershire,MJ Waite,EA Brookes,SR Harmer,0,0,,,,,,"",""
ball,3,46.4,Worcestershire,MJ Waite,EA Brookes,SR Harmer,0,0,,,,,,"",""
ball,3,46.5,Worcestershire,MJ Waite,EA Brookes,SR Harmer,0,0,,,,,,"",""
ball,3,46.6,Worcestershire,MJ Waite,EA Brookes,SR Harmer,1,0,,,,,,"",""
ball,3,47.1,Worcestershire,MJ Waite,EA Brookes,S Snater,0,0,,,,,,"",""
ball,3,47.2,Worcestershire,MJ Waite,EA Brookes,S Snater,0,0,,,,,,"",""
ball,3,47.3,Worcestershire,MJ Waite,EA Brookes,S Snater,0,0,,,,,,"",""
ball,3,47.4,Worcestershire,MJ Waite,EA Brookes,S Snater,0,1,,,,1,,"",""
ball,3,47.5,Worcestershire,EA Brookes,MJ Waite,S Snater,0,0,,,,,,"",""
ball,3,47.6,Worcestershire,EA Brookes,MJ Waite,S Snater,0,0,,,,,,"",""
ball,3,48.1,Worcestershire,MJ Waite,EA Brookes,SR Harmer,0,0,,,,,,"",""
ball,3,48.2,Worcestershire,MJ Waite,EA Brookes,SR Harmer,0,0,,,,,,"",""
ball,3,48.3,Worcestershire,MJ Waite,EA Brookes,SR Harmer,1,0,,,,,,"",""
ball,3,48.4,Worcestershire,EA Brookes,MJ Waite,SR Harmer,0,0,,,,,,"",""
ball,3,48.5,Worcestershire,EA Brookes,MJ Waite,SR Harmer,1,0,,,,,,"",""
ball,3,48.6,Worcestershire,MJ Waite,EA Brookes,SR Harmer,0,0,,,,,,"",""
ball,3,49.1,Worcestershire,EA Brookes,MJ Waite,S Snater,4,0,,,,,,"",""
ball,3,49.2,Worcestershire,EA Brookes,MJ Waite,S Snater,0,0,,,,,,"",""
ball,3,49.3,Worcestershire,EA Brookes,MJ Waite,S Snater,0,0,,,,,,"",""
ball,3,49.4,Worcestershire,EA Brookes,MJ Waite,S Snater,4,0,,,,,,"",""
ball,3,49.5,Worcestershire,EA Brookes,MJ Waite,S Snater,0,0,,,,,,"",""
ball,3,49.6,Worcestershire,EA Brookes,MJ Waite,S Snater,0,0,,,,,,"",""
ball,3,50.1,Worcestershire,MJ Waite,EA Brookes,SR Harmer,0,0,,,,,,"",""
ball,3,50.2,Worcestershire,MJ Waite,EA Brookes,SR Harmer,0,0,,,,,,"",""
ball,3,50.3,Worcestershire,MJ Waite,EA Brookes,SR Harmer,0,0,,,,,,"",""
ball,3,50.4,Worcestershire,MJ Waite,EA Brookes,SR Harmer,0,0,,,,,,"",""
ball,3,50.5,Worcestershire,MJ Waite,EA Brookes,SR Harmer,0,0,,,,,,"",""
ball,3,50.6,Worcestershire,MJ Waite,EA Brookes,SR Harmer,1,0,,,,,,"",""
ball,3,51.1,Worcestershire,MJ Waite,EA Brookes,S Snater,0,0,,,,,,"",""
ball,3,51.2,Worcestershire,MJ Waite,EA Brookes,S Snater,0,0,,,,,,"",""
ball,3,51.3,Worcestershire,MJ Waite,EA Brookes,S Snater,0,0,,,,,,"",""
ball,3,51.4,Worcestershire,MJ Waite,EA Brookes,S Snater,0,0,,,,,,"",""
ball,3,51.5,Worcestershire,MJ Waite,EA Brookes,S Snater,0,0,,,,,,"",""
ball,3,51.6,Worcestershire,MJ Waite,EA Brookes,S Snater,0,0,,,,,,"",""
ball,3,52.1,Worcestershire,EA Brookes,MJ Waite,SR Harmer,4,0,,,,,,"",""
ball,3,52.2,Worcestershire,EA Brookes,MJ Waite,SR Harmer,1,0,,,,,,"",""
ball,3,52.3,Worcestershire,MJ Waite,EA Brookes,SR Harmer,0,0,,,,,,"",""
ball,3,52.4,Worcestershire,MJ Waite,EA Brookes,SR Harmer,0,0,,,,,,"",""
ball,3,52.5,Worcestershire,MJ Waite,EA Brookes,SR Harmer,1,0,,,,,,"",""
ball,3,52.6,Worcestershire,EA Brookes,MJ Waite,SR Harmer,0,0,,,,,,"",""
ball,3,53.1,Worcestershire,MJ Waite,EA Brookes,JA Porter,1,0,,,,,,"",""
ball,3,53.2,Worcestershire,EA Brookes,MJ Waite,JA Porter,0,0,,,,,,"",""
ball,3,53.3,Worcestershire,EA Brookes,MJ Waite,JA Porter,0,0,,,,,,"",""
ball,3,53.4,Worcestershire,EA Brookes,MJ Waite,JA Porter,0,0,,,,,,"",""
ball,3,53.5,Worcestershire,EA Brookes,MJ Waite,JA Porter,0,0,,,,,,"",""
ball,3,53.6,Worcestershire,EA Brookes,MJ Waite,JA Porter,0,0,,,,,,"",""
ball,3,54.1,Worcestershire,MJ Waite,EA Brookes,SR Harmer,1,0,,,,,,"",""
ball,3,54.2,Worcestershire,EA Brookes,MJ Waite,SR Harmer,0,0,,,,,,"",""
ball,3,54.3,Worcestershire,EA Brookes,MJ Waite,SR Harmer,4,0,,,,,,"",""
ball,3,54.4,Worcestershire,EA Brookes,MJ Waite,SR Harmer,0,0,,,,,,"",""
ball,3,54.5,Worcestershire,EA Brookes,MJ Waite,SR Harmer,0,0,,,,,,"",""
ball,3,54.6,Worcestershire,EA Brookes,MJ Waite,SR Harmer,1,0,,,,,,"",""
ball,3,55.1,Worcestershire,EA Brookes,MJ Waite,JA Porter,0,0,,,,,,"",""
ball,3,55.2,Worcestershire,EA Brookes,MJ Waite,JA Porter,1,0,,,,,,"",""
ball,3,55.3,Worcestershire,MJ Waite,EA Brookes,JA Porter,0,0,,,,,,caught,MJ Waite
ball,3,55.4,Worcestershire,TAI Taylor,EA Brookes,JA Porter,0,0,,,,,,"",""
ball,3,55.5,Worcestershire,TAI Taylor,EA Brookes,JA Porter,4,0,,,,,,"",""
ball,3,55.6,Worcestershire,TAI Taylor,EA Brookes,JA Porter,0,0,,,,,,"",""
ball,3,56.1,Worcestershire,EA Brookes,TAI Taylor,SR Harmer,0,0,,,,,,"",""
ball,3,56.2,Worcestershire,EA Brookes,TAI Taylor,SR Harmer,4,0,,,,,,"",""
ball,3,56.3,Worcestershire,EA Brookes,TAI Taylor,SR Harmer,0,0,,,,,,"",""
ball,3,56.4,Worcestershire,EA Brookes,TAI Taylor,SR Harmer,0,0,,,,,,"",""
ball,3,56.5,Worcestershire,EA Brookes,TAI Taylor,SR Harmer,0,0,,,,,,"",""
ball,3,56.6,Worcestershire,EA Brookes,TAI Taylor,SR Harmer,0,0,,,,,,"",""
ball,3,57.1,Worcestershire,TAI Taylor,EA Brookes,JA Porter,0,0,,,,,,"",""
ball,3,57.2,Worcestershire,TAI Taylor,EA Brookes,JA Porter,1,0,,,,,,"",""
ball,3,57.3,Worcestershire,EA Brookes,TAI Taylor,JA Porter,0,0,,,,,,lbw,EA Brookes
ball,4,0.1,Essex,CWJ Allison,D Elgar,TAI Taylor,0,0,,,,,,"",""
ball,4,0.2,Essex,CWJ Allison,D Elgar,TAI Taylor,0,0,,,,,,"",""
ball,4,0.3,Essex,CWJ Allison,D Elgar,TAI Taylor,0,0,,,,,,"",""
ball,4,0.4,Essex,CWJ Allison,D Elgar,TAI Taylor,0,0,,,,,,"",""
ball,4,0.5,Essex,CWJ Allison,D Elgar,TAI Taylor,0,0,,,,,,"",""
ball,4,0.6,Essex,CWJ Allison,D Elgar,TAI Taylor,4,0,,,,,,"",""
ball,4,1.1,Essex,D Elgar,CWJ Allison,BMJ Allison,0,0,,,,,,"",""
ball,4,1.2,Essex,D Elgar,CWJ Allison,BMJ Allison,1,0,,,,,,"",""
ball,4,1.3,Essex,CWJ Allison,D Elgar,BMJ Allison,0,0,,,,,,"",""
ball,4,1.4,Essex,CWJ Allison,D Elgar,BMJ Allison,4,0,,,,,,"",""
ball,4,1.5,Essex,CWJ Allison,D Elgar,BMJ Allison,0,0,,,,,,"",""
ball,4,1.6,Essex,CWJ Allison,D Elgar,BMJ Allison,1,0,,,,,,"",""
ball,4,2.1,Essex,CWJ Allison,D Elgar,TAI Taylor,0,0,,,,,,"",""
ball,4,2.2,Essex,CWJ Allison,D Elgar,TAI Taylor,0,0,,,,,,"",""
ball,4,2.3,Essex,CWJ Allison,D Elgar,TAI Taylor,2,0,,,,,,"",""
ball,4,2.4,Essex,CWJ Allison,D Elgar,TAI Taylor,0,0,,,,,,"",""
ball,4,2.5,Essex,CWJ Allison,D Elgar,TAI Taylor,0,0,,,,,,"",""
ball,4,2.6,Essex,CWJ Allison,D Elgar,TAI Taylor,0,0,,,,,,"",""
ball,4,3.1,Essex,D Elgar,CWJ Allison,BMJ Allison,0,0,,,,,,"",""
ball,4,3.2,Essex,D Elgar,CWJ Allison,BMJ Allison,0,0,,,,,,"",""
ball,4,3.3,Essex,D Elgar,CWJ Allison,BMJ Allison,0,0,,,,,,"",""
ball,4,3.4,Essex,D Elgar,CWJ Allison,BMJ Allison,0,0,,,,,,"",""
ball,4,3.5,Essex,D Elgar,CWJ Allison,BMJ Allison,0,0,,,,,,"",""
ball,4,3.6,Essex,D Elgar,CWJ Allison,BMJ Allison,0,0,,,,,,"",""
ball,4,4.1,Essex,CWJ Allison,D Elgar,TAI Taylor,0,0,,,,,,"",""
ball,4,4.2,Essex,CWJ Allison,D Elgar,TAI Taylor,0,0,,,,,,"",""
ball,4,4.3,Essex,CWJ Allison,D Elgar,TAI Taylor,0,0,,,,,,"",""
ball,4,4.4,Essex,CWJ Allison,D Elgar,TAI Taylor,4,0,,,,,,"",""
ball,4,4.5,Essex,CWJ Allison,D Elgar,TAI Taylor,0,0,,,,,,"",""
ball,4,4.6,Essex,CWJ Allison,D Elgar,TAI Taylor,0,0,,,,,,"",""
ball,4,5.1,Essex,D Elgar,CWJ Allison,BMJ Allison,0,0,,,,,,"",""
ball,4,5.2,Essex,D Elgar,CWJ Allison,BMJ Allison,0,0,,,,,,"",""
ball,4,5.3,Essex,D Elgar,CWJ Allison,BMJ Allison,0,0,,,,,,"",""
ball,4,5.4,Essex,D Elgar,CWJ Allison,BMJ Allison,0,0,,,,,,"",""
ball,4,5.5,Essex,D Elgar,CWJ Allison,BMJ Allison,0,0,,,,,,"",""
ball,4,5.6,Essex,D Elgar,CWJ Allison,BMJ Allison,0,2,,,,2,,"",""
ball,4,6.1,Essex,CWJ Allison,D Elgar,TAI Taylor,0,0,,,,,,"",""
ball,4,6.2,Essex,CWJ Allison,D Elgar,TAI Taylor,0,0,,,,,,"",""
ball,4,6.3,Essex,CWJ Allison,D Elgar,TAI Taylor,0,0,,,,,,"",""
ball,4,6.4,Essex,CWJ Allison,D Elgar,TAI Taylor,0,0,,,,,,"",""
ball,4,6.5,Essex,CWJ Allison,D Elgar,TAI Taylor,0,0,,,,,,"",""
ball,4,6.6,Essex,CWJ Allison,D Elgar,TAI Taylor,0,0,,,,,,"",""
ball,4,7.1,Essex,D Elgar,CWJ Allison,BMJ Allison,4,0,,,,,,"",""
ball,4,7.2,Essex,D Elgar,CWJ Allison,BMJ Allison,0,0,,,,,,"",""
ball,4,7.3,Essex,D Elgar,CWJ Allison,BMJ Allison,0,0,,,,,,"",""
ball,4,7.4,Essex,D Elgar,CWJ Allison,BMJ Allison,0,0,,,,,,"",""
ball,4,7.5,Essex,D Elgar,CWJ Allison,BMJ Allison,0,0,,,,,,"",""
ball,4,7.6,Essex,D Elgar,CWJ Allison,BMJ Allison,0,0,,,,,,"",""
ball,4,8.1,Essex,CWJ Allison,D Elgar,Y Singh,2,0,,,,,,"",""
ball,4,8.2,Essex,CWJ Allison,D Elgar,Y Singh,4,0,,,,,,"",""
ball,4,8.3,Essex,CWJ Allison,D Elgar,Y Singh,0,0,,,,,,"",""
ball,4,8.4,Essex,CWJ Allison,D Elgar,Y Singh,0,0,,,,,,"",""
ball,4,8.5,Essex,CWJ Allison,D Elgar,Y Singh,0,0,,,,,,"",""
ball,4,8.6,Essex,CWJ Allison,D Elgar,Y Singh,0,0,,,,,,"",""
ball,4,9.1,Essex,D Elgar,CWJ Allison,BMJ Allison,0,0,,,,,,"",""
ball,4,9.2,Essex,D Elgar,CWJ Allison,BMJ Allison,0,0,,,,,,"",""
ball,4,9.3,Essex,D Elgar,CWJ Allison,BMJ Allison,0,0,,,,,,"",""
ball,4,9.4,Essex,D Elgar,CWJ Allison,BMJ Allison,0,0,,,,,,"",""
ball,4,9.5,Essex,D Elgar,CWJ Allison,BMJ Allison,0,0,,,,,,"",""
ball,4,9.6,Essex,D Elgar,CWJ Allison,BMJ Allison,0,1,,,,1,,"",""
ball,4,10.1,Essex,D Elgar,CWJ Allison,Y Singh,1,0,,,,,,"",""
ball,4,10.2,Essex,CWJ Allison,D Elgar,Y Singh,0,0,,,,,,"",""
ball,4,10.3,Essex,CWJ Allison,D Elgar,Y Singh,0,0,,,,,,"",""
ball,4,10.4,Essex,CWJ Allison,D Elgar,Y Singh,0,0,,,,,,"",""
ball,4,10.5,Essex,CWJ Allison,D Elgar,Y Singh,1,0,,,,,,"",""
ball,4,10.6,Essex,D Elgar,CWJ Allison,Y Singh,1,0,,,,,,"",""
ball,4,11.1,Essex,D Elgar,CWJ Allison,BMJ Allison,0,0,,,,,,"",""
ball,4,11.2,Essex,D Elgar,CWJ Allison,BMJ Allison,2,0,,,,,,"",""
ball,4,11.3,Essex,D Elgar,CWJ Allison,BMJ Allison,0,0,,,,,,caught,D Elgar
ball,4,11.4,Essex,T Westley,CWJ Allison,BMJ Allison,0,0,,,,,,"",""
ball,4,11.5,Essex,T Westley,CWJ Allison,BMJ Allison,0,0,,,,,,"",""
ball,4,11.6,Essex,T Westley,CWJ Allison,BMJ Allison,0,0,,,,,,"",""
ball,4,12.1,Essex,CWJ Allison,T Westley,Y Singh,0,0,,,,,,"",""
ball,4,12.2,Essex,CWJ Allison,T Westley,Y Singh,0,0,,,,,,"",""
ball,4,12.3,Essex,CWJ Allison,T Westley,Y Singh,1,0,,,,,,"",""
ball,4,12.4,Essex,T Westley,CWJ Allison,Y Singh,0,0,,,,,,"",""
ball,4,12.5,Essex,T Westley,CWJ Allison,Y Singh,0,0,,,,,,"",""
ball,4,12.6,Essex,T Westley,CWJ Allison,Y Singh,0,0,,,,,,"",""
ball,4,13.1,Essex,CWJ Allison,T Westley,MJ Waite,0,0,,,,,,"",""
ball,4,13.2,Essex,CWJ Allison,T Westley,MJ Waite,0,0,,,,,,"",""
ball,4,13.3,Essex,CWJ Allison,T Westley,MJ Waite,0,0,,,,,,caught,CWJ Allison
ball,4,13.4,Essex,RJ Das,T Westley,MJ Waite,0,2,,,,2,,"",""
ball,4,13.5,Essex,RJ Das,T Westley,MJ Waite,0,0,,,,,,"",""
ball,4,13.6,Essex,RJ Das,T Westley,MJ Waite,0,0,,,,,,"",""
ball,4,14.1,Essex,T Westley,RJ Das,Y Singh,0,0,,,,,,"",""
ball,4,14.2,Essex,T Westley,RJ Das,Y Singh,0,0,,,,,,"",""
ball,4,14.3,Essex,T Westley,RJ Das,Y Singh,4,0,,,,,,"",""
ball,4,14.4,Essex,T Westley,RJ Das,Y Singh,0,0,,,,,,"",""
ball,4,14.5,Essex,T Westley,RJ Das,Y Singh,0,0,,,,,,lbw,T Westley
ball,4,14.6,Essex,MJJ Critchley,RJ Das,Y Singh,0,0,,,,,,"",""
ball,4,15.1,Essex,RJ Das,MJJ Critchley,MJ Waite,0,0,,,,,,"",""
ball,4,15.2,Essex,RJ Das,MJJ Critchley,MJ Waite,0,0,,,,,,"",""
ball,4,15.3,Essex,RJ Das,MJJ Critchley,MJ Waite,0,0,,,,,,"",""
ball,4,15.4,Essex,RJ Das,MJJ Critchley,MJ Waite,0,0,,,,,,"",""
ball,4,15.5,Essex,RJ Das,MJJ Critchley,MJ Waite,0,0,,,,,,"",""
ball,4,15.6,Essex,RJ Das,MJJ Critchley,MJ Waite,0,0,,,,,,"",""
ball,4,16.1,Essex,MJJ Critchley,RJ Das,Y Singh,0,0,,,,,,"",""
ball,4,16.2,Essex,MJJ Critchley,RJ Das,Y Singh,0,0,,,,,,"",""
ball,4,16.3,Essex,MJJ Critchley,RJ Das,Y Singh,0,0,,,,,,"",""
ball,4,16.4,Essex,MJJ Critchley,RJ Das,Y Singh,4,0,,,,,,"",""
ball,4,16.5,Essex,MJJ Critchley,RJ Das,Y Singh,0,0,,,,,,"",""
ball,4,16.6,Essex,MJJ Critchley,RJ Das,Y Singh,0,0,,,,,,"",""
ball,4,17.1,Essex,RJ Das,MJJ Critchley,MJ Waite,0,0,,,,,,lbw,RJ Das
ball,4,17.2,Essex,MS Pepper,MJJ Critchley,MJ Waite,0,0,,,,,,"",""
ball,4,17.3,Essex,MS Pepper,MJJ Critchley,MJ Waite,0,0,,,,,,"",""
ball,4,17.4,Essex,MS Pepper,MJJ Critchley,MJ Waite,0,0,,,,,,"",""
ball,4,17.5,Essex,MS Pepper,MJJ Critchley,MJ Waite,2,0,,,,,,"",""
ball,4,17.6,Essex,MS Pepper,MJJ Critchley,MJ Waite,0,0,,,,,,"",""
ball,4,18.1,Essex,MJJ Critchley,MS Pepper,TAI Taylor,0,0,,,,,,"",""
ball,4,18.2,Essex,MJJ Critchley,MS Pepper,TAI Taylor,0,0,,,,,,"",""
ball,4,18.3,Essex,MJJ Critchley,MS Pepper,TAI Taylor,0,0,,,,,,"",""
ball,4,18.4,Essex,MJJ Critchley,MS Pepper,TAI Taylor,0,0,,,,,,"",""
ball,4,18.5,Essex,MJJ Critchley,MS Pepper,TAI Taylor,0,0,,,,,,"",""
ball,4,18.6,Essex,MJJ Critchley,MS Pepper,TAI Taylor,0,0,,,,,,"",""
ball,4,19.1,Essex,MS Pepper,MJJ Critchley,MJ Waite,0,0,,,,,,"",""
ball,4,19.2,Essex,MS Pepper,MJJ Critchley,MJ Waite,0,0,,,,,,"",""
ball,4,19.3,Essex,MS Pepper,MJJ Critchley,MJ Waite,0,0,,,,,,"",""
ball,4,19.4,Essex,MS Pepper,MJJ Critchley,MJ Waite,0,0,,,,,,"",""
ball,4,19.5,Essex,MS Pepper,MJJ Critchley,MJ Waite,0,0,,,,,,"",""
ball,4,19.6,Essex,MS Pepper,MJJ Critchley,MJ Waite,0,0,,,,,,"",""
ball,4,20.1,Essex,MJJ Critchley,MS Pepper,TAI Taylor,0,0,,,,,,"",""
ball,4,20.2,Essex,MJJ Critchley,MS Pepper,TAI Taylor,0,0,,,,,,"",""
ball,4,20.3,Essex,MJJ Critchley,MS Pepper,TAI Taylor,0,0,,,,,,"",""
ball,4,20.4,Essex,MJJ Critchley,MS Pepper,TAI Taylor,0,0,,,,,,"",""
ball,4,20.5,Essex,MJJ Critchley,MS Pepper,TAI Taylor,0,0,,,,,,"",""
ball,4,20.6,Essex,MJJ Critchley,MS Pepper,TAI Taylor,0,0,,,,,,"",""
ball,4,21.1,Essex,MS Pepper,MJJ Critchley,MJ Waite,0,0,,,,,,"",""
ball,4,21.2,Essex,MS Pepper,MJJ Critchley,MJ Waite,0,0,,,,,,caught,MS Pepper
ball,4,21.3,Essex,NRM Thain,MJJ Critchley,MJ Waite,0,0,,,,,,"",""
ball,4,21.4,Essex,NRM Thain,MJJ Critchley,MJ Waite,0,0,,,,,,"",""
ball,4,21.5,Essex,NRM Thain,MJJ Critchley,MJ Waite,0,0,,,,,,"",""
ball,4,21.6,Essex,NRM Thain,MJJ Critchley,MJ Waite,0,0,,,,,,"",""
ball,4,22.1,Essex,MJJ Critchley,NRM Thain,TAI Taylor,0,0,,,,,,"",""
ball,4,22.2,Essex,MJJ Critchley,NRM Thain,TAI Taylor,0,0,,,,,,"",""
ball,4,22.3,Essex,MJJ Critchley,NRM Thain,TAI Taylor,0,0,,,,,,"",""
ball,4,22.4,Essex,MJJ Critchley,NRM Thain,TAI Taylor,0,0,,,,,,"",""
ball,4,22.5,Essex,MJJ Critchley,NRM Thain,TAI Taylor,0,0,,,,,,"",""
ball,4,22.6,Essex,MJJ Critchley,NRM Thain,TAI Taylor,0,0,,,,,,"",""
ball,4,23.1,Essex,NRM Thain,MJJ Critchley,MJ Waite,4,0,,,,,,"",""
ball,4,23.2,Essex,NRM Thain,MJJ Critchley,MJ Waite,0,0,,,,,,"",""
ball,4,23.3,Essex,NRM Thain,MJJ Critchley,MJ Waite,0,0,,,,,,"",""
ball,4,23.4,Essex,NRM Thain,MJJ Critchley,MJ Waite,0,0,,,,,,"",""
ball,4,23.5,Essex,NRM Thain,MJJ Critchley,MJ Waite,4,0,,,,,,"",""
ball,4,23.6,Essex,NRM Thain,MJJ Critchley,MJ Waite,0,0,,,,,,"",""
ball,4,24.1,Essex,MJJ Critchley,NRM Thain,TAI Taylor,0,0,,,,,,"",""
ball,4,24.2,Essex,MJJ Critchley,NRM Thain,TAI Taylor,0,0,,,,,,"",""
ball,4,24.3,Essex,MJJ Critchley,NRM Thain,TAI Taylor,4,0,,,,,,"",""
ball,4,24.4,Essex,MJJ Critchley,NRM Thain,TAI Taylor,1,0,,,,,,"",""
ball,4,24.5,Essex,NRM Thain,MJJ Critchley,TAI Taylor,1,0,,,,,,"",""
ball,4,24.6,Essex,MJJ Critchley,NRM Thain,TAI Taylor,4,0,,,,,,"",""
ball,4,25.1,Essex,NRM Thain,MJJ Critchley,BMJ Allison,2,0,,,,,,"",""
ball,4,25.2,Essex,NRM Thain,MJJ Critchley,BMJ Allison,0,0,,,,,,"",""
ball,4,25.3,Essex,NRM Thain,MJJ Critchley,BMJ Allison,0,0,,,,,,"",""
ball,4,25.4,Essex,NRM Thain,MJJ Critchley,BMJ Allison,0,0,,,,,,"",""
ball,4,25.5,Essex,NRM Thain,MJJ Critchley,BMJ Allison,0,0,,,,,,"",""
ball,4,25.6,Essex,NRM Thain,MJJ Critchley,BMJ Allison,0,0,,,,,,"",""
ball,4,26.1,Essex,MJJ Critchley,NRM Thain,TAI Taylor,0,0,,,,,,"",""
ball,4,26.2,Essex,MJJ Critchley,NRM Thain,TAI Taylor,0,0,,,,,,"",""
ball,4,26.3,Essex,MJJ Critchley,NRM Thain,TAI Taylor,0,0,,,,,,"",""
ball,4,26.4,Essex,MJJ Critchley,NRM Thain,TAI Taylor,0,0,,,,,,"",""
ball,4,26.5,Essex,MJJ Critchley,NRM Thain,TAI Taylor,4,0,,,,,,"",""
ball,4,26.6,Essex,MJJ Critchley,NRM Thain,TAI Taylor,0,0,,,,,,"",""
ball,4,27.1,Essex,NRM Thain,MJJ Critchley,BMJ Allison,0,0,,,,,,"",""
ball,4,27.2,Essex,NRM Thain,MJJ Critchley,BMJ Allison,0,0,,,,,,"",""
ball,4,27.3,Essex,NRM Thain,MJJ Critchley,BMJ Allison,4,0,,,,,,"",""
ball,4,27.4,Essex,NRM Thain,MJJ Critchley,BMJ Allison,0,0,,,,,,"",""
ball,4,27.5,Essex,NRM Thain,MJJ Critchley,BMJ Allison,0,0,,,,,,"",""
ball,4,27.6,Essex,NRM Thain,MJJ Critchley,BMJ Allison,1,0,,,,,,"",""
ball,4,28.1,Essex,NRM Thain,MJJ Critchley,EA Brookes,0,0,,,,,,"",""
ball,4,28.2,Essex,NRM Thain,MJJ Critchley,EA Brookes,0,0,,,,,,"",""
ball,4,28.3,Essex,NRM Thain,MJJ Critchley,EA Brookes,0,0,,,,,,"",""
ball,4,28.4,Essex,NRM Thain,MJJ Critchley,EA Brookes,1,0,,,,,,"",""
ball,4,28.5,Essex,MJJ Critchley,NRM Thain,EA Brookes,0,0,,,,,,"",""
ball,4,28.6,Essex,MJJ Critchley,NRM Thain,EA Brookes,0,0,,,,,,"",""
ball,4,29.1,Essex,NRM Thain,MJJ Critchley,BMJ Allison,0,0,,,,,,"",""
ball,4,29.2,Essex,NRM Thain,MJJ Critchley,BMJ Allison,0,0,,,,,,"",""
ball,4,29.3,Essex,NRM Thain,MJJ Critchley,BMJ Allison,0,0,,,,,,"",""
ball,4,29.4,Essex,NRM Thain,MJJ Critchley,BMJ Allison,0,0,,,,,,"",""
ball,4,29.5,Essex,NRM Thain,MJJ Critchley,BMJ Allison,0,0,,,,,,"",""
ball,4,29.6,Essex,NRM Thain,MJJ Critchley,BMJ Allison,0,0,,,,,,"",""
ball,4,30.1,Essex,MJJ Critchley,NRM Thain,EA Brookes,0,0,,,,,,caught,MJJ Critchley
ball,4,30.2,Essex,SR Harmer,NRM Thain,EA Brookes,0,0,,,,,,"",""
ball,4,30.3,Essex,SR Harmer,NRM Thain,EA Brookes,0,0,,,,,,"",""
ball,4,30.4,Essex,SR Harmer,NRM Thain,EA Brookes,0,0,,,,,,"",""
ball,4,30.5,Essex,SR Harmer,NRM Thain,EA Brookes,0,0,,,,,,"",""
ball,4,30.6,Essex,SR Harmer,NRM Thain,EA Brookes,0,0,,,,,,"",""
ball,4,31.1,Essex,NRM Thain,SR Harmer,BMJ Allison,0,0,,,,,,"",""
ball,4,31.2,Essex,NRM Thain,SR Harmer,BMJ Allison,1,0,,,,,,"",""
ball,4,31.3,Essex,SR Harmer,NRM Thain,BMJ Allison,0,0,,,,,,"",""
ball,4,31.4,Essex,SR Harmer,NRM Thain,BMJ Allison,0,0,,,,,,"",""
ball,4,31.5,Essex,SR Harmer,NRM Thain,BMJ Allison,4,0,,,,,,"",""
ball,4,31.6,Essex,SR Harmer,NRM Thain,BMJ Allison,2,0,,,,,,"",""
ball,4,32.1,Essex,NRM Thain,SR Harmer,EA Brookes,4,0,,,,,,"",""
ball,4,32.2,Essex,NRM Thain,SR Harmer,EA Brookes,0,0,,,,,,"",""
ball,4,32.3,Essex,NRM Thain,SR Harmer,EA Brookes,1,0,,,,,,"",""
ball,4,32.4,Essex,SR Harmer,NRM Thain,EA Brookes,0,0,,,,,,"",""
ball,4,32.5,Essex,SR Harmer,NRM Thain,EA Brookes,0,0,,,,,,"",""
ball,4,32.6,Essex,SR Harmer,NRM Thain,EA Brookes,0,0,,,,,,"",""
ball,4,33.1,Essex,NRM Thain,SR Harmer,BMJ Allison,0,0,,,,,,"",""
ball,4,33.2,Essex,NRM Thain,SR Harmer,BMJ Allison,0,0,,,,,,"",""
ball,4,33.3,Essex,NRM Thain,SR Harmer,BMJ Allison,0,0,,,,,,"",""
ball,4,33.4,Essex,NRM Thain,SR Harmer,BMJ Allison,0,0,,,,,,"",""
ball,4,33.5,Essex,NRM Thain,SR Harmer,BMJ Allison,0,0,,,,,,"",""
ball,4,33.6,Essex,NRM Thain,SR Harmer,BMJ Allison,0,0,,,,,,"",""
ball,4,34.1,Essex,SR Harmer,NRM Thain,TAI Taylor,0,0,,,,,,"",""
ball,4,34.2,Essex,SR Harmer,NRM Thain,TAI Taylor,0,0,,,,,,"",""
ball,4,34.3,Essex,SR Harmer,NRM Thain,TAI Taylor,0,0,,,,,,"",""
ball,4,34.4,Essex,SR Harmer,NRM Thain,TAI Taylor,0,0,,,,,,"",""
ball,4,34.5,Essex,SR Harmer,NRM Thain,TAI Taylor,2,0,,,,,,"",""
ball,4,34.6,Essex,SR Harmer,NRM Thain,TAI Taylor,0,0,,,,,,"",""
ball,4,35.1,Essex,NRM Thain,SR Harmer,MJ Waite,0,0,,,,,,"",""
ball,4,35.2,Essex,NRM Thain,SR Harmer,MJ Waite,0,0,,,,,,"",""
ball,4,35.3,Essex,NRM Thain,SR Harmer,MJ Waite,0,0,,,,,,"",""
ball,4,35.4,Essex,NRM Thain,SR Harmer,MJ Waite,0,0,,,,,,"",""
ball,4,35.5,Essex,NRM Thain,SR Harmer,MJ Waite,0,0,,,,,,"",""
ball,4,35.6,Essex,NRM Thain,SR Harmer,MJ Waite,0,0,,,,,,"",""
ball,4,36.1,Essex,SR Harmer,NRM Thain,TAI Taylor,0,0,,,,,,"",""
ball,4,36.2,Essex,SR Harmer,NRM Thain,TAI Taylor,1,0,,,,,,"",""
ball,4,36.3,Essex,NRM Thain,SR Harmer,TAI Taylor,0,0,,,,,,"",""
ball,4,36.4,Essex,NRM Thain,SR Harmer,TAI Taylor,0,0,,,,,,"",""
ball,4,36.5,Essex,NRM Thain,SR Harmer,TAI Taylor,0,0,,,,,,"",""
ball,4,36.6,Essex,NRM Thain,SR Harmer,TAI Taylor,0,0,,,,,,"",""
ball,4,37.1,Essex,SR Harmer,NRM Thain,MJ Waite,0,0,,,,,,"",""
ball,4,37.2,Essex,SR Harmer,NRM Thain,MJ Waite,0,0,,,,,,"",""
ball,4,37.3,Essex,SR Harmer,NRM Thain,MJ Waite,0,0,,,,,,"",""
ball,4,37.4,Essex,SR Harmer,NRM Thain,MJ Waite,0,0,,,,,,"",""
ball,4,37.5,Essex,SR Harmer,NRM Thain,MJ Waite,0,0,,,,,,"",""
ball,4,37.6,Essex,SR Harmer,NRM Thain,MJ Waite,0,0,,,,,,"",""
ball,4,38.1,Essex,NRM Thain,SR Harmer,TAI Taylor,0,0,,,,,,"",""
ball,4,38.2,Essex,NRM Thain,SR Harmer,TAI Taylor,0,0,,,,,,"",""
ball,4,38.3,Essex,NRM Thain,SR Harmer,TAI Taylor,0,0,,,,,,caught,NRM Thain
ball,4,38.4,Essex,S Snater,SR Harmer,TAI Taylor,0,0,,,,,,"",""
ball,4,38.5,Essex,S Snater,SR Harmer,TAI Taylor,0,0,,,,,,"",""
ball,4,38.6,Essex,S Snater,SR Harmer,TAI Taylor,1,0,,,,,,"",""
ball,4,39.1,Essex,S Snater,SR Harmer,MJ Waite,0,0,,,,,,caught,S Snater
ball,4,39.2,Essex,CAK Rajitha,SR Harmer,MJ Waite,0,0,,,,,,"",""
ball,4,39.3,Essex,CAK Rajitha,SR Harmer,MJ Waite,0,0,,,,,,"",""
ball,4,39.4,Essex,CAK Rajitha,SR Harmer,MJ Waite,4,0,,,,,,"",""
ball,4,39.5,Essex,CAK Rajitha,SR Harmer,MJ Waite,0,0,,,,,,"",""
ball,4,39.6,Essex,CAK Rajitha,SR Harmer,MJ Waite,1,0,,,,,,"",""
ball,4,40.1,Essex,CAK Rajitha,SR Harmer,TAI Taylor,0,0,,,,,,"",""
ball,4,40.2,Essex,CAK Rajitha,SR Harmer,TAI Taylor,0,0,,,,,,"",""
ball,4,40.3,Essex,CAK Rajitha,SR Harmer,TAI Taylor,0,0,,,,,,"",""
ball,4,40.4,Essex,CAK Rajitha,SR Harmer,TAI Taylor,0,0,,,,,,"",""
ball,4,40.5,Essex,CAK Rajitha,SR Harmer,TAI Taylor,0,0,,,,,,"",""
ball,4,40.6,Essex,CAK Rajitha,SR Harmer,TAI Taylor,0,0,,,,,,"",""
ball,4,41.1,Essex,SR Harmer,CAK Rajitha,MJ Waite,0,0,,,,,,"",""
ball,4,41.2,Essex,SR Harmer,CAK Rajitha,MJ Waite,0,0,,,,,,"",""
ball,4,41.3,Essex,SR Harmer,CAK Rajitha,MJ Waite,0,0,,,,,,"",""
ball,4,41.4,Essex,SR Harmer,CAK Rajitha,MJ Waite,0,0,,,,,,"",""
ball,4,41.5,Essex,SR Harmer,CAK Rajitha,MJ Waite,0,0,,,,,,"",""
ball,4,41.6,Essex,SR Harmer,CAK Rajitha,MJ Waite,0,0,,,,,,"",""
ball,4,42.1,Essex,CAK Rajitha,SR Harmer,TAI Taylor,0,0,,,,,,"",""
ball,4,42.2,Essex,CAK Rajitha,SR Harmer,TAI Taylor,0,0,,,,,,"",""
ball,4,42.3,Essex,CAK Rajitha,SR Harmer,TAI Taylor,0,0,,,,,,"",""
ball,4,42.4,Essex,CAK Rajitha,SR Harmer,TAI Taylor,4,0,,,,,,"",""
ball,4,42.5,Essex,CAK Rajitha,SR Harmer,TAI Taylor,4,0,,,,,,"",""
ball,4,42.6,Essex,CAK Rajitha,SR Harmer,TAI Taylor,0,0,,,,,,"",""
ball,4,43.1,Essex,SR Harmer,CAK Rajitha,MJ Waite,0,0,,,,,,"",""
ball,4,43.2,Essex,SR Harmer,CAK Rajitha,MJ Waite,0,0,,,,,,lbw,SR Harmer
ball,4,43.3,Essex,JA Porter,CAK Rajitha,MJ Waite,0,0,,,,,,"",""
ball,4,43.4,Essex,JA Porter,CAK Rajitha,MJ Waite,4,0,,,,,,"",""
ball,4,43.5,Essex,JA Porter,CAK Rajitha,MJ Waite,0,0,,,,,,bowled,JA Porter
