version,1.7.0
info,balls_per_over,6
info,team,Nottinghamshire
info,team,Hampshire
info,gender,male
info,season,2025
info,date,2025/05/09
info,date,2025/05/10
info,date,2025/05/11
info,event,County Championship
info,match_number,24
info,venue,"Trent Bridge, Nottingham"
info,city,Nottingham
info,toss_winner,Hampshire
info,toss_decision,field
info,umpire,RA Kettleborough
info,umpire,Rob White
info,match_referee,SJ Davis
info,winner,Nottinghamshire
info,winner_runs,366
info,player,Nottinghamshire,H Hameed
info,player,Nottinghamshire,BT Slater
info,player,Nottinghamshire,FW McCann
info,player,Nottinghamshire,JM Clarke
info,player,Nottinghamshire,JA Haynes
info,player,Nottinghamshire,K Verreynne
info,player,Nottinghamshire,LW James
info,player,Nottinghamshire,LA Patterson-White
info,player,Nottinghamshire,BA Hutton
info,player,Nottinghamshire,Farhan Ahmed
info,player,Nottinghamshire,Mohammad Abbas
info,player,Hampshire,MD Stoneman
info,player,Hampshire,FS Middleton
info,player,Hampshire,NRT Gubbins
info,player,Hampshire,TJ Prest
info,player,Hampshire,BC Brown
info,player,Hampshire,LA Dawson
info,player,Hampshire,TE Albert
info,player,Hampshire,JK Fuller
info,player,Hampshire,KJ Abbott
info,player,Hampshire,BTJ Wheal
info,player,Hampshire,S Baker
info,registry,people,BA Hutton,b3544c5d
info,registry,people,BC Brown,8af86756
info,registry,people,BT Slater,c5f1d2a1
info,registry,people,BTJ Wheal,3f61a062
info,registry,people,FS Middleton,8492a4de
info,registry,people,FW McCann,353de846
info,registry,people,Farhan Ahmed,26f1d66c
info,registry,people,H Hameed,fe0c5457
info,registry,people,JA Haynes,fe4ebca0
info,registry,people,JK Fuller,dda5aae5
info,registry,people,JM Clarke,2eca67f5
info,registry,people,K Verreynne,bf814547
info,registry,people,KJ Abbott,a9da7784
info,registry,people,LA Dawson,4a461c24
info,registry,people,LA Patterson-White,d48c0f40
info,registry,people,LW James,2baad3bd
info,registry,people,MD Stoneman,1b77f62b
info,registry,people,Mohammad Abbas,a089f93f
info,registry,people,NRT Gubbins,c1a89821
info,registry,people,RA Kettleborough,4017868f
info,registry,people,Rob White,59b91222
info,registry,people,S Baker,78c12883
info,registry,people,SJ Davis,bc71b0b2
info,registry,people,TE Albert,a6c17509
info,registry,people,TJ Prest,0207ff32
ball,1,0.1,Nottinghamshire,H Hameed,BT Slater,KJ Abbott,4,0,,,,,,"",""
ball,1,0.2,Nottinghamshire,H Hameed,BT Slater,KJ Abbott,0,0,,,,,,"",""
ball,1,0.3,Nottinghamshire,H Hameed,BT Slater,KJ Abbott,0,0,,,,,,"",""
ball,1,0.4,Nottinghamshire,H Hameed,BT Slater,KJ Abbott,0,0,,,,,,"",""
ball,1,0.5,Nottinghamshire,H Hameed,BT Slater,KJ Abbott,0,0,,,,,,"",""
ball,1,0.6,Nottinghamshire,H Hameed,BT Slater,KJ Abbott,0,0,,,,,,"",""
ball,1,1.1,Nottinghamshire,BT Slater,H Hameed,BTJ Wheal,0,0,,,,,,"",""
ball,1,1.2,Nottinghamshire,BT Slater,H Hameed,BTJ Wheal,0,0,,,,,,"",""
ball,1,1.3,Nottinghamshire,BT Slater,H Hameed,BTJ Wheal,0,0,,,,,,"",""
ball,1,1.4,Nottinghamshire,BT Slater,H Hameed,BTJ Wheal,1,0,,,,,,"",""
ball,1,1.5,Nottinghamshire,H Hameed,BT Slater,BTJ Wheal,0,0,,,,,,"",""
ball,1,1.6,Nottinghamshire,H Hameed,BT Slater,BTJ Wheal,4,0,,,,,,"",""
ball,1,2.1,Nottinghamshire,BT Slater,H Hameed,KJ Abbott,0,0,,,,,,"",""
ball,1,2.2,Nottinghamshire,BT Slater,H Hameed,KJ Abbott,0,0,,,,,,"",""
ball,1,2.3,Nottinghamshire,BT Slater,H Hameed,KJ Abbott,0,0,,,,,,"",""
ball,1,2.4,Nottinghamshire,BT Slater,H Hameed,KJ Abbott,0,0,,,,,,"",""
ball,1,2.5,Nottinghamshire,BT Slater,H Hameed,KJ Abbott,0,0,,,,,,"",""
ball,1,2.6,Nottinghamshire,BT Slater,H Hameed,KJ Abbott,0,0,,,,,,"",""
ball,1,3.1,Nottinghamshire,H Hameed,BT Slater,BTJ Wheal,0,0,,,,,,"",""
ball,1,3.2,Nottinghamshire,H Hameed,BT Slater,BTJ Wheal,0,0,,,,,,"",""
ball,1,3.3,Nottinghamshire,H Hameed,BT Slater,BTJ Wheal,0,0,,,,,,"",""
ball,1,3.4,Nottinghamshire,H Hameed,BT Slater,BTJ Wheal,1,0,,,,,,"",""
ball,1,3.5,Nottinghamshire,BT Slater,H Hameed,BTJ Wheal,1,0,,,,,,"",""
ball,1,3.6,Nottinghamshire,H Hameed,BT Slater,BTJ Wheal,0,0,,,,,,"",""
ball,1,4.1,Nottinghamshire,BT Slater,H Hameed,KJ Abbott,0,0,,,,,,"",""
ball,1,4.2,Nottinghamshire,BT Slater,H Hameed,KJ Abbott,4,0,,,,,,"",""
ball,1,4.3,Nottinghamshire,BT Slater,H Hameed,KJ Abbott,0,0,,,,,,"",""
ball,1,4.4,Nottinghamshire,BT Slater,H Hameed,KJ Abbott,0,0,,,,,,"",""
ball,1,4.5,Nottinghamshire,BT Slater,H Hameed,KJ Abbott,0,0,,,,,,"",""
ball,1,4.6,Nottinghamshire,BT Slater,H Hameed,KJ Abbott,0,0,,,,,,"",""
ball,1,5.1,Nottinghamshire,H Hameed,BT Slater,BTJ Wheal,0,0,,,,,,"",""
ball,1,5.2,Nottinghamshire,H Hameed,BT Slater,BTJ Wheal,0,0,,,,,,"",""
ball,1,5.3,Nottinghamshire,H Hameed,BT Slater,BTJ Wheal,1,0,,,,,,"",""
ball,1,5.4,Nottinghamshire,BT Slater,H Hameed,BTJ Wheal,1,0,,,,,,"",""
ball,1,5.5,Nottinghamshire,H Hameed,BT Slater,BTJ Wheal,1,0,,,,,,"",""
ball,1,5.6,Nottinghamshire,BT Slater,H Hameed,BTJ Wheal,0,0,,,,,,"",""
ball,1,6.1,Nottinghamshire,H Hameed,BT Slater,KJ Abbott,0,0,,,,,,"",""
ball,1,6.2,Nottinghamshire,H Hameed,BT Slater,KJ Abbott,0,0,,,,,,"",""
ball,1,6.3,Nottinghamshire,H Hameed,BT Slater,KJ Abbott,0,0,,,,,,"",""
ball,1,6.4,Nottinghamshire,H Hameed,BT Slater,KJ Abbott,0,0,,,,,,"",""
ball,1,6.5,Nottinghamshire,H Hameed,BT Slater,KJ Abbott,0,0,,,,,,"",""
ball,1,6.6,Nottinghamshire,H Hameed,BT Slater,KJ Abbott,0,0,,,,,,"",""
ball,1,7.1,Nottinghamshire,BT Slater,H Hameed,BTJ Wheal,0,0,,,,,,"",""
ball,1,7.2,Nottinghamshire,BT Slater,H Hameed,BTJ Wheal,0,0,,,,,,"",""
ball,1,7.3,Nottinghamshire,BT Slater,H Hameed,BTJ Wheal,0,0,,,,,,"",""
ball,1,7.4,Nottinghamshire,BT Slater,H Hameed,BTJ Wheal,0,0,,,,,,"",""
ball,1,7.5,Nottinghamshire,BT Slater,H Hameed,BTJ Wheal,0,0,,,,,,"",""
ball,1,7.6,Nottinghamshire,BT Slater,H Hameed,BTJ Wheal,0,0,,,,,,"",""
ball,1,8.1,Nottinghamshire,H Hameed,BT Slater,KJ Abbott,0,0,,,,,,"",""
ball,1,8.2,Nottinghamshire,H Hameed,BT Slater,KJ Abbott,0,0,,,,,,"",""
ball,1,8.3,Nottinghamshire,H Hameed,BT Slater,KJ Abbott,1,0,,,,,,"",""
ball,1,8.4,Nottinghamshire,BT Slater,H Hameed,KJ Abbott,0,0,,,,,,"",""
ball,1,8.5,Nottinghamshire,BT Slater,H Hameed,KJ Abbott,0,0,,,,,,"",""
ball,1,8.6,Nottinghamshire,BT Slater,H Hameed,KJ Abbott,1,0,,,,,,"",""
ball,1,9.1,Nottinghamshire,BT Slater,H Hameed,JK Fuller,1,0,,,,,,"",""
ball,1,9.2,Nottinghamshire,H Hameed,BT Slater,JK Fuller,0,0,,,,,,"",""
ball,1,9.3,Nottinghamshire,H Hameed,BT Slater,JK Fuller,0,0,,,,,,"",""
ball,1,9.4,Nottinghamshire,H Hameed,BT Slater,JK Fuller,1,0,,,,,,"",""
ball,1,9.5,Nottinghamshire,BT Slater,H Hameed,JK Fuller,0,0,,,,,,"",""
ball,1,9.6,Nottinghamshire,BT Slater,H Hameed,JK Fuller,0,1,,,,1,,"",""
ball,1,10.1,Nottinghamshire,BT Slater,H Hameed,KJ Abbott,0,0,,,,,,"",""
ball,1,10.2,Nottinghamshire,BT Slater,H Hameed,KJ Abbott,0,0,,,,,,"",""
ball,1,10.3,Nottinghamshire,BT Slater,H Hameed,KJ Abbott,0,0,,,,,,"",""
ball,1,10.4,Nottinghamshire,BT Slater,H Hameed,KJ Abbott,0,0,,,,,,"",""
ball,1,10.5,Nottinghamshire,BT Slater,H Hameed,KJ Abbott,0,0,,,,,,"",""
ball,1,10.6,Nottinghamshire,BT Slater,H Hameed,KJ Abbott,0,0,,,,,,"",""
ball,1,11.1,Nottinghamshire,H Hameed,BT Slater,JK Fuller,0,1,,,,1,,"",""
ball,1,11.2,Nottinghamshire,BT Slater,H Hameed,JK Fuller,4,0,,,,,,"",""
ball,1,11.3,Nottinghamshire,BT Slater,H Hameed,JK Fuller,0,0,,,,,,"",""
ball,1,11.4,Nottinghamshire,BT Slater,H Hameed,JK Fuller,0,0,,,,,,"",""
ball,1,11.5,Nottinghamshire,BT Slater,H Hameed,JK Fuller,0,0,,,,,,"",""
ball,1,11.6,Nottinghamshire,BT Slater,H Hameed,JK Fuller,0,0,,,,,,"",""
ball,1,12.1,Nottinghamshire,H Hameed,BT Slater,KJ Abbott,0,0,,,,,,"",""
ball,1,12.2,Nottinghamshire,H Hameed,BT Slater,KJ Abbott,0,0,,,,,,"",""
ball,1,12.3,Nottinghamshire,H Hameed,BT Slater,KJ Abbott,0,0,,,,,,"",""
ball,1,12.4,Nottinghamshire,H Hameed,BT Slater,KJ Abbott,4,0,,,,,,"",""
ball,1,12.5,Nottinghamshire,H Hameed,BT Slater,KJ Abbott,0,0,,,,,,"",""
ball,1,12.6,Nottinghamshire,H Hameed,BT Slater,KJ Abbott,0,0,,,,,,"",""
ball,1,13.1,Nottinghamshire,BT Slater,H Hameed,JK Fuller,0,2,,,,2,,"",""
ball,1,13.2,Nottinghamshire,BT Slater,H Hameed,JK Fuller,1,0,,,,,,"",""
ball,1,13.3,Nottinghamshire,H Hameed,BT Slater,JK Fuller,0,0,,,,,,"",""
ball,1,13.4,Nottinghamshire,H Hameed,BT Slater,JK Fuller,0,0,,,,,,"",""
ball,1,13.5,Nottinghamshire,H Hameed,BT Slater,JK Fuller,0,0,,,,,,"",""
ball,1,13.6,Nottinghamshire,H Hameed,BT Slater,JK Fuller,1,0,,,,,,"",""
ball,1,14.1,Nottinghamshire,H Hameed,BT Slater,BTJ Wheal,0,0,,,,,,"",""
ball,1,14.2,Nottinghamshire,H Hameed,BT Slater,BTJ Wheal,0,0,,,,,,"",""
ball,1,14.3,Nottinghamshire,H Hameed,BT Slater,BTJ Wheal,1,0,,,,,,"",""
ball,1,14.4,Nottinghamshire,BT Slater,H Hameed,BTJ Wheal,0,0,,,,,,"",""
ball,1,14.5,Nottinghamshire,BT Slater,H Hameed,BTJ Wheal,0,0,,,,,,"",""
ball,1,14.6,Nottinghamshire,BT Slater,H Hameed,BTJ Wheal,4,0,,,,,,"",""
ball,1,15.1,Nottinghamshire,H Hameed,BT Slater,JK Fuller,0,0,,,,,,"",""
ball,1,15.2,Nottinghamshire,H Hameed,BT Slater,JK Fuller,0,0,,,,,,"",""
ball,1,15.3,Nottinghamshire,H Hameed,BT Slater,JK Fuller,1,0,,,,,,"",""
ball,1,15.4,Nottinghamshire,BT Slater,H Hameed,JK Fuller,0,0,,,,,,"",""
ball,1,15.5,Nottinghamshire,BT Slater,H Hameed,JK Fuller,1,0,,,,,,"",""
ball,1,15.6,Nottinghamshire,H Hameed,BT Slater,JK Fuller,0,0,,,,,,"",""
ball,1,16.1,Nottinghamshire,BT Slater,H Hameed,BTJ Wheal,4,0,,,,,,"",""
ball,1,16.2,Nottinghamshire,BT Slater,H Hameed,BTJ Wheal,0,0,,,,,,"",""
ball,1,16.3,Nottinghamshire,BT Slater,H Hameed,BTJ Wheal,4,0,,,,,,"",""
ball,1,16.4,Nottinghamshire,BT Slater,H Hameed,BTJ Wheal,0,0,,,,,,"",""
ball,1,16.5,Nottinghamshire,BT Slater,H Hameed,BTJ Wheal,0,0,,,,,,"",""
ball,1,16.6,Nottinghamshire,BT Slater,H Hameed,BTJ Wheal,1,2,,2,,,,"",""
ball,1,16.7,Nottinghamshire,H Hameed,BT Slater,BTJ Wheal,0,0,,,,,,"",""
ball,1,17.1,Nottinghamshire,BT Slater,H Hameed,JK Fuller,1,0,,,,,,"",""
ball,1,17.2,Nottinghamshire,H Hameed,BT Slater,JK Fuller,4,0,,,,,,"",""
ball,1,17.3,Nottinghamshire,H Hameed,BT Slater,JK Fuller,0,0,,,,,,"",""
ball,1,17.4,Nottinghamshire,H Hameed,BT Slater,JK Fuller,0,0,,,,,,"",""
ball,1,17.5,Nottinghamshire,H Hameed,BT Slater,JK Fuller,1,0,,,,,,"",""
ball,1,17.6,Nottinghamshire,BT Slater,H Hameed,JK Fuller,1,0,,,,,,"",""
ball,1,18.1,Nottinghamshire,BT Slater,H Hameed,BTJ Wheal,0,0,,,,,,"",""
ball,1,18.2,Nottinghamshire,BT Slater,H Hameed,BTJ Wheal,0,0,,,,,,"",""
ball,1,18.3,Nottinghamshire,BT Slater,H Hameed,BTJ Wheal,1,0,,,,,,"",""
ball,1,18.4,Nottinghamshire,H Hameed,BT Slater,BTJ Wheal,0,0,,,,,,"",""
ball,1,18.5,Nottinghamshire,H Hameed,BT Slater,BTJ Wheal,0,0,,,,,,"",""
ball,1,18.6,Nottinghamshire,H Hameed,BT Slater,BTJ Wheal,0,0,,,,,,"",""
ball,1,19.1,Nottinghamshire,BT Slater,H Hameed,JK Fuller,0,0,,,,,,caught,BT Slater
ball,1,19.2,Nottinghamshire,FW McCann,H Hameed,JK Fuller,0,0,,,,,,"",""
ball,1,19.3,Nottinghamshire,FW McCann,H Hameed,JK Fuller,0,1,,,,1,,"",""
ball,1,19.4,Nottinghamshire,H Hameed,FW McCann,JK Fuller,0,0,,,,,,"",""
ball,1,19.5,Nottinghamshire,H Hameed,FW McCann,JK Fuller,0,0,,,,,,caught,H Hameed
ball,1,19.6,Nottinghamshire,JM Clarke,FW McCann,JK Fuller,0,0,,,,,,"",""
ball,1,20.1,Nottinghamshire,FW McCann,JM Clarke,BTJ Wheal,0,0,,,,,,"",""
ball,1,20.2,Nottinghamshire,FW McCann,JM Clarke,BTJ Wheal,3,0,,,,,,"",""
ball,1,20.3,Nottinghamshire,JM Clarke,FW McCann,BTJ Wheal,1,0,,,,,,"",""
ball,1,20.4,Nottinghamshire,FW McCann,JM Clarke,BTJ Wheal,0,0,,,,,,"",""
ball,1,20.5,Nottinghamshire,FW McCann,JM Clarke,BTJ Wheal,0,0,,,,,,"",""
ball,1,20.6,Nottinghamshire,FW McCann,JM Clarke,BTJ Wheal,0,0,,,,,,"",""
ball,1,21.1,Nottinghamshire,JM Clarke,FW McCann,JK Fuller,0,0,,,,,,"",""
ball,1,21.2,Nottinghamshire,JM Clarke,FW McCann,JK Fuller,0,0,,,,,,"",""
ball,1,21.3,Nottinghamshire,JM Clarke,FW McCann,JK Fuller,0,0,,,,,,"",""
ball,1,21.4,Nottinghamshire,JM Clarke,FW McCann,JK Fuller,2,0,,,,,,"",""
ball,1,21.5,Nottinghamshire,JM Clarke,FW McCann,JK Fuller,0,0,,,,,,"",""
ball,1,21.6,Nottinghamshire,JM Clarke,FW McCann,JK Fuller,2,0,,,,,,"",""
ball,1,22.1,Nottinghamshire,FW McCann,JM Clarke,KJ Abbott,0,0,,,,,,"",""
ball,1,22.2,Nottinghamshire,FW McCann,JM Clarke,KJ Abbott,0,0,,,,,,"",""
ball,1,22.3,Nottinghamshire,FW McCann,JM Clarke,KJ Abbott,0,0,,,,,,"",""
ball,1,22.4,Nottinghamshire,FW McCann,JM Clarke,KJ Abbott,0,0,,,,,,"",""
ball,1,22.5,Nottinghamshire,FW McCann,JM Clarke,KJ Abbott,0,0,,,,,,"",""
ball,1,22.6,Nottinghamshire,FW McCann,JM Clarke,KJ Abbott,0,0,,,,,,"",""
ball,1,23.1,Nottinghamshire,JM Clarke,FW McCann,S Baker,0,0,,,,,,"",""
ball,1,23.2,Nottinghamshire,JM Clarke,FW McCann,S Baker,1,0,,,,,,"",""
ball,1,23.3,Nottinghamshire,FW McCann,JM Clarke,S Baker,1,0,,,,,,"",""
ball,1,23.4,Nottinghamshire,JM Clarke,FW McCann,S Baker,0,0,,,,,,"",""
ball,1,23.5,Nottinghamshire,JM Clarke,FW McCann,S Baker,0,0,,,,,,"",""
ball,1,23.6,Nottinghamshire,JM Clarke,FW McCann,S Baker,0,0,,,,,,"",""
ball,1,24.1,Nottinghamshire,FW McCann,JM Clarke,KJ Abbott,1,0,,,,,,"",""
ball,1,24.2,Nottinghamshire,JM Clarke,FW McCann,KJ Abbott,0,0,,,,,,"",""
ball,1,24.3,Nottinghamshire,JM Clarke,FW McCann,KJ Abbott,0,0,,,,,,"",""
ball,1,24.4,Nottinghamshire,JM Clarke,FW McCann,KJ Abbott,0,0,,,,,,"",""
ball,1,24.5,Nottinghamshire,JM Clarke,FW McCann,KJ Abbott,0,0,,,,,,lbw,JM Clarke
ball,1,24.6,Nottinghamshire,JA Haynes,FW McCann,KJ Abbott,0,0,,,,,,"",""
ball,1,25.1,Nottinghamshire,FW McCann,JA Haynes,S Baker,0,0,,,,,,"",""
ball,1,25.2,Nottinghamshire,FW McCann,JA Haynes,S Baker,0,0,,,,,,"",""
ball,1,25.3,Nottinghamshire,FW McCann,JA Haynes,S Baker,4,0,,,,,,"",""
ball,1,25.4,Nottinghamshire,FW McCann,JA Haynes,S Baker,1,0,,,,,,"",""
ball,1,25.5,Nottinghamshire,JA Haynes,FW McCann,S Baker,0,0,,,,,,"",""
ball,1,25.6,Nottinghamshire,JA Haynes,FW McCann,S Baker,0,0,,,,,,"",""
ball,1,26.1,Nottinghamshire,FW McCann,JA Haynes,KJ Abbott,1,0,,,,,,"",""
ball,1,26.2,Nottinghamshire,JA Haynes,FW McCann,KJ Abbott,2,0,,,,,,"",""
ball,1,26.3,Nottinghamshire,JA Haynes,FW McCann,KJ Abbott,0,0,,,,,,"",""
ball,1,26.4,Nottinghamshire,JA Haynes,FW McCann,KJ Abbott,0,0,,,,,,"",""
ball,1,26.5,Nottinghamshire,JA Haynes,FW McCann,KJ Abbott,0,0,,,,,,"",""
ball,1,26.6,Nottinghamshire,JA Haynes,FW McCann,KJ Abbott,0,0,,,,,,lbw,JA Haynes
ball,1,27.1,Nottinghamshire,FW McCann,K Verreynne,JK Fuller,0,0,,,,,,"",""
ball,1,27.2,Nottinghamshire,FW McCann,K Verreynne,JK Fuller,0,0,,,,,,"",""
ball,1,27.3,Nottinghamshire,FW McCann,K Verreynne,JK Fuller,0,0,,,,,,"",""
ball,1,27.4,Nottinghamshire,FW McCann,K Verreynne,JK Fuller,1,0,,,,,,"",""
ball,1,27.5,Nottinghamshire,K Verreynne,FW McCann,JK Fuller,0,0,,,,,,"",""
ball,1,27.6,Nottinghamshire,K Verreynne,FW McCann,JK Fuller,2,0,,,,,,"",""
ball,1,28.1,Nottinghamshire,FW McCann,K Verreynne,KJ Abbott,0,0,,,,,,"",""
ball,1,28.2,Nottinghamshire,FW McCann,K Verreynne,KJ Abbott,4,0,,,,,,"",""
ball,1,28.3,Nottinghamshire,FW McCann,K Verreynne,KJ Abbott,0,0,,,,,,"",""
ball,1,28.4,Nottinghamshire,FW McCann,K Verreynne,KJ Abbott,0,0,,,,,,"",""
ball,1,28.5,Nottinghamshire,FW McCann,K Verreynne,KJ Abbott,0,0,,,,,,"",""
ball,1,28.6,Nottinghamshire,FW McCann,K Verreynne,KJ Abbott,0,0,,,,,,"",""
ball,1,29.1,Nottinghamshire,K Verreynne,FW McCann,JK Fuller,0,0,,,,,,"",""
ball,1,29.2,Nottinghamshire,K Verreynne,FW McCann,JK Fuller,1,0,,,,,,"",""
ball,1,29.3,Nottinghamshire,FW McCann,K Verreynne,JK Fuller,0,0,,,,,,"",""
ball,1,29.4,Nottinghamshire,FW McCann,K Verreynne,JK Fuller,0,0,,,,,,"",""
ball,1,29.5,Nottinghamshire,FW McCann,K Verreynne,JK Fuller,0,0,,,,,,"",""
ball,1,29.6,Nottinghamshire,FW McCann,K Verreynne,JK Fuller,2,0,,,,,,"",""
ball,1,30.1,Nottinghamshire,K Verreynne,FW McCann,KJ Abbott,0,0,,,,,,"",""
ball,1,30.2,Nottinghamshire,K Verreynne,FW McCann,KJ Abbott,0,0,,,,,,"",""
ball,1,30.3,Nottinghamshire,K Verreynne,FW McCann,KJ Abbott,0,0,,,,,,"",""
ball,1,30.4,Nottinghamshire,K Verreynne,FW McCann,KJ Abbott,0,0,,,,,,"",""
ball,1,30.5,Nottinghamshire,K Verreynne,FW McCann,KJ Abbott,0,0,,,,,,"",""
ball,1,30.6,Nottinghamshire,K Verreynne,FW McCann,KJ Abbott,0,0,,,,,,"",""
ball,1,31.1,Nottinghamshire,FW McCann,K Verreynne,JK Fuller,0,0,,,,,,"",""
ball,1,31.2,Nottinghamshire,FW McCann,K Verreynne,JK Fuller,0,0,,,,,,"",""
ball,1,31.3,Nottinghamshire,FW McCann,K Verreynne,JK Fuller,0,0,,,,,,"",""
ball,1,31.4,Nottinghamshire,FW McCann,K Verreynne,JK Fuller,0,0,,,,,,"",""
ball,1,31.5,Nottinghamshire,FW McCann,K Verreynne,JK Fuller,0,0,,,,,,"",""
ball,1,31.6,Nottinghamshire,FW McCann,K Verreynne,JK Fuller,1,0,,,,,,"",""
ball,1,32.1,Nottinghamshire,FW McCann,K Verreynne,KJ Abbott,0,0,,,,,,"",""
ball,1,32.2,Nottinghamshire,FW McCann,K Verreynne,KJ Abbott,4,0,,,,,,"",""
ball,1,32.3,Nottinghamshire,FW McCann,K Verreynne,KJ Abbott,1,0,,,,,,"",""
ball,1,32.4,Nottinghamshire,K Verreynne,FW McCann,KJ Abbott,0,0,,,,,,"",""
ball,1,32.5,Nottinghamshire,K Verreynne,FW McCann,KJ Abbott,0,0,,,,,,"",""
ball,1,32.6,Nottinghamshire,K Verreynne,FW McCann,KJ Abbott,0,0,,,,,,"",""
ball,1,33.1,Nottinghamshire,FW McCann,K Verreynne,JK Fuller,0,0,,,,,,"",""
ball,1,33.2,Nottinghamshire,FW McCann,K Verreynne,JK Fuller,0,0,,,,,,"",""
ball,1,33.3,Nottinghamshire,FW McCann,K Verreynne,JK Fuller,0,0,,,,,,"",""
ball,1,33.4,Nottinghamshire,FW McCann,K Verreynne,JK Fuller,0,0,,,,,,"",""
ball,1,33.5,Nottinghamshire,FW McCann,K Verreynne,JK Fuller,4,0,,,,,,"",""
ball,1,33.6,Nottinghamshire,FW McCann,K Verreynne,JK Fuller,2,0,,,,,,"",""
ball,1,34.1,Nottinghamshire,K Verreynne,FW McCann,BTJ Wheal,4,0,,,,,,"",""
ball,1,34.2,Nottinghamshire,K Verreynne,FW McCann,BTJ Wheal,0,0,,,,,,"",""
ball,1,34.3,Nottinghamshire,K Verreynne,FW McCann,BTJ Wheal,0,0,,,,,,"",""
ball,1,34.4,Nottinghamshire,K Verreynne,FW McCann,BTJ Wheal,0,0,,,,,,"",""
ball,1,34.5,Nottinghamshire,K Verreynne,FW McCann,BTJ Wheal,0,0,,,,,,"",""
ball,1,34.6,Nottinghamshire,K Verreynne,FW McCann,BTJ Wheal,0,0,,,,,,"",""
ball,1,35.1,Nottinghamshire,FW McCann,K Verreynne,S Baker,0,0,,,,,,"",""
ball,1,35.2,Nottinghamshire,FW McCann,K Verreynne,S Baker,1,0,,,,,,"",""
ball,1,35.3,Nottinghamshire,K Verreynne,FW McCann,S Baker,0,0,,,,,,"",""
ball,1,35.4,Nottinghamshire,K Verreynne,FW McCann,S Baker,1,0,,,,,,"",""
ball,1,35.5,Nottinghamshire,FW McCann,K Verreynne,S Baker,0,0,,,,,,"",""
ball,1,35.6,Nottinghamshire,FW McCann,K Verreynne,S Baker,1,0,,,,,,"",""
ball,1,36.1,Nottinghamshire,FW McCann,K Verreynne,BTJ Wheal,0,0,,,,,,"",""
ball,1,36.2,Nottinghamshire,FW McCann,K Verreynne,BTJ Wheal,0,0,,,,,,"",""
ball,1,36.3,Nottinghamshire,FW McCann,K Verreynne,BTJ Wheal,0,0,,,,,,"",""
ball,1,36.4,Nottinghamshire,FW McCann,K Verreynne,BTJ Wheal,0,0,,,,,,"",""
ball,1,36.5,Nottinghamshire,FW McCann,K Verreynne,BTJ Wheal,0,0,,,,,,"",""
ball,1,36.6,Nottinghamshire,FW McCann,K Verreynne,BTJ Wheal,0,0,,,,,,"",""
ball,1,37.1,Nottinghamshire,K Verreynne,FW McCann,S Baker,0,0,,,,,,"",""
ball,1,37.2,Nottinghamshire,K Verreynne,FW McCann,S Baker,1,0,,,,,,"",""
ball,1,37.3,Nottinghamshire,FW McCann,K Verreynne,S Baker,0,0,,,,,,"",""
ball,1,37.4,Nottinghamshire,FW McCann,K Verreynne,S Baker,0,0,,,,,,"",""
ball,1,37.5,Nottinghamshire,FW McCann,K Verreynne,S Baker,0,0,,,,,,"",""
ball,1,37.6,Nottinghamshire,FW McCann,K Verreynne,S Baker,1,0,,,,,,"",""
ball,1,38.1,Nottinghamshire,FW McCann,K Verreynne,BTJ Wheal,1,0,,,,,,"",""
ball,1,38.2,Nottinghamshire,K Verreynne,FW McCann,BTJ Wheal,0,0,,,,,,"",""
ball,1,38.3,Nottinghamshire,K Verreynne,FW McCann,BTJ Wheal,0,0,,,,,,"",""
ball,1,38.4,Nottinghamshire,K Verreynne,FW McCann,BTJ Wheal,0,0,,,,,,"",""
ball,1,38.5,Nottinghamshire,K Verreynne,FW McCann,BTJ Wheal,0,0,,,,,,"",""
ball,1,38.6,Nottinghamshire,K Verreynne,FW McCann,BTJ Wheal,1,0,,,,,,"",""
ball,1,39.1,Nottinghamshire,K Verreynne,FW McCann,S Baker,0,0,,,,,,"",""
ball,1,39.2,Nottinghamshire,K Verreynne,FW McCann,S Baker,0,0,,,,,,"",""
ball,1,39.3,Nottinghamshire,K Verreynne,FW McCann,S Baker,0,0,,,,,,"",""
ball,1,39.4,Nottinghamshire,K Verreynne,FW McCann,S Baker,1,0,,,,,,"",""
ball,1,39.5,Nottinghamshire,FW McCann,K Verreynne,S Baker,0,1,,,,1,,"",""
ball,1,39.6,Nottinghamshire,K Verreynne,FW McCann,S Baker,4,0,,,,,,"",""
ball,1,40.1,Nottinghamshire,FW McCann,K Verreynne,BTJ Wheal,2,0,,,,,,"",""
ball,1,40.2,Nottinghamshire,FW McCann,K Verreynne,BTJ Wheal,1,0,,,,,,"",""
ball,1,40.3,Nottinghamshire,K Verreynne,FW McCann,BTJ Wheal,0,0,,,,,,"",""
ball,1,40.4,Nottinghamshire,K Verreynne,FW McCann,BTJ Wheal,0,0,,,,,,"",""
ball,1,40.5,Nottinghamshire,K Verreynne,FW McCann,BTJ Wheal,0,0,,,,,,"",""
ball,1,40.6,Nottinghamshire,K Verreynne,FW McCann,BTJ Wheal,0,0,,,,,,"",""
ball,1,41.1,Nottinghamshire,FW McCann,K Verreynne,S Baker,1,0,,,,,,"",""
ball,1,41.2,Nottinghamshire,K Verreynne,FW McCann,S Baker,1,0,,,,,,"",""
ball,1,41.3,Nottinghamshire,FW McCann,K Verreynne,S Baker,0,0,,,,,,"",""
ball,1,41.4,Nottinghamshire,FW McCann,K Verreynne,S Baker,0,0,,,,,,"",""
ball,1,41.5,Nottinghamshire,FW McCann,K Verreynne,S Baker,1,0,,,,,,"",""
ball,1,41.6,Nottinghamshire,K Verreynne,FW McCann,S Baker,1,0,,,,,,"",""
ball,1,42.1,Nottinghamshire,K Verreynne,FW McCann,BTJ Wheal,1,0,,,,,,"",""
ball,1,42.2,Nottinghamshire,FW McCann,K Verreynne,BTJ Wheal,1,0,,,,,,"",""
ball,1,42.3,Nottinghamshire,K Verreynne,FW McCann,BTJ Wheal,0,0,,,,,,"",""
ball,1,42.4,Nottinghamshire,K Verreynne,FW McCann,BTJ Wheal,0,0,,,,,,"",""
ball,1,42.5,Nottinghamshire,K Verreynne,FW McCann,BTJ Wheal,0,0,,,,,,"",""
ball,1,42.6,Nottinghamshire,K Verreynne,FW McCann,BTJ Wheal,0,0,,,,,,"",""
ball,1,43.1,Nottinghamshire,FW McCann,K Verreynne,S Baker,0,0,,,,,,"",""
ball,1,43.2,Nottinghamshire,FW McCann,K Verreynne,S Baker,0,0,,,,,,"",""
ball,1,43.3,Nottinghamshire,FW McCann,K Verreynne,S Baker,1,0,,,,,,"",""
ball,1,43.4,Nottinghamshire,K Verreynne,FW McCann,S Baker,1,0,,,,,,"",""
ball,1,43.5,Nottinghamshire,FW McCann,K Verreynne,S Baker,2,0,,,,,,"",""
ball,1,43.6,Nottinghamshire,FW McCann,K Verreynne,S Baker,1,0,,,,,,"",""
ball,1,44.1,Nottinghamshire,FW McCann,K Verreynne,JK Fuller,1,0,,,,,,"",""
ball,1,44.2,Nottinghamshire,K Verreynne,FW McCann,JK Fuller,1,0,,,,,,"",""
ball,1,44.3,Nottinghamshire,FW McCann,K Verreynne,JK Fuller,0,0,,,,,,"",""
ball,1,44.4,Nottinghamshire,FW McCann,K Verreynne,JK Fuller,0,0,,,,,,"",""
ball,1,44.5,Nottinghamshire,FW McCann,K Verreynne,JK Fuller,0,0,,,,,,"",""
ball,1,44.6,Nottinghamshire,FW McCann,K Verreynne,JK Fuller,1,0,,,,,,"",""
ball,1,45.1,Nottinghamshire,FW McCann,K Verreynne,LA Dawson,0,0,,,,,,"",""
ball,1,45.2,Nottinghamshire,FW McCann,K Verreynne,LA Dawson,0,0,,,,,,"",""
ball,1,45.3,Nottinghamshire,FW McCann,K Verreynne,LA Dawson,0,0,,,,,,"",""
ball,1,45.4,Nottinghamshire,FW McCann,K Verreynne,LA Dawson,0,0,,,,,,"",""
ball,1,45.5,Nottinghamshire,FW McCann,K Verreynne,LA Dawson,0,0,,,,,,"",""
ball,1,45.6,Nottinghamshire,FW McCann,K Verreynne,LA Dawson,0,0,,,,,,"",""
ball,1,46.1,Nottinghamshire,K Verreynne,FW McCann,JK Fuller,0,0,,,,,,"",""
ball,1,46.2,Nottinghamshire,K Verreynne,FW McCann,JK Fuller,4,0,,,,,,"",""
ball,1,46.3,Nottinghamshire,K Verreynne,FW McCann,JK Fuller,1,0,,,,,,"",""
ball,1,46.4,Nottinghamshire,FW McCann,K Verreynne,JK Fuller,0,0,,,,,,"",""
ball,1,46.5,Nottinghamshire,FW McCann,K Verreynne,JK Fuller,0,0,,,,,,"",""
ball,1,46.6,Nottinghamshire,FW McCann,K Verreynne,JK Fuller,0,0,,,,,,"",""
ball,1,47.1,Nottinghamshire,K Verreynne,FW McCann,LA Dawson,0,0,,,,,,"",""
ball,1,47.2,Nottinghamshire,K Verreynne,FW McCann,LA Dawson,0,0,,,,,,"",""
ball,1,47.3,Nottinghamshire,K Verreynne,FW McCann,LA Dawson,1,0,,,,,,"",""
ball,1,47.4,Nottinghamshire,FW McCann,K Verreynne,LA Dawson,0,0,,,,,,"",""
ball,1,47.5,Nottinghamshire,FW McCann,K Verreynne,LA Dawson,0,0,,,,,,"",""
ball,1,47.6,Nottinghamshire,FW McCann,K Verreynne,LA Dawson,0,0,,,,,,"",""
ball,1,48.1,Nottinghamshire,K Verreynne,FW McCann,JK Fuller,1,0,,,,,,"",""
ball,1,48.2,Nottinghamshire,FW McCann,K Verreynne,JK Fuller,0,0,,,,,,"",""
ball,1,48.3,Nottinghamshire,FW McCann,K Verreynne,JK Fuller,4,0,,,,,,"",""
ball,1,48.4,Nottinghamshire,FW McCann,K Verreynne,JK Fuller,0,0,,,,,,"",""
ball,1,48.5,Nottinghamshire,FW McCann,K Verreynne,JK Fuller,0,0,,,,,,"",""
ball,1,48.6,Nottinghamshire,FW McCann,K Verreynne,JK Fuller,4,0,,,,,,"",""
ball,1,49.1,Nottinghamshire,K Verreynne,FW McCann,LA Dawson,0,0,,,,,,"",""
ball,1,49.2,Nottinghamshire,K Verreynne,FW McCann,LA Dawson,0,0,,,,,,"",""
ball,1,49.3,Nottinghamshire,K Verreynne,FW McCann,LA Dawson,0,0,,,,,,"",""
ball,1,49.4,Nottinghamshire,K Verreynne,FW McCann,LA Dawson,0,0,,,,,,"",""
ball,1,49.5,Nottinghamshire,K Verreynne,FW McCann,LA Dawson,0,0,,,,,,"",""
ball,1,49.6,Nottinghamshire,K Verreynne,FW McCann,LA Dawson,1,0,,,,,,"",""
ball,1,50.1,Nottinghamshire,K Verreynne,FW McCann,JK Fuller,1,0,,,,,,"",""
ball,1,50.2,Nottinghamshire,FW McCann,K Verreynne,JK Fuller,1,0,,,,,,"",""
ball,1,50.3,Nottinghamshire,K Verreynne,FW McCann,JK Fuller,1,0,,,,,,"",""
ball,1,50.4,Nottinghamshire,FW McCann,K Verreynne,JK Fuller,0,0,,,,,,"",""
ball,1,50.5,Nottinghamshire,FW McCann,K Verreynne,JK Fuller,0,0,,,,,,"",""
ball,1,50.6,Nottinghamshire,FW McCann,K Verreynne,JK Fuller,0,0,,,,,,"",""
ball,1,51.1,Nottinghamshire,K Verreynne,FW McCann,LA Dawson,2,0,,,,,,"",""
ball,1,51.2,Nottinghamshire,K Verreynne,FW McCann,LA Dawson,0,0,,,,,,"",""
ball,1,51.3,Nottinghamshire,K Verreynne,FW McCann,LA Dawson,1,0,,,,,,"",""
ball,1,51.4,Nottinghamshire,FW McCann,K Verreynne,LA Dawson,0,0,,,,,,"",""
ball,1,51.5,Nottinghamshire,FW McCann,K Verreynne,LA Dawson,0,0,,,,,,"",""
ball,1,51.6,Nottinghamshire,FW McCann,K Verreynne,LA Dawson,0,0,,,,,,"",""
ball,1,52.1,Nottinghamshire,K Verreynne,FW McCann,KJ Abbott,0,0,,,,,,"",""
ball,1,52.2,Nottinghamshire,K Verreynne,FW McCann,KJ Abbott,0,0,,,,,,"",""
ball,1,52.3,Nottinghamshire,K Verreynne,FW McCann,KJ Abbott,0,0,,,,,,"",""
ball,1,52.4,Nottinghamshire,K Verreynne,FW McCann,KJ Abbott,0,0,,,,,,"",""
ball,1,52.5,Nottinghamshire,K Verreynne,FW McCann,KJ Abbott,0,0,,,,,,lbw,K Verreynne
ball,1,52.6,Nottinghamshire,LW James,FW McCann,KJ Abbott,0,0,,,,,,"",""
ball,1,53.1,Nottinghamshire,FW McCann,LW James,LA Dawson,2,0,,,,,,"",""
ball,1,53.2,Nottinghamshire,FW McCann,LW James,LA Dawson,3,0,,,,,,"",""
ball,1,53.3,Nottinghamshire,LW James,FW McCann,LA Dawson,1,0,,,,,,"",""
ball,1,53.4,Nottinghamshire,FW McCann,LW James,LA Dawson,0,0,,,,,,"",""
ball,1,53.5,Nottinghamshire,FW McCann,LW James,LA Dawson,1,0,,,,,,"",""
ball,1,53.6,Nottinghamshire,LW James,FW McCann,LA Dawson,0,0,,,,,,"",""
ball,1,54.1,Nottinghamshire,FW McCann,LW James,KJ Abbott,0,0,,,,,,"",""
ball,1,54.2,Nottinghamshire,FW McCann,LW James,KJ Abbott,0,0,,,,,,"",""
ball,1,54.3,Nottinghamshire,FW McCann,LW James,KJ Abbott,0,0,,,,,,"",""
ball,1,54.4,Nottinghamshire,FW McCann,LW James,KJ Abbott,1,0,,,,,,"",""
ball,1,54.5,Nottinghamshire,LW James,FW McCann,KJ Abbott,0,0,,,,,,"",""
ball,1,54.6,Nottinghamshire,LW James,FW McCann,KJ Abbott,0,0,,,,,,"",""
ball,1,55.1,Nottinghamshire,FW McCann,LW James,LA Dawson,1,0,,,,,,"",""
ball,1,55.2,Nottinghamshire,LW James,FW McCann,LA Dawson,0,0,,,,,,"",""
ball,1,55.3,Nottinghamshire,LW James,FW McCann,LA Dawson,0,0,,,,,,"",""
ball,1,55.4,Nottinghamshire,LW James,FW McCann,LA Dawson,0,0,,,,,,"",""
ball,1,55.5,Nottinghamshire,LW James,FW McCann,LA Dawson,0,0,,,,,,"",""
ball,1,55.6,Nottinghamshire,LW James,FW McCann,LA Dawson,2,0,,,,,,"",""
ball,1,56.1,Nottinghamshire,FW McCann,LW James,KJ Abbott,0,0,,,,,,"",""
ball,1,56.2,Nottinghamshire,FW McCann,LW James,KJ Abbott,0,0,,,,,,"",""
ball,1,56.3,Nottinghamshire,FW McCann,LW James,KJ Abbott,0,0,,,,,,"",""
ball,1,56.4,Nottinghamshire,FW McCann,LW James,KJ Abbott,0,0,,,,,,"",""
ball,1,56.5,Nottinghamshire,FW McCann,LW James,KJ Abbott,0,0,,,,,,"",""
ball,1,56.6,Nottinghamshire,FW McCann,LW James,KJ Abbott,0,0,,,,,,"",""
ball,1,57.1,Nottinghamshire,LW James,FW McCann,LA Dawson,1,0,,,,,,"",""
ball,1,57.2,Nottinghamshire,FW McCann,LW James,LA Dawson,0,0,,,,,,"",""
ball,1,57.3,Nottinghamshire,FW McCann,LW James,LA Dawson,0,0,,,,,,"",""
ball,1,57.4,Nottinghamshire,FW McCann,LW James,LA Dawson,0,0,,,,,,"",""
ball,1,57.5,Nottinghamshire,FW McCann,LW James,LA Dawson,0,0,,,,,,"",""
ball,1,57.6,Nottinghamshire,FW McCann,LW James,LA Dawson,0,0,,,,,,"",""
ball,1,58.1,Nottinghamshire,LW James,FW McCann,KJ Abbott,1,0,,,,,,"",""
ball,1,58.2,Nottinghamshire,FW McCann,LW James,KJ Abbott,0,0,,,,,,"",""
ball,1,58.3,Nottinghamshire,FW McCann,LW James,KJ Abbott,0,0,,,,,,"",""
ball,1,58.4,Nottinghamshire,FW McCann,LW James,KJ Abbott,1,0,,,,,,"",""
ball,1,58.5,Nottinghamshire,LW James,FW McCann,KJ Abbott,0,0,,,,,,"",""
ball,1,58.6,Nottinghamshire,LW James,FW McCann,KJ Abbott,0,0,,,,,,"",""
ball,1,59.1,Nottinghamshire,FW McCann,LW James,LA Dawson,1,0,,,,,,"",""
ball,1,59.2,Nottinghamshire,LW James,FW McCann,LA Dawson,0,0,,,,,,"",""
ball,1,59.3,Nottinghamshire,LW James,FW McCann,LA Dawson,1,0,,,,,,"",""
ball,1,59.4,Nottinghamshire,FW McCann,LW James,LA Dawson,1,0,,,,,,"",""
ball,1,59.5,Nottinghamshire,LW James,FW McCann,LA Dawson,0,0,,,,,,"",""
ball,1,59.6,Nottinghamshire,LW James,FW McCann,LA Dawson,1,0,,,,,,"",""
ball,1,60.1,Nottinghamshire,LW James,FW McCann,S Baker,4,0,,,,,,"",""
ball,1,60.2,Nottinghamshire,LW James,FW McCann,S Baker,0,0,,,,,,"",""
ball,1,60.3,Nottinghamshire,LW James,FW McCann,S Baker,0,1,1,,,,,"",""
ball,1,60.4,Nottinghamshire,LW James,FW McCann,S Baker,0,0,,,,,,"",""
ball,1,60.5,Nottinghamshire,LW James,FW McCann,S Baker,0,0,,,,,,"",""
ball,1,60.6,Nottinghamshire,LW James,FW McCann,S Baker,0,0,,,,,,"",""
ball,1,60.7,Nottinghamshire,LW James,FW McCann,S Baker,4,0,,,,,,"",""
ball,1,61.1,Nottinghamshire,FW McCann,LW James,LA Dawson,0,0,,,,,,"",""
ball,1,61.2,Nottinghamshire,FW McCann,LW James,LA Dawson,0,0,,,,,,"",""
ball,1,61.3,Nottinghamshire,FW McCann,LW James,LA Dawson,0,0,,,,,,"",""
ball,1,61.4,Nottinghamshire,FW McCann,LW James,LA Dawson,1,0,,,,,,"",""
ball,1,61.5,Nottinghamshire,LW James,FW McCann,LA Dawson,0,0,,,,,,"",""
ball,1,61.6,Nottinghamshire,LW James,FW McCann,LA Dawson,0,0,,,,,,"",""
ball,1,62.1,Nottinghamshire,FW McCann,LW James,S Baker,0,0,,,,,,"",""
ball,1,62.2,Nottinghamshire,FW McCann,LW James,S Baker,1,0,,,,,,"",""
ball,1,62.3,Nottinghamshire,LW James,FW McCann,S Baker,0,0,,,,,,"",""
ball,1,62.4,Nottinghamshire,LW James,FW McCann,S Baker,0,0,,,,,,"",""
ball,1,62.5,Nottinghamshire,LW James,FW McCann,S Baker,0,1,,,1,,,"",""
ball,1,62.6,Nottinghamshire,FW McCann,LW James,S Baker,4,0,,,,,,"",""
ball,1,63.1,Nottinghamshire,LW James,FW McCann,LA Dawson,0,0,,,,,,"",""
ball,1,63.2,Nottinghamshire,LW James,FW McCann,LA Dawson,0,0,,,,,,"",""
ball,1,63.3,Nottinghamshire,LW James,FW McCann,LA Dawson,0,0,,,,,,"",""
ball,1,63.4,Nottinghamshire,LW James,FW McCann,LA Dawson,0,0,,,,,,"",""
ball,1,63.5,Nottinghamshire,LW James,FW McCann,LA Dawson,0,0,,,,,,"",""
ball,1,63.6,Nottinghamshire,LW James,FW McCann,LA Dawson,1,0,,,,,,"",""
ball,1,64.1,Nottinghamshire,LW James,FW McCann,BTJ Wheal,4,0,,,,,,"",""
ball,1,64.2,Nottinghamshire,LW James,FW McCann,BTJ Wheal,0,0,,,,,,"",""
ball,1,64.3,Nottinghamshire,LW James,FW McCann,BTJ Wheal,0,0,,,,,,"",""
ball,1,64.4,Nottinghamshire,LW James,FW McCann,BTJ Wheal,1,0,,,,,,"",""
ball,1,64.5,Nottinghamshire,FW McCann,LW James,BTJ Wheal,0,0,,,,,,"",""
ball,1,64.6,Nottinghamshire,FW McCann,LW James,BTJ Wheal,0,0,,,,,,"",""
ball,1,65.1,Nottinghamshire,LW James,FW McCann,LA Dawson,4,0,,,,,,"",""
ball,1,65.2,Nottinghamshire,LW James,FW McCann,LA Dawson,0,0,,,,,,"",""
ball,1,65.3,Nottinghamshire,LW James,FW McCann,LA Dawson,0,0,,,,,,"",""
ball,1,65.4,Nottinghamshire,LW James,FW McCann,LA Dawson,0,0,,,,,,"",""
ball,1,65.5,Nottinghamshire,LW James,FW McCann,LA Dawson,0,0,,,,,,"",""
ball,1,65.6,Nottinghamshire,LW James,FW McCann,LA Dawson,1,0,,,,,,"",""
ball,1,66.1,Nottinghamshire,LW James,FW McCann,BTJ Wheal,1,0,,,,,,"",""
ball,1,66.2,Nottinghamshire,FW McCann,LW James,BTJ Wheal,1,0,,,,,,"",""
ball,1,66.3,Nottinghamshire,LW James,FW McCann,BTJ Wheal,1,0,,,,,,"",""
ball,1,66.4,Nottinghamshire,FW McCann,LW James,BTJ Wheal,0,0,,,,,,"",""
ball,1,66.5,Nottinghamshire,FW McCann,LW James,BTJ Wheal,0,0,,,,,,"",""
ball,1,66.6,Nottinghamshire,FW McCann,LW James,BTJ Wheal,0,0,,,,,,"",""
ball,1,67.1,Nottinghamshire,LW James,FW McCann,LA Dawson,0,0,,,,,,"",""
ball,1,67.2,Nottinghamshire,LW James,FW McCann,LA Dawson,1,0,,,,,,"",""
ball,1,67.3,Nottinghamshire,FW McCann,LW James,LA Dawson,0,0,,,,,,"",""
ball,1,67.4,Nottinghamshire,FW McCann,LW James,LA Dawson,1,0,,,,,,"",""
ball,1,67.5,Nottinghamshire,LW James,FW McCann,LA Dawson,0,0,,,,,,"",""
ball,1,67.6,Nottinghamshire,LW James,FW McCann,LA Dawson,0,0,,,,,,"",""
ball,1,68.1,Nottinghamshire,FW McCann,LW James,BTJ Wheal,0,0,,,,,,"",""
ball,1,68.2,Nottinghamshire,FW McCann,LW James,BTJ Wheal,0,0,,,,,,"",""
ball,1,68.3,Nottinghamshire,FW McCann,LW James,BTJ Wheal,0,0,,,,,,"",""
ball,1,68.4,Nottinghamshire,FW McCann,LW James,BTJ Wheal,0,0,,,,,,"",""
ball,1,68.5,Nottinghamshire,FW McCann,LW James,BTJ Wheal,1,0,,,,,,"",""
ball,1,68.6,Nottinghamshire,LW James,FW McCann,BTJ Wheal,0,5,,,,,5,"",""
ball,1,69.1,Nottinghamshire,FW McCann,LW James,LA Dawson,0,0,,,,,,"",""
ball,1,69.2,Nottinghamshire,FW McCann,LW James,LA Dawson,0,0,,,,,,"",""
ball,1,69.3,Nottinghamshire,FW McCann,LW James,LA Dawson,0,0,,,,,,"",""
ball,1,69.4,Nottinghamshire,FW McCann,LW James,LA Dawson,4,0,,,,,,"",""
ball,1,69.5,Nottinghamshire,FW McCann,LW James,LA Dawson,0,0,,,,,,"",""
ball,1,69.6,Nottinghamshire,FW McCann,LW James,LA Dawson,1,0,,,,,,"",""
ball,1,70.1,Nottinghamshire,FW McCann,LW James,S Baker,4,0,,,,,,"",""
ball,1,70.2,Nottinghamshire,FW McCann,LW James,S Baker,0,0,,,,,,"",""
ball,1,70.3,Nottinghamshire,FW McCann,LW James,S Baker,0,0,,,,,,"",""
ball,1,70.4,Nottinghamshire,FW McCann,LW James,S Baker,1,0,,,,,,"",""
ball,1,70.5,Nottinghamshire,LW James,FW McCann,S Baker,0,0,,,,,,"",""
ball,1,70.6,Nottinghamshire,LW James,FW McCann,S Baker,0,0,,,,,,"",""
ball,1,71.1,Nottinghamshire,FW McCann,LW James,LA Dawson,0,0,,,,,,"",""
ball,1,71.2,Nottinghamshire,FW McCann,LW James,LA Dawson,1,0,,,,,,"",""
ball,1,71.3,Nottinghamshire,LW James,FW McCann,LA Dawson,4,0,,,,,,"",""
ball,1,71.4,Nottinghamshire,LW James,FW McCann,LA Dawson,0,0,,,,,,bowled,LW James
ball,1,71.5,Nottinghamshire,LA Patterson-White,FW McCann,LA Dawson,1,0,,,,,,"",""
ball,1,71.6,Nottinghamshire,FW McCann,LA Patterson-White,LA Dawson,0,0,,,,,,"",""
ball,1,72.1,Nottinghamshire,LA Patterson-White,FW McCann,S Baker,0,0,,,,,,"",""
ball,1,72.2,Nottinghamshire,LA Patterson-White,FW McCann,S Baker,1,0,,,,,,"",""
ball,1,72.3,Nottinghamshire,FW McCann,LA Patterson-White,S Baker,0,0,,,,,,"",""
ball,1,72.4,Nottinghamshire,FW McCann,LA Patterson-White,S Baker,2,0,,,,,,"",""
ball,1,72.5,Nottinghamshire,FW McCann,LA Patterson-White,S Baker,0,0,,,,,,"",""
ball,1,72.6,Nottinghamshire,FW McCann,LA Patterson-White,S Baker,0,0,,,,,,"",""
ball,1,73.1,Nottinghamshire,LA Patterson-White,FW McCann,LA Dawson,4,0,,,,,,"",""
ball,1,73.2,Nottinghamshire,LA Patterson-White,FW McCann,LA Dawson,4,0,,,,,,"",""
ball,1,73.3,Nottinghamshire,LA Patterson-White,FW McCann,LA Dawson,1,0,,,,,,"",""
ball,1,73.4,Nottinghamshire,FW McCann,LA Patterson-White,LA Dawson,0,0,,,,,,"",""
ball,1,73.5,Nottinghamshire,FW McCann,LA Patterson-White,LA Dawson,1,0,,,,,,"",""
ball,1,73.6,Nottinghamshire,LA Patterson-White,FW McCann,LA Dawson,0,0,,,,,,"",""
ball,1,74.1,Nottinghamshire,FW McCann,LA Patterson-White,S Baker,0,0,,,,,,"",""
ball,1,74.2,Nottinghamshire,FW McCann,LA Patterson-White,S Baker,1,0,,,,,,"",""
ball,1,74.3,Nottinghamshire,LA Patterson-White,FW McCann,S Baker,0,0,,,,,,"",""
ball,1,74.4,Nottinghamshire,LA Patterson-White,FW McCann,S Baker,0,0,,,,,,"",""
ball,1,74.5,Nottinghamshire,LA Patterson-White,FW McCann,S Baker,4,0,,,,,,"",""
ball,1,74.6,Nottinghamshire,LA Patterson-White,FW McCann,S Baker,0,0,,,,,,"",""
ball,1,75.1,Nottinghamshire,FW McCann,LA Patterson-White,LA Dawson,4,0,,,,,,"",""
ball,1,75.2,Nottinghamshire,FW McCann,LA Patterson-White,LA Dawson,0,0,,,,,,"",""
ball,1,75.3,Nottinghamshire,FW McCann,LA Patterson-White,LA Dawson,0,0,,,,,,"",""
ball,1,75.4,Nottinghamshire,FW McCann,LA Patterson-White,LA Dawson,1,0,,,,,,"",""
ball,1,75.5,Nottinghamshire,LA Patterson-White,FW McCann,LA Dawson,4,0,,,,,,"",""
ball,1,75.6,Nottinghamshire,LA Patterson-White,FW McCann,LA Dawson,0,0,,,,,,"",""
ball,1,76.1,Nottinghamshire,FW McCann,LA Patterson-White,S Baker,1,0,,,,,,"",""
ball,1,76.2,Nottinghamshire,LA Patterson-White,FW McCann,S Baker,0,0,,,,,,"",""
ball,1,76.3,Nottinghamshire,LA Patterson-White,FW McCann,S Baker,0,0,,,,,,"",""
ball,1,76.4,Nottinghamshire,LA Patterson-White,FW McCann,S Baker,1,0,,,,,,"",""
ball,1,76.5,Nottinghamshire,FW McCann,LA Patterson-White,S Baker,1,0,,,,,,"",""
ball,1,76.6,Nottinghamshire,LA Patterson-White,FW McCann,S Baker,0,0,,,,,,"",""
ball,1,77.1,Nottinghamshire,FW McCann,LA Patterson-White,LA Dawson,4,0,,,,,,"",""
ball,1,77.2,Nottinghamshire,FW McCann,LA Patterson-White,LA Dawson,1,0,,,,,,"",""
ball,1,77.3,Nottinghamshire,LA Patterson-White,FW McCann,LA Dawson,1,0,,,,,,"",""
ball,1,77.4,Nottinghamshire,FW McCann,LA Patterson-White,LA Dawson,0,0,,,,,,"",""
ball,1,77.5,Nottinghamshire,FW McCann,LA Patterson-White,LA Dawson,3,0,,,,,,"",""
ball,1,77.6,Nottinghamshire,LA Patterson-White,FW McCann,LA Dawson,1,0,,,,,,"",""
ball,1,78.1,Nottinghamshire,LA Patterson-White,FW McCann,TJ Prest,1,0,,,,,,"",""
ball,1,78.2,Nottinghamshire,FW McCann,LA Patterson-White,TJ Prest,0,0,,,,,,"",""
ball,1,78.3,Nottinghamshire,FW McCann,LA Patterson-White,TJ Prest,0,0,,,,,,"",""
ball,1,78.4,Nottinghamshire,FW McCann,LA Patterson-White,TJ Prest,0,0,,,,,,"",""
ball,1,78.5,Nottinghamshire,FW McCann,LA Patterson-White,TJ Prest,0,0,,,,,,"",""
ball,1,78.6,Nottinghamshire,FW McCann,LA Patterson-White,TJ Prest,0,0,,,,,,"",""
ball,1,79.1,Nottinghamshire,LA Patterson-White,FW McCann,LA Dawson,4,0,,,,,,"",""
ball,1,79.2,Nottinghamshire,LA Patterson-White,FW McCann,LA Dawson,0,0,,,,,,"",""
ball,1,79.3,Nottinghamshire,LA Patterson-White,FW McCann,LA Dawson,0,0,,,,,,"",""
ball,1,79.4,Nottinghamshire,LA Patterson-White,FW McCann,LA Dawson,0,0,,,,,,"",""
ball,1,79.5,Nottinghamshire,LA Patterson-White,FW McCann,LA Dawson,0,0,,,,,,"",""
ball,1,79.6,Nottinghamshire,LA Patterson-White,FW McCann,LA Dawson,0,0,,,,,,"",""
ball,1,80.1,Nottinghamshire,FW McCann,LA Patterson-White,KJ Abbott,4,0,,,,,,"",""
ball,1,80.2,Nottinghamshire,FW McCann,LA Patterson-White,KJ Abbott,0,0,,,,,,"",""
ball,1,80.3,Nottinghamshire,FW McCann,LA Patterson-White,KJ Abbott,1,0,,,,,,"",""
ball,1,80.4,Nottinghamshire,LA Patterson-White,FW McCann,KJ Abbott,0,0,,,,,,"",""
ball,1,80.5,Nottinghamshire,LA Patterson-White,FW McCann,KJ Abbott,1,0,,,,,,"",""
ball,1,80.6,Nottinghamshire,FW McCann,LA Patterson-White,KJ Abbott,1,0,,,,,,"",""
ball,1,81.1,Nottinghamshire,FW McCann,LA Patterson-White,BTJ Wheal,0,0,,,,,,"",""
ball,1,81.2,Nottinghamshire,FW McCann,LA Patterson-White,BTJ Wheal,0,0,,,,,,"",""
ball,1,81.3,Nottinghamshire,FW McCann,LA Patterson-White,BTJ Wheal,1,0,,,,,,"",""
ball,1,81.4,Nottinghamshire,LA Patterson-White,FW McCann,BTJ Wheal,0,0,,,,,,"",""
ball,1,81.5,Nottinghamshire,LA Patterson-White,FW McCann,BTJ Wheal,1,0,,,,,,"",""
ball,1,81.6,Nottinghamshire,FW McCann,LA Patterson-White,BTJ Wheal,0,0,,,,,,"",""
ball,1,82.1,Nottinghamshire,LA Patterson-White,FW McCann,KJ Abbott,0,0,,,,,,"",""
ball,1,82.2,Nottinghamshire,LA Patterson-White,FW McCann,KJ Abbott,0,0,,,,,,"",""
ball,1,82.3,Nottinghamshire,LA Patterson-White,FW McCann,KJ Abbott,4,0,,,,,,"",""
ball,1,82.4,Nottinghamshire,LA Patterson-White,FW McCann,KJ Abbott,0,0,,,,,,bowled,LA Patterson-White
ball,1,82.5,Nottinghamshire,BA Hutton,FW McCann,KJ Abbott,4,0,,,,,,"",""
ball,1,82.6,Nottinghamshire,BA Hutton,FW McCann,KJ Abbott,0,0,,,,,,"",""
ball,1,83.1,Nottinghamshire,FW McCann,BA Hutton,BTJ Wheal,1,0,,,,,,"",""
ball,1,83.2,Nottinghamshire,BA Hutton,FW McCann,BTJ Wheal,1,0,,,,,,"",""
ball,1,83.3,Nottinghamshire,FW McCann,BA Hutton,BTJ Wheal,0,0,,,,,,"",""
ball,1,83.4,Nottinghamshire,FW McCann,BA Hutton,BTJ Wheal,4,0,,,,,,"",""
ball,1,83.5,Nottinghamshire,FW McCann,BA Hutton,BTJ Wheal,1,2,,2,,,,"",""
ball,1,83.6,Nottinghamshire,BA Hutton,FW McCann,BTJ Wheal,0,0,,,,,,"",""
ball,1,83.7,Nottinghamshire,BA Hutton,FW McCann,BTJ Wheal,0,0,,,,,,"",""
ball,1,84.1,Nottinghamshire,FW McCann,BA Hutton,KJ Abbott,1,0,,,,,,"",""
ball,1,84.2,Nottinghamshire,BA Hutton,FW McCann,KJ Abbott,0,0,,,,,,"",""
ball,1,84.3,Nottinghamshire,BA Hutton,FW McCann,KJ Abbott,0,0,,,,,,caught,BA Hutton
ball,1,84.4,Nottinghamshire,Farhan Ahmed,FW McCann,KJ Abbott,0,0,,,,,,"",""
ball,1,84.5,Nottinghamshire,Farhan Ahmed,FW McCann,KJ Abbott,0,0,,,,,,"",""
ball,1,84.6,Nottinghamshire,Farhan Ahmed,FW McCann,KJ Abbott,1,0,,,,,,"",""
ball,1,85.1,Nottinghamshire,Farhan Ahmed,FW McCann,BTJ Wheal,0,0,,,,,,"",""
ball,1,85.2,Nottinghamshire,Farhan Ahmed,FW McCann,BTJ Wheal,0,0,,,,,,"",""
ball,1,85.3,Nottinghamshire,Farhan Ahmed,FW McCann,BTJ Wheal,0,0,,,,,,"",""
ball,1,85.4,Nottinghamshire,Farhan Ahmed,FW McCann,BTJ Wheal,0,0,,,,,,"",""
ball,1,85.5,Nottinghamshire,Farhan Ahmed,FW McCann,BTJ Wheal,0,0,,,,,,"",""
ball,1,85.6,Nottinghamshire,Farhan Ahmed,FW McCann,BTJ Wheal,4,0,,,,,,"",""
ball,1,86.1,Nottinghamshire,FW McCann,Farhan Ahmed,KJ Abbott,2,0,,,,,,"",""
ball,1,86.2,Nottinghamshire,FW McCann,Farhan Ahmed,KJ Abbott,0,0,,,,,,"",""
ball,1,86.3,Nottinghamshire,FW McCann,Farhan Ahmed,KJ Abbott,0,0,,,,,,"",""
ball,1,86.4,Nottinghamshire,FW McCann,Farhan Ahmed,KJ Abbott,0,0,,,,,,"",""
ball,1,86.5,Nottinghamshire,FW McCann,Farhan Ahmed,KJ Abbott,4,0,,,,,,"",""
ball,1,86.6,Nottinghamshire,FW McCann,Farhan Ahmed,KJ Abbott,4,0,,,,,,"",""
ball,1,87.1,Nottinghamshire,Farhan Ahmed,FW McCann,JK Fuller,0,0,,,,,,"",""
ball,1,87.2,Nottinghamshire,Farhan Ahmed,FW McCann,JK Fuller,0,0,,,,,,"",""
ball,1,87.3,Nottinghamshire,Farhan Ahmed,FW McCann,JK Fuller,0,0,,,,,,"",""
ball,1,87.4,Nottinghamshire,Farhan Ahmed,FW McCann,JK Fuller,0,0,,,,,,"",""
ball,1,87.5,Nottinghamshire,Farhan Ahmed,FW McCann,JK Fuller,0,0,,,,,,"",""
ball,1,87.6,Nottinghamshire,Farhan Ahmed,FW McCann,JK Fuller,0,0,,,,,,"",""
ball,1,88.1,Nottinghamshire,FW McCann,Farhan Ahmed,BTJ Wheal,1,0,,,,,,"",""
ball,1,88.2,Nottinghamshire,Farhan Ahmed,FW McCann,BTJ Wheal,0,0,,,,,,"",""
ball,1,88.3,Nottinghamshire,Farhan Ahmed,FW McCann,BTJ Wheal,0,0,,,,,,caught,Farhan Ahmed
ball,1,88.4,Nottinghamshire,Mohammad Abbas,FW McCann,BTJ Wheal,4,0,,,,,,"",""
ball,1,88.5,Nottinghamshire,Mohammad Abbas,FW McCann,BTJ Wheal,0,0,,,,,,"",""
ball,1,88.6,Nottinghamshire,Mohammad Abbas,FW McCann,BTJ Wheal,0,0,,,,,,"",""
ball,1,89.1,Nottinghamshire,FW McCann,Mohammad Abbas,JK Fuller,0,1,1,,,,,"",""
ball,1,89.2,Nottinghamshire,FW McCann,Mohammad Abbas,JK Fuller,0,0,,,,,,"",""
ball,1,89.3,Nottinghamshire,FW McCann,Mohammad Abbas,JK Fuller,0,0,,,,,,"",""
ball,1,89.4,Nottinghamshire,FW McCann,Mohammad Abbas,JK Fuller,0,0,,,,,,"",""
ball,1,89.5,Nottinghamshire,FW McCann,Mohammad Abbas,JK Fuller,0,0,,,,,,"",""
ball,1,89.6,Nottinghamshire,FW McCann,Mohammad Abbas,JK Fuller,1,0,,,,,,"",""
ball,1,89.7,Nottinghamshire,Mohammad Abbas,FW McCann,JK Fuller,0,0,,,,,,"",""
ball,1,90.1,Nottinghamshire,FW McCann,Mohammad Abbas,BTJ Wheal,6,0,,,,,,"",""
ball,1,90.2,Nottinghamshire,FW McCann,Mohammad Abbas,BTJ Wheal,0,0,,,,,,"",""
ball,1,90.3,Nottinghamshire,FW McCann,Mohammad Abbas,BTJ Wheal,0,0,,,,,,"",""
ball,1,90.4,Nottinghamshire,FW McCann,Mohammad Abbas,BTJ Wheal,1,0,,,,,,"",""
ball,1,90.5,Nottinghamshire,Mohammad Abbas,FW McCann,BTJ Wheal,0,0,,,,,,"",""
ball,1,90.6,Nottinghamshire,Mohammad Abbas,FW McCann,BTJ Wheal,0,0,,,,,,"",""
ball,1,91.1,Nottinghamshire,FW McCann,Mohammad Abbas,JK Fuller,0,0,,,,,,caught,FW McCann
ball,2,0.1,Hampshire,MD Stoneman,FS Middleton,BA Hutton,0,0,,,,,,"",""
ball,2,0.2,Hampshire,MD Stoneman,FS Middleton,BA Hutton,0,0,,,,,,"",""
ball,2,0.3,Hampshire,MD Stoneman,FS Middleton,BA Hutton,0,0,,,,,,"",""
ball,2,0.4,Hampshire,MD Stoneman,FS Middleton,BA Hutton,1,0,,,,,,"",""
ball,2,0.5,Hampshire,FS Middleton,MD Stoneman,BA Hutton,0,0,,,,,,"",""
ball,2,0.6,Hampshire,FS Middleton,MD Stoneman,BA Hutton,0,0,,,,,,"",""
ball,2,1.1,Hampshire,MD Stoneman,FS Middleton,Mohammad Abbas,0,0,,,,,,"",""
ball,2,1.2,Hampshire,MD Stoneman,FS Middleton,Mohammad Abbas,1,0,,,,,,"",""
ball,2,1.3,Hampshire,FS Middleton,MD Stoneman,Mohammad Abbas,0,0,,,,,,"",""
ball,2,1.4,Hampshire,FS Middleton,MD Stoneman,Mohammad Abbas,0,0,,,,,,"",""
ball,2,1.5,Hampshire,FS Middleton,MD Stoneman,Mohammad Abbas,0,0,,,,,,"",""
ball,2,1.6,Hampshire,FS Middleton,MD Stoneman,Mohammad Abbas,0,0,,,,,,"",""
ball,2,2.1,Hampshire,MD Stoneman,FS Middleton,BA Hutton,0,0,,,,,,"",""
ball,2,2.2,Hampshire,MD Stoneman,FS Middleton,BA Hutton,0,0,,,,,,"",""
ball,2,2.3,Hampshire,MD Stoneman,FS Middleton,BA Hutton,3,0,,,,,,"",""
ball,2,2.4,Hampshire,FS Middleton,MD Stoneman,BA Hutton,1,0,,,,,,"",""
ball,2,2.5,Hampshire,MD Stoneman,FS Middleton,BA Hutton,0,0,,,,,,"",""
ball,2,2.6,Hampshire,MD Stoneman,FS Middleton,BA Hutton,0,0,,,,,,"",""
ball,2,3.1,Hampshire,FS Middleton,MD Stoneman,Mohammad Abbas,0,0,,,,,,"",""
ball,2,3.2,Hampshire,FS Middleton,MD Stoneman,Mohammad Abbas,0,0,,,,,,"",""
ball,2,3.3,Hampshire,FS Middleton,MD Stoneman,Mohammad Abbas,0,0,,,,,,"",""
ball,2,3.4,Hampshire,FS Middleton,MD Stoneman,Mohammad Abbas,0,0,,,,,,"",""
ball,2,3.5,Hampshire,FS Middleton,MD Stoneman,Mohammad Abbas,0,0,,,,,,"",""
ball,2,3.6,Hampshire,FS Middleton,MD Stoneman,Mohammad Abbas,0,0,,,,,,"",""
ball,2,4.1,Hampshire,MD Stoneman,FS Middleton,BA Hutton,0,0,,,,,,"",""
ball,2,4.2,Hampshire,MD Stoneman,FS Middleton,BA Hutton,4,0,,,,,,"",""
ball,2,4.3,Hampshire,MD Stoneman,FS Middleton,BA Hutton,4,0,,,,,,"",""
ball,2,4.4,Hampshire,MD Stoneman,FS Middleton,BA Hutton,0,0,,,,,,"",""
ball,2,4.5,Hampshire,MD Stoneman,FS Middleton,BA Hutton,1,0,,,,,,"",""
ball,2,4.6,Hampshire,FS Middleton,MD Stoneman,BA Hutton,0,4,,,,4,,"",""
ball,2,5.1,Hampshire,MD Stoneman,FS Middleton,Mohammad Abbas,0,0,,,,,,"",""
ball,2,5.2,Hampshire,MD Stoneman,FS Middleton,Mohammad Abbas,0,0,,,,,,"",""
ball,2,5.3,Hampshire,MD Stoneman,FS Middleton,Mohammad Abbas,0,0,,,,,,"",""
ball,2,5.4,Hampshire,MD Stoneman,FS Middleton,Mohammad Abbas,0,0,,,,,,"",""
ball,2,5.5,Hampshire,MD Stoneman,FS Middleton,Mohammad Abbas,0,0,,,,,,"",""
ball,2,5.6,Hampshire,MD Stoneman,FS Middleton,Mohammad Abbas,0,0,,,,,,"",""
ball,2,6.1,Hampshire,FS Middleton,MD Stoneman,BA Hutton,1,0,,,,,,"",""
ball,2,6.2,Hampshire,MD Stoneman,FS Middleton,BA Hutton,0,0,,,,,,caught and bowled,MD Stoneman
ball,2,6.3,Hampshire,NRT Gubbins,FS Middleton,BA Hutton,0,0,,,,,,"",""
ball,2,6.4,Hampshire,NRT Gubbins,FS Middleton,BA Hutton,0,0,,,,,,"",""
ball,2,6.5,Hampshire,NRT Gubbins,FS Middleton,BA Hutton,0,0,,,,,,"",""
ball,2,6.6,Hampshire,NRT Gubbins,FS Middleton,BA Hutton,0,0,,,,,,"",""
ball,2,7.1,Hampshire,FS Middleton,NRT Gubbins,Mohammad Abbas,0,0,,,,,,"",""
ball,2,7.2,Hampshire,FS Middleton,NRT Gubbins,Mohammad Abbas,0,0,,,,,,"",""
ball,2,7.3,Hampshire,FS Middleton,NRT Gubbins,Mohammad Abbas,4,0,,,,,,"",""
ball,2,7.4,Hampshire,FS Middleton,NRT Gubbins,Mohammad Abbas,0,0,,,,,,"",""
ball,2,7.5,Hampshire,FS Middleton,NRT Gubbins,Mohammad Abbas,0,0,,,,,,"",""
ball,2,7.6,Hampshire,FS Middleton,NRT Gubbins,Mohammad Abbas,0,0,,,,,,"",""
ball,2,8.1,Hampshire,NRT Gubbins,FS Middleton,BA Hutton,0,0,,,,,,"",""
ball,2,8.2,Hampshire,NRT Gubbins,FS Middleton,BA Hutton,0,0,,,,,,"",""
ball,2,8.3,Hampshire,NRT Gubbins,FS Middleton,BA Hutton,0,0,,,,,,"",""
ball,2,8.4,Hampshire,NRT Gubbins,FS Middleton,BA Hutton,0,0,,,,,,"",""
ball,2,8.5,Hampshire,NRT Gubbins,FS Middleton,BA Hutton,0,0,,,,,,"",""
ball,2,8.6,Hampshire,NRT Gubbins,FS Middleton,BA Hutton,0,0,,,,,,"",""
ball,2,9.1,Hampshire,FS Middleton,NRT Gubbins,Mohammad Abbas,0,0,,,,,,"",""
ball,2,9.2,Hampshire,FS Middleton,NRT Gubbins,Mohammad Abbas,0,0,,,,,,"",""
ball,2,9.3,Hampshire,FS Middleton,NRT Gubbins,Mohammad Abbas,0,0,,,,,,"",""
ball,2,9.4,Hampshire,FS Middleton,NRT Gubbins,Mohammad Abbas,0,0,,,,,,"",""
ball,2,9.5,Hampshire,FS Middleton,NRT Gubbins,Mohammad Abbas,1,0,,,,,,"",""
ball,2,9.6,Hampshire,NRT Gubbins,FS Middleton,Mohammad Abbas,0,0,,,,,,"",""
ball,2,10.1,Hampshire,FS Middleton,NRT Gubbins,BA Hutton,0,0,,,,,,"",""
ball,2,10.2,Hampshire,FS Middleton,NRT Gubbins,BA Hutton,0,0,,,,,,"",""
ball,2,10.3,Hampshire,FS Middleton,NRT Gubbins,BA Hutton,4,0,,,,,,"",""
ball,2,10.4,Hampshire,FS Middleton,NRT Gubbins,BA Hutton,0,0,,,,,,"",""
ball,2,10.5,Hampshire,FS Middleton,NRT Gubbins,BA Hutton,1,0,,,,,,"",""
ball,2,10.6,Hampshire,NRT Gubbins,FS Middleton,BA Hutton,0,0,,,,,,"",""
ball,2,11.1,Hampshire,FS Middleton,NRT Gubbins,Mohammad Abbas,1,0,,,,,,"",""
ball,2,11.2,Hampshire,NRT Gubbins,FS Middleton,Mohammad Abbas,0,0,,,,,,caught,NRT Gubbins
ball,2,11.3,Hampshire,TJ Prest,FS Middleton,Mohammad Abbas,0,0,,,,,,"",""
ball,2,11.4,Hampshire,TJ Prest,FS Middleton,Mohammad Abbas,0,0,,,,,,"",""
ball,2,11.5,Hampshire,TJ Prest,FS Middleton,Mohammad Abbas,0,0,,,,,,"",""
ball,2,11.6,Hampshire,TJ Prest,FS Middleton,Mohammad Abbas,0,0,,,,,,"",""
ball,2,12.1,Hampshire,FS Middleton,TJ Prest,LW James,0,0,,,,,,"",""
ball,2,12.2,Hampshire,FS Middleton,TJ Prest,LW James,2,0,,,,,,"",""
ball,2,12.3,Hampshire,FS Middleton,TJ Prest,LW James,0,0,,,,,,"",""
ball,2,12.4,Hampshire,FS Middleton,TJ Prest,LW James,0,0,,,,,,"",""
ball,2,12.5,Hampshire,FS Middleton,TJ Prest,LW James,0,0,,,,,,"",""
ball,2,12.6,Hampshire,FS Middleton,TJ Prest,LW James,0,0,,,,,,"",""
ball,2,13.1,Hampshire,TJ Prest,FS Middleton,Mohammad Abbas,0,0,,,,,,"",""
ball,2,13.2,Hampshire,TJ Prest,FS Middleton,Mohammad Abbas,0,0,,,,,,"",""
ball,2,13.3,Hampshire,TJ Prest,FS Middleton,Mohammad Abbas,0,0,,,,,,"",""
ball,2,13.4,Hampshire,TJ Prest,FS Middleton,Mohammad Abbas,0,0,,,,,,"",""
ball,2,13.5,Hampshire,TJ Prest,FS Middleton,Mohammad Abbas,0,0,,,,,,"",""
ball,2,13.6,Hampshire,TJ Prest,FS Middleton,Mohammad Abbas,1,0,,,,,,"",""
ball,2,14.1,Hampshire,TJ Prest,FS Middleton,LW James,0,0,,,,,,"",""
ball,2,14.2,Hampshire,TJ Prest,FS Middleton,LW James,1,0,,,,,,"",""
ball,2,14.3,Hampshire,FS Middleton,TJ Prest,LW James,1,0,,,,,,"",""
ball,2,14.4,Hampshire,TJ Prest,FS Middleton,LW James,0,0,,,,,,"",""
ball,2,14.5,Hampshire,TJ Prest,FS Middleton,LW James,0,0,,,,,,"",""
ball,2,14.6,Hampshire,TJ Prest,FS Middleton,LW James,0,0,,,,,,"",""
ball,2,15.1,Hampshire,FS Middleton,TJ Prest,Mohammad Abbas,1,0,,,,,,"",""
ball,2,15.2,Hampshire,TJ Prest,FS Middleton,Mohammad Abbas,1,0,,,,,,"",""
ball,2,15.3,Hampshire,FS Middleton,TJ Prest,Mohammad Abbas,0,0,,,,,,"",""
ball,2,15.4,Hampshire,FS Middleton,TJ Prest,Mohammad Abbas,0,0,,,,,,"",""
ball,2,15.5,Hampshire,FS Middleton,TJ Prest,Mohammad Abbas,0,0,,,,,,"",""
ball,2,15.6,Hampshire,FS Middleton,TJ Prest,Mohammad Abbas,0,0,,,,,,"",""
ball,2,16.1,Hampshire,TJ Prest,FS Middleton,LW James,1,0,,,,,,"",""
ball,2,16.2,Hampshire,FS Middleton,TJ Prest,LW James,1,0,,,,,,"",""
ball,2,16.3,Hampshire,TJ Prest,FS Middleton,LW James,0,0,,,,,,"",""
ball,2,16.4,Hampshire,TJ Prest,FS Middleton,LW James,0,0,,,,,,"",""
ball,2,16.5,Hampshire,TJ Prest,FS Middleton,LW James,0,0,,,,,,"",""
ball,2,16.6,Hampshire,TJ Prest,FS Middleton,LW James,1,0,,,,,,"",""
ball,2,17.1,Hampshire,TJ Prest,FS Middleton,BA Hutton,1,0,,,,,,"",""
ball,2,17.2,Hampshire,FS Middleton,TJ Prest,BA Hutton,2,0,,,,,,"",""
ball,2,17.3,Hampshire,FS Middleton,TJ Prest,BA Hutton,0,0,,,,,,"",""
ball,2,17.4,Hampshire,FS Middleton,TJ Prest,BA Hutton,0,0,,,,,,"",""
ball,2,17.5,Hampshire,FS Middleton,TJ Prest,BA Hutton,0,0,,,,,,"",""
ball,2,17.6,Hampshire,FS Middleton,TJ Prest,BA Hutton,0,0,,,,,,"",""
ball,2,18.1,Hampshire,TJ Prest,FS Middleton,LW James,0,0,,,,,,"",""
ball,2,18.2,Hampshire,TJ Prest,FS Middleton,LW James,0,0,,,,,,"",""
ball,2,18.3,Hampshire,TJ Prest,FS Middleton,LW James,0,0,,,,,,"",""
ball,2,18.4,Hampshire,TJ Prest,FS Middleton,LW James,0,0,,,,,,"",""
ball,2,18.5,Hampshire,TJ Prest,FS Middleton,LW James,0,0,,,,,,"",""
ball,2,18.6,Hampshire,TJ Prest,FS Middleton,LW James,4,0,,,,,,"",""
ball,2,19.1,Hampshire,FS Middleton,TJ Prest,BA Hutton,0,0,,,,,,"",""
ball,2,19.2,Hampshire,FS Middleton,TJ Prest,BA Hutton,4,0,,,,,,"",""
ball,2,19.3,Hampshire,FS Middleton,TJ Prest,BA Hutton,1,0,,,,,,"",""
ball,2,19.4,Hampshire,TJ Prest,FS Middleton,BA Hutton,4,0,,,,,,"",""
ball,2,19.5,Hampshire,TJ Prest,FS Middleton,BA Hutton,0,0,,,,,,"",""
ball,2,19.6,Hampshire,TJ Prest,FS Middleton,BA Hutton,1,0,,,,,,"",""
ball,2,20.1,Hampshire,TJ Prest,FS Middleton,LW James,0,0,,,,,,"",""
ball,2,20.2,Hampshire,TJ Prest,FS Middleton,LW James,1,0,,,,,,"",""
ball,2,20.3,Hampshire,FS Middleton,TJ Prest,LW James,0,0,,,,,,"",""
ball,2,20.4,Hampshire,FS Middleton,TJ Prest,LW James,0,0,,,,,,"",""
ball,2,20.5,Hampshire,FS Middleton,TJ Prest,LW James,1,0,,,,,,"",""
ball,2,20.6,Hampshire,TJ Prest,FS Middleton,LW James,1,0,,,,,,"",""
ball,2,21.1,Hampshire,TJ Prest,FS Middleton,BA Hutton,0,0,,,,,,"",""
ball,2,21.2,Hampshire,TJ Prest,FS Middleton,BA Hutton,1,0,,,,,,"",""
ball,2,21.3,Hampshire,FS Middleton,TJ Prest,BA Hutton,0,0,,,,,,"",""
ball,2,21.4,Hampshire,FS Middleton,TJ Prest,BA Hutton,0,0,,,,,,"",""
ball,2,21.5,Hampshire,FS Middleton,TJ Prest,BA Hutton,0,0,,,,,,"",""
ball,2,21.6,Hampshire,FS Middleton,TJ Prest,BA Hutton,0,0,,,,,,"",""
ball,2,22.1,Hampshire,TJ Prest,FS Middleton,LW James,4,0,,,,,,"",""
ball,2,22.2,Hampshire,TJ Prest,FS Middleton,LW James,0,1,,,,1,,"",""
ball,2,22.3,Hampshire,FS Middleton,TJ Prest,LW James,4,0,,,,,,"",""
ball,2,22.4,Hampshire,FS Middleton,TJ Prest,LW James,0,0,,,,,,"",""
ball,2,22.5,Hampshire,FS Middleton,TJ Prest,LW James,0,0,,,,,,caught,FS Middleton
ball,2,22.6,Hampshire,BC Brown,TJ Prest,LW James,0,0,,,,,,"",""
ball,2,23.1,Hampshire,TJ Prest,BC Brown,BA Hutton,0,0,,,,,,"",""
ball,2,23.2,Hampshire,TJ Prest,BC Brown,BA Hutton,0,0,,,,,,"",""
ball,2,23.3,Hampshire,TJ Prest,BC Brown,BA Hutton,0,0,,,,,,"",""
ball,2,23.4,Hampshire,TJ Prest,BC Brown,BA Hutton,2,0,,,,,,"",""
ball,2,23.5,Hampshire,TJ Prest,BC Brown,BA Hutton,4,0,,,,,,"",""
ball,2,23.6,Hampshire,TJ Prest,BC Brown,BA Hutton,0,0,,,,,,"",""
ball,2,24.1,Hampshire,BC Brown,TJ Prest,LW James,0,0,,,,,,"",""
ball,2,24.2,Hampshire,BC Brown,TJ Prest,LW James,0,0,,,,,,"",""
ball,2,24.3,Hampshire,BC Brown,TJ Prest,LW James,0,0,,,,,,"",""
ball,2,24.4,Hampshire,BC Brown,TJ Prest,LW James,0,0,,,,,,"",""
ball,2,24.5,Hampshire,BC Brown,TJ Prest,LW James,0,0,,,,,,"",""
ball,2,24.6,Hampshire,BC Brown,TJ Prest,LW James,0,0,,,,,,"",""
ball,2,25.1,Hampshire,TJ Prest,BC Brown,LA Patterson-White,0,0,,,,,,"",""
ball,2,25.2,Hampshire,TJ Prest,BC Brown,LA Patterson-White,0,0,,,,,,"",""
ball,2,25.3,Hampshire,TJ Prest,BC Brown,LA Patterson-White,0,0,,,,,,"",""
ball,2,25.4,Hampshire,TJ Prest,BC Brown,LA Patterson-White,1,0,,,,,,"",""
ball,2,25.5,Hampshire,BC Brown,TJ Prest,LA Patterson-White,0,0,,,,,,"",""
ball,2,25.6,Hampshire,BC Brown,TJ Prest,LA Patterson-White,0,0,,,,,,"",""
ball,2,26.1,Hampshire,TJ Prest,BC Brown,LW James,0,0,,,,,,"",""
ball,2,26.2,Hampshire,TJ Prest,BC Brown,LW James,0,0,,,,,,"",""
ball,2,26.3,Hampshire,TJ Prest,BC Brown,LW James,2,0,,,,,,"",""
ball,2,26.4,Hampshire,TJ Prest,BC Brown,LW James,1,2,,2,,,,"",""
ball,2,26.5,Hampshire,BC Brown,TJ Prest,LW James,0,0,,,,,,"",""
ball,2,26.6,Hampshire,BC Brown,TJ Prest,LW James,0,0,,,,,,"",""
ball,2,26.7,Hampshire,BC Brown,TJ Prest,LW James,1,0,,,,,,"",""
ball,2,27.1,Hampshire,BC Brown,TJ Prest,LA Patterson-White,1,0,,,,,,"",""
ball,2,27.2,Hampshire,TJ Prest,BC Brown,LA Patterson-White,0,0,,,,,,"",""
ball,2,27.3,Hampshire,TJ Prest,BC Brown,LA Patterson-White,2,0,,,,,,"",""
ball,2,27.4,Hampshire,TJ Prest,BC Brown,LA Patterson-White,0,0,,,,,,"",""
ball,2,27.5,Hampshire,TJ Prest,BC Brown,LA Patterson-White,0,0,,,,,,"",""
ball,2,27.6,Hampshire,TJ Prest,BC Brown,LA Patterson-White,1,0,,,,,,"",""
ball,2,28.1,Hampshire,TJ Prest,BC Brown,Mohammad Abbas,4,0,,,,,,"",""
ball,2,28.2,Hampshire,TJ Prest,BC Brown,Mohammad Abbas,4,0,,,,,,"",""
ball,2,28.3,Hampshire,TJ Prest,BC Brown,Mohammad Abbas,0,0,,,,,,lbw,TJ Prest
ball,2,28.4,Hampshire,LA Dawson,BC Brown,Mohammad Abbas,0,0,,,,,,"",""
ball,2,28.5,Hampshire,LA Dawson,BC Brown,Mohammad Abbas,0,0,,,,,,"",""
ball,2,28.6,Hampshire,LA Dawson,BC Brown,Mohammad Abbas,0,0,,,,,,"",""
ball,2,29.1,Hampshire,BC Brown,LA Dawson,LA Patterson-White,0,0,,,,,,"",""
ball,2,29.2,Hampshire,BC Brown,LA Dawson,LA Patterson-White,0,0,,,,,,"",""
ball,2,29.3,Hampshire,BC Brown,LA Dawson,LA Patterson-White,1,0,,,,,,"",""
ball,2,29.4,Hampshire,LA Dawson,BC Brown,LA Patterson-White,0,0,,,,,,"",""
ball,2,29.5,Hampshire,LA Dawson,BC Brown,LA Patterson-White,1,0,,,,,,"",""
ball,2,29.6,Hampshire,BC Brown,LA Dawson,LA Patterson-White,0,0,,,,,,"",""
ball,2,30.1,Hampshire,LA Dawson,BC Brown,Mohammad Abbas,0,0,,,,,,"",""
ball,2,30.2,Hampshire,LA Dawson,BC Brown,Mohammad Abbas,0,0,,,,,,"",""
ball,2,30.3,Hampshire,LA Dawson,BC Brown,Mohammad Abbas,0,0,,,,,,"",""
ball,2,30.4,Hampshire,LA Dawson,BC Brown,Mohammad Abbas,1,0,,,,,,"",""
ball,2,30.5,Hampshire,BC Brown,LA Dawson,Mohammad Abbas,0,0,,,,,,bowled,BC Brown
ball,2,30.6,Hampshire,TE Albert,LA Dawson,Mohammad Abbas,0,0,,,,,,"",""
ball,2,31.1,Hampshire,LA Dawson,TE Albert,BA Hutton,0,0,,,,,,"",""
ball,2,31.2,Hampshire,LA Dawson,TE Albert,BA Hutton,0,0,,,,,,"",""
ball,2,31.3,Hampshire,LA Dawson,TE Albert,BA Hutton,0,0,,,,,,"",""
ball,2,31.4,Hampshire,LA Dawson,TE Albert,BA Hutton,0,0,,,,,,"",""
ball,2,31.5,Hampshire,LA Dawson,TE Albert,BA Hutton,0,0,,,,,,"",""
ball,2,31.6,Hampshire,LA Dawson,TE Albert,BA Hutton,0,0,,,,,,"",""
ball,2,32.1,Hampshire,TE Albert,LA Dawson,Mohammad Abbas,0,0,,,,,,"",""
ball,2,32.2,Hampshire,TE Albert,LA Dawson,Mohammad Abbas,0,0,,,,,,"",""
ball,2,32.3,Hampshire,TE Albert,LA Dawson,Mohammad Abbas,0,0,,,,,,caught,TE Albert
ball,2,32.4,Hampshire,JK Fuller,LA Dawson,Mohammad Abbas,0,0,,,,,,"",""
ball,2,32.5,Hampshire,JK Fuller,LA Dawson,Mohammad Abbas,0,0,,,,,,"",""
ball,2,32.6,Hampshire,JK Fuller,LA Dawson,Mohammad Abbas,0,0,,,,,,"",""
ball,2,33.1,Hampshire,LA Dawson,JK Fuller,BA Hutton,0,0,,,,,,"",""
ball,2,33.2,Hampshire,LA Dawson,JK Fuller,BA Hutton,1,0,,,,,,"",""
ball,2,33.3,Hampshire,JK Fuller,LA Dawson,BA Hutton,0,0,,,,,,"",""
ball,2,33.4,Hampshire,JK Fuller,LA Dawson,BA Hutton,4,0,,,,,,"",""
ball,2,33.5,Hampshire,JK Fuller,LA Dawson,BA Hutton,1,0,,,,,,"",""
ball,2,33.6,Hampshire,LA Dawson,JK Fuller,BA Hutton,0,0,,,,,,"",""
ball,2,34.1,Hampshire,JK Fuller,LA Dawson,Mohammad Abbas,0,0,,,,,,"",""
ball,2,34.2,Hampshire,JK Fuller,LA Dawson,Mohammad Abbas,0,0,,,,,,"",""
ball,2,34.3,Hampshire,JK Fuller,LA Dawson,Mohammad Abbas,0,0,,,,,,"",""
ball,2,34.4,Hampshire,JK Fuller,LA Dawson,Mohammad Abbas,0,0,,,,,,"",""
ball,2,34.5,Hampshire,JK Fuller,LA Dawson,Mohammad Abbas,0,0,,,,,,"",""
ball,2,34.6,Hampshire,JK Fuller,LA Dawson,Mohammad Abbas,0,0,,,,,,"",""
ball,2,35.1,Hampshire,LA Dawson,JK Fuller,BA Hutton,1,0,,,,,,"",""
ball,2,35.2,Hampshire,JK Fuller,LA Dawson,BA Hutton,0,0,,,,,,"",""
ball,2,35.3,Hampshire,JK Fuller,LA Dawson,BA Hutton,0,0,,,,,,lbw,JK Fuller
ball,2,35.4,Hampshire,KJ Abbott,LA Dawson,BA Hutton,4,0,,,,,,"",""
ball,2,35.5,Hampshire,KJ Abbott,LA Dawson,BA Hutton,0,0,,,,,,"",""
ball,2,35.6,Hampshire,KJ Abbott,LA Dawson,BA Hutton,4,0,,,,,,"",""
ball,2,36.1,Hampshire,LA Dawson,KJ Abbott,Mohammad Abbas,0,0,,,,,,"",""
ball,2,36.2,Hampshire,LA Dawson,KJ Abbott,Mohammad Abbas,1,0,,,,,,"",""
ball,2,36.3,Hampshire,KJ Abbott,LA Dawson,Mohammad Abbas,0,0,,,,,,"",""
ball,2,36.4,Hampshire,KJ Abbott,LA Dawson,Mohammad Abbas,0,0,,,,,,"",""
ball,2,36.5,Hampshire,KJ Abbott,LA Dawson,Mohammad Abbas,4,0,,,,,,"",""
ball,2,36.6,Hampshire,KJ Abbott,LA Dawson,Mohammad Abbas,0,0,,,,,,"",""
ball,2,37.1,Hampshire,LA Dawson,KJ Abbott,BA Hutton,0,0,,,,,,"",""
ball,2,37.2,Hampshire,LA Dawson,KJ Abbott,BA Hutton,1,0,,,,,,"",""
ball,2,37.3,Hampshire,KJ Abbott,LA Dawson,BA Hutton,0,0,,,,,,"",""
ball,2,37.4,Hampshire,KJ Abbott,LA Dawson,BA Hutton,4,0,,,,,,"",""
ball,2,37.5,Hampshire,KJ Abbott,LA Dawson,BA Hutton,1,0,,,,,,"",""
ball,2,37.6,Hampshire,LA Dawson,KJ Abbott,BA Hutton,4,0,,,,,,"",""
ball,2,38.1,Hampshire,KJ Abbott,LA Dawson,Mohammad Abbas,0,0,,,,,,"",""
ball,2,38.2,Hampshire,KJ Abbott,LA Dawson,Mohammad Abbas,1,0,,,,,,"",""
ball,2,38.3,Hampshire,LA Dawson,KJ Abbott,Mohammad Abbas,1,0,,,,,,"",""
ball,2,38.4,Hampshire,KJ Abbott,LA Dawson,Mohammad Abbas,1,0,,,,,,"",""
ball,2,38.5,Hampshire,LA Dawson,KJ Abbott,Mohammad Abbas,1,0,,,,,,"",""
ball,2,38.6,Hampshire,KJ Abbott,LA Dawson,Mohammad Abbas,0,0,,,,,,"",""
ball,2,39.1,Hampshire,LA Dawson,KJ Abbott,LA Patterson-White,2,0,,,,,,"",""
ball,2,39.2,Hampshire,LA Dawson,KJ Abbott,LA Patterson-White,4,0,,,,,,"",""
ball,2,39.3,Hampshire,LA Dawson,KJ Abbott,LA Patterson-White,1,0,,,,,,"",""
ball,2,39.4,Hampshire,KJ Abbott,LA Dawson,LA Patterson-White,0,0,,,,,,"",""
ball,2,39.5,Hampshire,KJ Abbott,LA Dawson,LA Patterson-White,6,0,,,,,,"",""
ball,2,39.6,Hampshire,KJ Abbott,LA Dawson,LA Patterson-White,1,0,,,,,,"",""
ball,2,40.1,Hampshire,KJ Abbott,LA Dawson,Mohammad Abbas,1,0,,,,,,"",""
ball,2,40.2,Hampshire,LA Dawson,KJ Abbott,Mohammad Abbas,0,0,,,,,,caught,LA Dawson
ball,2,40.3,Hampshire,BTJ Wheal,KJ Abbott,Mohammad Abbas,1,0,,,,,,"",""
ball,2,40.4,Hampshire,KJ Abbott,BTJ Wheal,Mohammad Abbas,1,0,,,,,,"",""
ball,2,40.5,Hampshire,BTJ Wheal,KJ Abbott,Mohammad Abbas,0,0,,,,,,"",""
ball,2,40.6,Hampshire,BTJ Wheal,KJ Abbott,Mohammad Abbas,0,0,,,,,,"",""
ball,2,41.1,Hampshire,KJ Abbott,BTJ Wheal,LA Patterson-White,0,0,,,,,,"",""
ball,2,41.2,Hampshire,KJ Abbott,BTJ Wheal,LA Patterson-White,0,0,,,,,,"",""
ball,2,41.3,Hampshire,KJ Abbott,BTJ Wheal,LA Patterson-White,4,0,,,,,,"",""
ball,2,41.4,Hampshire,KJ Abbott,BTJ Wheal,LA Patterson-White,1,0,,,,,,"",""
ball,2,41.5,Hampshire,BTJ Wheal,KJ Abbott,LA Patterson-White,0,0,,,,,,"",""
ball,2,41.6,Hampshire,BTJ Wheal,KJ Abbott,LA Patterson-White,0,0,,,,,,"",""
ball,2,42.1,Hampshire,KJ Abbott,BTJ Wheal,LW James,0,2,,2,,,,"",""
ball,2,42.2,Hampshire,KJ Abbott,BTJ Wheal,LW James,0,0,,,,,,"",""
ball,2,42.3,Hampshire,KJ Abbott,BTJ Wheal,LW James,4,0,,,,,,"",""
ball,2,42.4,Hampshire,KJ Abbott,BTJ Wheal,LW James,0,0,,,,,,"",""
ball,2,42.5,Hampshire,KJ Abbott,BTJ Wheal,LW James,1,0,,,,,,"",""
ball,2,42.6,Hampshire,BTJ Wheal,KJ Abbott,LW James,4,0,,,,,,"",""
ball,2,42.7,Hampshire,BTJ Wheal,KJ Abbott,LW James,0,0,,,,,,"",""
ball,2,43.1,Hampshire,KJ Abbott,BTJ Wheal,BA Hutton,6,0,,,,,,"",""
ball,2,43.2,Hampshire,KJ Abbott,BTJ Wheal,BA Hutton,2,0,,,,,,"",""
ball,2,43.3,Hampshire,KJ Abbott,BTJ Wheal,BA Hutton,1,0,,,,,,"",""
ball,2,43.4,Hampshire,BTJ Wheal,KJ Abbott,BA Hutton,0,0,,,,,,"",""
ball,2,43.5,Hampshire,BTJ Wheal,KJ Abbott,BA Hutton,0,0,,,,,,"",""
ball,2,43.6,Hampshire,BTJ Wheal,KJ Abbott,BA Hutton,0,0,,,,,,"",""
ball,2,44.1,Hampshire,KJ Abbott,BTJ Wheal,LW James,1,0,,,,,,"",""
ball,2,44.2,Hampshire,BTJ Wheal,KJ Abbott,LW James,1,0,,,,,,"",""
ball,2,44.3,Hampshire,KJ Abbott,BTJ Wheal,LW James,0,0,,,,,,"",""
ball,2,44.4,Hampshire,KJ Abbott,BTJ Wheal,LW James,1,0,,,,,,"",""
ball,2,44.5,Hampshire,BTJ Wheal,KJ Abbott,LW James,0,0,,,,,,caught,BTJ Wheal
ball,2,44.6,Hampshire,S Baker,KJ Abbott,LW James,0,0,,,,,,"",""
ball,2,45.1,Hampshire,KJ Abbott,S Baker,BA Hutton,0,0,,,,,,"",""
ball,2,45.2,Hampshire,KJ Abbott,S Baker,BA Hutton,4,0,,,,,,"",""
ball,2,45.3,Hampshire,KJ Abbott,S Baker,BA Hutton,1,0,,,,,,"",""
ball,2,45.4,Hampshire,S Baker,KJ Abbott,BA Hutton,0,0,,,,,,"",""
ball,2,45.5,Hampshire,S Baker,KJ Abbott,BA Hutton,0,0,,,,,,"",""
ball,2,45.6,Hampshire,S Baker,KJ Abbott,BA Hutton,0,0,,,,,,"",""
ball,2,46.1,Hampshire,KJ Abbott,S Baker,LW James,0,0,,,,,,"",""
ball,2,46.2,Hampshire,KJ Abbott,S Baker,LW James,0,0,,,,,,"",""
ball,2,46.3,Hampshire,KJ Abbott,S Baker,LW James,0,0,,,,,,"",""
ball,2,46.4,Hampshire,KJ Abbott,S Baker,LW James,1,0,,,,,,"",""
ball,2,46.5,Hampshire,S Baker,KJ Abbott,LW James,0,0,,,,,,"",""
ball,2,46.6,Hampshire,S Baker,KJ Abbott,LW James,0,0,,,,,,"",""
ball,2,47.1,Hampshire,KJ Abbott,S Baker,BA Hutton,0,0,,,,,,"",""
ball,2,47.2,Hampshire,KJ Abbott,S Baker,BA Hutton,4,0,,,,,,"",""
ball,2,47.3,Hampshire,KJ Abbott,S Baker,BA Hutton,6,0,,,,,,"",""
ball,2,47.4,Hampshire,KJ Abbott,S Baker,BA Hutton,1,0,,,,,,"",""
ball,2,47.5,Hampshire,S Baker,KJ Abbott,BA Hutton,0,0,,,,,,"",""
ball,2,47.6,Hampshire,S Baker,KJ Abbott,BA Hutton,0,0,,,,,,"",""
ball,2,48.1,Hampshire,KJ Abbott,S Baker,LW James,0,0,,,,,,"",""
ball,2,48.2,Hampshire,KJ Abbott,S Baker,LW James,0,0,,,,,,"",""
ball,2,48.3,Hampshire,KJ Abbott,S Baker,LW James,0,0,,,,,,"",""
ball,2,48.4,Hampshire,KJ Abbott,S Baker,LW James,1,0,,,,,,"",""
ball,2,48.5,Hampshire,S Baker,KJ Abbott,LW James,0,0,,,,,,"",""
ball,2,48.6,Hampshire,S Baker,KJ Abbott,LW James,0,0,,,,,,"",""
ball,2,49.1,Hampshire,KJ Abbott,S Baker,Farhan Ahmed,0,0,,,,,,"",""
ball,2,49.2,Hampshire,KJ Abbott,S Baker,Farhan Ahmed,0,0,,,,,,caught,KJ Abbott
ball,3,0.1,Nottinghamshire,H Hameed,BT Slater,BTJ Wheal,4,0,,,,,,"",""
ball,3,0.2,Nottinghamshire,H Hameed,BT Slater,BTJ Wheal,0,0,,,,,,"",""
ball,3,0.3,Nottinghamshire,H Hameed,BT Slater,BTJ Wheal,0,0,,,,,,"",""
ball,3,0.4,Nottinghamshire,H Hameed,BT Slater,BTJ Wheal,0,0,,,,,,"",""
ball,3,0.5,Nottinghamshire,H Hameed,BT Slater,BTJ Wheal,0,0,,,,,,"",""
ball,3,0.6,Nottinghamshire,H Hameed,BT Slater,BTJ Wheal,0,0,,,,,,"",""
ball,3,1.1,Nottinghamshire,BT Slater,H Hameed,KJ Abbott,0,0,,,,,,"",""
ball,3,1.2,Nottinghamshire,BT Slater,H Hameed,KJ Abbott,0,0,,,,,,"",""
ball,3,1.3,Nottinghamshire,BT Slater,H Hameed,KJ Abbott,1,0,,,,,,"",""
ball,3,1.4,Nottinghamshire,H Hameed,BT Slater,KJ Abbott,0,0,,,,,,"",""
ball,3,1.5,Nottinghamshire,H Hameed,BT Slater,KJ Abbott,0,0,,,,,,"",""
ball,3,1.6,Nottinghamshire,H Hameed,BT Slater,KJ Abbott,4,0,,,,,,"",""
ball,3,2.1,Nottinghamshire,BT Slater,H Hameed,BTJ Wheal,0,0,,,,,,"",""
ball,3,2.2,Nottinghamshire,BT Slater,H Hameed,BTJ Wheal,0,0,,,,,,"",""
ball,3,2.3,Nottinghamshire,BT Slater,H Hameed,BTJ Wheal,2,0,,,,,,"",""
ball,3,2.4,Nottinghamshire,BT Slater,H Hameed,BTJ Wheal,0,0,,,,,,"",""
ball,3,2.5,Nottinghamshire,BT Slater,H Hameed,BTJ Wheal,0,0,,,,,,"",""
ball,3,2.6,Nottinghamshire,BT Slater,H Hameed,BTJ Wheal,0,0,,,,,,"",""
ball,3,3.1,Nottinghamshire,H Hameed,BT Slater,KJ Abbott,0,0,,,,,,"",""
ball,3,3.2,Nottinghamshire,H Hameed,BT Slater,KJ Abbott,0,0,,,,,,"",""
ball,3,3.3,Nottinghamshire,H Hameed,BT Slater,KJ Abbott,0,0,,,,,,bowled,H Hameed
ball,3,3.4,Nottinghamshire,FW McCann,BT Slater,KJ Abbott,0,0,,,,,,"",""
ball,3,3.5,Nottinghamshire,FW McCann,BT Slater,KJ Abbott,0,0,,,,,,"",""
ball,3,3.6,Nottinghamshire,FW McCann,BT Slater,KJ Abbott,4,0,,,,,,"",""
ball,3,4.1,Nottinghamshire,BT Slater,FW McCann,BTJ Wheal,0,0,,,,,,"",""
ball,3,4.2,Nottinghamshire,BT Slater,FW McCann,BTJ Wheal,4,0,,,,,,"",""
ball,3,4.3,Nottinghamshire,BT Slater,FW McCann,BTJ Wheal,0,0,,,,,,"",""
ball,3,4.4,Nottinghamshire,BT Slater,FW McCann,BTJ Wheal,0,0,,,,,,"",""
ball,3,4.5,Nottinghamshire,BT Slater,FW McCann,BTJ Wheal,0,0,,,,,,"",""
ball,3,4.6,Nottinghamshire,BT Slater,FW McCann,BTJ Wheal,0,0,,,,,,"",""
ball,3,5.1,Nottinghamshire,FW McCann,BT Slater,KJ Abbott,0,0,,,,,,"",""
ball,3,5.2,Nottinghamshire,FW McCann,BT Slater,KJ Abbott,0,0,,,,,,"",""
ball,3,5.3,Nottinghamshire,FW McCann,BT Slater,KJ Abbott,0,0,,,,,,"",""
ball,3,5.4,Nottinghamshire,FW McCann,BT Slater,KJ Abbott,0,0,,,,,,"",""
ball,3,5.5,Nottinghamshire,FW McCann,BT Slater,KJ Abbott,0,0,,,,,,"",""
ball,3,5.6,Nottinghamshire,FW McCann,BT Slater,KJ Abbott,0,0,,,,,,"",""
ball,3,6.1,Nottinghamshire,BT Slater,FW McCann,BTJ Wheal,0,0,,,,,,"",""
ball,3,6.2,Nottinghamshire,BT Slater,FW McCann,BTJ Wheal,1,0,,,,,,"",""
ball,3,6.3,Nottinghamshire,FW McCann,BT Slater,BTJ Wheal,1,0,,,,,,"",""
ball,3,6.4,Nottinghamshire,BT Slater,FW McCann,BTJ Wheal,4,0,,,,,,"",""
ball,3,6.5,Nottinghamshire,BT Slater,FW McCann,BTJ Wheal,1,0,,,,,,"",""
ball,3,6.6,Nottinghamshire,FW McCann,BT Slater,BTJ Wheal,0,0,,,,,,"",""
ball,3,7.1,Nottinghamshire,BT Slater,FW McCann,KJ Abbott,0,0,,,,,,caught,BT Slater
ball,3,7.2,Nottinghamshire,JM Clarke,FW McCann,KJ Abbott,0,0,,,,,,"",""
ball,3,7.3,Nottinghamshire,JM Clarke,FW McCann,KJ Abbott,0,0,,,,,,"",""
ball,3,7.4,Nottinghamshire,JM Clarke,FW McCann,KJ Abbott,0,0,,,,,,"",""
ball,3,7.5,Nottinghamshire,JM Clarke,FW McCann,KJ Abbott,0,0,,,,,,"",""
ball,3,7.6,Nottinghamshire,JM Clarke,FW McCann,KJ Abbott,0,0,,,,,,"",""
ball,3,8.1,Nottinghamshire,FW McCann,JM Clarke,JK Fuller,0,0,,,,,,"",""
ball,3,8.2,Nottinghamshire,FW McCann,JM Clarke,JK Fuller,0,0,,,,,,"",""
ball,3,8.3,Nottinghamshire,FW McCann,JM Clarke,JK Fuller,4,0,,,,,,"",""
ball,3,8.4,Nottinghamshire,FW McCann,JM Clarke,JK Fuller,0,0,,,,,,"",""
ball,3,8.5,Nottinghamshire,FW McCann,JM Clarke,JK Fuller,0,0,,,,,,"",""
ball,3,8.6,Nottinghamshire,FW McCann,JM Clarke,JK Fuller,0,0,,,,,,"",""
ball,3,9.1,Nottinghamshire,JM Clarke,FW McCann,KJ Abbott,0,0,,,,,,"",""
ball,3,9.2,Nottinghamshire,JM Clarke,FW McCann,KJ Abbott,4,0,,,,,,"",""
ball,3,9.3,Nottinghamshire,JM Clarke,FW McCann,KJ Abbott,0,0,,,,,,"",""
ball,3,9.4,Nottinghamshire,JM Clarke,FW McCann,KJ Abbott,0,0,,,,,,"",""
ball,3,9.5,Nottinghamshire,JM Clarke,FW McCann,KJ Abbott,0,0,,,,,,"",""
ball,3,9.6,Nottinghamshire,JM Clarke,FW McCann,KJ Abbott,1,0,,,,,,"",""
ball,3,10.1,Nottinghamshire,JM Clarke,FW McCann,JK Fuller,0,0,,,,,,"",""
ball,3,10.2,Nottinghamshire,JM Clarke,FW McCann,JK Fuller,0,0,,,,,,"",""
ball,3,10.3,Nottinghamshire,JM Clarke,FW McCann,JK Fuller,0,0,,,,,,"",""
ball,3,10.4,Nottinghamshire,JM Clarke,FW McCann,JK Fuller,1,0,,,,,,"",""
ball,3,10.5,Nottinghamshire,FW McCann,JM Clarke,JK Fuller,4,0,,,,,,"",""
ball,3,10.6,Nottinghamshire,FW McCann,JM Clarke,JK Fuller,0,0,,,,,,"",""
ball,3,11.1,Nottinghamshire,JM Clarke,FW McCann,BTJ Wheal,0,0,,,,,,"",""
ball,3,11.2,Nottinghamshire,JM Clarke,FW McCann,BTJ Wheal,4,0,,,,,,"",""
ball,3,11.3,Nottinghamshire,JM Clarke,FW McCann,BTJ Wheal,0,0,,,,,,"",""
ball,3,11.4,Nottinghamshire,JM Clarke,FW McCann,BTJ Wheal,0,0,,,,,,"",""
ball,3,11.5,Nottinghamshire,JM Clarke,FW McCann,BTJ Wheal,0,0,,,,,,"",""
ball,3,11.6,Nottinghamshire,JM Clarke,FW McCann,BTJ Wheal,0,0,,,,,,"",""
ball,3,12.1,Nottinghamshire,FW McCann,JM Clarke,JK Fuller,0,0,,,,,,"",""
ball,3,12.2,Nottinghamshire,FW McCann,JM Clarke,JK Fuller,4,0,,,,,,"",""
ball,3,12.3,Nottinghamshire,FW McCann,JM Clarke,JK Fuller,1,0,,,,,,"",""
ball,3,12.4,Nottinghamshire,JM Clarke,FW McCann,JK Fuller,1,0,,,,,,"",""
ball,3,12.5,Nottinghamshire,FW McCann,JM Clarke,JK Fuller,0,0,,,,,,"",""
ball,3,12.6,Nottinghamshire,FW McCann,JM Clarke,JK Fuller,0,0,,,,,,"",""
ball,3,13.1,Nottinghamshire,JM Clarke,FW McCann,BTJ Wheal,0,0,,,,,,"",""
ball,3,13.2,Nottinghamshire,JM Clarke,FW McCann,BTJ Wheal,0,0,,,,,,"",""
ball,3,13.3,Nottinghamshire,JM Clarke,FW McCann,BTJ Wheal,0,0,,,,,,"",""
ball,3,13.4,Nottinghamshire,JM Clarke,FW McCann,BTJ Wheal,0,0,,,,,,"",""
ball,3,13.5,Nottinghamshire,JM Clarke,FW McCann,BTJ Wheal,0,0,,,,,,caught,JM Clarke
ball,3,13.6,Nottinghamshire,JA Haynes,FW McCann,BTJ Wheal,0,0,,,,,,"",""
ball,3,14.1,Nottinghamshire,FW McCann,JA Haynes,JK Fuller,0,0,,,,,,"",""
ball,3,14.2,Nottinghamshire,FW McCann,JA Haynes,JK Fuller,0,0,,,,,,caught,FW McCann
ball,3,14.3,Nottinghamshire,K Verreynne,JA Haynes,JK Fuller,0,0,,,,,,"",""
ball,3,14.4,Nottinghamshire,K Verreynne,JA Haynes,JK Fuller,0,0,,,,,,"",""
ball,3,14.5,Nottinghamshire,K Verreynne,JA Haynes,JK Fuller,4,0,,,,,,"",""
ball,3,14.6,Nottinghamshire,K Verreynne,JA Haynes,JK Fuller,0,0,,,,,,"",""
ball,3,15.1,Nottinghamshire,JA Haynes,K Verreynne,BTJ Wheal,0,0,,,,,,"",""
ball,3,15.2,Nottinghamshire,JA Haynes,K Verreynne,BTJ Wheal,0,0,,,,,,"",""
ball,3,15.3,Nottinghamshire,JA Haynes,K Verreynne,BTJ Wheal,0,0,,,,,,"",""
ball,3,15.4,Nottinghamshire,JA Haynes,K Verreynne,BTJ Wheal,0,0,,,,,,"",""
ball,3,15.5,Nottinghamshire,JA Haynes,K Verreynne,BTJ Wheal,0,0,,,,,,"",""
ball,3,15.6,Nottinghamshire,JA Haynes,K Verreynne,BTJ Wheal,0,0,,,,,,"",""
ball,3,16.1,Nottinghamshire,K Verreynne,JA Haynes,JK Fuller,4,0,,,,,,"",""
ball,3,16.2,Nottinghamshire,K Verreynne,JA Haynes,JK Fuller,0,0,,,,,,"",""
ball,3,16.3,Nottinghamshire,K Verreynne,JA Haynes,JK Fuller,0,0,,,,,,"",""
ball,3,16.4,Nottinghamshire,K Verreynne,JA Haynes,JK Fuller,0,0,,,,,,"",""
ball,3,16.5,Nottinghamshire,K Verreynne,JA Haynes,JK Fuller,0,0,,,,,,"",""
ball,3,16.6,Nottinghamshire,K Verreynne,JA Haynes,JK Fuller,1,0,,,,,,"",""
ball,3,17.1,Nottinghamshire,K Verreynne,JA Haynes,BTJ Wheal,0,0,,,,,,bowled,K Verreynne
ball,3,17.2,Nottinghamshire,LW James,JA Haynes,BTJ Wheal,0,0,,,,,,"",""
ball,3,17.3,Nottinghamshire,LW James,JA Haynes,BTJ Wheal,0,0,,,,,,"",""
ball,3,17.4,Nottinghamshire,LW James,JA Haynes,BTJ Wheal,0,0,,,,,,"",""
ball,3,17.5,Nottinghamshire,LW James,JA Haynes,BTJ Wheal,0,0,,,,,,"",""
ball,3,17.6,Nottinghamshire,LW James,JA Haynes,BTJ Wheal,0,0,,,,,,"",""
ball,3,18.1,Nottinghamshire,JA Haynes,LW James,JK Fuller,0,0,,,,,,"",""
ball,3,18.2,Nottinghamshire,JA Haynes,LW James,JK Fuller,0,0,,,,,,"",""
ball,3,18.3,Nottinghamshire,JA Haynes,LW James,JK Fuller,0,0,,,,,,"",""
ball,3,18.4,Nottinghamshire,JA Haynes,LW James,JK Fuller,0,0,,,,,,"",""
ball,3,18.5,Nottinghamshire,JA Haynes,LW James,JK Fuller,4,0,,,,,,"",""
ball,3,18.6,Nottinghamshire,JA Haynes,LW James,JK Fuller,0,0,,,,,,"",""
ball,3,19.1,Nottinghamshire,LW James,JA Haynes,BTJ Wheal,0,0,,,,,,"",""
ball,3,19.2,Nottinghamshire,LW James,JA Haynes,BTJ Wheal,1,0,,,,,,"",""
ball,3,19.3,Nottinghamshire,JA Haynes,LW James,BTJ Wheal,0,0,,,,,,"",""
ball,3,19.4,Nottinghamshire,JA Haynes,LW James,BTJ Wheal,1,0,,,,,,"",""
ball,3,19.5,Nottinghamshire,LW James,JA Haynes,BTJ Wheal,0,0,,,,,,"",""
ball,3,19.6,Nottinghamshire,LW James,JA Haynes,BTJ Wheal,0,0,,,,,,"",""
ball,3,20.1,Nottinghamshire,JA Haynes,LW James,JK Fuller,0,0,,,,,,"",""
ball,3,20.2,Nottinghamshire,JA Haynes,LW James,JK Fuller,1,0,,,,,,"",""
ball,3,20.3,Nottinghamshire,LW James,JA Haynes,JK Fuller,0,0,,,,,,"",""
ball,3,20.4,Nottinghamshire,LW James,JA Haynes,JK Fuller,0,0,,,,,,"",""
ball,3,20.5,Nottinghamshire,LW James,JA Haynes,JK Fuller,0,0,,,,,,"",""
ball,3,20.6,Nottinghamshire,LW James,JA Haynes,JK Fuller,1,0,,,,,,"",""
ball,3,21.1,Nottinghamshire,LW James,JA Haynes,BTJ Wheal,0,0,,,,,,"",""
ball,3,21.2,Nottinghamshire,LW James,JA Haynes,BTJ Wheal,0,0,,,,,,"",""
ball,3,21.3,Nottinghamshire,LW James,JA Haynes,BTJ Wheal,0,0,,,,,,"",""
ball,3,21.4,Nottinghamshire,LW James,JA Haynes,BTJ Wheal,0,0,,,,,,"",""
ball,3,21.5,Nottinghamshire,LW James,JA Haynes,BTJ Wheal,0,0,,,,,,"",""
ball,3,21.6,Nottinghamshire,LW James,JA Haynes,BTJ Wheal,0,0,,,,,,"",""
ball,3,22.1,Nottinghamshire,JA Haynes,LW James,JK Fuller,0,0,,,,,,"",""
ball,3,22.2,Nottinghamshire,JA Haynes,LW James,JK Fuller,0,0,,,,,,"",""
ball,3,22.3,Nottinghamshire,JA Haynes,LW James,JK Fuller,4,0,,,,,,"",""
ball,3,22.4,Nottinghamshire,JA Haynes,LW James,JK Fuller,4,0,,,,,,"",""
ball,3,22.5,Nottinghamshire,JA Haynes,LW James,JK Fuller,4,0,,,,,,"",""
ball,3,22.6,Nottinghamshire,JA Haynes,LW James,JK Fuller,1,0,,,,,,"",""
ball,3,23.1,Nottinghamshire,JA Haynes,LW James,BTJ Wheal,0,0,,,,,,"",""
ball,3,23.2,Nottinghamshire,JA Haynes,LW James,BTJ Wheal,1,0,,,,,,"",""
ball,3,23.3,Nottinghamshire,LW James,JA Haynes,BTJ Wheal,1,0,,,,,,"",""
ball,3,23.4,Nottinghamshire,JA Haynes,LW James,BTJ Wheal,1,0,,,,,,"",""
ball,3,23.5,Nottinghamshire,LW James,JA Haynes,BTJ Wheal,1,0,,,,,,"",""
ball,3,23.6,Nottinghamshire,JA Haynes,LW James,BTJ Wheal,0,0,,,,,,"",""
ball,3,24.1,Nottinghamshire,LW James,JA Haynes,S Baker,0,0,,,,,,caught,LW James
ball,3,24.2,Nottinghamshire,LA Patterson-White,JA Haynes,S Baker,0,0,,,,,,"",""
ball,3,24.3,Nottinghamshire,LA Patterson-White,JA Haynes,S Baker,0,0,,,,,,"",""
ball,3,24.4,Nottinghamshire,LA Patterson-White,JA Haynes,S Baker,0,0,,,,,,"",""
ball,3,24.5,Nottinghamshire,LA Patterson-White,JA Haynes,S Baker,0,0,,,,,,"",""
ball,3,24.6,Nottinghamshire,LA Patterson-White,JA Haynes,S Baker,0,0,,,,,,"",""
ball,3,25.1,Nottinghamshire,JA Haynes,LA Patterson-White,KJ Abbott,0,0,,,,,,"",""
ball,3,25.2,Nottinghamshire,JA Haynes,LA Patterson-White,KJ Abbott,1,0,,,,,,"",""
ball,3,25.3,Nottinghamshire,LA Patterson-White,JA Haynes,KJ Abbott,0,0,,,,,,"",""
ball,3,25.4,Nottinghamshire,LA Patterson-White,JA Haynes,KJ Abbott,0,0,,,,,,"",""
ball,3,25.5,Nottinghamshire,LA Patterson-White,JA Haynes,KJ Abbott,0,0,,,,,,"",""
ball,3,25.6,Nottinghamshire,LA Patterson-White,JA Haynes,KJ Abbott,0,0,,,,,,"",""
ball,3,26.1,Nottinghamshire,JA Haynes,LA Patterson-White,S Baker,1,0,,,,,,"",""
ball,3,26.2,Nottinghamshire,LA Patterson-White,JA Haynes,S Baker,0,0,,,,,,"",""
ball,3,26.3,Nottinghamshire,LA Patterson-White,JA Haynes,S Baker,0,0,,,,,,"",""
ball,3,26.4,Nottinghamshire,LA Patterson-White,JA Haynes,S Baker,0,0,,,,,,"",""
ball,3,26.5,Nottinghamshire,LA Patterson-White,JA Haynes,S Baker,0,0,,,,,,"",""
ball,3,26.6,Nottinghamshire,LA Patterson-White,JA Haynes,S Baker,1,0,,,,,,"",""
ball,3,27.1,Nottinghamshire,LA Patterson-White,JA Haynes,KJ Abbott,0,0,,,,,,"",""
ball,3,27.2,Nottinghamshire,LA Patterson-White,JA Haynes,KJ Abbott,0,0,,,,,,"",""
ball,3,27.3,Nottinghamshire,LA Patterson-White,JA Haynes,KJ Abbott,4,0,,,,,,"",""
ball,3,27.4,Nottinghamshire,LA Patterson-White,JA Haynes,KJ Abbott,0,0,,,,,,"",""
ball,3,27.5,Nottinghamshire,LA Patterson-White,JA Haynes,KJ Abbott,1,0,,,,,,"",""
ball,3,27.6,Nottinghamshire,JA Haynes,LA Patterson-White,KJ Abbott,4,0,,,,,,"",""
ball,3,28.1,Nottinghamshire,LA Patterson-White,JA Haynes,S Baker,0,0,,,,,,"",""
ball,3,28.2,Nottinghamshire,LA Patterson-White,JA Haynes,S Baker,0,0,,,,,,"",""
ball,3,28.3,Nottinghamshire,LA Patterson-White,JA Haynes,S Baker,1,0,,,,,,"",""
ball,3,28.4,Nottinghamshire,JA Haynes,LA Patterson-White,S Baker,0,0,,,,,,"",""
ball,3,28.5,Nottinghamshire,JA Haynes,LA Patterson-White,S Baker,0,0,,,,,,"",""
ball,3,28.6,Nottinghamshire,JA Haynes,LA Patterson-White,S Baker,0,0,,,,,,"",""
ball,3,29.1,Nottinghamshire,LA Patterson-White,JA Haynes,KJ Abbott,0,0,,,,,,"",""
ball,3,29.2,Nottinghamshire,LA Patterson-White,JA Haynes,KJ Abbott,0,0,,,,,,"",""
ball,3,29.3,Nottinghamshire,LA Patterson-White,JA Haynes,KJ Abbott,0,0,,,,,,"",""
ball,3,29.4,Nottinghamshire,LA Patterson-White,JA Haynes,KJ Abbott,0,0,,,,,,"",""
ball,3,29.5,Nottinghamshire,LA Patterson-White,JA Haynes,KJ Abbott,0,0,,,,,,"",""
ball,3,29.6,Nottinghamshire,LA Patterson-White,JA Haynes,KJ Abbott,0,0,,,,,,"",""
ball,3,30.1,Nottinghamshire,JA Haynes,LA Patterson-White,S Baker,0,0,,,,,,"",""
ball,3,30.2,Nottinghamshire,JA Haynes,LA Patterson-White,S Baker,0,0,,,,,,"",""
ball,3,30.3,Nottinghamshire,JA Haynes,LA Patterson-White,S Baker,0,0,,,,,,"",""
ball,3,30.4,Nottinghamshire,JA Haynes,LA Patterson-White,S Baker,0,0,,,,,,"",""
ball,3,30.5,Nottinghamshire,JA Haynes,LA Patterson-White,S Baker,0,0,,,,,,"",""
ball,3,30.6,Nottinghamshire,JA Haynes,LA Patterson-White,S Baker,0,0,,,,,,"",""
ball,3,31.1,Nottinghamshire,LA Patterson-White,JA Haynes,KJ Abbott,0,0,,,,,,"",""
ball,3,31.2,Nottinghamshire,LA Patterson-White,JA Haynes,KJ Abbott,1,0,,,,,,"",""
ball,3,31.3,Nottinghamshire,JA Haynes,LA Patterson-White,KJ Abbott,0,0,,,,,,"",""
ball,3,31.4,Nottinghamshire,JA Haynes,LA Patterson-White,KJ Abbott,1,0,,,,,,"",""
ball,3,31.5,Nottinghamshire,LA Patterson-White,JA Haynes,KJ Abbott,0,0,,,,,,"",""
ball,3,31.6,Nottinghamshire,LA Patterson-White,JA Haynes,KJ Abbott,0,0,,,,,,"",""
ball,3,32.1,Nottinghamshire,JA Haynes,LA Patterson-White,S Baker,4,0,,,,,,"",""
ball,3,32.2,Nottinghamshire,JA Haynes,LA Patterson-White,S Baker,1,0,,,,,,"",""
ball,3,32.3,Nottinghamshire,LA Patterson-White,JA Haynes,S Baker,0,0,,,,,,"",""
ball,3,32.4,Nottinghamshire,LA Patterson-White,JA Haynes,S Baker,0,0,,,,,,"",""
ball,3,32.5,Nottinghamshire,LA Patterson-White,JA Haynes,S Baker,0,0,,,,,,"",""
ball,3,32.6,Nottinghamshire,LA Patterson-White,JA Haynes,S Baker,0,0,,,,,,"",""
ball,3,33.1,Nottinghamshire,JA Haynes,LA Patterson-White,KJ Abbott,0,0,,,,,,"",""
ball,3,33.2,Nottinghamshire,JA Haynes,LA Patterson-White,KJ Abbott,1,0,,,,,,"",""
ball,3,33.3,Nottinghamshire,LA Patterson-White,JA Haynes,KJ Abbott,1,0,,,,,,"",""
ball,3,33.4,Nottinghamshire,JA Haynes,LA Patterson-White,KJ Abbott,0,0,,,,,,"",""
ball,3,33.5,Nottinghamshire,JA Haynes,LA Patterson-White,KJ Abbott,0,0,,,,,,"",""
ball,3,33.6,Nottinghamshire,JA Haynes,LA Patterson-White,KJ Abbott,1,0,,,,,,"",""
ball,3,34.1,Nottinghamshire,JA Haynes,LA Patterson-White,S Baker,0,0,,,,,,"",""
ball,3,34.2,Nottinghamshire,JA Haynes,LA Patterson-White,S Baker,0,0,,,,,,"",""
ball,3,34.3,Nottinghamshire,JA Haynes,LA Patterson-White,S Baker,0,0,,,,,,"",""
ball,3,34.4,Nottinghamshire,JA Haynes,LA Patterson-White,S Baker,0,0,,,,,,"",""
ball,3,34.5,Nottinghamshire,JA Haynes,LA Patterson-White,S Baker,0,0,,,,,,"",""
ball,3,34.6,Nottinghamshire,JA Haynes,LA Patterson-White,S Baker,1,0,,,,,,"",""
ball,3,35.1,Nottinghamshire,JA Haynes,LA Patterson-White,KJ Abbott,0,0,,,,,,"",""
ball,3,35.2,Nottinghamshire,JA Haynes,LA Patterson-White,KJ Abbott,0,0,,,,,,"",""
ball,3,35.3,Nottinghamshire,JA Haynes,LA Patterson-White,KJ Abbott,0,0,,,,,,"",""
ball,3,35.4,Nottinghamshire,JA Haynes,LA Patterson-White,KJ Abbott,0,0,,,,,,"",""
ball,3,35.5,Nottinghamshire,JA Haynes,LA Patterson-White,KJ Abbott,4,0,,,,,,"",""
ball,3,35.6,Nottinghamshire,JA Haynes,LA Patterson-White,KJ Abbott,0,0,,,,,,"",""
ball,3,36.1,Nottinghamshire,LA Patterson-White,JA Haynes,S Baker,0,0,,,,,,"",""
ball,3,36.2,Nottinghamshire,LA Patterson-White,JA Haynes,S Baker,0,0,,,,,,"",""
ball,3,36.3,Nottinghamshire,LA Patterson-White,JA Haynes,S Baker,4,0,,,,,,"",""
ball,3,36.4,Nottinghamshire,LA Patterson-White,JA Haynes,S Baker,0,0,,,,,,"",""
ball,3,36.5,Nottinghamshire,LA Patterson-White,JA Haynes,S Baker,4,0,,,,,,"",""
ball,3,36.6,Nottinghamshire,LA Patterson-White,JA Haynes,S Baker,0,0,,,,,,"",""
ball,3,37.1,Nottinghamshire,JA Haynes,LA Patterson-White,BTJ Wheal,1,0,,,,,,"",""
ball,3,37.2,Nottinghamshire,LA Patterson-White,JA Haynes,BTJ Wheal,0,0,,,,,,"",""
ball,3,37.3,Nottinghamshire,LA Patterson-White,JA Haynes,BTJ Wheal,0,0,,,,,,"",""
ball,3,37.4,Nottinghamshire,LA Patterson-White,JA Haynes,BTJ Wheal,0,4,,,,4,,"",""
ball,3,37.5,Nottinghamshire,LA Patterson-White,JA Haynes,BTJ Wheal,4,0,,,,,,"",""
ball,3,37.6,Nottinghamshire,LA Patterson-White,JA Haynes,BTJ Wheal,0,0,,,,,,"",""
ball,3,38.1,Nottinghamshire,JA Haynes,LA Patterson-White,JK Fuller,0,0,,,,,,"",""
ball,3,38.2,Nottinghamshire,JA Haynes,LA Patterson-White,JK Fuller,1,0,,,,,,"",""
ball,3,38.3,Nottinghamshire,LA Patterson-White,JA Haynes,JK Fuller,0,0,,,,,,"",""
ball,3,38.4,Nottinghamshire,LA Patterson-White,JA Haynes,JK Fuller,1,0,,,,,,"",""
ball,3,38.5,Nottinghamshire,JA Haynes,LA Patterson-White,JK Fuller,0,0,,,,,,"",""
ball,3,38.6,Nottinghamshire,JA Haynes,LA Patterson-White,JK Fuller,0,0,,,,,,"",""
ball,3,39.1,Nottinghamshire,LA Patterson-White,JA Haynes,BTJ Wheal,0,0,,,,,,"",""
ball,3,39.2,Nottinghamshire,LA Patterson-White,JA Haynes,BTJ Wheal,0,0,,,,,,"",""
ball,3,39.3,Nottinghamshire,LA Patterson-White,JA Haynes,BTJ Wheal,0,0,,,,,,"",""
ball,3,39.4,Nottinghamshire,LA Patterson-White,JA Haynes,BTJ Wheal,4,0,,,,,,"",""
ball,3,39.5,Nottinghamshire,LA Patterson-White,JA Haynes,BTJ Wheal,1,0,,,,,,"",""
ball,3,39.6,Nottinghamshire,JA Haynes,LA Patterson-White,BTJ Wheal,1,0,,,,,,"",""
ball,3,40.1,Nottinghamshire,JA Haynes,LA Patterson-White,JK Fuller,0,0,,,,,,"",""
ball,3,40.2,Nottinghamshire,JA Haynes,LA Patterson-White,JK Fuller,4,0,,,,,,"",""
ball,3,40.3,Nottinghamshire,JA Haynes,LA Patterson-White,JK Fuller,0,0,,,,,,"",""
ball,3,40.4,Nottinghamshire,JA Haynes,LA Patterson-White,JK Fuller,4,0,,,,,,"",""
ball,3,40.5,Nottinghamshire,JA Haynes,LA Patterson-White,JK Fuller,0,0,,,,,,"",""
ball,3,40.6,Nottinghamshire,JA Haynes,LA Patterson-White,JK Fuller,0,0,,,,,,"",""
ball,3,41.1,Nottinghamshire,LA Patterson-White,JA Haynes,LA Dawson,0,0,,,,,,"",""
ball,3,41.2,Nottinghamshire,LA Patterson-White,JA Haynes,LA Dawson,1,0,,,,,,"",""
ball,3,41.3,Nottinghamshire,JA Haynes,LA Patterson-White,LA Dawson,4,0,,,,,,"",""
ball,3,41.4,Nottinghamshire,JA Haynes,LA Patterson-White,LA Dawson,0,0,,,,,,"",""
ball,3,41.5,Nottinghamshire,JA Haynes,LA Patterson-White,LA Dawson,2,0,,,,,,"",""
ball,3,41.6,Nottinghamshire,JA Haynes,LA Patterson-White,LA Dawson,0,0,,,,,,"",""
ball,3,42.1,Nottinghamshire,LA Patterson-White,JA Haynes,BTJ Wheal,0,0,,,,,,"",""
ball,3,42.2,Nottinghamshire,LA Patterson-White,JA Haynes,BTJ Wheal,0,0,,,,,,"",""
ball,3,42.3,Nottinghamshire,LA Patterson-White,JA Haynes,BTJ Wheal,4,0,,,,,,"",""
ball,3,42.4,Nottinghamshire,LA Patterson-White,JA Haynes,BTJ Wheal,6,0,,,,,,"",""
ball,3,42.5,Nottinghamshire,LA Patterson-White,JA Haynes,BTJ Wheal,4,0,,,,,,"",""
ball,3,42.6,Nottinghamshire,LA Patterson-White,JA Haynes,BTJ Wheal,0,0,,,,,,"",""
ball,3,43.1,Nottinghamshire,JA Haynes,LA Patterson-White,LA Dawson,0,0,,,,,,"",""
ball,3,43.2,Nottinghamshire,JA Haynes,LA Patterson-White,LA Dawson,0,0,,,,,,"",""
ball,3,43.3,Nottinghamshire,JA Haynes,LA Patterson-White,LA Dawson,1,0,,,,,,"",""
ball,3,43.4,Nottinghamshire,LA Patterson-White,JA Haynes,LA Dawson,0,0,,,,,,"",""
ball,3,43.5,Nottinghamshire,LA Patterson-White,JA Haynes,LA Dawson,0,0,,,,,,"",""
ball,3,43.6,Nottinghamshire,LA Patterson-White,JA Haynes,LA Dawson,0,0,,,,,,"",""
ball,3,44.1,Nottinghamshire,JA Haynes,LA Patterson-White,TJ Prest,0,0,,,,,,"",""
ball,3,44.2,Nottinghamshire,JA Haynes,LA Patterson-White,TJ Prest,0,0,,,,,,"",""
ball,3,44.3,Nottinghamshire,JA Haynes,LA Patterson-White,TJ Prest,1,0,,,,,,"",""
ball,3,44.4,Nottinghamshire,LA Patterson-White,JA Haynes,TJ Prest,0,0,,,,,,"",""
ball,3,44.5,Nottinghamshire,LA Patterson-White,JA Haynes,TJ Prest,1,0,,,,,,"",""
ball,3,44.6,Nottinghamshire,JA Haynes,LA Patterson-White,TJ Prest,0,0,,,,,,"",""
ball,3,45.1,Nottinghamshire,LA Patterson-White,JA Haynes,LA Dawson,0,0,,,,,,"",""
ball,3,45.2,Nottinghamshire,LA Patterson-White,JA Haynes,LA Dawson,1,0,,,,,,"",""
ball,3,45.3,Nottinghamshire,JA Haynes,LA Patterson-White,LA Dawson,1,0,,,,,,"",""
ball,3,45.4,Nottinghamshire,LA Patterson-White,JA Haynes,LA Dawson,0,0,,,,,,"",""
ball,3,45.5,Nottinghamshire,LA Patterson-White,JA Haynes,LA Dawson,0,0,,,,,,"",""
ball,3,45.6,Nottinghamshire,LA Patterson-White,JA Haynes,LA Dawson,0,0,,,,,,"",""
ball,3,46.1,Nottinghamshire,JA Haynes,LA Patterson-White,BTJ Wheal,2,0,,,,,,"",""
ball,3,46.2,Nottinghamshire,JA Haynes,LA Patterson-White,BTJ Wheal,0,0,,,,,,"",""
ball,3,46.3,Nottinghamshire,JA Haynes,LA Patterson-White,BTJ Wheal,0,0,,,,,,"",""
ball,3,46.4,Nottinghamshire,JA Haynes,LA Patterson-White,BTJ Wheal,0,0,,,,,,"",""
ball,3,46.5,Nottinghamshire,JA Haynes,LA Patterson-White,BTJ Wheal,1,0,,,,,,"",""
ball,3,46.6,Nottinghamshire,LA Patterson-White,JA Haynes,BTJ Wheal,0,0,,,,,,"",""
ball,3,47.1,Nottinghamshire,JA Haynes,LA Patterson-White,KJ Abbott,0,0,,,,,,"",""
ball,3,47.2,Nottinghamshire,JA Haynes,LA Patterson-White,KJ Abbott,0,0,,,,,,"",""
ball,3,47.3,Nottinghamshire,JA Haynes,LA Patterson-White,KJ Abbott,1,0,,,,,,"",""
ball,3,47.4,Nottinghamshire,LA Patterson-White,JA Haynes,KJ Abbott,0,0,,,,,,"",""
ball,3,47.5,Nottinghamshire,LA Patterson-White,JA Haynes,KJ Abbott,0,0,,,,,,"",""
ball,3,47.6,Nottinghamshire,LA Patterson-White,JA Haynes,KJ Abbott,0,0,,,,,,"",""
ball,3,48.1,Nottinghamshire,JA Haynes,LA Patterson-White,BTJ Wheal,4,0,,,,,,"",""
ball,3,48.2,Nottinghamshire,JA Haynes,LA Patterson-White,BTJ Wheal,1,0,,,,,,"",""
ball,3,48.3,Nottinghamshire,LA Patterson-White,JA Haynes,BTJ Wheal,0,0,,,,,,"",""
ball,3,48.4,Nottinghamshire,LA Patterson-White,JA Haynes,BTJ Wheal,0,0,,,,,,"",""
ball,3,48.5,Nottinghamshire,LA Patterson-White,JA Haynes,BTJ Wheal,0,5,5,,,,,"",""
ball,3,48.6,Nottinghamshire,LA Patterson-White,JA Haynes,BTJ Wheal,0,0,,,,,,"",""
ball,3,48.7,Nottinghamshire,LA Patterson-White,JA Haynes,BTJ Wheal,0,0,,,,,,"",""
ball,3,49.1,Nottinghamshire,JA Haynes,LA Patterson-White,KJ Abbott,0,0,,,,,,"",""
ball,3,49.2,Nottinghamshire,JA Haynes,LA Patterson-White,KJ Abbott,0,1,,,,1,,"",""
ball,3,49.3,Nottinghamshire,LA Patterson-White,JA Haynes,KJ Abbott,0,0,,,,,,"",""
ball,3,49.4,Nottinghamshire,LA Patterson-White,JA Haynes,KJ Abbott,0,0,,,,,,"",""
ball,3,49.5,Nottinghamshire,LA Patterson-White,JA Haynes,KJ Abbott,4,0,,,,,,"",""
ball,3,49.6,Nottinghamshire,LA Patterson-White,JA Haynes,KJ Abbott,1,0,,,,,,"",""
ball,3,50.1,Nottinghamshire,LA Patterson-White,JA Haynes,BTJ Wheal,0,0,,,,,,"",""
ball,3,50.2,Nottinghamshire,LA Patterson-White,JA Haynes,BTJ Wheal,0,0,,,,,,"",""
ball,3,50.3,Nottinghamshire,LA Patterson-White,JA Haynes,BTJ Wheal,0,0,,,,,,"",""
ball,3,50.4,Nottinghamshire,LA Patterson-White,JA Haynes,BTJ Wheal,1,0,,,,,,"",""
ball,3,50.5,Nottinghamshire,JA Haynes,LA Patterson-White,BTJ Wheal,0,0,,,,,,"",""
ball,3,50.6,Nottinghamshire,JA Haynes,LA Patterson-White,BTJ Wheal,1,0,,,,,,"",""
ball,3,51.1,Nottinghamshire,JA Haynes,LA Patterson-White,KJ Abbott,4,0,,,,,,"",""
ball,3,51.2,Nottinghamshire,JA Haynes,LA Patterson-White,KJ Abbott,0,0,,,,,,"",""
ball,3,51.3,Nottinghamshire,JA Haynes,LA Patterson-White,KJ Abbott,1,0,,,,,,"",""
ball,3,51.4,Nottinghamshire,LA Patterson-White,JA Haynes,KJ Abbott,0,0,,,,,,"",""
ball,3,51.5,Nottinghamshire,LA Patterson-White,JA Haynes,KJ Abbott,0,0,,,,,,"",""
ball,3,51.6,Nottinghamshire,LA Patterson-White,JA Haynes,KJ Abbott,0,0,,,,,,"",""
ball,3,52.1,Nottinghamshire,JA Haynes,LA Patterson-White,JK Fuller,0,0,,,,,,"",""
ball,3,52.2,Nottinghamshire,JA Haynes,LA Patterson-White,JK Fuller,0,0,,,,,,"",""
ball,3,52.3,Nottinghamshire,JA Haynes,LA Patterson-White,JK Fuller,4,0,,,,,,"",""
ball,3,52.4,Nottinghamshire,JA Haynes,LA Patterson-White,JK Fuller,1,0,,,,,,"",""
ball,3,52.5,Nottinghamshire,LA Patterson-White,JA Haynes,JK Fuller,0,0,,,,,,"",""
ball,3,52.6,Nottinghamshire,LA Patterson-White,JA Haynes,JK Fuller,4,0,,,,,,"",""
ball,3,53.1,Nottinghamshire,JA Haynes,LA Patterson-White,KJ Abbott,1,0,,,,,,"",""
ball,3,53.2,Nottinghamshire,LA Patterson-White,JA Haynes,KJ Abbott,4,0,,,,,,"",""
ball,3,53.3,Nottinghamshire,LA Patterson-White,JA Haynes,KJ Abbott,0,0,,,,,,"",""
ball,3,53.4,Nottinghamshire,LA Patterson-White,JA Haynes,KJ Abbott,4,0,,,,,,"",""
ball,3,53.5,Nottinghamshire,LA Patterson-White,JA Haynes,KJ Abbott,0,0,,,,,,"",""
ball,3,53.6,Nottinghamshire,LA Patterson-White,JA Haynes,KJ Abbott,0,0,,,,,,"",""
ball,3,54.1,Nottinghamshire,JA Haynes,LA Patterson-White,JK Fuller,0,0,,,,,,"",""
ball,3,54.2,Nottinghamshire,JA Haynes,LA Patterson-White,JK Fuller,1,0,,,,,,"",""
ball,3,54.3,Nottinghamshire,LA Patterson-White,JA Haynes,JK Fuller,0,0,,,,,,"",""
ball,3,54.4,Nottinghamshire,LA Patterson-White,JA Haynes,JK Fuller,0,0,,,,,,"",""
ball,3,54.5,Nottinghamshire,LA Patterson-White,JA Haynes,JK Fuller,1,0,,,,,,"",""
ball,3,54.6,Nottinghamshire,JA Haynes,LA Patterson-White,JK Fuller,0,0,,,,,,"",""
ball,3,55.1,Nottinghamshire,LA Patterson-White,JA Haynes,LA Dawson,1,0,,,,,,"",""
ball,3,55.2,Nottinghamshire,JA Haynes,LA Patterson-White,LA Dawson,1,0,,,,,,"",""
ball,3,55.3,Nottinghamshire,LA Patterson-White,JA Haynes,LA Dawson,0,0,,,,,,"",""
ball,3,55.4,Nottinghamshire,LA Patterson-White,JA Haynes,LA Dawson,0,0,,,,,,"",""
ball,3,55.5,Nottinghamshire,LA Patterson-White,JA Haynes,LA Dawson,0,0,,,,,,"",""
ball,3,55.6,Nottinghamshire,LA Patterson-White,JA Haynes,LA Dawson,1,0,,,,,,"",""
ball,3,56.1,Nottinghamshire,LA Patterson-White,JA Haynes,JK Fuller,4,0,,,,,,"",""
ball,3,56.2,Nottinghamshire,LA Patterson-White,JA Haynes,JK Fuller,0,0,,,,,,"",""
ball,3,56.3,Nottinghamshire,LA Patterson-White,JA Haynes,JK Fuller,4,0,,,,,,"",""
ball,3,56.4,Nottinghamshire,LA Patterson-White,JA Haynes,JK Fuller,0,0,,,,,,"",""
ball,3,56.5,Nottinghamshire,LA Patterson-White,JA Haynes,JK Fuller,0,0,,,,,,"",""
ball,3,56.6,Nottinghamshire,LA Patterson-White,JA Haynes,JK Fuller,0,0,,,,,,"",""
ball,3,57.1,Nottinghamshire,JA Haynes,LA Patterson-White,LA Dawson,0,0,,,,,,"",""
ball,3,57.2,Nottinghamshire,JA Haynes,LA Patterson-White,LA Dawson,1,0,,,,,,"",""
ball,3,57.3,Nottinghamshire,LA Patterson-White,JA Haynes,LA Dawson,0,0,,,,,,"",""
ball,3,57.4,Nottinghamshire,LA Patterson-White,JA Haynes,LA Dawson,0,0,,,,,,"",""
ball,3,57.5,Nottinghamshire,LA Patterson-White,JA Haynes,LA Dawson,1,0,,,,,,"",""
ball,3,57.6,Nottinghamshire,JA Haynes,LA Patterson-White,LA Dawson,0,0,,,,,,"",""
ball,3,58.1,Nottinghamshire,LA Patterson-White,JA Haynes,S Baker,0,0,,,,,,"",""
ball,3,58.2,Nottinghamshire,LA Patterson-White,JA Haynes,S Baker,1,0,,,,,,"",""
ball,3,58.3,Nottinghamshire,JA Haynes,LA Patterson-White,S Baker,0,0,,,,,,"",""
ball,3,58.4,Nottinghamshire,JA Haynes,LA Patterson-White,S Baker,4,0,,,,,,"",""
ball,3,58.5,Nottinghamshire,JA Haynes,LA Patterson-White,S Baker,4,0,,,,,,"",""
ball,3,58.6,Nottinghamshire,JA Haynes,LA Patterson-White,S Baker,4,0,,,,,,"",""
ball,3,59.1,Nottinghamshire,LA Patterson-White,JA Haynes,LA Dawson,0,0,,,,,,"",""
ball,3,59.2,Nottinghamshire,LA Patterson-White,JA Haynes,LA Dawson,4,0,,,,,,"",""
ball,3,59.3,Nottinghamshire,LA Patterson-White,JA Haynes,LA Dawson,0,0,,,,,,"",""
ball,3,59.4,Nottinghamshire,LA Patterson-White,JA Haynes,LA Dawson,0,0,,,,,,"",""
ball,3,59.5,Nottinghamshire,LA Patterson-White,JA Haynes,LA Dawson,1,0,,,,,,"",""
ball,3,59.6,Nottinghamshire,JA Haynes,LA Patterson-White,LA Dawson,0,0,,,,,,"",""
ball,3,60.1,Nottinghamshire,LA Patterson-White,JA Haynes,S Baker,4,0,,,,,,"",""
ball,3,60.2,Nottinghamshire,LA Patterson-White,JA Haynes,S Baker,4,0,,,,,,"",""
ball,3,60.3,Nottinghamshire,LA Patterson-White,JA Haynes,S Baker,0,0,,,,,,"",""
ball,3,60.4,Nottinghamshire,LA Patterson-White,JA Haynes,S Baker,1,0,,,,,,"",""
ball,3,60.5,Nottinghamshire,JA Haynes,LA Patterson-White,S Baker,0,0,,,,,,"",""
ball,3,60.6,Nottinghamshire,JA Haynes,LA Patterson-White,S Baker,1,0,,,,,,"",""
ball,3,61.1,Nottinghamshire,JA Haynes,LA Patterson-White,LA Dawson,0,0,,,,,,"",""
ball,3,61.2,Nottinghamshire,JA Haynes,LA Patterson-White,LA Dawson,0,0,,,,,,"",""
ball,3,61.3,Nottinghamshire,JA Haynes,LA Patterson-White,LA Dawson,0,0,,,,,,"",""
ball,3,61.4,Nottinghamshire,JA Haynes,LA Patterson-White,LA Dawson,0,0,,,,,,"",""
ball,3,61.5,Nottinghamshire,JA Haynes,LA Patterson-White,LA Dawson,0,0,,,,,,"",""
ball,3,61.6,Nottinghamshire,JA Haynes,LA Patterson-White,LA Dawson,0,0,,,,,,"",""
ball,3,62.1,Nottinghamshire,LA Patterson-White,JA Haynes,S Baker,0,0,,,,,,"",""
ball,3,62.2,Nottinghamshire,LA Patterson-White,JA Haynes,S Baker,2,0,,,,,,"",""
ball,3,62.3,Nottinghamshire,LA Patterson-White,JA Haynes,S Baker,1,0,,,,,,"",""
ball,3,62.4,Nottinghamshire,JA Haynes,LA Patterson-White,S Baker,0,0,,,,,,"",""
ball,3,62.5,Nottinghamshire,JA Haynes,LA Patterson-White,S Baker,0,0,,,,,,"",""
ball,3,62.6,Nottinghamshire,JA Haynes,LA Patterson-White,S Baker,0,0,,,,,,"",""
ball,3,63.1,Nottinghamshire,LA Patterson-White,JA Haynes,LA Dawson,1,0,,,,,,"",""
ball,3,63.2,Nottinghamshire,JA Haynes,LA Patterson-White,LA Dawson,1,0,,,,,,"",""
ball,3,63.3,Nottinghamshire,LA Patterson-White,JA Haynes,LA Dawson,0,0,,,,,,"",""
ball,3,63.4,Nottinghamshire,LA Patterson-White,JA Haynes,LA Dawson,0,0,,,,,,"",""
ball,3,63.5,Nottinghamshire,LA Patterson-White,JA Haynes,LA Dawson,1,0,,,,,,"",""
ball,3,63.6,Nottinghamshire,JA Haynes,LA Patterson-White,LA Dawson,0,0,,,,,,"",""
ball,3,64.1,Nottinghamshire,LA Patterson-White,JA Haynes,S Baker,0,0,,,,,,"",""
ball,3,64.2,Nottinghamshire,LA Patterson-White,JA Haynes,S Baker,0,0,,,,,,"",""
ball,3,64.3,Nottinghamshire,LA Patterson-White,JA Haynes,S Baker,0,0,,,,,,"",""
ball,3,64.4,Nottinghamshire,LA Patterson-White,JA Haynes,S Baker,0,0,,,,,,"",""
ball,3,64.5,Nottinghamshire,LA Patterson-White,JA Haynes,S Baker,6,0,,,,,,"",""
ball,3,64.6,Nottinghamshire,LA Patterson-White,JA Haynes,S Baker,0,0,,,,,,"",""
ball,3,65.1,Nottinghamshire,JA Haynes,LA Patterson-White,LA Dawson,0,0,,,,,,"",""
ball,3,65.2,Nottinghamshire,JA Haynes,LA Patterson-White,LA Dawson,1,0,,,,,,"",""
ball,3,65.3,Nottinghamshire,LA Patterson-White,JA Haynes,LA Dawson,0,0,,,,,,"",""
ball,3,65.4,Nottinghamshire,LA Patterson-White,JA Haynes,LA Dawson,0,0,,,,,,"",""
ball,3,65.5,Nottinghamshire,LA Patterson-White,JA Haynes,LA Dawson,0,0,,,,,,"",""
ball,3,65.6,Nottinghamshire,LA Patterson-White,JA Haynes,LA Dawson,0,0,,,,,,"",""
ball,3,66.1,Nottinghamshire,JA Haynes,LA Patterson-White,S Baker,0,0,,,,,,"",""
ball,3,66.2,Nottinghamshire,JA Haynes,LA Patterson-White,S Baker,0,0,,,,,,"",""
ball,3,66.3,Nottinghamshire,JA Haynes,LA Patterson-White,S Baker,1,0,,,,,,"",""
ball,3,66.4,Nottinghamshire,LA Patterson-White,JA Haynes,S Baker,0,0,,,,,,"",""
ball,3,66.5,Nottinghamshire,LA Patterson-White,JA Haynes,S Baker,0,0,,,,,,"",""
ball,3,66.6,Nottinghamshire,LA Patterson-White,JA Haynes,S Baker,0,0,,,,,,"",""
ball,3,67.1,Nottinghamshire,JA Haynes,LA Patterson-White,LA Dawson,1,0,,,,,,"",""
ball,3,67.2,Nottinghamshire,LA Patterson-White,JA Haynes,LA Dawson,0,0,,,,,,"",""
ball,3,67.3,Nottinghamshire,LA Patterson-White,JA Haynes,LA Dawson,0,0,,,,,,"",""
ball,3,67.4,Nottinghamshire,LA Patterson-White,JA Haynes,LA Dawson,0,0,,,,,,"",""
ball,3,67.5,Nottinghamshire,LA Patterson-White,JA Haynes,LA Dawson,1,0,,,,,,"",""
ball,3,67.6,Nottinghamshire,JA Haynes,LA Patterson-White,LA Dawson,0,0,,,,,,"",""
ball,3,68.1,Nottinghamshire,LA Patterson-White,JA Haynes,JK Fuller,0,0,,,,,,"",""
ball,3,68.2,Nottinghamshire,LA Patterson-White,JA Haynes,JK Fuller,0,0,,,,,,"",""
ball,3,68.3,Nottinghamshire,LA Patterson-White,JA Haynes,JK Fuller,0,0,,,,,,"",""
ball,3,68.4,Nottinghamshire,LA Patterson-White,JA Haynes,JK Fuller,0,0,,,,,,"",""
ball,3,68.5,Nottinghamshire,LA Patterson-White,JA Haynes,JK Fuller,0,0,,,,,,"",""
ball,3,68.6,Nottinghamshire,LA Patterson-White,JA Haynes,JK Fuller,0,0,,,,,,"",""
ball,3,69.1,Nottinghamshire,JA Haynes,LA Patterson-White,LA Dawson,0,0,,,,,,"",""
ball,3,69.2,Nottinghamshire,JA Haynes,LA Patterson-White,LA Dawson,0,0,,,,,,"",""
ball,3,69.3,Nottinghamshire,JA Haynes,LA Patterson-White,LA Dawson,6,0,,,,,,"",""
ball,3,69.4,Nottinghamshire,JA Haynes,LA Patterson-White,LA Dawson,0,0,,,,,,"",""
ball,3,69.5,Nottinghamshire,JA Haynes,LA Patterson-White,LA Dawson,0,0,,,,,,"",""
ball,3,69.6,Nottinghamshire,JA Haynes,LA Patterson-White,LA Dawson,0,0,,,,,,"",""
ball,3,70.1,Nottinghamshire,LA Patterson-White,JA Haynes,JK Fuller,0,0,,,,,,"",""
ball,3,70.2,Nottinghamshire,LA Patterson-White,JA Haynes,JK Fuller,1,0,,,,,,"",""
ball,3,70.3,Nottinghamshire,JA Haynes,LA Patterson-White,JK Fuller,0,1,,,,1,,"",""
ball,3,70.4,Nottinghamshire,LA Patterson-White,JA Haynes,JK Fuller,4,0,,,,,,"",""
ball,3,70.5,Nottinghamshire,LA Patterson-White,JA Haynes,JK Fuller,0,0,,,,,,"",""
ball,3,70.6,Nottinghamshire,LA Patterson-White,JA Haynes,JK Fuller,1,0,,,,,,"",""
ball,3,71.1,Nottinghamshire,LA Patterson-White,JA Haynes,LA Dawson,0,0,,,,,,"",""
ball,3,71.2,Nottinghamshire,LA Patterson-White,JA Haynes,LA Dawson,0,0,,,,,,"",""
ball,3,71.3,Nottinghamshire,LA Patterson-White,JA Haynes,LA Dawson,1,0,,,,,,"",""
ball,3,71.4,Nottinghamshire,JA Haynes,LA Patterson-White,LA Dawson,0,0,,,,,,"",""
ball,3,71.5,Nottinghamshire,JA Haynes,LA Patterson-White,LA Dawson,0,0,,,,,,"",""
ball,3,71.6,Nottinghamshire,JA Haynes,LA Patterson-White,LA Dawson,1,0,,,,,,"",""
ball,3,72.1,Nottinghamshire,JA Haynes,LA Patterson-White,JK Fuller,1,0,,,,,,"",""
ball,3,72.2,Nottinghamshire,LA Patterson-White,JA Haynes,JK Fuller,0,0,,,,,,"",""
ball,3,72.3,Nottinghamshire,LA Patterson-White,JA Haynes,JK Fuller,0,0,,,,,,"",""
ball,3,72.4,Nottinghamshire,LA Patterson-White,JA Haynes,JK Fuller,0,0,,,,,,"",""
ball,3,72.5,Nottinghamshire,LA Patterson-White,JA Haynes,JK Fuller,1,0,,,,,,"",""
ball,3,72.6,Nottinghamshire,JA Haynes,LA Patterson-White,JK Fuller,1,0,,,,,,"",""
ball,3,73.1,Nottinghamshire,JA Haynes,LA Patterson-White,LA Dawson,0,0,,,,,,"",""
ball,3,73.2,Nottinghamshire,JA Haynes,LA Patterson-White,LA Dawson,0,0,,,,,,"",""
ball,3,73.3,Nottinghamshire,JA Haynes,LA Patterson-White,LA Dawson,0,0,,,,,,"",""
ball,3,73.4,Nottinghamshire,JA Haynes,LA Patterson-White,LA Dawson,1,0,,,,,,"",""
ball,3,73.5,Nottinghamshire,LA Patterson-White,JA Haynes,LA Dawson,0,0,,,,,,"",""
ball,3,73.6,Nottinghamshire,LA Patterson-White,JA Haynes,LA Dawson,1,0,,,,,,"",""
ball,3,74.1,Nottinghamshire,LA Patterson-White,JA Haynes,TJ Prest,0,0,,,,,,"",""
ball,3,74.2,Nottinghamshire,LA Patterson-White,JA Haynes,TJ Prest,0,0,,,,,,"",""
ball,3,74.3,Nottinghamshire,LA Patterson-White,JA Haynes,TJ Prest,1,0,,,,,,"",""
ball,3,74.4,Nottinghamshire,JA Haynes,LA Patterson-White,TJ Prest,0,0,,,,,,"",""
ball,3,74.5,Nottinghamshire,JA Haynes,LA Patterson-White,TJ Prest,1,0,,,,,,"",""
ball,3,74.6,Nottinghamshire,LA Patterson-White,JA Haynes,TJ Prest,1,0,,,,,,"",""
ball,3,75.1,Nottinghamshire,LA Patterson-White,JA Haynes,LA Dawson,0,4,,,4,,,"",""
ball,3,75.2,Nottinghamshire,LA Patterson-White,JA Haynes,LA Dawson,0,0,,,,,,"",""
ball,3,75.3,Nottinghamshire,LA Patterson-White,JA Haynes,LA Dawson,0,0,,,,,,"",""
ball,3,75.4,Nottinghamshire,LA Patterson-White,JA Haynes,LA Dawson,1,0,,,,,,"",""
ball,3,75.5,Nottinghamshire,JA Haynes,LA Patterson-White,LA Dawson,0,0,,,,,,"",""
ball,3,75.6,Nottinghamshire,JA Haynes,LA Patterson-White,LA Dawson,1,0,,,,,,"",""
ball,3,76.1,Nottinghamshire,JA Haynes,LA Patterson-White,TJ Prest,0,0,,,,,,"",""
ball,3,76.2,Nottinghamshire,JA Haynes,LA Patterson-White,TJ Prest,0,0,,,,,,"",""
ball,3,76.3,Nottinghamshire,JA Haynes,LA Patterson-White,TJ Prest,1,0,,,,,,"",""
ball,3,76.4,Nottinghamshire,LA Patterson-White,JA Haynes,TJ Prest,0,0,,,,,,"",""
ball,3,76.5,Nottinghamshire,LA Patterson-White,JA Haynes,TJ Prest,0,0,,,,,,"",""
ball,3,76.6,Nottinghamshire,LA Patterson-White,JA Haynes,TJ Prest,0,0,,,,,,"",""
ball,3,77.1,Nottinghamshire,JA Haynes,LA Patterson-White,LA Dawson,0,0,,,,,,"",""
ball,3,77.2,Nottinghamshire,JA Haynes,LA Patterson-White,LA Dawson,1,0,,,,,,"",""
ball,3,77.3,Nottinghamshire,LA Patterson-White,JA Haynes,LA Dawson,1,0,,,,,,"",""
ball,3,77.4,Nottinghamshire,JA Haynes,LA Patterson-White,LA Dawson,1,0,,,,,,"",""
ball,3,77.5,Nottinghamshire,LA Patterson-White,JA Haynes,LA Dawson,1,0,,,,,,"",""
ball,3,77.6,Nottinghamshire,JA Haynes,LA Patterson-White,LA Dawson,0,0,,,,,,"",""
ball,3,78.1,Nottinghamshire,LA Patterson-White,JA Haynes,TJ Prest,0,0,,,,,,"",""
ball,3,78.2,Nottinghamshire,LA Patterson-White,JA Haynes,TJ Prest,4,0,,,,,,"",""
ball,3,78.3,Nottinghamshire,LA Patterson-White,JA Haynes,TJ Prest,0,0,,,,,,"",""
ball,3,78.4,Nottinghamshire,LA Patterson-White,JA Haynes,TJ Prest,1,0,,,,,,"",""
ball,3,78.5,Nottinghamshire,JA Haynes,LA Patterson-White,TJ Prest,1,0,,,,,,"",""
ball,3,78.6,Nottinghamshire,LA Patterson-White,JA Haynes,TJ Prest,0,0,,,,,,"",""
ball,3,79.1,Nottinghamshire,JA Haynes,LA Patterson-White,NRT Gubbins,0,0,,,,,,"",""
ball,3,79.2,Nottinghamshire,JA Haynes,LA Patterson-White,NRT Gubbins,0,0,,,,,,"",""
ball,3,79.3,Nottinghamshire,JA Haynes,LA Patterson-White,NRT Gubbins,0,0,,,,,,"",""
ball,3,79.4,Nottinghamshire,JA Haynes,LA Patterson-White,NRT Gubbins,0,0,,,,,,"",""
ball,3,79.5,Nottinghamshire,JA Haynes,LA Patterson-White,NRT Gubbins,1,0,,,,,,"",""
ball,3,79.6,Nottinghamshire,LA Patterson-White,JA Haynes,NRT Gubbins,0,0,,,,,,"",""
ball,3,80.1,Nottinghamshire,JA Haynes,LA Patterson-White,BTJ Wheal,1,0,,,,,,"",""
ball,3,80.2,Nottinghamshire,LA Patterson-White,JA Haynes,BTJ Wheal,0,0,,,,,,"",""
ball,3,80.3,Nottinghamshire,LA Patterson-White,JA Haynes,BTJ Wheal,0,0,,,,,,"",""
ball,3,80.4,Nottinghamshire,LA Patterson-White,JA Haynes,BTJ Wheal,0,0,,,,,,"",""
ball,3,80.5,Nottinghamshire,LA Patterson-White,JA Haynes,BTJ Wheal,0,0,,,,,,"",""
ball,3,80.6,Nottinghamshire,LA Patterson-White,JA Haynes,BTJ Wheal,4,0,,,,,,"",""
ball,3,81.1,Nottinghamshire,JA Haynes,LA Patterson-White,KJ Abbott,0,0,,,,,,"",""
ball,3,81.2,Nottinghamshire,JA Haynes,LA Patterson-White,KJ Abbott,0,0,,,,,,"",""
ball,3,81.3,Nottinghamshire,JA Haynes,LA Patterson-White,KJ Abbott,1,0,,,,,,run out,JA Haynes
ball,3,81.4,Nottinghamshire,BA Hutton,LA Patterson-White,KJ Abbott,0,0,,,,,,"",""
ball,3,81.5,Nottinghamshire,BA Hutton,LA Patterson-White,KJ Abbott,0,0,,,,,,"",""
ball,3,81.6,Nottinghamshire,BA Hutton,LA Patterson-White,KJ Abbott,0,0,,,,,,"",""
ball,3,82.1,Nottinghamshire,LA Patterson-White,BA Hutton,BTJ Wheal,0,0,,,,,,"",""
ball,3,82.2,Nottinghamshire,LA Patterson-White,BA Hutton,BTJ Wheal,4,0,,,,,,"",""
ball,3,82.3,Nottinghamshire,LA Patterson-White,BA Hutton,BTJ Wheal,0,0,,,,,,"",""
ball,3,82.4,Nottinghamshire,LA Patterson-White,BA Hutton,BTJ Wheal,4,0,,,,,,"",""
ball,3,82.5,Nottinghamshire,LA Patterson-White,BA Hutton,BTJ Wheal,0,0,,,,,,"",""
ball,3,82.6,Nottinghamshire,LA Patterson-White,BA Hutton,BTJ Wheal,0,0,,,,,,"",""
ball,3,83.1,Nottinghamshire,BA Hutton,LA Patterson-White,KJ Abbott,0,0,,,,,,caught,BA Hutton
ball,3,83.2,Nottinghamshire,Farhan Ahmed,LA Patterson-White,KJ Abbott,0,0,,,,,,"",""
ball,3,83.3,Nottinghamshire,Farhan Ahmed,LA Patterson-White,KJ Abbott,0,0,,,,,,"",""
ball,3,83.4,Nottinghamshire,Farhan Ahmed,LA Patterson-White,KJ Abbott,0,0,,,,,,"",""
ball,3,83.5,Nottinghamshire,Farhan Ahmed,LA Patterson-White,KJ Abbott,1,0,,,,,,"",""
ball,3,83.6,Nottinghamshire,LA Patterson-White,Farhan Ahmed,KJ Abbott,0,0,,,,,,"",""
ball,3,84.1,Nottinghamshire,Farhan Ahmed,LA Patterson-White,BTJ Wheal,0,0,,,,,,"",""
ball,3,84.2,Nottinghamshire,Farhan Ahmed,LA Patterson-White,BTJ Wheal,0,0,,,,,,"",""
ball,3,84.3,Nottinghamshire,Farhan Ahmed,LA Patterson-White,BTJ Wheal,0,0,,,,,,"",""
ball,3,84.4,Nottinghamshire,Farhan Ahmed,LA Patterson-White,BTJ Wheal,0,0,,,,,,"",""
ball,3,84.5,Nottinghamshire,Farhan Ahmed,LA Patterson-White,BTJ Wheal,0,0,,,,,,"",""
ball,3,84.6,Nottinghamshire,Farhan Ahmed,LA Patterson-White,BTJ Wheal,1,0,,,,,,"",""
ball,3,85.1,Nottinghamshire,Farhan Ahmed,LA Patterson-White,KJ Abbott,1,0,,,,,,"",""
ball,3,85.2,Nottinghamshire,LA Patterson-White,Farhan Ahmed,KJ Abbott,0,0,,,,,,"",""
ball,3,85.3,Nottinghamshire,LA Patterson-White,Farhan Ahmed,KJ Abbott,0,0,,,,,,"",""
ball,3,85.4,Nottinghamshire,LA Patterson-White,Farhan Ahmed,KJ Abbott,0,0,,,,,,"",""
ball,3,85.5,Nottinghamshire,LA Patterson-White,Farhan Ahmed,KJ Abbott,0,1,,,,1,,"",""
ball,3,85.6,Nottinghamshire,Farhan Ahmed,LA Patterson-White,KJ Abbott,0,1,,,,1,,"",""
ball,3,86.1,Nottinghamshire,Farhan Ahmed,LA Patterson-White,BTJ Wheal,0,0,,,,,,"",""
ball,3,86.2,Nottinghamshire,Farhan Ahmed,LA Patterson-White,BTJ Wheal,4,0,,,,,,"",""
ball,3,86.3,Nottinghamshire,Farhan Ahmed,LA Patterson-White,BTJ Wheal,0,0,,,,,,"",""
ball,3,86.4,Nottinghamshire,Farhan Ahmed,LA Patterson-White,BTJ Wheal,0,0,,,,,,"",""
ball,3,86.5,Nottinghamshire,Farhan Ahmed,LA Patterson-White,BTJ Wheal,0,0,,,,,,"",""
ball,3,86.6,Nottinghamshire,Farhan Ahmed,LA Patterson-White,BTJ Wheal,0,0,,,,,,"",""
ball,3,87.1,Nottinghamshire,LA Patterson-White,Farhan Ahmed,KJ Abbott,0,0,,,,,,"",""
ball,3,87.2,Nottinghamshire,LA Patterson-White,Farhan Ahmed,KJ Abbott,1,0,,,,,,"",""
ball,3,87.3,Nottinghamshire,Farhan Ahmed,LA Patterson-White,KJ Abbott,0,0,,,,,,"",""
ball,3,87.4,Nottinghamshire,Farhan Ahmed,LA Patterson-White,KJ Abbott,0,0,,,,,,"",""
ball,3,87.5,Nottinghamshire,Farhan Ahmed,LA Patterson-White,KJ Abbott,0,0,,,,,,"",""
ball,3,87.6,Nottinghamshire,Farhan Ahmed,LA Patterson-White,KJ Abbott,1,0,,,,,,"",""
ball,3,88.1,Nottinghamshire,Farhan Ahmed,LA Patterson-White,BTJ Wheal,0,0,,,,,,"",""
ball,3,88.2,Nottinghamshire,Farhan Ahmed,LA Patterson-White,BTJ Wheal,0,0,,,,,,"",""
ball,3,88.3,Nottinghamshire,Farhan Ahmed,LA Patterson-White,BTJ Wheal,0,0,,,,,,"",""
ball,3,88.4,Nottinghamshire,Farhan Ahmed,LA Patterson-White,BTJ Wheal,0,0,,,,,,"",""
ball,3,88.5,Nottinghamshire,Farhan Ahmed,LA Patterson-White,BTJ Wheal,0,0,,,,,,"",""
ball,3,88.6,Nottinghamshire,Farhan Ahmed,LA Patterson-White,BTJ Wheal,0,0,,,,,,"",""
ball,3,89.1,Nottinghamshire,LA Patterson-White,Farhan Ahmed,KJ Abbott,0,0,,,,,,"",""
ball,3,89.2,Nottinghamshire,LA Patterson-White,Farhan Ahmed,KJ Abbott,0,0,,,,,,"",""
ball,3,89.3,Nottinghamshire,LA Patterson-White,Farhan Ahmed,KJ Abbott,1,0,,,,,,"",""
ball,3,89.4,Nottinghamshire,Farhan Ahmed,LA Patterson-White,KJ Abbott,1,0,,,,,,"",""
ball,3,89.5,Nottinghamshire,LA Patterson-White,Farhan Ahmed,KJ Abbott,1,0,,,,,,"",""
ball,3,89.6,Nottinghamshire,Farhan Ahmed,LA Patterson-White,KJ Abbott,1,0,,,,,,"",""
ball,3,90.1,Nottinghamshire,Farhan Ahmed,LA Patterson-White,JK Fuller,0,0,,,,,,bowled,Farhan Ahmed
ball,3,90.2,Nottinghamshire,Mohammad Abbas,LA Patterson-White,JK Fuller,0,0,,,,,,"",""
ball,3,90.3,Nottinghamshire,Mohammad Abbas,LA Patterson-White,JK Fuller,0,0,,,,,,"",""
ball,3,90.4,Nottinghamshire,Mohammad Abbas,LA Patterson-White,JK Fuller,0,0,,,,,,"",""
ball,3,90.5,Nottinghamshire,Mohammad Abbas,LA Patterson-White,JK Fuller,0,0,,,,,,"",""
ball,3,90.6,Nottinghamshire,Mohammad Abbas,LA Patterson-White,JK Fuller,0,0,,,,,,"",""
ball,3,91.1,Nottinghamshire,LA Patterson-White,Mohammad Abbas,S Baker,0,0,,,,,,bowled,LA Patterson-White
ball,4,0.1,Hampshire,MD Stoneman,FS Middleton,BA Hutton,0,0,,,,,,"",""
ball,4,0.2,Hampshire,MD Stoneman,FS Middleton,BA Hutton,0,0,,,,,,"",""
ball,4,0.3,Hampshire,MD Stoneman,FS Middleton,BA Hutton,0,0,,,,,,"",""
ball,4,0.4,Hampshire,MD Stoneman,FS Middleton,BA Hutton,0,0,,,,,,"",""
ball,4,0.5,Hampshire,MD Stoneman,FS Middleton,BA Hutton,0,0,,,,,,"",""
ball,4,0.6,Hampshire,MD Stoneman,FS Middleton,BA Hutton,0,0,,,,,,"",""
ball,4,1.1,Hampshire,FS Middleton,MD Stoneman,Mohammad Abbas,0,0,,,,,,"",""
ball,4,1.2,Hampshire,FS Middleton,MD Stoneman,Mohammad Abbas,0,0,,,,,,"",""
ball,4,1.3,Hampshire,FS Middleton,MD Stoneman,Mohammad Abbas,0,0,,,,,,"",""
ball,4,1.4,Hampshire,FS Middleton,MD Stoneman,Mohammad Abbas,0,0,,,,,,"",""
ball,4,1.5,Hampshire,FS Middleton,MD Stoneman,Mohammad Abbas,0,0,,,,,,"",""
ball,4,1.6,Hampshire,FS Middleton,MD Stoneman,Mohammad Abbas,0,0,,,,,,"",""
ball,4,2.1,Hampshire,MD Stoneman,FS Middleton,BA Hutton,0,0,,,,,,"",""
ball,4,2.2,Hampshire,MD Stoneman,FS Middleton,BA Hutton,0,0,,,,,,"",""
ball,4,2.3,Hampshire,MD Stoneman,FS Middleton,BA Hutton,0,0,,,,,,"",""
ball,4,2.4,Hampshire,MD Stoneman,FS Middleton,BA Hutton,0,0,,,,,,"",""
ball,4,2.5,Hampshire,MD Stoneman,FS Middleton,BA Hutton,0,0,,,,,,"",""
ball,4,2.6,Hampshire,MD Stoneman,FS Middleton,BA Hutton,0,0,,,,,,"",""
ball,4,3.1,Hampshire,FS Middleton,MD Stoneman,Mohammad Abbas,0,0,,,,,,"",""
ball,4,3.2,Hampshire,FS Middleton,MD Stoneman,Mohammad Abbas,0,0,,,,,,"",""
ball,4,3.3,Hampshire,FS Middleton,MD Stoneman,Mohammad Abbas,0,0,,,,,,"",""
ball,4,3.4,Hampshire,FS Middleton,MD Stoneman,Mohammad Abbas,0,0,,,,,,"",""
ball,4,3.5,Hampshire,FS Middleton,MD Stoneman,Mohammad Abbas,0,0,,,,,,"",""
ball,4,3.6,Hampshire,FS Middleton,MD Stoneman,Mohammad Abbas,0,0,,,,,,"",""
ball,4,4.1,Hampshire,MD Stoneman,FS Middleton,BA Hutton,0,0,,,,,,"",""
ball,4,4.2,Hampshire,MD Stoneman,FS Middleton,BA Hutton,0,0,,,,,,"",""
ball,4,4.3,Hampshire,MD Stoneman,FS Middleton,BA Hutton,0,0,,,,,,"",""
ball,4,4.4,Hampshire,MD Stoneman,FS Middleton,BA Hutton,0,0,,,,,,"",""
ball,4,4.5,Hampshire,MD Stoneman,FS Middleton,BA Hutton,0,0,,,,,,"",""
ball,4,4.6,Hampshire,MD Stoneman,FS Middleton,BA Hutton,0,0,,,,,,"",""
ball,4,5.1,Hampshire,FS Middleton,MD Stoneman,Mohammad Abbas,2,0,,,,,,"",""
ball,4,5.2,Hampshire,FS Middleton,MD Stoneman,Mohammad Abbas,0,0,,,,,,"",""
ball,4,5.3,Hampshire,FS Middleton,MD Stoneman,Mohammad Abbas,0,0,,,,,,"",""
ball,4,5.4,Hampshire,FS Middleton,MD Stoneman,Mohammad Abbas,0,0,,,,,,"",""
ball,4,5.5,Hampshire,FS Middleton,MD Stoneman,Mohammad Abbas,0,0,,,,,,"",""
ball,4,5.6,Hampshire,FS Middleton,MD Stoneman,Mohammad Abbas,0,0,,,,,,"",""
ball,4,6.1,Hampshire,MD Stoneman,FS Middleton,BA Hutton,4,0,,,,,,"",""
ball,4,6.2,Hampshire,MD Stoneman,FS Middleton,BA Hutton,0,0,,,,,,"",""
ball,4,6.3,Hampshire,MD Stoneman,FS Middleton,BA Hutton,0,0,,,,,,"",""
ball,4,6.4,Hampshire,MD Stoneman,FS Middleton,BA Hutton,0,0,,,,,,"",""
ball,4,6.5,Hampshire,MD Stoneman,FS Middleton,BA Hutton,1,0,,,,,,"",""
ball,4,6.6,Hampshire,FS Middleton,MD Stoneman,BA Hutton,0,0,,,,,,"",""
ball,4,7.1,Hampshire,MD Stoneman,FS Middleton,Mohammad Abbas,0,0,,,,,,"",""
ball,4,7.2,Hampshire,MD Stoneman,FS Middleton,Mohammad Abbas,4,0,,,,,,"",""
ball,4,7.3,Hampshire,MD Stoneman,FS Middleton,Mohammad Abbas,0,0,,,,,,"",""
ball,4,7.4,Hampshire,MD Stoneman,FS Middleton,Mohammad Abbas,0,0,,,,,,"",""
ball,4,7.5,Hampshire,MD Stoneman,FS Middleton,Mohammad Abbas,4,0,,,,,,"",""
ball,4,7.6,Hampshire,MD Stoneman,FS Middleton,Mohammad Abbas,0,0,,,,,,"",""
ball,4,8.1,Hampshire,FS Middleton,MD Stoneman,BA Hutton,0,0,,,,,,"",""
ball,4,8.2,Hampshire,FS Middleton,MD Stoneman,BA Hutton,0,0,,,,,,lbw,FS Middleton
ball,4,8.3,Hampshire,NRT Gubbins,MD Stoneman,BA Hutton,4,0,,,,,,"",""
ball,4,8.4,Hampshire,NRT Gubbins,MD Stoneman,BA Hutton,1,0,,,,,,"",""
ball,4,8.5,Hampshire,MD Stoneman,NRT Gubbins,BA Hutton,0,0,,,,,,"",""
ball,4,8.6,Hampshire,MD Stoneman,NRT Gubbins,BA Hutton,0,0,,,,,,"",""
ball,4,9.1,Hampshire,NRT Gubbins,MD Stoneman,Mohammad Abbas,0,0,,,,,,"",""
ball,4,9.2,Hampshire,NRT Gubbins,MD Stoneman,Mohammad Abbas,0,0,,,,,,"",""
ball,4,9.3,Hampshire,NRT Gubbins,MD Stoneman,Mohammad Abbas,1,0,,,,,,"",""
ball,4,9.4,Hampshire,MD Stoneman,NRT Gubbins,Mohammad Abbas,0,0,,,,,,"",""
ball,4,9.5,Hampshire,MD Stoneman,NRT Gubbins,Mohammad Abbas,0,0,,,,,,"",""
ball,4,9.6,Hampshire,MD Stoneman,NRT Gubbins,Mohammad Abbas,0,0,,,,,,"",""
ball,4,10.1,Hampshire,NRT Gubbins,MD Stoneman,BA Hutton,1,0,,,,,,"",""
ball,4,10.2,Hampshire,MD Stoneman,NRT Gubbins,BA Hutton,0,0,,,,,,"",""
ball,4,10.3,Hampshire,MD Stoneman,NRT Gubbins,BA Hutton,0,0,,,,,,caught,MD Stoneman
ball,4,10.4,Hampshire,TJ Prest,NRT Gubbins,BA Hutton,0,0,,,,,,"",""
ball,4,10.5,Hampshire,TJ Prest,NRT Gubbins,BA Hutton,0,0,,,,,,"",""
ball,4,10.6,Hampshire,TJ Prest,NRT Gubbins,BA Hutton,0,0,,,,,,"",""
ball,4,11.1,Hampshire,NRT Gubbins,TJ Prest,Mohammad Abbas,0,0,,,,,,"",""
ball,4,11.2,Hampshire,NRT Gubbins,TJ Prest,Mohammad Abbas,0,0,,,,,,"",""
ball,4,11.3,Hampshire,NRT Gubbins,TJ Prest,Mohammad Abbas,0,0,,,,,,"",""
ball,4,11.4,Hampshire,NRT Gubbins,TJ Prest,Mohammad Abbas,0,0,,,,,,"",""
ball,4,11.5,Hampshire,NRT Gubbins,TJ Prest,Mohammad Abbas,0,0,,,,,,"",""
ball,4,11.6,Hampshire,NRT Gubbins,TJ Prest,Mohammad Abbas,0,0,,,,,,"",""
ball,4,12.1,Hampshire,TJ Prest,NRT Gubbins,BA Hutton,0,0,,,,,,"",""
ball,4,12.2,Hampshire,TJ Prest,NRT Gubbins,BA Hutton,4,0,,,,,,"",""
ball,4,12.3,Hampshire,TJ Prest,NRT Gubbins,BA Hutton,0,0,,,,,,"",""
ball,4,12.4,Hampshire,TJ Prest,NRT Gubbins,BA Hutton,0,0,,,,,,"",""
ball,4,12.5,Hampshire,TJ Prest,NRT Gubbins,BA Hutton,0,0,,,,,,"",""
ball,4,12.6,Hampshire,TJ Prest,NRT Gubbins,BA Hutton,4,0,,,,,,"",""
ball,4,13.1,Hampshire,NRT Gubbins,TJ Prest,LW James,0,0,,,,,,"",""
ball,4,13.2,Hampshire,NRT Gubbins,TJ Prest,LW James,0,0,,,,,,"",""
ball,4,13.3,Hampshire,NRT Gubbins,TJ Prest,LW James,0,0,,,,,,"",""
ball,4,13.4,Hampshire,NRT Gubbins,TJ Prest,LW James,0,0,,,,,,"",""
ball,4,13.5,Hampshire,NRT Gubbins,TJ Prest,LW James,0,0,,,,,,"",""
ball,4,13.6,Hampshire,NRT Gubbins,TJ Prest,LW James,0,0,,,,,,"",""
ball,4,14.1,Hampshire,TJ Prest,NRT Gubbins,BA Hutton,0,0,,,,,,"",""
ball,4,14.2,Hampshire,TJ Prest,NRT Gubbins,BA Hutton,0,0,,,,,,"",""
ball,4,14.3,Hampshire,TJ Prest,NRT Gubbins,BA Hutton,0,0,,,,,,"",""
ball,4,14.4,Hampshire,TJ Prest,NRT Gubbins,BA Hutton,1,0,,,,,,"",""
ball,4,14.5,Hampshire,NRT Gubbins,TJ Prest,BA Hutton,0,0,,,,,,"",""
ball,4,14.6,Hampshire,NRT Gubbins,TJ Prest,BA Hutton,1,0,,,,,,"",""
ball,4,15.1,Hampshire,NRT Gubbins,TJ Prest,LW James,1,0,,,,,,"",""
ball,4,15.2,Hampshire,TJ Prest,NRT Gubbins,LW James,0,0,,,,,,"",""
ball,4,15.3,Hampshire,TJ Prest,NRT Gubbins,LW James,0,0,,,,,,caught,TJ Prest
ball,4,15.4,Hampshire,BC Brown,NRT Gubbins,LW James,0,0,,,,,,"",""
ball,4,15.5,Hampshire,BC Brown,NRT Gubbins,LW James,0,0,,,,,,"",""
ball,4,15.6,Hampshire,BC Brown,NRT Gubbins,LW James,4,0,,,,,,"",""
ball,4,16.1,Hampshire,NRT Gubbins,BC Brown,BA Hutton,2,0,,,,,,"",""
ball,4,16.2,Hampshire,NRT Gubbins,BC Brown,BA Hutton,1,0,,,,,,"",""
ball,4,16.3,Hampshire,BC Brown,NRT Gubbins,BA Hutton,0,0,,,,,,"",""
ball,4,16.4,Hampshire,BC Brown,NRT Gubbins,BA Hutton,0,0,,,,,,"",""
ball,4,16.5,Hampshire,BC Brown,NRT Gubbins,BA Hutton,0,0,,,,,,caught,BC Brown
ball,4,16.6,Hampshire,LA Dawson,NRT Gubbins,BA Hutton,0,0,,,,,,"",""
ball,4,17.1,Hampshire,NRT Gubbins,LA Dawson,LW James,0,0,,,,,,caught,NRT Gubbins
ball,4,17.2,Hampshire,TE Albert,LA Dawson,LW James,4,0,,,,,,"",""
ball,4,17.3,Hampshire,TE Albert,LA Dawson,LW James,0,0,,,,,,"",""
ball,4,17.4,Hampshire,TE Albert,LA Dawson,LW James,0,0,,,,,,"",""
ball,4,17.5,Hampshire,TE Albert,LA Dawson,LW James,0,0,,,,,,"",""
ball,4,17.6,Hampshire,TE Albert,LA Dawson,LW James,0,0,,,,,,"",""
ball,4,18.1,Hampshire,LA Dawson,TE Albert,BA Hutton,0,0,,,,,,"",""
ball,4,18.2,Hampshire,LA Dawson,TE Albert,BA Hutton,0,0,,,,,,"",""
ball,4,18.3,Hampshire,LA Dawson,TE Albert,BA Hutton,2,0,,,,,,"",""
ball,4,18.4,Hampshire,LA Dawson,TE Albert,BA Hutton,6,0,,,,,,"",""
ball,4,18.5,Hampshire,LA Dawson,TE Albert,BA Hutton,1,0,,,,,,"",""
ball,4,18.6,Hampshire,TE Albert,LA Dawson,BA Hutton,0,0,,,,,,"",""
ball,4,19.1,Hampshire,LA Dawson,TE Albert,LW James,0,0,,,,,,"",""
ball,4,19.2,Hampshire,LA Dawson,TE Albert,LW James,0,0,,,,,,"",""
ball,4,19.3,Hampshire,LA Dawson,TE Albert,LW James,1,0,,,,,,"",""
ball,4,19.4,Hampshire,TE Albert,LA Dawson,LW James,4,0,,,,,,"",""
ball,4,19.5,Hampshire,TE Albert,LA Dawson,LW James,0,0,,,,,,"",""
ball,4,19.6,Hampshire,TE Albert,LA Dawson,LW James,0,0,,,,,,"",""
ball,4,20.1,Hampshire,LA Dawson,TE Albert,BA Hutton,3,0,,,,,,"",""
ball,4,20.2,Hampshire,TE Albert,LA Dawson,BA Hutton,1,0,,,,,,"",""
ball,4,20.3,Hampshire,LA Dawson,TE Albert,BA Hutton,4,0,,,,,,"",""
ball,4,20.4,Hampshire,LA Dawson,TE Albert,BA Hutton,0,0,,,,,,caught,LA Dawson
ball,4,20.5,Hampshire,JK Fuller,TE Albert,BA Hutton,1,0,,,,,,"",""
ball,4,20.6,Hampshire,TE Albert,JK Fuller,BA Hutton,0,0,,,,,,"",""
ball,4,21.1,Hampshire,JK Fuller,TE Albert,LW James,0,0,,,,,,caught,JK Fuller
ball,4,21.2,Hampshire,KJ Abbott,TE Albert,LW James,0,0,,,,,,"",""
ball,4,21.3,Hampshire,KJ Abbott,TE Albert,LW James,1,0,,,,,,"",""
ball,4,21.4,Hampshire,TE Albert,KJ Abbott,LW James,0,0,,,,,,caught,TE Albert
ball,4,21.5,Hampshire,BTJ Wheal,KJ Abbott,LW James,0,0,,,,,,"",""
ball,4,21.6,Hampshire,BTJ Wheal,KJ Abbott,LW James,0,0,,,,,,"",""
ball,4,22.1,Hampshire,KJ Abbott,BTJ Wheal,BA Hutton,4,0,,,,,,"",""
ball,4,22.2,Hampshire,KJ Abbott,BTJ Wheal,BA Hutton,4,0,,,,,,"",""
ball,4,22.3,Hampshire,KJ Abbott,BTJ Wheal,BA Hutton,0,0,,,,,,"",""
ball,4,22.4,Hampshire,KJ Abbott,BTJ Wheal,BA Hutton,4,0,,,,,,"",""
ball,4,22.5,Hampshire,KJ Abbott,BTJ Wheal,BA Hutton,0,0,,,,,,"",""
ball,4,22.6,Hampshire,KJ Abbott,BTJ Wheal,BA Hutton,1,0,,,,,,"",""
ball,4,23.1,Hampshire,KJ Abbott,BTJ Wheal,LW James,1,0,,,,,,"",""
ball,4,23.2,Hampshire,BTJ Wheal,KJ Abbott,LW James,0,0,,,,,,"",""
ball,4,23.3,Hampshire,BTJ Wheal,KJ Abbott,LW James,0,0,,,,,,caught,BTJ Wheal
ball,4,23.4,Hampshire,S Baker,KJ Abbott,LW James,0,0,,,,,,"",""
ball,4,23.5,Hampshire,S Baker,KJ Abbott,LW James,0,0,,,,,,"",""
ball,4,23.6,Hampshire,S Baker,KJ Abbott,LW James,1,0,,,,,,"",""
ball,4,24.1,Hampshire,S Baker,KJ Abbott,BA Hutton,0,0,,,,,,"",""
ball,4,24.2,Hampshire,S Baker,KJ Abbott,BA Hutton,0,0,,,,,,"",""
ball,4,24.3,Hampshire,S Baker,KJ Abbott,BA Hutton,0,0,,,,,,"",""
ball,4,24.4,Hampshire,S Baker,KJ Abbott,BA Hutton,0,0,,,,,,"",""
ball,4,24.5,Hampshire,S Baker,KJ Abbott,BA Hutton,0,0,,,,,,"",""
ball,4,24.6,Hampshire,S Baker,KJ Abbott,BA Hutton,1,0,,,,,,"",""
ball,4,25.1,Hampshire,S Baker,KJ Abbott,LW James,0,0,,,,,,"",""
ball,4,25.2,Hampshire,S Baker,KJ Abbott,LW James,0,0,,,,,,"",""
ball,4,25.3,Hampshire,S Baker,KJ Abbott,LW James,0,0,,,,,,"",""
ball,4,25.4,Hampshire,S Baker,KJ Abbott,LW James,4,0,,,,,,"",""
ball,4,25.5,Hampshire,S Baker,KJ Abbott,LW James,0,0,,,,,,"",""
ball,4,25.6,Hampshire,S Baker,KJ Abbott,LW James,1,0,,,,,,"",""
ball,4,26.1,Hampshire,S Baker,KJ Abbott,Farhan Ahmed,0,0,,,,,,"",""
ball,4,26.2,Hampshire,S Baker,KJ Abbott,Farhan Ahmed,0,0,,,,,,"",""
ball,4,26.3,Hampshire,S Baker,KJ Abbott,Farhan Ahmed,0,0,,,,,,"",""
ball,4,26.4,Hampshire,S Baker,KJ Abbott,Farhan Ahmed,0,0,,,,,,"",""
ball,4,26.5,Hampshire,S Baker,KJ Abbott,Farhan Ahmed,0,0,,,,,,"",""
ball,4,26.6,Hampshire,S Baker,KJ Abbott,Farhan Ahmed,0,0,,,,,,"",""
ball,4,27.1,Hampshire,KJ Abbott,S Baker,LA Patterson-White,0,0,,,,,,"",""
ball,4,27.2,Hampshire,KJ Abbott,S Baker,LA Patterson-White,1,0,,,,,,"",""
ball,4,27.3,Hampshire,S Baker,KJ Abbott,LA Patterson-White,0,0,,,,,,"",""
ball,4,27.4,Hampshire,S Baker,KJ Abbott,LA Patterson-White,0,0,,,,,,"",""
ball,4,27.5,Hampshire,S Baker,KJ Abbott,LA Patterson-White,0,4,,,,4,,"",""
ball,4,27.6,Hampshire,S Baker,KJ Abbott,LA Patterson-White,1,0,,,,,,"",""
ball,4,28.1,Hampshire,S Baker,KJ Abbott,Farhan Ahmed,4,0,,,,,,"",""
ball,4,28.2,Hampshire,S Baker,KJ Abbott,Farhan Ahmed,1,0,,,,,,"",""
ball,4,28.3,Hampshire,KJ Abbott,S Baker,Farhan Ahmed,0,0,,,,,,"",""
ball,4,28.4,Hampshire,KJ Abbott,S Baker,Farhan Ahmed,1,0,,,,,,"",""
ball,4,28.5,Hampshire,S Baker,KJ Abbott,Farhan Ahmed,1,0,,,,,,"",""
ball,4,28.6,Hampshire,KJ Abbott,S Baker,Farhan Ahmed,0,0,,,,,,"",""
ball,4,29.1,Hampshire,S Baker,KJ Abbott,LA Patterson-White,0,0,,,,,,"",""
ball,4,29.2,Hampshire,S Baker,KJ Abbott,LA Patterson-White,0,0,,,,,,"",""
ball,4,29.3,Hampshire,S Baker,KJ Abbott,LA Patterson-White,0,0,,,,,,"",""
ball,4,29.4,Hampshire,S Baker,KJ Abbott,LA Patterson-White,0,0,,,,,,"",""
ball,4,29.5,Hampshire,S Baker,KJ Abbott,LA Patterson-White,0,0,,,,,,"",""
ball,4,29.6,Hampshire,S Baker,KJ Abbott,LA Patterson-White,0,0,,,,,,"",""
ball,4,30.1,Hampshire,KJ Abbott,S Baker,Farhan Ahmed,0,0,,,,,,"",""
ball,4,30.2,Hampshire,KJ Abbott,S Baker,Farhan Ahmed,0,0,,,,,,"",""
ball,4,30.3,Hampshire,KJ Abbott,S Baker,Farhan Ahmed,1,0,,,,,,"",""
ball,4,30.4,Hampshire,S Baker,KJ Abbott,Farhan Ahmed,0,0,,,,,,"",""
ball,4,30.5,Hampshire,S Baker,KJ Abbott,Farhan Ahmed,1,0,,,,,,"",""
ball,4,30.6,Hampshire,KJ Abbott,S Baker,Farhan Ahmed,0,0,,,,,,"",""
ball,4,31.1,Hampshire,S Baker,KJ Abbott,LA Patterson-White,0,0,,,,,,"",""
ball,4,31.2,Hampshire,S Baker,KJ Abbott,LA Patterson-White,0,0,,,,,,"",""
ball,4,31.3,Hampshire,S Baker,KJ Abbott,LA Patterson-White,0,0,,,,,,"",""
ball,4,31.4,Hampshire,S Baker,KJ Abbott,LA Patterson-White,6,0,,,,,,"",""
ball,4,31.5,Hampshire,S Baker,KJ Abbott,LA Patterson-White,6,0,,,,,,"",""
ball,4,31.6,Hampshire,S Baker,KJ Abbott,LA Patterson-White,0,0,,,,,,"",""
ball,4,32.1,Hampshire,KJ Abbott,S Baker,Farhan Ahmed,0,0,,,,,,"",""
ball,4,32.2,Hampshire,KJ Abbott,S Baker,Farhan Ahmed,0,0,,,,,,"",""
ball,4,32.3,Hampshire,KJ Abbott,S Baker,Farhan Ahmed,0,0,,,,,,"",""
ball,4,32.4,Hampshire,KJ Abbott,S Baker,Farhan Ahmed,0,0,,,,,,"",""
ball,4,32.5,Hampshire,KJ Abbott,S Baker,Farhan Ahmed,0,0,,,,,,"",""
ball,4,32.6,Hampshire,KJ Abbott,S Baker,Farhan Ahmed,0,0,,,,,,"",""
ball,4,33.1,Hampshire,S Baker,KJ Abbott,LA Patterson-White,0,0,,,,,,"",""
ball,4,33.2,Hampshire,S Baker,KJ Abbott,LA Patterson-White,0,0,,,,,,"",""
ball,4,33.3,Hampshire,S Baker,KJ Abbott,LA Patterson-White,0,0,,,,,,caught,S Baker
