version,1.7.0
info,balls_per_over,6
info,team,Nondescripts Cricket Club
info,team,Tamil Union Cricket and Athletic Club
info,gender,male
info,season,2024/25
info,date,2025/01/10
info,date,2025/01/11
info,date,2025/01/12
info,event,Major League Tournament
info,venue,"P Sara Oval, Colombo"
info,city,Colombo
info,toss_winner,Nondescripts Cricket Club
info,toss_decision,bat
info,umpire,RA Kottahachchi
info,umpire,UILD Wewage
info,match_referee,M Jayasena
info,outcome,draw
info,player,Nondescripts Cricket Club,N Dickwella
info,player,Nondescripts Cricket Club,LU Igalagamage
info,player,Nondescripts Cricket Club,K Mishara
info,player,Nondescripts Cricket Club,A Wickramasinghe
info,player,Nondescripts Cricket Club,SSD Arachchige
info,player,Nondescripts Cricket Club,A Sigera
info,player,Nondescripts Cricket Club,Kaveen Bandara
info,player,Nondescripts Cricket Club,C Karunaratne
info,player,Nondescripts Cricket Club,A Daniel
info,player,Nondescripts Cricket Club,PVD Chameera
info,player,Nondescripts Cricket Club,L Embuldeniya
info,player,Tamil Union Cricket and Athletic Club,ND Paranavithana
info,player,Tamil Union Cricket and Athletic Club,WT Dilshan
info,player,Tamil Union Cricket and Athletic Club,M de Silva
info,player,Tamil Union Cricket and Athletic Club,Mohamed Shamaz
info,player,Tamil Union Cricket and Athletic Club,R Upamal
info,player,Tamil Union Cricket and Athletic Club,S Hapuhinna
info,player,Tamil Union Cricket and Athletic Club,V Viyaskanth
info,player,Tamil Union Cricket and Athletic Club,DTM Fernando
info,player,Tamil Union Cricket and Athletic Club,KTH Ratnayake
info,player,Tamil Union Cricket and Athletic Club,RAS Lakmal
info,player,Tamil Union Cricket and Athletic Club,V Thewmika
info,registry,people,A Daniel,9e3f1cc4
info,registry,people,A Sigera,4d2f1582
info,registry,people,A Wickramasinghe,296d4d0f
info,registry,people,C Karunaratne,fb3e0d39
info,registry,people,DTM Fernando,7d112257
info,registry,people,K Mishara,65cebd5d
info,registry,people,KTH Ratnayake,4eb02f2e
info,registry,people,Kaveen Bandara,fccb94c3
info,registry,people,L Embuldeniya,b54b66b3
info,registry,people,LU Igalagamage,07b6c3c1
info,registry,people,M Jayasena,fa87f32f
info,registry,people,M de Silva,3bec338f
info,registry,people,Mohamed Shamaz,93b6157d
info,registry,people,N Dickwella,45963d9e
info,registry,people,ND Paranavithana,4e602f29
info,registry,people,PVD Chameera,327b58d3
info,registry,people,R Upamal,b1934b6d
info,registry,people,RA Kottahachchi,808f2939
info,registry,people,RAS Lakmal,2f28dc94
info,registry,people,S Hapuhinna,60a9ffb4
info,registry,people,SSD Arachchige,c05f9d20
info,registry,people,UILD Wewage,6a58b590
info,registry,people,V Thewmika,d3a1f753
info,registry,people,V Viyaskanth,03a83c50
info,registry,people,WT Dilshan,796c1afb
ball,1,0.1,Nondescripts Cricket Club,N Dickwella,LU Igalagamage,RAS Lakmal,0,0,,,,,,"",""
ball,1,0.2,Nondescripts Cricket Club,N Dickwella,LU Igalagamage,RAS Lakmal,0,0,,,,,,"",""
ball,1,0.3,Nondescripts Cricket Club,N Dickwella,LU Igalagamage,RAS Lakmal,0,0,,,,,,"",""
ball,1,0.4,Nondescripts Cricket Club,N Dickwella,LU Igalagamage,RAS Lakmal,0,0,,,,,,"",""
ball,1,0.5,Nondescripts Cricket Club,N Dickwella,LU Igalagamage,RAS Lakmal,0,0,,,,,,"",""
ball,1,0.6,Nondescripts Cricket Club,N Dickwella,LU Igalagamage,RAS Lakmal,0,0,,,,,,"",""
ball,1,1.1,Nondescripts Cricket Club,LU Igalagamage,N Dickwella,V Thewmika,1,0,,,,,,"",""
ball,1,1.2,Nondescripts Cricket Club,N Dickwella,LU Igalagamage,V Thewmika,4,0,,,,,,"",""
ball,1,1.3,Nondescripts Cricket Club,N Dickwella,LU Igalagamage,V Thewmika,4,0,,,,,,"",""
ball,1,1.4,Nondescripts Cricket Club,N Dickwella,LU Igalagamage,V Thewmika,1,0,,,,,,"",""
ball,1,1.5,Nondescripts Cricket Club,LU Igalagamage,N Dickwella,V Thewmika,6,0,,,,,,"",""
ball,1,1.6,Nondescripts Cricket Club,LU Igalagamage,N Dickwella,V Thewmika,0,0,,,,,,"",""
ball,1,2.1,Nondescripts Cricket Club,N Dickwella,LU Igalagamage,RAS Lakmal,0,0,,,,,,"",""
ball,1,2.2,Nondescripts Cricket Club,N Dickwella,LU Igalagamage,RAS Lakmal,0,0,,,,,,"",""
ball,1,2.3,Nondescripts Cricket Club,N Dickwella,LU Igalagamage,RAS Lakmal,4,0,,,,,,"",""
ball,1,2.4,Nondescripts Cricket Club,N Dickwella,LU Igalagamage,RAS Lakmal,1,0,,,,,,"",""
ball,1,2.5,Nondescripts Cricket Club,LU Igalagamage,N Dickwella,RAS Lakmal,4,0,,,,,,"",""
ball,1,2.6,Nondescripts Cricket Club,LU Igalagamage,N Dickwella,RAS Lakmal,0,0,,,,,,"",""
ball,1,3.1,Nondescripts Cricket Club,N Dickwella,LU Igalagamage,V Thewmika,2,0,,,,,,"",""
ball,1,3.2,Nondescripts Cricket Club,N Dickwella,LU Igalagamage,V Thewmika,0,0,,,,,,"",""
ball,1,3.3,Nondescripts Cricket Club,N Dickwella,LU Igalagamage,V Thewmika,1,0,,,,,,"",""
ball,1,3.4,Nondescripts Cricket Club,LU Igalagamage,N Dickwella,V Thewmika,4,0,,,,,,"",""
ball,1,3.5,Nondescripts Cricket Club,LU Igalagamage,N Dickwella,V Thewmika,1,0,,,,,,"",""
ball,1,3.6,Nondescripts Cricket Club,N Dickwella,LU Igalagamage,V Thewmika,0,0,,,,,,"",""
ball,1,4.1,Nondescripts Cricket Club,LU Igalagamage,N Dickwella,RAS Lakmal,0,0,,,,,,"",""
ball,1,4.2,Nondescripts Cricket Club,LU Igalagamage,N Dickwella,RAS Lakmal,1,0,,,,,,"",""
ball,1,4.3,Nondescripts Cricket Club,N Dickwella,LU Igalagamage,RAS Lakmal,1,0,,,,,,"",""
ball,1,4.4,Nondescripts Cricket Club,LU Igalagamage,N Dickwella,RAS Lakmal,0,0,,,,,,"",""
ball,1,4.5,Nondescripts Cricket Club,LU Igalagamage,N Dickwella,RAS Lakmal,0,0,,,,,,"",""
ball,1,4.6,Nondescripts Cricket Club,LU Igalagamage,N Dickwella,RAS Lakmal,0,1,,1,,,,"",""
ball,1,4.7,Nondescripts Cricket Club,LU Igalagamage,N Dickwella,RAS Lakmal,0,0,,,,,,"",""
ball,1,5.1,Nondescripts Cricket Club,N Dickwella,LU Igalagamage,KTH Ratnayake,1,0,,,,,,"",""
ball,1,5.2,Nondescripts Cricket Club,LU Igalagamage,N Dickwella,KTH Ratnayake,2,0,,,,,,"",""
ball,1,5.3,Nondescripts Cricket Club,LU Igalagamage,N Dickwella,KTH Ratnayake,0,0,,,,,,"",""
ball,1,5.4,Nondescripts Cricket Club,LU Igalagamage,N Dickwella,KTH Ratnayake,1,0,,,,,,"",""
ball,1,5.5,Nondescripts Cricket Club,N Dickwella,LU Igalagamage,KTH Ratnayake,0,0,,,,,,"",""
ball,1,5.6,Nondescripts Cricket Club,N Dickwella,LU Igalagamage,KTH Ratnayake,0,2,,,2,,,"",""
ball,1,6.1,Nondescripts Cricket Club,LU Igalagamage,N Dickwella,RAS Lakmal,0,0,,,,,,"",""
ball,1,6.2,Nondescripts Cricket Club,LU Igalagamage,N Dickwella,RAS Lakmal,0,0,,,,,,"",""
ball,1,6.3,Nondescripts Cricket Club,LU Igalagamage,N Dickwella,RAS Lakmal,1,0,,,,,,"",""
ball,1,6.4,Nondescripts Cricket Club,N Dickwella,LU Igalagamage,RAS Lakmal,2,0,,,,,,"",""
ball,1,6.5,Nondescripts Cricket Club,N Dickwella,LU Igalagamage,RAS Lakmal,4,0,,,,,,"",""
ball,1,6.6,Nondescripts Cricket Club,N Dickwella,LU Igalagamage,RAS Lakmal,0,1,,1,,,,"",""
ball,1,6.7,Nondescripts Cricket Club,N Dickwella,LU Igalagamage,RAS Lakmal,0,0,,,,,,"",""
ball,1,7.1,Nondescripts Cricket Club,LU Igalagamage,N Dickwella,KTH Ratnayake,1,0,,,,,,"",""
ball,1,7.2,Nondescripts Cricket Club,N Dickwella,LU Igalagamage,KTH Ratnayake,0,0,,,,,,"",""
ball,1,7.3,Nondescripts Cricket Club,N Dickwella,LU Igalagamage,KTH Ratnayake,4,0,,,,,,"",""
ball,1,7.4,Nondescripts Cricket Club,N Dickwella,LU Igalagamage,KTH Ratnayake,0,0,,,,,,"",""
ball,1,7.5,Nondescripts Cricket Club,N Dickwella,LU Igalagamage,KTH Ratnayake,0,0,,,,,,"",""
ball,1,7.6,Nondescripts Cricket Club,N Dickwella,LU Igalagamage,KTH Ratnayake,0,0,,,,,,"",""
ball,1,8.1,Nondescripts Cricket Club,LU Igalagamage,N Dickwella,M de Silva,0,0,,,,,,"",""
ball,1,8.2,Nondescripts Cricket Club,LU Igalagamage,N Dickwella,M de Silva,3,0,,,,,,"",""
ball,1,8.3,Nondescripts Cricket Club,N Dickwella,LU Igalagamage,M de Silva,4,0,,,,,,"",""
ball,1,8.4,Nondescripts Cricket Club,N Dickwella,LU Igalagamage,M de Silva,0,0,,,,,,"",""
ball,1,8.5,Nondescripts Cricket Club,N Dickwella,LU Igalagamage,M de Silva,4,1,,1,,,,"",""
ball,1,8.6,Nondescripts Cricket Club,N Dickwella,LU Igalagamage,M de Silva,1,0,,,,,,"",""
ball,1,8.7,Nondescripts Cricket Club,LU Igalagamage,N Dickwella,M de Silva,0,0,,,,,,"",""
ball,1,9.1,Nondescripts Cricket Club,N Dickwella,LU Igalagamage,KTH Ratnayake,1,0,,,,,,"",""
ball,1,9.2,Nondescripts Cricket Club,LU Igalagamage,N Dickwella,KTH Ratnayake,1,0,,,,,,"",""
ball,1,9.3,Nondescripts Cricket Club,N Dickwella,LU Igalagamage,KTH Ratnayake,0,0,,,,,,"",""
ball,1,9.4,Nondescripts Cricket Club,N Dickwella,LU Igalagamage,KTH Ratnayake,0,0,,,,,,"",""
ball,1,9.5,Nondescripts Cricket Club,N Dickwella,LU Igalagamage,KTH Ratnayake,0,0,,,,,,"",""
ball,1,9.6,Nondescripts Cricket Club,N Dickwella,LU Igalagamage,KTH Ratnayake,2,0,,,,,,"",""
ball,1,10.1,Nondescripts Cricket Club,LU Igalagamage,N Dickwella,M de Silva,0,0,,,,,,"",""
ball,1,10.2,Nondescripts Cricket Club,LU Igalagamage,N Dickwella,M de Silva,0,0,,,,,,"",""
ball,1,10.3,Nondescripts Cricket Club,LU Igalagamage,N Dickwella,M de Silva,0,0,,,,,,"",""
ball,1,10.4,Nondescripts Cricket Club,LU Igalagamage,N Dickwella,M de Silva,4,0,,,,,,"",""
ball,1,10.5,Nondescripts Cricket Club,LU Igalagamage,N Dickwella,M de Silva,1,0,,,,,,"",""
ball,1,10.6,Nondescripts Cricket Club,N Dickwella,LU Igalagamage,M de Silva,2,0,,,,,,"",""
ball,1,11.1,Nondescripts Cricket Club,LU Igalagamage,N Dickwella,KTH Ratnayake,2,0,,,,,,"",""
ball,1,11.2,Nondescripts Cricket Club,LU Igalagamage,N Dickwella,KTH Ratnayake,4,0,,,,,,"",""
ball,1,11.3,Nondescripts Cricket Club,LU Igalagamage,N Dickwella,KTH Ratnayake,0,0,,,,,,"",""
ball,1,11.4,Nondescripts Cricket Club,LU Igalagamage,N Dickwella,KTH Ratnayake,0,0,,,,,,"",""
ball,1,11.5,Nondescripts Cricket Club,LU Igalagamage,N Dickwella,KTH Ratnayake,1,0,,,,,,"",""
ball,1,11.6,Nondescripts Cricket Club,N Dickwella,LU Igalagamage,KTH Ratnayake,1,0,,,,,,"",""
ball,1,12.1,Nondescripts Cricket Club,N Dickwella,LU Igalagamage,V Viyaskanth,0,0,,,,,,"",""
ball,1,12.2,Nondescripts Cricket Club,N Dickwella,LU Igalagamage,V Viyaskanth,1,0,,,,,,"",""
ball,1,12.3,Nondescripts Cricket Club,LU Igalagamage,N Dickwella,V Viyaskanth,0,0,,,,,,"",""
ball,1,12.4,Nondescripts Cricket Club,LU Igalagamage,N Dickwella,V Viyaskanth,0,0,,,,,,"",""
ball,1,12.5,Nondescripts Cricket Club,LU Igalagamage,N Dickwella,V Viyaskanth,1,0,,,,,,"",""
ball,1,12.6,Nondescripts Cricket Club,N Dickwella,LU Igalagamage,V Viyaskanth,4,0,,,,,,"",""
ball,1,13.1,Nondescripts Cricket Club,LU Igalagamage,N Dickwella,KTH Ratnayake,0,0,,,,,,"",""
ball,1,13.2,Nondescripts Cricket Club,LU Igalagamage,N Dickwella,KTH Ratnayake,0,0,,,,,,"",""
ball,1,13.3,Nondescripts Cricket Club,LU Igalagamage,N Dickwella,KTH Ratnayake,0,0,,,,,,caught,LU Igalagamage
ball,1,13.4,Nondescripts Cricket Club,K Mishara,N Dickwella,KTH Ratnayake,0,0,,,,,,"",""
ball,1,13.5,Nondescripts Cricket Club,K Mishara,N Dickwella,KTH Ratnayake,1,0,,,,,,"",""
ball,1,13.6,Nondescripts Cricket Club,N Dickwella,K Mishara,KTH Ratnayake,1,0,,,,,,"",""
ball,1,14.1,Nondescripts Cricket Club,N Dickwella,K Mishara,V Thewmika,0,0,,,,,,"",""
ball,1,14.2,Nondescripts Cricket Club,N Dickwella,K Mishara,V Thewmika,1,0,,,,,,"",""
ball,1,14.3,Nondescripts Cricket Club,K Mishara,N Dickwella,V Thewmika,0,0,,,,,,"",""
ball,1,14.4,Nondescripts Cricket Club,K Mishara,N Dickwella,V Thewmika,0,0,,,,,,"",""
ball,1,14.5,Nondescripts Cricket Club,K Mishara,N Dickwella,V Thewmika,0,0,,,,,,"",""
ball,1,14.6,Nondescripts Cricket Club,K Mishara,N Dickwella,V Thewmika,0,0,,,,,,"",""
ball,1,15.1,Nondescripts Cricket Club,N Dickwella,K Mishara,KTH Ratnayake,1,0,,,,,,"",""
ball,1,15.2,Nondescripts Cricket Club,K Mishara,N Dickwella,KTH Ratnayake,0,0,,,,,,"",""
ball,1,15.3,Nondescripts Cricket Club,K Mishara,N Dickwella,KTH Ratnayake,0,0,,,,,,"",""
ball,1,15.4,Nondescripts Cricket Club,K Mishara,N Dickwella,KTH Ratnayake,1,0,,,,,,"",""
ball,1,15.5,Nondescripts Cricket Club,N Dickwella,K Mishara,KTH Ratnayake,0,0,,,,,,"",""
ball,1,15.6,Nondescripts Cricket Club,N Dickwella,K Mishara,KTH Ratnayake,1,0,,,,,,"",""
ball,1,16.1,Nondescripts Cricket Club,N Dickwella,K Mishara,V Thewmika,0,0,,,,,,"",""
ball,1,16.2,Nondescripts Cricket Club,N Dickwella,K Mishara,V Thewmika,1,0,,,,,,"",""
ball,1,16.3,Nondescripts Cricket Club,K Mishara,N Dickwella,V Thewmika,0,0,,,,,,"",""
ball,1,16.4,Nondescripts Cricket Club,K Mishara,N Dickwella,V Thewmika,0,0,,,,,,"",""
ball,1,16.5,Nondescripts Cricket Club,K Mishara,N Dickwella,V Thewmika,0,0,,,,,,"",""
ball,1,16.6,Nondescripts Cricket Club,K Mishara,N Dickwella,V Thewmika,6,0,,,,,,"",""
ball,1,17.1,Nondescripts Cricket Club,N Dickwella,K Mishara,KTH Ratnayake,1,0,,,,,,"",""
ball,1,17.2,Nondescripts Cricket Club,K Mishara,N Dickwella,KTH Ratnayake,0,0,,,,,,"",""
ball,1,17.3,Nondescripts Cricket Club,K Mishara,N Dickwella,KTH Ratnayake,0,0,,,,,,"",""
ball,1,17.4,Nondescripts Cricket Club,K Mishara,N Dickwella,KTH Ratnayake,1,0,,,,,,"",""
ball,1,17.5,Nondescripts Cricket Club,N Dickwella,K Mishara,KTH Ratnayake,0,0,,,,,,"",""
ball,1,17.6,Nondescripts Cricket Club,N Dickwella,K Mishara,KTH Ratnayake,1,0,,,,,,"",""
ball,1,18.1,Nondescripts Cricket Club,N Dickwella,K Mishara,V Thewmika,0,0,,,,,,"",""
ball,1,18.2,Nondescripts Cricket Club,N Dickwella,K Mishara,V Thewmika,1,0,,,,,,"",""
ball,1,18.3,Nondescripts Cricket Club,K Mishara,N Dickwella,V Thewmika,0,0,,,,,,"",""
ball,1,18.4,Nondescripts Cricket Club,K Mishara,N Dickwella,V Thewmika,0,0,,,,,,"",""
ball,1,18.5,Nondescripts Cricket Club,K Mishara,N Dickwella,V Thewmika,1,0,,,,,,"",""
ball,1,18.6,Nondescripts Cricket Club,N Dickwella,K Mishara,V Thewmika,0,0,,,,,,"",""
ball,1,19.1,Nondescripts Cricket Club,K Mishara,N Dickwella,KTH Ratnayake,4,0,,,,,,"",""
ball,1,19.2,Nondescripts Cricket Club,K Mishara,N Dickwella,KTH Ratnayake,0,0,,,,,,"",""
ball,1,19.3,Nondescripts Cricket Club,K Mishara,N Dickwella,KTH Ratnayake,0,0,,,,,,"",""
ball,1,19.4,Nondescripts Cricket Club,K Mishara,N Dickwella,KTH Ratnayake,4,0,,,,,,"",""
ball,1,19.5,Nondescripts Cricket Club,K Mishara,N Dickwella,KTH Ratnayake,0,0,,,,,,"",""
ball,1,19.6,Nondescripts Cricket Club,K Mishara,N Dickwella,KTH Ratnayake,0,0,,,,,,"",""
ball,1,20.1,Nondescripts Cricket Club,N Dickwella,K Mishara,V Thewmika,4,0,,,,,,"",""
ball,1,20.2,Nondescripts Cricket Club,N Dickwella,K Mishara,V Thewmika,1,0,,,,,,"",""
ball,1,20.3,Nondescripts Cricket Club,K Mishara,N Dickwella,V Thewmika,2,0,,,,,,"",""
ball,1,20.4,Nondescripts Cricket Club,K Mishara,N Dickwella,V Thewmika,0,0,,,,,,"",""
ball,1,20.5,Nondescripts Cricket Club,K Mishara,N Dickwella,V Thewmika,1,0,,,,,,"",""
ball,1,20.6,Nondescripts Cricket Club,N Dickwella,K Mishara,V Thewmika,0,0,,,,,,"",""
ball,1,21.1,Nondescripts Cricket Club,K Mishara,N Dickwella,KTH Ratnayake,2,0,,,,,,"",""
ball,1,21.2,Nondescripts Cricket Club,K Mishara,N Dickwella,KTH Ratnayake,0,0,,,,,,bowled,K Mishara
ball,1,21.3,Nondescripts Cricket Club,A Wickramasinghe,N Dickwella,KTH Ratnayake,0,0,,,,,,"",""
ball,1,21.4,Nondescripts Cricket Club,A Wickramasinghe,N Dickwella,KTH Ratnayake,4,0,,,,,,"",""
ball,1,21.5,Nondescripts Cricket Club,A Wickramasinghe,N Dickwella,KTH Ratnayake,0,0,,,,,,"",""
ball,1,21.6,Nondescripts Cricket Club,A Wickramasinghe,N Dickwella,KTH Ratnayake,0,0,,,,,,"",""
ball,1,22.1,Nondescripts Cricket Club,N Dickwella,A Wickramasinghe,RAS Lakmal,1,0,,,,,,"",""
ball,1,22.2,Nondescripts Cricket Club,A Wickramasinghe,N Dickwella,RAS Lakmal,1,0,,,,,,"",""
ball,1,22.3,Nondescripts Cricket Club,N Dickwella,A Wickramasinghe,RAS Lakmal,0,0,,,,,,"",""
ball,1,22.4,Nondescripts Cricket Club,N Dickwella,A Wickramasinghe,RAS Lakmal,6,0,,,,,,"",""
ball,1,22.5,Nondescripts Cricket Club,N Dickwella,A Wickramasinghe,RAS Lakmal,4,0,,,,,,"",""
ball,1,22.6,Nondescripts Cricket Club,N Dickwella,A Wickramasinghe,RAS Lakmal,1,0,,,,,,"",""
ball,1,23.1,Nondescripts Cricket Club,N Dickwella,A Wickramasinghe,KTH Ratnayake,1,0,,,,,,"",""
ball,1,23.2,Nondescripts Cricket Club,A Wickramasinghe,N Dickwella,KTH Ratnayake,1,0,,,,,,"",""
ball,1,23.3,Nondescripts Cricket Club,N Dickwella,A Wickramasinghe,KTH Ratnayake,4,0,,,,,,"",""
ball,1,23.4,Nondescripts Cricket Club,N Dickwella,A Wickramasinghe,KTH Ratnayake,0,0,,,,,,"",""
ball,1,23.5,Nondescripts Cricket Club,N Dickwella,A Wickramasinghe,KTH Ratnayake,1,0,,,,,,"",""
ball,1,23.6,Nondescripts Cricket Club,A Wickramasinghe,N Dickwella,KTH Ratnayake,0,0,,,,,,"",""
ball,1,24.1,Nondescripts Cricket Club,N Dickwella,A Wickramasinghe,RAS Lakmal,1,0,,,,,,"",""
ball,1,24.2,Nondescripts Cricket Club,A Wickramasinghe,N Dickwella,RAS Lakmal,0,0,,,,,,"",""
ball,1,24.3,Nondescripts Cricket Club,A Wickramasinghe,N Dickwella,RAS Lakmal,0,0,,,,,,"",""
ball,1,24.4,Nondescripts Cricket Club,A Wickramasinghe,N Dickwella,RAS Lakmal,0,0,,,,,,"",""
ball,1,24.5,Nondescripts Cricket Club,A Wickramasinghe,N Dickwella,RAS Lakmal,0,0,,,,,,"",""
ball,1,24.6,Nondescripts Cricket Club,A Wickramasinghe,N Dickwella,RAS Lakmal,0,0,,,,,,"",""
ball,1,25.1,Nondescripts Cricket Club,N Dickwella,A Wickramasinghe,KTH Ratnayake,6,0,,,,,,"",""
ball,1,25.2,Nondescripts Cricket Club,N Dickwella,A Wickramasinghe,KTH Ratnayake,1,0,,,,,,"",""
ball,1,25.3,Nondescripts Cricket Club,A Wickramasinghe,N Dickwella,KTH Ratnayake,1,0,,,,,,"",""
ball,1,25.4,Nondescripts Cricket Club,N Dickwella,A Wickramasinghe,KTH Ratnayake,0,0,,,,,,"",""
ball,1,25.5,Nondescripts Cricket Club,N Dickwella,A Wickramasinghe,KTH Ratnayake,1,0,,,,,,"",""
ball,1,25.6,Nondescripts Cricket Club,A Wickramasinghe,N Dickwella,KTH Ratnayake,0,0,,,,,,"",""
ball,1,26.1,Nondescripts Cricket Club,N Dickwella,A Wickramasinghe,V Viyaskanth,4,0,,,,,,"",""
ball,1,26.2,Nondescripts Cricket Club,N Dickwella,A Wickramasinghe,V Viyaskanth,0,0,,,,,,"",""
ball,1,26.3,Nondescripts Cricket Club,N Dickwella,A Wickramasinghe,V Viyaskanth,1,0,,,,,,"",""
ball,1,26.4,Nondescripts Cricket Club,A Wickramasinghe,N Dickwella,V Viyaskanth,0,0,,,,,,"",""
ball,1,26.5,Nondescripts Cricket Club,A Wickramasinghe,N Dickwella,V Viyaskanth,0,0,,,,,,"",""
ball,1,26.6,Nondescripts Cricket Club,A Wickramasinghe,N Dickwella,V Viyaskanth,0,0,,,,,,"",""
ball,1,27.1,Nondescripts Cricket Club,N Dickwella,A Wickramasinghe,ND Paranavithana,0,0,,,,,,"",""
ball,1,27.2,Nondescripts Cricket Club,N Dickwella,A Wickramasinghe,ND Paranavithana,0,0,,,,,,"",""
ball,1,27.3,Nondescripts Cricket Club,N Dickwella,A Wickramasinghe,ND Paranavithana,0,0,,,,,,"",""
ball,1,27.4,Nondescripts Cricket Club,N Dickwella,A Wickramasinghe,ND Paranavithana,0,0,,,,,,"",""
ball,1,27.5,Nondescripts Cricket Club,N Dickwella,A Wickramasinghe,ND Paranavithana,0,0,,,,,,"",""
ball,1,27.6,Nondescripts Cricket Club,N Dickwella,A Wickramasinghe,ND Paranavithana,0,0,,,,,,"",""
ball,1,28.1,Nondescripts Cricket Club,A Wickramasinghe,N Dickwella,V Viyaskanth,0,0,,,,,,"",""
ball,1,28.2,Nondescripts Cricket Club,A Wickramasinghe,N Dickwella,V Viyaskanth,0,0,,,,,,"",""
ball,1,28.3,Nondescripts Cricket Club,A Wickramasinghe,N Dickwella,V Viyaskanth,0,0,,,,,,"",""
ball,1,28.4,Nondescripts Cricket Club,A Wickramasinghe,N Dickwella,V Viyaskanth,1,0,,,,,,"",""
ball,1,28.5,Nondescripts Cricket Club,N Dickwella,A Wickramasinghe,V Viyaskanth,1,0,,,,,,"",""
ball,1,28.6,Nondescripts Cricket Club,A Wickramasinghe,N Dickwella,V Viyaskanth,1,0,,,,,,"",""
ball,1,29.1,Nondescripts Cricket Club,A Wickramasinghe,N Dickwella,ND Paranavithana,0,0,,,,,,"",""
ball,1,29.2,Nondescripts Cricket Club,A Wickramasinghe,N Dickwella,ND Paranavithana,1,0,,,,,,"",""
ball,1,29.3,Nondescripts Cricket Club,N Dickwella,A Wickramasinghe,ND Paranavithana,0,0,,,,,,"",""
ball,1,29.4,Nondescripts Cricket Club,N Dickwella,A Wickramasinghe,ND Paranavithana,0,0,,,,,,"",""
ball,1,29.5,Nondescripts Cricket Club,N Dickwella,A Wickramasinghe,ND Paranavithana,1,0,,,,,,"",""
ball,1,29.6,Nondescripts Cricket Club,A Wickramasinghe,N Dickwella,ND Paranavithana,0,0,,,,,,caught,A Wickramasinghe
ball,1,30.1,Nondescripts Cricket Club,N Dickwella,SSD Arachchige,V Viyaskanth,1,0,,,,,,"",""
ball,1,30.2,Nondescripts Cricket Club,SSD Arachchige,N Dickwella,V Viyaskanth,0,0,,,,,,"",""
ball,1,30.3,Nondescripts Cricket Club,SSD Arachchige,N Dickwella,V Viyaskanth,0,0,,,,,,"",""
ball,1,30.4,Nondescripts Cricket Club,SSD Arachchige,N Dickwella,V Viyaskanth,0,0,,,,,,"",""
ball,1,30.5,Nondescripts Cricket Club,SSD Arachchige,N Dickwella,V Viyaskanth,0,0,,,,,,"",""
ball,1,30.6,Nondescripts Cricket Club,SSD Arachchige,N Dickwella,V Viyaskanth,0,0,,,,,,"",""
ball,1,31.1,Nondescripts Cricket Club,N Dickwella,SSD Arachchige,ND Paranavithana,4,0,,,,,,"",""
ball,1,31.2,Nondescripts Cricket Club,N Dickwella,SSD Arachchige,ND Paranavithana,1,0,,,,,,"",""
ball,1,31.3,Nondescripts Cricket Club,SSD Arachchige,N Dickwella,ND Paranavithana,0,0,,,,,,"",""
ball,1,31.4,Nondescripts Cricket Club,SSD Arachchige,N Dickwella,ND Paranavithana,0,0,,,,,,"",""
ball,1,31.5,Nondescripts Cricket Club,SSD Arachchige,N Dickwella,ND Paranavithana,0,0,,,,,,"",""
ball,1,31.6,Nondescripts Cricket Club,SSD Arachchige,N Dickwella,ND Paranavithana,0,0,,,,,,"",""
ball,1,32.1,Nondescripts Cricket Club,N Dickwella,SSD Arachchige,V Viyaskanth,0,0,,,,,,"",""
ball,1,32.2,Nondescripts Cricket Club,N Dickwella,SSD Arachchige,V Viyaskanth,1,0,,,,,,"",""
ball,1,32.3,Nondescripts Cricket Club,SSD Arachchige,N Dickwella,V Viyaskanth,0,0,,,,,,"",""
ball,1,32.4,Nondescripts Cricket Club,SSD Arachchige,N Dickwella,V Viyaskanth,0,0,,,,,,"",""
ball,1,32.5,Nondescripts Cricket Club,SSD Arachchige,N Dickwella,V Viyaskanth,0,0,,,,,,"",""
ball,1,32.6,Nondescripts Cricket Club,SSD Arachchige,N Dickwella,V Viyaskanth,0,0,,,,,,caught and bowled,SSD Arachchige
ball,1,33.1,Nondescripts Cricket Club,N Dickwella,A Sigera,ND Paranavithana,1,0,,,,,,"",""
ball,1,33.2,Nondescripts Cricket Club,A Sigera,N Dickwella,ND Paranavithana,0,0,,,,,,"",""
ball,1,33.3,Nondescripts Cricket Club,A Sigera,N Dickwella,ND Paranavithana,1,0,,,,,,"",""
ball,1,33.4,Nondescripts Cricket Club,N Dickwella,A Sigera,ND Paranavithana,0,0,,,,,,"",""
ball,1,33.5,Nondescripts Cricket Club,N Dickwella,A Sigera,ND Paranavithana,1,0,,,,,,"",""
ball,1,33.6,Nondescripts Cricket Club,A Sigera,N Dickwella,ND Paranavithana,0,0,,,,,,"",""
ball,1,34.1,Nondescripts Cricket Club,N Dickwella,A Sigera,V Viyaskanth,0,0,,,,,,"",""
ball,1,34.2,Nondescripts Cricket Club,N Dickwella,A Sigera,V Viyaskanth,0,0,,,,,,"",""
ball,1,34.3,Nondescripts Cricket Club,N Dickwella,A Sigera,V Viyaskanth,0,0,,,,,,"",""
ball,1,34.4,Nondescripts Cricket Club,N Dickwella,A Sigera,V Viyaskanth,1,0,,,,,,"",""
ball,1,34.5,Nondescripts Cricket Club,A Sigera,N Dickwella,V Viyaskanth,0,0,,,,,,"",""
ball,1,34.6,Nondescripts Cricket Club,A Sigera,N Dickwella,V Viyaskanth,0,0,,,,,,"",""
ball,1,35.1,Nondescripts Cricket Club,N Dickwella,A Sigera,ND Paranavithana,1,0,,,,,,"",""
ball,1,35.2,Nondescripts Cricket Club,A Sigera,N Dickwella,ND Paranavithana,0,0,,,,,,"",""
ball,1,35.3,Nondescripts Cricket Club,A Sigera,N Dickwella,ND Paranavithana,0,0,,,,,,"",""
ball,1,35.4,Nondescripts Cricket Club,A Sigera,N Dickwella,ND Paranavithana,0,0,,,,,,lbw,A Sigera
ball,1,35.5,Nondescripts Cricket Club,Kaveen Bandara,N Dickwella,ND Paranavithana,4,0,,,,,,"",""
ball,1,35.6,Nondescripts Cricket Club,Kaveen Bandara,N Dickwella,ND Paranavithana,0,2,,,2,,,"",""
ball,1,36.1,Nondescripts Cricket Club,N Dickwella,Kaveen Bandara,V Viyaskanth,1,0,,,,,,"",""
ball,1,36.2,Nondescripts Cricket Club,Kaveen Bandara,N Dickwella,V Viyaskanth,4,0,,,,,,"",""
ball,1,36.3,Nondescripts Cricket Club,Kaveen Bandara,N Dickwella,V Viyaskanth,1,0,,,,,,"",""
ball,1,36.4,Nondescripts Cricket Club,N Dickwella,Kaveen Bandara,V Viyaskanth,0,0,,,,,,"",""
ball,1,36.5,Nondescripts Cricket Club,N Dickwella,Kaveen Bandara,V Viyaskanth,0,0,,,,,,caught,N Dickwella
ball,1,36.6,Nondescripts Cricket Club,C Karunaratne,Kaveen Bandara,V Viyaskanth,4,0,,,,,,"",""
ball,1,37.1,Nondescripts Cricket Club,Kaveen Bandara,C Karunaratne,ND Paranavithana,0,0,,,,,,"",""
ball,1,37.2,Nondescripts Cricket Club,Kaveen Bandara,C Karunaratne,ND Paranavithana,2,0,,,,,,"",""
ball,1,37.3,Nondescripts Cricket Club,Kaveen Bandara,C Karunaratne,ND Paranavithana,2,0,,,,,,"",""
ball,1,37.4,Nondescripts Cricket Club,Kaveen Bandara,C Karunaratne,ND Paranavithana,0,0,,,,,,"",""
ball,1,37.5,Nondescripts Cricket Club,Kaveen Bandara,C Karunaratne,ND Paranavithana,0,0,,,,,,"",""
ball,1,37.6,Nondescripts Cricket Club,Kaveen Bandara,C Karunaratne,ND Paranavithana,0,0,,,,,,"",""
ball,1,38.1,Nondescripts Cricket Club,C Karunaratne,Kaveen Bandara,V Viyaskanth,0,0,,,,,,caught,C Karunaratne
ball,1,38.2,Nondescripts Cricket Club,A Daniel,Kaveen Bandara,V Viyaskanth,0,0,,,,,,"",""
ball,1,38.3,Nondescripts Cricket Club,A Daniel,Kaveen Bandara,V Viyaskanth,0,0,,,,,,"",""
ball,1,38.4,Nondescripts Cricket Club,A Daniel,Kaveen Bandara,V Viyaskanth,0,0,,,,,,"",""
ball,1,38.5,Nondescripts Cricket Club,A Daniel,Kaveen Bandara,V Viyaskanth,0,0,,,,,,"",""
ball,1,38.6,Nondescripts Cricket Club,A Daniel,Kaveen Bandara,V Viyaskanth,0,0,,,,,,"",""
ball,1,39.1,Nondescripts Cricket Club,Kaveen Bandara,A Daniel,ND Paranavithana,1,0,,,,,,"",""
ball,1,39.2,Nondescripts Cricket Club,A Daniel,Kaveen Bandara,ND Paranavithana,0,0,,,,,,"",""
ball,1,39.3,Nondescripts Cricket Club,A Daniel,Kaveen Bandara,ND Paranavithana,4,0,,,,,,"",""
ball,1,39.4,Nondescripts Cricket Club,A Daniel,Kaveen Bandara,ND Paranavithana,0,0,,,,,,"",""
ball,1,39.5,Nondescripts Cricket Club,A Daniel,Kaveen Bandara,ND Paranavithana,0,0,,,,,,"",""
ball,1,39.6,Nondescripts Cricket Club,A Daniel,Kaveen Bandara,ND Paranavithana,0,0,,,,,,"",""
ball,1,40.1,Nondescripts Cricket Club,Kaveen Bandara,A Daniel,V Viyaskanth,1,0,,,,,,"",""
ball,1,40.2,Nondescripts Cricket Club,A Daniel,Kaveen Bandara,V Viyaskanth,0,0,,,,,,"",""
ball,1,40.3,Nondescripts Cricket Club,A Daniel,Kaveen Bandara,V Viyaskanth,0,0,,,,,,"",""
ball,1,40.4,Nondescripts Cricket Club,A Daniel,Kaveen Bandara,V Viyaskanth,1,0,,,,,,"",""
ball,1,40.5,Nondescripts Cricket Club,Kaveen Bandara,A Daniel,V Viyaskanth,1,0,,,,,,"",""
ball,1,40.6,Nondescripts Cricket Club,A Daniel,Kaveen Bandara,V Viyaskanth,0,0,,,,,,"",""
ball,1,41.1,Nondescripts Cricket Club,Kaveen Bandara,A Daniel,KTH Ratnayake,0,0,,,,,,"",""
ball,1,41.2,Nondescripts Cricket Club,Kaveen Bandara,A Daniel,KTH Ratnayake,0,0,,,,,,"",""
ball,1,41.3,Nondescripts Cricket Club,Kaveen Bandara,A Daniel,KTH Ratnayake,1,0,,,,,,"",""
ball,1,41.4,Nondescripts Cricket Club,A Daniel,Kaveen Bandara,KTH Ratnayake,0,0,,,,,,"",""
ball,1,41.5,Nondescripts Cricket Club,A Daniel,Kaveen Bandara,KTH Ratnayake,4,0,,,,,,"",""
ball,1,41.6,Nondescripts Cricket Club,A Daniel,Kaveen Bandara,KTH Ratnayake,1,0,,,,,,"",""
ball,1,42.1,Nondescripts Cricket Club,A Daniel,Kaveen Bandara,V Viyaskanth,4,0,,,,,,"",""
ball,1,42.2,Nondescripts Cricket Club,A Daniel,Kaveen Bandara,V Viyaskanth,0,0,,,,,,"",""
ball,1,42.3,Nondescripts Cricket Club,A Daniel,Kaveen Bandara,V Viyaskanth,0,0,,,,,,"",""
ball,1,42.4,Nondescripts Cricket Club,A Daniel,Kaveen Bandara,V Viyaskanth,0,0,,,,,,"",""
ball,1,42.5,Nondescripts Cricket Club,A Daniel,Kaveen Bandara,V Viyaskanth,0,0,,,,,,"",""
ball,1,42.6,Nondescripts Cricket Club,A Daniel,Kaveen Bandara,V Viyaskanth,0,0,,,,,,"",""
ball,1,43.1,Nondescripts Cricket Club,Kaveen Bandara,A Daniel,KTH Ratnayake,0,0,,,,,,"",""
ball,1,43.2,Nondescripts Cricket Club,Kaveen Bandara,A Daniel,KTH Ratnayake,1,0,,,,,,"",""
ball,1,43.3,Nondescripts Cricket Club,A Daniel,Kaveen Bandara,KTH Ratnayake,0,0,,,,,,"",""
ball,1,43.4,Nondescripts Cricket Club,A Daniel,Kaveen Bandara,KTH Ratnayake,0,0,,,,,,"",""
ball,1,43.5,Nondescripts Cricket Club,A Daniel,Kaveen Bandara,KTH Ratnayake,0,0,,,,,,"",""
ball,1,43.6,Nondescripts Cricket Club,A Daniel,Kaveen Bandara,KTH Ratnayake,0,0,,,,,,"",""
ball,1,44.1,Nondescripts Cricket Club,Kaveen Bandara,A Daniel,V Viyaskanth,0,0,,,,,,"",""
ball,1,44.2,Nondescripts Cricket Club,Kaveen Bandara,A Daniel,V Viyaskanth,4,0,,,,,,"",""
ball,1,44.3,Nondescripts Cricket Club,Kaveen Bandara,A Daniel,V Viyaskanth,1,0,,,,,,"",""
ball,1,44.4,Nondescripts Cricket Club,A Daniel,Kaveen Bandara,V Viyaskanth,0,0,,,,,,"",""
ball,1,44.5,Nondescripts Cricket Club,A Daniel,Kaveen Bandara,V Viyaskanth,0,0,,,,,,"",""
ball,1,44.6,Nondescripts Cricket Club,A Daniel,Kaveen Bandara,V Viyaskanth,0,0,,,,,,"",""
ball,1,45.1,Nondescripts Cricket Club,Kaveen Bandara,A Daniel,KTH Ratnayake,0,0,,,,,,"",""
ball,1,45.2,Nondescripts Cricket Club,Kaveen Bandara,A Daniel,KTH Ratnayake,0,0,,,,,,"",""
ball,1,45.3,Nondescripts Cricket Club,Kaveen Bandara,A Daniel,KTH Ratnayake,4,0,,,,,,"",""
ball,1,45.4,Nondescripts Cricket Club,Kaveen Bandara,A Daniel,KTH Ratnayake,1,0,,,,,,"",""
ball,1,45.5,Nondescripts Cricket Club,A Daniel,Kaveen Bandara,KTH Ratnayake,0,0,,,,,,"",""
ball,1,45.6,Nondescripts Cricket Club,A Daniel,Kaveen Bandara,KTH Ratnayake,0,0,,,,,,"",""
ball,1,46.1,Nondescripts Cricket Club,Kaveen Bandara,A Daniel,V Viyaskanth,0,0,,,,,,"",""
ball,1,46.2,Nondescripts Cricket Club,Kaveen Bandara,A Daniel,V Viyaskanth,0,0,,,,,,"",""
ball,1,46.3,Nondescripts Cricket Club,Kaveen Bandara,A Daniel,V Viyaskanth,0,0,,,,,,"",""
ball,1,46.4,Nondescripts Cricket Club,Kaveen Bandara,A Daniel,V Viyaskanth,1,0,,,,,,"",""
ball,1,46.5,Nondescripts Cricket Club,A Daniel,Kaveen Bandara,V Viyaskanth,2,0,,,,,,"",""
ball,1,46.6,Nondescripts Cricket Club,A Daniel,Kaveen Bandara,V Viyaskanth,0,0,,,,,,"",""
ball,1,47.1,Nondescripts Cricket Club,Kaveen Bandara,A Daniel,KTH Ratnayake,0,0,,,,,,"",""
ball,1,47.2,Nondescripts Cricket Club,Kaveen Bandara,A Daniel,KTH Ratnayake,0,0,,,,,,"",""
ball,1,47.3,Nondescripts Cricket Club,Kaveen Bandara,A Daniel,KTH Ratnayake,0,0,,,,,,"",""
ball,1,47.4,Nondescripts Cricket Club,Kaveen Bandara,A Daniel,KTH Ratnayake,0,0,,,,,,"",""
ball,1,47.5,Nondescripts Cricket Club,Kaveen Bandara,A Daniel,KTH Ratnayake,0,0,,,,,,"",""
ball,1,47.6,Nondescripts Cricket Club,Kaveen Bandara,A Daniel,KTH Ratnayake,0,0,,,,,,"",""
ball,1,48.1,Nondescripts Cricket Club,A Daniel,Kaveen Bandara,V Viyaskanth,0,0,,,,,,run out,A Daniel
ball,1,48.2,Nondescripts Cricket Club,PVD Chameera,Kaveen Bandara,V Viyaskanth,0,0,,,,,,"",""
ball,1,48.3,Nondescripts Cricket Club,PVD Chameera,Kaveen Bandara,V Viyaskanth,0,0,,,,,,"",""
ball,1,48.4,Nondescripts Cricket Club,PVD Chameera,Kaveen Bandara,V Viyaskanth,0,0,,,,,,"",""
ball,1,48.5,Nondescripts Cricket Club,PVD Chameera,Kaveen Bandara,V Viyaskanth,0,0,,,,,,"",""
ball,1,48.6,Nondescripts Cricket Club,PVD Chameera,Kaveen Bandara,V Viyaskanth,0,0,,,,,,"",""
ball,1,49.1,Nondescripts Cricket Club,Kaveen Bandara,PVD Chameera,KTH Ratnayake,0,0,,,,,,"",""
ball,1,49.2,Nondescripts Cricket Club,Kaveen Bandara,PVD Chameera,KTH Ratnayake,0,0,,,,,,"",""
ball,1,49.3,Nondescripts Cricket Club,Kaveen Bandara,PVD Chameera,KTH Ratnayake,1,0,,,,,,"",""
ball,1,49.4,Nondescripts Cricket Club,PVD Chameera,Kaveen Bandara,KTH Ratnayake,0,0,,,,,,"",""
ball,1,49.5,Nondescripts Cricket Club,PVD Chameera,Kaveen Bandara,KTH Ratnayake,0,0,,,,,,"",""
ball,1,49.6,Nondescripts Cricket Club,PVD Chameera,Kaveen Bandara,KTH Ratnayake,1,0,,,,,,"",""
ball,1,50.1,Nondescripts Cricket Club,PVD Chameera,Kaveen Bandara,V Viyaskanth,0,0,,,,,,"",""
ball,1,50.2,Nondescripts Cricket Club,PVD Chameera,Kaveen Bandara,V Viyaskanth,0,0,,,,,,"",""
ball,1,50.3,Nondescripts Cricket Club,PVD Chameera,Kaveen Bandara,V Viyaskanth,0,0,,,,,,"",""
ball,1,50.4,Nondescripts Cricket Club,PVD Chameera,Kaveen Bandara,V Viyaskanth,2,0,,,,,,"",""
ball,1,50.5,Nondescripts Cricket Club,PVD Chameera,Kaveen Bandara,V Viyaskanth,0,0,,,,,,"",""
ball,1,50.6,Nondescripts Cricket Club,PVD Chameera,Kaveen Bandara,V Viyaskanth,1,0,,,,,,"",""
ball,1,51.1,Nondescripts Cricket Club,PVD Chameera,Kaveen Bandara,KTH Ratnayake,0,0,,,,,,"",""
ball,1,51.2,Nondescripts Cricket Club,PVD Chameera,Kaveen Bandara,KTH Ratnayake,0,0,,,,,,"",""
ball,1,51.3,Nondescripts Cricket Club,PVD Chameera,Kaveen Bandara,KTH Ratnayake,0,0,,,,,,"",""
ball,1,51.4,Nondescripts Cricket Club,PVD Chameera,Kaveen Bandara,KTH Ratnayake,0,4,,,4,,,"",""
ball,1,51.5,Nondescripts Cricket Club,PVD Chameera,Kaveen Bandara,KTH Ratnayake,0,0,,,,,,"",""
ball,1,51.6,Nondescripts Cricket Club,PVD Chameera,Kaveen Bandara,KTH Ratnayake,0,0,,,,,,"",""
ball,1,52.1,Nondescripts Cricket Club,Kaveen Bandara,PVD Chameera,DTM Fernando,0,0,,,,,,"",""
ball,1,52.2,Nondescripts Cricket Club,Kaveen Bandara,PVD Chameera,DTM Fernando,1,0,,,,,,"",""
ball,1,52.3,Nondescripts Cricket Club,PVD Chameera,Kaveen Bandara,DTM Fernando,0,0,,,,,,"",""
ball,1,52.4,Nondescripts Cricket Club,PVD Chameera,Kaveen Bandara,DTM Fernando,0,0,,,,,,"",""
ball,1,52.5,Nondescripts Cricket Club,PVD Chameera,Kaveen Bandara,DTM Fernando,4,0,,,,,,"",""
ball,1,52.6,Nondescripts Cricket Club,PVD Chameera,Kaveen Bandara,DTM Fernando,0,0,,,,,,"",""
ball,1,53.1,Nondescripts Cricket Club,Kaveen Bandara,PVD Chameera,KTH Ratnayake,0,0,,,,,,"",""
ball,1,53.2,Nondescripts Cricket Club,Kaveen Bandara,PVD Chameera,KTH Ratnayake,0,0,,,,,,"",""
ball,1,53.3,Nondescripts Cricket Club,Kaveen Bandara,PVD Chameera,KTH Ratnayake,1,0,,,,,,"",""
ball,1,53.4,Nondescripts Cricket Club,PVD Chameera,Kaveen Bandara,KTH Ratnayake,0,0,,,,,,"",""
ball,1,53.5,Nondescripts Cricket Club,PVD Chameera,Kaveen Bandara,KTH Ratnayake,0,0,,,,,,"",""
ball,1,53.6,Nondescripts Cricket Club,PVD Chameera,Kaveen Bandara,KTH Ratnayake,0,0,,,,,,"",""
ball,1,54.1,Nondescripts Cricket Club,Kaveen Bandara,PVD Chameera,DTM Fernando,4,0,,,,,,"",""
ball,1,54.2,Nondescripts Cricket Club,Kaveen Bandara,PVD Chameera,DTM Fernando,3,0,,,,,,"",""
ball,1,54.3,Nondescripts Cricket Club,PVD Chameera,Kaveen Bandara,DTM Fernando,4,0,,,,,,"",""
ball,1,54.4,Nondescripts Cricket Club,PVD Chameera,Kaveen Bandara,DTM Fernando,1,0,,,,,,"",""
ball,1,54.5,Nondescripts Cricket Club,Kaveen Bandara,PVD Chameera,DTM Fernando,0,0,,,,,,"",""
ball,1,54.6,Nondescripts Cricket Club,Kaveen Bandara,PVD Chameera,DTM Fernando,0,0,,,,,,"",""
ball,1,55.1,Nondescripts Cricket Club,PVD Chameera,Kaveen Bandara,KTH Ratnayake,1,0,,,,,,"",""
ball,1,55.2,Nondescripts Cricket Club,Kaveen Bandara,PVD Chameera,KTH Ratnayake,0,0,,,,,,"",""
ball,1,55.3,Nondescripts Cricket Club,Kaveen Bandara,PVD Chameera,KTH Ratnayake,0,0,,,,,,"",""
ball,1,55.4,Nondescripts Cricket Club,Kaveen Bandara,PVD Chameera,KTH Ratnayake,1,0,,,,,,"",""
ball,1,55.5,Nondescripts Cricket Club,PVD Chameera,Kaveen Bandara,KTH Ratnayake,0,0,,,,,,"",""
ball,1,55.6,Nondescripts Cricket Club,PVD Chameera,Kaveen Bandara,KTH Ratnayake,0,0,,,,,,"",""
ball,1,56.1,Nondescripts Cricket Club,Kaveen Bandara,PVD Chameera,ND Paranavithana,1,0,,,,,,"",""
ball,1,56.2,Nondescripts Cricket Club,PVD Chameera,Kaveen Bandara,ND Paranavithana,1,0,,,,,,"",""
ball,1,56.3,Nondescripts Cricket Club,Kaveen Bandara,PVD Chameera,ND Paranavithana,0,0,,,,,,"",""
ball,1,56.4,Nondescripts Cricket Club,Kaveen Bandara,PVD Chameera,ND Paranavithana,1,0,,,,,,"",""
ball,1,56.5,Nondescripts Cricket Club,PVD Chameera,Kaveen Bandara,ND Paranavithana,0,0,,,,,,"",""
ball,1,56.6,Nondescripts Cricket Club,PVD Chameera,Kaveen Bandara,ND Paranavithana,0,0,,,,,,"",""
ball,1,57.1,Nondescripts Cricket Club,Kaveen Bandara,PVD Chameera,V Thewmika,0,0,,,,,,"",""
ball,1,57.2,Nondescripts Cricket Club,Kaveen Bandara,PVD Chameera,V Thewmika,0,0,,,,,,"",""
ball,1,57.3,Nondescripts Cricket Club,Kaveen Bandara,PVD Chameera,V Thewmika,0,0,,,,,,"",""
ball,1,57.4,Nondescripts Cricket Club,Kaveen Bandara,PVD Chameera,V Thewmika,1,0,,,,,,"",""
ball,1,57.5,Nondescripts Cricket Club,PVD Chameera,Kaveen Bandara,V Thewmika,1,0,,,,,,"",""
ball,1,57.6,Nondescripts Cricket Club,Kaveen Bandara,PVD Chameera,V Thewmika,0,0,,,,,,"",""
ball,1,58.1,Nondescripts Cricket Club,PVD Chameera,Kaveen Bandara,ND Paranavithana,0,0,,,,,,"",""
ball,1,58.2,Nondescripts Cricket Club,PVD Chameera,Kaveen Bandara,ND Paranavithana,0,0,,,,,,"",""
ball,1,58.3,Nondescripts Cricket Club,PVD Chameera,Kaveen Bandara,ND Paranavithana,0,0,,,,,,"",""
ball,1,58.4,Nondescripts Cricket Club,PVD Chameera,Kaveen Bandara,ND Paranavithana,0,0,,,,,,"",""
ball,1,58.5,Nondescripts Cricket Club,PVD Chameera,Kaveen Bandara,ND Paranavithana,0,0,,,,,,"",""
ball,1,58.6,Nondescripts Cricket Club,PVD Chameera,Kaveen Bandara,ND Paranavithana,0,0,,,,,,"",""
ball,1,59.1,Nondescripts Cricket Club,Kaveen Bandara,PVD Chameera,V Thewmika,1,0,,,,,,"",""
ball,1,59.2,Nondescripts Cricket Club,PVD Chameera,Kaveen Bandara,V Thewmika,0,4,,,4,,,"",""
ball,1,59.3,Nondescripts Cricket Club,PVD Chameera,Kaveen Bandara,V Thewmika,0,0,,,,,,"",""
ball,1,59.4,Nondescripts Cricket Club,PVD Chameera,Kaveen Bandara,V Thewmika,0,0,,,,,,"",""
ball,1,59.5,Nondescripts Cricket Club,PVD Chameera,Kaveen Bandara,V Thewmika,0,0,,,,,,"",""
ball,1,59.6,Nondescripts Cricket Club,PVD Chameera,Kaveen Bandara,V Thewmika,1,0,,,,,,"",""
ball,1,60.1,Nondescripts Cricket Club,PVD Chameera,Kaveen Bandara,ND Paranavithana,0,0,,,,,,"",""
ball,1,60.2,Nondescripts Cricket Club,PVD Chameera,Kaveen Bandara,ND Paranavithana,0,0,,,,,,"",""
ball,1,60.3,Nondescripts Cricket Club,PVD Chameera,Kaveen Bandara,ND Paranavithana,4,0,,,,,,"",""
ball,1,60.4,Nondescripts Cricket Club,PVD Chameera,Kaveen Bandara,ND Paranavithana,0,0,,,,,,"",""
ball,1,60.5,Nondescripts Cricket Club,PVD Chameera,Kaveen Bandara,ND Paranavithana,0,0,,,,,,"",""
ball,1,60.6,Nondescripts Cricket Club,PVD Chameera,Kaveen Bandara,ND Paranavithana,1,0,,,,,,"",""
ball,1,61.1,Nondescripts Cricket Club,PVD Chameera,Kaveen Bandara,V Thewmika,1,0,,,,,,"",""
ball,1,61.2,Nondescripts Cricket Club,Kaveen Bandara,PVD Chameera,V Thewmika,0,0,,,,,,caught,Kaveen Bandara
ball,1,61.3,Nondescripts Cricket Club,L Embuldeniya,PVD Chameera,V Thewmika,0,0,,,,,,"",""
ball,1,61.4,Nondescripts Cricket Club,L Embuldeniya,PVD Chameera,V Thewmika,0,0,,,,,,caught,L Embuldeniya
ball,2,0.1,Tamil Union Cricket and Athletic Club,ND Paranavithana,WT Dilshan,C Karunaratne,0,0,,,,,,"",""
ball,2,0.2,Tamil Union Cricket and Athletic Club,ND Paranavithana,WT Dilshan,C Karunaratne,0,0,,,,,,"",""
ball,2,0.3,Tamil Union Cricket and Athletic Club,ND Paranavithana,WT Dilshan,C Karunaratne,0,0,,,,,,"",""
ball,2,0.4,Tamil Union Cricket and Athletic Club,ND Paranavithana,WT Dilshan,C Karunaratne,4,0,,,,,,"",""
ball,2,0.5,Tamil Union Cricket and Athletic Club,ND Paranavithana,WT Dilshan,C Karunaratne,0,0,,,,,,"",""
ball,2,0.6,Tamil Union Cricket and Athletic Club,ND Paranavithana,WT Dilshan,C Karunaratne,0,0,,,,,,"",""
ball,2,1.1,Tamil Union Cricket and Athletic Club,WT Dilshan,ND Paranavithana,L Embuldeniya,0,0,,,,,,"",""
ball,2,1.2,Tamil Union Cricket and Athletic Club,WT Dilshan,ND Paranavithana,L Embuldeniya,0,0,,,,,,"",""
ball,2,1.3,Tamil Union Cricket and Athletic Club,WT Dilshan,ND Paranavithana,L Embuldeniya,0,0,,,,,,"",""
ball,2,1.4,Tamil Union Cricket and Athletic Club,WT Dilshan,ND Paranavithana,L Embuldeniya,0,0,,,,,,"",""
ball,2,1.5,Tamil Union Cricket and Athletic Club,WT Dilshan,ND Paranavithana,L Embuldeniya,0,0,,,,,,"",""
ball,2,1.6,Tamil Union Cricket and Athletic Club,WT Dilshan,ND Paranavithana,L Embuldeniya,4,0,,,,,,"",""
ball,2,2.1,Tamil Union Cricket and Athletic Club,ND Paranavithana,WT Dilshan,C Karunaratne,0,0,,,,,,"",""
ball,2,2.2,Tamil Union Cricket and Athletic Club,ND Paranavithana,WT Dilshan,C Karunaratne,1,0,,,,,,"",""
ball,2,2.3,Tamil Union Cricket and Athletic Club,WT Dilshan,ND Paranavithana,C Karunaratne,4,0,,,,,,"",""
ball,2,2.4,Tamil Union Cricket and Athletic Club,WT Dilshan,ND Paranavithana,C Karunaratne,4,0,,,,,,"",""
ball,2,2.5,Tamil Union Cricket and Athletic Club,WT Dilshan,ND Paranavithana,C Karunaratne,0,0,,,,,,"",""
ball,2,2.6,Tamil Union Cricket and Athletic Club,WT Dilshan,ND Paranavithana,C Karunaratne,0,0,,,,,,"",""
ball,2,3.1,Tamil Union Cricket and Athletic Club,ND Paranavithana,WT Dilshan,PVD Chameera,0,0,,,,,,"",""
ball,2,3.2,Tamil Union Cricket and Athletic Club,ND Paranavithana,WT Dilshan,PVD Chameera,0,0,,,,,,"",""
ball,2,3.3,Tamil Union Cricket and Athletic Club,ND Paranavithana,WT Dilshan,PVD Chameera,0,0,,,,,,"",""
ball,2,3.4,Tamil Union Cricket and Athletic Club,ND Paranavithana,WT Dilshan,PVD Chameera,1,0,,,,,,"",""
ball,2,3.5,Tamil Union Cricket and Athletic Club,WT Dilshan,ND Paranavithana,PVD Chameera,0,0,,,,,,"",""
ball,2,3.6,Tamil Union Cricket and Athletic Club,WT Dilshan,ND Paranavithana,PVD Chameera,0,0,,,,,,"",""
ball,2,4.1,Tamil Union Cricket and Athletic Club,ND Paranavithana,WT Dilshan,L Embuldeniya,0,0,,,,,,"",""
ball,2,4.2,Tamil Union Cricket and Athletic Club,ND Paranavithana,WT Dilshan,L Embuldeniya,0,0,,,,,,"",""
ball,2,4.3,Tamil Union Cricket and Athletic Club,ND Paranavithana,WT Dilshan,L Embuldeniya,1,0,,,,,,"",""
ball,2,4.4,Tamil Union Cricket and Athletic Club,WT Dilshan,ND Paranavithana,L Embuldeniya,4,0,,,,,,"",""
ball,2,4.5,Tamil Union Cricket and Athletic Club,WT Dilshan,ND Paranavithana,L Embuldeniya,0,0,,,,,,"",""
ball,2,4.6,Tamil Union Cricket and Athletic Club,WT Dilshan,ND Paranavithana,L Embuldeniya,0,0,,,,,,"",""
ball,2,5.1,Tamil Union Cricket and Athletic Club,ND Paranavithana,WT Dilshan,PVD Chameera,0,0,,,,,,"",""
ball,2,5.2,Tamil Union Cricket and Athletic Club,ND Paranavithana,WT Dilshan,PVD Chameera,1,0,,,,,,"",""
ball,2,5.3,Tamil Union Cricket and Athletic Club,WT Dilshan,ND Paranavithana,PVD Chameera,0,0,,,,,,"",""
ball,2,5.4,Tamil Union Cricket and Athletic Club,WT Dilshan,ND Paranavithana,PVD Chameera,0,0,,,,,,"",""
ball,2,5.5,Tamil Union Cricket and Athletic Club,WT Dilshan,ND Paranavithana,PVD Chameera,0,1,,1,,,,"",""
ball,2,5.6,Tamil Union Cricket and Athletic Club,WT Dilshan,ND Paranavithana,PVD Chameera,4,0,,,,,,"",""
ball,2,5.7,Tamil Union Cricket and Athletic Club,WT Dilshan,ND Paranavithana,PVD Chameera,0,0,,,,,,"",""
ball,2,6.1,Tamil Union Cricket and Athletic Club,ND Paranavithana,WT Dilshan,L Embuldeniya,1,0,,,,,,"",""
ball,2,6.2,Tamil Union Cricket and Athletic Club,WT Dilshan,ND Paranavithana,L Embuldeniya,1,0,,,,,,"",""
ball,2,6.3,Tamil Union Cricket and Athletic Club,ND Paranavithana,WT Dilshan,L Embuldeniya,0,0,,,,,,"",""
ball,2,6.4,Tamil Union Cricket and Athletic Club,ND Paranavithana,WT Dilshan,L Embuldeniya,1,0,,,,,,"",""
ball,2,6.5,Tamil Union Cricket and Athletic Club,WT Dilshan,ND Paranavithana,L Embuldeniya,0,0,,,,,,"",""
ball,2,6.6,Tamil Union Cricket and Athletic Club,WT Dilshan,ND Paranavithana,L Embuldeniya,4,0,,,,,,"",""
ball,2,7.1,Tamil Union Cricket and Athletic Club,ND Paranavithana,WT Dilshan,A Daniel,0,0,,,,,,"",""
ball,2,7.2,Tamil Union Cricket and Athletic Club,ND Paranavithana,WT Dilshan,A Daniel,0,0,,,,,,"",""
ball,2,7.3,Tamil Union Cricket and Athletic Club,ND Paranavithana,WT Dilshan,A Daniel,0,0,,,,,,"",""
ball,2,7.4,Tamil Union Cricket and Athletic Club,ND Paranavithana,WT Dilshan,A Daniel,0,0,,,,,,"",""
ball,2,7.5,Tamil Union Cricket and Athletic Club,ND Paranavithana,WT Dilshan,A Daniel,0,0,,,,,,"",""
ball,2,7.6,Tamil Union Cricket and Athletic Club,ND Paranavithana,WT Dilshan,A Daniel,4,0,,,,,,"",""
ball,2,8.1,Tamil Union Cricket and Athletic Club,WT Dilshan,ND Paranavithana,L Embuldeniya,0,0,,,,,,"",""
ball,2,8.2,Tamil Union Cricket and Athletic Club,WT Dilshan,ND Paranavithana,L Embuldeniya,0,0,,,,,,"",""
ball,2,8.3,Tamil Union Cricket and Athletic Club,WT Dilshan,ND Paranavithana,L Embuldeniya,0,0,,,,,,"",""
ball,2,8.4,Tamil Union Cricket and Athletic Club,WT Dilshan,ND Paranavithana,L Embuldeniya,0,0,,,,,,"",""
ball,2,8.5,Tamil Union Cricket and Athletic Club,WT Dilshan,ND Paranavithana,L Embuldeniya,3,0,,,,,,"",""
ball,2,8.6,Tamil Union Cricket and Athletic Club,ND Paranavithana,WT Dilshan,L Embuldeniya,1,0,,,,,,"",""
ball,2,9.1,Tamil Union Cricket and Athletic Club,ND Paranavithana,WT Dilshan,A Daniel,4,0,,,,,,"",""
ball,2,9.2,Tamil Union Cricket and Athletic Club,ND Paranavithana,WT Dilshan,A Daniel,0,0,,,,,,"",""
ball,2,9.3,Tamil Union Cricket and Athletic Club,ND Paranavithana,WT Dilshan,A Daniel,0,0,,,,,,"",""
ball,2,9.4,Tamil Union Cricket and Athletic Club,ND Paranavithana,WT Dilshan,A Daniel,0,0,,,,,,"",""
ball,2,9.5,Tamil Union Cricket and Athletic Club,ND Paranavithana,WT Dilshan,A Daniel,0,0,,,,,,"",""
ball,2,9.6,Tamil Union Cricket and Athletic Club,ND Paranavithana,WT Dilshan,A Daniel,0,0,,,,,,"",""
ball,2,10.1,Tamil Union Cricket and Athletic Club,WT Dilshan,ND Paranavithana,L Embuldeniya,1,0,,,,,,"",""
ball,2,10.2,Tamil Union Cricket and Athletic Club,ND Paranavithana,WT Dilshan,L Embuldeniya,0,0,,,,,,"",""
ball,2,10.3,Tamil Union Cricket and Athletic Club,ND Paranavithana,WT Dilshan,L Embuldeniya,1,0,,,,,,"",""
ball,2,10.4,Tamil Union Cricket and Athletic Club,WT Dilshan,ND Paranavithana,L Embuldeniya,0,0,,,,,,"",""
ball,2,10.5,Tamil Union Cricket and Athletic Club,WT Dilshan,ND Paranavithana,L Embuldeniya,0,0,,,,,,"",""
ball,2,10.6,Tamil Union Cricket and Athletic Club,WT Dilshan,ND Paranavithana,L Embuldeniya,1,0,,,,,,"",""
ball,2,11.1,Tamil Union Cricket and Athletic Club,WT Dilshan,ND Paranavithana,A Daniel,0,0,,,,,,"",""
ball,2,11.2,Tamil Union Cricket and Athletic Club,WT Dilshan,ND Paranavithana,A Daniel,0,0,,,,,,"",""
ball,2,11.3,Tamil Union Cricket and Athletic Club,WT Dilshan,ND Paranavithana,A Daniel,0,0,,,,,,"",""
ball,2,11.4,Tamil Union Cricket and Athletic Club,WT Dilshan,ND Paranavithana,A Daniel,0,0,,,,,,"",""
ball,2,11.5,Tamil Union Cricket and Athletic Club,WT Dilshan,ND Paranavithana,A Daniel,0,0,,,,,,"",""
ball,2,11.6,Tamil Union Cricket and Athletic Club,WT Dilshan,ND Paranavithana,A Daniel,1,0,,,,,,"",""
ball,2,12.1,Tamil Union Cricket and Athletic Club,WT Dilshan,ND Paranavithana,L Embuldeniya,4,0,,,,,,"",""
ball,2,12.2,Tamil Union Cricket and Athletic Club,WT Dilshan,ND Paranavithana,L Embuldeniya,1,0,,,,,,"",""
ball,2,12.3,Tamil Union Cricket and Athletic Club,ND Paranavithana,WT Dilshan,L Embuldeniya,0,0,,,,,,"",""
ball,2,12.4,Tamil Union Cricket and Athletic Club,ND Paranavithana,WT Dilshan,L Embuldeniya,0,0,,,,,,"",""
ball,2,12.5,Tamil Union Cricket and Athletic Club,ND Paranavithana,WT Dilshan,L Embuldeniya,1,0,,,,,,"",""
ball,2,12.6,Tamil Union Cricket and Athletic Club,WT Dilshan,ND Paranavithana,L Embuldeniya,1,0,,,,,,"",""
ball,2,13.1,Tamil Union Cricket and Athletic Club,WT Dilshan,ND Paranavithana,A Daniel,1,0,,,,,,"",""
ball,2,13.2,Tamil Union Cricket and Athletic Club,ND Paranavithana,WT Dilshan,A Daniel,0,0,,,,,,"",""
ball,2,13.3,Tamil Union Cricket and Athletic Club,ND Paranavithana,WT Dilshan,A Daniel,1,0,,,,,,"",""
ball,2,13.4,Tamil Union Cricket and Athletic Club,WT Dilshan,ND Paranavithana,A Daniel,0,0,,,,,,"",""
ball,2,13.5,Tamil Union Cricket and Athletic Club,WT Dilshan,ND Paranavithana,A Daniel,0,0,,,,,,"",""
ball,2,13.6,Tamil Union Cricket and Athletic Club,WT Dilshan,ND Paranavithana,A Daniel,0,0,,,,,,"",""
ball,2,14.1,Tamil Union Cricket and Athletic Club,ND Paranavithana,WT Dilshan,A Sigera,0,0,,,,,,"",""
ball,2,14.2,Tamil Union Cricket and Athletic Club,ND Paranavithana,WT Dilshan,A Sigera,0,0,,,,,,"",""
ball,2,14.3,Tamil Union Cricket and Athletic Club,ND Paranavithana,WT Dilshan,A Sigera,0,0,,,,,,"",""
ball,2,14.4,Tamil Union Cricket and Athletic Club,ND Paranavithana,WT Dilshan,A Sigera,1,0,,,,,,"",""
ball,2,14.5,Tamil Union Cricket and Athletic Club,WT Dilshan,ND Paranavithana,A Sigera,2,0,,,,,,"",""
ball,2,14.6,Tamil Union Cricket and Athletic Club,WT Dilshan,ND Paranavithana,A Sigera,0,0,,,,,,"",""
ball,2,15.1,Tamil Union Cricket and Athletic Club,ND Paranavithana,WT Dilshan,A Daniel,0,0,,,,,,"",""
ball,2,15.2,Tamil Union Cricket and Athletic Club,ND Paranavithana,WT Dilshan,A Daniel,0,0,,,,,,"",""
ball,2,15.3,Tamil Union Cricket and Athletic Club,ND Paranavithana,WT Dilshan,A Daniel,1,0,,,,,,"",""
ball,2,15.4,Tamil Union Cricket and Athletic Club,WT Dilshan,ND Paranavithana,A Daniel,0,0,,,,,,caught,WT Dilshan
ball,2,15.5,Tamil Union Cricket and Athletic Club,M de Silva,ND Paranavithana,A Daniel,0,0,,,,,,"",""
ball,2,15.6,Tamil Union Cricket and Athletic Club,M de Silva,ND Paranavithana,A Daniel,0,0,,,,,,"",""
ball,2,16.1,Tamil Union Cricket and Athletic Club,ND Paranavithana,M de Silva,A Sigera,0,0,,,,,,"",""
ball,2,16.2,Tamil Union Cricket and Athletic Club,ND Paranavithana,M de Silva,A Sigera,0,0,,,,,,"",""
ball,2,16.3,Tamil Union Cricket and Athletic Club,ND Paranavithana,M de Silva,A Sigera,1,0,,,,,,"",""
ball,2,16.4,Tamil Union Cricket and Athletic Club,M de Silva,ND Paranavithana,A Sigera,1,0,,,,,,"",""
ball,2,16.5,Tamil Union Cricket and Athletic Club,ND Paranavithana,M de Silva,A Sigera,1,0,,,,,,"",""
ball,2,16.6,Tamil Union Cricket and Athletic Club,M de Silva,ND Paranavithana,A Sigera,0,0,,,,,,caught,M de Silva
ball,2,17.1,Tamil Union Cricket and Athletic Club,ND Paranavithana,Mohamed Shamaz,A Daniel,0,0,,,,,,"",""
ball,2,17.2,Tamil Union Cricket and Athletic Club,ND Paranavithana,Mohamed Shamaz,A Daniel,0,0,,,,,,"",""
ball,2,17.3,Tamil Union Cricket and Athletic Club,ND Paranavithana,Mohamed Shamaz,A Daniel,4,0,,,,,,"",""
ball,2,17.4,Tamil Union Cricket and Athletic Club,ND Paranavithana,Mohamed Shamaz,A Daniel,1,0,,,,,,"",""
ball,2,17.5,Tamil Union Cricket and Athletic Club,Mohamed Shamaz,ND Paranavithana,A Daniel,1,0,,,,,,"",""
ball,2,17.6,Tamil Union Cricket and Athletic Club,ND Paranavithana,Mohamed Shamaz,A Daniel,1,0,,,,,,"",""
ball,2,18.1,Tamil Union Cricket and Athletic Club,ND Paranavithana,Mohamed Shamaz,A Sigera,1,0,,,,,,"",""
ball,2,18.2,Tamil Union Cricket and Athletic Club,Mohamed Shamaz,ND Paranavithana,A Sigera,1,0,,,,,,"",""
ball,2,18.3,Tamil Union Cricket and Athletic Club,ND Paranavithana,Mohamed Shamaz,A Sigera,0,0,,,,,,"",""
ball,2,18.4,Tamil Union Cricket and Athletic Club,ND Paranavithana,Mohamed Shamaz,A Sigera,0,0,,,,,,"",""
ball,2,18.5,Tamil Union Cricket and Athletic Club,ND Paranavithana,Mohamed Shamaz,A Sigera,1,0,,,,,,"",""
ball,2,18.6,Tamil Union Cricket and Athletic Club,Mohamed Shamaz,ND Paranavithana,A Sigera,0,0,,,,,,"",""
ball,2,19.1,Tamil Union Cricket and Athletic Club,ND Paranavithana,Mohamed Shamaz,A Daniel,1,0,,,,,,"",""
ball,2,19.2,Tamil Union Cricket and Athletic Club,Mohamed Shamaz,ND Paranavithana,A Daniel,1,0,,,,,,"",""
ball,2,19.3,Tamil Union Cricket and Athletic Club,ND Paranavithana,Mohamed Shamaz,A Daniel,0,0,,,,,,"",""
ball,2,19.4,Tamil Union Cricket and Athletic Club,ND Paranavithana,Mohamed Shamaz,A Daniel,1,0,,,,,,"",""
ball,2,19.5,Tamil Union Cricket and Athletic Club,Mohamed Shamaz,ND Paranavithana,A Daniel,0,0,,,,,,"",""
ball,2,19.6,Tamil Union Cricket and Athletic Club,Mohamed Shamaz,ND Paranavithana,A Daniel,0,0,,,,,,"",""
ball,2,20.1,Tamil Union Cricket and Athletic Club,ND Paranavithana,Mohamed Shamaz,L Embuldeniya,0,0,,,,,,"",""
ball,2,20.2,Tamil Union Cricket and Athletic Club,ND Paranavithana,Mohamed Shamaz,L Embuldeniya,0,0,,,,,,"",""
ball,2,20.3,Tamil Union Cricket and Athletic Club,ND Paranavithana,Mohamed Shamaz,L Embuldeniya,0,0,,,,,,"",""
ball,2,20.4,Tamil Union Cricket and Athletic Club,ND Paranavithana,Mohamed Shamaz,L Embuldeniya,0,0,,,,,,"",""
ball,2,20.5,Tamil Union Cricket and Athletic Club,ND Paranavithana,Mohamed Shamaz,L Embuldeniya,0,0,,,,,,"",""
ball,2,20.6,Tamil Union Cricket and Athletic Club,ND Paranavithana,Mohamed Shamaz,L Embuldeniya,4,0,,,,,,"",""
ball,2,21.1,Tamil Union Cricket and Athletic Club,Mohamed Shamaz,ND Paranavithana,A Daniel,0,0,,,,,,"",""
ball,2,21.2,Tamil Union Cricket and Athletic Club,Mohamed Shamaz,ND Paranavithana,A Daniel,0,0,,,,,,"",""
ball,2,21.3,Tamil Union Cricket and Athletic Club,Mohamed Shamaz,ND Paranavithana,A Daniel,0,0,,,,,,"",""
ball,2,21.4,Tamil Union Cricket and Athletic Club,Mohamed Shamaz,ND Paranavithana,A Daniel,2,0,,,,,,"",""
ball,2,21.5,Tamil Union Cricket and Athletic Club,Mohamed Shamaz,ND Paranavithana,A Daniel,0,0,,,,,,"",""
ball,2,21.6,Tamil Union Cricket and Athletic Club,Mohamed Shamaz,ND Paranavithana,A Daniel,0,0,,,,,,"",""
ball,2,22.1,Tamil Union Cricket and Athletic Club,ND Paranavithana,Mohamed Shamaz,L Embuldeniya,0,0,,,,,,"",""
ball,2,22.2,Tamil Union Cricket and Athletic Club,ND Paranavithana,Mohamed Shamaz,L Embuldeniya,0,0,,,,,,"",""
ball,2,22.3,Tamil Union Cricket and Athletic Club,ND Paranavithana,Mohamed Shamaz,L Embuldeniya,0,0,,,,,,"",""
ball,2,22.4,Tamil Union Cricket and Athletic Club,ND Paranavithana,Mohamed Shamaz,L Embuldeniya,0,0,,,,,,"",""
ball,2,22.5,Tamil Union Cricket and Athletic Club,ND Paranavithana,Mohamed Shamaz,L Embuldeniya,0,0,,,,,,"",""
ball,2,22.6,Tamil Union Cricket and Athletic Club,ND Paranavithana,Mohamed Shamaz,L Embuldeniya,1,0,,,,,,"",""
ball,2,23.1,Tamil Union Cricket and Athletic Club,ND Paranavithana,Mohamed Shamaz,A Daniel,4,0,,,,,,"",""
ball,2,23.2,Tamil Union Cricket and Athletic Club,ND Paranavithana,Mohamed Shamaz,A Daniel,1,0,,,,,,"",""
ball,2,23.3,Tamil Union Cricket and Athletic Club,Mohamed Shamaz,ND Paranavithana,A Daniel,4,0,,,,,,"",""
ball,2,23.4,Tamil Union Cricket and Athletic Club,Mohamed Shamaz,ND Paranavithana,A Daniel,0,0,,,,,,"",""
ball,2,23.5,Tamil Union Cricket and Athletic Club,Mohamed Shamaz,ND Paranavithana,A Daniel,0,0,,,,,,"",""
ball,2,23.6,Tamil Union Cricket and Athletic Club,Mohamed Shamaz,ND Paranavithana,A Daniel,0,0,,,,,,"",""
ball,2,24.1,Tamil Union Cricket and Athletic Club,ND Paranavithana,Mohamed Shamaz,L Embuldeniya,0,0,,,,,,"",""
ball,2,24.2,Tamil Union Cricket and Athletic Club,ND Paranavithana,Mohamed Shamaz,L Embuldeniya,0,4,,,4,,,"",""
ball,2,24.3,Tamil Union Cricket and Athletic Club,ND Paranavithana,Mohamed Shamaz,L Embuldeniya,0,0,,,,,,"",""
ball,2,24.4,Tamil Union Cricket and Athletic Club,ND Paranavithana,Mohamed Shamaz,L Embuldeniya,0,0,,,,,,"",""
ball,2,24.5,Tamil Union Cricket and Athletic Club,ND Paranavithana,Mohamed Shamaz,L Embuldeniya,0,0,,,,,,"",""
ball,2,24.6,Tamil Union Cricket and Athletic Club,ND Paranavithana,Mohamed Shamaz,L Embuldeniya,1,0,,,,,,"",""
ball,2,25.1,Tamil Union Cricket and Athletic Club,ND Paranavithana,Mohamed Shamaz,A Daniel,2,0,,,,,,"",""
ball,2,25.2,Tamil Union Cricket and Athletic Club,ND Paranavithana,Mohamed Shamaz,A Daniel,0,0,,,,,,"",""
ball,2,25.3,Tamil Union Cricket and Athletic Club,ND Paranavithana,Mohamed Shamaz,A Daniel,0,0,,,,,,"",""
ball,2,25.4,Tamil Union Cricket and Athletic Club,ND Paranavithana,Mohamed Shamaz,A Daniel,1,0,,,,,,"",""
ball,2,25.5,Tamil Union Cricket and Athletic Club,Mohamed Shamaz,ND Paranavithana,A Daniel,1,0,,,,,,"",""
ball,2,25.6,Tamil Union Cricket and Athletic Club,ND Paranavithana,Mohamed Shamaz,A Daniel,0,0,,,,,,"",""
ball,2,26.1,Tamil Union Cricket and Athletic Club,Mohamed Shamaz,ND Paranavithana,L Embuldeniya,0,0,,,,,,"",""
ball,2,26.2,Tamil Union Cricket and Athletic Club,Mohamed Shamaz,ND Paranavithana,L Embuldeniya,0,0,,,,,,"",""
ball,2,26.3,Tamil Union Cricket and Athletic Club,Mohamed Shamaz,ND Paranavithana,L Embuldeniya,0,0,,,,,,"",""
ball,2,26.4,Tamil Union Cricket and Athletic Club,Mohamed Shamaz,ND Paranavithana,L Embuldeniya,0,0,,,,,,run out,ND Paranavithana
ball,2,26.5,Tamil Union Cricket and Athletic Club,Mohamed Shamaz,R Upamal,L Embuldeniya,0,0,,,,,,"",""
ball,2,26.6,Tamil Union Cricket and Athletic Club,Mohamed Shamaz,R Upamal,L Embuldeniya,0,0,,,,,,"",""
ball,2,27.1,Tamil Union Cricket and Athletic Club,R Upamal,Mohamed Shamaz,A Daniel,1,0,,,,,,"",""
ball,2,27.2,Tamil Union Cricket and Athletic Club,Mohamed Shamaz,R Upamal,A Daniel,0,0,,,,,,"",""
ball,2,27.3,Tamil Union Cricket and Athletic Club,Mohamed Shamaz,R Upamal,A Daniel,0,0,,,,,,"",""
ball,2,27.4,Tamil Union Cricket and Athletic Club,Mohamed Shamaz,R Upamal,A Daniel,0,0,,,,,,"",""
ball,2,27.5,Tamil Union Cricket and Athletic Club,Mohamed Shamaz,R Upamal,A Daniel,0,0,,,,,,"",""
ball,2,27.6,Tamil Union Cricket and Athletic Club,Mohamed Shamaz,R Upamal,A Daniel,0,0,,,,,,"",""
ball,2,28.1,Tamil Union Cricket and Athletic Club,R Upamal,Mohamed Shamaz,L Embuldeniya,0,0,,,,,,"",""
ball,2,28.2,Tamil Union Cricket and Athletic Club,R Upamal,Mohamed Shamaz,L Embuldeniya,1,0,,,,,,"",""
ball,2,28.3,Tamil Union Cricket and Athletic Club,Mohamed Shamaz,R Upamal,L Embuldeniya,0,0,,,,,,"",""
ball,2,28.4,Tamil Union Cricket and Athletic Club,Mohamed Shamaz,R Upamal,L Embuldeniya,4,0,,,,,,"",""
ball,2,28.5,Tamil Union Cricket and Athletic Club,Mohamed Shamaz,R Upamal,L Embuldeniya,0,0,,,,,,"",""
ball,2,28.6,Tamil Union Cricket and Athletic Club,Mohamed Shamaz,R Upamal,L Embuldeniya,0,0,,,,,,"",""
ball,2,29.1,Tamil Union Cricket and Athletic Club,R Upamal,Mohamed Shamaz,A Daniel,0,0,,,,,,"",""
ball,2,29.2,Tamil Union Cricket and Athletic Club,R Upamal,Mohamed Shamaz,A Daniel,2,0,,,,,,"",""
ball,2,29.3,Tamil Union Cricket and Athletic Club,R Upamal,Mohamed Shamaz,A Daniel,0,0,,,,,,"",""
ball,2,29.4,Tamil Union Cricket and Athletic Club,R Upamal,Mohamed Shamaz,A Daniel,1,0,,,,,,"",""
ball,2,29.5,Tamil Union Cricket and Athletic Club,Mohamed Shamaz,R Upamal,A Daniel,0,0,,,,,,"",""
ball,2,29.6,Tamil Union Cricket and Athletic Club,Mohamed Shamaz,R Upamal,A Daniel,0,0,,,,,,"",""
ball,2,30.1,Tamil Union Cricket and Athletic Club,R Upamal,Mohamed Shamaz,L Embuldeniya,0,0,,,,,,"",""
ball,2,30.2,Tamil Union Cricket and Athletic Club,R Upamal,Mohamed Shamaz,L Embuldeniya,0,0,,,,,,"",""
ball,2,30.3,Tamil Union Cricket and Athletic Club,R Upamal,Mohamed Shamaz,L Embuldeniya,0,0,,,,,,"",""
ball,2,30.4,Tamil Union Cricket and Athletic Club,R Upamal,Mohamed Shamaz,L Embuldeniya,0,0,,,,,,"",""
ball,2,30.5,Tamil Union Cricket and Athletic Club,R Upamal,Mohamed Shamaz,L Embuldeniya,0,0,,,,,,"",""
ball,2,30.6,Tamil Union Cricket and Athletic Club,R Upamal,Mohamed Shamaz,L Embuldeniya,0,0,,,,,,"",""
ball,2,31.1,Tamil Union Cricket and Athletic Club,Mohamed Shamaz,R Upamal,SSD Arachchige,0,0,,,,,,"",""
ball,2,31.2,Tamil Union Cricket and Athletic Club,Mohamed Shamaz,R Upamal,SSD Arachchige,1,0,,,,,,"",""
ball,2,31.3,Tamil Union Cricket and Athletic Club,R Upamal,Mohamed Shamaz,SSD Arachchige,0,0,,,,,,"",""
ball,2,31.4,Tamil Union Cricket and Athletic Club,R Upamal,Mohamed Shamaz,SSD Arachchige,0,0,,,,,,"",""
ball,2,31.5,Tamil Union Cricket and Athletic Club,R Upamal,Mohamed Shamaz,SSD Arachchige,1,0,,,,,,"",""
ball,2,31.6,Tamil Union Cricket and Athletic Club,Mohamed Shamaz,R Upamal,SSD Arachchige,0,0,,,,,,"",""
ball,2,32.1,Tamil Union Cricket and Athletic Club,R Upamal,Mohamed Shamaz,L Embuldeniya,0,0,,,,,,"",""
ball,2,32.2,Tamil Union Cricket and Athletic Club,R Upamal,Mohamed Shamaz,L Embuldeniya,0,0,,,,,,run out,R Upamal
ball,2,32.3,Tamil Union Cricket and Athletic Club,S Hapuhinna,Mohamed Shamaz,L Embuldeniya,0,0,,,,,,"",""
ball,2,32.4,Tamil Union Cricket and Athletic Club,S Hapuhinna,Mohamed Shamaz,L Embuldeniya,0,0,,,,,,"",""
ball,2,32.5,Tamil Union Cricket and Athletic Club,S Hapuhinna,Mohamed Shamaz,L Embuldeniya,0,0,,,,,,"",""
ball,2,32.6,Tamil Union Cricket and Athletic Club,S Hapuhinna,Mohamed Shamaz,L Embuldeniya,1,0,,,,,,"",""
ball,2,33.1,Tamil Union Cricket and Athletic Club,S Hapuhinna,Mohamed Shamaz,PVD Chameera,0,0,,,,,,"",""
ball,2,33.2,Tamil Union Cricket and Athletic Club,S Hapuhinna,Mohamed Shamaz,PVD Chameera,0,0,,,,,,"",""
ball,2,33.3,Tamil Union Cricket and Athletic Club,S Hapuhinna,Mohamed Shamaz,PVD Chameera,0,0,,,,,,"",""
ball,2,33.4,Tamil Union Cricket and Athletic Club,S Hapuhinna,Mohamed Shamaz,PVD Chameera,0,0,,,,,,"",""
ball,2,33.5,Tamil Union Cricket and Athletic Club,S Hapuhinna,Mohamed Shamaz,PVD Chameera,0,0,,,,,,"",""
ball,2,33.6,Tamil Union Cricket and Athletic Club,S Hapuhinna,Mohamed Shamaz,PVD Chameera,1,0,,,,,,"",""
ball,2,34.1,Tamil Union Cricket and Athletic Club,S Hapuhinna,Mohamed Shamaz,L Embuldeniya,0,0,,,,,,"",""
ball,2,34.2,Tamil Union Cricket and Athletic Club,S Hapuhinna,Mohamed Shamaz,L Embuldeniya,1,0,,,,,,"",""
ball,2,34.3,Tamil Union Cricket and Athletic Club,Mohamed Shamaz,S Hapuhinna,L Embuldeniya,0,0,,,,,,"",""
ball,2,34.4,Tamil Union Cricket and Athletic Club,Mohamed Shamaz,S Hapuhinna,L Embuldeniya,4,0,,,,,,"",""
ball,2,34.5,Tamil Union Cricket and Athletic Club,Mohamed Shamaz,S Hapuhinna,L Embuldeniya,0,0,,,,,,"",""
ball,2,34.6,Tamil Union Cricket and Athletic Club,Mohamed Shamaz,S Hapuhinna,L Embuldeniya,0,0,,,,,,"",""
ball,2,35.1,Tamil Union Cricket and Athletic Club,S Hapuhinna,Mohamed Shamaz,PVD Chameera,1,0,,,,,,"",""
ball,2,35.2,Tamil Union Cricket and Athletic Club,Mohamed Shamaz,S Hapuhinna,PVD Chameera,1,0,,,,,,"",""
ball,2,35.3,Tamil Union Cricket and Athletic Club,S Hapuhinna,Mohamed Shamaz,PVD Chameera,1,0,,,,,,"",""
ball,2,35.4,Tamil Union Cricket and Athletic Club,Mohamed Shamaz,S Hapuhinna,PVD Chameera,0,0,,,,,,"",""
ball,2,35.5,Tamil Union Cricket and Athletic Club,Mohamed Shamaz,S Hapuhinna,PVD Chameera,0,0,,,,,,"",""
ball,2,35.6,Tamil Union Cricket and Athletic Club,Mohamed Shamaz,S Hapuhinna,PVD Chameera,0,0,,,,,,"",""
ball,2,36.1,Tamil Union Cricket and Athletic Club,S Hapuhinna,Mohamed Shamaz,L Embuldeniya,0,0,,,,,,"",""
ball,2,36.2,Tamil Union Cricket and Athletic Club,S Hapuhinna,Mohamed Shamaz,L Embuldeniya,4,0,,,,,,"",""
ball,2,36.3,Tamil Union Cricket and Athletic Club,S Hapuhinna,Mohamed Shamaz,L Embuldeniya,0,0,,,,,,"",""
ball,2,36.4,Tamil Union Cricket and Athletic Club,S Hapuhinna,Mohamed Shamaz,L Embuldeniya,0,0,,,,,,"",""
ball,2,36.5,Tamil Union Cricket and Athletic Club,S Hapuhinna,Mohamed Shamaz,L Embuldeniya,1,0,,,,,,"",""
ball,2,36.6,Tamil Union Cricket and Athletic Club,Mohamed Shamaz,S Hapuhinna,L Embuldeniya,0,0,,,,,,"",""
ball,2,37.1,Tamil Union Cricket and Athletic Club,S Hapuhinna,Mohamed Shamaz,PVD Chameera,0,0,,,,,,"",""
ball,2,37.2,Tamil Union Cricket and Athletic Club,S Hapuhinna,Mohamed Shamaz,PVD Chameera,0,0,,,,,,"",""
ball,2,37.3,Tamil Union Cricket and Athletic Club,S Hapuhinna,Mohamed Shamaz,PVD Chameera,0,0,,,,,,"",""
ball,2,37.4,Tamil Union Cricket and Athletic Club,S Hapuhinna,Mohamed Shamaz,PVD Chameera,0,0,,,,,,"",""
ball,2,37.5,Tamil Union Cricket and Athletic Club,S Hapuhinna,Mohamed Shamaz,PVD Chameera,0,0,,,,,,"",""
ball,2,37.6,Tamil Union Cricket and Athletic Club,S Hapuhinna,Mohamed Shamaz,PVD Chameera,0,0,,,,,,"",""
ball,2,38.1,Tamil Union Cricket and Athletic Club,Mohamed Shamaz,S Hapuhinna,L Embuldeniya,4,0,,,,,,"",""
ball,2,38.2,Tamil Union Cricket and Athletic Club,Mohamed Shamaz,S Hapuhinna,L Embuldeniya,4,0,,,,,,"",""
ball,2,38.3,Tamil Union Cricket and Athletic Club,Mohamed Shamaz,S Hapuhinna,L Embuldeniya,1,0,,,,,,"",""
ball,2,38.4,Tamil Union Cricket and Athletic Club,S Hapuhinna,Mohamed Shamaz,L Embuldeniya,4,0,,,,,,"",""
ball,2,38.5,Tamil Union Cricket and Athletic Club,S Hapuhinna,Mohamed Shamaz,L Embuldeniya,0,0,,,,,,"",""
ball,2,38.6,Tamil Union Cricket and Athletic Club,S Hapuhinna,Mohamed Shamaz,L Embuldeniya,1,0,,,,,,"",""
ball,2,39.1,Tamil Union Cricket and Athletic Club,S Hapuhinna,Mohamed Shamaz,PVD Chameera,6,0,,,,,,"",""
ball,2,39.2,Tamil Union Cricket and Athletic Club,S Hapuhinna,Mohamed Shamaz,PVD Chameera,0,0,,,,,,"",""
ball,2,39.3,Tamil Union Cricket and Athletic Club,S Hapuhinna,Mohamed Shamaz,PVD Chameera,0,0,,,,,,"",""
ball,2,39.4,Tamil Union Cricket and Athletic Club,S Hapuhinna,Mohamed Shamaz,PVD Chameera,0,0,,,,,,caught,S Hapuhinna
ball,2,39.5,Tamil Union Cricket and Athletic Club,V Viyaskanth,Mohamed Shamaz,PVD Chameera,0,0,,,,,,"",""
ball,2,39.6,Tamil Union Cricket and Athletic Club,V Viyaskanth,Mohamed Shamaz,PVD Chameera,1,0,,,,,,"",""
ball,2,40.1,Tamil Union Cricket and Athletic Club,V Viyaskanth,Mohamed Shamaz,L Embuldeniya,0,0,,,,,,"",""
ball,2,40.2,Tamil Union Cricket and Athletic Club,V Viyaskanth,Mohamed Shamaz,L Embuldeniya,0,0,,,,,,"",""
ball,2,40.3,Tamil Union Cricket and Athletic Club,V Viyaskanth,Mohamed Shamaz,L Embuldeniya,0,0,,,,,,"",""
ball,2,40.4,Tamil Union Cricket and Athletic Club,V Viyaskanth,Mohamed Shamaz,L Embuldeniya,0,0,,,,,,"",""
ball,2,40.5,Tamil Union Cricket and Athletic Club,V Viyaskanth,Mohamed Shamaz,L Embuldeniya,0,0,,,,,,"",""
ball,2,40.6,Tamil Union Cricket and Athletic Club,V Viyaskanth,Mohamed Shamaz,L Embuldeniya,0,0,,,,,,"",""
ball,2,41.1,Tamil Union Cricket and Athletic Club,Mohamed Shamaz,V Viyaskanth,PVD Chameera,0,1,,,,1,,"",""
ball,2,41.2,Tamil Union Cricket and Athletic Club,V Viyaskanth,Mohamed Shamaz,PVD Chameera,0,0,,,,,,"",""
ball,2,41.3,Tamil Union Cricket and Athletic Club,V Viyaskanth,Mohamed Shamaz,PVD Chameera,0,0,,,,,,"",""
ball,2,41.4,Tamil Union Cricket and Athletic Club,V Viyaskanth,Mohamed Shamaz,PVD Chameera,0,0,,,,,,"",""
ball,2,41.5,Tamil Union Cricket and Athletic Club,V Viyaskanth,Mohamed Shamaz,PVD Chameera,0,0,,,,,,"",""
ball,2,41.6,Tamil Union Cricket and Athletic Club,V Viyaskanth,Mohamed Shamaz,PVD Chameera,0,1,,1,,,,"",""
ball,2,41.7,Tamil Union Cricket and Athletic Club,V Viyaskanth,Mohamed Shamaz,PVD Chameera,0,0,,,,,,"",""
ball,2,42.1,Tamil Union Cricket and Athletic Club,Mohamed Shamaz,V Viyaskanth,L Embuldeniya,2,0,,,,,,"",""
ball,2,42.2,Tamil Union Cricket and Athletic Club,Mohamed Shamaz,V Viyaskanth,L Embuldeniya,1,0,,,,,,"",""
ball,2,42.3,Tamil Union Cricket and Athletic Club,V Viyaskanth,Mohamed Shamaz,L Embuldeniya,0,0,,,,,,"",""
ball,2,42.4,Tamil Union Cricket and Athletic Club,V Viyaskanth,Mohamed Shamaz,L Embuldeniya,0,0,,,,,,"",""
ball,2,42.5,Tamil Union Cricket and Athletic Club,V Viyaskanth,Mohamed Shamaz,L Embuldeniya,4,0,,,,,,"",""
ball,2,42.6,Tamil Union Cricket and Athletic Club,V Viyaskanth,Mohamed Shamaz,L Embuldeniya,4,0,,,,,,"",""
ball,2,43.1,Tamil Union Cricket and Athletic Club,Mohamed Shamaz,V Viyaskanth,A Daniel,1,0,,,,,,"",""
ball,2,43.2,Tamil Union Cricket and Athletic Club,V Viyaskanth,Mohamed Shamaz,A Daniel,0,0,,,,,,"",""
ball,2,43.3,Tamil Union Cricket and Athletic Club,V Viyaskanth,Mohamed Shamaz,A Daniel,0,0,,,,,,"",""
ball,2,43.4,Tamil Union Cricket and Athletic Club,V Viyaskanth,Mohamed Shamaz,A Daniel,0,0,,,,,,"",""
ball,2,43.5,Tamil Union Cricket and Athletic Club,V Viyaskanth,Mohamed Shamaz,A Daniel,0,0,,,,,,"",""
ball,2,43.6,Tamil Union Cricket and Athletic Club,V Viyaskanth,Mohamed Shamaz,A Daniel,1,0,,,,,,"",""
ball,2,44.1,Tamil Union Cricket and Athletic Club,V Viyaskanth,Mohamed Shamaz,A Sigera,0,0,,,,,,"",""
ball,2,44.2,Tamil Union Cricket and Athletic Club,V Viyaskanth,Mohamed Shamaz,A Sigera,0,0,,,,,,"",""
ball,2,44.3,Tamil Union Cricket and Athletic Club,V Viyaskanth,Mohamed Shamaz,A Sigera,0,0,,,,,,"",""
ball,2,44.4,Tamil Union Cricket and Athletic Club,V Viyaskanth,Mohamed Shamaz,A Sigera,0,0,,,,,,"",""
ball,2,44.5,Tamil Union Cricket and Athletic Club,V Viyaskanth,Mohamed Shamaz,A Sigera,0,0,,,,,,stumped,V Viyaskanth
ball,2,44.6,Tamil Union Cricket and Athletic Club,DTM Fernando,Mohamed Shamaz,A Sigera,0,0,,,,,,"",""
ball,2,45.1,Tamil Union Cricket and Athletic Club,Mohamed Shamaz,DTM Fernando,A Daniel,0,0,,,,,,"",""
ball,2,45.2,Tamil Union Cricket and Athletic Club,Mohamed Shamaz,DTM Fernando,A Daniel,1,0,,,,,,"",""
ball,2,45.3,Tamil Union Cricket and Athletic Club,DTM Fernando,Mohamed Shamaz,A Daniel,0,0,,,,,,"",""
ball,2,45.4,Tamil Union Cricket and Athletic Club,DTM Fernando,Mohamed Shamaz,A Daniel,1,0,,,,,,"",""
ball,2,45.5,Tamil Union Cricket and Athletic Club,Mohamed Shamaz,DTM Fernando,A Daniel,2,0,,,,,,"",""
ball,2,45.6,Tamil Union Cricket and Athletic Club,Mohamed Shamaz,DTM Fernando,A Daniel,0,0,,,,,,"",""
ball,2,46.1,Tamil Union Cricket and Athletic Club,DTM Fernando,Mohamed Shamaz,A Sigera,0,0,,,,,,"",""
ball,2,46.2,Tamil Union Cricket and Athletic Club,DTM Fernando,Mohamed Shamaz,A Sigera,0,0,,,,,,"",""
ball,2,46.3,Tamil Union Cricket and Athletic Club,DTM Fernando,Mohamed Shamaz,A Sigera,0,0,,,,,,"",""
ball,2,46.4,Tamil Union Cricket and Athletic Club,DTM Fernando,Mohamed Shamaz,A Sigera,0,0,,,,,,"",""
ball,2,46.5,Tamil Union Cricket and Athletic Club,DTM Fernando,Mohamed Shamaz,A Sigera,0,0,,,,,,"",""
ball,2,46.6,Tamil Union Cricket and Athletic Club,DTM Fernando,Mohamed Shamaz,A Sigera,0,0,,,,,,"",""
ball,2,47.1,Tamil Union Cricket and Athletic Club,Mohamed Shamaz,DTM Fernando,A Daniel,6,0,,,,,,"",""
ball,2,47.2,Tamil Union Cricket and Athletic Club,Mohamed Shamaz,DTM Fernando,A Daniel,0,0,,,,,,"",""
ball,2,47.3,Tamil Union Cricket and Athletic Club,Mohamed Shamaz,DTM Fernando,A Daniel,1,0,,,,,,"",""
ball,2,47.4,Tamil Union Cricket and Athletic Club,DTM Fernando,Mohamed Shamaz,A Daniel,0,0,,,,,,"",""
ball,2,47.5,Tamil Union Cricket and Athletic Club,DTM Fernando,Mohamed Shamaz,A Daniel,0,0,,,,,,"",""
ball,2,47.6,Tamil Union Cricket and Athletic Club,DTM Fernando,Mohamed Shamaz,A Daniel,0,0,,,,,,"",""
ball,2,48.1,Tamil Union Cricket and Athletic Club,Mohamed Shamaz,DTM Fernando,A Sigera,0,0,,,,,,"",""
ball,2,48.2,Tamil Union Cricket and Athletic Club,Mohamed Shamaz,DTM Fernando,A Sigera,0,0,,,,,,"",""
ball,2,48.3,Tamil Union Cricket and Athletic Club,Mohamed Shamaz,DTM Fernando,A Sigera,1,0,,,,,,"",""
ball,2,48.4,Tamil Union Cricket and Athletic Club,DTM Fernando,Mohamed Shamaz,A Sigera,0,0,,,,,,"",""
ball,2,48.5,Tamil Union Cricket and Athletic Club,DTM Fernando,Mohamed Shamaz,A Sigera,1,0,,,,,,"",""
ball,2,48.6,Tamil Union Cricket and Athletic Club,Mohamed Shamaz,DTM Fernando,A Sigera,0,0,,,,,,"",""
ball,2,49.1,Tamil Union Cricket and Athletic Club,DTM Fernando,Mohamed Shamaz,A Daniel,0,0,,,,,,"",""
ball,2,49.2,Tamil Union Cricket and Athletic Club,DTM Fernando,Mohamed Shamaz,A Daniel,0,0,,,,,,"",""
ball,2,49.3,Tamil Union Cricket and Athletic Club,DTM Fernando,Mohamed Shamaz,A Daniel,0,0,,,,,,"",""
ball,2,49.4,Tamil Union Cricket and Athletic Club,DTM Fernando,Mohamed Shamaz,A Daniel,0,0,,,,,,"",""
ball,2,49.5,Tamil Union Cricket and Athletic Club,DTM Fernando,Mohamed Shamaz,A Daniel,0,0,,,,,,"",""
ball,2,49.6,Tamil Union Cricket and Athletic Club,DTM Fernando,Mohamed Shamaz,A Daniel,1,0,,,,,,"",""
ball,2,50.1,Tamil Union Cricket and Athletic Club,DTM Fernando,Mohamed Shamaz,A Sigera,0,0,,,,,,"",""
ball,2,50.2,Tamil Union Cricket and Athletic Club,DTM Fernando,Mohamed Shamaz,A Sigera,0,0,,,,,,"",""
ball,2,50.3,Tamil Union Cricket and Athletic Club,DTM Fernando,Mohamed Shamaz,A Sigera,1,0,,,,,,"",""
ball,2,50.4,Tamil Union Cricket and Athletic Club,Mohamed Shamaz,DTM Fernando,A Sigera,0,0,,,,,,"",""
ball,2,50.5,Tamil Union Cricket and Athletic Club,Mohamed Shamaz,DTM Fernando,A Sigera,0,0,,,,,,"",""
ball,2,50.6,Tamil Union Cricket and Athletic Club,Mohamed Shamaz,DTM Fernando,A Sigera,0,0,,,,,,"",""
ball,2,51.1,Tamil Union Cricket and Athletic Club,DTM Fernando,Mohamed Shamaz,A Daniel,1,0,,,,,,"",""
ball,2,51.2,Tamil Union Cricket and Athletic Club,Mohamed Shamaz,DTM Fernando,A Daniel,1,0,,,,,,"",""
ball,2,51.3,Tamil Union Cricket and Athletic Club,DTM Fernando,Mohamed Shamaz,A Daniel,0,0,,,,,,"",""
ball,2,51.4,Tamil Union Cricket and Athletic Club,DTM Fernando,Mohamed Shamaz,A Daniel,0,0,,,,,,"",""
ball,2,51.5,Tamil Union Cricket and Athletic Club,DTM Fernando,Mohamed Shamaz,A Daniel,1,0,,,,,,"",""
ball,2,51.6,Tamil Union Cricket and Athletic Club,Mohamed Shamaz,DTM Fernando,A Daniel,1,0,,,,,,"",""
ball,2,52.1,Tamil Union Cricket and Athletic Club,Mohamed Shamaz,DTM Fernando,A Sigera,1,0,,,,,,"",""
ball,2,52.2,Tamil Union Cricket and Athletic Club,DTM Fernando,Mohamed Shamaz,A Sigera,4,0,,,,,,"",""
ball,2,52.3,Tamil Union Cricket and Athletic Club,DTM Fernando,Mohamed Shamaz,A Sigera,4,0,,,,,,"",""
ball,2,52.4,Tamil Union Cricket and Athletic Club,DTM Fernando,Mohamed Shamaz,A Sigera,0,0,,,,,,"",""
ball,2,52.5,Tamil Union Cricket and Athletic Club,DTM Fernando,Mohamed Shamaz,A Sigera,0,0,,,,,,"",""
ball,2,52.6,Tamil Union Cricket and Athletic Club,DTM Fernando,Mohamed Shamaz,A Sigera,1,0,,,,,,"",""
ball,2,53.1,Tamil Union Cricket and Athletic Club,DTM Fernando,Mohamed Shamaz,SSD Arachchige,1,0,,,,,,"",""
ball,2,53.2,Tamil Union Cricket and Athletic Club,Mohamed Shamaz,DTM Fernando,SSD Arachchige,0,0,,,,,,"",""
ball,2,53.3,Tamil Union Cricket and Athletic Club,Mohamed Shamaz,DTM Fernando,SSD Arachchige,0,0,,,,,,"",""
ball,2,53.4,Tamil Union Cricket and Athletic Club,Mohamed Shamaz,DTM Fernando,SSD Arachchige,0,0,,,,,,"",""
ball,2,53.5,Tamil Union Cricket and Athletic Club,Mohamed Shamaz,DTM Fernando,SSD Arachchige,0,0,,,,,,"",""
ball,2,53.6,Tamil Union Cricket and Athletic Club,Mohamed Shamaz,DTM Fernando,SSD Arachchige,0,0,,,,,,"",""
ball,2,54.1,Tamil Union Cricket and Athletic Club,DTM Fernando,Mohamed Shamaz,A Sigera,4,0,,,,,,"",""
ball,2,54.2,Tamil Union Cricket and Athletic Club,DTM Fernando,Mohamed Shamaz,A Sigera,0,0,,,,,,"",""
ball,2,54.3,Tamil Union Cricket and Athletic Club,DTM Fernando,Mohamed Shamaz,A Sigera,1,0,,,,,,"",""
ball,2,54.4,Tamil Union Cricket and Athletic Club,Mohamed Shamaz,DTM Fernando,A Sigera,0,0,,,,,,"",""
ball,2,54.5,Tamil Union Cricket and Athletic Club,Mohamed Shamaz,DTM Fernando,A Sigera,1,0,,,,,,"",""
ball,2,54.6,Tamil Union Cricket and Athletic Club,DTM Fernando,Mohamed Shamaz,A Sigera,0,0,,,,,,"",""
ball,2,55.1,Tamil Union Cricket and Athletic Club,Mohamed Shamaz,DTM Fernando,L Embuldeniya,0,0,,,,,,"",""
ball,2,55.2,Tamil Union Cricket and Athletic Club,Mohamed Shamaz,DTM Fernando,L Embuldeniya,0,0,,,,,,"",""
ball,2,55.3,Tamil Union Cricket and Athletic Club,Mohamed Shamaz,DTM Fernando,L Embuldeniya,1,0,,,,,,"",""
ball,2,55.4,Tamil Union Cricket and Athletic Club,DTM Fernando,Mohamed Shamaz,L Embuldeniya,0,0,,,,,,caught,DTM Fernando
ball,2,55.5,Tamil Union Cricket and Athletic Club,KTH Ratnayake,Mohamed Shamaz,L Embuldeniya,0,0,,,,,,"",""
ball,2,55.6,Tamil Union Cricket and Athletic Club,KTH Ratnayake,Mohamed Shamaz,L Embuldeniya,0,0,,,,,,"",""
ball,2,56.1,Tamil Union Cricket and Athletic Club,Mohamed Shamaz,KTH Ratnayake,SSD Arachchige,0,0,,,,,,"",""
ball,2,56.2,Tamil Union Cricket and Athletic Club,Mohamed Shamaz,KTH Ratnayake,SSD Arachchige,0,0,,,,,,"",""
ball,2,56.3,Tamil Union Cricket and Athletic Club,Mohamed Shamaz,KTH Ratnayake,SSD Arachchige,1,0,,,,,,"",""
ball,2,56.4,Tamil Union Cricket and Athletic Club,KTH Ratnayake,Mohamed Shamaz,SSD Arachchige,4,0,,,,,,"",""
ball,2,56.5,Tamil Union Cricket and Athletic Club,KTH Ratnayake,Mohamed Shamaz,SSD Arachchige,0,0,,,,,,"",""
ball,2,56.6,Tamil Union Cricket and Athletic Club,KTH Ratnayake,Mohamed Shamaz,SSD Arachchige,1,0,,,,,,"",""
ball,2,57.1,Tamil Union Cricket and Athletic Club,KTH Ratnayake,Mohamed Shamaz,L Embuldeniya,1,0,,,,,,"",""
ball,2,57.2,Tamil Union Cricket and Athletic Club,Mohamed Shamaz,KTH Ratnayake,L Embuldeniya,0,0,,,,,,"",""
ball,2,57.3,Tamil Union Cricket and Athletic Club,Mohamed Shamaz,KTH Ratnayake,L Embuldeniya,1,0,,,,,,"",""
ball,2,57.4,Tamil Union Cricket and Athletic Club,KTH Ratnayake,Mohamed Shamaz,L Embuldeniya,1,0,,,,,,"",""
ball,2,57.5,Tamil Union Cricket and Athletic Club,Mohamed Shamaz,KTH Ratnayake,L Embuldeniya,0,0,,,,,,run out,Mohamed Shamaz
ball,2,57.6,Tamil Union Cricket and Athletic Club,KTH Ratnayake,RAS Lakmal,L Embuldeniya,4,0,,,,,,"",""
ball,2,58.1,Tamil Union Cricket and Athletic Club,RAS Lakmal,KTH Ratnayake,SSD Arachchige,0,0,,,,,,"",""
ball,2,58.2,Tamil Union Cricket and Athletic Club,RAS Lakmal,KTH Ratnayake,SSD Arachchige,0,0,,,,,,"",""
ball,2,58.3,Tamil Union Cricket and Athletic Club,RAS Lakmal,KTH Ratnayake,SSD Arachchige,6,0,,,,,,"",""
ball,2,58.4,Tamil Union Cricket and Athletic Club,RAS Lakmal,KTH Ratnayake,SSD Arachchige,0,0,,,,,,"",""
ball,2,58.5,Tamil Union Cricket and Athletic Club,RAS Lakmal,KTH Ratnayake,SSD Arachchige,1,0,,,,,,"",""
ball,2,58.6,Tamil Union Cricket and Athletic Club,KTH Ratnayake,RAS Lakmal,SSD Arachchige,0,0,,,,,,"",""
ball,2,59.1,Tamil Union Cricket and Athletic Club,RAS Lakmal,KTH Ratnayake,PVD Chameera,0,0,,,,,,"",""
ball,2,59.2,Tamil Union Cricket and Athletic Club,RAS Lakmal,KTH Ratnayake,PVD Chameera,0,0,,,,,,bowled,RAS Lakmal
ball,2,59.3,Tamil Union Cricket and Athletic Club,V Thewmika,KTH Ratnayake,PVD Chameera,0,0,,,,,,"",""
ball,2,59.4,Tamil Union Cricket and Athletic Club,V Thewmika,KTH Ratnayake,PVD Chameera,0,0,,,,,,"",""
ball,2,59.5,Tamil Union Cricket and Athletic Club,V Thewmika,KTH Ratnayake,PVD Chameera,0,0,,,,,,"",""
ball,2,59.6,Tamil Union Cricket and Athletic Club,V Thewmika,KTH Ratnayake,PVD Chameera,1,0,,,,,,"",""
ball,2,60.1,Tamil Union Cricket and Athletic Club,V Thewmika,KTH Ratnayake,A Daniel,0,0,,,,,,"",""
ball,2,60.2,Tamil Union Cricket and Athletic Club,V Thewmika,KTH Ratnayake,A Daniel,1,0,,,,,,"",""
ball,2,60.3,Tamil Union Cricket and Athletic Club,KTH Ratnayake,V Thewmika,A Daniel,0,0,,,,,,"",""
ball,2,60.4,Tamil Union Cricket and Athletic Club,KTH Ratnayake,V Thewmika,A Daniel,6,0,,,,,,"",""
ball,2,60.5,Tamil Union Cricket and Athletic Club,KTH Ratnayake,V Thewmika,A Daniel,0,0,,,,,,"",""
ball,2,60.6,Tamil Union Cricket and Athletic Club,KTH Ratnayake,V Thewmika,A Daniel,0,0,,,,,,"",""
ball,2,61.1,Tamil Union Cricket and Athletic Club,V Thewmika,KTH Ratnayake,PVD Chameera,0,0,,,,,,"",""
ball,2,61.2,Tamil Union Cricket and Athletic Club,V Thewmika,KTH Ratnayake,PVD Chameera,0,0,,,,,,"",""
ball,2,61.3,Tamil Union Cricket and Athletic Club,V Thewmika,KTH Ratnayake,PVD Chameera,0,0,,,,,,"",""
ball,2,61.4,Tamil Union Cricket and Athletic Club,V Thewmika,KTH Ratnayake,PVD Chameera,0,0,,,,,,"",""
ball,2,61.5,Tamil Union Cricket and Athletic Club,V Thewmika,KTH Ratnayake,PVD Chameera,0,0,,,,,,"",""
ball,2,61.6,Tamil Union Cricket and Athletic Club,V Thewmika,KTH Ratnayake,PVD Chameera,0,0,,,,,,"",""
ball,2,62.1,Tamil Union Cricket and Athletic Club,KTH Ratnayake,V Thewmika,A Daniel,0,0,,,,,,"",""
ball,2,62.2,Tamil Union Cricket and Athletic Club,KTH Ratnayake,V Thewmika,A Daniel,0,0,,,,,,"",""
ball,2,62.3,Tamil Union Cricket and Athletic Club,KTH Ratnayake,V Thewmika,A Daniel,0,0,,,,,,"",""
ball,2,62.4,Tamil Union Cricket and Athletic Club,KTH Ratnayake,V Thewmika,A Daniel,4,0,,,,,,"",""
ball,2,62.5,Tamil Union Cricket and Athletic Club,KTH Ratnayake,V Thewmika,A Daniel,6,0,,,,,,"",""
ball,2,62.6,Tamil Union Cricket and Athletic Club,KTH Ratnayake,V Thewmika,A Daniel,0,0,,,,,,"",""
ball,2,63.1,Tamil Union Cricket and Athletic Club,V Thewmika,KTH Ratnayake,PVD Chameera,0,0,,,,,,"",""
ball,2,63.2,Tamil Union Cricket and Athletic Club,V Thewmika,KTH Ratnayake,PVD Chameera,0,1,,1,,,,"",""
ball,2,63.3,Tamil Union Cricket and Athletic Club,V Thewmika,KTH Ratnayake,PVD Chameera,0,0,,,,,,"",""
ball,2,63.4,Tamil Union Cricket and Athletic Club,V Thewmika,KTH Ratnayake,PVD Chameera,0,0,,,,,,"",""
ball,2,63.5,Tamil Union Cricket and Athletic Club,V Thewmika,KTH Ratnayake,PVD Chameera,4,0,,,,,,"",""
ball,2,63.6,Tamil Union Cricket and Athletic Club,V Thewmika,KTH Ratnayake,PVD Chameera,1,0,,,,,,"",""
ball,2,63.7,Tamil Union Cricket and Athletic Club,KTH Ratnayake,V Thewmika,PVD Chameera,4,0,,,,,,"",""
ball,2,64.1,Tamil Union Cricket and Athletic Club,V Thewmika,KTH Ratnayake,L Embuldeniya,0,0,,,,,,"",""
ball,2,64.2,Tamil Union Cricket and Athletic Club,V Thewmika,KTH Ratnayake,L Embuldeniya,0,0,,,,,,"",""
ball,2,64.3,Tamil Union Cricket and Athletic Club,V Thewmika,KTH Ratnayake,L Embuldeniya,1,0,,,,,,"",""
ball,2,64.4,Tamil Union Cricket and Athletic Club,KTH Ratnayake,V Thewmika,L Embuldeniya,0,0,,,,,,"",""
ball,2,64.5,Tamil Union Cricket and Athletic Club,KTH Ratnayake,V Thewmika,L Embuldeniya,0,0,,,,,,"",""
ball,2,64.6,Tamil Union Cricket and Athletic Club,KTH Ratnayake,V Thewmika,L Embuldeniya,0,0,,,,,,"",""
ball,2,65.1,Tamil Union Cricket and Athletic Club,V Thewmika,KTH Ratnayake,PVD Chameera,0,0,,,,,,"",""
ball,2,65.2,Tamil Union Cricket and Athletic Club,V Thewmika,KTH Ratnayake,PVD Chameera,0,0,,,,,,"",""
ball,2,65.3,Tamil Union Cricket and Athletic Club,V Thewmika,KTH Ratnayake,PVD Chameera,0,0,,,,,,"",""
ball,2,65.4,Tamil Union Cricket and Athletic Club,V Thewmika,KTH Ratnayake,PVD Chameera,0,0,,,,,,"",""
ball,2,65.5,Tamil Union Cricket and Athletic Club,V Thewmika,KTH Ratnayake,PVD Chameera,0,0,,,,,,"",""
ball,2,65.6,Tamil Union Cricket and Athletic Club,V Thewmika,KTH Ratnayake,PVD Chameera,0,0,,,,,,"",""
ball,2,66.1,Tamil Union Cricket and Athletic Club,KTH Ratnayake,V Thewmika,L Embuldeniya,4,0,,,,,,"",""
ball,2,66.2,Tamil Union Cricket and Athletic Club,KTH Ratnayake,V Thewmika,L Embuldeniya,0,0,,,,,,"",""
ball,2,66.3,Tamil Union Cricket and Athletic Club,KTH Ratnayake,V Thewmika,L Embuldeniya,0,0,,,,,,"",""
ball,2,66.4,Tamil Union Cricket and Athletic Club,KTH Ratnayake,V Thewmika,L Embuldeniya,0,0,,,,,,"",""
ball,2,66.5,Tamil Union Cricket and Athletic Club,KTH Ratnayake,V Thewmika,L Embuldeniya,0,0,,,,,,"",""
ball,2,66.6,Tamil Union Cricket and Athletic Club,KTH Ratnayake,V Thewmika,L Embuldeniya,0,0,,,,,,"",""
ball,2,67.1,Tamil Union Cricket and Athletic Club,V Thewmika,KTH Ratnayake,C Karunaratne,1,0,,,,,,"",""
ball,2,67.2,Tamil Union Cricket and Athletic Club,KTH Ratnayake,V Thewmika,C Karunaratne,2,0,,,,,,"",""
ball,2,67.3,Tamil Union Cricket and Athletic Club,KTH Ratnayake,V Thewmika,C Karunaratne,1,0,,,,,,"",""
ball,2,67.4,Tamil Union Cricket and Athletic Club,V Thewmika,KTH Ratnayake,C Karunaratne,0,0,,,,,,"",""
ball,2,67.5,Tamil Union Cricket and Athletic Club,V Thewmika,KTH Ratnayake,C Karunaratne,0,0,,,,,,"",""
ball,2,67.6,Tamil Union Cricket and Athletic Club,V Thewmika,KTH Ratnayake,C Karunaratne,0,0,,,,,,"",""
ball,2,68.1,Tamil Union Cricket and Athletic Club,KTH Ratnayake,V Thewmika,PVD Chameera,0,0,,,,,,"",""
ball,2,68.2,Tamil Union Cricket and Athletic Club,KTH Ratnayake,V Thewmika,PVD Chameera,0,0,,,,,,bowled,KTH Ratnayake
ball,3,0.1,Nondescripts Cricket Club,N Dickwella,LU Igalagamage,KTH Ratnayake,1,0,,,,,,"",""
ball,3,0.2,Nondescripts Cricket Club,LU Igalagamage,N Dickwella,KTH Ratnayake,0,0,,,,,,"",""
ball,3,0.3,Nondescripts Cricket Club,LU Igalagamage,N Dickwella,KTH Ratnayake,1,0,,,,,,"",""
ball,3,0.4,Nondescripts Cricket Club,N Dickwella,LU Igalagamage,KTH Ratnayake,1,0,,,,,,"",""
ball,3,0.5,Nondescripts Cricket Club,LU Igalagamage,N Dickwella,KTH Ratnayake,1,0,,,,,,"",""
ball,3,0.6,Nondescripts Cricket Club,N Dickwella,LU Igalagamage,KTH Ratnayake,0,0,,,,,,"",""
ball,3,1.1,Nondescripts Cricket Club,LU Igalagamage,N Dickwella,RAS Lakmal,0,0,,,,,,"",""
ball,3,1.2,Nondescripts Cricket Club,LU Igalagamage,N Dickwella,RAS Lakmal,1,0,,,,,,"",""
ball,3,1.3,Nondescripts Cricket Club,N Dickwella,LU Igalagamage,RAS Lakmal,0,0,,,,,,"",""
ball,3,1.4,Nondescripts Cricket Club,N Dickwella,LU Igalagamage,RAS Lakmal,4,0,,,,,,"",""
ball,3,1.5,Nondescripts Cricket Club,N Dickwella,LU Igalagamage,RAS Lakmal,0,1,,,,1,,"",""
ball,3,1.6,Nondescripts Cricket Club,LU Igalagamage,N Dickwella,RAS Lakmal,1,0,,,,,,"",""
ball,3,2.1,Nondescripts Cricket Club,LU Igalagamage,N Dickwella,KTH Ratnayake,0,1,,,,1,,"",""
ball,3,2.2,Nondescripts Cricket Club,N Dickwella,LU Igalagamage,KTH Ratnayake,0,0,,,,,,"",""
ball,3,2.3,Nondescripts Cricket Club,N Dickwella,LU Igalagamage,KTH Ratnayake,2,0,,,,,,"",""
ball,3,2.4,Nondescripts Cricket Club,N Dickwella,LU Igalagamage,KTH Ratnayake,0,0,,,,,,"",""
ball,3,2.5,Nondescripts Cricket Club,N Dickwella,LU Igalagamage,KTH Ratnayake,0,0,,,,,,"",""
ball,3,2.6,Nondescripts Cricket Club,N Dickwella,LU Igalagamage,KTH Ratnayake,0,0,,,,,,"",""
ball,3,3.1,Nondescripts Cricket Club,LU Igalagamage,N Dickwella,RAS Lakmal,0,0,,,,,,"",""
ball,3,3.2,Nondescripts Cricket Club,LU Igalagamage,N Dickwella,RAS Lakmal,0,0,,,,,,"",""
ball,3,3.3,Nondescripts Cricket Club,LU Igalagamage,N Dickwella,RAS Lakmal,1,0,,,,,,"",""
ball,3,3.4,Nondescripts Cricket Club,N Dickwella,LU Igalagamage,RAS Lakmal,0,0,,,,,,"",""
ball,3,3.5,Nondescripts Cricket Club,N Dickwella,LU Igalagamage,RAS Lakmal,4,0,,,,,,"",""
ball,3,3.6,Nondescripts Cricket Club,N Dickwella,LU Igalagamage,RAS Lakmal,0,0,,,,,,"",""
ball,3,4.1,Nondescripts Cricket Club,LU Igalagamage,N Dickwella,KTH Ratnayake,4,0,,,,,,"",""
ball,3,4.2,Nondescripts Cricket Club,LU Igalagamage,N Dickwella,KTH Ratnayake,4,0,,,,,,"",""
ball,3,4.3,Nondescripts Cricket Club,LU Igalagamage,N Dickwella,KTH Ratnayake,0,0,,,,,,"",""
ball,3,4.4,Nondescripts Cricket Club,LU Igalagamage,N Dickwella,KTH Ratnayake,1,0,,,,,,"",""
ball,3,4.5,Nondescripts Cricket Club,N Dickwella,LU Igalagamage,KTH Ratnayake,1,0,,,,,,"",""
ball,3,4.6,Nondescripts Cricket Club,LU Igalagamage,N Dickwella,KTH Ratnayake,1,0,,,,,,"",""
ball,3,5.1,Nondescripts Cricket Club,LU Igalagamage,N Dickwella,ND Paranavithana,1,0,,,,,,"",""
ball,3,5.2,Nondescripts Cricket Club,N Dickwella,LU Igalagamage,ND Paranavithana,1,0,,,,,,"",""
ball,3,5.3,Nondescripts Cricket Club,LU Igalagamage,N Dickwella,ND Paranavithana,4,0,,,,,,"",""
ball,3,5.4,Nondescripts Cricket Club,LU Igalagamage,N Dickwella,ND Paranavithana,0,0,,,,,,"",""
ball,3,5.5,Nondescripts Cricket Club,LU Igalagamage,N Dickwella,ND Paranavithana,0,0,,,,,,"",""
ball,3,5.6,Nondescripts Cricket Club,LU Igalagamage,N Dickwella,ND Paranavithana,0,0,,,,,,"",""
ball,3,6.1,Nondescripts Cricket Club,N Dickwella,LU Igalagamage,KTH Ratnayake,2,0,,,,,,"",""
ball,3,6.2,Nondescripts Cricket Club,N Dickwella,LU Igalagamage,KTH Ratnayake,4,0,,,,,,"",""
ball,3,6.3,Nondescripts Cricket Club,N Dickwella,LU Igalagamage,KTH Ratnayake,0,0,,,,,,"",""
ball,3,6.4,Nondescripts Cricket Club,N Dickwella,LU Igalagamage,KTH Ratnayake,0,0,,,,,,"",""
ball,3,6.5,Nondescripts Cricket Club,N Dickwella,LU Igalagamage,KTH Ratnayake,4,0,,,,,,"",""
ball,3,6.6,Nondescripts Cricket Club,N Dickwella,LU Igalagamage,KTH Ratnayake,1,0,,,,,,"",""
ball,3,7.1,Nondescripts Cricket Club,N Dickwella,LU Igalagamage,V Viyaskanth,1,0,,,,,,"",""
ball,3,7.2,Nondescripts Cricket Club,LU Igalagamage,N Dickwella,V Viyaskanth,0,0,,,,,,"",""
ball,3,7.3,Nondescripts Cricket Club,LU Igalagamage,N Dickwella,V Viyaskanth,1,0,,,,,,"",""
ball,3,7.4,Nondescripts Cricket Club,N Dickwella,LU Igalagamage,V Viyaskanth,0,0,,,,,,caught,N Dickwella
ball,3,7.5,Nondescripts Cricket Club,K Mishara,LU Igalagamage,V Viyaskanth,0,0,,,,,,"",""
ball,3,7.6,Nondescripts Cricket Club,K Mishara,LU Igalagamage,V Viyaskanth,0,0,,,,,,"",""
ball,3,8.1,Nondescripts Cricket Club,LU Igalagamage,K Mishara,KTH Ratnayake,0,0,,,,,,"",""
ball,3,8.2,Nondescripts Cricket Club,LU Igalagamage,K Mishara,KTH Ratnayake,4,0,,,,,,"",""
ball,3,8.3,Nondescripts Cricket Club,LU Igalagamage,K Mishara,KTH Ratnayake,4,0,,,,,,"",""
ball,3,8.4,Nondescripts Cricket Club,LU Igalagamage,K Mishara,KTH Ratnayake,0,0,,,,,,lbw,LU Igalagamage
ball,3,8.5,Nondescripts Cricket Club,A Wickramasinghe,K Mishara,KTH Ratnayake,0,0,,,,,,"",""
ball,3,8.6,Nondescripts Cricket Club,A Wickramasinghe,K Mishara,KTH Ratnayake,0,0,,,,,,"",""
ball,3,9.1,Nondescripts Cricket Club,K Mishara,A Wickramasinghe,V Viyaskanth,1,0,,,,,,"",""
ball,3,9.2,Nondescripts Cricket Club,A Wickramasinghe,K Mishara,V Viyaskanth,0,0,,,,,,"",""
ball,3,9.3,Nondescripts Cricket Club,A Wickramasinghe,K Mishara,V Viyaskanth,0,0,,,,,,"",""
ball,3,9.4,Nondescripts Cricket Club,A Wickramasinghe,K Mishara,V Viyaskanth,1,0,,,,,,"",""
ball,3,9.5,Nondescripts Cricket Club,K Mishara,A Wickramasinghe,V Viyaskanth,1,0,,,,,,"",""
ball,3,9.6,Nondescripts Cricket Club,A Wickramasinghe,K Mishara,V Viyaskanth,1,0,,,,,,"",""
ball,3,10.1,Nondescripts Cricket Club,A Wickramasinghe,K Mishara,KTH Ratnayake,1,0,,,,,,"",""
ball,3,10.2,Nondescripts Cricket Club,K Mishara,A Wickramasinghe,KTH Ratnayake,0,0,,,,,,"",""
ball,3,10.3,Nondescripts Cricket Club,K Mishara,A Wickramasinghe,KTH Ratnayake,1,0,,,,,,"",""
ball,3,10.4,Nondescripts Cricket Club,A Wickramasinghe,K Mishara,KTH Ratnayake,0,0,,,,,,"",""
ball,3,10.5,Nondescripts Cricket Club,A Wickramasinghe,K Mishara,KTH Ratnayake,1,0,,,,,,"",""
ball,3,10.6,Nondescripts Cricket Club,K Mishara,A Wickramasinghe,KTH Ratnayake,0,0,,,,,,"",""
ball,3,11.1,Nondescripts Cricket Club,A Wickramasinghe,K Mishara,V Viyaskanth,0,0,,,,,,"",""
ball,3,11.2,Nondescripts Cricket Club,A Wickramasinghe,K Mishara,V Viyaskanth,0,0,,,,,,"",""
ball,3,11.3,Nondescripts Cricket Club,A Wickramasinghe,K Mishara,V Viyaskanth,1,0,,,,,,"",""
ball,3,11.4,Nondescripts Cricket Club,K Mishara,A Wickramasinghe,V Viyaskanth,0,0,,,,,,"",""
ball,3,11.5,Nondescripts Cricket Club,K Mishara,A Wickramasinghe,V Viyaskanth,1,0,,,,,,"",""
ball,3,11.6,Nondescripts Cricket Club,A Wickramasinghe,K Mishara,V Viyaskanth,2,0,,,,,,"",""
ball,3,12.1,Nondescripts Cricket Club,K Mishara,A Wickramasinghe,KTH Ratnayake,0,0,,,,,,"",""
ball,3,12.2,Nondescripts Cricket Club,K Mishara,A Wickramasinghe,KTH Ratnayake,0,0,,,,,,"",""
ball,3,12.3,Nondescripts Cricket Club,K Mishara,A Wickramasinghe,KTH Ratnayake,0,0,,,,,,"",""
ball,3,12.4,Nondescripts Cricket Club,K Mishara,A Wickramasinghe,KTH Ratnayake,0,0,,,,,,"",""
ball,3,12.5,Nondescripts Cricket Club,K Mishara,A Wickramasinghe,KTH Ratnayake,1,0,,,,,,"",""
ball,3,12.6,Nondescripts Cricket Club,A Wickramasinghe,K Mishara,KTH Ratnayake,0,0,,,,,,"",""
ball,3,13.1,Nondescripts Cricket Club,K Mishara,A Wickramasinghe,V Viyaskanth,0,0,,,,,,"",""
ball,3,13.2,Nondescripts Cricket Club,K Mishara,A Wickramasinghe,V Viyaskanth,0,0,,,,,,"",""
ball,3,13.3,Nondescripts Cricket Club,K Mishara,A Wickramasinghe,V Viyaskanth,0,0,,,,,,"",""
ball,3,13.4,Nondescripts Cricket Club,K Mishara,A Wickramasinghe,V Viyaskanth,0,0,,,,,,"",""
ball,3,13.5,Nondescripts Cricket Club,K Mishara,A Wickramasinghe,V Viyaskanth,0,0,,,,,,"",""
ball,3,13.6,Nondescripts Cricket Club,K Mishara,A Wickramasinghe,V Viyaskanth,1,0,,,,,,"",""
ball,3,14.1,Nondescripts Cricket Club,K Mishara,A Wickramasinghe,KTH Ratnayake,0,0,,,,,,"",""
ball,3,14.2,Nondescripts Cricket Club,K Mishara,A Wickramasinghe,KTH Ratnayake,1,0,,,,,,"",""
ball,3,14.3,Nondescripts Cricket Club,A Wickramasinghe,K Mishara,KTH Ratnayake,1,0,,,,,,"",""
ball,3,14.4,Nondescripts Cricket Club,K Mishara,A Wickramasinghe,KTH Ratnayake,1,0,,,,,,"",""
ball,3,14.5,Nondescripts Cricket Club,A Wickramasinghe,K Mishara,KTH Ratnayake,0,0,,,,,,"",""
ball,3,14.6,Nondescripts Cricket Club,A Wickramasinghe,K Mishara,KTH Ratnayake,4,0,,,,,,"",""
ball,3,15.1,Nondescripts Cricket Club,K Mishara,A Wickramasinghe,V Viyaskanth,1,0,,,,,,"",""
ball,3,15.2,Nondescripts Cricket Club,A Wickramasinghe,K Mishara,V Viyaskanth,0,0,,,,,,"",""
ball,3,15.3,Nondescripts Cricket Club,A Wickramasinghe,K Mishara,V Viyaskanth,1,0,,,,,,"",""
ball,3,15.4,Nondescripts Cricket Club,K Mishara,A Wickramasinghe,V Viyaskanth,1,0,,,,,,"",""
ball,3,15.5,Nondescripts Cricket Club,A Wickramasinghe,K Mishara,V Viyaskanth,0,0,,,,,,"",""
ball,3,15.6,Nondescripts Cricket Club,A Wickramasinghe,K Mishara,V Viyaskanth,0,0,,,,,,"",""
ball,3,16.1,Nondescripts Cricket Club,K Mishara,A Wickramasinghe,V Thewmika,1,0,,,,,,"",""
ball,3,16.2,Nondescripts Cricket Club,A Wickramasinghe,K Mishara,V Thewmika,1,0,,,,,,"",""
ball,3,16.3,Nondescripts Cricket Club,K Mishara,A Wickramasinghe,V Thewmika,0,0,,,,,,"",""
ball,3,16.4,Nondescripts Cricket Club,K Mishara,A Wickramasinghe,V Thewmika,0,0,,,,,,"",""
ball,3,16.5,Nondescripts Cricket Club,K Mishara,A Wickramasinghe,V Thewmika,0,0,,,,,,"",""
ball,3,16.6,Nondescripts Cricket Club,K Mishara,A Wickramasinghe,V Thewmika,0,0,,,,,,"",""
ball,3,17.1,Nondescripts Cricket Club,A Wickramasinghe,K Mishara,V Viyaskanth,0,0,,,,,,"",""
ball,3,17.2,Nondescripts Cricket Club,A Wickramasinghe,K Mishara,V Viyaskanth,1,0,,,,,,"",""
ball,3,17.3,Nondescripts Cricket Club,K Mishara,A Wickramasinghe,V Viyaskanth,0,0,,,,,,"",""
ball,3,17.4,Nondescripts Cricket Club,K Mishara,A Wickramasinghe,V Viyaskanth,0,0,,,,,,"",""
ball,3,17.5,Nondescripts Cricket Club,K Mishara,A Wickramasinghe,V Viyaskanth,1,0,,,,,,"",""
ball,3,17.6,Nondescripts Cricket Club,A Wickramasinghe,K Mishara,V Viyaskanth,1,0,,,,,,"",""
ball,3,18.1,Nondescripts Cricket Club,A Wickramasinghe,K Mishara,V Thewmika,3,0,,,,,,"",""
ball,3,18.2,Nondescripts Cricket Club,K Mishara,A Wickramasinghe,V Thewmika,0,0,,,,,,"",""
ball,3,18.3,Nondescripts Cricket Club,K Mishara,A Wickramasinghe,V Thewmika,1,0,,,,,,"",""
ball,3,18.4,Nondescripts Cricket Club,A Wickramasinghe,K Mishara,V Thewmika,1,0,,,,,,"",""
ball,3,18.5,Nondescripts Cricket Club,K Mishara,A Wickramasinghe,V Thewmika,0,0,,,,,,"",""
ball,3,18.6,Nondescripts Cricket Club,K Mishara,A Wickramasinghe,V Thewmika,0,0,,,,,,"",""
ball,3,19.1,Nondescripts Cricket Club,A Wickramasinghe,K Mishara,V Viyaskanth,1,0,,,,,,"",""
ball,3,19.2,Nondescripts Cricket Club,K Mishara,A Wickramasinghe,V Viyaskanth,1,0,,,,,,"",""
ball,3,19.3,Nondescripts Cricket Club,A Wickramasinghe,K Mishara,V Viyaskanth,0,0,,,,,,"",""
ball,3,19.4,Nondescripts Cricket Club,A Wickramasinghe,K Mishara,V Viyaskanth,1,0,,,,,,"",""
ball,3,19.5,Nondescripts Cricket Club,K Mishara,A Wickramasinghe,V Viyaskanth,0,0,,,,,,"",""
ball,3,19.6,Nondescripts Cricket Club,K Mishara,A Wickramasinghe,V Viyaskanth,0,0,,,,,,"",""
ball,3,20.1,Nondescripts Cricket Club,A Wickramasinghe,K Mishara,V Thewmika,2,0,,,,,,"",""
ball,3,20.2,Nondescripts Cricket Club,A Wickramasinghe,K Mishara,V Thewmika,1,0,,,,,,"",""
ball,3,20.3,Nondescripts Cricket Club,K Mishara,A Wickramasinghe,V Thewmika,1,0,,,,,,"",""
ball,3,20.4,Nondescripts Cricket Club,A Wickramasinghe,K Mishara,V Thewmika,0,0,,,,,,"",""
ball,3,20.5,Nondescripts Cricket Club,A Wickramasinghe,K Mishara,V Thewmika,0,0,,,,,,"",""
ball,3,20.6,Nondescripts Cricket Club,A Wickramasinghe,K Mishara,V Thewmika,2,0,,,,,,"",""
ball,3,21.1,Nondescripts Cricket Club,K Mishara,A Wickramasinghe,KTH Ratnayake,0,0,,,,,,"",""
ball,3,21.2,Nondescripts Cricket Club,K Mishara,A Wickramasinghe,KTH Ratnayake,0,0,,,,,,"",""
ball,3,21.3,Nondescripts Cricket Club,K Mishara,A Wickramasinghe,KTH Ratnayake,1,0,,,,,,"",""
ball,3,21.4,Nondescripts Cricket Club,A Wickramasinghe,K Mishara,KTH Ratnayake,1,0,,,,,,"",""
ball,3,21.5,Nondescripts Cricket Club,K Mishara,A Wickramasinghe,KTH Ratnayake,1,0,,,,,,"",""
ball,3,21.6,Nondescripts Cricket Club,A Wickramasinghe,K Mishara,KTH Ratnayake,1,0,,,,,,"",""
ball,3,22.1,Nondescripts Cricket Club,A Wickramasinghe,K Mishara,V Thewmika,0,0,,,,,,"",""
ball,3,22.2,Nondescripts Cricket Club,A Wickramasinghe,K Mishara,V Thewmika,1,0,,,,,,"",""
ball,3,22.3,Nondescripts Cricket Club,K Mishara,A Wickramasinghe,V Thewmika,0,0,,,,,,"",""
ball,3,22.4,Nondescripts Cricket Club,K Mishara,A Wickramasinghe,V Thewmika,0,0,,,,,,"",""
ball,3,22.5,Nondescripts Cricket Club,K Mishara,A Wickramasinghe,V Thewmika,2,0,,,,,,"",""
ball,3,22.6,Nondescripts Cricket Club,K Mishara,A Wickramasinghe,V Thewmika,0,0,,,,,,"",""
ball,3,23.1,Nondescripts Cricket Club,A Wickramasinghe,K Mishara,KTH Ratnayake,1,0,,,,,,"",""
ball,3,23.2,Nondescripts Cricket Club,K Mishara,A Wickramasinghe,KTH Ratnayake,4,0,,,,,,"",""
ball,3,23.3,Nondescripts Cricket Club,K Mishara,A Wickramasinghe,KTH Ratnayake,0,0,,,,,,"",""
ball,3,23.4,Nondescripts Cricket Club,K Mishara,A Wickramasinghe,KTH Ratnayake,4,0,,,,,,"",""
ball,3,23.5,Nondescripts Cricket Club,K Mishara,A Wickramasinghe,KTH Ratnayake,0,0,,,,,,"",""
ball,3,23.6,Nondescripts Cricket Club,K Mishara,A Wickramasinghe,KTH Ratnayake,0,0,,,,,,"",""
ball,3,24.1,Nondescripts Cricket Club,A Wickramasinghe,K Mishara,V Thewmika,0,0,,,,,,"",""
ball,3,24.2,Nondescripts Cricket Club,A Wickramasinghe,K Mishara,V Thewmika,0,0,,,,,,"",""
ball,3,24.3,Nondescripts Cricket Club,A Wickramasinghe,K Mishara,V Thewmika,1,0,,,,,,"",""
ball,3,24.4,Nondescripts Cricket Club,K Mishara,A Wickramasinghe,V Thewmika,0,0,,,,,,"",""
ball,3,24.5,Nondescripts Cricket Club,K Mishara,A Wickramasinghe,V Thewmika,0,0,,,,,,"",""
ball,3,24.6,Nondescripts Cricket Club,K Mishara,A Wickramasinghe,V Thewmika,2,0,,,,,,"",""
ball,3,25.1,Nondescripts Cricket Club,A Wickramasinghe,K Mishara,KTH Ratnayake,0,0,,,,,,"",""
ball,3,25.2,Nondescripts Cricket Club,A Wickramasinghe,K Mishara,KTH Ratnayake,0,0,,,,,,"",""
ball,3,25.3,Nondescripts Cricket Club,A Wickramasinghe,K Mishara,KTH Ratnayake,0,0,,,,,,"",""
ball,3,25.4,Nondescripts Cricket Club,A Wickramasinghe,K Mishara,KTH Ratnayake,1,0,,,,,,"",""
ball,3,25.5,Nondescripts Cricket Club,K Mishara,A Wickramasinghe,KTH Ratnayake,0,0,,,,,,"",""
ball,3,25.6,Nondescripts Cricket Club,K Mishara,A Wickramasinghe,KTH Ratnayake,1,0,,,,,,"",""
ball,3,26.1,Nondescripts Cricket Club,K Mishara,A Wickramasinghe,ND Paranavithana,0,0,,,,,,"",""
ball,3,26.2,Nondescripts Cricket Club,K Mishara,A Wickramasinghe,ND Paranavithana,0,0,,,,,,"",""
ball,3,26.3,Nondescripts Cricket Club,K Mishara,A Wickramasinghe,ND Paranavithana,1,0,,,,,,"",""
ball,3,26.4,Nondescripts Cricket Club,A Wickramasinghe,K Mishara,ND Paranavithana,0,0,,,,,,"",""
ball,3,26.5,Nondescripts Cricket Club,A Wickramasinghe,K Mishara,ND Paranavithana,0,0,,,,,,"",""
ball,3,26.6,Nondescripts Cricket Club,A Wickramasinghe,K Mishara,ND Paranavithana,0,0,,,,,,"",""
ball,3,27.1,Nondescripts Cricket Club,K Mishara,A Wickramasinghe,KTH Ratnayake,0,0,,,,,,"",""
ball,3,27.2,Nondescripts Cricket Club,K Mishara,A Wickramasinghe,KTH Ratnayake,0,0,,,,,,"",""
ball,3,27.3,Nondescripts Cricket Club,K Mishara,A Wickramasinghe,KTH Ratnayake,0,0,,,,,,"",""
ball,3,27.4,Nondescripts Cricket Club,K Mishara,A Wickramasinghe,KTH Ratnayake,0,0,,,,,,"",""
ball,3,27.5,Nondescripts Cricket Club,K Mishara,A Wickramasinghe,KTH Ratnayake,1,0,,,,,,"",""
ball,3,27.6,Nondescripts Cricket Club,A Wickramasinghe,K Mishara,KTH Ratnayake,0,0,,,,,,"",""
ball,3,28.1,Nondescripts Cricket Club,K Mishara,A Wickramasinghe,ND Paranavithana,1,0,,,,,,"",""
ball,3,28.2,Nondescripts Cricket Club,A Wickramasinghe,K Mishara,ND Paranavithana,0,0,,,,,,"",""
ball,3,28.3,Nondescripts Cricket Club,A Wickramasinghe,K Mishara,ND Paranavithana,4,0,,,,,,"",""
ball,3,28.4,Nondescripts Cricket Club,A Wickramasinghe,K Mishara,ND Paranavithana,1,0,,,,,,"",""
ball,3,28.5,Nondescripts Cricket Club,K Mishara,A Wickramasinghe,ND Paranavithana,0,0,,,,,,bowled,K Mishara
ball,3,28.6,Nondescripts Cricket Club,SSD Arachchige,A Wickramasinghe,ND Paranavithana,0,0,,,,,,"",""
ball,3,29.1,Nondescripts Cricket Club,A Wickramasinghe,SSD Arachchige,KTH Ratnayake,1,0,,,,,,"",""
ball,3,29.2,Nondescripts Cricket Club,SSD Arachchige,A Wickramasinghe,KTH Ratnayake,0,0,,,,,,"",""
ball,3,29.3,Nondescripts Cricket Club,SSD Arachchige,A Wickramasinghe,KTH Ratnayake,0,0,,,,,,"",""
ball,3,29.4,Nondescripts Cricket Club,SSD Arachchige,A Wickramasinghe,KTH Ratnayake,0,0,,,,,,"",""
ball,3,29.5,Nondescripts Cricket Club,SSD Arachchige,A Wickramasinghe,KTH Ratnayake,0,1,,1,,,,"",""
ball,3,29.6,Nondescripts Cricket Club,SSD Arachchige,A Wickramasinghe,KTH Ratnayake,1,0,,,,,,"",""
ball,3,29.7,Nondescripts Cricket Club,A Wickramasinghe,SSD Arachchige,KTH Ratnayake,2,0,,,,,,"",""
ball,3,30.1,Nondescripts Cricket Club,SSD Arachchige,A Wickramasinghe,ND Paranavithana,1,0,,,,,,"",""
ball,3,30.2,Nondescripts Cricket Club,A Wickramasinghe,SSD Arachchige,ND Paranavithana,0,0,,,,,,"",""
ball,3,30.3,Nondescripts Cricket Club,A Wickramasinghe,SSD Arachchige,ND Paranavithana,1,0,,,,,,"",""
ball,3,30.4,Nondescripts Cricket Club,SSD Arachchige,A Wickramasinghe,ND Paranavithana,0,0,,,,,,"",""
ball,3,30.5,Nondescripts Cricket Club,SSD Arachchige,A Wickramasinghe,ND Paranavithana,0,0,,,,,,"",""
ball,3,30.6,Nondescripts Cricket Club,SSD Arachchige,A Wickramasinghe,ND Paranavithana,0,2,,,,2,,"",""
ball,3,31.1,Nondescripts Cricket Club,A Wickramasinghe,SSD Arachchige,V Viyaskanth,1,0,,,,,,"",""
ball,3,31.2,Nondescripts Cricket Club,SSD Arachchige,A Wickramasinghe,V Viyaskanth,4,0,,,,,,"",""
ball,3,31.3,Nondescripts Cricket Club,SSD Arachchige,A Wickramasinghe,V Viyaskanth,0,0,,,,,,"",""
ball,3,31.4,Nondescripts Cricket Club,SSD Arachchige,A Wickramasinghe,V Viyaskanth,1,0,,,,,,"",""
ball,3,31.5,Nondescripts Cricket Club,A Wickramasinghe,SSD Arachchige,V Viyaskanth,2,0,,,,,,"",""
ball,3,31.6,Nondescripts Cricket Club,A Wickramasinghe,SSD Arachchige,V Viyaskanth,1,0,,,,,,"",""
ball,3,32.1,Nondescripts Cricket Club,A Wickramasinghe,SSD Arachchige,ND Paranavithana,0,0,,,,,,"",""
ball,3,32.2,Nondescripts Cricket Club,A Wickramasinghe,SSD Arachchige,ND Paranavithana,0,0,,,,,,"",""
ball,3,32.3,Nondescripts Cricket Club,A Wickramasinghe,SSD Arachchige,ND Paranavithana,0,0,,,,,,"",""
ball,3,32.4,Nondescripts Cricket Club,A Wickramasinghe,SSD Arachchige,ND Paranavithana,0,0,,,,,,"",""
ball,3,32.5,Nondescripts Cricket Club,A Wickramasinghe,SSD Arachchige,ND Paranavithana,0,0,,,,,,"",""
ball,3,32.6,Nondescripts Cricket Club,A Wickramasinghe,SSD Arachchige,ND Paranavithana,0,0,,,,,,"",""
ball,3,33.1,Nondescripts Cricket Club,SSD Arachchige,A Wickramasinghe,V Thewmika,0,0,,,,,,"",""
ball,3,33.2,Nondescripts Cricket Club,SSD Arachchige,A Wickramasinghe,V Thewmika,4,0,,,,,,"",""
ball,3,33.3,Nondescripts Cricket Club,SSD Arachchige,A Wickramasinghe,V Thewmika,2,0,,,,,,"",""
ball,3,33.4,Nondescripts Cricket Club,SSD Arachchige,A Wickramasinghe,V Thewmika,0,0,,,,,,"",""
ball,3,33.5,Nondescripts Cricket Club,SSD Arachchige,A Wickramasinghe,V Thewmika,0,0,,,,,,"",""
ball,3,33.6,Nondescripts Cricket Club,SSD Arachchige,A Wickramasinghe,V Thewmika,0,0,,,,,,"",""
ball,3,34.1,Nondescripts Cricket Club,A Wickramasinghe,SSD Arachchige,ND Paranavithana,0,0,,,,,,"",""
ball,3,34.2,Nondescripts Cricket Club,A Wickramasinghe,SSD Arachchige,ND Paranavithana,0,0,,,,,,"",""
ball,3,34.3,Nondescripts Cricket Club,A Wickramasinghe,SSD Arachchige,ND Paranavithana,0,0,,,,,,"",""
ball,3,34.4,Nondescripts Cricket Club,A Wickramasinghe,SSD Arachchige,ND Paranavithana,1,0,,,,,,"",""
ball,3,34.5,Nondescripts Cricket Club,SSD Arachchige,A Wickramasinghe,ND Paranavithana,0,2,,,2,,,"",""
ball,3,34.6,Nondescripts Cricket Club,SSD Arachchige,A Wickramasinghe,ND Paranavithana,0,0,,,,,,"",""
ball,3,35.1,Nondescripts Cricket Club,A Wickramasinghe,SSD Arachchige,V Thewmika,0,0,,,,,,"",""
ball,3,35.2,Nondescripts Cricket Club,A Wickramasinghe,SSD Arachchige,V Thewmika,0,0,,,,,,"",""
ball,3,35.3,Nondescripts Cricket Club,A Wickramasinghe,SSD Arachchige,V Thewmika,0,0,,,,,,"",""
ball,3,35.4,Nondescripts Cricket Club,A Wickramasinghe,SSD Arachchige,V Thewmika,0,0,,,,,,"",""
ball,3,35.5,Nondescripts Cricket Club,A Wickramasinghe,SSD Arachchige,V Thewmika,1,0,,,,,,"",""
ball,3,35.6,Nondescripts Cricket Club,SSD Arachchige,A Wickramasinghe,V Thewmika,1,0,,,,,,"",""
ball,3,36.1,Nondescripts Cricket Club,SSD Arachchige,A Wickramasinghe,ND Paranavithana,0,0,,,,,,"",""
ball,3,36.2,Nondescripts Cricket Club,SSD Arachchige,A Wickramasinghe,ND Paranavithana,1,0,,,,,,"",""
ball,3,36.3,Nondescripts Cricket Club,A Wickramasinghe,SSD Arachchige,ND Paranavithana,0,0,,,,,,"",""
ball,3,36.4,Nondescripts Cricket Club,A Wickramasinghe,SSD Arachchige,ND Paranavithana,0,0,,,,,,"",""
ball,3,36.5,Nondescripts Cricket Club,A Wickramasinghe,SSD Arachchige,ND Paranavithana,1,0,,,,,,"",""
ball,3,36.6,Nondescripts Cricket Club,SSD Arachchige,A Wickramasinghe,ND Paranavithana,0,0,,,,,,"",""
ball,3,37.1,Nondescripts Cricket Club,A Wickramasinghe,SSD Arachchige,V Thewmika,0,0,,,,,,"",""
ball,3,37.2,Nondescripts Cricket Club,A Wickramasinghe,SSD Arachchige,V Thewmika,0,0,,,,,,lbw,A Wickramasinghe
ball,3,37.3,Nondescripts Cricket Club,C Karunaratne,SSD Arachchige,V Thewmika,0,0,,,,,,"",""
ball,3,37.4,Nondescripts Cricket Club,C Karunaratne,SSD Arachchige,V Thewmika,1,0,,,,,,"",""
ball,3,37.5,Nondescripts Cricket Club,SSD Arachchige,C Karunaratne,V Thewmika,0,0,,,,,,"",""
ball,3,37.6,Nondescripts Cricket Club,SSD Arachchige,C Karunaratne,V Thewmika,4,0,,,,,,"",""
ball,3,38.1,Nondescripts Cricket Club,C Karunaratne,SSD Arachchige,ND Paranavithana,0,0,,,,,,"",""
ball,3,38.2,Nondescripts Cricket Club,C Karunaratne,SSD Arachchige,ND Paranavithana,0,0,,,,,,"",""
ball,3,38.3,Nondescripts Cricket Club,C Karunaratne,SSD Arachchige,ND Paranavithana,0,0,,,,,,"",""
ball,3,38.4,Nondescripts Cricket Club,C Karunaratne,SSD Arachchige,ND Paranavithana,0,0,,,,,,"",""
ball,3,38.5,Nondescripts Cricket Club,C Karunaratne,SSD Arachchige,ND Paranavithana,0,0,,,,,,"",""
ball,3,38.6,Nondescripts Cricket Club,C Karunaratne,SSD Arachchige,ND Paranavithana,0,0,,,,,,"",""
ball,3,39.1,Nondescripts Cricket Club,SSD Arachchige,C Karunaratne,V Thewmika,0,0,,,,,,"",""
ball,3,39.2,Nondescripts Cricket Club,SSD Arachchige,C Karunaratne,V Thewmika,0,0,,,,,,"",""
ball,3,39.3,Nondescripts Cricket Club,SSD Arachchige,C Karunaratne,V Thewmika,0,0,,,,,,"",""
ball,3,39.4,Nondescripts Cricket Club,SSD Arachchige,C Karunaratne,V Thewmika,0,0,,,,,,"",""
ball,3,39.5,Nondescripts Cricket Club,SSD Arachchige,C Karunaratne,V Thewmika,0,0,,,,,,"",""
ball,3,39.6,Nondescripts Cricket Club,SSD Arachchige,C Karunaratne,V Thewmika,0,0,,,,,,"",""
ball,3,40.1,Nondescripts Cricket Club,C Karunaratne,SSD Arachchige,ND Paranavithana,0,0,,,,,,"",""
ball,3,40.2,Nondescripts Cricket Club,C Karunaratne,SSD Arachchige,ND Paranavithana,0,0,,,,,,bowled,C Karunaratne
ball,3,40.3,Nondescripts Cricket Club,Kaveen Bandara,SSD Arachchige,ND Paranavithana,0,0,,,,,,"",""
ball,3,40.4,Nondescripts Cricket Club,Kaveen Bandara,SSD Arachchige,ND Paranavithana,0,0,,,,,,"",""
ball,3,40.5,Nondescripts Cricket Club,Kaveen Bandara,SSD Arachchige,ND Paranavithana,1,0,,,,,,"",""
ball,3,40.6,Nondescripts Cricket Club,SSD Arachchige,Kaveen Bandara,ND Paranavithana,1,0,,,,,,"",""
ball,3,41.1,Nondescripts Cricket Club,SSD Arachchige,Kaveen Bandara,V Thewmika,4,0,,,,,,"",""
ball,3,41.2,Nondescripts Cricket Club,SSD Arachchige,Kaveen Bandara,V Thewmika,2,0,,,,,,"",""
ball,3,41.3,Nondescripts Cricket Club,SSD Arachchige,Kaveen Bandara,V Thewmika,0,1,,1,,,,"",""
ball,3,41.4,Nondescripts Cricket Club,SSD Arachchige,Kaveen Bandara,V Thewmika,2,0,,,,,,"",""
ball,3,41.5,Nondescripts Cricket Club,SSD Arachchige,Kaveen Bandara,V Thewmika,0,0,,,,,,"",""
ball,3,41.6,Nondescripts Cricket Club,SSD Arachchige,Kaveen Bandara,V Thewmika,0,0,,,,,,"",""
ball,3,41.7,Nondescripts Cricket Club,SSD Arachchige,Kaveen Bandara,V Thewmika,0,0,,,,,,"",""
ball,3,42.1,Nondescripts Cricket Club,Kaveen Bandara,SSD Arachchige,KTH Ratnayake,0,0,,,,,,caught,Kaveen Bandara
ball,3,42.2,Nondescripts Cricket Club,A Daniel,SSD Arachchige,KTH Ratnayake,0,0,,,,,,"",""
ball,3,42.3,Nondescripts Cricket Club,A Daniel,SSD Arachchige,KTH Ratnayake,0,0,,,,,,"",""
ball,3,42.4,Nondescripts Cricket Club,A Daniel,SSD Arachchige,KTH Ratnayake,0,0,,,,,,"",""
ball,3,42.5,Nondescripts Cricket Club,A Daniel,SSD Arachchige,KTH Ratnayake,0,0,,,,,,"",""
ball,3,42.6,Nondescripts Cricket Club,A Daniel,SSD Arachchige,KTH Ratnayake,0,0,,,,,,"",""
ball,3,43.1,Nondescripts Cricket Club,SSD Arachchige,A Daniel,V Thewmika,0,0,,,,,,"",""
ball,3,43.2,Nondescripts Cricket Club,SSD Arachchige,A Daniel,V Thewmika,1,0,,,,,,"",""
ball,3,43.3,Nondescripts Cricket Club,A Daniel,SSD Arachchige,V Thewmika,0,0,,,,,,"",""
ball,3,43.4,Nondescripts Cricket Club,A Daniel,SSD Arachchige,V Thewmika,0,0,,,,,,caught and bowled,A Daniel
ball,3,43.5,Nondescripts Cricket Club,A Sigera,SSD Arachchige,V Thewmika,1,0,,,,,,"",""
ball,3,43.6,Nondescripts Cricket Club,SSD Arachchige,A Sigera,V Thewmika,1,0,,,,,,"",""
ball,3,44.1,Nondescripts Cricket Club,SSD Arachchige,A Sigera,KTH Ratnayake,0,0,,,,,,"",""
ball,3,44.2,Nondescripts Cricket Club,SSD Arachchige,A Sigera,KTH Ratnayake,1,0,,,,,,"",""
ball,3,44.3,Nondescripts Cricket Club,A Sigera,SSD Arachchige,KTH Ratnayake,0,0,,,,,,"",""
ball,3,44.4,Nondescripts Cricket Club,A Sigera,SSD Arachchige,KTH Ratnayake,0,2,,,2,,,"",""
ball,3,44.5,Nondescripts Cricket Club,A Sigera,SSD Arachchige,KTH Ratnayake,0,0,,,,,,"",""
ball,3,44.6,Nondescripts Cricket Club,A Sigera,SSD Arachchige,KTH Ratnayake,0,0,,,,,,"",""
