version,1.7.0
info,balls_per_over,6
info,team,Bloomfield Cricket and Athletic Club
info,team,Negombo Cricket Club
info,gender,male
info,season,2024/25
info,date,2025/01/24
info,date,2025/01/25
info,date,2025/01/26
info,event,Major League Tournament
info,venue,"Bloomfield Cricket and Athletic Club Ground, Colombo"
info,city,Colombo
info,toss_winner,Negombo Cricket Club
info,toss_decision,field
info,umpire,RA Kottahachchi
info,umpire,PSR Fonseka
info,match_referee,SM Faumi
info,outcome,draw
info,player,Bloomfield Cricket and Athletic Club,RK Chandraguptha
info,player,Bloomfield Cricket and Athletic Club,KY de Silva
info,player,Bloomfield Cricket and Athletic Club,H Boyagoda
info,player,Bloomfield Cricket and Athletic Club,ALKL Abeyrathne
info,player,Bloomfield Cricket and Athletic Club,KPNM Karunanayake
info,player,Bloomfield Cricket and Athletic Club,M Premaratne
info,player,Bloomfield Cricket and Athletic Club,RS Fernando
info,player,Bloomfield Cricket and Athletic Club,LD Madushanka
info,player,Bloomfield Cricket and Athletic Club,TN Guruge
info,player,Bloomfield Cricket and Athletic Club,I Wijesundera
info,player,Bloomfield Cricket and Athletic Club,S Nanayakkare
info,player,Negombo Cricket Club,Pasindu Lakshanka
info,player,Negombo Cricket Club,AJADDLA Jayasinghe
info,player,Negombo Cricket Club,D Sandaruwan
info,player,Negombo Cricket Club,EMDY Munaweera
info,player,Negombo Cricket Club,HS Liyanage
info,player,Negombo Cricket Club,P Maduwantha
info,player,Negombo Cricket Club,MS Warnapura
info,player,Negombo Cricket Club,PSU Fernando
info,player,Negombo Cricket Club,HHD Sandaruwan
info,player,Negombo Cricket Club,SADU Indrasiri
info,player,Negombo Cricket Club,WRC Fernando
info,registry,people,A Wanninayake,13ef4457
info,registry,people,AJADDLA Jayasinghe,fc93fc6c
info,registry,people,ALKL Abeyrathne,ee3a3a7f
info,registry,people,D Sandaruwan,05dccc0e
info,registry,people,EMDY Munaweera,5a22d91c
info,registry,people,H Boyagoda,648e673c
info,registry,people,HHD Sandaruwan,024a4869
info,registry,people,HS Liyanage,8505bd55
info,registry,people,I Wijesundera,be620896
info,registry,people,KPNM Karunanayake,532cc5b8
info,registry,people,KY de Silva,7d6a98dc
info,registry,people,LD Madushanka,de063a39
info,registry,people,M Premaratne,7677ef70
info,registry,people,MS Warnapura,f2626fc9
info,registry,people,P Maduwantha,bb716014
info,registry,people,PSR Fonseka,8fd2cea5
info,registry,people,PSU Fernando,dd43dd57
info,registry,people,Pasindu Lakshanka,d60205f5
info,registry,people,RA Kottahachchi,808f2939
info,registry,people,RK Chandraguptha,f51ed6ad
info,registry,people,RS Fernando,24d72446
info,registry,people,S Nanayakkare,1b2016bc
info,registry,people,SADU Indrasiri,9964bc97
info,registry,people,SM Faumi,be5bf288
info,registry,people,TN Guruge,6adee1a9
info,registry,people,WRC Fernando,d58358e9
ball,1,0.1,Bloomfield Cricket and Athletic Club,RK Chandraguptha,KY de Silva,WRC Fernando,0,0,,,,,,"",""
ball,1,0.2,Bloomfield Cricket and Athletic Club,RK Chandraguptha,KY de Silva,WRC Fernando,0,0,,,,,,"",""
ball,1,0.3,Bloomfield Cricket and Athletic Club,RK Chandraguptha,KY de Silva,WRC Fernando,0,0,,,,,,"",""
ball,1,0.4,Bloomfield Cricket and Athletic Club,RK Chandraguptha,KY de Silva,WRC Fernando,0,0,,,,,,"",""
ball,1,0.5,Bloomfield Cricket and Athletic Club,RK Chandraguptha,KY de Silva,WRC Fernando,0,0,,,,,,"",""
ball,1,0.6,Bloomfield Cricket and Athletic Club,RK Chandraguptha,KY de Silva,WRC Fernando,0,0,,,,,,"",""
ball,1,1.1,Bloomfield Cricket and Athletic Club,KY de Silva,RK Chandraguptha,MS Warnapura,0,0,,,,,,"",""
ball,1,1.2,Bloomfield Cricket and Athletic Club,KY de Silva,RK Chandraguptha,MS Warnapura,1,0,,,,,,"",""
ball,1,1.3,Bloomfield Cricket and Athletic Club,RK Chandraguptha,KY de Silva,MS Warnapura,0,0,,,,,,"",""
ball,1,1.4,Bloomfield Cricket and Athletic Club,RK Chandraguptha,KY de Silva,MS Warnapura,0,0,,,,,,"",""
ball,1,1.5,Bloomfield Cricket and Athletic Club,RK Chandraguptha,KY de Silva,MS Warnapura,0,0,,,,,,"",""
ball,1,1.6,Bloomfield Cricket and Athletic Club,RK Chandraguptha,KY de Silva,MS Warnapura,0,0,,,,,,caught and bowled,RK Chandraguptha
ball,1,2.1,Bloomfield Cricket and Athletic Club,KY de Silva,H Boyagoda,WRC Fernando,0,0,,,,,,"",""
ball,1,2.2,Bloomfield Cricket and Athletic Club,KY de Silva,H Boyagoda,WRC Fernando,1,0,,,,,,"",""
ball,1,2.3,Bloomfield Cricket and Athletic Club,H Boyagoda,KY de Silva,WRC Fernando,0,0,,,,,,"",""
ball,1,2.4,Bloomfield Cricket and Athletic Club,H Boyagoda,KY de Silva,WRC Fernando,0,0,,,,,,"",""
ball,1,2.5,Bloomfield Cricket and Athletic Club,H Boyagoda,KY de Silva,WRC Fernando,0,0,,,,,,"",""
ball,1,2.6,Bloomfield Cricket and Athletic Club,H Boyagoda,KY de Silva,WRC Fernando,0,0,,,,,,"",""
ball,1,3.1,Bloomfield Cricket and Athletic Club,KY de Silva,H Boyagoda,MS Warnapura,0,0,,,,,,"",""
ball,1,3.2,Bloomfield Cricket and Athletic Club,KY de Silva,H Boyagoda,MS Warnapura,0,0,,,,,,"",""
ball,1,3.3,Bloomfield Cricket and Athletic Club,KY de Silva,H Boyagoda,MS Warnapura,0,0,,,,,,"",""
ball,1,3.4,Bloomfield Cricket and Athletic Club,KY de Silva,H Boyagoda,MS Warnapura,0,0,,,,,,"",""
ball,1,3.5,Bloomfield Cricket and Athletic Club,KY de Silva,H Boyagoda,MS Warnapura,0,0,,,,,,"",""
ball,1,3.6,Bloomfield Cricket and Athletic Club,KY de Silva,H Boyagoda,MS Warnapura,0,0,,,,,,"",""
ball,1,4.1,Bloomfield Cricket and Athletic Club,H Boyagoda,KY de Silva,WRC Fernando,0,0,,,,,,"",""
ball,1,4.2,Bloomfield Cricket and Athletic Club,H Boyagoda,KY de Silva,WRC Fernando,4,0,,,,,,"",""
ball,1,4.3,Bloomfield Cricket and Athletic Club,H Boyagoda,KY de Silva,WRC Fernando,1,0,,,,,,"",""
ball,1,4.4,Bloomfield Cricket and Athletic Club,KY de Silva,H Boyagoda,WRC Fernando,1,0,,,,,,"",""
ball,1,4.5,Bloomfield Cricket and Athletic Club,H Boyagoda,KY de Silva,WRC Fernando,0,0,,,,,,"",""
ball,1,4.6,Bloomfield Cricket and Athletic Club,H Boyagoda,KY de Silva,WRC Fernando,0,0,,,,,,"",""
ball,1,5.1,Bloomfield Cricket and Athletic Club,KY de Silva,H Boyagoda,EMDY Munaweera,0,0,,,,,,"",""
ball,1,5.2,Bloomfield Cricket and Athletic Club,KY de Silva,H Boyagoda,EMDY Munaweera,0,0,,,,,,"",""
ball,1,5.3,Bloomfield Cricket and Athletic Club,KY de Silva,H Boyagoda,EMDY Munaweera,0,0,,,,,,"",""
ball,1,5.4,Bloomfield Cricket and Athletic Club,KY de Silva,H Boyagoda,EMDY Munaweera,0,0,,,,,,"",""
ball,1,5.5,Bloomfield Cricket and Athletic Club,KY de Silva,H Boyagoda,EMDY Munaweera,0,0,,,,,,"",""
ball,1,5.6,Bloomfield Cricket and Athletic Club,KY de Silva,H Boyagoda,EMDY Munaweera,0,0,,,,,,"",""
ball,1,6.1,Bloomfield Cricket and Athletic Club,H Boyagoda,KY de Silva,MS Warnapura,0,0,,,,,,"",""
ball,1,6.2,Bloomfield Cricket and Athletic Club,H Boyagoda,KY de Silva,MS Warnapura,0,0,,,,,,"",""
ball,1,6.3,Bloomfield Cricket and Athletic Club,H Boyagoda,KY de Silva,MS Warnapura,4,0,,,,,,"",""
ball,1,6.4,Bloomfield Cricket and Athletic Club,H Boyagoda,KY de Silva,MS Warnapura,0,0,,,,,,"",""
ball,1,6.5,Bloomfield Cricket and Athletic Club,H Boyagoda,KY de Silva,MS Warnapura,0,0,,,,,,"",""
ball,1,6.6,Bloomfield Cricket and Athletic Club,H Boyagoda,KY de Silva,MS Warnapura,0,0,,,,,,"",""
ball,1,7.1,Bloomfield Cricket and Athletic Club,KY de Silva,H Boyagoda,EMDY Munaweera,0,0,,,,,,"",""
ball,1,7.2,Bloomfield Cricket and Athletic Club,KY de Silva,H Boyagoda,EMDY Munaweera,1,0,,,,,,"",""
ball,1,7.3,Bloomfield Cricket and Athletic Club,H Boyagoda,KY de Silva,EMDY Munaweera,1,0,,,,,,"",""
ball,1,7.4,Bloomfield Cricket and Athletic Club,KY de Silva,H Boyagoda,EMDY Munaweera,0,0,,,,,,"",""
ball,1,7.5,Bloomfield Cricket and Athletic Club,KY de Silva,H Boyagoda,EMDY Munaweera,0,0,,,,,,"",""
ball,1,7.6,Bloomfield Cricket and Athletic Club,KY de Silva,H Boyagoda,EMDY Munaweera,0,0,,,,,,"",""
ball,1,8.1,Bloomfield Cricket and Athletic Club,H Boyagoda,KY de Silva,D Sandaruwan,0,0,,,,,,"",""
ball,1,8.2,Bloomfield Cricket and Athletic Club,H Boyagoda,KY de Silva,D Sandaruwan,0,0,,,,,,"",""
ball,1,8.3,Bloomfield Cricket and Athletic Club,H Boyagoda,KY de Silva,D Sandaruwan,0,0,,,,,,"",""
ball,1,8.4,Bloomfield Cricket and Athletic Club,H Boyagoda,KY de Silva,D Sandaruwan,0,0,,,,,,"",""
ball,1,8.5,Bloomfield Cricket and Athletic Club,H Boyagoda,KY de Silva,D Sandaruwan,0,0,,,,,,"",""
ball,1,8.6,Bloomfield Cricket and Athletic Club,H Boyagoda,KY de Silva,D Sandaruwan,0,0,,,,,,"",""
ball,1,9.1,Bloomfield Cricket and Athletic Club,KY de Silva,H Boyagoda,MS Warnapura,0,0,,,,,,"",""
ball,1,9.2,Bloomfield Cricket and Athletic Club,KY de Silva,H Boyagoda,MS Warnapura,0,0,,,,,,"",""
ball,1,9.3,Bloomfield Cricket and Athletic Club,KY de Silva,H Boyagoda,MS Warnapura,0,0,,,,,,"",""
ball,1,9.4,Bloomfield Cricket and Athletic Club,KY de Silva,H Boyagoda,MS Warnapura,0,0,,,,,,"",""
ball,1,9.5,Bloomfield Cricket and Athletic Club,KY de Silva,H Boyagoda,MS Warnapura,1,0,,,,,,"",""
ball,1,9.6,Bloomfield Cricket and Athletic Club,H Boyagoda,KY de Silva,MS Warnapura,1,0,,,,,,"",""
ball,1,10.1,Bloomfield Cricket and Athletic Club,H Boyagoda,KY de Silva,D Sandaruwan,4,0,,,,,,"",""
ball,1,10.2,Bloomfield Cricket and Athletic Club,H Boyagoda,KY de Silva,D Sandaruwan,0,0,,,,,,"",""
ball,1,10.3,Bloomfield Cricket and Athletic Club,H Boyagoda,KY de Silva,D Sandaruwan,0,0,,,,,,"",""
ball,1,10.4,Bloomfield Cricket and Athletic Club,H Boyagoda,KY de Silva,D Sandaruwan,1,0,,,,,,"",""
ball,1,10.5,Bloomfield Cricket and Athletic Club,KY de Silva,H Boyagoda,D Sandaruwan,0,0,,,,,,"",""
ball,1,10.6,Bloomfield Cricket and Athletic Club,KY de Silva,H Boyagoda,D Sandaruwan,0,0,,,,,,"",""
ball,1,11.1,Bloomfield Cricket and Athletic Club,H Boyagoda,KY de Silva,MS Warnapura,0,0,,,,,,"",""
ball,1,11.2,Bloomfield Cricket and Athletic Club,H Boyagoda,KY de Silva,MS Warnapura,0,0,,,,,,"",""
ball,1,11.3,Bloomfield Cricket and Athletic Club,H Boyagoda,KY de Silva,MS Warnapura,0,0,,,,,,"",""
ball,1,11.4,Bloomfield Cricket and Athletic Club,H Boyagoda,KY de Silva,MS Warnapura,0,0,,,,,,"",""
ball,1,11.5,Bloomfield Cricket and Athletic Club,H Boyagoda,KY de Silva,MS Warnapura,0,0,,,,,,caught,H Boyagoda
ball,1,11.6,Bloomfield Cricket and Athletic Club,ALKL Abeyrathne,KY de Silva,MS Warnapura,0,0,,,,,,"",""
ball,1,12.1,Bloomfield Cricket and Athletic Club,KY de Silva,ALKL Abeyrathne,WRC Fernando,0,0,,,,,,"",""
ball,1,12.2,Bloomfield Cricket and Athletic Club,KY de Silva,ALKL Abeyrathne,WRC Fernando,0,0,,,,,,"",""
ball,1,12.3,Bloomfield Cricket and Athletic Club,KY de Silva,ALKL Abeyrathne,WRC Fernando,0,0,,,,,,"",""
ball,1,12.4,Bloomfield Cricket and Athletic Club,KY de Silva,ALKL Abeyrathne,WRC Fernando,1,0,,,,,,"",""
ball,1,12.5,Bloomfield Cricket and Athletic Club,ALKL Abeyrathne,KY de Silva,WRC Fernando,0,0,,,,,,"",""
ball,1,12.6,Bloomfield Cricket and Athletic Club,ALKL Abeyrathne,KY de Silva,WRC Fernando,0,0,,,,,,"",""
ball,1,13.1,Bloomfield Cricket and Athletic Club,KY de Silva,ALKL Abeyrathne,MS Warnapura,0,0,,,,,,"",""
ball,1,13.2,Bloomfield Cricket and Athletic Club,KY de Silva,ALKL Abeyrathne,MS Warnapura,0,0,,,,,,"",""
ball,1,13.3,Bloomfield Cricket and Athletic Club,KY de Silva,ALKL Abeyrathne,MS Warnapura,0,0,,,,,,"",""
ball,1,13.4,Bloomfield Cricket and Athletic Club,KY de Silva,ALKL Abeyrathne,MS Warnapura,0,0,,,,,,"",""
ball,1,13.5,Bloomfield Cricket and Athletic Club,KY de Silva,ALKL Abeyrathne,MS Warnapura,0,0,,,,,,"",""
ball,1,13.6,Bloomfield Cricket and Athletic Club,KY de Silva,ALKL Abeyrathne,MS Warnapura,4,0,,,,,,"",""
ball,1,14.1,Bloomfield Cricket and Athletic Club,ALKL Abeyrathne,KY de Silva,WRC Fernando,0,0,,,,,,"",""
ball,1,14.2,Bloomfield Cricket and Athletic Club,ALKL Abeyrathne,KY de Silva,WRC Fernando,0,4,,,,4,,"",""
ball,1,14.3,Bloomfield Cricket and Athletic Club,ALKL Abeyrathne,KY de Silva,WRC Fernando,4,0,,,,,,"",""
ball,1,14.4,Bloomfield Cricket and Athletic Club,ALKL Abeyrathne,KY de Silva,WRC Fernando,0,0,,,,,,"",""
ball,1,14.5,Bloomfield Cricket and Athletic Club,ALKL Abeyrathne,KY de Silva,WRC Fernando,0,0,,,,,,"",""
ball,1,14.6,Bloomfield Cricket and Athletic Club,ALKL Abeyrathne,KY de Silva,WRC Fernando,4,0,,,,,,"",""
ball,1,15.1,Bloomfield Cricket and Athletic Club,KY de Silva,ALKL Abeyrathne,MS Warnapura,0,0,,,,,,"",""
ball,1,15.2,Bloomfield Cricket and Athletic Club,KY de Silva,ALKL Abeyrathne,MS Warnapura,0,0,,,,,,"",""
ball,1,15.3,Bloomfield Cricket and Athletic Club,KY de Silva,ALKL Abeyrathne,MS Warnapura,0,0,,,,,,"",""
ball,1,15.4,Bloomfield Cricket and Athletic Club,KY de Silva,ALKL Abeyrathne,MS Warnapura,0,0,,,,,,"",""
ball,1,15.5,Bloomfield Cricket and Athletic Club,KY de Silva,ALKL Abeyrathne,MS Warnapura,0,0,,,,,,"",""
ball,1,15.6,Bloomfield Cricket and Athletic Club,KY de Silva,ALKL Abeyrathne,MS Warnapura,0,0,,,,,,"",""
ball,1,16.1,Bloomfield Cricket and Athletic Club,ALKL Abeyrathne,KY de Silva,D Sandaruwan,0,0,,,,,,"",""
ball,1,16.2,Bloomfield Cricket and Athletic Club,ALKL Abeyrathne,KY de Silva,D Sandaruwan,0,1,,,1,,,"",""
ball,1,16.3,Bloomfield Cricket and Athletic Club,KY de Silva,ALKL Abeyrathne,D Sandaruwan,1,0,,,,,,"",""
ball,1,16.4,Bloomfield Cricket and Athletic Club,ALKL Abeyrathne,KY de Silva,D Sandaruwan,0,0,,,,,,"",""
ball,1,16.5,Bloomfield Cricket and Athletic Club,ALKL Abeyrathne,KY de Silva,D Sandaruwan,0,0,,,,,,"",""
ball,1,16.6,Bloomfield Cricket and Athletic Club,ALKL Abeyrathne,KY de Silva,D Sandaruwan,0,0,,,,,,"",""
ball,1,17.1,Bloomfield Cricket and Athletic Club,KY de Silva,ALKL Abeyrathne,MS Warnapura,1,0,,,,,,"",""
ball,1,17.2,Bloomfield Cricket and Athletic Club,ALKL Abeyrathne,KY de Silva,MS Warnapura,1,0,,,,,,"",""
ball,1,17.3,Bloomfield Cricket and Athletic Club,KY de Silva,ALKL Abeyrathne,MS Warnapura,0,0,,,,,,"",""
ball,1,17.4,Bloomfield Cricket and Athletic Club,KY de Silva,ALKL Abeyrathne,MS Warnapura,0,0,,,,,,"",""
ball,1,17.5,Bloomfield Cricket and Athletic Club,KY de Silva,ALKL Abeyrathne,MS Warnapura,0,0,,,,,,"",""
ball,1,17.6,Bloomfield Cricket and Athletic Club,KY de Silva,ALKL Abeyrathne,MS Warnapura,1,0,,,,,,"",""
ball,1,18.1,Bloomfield Cricket and Athletic Club,KY de Silva,ALKL Abeyrathne,EMDY Munaweera,0,0,,,,,,"",""
ball,1,18.2,Bloomfield Cricket and Athletic Club,KY de Silva,ALKL Abeyrathne,EMDY Munaweera,2,0,,,,,,"",""
ball,1,18.3,Bloomfield Cricket and Athletic Club,KY de Silva,ALKL Abeyrathne,EMDY Munaweera,0,0,,,,,,"",""
ball,1,18.4,Bloomfield Cricket and Athletic Club,KY de Silva,ALKL Abeyrathne,EMDY Munaweera,2,0,,,,,,"",""
ball,1,18.5,Bloomfield Cricket and Athletic Club,KY de Silva,ALKL Abeyrathne,EMDY Munaweera,0,0,,,,,,"",""
ball,1,18.6,Bloomfield Cricket and Athletic Club,KY de Silva,ALKL Abeyrathne,EMDY Munaweera,0,0,,,,,,"",""
ball,1,19.1,Bloomfield Cricket and Athletic Club,ALKL Abeyrathne,KY de Silva,SADU Indrasiri,0,0,,,,,,"",""
ball,1,19.2,Bloomfield Cricket and Athletic Club,ALKL Abeyrathne,KY de Silva,SADU Indrasiri,0,0,,,,,,"",""
ball,1,19.3,Bloomfield Cricket and Athletic Club,ALKL Abeyrathne,KY de Silva,SADU Indrasiri,0,0,,,,,,"",""
ball,1,19.4,Bloomfield Cricket and Athletic Club,ALKL Abeyrathne,KY de Silva,SADU Indrasiri,0,0,,,,,,"",""
ball,1,19.5,Bloomfield Cricket and Athletic Club,ALKL Abeyrathne,KY de Silva,SADU Indrasiri,0,0,,,,,,"",""
ball,1,19.6,Bloomfield Cricket and Athletic Club,ALKL Abeyrathne,KY de Silva,SADU Indrasiri,0,0,,,,,,"",""
ball,1,20.1,Bloomfield Cricket and Athletic Club,KY de Silva,ALKL Abeyrathne,EMDY Munaweera,0,0,,,,,,"",""
ball,1,20.2,Bloomfield Cricket and Athletic Club,KY de Silva,ALKL Abeyrathne,EMDY Munaweera,0,0,,,,,,lbw,KY de Silva
ball,1,20.3,Bloomfield Cricket and Athletic Club,KPNM Karunanayake,ALKL Abeyrathne,EMDY Munaweera,0,0,,,,,,"",""
ball,1,20.4,Bloomfield Cricket and Athletic Club,KPNM Karunanayake,ALKL Abeyrathne,EMDY Munaweera,0,0,,,,,,"",""
ball,1,20.5,Bloomfield Cricket and Athletic Club,KPNM Karunanayake,ALKL Abeyrathne,EMDY Munaweera,0,0,,,,,,"",""
ball,1,20.6,Bloomfield Cricket and Athletic Club,KPNM Karunanayake,ALKL Abeyrathne,EMDY Munaweera,0,0,,,,,,"",""
ball,1,21.1,Bloomfield Cricket and Athletic Club,ALKL Abeyrathne,KPNM Karunanayake,SADU Indrasiri,0,0,,,,,,caught,ALKL Abeyrathne
ball,1,21.2,Bloomfield Cricket and Athletic Club,M Premaratne,KPNM Karunanayake,SADU Indrasiri,0,0,,,,,,"",""
ball,1,21.3,Bloomfield Cricket and Athletic Club,M Premaratne,KPNM Karunanayake,SADU Indrasiri,0,0,,,,,,"",""
ball,1,21.4,Bloomfield Cricket and Athletic Club,M Premaratne,KPNM Karunanayake,SADU Indrasiri,0,0,,,,,,"",""
ball,1,21.5,Bloomfield Cricket and Athletic Club,M Premaratne,KPNM Karunanayake,SADU Indrasiri,0,0,,,,,,"",""
ball,1,21.6,Bloomfield Cricket and Athletic Club,M Premaratne,KPNM Karunanayake,SADU Indrasiri,0,0,,,,,,"",""
ball,1,22.1,Bloomfield Cricket and Athletic Club,KPNM Karunanayake,M Premaratne,EMDY Munaweera,4,0,,,,,,"",""
ball,1,22.2,Bloomfield Cricket and Athletic Club,KPNM Karunanayake,M Premaratne,EMDY Munaweera,0,0,,,,,,"",""
ball,1,22.3,Bloomfield Cricket and Athletic Club,KPNM Karunanayake,M Premaratne,EMDY Munaweera,0,1,,,,1,,"",""
ball,1,22.4,Bloomfield Cricket and Athletic Club,M Premaratne,KPNM Karunanayake,EMDY Munaweera,0,0,,,,,,"",""
ball,1,22.5,Bloomfield Cricket and Athletic Club,M Premaratne,KPNM Karunanayake,EMDY Munaweera,0,0,,,,,,"",""
ball,1,22.6,Bloomfield Cricket and Athletic Club,M Premaratne,KPNM Karunanayake,EMDY Munaweera,0,0,,,,,,"",""
ball,1,23.1,Bloomfield Cricket and Athletic Club,KPNM Karunanayake,M Premaratne,SADU Indrasiri,0,0,,,,,,"",""
ball,1,23.2,Bloomfield Cricket and Athletic Club,KPNM Karunanayake,M Premaratne,SADU Indrasiri,0,0,,,,,,"",""
ball,1,23.3,Bloomfield Cricket and Athletic Club,KPNM Karunanayake,M Premaratne,SADU Indrasiri,1,0,,,,,,"",""
ball,1,23.4,Bloomfield Cricket and Athletic Club,M Premaratne,KPNM Karunanayake,SADU Indrasiri,0,0,,,,,,"",""
ball,1,23.5,Bloomfield Cricket and Athletic Club,M Premaratne,KPNM Karunanayake,SADU Indrasiri,0,0,,,,,,"",""
ball,1,23.6,Bloomfield Cricket and Athletic Club,M Premaratne,KPNM Karunanayake,SADU Indrasiri,0,0,,,,,,"",""
ball,1,24.1,Bloomfield Cricket and Athletic Club,KPNM Karunanayake,M Premaratne,EMDY Munaweera,0,0,,,,,,lbw,KPNM Karunanayake
ball,1,24.2,Bloomfield Cricket and Athletic Club,RS Fernando,M Premaratne,EMDY Munaweera,0,0,,,,,,"",""
ball,1,24.3,Bloomfield Cricket and Athletic Club,RS Fernando,M Premaratne,EMDY Munaweera,2,0,,,,,,"",""
ball,1,24.4,Bloomfield Cricket and Athletic Club,RS Fernando,M Premaratne,EMDY Munaweera,0,0,,,,,,"",""
ball,1,24.5,Bloomfield Cricket and Athletic Club,RS Fernando,M Premaratne,EMDY Munaweera,0,0,,,,,,"",""
ball,1,24.6,Bloomfield Cricket and Athletic Club,RS Fernando,M Premaratne,EMDY Munaweera,0,0,,,,,,"",""
ball,1,25.1,Bloomfield Cricket and Athletic Club,M Premaratne,RS Fernando,SADU Indrasiri,0,0,,,,,,"",""
ball,1,25.2,Bloomfield Cricket and Athletic Club,M Premaratne,RS Fernando,SADU Indrasiri,0,0,,,,,,"",""
ball,1,25.3,Bloomfield Cricket and Athletic Club,M Premaratne,RS Fernando,SADU Indrasiri,0,0,,,,,,"",""
ball,1,25.4,Bloomfield Cricket and Athletic Club,M Premaratne,RS Fernando,SADU Indrasiri,0,0,,,,,,"",""
ball,1,25.5,Bloomfield Cricket and Athletic Club,M Premaratne,RS Fernando,SADU Indrasiri,0,0,,,,,,"",""
ball,1,25.6,Bloomfield Cricket and Athletic Club,M Premaratne,RS Fernando,SADU Indrasiri,0,0,,,,,,"",""
ball,1,26.1,Bloomfield Cricket and Athletic Club,RS Fernando,M Premaratne,D Sandaruwan,0,0,,,,,,"",""
ball,1,26.2,Bloomfield Cricket and Athletic Club,RS Fernando,M Premaratne,D Sandaruwan,0,0,,,,,,"",""
ball,1,26.3,Bloomfield Cricket and Athletic Club,RS Fernando,M Premaratne,D Sandaruwan,0,0,,,,,,"",""
ball,1,26.4,Bloomfield Cricket and Athletic Club,RS Fernando,M Premaratne,D Sandaruwan,0,0,,,,,,"",""
ball,1,26.5,Bloomfield Cricket and Athletic Club,RS Fernando,M Premaratne,D Sandaruwan,0,0,,,,,,"",""
ball,1,26.6,Bloomfield Cricket and Athletic Club,RS Fernando,M Premaratne,D Sandaruwan,0,0,,,,,,"",""
ball,1,27.1,Bloomfield Cricket and Athletic Club,M Premaratne,RS Fernando,SADU Indrasiri,4,0,,,,,,"",""
ball,1,27.2,Bloomfield Cricket and Athletic Club,M Premaratne,RS Fernando,SADU Indrasiri,0,0,,,,,,"",""
ball,1,27.3,Bloomfield Cricket and Athletic Club,M Premaratne,RS Fernando,SADU Indrasiri,0,0,,,,,,"",""
ball,1,27.4,Bloomfield Cricket and Athletic Club,M Premaratne,RS Fernando,SADU Indrasiri,1,0,,,,,,"",""
ball,1,27.5,Bloomfield Cricket and Athletic Club,RS Fernando,M Premaratne,SADU Indrasiri,1,0,,,,,,"",""
ball,1,27.6,Bloomfield Cricket and Athletic Club,M Premaratne,RS Fernando,SADU Indrasiri,0,0,,,,,,"",""
ball,1,28.1,Bloomfield Cricket and Athletic Club,RS Fernando,M Premaratne,D Sandaruwan,0,0,,,,,,"",""
ball,1,28.2,Bloomfield Cricket and Athletic Club,RS Fernando,M Premaratne,D Sandaruwan,0,0,,,,,,"",""
ball,1,28.3,Bloomfield Cricket and Athletic Club,RS Fernando,M Premaratne,D Sandaruwan,0,0,,,,,,"",""
ball,1,28.4,Bloomfield Cricket and Athletic Club,RS Fernando,M Premaratne,D Sandaruwan,0,0,,,,,,"",""
ball,1,28.5,Bloomfield Cricket and Athletic Club,RS Fernando,M Premaratne,D Sandaruwan,1,0,,,,,,"",""
ball,1,28.6,Bloomfield Cricket and Athletic Club,M Premaratne,RS Fernando,D Sandaruwan,0,0,,,,,,"",""
ball,1,29.1,Bloomfield Cricket and Athletic Club,RS Fernando,M Premaratne,SADU Indrasiri,1,0,,,,,,"",""
ball,1,29.2,Bloomfield Cricket and Athletic Club,M Premaratne,RS Fernando,SADU Indrasiri,0,0,,,,,,"",""
ball,1,29.3,Bloomfield Cricket and Athletic Club,M Premaratne,RS Fernando,SADU Indrasiri,0,0,,,,,,"",""
ball,1,29.4,Bloomfield Cricket and Athletic Club,M Premaratne,RS Fernando,SADU Indrasiri,0,0,,,,,,"",""
ball,1,29.5,Bloomfield Cricket and Athletic Club,M Premaratne,RS Fernando,SADU Indrasiri,0,0,,,,,,"",""
ball,1,29.6,Bloomfield Cricket and Athletic Club,M Premaratne,RS Fernando,SADU Indrasiri,3,0,,,,,,"",""
ball,1,30.1,Bloomfield Cricket and Athletic Club,M Premaratne,RS Fernando,D Sandaruwan,0,0,,,,,,"",""
ball,1,30.2,Bloomfield Cricket and Athletic Club,M Premaratne,RS Fernando,D Sandaruwan,0,0,,,,,,"",""
ball,1,30.3,Bloomfield Cricket and Athletic Club,M Premaratne,RS Fernando,D Sandaruwan,0,0,,,,,,"",""
ball,1,30.4,Bloomfield Cricket and Athletic Club,M Premaratne,RS Fernando,D Sandaruwan,0,0,,,,,,"",""
ball,1,30.5,Bloomfield Cricket and Athletic Club,M Premaratne,RS Fernando,D Sandaruwan,0,0,,,,,,"",""
ball,1,30.6,Bloomfield Cricket and Athletic Club,M Premaratne,RS Fernando,D Sandaruwan,0,0,,,,,,lbw,M Premaratne
ball,1,31.1,Bloomfield Cricket and Athletic Club,RS Fernando,LD Madushanka,WRC Fernando,1,0,,,,,,"",""
ball,1,31.2,Bloomfield Cricket and Athletic Club,LD Madushanka,RS Fernando,WRC Fernando,0,0,,,,,,"",""
ball,1,31.3,Bloomfield Cricket and Athletic Club,LD Madushanka,RS Fernando,WRC Fernando,4,0,,,,,,"",""
ball,1,31.4,Bloomfield Cricket and Athletic Club,LD Madushanka,RS Fernando,WRC Fernando,1,0,,,,,,"",""
ball,1,31.5,Bloomfield Cricket and Athletic Club,RS Fernando,LD Madushanka,WRC Fernando,2,0,,,,,,"",""
ball,1,31.6,Bloomfield Cricket and Athletic Club,RS Fernando,LD Madushanka,WRC Fernando,0,0,,,,,,"",""
ball,1,32.1,Bloomfield Cricket and Athletic Club,LD Madushanka,RS Fernando,D Sandaruwan,0,0,,,,,,"",""
ball,1,32.2,Bloomfield Cricket and Athletic Club,LD Madushanka,RS Fernando,D Sandaruwan,1,0,,,,,,"",""
ball,1,32.3,Bloomfield Cricket and Athletic Club,RS Fernando,LD Madushanka,D Sandaruwan,0,0,,,,,,"",""
ball,1,32.4,Bloomfield Cricket and Athletic Club,RS Fernando,LD Madushanka,D Sandaruwan,0,0,,,,,,"",""
ball,1,32.5,Bloomfield Cricket and Athletic Club,RS Fernando,LD Madushanka,D Sandaruwan,0,0,,,,,,"",""
ball,1,32.6,Bloomfield Cricket and Athletic Club,RS Fernando,LD Madushanka,D Sandaruwan,0,0,,,,,,"",""
ball,1,33.1,Bloomfield Cricket and Athletic Club,LD Madushanka,RS Fernando,WRC Fernando,0,0,,,,,,"",""
ball,1,33.2,Bloomfield Cricket and Athletic Club,LD Madushanka,RS Fernando,WRC Fernando,1,0,,,,,,"",""
ball,1,33.3,Bloomfield Cricket and Athletic Club,RS Fernando,LD Madushanka,WRC Fernando,0,0,,,,,,"",""
ball,1,33.4,Bloomfield Cricket and Athletic Club,RS Fernando,LD Madushanka,WRC Fernando,0,0,,,,,,"",""
ball,1,33.5,Bloomfield Cricket and Athletic Club,RS Fernando,LD Madushanka,WRC Fernando,0,0,,,,,,"",""
ball,1,33.6,Bloomfield Cricket and Athletic Club,RS Fernando,LD Madushanka,WRC Fernando,1,0,,,,,,"",""
ball,1,34.1,Bloomfield Cricket and Athletic Club,RS Fernando,LD Madushanka,D Sandaruwan,0,0,,,,,,"",""
ball,1,34.2,Bloomfield Cricket and Athletic Club,RS Fernando,LD Madushanka,D Sandaruwan,4,0,,,,,,"",""
ball,1,34.3,Bloomfield Cricket and Athletic Club,RS Fernando,LD Madushanka,D Sandaruwan,0,0,,,,,,"",""
ball,1,34.4,Bloomfield Cricket and Athletic Club,RS Fernando,LD Madushanka,D Sandaruwan,0,0,,,,,,"",""
ball,1,34.5,Bloomfield Cricket and Athletic Club,RS Fernando,LD Madushanka,D Sandaruwan,1,0,,,,,,"",""
ball,1,34.6,Bloomfield Cricket and Athletic Club,LD Madushanka,RS Fernando,D Sandaruwan,0,0,,,,,,"",""
ball,1,35.1,Bloomfield Cricket and Athletic Club,RS Fernando,LD Madushanka,WRC Fernando,0,0,,,,,,"",""
ball,1,35.2,Bloomfield Cricket and Athletic Club,RS Fernando,LD Madushanka,WRC Fernando,1,0,,,,,,"",""
ball,1,35.3,Bloomfield Cricket and Athletic Club,LD Madushanka,RS Fernando,WRC Fernando,1,0,,,,,,"",""
ball,1,35.4,Bloomfield Cricket and Athletic Club,RS Fernando,LD Madushanka,WRC Fernando,0,0,,,,,,"",""
ball,1,35.5,Bloomfield Cricket and Athletic Club,RS Fernando,LD Madushanka,WRC Fernando,0,0,,,,,,"",""
ball,1,35.6,Bloomfield Cricket and Athletic Club,RS Fernando,LD Madushanka,WRC Fernando,0,0,,,,,,"",""
ball,1,36.1,Bloomfield Cricket and Athletic Club,LD Madushanka,RS Fernando,D Sandaruwan,1,0,,,,,,"",""
ball,1,36.2,Bloomfield Cricket and Athletic Club,RS Fernando,LD Madushanka,D Sandaruwan,0,0,,,,,,"",""
ball,1,36.3,Bloomfield Cricket and Athletic Club,RS Fernando,LD Madushanka,D Sandaruwan,1,0,,,,,,"",""
ball,1,36.4,Bloomfield Cricket and Athletic Club,LD Madushanka,RS Fernando,D Sandaruwan,0,0,,,,,,"",""
ball,1,36.5,Bloomfield Cricket and Athletic Club,LD Madushanka,RS Fernando,D Sandaruwan,0,0,,,,,,"",""
ball,1,36.6,Bloomfield Cricket and Athletic Club,LD Madushanka,RS Fernando,D Sandaruwan,0,0,,,,,,"",""
ball,1,37.1,Bloomfield Cricket and Athletic Club,RS Fernando,LD Madushanka,SADU Indrasiri,0,0,,,,,,"",""
ball,1,37.2,Bloomfield Cricket and Athletic Club,RS Fernando,LD Madushanka,SADU Indrasiri,4,0,,,,,,"",""
ball,1,37.3,Bloomfield Cricket and Athletic Club,RS Fernando,LD Madushanka,SADU Indrasiri,0,0,,,,,,"",""
ball,1,37.4,Bloomfield Cricket and Athletic Club,RS Fernando,LD Madushanka,SADU Indrasiri,0,0,,,,,,"",""
ball,1,37.5,Bloomfield Cricket and Athletic Club,RS Fernando,LD Madushanka,SADU Indrasiri,0,0,,,,,,"",""
ball,1,37.6,Bloomfield Cricket and Athletic Club,RS Fernando,LD Madushanka,SADU Indrasiri,0,0,,,,,,"",""
ball,1,38.1,Bloomfield Cricket and Athletic Club,LD Madushanka,RS Fernando,D Sandaruwan,1,0,,,,,,"",""
ball,1,38.2,Bloomfield Cricket and Athletic Club,RS Fernando,LD Madushanka,D Sandaruwan,0,0,,,,,,"",""
ball,1,38.3,Bloomfield Cricket and Athletic Club,RS Fernando,LD Madushanka,D Sandaruwan,2,0,,,,,,"",""
ball,1,38.4,Bloomfield Cricket and Athletic Club,RS Fernando,LD Madushanka,D Sandaruwan,0,0,,,,,,bowled,RS Fernando
ball,1,38.5,Bloomfield Cricket and Athletic Club,TN Guruge,LD Madushanka,D Sandaruwan,0,0,,,,,,"",""
ball,1,38.6,Bloomfield Cricket and Athletic Club,TN Guruge,LD Madushanka,D Sandaruwan,0,0,,,,,,"",""
ball,1,39.1,Bloomfield Cricket and Athletic Club,LD Madushanka,TN Guruge,SADU Indrasiri,3,0,,,,,,"",""
ball,1,39.2,Bloomfield Cricket and Athletic Club,TN Guruge,LD Madushanka,SADU Indrasiri,1,0,,,,,,"",""
ball,1,39.3,Bloomfield Cricket and Athletic Club,LD Madushanka,TN Guruge,SADU Indrasiri,1,0,,,,,,"",""
ball,1,39.4,Bloomfield Cricket and Athletic Club,TN Guruge,LD Madushanka,SADU Indrasiri,0,0,,,,,,"",""
ball,1,39.5,Bloomfield Cricket and Athletic Club,TN Guruge,LD Madushanka,SADU Indrasiri,0,0,,,,,,"",""
ball,1,39.6,Bloomfield Cricket and Athletic Club,TN Guruge,LD Madushanka,SADU Indrasiri,0,0,,,,,,"",""
ball,1,40.1,Bloomfield Cricket and Athletic Club,LD Madushanka,TN Guruge,D Sandaruwan,0,0,,,,,,"",""
ball,1,40.2,Bloomfield Cricket and Athletic Club,LD Madushanka,TN Guruge,D Sandaruwan,0,0,,,,,,"",""
ball,1,40.3,Bloomfield Cricket and Athletic Club,LD Madushanka,TN Guruge,D Sandaruwan,0,0,,,,,,"",""
ball,1,40.4,Bloomfield Cricket and Athletic Club,LD Madushanka,TN Guruge,D Sandaruwan,0,0,,,,,,"",""
ball,1,40.5,Bloomfield Cricket and Athletic Club,LD Madushanka,TN Guruge,D Sandaruwan,0,0,,,,,,"",""
ball,1,40.6,Bloomfield Cricket and Athletic Club,LD Madushanka,TN Guruge,D Sandaruwan,0,0,,,,,,"",""
ball,1,41.1,Bloomfield Cricket and Athletic Club,TN Guruge,LD Madushanka,EMDY Munaweera,0,0,,,,,,"",""
ball,1,41.2,Bloomfield Cricket and Athletic Club,TN Guruge,LD Madushanka,EMDY Munaweera,0,0,,,,,,"",""
ball,1,41.3,Bloomfield Cricket and Athletic Club,TN Guruge,LD Madushanka,EMDY Munaweera,0,0,,,,,,"",""
ball,1,41.4,Bloomfield Cricket and Athletic Club,TN Guruge,LD Madushanka,EMDY Munaweera,0,0,,,,,,"",""
ball,1,41.5,Bloomfield Cricket and Athletic Club,TN Guruge,LD Madushanka,EMDY Munaweera,0,0,,,,,,"",""
ball,1,41.6,Bloomfield Cricket and Athletic Club,TN Guruge,LD Madushanka,EMDY Munaweera,0,0,,,,,,"",""
ball,1,42.1,Bloomfield Cricket and Athletic Club,LD Madushanka,TN Guruge,D Sandaruwan,0,0,,,,,,"",""
ball,1,42.2,Bloomfield Cricket and Athletic Club,LD Madushanka,TN Guruge,D Sandaruwan,4,0,,,,,,"",""
ball,1,42.3,Bloomfield Cricket and Athletic Club,LD Madushanka,TN Guruge,D Sandaruwan,0,0,,,,,,"",""
ball,1,42.4,Bloomfield Cricket and Athletic Club,LD Madushanka,TN Guruge,D Sandaruwan,0,0,,,,,,"",""
ball,1,42.5,Bloomfield Cricket and Athletic Club,LD Madushanka,TN Guruge,D Sandaruwan,0,0,,,,,,"",""
ball,1,42.6,Bloomfield Cricket and Athletic Club,LD Madushanka,TN Guruge,D Sandaruwan,0,0,,,,,,"",""
ball,1,43.1,Bloomfield Cricket and Athletic Club,TN Guruge,LD Madushanka,EMDY Munaweera,0,0,,,,,,"",""
ball,1,43.2,Bloomfield Cricket and Athletic Club,TN Guruge,LD Madushanka,EMDY Munaweera,4,0,,,,,,"",""
ball,1,43.3,Bloomfield Cricket and Athletic Club,TN Guruge,LD Madushanka,EMDY Munaweera,0,0,,,,,,"",""
ball,1,43.4,Bloomfield Cricket and Athletic Club,TN Guruge,LD Madushanka,EMDY Munaweera,0,0,,,,,,"",""
ball,1,43.5,Bloomfield Cricket and Athletic Club,TN Guruge,LD Madushanka,EMDY Munaweera,0,0,,,,,,"",""
ball,1,43.6,Bloomfield Cricket and Athletic Club,TN Guruge,LD Madushanka,EMDY Munaweera,1,0,,,,,,"",""
ball,1,44.1,Bloomfield Cricket and Athletic Club,TN Guruge,LD Madushanka,D Sandaruwan,0,0,,,,,,"",""
ball,1,44.2,Bloomfield Cricket and Athletic Club,TN Guruge,LD Madushanka,D Sandaruwan,0,0,,,,,,"",""
ball,1,44.3,Bloomfield Cricket and Athletic Club,TN Guruge,LD Madushanka,D Sandaruwan,1,0,,,,,,"",""
ball,1,44.4,Bloomfield Cricket and Athletic Club,LD Madushanka,TN Guruge,D Sandaruwan,0,0,,,,,,"",""
ball,1,44.5,Bloomfield Cricket and Athletic Club,LD Madushanka,TN Guruge,D Sandaruwan,0,0,,,,,,"",""
ball,1,44.6,Bloomfield Cricket and Athletic Club,LD Madushanka,TN Guruge,D Sandaruwan,0,0,,,,,,"",""
ball,1,45.1,Bloomfield Cricket and Athletic Club,TN Guruge,LD Madushanka,EMDY Munaweera,0,0,,,,,,"",""
ball,1,45.2,Bloomfield Cricket and Athletic Club,TN Guruge,LD Madushanka,EMDY Munaweera,0,0,,,,,,"",""
ball,1,45.3,Bloomfield Cricket and Athletic Club,TN Guruge,LD Madushanka,EMDY Munaweera,0,0,,,,,,"",""
ball,1,45.4,Bloomfield Cricket and Athletic Club,TN Guruge,LD Madushanka,EMDY Munaweera,0,0,,,,,,"",""
ball,1,45.5,Bloomfield Cricket and Athletic Club,TN Guruge,LD Madushanka,EMDY Munaweera,0,0,,,,,,"",""
ball,1,45.6,Bloomfield Cricket and Athletic Club,TN Guruge,LD Madushanka,EMDY Munaweera,4,0,,,,,,"",""
ball,1,46.1,Bloomfield Cricket and Athletic Club,LD Madushanka,TN Guruge,D Sandaruwan,0,0,,,,,,"",""
ball,1,46.2,Bloomfield Cricket and Athletic Club,LD Madushanka,TN Guruge,D Sandaruwan,0,0,,,,,,"",""
ball,1,46.3,Bloomfield Cricket and Athletic Club,LD Madushanka,TN Guruge,D Sandaruwan,1,0,,,,,,"",""
ball,1,46.4,Bloomfield Cricket and Athletic Club,TN Guruge,LD Madushanka,D Sandaruwan,6,0,,,,,,"",""
ball,1,46.5,Bloomfield Cricket and Athletic Club,TN Guruge,LD Madushanka,D Sandaruwan,0,0,,,,,,"",""
ball,1,46.6,Bloomfield Cricket and Athletic Club,TN Guruge,LD Madushanka,D Sandaruwan,4,0,,,,,,"",""
ball,1,47.1,Bloomfield Cricket and Athletic Club,LD Madushanka,TN Guruge,SADU Indrasiri,0,0,,,,,,"",""
ball,1,47.2,Bloomfield Cricket and Athletic Club,LD Madushanka,TN Guruge,SADU Indrasiri,2,0,,,,,,"",""
ball,1,47.3,Bloomfield Cricket and Athletic Club,LD Madushanka,TN Guruge,SADU Indrasiri,0,0,,,,,,"",""
ball,1,47.4,Bloomfield Cricket and Athletic Club,LD Madushanka,TN Guruge,SADU Indrasiri,0,0,,,,,,"",""
ball,1,47.5,Bloomfield Cricket and Athletic Club,LD Madushanka,TN Guruge,SADU Indrasiri,0,0,,,,,,"",""
ball,1,47.6,Bloomfield Cricket and Athletic Club,LD Madushanka,TN Guruge,SADU Indrasiri,0,0,,,,,,"",""
ball,1,48.1,Bloomfield Cricket and Athletic Club,TN Guruge,LD Madushanka,EMDY Munaweera,0,0,,,,,,"",""
ball,1,48.2,Bloomfield Cricket and Athletic Club,TN Guruge,LD Madushanka,EMDY Munaweera,2,0,,,,,,"",""
ball,1,48.3,Bloomfield Cricket and Athletic Club,TN Guruge,LD Madushanka,EMDY Munaweera,1,0,,,,,,"",""
ball,1,48.4,Bloomfield Cricket and Athletic Club,LD Madushanka,TN Guruge,EMDY Munaweera,0,0,,,,,,"",""
ball,1,48.5,Bloomfield Cricket and Athletic Club,LD Madushanka,TN Guruge,EMDY Munaweera,0,0,,,,,,"",""
ball,1,48.6,Bloomfield Cricket and Athletic Club,LD Madushanka,TN Guruge,EMDY Munaweera,0,0,,,,,,"",""
ball,1,49.1,Bloomfield Cricket and Athletic Club,TN Guruge,LD Madushanka,SADU Indrasiri,0,0,,,,,,"",""
ball,1,49.2,Bloomfield Cricket and Athletic Club,TN Guruge,LD Madushanka,SADU Indrasiri,1,0,,,,,,"",""
ball,1,49.3,Bloomfield Cricket and Athletic Club,LD Madushanka,TN Guruge,SADU Indrasiri,2,0,,,,,,"",""
ball,1,49.4,Bloomfield Cricket and Athletic Club,LD Madushanka,TN Guruge,SADU Indrasiri,2,0,,,,,,"",""
ball,1,49.5,Bloomfield Cricket and Athletic Club,LD Madushanka,TN Guruge,SADU Indrasiri,0,0,,,,,,"",""
ball,1,49.6,Bloomfield Cricket and Athletic Club,LD Madushanka,TN Guruge,SADU Indrasiri,0,0,,,,,,"",""
ball,1,50.1,Bloomfield Cricket and Athletic Club,TN Guruge,LD Madushanka,EMDY Munaweera,0,0,,,,,,"",""
ball,1,50.2,Bloomfield Cricket and Athletic Club,TN Guruge,LD Madushanka,EMDY Munaweera,0,0,,,,,,"",""
ball,1,50.3,Bloomfield Cricket and Athletic Club,TN Guruge,LD Madushanka,EMDY Munaweera,1,0,,,,,,"",""
ball,1,50.4,Bloomfield Cricket and Athletic Club,LD Madushanka,TN Guruge,EMDY Munaweera,1,0,,,,,,"",""
ball,1,50.5,Bloomfield Cricket and Athletic Club,TN Guruge,LD Madushanka,EMDY Munaweera,0,0,,,,,,"",""
ball,1,50.6,Bloomfield Cricket and Athletic Club,TN Guruge,LD Madushanka,EMDY Munaweera,0,0,,,,,,"",""
ball,1,51.1,Bloomfield Cricket and Athletic Club,LD Madushanka,TN Guruge,SADU Indrasiri,0,0,,,,,,"",""
ball,1,51.2,Bloomfield Cricket and Athletic Club,LD Madushanka,TN Guruge,SADU Indrasiri,0,0,,,,,,"",""
ball,1,51.3,Bloomfield Cricket and Athletic Club,LD Madushanka,TN Guruge,SADU Indrasiri,1,0,,,,,,"",""
ball,1,51.4,Bloomfield Cricket and Athletic Club,TN Guruge,LD Madushanka,SADU Indrasiri,1,0,,,,,,"",""
ball,1,51.5,Bloomfield Cricket and Athletic Club,LD Madushanka,TN Guruge,SADU Indrasiri,4,0,,,,,,"",""
ball,1,51.6,Bloomfield Cricket and Athletic Club,LD Madushanka,TN Guruge,SADU Indrasiri,0,0,,,,,,"",""
ball,1,52.1,Bloomfield Cricket and Athletic Club,TN Guruge,LD Madushanka,EMDY Munaweera,0,0,,,,,,"",""
ball,1,52.2,Bloomfield Cricket and Athletic Club,TN Guruge,LD Madushanka,EMDY Munaweera,0,0,,,,,,bowled,TN Guruge
ball,1,52.3,Bloomfield Cricket and Athletic Club,I Wijesundera,LD Madushanka,EMDY Munaweera,1,0,,,,,,"",""
ball,1,52.4,Bloomfield Cricket and Athletic Club,LD Madushanka,I Wijesundera,EMDY Munaweera,0,0,,,,,,"",""
ball,1,52.5,Bloomfield Cricket and Athletic Club,LD Madushanka,I Wijesundera,EMDY Munaweera,1,0,,,,,,"",""
ball,1,52.6,Bloomfield Cricket and Athletic Club,I Wijesundera,LD Madushanka,EMDY Munaweera,0,0,,,,,,"",""
ball,1,53.1,Bloomfield Cricket and Athletic Club,LD Madushanka,I Wijesundera,SADU Indrasiri,0,0,,,,,,"",""
ball,1,53.2,Bloomfield Cricket and Athletic Club,LD Madushanka,I Wijesundera,SADU Indrasiri,2,0,,,,,,"",""
ball,1,53.3,Bloomfield Cricket and Athletic Club,LD Madushanka,I Wijesundera,SADU Indrasiri,1,0,,,,,,"",""
ball,1,53.4,Bloomfield Cricket and Athletic Club,I Wijesundera,LD Madushanka,SADU Indrasiri,4,0,,,,,,"",""
ball,1,53.5,Bloomfield Cricket and Athletic Club,I Wijesundera,LD Madushanka,SADU Indrasiri,0,0,,,,,,caught,I Wijesundera
ball,1,53.6,Bloomfield Cricket and Athletic Club,S Nanayakkare,LD Madushanka,SADU Indrasiri,0,0,,,,,,"",""
ball,1,54.1,Bloomfield Cricket and Athletic Club,LD Madushanka,S Nanayakkare,EMDY Munaweera,0,0,,,,,,"",""
ball,1,54.2,Bloomfield Cricket and Athletic Club,LD Madushanka,S Nanayakkare,EMDY Munaweera,2,0,,,,,,"",""
ball,1,54.3,Bloomfield Cricket and Athletic Club,LD Madushanka,S Nanayakkare,EMDY Munaweera,6,0,,,,,,"",""
ball,1,54.4,Bloomfield Cricket and Athletic Club,LD Madushanka,S Nanayakkare,EMDY Munaweera,1,0,,,,,,"",""
ball,1,54.5,Bloomfield Cricket and Athletic Club,S Nanayakkare,LD Madushanka,EMDY Munaweera,0,0,,,,,,"",""
ball,1,54.6,Bloomfield Cricket and Athletic Club,S Nanayakkare,LD Madushanka,EMDY Munaweera,0,0,,,,,,"",""
ball,1,55.1,Bloomfield Cricket and Athletic Club,LD Madushanka,S Nanayakkare,SADU Indrasiri,2,0,,,,,,"",""
ball,1,55.2,Bloomfield Cricket and Athletic Club,LD Madushanka,S Nanayakkare,SADU Indrasiri,1,0,,,,,,"",""
ball,1,55.3,Bloomfield Cricket and Athletic Club,S Nanayakkare,LD Madushanka,SADU Indrasiri,1,0,,,,,,"",""
ball,1,55.4,Bloomfield Cricket and Athletic Club,LD Madushanka,S Nanayakkare,SADU Indrasiri,0,0,,,,,,"",""
ball,1,55.5,Bloomfield Cricket and Athletic Club,LD Madushanka,S Nanayakkare,SADU Indrasiri,0,0,,,,,,"",""
ball,1,55.6,Bloomfield Cricket and Athletic Club,LD Madushanka,S Nanayakkare,SADU Indrasiri,1,0,,,,,,"",""
ball,1,56.1,Bloomfield Cricket and Athletic Club,LD Madushanka,S Nanayakkare,D Sandaruwan,1,0,,,,,,"",""
ball,1,56.2,Bloomfield Cricket and Athletic Club,S Nanayakkare,LD Madushanka,D Sandaruwan,0,0,,,,,,"",""
ball,1,56.3,Bloomfield Cricket and Athletic Club,S Nanayakkare,LD Madushanka,D Sandaruwan,1,0,,,,,,"",""
ball,1,56.4,Bloomfield Cricket and Athletic Club,LD Madushanka,S Nanayakkare,D Sandaruwan,0,0,,,,,,"",""
ball,1,56.5,Bloomfield Cricket and Athletic Club,LD Madushanka,S Nanayakkare,D Sandaruwan,6,0,,,,,,"",""
ball,1,56.6,Bloomfield Cricket and Athletic Club,LD Madushanka,S Nanayakkare,D Sandaruwan,0,0,,,,,,"",""
ball,1,57.1,Bloomfield Cricket and Athletic Club,S Nanayakkare,LD Madushanka,EMDY Munaweera,0,0,,,,,,lbw,S Nanayakkare
ball,2,0.1,Negombo Cricket Club,Pasindu Lakshanka,AJADDLA Jayasinghe,S Nanayakkare,0,0,,,,,,"",""
ball,2,0.2,Negombo Cricket Club,Pasindu Lakshanka,AJADDLA Jayasinghe,S Nanayakkare,0,0,,,,,,"",""
ball,2,0.3,Negombo Cricket Club,Pasindu Lakshanka,AJADDLA Jayasinghe,S Nanayakkare,0,0,,,,,,"",""
ball,2,0.4,Negombo Cricket Club,Pasindu Lakshanka,AJADDLA Jayasinghe,S Nanayakkare,0,0,,,,,,"",""
ball,2,0.5,Negombo Cricket Club,Pasindu Lakshanka,AJADDLA Jayasinghe,S Nanayakkare,4,0,,,,,,"",""
ball,2,0.6,Negombo Cricket Club,Pasindu Lakshanka,AJADDLA Jayasinghe,S Nanayakkare,6,0,,,,,,"",""
ball,2,1.1,Negombo Cricket Club,AJADDLA Jayasinghe,Pasindu Lakshanka,LD Madushanka,0,0,,,,,,"",""
ball,2,1.2,Negombo Cricket Club,AJADDLA Jayasinghe,Pasindu Lakshanka,LD Madushanka,1,0,,,,,,"",""
ball,2,1.3,Negombo Cricket Club,Pasindu Lakshanka,AJADDLA Jayasinghe,LD Madushanka,1,0,,,,,,"",""
ball,2,1.4,Negombo Cricket Club,AJADDLA Jayasinghe,Pasindu Lakshanka,LD Madushanka,2,0,,,,,,"",""
ball,2,1.5,Negombo Cricket Club,AJADDLA Jayasinghe,Pasindu Lakshanka,LD Madushanka,0,0,,,,,,caught,AJADDLA Jayasinghe
ball,2,1.6,Negombo Cricket Club,D Sandaruwan,Pasindu Lakshanka,LD Madushanka,0,0,,,,,,"",""
ball,2,2.1,Negombo Cricket Club,Pasindu Lakshanka,D Sandaruwan,S Nanayakkare,0,0,,,,,,"",""
ball,2,2.2,Negombo Cricket Club,Pasindu Lakshanka,D Sandaruwan,S Nanayakkare,0,0,,,,,,"",""
ball,2,2.3,Negombo Cricket Club,Pasindu Lakshanka,D Sandaruwan,S Nanayakkare,0,0,,,,,,"",""
ball,2,2.4,Negombo Cricket Club,Pasindu Lakshanka,D Sandaruwan,S Nanayakkare,0,0,,,,,,"",""
ball,2,2.5,Negombo Cricket Club,Pasindu Lakshanka,D Sandaruwan,S Nanayakkare,0,0,,,,,,"",""
ball,2,2.6,Negombo Cricket Club,Pasindu Lakshanka,D Sandaruwan,S Nanayakkare,2,0,,,,,,"",""
ball,2,3.1,Negombo Cricket Club,D Sandaruwan,Pasindu Lakshanka,RS Fernando,0,0,,,,,,"",""
ball,2,3.2,Negombo Cricket Club,D Sandaruwan,Pasindu Lakshanka,RS Fernando,0,0,,,,,,"",""
ball,2,3.3,Negombo Cricket Club,D Sandaruwan,Pasindu Lakshanka,RS Fernando,0,0,,,,,,"",""
ball,2,3.4,Negombo Cricket Club,D Sandaruwan,Pasindu Lakshanka,RS Fernando,4,0,,,,,,"",""
ball,2,3.5,Negombo Cricket Club,D Sandaruwan,Pasindu Lakshanka,RS Fernando,1,0,,,,,,"",""
ball,2,3.6,Negombo Cricket Club,Pasindu Lakshanka,D Sandaruwan,RS Fernando,0,0,,,,,,"",""
ball,2,4.1,Negombo Cricket Club,D Sandaruwan,Pasindu Lakshanka,S Nanayakkare,2,0,,,,,,"",""
ball,2,4.2,Negombo Cricket Club,D Sandaruwan,Pasindu Lakshanka,S Nanayakkare,0,0,,,,,,"",""
ball,2,4.3,Negombo Cricket Club,D Sandaruwan,Pasindu Lakshanka,S Nanayakkare,0,1,,,,1,,"",""
ball,2,4.4,Negombo Cricket Club,Pasindu Lakshanka,D Sandaruwan,S Nanayakkare,3,0,,,,,,"",""
ball,2,4.5,Negombo Cricket Club,D Sandaruwan,Pasindu Lakshanka,S Nanayakkare,0,0,,,,,,"",""
ball,2,4.6,Negombo Cricket Club,D Sandaruwan,Pasindu Lakshanka,S Nanayakkare,0,0,,,,,,"",""
ball,2,5.1,Negombo Cricket Club,Pasindu Lakshanka,D Sandaruwan,LD Madushanka,0,0,,,,,,"",""
ball,2,5.2,Negombo Cricket Club,Pasindu Lakshanka,D Sandaruwan,LD Madushanka,0,0,,,,,,"",""
ball,2,5.3,Negombo Cricket Club,Pasindu Lakshanka,D Sandaruwan,LD Madushanka,0,0,,,,,,"",""
ball,2,5.4,Negombo Cricket Club,Pasindu Lakshanka,D Sandaruwan,LD Madushanka,0,0,,,,,,"",""
ball,2,5.5,Negombo Cricket Club,Pasindu Lakshanka,D Sandaruwan,LD Madushanka,0,0,,,,,,"",""
ball,2,5.6,Negombo Cricket Club,Pasindu Lakshanka,D Sandaruwan,LD Madushanka,0,0,,,,,,"",""
ball,2,6.1,Negombo Cricket Club,D Sandaruwan,Pasindu Lakshanka,I Wijesundera,0,0,,,,,,"",""
ball,2,6.2,Negombo Cricket Club,D Sandaruwan,Pasindu Lakshanka,I Wijesundera,0,0,,,,,,"",""
ball,2,6.3,Negombo Cricket Club,D Sandaruwan,Pasindu Lakshanka,I Wijesundera,0,0,,,,,,"",""
ball,2,6.4,Negombo Cricket Club,D Sandaruwan,Pasindu Lakshanka,I Wijesundera,0,0,,,,,,"",""
ball,2,6.5,Negombo Cricket Club,D Sandaruwan,Pasindu Lakshanka,I Wijesundera,0,0,,,,,,"",""
ball,2,6.6,Negombo Cricket Club,D Sandaruwan,Pasindu Lakshanka,I Wijesundera,4,0,,,,,,"",""
ball,2,7.1,Negombo Cricket Club,Pasindu Lakshanka,D Sandaruwan,LD Madushanka,0,0,,,,,,"",""
ball,2,7.2,Negombo Cricket Club,Pasindu Lakshanka,D Sandaruwan,LD Madushanka,4,0,,,,,,"",""
ball,2,7.3,Negombo Cricket Club,Pasindu Lakshanka,D Sandaruwan,LD Madushanka,4,0,,,,,,"",""
ball,2,7.4,Negombo Cricket Club,Pasindu Lakshanka,D Sandaruwan,LD Madushanka,0,0,,,,,,"",""
ball,2,7.5,Negombo Cricket Club,Pasindu Lakshanka,D Sandaruwan,LD Madushanka,0,0,,,,,,"",""
ball,2,7.6,Negombo Cricket Club,Pasindu Lakshanka,D Sandaruwan,LD Madushanka,2,0,,,,,,"",""
ball,2,8.1,Negombo Cricket Club,D Sandaruwan,Pasindu Lakshanka,I Wijesundera,0,0,,,,,,"",""
ball,2,8.2,Negombo Cricket Club,D Sandaruwan,Pasindu Lakshanka,I Wijesundera,0,0,,,,,,"",""
ball,2,8.3,Negombo Cricket Club,EMDY Munaweera,Pasindu Lakshanka,I Wijesundera,0,0,,,,,,"",""
ball,2,8.4,Negombo Cricket Club,EMDY Munaweera,Pasindu Lakshanka,I Wijesundera,1,0,,,,,,"",""
ball,2,8.5,Negombo Cricket Club,Pasindu Lakshanka,EMDY Munaweera,I Wijesundera,0,1,,1,,,,"",""
ball,2,8.6,Negombo Cricket Club,Pasindu Lakshanka,EMDY Munaweera,I Wijesundera,0,0,,,,,,caught and bowled,Pasindu Lakshanka
ball,2,8.7,Negombo Cricket Club,D Sandaruwan,EMDY Munaweera,I Wijesundera,0,0,,,,,,"",""
ball,2,9.1,Negombo Cricket Club,EMDY Munaweera,D Sandaruwan,LD Madushanka,0,0,,,,,,"",""
ball,2,9.2,Negombo Cricket Club,EMDY Munaweera,D Sandaruwan,LD Madushanka,0,0,,,,,,"",""
ball,2,9.3,Negombo Cricket Club,EMDY Munaweera,D Sandaruwan,LD Madushanka,0,0,,,,,,"",""
ball,2,9.4,Negombo Cricket Club,EMDY Munaweera,D Sandaruwan,LD Madushanka,0,0,,,,,,"",""
ball,2,9.5,Negombo Cricket Club,EMDY Munaweera,D Sandaruwan,LD Madushanka,1,0,,,,,,"",""
ball,2,9.6,Negombo Cricket Club,D Sandaruwan,EMDY Munaweera,LD Madushanka,0,0,,,,,,"",""
ball,2,10.1,Negombo Cricket Club,EMDY Munaweera,D Sandaruwan,I Wijesundera,0,0,,,,,,lbw,EMDY Munaweera
ball,2,10.2,Negombo Cricket Club,HS Liyanage,D Sandaruwan,I Wijesundera,0,0,,,,,,"",""
ball,2,10.3,Negombo Cricket Club,HS Liyanage,D Sandaruwan,I Wijesundera,0,0,,,,,,"",""
ball,2,10.4,Negombo Cricket Club,HS Liyanage,D Sandaruwan,I Wijesundera,0,0,,,,,,"",""
ball,2,10.5,Negombo Cricket Club,HS Liyanage,D Sandaruwan,I Wijesundera,1,0,,,,,,"",""
ball,2,10.6,Negombo Cricket Club,D Sandaruwan,HS Liyanage,I Wijesundera,0,0,,,,,,"",""
ball,2,11.1,Negombo Cricket Club,HS Liyanage,D Sandaruwan,LD Madushanka,0,0,,,,,,"",""
ball,2,11.2,Negombo Cricket Club,HS Liyanage,D Sandaruwan,LD Madushanka,0,0,,,,,,"",""
ball,2,11.3,Negombo Cricket Club,HS Liyanage,D Sandaruwan,LD Madushanka,0,0,,,,,,"",""
ball,2,11.4,Negombo Cricket Club,HS Liyanage,D Sandaruwan,LD Madushanka,1,0,,,,,,"",""
ball,2,11.5,Negombo Cricket Club,D Sandaruwan,HS Liyanage,LD Madushanka,4,0,,,,,,"",""
ball,2,11.6,Negombo Cricket Club,D Sandaruwan,HS Liyanage,LD Madushanka,1,0,,,,,,"",""
ball,2,12.1,Negombo Cricket Club,D Sandaruwan,HS Liyanage,I Wijesundera,0,0,,,,,,"",""
ball,2,12.2,Negombo Cricket Club,D Sandaruwan,HS Liyanage,I Wijesundera,0,0,,,,,,"",""
ball,2,12.3,Negombo Cricket Club,D Sandaruwan,HS Liyanage,I Wijesundera,1,0,,,,,,"",""
ball,2,12.4,Negombo Cricket Club,HS Liyanage,D Sandaruwan,I Wijesundera,0,0,,,,,,"",""
ball,2,12.5,Negombo Cricket Club,HS Liyanage,D Sandaruwan,I Wijesundera,0,1,,1,,,,"",""
ball,2,12.6,Negombo Cricket Club,HS Liyanage,D Sandaruwan,I Wijesundera,0,0,,,,,,"",""
ball,2,12.7,Negombo Cricket Club,HS Liyanage,D Sandaruwan,I Wijesundera,0,0,,,,,,run out,HS Liyanage
ball,2,13.1,Negombo Cricket Club,P Maduwantha,D Sandaruwan,LD Madushanka,0,0,,,,,,"",""
ball,2,13.2,Negombo Cricket Club,P Maduwantha,D Sandaruwan,LD Madushanka,0,0,,,,,,"",""
ball,2,13.3,Negombo Cricket Club,P Maduwantha,D Sandaruwan,LD Madushanka,0,0,,,,,,"",""
ball,2,13.4,Negombo Cricket Club,P Maduwantha,D Sandaruwan,LD Madushanka,0,0,,,,,,"",""
ball,2,13.5,Negombo Cricket Club,P Maduwantha,D Sandaruwan,LD Madushanka,1,0,,,,,,"",""
ball,2,13.6,Negombo Cricket Club,D Sandaruwan,P Maduwantha,LD Madushanka,0,0,,,,,,"",""
ball,2,14.1,Negombo Cricket Club,P Maduwantha,D Sandaruwan,RS Fernando,1,0,,,,,,"",""
ball,2,14.2,Negombo Cricket Club,D Sandaruwan,P Maduwantha,RS Fernando,0,0,,,,,,"",""
ball,2,14.3,Negombo Cricket Club,D Sandaruwan,P Maduwantha,RS Fernando,0,0,,,,,,"",""
ball,2,14.4,Negombo Cricket Club,D Sandaruwan,P Maduwantha,RS Fernando,0,0,,,,,,caught,D Sandaruwan
ball,2,14.5,Negombo Cricket Club,MS Warnapura,P Maduwantha,RS Fernando,0,0,,,,,,"",""
ball,2,14.6,Negombo Cricket Club,MS Warnapura,P Maduwantha,RS Fernando,4,0,,,,,,"",""
ball,2,15.1,Negombo Cricket Club,P Maduwantha,MS Warnapura,I Wijesundera,0,0,,,,,,"",""
ball,2,15.2,Negombo Cricket Club,P Maduwantha,MS Warnapura,I Wijesundera,0,0,,,,,,"",""
ball,2,15.3,Negombo Cricket Club,P Maduwantha,MS Warnapura,I Wijesundera,2,0,,,,,,"",""
ball,2,15.4,Negombo Cricket Club,P Maduwantha,MS Warnapura,I Wijesundera,0,0,,,,,,"",""
ball,2,15.5,Negombo Cricket Club,P Maduwantha,MS Warnapura,I Wijesundera,0,0,,,,,,"",""
ball,2,15.6,Negombo Cricket Club,P Maduwantha,MS Warnapura,I Wijesundera,0,0,,,,,,"",""
ball,2,16.1,Negombo Cricket Club,MS Warnapura,P Maduwantha,RS Fernando,0,4,,,4,,,"",""
ball,2,16.2,Negombo Cricket Club,MS Warnapura,P Maduwantha,RS Fernando,1,0,,,,,,"",""
ball,2,16.3,Negombo Cricket Club,P Maduwantha,MS Warnapura,RS Fernando,1,0,,,,,,"",""
ball,2,16.4,Negombo Cricket Club,MS Warnapura,P Maduwantha,RS Fernando,1,0,,,,,,"",""
ball,2,16.5,Negombo Cricket Club,P Maduwantha,MS Warnapura,RS Fernando,2,0,,,,,,"",""
ball,2,16.6,Negombo Cricket Club,P Maduwantha,MS Warnapura,RS Fernando,0,0,,,,,,"",""
ball,2,17.1,Negombo Cricket Club,MS Warnapura,P Maduwantha,I Wijesundera,0,0,,,,,,"",""
ball,2,17.2,Negombo Cricket Club,MS Warnapura,P Maduwantha,I Wijesundera,0,0,,,,,,"",""
ball,2,17.3,Negombo Cricket Club,MS Warnapura,P Maduwantha,I Wijesundera,0,0,,,,,,bowled,MS Warnapura
ball,2,17.4,Negombo Cricket Club,PSU Fernando,P Maduwantha,I Wijesundera,0,0,,,,,,"",""
ball,2,17.5,Negombo Cricket Club,PSU Fernando,P Maduwantha,I Wijesundera,0,0,,,,,,"",""
ball,2,17.6,Negombo Cricket Club,PSU Fernando,P Maduwantha,I Wijesundera,1,0,,,,,,"",""
ball,2,18.1,Negombo Cricket Club,PSU Fernando,P Maduwantha,S Nanayakkare,0,0,,,,,,bowled,PSU Fernando
ball,2,18.2,Negombo Cricket Club,HHD Sandaruwan,P Maduwantha,S Nanayakkare,1,0,,,,,,"",""
ball,2,18.3,Negombo Cricket Club,P Maduwantha,HHD Sandaruwan,S Nanayakkare,0,0,,,,,,"",""
ball,2,18.4,Negombo Cricket Club,P Maduwantha,HHD Sandaruwan,S Nanayakkare,0,0,,,,,,"",""
ball,2,18.5,Negombo Cricket Club,P Maduwantha,HHD Sandaruwan,S Nanayakkare,0,0,,,,,,"",""
ball,2,18.6,Negombo Cricket Club,P Maduwantha,HHD Sandaruwan,S Nanayakkare,0,0,,,,,,"",""
ball,2,19.1,Negombo Cricket Club,HHD Sandaruwan,P Maduwantha,I Wijesundera,0,0,,,,,,"",""
ball,2,19.2,Negombo Cricket Club,HHD Sandaruwan,P Maduwantha,I Wijesundera,0,0,,,,,,"",""
ball,2,19.3,Negombo Cricket Club,HHD Sandaruwan,P Maduwantha,I Wijesundera,0,0,,,,,,"",""
ball,2,19.4,Negombo Cricket Club,HHD Sandaruwan,P Maduwantha,I Wijesundera,0,0,,,,,,"",""
ball,2,19.5,Negombo Cricket Club,HHD Sandaruwan,P Maduwantha,I Wijesundera,0,0,,,,,,"",""
ball,2,19.6,Negombo Cricket Club,HHD Sandaruwan,P Maduwantha,I Wijesundera,0,1,,1,,,,"",""
ball,2,19.7,Negombo Cricket Club,HHD Sandaruwan,P Maduwantha,I Wijesundera,0,0,,,,,,"",""
ball,2,20.1,Negombo Cricket Club,P Maduwantha,HHD Sandaruwan,RS Fernando,0,0,,,,,,"",""
ball,2,20.2,Negombo Cricket Club,P Maduwantha,HHD Sandaruwan,RS Fernando,0,0,,,,,,"",""
ball,2,20.3,Negombo Cricket Club,P Maduwantha,HHD Sandaruwan,RS Fernando,1,0,,,,,,"",""
ball,2,20.4,Negombo Cricket Club,HHD Sandaruwan,P Maduwantha,RS Fernando,0,0,,,,,,"",""
ball,2,20.5,Negombo Cricket Club,HHD Sandaruwan,P Maduwantha,RS Fernando,4,0,,,,,,"",""
ball,2,20.6,Negombo Cricket Club,HHD Sandaruwan,P Maduwantha,RS Fernando,0,0,,,,,,"",""
ball,2,21.1,Negombo Cricket Club,P Maduwantha,HHD Sandaruwan,TN Guruge,1,0,,,,,,"",""
ball,2,21.2,Negombo Cricket Club,HHD Sandaruwan,P Maduwantha,TN Guruge,2,0,,,,,,"",""
ball,2,21.3,Negombo Cricket Club,HHD Sandaruwan,P Maduwantha,TN Guruge,0,0,,,,,,caught,HHD Sandaruwan
ball,2,21.4,Negombo Cricket Club,SADU Indrasiri,P Maduwantha,TN Guruge,0,0,,,,,,"",""
ball,2,21.5,Negombo Cricket Club,SADU Indrasiri,P Maduwantha,TN Guruge,0,0,,,,,,"",""
ball,2,21.6,Negombo Cricket Club,SADU Indrasiri,P Maduwantha,TN Guruge,0,0,,,,,,"",""
ball,2,22.1,Negombo Cricket Club,P Maduwantha,SADU Indrasiri,RS Fernando,2,0,,,,,,"",""
ball,2,22.2,Negombo Cricket Club,P Maduwantha,SADU Indrasiri,RS Fernando,4,0,,,,,,"",""
ball,2,22.3,Negombo Cricket Club,P Maduwantha,SADU Indrasiri,RS Fernando,0,0,,,,,,"",""
ball,2,22.4,Negombo Cricket Club,P Maduwantha,SADU Indrasiri,RS Fernando,0,0,,,,,,"",""
ball,2,22.5,Negombo Cricket Club,P Maduwantha,SADU Indrasiri,RS Fernando,0,0,,,,,,"",""
ball,2,22.6,Negombo Cricket Club,P Maduwantha,SADU Indrasiri,RS Fernando,1,0,,,,,,"",""
ball,2,23.1,Negombo Cricket Club,P Maduwantha,SADU Indrasiri,TN Guruge,1,0,,,,,,"",""
ball,2,23.2,Negombo Cricket Club,SADU Indrasiri,P Maduwantha,TN Guruge,0,0,,,,,,"",""
ball,2,23.3,Negombo Cricket Club,SADU Indrasiri,P Maduwantha,TN Guruge,0,0,,,,,,"",""
ball,2,23.4,Negombo Cricket Club,SADU Indrasiri,P Maduwantha,TN Guruge,0,0,,,,,,"",""
ball,2,23.5,Negombo Cricket Club,SADU Indrasiri,P Maduwantha,TN Guruge,0,0,,,,,,"",""
ball,2,23.6,Negombo Cricket Club,SADU Indrasiri,P Maduwantha,TN Guruge,0,0,,,,,,"",""
ball,2,24.1,Negombo Cricket Club,P Maduwantha,SADU Indrasiri,RS Fernando,0,0,,,,,,"",""
ball,2,24.2,Negombo Cricket Club,P Maduwantha,SADU Indrasiri,RS Fernando,0,0,,,,,,"",""
ball,2,24.3,Negombo Cricket Club,P Maduwantha,SADU Indrasiri,RS Fernando,0,0,,,,,,"",""
ball,2,24.4,Negombo Cricket Club,P Maduwantha,SADU Indrasiri,RS Fernando,1,0,,,,,,"",""
ball,2,24.5,Negombo Cricket Club,SADU Indrasiri,P Maduwantha,RS Fernando,0,0,,,,,,"",""
ball,2,24.6,Negombo Cricket Club,SADU Indrasiri,P Maduwantha,RS Fernando,0,0,,,,,,"",""
ball,2,25.1,Negombo Cricket Club,P Maduwantha,SADU Indrasiri,I Wijesundera,1,0,,,,,,"",""
ball,2,25.2,Negombo Cricket Club,SADU Indrasiri,P Maduwantha,I Wijesundera,0,0,,,,,,"",""
ball,2,25.3,Negombo Cricket Club,SADU Indrasiri,P Maduwantha,I Wijesundera,1,0,,,,,,"",""
ball,2,25.4,Negombo Cricket Club,P Maduwantha,SADU Indrasiri,I Wijesundera,0,0,,,,,,"",""
ball,2,25.5,Negombo Cricket Club,P Maduwantha,SADU Indrasiri,I Wijesundera,0,0,,,,,,"",""
ball,2,25.6,Negombo Cricket Club,P Maduwantha,SADU Indrasiri,I Wijesundera,4,0,,,,,,"",""
ball,2,26.1,Negombo Cricket Club,SADU Indrasiri,P Maduwantha,RS Fernando,0,0,,,,,,"",""
ball,2,26.2,Negombo Cricket Club,SADU Indrasiri,P Maduwantha,RS Fernando,0,0,,,,,,"",""
ball,2,26.3,Negombo Cricket Club,SADU Indrasiri,P Maduwantha,RS Fernando,1,0,,,,,,"",""
ball,2,26.4,Negombo Cricket Club,P Maduwantha,SADU Indrasiri,RS Fernando,0,0,,,,,,"",""
ball,2,26.5,Negombo Cricket Club,P Maduwantha,SADU Indrasiri,RS Fernando,0,0,,,,,,"",""
ball,2,26.6,Negombo Cricket Club,P Maduwantha,SADU Indrasiri,RS Fernando,0,0,,,,,,"",""
ball,2,27.1,Negombo Cricket Club,SADU Indrasiri,P Maduwantha,I Wijesundera,0,0,,,,,,"",""
ball,2,27.2,Negombo Cricket Club,SADU Indrasiri,P Maduwantha,I Wijesundera,0,0,,,,,,"",""
ball,2,27.3,Negombo Cricket Club,SADU Indrasiri,P Maduwantha,I Wijesundera,0,0,,,,,,"",""
ball,2,27.4,Negombo Cricket Club,SADU Indrasiri,P Maduwantha,I Wijesundera,0,0,,,,,,"",""
ball,2,27.5,Negombo Cricket Club,SADU Indrasiri,P Maduwantha,I Wijesundera,0,0,,,,,,"",""
ball,2,27.6,Negombo Cricket Club,SADU Indrasiri,P Maduwantha,I Wijesundera,1,0,,,,,,"",""
ball,2,28.1,Negombo Cricket Club,SADU Indrasiri,P Maduwantha,RS Fernando,0,0,,,,,,"",""
ball,2,28.2,Negombo Cricket Club,SADU Indrasiri,P Maduwantha,RS Fernando,0,0,,,,,,"",""
ball,2,28.3,Negombo Cricket Club,SADU Indrasiri,P Maduwantha,RS Fernando,1,0,,,,,,"",""
ball,2,28.4,Negombo Cricket Club,P Maduwantha,SADU Indrasiri,RS Fernando,1,0,,,,,,"",""
ball,2,28.5,Negombo Cricket Club,SADU Indrasiri,P Maduwantha,RS Fernando,1,0,,,,,,"",""
ball,2,28.6,Negombo Cricket Club,P Maduwantha,SADU Indrasiri,RS Fernando,1,0,,,,,,"",""
ball,2,29.1,Negombo Cricket Club,P Maduwantha,SADU Indrasiri,I Wijesundera,3,0,,,,,,"",""
ball,2,29.2,Negombo Cricket Club,SADU Indrasiri,P Maduwantha,I Wijesundera,0,0,,,,,,"",""
ball,2,29.3,Negombo Cricket Club,SADU Indrasiri,P Maduwantha,I Wijesundera,0,0,,,,,,"",""
ball,2,29.4,Negombo Cricket Club,SADU Indrasiri,P Maduwantha,I Wijesundera,0,0,,,,,,"",""
ball,2,29.5,Negombo Cricket Club,SADU Indrasiri,P Maduwantha,I Wijesundera,0,1,,1,,,,"",""
ball,2,29.6,Negombo Cricket Club,SADU Indrasiri,P Maduwantha,I Wijesundera,0,0,,,,,,"",""
ball,2,29.7,Negombo Cricket Club,SADU Indrasiri,P Maduwantha,I Wijesundera,1,0,,,,,,"",""
ball,2,30.1,Negombo Cricket Club,SADU Indrasiri,P Maduwantha,S Nanayakkare,0,0,,,,,,"",""
ball,2,30.2,Negombo Cricket Club,SADU Indrasiri,P Maduwantha,S Nanayakkare,1,0,,,,,,"",""
ball,2,30.3,Negombo Cricket Club,P Maduwantha,SADU Indrasiri,S Nanayakkare,1,0,,,,,,"",""
ball,2,30.4,Negombo Cricket Club,SADU Indrasiri,P Maduwantha,S Nanayakkare,0,0,,,,,,"",""
ball,2,30.5,Negombo Cricket Club,SADU Indrasiri,P Maduwantha,S Nanayakkare,0,0,,,,,,"",""
ball,2,30.6,Negombo Cricket Club,SADU Indrasiri,P Maduwantha,S Nanayakkare,0,0,,,,,,"",""
ball,2,31.1,Negombo Cricket Club,P Maduwantha,SADU Indrasiri,TN Guruge,0,0,,,,,,"",""
ball,2,31.2,Negombo Cricket Club,P Maduwantha,SADU Indrasiri,TN Guruge,0,0,,,,,,"",""
ball,2,31.3,Negombo Cricket Club,P Maduwantha,SADU Indrasiri,TN Guruge,0,0,,,,,,"",""
ball,2,31.4,Negombo Cricket Club,P Maduwantha,SADU Indrasiri,TN Guruge,0,0,,,,,,"",""
ball,2,31.5,Negombo Cricket Club,P Maduwantha,SADU Indrasiri,TN Guruge,0,0,,,,,,"",""
ball,2,31.6,Negombo Cricket Club,P Maduwantha,SADU Indrasiri,TN Guruge,0,0,,,,,,"",""
ball,2,32.1,Negombo Cricket Club,SADU Indrasiri,P Maduwantha,S Nanayakkare,0,0,,,,,,"",""
ball,2,32.2,Negombo Cricket Club,SADU Indrasiri,P Maduwantha,S Nanayakkare,0,0,,,,,,"",""
ball,2,32.3,Negombo Cricket Club,SADU Indrasiri,P Maduwantha,S Nanayakkare,0,0,,,,,,"",""
ball,2,32.4,Negombo Cricket Club,SADU Indrasiri,P Maduwantha,S Nanayakkare,0,0,,,,,,"",""
ball,2,32.5,Negombo Cricket Club,SADU Indrasiri,P Maduwantha,S Nanayakkare,0,0,,,,,,"",""
ball,2,32.6,Negombo Cricket Club,SADU Indrasiri,P Maduwantha,S Nanayakkare,0,0,,,,,,"",""
ball,2,33.1,Negombo Cricket Club,P Maduwantha,SADU Indrasiri,TN Guruge,0,0,,,,,,"",""
ball,2,33.2,Negombo Cricket Club,P Maduwantha,SADU Indrasiri,TN Guruge,0,0,,,,,,"",""
ball,2,33.3,Negombo Cricket Club,P Maduwantha,SADU Indrasiri,TN Guruge,1,0,,,,,,"",""
ball,2,33.4,Negombo Cricket Club,SADU Indrasiri,P Maduwantha,TN Guruge,0,0,,,,,,"",""
ball,2,33.5,Negombo Cricket Club,SADU Indrasiri,P Maduwantha,TN Guruge,0,0,,,,,,"",""
ball,2,33.6,Negombo Cricket Club,SADU Indrasiri,P Maduwantha,TN Guruge,0,0,,,,,,"",""
ball,2,34.1,Negombo Cricket Club,P Maduwantha,SADU Indrasiri,S Nanayakkare,1,0,,,,,,"",""
ball,2,34.2,Negombo Cricket Club,SADU Indrasiri,P Maduwantha,S Nanayakkare,0,0,,,,,,"",""
ball,2,34.3,Negombo Cricket Club,SADU Indrasiri,P Maduwantha,S Nanayakkare,0,0,,,,,,"",""
ball,2,34.4,Negombo Cricket Club,SADU Indrasiri,P Maduwantha,S Nanayakkare,0,0,,,,,,"",""
ball,2,34.5,Negombo Cricket Club,SADU Indrasiri,P Maduwantha,S Nanayakkare,1,0,,,,,,"",""
ball,2,34.6,Negombo Cricket Club,P Maduwantha,SADU Indrasiri,S Nanayakkare,1,0,,,,,,"",""
ball,2,35.1,Negombo Cricket Club,P Maduwantha,SADU Indrasiri,LD Madushanka,1,0,,,,,,"",""
ball,2,35.2,Negombo Cricket Club,SADU Indrasiri,P Maduwantha,LD Madushanka,0,0,,,,,,"",""
ball,2,35.3,Negombo Cricket Club,SADU Indrasiri,P Maduwantha,LD Madushanka,0,0,,,,,,"",""
ball,2,35.4,Negombo Cricket Club,SADU Indrasiri,P Maduwantha,LD Madushanka,0,0,,,,,,"",""
ball,2,35.5,Negombo Cricket Club,SADU Indrasiri,P Maduwantha,LD Madushanka,0,0,,,,,,"",""
ball,2,35.6,Negombo Cricket Club,SADU Indrasiri,P Maduwantha,LD Madushanka,0,0,,,,,,"",""
ball,2,36.1,Negombo Cricket Club,P Maduwantha,SADU Indrasiri,S Nanayakkare,0,0,,,,,,"",""
ball,2,36.2,Negombo Cricket Club,P Maduwantha,SADU Indrasiri,S Nanayakkare,1,0,,,,,,"",""
ball,2,36.3,Negombo Cricket Club,SADU Indrasiri,P Maduwantha,S Nanayakkare,1,0,,,,,,"",""
ball,2,36.4,Negombo Cricket Club,P Maduwantha,SADU Indrasiri,S Nanayakkare,1,0,,,,,,"",""
ball,2,36.5,Negombo Cricket Club,SADU Indrasiri,P Maduwantha,S Nanayakkare,1,0,,,,,,"",""
ball,2,36.6,Negombo Cricket Club,P Maduwantha,SADU Indrasiri,S Nanayakkare,1,0,,,,,,"",""
ball,2,37.1,Negombo Cricket Club,P Maduwantha,SADU Indrasiri,LD Madushanka,0,0,,,,,,"",""
ball,2,37.2,Negombo Cricket Club,P Maduwantha,SADU Indrasiri,LD Madushanka,0,0,,,,,,"",""
ball,2,37.3,Negombo Cricket Club,P Maduwantha,SADU Indrasiri,LD Madushanka,0,0,,,,,,"",""
ball,2,37.4,Negombo Cricket Club,P Maduwantha,SADU Indrasiri,LD Madushanka,0,0,,,,,,"",""
ball,2,37.5,Negombo Cricket Club,P Maduwantha,SADU Indrasiri,LD Madushanka,1,0,,,,,,"",""
ball,2,37.6,Negombo Cricket Club,SADU Indrasiri,P Maduwantha,LD Madushanka,0,0,,,,,,"",""
ball,2,38.1,Negombo Cricket Club,P Maduwantha,SADU Indrasiri,S Nanayakkare,1,0,,,,,,"",""
ball,2,38.2,Negombo Cricket Club,SADU Indrasiri,P Maduwantha,S Nanayakkare,0,0,,,,,,"",""
ball,2,38.3,Negombo Cricket Club,SADU Indrasiri,P Maduwantha,S Nanayakkare,0,0,,,,,,"",""
ball,2,38.4,Negombo Cricket Club,SADU Indrasiri,P Maduwantha,S Nanayakkare,0,0,,,,,,"",""
ball,2,38.5,Negombo Cricket Club,SADU Indrasiri,P Maduwantha,S Nanayakkare,2,0,,,,,,"",""
ball,2,38.6,Negombo Cricket Club,SADU Indrasiri,P Maduwantha,S Nanayakkare,1,0,,,,,,"",""
ball,2,39.1,Negombo Cricket Club,SADU Indrasiri,P Maduwantha,RS Fernando,0,0,,,,,,"",""
ball,2,39.2,Negombo Cricket Club,SADU Indrasiri,P Maduwantha,RS Fernando,1,0,,,,,,"",""
ball,2,39.3,Negombo Cricket Club,P Maduwantha,SADU Indrasiri,RS Fernando,0,0,,,,,,"",""
ball,2,39.4,Negombo Cricket Club,P Maduwantha,SADU Indrasiri,RS Fernando,0,0,,,,,,"",""
ball,2,39.5,Negombo Cricket Club,P Maduwantha,SADU Indrasiri,RS Fernando,0,0,,,,,,"",""
ball,2,39.6,Negombo Cricket Club,P Maduwantha,SADU Indrasiri,RS Fernando,0,0,,,,,,"",""
ball,2,40.1,Negombo Cricket Club,SADU Indrasiri,P Maduwantha,S Nanayakkare,0,0,,,,,,"",""
ball,2,40.2,Negombo Cricket Club,SADU Indrasiri,P Maduwantha,S Nanayakkare,1,0,,,,,,"",""
ball,2,40.3,Negombo Cricket Club,P Maduwantha,SADU Indrasiri,S Nanayakkare,1,0,,,,,,"",""
ball,2,40.4,Negombo Cricket Club,SADU Indrasiri,P Maduwantha,S Nanayakkare,1,0,,,,,,"",""
ball,2,40.5,Negombo Cricket Club,P Maduwantha,SADU Indrasiri,S Nanayakkare,2,0,,,,,,"",""
ball,2,40.6,Negombo Cricket Club,P Maduwantha,SADU Indrasiri,S Nanayakkare,0,0,,,,,,"",""
ball,2,41.1,Negombo Cricket Club,SADU Indrasiri,P Maduwantha,RS Fernando,0,0,,,,,,"",""
ball,2,41.2,Negombo Cricket Club,SADU Indrasiri,P Maduwantha,RS Fernando,0,0,,,,,,"",""
ball,2,41.3,Negombo Cricket Club,SADU Indrasiri,P Maduwantha,RS Fernando,1,0,,,,,,"",""
ball,2,41.4,Negombo Cricket Club,P Maduwantha,SADU Indrasiri,RS Fernando,0,0,,,,,,"",""
ball,2,41.5,Negombo Cricket Club,P Maduwantha,SADU Indrasiri,RS Fernando,0,0,,,,,,"",""
ball,2,41.6,Negombo Cricket Club,P Maduwantha,SADU Indrasiri,RS Fernando,0,0,,,,,,"",""
ball,2,42.1,Negombo Cricket Club,SADU Indrasiri,P Maduwantha,TN Guruge,2,0,,,,,,"",""
ball,2,42.2,Negombo Cricket Club,SADU Indrasiri,P Maduwantha,TN Guruge,0,0,,,,,,"",""
ball,2,42.3,Negombo Cricket Club,SADU Indrasiri,P Maduwantha,TN Guruge,0,0,,,,,,"",""
ball,2,42.4,Negombo Cricket Club,SADU Indrasiri,P Maduwantha,TN Guruge,0,0,,,,,,"",""
ball,2,42.5,Negombo Cricket Club,SADU Indrasiri,P Maduwantha,TN Guruge,0,0,,,,,,"",""
ball,2,42.6,Negombo Cricket Club,SADU Indrasiri,P Maduwantha,TN Guruge,0,0,,,,,,"",""
ball,2,43.1,Negombo Cricket Club,P Maduwantha,SADU Indrasiri,RS Fernando,1,0,,,,,,"",""
ball,2,43.2,Negombo Cricket Club,SADU Indrasiri,P Maduwantha,RS Fernando,0,0,,,,,,"",""
ball,2,43.3,Negombo Cricket Club,SADU Indrasiri,P Maduwantha,RS Fernando,0,0,,,,,,"",""
ball,2,43.4,Negombo Cricket Club,SADU Indrasiri,P Maduwantha,RS Fernando,0,0,,,,,,"",""
ball,2,43.5,Negombo Cricket Club,SADU Indrasiri,P Maduwantha,RS Fernando,0,0,,,,,,"",""
ball,2,43.6,Negombo Cricket Club,SADU Indrasiri,P Maduwantha,RS Fernando,0,0,,,,,,"",""
ball,2,44.1,Negombo Cricket Club,P Maduwantha,SADU Indrasiri,TN Guruge,0,0,,,,,,"",""
ball,2,44.2,Negombo Cricket Club,P Maduwantha,SADU Indrasiri,TN Guruge,0,0,,,,,,"",""
ball,2,44.3,Negombo Cricket Club,P Maduwantha,SADU Indrasiri,TN Guruge,1,0,,,,,,"",""
ball,2,44.4,Negombo Cricket Club,SADU Indrasiri,P Maduwantha,TN Guruge,0,0,,,,,,"",""
ball,2,44.5,Negombo Cricket Club,SADU Indrasiri,P Maduwantha,TN Guruge,0,0,,,,,,"",""
ball,2,44.6,Negombo Cricket Club,SADU Indrasiri,P Maduwantha,TN Guruge,0,0,,,,,,"",""
ball,2,45.1,Negombo Cricket Club,P Maduwantha,SADU Indrasiri,RS Fernando,0,0,,,,,,"",""
ball,2,45.2,Negombo Cricket Club,P Maduwantha,SADU Indrasiri,RS Fernando,0,0,,,,,,"",""
ball,2,45.3,Negombo Cricket Club,P Maduwantha,SADU Indrasiri,RS Fernando,0,0,,,,,,"",""
ball,2,45.4,Negombo Cricket Club,P Maduwantha,SADU Indrasiri,RS Fernando,0,0,,,,,,"",""
ball,2,45.5,Negombo Cricket Club,P Maduwantha,SADU Indrasiri,RS Fernando,1,0,,,,,,"",""
ball,2,45.6,Negombo Cricket Club,SADU Indrasiri,P Maduwantha,RS Fernando,0,0,,,,,,"",""
ball,2,46.1,Negombo Cricket Club,P Maduwantha,SADU Indrasiri,TN Guruge,0,0,,,,,,"",""
ball,2,46.2,Negombo Cricket Club,P Maduwantha,SADU Indrasiri,TN Guruge,0,0,,,,,,"",""
ball,2,46.3,Negombo Cricket Club,P Maduwantha,SADU Indrasiri,TN Guruge,0,0,,,,,,"",""
ball,2,46.4,Negombo Cricket Club,P Maduwantha,SADU Indrasiri,TN Guruge,1,0,,,,,,"",""
ball,2,46.5,Negombo Cricket Club,SADU Indrasiri,P Maduwantha,TN Guruge,1,0,,,,,,"",""
ball,2,46.6,Negombo Cricket Club,P Maduwantha,SADU Indrasiri,TN Guruge,1,0,,,,,,"",""
ball,2,47.1,Negombo Cricket Club,P Maduwantha,SADU Indrasiri,I Wijesundera,0,0,,,,,,"",""
ball,2,47.2,Negombo Cricket Club,P Maduwantha,SADU Indrasiri,I Wijesundera,1,0,,,,,,"",""
ball,2,47.3,Negombo Cricket Club,SADU Indrasiri,P Maduwantha,I Wijesundera,0,0,,,,,,"",""
ball,2,47.4,Negombo Cricket Club,SADU Indrasiri,P Maduwantha,I Wijesundera,0,0,,,,,,"",""
ball,2,47.5,Negombo Cricket Club,SADU Indrasiri,P Maduwantha,I Wijesundera,0,0,,,,,,"",""
ball,2,47.6,Negombo Cricket Club,SADU Indrasiri,P Maduwantha,I Wijesundera,1,0,,,,,,"",""
ball,2,48.1,Negombo Cricket Club,SADU Indrasiri,P Maduwantha,RS Fernando,0,0,,,,,,"",""
ball,2,48.2,Negombo Cricket Club,SADU Indrasiri,P Maduwantha,RS Fernando,1,0,,,,,,"",""
ball,2,48.3,Negombo Cricket Club,P Maduwantha,SADU Indrasiri,RS Fernando,0,0,,,,,,"",""
ball,2,48.4,Negombo Cricket Club,P Maduwantha,SADU Indrasiri,RS Fernando,0,0,,,,,,"",""
ball,2,48.5,Negombo Cricket Club,P Maduwantha,SADU Indrasiri,RS Fernando,0,0,,,,,,"",""
ball,2,48.6,Negombo Cricket Club,P Maduwantha,SADU Indrasiri,RS Fernando,0,0,,,,,,"",""
ball,2,49.1,Negombo Cricket Club,SADU Indrasiri,P Maduwantha,I Wijesundera,1,0,,,,,,"",""
ball,2,49.2,Negombo Cricket Club,P Maduwantha,SADU Indrasiri,I Wijesundera,0,0,,,,,,"",""
ball,2,49.3,Negombo Cricket Club,P Maduwantha,SADU Indrasiri,I Wijesundera,0,0,,,,,,"",""
ball,2,49.4,Negombo Cricket Club,P Maduwantha,SADU Indrasiri,I Wijesundera,0,0,,,,,,"",""
ball,2,49.5,Negombo Cricket Club,P Maduwantha,SADU Indrasiri,I Wijesundera,0,0,,,,,,"",""
ball,2,49.6,Negombo Cricket Club,P Maduwantha,SADU Indrasiri,I Wijesundera,0,0,,,,,,"",""
ball,2,50.1,Negombo Cricket Club,SADU Indrasiri,P Maduwantha,RS Fernando,0,1,,,,1,,"",""
ball,2,50.2,Negombo Cricket Club,P Maduwantha,SADU Indrasiri,RS Fernando,1,0,,,,,,"",""
ball,2,50.3,Negombo Cricket Club,SADU Indrasiri,P Maduwantha,RS Fernando,0,0,,,,,,bowled,SADU Indrasiri
ball,2,50.4,Negombo Cricket Club,WRC Fernando,P Maduwantha,RS Fernando,0,0,,,,,,"",""
ball,2,50.5,Negombo Cricket Club,WRC Fernando,P Maduwantha,RS Fernando,0,0,,,,,,"",""
ball,2,50.6,Negombo Cricket Club,WRC Fernando,P Maduwantha,RS Fernando,2,0,,,,,,"",""
ball,2,51.1,Negombo Cricket Club,P Maduwantha,WRC Fernando,I Wijesundera,0,0,,,,,,"",""
ball,2,51.2,Negombo Cricket Club,P Maduwantha,WRC Fernando,I Wijesundera,0,0,,,,,,"",""
ball,2,51.3,Negombo Cricket Club,P Maduwantha,WRC Fernando,I Wijesundera,0,0,,,,,,"",""
ball,2,51.4,Negombo Cricket Club,P Maduwantha,WRC Fernando,I Wijesundera,0,0,,,,,,"",""
ball,2,51.5,Negombo Cricket Club,P Maduwantha,WRC Fernando,I Wijesundera,4,0,,,,,,"",""
ball,2,51.6,Negombo Cricket Club,P Maduwantha,WRC Fernando,I Wijesundera,1,0,,,,,,"",""
ball,2,52.1,Negombo Cricket Club,P Maduwantha,WRC Fernando,RS Fernando,0,0,,,,,,"",""
ball,2,52.2,Negombo Cricket Club,P Maduwantha,WRC Fernando,RS Fernando,0,0,,,,,,"",""
ball,2,52.3,Negombo Cricket Club,P Maduwantha,WRC Fernando,RS Fernando,0,0,,,,,,"",""
ball,2,52.4,Negombo Cricket Club,P Maduwantha,WRC Fernando,RS Fernando,0,0,,,,,,"",""
ball,2,52.5,Negombo Cricket Club,P Maduwantha,WRC Fernando,RS Fernando,0,0,,,,,,"",""
ball,2,52.6,Negombo Cricket Club,P Maduwantha,WRC Fernando,RS Fernando,0,0,,,,,,caught,P Maduwantha
ball,3,0.1,Bloomfield Cricket and Athletic Club,H Boyagoda,KY de Silva,D Sandaruwan,0,0,,,,,,"",""
ball,3,0.2,Bloomfield Cricket and Athletic Club,H Boyagoda,KY de Silva,D Sandaruwan,0,0,,,,,,"",""
ball,3,0.3,Bloomfield Cricket and Athletic Club,H Boyagoda,KY de Silva,D Sandaruwan,2,0,,,,,,"",""
ball,3,0.4,Bloomfield Cricket and Athletic Club,H Boyagoda,KY de Silva,D Sandaruwan,0,0,,,,,,"",""
ball,3,0.5,Bloomfield Cricket and Athletic Club,H Boyagoda,KY de Silva,D Sandaruwan,0,0,,,,,,"",""
ball,3,0.6,Bloomfield Cricket and Athletic Club,H Boyagoda,KY de Silva,D Sandaruwan,0,0,,,,,,"",""
ball,3,1.1,Bloomfield Cricket and Athletic Club,KY de Silva,H Boyagoda,MS Warnapura,0,0,,,,,,"",""
ball,3,1.2,Bloomfield Cricket and Athletic Club,KY de Silva,H Boyagoda,MS Warnapura,0,0,,,,,,"",""
ball,3,1.3,Bloomfield Cricket and Athletic Club,KY de Silva,H Boyagoda,MS Warnapura,0,0,,,,,,"",""
ball,3,1.4,Bloomfield Cricket and Athletic Club,KY de Silva,H Boyagoda,MS Warnapura,0,0,,,,,,"",""
ball,3,1.5,Bloomfield Cricket and Athletic Club,KY de Silva,H Boyagoda,MS Warnapura,0,0,,,,,,"",""
ball,3,1.6,Bloomfield Cricket and Athletic Club,KY de Silva,H Boyagoda,MS Warnapura,0,0,,,,,,"",""
ball,3,2.1,Bloomfield Cricket and Athletic Club,H Boyagoda,KY de Silva,D Sandaruwan,0,0,,,,,,"",""
ball,3,2.2,Bloomfield Cricket and Athletic Club,H Boyagoda,KY de Silva,D Sandaruwan,0,0,,,,,,"",""
ball,3,2.3,Bloomfield Cricket and Athletic Club,H Boyagoda,KY de Silva,D Sandaruwan,0,0,,,,,,"",""
ball,3,2.4,Bloomfield Cricket and Athletic Club,H Boyagoda,KY de Silva,D Sandaruwan,4,0,,,,,,"",""
ball,3,2.5,Bloomfield Cricket and Athletic Club,H Boyagoda,KY de Silva,D Sandaruwan,0,0,,,,,,"",""
ball,3,2.6,Bloomfield Cricket and Athletic Club,H Boyagoda,KY de Silva,D Sandaruwan,0,0,,,,,,"",""
ball,3,3.1,Bloomfield Cricket and Athletic Club,KY de Silva,H Boyagoda,EMDY Munaweera,0,0,,,,,,"",""
ball,3,3.2,Bloomfield Cricket and Athletic Club,KY de Silva,H Boyagoda,EMDY Munaweera,2,0,,,,,,"",""
ball,3,3.3,Bloomfield Cricket and Athletic Club,KY de Silva,H Boyagoda,EMDY Munaweera,0,0,,,,,,"",""
ball,3,3.4,Bloomfield Cricket and Athletic Club,KY de Silva,H Boyagoda,EMDY Munaweera,0,0,,,,,,"",""
ball,3,3.5,Bloomfield Cricket and Athletic Club,KY de Silva,H Boyagoda,EMDY Munaweera,1,0,,,,,,"",""
ball,3,3.6,Bloomfield Cricket and Athletic Club,H Boyagoda,KY de Silva,EMDY Munaweera,1,0,,,,,,"",""
ball,3,4.1,Bloomfield Cricket and Athletic Club,H Boyagoda,KY de Silva,D Sandaruwan,0,0,,,,,,"",""
ball,3,4.2,Bloomfield Cricket and Athletic Club,H Boyagoda,KY de Silva,D Sandaruwan,2,0,,,,,,"",""
ball,3,4.3,Bloomfield Cricket and Athletic Club,H Boyagoda,KY de Silva,D Sandaruwan,0,0,,,,,,"",""
ball,3,4.4,Bloomfield Cricket and Athletic Club,H Boyagoda,KY de Silva,D Sandaruwan,0,0,,,,,,"",""
ball,3,4.5,Bloomfield Cricket and Athletic Club,H Boyagoda,KY de Silva,D Sandaruwan,0,0,,,,,,"",""
ball,3,4.6,Bloomfield Cricket and Athletic Club,H Boyagoda,KY de Silva,D Sandaruwan,0,0,,,,,,"",""
ball,3,5.1,Bloomfield Cricket and Athletic Club,KY de Silva,H Boyagoda,EMDY Munaweera,4,0,,,,,,"",""
ball,3,5.2,Bloomfield Cricket and Athletic Club,KY de Silva,H Boyagoda,EMDY Munaweera,4,0,,,,,,"",""
ball,3,5.3,Bloomfield Cricket and Athletic Club,KY de Silva,H Boyagoda,EMDY Munaweera,0,0,,,,,,"",""
ball,3,5.4,Bloomfield Cricket and Athletic Club,KY de Silva,H Boyagoda,EMDY Munaweera,1,0,,,,,,"",""
ball,3,5.5,Bloomfield Cricket and Athletic Club,H Boyagoda,KY de Silva,EMDY Munaweera,1,0,,,,,,"",""
ball,3,5.6,Bloomfield Cricket and Athletic Club,KY de Silva,H Boyagoda,EMDY Munaweera,0,0,,,,,,"",""
ball,3,6.1,Bloomfield Cricket and Athletic Club,H Boyagoda,KY de Silva,MS Warnapura,1,0,,,,,,"",""
ball,3,6.2,Bloomfield Cricket and Athletic Club,KY de Silva,H Boyagoda,MS Warnapura,0,0,,,,,,"",""
ball,3,6.3,Bloomfield Cricket and Athletic Club,KY de Silva,H Boyagoda,MS Warnapura,0,0,,,,,,"",""
ball,3,6.4,Bloomfield Cricket and Athletic Club,KY de Silva,H Boyagoda,MS Warnapura,0,0,,,,,,"",""
ball,3,6.5,Bloomfield Cricket and Athletic Club,KY de Silva,H Boyagoda,MS Warnapura,0,0,,,,,,"",""
ball,3,6.6,Bloomfield Cricket and Athletic Club,KY de Silva,H Boyagoda,MS Warnapura,0,0,,,,,,"",""
ball,3,7.1,Bloomfield Cricket and Athletic Club,H Boyagoda,KY de Silva,D Sandaruwan,0,0,,,,,,"",""
ball,3,7.2,Bloomfield Cricket and Athletic Club,H Boyagoda,KY de Silva,D Sandaruwan,0,0,,,,,,"",""
ball,3,7.3,Bloomfield Cricket and Athletic Club,H Boyagoda,KY de Silva,D Sandaruwan,0,0,,,,,,"",""
ball,3,7.4,Bloomfield Cricket and Athletic Club,H Boyagoda,KY de Silva,D Sandaruwan,0,0,,,,,,"",""
ball,3,7.5,Bloomfield Cricket and Athletic Club,H Boyagoda,KY de Silva,D Sandaruwan,0,0,,,,,,"",""
ball,3,7.6,Bloomfield Cricket and Athletic Club,H Boyagoda,KY de Silva,D Sandaruwan,0,0,,,,,,"",""
ball,3,8.1,Bloomfield Cricket and Athletic Club,KY de Silva,H Boyagoda,WRC Fernando,1,0,,,,,,"",""
ball,3,8.2,Bloomfield Cricket and Athletic Club,H Boyagoda,KY de Silva,WRC Fernando,0,0,,,,,,"",""
ball,3,8.3,Bloomfield Cricket and Athletic Club,H Boyagoda,KY de Silva,WRC Fernando,0,0,,,,,,"",""
ball,3,8.4,Bloomfield Cricket and Athletic Club,H Boyagoda,KY de Silva,WRC Fernando,0,0,,,,,,"",""
ball,3,8.5,Bloomfield Cricket and Athletic Club,H Boyagoda,KY de Silva,WRC Fernando,0,0,,,,,,"",""
ball,3,8.6,Bloomfield Cricket and Athletic Club,H Boyagoda,KY de Silva,WRC Fernando,1,0,,,,,,"",""
ball,3,9.1,Bloomfield Cricket and Athletic Club,H Boyagoda,KY de Silva,SADU Indrasiri,0,0,,,,,,"",""
ball,3,9.2,Bloomfield Cricket and Athletic Club,H Boyagoda,KY de Silva,SADU Indrasiri,0,0,,,,,,lbw,H Boyagoda
ball,3,9.3,Bloomfield Cricket and Athletic Club,RK Chandraguptha,KY de Silva,SADU Indrasiri,0,0,,,,,,"",""
ball,3,9.4,Bloomfield Cricket and Athletic Club,RK Chandraguptha,KY de Silva,SADU Indrasiri,0,0,,,,,,"",""
ball,3,9.5,Bloomfield Cricket and Athletic Club,RK Chandraguptha,KY de Silva,SADU Indrasiri,0,0,,,,,,"",""
ball,3,9.6,Bloomfield Cricket and Athletic Club,RK Chandraguptha,KY de Silva,SADU Indrasiri,0,0,,,,,,"",""
ball,3,10.1,Bloomfield Cricket and Athletic Club,KY de Silva,RK Chandraguptha,WRC Fernando,0,0,,,,,,"",""
ball,3,10.2,Bloomfield Cricket and Athletic Club,KY de Silva,RK Chandraguptha,WRC Fernando,0,0,,,,,,"",""
ball,3,10.3,Bloomfield Cricket and Athletic Club,KY de Silva,RK Chandraguptha,WRC Fernando,0,0,,,,,,"",""
ball,3,10.4,Bloomfield Cricket and Athletic Club,KY de Silva,RK Chandraguptha,WRC Fernando,0,0,,,,,,"",""
ball,3,10.5,Bloomfield Cricket and Athletic Club,KY de Silva,RK Chandraguptha,WRC Fernando,0,0,,,,,,"",""
ball,3,10.6,Bloomfield Cricket and Athletic Club,KY de Silva,RK Chandraguptha,WRC Fernando,0,0,,,,,,"",""
ball,3,11.1,Bloomfield Cricket and Athletic Club,RK Chandraguptha,KY de Silva,SADU Indrasiri,1,0,,,,,,"",""
ball,3,11.2,Bloomfield Cricket and Athletic Club,KY de Silva,RK Chandraguptha,SADU Indrasiri,1,0,,,,,,"",""
ball,3,11.3,Bloomfield Cricket and Athletic Club,RK Chandraguptha,KY de Silva,SADU Indrasiri,0,0,,,,,,"",""
ball,3,11.4,Bloomfield Cricket and Athletic Club,RK Chandraguptha,KY de Silva,SADU Indrasiri,1,0,,,,,,"",""
ball,3,11.5,Bloomfield Cricket and Athletic Club,KY de Silva,RK Chandraguptha,SADU Indrasiri,1,0,,,,,,"",""
ball,3,11.6,Bloomfield Cricket and Athletic Club,RK Chandraguptha,KY de Silva,SADU Indrasiri,0,0,,,,,,"",""
ball,3,12.1,Bloomfield Cricket and Athletic Club,KY de Silva,RK Chandraguptha,WRC Fernando,0,0,,,,,,"",""
ball,3,12.2,Bloomfield Cricket and Athletic Club,KY de Silva,RK Chandraguptha,WRC Fernando,0,0,,,,,,"",""
ball,3,12.3,Bloomfield Cricket and Athletic Club,KY de Silva,RK Chandraguptha,WRC Fernando,0,0,,,,,,"",""
ball,3,12.4,Bloomfield Cricket and Athletic Club,KY de Silva,RK Chandraguptha,WRC Fernando,0,0,,,,,,"",""
ball,3,12.5,Bloomfield Cricket and Athletic Club,KY de Silva,RK Chandraguptha,WRC Fernando,1,0,,,,,,"",""
ball,3,12.6,Bloomfield Cricket and Athletic Club,RK Chandraguptha,KY de Silva,WRC Fernando,0,0,,,,,,"",""
ball,3,13.1,Bloomfield Cricket and Athletic Club,KY de Silva,RK Chandraguptha,EMDY Munaweera,0,0,,,,,,"",""
ball,3,13.2,Bloomfield Cricket and Athletic Club,KY de Silva,RK Chandraguptha,EMDY Munaweera,1,0,,,,,,"",""
ball,3,13.3,Bloomfield Cricket and Athletic Club,RK Chandraguptha,KY de Silva,EMDY Munaweera,0,0,,,,,,"",""
ball,3,13.4,Bloomfield Cricket and Athletic Club,RK Chandraguptha,KY de Silva,EMDY Munaweera,0,0,,,,,,"",""
ball,3,13.5,Bloomfield Cricket and Athletic Club,RK Chandraguptha,KY de Silva,EMDY Munaweera,1,0,,,,,,"",""
ball,3,13.6,Bloomfield Cricket and Athletic Club,KY de Silva,RK Chandraguptha,EMDY Munaweera,0,0,,,,,,"",""
ball,3,14.1,Bloomfield Cricket and Athletic Club,RK Chandraguptha,KY de Silva,WRC Fernando,0,0,,,,,,"",""
ball,3,14.2,Bloomfield Cricket and Athletic Club,RK Chandraguptha,KY de Silva,WRC Fernando,0,0,,,,,,"",""
ball,3,14.3,Bloomfield Cricket and Athletic Club,RK Chandraguptha,KY de Silva,WRC Fernando,0,0,,,,,,"",""
ball,3,14.4,Bloomfield Cricket and Athletic Club,RK Chandraguptha,KY de Silva,WRC Fernando,0,0,,,,,,"",""
ball,3,14.5,Bloomfield Cricket and Athletic Club,RK Chandraguptha,KY de Silva,WRC Fernando,0,0,,,,,,"",""
ball,3,14.6,Bloomfield Cricket and Athletic Club,RK Chandraguptha,KY de Silva,WRC Fernando,0,0,,,,,,"",""
ball,3,15.1,Bloomfield Cricket and Athletic Club,KY de Silva,RK Chandraguptha,EMDY Munaweera,1,0,,,,,,"",""
ball,3,15.2,Bloomfield Cricket and Athletic Club,RK Chandraguptha,KY de Silva,EMDY Munaweera,0,0,,,,,,"",""
ball,3,15.3,Bloomfield Cricket and Athletic Club,RK Chandraguptha,KY de Silva,EMDY Munaweera,0,0,,,,,,"",""
ball,3,15.4,Bloomfield Cricket and Athletic Club,RK Chandraguptha,KY de Silva,EMDY Munaweera,0,0,,,,,,"",""
ball,3,15.5,Bloomfield Cricket and Athletic Club,RK Chandraguptha,KY de Silva,EMDY Munaweera,0,0,,,,,,"",""
ball,3,15.6,Bloomfield Cricket and Athletic Club,RK Chandraguptha,KY de Silva,EMDY Munaweera,1,0,,,,,,"",""
ball,3,16.1,Bloomfield Cricket and Athletic Club,RK Chandraguptha,KY de Silva,MS Warnapura,0,0,,,,,,"",""
ball,3,16.2,Bloomfield Cricket and Athletic Club,RK Chandraguptha,KY de Silva,MS Warnapura,0,0,,,,,,"",""
ball,3,16.3,Bloomfield Cricket and Athletic Club,RK Chandraguptha,KY de Silva,MS Warnapura,0,0,,,,,,"",""
ball,3,16.4,Bloomfield Cricket and Athletic Club,RK Chandraguptha,KY de Silva,MS Warnapura,0,0,,,,,,"",""
ball,3,16.5,Bloomfield Cricket and Athletic Club,RK Chandraguptha,KY de Silva,MS Warnapura,0,0,,,,,,"",""
ball,3,16.6,Bloomfield Cricket and Athletic Club,RK Chandraguptha,KY de Silva,MS Warnapura,0,0,,,,,,lbw,RK Chandraguptha
ball,3,17.1,Bloomfield Cricket and Athletic Club,KY de Silva,ALKL Abeyrathne,SADU Indrasiri,0,0,,,,,,"",""
ball,3,17.2,Bloomfield Cricket and Athletic Club,KY de Silva,ALKL Abeyrathne,SADU Indrasiri,1,0,,,,,,"",""
ball,3,17.3,Bloomfield Cricket and Athletic Club,ALKL Abeyrathne,KY de Silva,SADU Indrasiri,0,0,,,,,,"",""
ball,3,17.4,Bloomfield Cricket and Athletic Club,ALKL Abeyrathne,KY de Silva,SADU Indrasiri,0,0,,,,,,"",""
ball,3,17.5,Bloomfield Cricket and Athletic Club,ALKL Abeyrathne,KY de Silva,SADU Indrasiri,4,0,,,,,,"",""
ball,3,17.6,Bloomfield Cricket and Athletic Club,ALKL Abeyrathne,KY de Silva,SADU Indrasiri,0,0,,,,,,"",""
ball,3,18.1,Bloomfield Cricket and Athletic Club,KY de Silva,ALKL Abeyrathne,MS Warnapura,2,0,,,,,,"",""
ball,3,18.2,Bloomfield Cricket and Athletic Club,KY de Silva,ALKL Abeyrathne,MS Warnapura,0,0,,,,,,"",""
ball,3,18.3,Bloomfield Cricket and Athletic Club,KY de Silva,ALKL Abeyrathne,MS Warnapura,0,0,,,,,,"",""
ball,3,18.4,Bloomfield Cricket and Athletic Club,KY de Silva,ALKL Abeyrathne,MS Warnapura,0,0,,,,,,"",""
ball,3,18.5,Bloomfield Cricket and Athletic Club,KY de Silva,ALKL Abeyrathne,MS Warnapura,0,0,,,,,,"",""
ball,3,18.6,Bloomfield Cricket and Athletic Club,KY de Silva,ALKL Abeyrathne,MS Warnapura,0,0,,,,,,"",""
ball,3,19.1,Bloomfield Cricket and Athletic Club,ALKL Abeyrathne,KY de Silva,SADU Indrasiri,1,0,,,,,,"",""
ball,3,19.2,Bloomfield Cricket and Athletic Club,KY de Silva,ALKL Abeyrathne,SADU Indrasiri,1,0,,,,,,"",""
ball,3,19.3,Bloomfield Cricket and Athletic Club,ALKL Abeyrathne,KY de Silva,SADU Indrasiri,0,0,,,,,,"",""
ball,3,19.4,Bloomfield Cricket and Athletic Club,ALKL Abeyrathne,KY de Silva,SADU Indrasiri,0,0,,,,,,"",""
ball,3,19.5,Bloomfield Cricket and Athletic Club,ALKL Abeyrathne,KY de Silva,SADU Indrasiri,0,0,,,,,,"",""
ball,3,19.6,Bloomfield Cricket and Athletic Club,ALKL Abeyrathne,KY de Silva,SADU Indrasiri,0,0,,,,,,"",""
ball,3,20.1,Bloomfield Cricket and Athletic Club,KY de Silva,ALKL Abeyrathne,MS Warnapura,0,0,,,,,,"",""
ball,3,20.2,Bloomfield Cricket and Athletic Club,KY de Silva,ALKL Abeyrathne,MS Warnapura,0,0,,,,,,"",""
ball,3,20.3,Bloomfield Cricket and Athletic Club,KY de Silva,ALKL Abeyrathne,MS Warnapura,0,0,,,,,,"",""
ball,3,20.4,Bloomfield Cricket and Athletic Club,KY de Silva,ALKL Abeyrathne,MS Warnapura,4,0,,,,,,"",""
ball,3,20.5,Bloomfield Cricket and Athletic Club,KY de Silva,ALKL Abeyrathne,MS Warnapura,0,0,,,,,,"",""
ball,3,20.6,Bloomfield Cricket and Athletic Club,KY de Silva,ALKL Abeyrathne,MS Warnapura,0,0,,,,,,"",""
ball,3,21.1,Bloomfield Cricket and Athletic Club,ALKL Abeyrathne,KY de Silva,SADU Indrasiri,0,0,,,,,,"",""
ball,3,21.2,Bloomfield Cricket and Athletic Club,ALKL Abeyrathne,KY de Silva,SADU Indrasiri,0,0,,,,,,"",""
ball,3,21.3,Bloomfield Cricket and Athletic Club,ALKL Abeyrathne,KY de Silva,SADU Indrasiri,2,0,,,,,,"",""
ball,3,21.4,Bloomfield Cricket and Athletic Club,ALKL Abeyrathne,KY de Silva,SADU Indrasiri,0,0,,,,,,"",""
ball,3,21.5,Bloomfield Cricket and Athletic Club,ALKL Abeyrathne,KY de Silva,SADU Indrasiri,0,0,,,,,,"",""
ball,3,21.6,Bloomfield Cricket and Athletic Club,ALKL Abeyrathne,KY de Silva,SADU Indrasiri,0,0,,,,,,"",""
ball,3,22.1,Bloomfield Cricket and Athletic Club,KY de Silva,ALKL Abeyrathne,MS Warnapura,0,0,,,,,,"",""
ball,3,22.2,Bloomfield Cricket and Athletic Club,KY de Silva,ALKL Abeyrathne,MS Warnapura,0,0,,,,,,"",""
ball,3,22.3,Bloomfield Cricket and Athletic Club,KY de Silva,ALKL Abeyrathne,MS Warnapura,0,0,,,,,,"",""
ball,3,22.4,Bloomfield Cricket and Athletic Club,KY de Silva,ALKL Abeyrathne,MS Warnapura,0,0,,,,,,"",""
ball,3,22.5,Bloomfield Cricket and Athletic Club,KY de Silva,ALKL Abeyrathne,MS Warnapura,1,0,,,,,,"",""
ball,3,22.6,Bloomfield Cricket and Athletic Club,ALKL Abeyrathne,KY de Silva,MS Warnapura,1,0,,,,,,"",""
ball,3,23.1,Bloomfield Cricket and Athletic Club,ALKL Abeyrathne,KY de Silva,SADU Indrasiri,0,0,,,,,,"",""
ball,3,23.2,Bloomfield Cricket and Athletic Club,ALKL Abeyrathne,KY de Silva,SADU Indrasiri,0,0,,,,,,"",""
ball,3,23.3,Bloomfield Cricket and Athletic Club,ALKL Abeyrathne,KY de Silva,SADU Indrasiri,4,0,,,,,,"",""
ball,3,23.4,Bloomfield Cricket and Athletic Club,ALKL Abeyrathne,KY de Silva,SADU Indrasiri,0,0,,,,,,"",""
ball,3,23.5,Bloomfield Cricket and Athletic Club,ALKL Abeyrathne,KY de Silva,SADU Indrasiri,0,0,,,,,,"",""
ball,3,23.6,Bloomfield Cricket and Athletic Club,ALKL Abeyrathne,KY de Silva,SADU Indrasiri,0,0,,,,,,"",""
ball,3,24.1,Bloomfield Cricket and Athletic Club,KY de Silva,ALKL Abeyrathne,EMDY Munaweera,0,0,,,,,,"",""
ball,3,24.2,Bloomfield Cricket and Athletic Club,KY de Silva,ALKL Abeyrathne,EMDY Munaweera,0,0,,,,,,"",""
ball,3,24.3,Bloomfield Cricket and Athletic Club,KY de Silva,ALKL Abeyrathne,EMDY Munaweera,0,0,,,,,,"",""
ball,3,24.4,Bloomfield Cricket and Athletic Club,KY de Silva,ALKL Abeyrathne,EMDY Munaweera,0,0,,,,,,"",""
ball,3,24.5,Bloomfield Cricket and Athletic Club,KY de Silva,ALKL Abeyrathne,EMDY Munaweera,0,0,,,,,,"",""
ball,3,24.6,Bloomfield Cricket and Athletic Club,KY de Silva,ALKL Abeyrathne,EMDY Munaweera,2,0,,,,,,"",""
ball,3,25.1,Bloomfield Cricket and Athletic Club,ALKL Abeyrathne,KY de Silva,SADU Indrasiri,0,0,,,,,,"",""
ball,3,25.2,Bloomfield Cricket and Athletic Club,ALKL Abeyrathne,KY de Silva,SADU Indrasiri,0,0,,,,,,"",""
ball,3,25.3,Bloomfield Cricket and Athletic Club,ALKL Abeyrathne,KY de Silva,SADU Indrasiri,0,0,,,,,,"",""
ball,3,25.4,Bloomfield Cricket and Athletic Club,ALKL Abeyrathne,KY de Silva,SADU Indrasiri,2,0,,,,,,"",""
ball,3,25.5,Bloomfield Cricket and Athletic Club,ALKL Abeyrathne,KY de Silva,SADU Indrasiri,2,0,,,,,,"",""
ball,3,25.6,Bloomfield Cricket and Athletic Club,ALKL Abeyrathne,KY de Silva,SADU Indrasiri,0,0,,,,,,"",""
ball,3,26.1,Bloomfield Cricket and Athletic Club,KY de Silva,ALKL Abeyrathne,MS Warnapura,0,0,,,,,,"",""
ball,3,26.2,Bloomfield Cricket and Athletic Club,KY de Silva,ALKL Abeyrathne,MS Warnapura,4,0,,,,,,"",""
ball,3,26.3,Bloomfield Cricket and Athletic Club,KY de Silva,ALKL Abeyrathne,MS Warnapura,0,0,,,,,,"",""
ball,3,26.4,Bloomfield Cricket and Athletic Club,KY de Silva,ALKL Abeyrathne,MS Warnapura,0,0,,,,,,"",""
ball,3,26.5,Bloomfield Cricket and Athletic Club,KY de Silva,ALKL Abeyrathne,MS Warnapura,0,0,,,,,,"",""
ball,3,26.6,Bloomfield Cricket and Athletic Club,KY de Silva,ALKL Abeyrathne,MS Warnapura,0,0,,,,,,"",""
ball,3,27.1,Bloomfield Cricket and Athletic Club,ALKL Abeyrathne,KY de Silva,SADU Indrasiri,0,0,,,,,,"",""
ball,3,27.2,Bloomfield Cricket and Athletic Club,ALKL Abeyrathne,KY de Silva,SADU Indrasiri,0,0,,,,,,"",""
ball,3,27.3,Bloomfield Cricket and Athletic Club,ALKL Abeyrathne,KY de Silva,SADU Indrasiri,0,0,,,,,,"",""
ball,3,27.4,Bloomfield Cricket and Athletic Club,ALKL Abeyrathne,KY de Silva,SADU Indrasiri,0,0,,,,,,"",""
ball,3,27.5,Bloomfield Cricket and Athletic Club,ALKL Abeyrathne,KY de Silva,SADU Indrasiri,0,0,,,,,,"",""
ball,3,27.6,Bloomfield Cricket and Athletic Club,ALKL Abeyrathne,KY de Silva,SADU Indrasiri,4,0,,,,,,"",""
ball,3,28.1,Bloomfield Cricket and Athletic Club,KY de Silva,ALKL Abeyrathne,MS Warnapura,0,0,,,,,,"",""
ball,3,28.2,Bloomfield Cricket and Athletic Club,KY de Silva,ALKL Abeyrathne,MS Warnapura,0,0,,,,,,"",""
ball,3,28.3,Bloomfield Cricket and Athletic Club,KY de Silva,ALKL Abeyrathne,MS Warnapura,0,0,,,,,,"",""
ball,3,28.4,Bloomfield Cricket and Athletic Club,KY de Silva,ALKL Abeyrathne,MS Warnapura,0,0,,,,,,"",""
ball,3,28.5,Bloomfield Cricket and Athletic Club,KY de Silva,ALKL Abeyrathne,MS Warnapura,0,0,,,,,,"",""
ball,3,28.6,Bloomfield Cricket and Athletic Club,KY de Silva,ALKL Abeyrathne,MS Warnapura,0,0,,,,,,"",""
ball,3,29.1,Bloomfield Cricket and Athletic Club,ALKL Abeyrathne,KY de Silva,D Sandaruwan,0,0,,,,,,"",""
ball,3,29.2,Bloomfield Cricket and Athletic Club,ALKL Abeyrathne,KY de Silva,D Sandaruwan,0,0,,,,,,"",""
ball,3,29.3,Bloomfield Cricket and Athletic Club,ALKL Abeyrathne,KY de Silva,D Sandaruwan,1,0,,,,,,"",""
ball,3,29.4,Bloomfield Cricket and Athletic Club,KY de Silva,ALKL Abeyrathne,D Sandaruwan,0,0,,,,,,"",""
ball,3,29.5,Bloomfield Cricket and Athletic Club,KY de Silva,ALKL Abeyrathne,D Sandaruwan,0,0,,,,,,"",""
ball,3,29.6,Bloomfield Cricket and Athletic Club,KY de Silva,ALKL Abeyrathne,D Sandaruwan,0,0,,,,,,caught,KY de Silva
ball,3,30.1,Bloomfield Cricket and Athletic Club,ALKL Abeyrathne,KPNM Karunanayake,P Maduwantha,0,0,,,,,,"",""
ball,3,30.2,Bloomfield Cricket and Athletic Club,ALKL Abeyrathne,KPNM Karunanayake,P Maduwantha,0,0,,,,,,"",""
ball,3,30.3,Bloomfield Cricket and Athletic Club,ALKL Abeyrathne,KPNM Karunanayake,P Maduwantha,0,0,,,,,,"",""
ball,3,30.4,Bloomfield Cricket and Athletic Club,ALKL Abeyrathne,KPNM Karunanayake,P Maduwantha,0,0,,,,,,"",""
ball,3,30.5,Bloomfield Cricket and Athletic Club,ALKL Abeyrathne,KPNM Karunanayake,P Maduwantha,0,0,,,,,,"",""
ball,3,30.6,Bloomfield Cricket and Athletic Club,ALKL Abeyrathne,KPNM Karunanayake,P Maduwantha,1,0,,,,,,"",""
ball,3,31.1,Bloomfield Cricket and Athletic Club,ALKL Abeyrathne,KPNM Karunanayake,D Sandaruwan,0,0,,,,,,"",""
ball,3,31.2,Bloomfield Cricket and Athletic Club,ALKL Abeyrathne,KPNM Karunanayake,D Sandaruwan,0,0,,,,,,"",""
ball,3,31.3,Bloomfield Cricket and Athletic Club,ALKL Abeyrathne,KPNM Karunanayake,D Sandaruwan,1,0,,,,,,"",""
ball,3,31.4,Bloomfield Cricket and Athletic Club,KPNM Karunanayake,ALKL Abeyrathne,D Sandaruwan,1,0,,,,,,"",""
ball,3,31.5,Bloomfield Cricket and Athletic Club,ALKL Abeyrathne,KPNM Karunanayake,D Sandaruwan,0,0,,,,,,"",""
ball,3,31.6,Bloomfield Cricket and Athletic Club,ALKL Abeyrathne,KPNM Karunanayake,D Sandaruwan,0,0,,,,,,"",""
ball,3,32.1,Bloomfield Cricket and Athletic Club,KPNM Karunanayake,ALKL Abeyrathne,P Maduwantha,0,0,,,,,,"",""
ball,3,32.2,Bloomfield Cricket and Athletic Club,KPNM Karunanayake,ALKL Abeyrathne,P Maduwantha,0,0,,,,,,"",""
ball,3,32.3,Bloomfield Cricket and Athletic Club,KPNM Karunanayake,ALKL Abeyrathne,P Maduwantha,0,0,,,,,,"",""
ball,3,32.4,Bloomfield Cricket and Athletic Club,KPNM Karunanayake,ALKL Abeyrathne,P Maduwantha,0,0,,,,,,"",""
ball,3,32.5,Bloomfield Cricket and Athletic Club,KPNM Karunanayake,ALKL Abeyrathne,P Maduwantha,0,0,,,,,,"",""
ball,3,32.6,Bloomfield Cricket and Athletic Club,KPNM Karunanayake,ALKL Abeyrathne,P Maduwantha,0,0,,,,,,"",""
ball,3,33.1,Bloomfield Cricket and Athletic Club,ALKL Abeyrathne,KPNM Karunanayake,D Sandaruwan,1,0,,,,,,"",""
ball,3,33.2,Bloomfield Cricket and Athletic Club,KPNM Karunanayake,ALKL Abeyrathne,D Sandaruwan,0,0,,,,,,"",""
ball,3,33.3,Bloomfield Cricket and Athletic Club,KPNM Karunanayake,ALKL Abeyrathne,D Sandaruwan,1,0,,,,,,"",""
ball,3,33.4,Bloomfield Cricket and Athletic Club,ALKL Abeyrathne,KPNM Karunanayake,D Sandaruwan,1,0,,,,,,"",""
ball,3,33.5,Bloomfield Cricket and Athletic Club,KPNM Karunanayake,ALKL Abeyrathne,D Sandaruwan,0,0,,,,,,"",""
ball,3,33.6,Bloomfield Cricket and Athletic Club,KPNM Karunanayake,ALKL Abeyrathne,D Sandaruwan,0,0,,,,,,"",""
ball,3,34.1,Bloomfield Cricket and Athletic Club,ALKL Abeyrathne,KPNM Karunanayake,P Maduwantha,1,0,,,,,,"",""
ball,3,34.2,Bloomfield Cricket and Athletic Club,KPNM Karunanayake,ALKL Abeyrathne,P Maduwantha,0,0,,,,,,"",""
ball,3,34.3,Bloomfield Cricket and Athletic Club,KPNM Karunanayake,ALKL Abeyrathne,P Maduwantha,0,0,,,,,,"",""
ball,3,34.4,Bloomfield Cricket and Athletic Club,KPNM Karunanayake,ALKL Abeyrathne,P Maduwantha,4,0,,,,,,"",""
ball,3,34.5,Bloomfield Cricket and Athletic Club,KPNM Karunanayake,ALKL Abeyrathne,P Maduwantha,0,0,,,,,,"",""
ball,3,34.6,Bloomfield Cricket and Athletic Club,KPNM Karunanayake,ALKL Abeyrathne,P Maduwantha,0,0,,,,,,"",""
ball,3,35.1,Bloomfield Cricket and Athletic Club,ALKL Abeyrathne,KPNM Karunanayake,D Sandaruwan,0,0,,,,,,"",""
ball,3,35.2,Bloomfield Cricket and Athletic Club,ALKL Abeyrathne,KPNM Karunanayake,D Sandaruwan,0,0,,,,,,"",""
ball,3,35.3,Bloomfield Cricket and Athletic Club,ALKL Abeyrathne,KPNM Karunanayake,D Sandaruwan,0,0,,,,,,"",""
ball,3,35.4,Bloomfield Cricket and Athletic Club,ALKL Abeyrathne,KPNM Karunanayake,D Sandaruwan,0,0,,,,,,"",""
ball,3,35.5,Bloomfield Cricket and Athletic Club,ALKL Abeyrathne,KPNM Karunanayake,D Sandaruwan,0,0,,,,,,"",""
ball,3,35.6,Bloomfield Cricket and Athletic Club,ALKL Abeyrathne,KPNM Karunanayake,D Sandaruwan,4,0,,,,,,"",""
ball,3,36.1,Bloomfield Cricket and Athletic Club,KPNM Karunanayake,ALKL Abeyrathne,MS Warnapura,0,0,,,,,,"",""
ball,3,36.2,Bloomfield Cricket and Athletic Club,KPNM Karunanayake,ALKL Abeyrathne,MS Warnapura,0,0,,,,,,"",""
ball,3,36.3,Bloomfield Cricket and Athletic Club,KPNM Karunanayake,ALKL Abeyrathne,MS Warnapura,0,0,,,,,,"",""
ball,3,36.4,Bloomfield Cricket and Athletic Club,KPNM Karunanayake,ALKL Abeyrathne,MS Warnapura,0,0,,,,,,"",""
ball,3,36.5,Bloomfield Cricket and Athletic Club,KPNM Karunanayake,ALKL Abeyrathne,MS Warnapura,0,0,,,,,,"",""
ball,3,36.6,Bloomfield Cricket and Athletic Club,KPNM Karunanayake,ALKL Abeyrathne,MS Warnapura,0,0,,,,,,"",""
ball,3,37.1,Bloomfield Cricket and Athletic Club,ALKL Abeyrathne,KPNM Karunanayake,D Sandaruwan,3,0,,,,,,"",""
ball,3,37.2,Bloomfield Cricket and Athletic Club,KPNM Karunanayake,ALKL Abeyrathne,D Sandaruwan,1,0,,,,,,"",""
ball,3,37.3,Bloomfield Cricket and Athletic Club,ALKL Abeyrathne,KPNM Karunanayake,D Sandaruwan,0,0,,,,,,"",""
ball,3,37.4,Bloomfield Cricket and Athletic Club,ALKL Abeyrathne,KPNM Karunanayake,D Sandaruwan,1,0,,,,,,"",""
ball,3,37.5,Bloomfield Cricket and Athletic Club,KPNM Karunanayake,ALKL Abeyrathne,D Sandaruwan,1,0,,,,,,"",""
ball,3,37.6,Bloomfield Cricket and Athletic Club,ALKL Abeyrathne,KPNM Karunanayake,D Sandaruwan,1,0,,,,,,"",""
ball,3,38.1,Bloomfield Cricket and Athletic Club,ALKL Abeyrathne,KPNM Karunanayake,SADU Indrasiri,1,0,,,,,,"",""
ball,3,38.2,Bloomfield Cricket and Athletic Club,KPNM Karunanayake,ALKL Abeyrathne,SADU Indrasiri,0,0,,,,,,"",""
ball,3,38.3,Bloomfield Cricket and Athletic Club,KPNM Karunanayake,ALKL Abeyrathne,SADU Indrasiri,1,0,,,,,,"",""
ball,3,38.4,Bloomfield Cricket and Athletic Club,ALKL Abeyrathne,KPNM Karunanayake,SADU Indrasiri,0,0,,,,,,"",""
ball,3,38.5,Bloomfield Cricket and Athletic Club,ALKL Abeyrathne,KPNM Karunanayake,SADU Indrasiri,1,0,,,,,,"",""
ball,3,38.6,Bloomfield Cricket and Athletic Club,KPNM Karunanayake,ALKL Abeyrathne,SADU Indrasiri,0,0,,,,,,"",""
ball,3,39.1,Bloomfield Cricket and Athletic Club,ALKL Abeyrathne,KPNM Karunanayake,MS Warnapura,0,0,,,,,,"",""
ball,3,39.2,Bloomfield Cricket and Athletic Club,ALKL Abeyrathne,KPNM Karunanayake,MS Warnapura,0,0,,,,,,"",""
ball,3,39.3,Bloomfield Cricket and Athletic Club,ALKL Abeyrathne,KPNM Karunanayake,MS Warnapura,0,0,,,,,,"",""
ball,3,39.4,Bloomfield Cricket and Athletic Club,ALKL Abeyrathne,KPNM Karunanayake,MS Warnapura,0,0,,,,,,"",""
ball,3,39.5,Bloomfield Cricket and Athletic Club,ALKL Abeyrathne,KPNM Karunanayake,MS Warnapura,4,0,,,,,,"",""
ball,3,39.6,Bloomfield Cricket and Athletic Club,ALKL Abeyrathne,KPNM Karunanayake,MS Warnapura,1,0,,,,,,"",""
ball,3,40.1,Bloomfield Cricket and Athletic Club,ALKL Abeyrathne,KPNM Karunanayake,SADU Indrasiri,0,0,,,,,,"",""
ball,3,40.2,Bloomfield Cricket and Athletic Club,ALKL Abeyrathne,KPNM Karunanayake,SADU Indrasiri,0,0,,,,,,"",""
ball,3,40.3,Bloomfield Cricket and Athletic Club,ALKL Abeyrathne,KPNM Karunanayake,SADU Indrasiri,0,0,,,,,,"",""
ball,3,40.4,Bloomfield Cricket and Athletic Club,ALKL Abeyrathne,KPNM Karunanayake,SADU Indrasiri,0,0,,,,,,"",""
ball,3,40.5,Bloomfield Cricket and Athletic Club,ALKL Abeyrathne,KPNM Karunanayake,SADU Indrasiri,0,0,,,,,,"",""
ball,3,40.6,Bloomfield Cricket and Athletic Club,ALKL Abeyrathne,KPNM Karunanayake,SADU Indrasiri,0,0,,,,,,"",""
ball,3,41.1,Bloomfield Cricket and Athletic Club,KPNM Karunanayake,ALKL Abeyrathne,MS Warnapura,0,0,,,,,,"",""
ball,3,41.2,Bloomfield Cricket and Athletic Club,KPNM Karunanayake,ALKL Abeyrathne,MS Warnapura,1,0,,,,,,"",""
ball,3,41.3,Bloomfield Cricket and Athletic Club,ALKL Abeyrathne,KPNM Karunanayake,MS Warnapura,1,0,,,,,,"",""
ball,3,41.4,Bloomfield Cricket and Athletic Club,KPNM Karunanayake,ALKL Abeyrathne,MS Warnapura,0,0,,,,,,"",""
ball,3,41.5,Bloomfield Cricket and Athletic Club,KPNM Karunanayake,ALKL Abeyrathne,MS Warnapura,0,0,,,,,,"",""
ball,3,41.6,Bloomfield Cricket and Athletic Club,KPNM Karunanayake,ALKL Abeyrathne,MS Warnapura,0,0,,,,,,"",""
ball,3,42.1,Bloomfield Cricket and Athletic Club,ALKL Abeyrathne,KPNM Karunanayake,SADU Indrasiri,0,0,,,,,,"",""
ball,3,42.2,Bloomfield Cricket and Athletic Club,ALKL Abeyrathne,KPNM Karunanayake,SADU Indrasiri,0,0,,,,,,"",""
ball,3,42.3,Bloomfield Cricket and Athletic Club,ALKL Abeyrathne,KPNM Karunanayake,SADU Indrasiri,0,0,,,,,,"",""
ball,3,42.4,Bloomfield Cricket and Athletic Club,ALKL Abeyrathne,KPNM Karunanayake,SADU Indrasiri,4,0,,,,,,"",""
ball,3,42.5,Bloomfield Cricket and Athletic Club,ALKL Abeyrathne,KPNM Karunanayake,SADU Indrasiri,0,0,,,,,,"",""
ball,3,42.6,Bloomfield Cricket and Athletic Club,ALKL Abeyrathne,KPNM Karunanayake,SADU Indrasiri,1,0,,,,,,"",""
ball,3,43.1,Bloomfield Cricket and Athletic Club,ALKL Abeyrathne,KPNM Karunanayake,P Maduwantha,0,0,,,,,,"",""
ball,3,43.2,Bloomfield Cricket and Athletic Club,ALKL Abeyrathne,KPNM Karunanayake,P Maduwantha,0,0,,,,,,"",""
ball,3,43.3,Bloomfield Cricket and Athletic Club,ALKL Abeyrathne,KPNM Karunanayake,P Maduwantha,0,0,,,,,,"",""
ball,3,43.4,Bloomfield Cricket and Athletic Club,ALKL Abeyrathne,KPNM Karunanayake,P Maduwantha,0,0,,,,,,"",""
ball,3,43.5,Bloomfield Cricket and Athletic Club,ALKL Abeyrathne,KPNM Karunanayake,P Maduwantha,0,0,,,,,,"",""
ball,3,43.6,Bloomfield Cricket and Athletic Club,ALKL Abeyrathne,KPNM Karunanayake,P Maduwantha,0,0,,,,,,"",""
ball,3,44.1,Bloomfield Cricket and Athletic Club,KPNM Karunanayake,ALKL Abeyrathne,MS Warnapura,0,0,,,,,,"",""
ball,3,44.2,Bloomfield Cricket and Athletic Club,KPNM Karunanayake,ALKL Abeyrathne,MS Warnapura,0,0,,,,,,"",""
ball,3,44.3,Bloomfield Cricket and Athletic Club,KPNM Karunanayake,ALKL Abeyrathne,MS Warnapura,0,0,,,,,,"",""
ball,3,44.4,Bloomfield Cricket and Athletic Club,KPNM Karunanayake,ALKL Abeyrathne,MS Warnapura,0,0,,,,,,"",""
ball,3,44.5,Bloomfield Cricket and Athletic Club,KPNM Karunanayake,ALKL Abeyrathne,MS Warnapura,0,0,,,,,,"",""
ball,3,44.6,Bloomfield Cricket and Athletic Club,KPNM Karunanayake,ALKL Abeyrathne,MS Warnapura,1,0,,,,,,"",""
ball,3,45.1,Bloomfield Cricket and Athletic Club,KPNM Karunanayake,ALKL Abeyrathne,SADU Indrasiri,0,0,,,,,,"",""
ball,3,45.2,Bloomfield Cricket and Athletic Club,KPNM Karunanayake,ALKL Abeyrathne,SADU Indrasiri,0,4,,,,4,,"",""
ball,3,45.3,Bloomfield Cricket and Athletic Club,KPNM Karunanayake,ALKL Abeyrathne,SADU Indrasiri,1,0,,,,,,"",""
ball,3,45.4,Bloomfield Cricket and Athletic Club,ALKL Abeyrathne,KPNM Karunanayake,SADU Indrasiri,0,0,,,,,,"",""
ball,3,45.5,Bloomfield Cricket and Athletic Club,ALKL Abeyrathne,KPNM Karunanayake,SADU Indrasiri,0,0,,,,,,"",""
ball,3,45.6,Bloomfield Cricket and Athletic Club,ALKL Abeyrathne,KPNM Karunanayake,SADU Indrasiri,0,0,,,,,,"",""
ball,3,46.1,Bloomfield Cricket and Athletic Club,KPNM Karunanayake,ALKL Abeyrathne,MS Warnapura,0,0,,,,,,"",""
ball,3,46.2,Bloomfield Cricket and Athletic Club,KPNM Karunanayake,ALKL Abeyrathne,MS Warnapura,1,0,,,,,,"",""
ball,3,46.3,Bloomfield Cricket and Athletic Club,ALKL Abeyrathne,KPNM Karunanayake,MS Warnapura,0,0,,,,,,"",""
ball,3,46.4,Bloomfield Cricket and Athletic Club,ALKL Abeyrathne,KPNM Karunanayake,MS Warnapura,0,0,,,,,,"",""
ball,3,46.5,Bloomfield Cricket and Athletic Club,ALKL Abeyrathne,KPNM Karunanayake,MS Warnapura,1,0,,,,,,"",""
ball,3,46.6,Bloomfield Cricket and Athletic Club,KPNM Karunanayake,ALKL Abeyrathne,MS Warnapura,2,0,,,,,,"",""
ball,3,47.1,Bloomfield Cricket and Athletic Club,ALKL Abeyrathne,KPNM Karunanayake,SADU Indrasiri,0,0,,,,,,"",""
ball,3,47.2,Bloomfield Cricket and Athletic Club,ALKL Abeyrathne,KPNM Karunanayake,SADU Indrasiri,1,0,,,,,,"",""
ball,3,47.3,Bloomfield Cricket and Athletic Club,KPNM Karunanayake,ALKL Abeyrathne,SADU Indrasiri,1,0,,,,,,"",""
ball,3,47.4,Bloomfield Cricket and Athletic Club,ALKL Abeyrathne,KPNM Karunanayake,SADU Indrasiri,0,0,,,,,,"",""
ball,3,47.5,Bloomfield Cricket and Athletic Club,ALKL Abeyrathne,KPNM Karunanayake,SADU Indrasiri,2,0,,,,,,"",""
ball,3,47.6,Bloomfield Cricket and Athletic Club,ALKL Abeyrathne,KPNM Karunanayake,SADU Indrasiri,0,0,,,,,,"",""
ball,3,48.1,Bloomfield Cricket and Athletic Club,KPNM Karunanayake,ALKL Abeyrathne,MS Warnapura,0,0,,,,,,"",""
ball,3,48.2,Bloomfield Cricket and Athletic Club,KPNM Karunanayake,ALKL Abeyrathne,MS Warnapura,0,0,,,,,,"",""
ball,3,48.3,Bloomfield Cricket and Athletic Club,KPNM Karunanayake,ALKL Abeyrathne,MS Warnapura,0,0,,,,,,"",""
ball,3,48.4,Bloomfield Cricket and Athletic Club,KPNM Karunanayake,ALKL Abeyrathne,MS Warnapura,0,0,,,,,,"",""
ball,3,48.5,Bloomfield Cricket and Athletic Club,KPNM Karunanayake,ALKL Abeyrathne,MS Warnapura,0,0,,,,,,"",""
ball,3,48.6,Bloomfield Cricket and Athletic Club,KPNM Karunanayake,ALKL Abeyrathne,MS Warnapura,0,0,,,,,,"",""
ball,3,49.1,Bloomfield Cricket and Athletic Club,ALKL Abeyrathne,KPNM Karunanayake,SADU Indrasiri,4,0,,,,,,"",""
ball,3,49.2,Bloomfield Cricket and Athletic Club,ALKL Abeyrathne,KPNM Karunanayake,SADU Indrasiri,1,0,,,,,,"",""
ball,3,49.3,Bloomfield Cricket and Athletic Club,KPNM Karunanayake,ALKL Abeyrathne,SADU Indrasiri,0,0,,,,,,"",""
ball,3,49.4,Bloomfield Cricket and Athletic Club,KPNM Karunanayake,ALKL Abeyrathne,SADU Indrasiri,4,0,,,,,,"",""
ball,3,49.5,Bloomfield Cricket and Athletic Club,KPNM Karunanayake,ALKL Abeyrathne,SADU Indrasiri,1,0,,,,,,"",""
ball,3,49.6,Bloomfield Cricket and Athletic Club,ALKL Abeyrathne,KPNM Karunanayake,SADU Indrasiri,1,0,,,,,,"",""
ball,3,50.1,Bloomfield Cricket and Athletic Club,ALKL Abeyrathne,KPNM Karunanayake,MS Warnapura,1,0,,,,,,"",""
ball,3,50.2,Bloomfield Cricket and Athletic Club,KPNM Karunanayake,ALKL Abeyrathne,MS Warnapura,3,0,,,,,,"",""
ball,3,50.3,Bloomfield Cricket and Athletic Club,ALKL Abeyrathne,KPNM Karunanayake,MS Warnapura,1,0,,,,,,"",""
ball,3,50.4,Bloomfield Cricket and Athletic Club,KPNM Karunanayake,ALKL Abeyrathne,MS Warnapura,0,0,,,,,,"",""
ball,3,50.5,Bloomfield Cricket and Athletic Club,KPNM Karunanayake,ALKL Abeyrathne,MS Warnapura,0,0,,,,,,"",""
ball,3,50.6,Bloomfield Cricket and Athletic Club,KPNM Karunanayake,ALKL Abeyrathne,MS Warnapura,0,0,,,,,,"",""
ball,3,51.1,Bloomfield Cricket and Athletic Club,ALKL Abeyrathne,KPNM Karunanayake,PSU Fernando,2,0,,,,,,"",""
ball,3,51.2,Bloomfield Cricket and Athletic Club,ALKL Abeyrathne,KPNM Karunanayake,PSU Fernando,4,0,,,,,,"",""
ball,3,51.3,Bloomfield Cricket and Athletic Club,ALKL Abeyrathne,KPNM Karunanayake,PSU Fernando,0,0,,,,,,"",""
ball,3,51.4,Bloomfield Cricket and Athletic Club,ALKL Abeyrathne,KPNM Karunanayake,PSU Fernando,0,0,,,,,,"",""
ball,3,51.5,Bloomfield Cricket and Athletic Club,ALKL Abeyrathne,KPNM Karunanayake,PSU Fernando,1,1,,1,,,,"",""
ball,3,51.6,Bloomfield Cricket and Athletic Club,KPNM Karunanayake,ALKL Abeyrathne,PSU Fernando,0,0,,,,,,"",""
ball,3,51.7,Bloomfield Cricket and Athletic Club,KPNM Karunanayake,ALKL Abeyrathne,PSU Fernando,0,1,,,,1,,"",""
ball,3,52.1,Bloomfield Cricket and Athletic Club,KPNM Karunanayake,ALKL Abeyrathne,MS Warnapura,6,0,,,,,,"",""
ball,3,52.2,Bloomfield Cricket and Athletic Club,KPNM Karunanayake,ALKL Abeyrathne,MS Warnapura,0,0,,,,,,"",""
ball,3,52.3,Bloomfield Cricket and Athletic Club,KPNM Karunanayake,ALKL Abeyrathne,MS Warnapura,0,0,,,,,,"",""
ball,3,52.4,Bloomfield Cricket and Athletic Club,KPNM Karunanayake,ALKL Abeyrathne,MS Warnapura,0,0,,,,,,"",""
ball,3,52.5,Bloomfield Cricket and Athletic Club,KPNM Karunanayake,ALKL Abeyrathne,MS Warnapura,1,0,,,,,,"",""
ball,3,52.6,Bloomfield Cricket and Athletic Club,ALKL Abeyrathne,KPNM Karunanayake,MS Warnapura,0,0,,,,,,"",""
ball,3,53.1,Bloomfield Cricket and Athletic Club,KPNM Karunanayake,ALKL Abeyrathne,PSU Fernando,0,0,,,,,,"",""
ball,3,53.2,Bloomfield Cricket and Athletic Club,KPNM Karunanayake,ALKL Abeyrathne,PSU Fernando,1,0,,,,,,"",""
ball,3,53.3,Bloomfield Cricket and Athletic Club,ALKL Abeyrathne,KPNM Karunanayake,PSU Fernando,0,0,,,,,,"",""
ball,3,53.4,Bloomfield Cricket and Athletic Club,ALKL Abeyrathne,KPNM Karunanayake,PSU Fernando,0,0,,,,,,"",""
ball,3,53.5,Bloomfield Cricket and Athletic Club,ALKL Abeyrathne,KPNM Karunanayake,PSU Fernando,1,0,,,,,,"",""
ball,3,53.6,Bloomfield Cricket and Athletic Club,KPNM Karunanayake,ALKL Abeyrathne,PSU Fernando,1,0,,,,,,"",""
ball,3,54.1,Bloomfield Cricket and Athletic Club,KPNM Karunanayake,ALKL Abeyrathne,HHD Sandaruwan,0,0,,,,,,"",""
ball,3,54.2,Bloomfield Cricket and Athletic Club,KPNM Karunanayake,ALKL Abeyrathne,HHD Sandaruwan,0,0,,,,,,"",""
ball,3,54.3,Bloomfield Cricket and Athletic Club,KPNM Karunanayake,ALKL Abeyrathne,HHD Sandaruwan,0,0,,,,,,"",""
ball,3,54.4,Bloomfield Cricket and Athletic Club,KPNM Karunanayake,ALKL Abeyrathne,HHD Sandaruwan,0,0,,,,,,"",""
ball,3,54.5,Bloomfield Cricket and Athletic Club,KPNM Karunanayake,ALKL Abeyrathne,HHD Sandaruwan,0,0,,,,,,"",""
ball,3,54.6,Bloomfield Cricket and Athletic Club,KPNM Karunanayake,ALKL Abeyrathne,HHD Sandaruwan,0,0,,,,,,"",""
ball,3,55.1,Bloomfield Cricket and Athletic Club,ALKL Abeyrathne,KPNM Karunanayake,PSU Fernando,0,0,,,,,,"",""
ball,3,55.2,Bloomfield Cricket and Athletic Club,ALKL Abeyrathne,KPNM Karunanayake,PSU Fernando,1,1,,1,,,,"",""
ball,3,55.3,Bloomfield Cricket and Athletic Club,KPNM Karunanayake,ALKL Abeyrathne,PSU Fernando,4,0,,,,,,"",""
ball,3,55.4,Bloomfield Cricket and Athletic Club,KPNM Karunanayake,ALKL Abeyrathne,PSU Fernando,1,0,,,,,,"",""
ball,3,55.5,Bloomfield Cricket and Athletic Club,ALKL Abeyrathne,KPNM Karunanayake,PSU Fernando,0,0,,,,,,"",""
ball,3,55.6,Bloomfield Cricket and Athletic Club,ALKL Abeyrathne,KPNM Karunanayake,PSU Fernando,1,0,,,,,,"",""
ball,3,55.7,Bloomfield Cricket and Athletic Club,KPNM Karunanayake,ALKL Abeyrathne,PSU Fernando,0,0,,,,,,"",""
ball,3,56.1,Bloomfield Cricket and Athletic Club,ALKL Abeyrathne,KPNM Karunanayake,HHD Sandaruwan,2,0,,,,,,"",""
ball,3,56.2,Bloomfield Cricket and Athletic Club,ALKL Abeyrathne,KPNM Karunanayake,HHD Sandaruwan,1,0,,,,,,"",""
ball,3,56.3,Bloomfield Cricket and Athletic Club,KPNM Karunanayake,ALKL Abeyrathne,HHD Sandaruwan,0,0,,,,,,"",""
ball,3,56.4,Bloomfield Cricket and Athletic Club,KPNM Karunanayake,ALKL Abeyrathne,HHD Sandaruwan,1,0,,,,,,"",""
ball,3,56.5,Bloomfield Cricket and Athletic Club,ALKL Abeyrathne,KPNM Karunanayake,HHD Sandaruwan,1,0,,,,,,"",""
ball,3,56.6,Bloomfield Cricket and Athletic Club,KPNM Karunanayake,ALKL Abeyrathne,HHD Sandaruwan,0,0,,,,,,"",""
ball,3,57.1,Bloomfield Cricket and Athletic Club,ALKL Abeyrathne,KPNM Karunanayake,SADU Indrasiri,0,0,,,,,,"",""
ball,3,57.2,Bloomfield Cricket and Athletic Club,ALKL Abeyrathne,KPNM Karunanayake,SADU Indrasiri,1,0,,,,,,"",""
ball,3,57.3,Bloomfield Cricket and Athletic Club,KPNM Karunanayake,ALKL Abeyrathne,SADU Indrasiri,0,0,,,,,,"",""
ball,3,57.4,Bloomfield Cricket and Athletic Club,KPNM Karunanayake,ALKL Abeyrathne,SADU Indrasiri,6,0,,,,,,"",""
ball,3,57.5,Bloomfield Cricket and Athletic Club,KPNM Karunanayake,ALKL Abeyrathne,SADU Indrasiri,1,0,,,,,,"",""
ball,3,57.6,Bloomfield Cricket and Athletic Club,ALKL Abeyrathne,KPNM Karunanayake,SADU Indrasiri,0,0,,,,,,"",""
ball,3,58.1,Bloomfield Cricket and Athletic Club,KPNM Karunanayake,ALKL Abeyrathne,HHD Sandaruwan,0,0,,,,,,"",""
ball,3,58.2,Bloomfield Cricket and Athletic Club,KPNM Karunanayake,ALKL Abeyrathne,HHD Sandaruwan,0,0,,,,,,"",""
ball,3,58.3,Bloomfield Cricket and Athletic Club,KPNM Karunanayake,ALKL Abeyrathne,HHD Sandaruwan,0,0,,,,,,"",""
ball,3,58.4,Bloomfield Cricket and Athletic Club,KPNM Karunanayake,ALKL Abeyrathne,HHD Sandaruwan,4,0,,,,,,"",""
ball,3,58.5,Bloomfield Cricket and Athletic Club,KPNM Karunanayake,ALKL Abeyrathne,HHD Sandaruwan,0,0,,,,,,"",""
ball,3,58.6,Bloomfield Cricket and Athletic Club,KPNM Karunanayake,ALKL Abeyrathne,HHD Sandaruwan,0,0,,,,,,"",""
ball,3,59.1,Bloomfield Cricket and Athletic Club,ALKL Abeyrathne,KPNM Karunanayake,SADU Indrasiri,0,0,,,,,,"",""
ball,3,59.2,Bloomfield Cricket and Athletic Club,ALKL Abeyrathne,KPNM Karunanayake,SADU Indrasiri,4,0,,,,,,"",""
ball,3,59.3,Bloomfield Cricket and Athletic Club,ALKL Abeyrathne,KPNM Karunanayake,SADU Indrasiri,4,0,,,,,,"",""
ball,3,59.4,Bloomfield Cricket and Athletic Club,ALKL Abeyrathne,KPNM Karunanayake,SADU Indrasiri,0,0,,,,,,"",""
ball,3,59.5,Bloomfield Cricket and Athletic Club,ALKL Abeyrathne,KPNM Karunanayake,SADU Indrasiri,0,0,,,,,,"",""
ball,3,59.6,Bloomfield Cricket and Athletic Club,ALKL Abeyrathne,KPNM Karunanayake,SADU Indrasiri,0,0,,,,,,"",""
ball,3,60.1,Bloomfield Cricket and Athletic Club,KPNM Karunanayake,ALKL Abeyrathne,HHD Sandaruwan,1,0,,,,,,"",""
ball,3,60.2,Bloomfield Cricket and Athletic Club,ALKL Abeyrathne,KPNM Karunanayake,HHD Sandaruwan,0,0,,,,,,"",""
ball,3,60.3,Bloomfield Cricket and Athletic Club,ALKL Abeyrathne,KPNM Karunanayake,HHD Sandaruwan,0,0,,,,,,"",""
ball,3,60.4,Bloomfield Cricket and Athletic Club,ALKL Abeyrathne,KPNM Karunanayake,HHD Sandaruwan,2,0,,,,,,"",""
ball,3,60.5,Bloomfield Cricket and Athletic Club,ALKL Abeyrathne,KPNM Karunanayake,HHD Sandaruwan,0,0,,,,,,"",""
ball,3,60.6,Bloomfield Cricket and Athletic Club,ALKL Abeyrathne,KPNM Karunanayake,HHD Sandaruwan,1,0,,,,,,"",""
ball,3,61.1,Bloomfield Cricket and Athletic Club,ALKL Abeyrathne,KPNM Karunanayake,D Sandaruwan,0,0,,,,,,"",""
ball,3,61.2,Bloomfield Cricket and Athletic Club,ALKL Abeyrathne,KPNM Karunanayake,D Sandaruwan,0,0,,,,,,"",""
ball,3,61.3,Bloomfield Cricket and Athletic Club,ALKL Abeyrathne,KPNM Karunanayake,D Sandaruwan,1,0,,,,,,"",""
ball,3,61.4,Bloomfield Cricket and Athletic Club,KPNM Karunanayake,ALKL Abeyrathne,D Sandaruwan,1,0,,,,,,"",""
ball,3,61.5,Bloomfield Cricket and Athletic Club,ALKL Abeyrathne,KPNM Karunanayake,D Sandaruwan,1,0,,,,,,"",""
ball,3,61.6,Bloomfield Cricket and Athletic Club,KPNM Karunanayake,ALKL Abeyrathne,D Sandaruwan,1,0,,,,,,"",""
ball,3,62.1,Bloomfield Cricket and Athletic Club,KPNM Karunanayake,ALKL Abeyrathne,HHD Sandaruwan,0,0,,,,,,"",""
ball,3,62.2,Bloomfield Cricket and Athletic Club,KPNM Karunanayake,ALKL Abeyrathne,HHD Sandaruwan,0,0,,,,,,"",""
ball,3,62.3,Bloomfield Cricket and Athletic Club,KPNM Karunanayake,ALKL Abeyrathne,HHD Sandaruwan,0,0,,,,,,"",""
ball,3,62.4,Bloomfield Cricket and Athletic Club,KPNM Karunanayake,ALKL Abeyrathne,HHD Sandaruwan,0,0,,,,,,"",""
ball,3,62.5,Bloomfield Cricket and Athletic Club,KPNM Karunanayake,ALKL Abeyrathne,HHD Sandaruwan,0,0,,,,,,"",""
ball,3,62.6,Bloomfield Cricket and Athletic Club,KPNM Karunanayake,ALKL Abeyrathne,HHD Sandaruwan,0,0,,,,,,"",""
ball,3,63.1,Bloomfield Cricket and Athletic Club,ALKL Abeyrathne,KPNM Karunanayake,D Sandaruwan,0,0,,,,,,"",""
ball,3,63.2,Bloomfield Cricket and Athletic Club,ALKL Abeyrathne,KPNM Karunanayake,D Sandaruwan,0,0,,,,,,"",""
ball,3,63.3,Bloomfield Cricket and Athletic Club,ALKL Abeyrathne,KPNM Karunanayake,D Sandaruwan,0,0,,,,,,"",""
ball,3,63.4,Bloomfield Cricket and Athletic Club,ALKL Abeyrathne,KPNM Karunanayake,D Sandaruwan,0,0,,,,,,"",""
ball,3,63.5,Bloomfield Cricket and Athletic Club,ALKL Abeyrathne,KPNM Karunanayake,D Sandaruwan,0,0,,,,,,"",""
ball,3,63.6,Bloomfield Cricket and Athletic Club,ALKL Abeyrathne,KPNM Karunanayake,D Sandaruwan,0,0,,,,,,"",""
ball,3,64.1,Bloomfield Cricket and Athletic Club,KPNM Karunanayake,ALKL Abeyrathne,HHD Sandaruwan,0,0,,,,,,"",""
ball,3,64.2,Bloomfield Cricket and Athletic Club,KPNM Karunanayake,ALKL Abeyrathne,HHD Sandaruwan,4,0,,,,,,"",""
ball,3,64.3,Bloomfield Cricket and Athletic Club,KPNM Karunanayake,ALKL Abeyrathne,HHD Sandaruwan,0,0,,,,,,"",""
ball,3,64.4,Bloomfield Cricket and Athletic Club,KPNM Karunanayake,ALKL Abeyrathne,HHD Sandaruwan,0,0,,,,,,"",""
ball,3,64.5,Bloomfield Cricket and Athletic Club,KPNM Karunanayake,ALKL Abeyrathne,HHD Sandaruwan,0,0,,,,,,"",""
ball,3,64.6,Bloomfield Cricket and Athletic Club,KPNM Karunanayake,ALKL Abeyrathne,HHD Sandaruwan,6,0,,,,,,"",""
ball,3,65.1,Bloomfield Cricket and Athletic Club,ALKL Abeyrathne,KPNM Karunanayake,D Sandaruwan,0,0,,,,,,"",""
ball,3,65.2,Bloomfield Cricket and Athletic Club,ALKL Abeyrathne,KPNM Karunanayake,D Sandaruwan,0,0,,,,,,"",""
ball,3,65.3,Bloomfield Cricket and Athletic Club,ALKL Abeyrathne,KPNM Karunanayake,D Sandaruwan,0,0,,,,,,"",""
ball,3,65.4,Bloomfield Cricket and Athletic Club,ALKL Abeyrathne,KPNM Karunanayake,D Sandaruwan,1,0,,,,,,"",""
ball,3,65.5,Bloomfield Cricket and Athletic Club,KPNM Karunanayake,ALKL Abeyrathne,D Sandaruwan,1,0,,,,,,"",""
ball,3,65.6,Bloomfield Cricket and Athletic Club,ALKL Abeyrathne,KPNM Karunanayake,D Sandaruwan,4,0,,,,,,"",""
ball,3,66.1,Bloomfield Cricket and Athletic Club,KPNM Karunanayake,ALKL Abeyrathne,EMDY Munaweera,4,0,,,,,,"",""
ball,3,66.2,Bloomfield Cricket and Athletic Club,KPNM Karunanayake,ALKL Abeyrathne,EMDY Munaweera,0,0,,,,,,"",""
ball,3,66.3,Bloomfield Cricket and Athletic Club,KPNM Karunanayake,ALKL Abeyrathne,EMDY Munaweera,0,0,,,,,,"",""
ball,3,66.4,Bloomfield Cricket and Athletic Club,KPNM Karunanayake,ALKL Abeyrathne,EMDY Munaweera,3,0,,,,,,"",""
ball,3,66.5,Bloomfield Cricket and Athletic Club,ALKL Abeyrathne,KPNM Karunanayake,EMDY Munaweera,1,0,,,,,,"",""
ball,3,66.6,Bloomfield Cricket and Athletic Club,KPNM Karunanayake,ALKL Abeyrathne,EMDY Munaweera,0,0,,,,,,"",""
ball,3,67.1,Bloomfield Cricket and Athletic Club,ALKL Abeyrathne,KPNM Karunanayake,SADU Indrasiri,4,0,,,,,,"",""
ball,3,67.2,Bloomfield Cricket and Athletic Club,ALKL Abeyrathne,KPNM Karunanayake,SADU Indrasiri,0,0,,,,,,"",""
ball,3,67.3,Bloomfield Cricket and Athletic Club,ALKL Abeyrathne,KPNM Karunanayake,SADU Indrasiri,1,0,,,,,,"",""
ball,3,67.4,Bloomfield Cricket and Athletic Club,KPNM Karunanayake,ALKL Abeyrathne,SADU Indrasiri,0,0,,,,,,"",""
ball,3,67.5,Bloomfield Cricket and Athletic Club,KPNM Karunanayake,ALKL Abeyrathne,SADU Indrasiri,0,0,,,,,,"",""
ball,3,67.6,Bloomfield Cricket and Athletic Club,KPNM Karunanayake,ALKL Abeyrathne,SADU Indrasiri,0,0,,,,,,"",""
ball,3,68.1,Bloomfield Cricket and Athletic Club,ALKL Abeyrathne,KPNM Karunanayake,EMDY Munaweera,0,0,,,,,,"",""
ball,3,68.2,Bloomfield Cricket and Athletic Club,ALKL Abeyrathne,KPNM Karunanayake,EMDY Munaweera,1,0,,,,,,"",""
ball,3,68.3,Bloomfield Cricket and Athletic Club,KPNM Karunanayake,ALKL Abeyrathne,EMDY Munaweera,0,0,,,,,,"",""
ball,3,68.4,Bloomfield Cricket and Athletic Club,KPNM Karunanayake,ALKL Abeyrathne,EMDY Munaweera,0,0,,,,,,"",""
ball,3,68.5,Bloomfield Cricket and Athletic Club,KPNM Karunanayake,ALKL Abeyrathne,EMDY Munaweera,0,0,,,,,,"",""
ball,3,68.6,Bloomfield Cricket and Athletic Club,KPNM Karunanayake,ALKL Abeyrathne,EMDY Munaweera,0,0,,,,,,"",""
ball,3,69.1,Bloomfield Cricket and Athletic Club,ALKL Abeyrathne,KPNM Karunanayake,SADU Indrasiri,2,0,,,,,,"",""
ball,3,69.2,Bloomfield Cricket and Athletic Club,ALKL Abeyrathne,KPNM Karunanayake,SADU Indrasiri,0,0,,,,,,"",""
ball,3,69.3,Bloomfield Cricket and Athletic Club,ALKL Abeyrathne,KPNM Karunanayake,SADU Indrasiri,0,0,,,,,,"",""
ball,3,69.4,Bloomfield Cricket and Athletic Club,ALKL Abeyrathne,KPNM Karunanayake,SADU Indrasiri,0,0,,,,,,"",""
ball,3,69.5,Bloomfield Cricket and Athletic Club,ALKL Abeyrathne,KPNM Karunanayake,SADU Indrasiri,0,0,,,,,,"",""
ball,3,69.6,Bloomfield Cricket and Athletic Club,ALKL Abeyrathne,KPNM Karunanayake,SADU Indrasiri,0,0,,,,,,"",""
ball,3,70.1,Bloomfield Cricket and Athletic Club,KPNM Karunanayake,ALKL Abeyrathne,EMDY Munaweera,0,0,,,,,,"",""
ball,3,70.2,Bloomfield Cricket and Athletic Club,KPNM Karunanayake,ALKL Abeyrathne,EMDY Munaweera,0,0,,,,,,"",""
ball,3,70.3,Bloomfield Cricket and Athletic Club,KPNM Karunanayake,ALKL Abeyrathne,EMDY Munaweera,0,0,,,,,,"",""
ball,3,70.4,Bloomfield Cricket and Athletic Club,KPNM Karunanayake,ALKL Abeyrathne,EMDY Munaweera,1,0,,,,,,"",""
ball,3,70.5,Bloomfield Cricket and Athletic Club,ALKL Abeyrathne,KPNM Karunanayake,EMDY Munaweera,1,0,,,,,,"",""
ball,3,70.6,Bloomfield Cricket and Athletic Club,KPNM Karunanayake,ALKL Abeyrathne,EMDY Munaweera,0,0,,,,,,"",""
ball,3,71.1,Bloomfield Cricket and Athletic Club,ALKL Abeyrathne,KPNM Karunanayake,SADU Indrasiri,0,0,,,,,,"",""
ball,3,71.2,Bloomfield Cricket and Athletic Club,ALKL Abeyrathne,KPNM Karunanayake,SADU Indrasiri,1,0,,,,,,"",""
ball,3,71.3,Bloomfield Cricket and Athletic Club,KPNM Karunanayake,ALKL Abeyrathne,SADU Indrasiri,1,0,,,,,,"",""
ball,3,71.4,Bloomfield Cricket and Athletic Club,ALKL Abeyrathne,KPNM Karunanayake,SADU Indrasiri,0,0,,,,,,"",""
ball,3,71.5,Bloomfield Cricket and Athletic Club,ALKL Abeyrathne,KPNM Karunanayake,SADU Indrasiri,2,0,,,,,,"",""
ball,3,71.6,Bloomfield Cricket and Athletic Club,ALKL Abeyrathne,KPNM Karunanayake,SADU Indrasiri,0,0,,,,,,"",""
ball,3,72.1,Bloomfield Cricket and Athletic Club,KPNM Karunanayake,ALKL Abeyrathne,EMDY Munaweera,0,0,,,,,,"",""
ball,3,72.2,Bloomfield Cricket and Athletic Club,KPNM Karunanayake,ALKL Abeyrathne,EMDY Munaweera,0,0,,,,,,caught,KPNM Karunanayake
ball,3,72.3,Bloomfield Cricket and Athletic Club,LD Madushanka,ALKL Abeyrathne,EMDY Munaweera,0,0,,,,,,"",""
ball,3,72.4,Bloomfield Cricket and Athletic Club,LD Madushanka,ALKL Abeyrathne,EMDY Munaweera,0,0,,,,,,"",""
ball,3,72.5,Bloomfield Cricket and Athletic Club,LD Madushanka,ALKL Abeyrathne,EMDY Munaweera,0,0,,,,,,"",""
ball,3,72.6,Bloomfield Cricket and Athletic Club,LD Madushanka,ALKL Abeyrathne,EMDY Munaweera,0,0,,,,,,"",""
ball,3,73.1,Bloomfield Cricket and Athletic Club,ALKL Abeyrathne,LD Madushanka,SADU Indrasiri,1,0,,,,,,"",""
ball,3,73.2,Bloomfield Cricket and Athletic Club,LD Madushanka,ALKL Abeyrathne,SADU Indrasiri,0,0,,,,,,"",""
ball,3,73.3,Bloomfield Cricket and Athletic Club,LD Madushanka,ALKL Abeyrathne,SADU Indrasiri,0,0,,,,,,"",""
ball,3,73.4,Bloomfield Cricket and Athletic Club,LD Madushanka,ALKL Abeyrathne,SADU Indrasiri,0,0,,,,,,"",""
ball,3,73.5,Bloomfield Cricket and Athletic Club,LD Madushanka,ALKL Abeyrathne,SADU Indrasiri,0,0,,,,,,"",""
ball,3,73.6,Bloomfield Cricket and Athletic Club,LD Madushanka,ALKL Abeyrathne,SADU Indrasiri,0,0,,,,,,"",""
ball,3,74.1,Bloomfield Cricket and Athletic Club,ALKL Abeyrathne,LD Madushanka,D Sandaruwan,0,0,,,,,,"",""
ball,3,74.2,Bloomfield Cricket and Athletic Club,ALKL Abeyrathne,LD Madushanka,D Sandaruwan,4,0,,,,,,"",""
ball,3,74.3,Bloomfield Cricket and Athletic Club,ALKL Abeyrathne,LD Madushanka,D Sandaruwan,0,0,,,,,,"",""
ball,3,74.4,Bloomfield Cricket and Athletic Club,ALKL Abeyrathne,LD Madushanka,D Sandaruwan,0,0,,,,,,"",""
ball,3,74.5,Bloomfield Cricket and Athletic Club,ALKL Abeyrathne,LD Madushanka,D Sandaruwan,0,0,,,,,,"",""
ball,3,74.6,Bloomfield Cricket and Athletic Club,ALKL Abeyrathne,LD Madushanka,D Sandaruwan,0,0,,,,,,"",""
ball,3,75.1,Bloomfield Cricket and Athletic Club,LD Madushanka,ALKL Abeyrathne,SADU Indrasiri,0,0,,,,,,"",""
ball,3,75.2,Bloomfield Cricket and Athletic Club,LD Madushanka,ALKL Abeyrathne,SADU Indrasiri,0,0,,,,,,"",""
ball,3,75.3,Bloomfield Cricket and Athletic Club,LD Madushanka,ALKL Abeyrathne,SADU Indrasiri,0,0,,,,,,"",""
ball,3,75.4,Bloomfield Cricket and Athletic Club,LD Madushanka,ALKL Abeyrathne,SADU Indrasiri,0,0,,,,,,"",""
ball,3,75.5,Bloomfield Cricket and Athletic Club,LD Madushanka,ALKL Abeyrathne,SADU Indrasiri,2,0,,,,,,"",""
ball,3,75.6,Bloomfield Cricket and Athletic Club,LD Madushanka,ALKL Abeyrathne,SADU Indrasiri,0,0,,,,,,"",""
ball,3,76.1,Bloomfield Cricket and Athletic Club,ALKL Abeyrathne,LD Madushanka,D Sandaruwan,0,0,,,,,,"",""
ball,3,76.2,Bloomfield Cricket and Athletic Club,ALKL Abeyrathne,LD Madushanka,D Sandaruwan,1,0,,,,,,"",""
ball,3,76.3,Bloomfield Cricket and Athletic Club,LD Madushanka,ALKL Abeyrathne,D Sandaruwan,0,0,,,,,,"",""
ball,3,76.4,Bloomfield Cricket and Athletic Club,LD Madushanka,ALKL Abeyrathne,D Sandaruwan,1,0,,,,,,"",""
ball,3,76.5,Bloomfield Cricket and Athletic Club,ALKL Abeyrathne,LD Madushanka,D Sandaruwan,0,0,,,,,,"",""
ball,3,76.6,Bloomfield Cricket and Athletic Club,ALKL Abeyrathne,LD Madushanka,D Sandaruwan,0,0,,,,,,"",""
ball,3,77.1,Bloomfield Cricket and Athletic Club,LD Madushanka,ALKL Abeyrathne,SADU Indrasiri,0,0,,,,,,"",""
ball,3,77.2,Bloomfield Cricket and Athletic Club,LD Madushanka,ALKL Abeyrathne,SADU Indrasiri,0,0,,,,,,"",""
ball,3,77.3,Bloomfield Cricket and Athletic Club,LD Madushanka,ALKL Abeyrathne,SADU Indrasiri,0,0,,,,,,"",""
ball,3,77.4,Bloomfield Cricket and Athletic Club,LD Madushanka,ALKL Abeyrathne,SADU Indrasiri,0,0,,,,,,"",""
ball,3,77.5,Bloomfield Cricket and Athletic Club,LD Madushanka,ALKL Abeyrathne,SADU Indrasiri,1,0,,,,,,"",""
ball,3,77.6,Bloomfield Cricket and Athletic Club,ALKL Abeyrathne,LD Madushanka,SADU Indrasiri,0,0,,,,,,"",""
ball,3,78.1,Bloomfield Cricket and Athletic Club,LD Madushanka,ALKL Abeyrathne,P Maduwantha,1,0,,,,,,"",""
ball,3,78.2,Bloomfield Cricket and Athletic Club,ALKL Abeyrathne,LD Madushanka,P Maduwantha,1,0,,,,,,"",""
ball,3,78.3,Bloomfield Cricket and Athletic Club,LD Madushanka,ALKL Abeyrathne,P Maduwantha,0,0,,,,,,"",""
ball,3,78.4,Bloomfield Cricket and Athletic Club,LD Madushanka,ALKL Abeyrathne,P Maduwantha,4,0,,,,,,"",""
ball,3,78.5,Bloomfield Cricket and Athletic Club,LD Madushanka,ALKL Abeyrathne,P Maduwantha,1,0,,,,,,"",""
ball,3,78.6,Bloomfield Cricket and Athletic Club,ALKL Abeyrathne,LD Madushanka,P Maduwantha,1,0,,,,,,"",""
ball,3,79.1,Bloomfield Cricket and Athletic Club,ALKL Abeyrathne,LD Madushanka,SADU Indrasiri,1,0,,,,,,"",""
ball,3,79.2,Bloomfield Cricket and Athletic Club,LD Madushanka,ALKL Abeyrathne,SADU Indrasiri,0,0,,,,,,"",""
ball,3,79.3,Bloomfield Cricket and Athletic Club,LD Madushanka,ALKL Abeyrathne,SADU Indrasiri,0,0,,,,,,bowled,LD Madushanka
ball,3,79.4,Bloomfield Cricket and Athletic Club,RS Fernando,ALKL Abeyrathne,SADU Indrasiri,1,0,,,,,,"",""
ball,3,79.5,Bloomfield Cricket and Athletic Club,ALKL Abeyrathne,RS Fernando,SADU Indrasiri,0,0,,,,,,"",""
ball,3,79.6,Bloomfield Cricket and Athletic Club,ALKL Abeyrathne,RS Fernando,SADU Indrasiri,0,0,,,,,,"",""
ball,3,80.1,Bloomfield Cricket and Athletic Club,RS Fernando,ALKL Abeyrathne,D Sandaruwan,0,0,,,,,,"",""
ball,3,80.2,Bloomfield Cricket and Athletic Club,RS Fernando,ALKL Abeyrathne,D Sandaruwan,6,0,,,,,,"",""
ball,3,80.3,Bloomfield Cricket and Athletic Club,RS Fernando,ALKL Abeyrathne,D Sandaruwan,2,0,,,,,,"",""
ball,3,80.4,Bloomfield Cricket and Athletic Club,RS Fernando,ALKL Abeyrathne,D Sandaruwan,0,0,,,,,,"",""
ball,3,80.5,Bloomfield Cricket and Athletic Club,RS Fernando,ALKL Abeyrathne,D Sandaruwan,0,0,,,,,,"",""
ball,3,80.6,Bloomfield Cricket and Athletic Club,RS Fernando,ALKL Abeyrathne,D Sandaruwan,0,0,,,,,,"",""
ball,3,81.1,Bloomfield Cricket and Athletic Club,ALKL Abeyrathne,RS Fernando,PSU Fernando,0,0,,,,,,"",""
ball,3,81.2,Bloomfield Cricket and Athletic Club,ALKL Abeyrathne,RS Fernando,PSU Fernando,0,0,,,,,,lbw,ALKL Abeyrathne
ball,3,81.3,Bloomfield Cricket and Athletic Club,I Wijesundera,RS Fernando,PSU Fernando,0,0,,,,,,"",""
ball,3,81.4,Bloomfield Cricket and Athletic Club,I Wijesundera,RS Fernando,PSU Fernando,0,0,,,,,,"",""
ball,3,81.5,Bloomfield Cricket and Athletic Club,I Wijesundera,RS Fernando,PSU Fernando,0,0,,,,,,"",""
ball,3,81.6,Bloomfield Cricket and Athletic Club,I Wijesundera,RS Fernando,PSU Fernando,0,0,,,,,,"",""
ball,3,82.1,Bloomfield Cricket and Athletic Club,RS Fernando,I Wijesundera,SADU Indrasiri,1,0,,,,,,"",""
ball,3,82.2,Bloomfield Cricket and Athletic Club,I Wijesundera,RS Fernando,SADU Indrasiri,1,0,,,,,,"",""
ball,3,82.3,Bloomfield Cricket and Athletic Club,RS Fernando,I Wijesundera,SADU Indrasiri,0,0,,,,,,"",""
ball,3,82.4,Bloomfield Cricket and Athletic Club,RS Fernando,I Wijesundera,SADU Indrasiri,0,0,,,,,,"",""
ball,3,82.5,Bloomfield Cricket and Athletic Club,RS Fernando,I Wijesundera,SADU Indrasiri,1,0,,,,,,"",""
ball,3,82.6,Bloomfield Cricket and Athletic Club,I Wijesundera,RS Fernando,SADU Indrasiri,0,0,,,,,,"",""
ball,3,83.1,Bloomfield Cricket and Athletic Club,RS Fernando,I Wijesundera,PSU Fernando,0,0,,,,,,"",""
ball,3,83.2,Bloomfield Cricket and Athletic Club,RS Fernando,I Wijesundera,PSU Fernando,4,0,,,,,,"",""
ball,3,83.3,Bloomfield Cricket and Athletic Club,RS Fernando,I Wijesundera,PSU Fernando,1,0,,,,,,"",""
ball,3,83.4,Bloomfield Cricket and Athletic Club,I Wijesundera,RS Fernando,PSU Fernando,3,0,,,,,,"",""
ball,3,83.5,Bloomfield Cricket and Athletic Club,RS Fernando,I Wijesundera,PSU Fernando,1,0,,,,,,"",""
ball,3,83.6,Bloomfield Cricket and Athletic Club,I Wijesundera,RS Fernando,PSU Fernando,0,0,,,,,,"",""
ball,3,84.1,Bloomfield Cricket and Athletic Club,RS Fernando,I Wijesundera,SADU Indrasiri,4,0,,,,,,"",""
ball,3,84.2,Bloomfield Cricket and Athletic Club,RS Fernando,I Wijesundera,SADU Indrasiri,1,0,,,,,,"",""
ball,3,84.3,Bloomfield Cricket and Athletic Club,I Wijesundera,RS Fernando,SADU Indrasiri,0,0,,,,,,"",""
ball,3,84.4,Bloomfield Cricket and Athletic Club,I Wijesundera,RS Fernando,SADU Indrasiri,0,0,,,,,,"",""
ball,3,84.5,Bloomfield Cricket and Athletic Club,I Wijesundera,RS Fernando,SADU Indrasiri,0,0,,,,,,"",""
ball,3,84.6,Bloomfield Cricket and Athletic Club,I Wijesundera,RS Fernando,SADU Indrasiri,2,0,,,,,,"",""
ball,3,85.1,Bloomfield Cricket and Athletic Club,RS Fernando,I Wijesundera,PSU Fernando,0,0,,,,,,caught,RS Fernando
ball,3,85.2,Bloomfield Cricket and Athletic Club,M Premaratne,I Wijesundera,PSU Fernando,0,0,,,,,,"",""
ball,3,85.3,Bloomfield Cricket and Athletic Club,M Premaratne,I Wijesundera,PSU Fernando,1,0,,,,,,"",""
ball,3,85.4,Bloomfield Cricket and Athletic Club,I Wijesundera,M Premaratne,PSU Fernando,4,0,,,,,,"",""
ball,3,85.5,Bloomfield Cricket and Athletic Club,I Wijesundera,M Premaratne,PSU Fernando,0,0,,,,,,caught,I Wijesundera
ball,3,85.6,Bloomfield Cricket and Athletic Club,TN Guruge,M Premaratne,PSU Fernando,0,0,,,,,,"",""
ball,3,86.1,Bloomfield Cricket and Athletic Club,M Premaratne,TN Guruge,MS Warnapura,0,0,,,,,,"",""
ball,3,86.2,Bloomfield Cricket and Athletic Club,M Premaratne,TN Guruge,MS Warnapura,0,0,,,,,,"",""
ball,3,86.3,Bloomfield Cricket and Athletic Club,M Premaratne,TN Guruge,MS Warnapura,0,0,,,,,,"",""
ball,3,86.4,Bloomfield Cricket and Athletic Club,M Premaratne,TN Guruge,MS Warnapura,4,0,,,,,,"",""
ball,3,86.5,Bloomfield Cricket and Athletic Club,M Premaratne,TN Guruge,MS Warnapura,0,0,,,,,,"",""
ball,3,86.6,Bloomfield Cricket and Athletic Club,M Premaratne,TN Guruge,MS Warnapura,0,0,,,,,,"",""
ball,3,87.1,Bloomfield Cricket and Athletic Club,TN Guruge,M Premaratne,EMDY Munaweera,0,0,,,,,,"",""
ball,3,87.2,Bloomfield Cricket and Athletic Club,TN Guruge,M Premaratne,EMDY Munaweera,0,0,,,,,,"",""
ball,3,87.3,Bloomfield Cricket and Athletic Club,TN Guruge,M Premaratne,EMDY Munaweera,0,0,,,,,,"",""
ball,3,87.4,Bloomfield Cricket and Athletic Club,TN Guruge,M Premaratne,EMDY Munaweera,0,0,,,,,,"",""
ball,3,87.5,Bloomfield Cricket and Athletic Club,TN Guruge,M Premaratne,EMDY Munaweera,0,0,,,,,,"",""
ball,3,87.6,Bloomfield Cricket and Athletic Club,TN Guruge,M Premaratne,EMDY Munaweera,0,0,,,,,,"",""
ball,3,88.1,Bloomfield Cricket and Athletic Club,M Premaratne,TN Guruge,D Sandaruwan,1,0,,,,,,"",""
ball,3,88.2,Bloomfield Cricket and Athletic Club,TN Guruge,M Premaratne,D Sandaruwan,0,0,,,,,,"",""
ball,3,88.3,Bloomfield Cricket and Athletic Club,TN Guruge,M Premaratne,D Sandaruwan,1,0,,,,,,"",""
ball,3,88.4,Bloomfield Cricket and Athletic Club,M Premaratne,TN Guruge,D Sandaruwan,0,0,,,,,,"",""
ball,3,88.5,Bloomfield Cricket and Athletic Club,M Premaratne,TN Guruge,D Sandaruwan,2,0,,,,,,"",""
ball,3,88.6,Bloomfield Cricket and Athletic Club,M Premaratne,TN Guruge,D Sandaruwan,1,0,,,,,,"",""
ball,3,89.1,Bloomfield Cricket and Athletic Club,M Premaratne,TN Guruge,SADU Indrasiri,0,0,,,,,,"",""
ball,3,89.2,Bloomfield Cricket and Athletic Club,M Premaratne,TN Guruge,SADU Indrasiri,0,0,,,,,,bowled,M Premaratne
ball,3,89.3,Bloomfield Cricket and Athletic Club,S Nanayakkare,TN Guruge,SADU Indrasiri,0,0,,,,,,"",""
ball,3,89.4,Bloomfield Cricket and Athletic Club,S Nanayakkare,TN Guruge,SADU Indrasiri,0,0,,,,,,"",""
ball,3,89.5,Bloomfield Cricket and Athletic Club,S Nanayakkare,TN Guruge,SADU Indrasiri,0,0,,,,,,"",""
ball,3,89.6,Bloomfield Cricket and Athletic Club,S Nanayakkare,TN Guruge,SADU Indrasiri,1,0,,,,,,"",""
ball,3,90.1,Bloomfield Cricket and Athletic Club,S Nanayakkare,TN Guruge,MS Warnapura,0,0,,,,,,"",""
ball,3,90.2,Bloomfield Cricket and Athletic Club,S Nanayakkare,TN Guruge,MS Warnapura,0,0,,,,,,"",""
ball,3,90.3,Bloomfield Cricket and Athletic Club,S Nanayakkare,TN Guruge,MS Warnapura,1,0,,,,,,"",""
ball,3,90.4,Bloomfield Cricket and Athletic Club,TN Guruge,S Nanayakkare,MS Warnapura,0,0,,,,,,"",""
ball,3,90.5,Bloomfield Cricket and Athletic Club,TN Guruge,S Nanayakkare,MS Warnapura,1,0,,,,,,"",""
ball,3,90.6,Bloomfield Cricket and Athletic Club,S Nanayakkare,TN Guruge,MS Warnapura,0,0,,,,,,"",""
ball,3,91.1,Bloomfield Cricket and Athletic Club,TN Guruge,S Nanayakkare,SADU Indrasiri,0,0,,,,,,"",""
ball,3,91.2,Bloomfield Cricket and Athletic Club,TN Guruge,S Nanayakkare,SADU Indrasiri,2,0,,,,,,"",""
ball,3,91.3,Bloomfield Cricket and Athletic Club,TN Guruge,S Nanayakkare,SADU Indrasiri,0,0,,,,,,"",""
ball,3,91.4,Bloomfield Cricket and Athletic Club,TN Guruge,S Nanayakkare,SADU Indrasiri,0,0,,,,,,"",""
ball,3,91.5,Bloomfield Cricket and Athletic Club,TN Guruge,S Nanayakkare,SADU Indrasiri,0,0,,,,,,caught,TN Guruge
ball,4,0.1,Negombo Cricket Club,EMDY Munaweera,HS Liyanage,S Nanayakkare,1,0,,,,,,"",""
ball,4,0.2,Negombo Cricket Club,HS Liyanage,EMDY Munaweera,S Nanayakkare,0,0,,,,,,"",""
ball,4,0.3,Negombo Cricket Club,HS Liyanage,EMDY Munaweera,S Nanayakkare,4,0,,,,,,"",""
ball,4,0.4,Negombo Cricket Club,HS Liyanage,EMDY Munaweera,S Nanayakkare,0,0,,,,,,"",""
ball,4,0.5,Negombo Cricket Club,HS Liyanage,EMDY Munaweera,S Nanayakkare,1,0,,,,,,"",""
ball,4,0.6,Negombo Cricket Club,EMDY Munaweera,HS Liyanage,S Nanayakkare,0,0,,,,,,"",""
ball,4,1.1,Negombo Cricket Club,HS Liyanage,EMDY Munaweera,RS Fernando,0,0,,,,,,"",""
ball,4,1.2,Negombo Cricket Club,HS Liyanage,EMDY Munaweera,RS Fernando,0,0,,,,,,"",""
ball,4,1.3,Negombo Cricket Club,HS Liyanage,EMDY Munaweera,RS Fernando,0,0,,,,,,caught,HS Liyanage
ball,4,1.4,Negombo Cricket Club,PSU Fernando,EMDY Munaweera,RS Fernando,1,0,,,,,,"",""
ball,4,1.5,Negombo Cricket Club,EMDY Munaweera,PSU Fernando,RS Fernando,0,0,,,,,,"",""
ball,4,1.6,Negombo Cricket Club,EMDY Munaweera,PSU Fernando,RS Fernando,0,0,,,,,,"",""
ball,4,2.1,Negombo Cricket Club,PSU Fernando,EMDY Munaweera,S Nanayakkare,4,0,,,,,,"",""
ball,4,2.2,Negombo Cricket Club,PSU Fernando,EMDY Munaweera,S Nanayakkare,0,1,,,,1,,"",""
ball,4,2.3,Negombo Cricket Club,EMDY Munaweera,PSU Fernando,S Nanayakkare,2,0,,,,,,"",""
ball,4,2.4,Negombo Cricket Club,EMDY Munaweera,PSU Fernando,S Nanayakkare,1,0,,,,,,"",""
ball,4,2.5,Negombo Cricket Club,PSU Fernando,EMDY Munaweera,S Nanayakkare,4,0,,,,,,"",""
ball,4,2.6,Negombo Cricket Club,PSU Fernando,EMDY Munaweera,S Nanayakkare,0,0,,,,,,"",""
ball,4,3.1,Negombo Cricket Club,EMDY Munaweera,PSU Fernando,RS Fernando,1,0,,,,,,"",""
ball,4,3.2,Negombo Cricket Club,PSU Fernando,EMDY Munaweera,RS Fernando,4,0,,,,,,"",""
ball,4,3.3,Negombo Cricket Club,PSU Fernando,EMDY Munaweera,RS Fernando,1,0,,,,,,"",""
ball,4,3.4,Negombo Cricket Club,EMDY Munaweera,PSU Fernando,RS Fernando,2,0,,,,,,"",""
ball,4,3.5,Negombo Cricket Club,EMDY Munaweera,PSU Fernando,RS Fernando,0,0,,,,,,"",""
ball,4,3.6,Negombo Cricket Club,EMDY Munaweera,PSU Fernando,RS Fernando,4,0,,,,,,"",""
ball,4,4.1,Negombo Cricket Club,PSU Fernando,EMDY Munaweera,S Nanayakkare,0,0,,,,,,"",""
ball,4,4.2,Negombo Cricket Club,PSU Fernando,EMDY Munaweera,S Nanayakkare,0,0,,,,,,"",""
ball,4,4.3,Negombo Cricket Club,PSU Fernando,EMDY Munaweera,S Nanayakkare,4,0,,,,,,"",""
ball,4,4.4,Negombo Cricket Club,PSU Fernando,EMDY Munaweera,S Nanayakkare,0,0,,,,,,caught,PSU Fernando
ball,4,4.5,Negombo Cricket Club,Pasindu Lakshanka,EMDY Munaweera,S Nanayakkare,0,0,,,,,,"",""
ball,4,4.6,Negombo Cricket Club,Pasindu Lakshanka,EMDY Munaweera,S Nanayakkare,0,0,,,,,,"",""
ball,4,5.1,Negombo Cricket Club,EMDY Munaweera,Pasindu Lakshanka,RS Fernando,1,0,,,,,,"",""
ball,4,5.2,Negombo Cricket Club,Pasindu Lakshanka,EMDY Munaweera,RS Fernando,1,0,,,,,,"",""
ball,4,5.3,Negombo Cricket Club,EMDY Munaweera,Pasindu Lakshanka,RS Fernando,1,0,,,,,,"",""
ball,4,5.4,Negombo Cricket Club,Pasindu Lakshanka,EMDY Munaweera,RS Fernando,0,0,,,,,,"",""
ball,4,5.5,Negombo Cricket Club,Pasindu Lakshanka,EMDY Munaweera,RS Fernando,0,0,,,,,,"",""
ball,4,5.6,Negombo Cricket Club,Pasindu Lakshanka,EMDY Munaweera,RS Fernando,4,0,,,,,,"",""
ball,4,6.1,Negombo Cricket Club,EMDY Munaweera,Pasindu Lakshanka,S Nanayakkare,0,0,,,,,,"",""
ball,4,6.2,Negombo Cricket Club,EMDY Munaweera,Pasindu Lakshanka,S Nanayakkare,1,0,,,,,,"",""
ball,4,6.3,Negombo Cricket Club,Pasindu Lakshanka,EMDY Munaweera,S Nanayakkare,4,0,,,,,,"",""
ball,4,6.4,Negombo Cricket Club,Pasindu Lakshanka,EMDY Munaweera,S Nanayakkare,1,0,,,,,,"",""
ball,4,6.5,Negombo Cricket Club,EMDY Munaweera,Pasindu Lakshanka,S Nanayakkare,0,0,,,,,,caught,EMDY Munaweera
ball,4,6.6,Negombo Cricket Club,HHD Sandaruwan,Pasindu Lakshanka,S Nanayakkare,2,0,,,,,,"",""
ball,4,7.1,Negombo Cricket Club,Pasindu Lakshanka,HHD Sandaruwan,RS Fernando,1,0,,,,,,"",""
ball,4,7.2,Negombo Cricket Club,HHD Sandaruwan,Pasindu Lakshanka,RS Fernando,0,0,,,,,,"",""
ball,4,7.3,Negombo Cricket Club,HHD Sandaruwan,Pasindu Lakshanka,RS Fernando,0,0,,,,,,"",""
ball,4,7.4,Negombo Cricket Club,HHD Sandaruwan,Pasindu Lakshanka,RS Fernando,2,0,,,,,,"",""
ball,4,7.5,Negombo Cricket Club,HHD Sandaruwan,Pasindu Lakshanka,RS Fernando,0,0,,,,,,"",""
ball,4,7.6,Negombo Cricket Club,HHD Sandaruwan,Pasindu Lakshanka,RS Fernando,0,0,,,,,,"",""
