version,1.7.0
info,balls_per_over,6
info,team,Otago Volts
info,team,Wellington Firebirds
info,gender,male
info,season,2025/26
info,date,2025/11/18
info,date,2025/11/19
info,date,2025/11/20
info,date,2025/11/21
info,event,Plunket Shield
info,match_number,2
info,venue,"Basin Reserve, Wellington"
info,city,Wellington
info,toss_winner,Wellington Firebirds
info,toss_decision,field
info,umpire,C Black
info,umpire,PJ Pasco
info,match_referee,G Stretch
info,winner,Otago Volts
info,winner_wickets,7
info,player,Otago Volts,JCT Boyle
info,player,Otago Volts,JM Cumming
info,player,Otago Volts,TC Jones
info,player,Otago Volts,TK Parkes
info,player,Otago Volts,GD Phillips
info,player,Otago Volts,JD McKay
info,player,Otago Volts,MW Chu
info,player,Otago Volts,LI Georgeson
info,player,Otago Volts,BNJ Lockrose
info,player,Otago Volts,DK Ferns
info,player,Otago Volts,MB Bacon
info,player,Wellington Firebirds,SM Mycock
info,player,Wellington Firebirds,NA Greenwood
info,player,Wellington Firebirds,GR Severin
info,player,Wellington Firebirds,NF Kelly
info,player,Wellington Firebirds,TB Robinson
info,player,Wellington Firebirds,TA Blundell
info,player,Wellington Firebirds,JM Tashkoff
info,player,Wellington Firebirds,PF Younghusband
info,player,Wellington Firebirds,MW Snedden
info,player,Wellington Firebirds,JW Hartshorn
info,player,Wellington Firebirds,LR Dudding
info,registry,people,BNJ Lockrose,aa8914ad
info,registry,people,C Black,75b42f71
info,registry,people,DK Ferns,f28c7456
info,registry,people,G Stretch,1d054cad
info,registry,people,GD Phillips,9a46c4e5
info,registry,people,GR Severin,b1549dc0
info,registry,people,JCT Boyle,f7b3d625
info,registry,people,JD McKay,2767c22a
info,registry,people,JM Cumming,af4c6a6d
info,registry,people,JM Tashkoff,afe7d695
info,registry,people,JW Hartshorn,9f395b45
info,registry,people,LI Georgeson,6be7b49d
info,registry,people,LR Dudding,678a8133
info,registry,people,MB Bacon,90701232
info,registry,people,MW Chu,ef9f75f8
info,registry,people,MW Snedden,236c8ffb
info,registry,people,NA Greenwood,7ca68967
info,registry,people,NF Kelly,97f437ed
info,registry,people,PF Younghusband,149d0c18
info,registry,people,PJ Pasco,fd92a10c
info,registry,people,SM Mycock,2c6f7953
info,registry,people,TA Blundell,21e5f325
info,registry,people,TB Robinson,5d664346
info,registry,people,TC Jones,8f1ee082
info,registry,people,TK Parkes,343407f3
ball,1,0.1,Otago Volts,JCT Boyle,JM Cumming,LR Dudding,0,0,,,,,,"",""
ball,1,0.2,Otago Volts,JCT Boyle,JM Cumming,LR Dudding,0,0,,,,,,"",""
ball,1,0.3,Otago Volts,JCT Boyle,JM Cumming,LR Dudding,0,0,,,,,,"",""
ball,1,0.4,Otago Volts,JCT Boyle,JM Cumming,LR Dudding,0,0,,,,,,"",""
ball,1,0.5,Otago Volts,JCT Boyle,JM Cumming,LR Dudding,0,0,,,,,,"",""
ball,1,0.6,Otago Volts,JCT Boyle,JM Cumming,LR Dudding,0,0,,,,,,"",""
ball,1,1.1,Otago Volts,JM Cumming,JCT Boyle,JW Hartshorn,0,0,,,,,,"",""
ball,1,1.2,Otago Volts,JM Cumming,JCT Boyle,JW Hartshorn,1,0,,,,,,"",""
ball,1,1.3,Otago Volts,JCT Boyle,JM Cumming,JW Hartshorn,0,0,,,,,,"",""
ball,1,1.4,Otago Volts,JCT Boyle,JM Cumming,JW Hartshorn,0,0,,,,,,"",""
ball,1,1.5,Otago Volts,JCT Boyle,JM Cumming,JW Hartshorn,0,0,,,,,,"",""
ball,1,1.6,Otago Volts,JCT Boyle,JM Cumming,JW Hartshorn,0,0,,,,,,"",""
ball,1,2.1,Otago Volts,JM Cumming,JCT Boyle,LR Dudding,0,0,,,,,,"",""
ball,1,2.2,Otago Volts,JM Cumming,JCT Boyle,LR Dudding,4,0,,,,,,"",""
ball,1,2.3,Otago Volts,JM Cumming,JCT Boyle,LR Dudding,0,0,,,,,,"",""
ball,1,2.4,Otago Volts,JM Cumming,JCT Boyle,LR Dudding,0,0,,,,,,"",""
ball,1,2.5,Otago Volts,JM Cumming,JCT Boyle,LR Dudding,0,0,,,,,,"",""
ball,1,2.6,Otago Volts,JM Cumming,JCT Boyle,LR Dudding,0,0,,,,,,"",""
ball,1,3.1,Otago Volts,JCT Boyle,JM Cumming,JW Hartshorn,0,0,,,,,,"",""
ball,1,3.2,Otago Volts,JCT Boyle,JM Cumming,JW Hartshorn,0,0,,,,,,"",""
ball,1,3.3,Otago Volts,JCT Boyle,JM Cumming,JW Hartshorn,0,0,,,,,,"",""
ball,1,3.4,Otago Volts,JCT Boyle,JM Cumming,JW Hartshorn,0,0,,,,,,"",""
ball,1,3.5,Otago Volts,JCT Boyle,JM Cumming,JW Hartshorn,4,0,,,,,,"",""
ball,1,3.6,Otago Volts,JCT Boyle,JM Cumming,JW Hartshorn,0,0,,,,,,"",""
ball,1,4.1,Otago Volts,JM Cumming,JCT Boyle,LR Dudding,2,0,,,,,,"",""
ball,1,4.2,Otago Volts,JM Cumming,JCT Boyle,LR Dudding,0,0,,,,,,"",""
ball,1,4.3,Otago Volts,JM Cumming,JCT Boyle,LR Dudding,4,0,,,,,,"",""
ball,1,4.4,Otago Volts,JM Cumming,JCT Boyle,LR Dudding,0,0,,,,,,"",""
ball,1,4.5,Otago Volts,JM Cumming,JCT Boyle,LR Dudding,0,0,,,,,,"",""
ball,1,4.6,Otago Volts,JM Cumming,JCT Boyle,LR Dudding,0,0,,,,,,"",""
ball,1,5.1,Otago Volts,JCT Boyle,JM Cumming,JW Hartshorn,0,0,,,,,,"",""
ball,1,5.2,Otago Volts,JCT Boyle,JM Cumming,JW Hartshorn,0,0,,,,,,"",""
ball,1,5.3,Otago Volts,JCT Boyle,JM Cumming,JW Hartshorn,0,0,,,,,,"",""
ball,1,5.4,Otago Volts,JCT Boyle,JM Cumming,JW Hartshorn,0,0,,,,,,"",""
ball,1,5.5,Otago Volts,JCT Boyle,JM Cumming,JW Hartshorn,0,0,,,,,,"",""
ball,1,5.6,Otago Volts,JCT Boyle,JM Cumming,JW Hartshorn,1,0,,,,,,"",""
ball,1,6.1,Otago Volts,JCT Boyle,JM Cumming,LR Dudding,0,0,,,,,,"",""
ball,1,6.2,Otago Volts,JCT Boyle,JM Cumming,LR Dudding,3,0,,,,,,"",""
ball,1,6.3,Otago Volts,JM Cumming,JCT Boyle,LR Dudding,0,0,,,,,,"",""
ball,1,6.4,Otago Volts,JM Cumming,JCT Boyle,LR Dudding,0,0,,,,,,"",""
ball,1,6.5,Otago Volts,JM Cumming,JCT Boyle,LR Dudding,0,0,,,,,,"",""
ball,1,6.6,Otago Volts,JM Cumming,JCT Boyle,LR Dudding,0,0,,,,,,"",""
ball,1,7.1,Otago Volts,JCT Boyle,JM Cumming,JW Hartshorn,2,0,,,,,,"",""
ball,1,7.2,Otago Volts,JCT Boyle,JM Cumming,JW Hartshorn,1,0,,,,,,"",""
ball,1,7.3,Otago Volts,JM Cumming,JCT Boyle,JW Hartshorn,2,0,,,,,,"",""
ball,1,7.4,Otago Volts,JM Cumming,JCT Boyle,JW Hartshorn,0,0,,,,,,"",""
ball,1,7.5,Otago Volts,JM Cumming,JCT Boyle,JW Hartshorn,6,0,,,,,,"",""
ball,1,7.6,Otago Volts,JM Cumming,JCT Boyle,JW Hartshorn,0,0,,,,,,"",""
ball,1,8.1,Otago Volts,JCT Boyle,JM Cumming,LR Dudding,0,0,,,,,,"",""
ball,1,8.2,Otago Volts,JCT Boyle,JM Cumming,LR Dudding,0,0,,,,,,"",""
ball,1,8.3,Otago Volts,JCT Boyle,JM Cumming,LR Dudding,0,0,,,,,,"",""
ball,1,8.4,Otago Volts,JCT Boyle,JM Cumming,LR Dudding,0,0,,,,,,"",""
ball,1,8.5,Otago Volts,JCT Boyle,JM Cumming,LR Dudding,0,0,,,,,,"",""
ball,1,8.6,Otago Volts,JCT Boyle,JM Cumming,LR Dudding,0,0,,,,,,"",""
ball,1,9.1,Otago Volts,JM Cumming,JCT Boyle,MW Snedden,2,1,,1,,,,"",""
ball,1,9.2,Otago Volts,JM Cumming,JCT Boyle,MW Snedden,0,0,,,,,,"",""
ball,1,9.3,Otago Volts,JM Cumming,JCT Boyle,MW Snedden,2,0,,,,,,"",""
ball,1,9.4,Otago Volts,JM Cumming,JCT Boyle,MW Snedden,0,0,,,,,,"",""
ball,1,9.5,Otago Volts,JM Cumming,JCT Boyle,MW Snedden,1,0,,,,,,"",""
ball,1,9.6,Otago Volts,JCT Boyle,JM Cumming,MW Snedden,0,0,,,,,,"",""
ball,1,9.7,Otago Volts,JCT Boyle,JM Cumming,MW Snedden,1,0,,,,,,"",""
ball,1,10.1,Otago Volts,JCT Boyle,JM Cumming,LR Dudding,3,0,,,,,,"",""
ball,1,10.2,Otago Volts,JM Cumming,JCT Boyle,LR Dudding,0,0,,,,,,"",""
ball,1,10.3,Otago Volts,JM Cumming,JCT Boyle,LR Dudding,0,0,,,,,,"",""
ball,1,10.4,Otago Volts,JM Cumming,JCT Boyle,LR Dudding,0,0,,,,,,"",""
ball,1,10.5,Otago Volts,JM Cumming,JCT Boyle,LR Dudding,0,0,,,,,,"",""
ball,1,10.6,Otago Volts,JM Cumming,JCT Boyle,LR Dudding,0,0,,,,,,"",""
ball,1,11.1,Otago Volts,JCT Boyle,JM Cumming,MW Snedden,2,0,,,,,,"",""
ball,1,11.2,Otago Volts,JCT Boyle,JM Cumming,MW Snedden,0,0,,,,,,"",""
ball,1,11.3,Otago Volts,JCT Boyle,JM Cumming,MW Snedden,0,1,,1,,,,"",""
ball,1,11.4,Otago Volts,JCT Boyle,JM Cumming,MW Snedden,0,0,,,,,,"",""
ball,1,11.5,Otago Volts,JCT Boyle,JM Cumming,MW Snedden,0,0,,,,,,"",""
ball,1,11.6,Otago Volts,JCT Boyle,JM Cumming,MW Snedden,0,0,,,,,,"",""
ball,1,11.7,Otago Volts,JCT Boyle,JM Cumming,MW Snedden,1,0,,,,,,"",""
ball,1,12.1,Otago Volts,JCT Boyle,JM Cumming,LR Dudding,0,0,,,,,,"",""
ball,1,12.2,Otago Volts,JCT Boyle,JM Cumming,LR Dudding,0,0,,,,,,"",""
ball,1,12.3,Otago Volts,JCT Boyle,JM Cumming,LR Dudding,0,0,,,,,,"",""
ball,1,12.4,Otago Volts,JCT Boyle,JM Cumming,LR Dudding,0,0,,,,,,"",""
ball,1,12.5,Otago Volts,JCT Boyle,JM Cumming,LR Dudding,4,0,,,,,,"",""
ball,1,12.6,Otago Volts,JCT Boyle,JM Cumming,LR Dudding,0,0,,,,,,"",""
ball,1,13.1,Otago Volts,JM Cumming,JCT Boyle,MW Snedden,0,0,,,,,,"",""
ball,1,13.2,Otago Volts,JM Cumming,JCT Boyle,MW Snedden,4,0,,,,,,"",""
ball,1,13.3,Otago Volts,JM Cumming,JCT Boyle,MW Snedden,0,0,,,,,,"",""
ball,1,13.4,Otago Volts,JM Cumming,JCT Boyle,MW Snedden,0,0,,,,,,"",""
ball,1,13.5,Otago Volts,JM Cumming,JCT Boyle,MW Snedden,0,0,,,,,,"",""
ball,1,13.6,Otago Volts,JM Cumming,JCT Boyle,MW Snedden,0,0,,,,,,"",""
ball,1,14.1,Otago Volts,JCT Boyle,JM Cumming,JW Hartshorn,0,0,,,,,,"",""
ball,1,14.2,Otago Volts,JCT Boyle,JM Cumming,JW Hartshorn,1,0,,,,,,"",""
ball,1,14.3,Otago Volts,JM Cumming,JCT Boyle,JW Hartshorn,0,0,,,,,,"",""
ball,1,14.4,Otago Volts,JM Cumming,JCT Boyle,JW Hartshorn,4,0,,,,,,"",""
ball,1,14.5,Otago Volts,JM Cumming,JCT Boyle,JW Hartshorn,0,0,,,,,,"",""
ball,1,14.6,Otago Volts,JM Cumming,JCT Boyle,JW Hartshorn,0,0,,,,,,"",""
ball,1,15.1,Otago Volts,JCT Boyle,JM Cumming,MW Snedden,0,0,,,,,,"",""
ball,1,15.2,Otago Volts,JCT Boyle,JM Cumming,MW Snedden,0,0,,,,,,"",""
ball,1,15.3,Otago Volts,JCT Boyle,JM Cumming,MW Snedden,0,0,,,,,,"",""
ball,1,15.4,Otago Volts,JCT Boyle,JM Cumming,MW Snedden,0,0,,,,,,"",""
ball,1,15.5,Otago Volts,JCT Boyle,JM Cumming,MW Snedden,0,0,,,,,,"",""
ball,1,15.6,Otago Volts,JCT Boyle,JM Cumming,MW Snedden,0,0,,,,,,"",""
ball,1,16.1,Otago Volts,JM Cumming,JCT Boyle,JW Hartshorn,0,0,,,,,,"",""
ball,1,16.2,Otago Volts,JM Cumming,JCT Boyle,JW Hartshorn,0,0,,,,,,"",""
ball,1,16.3,Otago Volts,JM Cumming,JCT Boyle,JW Hartshorn,4,0,,,,,,"",""
ball,1,16.4,Otago Volts,JM Cumming,JCT Boyle,JW Hartshorn,0,0,,,,,,"",""
ball,1,16.5,Otago Volts,JM Cumming,JCT Boyle,JW Hartshorn,1,0,,,,,,"",""
ball,1,16.6,Otago Volts,JCT Boyle,JM Cumming,JW Hartshorn,0,0,,,,,,"",""
ball,1,17.1,Otago Volts,JM Cumming,JCT Boyle,PF Younghusband,0,0,,,,,,"",""
ball,1,17.2,Otago Volts,JM Cumming,JCT Boyle,PF Younghusband,0,0,,,,,,"",""
ball,1,17.3,Otago Volts,JM Cumming,JCT Boyle,PF Younghusband,0,0,,,,,,"",""
ball,1,17.4,Otago Volts,JM Cumming,JCT Boyle,PF Younghusband,0,0,,,,,,"",""
ball,1,17.5,Otago Volts,JM Cumming,JCT Boyle,PF Younghusband,4,0,,,,,,"",""
ball,1,17.6,Otago Volts,JM Cumming,JCT Boyle,PF Younghusband,0,0,,,,,,"",""
ball,1,18.1,Otago Volts,JCT Boyle,JM Cumming,JW Hartshorn,0,0,,,,,,"",""
ball,1,18.2,Otago Volts,JCT Boyle,JM Cumming,JW Hartshorn,0,0,,,,,,"",""
ball,1,18.3,Otago Volts,JCT Boyle,JM Cumming,JW Hartshorn,1,0,,,,,,"",""
ball,1,18.4,Otago Volts,JM Cumming,JCT Boyle,JW Hartshorn,0,0,,,,,,"",""
ball,1,18.5,Otago Volts,JM Cumming,JCT Boyle,JW Hartshorn,6,0,,,,,,"",""
ball,1,18.6,Otago Volts,JM Cumming,JCT Boyle,JW Hartshorn,0,0,,,,,,"",""
ball,1,19.1,Otago Volts,JCT Boyle,JM Cumming,PF Younghusband,0,0,,,,,,"",""
ball,1,19.2,Otago Volts,JCT Boyle,JM Cumming,PF Younghusband,0,0,,,,,,"",""
ball,1,19.3,Otago Volts,JCT Boyle,JM Cumming,PF Younghusband,0,0,,,,,,"",""
ball,1,19.4,Otago Volts,JCT Boyle,JM Cumming,PF Younghusband,6,0,,,,,,"",""
ball,1,19.5,Otago Volts,JCT Boyle,JM Cumming,PF Younghusband,1,0,,,,,,"",""
ball,1,19.6,Otago Volts,JM Cumming,JCT Boyle,PF Younghusband,0,0,,,,,,"",""
ball,1,20.1,Otago Volts,JCT Boyle,JM Cumming,JW Hartshorn,0,0,,,,,,"",""
ball,1,20.2,Otago Volts,JCT Boyle,JM Cumming,JW Hartshorn,1,0,,,,,,"",""
ball,1,20.3,Otago Volts,JM Cumming,JCT Boyle,JW Hartshorn,1,0,,,,,,"",""
ball,1,20.4,Otago Volts,JCT Boyle,JM Cumming,JW Hartshorn,1,0,,,,,,"",""
ball,1,20.5,Otago Volts,JM Cumming,JCT Boyle,JW Hartshorn,0,0,,,,,,"",""
ball,1,20.6,Otago Volts,JM Cumming,JCT Boyle,JW Hartshorn,0,0,,,,,,"",""
ball,1,21.1,Otago Volts,JCT Boyle,JM Cumming,PF Younghusband,0,0,,,,,,"",""
ball,1,21.2,Otago Volts,JCT Boyle,JM Cumming,PF Younghusband,0,0,,,,,,"",""
ball,1,21.3,Otago Volts,JCT Boyle,JM Cumming,PF Younghusband,0,0,,,,,,"",""
ball,1,21.4,Otago Volts,JCT Boyle,JM Cumming,PF Younghusband,0,0,,,,,,"",""
ball,1,21.5,Otago Volts,JCT Boyle,JM Cumming,PF Younghusband,1,0,,,,,,"",""
ball,1,21.6,Otago Volts,JM Cumming,JCT Boyle,PF Younghusband,0,0,,,,,,"",""
ball,1,22.1,Otago Volts,JCT Boyle,JM Cumming,MW Snedden,0,0,,,,,,"",""
ball,1,22.2,Otago Volts,JCT Boyle,JM Cumming,MW Snedden,0,0,,,,,,"",""
ball,1,22.3,Otago Volts,JCT Boyle,JM Cumming,MW Snedden,0,0,,,,,,"",""
ball,1,22.4,Otago Volts,JCT Boyle,JM Cumming,MW Snedden,0,0,,,,,,"",""
ball,1,22.5,Otago Volts,JCT Boyle,JM Cumming,MW Snedden,0,0,,,,,,"",""
ball,1,22.6,Otago Volts,JCT Boyle,JM Cumming,MW Snedden,0,1,,1,,,,"",""
ball,1,22.7,Otago Volts,JCT Boyle,JM Cumming,MW Snedden,1,0,,,,,,"",""
ball,1,23.1,Otago Volts,JCT Boyle,JM Cumming,PF Younghusband,1,0,,,,,,"",""
ball,1,23.2,Otago Volts,JM Cumming,JCT Boyle,PF Younghusband,0,0,,,,,,"",""
ball,1,23.3,Otago Volts,JM Cumming,JCT Boyle,PF Younghusband,4,0,,,,,,"",""
ball,1,23.4,Otago Volts,JM Cumming,JCT Boyle,PF Younghusband,0,0,,,,,,"",""
ball,1,23.5,Otago Volts,JM Cumming,JCT Boyle,PF Younghusband,0,0,,,,,,"",""
ball,1,23.6,Otago Volts,JM Cumming,JCT Boyle,PF Younghusband,0,0,,,,,,"",""
ball,1,24.1,Otago Volts,JCT Boyle,JM Cumming,MW Snedden,0,0,,,,,,"",""
ball,1,24.2,Otago Volts,JCT Boyle,JM Cumming,MW Snedden,1,0,,,,,,"",""
ball,1,24.3,Otago Volts,JM Cumming,JCT Boyle,MW Snedden,3,0,,,,,,"",""
ball,1,24.4,Otago Volts,JCT Boyle,JM Cumming,MW Snedden,0,0,,,,,,"",""
ball,1,24.5,Otago Volts,JCT Boyle,JM Cumming,MW Snedden,0,0,,,,,,"",""
ball,1,24.6,Otago Volts,JCT Boyle,JM Cumming,MW Snedden,0,0,,,,,,"",""
ball,1,25.1,Otago Volts,JM Cumming,JCT Boyle,PF Younghusband,0,0,,,,,,"",""
ball,1,25.2,Otago Volts,JM Cumming,JCT Boyle,PF Younghusband,0,0,,,,,,"",""
ball,1,25.3,Otago Volts,JM Cumming,JCT Boyle,PF Younghusband,0,0,,,,,,"",""
ball,1,25.4,Otago Volts,JM Cumming,JCT Boyle,PF Younghusband,2,0,,,,,,"",""
ball,1,25.5,Otago Volts,JM Cumming,JCT Boyle,PF Younghusband,0,0,,,,,,"",""
ball,1,25.6,Otago Volts,JM Cumming,JCT Boyle,PF Younghusband,4,0,,,,,,"",""
ball,1,26.1,Otago Volts,JCT Boyle,JM Cumming,MW Snedden,4,0,,,,,,"",""
ball,1,26.2,Otago Volts,JCT Boyle,JM Cumming,MW Snedden,0,0,,,,,,"",""
ball,1,26.3,Otago Volts,JCT Boyle,JM Cumming,MW Snedden,0,1,,1,,,,"",""
ball,1,26.4,Otago Volts,JCT Boyle,JM Cumming,MW Snedden,0,0,,,,,,"",""
ball,1,26.5,Otago Volts,JCT Boyle,JM Cumming,MW Snedden,1,0,,,,,,"",""
ball,1,26.6,Otago Volts,JM Cumming,JCT Boyle,MW Snedden,0,0,,,,,,"",""
ball,1,26.7,Otago Volts,JM Cumming,JCT Boyle,MW Snedden,0,0,,,,,,"",""
ball,1,27.1,Otago Volts,JCT Boyle,JM Cumming,PF Younghusband,6,0,,,,,,"",""
ball,1,27.2,Otago Volts,JCT Boyle,JM Cumming,PF Younghusband,0,0,,,,,,"",""
ball,1,27.3,Otago Volts,JCT Boyle,JM Cumming,PF Younghusband,1,0,,,,,,"",""
ball,1,27.4,Otago Volts,JM Cumming,JCT Boyle,PF Younghusband,4,0,,,,,,"",""
ball,1,27.5,Otago Volts,JM Cumming,JCT Boyle,PF Younghusband,1,0,,,,,,"",""
ball,1,27.6,Otago Volts,JCT Boyle,JM Cumming,PF Younghusband,1,0,,,,,,"",""
ball,1,28.1,Otago Volts,JCT Boyle,JM Cumming,MW Snedden,1,0,,,,,,"",""
ball,1,28.2,Otago Volts,JM Cumming,JCT Boyle,MW Snedden,1,0,,,,,,"",""
ball,1,28.3,Otago Volts,JCT Boyle,JM Cumming,MW Snedden,0,0,,,,,,"",""
ball,1,28.4,Otago Volts,JCT Boyle,JM Cumming,MW Snedden,0,0,,,,,,"",""
ball,1,28.5,Otago Volts,JCT Boyle,JM Cumming,MW Snedden,0,0,,,,,,"",""
ball,1,28.6,Otago Volts,JCT Boyle,JM Cumming,MW Snedden,0,0,,,,,,"",""
ball,1,29.1,Otago Volts,JM Cumming,JCT Boyle,PF Younghusband,1,0,,,,,,"",""
ball,1,29.2,Otago Volts,JCT Boyle,JM Cumming,PF Younghusband,0,0,,,,,,"",""
ball,1,29.3,Otago Volts,JCT Boyle,JM Cumming,PF Younghusband,0,0,,,,,,"",""
ball,1,29.4,Otago Volts,JCT Boyle,JM Cumming,PF Younghusband,0,0,,,,,,"",""
ball,1,29.5,Otago Volts,JCT Boyle,JM Cumming,PF Younghusband,0,0,,,,,,"",""
ball,1,29.6,Otago Volts,JCT Boyle,JM Cumming,PF Younghusband,0,0,,,,,,"",""
ball,1,30.1,Otago Volts,JM Cumming,JCT Boyle,NA Greenwood,1,0,,,,,,"",""
ball,1,30.2,Otago Volts,JCT Boyle,JM Cumming,NA Greenwood,1,0,,,,,,"",""
ball,1,30.3,Otago Volts,JM Cumming,JCT Boyle,NA Greenwood,0,0,,,,,,"",""
ball,1,30.4,Otago Volts,JM Cumming,JCT Boyle,NA Greenwood,4,0,,,,,,"",""
ball,1,30.5,Otago Volts,JM Cumming,JCT Boyle,NA Greenwood,0,0,,,,,,"",""
ball,1,30.6,Otago Volts,JM Cumming,JCT Boyle,NA Greenwood,0,0,,,,,,"",""
ball,1,31.1,Otago Volts,JCT Boyle,JM Cumming,PF Younghusband,0,0,,,,,,"",""
ball,1,31.2,Otago Volts,JCT Boyle,JM Cumming,PF Younghusband,1,0,,,,,,"",""
ball,1,31.3,Otago Volts,JM Cumming,JCT Boyle,PF Younghusband,1,0,,,,,,"",""
ball,1,31.4,Otago Volts,JCT Boyle,JM Cumming,PF Younghusband,0,0,,,,,,"",""
ball,1,31.5,Otago Volts,JCT Boyle,JM Cumming,PF Younghusband,0,0,,,,,,"",""
ball,1,31.6,Otago Volts,JCT Boyle,JM Cumming,PF Younghusband,1,0,,,,,,"",""
ball,1,32.1,Otago Volts,JCT Boyle,JM Cumming,NA Greenwood,0,0,,,,,,"",""
ball,1,32.2,Otago Volts,JCT Boyle,JM Cumming,NA Greenwood,1,0,,,,,,"",""
ball,1,32.3,Otago Volts,JM Cumming,JCT Boyle,NA Greenwood,1,0,,,,,,"",""
ball,1,32.4,Otago Volts,JCT Boyle,JM Cumming,NA Greenwood,1,0,,,,,,"",""
ball,1,32.5,Otago Volts,JM Cumming,JCT Boyle,NA Greenwood,4,0,,,,,,"",""
ball,1,32.6,Otago Volts,JM Cumming,JCT Boyle,NA Greenwood,0,0,,,,,,"",""
ball,1,33.1,Otago Volts,JCT Boyle,JM Cumming,PF Younghusband,1,0,,,,,,"",""
ball,1,33.2,Otago Volts,JM Cumming,JCT Boyle,PF Younghusband,1,0,,,,,,"",""
ball,1,33.3,Otago Volts,JCT Boyle,JM Cumming,PF Younghusband,1,0,,,,,,"",""
ball,1,33.4,Otago Volts,JM Cumming,JCT Boyle,PF Younghusband,0,0,,,,,,"",""
ball,1,33.5,Otago Volts,JM Cumming,JCT Boyle,PF Younghusband,0,0,,,,,,"",""
ball,1,33.6,Otago Volts,JM Cumming,JCT Boyle,PF Younghusband,0,0,,,,,,"",""
ball,1,34.1,Otago Volts,JCT Boyle,JM Cumming,NA Greenwood,0,0,,,,,,"",""
ball,1,34.2,Otago Volts,JCT Boyle,JM Cumming,NA Greenwood,1,0,,,,,,"",""
ball,1,34.3,Otago Volts,JM Cumming,JCT Boyle,NA Greenwood,3,0,,,,,,"",""
ball,1,34.4,Otago Volts,JCT Boyle,JM Cumming,NA Greenwood,0,0,,,,,,"",""
ball,1,34.5,Otago Volts,JCT Boyle,JM Cumming,NA Greenwood,2,0,,,,,,"",""
ball,1,34.6,Otago Volts,JCT Boyle,JM Cumming,NA Greenwood,0,0,,,,,,"",""
ball,1,35.1,Otago Volts,JM Cumming,JCT Boyle,PF Younghusband,0,0,,,,,,"",""
ball,1,35.2,Otago Volts,JM Cumming,JCT Boyle,PF Younghusband,0,0,,,,,,"",""
ball,1,35.3,Otago Volts,JM Cumming,JCT Boyle,PF Younghusband,4,0,,,,,,"",""
ball,1,35.4,Otago Volts,JM Cumming,JCT Boyle,PF Younghusband,0,0,,,,,,"",""
ball,1,35.5,Otago Volts,JM Cumming,JCT Boyle,PF Younghusband,0,0,,,,,,"",""
ball,1,35.6,Otago Volts,JM Cumming,JCT Boyle,PF Younghusband,0,0,,,,,,"",""
ball,1,36.1,Otago Volts,JCT Boyle,JM Cumming,LR Dudding,1,0,,,,,,"",""
ball,1,36.2,Otago Volts,JM Cumming,JCT Boyle,LR Dudding,0,0,,,,,,"",""
ball,1,36.3,Otago Volts,JM Cumming,JCT Boyle,LR Dudding,0,0,,,,,,"",""
ball,1,36.4,Otago Volts,JM Cumming,JCT Boyle,LR Dudding,0,0,,,,,,"",""
ball,1,36.5,Otago Volts,JM Cumming,JCT Boyle,LR Dudding,0,0,,,,,,"",""
ball,1,36.6,Otago Volts,JM Cumming,JCT Boyle,LR Dudding,0,0,,,,,,"",""
ball,1,37.1,Otago Volts,JCT Boyle,JM Cumming,JW Hartshorn,0,0,,,,,,"",""
ball,1,37.2,Otago Volts,JCT Boyle,JM Cumming,JW Hartshorn,0,1,,,,1,,"",""
ball,1,37.3,Otago Volts,JM Cumming,JCT Boyle,JW Hartshorn,1,0,,,,,,"",""
ball,1,37.4,Otago Volts,JCT Boyle,JM Cumming,JW Hartshorn,0,0,,,,,,"",""
ball,1,37.5,Otago Volts,JCT Boyle,JM Cumming,JW Hartshorn,0,0,,,,,,"",""
ball,1,37.6,Otago Volts,JCT Boyle,JM Cumming,JW Hartshorn,1,0,,,,,,"",""
ball,1,38.1,Otago Volts,JCT Boyle,JM Cumming,LR Dudding,0,0,,,,,,"",""
ball,1,38.2,Otago Volts,JCT Boyle,JM Cumming,LR Dudding,0,0,,,,,,"",""
ball,1,38.3,Otago Volts,JCT Boyle,JM Cumming,LR Dudding,4,0,,,,,,"",""
ball,1,38.4,Otago Volts,JCT Boyle,JM Cumming,LR Dudding,1,0,,,,,,"",""
ball,1,38.5,Otago Volts,JM Cumming,JCT Boyle,LR Dudding,0,0,,,,,,"",""
ball,1,38.6,Otago Volts,JM Cumming,JCT Boyle,LR Dudding,0,0,,,,,,"",""
ball,1,39.1,Otago Volts,JCT Boyle,JM Cumming,JW Hartshorn,4,0,,,,,,"",""
ball,1,39.2,Otago Volts,JCT Boyle,JM Cumming,JW Hartshorn,0,0,,,,,,"",""
ball,1,39.3,Otago Volts,JCT Boyle,JM Cumming,JW Hartshorn,0,0,,,,,,"",""
ball,1,39.4,Otago Volts,JCT Boyle,JM Cumming,JW Hartshorn,0,0,,,,,,"",""
ball,1,39.5,Otago Volts,JCT Boyle,JM Cumming,JW Hartshorn,0,0,,,,,,"",""
ball,1,39.6,Otago Volts,JCT Boyle,JM Cumming,JW Hartshorn,0,0,,,,,,"",""
ball,1,40.1,Otago Volts,JM Cumming,JCT Boyle,LR Dudding,0,0,,,,,,"",""
ball,1,40.2,Otago Volts,JM Cumming,JCT Boyle,LR Dudding,0,0,,,,,,"",""
ball,1,40.3,Otago Volts,JM Cumming,JCT Boyle,LR Dudding,1,0,,,,,,"",""
ball,1,40.4,Otago Volts,JCT Boyle,JM Cumming,LR Dudding,1,0,,,,,,"",""
ball,1,40.5,Otago Volts,JM Cumming,JCT Boyle,LR Dudding,0,0,,,,,,"",""
ball,1,40.6,Otago Volts,JM Cumming,JCT Boyle,LR Dudding,0,0,,,,,,"",""
ball,1,41.1,Otago Volts,JCT Boyle,JM Cumming,JW Hartshorn,0,0,,,,,,"",""
ball,1,41.2,Otago Volts,JCT Boyle,JM Cumming,JW Hartshorn,4,0,,,,,,"",""
ball,1,41.3,Otago Volts,JCT Boyle,JM Cumming,JW Hartshorn,0,0,,,,,,"",""
ball,1,41.4,Otago Volts,JCT Boyle,JM Cumming,JW Hartshorn,0,0,,,,,,"",""
ball,1,41.5,Otago Volts,JCT Boyle,JM Cumming,JW Hartshorn,0,0,,,,,,"",""
ball,1,41.6,Otago Volts,JCT Boyle,JM Cumming,JW Hartshorn,0,0,,,,,,"",""
ball,1,42.1,Otago Volts,JM Cumming,JCT Boyle,LR Dudding,0,0,,,,,,"",""
ball,1,42.2,Otago Volts,JM Cumming,JCT Boyle,LR Dudding,2,0,,,,,,"",""
ball,1,42.3,Otago Volts,JM Cumming,JCT Boyle,LR Dudding,0,0,,,,,,"",""
ball,1,42.4,Otago Volts,JM Cumming,JCT Boyle,LR Dudding,0,0,,,,,,"",""
ball,1,42.5,Otago Volts,JM Cumming,JCT Boyle,LR Dudding,0,0,,,,,,"",""
ball,1,42.6,Otago Volts,JM Cumming,JCT Boyle,LR Dudding,0,0,,,,,,"",""
ball,1,43.1,Otago Volts,JCT Boyle,JM Cumming,JW Hartshorn,1,0,,,,,,"",""
ball,1,43.2,Otago Volts,JM Cumming,JCT Boyle,JW Hartshorn,0,0,,,,,,"",""
ball,1,43.3,Otago Volts,JM Cumming,JCT Boyle,JW Hartshorn,1,0,,,,,,"",""
ball,1,43.4,Otago Volts,JCT Boyle,JM Cumming,JW Hartshorn,0,0,,,,,,"",""
ball,1,43.5,Otago Volts,JCT Boyle,JM Cumming,JW Hartshorn,0,0,,,,,,"",""
ball,1,43.6,Otago Volts,JCT Boyle,JM Cumming,JW Hartshorn,1,0,,,,,,"",""
ball,1,44.1,Otago Volts,JCT Boyle,JM Cumming,LR Dudding,1,0,,,,,,"",""
ball,1,44.2,Otago Volts,JM Cumming,JCT Boyle,LR Dudding,0,0,,,,,,"",""
ball,1,44.3,Otago Volts,JM Cumming,JCT Boyle,LR Dudding,0,0,,,,,,"",""
ball,1,44.4,Otago Volts,JM Cumming,JCT Boyle,LR Dudding,0,0,,,,,,"",""
ball,1,44.5,Otago Volts,JM Cumming,JCT Boyle,LR Dudding,4,0,,,,,,"",""
ball,1,44.6,Otago Volts,JM Cumming,JCT Boyle,LR Dudding,0,0,,,,,,"",""
ball,1,45.1,Otago Volts,JCT Boyle,JM Cumming,JW Hartshorn,0,0,,,,,,"",""
ball,1,45.2,Otago Volts,JCT Boyle,JM Cumming,JW Hartshorn,2,0,,,,,,"",""
ball,1,45.3,Otago Volts,JCT Boyle,JM Cumming,JW Hartshorn,0,0,,,,,,"",""
ball,1,45.4,Otago Volts,JCT Boyle,JM Cumming,JW Hartshorn,1,0,,,,,,"",""
ball,1,45.5,Otago Volts,JM Cumming,JCT Boyle,JW Hartshorn,0,0,,,,,,"",""
ball,1,45.6,Otago Volts,JM Cumming,JCT Boyle,JW Hartshorn,0,1,,,,1,,"",""
ball,1,46.1,Otago Volts,JM Cumming,JCT Boyle,LR Dudding,0,0,,,,,,"",""
ball,1,46.2,Otago Volts,JM Cumming,JCT Boyle,LR Dudding,4,0,,,,,,"",""
ball,1,46.3,Otago Volts,JM Cumming,JCT Boyle,LR Dudding,0,0,,,,,,"",""
ball,1,46.4,Otago Volts,JM Cumming,JCT Boyle,LR Dudding,0,0,,,,,,"",""
ball,1,46.5,Otago Volts,JM Cumming,JCT Boyle,LR Dudding,0,0,,,,,,"",""
ball,1,46.6,Otago Volts,JM Cumming,JCT Boyle,LR Dudding,0,0,,,,,,"",""
ball,1,47.1,Otago Volts,JCT Boyle,JM Cumming,PF Younghusband,0,0,,,,,,"",""
ball,1,47.2,Otago Volts,JCT Boyle,JM Cumming,PF Younghusband,0,0,,,,,,"",""
ball,1,47.3,Otago Volts,JCT Boyle,JM Cumming,PF Younghusband,0,0,,,,,,"",""
ball,1,47.4,Otago Volts,JCT Boyle,JM Cumming,PF Younghusband,0,0,,,,,,"",""
ball,1,47.5,Otago Volts,JCT Boyle,JM Cumming,PF Younghusband,1,0,,,,,,"",""
ball,1,47.6,Otago Volts,JM Cumming,JCT Boyle,PF Younghusband,0,0,,,,,,"",""
ball,1,48.1,Otago Volts,JCT Boyle,JM Cumming,MW Snedden,1,0,,,,,,"",""
ball,1,48.2,Otago Volts,JM Cumming,JCT Boyle,MW Snedden,0,1,1,,,,,"",""
ball,1,48.3,Otago Volts,JM Cumming,JCT Boyle,MW Snedden,0,1,1,,,,,"",""
ball,1,48.4,Otago Volts,JM Cumming,JCT Boyle,MW Snedden,0,0,,,,,,"",""
ball,1,48.5,Otago Volts,JM Cumming,JCT Boyle,MW Snedden,0,0,,,,,,"",""
ball,1,48.6,Otago Volts,JM Cumming,JCT Boyle,MW Snedden,4,0,,,,,,"",""
ball,1,48.7,Otago Volts,JM Cumming,JCT Boyle,MW Snedden,0,0,,,,,,"",""
ball,1,48.8,Otago Volts,JM Cumming,JCT Boyle,MW Snedden,0,0,,,,,,"",""
ball,1,49.1,Otago Volts,JCT Boyle,JM Cumming,PF Younghusband,0,0,,,,,,"",""
ball,1,49.2,Otago Volts,JCT Boyle,JM Cumming,PF Younghusband,0,0,,,,,,"",""
ball,1,49.3,Otago Volts,JCT Boyle,JM Cumming,PF Younghusband,1,0,,,,,,"",""
ball,1,49.4,Otago Volts,JM Cumming,JCT Boyle,PF Younghusband,0,0,,,,,,"",""
ball,1,49.5,Otago Volts,JM Cumming,JCT Boyle,PF Younghusband,1,0,,,,,,"",""
ball,1,49.6,Otago Volts,JCT Boyle,JM Cumming,PF Younghusband,0,0,,,,,,"",""
ball,1,50.1,Otago Volts,JM Cumming,JCT Boyle,MW Snedden,0,0,,,,,,"",""
ball,1,50.2,Otago Volts,JM Cumming,JCT Boyle,MW Snedden,0,0,,,,,,"",""
ball,1,50.3,Otago Volts,JM Cumming,JCT Boyle,MW Snedden,0,0,,,,,,"",""
ball,1,50.4,Otago Volts,JM Cumming,JCT Boyle,MW Snedden,1,0,,,,,,"",""
ball,1,50.5,Otago Volts,JCT Boyle,JM Cumming,MW Snedden,0,0,,,,,,"",""
ball,1,50.6,Otago Volts,JCT Boyle,JM Cumming,MW Snedden,0,0,,,,,,"",""
ball,1,51.1,Otago Volts,JM Cumming,JCT Boyle,PF Younghusband,0,0,,,,,,"",""
ball,1,51.2,Otago Volts,JM Cumming,JCT Boyle,PF Younghusband,2,0,,,,,,"",""
ball,1,51.3,Otago Volts,JM Cumming,JCT Boyle,PF Younghusband,0,0,,,,,,"",""
ball,1,51.4,Otago Volts,JM Cumming,JCT Boyle,PF Younghusband,0,0,,,,,,"",""
ball,1,51.5,Otago Volts,JM Cumming,JCT Boyle,PF Younghusband,0,0,,,,,,"",""
ball,1,51.6,Otago Volts,JM Cumming,JCT Boyle,PF Younghusband,0,0,,,,,,"",""
ball,1,52.1,Otago Volts,JCT Boyle,JM Cumming,MW Snedden,1,0,,,,,,"",""
ball,1,52.2,Otago Volts,JM Cumming,JCT Boyle,MW Snedden,4,0,,,,,,"",""
ball,1,52.3,Otago Volts,JM Cumming,JCT Boyle,MW Snedden,0,0,,,,,,"",""
ball,1,52.4,Otago Volts,JM Cumming,JCT Boyle,MW Snedden,1,0,,,,,,"",""
ball,1,52.5,Otago Volts,JCT Boyle,JM Cumming,MW Snedden,0,0,,,,,,"",""
ball,1,52.6,Otago Volts,JCT Boyle,JM Cumming,MW Snedden,1,0,,,,,,"",""
ball,1,53.1,Otago Volts,JCT Boyle,JM Cumming,PF Younghusband,1,0,,,,,,"",""
ball,1,53.2,Otago Volts,JM Cumming,JCT Boyle,PF Younghusband,0,0,,,,,,"",""
ball,1,53.3,Otago Volts,JM Cumming,JCT Boyle,PF Younghusband,0,0,,,,,,lbw,JM Cumming
ball,1,53.4,Otago Volts,TC Jones,JCT Boyle,PF Younghusband,0,0,,,,,,"",""
ball,1,53.5,Otago Volts,TC Jones,JCT Boyle,PF Younghusband,0,0,,,,,,"",""
ball,1,53.6,Otago Volts,TC Jones,JCT Boyle,PF Younghusband,0,0,,,,,,"",""
ball,1,54.1,Otago Volts,JCT Boyle,TC Jones,MW Snedden,0,0,,,,,,"",""
ball,1,54.2,Otago Volts,JCT Boyle,TC Jones,MW Snedden,0,0,,,,,,"",""
ball,1,54.3,Otago Volts,JCT Boyle,TC Jones,MW Snedden,0,0,,,,,,"",""
ball,1,54.4,Otago Volts,JCT Boyle,TC Jones,MW Snedden,0,0,,,,,,"",""
ball,1,54.5,Otago Volts,JCT Boyle,TC Jones,MW Snedden,1,0,,,,,,"",""
ball,1,54.6,Otago Volts,TC Jones,JCT Boyle,MW Snedden,0,0,,,,,,"",""
ball,1,55.1,Otago Volts,JCT Boyle,TC Jones,PF Younghusband,1,0,,,,,,"",""
ball,1,55.2,Otago Volts,TC Jones,JCT Boyle,PF Younghusband,0,0,,,,,,"",""
ball,1,55.3,Otago Volts,TC Jones,JCT Boyle,PF Younghusband,0,0,,,,,,"",""
ball,1,55.4,Otago Volts,TC Jones,JCT Boyle,PF Younghusband,0,0,,,,,,"",""
ball,1,55.5,Otago Volts,TC Jones,JCT Boyle,PF Younghusband,0,0,,,,,,"",""
ball,1,55.6,Otago Volts,TC Jones,JCT Boyle,PF Younghusband,0,0,,,,,,"",""
ball,1,56.1,Otago Volts,JCT Boyle,TC Jones,MW Snedden,1,0,,,,,,"",""
ball,1,56.2,Otago Volts,TC Jones,JCT Boyle,MW Snedden,0,0,,,,,,"",""
ball,1,56.3,Otago Volts,TC Jones,JCT Boyle,MW Snedden,2,0,,,,,,"",""
ball,1,56.4,Otago Volts,TC Jones,JCT Boyle,MW Snedden,4,0,,,,,,"",""
ball,1,56.5,Otago Volts,TC Jones,JCT Boyle,MW Snedden,6,0,,,,,,"",""
ball,1,56.6,Otago Volts,TC Jones,JCT Boyle,MW Snedden,0,0,,,,,,"",""
ball,1,57.1,Otago Volts,JCT Boyle,TC Jones,PF Younghusband,4,0,,,,,,"",""
ball,1,57.2,Otago Volts,JCT Boyle,TC Jones,PF Younghusband,1,0,,,,,,"",""
ball,1,57.3,Otago Volts,TC Jones,JCT Boyle,PF Younghusband,1,0,,,,,,"",""
ball,1,57.4,Otago Volts,JCT Boyle,TC Jones,PF Younghusband,4,0,,,,,,"",""
ball,1,57.5,Otago Volts,JCT Boyle,TC Jones,PF Younghusband,0,0,,,,,,"",""
ball,1,57.6,Otago Volts,JCT Boyle,TC Jones,PF Younghusband,6,0,,,,,,"",""
ball,1,58.1,Otago Volts,TC Jones,JCT Boyle,JW Hartshorn,0,0,,,,,,"",""
ball,1,58.2,Otago Volts,TC Jones,JCT Boyle,JW Hartshorn,0,0,,,,,,"",""
ball,1,58.3,Otago Volts,TC Jones,JCT Boyle,JW Hartshorn,4,0,,,,,,"",""
ball,1,58.4,Otago Volts,TC Jones,JCT Boyle,JW Hartshorn,0,0,,,,,,"",""
ball,1,58.5,Otago Volts,TC Jones,JCT Boyle,JW Hartshorn,4,0,,,,,,"",""
ball,1,58.6,Otago Volts,TC Jones,JCT Boyle,JW Hartshorn,0,0,,,,,,"",""
ball,1,59.1,Otago Volts,JCT Boyle,TC Jones,PF Younghusband,1,0,,,,,,"",""
ball,1,59.2,Otago Volts,TC Jones,JCT Boyle,PF Younghusband,0,0,,,,,,"",""
ball,1,59.3,Otago Volts,TC Jones,JCT Boyle,PF Younghusband,4,0,,,,,,"",""
ball,1,59.4,Otago Volts,TC Jones,JCT Boyle,PF Younghusband,0,0,,,,,,"",""
ball,1,59.5,Otago Volts,TC Jones,JCT Boyle,PF Younghusband,0,0,,,,,,"",""
ball,1,59.6,Otago Volts,TC Jones,JCT Boyle,PF Younghusband,4,0,,,,,,"",""
ball,1,60.1,Otago Volts,JCT Boyle,TC Jones,JW Hartshorn,1,0,,,,,,"",""
ball,1,60.2,Otago Volts,TC Jones,JCT Boyle,JW Hartshorn,0,0,,,,,,"",""
ball,1,60.3,Otago Volts,TC Jones,JCT Boyle,JW Hartshorn,6,0,,,,,,"",""
ball,1,60.4,Otago Volts,TC Jones,JCT Boyle,JW Hartshorn,0,0,,,,,,"",""
ball,1,60.5,Otago Volts,TC Jones,JCT Boyle,JW Hartshorn,0,0,,,,,,"",""
ball,1,60.6,Otago Volts,TC Jones,JCT Boyle,JW Hartshorn,1,0,,,,,,"",""
ball,1,61.1,Otago Volts,TC Jones,JCT Boyle,PF Younghusband,1,0,,,,,,"",""
ball,1,61.2,Otago Volts,JCT Boyle,TC Jones,PF Younghusband,0,0,,,,,,"",""
ball,1,61.3,Otago Volts,JCT Boyle,TC Jones,PF Younghusband,0,0,,,,,,"",""
ball,1,61.4,Otago Volts,JCT Boyle,TC Jones,PF Younghusband,1,0,,,,,,"",""
ball,1,61.5,Otago Volts,TC Jones,JCT Boyle,PF Younghusband,0,0,,,,,,"",""
ball,1,61.6,Otago Volts,TC Jones,JCT Boyle,PF Younghusband,1,0,,,,,,"",""
ball,1,62.1,Otago Volts,TC Jones,JCT Boyle,JW Hartshorn,0,0,,,,,,"",""
ball,1,62.2,Otago Volts,TC Jones,JCT Boyle,JW Hartshorn,0,0,,,,,,"",""
ball,1,62.3,Otago Volts,TC Jones,JCT Boyle,JW Hartshorn,1,0,,,,,,"",""
ball,1,62.4,Otago Volts,JCT Boyle,TC Jones,JW Hartshorn,0,0,,,,,,"",""
ball,1,62.5,Otago Volts,JCT Boyle,TC Jones,JW Hartshorn,1,0,,,,,,"",""
ball,1,62.6,Otago Volts,TC Jones,JCT Boyle,JW Hartshorn,0,0,,,,,,"",""
ball,1,63.1,Otago Volts,JCT Boyle,TC Jones,PF Younghusband,1,0,,,,,,"",""
ball,1,63.2,Otago Volts,TC Jones,JCT Boyle,PF Younghusband,0,0,,,,,,"",""
ball,1,63.3,Otago Volts,TC Jones,JCT Boyle,PF Younghusband,0,0,,,,,,"",""
ball,1,63.4,Otago Volts,TC Jones,JCT Boyle,PF Younghusband,0,0,,,,,,"",""
ball,1,63.5,Otago Volts,TC Jones,JCT Boyle,PF Younghusband,4,0,,,,,,"",""
ball,1,63.6,Otago Volts,TC Jones,JCT Boyle,PF Younghusband,0,0,,,,,,"",""
ball,1,64.1,Otago Volts,JCT Boyle,TC Jones,TB Robinson,1,0,,,,,,"",""
ball,1,64.2,Otago Volts,TC Jones,JCT Boyle,TB Robinson,0,0,,,,,,"",""
ball,1,64.3,Otago Volts,TC Jones,JCT Boyle,TB Robinson,4,0,,,,,,"",""
ball,1,64.4,Otago Volts,TC Jones,JCT Boyle,TB Robinson,0,0,,,,,,"",""
ball,1,64.5,Otago Volts,TC Jones,JCT Boyle,TB Robinson,0,0,,,,,,"",""
ball,1,64.6,Otago Volts,TC Jones,JCT Boyle,TB Robinson,1,0,,,,,,"",""
ball,1,65.1,Otago Volts,TC Jones,JCT Boyle,PF Younghusband,1,0,,,,,,"",""
ball,1,65.2,Otago Volts,JCT Boyle,TC Jones,PF Younghusband,0,0,,,,,,"",""
ball,1,65.3,Otago Volts,JCT Boyle,TC Jones,PF Younghusband,0,0,,,,,,"",""
ball,1,65.4,Otago Volts,JCT Boyle,TC Jones,PF Younghusband,4,0,,,,,,"",""
ball,1,65.5,Otago Volts,JCT Boyle,TC Jones,PF Younghusband,0,0,,,,,,"",""
ball,1,65.6,Otago Volts,JCT Boyle,TC Jones,PF Younghusband,4,0,,,,,,"",""
ball,1,66.1,Otago Volts,TC Jones,JCT Boyle,TB Robinson,2,0,,,,,,"",""
ball,1,66.2,Otago Volts,TC Jones,JCT Boyle,TB Robinson,2,0,,,,,,"",""
ball,1,66.3,Otago Volts,TC Jones,JCT Boyle,TB Robinson,0,0,,,,,,"",""
ball,1,66.4,Otago Volts,TC Jones,JCT Boyle,TB Robinson,4,0,,,,,,"",""
ball,1,66.5,Otago Volts,TC Jones,JCT Boyle,TB Robinson,0,0,,,,,,"",""
ball,1,66.6,Otago Volts,TC Jones,JCT Boyle,TB Robinson,0,0,,,,,,"",""
ball,1,67.1,Otago Volts,JCT Boyle,TC Jones,JM Tashkoff,1,0,,,,,,"",""
ball,1,67.2,Otago Volts,TC Jones,JCT Boyle,JM Tashkoff,0,0,,,,,,"",""
ball,1,67.3,Otago Volts,TC Jones,JCT Boyle,JM Tashkoff,1,0,,,,,,"",""
ball,1,67.4,Otago Volts,JCT Boyle,TC Jones,JM Tashkoff,1,0,,,,,,"",""
ball,1,67.5,Otago Volts,TC Jones,JCT Boyle,JM Tashkoff,1,0,,,,,,"",""
ball,1,67.6,Otago Volts,JCT Boyle,TC Jones,JM Tashkoff,0,0,,,,,,"",""
ball,1,68.1,Otago Volts,TC Jones,JCT Boyle,TB Robinson,1,0,,,,,,"",""
ball,1,68.2,Otago Volts,JCT Boyle,TC Jones,TB Robinson,1,0,,,,,,"",""
ball,1,68.3,Otago Volts,TC Jones,JCT Boyle,TB Robinson,0,0,,,,,,"",""
ball,1,68.4,Otago Volts,TC Jones,JCT Boyle,TB Robinson,0,0,,,,,,"",""
ball,1,68.5,Otago Volts,TC Jones,JCT Boyle,TB Robinson,1,0,,,,,,"",""
ball,1,68.6,Otago Volts,JCT Boyle,TC Jones,TB Robinson,1,0,,,,,,"",""
ball,1,69.1,Otago Volts,JCT Boyle,TC Jones,JM Tashkoff,0,0,,,,,,"",""
ball,1,69.2,Otago Volts,JCT Boyle,TC Jones,JM Tashkoff,0,0,,,,,,"",""
ball,1,69.3,Otago Volts,JCT Boyle,TC Jones,JM Tashkoff,1,0,,,,,,"",""
ball,1,69.4,Otago Volts,TC Jones,JCT Boyle,JM Tashkoff,1,0,,,,,,"",""
ball,1,69.5,Otago Volts,JCT Boyle,TC Jones,JM Tashkoff,0,0,,,,,,"",""
ball,1,69.6,Otago Volts,JCT Boyle,TC Jones,JM Tashkoff,1,0,,,,,,"",""
ball,1,70.1,Otago Volts,JCT Boyle,TC Jones,TB Robinson,0,0,,,,,,"",""
ball,1,70.2,Otago Volts,JCT Boyle,TC Jones,TB Robinson,4,0,,,,,,"",""
ball,1,70.3,Otago Volts,JCT Boyle,TC Jones,TB Robinson,0,0,,,,,,"",""
ball,1,70.4,Otago Volts,JCT Boyle,TC Jones,TB Robinson,0,0,,,,,,"",""
ball,1,70.5,Otago Volts,JCT Boyle,TC Jones,TB Robinson,0,0,,,,,,"",""
ball,1,70.6,Otago Volts,JCT Boyle,TC Jones,TB Robinson,0,0,,,,,,"",""
ball,1,71.1,Otago Volts,TC Jones,JCT Boyle,JM Tashkoff,6,0,,,,,,"",""
ball,1,71.2,Otago Volts,TC Jones,JCT Boyle,JM Tashkoff,0,0,,,,,,"",""
ball,1,71.3,Otago Volts,TC Jones,JCT Boyle,JM Tashkoff,0,0,,,,,,"",""
ball,1,71.4,Otago Volts,TC Jones,JCT Boyle,JM Tashkoff,1,0,,,,,,"",""
ball,1,71.5,Otago Volts,JCT Boyle,TC Jones,JM Tashkoff,0,1,,,,1,,"",""
ball,1,71.6,Otago Volts,TC Jones,JCT Boyle,JM Tashkoff,1,0,,,,,,"",""
ball,1,72.1,Otago Volts,TC Jones,JCT Boyle,TB Robinson,1,0,,,,,,"",""
ball,1,72.2,Otago Volts,JCT Boyle,TC Jones,TB Robinson,1,0,,,,,,"",""
ball,1,72.3,Otago Volts,TC Jones,JCT Boyle,TB Robinson,4,0,,,,,,"",""
ball,1,72.4,Otago Volts,TC Jones,JCT Boyle,TB Robinson,2,0,,,,,,"",""
ball,1,72.5,Otago Volts,TC Jones,JCT Boyle,TB Robinson,1,0,,,,,,"",""
ball,1,72.6,Otago Volts,JCT Boyle,TC Jones,TB Robinson,4,0,,,,,,"",""
ball,1,73.1,Otago Volts,TC Jones,JCT Boyle,JM Tashkoff,1,0,,,,,,"",""
ball,1,73.2,Otago Volts,JCT Boyle,TC Jones,JM Tashkoff,0,0,,,,,,"",""
ball,1,73.3,Otago Volts,JCT Boyle,TC Jones,JM Tashkoff,1,0,,,,,,"",""
ball,1,73.4,Otago Volts,TC Jones,JCT Boyle,JM Tashkoff,4,0,,,,,,"",""
ball,1,73.5,Otago Volts,TC Jones,JCT Boyle,JM Tashkoff,0,0,,,,,,"",""
ball,1,73.6,Otago Volts,TC Jones,JCT Boyle,JM Tashkoff,2,0,,,,,,"",""
ball,1,74.1,Otago Volts,JCT Boyle,TC Jones,TB Robinson,1,0,,,,,,"",""
ball,1,74.2,Otago Volts,TC Jones,JCT Boyle,TB Robinson,1,0,,,,,,"",""
ball,1,74.3,Otago Volts,JCT Boyle,TC Jones,TB Robinson,1,0,,,,,,"",""
ball,1,74.4,Otago Volts,TC Jones,JCT Boyle,TB Robinson,4,0,,,,,,"",""
ball,1,74.5,Otago Volts,TC Jones,JCT Boyle,TB Robinson,0,0,,,,,,"",""
ball,1,74.6,Otago Volts,TC Jones,JCT Boyle,TB Robinson,4,0,,,,,,"",""
ball,1,75.1,Otago Volts,JCT Boyle,TC Jones,NA Greenwood,0,0,,,,,,"",""
ball,1,75.2,Otago Volts,JCT Boyle,TC Jones,NA Greenwood,0,0,,,,,,"",""
ball,1,75.3,Otago Volts,JCT Boyle,TC Jones,NA Greenwood,1,0,,,,,,"",""
ball,1,75.4,Otago Volts,TC Jones,JCT Boyle,NA Greenwood,1,0,,,,,,"",""
ball,1,75.5,Otago Volts,JCT Boyle,TC Jones,NA Greenwood,0,0,,,,,,"",""
ball,1,75.6,Otago Volts,JCT Boyle,TC Jones,NA Greenwood,1,0,,,,,,"",""
ball,1,76.1,Otago Volts,JCT Boyle,TC Jones,PF Younghusband,0,0,,,,,,"",""
ball,1,76.2,Otago Volts,JCT Boyle,TC Jones,PF Younghusband,0,0,,,,,,"",""
ball,1,76.3,Otago Volts,JCT Boyle,TC Jones,PF Younghusband,1,0,,,,,,"",""
ball,1,76.4,Otago Volts,TC Jones,JCT Boyle,PF Younghusband,0,0,,,,,,"",""
ball,1,76.5,Otago Volts,TC Jones,JCT Boyle,PF Younghusband,0,0,,,,,,"",""
ball,1,76.6,Otago Volts,TC Jones,JCT Boyle,PF Younghusband,4,0,,,,,,"",""
ball,1,77.1,Otago Volts,JCT Boyle,TC Jones,NA Greenwood,1,0,,,,,,"",""
ball,1,77.2,Otago Volts,TC Jones,JCT Boyle,NA Greenwood,0,0,,,,,,"",""
ball,1,77.3,Otago Volts,TC Jones,JCT Boyle,NA Greenwood,0,0,,,,,,"",""
ball,1,77.4,Otago Volts,TC Jones,JCT Boyle,NA Greenwood,4,0,,,,,,"",""
ball,1,77.5,Otago Volts,TC Jones,JCT Boyle,NA Greenwood,0,0,,,,,,"",""
ball,1,77.6,Otago Volts,TC Jones,JCT Boyle,NA Greenwood,0,0,,,,,,"",""
ball,1,78.1,Otago Volts,JCT Boyle,TC Jones,PF Younghusband,1,0,,,,,,"",""
ball,1,78.2,Otago Volts,TC Jones,JCT Boyle,PF Younghusband,1,0,,,,,,"",""
ball,1,78.3,Otago Volts,JCT Boyle,TC Jones,PF Younghusband,4,0,,,,,,"",""
ball,1,78.4,Otago Volts,JCT Boyle,TC Jones,PF Younghusband,0,0,,,,,,"",""
ball,1,78.5,Otago Volts,JCT Boyle,TC Jones,PF Younghusband,1,0,,,,,,"",""
ball,1,78.6,Otago Volts,TC Jones,JCT Boyle,PF Younghusband,0,0,,,,,,"",""
ball,1,79.1,Otago Volts,JCT Boyle,TC Jones,NA Greenwood,0,0,,,,,,"",""
ball,1,79.2,Otago Volts,JCT Boyle,TC Jones,NA Greenwood,0,0,,,,,,"",""
ball,1,79.3,Otago Volts,JCT Boyle,TC Jones,NA Greenwood,1,0,,,,,,"",""
ball,1,79.4,Otago Volts,TC Jones,JCT Boyle,NA Greenwood,0,0,,,,,,"",""
ball,1,79.5,Otago Volts,TC Jones,JCT Boyle,NA Greenwood,0,0,,,,,,"",""
ball,1,79.6,Otago Volts,TC Jones,JCT Boyle,NA Greenwood,0,0,,,,,,"",""
ball,1,80.1,Otago Volts,JCT Boyle,TC Jones,LR Dudding,0,0,,,,,,"",""
ball,1,80.2,Otago Volts,JCT Boyle,TC Jones,LR Dudding,0,0,,,,,,"",""
ball,1,80.3,Otago Volts,JCT Boyle,TC Jones,LR Dudding,0,0,,,,,,"",""
ball,1,80.4,Otago Volts,JCT Boyle,TC Jones,LR Dudding,0,0,,,,,,"",""
ball,1,80.5,Otago Volts,JCT Boyle,TC Jones,LR Dudding,0,0,,,,,,"",""
ball,1,80.6,Otago Volts,JCT Boyle,TC Jones,LR Dudding,0,0,,,,,,"",""
ball,1,81.1,Otago Volts,TC Jones,JCT Boyle,JW Hartshorn,0,0,,,,,,"",""
ball,1,81.2,Otago Volts,TC Jones,JCT Boyle,JW Hartshorn,0,0,,,,,,"",""
ball,1,81.3,Otago Volts,TC Jones,JCT Boyle,JW Hartshorn,0,0,,,,,,"",""
ball,1,81.4,Otago Volts,TC Jones,JCT Boyle,JW Hartshorn,0,0,,,,,,"",""
ball,1,81.5,Otago Volts,TC Jones,JCT Boyle,JW Hartshorn,0,0,,,,,,"",""
ball,1,81.6,Otago Volts,TC Jones,JCT Boyle,JW Hartshorn,4,0,,,,,,"",""
ball,1,82.1,Otago Volts,JCT Boyle,TC Jones,LR Dudding,0,0,,,,,,"",""
ball,1,82.2,Otago Volts,JCT Boyle,TC Jones,LR Dudding,0,0,,,,,,"",""
ball,1,82.3,Otago Volts,JCT Boyle,TC Jones,LR Dudding,0,0,,,,,,"",""
ball,1,82.4,Otago Volts,JCT Boyle,TC Jones,LR Dudding,0,0,,,,,,"",""
ball,1,82.5,Otago Volts,JCT Boyle,TC Jones,LR Dudding,0,0,,,,,,"",""
ball,1,82.6,Otago Volts,JCT Boyle,TC Jones,LR Dudding,3,0,,,,,,"",""
ball,1,83.1,Otago Volts,JCT Boyle,TC Jones,JW Hartshorn,0,0,,,,,,"",""
ball,1,83.2,Otago Volts,JCT Boyle,TC Jones,JW Hartshorn,1,0,,,,,,"",""
ball,1,83.3,Otago Volts,TC Jones,JCT Boyle,JW Hartshorn,2,0,,,,,,"",""
ball,1,83.4,Otago Volts,TC Jones,JCT Boyle,JW Hartshorn,0,1,,,,1,,"",""
ball,1,83.5,Otago Volts,JCT Boyle,TC Jones,JW Hartshorn,0,0,,,,,,"",""
ball,1,83.6,Otago Volts,JCT Boyle,TC Jones,JW Hartshorn,0,0,,,,,,"",""
ball,1,84.1,Otago Volts,TC Jones,JCT Boyle,LR Dudding,2,0,,,,,,"",""
ball,1,84.2,Otago Volts,TC Jones,JCT Boyle,LR Dudding,0,0,,,,,,"",""
ball,1,84.3,Otago Volts,TC Jones,JCT Boyle,LR Dudding,0,0,,,,,,"",""
ball,1,84.4,Otago Volts,TC Jones,JCT Boyle,LR Dudding,0,0,,,,,,"",""
ball,1,84.5,Otago Volts,TC Jones,JCT Boyle,LR Dudding,0,0,,,,,,"",""
ball,1,84.6,Otago Volts,TC Jones,JCT Boyle,LR Dudding,0,0,,,,,,"",""
ball,1,85.1,Otago Volts,JCT Boyle,TC Jones,JW Hartshorn,1,0,,,,,,"",""
ball,1,85.2,Otago Volts,TC Jones,JCT Boyle,JW Hartshorn,0,0,,,,,,"",""
ball,1,85.3,Otago Volts,TC Jones,JCT Boyle,JW Hartshorn,0,0,,,,,,"",""
ball,1,85.4,Otago Volts,TC Jones,JCT Boyle,JW Hartshorn,0,0,,,,,,"",""
ball,1,85.5,Otago Volts,TC Jones,JCT Boyle,JW Hartshorn,0,0,,,,,,"",""
ball,1,85.6,Otago Volts,TC Jones,JCT Boyle,JW Hartshorn,1,0,,,,,,"",""
ball,1,86.1,Otago Volts,TC Jones,JCT Boyle,LR Dudding,0,0,,,,,,"",""
ball,1,86.2,Otago Volts,TC Jones,JCT Boyle,LR Dudding,0,0,,,,,,"",""
ball,1,86.3,Otago Volts,TC Jones,JCT Boyle,LR Dudding,0,0,,,,,,"",""
ball,1,86.4,Otago Volts,TC Jones,JCT Boyle,LR Dudding,1,0,,,,,,"",""
ball,1,86.5,Otago Volts,JCT Boyle,TC Jones,LR Dudding,1,0,,,,,,"",""
ball,1,86.6,Otago Volts,TC Jones,JCT Boyle,LR Dudding,0,0,,,,,,"",""
ball,1,87.1,Otago Volts,JCT Boyle,TC Jones,NA Greenwood,0,0,,,,,,"",""
ball,1,87.2,Otago Volts,JCT Boyle,TC Jones,NA Greenwood,0,0,,,,,,bowled,JCT Boyle
ball,1,87.3,Otago Volts,TK Parkes,TC Jones,NA Greenwood,4,0,,,,,,"",""
ball,1,87.4,Otago Volts,TK Parkes,TC Jones,NA Greenwood,0,0,,,,,,"",""
ball,1,87.5,Otago Volts,TK Parkes,TC Jones,NA Greenwood,0,0,,,,,,"",""
ball,1,87.6,Otago Volts,TK Parkes,TC Jones,NA Greenwood,0,0,,,,,,"",""
ball,1,88.1,Otago Volts,TC Jones,TK Parkes,MW Snedden,0,0,,,,,,"",""
ball,1,88.2,Otago Volts,TC Jones,TK Parkes,MW Snedden,0,1,,1,,,,"",""
ball,1,88.3,Otago Volts,TC Jones,TK Parkes,MW Snedden,4,0,,,,,,"",""
ball,1,88.4,Otago Volts,TC Jones,TK Parkes,MW Snedden,0,0,,,,,,"",""
ball,1,88.5,Otago Volts,TC Jones,TK Parkes,MW Snedden,1,0,,,,,,"",""
ball,1,88.6,Otago Volts,TK Parkes,TC Jones,MW Snedden,0,0,,,,,,"",""
ball,1,88.7,Otago Volts,TK Parkes,TC Jones,MW Snedden,0,0,,,,,,"",""
ball,1,89.1,Otago Volts,TC Jones,TK Parkes,NA Greenwood,0,0,,,,,,caught,TC Jones
ball,1,89.2,Otago Volts,GD Phillips,TK Parkes,NA Greenwood,0,0,,,,,,"",""
ball,1,89.3,Otago Volts,GD Phillips,TK Parkes,NA Greenwood,1,0,,,,,,"",""
ball,1,89.4,Otago Volts,TK Parkes,GD Phillips,NA Greenwood,0,0,,,,,,"",""
ball,1,89.5,Otago Volts,TK Parkes,GD Phillips,NA Greenwood,1,0,,,,,,"",""
ball,1,89.6,Otago Volts,GD Phillips,TK Parkes,NA Greenwood,0,0,,,,,,"",""
ball,1,90.1,Otago Volts,TK Parkes,GD Phillips,MW Snedden,1,0,,,,,,"",""
ball,1,90.2,Otago Volts,GD Phillips,TK Parkes,MW Snedden,0,0,,,,,,"",""
ball,1,90.3,Otago Volts,GD Phillips,TK Parkes,MW Snedden,0,0,,,,,,"",""
ball,1,90.4,Otago Volts,GD Phillips,TK Parkes,MW Snedden,0,0,,,,,,"",""
ball,1,90.5,Otago Volts,GD Phillips,TK Parkes,MW Snedden,0,0,,,,,,"",""
ball,1,90.6,Otago Volts,GD Phillips,TK Parkes,MW Snedden,0,0,,,,,,"",""
ball,1,91.1,Otago Volts,TK Parkes,GD Phillips,NA Greenwood,0,0,,,,,,"",""
ball,1,91.2,Otago Volts,TK Parkes,GD Phillips,NA Greenwood,0,1,,,,1,,"",""
ball,1,91.3,Otago Volts,GD Phillips,TK Parkes,NA Greenwood,0,0,,,,,,"",""
ball,1,91.4,Otago Volts,GD Phillips,TK Parkes,NA Greenwood,0,0,,,,,,"",""
ball,1,91.5,Otago Volts,GD Phillips,TK Parkes,NA Greenwood,1,0,,,,,,"",""
ball,1,91.6,Otago Volts,TK Parkes,GD Phillips,NA Greenwood,4,0,,,,,,"",""
ball,1,92.1,Otago Volts,GD Phillips,TK Parkes,MW Snedden,1,0,,,,,,"",""
ball,1,92.2,Otago Volts,TK Parkes,GD Phillips,MW Snedden,0,0,,,,,,"",""
ball,1,92.3,Otago Volts,TK Parkes,GD Phillips,MW Snedden,2,0,,,,,,"",""
ball,1,92.4,Otago Volts,TK Parkes,GD Phillips,MW Snedden,0,0,,,,,,"",""
ball,1,92.5,Otago Volts,TK Parkes,GD Phillips,MW Snedden,0,0,,,,,,"",""
ball,1,92.6,Otago Volts,TK Parkes,GD Phillips,MW Snedden,0,0,,,,,,"",""
ball,1,93.1,Otago Volts,GD Phillips,TK Parkes,NA Greenwood,0,0,,,,,,"",""
ball,1,93.2,Otago Volts,GD Phillips,TK Parkes,NA Greenwood,1,0,,,,,,"",""
ball,1,93.3,Otago Volts,TK Parkes,GD Phillips,NA Greenwood,0,0,,,,,,"",""
ball,1,93.4,Otago Volts,TK Parkes,GD Phillips,NA Greenwood,0,0,,,,,,"",""
ball,1,93.5,Otago Volts,TK Parkes,GD Phillips,NA Greenwood,0,0,,,,,,"",""
ball,1,93.6,Otago Volts,TK Parkes,GD Phillips,NA Greenwood,0,0,,,,,,"",""
ball,1,94.1,Otago Volts,GD Phillips,TK Parkes,GR Severin,1,0,,,,,,"",""
ball,1,94.2,Otago Volts,TK Parkes,GD Phillips,GR Severin,0,0,,,,,,"",""
ball,1,94.3,Otago Volts,TK Parkes,GD Phillips,GR Severin,0,0,,,,,,"",""
ball,1,94.4,Otago Volts,TK Parkes,GD Phillips,GR Severin,1,0,,,,,,"",""
ball,1,94.5,Otago Volts,GD Phillips,TK Parkes,GR Severin,0,0,,,,,,"",""
ball,1,94.6,Otago Volts,GD Phillips,TK Parkes,GR Severin,1,0,,,,,,"",""
ball,1,95.1,Otago Volts,GD Phillips,TK Parkes,NA Greenwood,0,0,,,,,,caught,GD Phillips
ball,1,95.2,Otago Volts,JD McKay,TK Parkes,NA Greenwood,0,0,,,,,,"",""
ball,1,95.3,Otago Volts,JD McKay,TK Parkes,NA Greenwood,0,0,,,,,,"",""
ball,1,95.4,Otago Volts,JD McKay,TK Parkes,NA Greenwood,0,0,,,,,,"",""
ball,1,95.5,Otago Volts,JD McKay,TK Parkes,NA Greenwood,0,0,,,,,,"",""
ball,1,95.6,Otago Volts,JD McKay,TK Parkes,NA Greenwood,0,0,,,,,,"",""
ball,1,96.1,Otago Volts,TK Parkes,JD McKay,GR Severin,0,0,,,,,,"",""
ball,1,96.2,Otago Volts,TK Parkes,JD McKay,GR Severin,1,0,,,,,,"",""
ball,1,96.3,Otago Volts,JD McKay,TK Parkes,GR Severin,0,0,,,,,,"",""
ball,1,96.4,Otago Volts,JD McKay,TK Parkes,GR Severin,4,0,,,,,,"",""
ball,1,96.5,Otago Volts,JD McKay,TK Parkes,GR Severin,4,0,,,,,,"",""
ball,1,96.6,Otago Volts,JD McKay,TK Parkes,GR Severin,0,0,,,,,,"",""
ball,1,97.1,Otago Volts,TK Parkes,JD McKay,LR Dudding,2,0,,,,,,"",""
ball,1,97.2,Otago Volts,TK Parkes,JD McKay,LR Dudding,0,0,,,,,,"",""
ball,1,97.3,Otago Volts,TK Parkes,JD McKay,LR Dudding,4,0,,,,,,"",""
ball,1,97.4,Otago Volts,TK Parkes,JD McKay,LR Dudding,0,0,,,,,,"",""
ball,1,97.5,Otago Volts,TK Parkes,JD McKay,LR Dudding,4,0,,,,,,"",""
ball,1,97.6,Otago Volts,TK Parkes,JD McKay,LR Dudding,0,0,,,,,,"",""
ball,1,98.1,Otago Volts,JD McKay,TK Parkes,JW Hartshorn,0,0,,,,,,"",""
ball,1,98.2,Otago Volts,JD McKay,TK Parkes,JW Hartshorn,0,0,,,,,,"",""
ball,1,98.3,Otago Volts,JD McKay,TK Parkes,JW Hartshorn,0,0,,,,,,"",""
ball,1,98.4,Otago Volts,JD McKay,TK Parkes,JW Hartshorn,0,0,,,,,,"",""
ball,1,98.5,Otago Volts,JD McKay,TK Parkes,JW Hartshorn,0,0,,,,,,"",""
ball,1,98.6,Otago Volts,JD McKay,TK Parkes,JW Hartshorn,0,0,,,,,,"",""
ball,1,99.1,Otago Volts,TK Parkes,JD McKay,LR Dudding,0,0,,,,,,caught,TK Parkes
ball,1,99.2,Otago Volts,MW Chu,JD McKay,LR Dudding,1,0,,,,,,"",""
ball,1,99.3,Otago Volts,JD McKay,MW Chu,LR Dudding,0,0,,,,,,"",""
ball,1,99.4,Otago Volts,JD McKay,MW Chu,LR Dudding,0,0,,,,,,"",""
ball,1,99.5,Otago Volts,JD McKay,MW Chu,LR Dudding,0,0,,,,,,"",""
ball,1,99.6,Otago Volts,JD McKay,MW Chu,LR Dudding,1,0,,,,,,"",""
ball,1,100.1,Otago Volts,JD McKay,MW Chu,JW Hartshorn,0,4,,,4,,,"",""
ball,1,100.2,Otago Volts,JD McKay,MW Chu,JW Hartshorn,0,0,,,,,,"",""
ball,1,100.3,Otago Volts,JD McKay,MW Chu,JW Hartshorn,0,0,,,,,,"",""
ball,1,100.4,Otago Volts,JD McKay,MW Chu,JW Hartshorn,1,0,,,,,,"",""
ball,1,100.5,Otago Volts,MW Chu,JD McKay,JW Hartshorn,2,0,,,,,,"",""
ball,1,100.6,Otago Volts,MW Chu,JD McKay,JW Hartshorn,4,0,,,,,,"",""
ball,1,101.1,Otago Volts,JD McKay,MW Chu,LR Dudding,4,0,,,,,,"",""
ball,1,101.2,Otago Volts,JD McKay,MW Chu,LR Dudding,0,0,,,,,,"",""
ball,1,101.3,Otago Volts,JD McKay,MW Chu,LR Dudding,1,0,,,,,,"",""
ball,1,101.4,Otago Volts,MW Chu,JD McKay,LR Dudding,0,0,,,,,,"",""
ball,1,101.5,Otago Volts,MW Chu,JD McKay,LR Dudding,0,0,,,,,,lbw,MW Chu
ball,1,101.6,Otago Volts,LI Georgeson,JD McKay,LR Dudding,0,0,,,,,,"",""
ball,1,102.1,Otago Volts,JD McKay,LI Georgeson,JW Hartshorn,0,0,,,,,,"",""
ball,1,102.2,Otago Volts,JD McKay,LI Georgeson,JW Hartshorn,4,0,,,,,,"",""
ball,1,102.3,Otago Volts,JD McKay,LI Georgeson,JW Hartshorn,0,0,,,,,,"",""
ball,1,102.4,Otago Volts,JD McKay,LI Georgeson,JW Hartshorn,0,0,,,,,,"",""
ball,1,102.5,Otago Volts,JD McKay,LI Georgeson,JW Hartshorn,0,1,1,,,,,"",""
ball,1,102.6,Otago Volts,JD McKay,LI Georgeson,JW Hartshorn,0,0,,,,,,"",""
ball,1,102.7,Otago Volts,JD McKay,LI Georgeson,JW Hartshorn,0,0,,,,,,"",""
ball,1,103.1,Otago Volts,LI Georgeson,JD McKay,LR Dudding,0,0,,,,,,"",""
ball,1,103.2,Otago Volts,LI Georgeson,JD McKay,LR Dudding,0,0,,,,,,"",""
ball,1,103.3,Otago Volts,LI Georgeson,JD McKay,LR Dudding,0,0,,,,,,"",""
ball,1,103.4,Otago Volts,LI Georgeson,JD McKay,LR Dudding,0,0,,,,,,"",""
ball,1,103.5,Otago Volts,LI Georgeson,JD McKay,LR Dudding,0,0,,,,,,"",""
ball,1,103.6,Otago Volts,LI Georgeson,JD McKay,LR Dudding,0,0,,,,,,"",""
ball,1,104.1,Otago Volts,JD McKay,LI Georgeson,JW Hartshorn,0,0,,,,,,"",""
ball,1,104.2,Otago Volts,JD McKay,LI Georgeson,JW Hartshorn,0,0,,,,,,"",""
ball,1,104.3,Otago Volts,JD McKay,LI Georgeson,JW Hartshorn,0,0,,,,,,"",""
ball,1,104.4,Otago Volts,JD McKay,LI Georgeson,JW Hartshorn,0,0,,,,,,"",""
ball,1,104.5,Otago Volts,JD McKay,LI Georgeson,JW Hartshorn,0,0,,,,,,"",""
ball,1,104.6,Otago Volts,JD McKay,LI Georgeson,JW Hartshorn,0,0,,,,,,"",""
ball,1,105.1,Otago Volts,LI Georgeson,JD McKay,LR Dudding,0,0,,,,,,"",""
ball,1,105.2,Otago Volts,LI Georgeson,JD McKay,LR Dudding,0,0,,,,,,"",""
ball,1,105.3,Otago Volts,LI Georgeson,JD McKay,LR Dudding,0,0,,,,,,"",""
ball,1,105.4,Otago Volts,LI Georgeson,JD McKay,LR Dudding,4,0,,,,,,"",""
ball,1,105.5,Otago Volts,LI Georgeson,JD McKay,LR Dudding,0,0,,,,,,"",""
ball,1,105.6,Otago Volts,LI Georgeson,JD McKay,LR Dudding,0,0,,,,,,"",""
ball,1,106.1,Otago Volts,JD McKay,LI Georgeson,JW Hartshorn,0,0,,,,,,"",""
ball,1,106.2,Otago Volts,JD McKay,LI Georgeson,JW Hartshorn,4,0,,,,,,"",""
ball,1,106.3,Otago Volts,JD McKay,LI Georgeson,JW Hartshorn,0,0,,,,,,"",""
ball,1,106.4,Otago Volts,JD McKay,LI Georgeson,JW Hartshorn,0,0,,,,,,"",""
ball,1,106.5,Otago Volts,JD McKay,LI Georgeson,JW Hartshorn,0,0,,,,,,caught,JD McKay
ball,1,106.6,Otago Volts,BNJ Lockrose,LI Georgeson,JW Hartshorn,2,0,,,,,,"",""
ball,1,107.1,Otago Volts,LI Georgeson,BNJ Lockrose,LR Dudding,0,0,,,,,,"",""
ball,1,107.2,Otago Volts,LI Georgeson,BNJ Lockrose,LR Dudding,1,0,,,,,,"",""
ball,1,107.3,Otago Volts,BNJ Lockrose,LI Georgeson,LR Dudding,0,0,,,,,,"",""
ball,1,107.4,Otago Volts,BNJ Lockrose,LI Georgeson,LR Dudding,0,2,,,2,,,"",""
ball,1,107.5,Otago Volts,BNJ Lockrose,LI Georgeson,LR Dudding,0,0,,,,,,"",""
ball,1,107.6,Otago Volts,BNJ Lockrose,LI Georgeson,LR Dudding,1,0,,,,,,"",""
ball,1,108.1,Otago Volts,BNJ Lockrose,LI Georgeson,JW Hartshorn,0,0,,,,,,"",""
ball,1,108.2,Otago Volts,BNJ Lockrose,LI Georgeson,JW Hartshorn,0,0,,,,,,"",""
ball,1,108.3,Otago Volts,BNJ Lockrose,LI Georgeson,JW Hartshorn,0,0,,,,,,"",""
ball,1,108.4,Otago Volts,BNJ Lockrose,LI Georgeson,JW Hartshorn,0,0,,,,,,"",""
ball,1,108.5,Otago Volts,BNJ Lockrose,LI Georgeson,JW Hartshorn,0,0,,,,,,"",""
ball,1,108.6,Otago Volts,BNJ Lockrose,LI Georgeson,JW Hartshorn,0,0,,,,,,"",""
ball,1,109.1,Otago Volts,LI Georgeson,BNJ Lockrose,LR Dudding,0,0,,,,,,"",""
ball,1,109.2,Otago Volts,LI Georgeson,BNJ Lockrose,LR Dudding,0,0,,,,,,"",""
ball,1,109.3,Otago Volts,LI Georgeson,BNJ Lockrose,LR Dudding,0,0,,,,,,"",""
ball,1,109.4,Otago Volts,LI Georgeson,BNJ Lockrose,LR Dudding,0,0,,,,,,"",""
ball,1,109.5,Otago Volts,LI Georgeson,BNJ Lockrose,LR Dudding,0,0,,,,,,"",""
ball,1,109.6,Otago Volts,LI Georgeson,BNJ Lockrose,LR Dudding,0,0,,,,,,"",""
ball,1,110.1,Otago Volts,BNJ Lockrose,LI Georgeson,JW Hartshorn,1,0,,,,,,"",""
ball,1,110.2,Otago Volts,LI Georgeson,BNJ Lockrose,JW Hartshorn,0,0,,,,,,"",""
ball,1,110.3,Otago Volts,LI Georgeson,BNJ Lockrose,JW Hartshorn,0,0,,,,,,"",""
ball,1,110.4,Otago Volts,LI Georgeson,BNJ Lockrose,JW Hartshorn,0,0,,,,,,"",""
ball,1,110.5,Otago Volts,LI Georgeson,BNJ Lockrose,JW Hartshorn,0,0,,,,,,"",""
ball,1,110.6,Otago Volts,LI Georgeson,BNJ Lockrose,JW Hartshorn,0,0,,,,,,"",""
ball,1,111.1,Otago Volts,BNJ Lockrose,LI Georgeson,PF Younghusband,0,0,,,,,,bowled,BNJ Lockrose
ball,1,111.2,Otago Volts,DK Ferns,LI Georgeson,PF Younghusband,1,0,,,,,,"",""
ball,1,111.3,Otago Volts,LI Georgeson,DK Ferns,PF Younghusband,0,0,,,,,,"",""
ball,1,111.4,Otago Volts,LI Georgeson,DK Ferns,PF Younghusband,0,0,,,,,,"",""
ball,1,111.5,Otago Volts,LI Georgeson,DK Ferns,PF Younghusband,0,0,,,,,,"",""
ball,1,111.6,Otago Volts,LI Georgeson,DK Ferns,PF Younghusband,0,0,,,,,,"",""
ball,1,112.1,Otago Volts,DK Ferns,LI Georgeson,MW Snedden,0,1,,1,,,,"",""
ball,1,112.2,Otago Volts,DK Ferns,LI Georgeson,MW Snedden,0,0,,,,,,"",""
ball,1,112.3,Otago Volts,DK Ferns,LI Georgeson,MW Snedden,4,0,,,,,,"",""
ball,1,112.4,Otago Volts,DK Ferns,LI Georgeson,MW Snedden,0,0,,,,,,"",""
ball,1,112.5,Otago Volts,DK Ferns,LI Georgeson,MW Snedden,0,0,,,,,,"",""
ball,1,112.6,Otago Volts,DK Ferns,LI Georgeson,MW Snedden,0,0,,,,,,"",""
ball,1,112.7,Otago Volts,DK Ferns,LI Georgeson,MW Snedden,0,0,,,,,,"",""
ball,1,113.1,Otago Volts,LI Georgeson,DK Ferns,PF Younghusband,0,0,,,,,,"",""
ball,1,113.2,Otago Volts,LI Georgeson,DK Ferns,PF Younghusband,1,0,,,,,,"",""
ball,1,113.3,Otago Volts,DK Ferns,LI Georgeson,PF Younghusband,1,0,,,,,,"",""
ball,1,113.4,Otago Volts,LI Georgeson,DK Ferns,PF Younghusband,0,0,,,,,,"",""
ball,1,113.5,Otago Volts,LI Georgeson,DK Ferns,PF Younghusband,0,0,,,,,,"",""
ball,1,113.6,Otago Volts,LI Georgeson,DK Ferns,PF Younghusband,1,0,,,,,,"",""
ball,1,114.1,Otago Volts,LI Georgeson,DK Ferns,MW Snedden,4,0,,,,,,"",""
ball,1,114.2,Otago Volts,LI Georgeson,DK Ferns,MW Snedden,1,0,,,,,,"",""
ball,1,114.3,Otago Volts,DK Ferns,LI Georgeson,MW Snedden,0,0,,,,,,"",""
ball,1,114.4,Otago Volts,DK Ferns,LI Georgeson,MW Snedden,0,0,,,,,,"",""
ball,1,114.5,Otago Volts,DK Ferns,LI Georgeson,MW Snedden,1,0,,,,,,"",""
ball,1,114.6,Otago Volts,LI Georgeson,DK Ferns,MW Snedden,1,0,,,,,,"",""
ball,1,115.1,Otago Volts,LI Georgeson,DK Ferns,PF Younghusband,0,0,,,,,,"",""
ball,1,115.2,Otago Volts,LI Georgeson,DK Ferns,PF Younghusband,0,0,,,,,,"",""
ball,1,115.3,Otago Volts,LI Georgeson,DK Ferns,PF Younghusband,0,0,,,,,,"",""
ball,1,115.4,Otago Volts,LI Georgeson,DK Ferns,PF Younghusband,1,0,,,,,,"",""
ball,1,115.5,Otago Volts,DK Ferns,LI Georgeson,PF Younghusband,6,0,,,,,,"",""
ball,1,115.6,Otago Volts,DK Ferns,LI Georgeson,PF Younghusband,0,0,,,,,,"",""
ball,1,116.1,Otago Volts,LI Georgeson,DK Ferns,MW Snedden,0,0,,,,,,"",""
ball,1,116.2,Otago Volts,LI Georgeson,DK Ferns,MW Snedden,0,0,,,,,,caught,LI Georgeson
ball,1,116.3,Otago Volts,MB Bacon,DK Ferns,MW Snedden,0,0,,,,,,"",""
ball,1,116.4,Otago Volts,MB Bacon,DK Ferns,MW Snedden,0,0,,,,,,"",""
ball,1,116.5,Otago Volts,MB Bacon,DK Ferns,MW Snedden,0,0,,,,,,"",""
ball,1,116.6,Otago Volts,MB Bacon,DK Ferns,MW Snedden,0,0,,,,,,"",""
ball,1,117.1,Otago Volts,DK Ferns,MB Bacon,PF Younghusband,0,0,,,,,,"",""
ball,1,117.2,Otago Volts,DK Ferns,MB Bacon,PF Younghusband,0,0,,,,,,"",""
ball,1,117.3,Otago Volts,DK Ferns,MB Bacon,PF Younghusband,2,0,,,,,,"",""
ball,1,117.4,Otago Volts,DK Ferns,MB Bacon,PF Younghusband,1,0,,,,,,"",""
ball,1,117.5,Otago Volts,MB Bacon,DK Ferns,PF Younghusband,0,0,,,,,,"",""
ball,1,117.6,Otago Volts,MB Bacon,DK Ferns,PF Younghusband,1,0,,,,,,"",""
ball,1,118.1,Otago Volts,MB Bacon,DK Ferns,JM Tashkoff,1,0,,,,,,"",""
ball,1,118.2,Otago Volts,DK Ferns,MB Bacon,JM Tashkoff,0,0,,,,,,"",""
ball,1,118.3,Otago Volts,DK Ferns,MB Bacon,JM Tashkoff,6,0,,,,,,"",""
ball,1,118.4,Otago Volts,DK Ferns,MB Bacon,JM Tashkoff,1,0,,,,,,"",""
ball,1,118.5,Otago Volts,MB Bacon,DK Ferns,JM Tashkoff,1,0,,,,,,"",""
ball,1,118.6,Otago Volts,DK Ferns,MB Bacon,JM Tashkoff,0,0,,,,,,"",""
ball,1,119.1,Otago Volts,MB Bacon,DK Ferns,PF Younghusband,0,0,,,,,,"",""
ball,1,119.2,Otago Volts,MB Bacon,DK Ferns,PF Younghusband,1,0,,,,,,"",""
ball,1,119.3,Otago Volts,DK Ferns,MB Bacon,PF Younghusband,1,0,,,,,,"",""
ball,1,119.4,Otago Volts,MB Bacon,DK Ferns,PF Younghusband,1,0,,,,,,"",""
ball,1,119.5,Otago Volts,DK Ferns,MB Bacon,PF Younghusband,1,0,,,,,,"",""
ball,1,119.6,Otago Volts,MB Bacon,DK Ferns,PF Younghusband,6,0,,,,,,"",""
ball,2,0.1,Wellington Firebirds,SM Mycock,NA Greenwood,LI Georgeson,4,0,,,,,,"",""
ball,2,0.2,Wellington Firebirds,SM Mycock,NA Greenwood,LI Georgeson,0,0,,,,,,"",""
ball,2,0.3,Wellington Firebirds,SM Mycock,NA Greenwood,LI Georgeson,0,0,,,,,,"",""
ball,2,0.4,Wellington Firebirds,SM Mycock,NA Greenwood,LI Georgeson,0,0,,,,,,"",""
ball,2,0.5,Wellington Firebirds,SM Mycock,NA Greenwood,LI Georgeson,0,0,,,,,,"",""
ball,2,0.6,Wellington Firebirds,SM Mycock,NA Greenwood,LI Georgeson,0,0,,,,,,"",""
ball,2,1.1,Wellington Firebirds,NA Greenwood,SM Mycock,DK Ferns,0,0,,,,,,"",""
ball,2,1.2,Wellington Firebirds,NA Greenwood,SM Mycock,DK Ferns,0,0,,,,,,"",""
ball,2,1.3,Wellington Firebirds,NA Greenwood,SM Mycock,DK Ferns,4,0,,,,,,"",""
ball,2,1.4,Wellington Firebirds,NA Greenwood,SM Mycock,DK Ferns,0,0,,,,,,"",""
ball,2,1.5,Wellington Firebirds,NA Greenwood,SM Mycock,DK Ferns,0,0,,,,,,"",""
ball,2,1.6,Wellington Firebirds,NA Greenwood,SM Mycock,DK Ferns,0,1,,1,,,,"",""
ball,2,1.7,Wellington Firebirds,NA Greenwood,SM Mycock,DK Ferns,0,0,,,,,,"",""
ball,2,2.1,Wellington Firebirds,SM Mycock,NA Greenwood,LI Georgeson,0,0,,,,,,"",""
ball,2,2.2,Wellington Firebirds,SM Mycock,NA Greenwood,LI Georgeson,4,0,,,,,,"",""
ball,2,2.3,Wellington Firebirds,SM Mycock,NA Greenwood,LI Georgeson,4,0,,,,,,"",""
ball,2,2.4,Wellington Firebirds,SM Mycock,NA Greenwood,LI Georgeson,0,0,,,,,,"",""
ball,2,2.5,Wellington Firebirds,SM Mycock,NA Greenwood,LI Georgeson,0,0,,,,,,"",""
ball,2,2.6,Wellington Firebirds,SM Mycock,NA Greenwood,LI Georgeson,0,0,,,,,,"",""
ball,2,3.1,Wellington Firebirds,NA Greenwood,SM Mycock,DK Ferns,0,0,,,,,,"",""
ball,2,3.2,Wellington Firebirds,NA Greenwood,SM Mycock,DK Ferns,0,0,,,,,,"",""
ball,2,3.3,Wellington Firebirds,NA Greenwood,SM Mycock,DK Ferns,0,0,,,,,,"",""
ball,2,3.4,Wellington Firebirds,NA Greenwood,SM Mycock,DK Ferns,4,0,,,,,,"",""
ball,2,3.5,Wellington Firebirds,NA Greenwood,SM Mycock,DK Ferns,0,0,,,,,,"",""
ball,2,3.6,Wellington Firebirds,NA Greenwood,SM Mycock,DK Ferns,0,0,,,,,,"",""
ball,2,4.1,Wellington Firebirds,SM Mycock,NA Greenwood,LI Georgeson,0,0,,,,,,"",""
ball,2,4.2,Wellington Firebirds,SM Mycock,NA Greenwood,LI Georgeson,4,0,,,,,,"",""
ball,2,4.3,Wellington Firebirds,SM Mycock,NA Greenwood,LI Georgeson,0,0,,,,,,"",""
ball,2,4.4,Wellington Firebirds,SM Mycock,NA Greenwood,LI Georgeson,0,0,,,,,,"",""
ball,2,4.5,Wellington Firebirds,SM Mycock,NA Greenwood,LI Georgeson,0,0,,,,,,"",""
ball,2,4.6,Wellington Firebirds,SM Mycock,NA Greenwood,LI Georgeson,0,0,,,,,,"",""
ball,2,5.1,Wellington Firebirds,NA Greenwood,SM Mycock,DK Ferns,1,0,,,,,,"",""
ball,2,5.2,Wellington Firebirds,SM Mycock,NA Greenwood,DK Ferns,1,0,,,,,,"",""
ball,2,5.3,Wellington Firebirds,NA Greenwood,SM Mycock,DK Ferns,0,0,,,,,,"",""
ball,2,5.4,Wellington Firebirds,NA Greenwood,SM Mycock,DK Ferns,0,0,,,,,,"",""
ball,2,5.5,Wellington Firebirds,NA Greenwood,SM Mycock,DK Ferns,0,0,,,,,,"",""
ball,2,5.6,Wellington Firebirds,NA Greenwood,SM Mycock,DK Ferns,1,0,,,,,,"",""
ball,2,6.1,Wellington Firebirds,NA Greenwood,SM Mycock,LI Georgeson,1,0,,,,,,"",""
ball,2,6.2,Wellington Firebirds,SM Mycock,NA Greenwood,LI Georgeson,0,0,,,,,,"",""
ball,2,6.3,Wellington Firebirds,SM Mycock,NA Greenwood,LI Georgeson,0,0,,,,,,"",""
ball,2,6.4,Wellington Firebirds,SM Mycock,NA Greenwood,LI Georgeson,0,0,,,,,,"",""
ball,2,6.5,Wellington Firebirds,SM Mycock,NA Greenwood,LI Georgeson,0,0,,,,,,"",""
ball,2,6.6,Wellington Firebirds,SM Mycock,NA Greenwood,LI Georgeson,4,0,,,,,,"",""
ball,2,7.1,Wellington Firebirds,NA Greenwood,SM Mycock,DK Ferns,0,0,,,,,,"",""
ball,2,7.2,Wellington Firebirds,NA Greenwood,SM Mycock,DK Ferns,4,0,,,,,,"",""
ball,2,7.3,Wellington Firebirds,NA Greenwood,SM Mycock,DK Ferns,0,0,,,,,,"",""
ball,2,7.4,Wellington Firebirds,NA Greenwood,SM Mycock,DK Ferns,0,0,,,,,,"",""
ball,2,7.5,Wellington Firebirds,NA Greenwood,SM Mycock,DK Ferns,0,0,,,,,,"",""
ball,2,7.6,Wellington Firebirds,NA Greenwood,SM Mycock,DK Ferns,0,0,,,,,,"",""
ball,2,8.1,Wellington Firebirds,SM Mycock,NA Greenwood,MB Bacon,0,0,,,,,,"",""
ball,2,8.2,Wellington Firebirds,SM Mycock,NA Greenwood,MB Bacon,0,0,,,,,,"",""
ball,2,8.3,Wellington Firebirds,SM Mycock,NA Greenwood,MB Bacon,2,0,,,,,,"",""
ball,2,8.4,Wellington Firebirds,SM Mycock,NA Greenwood,MB Bacon,0,0,,,,,,"",""
ball,2,8.5,Wellington Firebirds,SM Mycock,NA Greenwood,MB Bacon,0,0,,,,,,"",""
ball,2,8.6,Wellington Firebirds,SM Mycock,NA Greenwood,MB Bacon,0,0,,,,,,"",""
ball,2,9.1,Wellington Firebirds,NA Greenwood,SM Mycock,DK Ferns,0,0,,,,,,"",""
ball,2,9.2,Wellington Firebirds,NA Greenwood,SM Mycock,DK Ferns,0,0,,,,,,"",""
ball,2,9.3,Wellington Firebirds,NA Greenwood,SM Mycock,DK Ferns,0,0,,,,,,"",""
ball,2,9.4,Wellington Firebirds,NA Greenwood,SM Mycock,DK Ferns,0,0,,,,,,"",""
ball,2,9.5,Wellington Firebirds,NA Greenwood,SM Mycock,DK Ferns,0,0,,,,,,"",""
ball,2,9.6,Wellington Firebirds,NA Greenwood,SM Mycock,DK Ferns,0,0,,,,,,caught,NA Greenwood
ball,2,10.1,Wellington Firebirds,SM Mycock,GR Severin,MB Bacon,0,0,,,,,,"",""
ball,2,10.2,Wellington Firebirds,SM Mycock,GR Severin,MB Bacon,0,0,,,,,,"",""
ball,2,10.3,Wellington Firebirds,SM Mycock,GR Severin,MB Bacon,0,0,,,,,,"",""
ball,2,10.4,Wellington Firebirds,SM Mycock,GR Severin,MB Bacon,0,0,,,,,,"",""
ball,2,10.5,Wellington Firebirds,SM Mycock,GR Severin,MB Bacon,0,0,,,,,,"",""
ball,2,10.6,Wellington Firebirds,SM Mycock,GR Severin,MB Bacon,0,0,,,,,,"",""
ball,2,11.1,Wellington Firebirds,GR Severin,SM Mycock,DK Ferns,0,0,,,,,,"",""
ball,2,11.2,Wellington Firebirds,GR Severin,SM Mycock,DK Ferns,0,0,,,,,,"",""
ball,2,11.3,Wellington Firebirds,GR Severin,SM Mycock,DK Ferns,0,0,,,,,,"",""
ball,2,11.4,Wellington Firebirds,GR Severin,SM Mycock,DK Ferns,0,0,,,,,,"",""
ball,2,11.5,Wellington Firebirds,GR Severin,SM Mycock,DK Ferns,4,0,,,,,,"",""
ball,2,11.6,Wellington Firebirds,GR Severin,SM Mycock,DK Ferns,0,0,,,,,,"",""
ball,2,12.1,Wellington Firebirds,SM Mycock,GR Severin,MB Bacon,0,0,,,,,,"",""
ball,2,12.2,Wellington Firebirds,SM Mycock,GR Severin,MB Bacon,0,0,,,,,,"",""
ball,2,12.3,Wellington Firebirds,SM Mycock,GR Severin,MB Bacon,0,0,,,,,,caught,SM Mycock
ball,2,12.4,Wellington Firebirds,NF Kelly,GR Severin,MB Bacon,0,0,,,,,,"",""
ball,2,12.5,Wellington Firebirds,NF Kelly,GR Severin,MB Bacon,0,0,,,,,,"",""
ball,2,12.6,Wellington Firebirds,NF Kelly,GR Severin,MB Bacon,0,0,,,,,,"",""
ball,2,13.1,Wellington Firebirds,GR Severin,NF Kelly,DK Ferns,0,0,,,,,,"",""
ball,2,13.2,Wellington Firebirds,GR Severin,NF Kelly,DK Ferns,0,0,,,,,,"",""
ball,2,13.3,Wellington Firebirds,GR Severin,NF Kelly,DK Ferns,0,0,,,,,,"",""
ball,2,13.4,Wellington Firebirds,GR Severin,NF Kelly,DK Ferns,0,0,,,,,,"",""
ball,2,13.5,Wellington Firebirds,GR Severin,NF Kelly,DK Ferns,0,0,,,,,,"",""
ball,2,13.6,Wellington Firebirds,GR Severin,NF Kelly,DK Ferns,4,0,,,,,,"",""
ball,2,14.1,Wellington Firebirds,NF Kelly,GR Severin,MB Bacon,0,0,,,,,,"",""
ball,2,14.2,Wellington Firebirds,NF Kelly,GR Severin,MB Bacon,0,0,,,,,,"",""
ball,2,14.3,Wellington Firebirds,NF Kelly,GR Severin,MB Bacon,0,0,,,,,,"",""
ball,2,14.4,Wellington Firebirds,NF Kelly,GR Severin,MB Bacon,0,0,,,,,,"",""
ball,2,14.5,Wellington Firebirds,NF Kelly,GR Severin,MB Bacon,0,0,,,,,,"",""
ball,2,14.6,Wellington Firebirds,NF Kelly,GR Severin,MB Bacon,4,0,,,,,,"",""
ball,2,15.1,Wellington Firebirds,GR Severin,NF Kelly,DK Ferns,0,0,,,,,,"",""
ball,2,15.2,Wellington Firebirds,GR Severin,NF Kelly,DK Ferns,0,0,,,,,,"",""
ball,2,15.3,Wellington Firebirds,GR Severin,NF Kelly,DK Ferns,4,0,,,,,,"",""
ball,2,15.4,Wellington Firebirds,GR Severin,NF Kelly,DK Ferns,0,0,,,,,,"",""
ball,2,15.5,Wellington Firebirds,GR Severin,NF Kelly,DK Ferns,0,0,,,,,,"",""
ball,2,15.6,Wellington Firebirds,GR Severin,NF Kelly,DK Ferns,0,0,,,,,,"",""
ball,2,16.1,Wellington Firebirds,NF Kelly,GR Severin,MB Bacon,0,0,,,,,,"",""
ball,2,16.2,Wellington Firebirds,NF Kelly,GR Severin,MB Bacon,0,0,,,,,,"",""
ball,2,16.3,Wellington Firebirds,NF Kelly,GR Severin,MB Bacon,0,0,,,,,,"",""
ball,2,16.4,Wellington Firebirds,NF Kelly,GR Severin,MB Bacon,0,0,,,,,,"",""
ball,2,16.5,Wellington Firebirds,NF Kelly,GR Severin,MB Bacon,1,0,,,,,,"",""
ball,2,16.6,Wellington Firebirds,GR Severin,NF Kelly,MB Bacon,0,0,,,,,,"",""
ball,2,17.1,Wellington Firebirds,NF Kelly,GR Severin,JD McKay,0,0,,,,,,"",""
ball,2,17.2,Wellington Firebirds,NF Kelly,GR Severin,JD McKay,2,0,,,,,,"",""
ball,2,17.3,Wellington Firebirds,NF Kelly,GR Severin,JD McKay,4,0,,,,,,"",""
ball,2,17.4,Wellington Firebirds,NF Kelly,GR Severin,JD McKay,1,0,,,,,,"",""
ball,2,17.5,Wellington Firebirds,GR Severin,NF Kelly,JD McKay,0,0,,,,,,"",""
ball,2,17.6,Wellington Firebirds,GR Severin,NF Kelly,JD McKay,0,0,,,,,,"",""
ball,2,18.1,Wellington Firebirds,NF Kelly,GR Severin,LI Georgeson,0,0,,,,,,"",""
ball,2,18.2,Wellington Firebirds,NF Kelly,GR Severin,LI Georgeson,0,0,,,,,,"",""
ball,2,18.3,Wellington Firebirds,NF Kelly,GR Severin,LI Georgeson,4,0,,,,,,"",""
ball,2,18.4,Wellington Firebirds,NF Kelly,GR Severin,LI Georgeson,0,0,,,,,,"",""
ball,2,18.5,Wellington Firebirds,NF Kelly,GR Severin,LI Georgeson,4,0,,,,,,"",""
ball,2,18.6,Wellington Firebirds,NF Kelly,GR Severin,LI Georgeson,0,0,,,,,,"",""
ball,2,19.1,Wellington Firebirds,GR Severin,NF Kelly,JD McKay,0,0,,,,,,"",""
ball,2,19.2,Wellington Firebirds,GR Severin,NF Kelly,JD McKay,0,0,,,,,,caught,GR Severin
ball,2,19.3,Wellington Firebirds,TB Robinson,NF Kelly,JD McKay,0,0,,,,,,"",""
ball,2,19.4,Wellington Firebirds,TB Robinson,NF Kelly,JD McKay,0,0,,,,,,"",""
ball,2,19.5,Wellington Firebirds,TB Robinson,NF Kelly,JD McKay,0,0,,,,,,"",""
ball,2,19.6,Wellington Firebirds,TB Robinson,NF Kelly,JD McKay,0,0,,,,,,"",""
ball,2,20.1,Wellington Firebirds,NF Kelly,TB Robinson,LI Georgeson,0,0,,,,,,"",""
ball,2,20.2,Wellington Firebirds,NF Kelly,TB Robinson,LI Georgeson,1,0,,,,,,"",""
ball,2,20.3,Wellington Firebirds,TB Robinson,NF Kelly,LI Georgeson,1,0,,,,,,"",""
ball,2,20.4,Wellington Firebirds,NF Kelly,TB Robinson,LI Georgeson,0,0,,,,,,"",""
ball,2,20.5,Wellington Firebirds,NF Kelly,TB Robinson,LI Georgeson,0,0,,,,,,"",""
ball,2,20.6,Wellington Firebirds,NF Kelly,TB Robinson,LI Georgeson,4,0,,,,,,"",""
ball,2,21.1,Wellington Firebirds,TB Robinson,NF Kelly,JD McKay,0,0,,,,,,"",""
ball,2,21.2,Wellington Firebirds,TB Robinson,NF Kelly,JD McKay,0,0,,,,,,"",""
ball,2,21.3,Wellington Firebirds,TB Robinson,NF Kelly,JD McKay,0,0,,,,,,"",""
ball,2,21.4,Wellington Firebirds,TB Robinson,NF Kelly,JD McKay,4,0,,,,,,"",""
ball,2,21.5,Wellington Firebirds,TB Robinson,NF Kelly,JD McKay,0,0,,,,,,"",""
ball,2,21.6,Wellington Firebirds,TB Robinson,NF Kelly,JD McKay,0,0,,,,,,"",""
ball,2,22.1,Wellington Firebirds,NF Kelly,TB Robinson,LI Georgeson,4,0,,,,,,"",""
ball,2,22.2,Wellington Firebirds,NF Kelly,TB Robinson,LI Georgeson,0,0,,,,,,"",""
ball,2,22.3,Wellington Firebirds,NF Kelly,TB Robinson,LI Georgeson,4,0,,,,,,"",""
ball,2,22.4,Wellington Firebirds,NF Kelly,TB Robinson,LI Georgeson,4,0,,,,,,"",""
ball,2,22.5,Wellington Firebirds,NF Kelly,TB Robinson,LI Georgeson,0,0,,,,,,"",""
ball,2,22.6,Wellington Firebirds,NF Kelly,TB Robinson,LI Georgeson,4,0,,,,,,"",""
ball,2,23.1,Wellington Firebirds,TB Robinson,NF Kelly,JD McKay,0,0,,,,,,"",""
ball,2,23.2,Wellington Firebirds,TB Robinson,NF Kelly,JD McKay,0,0,,,,,,"",""
ball,2,23.3,Wellington Firebirds,TB Robinson,NF Kelly,JD McKay,1,0,,,,,,"",""
ball,2,23.4,Wellington Firebirds,NF Kelly,TB Robinson,JD McKay,0,0,,,,,,caught,NF Kelly
ball,2,23.5,Wellington Firebirds,TA Blundell,TB Robinson,JD McKay,0,0,,,,,,"",""
ball,2,23.6,Wellington Firebirds,TA Blundell,TB Robinson,JD McKay,0,0,,,,,,"",""
ball,2,24.1,Wellington Firebirds,TB Robinson,TA Blundell,MB Bacon,0,0,,,,,,"",""
ball,2,24.2,Wellington Firebirds,TB Robinson,TA Blundell,MB Bacon,0,0,,,,,,"",""
ball,2,24.3,Wellington Firebirds,TB Robinson,TA Blundell,MB Bacon,0,0,,,,,,"",""
ball,2,24.4,Wellington Firebirds,TB Robinson,TA Blundell,MB Bacon,0,0,,,,,,"",""
ball,2,24.5,Wellington Firebirds,TB Robinson,TA Blundell,MB Bacon,4,0,,,,,,"",""
ball,2,24.6,Wellington Firebirds,TB Robinson,TA Blundell,MB Bacon,0,0,,,,,,"",""
ball,2,25.1,Wellington Firebirds,TA Blundell,TB Robinson,JD McKay,0,0,,,,,,"",""
ball,2,25.2,Wellington Firebirds,TA Blundell,TB Robinson,JD McKay,0,0,,,,,,"",""
ball,2,25.3,Wellington Firebirds,TA Blundell,TB Robinson,JD McKay,0,0,,,,,,"",""
ball,2,25.4,Wellington Firebirds,TA Blundell,TB Robinson,JD McKay,2,0,,,,,,"",""
ball,2,25.5,Wellington Firebirds,TA Blundell,TB Robinson,JD McKay,0,0,,,,,,"",""
ball,2,25.6,Wellington Firebirds,TA Blundell,TB Robinson,JD McKay,0,0,,,,,,"",""
ball,2,26.1,Wellington Firebirds,TB Robinson,TA Blundell,MB Bacon,0,0,,,,,,"",""
ball,2,26.2,Wellington Firebirds,TB Robinson,TA Blundell,MB Bacon,1,0,,,,,,"",""
ball,2,26.3,Wellington Firebirds,TA Blundell,TB Robinson,MB Bacon,0,0,,,,,,"",""
ball,2,26.4,Wellington Firebirds,TA Blundell,TB Robinson,MB Bacon,0,0,,,,,,"",""
ball,2,26.5,Wellington Firebirds,TA Blundell,TB Robinson,MB Bacon,0,0,,,,,,"",""
ball,2,26.6,Wellington Firebirds,TA Blundell,TB Robinson,MB Bacon,0,0,,,,,,"",""
ball,2,27.1,Wellington Firebirds,TB Robinson,TA Blundell,JD McKay,2,0,,,,,,"",""
ball,2,27.2,Wellington Firebirds,TB Robinson,TA Blundell,JD McKay,0,0,,,,,,"",""
ball,2,27.3,Wellington Firebirds,TB Robinson,TA Blundell,JD McKay,6,0,,,,,,"",""
ball,2,27.4,Wellington Firebirds,TB Robinson,TA Blundell,JD McKay,4,0,,,,,,"",""
ball,2,27.5,Wellington Firebirds,TB Robinson,TA Blundell,JD McKay,0,0,,,,,,"",""
ball,2,27.6,Wellington Firebirds,TB Robinson,TA Blundell,JD McKay,1,0,,,,,,"",""
ball,2,28.1,Wellington Firebirds,TB Robinson,TA Blundell,GD Phillips,1,0,,,,,,"",""
ball,2,28.2,Wellington Firebirds,TA Blundell,TB Robinson,GD Phillips,0,0,,,,,,"",""
ball,2,28.3,Wellington Firebirds,TA Blundell,TB Robinson,GD Phillips,1,0,,,,,,"",""
ball,2,28.4,Wellington Firebirds,TB Robinson,TA Blundell,GD Phillips,0,0,,,,,,"",""
ball,2,28.5,Wellington Firebirds,TB Robinson,TA Blundell,GD Phillips,1,0,,,,,,"",""
ball,2,28.6,Wellington Firebirds,TA Blundell,TB Robinson,GD Phillips,0,0,,,,,,caught,TA Blundell
ball,2,29.1,Wellington Firebirds,TB Robinson,JM Tashkoff,MB Bacon,1,0,,,,,,"",""
ball,2,29.2,Wellington Firebirds,JM Tashkoff,TB Robinson,MB Bacon,0,0,,,,,,"",""
ball,2,29.3,Wellington Firebirds,JM Tashkoff,TB Robinson,MB Bacon,0,0,,,,,,"",""
ball,2,29.4,Wellington Firebirds,JM Tashkoff,TB Robinson,MB Bacon,0,0,,,,,,"",""
ball,2,29.5,Wellington Firebirds,JM Tashkoff,TB Robinson,MB Bacon,0,0,,,,,,"",""
ball,2,29.6,Wellington Firebirds,JM Tashkoff,TB Robinson,MB Bacon,0,0,,,,,,"",""
ball,2,30.1,Wellington Firebirds,TB Robinson,JM Tashkoff,GD Phillips,0,0,,,,,,"",""
ball,2,30.2,Wellington Firebirds,TB Robinson,JM Tashkoff,GD Phillips,1,0,,,,,,"",""
ball,2,30.3,Wellington Firebirds,JM Tashkoff,TB Robinson,GD Phillips,0,0,,,,,,"",""
ball,2,30.4,Wellington Firebirds,JM Tashkoff,TB Robinson,GD Phillips,0,0,,,,,,"",""
ball,2,30.5,Wellington Firebirds,JM Tashkoff,TB Robinson,GD Phillips,0,0,,,,,,"",""
ball,2,30.6,Wellington Firebirds,JM Tashkoff,TB Robinson,GD Phillips,0,0,,,,,,"",""
ball,2,31.1,Wellington Firebirds,TB Robinson,JM Tashkoff,MB Bacon,0,0,,,,,,"",""
ball,2,31.2,Wellington Firebirds,TB Robinson,JM Tashkoff,MB Bacon,0,0,,,,,,"",""
ball,2,31.3,Wellington Firebirds,TB Robinson,JM Tashkoff,MB Bacon,2,0,,,,,,"",""
ball,2,31.4,Wellington Firebirds,TB Robinson,JM Tashkoff,MB Bacon,0,0,,,,,,"",""
ball,2,31.5,Wellington Firebirds,TB Robinson,JM Tashkoff,MB Bacon,2,0,,,,,,"",""
ball,2,31.6,Wellington Firebirds,TB Robinson,JM Tashkoff,MB Bacon,0,0,,,,,,"",""
ball,2,32.1,Wellington Firebirds,JM Tashkoff,TB Robinson,GD Phillips,0,0,,,,,,"",""
ball,2,32.2,Wellington Firebirds,JM Tashkoff,TB Robinson,GD Phillips,0,0,,,,,,"",""
ball,2,32.3,Wellington Firebirds,JM Tashkoff,TB Robinson,GD Phillips,0,0,,,,,,"",""
ball,2,32.4,Wellington Firebirds,JM Tashkoff,TB Robinson,GD Phillips,0,0,,,,,,"",""
ball,2,32.5,Wellington Firebirds,JM Tashkoff,TB Robinson,GD Phillips,0,2,,,2,,,"",""
ball,2,32.6,Wellington Firebirds,JM Tashkoff,TB Robinson,GD Phillips,0,0,,,,,,"",""
ball,2,33.1,Wellington Firebirds,TB Robinson,JM Tashkoff,BNJ Lockrose,1,0,,,,,,"",""
ball,2,33.2,Wellington Firebirds,JM Tashkoff,TB Robinson,BNJ Lockrose,1,0,,,,,,"",""
ball,2,33.3,Wellington Firebirds,TB Robinson,JM Tashkoff,BNJ Lockrose,0,0,,,,,,"",""
ball,2,33.4,Wellington Firebirds,TB Robinson,JM Tashkoff,BNJ Lockrose,1,0,,,,,,"",""
ball,2,33.5,Wellington Firebirds,JM Tashkoff,TB Robinson,BNJ Lockrose,0,0,,,,,,"",""
ball,2,33.6,Wellington Firebirds,JM Tashkoff,TB Robinson,BNJ Lockrose,0,0,,,,,,"",""
ball,2,34.1,Wellington Firebirds,TB Robinson,JM Tashkoff,GD Phillips,1,0,,,,,,"",""
ball,2,34.2,Wellington Firebirds,JM Tashkoff,TB Robinson,GD Phillips,1,0,,,,,,"",""
ball,2,34.3,Wellington Firebirds,TB Robinson,JM Tashkoff,GD Phillips,0,0,,,,,,"",""
ball,2,34.4,Wellington Firebirds,TB Robinson,JM Tashkoff,GD Phillips,1,0,,,,,,"",""
ball,2,34.5,Wellington Firebirds,JM Tashkoff,TB Robinson,GD Phillips,1,0,,,,,,"",""
ball,2,34.6,Wellington Firebirds,TB Robinson,JM Tashkoff,GD Phillips,0,2,,,2,,,"",""
ball,2,35.1,Wellington Firebirds,JM Tashkoff,TB Robinson,BNJ Lockrose,0,0,,,,,,"",""
ball,2,35.2,Wellington Firebirds,JM Tashkoff,TB Robinson,BNJ Lockrose,0,0,,,,,,"",""
ball,2,35.3,Wellington Firebirds,JM Tashkoff,TB Robinson,BNJ Lockrose,0,0,,,,,,"",""
ball,2,35.4,Wellington Firebirds,JM Tashkoff,TB Robinson,BNJ Lockrose,0,0,,,,,,"",""
ball,2,35.5,Wellington Firebirds,JM Tashkoff,TB Robinson,BNJ Lockrose,4,0,,,,,,"",""
ball,2,35.6,Wellington Firebirds,JM Tashkoff,TB Robinson,BNJ Lockrose,0,0,,,,,,"",""
ball,2,36.1,Wellington Firebirds,TB Robinson,JM Tashkoff,GD Phillips,0,0,,,,,,"",""
ball,2,36.2,Wellington Firebirds,TB Robinson,JM Tashkoff,GD Phillips,1,0,,,,,,"",""
ball,2,36.3,Wellington Firebirds,JM Tashkoff,TB Robinson,GD Phillips,4,0,,,,,,"",""
ball,2,36.4,Wellington Firebirds,JM Tashkoff,TB Robinson,GD Phillips,4,0,,,,,,"",""
ball,2,36.5,Wellington Firebirds,JM Tashkoff,TB Robinson,GD Phillips,0,0,,,,,,"",""
ball,2,36.6,Wellington Firebirds,JM Tashkoff,TB Robinson,GD Phillips,1,0,,,,,,"",""
ball,2,37.1,Wellington Firebirds,JM Tashkoff,TB Robinson,BNJ Lockrose,0,0,,,,,,"",""
ball,2,37.2,Wellington Firebirds,JM Tashkoff,TB Robinson,BNJ Lockrose,2,0,,,,,,"",""
ball,2,37.3,Wellington Firebirds,JM Tashkoff,TB Robinson,BNJ Lockrose,1,0,,,,,,"",""
ball,2,37.4,Wellington Firebirds,TB Robinson,JM Tashkoff,BNJ Lockrose,0,0,,,,,,"",""
ball,2,37.5,Wellington Firebirds,TB Robinson,JM Tashkoff,BNJ Lockrose,0,0,,,,,,"",""
ball,2,37.6,Wellington Firebirds,TB Robinson,JM Tashkoff,BNJ Lockrose,0,0,,,,,,"",""
ball,2,38.1,Wellington Firebirds,JM Tashkoff,TB Robinson,GD Phillips,0,0,,,,,,"",""
ball,2,38.2,Wellington Firebirds,JM Tashkoff,TB Robinson,GD Phillips,1,0,,,,,,"",""
ball,2,38.3,Wellington Firebirds,TB Robinson,JM Tashkoff,GD Phillips,1,0,,,,,,"",""
ball,2,38.4,Wellington Firebirds,JM Tashkoff,TB Robinson,GD Phillips,0,0,,,,,,"",""
ball,2,38.5,Wellington Firebirds,JM Tashkoff,TB Robinson,GD Phillips,1,0,,,,,,"",""
ball,2,38.6,Wellington Firebirds,TB Robinson,JM Tashkoff,GD Phillips,0,0,,,,,,"",""
ball,2,39.1,Wellington Firebirds,JM Tashkoff,TB Robinson,JD McKay,0,0,,,,,,"",""
ball,2,39.2,Wellington Firebirds,JM Tashkoff,TB Robinson,JD McKay,0,0,,,,,,"",""
ball,2,39.3,Wellington Firebirds,JM Tashkoff,TB Robinson,JD McKay,0,0,,,,,,"",""
ball,2,39.4,Wellington Firebirds,JM Tashkoff,TB Robinson,JD McKay,0,0,,,,,,"",""
ball,2,39.5,Wellington Firebirds,JM Tashkoff,TB Robinson,JD McKay,0,0,,,,,,"",""
ball,2,39.6,Wellington Firebirds,JM Tashkoff,TB Robinson,JD McKay,0,0,,,,,,"",""
ball,2,40.1,Wellington Firebirds,TB Robinson,JM Tashkoff,GD Phillips,1,0,,,,,,"",""
ball,2,40.2,Wellington Firebirds,JM Tashkoff,TB Robinson,GD Phillips,0,0,,,,,,"",""
ball,2,40.3,Wellington Firebirds,JM Tashkoff,TB Robinson,GD Phillips,0,0,,,,,,"",""
ball,2,40.4,Wellington Firebirds,JM Tashkoff,TB Robinson,GD Phillips,0,0,,,,,,"",""
ball,2,40.5,Wellington Firebirds,JM Tashkoff,TB Robinson,GD Phillips,1,0,,,,,,"",""
ball,2,40.6,Wellington Firebirds,TB Robinson,JM Tashkoff,GD Phillips,3,0,,,,,,"",""
ball,2,41.1,Wellington Firebirds,TB Robinson,JM Tashkoff,JD McKay,0,0,,,,,,"",""
ball,2,41.2,Wellington Firebirds,TB Robinson,JM Tashkoff,JD McKay,1,0,,,,,,"",""
ball,2,41.3,Wellington Firebirds,JM Tashkoff,TB Robinson,JD McKay,0,0,,,,,,"",""
ball,2,41.4,Wellington Firebirds,JM Tashkoff,TB Robinson,JD McKay,0,0,,,,,,"",""
ball,2,41.5,Wellington Firebirds,JM Tashkoff,TB Robinson,JD McKay,0,0,,,,,,"",""
ball,2,41.6,Wellington Firebirds,JM Tashkoff,TB Robinson,JD McKay,0,0,,,,,,"",""
ball,2,42.1,Wellington Firebirds,TB Robinson,JM Tashkoff,GD Phillips,0,0,,,,,,"",""
ball,2,42.2,Wellington Firebirds,TB Robinson,JM Tashkoff,GD Phillips,2,0,,,,,,"",""
ball,2,42.3,Wellington Firebirds,TB Robinson,JM Tashkoff,GD Phillips,1,0,,,,,,"",""
ball,2,42.4,Wellington Firebirds,JM Tashkoff,TB Robinson,GD Phillips,0,0,,,,,,"",""
ball,2,42.5,Wellington Firebirds,JM Tashkoff,TB Robinson,GD Phillips,0,0,,,,,,"",""
ball,2,42.6,Wellington Firebirds,JM Tashkoff,TB Robinson,GD Phillips,0,0,,,,,,"",""
ball,2,43.1,Wellington Firebirds,TB Robinson,JM Tashkoff,JD McKay,1,0,,,,,,"",""
ball,2,43.2,Wellington Firebirds,JM Tashkoff,TB Robinson,JD McKay,0,0,,,,,,"",""
ball,2,43.3,Wellington Firebirds,JM Tashkoff,TB Robinson,JD McKay,1,0,,,,,,"",""
ball,2,43.4,Wellington Firebirds,TB Robinson,JM Tashkoff,JD McKay,0,0,,,,,,"",""
ball,2,43.5,Wellington Firebirds,TB Robinson,JM Tashkoff,JD McKay,0,0,,,,,,"",""
ball,2,43.6,Wellington Firebirds,TB Robinson,JM Tashkoff,JD McKay,4,0,,,,,,"",""
ball,2,44.1,Wellington Firebirds,JM Tashkoff,TB Robinson,GD Phillips,0,0,,,,,,"",""
ball,2,44.2,Wellington Firebirds,JM Tashkoff,TB Robinson,GD Phillips,0,0,,,,,,"",""
ball,2,44.3,Wellington Firebirds,JM Tashkoff,TB Robinson,GD Phillips,0,0,,,,,,"",""
ball,2,44.4,Wellington Firebirds,JM Tashkoff,TB Robinson,GD Phillips,1,0,,,,,,"",""
ball,2,44.5,Wellington Firebirds,TB Robinson,JM Tashkoff,GD Phillips,0,0,,,,,,"",""
ball,2,44.6,Wellington Firebirds,TB Robinson,JM Tashkoff,GD Phillips,6,0,,,,,,"",""
ball,2,45.1,Wellington Firebirds,JM Tashkoff,TB Robinson,JD McKay,0,0,,,,,,caught,JM Tashkoff
ball,2,45.2,Wellington Firebirds,PF Younghusband,TB Robinson,JD McKay,0,0,,,,,,"",""
ball,2,45.3,Wellington Firebirds,PF Younghusband,TB Robinson,JD McKay,0,0,,,,,,"",""
ball,2,45.4,Wellington Firebirds,PF Younghusband,TB Robinson,JD McKay,0,0,,,,,,"",""
ball,2,45.5,Wellington Firebirds,PF Younghusband,TB Robinson,JD McKay,0,0,,,,,,"",""
ball,2,45.6,Wellington Firebirds,PF Younghusband,TB Robinson,JD McKay,0,0,,,,,,"",""
ball,2,46.1,Wellington Firebirds,TB Robinson,PF Younghusband,GD Phillips,1,0,,,,,,"",""
ball,2,46.2,Wellington Firebirds,PF Younghusband,TB Robinson,GD Phillips,0,0,,,,,,"",""
ball,2,46.3,Wellington Firebirds,PF Younghusband,TB Robinson,GD Phillips,1,0,,,,,,"",""
ball,2,46.4,Wellington Firebirds,TB Robinson,PF Younghusband,GD Phillips,0,2,,,2,,,"",""
ball,2,46.5,Wellington Firebirds,TB Robinson,PF Younghusband,GD Phillips,0,0,,,,,,"",""
ball,2,46.6,Wellington Firebirds,TB Robinson,PF Younghusband,GD Phillips,1,0,,,,,,"",""
ball,2,47.1,Wellington Firebirds,TB Robinson,PF Younghusband,JD McKay,0,0,,,,,,"",""
ball,2,47.2,Wellington Firebirds,TB Robinson,PF Younghusband,JD McKay,0,0,,,,,,"",""
ball,2,47.3,Wellington Firebirds,TB Robinson,PF Younghusband,JD McKay,2,0,,,,,,"",""
ball,2,47.4,Wellington Firebirds,TB Robinson,PF Younghusband,JD McKay,1,0,,,,,,"",""
ball,2,47.5,Wellington Firebirds,PF Younghusband,TB Robinson,JD McKay,0,0,,,,,,"",""
ball,2,47.6,Wellington Firebirds,PF Younghusband,TB Robinson,JD McKay,0,0,,,,,,"",""
ball,2,48.1,Wellington Firebirds,TB Robinson,PF Younghusband,GD Phillips,1,0,,,,,,"",""
ball,2,48.2,Wellington Firebirds,PF Younghusband,TB Robinson,GD Phillips,0,0,,,,,,"",""
ball,2,48.3,Wellington Firebirds,PF Younghusband,TB Robinson,GD Phillips,1,0,,,,,,"",""
ball,2,48.4,Wellington Firebirds,TB Robinson,PF Younghusband,GD Phillips,0,0,,,,,,"",""
ball,2,48.5,Wellington Firebirds,TB Robinson,PF Younghusband,GD Phillips,1,0,,,,,,"",""
ball,2,48.6,Wellington Firebirds,PF Younghusband,TB Robinson,GD Phillips,0,0,,,,,,"",""
ball,2,49.1,Wellington Firebirds,TB Robinson,PF Younghusband,DK Ferns,0,0,,,,,,"",""
ball,2,49.2,Wellington Firebirds,TB Robinson,PF Younghusband,DK Ferns,2,0,,,,,,"",""
ball,2,49.3,Wellington Firebirds,TB Robinson,PF Younghusband,DK Ferns,0,0,,,,,,"",""
ball,2,49.4,Wellington Firebirds,TB Robinson,PF Younghusband,DK Ferns,0,0,,,,,,"",""
ball,2,49.5,Wellington Firebirds,TB Robinson,PF Younghusband,DK Ferns,1,0,,,,,,"",""
ball,2,49.6,Wellington Firebirds,PF Younghusband,TB Robinson,DK Ferns,0,0,,,,,,"",""
ball,2,50.1,Wellington Firebirds,TB Robinson,PF Younghusband,GD Phillips,1,0,,,,,,"",""
ball,2,50.2,Wellington Firebirds,PF Younghusband,TB Robinson,GD Phillips,0,0,,,,,,"",""
ball,2,50.3,Wellington Firebirds,PF Younghusband,TB Robinson,GD Phillips,0,0,,,,,,"",""
ball,2,50.4,Wellington Firebirds,PF Younghusband,TB Robinson,GD Phillips,0,0,,,,,,"",""
ball,2,50.5,Wellington Firebirds,PF Younghusband,TB Robinson,GD Phillips,0,0,,,,,,"",""
ball,2,50.6,Wellington Firebirds,PF Younghusband,TB Robinson,GD Phillips,0,1,,,,1,,"",""
ball,2,51.1,Wellington Firebirds,PF Younghusband,TB Robinson,DK Ferns,0,0,,,,,,"",""
ball,2,51.2,Wellington Firebirds,PF Younghusband,TB Robinson,DK Ferns,0,0,,,,,,"",""
ball,2,51.3,Wellington Firebirds,PF Younghusband,TB Robinson,DK Ferns,4,0,,,,,,"",""
ball,2,51.4,Wellington Firebirds,PF Younghusband,TB Robinson,DK Ferns,0,0,,,,,,"",""
ball,2,51.5,Wellington Firebirds,PF Younghusband,TB Robinson,DK Ferns,0,0,,,,,,"",""
ball,2,51.6,Wellington Firebirds,PF Younghusband,TB Robinson,DK Ferns,0,0,,,,,,bowled,PF Younghusband
ball,2,52.1,Wellington Firebirds,TB Robinson,MW Snedden,GD Phillips,1,0,,,,,,"",""
ball,2,52.2,Wellington Firebirds,MW Snedden,TB Robinson,GD Phillips,0,0,,,,,,"",""
ball,2,52.3,Wellington Firebirds,MW Snedden,TB Robinson,GD Phillips,0,0,,,,,,stumped,MW Snedden
ball,2,52.4,Wellington Firebirds,JW Hartshorn,TB Robinson,GD Phillips,2,0,,,,,,"",""
ball,2,52.5,Wellington Firebirds,JW Hartshorn,TB Robinson,GD Phillips,0,0,,,,,,"",""
ball,2,52.6,Wellington Firebirds,JW Hartshorn,TB Robinson,GD Phillips,1,0,,,,,,"",""
ball,2,53.1,Wellington Firebirds,JW Hartshorn,TB Robinson,DK Ferns,0,0,,,,,,"",""
ball,2,53.2,Wellington Firebirds,JW Hartshorn,TB Robinson,DK Ferns,0,0,,,,,,bowled,JW Hartshorn
ball,2,53.3,Wellington Firebirds,LR Dudding,TB Robinson,DK Ferns,0,0,,,,,,"",""
ball,2,53.4,Wellington Firebirds,LR Dudding,TB Robinson,DK Ferns,2,0,,,,,,"",""
ball,2,53.5,Wellington Firebirds,LR Dudding,TB Robinson,DK Ferns,0,0,,,,,,"",""
ball,2,53.6,Wellington Firebirds,LR Dudding,TB Robinson,DK Ferns,0,0,,,,,,"",""
ball,2,54.1,Wellington Firebirds,TB Robinson,LR Dudding,BNJ Lockrose,0,0,,,,,,"",""
ball,2,54.2,Wellington Firebirds,TB Robinson,LR Dudding,BNJ Lockrose,0,0,,,,,,"",""
ball,2,54.3,Wellington Firebirds,TB Robinson,LR Dudding,BNJ Lockrose,0,0,,,,,,"",""
ball,2,54.4,Wellington Firebirds,TB Robinson,LR Dudding,BNJ Lockrose,6,0,,,,,,"",""
ball,2,54.5,Wellington Firebirds,TB Robinson,LR Dudding,BNJ Lockrose,1,0,,,,,,"",""
ball,2,54.6,Wellington Firebirds,LR Dudding,TB Robinson,BNJ Lockrose,0,0,,,,,,"",""
ball,2,55.1,Wellington Firebirds,TB Robinson,LR Dudding,DK Ferns,6,0,,,,,,"",""
ball,2,55.2,Wellington Firebirds,TB Robinson,LR Dudding,DK Ferns,0,0,,,,,,"",""
ball,2,55.3,Wellington Firebirds,TB Robinson,LR Dudding,DK Ferns,0,0,,,,,,"",""
ball,2,55.4,Wellington Firebirds,TB Robinson,LR Dudding,DK Ferns,0,0,,,,,,"",""
ball,2,55.5,Wellington Firebirds,TB Robinson,LR Dudding,DK Ferns,0,0,,,,,,"",""
ball,2,55.6,Wellington Firebirds,TB Robinson,LR Dudding,DK Ferns,1,0,,,,,,"",""
ball,2,56.1,Wellington Firebirds,TB Robinson,LR Dudding,BNJ Lockrose,0,0,,,,,,"",""
ball,2,56.2,Wellington Firebirds,TB Robinson,LR Dudding,BNJ Lockrose,0,0,,,,,,"",""
ball,2,56.3,Wellington Firebirds,TB Robinson,LR Dudding,BNJ Lockrose,0,0,,,,,,"",""
ball,2,56.4,Wellington Firebirds,TB Robinson,LR Dudding,BNJ Lockrose,0,0,,,,,,"",""
ball,2,56.5,Wellington Firebirds,TB Robinson,LR Dudding,BNJ Lockrose,0,0,,,,,,"",""
ball,2,56.6,Wellington Firebirds,TB Robinson,LR Dudding,BNJ Lockrose,4,0,,,,,,"",""
ball,2,57.1,Wellington Firebirds,LR Dudding,TB Robinson,DK Ferns,0,0,,,,,,bowled,LR Dudding
ball,3,0.1,Wellington Firebirds,SM Mycock,NA Greenwood,DK Ferns,0,0,,,,,,"",""
ball,3,0.2,Wellington Firebirds,SM Mycock,NA Greenwood,DK Ferns,0,0,,,,,,"",""
ball,3,0.3,Wellington Firebirds,SM Mycock,NA Greenwood,DK Ferns,0,0,,,,,,"",""
ball,3,0.4,Wellington Firebirds,SM Mycock,NA Greenwood,DK Ferns,0,0,,,,,,"",""
ball,3,0.5,Wellington Firebirds,SM Mycock,NA Greenwood,DK Ferns,0,0,,,,,,"",""
ball,3,0.6,Wellington Firebirds,SM Mycock,NA Greenwood,DK Ferns,1,0,,,,,,"",""
ball,3,1.1,Wellington Firebirds,SM Mycock,NA Greenwood,LI Georgeson,0,0,,,,,,"",""
ball,3,1.2,Wellington Firebirds,SM Mycock,NA Greenwood,LI Georgeson,0,0,,,,,,"",""
ball,3,1.3,Wellington Firebirds,SM Mycock,NA Greenwood,LI Georgeson,0,4,,,4,,,"",""
ball,3,1.4,Wellington Firebirds,SM Mycock,NA Greenwood,LI Georgeson,0,0,,,,,,"",""
ball,3,1.5,Wellington Firebirds,SM Mycock,NA Greenwood,LI Georgeson,0,0,,,,,,"",""
ball,3,1.6,Wellington Firebirds,SM Mycock,NA Greenwood,LI Georgeson,0,0,,,,,,"",""
ball,3,2.1,Wellington Firebirds,NA Greenwood,SM Mycock,DK Ferns,0,0,,,,,,"",""
ball,3,2.2,Wellington Firebirds,NA Greenwood,SM Mycock,DK Ferns,0,0,,,,,,caught,NA Greenwood
ball,3,2.3,Wellington Firebirds,GR Severin,SM Mycock,DK Ferns,0,0,,,,,,"",""
ball,3,2.4,Wellington Firebirds,GR Severin,SM Mycock,DK Ferns,0,0,,,,,,"",""
ball,3,2.5,Wellington Firebirds,GR Severin,SM Mycock,DK Ferns,0,0,,,,,,"",""
ball,3,2.6,Wellington Firebirds,GR Severin,SM Mycock,DK Ferns,0,0,,,,,,"",""
ball,3,3.1,Wellington Firebirds,SM Mycock,GR Severin,LI Georgeson,0,1,,,,1,,"",""
ball,3,3.2,Wellington Firebirds,GR Severin,SM Mycock,LI Georgeson,0,0,,,,,,"",""
ball,3,3.3,Wellington Firebirds,GR Severin,SM Mycock,LI Georgeson,0,0,,,,,,"",""
ball,3,3.4,Wellington Firebirds,GR Severin,SM Mycock,LI Georgeson,0,0,,,,,,"",""
ball,3,3.5,Wellington Firebirds,GR Severin,SM Mycock,LI Georgeson,0,0,,,,,,"",""
ball,3,3.6,Wellington Firebirds,GR Severin,SM Mycock,LI Georgeson,0,0,,,,,,"",""
ball,3,4.1,Wellington Firebirds,SM Mycock,GR Severin,DK Ferns,0,0,,,,,,"",""
ball,3,4.2,Wellington Firebirds,SM Mycock,GR Severin,DK Ferns,0,0,,,,,,"",""
ball,3,4.3,Wellington Firebirds,SM Mycock,GR Severin,DK Ferns,0,1,,,,1,,"",""
ball,3,4.4,Wellington Firebirds,GR Severin,SM Mycock,DK Ferns,0,0,,,,,,"",""
ball,3,4.5,Wellington Firebirds,GR Severin,SM Mycock,DK Ferns,0,0,,,,,,"",""
ball,3,4.6,Wellington Firebirds,GR Severin,SM Mycock,DK Ferns,0,0,,,,,,"",""
ball,3,5.1,Wellington Firebirds,SM Mycock,GR Severin,LI Georgeson,0,0,,,,,,"",""
ball,3,5.2,Wellington Firebirds,SM Mycock,GR Severin,LI Georgeson,1,0,,,,,,"",""
ball,3,5.3,Wellington Firebirds,GR Severin,SM Mycock,LI Georgeson,0,0,,,,,,"",""
ball,3,5.4,Wellington Firebirds,GR Severin,SM Mycock,LI Georgeson,0,0,,,,,,"",""
ball,3,5.5,Wellington Firebirds,GR Severin,SM Mycock,LI Georgeson,0,0,,,,,,"",""
ball,3,5.6,Wellington Firebirds,GR Severin,SM Mycock,LI Georgeson,0,0,,,,,,"",""
ball,3,6.1,Wellington Firebirds,SM Mycock,GR Severin,JD McKay,0,0,,,,,,"",""
ball,3,6.2,Wellington Firebirds,SM Mycock,GR Severin,JD McKay,0,0,,,,,,"",""
ball,3,6.3,Wellington Firebirds,SM Mycock,GR Severin,JD McKay,0,0,,,,,,"",""
ball,3,6.4,Wellington Firebirds,SM Mycock,GR Severin,JD McKay,0,0,,,,,,"",""
ball,3,6.5,Wellington Firebirds,SM Mycock,GR Severin,JD McKay,1,0,,,,,,"",""
ball,3,6.6,Wellington Firebirds,GR Severin,SM Mycock,JD McKay,0,0,,,,,,"",""
ball,3,7.1,Wellington Firebirds,SM Mycock,GR Severin,GD Phillips,0,0,,,,,,caught,SM Mycock
ball,3,7.2,Wellington Firebirds,MW Snedden,GR Severin,GD Phillips,0,0,,,,,,"",""
ball,3,7.3,Wellington Firebirds,MW Snedden,GR Severin,GD Phillips,0,0,,,,,,"",""
ball,3,7.4,Wellington Firebirds,MW Snedden,GR Severin,GD Phillips,0,0,,,,,,"",""
ball,3,7.5,Wellington Firebirds,MW Snedden,GR Severin,GD Phillips,0,0,,,,,,"",""
ball,3,7.6,Wellington Firebirds,MW Snedden,GR Severin,GD Phillips,0,0,,,,,,"",""
ball,3,8.1,Wellington Firebirds,GR Severin,MW Snedden,JD McKay,0,0,,,,,,"",""
ball,3,8.2,Wellington Firebirds,GR Severin,MW Snedden,JD McKay,2,0,,,,,,"",""
ball,3,8.3,Wellington Firebirds,GR Severin,MW Snedden,JD McKay,0,0,,,,,,"",""
ball,3,8.4,Wellington Firebirds,GR Severin,MW Snedden,JD McKay,4,0,,,,,,"",""
ball,3,8.5,Wellington Firebirds,GR Severin,MW Snedden,JD McKay,0,0,,,,,,"",""
ball,3,8.6,Wellington Firebirds,GR Severin,MW Snedden,JD McKay,0,0,,,,,,"",""
ball,3,9.1,Wellington Firebirds,MW Snedden,GR Severin,GD Phillips,0,0,,,,,,"",""
ball,3,9.2,Wellington Firebirds,MW Snedden,GR Severin,GD Phillips,0,0,,,,,,"",""
ball,3,9.3,Wellington Firebirds,MW Snedden,GR Severin,GD Phillips,0,0,,,,,,"",""
ball,3,9.4,Wellington Firebirds,MW Snedden,GR Severin,GD Phillips,0,0,,,,,,"",""
ball,3,9.5,Wellington Firebirds,MW Snedden,GR Severin,GD Phillips,0,0,,,,,,"",""
ball,3,9.6,Wellington Firebirds,MW Snedden,GR Severin,GD Phillips,0,0,,,,,,"",""
ball,3,10.1,Wellington Firebirds,GR Severin,MW Snedden,JD McKay,0,0,,,,,,"",""
ball,3,10.2,Wellington Firebirds,GR Severin,MW Snedden,JD McKay,0,0,,,,,,"",""
ball,3,10.3,Wellington Firebirds,GR Severin,MW Snedden,JD McKay,1,0,,,,,,"",""
ball,3,10.4,Wellington Firebirds,MW Snedden,GR Severin,JD McKay,0,0,,,,,,"",""
ball,3,10.5,Wellington Firebirds,MW Snedden,GR Severin,JD McKay,0,0,,,,,,"",""
ball,3,10.6,Wellington Firebirds,MW Snedden,GR Severin,JD McKay,0,0,,,,,,"",""
ball,3,11.1,Wellington Firebirds,GR Severin,MW Snedden,LI Georgeson,0,0,,,,,,"",""
ball,3,11.2,Wellington Firebirds,GR Severin,MW Snedden,LI Georgeson,0,0,,,,,,"",""
ball,3,11.3,Wellington Firebirds,GR Severin,MW Snedden,LI Georgeson,0,0,,,,,,"",""
ball,3,11.4,Wellington Firebirds,GR Severin,MW Snedden,LI Georgeson,0,0,,,,,,"",""
ball,3,11.5,Wellington Firebirds,GR Severin,MW Snedden,LI Georgeson,0,0,,,,,,"",""
ball,3,11.6,Wellington Firebirds,GR Severin,MW Snedden,LI Georgeson,0,0,,,,,,"",""
ball,3,12.1,Wellington Firebirds,MW Snedden,GR Severin,JD McKay,0,0,,,,,,"",""
ball,3,12.2,Wellington Firebirds,MW Snedden,GR Severin,JD McKay,4,0,,,,,,"",""
ball,3,12.3,Wellington Firebirds,MW Snedden,GR Severin,JD McKay,0,0,,,,,,"",""
ball,3,12.4,Wellington Firebirds,MW Snedden,GR Severin,JD McKay,0,0,,,,,,"",""
ball,3,12.5,Wellington Firebirds,MW Snedden,GR Severin,JD McKay,2,0,,,,,,"",""
ball,3,12.6,Wellington Firebirds,MW Snedden,GR Severin,JD McKay,0,0,,,,,,"",""
ball,3,13.1,Wellington Firebirds,GR Severin,MW Snedden,LI Georgeson,0,0,,,,,,"",""
ball,3,13.2,Wellington Firebirds,GR Severin,MW Snedden,LI Georgeson,0,0,,,,,,"",""
ball,3,13.3,Wellington Firebirds,GR Severin,MW Snedden,LI Georgeson,0,0,,,,,,"",""
ball,3,13.4,Wellington Firebirds,GR Severin,MW Snedden,LI Georgeson,0,0,,,,,,"",""
ball,3,13.5,Wellington Firebirds,GR Severin,MW Snedden,LI Georgeson,0,0,,,,,,"",""
ball,3,13.6,Wellington Firebirds,GR Severin,MW Snedden,LI Georgeson,0,0,,,,,,"",""
ball,3,14.1,Wellington Firebirds,MW Snedden,GR Severin,JD McKay,0,0,,,,,,"",""
ball,3,14.2,Wellington Firebirds,MW Snedden,GR Severin,JD McKay,0,0,,,,,,"",""
ball,3,14.3,Wellington Firebirds,MW Snedden,GR Severin,JD McKay,0,0,,,,,,"",""
ball,3,14.4,Wellington Firebirds,MW Snedden,GR Severin,JD McKay,2,0,,,,,,"",""
ball,3,14.5,Wellington Firebirds,MW Snedden,GR Severin,JD McKay,1,0,,,,,,"",""
ball,3,14.6,Wellington Firebirds,GR Severin,MW Snedden,JD McKay,1,0,,,,,,"",""
ball,3,15.1,Wellington Firebirds,GR Severin,MW Snedden,LI Georgeson,2,0,,,,,,"",""
ball,3,15.2,Wellington Firebirds,GR Severin,MW Snedden,LI Georgeson,0,0,,,,,,"",""
ball,3,15.3,Wellington Firebirds,GR Severin,MW Snedden,LI Georgeson,1,0,,,,,,"",""
ball,3,15.4,Wellington Firebirds,MW Snedden,GR Severin,LI Georgeson,4,0,,,,,,"",""
ball,3,15.5,Wellington Firebirds,MW Snedden,GR Severin,LI Georgeson,0,0,,,,,,"",""
ball,3,15.6,Wellington Firebirds,MW Snedden,GR Severin,LI Georgeson,0,0,,,,,,caught,MW Snedden
ball,3,16.1,Wellington Firebirds,GR Severin,NF Kelly,JD McKay,0,0,,,,,,"",""
ball,3,16.2,Wellington Firebirds,GR Severin,NF Kelly,JD McKay,0,0,,,,,,"",""
ball,3,16.3,Wellington Firebirds,GR Severin,NF Kelly,JD McKay,4,0,,,,,,"",""
ball,3,16.4,Wellington Firebirds,GR Severin,NF Kelly,JD McKay,2,0,,,,,,"",""
ball,3,16.5,Wellington Firebirds,GR Severin,NF Kelly,JD McKay,0,0,,,,,,"",""
ball,3,16.6,Wellington Firebirds,GR Severin,NF Kelly,JD McKay,2,0,,,,,,"",""
ball,3,17.1,Wellington Firebirds,NF Kelly,GR Severin,LI Georgeson,0,0,,,,,,"",""
ball,3,17.2,Wellington Firebirds,NF Kelly,GR Severin,LI Georgeson,0,0,,,,,,"",""
ball,3,17.3,Wellington Firebirds,NF Kelly,GR Severin,LI Georgeson,0,0,,,,,,"",""
ball,3,17.4,Wellington Firebirds,NF Kelly,GR Severin,LI Georgeson,0,0,,,,,,"",""
ball,3,17.5,Wellington Firebirds,NF Kelly,GR Severin,LI Georgeson,0,0,,,,,,"",""
ball,3,17.6,Wellington Firebirds,NF Kelly,GR Severin,LI Georgeson,0,0,,,,,,"",""
ball,3,18.1,Wellington Firebirds,GR Severin,NF Kelly,JD McKay,0,1,,,,1,,"",""
ball,3,18.2,Wellington Firebirds,NF Kelly,GR Severin,JD McKay,0,0,,,,,,"",""
ball,3,18.3,Wellington Firebirds,NF Kelly,GR Severin,JD McKay,4,0,,,,,,"",""
ball,3,18.4,Wellington Firebirds,NF Kelly,GR Severin,JD McKay,4,0,,,,,,"",""
ball,3,18.5,Wellington Firebirds,NF Kelly,GR Severin,JD McKay,4,0,,,,,,"",""
ball,3,18.6,Wellington Firebirds,NF Kelly,GR Severin,JD McKay,0,0,,,,,,"",""
ball,3,19.1,Wellington Firebirds,GR Severin,NF Kelly,LI Georgeson,1,0,,,,,,"",""
ball,3,19.2,Wellington Firebirds,NF Kelly,GR Severin,LI Georgeson,1,0,,,,,,"",""
ball,3,19.3,Wellington Firebirds,GR Severin,NF Kelly,LI Georgeson,0,0,,,,,,"",""
ball,3,19.4,Wellington Firebirds,GR Severin,NF Kelly,LI Georgeson,0,0,,,,,,"",""
ball,3,19.5,Wellington Firebirds,GR Severin,NF Kelly,LI Georgeson,0,0,,,,,,"",""
ball,3,19.6,Wellington Firebirds,GR Severin,NF Kelly,LI Georgeson,0,0,,,,,,"",""
ball,3,20.1,Wellington Firebirds,NF Kelly,GR Severin,JD McKay,1,0,,,,,,"",""
ball,3,20.2,Wellington Firebirds,GR Severin,NF Kelly,JD McKay,0,0,,,,,,"",""
ball,3,20.3,Wellington Firebirds,GR Severin,NF Kelly,JD McKay,0,0,,,,,,"",""
ball,3,20.4,Wellington Firebirds,GR Severin,NF Kelly,JD McKay,6,0,,,,,,"",""
ball,3,20.5,Wellington Firebirds,GR Severin,NF Kelly,JD McKay,1,0,,,,,,"",""
ball,3,20.6,Wellington Firebirds,NF Kelly,GR Severin,JD McKay,0,0,,,,,,"",""
ball,3,21.1,Wellington Firebirds,GR Severin,NF Kelly,MB Bacon,0,0,,,,,,"",""
ball,3,21.2,Wellington Firebirds,GR Severin,NF Kelly,MB Bacon,1,0,,,,,,"",""
ball,3,21.3,Wellington Firebirds,NF Kelly,GR Severin,MB Bacon,4,0,,,,,,"",""
ball,3,21.4,Wellington Firebirds,NF Kelly,GR Severin,MB Bacon,0,1,,,,1,,"",""
ball,3,21.5,Wellington Firebirds,GR Severin,NF Kelly,MB Bacon,1,0,,,,,,"",""
ball,3,21.6,Wellington Firebirds,NF Kelly,GR Severin,MB Bacon,0,0,,,,,,"",""
ball,3,22.1,Wellington Firebirds,GR Severin,NF Kelly,DK Ferns,0,0,,,,,,"",""
ball,3,22.2,Wellington Firebirds,GR Severin,NF Kelly,DK Ferns,0,0,,,,,,"",""
ball,3,22.3,Wellington Firebirds,GR Severin,NF Kelly,DK Ferns,0,0,,,,,,"",""
ball,3,22.4,Wellington Firebirds,GR Severin,NF Kelly,DK Ferns,2,0,,,,,,"",""
ball,3,22.5,Wellington Firebirds,GR Severin,NF Kelly,DK Ferns,2,0,,,,,,"",""
ball,3,22.6,Wellington Firebirds,GR Severin,NF Kelly,DK Ferns,0,0,,,,,,"",""
ball,3,23.1,Wellington Firebirds,NF Kelly,GR Severin,MB Bacon,0,0,,,,,,"",""
ball,3,23.2,Wellington Firebirds,NF Kelly,GR Severin,MB Bacon,0,0,,,,,,"",""
ball,3,23.3,Wellington Firebirds,NF Kelly,GR Severin,MB Bacon,0,0,,,,,,"",""
ball,3,23.4,Wellington Firebirds,NF Kelly,GR Severin,MB Bacon,4,0,,,,,,"",""
ball,3,23.5,Wellington Firebirds,NF Kelly,GR Severin,MB Bacon,0,0,,,,,,"",""
ball,3,23.6,Wellington Firebirds,NF Kelly,GR Severin,MB Bacon,0,0,,,,,,"",""
ball,3,24.1,Wellington Firebirds,GR Severin,NF Kelly,DK Ferns,0,0,,,,,,"",""
ball,3,24.2,Wellington Firebirds,GR Severin,NF Kelly,DK Ferns,4,0,,,,,,"",""
ball,3,24.3,Wellington Firebirds,GR Severin,NF Kelly,DK Ferns,0,0,,,,,,"",""
ball,3,24.4,Wellington Firebirds,GR Severin,NF Kelly,DK Ferns,0,0,,,,,,"",""
ball,3,24.5,Wellington Firebirds,GR Severin,NF Kelly,DK Ferns,0,0,,,,,,"",""
ball,3,24.6,Wellington Firebirds,GR Severin,NF Kelly,DK Ferns,1,0,,,,,,"",""
ball,3,25.1,Wellington Firebirds,GR Severin,NF Kelly,MB Bacon,0,0,,,,,,"",""
ball,3,25.2,Wellington Firebirds,GR Severin,NF Kelly,MB Bacon,2,0,,,,,,"",""
ball,3,25.3,Wellington Firebirds,GR Severin,NF Kelly,MB Bacon,0,0,,,,,,"",""
ball,3,25.4,Wellington Firebirds,GR Severin,NF Kelly,MB Bacon,0,0,,,,,,"",""
ball,3,25.5,Wellington Firebirds,GR Severin,NF Kelly,MB Bacon,1,0,,,,,,"",""
ball,3,25.6,Wellington Firebirds,NF Kelly,GR Severin,MB Bacon,0,0,,,,,,"",""
ball,3,26.1,Wellington Firebirds,GR Severin,NF Kelly,DK Ferns,0,0,,,,,,"",""
ball,3,26.2,Wellington Firebirds,GR Severin,NF Kelly,DK Ferns,0,0,,,,,,"",""
ball,3,26.3,Wellington Firebirds,GR Severin,NF Kelly,DK Ferns,0,0,,,,,,"",""
ball,3,26.4,Wellington Firebirds,GR Severin,NF Kelly,DK Ferns,0,0,,,,,,"",""
ball,3,26.5,Wellington Firebirds,GR Severin,NF Kelly,DK Ferns,1,0,,,,,,"",""
ball,3,26.6,Wellington Firebirds,NF Kelly,GR Severin,DK Ferns,1,0,,,,,,"",""
ball,3,27.1,Wellington Firebirds,NF Kelly,GR Severin,MB Bacon,0,0,,,,,,"",""
ball,3,27.2,Wellington Firebirds,NF Kelly,GR Severin,MB Bacon,1,0,,,,,,"",""
ball,3,27.3,Wellington Firebirds,GR Severin,NF Kelly,MB Bacon,0,0,,,,,,"",""
ball,3,27.4,Wellington Firebirds,GR Severin,NF Kelly,MB Bacon,0,0,,,,,,"",""
ball,3,27.5,Wellington Firebirds,GR Severin,NF Kelly,MB Bacon,4,0,,,,,,"",""
ball,3,27.6,Wellington Firebirds,GR Severin,NF Kelly,MB Bacon,0,0,,,,,,"",""
ball,3,28.1,Wellington Firebirds,NF Kelly,GR Severin,DK Ferns,1,0,,,,,,"",""
ball,3,28.2,Wellington Firebirds,GR Severin,NF Kelly,DK Ferns,4,0,,,,,,"",""
ball,3,28.3,Wellington Firebirds,GR Severin,NF Kelly,DK Ferns,4,0,,,,,,"",""
ball,3,28.4,Wellington Firebirds,GR Severin,NF Kelly,DK Ferns,0,0,,,,,,"",""
ball,3,28.5,Wellington Firebirds,GR Severin,NF Kelly,DK Ferns,1,0,,,,,,"",""
ball,3,28.6,Wellington Firebirds,NF Kelly,GR Severin,DK Ferns,0,0,,,,,,"",""
ball,3,29.1,Wellington Firebirds,GR Severin,NF Kelly,GD Phillips,0,0,,,,,,"",""
ball,3,29.2,Wellington Firebirds,GR Severin,NF Kelly,GD Phillips,0,0,,,,,,"",""
ball,3,29.3,Wellington Firebirds,GR Severin,NF Kelly,GD Phillips,0,0,,,,,,"",""
ball,3,29.4,Wellington Firebirds,GR Severin,NF Kelly,GD Phillips,0,1,,,,1,,"",""
ball,3,29.5,Wellington Firebirds,NF Kelly,GR Severin,GD Phillips,0,0,,,,,,"",""
ball,3,29.6,Wellington Firebirds,NF Kelly,GR Severin,GD Phillips,0,0,,,,,,"",""
ball,3,30.1,Wellington Firebirds,GR Severin,NF Kelly,DK Ferns,0,0,,,,,,"",""
ball,3,30.2,Wellington Firebirds,GR Severin,NF Kelly,DK Ferns,0,0,,,,,,"",""
ball,3,30.3,Wellington Firebirds,GR Severin,NF Kelly,DK Ferns,0,0,,,,,,"",""
ball,3,30.4,Wellington Firebirds,GR Severin,NF Kelly,DK Ferns,0,0,,,,,,"",""
ball,3,30.5,Wellington Firebirds,GR Severin,NF Kelly,DK Ferns,0,0,,,,,,"",""
ball,3,30.6,Wellington Firebirds,GR Severin,NF Kelly,DK Ferns,0,0,,,,,,"",""
ball,3,31.1,Wellington Firebirds,NF Kelly,GR Severin,GD Phillips,0,0,,,,,,"",""
ball,3,31.2,Wellington Firebirds,NF Kelly,GR Severin,GD Phillips,0,0,,,,,,"",""
ball,3,31.3,Wellington Firebirds,NF Kelly,GR Severin,GD Phillips,0,0,,,,,,"",""
ball,3,31.4,Wellington Firebirds,NF Kelly,GR Severin,GD Phillips,0,0,,,,,,"",""
ball,3,31.5,Wellington Firebirds,NF Kelly,GR Severin,GD Phillips,1,0,,,,,,"",""
ball,3,31.6,Wellington Firebirds,GR Severin,NF Kelly,GD Phillips,1,0,,,,,,"",""
ball,3,32.1,Wellington Firebirds,GR Severin,NF Kelly,DK Ferns,0,0,,,,,,"",""
ball,3,32.2,Wellington Firebirds,GR Severin,NF Kelly,DK Ferns,1,0,,,,,,"",""
ball,3,32.3,Wellington Firebirds,NF Kelly,GR Severin,DK Ferns,0,0,,,,,,"",""
ball,3,32.4,Wellington Firebirds,NF Kelly,GR Severin,DK Ferns,0,0,,,,,,"",""
ball,3,32.5,Wellington Firebirds,NF Kelly,GR Severin,DK Ferns,0,0,,,,,,"",""
ball,3,32.6,Wellington Firebirds,NF Kelly,GR Severin,DK Ferns,1,0,,,,,,"",""
ball,3,33.1,Wellington Firebirds,NF Kelly,GR Severin,GD Phillips,0,0,,,,,,"",""
ball,3,33.2,Wellington Firebirds,NF Kelly,GR Severin,GD Phillips,0,0,,,,,,"",""
ball,3,33.3,Wellington Firebirds,NF Kelly,GR Severin,GD Phillips,0,0,,,,,,"",""
ball,3,33.4,Wellington Firebirds,NF Kelly,GR Severin,GD Phillips,4,0,,,,,,"",""
ball,3,33.5,Wellington Firebirds,NF Kelly,GR Severin,GD Phillips,0,0,,,,,,"",""
ball,3,33.6,Wellington Firebirds,NF Kelly,GR Severin,GD Phillips,2,0,,,,,,"",""
ball,3,34.1,Wellington Firebirds,GR Severin,NF Kelly,MB Bacon,0,0,,,,,,"",""
ball,3,34.2,Wellington Firebirds,GR Severin,NF Kelly,MB Bacon,2,0,,,,,,"",""
ball,3,34.3,Wellington Firebirds,GR Severin,NF Kelly,MB Bacon,0,0,,,,,,"",""
ball,3,34.4,Wellington Firebirds,GR Severin,NF Kelly,MB Bacon,0,0,,,,,,"",""
ball,3,34.5,Wellington Firebirds,GR Severin,NF Kelly,MB Bacon,0,0,,,,,,"",""
ball,3,34.6,Wellington Firebirds,GR Severin,NF Kelly,MB Bacon,0,0,,,,,,"",""
ball,3,35.1,Wellington Firebirds,NF Kelly,GR Severin,GD Phillips,0,0,,,,,,"",""
ball,3,35.2,Wellington Firebirds,NF Kelly,GR Severin,GD Phillips,0,0,,,,,,"",""
ball,3,35.3,Wellington Firebirds,NF Kelly,GR Severin,GD Phillips,0,0,,,,,,"",""
ball,3,35.4,Wellington Firebirds,NF Kelly,GR Severin,GD Phillips,1,0,,,,,,"",""
ball,3,35.5,Wellington Firebirds,GR Severin,NF Kelly,GD Phillips,1,0,,,,,,"",""
ball,3,35.6,Wellington Firebirds,NF Kelly,GR Severin,GD Phillips,0,0,,,,,,"",""
ball,3,36.1,Wellington Firebirds,GR Severin,NF Kelly,MB Bacon,0,0,,,,,,"",""
ball,3,36.2,Wellington Firebirds,GR Severin,NF Kelly,MB Bacon,1,0,,,,,,"",""
ball,3,36.3,Wellington Firebirds,NF Kelly,GR Severin,MB Bacon,1,0,,,,,,"",""
ball,3,36.4,Wellington Firebirds,GR Severin,NF Kelly,MB Bacon,0,0,,,,,,"",""
ball,3,36.5,Wellington Firebirds,GR Severin,NF Kelly,MB Bacon,0,0,,,,,,"",""
ball,3,36.6,Wellington Firebirds,GR Severin,NF Kelly,MB Bacon,0,0,,,,,,"",""
ball,3,37.1,Wellington Firebirds,NF Kelly,GR Severin,GD Phillips,0,0,,,,,,"",""
ball,3,37.2,Wellington Firebirds,NF Kelly,GR Severin,GD Phillips,0,0,,,,,,"",""
ball,3,37.3,Wellington Firebirds,NF Kelly,GR Severin,GD Phillips,0,0,,,,,,"",""
ball,3,37.4,Wellington Firebirds,NF Kelly,GR Severin,GD Phillips,0,0,,,,,,"",""
ball,3,37.5,Wellington Firebirds,NF Kelly,GR Severin,GD Phillips,1,0,,,,,,"",""
ball,3,37.6,Wellington Firebirds,GR Severin,NF Kelly,GD Phillips,0,0,,,,,,"",""
ball,3,38.1,Wellington Firebirds,NF Kelly,GR Severin,MB Bacon,1,0,,,,,,"",""
ball,3,38.2,Wellington Firebirds,GR Severin,NF Kelly,MB Bacon,0,0,,,,,,"",""
ball,3,38.3,Wellington Firebirds,GR Severin,NF Kelly,MB Bacon,4,0,,,,,,"",""
ball,3,38.4,Wellington Firebirds,GR Severin,NF Kelly,MB Bacon,0,0,,,,,,"",""
ball,3,38.5,Wellington Firebirds,GR Severin,NF Kelly,MB Bacon,0,0,,,,,,"",""
ball,3,38.6,Wellington Firebirds,GR Severin,NF Kelly,MB Bacon,0,0,,,,,,caught,GR Severin
ball,3,39.1,Wellington Firebirds,NF Kelly,TB Robinson,GD Phillips,1,0,,,,,,"",""
ball,3,39.2,Wellington Firebirds,TB Robinson,NF Kelly,GD Phillips,1,0,,,,,,"",""
ball,3,39.3,Wellington Firebirds,NF Kelly,TB Robinson,GD Phillips,0,0,,,,,,"",""
ball,3,39.4,Wellington Firebirds,NF Kelly,TB Robinson,GD Phillips,0,0,,,,,,"",""
ball,3,39.5,Wellington Firebirds,NF Kelly,TB Robinson,GD Phillips,0,0,,,,,,"",""
ball,3,39.6,Wellington Firebirds,NF Kelly,TB Robinson,GD Phillips,0,0,,,,,,"",""
ball,3,40.1,Wellington Firebirds,TB Robinson,NF Kelly,MB Bacon,0,0,,,,,,caught,TB Robinson
ball,3,40.2,Wellington Firebirds,TA Blundell,NF Kelly,MB Bacon,1,0,,,,,,"",""
ball,3,40.3,Wellington Firebirds,NF Kelly,TA Blundell,MB Bacon,0,0,,,,,,"",""
ball,3,40.4,Wellington Firebirds,NF Kelly,TA Blundell,MB Bacon,0,0,,,,,,"",""
ball,3,40.5,Wellington Firebirds,NF Kelly,TA Blundell,MB Bacon,4,0,,,,,,"",""
ball,3,40.6,Wellington Firebirds,NF Kelly,TA Blundell,MB Bacon,1,0,,,,,,"",""
ball,3,41.1,Wellington Firebirds,NF Kelly,TA Blundell,GD Phillips,0,0,,,,,,"",""
ball,3,41.2,Wellington Firebirds,NF Kelly,TA Blundell,GD Phillips,1,0,,,,,,"",""
ball,3,41.3,Wellington Firebirds,TA Blundell,NF Kelly,GD Phillips,0,0,,,,,,"",""
ball,3,41.4,Wellington Firebirds,TA Blundell,NF Kelly,GD Phillips,0,0,,,,,,"",""
ball,3,41.5,Wellington Firebirds,TA Blundell,NF Kelly,GD Phillips,0,0,,,,,,"",""
ball,3,41.6,Wellington Firebirds,TA Blundell,NF Kelly,GD Phillips,0,0,,,,,,"",""
ball,3,42.1,Wellington Firebirds,NF Kelly,TA Blundell,LI Georgeson,0,0,,,,,,"",""
ball,3,42.2,Wellington Firebirds,NF Kelly,TA Blundell,LI Georgeson,0,0,,,,,,"",""
ball,3,42.3,Wellington Firebirds,NF Kelly,TA Blundell,LI Georgeson,0,0,,,,,,"",""
ball,3,42.4,Wellington Firebirds,NF Kelly,TA Blundell,LI Georgeson,0,0,,,,,,"",""
ball,3,42.5,Wellington Firebirds,NF Kelly,TA Blundell,LI Georgeson,4,0,,,,,,"",""
ball,3,42.6,Wellington Firebirds,NF Kelly,TA Blundell,LI Georgeson,2,0,,,,,,"",""
ball,3,43.1,Wellington Firebirds,TA Blundell,NF Kelly,BNJ Lockrose,0,0,,,,,,"",""
ball,3,43.2,Wellington Firebirds,TA Blundell,NF Kelly,BNJ Lockrose,0,0,,,,,,"",""
ball,3,43.3,Wellington Firebirds,TA Blundell,NF Kelly,BNJ Lockrose,1,0,,,,,,"",""
ball,3,43.4,Wellington Firebirds,NF Kelly,TA Blundell,BNJ Lockrose,0,0,,,,,,"",""
ball,3,43.5,Wellington Firebirds,NF Kelly,TA Blundell,BNJ Lockrose,0,0,,,,,,"",""
ball,3,43.6,Wellington Firebirds,NF Kelly,TA Blundell,BNJ Lockrose,0,0,,,,,,"",""
ball,3,44.1,Wellington Firebirds,TA Blundell,NF Kelly,LI Georgeson,0,0,,,,,,"",""
ball,3,44.2,Wellington Firebirds,TA Blundell,NF Kelly,LI Georgeson,1,0,,,,,,"",""
ball,3,44.3,Wellington Firebirds,NF Kelly,TA Blundell,LI Georgeson,0,0,,,,,,"",""
ball,3,44.4,Wellington Firebirds,NF Kelly,TA Blundell,LI Georgeson,1,0,,,,,,"",""
ball,3,44.5,Wellington Firebirds,TA Blundell,NF Kelly,LI Georgeson,0,0,,,,,,caught,TA Blundell
ball,3,44.6,Wellington Firebirds,JM Tashkoff,NF Kelly,LI Georgeson,0,0,,,,,,"",""
ball,3,45.1,Wellington Firebirds,NF Kelly,JM Tashkoff,BNJ Lockrose,4,0,,,,,,"",""
ball,3,45.2,Wellington Firebirds,NF Kelly,JM Tashkoff,BNJ Lockrose,0,0,,,,,,"",""
ball,3,45.3,Wellington Firebirds,NF Kelly,JM Tashkoff,BNJ Lockrose,0,0,,,,,,"",""
ball,3,45.4,Wellington Firebirds,NF Kelly,JM Tashkoff,BNJ Lockrose,0,0,,,,,,"",""
ball,3,45.5,Wellington Firebirds,NF Kelly,JM Tashkoff,BNJ Lockrose,0,0,,,,,,"",""
ball,3,45.6,Wellington Firebirds,NF Kelly,JM Tashkoff,BNJ Lockrose,4,0,,,,,,"",""
ball,3,46.1,Wellington Firebirds,JM Tashkoff,NF Kelly,LI Georgeson,4,0,,,,,,"",""
ball,3,46.2,Wellington Firebirds,JM Tashkoff,NF Kelly,LI Georgeson,0,0,,,,,,"",""
ball,3,46.3,Wellington Firebirds,JM Tashkoff,NF Kelly,LI Georgeson,0,0,,,,,,"",""
ball,3,46.4,Wellington Firebirds,JM Tashkoff,NF Kelly,LI Georgeson,0,0,,,,,,"",""
ball,3,46.5,Wellington Firebirds,JM Tashkoff,NF Kelly,LI Georgeson,4,0,,,,,,"",""
ball,3,46.6,Wellington Firebirds,JM Tashkoff,NF Kelly,LI Georgeson,0,0,,,,,,"",""
ball,3,47.1,Wellington Firebirds,NF Kelly,JM Tashkoff,BNJ Lockrose,0,0,,,,,,"",""
ball,3,47.2,Wellington Firebirds,NF Kelly,JM Tashkoff,BNJ Lockrose,1,0,,,,,,"",""
ball,3,47.3,Wellington Firebirds,JM Tashkoff,NF Kelly,BNJ Lockrose,0,0,,,,,,"",""
ball,3,47.4,Wellington Firebirds,JM Tashkoff,NF Kelly,BNJ Lockrose,0,0,,,,,,"",""
ball,3,47.5,Wellington Firebirds,JM Tashkoff,NF Kelly,BNJ Lockrose,1,0,,,,,,"",""
ball,3,47.6,Wellington Firebirds,NF Kelly,JM Tashkoff,BNJ Lockrose,0,0,,,,,,"",""
ball,3,48.1,Wellington Firebirds,JM Tashkoff,NF Kelly,LI Georgeson,2,0,,,,,,"",""
ball,3,48.2,Wellington Firebirds,JM Tashkoff,NF Kelly,LI Georgeson,0,0,,,,,,"",""
ball,3,48.3,Wellington Firebirds,JM Tashkoff,NF Kelly,LI Georgeson,0,0,,,,,,"",""
ball,3,48.4,Wellington Firebirds,JM Tashkoff,NF Kelly,LI Georgeson,4,0,,,,,,"",""
ball,3,48.5,Wellington Firebirds,JM Tashkoff,NF Kelly,LI Georgeson,0,0,,,,,,"",""
ball,3,48.6,Wellington Firebirds,JM Tashkoff,NF Kelly,LI Georgeson,2,0,,,,,,"",""
ball,3,49.1,Wellington Firebirds,NF Kelly,JM Tashkoff,BNJ Lockrose,0,0,,,,,,"",""
ball,3,49.2,Wellington Firebirds,NF Kelly,JM Tashkoff,BNJ Lockrose,0,0,,,,,,"",""
ball,3,49.3,Wellington Firebirds,NF Kelly,JM Tashkoff,BNJ Lockrose,0,0,,,,,,"",""
ball,3,49.4,Wellington Firebirds,NF Kelly,JM Tashkoff,BNJ Lockrose,0,0,,,,,,"",""
ball,3,49.5,Wellington Firebirds,NF Kelly,JM Tashkoff,BNJ Lockrose,0,0,,,,,,"",""
ball,3,49.6,Wellington Firebirds,NF Kelly,JM Tashkoff,BNJ Lockrose,1,0,,,,,,"",""
ball,3,50.1,Wellington Firebirds,NF Kelly,JM Tashkoff,LI Georgeson,4,0,,,,,,"",""
ball,3,50.2,Wellington Firebirds,NF Kelly,JM Tashkoff,LI Georgeson,2,0,,,,,,"",""
ball,3,50.3,Wellington Firebirds,NF Kelly,JM Tashkoff,LI Georgeson,0,0,,,,,,"",""
ball,3,50.4,Wellington Firebirds,NF Kelly,JM Tashkoff,LI Georgeson,4,0,,,,,,"",""
ball,3,50.5,Wellington Firebirds,NF Kelly,JM Tashkoff,LI Georgeson,2,0,,,,,,"",""
ball,3,50.6,Wellington Firebirds,NF Kelly,JM Tashkoff,LI Georgeson,1,0,,,,,,"",""
ball,3,51.1,Wellington Firebirds,NF Kelly,JM Tashkoff,BNJ Lockrose,0,0,,,,,,"",""
ball,3,51.2,Wellington Firebirds,NF Kelly,JM Tashkoff,BNJ Lockrose,1,0,,,,,,"",""
ball,3,51.3,Wellington Firebirds,JM Tashkoff,NF Kelly,BNJ Lockrose,1,0,,,,,,"",""
ball,3,51.4,Wellington Firebirds,NF Kelly,JM Tashkoff,BNJ Lockrose,0,0,,,,,,"",""
ball,3,51.5,Wellington Firebirds,NF Kelly,JM Tashkoff,BNJ Lockrose,1,0,,,,,,"",""
ball,3,51.6,Wellington Firebirds,JM Tashkoff,NF Kelly,BNJ Lockrose,1,0,,,,,,"",""
ball,3,52.1,Wellington Firebirds,JM Tashkoff,NF Kelly,JD McKay,2,0,,,,,,"",""
ball,3,52.2,Wellington Firebirds,JM Tashkoff,NF Kelly,JD McKay,4,0,,,,,,"",""
ball,3,52.3,Wellington Firebirds,JM Tashkoff,NF Kelly,JD McKay,0,0,,,,,,"",""
ball,3,52.4,Wellington Firebirds,JM Tashkoff,NF Kelly,JD McKay,1,0,,,,,,"",""
ball,3,52.5,Wellington Firebirds,NF Kelly,JM Tashkoff,JD McKay,4,0,,,,,,"",""
ball,3,52.6,Wellington Firebirds,NF Kelly,JM Tashkoff,JD McKay,0,0,,,,,,"",""
ball,3,53.1,Wellington Firebirds,JM Tashkoff,NF Kelly,BNJ Lockrose,1,0,,,,,,"",""
ball,3,53.2,Wellington Firebirds,NF Kelly,JM Tashkoff,BNJ Lockrose,0,0,,,,,,"",""
ball,3,53.3,Wellington Firebirds,NF Kelly,JM Tashkoff,BNJ Lockrose,1,0,,,,,,"",""
ball,3,53.4,Wellington Firebirds,JM Tashkoff,NF Kelly,BNJ Lockrose,1,0,,,,,,"",""
ball,3,53.5,Wellington Firebirds,NF Kelly,JM Tashkoff,BNJ Lockrose,1,0,,,,,,"",""
ball,3,53.6,Wellington Firebirds,JM Tashkoff,NF Kelly,BNJ Lockrose,0,0,,,,,,"",""
ball,3,54.1,Wellington Firebirds,NF Kelly,JM Tashkoff,JD McKay,0,0,,,,,,"",""
ball,3,54.2,Wellington Firebirds,NF Kelly,JM Tashkoff,JD McKay,4,0,,,,,,"",""
ball,3,54.3,Wellington Firebirds,NF Kelly,JM Tashkoff,JD McKay,4,0,,,,,,"",""
ball,3,54.4,Wellington Firebirds,NF Kelly,JM Tashkoff,JD McKay,4,0,,,,,,"",""
ball,3,54.5,Wellington Firebirds,NF Kelly,JM Tashkoff,JD McKay,2,0,,,,,,"",""
ball,3,54.6,Wellington Firebirds,NF Kelly,JM Tashkoff,JD McKay,0,0,,,,,,"",""
ball,3,55.1,Wellington Firebirds,JM Tashkoff,NF Kelly,BNJ Lockrose,1,0,,,,,,"",""
ball,3,55.2,Wellington Firebirds,NF Kelly,JM Tashkoff,BNJ Lockrose,0,0,,,,,,"",""
ball,3,55.3,Wellington Firebirds,NF Kelly,JM Tashkoff,BNJ Lockrose,0,0,,,,,,"",""
ball,3,55.4,Wellington Firebirds,NF Kelly,JM Tashkoff,BNJ Lockrose,4,0,,,,,,"",""
ball,3,55.5,Wellington Firebirds,NF Kelly,JM Tashkoff,BNJ Lockrose,1,0,,,,,,"",""
ball,3,55.6,Wellington Firebirds,JM Tashkoff,NF Kelly,BNJ Lockrose,1,0,,,,,,"",""
ball,3,56.1,Wellington Firebirds,JM Tashkoff,NF Kelly,JD McKay,1,0,,,,,,"",""
ball,3,56.2,Wellington Firebirds,NF Kelly,JM Tashkoff,JD McKay,0,0,,,,,,"",""
ball,3,56.3,Wellington Firebirds,NF Kelly,JM Tashkoff,JD McKay,1,0,,,,,,"",""
ball,3,56.4,Wellington Firebirds,JM Tashkoff,NF Kelly,JD McKay,1,0,,,,,,"",""
ball,3,56.5,Wellington Firebirds,NF Kelly,JM Tashkoff,JD McKay,4,0,,,,,,"",""
ball,3,56.6,Wellington Firebirds,NF Kelly,JM Tashkoff,JD McKay,0,0,,,,,,"",""
ball,3,57.1,Wellington Firebirds,JM Tashkoff,NF Kelly,GD Phillips,0,0,,,,,,"",""
ball,3,57.2,Wellington Firebirds,JM Tashkoff,NF Kelly,GD Phillips,0,0,,,,,,"",""
ball,3,57.3,Wellington Firebirds,JM Tashkoff,NF Kelly,GD Phillips,0,0,,,,,,"",""
ball,3,57.4,Wellington Firebirds,JM Tashkoff,NF Kelly,GD Phillips,1,0,,,,,,"",""
ball,3,57.5,Wellington Firebirds,NF Kelly,JM Tashkoff,GD Phillips,0,0,,,,,,"",""
ball,3,57.6,Wellington Firebirds,NF Kelly,JM Tashkoff,GD Phillips,0,0,,,,,,"",""
ball,3,58.1,Wellington Firebirds,JM Tashkoff,NF Kelly,JD McKay,0,0,,,,,,"",""
ball,3,58.2,Wellington Firebirds,JM Tashkoff,NF Kelly,JD McKay,0,0,,,,,,"",""
ball,3,58.3,Wellington Firebirds,JM Tashkoff,NF Kelly,JD McKay,0,0,,,,,,"",""
ball,3,58.4,Wellington Firebirds,JM Tashkoff,NF Kelly,JD McKay,0,0,,,,,,"",""
ball,3,58.5,Wellington Firebirds,JM Tashkoff,NF Kelly,JD McKay,0,0,,,,,,"",""
ball,3,58.6,Wellington Firebirds,JM Tashkoff,NF Kelly,JD McKay,1,0,,,,,,"",""
ball,3,59.1,Wellington Firebirds,JM Tashkoff,NF Kelly,GD Phillips,1,0,,,,,,"",""
ball,3,59.2,Wellington Firebirds,NF Kelly,JM Tashkoff,GD Phillips,0,0,,,,,,"",""
ball,3,59.3,Wellington Firebirds,NF Kelly,JM Tashkoff,GD Phillips,0,0,,,,,,"",""
ball,3,59.4,Wellington Firebirds,NF Kelly,JM Tashkoff,GD Phillips,0,0,,,,,,"",""
ball,3,59.5,Wellington Firebirds,NF Kelly,JM Tashkoff,GD Phillips,0,0,,,,,,"",""
ball,3,59.6,Wellington Firebirds,NF Kelly,JM Tashkoff,GD Phillips,1,0,,,,,,"",""
ball,3,60.1,Wellington Firebirds,NF Kelly,JM Tashkoff,JD McKay,4,0,,,,,,"",""
ball,3,60.2,Wellington Firebirds,NF Kelly,JM Tashkoff,JD McKay,1,0,,,,,,"",""
ball,3,60.3,Wellington Firebirds,JM Tashkoff,NF Kelly,JD McKay,0,0,,,,,,"",""
ball,3,60.4,Wellington Firebirds,JM Tashkoff,NF Kelly,JD McKay,0,0,,,,,,"",""
ball,3,60.5,Wellington Firebirds,JM Tashkoff,NF Kelly,JD McKay,4,0,,,,,,"",""
ball,3,60.6,Wellington Firebirds,JM Tashkoff,NF Kelly,JD McKay,0,1,1,,,,,"",""
ball,3,60.7,Wellington Firebirds,JM Tashkoff,NF Kelly,JD McKay,0,1,1,,,,,"",""
ball,3,60.8,Wellington Firebirds,JM Tashkoff,NF Kelly,JD McKay,0,0,,,,,,"",""
ball,3,61.1,Wellington Firebirds,NF Kelly,JM Tashkoff,GD Phillips,0,0,,,,,,"",""
ball,3,61.2,Wellington Firebirds,NF Kelly,JM Tashkoff,GD Phillips,0,0,,,,,,"",""
ball,3,61.3,Wellington Firebirds,NF Kelly,JM Tashkoff,GD Phillips,0,0,,,,,,"",""
ball,3,61.4,Wellington Firebirds,NF Kelly,JM Tashkoff,GD Phillips,1,0,,,,,,"",""
ball,3,61.5,Wellington Firebirds,JM Tashkoff,NF Kelly,GD Phillips,0,0,,,,,,"",""
ball,3,61.6,Wellington Firebirds,JM Tashkoff,NF Kelly,GD Phillips,0,0,,,,,,"",""
ball,3,62.1,Wellington Firebirds,NF Kelly,JM Tashkoff,DK Ferns,1,0,,,,,,"",""
ball,3,62.2,Wellington Firebirds,JM Tashkoff,NF Kelly,DK Ferns,4,0,,,,,,"",""
ball,3,62.3,Wellington Firebirds,JM Tashkoff,NF Kelly,DK Ferns,0,0,,,,,,"",""
ball,3,62.4,Wellington Firebirds,JM Tashkoff,NF Kelly,DK Ferns,0,0,,,,,,"",""
ball,3,62.5,Wellington Firebirds,JM Tashkoff,NF Kelly,DK Ferns,4,0,,,,,,"",""
ball,3,62.6,Wellington Firebirds,JM Tashkoff,NF Kelly,DK Ferns,0,0,,,,,,"",""
ball,3,63.1,Wellington Firebirds,NF Kelly,JM Tashkoff,GD Phillips,0,0,,,,,,"",""
ball,3,63.2,Wellington Firebirds,NF Kelly,JM Tashkoff,GD Phillips,6,0,,,,,,"",""
ball,3,63.3,Wellington Firebirds,NF Kelly,JM Tashkoff,GD Phillips,0,0,,,,,,"",""
ball,3,63.4,Wellington Firebirds,NF Kelly,JM Tashkoff,GD Phillips,1,0,,,,,,"",""
ball,3,63.5,Wellington Firebirds,JM Tashkoff,NF Kelly,GD Phillips,0,0,,,,,,"",""
ball,3,63.6,Wellington Firebirds,JM Tashkoff,NF Kelly,GD Phillips,1,0,,,,,,"",""
ball,3,64.1,Wellington Firebirds,JM Tashkoff,NF Kelly,DK Ferns,1,0,,,,,,"",""
ball,3,64.2,Wellington Firebirds,NF Kelly,JM Tashkoff,DK Ferns,1,0,,,,,,"",""
ball,3,64.3,Wellington Firebirds,JM Tashkoff,NF Kelly,DK Ferns,4,0,,,,,,"",""
ball,3,64.4,Wellington Firebirds,JM Tashkoff,NF Kelly,DK Ferns,6,0,,,,,,"",""
ball,3,64.5,Wellington Firebirds,JM Tashkoff,NF Kelly,DK Ferns,0,0,,,,,,"",""
ball,3,64.6,Wellington Firebirds,JM Tashkoff,NF Kelly,DK Ferns,4,0,,,,,,"",""
ball,3,65.1,Wellington Firebirds,NF Kelly,JM Tashkoff,GD Phillips,0,0,,,,,,"",""
ball,3,65.2,Wellington Firebirds,NF Kelly,JM Tashkoff,GD Phillips,1,0,,,,,,"",""
ball,3,65.3,Wellington Firebirds,JM Tashkoff,NF Kelly,GD Phillips,0,0,,,,,,"",""
ball,3,65.4,Wellington Firebirds,JM Tashkoff,NF Kelly,GD Phillips,0,0,,,,,,"",""
ball,3,65.5,Wellington Firebirds,JM Tashkoff,NF Kelly,GD Phillips,0,0,,,,,,"",""
ball,3,65.6,Wellington Firebirds,JM Tashkoff,NF Kelly,GD Phillips,0,0,,,,,,"",""
ball,3,66.1,Wellington Firebirds,NF Kelly,JM Tashkoff,DK Ferns,0,0,,,,,,"",""
ball,3,66.2,Wellington Firebirds,NF Kelly,JM Tashkoff,DK Ferns,0,0,,,,,,"",""
ball,3,66.3,Wellington Firebirds,NF Kelly,JM Tashkoff,DK Ferns,0,0,,,,,,"",""
ball,3,66.4,Wellington Firebirds,NF Kelly,JM Tashkoff,DK Ferns,0,0,,,,,,"",""
ball,3,66.5,Wellington Firebirds,NF Kelly,JM Tashkoff,DK Ferns,0,0,,,,,,"",""
ball,3,66.6,Wellington Firebirds,NF Kelly,JM Tashkoff,DK Ferns,0,0,,,,,,"",""
ball,3,67.1,Wellington Firebirds,JM Tashkoff,NF Kelly,GD Phillips,0,0,,,,,,"",""
ball,3,67.2,Wellington Firebirds,JM Tashkoff,NF Kelly,GD Phillips,4,0,,,,,,"",""
ball,3,67.3,Wellington Firebirds,JM Tashkoff,NF Kelly,GD Phillips,1,0,,,,,,"",""
ball,3,67.4,Wellington Firebirds,NF Kelly,JM Tashkoff,GD Phillips,2,0,,,,,,"",""
ball,3,67.5,Wellington Firebirds,NF Kelly,JM Tashkoff,GD Phillips,0,0,,,,,,"",""
ball,3,67.6,Wellington Firebirds,NF Kelly,JM Tashkoff,GD Phillips,1,0,,,,,,"",""
ball,3,68.1,Wellington Firebirds,NF Kelly,JM Tashkoff,DK Ferns,0,0,,,,,,"",""
ball,3,68.2,Wellington Firebirds,NF Kelly,JM Tashkoff,DK Ferns,0,0,,,,,,"",""
ball,3,68.3,Wellington Firebirds,NF Kelly,JM Tashkoff,DK Ferns,0,0,,,,,,"",""
ball,3,68.4,Wellington Firebirds,NF Kelly,JM Tashkoff,DK Ferns,0,0,,,,,,"",""
ball,3,68.5,Wellington Firebirds,NF Kelly,JM Tashkoff,DK Ferns,0,0,,,,,,"",""
ball,3,68.6,Wellington Firebirds,NF Kelly,JM Tashkoff,DK Ferns,0,0,,,,,,"",""
ball,3,69.1,Wellington Firebirds,JM Tashkoff,NF Kelly,GD Phillips,1,0,,,,,,"",""
ball,3,69.2,Wellington Firebirds,NF Kelly,JM Tashkoff,GD Phillips,1,0,,,,,,"",""
ball,3,69.3,Wellington Firebirds,JM Tashkoff,NF Kelly,GD Phillips,0,0,,,,,,"",""
ball,3,69.4,Wellington Firebirds,JM Tashkoff,NF Kelly,GD Phillips,0,0,,,,,,"",""
ball,3,69.5,Wellington Firebirds,JM Tashkoff,NF Kelly,GD Phillips,0,0,,,,,,"",""
ball,3,69.6,Wellington Firebirds,JM Tashkoff,NF Kelly,GD Phillips,0,0,,,,,,"",""
ball,3,70.1,Wellington Firebirds,NF Kelly,JM Tashkoff,DK Ferns,0,0,,,,,,"",""
ball,3,70.2,Wellington Firebirds,NF Kelly,JM Tashkoff,DK Ferns,0,0,,,,,,"",""
ball,3,70.3,Wellington Firebirds,NF Kelly,JM Tashkoff,DK Ferns,0,0,,,,,,"",""
ball,3,70.4,Wellington Firebirds,NF Kelly,JM Tashkoff,DK Ferns,0,0,,,,,,"",""
ball,3,70.5,Wellington Firebirds,NF Kelly,JM Tashkoff,DK Ferns,3,0,,,,,,"",""
ball,3,70.6,Wellington Firebirds,JM Tashkoff,NF Kelly,DK Ferns,0,0,,,,,,"",""
ball,3,71.1,Wellington Firebirds,NF Kelly,JM Tashkoff,GD Phillips,1,0,,,,,,"",""
ball,3,71.2,Wellington Firebirds,JM Tashkoff,NF Kelly,GD Phillips,0,0,,,,,,"",""
ball,3,71.3,Wellington Firebirds,JM Tashkoff,NF Kelly,GD Phillips,0,0,,,,,,"",""
ball,3,71.4,Wellington Firebirds,JM Tashkoff,NF Kelly,GD Phillips,0,0,,,,,,"",""
ball,3,71.5,Wellington Firebirds,JM Tashkoff,NF Kelly,GD Phillips,2,0,,,,,,"",""
ball,3,71.6,Wellington Firebirds,JM Tashkoff,NF Kelly,GD Phillips,0,0,,,,,,"",""
ball,3,72.1,Wellington Firebirds,NF Kelly,JM Tashkoff,JCT Boyle,0,0,,,,,,"",""
ball,3,72.2,Wellington Firebirds,NF Kelly,JM Tashkoff,JCT Boyle,0,0,,,,,,"",""
ball,3,72.3,Wellington Firebirds,NF Kelly,JM Tashkoff,JCT Boyle,0,0,,,,,,"",""
ball,3,72.4,Wellington Firebirds,NF Kelly,JM Tashkoff,JCT Boyle,0,0,,,,,,"",""
ball,3,72.5,Wellington Firebirds,NF Kelly,JM Tashkoff,JCT Boyle,0,0,,,,,,"",""
ball,3,72.6,Wellington Firebirds,NF Kelly,JM Tashkoff,JCT Boyle,0,0,,,,,,"",""
ball,3,73.1,Wellington Firebirds,JM Tashkoff,NF Kelly,GD Phillips,0,0,,,,,,"",""
ball,3,73.2,Wellington Firebirds,JM Tashkoff,NF Kelly,GD Phillips,0,0,,,,,,"",""
ball,3,73.3,Wellington Firebirds,JM Tashkoff,NF Kelly,GD Phillips,1,0,,,,,,"",""
ball,3,73.4,Wellington Firebirds,NF Kelly,JM Tashkoff,GD Phillips,0,0,,,,,,"",""
ball,3,73.5,Wellington Firebirds,NF Kelly,JM Tashkoff,GD Phillips,0,0,,,,,,"",""
ball,3,73.6,Wellington Firebirds,NF Kelly,JM Tashkoff,GD Phillips,0,0,,,,,,"",""
ball,3,74.1,Wellington Firebirds,JM Tashkoff,NF Kelly,JCT Boyle,0,0,,,,,,"",""
ball,3,74.2,Wellington Firebirds,JM Tashkoff,NF Kelly,JCT Boyle,0,0,,,,,,"",""
ball,3,74.3,Wellington Firebirds,JM Tashkoff,NF Kelly,JCT Boyle,0,0,,,,,,"",""
ball,3,74.4,Wellington Firebirds,JM Tashkoff,NF Kelly,JCT Boyle,0,0,,,,,,"",""
ball,3,74.5,Wellington Firebirds,JM Tashkoff,NF Kelly,JCT Boyle,0,0,,,,,,"",""
ball,3,74.6,Wellington Firebirds,JM Tashkoff,NF Kelly,JCT Boyle,2,0,,,,,,"",""
ball,3,75.1,Wellington Firebirds,NF Kelly,JM Tashkoff,BNJ Lockrose,0,0,,,,,,"",""
ball,3,75.2,Wellington Firebirds,NF Kelly,JM Tashkoff,BNJ Lockrose,0,0,,,,,,"",""
ball,3,75.3,Wellington Firebirds,NF Kelly,JM Tashkoff,BNJ Lockrose,1,0,,,,,,"",""
ball,3,75.4,Wellington Firebirds,JM Tashkoff,NF Kelly,BNJ Lockrose,1,0,,,,,,"",""
ball,3,75.5,Wellington Firebirds,NF Kelly,JM Tashkoff,BNJ Lockrose,0,0,,,,,,"",""
ball,3,75.6,Wellington Firebirds,NF Kelly,JM Tashkoff,BNJ Lockrose,0,0,,,,,,"",""
ball,3,76.1,Wellington Firebirds,JM Tashkoff,NF Kelly,JCT Boyle,2,0,,,,,,"",""
ball,3,76.2,Wellington Firebirds,JM Tashkoff,NF Kelly,JCT Boyle,6,0,,,,,,"",""
ball,3,76.3,Wellington Firebirds,JM Tashkoff,NF Kelly,JCT Boyle,4,0,,,,,,"",""
ball,3,76.4,Wellington Firebirds,JM Tashkoff,NF Kelly,JCT Boyle,6,0,,,,,,"",""
ball,3,76.5,Wellington Firebirds,JM Tashkoff,NF Kelly,JCT Boyle,1,0,,,,,,"",""
ball,3,76.6,Wellington Firebirds,NF Kelly,JM Tashkoff,JCT Boyle,1,0,,,,,,"",""
ball,3,77.1,Wellington Firebirds,NF Kelly,JM Tashkoff,BNJ Lockrose,0,0,,,,,,"",""
ball,3,77.2,Wellington Firebirds,NF Kelly,JM Tashkoff,BNJ Lockrose,0,0,,,,,,"",""
ball,3,77.3,Wellington Firebirds,NF Kelly,JM Tashkoff,BNJ Lockrose,0,0,,,,,,"",""
ball,3,77.4,Wellington Firebirds,NF Kelly,JM Tashkoff,BNJ Lockrose,1,0,,,,,,"",""
ball,3,77.5,Wellington Firebirds,JM Tashkoff,NF Kelly,BNJ Lockrose,1,0,,,,,,"",""
ball,3,77.6,Wellington Firebirds,NF Kelly,JM Tashkoff,BNJ Lockrose,4,0,,,,,,"",""
ball,3,78.1,Wellington Firebirds,JM Tashkoff,NF Kelly,JCT Boyle,0,0,,,,,,"",""
ball,3,78.2,Wellington Firebirds,JM Tashkoff,NF Kelly,JCT Boyle,1,0,,,,,,"",""
ball,3,78.3,Wellington Firebirds,NF Kelly,JM Tashkoff,JCT Boyle,1,0,,,,,,"",""
ball,3,78.4,Wellington Firebirds,JM Tashkoff,NF Kelly,JCT Boyle,0,0,,,,,,"",""
ball,3,78.5,Wellington Firebirds,JM Tashkoff,NF Kelly,JCT Boyle,1,0,,,,,,"",""
ball,3,78.6,Wellington Firebirds,NF Kelly,JM Tashkoff,JCT Boyle,0,0,,,,,,"",""
ball,3,79.1,Wellington Firebirds,JM Tashkoff,NF Kelly,BNJ Lockrose,0,0,,,,,,"",""
ball,3,79.2,Wellington Firebirds,JM Tashkoff,NF Kelly,BNJ Lockrose,0,0,,,,,,"",""
ball,3,79.3,Wellington Firebirds,JM Tashkoff,NF Kelly,BNJ Lockrose,0,0,,,,,,"",""
ball,3,79.4,Wellington Firebirds,JM Tashkoff,NF Kelly,BNJ Lockrose,0,0,,,,,,lbw,JM Tashkoff
ball,3,79.5,Wellington Firebirds,PF Younghusband,NF Kelly,BNJ Lockrose,0,0,,,,,,"",""
ball,3,79.6,Wellington Firebirds,PF Younghusband,NF Kelly,BNJ Lockrose,0,0,,,,,,"",""
ball,3,80.1,Wellington Firebirds,NF Kelly,PF Younghusband,MB Bacon,0,0,,,,,,"",""
ball,3,80.2,Wellington Firebirds,NF Kelly,PF Younghusband,MB Bacon,0,0,,,,,,"",""
ball,3,80.3,Wellington Firebirds,NF Kelly,PF Younghusband,MB Bacon,0,0,,,,,,"",""
ball,3,80.4,Wellington Firebirds,NF Kelly,PF Younghusband,MB Bacon,1,0,,,,,,"",""
ball,3,80.5,Wellington Firebirds,PF Younghusband,NF Kelly,MB Bacon,0,0,,,,,,"",""
ball,3,80.6,Wellington Firebirds,PF Younghusband,NF Kelly,MB Bacon,0,0,,,,,,"",""
ball,3,81.1,Wellington Firebirds,NF Kelly,PF Younghusband,LI Georgeson,1,0,,,,,,"",""
ball,3,81.2,Wellington Firebirds,PF Younghusband,NF Kelly,LI Georgeson,0,0,,,,,,"",""
ball,3,81.3,Wellington Firebirds,PF Younghusband,NF Kelly,LI Georgeson,1,0,,,,,,"",""
ball,3,81.4,Wellington Firebirds,NF Kelly,PF Younghusband,LI Georgeson,4,0,,,,,,"",""
ball,3,81.5,Wellington Firebirds,NF Kelly,PF Younghusband,LI Georgeson,1,0,,,,,,"",""
ball,3,81.6,Wellington Firebirds,PF Younghusband,NF Kelly,LI Georgeson,1,0,,,,,,"",""
ball,3,82.1,Wellington Firebirds,PF Younghusband,NF Kelly,MB Bacon,0,0,,,,,,"",""
ball,3,82.2,Wellington Firebirds,PF Younghusband,NF Kelly,MB Bacon,0,0,,,,,,"",""
ball,3,82.3,Wellington Firebirds,PF Younghusband,NF Kelly,MB Bacon,0,0,,,,,,"",""
ball,3,82.4,Wellington Firebirds,PF Younghusband,NF Kelly,MB Bacon,0,1,,,,1,,"",""
ball,3,82.5,Wellington Firebirds,NF Kelly,PF Younghusband,MB Bacon,0,0,,,,,,"",""
ball,3,82.6,Wellington Firebirds,NF Kelly,PF Younghusband,MB Bacon,1,0,,,,,,"",""
ball,3,83.1,Wellington Firebirds,NF Kelly,PF Younghusband,GD Phillips,0,0,,,,,,"",""
ball,3,83.2,Wellington Firebirds,NF Kelly,PF Younghusband,GD Phillips,0,0,,,,,,"",""
ball,3,83.3,Wellington Firebirds,NF Kelly,PF Younghusband,GD Phillips,0,0,,,,,,"",""
ball,3,83.4,Wellington Firebirds,NF Kelly,PF Younghusband,GD Phillips,0,0,,,,,,"",""
ball,3,83.5,Wellington Firebirds,NF Kelly,PF Younghusband,GD Phillips,0,0,,,,,,"",""
ball,3,83.6,Wellington Firebirds,NF Kelly,PF Younghusband,GD Phillips,1,0,,,,,,"",""
ball,3,84.1,Wellington Firebirds,NF Kelly,PF Younghusband,MB Bacon,0,0,,,,,,"",""
ball,3,84.2,Wellington Firebirds,NF Kelly,PF Younghusband,MB Bacon,1,0,,,,,,"",""
ball,3,84.3,Wellington Firebirds,PF Younghusband,NF Kelly,MB Bacon,0,0,,,,,,"",""
ball,3,84.4,Wellington Firebirds,PF Younghusband,NF Kelly,MB Bacon,0,0,,,,,,"",""
ball,3,84.5,Wellington Firebirds,PF Younghusband,NF Kelly,MB Bacon,6,0,,,,,,"",""
ball,3,84.6,Wellington Firebirds,PF Younghusband,NF Kelly,MB Bacon,0,0,,,,,,"",""
ball,3,85.1,Wellington Firebirds,NF Kelly,PF Younghusband,GD Phillips,0,0,,,,,,"",""
ball,3,85.2,Wellington Firebirds,NF Kelly,PF Younghusband,GD Phillips,1,0,,,,,,"",""
ball,3,85.3,Wellington Firebirds,PF Younghusband,NF Kelly,GD Phillips,0,0,,,,,,"",""
ball,3,85.4,Wellington Firebirds,PF Younghusband,NF Kelly,GD Phillips,0,0,,,,,,"",""
ball,3,85.5,Wellington Firebirds,PF Younghusband,NF Kelly,GD Phillips,0,0,,,,,,"",""
ball,3,85.6,Wellington Firebirds,PF Younghusband,NF Kelly,GD Phillips,1,0,,,,,,"",""
ball,3,86.1,Wellington Firebirds,PF Younghusband,NF Kelly,MB Bacon,0,0,,,,,,bowled,PF Younghusband
ball,3,86.2,Wellington Firebirds,JW Hartshorn,NF Kelly,MB Bacon,0,0,,,,,,"",""
ball,3,86.3,Wellington Firebirds,JW Hartshorn,NF Kelly,MB Bacon,0,0,,,,,,"",""
ball,3,86.4,Wellington Firebirds,JW Hartshorn,NF Kelly,MB Bacon,4,0,,,,,,"",""
ball,3,86.5,Wellington Firebirds,JW Hartshorn,NF Kelly,MB Bacon,0,0,,,,,,"",""
ball,3,86.6,Wellington Firebirds,JW Hartshorn,NF Kelly,MB Bacon,0,0,,,,,,"",""
ball,3,87.1,Wellington Firebirds,NF Kelly,JW Hartshorn,GD Phillips,0,0,,,,,,"",""
ball,3,87.2,Wellington Firebirds,NF Kelly,JW Hartshorn,GD Phillips,0,0,,,,,,caught,NF Kelly
ball,3,87.3,Wellington Firebirds,LR Dudding,JW Hartshorn,GD Phillips,1,0,,,,,,"",""
ball,3,87.4,Wellington Firebirds,JW Hartshorn,LR Dudding,GD Phillips,1,0,,,,,,"",""
ball,3,87.5,Wellington Firebirds,LR Dudding,JW Hartshorn,GD Phillips,0,1,,,1,,,"",""
ball,3,87.6,Wellington Firebirds,JW Hartshorn,LR Dudding,GD Phillips,0,0,,,,,,"",""
ball,3,88.1,Wellington Firebirds,LR Dudding,JW Hartshorn,MB Bacon,0,0,,,,,,"",""
ball,3,88.2,Wellington Firebirds,LR Dudding,JW Hartshorn,MB Bacon,4,0,,,,,,"",""
ball,3,88.3,Wellington Firebirds,LR Dudding,JW Hartshorn,MB Bacon,1,0,,,,,,"",""
ball,3,88.4,Wellington Firebirds,JW Hartshorn,LR Dudding,MB Bacon,2,0,,,,,,"",""
ball,3,88.5,Wellington Firebirds,JW Hartshorn,LR Dudding,MB Bacon,0,0,,,,,,"",""
ball,3,88.6,Wellington Firebirds,JW Hartshorn,LR Dudding,MB Bacon,0,0,,,,,,"",""
ball,3,89.1,Wellington Firebirds,LR Dudding,JW Hartshorn,GD Phillips,0,0,,,,,,"",""
ball,3,89.2,Wellington Firebirds,LR Dudding,JW Hartshorn,GD Phillips,0,0,,,,,,"",""
ball,3,89.3,Wellington Firebirds,LR Dudding,JW Hartshorn,GD Phillips,0,0,,,,,,"",""
ball,3,89.4,Wellington Firebirds,LR Dudding,JW Hartshorn,GD Phillips,0,0,,,,,,"",""
ball,3,89.5,Wellington Firebirds,LR Dudding,JW Hartshorn,GD Phillips,4,0,,,,,,"",""
ball,3,89.6,Wellington Firebirds,LR Dudding,JW Hartshorn,GD Phillips,4,0,,,,,,"",""
ball,3,90.1,Wellington Firebirds,JW Hartshorn,LR Dudding,LI Georgeson,4,0,,,,,,"",""
ball,3,90.2,Wellington Firebirds,JW Hartshorn,LR Dudding,LI Georgeson,1,0,,,,,,"",""
ball,3,90.3,Wellington Firebirds,LR Dudding,JW Hartshorn,LI Georgeson,0,0,,,,,,"",""
ball,3,90.4,Wellington Firebirds,LR Dudding,JW Hartshorn,LI Georgeson,1,0,,,,,,"",""
ball,3,90.5,Wellington Firebirds,JW Hartshorn,LR Dudding,LI Georgeson,0,0,,,,,,"",""
ball,3,90.6,Wellington Firebirds,JW Hartshorn,LR Dudding,LI Georgeson,1,0,,,,,,"",""
ball,3,91.1,Wellington Firebirds,JW Hartshorn,LR Dudding,GD Phillips,1,0,,,,,,"",""
ball,3,91.2,Wellington Firebirds,LR Dudding,JW Hartshorn,GD Phillips,0,0,,,,,,"",""
ball,3,91.3,Wellington Firebirds,LR Dudding,JW Hartshorn,GD Phillips,0,0,,,,,,"",""
ball,3,91.4,Wellington Firebirds,LR Dudding,JW Hartshorn,GD Phillips,0,0,,,,,,"",""
ball,3,91.5,Wellington Firebirds,LR Dudding,JW Hartshorn,GD Phillips,0,0,,,,,,"",""
ball,3,91.6,Wellington Firebirds,LR Dudding,JW Hartshorn,GD Phillips,0,0,,,,,,"",""
ball,3,92.1,Wellington Firebirds,JW Hartshorn,LR Dudding,LI Georgeson,0,0,,,,,,"",""
ball,3,92.2,Wellington Firebirds,JW Hartshorn,LR Dudding,LI Georgeson,0,0,,,,,,"",""
ball,3,92.3,Wellington Firebirds,JW Hartshorn,LR Dudding,LI Georgeson,0,0,,,,,,"",""
ball,3,92.4,Wellington Firebirds,JW Hartshorn,LR Dudding,LI Georgeson,0,0,,,,,,"",""
ball,3,92.5,Wellington Firebirds,JW Hartshorn,LR Dudding,LI Georgeson,1,0,,,,,,"",""
ball,3,92.6,Wellington Firebirds,LR Dudding,JW Hartshorn,LI Georgeson,4,0,,,,,,"",""
ball,3,93.1,Wellington Firebirds,JW Hartshorn,LR Dudding,GD Phillips,1,0,,,,,,"",""
ball,3,93.2,Wellington Firebirds,LR Dudding,JW Hartshorn,GD Phillips,1,0,,,,,,"",""
ball,3,93.3,Wellington Firebirds,JW Hartshorn,LR Dudding,GD Phillips,1,0,,,,,,"",""
ball,3,93.4,Wellington Firebirds,LR Dudding,JW Hartshorn,GD Phillips,2,0,,,,,,"",""
ball,3,93.5,Wellington Firebirds,LR Dudding,JW Hartshorn,GD Phillips,0,0,,,,,,"",""
ball,3,93.6,Wellington Firebirds,LR Dudding,JW Hartshorn,GD Phillips,0,0,,,,,,caught,LR Dudding
ball,4,0.1,Otago Volts,JM Cumming,JCT Boyle,LR Dudding,0,0,,,,,,"",""
ball,4,0.2,Otago Volts,JM Cumming,JCT Boyle,LR Dudding,0,0,,,,,,"",""
ball,4,0.3,Otago Volts,JM Cumming,JCT Boyle,LR Dudding,0,0,,,,,,"",""
ball,4,0.4,Otago Volts,JM Cumming,JCT Boyle,LR Dudding,4,0,,,,,,"",""
ball,4,0.5,Otago Volts,JM Cumming,JCT Boyle,LR Dudding,4,0,,,,,,"",""
ball,4,0.6,Otago Volts,JM Cumming,JCT Boyle,LR Dudding,0,0,,,,,,"",""
ball,4,1.1,Otago Volts,JCT Boyle,JM Cumming,JW Hartshorn,0,0,,,,,,"",""
ball,4,1.2,Otago Volts,JCT Boyle,JM Cumming,JW Hartshorn,0,0,,,,,,"",""
ball,4,1.3,Otago Volts,JCT Boyle,JM Cumming,JW Hartshorn,0,0,,,,,,"",""
ball,4,1.4,Otago Volts,JCT Boyle,JM Cumming,JW Hartshorn,0,0,,,,,,"",""
ball,4,1.5,Otago Volts,JCT Boyle,JM Cumming,JW Hartshorn,0,0,,,,,,"",""
ball,4,1.6,Otago Volts,JCT Boyle,JM Cumming,JW Hartshorn,1,0,,,,,,"",""
ball,4,2.1,Otago Volts,JCT Boyle,JM Cumming,LR Dudding,0,0,,,,,,"",""
ball,4,2.2,Otago Volts,JCT Boyle,JM Cumming,LR Dudding,0,0,,,,,,"",""
ball,4,2.3,Otago Volts,JCT Boyle,JM Cumming,LR Dudding,0,0,,,,,,"",""
ball,4,2.4,Otago Volts,JCT Boyle,JM Cumming,LR Dudding,0,0,,,,,,"",""
ball,4,2.5,Otago Volts,JCT Boyle,JM Cumming,LR Dudding,0,0,,,,,,"",""
ball,4,2.6,Otago Volts,JCT Boyle,JM Cumming,LR Dudding,0,4,,,,4,,"",""
ball,4,3.1,Otago Volts,JM Cumming,JCT Boyle,JW Hartshorn,0,0,,,,,,"",""
ball,4,3.2,Otago Volts,JM Cumming,JCT Boyle,JW Hartshorn,4,0,,,,,,"",""
ball,4,3.3,Otago Volts,JM Cumming,JCT Boyle,JW Hartshorn,0,0,,,,,,"",""
ball,4,3.4,Otago Volts,JM Cumming,JCT Boyle,JW Hartshorn,1,0,,,,,,"",""
ball,4,3.5,Otago Volts,JCT Boyle,JM Cumming,JW Hartshorn,0,0,,,,,,"",""
ball,4,3.6,Otago Volts,JCT Boyle,JM Cumming,JW Hartshorn,0,0,,,,,,"",""
ball,4,4.1,Otago Volts,JM Cumming,JCT Boyle,LR Dudding,0,0,,,,,,"",""
ball,4,4.2,Otago Volts,JM Cumming,JCT Boyle,LR Dudding,0,0,,,,,,"",""
ball,4,4.3,Otago Volts,JM Cumming,JCT Boyle,LR Dudding,0,0,,,,,,"",""
ball,4,4.4,Otago Volts,JM Cumming,JCT Boyle,LR Dudding,0,0,,,,,,"",""
ball,4,4.5,Otago Volts,JM Cumming,JCT Boyle,LR Dudding,0,0,,,,,,"",""
ball,4,4.6,Otago Volts,JM Cumming,JCT Boyle,LR Dudding,0,0,,,,,,"",""
ball,4,5.1,Otago Volts,JCT Boyle,JM Cumming,JW Hartshorn,0,0,,,,,,"",""
ball,4,5.2,Otago Volts,JCT Boyle,JM Cumming,JW Hartshorn,4,0,,,,,,"",""
ball,4,5.3,Otago Volts,JCT Boyle,JM Cumming,JW Hartshorn,0,0,,,,,,"",""
ball,4,5.4,Otago Volts,JCT Boyle,JM Cumming,JW Hartshorn,0,0,,,,,,"",""
ball,4,5.5,Otago Volts,JCT Boyle,JM Cumming,JW Hartshorn,0,0,,,,,,"",""
ball,4,5.6,Otago Volts,JCT Boyle,JM Cumming,JW Hartshorn,0,0,,,,,,"",""
ball,4,6.1,Otago Volts,JM Cumming,JCT Boyle,LR Dudding,0,0,,,,,,"",""
ball,4,6.2,Otago Volts,JM Cumming,JCT Boyle,LR Dudding,0,0,,,,,,"",""
ball,4,6.3,Otago Volts,JM Cumming,JCT Boyle,LR Dudding,4,0,,,,,,"",""
ball,4,6.4,Otago Volts,JM Cumming,JCT Boyle,LR Dudding,2,0,,,,,,"",""
ball,4,6.5,Otago Volts,JM Cumming,JCT Boyle,LR Dudding,0,0,,,,,,"",""
ball,4,6.6,Otago Volts,JM Cumming,JCT Boyle,LR Dudding,0,0,,,,,,"",""
ball,4,7.1,Otago Volts,JCT Boyle,JM Cumming,JW Hartshorn,0,0,,,,,,"",""
ball,4,7.2,Otago Volts,JCT Boyle,JM Cumming,JW Hartshorn,0,0,,,,,,"",""
ball,4,7.3,Otago Volts,JCT Boyle,JM Cumming,JW Hartshorn,0,0,,,,,,"",""
ball,4,7.4,Otago Volts,JCT Boyle,JM Cumming,JW Hartshorn,0,0,,,,,,"",""
ball,4,7.5,Otago Volts,JCT Boyle,JM Cumming,JW Hartshorn,2,0,,,,,,"",""
ball,4,7.6,Otago Volts,JCT Boyle,JM Cumming,JW Hartshorn,2,0,,,,,,"",""
ball,4,8.1,Otago Volts,JM Cumming,JCT Boyle,PF Younghusband,1,0,,,,,,"",""
ball,4,8.2,Otago Volts,JCT Boyle,JM Cumming,PF Younghusband,1,0,,,,,,"",""
ball,4,8.3,Otago Volts,JM Cumming,JCT Boyle,PF Younghusband,0,0,,,,,,"",""
ball,4,8.4,Otago Volts,JM Cumming,JCT Boyle,PF Younghusband,0,0,,,,,,"",""
ball,4,8.5,Otago Volts,JM Cumming,JCT Boyle,PF Younghusband,0,0,,,,,,"",""
ball,4,8.6,Otago Volts,JM Cumming,JCT Boyle,PF Younghusband,0,0,,,,,,"",""
ball,4,9.1,Otago Volts,JCT Boyle,JM Cumming,JW Hartshorn,0,0,,,,,,"",""
ball,4,9.2,Otago Volts,JCT Boyle,JM Cumming,JW Hartshorn,0,0,,,,,,"",""
ball,4,9.3,Otago Volts,JCT Boyle,JM Cumming,JW Hartshorn,0,0,,,,,,"",""
ball,4,9.4,Otago Volts,JCT Boyle,JM Cumming,JW Hartshorn,0,0,,,,,,"",""
ball,4,9.5,Otago Volts,JCT Boyle,JM Cumming,JW Hartshorn,0,0,,,,,,"",""
ball,4,9.6,Otago Volts,JCT Boyle,JM Cumming,JW Hartshorn,0,0,,,,,,"",""
ball,4,10.1,Otago Volts,JM Cumming,JCT Boyle,PF Younghusband,0,0,,,,,,"",""
ball,4,10.2,Otago Volts,JM Cumming,JCT Boyle,PF Younghusband,0,0,,,,,,"",""
ball,4,10.3,Otago Volts,JM Cumming,JCT Boyle,PF Younghusband,0,0,,,,,,"",""
ball,4,10.4,Otago Volts,JM Cumming,JCT Boyle,PF Younghusband,0,0,,,,,,"",""
ball,4,10.5,Otago Volts,JM Cumming,JCT Boyle,PF Younghusband,0,0,,,,,,"",""
ball,4,10.6,Otago Volts,JM Cumming,JCT Boyle,PF Younghusband,1,0,,,,,,"",""
ball,4,11.1,Otago Volts,JM Cumming,JCT Boyle,JW Hartshorn,0,0,,,,,,"",""
ball,4,11.2,Otago Volts,JM Cumming,JCT Boyle,JW Hartshorn,0,0,,,,,,"",""
ball,4,11.3,Otago Volts,JM Cumming,JCT Boyle,JW Hartshorn,0,0,,,,,,"",""
ball,4,11.4,Otago Volts,JM Cumming,JCT Boyle,JW Hartshorn,0,0,,,,,,"",""
ball,4,11.5,Otago Volts,JM Cumming,JCT Boyle,JW Hartshorn,1,0,,,,,,"",""
ball,4,11.6,Otago Volts,JCT Boyle,JM Cumming,JW Hartshorn,0,0,,,,,,bowled,JCT Boyle
ball,4,12.1,Otago Volts,JM Cumming,TC Jones,LR Dudding,0,0,,,,,,"",""
ball,4,12.2,Otago Volts,JM Cumming,TC Jones,LR Dudding,0,0,,,,,,"",""
ball,4,12.3,Otago Volts,JM Cumming,TC Jones,LR Dudding,0,0,,,,,,"",""
ball,4,12.4,Otago Volts,JM Cumming,TC Jones,LR Dudding,0,0,,,,,,"",""
ball,4,12.5,Otago Volts,JM Cumming,TC Jones,LR Dudding,0,0,,,,,,"",""
ball,4,12.6,Otago Volts,JM Cumming,TC Jones,LR Dudding,0,0,,,,,,"",""
ball,4,13.1,Otago Volts,TC Jones,JM Cumming,JW Hartshorn,0,0,,,,,,"",""
ball,4,13.2,Otago Volts,TC Jones,JM Cumming,JW Hartshorn,0,0,,,,,,bowled,TC Jones
ball,4,13.3,Otago Volts,TK Parkes,JM Cumming,JW Hartshorn,0,0,,,,,,"",""
ball,4,13.4,Otago Volts,TK Parkes,JM Cumming,JW Hartshorn,4,0,,,,,,"",""
ball,4,13.5,Otago Volts,TK Parkes,JM Cumming,JW Hartshorn,2,0,,,,,,"",""
ball,4,13.6,Otago Volts,TK Parkes,JM Cumming,JW Hartshorn,2,0,,,,,,"",""
ball,4,14.1,Otago Volts,JM Cumming,TK Parkes,LR Dudding,0,0,,,,,,"",""
ball,4,14.2,Otago Volts,JM Cumming,TK Parkes,LR Dudding,0,0,,,,,,"",""
ball,4,14.3,Otago Volts,JM Cumming,TK Parkes,LR Dudding,0,0,,,,,,"",""
ball,4,14.4,Otago Volts,JM Cumming,TK Parkes,LR Dudding,1,0,,,,,,"",""
ball,4,14.5,Otago Volts,TK Parkes,JM Cumming,LR Dudding,0,0,,,,,,"",""
ball,4,14.6,Otago Volts,TK Parkes,JM Cumming,LR Dudding,0,0,,,,,,"",""
ball,4,15.1,Otago Volts,JM Cumming,TK Parkes,JW Hartshorn,6,0,,,,,,"",""
ball,4,15.2,Otago Volts,JM Cumming,TK Parkes,JW Hartshorn,0,0,,,,,,"",""
ball,4,15.3,Otago Volts,JM Cumming,TK Parkes,JW Hartshorn,0,0,,,,,,"",""
ball,4,15.4,Otago Volts,JM Cumming,TK Parkes,JW Hartshorn,0,0,,,,,,"",""
ball,4,15.5,Otago Volts,JM Cumming,TK Parkes,JW Hartshorn,0,0,,,,,,"",""
ball,4,15.6,Otago Volts,JM Cumming,TK Parkes,JW Hartshorn,0,0,,,,,,"",""
ball,4,16.1,Otago Volts,TK Parkes,JM Cumming,LR Dudding,0,0,,,,,,bowled,TK Parkes
ball,4,16.2,Otago Volts,GD Phillips,JM Cumming,LR Dudding,0,3,,,,3,,"",""
ball,4,16.3,Otago Volts,JM Cumming,GD Phillips,LR Dudding,0,0,,,,,,"",""
ball,4,16.4,Otago Volts,JM Cumming,GD Phillips,LR Dudding,0,0,,,,,,"",""
ball,4,16.5,Otago Volts,JM Cumming,GD Phillips,LR Dudding,0,0,,,,,,"",""
ball,4,16.6,Otago Volts,JM Cumming,GD Phillips,LR Dudding,0,0,,,,,,"",""
ball,4,17.1,Otago Volts,GD Phillips,JM Cumming,JW Hartshorn,0,0,,,,,,"",""
ball,4,17.2,Otago Volts,GD Phillips,JM Cumming,JW Hartshorn,0,0,,,,,,"",""
ball,4,17.3,Otago Volts,GD Phillips,JM Cumming,JW Hartshorn,0,0,,,,,,"",""
ball,4,17.4,Otago Volts,GD Phillips,JM Cumming,JW Hartshorn,0,0,,,,,,"",""
ball,4,17.5,Otago Volts,GD Phillips,JM Cumming,JW Hartshorn,0,0,,,,,,"",""
ball,4,17.6,Otago Volts,GD Phillips,JM Cumming,JW Hartshorn,0,0,,,,,,"",""
ball,4,18.1,Otago Volts,JM Cumming,GD Phillips,LR Dudding,0,0,,,,,,"",""
ball,4,18.2,Otago Volts,JM Cumming,GD Phillips,LR Dudding,4,0,,,,,,"",""
ball,4,18.3,Otago Volts,JM Cumming,GD Phillips,LR Dudding,4,0,,,,,,"",""
ball,4,18.4,Otago Volts,JM Cumming,GD Phillips,LR Dudding,4,0,,,,,,"",""
ball,4,18.5,Otago Volts,JM Cumming,GD Phillips,LR Dudding,0,0,,,,,,"",""
ball,4,18.6,Otago Volts,JM Cumming,GD Phillips,LR Dudding,0,0,,,,,,"",""
ball,4,19.1,Otago Volts,GD Phillips,JM Cumming,JW Hartshorn,6,0,,,,,,"",""
ball,4,19.2,Otago Volts,GD Phillips,JM Cumming,JW Hartshorn,0,0,,,,,,"",""
ball,4,19.3,Otago Volts,GD Phillips,JM Cumming,JW Hartshorn,0,0,,,,,,"",""
ball,4,19.4,Otago Volts,GD Phillips,JM Cumming,JW Hartshorn,4,0,,,,,,"",""
ball,4,19.5,Otago Volts,GD Phillips,JM Cumming,JW Hartshorn,0,0,,,,,,"",""
ball,4,19.6,Otago Volts,GD Phillips,JM Cumming,JW Hartshorn,0,0,,,,,,"",""
ball,4,20.1,Otago Volts,JM Cumming,GD Phillips,MW Snedden,0,0,,,,,,"",""
ball,4,20.2,Otago Volts,JM Cumming,GD Phillips,MW Snedden,0,0,,,,,,"",""
ball,4,20.3,Otago Volts,JM Cumming,GD Phillips,MW Snedden,0,0,,,,,,"",""
ball,4,20.4,Otago Volts,JM Cumming,GD Phillips,MW Snedden,1,0,,,,,,"",""
ball,4,20.5,Otago Volts,GD Phillips,JM Cumming,MW Snedden,0,0,,,,,,"",""
ball,4,20.6,Otago Volts,GD Phillips,JM Cumming,MW Snedden,0,0,,,,,,"",""
ball,4,21.1,Otago Volts,JM Cumming,GD Phillips,NA Greenwood,0,1,,,,1,,"",""
ball,4,21.2,Otago Volts,GD Phillips,JM Cumming,NA Greenwood,4,0,,,,,,"",""
ball,4,21.3,Otago Volts,GD Phillips,JM Cumming,NA Greenwood,4,0,,,,,,"",""
ball,4,21.4,Otago Volts,GD Phillips,JM Cumming,NA Greenwood,0,0,,,,,,"",""
ball,4,21.5,Otago Volts,GD Phillips,JM Cumming,NA Greenwood,4,0,,,,,,"",""
ball,4,21.6,Otago Volts,GD Phillips,JM Cumming,NA Greenwood,6,0,,,,,,"",""
