version,1.7.0
info,balls_per_over,6
info,team,Police Sports Club
info,team,Nugegoda Sports Welfare Club
info,gender,male
info,season,2025/26
info,date,2026/01/02
info,date,2026/01/03
info,date,2026/01/04
info,event,Major League Tournament
info,venue,Galle International Stadium
info,city,Galle
info,toss_winner,Nugegoda Sports Welfare Club
info,toss_decision,field
info,umpire,Ranganath Prasanna
info,umpire,RD Kottahachchi
info,reserve_umpire,NRK Wickramasinghe
info,match_referee,THR Priyantha
info,outcome,draw
info,player,Police Sports Club,D Induwara
info,player,Police Sports Club,A Tharindu
info,player,Police Sports Club,SADU Mihiran
info,player,Police Sports Club,PARP Perera
info,player,Police Sports Club,KNA Bandara
info,player,Police Sports Club,Vishad Randika
info,player,Police Sports Club,SAC Kumara
info,player,Police Sports Club,HH Ramanayake
info,player,Police Sports Club,DS Thilakaratne
info,player,Police Sports Club,RPN Priyadarshana
info,player,Police Sports Club,N Premaratne
info,player,Nugegoda Sports Welfare Club,MA Liyanapathiranage
info,player,Nugegoda Sports Welfare Club,DKAL Perera
info,player,Nugegoda Sports Welfare Club,LA de Zoysa
info,player,Nugegoda Sports Welfare Club,Tillakaratne Sampath
info,player,Nugegoda Sports Welfare Club,LPPM Kumara
info,player,Nugegoda Sports Welfare Club,Kevin Perera
info,player,Nugegoda Sports Welfare Club,A Muthalib
info,player,Nugegoda Sports Welfare Club,NR Gunasekera
info,player,Nugegoda Sports Welfare Club,Anuk Fernando
info,player,Nugegoda Sports Welfare Club,BGS Mendis
info,player,Nugegoda Sports Welfare Club,LN Malinga
info,registry,people,A Muthalib,c08bdbbe
info,registry,people,A Tharindu,3bdf24da
info,registry,people,Anuk Fernando,ea72c644
info,registry,people,BGS Mendis,29a1e487
info,registry,people,D Induwara,7f280989
info,registry,people,DKAL Perera,0bacc5cb
info,registry,people,DS Thilakaratne,a2198010
info,registry,people,HH Ramanayake,e279fceb
info,registry,people,KNA Bandara,585dda5d
info,registry,people,Kevin Perera,e88e6a14
info,registry,people,LA de Zoysa,c20d005d
info,registry,people,LN Malinga,79eb117d
info,registry,people,LPPM Kumara,24f8d27b
info,registry,people,MA Liyanapathiranage,8c0ca1bb
info,registry,people,N Premaratne,12a15f20
info,registry,people,NR Gunasekera,88781812
info,registry,people,NRK Wickramasinghe,58c87cc3
info,registry,people,PARP Perera,5f75a7c5
info,registry,people,RD Kottahachchi,92e41d14
info,registry,people,RPN Priyadarshana,e5ebe166
info,registry,people,Ranganath Prasanna,9fc85271
info,registry,people,SAC Kumara,be000754
info,registry,people,SADU Mihiran,11df6506
info,registry,people,THR Priyantha,33f2a901
info,registry,people,Tillakaratne Sampath,dc002962
info,registry,people,Vishad Randika,7075624e
ball,1,0.1,Police Sports Club,D Induwara,A Tharindu,LN Malinga,0,0,,,,,,"",""
ball,1,0.2,Police Sports Club,D Induwara,A Tharindu,LN Malinga,1,0,,,,,,"",""
ball,1,0.3,Police Sports Club,A Tharindu,D Induwara,LN Malinga,0,0,,,,,,"",""
ball,1,0.4,Police Sports Club,A Tharindu,D Induwara,LN Malinga,0,0,,,,,,"",""
ball,1,0.5,Police Sports Club,A Tharindu,D Induwara,LN Malinga,4,0,,,,,,"",""
ball,1,0.6,Police Sports Club,A Tharindu,D Induwara,LN Malinga,0,0,,,,,,"",""
ball,1,1.1,Police Sports Club,D Induwara,A Tharindu,LA de Zoysa,0,0,,,,,,"",""
ball,1,1.2,Police Sports Club,D Induwara,A Tharindu,LA de Zoysa,4,0,,,,,,"",""
ball,1,1.3,Police Sports Club,D Induwara,A Tharindu,LA de Zoysa,0,0,,,,,,"",""
ball,1,1.4,Police Sports Club,D Induwara,A Tharindu,LA de Zoysa,0,0,,,,,,"",""
ball,1,1.5,Police Sports Club,D Induwara,A Tharindu,LA de Zoysa,1,0,,,,,,"",""
ball,1,1.6,Police Sports Club,A Tharindu,D Induwara,LA de Zoysa,0,0,,,,,,"",""
ball,1,2.1,Police Sports Club,D Induwara,A Tharindu,LN Malinga,0,0,,,,,,"",""
ball,1,2.2,Police Sports Club,D Induwara,A Tharindu,LN Malinga,0,1,,,,1,,"",""
ball,1,2.3,Police Sports Club,A Tharindu,D Induwara,LN Malinga,0,0,,,,,,caught,A Tharindu
ball,1,2.4,Police Sports Club,SADU Mihiran,D Induwara,LN Malinga,0,0,,,,,,"",""
ball,1,2.5,Police Sports Club,SADU Mihiran,D Induwara,LN Malinga,0,0,,,,,,"",""
ball,1,2.6,Police Sports Club,SADU Mihiran,D Induwara,LN Malinga,0,0,,,,,,"",""
ball,1,3.1,Police Sports Club,D Induwara,SADU Mihiran,LA de Zoysa,0,0,,,,,,"",""
ball,1,3.2,Police Sports Club,D Induwara,SADU Mihiran,LA de Zoysa,0,0,,,,,,"",""
ball,1,3.3,Police Sports Club,D Induwara,SADU Mihiran,LA de Zoysa,1,0,,,,,,"",""
ball,1,3.4,Police Sports Club,SADU Mihiran,D Induwara,LA de Zoysa,0,0,,,,,,caught,SADU Mihiran
ball,1,3.5,Police Sports Club,PARP Perera,D Induwara,LA de Zoysa,1,0,,,,,,"",""
ball,1,3.6,Police Sports Club,D Induwara,PARP Perera,LA de Zoysa,0,0,,,,,,"",""
ball,1,4.1,Police Sports Club,PARP Perera,D Induwara,LN Malinga,0,0,,,,,,"",""
ball,1,4.2,Police Sports Club,PARP Perera,D Induwara,LN Malinga,0,0,,,,,,"",""
ball,1,4.3,Police Sports Club,PARP Perera,D Induwara,LN Malinga,0,1,,1,,,,"",""
ball,1,4.4,Police Sports Club,PARP Perera,D Induwara,LN Malinga,0,0,,,,,,"",""
ball,1,4.5,Police Sports Club,PARP Perera,D Induwara,LN Malinga,0,0,,,,,,"",""
ball,1,4.6,Police Sports Club,PARP Perera,D Induwara,LN Malinga,0,0,,,,,,"",""
ball,1,4.7,Police Sports Club,PARP Perera,D Induwara,LN Malinga,0,0,,,,,,"",""
ball,1,5.1,Police Sports Club,D Induwara,PARP Perera,LA de Zoysa,0,0,,,,,,"",""
ball,1,5.2,Police Sports Club,D Induwara,PARP Perera,LA de Zoysa,4,0,,,,,,"",""
ball,1,5.3,Police Sports Club,D Induwara,PARP Perera,LA de Zoysa,4,0,,,,,,"",""
ball,1,5.4,Police Sports Club,D Induwara,PARP Perera,LA de Zoysa,2,0,,,,,,"",""
ball,1,5.5,Police Sports Club,D Induwara,PARP Perera,LA de Zoysa,0,0,,,,,,"",""
ball,1,5.6,Police Sports Club,D Induwara,PARP Perera,LA de Zoysa,0,0,,,,,,"",""
ball,1,6.1,Police Sports Club,PARP Perera,D Induwara,Anuk Fernando,0,0,,,,,,"",""
ball,1,6.2,Police Sports Club,PARP Perera,D Induwara,Anuk Fernando,1,0,,,,,,"",""
ball,1,6.3,Police Sports Club,D Induwara,PARP Perera,Anuk Fernando,4,0,,,,,,"",""
ball,1,6.4,Police Sports Club,D Induwara,PARP Perera,Anuk Fernando,0,0,,,,,,"",""
ball,1,6.5,Police Sports Club,D Induwara,PARP Perera,Anuk Fernando,0,0,,,,,,"",""
ball,1,6.6,Police Sports Club,D Induwara,PARP Perera,Anuk Fernando,0,0,,,,,,"",""
ball,1,7.1,Police Sports Club,PARP Perera,D Induwara,LA de Zoysa,1,0,,,,,,"",""
ball,1,7.2,Police Sports Club,D Induwara,PARP Perera,LA de Zoysa,0,0,,,,,,"",""
ball,1,7.3,Police Sports Club,D Induwara,PARP Perera,LA de Zoysa,0,0,,,,,,"",""
ball,1,7.4,Police Sports Club,D Induwara,PARP Perera,LA de Zoysa,0,0,,,,,,"",""
ball,1,7.5,Police Sports Club,D Induwara,PARP Perera,LA de Zoysa,0,0,,,,,,"",""
ball,1,7.6,Police Sports Club,D Induwara,PARP Perera,LA de Zoysa,0,0,,,,,,"",""
ball,1,8.1,Police Sports Club,PARP Perera,D Induwara,Anuk Fernando,0,0,,,,,,"",""
ball,1,8.2,Police Sports Club,PARP Perera,D Induwara,Anuk Fernando,4,0,,,,,,"",""
ball,1,8.3,Police Sports Club,PARP Perera,D Induwara,Anuk Fernando,4,0,,,,,,"",""
ball,1,8.4,Police Sports Club,PARP Perera,D Induwara,Anuk Fernando,1,0,,,,,,"",""
ball,1,8.5,Police Sports Club,D Induwara,PARP Perera,Anuk Fernando,0,0,,,,,,"",""
ball,1,8.6,Police Sports Club,D Induwara,PARP Perera,Anuk Fernando,3,0,,,,,,"",""
ball,1,9.1,Police Sports Club,D Induwara,PARP Perera,LA de Zoysa,0,0,,,,,,"",""
ball,1,9.2,Police Sports Club,D Induwara,PARP Perera,LA de Zoysa,1,0,,,,,,"",""
ball,1,9.3,Police Sports Club,PARP Perera,D Induwara,LA de Zoysa,0,0,,,,,,"",""
ball,1,9.4,Police Sports Club,PARP Perera,D Induwara,LA de Zoysa,0,0,,,,,,"",""
ball,1,9.5,Police Sports Club,PARP Perera,D Induwara,LA de Zoysa,0,0,,,,,,"",""
ball,1,9.6,Police Sports Club,PARP Perera,D Induwara,LA de Zoysa,4,0,,,,,,"",""
ball,1,10.1,Police Sports Club,D Induwara,PARP Perera,Anuk Fernando,0,0,,,,,,"",""
ball,1,10.2,Police Sports Club,D Induwara,PARP Perera,Anuk Fernando,1,0,,,,,,"",""
ball,1,10.3,Police Sports Club,PARP Perera,D Induwara,Anuk Fernando,4,0,,,,,,"",""
ball,1,10.4,Police Sports Club,PARP Perera,D Induwara,Anuk Fernando,1,0,,,,,,"",""
ball,1,10.5,Police Sports Club,D Induwara,PARP Perera,Anuk Fernando,0,0,,,,,,"",""
ball,1,10.6,Police Sports Club,D Induwara,PARP Perera,Anuk Fernando,1,0,,,,,,"",""
ball,1,11.1,Police Sports Club,D Induwara,PARP Perera,LA de Zoysa,1,0,,,,,,"",""
ball,1,11.2,Police Sports Club,PARP Perera,D Induwara,LA de Zoysa,1,0,,,,,,"",""
ball,1,11.3,Police Sports Club,D Induwara,PARP Perera,LA de Zoysa,1,0,,,,,,"",""
ball,1,11.4,Police Sports Club,PARP Perera,D Induwara,LA de Zoysa,0,0,,,,,,"",""
ball,1,11.5,Police Sports Club,PARP Perera,D Induwara,LA de Zoysa,1,0,,,,,,"",""
ball,1,11.6,Police Sports Club,D Induwara,PARP Perera,LA de Zoysa,0,0,,,,,,"",""
ball,1,12.1,Police Sports Club,PARP Perera,D Induwara,Anuk Fernando,0,0,,,,,,"",""
ball,1,12.2,Police Sports Club,PARP Perera,D Induwara,Anuk Fernando,0,0,,,,,,caught,PARP Perera
ball,1,12.3,Police Sports Club,KNA Bandara,D Induwara,Anuk Fernando,0,0,,,,,,"",""
ball,1,12.4,Police Sports Club,KNA Bandara,D Induwara,Anuk Fernando,1,0,,,,,,"",""
ball,1,12.5,Police Sports Club,D Induwara,KNA Bandara,Anuk Fernando,0,0,,,,,,"",""
ball,1,12.6,Police Sports Club,D Induwara,KNA Bandara,Anuk Fernando,0,0,,,,,,"",""
ball,1,13.1,Police Sports Club,KNA Bandara,D Induwara,LN Malinga,0,0,,,,,,"",""
ball,1,13.2,Police Sports Club,KNA Bandara,D Induwara,LN Malinga,0,0,,,,,,"",""
ball,1,13.3,Police Sports Club,KNA Bandara,D Induwara,LN Malinga,1,0,,,,,,"",""
ball,1,13.4,Police Sports Club,D Induwara,KNA Bandara,LN Malinga,0,0,,,,,,"",""
ball,1,13.5,Police Sports Club,D Induwara,KNA Bandara,LN Malinga,0,0,,,,,,"",""
ball,1,13.6,Police Sports Club,D Induwara,KNA Bandara,LN Malinga,0,0,,,,,,"",""
ball,1,14.1,Police Sports Club,KNA Bandara,D Induwara,Anuk Fernando,0,0,,,,,,"",""
ball,1,14.2,Police Sports Club,KNA Bandara,D Induwara,Anuk Fernando,0,0,,,,,,"",""
ball,1,14.3,Police Sports Club,KNA Bandara,D Induwara,Anuk Fernando,0,0,,,,,,"",""
ball,1,14.4,Police Sports Club,KNA Bandara,D Induwara,Anuk Fernando,1,0,,,,,,"",""
ball,1,14.5,Police Sports Club,D Induwara,KNA Bandara,Anuk Fernando,0,0,,,,,,"",""
ball,1,14.6,Police Sports Club,D Induwara,KNA Bandara,Anuk Fernando,1,0,,,,,,"",""
ball,1,15.1,Police Sports Club,D Induwara,KNA Bandara,LN Malinga,0,0,,,,,,"",""
ball,1,15.2,Police Sports Club,D Induwara,KNA Bandara,LN Malinga,1,0,,,,,,"",""
ball,1,15.3,Police Sports Club,KNA Bandara,D Induwara,LN Malinga,0,0,,,,,,"",""
ball,1,15.4,Police Sports Club,KNA Bandara,D Induwara,LN Malinga,0,0,,,,,,"",""
ball,1,15.5,Police Sports Club,KNA Bandara,D Induwara,LN Malinga,2,0,,,,,,"",""
ball,1,15.6,Police Sports Club,KNA Bandara,D Induwara,LN Malinga,1,0,,,,,,"",""
ball,1,16.1,Police Sports Club,KNA Bandara,D Induwara,Anuk Fernando,0,0,,,,,,"",""
ball,1,16.2,Police Sports Club,KNA Bandara,D Induwara,Anuk Fernando,0,0,,,,,,"",""
ball,1,16.3,Police Sports Club,KNA Bandara,D Induwara,Anuk Fernando,0,0,,,,,,"",""
ball,1,16.4,Police Sports Club,KNA Bandara,D Induwara,Anuk Fernando,1,0,,,,,,"",""
ball,1,16.5,Police Sports Club,D Induwara,KNA Bandara,Anuk Fernando,2,0,,,,,,"",""
ball,1,16.6,Police Sports Club,D Induwara,KNA Bandara,Anuk Fernando,0,0,,,,,,"",""
ball,1,17.1,Police Sports Club,KNA Bandara,D Induwara,LA de Zoysa,0,0,,,,,,"",""
ball,1,17.2,Police Sports Club,KNA Bandara,D Induwara,LA de Zoysa,1,0,,,,,,"",""
ball,1,17.3,Police Sports Club,D Induwara,KNA Bandara,LA de Zoysa,0,0,,,,,,"",""
ball,1,17.4,Police Sports Club,D Induwara,KNA Bandara,LA de Zoysa,0,0,,,,,,"",""
ball,1,17.5,Police Sports Club,D Induwara,KNA Bandara,LA de Zoysa,1,0,,,,,,"",""
ball,1,17.6,Police Sports Club,KNA Bandara,D Induwara,LA de Zoysa,0,0,,,,,,"",""
ball,1,18.1,Police Sports Club,D Induwara,KNA Bandara,Tillakaratne Sampath,0,0,,,,,,"",""
ball,1,18.2,Police Sports Club,D Induwara,KNA Bandara,Tillakaratne Sampath,1,0,,,,,,"",""
ball,1,18.3,Police Sports Club,KNA Bandara,D Induwara,Tillakaratne Sampath,0,0,,,,,,"",""
ball,1,18.4,Police Sports Club,KNA Bandara,D Induwara,Tillakaratne Sampath,0,0,,,,,,"",""
ball,1,18.5,Police Sports Club,KNA Bandara,D Induwara,Tillakaratne Sampath,1,0,,,,,,"",""
ball,1,18.6,Police Sports Club,D Induwara,KNA Bandara,Tillakaratne Sampath,0,0,,,,,,"",""
ball,1,19.1,Police Sports Club,KNA Bandara,D Induwara,MA Liyanapathiranage,1,0,,,,,,"",""
ball,1,19.2,Police Sports Club,D Induwara,KNA Bandara,MA Liyanapathiranage,4,0,,,,,,"",""
ball,1,19.3,Police Sports Club,D Induwara,KNA Bandara,MA Liyanapathiranage,0,0,,,,,,"",""
ball,1,19.4,Police Sports Club,D Induwara,KNA Bandara,MA Liyanapathiranage,1,0,,,,,,"",""
ball,1,19.5,Police Sports Club,KNA Bandara,D Induwara,MA Liyanapathiranage,4,0,,,,,,"",""
ball,1,19.6,Police Sports Club,KNA Bandara,D Induwara,MA Liyanapathiranage,1,0,,,,,,"",""
ball,1,20.1,Police Sports Club,KNA Bandara,D Induwara,Tillakaratne Sampath,1,0,,,,,,"",""
ball,1,20.2,Police Sports Club,D Induwara,KNA Bandara,Tillakaratne Sampath,1,0,,,,,,"",""
ball,1,20.3,Police Sports Club,KNA Bandara,D Induwara,Tillakaratne Sampath,0,0,,,,,,"",""
ball,1,20.4,Police Sports Club,KNA Bandara,D Induwara,Tillakaratne Sampath,1,0,,,,,,"",""
ball,1,20.5,Police Sports Club,D Induwara,KNA Bandara,Tillakaratne Sampath,0,0,,,,,,"",""
ball,1,20.6,Police Sports Club,D Induwara,KNA Bandara,Tillakaratne Sampath,1,0,,,,,,"",""
ball,1,21.1,Police Sports Club,D Induwara,KNA Bandara,MA Liyanapathiranage,0,0,,,,,,"",""
ball,1,21.2,Police Sports Club,D Induwara,KNA Bandara,MA Liyanapathiranage,1,0,,,,,,"",""
ball,1,21.3,Police Sports Club,KNA Bandara,D Induwara,MA Liyanapathiranage,0,0,,,,,,"",""
ball,1,21.4,Police Sports Club,KNA Bandara,D Induwara,MA Liyanapathiranage,0,0,,,,,,"",""
ball,1,21.5,Police Sports Club,KNA Bandara,D Induwara,MA Liyanapathiranage,0,0,,,,,,"",""
ball,1,21.6,Police Sports Club,KNA Bandara,D Induwara,MA Liyanapathiranage,0,0,,,,,,"",""
ball,1,22.1,Police Sports Club,D Induwara,KNA Bandara,Tillakaratne Sampath,0,0,,,,,,"",""
ball,1,22.2,Police Sports Club,D Induwara,KNA Bandara,Tillakaratne Sampath,0,0,,,,,,"",""
ball,1,22.3,Police Sports Club,D Induwara,KNA Bandara,Tillakaratne Sampath,3,0,,,,,,"",""
ball,1,22.4,Police Sports Club,KNA Bandara,D Induwara,Tillakaratne Sampath,0,0,,,,,,"",""
ball,1,22.5,Police Sports Club,KNA Bandara,D Induwara,Tillakaratne Sampath,0,0,,,,,,"",""
ball,1,22.6,Police Sports Club,KNA Bandara,D Induwara,Tillakaratne Sampath,0,0,,,,,,"",""
ball,1,23.1,Police Sports Club,D Induwara,KNA Bandara,MA Liyanapathiranage,0,0,,,,,,"",""
ball,1,23.2,Police Sports Club,D Induwara,KNA Bandara,MA Liyanapathiranage,0,0,,,,,,"",""
ball,1,23.3,Police Sports Club,D Induwara,KNA Bandara,MA Liyanapathiranage,0,0,,,,,,"",""
ball,1,23.4,Police Sports Club,D Induwara,KNA Bandara,MA Liyanapathiranage,1,0,,,,,,"",""
ball,1,23.5,Police Sports Club,KNA Bandara,D Induwara,MA Liyanapathiranage,1,0,,,,,,"",""
ball,1,23.6,Police Sports Club,D Induwara,KNA Bandara,MA Liyanapathiranage,0,0,,,,,,"",""
ball,1,24.1,Police Sports Club,KNA Bandara,D Induwara,Anuk Fernando,0,0,,,,,,"",""
ball,1,24.2,Police Sports Club,KNA Bandara,D Induwara,Anuk Fernando,1,0,,,,,,"",""
ball,1,24.3,Police Sports Club,D Induwara,KNA Bandara,Anuk Fernando,0,0,,,,,,"",""
ball,1,24.4,Police Sports Club,D Induwara,KNA Bandara,Anuk Fernando,0,0,,,,,,"",""
ball,1,24.5,Police Sports Club,D Induwara,KNA Bandara,Anuk Fernando,0,0,,,,,,"",""
ball,1,24.6,Police Sports Club,D Induwara,KNA Bandara,Anuk Fernando,0,0,,,,,,"",""
ball,1,25.1,Police Sports Club,KNA Bandara,D Induwara,LA de Zoysa,1,0,,,,,,"",""
ball,1,25.2,Police Sports Club,D Induwara,KNA Bandara,LA de Zoysa,0,0,,,,,,"",""
ball,1,25.3,Police Sports Club,D Induwara,KNA Bandara,LA de Zoysa,0,0,,,,,,"",""
ball,1,25.4,Police Sports Club,D Induwara,KNA Bandara,LA de Zoysa,4,0,,,,,,"",""
ball,1,25.5,Police Sports Club,D Induwara,KNA Bandara,LA de Zoysa,0,0,,,,,,"",""
ball,1,25.6,Police Sports Club,D Induwara,KNA Bandara,LA de Zoysa,0,0,,,,,,"",""
ball,1,26.1,Police Sports Club,KNA Bandara,D Induwara,Anuk Fernando,1,0,,,,,,"",""
ball,1,26.2,Police Sports Club,D Induwara,KNA Bandara,Anuk Fernando,0,0,,,,,,"",""
ball,1,26.3,Police Sports Club,D Induwara,KNA Bandara,Anuk Fernando,0,0,,,,,,"",""
ball,1,26.4,Police Sports Club,D Induwara,KNA Bandara,Anuk Fernando,4,0,,,,,,"",""
ball,1,26.5,Police Sports Club,D Induwara,KNA Bandara,Anuk Fernando,1,0,,,,,,"",""
ball,1,26.6,Police Sports Club,KNA Bandara,D Induwara,Anuk Fernando,1,0,,,,,,"",""
ball,1,27.1,Police Sports Club,KNA Bandara,D Induwara,LA de Zoysa,2,0,,,,,,"",""
ball,1,27.2,Police Sports Club,KNA Bandara,D Induwara,LA de Zoysa,0,0,,,,,,"",""
ball,1,27.3,Police Sports Club,KNA Bandara,D Induwara,LA de Zoysa,0,0,,,,,,"",""
ball,1,27.4,Police Sports Club,KNA Bandara,D Induwara,LA de Zoysa,4,0,,,,,,"",""
ball,1,27.5,Police Sports Club,KNA Bandara,D Induwara,LA de Zoysa,0,0,,,,,,"",""
ball,1,27.6,Police Sports Club,KNA Bandara,D Induwara,LA de Zoysa,0,0,,,,,,"",""
ball,1,28.1,Police Sports Club,D Induwara,KNA Bandara,BGS Mendis,0,4,,,4,,,"",""
ball,1,28.2,Police Sports Club,D Induwara,KNA Bandara,BGS Mendis,2,0,,,,,,"",""
ball,1,28.3,Police Sports Club,D Induwara,KNA Bandara,BGS Mendis,0,0,,,,,,"",""
ball,1,28.4,Police Sports Club,D Induwara,KNA Bandara,BGS Mendis,2,1,,1,,,,"",""
ball,1,28.5,Police Sports Club,D Induwara,KNA Bandara,BGS Mendis,0,0,,,,,,caught,D Induwara
ball,1,28.6,Police Sports Club,Vishad Randika,KNA Bandara,BGS Mendis,1,0,,,,,,"",""
ball,1,28.7,Police Sports Club,KNA Bandara,Vishad Randika,BGS Mendis,1,0,,,,,,"",""
ball,1,29.1,Police Sports Club,KNA Bandara,Vishad Randika,LN Malinga,1,0,,,,,,"",""
ball,1,29.2,Police Sports Club,Vishad Randika,KNA Bandara,LN Malinga,0,0,,,,,,"",""
ball,1,29.3,Police Sports Club,Vishad Randika,KNA Bandara,LN Malinga,0,0,,,,,,"",""
ball,1,29.4,Police Sports Club,Vishad Randika,KNA Bandara,LN Malinga,0,0,,,,,,"",""
ball,1,29.5,Police Sports Club,Vishad Randika,KNA Bandara,LN Malinga,0,0,,,,,,"",""
ball,1,29.6,Police Sports Club,Vishad Randika,KNA Bandara,LN Malinga,1,0,,,,,,"",""
ball,1,30.1,Police Sports Club,Vishad Randika,KNA Bandara,BGS Mendis,1,0,,,,,,"",""
ball,1,30.2,Police Sports Club,KNA Bandara,Vishad Randika,BGS Mendis,0,0,,,,,,"",""
ball,1,30.3,Police Sports Club,KNA Bandara,Vishad Randika,BGS Mendis,0,0,,,,,,"",""
ball,1,30.4,Police Sports Club,KNA Bandara,Vishad Randika,BGS Mendis,0,0,,,,,,"",""
ball,1,30.5,Police Sports Club,KNA Bandara,Vishad Randika,BGS Mendis,0,0,,,,,,"",""
ball,1,30.6,Police Sports Club,KNA Bandara,Vishad Randika,BGS Mendis,0,0,,,,,,"",""
ball,1,31.1,Police Sports Club,Vishad Randika,KNA Bandara,LN Malinga,1,0,,,,,,"",""
ball,1,31.2,Police Sports Club,KNA Bandara,Vishad Randika,LN Malinga,4,0,,,,,,"",""
ball,1,31.3,Police Sports Club,KNA Bandara,Vishad Randika,LN Malinga,0,0,,,,,,"",""
ball,1,31.4,Police Sports Club,KNA Bandara,Vishad Randika,LN Malinga,1,0,,,,,,"",""
ball,1,31.5,Police Sports Club,Vishad Randika,KNA Bandara,LN Malinga,0,0,,,,,,"",""
ball,1,31.6,Police Sports Club,Vishad Randika,KNA Bandara,LN Malinga,4,0,,,,,,"",""
ball,1,32.1,Police Sports Club,KNA Bandara,Vishad Randika,BGS Mendis,0,0,,,,,,"",""
ball,1,32.2,Police Sports Club,KNA Bandara,Vishad Randika,BGS Mendis,0,0,,,,,,"",""
ball,1,32.3,Police Sports Club,KNA Bandara,Vishad Randika,BGS Mendis,1,0,,,,,,"",""
ball,1,32.4,Police Sports Club,Vishad Randika,KNA Bandara,BGS Mendis,0,0,,,,,,"",""
ball,1,32.5,Police Sports Club,Vishad Randika,KNA Bandara,BGS Mendis,0,0,,,,,,"",""
ball,1,32.6,Police Sports Club,Vishad Randika,KNA Bandara,BGS Mendis,0,0,,,,,,"",""
ball,1,33.1,Police Sports Club,KNA Bandara,Vishad Randika,LA de Zoysa,1,0,,,,,,"",""
ball,1,33.2,Police Sports Club,Vishad Randika,KNA Bandara,LA de Zoysa,1,0,,,,,,"",""
ball,1,33.3,Police Sports Club,KNA Bandara,Vishad Randika,LA de Zoysa,1,0,,,,,,"",""
ball,1,33.4,Police Sports Club,Vishad Randika,KNA Bandara,LA de Zoysa,0,0,,,,,,"",""
ball,1,33.5,Police Sports Club,Vishad Randika,KNA Bandara,LA de Zoysa,1,0,,,,,,"",""
ball,1,33.6,Police Sports Club,KNA Bandara,Vishad Randika,LA de Zoysa,0,0,,,,,,"",""
ball,1,34.1,Police Sports Club,Vishad Randika,KNA Bandara,LN Malinga,1,0,,,,,,"",""
ball,1,34.2,Police Sports Club,KNA Bandara,Vishad Randika,LN Malinga,0,0,,,,,,"",""
ball,1,34.3,Police Sports Club,KNA Bandara,Vishad Randika,LN Malinga,1,0,,,,,,"",""
ball,1,34.4,Police Sports Club,Vishad Randika,KNA Bandara,LN Malinga,0,0,,,,,,"",""
ball,1,34.5,Police Sports Club,Vishad Randika,KNA Bandara,LN Malinga,1,0,,,,,,"",""
ball,1,34.6,Police Sports Club,KNA Bandara,Vishad Randika,LN Malinga,1,0,,,,,,"",""
ball,1,35.1,Police Sports Club,KNA Bandara,Vishad Randika,BGS Mendis,0,0,,,,,,"",""
ball,1,35.2,Police Sports Club,KNA Bandara,Vishad Randika,BGS Mendis,1,0,,,,,,"",""
ball,1,35.3,Police Sports Club,Vishad Randika,KNA Bandara,BGS Mendis,1,0,,,,,,"",""
ball,1,35.4,Police Sports Club,KNA Bandara,Vishad Randika,BGS Mendis,1,0,,,,,,"",""
ball,1,35.5,Police Sports Club,Vishad Randika,KNA Bandara,BGS Mendis,4,0,,,,,,"",""
ball,1,35.6,Police Sports Club,Vishad Randika,KNA Bandara,BGS Mendis,0,0,,,,,,"",""
ball,1,36.1,Police Sports Club,KNA Bandara,Vishad Randika,LN Malinga,1,0,,,,,,"",""
ball,1,36.2,Police Sports Club,Vishad Randika,KNA Bandara,LN Malinga,0,0,,,,,,"",""
ball,1,36.3,Police Sports Club,Vishad Randika,KNA Bandara,LN Malinga,1,0,,,,,,"",""
ball,1,36.4,Police Sports Club,KNA Bandara,Vishad Randika,LN Malinga,0,0,,,,,,"",""
ball,1,36.5,Police Sports Club,KNA Bandara,Vishad Randika,LN Malinga,1,0,,,,,,"",""
ball,1,36.6,Police Sports Club,Vishad Randika,KNA Bandara,LN Malinga,0,0,,,,,,"",""
ball,1,37.1,Police Sports Club,KNA Bandara,Vishad Randika,BGS Mendis,1,0,,,,,,"",""
ball,1,37.2,Police Sports Club,Vishad Randika,KNA Bandara,BGS Mendis,0,0,,,,,,"",""
ball,1,37.3,Police Sports Club,Vishad Randika,KNA Bandara,BGS Mendis,0,0,,,,,,"",""
ball,1,37.4,Police Sports Club,Vishad Randika,KNA Bandara,BGS Mendis,1,0,,,,,,"",""
ball,1,37.5,Police Sports Club,KNA Bandara,Vishad Randika,BGS Mendis,2,0,,,,,,"",""
ball,1,37.6,Police Sports Club,KNA Bandara,Vishad Randika,BGS Mendis,0,0,,,,,,"",""
ball,1,38.1,Police Sports Club,Vishad Randika,KNA Bandara,Anuk Fernando,0,1,1,,,,,"",""
ball,1,38.2,Police Sports Club,Vishad Randika,KNA Bandara,Anuk Fernando,1,0,,,,,,"",""
ball,1,38.3,Police Sports Club,KNA Bandara,Vishad Randika,Anuk Fernando,0,0,,,,,,"",""
ball,1,38.4,Police Sports Club,KNA Bandara,Vishad Randika,Anuk Fernando,0,0,,,,,,"",""
ball,1,38.5,Police Sports Club,KNA Bandara,Vishad Randika,Anuk Fernando,2,0,,,,,,"",""
ball,1,38.6,Police Sports Club,KNA Bandara,Vishad Randika,Anuk Fernando,0,0,,,,,,"",""
ball,1,38.7,Police Sports Club,KNA Bandara,Vishad Randika,Anuk Fernando,1,0,,,,,,"",""
ball,1,39.1,Police Sports Club,KNA Bandara,Vishad Randika,BGS Mendis,1,0,,,,,,"",""
ball,1,39.2,Police Sports Club,Vishad Randika,KNA Bandara,BGS Mendis,1,0,,,,,,"",""
ball,1,39.3,Police Sports Club,KNA Bandara,Vishad Randika,BGS Mendis,0,0,,,,,,"",""
ball,1,39.4,Police Sports Club,KNA Bandara,Vishad Randika,BGS Mendis,0,0,,,,,,"",""
ball,1,39.5,Police Sports Club,KNA Bandara,Vishad Randika,BGS Mendis,0,0,,,,,,"",""
ball,1,39.6,Police Sports Club,KNA Bandara,Vishad Randika,BGS Mendis,0,0,,,,,,"",""
ball,1,40.1,Police Sports Club,Vishad Randika,KNA Bandara,Anuk Fernando,0,0,,,,,,"",""
ball,1,40.2,Police Sports Club,Vishad Randika,KNA Bandara,Anuk Fernando,0,0,,,,,,"",""
ball,1,40.3,Police Sports Club,Vishad Randika,KNA Bandara,Anuk Fernando,0,0,,,,,,"",""
ball,1,40.4,Police Sports Club,Vishad Randika,KNA Bandara,Anuk Fernando,0,0,,,,,,"",""
ball,1,40.5,Police Sports Club,Vishad Randika,KNA Bandara,Anuk Fernando,0,0,,,,,,"",""
ball,1,40.6,Police Sports Club,Vishad Randika,KNA Bandara,Anuk Fernando,0,0,,,,,,"",""
ball,1,41.1,Police Sports Club,KNA Bandara,Vishad Randika,BGS Mendis,1,0,,,,,,"",""
ball,1,41.2,Police Sports Club,Vishad Randika,KNA Bandara,BGS Mendis,0,0,,,,,,"",""
ball,1,41.3,Police Sports Club,Vishad Randika,KNA Bandara,BGS Mendis,0,0,,,,,,"",""
ball,1,41.4,Police Sports Club,Vishad Randika,KNA Bandara,BGS Mendis,1,0,,,,,,"",""
ball,1,41.5,Police Sports Club,KNA Bandara,Vishad Randika,BGS Mendis,0,0,,,,,,"",""
ball,1,41.6,Police Sports Club,KNA Bandara,Vishad Randika,BGS Mendis,0,0,,,,,,"",""
ball,1,42.1,Police Sports Club,Vishad Randika,KNA Bandara,Anuk Fernando,0,0,,,,,,"",""
ball,1,42.2,Police Sports Club,Vishad Randika,KNA Bandara,Anuk Fernando,0,0,,,,,,"",""
ball,1,42.3,Police Sports Club,Vishad Randika,KNA Bandara,Anuk Fernando,1,0,,,,,,"",""
ball,1,42.4,Police Sports Club,KNA Bandara,Vishad Randika,Anuk Fernando,0,0,,,,,,"",""
ball,1,42.5,Police Sports Club,KNA Bandara,Vishad Randika,Anuk Fernando,0,0,,,,,,"",""
ball,1,42.6,Police Sports Club,KNA Bandara,Vishad Randika,Anuk Fernando,1,0,,,,,,"",""
ball,1,43.1,Police Sports Club,KNA Bandara,Vishad Randika,BGS Mendis,1,0,,,,,,"",""
ball,1,43.2,Police Sports Club,Vishad Randika,KNA Bandara,BGS Mendis,0,0,,,,,,"",""
ball,1,43.3,Police Sports Club,Vishad Randika,KNA Bandara,BGS Mendis,0,0,,,,,,"",""
ball,1,43.4,Police Sports Club,Vishad Randika,KNA Bandara,BGS Mendis,0,0,,,,,,"",""
ball,1,43.5,Police Sports Club,Vishad Randika,KNA Bandara,BGS Mendis,0,0,,,,,,"",""
ball,1,43.6,Police Sports Club,Vishad Randika,KNA Bandara,BGS Mendis,0,0,,,,,,"",""
ball,1,44.1,Police Sports Club,KNA Bandara,Vishad Randika,Anuk Fernando,0,0,,,,,,"",""
ball,1,44.2,Police Sports Club,KNA Bandara,Vishad Randika,Anuk Fernando,2,0,,,,,,"",""
ball,1,44.3,Police Sports Club,KNA Bandara,Vishad Randika,Anuk Fernando,0,0,,,,,,"",""
ball,1,44.4,Police Sports Club,KNA Bandara,Vishad Randika,Anuk Fernando,1,0,,,,,,"",""
ball,1,44.5,Police Sports Club,Vishad Randika,KNA Bandara,Anuk Fernando,0,0,,,,,,"",""
ball,1,44.6,Police Sports Club,Vishad Randika,KNA Bandara,Anuk Fernando,0,0,,,,,,"",""
ball,1,45.1,Police Sports Club,KNA Bandara,Vishad Randika,BGS Mendis,0,0,,,,,,"",""
ball,1,45.2,Police Sports Club,KNA Bandara,Vishad Randika,BGS Mendis,1,0,,,,,,"",""
ball,1,45.3,Police Sports Club,Vishad Randika,KNA Bandara,BGS Mendis,0,0,,,,,,"",""
ball,1,45.4,Police Sports Club,Vishad Randika,KNA Bandara,BGS Mendis,0,0,,,,,,"",""
ball,1,45.5,Police Sports Club,Vishad Randika,KNA Bandara,BGS Mendis,0,0,,,,,,"",""
ball,1,45.6,Police Sports Club,Vishad Randika,KNA Bandara,BGS Mendis,0,0,,,,,,"",""
ball,1,46.1,Police Sports Club,KNA Bandara,Vishad Randika,Tillakaratne Sampath,1,0,,,,,,"",""
ball,1,46.2,Police Sports Club,Vishad Randika,KNA Bandara,Tillakaratne Sampath,1,0,,,,,,"",""
ball,1,46.3,Police Sports Club,KNA Bandara,Vishad Randika,Tillakaratne Sampath,0,0,,,,,,"",""
ball,1,46.4,Police Sports Club,KNA Bandara,Vishad Randika,Tillakaratne Sampath,1,0,,,,,,"",""
ball,1,46.5,Police Sports Club,Vishad Randika,KNA Bandara,Tillakaratne Sampath,0,0,,,,,,"",""
ball,1,46.6,Police Sports Club,Vishad Randika,KNA Bandara,Tillakaratne Sampath,0,0,,,,,,"",""
ball,1,47.1,Police Sports Club,KNA Bandara,Vishad Randika,BGS Mendis,1,0,,,,,,"",""
ball,1,47.2,Police Sports Club,Vishad Randika,KNA Bandara,BGS Mendis,0,0,,,,,,"",""
ball,1,47.3,Police Sports Club,Vishad Randika,KNA Bandara,BGS Mendis,1,0,,,,,,"",""
ball,1,47.4,Police Sports Club,KNA Bandara,Vishad Randika,BGS Mendis,0,0,,,,,,"",""
ball,1,47.5,Police Sports Club,KNA Bandara,Vishad Randika,BGS Mendis,0,0,,,,,,"",""
ball,1,47.6,Police Sports Club,KNA Bandara,Vishad Randika,BGS Mendis,0,0,,,,,,"",""
ball,1,48.1,Police Sports Club,Vishad Randika,KNA Bandara,Tillakaratne Sampath,0,0,,,,,,"",""
ball,1,48.2,Police Sports Club,Vishad Randika,KNA Bandara,Tillakaratne Sampath,0,0,,,,,,"",""
ball,1,48.3,Police Sports Club,Vishad Randika,KNA Bandara,Tillakaratne Sampath,0,0,,,,,,"",""
ball,1,48.4,Police Sports Club,Vishad Randika,KNA Bandara,Tillakaratne Sampath,0,0,,,,,,"",""
ball,1,48.5,Police Sports Club,Vishad Randika,KNA Bandara,Tillakaratne Sampath,1,0,,,,,,"",""
ball,1,48.6,Police Sports Club,KNA Bandara,Vishad Randika,Tillakaratne Sampath,1,0,,,,,,"",""
ball,1,49.1,Police Sports Club,KNA Bandara,Vishad Randika,BGS Mendis,0,0,,,,,,"",""
ball,1,49.2,Police Sports Club,KNA Bandara,Vishad Randika,BGS Mendis,0,0,,,,,,"",""
ball,1,49.3,Police Sports Club,KNA Bandara,Vishad Randika,BGS Mendis,0,0,,,,,,"",""
ball,1,49.4,Police Sports Club,KNA Bandara,Vishad Randika,BGS Mendis,0,0,,,,,,"",""
ball,1,49.5,Police Sports Club,KNA Bandara,Vishad Randika,BGS Mendis,0,0,,,,,,"",""
ball,1,49.6,Police Sports Club,KNA Bandara,Vishad Randika,BGS Mendis,1,0,,,,,,"",""
ball,1,50.1,Police Sports Club,KNA Bandara,Vishad Randika,Tillakaratne Sampath,1,0,,,,,,"",""
ball,1,50.2,Police Sports Club,Vishad Randika,KNA Bandara,Tillakaratne Sampath,4,0,,,,,,"",""
ball,1,50.3,Police Sports Club,Vishad Randika,KNA Bandara,Tillakaratne Sampath,1,0,,,,,,"",""
ball,1,50.4,Police Sports Club,KNA Bandara,Vishad Randika,Tillakaratne Sampath,0,0,,,,,,"",""
ball,1,50.5,Police Sports Club,KNA Bandara,Vishad Randika,Tillakaratne Sampath,1,0,,,,,,"",""
ball,1,50.6,Police Sports Club,Vishad Randika,KNA Bandara,Tillakaratne Sampath,0,0,,,,,,"",""
ball,1,51.1,Police Sports Club,KNA Bandara,Vishad Randika,BGS Mendis,0,0,,,,,,"",""
ball,1,51.2,Police Sports Club,KNA Bandara,Vishad Randika,BGS Mendis,0,0,,,,,,"",""
ball,1,51.3,Police Sports Club,KNA Bandara,Vishad Randika,BGS Mendis,0,0,,,,,,"",""
ball,1,51.4,Police Sports Club,KNA Bandara,Vishad Randika,BGS Mendis,0,0,,,,,,"",""
ball,1,51.5,Police Sports Club,KNA Bandara,Vishad Randika,BGS Mendis,0,0,,,,,,"",""
ball,1,51.6,Police Sports Club,KNA Bandara,Vishad Randika,BGS Mendis,0,0,,,,,,"",""
ball,1,52.1,Police Sports Club,Vishad Randika,KNA Bandara,MA Liyanapathiranage,0,0,,,,,,"",""
ball,1,52.2,Police Sports Club,Vishad Randika,KNA Bandara,MA Liyanapathiranage,0,0,,,,,,"",""
ball,1,52.3,Police Sports Club,Vishad Randika,KNA Bandara,MA Liyanapathiranage,1,0,,,,,,"",""
ball,1,52.4,Police Sports Club,KNA Bandara,Vishad Randika,MA Liyanapathiranage,0,0,,,,,,"",""
ball,1,52.5,Police Sports Club,KNA Bandara,Vishad Randika,MA Liyanapathiranage,0,0,,,,,,"",""
ball,1,52.6,Police Sports Club,KNA Bandara,Vishad Randika,MA Liyanapathiranage,1,0,,,,,,"",""
ball,1,53.1,Police Sports Club,KNA Bandara,Vishad Randika,BGS Mendis,0,0,,,,,,"",""
ball,1,53.2,Police Sports Club,KNA Bandara,Vishad Randika,BGS Mendis,1,0,,,,,,"",""
ball,1,53.3,Police Sports Club,Vishad Randika,KNA Bandara,BGS Mendis,0,0,,,,,,"",""
ball,1,53.4,Police Sports Club,Vishad Randika,KNA Bandara,BGS Mendis,0,0,,,,,,"",""
ball,1,53.5,Police Sports Club,Vishad Randika,KNA Bandara,BGS Mendis,1,0,,,,,,"",""
ball,1,53.6,Police Sports Club,KNA Bandara,Vishad Randika,BGS Mendis,0,0,,,,,,"",""
ball,1,54.1,Police Sports Club,Vishad Randika,KNA Bandara,MA Liyanapathiranage,1,0,,,,,,"",""
ball,1,54.2,Police Sports Club,KNA Bandara,Vishad Randika,MA Liyanapathiranage,1,0,,,,,,"",""
ball,1,54.3,Police Sports Club,Vishad Randika,KNA Bandara,MA Liyanapathiranage,0,0,,,,,,"",""
ball,1,54.4,Police Sports Club,Vishad Randika,KNA Bandara,MA Liyanapathiranage,0,0,,,,,,"",""
ball,1,54.5,Police Sports Club,Vishad Randika,KNA Bandara,MA Liyanapathiranage,2,0,,,,,,"",""
ball,1,54.6,Police Sports Club,Vishad Randika,KNA Bandara,MA Liyanapathiranage,0,0,,,,,,"",""
ball,1,55.1,Police Sports Club,KNA Bandara,Vishad Randika,BGS Mendis,0,0,,,,,,"",""
ball,1,55.2,Police Sports Club,KNA Bandara,Vishad Randika,BGS Mendis,0,0,,,,,,"",""
ball,1,55.3,Police Sports Club,KNA Bandara,Vishad Randika,BGS Mendis,0,0,,,,,,"",""
ball,1,55.4,Police Sports Club,KNA Bandara,Vishad Randika,BGS Mendis,4,0,,,,,,"",""
ball,1,55.5,Police Sports Club,KNA Bandara,Vishad Randika,BGS Mendis,1,0,,,,,,"",""
ball,1,55.6,Police Sports Club,Vishad Randika,KNA Bandara,BGS Mendis,0,0,,,,,,"",""
ball,1,56.1,Police Sports Club,KNA Bandara,Vishad Randika,LN Malinga,1,0,,,,,,"",""
ball,1,56.2,Police Sports Club,Vishad Randika,KNA Bandara,LN Malinga,0,0,,,,,,"",""
ball,1,56.3,Police Sports Club,Vishad Randika,KNA Bandara,LN Malinga,2,0,,,,,,"",""
ball,1,56.4,Police Sports Club,Vishad Randika,KNA Bandara,LN Malinga,0,0,,,,,,"",""
ball,1,56.5,Police Sports Club,Vishad Randika,KNA Bandara,LN Malinga,0,0,,,,,,"",""
ball,1,56.6,Police Sports Club,Vishad Randika,KNA Bandara,LN Malinga,1,0,,,,,,"",""
ball,1,57.1,Police Sports Club,Vishad Randika,KNA Bandara,BGS Mendis,0,0,,,,,,"",""
ball,1,57.2,Police Sports Club,Vishad Randika,KNA Bandara,BGS Mendis,0,0,,,,,,"",""
ball,1,57.3,Police Sports Club,Vishad Randika,KNA Bandara,BGS Mendis,0,0,,,,,,"",""
ball,1,57.4,Police Sports Club,Vishad Randika,KNA Bandara,BGS Mendis,0,0,,,,,,"",""
ball,1,57.5,Police Sports Club,Vishad Randika,KNA Bandara,BGS Mendis,2,0,,,,,,"",""
ball,1,57.6,Police Sports Club,Vishad Randika,KNA Bandara,BGS Mendis,0,0,,,,,,"",""
ball,1,58.1,Police Sports Club,KNA Bandara,Vishad Randika,LN Malinga,1,0,,,,,,"",""
ball,1,58.2,Police Sports Club,Vishad Randika,KNA Bandara,LN Malinga,0,0,,,,,,"",""
ball,1,58.3,Police Sports Club,Vishad Randika,KNA Bandara,LN Malinga,0,0,,,,,,"",""
ball,1,58.4,Police Sports Club,Vishad Randika,KNA Bandara,LN Malinga,0,0,,,,,,"",""
ball,1,58.5,Police Sports Club,Vishad Randika,KNA Bandara,LN Malinga,0,0,,,,,,"",""
ball,1,58.6,Police Sports Club,Vishad Randika,KNA Bandara,LN Malinga,0,0,,,,,,"",""
ball,1,59.1,Police Sports Club,KNA Bandara,Vishad Randika,Anuk Fernando,0,0,,,,,,"",""
ball,1,59.2,Police Sports Club,KNA Bandara,Vishad Randika,Anuk Fernando,0,0,,,,,,"",""
ball,1,59.3,Police Sports Club,KNA Bandara,Vishad Randika,Anuk Fernando,0,0,,,,,,"",""
ball,1,59.4,Police Sports Club,KNA Bandara,Vishad Randika,Anuk Fernando,1,0,,,,,,"",""
ball,1,59.5,Police Sports Club,Vishad Randika,KNA Bandara,Anuk Fernando,0,1,,,1,,,"",""
ball,1,59.6,Police Sports Club,KNA Bandara,Vishad Randika,Anuk Fernando,0,0,,,,,,"",""
ball,1,60.1,Police Sports Club,Vishad Randika,KNA Bandara,LN Malinga,0,0,,,,,,"",""
ball,1,60.2,Police Sports Club,Vishad Randika,KNA Bandara,LN Malinga,2,0,,,,,,"",""
ball,1,60.3,Police Sports Club,Vishad Randika,KNA Bandara,LN Malinga,0,0,,,,,,"",""
ball,1,60.4,Police Sports Club,Vishad Randika,KNA Bandara,LN Malinga,1,0,,,,,,"",""
ball,1,60.5,Police Sports Club,KNA Bandara,Vishad Randika,LN Malinga,0,0,,,,,,"",""
ball,1,60.6,Police Sports Club,KNA Bandara,Vishad Randika,LN Malinga,4,0,,,,,,"",""
ball,1,61.1,Police Sports Club,Vishad Randika,KNA Bandara,Anuk Fernando,0,0,,,,,,"",""
ball,1,61.2,Police Sports Club,Vishad Randika,KNA Bandara,Anuk Fernando,0,0,,,,,,"",""
ball,1,61.3,Police Sports Club,Vishad Randika,KNA Bandara,Anuk Fernando,0,0,,,,,,"",""
ball,1,61.4,Police Sports Club,Vishad Randika,KNA Bandara,Anuk Fernando,0,0,,,,,,"",""
ball,1,61.5,Police Sports Club,Vishad Randika,KNA Bandara,Anuk Fernando,4,0,,,,,,"",""
ball,1,61.6,Police Sports Club,Vishad Randika,KNA Bandara,Anuk Fernando,0,0,,,,,,"",""
ball,1,62.1,Police Sports Club,KNA Bandara,Vishad Randika,LN Malinga,1,0,,,,,,"",""
ball,1,62.2,Police Sports Club,Vishad Randika,KNA Bandara,LN Malinga,0,0,,,,,,"",""
ball,1,62.3,Police Sports Club,Vishad Randika,KNA Bandara,LN Malinga,0,0,,,,,,"",""
ball,1,62.4,Police Sports Club,Vishad Randika,KNA Bandara,LN Malinga,1,0,,,,,,"",""
ball,1,62.5,Police Sports Club,KNA Bandara,Vishad Randika,LN Malinga,2,0,,,,,,"",""
ball,1,62.6,Police Sports Club,KNA Bandara,Vishad Randika,LN Malinga,4,0,,,,,,"",""
ball,1,63.1,Police Sports Club,Vishad Randika,KNA Bandara,LA de Zoysa,1,0,,,,,,"",""
ball,1,63.2,Police Sports Club,KNA Bandara,Vishad Randika,LA de Zoysa,0,0,,,,,,"",""
ball,1,63.3,Police Sports Club,KNA Bandara,Vishad Randika,LA de Zoysa,0,0,,,,,,"",""
ball,1,63.4,Police Sports Club,KNA Bandara,Vishad Randika,LA de Zoysa,2,0,,,,,,"",""
ball,1,63.5,Police Sports Club,KNA Bandara,Vishad Randika,LA de Zoysa,0,0,,,,,,"",""
ball,1,63.6,Police Sports Club,KNA Bandara,Vishad Randika,LA de Zoysa,4,0,,,,,,"",""
ball,1,64.1,Police Sports Club,Vishad Randika,KNA Bandara,Tillakaratne Sampath,0,0,,,,,,"",""
ball,1,64.2,Police Sports Club,Vishad Randika,KNA Bandara,Tillakaratne Sampath,0,0,,,,,,"",""
ball,1,64.3,Police Sports Club,Vishad Randika,KNA Bandara,Tillakaratne Sampath,0,0,,,,,,"",""
ball,1,64.4,Police Sports Club,Vishad Randika,KNA Bandara,Tillakaratne Sampath,0,0,,,,,,"",""
ball,1,64.5,Police Sports Club,Vishad Randika,KNA Bandara,Tillakaratne Sampath,1,0,,,,,,"",""
ball,1,64.6,Police Sports Club,KNA Bandara,Vishad Randika,Tillakaratne Sampath,2,0,,,,,,"",""
ball,1,65.1,Police Sports Club,Vishad Randika,KNA Bandara,LA de Zoysa,0,0,,,,,,"",""
ball,1,65.2,Police Sports Club,Vishad Randika,KNA Bandara,LA de Zoysa,2,0,,,,,,"",""
ball,1,65.3,Police Sports Club,Vishad Randika,KNA Bandara,LA de Zoysa,1,0,,,,,,"",""
ball,1,65.4,Police Sports Club,KNA Bandara,Vishad Randika,LA de Zoysa,4,0,,,,,,"",""
ball,1,65.5,Police Sports Club,KNA Bandara,Vishad Randika,LA de Zoysa,0,0,,,,,,"",""
ball,1,65.6,Police Sports Club,KNA Bandara,Vishad Randika,LA de Zoysa,0,0,,,,,,"",""
ball,1,66.1,Police Sports Club,Vishad Randika,KNA Bandara,Tillakaratne Sampath,0,0,,,,,,"",""
ball,1,66.2,Police Sports Club,Vishad Randika,KNA Bandara,Tillakaratne Sampath,0,0,,,,,,"",""
ball,1,66.3,Police Sports Club,Vishad Randika,KNA Bandara,Tillakaratne Sampath,0,0,,,,,,"",""
ball,1,66.4,Police Sports Club,Vishad Randika,KNA Bandara,Tillakaratne Sampath,0,0,,,,,,"",""
ball,1,66.5,Police Sports Club,Vishad Randika,KNA Bandara,Tillakaratne Sampath,2,0,,,,,,"",""
ball,1,66.6,Police Sports Club,Vishad Randika,KNA Bandara,Tillakaratne Sampath,0,0,,,,,,"",""
ball,1,67.1,Police Sports Club,KNA Bandara,Vishad Randika,LA de Zoysa,0,0,,,,,,"",""
ball,1,67.2,Police Sports Club,KNA Bandara,Vishad Randika,LA de Zoysa,0,0,,,,,,"",""
ball,1,67.3,Police Sports Club,KNA Bandara,Vishad Randika,LA de Zoysa,0,0,,,,,,"",""
ball,1,67.4,Police Sports Club,KNA Bandara,Vishad Randika,LA de Zoysa,1,0,,,,,,"",""
ball,1,67.5,Police Sports Club,Vishad Randika,KNA Bandara,LA de Zoysa,0,0,,,,,,"",""
ball,1,67.6,Police Sports Club,Vishad Randika,KNA Bandara,LA de Zoysa,0,0,,,,,,"",""
ball,1,68.1,Police Sports Club,KNA Bandara,Vishad Randika,Tillakaratne Sampath,0,0,,,,,,"",""
ball,1,68.2,Police Sports Club,KNA Bandara,Vishad Randika,Tillakaratne Sampath,0,0,,,,,,"",""
ball,1,68.3,Police Sports Club,KNA Bandara,Vishad Randika,Tillakaratne Sampath,0,0,,,,,,"",""
ball,1,68.4,Police Sports Club,KNA Bandara,Vishad Randika,Tillakaratne Sampath,1,0,,,,,,"",""
ball,1,68.5,Police Sports Club,Vishad Randika,KNA Bandara,Tillakaratne Sampath,1,0,,,,,,"",""
ball,1,68.6,Police Sports Club,KNA Bandara,Vishad Randika,Tillakaratne Sampath,1,0,,,,,,"",""
ball,1,69.1,Police Sports Club,KNA Bandara,Vishad Randika,LA de Zoysa,1,0,,,,,,"",""
ball,1,69.2,Police Sports Club,Vishad Randika,KNA Bandara,LA de Zoysa,2,0,,,,,,"",""
ball,1,69.3,Police Sports Club,Vishad Randika,KNA Bandara,LA de Zoysa,0,0,,,,,,"",""
ball,1,69.4,Police Sports Club,Vishad Randika,KNA Bandara,LA de Zoysa,1,0,,,,,,"",""
ball,1,69.5,Police Sports Club,KNA Bandara,Vishad Randika,LA de Zoysa,0,0,,,,,,"",""
ball,1,69.6,Police Sports Club,KNA Bandara,Vishad Randika,LA de Zoysa,0,0,,,,,,"",""
ball,1,70.1,Police Sports Club,Vishad Randika,KNA Bandara,Tillakaratne Sampath,4,0,,,,,,"",""
ball,1,70.2,Police Sports Club,Vishad Randika,KNA Bandara,Tillakaratne Sampath,1,0,,,,,,"",""
ball,1,70.3,Police Sports Club,KNA Bandara,Vishad Randika,Tillakaratne Sampath,0,0,,,,,,"",""
ball,1,70.4,Police Sports Club,KNA Bandara,Vishad Randika,Tillakaratne Sampath,0,0,,,,,,"",""
ball,1,70.5,Police Sports Club,KNA Bandara,Vishad Randika,Tillakaratne Sampath,0,0,,,,,,"",""
ball,1,70.6,Police Sports Club,KNA Bandara,Vishad Randika,Tillakaratne Sampath,0,0,,,,,,"",""
ball,1,71.1,Police Sports Club,Vishad Randika,KNA Bandara,MA Liyanapathiranage,0,0,,,,,,"",""
ball,1,71.2,Police Sports Club,Vishad Randika,KNA Bandara,MA Liyanapathiranage,1,0,,,,,,"",""
ball,1,71.3,Police Sports Club,KNA Bandara,Vishad Randika,MA Liyanapathiranage,0,0,,,,,,caught and bowled,KNA Bandara
ball,1,71.4,Police Sports Club,SAC Kumara,Vishad Randika,MA Liyanapathiranage,0,0,,,,,,"",""
ball,1,71.5,Police Sports Club,SAC Kumara,Vishad Randika,MA Liyanapathiranage,0,0,,,,,,"",""
ball,1,71.6,Police Sports Club,SAC Kumara,Vishad Randika,MA Liyanapathiranage,0,0,,,,,,"",""
ball,1,72.1,Police Sports Club,Vishad Randika,SAC Kumara,Tillakaratne Sampath,0,0,,,,,,"",""
ball,1,72.2,Police Sports Club,Vishad Randika,SAC Kumara,Tillakaratne Sampath,0,0,,,,,,"",""
ball,1,72.3,Police Sports Club,Vishad Randika,SAC Kumara,Tillakaratne Sampath,0,0,,,,,,"",""
ball,1,72.4,Police Sports Club,Vishad Randika,SAC Kumara,Tillakaratne Sampath,0,0,,,,,,"",""
ball,1,72.5,Police Sports Club,Vishad Randika,SAC Kumara,Tillakaratne Sampath,0,0,,,,,,"",""
ball,1,72.6,Police Sports Club,Vishad Randika,SAC Kumara,Tillakaratne Sampath,0,0,,,,,,"",""
ball,1,73.1,Police Sports Club,SAC Kumara,Vishad Randika,MA Liyanapathiranage,6,0,,,,,,"",""
ball,1,73.2,Police Sports Club,SAC Kumara,Vishad Randika,MA Liyanapathiranage,0,0,,,,,,"",""
ball,1,73.3,Police Sports Club,SAC Kumara,Vishad Randika,MA Liyanapathiranage,1,0,,,,,,"",""
ball,1,73.4,Police Sports Club,Vishad Randika,SAC Kumara,MA Liyanapathiranage,1,0,,,,,,"",""
ball,1,73.5,Police Sports Club,SAC Kumara,Vishad Randika,MA Liyanapathiranage,0,0,,,,,,"",""
ball,1,73.6,Police Sports Club,SAC Kumara,Vishad Randika,MA Liyanapathiranage,4,0,,,,,,"",""
ball,1,74.1,Police Sports Club,Vishad Randika,SAC Kumara,Tillakaratne Sampath,1,0,,,,,,"",""
ball,1,74.2,Police Sports Club,SAC Kumara,Vishad Randika,Tillakaratne Sampath,1,0,,,,,,"",""
ball,1,74.3,Police Sports Club,Vishad Randika,SAC Kumara,Tillakaratne Sampath,0,0,,,,,,"",""
ball,1,74.4,Police Sports Club,Vishad Randika,SAC Kumara,Tillakaratne Sampath,0,0,,,,,,"",""
ball,1,74.5,Police Sports Club,Vishad Randika,SAC Kumara,Tillakaratne Sampath,0,0,,,,,,"",""
ball,1,74.6,Police Sports Club,Vishad Randika,SAC Kumara,Tillakaratne Sampath,1,0,,,,,,"",""
ball,1,75.1,Police Sports Club,Vishad Randika,SAC Kumara,MA Liyanapathiranage,1,0,,,,,,"",""
ball,1,75.2,Police Sports Club,SAC Kumara,Vishad Randika,MA Liyanapathiranage,0,0,,,,,,"",""
ball,1,75.3,Police Sports Club,SAC Kumara,Vishad Randika,MA Liyanapathiranage,1,0,,,,,,"",""
ball,1,75.4,Police Sports Club,Vishad Randika,SAC Kumara,MA Liyanapathiranage,1,0,,,,,,"",""
ball,1,75.5,Police Sports Club,SAC Kumara,Vishad Randika,MA Liyanapathiranage,0,0,,,,,,"",""
ball,1,75.6,Police Sports Club,SAC Kumara,Vishad Randika,MA Liyanapathiranage,0,0,,,,,,"",""
ball,1,76.1,Police Sports Club,Vishad Randika,SAC Kumara,Tillakaratne Sampath,0,0,,,,,,"",""
ball,1,76.2,Police Sports Club,Vishad Randika,SAC Kumara,Tillakaratne Sampath,1,0,,,,,,"",""
ball,1,76.3,Police Sports Club,SAC Kumara,Vishad Randika,Tillakaratne Sampath,4,0,,,,,,"",""
ball,1,76.4,Police Sports Club,SAC Kumara,Vishad Randika,Tillakaratne Sampath,1,0,,,,,,"",""
ball,1,76.5,Police Sports Club,Vishad Randika,SAC Kumara,Tillakaratne Sampath,4,0,,,,,,"",""
ball,1,76.6,Police Sports Club,Vishad Randika,SAC Kumara,Tillakaratne Sampath,0,0,,,,,,"",""
ball,1,77.1,Police Sports Club,SAC Kumara,Vishad Randika,MA Liyanapathiranage,0,0,,,,,,"",""
ball,1,77.2,Police Sports Club,SAC Kumara,Vishad Randika,MA Liyanapathiranage,1,0,,,,,,"",""
ball,1,77.3,Police Sports Club,Vishad Randika,SAC Kumara,MA Liyanapathiranage,0,0,,,,,,"",""
ball,1,77.4,Police Sports Club,Vishad Randika,SAC Kumara,MA Liyanapathiranage,0,0,,,,,,"",""
ball,1,77.5,Police Sports Club,Vishad Randika,SAC Kumara,MA Liyanapathiranage,0,0,,,,,,"",""
ball,1,77.6,Police Sports Club,Vishad Randika,SAC Kumara,MA Liyanapathiranage,0,0,,,,,,"",""
ball,1,78.1,Police Sports Club,SAC Kumara,Vishad Randika,Anuk Fernando,0,0,,,,,,"",""
ball,1,78.2,Police Sports Club,SAC Kumara,Vishad Randika,Anuk Fernando,1,0,,,,,,"",""
ball,1,78.3,Police Sports Club,Vishad Randika,SAC Kumara,Anuk Fernando,0,0,,,,,,"",""
ball,1,78.4,Police Sports Club,Vishad Randika,SAC Kumara,Anuk Fernando,0,0,,,,,,"",""
ball,1,78.5,Police Sports Club,Vishad Randika,SAC Kumara,Anuk Fernando,1,0,,,,,,"",""
ball,1,78.6,Police Sports Club,SAC Kumara,Vishad Randika,Anuk Fernando,1,0,,,,,,"",""
ball,1,79.1,Police Sports Club,SAC Kumara,Vishad Randika,MA Liyanapathiranage,0,0,,,,,,"",""
ball,1,79.2,Police Sports Club,SAC Kumara,Vishad Randika,MA Liyanapathiranage,0,0,,,,,,"",""
ball,1,79.3,Police Sports Club,SAC Kumara,Vishad Randika,MA Liyanapathiranage,0,0,,,,,,"",""
ball,1,79.4,Police Sports Club,SAC Kumara,Vishad Randika,MA Liyanapathiranage,1,0,,,,,,"",""
ball,1,79.5,Police Sports Club,Vishad Randika,SAC Kumara,MA Liyanapathiranage,0,0,,,,,,"",""
ball,1,79.6,Police Sports Club,Vishad Randika,SAC Kumara,MA Liyanapathiranage,1,0,,,,,,"",""
ball,1,80.1,Police Sports Club,Vishad Randika,SAC Kumara,Anuk Fernando,4,0,,,,,,"",""
ball,1,80.2,Police Sports Club,Vishad Randika,SAC Kumara,Anuk Fernando,0,0,,,,,,"",""
ball,1,80.3,Police Sports Club,Vishad Randika,SAC Kumara,Anuk Fernando,1,0,,,,,,"",""
ball,1,80.4,Police Sports Club,SAC Kumara,Vishad Randika,Anuk Fernando,0,0,,,,,,"",""
ball,1,80.5,Police Sports Club,SAC Kumara,Vishad Randika,Anuk Fernando,2,0,,,,,,"",""
ball,1,80.6,Police Sports Club,SAC Kumara,Vishad Randika,Anuk Fernando,0,0,,,,,,"",""
ball,1,81.1,Police Sports Club,Vishad Randika,SAC Kumara,MA Liyanapathiranage,0,0,,,,,,"",""
ball,1,81.2,Police Sports Club,Vishad Randika,SAC Kumara,MA Liyanapathiranage,1,0,,,,,,"",""
ball,1,81.3,Police Sports Club,SAC Kumara,Vishad Randika,MA Liyanapathiranage,0,0,,,,,,"",""
ball,1,81.4,Police Sports Club,SAC Kumara,Vishad Randika,MA Liyanapathiranage,0,0,,,,,,caught,SAC Kumara
ball,1,81.5,Police Sports Club,HH Ramanayake,Vishad Randika,MA Liyanapathiranage,0,0,,,,,,bowled,HH Ramanayake
ball,1,81.6,Police Sports Club,DS Thilakaratne,Vishad Randika,MA Liyanapathiranage,0,0,,,,,,"",""
ball,1,82.1,Police Sports Club,Vishad Randika,DS Thilakaratne,LN Malinga,0,0,,,,,,"",""
ball,1,82.2,Police Sports Club,Vishad Randika,DS Thilakaratne,LN Malinga,0,0,,,,,,"",""
ball,1,82.3,Police Sports Club,Vishad Randika,DS Thilakaratne,LN Malinga,1,0,,,,,,"",""
ball,1,82.4,Police Sports Club,DS Thilakaratne,Vishad Randika,LN Malinga,0,0,,,,,,"",""
ball,1,82.5,Police Sports Club,DS Thilakaratne,Vishad Randika,LN Malinga,0,0,,,,,,"",""
ball,1,82.6,Police Sports Club,DS Thilakaratne,Vishad Randika,LN Malinga,0,0,,,,,,"",""
ball,1,83.1,Police Sports Club,Vishad Randika,DS Thilakaratne,MA Liyanapathiranage,2,0,,,,,,"",""
ball,1,83.2,Police Sports Club,Vishad Randika,DS Thilakaratne,MA Liyanapathiranage,0,0,,,,,,"",""
ball,1,83.3,Police Sports Club,Vishad Randika,DS Thilakaratne,MA Liyanapathiranage,0,0,,,,,,"",""
ball,1,83.4,Police Sports Club,Vishad Randika,DS Thilakaratne,MA Liyanapathiranage,0,0,,,,,,"",""
ball,1,83.5,Police Sports Club,Vishad Randika,DS Thilakaratne,MA Liyanapathiranage,1,0,,,,,,"",""
ball,1,83.6,Police Sports Club,DS Thilakaratne,Vishad Randika,MA Liyanapathiranage,0,0,,,,,,"",""
ball,1,84.1,Police Sports Club,Vishad Randika,DS Thilakaratne,LN Malinga,1,0,,,,,,"",""
ball,1,84.2,Police Sports Club,DS Thilakaratne,Vishad Randika,LN Malinga,0,0,,,,,,"",""
ball,1,84.3,Police Sports Club,DS Thilakaratne,Vishad Randika,LN Malinga,0,0,,,,,,"",""
ball,1,84.4,Police Sports Club,DS Thilakaratne,Vishad Randika,LN Malinga,1,0,,,,,,"",""
ball,1,84.5,Police Sports Club,Vishad Randika,DS Thilakaratne,LN Malinga,1,0,,,,,,"",""
ball,1,84.6,Police Sports Club,DS Thilakaratne,Vishad Randika,LN Malinga,0,0,,,,,,caught,DS Thilakaratne
ball,1,85.1,Police Sports Club,Vishad Randika,RPN Priyadarshana,MA Liyanapathiranage,1,0,,,,,,"",""
ball,1,85.2,Police Sports Club,RPN Priyadarshana,Vishad Randika,MA Liyanapathiranage,0,0,,,,,,"",""
ball,1,85.3,Police Sports Club,RPN Priyadarshana,Vishad Randika,MA Liyanapathiranage,0,0,,,,,,"",""
ball,1,85.4,Police Sports Club,RPN Priyadarshana,Vishad Randika,MA Liyanapathiranage,0,0,,,,,,"",""
ball,1,85.5,Police Sports Club,RPN Priyadarshana,Vishad Randika,MA Liyanapathiranage,0,0,,,,,,"",""
ball,1,85.6,Police Sports Club,RPN Priyadarshana,Vishad Randika,MA Liyanapathiranage,0,0,,,,,,"",""
ball,1,86.1,Police Sports Club,Vishad Randika,RPN Priyadarshana,LN Malinga,0,0,,,,,,"",""
ball,1,86.2,Police Sports Club,Vishad Randika,RPN Priyadarshana,LN Malinga,0,0,,,,,,"",""
ball,1,86.3,Police Sports Club,Vishad Randika,RPN Priyadarshana,LN Malinga,0,0,,,,,,"",""
ball,1,86.4,Police Sports Club,Vishad Randika,RPN Priyadarshana,LN Malinga,0,0,,,,,,"",""
ball,1,86.5,Police Sports Club,Vishad Randika,RPN Priyadarshana,LN Malinga,0,0,,,,,,caught,Vishad Randika
ball,1,86.6,Police Sports Club,N Premaratne,RPN Priyadarshana,LN Malinga,4,0,,,,,,"",""
ball,1,87.1,Police Sports Club,RPN Priyadarshana,N Premaratne,MA Liyanapathiranage,1,0,,,,,,"",""
ball,1,87.2,Police Sports Club,N Premaratne,RPN Priyadarshana,MA Liyanapathiranage,0,0,,,,,,"",""
ball,1,87.3,Police Sports Club,N Premaratne,RPN Priyadarshana,MA Liyanapathiranage,0,0,,,,,,"",""
ball,1,87.4,Police Sports Club,N Premaratne,RPN Priyadarshana,MA Liyanapathiranage,0,0,,,,,,"",""
ball,1,87.5,Police Sports Club,N Premaratne,RPN Priyadarshana,MA Liyanapathiranage,0,0,,,,,,"",""
ball,1,87.6,Police Sports Club,N Premaratne,RPN Priyadarshana,MA Liyanapathiranage,0,0,,,,,,"",""
ball,1,88.1,Police Sports Club,RPN Priyadarshana,N Premaratne,LN Malinga,1,0,,,,,,"",""
ball,1,88.2,Police Sports Club,N Premaratne,RPN Priyadarshana,LN Malinga,1,0,,,,,,"",""
ball,1,88.3,Police Sports Club,RPN Priyadarshana,N Premaratne,LN Malinga,4,0,,,,,,"",""
ball,1,88.4,Police Sports Club,RPN Priyadarshana,N Premaratne,LN Malinga,0,0,,,,,,"",""
ball,1,88.5,Police Sports Club,RPN Priyadarshana,N Premaratne,LN Malinga,2,0,,,,,,"",""
ball,1,88.6,Police Sports Club,RPN Priyadarshana,N Premaratne,LN Malinga,1,0,,,,,,"",""
ball,1,89.1,Police Sports Club,RPN Priyadarshana,N Premaratne,Anuk Fernando,4,0,,,,,,"",""
ball,1,89.2,Police Sports Club,RPN Priyadarshana,N Premaratne,Anuk Fernando,0,0,,,,,,"",""
ball,1,89.3,Police Sports Club,RPN Priyadarshana,N Premaratne,Anuk Fernando,0,0,,,,,,"",""
ball,1,89.4,Police Sports Club,RPN Priyadarshana,N Premaratne,Anuk Fernando,4,0,,,,,,"",""
ball,1,89.5,Police Sports Club,RPN Priyadarshana,N Premaratne,Anuk Fernando,1,0,,,,,,"",""
ball,1,89.6,Police Sports Club,N Premaratne,RPN Priyadarshana,Anuk Fernando,1,0,,,,,,"",""
ball,1,90.1,Police Sports Club,N Premaratne,RPN Priyadarshana,LN Malinga,0,0,,,,,,"",""
ball,1,90.2,Police Sports Club,N Premaratne,RPN Priyadarshana,LN Malinga,0,0,,,,,,"",""
ball,1,90.3,Police Sports Club,N Premaratne,RPN Priyadarshana,LN Malinga,0,0,,,,,,"",""
ball,1,90.4,Police Sports Club,N Premaratne,RPN Priyadarshana,LN Malinga,1,0,,,,,,"",""
ball,1,90.5,Police Sports Club,RPN Priyadarshana,N Premaratne,LN Malinga,4,0,,,,,,"",""
ball,1,90.6,Police Sports Club,RPN Priyadarshana,N Premaratne,LN Malinga,1,0,,,,,,"",""
ball,1,91.1,Police Sports Club,RPN Priyadarshana,N Premaratne,MA Liyanapathiranage,1,0,,,,,,"",""
ball,1,91.2,Police Sports Club,N Premaratne,RPN Priyadarshana,MA Liyanapathiranage,1,0,,,,,,"",""
ball,1,91.3,Police Sports Club,RPN Priyadarshana,N Premaratne,MA Liyanapathiranage,0,0,,,,,,"",""
ball,1,91.4,Police Sports Club,RPN Priyadarshana,N Premaratne,MA Liyanapathiranage,0,0,,,,,,"",""
ball,1,91.5,Police Sports Club,RPN Priyadarshana,N Premaratne,MA Liyanapathiranage,0,0,,,,,,"",""
ball,1,91.6,Police Sports Club,RPN Priyadarshana,N Premaratne,MA Liyanapathiranage,0,0,,,,,,caught,RPN Priyadarshana
ball,2,0.1,Nugegoda Sports Welfare Club,MA Liyanapathiranage,DKAL Perera,HH Ramanayake,0,0,,,,,,"",""
ball,2,0.2,Nugegoda Sports Welfare Club,MA Liyanapathiranage,DKAL Perera,HH Ramanayake,0,0,,,,,,"",""
ball,2,0.3,Nugegoda Sports Welfare Club,MA Liyanapathiranage,DKAL Perera,HH Ramanayake,0,0,,,,,,"",""
ball,2,0.4,Nugegoda Sports Welfare Club,MA Liyanapathiranage,DKAL Perera,HH Ramanayake,0,0,,,,,,"",""
ball,2,0.5,Nugegoda Sports Welfare Club,MA Liyanapathiranage,DKAL Perera,HH Ramanayake,0,0,,,,,,"",""
ball,2,0.6,Nugegoda Sports Welfare Club,MA Liyanapathiranage,DKAL Perera,HH Ramanayake,0,0,,,,,,caught,MA Liyanapathiranage
ball,2,1.1,Nugegoda Sports Welfare Club,DKAL Perera,LA de Zoysa,N Premaratne,0,0,,,,,,"",""
ball,2,1.2,Nugegoda Sports Welfare Club,DKAL Perera,LA de Zoysa,N Premaratne,0,0,,,,,,"",""
ball,2,1.3,Nugegoda Sports Welfare Club,DKAL Perera,LA de Zoysa,N Premaratne,0,0,,,,,,"",""
ball,2,1.4,Nugegoda Sports Welfare Club,DKAL Perera,LA de Zoysa,N Premaratne,0,0,,,,,,"",""
ball,2,1.5,Nugegoda Sports Welfare Club,DKAL Perera,LA de Zoysa,N Premaratne,0,0,,,,,,"",""
ball,2,1.6,Nugegoda Sports Welfare Club,DKAL Perera,LA de Zoysa,N Premaratne,0,0,,,,,,"",""
ball,2,2.1,Nugegoda Sports Welfare Club,LA de Zoysa,DKAL Perera,HH Ramanayake,0,0,,,,,,"",""
ball,2,2.2,Nugegoda Sports Welfare Club,LA de Zoysa,DKAL Perera,HH Ramanayake,0,0,,,,,,"",""
ball,2,2.3,Nugegoda Sports Welfare Club,LA de Zoysa,DKAL Perera,HH Ramanayake,0,0,,,,,,"",""
ball,2,2.4,Nugegoda Sports Welfare Club,LA de Zoysa,DKAL Perera,HH Ramanayake,0,0,,,,,,"",""
ball,2,2.5,Nugegoda Sports Welfare Club,LA de Zoysa,DKAL Perera,HH Ramanayake,0,0,,,,,,"",""
ball,2,2.6,Nugegoda Sports Welfare Club,LA de Zoysa,DKAL Perera,HH Ramanayake,0,0,,,,,,"",""
ball,2,3.1,Nugegoda Sports Welfare Club,DKAL Perera,LA de Zoysa,N Premaratne,0,0,,,,,,"",""
ball,2,3.2,Nugegoda Sports Welfare Club,DKAL Perera,LA de Zoysa,N Premaratne,0,0,,,,,,"",""
ball,2,3.3,Nugegoda Sports Welfare Club,DKAL Perera,LA de Zoysa,N Premaratne,4,0,,,,,,"",""
ball,2,3.4,Nugegoda Sports Welfare Club,DKAL Perera,LA de Zoysa,N Premaratne,0,0,,,,,,"",""
ball,2,3.5,Nugegoda Sports Welfare Club,DKAL Perera,LA de Zoysa,N Premaratne,0,0,,,,,,caught,DKAL Perera
ball,2,3.6,Nugegoda Sports Welfare Club,Tillakaratne Sampath,LA de Zoysa,N Premaratne,0,0,,,,,,"",""
ball,2,4.1,Nugegoda Sports Welfare Club,LA de Zoysa,LPPM Kumara,HH Ramanayake,0,0,,,,,,"",""
ball,2,4.2,Nugegoda Sports Welfare Club,LA de Zoysa,LPPM Kumara,HH Ramanayake,0,0,,,,,,"",""
ball,2,4.3,Nugegoda Sports Welfare Club,LA de Zoysa,LPPM Kumara,HH Ramanayake,0,0,,,,,,"",""
ball,2,4.4,Nugegoda Sports Welfare Club,LA de Zoysa,LPPM Kumara,HH Ramanayake,0,0,,,,,,"",""
ball,2,4.5,Nugegoda Sports Welfare Club,LA de Zoysa,LPPM Kumara,HH Ramanayake,0,0,,,,,,"",""
ball,2,4.6,Nugegoda Sports Welfare Club,LA de Zoysa,LPPM Kumara,HH Ramanayake,0,0,,,,,,"",""
ball,2,5.1,Nugegoda Sports Welfare Club,LPPM Kumara,LA de Zoysa,N Premaratne,4,0,,,,,,"",""
ball,2,5.2,Nugegoda Sports Welfare Club,LPPM Kumara,LA de Zoysa,N Premaratne,0,0,,,,,,"",""
ball,2,5.3,Nugegoda Sports Welfare Club,LPPM Kumara,LA de Zoysa,N Premaratne,1,0,,,,,,"",""
ball,2,5.4,Nugegoda Sports Welfare Club,LA de Zoysa,LPPM Kumara,N Premaratne,0,0,,,,,,"",""
ball,2,5.5,Nugegoda Sports Welfare Club,LA de Zoysa,LPPM Kumara,N Premaratne,0,0,,,,,,"",""
ball,2,5.6,Nugegoda Sports Welfare Club,LA de Zoysa,LPPM Kumara,N Premaratne,0,0,,,,,,"",""
ball,2,6.1,Nugegoda Sports Welfare Club,LPPM Kumara,LA de Zoysa,HH Ramanayake,0,0,,,,,,"",""
ball,2,6.2,Nugegoda Sports Welfare Club,LPPM Kumara,LA de Zoysa,HH Ramanayake,2,0,,,,,,"",""
ball,2,6.3,Nugegoda Sports Welfare Club,LPPM Kumara,LA de Zoysa,HH Ramanayake,0,0,,,,,,"",""
ball,2,6.4,Nugegoda Sports Welfare Club,LPPM Kumara,LA de Zoysa,HH Ramanayake,4,0,,,,,,"",""
ball,2,6.5,Nugegoda Sports Welfare Club,LPPM Kumara,LA de Zoysa,HH Ramanayake,0,0,,,,,,"",""
ball,2,6.6,Nugegoda Sports Welfare Club,LPPM Kumara,LA de Zoysa,HH Ramanayake,0,0,,,,,,"",""
ball,2,7.1,Nugegoda Sports Welfare Club,LA de Zoysa,LPPM Kumara,N Premaratne,0,0,,,,,,"",""
ball,2,7.2,Nugegoda Sports Welfare Club,LA de Zoysa,LPPM Kumara,N Premaratne,2,0,,,,,,"",""
ball,2,7.3,Nugegoda Sports Welfare Club,LA de Zoysa,LPPM Kumara,N Premaratne,0,0,,,,,,"",""
ball,2,7.4,Nugegoda Sports Welfare Club,LA de Zoysa,LPPM Kumara,N Premaratne,0,0,,,,,,"",""
ball,2,7.5,Nugegoda Sports Welfare Club,LA de Zoysa,LPPM Kumara,N Premaratne,0,0,,,,,,"",""
ball,2,7.6,Nugegoda Sports Welfare Club,LA de Zoysa,LPPM Kumara,N Premaratne,4,0,,,,,,"",""
ball,2,8.1,Nugegoda Sports Welfare Club,LPPM Kumara,LA de Zoysa,DS Thilakaratne,0,0,,,,,,"",""
ball,2,8.2,Nugegoda Sports Welfare Club,LPPM Kumara,LA de Zoysa,DS Thilakaratne,0,0,,,,,,"",""
ball,2,8.3,Nugegoda Sports Welfare Club,LPPM Kumara,LA de Zoysa,DS Thilakaratne,0,0,,,,,,"",""
ball,2,8.4,Nugegoda Sports Welfare Club,LPPM Kumara,LA de Zoysa,DS Thilakaratne,0,0,,,,,,"",""
ball,2,8.5,Nugegoda Sports Welfare Club,LPPM Kumara,LA de Zoysa,DS Thilakaratne,0,0,,,,,,"",""
ball,2,8.6,Nugegoda Sports Welfare Club,LPPM Kumara,LA de Zoysa,DS Thilakaratne,0,0,,,,,,"",""
ball,2,9.1,Nugegoda Sports Welfare Club,LA de Zoysa,LPPM Kumara,N Premaratne,0,0,,,,,,"",""
ball,2,9.2,Nugegoda Sports Welfare Club,LA de Zoysa,LPPM Kumara,N Premaratne,0,0,,,,,,"",""
ball,2,9.3,Nugegoda Sports Welfare Club,LA de Zoysa,LPPM Kumara,N Premaratne,0,0,,,,,,"",""
ball,2,9.4,Nugegoda Sports Welfare Club,LA de Zoysa,LPPM Kumara,N Premaratne,0,0,,,,,,"",""
ball,2,9.5,Nugegoda Sports Welfare Club,LA de Zoysa,LPPM Kumara,N Premaratne,4,0,,,,,,"",""
ball,2,9.6,Nugegoda Sports Welfare Club,LA de Zoysa,LPPM Kumara,N Premaratne,4,0,,,,,,"",""
ball,2,10.1,Nugegoda Sports Welfare Club,LPPM Kumara,LA de Zoysa,DS Thilakaratne,0,0,,,,,,"",""
ball,2,10.2,Nugegoda Sports Welfare Club,LPPM Kumara,LA de Zoysa,DS Thilakaratne,0,0,,,,,,"",""
ball,2,10.3,Nugegoda Sports Welfare Club,LPPM Kumara,LA de Zoysa,DS Thilakaratne,0,0,,,,,,"",""
ball,2,10.4,Nugegoda Sports Welfare Club,LPPM Kumara,LA de Zoysa,DS Thilakaratne,0,0,,,,,,"",""
ball,2,10.5,Nugegoda Sports Welfare Club,LPPM Kumara,LA de Zoysa,DS Thilakaratne,0,0,,,,,,"",""
ball,2,10.6,Nugegoda Sports Welfare Club,LPPM Kumara,LA de Zoysa,DS Thilakaratne,0,0,,,,,,"",""
ball,2,11.1,Nugegoda Sports Welfare Club,LA de Zoysa,LPPM Kumara,N Premaratne,0,0,,,,,,"",""
ball,2,11.2,Nugegoda Sports Welfare Club,LA de Zoysa,LPPM Kumara,N Premaratne,0,0,,,,,,"",""
ball,2,11.3,Nugegoda Sports Welfare Club,LA de Zoysa,LPPM Kumara,N Premaratne,1,0,,,,,,"",""
ball,2,11.4,Nugegoda Sports Welfare Club,LPPM Kumara,LA de Zoysa,N Premaratne,0,0,,,,,,"",""
ball,2,11.5,Nugegoda Sports Welfare Club,LPPM Kumara,LA de Zoysa,N Premaratne,0,0,,,,,,"",""
ball,2,11.6,Nugegoda Sports Welfare Club,LPPM Kumara,LA de Zoysa,N Premaratne,1,0,,,,,,"",""
ball,2,12.1,Nugegoda Sports Welfare Club,LPPM Kumara,LA de Zoysa,DS Thilakaratne,0,0,,,,,,"",""
ball,2,12.2,Nugegoda Sports Welfare Club,LPPM Kumara,LA de Zoysa,DS Thilakaratne,0,0,,,,,,"",""
ball,2,12.3,Nugegoda Sports Welfare Club,LPPM Kumara,LA de Zoysa,DS Thilakaratne,0,0,,,,,,"",""
ball,2,12.4,Nugegoda Sports Welfare Club,LPPM Kumara,LA de Zoysa,DS Thilakaratne,0,0,,,,,,"",""
ball,2,12.5,Nugegoda Sports Welfare Club,LPPM Kumara,LA de Zoysa,DS Thilakaratne,0,0,,,,,,"",""
ball,2,12.6,Nugegoda Sports Welfare Club,LPPM Kumara,LA de Zoysa,DS Thilakaratne,0,0,,,,,,"",""
ball,2,13.1,Nugegoda Sports Welfare Club,LA de Zoysa,LPPM Kumara,N Premaratne,1,0,,,,,,"",""
ball,2,13.2,Nugegoda Sports Welfare Club,LPPM Kumara,LA de Zoysa,N Premaratne,0,1,,1,,,,"",""
ball,2,13.3,Nugegoda Sports Welfare Club,LPPM Kumara,LA de Zoysa,N Premaratne,0,0,,,,,,"",""
ball,2,13.4,Nugegoda Sports Welfare Club,LPPM Kumara,LA de Zoysa,N Premaratne,0,0,,,,,,"",""
ball,2,13.5,Nugegoda Sports Welfare Club,LPPM Kumara,LA de Zoysa,N Premaratne,0,0,,,,,,"",""
ball,2,13.6,Nugegoda Sports Welfare Club,LPPM Kumara,LA de Zoysa,N Premaratne,0,0,,,,,,"",""
ball,2,13.7,Nugegoda Sports Welfare Club,LPPM Kumara,LA de Zoysa,N Premaratne,0,0,,,,,,"",""
ball,2,14.1,Nugegoda Sports Welfare Club,LA de Zoysa,LPPM Kumara,DS Thilakaratne,0,0,,,,,,"",""
ball,2,14.2,Nugegoda Sports Welfare Club,LA de Zoysa,LPPM Kumara,DS Thilakaratne,0,0,,,,,,"",""
ball,2,14.3,Nugegoda Sports Welfare Club,LA de Zoysa,LPPM Kumara,DS Thilakaratne,0,0,,,,,,"",""
ball,2,14.4,Nugegoda Sports Welfare Club,LA de Zoysa,LPPM Kumara,DS Thilakaratne,0,0,,,,,,"",""
ball,2,14.5,Nugegoda Sports Welfare Club,LA de Zoysa,LPPM Kumara,DS Thilakaratne,0,0,,,,,,"",""
ball,2,14.6,Nugegoda Sports Welfare Club,LA de Zoysa,LPPM Kumara,DS Thilakaratne,0,0,,,,,,"",""
ball,2,15.1,Nugegoda Sports Welfare Club,LPPM Kumara,LA de Zoysa,SAC Kumara,0,0,,,,,,"",""
ball,2,15.2,Nugegoda Sports Welfare Club,LPPM Kumara,LA de Zoysa,SAC Kumara,1,0,,,,,,"",""
ball,2,15.3,Nugegoda Sports Welfare Club,LA de Zoysa,LPPM Kumara,SAC Kumara,2,0,,,,,,"",""
ball,2,15.4,Nugegoda Sports Welfare Club,LA de Zoysa,LPPM Kumara,SAC Kumara,0,0,,,,,,"",""
ball,2,15.5,Nugegoda Sports Welfare Club,LA de Zoysa,LPPM Kumara,SAC Kumara,0,0,,,,,,"",""
ball,2,15.6,Nugegoda Sports Welfare Club,LA de Zoysa,LPPM Kumara,SAC Kumara,0,0,,,,,,"",""
ball,2,16.1,Nugegoda Sports Welfare Club,LPPM Kumara,LA de Zoysa,DS Thilakaratne,0,0,,,,,,"",""
ball,2,16.2,Nugegoda Sports Welfare Club,LPPM Kumara,LA de Zoysa,DS Thilakaratne,0,0,,,,,,"",""
ball,2,16.3,Nugegoda Sports Welfare Club,LPPM Kumara,LA de Zoysa,DS Thilakaratne,0,0,,,,,,"",""
ball,2,16.4,Nugegoda Sports Welfare Club,LPPM Kumara,LA de Zoysa,DS Thilakaratne,0,0,,,,,,"",""
ball,2,16.5,Nugegoda Sports Welfare Club,LPPM Kumara,LA de Zoysa,DS Thilakaratne,0,0,,,,,,"",""
ball,2,16.6,Nugegoda Sports Welfare Club,LPPM Kumara,LA de Zoysa,DS Thilakaratne,4,0,,,,,,"",""
ball,2,17.1,Nugegoda Sports Welfare Club,LA de Zoysa,LPPM Kumara,SAC Kumara,0,0,,,,,,"",""
ball,2,17.2,Nugegoda Sports Welfare Club,LA de Zoysa,LPPM Kumara,SAC Kumara,0,0,,,,,,"",""
ball,2,17.3,Nugegoda Sports Welfare Club,LA de Zoysa,LPPM Kumara,SAC Kumara,0,0,,,,,,"",""
ball,2,17.4,Nugegoda Sports Welfare Club,LA de Zoysa,LPPM Kumara,SAC Kumara,0,0,,,,,,"",""
ball,2,17.5,Nugegoda Sports Welfare Club,LA de Zoysa,LPPM Kumara,SAC Kumara,0,0,,,,,,"",""
ball,2,17.6,Nugegoda Sports Welfare Club,LA de Zoysa,LPPM Kumara,SAC Kumara,0,0,,,,,,"",""
ball,2,18.1,Nugegoda Sports Welfare Club,LPPM Kumara,LA de Zoysa,DS Thilakaratne,0,0,,,,,,"",""
ball,2,18.2,Nugegoda Sports Welfare Club,LPPM Kumara,LA de Zoysa,DS Thilakaratne,0,0,,,,,,"",""
ball,2,18.3,Nugegoda Sports Welfare Club,LPPM Kumara,LA de Zoysa,DS Thilakaratne,0,0,,,,,,"",""
ball,2,18.4,Nugegoda Sports Welfare Club,LPPM Kumara,LA de Zoysa,DS Thilakaratne,0,0,,,,,,"",""
ball,2,18.5,Nugegoda Sports Welfare Club,LPPM Kumara,LA de Zoysa,DS Thilakaratne,0,0,,,,,,"",""
ball,2,18.6,Nugegoda Sports Welfare Club,LPPM Kumara,LA de Zoysa,DS Thilakaratne,0,0,,,,,,"",""
ball,2,19.1,Nugegoda Sports Welfare Club,LA de Zoysa,LPPM Kumara,SAC Kumara,0,0,,,,,,"",""
ball,2,19.2,Nugegoda Sports Welfare Club,LA de Zoysa,LPPM Kumara,SAC Kumara,0,0,,,,,,"",""
ball,2,19.3,Nugegoda Sports Welfare Club,LA de Zoysa,LPPM Kumara,SAC Kumara,0,0,,,,,,"",""
ball,2,19.4,Nugegoda Sports Welfare Club,LA de Zoysa,LPPM Kumara,SAC Kumara,0,0,,,,,,"",""
ball,2,19.5,Nugegoda Sports Welfare Club,LA de Zoysa,LPPM Kumara,SAC Kumara,0,0,,,,,,"",""
ball,2,19.6,Nugegoda Sports Welfare Club,LA de Zoysa,LPPM Kumara,SAC Kumara,0,0,,,,,,"",""
ball,2,20.1,Nugegoda Sports Welfare Club,LPPM Kumara,LA de Zoysa,RPN Priyadarshana,0,0,,,,,,"",""
ball,2,20.2,Nugegoda Sports Welfare Club,LPPM Kumara,LA de Zoysa,RPN Priyadarshana,0,0,,,,,,"",""
ball,2,20.3,Nugegoda Sports Welfare Club,LPPM Kumara,LA de Zoysa,RPN Priyadarshana,0,0,,,,,,"",""
ball,2,20.4,Nugegoda Sports Welfare Club,LPPM Kumara,LA de Zoysa,RPN Priyadarshana,0,0,,,,,,"",""
ball,2,20.5,Nugegoda Sports Welfare Club,LPPM Kumara,LA de Zoysa,RPN Priyadarshana,0,0,,,,,,"",""
ball,2,20.6,Nugegoda Sports Welfare Club,LPPM Kumara,LA de Zoysa,RPN Priyadarshana,0,0,,,,,,"",""
ball,2,21.1,Nugegoda Sports Welfare Club,LA de Zoysa,LPPM Kumara,DS Thilakaratne,0,0,,,,,,"",""
ball,2,21.2,Nugegoda Sports Welfare Club,LA de Zoysa,LPPM Kumara,DS Thilakaratne,0,0,,,,,,"",""
ball,2,21.3,Nugegoda Sports Welfare Club,LA de Zoysa,LPPM Kumara,DS Thilakaratne,1,0,,,,,,"",""
ball,2,21.4,Nugegoda Sports Welfare Club,LPPM Kumara,LA de Zoysa,DS Thilakaratne,0,0,,,,,,"",""
ball,2,21.5,Nugegoda Sports Welfare Club,LPPM Kumara,LA de Zoysa,DS Thilakaratne,0,0,,,,,,caught,LPPM Kumara
ball,2,21.6,Nugegoda Sports Welfare Club,Kevin Perera,LA de Zoysa,DS Thilakaratne,0,0,,,,,,"",""
ball,2,22.1,Nugegoda Sports Welfare Club,LA de Zoysa,Kevin Perera,RPN Priyadarshana,0,0,,,,,,"",""
ball,2,22.2,Nugegoda Sports Welfare Club,LA de Zoysa,Kevin Perera,RPN Priyadarshana,0,0,,,,,,"",""
ball,2,22.3,Nugegoda Sports Welfare Club,LA de Zoysa,Kevin Perera,RPN Priyadarshana,0,0,,,,,,"",""
ball,2,22.4,Nugegoda Sports Welfare Club,LA de Zoysa,Kevin Perera,RPN Priyadarshana,0,0,,,,,,"",""
ball,2,22.5,Nugegoda Sports Welfare Club,LA de Zoysa,Kevin Perera,RPN Priyadarshana,0,0,,,,,,"",""
ball,2,22.6,Nugegoda Sports Welfare Club,LA de Zoysa,Kevin Perera,RPN Priyadarshana,0,0,,,,,,"",""
ball,2,23.1,Nugegoda Sports Welfare Club,Kevin Perera,LA de Zoysa,DS Thilakaratne,0,0,,,,,,"",""
ball,2,23.2,Nugegoda Sports Welfare Club,Kevin Perera,LA de Zoysa,DS Thilakaratne,1,0,,,,,,"",""
ball,2,23.3,Nugegoda Sports Welfare Club,LA de Zoysa,Kevin Perera,DS Thilakaratne,0,0,,,,,,"",""
ball,2,23.4,Nugegoda Sports Welfare Club,LA de Zoysa,Kevin Perera,DS Thilakaratne,0,0,,,,,,"",""
ball,2,23.5,Nugegoda Sports Welfare Club,LA de Zoysa,Kevin Perera,DS Thilakaratne,1,0,,,,,,"",""
ball,2,23.6,Nugegoda Sports Welfare Club,Kevin Perera,LA de Zoysa,DS Thilakaratne,0,0,,,,,,"",""
ball,2,24.1,Nugegoda Sports Welfare Club,LA de Zoysa,Kevin Perera,RPN Priyadarshana,0,0,,,,,,"",""
ball,2,24.2,Nugegoda Sports Welfare Club,LA de Zoysa,Kevin Perera,RPN Priyadarshana,0,0,,,,,,"",""
ball,2,24.3,Nugegoda Sports Welfare Club,LA de Zoysa,Kevin Perera,RPN Priyadarshana,0,0,,,,,,"",""
ball,2,24.4,Nugegoda Sports Welfare Club,LA de Zoysa,Kevin Perera,RPN Priyadarshana,0,0,,,,,,"",""
ball,2,24.5,Nugegoda Sports Welfare Club,LA de Zoysa,Kevin Perera,RPN Priyadarshana,0,0,,,,,,"",""
ball,2,24.6,Nugegoda Sports Welfare Club,LA de Zoysa,Kevin Perera,RPN Priyadarshana,0,0,,,,,,"",""
ball,2,25.1,Nugegoda Sports Welfare Club,Kevin Perera,LA de Zoysa,PARP Perera,0,0,,,,,,"",""
ball,2,25.2,Nugegoda Sports Welfare Club,Kevin Perera,LA de Zoysa,PARP Perera,0,0,,,,,,"",""
ball,2,25.3,Nugegoda Sports Welfare Club,Kevin Perera,LA de Zoysa,PARP Perera,4,0,,,,,,"",""
ball,2,25.4,Nugegoda Sports Welfare Club,Kevin Perera,LA de Zoysa,PARP Perera,0,0,,,,,,"",""
ball,2,25.5,Nugegoda Sports Welfare Club,Kevin Perera,LA de Zoysa,PARP Perera,0,0,,,,,,"",""
ball,2,25.6,Nugegoda Sports Welfare Club,Kevin Perera,LA de Zoysa,PARP Perera,0,0,,,,,,"",""
ball,2,26.1,Nugegoda Sports Welfare Club,LA de Zoysa,Kevin Perera,RPN Priyadarshana,0,0,,,,,,"",""
ball,2,26.2,Nugegoda Sports Welfare Club,LA de Zoysa,Kevin Perera,RPN Priyadarshana,0,0,,,,,,caught,LA de Zoysa
ball,2,26.3,Nugegoda Sports Welfare Club,Tillakaratne Sampath,Kevin Perera,RPN Priyadarshana,0,0,,,,,,"",""
ball,2,26.4,Nugegoda Sports Welfare Club,Tillakaratne Sampath,Kevin Perera,RPN Priyadarshana,0,0,,,,,,"",""
ball,2,26.5,Nugegoda Sports Welfare Club,Tillakaratne Sampath,Kevin Perera,RPN Priyadarshana,0,0,,,,,,"",""
ball,2,26.6,Nugegoda Sports Welfare Club,Tillakaratne Sampath,Kevin Perera,RPN Priyadarshana,0,0,,,,,,"",""
ball,2,27.1,Nugegoda Sports Welfare Club,Kevin Perera,Tillakaratne Sampath,DS Thilakaratne,1,0,,,,,,"",""
ball,2,27.2,Nugegoda Sports Welfare Club,Tillakaratne Sampath,Kevin Perera,DS Thilakaratne,0,0,,,,,,"",""
ball,2,27.3,Nugegoda Sports Welfare Club,Tillakaratne Sampath,Kevin Perera,DS Thilakaratne,0,0,,,,,,"",""
ball,2,27.4,Nugegoda Sports Welfare Club,Tillakaratne Sampath,Kevin Perera,DS Thilakaratne,4,0,,,,,,"",""
ball,2,27.5,Nugegoda Sports Welfare Club,Tillakaratne Sampath,Kevin Perera,DS Thilakaratne,0,0,,,,,,"",""
ball,2,27.6,Nugegoda Sports Welfare Club,Tillakaratne Sampath,Kevin Perera,DS Thilakaratne,0,0,,,,,,"",""
ball,2,28.1,Nugegoda Sports Welfare Club,Kevin Perera,Tillakaratne Sampath,RPN Priyadarshana,0,0,,,,,,"",""
ball,2,28.2,Nugegoda Sports Welfare Club,Kevin Perera,Tillakaratne Sampath,RPN Priyadarshana,4,0,,,,,,"",""
ball,2,28.3,Nugegoda Sports Welfare Club,Kevin Perera,Tillakaratne Sampath,RPN Priyadarshana,0,0,,,,,,"",""
ball,2,28.4,Nugegoda Sports Welfare Club,Kevin Perera,Tillakaratne Sampath,RPN Priyadarshana,0,0,,,,,,"",""
ball,2,28.5,Nugegoda Sports Welfare Club,Kevin Perera,Tillakaratne Sampath,RPN Priyadarshana,0,0,,,,,,"",""
ball,2,28.6,Nugegoda Sports Welfare Club,Kevin Perera,Tillakaratne Sampath,RPN Priyadarshana,0,0,,,,,,"",""
ball,2,29.1,Nugegoda Sports Welfare Club,Tillakaratne Sampath,Kevin Perera,DS Thilakaratne,0,0,,,,,,"",""
ball,2,29.2,Nugegoda Sports Welfare Club,Tillakaratne Sampath,Kevin Perera,DS Thilakaratne,0,0,,,,,,"",""
ball,2,29.3,Nugegoda Sports Welfare Club,Tillakaratne Sampath,Kevin Perera,DS Thilakaratne,0,0,,,,,,"",""
ball,2,29.4,Nugegoda Sports Welfare Club,Tillakaratne Sampath,Kevin Perera,DS Thilakaratne,0,0,,,,,,"",""
ball,2,29.5,Nugegoda Sports Welfare Club,Tillakaratne Sampath,Kevin Perera,DS Thilakaratne,4,0,,,,,,"",""
ball,2,29.6,Nugegoda Sports Welfare Club,Tillakaratne Sampath,Kevin Perera,DS Thilakaratne,0,0,,,,,,"",""
ball,2,30.1,Nugegoda Sports Welfare Club,Kevin Perera,Tillakaratne Sampath,RPN Priyadarshana,0,0,,,,,,"",""
ball,2,30.2,Nugegoda Sports Welfare Club,Kevin Perera,Tillakaratne Sampath,RPN Priyadarshana,2,0,,,,,,"",""
ball,2,30.3,Nugegoda Sports Welfare Club,Kevin Perera,Tillakaratne Sampath,RPN Priyadarshana,0,0,,,,,,"",""
ball,2,30.4,Nugegoda Sports Welfare Club,Kevin Perera,Tillakaratne Sampath,RPN Priyadarshana,4,0,,,,,,"",""
ball,2,30.5,Nugegoda Sports Welfare Club,Kevin Perera,Tillakaratne Sampath,RPN Priyadarshana,0,0,,,,,,"",""
ball,2,30.6,Nugegoda Sports Welfare Club,Kevin Perera,Tillakaratne Sampath,RPN Priyadarshana,0,0,,,,,,"",""
ball,2,31.1,Nugegoda Sports Welfare Club,Tillakaratne Sampath,Kevin Perera,N Premaratne,0,0,,,,,,"",""
ball,2,31.2,Nugegoda Sports Welfare Club,Tillakaratne Sampath,Kevin Perera,N Premaratne,0,0,,,,,,"",""
ball,2,31.3,Nugegoda Sports Welfare Club,Tillakaratne Sampath,Kevin Perera,N Premaratne,1,0,,,,,,"",""
ball,2,31.4,Nugegoda Sports Welfare Club,Kevin Perera,Tillakaratne Sampath,N Premaratne,2,0,,,,,,"",""
ball,2,31.5,Nugegoda Sports Welfare Club,Kevin Perera,Tillakaratne Sampath,N Premaratne,0,0,,,,,,"",""
ball,2,31.6,Nugegoda Sports Welfare Club,Kevin Perera,Tillakaratne Sampath,N Premaratne,4,0,,,,,,"",""
ball,2,32.1,Nugegoda Sports Welfare Club,Tillakaratne Sampath,Kevin Perera,RPN Priyadarshana,0,0,,,,,,"",""
ball,2,32.2,Nugegoda Sports Welfare Club,Tillakaratne Sampath,Kevin Perera,RPN Priyadarshana,0,0,,,,,,"",""
ball,2,32.3,Nugegoda Sports Welfare Club,Tillakaratne Sampath,Kevin Perera,RPN Priyadarshana,0,0,,,,,,"",""
ball,2,32.4,Nugegoda Sports Welfare Club,Tillakaratne Sampath,Kevin Perera,RPN Priyadarshana,4,0,,,,,,"",""
ball,2,32.5,Nugegoda Sports Welfare Club,Tillakaratne Sampath,Kevin Perera,RPN Priyadarshana,1,0,,,,,,"",""
ball,2,32.6,Nugegoda Sports Welfare Club,Kevin Perera,Tillakaratne Sampath,RPN Priyadarshana,0,0,,,,,,"",""
ball,2,33.1,Nugegoda Sports Welfare Club,Tillakaratne Sampath,Kevin Perera,N Premaratne,0,0,,,,,,"",""
ball,2,33.2,Nugegoda Sports Welfare Club,Tillakaratne Sampath,Kevin Perera,N Premaratne,0,0,,,,,,"",""
ball,2,33.3,Nugegoda Sports Welfare Club,Tillakaratne Sampath,Kevin Perera,N Premaratne,0,0,,,,,,"",""
ball,2,33.4,Nugegoda Sports Welfare Club,Tillakaratne Sampath,Kevin Perera,N Premaratne,0,0,,,,,,"",""
ball,2,33.5,Nugegoda Sports Welfare Club,Tillakaratne Sampath,Kevin Perera,N Premaratne,0,0,,,,,,"",""
ball,2,33.6,Nugegoda Sports Welfare Club,Tillakaratne Sampath,Kevin Perera,N Premaratne,1,0,,,,,,"",""
ball,2,34.1,Nugegoda Sports Welfare Club,Tillakaratne Sampath,Kevin Perera,RPN Priyadarshana,0,0,,,,,,"",""
ball,2,34.2,Nugegoda Sports Welfare Club,Tillakaratne Sampath,Kevin Perera,RPN Priyadarshana,1,0,,,,,,"",""
ball,2,34.3,Nugegoda Sports Welfare Club,Kevin Perera,Tillakaratne Sampath,RPN Priyadarshana,1,0,,,,,,"",""
ball,2,34.4,Nugegoda Sports Welfare Club,Tillakaratne Sampath,Kevin Perera,RPN Priyadarshana,0,0,,,,,,"",""
ball,2,34.5,Nugegoda Sports Welfare Club,Tillakaratne Sampath,Kevin Perera,RPN Priyadarshana,0,0,,,,,,"",""
ball,2,34.6,Nugegoda Sports Welfare Club,Tillakaratne Sampath,Kevin Perera,RPN Priyadarshana,0,0,,,,,,"",""
ball,2,35.1,Nugegoda Sports Welfare Club,Kevin Perera,Tillakaratne Sampath,N Premaratne,1,0,,,,,,"",""
ball,2,35.2,Nugegoda Sports Welfare Club,Tillakaratne Sampath,Kevin Perera,N Premaratne,0,1,,,,1,,"",""
ball,2,35.3,Nugegoda Sports Welfare Club,Kevin Perera,Tillakaratne Sampath,N Premaratne,0,0,,,,,,"",""
ball,2,35.4,Nugegoda Sports Welfare Club,Kevin Perera,Tillakaratne Sampath,N Premaratne,0,0,,,,,,"",""
ball,2,35.5,Nugegoda Sports Welfare Club,Kevin Perera,Tillakaratne Sampath,N Premaratne,4,0,,,,,,"",""
ball,2,35.6,Nugegoda Sports Welfare Club,Kevin Perera,Tillakaratne Sampath,N Premaratne,0,0,,,,,,"",""
ball,2,36.1,Nugegoda Sports Welfare Club,Tillakaratne Sampath,Kevin Perera,RPN Priyadarshana,1,0,,,,,,"",""
ball,2,36.2,Nugegoda Sports Welfare Club,Kevin Perera,Tillakaratne Sampath,RPN Priyadarshana,0,0,,,,,,"",""
ball,2,36.3,Nugegoda Sports Welfare Club,Kevin Perera,Tillakaratne Sampath,RPN Priyadarshana,0,0,,,,,,"",""
ball,2,36.4,Nugegoda Sports Welfare Club,Kevin Perera,Tillakaratne Sampath,RPN Priyadarshana,0,0,,,,,,"",""
ball,2,36.5,Nugegoda Sports Welfare Club,Kevin Perera,Tillakaratne Sampath,RPN Priyadarshana,4,0,,,,,,"",""
ball,2,36.6,Nugegoda Sports Welfare Club,Kevin Perera,Tillakaratne Sampath,RPN Priyadarshana,0,0,,,,,,"",""
ball,2,37.1,Nugegoda Sports Welfare Club,Tillakaratne Sampath,Kevin Perera,N Premaratne,0,0,,,,,,"",""
ball,2,37.2,Nugegoda Sports Welfare Club,Tillakaratne Sampath,Kevin Perera,N Premaratne,0,1,,1,,,,"",""
ball,2,37.3,Nugegoda Sports Welfare Club,Tillakaratne Sampath,Kevin Perera,N Premaratne,1,0,,,,,,"",""
ball,2,37.4,Nugegoda Sports Welfare Club,Kevin Perera,Tillakaratne Sampath,N Premaratne,0,0,,,,,,"",""
ball,2,37.5,Nugegoda Sports Welfare Club,Kevin Perera,Tillakaratne Sampath,N Premaratne,0,0,,,,,,"",""
ball,2,37.6,Nugegoda Sports Welfare Club,Kevin Perera,Tillakaratne Sampath,N Premaratne,0,0,,,,,,"",""
ball,2,37.7,Nugegoda Sports Welfare Club,Kevin Perera,Tillakaratne Sampath,N Premaratne,0,0,,,,,,"",""
ball,2,38.1,Nugegoda Sports Welfare Club,Tillakaratne Sampath,Kevin Perera,DS Thilakaratne,0,0,,,,,,"",""
ball,2,38.2,Nugegoda Sports Welfare Club,Tillakaratne Sampath,Kevin Perera,DS Thilakaratne,0,0,,,,,,"",""
ball,2,38.3,Nugegoda Sports Welfare Club,Tillakaratne Sampath,Kevin Perera,DS Thilakaratne,4,0,,,,,,"",""
ball,2,38.4,Nugegoda Sports Welfare Club,Tillakaratne Sampath,Kevin Perera,DS Thilakaratne,0,0,,,,,,"",""
ball,2,38.5,Nugegoda Sports Welfare Club,Tillakaratne Sampath,Kevin Perera,DS Thilakaratne,0,0,,,,,,"",""
ball,2,38.6,Nugegoda Sports Welfare Club,Tillakaratne Sampath,Kevin Perera,DS Thilakaratne,1,0,,,,,,"",""
ball,2,39.1,Nugegoda Sports Welfare Club,Tillakaratne Sampath,Kevin Perera,HH Ramanayake,0,0,,,,,,"",""
ball,2,39.2,Nugegoda Sports Welfare Club,Tillakaratne Sampath,Kevin Perera,HH Ramanayake,1,0,,,,,,"",""
ball,2,39.3,Nugegoda Sports Welfare Club,Kevin Perera,Tillakaratne Sampath,HH Ramanayake,0,0,,,,,,"",""
ball,2,39.4,Nugegoda Sports Welfare Club,Kevin Perera,Tillakaratne Sampath,HH Ramanayake,1,0,,,,,,"",""
ball,2,39.5,Nugegoda Sports Welfare Club,Tillakaratne Sampath,Kevin Perera,HH Ramanayake,0,0,,,,,,"",""
ball,2,39.6,Nugegoda Sports Welfare Club,Tillakaratne Sampath,Kevin Perera,HH Ramanayake,0,0,,,,,,"",""
ball,2,40.1,Nugegoda Sports Welfare Club,Kevin Perera,Tillakaratne Sampath,DS Thilakaratne,0,0,,,,,,"",""
ball,2,40.2,Nugegoda Sports Welfare Club,Kevin Perera,Tillakaratne Sampath,DS Thilakaratne,0,0,,,,,,"",""
ball,2,40.3,Nugegoda Sports Welfare Club,Kevin Perera,Tillakaratne Sampath,DS Thilakaratne,0,0,,,,,,"",""
ball,2,40.4,Nugegoda Sports Welfare Club,Kevin Perera,Tillakaratne Sampath,DS Thilakaratne,0,0,,,,,,"",""
ball,2,40.5,Nugegoda Sports Welfare Club,Kevin Perera,Tillakaratne Sampath,DS Thilakaratne,0,0,,,,,,"",""
ball,2,40.6,Nugegoda Sports Welfare Club,Kevin Perera,Tillakaratne Sampath,DS Thilakaratne,0,0,,,,,,"",""
ball,2,41.1,Nugegoda Sports Welfare Club,Tillakaratne Sampath,Kevin Perera,HH Ramanayake,0,1,1,,,,,"",""
ball,2,41.2,Nugegoda Sports Welfare Club,Tillakaratne Sampath,Kevin Perera,HH Ramanayake,1,0,,,,,,"",""
ball,2,41.3,Nugegoda Sports Welfare Club,Kevin Perera,Tillakaratne Sampath,HH Ramanayake,4,0,,,,,,"",""
ball,2,41.4,Nugegoda Sports Welfare Club,Kevin Perera,Tillakaratne Sampath,HH Ramanayake,0,0,,,,,,"",""
ball,2,41.5,Nugegoda Sports Welfare Club,Kevin Perera,Tillakaratne Sampath,HH Ramanayake,0,0,,,,,,"",""
ball,2,41.6,Nugegoda Sports Welfare Club,Kevin Perera,Tillakaratne Sampath,HH Ramanayake,0,0,,,,,,"",""
ball,2,41.7,Nugegoda Sports Welfare Club,Kevin Perera,Tillakaratne Sampath,HH Ramanayake,0,0,,,,,,"",""
ball,2,42.1,Nugegoda Sports Welfare Club,Tillakaratne Sampath,Kevin Perera,DS Thilakaratne,0,0,,,,,,"",""
ball,2,42.2,Nugegoda Sports Welfare Club,Tillakaratne Sampath,Kevin Perera,DS Thilakaratne,0,0,,,,,,"",""
ball,2,42.3,Nugegoda Sports Welfare Club,Tillakaratne Sampath,Kevin Perera,DS Thilakaratne,0,0,,,,,,"",""
ball,2,42.4,Nugegoda Sports Welfare Club,Tillakaratne Sampath,Kevin Perera,DS Thilakaratne,1,0,,,,,,"",""
ball,2,42.5,Nugegoda Sports Welfare Club,Kevin Perera,Tillakaratne Sampath,DS Thilakaratne,0,0,,,,,,caught,Kevin Perera
ball,2,42.6,Nugegoda Sports Welfare Club,A Muthalib,Tillakaratne Sampath,DS Thilakaratne,0,0,,,,,,"",""
ball,2,43.1,Nugegoda Sports Welfare Club,Tillakaratne Sampath,A Muthalib,HH Ramanayake,0,0,,,,,,"",""
ball,2,43.2,Nugegoda Sports Welfare Club,Tillakaratne Sampath,A Muthalib,HH Ramanayake,2,0,,,,,,"",""
ball,2,43.3,Nugegoda Sports Welfare Club,Tillakaratne Sampath,A Muthalib,HH Ramanayake,0,0,,,,,,"",""
ball,2,43.4,Nugegoda Sports Welfare Club,Tillakaratne Sampath,A Muthalib,HH Ramanayake,0,0,,,,,,"",""
ball,2,43.5,Nugegoda Sports Welfare Club,Tillakaratne Sampath,A Muthalib,HH Ramanayake,0,0,,,,,,"",""
ball,2,43.6,Nugegoda Sports Welfare Club,Tillakaratne Sampath,A Muthalib,HH Ramanayake,0,0,,,,,,"",""
ball,2,44.1,Nugegoda Sports Welfare Club,A Muthalib,Tillakaratne Sampath,DS Thilakaratne,0,0,,,,,,"",""
ball,2,44.2,Nugegoda Sports Welfare Club,A Muthalib,Tillakaratne Sampath,DS Thilakaratne,0,0,,,,,,"",""
ball,2,44.3,Nugegoda Sports Welfare Club,A Muthalib,Tillakaratne Sampath,DS Thilakaratne,0,0,,,,,,"",""
ball,2,44.4,Nugegoda Sports Welfare Club,A Muthalib,Tillakaratne Sampath,DS Thilakaratne,0,0,,,,,,"",""
ball,2,44.5,Nugegoda Sports Welfare Club,A Muthalib,Tillakaratne Sampath,DS Thilakaratne,1,0,,,,,,"",""
ball,2,44.6,Nugegoda Sports Welfare Club,Tillakaratne Sampath,A Muthalib,DS Thilakaratne,0,0,,,,,,"",""
ball,2,45.1,Nugegoda Sports Welfare Club,A Muthalib,Tillakaratne Sampath,HH Ramanayake,0,0,,,,,,"",""
ball,2,45.2,Nugegoda Sports Welfare Club,A Muthalib,Tillakaratne Sampath,HH Ramanayake,4,0,,,,,,"",""
ball,2,45.3,Nugegoda Sports Welfare Club,A Muthalib,Tillakaratne Sampath,HH Ramanayake,0,0,,,,,,"",""
ball,2,45.4,Nugegoda Sports Welfare Club,A Muthalib,Tillakaratne Sampath,HH Ramanayake,0,0,,,,,,"",""
ball,2,45.5,Nugegoda Sports Welfare Club,A Muthalib,Tillakaratne Sampath,HH Ramanayake,0,0,,,,,,"",""
ball,2,45.6,Nugegoda Sports Welfare Club,A Muthalib,Tillakaratne Sampath,HH Ramanayake,1,0,,,,,,"",""
ball,2,46.1,Nugegoda Sports Welfare Club,A Muthalib,Tillakaratne Sampath,DS Thilakaratne,1,0,,,,,,"",""
ball,2,46.2,Nugegoda Sports Welfare Club,Tillakaratne Sampath,A Muthalib,DS Thilakaratne,0,0,,,,,,"",""
ball,2,46.3,Nugegoda Sports Welfare Club,Tillakaratne Sampath,A Muthalib,DS Thilakaratne,0,0,,,,,,"",""
ball,2,46.4,Nugegoda Sports Welfare Club,Tillakaratne Sampath,A Muthalib,DS Thilakaratne,0,0,,,,,,caught,Tillakaratne Sampath
ball,2,46.5,Nugegoda Sports Welfare Club,NR Gunasekera,A Muthalib,DS Thilakaratne,0,0,,,,,,"",""
ball,2,46.6,Nugegoda Sports Welfare Club,NR Gunasekera,A Muthalib,DS Thilakaratne,0,1,,1,,,,"",""
ball,2,46.7,Nugegoda Sports Welfare Club,NR Gunasekera,A Muthalib,DS Thilakaratne,0,0,,,,,,"",""
ball,2,47.1,Nugegoda Sports Welfare Club,A Muthalib,NR Gunasekera,HH Ramanayake,1,0,,,,,,"",""
ball,2,47.2,Nugegoda Sports Welfare Club,NR Gunasekera,A Muthalib,HH Ramanayake,1,0,,,,,,"",""
ball,2,47.3,Nugegoda Sports Welfare Club,A Muthalib,NR Gunasekera,HH Ramanayake,0,0,,,,,,"",""
ball,2,47.4,Nugegoda Sports Welfare Club,A Muthalib,NR Gunasekera,HH Ramanayake,0,0,,,,,,"",""
ball,2,47.5,Nugegoda Sports Welfare Club,A Muthalib,NR Gunasekera,HH Ramanayake,0,0,,,,,,"",""
ball,2,47.6,Nugegoda Sports Welfare Club,A Muthalib,NR Gunasekera,HH Ramanayake,1,0,,,,,,"",""
ball,2,48.1,Nugegoda Sports Welfare Club,A Muthalib,NR Gunasekera,DS Thilakaratne,1,0,,,,,,"",""
ball,2,48.2,Nugegoda Sports Welfare Club,NR Gunasekera,A Muthalib,DS Thilakaratne,0,0,,,,,,"",""
ball,2,48.3,Nugegoda Sports Welfare Club,NR Gunasekera,A Muthalib,DS Thilakaratne,0,0,,,,,,"",""
ball,2,48.4,Nugegoda Sports Welfare Club,NR Gunasekera,A Muthalib,DS Thilakaratne,0,0,,,,,,caught,NR Gunasekera
ball,2,48.5,Nugegoda Sports Welfare Club,Anuk Fernando,A Muthalib,DS Thilakaratne,0,0,,,,,,"",""
ball,2,48.6,Nugegoda Sports Welfare Club,Anuk Fernando,A Muthalib,DS Thilakaratne,1,0,,,,,,"",""
ball,2,49.1,Nugegoda Sports Welfare Club,Anuk Fernando,A Muthalib,RPN Priyadarshana,0,0,,,,,,"",""
ball,2,49.2,Nugegoda Sports Welfare Club,Anuk Fernando,A Muthalib,RPN Priyadarshana,0,0,,,,,,"",""
ball,2,49.3,Nugegoda Sports Welfare Club,Anuk Fernando,A Muthalib,RPN Priyadarshana,0,0,,,,,,"",""
ball,2,49.4,Nugegoda Sports Welfare Club,Anuk Fernando,A Muthalib,RPN Priyadarshana,1,0,,,,,,"",""
ball,2,49.5,Nugegoda Sports Welfare Club,A Muthalib,Anuk Fernando,RPN Priyadarshana,0,0,,,,,,"",""
ball,2,49.6,Nugegoda Sports Welfare Club,A Muthalib,Anuk Fernando,RPN Priyadarshana,0,0,,,,,,"",""
ball,2,50.1,Nugegoda Sports Welfare Club,Anuk Fernando,A Muthalib,DS Thilakaratne,0,0,,,,,,"",""
ball,2,50.2,Nugegoda Sports Welfare Club,Anuk Fernando,A Muthalib,DS Thilakaratne,0,0,,,,,,"",""
ball,2,50.3,Nugegoda Sports Welfare Club,Anuk Fernando,A Muthalib,DS Thilakaratne,6,0,,,,,,"",""
ball,2,50.4,Nugegoda Sports Welfare Club,Anuk Fernando,A Muthalib,DS Thilakaratne,0,0,,,,,,"",""
ball,2,50.5,Nugegoda Sports Welfare Club,Anuk Fernando,A Muthalib,DS Thilakaratne,0,0,,,,,,"",""
ball,2,50.6,Nugegoda Sports Welfare Club,Anuk Fernando,A Muthalib,DS Thilakaratne,0,0,,,,,,"",""
ball,2,51.1,Nugegoda Sports Welfare Club,A Muthalib,Anuk Fernando,PARP Perera,0,0,,,,,,"",""
ball,2,51.2,Nugegoda Sports Welfare Club,A Muthalib,Anuk Fernando,PARP Perera,0,0,,,,,,"",""
ball,2,51.3,Nugegoda Sports Welfare Club,A Muthalib,Anuk Fernando,PARP Perera,1,0,,,,,,"",""
ball,2,51.4,Nugegoda Sports Welfare Club,Anuk Fernando,A Muthalib,PARP Perera,0,0,,,,,,"",""
ball,2,51.5,Nugegoda Sports Welfare Club,Anuk Fernando,A Muthalib,PARP Perera,0,0,,,,,,"",""
ball,2,51.6,Nugegoda Sports Welfare Club,Anuk Fernando,A Muthalib,PARP Perera,0,0,,,,,,"",""
ball,2,52.1,Nugegoda Sports Welfare Club,A Muthalib,Anuk Fernando,RPN Priyadarshana,0,0,,,,,,"",""
ball,2,52.2,Nugegoda Sports Welfare Club,A Muthalib,Anuk Fernando,RPN Priyadarshana,4,0,,,,,,"",""
ball,2,52.3,Nugegoda Sports Welfare Club,A Muthalib,Anuk Fernando,RPN Priyadarshana,4,0,,,,,,"",""
ball,2,52.4,Nugegoda Sports Welfare Club,A Muthalib,Anuk Fernando,RPN Priyadarshana,0,0,,,,,,"",""
ball,2,52.5,Nugegoda Sports Welfare Club,A Muthalib,Anuk Fernando,RPN Priyadarshana,0,0,,,,,,"",""
ball,2,52.6,Nugegoda Sports Welfare Club,A Muthalib,Anuk Fernando,RPN Priyadarshana,0,0,,,,,,"",""
ball,2,53.1,Nugegoda Sports Welfare Club,Anuk Fernando,A Muthalib,DS Thilakaratne,0,0,,,,,,"",""
ball,2,53.2,Nugegoda Sports Welfare Club,Anuk Fernando,A Muthalib,DS Thilakaratne,1,0,,,,,,"",""
ball,2,53.3,Nugegoda Sports Welfare Club,A Muthalib,Anuk Fernando,DS Thilakaratne,4,0,,,,,,"",""
ball,2,53.4,Nugegoda Sports Welfare Club,A Muthalib,Anuk Fernando,DS Thilakaratne,0,0,,,,,,"",""
ball,2,53.5,Nugegoda Sports Welfare Club,A Muthalib,Anuk Fernando,DS Thilakaratne,0,0,,,,,,"",""
ball,2,53.6,Nugegoda Sports Welfare Club,A Muthalib,Anuk Fernando,DS Thilakaratne,0,0,,,,,,"",""
ball,2,54.1,Nugegoda Sports Welfare Club,Anuk Fernando,A Muthalib,RPN Priyadarshana,0,0,,,,,,"",""
ball,2,54.2,Nugegoda Sports Welfare Club,Anuk Fernando,A Muthalib,RPN Priyadarshana,0,0,,,,,,"",""
ball,2,54.3,Nugegoda Sports Welfare Club,Anuk Fernando,A Muthalib,RPN Priyadarshana,1,0,,,,,,"",""
ball,2,54.4,Nugegoda Sports Welfare Club,A Muthalib,Anuk Fernando,RPN Priyadarshana,0,0,,,,,,"",""
ball,2,54.5,Nugegoda Sports Welfare Club,A Muthalib,Anuk Fernando,RPN Priyadarshana,0,0,,,,,,"",""
ball,2,54.6,Nugegoda Sports Welfare Club,A Muthalib,Anuk Fernando,RPN Priyadarshana,4,0,,,,,,"",""
ball,2,55.1,Nugegoda Sports Welfare Club,Anuk Fernando,A Muthalib,DS Thilakaratne,1,0,,,,,,"",""
ball,2,55.2,Nugegoda Sports Welfare Club,A Muthalib,Anuk Fernando,DS Thilakaratne,0,0,,,,,,"",""
ball,2,55.3,Nugegoda Sports Welfare Club,A Muthalib,Anuk Fernando,DS Thilakaratne,0,0,,,,,,"",""
ball,2,55.4,Nugegoda Sports Welfare Club,A Muthalib,Anuk Fernando,DS Thilakaratne,6,0,,,,,,"",""
ball,2,55.5,Nugegoda Sports Welfare Club,A Muthalib,Anuk Fernando,DS Thilakaratne,0,0,,,,,,"",""
ball,2,55.6,Nugegoda Sports Welfare Club,A Muthalib,Anuk Fernando,DS Thilakaratne,0,0,,,,,,"",""
ball,2,56.1,Nugegoda Sports Welfare Club,Anuk Fernando,A Muthalib,RPN Priyadarshana,0,0,,,,,,"",""
ball,2,56.2,Nugegoda Sports Welfare Club,Anuk Fernando,A Muthalib,RPN Priyadarshana,4,0,,,,,,"",""
ball,2,56.3,Nugegoda Sports Welfare Club,Anuk Fernando,A Muthalib,RPN Priyadarshana,2,0,,,,,,"",""
ball,2,56.4,Nugegoda Sports Welfare Club,Anuk Fernando,A Muthalib,RPN Priyadarshana,0,0,,,,,,"",""
ball,2,56.5,Nugegoda Sports Welfare Club,Anuk Fernando,A Muthalib,RPN Priyadarshana,0,0,,,,,,"",""
ball,2,56.6,Nugegoda Sports Welfare Club,Anuk Fernando,A Muthalib,RPN Priyadarshana,0,0,,,,,,"",""
ball,2,57.1,Nugegoda Sports Welfare Club,A Muthalib,Anuk Fernando,PARP Perera,0,0,,,,,,"",""
ball,2,57.2,Nugegoda Sports Welfare Club,A Muthalib,Anuk Fernando,PARP Perera,0,0,,,,,,"",""
ball,2,57.3,Nugegoda Sports Welfare Club,A Muthalib,Anuk Fernando,PARP Perera,0,0,,,,,,"",""
ball,2,57.4,Nugegoda Sports Welfare Club,A Muthalib,Anuk Fernando,PARP Perera,0,0,,,,,,"",""
ball,2,57.5,Nugegoda Sports Welfare Club,A Muthalib,Anuk Fernando,PARP Perera,0,0,,,,,,"",""
ball,2,57.6,Nugegoda Sports Welfare Club,A Muthalib,Anuk Fernando,PARP Perera,0,0,,,,,,"",""
ball,2,58.1,Nugegoda Sports Welfare Club,Anuk Fernando,A Muthalib,DS Thilakaratne,0,0,,,,,,"",""
ball,2,58.2,Nugegoda Sports Welfare Club,Anuk Fernando,A Muthalib,DS Thilakaratne,1,0,,,,,,"",""
ball,2,58.3,Nugegoda Sports Welfare Club,A Muthalib,Anuk Fernando,DS Thilakaratne,1,0,,,,,,"",""
ball,2,58.4,Nugegoda Sports Welfare Club,Anuk Fernando,A Muthalib,DS Thilakaratne,1,0,,,,,,"",""
ball,2,58.5,Nugegoda Sports Welfare Club,A Muthalib,Anuk Fernando,DS Thilakaratne,0,0,,,,,,"",""
ball,2,58.6,Nugegoda Sports Welfare Club,A Muthalib,Anuk Fernando,DS Thilakaratne,0,0,,,,,,"",""
ball,2,59.1,Nugegoda Sports Welfare Club,Anuk Fernando,A Muthalib,PARP Perera,0,0,,,,,,"",""
ball,2,59.2,Nugegoda Sports Welfare Club,Anuk Fernando,A Muthalib,PARP Perera,4,0,,,,,,"",""
ball,2,59.3,Nugegoda Sports Welfare Club,Anuk Fernando,A Muthalib,PARP Perera,0,0,,,,,,"",""
ball,2,59.4,Nugegoda Sports Welfare Club,Anuk Fernando,A Muthalib,PARP Perera,0,0,,,,,,"",""
ball,2,59.5,Nugegoda Sports Welfare Club,Anuk Fernando,A Muthalib,PARP Perera,0,0,,,,,,"",""
ball,2,59.6,Nugegoda Sports Welfare Club,Anuk Fernando,A Muthalib,PARP Perera,0,0,,,,,,"",""
ball,2,60.1,Nugegoda Sports Welfare Club,A Muthalib,Anuk Fernando,RPN Priyadarshana,0,0,,,,,,"",""
ball,2,60.2,Nugegoda Sports Welfare Club,A Muthalib,Anuk Fernando,RPN Priyadarshana,0,0,,,,,,"",""
ball,2,60.3,Nugegoda Sports Welfare Club,A Muthalib,Anuk Fernando,RPN Priyadarshana,0,0,,,,,,"",""
ball,2,60.4,Nugegoda Sports Welfare Club,A Muthalib,Anuk Fernando,RPN Priyadarshana,0,0,,,,,,"",""
ball,2,60.5,Nugegoda Sports Welfare Club,A Muthalib,Anuk Fernando,RPN Priyadarshana,0,0,,,,,,"",""
ball,2,60.6,Nugegoda Sports Welfare Club,A Muthalib,Anuk Fernando,RPN Priyadarshana,0,0,,,,,,"",""
ball,2,61.1,Nugegoda Sports Welfare Club,Anuk Fernando,A Muthalib,N Premaratne,0,0,,,,,,"",""
ball,2,61.2,Nugegoda Sports Welfare Club,Anuk Fernando,A Muthalib,N Premaratne,1,0,,,,,,"",""
ball,2,61.3,Nugegoda Sports Welfare Club,A Muthalib,Anuk Fernando,N Premaratne,0,0,,,,,,caught,A Muthalib
ball,2,61.4,Nugegoda Sports Welfare Club,BGS Mendis,Anuk Fernando,N Premaratne,1,0,,,,,,"",""
ball,2,61.5,Nugegoda Sports Welfare Club,Anuk Fernando,BGS Mendis,N Premaratne,1,0,,,,,,"",""
ball,2,61.6,Nugegoda Sports Welfare Club,BGS Mendis,Anuk Fernando,N Premaratne,1,0,,,,,,"",""
ball,2,62.1,Nugegoda Sports Welfare Club,BGS Mendis,Anuk Fernando,RPN Priyadarshana,0,0,,,,,,"",""
ball,2,62.2,Nugegoda Sports Welfare Club,BGS Mendis,Anuk Fernando,RPN Priyadarshana,0,0,,,,,,"",""
ball,2,62.3,Nugegoda Sports Welfare Club,BGS Mendis,Anuk Fernando,RPN Priyadarshana,0,0,,,,,,"",""
ball,2,62.4,Nugegoda Sports Welfare Club,BGS Mendis,Anuk Fernando,RPN Priyadarshana,0,0,,,,,,"",""
ball,2,62.5,Nugegoda Sports Welfare Club,BGS Mendis,Anuk Fernando,RPN Priyadarshana,0,0,,,,,,"",""
ball,2,62.6,Nugegoda Sports Welfare Club,BGS Mendis,Anuk Fernando,RPN Priyadarshana,0,0,,,,,,"",""
ball,2,63.1,Nugegoda Sports Welfare Club,Anuk Fernando,BGS Mendis,N Premaratne,1,0,,,,,,"",""
ball,2,63.2,Nugegoda Sports Welfare Club,BGS Mendis,Anuk Fernando,N Premaratne,1,0,,,,,,"",""
ball,2,63.3,Nugegoda Sports Welfare Club,Anuk Fernando,BGS Mendis,N Premaratne,1,0,,,,,,"",""
ball,2,63.4,Nugegoda Sports Welfare Club,BGS Mendis,Anuk Fernando,N Premaratne,0,0,,,,,,"",""
ball,2,63.5,Nugegoda Sports Welfare Club,BGS Mendis,Anuk Fernando,N Premaratne,1,0,,,,,,"",""
ball,2,63.6,Nugegoda Sports Welfare Club,Anuk Fernando,BGS Mendis,N Premaratne,1,0,,,,,,"",""
ball,2,64.1,Nugegoda Sports Welfare Club,Anuk Fernando,BGS Mendis,RPN Priyadarshana,0,0,,,,,,"",""
ball,2,64.2,Nugegoda Sports Welfare Club,Anuk Fernando,BGS Mendis,RPN Priyadarshana,0,1,,,,1,,"",""
ball,2,64.3,Nugegoda Sports Welfare Club,BGS Mendis,Anuk Fernando,RPN Priyadarshana,0,0,,,,,,"",""
ball,2,64.4,Nugegoda Sports Welfare Club,BGS Mendis,Anuk Fernando,RPN Priyadarshana,0,0,,,,,,"",""
ball,2,64.5,Nugegoda Sports Welfare Club,BGS Mendis,Anuk Fernando,RPN Priyadarshana,0,0,,,,,,"",""
ball,2,64.6,Nugegoda Sports Welfare Club,BGS Mendis,Anuk Fernando,RPN Priyadarshana,0,0,,,,,,"",""
ball,2,65.1,Nugegoda Sports Welfare Club,Anuk Fernando,BGS Mendis,N Premaratne,0,0,,,,,,caught,Anuk Fernando
ball,2,65.2,Nugegoda Sports Welfare Club,LN Malinga,BGS Mendis,N Premaratne,1,0,,,,,,"",""
ball,2,65.3,Nugegoda Sports Welfare Club,BGS Mendis,LN Malinga,N Premaratne,0,0,,,,,,"",""
ball,2,65.4,Nugegoda Sports Welfare Club,BGS Mendis,LN Malinga,N Premaratne,0,0,,,,,,"",""
ball,2,65.5,Nugegoda Sports Welfare Club,BGS Mendis,LN Malinga,N Premaratne,0,0,,,,,,"",""
ball,2,65.6,Nugegoda Sports Welfare Club,BGS Mendis,LN Malinga,N Premaratne,0,0,,,,,,"",""
ball,2,66.1,Nugegoda Sports Welfare Club,LN Malinga,BGS Mendis,RPN Priyadarshana,1,0,,,,,,"",""
ball,2,66.2,Nugegoda Sports Welfare Club,BGS Mendis,LN Malinga,RPN Priyadarshana,1,0,,,,,,"",""
ball,2,66.3,Nugegoda Sports Welfare Club,LN Malinga,BGS Mendis,RPN Priyadarshana,0,0,,,,,,"",""
ball,2,66.4,Nugegoda Sports Welfare Club,LN Malinga,BGS Mendis,RPN Priyadarshana,0,0,,,,,,"",""
ball,2,66.5,Nugegoda Sports Welfare Club,LN Malinga,BGS Mendis,RPN Priyadarshana,0,0,,,,,,"",""
ball,2,66.6,Nugegoda Sports Welfare Club,LN Malinga,BGS Mendis,RPN Priyadarshana,0,0,,,,,,"",""
ball,2,67.1,Nugegoda Sports Welfare Club,BGS Mendis,LN Malinga,N Premaratne,1,0,,,,,,"",""
ball,2,67.2,Nugegoda Sports Welfare Club,LN Malinga,BGS Mendis,N Premaratne,0,0,,,,,,"",""
ball,2,67.3,Nugegoda Sports Welfare Club,LN Malinga,BGS Mendis,N Premaratne,0,0,,,,,,"",""
ball,2,67.4,Nugegoda Sports Welfare Club,LN Malinga,BGS Mendis,N Premaratne,0,0,,,,,,"",""
ball,2,67.5,Nugegoda Sports Welfare Club,LN Malinga,BGS Mendis,N Premaratne,0,0,,,,,,"",""
ball,2,67.6,Nugegoda Sports Welfare Club,LN Malinga,BGS Mendis,N Premaratne,0,0,,,,,,"",""
ball,2,68.1,Nugegoda Sports Welfare Club,BGS Mendis,LN Malinga,RPN Priyadarshana,0,0,,,,,,"",""
ball,2,68.2,Nugegoda Sports Welfare Club,BGS Mendis,LN Malinga,RPN Priyadarshana,1,0,,,,,,"",""
ball,2,68.3,Nugegoda Sports Welfare Club,LN Malinga,BGS Mendis,RPN Priyadarshana,6,0,,,,,,"",""
ball,2,68.4,Nugegoda Sports Welfare Club,LN Malinga,BGS Mendis,RPN Priyadarshana,0,0,,,,,,"",""
ball,2,68.5,Nugegoda Sports Welfare Club,LN Malinga,BGS Mendis,RPN Priyadarshana,4,0,,,,,,"",""
ball,2,68.6,Nugegoda Sports Welfare Club,LN Malinga,BGS Mendis,RPN Priyadarshana,0,0,,,,,,"",""
ball,2,69.1,Nugegoda Sports Welfare Club,BGS Mendis,LN Malinga,PARP Perera,4,0,,,,,,"",""
ball,2,69.2,Nugegoda Sports Welfare Club,BGS Mendis,LN Malinga,PARP Perera,0,0,,,,,,"",""
ball,2,69.3,Nugegoda Sports Welfare Club,BGS Mendis,LN Malinga,PARP Perera,1,0,,,,,,"",""
ball,2,69.4,Nugegoda Sports Welfare Club,LN Malinga,BGS Mendis,PARP Perera,0,0,,,,,,"",""
ball,2,69.5,Nugegoda Sports Welfare Club,LN Malinga,BGS Mendis,PARP Perera,4,0,,,,,,"",""
ball,2,69.6,Nugegoda Sports Welfare Club,LN Malinga,BGS Mendis,PARP Perera,1,0,,,,,,"",""
ball,2,70.1,Nugegoda Sports Welfare Club,LN Malinga,BGS Mendis,DS Thilakaratne,1,0,,,,,,"",""
ball,2,70.2,Nugegoda Sports Welfare Club,BGS Mendis,LN Malinga,DS Thilakaratne,0,0,,,,,,"",""
ball,2,70.3,Nugegoda Sports Welfare Club,BGS Mendis,LN Malinga,DS Thilakaratne,0,0,,,,,,"",""
ball,2,70.4,Nugegoda Sports Welfare Club,BGS Mendis,LN Malinga,DS Thilakaratne,0,0,,,,,,"",""
ball,2,70.5,Nugegoda Sports Welfare Club,BGS Mendis,LN Malinga,DS Thilakaratne,0,1,,,,1,,"",""
ball,2,70.6,Nugegoda Sports Welfare Club,LN Malinga,BGS Mendis,DS Thilakaratne,0,0,,,,,,"",""
ball,2,71.1,Nugegoda Sports Welfare Club,BGS Mendis,LN Malinga,RPN Priyadarshana,0,0,,,,,,"",""
ball,2,71.2,Nugegoda Sports Welfare Club,BGS Mendis,LN Malinga,RPN Priyadarshana,0,0,,,,,,"",""
ball,2,71.3,Nugegoda Sports Welfare Club,BGS Mendis,LN Malinga,RPN Priyadarshana,0,0,,,,,,"",""
ball,2,71.4,Nugegoda Sports Welfare Club,BGS Mendis,LN Malinga,RPN Priyadarshana,4,0,,,,,,"",""
ball,2,71.5,Nugegoda Sports Welfare Club,BGS Mendis,LN Malinga,RPN Priyadarshana,0,0,,,,,,"",""
ball,2,71.6,Nugegoda Sports Welfare Club,BGS Mendis,LN Malinga,RPN Priyadarshana,0,0,,,,,,"",""
ball,2,72.1,Nugegoda Sports Welfare Club,LN Malinga,BGS Mendis,DS Thilakaratne,0,0,,,,,,"",""
ball,2,72.2,Nugegoda Sports Welfare Club,LN Malinga,BGS Mendis,DS Thilakaratne,6,0,,,,,,"",""
ball,2,72.3,Nugegoda Sports Welfare Club,LN Malinga,BGS Mendis,DS Thilakaratne,1,0,,,,,,"",""
ball,2,72.4,Nugegoda Sports Welfare Club,BGS Mendis,LN Malinga,DS Thilakaratne,0,0,,,,,,"",""
ball,2,72.5,Nugegoda Sports Welfare Club,BGS Mendis,LN Malinga,DS Thilakaratne,0,0,,,,,,"",""
ball,2,72.6,Nugegoda Sports Welfare Club,BGS Mendis,LN Malinga,DS Thilakaratne,0,0,,,,,,"",""
ball,2,73.1,Nugegoda Sports Welfare Club,LN Malinga,BGS Mendis,RPN Priyadarshana,1,0,,,,,,"",""
ball,2,73.2,Nugegoda Sports Welfare Club,BGS Mendis,LN Malinga,RPN Priyadarshana,0,0,,,,,,"",""
ball,2,73.3,Nugegoda Sports Welfare Club,BGS Mendis,LN Malinga,RPN Priyadarshana,0,0,,,,,,"",""
ball,2,73.4,Nugegoda Sports Welfare Club,BGS Mendis,LN Malinga,RPN Priyadarshana,0,0,,,,,,"",""
ball,2,73.5,Nugegoda Sports Welfare Club,BGS Mendis,LN Malinga,RPN Priyadarshana,0,0,,,,,,"",""
ball,2,73.6,Nugegoda Sports Welfare Club,BGS Mendis,LN Malinga,RPN Priyadarshana,0,0,,,,,,"",""
ball,2,74.1,Nugegoda Sports Welfare Club,LN Malinga,BGS Mendis,DS Thilakaratne,0,0,,,,,,"",""
ball,2,74.2,Nugegoda Sports Welfare Club,LN Malinga,BGS Mendis,DS Thilakaratne,6,0,,,,,,"",""
ball,2,74.3,Nugegoda Sports Welfare Club,LN Malinga,BGS Mendis,DS Thilakaratne,0,0,,,,,,"",""
ball,2,74.4,Nugegoda Sports Welfare Club,LN Malinga,BGS Mendis,DS Thilakaratne,4,0,,,,,,"",""
ball,2,74.5,Nugegoda Sports Welfare Club,LN Malinga,BGS Mendis,DS Thilakaratne,0,0,,,,,,"",""
ball,2,74.6,Nugegoda Sports Welfare Club,LN Malinga,BGS Mendis,DS Thilakaratne,0,0,,,,,,bowled,LN Malinga
ball,3,0.1,Police Sports Club,D Induwara,A Tharindu,MA Liyanapathiranage,0,0,,,,,,"",""
ball,3,0.2,Police Sports Club,D Induwara,A Tharindu,MA Liyanapathiranage,1,0,,,,,,"",""
ball,3,0.3,Police Sports Club,A Tharindu,D Induwara,MA Liyanapathiranage,0,0,,,,,,"",""
ball,3,0.4,Police Sports Club,A Tharindu,D Induwara,MA Liyanapathiranage,0,0,,,,,,"",""
ball,3,0.5,Police Sports Club,A Tharindu,D Induwara,MA Liyanapathiranage,4,0,,,,,,"",""
ball,3,0.6,Police Sports Club,A Tharindu,D Induwara,MA Liyanapathiranage,0,0,,,,,,"",""
ball,3,1.1,Police Sports Club,D Induwara,A Tharindu,LN Malinga,0,0,,,,,,"",""
ball,3,1.2,Police Sports Club,D Induwara,A Tharindu,LN Malinga,1,0,,,,,,"",""
ball,3,1.3,Police Sports Club,A Tharindu,D Induwara,LN Malinga,0,0,,,,,,"",""
ball,3,1.4,Police Sports Club,A Tharindu,D Induwara,LN Malinga,0,0,,,,,,"",""
ball,3,1.5,Police Sports Club,A Tharindu,D Induwara,LN Malinga,0,0,,,,,,"",""
ball,3,1.6,Police Sports Club,A Tharindu,D Induwara,LN Malinga,0,0,,,,,,"",""
ball,3,2.1,Police Sports Club,D Induwara,A Tharindu,LA de Zoysa,0,0,,,,,,"",""
ball,3,2.2,Police Sports Club,D Induwara,A Tharindu,LA de Zoysa,1,0,,,,,,"",""
ball,3,2.3,Police Sports Club,A Tharindu,D Induwara,LA de Zoysa,0,0,,,,,,"",""
ball,3,2.4,Police Sports Club,A Tharindu,D Induwara,LA de Zoysa,2,0,,,,,,"",""
ball,3,2.5,Police Sports Club,A Tharindu,D Induwara,LA de Zoysa,1,0,,,,,,"",""
ball,3,2.6,Police Sports Club,D Induwara,A Tharindu,LA de Zoysa,3,0,,,,,,"",""
ball,3,3.1,Police Sports Club,D Induwara,A Tharindu,LN Malinga,2,0,,,,,,"",""
ball,3,3.2,Police Sports Club,D Induwara,A Tharindu,LN Malinga,1,0,,,,,,"",""
ball,3,3.3,Police Sports Club,A Tharindu,D Induwara,LN Malinga,0,0,,,,,,"",""
ball,3,3.4,Police Sports Club,A Tharindu,D Induwara,LN Malinga,0,0,,,,,,"",""
ball,3,3.5,Police Sports Club,A Tharindu,D Induwara,LN Malinga,1,0,,,,,,"",""
ball,3,3.6,Police Sports Club,D Induwara,A Tharindu,LN Malinga,0,0,,,,,,"",""
ball,3,4.1,Police Sports Club,A Tharindu,D Induwara,LA de Zoysa,3,0,,,,,,"",""
ball,3,4.2,Police Sports Club,D Induwara,A Tharindu,LA de Zoysa,0,0,,,,,,"",""
ball,3,4.3,Police Sports Club,D Induwara,A Tharindu,LA de Zoysa,0,0,,,,,,"",""
ball,3,4.4,Police Sports Club,D Induwara,A Tharindu,LA de Zoysa,0,0,,,,,,"",""
ball,3,4.5,Police Sports Club,D Induwara,A Tharindu,LA de Zoysa,1,0,,,,,,"",""
ball,3,4.6,Police Sports Club,A Tharindu,D Induwara,LA de Zoysa,0,0,,,,,,"",""
ball,3,5.1,Police Sports Club,D Induwara,A Tharindu,LN Malinga,0,0,,,,,,"",""
ball,3,5.2,Police Sports Club,D Induwara,A Tharindu,LN Malinga,0,0,,,,,,"",""
ball,3,5.3,Police Sports Club,D Induwara,A Tharindu,LN Malinga,0,0,,,,,,"",""
ball,3,5.4,Police Sports Club,D Induwara,A Tharindu,LN Malinga,0,0,,,,,,"",""
ball,3,5.5,Police Sports Club,D Induwara,A Tharindu,LN Malinga,1,0,,,,,,"",""
ball,3,5.6,Police Sports Club,A Tharindu,D Induwara,LN Malinga,0,0,,,,,,"",""
ball,3,6.1,Police Sports Club,D Induwara,A Tharindu,LA de Zoysa,0,0,,,,,,"",""
ball,3,6.2,Police Sports Club,D Induwara,A Tharindu,LA de Zoysa,0,0,,,,,,"",""
ball,3,6.3,Police Sports Club,D Induwara,A Tharindu,LA de Zoysa,0,0,,,,,,"",""
ball,3,6.4,Police Sports Club,D Induwara,A Tharindu,LA de Zoysa,1,0,,,,,,"",""
ball,3,6.5,Police Sports Club,A Tharindu,D Induwara,LA de Zoysa,1,0,,,,,,"",""
ball,3,6.6,Police Sports Club,D Induwara,A Tharindu,LA de Zoysa,0,0,,,,,,"",""
ball,3,7.1,Police Sports Club,A Tharindu,D Induwara,Anuk Fernando,2,0,,,,,,"",""
ball,3,7.2,Police Sports Club,A Tharindu,D Induwara,Anuk Fernando,2,0,,,,,,"",""
ball,3,7.3,Police Sports Club,A Tharindu,D Induwara,Anuk Fernando,0,0,,,,,,"",""
ball,3,7.4,Police Sports Club,A Tharindu,D Induwara,Anuk Fernando,1,0,,,,,,"",""
ball,3,7.5,Police Sports Club,D Induwara,A Tharindu,Anuk Fernando,2,0,,,,,,"",""
ball,3,7.6,Police Sports Club,D Induwara,A Tharindu,Anuk Fernando,1,0,,,,,,"",""
ball,3,8.1,Police Sports Club,D Induwara,A Tharindu,LA de Zoysa,0,0,,,,,,"",""
ball,3,8.2,Police Sports Club,D Induwara,A Tharindu,LA de Zoysa,0,0,,,,,,"",""
ball,3,8.3,Police Sports Club,D Induwara,A Tharindu,LA de Zoysa,0,0,,,,,,"",""
ball,3,8.4,Police Sports Club,D Induwara,A Tharindu,LA de Zoysa,2,0,,,,,,"",""
ball,3,8.5,Police Sports Club,D Induwara,A Tharindu,LA de Zoysa,0,0,,,,,,"",""
ball,3,8.6,Police Sports Club,D Induwara,A Tharindu,LA de Zoysa,0,0,,,,,,"",""
ball,3,9.1,Police Sports Club,A Tharindu,D Induwara,Anuk Fernando,1,0,,,,,,"",""
ball,3,9.2,Police Sports Club,D Induwara,A Tharindu,Anuk Fernando,1,0,,,,,,"",""
ball,3,9.3,Police Sports Club,A Tharindu,D Induwara,Anuk Fernando,0,0,,,,,,"",""
ball,3,9.4,Police Sports Club,A Tharindu,D Induwara,Anuk Fernando,4,0,,,,,,"",""
ball,3,9.5,Police Sports Club,A Tharindu,D Induwara,Anuk Fernando,0,0,,,,,,"",""
ball,3,9.6,Police Sports Club,A Tharindu,D Induwara,Anuk Fernando,2,0,,,,,,"",""
ball,3,10.1,Police Sports Club,D Induwara,A Tharindu,Tillakaratne Sampath,1,0,,,,,,"",""
ball,3,10.2,Police Sports Club,A Tharindu,D Induwara,Tillakaratne Sampath,0,0,,,,,,"",""
ball,3,10.3,Police Sports Club,A Tharindu,D Induwara,Tillakaratne Sampath,0,0,,,,,,"",""
ball,3,10.4,Police Sports Club,A Tharindu,D Induwara,Tillakaratne Sampath,0,0,,,,,,"",""
ball,3,10.5,Police Sports Club,A Tharindu,D Induwara,Tillakaratne Sampath,4,0,,,,,,"",""
ball,3,10.6,Police Sports Club,A Tharindu,D Induwara,Tillakaratne Sampath,1,0,,,,,,"",""
ball,3,11.1,Police Sports Club,A Tharindu,D Induwara,MA Liyanapathiranage,0,0,,,,,,"",""
ball,3,11.2,Police Sports Club,A Tharindu,D Induwara,MA Liyanapathiranage,1,0,,,,,,"",""
ball,3,11.3,Police Sports Club,D Induwara,A Tharindu,MA Liyanapathiranage,0,0,,,,,,"",""
ball,3,11.4,Police Sports Club,D Induwara,A Tharindu,MA Liyanapathiranage,4,0,,,,,,"",""
ball,3,11.5,Police Sports Club,D Induwara,A Tharindu,MA Liyanapathiranage,1,0,,,,,,"",""
ball,3,11.6,Police Sports Club,A Tharindu,D Induwara,MA Liyanapathiranage,2,0,,,,,,"",""
ball,3,12.1,Police Sports Club,D Induwara,A Tharindu,Tillakaratne Sampath,0,0,,,,,,"",""
ball,3,12.2,Police Sports Club,D Induwara,A Tharindu,Tillakaratne Sampath,1,0,,,,,,"",""
ball,3,12.3,Police Sports Club,A Tharindu,D Induwara,Tillakaratne Sampath,0,0,,,,,,"",""
ball,3,12.4,Police Sports Club,A Tharindu,D Induwara,Tillakaratne Sampath,1,0,,,,,,"",""
ball,3,12.5,Police Sports Club,D Induwara,A Tharindu,Tillakaratne Sampath,0,0,,,,,,"",""
ball,3,12.6,Police Sports Club,D Induwara,A Tharindu,Tillakaratne Sampath,1,0,,,,,,"",""
ball,3,13.1,Police Sports Club,D Induwara,A Tharindu,MA Liyanapathiranage,0,0,,,,,,"",""
ball,3,13.2,Police Sports Club,D Induwara,A Tharindu,MA Liyanapathiranage,0,0,,,,,,"",""
ball,3,13.3,Police Sports Club,D Induwara,A Tharindu,MA Liyanapathiranage,4,0,,,,,,"",""
ball,3,13.4,Police Sports Club,D Induwara,A Tharindu,MA Liyanapathiranage,0,0,,,,,,"",""
ball,3,13.5,Police Sports Club,D Induwara,A Tharindu,MA Liyanapathiranage,1,0,,,,,,"",""
ball,3,13.6,Police Sports Club,A Tharindu,D Induwara,MA Liyanapathiranage,0,0,,,,,,"",""
ball,3,14.1,Police Sports Club,D Induwara,A Tharindu,Tillakaratne Sampath,1,0,,,,,,"",""
ball,3,14.2,Police Sports Club,A Tharindu,D Induwara,Tillakaratne Sampath,0,0,,,,,,caught,A Tharindu
ball,3,14.3,Police Sports Club,SADU Mihiran,D Induwara,Tillakaratne Sampath,0,0,,,,,,"",""
ball,3,14.4,Police Sports Club,SADU Mihiran,D Induwara,Tillakaratne Sampath,1,0,,,,,,"",""
ball,3,14.5,Police Sports Club,D Induwara,SADU Mihiran,Tillakaratne Sampath,0,0,,,,,,"",""
ball,3,14.6,Police Sports Club,D Induwara,SADU Mihiran,Tillakaratne Sampath,0,0,,,,,,"",""
ball,3,15.1,Police Sports Club,SADU Mihiran,D Induwara,MA Liyanapathiranage,0,0,,,,,,"",""
ball,3,15.2,Police Sports Club,SADU Mihiran,D Induwara,MA Liyanapathiranage,0,0,,,,,,"",""
ball,3,15.3,Police Sports Club,SADU Mihiran,D Induwara,MA Liyanapathiranage,0,0,,,,,,"",""
ball,3,15.4,Police Sports Club,SADU Mihiran,D Induwara,MA Liyanapathiranage,0,0,,,,,,"",""
ball,3,15.5,Police Sports Club,SADU Mihiran,D Induwara,MA Liyanapathiranage,0,0,,,,,,"",""
ball,3,15.6,Police Sports Club,SADU Mihiran,D Induwara,MA Liyanapathiranage,0,0,,,,,,"",""
ball,3,16.1,Police Sports Club,D Induwara,SADU Mihiran,Tillakaratne Sampath,1,0,,,,,,"",""
ball,3,16.2,Police Sports Club,SADU Mihiran,D Induwara,Tillakaratne Sampath,0,0,,,,,,"",""
ball,3,16.3,Police Sports Club,SADU Mihiran,D Induwara,Tillakaratne Sampath,0,0,,,,,,"",""
ball,3,16.4,Police Sports Club,SADU Mihiran,D Induwara,Tillakaratne Sampath,5,0,,,,,,"",""
ball,3,16.5,Police Sports Club,D Induwara,SADU Mihiran,Tillakaratne Sampath,0,0,,,,,,caught,D Induwara
ball,3,16.6,Police Sports Club,PARP Perera,SADU Mihiran,Tillakaratne Sampath,0,0,,,,,,"",""
ball,3,17.1,Police Sports Club,SADU Mihiran,PARP Perera,MA Liyanapathiranage,0,0,,,,,,"",""
ball,3,17.2,Police Sports Club,SADU Mihiran,PARP Perera,MA Liyanapathiranage,0,0,,,,,,"",""
ball,3,17.3,Police Sports Club,SADU Mihiran,PARP Perera,MA Liyanapathiranage,1,0,,,,,,"",""
ball,3,17.4,Police Sports Club,PARP Perera,SADU Mihiran,MA Liyanapathiranage,1,0,,,,,,"",""
ball,3,17.5,Police Sports Club,SADU Mihiran,PARP Perera,MA Liyanapathiranage,0,0,,,,,,"",""
ball,3,17.6,Police Sports Club,SADU Mihiran,PARP Perera,MA Liyanapathiranage,4,0,,,,,,"",""
ball,3,18.1,Police Sports Club,PARP Perera,SADU Mihiran,Tillakaratne Sampath,1,0,,,,,,"",""
ball,3,18.2,Police Sports Club,SADU Mihiran,PARP Perera,Tillakaratne Sampath,0,0,,,,,,"",""
ball,3,18.3,Police Sports Club,SADU Mihiran,PARP Perera,Tillakaratne Sampath,0,0,,,,,,"",""
ball,3,18.4,Police Sports Club,SADU Mihiran,PARP Perera,Tillakaratne Sampath,4,0,,,,,,"",""
ball,3,18.5,Police Sports Club,SADU Mihiran,PARP Perera,Tillakaratne Sampath,0,0,,,,,,"",""
ball,3,18.6,Police Sports Club,SADU Mihiran,PARP Perera,Tillakaratne Sampath,1,0,,,,,,"",""
ball,3,19.1,Police Sports Club,SADU Mihiran,PARP Perera,MA Liyanapathiranage,0,0,,,,,,"",""
ball,3,19.2,Police Sports Club,SADU Mihiran,PARP Perera,MA Liyanapathiranage,4,0,,,,,,"",""
ball,3,19.3,Police Sports Club,SADU Mihiran,PARP Perera,MA Liyanapathiranage,1,0,,,,,,"",""
ball,3,19.4,Police Sports Club,PARP Perera,SADU Mihiran,MA Liyanapathiranage,0,0,,,,,,bowled,PARP Perera
ball,3,19.5,Police Sports Club,KNA Bandara,SADU Mihiran,MA Liyanapathiranage,0,0,,,,,,"",""
ball,3,19.6,Police Sports Club,KNA Bandara,SADU Mihiran,MA Liyanapathiranage,0,0,,,,,,"",""
ball,3,20.1,Police Sports Club,SADU Mihiran,KNA Bandara,Tillakaratne Sampath,0,0,,,,,,"",""
ball,3,20.2,Police Sports Club,SADU Mihiran,KNA Bandara,Tillakaratne Sampath,0,0,,,,,,"",""
ball,3,20.3,Police Sports Club,SADU Mihiran,KNA Bandara,Tillakaratne Sampath,0,0,,,,,,"",""
ball,3,20.4,Police Sports Club,SADU Mihiran,KNA Bandara,Tillakaratne Sampath,4,0,,,,,,"",""
ball,3,20.5,Police Sports Club,SADU Mihiran,KNA Bandara,Tillakaratne Sampath,0,0,,,,,,"",""
ball,3,20.6,Police Sports Club,SADU Mihiran,KNA Bandara,Tillakaratne Sampath,0,0,,,,,,"",""
ball,3,21.1,Police Sports Club,KNA Bandara,SADU Mihiran,MA Liyanapathiranage,0,0,,,,,,"",""
ball,3,21.2,Police Sports Club,KNA Bandara,SADU Mihiran,MA Liyanapathiranage,0,0,,,,,,"",""
ball,3,21.3,Police Sports Club,KNA Bandara,SADU Mihiran,MA Liyanapathiranage,0,0,,,,,,"",""
ball,3,21.4,Police Sports Club,KNA Bandara,SADU Mihiran,MA Liyanapathiranage,0,0,,,,,,"",""
ball,3,21.5,Police Sports Club,KNA Bandara,SADU Mihiran,MA Liyanapathiranage,0,0,,,,,,"",""
ball,3,21.6,Police Sports Club,KNA Bandara,SADU Mihiran,MA Liyanapathiranage,1,0,,,,,,"",""
ball,3,22.1,Police Sports Club,KNA Bandara,SADU Mihiran,Tillakaratne Sampath,0,0,,,,,,"",""
ball,3,22.2,Police Sports Club,KNA Bandara,SADU Mihiran,Tillakaratne Sampath,2,0,,,,,,"",""
ball,3,22.3,Police Sports Club,KNA Bandara,SADU Mihiran,Tillakaratne Sampath,0,0,,,,,,"",""
ball,3,22.4,Police Sports Club,KNA Bandara,SADU Mihiran,Tillakaratne Sampath,0,0,,,,,,"",""
ball,3,22.5,Police Sports Club,KNA Bandara,SADU Mihiran,Tillakaratne Sampath,1,0,,,,,,"",""
ball,3,22.6,Police Sports Club,SADU Mihiran,KNA Bandara,Tillakaratne Sampath,1,0,,,,,,"",""
ball,3,23.1,Police Sports Club,SADU Mihiran,KNA Bandara,MA Liyanapathiranage,1,0,,,,,,"",""
ball,3,23.2,Police Sports Club,KNA Bandara,SADU Mihiran,MA Liyanapathiranage,0,0,,,,,,"",""
ball,3,23.3,Police Sports Club,KNA Bandara,SADU Mihiran,MA Liyanapathiranage,0,0,,,,,,"",""
ball,3,23.4,Police Sports Club,KNA Bandara,SADU Mihiran,MA Liyanapathiranage,0,0,,,,,,"",""
ball,3,23.5,Police Sports Club,KNA Bandara,SADU Mihiran,MA Liyanapathiranage,0,0,,,,,,"",""
ball,3,23.6,Police Sports Club,KNA Bandara,SADU Mihiran,MA Liyanapathiranage,0,0,,,,,,"",""
ball,3,24.1,Police Sports Club,SADU Mihiran,KNA Bandara,Tillakaratne Sampath,0,0,,,,,,"",""
ball,3,24.2,Police Sports Club,SADU Mihiran,KNA Bandara,Tillakaratne Sampath,0,0,,,,,,"",""
ball,3,24.3,Police Sports Club,SADU Mihiran,KNA Bandara,Tillakaratne Sampath,0,0,,,,,,"",""
ball,3,24.4,Police Sports Club,SADU Mihiran,KNA Bandara,Tillakaratne Sampath,0,0,,,,,,"",""
ball,3,24.5,Police Sports Club,SADU Mihiran,KNA Bandara,Tillakaratne Sampath,0,0,,,,,,"",""
ball,3,24.6,Police Sports Club,SADU Mihiran,KNA Bandara,Tillakaratne Sampath,0,0,,,,,,"",""
ball,3,25.1,Police Sports Club,KNA Bandara,SADU Mihiran,MA Liyanapathiranage,0,0,,,,,,"",""
ball,3,25.2,Police Sports Club,KNA Bandara,SADU Mihiran,MA Liyanapathiranage,1,0,,,,,,"",""
ball,3,25.3,Police Sports Club,SADU Mihiran,KNA Bandara,MA Liyanapathiranage,0,0,,,,,,"",""
ball,3,25.4,Police Sports Club,SADU Mihiran,KNA Bandara,MA Liyanapathiranage,0,0,,,,,,"",""
ball,3,25.5,Police Sports Club,SADU Mihiran,KNA Bandara,MA Liyanapathiranage,0,0,,,,,,"",""
ball,3,25.6,Police Sports Club,SADU Mihiran,KNA Bandara,MA Liyanapathiranage,0,0,,,,,,"",""
ball,3,26.1,Police Sports Club,KNA Bandara,SADU Mihiran,Tillakaratne Sampath,4,0,,,,,,"",""
ball,3,26.2,Police Sports Club,KNA Bandara,SADU Mihiran,Tillakaratne Sampath,1,0,,,,,,"",""
ball,3,26.3,Police Sports Club,SADU Mihiran,KNA Bandara,Tillakaratne Sampath,1,0,,,,,,"",""
ball,3,26.4,Police Sports Club,KNA Bandara,SADU Mihiran,Tillakaratne Sampath,4,0,,,,,,"",""
ball,3,26.5,Police Sports Club,KNA Bandara,SADU Mihiran,Tillakaratne Sampath,0,0,,,,,,"",""
ball,3,26.6,Police Sports Club,KNA Bandara,SADU Mihiran,Tillakaratne Sampath,0,0,,,,,,"",""
ball,3,27.1,Police Sports Club,SADU Mihiran,KNA Bandara,MA Liyanapathiranage,0,0,,,,,,"",""
ball,3,27.2,Police Sports Club,SADU Mihiran,KNA Bandara,MA Liyanapathiranage,1,0,,,,,,"",""
ball,3,27.3,Police Sports Club,KNA Bandara,SADU Mihiran,MA Liyanapathiranage,1,0,,,,,,"",""
ball,3,27.4,Police Sports Club,SADU Mihiran,KNA Bandara,MA Liyanapathiranage,1,0,,,,,,"",""
ball,3,27.5,Police Sports Club,KNA Bandara,SADU Mihiran,MA Liyanapathiranage,0,0,,,,,,"",""
ball,3,27.6,Police Sports Club,KNA Bandara,SADU Mihiran,MA Liyanapathiranage,0,0,,,,,,"",""
ball,3,28.1,Police Sports Club,SADU Mihiran,KNA Bandara,Tillakaratne Sampath,1,0,,,,,,"",""
ball,3,28.2,Police Sports Club,KNA Bandara,SADU Mihiran,Tillakaratne Sampath,0,0,,,,,,"",""
ball,3,28.3,Police Sports Club,KNA Bandara,SADU Mihiran,Tillakaratne Sampath,4,0,,,,,,"",""
ball,3,28.4,Police Sports Club,KNA Bandara,SADU Mihiran,Tillakaratne Sampath,1,0,,,,,,"",""
ball,3,28.5,Police Sports Club,SADU Mihiran,KNA Bandara,Tillakaratne Sampath,2,0,,,,,,"",""
ball,3,28.6,Police Sports Club,SADU Mihiran,KNA Bandara,Tillakaratne Sampath,1,0,,,,,,"",""
ball,3,29.1,Police Sports Club,SADU Mihiran,KNA Bandara,MA Liyanapathiranage,0,0,,,,,,"",""
ball,3,29.2,Police Sports Club,SADU Mihiran,KNA Bandara,MA Liyanapathiranage,4,0,,,,,,"",""
ball,3,29.3,Police Sports Club,SADU Mihiran,KNA Bandara,MA Liyanapathiranage,0,0,,,,,,"",""
ball,3,29.4,Police Sports Club,SADU Mihiran,KNA Bandara,MA Liyanapathiranage,1,0,,,,,,"",""
ball,3,29.5,Police Sports Club,KNA Bandara,SADU Mihiran,MA Liyanapathiranage,1,0,,,,,,"",""
ball,3,29.6,Police Sports Club,SADU Mihiran,KNA Bandara,MA Liyanapathiranage,0,0,,,,,,"",""
ball,3,30.1,Police Sports Club,KNA Bandara,SADU Mihiran,Tillakaratne Sampath,1,0,,,,,,"",""
ball,3,30.2,Police Sports Club,SADU Mihiran,KNA Bandara,Tillakaratne Sampath,1,0,,,,,,"",""
ball,3,30.3,Police Sports Club,KNA Bandara,SADU Mihiran,Tillakaratne Sampath,0,0,,,,,,"",""
ball,3,30.4,Police Sports Club,KNA Bandara,SADU Mihiran,Tillakaratne Sampath,1,0,,,,,,"",""
ball,3,30.5,Police Sports Club,SADU Mihiran,KNA Bandara,Tillakaratne Sampath,0,0,,,,,,"",""
ball,3,30.6,Police Sports Club,SADU Mihiran,KNA Bandara,Tillakaratne Sampath,0,0,,,,,,"",""
ball,3,31.1,Police Sports Club,KNA Bandara,SADU Mihiran,MA Liyanapathiranage,0,0,,,,,,"",""
ball,3,31.2,Police Sports Club,KNA Bandara,SADU Mihiran,MA Liyanapathiranage,0,0,,,,,,"",""
ball,3,31.3,Police Sports Club,KNA Bandara,SADU Mihiran,MA Liyanapathiranage,0,0,,,,,,"",""
ball,3,31.4,Police Sports Club,KNA Bandara,SADU Mihiran,MA Liyanapathiranage,0,0,,,,,,"",""
ball,3,31.5,Police Sports Club,KNA Bandara,SADU Mihiran,MA Liyanapathiranage,0,0,,,,,,"",""
ball,3,31.6,Police Sports Club,KNA Bandara,SADU Mihiran,MA Liyanapathiranage,1,0,,,,,,"",""
ball,3,32.1,Police Sports Club,KNA Bandara,SADU Mihiran,Tillakaratne Sampath,1,0,,,,,,"",""
ball,3,32.2,Police Sports Club,SADU Mihiran,KNA Bandara,Tillakaratne Sampath,0,0,,,,,,"",""
ball,3,32.3,Police Sports Club,SADU Mihiran,KNA Bandara,Tillakaratne Sampath,0,0,,,,,,"",""
ball,3,32.4,Police Sports Club,SADU Mihiran,KNA Bandara,Tillakaratne Sampath,0,0,,,,,,"",""
ball,3,32.5,Police Sports Club,SADU Mihiran,KNA Bandara,Tillakaratne Sampath,4,0,,,,,,"",""
ball,3,32.6,Police Sports Club,SADU Mihiran,KNA Bandara,Tillakaratne Sampath,1,0,,,,,,"",""
ball,3,33.1,Police Sports Club,SADU Mihiran,KNA Bandara,LA de Zoysa,0,0,,,,,,"",""
ball,3,33.2,Police Sports Club,SADU Mihiran,KNA Bandara,LA de Zoysa,0,0,,,,,,"",""
ball,3,33.3,Police Sports Club,SADU Mihiran,KNA Bandara,LA de Zoysa,0,0,,,,,,"",""
ball,3,33.4,Police Sports Club,SADU Mihiran,KNA Bandara,LA de Zoysa,0,0,,,,,,"",""
ball,3,33.5,Police Sports Club,SADU Mihiran,KNA Bandara,LA de Zoysa,0,0,,,,,,"",""
ball,3,33.6,Police Sports Club,SADU Mihiran,KNA Bandara,LA de Zoysa,0,0,,,,,,"",""
ball,3,34.1,Police Sports Club,KNA Bandara,SADU Mihiran,BGS Mendis,0,0,,,,,,lbw,KNA Bandara
ball,3,34.2,Police Sports Club,Vishad Randika,SADU Mihiran,BGS Mendis,0,0,,,,,,"",""
ball,3,34.3,Police Sports Club,Vishad Randika,SADU Mihiran,BGS Mendis,1,0,,,,,,"",""
ball,3,34.4,Police Sports Club,SADU Mihiran,Vishad Randika,BGS Mendis,0,0,,,,,,"",""
ball,3,34.5,Police Sports Club,SADU Mihiran,Vishad Randika,BGS Mendis,0,0,,,,,,"",""
ball,3,34.6,Police Sports Club,SADU Mihiran,Vishad Randika,BGS Mendis,0,0,,,,,,"",""
ball,3,35.1,Police Sports Club,Vishad Randika,SADU Mihiran,LA de Zoysa,0,0,,,,,,"",""
ball,3,35.2,Police Sports Club,Vishad Randika,SADU Mihiran,LA de Zoysa,0,0,,,,,,"",""
ball,3,35.3,Police Sports Club,Vishad Randika,SADU Mihiran,LA de Zoysa,0,0,,,,,,"",""
ball,3,35.4,Police Sports Club,Vishad Randika,SADU Mihiran,LA de Zoysa,1,0,,,,,,"",""
ball,3,35.5,Police Sports Club,SADU Mihiran,Vishad Randika,LA de Zoysa,0,0,,,,,,"",""
ball,3,35.6,Police Sports Club,SADU Mihiran,Vishad Randika,LA de Zoysa,0,0,,,,,,"",""
ball,3,36.1,Police Sports Club,Vishad Randika,SADU Mihiran,BGS Mendis,1,0,,,,,,"",""
ball,3,36.2,Police Sports Club,SADU Mihiran,Vishad Randika,BGS Mendis,0,0,,,,,,"",""
ball,3,36.3,Police Sports Club,SADU Mihiran,Vishad Randika,BGS Mendis,0,0,,,,,,"",""
ball,3,36.4,Police Sports Club,SADU Mihiran,Vishad Randika,BGS Mendis,0,0,,,,,,"",""
ball,3,36.5,Police Sports Club,SADU Mihiran,Vishad Randika,BGS Mendis,1,0,,,,,,"",""
ball,3,36.6,Police Sports Club,Vishad Randika,SADU Mihiran,BGS Mendis,1,0,,,,,,"",""
ball,3,37.1,Police Sports Club,Vishad Randika,SADU Mihiran,LA de Zoysa,0,0,,,,,,"",""
ball,3,37.2,Police Sports Club,Vishad Randika,SADU Mihiran,LA de Zoysa,4,0,,,,,,"",""
ball,3,37.3,Police Sports Club,Vishad Randika,SADU Mihiran,LA de Zoysa,0,0,,,,,,"",""
ball,3,37.4,Police Sports Club,Vishad Randika,SADU Mihiran,LA de Zoysa,1,0,,,,,,"",""
ball,3,37.5,Police Sports Club,SADU Mihiran,Vishad Randika,LA de Zoysa,0,0,,,,,,"",""
ball,3,37.6,Police Sports Club,SADU Mihiran,Vishad Randika,LA de Zoysa,0,0,,,,,,"",""
ball,3,38.1,Police Sports Club,Vishad Randika,SADU Mihiran,BGS Mendis,4,0,,,,,,"",""
ball,3,38.2,Police Sports Club,Vishad Randika,SADU Mihiran,BGS Mendis,1,0,,,,,,"",""
ball,3,38.3,Police Sports Club,SADU Mihiran,Vishad Randika,BGS Mendis,0,0,,,,,,"",""
ball,3,38.4,Police Sports Club,SADU Mihiran,Vishad Randika,BGS Mendis,1,0,,,,,,"",""
ball,3,38.5,Police Sports Club,Vishad Randika,SADU Mihiran,BGS Mendis,0,0,,,,,,"",""
ball,3,38.6,Police Sports Club,Vishad Randika,SADU Mihiran,BGS Mendis,1,0,,,,,,"",""
ball,3,39.1,Police Sports Club,Vishad Randika,SADU Mihiran,LA de Zoysa,2,0,,,,,,"",""
ball,3,39.2,Police Sports Club,Vishad Randika,SADU Mihiran,LA de Zoysa,0,0,,,,,,"",""
ball,3,39.3,Police Sports Club,Vishad Randika,SADU Mihiran,LA de Zoysa,4,0,,,,,,"",""
ball,3,39.4,Police Sports Club,Vishad Randika,SADU Mihiran,LA de Zoysa,4,0,,,,,,"",""
ball,3,39.5,Police Sports Club,Vishad Randika,SADU Mihiran,LA de Zoysa,0,0,,,,,,"",""
ball,3,39.6,Police Sports Club,Vishad Randika,SADU Mihiran,LA de Zoysa,0,0,,,,,,"",""
ball,3,40.1,Police Sports Club,SADU Mihiran,Vishad Randika,BGS Mendis,1,0,,,,,,"",""
ball,3,40.2,Police Sports Club,Vishad Randika,SADU Mihiran,BGS Mendis,0,0,,,,,,"",""
ball,3,40.3,Police Sports Club,Vishad Randika,SADU Mihiran,BGS Mendis,0,0,,,,,,"",""
ball,3,40.4,Police Sports Club,Vishad Randika,SADU Mihiran,BGS Mendis,1,0,,,,,,"",""
ball,3,40.5,Police Sports Club,SADU Mihiran,Vishad Randika,BGS Mendis,1,0,,,,,,"",""
ball,3,40.6,Police Sports Club,Vishad Randika,SADU Mihiran,BGS Mendis,6,0,,,,,,"",""
ball,3,41.1,Police Sports Club,SADU Mihiran,Vishad Randika,LA de Zoysa,0,0,,,,,,"",""
ball,3,41.2,Police Sports Club,SADU Mihiran,Vishad Randika,LA de Zoysa,4,0,,,,,,"",""
ball,3,41.3,Police Sports Club,SADU Mihiran,Vishad Randika,LA de Zoysa,4,0,,,,,,"",""
ball,3,41.4,Police Sports Club,SADU Mihiran,Vishad Randika,LA de Zoysa,0,0,,,,,,"",""
ball,3,41.5,Police Sports Club,SADU Mihiran,Vishad Randika,LA de Zoysa,1,0,,,,,,"",""
ball,3,41.6,Police Sports Club,Vishad Randika,SADU Mihiran,LA de Zoysa,1,0,,,,,,"",""
ball,4,0.1,Nugegoda Sports Welfare Club,MA Liyanapathiranage,DKAL Perera,N Premaratne,0,0,,,,,,"",""
ball,4,0.2,Nugegoda Sports Welfare Club,MA Liyanapathiranage,DKAL Perera,N Premaratne,0,0,,,,,,"",""
ball,4,0.3,Nugegoda Sports Welfare Club,MA Liyanapathiranage,DKAL Perera,N Premaratne,0,0,,,,,,"",""
ball,4,0.4,Nugegoda Sports Welfare Club,MA Liyanapathiranage,DKAL Perera,N Premaratne,0,0,,,,,,"",""
ball,4,0.5,Nugegoda Sports Welfare Club,MA Liyanapathiranage,DKAL Perera,N Premaratne,0,0,,,,,,"",""
ball,4,0.6,Nugegoda Sports Welfare Club,MA Liyanapathiranage,DKAL Perera,N Premaratne,0,0,,,,,,"",""
ball,4,1.1,Nugegoda Sports Welfare Club,DKAL Perera,MA Liyanapathiranage,DS Thilakaratne,0,0,,,,,,"",""
ball,4,1.2,Nugegoda Sports Welfare Club,DKAL Perera,MA Liyanapathiranage,DS Thilakaratne,3,0,,,,,,"",""
ball,4,1.3,Nugegoda Sports Welfare Club,MA Liyanapathiranage,DKAL Perera,DS Thilakaratne,1,0,,,,,,"",""
ball,4,1.4,Nugegoda Sports Welfare Club,DKAL Perera,MA Liyanapathiranage,DS Thilakaratne,0,0,,,,,,"",""
ball,4,1.5,Nugegoda Sports Welfare Club,DKAL Perera,MA Liyanapathiranage,DS Thilakaratne,0,0,,,,,,"",""
ball,4,1.6,Nugegoda Sports Welfare Club,DKAL Perera,MA Liyanapathiranage,DS Thilakaratne,4,0,,,,,,"",""
ball,4,2.1,Nugegoda Sports Welfare Club,MA Liyanapathiranage,DKAL Perera,N Premaratne,0,0,,,,,,"",""
ball,4,2.2,Nugegoda Sports Welfare Club,MA Liyanapathiranage,DKAL Perera,N Premaratne,0,0,,,,,,"",""
ball,4,2.3,Nugegoda Sports Welfare Club,MA Liyanapathiranage,DKAL Perera,N Premaratne,0,0,,,,,,"",""
ball,4,2.4,Nugegoda Sports Welfare Club,MA Liyanapathiranage,DKAL Perera,N Premaratne,0,0,,,,,,"",""
ball,4,2.5,Nugegoda Sports Welfare Club,MA Liyanapathiranage,DKAL Perera,N Premaratne,0,0,,,,,,"",""
ball,4,2.6,Nugegoda Sports Welfare Club,MA Liyanapathiranage,DKAL Perera,N Premaratne,0,0,,,,,,"",""
ball,4,3.1,Nugegoda Sports Welfare Club,DKAL Perera,MA Liyanapathiranage,DS Thilakaratne,4,0,,,,,,"",""
ball,4,3.2,Nugegoda Sports Welfare Club,DKAL Perera,MA Liyanapathiranage,DS Thilakaratne,1,0,,,,,,"",""
ball,4,3.3,Nugegoda Sports Welfare Club,MA Liyanapathiranage,DKAL Perera,DS Thilakaratne,1,0,,,,,,"",""
ball,4,3.4,Nugegoda Sports Welfare Club,DKAL Perera,MA Liyanapathiranage,DS Thilakaratne,0,0,,,,,,"",""
ball,4,3.5,Nugegoda Sports Welfare Club,DKAL Perera,MA Liyanapathiranage,DS Thilakaratne,0,0,,,,,,"",""
ball,4,3.6,Nugegoda Sports Welfare Club,DKAL Perera,MA Liyanapathiranage,DS Thilakaratne,0,0,,,,,,"",""
ball,4,4.1,Nugegoda Sports Welfare Club,MA Liyanapathiranage,DKAL Perera,RPN Priyadarshana,0,0,,,,,,"",""
ball,4,4.2,Nugegoda Sports Welfare Club,MA Liyanapathiranage,DKAL Perera,RPN Priyadarshana,0,0,,,,,,"",""
ball,4,4.3,Nugegoda Sports Welfare Club,MA Liyanapathiranage,DKAL Perera,RPN Priyadarshana,0,0,,,,,,"",""
ball,4,4.4,Nugegoda Sports Welfare Club,MA Liyanapathiranage,DKAL Perera,RPN Priyadarshana,0,0,,,,,,"",""
ball,4,4.5,Nugegoda Sports Welfare Club,MA Liyanapathiranage,DKAL Perera,RPN Priyadarshana,0,0,,,,,,"",""
ball,4,4.6,Nugegoda Sports Welfare Club,MA Liyanapathiranage,DKAL Perera,RPN Priyadarshana,0,0,,,,,,"",""
ball,4,5.1,Nugegoda Sports Welfare Club,DKAL Perera,MA Liyanapathiranage,DS Thilakaratne,0,0,,,,,,"",""
ball,4,5.2,Nugegoda Sports Welfare Club,DKAL Perera,MA Liyanapathiranage,DS Thilakaratne,0,0,,,,,,"",""
ball,4,5.3,Nugegoda Sports Welfare Club,DKAL Perera,MA Liyanapathiranage,DS Thilakaratne,0,0,,,,,,"",""
ball,4,5.4,Nugegoda Sports Welfare Club,DKAL Perera,MA Liyanapathiranage,DS Thilakaratne,0,0,,,,,,"",""
ball,4,5.5,Nugegoda Sports Welfare Club,DKAL Perera,MA Liyanapathiranage,DS Thilakaratne,0,0,,,,,,"",""
ball,4,5.6,Nugegoda Sports Welfare Club,DKAL Perera,MA Liyanapathiranage,DS Thilakaratne,0,0,,,,,,"",""
ball,4,6.1,Nugegoda Sports Welfare Club,MA Liyanapathiranage,DKAL Perera,RPN Priyadarshana,0,0,,,,,,"",""
ball,4,6.2,Nugegoda Sports Welfare Club,MA Liyanapathiranage,DKAL Perera,RPN Priyadarshana,0,0,,,,,,"",""
ball,4,6.3,Nugegoda Sports Welfare Club,MA Liyanapathiranage,DKAL Perera,RPN Priyadarshana,0,0,,,,,,"",""
ball,4,6.4,Nugegoda Sports Welfare Club,MA Liyanapathiranage,DKAL Perera,RPN Priyadarshana,0,0,,,,,,"",""
ball,4,6.5,Nugegoda Sports Welfare Club,MA Liyanapathiranage,DKAL Perera,RPN Priyadarshana,0,0,,,,,,"",""
ball,4,6.6,Nugegoda Sports Welfare Club,MA Liyanapathiranage,DKAL Perera,RPN Priyadarshana,0,0,,,,,,"",""
ball,4,7.1,Nugegoda Sports Welfare Club,DKAL Perera,MA Liyanapathiranage,DS Thilakaratne,0,0,,,,,,"",""
ball,4,7.2,Nugegoda Sports Welfare Club,DKAL Perera,MA Liyanapathiranage,DS Thilakaratne,0,0,,,,,,"",""
ball,4,7.3,Nugegoda Sports Welfare Club,DKAL Perera,MA Liyanapathiranage,DS Thilakaratne,0,0,,,,,,"",""
ball,4,7.4,Nugegoda Sports Welfare Club,DKAL Perera,MA Liyanapathiranage,DS Thilakaratne,0,0,,,,,,"",""
ball,4,7.5,Nugegoda Sports Welfare Club,DKAL Perera,MA Liyanapathiranage,DS Thilakaratne,0,0,,,,,,"",""
ball,4,7.6,Nugegoda Sports Welfare Club,DKAL Perera,MA Liyanapathiranage,DS Thilakaratne,0,0,,,,,,"",""
ball,4,8.1,Nugegoda Sports Welfare Club,MA Liyanapathiranage,DKAL Perera,RPN Priyadarshana,1,0,,,,,,"",""
ball,4,8.2,Nugegoda Sports Welfare Club,DKAL Perera,MA Liyanapathiranage,RPN Priyadarshana,0,4,,,4,,,"",""
ball,4,8.3,Nugegoda Sports Welfare Club,DKAL Perera,MA Liyanapathiranage,RPN Priyadarshana,1,0,,,,,,"",""
ball,4,8.4,Nugegoda Sports Welfare Club,MA Liyanapathiranage,DKAL Perera,RPN Priyadarshana,0,0,,,,,,"",""
ball,4,8.5,Nugegoda Sports Welfare Club,MA Liyanapathiranage,DKAL Perera,RPN Priyadarshana,1,0,,,,,,"",""
ball,4,8.6,Nugegoda Sports Welfare Club,DKAL Perera,MA Liyanapathiranage,RPN Priyadarshana,1,0,,,,,,"",""
ball,4,9.1,Nugegoda Sports Welfare Club,DKAL Perera,MA Liyanapathiranage,DS Thilakaratne,0,0,,,,,,"",""
ball,4,9.2,Nugegoda Sports Welfare Club,DKAL Perera,MA Liyanapathiranage,DS Thilakaratne,0,0,,,,,,"",""
ball,4,9.3,Nugegoda Sports Welfare Club,DKAL Perera,MA Liyanapathiranage,DS Thilakaratne,0,0,,,,,,"",""
ball,4,9.4,Nugegoda Sports Welfare Club,DKAL Perera,MA Liyanapathiranage,DS Thilakaratne,0,0,,,,,,"",""
ball,4,9.5,Nugegoda Sports Welfare Club,DKAL Perera,MA Liyanapathiranage,DS Thilakaratne,0,0,,,,,,"",""
ball,4,9.6,Nugegoda Sports Welfare Club,DKAL Perera,MA Liyanapathiranage,DS Thilakaratne,4,0,,,,,,"",""
ball,4,10.1,Nugegoda Sports Welfare Club,MA Liyanapathiranage,DKAL Perera,N Premaratne,0,0,,,,,,"",""
ball,4,10.2,Nugegoda Sports Welfare Club,MA Liyanapathiranage,DKAL Perera,N Premaratne,4,0,,,,,,"",""
ball,4,10.3,Nugegoda Sports Welfare Club,MA Liyanapathiranage,DKAL Perera,N Premaratne,0,0,,,,,,"",""
ball,4,10.4,Nugegoda Sports Welfare Club,MA Liyanapathiranage,DKAL Perera,N Premaratne,0,0,,,,,,"",""
ball,4,10.5,Nugegoda Sports Welfare Club,MA Liyanapathiranage,DKAL Perera,N Premaratne,0,0,,,,,,"",""
ball,4,10.6,Nugegoda Sports Welfare Club,MA Liyanapathiranage,DKAL Perera,N Premaratne,3,0,,,,,,"",""
ball,4,11.1,Nugegoda Sports Welfare Club,MA Liyanapathiranage,DKAL Perera,DS Thilakaratne,0,0,,,,,,"",""
ball,4,11.2,Nugegoda Sports Welfare Club,MA Liyanapathiranage,DKAL Perera,DS Thilakaratne,0,0,,,,,,"",""
ball,4,11.3,Nugegoda Sports Welfare Club,MA Liyanapathiranage,DKAL Perera,DS Thilakaratne,0,0,,,,,,"",""
ball,4,11.4,Nugegoda Sports Welfare Club,MA Liyanapathiranage,DKAL Perera,DS Thilakaratne,1,0,,,,,,"",""
ball,4,11.5,Nugegoda Sports Welfare Club,DKAL Perera,MA Liyanapathiranage,DS Thilakaratne,0,0,,,,,,"",""
ball,4,11.6,Nugegoda Sports Welfare Club,DKAL Perera,MA Liyanapathiranage,DS Thilakaratne,0,0,,,,,,"",""
ball,4,12.1,Nugegoda Sports Welfare Club,MA Liyanapathiranage,DKAL Perera,HH Ramanayake,0,0,,,,,,"",""
ball,4,12.2,Nugegoda Sports Welfare Club,MA Liyanapathiranage,DKAL Perera,HH Ramanayake,1,0,,,,,,"",""
ball,4,12.3,Nugegoda Sports Welfare Club,DKAL Perera,MA Liyanapathiranage,HH Ramanayake,1,0,,,,,,"",""
ball,4,12.4,Nugegoda Sports Welfare Club,MA Liyanapathiranage,DKAL Perera,HH Ramanayake,0,0,,,,,,"",""
ball,4,12.5,Nugegoda Sports Welfare Club,MA Liyanapathiranage,DKAL Perera,HH Ramanayake,0,0,,,,,,"",""
ball,4,12.6,Nugegoda Sports Welfare Club,MA Liyanapathiranage,DKAL Perera,HH Ramanayake,0,0,,,,,,"",""
ball,4,13.1,Nugegoda Sports Welfare Club,DKAL Perera,MA Liyanapathiranage,DS Thilakaratne,0,0,,,,,,"",""
ball,4,13.2,Nugegoda Sports Welfare Club,DKAL Perera,MA Liyanapathiranage,DS Thilakaratne,0,0,,,,,,"",""
ball,4,13.3,Nugegoda Sports Welfare Club,DKAL Perera,MA Liyanapathiranage,DS Thilakaratne,1,0,,,,,,"",""
ball,4,13.4,Nugegoda Sports Welfare Club,MA Liyanapathiranage,DKAL Perera,DS Thilakaratne,0,0,,,,,,"",""
ball,4,13.5,Nugegoda Sports Welfare Club,MA Liyanapathiranage,DKAL Perera,DS Thilakaratne,0,0,,,,,,"",""
ball,4,13.6,Nugegoda Sports Welfare Club,MA Liyanapathiranage,DKAL Perera,DS Thilakaratne,0,0,,,,,,"",""
ball,4,14.1,Nugegoda Sports Welfare Club,DKAL Perera,MA Liyanapathiranage,HH Ramanayake,0,0,,,,,,"",""
ball,4,14.2,Nugegoda Sports Welfare Club,DKAL Perera,MA Liyanapathiranage,HH Ramanayake,0,0,,,,,,"",""
ball,4,14.3,Nugegoda Sports Welfare Club,DKAL Perera,MA Liyanapathiranage,HH Ramanayake,1,0,,,,,,"",""
ball,4,14.4,Nugegoda Sports Welfare Club,MA Liyanapathiranage,DKAL Perera,HH Ramanayake,4,0,,,,,,"",""
ball,4,14.5,Nugegoda Sports Welfare Club,MA Liyanapathiranage,DKAL Perera,HH Ramanayake,0,0,,,,,,"",""
ball,4,14.6,Nugegoda Sports Welfare Club,MA Liyanapathiranage,DKAL Perera,HH Ramanayake,4,0,,,,,,"",""
ball,4,15.1,Nugegoda Sports Welfare Club,DKAL Perera,MA Liyanapathiranage,DS Thilakaratne,0,0,,,,,,"",""
ball,4,15.2,Nugegoda Sports Welfare Club,DKAL Perera,MA Liyanapathiranage,DS Thilakaratne,0,0,,,,,,"",""
ball,4,15.3,Nugegoda Sports Welfare Club,DKAL Perera,MA Liyanapathiranage,DS Thilakaratne,0,0,,,,,,"",""
ball,4,15.4,Nugegoda Sports Welfare Club,DKAL Perera,MA Liyanapathiranage,DS Thilakaratne,0,0,,,,,,"",""
ball,4,15.5,Nugegoda Sports Welfare Club,DKAL Perera,MA Liyanapathiranage,DS Thilakaratne,0,0,,,,,,"",""
ball,4,15.6,Nugegoda Sports Welfare Club,DKAL Perera,MA Liyanapathiranage,DS Thilakaratne,0,0,,,,,,"",""
ball,4,16.1,Nugegoda Sports Welfare Club,MA Liyanapathiranage,DKAL Perera,HH Ramanayake,0,0,,,,,,"",""
ball,4,16.2,Nugegoda Sports Welfare Club,MA Liyanapathiranage,DKAL Perera,HH Ramanayake,0,0,,,,,,"",""
ball,4,16.3,Nugegoda Sports Welfare Club,MA Liyanapathiranage,DKAL Perera,HH Ramanayake,1,0,,,,,,"",""
ball,4,16.4,Nugegoda Sports Welfare Club,DKAL Perera,MA Liyanapathiranage,HH Ramanayake,0,0,,,,,,"",""
ball,4,16.5,Nugegoda Sports Welfare Club,DKAL Perera,MA Liyanapathiranage,HH Ramanayake,3,0,,,,,,"",""
ball,4,16.6,Nugegoda Sports Welfare Club,MA Liyanapathiranage,DKAL Perera,HH Ramanayake,0,0,,,,,,"",""
ball,4,17.1,Nugegoda Sports Welfare Club,DKAL Perera,MA Liyanapathiranage,DS Thilakaratne,1,0,,,,,,"",""
ball,4,17.2,Nugegoda Sports Welfare Club,MA Liyanapathiranage,DKAL Perera,DS Thilakaratne,0,0,,,,,,"",""
ball,4,17.3,Nugegoda Sports Welfare Club,MA Liyanapathiranage,DKAL Perera,DS Thilakaratne,0,0,,,,,,"",""
ball,4,17.4,Nugegoda Sports Welfare Club,MA Liyanapathiranage,DKAL Perera,DS Thilakaratne,1,0,,,,,,"",""
ball,4,17.5,Nugegoda Sports Welfare Club,DKAL Perera,MA Liyanapathiranage,DS Thilakaratne,1,0,,,,,,"",""
ball,4,17.6,Nugegoda Sports Welfare Club,MA Liyanapathiranage,DKAL Perera,DS Thilakaratne,4,0,,,,,,"",""
ball,4,18.1,Nugegoda Sports Welfare Club,DKAL Perera,MA Liyanapathiranage,HH Ramanayake,0,0,,,,,,"",""
ball,4,18.2,Nugegoda Sports Welfare Club,DKAL Perera,MA Liyanapathiranage,HH Ramanayake,1,0,,,,,,"",""
ball,4,18.3,Nugegoda Sports Welfare Club,MA Liyanapathiranage,DKAL Perera,HH Ramanayake,0,0,,,,,,"",""
ball,4,18.4,Nugegoda Sports Welfare Club,MA Liyanapathiranage,DKAL Perera,HH Ramanayake,0,0,,,,,,"",""
ball,4,18.5,Nugegoda Sports Welfare Club,MA Liyanapathiranage,DKAL Perera,HH Ramanayake,0,0,,,,,,"",""
ball,4,18.6,Nugegoda Sports Welfare Club,MA Liyanapathiranage,DKAL Perera,HH Ramanayake,0,0,,,,,,"",""
ball,4,19.1,Nugegoda Sports Welfare Club,DKAL Perera,MA Liyanapathiranage,DS Thilakaratne,0,0,,,,,,"",""
ball,4,19.2,Nugegoda Sports Welfare Club,DKAL Perera,MA Liyanapathiranage,DS Thilakaratne,0,0,,,,,,caught,DKAL Perera
ball,4,19.3,Nugegoda Sports Welfare Club,LA de Zoysa,MA Liyanapathiranage,DS Thilakaratne,0,0,,,,,,"",""
ball,4,19.4,Nugegoda Sports Welfare Club,LA de Zoysa,MA Liyanapathiranage,DS Thilakaratne,0,0,,,,,,"",""
ball,4,19.5,Nugegoda Sports Welfare Club,LA de Zoysa,MA Liyanapathiranage,DS Thilakaratne,0,0,,,,,,"",""
ball,4,19.6,Nugegoda Sports Welfare Club,LA de Zoysa,MA Liyanapathiranage,DS Thilakaratne,0,0,,,,,,"",""
ball,4,20.1,Nugegoda Sports Welfare Club,MA Liyanapathiranage,LA de Zoysa,RPN Priyadarshana,0,0,,,,,,"",""
ball,4,20.2,Nugegoda Sports Welfare Club,MA Liyanapathiranage,LA de Zoysa,RPN Priyadarshana,0,0,,,,,,"",""
ball,4,20.3,Nugegoda Sports Welfare Club,MA Liyanapathiranage,LA de Zoysa,RPN Priyadarshana,1,0,,,,,,"",""
ball,4,20.4,Nugegoda Sports Welfare Club,LA de Zoysa,MA Liyanapathiranage,RPN Priyadarshana,0,0,,,,,,"",""
ball,4,20.5,Nugegoda Sports Welfare Club,LA de Zoysa,MA Liyanapathiranage,RPN Priyadarshana,0,0,,,,,,"",""
ball,4,20.6,Nugegoda Sports Welfare Club,LA de Zoysa,MA Liyanapathiranage,RPN Priyadarshana,0,0,,,,,,"",""
ball,4,21.1,Nugegoda Sports Welfare Club,MA Liyanapathiranage,LA de Zoysa,DS Thilakaratne,0,0,,,,,,"",""
ball,4,21.2,Nugegoda Sports Welfare Club,MA Liyanapathiranage,LA de Zoysa,DS Thilakaratne,0,0,,,,,,lbw,MA Liyanapathiranage
ball,4,21.3,Nugegoda Sports Welfare Club,Anuk Fernando,LA de Zoysa,DS Thilakaratne,0,0,,,,,,"",""
ball,4,21.4,Nugegoda Sports Welfare Club,Anuk Fernando,LA de Zoysa,DS Thilakaratne,0,0,,,,,,"",""
ball,4,21.5,Nugegoda Sports Welfare Club,Anuk Fernando,LA de Zoysa,DS Thilakaratne,1,0,,,,,,"",""
ball,4,21.6,Nugegoda Sports Welfare Club,LA de Zoysa,Anuk Fernando,DS Thilakaratne,2,0,,,,,,"",""
ball,4,22.1,Nugegoda Sports Welfare Club,Anuk Fernando,LA de Zoysa,RPN Priyadarshana,0,0,,,,,,"",""
ball,4,22.2,Nugegoda Sports Welfare Club,Anuk Fernando,LA de Zoysa,RPN Priyadarshana,0,0,,,,,,lbw,Anuk Fernando
ball,4,22.3,Nugegoda Sports Welfare Club,LPPM Kumara,LA de Zoysa,RPN Priyadarshana,1,0,,,,,,"",""
ball,4,22.4,Nugegoda Sports Welfare Club,LA de Zoysa,LPPM Kumara,RPN Priyadarshana,0,0,,,,,,"",""
ball,4,22.5,Nugegoda Sports Welfare Club,LA de Zoysa,LPPM Kumara,RPN Priyadarshana,0,0,,,,,,"",""
ball,4,22.6,Nugegoda Sports Welfare Club,LA de Zoysa,LPPM Kumara,RPN Priyadarshana,0,0,,,,,,"",""
ball,4,23.1,Nugegoda Sports Welfare Club,LPPM Kumara,LA de Zoysa,DS Thilakaratne,0,0,,,,,,"",""
ball,4,23.2,Nugegoda Sports Welfare Club,LPPM Kumara,LA de Zoysa,DS Thilakaratne,2,0,,,,,,"",""
ball,4,23.3,Nugegoda Sports Welfare Club,LPPM Kumara,LA de Zoysa,DS Thilakaratne,0,0,,,,,,"",""
ball,4,23.4,Nugegoda Sports Welfare Club,LPPM Kumara,LA de Zoysa,DS Thilakaratne,0,0,,,,,,"",""
ball,4,23.5,Nugegoda Sports Welfare Club,LPPM Kumara,LA de Zoysa,DS Thilakaratne,0,0,,,,,,bowled,LPPM Kumara
ball,4,23.6,Nugegoda Sports Welfare Club,Kevin Perera,LA de Zoysa,DS Thilakaratne,4,0,,,,,,"",""
ball,4,24.1,Nugegoda Sports Welfare Club,LA de Zoysa,Kevin Perera,RPN Priyadarshana,1,0,,,,,,"",""
ball,4,24.2,Nugegoda Sports Welfare Club,Kevin Perera,LA de Zoysa,RPN Priyadarshana,0,0,,,,,,"",""
ball,4,24.3,Nugegoda Sports Welfare Club,Kevin Perera,LA de Zoysa,RPN Priyadarshana,0,0,,,,,,"",""
ball,4,24.4,Nugegoda Sports Welfare Club,Kevin Perera,LA de Zoysa,RPN Priyadarshana,2,0,,,,,,"",""
ball,4,24.5,Nugegoda Sports Welfare Club,Kevin Perera,LA de Zoysa,RPN Priyadarshana,0,0,,,,,,"",""
ball,4,24.6,Nugegoda Sports Welfare Club,Kevin Perera,LA de Zoysa,RPN Priyadarshana,0,0,,,,,,"",""
ball,4,25.1,Nugegoda Sports Welfare Club,LA de Zoysa,Kevin Perera,DS Thilakaratne,0,0,,,,,,"",""
ball,4,25.2,Nugegoda Sports Welfare Club,LA de Zoysa,Kevin Perera,DS Thilakaratne,0,0,,,,,,"",""
ball,4,25.3,Nugegoda Sports Welfare Club,LA de Zoysa,Kevin Perera,DS Thilakaratne,0,0,,,,,,"",""
ball,4,25.4,Nugegoda Sports Welfare Club,LA de Zoysa,Kevin Perera,DS Thilakaratne,4,0,,,,,,"",""
ball,4,25.5,Nugegoda Sports Welfare Club,LA de Zoysa,Kevin Perera,DS Thilakaratne,0,0,,,,,,"",""
ball,4,25.6,Nugegoda Sports Welfare Club,LA de Zoysa,Kevin Perera,DS Thilakaratne,0,0,,,,,,"",""
ball,4,26.1,Nugegoda Sports Welfare Club,Kevin Perera,LA de Zoysa,RPN Priyadarshana,4,0,,,,,,"",""
ball,4,26.2,Nugegoda Sports Welfare Club,Kevin Perera,LA de Zoysa,RPN Priyadarshana,0,0,,,,,,"",""
ball,4,26.3,Nugegoda Sports Welfare Club,Kevin Perera,LA de Zoysa,RPN Priyadarshana,0,0,,,,,,"",""
ball,4,26.4,Nugegoda Sports Welfare Club,Kevin Perera,LA de Zoysa,RPN Priyadarshana,0,0,,,,,,"",""
ball,4,26.5,Nugegoda Sports Welfare Club,Kevin Perera,LA de Zoysa,RPN Priyadarshana,0,0,,,,,,"",""
ball,4,26.6,Nugegoda Sports Welfare Club,Kevin Perera,LA de Zoysa,RPN Priyadarshana,0,0,,,,,,"",""
ball,4,27.1,Nugegoda Sports Welfare Club,LA de Zoysa,Kevin Perera,DS Thilakaratne,1,0,,,,,,"",""
ball,4,27.2,Nugegoda Sports Welfare Club,Kevin Perera,LA de Zoysa,DS Thilakaratne,0,0,,,,,,"",""
ball,4,27.3,Nugegoda Sports Welfare Club,Kevin Perera,LA de Zoysa,DS Thilakaratne,1,0,,,,,,"",""
ball,4,27.4,Nugegoda Sports Welfare Club,LA de Zoysa,Kevin Perera,DS Thilakaratne,4,0,,,,,,"",""
ball,4,27.5,Nugegoda Sports Welfare Club,LA de Zoysa,Kevin Perera,DS Thilakaratne,0,0,,,,,,"",""
ball,4,27.6,Nugegoda Sports Welfare Club,LA de Zoysa,Kevin Perera,DS Thilakaratne,0,0,,,,,,bowled,LA de Zoysa
ball,4,28.1,Nugegoda Sports Welfare Club,Kevin Perera,BGS Mendis,RPN Priyadarshana,1,0,,,,,,"",""
ball,4,28.2,Nugegoda Sports Welfare Club,BGS Mendis,Kevin Perera,RPN Priyadarshana,0,0,,,,,,"",""
ball,4,28.3,Nugegoda Sports Welfare Club,BGS Mendis,Kevin Perera,RPN Priyadarshana,0,0,,,,,,"",""
ball,4,28.4,Nugegoda Sports Welfare Club,BGS Mendis,Kevin Perera,RPN Priyadarshana,0,0,,,,,,"",""
ball,4,28.5,Nugegoda Sports Welfare Club,BGS Mendis,Kevin Perera,RPN Priyadarshana,0,0,,,,,,"",""
ball,4,28.6,Nugegoda Sports Welfare Club,BGS Mendis,Kevin Perera,RPN Priyadarshana,0,0,,,,,,"",""
ball,4,29.1,Nugegoda Sports Welfare Club,Kevin Perera,BGS Mendis,DS Thilakaratne,1,0,,,,,,"",""
ball,4,29.2,Nugegoda Sports Welfare Club,BGS Mendis,Kevin Perera,DS Thilakaratne,0,0,,,,,,"",""
ball,4,29.3,Nugegoda Sports Welfare Club,BGS Mendis,Kevin Perera,DS Thilakaratne,0,0,,,,,,"",""
ball,4,29.4,Nugegoda Sports Welfare Club,BGS Mendis,Kevin Perera,DS Thilakaratne,0,0,,,,,,"",""
ball,4,29.5,Nugegoda Sports Welfare Club,BGS Mendis,Kevin Perera,DS Thilakaratne,0,0,,,,,,"",""
ball,4,29.6,Nugegoda Sports Welfare Club,BGS Mendis,Kevin Perera,DS Thilakaratne,0,0,,,,,,"",""
ball,4,30.1,Nugegoda Sports Welfare Club,Kevin Perera,BGS Mendis,RPN Priyadarshana,0,0,,,,,,"",""
ball,4,30.2,Nugegoda Sports Welfare Club,Kevin Perera,BGS Mendis,RPN Priyadarshana,4,0,,,,,,"",""
ball,4,30.3,Nugegoda Sports Welfare Club,Kevin Perera,BGS Mendis,RPN Priyadarshana,0,0,,,,,,"",""
ball,4,30.4,Nugegoda Sports Welfare Club,Kevin Perera,BGS Mendis,RPN Priyadarshana,0,0,,,,,,"",""
ball,4,30.5,Nugegoda Sports Welfare Club,Kevin Perera,BGS Mendis,RPN Priyadarshana,0,0,,,,,,caught,Kevin Perera
ball,4,30.6,Nugegoda Sports Welfare Club,A Muthalib,BGS Mendis,RPN Priyadarshana,0,0,,,,,,"",""
ball,4,31.1,Nugegoda Sports Welfare Club,BGS Mendis,A Muthalib,DS Thilakaratne,0,0,,,,,,"",""
ball,4,31.2,Nugegoda Sports Welfare Club,BGS Mendis,A Muthalib,DS Thilakaratne,0,0,,,,,,"",""
ball,4,31.3,Nugegoda Sports Welfare Club,BGS Mendis,A Muthalib,DS Thilakaratne,0,0,,,,,,"",""
ball,4,31.4,Nugegoda Sports Welfare Club,BGS Mendis,A Muthalib,DS Thilakaratne,0,0,,,,,,"",""
ball,4,31.5,Nugegoda Sports Welfare Club,BGS Mendis,A Muthalib,DS Thilakaratne,0,0,,,,,,"",""
ball,4,31.6,Nugegoda Sports Welfare Club,BGS Mendis,A Muthalib,DS Thilakaratne,0,0,,,,,,"",""
ball,4,32.1,Nugegoda Sports Welfare Club,A Muthalib,BGS Mendis,RPN Priyadarshana,1,0,,,,,,"",""
ball,4,32.2,Nugegoda Sports Welfare Club,BGS Mendis,A Muthalib,RPN Priyadarshana,1,0,,,,,,"",""
ball,4,32.3,Nugegoda Sports Welfare Club,A Muthalib,BGS Mendis,RPN Priyadarshana,0,0,,,,,,"",""
ball,4,32.4,Nugegoda Sports Welfare Club,A Muthalib,BGS Mendis,RPN Priyadarshana,1,0,,,,,,"",""
ball,4,32.5,Nugegoda Sports Welfare Club,BGS Mendis,A Muthalib,RPN Priyadarshana,0,0,,,,,,"",""
ball,4,32.6,Nugegoda Sports Welfare Club,BGS Mendis,A Muthalib,RPN Priyadarshana,0,0,,,,,,"",""
ball,4,33.1,Nugegoda Sports Welfare Club,A Muthalib,BGS Mendis,DS Thilakaratne,1,0,,,,,,"",""
ball,4,33.2,Nugegoda Sports Welfare Club,BGS Mendis,A Muthalib,DS Thilakaratne,1,0,,,,,,"",""
ball,4,33.3,Nugegoda Sports Welfare Club,A Muthalib,BGS Mendis,DS Thilakaratne,1,0,,,,,,"",""
ball,4,33.4,Nugegoda Sports Welfare Club,BGS Mendis,A Muthalib,DS Thilakaratne,0,0,,,,,,"",""
ball,4,33.5,Nugegoda Sports Welfare Club,BGS Mendis,A Muthalib,DS Thilakaratne,0,0,,,,,,"",""
ball,4,33.6,Nugegoda Sports Welfare Club,BGS Mendis,A Muthalib,DS Thilakaratne,0,0,,,,,,"",""
ball,4,34.1,Nugegoda Sports Welfare Club,A Muthalib,BGS Mendis,RPN Priyadarshana,0,0,,,,,,"",""
ball,4,34.2,Nugegoda Sports Welfare Club,A Muthalib,BGS Mendis,RPN Priyadarshana,0,0,,,,,,"",""
ball,4,34.3,Nugegoda Sports Welfare Club,A Muthalib,BGS Mendis,RPN Priyadarshana,4,0,,,,,,"",""
ball,4,34.4,Nugegoda Sports Welfare Club,A Muthalib,BGS Mendis,RPN Priyadarshana,0,0,,,,,,"",""
ball,4,34.5,Nugegoda Sports Welfare Club,A Muthalib,BGS Mendis,RPN Priyadarshana,1,0,,,,,,"",""
ball,4,34.6,Nugegoda Sports Welfare Club,BGS Mendis,A Muthalib,RPN Priyadarshana,0,0,,,,,,"",""
ball,4,35.1,Nugegoda Sports Welfare Club,A Muthalib,BGS Mendis,DS Thilakaratne,0,0,,,,,,"",""
ball,4,35.2,Nugegoda Sports Welfare Club,A Muthalib,BGS Mendis,DS Thilakaratne,0,0,,,,,,"",""
ball,4,35.3,Nugegoda Sports Welfare Club,A Muthalib,BGS Mendis,DS Thilakaratne,3,0,,,,,,"",""
ball,4,35.4,Nugegoda Sports Welfare Club,BGS Mendis,A Muthalib,DS Thilakaratne,0,0,,,,,,"",""
ball,4,35.5,Nugegoda Sports Welfare Club,BGS Mendis,A Muthalib,DS Thilakaratne,0,0,,,,,,"",""
ball,4,35.6,Nugegoda Sports Welfare Club,BGS Mendis,A Muthalib,DS Thilakaratne,1,0,,,,,,"",""
ball,4,36.1,Nugegoda Sports Welfare Club,BGS Mendis,A Muthalib,RPN Priyadarshana,0,0,,,,,,"",""
ball,4,36.2,Nugegoda Sports Welfare Club,BGS Mendis,A Muthalib,RPN Priyadarshana,0,0,,,,,,"",""
ball,4,36.3,Nugegoda Sports Welfare Club,BGS Mendis,A Muthalib,RPN Priyadarshana,0,0,,,,,,"",""
ball,4,36.4,Nugegoda Sports Welfare Club,BGS Mendis,A Muthalib,RPN Priyadarshana,0,1,,1,,,,"",""
ball,4,36.5,Nugegoda Sports Welfare Club,BGS Mendis,A Muthalib,RPN Priyadarshana,0,0,,,,,,"",""
ball,4,36.6,Nugegoda Sports Welfare Club,BGS Mendis,A Muthalib,RPN Priyadarshana,0,0,,,,,,"",""
ball,4,36.7,Nugegoda Sports Welfare Club,BGS Mendis,A Muthalib,RPN Priyadarshana,1,0,,,,,,"",""
ball,4,37.1,Nugegoda Sports Welfare Club,BGS Mendis,A Muthalib,DS Thilakaratne,0,0,,,,,,"",""
ball,4,37.2,Nugegoda Sports Welfare Club,BGS Mendis,A Muthalib,DS Thilakaratne,0,0,,,,,,"",""
ball,4,37.3,Nugegoda Sports Welfare Club,BGS Mendis,A Muthalib,DS Thilakaratne,0,0,,,,,,"",""
ball,4,37.4,Nugegoda Sports Welfare Club,BGS Mendis,A Muthalib,DS Thilakaratne,0,0,,,,,,"",""
ball,4,37.5,Nugegoda Sports Welfare Club,BGS Mendis,A Muthalib,DS Thilakaratne,0,0,,,,,,"",""
ball,4,37.6,Nugegoda Sports Welfare Club,BGS Mendis,A Muthalib,DS Thilakaratne,4,0,,,,,,"",""
