version,1.7.0
info,balls_per_over,6
info,team,Chilaw Marians Cricket Club
info,team,Colombo Cricket Club
info,gender,male
info,season,2025/26
info,date,2026/01/02
info,date,2026/01/03
info,date,2026/01/04
info,event,Major League Tournament
info,venue,"Colts Cricket Club Ground, Colombo"
info,city,Colombo
info,toss_winner,Colombo Cricket Club
info,toss_decision,field
info,umpire,KADA Nanayakkara
info,umpire,BSP Fernando
info,reserve_umpire,PPV Fernando
info,match_referee,R Punchihewa
info,winner,Colombo Cricket Club
info,winner_wickets,9
info,player,Chilaw Marians Cricket Club,WWWL Lakshan
info,player,Chilaw Marians Cricket Club,PTM Dabare
info,player,Chilaw Marians Cricket Club,T Amarasinghe
info,player,Chilaw Marians Cricket Club,H Jayasundara
info,player,Chilaw Marians Cricket Club,Sammu Ashan
info,player,Chilaw Marians Cricket Club,KVA Adikari
info,player,Chilaw Marians Cricket Club,S Liyanage
info,player,Chilaw Marians Cricket Club,ST de Silva
info,player,Chilaw Marians Cricket Club,C de Silva
info,player,Chilaw Marians Cricket Club,NH Atharagalla
info,player,Chilaw Marians Cricket Club,M Hasanka
info,player,Colombo Cricket Club,KNM Fernando
info,player,Colombo Cricket Club,L Croospulle
info,player,Colombo Cricket Club,Pawan Sandesh
info,player,Colombo Cricket Club,P Rathnayake
info,player,Colombo Cricket Club,MVT Fernando
info,player,Colombo Cricket Club,GS Dinusha
info,player,Colombo Cricket Club,S Kosala
info,player,Colombo Cricket Club,A Bandara
info,player,Colombo Cricket Club,C Wijesinghe
info,player,Colombo Cricket Club,KN Peiris
info,player,Colombo Cricket Club,AM Fernando
info,registry,people,A Bandara,2d71e6cc
info,registry,people,AM Fernando,de3d549a
info,registry,people,BSP Fernando,8a49883f
info,registry,people,C Wijesinghe,0a2d45b0
info,registry,people,C de Silva,9cfe63f5
info,registry,people,GS Dinusha,4bbfddd5
info,registry,people,H Jayasundara,5bc572de
info,registry,people,I Karannagoda,ddce5289
info,registry,people,KADA Nanayakkara,9ee551f5
info,registry,people,KN Peiris,d0cc2738
info,registry,people,KNM Fernando,d2a2bb1a
info,registry,people,KVA Adikari,4830fcaf
info,registry,people,L Croospulle,e30c9b2d
info,registry,people,M Hasanka,70888633
info,registry,people,MVT Fernando,5eef2118
info,registry,people,NH Atharagalla,5250b33c
info,registry,people,P Rathnayake,c1fdfb46
info,registry,people,PPV Fernando,31d09291
info,registry,people,PTM Dabare,a97fbc2c
info,registry,people,Pawan Sandesh,6ed543ed
info,registry,people,R Punchihewa,dd7477cb
info,registry,people,S Kosala,b4411c29
info,registry,people,S Liyanage,b47a39f9
info,registry,people,ST de Silva,54ef649e
info,registry,people,Sammu Ashan,981b9303
info,registry,people,T Amarasinghe,ff3c76ad
info,registry,people,WWWL Lakshan,f211b221
ball,1,0.1,Chilaw Marians Cricket Club,WWWL Lakshan,PTM Dabare,MVT Fernando,0,0,,,,,,"",""
ball,1,0.2,Chilaw Marians Cricket Club,WWWL Lakshan,PTM Dabare,MVT Fernando,0,0,,,,,,"",""
ball,1,0.3,Chilaw Marians Cricket Club,WWWL Lakshan,PTM Dabare,MVT Fernando,0,0,,,,,,"",""
ball,1,0.4,Chilaw Marians Cricket Club,WWWL Lakshan,PTM Dabare,MVT Fernando,0,0,,,,,,"",""
ball,1,0.5,Chilaw Marians Cricket Club,WWWL Lakshan,PTM Dabare,MVT Fernando,4,0,,,,,,"",""
ball,1,0.6,Chilaw Marians Cricket Club,WWWL Lakshan,PTM Dabare,MVT Fernando,0,0,,,,,,"",""
ball,1,1.1,Chilaw Marians Cricket Club,PTM Dabare,WWWL Lakshan,AM Fernando,0,0,,,,,,"",""
ball,1,1.2,Chilaw Marians Cricket Club,PTM Dabare,WWWL Lakshan,AM Fernando,0,0,,,,,,"",""
ball,1,1.3,Chilaw Marians Cricket Club,PTM Dabare,WWWL Lakshan,AM Fernando,0,0,,,,,,"",""
ball,1,1.4,Chilaw Marians Cricket Club,PTM Dabare,WWWL Lakshan,AM Fernando,0,0,,,,,,"",""
ball,1,1.5,Chilaw Marians Cricket Club,PTM Dabare,WWWL Lakshan,AM Fernando,0,0,,,,,,"",""
ball,1,1.6,Chilaw Marians Cricket Club,PTM Dabare,WWWL Lakshan,AM Fernando,0,0,,,,,,"",""
ball,1,2.1,Chilaw Marians Cricket Club,WWWL Lakshan,PTM Dabare,MVT Fernando,0,0,,,,,,"",""
ball,1,2.2,Chilaw Marians Cricket Club,WWWL Lakshan,PTM Dabare,MVT Fernando,0,0,,,,,,"",""
ball,1,2.3,Chilaw Marians Cricket Club,WWWL Lakshan,PTM Dabare,MVT Fernando,0,0,,,,,,"",""
ball,1,2.4,Chilaw Marians Cricket Club,WWWL Lakshan,PTM Dabare,MVT Fernando,4,0,,,,,,"",""
ball,1,2.5,Chilaw Marians Cricket Club,WWWL Lakshan,PTM Dabare,MVT Fernando,1,0,,,,,,"",""
ball,1,2.6,Chilaw Marians Cricket Club,PTM Dabare,WWWL Lakshan,MVT Fernando,0,0,,,,,,"",""
ball,1,3.1,Chilaw Marians Cricket Club,WWWL Lakshan,PTM Dabare,C Wijesinghe,0,0,,,,,,"",""
ball,1,3.2,Chilaw Marians Cricket Club,WWWL Lakshan,PTM Dabare,C Wijesinghe,0,0,,,,,,"",""
ball,1,3.3,Chilaw Marians Cricket Club,WWWL Lakshan,PTM Dabare,C Wijesinghe,0,0,,,,,,"",""
ball,1,3.4,Chilaw Marians Cricket Club,WWWL Lakshan,PTM Dabare,C Wijesinghe,0,0,,,,,,"",""
ball,1,3.5,Chilaw Marians Cricket Club,WWWL Lakshan,PTM Dabare,C Wijesinghe,4,0,,,,,,"",""
ball,1,3.6,Chilaw Marians Cricket Club,WWWL Lakshan,PTM Dabare,C Wijesinghe,1,0,,,,,,"",""
ball,1,4.1,Chilaw Marians Cricket Club,WWWL Lakshan,PTM Dabare,AM Fernando,0,0,,,,,,"",""
ball,1,4.2,Chilaw Marians Cricket Club,WWWL Lakshan,PTM Dabare,AM Fernando,0,0,,,,,,"",""
ball,1,4.3,Chilaw Marians Cricket Club,WWWL Lakshan,PTM Dabare,AM Fernando,0,0,,,,,,caught,WWWL Lakshan
ball,1,4.4,Chilaw Marians Cricket Club,T Amarasinghe,PTM Dabare,AM Fernando,0,0,,,,,,"",""
ball,1,4.5,Chilaw Marians Cricket Club,T Amarasinghe,PTM Dabare,AM Fernando,0,0,,,,,,"",""
ball,1,4.6,Chilaw Marians Cricket Club,T Amarasinghe,PTM Dabare,AM Fernando,1,0,,,,,,"",""
ball,1,5.1,Chilaw Marians Cricket Club,T Amarasinghe,PTM Dabare,MVT Fernando,1,0,,,,,,"",""
ball,1,5.2,Chilaw Marians Cricket Club,PTM Dabare,T Amarasinghe,MVT Fernando,0,0,,,,,,"",""
ball,1,5.3,Chilaw Marians Cricket Club,PTM Dabare,T Amarasinghe,MVT Fernando,4,0,,,,,,"",""
ball,1,5.4,Chilaw Marians Cricket Club,PTM Dabare,T Amarasinghe,MVT Fernando,0,0,,,,,,"",""
ball,1,5.5,Chilaw Marians Cricket Club,PTM Dabare,T Amarasinghe,MVT Fernando,4,0,,,,,,"",""
ball,1,5.6,Chilaw Marians Cricket Club,PTM Dabare,T Amarasinghe,MVT Fernando,0,0,,,,,,"",""
ball,1,6.1,Chilaw Marians Cricket Club,T Amarasinghe,PTM Dabare,AM Fernando,1,0,,,,,,"",""
ball,1,6.2,Chilaw Marians Cricket Club,PTM Dabare,T Amarasinghe,AM Fernando,4,0,,,,,,"",""
ball,1,6.3,Chilaw Marians Cricket Club,PTM Dabare,T Amarasinghe,AM Fernando,0,0,,,,,,caught,PTM Dabare
ball,1,6.4,Chilaw Marians Cricket Club,H Jayasundara,T Amarasinghe,AM Fernando,0,0,,,,,,"",""
ball,1,6.5,Chilaw Marians Cricket Club,H Jayasundara,T Amarasinghe,AM Fernando,1,0,,,,,,"",""
ball,1,6.6,Chilaw Marians Cricket Club,T Amarasinghe,H Jayasundara,AM Fernando,0,0,,,,,,"",""
ball,1,7.1,Chilaw Marians Cricket Club,H Jayasundara,T Amarasinghe,MVT Fernando,0,0,,,,,,"",""
ball,1,7.2,Chilaw Marians Cricket Club,H Jayasundara,T Amarasinghe,MVT Fernando,0,0,,,,,,"",""
ball,1,7.3,Chilaw Marians Cricket Club,H Jayasundara,T Amarasinghe,MVT Fernando,0,0,,,,,,"",""
ball,1,7.4,Chilaw Marians Cricket Club,H Jayasundara,T Amarasinghe,MVT Fernando,0,0,,,,,,"",""
ball,1,7.5,Chilaw Marians Cricket Club,H Jayasundara,T Amarasinghe,MVT Fernando,0,0,,,,,,"",""
ball,1,7.6,Chilaw Marians Cricket Club,H Jayasundara,T Amarasinghe,MVT Fernando,0,0,,,,,,"",""
ball,1,8.1,Chilaw Marians Cricket Club,T Amarasinghe,H Jayasundara,AM Fernando,0,0,,,,,,"",""
ball,1,8.2,Chilaw Marians Cricket Club,T Amarasinghe,H Jayasundara,AM Fernando,1,0,,,,,,"",""
ball,1,8.3,Chilaw Marians Cricket Club,H Jayasundara,T Amarasinghe,AM Fernando,0,0,,,,,,"",""
ball,1,8.4,Chilaw Marians Cricket Club,H Jayasundara,T Amarasinghe,AM Fernando,0,0,,,,,,"",""
ball,1,8.5,Chilaw Marians Cricket Club,H Jayasundara,T Amarasinghe,AM Fernando,2,0,,,,,,"",""
ball,1,8.6,Chilaw Marians Cricket Club,H Jayasundara,T Amarasinghe,AM Fernando,0,0,,,,,,"",""
ball,1,9.1,Chilaw Marians Cricket Club,T Amarasinghe,H Jayasundara,MVT Fernando,0,0,,,,,,"",""
ball,1,9.2,Chilaw Marians Cricket Club,T Amarasinghe,H Jayasundara,MVT Fernando,0,0,,,,,,"",""
ball,1,9.3,Chilaw Marians Cricket Club,T Amarasinghe,H Jayasundara,MVT Fernando,0,0,,,,,,"",""
ball,1,9.4,Chilaw Marians Cricket Club,T Amarasinghe,H Jayasundara,MVT Fernando,0,0,,,,,,"",""
ball,1,9.5,Chilaw Marians Cricket Club,T Amarasinghe,H Jayasundara,MVT Fernando,0,0,,,,,,"",""
ball,1,9.6,Chilaw Marians Cricket Club,T Amarasinghe,H Jayasundara,MVT Fernando,1,0,,,,,,"",""
ball,1,10.1,Chilaw Marians Cricket Club,T Amarasinghe,H Jayasundara,AM Fernando,1,0,,,,,,"",""
ball,1,10.2,Chilaw Marians Cricket Club,H Jayasundara,T Amarasinghe,AM Fernando,4,0,,,,,,"",""
ball,1,10.3,Chilaw Marians Cricket Club,H Jayasundara,T Amarasinghe,AM Fernando,1,0,,,,,,"",""
ball,1,10.4,Chilaw Marians Cricket Club,T Amarasinghe,H Jayasundara,AM Fernando,0,0,,,,,,"",""
ball,1,10.5,Chilaw Marians Cricket Club,T Amarasinghe,H Jayasundara,AM Fernando,0,0,,,,,,"",""
ball,1,10.6,Chilaw Marians Cricket Club,T Amarasinghe,H Jayasundara,AM Fernando,0,0,,,,,,"",""
ball,1,11.1,Chilaw Marians Cricket Club,H Jayasundara,T Amarasinghe,MVT Fernando,0,0,,,,,,"",""
ball,1,11.2,Chilaw Marians Cricket Club,H Jayasundara,T Amarasinghe,MVT Fernando,0,0,,,,,,"",""
ball,1,11.3,Chilaw Marians Cricket Club,H Jayasundara,T Amarasinghe,MVT Fernando,4,0,,,,,,"",""
ball,1,11.4,Chilaw Marians Cricket Club,H Jayasundara,T Amarasinghe,MVT Fernando,0,0,,,,,,"",""
ball,1,11.5,Chilaw Marians Cricket Club,H Jayasundara,T Amarasinghe,MVT Fernando,4,0,,,,,,"",""
ball,1,11.6,Chilaw Marians Cricket Club,H Jayasundara,T Amarasinghe,MVT Fernando,0,0,,,,,,"",""
ball,1,12.1,Chilaw Marians Cricket Club,T Amarasinghe,H Jayasundara,C Wijesinghe,0,0,,,,,,"",""
ball,1,12.2,Chilaw Marians Cricket Club,T Amarasinghe,H Jayasundara,C Wijesinghe,1,0,,,,,,"",""
ball,1,12.3,Chilaw Marians Cricket Club,H Jayasundara,T Amarasinghe,C Wijesinghe,0,0,,,,,,"",""
ball,1,12.4,Chilaw Marians Cricket Club,H Jayasundara,T Amarasinghe,C Wijesinghe,0,0,,,,,,"",""
ball,1,12.5,Chilaw Marians Cricket Club,H Jayasundara,T Amarasinghe,C Wijesinghe,0,0,,,,,,"",""
ball,1,12.6,Chilaw Marians Cricket Club,H Jayasundara,T Amarasinghe,C Wijesinghe,0,0,,,,,,"",""
ball,1,13.1,Chilaw Marians Cricket Club,T Amarasinghe,H Jayasundara,KN Peiris,0,0,,,,,,"",""
ball,1,13.2,Chilaw Marians Cricket Club,T Amarasinghe,H Jayasundara,KN Peiris,0,0,,,,,,"",""
ball,1,13.3,Chilaw Marians Cricket Club,T Amarasinghe,H Jayasundara,KN Peiris,0,0,,,,,,"",""
ball,1,13.4,Chilaw Marians Cricket Club,T Amarasinghe,H Jayasundara,KN Peiris,0,0,,,,,,"",""
ball,1,13.5,Chilaw Marians Cricket Club,T Amarasinghe,H Jayasundara,KN Peiris,4,0,,,,,,"",""
ball,1,13.6,Chilaw Marians Cricket Club,T Amarasinghe,H Jayasundara,KN Peiris,0,0,,,,,,"",""
ball,1,14.1,Chilaw Marians Cricket Club,H Jayasundara,T Amarasinghe,C Wijesinghe,0,0,,,,,,"",""
ball,1,14.2,Chilaw Marians Cricket Club,H Jayasundara,T Amarasinghe,C Wijesinghe,4,0,,,,,,"",""
ball,1,14.3,Chilaw Marians Cricket Club,H Jayasundara,T Amarasinghe,C Wijesinghe,0,0,,,,,,"",""
ball,1,14.4,Chilaw Marians Cricket Club,H Jayasundara,T Amarasinghe,C Wijesinghe,0,0,,,,,,"",""
ball,1,14.5,Chilaw Marians Cricket Club,H Jayasundara,T Amarasinghe,C Wijesinghe,0,0,,,,,,"",""
ball,1,14.6,Chilaw Marians Cricket Club,H Jayasundara,T Amarasinghe,C Wijesinghe,4,0,,,,,,"",""
ball,1,15.1,Chilaw Marians Cricket Club,T Amarasinghe,H Jayasundara,KN Peiris,0,0,,,,,,"",""
ball,1,15.2,Chilaw Marians Cricket Club,T Amarasinghe,H Jayasundara,KN Peiris,0,0,,,,,,"",""
ball,1,15.3,Chilaw Marians Cricket Club,T Amarasinghe,H Jayasundara,KN Peiris,1,0,,,,,,"",""
ball,1,15.4,Chilaw Marians Cricket Club,H Jayasundara,T Amarasinghe,KN Peiris,0,0,,,,,,"",""
ball,1,15.5,Chilaw Marians Cricket Club,H Jayasundara,T Amarasinghe,KN Peiris,0,0,,,,,,"",""
ball,1,15.6,Chilaw Marians Cricket Club,H Jayasundara,T Amarasinghe,KN Peiris,1,0,,,,,,"",""
ball,1,16.1,Chilaw Marians Cricket Club,H Jayasundara,T Amarasinghe,C Wijesinghe,0,0,,,,,,"",""
ball,1,16.2,Chilaw Marians Cricket Club,H Jayasundara,T Amarasinghe,C Wijesinghe,0,0,,,,,,"",""
ball,1,16.3,Chilaw Marians Cricket Club,H Jayasundara,T Amarasinghe,C Wijesinghe,0,0,,,,,,"",""
ball,1,16.4,Chilaw Marians Cricket Club,H Jayasundara,T Amarasinghe,C Wijesinghe,0,0,,,,,,"",""
ball,1,16.5,Chilaw Marians Cricket Club,H Jayasundara,T Amarasinghe,C Wijesinghe,3,0,,,,,,"",""
ball,1,16.6,Chilaw Marians Cricket Club,T Amarasinghe,H Jayasundara,C Wijesinghe,4,0,,,,,,"",""
ball,1,17.1,Chilaw Marians Cricket Club,H Jayasundara,T Amarasinghe,KN Peiris,0,0,,,,,,lbw,H Jayasundara
ball,1,17.2,Chilaw Marians Cricket Club,Sammu Ashan,T Amarasinghe,KN Peiris,0,0,,,,,,"",""
ball,1,17.3,Chilaw Marians Cricket Club,Sammu Ashan,T Amarasinghe,KN Peiris,1,0,,,,,,"",""
ball,1,17.4,Chilaw Marians Cricket Club,T Amarasinghe,Sammu Ashan,KN Peiris,0,0,,,,,,"",""
ball,1,17.5,Chilaw Marians Cricket Club,T Amarasinghe,Sammu Ashan,KN Peiris,0,0,,,,,,"",""
ball,1,17.6,Chilaw Marians Cricket Club,T Amarasinghe,Sammu Ashan,KN Peiris,0,0,,,,,,"",""
ball,1,18.1,Chilaw Marians Cricket Club,Sammu Ashan,T Amarasinghe,C Wijesinghe,0,0,,,,,,"",""
ball,1,18.2,Chilaw Marians Cricket Club,Sammu Ashan,T Amarasinghe,C Wijesinghe,0,0,,,,,,"",""
ball,1,18.3,Chilaw Marians Cricket Club,Sammu Ashan,T Amarasinghe,C Wijesinghe,0,0,,,,,,"",""
ball,1,18.4,Chilaw Marians Cricket Club,Sammu Ashan,T Amarasinghe,C Wijesinghe,0,0,,,,,,"",""
ball,1,18.5,Chilaw Marians Cricket Club,Sammu Ashan,T Amarasinghe,C Wijesinghe,1,0,,,,,,"",""
ball,1,18.6,Chilaw Marians Cricket Club,T Amarasinghe,Sammu Ashan,C Wijesinghe,0,0,,,,,,"",""
ball,1,19.1,Chilaw Marians Cricket Club,Sammu Ashan,T Amarasinghe,KN Peiris,0,0,,,,,,"",""
ball,1,19.2,Chilaw Marians Cricket Club,Sammu Ashan,T Amarasinghe,KN Peiris,2,0,,,,,,"",""
ball,1,19.3,Chilaw Marians Cricket Club,Sammu Ashan,T Amarasinghe,KN Peiris,0,0,,,,,,"",""
ball,1,19.4,Chilaw Marians Cricket Club,Sammu Ashan,T Amarasinghe,KN Peiris,1,0,,,,,,"",""
ball,1,19.5,Chilaw Marians Cricket Club,T Amarasinghe,Sammu Ashan,KN Peiris,0,0,,,,,,"",""
ball,1,19.6,Chilaw Marians Cricket Club,T Amarasinghe,Sammu Ashan,KN Peiris,0,0,,,,,,"",""
ball,1,20.1,Chilaw Marians Cricket Club,Sammu Ashan,T Amarasinghe,C Wijesinghe,0,0,,,,,,"",""
ball,1,20.2,Chilaw Marians Cricket Club,Sammu Ashan,T Amarasinghe,C Wijesinghe,0,0,,,,,,"",""
ball,1,20.3,Chilaw Marians Cricket Club,Sammu Ashan,T Amarasinghe,C Wijesinghe,0,0,,,,,,"",""
ball,1,20.4,Chilaw Marians Cricket Club,Sammu Ashan,T Amarasinghe,C Wijesinghe,0,0,,,,,,"",""
ball,1,20.5,Chilaw Marians Cricket Club,Sammu Ashan,T Amarasinghe,C Wijesinghe,0,0,,,,,,"",""
ball,1,20.6,Chilaw Marians Cricket Club,Sammu Ashan,T Amarasinghe,C Wijesinghe,0,0,,,,,,"",""
ball,1,21.1,Chilaw Marians Cricket Club,T Amarasinghe,Sammu Ashan,KN Peiris,1,0,,,,,,"",""
ball,1,21.2,Chilaw Marians Cricket Club,Sammu Ashan,T Amarasinghe,KN Peiris,0,0,,,,,,"",""
ball,1,21.3,Chilaw Marians Cricket Club,Sammu Ashan,T Amarasinghe,KN Peiris,0,0,,,,,,"",""
ball,1,21.4,Chilaw Marians Cricket Club,Sammu Ashan,T Amarasinghe,KN Peiris,0,0,,,,,,"",""
ball,1,21.5,Chilaw Marians Cricket Club,Sammu Ashan,T Amarasinghe,KN Peiris,0,0,,,,,,"",""
ball,1,21.6,Chilaw Marians Cricket Club,Sammu Ashan,T Amarasinghe,KN Peiris,0,0,,,,,,lbw,Sammu Ashan
ball,1,22.1,Chilaw Marians Cricket Club,T Amarasinghe,KVA Adikari,MVT Fernando,1,0,,,,,,"",""
ball,1,22.2,Chilaw Marians Cricket Club,KVA Adikari,T Amarasinghe,MVT Fernando,0,0,,,,,,"",""
ball,1,22.3,Chilaw Marians Cricket Club,KVA Adikari,T Amarasinghe,MVT Fernando,0,0,,,,,,"",""
ball,1,22.4,Chilaw Marians Cricket Club,KVA Adikari,T Amarasinghe,MVT Fernando,0,0,,,,,,"",""
ball,1,22.5,Chilaw Marians Cricket Club,KVA Adikari,T Amarasinghe,MVT Fernando,0,0,,,,,,"",""
ball,1,22.6,Chilaw Marians Cricket Club,KVA Adikari,T Amarasinghe,MVT Fernando,2,0,,,,,,"",""
ball,1,23.1,Chilaw Marians Cricket Club,T Amarasinghe,KVA Adikari,KN Peiris,0,0,,,,,,"",""
ball,1,23.2,Chilaw Marians Cricket Club,T Amarasinghe,KVA Adikari,KN Peiris,1,0,,,,,,"",""
ball,1,23.3,Chilaw Marians Cricket Club,KVA Adikari,T Amarasinghe,KN Peiris,0,0,,,,,,"",""
ball,1,23.4,Chilaw Marians Cricket Club,KVA Adikari,T Amarasinghe,KN Peiris,0,0,,,,,,"",""
ball,1,23.5,Chilaw Marians Cricket Club,KVA Adikari,T Amarasinghe,KN Peiris,0,0,,,,,,"",""
ball,1,23.6,Chilaw Marians Cricket Club,KVA Adikari,T Amarasinghe,KN Peiris,1,0,,,,,,"",""
ball,1,24.1,Chilaw Marians Cricket Club,KVA Adikari,T Amarasinghe,MVT Fernando,0,0,,,,,,"",""
ball,1,24.2,Chilaw Marians Cricket Club,KVA Adikari,T Amarasinghe,MVT Fernando,0,0,,,,,,"",""
ball,1,24.3,Chilaw Marians Cricket Club,KVA Adikari,T Amarasinghe,MVT Fernando,0,0,,,,,,"",""
ball,1,24.4,Chilaw Marians Cricket Club,KVA Adikari,T Amarasinghe,MVT Fernando,0,0,,,,,,"",""
ball,1,24.5,Chilaw Marians Cricket Club,KVA Adikari,T Amarasinghe,MVT Fernando,1,0,,,,,,"",""
ball,1,24.6,Chilaw Marians Cricket Club,T Amarasinghe,KVA Adikari,MVT Fernando,1,0,,,,,,"",""
ball,1,25.1,Chilaw Marians Cricket Club,T Amarasinghe,KVA Adikari,KN Peiris,2,0,,,,,,"",""
ball,1,25.2,Chilaw Marians Cricket Club,T Amarasinghe,KVA Adikari,KN Peiris,0,0,,,,,,"",""
ball,1,25.3,Chilaw Marians Cricket Club,T Amarasinghe,KVA Adikari,KN Peiris,0,0,,,,,,"",""
ball,1,25.4,Chilaw Marians Cricket Club,T Amarasinghe,KVA Adikari,KN Peiris,0,0,,,,,,"",""
ball,1,25.5,Chilaw Marians Cricket Club,T Amarasinghe,KVA Adikari,KN Peiris,4,0,,,,,,"",""
ball,1,25.6,Chilaw Marians Cricket Club,T Amarasinghe,KVA Adikari,KN Peiris,0,0,,,,,,"",""
ball,1,26.1,Chilaw Marians Cricket Club,KVA Adikari,T Amarasinghe,MVT Fernando,1,0,,,,,,"",""
ball,1,26.2,Chilaw Marians Cricket Club,T Amarasinghe,KVA Adikari,MVT Fernando,0,0,,,,,,"",""
ball,1,26.3,Chilaw Marians Cricket Club,T Amarasinghe,KVA Adikari,MVT Fernando,1,0,,,,,,"",""
ball,1,26.4,Chilaw Marians Cricket Club,KVA Adikari,T Amarasinghe,MVT Fernando,0,0,,,,,,"",""
ball,1,26.5,Chilaw Marians Cricket Club,KVA Adikari,T Amarasinghe,MVT Fernando,0,0,,,,,,"",""
ball,1,26.6,Chilaw Marians Cricket Club,KVA Adikari,T Amarasinghe,MVT Fernando,0,0,,,,,,"",""
ball,1,27.1,Chilaw Marians Cricket Club,T Amarasinghe,KVA Adikari,KN Peiris,0,0,,,,,,"",""
ball,1,27.2,Chilaw Marians Cricket Club,T Amarasinghe,KVA Adikari,KN Peiris,0,0,,,,,,"",""
ball,1,27.3,Chilaw Marians Cricket Club,T Amarasinghe,KVA Adikari,KN Peiris,0,0,,,,,,"",""
ball,1,27.4,Chilaw Marians Cricket Club,T Amarasinghe,KVA Adikari,KN Peiris,0,0,,,,,,"",""
ball,1,27.5,Chilaw Marians Cricket Club,T Amarasinghe,KVA Adikari,KN Peiris,1,0,,,,,,"",""
ball,1,27.6,Chilaw Marians Cricket Club,KVA Adikari,T Amarasinghe,KN Peiris,1,0,,,,,,"",""
ball,1,28.1,Chilaw Marians Cricket Club,KVA Adikari,T Amarasinghe,AM Fernando,1,0,,,,,,"",""
ball,1,28.2,Chilaw Marians Cricket Club,T Amarasinghe,KVA Adikari,AM Fernando,0,0,,,,,,"",""
ball,1,28.3,Chilaw Marians Cricket Club,T Amarasinghe,KVA Adikari,AM Fernando,0,0,,,,,,"",""
ball,1,28.4,Chilaw Marians Cricket Club,T Amarasinghe,KVA Adikari,AM Fernando,0,0,,,,,,"",""
ball,1,28.5,Chilaw Marians Cricket Club,T Amarasinghe,KVA Adikari,AM Fernando,0,0,,,,,,"",""
ball,1,28.6,Chilaw Marians Cricket Club,T Amarasinghe,KVA Adikari,AM Fernando,0,0,,,,,,"",""
ball,1,29.1,Chilaw Marians Cricket Club,KVA Adikari,T Amarasinghe,KN Peiris,0,0,,,,,,"",""
ball,1,29.2,Chilaw Marians Cricket Club,KVA Adikari,T Amarasinghe,KN Peiris,0,0,,,,,,"",""
ball,1,29.3,Chilaw Marians Cricket Club,KVA Adikari,T Amarasinghe,KN Peiris,0,0,,,,,,"",""
ball,1,29.4,Chilaw Marians Cricket Club,KVA Adikari,T Amarasinghe,KN Peiris,0,0,,,,,,"",""
ball,1,29.5,Chilaw Marians Cricket Club,KVA Adikari,T Amarasinghe,KN Peiris,0,0,,,,,,"",""
ball,1,29.6,Chilaw Marians Cricket Club,KVA Adikari,T Amarasinghe,KN Peiris,0,0,,,,,,"",""
ball,1,30.1,Chilaw Marians Cricket Club,T Amarasinghe,KVA Adikari,AM Fernando,1,0,,,,,,"",""
ball,1,30.2,Chilaw Marians Cricket Club,KVA Adikari,T Amarasinghe,AM Fernando,0,0,,,,,,"",""
ball,1,30.3,Chilaw Marians Cricket Club,KVA Adikari,T Amarasinghe,AM Fernando,0,0,,,,,,"",""
ball,1,30.4,Chilaw Marians Cricket Club,KVA Adikari,T Amarasinghe,AM Fernando,0,0,,,,,,"",""
ball,1,30.5,Chilaw Marians Cricket Club,KVA Adikari,T Amarasinghe,AM Fernando,4,0,,,,,,"",""
ball,1,30.6,Chilaw Marians Cricket Club,KVA Adikari,T Amarasinghe,AM Fernando,0,0,,,,,,"",""
ball,1,31.1,Chilaw Marians Cricket Club,T Amarasinghe,KVA Adikari,KN Peiris,4,0,,,,,,"",""
ball,1,31.2,Chilaw Marians Cricket Club,T Amarasinghe,KVA Adikari,KN Peiris,0,0,,,,,,"",""
ball,1,31.3,Chilaw Marians Cricket Club,T Amarasinghe,KVA Adikari,KN Peiris,0,0,,,,,,"",""
ball,1,31.4,Chilaw Marians Cricket Club,T Amarasinghe,KVA Adikari,KN Peiris,0,0,,,,,,"",""
ball,1,31.5,Chilaw Marians Cricket Club,T Amarasinghe,KVA Adikari,KN Peiris,6,0,,,,,,"",""
ball,1,31.6,Chilaw Marians Cricket Club,T Amarasinghe,KVA Adikari,KN Peiris,0,0,,,,,,"",""
ball,1,32.1,Chilaw Marians Cricket Club,KVA Adikari,T Amarasinghe,AM Fernando,0,0,,,,,,"",""
ball,1,32.2,Chilaw Marians Cricket Club,KVA Adikari,T Amarasinghe,AM Fernando,0,0,,,,,,"",""
ball,1,32.3,Chilaw Marians Cricket Club,KVA Adikari,T Amarasinghe,AM Fernando,0,0,,,,,,"",""
ball,1,32.4,Chilaw Marians Cricket Club,KVA Adikari,T Amarasinghe,AM Fernando,1,0,,,,,,"",""
ball,1,32.5,Chilaw Marians Cricket Club,T Amarasinghe,KVA Adikari,AM Fernando,4,0,,,,,,"",""
ball,1,32.6,Chilaw Marians Cricket Club,T Amarasinghe,KVA Adikari,AM Fernando,2,0,,,,,,"",""
ball,1,33.1,Chilaw Marians Cricket Club,KVA Adikari,T Amarasinghe,KN Peiris,0,0,,,,,,"",""
ball,1,33.2,Chilaw Marians Cricket Club,KVA Adikari,T Amarasinghe,KN Peiris,0,0,,,,,,"",""
ball,1,33.3,Chilaw Marians Cricket Club,KVA Adikari,T Amarasinghe,KN Peiris,0,0,,,,,,"",""
ball,1,33.4,Chilaw Marians Cricket Club,KVA Adikari,T Amarasinghe,KN Peiris,4,0,,,,,,"",""
ball,1,33.5,Chilaw Marians Cricket Club,KVA Adikari,T Amarasinghe,KN Peiris,0,0,,,,,,"",""
ball,1,33.6,Chilaw Marians Cricket Club,KVA Adikari,T Amarasinghe,KN Peiris,0,0,,,,,,"",""
ball,1,34.1,Chilaw Marians Cricket Club,T Amarasinghe,KVA Adikari,GS Dinusha,1,0,,,,,,"",""
ball,1,34.2,Chilaw Marians Cricket Club,KVA Adikari,T Amarasinghe,GS Dinusha,0,0,,,,,,"",""
ball,1,34.3,Chilaw Marians Cricket Club,KVA Adikari,T Amarasinghe,GS Dinusha,0,0,,,,,,"",""
ball,1,34.4,Chilaw Marians Cricket Club,KVA Adikari,T Amarasinghe,GS Dinusha,0,0,,,,,,"",""
ball,1,34.5,Chilaw Marians Cricket Club,KVA Adikari,T Amarasinghe,GS Dinusha,1,0,,,,,,"",""
ball,1,34.6,Chilaw Marians Cricket Club,T Amarasinghe,KVA Adikari,GS Dinusha,0,0,,,,,,"",""
ball,1,35.1,Chilaw Marians Cricket Club,KVA Adikari,T Amarasinghe,C Wijesinghe,0,0,,,,,,"",""
ball,1,35.2,Chilaw Marians Cricket Club,KVA Adikari,T Amarasinghe,C Wijesinghe,1,0,,,,,,"",""
ball,1,35.3,Chilaw Marians Cricket Club,T Amarasinghe,KVA Adikari,C Wijesinghe,1,0,,,,,,"",""
ball,1,35.4,Chilaw Marians Cricket Club,KVA Adikari,T Amarasinghe,C Wijesinghe,0,0,,,,,,"",""
ball,1,35.5,Chilaw Marians Cricket Club,KVA Adikari,T Amarasinghe,C Wijesinghe,0,0,,,,,,"",""
ball,1,35.6,Chilaw Marians Cricket Club,KVA Adikari,T Amarasinghe,C Wijesinghe,0,0,,,,,,"",""
ball,1,36.1,Chilaw Marians Cricket Club,T Amarasinghe,KVA Adikari,GS Dinusha,0,0,,,,,,"",""
ball,1,36.2,Chilaw Marians Cricket Club,T Amarasinghe,KVA Adikari,GS Dinusha,0,0,,,,,,"",""
ball,1,36.3,Chilaw Marians Cricket Club,T Amarasinghe,KVA Adikari,GS Dinusha,0,0,,,,,,caught,T Amarasinghe
ball,1,36.4,Chilaw Marians Cricket Club,S Liyanage,KVA Adikari,GS Dinusha,0,0,,,,,,"",""
ball,1,36.5,Chilaw Marians Cricket Club,S Liyanage,KVA Adikari,GS Dinusha,1,0,,,,,,"",""
ball,1,36.6,Chilaw Marians Cricket Club,KVA Adikari,S Liyanage,GS Dinusha,1,0,,,,,,"",""
ball,1,37.1,Chilaw Marians Cricket Club,KVA Adikari,S Liyanage,C Wijesinghe,0,0,,,,,,"",""
ball,1,37.2,Chilaw Marians Cricket Club,KVA Adikari,S Liyanage,C Wijesinghe,0,0,,,,,,"",""
ball,1,37.3,Chilaw Marians Cricket Club,KVA Adikari,S Liyanage,C Wijesinghe,1,0,,,,,,"",""
ball,1,37.4,Chilaw Marians Cricket Club,S Liyanage,KVA Adikari,C Wijesinghe,0,0,,,,,,"",""
ball,1,37.5,Chilaw Marians Cricket Club,S Liyanage,KVA Adikari,C Wijesinghe,0,0,,,,,,"",""
ball,1,37.6,Chilaw Marians Cricket Club,S Liyanage,KVA Adikari,C Wijesinghe,1,0,,,,,,"",""
ball,1,38.1,Chilaw Marians Cricket Club,S Liyanage,KVA Adikari,GS Dinusha,0,0,,,,,,"",""
ball,1,38.2,Chilaw Marians Cricket Club,S Liyanage,KVA Adikari,GS Dinusha,0,0,,,,,,"",""
ball,1,38.3,Chilaw Marians Cricket Club,S Liyanage,KVA Adikari,GS Dinusha,0,0,,,,,,"",""
ball,1,38.4,Chilaw Marians Cricket Club,S Liyanage,KVA Adikari,GS Dinusha,0,0,,,,,,"",""
ball,1,38.5,Chilaw Marians Cricket Club,S Liyanage,KVA Adikari,GS Dinusha,0,0,,,,,,"",""
ball,1,38.6,Chilaw Marians Cricket Club,S Liyanage,KVA Adikari,GS Dinusha,0,0,,,,,,"",""
ball,1,39.1,Chilaw Marians Cricket Club,KVA Adikari,S Liyanage,C Wijesinghe,1,0,,,,,,"",""
ball,1,39.2,Chilaw Marians Cricket Club,S Liyanage,KVA Adikari,C Wijesinghe,1,0,,,,,,"",""
ball,1,39.3,Chilaw Marians Cricket Club,KVA Adikari,S Liyanage,C Wijesinghe,0,0,,,,,,"",""
ball,1,39.4,Chilaw Marians Cricket Club,KVA Adikari,S Liyanage,C Wijesinghe,1,0,,,,,,"",""
ball,1,39.5,Chilaw Marians Cricket Club,S Liyanage,KVA Adikari,C Wijesinghe,0,0,,,,,,"",""
ball,1,39.6,Chilaw Marians Cricket Club,S Liyanage,KVA Adikari,C Wijesinghe,4,0,,,,,,"",""
ball,1,40.1,Chilaw Marians Cricket Club,KVA Adikari,S Liyanage,GS Dinusha,1,0,,,,,,"",""
ball,1,40.2,Chilaw Marians Cricket Club,S Liyanage,KVA Adikari,GS Dinusha,1,0,,,,,,"",""
ball,1,40.3,Chilaw Marians Cricket Club,KVA Adikari,S Liyanage,GS Dinusha,1,0,,,,,,"",""
ball,1,40.4,Chilaw Marians Cricket Club,S Liyanage,KVA Adikari,GS Dinusha,0,0,,,,,,"",""
ball,1,40.5,Chilaw Marians Cricket Club,S Liyanage,KVA Adikari,GS Dinusha,0,0,,,,,,"",""
ball,1,40.6,Chilaw Marians Cricket Club,S Liyanage,KVA Adikari,GS Dinusha,0,0,,,,,,caught,S Liyanage
ball,1,41.1,Chilaw Marians Cricket Club,KVA Adikari,ST de Silva,C Wijesinghe,1,0,,,,,,"",""
ball,1,41.2,Chilaw Marians Cricket Club,ST de Silva,KVA Adikari,C Wijesinghe,0,0,,,,,,"",""
ball,1,41.3,Chilaw Marians Cricket Club,ST de Silva,KVA Adikari,C Wijesinghe,0,0,,,,,,"",""
ball,1,41.4,Chilaw Marians Cricket Club,ST de Silva,KVA Adikari,C Wijesinghe,4,0,,,,,,"",""
ball,1,41.5,Chilaw Marians Cricket Club,ST de Silva,KVA Adikari,C Wijesinghe,0,0,,,,,,"",""
ball,1,41.6,Chilaw Marians Cricket Club,ST de Silva,KVA Adikari,C Wijesinghe,1,0,,,,,,"",""
ball,1,42.1,Chilaw Marians Cricket Club,ST de Silva,KVA Adikari,GS Dinusha,0,0,,,,,,"",""
ball,1,42.2,Chilaw Marians Cricket Club,ST de Silva,KVA Adikari,GS Dinusha,1,0,,,,,,"",""
ball,1,42.3,Chilaw Marians Cricket Club,KVA Adikari,ST de Silva,GS Dinusha,0,0,,,,,,"",""
ball,1,42.4,Chilaw Marians Cricket Club,KVA Adikari,ST de Silva,GS Dinusha,0,0,,,,,,"",""
ball,1,42.5,Chilaw Marians Cricket Club,KVA Adikari,ST de Silva,GS Dinusha,0,0,,,,,,"",""
ball,1,42.6,Chilaw Marians Cricket Club,KVA Adikari,ST de Silva,GS Dinusha,1,0,,,,,,"",""
ball,1,43.1,Chilaw Marians Cricket Club,KVA Adikari,ST de Silva,C Wijesinghe,0,0,,,,,,"",""
ball,1,43.2,Chilaw Marians Cricket Club,KVA Adikari,ST de Silva,C Wijesinghe,0,1,,,,1,,"",""
ball,1,43.3,Chilaw Marians Cricket Club,ST de Silva,KVA Adikari,C Wijesinghe,3,0,,,,,,"",""
ball,1,43.4,Chilaw Marians Cricket Club,KVA Adikari,ST de Silva,C Wijesinghe,0,0,,,,,,"",""
ball,1,43.5,Chilaw Marians Cricket Club,KVA Adikari,ST de Silva,C Wijesinghe,0,0,,,,,,"",""
ball,1,43.6,Chilaw Marians Cricket Club,KVA Adikari,ST de Silva,C Wijesinghe,0,0,,,,,,"",""
ball,1,44.1,Chilaw Marians Cricket Club,ST de Silva,KVA Adikari,GS Dinusha,0,0,,,,,,"",""
ball,1,44.2,Chilaw Marians Cricket Club,ST de Silva,KVA Adikari,GS Dinusha,1,0,,,,,,"",""
ball,1,44.3,Chilaw Marians Cricket Club,KVA Adikari,ST de Silva,GS Dinusha,1,0,,,,,,"",""
ball,1,44.4,Chilaw Marians Cricket Club,ST de Silva,KVA Adikari,GS Dinusha,1,0,,,,,,"",""
ball,1,44.5,Chilaw Marians Cricket Club,KVA Adikari,ST de Silva,GS Dinusha,0,0,,,,,,"",""
ball,1,44.6,Chilaw Marians Cricket Club,KVA Adikari,ST de Silva,GS Dinusha,0,0,,,,,,"",""
ball,1,45.1,Chilaw Marians Cricket Club,ST de Silva,KVA Adikari,C Wijesinghe,0,0,,,,,,"",""
ball,1,45.2,Chilaw Marians Cricket Club,ST de Silva,KVA Adikari,C Wijesinghe,6,0,,,,,,"",""
ball,1,45.3,Chilaw Marians Cricket Club,ST de Silva,KVA Adikari,C Wijesinghe,0,0,,,,,,caught,ST de Silva
ball,1,45.4,Chilaw Marians Cricket Club,C de Silva,KVA Adikari,C Wijesinghe,0,0,,,,,,"",""
ball,1,45.5,Chilaw Marians Cricket Club,C de Silva,KVA Adikari,C Wijesinghe,0,0,,,,,,run out,C de Silva
ball,1,45.6,Chilaw Marians Cricket Club,KVA Adikari,NH Atharagalla,C Wijesinghe,0,0,,,,,,"",""
ball,1,46.1,Chilaw Marians Cricket Club,NH Atharagalla,KVA Adikari,GS Dinusha,0,0,,,,,,"",""
ball,1,46.2,Chilaw Marians Cricket Club,NH Atharagalla,KVA Adikari,GS Dinusha,0,0,,,,,,"",""
ball,1,46.3,Chilaw Marians Cricket Club,NH Atharagalla,KVA Adikari,GS Dinusha,0,0,,,,,,"",""
ball,1,46.4,Chilaw Marians Cricket Club,NH Atharagalla,KVA Adikari,GS Dinusha,0,0,,,,,,"",""
ball,1,46.5,Chilaw Marians Cricket Club,NH Atharagalla,KVA Adikari,GS Dinusha,0,0,,,,,,"",""
ball,1,46.6,Chilaw Marians Cricket Club,NH Atharagalla,KVA Adikari,GS Dinusha,0,0,,,,,,"",""
ball,1,47.1,Chilaw Marians Cricket Club,KVA Adikari,NH Atharagalla,C Wijesinghe,0,0,,,,,,"",""
ball,1,47.2,Chilaw Marians Cricket Club,KVA Adikari,NH Atharagalla,C Wijesinghe,0,0,,,,,,"",""
ball,1,47.3,Chilaw Marians Cricket Club,KVA Adikari,NH Atharagalla,C Wijesinghe,0,0,,,,,,"",""
ball,1,47.4,Chilaw Marians Cricket Club,KVA Adikari,NH Atharagalla,C Wijesinghe,0,0,,,,,,"",""
ball,1,47.5,Chilaw Marians Cricket Club,KVA Adikari,NH Atharagalla,C Wijesinghe,0,0,,,,,,"",""
ball,1,47.6,Chilaw Marians Cricket Club,KVA Adikari,NH Atharagalla,C Wijesinghe,0,0,,,,,,"",""
ball,1,48.1,Chilaw Marians Cricket Club,NH Atharagalla,KVA Adikari,GS Dinusha,0,0,,,,,,"",""
ball,1,48.2,Chilaw Marians Cricket Club,NH Atharagalla,KVA Adikari,GS Dinusha,0,0,,,,,,"",""
ball,1,48.3,Chilaw Marians Cricket Club,NH Atharagalla,KVA Adikari,GS Dinusha,1,0,,,,,,"",""
ball,1,48.4,Chilaw Marians Cricket Club,KVA Adikari,NH Atharagalla,GS Dinusha,4,0,,,,,,"",""
ball,1,48.5,Chilaw Marians Cricket Club,KVA Adikari,NH Atharagalla,GS Dinusha,0,0,,,,,,"",""
ball,1,48.6,Chilaw Marians Cricket Club,KVA Adikari,NH Atharagalla,GS Dinusha,0,0,,,,,,"",""
ball,1,49.1,Chilaw Marians Cricket Club,NH Atharagalla,KVA Adikari,C Wijesinghe,0,0,,,,,,"",""
ball,1,49.2,Chilaw Marians Cricket Club,NH Atharagalla,KVA Adikari,C Wijesinghe,0,0,,,,,,"",""
ball,1,49.3,Chilaw Marians Cricket Club,NH Atharagalla,KVA Adikari,C Wijesinghe,0,0,,,,,,"",""
ball,1,49.4,Chilaw Marians Cricket Club,NH Atharagalla,KVA Adikari,C Wijesinghe,0,0,,,,,,"",""
ball,1,49.5,Chilaw Marians Cricket Club,NH Atharagalla,KVA Adikari,C Wijesinghe,0,0,,,,,,"",""
ball,1,49.6,Chilaw Marians Cricket Club,NH Atharagalla,KVA Adikari,C Wijesinghe,0,0,,,,,,"",""
ball,1,50.1,Chilaw Marians Cricket Club,KVA Adikari,NH Atharagalla,GS Dinusha,1,0,,,,,,"",""
ball,1,50.2,Chilaw Marians Cricket Club,NH Atharagalla,KVA Adikari,GS Dinusha,0,0,,,,,,"",""
ball,1,50.3,Chilaw Marians Cricket Club,NH Atharagalla,KVA Adikari,GS Dinusha,4,0,,,,,,"",""
ball,1,50.4,Chilaw Marians Cricket Club,NH Atharagalla,KVA Adikari,GS Dinusha,1,0,,,,,,"",""
ball,1,50.5,Chilaw Marians Cricket Club,KVA Adikari,NH Atharagalla,GS Dinusha,6,0,,,,,,"",""
ball,1,50.6,Chilaw Marians Cricket Club,KVA Adikari,NH Atharagalla,GS Dinusha,4,0,,,,,,"",""
ball,1,51.1,Chilaw Marians Cricket Club,NH Atharagalla,KVA Adikari,AM Fernando,0,0,,,,,,"",""
ball,1,51.2,Chilaw Marians Cricket Club,NH Atharagalla,KVA Adikari,AM Fernando,0,0,,,,,,"",""
ball,1,51.3,Chilaw Marians Cricket Club,NH Atharagalla,KVA Adikari,AM Fernando,1,0,,,,,,"",""
ball,1,51.4,Chilaw Marians Cricket Club,KVA Adikari,NH Atharagalla,AM Fernando,0,0,,,,,,"",""
ball,1,51.5,Chilaw Marians Cricket Club,KVA Adikari,NH Atharagalla,AM Fernando,0,0,,,,,,"",""
ball,1,51.6,Chilaw Marians Cricket Club,KVA Adikari,NH Atharagalla,AM Fernando,0,0,,,,,,"",""
ball,1,52.1,Chilaw Marians Cricket Club,NH Atharagalla,KVA Adikari,MVT Fernando,0,0,,,,,,"",""
ball,1,52.2,Chilaw Marians Cricket Club,NH Atharagalla,KVA Adikari,MVT Fernando,0,0,,,,,,"",""
ball,1,52.3,Chilaw Marians Cricket Club,NH Atharagalla,KVA Adikari,MVT Fernando,0,0,,,,,,"",""
ball,1,52.4,Chilaw Marians Cricket Club,NH Atharagalla,KVA Adikari,MVT Fernando,0,0,,,,,,"",""
ball,1,52.5,Chilaw Marians Cricket Club,NH Atharagalla,KVA Adikari,MVT Fernando,0,0,,,,,,"",""
ball,1,52.6,Chilaw Marians Cricket Club,NH Atharagalla,KVA Adikari,MVT Fernando,0,0,,,,,,"",""
ball,1,53.1,Chilaw Marians Cricket Club,KVA Adikari,NH Atharagalla,AM Fernando,1,0,,,,,,"",""
ball,1,53.2,Chilaw Marians Cricket Club,NH Atharagalla,KVA Adikari,AM Fernando,0,0,,,,,,"",""
ball,1,53.3,Chilaw Marians Cricket Club,NH Atharagalla,KVA Adikari,AM Fernando,0,0,,,,,,"",""
ball,1,53.4,Chilaw Marians Cricket Club,NH Atharagalla,KVA Adikari,AM Fernando,0,0,,,,,,"",""
ball,1,53.5,Chilaw Marians Cricket Club,NH Atharagalla,KVA Adikari,AM Fernando,0,0,,,,,,caught,NH Atharagalla
ball,1,53.6,Chilaw Marians Cricket Club,M Hasanka,KVA Adikari,AM Fernando,0,0,,,,,,"",""
ball,1,54.1,Chilaw Marians Cricket Club,KVA Adikari,M Hasanka,MVT Fernando,0,0,,,,,,"",""
ball,1,54.2,Chilaw Marians Cricket Club,KVA Adikari,M Hasanka,MVT Fernando,2,0,,,,,,"",""
ball,1,54.3,Chilaw Marians Cricket Club,KVA Adikari,M Hasanka,MVT Fernando,0,0,,,,,,"",""
ball,1,54.4,Chilaw Marians Cricket Club,KVA Adikari,M Hasanka,MVT Fernando,1,0,,,,,,"",""
ball,1,54.5,Chilaw Marians Cricket Club,M Hasanka,KVA Adikari,MVT Fernando,0,0,,,,,,"",""
ball,1,54.6,Chilaw Marians Cricket Club,M Hasanka,KVA Adikari,MVT Fernando,0,0,,,,,,"",""
ball,1,55.1,Chilaw Marians Cricket Club,KVA Adikari,M Hasanka,AM Fernando,0,0,,,,,,"",""
ball,1,55.2,Chilaw Marians Cricket Club,KVA Adikari,M Hasanka,AM Fernando,0,0,,,,,,caught,KVA Adikari
ball,2,0.1,Colombo Cricket Club,KNM Fernando,L Croospulle,ST de Silva,2,0,,,,,,"",""
ball,2,0.2,Colombo Cricket Club,KNM Fernando,L Croospulle,ST de Silva,0,0,,,,,,"",""
ball,2,0.3,Colombo Cricket Club,KNM Fernando,L Croospulle,ST de Silva,0,0,,,,,,"",""
ball,2,0.4,Colombo Cricket Club,KNM Fernando,L Croospulle,ST de Silva,0,0,,,,,,"",""
ball,2,0.5,Colombo Cricket Club,KNM Fernando,L Croospulle,ST de Silva,0,0,,,,,,"",""
ball,2,0.6,Colombo Cricket Club,KNM Fernando,L Croospulle,ST de Silva,0,0,,,,,,"",""
ball,2,1.1,Colombo Cricket Club,L Croospulle,KNM Fernando,C de Silva,0,0,,,,,,"",""
ball,2,1.2,Colombo Cricket Club,L Croospulle,KNM Fernando,C de Silva,0,0,,,,,,"",""
ball,2,1.3,Colombo Cricket Club,L Croospulle,KNM Fernando,C de Silva,0,0,,,,,,"",""
ball,2,1.4,Colombo Cricket Club,L Croospulle,KNM Fernando,C de Silva,0,0,,,,,,"",""
ball,2,1.5,Colombo Cricket Club,L Croospulle,KNM Fernando,C de Silva,2,0,,,,,,"",""
ball,2,1.6,Colombo Cricket Club,L Croospulle,KNM Fernando,C de Silva,4,0,,,,,,"",""
ball,2,2.1,Colombo Cricket Club,KNM Fernando,L Croospulle,ST de Silva,0,0,,,,,,caught and bowled,KNM Fernando
ball,2,2.2,Colombo Cricket Club,Pawan Sandesh,L Croospulle,ST de Silva,0,0,,,,,,"",""
ball,2,2.3,Colombo Cricket Club,Pawan Sandesh,L Croospulle,ST de Silva,0,0,,,,,,"",""
ball,2,2.4,Colombo Cricket Club,Pawan Sandesh,L Croospulle,ST de Silva,0,0,,,,,,"",""
ball,2,2.5,Colombo Cricket Club,Pawan Sandesh,L Croospulle,ST de Silva,4,0,,,,,,"",""
ball,2,2.6,Colombo Cricket Club,Pawan Sandesh,L Croospulle,ST de Silva,0,0,,,,,,"",""
ball,2,3.1,Colombo Cricket Club,L Croospulle,Pawan Sandesh,C de Silva,0,0,,,,,,"",""
ball,2,3.2,Colombo Cricket Club,L Croospulle,Pawan Sandesh,C de Silva,1,0,,,,,,"",""
ball,2,3.3,Colombo Cricket Club,Pawan Sandesh,L Croospulle,C de Silva,0,0,,,,,,"",""
ball,2,3.4,Colombo Cricket Club,Pawan Sandesh,L Croospulle,C de Silva,1,0,,,,,,"",""
ball,2,3.5,Colombo Cricket Club,L Croospulle,Pawan Sandesh,C de Silva,1,0,,,,,,"",""
ball,2,3.6,Colombo Cricket Club,Pawan Sandesh,L Croospulle,C de Silva,0,0,,,,,,"",""
ball,2,4.1,Colombo Cricket Club,L Croospulle,Pawan Sandesh,ST de Silva,0,0,,,,,,"",""
ball,2,4.2,Colombo Cricket Club,L Croospulle,Pawan Sandesh,ST de Silva,1,0,,,,,,"",""
ball,2,4.3,Colombo Cricket Club,Pawan Sandesh,L Croospulle,ST de Silva,0,0,,,,,,"",""
ball,2,4.4,Colombo Cricket Club,Pawan Sandesh,L Croospulle,ST de Silva,4,0,,,,,,"",""
ball,2,4.5,Colombo Cricket Club,Pawan Sandesh,L Croospulle,ST de Silva,1,0,,,,,,"",""
ball,2,4.6,Colombo Cricket Club,L Croospulle,Pawan Sandesh,ST de Silva,4,0,,,,,,"",""
ball,2,5.1,Colombo Cricket Club,Pawan Sandesh,L Croospulle,C de Silva,0,0,,,,,,"",""
ball,2,5.2,Colombo Cricket Club,Pawan Sandesh,L Croospulle,C de Silva,0,0,,,,,,"",""
ball,2,5.3,Colombo Cricket Club,Pawan Sandesh,L Croospulle,C de Silva,2,0,,,,,,"",""
ball,2,5.4,Colombo Cricket Club,Pawan Sandesh,L Croospulle,C de Silva,1,0,,,,,,"",""
ball,2,5.5,Colombo Cricket Club,L Croospulle,Pawan Sandesh,C de Silva,1,0,,,,,,"",""
ball,2,5.6,Colombo Cricket Club,Pawan Sandesh,L Croospulle,C de Silva,0,0,,,,,,caught,Pawan Sandesh
ball,2,6.1,Colombo Cricket Club,L Croospulle,P Rathnayake,ST de Silva,0,0,,,,,,"",""
ball,2,6.2,Colombo Cricket Club,L Croospulle,P Rathnayake,ST de Silva,2,0,,,,,,"",""
ball,2,6.3,Colombo Cricket Club,L Croospulle,P Rathnayake,ST de Silva,0,0,,,,,,"",""
ball,2,6.4,Colombo Cricket Club,L Croospulle,P Rathnayake,ST de Silva,3,0,,,,,,"",""
ball,2,6.5,Colombo Cricket Club,P Rathnayake,L Croospulle,ST de Silva,1,0,,,,,,"",""
ball,2,6.6,Colombo Cricket Club,L Croospulle,P Rathnayake,ST de Silva,0,0,,,,,,"",""
ball,2,7.1,Colombo Cricket Club,P Rathnayake,L Croospulle,C de Silva,0,0,,,,,,"",""
ball,2,7.2,Colombo Cricket Club,P Rathnayake,L Croospulle,C de Silva,1,0,,,,,,"",""
ball,2,7.3,Colombo Cricket Club,L Croospulle,P Rathnayake,C de Silva,0,0,,,,,,"",""
ball,2,7.4,Colombo Cricket Club,L Croospulle,P Rathnayake,C de Silva,1,0,,,,,,"",""
ball,2,7.5,Colombo Cricket Club,P Rathnayake,L Croospulle,C de Silva,0,0,,,,,,"",""
ball,2,7.6,Colombo Cricket Club,P Rathnayake,L Croospulle,C de Silva,0,0,,,,,,"",""
ball,2,8.1,Colombo Cricket Club,L Croospulle,P Rathnayake,ST de Silva,0,0,,,,,,"",""
ball,2,8.2,Colombo Cricket Club,L Croospulle,P Rathnayake,ST de Silva,4,0,,,,,,"",""
ball,2,8.3,Colombo Cricket Club,L Croospulle,P Rathnayake,ST de Silva,2,0,,,,,,"",""
ball,2,8.4,Colombo Cricket Club,L Croospulle,P Rathnayake,ST de Silva,0,0,,,,,,"",""
ball,2,8.5,Colombo Cricket Club,L Croospulle,P Rathnayake,ST de Silva,0,0,,,,,,"",""
ball,2,8.6,Colombo Cricket Club,L Croospulle,P Rathnayake,ST de Silva,0,0,,,,,,"",""
ball,2,9.1,Colombo Cricket Club,P Rathnayake,L Croospulle,C de Silva,0,0,,,,,,"",""
ball,2,9.2,Colombo Cricket Club,P Rathnayake,L Croospulle,C de Silva,1,0,,,,,,"",""
ball,2,9.3,Colombo Cricket Club,L Croospulle,P Rathnayake,C de Silva,0,0,,,,,,"",""
ball,2,9.4,Colombo Cricket Club,L Croospulle,P Rathnayake,C de Silva,0,0,,,,,,"",""
ball,2,9.5,Colombo Cricket Club,L Croospulle,P Rathnayake,C de Silva,0,0,,,,,,"",""
ball,2,9.6,Colombo Cricket Club,L Croospulle,P Rathnayake,C de Silva,1,0,,,,,,"",""
ball,2,10.1,Colombo Cricket Club,L Croospulle,P Rathnayake,ST de Silva,0,0,,,,,,"",""
ball,2,10.2,Colombo Cricket Club,L Croospulle,P Rathnayake,ST de Silva,0,0,,,,,,caught,L Croospulle
ball,2,10.3,Colombo Cricket Club,MVT Fernando,P Rathnayake,ST de Silva,0,1,,1,,,,"",""
ball,2,10.4,Colombo Cricket Club,MVT Fernando,P Rathnayake,ST de Silva,1,0,,,,,,"",""
ball,2,10.5,Colombo Cricket Club,P Rathnayake,MVT Fernando,ST de Silva,0,0,,,,,,"",""
ball,2,10.6,Colombo Cricket Club,P Rathnayake,MVT Fernando,ST de Silva,0,0,,,,,,"",""
ball,2,10.7,Colombo Cricket Club,P Rathnayake,MVT Fernando,ST de Silva,0,0,,,,,,bowled,P Rathnayake
ball,2,11.1,Colombo Cricket Club,MVT Fernando,GS Dinusha,C de Silva,0,0,,,,,,"",""
ball,2,11.2,Colombo Cricket Club,MVT Fernando,GS Dinusha,C de Silva,0,0,,,,,,"",""
ball,2,11.3,Colombo Cricket Club,MVT Fernando,GS Dinusha,C de Silva,0,0,,,,,,"",""
ball,2,11.4,Colombo Cricket Club,MVT Fernando,GS Dinusha,C de Silva,0,0,,,,,,"",""
ball,2,11.5,Colombo Cricket Club,MVT Fernando,GS Dinusha,C de Silva,0,0,,,,,,"",""
ball,2,11.6,Colombo Cricket Club,MVT Fernando,GS Dinusha,C de Silva,0,0,,,,,,"",""
ball,2,12.1,Colombo Cricket Club,GS Dinusha,MVT Fernando,Sammu Ashan,4,0,,,,,,"",""
ball,2,12.2,Colombo Cricket Club,GS Dinusha,MVT Fernando,Sammu Ashan,0,0,,,,,,"",""
ball,2,12.3,Colombo Cricket Club,GS Dinusha,MVT Fernando,Sammu Ashan,1,0,,,,,,"",""
ball,2,12.4,Colombo Cricket Club,MVT Fernando,GS Dinusha,Sammu Ashan,0,0,,,,,,"",""
ball,2,12.5,Colombo Cricket Club,MVT Fernando,GS Dinusha,Sammu Ashan,0,0,,,,,,"",""
ball,2,12.6,Colombo Cricket Club,MVT Fernando,GS Dinusha,Sammu Ashan,0,0,,,,,,"",""
ball,2,13.1,Colombo Cricket Club,GS Dinusha,MVT Fernando,C de Silva,0,0,,,,,,"",""
ball,2,13.2,Colombo Cricket Club,GS Dinusha,MVT Fernando,C de Silva,4,0,,,,,,"",""
ball,2,13.3,Colombo Cricket Club,GS Dinusha,MVT Fernando,C de Silva,0,0,,,,,,"",""
ball,2,13.4,Colombo Cricket Club,GS Dinusha,MVT Fernando,C de Silva,0,0,,,,,,"",""
ball,2,13.5,Colombo Cricket Club,GS Dinusha,MVT Fernando,C de Silva,4,0,,,,,,"",""
ball,2,13.6,Colombo Cricket Club,GS Dinusha,MVT Fernando,C de Silva,0,0,,,,,,"",""
ball,2,14.1,Colombo Cricket Club,MVT Fernando,GS Dinusha,Sammu Ashan,0,0,,,,,,"",""
ball,2,14.2,Colombo Cricket Club,MVT Fernando,GS Dinusha,Sammu Ashan,0,0,,,,,,"",""
ball,2,14.3,Colombo Cricket Club,MVT Fernando,GS Dinusha,Sammu Ashan,1,0,,,,,,"",""
ball,2,14.4,Colombo Cricket Club,GS Dinusha,MVT Fernando,Sammu Ashan,1,0,,,,,,"",""
ball,2,14.5,Colombo Cricket Club,MVT Fernando,GS Dinusha,Sammu Ashan,0,0,,,,,,"",""
ball,2,14.6,Colombo Cricket Club,MVT Fernando,GS Dinusha,Sammu Ashan,0,0,,,,,,"",""
ball,2,15.1,Colombo Cricket Club,GS Dinusha,MVT Fernando,NH Atharagalla,0,0,,,,,,"",""
ball,2,15.2,Colombo Cricket Club,GS Dinusha,MVT Fernando,NH Atharagalla,4,0,,,,,,"",""
ball,2,15.3,Colombo Cricket Club,GS Dinusha,MVT Fernando,NH Atharagalla,0,0,,,,,,"",""
ball,2,15.4,Colombo Cricket Club,GS Dinusha,MVT Fernando,NH Atharagalla,1,0,,,,,,"",""
ball,2,15.5,Colombo Cricket Club,MVT Fernando,GS Dinusha,NH Atharagalla,1,0,,,,,,"",""
ball,2,15.6,Colombo Cricket Club,GS Dinusha,MVT Fernando,NH Atharagalla,0,0,,,,,,"",""
ball,2,16.1,Colombo Cricket Club,MVT Fernando,GS Dinusha,ST de Silva,0,0,,,,,,"",""
ball,2,16.2,Colombo Cricket Club,MVT Fernando,GS Dinusha,ST de Silva,0,0,,,,,,"",""
ball,2,16.3,Colombo Cricket Club,MVT Fernando,GS Dinusha,ST de Silva,0,0,,,,,,"",""
ball,2,16.4,Colombo Cricket Club,MVT Fernando,GS Dinusha,ST de Silva,0,0,,,,,,"",""
ball,2,16.5,Colombo Cricket Club,MVT Fernando,GS Dinusha,ST de Silva,1,0,,,,,,"",""
ball,2,16.6,Colombo Cricket Club,GS Dinusha,MVT Fernando,ST de Silva,0,0,,,,,,"",""
ball,2,17.1,Colombo Cricket Club,MVT Fernando,GS Dinusha,NH Atharagalla,0,0,,,,,,"",""
ball,2,17.2,Colombo Cricket Club,MVT Fernando,GS Dinusha,NH Atharagalla,0,0,,,,,,"",""
ball,2,17.3,Colombo Cricket Club,MVT Fernando,GS Dinusha,NH Atharagalla,0,0,,,,,,"",""
ball,2,17.4,Colombo Cricket Club,MVT Fernando,GS Dinusha,NH Atharagalla,1,0,,,,,,"",""
ball,2,17.5,Colombo Cricket Club,GS Dinusha,MVT Fernando,NH Atharagalla,0,0,,,,,,"",""
ball,2,17.6,Colombo Cricket Club,GS Dinusha,MVT Fernando,NH Atharagalla,0,0,,,,,,"",""
ball,2,18.1,Colombo Cricket Club,MVT Fernando,GS Dinusha,ST de Silva,0,0,,,,,,bowled,MVT Fernando
ball,2,18.2,Colombo Cricket Club,S Kosala,GS Dinusha,ST de Silva,1,0,,,,,,"",""
ball,2,18.3,Colombo Cricket Club,GS Dinusha,S Kosala,ST de Silva,3,0,,,,,,"",""
ball,2,18.4,Colombo Cricket Club,S Kosala,GS Dinusha,ST de Silva,4,0,,,,,,"",""
ball,2,18.5,Colombo Cricket Club,S Kosala,GS Dinusha,ST de Silva,1,0,,,,,,"",""
ball,2,18.6,Colombo Cricket Club,GS Dinusha,S Kosala,ST de Silva,0,0,,,,,,"",""
ball,2,19.1,Colombo Cricket Club,S Kosala,GS Dinusha,NH Atharagalla,0,0,,,,,,"",""
ball,2,19.2,Colombo Cricket Club,S Kosala,GS Dinusha,NH Atharagalla,1,0,,,,,,"",""
ball,2,19.3,Colombo Cricket Club,GS Dinusha,S Kosala,NH Atharagalla,0,0,,,,,,"",""
ball,2,19.4,Colombo Cricket Club,GS Dinusha,S Kosala,NH Atharagalla,0,0,,,,,,"",""
ball,2,19.5,Colombo Cricket Club,GS Dinusha,S Kosala,NH Atharagalla,4,0,,,,,,"",""
ball,2,19.6,Colombo Cricket Club,GS Dinusha,S Kosala,NH Atharagalla,0,0,,,,,,"",""
ball,2,20.1,Colombo Cricket Club,S Kosala,GS Dinusha,ST de Silva,1,0,,,,,,"",""
ball,2,20.2,Colombo Cricket Club,GS Dinusha,S Kosala,ST de Silva,0,0,,,,,,"",""
ball,2,20.3,Colombo Cricket Club,GS Dinusha,S Kosala,ST de Silva,0,0,,,,,,"",""
ball,2,20.4,Colombo Cricket Club,GS Dinusha,S Kosala,ST de Silva,0,0,,,,,,"",""
ball,2,20.5,Colombo Cricket Club,GS Dinusha,S Kosala,ST de Silva,0,0,,,,,,"",""
ball,2,20.6,Colombo Cricket Club,GS Dinusha,S Kosala,ST de Silva,4,1,,1,,,,"",""
ball,2,20.7,Colombo Cricket Club,GS Dinusha,S Kosala,ST de Silva,1,0,,,,,,"",""
ball,2,21.1,Colombo Cricket Club,GS Dinusha,S Kosala,C de Silva,0,0,,,,,,"",""
ball,2,21.2,Colombo Cricket Club,GS Dinusha,S Kosala,C de Silva,1,0,,,,,,"",""
ball,2,21.3,Colombo Cricket Club,S Kosala,GS Dinusha,C de Silva,2,0,,,,,,"",""
ball,2,21.4,Colombo Cricket Club,S Kosala,GS Dinusha,C de Silva,0,0,,,,,,"",""
ball,2,21.5,Colombo Cricket Club,S Kosala,GS Dinusha,C de Silva,0,0,,,,,,"",""
ball,2,21.6,Colombo Cricket Club,S Kosala,GS Dinusha,C de Silva,0,0,,,,,,"",""
ball,2,22.1,Colombo Cricket Club,GS Dinusha,S Kosala,ST de Silva,1,0,,,,,,"",""
ball,2,22.2,Colombo Cricket Club,S Kosala,GS Dinusha,ST de Silva,1,0,,,,,,"",""
ball,2,22.3,Colombo Cricket Club,GS Dinusha,S Kosala,ST de Silva,0,0,,,,,,"",""
ball,2,22.4,Colombo Cricket Club,GS Dinusha,S Kosala,ST de Silva,0,0,,,,,,"",""
ball,2,22.5,Colombo Cricket Club,GS Dinusha,S Kosala,ST de Silva,0,1,,1,,,,"",""
ball,2,22.6,Colombo Cricket Club,GS Dinusha,S Kosala,ST de Silva,0,0,,,,,,"",""
ball,2,22.7,Colombo Cricket Club,GS Dinusha,S Kosala,ST de Silva,1,0,,,,,,"",""
ball,2,23.1,Colombo Cricket Club,GS Dinusha,S Kosala,C de Silva,1,0,,,,,,"",""
ball,2,23.2,Colombo Cricket Club,S Kosala,GS Dinusha,C de Silva,0,0,,,,,,"",""
ball,2,23.3,Colombo Cricket Club,S Kosala,GS Dinusha,C de Silva,4,0,,,,,,"",""
ball,2,23.4,Colombo Cricket Club,S Kosala,GS Dinusha,C de Silva,0,0,,,,,,"",""
ball,2,23.5,Colombo Cricket Club,S Kosala,GS Dinusha,C de Silva,0,0,,,,,,"",""
ball,2,23.6,Colombo Cricket Club,S Kosala,GS Dinusha,C de Silva,0,0,,,,,,"",""
ball,2,24.1,Colombo Cricket Club,GS Dinusha,S Kosala,ST de Silva,0,0,,,,,,"",""
ball,2,24.2,Colombo Cricket Club,GS Dinusha,S Kosala,ST de Silva,2,0,,,,,,"",""
ball,2,24.3,Colombo Cricket Club,GS Dinusha,S Kosala,ST de Silva,4,0,,,,,,"",""
ball,2,24.4,Colombo Cricket Club,GS Dinusha,S Kosala,ST de Silva,4,0,,,,,,"",""
ball,2,24.5,Colombo Cricket Club,GS Dinusha,S Kosala,ST de Silva,0,0,,,,,,"",""
ball,2,24.6,Colombo Cricket Club,GS Dinusha,S Kosala,ST de Silva,1,0,,,,,,"",""
ball,2,25.1,Colombo Cricket Club,GS Dinusha,S Kosala,C de Silva,2,0,,,,,,"",""
ball,2,25.2,Colombo Cricket Club,GS Dinusha,S Kosala,C de Silva,2,0,,,,,,"",""
ball,2,25.3,Colombo Cricket Club,GS Dinusha,S Kosala,C de Silva,0,0,,,,,,"",""
ball,2,25.4,Colombo Cricket Club,GS Dinusha,S Kosala,C de Silva,1,0,,,,,,"",""
ball,2,25.5,Colombo Cricket Club,S Kosala,GS Dinusha,C de Silva,0,0,,,,,,"",""
ball,2,25.6,Colombo Cricket Club,S Kosala,GS Dinusha,C de Silva,0,0,,,,,,"",""
ball,2,26.1,Colombo Cricket Club,GS Dinusha,S Kosala,ST de Silva,1,0,,,,,,"",""
ball,2,26.2,Colombo Cricket Club,S Kosala,GS Dinusha,ST de Silva,0,0,,,,,,"",""
ball,2,26.3,Colombo Cricket Club,S Kosala,GS Dinusha,ST de Silva,0,0,,,,,,"",""
ball,2,26.4,Colombo Cricket Club,S Kosala,GS Dinusha,ST de Silva,2,0,,,,,,"",""
ball,2,26.5,Colombo Cricket Club,S Kosala,GS Dinusha,ST de Silva,0,0,,,,,,"",""
ball,2,26.6,Colombo Cricket Club,S Kosala,GS Dinusha,ST de Silva,0,0,,,,,,"",""
ball,2,27.1,Colombo Cricket Club,GS Dinusha,S Kosala,C de Silva,1,0,,,,,,"",""
ball,2,27.2,Colombo Cricket Club,S Kosala,GS Dinusha,C de Silva,0,0,,,,,,"",""
ball,2,27.3,Colombo Cricket Club,S Kosala,GS Dinusha,C de Silva,0,0,,,,,,"",""
ball,2,27.4,Colombo Cricket Club,S Kosala,GS Dinusha,C de Silva,0,0,,,,,,"",""
ball,2,27.5,Colombo Cricket Club,S Kosala,GS Dinusha,C de Silva,0,0,,,,,,"",""
ball,2,27.6,Colombo Cricket Club,S Kosala,GS Dinusha,C de Silva,0,0,,,,,,"",""
ball,2,28.1,Colombo Cricket Club,GS Dinusha,S Kosala,NH Atharagalla,0,0,,,,,,"",""
ball,2,28.2,Colombo Cricket Club,GS Dinusha,S Kosala,NH Atharagalla,1,0,,,,,,"",""
ball,2,28.3,Colombo Cricket Club,S Kosala,GS Dinusha,NH Atharagalla,0,0,,,,,,"",""
ball,2,28.4,Colombo Cricket Club,S Kosala,GS Dinusha,NH Atharagalla,0,0,,,,,,"",""
ball,2,28.5,Colombo Cricket Club,S Kosala,GS Dinusha,NH Atharagalla,1,0,,,,,,"",""
ball,2,28.6,Colombo Cricket Club,GS Dinusha,S Kosala,NH Atharagalla,0,0,,,,,,"",""
ball,2,29.1,Colombo Cricket Club,S Kosala,GS Dinusha,C de Silva,0,0,,,,,,"",""
ball,2,29.2,Colombo Cricket Club,S Kosala,GS Dinusha,C de Silva,1,0,,,,,,"",""
ball,2,29.3,Colombo Cricket Club,GS Dinusha,S Kosala,C de Silva,0,0,,,,,,"",""
ball,2,29.4,Colombo Cricket Club,GS Dinusha,S Kosala,C de Silva,1,1,,1,,,,"",""
ball,2,29.5,Colombo Cricket Club,S Kosala,GS Dinusha,C de Silva,0,0,,,,,,"",""
ball,2,29.6,Colombo Cricket Club,S Kosala,GS Dinusha,C de Silva,0,0,,,,,,"",""
ball,2,29.7,Colombo Cricket Club,S Kosala,GS Dinusha,C de Silva,1,0,,,,,,"",""
ball,2,30.1,Colombo Cricket Club,S Kosala,GS Dinusha,NH Atharagalla,0,0,,,,,,"",""
ball,2,30.2,Colombo Cricket Club,S Kosala,GS Dinusha,NH Atharagalla,0,0,,,,,,caught,S Kosala
ball,2,30.3,Colombo Cricket Club,A Bandara,GS Dinusha,NH Atharagalla,1,0,,,,,,"",""
ball,2,30.4,Colombo Cricket Club,GS Dinusha,A Bandara,NH Atharagalla,1,0,,,,,,"",""
ball,2,30.5,Colombo Cricket Club,A Bandara,GS Dinusha,NH Atharagalla,0,0,,,,,,"",""
ball,2,30.6,Colombo Cricket Club,A Bandara,GS Dinusha,NH Atharagalla,1,0,,,,,,"",""
ball,2,31.1,Colombo Cricket Club,A Bandara,GS Dinusha,Sammu Ashan,0,0,,,,,,"",""
ball,2,31.2,Colombo Cricket Club,A Bandara,GS Dinusha,Sammu Ashan,0,0,,,,,,"",""
ball,2,31.3,Colombo Cricket Club,A Bandara,GS Dinusha,Sammu Ashan,2,0,,,,,,"",""
ball,2,31.4,Colombo Cricket Club,A Bandara,GS Dinusha,Sammu Ashan,0,0,,,,,,"",""
ball,2,31.5,Colombo Cricket Club,A Bandara,GS Dinusha,Sammu Ashan,0,0,,,,,,"",""
ball,2,31.6,Colombo Cricket Club,A Bandara,GS Dinusha,Sammu Ashan,0,0,,,,,,"",""
ball,2,32.1,Colombo Cricket Club,GS Dinusha,A Bandara,NH Atharagalla,1,0,,,,,,"",""
ball,2,32.2,Colombo Cricket Club,A Bandara,GS Dinusha,NH Atharagalla,0,0,,,,,,"",""
ball,2,32.3,Colombo Cricket Club,A Bandara,GS Dinusha,NH Atharagalla,0,0,,,,,,"",""
ball,2,32.4,Colombo Cricket Club,A Bandara,GS Dinusha,NH Atharagalla,0,0,,,,,,"",""
ball,2,32.5,Colombo Cricket Club,A Bandara,GS Dinusha,NH Atharagalla,0,0,,,,,,"",""
ball,2,32.6,Colombo Cricket Club,A Bandara,GS Dinusha,NH Atharagalla,0,0,,,,,,"",""
ball,2,33.1,Colombo Cricket Club,GS Dinusha,A Bandara,Sammu Ashan,0,0,,,,,,"",""
ball,2,33.2,Colombo Cricket Club,GS Dinusha,A Bandara,Sammu Ashan,2,0,,,,,,"",""
ball,2,33.3,Colombo Cricket Club,GS Dinusha,A Bandara,Sammu Ashan,0,0,,,,,,"",""
ball,2,33.4,Colombo Cricket Club,GS Dinusha,A Bandara,Sammu Ashan,0,0,,,,,,"",""
ball,2,33.5,Colombo Cricket Club,GS Dinusha,A Bandara,Sammu Ashan,1,0,,,,,,"",""
ball,2,33.6,Colombo Cricket Club,A Bandara,GS Dinusha,Sammu Ashan,0,0,,,,,,"",""
ball,2,34.1,Colombo Cricket Club,GS Dinusha,A Bandara,NH Atharagalla,0,0,,,,,,"",""
ball,2,34.2,Colombo Cricket Club,GS Dinusha,A Bandara,NH Atharagalla,0,0,,,,,,"",""
ball,2,34.3,Colombo Cricket Club,GS Dinusha,A Bandara,NH Atharagalla,0,0,,,,,,"",""
ball,2,34.4,Colombo Cricket Club,GS Dinusha,A Bandara,NH Atharagalla,0,0,,,,,,"",""
ball,2,34.5,Colombo Cricket Club,GS Dinusha,A Bandara,NH Atharagalla,1,0,,,,,,"",""
ball,2,34.6,Colombo Cricket Club,A Bandara,GS Dinusha,NH Atharagalla,0,0,,,,,,"",""
ball,2,35.1,Colombo Cricket Club,GS Dinusha,A Bandara,Sammu Ashan,0,0,,,,,,"",""
ball,2,35.2,Colombo Cricket Club,GS Dinusha,A Bandara,Sammu Ashan,0,0,,,,,,caught,GS Dinusha
ball,2,35.3,Colombo Cricket Club,C Wijesinghe,A Bandara,Sammu Ashan,0,0,,,,,,"",""
ball,2,35.4,Colombo Cricket Club,C Wijesinghe,A Bandara,Sammu Ashan,0,0,,,,,,"",""
ball,2,35.5,Colombo Cricket Club,C Wijesinghe,A Bandara,Sammu Ashan,1,0,,,,,,"",""
ball,2,35.6,Colombo Cricket Club,A Bandara,C Wijesinghe,Sammu Ashan,0,0,,,,,,"",""
ball,2,36.1,Colombo Cricket Club,C Wijesinghe,A Bandara,NH Atharagalla,0,0,,,,,,"",""
ball,2,36.2,Colombo Cricket Club,C Wijesinghe,A Bandara,NH Atharagalla,0,0,,,,,,"",""
ball,2,36.3,Colombo Cricket Club,C Wijesinghe,A Bandara,NH Atharagalla,0,0,,,,,,"",""
ball,2,36.4,Colombo Cricket Club,C Wijesinghe,A Bandara,NH Atharagalla,0,0,,,,,,"",""
ball,2,36.5,Colombo Cricket Club,C Wijesinghe,A Bandara,NH Atharagalla,0,0,,,,,,"",""
ball,2,36.6,Colombo Cricket Club,C Wijesinghe,A Bandara,NH Atharagalla,0,0,,,,,,"",""
ball,2,37.1,Colombo Cricket Club,A Bandara,C Wijesinghe,Sammu Ashan,0,0,,,,,,"",""
ball,2,37.2,Colombo Cricket Club,A Bandara,C Wijesinghe,Sammu Ashan,0,0,,,,,,"",""
ball,2,37.3,Colombo Cricket Club,A Bandara,C Wijesinghe,Sammu Ashan,0,0,,,,,,"",""
ball,2,37.4,Colombo Cricket Club,A Bandara,C Wijesinghe,Sammu Ashan,0,0,,,,,,"",""
ball,2,37.5,Colombo Cricket Club,A Bandara,C Wijesinghe,Sammu Ashan,0,0,,,,,,"",""
ball,2,37.6,Colombo Cricket Club,A Bandara,C Wijesinghe,Sammu Ashan,0,0,,,,,,"",""
ball,2,38.1,Colombo Cricket Club,C Wijesinghe,A Bandara,M Hasanka,4,0,,,,,,"",""
ball,2,38.2,Colombo Cricket Club,C Wijesinghe,A Bandara,M Hasanka,0,0,,,,,,"",""
ball,2,38.3,Colombo Cricket Club,C Wijesinghe,A Bandara,M Hasanka,0,0,,,,,,"",""
ball,2,38.4,Colombo Cricket Club,C Wijesinghe,A Bandara,M Hasanka,0,0,,,,,,"",""
ball,2,38.5,Colombo Cricket Club,C Wijesinghe,A Bandara,M Hasanka,0,0,,,,,,"",""
ball,2,38.6,Colombo Cricket Club,C Wijesinghe,A Bandara,M Hasanka,2,0,,,,,,"",""
ball,2,39.1,Colombo Cricket Club,A Bandara,C Wijesinghe,Sammu Ashan,0,0,,,,,,"",""
ball,2,39.2,Colombo Cricket Club,A Bandara,C Wijesinghe,Sammu Ashan,0,0,,,,,,"",""
ball,2,39.3,Colombo Cricket Club,A Bandara,C Wijesinghe,Sammu Ashan,0,0,,,,,,"",""
ball,2,39.4,Colombo Cricket Club,A Bandara,C Wijesinghe,Sammu Ashan,0,0,,,,,,"",""
ball,2,39.5,Colombo Cricket Club,A Bandara,C Wijesinghe,Sammu Ashan,0,0,,,,,,"",""
ball,2,39.6,Colombo Cricket Club,A Bandara,C Wijesinghe,Sammu Ashan,4,0,,,,,,"",""
ball,2,40.1,Colombo Cricket Club,C Wijesinghe,A Bandara,M Hasanka,0,0,,,,,,"",""
ball,2,40.2,Colombo Cricket Club,C Wijesinghe,A Bandara,M Hasanka,0,0,,,,,,"",""
ball,2,40.3,Colombo Cricket Club,C Wijesinghe,A Bandara,M Hasanka,4,0,,,,,,"",""
ball,2,40.4,Colombo Cricket Club,C Wijesinghe,A Bandara,M Hasanka,0,0,,,,,,"",""
ball,2,40.5,Colombo Cricket Club,C Wijesinghe,A Bandara,M Hasanka,1,0,,,,,,"",""
ball,2,40.6,Colombo Cricket Club,A Bandara,C Wijesinghe,M Hasanka,1,0,,,,,,"",""
ball,2,41.1,Colombo Cricket Club,A Bandara,C Wijesinghe,Sammu Ashan,0,0,,,,,,"",""
ball,2,41.2,Colombo Cricket Club,A Bandara,C Wijesinghe,Sammu Ashan,0,0,,,,,,"",""
ball,2,41.3,Colombo Cricket Club,A Bandara,C Wijesinghe,Sammu Ashan,1,0,,,,,,"",""
ball,2,41.4,Colombo Cricket Club,C Wijesinghe,A Bandara,Sammu Ashan,0,0,,,,,,"",""
ball,2,41.5,Colombo Cricket Club,C Wijesinghe,A Bandara,Sammu Ashan,1,0,,,,,,"",""
ball,2,41.6,Colombo Cricket Club,A Bandara,C Wijesinghe,Sammu Ashan,0,0,,,,,,"",""
ball,2,42.1,Colombo Cricket Club,C Wijesinghe,A Bandara,ST de Silva,0,0,,,,,,"",""
ball,2,42.2,Colombo Cricket Club,C Wijesinghe,A Bandara,ST de Silva,0,0,,,,,,"",""
ball,2,42.3,Colombo Cricket Club,C Wijesinghe,A Bandara,ST de Silva,0,0,,,,,,"",""
ball,2,42.4,Colombo Cricket Club,C Wijesinghe,A Bandara,ST de Silva,0,0,,,,,,"",""
ball,2,42.5,Colombo Cricket Club,C Wijesinghe,A Bandara,ST de Silva,1,0,,,,,,"",""
ball,2,42.6,Colombo Cricket Club,A Bandara,C Wijesinghe,ST de Silva,1,0,,,,,,"",""
ball,2,43.1,Colombo Cricket Club,A Bandara,C Wijesinghe,M Hasanka,0,0,,,,,,"",""
ball,2,43.2,Colombo Cricket Club,A Bandara,C Wijesinghe,M Hasanka,2,0,,,,,,"",""
ball,2,43.3,Colombo Cricket Club,A Bandara,C Wijesinghe,M Hasanka,0,0,,,,,,"",""
ball,2,43.4,Colombo Cricket Club,A Bandara,C Wijesinghe,M Hasanka,0,0,,,,,,"",""
ball,2,43.5,Colombo Cricket Club,A Bandara,C Wijesinghe,M Hasanka,1,0,,,,,,"",""
ball,2,43.6,Colombo Cricket Club,C Wijesinghe,A Bandara,M Hasanka,0,0,,,,,,"",""
ball,2,44.1,Colombo Cricket Club,A Bandara,C Wijesinghe,ST de Silva,0,0,,,,,,"",""
ball,2,44.2,Colombo Cricket Club,A Bandara,C Wijesinghe,ST de Silva,0,0,,,,,,"",""
ball,2,44.3,Colombo Cricket Club,A Bandara,C Wijesinghe,ST de Silva,0,0,,,,,,"",""
ball,2,44.4,Colombo Cricket Club,A Bandara,C Wijesinghe,ST de Silva,0,0,,,,,,"",""
ball,2,44.5,Colombo Cricket Club,A Bandara,C Wijesinghe,ST de Silva,0,0,,,,,,"",""
ball,2,44.6,Colombo Cricket Club,A Bandara,C Wijesinghe,ST de Silva,0,0,,,,,,"",""
ball,2,45.1,Colombo Cricket Club,C Wijesinghe,A Bandara,M Hasanka,0,0,,,,,,lbw,C Wijesinghe
ball,2,45.2,Colombo Cricket Club,KN Peiris,A Bandara,M Hasanka,0,0,,,,,,"",""
ball,2,45.3,Colombo Cricket Club,KN Peiris,A Bandara,M Hasanka,0,0,,,,,,"",""
ball,2,45.4,Colombo Cricket Club,KN Peiris,A Bandara,M Hasanka,1,0,,,,,,"",""
ball,2,45.5,Colombo Cricket Club,A Bandara,KN Peiris,M Hasanka,1,0,,,,,,"",""
ball,2,45.6,Colombo Cricket Club,KN Peiris,A Bandara,M Hasanka,1,0,,,,,,"",""
ball,2,46.1,Colombo Cricket Club,KN Peiris,A Bandara,ST de Silva,1,0,,,,,,"",""
ball,2,46.2,Colombo Cricket Club,A Bandara,KN Peiris,ST de Silva,0,0,,,,,,"",""
ball,2,46.3,Colombo Cricket Club,A Bandara,KN Peiris,ST de Silva,0,0,,,,,,"",""
ball,2,46.4,Colombo Cricket Club,A Bandara,KN Peiris,ST de Silva,0,0,,,,,,"",""
ball,2,46.5,Colombo Cricket Club,A Bandara,KN Peiris,ST de Silva,0,0,,,,,,"",""
ball,2,46.6,Colombo Cricket Club,A Bandara,KN Peiris,ST de Silva,0,0,,,,,,"",""
ball,2,47.1,Colombo Cricket Club,KN Peiris,A Bandara,M Hasanka,0,0,,,,,,bowled,KN Peiris
ball,2,47.2,Colombo Cricket Club,AM Fernando,A Bandara,M Hasanka,0,0,,,,,,"",""
ball,2,47.3,Colombo Cricket Club,AM Fernando,A Bandara,M Hasanka,0,0,,,,,,caught,AM Fernando
ball,3,0.1,Chilaw Marians Cricket Club,PTM Dabare,WWWL Lakshan,MVT Fernando,4,0,,,,,,"",""
ball,3,0.2,Chilaw Marians Cricket Club,PTM Dabare,WWWL Lakshan,MVT Fernando,0,1,,,,1,,"",""
ball,3,0.3,Chilaw Marians Cricket Club,WWWL Lakshan,PTM Dabare,MVT Fernando,0,0,,,,,,"",""
ball,3,0.4,Chilaw Marians Cricket Club,WWWL Lakshan,PTM Dabare,MVT Fernando,2,0,,,,,,"",""
ball,3,0.5,Chilaw Marians Cricket Club,WWWL Lakshan,PTM Dabare,MVT Fernando,0,0,,,,,,"",""
ball,3,0.6,Chilaw Marians Cricket Club,WWWL Lakshan,PTM Dabare,MVT Fernando,0,0,,,,,,"",""
ball,3,1.1,Chilaw Marians Cricket Club,PTM Dabare,WWWL Lakshan,AM Fernando,6,0,,,,,,"",""
ball,3,1.2,Chilaw Marians Cricket Club,PTM Dabare,WWWL Lakshan,AM Fernando,0,0,,,,,,"",""
ball,3,1.3,Chilaw Marians Cricket Club,PTM Dabare,WWWL Lakshan,AM Fernando,0,0,,,,,,caught,PTM Dabare
ball,3,1.4,Chilaw Marians Cricket Club,T Amarasinghe,WWWL Lakshan,AM Fernando,0,0,,,,,,"",""
ball,3,1.5,Chilaw Marians Cricket Club,T Amarasinghe,WWWL Lakshan,AM Fernando,0,0,,,,,,"",""
ball,3,1.6,Chilaw Marians Cricket Club,T Amarasinghe,WWWL Lakshan,AM Fernando,0,0,,,,,,"",""
ball,3,2.1,Chilaw Marians Cricket Club,WWWL Lakshan,T Amarasinghe,MVT Fernando,0,0,,,,,,caught,WWWL Lakshan
ball,3,2.2,Chilaw Marians Cricket Club,H Jayasundara,T Amarasinghe,MVT Fernando,0,0,,,,,,"",""
ball,3,2.3,Chilaw Marians Cricket Club,H Jayasundara,T Amarasinghe,MVT Fernando,0,0,,,,,,"",""
ball,3,2.4,Chilaw Marians Cricket Club,H Jayasundara,T Amarasinghe,MVT Fernando,0,0,,,,,,"",""
ball,3,2.5,Chilaw Marians Cricket Club,H Jayasundara,T Amarasinghe,MVT Fernando,0,0,,,,,,"",""
ball,3,2.6,Chilaw Marians Cricket Club,H Jayasundara,T Amarasinghe,MVT Fernando,1,0,,,,,,"",""
ball,3,3.1,Chilaw Marians Cricket Club,H Jayasundara,T Amarasinghe,AM Fernando,0,0,,,,,,"",""
ball,3,3.2,Chilaw Marians Cricket Club,H Jayasundara,T Amarasinghe,AM Fernando,2,0,,,,,,"",""
ball,3,3.3,Chilaw Marians Cricket Club,H Jayasundara,T Amarasinghe,AM Fernando,0,0,,,,,,"",""
ball,3,3.4,Chilaw Marians Cricket Club,H Jayasundara,T Amarasinghe,AM Fernando,1,0,,,,,,"",""
ball,3,3.5,Chilaw Marians Cricket Club,T Amarasinghe,H Jayasundara,AM Fernando,0,0,,,,,,"",""
ball,3,3.6,Chilaw Marians Cricket Club,T Amarasinghe,H Jayasundara,AM Fernando,1,0,,,,,,"",""
ball,3,4.1,Chilaw Marians Cricket Club,T Amarasinghe,H Jayasundara,MVT Fernando,0,0,,,,,,"",""
ball,3,4.2,Chilaw Marians Cricket Club,T Amarasinghe,H Jayasundara,MVT Fernando,1,0,,,,,,"",""
ball,3,4.3,Chilaw Marians Cricket Club,H Jayasundara,T Amarasinghe,MVT Fernando,2,0,,,,,,"",""
ball,3,4.4,Chilaw Marians Cricket Club,H Jayasundara,T Amarasinghe,MVT Fernando,0,0,,,,,,"",""
ball,3,4.5,Chilaw Marians Cricket Club,H Jayasundara,T Amarasinghe,MVT Fernando,0,0,,,,,,"",""
ball,3,4.6,Chilaw Marians Cricket Club,H Jayasundara,T Amarasinghe,MVT Fernando,4,0,,,,,,"",""
ball,3,5.1,Chilaw Marians Cricket Club,T Amarasinghe,H Jayasundara,KN Peiris,0,0,,,,,,"",""
ball,3,5.2,Chilaw Marians Cricket Club,T Amarasinghe,H Jayasundara,KN Peiris,0,0,,,,,,"",""
ball,3,5.3,Chilaw Marians Cricket Club,T Amarasinghe,H Jayasundara,KN Peiris,0,0,,,,,,"",""
ball,3,5.4,Chilaw Marians Cricket Club,T Amarasinghe,H Jayasundara,KN Peiris,0,0,,,,,,"",""
ball,3,5.5,Chilaw Marians Cricket Club,T Amarasinghe,H Jayasundara,KN Peiris,0,0,,,,,,"",""
ball,3,5.6,Chilaw Marians Cricket Club,T Amarasinghe,H Jayasundara,KN Peiris,0,0,,,,,,"",""
ball,3,6.1,Chilaw Marians Cricket Club,H Jayasundara,T Amarasinghe,AM Fernando,1,0,,,,,,"",""
ball,3,6.2,Chilaw Marians Cricket Club,T Amarasinghe,H Jayasundara,AM Fernando,0,0,,,,,,"",""
ball,3,6.3,Chilaw Marians Cricket Club,T Amarasinghe,H Jayasundara,AM Fernando,0,0,,,,,,"",""
ball,3,6.4,Chilaw Marians Cricket Club,T Amarasinghe,H Jayasundara,AM Fernando,0,0,,,,,,"",""
ball,3,6.5,Chilaw Marians Cricket Club,T Amarasinghe,H Jayasundara,AM Fernando,1,0,,,,,,"",""
ball,3,6.6,Chilaw Marians Cricket Club,H Jayasundara,T Amarasinghe,AM Fernando,2,0,,,,,,"",""
ball,3,7.1,Chilaw Marians Cricket Club,T Amarasinghe,H Jayasundara,KN Peiris,1,0,,,,,,"",""
ball,3,7.2,Chilaw Marians Cricket Club,H Jayasundara,T Amarasinghe,KN Peiris,0,0,,,,,,"",""
ball,3,7.3,Chilaw Marians Cricket Club,H Jayasundara,T Amarasinghe,KN Peiris,3,0,,,,,,"",""
ball,3,7.4,Chilaw Marians Cricket Club,T Amarasinghe,H Jayasundara,KN Peiris,0,0,,,,,,"",""
ball,3,7.5,Chilaw Marians Cricket Club,T Amarasinghe,H Jayasundara,KN Peiris,0,0,,,,,,"",""
ball,3,7.6,Chilaw Marians Cricket Club,T Amarasinghe,H Jayasundara,KN Peiris,0,0,,,,,,"",""
ball,3,8.1,Chilaw Marians Cricket Club,H Jayasundara,T Amarasinghe,AM Fernando,0,0,,,,,,"",""
ball,3,8.2,Chilaw Marians Cricket Club,H Jayasundara,T Amarasinghe,AM Fernando,0,0,,,,,,"",""
ball,3,8.3,Chilaw Marians Cricket Club,H Jayasundara,T Amarasinghe,AM Fernando,1,0,,,,,,"",""
ball,3,8.4,Chilaw Marians Cricket Club,T Amarasinghe,H Jayasundara,AM Fernando,0,0,,,,,,"",""
ball,3,8.5,Chilaw Marians Cricket Club,T Amarasinghe,H Jayasundara,AM Fernando,0,0,,,,,,"",""
ball,3,8.6,Chilaw Marians Cricket Club,T Amarasinghe,H Jayasundara,AM Fernando,0,0,,,,,,"",""
ball,3,9.1,Chilaw Marians Cricket Club,H Jayasundara,T Amarasinghe,KN Peiris,0,0,,,,,,"",""
ball,3,9.2,Chilaw Marians Cricket Club,H Jayasundara,T Amarasinghe,KN Peiris,0,0,,,,,,"",""
ball,3,9.3,Chilaw Marians Cricket Club,H Jayasundara,T Amarasinghe,KN Peiris,0,0,,,,,,"",""
ball,3,9.4,Chilaw Marians Cricket Club,H Jayasundara,T Amarasinghe,KN Peiris,0,0,,,,,,"",""
ball,3,9.5,Chilaw Marians Cricket Club,H Jayasundara,T Amarasinghe,KN Peiris,1,0,,,,,,"",""
ball,3,9.6,Chilaw Marians Cricket Club,T Amarasinghe,H Jayasundara,KN Peiris,0,0,,,,,,"",""
ball,3,10.1,Chilaw Marians Cricket Club,H Jayasundara,T Amarasinghe,AM Fernando,0,0,,,,,,"",""
ball,3,10.2,Chilaw Marians Cricket Club,H Jayasundara,T Amarasinghe,AM Fernando,1,0,,,,,,"",""
ball,3,10.3,Chilaw Marians Cricket Club,T Amarasinghe,H Jayasundara,AM Fernando,1,0,,,,,,"",""
ball,3,10.4,Chilaw Marians Cricket Club,H Jayasundara,T Amarasinghe,AM Fernando,0,0,,,,,,"",""
ball,3,10.5,Chilaw Marians Cricket Club,H Jayasundara,T Amarasinghe,AM Fernando,0,0,,,,,,"",""
ball,3,10.6,Chilaw Marians Cricket Club,H Jayasundara,T Amarasinghe,AM Fernando,2,0,,,,,,"",""
ball,3,11.1,Chilaw Marians Cricket Club,T Amarasinghe,H Jayasundara,KN Peiris,0,0,,,,,,"",""
ball,3,11.2,Chilaw Marians Cricket Club,T Amarasinghe,H Jayasundara,KN Peiris,0,0,,,,,,"",""
ball,3,11.3,Chilaw Marians Cricket Club,T Amarasinghe,H Jayasundara,KN Peiris,1,0,,,,,,"",""
ball,3,11.4,Chilaw Marians Cricket Club,H Jayasundara,T Amarasinghe,KN Peiris,0,0,,,,,,"",""
ball,3,11.5,Chilaw Marians Cricket Club,H Jayasundara,T Amarasinghe,KN Peiris,1,0,,,,,,"",""
ball,3,11.6,Chilaw Marians Cricket Club,T Amarasinghe,H Jayasundara,KN Peiris,0,0,,,,,,"",""
ball,3,12.1,Chilaw Marians Cricket Club,H Jayasundara,T Amarasinghe,GS Dinusha,0,0,,,,,,"",""
ball,3,12.2,Chilaw Marians Cricket Club,H Jayasundara,T Amarasinghe,GS Dinusha,1,0,,,,,,"",""
ball,3,12.3,Chilaw Marians Cricket Club,T Amarasinghe,H Jayasundara,GS Dinusha,4,0,,,,,,"",""
ball,3,12.4,Chilaw Marians Cricket Club,T Amarasinghe,H Jayasundara,GS Dinusha,0,0,,,,,,"",""
ball,3,12.5,Chilaw Marians Cricket Club,T Amarasinghe,H Jayasundara,GS Dinusha,1,0,,,,,,"",""
ball,3,12.6,Chilaw Marians Cricket Club,H Jayasundara,T Amarasinghe,GS Dinusha,0,0,,,,,,"",""
ball,3,13.1,Chilaw Marians Cricket Club,T Amarasinghe,H Jayasundara,KN Peiris,0,0,,,,,,"",""
ball,3,13.2,Chilaw Marians Cricket Club,T Amarasinghe,H Jayasundara,KN Peiris,1,0,,,,,,"",""
ball,3,13.3,Chilaw Marians Cricket Club,H Jayasundara,T Amarasinghe,KN Peiris,0,0,,,,,,"",""
ball,3,13.4,Chilaw Marians Cricket Club,H Jayasundara,T Amarasinghe,KN Peiris,4,0,,,,,,"",""
ball,3,13.5,Chilaw Marians Cricket Club,H Jayasundara,T Amarasinghe,KN Peiris,0,0,,,,,,"",""
ball,3,13.6,Chilaw Marians Cricket Club,H Jayasundara,T Amarasinghe,KN Peiris,0,0,,,,,,"",""
ball,3,14.1,Chilaw Marians Cricket Club,T Amarasinghe,H Jayasundara,GS Dinusha,6,0,,,,,,"",""
ball,3,14.2,Chilaw Marians Cricket Club,T Amarasinghe,H Jayasundara,GS Dinusha,0,0,,,,,,"",""
ball,3,14.3,Chilaw Marians Cricket Club,T Amarasinghe,H Jayasundara,GS Dinusha,0,0,,,,,,"",""
ball,3,14.4,Chilaw Marians Cricket Club,T Amarasinghe,H Jayasundara,GS Dinusha,0,0,,,,,,"",""
ball,3,14.5,Chilaw Marians Cricket Club,T Amarasinghe,H Jayasundara,GS Dinusha,1,0,,,,,,"",""
ball,3,14.6,Chilaw Marians Cricket Club,H Jayasundara,T Amarasinghe,GS Dinusha,0,0,,,,,,"",""
ball,3,15.1,Chilaw Marians Cricket Club,T Amarasinghe,H Jayasundara,KN Peiris,0,0,,,,,,"",""
ball,3,15.2,Chilaw Marians Cricket Club,T Amarasinghe,H Jayasundara,KN Peiris,1,0,,,,,,"",""
ball,3,15.3,Chilaw Marians Cricket Club,H Jayasundara,T Amarasinghe,KN Peiris,2,0,,,,,,"",""
ball,3,15.4,Chilaw Marians Cricket Club,H Jayasundara,T Amarasinghe,KN Peiris,0,0,,,,,,"",""
ball,3,15.5,Chilaw Marians Cricket Club,H Jayasundara,T Amarasinghe,KN Peiris,0,0,,,,,,"",""
ball,3,15.6,Chilaw Marians Cricket Club,H Jayasundara,T Amarasinghe,KN Peiris,0,0,,,,,,"",""
ball,3,16.1,Chilaw Marians Cricket Club,T Amarasinghe,H Jayasundara,GS Dinusha,0,0,,,,,,"",""
ball,3,16.2,Chilaw Marians Cricket Club,T Amarasinghe,H Jayasundara,GS Dinusha,4,0,,,,,,"",""
ball,3,16.3,Chilaw Marians Cricket Club,T Amarasinghe,H Jayasundara,GS Dinusha,0,0,,,,,,"",""
ball,3,16.4,Chilaw Marians Cricket Club,T Amarasinghe,H Jayasundara,GS Dinusha,0,0,,,,,,"",""
ball,3,16.5,Chilaw Marians Cricket Club,T Amarasinghe,H Jayasundara,GS Dinusha,1,0,,,,,,"",""
ball,3,16.6,Chilaw Marians Cricket Club,H Jayasundara,T Amarasinghe,GS Dinusha,4,0,,,,,,"",""
ball,3,17.1,Chilaw Marians Cricket Club,T Amarasinghe,H Jayasundara,KN Peiris,1,0,,,,,,"",""
ball,3,17.2,Chilaw Marians Cricket Club,H Jayasundara,T Amarasinghe,KN Peiris,1,0,,,,,,"",""
ball,3,17.3,Chilaw Marians Cricket Club,T Amarasinghe,H Jayasundara,KN Peiris,0,0,,,,,,"",""
ball,3,17.4,Chilaw Marians Cricket Club,T Amarasinghe,H Jayasundara,KN Peiris,0,0,,,,,,"",""
ball,3,17.5,Chilaw Marians Cricket Club,T Amarasinghe,H Jayasundara,KN Peiris,0,0,,,,,,"",""
ball,3,17.6,Chilaw Marians Cricket Club,T Amarasinghe,H Jayasundara,KN Peiris,1,0,,,,,,"",""
ball,3,18.1,Chilaw Marians Cricket Club,T Amarasinghe,H Jayasundara,GS Dinusha,0,0,,,,,,lbw,T Amarasinghe
ball,3,18.2,Chilaw Marians Cricket Club,Sammu Ashan,H Jayasundara,GS Dinusha,0,0,,,,,,"",""
ball,3,18.3,Chilaw Marians Cricket Club,Sammu Ashan,H Jayasundara,GS Dinusha,1,0,,,,,,"",""
ball,3,18.4,Chilaw Marians Cricket Club,H Jayasundara,Sammu Ashan,GS Dinusha,0,0,,,,,,"",""
ball,3,18.5,Chilaw Marians Cricket Club,H Jayasundara,Sammu Ashan,GS Dinusha,0,0,,,,,,"",""
ball,3,18.6,Chilaw Marians Cricket Club,H Jayasundara,Sammu Ashan,GS Dinusha,0,0,,,,,,"",""
ball,3,19.1,Chilaw Marians Cricket Club,Sammu Ashan,H Jayasundara,KN Peiris,0,0,,,,,,"",""
ball,3,19.2,Chilaw Marians Cricket Club,Sammu Ashan,H Jayasundara,KN Peiris,1,0,,,,,,"",""
ball,3,19.3,Chilaw Marians Cricket Club,H Jayasundara,Sammu Ashan,KN Peiris,0,0,,,,,,"",""
ball,3,19.4,Chilaw Marians Cricket Club,H Jayasundara,Sammu Ashan,KN Peiris,0,0,,,,,,"",""
ball,3,19.5,Chilaw Marians Cricket Club,H Jayasundara,Sammu Ashan,KN Peiris,0,0,,,,,,"",""
ball,3,19.6,Chilaw Marians Cricket Club,H Jayasundara,Sammu Ashan,KN Peiris,0,0,,,,,,"",""
ball,3,20.1,Chilaw Marians Cricket Club,Sammu Ashan,H Jayasundara,GS Dinusha,1,0,,,,,,"",""
ball,3,20.2,Chilaw Marians Cricket Club,H Jayasundara,Sammu Ashan,GS Dinusha,0,0,,,,,,"",""
ball,3,20.3,Chilaw Marians Cricket Club,H Jayasundara,Sammu Ashan,GS Dinusha,0,0,,,,,,"",""
ball,3,20.4,Chilaw Marians Cricket Club,H Jayasundara,Sammu Ashan,GS Dinusha,0,0,,,,,,"",""
ball,3,20.5,Chilaw Marians Cricket Club,H Jayasundara,Sammu Ashan,GS Dinusha,0,0,,,,,,"",""
ball,3,20.6,Chilaw Marians Cricket Club,H Jayasundara,Sammu Ashan,GS Dinusha,0,0,,,,,,"",""
ball,3,21.1,Chilaw Marians Cricket Club,Sammu Ashan,H Jayasundara,KN Peiris,1,0,,,,,,"",""
ball,3,21.2,Chilaw Marians Cricket Club,H Jayasundara,Sammu Ashan,KN Peiris,0,0,,,,,,"",""
ball,3,21.3,Chilaw Marians Cricket Club,H Jayasundara,Sammu Ashan,KN Peiris,0,0,,,,,,"",""
ball,3,21.4,Chilaw Marians Cricket Club,H Jayasundara,Sammu Ashan,KN Peiris,0,0,,,,,,"",""
ball,3,21.5,Chilaw Marians Cricket Club,H Jayasundara,Sammu Ashan,KN Peiris,4,0,,,,,,"",""
ball,3,21.6,Chilaw Marians Cricket Club,H Jayasundara,Sammu Ashan,KN Peiris,0,0,,,,,,"",""
ball,3,22.1,Chilaw Marians Cricket Club,Sammu Ashan,H Jayasundara,C Wijesinghe,4,0,,,,,,"",""
ball,3,22.2,Chilaw Marians Cricket Club,Sammu Ashan,H Jayasundara,C Wijesinghe,0,0,,,,,,"",""
ball,3,22.3,Chilaw Marians Cricket Club,Sammu Ashan,H Jayasundara,C Wijesinghe,4,0,,,,,,"",""
ball,3,22.4,Chilaw Marians Cricket Club,Sammu Ashan,H Jayasundara,C Wijesinghe,1,0,,,,,,"",""
ball,3,22.5,Chilaw Marians Cricket Club,H Jayasundara,Sammu Ashan,C Wijesinghe,0,0,,,,,,"",""
ball,3,22.6,Chilaw Marians Cricket Club,H Jayasundara,Sammu Ashan,C Wijesinghe,4,0,,,,,,"",""
ball,3,23.1,Chilaw Marians Cricket Club,Sammu Ashan,H Jayasundara,KN Peiris,0,0,,,,,,"",""
ball,3,23.2,Chilaw Marians Cricket Club,Sammu Ashan,H Jayasundara,KN Peiris,0,0,,,,,,"",""
ball,3,23.3,Chilaw Marians Cricket Club,Sammu Ashan,H Jayasundara,KN Peiris,0,0,,,,,,"",""
ball,3,23.4,Chilaw Marians Cricket Club,Sammu Ashan,H Jayasundara,KN Peiris,0,0,,,,,,"",""
ball,3,23.5,Chilaw Marians Cricket Club,Sammu Ashan,H Jayasundara,KN Peiris,0,0,,,,,,caught,Sammu Ashan
ball,3,23.6,Chilaw Marians Cricket Club,KVA Adikari,H Jayasundara,KN Peiris,0,0,,,,,,"",""
ball,3,24.1,Chilaw Marians Cricket Club,H Jayasundara,KVA Adikari,C Wijesinghe,0,0,,,,,,"",""
ball,3,24.2,Chilaw Marians Cricket Club,H Jayasundara,KVA Adikari,C Wijesinghe,1,0,,,,,,"",""
ball,3,24.3,Chilaw Marians Cricket Club,KVA Adikari,H Jayasundara,C Wijesinghe,0,0,,,,,,"",""
ball,3,24.4,Chilaw Marians Cricket Club,KVA Adikari,H Jayasundara,C Wijesinghe,0,0,,,,,,"",""
ball,3,24.5,Chilaw Marians Cricket Club,KVA Adikari,H Jayasundara,C Wijesinghe,0,0,,,,,,"",""
ball,3,24.6,Chilaw Marians Cricket Club,KVA Adikari,H Jayasundara,C Wijesinghe,0,0,,,,,,"",""
ball,3,25.1,Chilaw Marians Cricket Club,H Jayasundara,KVA Adikari,KN Peiris,0,0,,,,,,"",""
ball,3,25.2,Chilaw Marians Cricket Club,H Jayasundara,KVA Adikari,KN Peiris,0,0,,,,,,"",""
ball,3,25.3,Chilaw Marians Cricket Club,H Jayasundara,KVA Adikari,KN Peiris,4,0,,,,,,"",""
ball,3,25.4,Chilaw Marians Cricket Club,H Jayasundara,KVA Adikari,KN Peiris,0,0,,,,,,"",""
ball,3,25.5,Chilaw Marians Cricket Club,H Jayasundara,KVA Adikari,KN Peiris,0,0,,,,,,"",""
ball,3,25.6,Chilaw Marians Cricket Club,H Jayasundara,KVA Adikari,KN Peiris,1,0,,,,,,"",""
ball,3,26.1,Chilaw Marians Cricket Club,H Jayasundara,KVA Adikari,C Wijesinghe,4,0,,,,,,"",""
ball,3,26.2,Chilaw Marians Cricket Club,H Jayasundara,KVA Adikari,C Wijesinghe,0,0,,,,,,"",""
ball,3,26.3,Chilaw Marians Cricket Club,H Jayasundara,KVA Adikari,C Wijesinghe,0,0,,,,,,"",""
ball,3,26.4,Chilaw Marians Cricket Club,H Jayasundara,KVA Adikari,C Wijesinghe,0,0,,,,,,"",""
ball,3,26.5,Chilaw Marians Cricket Club,H Jayasundara,KVA Adikari,C Wijesinghe,0,1,,1,,,,"",""
ball,3,26.6,Chilaw Marians Cricket Club,H Jayasundara,KVA Adikari,C Wijesinghe,0,0,,,,,,"",""
ball,3,26.7,Chilaw Marians Cricket Club,H Jayasundara,KVA Adikari,C Wijesinghe,0,1,,,1,,,"",""
ball,3,27.1,Chilaw Marians Cricket Club,H Jayasundara,KVA Adikari,KN Peiris,2,0,,,,,,"",""
ball,3,27.2,Chilaw Marians Cricket Club,H Jayasundara,KVA Adikari,KN Peiris,0,0,,,,,,caught,H Jayasundara
ball,3,27.3,Chilaw Marians Cricket Club,S Liyanage,KVA Adikari,KN Peiris,0,0,,,,,,"",""
ball,3,27.4,Chilaw Marians Cricket Club,S Liyanage,KVA Adikari,KN Peiris,1,0,,,,,,"",""
ball,3,27.5,Chilaw Marians Cricket Club,KVA Adikari,S Liyanage,KN Peiris,0,0,,,,,,"",""
ball,3,27.6,Chilaw Marians Cricket Club,KVA Adikari,S Liyanage,KN Peiris,1,0,,,,,,"",""
ball,3,28.1,Chilaw Marians Cricket Club,KVA Adikari,S Liyanage,GS Dinusha,0,0,,,,,,"",""
ball,3,28.2,Chilaw Marians Cricket Club,KVA Adikari,S Liyanage,GS Dinusha,0,0,,,,,,"",""
ball,3,28.3,Chilaw Marians Cricket Club,KVA Adikari,S Liyanage,GS Dinusha,0,0,,,,,,"",""
ball,3,28.4,Chilaw Marians Cricket Club,KVA Adikari,S Liyanage,GS Dinusha,0,0,,,,,,"",""
ball,3,28.5,Chilaw Marians Cricket Club,KVA Adikari,S Liyanage,GS Dinusha,1,0,,,,,,"",""
ball,3,28.6,Chilaw Marians Cricket Club,S Liyanage,KVA Adikari,GS Dinusha,0,0,,,,,,"",""
ball,3,29.1,Chilaw Marians Cricket Club,KVA Adikari,S Liyanage,KN Peiris,0,0,,,,,,"",""
ball,3,29.2,Chilaw Marians Cricket Club,KVA Adikari,S Liyanage,KN Peiris,0,0,,,,,,"",""
ball,3,29.3,Chilaw Marians Cricket Club,KVA Adikari,S Liyanage,KN Peiris,0,0,,,,,,"",""
ball,3,29.4,Chilaw Marians Cricket Club,KVA Adikari,S Liyanage,KN Peiris,0,0,,,,,,"",""
ball,3,29.5,Chilaw Marians Cricket Club,KVA Adikari,S Liyanage,KN Peiris,0,0,,,,,,"",""
ball,3,29.6,Chilaw Marians Cricket Club,KVA Adikari,S Liyanage,KN Peiris,0,0,,,,,,"",""
ball,3,30.1,Chilaw Marians Cricket Club,S Liyanage,KVA Adikari,GS Dinusha,0,0,,,,,,"",""
ball,3,30.2,Chilaw Marians Cricket Club,S Liyanage,KVA Adikari,GS Dinusha,0,0,,,,,,"",""
ball,3,30.3,Chilaw Marians Cricket Club,S Liyanage,KVA Adikari,GS Dinusha,4,0,,,,,,"",""
ball,3,30.4,Chilaw Marians Cricket Club,S Liyanage,KVA Adikari,GS Dinusha,0,0,,,,,,"",""
ball,3,30.5,Chilaw Marians Cricket Club,S Liyanage,KVA Adikari,GS Dinusha,0,0,,,,,,"",""
ball,3,30.6,Chilaw Marians Cricket Club,S Liyanage,KVA Adikari,GS Dinusha,0,0,,,,,,"",""
ball,3,31.1,Chilaw Marians Cricket Club,KVA Adikari,S Liyanage,KN Peiris,0,0,,,,,,"",""
ball,3,31.2,Chilaw Marians Cricket Club,KVA Adikari,S Liyanage,KN Peiris,1,0,,,,,,"",""
ball,3,31.3,Chilaw Marians Cricket Club,S Liyanage,KVA Adikari,KN Peiris,0,0,,,,,,"",""
ball,3,31.4,Chilaw Marians Cricket Club,S Liyanage,KVA Adikari,KN Peiris,0,0,,,,,,"",""
ball,3,31.5,Chilaw Marians Cricket Club,S Liyanage,KVA Adikari,KN Peiris,0,0,,,,,,"",""
ball,3,31.6,Chilaw Marians Cricket Club,S Liyanage,KVA Adikari,KN Peiris,0,0,,,,,,"",""
ball,3,32.1,Chilaw Marians Cricket Club,KVA Adikari,S Liyanage,GS Dinusha,1,0,,,,,,"",""
ball,3,32.2,Chilaw Marians Cricket Club,S Liyanage,KVA Adikari,GS Dinusha,0,0,,,,,,bowled,S Liyanage
ball,3,32.3,Chilaw Marians Cricket Club,ST de Silva,KVA Adikari,GS Dinusha,6,0,,,,,,"",""
ball,3,32.4,Chilaw Marians Cricket Club,ST de Silva,KVA Adikari,GS Dinusha,0,0,,,,,,"",""
ball,3,32.5,Chilaw Marians Cricket Club,ST de Silva,KVA Adikari,GS Dinusha,0,0,,,,,,"",""
ball,3,32.6,Chilaw Marians Cricket Club,ST de Silva,KVA Adikari,GS Dinusha,0,0,,,,,,"",""
ball,3,33.1,Chilaw Marians Cricket Club,KVA Adikari,ST de Silva,AM Fernando,0,0,,,,,,"",""
ball,3,33.2,Chilaw Marians Cricket Club,KVA Adikari,ST de Silva,AM Fernando,0,0,,,,,,"",""
ball,3,33.3,Chilaw Marians Cricket Club,KVA Adikari,ST de Silva,AM Fernando,4,0,,,,,,"",""
ball,3,33.4,Chilaw Marians Cricket Club,KVA Adikari,ST de Silva,AM Fernando,1,0,,,,,,"",""
ball,3,33.5,Chilaw Marians Cricket Club,ST de Silva,KVA Adikari,AM Fernando,0,0,,,,,,"",""
ball,3,33.6,Chilaw Marians Cricket Club,ST de Silva,KVA Adikari,AM Fernando,4,0,,,,,,"",""
ball,3,34.1,Chilaw Marians Cricket Club,KVA Adikari,ST de Silva,GS Dinusha,0,0,,,,,,"",""
ball,3,34.2,Chilaw Marians Cricket Club,KVA Adikari,ST de Silva,GS Dinusha,0,0,,,,,,"",""
ball,3,34.3,Chilaw Marians Cricket Club,KVA Adikari,ST de Silva,GS Dinusha,0,0,,,,,,"",""
ball,3,34.4,Chilaw Marians Cricket Club,KVA Adikari,ST de Silva,GS Dinusha,0,0,,,,,,"",""
ball,3,34.5,Chilaw Marians Cricket Club,KVA Adikari,ST de Silva,GS Dinusha,0,0,,,,,,"",""
ball,3,34.6,Chilaw Marians Cricket Club,KVA Adikari,ST de Silva,GS Dinusha,0,0,,,,,,"",""
ball,3,35.1,Chilaw Marians Cricket Club,ST de Silva,KVA Adikari,AM Fernando,0,0,,,,,,"",""
ball,3,35.2,Chilaw Marians Cricket Club,ST de Silva,KVA Adikari,AM Fernando,0,0,,,,,,caught,ST de Silva
ball,3,35.3,Chilaw Marians Cricket Club,C de Silva,KVA Adikari,AM Fernando,0,0,,,,,,"",""
ball,3,35.4,Chilaw Marians Cricket Club,C de Silva,KVA Adikari,AM Fernando,0,0,,,,,,"",""
ball,3,35.5,Chilaw Marians Cricket Club,C de Silva,KVA Adikari,AM Fernando,0,0,,,,,,"",""
ball,3,35.6,Chilaw Marians Cricket Club,C de Silva,KVA Adikari,AM Fernando,0,0,,,,,,"",""
ball,3,36.1,Chilaw Marians Cricket Club,KVA Adikari,C de Silva,GS Dinusha,0,0,,,,,,"",""
ball,3,36.2,Chilaw Marians Cricket Club,KVA Adikari,C de Silva,GS Dinusha,0,0,,,,,,"",""
ball,3,36.3,Chilaw Marians Cricket Club,KVA Adikari,C de Silva,GS Dinusha,0,0,,,,,,"",""
ball,3,36.4,Chilaw Marians Cricket Club,KVA Adikari,C de Silva,GS Dinusha,1,0,,,,,,"",""
ball,3,36.5,Chilaw Marians Cricket Club,C de Silva,KVA Adikari,GS Dinusha,0,0,,,,,,"",""
ball,3,36.6,Chilaw Marians Cricket Club,C de Silva,KVA Adikari,GS Dinusha,0,0,,,,,,"",""
ball,3,37.1,Chilaw Marians Cricket Club,KVA Adikari,C de Silva,AM Fernando,0,0,,,,,,"",""
ball,3,37.2,Chilaw Marians Cricket Club,KVA Adikari,C de Silva,AM Fernando,0,0,,,,,,"",""
ball,3,37.3,Chilaw Marians Cricket Club,KVA Adikari,C de Silva,AM Fernando,0,0,,,,,,"",""
ball,3,37.4,Chilaw Marians Cricket Club,KVA Adikari,C de Silva,AM Fernando,0,0,,,,,,"",""
ball,3,37.5,Chilaw Marians Cricket Club,KVA Adikari,C de Silva,AM Fernando,0,0,,,,,,"",""
ball,3,37.6,Chilaw Marians Cricket Club,KVA Adikari,C de Silva,AM Fernando,0,0,,,,,,"",""
ball,3,38.1,Chilaw Marians Cricket Club,C de Silva,KVA Adikari,C Wijesinghe,0,0,,,,,,"",""
ball,3,38.2,Chilaw Marians Cricket Club,C de Silva,KVA Adikari,C Wijesinghe,0,0,,,,,,"",""
ball,3,38.3,Chilaw Marians Cricket Club,C de Silva,KVA Adikari,C Wijesinghe,4,0,,,,,,"",""
ball,3,38.4,Chilaw Marians Cricket Club,C de Silva,KVA Adikari,C Wijesinghe,0,0,,,,,,"",""
ball,3,38.5,Chilaw Marians Cricket Club,C de Silva,KVA Adikari,C Wijesinghe,1,0,,,,,,"",""
ball,3,38.6,Chilaw Marians Cricket Club,KVA Adikari,C de Silva,C Wijesinghe,0,0,,,,,,"",""
ball,3,39.1,Chilaw Marians Cricket Club,C de Silva,KVA Adikari,AM Fernando,1,0,,,,,,"",""
ball,3,39.2,Chilaw Marians Cricket Club,KVA Adikari,C de Silva,AM Fernando,0,0,,,,,,"",""
ball,3,39.3,Chilaw Marians Cricket Club,KVA Adikari,C de Silva,AM Fernando,0,0,,,,,,"",""
ball,3,39.4,Chilaw Marians Cricket Club,KVA Adikari,C de Silva,AM Fernando,0,0,,,,,,"",""
ball,3,39.5,Chilaw Marians Cricket Club,KVA Adikari,C de Silva,AM Fernando,0,0,,,,,,"",""
ball,3,39.6,Chilaw Marians Cricket Club,KVA Adikari,C de Silva,AM Fernando,0,0,,,,,,"",""
ball,3,40.1,Chilaw Marians Cricket Club,C de Silva,KVA Adikari,C Wijesinghe,4,0,,,,,,"",""
ball,3,40.2,Chilaw Marians Cricket Club,C de Silva,KVA Adikari,C Wijesinghe,1,0,,,,,,"",""
ball,3,40.3,Chilaw Marians Cricket Club,KVA Adikari,C de Silva,C Wijesinghe,0,0,,,,,,"",""
ball,3,40.4,Chilaw Marians Cricket Club,KVA Adikari,C de Silva,C Wijesinghe,0,0,,,,,,"",""
ball,3,40.5,Chilaw Marians Cricket Club,KVA Adikari,C de Silva,C Wijesinghe,0,0,,,,,,"",""
ball,3,40.6,Chilaw Marians Cricket Club,KVA Adikari,C de Silva,C Wijesinghe,1,0,,,,,,"",""
ball,3,41.1,Chilaw Marians Cricket Club,KVA Adikari,C de Silva,KN Peiris,1,0,,,,,,"",""
ball,3,41.2,Chilaw Marians Cricket Club,C de Silva,KVA Adikari,KN Peiris,0,0,,,,,,"",""
ball,3,41.3,Chilaw Marians Cricket Club,C de Silva,KVA Adikari,KN Peiris,0,0,,,,,,stumped,C de Silva
ball,3,41.4,Chilaw Marians Cricket Club,NH Atharagalla,KVA Adikari,KN Peiris,0,0,,,,,,"",""
ball,3,41.5,Chilaw Marians Cricket Club,NH Atharagalla,KVA Adikari,KN Peiris,0,0,,,,,,"",""
ball,3,41.6,Chilaw Marians Cricket Club,NH Atharagalla,KVA Adikari,KN Peiris,2,0,,,,,,"",""
ball,3,42.1,Chilaw Marians Cricket Club,KVA Adikari,NH Atharagalla,C Wijesinghe,0,0,,,,,,"",""
ball,3,42.2,Chilaw Marians Cricket Club,KVA Adikari,NH Atharagalla,C Wijesinghe,0,0,,,,,,"",""
ball,3,42.3,Chilaw Marians Cricket Club,KVA Adikari,NH Atharagalla,C Wijesinghe,0,0,,,,,,"",""
ball,3,42.4,Chilaw Marians Cricket Club,KVA Adikari,NH Atharagalla,C Wijesinghe,0,0,,,,,,"",""
ball,3,42.5,Chilaw Marians Cricket Club,KVA Adikari,NH Atharagalla,C Wijesinghe,0,0,,,,,,"",""
ball,3,42.6,Chilaw Marians Cricket Club,KVA Adikari,NH Atharagalla,C Wijesinghe,1,0,,,,,,"",""
ball,3,43.1,Chilaw Marians Cricket Club,KVA Adikari,NH Atharagalla,KN Peiris,1,0,,,,,,"",""
ball,3,43.2,Chilaw Marians Cricket Club,NH Atharagalla,KVA Adikari,KN Peiris,2,0,,,,,,"",""
ball,3,43.3,Chilaw Marians Cricket Club,NH Atharagalla,KVA Adikari,KN Peiris,0,0,,,,,,"",""
ball,3,43.4,Chilaw Marians Cricket Club,NH Atharagalla,KVA Adikari,KN Peiris,0,0,,,,,,"",""
ball,3,43.5,Chilaw Marians Cricket Club,NH Atharagalla,KVA Adikari,KN Peiris,0,0,,,,,,"",""
ball,3,43.6,Chilaw Marians Cricket Club,NH Atharagalla,KVA Adikari,KN Peiris,0,0,,,,,,"",""
ball,3,44.1,Chilaw Marians Cricket Club,KVA Adikari,NH Atharagalla,P Rathnayake,0,0,,,,,,"",""
ball,3,44.2,Chilaw Marians Cricket Club,KVA Adikari,NH Atharagalla,P Rathnayake,1,0,,,,,,"",""
ball,3,44.3,Chilaw Marians Cricket Club,NH Atharagalla,KVA Adikari,P Rathnayake,0,0,,,,,,"",""
ball,3,44.4,Chilaw Marians Cricket Club,NH Atharagalla,KVA Adikari,P Rathnayake,0,0,,,,,,"",""
ball,3,44.5,Chilaw Marians Cricket Club,NH Atharagalla,KVA Adikari,P Rathnayake,0,0,,,,,,"",""
ball,3,44.6,Chilaw Marians Cricket Club,NH Atharagalla,KVA Adikari,P Rathnayake,0,0,,,,,,"",""
ball,3,45.1,Chilaw Marians Cricket Club,KVA Adikari,NH Atharagalla,KN Peiris,0,0,,,,,,"",""
ball,3,45.2,Chilaw Marians Cricket Club,KVA Adikari,NH Atharagalla,KN Peiris,1,0,,,,,,"",""
ball,3,45.3,Chilaw Marians Cricket Club,NH Atharagalla,KVA Adikari,KN Peiris,0,0,,,,,,"",""
ball,3,45.4,Chilaw Marians Cricket Club,NH Atharagalla,KVA Adikari,KN Peiris,0,0,,,,,,"",""
ball,3,45.5,Chilaw Marians Cricket Club,NH Atharagalla,KVA Adikari,KN Peiris,0,0,,,,,,"",""
ball,3,45.6,Chilaw Marians Cricket Club,NH Atharagalla,KVA Adikari,KN Peiris,0,0,,,,,,"",""
ball,3,46.1,Chilaw Marians Cricket Club,KVA Adikari,NH Atharagalla,C Wijesinghe,0,0,,,,,,"",""
ball,3,46.2,Chilaw Marians Cricket Club,KVA Adikari,NH Atharagalla,C Wijesinghe,0,0,,,,,,"",""
ball,3,46.3,Chilaw Marians Cricket Club,KVA Adikari,NH Atharagalla,C Wijesinghe,0,0,,,,,,"",""
ball,3,46.4,Chilaw Marians Cricket Club,KVA Adikari,NH Atharagalla,C Wijesinghe,1,0,,,,,,"",""
ball,3,46.5,Chilaw Marians Cricket Club,NH Atharagalla,KVA Adikari,C Wijesinghe,0,0,,,,,,"",""
ball,3,46.6,Chilaw Marians Cricket Club,NH Atharagalla,KVA Adikari,C Wijesinghe,0,0,,,,,,"",""
ball,3,47.1,Chilaw Marians Cricket Club,KVA Adikari,NH Atharagalla,AM Fernando,0,0,,,,,,"",""
ball,3,47.2,Chilaw Marians Cricket Club,KVA Adikari,NH Atharagalla,AM Fernando,0,0,,,,,,"",""
ball,3,47.3,Chilaw Marians Cricket Club,KVA Adikari,NH Atharagalla,AM Fernando,0,0,,,,,,"",""
ball,3,47.4,Chilaw Marians Cricket Club,KVA Adikari,NH Atharagalla,AM Fernando,1,0,,,,,,"",""
ball,3,47.5,Chilaw Marians Cricket Club,NH Atharagalla,KVA Adikari,AM Fernando,0,0,,,,,,"",""
ball,3,47.6,Chilaw Marians Cricket Club,NH Atharagalla,KVA Adikari,AM Fernando,0,0,,,,,,"",""
ball,3,48.1,Chilaw Marians Cricket Club,KVA Adikari,NH Atharagalla,KN Peiris,1,0,,,,,,"",""
ball,3,48.2,Chilaw Marians Cricket Club,NH Atharagalla,KVA Adikari,KN Peiris,4,0,,,,,,"",""
ball,3,48.3,Chilaw Marians Cricket Club,NH Atharagalla,KVA Adikari,KN Peiris,0,0,,,,,,"",""
ball,3,48.4,Chilaw Marians Cricket Club,NH Atharagalla,KVA Adikari,KN Peiris,0,0,,,,,,"",""
ball,3,48.5,Chilaw Marians Cricket Club,NH Atharagalla,KVA Adikari,KN Peiris,0,0,,,,,,"",""
ball,3,48.6,Chilaw Marians Cricket Club,NH Atharagalla,KVA Adikari,KN Peiris,0,0,,,,,,"",""
ball,3,49.1,Chilaw Marians Cricket Club,KVA Adikari,NH Atharagalla,AM Fernando,0,0,,,,,,"",""
ball,3,49.2,Chilaw Marians Cricket Club,KVA Adikari,NH Atharagalla,AM Fernando,0,0,,,,,,"",""
ball,3,49.3,Chilaw Marians Cricket Club,KVA Adikari,NH Atharagalla,AM Fernando,0,0,,,,,,"",""
ball,3,49.4,Chilaw Marians Cricket Club,KVA Adikari,NH Atharagalla,AM Fernando,0,0,,,,,,"",""
ball,3,49.5,Chilaw Marians Cricket Club,KVA Adikari,NH Atharagalla,AM Fernando,0,1,1,,,,,"",""
ball,3,49.6,Chilaw Marians Cricket Club,KVA Adikari,NH Atharagalla,AM Fernando,0,0,,,,,,"",""
ball,3,49.7,Chilaw Marians Cricket Club,KVA Adikari,NH Atharagalla,AM Fernando,0,0,,,,,,"",""
ball,3,50.1,Chilaw Marians Cricket Club,NH Atharagalla,KVA Adikari,C Wijesinghe,0,0,,,,,,"",""
ball,3,50.2,Chilaw Marians Cricket Club,NH Atharagalla,KVA Adikari,C Wijesinghe,0,0,,,,,,"",""
ball,3,50.3,Chilaw Marians Cricket Club,NH Atharagalla,KVA Adikari,C Wijesinghe,0,0,,,,,,"",""
ball,3,50.4,Chilaw Marians Cricket Club,NH Atharagalla,KVA Adikari,C Wijesinghe,0,0,,,,,,"",""
ball,3,50.5,Chilaw Marians Cricket Club,NH Atharagalla,KVA Adikari,C Wijesinghe,0,0,,,,,,"",""
ball,3,50.6,Chilaw Marians Cricket Club,NH Atharagalla,KVA Adikari,C Wijesinghe,0,0,,,,,,"",""
ball,3,51.1,Chilaw Marians Cricket Club,KVA Adikari,NH Atharagalla,AM Fernando,0,0,,,,,,"",""
ball,3,51.2,Chilaw Marians Cricket Club,KVA Adikari,NH Atharagalla,AM Fernando,0,0,,,,,,"",""
ball,3,51.3,Chilaw Marians Cricket Club,KVA Adikari,NH Atharagalla,AM Fernando,0,0,,,,,,"",""
ball,3,51.4,Chilaw Marians Cricket Club,KVA Adikari,NH Atharagalla,AM Fernando,1,0,,,,,,"",""
ball,3,51.5,Chilaw Marians Cricket Club,NH Atharagalla,KVA Adikari,AM Fernando,0,0,,,,,,"",""
ball,3,51.6,Chilaw Marians Cricket Club,NH Atharagalla,KVA Adikari,AM Fernando,0,0,,,,,,"",""
ball,3,52.1,Chilaw Marians Cricket Club,KVA Adikari,NH Atharagalla,GS Dinusha,0,0,,,,,,"",""
ball,3,52.2,Chilaw Marians Cricket Club,KVA Adikari,NH Atharagalla,GS Dinusha,0,0,,,,,,"",""
ball,3,52.3,Chilaw Marians Cricket Club,KVA Adikari,NH Atharagalla,GS Dinusha,0,0,,,,,,"",""
ball,3,52.4,Chilaw Marians Cricket Club,KVA Adikari,NH Atharagalla,GS Dinusha,1,0,,,,,,"",""
ball,3,52.5,Chilaw Marians Cricket Club,NH Atharagalla,KVA Adikari,GS Dinusha,0,0,,,,,,"",""
ball,3,52.6,Chilaw Marians Cricket Club,NH Atharagalla,KVA Adikari,GS Dinusha,0,0,,,,,,"",""
ball,3,53.1,Chilaw Marians Cricket Club,KVA Adikari,NH Atharagalla,KN Peiris,0,0,,,,,,"",""
ball,3,53.2,Chilaw Marians Cricket Club,KVA Adikari,NH Atharagalla,KN Peiris,0,0,,,,,,"",""
ball,3,53.3,Chilaw Marians Cricket Club,KVA Adikari,NH Atharagalla,KN Peiris,0,0,,,,,,"",""
ball,3,53.4,Chilaw Marians Cricket Club,KVA Adikari,NH Atharagalla,KN Peiris,0,0,,,,,,"",""
ball,3,53.5,Chilaw Marians Cricket Club,KVA Adikari,NH Atharagalla,KN Peiris,0,0,,,,,,"",""
ball,3,53.6,Chilaw Marians Cricket Club,KVA Adikari,NH Atharagalla,KN Peiris,0,0,,,,,,"",""
ball,3,54.1,Chilaw Marians Cricket Club,NH Atharagalla,KVA Adikari,AM Fernando,0,0,,,,,,"",""
ball,3,54.2,Chilaw Marians Cricket Club,NH Atharagalla,KVA Adikari,AM Fernando,0,0,,,,,,"",""
ball,3,54.3,Chilaw Marians Cricket Club,NH Atharagalla,KVA Adikari,AM Fernando,3,0,,,,,,"",""
ball,3,54.4,Chilaw Marians Cricket Club,KVA Adikari,NH Atharagalla,AM Fernando,0,0,,,,,,"",""
ball,3,54.5,Chilaw Marians Cricket Club,KVA Adikari,NH Atharagalla,AM Fernando,0,0,,,,,,"",""
ball,3,54.6,Chilaw Marians Cricket Club,KVA Adikari,NH Atharagalla,AM Fernando,0,0,,,,,,"",""
ball,3,55.1,Chilaw Marians Cricket Club,NH Atharagalla,KVA Adikari,KN Peiris,0,0,,,,,,"",""
ball,3,55.2,Chilaw Marians Cricket Club,NH Atharagalla,KVA Adikari,KN Peiris,0,0,,,,,,"",""
ball,3,55.3,Chilaw Marians Cricket Club,NH Atharagalla,KVA Adikari,KN Peiris,0,0,,,,,,"",""
ball,3,55.4,Chilaw Marians Cricket Club,NH Atharagalla,KVA Adikari,KN Peiris,0,0,,,,,,"",""
ball,3,55.5,Chilaw Marians Cricket Club,NH Atharagalla,KVA Adikari,KN Peiris,0,0,,,,,,"",""
ball,3,55.6,Chilaw Marians Cricket Club,NH Atharagalla,KVA Adikari,KN Peiris,0,0,,,,,,"",""
ball,3,56.1,Chilaw Marians Cricket Club,KVA Adikari,NH Atharagalla,MVT Fernando,0,0,,,,,,"",""
ball,3,56.2,Chilaw Marians Cricket Club,KVA Adikari,NH Atharagalla,MVT Fernando,0,0,,,,,,"",""
ball,3,56.3,Chilaw Marians Cricket Club,KVA Adikari,NH Atharagalla,MVT Fernando,0,0,,,,,,"",""
ball,3,56.4,Chilaw Marians Cricket Club,KVA Adikari,NH Atharagalla,MVT Fernando,0,0,,,,,,"",""
ball,3,56.5,Chilaw Marians Cricket Club,KVA Adikari,NH Atharagalla,MVT Fernando,0,0,,,,,,"",""
ball,3,56.6,Chilaw Marians Cricket Club,KVA Adikari,NH Atharagalla,MVT Fernando,0,0,,,,,,"",""
ball,3,57.1,Chilaw Marians Cricket Club,NH Atharagalla,KVA Adikari,AM Fernando,1,0,,,,,,"",""
ball,3,57.2,Chilaw Marians Cricket Club,KVA Adikari,NH Atharagalla,AM Fernando,0,0,,,,,,"",""
ball,3,57.3,Chilaw Marians Cricket Club,KVA Adikari,NH Atharagalla,AM Fernando,0,0,,,,,,"",""
ball,3,57.4,Chilaw Marians Cricket Club,KVA Adikari,NH Atharagalla,AM Fernando,1,0,,,,,,"",""
ball,3,57.5,Chilaw Marians Cricket Club,NH Atharagalla,KVA Adikari,AM Fernando,0,0,,,,,,caught,NH Atharagalla
ball,3,57.6,Chilaw Marians Cricket Club,M Hasanka,KVA Adikari,AM Fernando,0,0,,,,,,"",""
ball,3,58.1,Chilaw Marians Cricket Club,KVA Adikari,M Hasanka,MVT Fernando,0,0,,,,,,"",""
ball,3,58.2,Chilaw Marians Cricket Club,KVA Adikari,M Hasanka,MVT Fernando,0,0,,,,,,"",""
ball,3,58.3,Chilaw Marians Cricket Club,KVA Adikari,M Hasanka,MVT Fernando,0,0,,,,,,"",""
ball,3,58.4,Chilaw Marians Cricket Club,KVA Adikari,M Hasanka,MVT Fernando,0,0,,,,,,"",""
ball,3,58.5,Chilaw Marians Cricket Club,KVA Adikari,M Hasanka,MVT Fernando,0,0,,,,,,"",""
ball,3,58.6,Chilaw Marians Cricket Club,KVA Adikari,M Hasanka,MVT Fernando,4,0,,,,,,"",""
ball,3,59.1,Chilaw Marians Cricket Club,M Hasanka,KVA Adikari,AM Fernando,0,0,,,,,,"",""
ball,3,59.2,Chilaw Marians Cricket Club,M Hasanka,KVA Adikari,AM Fernando,0,0,,,,,,"",""
ball,3,59.3,Chilaw Marians Cricket Club,M Hasanka,KVA Adikari,AM Fernando,0,0,,,,,,"",""
ball,3,59.4,Chilaw Marians Cricket Club,M Hasanka,KVA Adikari,AM Fernando,2,0,,,,,,"",""
ball,3,59.5,Chilaw Marians Cricket Club,M Hasanka,KVA Adikari,AM Fernando,0,0,,,,,,"",""
ball,3,59.6,Chilaw Marians Cricket Club,M Hasanka,KVA Adikari,AM Fernando,0,1,,1,,,,"",""
ball,3,59.7,Chilaw Marians Cricket Club,M Hasanka,KVA Adikari,AM Fernando,0,0,,,,,,caught,M Hasanka
ball,4,0.1,Colombo Cricket Club,KNM Fernando,L Croospulle,ST de Silva,0,0,,,,,,"",""
ball,4,0.2,Colombo Cricket Club,KNM Fernando,L Croospulle,ST de Silva,4,0,,,,,,"",""
ball,4,0.3,Colombo Cricket Club,KNM Fernando,L Croospulle,ST de Silva,4,0,,,,,,"",""
ball,4,0.4,Colombo Cricket Club,KNM Fernando,L Croospulle,ST de Silva,0,0,,,,,,"",""
ball,4,0.5,Colombo Cricket Club,KNM Fernando,L Croospulle,ST de Silva,0,0,,,,,,"",""
ball,4,0.6,Colombo Cricket Club,KNM Fernando,L Croospulle,ST de Silva,0,0,,,,,,"",""
ball,4,1.1,Colombo Cricket Club,L Croospulle,KNM Fernando,C de Silva,1,0,,,,,,"",""
ball,4,1.2,Colombo Cricket Club,KNM Fernando,L Croospulle,C de Silva,0,0,,,,,,"",""
ball,4,1.3,Colombo Cricket Club,KNM Fernando,L Croospulle,C de Silva,4,0,,,,,,"",""
ball,4,1.4,Colombo Cricket Club,KNM Fernando,L Croospulle,C de Silva,0,0,,,,,,"",""
ball,4,1.5,Colombo Cricket Club,KNM Fernando,L Croospulle,C de Silva,0,0,,,,,,"",""
ball,4,1.6,Colombo Cricket Club,KNM Fernando,L Croospulle,C de Silva,0,0,,,,,,"",""
ball,4,2.1,Colombo Cricket Club,L Croospulle,KNM Fernando,ST de Silva,0,0,,,,,,"",""
ball,4,2.2,Colombo Cricket Club,L Croospulle,KNM Fernando,ST de Silva,1,0,,,,,,"",""
ball,4,2.3,Colombo Cricket Club,KNM Fernando,L Croospulle,ST de Silva,0,0,,,,,,"",""
ball,4,2.4,Colombo Cricket Club,KNM Fernando,L Croospulle,ST de Silva,1,0,,,,,,"",""
ball,4,2.5,Colombo Cricket Club,L Croospulle,KNM Fernando,ST de Silva,0,0,,,,,,"",""
ball,4,2.6,Colombo Cricket Club,L Croospulle,KNM Fernando,ST de Silva,0,0,,,,,,"",""
ball,4,3.1,Colombo Cricket Club,KNM Fernando,L Croospulle,C de Silva,0,0,,,,,,"",""
ball,4,3.2,Colombo Cricket Club,KNM Fernando,L Croospulle,C de Silva,1,0,,,,,,"",""
ball,4,3.3,Colombo Cricket Club,L Croospulle,KNM Fernando,C de Silva,0,0,,,,,,"",""
ball,4,3.4,Colombo Cricket Club,L Croospulle,KNM Fernando,C de Silva,1,0,,,,,,"",""
ball,4,3.5,Colombo Cricket Club,KNM Fernando,L Croospulle,C de Silva,1,0,,,,,,"",""
ball,4,3.6,Colombo Cricket Club,L Croospulle,KNM Fernando,C de Silva,1,0,,,,,,"",""
ball,4,4.1,Colombo Cricket Club,L Croospulle,KNM Fernando,ST de Silva,4,0,,,,,,"",""
ball,4,4.2,Colombo Cricket Club,L Croospulle,KNM Fernando,ST de Silva,1,0,,,,,,"",""
ball,4,4.3,Colombo Cricket Club,KNM Fernando,L Croospulle,ST de Silva,0,0,,,,,,"",""
ball,4,4.4,Colombo Cricket Club,KNM Fernando,L Croospulle,ST de Silva,0,0,,,,,,"",""
ball,4,4.5,Colombo Cricket Club,KNM Fernando,L Croospulle,ST de Silva,1,0,,,,,,"",""
ball,4,4.6,Colombo Cricket Club,L Croospulle,KNM Fernando,ST de Silva,4,0,,,,,,"",""
ball,4,5.1,Colombo Cricket Club,KNM Fernando,L Croospulle,C de Silva,1,0,,,,,,"",""
ball,4,5.2,Colombo Cricket Club,L Croospulle,KNM Fernando,C de Silva,0,0,,,,,,"",""
ball,4,5.3,Colombo Cricket Club,L Croospulle,KNM Fernando,C de Silva,0,0,,,,,,"",""
ball,4,5.4,Colombo Cricket Club,L Croospulle,KNM Fernando,C de Silva,4,0,,,,,,"",""
ball,4,5.5,Colombo Cricket Club,L Croospulle,KNM Fernando,C de Silva,0,0,,,,,,"",""
ball,4,5.6,Colombo Cricket Club,L Croospulle,KNM Fernando,C de Silva,4,0,,,,,,"",""
ball,4,6.1,Colombo Cricket Club,KNM Fernando,L Croospulle,NH Atharagalla,0,0,,,,,,"",""
ball,4,6.2,Colombo Cricket Club,KNM Fernando,L Croospulle,NH Atharagalla,4,0,,,,,,"",""
ball,4,6.3,Colombo Cricket Club,KNM Fernando,L Croospulle,NH Atharagalla,0,0,,,,,,"",""
ball,4,6.4,Colombo Cricket Club,KNM Fernando,L Croospulle,NH Atharagalla,1,0,,,,,,"",""
ball,4,6.5,Colombo Cricket Club,L Croospulle,KNM Fernando,NH Atharagalla,4,0,,,,,,"",""
ball,4,6.6,Colombo Cricket Club,L Croospulle,KNM Fernando,NH Atharagalla,1,0,,,,,,"",""
ball,4,7.1,Colombo Cricket Club,L Croospulle,KNM Fernando,C de Silva,0,0,,,,,,"",""
ball,4,7.2,Colombo Cricket Club,L Croospulle,KNM Fernando,C de Silva,1,0,,,,,,"",""
ball,4,7.3,Colombo Cricket Club,KNM Fernando,L Croospulle,C de Silva,1,0,,,,,,"",""
ball,4,7.4,Colombo Cricket Club,L Croospulle,KNM Fernando,C de Silva,0,1,,,,1,,"",""
ball,4,7.5,Colombo Cricket Club,KNM Fernando,L Croospulle,C de Silva,1,0,,,,,,"",""
ball,4,7.6,Colombo Cricket Club,L Croospulle,KNM Fernando,C de Silva,1,0,,,,,,"",""
ball,4,8.1,Colombo Cricket Club,L Croospulle,KNM Fernando,M Hasanka,0,0,,,,,,"",""
ball,4,8.2,Colombo Cricket Club,L Croospulle,KNM Fernando,M Hasanka,1,0,,,,,,"",""
ball,4,8.3,Colombo Cricket Club,KNM Fernando,L Croospulle,M Hasanka,0,0,,,,,,"",""
ball,4,8.4,Colombo Cricket Club,KNM Fernando,L Croospulle,M Hasanka,0,1,,1,,,,"",""
ball,4,8.5,Colombo Cricket Club,KNM Fernando,L Croospulle,M Hasanka,1,0,,,,,,"",""
ball,4,8.6,Colombo Cricket Club,L Croospulle,KNM Fernando,M Hasanka,6,0,,,,,,"",""
ball,4,8.7,Colombo Cricket Club,L Croospulle,KNM Fernando,M Hasanka,0,0,,,,,,"",""
ball,4,9.1,Colombo Cricket Club,KNM Fernando,L Croospulle,C de Silva,1,0,,,,,,"",""
ball,4,9.2,Colombo Cricket Club,L Croospulle,KNM Fernando,C de Silva,4,0,,,,,,"",""
ball,4,9.3,Colombo Cricket Club,L Croospulle,KNM Fernando,C de Silva,0,0,,,,,,"",""
ball,4,9.4,Colombo Cricket Club,L Croospulle,KNM Fernando,C de Silva,0,0,,,,,,"",""
ball,4,9.5,Colombo Cricket Club,L Croospulle,KNM Fernando,C de Silva,6,0,,,,,,"",""
ball,4,9.6,Colombo Cricket Club,L Croospulle,KNM Fernando,C de Silva,4,0,,,,,,"",""
ball,4,10.1,Colombo Cricket Club,KNM Fernando,L Croospulle,Sammu Ashan,1,0,,,,,,"",""
ball,4,10.2,Colombo Cricket Club,L Croospulle,KNM Fernando,Sammu Ashan,1,0,,,,,,"",""
ball,4,10.3,Colombo Cricket Club,KNM Fernando,L Croospulle,Sammu Ashan,0,0,,,,,,"",""
ball,4,10.4,Colombo Cricket Club,KNM Fernando,L Croospulle,Sammu Ashan,1,0,,,,,,"",""
ball,4,10.5,Colombo Cricket Club,L Croospulle,KNM Fernando,Sammu Ashan,0,0,,,,,,"",""
ball,4,10.6,Colombo Cricket Club,L Croospulle,KNM Fernando,Sammu Ashan,0,0,,,,,,"",""
ball,4,11.1,Colombo Cricket Club,KNM Fernando,L Croospulle,M Hasanka,0,0,,,,,,"",""
ball,4,11.2,Colombo Cricket Club,KNM Fernando,L Croospulle,M Hasanka,0,0,,,,,,"",""
ball,4,11.3,Colombo Cricket Club,KNM Fernando,L Croospulle,M Hasanka,1,0,,,,,,"",""
ball,4,11.4,Colombo Cricket Club,L Croospulle,KNM Fernando,M Hasanka,0,0,,,,,,"",""
ball,4,11.5,Colombo Cricket Club,L Croospulle,KNM Fernando,M Hasanka,4,0,,,,,,"",""
ball,4,11.6,Colombo Cricket Club,L Croospulle,KNM Fernando,M Hasanka,0,0,,,,,,"",""
ball,4,12.1,Colombo Cricket Club,KNM Fernando,L Croospulle,C de Silva,1,0,,,,,,"",""
ball,4,12.2,Colombo Cricket Club,L Croospulle,KNM Fernando,C de Silva,2,0,,,,,,"",""
ball,4,12.3,Colombo Cricket Club,L Croospulle,KNM Fernando,C de Silva,0,0,,,,,,"",""
ball,4,12.4,Colombo Cricket Club,L Croospulle,KNM Fernando,C de Silva,0,2,,,2,,,"",""
ball,4,12.5,Colombo Cricket Club,L Croospulle,KNM Fernando,C de Silva,0,1,,1,,,,"",""
ball,4,12.6,Colombo Cricket Club,L Croospulle,KNM Fernando,C de Silva,1,0,,,,,,"",""
ball,4,12.7,Colombo Cricket Club,KNM Fernando,L Croospulle,C de Silva,0,1,1,,,,,"",""
ball,4,12.8,Colombo Cricket Club,KNM Fernando,L Croospulle,C de Silva,0,1,1,,,,,"",""
ball,4,12.9,Colombo Cricket Club,KNM Fernando,L Croospulle,C de Silva,0,0,,,,,,"",""
ball,4,13.1,Colombo Cricket Club,L Croospulle,KNM Fernando,M Hasanka,6,0,,,,,,"",""
ball,4,13.2,Colombo Cricket Club,L Croospulle,KNM Fernando,M Hasanka,4,0,,,,,,"",""
ball,4,13.3,Colombo Cricket Club,L Croospulle,KNM Fernando,M Hasanka,1,0,,,,,,"",""
ball,4,13.4,Colombo Cricket Club,KNM Fernando,L Croospulle,M Hasanka,0,0,,,,,,"",""
ball,4,13.5,Colombo Cricket Club,KNM Fernando,L Croospulle,M Hasanka,0,0,,,,,,"",""
ball,4,13.6,Colombo Cricket Club,KNM Fernando,L Croospulle,M Hasanka,1,0,,,,,,"",""
ball,4,14.1,Colombo Cricket Club,KNM Fernando,L Croospulle,C de Silva,0,0,,,,,,"",""
ball,4,14.2,Colombo Cricket Club,KNM Fernando,L Croospulle,C de Silva,1,0,,,,,,"",""
ball,4,14.3,Colombo Cricket Club,L Croospulle,KNM Fernando,C de Silva,4,0,,,,,,"",""
ball,4,14.4,Colombo Cricket Club,L Croospulle,KNM Fernando,C de Silva,6,0,,,,,,"",""
ball,4,14.5,Colombo Cricket Club,L Croospulle,KNM Fernando,C de Silva,0,0,,,,,,"",""
ball,4,14.6,Colombo Cricket Club,L Croospulle,KNM Fernando,C de Silva,1,0,,,,,,"",""
ball,4,15.1,Colombo Cricket Club,L Croospulle,KNM Fernando,NH Atharagalla,6,0,,,,,,"",""
ball,4,15.2,Colombo Cricket Club,L Croospulle,KNM Fernando,NH Atharagalla,0,0,,,,,,"",""
ball,4,15.3,Colombo Cricket Club,L Croospulle,KNM Fernando,NH Atharagalla,0,0,,,,,,"",""
ball,4,15.4,Colombo Cricket Club,L Croospulle,KNM Fernando,NH Atharagalla,1,0,,,,,,"",""
ball,4,15.5,Colombo Cricket Club,KNM Fernando,L Croospulle,NH Atharagalla,1,0,,,,,,"",""
ball,4,15.6,Colombo Cricket Club,L Croospulle,KNM Fernando,NH Atharagalla,1,0,,,,,,"",""
ball,4,16.1,Colombo Cricket Club,L Croospulle,KNM Fernando,M Hasanka,2,0,,,,,,"",""
ball,4,16.2,Colombo Cricket Club,L Croospulle,KNM Fernando,M Hasanka,0,0,,,,,,"",""
ball,4,16.3,Colombo Cricket Club,L Croospulle,KNM Fernando,M Hasanka,4,0,,,,,,"",""
ball,4,16.4,Colombo Cricket Club,L Croospulle,KNM Fernando,M Hasanka,1,0,,,,,,"",""
ball,4,16.5,Colombo Cricket Club,KNM Fernando,L Croospulle,M Hasanka,0,0,,,,,,"",""
ball,4,16.6,Colombo Cricket Club,KNM Fernando,L Croospulle,M Hasanka,1,0,,,,,,"",""
ball,4,17.1,Colombo Cricket Club,KNM Fernando,L Croospulle,NH Atharagalla,0,0,,,,,,"",""
ball,4,17.2,Colombo Cricket Club,KNM Fernando,L Croospulle,NH Atharagalla,0,0,,,,,,"",""
ball,4,17.3,Colombo Cricket Club,KNM Fernando,L Croospulle,NH Atharagalla,1,0,,,,,,"",""
ball,4,17.4,Colombo Cricket Club,L Croospulle,KNM Fernando,NH Atharagalla,6,0,,,,,,"",""
ball,4,17.5,Colombo Cricket Club,L Croospulle,KNM Fernando,NH Atharagalla,0,0,,,,,,"",""
ball,4,17.6,Colombo Cricket Club,L Croospulle,KNM Fernando,NH Atharagalla,0,0,,,,,,"",""
ball,4,18.1,Colombo Cricket Club,KNM Fernando,L Croospulle,KVA Adikari,1,0,,,,,,"",""
ball,4,18.2,Colombo Cricket Club,L Croospulle,KNM Fernando,KVA Adikari,2,0,,,,,,"",""
ball,4,18.3,Colombo Cricket Club,L Croospulle,KNM Fernando,KVA Adikari,0,0,,,,,,"",""
ball,4,18.4,Colombo Cricket Club,L Croospulle,KNM Fernando,KVA Adikari,0,0,,,,,,"",""
ball,4,18.5,Colombo Cricket Club,L Croospulle,KNM Fernando,KVA Adikari,1,0,,,,,,"",""
ball,4,18.6,Colombo Cricket Club,KNM Fernando,L Croospulle,KVA Adikari,4,0,,,,,,"",""
ball,4,19.1,Colombo Cricket Club,L Croospulle,KNM Fernando,NH Atharagalla,1,0,,,,,,"",""
ball,4,19.2,Colombo Cricket Club,KNM Fernando,L Croospulle,NH Atharagalla,2,0,,,,,,"",""
ball,4,19.3,Colombo Cricket Club,KNM Fernando,L Croospulle,NH Atharagalla,2,0,,,,,,"",""
ball,4,19.4,Colombo Cricket Club,KNM Fernando,L Croospulle,NH Atharagalla,1,0,,,,,,"",""
ball,4,19.5,Colombo Cricket Club,L Croospulle,KNM Fernando,NH Atharagalla,6,0,,,,,,"",""
ball,4,19.6,Colombo Cricket Club,L Croospulle,KNM Fernando,NH Atharagalla,4,0,,,,,,"",""
ball,4,20.1,Colombo Cricket Club,KNM Fernando,L Croospulle,KVA Adikari,1,0,,,,,,"",""
ball,4,20.2,Colombo Cricket Club,L Croospulle,KNM Fernando,KVA Adikari,0,0,,,,,,"",""
ball,4,20.3,Colombo Cricket Club,L Croospulle,KNM Fernando,KVA Adikari,0,0,,,,,,"",""
ball,4,20.4,Colombo Cricket Club,L Croospulle,KNM Fernando,KVA Adikari,1,0,,,,,,"",""
ball,4,20.5,Colombo Cricket Club,KNM Fernando,L Croospulle,KVA Adikari,1,0,,,,,,"",""
ball,4,20.6,Colombo Cricket Club,L Croospulle,KNM Fernando,KVA Adikari,0,0,,,,,,"",""
ball,4,21.1,Colombo Cricket Club,KNM Fernando,L Croospulle,M Hasanka,0,0,,,,,,"",""
ball,4,21.2,Colombo Cricket Club,KNM Fernando,L Croospulle,M Hasanka,0,0,,,,,,"",""
ball,4,21.3,Colombo Cricket Club,KNM Fernando,L Croospulle,M Hasanka,1,0,,,,,,"",""
ball,4,21.4,Colombo Cricket Club,L Croospulle,KNM Fernando,M Hasanka,0,0,,,,,,"",""
ball,4,21.5,Colombo Cricket Club,L Croospulle,KNM Fernando,M Hasanka,1,0,,,,,,"",""
ball,4,21.6,Colombo Cricket Club,KNM Fernando,L Croospulle,M Hasanka,0,0,,,,,,"",""
ball,4,22.1,Colombo Cricket Club,L Croospulle,KNM Fernando,KVA Adikari,1,0,,,,,,"",""
ball,4,22.2,Colombo Cricket Club,KNM Fernando,L Croospulle,KVA Adikari,0,0,,,,,,"",""
ball,4,22.3,Colombo Cricket Club,KNM Fernando,L Croospulle,KVA Adikari,0,0,,,,,,"",""
ball,4,22.4,Colombo Cricket Club,KNM Fernando,L Croospulle,KVA Adikari,1,0,,,,,,"",""
ball,4,22.5,Colombo Cricket Club,L Croospulle,KNM Fernando,KVA Adikari,1,0,,,,,,"",""
ball,4,22.6,Colombo Cricket Club,KNM Fernando,L Croospulle,KVA Adikari,0,0,,,,,,"",""
ball,4,23.1,Colombo Cricket Club,L Croospulle,KNM Fernando,M Hasanka,0,0,,,,,,"",""
ball,4,23.2,Colombo Cricket Club,L Croospulle,KNM Fernando,M Hasanka,2,0,,,,,,"",""
ball,4,23.3,Colombo Cricket Club,L Croospulle,KNM Fernando,M Hasanka,2,0,,,,,,"",""
ball,4,23.4,Colombo Cricket Club,L Croospulle,KNM Fernando,M Hasanka,6,0,,,,,,"",""
ball,4,23.5,Colombo Cricket Club,L Croospulle,KNM Fernando,M Hasanka,0,0,,,,,,lbw,L Croospulle
ball,4,23.6,Colombo Cricket Club,Pawan Sandesh,KNM Fernando,M Hasanka,3,0,,,,,,"",""
ball,4,24.1,Colombo Cricket Club,Pawan Sandesh,KNM Fernando,C de Silva,0,0,,,,,,"",""
ball,4,24.2,Colombo Cricket Club,Pawan Sandesh,KNM Fernando,C de Silva,0,0,,,,,,"",""
ball,4,24.3,Colombo Cricket Club,Pawan Sandesh,KNM Fernando,C de Silva,4,0,,,,,,"",""
ball,4,24.4,Colombo Cricket Club,Pawan Sandesh,KNM Fernando,C de Silva,0,0,,,,,,"",""
ball,4,24.5,Colombo Cricket Club,Pawan Sandesh,KNM Fernando,C de Silva,0,0,,,,,,"",""
ball,4,24.6,Colombo Cricket Club,Pawan Sandesh,KNM Fernando,C de Silva,0,0,,,,,,"",""
ball,4,25.1,Colombo Cricket Club,KNM Fernando,Pawan Sandesh,M Hasanka,0,0,,,,,,"",""
ball,4,25.2,Colombo Cricket Club,KNM Fernando,Pawan Sandesh,M Hasanka,0,0,,,,,,"",""
ball,4,25.3,Colombo Cricket Club,KNM Fernando,Pawan Sandesh,M Hasanka,4,0,,,,,,"",""
ball,4,25.4,Colombo Cricket Club,KNM Fernando,Pawan Sandesh,M Hasanka,0,0,,,,,,"",""
ball,4,25.5,Colombo Cricket Club,KNM Fernando,Pawan Sandesh,M Hasanka,1,0,,,,,,"",""
