version,1.7.0
info,balls_per_over,6
info,team,Canterbury
info,team,Otago Volts
info,gender,male
info,season,2012/13
info,date,2012/10/27
info,date,2012/10/28
info,date,2012/10/29
info,date,2012/10/30
info,event,Plunket Shield
info,venue,"Mainpower Oval, Rangiora"
info,city,Rangiora
info,toss_winner,Canterbury
info,toss_decision,bat
info,umpire,DJ Walker
info,umpire,PJ Agent
info,winner,Otago Volts
info,winner_wickets,8
info,player,Canterbury,GH Worker
info,player,Canterbury,PG Fulton
info,player,Canterbury,SL Stewart
info,player,Canterbury,DG Brownlie
info,player,Canterbury,HM Nicholls
info,player,Canterbury,B Cachopa
info,player,Canterbury,GM Andrew
info,player,Canterbury,TD Astle
info,player,Canterbury,BEW McCord
info,player,Canterbury,WM Lonsdale
info,player,Canterbury,TG Johnston
info,player,Otago Volts,AJ Redmond
info,player,Otago Volts,HD Rutherford
info,player,Otago Volts,MG Bracewell
info,player,Otago Volts,NT Broom
info,player,Otago Volts,DC de Boorder
info,player,Otago Volts,SR Wells
info,player,Otago Volts,JDS Neesham
info,player,Otago Volts,MD Craig
info,player,Otago Volts,N Wagner
info,player,Otago Volts,IG Butler
info,player,Otago Volts,JM McMillan
info,registry,people,AJ Redmond,48f177f5
info,registry,people,B Cachopa,e9a44f08
info,registry,people,BEW McCord,89fe6043
info,registry,people,DC de Boorder,bf573bfd
info,registry,people,DG Brownlie,22bd731a
info,registry,people,DJ Walker,d4aea8ac
info,registry,people,GH Worker,51a36d3e
info,registry,people,GM Andrew,fac298ff
info,registry,people,HD Rutherford,0605de92
info,registry,people,HM Nicholls,03521fd3
info,registry,people,IG Butler,b68a30f0
info,registry,people,JDS Neesham,9219eff0
info,registry,people,JM McMillan,a4094f4a
info,registry,people,LV van Beek,782fb776
info,registry,people,MD Craig,c8574282
info,registry,people,MG Bracewell,e38bce7a
info,registry,people,N Wagner,78adc879
info,registry,people,NT Broom,a354c917
info,registry,people,PG Fulton,10a2a1ff
info,registry,people,PJ Agent,fd443b04
info,registry,people,SL Stewart,0a951319
info,registry,people,SR Wells,8fdfa195
info,registry,people,TD Astle,383dd431
info,registry,people,TG Johnston,a1a5192e
info,registry,people,WM Lonsdale,db72097e
ball,1,0.1,Canterbury,GH Worker,PG Fulton,N Wagner,0,0,,,,,,"",""
ball,1,0.2,Canterbury,GH Worker,PG Fulton,N Wagner,0,0,,,,,,"",""
ball,1,0.3,Canterbury,GH Worker,PG Fulton,N Wagner,0,0,,,,,,"",""
ball,1,0.4,Canterbury,GH Worker,PG Fulton,N Wagner,0,0,,,,,,"",""
ball,1,0.5,Canterbury,GH Worker,PG Fulton,N Wagner,0,0,,,,,,"",""
ball,1,0.6,Canterbury,GH Worker,PG Fulton,N Wagner,0,0,,,,,,"",""
ball,1,1.1,Canterbury,PG Fulton,GH Worker,JM McMillan,0,0,,,,,,"",""
ball,1,1.2,Canterbury,PG Fulton,GH Worker,JM McMillan,0,0,,,,,,"",""
ball,1,1.3,Canterbury,PG Fulton,GH Worker,JM McMillan,0,0,,,,,,"",""
ball,1,1.4,Canterbury,PG Fulton,GH Worker,JM McMillan,0,0,,,,,,"",""
ball,1,1.5,Canterbury,PG Fulton,GH Worker,JM McMillan,2,0,,,,,,"",""
ball,1,1.6,Canterbury,PG Fulton,GH Worker,JM McMillan,0,0,,,,,,"",""
ball,1,2.1,Canterbury,GH Worker,PG Fulton,N Wagner,4,0,,,,,,"",""
ball,1,2.2,Canterbury,GH Worker,PG Fulton,N Wagner,0,0,,,,,,caught,GH Worker
ball,1,2.3,Canterbury,SL Stewart,PG Fulton,N Wagner,0,0,,,,,,"",""
ball,1,2.4,Canterbury,SL Stewart,PG Fulton,N Wagner,0,0,,,,,,"",""
ball,1,2.5,Canterbury,SL Stewart,PG Fulton,N Wagner,0,0,,,,,,"",""
ball,1,2.6,Canterbury,SL Stewart,PG Fulton,N Wagner,0,0,,,,,,"",""
ball,1,3.1,Canterbury,PG Fulton,SL Stewart,JM McMillan,2,0,,,,,,"",""
ball,1,3.2,Canterbury,PG Fulton,SL Stewart,JM McMillan,0,0,,,,,,"",""
ball,1,3.3,Canterbury,PG Fulton,SL Stewart,JM McMillan,0,0,,,,,,"",""
ball,1,3.4,Canterbury,PG Fulton,SL Stewart,JM McMillan,0,0,,,,,,"",""
ball,1,3.5,Canterbury,PG Fulton,SL Stewart,JM McMillan,0,0,,,,,,"",""
ball,1,3.6,Canterbury,PG Fulton,SL Stewart,JM McMillan,0,0,,,,,,"",""
ball,1,4.1,Canterbury,SL Stewart,PG Fulton,N Wagner,0,0,,,,,,"",""
ball,1,4.2,Canterbury,SL Stewart,PG Fulton,N Wagner,0,0,,,,,,"",""
ball,1,4.3,Canterbury,SL Stewart,PG Fulton,N Wagner,0,0,,,,,,"",""
ball,1,4.4,Canterbury,SL Stewart,PG Fulton,N Wagner,0,0,,,,,,"",""
ball,1,4.5,Canterbury,SL Stewart,PG Fulton,N Wagner,0,0,,,,,,"",""
ball,1,4.6,Canterbury,SL Stewart,PG Fulton,N Wagner,0,0,,,,,,"",""
ball,1,5.1,Canterbury,PG Fulton,SL Stewart,JM McMillan,0,0,,,,,,"",""
ball,1,5.2,Canterbury,PG Fulton,SL Stewart,JM McMillan,0,0,,,,,,"",""
ball,1,5.3,Canterbury,PG Fulton,SL Stewart,JM McMillan,0,0,,,,,,"",""
ball,1,5.4,Canterbury,PG Fulton,SL Stewart,JM McMillan,0,0,,,,,,"",""
ball,1,5.5,Canterbury,PG Fulton,SL Stewart,JM McMillan,0,0,,,,,,"",""
ball,1,5.6,Canterbury,PG Fulton,SL Stewart,JM McMillan,0,0,,,,,,"",""
ball,1,6.1,Canterbury,SL Stewart,PG Fulton,N Wagner,0,0,,,,,,"",""
ball,1,6.2,Canterbury,SL Stewart,PG Fulton,N Wagner,1,0,,,,,,"",""
ball,1,6.3,Canterbury,PG Fulton,SL Stewart,N Wagner,0,0,,,,,,"",""
ball,1,6.4,Canterbury,PG Fulton,SL Stewart,N Wagner,0,0,,,,,,"",""
ball,1,6.5,Canterbury,PG Fulton,SL Stewart,N Wagner,0,0,,,,,,"",""
ball,1,6.6,Canterbury,PG Fulton,SL Stewart,N Wagner,4,0,,,,,,"",""
ball,1,7.1,Canterbury,SL Stewart,PG Fulton,JM McMillan,0,0,,,,,,"",""
ball,1,7.2,Canterbury,SL Stewart,PG Fulton,JM McMillan,0,0,,,,,,"",""
ball,1,7.3,Canterbury,SL Stewart,PG Fulton,JM McMillan,0,0,,,,,,"",""
ball,1,7.4,Canterbury,SL Stewart,PG Fulton,JM McMillan,0,0,,,,,,"",""
ball,1,7.5,Canterbury,SL Stewart,PG Fulton,JM McMillan,0,0,,,,,,"",""
ball,1,7.6,Canterbury,SL Stewart,PG Fulton,JM McMillan,0,0,,,,,,"",""
ball,1,8.1,Canterbury,PG Fulton,SL Stewart,N Wagner,0,0,,,,,,"",""
ball,1,8.2,Canterbury,PG Fulton,SL Stewart,N Wagner,0,0,,,,,,"",""
ball,1,8.3,Canterbury,PG Fulton,SL Stewart,N Wagner,0,0,,,,,,"",""
ball,1,8.4,Canterbury,PG Fulton,SL Stewart,N Wagner,0,0,,,,,,"",""
ball,1,8.5,Canterbury,PG Fulton,SL Stewart,N Wagner,0,0,,,,,,"",""
ball,1,8.6,Canterbury,PG Fulton,SL Stewart,N Wagner,1,0,,,,,,"",""
ball,1,9.1,Canterbury,PG Fulton,SL Stewart,JM McMillan,0,0,,,,,,"",""
ball,1,9.2,Canterbury,PG Fulton,SL Stewart,JM McMillan,0,0,,,,,,"",""
ball,1,9.3,Canterbury,PG Fulton,SL Stewart,JM McMillan,0,0,,,,,,"",""
ball,1,9.4,Canterbury,PG Fulton,SL Stewart,JM McMillan,1,0,,,,,,"",""
ball,1,9.5,Canterbury,SL Stewart,PG Fulton,JM McMillan,4,0,,,,,,"",""
ball,1,9.6,Canterbury,SL Stewart,PG Fulton,JM McMillan,0,0,,,,,,"",""
ball,1,10.1,Canterbury,PG Fulton,SL Stewart,IG Butler,0,0,,,,,,"",""
ball,1,10.2,Canterbury,PG Fulton,SL Stewart,IG Butler,0,0,,,,,,"",""
ball,1,10.3,Canterbury,PG Fulton,SL Stewart,IG Butler,0,1,,1,,,,"",""
ball,1,10.4,Canterbury,PG Fulton,SL Stewart,IG Butler,3,0,,,,,,"",""
ball,1,10.5,Canterbury,SL Stewart,PG Fulton,IG Butler,0,0,,,,,,"",""
ball,1,10.6,Canterbury,SL Stewart,PG Fulton,IG Butler,0,0,,,,,,"",""
ball,1,10.7,Canterbury,SL Stewart,PG Fulton,IG Butler,0,0,,,,,,"",""
ball,1,11.1,Canterbury,PG Fulton,SL Stewart,JM McMillan,4,0,,,,,,"",""
ball,1,11.2,Canterbury,PG Fulton,SL Stewart,JM McMillan,4,0,,,,,,"",""
ball,1,11.3,Canterbury,PG Fulton,SL Stewart,JM McMillan,0,0,,,,,,"",""
ball,1,11.4,Canterbury,PG Fulton,SL Stewart,JM McMillan,4,0,,,,,,"",""
ball,1,11.5,Canterbury,PG Fulton,SL Stewart,JM McMillan,4,0,,,,,,"",""
ball,1,11.6,Canterbury,PG Fulton,SL Stewart,JM McMillan,0,0,,,,,,"",""
ball,1,12.1,Canterbury,SL Stewart,PG Fulton,IG Butler,0,0,,,,,,"",""
ball,1,12.2,Canterbury,SL Stewart,PG Fulton,IG Butler,3,0,,,,,,"",""
ball,1,12.3,Canterbury,PG Fulton,SL Stewart,IG Butler,0,1,,1,,,,"",""
ball,1,12.4,Canterbury,PG Fulton,SL Stewart,IG Butler,0,0,,,,,,"",""
ball,1,12.5,Canterbury,PG Fulton,SL Stewart,IG Butler,0,1,,1,,,,"",""
ball,1,12.6,Canterbury,PG Fulton,SL Stewart,IG Butler,0,0,,,,,,"",""
ball,1,12.7,Canterbury,PG Fulton,SL Stewart,IG Butler,0,0,,,,,,caught,PG Fulton
ball,1,12.8,Canterbury,DG Brownlie,SL Stewart,IG Butler,0,0,,,,,,"",""
ball,1,13.1,Canterbury,SL Stewart,DG Brownlie,SR Wells,0,0,,,,,,"",""
ball,1,13.2,Canterbury,SL Stewart,DG Brownlie,SR Wells,0,0,,,,,,"",""
ball,1,13.3,Canterbury,SL Stewart,DG Brownlie,SR Wells,4,0,,,,,,"",""
ball,1,13.4,Canterbury,SL Stewart,DG Brownlie,SR Wells,0,0,,,,,,"",""
ball,1,13.5,Canterbury,SL Stewart,DG Brownlie,SR Wells,0,0,,,,,,"",""
ball,1,13.6,Canterbury,SL Stewart,DG Brownlie,SR Wells,0,0,,,,,,"",""
ball,1,14.1,Canterbury,DG Brownlie,SL Stewart,IG Butler,1,0,,,,,,"",""
ball,1,14.2,Canterbury,SL Stewart,DG Brownlie,IG Butler,0,0,,,,,,"",""
ball,1,14.3,Canterbury,SL Stewart,DG Brownlie,IG Butler,0,0,,,,,,"",""
ball,1,14.4,Canterbury,SL Stewart,DG Brownlie,IG Butler,3,0,,,,,,"",""
ball,1,14.5,Canterbury,DG Brownlie,SL Stewart,IG Butler,2,1,,1,,,,"",""
ball,1,14.6,Canterbury,DG Brownlie,SL Stewart,IG Butler,0,0,,,,,,"",""
ball,1,14.7,Canterbury,DG Brownlie,SL Stewart,IG Butler,0,0,,,,,,"",""
ball,1,15.1,Canterbury,SL Stewart,DG Brownlie,SR Wells,0,0,,,,,,"",""
ball,1,15.2,Canterbury,SL Stewart,DG Brownlie,SR Wells,1,0,,,,,,"",""
ball,1,15.3,Canterbury,DG Brownlie,SL Stewart,SR Wells,0,0,,,,,,"",""
ball,1,15.4,Canterbury,DG Brownlie,SL Stewart,SR Wells,0,0,,,,,,"",""
ball,1,15.5,Canterbury,DG Brownlie,SL Stewart,SR Wells,0,0,,,,,,"",""
ball,1,15.6,Canterbury,DG Brownlie,SL Stewart,SR Wells,2,0,,,,,,"",""
ball,1,16.1,Canterbury,SL Stewart,DG Brownlie,IG Butler,0,0,,,,,,"",""
ball,1,16.2,Canterbury,SL Stewart,DG Brownlie,IG Butler,0,0,,,,,,"",""
ball,1,16.3,Canterbury,SL Stewart,DG Brownlie,IG Butler,0,0,,,,,,"",""
ball,1,16.4,Canterbury,SL Stewart,DG Brownlie,IG Butler,0,0,,,,,,"",""
ball,1,16.5,Canterbury,SL Stewart,DG Brownlie,IG Butler,0,0,,,,,,"",""
ball,1,16.6,Canterbury,SL Stewart,DG Brownlie,IG Butler,0,0,,,,,,"",""
ball,1,17.1,Canterbury,DG Brownlie,SL Stewart,SR Wells,0,0,,,,,,"",""
ball,1,17.2,Canterbury,DG Brownlie,SL Stewart,SR Wells,0,0,,,,,,"",""
ball,1,17.3,Canterbury,DG Brownlie,SL Stewart,SR Wells,0,0,,,,,,"",""
ball,1,17.4,Canterbury,DG Brownlie,SL Stewart,SR Wells,0,0,,,,,,"",""
ball,1,17.5,Canterbury,DG Brownlie,SL Stewart,SR Wells,2,0,,,,,,"",""
ball,1,17.6,Canterbury,DG Brownlie,SL Stewart,SR Wells,4,0,,,,,,"",""
ball,1,18.1,Canterbury,SL Stewart,DG Brownlie,IG Butler,2,0,,,,,,"",""
ball,1,18.2,Canterbury,SL Stewart,DG Brownlie,IG Butler,0,0,,,,,,"",""
ball,1,18.3,Canterbury,SL Stewart,DG Brownlie,IG Butler,0,1,,1,,,,"",""
ball,1,18.4,Canterbury,SL Stewart,DG Brownlie,IG Butler,0,1,,1,,,,"",""
ball,1,18.5,Canterbury,SL Stewart,DG Brownlie,IG Butler,0,4,,,4,,,"",""
ball,1,18.6,Canterbury,SL Stewart,DG Brownlie,IG Butler,0,0,,,,,,"",""
ball,1,18.7,Canterbury,SL Stewart,DG Brownlie,IG Butler,0,0,,,,,,"",""
ball,1,18.8,Canterbury,SL Stewart,DG Brownlie,IG Butler,0,0,,,,,,"",""
ball,1,19.1,Canterbury,DG Brownlie,SL Stewart,SR Wells,0,0,,,,,,"",""
ball,1,19.2,Canterbury,DG Brownlie,SL Stewart,SR Wells,0,0,,,,,,"",""
ball,1,19.3,Canterbury,DG Brownlie,SL Stewart,SR Wells,0,0,,,,,,"",""
ball,1,19.4,Canterbury,DG Brownlie,SL Stewart,SR Wells,0,0,,,,,,"",""
ball,1,19.5,Canterbury,DG Brownlie,SL Stewart,SR Wells,0,0,,,,,,"",""
ball,1,19.6,Canterbury,DG Brownlie,SL Stewart,SR Wells,0,0,,,,,,"",""
ball,1,20.1,Canterbury,SL Stewart,DG Brownlie,N Wagner,0,0,,,,,,"",""
ball,1,20.2,Canterbury,SL Stewart,DG Brownlie,N Wagner,0,0,,,,,,"",""
ball,1,20.3,Canterbury,SL Stewart,DG Brownlie,N Wagner,0,0,,,,,,"",""
ball,1,20.4,Canterbury,SL Stewart,DG Brownlie,N Wagner,0,0,,,,,,"",""
ball,1,20.5,Canterbury,SL Stewart,DG Brownlie,N Wagner,0,0,,,,,,"",""
ball,1,20.6,Canterbury,SL Stewart,DG Brownlie,N Wagner,0,0,,,,,,"",""
ball,1,21.1,Canterbury,DG Brownlie,SL Stewart,SR Wells,0,0,,,,,,"",""
ball,1,21.2,Canterbury,DG Brownlie,SL Stewart,SR Wells,1,0,,,,,,"",""
ball,1,21.3,Canterbury,SL Stewart,DG Brownlie,SR Wells,0,0,,,,,,"",""
ball,1,21.4,Canterbury,SL Stewart,DG Brownlie,SR Wells,3,0,,,,,,"",""
ball,1,21.5,Canterbury,DG Brownlie,SL Stewart,SR Wells,0,0,,,,,,"",""
ball,1,21.6,Canterbury,DG Brownlie,SL Stewart,SR Wells,0,0,,,,,,"",""
ball,1,22.1,Canterbury,SL Stewart,DG Brownlie,N Wagner,0,0,,,,,,"",""
ball,1,22.2,Canterbury,SL Stewart,DG Brownlie,N Wagner,0,0,,,,,,"",""
ball,1,22.3,Canterbury,SL Stewart,DG Brownlie,N Wagner,0,0,,,,,,"",""
ball,1,22.4,Canterbury,SL Stewart,DG Brownlie,N Wagner,0,0,,,,,,"",""
ball,1,22.5,Canterbury,SL Stewart,DG Brownlie,N Wagner,0,0,,,,,,"",""
ball,1,22.6,Canterbury,SL Stewart,DG Brownlie,N Wagner,0,0,,,,,,"",""
ball,1,23.1,Canterbury,DG Brownlie,SL Stewart,SR Wells,0,0,,,,,,"",""
ball,1,23.2,Canterbury,DG Brownlie,SL Stewart,SR Wells,0,0,,,,,,"",""
ball,1,23.3,Canterbury,DG Brownlie,SL Stewart,SR Wells,0,0,,,,,,"",""
ball,1,23.4,Canterbury,DG Brownlie,SL Stewart,SR Wells,0,0,,,,,,"",""
ball,1,23.5,Canterbury,DG Brownlie,SL Stewart,SR Wells,0,0,,,,,,"",""
ball,1,23.6,Canterbury,DG Brownlie,SL Stewart,SR Wells,0,0,,,,,,"",""
ball,1,24.1,Canterbury,SL Stewart,DG Brownlie,N Wagner,0,0,,,,,,"",""
ball,1,24.2,Canterbury,SL Stewart,DG Brownlie,N Wagner,0,0,,,,,,"",""
ball,1,24.3,Canterbury,SL Stewart,DG Brownlie,N Wagner,0,0,,,,,,"",""
ball,1,24.4,Canterbury,SL Stewart,DG Brownlie,N Wagner,0,0,,,,,,"",""
ball,1,24.5,Canterbury,SL Stewart,DG Brownlie,N Wagner,0,0,,,,,,"",""
ball,1,24.6,Canterbury,SL Stewart,DG Brownlie,N Wagner,0,0,,,,,,"",""
ball,1,25.1,Canterbury,DG Brownlie,SL Stewart,JDS Neesham,0,0,,,,,,"",""
ball,1,25.2,Canterbury,DG Brownlie,SL Stewart,JDS Neesham,0,0,,,,,,"",""
ball,1,25.3,Canterbury,DG Brownlie,SL Stewart,JDS Neesham,0,0,,,,,,caught,DG Brownlie
ball,1,25.4,Canterbury,HM Nicholls,SL Stewart,JDS Neesham,1,0,,,,,,"",""
ball,1,25.5,Canterbury,SL Stewart,HM Nicholls,JDS Neesham,0,0,,,,,,"",""
ball,1,25.6,Canterbury,SL Stewart,HM Nicholls,JDS Neesham,0,0,,,,,,"",""
ball,1,26.1,Canterbury,HM Nicholls,SL Stewart,N Wagner,3,0,,,,,,"",""
ball,1,26.2,Canterbury,SL Stewart,HM Nicholls,N Wagner,1,0,,,,,,"",""
ball,1,26.3,Canterbury,HM Nicholls,SL Stewart,N Wagner,0,0,,,,,,"",""
ball,1,26.4,Canterbury,HM Nicholls,SL Stewart,N Wagner,0,0,,,,,,"",""
ball,1,26.5,Canterbury,HM Nicholls,SL Stewart,N Wagner,0,0,,,,,,"",""
ball,1,26.6,Canterbury,HM Nicholls,SL Stewart,N Wagner,0,0,,,,,,"",""
ball,1,27.1,Canterbury,SL Stewart,HM Nicholls,JDS Neesham,1,0,,,,,,"",""
ball,1,27.2,Canterbury,HM Nicholls,SL Stewart,JDS Neesham,0,0,,,,,,"",""
ball,1,27.3,Canterbury,HM Nicholls,SL Stewart,JDS Neesham,0,0,,,,,,"",""
ball,1,27.4,Canterbury,HM Nicholls,SL Stewart,JDS Neesham,0,0,,,,,,"",""
ball,1,27.5,Canterbury,HM Nicholls,SL Stewart,JDS Neesham,0,0,,,,,,"",""
ball,1,27.6,Canterbury,HM Nicholls,SL Stewart,JDS Neesham,2,0,,,,,,"",""
ball,1,28.1,Canterbury,SL Stewart,HM Nicholls,N Wagner,0,0,,,,,,"",""
ball,1,28.2,Canterbury,SL Stewart,HM Nicholls,N Wagner,0,0,,,,,,"",""
ball,1,28.3,Canterbury,SL Stewart,HM Nicholls,N Wagner,0,0,,,,,,"",""
ball,1,28.4,Canterbury,SL Stewart,HM Nicholls,N Wagner,4,0,,,,,,"",""
ball,1,28.5,Canterbury,SL Stewart,HM Nicholls,N Wagner,0,0,,,,,,"",""
ball,1,28.6,Canterbury,SL Stewart,HM Nicholls,N Wagner,1,0,,,,,,"",""
ball,1,29.1,Canterbury,SL Stewart,HM Nicholls,JDS Neesham,0,0,,,,,,"",""
ball,1,29.2,Canterbury,SL Stewart,HM Nicholls,JDS Neesham,1,0,,,,,,"",""
ball,1,29.3,Canterbury,HM Nicholls,SL Stewart,JDS Neesham,0,1,1,,,,,"",""
ball,1,29.4,Canterbury,HM Nicholls,SL Stewart,JDS Neesham,0,0,,,,,,"",""
ball,1,29.5,Canterbury,HM Nicholls,SL Stewart,JDS Neesham,0,0,,,,,,"",""
ball,1,29.6,Canterbury,HM Nicholls,SL Stewart,JDS Neesham,0,0,,,,,,"",""
ball,1,29.7,Canterbury,HM Nicholls,SL Stewart,JDS Neesham,0,0,,,,,,"",""
ball,1,30.1,Canterbury,SL Stewart,HM Nicholls,N Wagner,1,0,,,,,,"",""
ball,1,30.2,Canterbury,HM Nicholls,SL Stewart,N Wagner,2,0,,,,,,"",""
ball,1,30.3,Canterbury,HM Nicholls,SL Stewart,N Wagner,0,0,,,,,,"",""
ball,1,30.4,Canterbury,HM Nicholls,SL Stewart,N Wagner,0,0,,,,,,bowled,HM Nicholls
ball,1,30.5,Canterbury,B Cachopa,SL Stewart,N Wagner,0,0,,,,,,"",""
ball,1,30.6,Canterbury,B Cachopa,SL Stewart,N Wagner,0,0,,,,,,"",""
ball,1,31.1,Canterbury,SL Stewart,B Cachopa,IG Butler,0,0,,,,,,"",""
ball,1,31.2,Canterbury,SL Stewart,B Cachopa,IG Butler,0,0,,,,,,"",""
ball,1,31.3,Canterbury,SL Stewart,B Cachopa,IG Butler,2,0,,,,,,"",""
ball,1,31.4,Canterbury,SL Stewart,B Cachopa,IG Butler,0,0,,,,,,"",""
ball,1,31.5,Canterbury,SL Stewart,B Cachopa,IG Butler,0,0,,,,,,"",""
ball,1,31.6,Canterbury,SL Stewart,B Cachopa,IG Butler,0,0,,,,,,"",""
ball,1,32.1,Canterbury,B Cachopa,SL Stewart,N Wagner,1,0,,,,,,"",""
ball,1,32.2,Canterbury,SL Stewart,B Cachopa,N Wagner,0,0,,,,,,"",""
ball,1,32.3,Canterbury,SL Stewart,B Cachopa,N Wagner,0,0,,,,,,"",""
ball,1,32.4,Canterbury,SL Stewart,B Cachopa,N Wagner,0,0,,,,,,"",""
ball,1,32.5,Canterbury,SL Stewart,B Cachopa,N Wagner,0,0,,,,,,"",""
ball,1,32.6,Canterbury,SL Stewart,B Cachopa,N Wagner,0,0,,,,,,"",""
ball,1,33.1,Canterbury,B Cachopa,SL Stewart,IG Butler,4,0,,,,,,"",""
ball,1,33.2,Canterbury,B Cachopa,SL Stewart,IG Butler,0,0,,,,,,"",""
ball,1,33.3,Canterbury,B Cachopa,SL Stewart,IG Butler,0,0,,,,,,"",""
ball,1,33.4,Canterbury,B Cachopa,SL Stewart,IG Butler,0,0,,,,,,"",""
ball,1,33.5,Canterbury,B Cachopa,SL Stewart,IG Butler,4,0,,,,,,"",""
ball,1,33.6,Canterbury,B Cachopa,SL Stewart,IG Butler,0,0,,,,,,"",""
ball,1,34.1,Canterbury,SL Stewart,B Cachopa,N Wagner,1,0,,,,,,"",""
ball,1,34.2,Canterbury,B Cachopa,SL Stewart,N Wagner,4,0,,,,,,"",""
ball,1,34.3,Canterbury,B Cachopa,SL Stewart,N Wagner,0,0,,,,,,"",""
ball,1,34.4,Canterbury,B Cachopa,SL Stewart,N Wagner,1,0,,,,,,"",""
ball,1,34.5,Canterbury,SL Stewart,B Cachopa,N Wagner,0,0,,,,,,"",""
ball,1,34.6,Canterbury,SL Stewart,B Cachopa,N Wagner,0,0,,,,,,caught,SL Stewart
ball,1,35.1,Canterbury,B Cachopa,GM Andrew,IG Butler,0,0,,,,,,"",""
ball,1,35.2,Canterbury,B Cachopa,GM Andrew,IG Butler,0,0,,,,,,"",""
ball,1,35.3,Canterbury,B Cachopa,GM Andrew,IG Butler,0,0,,,,,,"",""
ball,1,35.4,Canterbury,B Cachopa,GM Andrew,IG Butler,0,0,,,,,,"",""
ball,1,35.5,Canterbury,B Cachopa,GM Andrew,IG Butler,0,0,,,,,,"",""
ball,1,35.6,Canterbury,B Cachopa,GM Andrew,IG Butler,4,0,,,,,,"",""
ball,1,36.1,Canterbury,GM Andrew,B Cachopa,N Wagner,0,0,,,,,,"",""
ball,1,36.2,Canterbury,GM Andrew,B Cachopa,N Wagner,0,0,,,,,,"",""
ball,1,36.3,Canterbury,GM Andrew,B Cachopa,N Wagner,0,0,,,,,,"",""
ball,1,36.4,Canterbury,GM Andrew,B Cachopa,N Wagner,0,0,,,,,,"",""
ball,1,36.5,Canterbury,GM Andrew,B Cachopa,N Wagner,0,0,,,,,,"",""
ball,1,36.6,Canterbury,GM Andrew,B Cachopa,N Wagner,0,0,,,,,,"",""
ball,1,37.1,Canterbury,B Cachopa,GM Andrew,IG Butler,0,0,,,,,,"",""
ball,1,37.2,Canterbury,B Cachopa,GM Andrew,IG Butler,0,0,,,,,,"",""
ball,1,37.3,Canterbury,B Cachopa,GM Andrew,IG Butler,0,0,,,,,,"",""
ball,1,37.4,Canterbury,B Cachopa,GM Andrew,IG Butler,0,1,,1,,,,"",""
ball,1,37.5,Canterbury,B Cachopa,GM Andrew,IG Butler,4,0,,,,,,"",""
ball,1,37.6,Canterbury,B Cachopa,GM Andrew,IG Butler,4,0,,,,,,"",""
ball,1,37.7,Canterbury,B Cachopa,GM Andrew,IG Butler,1,0,,,,,,"",""
ball,1,38.1,Canterbury,B Cachopa,GM Andrew,N Wagner,0,0,,,,,,"",""
ball,1,38.2,Canterbury,B Cachopa,GM Andrew,N Wagner,0,0,,,,,,"",""
ball,1,38.3,Canterbury,B Cachopa,GM Andrew,N Wagner,0,0,,,,,,"",""
ball,1,38.4,Canterbury,B Cachopa,GM Andrew,N Wagner,4,0,,,,,,"",""
ball,1,38.5,Canterbury,B Cachopa,GM Andrew,N Wagner,0,0,,,,,,"",""
ball,1,38.6,Canterbury,B Cachopa,GM Andrew,N Wagner,0,0,,,,,,"",""
ball,1,39.1,Canterbury,GM Andrew,B Cachopa,SR Wells,0,0,,,,,,"",""
ball,1,39.2,Canterbury,GM Andrew,B Cachopa,SR Wells,1,0,,,,,,"",""
ball,1,39.3,Canterbury,B Cachopa,GM Andrew,SR Wells,0,0,,,,,,"",""
ball,1,39.4,Canterbury,B Cachopa,GM Andrew,SR Wells,0,0,,,,,,"",""
ball,1,39.5,Canterbury,B Cachopa,GM Andrew,SR Wells,0,0,,,,,,"",""
ball,1,39.6,Canterbury,B Cachopa,GM Andrew,SR Wells,0,0,,,,,,"",""
ball,1,40.1,Canterbury,GM Andrew,B Cachopa,N Wagner,1,0,,,,,,"",""
ball,1,40.2,Canterbury,B Cachopa,GM Andrew,N Wagner,0,0,,,,,,"",""
ball,1,40.3,Canterbury,B Cachopa,GM Andrew,N Wagner,0,0,,,,,,"",""
ball,1,40.4,Canterbury,B Cachopa,GM Andrew,N Wagner,0,0,,,,,,"",""
ball,1,40.5,Canterbury,B Cachopa,GM Andrew,N Wagner,0,0,,,,,,"",""
ball,1,40.6,Canterbury,B Cachopa,GM Andrew,N Wagner,0,0,,,,,,"",""
ball,1,41.1,Canterbury,GM Andrew,B Cachopa,SR Wells,2,0,,,,,,"",""
ball,1,41.2,Canterbury,GM Andrew,B Cachopa,SR Wells,2,0,,,,,,"",""
ball,1,41.3,Canterbury,GM Andrew,B Cachopa,SR Wells,2,0,,,,,,"",""
ball,1,41.4,Canterbury,GM Andrew,B Cachopa,SR Wells,6,0,,,,,,"",""
ball,1,41.5,Canterbury,GM Andrew,B Cachopa,SR Wells,0,0,,,,,,"",""
ball,1,41.6,Canterbury,GM Andrew,B Cachopa,SR Wells,0,0,,,,,,"",""
ball,1,42.1,Canterbury,B Cachopa,GM Andrew,JM McMillan,0,0,,,,,,"",""
ball,1,42.2,Canterbury,B Cachopa,GM Andrew,JM McMillan,0,0,,,,,,run out,GM Andrew
ball,1,42.3,Canterbury,TD Astle,B Cachopa,JM McMillan,0,0,,,,,,"",""
ball,1,42.4,Canterbury,TD Astle,B Cachopa,JM McMillan,0,0,,,,,,"",""
ball,1,42.5,Canterbury,TD Astle,B Cachopa,JM McMillan,0,0,,,,,,"",""
ball,1,42.6,Canterbury,TD Astle,B Cachopa,JM McMillan,1,0,,,,,,"",""
ball,1,43.1,Canterbury,TD Astle,B Cachopa,SR Wells,4,0,,,,,,"",""
ball,1,43.2,Canterbury,TD Astle,B Cachopa,SR Wells,2,0,,,,,,"",""
ball,1,43.3,Canterbury,TD Astle,B Cachopa,SR Wells,3,0,,,,,,"",""
ball,1,43.4,Canterbury,B Cachopa,TD Astle,SR Wells,0,0,,,,,,"",""
ball,1,43.5,Canterbury,B Cachopa,TD Astle,SR Wells,0,0,,,,,,caught,B Cachopa
ball,1,43.6,Canterbury,BEW McCord,TD Astle,SR Wells,0,0,,,,,,"",""
ball,1,44.1,Canterbury,TD Astle,BEW McCord,JM McMillan,0,0,,,,,,"",""
ball,1,44.2,Canterbury,TD Astle,BEW McCord,JM McMillan,0,0,,,,,,"",""
ball,1,44.3,Canterbury,TD Astle,BEW McCord,JM McMillan,0,0,,,,,,"",""
ball,1,44.4,Canterbury,TD Astle,BEW McCord,JM McMillan,1,0,,,,,,"",""
ball,1,44.5,Canterbury,BEW McCord,TD Astle,JM McMillan,0,0,,,,,,"",""
ball,1,44.6,Canterbury,BEW McCord,TD Astle,JM McMillan,0,0,,,,,,"",""
ball,1,45.1,Canterbury,TD Astle,BEW McCord,SR Wells,0,0,,,,,,"",""
ball,1,45.2,Canterbury,TD Astle,BEW McCord,SR Wells,1,0,,,,,,"",""
ball,1,45.3,Canterbury,BEW McCord,TD Astle,SR Wells,0,0,,,,,,"",""
ball,1,45.4,Canterbury,BEW McCord,TD Astle,SR Wells,1,0,,,,,,"",""
ball,1,45.5,Canterbury,TD Astle,BEW McCord,SR Wells,4,0,,,,,,"",""
ball,1,45.6,Canterbury,TD Astle,BEW McCord,SR Wells,2,0,,,,,,"",""
ball,1,46.1,Canterbury,BEW McCord,TD Astle,JM McMillan,0,0,,,,,,"",""
ball,1,46.2,Canterbury,BEW McCord,TD Astle,JM McMillan,1,0,,,,,,"",""
ball,1,46.3,Canterbury,TD Astle,BEW McCord,JM McMillan,0,0,,,,,,"",""
ball,1,46.4,Canterbury,TD Astle,BEW McCord,JM McMillan,0,0,,,,,,"",""
ball,1,46.5,Canterbury,TD Astle,BEW McCord,JM McMillan,4,0,,,,,,"",""
ball,1,46.6,Canterbury,TD Astle,BEW McCord,JM McMillan,0,0,,,,,,"",""
ball,1,47.1,Canterbury,BEW McCord,TD Astle,MD Craig,0,0,,,,,,"",""
ball,1,47.2,Canterbury,BEW McCord,TD Astle,MD Craig,0,0,,,,,,"",""
ball,1,47.3,Canterbury,BEW McCord,TD Astle,MD Craig,0,0,,,,,,"",""
ball,1,47.4,Canterbury,BEW McCord,TD Astle,MD Craig,0,0,,,,,,"",""
ball,1,47.5,Canterbury,BEW McCord,TD Astle,MD Craig,0,0,,,,,,"",""
ball,1,47.6,Canterbury,BEW McCord,TD Astle,MD Craig,0,0,,,,,,"",""
ball,1,48.1,Canterbury,TD Astle,BEW McCord,JM McMillan,0,0,,,,,,"",""
ball,1,48.2,Canterbury,TD Astle,BEW McCord,JM McMillan,4,0,,,,,,"",""
ball,1,48.3,Canterbury,TD Astle,BEW McCord,JM McMillan,0,0,,,,,,"",""
ball,1,48.4,Canterbury,TD Astle,BEW McCord,JM McMillan,0,0,,,,,,"",""
ball,1,48.5,Canterbury,TD Astle,BEW McCord,JM McMillan,1,0,,,,,,"",""
ball,1,48.6,Canterbury,BEW McCord,TD Astle,JM McMillan,0,0,,,,,,"",""
ball,1,49.1,Canterbury,TD Astle,BEW McCord,MD Craig,0,0,,,,,,"",""
ball,1,49.2,Canterbury,TD Astle,BEW McCord,MD Craig,0,0,,,,,,"",""
ball,1,49.3,Canterbury,TD Astle,BEW McCord,MD Craig,0,0,,,,,,"",""
ball,1,49.4,Canterbury,TD Astle,BEW McCord,MD Craig,0,0,,,,,,"",""
ball,1,49.5,Canterbury,TD Astle,BEW McCord,MD Craig,1,0,,,,,,"",""
ball,1,49.6,Canterbury,BEW McCord,TD Astle,MD Craig,0,0,,,,,,"",""
ball,1,50.1,Canterbury,TD Astle,BEW McCord,JDS Neesham,0,0,,,,,,"",""
ball,1,50.2,Canterbury,TD Astle,BEW McCord,JDS Neesham,0,0,,,,,,"",""
ball,1,50.3,Canterbury,TD Astle,BEW McCord,JDS Neesham,4,0,,,,,,"",""
ball,1,50.4,Canterbury,TD Astle,BEW McCord,JDS Neesham,0,0,,,,,,"",""
ball,1,50.5,Canterbury,TD Astle,BEW McCord,JDS Neesham,4,0,,,,,,"",""
ball,1,50.6,Canterbury,TD Astle,BEW McCord,JDS Neesham,4,0,,,,,,"",""
ball,1,51.1,Canterbury,BEW McCord,TD Astle,MD Craig,0,0,,,,,,"",""
ball,1,51.2,Canterbury,BEW McCord,TD Astle,MD Craig,0,0,,,,,,"",""
ball,1,51.3,Canterbury,BEW McCord,TD Astle,MD Craig,0,0,,,,,,"",""
ball,1,51.4,Canterbury,BEW McCord,TD Astle,MD Craig,4,0,,,,,,"",""
ball,1,51.5,Canterbury,BEW McCord,TD Astle,MD Craig,0,0,,,,,,"",""
ball,1,51.6,Canterbury,BEW McCord,TD Astle,MD Craig,0,0,,,,,,"",""
ball,1,52.1,Canterbury,TD Astle,BEW McCord,JDS Neesham,1,0,,,,,,"",""
ball,1,52.2,Canterbury,BEW McCord,TD Astle,JDS Neesham,0,0,,,,,,"",""
ball,1,52.3,Canterbury,BEW McCord,TD Astle,JDS Neesham,0,0,,,,,,"",""
ball,1,52.4,Canterbury,BEW McCord,TD Astle,JDS Neesham,0,0,,,,,,"",""
ball,1,52.5,Canterbury,BEW McCord,TD Astle,JDS Neesham,4,0,,,,,,"",""
ball,1,52.6,Canterbury,BEW McCord,TD Astle,JDS Neesham,0,0,,,,,,"",""
ball,1,53.1,Canterbury,TD Astle,BEW McCord,MD Craig,1,0,,,,,,"",""
ball,1,53.2,Canterbury,BEW McCord,TD Astle,MD Craig,0,0,,,,,,"",""
ball,1,53.3,Canterbury,BEW McCord,TD Astle,MD Craig,1,0,,,,,,"",""
ball,1,53.4,Canterbury,TD Astle,BEW McCord,MD Craig,0,0,,,,,,"",""
ball,1,53.5,Canterbury,TD Astle,BEW McCord,MD Craig,6,0,,,,,,"",""
ball,1,53.6,Canterbury,TD Astle,BEW McCord,MD Craig,0,0,,,,,,"",""
ball,1,54.1,Canterbury,BEW McCord,TD Astle,JDS Neesham,0,0,,,,,,"",""
ball,1,54.2,Canterbury,BEW McCord,TD Astle,JDS Neesham,1,0,,,,,,"",""
ball,1,54.3,Canterbury,TD Astle,BEW McCord,JDS Neesham,0,0,,,,,,"",""
ball,1,54.4,Canterbury,TD Astle,BEW McCord,JDS Neesham,4,0,,,,,,"",""
ball,1,54.5,Canterbury,TD Astle,BEW McCord,JDS Neesham,0,0,,,,,,"",""
ball,1,54.6,Canterbury,TD Astle,BEW McCord,JDS Neesham,0,0,,,,,,"",""
ball,1,55.1,Canterbury,BEW McCord,TD Astle,MD Craig,0,0,,,,,,"",""
ball,1,55.2,Canterbury,BEW McCord,TD Astle,MD Craig,0,0,,,,,,"",""
ball,1,55.3,Canterbury,BEW McCord,TD Astle,MD Craig,2,0,,,,,,"",""
ball,1,55.4,Canterbury,BEW McCord,TD Astle,MD Craig,0,0,,,,,,"",""
ball,1,55.5,Canterbury,BEW McCord,TD Astle,MD Craig,0,0,,,,,,"",""
ball,1,55.6,Canterbury,BEW McCord,TD Astle,MD Craig,2,0,,,,,,"",""
ball,1,56.1,Canterbury,TD Astle,BEW McCord,N Wagner,0,0,,,,,,"",""
ball,1,56.2,Canterbury,TD Astle,BEW McCord,N Wagner,2,0,,,,,,"",""
ball,1,56.3,Canterbury,TD Astle,BEW McCord,N Wagner,0,0,,,,,,"",""
ball,1,56.4,Canterbury,TD Astle,BEW McCord,N Wagner,0,0,,,,,,"",""
ball,1,56.5,Canterbury,TD Astle,BEW McCord,N Wagner,0,0,,,,,,"",""
ball,1,56.6,Canterbury,TD Astle,BEW McCord,N Wagner,0,0,,,,,,"",""
ball,1,57.1,Canterbury,BEW McCord,TD Astle,MD Craig,0,0,,,,,,"",""
ball,1,57.2,Canterbury,BEW McCord,TD Astle,MD Craig,0,0,,,,,,"",""
ball,1,57.3,Canterbury,BEW McCord,TD Astle,MD Craig,1,0,,,,,,"",""
ball,1,57.4,Canterbury,TD Astle,BEW McCord,MD Craig,0,0,,,,,,"",""
ball,1,57.5,Canterbury,TD Astle,BEW McCord,MD Craig,2,0,,,,,,"",""
ball,1,57.6,Canterbury,TD Astle,BEW McCord,MD Craig,0,0,,,,,,"",""
ball,1,58.1,Canterbury,BEW McCord,TD Astle,N Wagner,0,0,,,,,,"",""
ball,1,58.2,Canterbury,BEW McCord,TD Astle,N Wagner,0,0,,,,,,"",""
ball,1,58.3,Canterbury,BEW McCord,TD Astle,N Wagner,0,0,,,,,,"",""
ball,1,58.4,Canterbury,BEW McCord,TD Astle,N Wagner,0,0,,,,,,"",""
ball,1,58.5,Canterbury,BEW McCord,TD Astle,N Wagner,0,0,,,,,,"",""
ball,1,58.6,Canterbury,BEW McCord,TD Astle,N Wagner,0,0,,,,,,"",""
ball,1,59.1,Canterbury,TD Astle,BEW McCord,MD Craig,0,0,,,,,,"",""
ball,1,59.2,Canterbury,TD Astle,BEW McCord,MD Craig,0,0,,,,,,"",""
ball,1,59.3,Canterbury,TD Astle,BEW McCord,MD Craig,0,0,,,,,,"",""
ball,1,59.4,Canterbury,TD Astle,BEW McCord,MD Craig,0,0,,,,,,"",""
ball,1,59.5,Canterbury,TD Astle,BEW McCord,MD Craig,0,0,,,,,,"",""
ball,1,59.6,Canterbury,TD Astle,BEW McCord,MD Craig,0,0,,,,,,"",""
ball,1,60.1,Canterbury,BEW McCord,TD Astle,N Wagner,0,0,,,,,,"",""
ball,1,60.2,Canterbury,BEW McCord,TD Astle,N Wagner,0,0,,,,,,"",""
ball,1,60.3,Canterbury,BEW McCord,TD Astle,N Wagner,0,0,,,,,,"",""
ball,1,60.4,Canterbury,BEW McCord,TD Astle,N Wagner,0,0,,,,,,"",""
ball,1,60.5,Canterbury,BEW McCord,TD Astle,N Wagner,0,0,,,,,,"",""
ball,1,60.6,Canterbury,BEW McCord,TD Astle,N Wagner,0,0,,,,,,"",""
ball,1,61.1,Canterbury,TD Astle,BEW McCord,MD Craig,1,0,,,,,,"",""
ball,1,61.2,Canterbury,BEW McCord,TD Astle,MD Craig,0,0,,,,,,"",""
ball,1,61.3,Canterbury,BEW McCord,TD Astle,MD Craig,0,0,,,,,,"",""
ball,1,61.4,Canterbury,BEW McCord,TD Astle,MD Craig,0,0,,,,,,"",""
ball,1,61.5,Canterbury,BEW McCord,TD Astle,MD Craig,0,0,,,,,,caught,BEW McCord
ball,1,61.6,Canterbury,WM Lonsdale,TD Astle,MD Craig,0,0,,,,,,"",""
ball,1,62.1,Canterbury,TD Astle,WM Lonsdale,N Wagner,0,0,,,,,,"",""
ball,1,62.2,Canterbury,TD Astle,WM Lonsdale,N Wagner,0,0,,,,,,"",""
ball,1,62.3,Canterbury,TD Astle,WM Lonsdale,N Wagner,4,0,,,,,,"",""
ball,1,62.4,Canterbury,TD Astle,WM Lonsdale,N Wagner,0,0,,,,,,"",""
ball,1,62.5,Canterbury,TD Astle,WM Lonsdale,N Wagner,2,0,,,,,,"",""
ball,1,62.6,Canterbury,TD Astle,WM Lonsdale,N Wagner,0,0,,,,,,"",""
ball,1,63.1,Canterbury,WM Lonsdale,TD Astle,MD Craig,0,0,,,,,,"",""
ball,1,63.2,Canterbury,WM Lonsdale,TD Astle,MD Craig,0,0,,,,,,"",""
ball,1,63.3,Canterbury,WM Lonsdale,TD Astle,MD Craig,0,0,,,,,,"",""
ball,1,63.4,Canterbury,WM Lonsdale,TD Astle,MD Craig,0,0,,,,,,"",""
ball,1,63.5,Canterbury,WM Lonsdale,TD Astle,MD Craig,0,0,,,,,,"",""
ball,1,63.6,Canterbury,WM Lonsdale,TD Astle,MD Craig,0,0,,,,,,"",""
ball,1,64.1,Canterbury,TD Astle,WM Lonsdale,N Wagner,1,0,,,,,,"",""
ball,1,64.2,Canterbury,WM Lonsdale,TD Astle,N Wagner,0,0,,,,,,"",""
ball,1,64.3,Canterbury,WM Lonsdale,TD Astle,N Wagner,0,0,,,,,,"",""
ball,1,64.4,Canterbury,WM Lonsdale,TD Astle,N Wagner,4,0,,,,,,"",""
ball,1,64.5,Canterbury,WM Lonsdale,TD Astle,N Wagner,1,0,,,,,,"",""
ball,1,64.6,Canterbury,TD Astle,WM Lonsdale,N Wagner,4,0,,,,,,"",""
ball,1,65.1,Canterbury,WM Lonsdale,TD Astle,MD Craig,0,0,,,,,,"",""
ball,1,65.2,Canterbury,WM Lonsdale,TD Astle,MD Craig,0,0,,,,,,"",""
ball,1,65.3,Canterbury,WM Lonsdale,TD Astle,MD Craig,0,0,,,,,,"",""
ball,1,65.4,Canterbury,WM Lonsdale,TD Astle,MD Craig,0,0,,,,,,"",""
ball,1,65.5,Canterbury,WM Lonsdale,TD Astle,MD Craig,0,0,,,,,,"",""
ball,1,65.6,Canterbury,WM Lonsdale,TD Astle,MD Craig,0,0,,,,,,"",""
ball,1,66.1,Canterbury,TD Astle,WM Lonsdale,N Wagner,1,0,,,,,,"",""
ball,1,66.2,Canterbury,WM Lonsdale,TD Astle,N Wagner,0,0,,,,,,"",""
ball,1,66.3,Canterbury,WM Lonsdale,TD Astle,N Wagner,0,0,,,,,,"",""
ball,1,66.4,Canterbury,WM Lonsdale,TD Astle,N Wagner,0,0,,,,,,"",""
ball,1,66.5,Canterbury,WM Lonsdale,TD Astle,N Wagner,1,0,,,,,,"",""
ball,1,66.6,Canterbury,TD Astle,WM Lonsdale,N Wagner,1,0,,,,,,"",""
ball,1,67.1,Canterbury,TD Astle,WM Lonsdale,MD Craig,1,0,,,,,,"",""
ball,1,67.2,Canterbury,WM Lonsdale,TD Astle,MD Craig,0,0,,,,,,"",""
ball,1,67.3,Canterbury,WM Lonsdale,TD Astle,MD Craig,1,0,,,,,,"",""
ball,1,67.4,Canterbury,TD Astle,WM Lonsdale,MD Craig,0,0,,,,,,"",""
ball,1,67.5,Canterbury,TD Astle,WM Lonsdale,MD Craig,1,0,,,,,,"",""
ball,1,67.6,Canterbury,WM Lonsdale,TD Astle,MD Craig,1,0,,,,,,"",""
ball,1,68.1,Canterbury,WM Lonsdale,TD Astle,N Wagner,0,0,,,,,,"",""
ball,1,68.2,Canterbury,WM Lonsdale,TD Astle,N Wagner,0,0,,,,,,"",""
ball,1,68.3,Canterbury,WM Lonsdale,TD Astle,N Wagner,2,0,,,,,,"",""
ball,1,68.4,Canterbury,WM Lonsdale,TD Astle,N Wagner,0,0,,,,,,"",""
ball,1,68.5,Canterbury,WM Lonsdale,TD Astle,N Wagner,0,0,,,,,,"",""
ball,1,68.6,Canterbury,WM Lonsdale,TD Astle,N Wagner,4,1,,1,,,,"",""
ball,1,68.7,Canterbury,WM Lonsdale,TD Astle,N Wagner,0,0,,,,,,"",""
ball,1,69.1,Canterbury,TD Astle,WM Lonsdale,MD Craig,0,0,,,,,,"",""
ball,1,69.2,Canterbury,TD Astle,WM Lonsdale,MD Craig,1,0,,,,,,"",""
ball,1,69.3,Canterbury,WM Lonsdale,TD Astle,MD Craig,0,0,,,,,,"",""
ball,1,69.4,Canterbury,WM Lonsdale,TD Astle,MD Craig,0,0,,,,,,"",""
ball,1,69.5,Canterbury,WM Lonsdale,TD Astle,MD Craig,0,0,,,,,,"",""
ball,1,69.6,Canterbury,WM Lonsdale,TD Astle,MD Craig,0,0,,,,,,"",""
ball,1,70.1,Canterbury,TD Astle,WM Lonsdale,SR Wells,1,0,,,,,,"",""
ball,1,70.2,Canterbury,WM Lonsdale,TD Astle,SR Wells,0,0,,,,,,"",""
ball,1,70.3,Canterbury,WM Lonsdale,TD Astle,SR Wells,0,0,,,,,,"",""
ball,1,70.4,Canterbury,WM Lonsdale,TD Astle,SR Wells,0,0,,,,,,"",""
ball,1,70.5,Canterbury,WM Lonsdale,TD Astle,SR Wells,0,0,,,,,,"",""
ball,1,70.6,Canterbury,WM Lonsdale,TD Astle,SR Wells,0,0,,,,,,"",""
ball,1,71.1,Canterbury,TD Astle,WM Lonsdale,MD Craig,0,0,,,,,,"",""
ball,1,71.2,Canterbury,TD Astle,WM Lonsdale,MD Craig,1,0,,,,,,"",""
ball,1,71.3,Canterbury,WM Lonsdale,TD Astle,MD Craig,0,0,,,,,,"",""
ball,1,71.4,Canterbury,WM Lonsdale,TD Astle,MD Craig,0,0,,,,,,"",""
ball,1,71.5,Canterbury,WM Lonsdale,TD Astle,MD Craig,0,0,,,,,,"",""
ball,1,71.6,Canterbury,WM Lonsdale,TD Astle,MD Craig,0,0,,,,,,"",""
ball,1,72.1,Canterbury,TD Astle,WM Lonsdale,SR Wells,0,0,,,,,,"",""
ball,1,72.2,Canterbury,TD Astle,WM Lonsdale,SR Wells,4,0,,,,,,"",""
ball,1,72.3,Canterbury,TD Astle,WM Lonsdale,SR Wells,0,0,,,,,,"",""
ball,1,72.4,Canterbury,TD Astle,WM Lonsdale,SR Wells,0,0,,,,,,"",""
ball,1,72.5,Canterbury,TD Astle,WM Lonsdale,SR Wells,1,0,,,,,,"",""
ball,1,72.6,Canterbury,WM Lonsdale,TD Astle,SR Wells,0,4,,,,4,,"",""
ball,1,73.1,Canterbury,TD Astle,WM Lonsdale,MD Craig,0,0,,,,,,"",""
ball,1,73.2,Canterbury,TD Astle,WM Lonsdale,MD Craig,0,0,,,,,,"",""
ball,1,73.3,Canterbury,TD Astle,WM Lonsdale,MD Craig,1,0,,,,,,"",""
ball,1,73.4,Canterbury,WM Lonsdale,TD Astle,MD Craig,1,0,,,,,,"",""
ball,1,73.5,Canterbury,TD Astle,WM Lonsdale,MD Craig,0,1,,1,,,,"",""
ball,1,73.6,Canterbury,TD Astle,WM Lonsdale,MD Craig,0,0,,,,,,"",""
ball,1,73.7,Canterbury,TD Astle,WM Lonsdale,MD Craig,0,0,,,,,,"",""
ball,1,74.1,Canterbury,WM Lonsdale,TD Astle,SR Wells,0,0,,,,,,"",""
ball,1,74.2,Canterbury,WM Lonsdale,TD Astle,SR Wells,0,0,,,,,,"",""
ball,1,74.3,Canterbury,WM Lonsdale,TD Astle,SR Wells,0,0,,,,,,"",""
ball,1,74.4,Canterbury,WM Lonsdale,TD Astle,SR Wells,1,0,,,,,,"",""
ball,1,74.5,Canterbury,TD Astle,WM Lonsdale,SR Wells,1,0,,,,,,"",""
ball,1,74.6,Canterbury,WM Lonsdale,TD Astle,SR Wells,0,0,,,,,,"",""
ball,1,75.1,Canterbury,TD Astle,WM Lonsdale,MD Craig,4,0,,,,,,"",""
ball,1,75.2,Canterbury,TD Astle,WM Lonsdale,MD Craig,0,0,,,,,,"",""
ball,1,75.3,Canterbury,TD Astle,WM Lonsdale,MD Craig,1,0,,,,,,"",""
ball,1,75.4,Canterbury,WM Lonsdale,TD Astle,MD Craig,0,0,,,,,,"",""
ball,1,75.5,Canterbury,WM Lonsdale,TD Astle,MD Craig,0,0,,,,,,"",""
ball,1,75.6,Canterbury,WM Lonsdale,TD Astle,MD Craig,0,0,,,,,,"",""
ball,1,76.1,Canterbury,TD Astle,WM Lonsdale,SR Wells,0,0,,,,,,"",""
ball,1,76.2,Canterbury,TD Astle,WM Lonsdale,SR Wells,1,0,,,,,,"",""
ball,1,76.3,Canterbury,WM Lonsdale,TD Astle,SR Wells,2,0,,,,,,"",""
ball,1,76.4,Canterbury,WM Lonsdale,TD Astle,SR Wells,0,0,,,,,,"",""
ball,1,76.5,Canterbury,WM Lonsdale,TD Astle,SR Wells,0,0,,,,,,"",""
ball,1,76.6,Canterbury,WM Lonsdale,TD Astle,SR Wells,3,0,,,,,,"",""
ball,1,77.1,Canterbury,WM Lonsdale,TD Astle,JM McMillan,0,0,,,,,,"",""
ball,1,77.2,Canterbury,WM Lonsdale,TD Astle,JM McMillan,0,0,,,,,,"",""
ball,1,77.3,Canterbury,WM Lonsdale,TD Astle,JM McMillan,4,0,,,,,,"",""
ball,1,77.4,Canterbury,WM Lonsdale,TD Astle,JM McMillan,0,0,,,,,,"",""
ball,1,77.5,Canterbury,WM Lonsdale,TD Astle,JM McMillan,0,0,,,,,,"",""
ball,1,77.6,Canterbury,WM Lonsdale,TD Astle,JM McMillan,3,0,,,,,,"",""
ball,1,78.1,Canterbury,WM Lonsdale,TD Astle,SR Wells,1,0,,,,,,"",""
ball,1,78.2,Canterbury,TD Astle,WM Lonsdale,SR Wells,0,0,,,,,,"",""
ball,1,78.3,Canterbury,TD Astle,WM Lonsdale,SR Wells,0,0,,,,,,"",""
ball,1,78.4,Canterbury,TD Astle,WM Lonsdale,SR Wells,0,1,1,,,,,"",""
ball,1,78.5,Canterbury,TD Astle,WM Lonsdale,SR Wells,4,0,,,,,,"",""
ball,1,78.6,Canterbury,TD Astle,WM Lonsdale,SR Wells,1,0,,,,,,"",""
ball,1,78.7,Canterbury,WM Lonsdale,TD Astle,SR Wells,0,0,,,,,,"",""
ball,1,79.1,Canterbury,TD Astle,WM Lonsdale,JM McMillan,0,0,,,,,,"",""
ball,1,79.2,Canterbury,TD Astle,WM Lonsdale,JM McMillan,0,0,,,,,,"",""
ball,1,79.3,Canterbury,TD Astle,WM Lonsdale,JM McMillan,1,0,,,,,,"",""
ball,1,79.4,Canterbury,WM Lonsdale,TD Astle,JM McMillan,2,0,,,,,,"",""
ball,1,79.5,Canterbury,WM Lonsdale,TD Astle,JM McMillan,0,0,,,,,,"",""
ball,1,79.6,Canterbury,WM Lonsdale,TD Astle,JM McMillan,0,0,,,,,,"",""
ball,1,80.1,Canterbury,TD Astle,WM Lonsdale,N Wagner,0,0,,,,,,"",""
ball,1,80.2,Canterbury,TD Astle,WM Lonsdale,N Wagner,0,0,,,,,,"",""
ball,1,80.3,Canterbury,TD Astle,WM Lonsdale,N Wagner,1,0,,,,,,"",""
ball,1,80.4,Canterbury,WM Lonsdale,TD Astle,N Wagner,4,0,,,,,,"",""
ball,1,80.5,Canterbury,WM Lonsdale,TD Astle,N Wagner,0,0,,,,,,"",""
ball,1,80.6,Canterbury,WM Lonsdale,TD Astle,N Wagner,0,0,,,,,,caught,WM Lonsdale
ball,1,81.1,Canterbury,TD Astle,TG Johnston,JM McMillan,0,0,,,,,,bowled,TD Astle
ball,2,0.1,Otago Volts,AJ Redmond,HD Rutherford,GM Andrew,4,0,,,,,,"",""
ball,2,0.2,Otago Volts,AJ Redmond,HD Rutherford,GM Andrew,1,0,,,,,,"",""
ball,2,0.3,Otago Volts,HD Rutherford,AJ Redmond,GM Andrew,0,0,,,,,,"",""
ball,2,0.4,Otago Volts,HD Rutherford,AJ Redmond,GM Andrew,0,0,,,,,,"",""
ball,2,0.5,Otago Volts,HD Rutherford,AJ Redmond,GM Andrew,2,0,,,,,,"",""
ball,2,0.6,Otago Volts,HD Rutherford,AJ Redmond,GM Andrew,0,0,,,,,,"",""
ball,2,1.1,Otago Volts,AJ Redmond,HD Rutherford,WM Lonsdale,0,0,,,,,,"",""
ball,2,1.2,Otago Volts,AJ Redmond,HD Rutherford,WM Lonsdale,0,0,,,,,,"",""
ball,2,1.3,Otago Volts,AJ Redmond,HD Rutherford,WM Lonsdale,0,0,,,,,,"",""
ball,2,1.4,Otago Volts,AJ Redmond,HD Rutherford,WM Lonsdale,0,2,,,,2,,"",""
ball,2,1.5,Otago Volts,AJ Redmond,HD Rutherford,WM Lonsdale,0,0,,,,,,"",""
ball,2,1.6,Otago Volts,AJ Redmond,HD Rutherford,WM Lonsdale,1,0,,,,,,"",""
ball,2,2.1,Otago Volts,AJ Redmond,HD Rutherford,GM Andrew,0,0,,,,,,"",""
ball,2,2.2,Otago Volts,AJ Redmond,HD Rutherford,GM Andrew,0,0,,,,,,"",""
ball,2,2.3,Otago Volts,AJ Redmond,HD Rutherford,GM Andrew,0,0,,,,,,"",""
ball,2,2.4,Otago Volts,AJ Redmond,HD Rutherford,GM Andrew,0,0,,,,,,"",""
ball,2,2.5,Otago Volts,AJ Redmond,HD Rutherford,GM Andrew,0,0,,,,,,"",""
ball,2,2.6,Otago Volts,AJ Redmond,HD Rutherford,GM Andrew,0,0,,,,,,"",""
ball,2,3.1,Otago Volts,HD Rutherford,AJ Redmond,WM Lonsdale,0,0,,,,,,"",""
ball,2,3.2,Otago Volts,HD Rutherford,AJ Redmond,WM Lonsdale,0,0,,,,,,"",""
ball,2,3.3,Otago Volts,HD Rutherford,AJ Redmond,WM Lonsdale,0,0,,,,,,"",""
ball,2,3.4,Otago Volts,HD Rutherford,AJ Redmond,WM Lonsdale,0,0,,,,,,"",""
ball,2,3.5,Otago Volts,HD Rutherford,AJ Redmond,WM Lonsdale,0,0,,,,,,"",""
ball,2,3.6,Otago Volts,HD Rutherford,AJ Redmond,WM Lonsdale,0,0,,,,,,"",""
ball,2,4.1,Otago Volts,AJ Redmond,HD Rutherford,GM Andrew,0,0,,,,,,"",""
ball,2,4.2,Otago Volts,AJ Redmond,HD Rutherford,GM Andrew,0,0,,,,,,"",""
ball,2,4.3,Otago Volts,AJ Redmond,HD Rutherford,GM Andrew,0,0,,,,,,"",""
ball,2,4.4,Otago Volts,AJ Redmond,HD Rutherford,GM Andrew,0,0,,,,,,"",""
ball,2,4.5,Otago Volts,AJ Redmond,HD Rutherford,GM Andrew,0,0,,,,,,"",""
ball,2,4.6,Otago Volts,AJ Redmond,HD Rutherford,GM Andrew,0,0,,,,,,"",""
ball,2,5.1,Otago Volts,HD Rutherford,AJ Redmond,WM Lonsdale,0,0,,,,,,"",""
ball,2,5.2,Otago Volts,HD Rutherford,AJ Redmond,WM Lonsdale,0,0,,,,,,"",""
ball,2,5.3,Otago Volts,HD Rutherford,AJ Redmond,WM Lonsdale,0,0,,,,,,"",""
ball,2,5.4,Otago Volts,HD Rutherford,AJ Redmond,WM Lonsdale,0,0,,,,,,"",""
ball,2,5.5,Otago Volts,HD Rutherford,AJ Redmond,WM Lonsdale,0,0,,,,,,"",""
ball,2,5.6,Otago Volts,HD Rutherford,AJ Redmond,WM Lonsdale,4,0,,,,,,"",""
ball,2,6.1,Otago Volts,AJ Redmond,HD Rutherford,GM Andrew,0,0,,,,,,"",""
ball,2,6.2,Otago Volts,AJ Redmond,HD Rutherford,GM Andrew,0,0,,,,,,"",""
ball,2,6.3,Otago Volts,AJ Redmond,HD Rutherford,GM Andrew,4,0,,,,,,"",""
ball,2,6.4,Otago Volts,AJ Redmond,HD Rutherford,GM Andrew,0,0,,,,,,"",""
ball,2,6.5,Otago Volts,AJ Redmond,HD Rutherford,GM Andrew,4,0,,,,,,"",""
ball,2,6.6,Otago Volts,AJ Redmond,HD Rutherford,GM Andrew,1,0,,,,,,"",""
ball,2,7.1,Otago Volts,AJ Redmond,HD Rutherford,WM Lonsdale,1,0,,,,,,"",""
ball,2,7.2,Otago Volts,HD Rutherford,AJ Redmond,WM Lonsdale,0,0,,,,,,"",""
ball,2,7.3,Otago Volts,HD Rutherford,AJ Redmond,WM Lonsdale,0,0,,,,,,"",""
ball,2,7.4,Otago Volts,HD Rutherford,AJ Redmond,WM Lonsdale,0,4,,,4,,,"",""
ball,2,7.5,Otago Volts,HD Rutherford,AJ Redmond,WM Lonsdale,4,0,,,,,,"",""
ball,2,7.6,Otago Volts,HD Rutherford,AJ Redmond,WM Lonsdale,2,0,,,,,,"",""
ball,2,8.1,Otago Volts,AJ Redmond,HD Rutherford,GM Andrew,0,0,,,,,,"",""
ball,2,8.2,Otago Volts,AJ Redmond,HD Rutherford,GM Andrew,0,0,,,,,,"",""
ball,2,8.3,Otago Volts,AJ Redmond,HD Rutherford,GM Andrew,3,0,,,,,,"",""
ball,2,8.4,Otago Volts,HD Rutherford,AJ Redmond,GM Andrew,0,0,,,,,,"",""
ball,2,8.5,Otago Volts,HD Rutherford,AJ Redmond,GM Andrew,2,0,,,,,,"",""
ball,2,8.6,Otago Volts,HD Rutherford,AJ Redmond,GM Andrew,0,0,,,,,,"",""
ball,2,9.1,Otago Volts,AJ Redmond,HD Rutherford,WM Lonsdale,1,0,,,,,,"",""
ball,2,9.2,Otago Volts,HD Rutherford,AJ Redmond,WM Lonsdale,0,0,,,,,,"",""
ball,2,9.3,Otago Volts,HD Rutherford,AJ Redmond,WM Lonsdale,3,0,,,,,,"",""
ball,2,9.4,Otago Volts,AJ Redmond,HD Rutherford,WM Lonsdale,0,0,,,,,,"",""
ball,2,9.5,Otago Volts,AJ Redmond,HD Rutherford,WM Lonsdale,0,0,,,,,,"",""
ball,2,9.6,Otago Volts,AJ Redmond,HD Rutherford,WM Lonsdale,0,0,,,,,,"",""
ball,2,10.1,Otago Volts,HD Rutherford,AJ Redmond,TG Johnston,0,0,,,,,,"",""
ball,2,10.2,Otago Volts,HD Rutherford,AJ Redmond,TG Johnston,0,0,,,,,,"",""
ball,2,10.3,Otago Volts,HD Rutherford,AJ Redmond,TG Johnston,0,0,,,,,,"",""
ball,2,10.4,Otago Volts,HD Rutherford,AJ Redmond,TG Johnston,0,0,,,,,,"",""
ball,2,10.5,Otago Volts,HD Rutherford,AJ Redmond,TG Johnston,0,0,,,,,,"",""
ball,2,10.6,Otago Volts,HD Rutherford,AJ Redmond,TG Johnston,0,0,,,,,,"",""
ball,2,11.1,Otago Volts,AJ Redmond,HD Rutherford,TD Astle,0,0,,,,,,"",""
ball,2,11.2,Otago Volts,AJ Redmond,HD Rutherford,TD Astle,2,0,,,,,,"",""
ball,2,11.3,Otago Volts,AJ Redmond,HD Rutherford,TD Astle,2,0,,,,,,"",""
ball,2,11.4,Otago Volts,AJ Redmond,HD Rutherford,TD Astle,0,0,,,,,,"",""
ball,2,11.5,Otago Volts,AJ Redmond,HD Rutherford,TD Astle,0,0,,,,,,"",""
ball,2,11.6,Otago Volts,AJ Redmond,HD Rutherford,TD Astle,0,0,,,,,,"",""
ball,2,12.1,Otago Volts,HD Rutherford,AJ Redmond,TG Johnston,0,0,,,,,,"",""
ball,2,12.2,Otago Volts,HD Rutherford,AJ Redmond,TG Johnston,0,0,,,,,,"",""
ball,2,12.3,Otago Volts,HD Rutherford,AJ Redmond,TG Johnston,0,0,,,,,,"",""
ball,2,12.4,Otago Volts,HD Rutherford,AJ Redmond,TG Johnston,0,0,,,,,,"",""
ball,2,12.5,Otago Volts,HD Rutherford,AJ Redmond,TG Johnston,2,0,,,,,,"",""
ball,2,12.6,Otago Volts,HD Rutherford,AJ Redmond,TG Johnston,0,0,,,,,,"",""
ball,2,13.1,Otago Volts,AJ Redmond,HD Rutherford,TD Astle,4,0,,,,,,"",""
ball,2,13.2,Otago Volts,AJ Redmond,HD Rutherford,TD Astle,0,0,,,,,,"",""
ball,2,13.3,Otago Volts,AJ Redmond,HD Rutherford,TD Astle,0,0,,,,,,"",""
ball,2,13.4,Otago Volts,AJ Redmond,HD Rutherford,TD Astle,0,0,,,,,,"",""
ball,2,13.5,Otago Volts,AJ Redmond,HD Rutherford,TD Astle,2,0,,,,,,"",""
ball,2,13.6,Otago Volts,AJ Redmond,HD Rutherford,TD Astle,0,0,,,,,,"",""
ball,2,14.1,Otago Volts,HD Rutherford,AJ Redmond,TG Johnston,4,0,,,,,,"",""
ball,2,14.2,Otago Volts,HD Rutherford,AJ Redmond,TG Johnston,0,0,,,,,,"",""
ball,2,14.3,Otago Volts,HD Rutherford,AJ Redmond,TG Johnston,0,0,,,,,,"",""
ball,2,14.4,Otago Volts,HD Rutherford,AJ Redmond,TG Johnston,0,0,,,,,,"",""
ball,2,14.5,Otago Volts,HD Rutherford,AJ Redmond,TG Johnston,0,0,,,,,,"",""
ball,2,14.6,Otago Volts,HD Rutherford,AJ Redmond,TG Johnston,4,0,,,,,,"",""
ball,2,15.1,Otago Volts,AJ Redmond,HD Rutherford,WM Lonsdale,0,0,,,,,,"",""
ball,2,15.2,Otago Volts,AJ Redmond,HD Rutherford,WM Lonsdale,0,0,,,,,,"",""
ball,2,15.3,Otago Volts,AJ Redmond,HD Rutherford,WM Lonsdale,0,0,,,,,,"",""
ball,2,15.4,Otago Volts,AJ Redmond,HD Rutherford,WM Lonsdale,0,0,,,,,,"",""
ball,2,15.5,Otago Volts,AJ Redmond,HD Rutherford,WM Lonsdale,4,0,,,,,,"",""
ball,2,15.6,Otago Volts,AJ Redmond,HD Rutherford,WM Lonsdale,0,0,,,,,,"",""
ball,2,16.1,Otago Volts,HD Rutherford,AJ Redmond,GM Andrew,0,0,,,,,,"",""
ball,2,16.2,Otago Volts,HD Rutherford,AJ Redmond,GM Andrew,0,0,,,,,,"",""
ball,2,16.3,Otago Volts,HD Rutherford,AJ Redmond,GM Andrew,0,0,,,,,,"",""
ball,2,16.4,Otago Volts,HD Rutherford,AJ Redmond,GM Andrew,0,0,,,,,,"",""
ball,2,16.5,Otago Volts,HD Rutherford,AJ Redmond,GM Andrew,4,0,,,,,,"",""
ball,2,16.6,Otago Volts,HD Rutherford,AJ Redmond,GM Andrew,0,0,,,,,,"",""
ball,2,17.1,Otago Volts,AJ Redmond,HD Rutherford,WM Lonsdale,0,0,,,,,,"",""
ball,2,17.2,Otago Volts,AJ Redmond,HD Rutherford,WM Lonsdale,0,0,,,,,,"",""
ball,2,17.3,Otago Volts,AJ Redmond,HD Rutherford,WM Lonsdale,0,0,,,,,,"",""
ball,2,17.4,Otago Volts,AJ Redmond,HD Rutherford,WM Lonsdale,0,0,,,,,,"",""
ball,2,17.5,Otago Volts,AJ Redmond,HD Rutherford,WM Lonsdale,0,0,,,,,,"",""
ball,2,17.6,Otago Volts,AJ Redmond,HD Rutherford,WM Lonsdale,0,0,,,,,,"",""
ball,2,18.1,Otago Volts,HD Rutherford,AJ Redmond,GM Andrew,0,0,,,,,,"",""
ball,2,18.2,Otago Volts,HD Rutherford,AJ Redmond,GM Andrew,4,0,,,,,,"",""
ball,2,18.3,Otago Volts,HD Rutherford,AJ Redmond,GM Andrew,0,0,,,,,,"",""
ball,2,18.4,Otago Volts,HD Rutherford,AJ Redmond,GM Andrew,4,0,,,,,,"",""
ball,2,18.5,Otago Volts,HD Rutherford,AJ Redmond,GM Andrew,4,0,,,,,,"",""
ball,2,18.6,Otago Volts,HD Rutherford,AJ Redmond,GM Andrew,0,0,,,,,,"",""
ball,2,19.1,Otago Volts,AJ Redmond,HD Rutherford,WM Lonsdale,0,0,,,,,,"",""
ball,2,19.2,Otago Volts,AJ Redmond,HD Rutherford,WM Lonsdale,0,0,,,,,,"",""
ball,2,19.3,Otago Volts,AJ Redmond,HD Rutherford,WM Lonsdale,0,0,,,,,,"",""
ball,2,19.4,Otago Volts,AJ Redmond,HD Rutherford,WM Lonsdale,0,0,,,,,,"",""
ball,2,19.5,Otago Volts,AJ Redmond,HD Rutherford,WM Lonsdale,3,0,,,,,,"",""
ball,2,19.6,Otago Volts,HD Rutherford,AJ Redmond,WM Lonsdale,0,0,,,,,,"",""
ball,2,20.1,Otago Volts,AJ Redmond,HD Rutherford,BEW McCord,0,0,,,,,,"",""
ball,2,20.2,Otago Volts,AJ Redmond,HD Rutherford,BEW McCord,1,0,,,,,,"",""
ball,2,20.3,Otago Volts,HD Rutherford,AJ Redmond,BEW McCord,0,0,,,,,,"",""
ball,2,20.4,Otago Volts,HD Rutherford,AJ Redmond,BEW McCord,0,0,,,,,,"",""
ball,2,20.5,Otago Volts,HD Rutherford,AJ Redmond,BEW McCord,0,0,,,,,,"",""
ball,2,20.6,Otago Volts,HD Rutherford,AJ Redmond,BEW McCord,0,0,,,,,,"",""
ball,2,21.1,Otago Volts,AJ Redmond,HD Rutherford,WM Lonsdale,0,0,,,,,,"",""
ball,2,21.2,Otago Volts,AJ Redmond,HD Rutherford,WM Lonsdale,0,0,,,,,,"",""
ball,2,21.3,Otago Volts,AJ Redmond,HD Rutherford,WM Lonsdale,0,0,,,,,,"",""
ball,2,21.4,Otago Volts,AJ Redmond,HD Rutherford,WM Lonsdale,0,0,,,,,,"",""
ball,2,21.5,Otago Volts,AJ Redmond,HD Rutherford,WM Lonsdale,0,0,,,,,,"",""
ball,2,21.6,Otago Volts,AJ Redmond,HD Rutherford,WM Lonsdale,4,0,,,,,,"",""
ball,2,22.1,Otago Volts,HD Rutherford,AJ Redmond,BEW McCord,0,0,,,,,,"",""
ball,2,22.2,Otago Volts,HD Rutherford,AJ Redmond,BEW McCord,4,0,,,,,,"",""
ball,2,22.3,Otago Volts,HD Rutherford,AJ Redmond,BEW McCord,0,0,,,,,,"",""
ball,2,22.4,Otago Volts,HD Rutherford,AJ Redmond,BEW McCord,0,0,,,,,,"",""
ball,2,22.5,Otago Volts,HD Rutherford,AJ Redmond,BEW McCord,2,0,,,,,,"",""
ball,2,22.6,Otago Volts,HD Rutherford,AJ Redmond,BEW McCord,0,0,,,,,,"",""
ball,2,23.1,Otago Volts,AJ Redmond,HD Rutherford,WM Lonsdale,0,0,,,,,,"",""
ball,2,23.2,Otago Volts,AJ Redmond,HD Rutherford,WM Lonsdale,0,0,,,,,,"",""
ball,2,23.3,Otago Volts,AJ Redmond,HD Rutherford,WM Lonsdale,4,0,,,,,,"",""
ball,2,23.4,Otago Volts,AJ Redmond,HD Rutherford,WM Lonsdale,0,0,,,,,,"",""
ball,2,23.5,Otago Volts,AJ Redmond,HD Rutherford,WM Lonsdale,0,0,,,,,,"",""
ball,2,23.6,Otago Volts,AJ Redmond,HD Rutherford,WM Lonsdale,0,0,,,,,,"",""
ball,2,24.1,Otago Volts,HD Rutherford,AJ Redmond,BEW McCord,4,0,,,,,,"",""
ball,2,24.2,Otago Volts,HD Rutherford,AJ Redmond,BEW McCord,0,0,,,,,,"",""
ball,2,24.3,Otago Volts,HD Rutherford,AJ Redmond,BEW McCord,0,0,,,,,,"",""
ball,2,24.4,Otago Volts,HD Rutherford,AJ Redmond,BEW McCord,0,0,,,,,,"",""
ball,2,24.5,Otago Volts,HD Rutherford,AJ Redmond,BEW McCord,0,0,,,,,,"",""
ball,2,24.6,Otago Volts,HD Rutherford,AJ Redmond,BEW McCord,2,0,,,,,,"",""
ball,2,25.1,Otago Volts,AJ Redmond,HD Rutherford,WM Lonsdale,3,0,,,,,,"",""
ball,2,25.2,Otago Volts,HD Rutherford,AJ Redmond,WM Lonsdale,0,0,,,,,,"",""
ball,2,25.3,Otago Volts,HD Rutherford,AJ Redmond,WM Lonsdale,0,5,5,,,,,"",""
ball,2,25.4,Otago Volts,HD Rutherford,AJ Redmond,WM Lonsdale,1,0,,,,,,"",""
ball,2,25.5,Otago Volts,AJ Redmond,HD Rutherford,WM Lonsdale,0,0,,,,,,"",""
ball,2,25.6,Otago Volts,AJ Redmond,HD Rutherford,WM Lonsdale,0,0,,,,,,"",""
ball,2,25.7,Otago Volts,AJ Redmond,HD Rutherford,WM Lonsdale,0,0,,,,,,"",""
ball,2,26.1,Otago Volts,HD Rutherford,AJ Redmond,BEW McCord,0,0,,,,,,"",""
ball,2,26.2,Otago Volts,HD Rutherford,AJ Redmond,BEW McCord,3,0,,,,,,"",""
ball,2,26.3,Otago Volts,AJ Redmond,HD Rutherford,BEW McCord,0,0,,,,,,"",""
ball,2,26.4,Otago Volts,AJ Redmond,HD Rutherford,BEW McCord,3,0,,,,,,"",""
ball,2,26.5,Otago Volts,HD Rutherford,AJ Redmond,BEW McCord,0,0,,,,,,"",""
ball,2,26.6,Otago Volts,HD Rutherford,AJ Redmond,BEW McCord,0,0,,,,,,"",""
ball,2,27.1,Otago Volts,AJ Redmond,HD Rutherford,GM Andrew,2,0,,,,,,"",""
ball,2,27.2,Otago Volts,AJ Redmond,HD Rutherford,GM Andrew,4,0,,,,,,"",""
ball,2,27.3,Otago Volts,AJ Redmond,HD Rutherford,GM Andrew,0,0,,,,,,"",""
ball,2,27.4,Otago Volts,AJ Redmond,HD Rutherford,GM Andrew,1,0,,,,,,"",""
ball,2,27.5,Otago Volts,HD Rutherford,AJ Redmond,GM Andrew,4,0,,,,,,"",""
ball,2,27.6,Otago Volts,HD Rutherford,AJ Redmond,GM Andrew,0,0,,,,,,"",""
ball,2,28.1,Otago Volts,AJ Redmond,HD Rutherford,TG Johnston,0,0,,,,,,"",""
ball,2,28.2,Otago Volts,AJ Redmond,HD Rutherford,TG Johnston,4,0,,,,,,"",""
ball,2,28.3,Otago Volts,AJ Redmond,HD Rutherford,TG Johnston,0,0,,,,,,"",""
ball,2,28.4,Otago Volts,AJ Redmond,HD Rutherford,TG Johnston,1,0,,,,,,"",""
ball,2,28.5,Otago Volts,HD Rutherford,AJ Redmond,TG Johnston,0,0,,,,,,"",""
ball,2,28.6,Otago Volts,HD Rutherford,AJ Redmond,TG Johnston,0,0,,,,,,"",""
ball,2,29.1,Otago Volts,AJ Redmond,HD Rutherford,GM Andrew,0,0,,,,,,"",""
ball,2,29.2,Otago Volts,AJ Redmond,HD Rutherford,GM Andrew,0,0,,,,,,"",""
ball,2,29.3,Otago Volts,AJ Redmond,HD Rutherford,GM Andrew,0,0,,,,,,"",""
ball,2,29.4,Otago Volts,AJ Redmond,HD Rutherford,GM Andrew,0,0,,,,,,"",""
ball,2,29.5,Otago Volts,AJ Redmond,HD Rutherford,GM Andrew,0,0,,,,,,"",""
ball,2,29.6,Otago Volts,AJ Redmond,HD Rutherford,GM Andrew,0,0,,,,,,"",""
ball,2,30.1,Otago Volts,HD Rutherford,AJ Redmond,TG Johnston,0,0,,,,,,"",""
ball,2,30.2,Otago Volts,HD Rutherford,AJ Redmond,TG Johnston,4,0,,,,,,"",""
ball,2,30.3,Otago Volts,HD Rutherford,AJ Redmond,TG Johnston,0,0,,,,,,"",""
ball,2,30.4,Otago Volts,HD Rutherford,AJ Redmond,TG Johnston,0,0,,,,,,"",""
ball,2,30.5,Otago Volts,HD Rutherford,AJ Redmond,TG Johnston,0,0,,,,,,"",""
ball,2,30.6,Otago Volts,HD Rutherford,AJ Redmond,TG Johnston,0,0,,,,,,"",""
ball,2,31.1,Otago Volts,AJ Redmond,HD Rutherford,GM Andrew,0,0,,,,,,"",""
ball,2,31.2,Otago Volts,AJ Redmond,HD Rutherford,GM Andrew,1,0,,,,,,"",""
ball,2,31.3,Otago Volts,HD Rutherford,AJ Redmond,GM Andrew,0,0,,,,,,"",""
ball,2,31.4,Otago Volts,HD Rutherford,AJ Redmond,GM Andrew,0,0,,,,,,"",""
ball,2,31.5,Otago Volts,HD Rutherford,AJ Redmond,GM Andrew,4,0,,,,,,"",""
ball,2,31.6,Otago Volts,HD Rutherford,AJ Redmond,GM Andrew,0,0,,,,,,"",""
ball,2,32.1,Otago Volts,AJ Redmond,HD Rutherford,TG Johnston,1,0,,,,,,"",""
ball,2,32.2,Otago Volts,HD Rutherford,AJ Redmond,TG Johnston,1,0,,,,,,"",""
ball,2,32.3,Otago Volts,AJ Redmond,HD Rutherford,TG Johnston,0,1,,,,1,,"",""
ball,2,32.4,Otago Volts,HD Rutherford,AJ Redmond,TG Johnston,0,0,,,,,,"",""
ball,2,32.5,Otago Volts,HD Rutherford,AJ Redmond,TG Johnston,0,0,,,,,,"",""
ball,2,32.6,Otago Volts,HD Rutherford,AJ Redmond,TG Johnston,0,0,,,,,,"",""
ball,2,33.1,Otago Volts,AJ Redmond,HD Rutherford,GM Andrew,0,0,,,,,,"",""
ball,2,33.2,Otago Volts,AJ Redmond,HD Rutherford,GM Andrew,0,0,,,,,,"",""
ball,2,33.3,Otago Volts,AJ Redmond,HD Rutherford,GM Andrew,0,0,,,,,,"",""
ball,2,33.4,Otago Volts,AJ Redmond,HD Rutherford,GM Andrew,0,0,,,,,,"",""
ball,2,33.5,Otago Volts,AJ Redmond,HD Rutherford,GM Andrew,0,0,,,,,,"",""
ball,2,33.6,Otago Volts,AJ Redmond,HD Rutherford,GM Andrew,0,0,,,,,,"",""
ball,2,34.1,Otago Volts,HD Rutherford,AJ Redmond,TG Johnston,0,0,,,,,,"",""
ball,2,34.2,Otago Volts,HD Rutherford,AJ Redmond,TG Johnston,1,0,,,,,,"",""
ball,2,34.3,Otago Volts,AJ Redmond,HD Rutherford,TG Johnston,0,0,,,,,,"",""
ball,2,34.4,Otago Volts,AJ Redmond,HD Rutherford,TG Johnston,1,0,,,,,,"",""
ball,2,34.5,Otago Volts,HD Rutherford,AJ Redmond,TG Johnston,0,0,,,,,,"",""
ball,2,34.6,Otago Volts,HD Rutherford,AJ Redmond,TG Johnston,1,0,,,,,,"",""
ball,2,35.1,Otago Volts,HD Rutherford,AJ Redmond,GM Andrew,0,0,,,,,,"",""
ball,2,35.2,Otago Volts,HD Rutherford,AJ Redmond,GM Andrew,1,0,,,,,,"",""
ball,2,35.3,Otago Volts,AJ Redmond,HD Rutherford,GM Andrew,4,0,,,,,,"",""
ball,2,35.4,Otago Volts,AJ Redmond,HD Rutherford,GM Andrew,0,0,,,,,,"",""
ball,2,35.5,Otago Volts,AJ Redmond,HD Rutherford,GM Andrew,0,0,,,,,,"",""
ball,2,35.6,Otago Volts,AJ Redmond,HD Rutherford,GM Andrew,1,0,,,,,,"",""
ball,2,36.1,Otago Volts,AJ Redmond,HD Rutherford,TG Johnston,0,0,,,,,,"",""
ball,2,36.2,Otago Volts,AJ Redmond,HD Rutherford,TG Johnston,0,0,,,,,,"",""
ball,2,36.3,Otago Volts,AJ Redmond,HD Rutherford,TG Johnston,0,0,,,,,,"",""
ball,2,36.4,Otago Volts,AJ Redmond,HD Rutherford,TG Johnston,1,0,,,,,,"",""
ball,2,36.5,Otago Volts,HD Rutherford,AJ Redmond,TG Johnston,4,0,,,,,,"",""
ball,2,36.6,Otago Volts,HD Rutherford,AJ Redmond,TG Johnston,1,0,,,,,,"",""
ball,2,37.1,Otago Volts,HD Rutherford,AJ Redmond,GM Andrew,0,0,,,,,,"",""
ball,2,37.2,Otago Volts,HD Rutherford,AJ Redmond,GM Andrew,1,0,,,,,,"",""
ball,2,37.3,Otago Volts,AJ Redmond,HD Rutherford,GM Andrew,0,0,,,,,,"",""
ball,2,37.4,Otago Volts,AJ Redmond,HD Rutherford,GM Andrew,0,0,,,,,,"",""
ball,2,37.5,Otago Volts,AJ Redmond,HD Rutherford,GM Andrew,0,0,,,,,,"",""
ball,2,37.6,Otago Volts,AJ Redmond,HD Rutherford,GM Andrew,1,0,,,,,,"",""
ball,2,38.1,Otago Volts,AJ Redmond,HD Rutherford,TG Johnston,2,0,,,,,,"",""
ball,2,38.2,Otago Volts,AJ Redmond,HD Rutherford,TG Johnston,1,0,,,,,,"",""
ball,2,38.3,Otago Volts,HD Rutherford,AJ Redmond,TG Johnston,1,0,,,,,,"",""
ball,2,38.4,Otago Volts,AJ Redmond,HD Rutherford,TG Johnston,1,0,,,,,,"",""
ball,2,38.5,Otago Volts,HD Rutherford,AJ Redmond,TG Johnston,0,0,,,,,,"",""
ball,2,38.6,Otago Volts,HD Rutherford,AJ Redmond,TG Johnston,0,0,,,,,,"",""
ball,2,39.1,Otago Volts,AJ Redmond,HD Rutherford,GM Andrew,0,0,,,,,,"",""
ball,2,39.2,Otago Volts,AJ Redmond,HD Rutherford,GM Andrew,0,0,,,,,,"",""
ball,2,39.3,Otago Volts,AJ Redmond,HD Rutherford,GM Andrew,0,0,,,,,,"",""
ball,2,39.4,Otago Volts,AJ Redmond,HD Rutherford,GM Andrew,0,0,,,,,,"",""
ball,2,39.5,Otago Volts,AJ Redmond,HD Rutherford,GM Andrew,3,0,,,,,,"",""
ball,2,39.6,Otago Volts,HD Rutherford,AJ Redmond,GM Andrew,0,0,,,,,,"",""
ball,2,40.1,Otago Volts,AJ Redmond,HD Rutherford,TG Johnston,0,0,,,,,,"",""
ball,2,40.2,Otago Volts,AJ Redmond,HD Rutherford,TG Johnston,0,0,,,,,,"",""
ball,2,40.3,Otago Volts,AJ Redmond,HD Rutherford,TG Johnston,0,0,,,,,,"",""
ball,2,40.4,Otago Volts,AJ Redmond,HD Rutherford,TG Johnston,0,0,,,,,,"",""
ball,2,40.5,Otago Volts,AJ Redmond,HD Rutherford,TG Johnston,0,0,,,,,,"",""
ball,2,40.6,Otago Volts,AJ Redmond,HD Rutherford,TG Johnston,0,0,,,,,,"",""
ball,2,41.1,Otago Volts,HD Rutherford,AJ Redmond,GM Andrew,4,0,,,,,,"",""
ball,2,41.2,Otago Volts,HD Rutherford,AJ Redmond,GM Andrew,0,0,,,,,,"",""
ball,2,41.3,Otago Volts,HD Rutherford,AJ Redmond,GM Andrew,1,0,,,,,,"",""
ball,2,41.4,Otago Volts,AJ Redmond,HD Rutherford,GM Andrew,0,0,,,,,,"",""
ball,2,41.5,Otago Volts,AJ Redmond,HD Rutherford,GM Andrew,1,0,,,,,,"",""
ball,2,41.6,Otago Volts,HD Rutherford,AJ Redmond,GM Andrew,0,0,,,,,,"",""
ball,2,42.1,Otago Volts,AJ Redmond,HD Rutherford,TG Johnston,0,0,,,,,,"",""
ball,2,42.2,Otago Volts,AJ Redmond,HD Rutherford,TG Johnston,1,0,,,,,,"",""
ball,2,42.3,Otago Volts,HD Rutherford,AJ Redmond,TG Johnston,4,0,,,,,,"",""
ball,2,42.4,Otago Volts,HD Rutherford,AJ Redmond,TG Johnston,0,0,,,,,,bowled,HD Rutherford
ball,2,42.5,Otago Volts,MG Bracewell,AJ Redmond,TG Johnston,0,0,,,,,,"",""
ball,2,42.6,Otago Volts,MG Bracewell,AJ Redmond,TG Johnston,0,0,,,,,,"",""
ball,2,43.1,Otago Volts,AJ Redmond,MG Bracewell,WM Lonsdale,0,0,,,,,,"",""
ball,2,43.2,Otago Volts,AJ Redmond,MG Bracewell,WM Lonsdale,1,0,,,,,,"",""
ball,2,43.3,Otago Volts,MG Bracewell,AJ Redmond,WM Lonsdale,1,0,,,,,,"",""
ball,2,43.4,Otago Volts,AJ Redmond,MG Bracewell,WM Lonsdale,0,0,,,,,,"",""
ball,2,43.5,Otago Volts,AJ Redmond,MG Bracewell,WM Lonsdale,0,0,,,,,,"",""
ball,2,43.6,Otago Volts,AJ Redmond,MG Bracewell,WM Lonsdale,1,0,,,,,,"",""
ball,2,44.1,Otago Volts,AJ Redmond,MG Bracewell,TG Johnston,1,0,,,,,,"",""
ball,2,44.2,Otago Volts,MG Bracewell,AJ Redmond,TG Johnston,0,0,,,,,,"",""
ball,2,44.3,Otago Volts,MG Bracewell,AJ Redmond,TG Johnston,0,0,,,,,,"",""
ball,2,44.4,Otago Volts,MG Bracewell,AJ Redmond,TG Johnston,0,0,,,,,,"",""
ball,2,44.5,Otago Volts,MG Bracewell,AJ Redmond,TG Johnston,0,0,,,,,,"",""
ball,2,44.6,Otago Volts,MG Bracewell,AJ Redmond,TG Johnston,0,3,,,3,,,"",""
ball,2,45.1,Otago Volts,MG Bracewell,AJ Redmond,WM Lonsdale,1,0,,,,,,"",""
ball,2,45.2,Otago Volts,AJ Redmond,MG Bracewell,WM Lonsdale,4,0,,,,,,"",""
ball,2,45.3,Otago Volts,AJ Redmond,MG Bracewell,WM Lonsdale,0,0,,,,,,"",""
ball,2,45.4,Otago Volts,AJ Redmond,MG Bracewell,WM Lonsdale,1,0,,,,,,"",""
ball,2,45.5,Otago Volts,MG Bracewell,AJ Redmond,WM Lonsdale,0,0,,,,,,"",""
ball,2,45.6,Otago Volts,MG Bracewell,AJ Redmond,WM Lonsdale,4,0,,,,,,"",""
ball,2,46.1,Otago Volts,AJ Redmond,MG Bracewell,TG Johnston,0,0,,,,,,"",""
ball,2,46.2,Otago Volts,AJ Redmond,MG Bracewell,TG Johnston,0,0,,,,,,"",""
ball,2,46.3,Otago Volts,AJ Redmond,MG Bracewell,TG Johnston,2,0,,,,,,"",""
ball,2,46.4,Otago Volts,AJ Redmond,MG Bracewell,TG Johnston,1,0,,,,,,"",""
ball,2,46.5,Otago Volts,MG Bracewell,AJ Redmond,TG Johnston,0,0,,,,,,"",""
ball,2,46.6,Otago Volts,MG Bracewell,AJ Redmond,TG Johnston,1,0,,,,,,"",""
ball,2,47.1,Otago Volts,MG Bracewell,AJ Redmond,TD Astle,0,0,,,,,,"",""
ball,2,47.2,Otago Volts,MG Bracewell,AJ Redmond,TD Astle,1,0,,,,,,"",""
ball,2,47.3,Otago Volts,AJ Redmond,MG Bracewell,TD Astle,1,0,,,,,,"",""
ball,2,47.4,Otago Volts,MG Bracewell,AJ Redmond,TD Astle,0,0,,,,,,"",""
ball,2,47.5,Otago Volts,MG Bracewell,AJ Redmond,TD Astle,0,0,,,,,,"",""
ball,2,47.6,Otago Volts,MG Bracewell,AJ Redmond,TD Astle,0,0,,,,,,"",""
ball,2,48.1,Otago Volts,AJ Redmond,MG Bracewell,TG Johnston,0,0,,,,,,"",""
ball,2,48.2,Otago Volts,AJ Redmond,MG Bracewell,TG Johnston,0,0,,,,,,"",""
ball,2,48.3,Otago Volts,AJ Redmond,MG Bracewell,TG Johnston,2,0,,,,,,"",""
ball,2,48.4,Otago Volts,AJ Redmond,MG Bracewell,TG Johnston,0,0,,,,,,"",""
ball,2,48.5,Otago Volts,AJ Redmond,MG Bracewell,TG Johnston,0,0,,,,,,"",""
ball,2,48.6,Otago Volts,AJ Redmond,MG Bracewell,TG Johnston,1,0,,,,,,"",""
ball,2,49.1,Otago Volts,AJ Redmond,MG Bracewell,TD Astle,0,0,,,,,,"",""
ball,2,49.2,Otago Volts,AJ Redmond,MG Bracewell,TD Astle,0,0,,,,,,"",""
ball,2,49.3,Otago Volts,AJ Redmond,MG Bracewell,TD Astle,0,0,,,,,,"",""
ball,2,49.4,Otago Volts,AJ Redmond,MG Bracewell,TD Astle,0,0,,,,,,"",""
ball,2,49.5,Otago Volts,AJ Redmond,MG Bracewell,TD Astle,0,0,,,,,,"",""
ball,2,49.6,Otago Volts,AJ Redmond,MG Bracewell,TD Astle,1,0,,,,,,"",""
ball,2,50.1,Otago Volts,AJ Redmond,MG Bracewell,TG Johnston,0,0,,,,,,"",""
ball,2,50.2,Otago Volts,AJ Redmond,MG Bracewell,TG Johnston,0,0,,,,,,"",""
ball,2,50.3,Otago Volts,AJ Redmond,MG Bracewell,TG Johnston,0,0,,,,,,"",""
ball,2,50.4,Otago Volts,AJ Redmond,MG Bracewell,TG Johnston,0,0,,,,,,"",""
ball,2,50.5,Otago Volts,AJ Redmond,MG Bracewell,TG Johnston,0,0,,,,,,"",""
ball,2,50.6,Otago Volts,AJ Redmond,MG Bracewell,TG Johnston,0,0,,,,,,"",""
ball,2,51.1,Otago Volts,MG Bracewell,AJ Redmond,BEW McCord,0,0,,,,,,"",""
ball,2,51.2,Otago Volts,MG Bracewell,AJ Redmond,BEW McCord,0,0,,,,,,"",""
ball,2,51.3,Otago Volts,MG Bracewell,AJ Redmond,BEW McCord,0,0,,,,,,"",""
ball,2,51.4,Otago Volts,MG Bracewell,AJ Redmond,BEW McCord,0,0,,,,,,"",""
ball,2,51.5,Otago Volts,MG Bracewell,AJ Redmond,BEW McCord,0,0,,,,,,"",""
ball,2,51.6,Otago Volts,MG Bracewell,AJ Redmond,BEW McCord,0,0,,,,,,"",""
ball,2,52.1,Otago Volts,AJ Redmond,MG Bracewell,TG Johnston,0,0,,,,,,"",""
ball,2,52.2,Otago Volts,AJ Redmond,MG Bracewell,TG Johnston,0,0,,,,,,"",""
ball,2,52.3,Otago Volts,AJ Redmond,MG Bracewell,TG Johnston,0,0,,,,,,"",""
ball,2,52.4,Otago Volts,AJ Redmond,MG Bracewell,TG Johnston,0,0,,,,,,"",""
ball,2,52.5,Otago Volts,AJ Redmond,MG Bracewell,TG Johnston,0,0,,,,,,"",""
ball,2,52.6,Otago Volts,AJ Redmond,MG Bracewell,TG Johnston,1,0,,,,,,"",""
ball,2,53.1,Otago Volts,AJ Redmond,MG Bracewell,BEW McCord,2,0,,,,,,"",""
ball,2,53.2,Otago Volts,AJ Redmond,MG Bracewell,BEW McCord,1,0,,,,,,"",""
ball,2,53.3,Otago Volts,MG Bracewell,AJ Redmond,BEW McCord,3,0,,,,,,"",""
ball,2,53.4,Otago Volts,AJ Redmond,MG Bracewell,BEW McCord,0,0,,,,,,"",""
ball,2,53.5,Otago Volts,AJ Redmond,MG Bracewell,BEW McCord,0,0,,,,,,"",""
ball,2,53.6,Otago Volts,AJ Redmond,MG Bracewell,BEW McCord,0,0,,,,,,"",""
ball,2,54.1,Otago Volts,MG Bracewell,AJ Redmond,TG Johnston,4,0,,,,,,"",""
ball,2,54.2,Otago Volts,MG Bracewell,AJ Redmond,TG Johnston,0,0,,,,,,"",""
ball,2,54.3,Otago Volts,MG Bracewell,AJ Redmond,TG Johnston,0,0,,,,,,"",""
ball,2,54.4,Otago Volts,MG Bracewell,AJ Redmond,TG Johnston,0,0,,,,,,"",""
ball,2,54.5,Otago Volts,MG Bracewell,AJ Redmond,TG Johnston,0,0,,,,,,"",""
ball,2,54.6,Otago Volts,MG Bracewell,AJ Redmond,TG Johnston,0,0,,,,,,"",""
ball,2,55.1,Otago Volts,AJ Redmond,MG Bracewell,BEW McCord,0,0,,,,,,"",""
ball,2,55.2,Otago Volts,AJ Redmond,MG Bracewell,BEW McCord,1,0,,,,,,"",""
ball,2,55.3,Otago Volts,MG Bracewell,AJ Redmond,BEW McCord,0,0,,,,,,"",""
ball,2,55.4,Otago Volts,MG Bracewell,AJ Redmond,BEW McCord,0,0,,,,,,"",""
ball,2,55.5,Otago Volts,MG Bracewell,AJ Redmond,BEW McCord,0,0,,,,,,"",""
ball,2,55.6,Otago Volts,MG Bracewell,AJ Redmond,BEW McCord,0,0,,,,,,"",""
ball,2,56.1,Otago Volts,AJ Redmond,MG Bracewell,TG Johnston,0,0,,,,,,"",""
ball,2,56.2,Otago Volts,AJ Redmond,MG Bracewell,TG Johnston,0,0,,,,,,"",""
ball,2,56.3,Otago Volts,AJ Redmond,MG Bracewell,TG Johnston,1,0,,,,,,"",""
ball,2,56.4,Otago Volts,MG Bracewell,AJ Redmond,TG Johnston,0,0,,,,,,"",""
ball,2,56.5,Otago Volts,MG Bracewell,AJ Redmond,TG Johnston,0,0,,,,,,"",""
ball,2,56.6,Otago Volts,MG Bracewell,AJ Redmond,TG Johnston,0,0,,,,,,"",""
ball,2,57.1,Otago Volts,AJ Redmond,MG Bracewell,BEW McCord,0,0,,,,,,"",""
ball,2,57.2,Otago Volts,AJ Redmond,MG Bracewell,BEW McCord,0,0,,,,,,"",""
ball,2,57.3,Otago Volts,AJ Redmond,MG Bracewell,BEW McCord,0,0,,,,,,"",""
ball,2,57.4,Otago Volts,AJ Redmond,MG Bracewell,BEW McCord,4,0,,,,,,"",""
ball,2,57.5,Otago Volts,AJ Redmond,MG Bracewell,BEW McCord,1,0,,,,,,"",""
ball,2,57.6,Otago Volts,MG Bracewell,AJ Redmond,BEW McCord,0,0,,,,,,"",""
ball,2,58.1,Otago Volts,AJ Redmond,MG Bracewell,TG Johnston,6,0,,,,,,"",""
ball,2,58.2,Otago Volts,AJ Redmond,MG Bracewell,TG Johnston,2,0,,,,,,"",""
ball,2,58.3,Otago Volts,AJ Redmond,MG Bracewell,TG Johnston,4,0,,,,,,"",""
ball,2,58.4,Otago Volts,AJ Redmond,MG Bracewell,TG Johnston,1,0,,,,,,"",""
ball,2,58.5,Otago Volts,MG Bracewell,AJ Redmond,TG Johnston,0,0,,,,,,"",""
ball,2,58.6,Otago Volts,MG Bracewell,AJ Redmond,TG Johnston,0,0,,,,,,"",""
ball,2,59.1,Otago Volts,AJ Redmond,MG Bracewell,BEW McCord,0,0,,,,,,"",""
ball,2,59.2,Otago Volts,AJ Redmond,MG Bracewell,BEW McCord,0,0,,,,,,"",""
ball,2,59.3,Otago Volts,AJ Redmond,MG Bracewell,BEW McCord,0,0,,,,,,"",""
ball,2,59.4,Otago Volts,AJ Redmond,MG Bracewell,BEW McCord,1,0,,,,,,"",""
ball,2,59.5,Otago Volts,MG Bracewell,AJ Redmond,BEW McCord,0,0,,,,,,"",""
ball,2,59.6,Otago Volts,MG Bracewell,AJ Redmond,BEW McCord,0,0,,,,,,"",""
ball,2,60.1,Otago Volts,AJ Redmond,MG Bracewell,TG Johnston,0,0,,,,,,"",""
ball,2,60.2,Otago Volts,AJ Redmond,MG Bracewell,TG Johnston,0,0,,,,,,"",""
ball,2,60.3,Otago Volts,AJ Redmond,MG Bracewell,TG Johnston,0,0,,,,,,"",""
ball,2,60.4,Otago Volts,AJ Redmond,MG Bracewell,TG Johnston,1,0,,,,,,"",""
ball,2,60.5,Otago Volts,MG Bracewell,AJ Redmond,TG Johnston,1,0,,,,,,"",""
ball,2,60.6,Otago Volts,AJ Redmond,MG Bracewell,TG Johnston,1,0,,,,,,"",""
ball,2,61.1,Otago Volts,AJ Redmond,MG Bracewell,BEW McCord,1,0,,,,,,"",""
ball,2,61.2,Otago Volts,MG Bracewell,AJ Redmond,BEW McCord,0,0,,,,,,"",""
ball,2,61.3,Otago Volts,MG Bracewell,AJ Redmond,BEW McCord,0,0,,,,,,"",""
ball,2,61.4,Otago Volts,MG Bracewell,AJ Redmond,BEW McCord,0,0,,,,,,"",""
ball,2,61.5,Otago Volts,MG Bracewell,AJ Redmond,BEW McCord,0,0,,,,,,"",""
ball,2,61.6,Otago Volts,MG Bracewell,AJ Redmond,BEW McCord,0,0,,,,,,"",""
ball,2,62.1,Otago Volts,AJ Redmond,MG Bracewell,TG Johnston,0,0,,,,,,"",""
ball,2,62.2,Otago Volts,AJ Redmond,MG Bracewell,TG Johnston,4,0,,,,,,"",""
ball,2,62.3,Otago Volts,AJ Redmond,MG Bracewell,TG Johnston,0,0,,,,,,"",""
ball,2,62.4,Otago Volts,AJ Redmond,MG Bracewell,TG Johnston,0,0,,,,,,"",""
ball,2,62.5,Otago Volts,AJ Redmond,MG Bracewell,TG Johnston,0,0,,,,,,"",""
ball,2,62.6,Otago Volts,AJ Redmond,MG Bracewell,TG Johnston,0,0,,,,,,"",""
ball,2,63.1,Otago Volts,MG Bracewell,AJ Redmond,BEW McCord,0,0,,,,,,"",""
ball,2,63.2,Otago Volts,MG Bracewell,AJ Redmond,BEW McCord,0,0,,,,,,caught,MG Bracewell
ball,2,63.3,Otago Volts,NT Broom,AJ Redmond,BEW McCord,0,0,,,,,,"",""
ball,2,63.4,Otago Volts,NT Broom,AJ Redmond,BEW McCord,0,0,,,,,,"",""
ball,2,63.5,Otago Volts,NT Broom,AJ Redmond,BEW McCord,0,0,,,,,,"",""
ball,2,63.6,Otago Volts,NT Broom,AJ Redmond,BEW McCord,0,0,,,,,,"",""
ball,2,64.1,Otago Volts,AJ Redmond,NT Broom,TD Astle,2,0,,,,,,"",""
ball,2,64.2,Otago Volts,AJ Redmond,NT Broom,TD Astle,0,0,,,,,,"",""
ball,2,64.3,Otago Volts,AJ Redmond,NT Broom,TD Astle,0,0,,,,,,"",""
ball,2,64.4,Otago Volts,AJ Redmond,NT Broom,TD Astle,0,0,,,,,,"",""
ball,2,64.5,Otago Volts,AJ Redmond,NT Broom,TD Astle,0,0,,,,,,"",""
ball,2,64.6,Otago Volts,AJ Redmond,NT Broom,TD Astle,0,0,,,,,,lbw,AJ Redmond
ball,2,65.1,Otago Volts,NT Broom,DC de Boorder,BEW McCord,0,1,1,,,,,"",""
ball,2,65.2,Otago Volts,NT Broom,DC de Boorder,BEW McCord,4,0,,,,,,"",""
ball,2,65.3,Otago Volts,NT Broom,DC de Boorder,BEW McCord,0,1,1,,,,,"",""
ball,2,65.4,Otago Volts,NT Broom,DC de Boorder,BEW McCord,0,0,,,,,,"",""
ball,2,65.5,Otago Volts,NT Broom,DC de Boorder,BEW McCord,0,0,,,,,,"",""
ball,2,65.6,Otago Volts,NT Broom,DC de Boorder,BEW McCord,0,0,,,,,,"",""
ball,2,65.7,Otago Volts,NT Broom,DC de Boorder,BEW McCord,0,0,,,,,,"",""
ball,2,65.8,Otago Volts,NT Broom,DC de Boorder,BEW McCord,0,0,,,,,,"",""
ball,2,66.1,Otago Volts,DC de Boorder,NT Broom,TD Astle,1,0,,,,,,"",""
ball,2,66.2,Otago Volts,NT Broom,DC de Boorder,TD Astle,0,0,,,,,,"",""
ball,2,66.3,Otago Volts,NT Broom,DC de Boorder,TD Astle,0,0,,,,,,"",""
ball,2,66.4,Otago Volts,NT Broom,DC de Boorder,TD Astle,3,0,,,,,,"",""
ball,2,66.5,Otago Volts,DC de Boorder,NT Broom,TD Astle,0,0,,,,,,"",""
ball,2,66.6,Otago Volts,DC de Boorder,NT Broom,TD Astle,1,0,,,,,,"",""
ball,2,67.1,Otago Volts,DC de Boorder,NT Broom,GM Andrew,1,0,,,,,,"",""
ball,2,67.2,Otago Volts,NT Broom,DC de Boorder,GM Andrew,0,0,,,,,,"",""
ball,2,67.3,Otago Volts,NT Broom,DC de Boorder,GM Andrew,2,0,,,,,,"",""
ball,2,67.4,Otago Volts,NT Broom,DC de Boorder,GM Andrew,0,0,,,,,,"",""
ball,2,67.5,Otago Volts,NT Broom,DC de Boorder,GM Andrew,2,0,,,,,,"",""
ball,2,67.6,Otago Volts,NT Broom,DC de Boorder,GM Andrew,4,0,,,,,,"",""
ball,2,68.1,Otago Volts,DC de Boorder,NT Broom,TD Astle,4,0,,,,,,"",""
ball,2,68.2,Otago Volts,DC de Boorder,NT Broom,TD Astle,1,0,,,,,,"",""
ball,2,68.3,Otago Volts,NT Broom,DC de Boorder,TD Astle,0,0,,,,,,"",""
ball,2,68.4,Otago Volts,NT Broom,DC de Boorder,TD Astle,0,0,,,,,,"",""
ball,2,68.5,Otago Volts,NT Broom,DC de Boorder,TD Astle,1,0,,,,,,"",""
ball,2,68.6,Otago Volts,DC de Boorder,NT Broom,TD Astle,0,0,,,,,,"",""
ball,2,69.1,Otago Volts,NT Broom,DC de Boorder,GM Andrew,0,0,,,,,,"",""
ball,2,69.2,Otago Volts,NT Broom,DC de Boorder,GM Andrew,1,0,,,,,,"",""
ball,2,69.3,Otago Volts,DC de Boorder,NT Broom,GM Andrew,0,0,,,,,,"",""
ball,2,69.4,Otago Volts,DC de Boorder,NT Broom,GM Andrew,0,0,,,,,,"",""
ball,2,69.5,Otago Volts,DC de Boorder,NT Broom,GM Andrew,0,0,,,,,,"",""
ball,2,69.6,Otago Volts,DC de Boorder,NT Broom,GM Andrew,0,0,,,,,,"",""
ball,2,70.1,Otago Volts,NT Broom,DC de Boorder,TG Johnston,0,0,,,,,,bowled,NT Broom
ball,2,70.2,Otago Volts,SR Wells,DC de Boorder,TG Johnston,0,0,,,,,,"",""
ball,2,70.3,Otago Volts,SR Wells,DC de Boorder,TG Johnston,0,0,,,,,,"",""
ball,2,70.4,Otago Volts,SR Wells,DC de Boorder,TG Johnston,0,0,,,,,,"",""
ball,2,70.5,Otago Volts,SR Wells,DC de Boorder,TG Johnston,0,0,,,,,,"",""
ball,2,70.6,Otago Volts,SR Wells,DC de Boorder,TG Johnston,0,0,,,,,,"",""
ball,2,71.1,Otago Volts,DC de Boorder,SR Wells,GM Andrew,0,0,,,,,,"",""
ball,2,71.2,Otago Volts,DC de Boorder,SR Wells,GM Andrew,0,0,,,,,,"",""
ball,2,71.3,Otago Volts,DC de Boorder,SR Wells,GM Andrew,0,4,,,,4,,"",""
ball,2,71.4,Otago Volts,DC de Boorder,SR Wells,GM Andrew,0,0,,,,,,"",""
ball,2,71.5,Otago Volts,DC de Boorder,SR Wells,GM Andrew,2,0,,,,,,"",""
ball,2,71.6,Otago Volts,DC de Boorder,SR Wells,GM Andrew,0,0,,,,,,"",""
ball,2,72.1,Otago Volts,SR Wells,DC de Boorder,TG Johnston,0,0,,,,,,"",""
ball,2,72.2,Otago Volts,SR Wells,DC de Boorder,TG Johnston,0,0,,,,,,"",""
ball,2,72.3,Otago Volts,SR Wells,DC de Boorder,TG Johnston,0,0,,,,,,"",""
ball,2,72.4,Otago Volts,SR Wells,DC de Boorder,TG Johnston,0,0,,,,,,"",""
ball,2,72.5,Otago Volts,SR Wells,DC de Boorder,TG Johnston,2,0,,,,,,"",""
ball,2,72.6,Otago Volts,SR Wells,DC de Boorder,TG Johnston,0,0,,,,,,"",""
ball,2,73.1,Otago Volts,DC de Boorder,SR Wells,GM Andrew,0,0,,,,,,"",""
ball,2,73.2,Otago Volts,DC de Boorder,SR Wells,GM Andrew,0,0,,,,,,"",""
ball,2,73.3,Otago Volts,DC de Boorder,SR Wells,GM Andrew,0,0,,,,,,"",""
ball,2,73.4,Otago Volts,DC de Boorder,SR Wells,GM Andrew,0,0,,,,,,"",""
ball,2,73.5,Otago Volts,DC de Boorder,SR Wells,GM Andrew,0,0,,,,,,"",""
ball,2,73.6,Otago Volts,DC de Boorder,SR Wells,GM Andrew,0,0,,,,,,"",""
ball,2,74.1,Otago Volts,SR Wells,DC de Boorder,TG Johnston,0,0,,,,,,"",""
ball,2,74.2,Otago Volts,SR Wells,DC de Boorder,TG Johnston,0,0,,,,,,"",""
ball,2,74.3,Otago Volts,SR Wells,DC de Boorder,TG Johnston,0,0,,,,,,"",""
ball,2,74.4,Otago Volts,SR Wells,DC de Boorder,TG Johnston,0,0,,,,,,"",""
ball,2,74.5,Otago Volts,SR Wells,DC de Boorder,TG Johnston,0,0,,,,,,"",""
ball,2,74.6,Otago Volts,SR Wells,DC de Boorder,TG Johnston,0,0,,,,,,"",""
ball,2,75.1,Otago Volts,DC de Boorder,SR Wells,WM Lonsdale,0,0,,,,,,"",""
ball,2,75.2,Otago Volts,DC de Boorder,SR Wells,WM Lonsdale,4,0,,,,,,"",""
ball,2,75.3,Otago Volts,DC de Boorder,SR Wells,WM Lonsdale,0,0,,,,,,"",""
ball,2,75.4,Otago Volts,DC de Boorder,SR Wells,WM Lonsdale,0,0,,,,,,"",""
ball,2,75.5,Otago Volts,DC de Boorder,SR Wells,WM Lonsdale,0,0,,,,,,"",""
ball,2,75.6,Otago Volts,DC de Boorder,SR Wells,WM Lonsdale,0,0,,,,,,"",""
ball,2,76.1,Otago Volts,SR Wells,DC de Boorder,TG Johnston,0,0,,,,,,"",""
ball,2,76.2,Otago Volts,SR Wells,DC de Boorder,TG Johnston,0,0,,,,,,"",""
ball,2,76.3,Otago Volts,SR Wells,DC de Boorder,TG Johnston,0,0,,,,,,"",""
ball,2,76.4,Otago Volts,SR Wells,DC de Boorder,TG Johnston,0,0,,,,,,"",""
ball,2,76.5,Otago Volts,SR Wells,DC de Boorder,TG Johnston,0,0,,,,,,"",""
ball,2,76.6,Otago Volts,SR Wells,DC de Boorder,TG Johnston,1,0,,,,,,"",""
ball,2,77.1,Otago Volts,SR Wells,DC de Boorder,WM Lonsdale,0,0,,,,,,"",""
ball,2,77.2,Otago Volts,SR Wells,DC de Boorder,WM Lonsdale,0,0,,,,,,"",""
ball,2,77.3,Otago Volts,SR Wells,DC de Boorder,WM Lonsdale,0,0,,,,,,"",""
ball,2,77.4,Otago Volts,SR Wells,DC de Boorder,WM Lonsdale,0,0,,,,,,"",""
ball,2,77.5,Otago Volts,SR Wells,DC de Boorder,WM Lonsdale,0,0,,,,,,"",""
ball,2,77.6,Otago Volts,SR Wells,DC de Boorder,WM Lonsdale,0,0,,,,,,"",""
ball,2,78.1,Otago Volts,DC de Boorder,SR Wells,TG Johnston,0,0,,,,,,"",""
ball,2,78.2,Otago Volts,DC de Boorder,SR Wells,TG Johnston,1,0,,,,,,"",""
ball,2,78.3,Otago Volts,SR Wells,DC de Boorder,TG Johnston,0,0,,,,,,"",""
ball,2,78.4,Otago Volts,SR Wells,DC de Boorder,TG Johnston,0,0,,,,,,"",""
ball,2,78.5,Otago Volts,SR Wells,DC de Boorder,TG Johnston,0,0,,,,,,"",""
ball,2,78.6,Otago Volts,SR Wells,DC de Boorder,TG Johnston,0,0,,,,,,"",""
ball,2,79.1,Otago Volts,DC de Boorder,SR Wells,WM Lonsdale,0,0,,,,,,"",""
ball,2,79.2,Otago Volts,DC de Boorder,SR Wells,WM Lonsdale,0,0,,,,,,"",""
ball,2,79.3,Otago Volts,DC de Boorder,SR Wells,WM Lonsdale,0,0,,,,,,"",""
ball,2,79.4,Otago Volts,DC de Boorder,SR Wells,WM Lonsdale,0,0,,,,,,"",""
ball,2,79.5,Otago Volts,DC de Boorder,SR Wells,WM Lonsdale,0,0,,,,,,"",""
ball,2,79.6,Otago Volts,DC de Boorder,SR Wells,WM Lonsdale,0,0,,,,,,caught,DC de Boorder
ball,2,80.1,Otago Volts,JDS Neesham,SR Wells,TG Johnston,0,0,,,,,,"",""
ball,2,80.2,Otago Volts,JDS Neesham,SR Wells,TG Johnston,0,0,,,,,,"",""
ball,2,80.3,Otago Volts,JDS Neesham,SR Wells,TG Johnston,0,0,,,,,,"",""
ball,2,80.4,Otago Volts,JDS Neesham,SR Wells,TG Johnston,0,0,,,,,,bowled,JDS Neesham
ball,2,80.5,Otago Volts,MD Craig,SR Wells,TG Johnston,0,0,,,,,,lbw,MD Craig
ball,2,80.6,Otago Volts,N Wagner,SR Wells,TG Johnston,0,0,,,,,,"",""
ball,2,81.1,Otago Volts,SR Wells,N Wagner,WM Lonsdale,0,0,,,,,,"",""
ball,2,81.2,Otago Volts,SR Wells,N Wagner,WM Lonsdale,0,0,,,,,,"",""
ball,2,81.3,Otago Volts,SR Wells,N Wagner,WM Lonsdale,0,0,,,,,,"",""
ball,2,81.4,Otago Volts,SR Wells,N Wagner,WM Lonsdale,0,0,,,,,,"",""
ball,2,81.5,Otago Volts,SR Wells,N Wagner,WM Lonsdale,1,0,,,,,,"",""
ball,2,81.6,Otago Volts,N Wagner,SR Wells,WM Lonsdale,2,0,,,,,,"",""
ball,2,82.1,Otago Volts,SR Wells,N Wagner,TG Johnston,0,0,,,,,,"",""
ball,2,82.2,Otago Volts,SR Wells,N Wagner,TG Johnston,0,0,,,,,,"",""
ball,2,82.3,Otago Volts,SR Wells,N Wagner,TG Johnston,0,0,,,,,,"",""
ball,2,82.4,Otago Volts,SR Wells,N Wagner,TG Johnston,0,0,,,,,,"",""
ball,2,82.5,Otago Volts,SR Wells,N Wagner,TG Johnston,0,0,,,,,,"",""
ball,2,82.6,Otago Volts,SR Wells,N Wagner,TG Johnston,0,0,,,,,,"",""
ball,2,83.1,Otago Volts,N Wagner,SR Wells,WM Lonsdale,0,0,,,,,,"",""
ball,2,83.2,Otago Volts,N Wagner,SR Wells,WM Lonsdale,0,0,,,,,,"",""
ball,2,83.3,Otago Volts,N Wagner,SR Wells,WM Lonsdale,0,0,,,,,,"",""
ball,2,83.4,Otago Volts,N Wagner,SR Wells,WM Lonsdale,0,0,,,,,,"",""
ball,2,83.5,Otago Volts,N Wagner,SR Wells,WM Lonsdale,0,0,,,,,,"",""
ball,2,83.6,Otago Volts,N Wagner,SR Wells,WM Lonsdale,0,0,,,,,,"",""
ball,2,84.1,Otago Volts,SR Wells,N Wagner,TG Johnston,0,0,,,,,,"",""
ball,2,84.2,Otago Volts,SR Wells,N Wagner,TG Johnston,1,0,,,,,,"",""
ball,2,84.3,Otago Volts,N Wagner,SR Wells,TG Johnston,0,0,,,,,,"",""
ball,2,84.4,Otago Volts,N Wagner,SR Wells,TG Johnston,0,0,,,,,,"",""
ball,2,84.5,Otago Volts,N Wagner,SR Wells,TG Johnston,0,0,,,,,,"",""
ball,2,84.6,Otago Volts,N Wagner,SR Wells,TG Johnston,0,0,,,,,,"",""
ball,2,85.1,Otago Volts,SR Wells,N Wagner,WM Lonsdale,1,0,,,,,,"",""
ball,2,85.2,Otago Volts,N Wagner,SR Wells,WM Lonsdale,0,1,,,1,,,"",""
ball,2,85.3,Otago Volts,SR Wells,N Wagner,WM Lonsdale,0,0,,,,,,"",""
ball,2,85.4,Otago Volts,SR Wells,N Wagner,WM Lonsdale,0,0,,,,,,"",""
ball,2,85.5,Otago Volts,SR Wells,N Wagner,WM Lonsdale,0,0,,,,,,"",""
ball,2,85.6,Otago Volts,SR Wells,N Wagner,WM Lonsdale,0,0,,,,,,"",""
ball,2,86.1,Otago Volts,N Wagner,SR Wells,TG Johnston,0,0,,,,,,"",""
ball,2,86.2,Otago Volts,N Wagner,SR Wells,TG Johnston,0,0,,,,,,"",""
ball,2,86.3,Otago Volts,N Wagner,SR Wells,TG Johnston,0,0,,,,,,"",""
ball,2,86.4,Otago Volts,N Wagner,SR Wells,TG Johnston,0,0,,,,,,"",""
ball,2,86.5,Otago Volts,N Wagner,SR Wells,TG Johnston,0,0,,,,,,"",""
ball,2,86.6,Otago Volts,N Wagner,SR Wells,TG Johnston,0,0,,,,,,"",""
ball,2,87.1,Otago Volts,SR Wells,N Wagner,WM Lonsdale,0,0,,,,,,"",""
ball,2,87.2,Otago Volts,SR Wells,N Wagner,WM Lonsdale,4,0,,,,,,"",""
ball,2,87.3,Otago Volts,SR Wells,N Wagner,WM Lonsdale,0,0,,,,,,"",""
ball,2,87.4,Otago Volts,SR Wells,N Wagner,WM Lonsdale,0,0,,,,,,"",""
ball,2,87.5,Otago Volts,SR Wells,N Wagner,WM Lonsdale,0,5,,5,,,,"",""
ball,2,87.6,Otago Volts,SR Wells,N Wagner,WM Lonsdale,2,0,,,,,,"",""
ball,2,87.7,Otago Volts,SR Wells,N Wagner,WM Lonsdale,0,0,,,,,,"",""
ball,2,88.1,Otago Volts,N Wagner,SR Wells,TG Johnston,0,0,,,,,,"",""
ball,2,88.2,Otago Volts,N Wagner,SR Wells,TG Johnston,0,0,,,,,,"",""
ball,2,88.3,Otago Volts,N Wagner,SR Wells,TG Johnston,0,0,,,,,,"",""
ball,2,88.4,Otago Volts,N Wagner,SR Wells,TG Johnston,0,0,,,,,,"",""
ball,2,88.5,Otago Volts,N Wagner,SR Wells,TG Johnston,0,0,,,,,,"",""
ball,2,88.6,Otago Volts,N Wagner,SR Wells,TG Johnston,0,0,,,,,,"",""
ball,2,89.1,Otago Volts,SR Wells,N Wagner,BEW McCord,0,0,,,,,,"",""
ball,2,89.2,Otago Volts,SR Wells,N Wagner,BEW McCord,0,0,,,,,,"",""
ball,2,89.3,Otago Volts,SR Wells,N Wagner,BEW McCord,0,0,,,,,,"",""
ball,2,89.4,Otago Volts,SR Wells,N Wagner,BEW McCord,0,0,,,,,,caught,SR Wells
ball,2,89.5,Otago Volts,IG Butler,N Wagner,BEW McCord,0,0,,,,,,"",""
ball,2,89.6,Otago Volts,IG Butler,N Wagner,BEW McCord,0,0,,,,,,"",""
ball,2,90.1,Otago Volts,N Wagner,IG Butler,TG Johnston,0,0,,,,,,"",""
ball,2,90.2,Otago Volts,N Wagner,IG Butler,TG Johnston,0,0,,,,,,"",""
ball,2,90.3,Otago Volts,N Wagner,IG Butler,TG Johnston,0,0,,,,,,"",""
ball,2,90.4,Otago Volts,N Wagner,IG Butler,TG Johnston,0,0,,,,,,"",""
ball,2,90.5,Otago Volts,N Wagner,IG Butler,TG Johnston,0,0,,,,,,"",""
ball,2,90.6,Otago Volts,N Wagner,IG Butler,TG Johnston,0,0,,,,,,"",""
ball,2,91.1,Otago Volts,IG Butler,N Wagner,BEW McCord,0,0,,,,,,"",""
ball,2,91.2,Otago Volts,IG Butler,N Wagner,BEW McCord,3,0,,,,,,"",""
ball,2,91.3,Otago Volts,N Wagner,IG Butler,BEW McCord,0,0,,,,,,"",""
ball,2,91.4,Otago Volts,N Wagner,IG Butler,BEW McCord,0,0,,,,,,"",""
ball,2,91.5,Otago Volts,N Wagner,IG Butler,BEW McCord,1,0,,,,,,"",""
ball,2,91.6,Otago Volts,IG Butler,N Wagner,BEW McCord,0,0,,,,,,"",""
ball,2,92.1,Otago Volts,N Wagner,IG Butler,TG Johnston,0,0,,,,,,"",""
ball,2,92.2,Otago Volts,N Wagner,IG Butler,TG Johnston,0,0,,,,,,"",""
ball,2,92.3,Otago Volts,N Wagner,IG Butler,TG Johnston,2,0,,,,,,"",""
ball,2,92.4,Otago Volts,N Wagner,IG Butler,TG Johnston,0,0,,,,,,"",""
ball,2,92.5,Otago Volts,N Wagner,IG Butler,TG Johnston,1,0,,,,,,"",""
ball,2,92.6,Otago Volts,IG Butler,N Wagner,TG Johnston,0,0,,,,,,"",""
ball,2,93.1,Otago Volts,N Wagner,IG Butler,BEW McCord,0,0,,,,,,"",""
ball,2,93.2,Otago Volts,N Wagner,IG Butler,BEW McCord,4,0,,,,,,"",""
ball,2,93.3,Otago Volts,N Wagner,IG Butler,BEW McCord,2,0,,,,,,"",""
ball,2,93.4,Otago Volts,N Wagner,IG Butler,BEW McCord,4,0,,,,,,"",""
ball,2,93.5,Otago Volts,N Wagner,IG Butler,BEW McCord,0,0,,,,,,"",""
ball,2,93.6,Otago Volts,N Wagner,IG Butler,BEW McCord,0,0,,,,,,"",""
ball,2,94.1,Otago Volts,IG Butler,N Wagner,TG Johnston,0,0,,,,,,"",""
ball,2,94.2,Otago Volts,IG Butler,N Wagner,TG Johnston,0,0,,,,,,"",""
ball,2,94.3,Otago Volts,IG Butler,N Wagner,TG Johnston,0,0,,,,,,"",""
ball,2,94.4,Otago Volts,IG Butler,N Wagner,TG Johnston,4,0,,,,,,"",""
ball,2,94.5,Otago Volts,IG Butler,N Wagner,TG Johnston,0,0,,,,,,"",""
ball,2,94.6,Otago Volts,IG Butler,N Wagner,TG Johnston,0,0,,,,,,"",""
ball,2,95.1,Otago Volts,N Wagner,IG Butler,BEW McCord,0,0,,,,,,"",""
ball,2,95.2,Otago Volts,N Wagner,IG Butler,BEW McCord,0,0,,,,,,"",""
ball,2,95.3,Otago Volts,N Wagner,IG Butler,BEW McCord,1,0,,,,,,"",""
ball,2,95.4,Otago Volts,IG Butler,N Wagner,BEW McCord,0,0,,,,,,"",""
ball,2,95.5,Otago Volts,IG Butler,N Wagner,BEW McCord,0,1,,,,1,,"",""
ball,2,95.6,Otago Volts,N Wagner,IG Butler,BEW McCord,0,0,,,,,,"",""
ball,2,96.1,Otago Volts,IG Butler,N Wagner,TG Johnston,0,0,,,,,,"",""
ball,2,96.2,Otago Volts,IG Butler,N Wagner,TG Johnston,0,0,,,,,,"",""
ball,2,96.3,Otago Volts,IG Butler,N Wagner,TG Johnston,2,0,,,,,,"",""
ball,2,96.4,Otago Volts,IG Butler,N Wagner,TG Johnston,0,0,,,,,,"",""
ball,2,96.5,Otago Volts,IG Butler,N Wagner,TG Johnston,0,0,,,,,,"",""
ball,2,96.6,Otago Volts,IG Butler,N Wagner,TG Johnston,4,0,,,,,,"",""
ball,2,97.1,Otago Volts,N Wagner,IG Butler,TD Astle,2,0,,,,,,"",""
ball,2,97.2,Otago Volts,N Wagner,IG Butler,TD Astle,0,0,,,,,,"",""
ball,2,97.3,Otago Volts,N Wagner,IG Butler,TD Astle,0,0,,,,,,"",""
ball,2,97.4,Otago Volts,N Wagner,IG Butler,TD Astle,0,0,,,,,,"",""
ball,2,97.5,Otago Volts,N Wagner,IG Butler,TD Astle,0,0,,,,,,"",""
ball,2,97.6,Otago Volts,N Wagner,IG Butler,TD Astle,0,0,,,,,,"",""
ball,2,98.1,Otago Volts,IG Butler,N Wagner,TG Johnston,0,0,,,,,,"",""
ball,2,98.2,Otago Volts,IG Butler,N Wagner,TG Johnston,0,0,,,,,,"",""
ball,2,98.3,Otago Volts,IG Butler,N Wagner,TG Johnston,0,0,,,,,,"",""
ball,2,98.4,Otago Volts,IG Butler,N Wagner,TG Johnston,0,0,,,,,,"",""
ball,2,98.5,Otago Volts,IG Butler,N Wagner,TG Johnston,0,0,,,,,,"",""
ball,2,98.6,Otago Volts,IG Butler,N Wagner,TG Johnston,0,0,,,,,,"",""
ball,2,99.1,Otago Volts,N Wagner,IG Butler,TD Astle,0,0,,,,,,"",""
ball,2,99.2,Otago Volts,N Wagner,IG Butler,TD Astle,3,0,,,,,,"",""
ball,2,99.3,Otago Volts,IG Butler,N Wagner,TD Astle,0,0,,,,,,"",""
ball,2,99.4,Otago Volts,IG Butler,N Wagner,TD Astle,1,0,,,,,,"",""
ball,2,99.5,Otago Volts,N Wagner,IG Butler,TD Astle,0,0,,,,,,"",""
ball,2,99.6,Otago Volts,N Wagner,IG Butler,TD Astle,2,0,,,,,,"",""
ball,2,100.1,Otago Volts,IG Butler,N Wagner,TG Johnston,0,0,,,,,,"",""
ball,2,100.2,Otago Volts,IG Butler,N Wagner,TG Johnston,0,0,,,,,,"",""
ball,2,100.3,Otago Volts,IG Butler,N Wagner,TG Johnston,0,0,,,,,,"",""
ball,2,100.4,Otago Volts,IG Butler,N Wagner,TG Johnston,1,0,,,,,,"",""
ball,2,100.5,Otago Volts,N Wagner,IG Butler,TG Johnston,0,0,,,,,,caught,N Wagner
ball,2,100.6,Otago Volts,JM McMillan,IG Butler,TG Johnston,0,0,,,,,,"",""
ball,2,101.1,Otago Volts,IG Butler,JM McMillan,TD Astle,0,0,,,,,,"",""
ball,2,101.2,Otago Volts,IG Butler,JM McMillan,TD Astle,0,0,,,,,,"",""
ball,2,101.3,Otago Volts,IG Butler,JM McMillan,TD Astle,1,0,,,,,,"",""
ball,2,101.4,Otago Volts,JM McMillan,IG Butler,TD Astle,0,0,,,,,,"",""
ball,2,101.5,Otago Volts,JM McMillan,IG Butler,TD Astle,0,0,,,,,,"",""
ball,2,101.6,Otago Volts,JM McMillan,IG Butler,TD Astle,0,0,,,,,,"",""
ball,2,102.1,Otago Volts,IG Butler,JM McMillan,TG Johnston,0,0,,,,,,"",""
ball,2,102.2,Otago Volts,IG Butler,JM McMillan,TG Johnston,0,0,,,,,,"",""
ball,2,102.3,Otago Volts,IG Butler,JM McMillan,TG Johnston,0,0,,,,,,"",""
ball,2,102.4,Otago Volts,IG Butler,JM McMillan,TG Johnston,0,0,,,,,,"",""
ball,2,102.5,Otago Volts,IG Butler,JM McMillan,TG Johnston,0,0,,,,,,"",""
ball,2,102.6,Otago Volts,IG Butler,JM McMillan,TG Johnston,0,0,,,,,,"",""
ball,2,103.1,Otago Volts,JM McMillan,IG Butler,TD Astle,1,0,,,,,,"",""
ball,2,103.2,Otago Volts,IG Butler,JM McMillan,TD Astle,1,0,,,,,,"",""
ball,2,103.3,Otago Volts,JM McMillan,IG Butler,TD Astle,0,0,,,,,,"",""
ball,2,103.4,Otago Volts,JM McMillan,IG Butler,TD Astle,1,0,,,,,,"",""
ball,2,103.5,Otago Volts,IG Butler,JM McMillan,TD Astle,0,0,,,,,,"",""
ball,2,103.6,Otago Volts,IG Butler,JM McMillan,TD Astle,0,0,,,,,,"",""
ball,2,104.1,Otago Volts,JM McMillan,IG Butler,TG Johnston,3,0,,,,,,"",""
ball,2,104.2,Otago Volts,IG Butler,JM McMillan,TG Johnston,0,0,,,,,,"",""
ball,2,104.3,Otago Volts,IG Butler,JM McMillan,TG Johnston,1,0,,,,,,"",""
ball,2,104.4,Otago Volts,JM McMillan,IG Butler,TG Johnston,0,0,,,,,,"",""
ball,2,104.5,Otago Volts,JM McMillan,IG Butler,TG Johnston,0,0,,,,,,"",""
ball,2,104.6,Otago Volts,JM McMillan,IG Butler,TG Johnston,0,0,,,,,,"",""
ball,2,105.1,Otago Volts,IG Butler,JM McMillan,TD Astle,0,0,,,,,,"",""
ball,2,105.2,Otago Volts,IG Butler,JM McMillan,TD Astle,0,0,,,,,,"",""
ball,2,105.3,Otago Volts,IG Butler,JM McMillan,TD Astle,0,0,,,,,,"",""
ball,2,105.4,Otago Volts,IG Butler,JM McMillan,TD Astle,0,0,,,,,,"",""
ball,2,105.5,Otago Volts,IG Butler,JM McMillan,TD Astle,0,0,,,,,,"",""
ball,2,105.6,Otago Volts,IG Butler,JM McMillan,TD Astle,4,0,,,,,,"",""
ball,2,106.1,Otago Volts,JM McMillan,IG Butler,TG Johnston,0,0,,,,,,"",""
ball,2,106.2,Otago Volts,JM McMillan,IG Butler,TG Johnston,0,1,,,1,,,"",""
ball,2,106.3,Otago Volts,IG Butler,JM McMillan,TG Johnston,0,0,,,,,,"",""
ball,2,106.4,Otago Volts,IG Butler,JM McMillan,TG Johnston,4,0,,,,,,"",""
ball,2,106.5,Otago Volts,IG Butler,JM McMillan,TG Johnston,0,0,,,,,,"",""
ball,2,106.6,Otago Volts,IG Butler,JM McMillan,TG Johnston,0,0,,,,,,"",""
ball,2,107.1,Otago Volts,JM McMillan,IG Butler,WM Lonsdale,0,0,,,,,,"",""
ball,2,107.2,Otago Volts,JM McMillan,IG Butler,WM Lonsdale,0,1,,,1,,,"",""
ball,2,107.3,Otago Volts,IG Butler,JM McMillan,WM Lonsdale,4,0,,,,,,"",""
ball,2,107.4,Otago Volts,IG Butler,JM McMillan,WM Lonsdale,0,0,,,,,,"",""
ball,2,107.5,Otago Volts,IG Butler,JM McMillan,WM Lonsdale,0,0,,,,,,"",""
ball,2,107.6,Otago Volts,IG Butler,JM McMillan,WM Lonsdale,3,0,,,,,,"",""
ball,2,108.1,Otago Volts,IG Butler,JM McMillan,TG Johnston,1,0,,,,,,"",""
ball,2,108.2,Otago Volts,JM McMillan,IG Butler,TG Johnston,0,0,,,,,,"",""
ball,2,108.3,Otago Volts,JM McMillan,IG Butler,TG Johnston,0,0,,,,,,"",""
ball,2,108.4,Otago Volts,JM McMillan,IG Butler,TG Johnston,3,0,,,,,,"",""
ball,2,108.5,Otago Volts,IG Butler,JM McMillan,TG Johnston,0,0,,,,,,"",""
ball,2,108.6,Otago Volts,IG Butler,JM McMillan,TG Johnston,0,0,,,,,,"",""
ball,2,109.1,Otago Volts,JM McMillan,IG Butler,WM Lonsdale,0,0,,,,,,"",""
ball,2,109.2,Otago Volts,JM McMillan,IG Butler,WM Lonsdale,3,0,,,,,,"",""
ball,2,109.3,Otago Volts,IG Butler,JM McMillan,WM Lonsdale,0,0,,,,,,"",""
ball,2,109.4,Otago Volts,IG Butler,JM McMillan,WM Lonsdale,0,0,,,,,,"",""
ball,2,109.5,Otago Volts,IG Butler,JM McMillan,WM Lonsdale,0,0,,,,,,"",""
ball,2,109.6,Otago Volts,IG Butler,JM McMillan,WM Lonsdale,0,0,,,,,,caught,IG Butler
ball,3,0.1,Canterbury,GH Worker,PG Fulton,N Wagner,0,0,,,,,,"",""
ball,3,0.2,Canterbury,GH Worker,PG Fulton,N Wagner,0,0,,,,,,"",""
ball,3,0.3,Canterbury,GH Worker,PG Fulton,N Wagner,0,0,,,,,,"",""
ball,3,0.4,Canterbury,GH Worker,PG Fulton,N Wagner,0,0,,,,,,"",""
ball,3,0.5,Canterbury,GH Worker,PG Fulton,N Wagner,0,0,,,,,,"",""
ball,3,0.6,Canterbury,GH Worker,PG Fulton,N Wagner,0,0,,,,,,"",""
ball,3,1.1,Canterbury,PG Fulton,GH Worker,MD Craig,1,0,,,,,,"",""
ball,3,1.2,Canterbury,GH Worker,PG Fulton,MD Craig,0,0,,,,,,"",""
ball,3,1.3,Canterbury,GH Worker,PG Fulton,MD Craig,0,0,,,,,,"",""
ball,3,1.4,Canterbury,GH Worker,PG Fulton,MD Craig,0,0,,,,,,"",""
ball,3,1.5,Canterbury,GH Worker,PG Fulton,MD Craig,0,0,,,,,,lbw,GH Worker
ball,3,1.6,Canterbury,WM Lonsdale,PG Fulton,MD Craig,0,0,,,,,,"",""
ball,3,2.1,Canterbury,PG Fulton,WM Lonsdale,N Wagner,0,0,,,,,,"",""
ball,3,2.2,Canterbury,PG Fulton,WM Lonsdale,N Wagner,1,0,,,,,,"",""
ball,3,2.3,Canterbury,WM Lonsdale,PG Fulton,N Wagner,0,0,,,,,,"",""
ball,3,2.4,Canterbury,WM Lonsdale,PG Fulton,N Wagner,0,0,,,,,,"",""
ball,3,2.5,Canterbury,WM Lonsdale,PG Fulton,N Wagner,0,0,,,,,,bowled,WM Lonsdale
ball,3,2.6,Canterbury,SL Stewart,PG Fulton,N Wagner,0,0,,,,,,lbw,SL Stewart
ball,3,3.1,Canterbury,PG Fulton,DG Brownlie,JM McMillan,0,0,,,,,,"",""
ball,3,3.2,Canterbury,PG Fulton,DG Brownlie,JM McMillan,4,0,,,,,,"",""
ball,3,3.3,Canterbury,PG Fulton,DG Brownlie,JM McMillan,0,0,,,,,,"",""
ball,3,3.4,Canterbury,PG Fulton,DG Brownlie,JM McMillan,0,0,,,,,,"",""
ball,3,3.5,Canterbury,PG Fulton,DG Brownlie,JM McMillan,0,0,,,,,,"",""
ball,3,3.6,Canterbury,PG Fulton,DG Brownlie,JM McMillan,0,0,,,,,,"",""
ball,3,4.1,Canterbury,DG Brownlie,PG Fulton,N Wagner,0,0,,,,,,"",""
ball,3,4.2,Canterbury,DG Brownlie,PG Fulton,N Wagner,1,0,,,,,,"",""
ball,3,4.3,Canterbury,PG Fulton,DG Brownlie,N Wagner,0,0,,,,,,"",""
ball,3,4.4,Canterbury,PG Fulton,DG Brownlie,N Wagner,0,0,,,,,,"",""
ball,3,4.5,Canterbury,PG Fulton,DG Brownlie,N Wagner,0,0,,,,,,"",""
ball,3,4.6,Canterbury,PG Fulton,DG Brownlie,N Wagner,0,0,,,,,,"",""
ball,3,5.1,Canterbury,DG Brownlie,PG Fulton,JM McMillan,4,0,,,,,,"",""
ball,3,5.2,Canterbury,DG Brownlie,PG Fulton,JM McMillan,0,0,,,,,,"",""
ball,3,5.3,Canterbury,DG Brownlie,PG Fulton,JM McMillan,0,0,,,,,,"",""
ball,3,5.4,Canterbury,DG Brownlie,PG Fulton,JM McMillan,1,0,,,,,,"",""
ball,3,5.5,Canterbury,PG Fulton,DG Brownlie,JM McMillan,0,0,,,,,,"",""
ball,3,5.6,Canterbury,PG Fulton,DG Brownlie,JM McMillan,0,0,,,,,,"",""
ball,3,6.1,Canterbury,DG Brownlie,PG Fulton,N Wagner,0,0,,,,,,"",""
ball,3,6.2,Canterbury,DG Brownlie,PG Fulton,N Wagner,0,0,,,,,,"",""
ball,3,6.3,Canterbury,DG Brownlie,PG Fulton,N Wagner,2,0,,,,,,"",""
ball,3,6.4,Canterbury,DG Brownlie,PG Fulton,SR Wells,2,0,,,,,,"",""
ball,3,6.5,Canterbury,DG Brownlie,PG Fulton,SR Wells,0,0,,,,,,"",""
ball,3,6.6,Canterbury,DG Brownlie,PG Fulton,SR Wells,0,0,,,,,,"",""
ball,3,7.1,Canterbury,PG Fulton,DG Brownlie,JM McMillan,0,0,,,,,,"",""
ball,3,7.2,Canterbury,PG Fulton,DG Brownlie,JM McMillan,1,0,,,,,,"",""
ball,3,7.3,Canterbury,DG Brownlie,PG Fulton,JM McMillan,0,0,,,,,,"",""
ball,3,7.4,Canterbury,DG Brownlie,PG Fulton,JM McMillan,1,0,,,,,,"",""
ball,3,7.5,Canterbury,PG Fulton,DG Brownlie,JM McMillan,1,0,,,,,,"",""
ball,3,7.6,Canterbury,DG Brownlie,PG Fulton,JM McMillan,0,0,,,,,,"",""
ball,3,8.1,Canterbury,PG Fulton,DG Brownlie,SR Wells,0,0,,,,,,"",""
ball,3,8.2,Canterbury,PG Fulton,DG Brownlie,SR Wells,0,0,,,,,,"",""
ball,3,8.3,Canterbury,PG Fulton,DG Brownlie,SR Wells,0,0,,,,,,"",""
ball,3,8.4,Canterbury,PG Fulton,DG Brownlie,SR Wells,0,0,,,,,,"",""
ball,3,8.5,Canterbury,PG Fulton,DG Brownlie,SR Wells,4,0,,,,,,"",""
ball,3,8.6,Canterbury,PG Fulton,DG Brownlie,SR Wells,0,0,,,,,,"",""
ball,3,9.1,Canterbury,DG Brownlie,PG Fulton,JM McMillan,0,0,,,,,,"",""
ball,3,9.2,Canterbury,DG Brownlie,PG Fulton,JM McMillan,0,0,,,,,,"",""
ball,3,9.3,Canterbury,DG Brownlie,PG Fulton,JM McMillan,0,0,,,,,,"",""
ball,3,9.4,Canterbury,DG Brownlie,PG Fulton,JM McMillan,0,0,,,,,,"",""
ball,3,9.5,Canterbury,DG Brownlie,PG Fulton,JM McMillan,0,0,,,,,,"",""
ball,3,9.6,Canterbury,DG Brownlie,PG Fulton,JM McMillan,1,0,,,,,,"",""
ball,3,10.1,Canterbury,DG Brownlie,PG Fulton,SR Wells,0,0,,,,,,"",""
ball,3,10.2,Canterbury,DG Brownlie,PG Fulton,SR Wells,0,0,,,,,,"",""
ball,3,10.3,Canterbury,DG Brownlie,PG Fulton,SR Wells,4,0,,,,,,"",""
ball,3,10.4,Canterbury,DG Brownlie,PG Fulton,SR Wells,3,0,,,,,,"",""
ball,3,10.5,Canterbury,PG Fulton,DG Brownlie,SR Wells,0,0,,,,,,"",""
ball,3,10.6,Canterbury,PG Fulton,DG Brownlie,SR Wells,0,0,,,,,,"",""
ball,3,11.1,Canterbury,DG Brownlie,PG Fulton,JM McMillan,0,0,,,,,,"",""
ball,3,11.2,Canterbury,DG Brownlie,PG Fulton,JM McMillan,0,0,,,,,,"",""
ball,3,11.3,Canterbury,DG Brownlie,PG Fulton,JM McMillan,0,0,,,,,,"",""
ball,3,11.4,Canterbury,DG Brownlie,PG Fulton,JM McMillan,0,0,,,,,,"",""
ball,3,11.5,Canterbury,DG Brownlie,PG Fulton,JM McMillan,0,0,,,,,,"",""
ball,3,11.6,Canterbury,DG Brownlie,PG Fulton,JM McMillan,0,0,,,,,,"",""
ball,3,12.1,Canterbury,PG Fulton,DG Brownlie,SR Wells,0,0,,,,,,"",""
ball,3,12.2,Canterbury,PG Fulton,DG Brownlie,SR Wells,1,0,,,,,,"",""
ball,3,12.3,Canterbury,DG Brownlie,PG Fulton,SR Wells,0,0,,,,,,"",""
ball,3,12.4,Canterbury,DG Brownlie,PG Fulton,SR Wells,0,0,,,,,,"",""
ball,3,12.5,Canterbury,DG Brownlie,PG Fulton,SR Wells,0,0,,,,,,"",""
ball,3,12.6,Canterbury,DG Brownlie,PG Fulton,SR Wells,1,0,,,,,,"",""
ball,3,13.1,Canterbury,DG Brownlie,PG Fulton,MD Craig,1,0,,,,,,"",""
ball,3,13.2,Canterbury,PG Fulton,DG Brownlie,MD Craig,0,0,,,,,,"",""
ball,3,13.3,Canterbury,PG Fulton,DG Brownlie,MD Craig,0,0,,,,,,"",""
ball,3,13.4,Canterbury,PG Fulton,DG Brownlie,MD Craig,0,0,,,,,,"",""
ball,3,13.5,Canterbury,PG Fulton,DG Brownlie,MD Craig,0,0,,,,,,"",""
ball,3,13.6,Canterbury,PG Fulton,DG Brownlie,MD Craig,0,0,,,,,,caught,PG Fulton
ball,3,14.1,Canterbury,DG Brownlie,HM Nicholls,IG Butler,4,0,,,,,,"",""
ball,3,14.2,Canterbury,DG Brownlie,HM Nicholls,IG Butler,0,0,,,,,,"",""
ball,3,14.3,Canterbury,DG Brownlie,HM Nicholls,IG Butler,1,0,,,,,,"",""
ball,3,14.4,Canterbury,HM Nicholls,DG Brownlie,IG Butler,0,0,,,,,,"",""
ball,3,14.5,Canterbury,HM Nicholls,DG Brownlie,IG Butler,0,0,,,,,,"",""
ball,3,14.6,Canterbury,HM Nicholls,DG Brownlie,IG Butler,0,0,,,,,,"",""
ball,3,15.1,Canterbury,DG Brownlie,HM Nicholls,MD Craig,0,0,,,,,,"",""
ball,3,15.2,Canterbury,DG Brownlie,HM Nicholls,MD Craig,0,0,,,,,,"",""
ball,3,15.3,Canterbury,DG Brownlie,HM Nicholls,MD Craig,0,0,,,,,,"",""
ball,3,15.4,Canterbury,DG Brownlie,HM Nicholls,MD Craig,0,0,,,,,,"",""
ball,3,15.5,Canterbury,DG Brownlie,HM Nicholls,MD Craig,0,0,,,,,,"",""
ball,3,15.6,Canterbury,DG Brownlie,HM Nicholls,MD Craig,0,0,,,,,,"",""
ball,3,16.1,Canterbury,HM Nicholls,DG Brownlie,IG Butler,0,0,,,,,,"",""
ball,3,16.2,Canterbury,HM Nicholls,DG Brownlie,IG Butler,0,0,,,,,,"",""
ball,3,16.3,Canterbury,HM Nicholls,DG Brownlie,IG Butler,0,0,,,,,,"",""
ball,3,16.4,Canterbury,HM Nicholls,DG Brownlie,IG Butler,0,0,,,,,,"",""
ball,3,16.5,Canterbury,HM Nicholls,DG Brownlie,IG Butler,0,0,,,,,,"",""
ball,3,16.6,Canterbury,HM Nicholls,DG Brownlie,IG Butler,1,0,,,,,,"",""
ball,3,17.1,Canterbury,HM Nicholls,DG Brownlie,MD Craig,0,0,,,,,,"",""
ball,3,17.2,Canterbury,HM Nicholls,DG Brownlie,MD Craig,0,0,,,,,,"",""
ball,3,17.3,Canterbury,HM Nicholls,DG Brownlie,MD Craig,0,0,,,,,,"",""
ball,3,17.4,Canterbury,HM Nicholls,DG Brownlie,MD Craig,2,0,,,,,,"",""
ball,3,17.5,Canterbury,HM Nicholls,DG Brownlie,MD Craig,0,0,,,,,,"",""
ball,3,17.6,Canterbury,HM Nicholls,DG Brownlie,MD Craig,0,0,,,,,,"",""
ball,3,18.1,Canterbury,DG Brownlie,HM Nicholls,IG Butler,0,0,,,,,,"",""
ball,3,18.2,Canterbury,DG Brownlie,HM Nicholls,IG Butler,1,0,,,,,,"",""
ball,3,18.3,Canterbury,HM Nicholls,DG Brownlie,IG Butler,0,0,,,,,,"",""
ball,3,18.4,Canterbury,HM Nicholls,DG Brownlie,IG Butler,0,0,,,,,,"",""
ball,3,18.5,Canterbury,HM Nicholls,DG Brownlie,IG Butler,0,0,,,,,,"",""
ball,3,18.6,Canterbury,HM Nicholls,DG Brownlie,IG Butler,0,0,,,,,,"",""
ball,3,19.1,Canterbury,DG Brownlie,HM Nicholls,MD Craig,0,0,,,,,,"",""
ball,3,19.2,Canterbury,DG Brownlie,HM Nicholls,MD Craig,0,0,,,,,,"",""
ball,3,19.3,Canterbury,DG Brownlie,HM Nicholls,MD Craig,0,0,,,,,,"",""
ball,3,19.4,Canterbury,DG Brownlie,HM Nicholls,MD Craig,0,0,,,,,,"",""
ball,3,19.5,Canterbury,DG Brownlie,HM Nicholls,MD Craig,0,0,,,,,,"",""
ball,3,19.6,Canterbury,DG Brownlie,HM Nicholls,MD Craig,1,0,,,,,,"",""
ball,3,20.1,Canterbury,DG Brownlie,HM Nicholls,IG Butler,1,0,,,,,,"",""
ball,3,20.2,Canterbury,HM Nicholls,DG Brownlie,IG Butler,0,1,,1,,,,"",""
ball,3,20.3,Canterbury,HM Nicholls,DG Brownlie,IG Butler,0,0,,,,,,"",""
ball,3,20.4,Canterbury,HM Nicholls,DG Brownlie,IG Butler,1,0,,,,,,"",""
ball,3,20.5,Canterbury,DG Brownlie,HM Nicholls,IG Butler,0,0,,,,,,"",""
ball,3,20.6,Canterbury,DG Brownlie,HM Nicholls,IG Butler,0,0,,,,,,"",""
ball,3,20.7,Canterbury,DG Brownlie,HM Nicholls,IG Butler,0,0,,,,,,"",""
ball,3,21.1,Canterbury,HM Nicholls,DG Brownlie,MD Craig,1,0,,,,,,"",""
ball,3,21.2,Canterbury,DG Brownlie,HM Nicholls,MD Craig,0,0,,,,,,"",""
ball,3,21.3,Canterbury,DG Brownlie,HM Nicholls,MD Craig,0,0,,,,,,"",""
ball,3,21.4,Canterbury,DG Brownlie,HM Nicholls,MD Craig,1,0,,,,,,"",""
ball,3,21.5,Canterbury,HM Nicholls,DG Brownlie,MD Craig,0,0,,,,,,"",""
ball,3,21.6,Canterbury,HM Nicholls,DG Brownlie,MD Craig,0,0,,,,,,"",""
ball,3,22.1,Canterbury,DG Brownlie,HM Nicholls,IG Butler,0,1,,,,1,,"",""
ball,3,22.2,Canterbury,HM Nicholls,DG Brownlie,IG Butler,0,0,,,,,,"",""
ball,3,22.3,Canterbury,HM Nicholls,DG Brownlie,IG Butler,0,0,,,,,,"",""
ball,3,22.4,Canterbury,HM Nicholls,DG Brownlie,IG Butler,0,0,,,,,,"",""
ball,3,22.5,Canterbury,HM Nicholls,DG Brownlie,IG Butler,0,1,,1,,,,"",""
ball,3,22.6,Canterbury,HM Nicholls,DG Brownlie,IG Butler,4,0,,,,,,"",""
ball,3,22.7,Canterbury,HM Nicholls,DG Brownlie,IG Butler,0,0,,,,,,"",""
ball,3,23.1,Canterbury,DG Brownlie,HM Nicholls,MD Craig,0,0,,,,,,"",""
ball,3,23.2,Canterbury,DG Brownlie,HM Nicholls,MD Craig,2,0,,,,,,"",""
ball,3,23.3,Canterbury,DG Brownlie,HM Nicholls,MD Craig,0,0,,,,,,"",""
ball,3,23.4,Canterbury,DG Brownlie,HM Nicholls,MD Craig,0,0,,,,,,"",""
ball,3,23.5,Canterbury,DG Brownlie,HM Nicholls,MD Craig,0,0,,,,,,"",""
ball,3,23.6,Canterbury,DG Brownlie,HM Nicholls,MD Craig,2,0,,,,,,"",""
ball,3,24.1,Canterbury,HM Nicholls,DG Brownlie,IG Butler,0,0,,,,,,"",""
ball,3,24.2,Canterbury,HM Nicholls,DG Brownlie,IG Butler,4,0,,,,,,"",""
ball,3,24.3,Canterbury,HM Nicholls,DG Brownlie,IG Butler,0,0,,,,,,"",""
ball,3,24.4,Canterbury,HM Nicholls,DG Brownlie,IG Butler,1,0,,,,,,"",""
ball,3,24.5,Canterbury,DG Brownlie,HM Nicholls,IG Butler,0,0,,,,,,"",""
ball,3,24.6,Canterbury,DG Brownlie,HM Nicholls,IG Butler,0,0,,,,,,"",""
ball,3,25.1,Canterbury,HM Nicholls,DG Brownlie,MD Craig,0,0,,,,,,"",""
ball,3,25.2,Canterbury,HM Nicholls,DG Brownlie,MD Craig,0,0,,,,,,"",""
ball,3,25.3,Canterbury,HM Nicholls,DG Brownlie,MD Craig,0,0,,,,,,"",""
ball,3,25.4,Canterbury,HM Nicholls,DG Brownlie,MD Craig,0,0,,,,,,"",""
ball,3,25.5,Canterbury,HM Nicholls,DG Brownlie,MD Craig,1,0,,,,,,"",""
ball,3,25.6,Canterbury,DG Brownlie,HM Nicholls,MD Craig,0,0,,,,,,"",""
ball,3,26.1,Canterbury,HM Nicholls,DG Brownlie,JDS Neesham,1,0,,,,,,"",""
ball,3,26.2,Canterbury,DG Brownlie,HM Nicholls,JDS Neesham,2,0,,,,,,"",""
ball,3,26.3,Canterbury,DG Brownlie,HM Nicholls,JDS Neesham,0,1,,,,1,,"",""
ball,3,26.4,Canterbury,HM Nicholls,DG Brownlie,JDS Neesham,1,0,,,,,,"",""
ball,3,26.5,Canterbury,DG Brownlie,HM Nicholls,JDS Neesham,1,0,,,,,,"",""
ball,3,26.6,Canterbury,HM Nicholls,DG Brownlie,JDS Neesham,0,0,,,,,,"",""
ball,3,27.1,Canterbury,DG Brownlie,HM Nicholls,MD Craig,0,0,,,,,,"",""
ball,3,27.2,Canterbury,DG Brownlie,HM Nicholls,MD Craig,0,0,,,,,,"",""
ball,3,27.3,Canterbury,DG Brownlie,HM Nicholls,MD Craig,1,0,,,,,,"",""
ball,3,27.4,Canterbury,HM Nicholls,DG Brownlie,MD Craig,0,0,,,,,,"",""
ball,3,27.5,Canterbury,HM Nicholls,DG Brownlie,MD Craig,4,0,,,,,,"",""
ball,3,27.6,Canterbury,HM Nicholls,DG Brownlie,MD Craig,4,0,,,,,,"",""
ball,3,28.1,Canterbury,DG Brownlie,HM Nicholls,JDS Neesham,0,0,,,,,,"",""
ball,3,28.2,Canterbury,DG Brownlie,HM Nicholls,JDS Neesham,0,0,,,,,,"",""
ball,3,28.3,Canterbury,DG Brownlie,HM Nicholls,JDS Neesham,0,0,,,,,,"",""
ball,3,28.4,Canterbury,DG Brownlie,HM Nicholls,JDS Neesham,0,0,,,,,,"",""
ball,3,28.5,Canterbury,DG Brownlie,HM Nicholls,JDS Neesham,0,0,,,,,,"",""
ball,3,28.6,Canterbury,DG Brownlie,HM Nicholls,JDS Neesham,0,0,,,,,,"",""
ball,3,29.1,Canterbury,HM Nicholls,DG Brownlie,JM McMillan,4,0,,,,,,"",""
ball,3,29.2,Canterbury,HM Nicholls,DG Brownlie,JM McMillan,0,0,,,,,,"",""
ball,3,29.3,Canterbury,HM Nicholls,DG Brownlie,JM McMillan,2,0,,,,,,"",""
ball,3,29.4,Canterbury,HM Nicholls,DG Brownlie,JM McMillan,0,0,,,,,,"",""
ball,3,29.5,Canterbury,HM Nicholls,DG Brownlie,JM McMillan,0,0,,,,,,"",""
ball,3,29.6,Canterbury,HM Nicholls,DG Brownlie,JM McMillan,0,0,,,,,,"",""
ball,3,30.1,Canterbury,DG Brownlie,HM Nicholls,JDS Neesham,0,0,,,,,,"",""
ball,3,30.2,Canterbury,DG Brownlie,HM Nicholls,JDS Neesham,0,0,,,,,,"",""
ball,3,30.3,Canterbury,DG Brownlie,HM Nicholls,JDS Neesham,0,0,,,,,,"",""
ball,3,30.4,Canterbury,DG Brownlie,HM Nicholls,JDS Neesham,0,1,,,,1,,"",""
ball,3,30.5,Canterbury,HM Nicholls,DG Brownlie,JDS Neesham,4,0,,,,,,"",""
ball,3,30.6,Canterbury,HM Nicholls,DG Brownlie,JDS Neesham,0,0,,,,,,"",""
ball,3,31.1,Canterbury,DG Brownlie,HM Nicholls,JM McMillan,0,0,,,,,,"",""
ball,3,31.2,Canterbury,DG Brownlie,HM Nicholls,JM McMillan,1,0,,,,,,"",""
ball,3,31.3,Canterbury,HM Nicholls,DG Brownlie,JM McMillan,0,0,,,,,,"",""
ball,3,31.4,Canterbury,HM Nicholls,DG Brownlie,JM McMillan,0,0,,,,,,"",""
ball,3,31.5,Canterbury,HM Nicholls,DG Brownlie,JM McMillan,0,0,,,,,,"",""
ball,3,31.6,Canterbury,HM Nicholls,DG Brownlie,JM McMillan,0,0,,,,,,"",""
ball,3,32.1,Canterbury,DG Brownlie,HM Nicholls,JDS Neesham,0,0,,,,,,"",""
ball,3,32.2,Canterbury,DG Brownlie,HM Nicholls,JDS Neesham,0,0,,,,,,"",""
ball,3,32.3,Canterbury,DG Brownlie,HM Nicholls,JDS Neesham,2,0,,,,,,"",""
ball,3,32.4,Canterbury,DG Brownlie,HM Nicholls,JDS Neesham,0,0,,,,,,"",""
ball,3,32.5,Canterbury,DG Brownlie,HM Nicholls,JDS Neesham,0,0,,,,,,"",""
ball,3,32.6,Canterbury,DG Brownlie,HM Nicholls,JDS Neesham,0,0,,,,,,"",""
ball,3,33.1,Canterbury,HM Nicholls,DG Brownlie,MD Craig,1,0,,,,,,"",""
ball,3,33.2,Canterbury,DG Brownlie,HM Nicholls,MD Craig,0,0,,,,,,"",""
ball,3,33.3,Canterbury,DG Brownlie,HM Nicholls,MD Craig,0,0,,,,,,"",""
ball,3,33.4,Canterbury,DG Brownlie,HM Nicholls,MD Craig,2,0,,,,,,"",""
ball,3,33.5,Canterbury,DG Brownlie,HM Nicholls,MD Craig,0,1,,,1,,,"",""
ball,3,33.6,Canterbury,HM Nicholls,DG Brownlie,MD Craig,0,0,,,,,,"",""
ball,3,34.1,Canterbury,DG Brownlie,HM Nicholls,JDS Neesham,1,0,,,,,,"",""
ball,3,34.2,Canterbury,HM Nicholls,DG Brownlie,JDS Neesham,1,0,,,,,,"",""
ball,3,34.3,Canterbury,DG Brownlie,HM Nicholls,JDS Neesham,4,0,,,,,,"",""
ball,3,34.4,Canterbury,DG Brownlie,HM Nicholls,JDS Neesham,0,0,,,,,,"",""
ball,3,34.5,Canterbury,DG Brownlie,HM Nicholls,JDS Neesham,0,0,,,,,,"",""
ball,3,34.6,Canterbury,DG Brownlie,HM Nicholls,JDS Neesham,1,0,,,,,,"",""
ball,3,35.1,Canterbury,DG Brownlie,HM Nicholls,MD Craig,0,0,,,,,,"",""
ball,3,35.2,Canterbury,DG Brownlie,HM Nicholls,MD Craig,0,0,,,,,,"",""
ball,3,35.3,Canterbury,DG Brownlie,HM Nicholls,MD Craig,1,0,,,,,,"",""
ball,3,35.4,Canterbury,HM Nicholls,DG Brownlie,MD Craig,1,0,,,,,,"",""
ball,3,35.5,Canterbury,DG Brownlie,HM Nicholls,MD Craig,0,0,,,,,,"",""
ball,3,35.6,Canterbury,DG Brownlie,HM Nicholls,MD Craig,0,0,,,,,,"",""
ball,3,36.1,Canterbury,HM Nicholls,DG Brownlie,IG Butler,0,0,,,,,,"",""
ball,3,36.2,Canterbury,HM Nicholls,DG Brownlie,IG Butler,1,0,,,,,,"",""
ball,3,36.3,Canterbury,DG Brownlie,HM Nicholls,IG Butler,0,0,,,,,,"",""
ball,3,36.4,Canterbury,DG Brownlie,HM Nicholls,IG Butler,0,0,,,,,,"",""
ball,3,36.5,Canterbury,DG Brownlie,HM Nicholls,IG Butler,0,0,,,,,,"",""
ball,3,36.6,Canterbury,DG Brownlie,HM Nicholls,IG Butler,0,0,,,,,,"",""
ball,3,37.1,Canterbury,HM Nicholls,DG Brownlie,MD Craig,0,0,,,,,,"",""
ball,3,37.2,Canterbury,HM Nicholls,DG Brownlie,MD Craig,0,0,,,,,,"",""
ball,3,37.3,Canterbury,HM Nicholls,DG Brownlie,MD Craig,0,0,,,,,,"",""
ball,3,37.4,Canterbury,HM Nicholls,DG Brownlie,MD Craig,0,0,,,,,,"",""
ball,3,37.5,Canterbury,HM Nicholls,DG Brownlie,MD Craig,0,0,,,,,,"",""
ball,3,37.6,Canterbury,HM Nicholls,DG Brownlie,MD Craig,0,0,,,,,,"",""
ball,3,38.1,Canterbury,DG Brownlie,HM Nicholls,IG Butler,0,0,,,,,,"",""
ball,3,38.2,Canterbury,DG Brownlie,HM Nicholls,IG Butler,0,1,,,,1,,"",""
ball,3,38.3,Canterbury,HM Nicholls,DG Brownlie,IG Butler,0,0,,,,,,"",""
ball,3,38.4,Canterbury,HM Nicholls,DG Brownlie,IG Butler,0,0,,,,,,"",""
ball,3,38.5,Canterbury,HM Nicholls,DG Brownlie,IG Butler,0,0,,,,,,"",""
ball,3,38.6,Canterbury,HM Nicholls,DG Brownlie,IG Butler,0,0,,,,,,"",""
ball,3,39.1,Canterbury,DG Brownlie,HM Nicholls,MD Craig,0,0,,,,,,"",""
ball,3,39.2,Canterbury,DG Brownlie,HM Nicholls,MD Craig,0,0,,,,,,"",""
ball,3,39.3,Canterbury,DG Brownlie,HM Nicholls,MD Craig,4,0,,,,,,"",""
ball,3,39.4,Canterbury,DG Brownlie,HM Nicholls,MD Craig,0,0,,,,,,"",""
ball,3,39.5,Canterbury,DG Brownlie,HM Nicholls,MD Craig,0,0,,,,,,"",""
ball,3,39.6,Canterbury,DG Brownlie,HM Nicholls,MD Craig,0,0,,,,,,"",""
ball,3,40.1,Canterbury,HM Nicholls,DG Brownlie,IG Butler,0,0,,,,,,"",""
ball,3,40.2,Canterbury,HM Nicholls,DG Brownlie,IG Butler,0,0,,,,,,"",""
ball,3,40.3,Canterbury,HM Nicholls,DG Brownlie,IG Butler,0,0,,,,,,"",""
ball,3,40.4,Canterbury,HM Nicholls,DG Brownlie,IG Butler,0,0,,,,,,"",""
ball,3,40.5,Canterbury,HM Nicholls,DG Brownlie,IG Butler,0,0,,,,,,"",""
ball,3,40.6,Canterbury,HM Nicholls,DG Brownlie,IG Butler,1,0,,,,,,"",""
ball,3,41.1,Canterbury,HM Nicholls,DG Brownlie,MD Craig,0,0,,,,,,"",""
ball,3,41.2,Canterbury,HM Nicholls,DG Brownlie,MD Craig,1,0,,,,,,"",""
ball,3,41.3,Canterbury,DG Brownlie,HM Nicholls,MD Craig,0,0,,,,,,"",""
ball,3,41.4,Canterbury,DG Brownlie,HM Nicholls,MD Craig,1,0,,,,,,"",""
ball,3,41.5,Canterbury,HM Nicholls,DG Brownlie,MD Craig,0,0,,,,,,"",""
ball,3,41.6,Canterbury,HM Nicholls,DG Brownlie,MD Craig,0,0,,,,,,"",""
ball,3,42.1,Canterbury,DG Brownlie,HM Nicholls,IG Butler,0,0,,,,,,"",""
ball,3,42.2,Canterbury,DG Brownlie,HM Nicholls,IG Butler,0,0,,,,,,"",""
ball,3,42.3,Canterbury,DG Brownlie,HM Nicholls,IG Butler,3,0,,,,,,"",""
ball,3,42.4,Canterbury,HM Nicholls,DG Brownlie,IG Butler,0,0,,,,,,"",""
ball,3,42.5,Canterbury,HM Nicholls,DG Brownlie,IG Butler,0,0,,,,,,caught,HM Nicholls
ball,3,42.6,Canterbury,B Cachopa,DG Brownlie,IG Butler,0,0,,,,,,"",""
ball,3,43.1,Canterbury,DG Brownlie,B Cachopa,MD Craig,0,0,,,,,,"",""
ball,3,43.2,Canterbury,DG Brownlie,B Cachopa,MD Craig,0,0,,,,,,"",""
ball,3,43.3,Canterbury,DG Brownlie,B Cachopa,MD Craig,1,0,,,,,,"",""
ball,3,43.4,Canterbury,B Cachopa,DG Brownlie,MD Craig,0,0,,,,,,"",""
ball,3,43.5,Canterbury,B Cachopa,DG Brownlie,MD Craig,0,0,,,,,,"",""
ball,3,43.6,Canterbury,B Cachopa,DG Brownlie,MD Craig,0,0,,,,,,"",""
ball,3,44.1,Canterbury,DG Brownlie,B Cachopa,IG Butler,1,0,,,,,,"",""
ball,3,44.2,Canterbury,B Cachopa,DG Brownlie,IG Butler,0,0,,,,,,"",""
ball,3,44.3,Canterbury,B Cachopa,DG Brownlie,IG Butler,0,0,,,,,,"",""
ball,3,44.4,Canterbury,B Cachopa,DG Brownlie,IG Butler,0,0,,,,,,"",""
ball,3,44.5,Canterbury,B Cachopa,DG Brownlie,IG Butler,4,0,,,,,,"",""
ball,3,44.6,Canterbury,B Cachopa,DG Brownlie,IG Butler,0,0,,,,,,"",""
ball,3,45.1,Canterbury,DG Brownlie,B Cachopa,MD Craig,0,0,,,,,,"",""
ball,3,45.2,Canterbury,DG Brownlie,B Cachopa,MD Craig,0,0,,,,,,"",""
ball,3,45.3,Canterbury,DG Brownlie,B Cachopa,MD Craig,0,0,,,,,,"",""
ball,3,45.4,Canterbury,DG Brownlie,B Cachopa,MD Craig,0,0,,,,,,"",""
ball,3,45.5,Canterbury,DG Brownlie,B Cachopa,MD Craig,0,0,,,,,,"",""
ball,3,45.6,Canterbury,DG Brownlie,B Cachopa,MD Craig,4,0,,,,,,"",""
ball,3,46.1,Canterbury,B Cachopa,DG Brownlie,IG Butler,0,0,,,,,,"",""
ball,3,46.2,Canterbury,B Cachopa,DG Brownlie,IG Butler,0,0,,,,,,"",""
ball,3,46.3,Canterbury,B Cachopa,DG Brownlie,IG Butler,0,0,,,,,,"",""
ball,3,46.4,Canterbury,B Cachopa,DG Brownlie,IG Butler,0,0,,,,,,"",""
ball,3,46.5,Canterbury,B Cachopa,DG Brownlie,IG Butler,0,0,,,,,,"",""
ball,3,46.6,Canterbury,B Cachopa,DG Brownlie,IG Butler,0,0,,,,,,"",""
ball,3,47.1,Canterbury,DG Brownlie,B Cachopa,MD Craig,0,0,,,,,,"",""
ball,3,47.2,Canterbury,DG Brownlie,B Cachopa,MD Craig,1,0,,,,,,"",""
ball,3,47.3,Canterbury,B Cachopa,DG Brownlie,MD Craig,1,0,,,,,,"",""
ball,3,47.4,Canterbury,DG Brownlie,B Cachopa,MD Craig,0,1,,1,,,,"",""
ball,3,47.5,Canterbury,DG Brownlie,B Cachopa,MD Craig,0,0,,,,,,"",""
ball,3,47.6,Canterbury,DG Brownlie,B Cachopa,MD Craig,0,0,,,,,,"",""
ball,3,47.7,Canterbury,DG Brownlie,B Cachopa,MD Craig,0,0,,,,,,"",""
ball,3,48.1,Canterbury,B Cachopa,DG Brownlie,IG Butler,0,0,,,,,,"",""
ball,3,48.2,Canterbury,B Cachopa,DG Brownlie,IG Butler,0,0,,,,,,"",""
ball,3,48.3,Canterbury,B Cachopa,DG Brownlie,IG Butler,0,0,,,,,,"",""
ball,3,48.4,Canterbury,B Cachopa,DG Brownlie,IG Butler,0,0,,,,,,"",""
ball,3,48.5,Canterbury,B Cachopa,DG Brownlie,IG Butler,0,1,,,,1,,"",""
ball,3,48.6,Canterbury,DG Brownlie,B Cachopa,IG Butler,0,0,,,,,,"",""
ball,3,49.1,Canterbury,B Cachopa,DG Brownlie,MD Craig,0,0,,,,,,"",""
ball,3,49.2,Canterbury,B Cachopa,DG Brownlie,MD Craig,0,0,,,,,,"",""
ball,3,49.3,Canterbury,B Cachopa,DG Brownlie,MD Craig,0,0,,,,,,"",""
ball,3,49.4,Canterbury,B Cachopa,DG Brownlie,MD Craig,0,0,,,,,,"",""
ball,3,49.5,Canterbury,B Cachopa,DG Brownlie,MD Craig,4,0,,,,,,"",""
ball,3,49.6,Canterbury,B Cachopa,DG Brownlie,MD Craig,1,0,,,,,,"",""
ball,3,50.1,Canterbury,B Cachopa,DG Brownlie,SR Wells,1,0,,,,,,"",""
ball,3,50.2,Canterbury,DG Brownlie,B Cachopa,SR Wells,0,0,,,,,,"",""
ball,3,50.3,Canterbury,DG Brownlie,B Cachopa,SR Wells,0,0,,,,,,"",""
ball,3,50.4,Canterbury,DG Brownlie,B Cachopa,SR Wells,2,0,,,,,,"",""
ball,3,50.5,Canterbury,DG Brownlie,B Cachopa,SR Wells,0,0,,,,,,"",""
ball,3,50.6,Canterbury,DG Brownlie,B Cachopa,SR Wells,0,1,1,,,,,"",""
ball,3,50.7,Canterbury,DG Brownlie,B Cachopa,SR Wells,1,0,,,,,,"",""
ball,3,51.1,Canterbury,DG Brownlie,B Cachopa,MD Craig,0,1,,1,,,,"",""
ball,3,51.2,Canterbury,DG Brownlie,B Cachopa,MD Craig,4,0,,,,,,"",""
ball,3,51.3,Canterbury,DG Brownlie,B Cachopa,MD Craig,0,0,,,,,,"",""
ball,3,51.4,Canterbury,DG Brownlie,B Cachopa,MD Craig,0,0,,,,,,"",""
ball,3,51.5,Canterbury,DG Brownlie,B Cachopa,MD Craig,0,0,,,,,,"",""
ball,3,51.6,Canterbury,DG Brownlie,B Cachopa,MD Craig,0,0,,,,,,"",""
ball,3,51.7,Canterbury,DG Brownlie,B Cachopa,MD Craig,0,0,,,,,,"",""
ball,3,52.1,Canterbury,B Cachopa,DG Brownlie,SR Wells,0,0,,,,,,"",""
ball,3,52.2,Canterbury,B Cachopa,DG Brownlie,SR Wells,0,0,,,,,,"",""
ball,3,52.3,Canterbury,B Cachopa,DG Brownlie,SR Wells,4,0,,,,,,"",""
ball,3,52.4,Canterbury,B Cachopa,DG Brownlie,SR Wells,0,0,,,,,,"",""
ball,3,52.5,Canterbury,B Cachopa,DG Brownlie,SR Wells,0,0,,,,,,"",""
ball,3,52.6,Canterbury,B Cachopa,DG Brownlie,SR Wells,0,0,,,,,,"",""
ball,3,53.1,Canterbury,DG Brownlie,B Cachopa,JDS Neesham,0,0,,,,,,"",""
ball,3,53.2,Canterbury,DG Brownlie,B Cachopa,JDS Neesham,0,0,,,,,,"",""
ball,3,53.3,Canterbury,DG Brownlie,B Cachopa,JDS Neesham,0,0,,,,,,"",""
ball,3,53.4,Canterbury,DG Brownlie,B Cachopa,JDS Neesham,4,0,,,,,,"",""
ball,3,53.5,Canterbury,DG Brownlie,B Cachopa,JDS Neesham,0,0,,,,,,"",""
ball,3,53.6,Canterbury,DG Brownlie,B Cachopa,JDS Neesham,0,0,,,,,,"",""
ball,3,54.1,Canterbury,B Cachopa,DG Brownlie,SR Wells,0,0,,,,,,"",""
ball,3,54.2,Canterbury,B Cachopa,DG Brownlie,SR Wells,0,0,,,,,,"",""
ball,3,54.3,Canterbury,B Cachopa,DG Brownlie,SR Wells,0,0,,,,,,"",""
ball,3,54.4,Canterbury,B Cachopa,DG Brownlie,SR Wells,0,0,,,,,,"",""
ball,3,54.5,Canterbury,B Cachopa,DG Brownlie,SR Wells,0,0,,,,,,"",""
ball,3,54.6,Canterbury,B Cachopa,DG Brownlie,SR Wells,0,0,,,,,,"",""
ball,3,55.1,Canterbury,DG Brownlie,B Cachopa,JDS Neesham,0,0,,,,,,"",""
ball,3,55.2,Canterbury,DG Brownlie,B Cachopa,JDS Neesham,0,0,,,,,,"",""
ball,3,55.3,Canterbury,DG Brownlie,B Cachopa,JDS Neesham,4,0,,,,,,"",""
ball,3,55.4,Canterbury,DG Brownlie,B Cachopa,JDS Neesham,0,0,,,,,,"",""
ball,3,55.5,Canterbury,DG Brownlie,B Cachopa,JDS Neesham,0,0,,,,,,"",""
ball,3,55.6,Canterbury,DG Brownlie,B Cachopa,JDS Neesham,0,0,,,,,,"",""
ball,3,56.1,Canterbury,B Cachopa,DG Brownlie,SR Wells,1,0,,,,,,"",""
ball,3,56.2,Canterbury,DG Brownlie,B Cachopa,SR Wells,0,0,,,,,,"",""
ball,3,56.3,Canterbury,DG Brownlie,B Cachopa,SR Wells,2,0,,,,,,"",""
ball,3,56.4,Canterbury,DG Brownlie,B Cachopa,SR Wells,1,0,,,,,,"",""
ball,3,56.5,Canterbury,B Cachopa,DG Brownlie,SR Wells,2,0,,,,,,"",""
ball,3,56.6,Canterbury,B Cachopa,DG Brownlie,SR Wells,0,0,,,,,,"",""
ball,3,57.1,Canterbury,DG Brownlie,B Cachopa,MD Craig,0,0,,,,,,"",""
ball,3,57.2,Canterbury,DG Brownlie,B Cachopa,MD Craig,0,0,,,,,,"",""
ball,3,57.3,Canterbury,DG Brownlie,B Cachopa,MD Craig,0,0,,,,,,"",""
ball,3,57.4,Canterbury,DG Brownlie,B Cachopa,MD Craig,0,0,,,,,,"",""
ball,3,57.5,Canterbury,DG Brownlie,B Cachopa,MD Craig,3,0,,,,,,"",""
ball,3,57.6,Canterbury,B Cachopa,DG Brownlie,MD Craig,0,0,,,,,,"",""
ball,3,58.1,Canterbury,DG Brownlie,B Cachopa,SR Wells,0,0,,,,,,"",""
ball,3,58.2,Canterbury,DG Brownlie,B Cachopa,SR Wells,1,0,,,,,,"",""
ball,3,58.3,Canterbury,B Cachopa,DG Brownlie,SR Wells,0,0,,,,,,"",""
ball,3,58.4,Canterbury,B Cachopa,DG Brownlie,SR Wells,1,0,,,,,,"",""
ball,3,58.5,Canterbury,DG Brownlie,B Cachopa,SR Wells,0,0,,,,,,"",""
ball,3,58.6,Canterbury,DG Brownlie,B Cachopa,SR Wells,0,0,,,,,,"",""
ball,3,59.1,Canterbury,B Cachopa,DG Brownlie,MD Craig,0,0,,,,,,"",""
ball,3,59.2,Canterbury,B Cachopa,DG Brownlie,MD Craig,0,0,,,,,,"",""
ball,3,59.3,Canterbury,B Cachopa,DG Brownlie,MD Craig,0,0,,,,,,"",""
ball,3,59.4,Canterbury,B Cachopa,DG Brownlie,MD Craig,0,0,,,,,,"",""
ball,3,59.5,Canterbury,B Cachopa,DG Brownlie,MD Craig,4,0,,,,,,"",""
ball,3,59.6,Canterbury,B Cachopa,DG Brownlie,MD Craig,0,0,,,,,,"",""
ball,3,60.1,Canterbury,DG Brownlie,B Cachopa,SR Wells,0,0,,,,,,"",""
ball,3,60.2,Canterbury,DG Brownlie,B Cachopa,SR Wells,0,0,,,,,,"",""
ball,3,60.3,Canterbury,DG Brownlie,B Cachopa,SR Wells,1,0,,,,,,"",""
ball,3,60.4,Canterbury,B Cachopa,DG Brownlie,SR Wells,4,0,,,,,,"",""
ball,3,60.5,Canterbury,B Cachopa,DG Brownlie,SR Wells,0,0,,,,,,"",""
ball,3,60.6,Canterbury,B Cachopa,DG Brownlie,SR Wells,0,0,,,,,,"",""
ball,3,61.1,Canterbury,DG Brownlie,B Cachopa,MD Craig,0,0,,,,,,"",""
ball,3,61.2,Canterbury,DG Brownlie,B Cachopa,MD Craig,0,0,,,,,,"",""
ball,3,61.3,Canterbury,DG Brownlie,B Cachopa,MD Craig,0,0,,,,,,"",""
ball,3,61.4,Canterbury,DG Brownlie,B Cachopa,MD Craig,0,0,,,,,,"",""
ball,3,61.5,Canterbury,DG Brownlie,B Cachopa,MD Craig,0,0,,,,,,"",""
ball,3,61.6,Canterbury,DG Brownlie,B Cachopa,MD Craig,4,0,,,,,,"",""
ball,3,62.1,Canterbury,B Cachopa,DG Brownlie,SR Wells,0,0,,,,,,"",""
ball,3,62.2,Canterbury,B Cachopa,DG Brownlie,SR Wells,0,0,,,,,,"",""
ball,3,62.3,Canterbury,B Cachopa,DG Brownlie,SR Wells,0,0,,,,,,"",""
ball,3,62.4,Canterbury,B Cachopa,DG Brownlie,SR Wells,0,0,,,,,,"",""
ball,3,62.5,Canterbury,B Cachopa,DG Brownlie,SR Wells,0,0,,,,,,"",""
ball,3,62.6,Canterbury,B Cachopa,DG Brownlie,SR Wells,0,0,,,,,,"",""
ball,3,63.1,Canterbury,DG Brownlie,B Cachopa,NT Broom,0,0,,,,,,"",""
ball,3,63.2,Canterbury,DG Brownlie,B Cachopa,NT Broom,1,0,,,,,,"",""
ball,3,63.3,Canterbury,B Cachopa,DG Brownlie,NT Broom,2,0,,,,,,"",""
ball,3,63.4,Canterbury,B Cachopa,DG Brownlie,NT Broom,1,0,,,,,,"",""
ball,3,63.5,Canterbury,DG Brownlie,B Cachopa,NT Broom,0,0,,,,,,"",""
ball,3,63.6,Canterbury,DG Brownlie,B Cachopa,NT Broom,2,0,,,,,,"",""
ball,3,64.1,Canterbury,B Cachopa,DG Brownlie,SR Wells,1,0,,,,,,"",""
ball,3,64.2,Canterbury,DG Brownlie,B Cachopa,SR Wells,1,0,,,,,,"",""
ball,3,64.3,Canterbury,B Cachopa,DG Brownlie,SR Wells,0,0,,,,,,"",""
ball,3,64.4,Canterbury,B Cachopa,DG Brownlie,SR Wells,0,0,,,,,,"",""
ball,3,64.5,Canterbury,B Cachopa,DG Brownlie,SR Wells,0,0,,,,,,"",""
ball,3,64.6,Canterbury,B Cachopa,DG Brownlie,SR Wells,3,0,,,,,,"",""
ball,3,65.1,Canterbury,B Cachopa,DG Brownlie,MD Craig,0,0,,,,,,"",""
ball,3,65.2,Canterbury,B Cachopa,DG Brownlie,MD Craig,0,0,,,,,,"",""
ball,3,65.3,Canterbury,B Cachopa,DG Brownlie,MD Craig,0,0,,,,,,"",""
ball,3,65.4,Canterbury,B Cachopa,DG Brownlie,MD Craig,0,0,,,,,,"",""
ball,3,65.5,Canterbury,B Cachopa,DG Brownlie,MD Craig,1,0,,,,,,"",""
ball,3,65.6,Canterbury,DG Brownlie,B Cachopa,MD Craig,0,0,,,,,,"",""
ball,3,66.1,Canterbury,B Cachopa,DG Brownlie,JDS Neesham,0,0,,,,,,"",""
ball,3,66.2,Canterbury,B Cachopa,DG Brownlie,JDS Neesham,0,0,,,,,,"",""
ball,3,66.3,Canterbury,B Cachopa,DG Brownlie,JDS Neesham,0,0,,,,,,"",""
ball,3,66.4,Canterbury,B Cachopa,DG Brownlie,JDS Neesham,0,0,,,,,,"",""
ball,3,66.5,Canterbury,B Cachopa,DG Brownlie,JDS Neesham,0,0,,,,,,caught,B Cachopa
ball,3,66.6,Canterbury,GM Andrew,DG Brownlie,JDS Neesham,0,0,,,,,,"",""
ball,3,67.1,Canterbury,DG Brownlie,GM Andrew,MD Craig,0,0,,,,,,"",""
ball,3,67.2,Canterbury,DG Brownlie,GM Andrew,MD Craig,0,0,,,,,,"",""
ball,3,67.3,Canterbury,DG Brownlie,GM Andrew,MD Craig,0,0,,,,,,"",""
ball,3,67.4,Canterbury,DG Brownlie,GM Andrew,MD Craig,2,0,,,,,,"",""
ball,3,67.5,Canterbury,DG Brownlie,GM Andrew,MD Craig,0,0,,,,,,"",""
ball,3,67.6,Canterbury,DG Brownlie,GM Andrew,MD Craig,1,0,,,,,,"",""
ball,3,68.1,Canterbury,DG Brownlie,GM Andrew,JDS Neesham,0,0,,,,,,"",""
ball,3,68.2,Canterbury,DG Brownlie,GM Andrew,JDS Neesham,0,0,,,,,,"",""
ball,3,68.3,Canterbury,DG Brownlie,GM Andrew,JDS Neesham,0,0,,,,,,"",""
ball,3,68.4,Canterbury,DG Brownlie,GM Andrew,JDS Neesham,0,0,,,,,,"",""
ball,3,68.5,Canterbury,DG Brownlie,GM Andrew,JDS Neesham,0,0,,,,,,"",""
ball,3,68.6,Canterbury,DG Brownlie,GM Andrew,JDS Neesham,0,0,,,,,,"",""
ball,3,69.1,Canterbury,GM Andrew,DG Brownlie,MD Craig,0,0,,,,,,"",""
ball,3,69.2,Canterbury,GM Andrew,DG Brownlie,MD Craig,0,0,,,,,,"",""
ball,3,69.3,Canterbury,GM Andrew,DG Brownlie,MD Craig,0,0,,,,,,"",""
ball,3,69.4,Canterbury,GM Andrew,DG Brownlie,MD Craig,0,0,,,,,,"",""
ball,3,69.5,Canterbury,GM Andrew,DG Brownlie,MD Craig,0,0,,,,,,"",""
ball,3,69.6,Canterbury,GM Andrew,DG Brownlie,MD Craig,0,0,,,,,,"",""
ball,3,70.1,Canterbury,DG Brownlie,GM Andrew,JDS Neesham,0,0,,,,,,"",""
ball,3,70.2,Canterbury,DG Brownlie,GM Andrew,JDS Neesham,0,0,,,,,,"",""
ball,3,70.3,Canterbury,DG Brownlie,GM Andrew,JDS Neesham,0,0,,,,,,"",""
ball,3,70.4,Canterbury,DG Brownlie,GM Andrew,JDS Neesham,0,0,,,,,,"",""
ball,3,70.5,Canterbury,DG Brownlie,GM Andrew,JDS Neesham,0,0,,,,,,"",""
ball,3,70.6,Canterbury,DG Brownlie,GM Andrew,JDS Neesham,0,0,,,,,,"",""
ball,3,71.1,Canterbury,GM Andrew,DG Brownlie,MD Craig,0,0,,,,,,lbw,GM Andrew
ball,3,71.2,Canterbury,TD Astle,DG Brownlie,MD Craig,0,0,,,,,,"",""
ball,3,71.3,Canterbury,TD Astle,DG Brownlie,MD Craig,0,0,,,,,,"",""
ball,3,71.4,Canterbury,TD Astle,DG Brownlie,MD Craig,0,0,,,,,,"",""
ball,3,71.5,Canterbury,TD Astle,DG Brownlie,MD Craig,0,0,,,,,,"",""
ball,3,71.6,Canterbury,TD Astle,DG Brownlie,MD Craig,0,0,,,,,,"",""
ball,3,72.1,Canterbury,DG Brownlie,TD Astle,JDS Neesham,4,0,,,,,,"",""
ball,3,72.2,Canterbury,DG Brownlie,TD Astle,JDS Neesham,0,1,,,,1,,"",""
ball,3,72.3,Canterbury,TD Astle,DG Brownlie,JDS Neesham,0,0,,,,,,"",""
ball,3,72.4,Canterbury,TD Astle,DG Brownlie,JDS Neesham,0,0,,,,,,"",""
ball,3,72.5,Canterbury,TD Astle,DG Brownlie,JDS Neesham,0,0,,,,,,"",""
ball,3,72.6,Canterbury,TD Astle,DG Brownlie,JDS Neesham,0,2,,,2,,,"",""
ball,3,73.1,Canterbury,DG Brownlie,TD Astle,MD Craig,0,0,,,,,,"",""
ball,3,73.2,Canterbury,DG Brownlie,TD Astle,MD Craig,0,0,,,,,,"",""
ball,3,73.3,Canterbury,DG Brownlie,TD Astle,MD Craig,0,0,,,,,,"",""
ball,3,73.4,Canterbury,DG Brownlie,TD Astle,MD Craig,0,0,,,,,,"",""
ball,3,73.5,Canterbury,DG Brownlie,TD Astle,MD Craig,0,0,,,,,,"",""
ball,3,73.6,Canterbury,DG Brownlie,TD Astle,MD Craig,0,0,,,,,,"",""
ball,3,74.1,Canterbury,TD Astle,DG Brownlie,JDS Neesham,0,0,,,,,,"",""
ball,3,74.2,Canterbury,TD Astle,DG Brownlie,JDS Neesham,0,0,,,,,,"",""
ball,3,74.3,Canterbury,TD Astle,DG Brownlie,JDS Neesham,0,0,,,,,,"",""
ball,3,74.4,Canterbury,TD Astle,DG Brownlie,JDS Neesham,0,0,,,,,,"",""
ball,3,74.5,Canterbury,TD Astle,DG Brownlie,JDS Neesham,0,0,,,,,,"",""
ball,3,74.6,Canterbury,TD Astle,DG Brownlie,JDS Neesham,0,0,,,,,,"",""
ball,3,75.1,Canterbury,DG Brownlie,TD Astle,MD Craig,0,0,,,,,,"",""
ball,3,75.2,Canterbury,DG Brownlie,TD Astle,MD Craig,0,0,,,,,,"",""
ball,3,75.3,Canterbury,DG Brownlie,TD Astle,MD Craig,0,0,,,,,,"",""
ball,3,75.4,Canterbury,DG Brownlie,TD Astle,MD Craig,4,0,,,,,,"",""
ball,3,75.5,Canterbury,DG Brownlie,TD Astle,MD Craig,0,0,,,,,,"",""
ball,3,75.6,Canterbury,DG Brownlie,TD Astle,MD Craig,0,0,,,,,,"",""
ball,3,76.1,Canterbury,TD Astle,DG Brownlie,JDS Neesham,0,0,,,,,,"",""
ball,3,76.2,Canterbury,TD Astle,DG Brownlie,JDS Neesham,0,0,,,,,,"",""
ball,3,76.3,Canterbury,TD Astle,DG Brownlie,JDS Neesham,0,0,,,,,,"",""
ball,3,76.4,Canterbury,TD Astle,DG Brownlie,JDS Neesham,0,0,,,,,,"",""
ball,3,76.5,Canterbury,TD Astle,DG Brownlie,JDS Neesham,0,0,,,,,,"",""
ball,3,76.6,Canterbury,TD Astle,DG Brownlie,JDS Neesham,0,0,,,,,,"",""
ball,3,77.1,Canterbury,DG Brownlie,TD Astle,MD Craig,1,0,,,,,,"",""
ball,3,77.2,Canterbury,TD Astle,DG Brownlie,MD Craig,4,0,,,,,,"",""
ball,3,77.3,Canterbury,TD Astle,DG Brownlie,MD Craig,0,0,,,,,,"",""
ball,3,77.4,Canterbury,TD Astle,DG Brownlie,MD Craig,0,0,,,,,,"",""
ball,3,77.5,Canterbury,TD Astle,DG Brownlie,MD Craig,0,0,,,,,,"",""
ball,3,77.6,Canterbury,TD Astle,DG Brownlie,MD Craig,2,0,,,,,,"",""
ball,3,78.1,Canterbury,DG Brownlie,TD Astle,IG Butler,1,0,,,,,,"",""
ball,3,78.2,Canterbury,TD Astle,DG Brownlie,IG Butler,0,0,,,,,,"",""
ball,3,78.3,Canterbury,TD Astle,DG Brownlie,IG Butler,0,0,,,,,,"",""
ball,3,78.4,Canterbury,TD Astle,DG Brownlie,IG Butler,0,0,,,,,,"",""
ball,3,78.5,Canterbury,TD Astle,DG Brownlie,IG Butler,0,0,,,,,,"",""
ball,3,78.6,Canterbury,TD Astle,DG Brownlie,IG Butler,2,0,,,,,,"",""
ball,3,79.1,Canterbury,DG Brownlie,TD Astle,MD Craig,4,0,,,,,,"",""
ball,3,79.2,Canterbury,DG Brownlie,TD Astle,MD Craig,0,0,,,,,,"",""
ball,3,79.3,Canterbury,DG Brownlie,TD Astle,MD Craig,0,0,,,,,,"",""
ball,3,79.4,Canterbury,DG Brownlie,TD Astle,MD Craig,0,0,,,,,,caught and bowled,DG Brownlie
ball,3,79.5,Canterbury,BEW McCord,TD Astle,MD Craig,0,0,,,,,,"",""
ball,3,79.6,Canterbury,BEW McCord,TD Astle,MD Craig,0,0,,,,,,"",""
ball,3,80.1,Canterbury,TD Astle,BEW McCord,IG Butler,4,0,,,,,,"",""
ball,3,80.2,Canterbury,TD Astle,BEW McCord,IG Butler,0,0,,,,,,"",""
ball,3,80.3,Canterbury,TD Astle,BEW McCord,IG Butler,0,0,,,,,,"",""
ball,3,80.4,Canterbury,TD Astle,BEW McCord,IG Butler,2,0,,,,,,"",""
ball,3,80.5,Canterbury,TD Astle,BEW McCord,IG Butler,0,0,,,,,,"",""
ball,3,80.6,Canterbury,TD Astle,BEW McCord,IG Butler,4,0,,,,,,"",""
ball,3,81.1,Canterbury,BEW McCord,TD Astle,JDS Neesham,0,0,,,,,,"",""
ball,3,81.2,Canterbury,BEW McCord,TD Astle,JDS Neesham,2,0,,,,,,"",""
ball,3,81.3,Canterbury,BEW McCord,TD Astle,JDS Neesham,1,0,,,,,,"",""
ball,3,81.4,Canterbury,TD Astle,BEW McCord,JDS Neesham,4,0,,,,,,"",""
ball,3,81.5,Canterbury,TD Astle,BEW McCord,JDS Neesham,4,0,,,,,,"",""
ball,3,81.6,Canterbury,TD Astle,BEW McCord,JDS Neesham,0,0,,,,,,"",""
ball,3,82.1,Canterbury,BEW McCord,TD Astle,IG Butler,0,0,,,,,,"",""
ball,3,82.2,Canterbury,BEW McCord,TD Astle,IG Butler,0,0,,,,,,"",""
ball,3,82.3,Canterbury,BEW McCord,TD Astle,IG Butler,4,0,,,,,,"",""
ball,3,82.4,Canterbury,BEW McCord,TD Astle,IG Butler,0,0,,,,,,"",""
ball,3,82.5,Canterbury,BEW McCord,TD Astle,IG Butler,0,0,,,,,,"",""
ball,3,82.6,Canterbury,BEW McCord,TD Astle,IG Butler,0,0,,,,,,"",""
ball,3,83.1,Canterbury,TD Astle,BEW McCord,MD Craig,0,0,,,,,,"",""
ball,3,83.2,Canterbury,TD Astle,BEW McCord,MD Craig,0,0,,,,,,"",""
ball,3,83.3,Canterbury,TD Astle,BEW McCord,MD Craig,0,0,,,,,,"",""
ball,3,83.4,Canterbury,TD Astle,BEW McCord,MD Craig,0,0,,,,,,"",""
ball,3,83.5,Canterbury,TD Astle,BEW McCord,MD Craig,1,0,,,,,,"",""
ball,3,83.6,Canterbury,BEW McCord,TD Astle,MD Craig,0,0,,,,,,"",""
ball,3,84.1,Canterbury,TD Astle,BEW McCord,IG Butler,0,0,,,,,,"",""
ball,3,84.2,Canterbury,TD Astle,BEW McCord,IG Butler,4,0,,,,,,"",""
ball,3,84.3,Canterbury,TD Astle,BEW McCord,IG Butler,0,0,,,,,,"",""
ball,3,84.4,Canterbury,TD Astle,BEW McCord,IG Butler,1,0,,,,,,"",""
ball,3,84.5,Canterbury,BEW McCord,TD Astle,IG Butler,0,0,,,,,,"",""
ball,3,84.6,Canterbury,BEW McCord,TD Astle,IG Butler,4,0,,,,,,"",""
ball,3,85.1,Canterbury,TD Astle,BEW McCord,MD Craig,0,0,,,,,,"",""
ball,3,85.2,Canterbury,TD Astle,BEW McCord,MD Craig,0,0,,,,,,"",""
ball,3,85.3,Canterbury,TD Astle,BEW McCord,MD Craig,1,0,,,,,,"",""
ball,3,85.4,Canterbury,BEW McCord,TD Astle,MD Craig,0,0,,,,,,"",""
ball,3,85.5,Canterbury,BEW McCord,TD Astle,MD Craig,4,0,,,,,,"",""
ball,3,85.6,Canterbury,BEW McCord,TD Astle,MD Craig,0,0,,,,,,"",""
ball,3,86.1,Canterbury,TD Astle,BEW McCord,SR Wells,0,0,,,,,,"",""
ball,3,86.2,Canterbury,TD Astle,BEW McCord,SR Wells,0,0,,,,,,"",""
ball,3,86.3,Canterbury,TD Astle,BEW McCord,SR Wells,0,1,,,,1,,"",""
ball,3,86.4,Canterbury,BEW McCord,TD Astle,SR Wells,0,0,,,,,,"",""
ball,3,86.5,Canterbury,BEW McCord,TD Astle,SR Wells,0,1,,,,1,,"",""
ball,3,86.6,Canterbury,TD Astle,BEW McCord,SR Wells,0,0,,,,,,"",""
ball,3,87.1,Canterbury,BEW McCord,TD Astle,MD Craig,0,0,,,,,,"",""
ball,3,87.2,Canterbury,BEW McCord,TD Astle,MD Craig,0,0,,,,,,"",""
ball,3,87.3,Canterbury,BEW McCord,TD Astle,MD Craig,4,0,,,,,,"",""
ball,3,87.4,Canterbury,BEW McCord,TD Astle,MD Craig,0,0,,,,,,"",""
ball,3,87.5,Canterbury,BEW McCord,TD Astle,MD Craig,0,0,,,,,,"",""
ball,3,87.6,Canterbury,BEW McCord,TD Astle,MD Craig,0,0,,,,,,"",""
ball,3,88.1,Canterbury,TD Astle,BEW McCord,SR Wells,1,0,,,,,,"",""
ball,3,88.2,Canterbury,BEW McCord,TD Astle,SR Wells,0,0,,,,,,"",""
ball,3,88.3,Canterbury,BEW McCord,TD Astle,SR Wells,0,0,,,,,,"",""
ball,3,88.4,Canterbury,BEW McCord,TD Astle,SR Wells,2,0,,,,,,"",""
ball,3,88.5,Canterbury,BEW McCord,TD Astle,SR Wells,0,0,,,,,,"",""
ball,3,88.6,Canterbury,BEW McCord,TD Astle,SR Wells,0,0,,,,,,"",""
ball,3,89.1,Canterbury,TD Astle,BEW McCord,MD Craig,0,0,,,,,,"",""
ball,3,89.2,Canterbury,TD Astle,BEW McCord,MD Craig,0,0,,,,,,"",""
ball,3,89.3,Canterbury,TD Astle,BEW McCord,MD Craig,1,0,,,,,,"",""
ball,3,89.4,Canterbury,BEW McCord,TD Astle,MD Craig,0,0,,,,,,"",""
ball,3,89.5,Canterbury,BEW McCord,TD Astle,MD Craig,0,0,,,,,,"",""
ball,3,89.6,Canterbury,BEW McCord,TD Astle,MD Craig,0,0,,,,,,"",""
ball,3,90.1,Canterbury,TD Astle,BEW McCord,SR Wells,0,1,,,,1,,"",""
ball,3,90.2,Canterbury,BEW McCord,TD Astle,SR Wells,0,0,,,,,,"",""
ball,3,90.3,Canterbury,BEW McCord,TD Astle,SR Wells,1,0,,,,,,"",""
ball,3,90.4,Canterbury,TD Astle,BEW McCord,SR Wells,0,0,,,,,,"",""
ball,3,90.5,Canterbury,TD Astle,BEW McCord,SR Wells,1,0,,,,,,"",""
ball,3,90.6,Canterbury,BEW McCord,TD Astle,SR Wells,0,0,,,,,,"",""
ball,3,91.1,Canterbury,TD Astle,BEW McCord,MD Craig,1,0,,,,,,"",""
ball,3,91.2,Canterbury,BEW McCord,TD Astle,MD Craig,0,0,,,,,,"",""
ball,3,91.3,Canterbury,BEW McCord,TD Astle,MD Craig,2,0,,,,,,"",""
ball,3,91.4,Canterbury,BEW McCord,TD Astle,MD Craig,0,0,,,,,,"",""
ball,3,91.5,Canterbury,BEW McCord,TD Astle,MD Craig,0,0,,,,,,"",""
ball,3,91.6,Canterbury,BEW McCord,TD Astle,MD Craig,0,0,,,,,,"",""
ball,3,92.1,Canterbury,TD Astle,BEW McCord,SR Wells,0,0,,,,,,"",""
ball,3,92.2,Canterbury,TD Astle,BEW McCord,SR Wells,1,0,,,,,,"",""
ball,3,92.3,Canterbury,BEW McCord,TD Astle,SR Wells,2,0,,,,,,"",""
ball,3,92.4,Canterbury,BEW McCord,TD Astle,SR Wells,0,0,,,,,,"",""
ball,3,92.5,Canterbury,BEW McCord,TD Astle,SR Wells,0,0,,,,,,"",""
ball,3,92.6,Canterbury,BEW McCord,TD Astle,SR Wells,4,0,,,,,,"",""
ball,3,93.1,Canterbury,TD Astle,BEW McCord,MD Craig,0,0,,,,,,"",""
ball,3,93.2,Canterbury,TD Astle,BEW McCord,MD Craig,1,0,,,,,,"",""
ball,3,93.3,Canterbury,BEW McCord,TD Astle,MD Craig,0,0,,,,,,"",""
ball,3,93.4,Canterbury,BEW McCord,TD Astle,MD Craig,0,0,,,,,,"",""
ball,3,93.5,Canterbury,BEW McCord,TD Astle,MD Craig,4,0,,,,,,"",""
ball,3,93.6,Canterbury,BEW McCord,TD Astle,MD Craig,0,0,,,,,,"",""
ball,3,94.1,Canterbury,TD Astle,BEW McCord,JDS Neesham,1,0,,,,,,"",""
ball,3,94.2,Canterbury,BEW McCord,TD Astle,JDS Neesham,1,0,,,,,,"",""
ball,3,94.3,Canterbury,TD Astle,BEW McCord,JDS Neesham,1,0,,,,,,"",""
ball,3,94.4,Canterbury,BEW McCord,TD Astle,JDS Neesham,0,0,,,,,,"",""
ball,3,94.5,Canterbury,BEW McCord,TD Astle,JDS Neesham,0,0,,,,,,"",""
ball,3,94.6,Canterbury,BEW McCord,TD Astle,JDS Neesham,0,0,,,,,,"",""
ball,3,95.1,Canterbury,TD Astle,BEW McCord,MD Craig,0,0,,,,,,"",""
ball,3,95.2,Canterbury,TD Astle,BEW McCord,MD Craig,1,0,,,,,,"",""
ball,3,95.3,Canterbury,BEW McCord,TD Astle,MD Craig,0,0,,,,,,"",""
ball,3,95.4,Canterbury,BEW McCord,TD Astle,MD Craig,0,0,,,,,,"",""
ball,3,95.5,Canterbury,BEW McCord,TD Astle,MD Craig,1,0,,,,,,"",""
ball,3,95.6,Canterbury,TD Astle,BEW McCord,MD Craig,0,0,,,,,,"",""
ball,3,96.1,Canterbury,BEW McCord,TD Astle,JDS Neesham,1,0,,,,,,"",""
ball,3,96.2,Canterbury,TD Astle,BEW McCord,JDS Neesham,1,0,,,,,,"",""
ball,3,96.3,Canterbury,BEW McCord,TD Astle,JDS Neesham,1,0,,,,,,"",""
ball,3,96.4,Canterbury,TD Astle,BEW McCord,JDS Neesham,1,0,,,,,,"",""
ball,3,96.5,Canterbury,BEW McCord,TD Astle,JDS Neesham,1,0,,,,,,"",""
ball,3,96.6,Canterbury,TD Astle,BEW McCord,JDS Neesham,0,1,,,,1,,"",""
ball,3,97.1,Canterbury,TD Astle,BEW McCord,MD Craig,0,0,,,,,,"",""
ball,3,97.2,Canterbury,TD Astle,BEW McCord,MD Craig,1,0,,,,,,"",""
ball,3,97.3,Canterbury,BEW McCord,TD Astle,MD Craig,1,0,,,,,,"",""
ball,3,97.4,Canterbury,TD Astle,BEW McCord,MD Craig,0,0,,,,,,"",""
ball,3,97.5,Canterbury,TD Astle,BEW McCord,MD Craig,0,0,,,,,,"",""
ball,3,97.6,Canterbury,TD Astle,BEW McCord,MD Craig,0,0,,,,,,"",""
ball,3,98.1,Canterbury,BEW McCord,TD Astle,JDS Neesham,1,0,,,,,,"",""
ball,3,98.2,Canterbury,TD Astle,BEW McCord,JDS Neesham,0,0,,,,,,"",""
ball,3,98.3,Canterbury,TD Astle,BEW McCord,JDS Neesham,0,0,,,,,,"",""
ball,3,98.4,Canterbury,TD Astle,BEW McCord,JDS Neesham,0,1,1,,,,,"",""
ball,3,98.5,Canterbury,TD Astle,BEW McCord,JDS Neesham,0,0,,,,,,"",""
ball,3,98.6,Canterbury,TD Astle,BEW McCord,JDS Neesham,0,0,,,,,,"",""
ball,3,98.7,Canterbury,TD Astle,BEW McCord,JDS Neesham,0,0,,,,,,"",""
ball,3,99.1,Canterbury,BEW McCord,TD Astle,MD Craig,0,0,,,,,,"",""
ball,3,99.2,Canterbury,BEW McCord,TD Astle,MD Craig,0,0,,,,,,"",""
ball,3,99.3,Canterbury,BEW McCord,TD Astle,MD Craig,0,0,,,,,,"",""
ball,3,99.4,Canterbury,BEW McCord,TD Astle,MD Craig,0,0,,,,,,"",""
ball,3,99.5,Canterbury,BEW McCord,TD Astle,MD Craig,0,0,,,,,,"",""
ball,3,99.6,Canterbury,BEW McCord,TD Astle,MD Craig,0,0,,,,,,"",""
ball,3,100.1,Canterbury,TD Astle,BEW McCord,N Wagner,0,0,,,,,,"",""
ball,3,100.2,Canterbury,TD Astle,BEW McCord,N Wagner,3,0,,,,,,"",""
ball,3,100.3,Canterbury,BEW McCord,TD Astle,N Wagner,0,0,,,,,,"",""
ball,3,100.4,Canterbury,BEW McCord,TD Astle,N Wagner,0,0,,,,,,"",""
ball,3,100.5,Canterbury,BEW McCord,TD Astle,N Wagner,0,0,,,,,,"",""
ball,3,100.6,Canterbury,BEW McCord,TD Astle,N Wagner,0,0,,,,,,"",""
ball,3,101.1,Canterbury,TD Astle,BEW McCord,MD Craig,0,0,,,,,,"",""
ball,3,101.2,Canterbury,TD Astle,BEW McCord,MD Craig,0,0,,,,,,"",""
ball,3,101.3,Canterbury,TD Astle,BEW McCord,MD Craig,0,0,,,,,,"",""
ball,3,101.4,Canterbury,TD Astle,BEW McCord,MD Craig,4,0,,,,,,"",""
ball,3,101.5,Canterbury,TD Astle,BEW McCord,MD Craig,0,0,,,,,,"",""
ball,3,101.6,Canterbury,TD Astle,BEW McCord,MD Craig,0,0,,,,,,"",""
ball,3,102.1,Canterbury,BEW McCord,TD Astle,N Wagner,0,0,,,,,,"",""
ball,3,102.2,Canterbury,BEW McCord,TD Astle,N Wagner,1,0,,,,,,"",""
ball,3,102.3,Canterbury,TD Astle,BEW McCord,N Wagner,0,0,,,,,,"",""
ball,3,102.4,Canterbury,TD Astle,BEW McCord,N Wagner,0,0,,,,,,"",""
ball,3,102.5,Canterbury,TD Astle,BEW McCord,N Wagner,4,0,,,,,,"",""
ball,3,102.6,Canterbury,TD Astle,BEW McCord,N Wagner,4,0,,,,,,"",""
ball,3,103.1,Canterbury,BEW McCord,TD Astle,MD Craig,0,0,,,,,,"",""
ball,3,103.2,Canterbury,BEW McCord,TD Astle,MD Craig,0,0,,,,,,"",""
ball,3,103.3,Canterbury,BEW McCord,TD Astle,MD Craig,0,0,,,,,,"",""
ball,3,103.4,Canterbury,BEW McCord,TD Astle,MD Craig,0,0,,,,,,"",""
ball,3,103.5,Canterbury,BEW McCord,TD Astle,MD Craig,1,0,,,,,,"",""
ball,3,103.6,Canterbury,TD Astle,BEW McCord,MD Craig,0,0,,,,,,"",""
ball,3,104.1,Canterbury,BEW McCord,TD Astle,N Wagner,0,0,,,,,,"",""
ball,3,104.2,Canterbury,BEW McCord,TD Astle,N Wagner,0,0,,,,,,"",""
ball,3,104.3,Canterbury,BEW McCord,TD Astle,N Wagner,0,0,,,,,,"",""
ball,3,104.4,Canterbury,BEW McCord,TD Astle,N Wagner,0,0,,,,,,"",""
ball,3,104.5,Canterbury,BEW McCord,TD Astle,N Wagner,0,0,,,,,,"",""
ball,3,104.6,Canterbury,BEW McCord,TD Astle,N Wagner,0,0,,,,,,"",""
ball,3,105.1,Canterbury,TD Astle,BEW McCord,MD Craig,0,0,,,,,,"",""
ball,3,105.2,Canterbury,TD Astle,BEW McCord,MD Craig,0,0,,,,,,"",""
ball,3,105.3,Canterbury,TD Astle,BEW McCord,MD Craig,0,0,,,,,,"",""
ball,3,105.4,Canterbury,TD Astle,BEW McCord,MD Craig,0,0,,,,,,"",""
ball,3,105.5,Canterbury,TD Astle,BEW McCord,MD Craig,1,0,,,,,,"",""
ball,3,105.6,Canterbury,BEW McCord,TD Astle,MD Craig,0,0,,,,,,"",""
ball,3,106.1,Canterbury,TD Astle,BEW McCord,N Wagner,1,0,,,,,,"",""
ball,3,106.2,Canterbury,BEW McCord,TD Astle,N Wagner,0,0,,,,,,"",""
ball,3,106.3,Canterbury,BEW McCord,TD Astle,N Wagner,0,0,,,,,,"",""
ball,3,106.4,Canterbury,BEW McCord,TD Astle,N Wagner,0,0,,,,,,"",""
ball,3,106.5,Canterbury,BEW McCord,TD Astle,N Wagner,0,0,,,,,,"",""
ball,3,106.6,Canterbury,BEW McCord,TD Astle,N Wagner,0,0,,,,,,"",""
ball,3,107.1,Canterbury,TD Astle,BEW McCord,MD Craig,0,0,,,,,,"",""
ball,3,107.2,Canterbury,TD Astle,BEW McCord,MD Craig,0,0,,,,,,"",""
ball,3,107.3,Canterbury,TD Astle,BEW McCord,MD Craig,1,0,,,,,,"",""
ball,3,107.4,Canterbury,BEW McCord,TD Astle,MD Craig,0,0,,,,,,"",""
ball,3,107.5,Canterbury,BEW McCord,TD Astle,MD Craig,4,0,,,,,,"",""
ball,3,107.6,Canterbury,BEW McCord,TD Astle,MD Craig,0,0,,,,,,"",""
ball,3,108.1,Canterbury,TD Astle,BEW McCord,N Wagner,1,0,,,,,,"",""
ball,3,108.2,Canterbury,BEW McCord,TD Astle,N Wagner,0,0,,,,,,"",""
ball,3,108.3,Canterbury,BEW McCord,TD Astle,N Wagner,0,0,,,,,,caught,BEW McCord
ball,3,108.4,Canterbury,TG Johnston,TD Astle,N Wagner,0,0,,,,,,"",""
ball,3,108.5,Canterbury,TG Johnston,TD Astle,N Wagner,0,0,,,,,,"",""
ball,3,108.6,Canterbury,TG Johnston,TD Astle,N Wagner,0,0,,,,,,"",""
ball,3,109.1,Canterbury,TD Astle,TG Johnston,MD Craig,0,0,,,,,,"",""
ball,3,109.2,Canterbury,TD Astle,TG Johnston,MD Craig,0,2,,,2,,,"",""
ball,3,109.3,Canterbury,TD Astle,TG Johnston,MD Craig,0,0,,,,,,"",""
ball,3,109.4,Canterbury,TD Astle,TG Johnston,MD Craig,0,0,,,,,,"",""
ball,3,109.5,Canterbury,TD Astle,TG Johnston,MD Craig,1,0,,,,,,"",""
ball,3,109.6,Canterbury,TG Johnston,TD Astle,MD Craig,0,0,,,,,,"",""
ball,3,110.1,Canterbury,TD Astle,TG Johnston,N Wagner,4,0,,,,,,"",""
ball,3,110.2,Canterbury,TD Astle,TG Johnston,N Wagner,2,0,,,,,,"",""
ball,3,110.3,Canterbury,TD Astle,TG Johnston,N Wagner,0,0,,,,,,"",""
ball,3,110.4,Canterbury,TD Astle,TG Johnston,N Wagner,1,0,,,,,,"",""
ball,3,110.5,Canterbury,TG Johnston,TD Astle,N Wagner,4,0,,,,,,"",""
ball,3,110.6,Canterbury,TG Johnston,TD Astle,N Wagner,0,0,,,,,,"",""
ball,3,111.1,Canterbury,TD Astle,TG Johnston,MD Craig,0,0,,,,,,"",""
ball,3,111.2,Canterbury,TD Astle,TG Johnston,MD Craig,0,0,,,,,,"",""
ball,3,111.3,Canterbury,TD Astle,TG Johnston,MD Craig,0,0,,,,,,"",""
ball,3,111.4,Canterbury,TD Astle,TG Johnston,MD Craig,1,0,,,,,,"",""
ball,3,111.5,Canterbury,TG Johnston,TD Astle,MD Craig,0,0,,,,,,"",""
ball,3,111.6,Canterbury,TG Johnston,TD Astle,MD Craig,0,0,,,,,,"",""
ball,3,112.1,Canterbury,TD Astle,TG Johnston,N Wagner,0,0,,,,,,"",""
ball,3,112.2,Canterbury,TD Astle,TG Johnston,N Wagner,0,0,,,,,,"",""
ball,3,112.3,Canterbury,TD Astle,TG Johnston,N Wagner,0,0,,,,,,"",""
ball,3,112.4,Canterbury,TD Astle,TG Johnston,N Wagner,0,0,,,,,,"",""
ball,3,112.5,Canterbury,TD Astle,TG Johnston,N Wagner,1,0,,,,,,"",""
ball,3,112.6,Canterbury,TG Johnston,TD Astle,N Wagner,0,0,,,,,,"",""
ball,3,113.1,Canterbury,TD Astle,TG Johnston,MD Craig,0,0,,,,,,"",""
ball,3,113.2,Canterbury,TD Astle,TG Johnston,MD Craig,4,0,,,,,,"",""
ball,3,113.3,Canterbury,TD Astle,TG Johnston,MD Craig,0,0,,,,,,lbw,TD Astle
ball,4,0.1,Otago Volts,AJ Redmond,HD Rutherford,WM Lonsdale,0,0,,,,,,"",""
ball,4,0.2,Otago Volts,AJ Redmond,HD Rutherford,WM Lonsdale,1,0,,,,,,"",""
ball,4,0.3,Otago Volts,HD Rutherford,AJ Redmond,WM Lonsdale,0,1,1,,,,,"",""
ball,4,0.4,Otago Volts,HD Rutherford,AJ Redmond,WM Lonsdale,0,0,,,,,,"",""
ball,4,0.5,Otago Volts,HD Rutherford,AJ Redmond,WM Lonsdale,0,0,,,,,,"",""
ball,4,0.6,Otago Volts,HD Rutherford,AJ Redmond,WM Lonsdale,0,0,,,,,,"",""
ball,4,0.7,Otago Volts,HD Rutherford,AJ Redmond,WM Lonsdale,0,0,,,,,,"",""
ball,4,1.1,Otago Volts,AJ Redmond,HD Rutherford,BEW McCord,0,2,,,,2,,"",""
ball,4,1.2,Otago Volts,AJ Redmond,HD Rutherford,BEW McCord,0,0,,,,,,"",""
ball,4,1.3,Otago Volts,AJ Redmond,HD Rutherford,BEW McCord,0,0,,,,,,"",""
ball,4,1.4,Otago Volts,AJ Redmond,HD Rutherford,BEW McCord,0,0,,,,,,"",""
ball,4,1.5,Otago Volts,AJ Redmond,HD Rutherford,BEW McCord,4,0,,,,,,"",""
ball,4,1.6,Otago Volts,AJ Redmond,HD Rutherford,BEW McCord,1,0,,,,,,"",""
ball,4,2.1,Otago Volts,AJ Redmond,HD Rutherford,WM Lonsdale,0,0,,,,,,"",""
ball,4,2.2,Otago Volts,AJ Redmond,HD Rutherford,WM Lonsdale,0,0,,,,,,"",""
ball,4,2.3,Otago Volts,AJ Redmond,HD Rutherford,WM Lonsdale,0,0,,,,,,"",""
ball,4,2.4,Otago Volts,AJ Redmond,HD Rutherford,WM Lonsdale,1,0,,,,,,"",""
ball,4,2.5,Otago Volts,HD Rutherford,AJ Redmond,WM Lonsdale,0,0,,,,,,"",""
ball,4,2.6,Otago Volts,HD Rutherford,AJ Redmond,WM Lonsdale,1,0,,,,,,"",""
ball,4,3.1,Otago Volts,HD Rutherford,AJ Redmond,BEW McCord,4,0,,,,,,"",""
ball,4,3.2,Otago Volts,HD Rutherford,AJ Redmond,BEW McCord,0,0,,,,,,"",""
ball,4,3.3,Otago Volts,HD Rutherford,AJ Redmond,BEW McCord,0,0,,,,,,"",""
ball,4,3.4,Otago Volts,HD Rutherford,AJ Redmond,BEW McCord,4,0,,,,,,"",""
ball,4,3.5,Otago Volts,HD Rutherford,AJ Redmond,BEW McCord,0,0,,,,,,"",""
ball,4,3.6,Otago Volts,HD Rutherford,AJ Redmond,BEW McCord,2,0,,,,,,"",""
ball,4,4.1,Otago Volts,AJ Redmond,HD Rutherford,WM Lonsdale,0,0,,,,,,"",""
ball,4,4.2,Otago Volts,AJ Redmond,HD Rutherford,WM Lonsdale,0,0,,,,,,"",""
ball,4,4.3,Otago Volts,AJ Redmond,HD Rutherford,WM Lonsdale,0,0,,,,,,"",""
ball,4,4.4,Otago Volts,AJ Redmond,HD Rutherford,WM Lonsdale,3,0,,,,,,"",""
ball,4,4.5,Otago Volts,HD Rutherford,AJ Redmond,WM Lonsdale,0,0,,,,,,"",""
ball,4,4.6,Otago Volts,HD Rutherford,AJ Redmond,WM Lonsdale,0,0,,,,,,"",""
ball,4,5.1,Otago Volts,AJ Redmond,HD Rutherford,BEW McCord,0,0,,,,,,"",""
ball,4,5.2,Otago Volts,AJ Redmond,HD Rutherford,BEW McCord,0,0,,,,,,"",""
ball,4,5.3,Otago Volts,AJ Redmond,HD Rutherford,BEW McCord,0,0,,,,,,"",""
ball,4,5.4,Otago Volts,AJ Redmond,HD Rutherford,BEW McCord,0,0,,,,,,"",""
ball,4,5.5,Otago Volts,AJ Redmond,HD Rutherford,BEW McCord,1,0,,,,,,"",""
ball,4,5.6,Otago Volts,HD Rutherford,AJ Redmond,BEW McCord,0,0,,,,,,"",""
ball,4,6.1,Otago Volts,AJ Redmond,HD Rutherford,WM Lonsdale,0,0,,,,,,"",""
ball,4,6.2,Otago Volts,AJ Redmond,HD Rutherford,WM Lonsdale,0,0,,,,,,"",""
ball,4,6.3,Otago Volts,AJ Redmond,HD Rutherford,WM Lonsdale,0,0,,,,,,"",""
ball,4,6.4,Otago Volts,AJ Redmond,HD Rutherford,WM Lonsdale,1,0,,,,,,"",""
ball,4,6.5,Otago Volts,HD Rutherford,AJ Redmond,WM Lonsdale,0,0,,,,,,"",""
ball,4,6.6,Otago Volts,HD Rutherford,AJ Redmond,WM Lonsdale,4,0,,,,,,"",""
ball,4,7.1,Otago Volts,AJ Redmond,HD Rutherford,BEW McCord,0,0,,,,,,"",""
ball,4,7.2,Otago Volts,AJ Redmond,HD Rutherford,BEW McCord,0,0,,,,,,"",""
ball,4,7.3,Otago Volts,AJ Redmond,HD Rutherford,BEW McCord,0,0,,,,,,"",""
ball,4,7.4,Otago Volts,AJ Redmond,HD Rutherford,BEW McCord,0,0,,,,,,"",""
ball,4,7.5,Otago Volts,AJ Redmond,HD Rutherford,BEW McCord,0,0,,,,,,"",""
ball,4,7.6,Otago Volts,AJ Redmond,HD Rutherford,BEW McCord,0,0,,,,,,"",""
ball,4,8.1,Otago Volts,HD Rutherford,AJ Redmond,WM Lonsdale,0,0,,,,,,"",""
ball,4,8.2,Otago Volts,HD Rutherford,AJ Redmond,WM Lonsdale,0,0,,,,,,"",""
ball,4,8.3,Otago Volts,HD Rutherford,AJ Redmond,WM Lonsdale,0,0,,,,,,"",""
ball,4,8.4,Otago Volts,HD Rutherford,AJ Redmond,WM Lonsdale,0,0,,,,,,"",""
ball,4,8.5,Otago Volts,HD Rutherford,AJ Redmond,WM Lonsdale,0,0,,,,,,"",""
ball,4,8.6,Otago Volts,HD Rutherford,AJ Redmond,WM Lonsdale,0,0,,,,,,"",""
ball,4,9.1,Otago Volts,AJ Redmond,HD Rutherford,TG Johnston,1,0,,,,,,"",""
ball,4,9.2,Otago Volts,HD Rutherford,AJ Redmond,TG Johnston,0,0,,,,,,"",""
ball,4,9.3,Otago Volts,HD Rutherford,AJ Redmond,TG Johnston,0,0,,,,,,"",""
ball,4,9.4,Otago Volts,HD Rutherford,AJ Redmond,TG Johnston,0,0,,,,,,"",""
ball,4,9.5,Otago Volts,HD Rutherford,AJ Redmond,TG Johnston,0,0,,,,,,"",""
ball,4,9.6,Otago Volts,HD Rutherford,AJ Redmond,TG Johnston,2,0,,,,,,"",""
ball,4,10.1,Otago Volts,AJ Redmond,HD Rutherford,TD Astle,0,0,,,,,,"",""
ball,4,10.2,Otago Volts,AJ Redmond,HD Rutherford,TD Astle,0,0,,,,,,"",""
ball,4,10.3,Otago Volts,AJ Redmond,HD Rutherford,TD Astle,0,0,,,,,,"",""
ball,4,10.4,Otago Volts,AJ Redmond,HD Rutherford,TD Astle,6,0,,,,,,"",""
ball,4,10.5,Otago Volts,AJ Redmond,HD Rutherford,TD Astle,1,0,,,,,,"",""
ball,4,10.6,Otago Volts,HD Rutherford,AJ Redmond,TD Astle,0,0,,,,,,"",""
ball,4,11.1,Otago Volts,AJ Redmond,HD Rutherford,TG Johnston,1,0,,,,,,"",""
ball,4,11.2,Otago Volts,HD Rutherford,AJ Redmond,TG Johnston,0,0,,,,,,"",""
ball,4,11.3,Otago Volts,HD Rutherford,AJ Redmond,TG Johnston,4,0,,,,,,"",""
ball,4,11.4,Otago Volts,HD Rutherford,AJ Redmond,TG Johnston,1,0,,,,,,"",""
ball,4,11.5,Otago Volts,AJ Redmond,HD Rutherford,TG Johnston,0,0,,,,,,"",""
ball,4,11.6,Otago Volts,AJ Redmond,HD Rutherford,TG Johnston,1,0,,,,,,"",""
ball,4,12.1,Otago Volts,AJ Redmond,HD Rutherford,TD Astle,0,0,,,,,,"",""
ball,4,12.2,Otago Volts,AJ Redmond,HD Rutherford,TD Astle,0,0,,,,,,"",""
ball,4,12.3,Otago Volts,AJ Redmond,HD Rutherford,TD Astle,1,0,,,,,,"",""
ball,4,12.4,Otago Volts,HD Rutherford,AJ Redmond,TD Astle,0,0,,,,,,"",""
ball,4,12.5,Otago Volts,HD Rutherford,AJ Redmond,TD Astle,4,0,,,,,,"",""
ball,4,12.6,Otago Volts,HD Rutherford,AJ Redmond,TD Astle,0,0,,,,,,"",""
ball,4,13.1,Otago Volts,AJ Redmond,HD Rutherford,TG Johnston,0,0,,,,,,"",""
ball,4,13.2,Otago Volts,AJ Redmond,HD Rutherford,TG Johnston,0,0,,,,,,"",""
ball,4,13.3,Otago Volts,AJ Redmond,HD Rutherford,TG Johnston,0,0,,,,,,"",""
ball,4,13.4,Otago Volts,AJ Redmond,HD Rutherford,TG Johnston,0,0,,,,,,"",""
ball,4,13.5,Otago Volts,AJ Redmond,HD Rutherford,TG Johnston,1,0,,,,,,"",""
ball,4,13.6,Otago Volts,HD Rutherford,AJ Redmond,TG Johnston,0,0,,,,,,"",""
ball,4,14.1,Otago Volts,AJ Redmond,HD Rutherford,TD Astle,0,0,,,,,,"",""
ball,4,14.2,Otago Volts,AJ Redmond,HD Rutherford,TD Astle,1,0,,,,,,"",""
ball,4,14.3,Otago Volts,HD Rutherford,AJ Redmond,TD Astle,0,0,,,,,,lbw,HD Rutherford
ball,4,14.4,Otago Volts,MG Bracewell,AJ Redmond,TD Astle,0,0,,,,,,"",""
ball,4,14.5,Otago Volts,MG Bracewell,AJ Redmond,TD Astle,0,0,,,,,,"",""
ball,4,14.6,Otago Volts,MG Bracewell,AJ Redmond,TD Astle,0,0,,,,,,"",""
ball,4,15.1,Otago Volts,AJ Redmond,MG Bracewell,TG Johnston,1,0,,,,,,"",""
ball,4,15.2,Otago Volts,MG Bracewell,AJ Redmond,TG Johnston,4,0,,,,,,"",""
ball,4,15.3,Otago Volts,MG Bracewell,AJ Redmond,TG Johnston,1,0,,,,,,"",""
ball,4,15.4,Otago Volts,AJ Redmond,MG Bracewell,TG Johnston,0,0,,,,,,"",""
ball,4,15.5,Otago Volts,AJ Redmond,MG Bracewell,TG Johnston,0,0,,,,,,"",""
ball,4,15.6,Otago Volts,AJ Redmond,MG Bracewell,TG Johnston,0,0,,,,,,"",""
ball,4,16.1,Otago Volts,MG Bracewell,AJ Redmond,TD Astle,2,0,,,,,,"",""
ball,4,16.2,Otago Volts,MG Bracewell,AJ Redmond,TD Astle,0,0,,,,,,"",""
ball,4,16.3,Otago Volts,MG Bracewell,AJ Redmond,TD Astle,0,0,,,,,,"",""
ball,4,16.4,Otago Volts,MG Bracewell,AJ Redmond,TD Astle,0,0,,,,,,"",""
ball,4,16.5,Otago Volts,MG Bracewell,AJ Redmond,TD Astle,1,0,,,,,,"",""
ball,4,16.6,Otago Volts,AJ Redmond,MG Bracewell,TD Astle,0,0,,,,,,"",""
ball,4,17.1,Otago Volts,MG Bracewell,AJ Redmond,TG Johnston,0,0,,,,,,"",""
ball,4,17.2,Otago Volts,MG Bracewell,AJ Redmond,TG Johnston,0,0,,,,,,"",""
ball,4,17.3,Otago Volts,MG Bracewell,AJ Redmond,TG Johnston,0,0,,,,,,"",""
ball,4,17.4,Otago Volts,MG Bracewell,AJ Redmond,TG Johnston,0,0,,,,,,"",""
ball,4,17.5,Otago Volts,MG Bracewell,AJ Redmond,TG Johnston,2,0,,,,,,"",""
ball,4,17.6,Otago Volts,MG Bracewell,AJ Redmond,TG Johnston,0,0,,,,,,"",""
ball,4,18.1,Otago Volts,AJ Redmond,MG Bracewell,TD Astle,2,0,,,,,,"",""
ball,4,18.2,Otago Volts,AJ Redmond,MG Bracewell,TD Astle,0,0,,,,,,"",""
ball,4,18.3,Otago Volts,AJ Redmond,MG Bracewell,TD Astle,0,0,,,,,,"",""
ball,4,18.4,Otago Volts,AJ Redmond,MG Bracewell,TD Astle,0,0,,,,,,"",""
ball,4,18.5,Otago Volts,AJ Redmond,MG Bracewell,TD Astle,1,0,,,,,,"",""
ball,4,18.6,Otago Volts,MG Bracewell,AJ Redmond,TD Astle,0,0,,,,,,"",""
ball,4,19.1,Otago Volts,AJ Redmond,MG Bracewell,TG Johnston,0,0,,,,,,"",""
ball,4,19.2,Otago Volts,AJ Redmond,MG Bracewell,TG Johnston,0,0,,,,,,"",""
ball,4,19.3,Otago Volts,AJ Redmond,MG Bracewell,TG Johnston,0,0,,,,,,"",""
ball,4,19.4,Otago Volts,AJ Redmond,MG Bracewell,TG Johnston,0,0,,,,,,"",""
ball,4,19.5,Otago Volts,AJ Redmond,MG Bracewell,TG Johnston,0,0,,,,,,"",""
ball,4,19.6,Otago Volts,AJ Redmond,MG Bracewell,TG Johnston,0,0,,,,,,"",""
ball,4,20.1,Otago Volts,MG Bracewell,AJ Redmond,TD Astle,0,0,,,,,,"",""
ball,4,20.2,Otago Volts,MG Bracewell,AJ Redmond,TD Astle,0,0,,,,,,"",""
ball,4,20.3,Otago Volts,MG Bracewell,AJ Redmond,TD Astle,1,0,,,,,,"",""
ball,4,20.4,Otago Volts,AJ Redmond,MG Bracewell,TD Astle,0,0,,,,,,"",""
ball,4,20.5,Otago Volts,AJ Redmond,MG Bracewell,TD Astle,1,0,,,,,,"",""
ball,4,20.6,Otago Volts,MG Bracewell,AJ Redmond,TD Astle,0,0,,,,,,"",""
ball,4,21.1,Otago Volts,AJ Redmond,MG Bracewell,TG Johnston,0,0,,,,,,"",""
ball,4,21.2,Otago Volts,AJ Redmond,MG Bracewell,TG Johnston,6,0,,,,,,"",""
ball,4,21.3,Otago Volts,AJ Redmond,MG Bracewell,TG Johnston,0,0,,,,,,"",""
ball,4,21.4,Otago Volts,AJ Redmond,MG Bracewell,TG Johnston,0,0,,,,,,"",""
ball,4,21.5,Otago Volts,AJ Redmond,MG Bracewell,TG Johnston,1,0,,,,,,"",""
ball,4,21.6,Otago Volts,MG Bracewell,AJ Redmond,TG Johnston,0,0,,,,,,"",""
ball,4,22.1,Otago Volts,AJ Redmond,MG Bracewell,TD Astle,0,0,,,,,,"",""
ball,4,22.2,Otago Volts,AJ Redmond,MG Bracewell,TD Astle,0,0,,,,,,"",""
ball,4,22.3,Otago Volts,AJ Redmond,MG Bracewell,TD Astle,0,0,,,,,,"",""
ball,4,22.4,Otago Volts,AJ Redmond,MG Bracewell,TD Astle,2,0,,,,,,"",""
ball,4,22.5,Otago Volts,AJ Redmond,MG Bracewell,TD Astle,0,0,,,,,,"",""
ball,4,22.6,Otago Volts,AJ Redmond,MG Bracewell,TD Astle,0,0,,,,,,"",""
ball,4,23.1,Otago Volts,MG Bracewell,AJ Redmond,TG Johnston,0,0,,,,,,"",""
ball,4,23.2,Otago Volts,MG Bracewell,AJ Redmond,TG Johnston,0,0,,,,,,"",""
ball,4,23.3,Otago Volts,MG Bracewell,AJ Redmond,TG Johnston,1,0,,,,,,"",""
ball,4,23.4,Otago Volts,AJ Redmond,MG Bracewell,TG Johnston,1,0,,,,,,"",""
ball,4,23.5,Otago Volts,MG Bracewell,AJ Redmond,TG Johnston,0,0,,,,,,"",""
ball,4,23.6,Otago Volts,MG Bracewell,AJ Redmond,TG Johnston,0,0,,,,,,"",""
ball,4,24.1,Otago Volts,AJ Redmond,MG Bracewell,TD Astle,0,0,,,,,,"",""
ball,4,24.2,Otago Volts,AJ Redmond,MG Bracewell,TD Astle,0,0,,,,,,"",""
ball,4,24.3,Otago Volts,AJ Redmond,MG Bracewell,TD Astle,0,0,,,,,,"",""
ball,4,24.4,Otago Volts,AJ Redmond,MG Bracewell,TD Astle,1,0,,,,,,"",""
ball,4,24.5,Otago Volts,MG Bracewell,AJ Redmond,TD Astle,0,0,,,,,,"",""
ball,4,24.6,Otago Volts,MG Bracewell,AJ Redmond,TD Astle,0,0,,,,,,"",""
ball,4,25.1,Otago Volts,AJ Redmond,MG Bracewell,TG Johnston,0,0,,,,,,"",""
ball,4,25.2,Otago Volts,AJ Redmond,MG Bracewell,TG Johnston,0,0,,,,,,"",""
ball,4,25.3,Otago Volts,AJ Redmond,MG Bracewell,TG Johnston,1,0,,,,,,"",""
ball,4,25.4,Otago Volts,MG Bracewell,AJ Redmond,TG Johnston,0,0,,,,,,"",""
ball,4,25.5,Otago Volts,MG Bracewell,AJ Redmond,TG Johnston,0,0,,,,,,"",""
ball,4,25.6,Otago Volts,MG Bracewell,AJ Redmond,TG Johnston,0,0,,,,,,"",""
ball,4,26.1,Otago Volts,AJ Redmond,MG Bracewell,TD Astle,0,0,,,,,,"",""
ball,4,26.2,Otago Volts,AJ Redmond,MG Bracewell,TD Astle,0,0,,,,,,"",""
ball,4,26.3,Otago Volts,AJ Redmond,MG Bracewell,TD Astle,2,0,,,,,,"",""
ball,4,26.4,Otago Volts,AJ Redmond,MG Bracewell,TD Astle,0,0,,,,,,"",""
ball,4,26.5,Otago Volts,AJ Redmond,MG Bracewell,TD Astle,0,0,,,,,,"",""
ball,4,26.6,Otago Volts,AJ Redmond,MG Bracewell,TD Astle,0,0,,,,,,"",""
ball,4,27.1,Otago Volts,MG Bracewell,AJ Redmond,TG Johnston,0,0,,,,,,"",""
ball,4,27.2,Otago Volts,MG Bracewell,AJ Redmond,TG Johnston,1,0,,,,,,"",""
ball,4,27.3,Otago Volts,AJ Redmond,MG Bracewell,TG Johnston,0,0,,,,,,"",""
ball,4,27.4,Otago Volts,AJ Redmond,MG Bracewell,TG Johnston,0,0,,,,,,"",""
ball,4,27.5,Otago Volts,AJ Redmond,MG Bracewell,TG Johnston,1,0,,,,,,"",""
ball,4,27.6,Otago Volts,MG Bracewell,AJ Redmond,TG Johnston,0,0,,,,,,"",""
ball,4,28.1,Otago Volts,AJ Redmond,MG Bracewell,TD Astle,1,0,,,,,,"",""
ball,4,28.2,Otago Volts,MG Bracewell,AJ Redmond,TD Astle,0,0,,,,,,"",""
ball,4,28.3,Otago Volts,MG Bracewell,AJ Redmond,TD Astle,4,0,,,,,,"",""
ball,4,28.4,Otago Volts,MG Bracewell,AJ Redmond,TD Astle,0,0,,,,,,"",""
ball,4,28.5,Otago Volts,MG Bracewell,AJ Redmond,TD Astle,0,0,,,,,,"",""
ball,4,28.6,Otago Volts,MG Bracewell,AJ Redmond,TD Astle,1,0,,,,,,"",""
ball,4,29.1,Otago Volts,MG Bracewell,AJ Redmond,TG Johnston,0,0,,,,,,"",""
ball,4,29.2,Otago Volts,MG Bracewell,AJ Redmond,TG Johnston,2,0,,,,,,"",""
ball,4,29.3,Otago Volts,MG Bracewell,AJ Redmond,TG Johnston,1,0,,,,,,"",""
ball,4,29.4,Otago Volts,AJ Redmond,MG Bracewell,TG Johnston,1,0,,,,,,"",""
ball,4,29.5,Otago Volts,MG Bracewell,AJ Redmond,TG Johnston,1,0,,,,,,"",""
ball,4,29.6,Otago Volts,AJ Redmond,MG Bracewell,TG Johnston,2,0,,,,,,"",""
ball,4,30.1,Otago Volts,MG Bracewell,AJ Redmond,TD Astle,0,0,,,,,,"",""
ball,4,30.2,Otago Volts,MG Bracewell,AJ Redmond,TD Astle,0,0,,,,,,"",""
ball,4,30.3,Otago Volts,MG Bracewell,AJ Redmond,TD Astle,1,0,,,,,,"",""
ball,4,30.4,Otago Volts,AJ Redmond,MG Bracewell,TD Astle,1,0,,,,,,"",""
ball,4,30.5,Otago Volts,MG Bracewell,AJ Redmond,TD Astle,0,0,,,,,,"",""
ball,4,30.6,Otago Volts,MG Bracewell,AJ Redmond,TD Astle,0,0,,,,,,"",""
ball,4,31.1,Otago Volts,AJ Redmond,MG Bracewell,TG Johnston,0,0,,,,,,"",""
ball,4,31.2,Otago Volts,AJ Redmond,MG Bracewell,TG Johnston,0,0,,,,,,"",""
ball,4,31.3,Otago Volts,AJ Redmond,MG Bracewell,TG Johnston,0,0,,,,,,"",""
ball,4,31.4,Otago Volts,AJ Redmond,MG Bracewell,TG Johnston,0,0,,,,,,"",""
ball,4,31.5,Otago Volts,AJ Redmond,MG Bracewell,TG Johnston,0,0,,,,,,"",""
ball,4,31.6,Otago Volts,AJ Redmond,MG Bracewell,TG Johnston,1,0,,,,,,"",""
ball,4,32.1,Otago Volts,AJ Redmond,MG Bracewell,TD Astle,0,0,,,,,,"",""
ball,4,32.2,Otago Volts,AJ Redmond,MG Bracewell,TD Astle,1,0,,,,,,"",""
ball,4,32.3,Otago Volts,MG Bracewell,AJ Redmond,TD Astle,0,0,,,,,,"",""
ball,4,32.4,Otago Volts,MG Bracewell,AJ Redmond,TD Astle,0,0,,,,,,"",""
ball,4,32.5,Otago Volts,MG Bracewell,AJ Redmond,TD Astle,0,1,,,,1,,"",""
ball,4,32.6,Otago Volts,AJ Redmond,MG Bracewell,TD Astle,0,0,,,,,,"",""
ball,4,33.1,Otago Volts,MG Bracewell,AJ Redmond,TG Johnston,0,0,,,,,,"",""
ball,4,33.2,Otago Volts,MG Bracewell,AJ Redmond,TG Johnston,0,0,,,,,,"",""
ball,4,33.3,Otago Volts,MG Bracewell,AJ Redmond,TG Johnston,0,0,,,,,,"",""
ball,4,33.4,Otago Volts,MG Bracewell,AJ Redmond,TG Johnston,0,0,,,,,,"",""
ball,4,33.5,Otago Volts,MG Bracewell,AJ Redmond,TG Johnston,0,0,,,,,,"",""
ball,4,33.6,Otago Volts,MG Bracewell,AJ Redmond,TG Johnston,0,0,,,,,,"",""
ball,4,34.1,Otago Volts,AJ Redmond,MG Bracewell,TD Astle,0,0,,,,,,"",""
ball,4,34.2,Otago Volts,AJ Redmond,MG Bracewell,TD Astle,0,0,,,,,,"",""
ball,4,34.3,Otago Volts,AJ Redmond,MG Bracewell,TD Astle,0,0,,,,,,"",""
ball,4,34.4,Otago Volts,AJ Redmond,MG Bracewell,TD Astle,1,0,,,,,,"",""
ball,4,34.5,Otago Volts,MG Bracewell,AJ Redmond,TD Astle,0,0,,,,,,"",""
ball,4,34.6,Otago Volts,MG Bracewell,AJ Redmond,TD Astle,0,0,,,,,,"",""
ball,4,35.1,Otago Volts,AJ Redmond,MG Bracewell,TG Johnston,0,0,,,,,,"",""
ball,4,35.2,Otago Volts,AJ Redmond,MG Bracewell,TG Johnston,2,0,,,,,,"",""
ball,4,35.3,Otago Volts,AJ Redmond,MG Bracewell,TG Johnston,1,0,,,,,,"",""
ball,4,35.4,Otago Volts,MG Bracewell,AJ Redmond,TG Johnston,4,0,,,,,,"",""
ball,4,35.5,Otago Volts,MG Bracewell,AJ Redmond,TG Johnston,0,0,,,,,,"",""
ball,4,35.6,Otago Volts,MG Bracewell,AJ Redmond,TG Johnston,0,0,,,,,,"",""
ball,4,36.1,Otago Volts,AJ Redmond,MG Bracewell,TD Astle,4,0,,,,,,"",""
ball,4,36.2,Otago Volts,AJ Redmond,MG Bracewell,TD Astle,0,0,,,,,,"",""
ball,4,36.3,Otago Volts,AJ Redmond,MG Bracewell,TD Astle,1,0,,,,,,"",""
ball,4,36.4,Otago Volts,MG Bracewell,AJ Redmond,TD Astle,4,0,,,,,,"",""
ball,4,36.5,Otago Volts,MG Bracewell,AJ Redmond,TD Astle,1,0,,,,,,"",""
ball,4,36.6,Otago Volts,AJ Redmond,MG Bracewell,TD Astle,0,0,,,,,,"",""
ball,4,37.1,Otago Volts,MG Bracewell,AJ Redmond,TG Johnston,0,0,,,,,,"",""
ball,4,37.2,Otago Volts,MG Bracewell,AJ Redmond,TG Johnston,0,0,,,,,,"",""
ball,4,37.3,Otago Volts,MG Bracewell,AJ Redmond,TG Johnston,0,0,,,,,,"",""
ball,4,37.4,Otago Volts,MG Bracewell,AJ Redmond,TG Johnston,0,0,,,,,,"",""
ball,4,37.5,Otago Volts,MG Bracewell,AJ Redmond,TG Johnston,0,0,,,,,,"",""
ball,4,37.6,Otago Volts,MG Bracewell,AJ Redmond,TG Johnston,0,0,,,,,,"",""
ball,4,38.1,Otago Volts,AJ Redmond,MG Bracewell,BEW McCord,0,0,,,,,,"",""
ball,4,38.2,Otago Volts,AJ Redmond,MG Bracewell,BEW McCord,1,0,,,,,,"",""
ball,4,38.3,Otago Volts,MG Bracewell,AJ Redmond,BEW McCord,0,0,,,,,,"",""
ball,4,38.4,Otago Volts,MG Bracewell,AJ Redmond,BEW McCord,0,0,,,,,,"",""
ball,4,38.5,Otago Volts,MG Bracewell,AJ Redmond,BEW McCord,0,0,,,,,,"",""
ball,4,38.6,Otago Volts,MG Bracewell,AJ Redmond,BEW McCord,1,0,,,,,,"",""
ball,4,39.1,Otago Volts,MG Bracewell,AJ Redmond,TG Johnston,0,0,,,,,,"",""
ball,4,39.2,Otago Volts,MG Bracewell,AJ Redmond,TG Johnston,2,0,,,,,,"",""
ball,4,39.3,Otago Volts,MG Bracewell,AJ Redmond,TG Johnston,0,0,,,,,,"",""
ball,4,39.4,Otago Volts,MG Bracewell,AJ Redmond,TG Johnston,0,0,,,,,,"",""
ball,4,39.5,Otago Volts,MG Bracewell,AJ Redmond,TG Johnston,0,0,,,,,,"",""
ball,4,39.6,Otago Volts,MG Bracewell,AJ Redmond,TG Johnston,0,0,,,,,,"",""
ball,4,40.1,Otago Volts,AJ Redmond,MG Bracewell,BEW McCord,0,0,,,,,,"",""
ball,4,40.2,Otago Volts,AJ Redmond,MG Bracewell,BEW McCord,0,0,,,,,,"",""
ball,4,40.3,Otago Volts,AJ Redmond,MG Bracewell,BEW McCord,0,0,,,,,,"",""
ball,4,40.4,Otago Volts,AJ Redmond,MG Bracewell,BEW McCord,0,0,,,,,,"",""
ball,4,40.5,Otago Volts,AJ Redmond,MG Bracewell,BEW McCord,0,0,,,,,,"",""
ball,4,40.6,Otago Volts,AJ Redmond,MG Bracewell,BEW McCord,2,0,,,,,,"",""
ball,4,41.1,Otago Volts,MG Bracewell,AJ Redmond,TG Johnston,0,0,,,,,,"",""
ball,4,41.2,Otago Volts,MG Bracewell,AJ Redmond,TG Johnston,0,0,,,,,,"",""
ball,4,41.3,Otago Volts,MG Bracewell,AJ Redmond,TG Johnston,0,0,,,,,,"",""
ball,4,41.4,Otago Volts,MG Bracewell,AJ Redmond,TG Johnston,0,0,,,,,,"",""
ball,4,41.5,Otago Volts,MG Bracewell,AJ Redmond,TG Johnston,2,0,,,,,,"",""
ball,4,41.6,Otago Volts,MG Bracewell,AJ Redmond,TG Johnston,0,0,,,,,,"",""
ball,4,42.1,Otago Volts,AJ Redmond,MG Bracewell,BEW McCord,0,0,,,,,,"",""
ball,4,42.2,Otago Volts,AJ Redmond,MG Bracewell,BEW McCord,0,0,,,,,,"",""
ball,4,42.3,Otago Volts,AJ Redmond,MG Bracewell,BEW McCord,0,0,,,,,,"",""
ball,4,42.4,Otago Volts,AJ Redmond,MG Bracewell,BEW McCord,4,0,,,,,,"",""
ball,4,42.5,Otago Volts,AJ Redmond,MG Bracewell,BEW McCord,0,0,,,,,,"",""
ball,4,42.6,Otago Volts,AJ Redmond,MG Bracewell,BEW McCord,0,0,,,,,,"",""
ball,4,43.1,Otago Volts,MG Bracewell,AJ Redmond,WM Lonsdale,0,0,,,,,,"",""
ball,4,43.2,Otago Volts,MG Bracewell,AJ Redmond,WM Lonsdale,3,0,,,,,,"",""
ball,4,43.3,Otago Volts,AJ Redmond,MG Bracewell,WM Lonsdale,0,0,,,,,,"",""
ball,4,43.4,Otago Volts,AJ Redmond,MG Bracewell,WM Lonsdale,0,0,,,,,,"",""
ball,4,43.5,Otago Volts,AJ Redmond,MG Bracewell,WM Lonsdale,0,0,,,,,,"",""
ball,4,43.6,Otago Volts,AJ Redmond,MG Bracewell,WM Lonsdale,1,0,,,,,,"",""
ball,4,44.1,Otago Volts,AJ Redmond,MG Bracewell,BEW McCord,0,0,,,,,,"",""
ball,4,44.2,Otago Volts,AJ Redmond,MG Bracewell,BEW McCord,0,0,,,,,,"",""
ball,4,44.3,Otago Volts,AJ Redmond,MG Bracewell,BEW McCord,4,0,,,,,,"",""
ball,4,44.4,Otago Volts,AJ Redmond,MG Bracewell,BEW McCord,4,0,,,,,,"",""
ball,4,44.5,Otago Volts,AJ Redmond,MG Bracewell,BEW McCord,0,0,,,,,,"",""
ball,4,44.6,Otago Volts,AJ Redmond,MG Bracewell,BEW McCord,0,0,,,,,,"",""
ball,4,45.1,Otago Volts,MG Bracewell,AJ Redmond,WM Lonsdale,0,0,,,,,,"",""
ball,4,45.2,Otago Volts,MG Bracewell,AJ Redmond,WM Lonsdale,0,0,,,,,,"",""
ball,4,45.3,Otago Volts,MG Bracewell,AJ Redmond,WM Lonsdale,0,0,,,,,,"",""
ball,4,45.4,Otago Volts,MG Bracewell,AJ Redmond,WM Lonsdale,0,0,,,,,,"",""
ball,4,45.5,Otago Volts,MG Bracewell,AJ Redmond,WM Lonsdale,0,0,,,,,,"",""
ball,4,45.6,Otago Volts,MG Bracewell,AJ Redmond,WM Lonsdale,0,0,,,,,,"",""
ball,4,46.1,Otago Volts,AJ Redmond,MG Bracewell,TD Astle,2,0,,,,,,"",""
ball,4,46.2,Otago Volts,AJ Redmond,MG Bracewell,TD Astle,4,0,,,,,,"",""
ball,4,46.3,Otago Volts,AJ Redmond,MG Bracewell,TD Astle,0,0,,,,,,"",""
ball,4,46.4,Otago Volts,AJ Redmond,MG Bracewell,TD Astle,0,0,,,,,,"",""
ball,4,46.5,Otago Volts,AJ Redmond,MG Bracewell,TD Astle,0,0,,,,,,"",""
ball,4,46.6,Otago Volts,AJ Redmond,MG Bracewell,TD Astle,0,0,,,,,,"",""
ball,4,47.1,Otago Volts,MG Bracewell,AJ Redmond,WM Lonsdale,0,0,,,,,,"",""
ball,4,47.2,Otago Volts,MG Bracewell,AJ Redmond,WM Lonsdale,0,0,,,,,,"",""
ball,4,47.3,Otago Volts,MG Bracewell,AJ Redmond,WM Lonsdale,0,0,,,,,,"",""
ball,4,47.4,Otago Volts,MG Bracewell,AJ Redmond,WM Lonsdale,0,0,,,,,,"",""
ball,4,47.5,Otago Volts,MG Bracewell,AJ Redmond,WM Lonsdale,0,0,,,,,,"",""
ball,4,47.6,Otago Volts,MG Bracewell,AJ Redmond,WM Lonsdale,0,0,,,,,,"",""
ball,4,48.1,Otago Volts,AJ Redmond,MG Bracewell,TD Astle,0,0,,,,,,"",""
ball,4,48.2,Otago Volts,AJ Redmond,MG Bracewell,TD Astle,0,0,,,,,,"",""
ball,4,48.3,Otago Volts,AJ Redmond,MG Bracewell,TD Astle,0,0,,,,,,"",""
ball,4,48.4,Otago Volts,AJ Redmond,MG Bracewell,TD Astle,1,0,,,,,,"",""
ball,4,48.5,Otago Volts,MG Bracewell,AJ Redmond,TD Astle,0,0,,,,,,"",""
ball,4,48.6,Otago Volts,MG Bracewell,AJ Redmond,TD Astle,0,0,,,,,,"",""
ball,4,49.1,Otago Volts,AJ Redmond,MG Bracewell,TG Johnston,2,0,,,,,,"",""
ball,4,49.2,Otago Volts,AJ Redmond,MG Bracewell,TG Johnston,0,0,,,,,,"",""
ball,4,49.3,Otago Volts,AJ Redmond,MG Bracewell,TG Johnston,0,0,,,,,,"",""
ball,4,49.4,Otago Volts,AJ Redmond,MG Bracewell,TG Johnston,6,0,,,,,,"",""
ball,4,49.5,Otago Volts,AJ Redmond,MG Bracewell,TG Johnston,0,0,,,,,,"",""
ball,4,49.6,Otago Volts,AJ Redmond,MG Bracewell,TG Johnston,4,0,,,,,,"",""
ball,4,50.1,Otago Volts,MG Bracewell,AJ Redmond,TD Astle,0,0,,,,,,"",""
ball,4,50.2,Otago Volts,MG Bracewell,AJ Redmond,TD Astle,0,0,,,,,,"",""
ball,4,50.3,Otago Volts,MG Bracewell,AJ Redmond,TD Astle,0,0,,,,,,"",""
ball,4,50.4,Otago Volts,MG Bracewell,AJ Redmond,TD Astle,0,0,,,,,,"",""
ball,4,50.5,Otago Volts,MG Bracewell,AJ Redmond,TD Astle,0,0,,,,,,"",""
ball,4,50.6,Otago Volts,MG Bracewell,AJ Redmond,TD Astle,1,0,,,,,,"",""
ball,4,51.1,Otago Volts,MG Bracewell,AJ Redmond,TG Johnston,0,0,,,,,,"",""
ball,4,51.2,Otago Volts,MG Bracewell,AJ Redmond,TG Johnston,0,0,,,,,,"",""
ball,4,51.3,Otago Volts,MG Bracewell,AJ Redmond,TG Johnston,0,0,,,,,,"",""
ball,4,51.4,Otago Volts,MG Bracewell,AJ Redmond,TG Johnston,4,0,,,,,,"",""
ball,4,51.5,Otago Volts,MG Bracewell,AJ Redmond,TG Johnston,0,0,,,,,,"",""
ball,4,51.6,Otago Volts,MG Bracewell,AJ Redmond,TG Johnston,0,0,,,,,,"",""
ball,4,52.1,Otago Volts,AJ Redmond,MG Bracewell,TD Astle,0,0,,,,,,"",""
ball,4,52.2,Otago Volts,AJ Redmond,MG Bracewell,TD Astle,1,0,,,,,,"",""
ball,4,52.3,Otago Volts,MG Bracewell,AJ Redmond,TD Astle,0,0,,,,,,"",""
ball,4,52.4,Otago Volts,MG Bracewell,AJ Redmond,TD Astle,1,0,,,,,,"",""
ball,4,52.5,Otago Volts,AJ Redmond,MG Bracewell,TD Astle,4,0,,,,,,"",""
ball,4,52.6,Otago Volts,AJ Redmond,MG Bracewell,TD Astle,4,0,,,,,,"",""
ball,4,53.1,Otago Volts,MG Bracewell,AJ Redmond,TG Johnston,0,0,,,,,,"",""
ball,4,53.2,Otago Volts,MG Bracewell,AJ Redmond,TG Johnston,0,0,,,,,,"",""
ball,4,53.3,Otago Volts,MG Bracewell,AJ Redmond,TG Johnston,0,0,,,,,,"",""
ball,4,53.4,Otago Volts,MG Bracewell,AJ Redmond,TG Johnston,0,0,,,,,,"",""
ball,4,53.5,Otago Volts,MG Bracewell,AJ Redmond,TG Johnston,0,0,,,,,,"",""
ball,4,53.6,Otago Volts,MG Bracewell,AJ Redmond,TG Johnston,0,0,,,,,,"",""
ball,4,54.1,Otago Volts,AJ Redmond,MG Bracewell,TD Astle,1,0,,,,,,"",""
ball,4,54.2,Otago Volts,MG Bracewell,AJ Redmond,TD Astle,0,0,,,,,,"",""
ball,4,54.3,Otago Volts,MG Bracewell,AJ Redmond,TD Astle,0,0,,,,,,"",""
ball,4,54.4,Otago Volts,MG Bracewell,AJ Redmond,TD Astle,4,0,,,,,,"",""
ball,4,54.5,Otago Volts,MG Bracewell,AJ Redmond,TD Astle,0,0,,,,,,"",""
ball,4,54.6,Otago Volts,MG Bracewell,AJ Redmond,TD Astle,0,0,,,,,,"",""
ball,4,55.1,Otago Volts,AJ Redmond,MG Bracewell,TG Johnston,0,0,,,,,,"",""
ball,4,55.2,Otago Volts,AJ Redmond,MG Bracewell,TG Johnston,0,0,,,,,,"",""
ball,4,55.3,Otago Volts,AJ Redmond,MG Bracewell,TG Johnston,4,0,,,,,,"",""
ball,4,55.4,Otago Volts,AJ Redmond,MG Bracewell,TG Johnston,0,0,,,,,,"",""
ball,4,55.5,Otago Volts,AJ Redmond,MG Bracewell,TG Johnston,4,0,,,,,,"",""
ball,4,55.6,Otago Volts,AJ Redmond,MG Bracewell,TG Johnston,0,0,,,,,,"",""
ball,4,56.1,Otago Volts,MG Bracewell,AJ Redmond,TD Astle,4,0,,,,,,"",""
ball,4,56.2,Otago Volts,MG Bracewell,AJ Redmond,TD Astle,0,0,,,,,,"",""
ball,4,56.3,Otago Volts,MG Bracewell,AJ Redmond,TD Astle,0,0,,,,,,"",""
ball,4,56.4,Otago Volts,MG Bracewell,AJ Redmond,TD Astle,4,0,,,,,,"",""
ball,4,56.5,Otago Volts,MG Bracewell,AJ Redmond,TD Astle,0,0,,,,,,"",""
ball,4,56.6,Otago Volts,MG Bracewell,AJ Redmond,TD Astle,0,0,,,,,,"",""
ball,4,57.1,Otago Volts,AJ Redmond,MG Bracewell,TG Johnston,0,0,,,,,,"",""
ball,4,57.2,Otago Volts,AJ Redmond,MG Bracewell,TG Johnston,0,0,,,,,,"",""
ball,4,57.3,Otago Volts,AJ Redmond,MG Bracewell,TG Johnston,0,0,,,,,,"",""
ball,4,57.4,Otago Volts,AJ Redmond,MG Bracewell,TG Johnston,0,0,,,,,,"",""
ball,4,57.5,Otago Volts,AJ Redmond,MG Bracewell,TG Johnston,0,0,,,,,,"",""
ball,4,57.6,Otago Volts,AJ Redmond,MG Bracewell,TG Johnston,0,0,,,,,,"",""
ball,4,58.1,Otago Volts,MG Bracewell,AJ Redmond,TD Astle,0,0,,,,,,"",""
ball,4,58.2,Otago Volts,MG Bracewell,AJ Redmond,TD Astle,3,0,,,,,,"",""
ball,4,58.3,Otago Volts,AJ Redmond,MG Bracewell,TD Astle,0,0,,,,,,"",""
ball,4,58.4,Otago Volts,AJ Redmond,MG Bracewell,TD Astle,0,0,,,,,,"",""
ball,4,58.5,Otago Volts,AJ Redmond,MG Bracewell,TD Astle,3,0,,,,,,"",""
ball,4,58.6,Otago Volts,MG Bracewell,AJ Redmond,TD Astle,4,0,,,,,,"",""
ball,4,59.1,Otago Volts,AJ Redmond,MG Bracewell,TG Johnston,4,0,,,,,,"",""
ball,4,59.2,Otago Volts,AJ Redmond,MG Bracewell,TG Johnston,0,0,,,,,,"",""
ball,4,59.3,Otago Volts,AJ Redmond,MG Bracewell,TG Johnston,0,0,,,,,,"",""
ball,4,59.4,Otago Volts,AJ Redmond,MG Bracewell,TG Johnston,0,0,,,,,,"",""
ball,4,59.5,Otago Volts,AJ Redmond,MG Bracewell,TG Johnston,2,0,,,,,,"",""
ball,4,59.6,Otago Volts,AJ Redmond,MG Bracewell,TG Johnston,0,0,,,,,,caught,AJ Redmond
ball,4,60.1,Otago Volts,MG Bracewell,NT Broom,TD Astle,2,0,,,,,,"",""
ball,4,60.2,Otago Volts,MG Bracewell,NT Broom,TD Astle,0,0,,,,,,"",""
ball,4,60.3,Otago Volts,MG Bracewell,NT Broom,TD Astle,0,0,,,,,,"",""
ball,4,60.4,Otago Volts,MG Bracewell,NT Broom,TD Astle,2,0,,,,,,"",""
ball,4,60.5,Otago Volts,MG Bracewell,NT Broom,TD Astle,0,0,,,,,,"",""
ball,4,60.6,Otago Volts,MG Bracewell,NT Broom,TD Astle,0,0,,,,,,"",""
ball,4,61.1,Otago Volts,NT Broom,MG Bracewell,TG Johnston,0,0,,,,,,"",""
ball,4,61.2,Otago Volts,NT Broom,MG Bracewell,TG Johnston,0,0,,,,,,"",""
ball,4,61.3,Otago Volts,NT Broom,MG Bracewell,TG Johnston,0,0,,,,,,"",""
ball,4,61.4,Otago Volts,NT Broom,MG Bracewell,TG Johnston,0,0,,,,,,"",""
ball,4,61.5,Otago Volts,NT Broom,MG Bracewell,TG Johnston,1,0,,,,,,"",""
ball,4,61.6,Otago Volts,MG Bracewell,NT Broom,TG Johnston,4,0,,,,,,"",""
ball,4,62.1,Otago Volts,NT Broom,MG Bracewell,TD Astle,0,0,,,,,,"",""
ball,4,62.2,Otago Volts,NT Broom,MG Bracewell,TD Astle,0,0,,,,,,"",""
ball,4,62.3,Otago Volts,NT Broom,MG Bracewell,TD Astle,4,0,,,,,,"",""
ball,4,62.4,Otago Volts,NT Broom,MG Bracewell,TD Astle,0,0,,,,,,"",""
ball,4,62.5,Otago Volts,NT Broom,MG Bracewell,TD Astle,0,0,,,,,,"",""
ball,4,62.6,Otago Volts,NT Broom,MG Bracewell,TD Astle,1,0,,,,,,"",""
ball,4,63.1,Otago Volts,NT Broom,MG Bracewell,TG Johnston,0,0,,,,,,"",""
ball,4,63.2,Otago Volts,NT Broom,MG Bracewell,TG Johnston,0,0,,,,,,"",""
ball,4,63.3,Otago Volts,NT Broom,MG Bracewell,TG Johnston,0,0,,,,,,"",""
ball,4,63.4,Otago Volts,NT Broom,MG Bracewell,TG Johnston,0,0,,,,,,"",""
ball,4,63.5,Otago Volts,NT Broom,MG Bracewell,TG Johnston,1,0,,,,,,"",""
ball,4,63.6,Otago Volts,MG Bracewell,NT Broom,TG Johnston,0,0,,,,,,"",""
ball,4,64.1,Otago Volts,NT Broom,MG Bracewell,TD Astle,1,0,,,,,,"",""
ball,4,64.2,Otago Volts,MG Bracewell,NT Broom,TD Astle,3,0,,,,,,"",""
ball,4,64.3,Otago Volts,NT Broom,MG Bracewell,TD Astle,0,0,,,,,,"",""
ball,4,64.4,Otago Volts,NT Broom,MG Bracewell,TD Astle,4,0,,,,,,"",""
ball,4,64.5,Otago Volts,NT Broom,MG Bracewell,TD Astle,0,0,,,,,,"",""
ball,4,64.6,Otago Volts,NT Broom,MG Bracewell,TD Astle,1,0,,,,,,"",""
ball,4,65.1,Otago Volts,NT Broom,MG Bracewell,TG Johnston,0,0,,,,,,"",""
ball,4,65.2,Otago Volts,NT Broom,MG Bracewell,TG Johnston,0,0,,,,,,"",""
ball,4,65.3,Otago Volts,NT Broom,MG Bracewell,TG Johnston,0,0,,,,,,"",""
ball,4,65.4,Otago Volts,NT Broom,MG Bracewell,TG Johnston,0,0,,,,,,"",""
ball,4,65.5,Otago Volts,NT Broom,MG Bracewell,TG Johnston,1,0,,,,,,"",""
ball,4,65.6,Otago Volts,MG Bracewell,NT Broom,TG Johnston,0,1,,1,,,,"",""
ball,4,65.7,Otago Volts,MG Bracewell,NT Broom,TG Johnston,0,0,,,,,,"",""
ball,4,66.1,Otago Volts,NT Broom,MG Bracewell,GH Worker,4,0,,,,,,"",""
ball,4,66.2,Otago Volts,NT Broom,MG Bracewell,GH Worker,0,0,,,,,,"",""
ball,4,66.3,Otago Volts,NT Broom,MG Bracewell,GH Worker,0,0,,,,,,"",""
ball,4,66.4,Otago Volts,NT Broom,MG Bracewell,GH Worker,3,0,,,,,,"",""
ball,4,66.5,Otago Volts,MG Bracewell,NT Broom,GH Worker,0,0,,,,,,"",""
ball,4,66.6,Otago Volts,MG Bracewell,NT Broom,GH Worker,4,0,,,,,,"",""
ball,4,67.1,Otago Volts,NT Broom,MG Bracewell,TG Johnston,0,0,,,,,,"",""
ball,4,67.2,Otago Volts,NT Broom,MG Bracewell,TG Johnston,0,0,,,,,,"",""
ball,4,67.3,Otago Volts,NT Broom,MG Bracewell,TG Johnston,0,0,,,,,,"",""
ball,4,67.4,Otago Volts,NT Broom,MG Bracewell,TG Johnston,0,0,,,,,,"",""
ball,4,67.5,Otago Volts,NT Broom,MG Bracewell,TG Johnston,0,0,,,,,,"",""
ball,4,67.6,Otago Volts,NT Broom,MG Bracewell,TG Johnston,3,0,,,,,,"",""
ball,4,68.1,Otago Volts,NT Broom,MG Bracewell,GH Worker,0,0,,,,,,"",""
ball,4,68.2,Otago Volts,NT Broom,MG Bracewell,GH Worker,1,0,,,,,,"",""
ball,4,68.3,Otago Volts,MG Bracewell,NT Broom,GH Worker,0,0,,,,,,"",""
ball,4,68.4,Otago Volts,MG Bracewell,NT Broom,GH Worker,4,0,,,,,,"",""
ball,4,68.5,Otago Volts,MG Bracewell,NT Broom,GH Worker,4,0,,,,,,"",""
