version,1.7.0
info,balls_per_over,6
info,team,Somerset
info,team,Middlesex
info,gender,male
info,season,2014
info,date,2014/09/15
info,date,2014/09/16
info,date,2014/09/17
info,date,2014/09/18
info,event,LV= County Championship
info,venue,"County Ground, Taunton"
info,city,Taunton
info,toss_winner,Middlesex
info,toss_decision,field
info,umpire,AG Wharf
info,umpire,SJ O'Shaughnessy
info,outcome,draw
info,player,Somerset,ME Trescothick
info,player,Somerset,JG Myburgh
info,player,Somerset,NRD Compton
info,player,Somerset,TB Abell
info,player,Somerset,JC Hildreth
info,player,Somerset,C Kieswetter
info,player,Somerset,PD Trego
info,player,Somerset,C Overton
info,player,Somerset,TD Groenewald
info,player,Somerset,AC Thomas
info,player,Somerset,MJ Leach
info,player,Middlesex,CJL Rogers
info,player,Middlesex,SD Robson
info,player,Middlesex,DJ Malan
info,player,Middlesex,JL Denly
info,player,Middlesex,EJG Morgan
info,player,Middlesex,NJ Dexter
info,player,Middlesex,JA Simpson
info,player,Middlesex,OP Rayner
info,player,Middlesex,TS Roland-Jones
info,player,Middlesex,TJ Murtagh
info,player,Middlesex,GS Sandhu
info,registry,people,AC Thomas,b552a935
info,registry,people,AG Wharf,2e0fcc58
info,registry,people,C Kieswetter,1e960f2a
info,registry,people,C Overton,e9987a94
info,registry,people,CJL Rogers,d8360178
info,registry,people,DJ Malan,ad9c32a2
info,registry,people,EJG Morgan,d2a6c0e6
info,registry,people,GS Sandhu,137b58de
info,registry,people,JA Simpson,f05fe9b1
info,registry,people,JC Hildreth,782c0568
info,registry,people,JG Myburgh,47b4ad09
info,registry,people,JL Denly,bdadf7da
info,registry,people,ME Trescothick,ea42ddb9
info,registry,people,MJ Leach,3987e390
info,registry,people,NJ Dexter,dc670143
info,registry,people,NRD Compton,e5437a99
info,registry,people,OP Rayner,e91de70e
info,registry,people,PD Trego,93e06301
info,registry,people,SD Robson,76cb1a7f
info,registry,people,SJ O'Shaughnessy,4d4fdf4a
info,registry,people,TB Abell,ba9258a7
info,registry,people,TD Groenewald,dddc811c
info,registry,people,TJ Murtagh,c89474d1
info,registry,people,TS Roland-Jones,6c6aca89
ball,1,0.1,Somerset,ME Trescothick,JG Myburgh,TJ Murtagh,0,0,,,,,,"",""
ball,1,0.2,Somerset,ME Trescothick,JG Myburgh,TJ Murtagh,0,0,,,,,,"",""
ball,1,0.3,Somerset,ME Trescothick,JG Myburgh,TJ Murtagh,0,0,,,,,,"",""
ball,1,0.4,Somerset,ME Trescothick,JG Myburgh,TJ Murtagh,0,0,,,,,,"",""
ball,1,0.5,Somerset,ME Trescothick,JG Myburgh,TJ Murtagh,0,0,,,,,,"",""
ball,1,0.6,Somerset,ME Trescothick,JG Myburgh,TJ Murtagh,0,0,,,,,,"",""
ball,1,1.1,Somerset,JG Myburgh,ME Trescothick,GS Sandhu,0,0,,,,,,"",""
ball,1,1.2,Somerset,JG Myburgh,ME Trescothick,GS Sandhu,0,0,,,,,,"",""
ball,1,1.3,Somerset,JG Myburgh,ME Trescothick,GS Sandhu,0,0,,,,,,"",""
ball,1,1.4,Somerset,JG Myburgh,ME Trescothick,GS Sandhu,0,0,,,,,,"",""
ball,1,1.5,Somerset,JG Myburgh,ME Trescothick,GS Sandhu,0,0,,,,,,"",""
ball,1,1.6,Somerset,JG Myburgh,ME Trescothick,GS Sandhu,4,0,,,,,,"",""
ball,1,2.1,Somerset,ME Trescothick,JG Myburgh,TJ Murtagh,0,0,,,,,,"",""
ball,1,2.2,Somerset,ME Trescothick,JG Myburgh,TJ Murtagh,1,0,,,,,,"",""
ball,1,2.3,Somerset,JG Myburgh,ME Trescothick,TJ Murtagh,0,0,,,,,,"",""
ball,1,2.4,Somerset,JG Myburgh,ME Trescothick,TJ Murtagh,0,0,,,,,,"",""
ball,1,2.5,Somerset,JG Myburgh,ME Trescothick,TJ Murtagh,1,0,,,,,,"",""
ball,1,2.6,Somerset,ME Trescothick,JG Myburgh,TJ Murtagh,0,0,,,,,,"",""
ball,1,3.1,Somerset,JG Myburgh,ME Trescothick,GS Sandhu,0,0,,,,,,"",""
ball,1,3.2,Somerset,JG Myburgh,ME Trescothick,GS Sandhu,0,0,,,,,,"",""
ball,1,3.3,Somerset,JG Myburgh,ME Trescothick,GS Sandhu,0,0,,,,,,"",""
ball,1,3.4,Somerset,JG Myburgh,ME Trescothick,GS Sandhu,0,0,,,,,,"",""
ball,1,3.5,Somerset,JG Myburgh,ME Trescothick,GS Sandhu,0,0,,,,,,"",""
ball,1,3.6,Somerset,JG Myburgh,ME Trescothick,GS Sandhu,0,0,,,,,,"",""
ball,1,4.1,Somerset,ME Trescothick,JG Myburgh,TJ Murtagh,0,0,,,,,,"",""
ball,1,4.2,Somerset,ME Trescothick,JG Myburgh,TJ Murtagh,0,0,,,,,,"",""
ball,1,4.3,Somerset,ME Trescothick,JG Myburgh,TJ Murtagh,4,0,,,,,,"",""
ball,1,4.4,Somerset,ME Trescothick,JG Myburgh,TJ Murtagh,0,0,,,,,,"",""
ball,1,4.5,Somerset,ME Trescothick,JG Myburgh,TJ Murtagh,0,0,,,,,,"",""
ball,1,4.6,Somerset,ME Trescothick,JG Myburgh,TJ Murtagh,0,0,,,,,,"",""
ball,1,5.1,Somerset,JG Myburgh,ME Trescothick,GS Sandhu,0,0,,,,,,"",""
ball,1,5.2,Somerset,JG Myburgh,ME Trescothick,GS Sandhu,0,0,,,,,,"",""
ball,1,5.3,Somerset,JG Myburgh,ME Trescothick,GS Sandhu,3,0,,,,,,"",""
ball,1,5.4,Somerset,ME Trescothick,JG Myburgh,GS Sandhu,0,0,,,,,,caught,ME Trescothick
ball,1,5.5,Somerset,NRD Compton,JG Myburgh,GS Sandhu,0,0,,,,,,"",""
ball,1,5.6,Somerset,NRD Compton,JG Myburgh,GS Sandhu,0,0,,,,,,"",""
ball,1,6.1,Somerset,JG Myburgh,NRD Compton,TJ Murtagh,0,0,,,,,,"",""
ball,1,6.2,Somerset,JG Myburgh,NRD Compton,TJ Murtagh,0,0,,,,,,"",""
ball,1,6.3,Somerset,JG Myburgh,NRD Compton,TJ Murtagh,0,0,,,,,,"",""
ball,1,6.4,Somerset,JG Myburgh,NRD Compton,TJ Murtagh,0,0,,,,,,"",""
ball,1,6.5,Somerset,JG Myburgh,NRD Compton,TJ Murtagh,0,0,,,,,,"",""
ball,1,6.6,Somerset,JG Myburgh,NRD Compton,TJ Murtagh,0,0,,,,,,"",""
ball,1,7.1,Somerset,NRD Compton,JG Myburgh,GS Sandhu,1,0,,,,,,"",""
ball,1,7.2,Somerset,JG Myburgh,NRD Compton,GS Sandhu,2,0,,,,,,"",""
ball,1,7.3,Somerset,JG Myburgh,NRD Compton,GS Sandhu,0,0,,,,,,"",""
ball,1,7.4,Somerset,JG Myburgh,NRD Compton,GS Sandhu,2,0,,,,,,"",""
ball,1,7.5,Somerset,JG Myburgh,NRD Compton,GS Sandhu,1,0,,,,,,"",""
ball,1,7.6,Somerset,NRD Compton,JG Myburgh,GS Sandhu,0,0,,,,,,"",""
ball,1,8.1,Somerset,JG Myburgh,NRD Compton,TJ Murtagh,0,0,,,,,,"",""
ball,1,8.2,Somerset,JG Myburgh,NRD Compton,TJ Murtagh,0,0,,,,,,"",""
ball,1,8.3,Somerset,JG Myburgh,NRD Compton,TJ Murtagh,0,0,,,,,,"",""
ball,1,8.4,Somerset,JG Myburgh,NRD Compton,TJ Murtagh,0,0,,,,,,"",""
ball,1,8.5,Somerset,JG Myburgh,NRD Compton,TJ Murtagh,0,0,,,,,,"",""
ball,1,8.6,Somerset,JG Myburgh,NRD Compton,TJ Murtagh,0,0,,,,,,"",""
ball,1,9.1,Somerset,NRD Compton,JG Myburgh,GS Sandhu,0,0,,,,,,"",""
ball,1,9.2,Somerset,NRD Compton,JG Myburgh,GS Sandhu,0,0,,,,,,"",""
ball,1,9.3,Somerset,NRD Compton,JG Myburgh,GS Sandhu,4,0,,,,,,"",""
ball,1,9.4,Somerset,NRD Compton,JG Myburgh,GS Sandhu,0,0,,,,,,"",""
ball,1,9.5,Somerset,NRD Compton,JG Myburgh,GS Sandhu,4,0,,,,,,"",""
ball,1,9.6,Somerset,NRD Compton,JG Myburgh,GS Sandhu,0,0,,,,,,"",""
ball,1,10.1,Somerset,JG Myburgh,NRD Compton,TJ Murtagh,0,0,,,,,,"",""
ball,1,10.2,Somerset,JG Myburgh,NRD Compton,TJ Murtagh,4,0,,,,,,"",""
ball,1,10.3,Somerset,JG Myburgh,NRD Compton,TJ Murtagh,0,0,,,,,,"",""
ball,1,10.4,Somerset,JG Myburgh,NRD Compton,TJ Murtagh,1,0,,,,,,"",""
ball,1,10.5,Somerset,NRD Compton,JG Myburgh,TJ Murtagh,0,0,,,,,,"",""
ball,1,10.6,Somerset,NRD Compton,JG Myburgh,TJ Murtagh,0,0,,,,,,"",""
ball,1,11.1,Somerset,JG Myburgh,NRD Compton,TS Roland-Jones,0,0,,,,,,"",""
ball,1,11.2,Somerset,JG Myburgh,NRD Compton,TS Roland-Jones,0,0,,,,,,"",""
ball,1,11.3,Somerset,JG Myburgh,NRD Compton,TS Roland-Jones,0,0,,,,,,"",""
ball,1,11.4,Somerset,JG Myburgh,NRD Compton,TS Roland-Jones,0,0,,,,,,"",""
ball,1,11.5,Somerset,JG Myburgh,NRD Compton,TS Roland-Jones,0,0,,,,,,"",""
ball,1,11.6,Somerset,JG Myburgh,NRD Compton,TS Roland-Jones,0,0,,,,,,"",""
ball,1,12.1,Somerset,NRD Compton,JG Myburgh,TJ Murtagh,0,0,,,,,,"",""
ball,1,12.2,Somerset,NRD Compton,JG Myburgh,TJ Murtagh,0,0,,,,,,"",""
ball,1,12.3,Somerset,NRD Compton,JG Myburgh,TJ Murtagh,0,0,,,,,,"",""
ball,1,12.4,Somerset,NRD Compton,JG Myburgh,TJ Murtagh,0,0,,,,,,"",""
ball,1,12.5,Somerset,NRD Compton,JG Myburgh,TJ Murtagh,0,0,,,,,,bowled,NRD Compton
ball,1,12.6,Somerset,TB Abell,JG Myburgh,TJ Murtagh,0,0,,,,,,"",""
ball,1,13.1,Somerset,JG Myburgh,TB Abell,TS Roland-Jones,0,0,,,,,,"",""
ball,1,13.2,Somerset,JG Myburgh,TB Abell,TS Roland-Jones,0,0,,,,,,"",""
ball,1,13.3,Somerset,JG Myburgh,TB Abell,TS Roland-Jones,0,0,,,,,,"",""
ball,1,13.4,Somerset,JG Myburgh,TB Abell,TS Roland-Jones,0,0,,,,,,"",""
ball,1,13.5,Somerset,JG Myburgh,TB Abell,TS Roland-Jones,0,0,,,,,,"",""
ball,1,13.6,Somerset,JG Myburgh,TB Abell,TS Roland-Jones,0,0,,,,,,"",""
ball,1,14.1,Somerset,TB Abell,JG Myburgh,TJ Murtagh,0,0,,,,,,"",""
ball,1,14.2,Somerset,TB Abell,JG Myburgh,TJ Murtagh,0,0,,,,,,"",""
ball,1,14.3,Somerset,TB Abell,JG Myburgh,TJ Murtagh,0,0,,,,,,"",""
ball,1,14.4,Somerset,TB Abell,JG Myburgh,TJ Murtagh,4,0,,,,,,"",""
ball,1,14.5,Somerset,TB Abell,JG Myburgh,TJ Murtagh,0,0,,,,,,"",""
ball,1,14.6,Somerset,TB Abell,JG Myburgh,TJ Murtagh,0,0,,,,,,"",""
ball,1,15.1,Somerset,JG Myburgh,TB Abell,TS Roland-Jones,0,0,,,,,,"",""
ball,1,15.2,Somerset,JG Myburgh,TB Abell,TS Roland-Jones,0,0,,,,,,"",""
ball,1,15.3,Somerset,JG Myburgh,TB Abell,TS Roland-Jones,0,0,,,,,,"",""
ball,1,15.4,Somerset,JG Myburgh,TB Abell,TS Roland-Jones,0,0,,,,,,"",""
ball,1,15.5,Somerset,JG Myburgh,TB Abell,TS Roland-Jones,2,0,,,,,,"",""
ball,1,15.6,Somerset,JG Myburgh,TB Abell,TS Roland-Jones,0,0,,,,,,"",""
ball,1,16.1,Somerset,TB Abell,JG Myburgh,TJ Murtagh,0,0,,,,,,"",""
ball,1,16.2,Somerset,TB Abell,JG Myburgh,TJ Murtagh,0,0,,,,,,"",""
ball,1,16.3,Somerset,TB Abell,JG Myburgh,TJ Murtagh,0,0,,,,,,"",""
ball,1,16.4,Somerset,TB Abell,JG Myburgh,TJ Murtagh,0,0,,,,,,"",""
ball,1,16.5,Somerset,TB Abell,JG Myburgh,TJ Murtagh,0,0,,,,,,"",""
ball,1,16.6,Somerset,TB Abell,JG Myburgh,TJ Murtagh,0,0,,,,,,"",""
ball,1,17.1,Somerset,JG Myburgh,TB Abell,TS Roland-Jones,4,0,,,,,,"",""
ball,1,17.2,Somerset,JG Myburgh,TB Abell,TS Roland-Jones,1,0,,,,,,"",""
ball,1,17.3,Somerset,TB Abell,JG Myburgh,TS Roland-Jones,0,0,,,,,,"",""
ball,1,17.4,Somerset,TB Abell,JG Myburgh,TS Roland-Jones,0,0,,,,,,"",""
ball,1,17.5,Somerset,TB Abell,JG Myburgh,TS Roland-Jones,0,0,,,,,,"",""
ball,1,17.6,Somerset,TB Abell,JG Myburgh,TS Roland-Jones,0,0,,,,,,"",""
ball,1,18.1,Somerset,JG Myburgh,TB Abell,NJ Dexter,0,0,,,,,,"",""
ball,1,18.2,Somerset,JG Myburgh,TB Abell,NJ Dexter,0,0,,,,,,"",""
ball,1,18.3,Somerset,JG Myburgh,TB Abell,NJ Dexter,0,0,,,,,,"",""
ball,1,18.4,Somerset,JG Myburgh,TB Abell,NJ Dexter,0,0,,,,,,"",""
ball,1,18.5,Somerset,JG Myburgh,TB Abell,NJ Dexter,0,0,,,,,,"",""
ball,1,18.6,Somerset,JG Myburgh,TB Abell,NJ Dexter,0,0,,,,,,"",""
ball,1,19.1,Somerset,TB Abell,JG Myburgh,TS Roland-Jones,0,0,,,,,,"",""
ball,1,19.2,Somerset,TB Abell,JG Myburgh,TS Roland-Jones,0,0,,,,,,"",""
ball,1,19.3,Somerset,TB Abell,JG Myburgh,TS Roland-Jones,0,0,,,,,,"",""
ball,1,19.4,Somerset,TB Abell,JG Myburgh,TS Roland-Jones,0,0,,,,,,"",""
ball,1,19.5,Somerset,TB Abell,JG Myburgh,TS Roland-Jones,0,0,,,,,,"",""
ball,1,19.6,Somerset,TB Abell,JG Myburgh,TS Roland-Jones,0,0,,,,,,"",""
ball,1,20.1,Somerset,JG Myburgh,TB Abell,NJ Dexter,1,0,,,,,,"",""
ball,1,20.2,Somerset,TB Abell,JG Myburgh,NJ Dexter,0,0,,,,,,"",""
ball,1,20.3,Somerset,TB Abell,JG Myburgh,NJ Dexter,0,0,,,,,,"",""
ball,1,20.4,Somerset,TB Abell,JG Myburgh,NJ Dexter,0,0,,,,,,"",""
ball,1,20.5,Somerset,TB Abell,JG Myburgh,NJ Dexter,0,0,,,,,,"",""
ball,1,20.6,Somerset,TB Abell,JG Myburgh,NJ Dexter,0,0,,,,,,"",""
ball,1,21.1,Somerset,JG Myburgh,TB Abell,TS Roland-Jones,0,0,,,,,,"",""
ball,1,21.2,Somerset,JG Myburgh,TB Abell,TS Roland-Jones,0,0,,,,,,"",""
ball,1,21.3,Somerset,JG Myburgh,TB Abell,TS Roland-Jones,0,0,,,,,,"",""
ball,1,21.4,Somerset,JG Myburgh,TB Abell,TS Roland-Jones,0,0,,,,,,"",""
ball,1,21.5,Somerset,JG Myburgh,TB Abell,TS Roland-Jones,0,0,,,,,,"",""
ball,1,21.6,Somerset,JG Myburgh,TB Abell,TS Roland-Jones,0,0,,,,,,"",""
ball,1,22.1,Somerset,TB Abell,JG Myburgh,NJ Dexter,0,0,,,,,,"",""
ball,1,22.2,Somerset,TB Abell,JG Myburgh,NJ Dexter,0,0,,,,,,"",""
ball,1,22.3,Somerset,TB Abell,JG Myburgh,NJ Dexter,0,0,,,,,,"",""
ball,1,22.4,Somerset,TB Abell,JG Myburgh,NJ Dexter,0,0,,,,,,"",""
ball,1,22.5,Somerset,TB Abell,JG Myburgh,NJ Dexter,0,0,,,,,,"",""
ball,1,22.6,Somerset,TB Abell,JG Myburgh,NJ Dexter,0,1,,,,1,,"",""
ball,1,23.1,Somerset,TB Abell,JG Myburgh,TS Roland-Jones,0,0,,,,,,"",""
ball,1,23.2,Somerset,TB Abell,JG Myburgh,TS Roland-Jones,0,0,,,,,,"",""
ball,1,23.3,Somerset,TB Abell,JG Myburgh,TS Roland-Jones,4,0,,,,,,"",""
ball,1,23.4,Somerset,TB Abell,JG Myburgh,TS Roland-Jones,0,0,,,,,,"",""
ball,1,23.5,Somerset,TB Abell,JG Myburgh,TS Roland-Jones,0,0,,,,,,"",""
ball,1,23.6,Somerset,TB Abell,JG Myburgh,TS Roland-Jones,0,0,,,,,,"",""
ball,1,24.1,Somerset,JG Myburgh,TB Abell,NJ Dexter,0,0,,,,,,"",""
ball,1,24.2,Somerset,JG Myburgh,TB Abell,NJ Dexter,0,0,,,,,,"",""
ball,1,24.3,Somerset,JG Myburgh,TB Abell,NJ Dexter,0,0,,,,,,"",""
ball,1,24.4,Somerset,JG Myburgh,TB Abell,NJ Dexter,0,0,,,,,,"",""
ball,1,24.5,Somerset,JG Myburgh,TB Abell,NJ Dexter,0,0,,,,,,"",""
ball,1,24.6,Somerset,JG Myburgh,TB Abell,NJ Dexter,0,0,,,,,,"",""
ball,1,25.1,Somerset,TB Abell,JG Myburgh,GS Sandhu,0,0,,,,,,"",""
ball,1,25.2,Somerset,TB Abell,JG Myburgh,GS Sandhu,0,0,,,,,,"",""
ball,1,25.3,Somerset,TB Abell,JG Myburgh,GS Sandhu,0,0,,,,,,"",""
ball,1,25.4,Somerset,TB Abell,JG Myburgh,GS Sandhu,0,0,,,,,,"",""
ball,1,25.5,Somerset,TB Abell,JG Myburgh,GS Sandhu,0,0,,,,,,"",""
ball,1,25.6,Somerset,TB Abell,JG Myburgh,GS Sandhu,0,0,,,,,,"",""
ball,1,26.1,Somerset,JG Myburgh,TB Abell,NJ Dexter,0,0,,,,,,"",""
ball,1,26.2,Somerset,JG Myburgh,TB Abell,NJ Dexter,0,0,,,,,,"",""
ball,1,26.3,Somerset,JG Myburgh,TB Abell,NJ Dexter,0,0,,,,,,"",""
ball,1,26.4,Somerset,JG Myburgh,TB Abell,NJ Dexter,0,0,,,,,,"",""
ball,1,26.5,Somerset,JG Myburgh,TB Abell,NJ Dexter,0,0,,,,,,"",""
ball,1,26.6,Somerset,JG Myburgh,TB Abell,NJ Dexter,0,0,,,,,,"",""
ball,1,27.1,Somerset,TB Abell,JG Myburgh,GS Sandhu,4,0,,,,,,"",""
ball,1,27.2,Somerset,TB Abell,JG Myburgh,GS Sandhu,4,0,,,,,,"",""
ball,1,27.3,Somerset,TB Abell,JG Myburgh,GS Sandhu,0,0,,,,,,"",""
ball,1,27.4,Somerset,TB Abell,JG Myburgh,GS Sandhu,0,0,,,,,,"",""
ball,1,27.5,Somerset,TB Abell,JG Myburgh,GS Sandhu,0,0,,,,,,"",""
ball,1,27.6,Somerset,TB Abell,JG Myburgh,GS Sandhu,0,0,,,,,,"",""
ball,1,28.1,Somerset,JG Myburgh,TB Abell,NJ Dexter,0,0,,,,,,"",""
ball,1,28.2,Somerset,JG Myburgh,TB Abell,NJ Dexter,0,0,,,,,,"",""
ball,1,28.3,Somerset,JG Myburgh,TB Abell,NJ Dexter,0,0,,,,,,"",""
ball,1,28.4,Somerset,JG Myburgh,TB Abell,NJ Dexter,0,0,,,,,,"",""
ball,1,28.5,Somerset,JG Myburgh,TB Abell,NJ Dexter,0,0,,,,,,"",""
ball,1,28.6,Somerset,JG Myburgh,TB Abell,NJ Dexter,0,1,,,,1,,"",""
ball,1,29.1,Somerset,JG Myburgh,TB Abell,GS Sandhu,0,0,,,,,,"",""
ball,1,29.2,Somerset,JG Myburgh,TB Abell,GS Sandhu,4,0,,,,,,"",""
ball,1,29.3,Somerset,JG Myburgh,TB Abell,GS Sandhu,0,0,,,,,,"",""
ball,1,29.4,Somerset,JG Myburgh,TB Abell,GS Sandhu,0,0,,,,,,"",""
ball,1,29.5,Somerset,JG Myburgh,TB Abell,GS Sandhu,0,0,,,,,,"",""
ball,1,29.6,Somerset,JG Myburgh,TB Abell,GS Sandhu,0,0,,,,,,"",""
ball,1,30.1,Somerset,TB Abell,JG Myburgh,OP Rayner,0,0,,,,,,"",""
ball,1,30.2,Somerset,TB Abell,JG Myburgh,OP Rayner,1,0,,,,,,"",""
ball,1,30.3,Somerset,JG Myburgh,TB Abell,OP Rayner,0,0,,,,,,"",""
ball,1,30.4,Somerset,JG Myburgh,TB Abell,OP Rayner,0,0,,,,,,"",""
ball,1,30.5,Somerset,JG Myburgh,TB Abell,OP Rayner,0,0,,,,,,"",""
ball,1,30.6,Somerset,JG Myburgh,TB Abell,OP Rayner,0,0,,,,,,"",""
ball,1,31.1,Somerset,TB Abell,JG Myburgh,NJ Dexter,0,0,,,,,,"",""
ball,1,31.2,Somerset,TB Abell,JG Myburgh,NJ Dexter,0,0,,,,,,"",""
ball,1,31.3,Somerset,TB Abell,JG Myburgh,NJ Dexter,0,0,,,,,,"",""
ball,1,31.4,Somerset,TB Abell,JG Myburgh,NJ Dexter,0,0,,,,,,"",""
ball,1,31.5,Somerset,TB Abell,JG Myburgh,NJ Dexter,0,0,,,,,,"",""
ball,1,31.6,Somerset,TB Abell,JG Myburgh,NJ Dexter,0,0,,,,,,"",""
ball,1,32.1,Somerset,JG Myburgh,TB Abell,OP Rayner,0,0,,,,,,"",""
ball,1,32.2,Somerset,JG Myburgh,TB Abell,OP Rayner,0,0,,,,,,"",""
ball,1,32.3,Somerset,JG Myburgh,TB Abell,OP Rayner,0,0,,,,,,"",""
ball,1,32.4,Somerset,JG Myburgh,TB Abell,OP Rayner,0,0,,,,,,"",""
ball,1,32.5,Somerset,JG Myburgh,TB Abell,OP Rayner,0,0,,,,,,"",""
ball,1,32.6,Somerset,JG Myburgh,TB Abell,OP Rayner,0,0,,,,,,"",""
ball,1,33.1,Somerset,TB Abell,JG Myburgh,NJ Dexter,0,0,,,,,,"",""
ball,1,33.2,Somerset,TB Abell,JG Myburgh,NJ Dexter,0,0,,,,,,"",""
ball,1,33.3,Somerset,TB Abell,JG Myburgh,NJ Dexter,0,0,,,,,,"",""
ball,1,33.4,Somerset,TB Abell,JG Myburgh,NJ Dexter,0,0,,,,,,"",""
ball,1,33.5,Somerset,TB Abell,JG Myburgh,NJ Dexter,0,0,,,,,,"",""
ball,1,33.6,Somerset,TB Abell,JG Myburgh,NJ Dexter,0,0,,,,,,"",""
ball,1,34.1,Somerset,JG Myburgh,TB Abell,TJ Murtagh,0,0,,,,,,"",""
ball,1,34.2,Somerset,JG Myburgh,TB Abell,TJ Murtagh,0,0,,,,,,"",""
ball,1,34.3,Somerset,JG Myburgh,TB Abell,TJ Murtagh,0,0,,,,,,"",""
ball,1,34.4,Somerset,JG Myburgh,TB Abell,TJ Murtagh,4,0,,,,,,"",""
ball,1,34.5,Somerset,JG Myburgh,TB Abell,TJ Murtagh,0,0,,,,,,"",""
ball,1,34.6,Somerset,JG Myburgh,TB Abell,TJ Murtagh,0,0,,,,,,"",""
ball,1,35.1,Somerset,TB Abell,JG Myburgh,TS Roland-Jones,0,0,,,,,,"",""
ball,1,35.2,Somerset,TB Abell,JG Myburgh,TS Roland-Jones,0,0,,,,,,"",""
ball,1,35.3,Somerset,TB Abell,JG Myburgh,TS Roland-Jones,0,0,,,,,,"",""
ball,1,35.4,Somerset,TB Abell,JG Myburgh,TS Roland-Jones,1,0,,,,,,"",""
ball,1,35.5,Somerset,JG Myburgh,TB Abell,TS Roland-Jones,0,0,,,,,,"",""
ball,1,35.6,Somerset,JG Myburgh,TB Abell,TS Roland-Jones,0,0,,,,,,"",""
ball,1,36.1,Somerset,TB Abell,JG Myburgh,TJ Murtagh,0,0,,,,,,"",""
ball,1,36.2,Somerset,TB Abell,JG Myburgh,TJ Murtagh,0,0,,,,,,"",""
ball,1,36.3,Somerset,TB Abell,JG Myburgh,TJ Murtagh,0,0,,,,,,"",""
ball,1,36.4,Somerset,TB Abell,JG Myburgh,TJ Murtagh,0,0,,,,,,"",""
ball,1,36.5,Somerset,TB Abell,JG Myburgh,TJ Murtagh,0,0,,,,,,"",""
ball,1,36.6,Somerset,TB Abell,JG Myburgh,TJ Murtagh,1,0,,,,,,"",""
ball,1,37.1,Somerset,TB Abell,JG Myburgh,TS Roland-Jones,0,0,,,,,,"",""
ball,1,37.2,Somerset,TB Abell,JG Myburgh,TS Roland-Jones,1,0,,,,,,"",""
ball,1,37.3,Somerset,JG Myburgh,TB Abell,TS Roland-Jones,0,0,,,,,,caught,JG Myburgh
ball,1,37.4,Somerset,JC Hildreth,TB Abell,TS Roland-Jones,0,0,,,,,,"",""
ball,1,37.5,Somerset,JC Hildreth,TB Abell,TS Roland-Jones,0,0,,,,,,"",""
ball,1,37.6,Somerset,JC Hildreth,TB Abell,TS Roland-Jones,0,0,,,,,,"",""
ball,1,38.1,Somerset,TB Abell,JC Hildreth,TJ Murtagh,0,0,,,,,,"",""
ball,1,38.2,Somerset,TB Abell,JC Hildreth,TJ Murtagh,1,0,,,,,,"",""
ball,1,38.3,Somerset,JC Hildreth,TB Abell,TJ Murtagh,0,0,,,,,,"",""
ball,1,38.4,Somerset,JC Hildreth,TB Abell,TJ Murtagh,0,0,,,,,,"",""
ball,1,38.5,Somerset,JC Hildreth,TB Abell,TJ Murtagh,0,0,,,,,,"",""
ball,1,38.6,Somerset,JC Hildreth,TB Abell,TJ Murtagh,0,0,,,,,,"",""
ball,1,39.1,Somerset,TB Abell,JC Hildreth,TS Roland-Jones,2,0,,,,,,"",""
ball,1,39.2,Somerset,TB Abell,JC Hildreth,TS Roland-Jones,0,0,,,,,,"",""
ball,1,39.3,Somerset,TB Abell,JC Hildreth,TS Roland-Jones,2,0,,,,,,"",""
ball,1,39.4,Somerset,TB Abell,JC Hildreth,TS Roland-Jones,3,0,,,,,,"",""
ball,1,39.5,Somerset,JC Hildreth,TB Abell,TS Roland-Jones,0,0,,,,,,"",""
ball,1,39.6,Somerset,JC Hildreth,TB Abell,TS Roland-Jones,3,0,,,,,,"",""
ball,1,40.1,Somerset,JC Hildreth,TB Abell,TJ Murtagh,0,0,,,,,,"",""
ball,1,40.2,Somerset,JC Hildreth,TB Abell,TJ Murtagh,0,0,,,,,,"",""
ball,1,40.3,Somerset,JC Hildreth,TB Abell,TJ Murtagh,4,0,,,,,,"",""
ball,1,40.4,Somerset,JC Hildreth,TB Abell,TJ Murtagh,0,0,,,,,,"",""
ball,1,40.5,Somerset,JC Hildreth,TB Abell,TJ Murtagh,0,0,,,,,,"",""
ball,1,40.6,Somerset,JC Hildreth,TB Abell,TJ Murtagh,0,0,,,,,,"",""
ball,1,41.1,Somerset,TB Abell,JC Hildreth,TS Roland-Jones,0,0,,,,,,"",""
ball,1,41.2,Somerset,TB Abell,JC Hildreth,TS Roland-Jones,0,0,,,,,,"",""
ball,1,41.3,Somerset,TB Abell,JC Hildreth,TS Roland-Jones,0,0,,,,,,"",""
ball,1,41.4,Somerset,TB Abell,JC Hildreth,TS Roland-Jones,1,0,,,,,,"",""
ball,1,41.5,Somerset,JC Hildreth,TB Abell,TS Roland-Jones,4,0,,,,,,"",""
ball,1,41.6,Somerset,JC Hildreth,TB Abell,TS Roland-Jones,0,0,,,,,,"",""
ball,1,42.1,Somerset,TB Abell,JC Hildreth,TJ Murtagh,0,0,,,,,,"",""
ball,1,42.2,Somerset,TB Abell,JC Hildreth,TJ Murtagh,0,0,,,,,,"",""
ball,1,42.3,Somerset,TB Abell,JC Hildreth,TJ Murtagh,0,0,,,,,,"",""
ball,1,42.4,Somerset,TB Abell,JC Hildreth,TJ Murtagh,0,0,,,,,,"",""
ball,1,42.5,Somerset,TB Abell,JC Hildreth,TJ Murtagh,0,0,,,,,,"",""
ball,1,42.6,Somerset,TB Abell,JC Hildreth,TJ Murtagh,0,0,,,,,,"",""
ball,1,43.1,Somerset,JC Hildreth,TB Abell,TS Roland-Jones,1,0,,,,,,"",""
ball,1,43.2,Somerset,TB Abell,JC Hildreth,TS Roland-Jones,0,0,,,,,,"",""
ball,1,43.3,Somerset,TB Abell,JC Hildreth,TS Roland-Jones,4,0,,,,,,"",""
ball,1,43.4,Somerset,TB Abell,JC Hildreth,TS Roland-Jones,0,0,,,,,,"",""
ball,1,43.5,Somerset,TB Abell,JC Hildreth,TS Roland-Jones,0,0,,,,,,"",""
ball,1,43.6,Somerset,TB Abell,JC Hildreth,TS Roland-Jones,4,0,,,,,,"",""
ball,1,44.1,Somerset,JC Hildreth,TB Abell,TJ Murtagh,0,0,,,,,,"",""
ball,1,44.2,Somerset,JC Hildreth,TB Abell,TJ Murtagh,0,0,,,,,,"",""
ball,1,44.3,Somerset,JC Hildreth,TB Abell,TJ Murtagh,0,0,,,,,,"",""
ball,1,44.4,Somerset,JC Hildreth,TB Abell,TJ Murtagh,0,0,,,,,,"",""
ball,1,44.5,Somerset,JC Hildreth,TB Abell,TJ Murtagh,0,0,,,,,,"",""
ball,1,44.6,Somerset,JC Hildreth,TB Abell,TJ Murtagh,0,0,,,,,,"",""
ball,1,45.1,Somerset,TB Abell,JC Hildreth,GS Sandhu,0,0,,,,,,"",""
ball,1,45.2,Somerset,TB Abell,JC Hildreth,GS Sandhu,0,0,,,,,,"",""
ball,1,45.3,Somerset,TB Abell,JC Hildreth,GS Sandhu,1,0,,,,,,"",""
ball,1,45.4,Somerset,JC Hildreth,TB Abell,GS Sandhu,0,0,,,,,,"",""
ball,1,45.5,Somerset,JC Hildreth,TB Abell,GS Sandhu,1,0,,,,,,"",""
ball,1,45.6,Somerset,TB Abell,JC Hildreth,GS Sandhu,0,0,,,,,,"",""
ball,1,46.1,Somerset,JC Hildreth,TB Abell,NJ Dexter,0,0,,,,,,"",""
ball,1,46.2,Somerset,JC Hildreth,TB Abell,NJ Dexter,0,0,,,,,,"",""
ball,1,46.3,Somerset,JC Hildreth,TB Abell,NJ Dexter,1,0,,,,,,"",""
ball,1,46.4,Somerset,TB Abell,JC Hildreth,NJ Dexter,0,0,,,,,,"",""
ball,1,46.5,Somerset,TB Abell,JC Hildreth,NJ Dexter,0,0,,,,,,"",""
ball,1,46.6,Somerset,TB Abell,JC Hildreth,NJ Dexter,0,0,,,,,,"",""
ball,1,47.1,Somerset,JC Hildreth,TB Abell,GS Sandhu,1,0,,,,,,"",""
ball,1,47.2,Somerset,TB Abell,JC Hildreth,GS Sandhu,0,0,,,,,,"",""
ball,1,47.3,Somerset,TB Abell,JC Hildreth,GS Sandhu,0,0,,,,,,"",""
ball,1,47.4,Somerset,TB Abell,JC Hildreth,GS Sandhu,0,0,,,,,,"",""
ball,1,47.5,Somerset,TB Abell,JC Hildreth,GS Sandhu,0,0,,,,,,"",""
ball,1,47.6,Somerset,TB Abell,JC Hildreth,GS Sandhu,0,0,,,,,,"",""
ball,1,48.1,Somerset,JC Hildreth,TB Abell,NJ Dexter,4,0,,,,,,"",""
ball,1,48.2,Somerset,JC Hildreth,TB Abell,NJ Dexter,0,0,,,,,,"",""
ball,1,48.3,Somerset,JC Hildreth,TB Abell,NJ Dexter,0,0,,,,,,"",""
ball,1,48.4,Somerset,JC Hildreth,TB Abell,NJ Dexter,0,0,,,,,,"",""
ball,1,48.5,Somerset,JC Hildreth,TB Abell,NJ Dexter,0,0,,,,,,"",""
ball,1,48.6,Somerset,JC Hildreth,TB Abell,NJ Dexter,0,0,,,,,,"",""
ball,1,49.1,Somerset,TB Abell,JC Hildreth,GS Sandhu,0,0,,,,,,"",""
ball,1,49.2,Somerset,TB Abell,JC Hildreth,GS Sandhu,0,0,,,,,,"",""
ball,1,49.3,Somerset,TB Abell,JC Hildreth,GS Sandhu,4,0,,,,,,"",""
ball,1,49.4,Somerset,TB Abell,JC Hildreth,GS Sandhu,0,0,,,,,,"",""
ball,1,49.5,Somerset,TB Abell,JC Hildreth,GS Sandhu,0,0,,,,,,"",""
ball,1,49.6,Somerset,TB Abell,JC Hildreth,GS Sandhu,0,0,,,,,,"",""
ball,1,50.1,Somerset,JC Hildreth,TB Abell,NJ Dexter,0,0,,,,,,"",""
ball,1,50.2,Somerset,JC Hildreth,TB Abell,NJ Dexter,0,0,,,,,,"",""
ball,1,50.3,Somerset,JC Hildreth,TB Abell,NJ Dexter,0,0,,,,,,"",""
ball,1,50.4,Somerset,JC Hildreth,TB Abell,NJ Dexter,0,0,,,,,,"",""
ball,1,50.5,Somerset,JC Hildreth,TB Abell,NJ Dexter,0,0,,,,,,"",""
ball,1,50.6,Somerset,JC Hildreth,TB Abell,NJ Dexter,0,0,,,,,,"",""
ball,1,51.1,Somerset,TB Abell,JC Hildreth,GS Sandhu,0,0,,,,,,"",""
ball,1,51.2,Somerset,TB Abell,JC Hildreth,GS Sandhu,4,0,,,,,,"",""
ball,1,51.3,Somerset,TB Abell,JC Hildreth,GS Sandhu,0,0,,,,,,"",""
ball,1,51.4,Somerset,TB Abell,JC Hildreth,GS Sandhu,0,0,,,,,,"",""
ball,1,51.5,Somerset,TB Abell,JC Hildreth,GS Sandhu,0,0,,,,,,"",""
ball,1,51.6,Somerset,TB Abell,JC Hildreth,GS Sandhu,4,0,,,,,,"",""
ball,1,52.1,Somerset,JC Hildreth,TB Abell,NJ Dexter,0,0,,,,,,"",""
ball,1,52.2,Somerset,JC Hildreth,TB Abell,NJ Dexter,0,0,,,,,,"",""
ball,1,52.3,Somerset,JC Hildreth,TB Abell,NJ Dexter,0,0,,,,,,run out,TB Abell
ball,1,52.4,Somerset,JC Hildreth,C Kieswetter,NJ Dexter,1,0,,,,,,"",""
ball,1,52.5,Somerset,C Kieswetter,JC Hildreth,NJ Dexter,0,0,,,,,,"",""
ball,1,52.6,Somerset,C Kieswetter,JC Hildreth,NJ Dexter,0,0,,,,,,"",""
ball,1,53.1,Somerset,JC Hildreth,C Kieswetter,GS Sandhu,0,0,,,,,,"",""
ball,1,53.2,Somerset,JC Hildreth,C Kieswetter,GS Sandhu,0,0,,,,,,"",""
ball,1,53.3,Somerset,JC Hildreth,C Kieswetter,GS Sandhu,0,0,,,,,,"",""
ball,1,53.4,Somerset,JC Hildreth,C Kieswetter,GS Sandhu,0,0,,,,,,"",""
ball,1,53.5,Somerset,JC Hildreth,C Kieswetter,GS Sandhu,1,0,,,,,,"",""
ball,1,53.6,Somerset,C Kieswetter,JC Hildreth,GS Sandhu,0,0,,,,,,"",""
ball,1,54.1,Somerset,JC Hildreth,C Kieswetter,NJ Dexter,0,0,,,,,,"",""
ball,1,54.2,Somerset,JC Hildreth,C Kieswetter,NJ Dexter,0,0,,,,,,"",""
ball,1,54.3,Somerset,JC Hildreth,C Kieswetter,NJ Dexter,0,0,,,,,,"",""
ball,1,54.4,Somerset,JC Hildreth,C Kieswetter,NJ Dexter,0,0,,,,,,"",""
ball,1,54.5,Somerset,JC Hildreth,C Kieswetter,NJ Dexter,0,0,,,,,,"",""
ball,1,54.6,Somerset,JC Hildreth,C Kieswetter,NJ Dexter,0,0,,,,,,"",""
ball,1,55.1,Somerset,C Kieswetter,JC Hildreth,TS Roland-Jones,2,0,,,,,,"",""
ball,1,55.2,Somerset,C Kieswetter,JC Hildreth,TS Roland-Jones,0,0,,,,,,"",""
ball,1,55.3,Somerset,C Kieswetter,JC Hildreth,TS Roland-Jones,0,0,,,,,,"",""
ball,1,55.4,Somerset,C Kieswetter,JC Hildreth,TS Roland-Jones,0,0,,,,,,"",""
ball,1,55.5,Somerset,C Kieswetter,JC Hildreth,TS Roland-Jones,0,0,,,,,,"",""
ball,1,55.6,Somerset,C Kieswetter,JC Hildreth,TS Roland-Jones,1,0,,,,,,"",""
ball,1,56.1,Somerset,C Kieswetter,JC Hildreth,NJ Dexter,1,0,,,,,,"",""
ball,1,56.2,Somerset,JC Hildreth,C Kieswetter,NJ Dexter,0,0,,,,,,"",""
ball,1,56.3,Somerset,JC Hildreth,C Kieswetter,NJ Dexter,0,0,,,,,,"",""
ball,1,56.4,Somerset,JC Hildreth,C Kieswetter,NJ Dexter,1,0,,,,,,"",""
ball,1,56.5,Somerset,C Kieswetter,JC Hildreth,NJ Dexter,0,0,,,,,,"",""
ball,1,56.6,Somerset,C Kieswetter,JC Hildreth,NJ Dexter,1,0,,,,,,"",""
ball,1,57.1,Somerset,C Kieswetter,JC Hildreth,TS Roland-Jones,0,0,,,,,,"",""
ball,1,57.2,Somerset,C Kieswetter,JC Hildreth,TS Roland-Jones,6,0,,,,,,"",""
ball,1,57.3,Somerset,C Kieswetter,JC Hildreth,TS Roland-Jones,0,0,,,,,,"",""
ball,1,57.4,Somerset,C Kieswetter,JC Hildreth,TS Roland-Jones,4,0,,,,,,"",""
ball,1,57.5,Somerset,C Kieswetter,JC Hildreth,TS Roland-Jones,2,0,,,,,,"",""
ball,1,57.6,Somerset,C Kieswetter,JC Hildreth,TS Roland-Jones,0,0,,,,,,"",""
ball,1,58.1,Somerset,JC Hildreth,C Kieswetter,NJ Dexter,0,0,,,,,,"",""
ball,1,58.2,Somerset,JC Hildreth,C Kieswetter,NJ Dexter,1,0,,,,,,"",""
ball,1,58.3,Somerset,C Kieswetter,JC Hildreth,NJ Dexter,1,0,,,,,,"",""
ball,1,58.4,Somerset,JC Hildreth,C Kieswetter,NJ Dexter,0,0,,,,,,"",""
ball,1,58.5,Somerset,JC Hildreth,C Kieswetter,NJ Dexter,0,0,,,,,,"",""
ball,1,58.6,Somerset,JC Hildreth,C Kieswetter,NJ Dexter,0,0,,,,,,"",""
ball,1,59.1,Somerset,C Kieswetter,JC Hildreth,TS Roland-Jones,1,0,,,,,,"",""
ball,1,59.2,Somerset,JC Hildreth,C Kieswetter,TS Roland-Jones,1,0,,,,,,"",""
ball,1,59.3,Somerset,C Kieswetter,JC Hildreth,TS Roland-Jones,0,0,,,,,,"",""
ball,1,59.4,Somerset,C Kieswetter,JC Hildreth,TS Roland-Jones,1,0,,,,,,"",""
ball,1,59.5,Somerset,JC Hildreth,C Kieswetter,TS Roland-Jones,0,0,,,,,,"",""
ball,1,59.6,Somerset,JC Hildreth,C Kieswetter,TS Roland-Jones,0,0,,,,,,"",""
ball,1,60.1,Somerset,C Kieswetter,JC Hildreth,OP Rayner,0,0,,,,,,"",""
ball,1,60.2,Somerset,C Kieswetter,JC Hildreth,OP Rayner,0,0,,,,,,"",""
ball,1,60.3,Somerset,C Kieswetter,JC Hildreth,OP Rayner,0,0,,,,,,"",""
ball,1,60.4,Somerset,C Kieswetter,JC Hildreth,OP Rayner,0,0,,,,,,"",""
ball,1,60.5,Somerset,C Kieswetter,JC Hildreth,OP Rayner,1,0,,,,,,"",""
ball,1,60.6,Somerset,JC Hildreth,C Kieswetter,OP Rayner,0,0,,,,,,"",""
ball,1,61.1,Somerset,C Kieswetter,JC Hildreth,NJ Dexter,4,0,,,,,,"",""
ball,1,61.2,Somerset,C Kieswetter,JC Hildreth,NJ Dexter,0,0,,,,,,"",""
ball,1,61.3,Somerset,C Kieswetter,JC Hildreth,NJ Dexter,0,0,,,,,,"",""
ball,1,61.4,Somerset,C Kieswetter,JC Hildreth,NJ Dexter,1,0,,,,,,"",""
ball,1,61.5,Somerset,JC Hildreth,C Kieswetter,NJ Dexter,0,0,,,,,,"",""
ball,1,61.6,Somerset,JC Hildreth,C Kieswetter,NJ Dexter,0,0,,,,,,"",""
ball,1,62.1,Somerset,C Kieswetter,JC Hildreth,TS Roland-Jones,0,0,,,,,,"",""
ball,1,62.2,Somerset,C Kieswetter,JC Hildreth,TS Roland-Jones,1,0,,,,,,"",""
ball,1,62.3,Somerset,JC Hildreth,C Kieswetter,TS Roland-Jones,0,0,,,,,,"",""
ball,1,62.4,Somerset,JC Hildreth,C Kieswetter,TS Roland-Jones,1,0,,,,,,"",""
ball,1,62.5,Somerset,C Kieswetter,JC Hildreth,TS Roland-Jones,4,0,,,,,,"",""
ball,1,62.6,Somerset,C Kieswetter,JC Hildreth,TS Roland-Jones,1,0,,,,,,"",""
ball,1,63.1,Somerset,C Kieswetter,JC Hildreth,OP Rayner,0,0,,,,,,"",""
ball,1,63.2,Somerset,C Kieswetter,JC Hildreth,OP Rayner,1,0,,,,,,"",""
ball,1,63.3,Somerset,JC Hildreth,C Kieswetter,OP Rayner,0,0,,,,,,"",""
ball,1,63.4,Somerset,JC Hildreth,C Kieswetter,OP Rayner,0,0,,,,,,"",""
ball,1,63.5,Somerset,JC Hildreth,C Kieswetter,OP Rayner,0,0,,,,,,"",""
ball,1,63.6,Somerset,JC Hildreth,C Kieswetter,OP Rayner,1,0,,,,,,"",""
ball,1,64.1,Somerset,JC Hildreth,C Kieswetter,TJ Murtagh,0,0,,,,,,"",""
ball,1,64.2,Somerset,JC Hildreth,C Kieswetter,TJ Murtagh,0,0,,,,,,"",""
ball,1,64.3,Somerset,JC Hildreth,C Kieswetter,TJ Murtagh,0,0,,,,,,"",""
ball,1,64.4,Somerset,JC Hildreth,C Kieswetter,TJ Murtagh,0,0,,,,,,"",""
ball,1,64.5,Somerset,JC Hildreth,C Kieswetter,TJ Murtagh,0,0,,,,,,"",""
ball,1,64.6,Somerset,JC Hildreth,C Kieswetter,TJ Murtagh,0,0,,,,,,"",""
ball,1,65.1,Somerset,C Kieswetter,JC Hildreth,OP Rayner,0,0,,,,,,"",""
ball,1,65.2,Somerset,C Kieswetter,JC Hildreth,OP Rayner,0,0,,,,,,"",""
ball,1,65.3,Somerset,C Kieswetter,JC Hildreth,OP Rayner,0,0,,,,,,"",""
ball,1,65.4,Somerset,C Kieswetter,JC Hildreth,OP Rayner,0,0,,,,,,"",""
ball,1,65.5,Somerset,C Kieswetter,JC Hildreth,OP Rayner,0,0,,,,,,"",""
ball,1,65.6,Somerset,C Kieswetter,JC Hildreth,OP Rayner,0,0,,,,,,"",""
ball,1,66.1,Somerset,JC Hildreth,C Kieswetter,TJ Murtagh,1,0,,,,,,"",""
ball,1,66.2,Somerset,C Kieswetter,JC Hildreth,TJ Murtagh,0,0,,,,,,"",""
ball,1,66.3,Somerset,C Kieswetter,JC Hildreth,TJ Murtagh,0,0,,,,,,"",""
ball,1,66.4,Somerset,C Kieswetter,JC Hildreth,TJ Murtagh,1,0,,,,,,"",""
ball,1,66.5,Somerset,JC Hildreth,C Kieswetter,TJ Murtagh,0,0,,,,,,"",""
ball,1,66.6,Somerset,JC Hildreth,C Kieswetter,TJ Murtagh,1,0,,,,,,"",""
ball,1,67.1,Somerset,JC Hildreth,C Kieswetter,OP Rayner,0,0,,,,,,"",""
ball,1,67.2,Somerset,JC Hildreth,C Kieswetter,OP Rayner,1,0,,,,,,"",""
ball,1,67.3,Somerset,C Kieswetter,JC Hildreth,OP Rayner,0,0,,,,,,"",""
ball,1,67.4,Somerset,C Kieswetter,JC Hildreth,OP Rayner,0,0,,,,,,"",""
ball,1,67.5,Somerset,C Kieswetter,JC Hildreth,OP Rayner,0,0,,,,,,"",""
ball,1,67.6,Somerset,C Kieswetter,JC Hildreth,OP Rayner,4,0,,,,,,"",""
ball,1,68.1,Somerset,JC Hildreth,C Kieswetter,TJ Murtagh,0,0,,,,,,"",""
ball,1,68.2,Somerset,JC Hildreth,C Kieswetter,TJ Murtagh,0,0,,,,,,"",""
ball,1,68.3,Somerset,JC Hildreth,C Kieswetter,TJ Murtagh,0,0,,,,,,"",""
ball,1,68.4,Somerset,JC Hildreth,C Kieswetter,TJ Murtagh,0,0,,,,,,"",""
ball,1,68.5,Somerset,JC Hildreth,C Kieswetter,TJ Murtagh,1,0,,,,,,"",""
ball,1,68.6,Somerset,C Kieswetter,JC Hildreth,TJ Murtagh,1,0,,,,,,"",""
ball,1,69.1,Somerset,C Kieswetter,JC Hildreth,OP Rayner,0,0,,,,,,"",""
ball,1,69.2,Somerset,C Kieswetter,JC Hildreth,OP Rayner,4,0,,,,,,"",""
ball,1,69.3,Somerset,C Kieswetter,JC Hildreth,OP Rayner,4,0,,,,,,"",""
ball,1,69.4,Somerset,C Kieswetter,JC Hildreth,OP Rayner,0,0,,,,,,"",""
ball,1,69.5,Somerset,C Kieswetter,JC Hildreth,OP Rayner,4,0,,,,,,"",""
ball,1,69.6,Somerset,C Kieswetter,JC Hildreth,OP Rayner,1,0,,,,,,"",""
ball,1,70.1,Somerset,C Kieswetter,JC Hildreth,GS Sandhu,0,0,,,,,,"",""
ball,1,70.2,Somerset,C Kieswetter,JC Hildreth,GS Sandhu,2,0,,,,,,"",""
ball,1,70.3,Somerset,C Kieswetter,JC Hildreth,GS Sandhu,0,0,,,,,,"",""
ball,1,70.4,Somerset,C Kieswetter,JC Hildreth,GS Sandhu,0,0,,,,,,"",""
ball,1,70.5,Somerset,C Kieswetter,JC Hildreth,GS Sandhu,0,0,,,,,,"",""
ball,1,70.6,Somerset,C Kieswetter,JC Hildreth,GS Sandhu,1,0,,,,,,"",""
ball,1,71.1,Somerset,C Kieswetter,JC Hildreth,OP Rayner,0,0,,,,,,"",""
ball,1,71.2,Somerset,C Kieswetter,JC Hildreth,OP Rayner,0,0,,,,,,"",""
ball,1,71.3,Somerset,C Kieswetter,JC Hildreth,OP Rayner,0,0,,,,,,"",""
ball,1,71.4,Somerset,C Kieswetter,JC Hildreth,OP Rayner,1,0,,,,,,"",""
ball,1,71.5,Somerset,JC Hildreth,C Kieswetter,OP Rayner,0,0,,,,,,"",""
ball,1,71.6,Somerset,JC Hildreth,C Kieswetter,OP Rayner,1,0,,,,,,"",""
ball,1,72.1,Somerset,JC Hildreth,C Kieswetter,GS Sandhu,0,0,,,,,,"",""
ball,1,72.2,Somerset,JC Hildreth,C Kieswetter,GS Sandhu,1,0,,,,,,"",""
ball,1,72.3,Somerset,C Kieswetter,JC Hildreth,GS Sandhu,0,0,,,,,,"",""
ball,1,72.4,Somerset,C Kieswetter,JC Hildreth,GS Sandhu,0,0,,,,,,"",""
ball,1,72.5,Somerset,C Kieswetter,JC Hildreth,GS Sandhu,4,0,,,,,,"",""
ball,1,72.6,Somerset,C Kieswetter,JC Hildreth,GS Sandhu,0,0,,,,,,"",""
ball,1,73.1,Somerset,JC Hildreth,C Kieswetter,OP Rayner,0,0,,,,,,"",""
ball,1,73.2,Somerset,JC Hildreth,C Kieswetter,OP Rayner,0,0,,,,,,"",""
ball,1,73.3,Somerset,JC Hildreth,C Kieswetter,OP Rayner,0,0,,,,,,"",""
ball,1,73.4,Somerset,JC Hildreth,C Kieswetter,OP Rayner,2,0,,,,,,"",""
ball,1,73.5,Somerset,JC Hildreth,C Kieswetter,OP Rayner,0,0,,,,,,"",""
ball,1,73.6,Somerset,JC Hildreth,C Kieswetter,OP Rayner,0,0,,,,,,"",""
ball,1,74.1,Somerset,C Kieswetter,JC Hildreth,GS Sandhu,0,0,,,,,,"",""
ball,1,74.2,Somerset,C Kieswetter,JC Hildreth,GS Sandhu,0,0,,,,,,"",""
ball,1,74.3,Somerset,C Kieswetter,JC Hildreth,GS Sandhu,4,0,,,,,,"",""
ball,1,74.4,Somerset,C Kieswetter,JC Hildreth,GS Sandhu,4,0,,,,,,"",""
ball,1,74.5,Somerset,C Kieswetter,JC Hildreth,GS Sandhu,1,0,,,,,,"",""
ball,1,74.6,Somerset,JC Hildreth,C Kieswetter,GS Sandhu,0,0,,,,,,"",""
ball,1,75.1,Somerset,C Kieswetter,JC Hildreth,OP Rayner,0,0,,,,,,"",""
ball,1,75.2,Somerset,C Kieswetter,JC Hildreth,OP Rayner,0,0,,,,,,"",""
ball,1,75.3,Somerset,C Kieswetter,JC Hildreth,OP Rayner,0,0,,,,,,"",""
ball,1,75.4,Somerset,C Kieswetter,JC Hildreth,OP Rayner,0,0,,,,,,bowled,C Kieswetter
ball,1,75.5,Somerset,PD Trego,JC Hildreth,OP Rayner,0,0,,,,,,"",""
ball,1,75.6,Somerset,PD Trego,JC Hildreth,OP Rayner,0,0,,,,,,"",""
ball,1,76.1,Somerset,JC Hildreth,PD Trego,GS Sandhu,0,0,,,,,,"",""
ball,1,76.2,Somerset,JC Hildreth,PD Trego,GS Sandhu,0,0,,,,,,"",""
ball,1,76.3,Somerset,JC Hildreth,PD Trego,GS Sandhu,1,0,,,,,,"",""
ball,1,76.4,Somerset,PD Trego,JC Hildreth,GS Sandhu,0,0,,,,,,"",""
ball,1,76.5,Somerset,PD Trego,JC Hildreth,GS Sandhu,0,0,,,,,,"",""
ball,1,76.6,Somerset,PD Trego,JC Hildreth,GS Sandhu,0,0,,,,,,"",""
ball,1,77.1,Somerset,JC Hildreth,PD Trego,OP Rayner,1,0,,,,,,"",""
ball,1,77.2,Somerset,PD Trego,JC Hildreth,OP Rayner,0,0,,,,,,"",""
ball,1,77.3,Somerset,PD Trego,JC Hildreth,OP Rayner,0,0,,,,,,"",""
ball,1,77.4,Somerset,PD Trego,JC Hildreth,OP Rayner,0,0,,,,,,"",""
ball,1,77.5,Somerset,PD Trego,JC Hildreth,OP Rayner,0,0,,,,,,"",""
ball,1,77.6,Somerset,PD Trego,JC Hildreth,OP Rayner,0,0,,,,,,"",""
ball,1,78.1,Somerset,JC Hildreth,PD Trego,NJ Dexter,4,0,,,,,,"",""
ball,1,78.2,Somerset,JC Hildreth,PD Trego,NJ Dexter,0,0,,,,,,"",""
ball,1,78.3,Somerset,JC Hildreth,PD Trego,NJ Dexter,0,0,,,,,,"",""
ball,1,78.4,Somerset,JC Hildreth,PD Trego,NJ Dexter,0,0,,,,,,"",""
ball,1,78.5,Somerset,JC Hildreth,PD Trego,NJ Dexter,1,0,,,,,,"",""
ball,1,78.6,Somerset,PD Trego,JC Hildreth,NJ Dexter,0,0,,,,,,"",""
ball,1,79.1,Somerset,JC Hildreth,PD Trego,OP Rayner,0,0,,,,,,"",""
ball,1,79.2,Somerset,JC Hildreth,PD Trego,OP Rayner,0,0,,,,,,"",""
ball,1,79.3,Somerset,JC Hildreth,PD Trego,OP Rayner,0,0,,,,,,"",""
ball,1,79.4,Somerset,JC Hildreth,PD Trego,OP Rayner,0,0,,,,,,"",""
ball,1,79.5,Somerset,JC Hildreth,PD Trego,OP Rayner,0,0,,,,,,"",""
ball,1,79.6,Somerset,JC Hildreth,PD Trego,OP Rayner,0,0,,,,,,"",""
ball,1,80.1,Somerset,PD Trego,JC Hildreth,TJ Murtagh,0,0,,,,,,"",""
ball,1,80.2,Somerset,PD Trego,JC Hildreth,TJ Murtagh,4,0,,,,,,"",""
ball,1,80.3,Somerset,PD Trego,JC Hildreth,TJ Murtagh,0,0,,,,,,"",""
ball,1,80.4,Somerset,PD Trego,JC Hildreth,TJ Murtagh,0,0,,,,,,"",""
ball,1,80.5,Somerset,PD Trego,JC Hildreth,TJ Murtagh,0,0,,,,,,"",""
ball,1,80.6,Somerset,PD Trego,JC Hildreth,TJ Murtagh,4,0,,,,,,"",""
ball,1,81.1,Somerset,JC Hildreth,PD Trego,TS Roland-Jones,4,0,,,,,,"",""
ball,1,81.2,Somerset,JC Hildreth,PD Trego,TS Roland-Jones,0,0,,,,,,"",""
ball,1,81.3,Somerset,JC Hildreth,PD Trego,TS Roland-Jones,0,0,,,,,,"",""
ball,1,81.4,Somerset,JC Hildreth,PD Trego,TS Roland-Jones,0,0,,,,,,"",""
ball,1,81.5,Somerset,JC Hildreth,PD Trego,TS Roland-Jones,0,0,,,,,,"",""
ball,1,81.6,Somerset,JC Hildreth,PD Trego,TS Roland-Jones,0,0,,,,,,"",""
ball,1,82.1,Somerset,PD Trego,JC Hildreth,TJ Murtagh,0,0,,,,,,"",""
ball,1,82.2,Somerset,PD Trego,JC Hildreth,TJ Murtagh,0,0,,,,,,"",""
ball,1,82.3,Somerset,PD Trego,JC Hildreth,TJ Murtagh,0,0,,,,,,"",""
ball,1,82.4,Somerset,PD Trego,JC Hildreth,TJ Murtagh,1,0,,,,,,"",""
ball,1,82.5,Somerset,JC Hildreth,PD Trego,TJ Murtagh,0,0,,,,,,"",""
ball,1,82.6,Somerset,JC Hildreth,PD Trego,TJ Murtagh,0,0,,,,,,"",""
ball,1,83.1,Somerset,PD Trego,JC Hildreth,TS Roland-Jones,1,0,,,,,,"",""
ball,1,83.2,Somerset,JC Hildreth,PD Trego,TS Roland-Jones,4,0,,,,,,"",""
ball,1,83.3,Somerset,JC Hildreth,PD Trego,TS Roland-Jones,0,0,,,,,,"",""
ball,1,83.4,Somerset,JC Hildreth,PD Trego,TS Roland-Jones,1,0,,,,,,"",""
ball,1,83.5,Somerset,PD Trego,JC Hildreth,TS Roland-Jones,0,0,,,,,,"",""
ball,1,83.6,Somerset,PD Trego,JC Hildreth,TS Roland-Jones,0,0,,,,,,"",""
ball,1,84.1,Somerset,JC Hildreth,PD Trego,TJ Murtagh,0,0,,,,,,"",""
ball,1,84.2,Somerset,JC Hildreth,PD Trego,TJ Murtagh,0,0,,,,,,"",""
ball,1,84.3,Somerset,JC Hildreth,PD Trego,TJ Murtagh,0,0,,,,,,"",""
ball,1,84.4,Somerset,JC Hildreth,PD Trego,TJ Murtagh,0,0,,,,,,"",""
ball,1,84.5,Somerset,JC Hildreth,PD Trego,TJ Murtagh,0,0,,,,,,"",""
ball,1,84.6,Somerset,JC Hildreth,PD Trego,TJ Murtagh,3,0,,,,,,"",""
ball,1,85.1,Somerset,JC Hildreth,PD Trego,TS Roland-Jones,0,0,,,,,,"",""
ball,1,85.2,Somerset,JC Hildreth,PD Trego,TS Roland-Jones,0,0,,,,,,"",""
ball,1,85.3,Somerset,JC Hildreth,PD Trego,TS Roland-Jones,0,0,,,,,,"",""
ball,1,85.4,Somerset,JC Hildreth,PD Trego,TS Roland-Jones,0,0,,,,,,"",""
ball,1,85.5,Somerset,JC Hildreth,PD Trego,TS Roland-Jones,0,0,,,,,,"",""
ball,1,85.6,Somerset,JC Hildreth,PD Trego,TS Roland-Jones,4,0,,,,,,"",""
ball,1,86.1,Somerset,PD Trego,JC Hildreth,TJ Murtagh,2,0,,,,,,"",""
ball,1,86.2,Somerset,PD Trego,JC Hildreth,TJ Murtagh,0,0,,,,,,"",""
ball,1,86.3,Somerset,PD Trego,JC Hildreth,TJ Murtagh,0,0,,,,,,"",""
ball,1,86.4,Somerset,PD Trego,JC Hildreth,TJ Murtagh,0,0,,,,,,"",""
ball,1,86.5,Somerset,PD Trego,JC Hildreth,TJ Murtagh,0,0,,,,,,"",""
ball,1,86.6,Somerset,PD Trego,JC Hildreth,TJ Murtagh,0,0,,,,,,"",""
ball,1,87.1,Somerset,JC Hildreth,PD Trego,TS Roland-Jones,0,0,,,,,,"",""
ball,1,87.2,Somerset,JC Hildreth,PD Trego,TS Roland-Jones,1,0,,,,,,"",""
ball,1,87.3,Somerset,PD Trego,JC Hildreth,TS Roland-Jones,0,0,,,,,,"",""
ball,1,87.4,Somerset,PD Trego,JC Hildreth,TS Roland-Jones,1,0,,,,,,"",""
ball,1,87.5,Somerset,JC Hildreth,PD Trego,TS Roland-Jones,0,0,,,,,,"",""
ball,1,87.6,Somerset,JC Hildreth,PD Trego,TS Roland-Jones,0,0,,,,,,"",""
ball,1,88.1,Somerset,PD Trego,JC Hildreth,TJ Murtagh,0,0,,,,,,"",""
ball,1,88.2,Somerset,PD Trego,JC Hildreth,TJ Murtagh,0,0,,,,,,"",""
ball,1,88.3,Somerset,PD Trego,JC Hildreth,TJ Murtagh,0,0,,,,,,"",""
ball,1,88.4,Somerset,PD Trego,JC Hildreth,TJ Murtagh,0,1,,,,1,,"",""
ball,1,88.5,Somerset,JC Hildreth,PD Trego,TJ Murtagh,0,0,,,,,,"",""
ball,1,88.6,Somerset,JC Hildreth,PD Trego,TJ Murtagh,0,0,,,,,,"",""
ball,1,89.1,Somerset,PD Trego,JC Hildreth,TS Roland-Jones,1,0,,,,,,"",""
ball,1,89.2,Somerset,JC Hildreth,PD Trego,TS Roland-Jones,0,0,,,,,,"",""
ball,1,89.3,Somerset,JC Hildreth,PD Trego,TS Roland-Jones,0,0,,,,,,"",""
ball,1,89.4,Somerset,JC Hildreth,PD Trego,TS Roland-Jones,0,0,,,,,,"",""
ball,1,89.5,Somerset,JC Hildreth,PD Trego,TS Roland-Jones,0,0,,,,,,"",""
ball,1,89.6,Somerset,JC Hildreth,PD Trego,TS Roland-Jones,0,0,,,,,,"",""
ball,1,90.1,Somerset,PD Trego,JC Hildreth,NJ Dexter,0,0,,,,,,"",""
ball,1,90.2,Somerset,PD Trego,JC Hildreth,NJ Dexter,0,0,,,,,,"",""
ball,1,90.3,Somerset,PD Trego,JC Hildreth,NJ Dexter,4,0,,,,,,"",""
ball,1,90.4,Somerset,PD Trego,JC Hildreth,NJ Dexter,1,0,,,,,,"",""
ball,1,90.5,Somerset,JC Hildreth,PD Trego,NJ Dexter,0,0,,,,,,"",""
ball,1,90.6,Somerset,JC Hildreth,PD Trego,NJ Dexter,0,0,,,,,,"",""
ball,1,91.1,Somerset,PD Trego,JC Hildreth,GS Sandhu,0,0,,,,,,"",""
ball,1,91.2,Somerset,PD Trego,JC Hildreth,GS Sandhu,1,0,,,,,,"",""
ball,1,91.3,Somerset,JC Hildreth,PD Trego,GS Sandhu,1,0,,,,,,"",""
ball,1,91.4,Somerset,PD Trego,JC Hildreth,GS Sandhu,0,0,,,,,,"",""
ball,1,91.5,Somerset,PD Trego,JC Hildreth,GS Sandhu,0,0,,,,,,"",""
ball,1,91.6,Somerset,PD Trego,JC Hildreth,GS Sandhu,0,0,,,,,,"",""
ball,1,92.1,Somerset,JC Hildreth,PD Trego,NJ Dexter,0,0,,,,,,"",""
ball,1,92.2,Somerset,JC Hildreth,PD Trego,NJ Dexter,0,0,,,,,,"",""
ball,1,92.3,Somerset,JC Hildreth,PD Trego,NJ Dexter,4,0,,,,,,"",""
ball,1,92.4,Somerset,JC Hildreth,PD Trego,NJ Dexter,0,0,,,,,,"",""
ball,1,92.5,Somerset,JC Hildreth,PD Trego,NJ Dexter,1,0,,,,,,"",""
ball,1,92.6,Somerset,PD Trego,JC Hildreth,NJ Dexter,0,0,,,,,,"",""
ball,1,93.1,Somerset,JC Hildreth,PD Trego,GS Sandhu,0,0,,,,,,"",""
ball,1,93.2,Somerset,JC Hildreth,PD Trego,GS Sandhu,0,0,,,,,,"",""
ball,1,93.3,Somerset,JC Hildreth,PD Trego,GS Sandhu,1,0,,,,,,"",""
ball,1,93.4,Somerset,PD Trego,JC Hildreth,GS Sandhu,0,0,,,,,,"",""
ball,1,93.5,Somerset,PD Trego,JC Hildreth,GS Sandhu,4,0,,,,,,"",""
ball,1,93.6,Somerset,PD Trego,JC Hildreth,GS Sandhu,0,0,,,,,,"",""
ball,1,94.1,Somerset,JC Hildreth,PD Trego,NJ Dexter,0,0,,,,,,"",""
ball,1,94.2,Somerset,JC Hildreth,PD Trego,NJ Dexter,0,0,,,,,,"",""
ball,1,94.3,Somerset,JC Hildreth,PD Trego,NJ Dexter,0,0,,,,,,"",""
ball,1,94.4,Somerset,JC Hildreth,PD Trego,NJ Dexter,4,0,,,,,,"",""
ball,1,94.5,Somerset,JC Hildreth,PD Trego,NJ Dexter,0,0,,,,,,"",""
ball,1,94.6,Somerset,JC Hildreth,PD Trego,NJ Dexter,0,0,,,,,,"",""
ball,1,95.1,Somerset,PD Trego,JC Hildreth,GS Sandhu,0,0,,,,,,"",""
ball,1,95.2,Somerset,PD Trego,JC Hildreth,GS Sandhu,1,0,,,,,,"",""
ball,1,95.3,Somerset,JC Hildreth,PD Trego,GS Sandhu,1,0,,,,,,"",""
ball,1,95.4,Somerset,PD Trego,JC Hildreth,GS Sandhu,1,0,,,,,,"",""
ball,1,95.5,Somerset,JC Hildreth,PD Trego,GS Sandhu,0,0,,,,,,"",""
ball,1,95.6,Somerset,JC Hildreth,PD Trego,GS Sandhu,0,0,,,,,,"",""
ball,1,96.1,Somerset,PD Trego,JC Hildreth,TJ Murtagh,0,0,,,,,,"",""
ball,1,96.2,Somerset,PD Trego,JC Hildreth,TJ Murtagh,0,0,,,,,,"",""
ball,1,96.3,Somerset,PD Trego,JC Hildreth,TJ Murtagh,1,0,,,,,,"",""
ball,1,96.4,Somerset,JC Hildreth,PD Trego,TJ Murtagh,0,0,,,,,,"",""
ball,1,96.5,Somerset,JC Hildreth,PD Trego,TJ Murtagh,0,0,,,,,,"",""
ball,1,96.6,Somerset,JC Hildreth,PD Trego,TJ Murtagh,4,0,,,,,,"",""
ball,1,97.1,Somerset,PD Trego,JC Hildreth,TS Roland-Jones,0,0,,,,,,"",""
ball,1,97.2,Somerset,PD Trego,JC Hildreth,TS Roland-Jones,1,0,,,,,,"",""
ball,1,97.3,Somerset,JC Hildreth,PD Trego,TS Roland-Jones,0,0,,,,,,"",""
ball,1,97.4,Somerset,JC Hildreth,PD Trego,TS Roland-Jones,0,0,,,,,,"",""
ball,1,97.5,Somerset,JC Hildreth,PD Trego,TS Roland-Jones,0,0,,,,,,"",""
ball,1,97.6,Somerset,JC Hildreth,PD Trego,TS Roland-Jones,0,0,,,,,,"",""
ball,1,98.1,Somerset,PD Trego,JC Hildreth,TJ Murtagh,0,0,,,,,,"",""
ball,1,98.2,Somerset,PD Trego,JC Hildreth,TJ Murtagh,0,0,,,,,,"",""
ball,1,98.3,Somerset,PD Trego,JC Hildreth,TJ Murtagh,0,0,,,,,,"",""
ball,1,98.4,Somerset,PD Trego,JC Hildreth,TJ Murtagh,2,0,,,,,,"",""
ball,1,98.5,Somerset,PD Trego,JC Hildreth,TJ Murtagh,0,0,,,,,,"",""
ball,1,98.6,Somerset,PD Trego,JC Hildreth,TJ Murtagh,0,0,,,,,,"",""
ball,1,99.1,Somerset,JC Hildreth,PD Trego,TS Roland-Jones,0,0,,,,,,"",""
ball,1,99.2,Somerset,JC Hildreth,PD Trego,TS Roland-Jones,0,0,,,,,,"",""
ball,1,99.3,Somerset,JC Hildreth,PD Trego,TS Roland-Jones,0,0,,,,,,"",""
ball,1,99.4,Somerset,JC Hildreth,PD Trego,TS Roland-Jones,0,0,,,,,,"",""
ball,1,99.5,Somerset,JC Hildreth,PD Trego,TS Roland-Jones,0,0,,,,,,"",""
ball,1,99.6,Somerset,JC Hildreth,PD Trego,TS Roland-Jones,0,0,,,,,,"",""
ball,1,100.1,Somerset,PD Trego,JC Hildreth,TJ Murtagh,0,0,,,,,,"",""
ball,1,100.2,Somerset,PD Trego,JC Hildreth,TJ Murtagh,0,0,,,,,,"",""
ball,1,100.3,Somerset,PD Trego,JC Hildreth,TJ Murtagh,0,0,,,,,,"",""
ball,1,100.4,Somerset,PD Trego,JC Hildreth,TJ Murtagh,0,0,,,,,,"",""
ball,1,100.5,Somerset,PD Trego,JC Hildreth,TJ Murtagh,0,0,,,,,,"",""
ball,1,100.6,Somerset,PD Trego,JC Hildreth,TJ Murtagh,0,0,,,,,,"",""
ball,1,101.1,Somerset,JC Hildreth,PD Trego,TS Roland-Jones,0,0,,,,,,"",""
ball,1,101.2,Somerset,JC Hildreth,PD Trego,TS Roland-Jones,0,0,,,,,,"",""
ball,1,101.3,Somerset,JC Hildreth,PD Trego,TS Roland-Jones,1,0,,,,,,"",""
ball,1,101.4,Somerset,PD Trego,JC Hildreth,TS Roland-Jones,0,0,,,,,,"",""
ball,1,101.5,Somerset,PD Trego,JC Hildreth,TS Roland-Jones,1,0,,,,,,"",""
ball,1,101.6,Somerset,JC Hildreth,PD Trego,TS Roland-Jones,1,0,,,,,,"",""
ball,1,102.1,Somerset,JC Hildreth,PD Trego,TJ Murtagh,0,0,,,,,,"",""
ball,1,102.2,Somerset,JC Hildreth,PD Trego,TJ Murtagh,0,0,,,,,,"",""
ball,1,102.3,Somerset,JC Hildreth,PD Trego,TJ Murtagh,0,0,,,,,,"",""
ball,1,102.4,Somerset,JC Hildreth,PD Trego,TJ Murtagh,0,0,,,,,,"",""
ball,1,102.5,Somerset,JC Hildreth,PD Trego,TJ Murtagh,0,0,,,,,,"",""
ball,1,102.6,Somerset,JC Hildreth,PD Trego,TJ Murtagh,1,0,,,,,,"",""
ball,1,103.1,Somerset,JC Hildreth,PD Trego,TS Roland-Jones,0,0,,,,,,"",""
ball,1,103.2,Somerset,JC Hildreth,PD Trego,TS Roland-Jones,4,0,,,,,,"",""
ball,1,103.3,Somerset,JC Hildreth,PD Trego,TS Roland-Jones,0,0,,,,,,"",""
ball,1,103.4,Somerset,JC Hildreth,PD Trego,TS Roland-Jones,0,0,,,,,,"",""
ball,1,103.5,Somerset,JC Hildreth,PD Trego,TS Roland-Jones,0,0,,,,,,"",""
ball,1,103.6,Somerset,JC Hildreth,PD Trego,TS Roland-Jones,0,0,,,,,,"",""
ball,1,104.1,Somerset,PD Trego,JC Hildreth,TJ Murtagh,0,0,,,,,,"",""
ball,1,104.2,Somerset,PD Trego,JC Hildreth,TJ Murtagh,0,0,,,,,,"",""
ball,1,104.3,Somerset,PD Trego,JC Hildreth,TJ Murtagh,0,0,,,,,,"",""
ball,1,104.4,Somerset,PD Trego,JC Hildreth,TJ Murtagh,3,0,,,,,,"",""
ball,1,104.5,Somerset,JC Hildreth,PD Trego,TJ Murtagh,0,0,,,,,,"",""
ball,1,104.6,Somerset,JC Hildreth,PD Trego,TJ Murtagh,0,0,,,,,,"",""
ball,1,105.1,Somerset,PD Trego,JC Hildreth,TS Roland-Jones,1,0,,,,,,"",""
ball,1,105.2,Somerset,JC Hildreth,PD Trego,TS Roland-Jones,4,0,,,,,,"",""
ball,1,105.3,Somerset,JC Hildreth,PD Trego,TS Roland-Jones,0,0,,,,,,"",""
ball,1,105.4,Somerset,JC Hildreth,PD Trego,TS Roland-Jones,0,0,,,,,,"",""
ball,1,105.5,Somerset,JC Hildreth,PD Trego,TS Roland-Jones,2,0,,,,,,"",""
ball,1,105.6,Somerset,JC Hildreth,PD Trego,TS Roland-Jones,0,0,,,,,,"",""
ball,1,106.1,Somerset,PD Trego,JC Hildreth,TJ Murtagh,0,0,,,,,,"",""
ball,1,106.2,Somerset,PD Trego,JC Hildreth,TJ Murtagh,0,0,,,,,,"",""
ball,1,106.3,Somerset,PD Trego,JC Hildreth,TJ Murtagh,0,0,,,,,,"",""
ball,1,106.4,Somerset,PD Trego,JC Hildreth,TJ Murtagh,0,0,,,,,,"",""
ball,1,106.5,Somerset,PD Trego,JC Hildreth,TJ Murtagh,0,0,,,,,,"",""
ball,1,106.6,Somerset,PD Trego,JC Hildreth,TJ Murtagh,4,0,,,,,,"",""
ball,1,107.1,Somerset,JC Hildreth,PD Trego,GS Sandhu,0,0,,,,,,"",""
ball,1,107.2,Somerset,JC Hildreth,PD Trego,GS Sandhu,1,0,,,,,,"",""
ball,1,107.3,Somerset,PD Trego,JC Hildreth,GS Sandhu,0,0,,,,,,"",""
ball,1,107.4,Somerset,PD Trego,JC Hildreth,GS Sandhu,1,0,,,,,,"",""
ball,1,107.5,Somerset,JC Hildreth,PD Trego,GS Sandhu,0,0,,,,,,"",""
ball,1,107.6,Somerset,JC Hildreth,PD Trego,GS Sandhu,0,0,,,,,,"",""
ball,1,108.1,Somerset,PD Trego,JC Hildreth,TJ Murtagh,4,0,,,,,,"",""
ball,1,108.2,Somerset,PD Trego,JC Hildreth,TJ Murtagh,0,0,,,,,,"",""
ball,1,108.3,Somerset,PD Trego,JC Hildreth,TJ Murtagh,4,0,,,,,,"",""
ball,1,108.4,Somerset,PD Trego,JC Hildreth,TJ Murtagh,4,0,,,,,,"",""
ball,1,108.5,Somerset,PD Trego,JC Hildreth,TJ Murtagh,0,0,,,,,,"",""
ball,1,108.6,Somerset,PD Trego,JC Hildreth,TJ Murtagh,3,0,,,,,,"",""
ball,1,109.1,Somerset,PD Trego,JC Hildreth,GS Sandhu,0,0,,,,,,"",""
ball,1,109.2,Somerset,PD Trego,JC Hildreth,GS Sandhu,0,0,,,,,,"",""
ball,1,109.3,Somerset,PD Trego,JC Hildreth,GS Sandhu,2,0,,,,,,"",""
ball,1,109.4,Somerset,PD Trego,JC Hildreth,GS Sandhu,4,0,,,,,,"",""
ball,1,109.5,Somerset,PD Trego,JC Hildreth,GS Sandhu,1,0,,,,,,"",""
ball,1,109.6,Somerset,JC Hildreth,PD Trego,GS Sandhu,0,0,,,,,,"",""
ball,1,110.1,Somerset,PD Trego,JC Hildreth,OP Rayner,0,0,,,,,,"",""
ball,1,110.2,Somerset,PD Trego,JC Hildreth,OP Rayner,0,0,,,,,,"",""
ball,1,110.3,Somerset,PD Trego,JC Hildreth,OP Rayner,0,0,,,,,,"",""
ball,1,110.4,Somerset,PD Trego,JC Hildreth,OP Rayner,0,0,,,,,,"",""
ball,1,110.5,Somerset,PD Trego,JC Hildreth,OP Rayner,0,0,,,,,,"",""
ball,1,110.6,Somerset,PD Trego,JC Hildreth,OP Rayner,1,0,,,,,,"",""
ball,1,111.1,Somerset,PD Trego,JC Hildreth,GS Sandhu,0,0,,,,,,"",""
ball,1,111.2,Somerset,PD Trego,JC Hildreth,GS Sandhu,0,0,,,,,,"",""
ball,1,111.3,Somerset,PD Trego,JC Hildreth,GS Sandhu,0,0,,,,,,"",""
ball,1,111.4,Somerset,PD Trego,JC Hildreth,GS Sandhu,0,0,,,,,,"",""
ball,1,111.5,Somerset,PD Trego,JC Hildreth,GS Sandhu,1,0,,,,,,"",""
ball,1,111.6,Somerset,JC Hildreth,PD Trego,GS Sandhu,1,0,,,,,,"",""
ball,1,112.1,Somerset,JC Hildreth,PD Trego,OP Rayner,0,0,,,,,,"",""
ball,1,112.2,Somerset,JC Hildreth,PD Trego,OP Rayner,0,0,,,,,,"",""
ball,1,112.3,Somerset,JC Hildreth,PD Trego,OP Rayner,1,0,,,,,,"",""
ball,1,112.4,Somerset,PD Trego,JC Hildreth,OP Rayner,4,0,,,,,,"",""
ball,1,112.5,Somerset,PD Trego,JC Hildreth,OP Rayner,1,0,,,,,,"",""
ball,1,112.6,Somerset,JC Hildreth,PD Trego,OP Rayner,0,0,,,,,,"",""
ball,1,113.1,Somerset,PD Trego,JC Hildreth,GS Sandhu,0,0,,,,,,"",""
ball,1,113.2,Somerset,PD Trego,JC Hildreth,GS Sandhu,0,0,,,,,,"",""
ball,1,113.3,Somerset,PD Trego,JC Hildreth,GS Sandhu,1,0,,,,,,"",""
ball,1,113.4,Somerset,JC Hildreth,PD Trego,GS Sandhu,2,0,,,,,,"",""
ball,1,113.5,Somerset,JC Hildreth,PD Trego,GS Sandhu,0,0,,,,,,"",""
ball,1,113.6,Somerset,JC Hildreth,PD Trego,GS Sandhu,0,0,,,,,,"",""
ball,1,114.1,Somerset,PD Trego,JC Hildreth,OP Rayner,0,0,,,,,,"",""
ball,1,114.2,Somerset,PD Trego,JC Hildreth,OP Rayner,0,0,,,,,,"",""
ball,1,114.3,Somerset,PD Trego,JC Hildreth,OP Rayner,0,0,,,,,,"",""
ball,1,114.4,Somerset,PD Trego,JC Hildreth,OP Rayner,1,0,,,,,,"",""
ball,1,114.5,Somerset,JC Hildreth,PD Trego,OP Rayner,0,0,,,,,,"",""
ball,1,114.6,Somerset,JC Hildreth,PD Trego,OP Rayner,0,0,,,,,,"",""
ball,1,115.1,Somerset,PD Trego,JC Hildreth,GS Sandhu,0,0,,,,,,"",""
ball,1,115.2,Somerset,PD Trego,JC Hildreth,GS Sandhu,0,0,,,,,,"",""
ball,1,115.3,Somerset,PD Trego,JC Hildreth,GS Sandhu,0,0,,,,,,"",""
ball,1,115.4,Somerset,PD Trego,JC Hildreth,GS Sandhu,1,0,,,,,,"",""
ball,1,115.5,Somerset,JC Hildreth,PD Trego,GS Sandhu,0,0,,,,,,"",""
ball,1,115.6,Somerset,JC Hildreth,PD Trego,GS Sandhu,1,0,,,,,,"",""
ball,1,116.1,Somerset,JC Hildreth,PD Trego,OP Rayner,1,0,,,,,,"",""
ball,1,116.2,Somerset,PD Trego,JC Hildreth,OP Rayner,0,0,,,,,,"",""
ball,1,116.3,Somerset,PD Trego,JC Hildreth,OP Rayner,1,0,,,,,,"",""
ball,1,116.4,Somerset,JC Hildreth,PD Trego,OP Rayner,0,0,,,,,,"",""
ball,1,116.5,Somerset,JC Hildreth,PD Trego,OP Rayner,0,0,,,,,,"",""
ball,1,116.6,Somerset,JC Hildreth,PD Trego,OP Rayner,2,0,,,,,,"",""
ball,1,117.1,Somerset,PD Trego,JC Hildreth,JL Denly,0,0,,,,,,"",""
ball,1,117.2,Somerset,PD Trego,JC Hildreth,JL Denly,1,0,,,,,,"",""
ball,1,117.3,Somerset,JC Hildreth,PD Trego,JL Denly,1,0,,,,,,"",""
ball,1,117.4,Somerset,PD Trego,JC Hildreth,JL Denly,0,0,,,,,,"",""
ball,1,117.5,Somerset,PD Trego,JC Hildreth,JL Denly,1,0,,,,,,"",""
ball,1,117.6,Somerset,JC Hildreth,PD Trego,JL Denly,0,0,,,,,,"",""
ball,1,118.1,Somerset,PD Trego,JC Hildreth,OP Rayner,0,0,,,,,,"",""
ball,1,118.2,Somerset,PD Trego,JC Hildreth,OP Rayner,4,0,,,,,,"",""
ball,1,118.3,Somerset,PD Trego,JC Hildreth,OP Rayner,1,0,,,,,,"",""
ball,1,118.4,Somerset,JC Hildreth,PD Trego,OP Rayner,0,0,,,,,,"",""
ball,1,118.5,Somerset,JC Hildreth,PD Trego,OP Rayner,0,0,,,,,,"",""
ball,1,118.6,Somerset,JC Hildreth,PD Trego,OP Rayner,0,0,,,,,,"",""
ball,1,119.1,Somerset,PD Trego,JC Hildreth,JL Denly,4,0,,,,,,"",""
ball,1,119.2,Somerset,PD Trego,JC Hildreth,JL Denly,0,0,,,,,,"",""
ball,1,119.3,Somerset,PD Trego,JC Hildreth,JL Denly,0,0,,,,,,"",""
ball,1,119.4,Somerset,PD Trego,JC Hildreth,JL Denly,0,0,,,,,,"",""
ball,1,119.5,Somerset,PD Trego,JC Hildreth,JL Denly,1,0,,,,,,"",""
ball,1,119.6,Somerset,JC Hildreth,PD Trego,JL Denly,0,0,,,,,,"",""
ball,1,120.1,Somerset,PD Trego,JC Hildreth,OP Rayner,1,0,,,,,,"",""
ball,1,120.2,Somerset,JC Hildreth,PD Trego,OP Rayner,0,0,,,,,,"",""
ball,1,120.3,Somerset,JC Hildreth,PD Trego,OP Rayner,0,0,,,,,,"",""
ball,1,120.4,Somerset,JC Hildreth,PD Trego,OP Rayner,0,0,,,,,,"",""
ball,1,120.5,Somerset,JC Hildreth,PD Trego,OP Rayner,0,0,,,,,,"",""
ball,1,120.6,Somerset,JC Hildreth,PD Trego,OP Rayner,1,0,,,,,,"",""
ball,1,121.1,Somerset,JC Hildreth,PD Trego,JL Denly,0,0,,,,,,"",""
ball,1,121.2,Somerset,JC Hildreth,PD Trego,JL Denly,0,0,,,,,,"",""
ball,1,121.3,Somerset,JC Hildreth,PD Trego,JL Denly,0,0,,,,,,"",""
ball,1,121.4,Somerset,JC Hildreth,PD Trego,JL Denly,0,4,,,,4,,"",""
ball,1,121.5,Somerset,JC Hildreth,PD Trego,JL Denly,0,0,,,,,,"",""
ball,1,121.6,Somerset,JC Hildreth,PD Trego,JL Denly,1,0,,,,,,"",""
ball,1,122.1,Somerset,JC Hildreth,PD Trego,OP Rayner,0,0,,,,,,"",""
ball,1,122.2,Somerset,JC Hildreth,PD Trego,OP Rayner,0,0,,,,,,"",""
ball,1,122.3,Somerset,JC Hildreth,PD Trego,OP Rayner,0,0,,,,,,"",""
ball,1,122.4,Somerset,JC Hildreth,PD Trego,OP Rayner,0,0,,,,,,"",""
ball,1,122.5,Somerset,JC Hildreth,PD Trego,OP Rayner,0,0,,,,,,"",""
ball,1,122.6,Somerset,JC Hildreth,PD Trego,OP Rayner,1,0,,,,,,"",""
ball,1,123.1,Somerset,JC Hildreth,PD Trego,JL Denly,3,0,,,,,,"",""
ball,1,123.2,Somerset,PD Trego,JC Hildreth,JL Denly,1,0,,,,,,"",""
ball,1,123.3,Somerset,JC Hildreth,PD Trego,JL Denly,0,0,,,,,,"",""
ball,1,123.4,Somerset,JC Hildreth,PD Trego,JL Denly,0,0,,,,,,"",""
ball,1,123.5,Somerset,JC Hildreth,PD Trego,JL Denly,1,0,,,,,,"",""
ball,1,123.6,Somerset,PD Trego,JC Hildreth,JL Denly,4,0,,,,,,"",""
ball,1,124.1,Somerset,JC Hildreth,PD Trego,OP Rayner,0,0,,,,,,"",""
ball,1,124.2,Somerset,JC Hildreth,PD Trego,OP Rayner,0,0,,,,,,"",""
ball,1,124.3,Somerset,JC Hildreth,PD Trego,OP Rayner,0,0,,,,,,"",""
ball,1,124.4,Somerset,JC Hildreth,PD Trego,OP Rayner,0,0,,,,,,"",""
ball,1,124.5,Somerset,JC Hildreth,PD Trego,OP Rayner,0,0,,,,,,"",""
ball,1,124.6,Somerset,JC Hildreth,PD Trego,OP Rayner,4,0,,,,,,"",""
ball,1,125.1,Somerset,PD Trego,JC Hildreth,DJ Malan,0,0,,,,,,caught,PD Trego
ball,1,125.2,Somerset,C Overton,JC Hildreth,DJ Malan,0,0,,,,,,"",""
ball,1,125.3,Somerset,C Overton,JC Hildreth,DJ Malan,1,0,,,,,,"",""
ball,1,125.4,Somerset,JC Hildreth,C Overton,DJ Malan,0,0,,,,,,"",""
ball,1,125.5,Somerset,JC Hildreth,C Overton,DJ Malan,0,0,,,,,,"",""
ball,1,125.6,Somerset,JC Hildreth,C Overton,DJ Malan,0,0,,,,,,"",""
ball,1,126.1,Somerset,C Overton,JC Hildreth,OP Rayner,4,0,,,,,,"",""
ball,1,126.2,Somerset,C Overton,JC Hildreth,OP Rayner,0,0,,,,,,"",""
ball,1,126.3,Somerset,C Overton,JC Hildreth,OP Rayner,0,0,,,,,,"",""
ball,1,126.4,Somerset,C Overton,JC Hildreth,OP Rayner,4,0,,,,,,"",""
ball,1,126.5,Somerset,C Overton,JC Hildreth,OP Rayner,0,0,,,,,,"",""
ball,1,126.6,Somerset,C Overton,JC Hildreth,OP Rayner,0,0,,,,,,"",""
ball,1,127.1,Somerset,JC Hildreth,C Overton,DJ Malan,0,0,,,,,,"",""
ball,1,127.2,Somerset,JC Hildreth,C Overton,DJ Malan,4,0,,,,,,"",""
ball,1,127.3,Somerset,JC Hildreth,C Overton,DJ Malan,0,0,,,,,,"",""
ball,1,127.4,Somerset,JC Hildreth,C Overton,DJ Malan,0,0,,,,,,"",""
ball,1,127.5,Somerset,JC Hildreth,C Overton,DJ Malan,0,0,,,,,,"",""
ball,1,127.6,Somerset,JC Hildreth,C Overton,DJ Malan,0,0,,,,,,"",""
ball,1,128.1,Somerset,C Overton,JC Hildreth,OP Rayner,0,0,,,,,,"",""
ball,1,128.2,Somerset,C Overton,JC Hildreth,OP Rayner,0,0,,,,,,"",""
ball,1,128.3,Somerset,C Overton,JC Hildreth,OP Rayner,0,0,,,,,,"",""
ball,1,128.4,Somerset,C Overton,JC Hildreth,OP Rayner,0,1,,,,1,,"",""
ball,1,128.5,Somerset,JC Hildreth,C Overton,OP Rayner,0,0,,,,,,"",""
ball,1,128.6,Somerset,JC Hildreth,C Overton,OP Rayner,1,0,,,,,,"",""
ball,1,129.1,Somerset,JC Hildreth,C Overton,DJ Malan,0,0,,,,,,"",""
ball,1,129.2,Somerset,JC Hildreth,C Overton,DJ Malan,0,0,,,,,,"",""
ball,1,129.3,Somerset,JC Hildreth,C Overton,DJ Malan,0,0,,,,,,"",""
ball,1,129.4,Somerset,JC Hildreth,C Overton,DJ Malan,1,0,,,,,,"",""
ball,1,129.5,Somerset,C Overton,JC Hildreth,DJ Malan,0,0,,,,,,"",""
ball,1,129.6,Somerset,C Overton,JC Hildreth,DJ Malan,0,0,,,,,,"",""
ball,1,130.1,Somerset,JC Hildreth,C Overton,OP Rayner,0,0,,,,,,"",""
ball,1,130.2,Somerset,JC Hildreth,C Overton,OP Rayner,0,0,,,,,,"",""
ball,1,130.3,Somerset,JC Hildreth,C Overton,OP Rayner,0,0,,,,,,"",""
ball,1,130.4,Somerset,JC Hildreth,C Overton,OP Rayner,1,0,,,,,,"",""
ball,1,130.5,Somerset,C Overton,JC Hildreth,OP Rayner,0,0,,,,,,"",""
ball,1,130.6,Somerset,C Overton,JC Hildreth,OP Rayner,0,0,,,,,,"",""
ball,1,131.1,Somerset,JC Hildreth,C Overton,GS Sandhu,0,1,,,1,,,"",""
ball,1,131.2,Somerset,C Overton,JC Hildreth,GS Sandhu,1,0,,,,,,"",""
ball,1,131.3,Somerset,JC Hildreth,C Overton,GS Sandhu,0,0,,,,,,"",""
ball,1,131.4,Somerset,JC Hildreth,C Overton,GS Sandhu,0,0,,,,,,"",""
ball,1,131.5,Somerset,JC Hildreth,C Overton,GS Sandhu,0,0,,,,,,"",""
ball,1,131.6,Somerset,JC Hildreth,C Overton,GS Sandhu,1,0,,,,,,"",""
ball,1,132.1,Somerset,JC Hildreth,C Overton,OP Rayner,1,0,,,,,,"",""
ball,1,132.2,Somerset,C Overton,JC Hildreth,OP Rayner,1,0,,,,,,"",""
ball,1,132.3,Somerset,JC Hildreth,C Overton,OP Rayner,0,0,,,,,,"",""
ball,1,132.4,Somerset,JC Hildreth,C Overton,OP Rayner,1,0,,,,,,"",""
ball,1,132.5,Somerset,C Overton,JC Hildreth,OP Rayner,0,0,,,,,,"",""
ball,1,132.6,Somerset,C Overton,JC Hildreth,OP Rayner,0,0,,,,,,"",""
ball,1,133.1,Somerset,JC Hildreth,C Overton,GS Sandhu,0,0,,,,,,"",""
ball,1,133.2,Somerset,JC Hildreth,C Overton,GS Sandhu,0,0,,,,,,"",""
ball,1,133.3,Somerset,JC Hildreth,C Overton,GS Sandhu,0,0,,,,,,"",""
ball,1,133.4,Somerset,JC Hildreth,C Overton,GS Sandhu,0,0,,,,,,"",""
ball,1,133.5,Somerset,JC Hildreth,C Overton,GS Sandhu,0,0,,,,,,"",""
ball,1,133.6,Somerset,JC Hildreth,C Overton,GS Sandhu,0,0,,,,,,"",""
ball,1,134.1,Somerset,C Overton,JC Hildreth,OP Rayner,0,0,,,,,,"",""
ball,1,134.2,Somerset,C Overton,JC Hildreth,OP Rayner,0,0,,,,,,"",""
ball,1,134.3,Somerset,C Overton,JC Hildreth,OP Rayner,0,0,,,,,,"",""
ball,1,134.4,Somerset,C Overton,JC Hildreth,OP Rayner,6,0,,,,,,"",""
ball,1,134.5,Somerset,C Overton,JC Hildreth,OP Rayner,1,0,,,,,,"",""
ball,1,134.6,Somerset,JC Hildreth,C Overton,OP Rayner,1,0,,,,,,"",""
ball,1,135.1,Somerset,JC Hildreth,C Overton,GS Sandhu,1,0,,,,,,"",""
ball,1,135.2,Somerset,C Overton,JC Hildreth,GS Sandhu,0,0,,,,,,"",""
ball,1,135.3,Somerset,C Overton,JC Hildreth,GS Sandhu,4,0,,,,,,"",""
ball,1,135.4,Somerset,C Overton,JC Hildreth,GS Sandhu,0,0,,,,,,"",""
ball,1,135.5,Somerset,C Overton,JC Hildreth,GS Sandhu,0,0,,,,,,"",""
ball,1,135.6,Somerset,C Overton,JC Hildreth,GS Sandhu,4,0,,,,,,"",""
ball,1,136.1,Somerset,JC Hildreth,C Overton,OP Rayner,2,0,,,,,,"",""
ball,1,136.2,Somerset,JC Hildreth,C Overton,OP Rayner,0,0,,,,,,"",""
ball,1,136.3,Somerset,JC Hildreth,C Overton,OP Rayner,1,0,,,,,,"",""
ball,1,136.4,Somerset,C Overton,JC Hildreth,OP Rayner,0,0,,,,,,"",""
ball,1,136.5,Somerset,C Overton,JC Hildreth,OP Rayner,0,0,,,,,,"",""
ball,1,136.6,Somerset,C Overton,JC Hildreth,OP Rayner,0,0,,,,,,"",""
ball,1,137.1,Somerset,JC Hildreth,C Overton,GS Sandhu,0,0,,,,,,"",""
ball,1,137.2,Somerset,JC Hildreth,C Overton,GS Sandhu,1,0,,,,,,"",""
ball,1,137.3,Somerset,C Overton,JC Hildreth,GS Sandhu,0,0,,,,,,"",""
ball,1,137.4,Somerset,C Overton,JC Hildreth,GS Sandhu,2,0,,,,,,"",""
ball,1,137.5,Somerset,C Overton,JC Hildreth,GS Sandhu,0,0,,,,,,"",""
ball,1,137.6,Somerset,C Overton,JC Hildreth,GS Sandhu,4,0,,,,,,"",""
ball,1,138.1,Somerset,JC Hildreth,C Overton,OP Rayner,1,0,,,,,,"",""
ball,1,138.2,Somerset,C Overton,JC Hildreth,OP Rayner,0,0,,,,,,"",""
ball,1,138.3,Somerset,C Overton,JC Hildreth,OP Rayner,0,4,,,4,,,"",""
ball,1,138.4,Somerset,C Overton,JC Hildreth,OP Rayner,0,0,,,,,,"",""
ball,1,138.5,Somerset,C Overton,JC Hildreth,OP Rayner,0,0,,,,,,"",""
ball,1,138.6,Somerset,C Overton,JC Hildreth,OP Rayner,1,0,,,,,,"",""
ball,1,139.1,Somerset,C Overton,JC Hildreth,GS Sandhu,1,0,,,,,,"",""
ball,1,139.2,Somerset,JC Hildreth,C Overton,GS Sandhu,0,0,,,,,,"",""
ball,1,139.3,Somerset,JC Hildreth,C Overton,GS Sandhu,2,0,,,,,,"",""
ball,1,139.4,Somerset,JC Hildreth,C Overton,GS Sandhu,4,0,,,,,,"",""
ball,1,139.5,Somerset,JC Hildreth,C Overton,GS Sandhu,0,0,,,,,,"",""
ball,1,139.6,Somerset,JC Hildreth,C Overton,GS Sandhu,0,0,,,,,,"",""
ball,1,140.1,Somerset,C Overton,JC Hildreth,OP Rayner,1,0,,,,,,"",""
ball,1,140.2,Somerset,JC Hildreth,C Overton,OP Rayner,0,0,,,,,,"",""
ball,1,140.3,Somerset,JC Hildreth,C Overton,OP Rayner,0,0,,,,,,"",""
ball,1,140.4,Somerset,JC Hildreth,C Overton,OP Rayner,1,0,,,,,,"",""
ball,1,140.5,Somerset,C Overton,JC Hildreth,OP Rayner,0,0,,,,,,"",""
ball,1,140.6,Somerset,C Overton,JC Hildreth,OP Rayner,1,0,,,,,,"",""
ball,1,141.1,Somerset,C Overton,JC Hildreth,TS Roland-Jones,0,0,,,,,,"",""
ball,1,141.2,Somerset,C Overton,JC Hildreth,TS Roland-Jones,0,0,,,,,,"",""
ball,1,141.3,Somerset,C Overton,JC Hildreth,TS Roland-Jones,1,0,,,,,,"",""
ball,1,141.4,Somerset,JC Hildreth,C Overton,TS Roland-Jones,0,0,,,,,,"",""
ball,1,141.5,Somerset,JC Hildreth,C Overton,TS Roland-Jones,0,0,,,,,,"",""
ball,1,141.6,Somerset,JC Hildreth,C Overton,TS Roland-Jones,1,0,,,,,,"",""
ball,1,142.1,Somerset,JC Hildreth,C Overton,OP Rayner,2,0,,,,,,"",""
ball,1,142.2,Somerset,JC Hildreth,C Overton,OP Rayner,0,0,,,,,,"",""
ball,1,142.3,Somerset,JC Hildreth,C Overton,OP Rayner,4,0,,,,,,"",""
ball,1,142.4,Somerset,JC Hildreth,C Overton,OP Rayner,0,0,,,,,,"",""
ball,1,142.5,Somerset,JC Hildreth,C Overton,OP Rayner,0,0,,,,,,"",""
ball,1,142.6,Somerset,JC Hildreth,C Overton,OP Rayner,1,0,,,,,,"",""
ball,1,143.1,Somerset,JC Hildreth,C Overton,TS Roland-Jones,2,0,,,,,,"",""
ball,1,143.2,Somerset,JC Hildreth,C Overton,TS Roland-Jones,1,0,,,,,,"",""
ball,1,143.3,Somerset,C Overton,JC Hildreth,TS Roland-Jones,0,0,,,,,,"",""
ball,1,143.4,Somerset,C Overton,JC Hildreth,TS Roland-Jones,0,0,,,,,,"",""
ball,1,143.5,Somerset,C Overton,JC Hildreth,TS Roland-Jones,0,0,,,,,,"",""
ball,1,143.6,Somerset,C Overton,JC Hildreth,TS Roland-Jones,0,0,,,,,,"",""
ball,1,144.1,Somerset,JC Hildreth,C Overton,OP Rayner,0,0,,,,,,"",""
ball,1,144.2,Somerset,JC Hildreth,C Overton,OP Rayner,0,0,,,,,,"",""
ball,1,144.3,Somerset,JC Hildreth,C Overton,OP Rayner,4,0,,,,,,"",""
ball,1,144.4,Somerset,JC Hildreth,C Overton,OP Rayner,0,0,,,,,,"",""
ball,1,144.5,Somerset,JC Hildreth,C Overton,OP Rayner,4,0,,,,,,"",""
ball,1,144.6,Somerset,JC Hildreth,C Overton,OP Rayner,0,0,,,,,,"",""
ball,1,145.1,Somerset,C Overton,JC Hildreth,TS Roland-Jones,2,0,,,,,,"",""
ball,1,145.2,Somerset,C Overton,JC Hildreth,TS Roland-Jones,0,0,,,,,,"",""
ball,1,145.3,Somerset,C Overton,JC Hildreth,TS Roland-Jones,0,0,,,,,,"",""
ball,1,145.4,Somerset,C Overton,JC Hildreth,TS Roland-Jones,2,0,,,,,,"",""
ball,1,145.5,Somerset,C Overton,JC Hildreth,TS Roland-Jones,0,0,,,,,,"",""
ball,1,145.6,Somerset,C Overton,JC Hildreth,TS Roland-Jones,0,1,,,,1,,"",""
ball,1,146.1,Somerset,C Overton,JC Hildreth,TJ Murtagh,1,0,,,,,,"",""
ball,1,146.2,Somerset,JC Hildreth,C Overton,TJ Murtagh,2,0,,,,,,"",""
ball,1,146.3,Somerset,JC Hildreth,C Overton,TJ Murtagh,0,0,,,,,,"",""
ball,1,146.4,Somerset,JC Hildreth,C Overton,TJ Murtagh,1,0,,,,,,"",""
ball,1,146.5,Somerset,C Overton,JC Hildreth,TJ Murtagh,1,0,,,,,,"",""
ball,1,146.6,Somerset,JC Hildreth,C Overton,TJ Murtagh,1,0,,,,,,"",""
ball,1,147.1,Somerset,JC Hildreth,C Overton,TS Roland-Jones,0,0,,,,,,"",""
ball,1,147.2,Somerset,JC Hildreth,C Overton,TS Roland-Jones,4,0,,,,,,"",""
ball,1,147.3,Somerset,JC Hildreth,C Overton,TS Roland-Jones,1,0,,,,,,"",""
ball,1,147.4,Somerset,C Overton,JC Hildreth,TS Roland-Jones,0,0,,,,,,"",""
ball,1,147.5,Somerset,C Overton,JC Hildreth,TS Roland-Jones,0,0,,,,,,"",""
ball,1,147.6,Somerset,C Overton,JC Hildreth,TS Roland-Jones,1,0,,,,,,"",""
ball,1,148.1,Somerset,C Overton,JC Hildreth,TJ Murtagh,1,0,,,,,,"",""
ball,1,148.2,Somerset,JC Hildreth,C Overton,TJ Murtagh,1,0,,,,,,"",""
ball,1,148.3,Somerset,C Overton,JC Hildreth,TJ Murtagh,0,0,,,,,,"",""
ball,1,148.4,Somerset,C Overton,JC Hildreth,TJ Murtagh,0,0,,,,,,"",""
ball,1,148.5,Somerset,C Overton,JC Hildreth,TJ Murtagh,0,0,,,,,,"",""
ball,1,148.6,Somerset,C Overton,JC Hildreth,TJ Murtagh,1,0,,,,,,"",""
ball,1,149.1,Somerset,C Overton,JC Hildreth,NJ Dexter,0,0,,,,,,"",""
ball,1,149.2,Somerset,C Overton,JC Hildreth,NJ Dexter,0,0,,,,,,"",""
ball,1,149.3,Somerset,C Overton,JC Hildreth,NJ Dexter,0,0,,,,,,"",""
ball,1,149.4,Somerset,C Overton,JC Hildreth,NJ Dexter,1,0,,,,,,"",""
ball,1,149.5,Somerset,JC Hildreth,C Overton,NJ Dexter,4,0,,,,,,"",""
ball,1,149.6,Somerset,JC Hildreth,C Overton,NJ Dexter,0,0,,,,,,"",""
ball,1,150.1,Somerset,C Overton,JC Hildreth,TJ Murtagh,1,0,,,,,,"",""
ball,1,150.2,Somerset,JC Hildreth,C Overton,TJ Murtagh,0,0,,,,,,"",""
ball,1,150.3,Somerset,JC Hildreth,C Overton,TJ Murtagh,1,0,,,,,,"",""
ball,1,150.4,Somerset,C Overton,JC Hildreth,TJ Murtagh,0,0,,,,,,"",""
ball,1,150.5,Somerset,C Overton,JC Hildreth,TJ Murtagh,0,0,,,,,,"",""
ball,1,150.6,Somerset,C Overton,JC Hildreth,TJ Murtagh,0,0,,,,,,"",""
ball,1,151.1,Somerset,JC Hildreth,C Overton,NJ Dexter,0,0,,,,,,"",""
ball,1,151.2,Somerset,JC Hildreth,C Overton,NJ Dexter,0,0,,,,,,"",""
ball,1,151.3,Somerset,JC Hildreth,C Overton,NJ Dexter,1,0,,,,,,"",""
ball,1,151.4,Somerset,C Overton,JC Hildreth,NJ Dexter,0,0,,,,,,"",""
ball,1,151.5,Somerset,C Overton,JC Hildreth,NJ Dexter,4,2,,2,,,,"",""
ball,1,151.6,Somerset,C Overton,JC Hildreth,NJ Dexter,2,0,,,,,,"",""
ball,1,151.7,Somerset,C Overton,JC Hildreth,NJ Dexter,4,0,,,,,,"",""
ball,1,152.1,Somerset,JC Hildreth,C Overton,TJ Murtagh,0,0,,,,,,"",""
ball,1,152.2,Somerset,JC Hildreth,C Overton,TJ Murtagh,1,0,,,,,,"",""
ball,1,152.3,Somerset,C Overton,JC Hildreth,TJ Murtagh,1,0,,,,,,"",""
ball,1,152.4,Somerset,JC Hildreth,C Overton,TJ Murtagh,1,0,,,,,,"",""
ball,1,152.5,Somerset,C Overton,JC Hildreth,TJ Murtagh,0,0,,,,,,"",""
ball,1,152.6,Somerset,C Overton,JC Hildreth,TJ Murtagh,1,0,,,,,,"",""
ball,1,153.1,Somerset,C Overton,JC Hildreth,JL Denly,0,0,,,,,,"",""
ball,1,153.2,Somerset,C Overton,JC Hildreth,JL Denly,0,0,,,,,,"",""
ball,1,153.3,Somerset,C Overton,JC Hildreth,JL Denly,0,1,,,,1,,"",""
ball,1,153.4,Somerset,JC Hildreth,C Overton,JL Denly,4,0,,,,,,"",""
ball,1,153.5,Somerset,JC Hildreth,C Overton,JL Denly,4,0,,,,,,"",""
ball,1,153.6,Somerset,JC Hildreth,C Overton,JL Denly,0,0,,,,,,"",""
ball,1,154.1,Somerset,C Overton,JC Hildreth,OP Rayner,1,0,,,,,,"",""
ball,1,154.2,Somerset,JC Hildreth,C Overton,OP Rayner,1,0,,,,,,"",""
ball,1,154.3,Somerset,C Overton,JC Hildreth,OP Rayner,0,0,,,,,,"",""
ball,1,154.4,Somerset,C Overton,JC Hildreth,OP Rayner,1,0,,,,,,"",""
ball,1,154.5,Somerset,JC Hildreth,C Overton,OP Rayner,0,0,,,,,,"",""
ball,1,154.6,Somerset,JC Hildreth,C Overton,OP Rayner,0,0,,,,,,"",""
ball,1,155.1,Somerset,C Overton,JC Hildreth,JL Denly,0,0,,,,,,"",""
ball,1,155.2,Somerset,C Overton,JC Hildreth,JL Denly,1,0,,,,,,"",""
ball,1,155.3,Somerset,JC Hildreth,C Overton,JL Denly,1,0,,,,,,"",""
ball,1,155.4,Somerset,C Overton,JC Hildreth,JL Denly,0,0,,,,,,"",""
ball,1,155.5,Somerset,C Overton,JC Hildreth,JL Denly,0,0,,,,,,lbw,C Overton
ball,1,155.6,Somerset,TD Groenewald,JC Hildreth,JL Denly,0,0,,,,,,"",""
ball,1,156.1,Somerset,JC Hildreth,TD Groenewald,OP Rayner,1,0,,,,,,"",""
ball,1,156.2,Somerset,TD Groenewald,JC Hildreth,OP Rayner,0,0,,,,,,"",""
ball,1,156.3,Somerset,TD Groenewald,JC Hildreth,OP Rayner,0,0,,,,,,"",""
ball,1,156.4,Somerset,TD Groenewald,JC Hildreth,OP Rayner,0,0,,,,,,"",""
ball,1,156.5,Somerset,TD Groenewald,JC Hildreth,OP Rayner,0,0,,,,,,"",""
ball,1,156.6,Somerset,TD Groenewald,JC Hildreth,OP Rayner,0,0,,,,,,"",""
ball,1,157.1,Somerset,JC Hildreth,TD Groenewald,JL Denly,0,0,,,,,,"",""
ball,1,157.2,Somerset,JC Hildreth,TD Groenewald,JL Denly,0,0,,,,,,"",""
ball,1,157.3,Somerset,JC Hildreth,TD Groenewald,JL Denly,0,0,,,,,,"",""
ball,1,157.4,Somerset,JC Hildreth,TD Groenewald,JL Denly,1,0,,,,,,"",""
ball,1,157.5,Somerset,TD Groenewald,JC Hildreth,JL Denly,1,0,,,,,,"",""
ball,1,157.6,Somerset,JC Hildreth,TD Groenewald,JL Denly,1,0,,,,,,"",""
ball,1,158.1,Somerset,JC Hildreth,TD Groenewald,OP Rayner,0,0,,,,,,"",""
ball,1,158.2,Somerset,JC Hildreth,TD Groenewald,OP Rayner,0,0,,,,,,caught,JC Hildreth
ball,1,158.3,Somerset,AC Thomas,TD Groenewald,OP Rayner,2,0,,,,,,"",""
ball,1,158.4,Somerset,AC Thomas,TD Groenewald,OP Rayner,0,0,,,,,,"",""
ball,1,158.5,Somerset,AC Thomas,TD Groenewald,OP Rayner,0,0,,,,,,"",""
ball,1,158.6,Somerset,AC Thomas,TD Groenewald,OP Rayner,0,0,,,,,,"",""
ball,1,159.1,Somerset,TD Groenewald,AC Thomas,JL Denly,0,0,,,,,,"",""
ball,1,159.2,Somerset,TD Groenewald,AC Thomas,JL Denly,0,0,,,,,,caught,TD Groenewald
ball,2,0.1,Middlesex,CJL Rogers,SD Robson,AC Thomas,0,0,,,,,,"",""
ball,2,0.2,Middlesex,CJL Rogers,SD Robson,AC Thomas,0,0,,,,,,"",""
ball,2,0.3,Middlesex,CJL Rogers,SD Robson,AC Thomas,1,0,,,,,,"",""
ball,2,0.4,Middlesex,SD Robson,CJL Rogers,AC Thomas,0,0,,,,,,"",""
ball,2,0.5,Middlesex,SD Robson,CJL Rogers,AC Thomas,4,0,,,,,,"",""
ball,2,0.6,Middlesex,SD Robson,CJL Rogers,AC Thomas,1,0,,,,,,"",""
ball,2,1.1,Middlesex,SD Robson,CJL Rogers,PD Trego,0,0,,,,,,"",""
ball,2,1.2,Middlesex,SD Robson,CJL Rogers,PD Trego,1,2,,2,,,,"",""
ball,2,1.3,Middlesex,CJL Rogers,SD Robson,PD Trego,0,0,,,,,,"",""
ball,2,1.4,Middlesex,CJL Rogers,SD Robson,PD Trego,0,0,,,,,,"",""
ball,2,1.5,Middlesex,CJL Rogers,SD Robson,PD Trego,0,0,,,,,,caught,CJL Rogers
ball,2,1.6,Middlesex,DJ Malan,SD Robson,PD Trego,0,0,,,,,,"",""
ball,2,1.7,Middlesex,DJ Malan,SD Robson,PD Trego,0,0,,,,,,"",""
ball,2,2.1,Middlesex,SD Robson,DJ Malan,AC Thomas,0,0,,,,,,"",""
ball,2,2.2,Middlesex,SD Robson,DJ Malan,AC Thomas,0,0,,,,,,"",""
ball,2,2.3,Middlesex,SD Robson,DJ Malan,AC Thomas,0,0,,,,,,"",""
ball,2,2.4,Middlesex,SD Robson,DJ Malan,AC Thomas,0,0,,,,,,caught,SD Robson
ball,2,2.5,Middlesex,JL Denly,DJ Malan,AC Thomas,1,0,,,,,,"",""
ball,2,2.6,Middlesex,DJ Malan,JL Denly,AC Thomas,1,0,,,,,,"",""
ball,2,3.1,Middlesex,DJ Malan,JL Denly,PD Trego,0,0,,,,,,"",""
ball,2,3.2,Middlesex,DJ Malan,JL Denly,PD Trego,0,0,,,,,,"",""
ball,2,3.3,Middlesex,DJ Malan,JL Denly,PD Trego,0,0,,,,,,"",""
ball,2,3.4,Middlesex,DJ Malan,JL Denly,PD Trego,0,0,,,,,,lbw,DJ Malan
ball,2,3.5,Middlesex,EJG Morgan,JL Denly,PD Trego,0,0,,,,,,"",""
ball,2,3.6,Middlesex,EJG Morgan,JL Denly,PD Trego,0,0,,,,,,"",""
ball,2,4.1,Middlesex,JL Denly,EJG Morgan,AC Thomas,0,0,,,,,,"",""
ball,2,4.2,Middlesex,JL Denly,EJG Morgan,AC Thomas,0,0,,,,,,"",""
ball,2,4.3,Middlesex,JL Denly,EJG Morgan,AC Thomas,0,0,,,,,,"",""
ball,2,4.4,Middlesex,JL Denly,EJG Morgan,AC Thomas,0,0,,,,,,"",""
ball,2,4.5,Middlesex,JL Denly,EJG Morgan,AC Thomas,0,0,,,,,,"",""
ball,2,4.6,Middlesex,JL Denly,EJG Morgan,AC Thomas,0,0,,,,,,caught,JL Denly
ball,2,5.1,Middlesex,EJG Morgan,NJ Dexter,PD Trego,0,0,,,,,,"",""
ball,2,5.2,Middlesex,EJG Morgan,NJ Dexter,PD Trego,0,0,,,,,,"",""
ball,2,5.3,Middlesex,EJG Morgan,NJ Dexter,PD Trego,0,0,,,,,,"",""
ball,2,5.4,Middlesex,EJG Morgan,NJ Dexter,PD Trego,0,0,,,,,,"",""
ball,2,5.5,Middlesex,EJG Morgan,NJ Dexter,PD Trego,0,0,,,,,,"",""
ball,2,5.6,Middlesex,EJG Morgan,NJ Dexter,PD Trego,0,0,,,,,,"",""
ball,2,6.1,Middlesex,NJ Dexter,EJG Morgan,AC Thomas,0,0,,,,,,"",""
ball,2,6.2,Middlesex,NJ Dexter,EJG Morgan,AC Thomas,0,0,,,,,,"",""
ball,2,6.3,Middlesex,NJ Dexter,EJG Morgan,AC Thomas,0,0,,,,,,"",""
ball,2,6.4,Middlesex,NJ Dexter,EJG Morgan,AC Thomas,0,0,,,,,,"",""
ball,2,6.5,Middlesex,NJ Dexter,EJG Morgan,AC Thomas,0,0,,,,,,"",""
ball,2,6.6,Middlesex,NJ Dexter,EJG Morgan,AC Thomas,0,0,,,,,,"",""
ball,2,7.1,Middlesex,EJG Morgan,NJ Dexter,PD Trego,0,0,,,,,,"",""
ball,2,7.2,Middlesex,EJG Morgan,NJ Dexter,PD Trego,0,0,,,,,,"",""
ball,2,7.3,Middlesex,EJG Morgan,NJ Dexter,PD Trego,0,0,,,,,,"",""
ball,2,7.4,Middlesex,EJG Morgan,NJ Dexter,PD Trego,0,0,,,,,,"",""
ball,2,7.5,Middlesex,EJG Morgan,NJ Dexter,PD Trego,0,0,,,,,,"",""
ball,2,7.6,Middlesex,EJG Morgan,NJ Dexter,PD Trego,0,0,,,,,,"",""
ball,2,8.1,Middlesex,NJ Dexter,EJG Morgan,AC Thomas,1,0,,,,,,"",""
ball,2,8.2,Middlesex,EJG Morgan,NJ Dexter,AC Thomas,0,0,,,,,,"",""
ball,2,8.3,Middlesex,EJG Morgan,NJ Dexter,AC Thomas,0,0,,,,,,"",""
ball,2,8.4,Middlesex,EJG Morgan,NJ Dexter,AC Thomas,0,0,,,,,,"",""
ball,2,8.5,Middlesex,EJG Morgan,NJ Dexter,AC Thomas,1,0,,,,,,"",""
ball,2,8.6,Middlesex,NJ Dexter,EJG Morgan,AC Thomas,0,0,,,,,,"",""
ball,2,9.1,Middlesex,EJG Morgan,NJ Dexter,PD Trego,0,0,,,,,,"",""
ball,2,9.2,Middlesex,EJG Morgan,NJ Dexter,PD Trego,4,0,,,,,,"",""
ball,2,9.3,Middlesex,EJG Morgan,NJ Dexter,PD Trego,0,0,,,,,,"",""
ball,2,9.4,Middlesex,EJG Morgan,NJ Dexter,PD Trego,0,0,,,,,,"",""
ball,2,9.5,Middlesex,EJG Morgan,NJ Dexter,PD Trego,0,0,,,,,,"",""
ball,2,9.6,Middlesex,EJG Morgan,NJ Dexter,PD Trego,0,0,,,,,,"",""
ball,2,10.1,Middlesex,NJ Dexter,EJG Morgan,AC Thomas,0,0,,,,,,"",""
ball,2,10.2,Middlesex,NJ Dexter,EJG Morgan,AC Thomas,4,0,,,,,,"",""
ball,2,10.3,Middlesex,NJ Dexter,EJG Morgan,AC Thomas,0,0,,,,,,"",""
ball,2,10.4,Middlesex,NJ Dexter,EJG Morgan,AC Thomas,0,0,,,,,,"",""
ball,2,10.5,Middlesex,NJ Dexter,EJG Morgan,AC Thomas,0,0,,,,,,"",""
ball,2,10.6,Middlesex,NJ Dexter,EJG Morgan,AC Thomas,0,0,,,,,,"",""
ball,2,11.1,Middlesex,EJG Morgan,NJ Dexter,PD Trego,4,0,,,,,,"",""
ball,2,11.2,Middlesex,EJG Morgan,NJ Dexter,PD Trego,0,0,,,,,,"",""
ball,2,11.3,Middlesex,EJG Morgan,NJ Dexter,PD Trego,4,0,,,,,,"",""
ball,2,11.4,Middlesex,EJG Morgan,NJ Dexter,PD Trego,0,0,,,,,,"",""
ball,2,11.5,Middlesex,EJG Morgan,NJ Dexter,PD Trego,2,0,,,,,,"",""
ball,2,11.6,Middlesex,EJG Morgan,NJ Dexter,PD Trego,0,0,,,,,,"",""
ball,2,12.1,Middlesex,NJ Dexter,EJG Morgan,AC Thomas,0,0,,,,,,"",""
ball,2,12.2,Middlesex,NJ Dexter,EJG Morgan,AC Thomas,0,0,,,,,,"",""
ball,2,12.3,Middlesex,NJ Dexter,EJG Morgan,AC Thomas,0,0,,,,,,"",""
ball,2,12.4,Middlesex,NJ Dexter,EJG Morgan,AC Thomas,0,0,,,,,,"",""
ball,2,12.5,Middlesex,NJ Dexter,EJG Morgan,AC Thomas,0,0,,,,,,"",""
ball,2,12.6,Middlesex,NJ Dexter,EJG Morgan,AC Thomas,0,0,,,,,,"",""
ball,2,13.1,Middlesex,EJG Morgan,NJ Dexter,TD Groenewald,4,0,,,,,,"",""
ball,2,13.2,Middlesex,EJG Morgan,NJ Dexter,TD Groenewald,0,0,,,,,,"",""
ball,2,13.3,Middlesex,EJG Morgan,NJ Dexter,TD Groenewald,0,0,,,,,,"",""
ball,2,13.4,Middlesex,EJG Morgan,NJ Dexter,TD Groenewald,0,0,,,,,,"",""
ball,2,13.5,Middlesex,EJG Morgan,NJ Dexter,TD Groenewald,0,0,,,,,,"",""
ball,2,13.6,Middlesex,EJG Morgan,NJ Dexter,TD Groenewald,0,0,,,,,,"",""
ball,2,14.1,Middlesex,NJ Dexter,EJG Morgan,C Overton,0,0,,,,,,"",""
ball,2,14.2,Middlesex,NJ Dexter,EJG Morgan,C Overton,1,0,,,,,,"",""
ball,2,14.3,Middlesex,EJG Morgan,NJ Dexter,C Overton,0,0,,,,,,"",""
ball,2,14.4,Middlesex,EJG Morgan,NJ Dexter,C Overton,0,0,,,,,,"",""
ball,2,14.5,Middlesex,EJG Morgan,NJ Dexter,C Overton,4,0,,,,,,"",""
ball,2,14.6,Middlesex,EJG Morgan,NJ Dexter,C Overton,0,0,,,,,,"",""
ball,2,15.1,Middlesex,NJ Dexter,EJG Morgan,TD Groenewald,0,0,,,,,,"",""
ball,2,15.2,Middlesex,NJ Dexter,EJG Morgan,TD Groenewald,0,0,,,,,,"",""
ball,2,15.3,Middlesex,NJ Dexter,EJG Morgan,TD Groenewald,0,0,,,,,,"",""
ball,2,15.4,Middlesex,NJ Dexter,EJG Morgan,TD Groenewald,0,0,,,,,,"",""
ball,2,15.5,Middlesex,NJ Dexter,EJG Morgan,TD Groenewald,0,0,,,,,,"",""
ball,2,15.6,Middlesex,NJ Dexter,EJG Morgan,TD Groenewald,0,0,,,,,,"",""
ball,2,16.1,Middlesex,EJG Morgan,NJ Dexter,C Overton,0,0,,,,,,"",""
ball,2,16.2,Middlesex,EJG Morgan,NJ Dexter,C Overton,0,1,,,1,,,"",""
ball,2,16.3,Middlesex,NJ Dexter,EJG Morgan,C Overton,0,0,,,,,,"",""
ball,2,16.4,Middlesex,NJ Dexter,EJG Morgan,C Overton,0,0,,,,,,"",""
ball,2,16.5,Middlesex,NJ Dexter,EJG Morgan,C Overton,0,0,,,,,,"",""
ball,2,16.6,Middlesex,NJ Dexter,EJG Morgan,C Overton,2,0,,,,,,"",""
ball,2,17.1,Middlesex,EJG Morgan,NJ Dexter,TD Groenewald,3,0,,,,,,"",""
ball,2,17.2,Middlesex,NJ Dexter,EJG Morgan,TD Groenewald,0,0,,,,,,"",""
ball,2,17.3,Middlesex,NJ Dexter,EJG Morgan,TD Groenewald,0,0,,,,,,"",""
ball,2,17.4,Middlesex,NJ Dexter,EJG Morgan,TD Groenewald,0,0,,,,,,"",""
ball,2,17.5,Middlesex,NJ Dexter,EJG Morgan,TD Groenewald,3,0,,,,,,"",""
ball,2,17.6,Middlesex,EJG Morgan,NJ Dexter,TD Groenewald,0,0,,,,,,"",""
ball,2,18.1,Middlesex,NJ Dexter,EJG Morgan,C Overton,0,0,,,,,,"",""
ball,2,18.2,Middlesex,NJ Dexter,EJG Morgan,C Overton,1,0,,,,,,"",""
ball,2,18.3,Middlesex,EJG Morgan,NJ Dexter,C Overton,0,0,,,,,,"",""
ball,2,18.4,Middlesex,EJG Morgan,NJ Dexter,C Overton,0,0,,,,,,"",""
ball,2,18.5,Middlesex,EJG Morgan,NJ Dexter,C Overton,0,0,,,,,,"",""
ball,2,18.6,Middlesex,EJG Morgan,NJ Dexter,C Overton,1,0,,,,,,"",""
ball,2,19.1,Middlesex,EJG Morgan,NJ Dexter,TD Groenewald,0,0,,,,,,"",""
ball,2,19.2,Middlesex,EJG Morgan,NJ Dexter,TD Groenewald,0,0,,,,,,"",""
ball,2,19.3,Middlesex,EJG Morgan,NJ Dexter,TD Groenewald,2,0,,,,,,"",""
ball,2,19.4,Middlesex,EJG Morgan,NJ Dexter,TD Groenewald,0,0,,,,,,"",""
ball,2,19.5,Middlesex,EJG Morgan,NJ Dexter,TD Groenewald,0,0,,,,,,"",""
ball,2,19.6,Middlesex,EJG Morgan,NJ Dexter,TD Groenewald,0,0,,,,,,"",""
ball,2,20.1,Middlesex,NJ Dexter,EJG Morgan,C Overton,0,0,,,,,,"",""
ball,2,20.2,Middlesex,NJ Dexter,EJG Morgan,C Overton,0,0,,,,,,"",""
ball,2,20.3,Middlesex,NJ Dexter,EJG Morgan,C Overton,0,0,,,,,,"",""
ball,2,20.4,Middlesex,NJ Dexter,EJG Morgan,C Overton,0,1,,,1,,,"",""
ball,2,20.5,Middlesex,EJG Morgan,NJ Dexter,C Overton,0,0,,,,,,"",""
ball,2,20.6,Middlesex,EJG Morgan,NJ Dexter,C Overton,0,0,,,,,,"",""
ball,2,21.1,Middlesex,NJ Dexter,EJG Morgan,MJ Leach,0,0,,,,,,"",""
ball,2,21.2,Middlesex,NJ Dexter,EJG Morgan,MJ Leach,2,0,,,,,,"",""
ball,2,21.3,Middlesex,NJ Dexter,EJG Morgan,MJ Leach,0,0,,,,,,caught,NJ Dexter
ball,2,21.4,Middlesex,JA Simpson,EJG Morgan,MJ Leach,0,0,,,,,,"",""
ball,2,21.5,Middlesex,JA Simpson,EJG Morgan,MJ Leach,0,0,,,,,,"",""
ball,2,21.6,Middlesex,JA Simpson,EJG Morgan,MJ Leach,0,0,,,,,,caught,JA Simpson
ball,2,22.1,Middlesex,EJG Morgan,OP Rayner,C Overton,0,0,,,,,,"",""
ball,2,22.2,Middlesex,EJG Morgan,OP Rayner,C Overton,4,0,,,,,,"",""
ball,2,22.3,Middlesex,EJG Morgan,OP Rayner,C Overton,0,0,,,,,,"",""
ball,2,22.4,Middlesex,EJG Morgan,OP Rayner,C Overton,0,0,,,,,,"",""
ball,2,22.5,Middlesex,EJG Morgan,OP Rayner,C Overton,0,0,,,,,,"",""
ball,2,22.6,Middlesex,EJG Morgan,OP Rayner,C Overton,0,0,,,,,,"",""
ball,2,23.1,Middlesex,OP Rayner,EJG Morgan,MJ Leach,0,0,,,,,,"",""
ball,2,23.2,Middlesex,OP Rayner,EJG Morgan,MJ Leach,0,0,,,,,,"",""
ball,2,23.3,Middlesex,OP Rayner,EJG Morgan,MJ Leach,0,0,,,,,,"",""
ball,2,23.4,Middlesex,OP Rayner,EJG Morgan,MJ Leach,0,0,,,,,,"",""
ball,2,23.5,Middlesex,OP Rayner,EJG Morgan,MJ Leach,0,0,,,,,,"",""
ball,2,23.6,Middlesex,OP Rayner,EJG Morgan,MJ Leach,0,0,,,,,,"",""
ball,2,24.1,Middlesex,EJG Morgan,OP Rayner,C Overton,1,0,,,,,,"",""
ball,2,24.2,Middlesex,OP Rayner,EJG Morgan,C Overton,0,0,,,,,,"",""
ball,2,24.3,Middlesex,OP Rayner,EJG Morgan,C Overton,0,0,,,,,,"",""
ball,2,24.4,Middlesex,OP Rayner,EJG Morgan,C Overton,0,0,,,,,,"",""
ball,2,24.5,Middlesex,OP Rayner,EJG Morgan,JG Myburgh,0,0,,,,,,"",""
ball,2,24.6,Middlesex,OP Rayner,EJG Morgan,JG Myburgh,0,0,,,,,,bowled,OP Rayner
ball,2,25.1,Middlesex,EJG Morgan,TS Roland-Jones,MJ Leach,1,0,,,,,,"",""
ball,2,25.2,Middlesex,TS Roland-Jones,EJG Morgan,MJ Leach,0,0,,,,,,"",""
ball,2,25.3,Middlesex,TS Roland-Jones,EJG Morgan,MJ Leach,0,0,,,,,,"",""
ball,2,25.4,Middlesex,TS Roland-Jones,EJG Morgan,MJ Leach,0,0,,,,,,"",""
ball,2,25.5,Middlesex,TS Roland-Jones,EJG Morgan,MJ Leach,0,0,,,,,,"",""
ball,2,25.6,Middlesex,TS Roland-Jones,EJG Morgan,MJ Leach,0,0,,,,,,"",""
ball,2,26.1,Middlesex,EJG Morgan,TS Roland-Jones,JG Myburgh,1,0,,,,,,"",""
ball,2,26.2,Middlesex,TS Roland-Jones,EJG Morgan,JG Myburgh,0,0,,,,,,"",""
ball,2,26.3,Middlesex,TS Roland-Jones,EJG Morgan,JG Myburgh,0,0,,,,,,"",""
ball,2,26.4,Middlesex,TS Roland-Jones,EJG Morgan,JG Myburgh,0,0,,,,,,"",""
ball,2,26.5,Middlesex,TS Roland-Jones,EJG Morgan,JG Myburgh,0,0,,,,,,"",""
ball,2,26.6,Middlesex,TS Roland-Jones,EJG Morgan,JG Myburgh,1,0,,,,,,"",""
ball,2,27.1,Middlesex,TS Roland-Jones,EJG Morgan,MJ Leach,0,0,,,,,,"",""
ball,2,27.2,Middlesex,TS Roland-Jones,EJG Morgan,MJ Leach,0,0,,,,,,"",""
ball,2,27.3,Middlesex,TS Roland-Jones,EJG Morgan,MJ Leach,0,0,,,,,,"",""
ball,2,27.4,Middlesex,TS Roland-Jones,EJG Morgan,MJ Leach,0,0,,,,,,"",""
ball,2,27.5,Middlesex,TS Roland-Jones,EJG Morgan,MJ Leach,0,0,,,,,,"",""
ball,2,27.6,Middlesex,TS Roland-Jones,EJG Morgan,MJ Leach,0,0,,,,,,"",""
ball,2,28.1,Middlesex,EJG Morgan,TS Roland-Jones,JG Myburgh,0,0,,,,,,"",""
ball,2,28.2,Middlesex,EJG Morgan,TS Roland-Jones,JG Myburgh,0,0,,,,,,"",""
ball,2,28.3,Middlesex,EJG Morgan,TS Roland-Jones,JG Myburgh,0,0,,,,,,"",""
ball,2,28.4,Middlesex,EJG Morgan,TS Roland-Jones,JG Myburgh,0,0,,,,,,"",""
ball,2,28.5,Middlesex,EJG Morgan,TS Roland-Jones,JG Myburgh,0,0,,,,,,"",""
ball,2,28.6,Middlesex,EJG Morgan,TS Roland-Jones,JG Myburgh,0,0,,,,,,"",""
ball,2,29.1,Middlesex,TS Roland-Jones,EJG Morgan,MJ Leach,0,0,,,,,,"",""
ball,2,29.2,Middlesex,TS Roland-Jones,EJG Morgan,MJ Leach,0,0,,,,,,"",""
ball,2,29.3,Middlesex,TS Roland-Jones,EJG Morgan,MJ Leach,0,0,,,,,,"",""
ball,2,29.4,Middlesex,TS Roland-Jones,EJG Morgan,MJ Leach,0,0,,,,,,"",""
ball,2,29.5,Middlesex,TS Roland-Jones,EJG Morgan,MJ Leach,0,0,,,,,,"",""
ball,2,29.6,Middlesex,TS Roland-Jones,EJG Morgan,MJ Leach,0,0,,,,,,"",""
ball,2,30.1,Middlesex,EJG Morgan,TS Roland-Jones,TD Groenewald,0,0,,,,,,"",""
ball,2,30.2,Middlesex,EJG Morgan,TS Roland-Jones,TD Groenewald,0,0,,,,,,"",""
ball,2,30.3,Middlesex,EJG Morgan,TS Roland-Jones,TD Groenewald,0,0,,,,,,"",""
ball,2,30.4,Middlesex,EJG Morgan,TS Roland-Jones,TD Groenewald,0,0,,,,,,"",""
ball,2,30.5,Middlesex,EJG Morgan,TS Roland-Jones,TD Groenewald,0,0,,,,,,"",""
ball,2,30.6,Middlesex,EJG Morgan,TS Roland-Jones,TD Groenewald,0,0,,,,,,"",""
ball,2,31.1,Middlesex,TS Roland-Jones,EJG Morgan,MJ Leach,0,0,,,,,,"",""
ball,2,31.2,Middlesex,TS Roland-Jones,EJG Morgan,MJ Leach,0,0,,,,,,"",""
ball,2,31.3,Middlesex,TS Roland-Jones,EJG Morgan,MJ Leach,0,0,,,,,,"",""
ball,2,31.4,Middlesex,TS Roland-Jones,EJG Morgan,MJ Leach,0,0,,,,,,"",""
ball,2,31.5,Middlesex,TS Roland-Jones,EJG Morgan,MJ Leach,0,0,,,,,,"",""
ball,2,31.6,Middlesex,TS Roland-Jones,EJG Morgan,MJ Leach,0,0,,,,,,"",""
ball,2,32.1,Middlesex,EJG Morgan,TS Roland-Jones,AC Thomas,0,0,,,,,,"",""
ball,2,32.2,Middlesex,EJG Morgan,TS Roland-Jones,AC Thomas,0,0,,,,,,"",""
ball,2,32.3,Middlesex,EJG Morgan,TS Roland-Jones,AC Thomas,0,0,,,,,,"",""
ball,2,32.4,Middlesex,EJG Morgan,TS Roland-Jones,AC Thomas,0,0,,,,,,"",""
ball,2,32.5,Middlesex,EJG Morgan,TS Roland-Jones,AC Thomas,0,0,,,,,,"",""
ball,2,32.6,Middlesex,EJG Morgan,TS Roland-Jones,AC Thomas,0,0,,,,,,"",""
ball,2,33.1,Middlesex,TS Roland-Jones,EJG Morgan,PD Trego,0,0,,,,,,"",""
ball,2,33.2,Middlesex,TS Roland-Jones,EJG Morgan,PD Trego,0,0,,,,,,"",""
ball,2,33.3,Middlesex,TS Roland-Jones,EJG Morgan,PD Trego,0,0,,,,,,"",""
ball,2,33.4,Middlesex,TS Roland-Jones,EJG Morgan,PD Trego,1,0,,,,,,"",""
ball,2,33.5,Middlesex,EJG Morgan,TS Roland-Jones,PD Trego,0,0,,,,,,"",""
ball,2,33.6,Middlesex,EJG Morgan,TS Roland-Jones,PD Trego,0,0,,,,,,"",""
ball,2,34.1,Middlesex,TS Roland-Jones,EJG Morgan,AC Thomas,0,0,,,,,,"",""
ball,2,34.2,Middlesex,TS Roland-Jones,EJG Morgan,AC Thomas,0,0,,,,,,"",""
ball,2,34.3,Middlesex,TS Roland-Jones,EJG Morgan,AC Thomas,0,0,,,,,,"",""
ball,2,34.4,Middlesex,TS Roland-Jones,EJG Morgan,AC Thomas,0,0,,,,,,"",""
ball,2,34.5,Middlesex,TS Roland-Jones,EJG Morgan,AC Thomas,0,0,,,,,,"",""
ball,2,34.6,Middlesex,TS Roland-Jones,EJG Morgan,AC Thomas,1,0,,,,,,"",""
ball,2,35.1,Middlesex,TS Roland-Jones,EJG Morgan,PD Trego,0,0,,,,,,"",""
ball,2,35.2,Middlesex,TS Roland-Jones,EJG Morgan,PD Trego,0,0,,,,,,"",""
ball,2,35.3,Middlesex,TS Roland-Jones,EJG Morgan,PD Trego,0,0,,,,,,"",""
ball,2,35.4,Middlesex,TS Roland-Jones,EJG Morgan,PD Trego,4,0,,,,,,"",""
ball,2,35.5,Middlesex,TS Roland-Jones,EJG Morgan,PD Trego,0,0,,,,,,"",""
ball,2,35.6,Middlesex,TS Roland-Jones,EJG Morgan,PD Trego,0,2,,2,,,,"",""
ball,2,35.7,Middlesex,TS Roland-Jones,EJG Morgan,PD Trego,0,0,,,,,,"",""
ball,2,36.1,Middlesex,EJG Morgan,TS Roland-Jones,AC Thomas,0,0,,,,,,"",""
ball,2,36.2,Middlesex,EJG Morgan,TS Roland-Jones,AC Thomas,1,0,,,,,,"",""
ball,2,36.3,Middlesex,TS Roland-Jones,EJG Morgan,AC Thomas,0,0,,,,,,"",""
ball,2,36.4,Middlesex,TS Roland-Jones,EJG Morgan,AC Thomas,0,0,,,,,,"",""
ball,2,36.5,Middlesex,TS Roland-Jones,EJG Morgan,AC Thomas,0,0,,,,,,"",""
ball,2,36.6,Middlesex,TS Roland-Jones,EJG Morgan,AC Thomas,1,0,,,,,,"",""
ball,2,37.1,Middlesex,TS Roland-Jones,EJG Morgan,PD Trego,0,0,,,,,,"",""
ball,2,37.2,Middlesex,TS Roland-Jones,EJG Morgan,PD Trego,0,0,,,,,,"",""
ball,2,37.3,Middlesex,TS Roland-Jones,EJG Morgan,PD Trego,0,0,,,,,,"",""
ball,2,37.4,Middlesex,TS Roland-Jones,EJG Morgan,PD Trego,1,0,,,,,,"",""
ball,2,37.5,Middlesex,EJG Morgan,TS Roland-Jones,PD Trego,0,0,,,,,,"",""
ball,2,37.6,Middlesex,EJG Morgan,TS Roland-Jones,PD Trego,0,0,,,,,,"",""
ball,2,38.1,Middlesex,TS Roland-Jones,EJG Morgan,AC Thomas,0,1,,,,1,,"",""
ball,2,38.2,Middlesex,EJG Morgan,TS Roland-Jones,AC Thomas,0,0,,,,,,"",""
ball,2,38.3,Middlesex,EJG Morgan,TS Roland-Jones,AC Thomas,0,0,,,,,,"",""
ball,2,38.4,Middlesex,EJG Morgan,TS Roland-Jones,AC Thomas,0,0,,,,,,"",""
ball,2,38.5,Middlesex,EJG Morgan,TS Roland-Jones,AC Thomas,0,0,,,,,,"",""
ball,2,38.6,Middlesex,EJG Morgan,TS Roland-Jones,AC Thomas,4,0,,,,,,"",""
ball,2,39.1,Middlesex,TS Roland-Jones,EJG Morgan,C Overton,0,0,,,,,,"",""
ball,2,39.2,Middlesex,TS Roland-Jones,EJG Morgan,C Overton,0,0,,,,,,"",""
ball,2,39.3,Middlesex,TS Roland-Jones,EJG Morgan,C Overton,4,0,,,,,,"",""
ball,2,39.4,Middlesex,TS Roland-Jones,EJG Morgan,C Overton,0,0,,,,,,"",""
ball,2,39.5,Middlesex,TS Roland-Jones,EJG Morgan,C Overton,0,0,,,,,,"",""
ball,2,39.6,Middlesex,TS Roland-Jones,EJG Morgan,C Overton,4,0,,,,,,"",""
ball,2,40.1,Middlesex,EJG Morgan,TS Roland-Jones,AC Thomas,0,0,,,,,,"",""
ball,2,40.2,Middlesex,EJG Morgan,TS Roland-Jones,AC Thomas,1,0,,,,,,"",""
ball,2,40.3,Middlesex,TS Roland-Jones,EJG Morgan,AC Thomas,4,0,,,,,,"",""
ball,2,40.4,Middlesex,TS Roland-Jones,EJG Morgan,AC Thomas,0,0,,,,,,"",""
ball,2,40.5,Middlesex,TS Roland-Jones,EJG Morgan,AC Thomas,0,0,,,,,,"",""
ball,2,40.6,Middlesex,TS Roland-Jones,EJG Morgan,AC Thomas,0,0,,,,,,"",""
ball,2,41.1,Middlesex,EJG Morgan,TS Roland-Jones,C Overton,0,0,,,,,,"",""
ball,2,41.2,Middlesex,EJG Morgan,TS Roland-Jones,C Overton,0,0,,,,,,"",""
ball,2,41.3,Middlesex,EJG Morgan,TS Roland-Jones,C Overton,0,0,,,,,,"",""
ball,2,41.4,Middlesex,EJG Morgan,TS Roland-Jones,C Overton,0,0,,,,,,"",""
ball,2,41.5,Middlesex,EJG Morgan,TS Roland-Jones,C Overton,0,0,,,,,,"",""
ball,2,41.6,Middlesex,EJG Morgan,TS Roland-Jones,C Overton,0,0,,,,,,"",""
ball,2,42.1,Middlesex,TS Roland-Jones,EJG Morgan,AC Thomas,0,0,,,,,,"",""
ball,2,42.2,Middlesex,TS Roland-Jones,EJG Morgan,AC Thomas,1,0,,,,,,"",""
ball,2,42.3,Middlesex,EJG Morgan,TS Roland-Jones,AC Thomas,4,0,,,,,,"",""
ball,2,42.4,Middlesex,EJG Morgan,TS Roland-Jones,AC Thomas,0,0,,,,,,"",""
ball,2,42.5,Middlesex,EJG Morgan,TS Roland-Jones,AC Thomas,0,0,,,,,,"",""
ball,2,42.6,Middlesex,EJG Morgan,TS Roland-Jones,AC Thomas,0,0,,,,,,"",""
ball,2,43.1,Middlesex,TS Roland-Jones,EJG Morgan,TD Groenewald,0,0,,,,,,"",""
ball,2,43.2,Middlesex,TS Roland-Jones,EJG Morgan,TD Groenewald,4,0,,,,,,"",""
ball,2,43.3,Middlesex,TS Roland-Jones,EJG Morgan,TD Groenewald,0,0,,,,,,"",""
ball,2,43.4,Middlesex,TS Roland-Jones,EJG Morgan,TD Groenewald,0,0,,,,,,"",""
ball,2,43.5,Middlesex,TS Roland-Jones,EJG Morgan,TD Groenewald,0,0,,,,,,"",""
ball,2,43.6,Middlesex,TS Roland-Jones,EJG Morgan,TD Groenewald,0,0,,,,,,"",""
ball,2,44.1,Middlesex,EJG Morgan,TS Roland-Jones,C Overton,0,0,,,,,,"",""
ball,2,44.2,Middlesex,EJG Morgan,TS Roland-Jones,C Overton,0,0,,,,,,"",""
ball,2,44.3,Middlesex,EJG Morgan,TS Roland-Jones,C Overton,0,0,,,,,,"",""
ball,2,44.4,Middlesex,EJG Morgan,TS Roland-Jones,C Overton,0,0,,,,,,"",""
ball,2,44.5,Middlesex,EJG Morgan,TS Roland-Jones,C Overton,4,0,,,,,,"",""
ball,2,44.6,Middlesex,EJG Morgan,TS Roland-Jones,C Overton,0,0,,,,,,"",""
ball,2,45.1,Middlesex,TS Roland-Jones,EJG Morgan,TD Groenewald,1,0,,,,,,"",""
ball,2,45.2,Middlesex,EJG Morgan,TS Roland-Jones,TD Groenewald,0,0,,,,,,"",""
ball,2,45.3,Middlesex,EJG Morgan,TS Roland-Jones,TD Groenewald,0,0,,,,,,"",""
ball,2,45.4,Middlesex,EJG Morgan,TS Roland-Jones,TD Groenewald,0,0,,,,,,"",""
ball,2,45.5,Middlesex,EJG Morgan,TS Roland-Jones,TD Groenewald,0,0,,,,,,"",""
ball,2,45.6,Middlesex,EJG Morgan,TS Roland-Jones,TD Groenewald,0,0,,,,,,"",""
ball,2,46.1,Middlesex,TS Roland-Jones,EJG Morgan,C Overton,0,0,,,,,,"",""
ball,2,46.2,Middlesex,TS Roland-Jones,EJG Morgan,C Overton,4,0,,,,,,"",""
ball,2,46.3,Middlesex,TS Roland-Jones,EJG Morgan,C Overton,3,0,,,,,,"",""
ball,2,46.4,Middlesex,EJG Morgan,TS Roland-Jones,C Overton,0,0,,,,,,"",""
ball,2,46.5,Middlesex,EJG Morgan,TS Roland-Jones,C Overton,0,0,,,,,,"",""
ball,2,46.6,Middlesex,EJG Morgan,TS Roland-Jones,C Overton,0,0,,,,,,"",""
ball,2,47.1,Middlesex,TS Roland-Jones,EJG Morgan,TD Groenewald,0,0,,,,,,"",""
ball,2,47.2,Middlesex,TS Roland-Jones,EJG Morgan,TD Groenewald,0,0,,,,,,"",""
ball,2,47.3,Middlesex,TS Roland-Jones,EJG Morgan,TD Groenewald,0,0,,,,,,"",""
ball,2,47.4,Middlesex,TS Roland-Jones,EJG Morgan,TD Groenewald,0,0,,,,,,"",""
ball,2,47.5,Middlesex,TS Roland-Jones,EJG Morgan,TD Groenewald,1,0,,,,,,"",""
ball,2,47.6,Middlesex,EJG Morgan,TS Roland-Jones,TD Groenewald,0,0,,,,,,"",""
ball,2,48.1,Middlesex,TS Roland-Jones,EJG Morgan,C Overton,1,0,,,,,,"",""
ball,2,48.2,Middlesex,EJG Morgan,TS Roland-Jones,C Overton,0,0,,,,,,"",""
ball,2,48.3,Middlesex,EJG Morgan,TS Roland-Jones,C Overton,0,0,,,,,,"",""
ball,2,48.4,Middlesex,EJG Morgan,TS Roland-Jones,C Overton,4,0,,,,,,"",""
ball,2,48.5,Middlesex,EJG Morgan,TS Roland-Jones,C Overton,4,0,,,,,,"",""
ball,2,48.6,Middlesex,EJG Morgan,TS Roland-Jones,C Overton,0,0,,,,,,"",""
ball,2,49.1,Middlesex,TS Roland-Jones,EJG Morgan,MJ Leach,0,0,,,,,,"",""
ball,2,49.2,Middlesex,TS Roland-Jones,EJG Morgan,MJ Leach,0,0,,,,,,"",""
ball,2,49.3,Middlesex,TS Roland-Jones,EJG Morgan,MJ Leach,0,0,,,,,,"",""
ball,2,49.4,Middlesex,TS Roland-Jones,EJG Morgan,MJ Leach,1,0,,,,,,"",""
ball,2,49.5,Middlesex,EJG Morgan,TS Roland-Jones,MJ Leach,0,0,,,,,,"",""
ball,2,49.6,Middlesex,EJG Morgan,TS Roland-Jones,MJ Leach,4,0,,,,,,"",""
ball,2,50.1,Middlesex,TS Roland-Jones,EJG Morgan,TD Groenewald,0,0,,,,,,"",""
ball,2,50.2,Middlesex,TS Roland-Jones,EJG Morgan,TD Groenewald,0,0,,,,,,"",""
ball,2,50.3,Middlesex,TS Roland-Jones,EJG Morgan,TD Groenewald,0,0,,,,,,"",""
ball,2,50.4,Middlesex,TS Roland-Jones,EJG Morgan,TD Groenewald,0,0,,,,,,"",""
ball,2,50.5,Middlesex,TS Roland-Jones,EJG Morgan,TD Groenewald,4,0,,,,,,"",""
ball,2,50.6,Middlesex,TS Roland-Jones,EJG Morgan,TD Groenewald,4,0,,,,,,"",""
ball,2,51.1,Middlesex,EJG Morgan,TS Roland-Jones,MJ Leach,0,0,,,,,,"",""
ball,2,51.2,Middlesex,EJG Morgan,TS Roland-Jones,MJ Leach,1,0,,,,,,"",""
ball,2,51.3,Middlesex,TS Roland-Jones,EJG Morgan,MJ Leach,1,0,,,,,,"",""
ball,2,51.4,Middlesex,EJG Morgan,TS Roland-Jones,MJ Leach,0,0,,,,,,"",""
ball,2,51.5,Middlesex,EJG Morgan,TS Roland-Jones,MJ Leach,0,0,,,,,,"",""
ball,2,51.6,Middlesex,EJG Morgan,TS Roland-Jones,MJ Leach,1,0,,,,,,"",""
ball,2,52.1,Middlesex,EJG Morgan,TS Roland-Jones,TD Groenewald,0,0,,,,,,"",""
ball,2,52.2,Middlesex,EJG Morgan,TS Roland-Jones,TD Groenewald,0,0,,,,,,"",""
ball,2,52.3,Middlesex,EJG Morgan,TS Roland-Jones,TD Groenewald,4,0,,,,,,"",""
ball,2,52.4,Middlesex,EJG Morgan,TS Roland-Jones,TD Groenewald,0,0,,,,,,"",""
ball,2,52.5,Middlesex,EJG Morgan,TS Roland-Jones,TD Groenewald,0,0,,,,,,"",""
ball,2,52.6,Middlesex,EJG Morgan,TS Roland-Jones,TD Groenewald,0,0,,,,,,"",""
ball,2,53.1,Middlesex,TS Roland-Jones,EJG Morgan,MJ Leach,0,0,,,,,,"",""
ball,2,53.2,Middlesex,TS Roland-Jones,EJG Morgan,MJ Leach,0,0,,,,,,"",""
ball,2,53.3,Middlesex,TS Roland-Jones,EJG Morgan,MJ Leach,0,0,,,,,,"",""
ball,2,53.4,Middlesex,TS Roland-Jones,EJG Morgan,MJ Leach,4,0,,,,,,"",""
ball,2,53.5,Middlesex,TS Roland-Jones,EJG Morgan,MJ Leach,0,0,,,,,,"",""
ball,2,53.6,Middlesex,TS Roland-Jones,EJG Morgan,MJ Leach,0,0,,,,,,"",""
ball,2,54.1,Middlesex,EJG Morgan,TS Roland-Jones,TD Groenewald,0,0,,,,,,"",""
ball,2,54.2,Middlesex,EJG Morgan,TS Roland-Jones,TD Groenewald,0,0,,,,,,"",""
ball,2,54.3,Middlesex,EJG Morgan,TS Roland-Jones,TD Groenewald,0,0,,,,,,"",""
ball,2,54.4,Middlesex,EJG Morgan,TS Roland-Jones,TD Groenewald,0,0,,,,,,"",""
ball,2,54.5,Middlesex,EJG Morgan,TS Roland-Jones,TD Groenewald,2,0,,,,,,"",""
ball,2,54.6,Middlesex,EJG Morgan,TS Roland-Jones,TD Groenewald,0,0,,,,,,"",""
ball,2,55.1,Middlesex,TS Roland-Jones,EJG Morgan,MJ Leach,0,0,,,,,,"",""
ball,2,55.2,Middlesex,TS Roland-Jones,EJG Morgan,MJ Leach,0,0,,,,,,"",""
ball,2,55.3,Middlesex,TS Roland-Jones,EJG Morgan,MJ Leach,0,0,,,,,,"",""
ball,2,55.4,Middlesex,TS Roland-Jones,EJG Morgan,MJ Leach,0,0,,,,,,"",""
ball,2,55.5,Middlesex,TS Roland-Jones,EJG Morgan,MJ Leach,0,0,,,,,,"",""
ball,2,55.6,Middlesex,TS Roland-Jones,EJG Morgan,MJ Leach,0,0,,,,,,"",""
ball,2,56.1,Middlesex,EJG Morgan,TS Roland-Jones,TD Groenewald,1,0,,,,,,"",""
ball,2,56.2,Middlesex,TS Roland-Jones,EJG Morgan,TD Groenewald,0,0,,,,,,"",""
ball,2,56.3,Middlesex,TS Roland-Jones,EJG Morgan,TD Groenewald,0,0,,,,,,"",""
ball,2,56.4,Middlesex,TS Roland-Jones,EJG Morgan,TD Groenewald,4,0,,,,,,"",""
ball,2,56.5,Middlesex,TS Roland-Jones,EJG Morgan,TD Groenewald,1,0,,,,,,"",""
ball,2,56.6,Middlesex,EJG Morgan,TS Roland-Jones,TD Groenewald,0,0,,,,,,"",""
ball,2,57.1,Middlesex,TS Roland-Jones,EJG Morgan,MJ Leach,0,0,,,,,,"",""
ball,2,57.2,Middlesex,TS Roland-Jones,EJG Morgan,MJ Leach,0,0,,,,,,"",""
ball,2,57.3,Middlesex,TS Roland-Jones,EJG Morgan,MJ Leach,0,0,,,,,,"",""
ball,2,57.4,Middlesex,TS Roland-Jones,EJG Morgan,MJ Leach,0,0,,,,,,"",""
ball,2,57.5,Middlesex,TS Roland-Jones,EJG Morgan,MJ Leach,0,0,,,,,,"",""
ball,2,57.6,Middlesex,TS Roland-Jones,EJG Morgan,MJ Leach,0,0,,,,,,"",""
ball,2,58.1,Middlesex,EJG Morgan,TS Roland-Jones,PD Trego,0,4,,,,4,,"",""
ball,2,58.2,Middlesex,EJG Morgan,TS Roland-Jones,PD Trego,0,0,,,,,,"",""
ball,2,58.3,Middlesex,EJG Morgan,TS Roland-Jones,PD Trego,0,0,,,,,,"",""
ball,2,58.4,Middlesex,EJG Morgan,TS Roland-Jones,PD Trego,0,0,,,,,,"",""
ball,2,58.5,Middlesex,EJG Morgan,TS Roland-Jones,PD Trego,1,0,,,,,,"",""
ball,2,58.6,Middlesex,TS Roland-Jones,EJG Morgan,PD Trego,4,0,,,,,,"",""
ball,2,59.1,Middlesex,EJG Morgan,TS Roland-Jones,MJ Leach,0,0,,,,,,"",""
ball,2,59.2,Middlesex,EJG Morgan,TS Roland-Jones,MJ Leach,1,0,,,,,,"",""
ball,2,59.3,Middlesex,TS Roland-Jones,EJG Morgan,MJ Leach,0,0,,,,,,"",""
ball,2,59.4,Middlesex,TS Roland-Jones,EJG Morgan,MJ Leach,0,0,,,,,,"",""
ball,2,59.5,Middlesex,TS Roland-Jones,EJG Morgan,MJ Leach,0,0,,,,,,"",""
ball,2,59.6,Middlesex,TS Roland-Jones,EJG Morgan,MJ Leach,0,0,,,,,,"",""
ball,2,60.1,Middlesex,EJG Morgan,TS Roland-Jones,PD Trego,0,1,,,,1,,"",""
ball,2,60.2,Middlesex,TS Roland-Jones,EJG Morgan,PD Trego,0,0,,,,,,"",""
ball,2,60.3,Middlesex,TS Roland-Jones,EJG Morgan,PD Trego,0,0,,,,,,"",""
ball,2,60.4,Middlesex,TS Roland-Jones,EJG Morgan,PD Trego,3,0,,,,,,"",""
ball,2,60.5,Middlesex,EJG Morgan,TS Roland-Jones,PD Trego,0,0,,,,,,"",""
ball,2,60.6,Middlesex,EJG Morgan,TS Roland-Jones,PD Trego,0,0,,,,,,"",""
ball,2,61.1,Middlesex,TS Roland-Jones,EJG Morgan,MJ Leach,0,0,,,,,,"",""
ball,2,61.2,Middlesex,TS Roland-Jones,EJG Morgan,MJ Leach,0,0,,,,,,"",""
ball,2,61.3,Middlesex,TS Roland-Jones,EJG Morgan,MJ Leach,0,0,,,,,,"",""
ball,2,61.4,Middlesex,TS Roland-Jones,EJG Morgan,MJ Leach,0,0,,,,,,"",""
ball,2,61.5,Middlesex,TS Roland-Jones,EJG Morgan,MJ Leach,0,0,,,,,,"",""
ball,2,61.6,Middlesex,TS Roland-Jones,EJG Morgan,MJ Leach,0,0,,,,,,"",""
ball,2,62.1,Middlesex,EJG Morgan,TS Roland-Jones,PD Trego,0,0,,,,,,"",""
ball,2,62.2,Middlesex,EJG Morgan,TS Roland-Jones,PD Trego,0,0,,,,,,"",""
ball,2,62.3,Middlesex,EJG Morgan,TS Roland-Jones,PD Trego,0,0,,,,,,"",""
ball,2,62.4,Middlesex,EJG Morgan,TS Roland-Jones,PD Trego,0,0,,,,,,"",""
ball,2,62.5,Middlesex,EJG Morgan,TS Roland-Jones,PD Trego,0,0,,,,,,"",""
ball,2,62.6,Middlesex,EJG Morgan,TS Roland-Jones,PD Trego,0,0,,,,,,"",""
ball,2,63.1,Middlesex,TS Roland-Jones,EJG Morgan,MJ Leach,0,0,,,,,,"",""
ball,2,63.2,Middlesex,TS Roland-Jones,EJG Morgan,MJ Leach,0,0,,,,,,"",""
ball,2,63.3,Middlesex,TS Roland-Jones,EJG Morgan,MJ Leach,0,0,,,,,,"",""
ball,2,63.4,Middlesex,TS Roland-Jones,EJG Morgan,MJ Leach,0,0,,,,,,"",""
ball,2,63.5,Middlesex,TS Roland-Jones,EJG Morgan,MJ Leach,0,0,,,,,,"",""
ball,2,63.6,Middlesex,TS Roland-Jones,EJG Morgan,MJ Leach,0,0,,,,,,"",""
ball,2,64.1,Middlesex,EJG Morgan,TS Roland-Jones,PD Trego,0,0,,,,,,"",""
ball,2,64.2,Middlesex,EJG Morgan,TS Roland-Jones,PD Trego,1,0,,,,,,"",""
ball,2,64.3,Middlesex,TS Roland-Jones,EJG Morgan,PD Trego,0,0,,,,,,"",""
ball,2,64.4,Middlesex,TS Roland-Jones,EJG Morgan,PD Trego,0,0,,,,,,"",""
ball,2,64.5,Middlesex,TS Roland-Jones,EJG Morgan,PD Trego,0,0,,,,,,"",""
ball,2,64.6,Middlesex,TS Roland-Jones,EJG Morgan,PD Trego,0,0,,,,,,"",""
ball,2,65.1,Middlesex,EJG Morgan,TS Roland-Jones,MJ Leach,0,0,,,,,,"",""
ball,2,65.2,Middlesex,EJG Morgan,TS Roland-Jones,MJ Leach,0,0,,,,,,"",""
ball,2,65.3,Middlesex,EJG Morgan,TS Roland-Jones,MJ Leach,1,0,,,,,,"",""
ball,2,65.4,Middlesex,TS Roland-Jones,EJG Morgan,MJ Leach,0,0,,,,,,"",""
ball,2,65.5,Middlesex,TS Roland-Jones,EJG Morgan,MJ Leach,1,0,,,,,,"",""
ball,2,65.6,Middlesex,EJG Morgan,TS Roland-Jones,MJ Leach,0,0,,,,,,"",""
ball,2,66.1,Middlesex,TS Roland-Jones,EJG Morgan,TD Groenewald,2,0,,,,,,"",""
ball,2,66.2,Middlesex,TS Roland-Jones,EJG Morgan,TD Groenewald,0,1,,,,1,,"",""
ball,2,66.3,Middlesex,EJG Morgan,TS Roland-Jones,TD Groenewald,0,0,,,,,,"",""
ball,2,66.4,Middlesex,EJG Morgan,TS Roland-Jones,TD Groenewald,0,0,,,,,,"",""
ball,2,66.5,Middlesex,EJG Morgan,TS Roland-Jones,TD Groenewald,0,0,,,,,,"",""
ball,2,66.6,Middlesex,EJG Morgan,TS Roland-Jones,TD Groenewald,0,0,,,,,,"",""
ball,2,67.1,Middlesex,TS Roland-Jones,EJG Morgan,MJ Leach,0,0,,,,,,"",""
ball,2,67.2,Middlesex,TS Roland-Jones,EJG Morgan,MJ Leach,0,0,,,,,,"",""
ball,2,67.3,Middlesex,TS Roland-Jones,EJG Morgan,MJ Leach,0,0,,,,,,"",""
ball,2,67.4,Middlesex,TS Roland-Jones,EJG Morgan,MJ Leach,0,0,,,,,,"",""
ball,2,67.5,Middlesex,TS Roland-Jones,EJG Morgan,MJ Leach,0,0,,,,,,"",""
ball,2,67.6,Middlesex,TS Roland-Jones,EJG Morgan,MJ Leach,0,0,,,,,,"",""
ball,2,68.1,Middlesex,EJG Morgan,TS Roland-Jones,TD Groenewald,0,0,,,,,,"",""
ball,2,68.2,Middlesex,EJG Morgan,TS Roland-Jones,TD Groenewald,0,0,,,,,,"",""
ball,2,68.3,Middlesex,EJG Morgan,TS Roland-Jones,TD Groenewald,0,0,,,,,,"",""
ball,2,68.4,Middlesex,EJG Morgan,TS Roland-Jones,TD Groenewald,0,0,,,,,,"",""
ball,2,68.5,Middlesex,EJG Morgan,TS Roland-Jones,TD Groenewald,0,0,,,,,,"",""
ball,2,68.6,Middlesex,EJG Morgan,TS Roland-Jones,TD Groenewald,0,0,,,,,,"",""
ball,2,69.1,Middlesex,TS Roland-Jones,EJG Morgan,MJ Leach,0,0,,,,,,"",""
ball,2,69.2,Middlesex,TS Roland-Jones,EJG Morgan,MJ Leach,0,0,,,,,,"",""
ball,2,69.3,Middlesex,TS Roland-Jones,EJG Morgan,MJ Leach,0,0,,,,,,"",""
ball,2,69.4,Middlesex,TS Roland-Jones,EJG Morgan,MJ Leach,0,0,,,,,,"",""
ball,2,69.5,Middlesex,TS Roland-Jones,EJG Morgan,MJ Leach,0,0,,,,,,"",""
ball,2,69.6,Middlesex,TS Roland-Jones,EJG Morgan,MJ Leach,0,0,,,,,,"",""
ball,2,70.1,Middlesex,EJG Morgan,TS Roland-Jones,TD Groenewald,1,0,,,,,,"",""
ball,2,70.2,Middlesex,TS Roland-Jones,EJG Morgan,TD Groenewald,4,0,,,,,,"",""
ball,2,70.3,Middlesex,TS Roland-Jones,EJG Morgan,TD Groenewald,0,0,,,,,,"",""
ball,2,70.4,Middlesex,TS Roland-Jones,EJG Morgan,TD Groenewald,0,0,,,,,,"",""
ball,2,70.5,Middlesex,TS Roland-Jones,EJG Morgan,TD Groenewald,3,0,,,,,,"",""
ball,2,70.6,Middlesex,EJG Morgan,TS Roland-Jones,TD Groenewald,0,0,,,,,,"",""
ball,2,71.1,Middlesex,TS Roland-Jones,EJG Morgan,MJ Leach,0,0,,,,,,"",""
ball,2,71.2,Middlesex,TS Roland-Jones,EJG Morgan,MJ Leach,0,0,,,,,,"",""
ball,2,71.3,Middlesex,TS Roland-Jones,EJG Morgan,MJ Leach,0,0,,,,,,"",""
ball,2,71.4,Middlesex,TS Roland-Jones,EJG Morgan,MJ Leach,3,0,,,,,,"",""
ball,2,71.5,Middlesex,EJG Morgan,TS Roland-Jones,MJ Leach,0,0,,,,,,"",""
ball,2,71.6,Middlesex,EJG Morgan,TS Roland-Jones,MJ Leach,0,0,,,,,,"",""
ball,2,72.1,Middlesex,TS Roland-Jones,EJG Morgan,TD Groenewald,0,0,,,,,,"",""
ball,2,72.2,Middlesex,TS Roland-Jones,EJG Morgan,TD Groenewald,1,0,,,,,,"",""
ball,2,72.3,Middlesex,EJG Morgan,TS Roland-Jones,TD Groenewald,0,0,,,,,,"",""
ball,2,72.4,Middlesex,EJG Morgan,TS Roland-Jones,TD Groenewald,1,0,,,,,,"",""
ball,2,72.5,Middlesex,TS Roland-Jones,EJG Morgan,TD Groenewald,1,0,,,,,,"",""
ball,2,72.6,Middlesex,EJG Morgan,TS Roland-Jones,TD Groenewald,0,0,,,,,,"",""
ball,2,73.1,Middlesex,TS Roland-Jones,EJG Morgan,MJ Leach,0,0,,,,,,"",""
ball,2,73.2,Middlesex,TS Roland-Jones,EJG Morgan,MJ Leach,0,0,,,,,,"",""
ball,2,73.3,Middlesex,TS Roland-Jones,EJG Morgan,MJ Leach,0,0,,,,,,"",""
ball,2,73.4,Middlesex,TS Roland-Jones,EJG Morgan,MJ Leach,0,0,,,,,,"",""
ball,2,73.5,Middlesex,TS Roland-Jones,EJG Morgan,MJ Leach,0,0,,,,,,"",""
ball,2,73.6,Middlesex,TS Roland-Jones,EJG Morgan,MJ Leach,0,0,,,,,,"",""
ball,2,74.1,Middlesex,EJG Morgan,TS Roland-Jones,JG Myburgh,0,0,,,,,,"",""
ball,2,74.2,Middlesex,EJG Morgan,TS Roland-Jones,JG Myburgh,0,0,,,,,,"",""
ball,2,74.3,Middlesex,EJG Morgan,TS Roland-Jones,JG Myburgh,0,0,,,,,,"",""
ball,2,74.4,Middlesex,EJG Morgan,TS Roland-Jones,JG Myburgh,1,0,,,,,,"",""
ball,2,74.5,Middlesex,TS Roland-Jones,EJG Morgan,JG Myburgh,0,0,,,,,,"",""
ball,2,74.6,Middlesex,TS Roland-Jones,EJG Morgan,JG Myburgh,0,0,,,,,,caught,TS Roland-Jones
ball,2,75.1,Middlesex,EJG Morgan,TJ Murtagh,MJ Leach,4,0,,,,,,"",""
ball,2,75.2,Middlesex,EJG Morgan,TJ Murtagh,MJ Leach,0,0,,,,,,"",""
ball,2,75.3,Middlesex,EJG Morgan,TJ Murtagh,MJ Leach,0,0,,,,,,"",""
ball,2,75.4,Middlesex,EJG Morgan,TJ Murtagh,MJ Leach,0,0,,,,,,stumped,EJG Morgan
ball,2,75.5,Middlesex,GS Sandhu,TJ Murtagh,MJ Leach,4,0,,,,,,"",""
ball,2,75.6,Middlesex,GS Sandhu,TJ Murtagh,MJ Leach,0,0,,,,,,"",""
ball,2,76.1,Middlesex,TJ Murtagh,GS Sandhu,JG Myburgh,0,0,,,,,,"",""
ball,2,76.2,Middlesex,TJ Murtagh,GS Sandhu,JG Myburgh,0,2,,,,2,,"",""
ball,2,76.3,Middlesex,TJ Murtagh,GS Sandhu,JG Myburgh,2,0,,,,,,"",""
ball,2,76.4,Middlesex,TJ Murtagh,GS Sandhu,JG Myburgh,4,0,,,,,,"",""
ball,2,76.5,Middlesex,TJ Murtagh,GS Sandhu,JG Myburgh,0,0,,,,,,"",""
ball,2,76.6,Middlesex,TJ Murtagh,GS Sandhu,JG Myburgh,0,0,,,,,,"",""
ball,2,77.1,Middlesex,GS Sandhu,TJ Murtagh,MJ Leach,0,0,,,,,,"",""
ball,2,77.2,Middlesex,GS Sandhu,TJ Murtagh,MJ Leach,0,0,,,,,,"",""
ball,2,77.3,Middlesex,GS Sandhu,TJ Murtagh,MJ Leach,0,0,,,,,,"",""
ball,2,77.4,Middlesex,GS Sandhu,TJ Murtagh,MJ Leach,0,0,,,,,,"",""
ball,2,77.5,Middlesex,GS Sandhu,TJ Murtagh,MJ Leach,0,0,,,,,,"",""
ball,2,77.6,Middlesex,GS Sandhu,TJ Murtagh,MJ Leach,0,0,,,,,,"",""
ball,2,78.1,Middlesex,TJ Murtagh,GS Sandhu,JG Myburgh,0,0,,,,,,"",""
ball,2,78.2,Middlesex,TJ Murtagh,GS Sandhu,JG Myburgh,2,0,,,,,,"",""
ball,2,78.3,Middlesex,TJ Murtagh,GS Sandhu,JG Myburgh,0,0,,,,,,"",""
ball,2,78.4,Middlesex,TJ Murtagh,GS Sandhu,JG Myburgh,1,0,,,,,,"",""
ball,2,78.5,Middlesex,GS Sandhu,TJ Murtagh,JG Myburgh,0,0,,,,,,"",""
ball,2,78.6,Middlesex,GS Sandhu,TJ Murtagh,JG Myburgh,0,0,,,,,,"",""
ball,2,79.1,Middlesex,TJ Murtagh,GS Sandhu,MJ Leach,0,0,,,,,,"",""
ball,2,79.2,Middlesex,TJ Murtagh,GS Sandhu,MJ Leach,0,0,,,,,,"",""
ball,2,79.3,Middlesex,TJ Murtagh,GS Sandhu,MJ Leach,4,0,,,,,,"",""
ball,2,79.4,Middlesex,TJ Murtagh,GS Sandhu,MJ Leach,0,0,,,,,,"",""
ball,2,79.5,Middlesex,TJ Murtagh,GS Sandhu,MJ Leach,4,0,,,,,,"",""
ball,2,79.6,Middlesex,TJ Murtagh,GS Sandhu,MJ Leach,1,0,,,,,,"",""
ball,2,80.1,Middlesex,TJ Murtagh,GS Sandhu,JG Myburgh,1,0,,,,,,"",""
ball,2,80.2,Middlesex,GS Sandhu,TJ Murtagh,JG Myburgh,0,0,,,,,,"",""
ball,2,80.3,Middlesex,GS Sandhu,TJ Murtagh,JG Myburgh,0,0,,,,,,"",""
ball,2,80.4,Middlesex,GS Sandhu,TJ Murtagh,JG Myburgh,0,0,,,,,,"",""
ball,2,80.5,Middlesex,GS Sandhu,TJ Murtagh,JG Myburgh,0,0,,,,,,"",""
ball,2,80.6,Middlesex,GS Sandhu,TJ Murtagh,JG Myburgh,0,0,,,,,,"",""
ball,2,81.1,Middlesex,TJ Murtagh,GS Sandhu,MJ Leach,0,0,,,,,,"",""
ball,2,81.2,Middlesex,TJ Murtagh,GS Sandhu,MJ Leach,0,0,,,,,,"",""
ball,2,81.3,Middlesex,TJ Murtagh,GS Sandhu,MJ Leach,1,0,,,,,,"",""
ball,2,81.4,Middlesex,GS Sandhu,TJ Murtagh,MJ Leach,0,0,,,,,,"",""
ball,2,81.5,Middlesex,GS Sandhu,TJ Murtagh,MJ Leach,1,0,,,,,,"",""
ball,2,81.6,Middlesex,TJ Murtagh,GS Sandhu,MJ Leach,0,0,,,,,,"",""
ball,2,82.1,Middlesex,GS Sandhu,TJ Murtagh,AC Thomas,0,0,,,,,,"",""
ball,2,82.2,Middlesex,GS Sandhu,TJ Murtagh,AC Thomas,0,0,,,,,,"",""
ball,2,82.3,Middlesex,GS Sandhu,TJ Murtagh,AC Thomas,1,0,,,,,,"",""
ball,2,82.4,Middlesex,TJ Murtagh,GS Sandhu,AC Thomas,0,0,,,,,,caught,TJ Murtagh
ball,3,0.1,Middlesex,CJL Rogers,SD Robson,AC Thomas,1,0,,,,,,"",""
ball,3,0.2,Middlesex,SD Robson,CJL Rogers,AC Thomas,0,0,,,,,,"",""
ball,3,0.3,Middlesex,SD Robson,CJL Rogers,AC Thomas,0,0,,,,,,"",""
ball,3,0.4,Middlesex,SD Robson,CJL Rogers,AC Thomas,0,0,,,,,,"",""
ball,3,0.5,Middlesex,SD Robson,CJL Rogers,AC Thomas,0,0,,,,,,"",""
ball,3,0.6,Middlesex,SD Robson,CJL Rogers,AC Thomas,4,0,,,,,,"",""
ball,3,1.1,Middlesex,CJL Rogers,SD Robson,PD Trego,0,0,,,,,,"",""
ball,3,1.2,Middlesex,CJL Rogers,SD Robson,PD Trego,4,0,,,,,,"",""
ball,3,1.3,Middlesex,CJL Rogers,SD Robson,PD Trego,0,0,,,,,,"",""
ball,3,1.4,Middlesex,CJL Rogers,SD Robson,PD Trego,4,0,,,,,,"",""
ball,3,1.5,Middlesex,CJL Rogers,SD Robson,PD Trego,0,0,,,,,,"",""
ball,3,1.6,Middlesex,CJL Rogers,SD Robson,PD Trego,0,0,,,,,,"",""
ball,3,2.1,Middlesex,SD Robson,CJL Rogers,AC Thomas,0,0,,,,,,"",""
ball,3,2.2,Middlesex,SD Robson,CJL Rogers,AC Thomas,0,1,,,,1,,"",""
ball,3,2.3,Middlesex,CJL Rogers,SD Robson,AC Thomas,0,0,,,,,,"",""
ball,3,2.4,Middlesex,CJL Rogers,SD Robson,AC Thomas,0,0,,,,,,"",""
ball,3,2.5,Middlesex,CJL Rogers,SD Robson,AC Thomas,0,0,,,,,,"",""
ball,3,2.6,Middlesex,CJL Rogers,SD Robson,AC Thomas,0,0,,,,,,"",""
ball,3,3.1,Middlesex,SD Robson,CJL Rogers,PD Trego,0,0,,,,,,lbw,SD Robson
ball,3,3.2,Middlesex,DJ Malan,CJL Rogers,PD Trego,4,0,,,,,,"",""
ball,3,3.3,Middlesex,DJ Malan,CJL Rogers,PD Trego,0,0,,,,,,"",""
ball,3,3.4,Middlesex,DJ Malan,CJL Rogers,PD Trego,0,0,,,,,,"",""
ball,3,3.5,Middlesex,DJ Malan,CJL Rogers,PD Trego,0,0,,,,,,"",""
ball,3,3.6,Middlesex,DJ Malan,CJL Rogers,PD Trego,0,0,,,,,,"",""
ball,3,4.1,Middlesex,CJL Rogers,DJ Malan,AC Thomas,4,0,,,,,,"",""
ball,3,4.2,Middlesex,CJL Rogers,DJ Malan,AC Thomas,1,0,,,,,,"",""
ball,3,4.3,Middlesex,DJ Malan,CJL Rogers,AC Thomas,0,0,,,,,,"",""
ball,3,4.4,Middlesex,DJ Malan,CJL Rogers,AC Thomas,2,0,,,,,,"",""
ball,3,4.5,Middlesex,DJ Malan,CJL Rogers,AC Thomas,0,0,,,,,,"",""
ball,3,4.6,Middlesex,DJ Malan,CJL Rogers,AC Thomas,1,0,,,,,,"",""
ball,3,5.1,Middlesex,DJ Malan,CJL Rogers,PD Trego,0,0,,,,,,"",""
ball,3,5.2,Middlesex,DJ Malan,CJL Rogers,PD Trego,0,0,,,,,,"",""
ball,3,5.3,Middlesex,DJ Malan,CJL Rogers,PD Trego,0,0,,,,,,"",""
ball,3,5.4,Middlesex,DJ Malan,CJL Rogers,PD Trego,0,0,,,,,,"",""
ball,3,5.5,Middlesex,DJ Malan,CJL Rogers,PD Trego,0,0,,,,,,"",""
ball,3,5.6,Middlesex,DJ Malan,CJL Rogers,PD Trego,4,0,,,,,,"",""
ball,3,6.1,Middlesex,CJL Rogers,DJ Malan,AC Thomas,0,0,,,,,,"",""
ball,3,6.2,Middlesex,CJL Rogers,DJ Malan,AC Thomas,0,0,,,,,,"",""
ball,3,6.3,Middlesex,CJL Rogers,DJ Malan,AC Thomas,1,0,,,,,,"",""
ball,3,6.4,Middlesex,DJ Malan,CJL Rogers,AC Thomas,0,0,,,,,,"",""
ball,3,6.5,Middlesex,DJ Malan,CJL Rogers,AC Thomas,0,0,,,,,,"",""
ball,3,6.6,Middlesex,DJ Malan,CJL Rogers,AC Thomas,0,0,,,,,,"",""
ball,3,7.1,Middlesex,CJL Rogers,DJ Malan,PD Trego,0,0,,,,,,"",""
ball,3,7.2,Middlesex,CJL Rogers,DJ Malan,PD Trego,0,0,,,,,,"",""
ball,3,7.3,Middlesex,CJL Rogers,DJ Malan,PD Trego,4,0,,,,,,"",""
ball,3,7.4,Middlesex,CJL Rogers,DJ Malan,PD Trego,0,0,,,,,,"",""
ball,3,7.5,Middlesex,CJL Rogers,DJ Malan,PD Trego,3,0,,,,,,"",""
ball,3,7.6,Middlesex,DJ Malan,CJL Rogers,PD Trego,0,0,,,,,,"",""
ball,3,8.1,Middlesex,CJL Rogers,DJ Malan,AC Thomas,0,0,,,,,,"",""
ball,3,8.2,Middlesex,CJL Rogers,DJ Malan,AC Thomas,0,0,,,,,,"",""
ball,3,8.3,Middlesex,CJL Rogers,DJ Malan,AC Thomas,4,0,,,,,,"",""
ball,3,8.4,Middlesex,CJL Rogers,DJ Malan,AC Thomas,3,0,,,,,,"",""
ball,3,8.5,Middlesex,DJ Malan,CJL Rogers,AC Thomas,5,0,,,,,,"",""
ball,3,8.6,Middlesex,CJL Rogers,DJ Malan,AC Thomas,0,0,,,,,,"",""
ball,3,9.1,Middlesex,DJ Malan,CJL Rogers,PD Trego,1,0,,,,,,"",""
ball,3,9.2,Middlesex,CJL Rogers,DJ Malan,PD Trego,0,0,,,,,,"",""
ball,3,9.3,Middlesex,CJL Rogers,DJ Malan,PD Trego,0,0,,,,,,"",""
ball,3,9.4,Middlesex,CJL Rogers,DJ Malan,PD Trego,4,0,,,,,,"",""
ball,3,9.5,Middlesex,CJL Rogers,DJ Malan,PD Trego,4,0,,,,,,"",""
ball,3,9.6,Middlesex,CJL Rogers,DJ Malan,PD Trego,0,0,,,,,,"",""
ball,3,10.1,Middlesex,DJ Malan,CJL Rogers,TD Groenewald,0,0,,,,,,"",""
ball,3,10.2,Middlesex,DJ Malan,CJL Rogers,TD Groenewald,0,0,,,,,,"",""
ball,3,10.3,Middlesex,DJ Malan,CJL Rogers,TD Groenewald,0,0,,,,,,"",""
ball,3,10.4,Middlesex,DJ Malan,CJL Rogers,TD Groenewald,0,0,,,,,,"",""
ball,3,10.5,Middlesex,DJ Malan,CJL Rogers,TD Groenewald,2,0,,,,,,"",""
ball,3,10.6,Middlesex,DJ Malan,CJL Rogers,TD Groenewald,0,0,,,,,,"",""
ball,3,11.1,Middlesex,CJL Rogers,DJ Malan,MJ Leach,0,0,,,,,,"",""
ball,3,11.2,Middlesex,CJL Rogers,DJ Malan,MJ Leach,0,0,,,,,,"",""
ball,3,11.3,Middlesex,CJL Rogers,DJ Malan,MJ Leach,0,0,,,,,,"",""
ball,3,11.4,Middlesex,CJL Rogers,DJ Malan,MJ Leach,0,0,,,,,,"",""
ball,3,11.5,Middlesex,CJL Rogers,DJ Malan,MJ Leach,0,0,,,,,,"",""
ball,3,11.6,Middlesex,CJL Rogers,DJ Malan,MJ Leach,0,0,,,,,,"",""
ball,3,12.1,Middlesex,DJ Malan,CJL Rogers,TD Groenewald,1,0,,,,,,"",""
ball,3,12.2,Middlesex,CJL Rogers,DJ Malan,TD Groenewald,4,0,,,,,,"",""
ball,3,12.3,Middlesex,CJL Rogers,DJ Malan,TD Groenewald,0,0,,,,,,"",""
ball,3,12.4,Middlesex,CJL Rogers,DJ Malan,TD Groenewald,4,0,,,,,,"",""
ball,3,12.5,Middlesex,CJL Rogers,DJ Malan,TD Groenewald,0,0,,,,,,"",""
ball,3,12.6,Middlesex,CJL Rogers,DJ Malan,TD Groenewald,2,0,,,,,,"",""
ball,3,13.1,Middlesex,DJ Malan,CJL Rogers,MJ Leach,0,0,,,,,,"",""
ball,3,13.2,Middlesex,DJ Malan,CJL Rogers,MJ Leach,0,0,,,,,,"",""
ball,3,13.3,Middlesex,DJ Malan,CJL Rogers,MJ Leach,0,0,,,,,,"",""
ball,3,13.4,Middlesex,DJ Malan,CJL Rogers,MJ Leach,0,0,,,,,,"",""
ball,3,13.5,Middlesex,DJ Malan,CJL Rogers,MJ Leach,1,0,,,,,,"",""
ball,3,13.6,Middlesex,CJL Rogers,DJ Malan,MJ Leach,2,0,,,,,,"",""
ball,3,14.1,Middlesex,DJ Malan,CJL Rogers,TD Groenewald,0,0,,,,,,"",""
ball,3,14.2,Middlesex,DJ Malan,CJL Rogers,TD Groenewald,0,0,,,,,,"",""
ball,3,14.3,Middlesex,DJ Malan,CJL Rogers,TD Groenewald,0,0,,,,,,"",""
ball,3,14.4,Middlesex,DJ Malan,CJL Rogers,TD Groenewald,0,0,,,,,,"",""
ball,3,14.5,Middlesex,DJ Malan,CJL Rogers,TD Groenewald,0,0,,,,,,"",""
ball,3,14.6,Middlesex,DJ Malan,CJL Rogers,TD Groenewald,0,0,,,,,,"",""
ball,3,15.1,Middlesex,CJL Rogers,DJ Malan,MJ Leach,4,0,,,,,,"",""
ball,3,15.2,Middlesex,CJL Rogers,DJ Malan,MJ Leach,0,0,,,,,,"",""
ball,3,15.3,Middlesex,CJL Rogers,DJ Malan,MJ Leach,1,0,,,,,,"",""
ball,3,15.4,Middlesex,DJ Malan,CJL Rogers,MJ Leach,2,0,,,,,,"",""
ball,3,15.5,Middlesex,DJ Malan,CJL Rogers,MJ Leach,0,0,,,,,,"",""
ball,3,15.6,Middlesex,DJ Malan,CJL Rogers,MJ Leach,0,0,,,,,,"",""
ball,3,16.1,Middlesex,CJL Rogers,DJ Malan,TD Groenewald,0,0,,,,,,"",""
ball,3,16.2,Middlesex,CJL Rogers,DJ Malan,TD Groenewald,0,0,,,,,,"",""
ball,3,16.3,Middlesex,CJL Rogers,DJ Malan,TD Groenewald,0,0,,,,,,"",""
ball,3,16.4,Middlesex,CJL Rogers,DJ Malan,TD Groenewald,1,0,,,,,,"",""
ball,3,16.5,Middlesex,DJ Malan,CJL Rogers,TD Groenewald,0,0,,,,,,"",""
ball,3,16.6,Middlesex,DJ Malan,CJL Rogers,TD Groenewald,0,0,,,,,,"",""
ball,3,17.1,Middlesex,CJL Rogers,DJ Malan,MJ Leach,0,0,,,,,,"",""
ball,3,17.2,Middlesex,CJL Rogers,DJ Malan,MJ Leach,0,0,,,,,,"",""
ball,3,17.3,Middlesex,CJL Rogers,DJ Malan,MJ Leach,1,0,,,,,,"",""
ball,3,17.4,Middlesex,DJ Malan,CJL Rogers,MJ Leach,0,0,,,,,,"",""
ball,3,17.5,Middlesex,DJ Malan,CJL Rogers,MJ Leach,0,0,,,,,,"",""
ball,3,17.6,Middlesex,DJ Malan,CJL Rogers,MJ Leach,0,0,,,,,,"",""
ball,3,18.1,Middlesex,CJL Rogers,DJ Malan,TD Groenewald,0,0,,,,,,"",""
ball,3,18.2,Middlesex,CJL Rogers,DJ Malan,TD Groenewald,0,0,,,,,,"",""
ball,3,18.3,Middlesex,CJL Rogers,DJ Malan,TD Groenewald,0,0,,,,,,"",""
ball,3,18.4,Middlesex,CJL Rogers,DJ Malan,TD Groenewald,0,0,,,,,,"",""
ball,3,18.5,Middlesex,CJL Rogers,DJ Malan,TD Groenewald,0,0,,,,,,"",""
ball,3,18.6,Middlesex,CJL Rogers,DJ Malan,TD Groenewald,1,0,,,,,,"",""
ball,3,19.1,Middlesex,CJL Rogers,DJ Malan,MJ Leach,1,0,,,,,,"",""
ball,3,19.2,Middlesex,DJ Malan,CJL Rogers,MJ Leach,0,0,,,,,,"",""
ball,3,19.3,Middlesex,DJ Malan,CJL Rogers,MJ Leach,0,0,,,,,,"",""
ball,3,19.4,Middlesex,DJ Malan,CJL Rogers,MJ Leach,0,0,,,,,,"",""
ball,3,19.5,Middlesex,DJ Malan,CJL Rogers,MJ Leach,0,0,,,,,,"",""
ball,3,19.6,Middlesex,DJ Malan,CJL Rogers,MJ Leach,0,0,,,,,,"",""
ball,3,20.1,Middlesex,CJL Rogers,DJ Malan,TD Groenewald,0,0,,,,,,"",""
ball,3,20.2,Middlesex,CJL Rogers,DJ Malan,TD Groenewald,0,0,,,,,,"",""
ball,3,20.3,Middlesex,CJL Rogers,DJ Malan,TD Groenewald,0,0,,,,,,"",""
ball,3,20.4,Middlesex,CJL Rogers,DJ Malan,TD Groenewald,1,0,,,,,,"",""
ball,3,20.5,Middlesex,DJ Malan,CJL Rogers,TD Groenewald,0,0,,,,,,"",""
ball,3,20.6,Middlesex,DJ Malan,CJL Rogers,TD Groenewald,0,0,,,,,,"",""
ball,3,21.1,Middlesex,CJL Rogers,DJ Malan,MJ Leach,0,0,,,,,,"",""
ball,3,21.2,Middlesex,CJL Rogers,DJ Malan,MJ Leach,0,0,,,,,,"",""
ball,3,21.3,Middlesex,CJL Rogers,DJ Malan,MJ Leach,0,0,,,,,,"",""
ball,3,21.4,Middlesex,CJL Rogers,DJ Malan,MJ Leach,0,0,,,,,,"",""
ball,3,21.5,Middlesex,CJL Rogers,DJ Malan,MJ Leach,0,0,,,,,,"",""
ball,3,21.6,Middlesex,CJL Rogers,DJ Malan,MJ Leach,0,0,,,,,,"",""
ball,3,22.1,Middlesex,DJ Malan,CJL Rogers,TD Groenewald,0,0,,,,,,"",""
ball,3,22.2,Middlesex,DJ Malan,CJL Rogers,TD Groenewald,0,0,,,,,,"",""
ball,3,22.3,Middlesex,DJ Malan,CJL Rogers,TD Groenewald,0,0,,,,,,"",""
ball,3,22.4,Middlesex,DJ Malan,CJL Rogers,TD Groenewald,0,0,,,,,,"",""
ball,3,22.5,Middlesex,DJ Malan,CJL Rogers,TD Groenewald,0,0,,,,,,"",""
ball,3,22.6,Middlesex,DJ Malan,CJL Rogers,TD Groenewald,1,0,,,,,,"",""
ball,3,23.1,Middlesex,DJ Malan,CJL Rogers,MJ Leach,0,0,,,,,,"",""
ball,3,23.2,Middlesex,DJ Malan,CJL Rogers,MJ Leach,0,0,,,,,,"",""
ball,3,23.3,Middlesex,DJ Malan,CJL Rogers,MJ Leach,0,0,,,,,,"",""
ball,3,23.4,Middlesex,DJ Malan,CJL Rogers,MJ Leach,0,0,,,,,,"",""
ball,3,23.5,Middlesex,DJ Malan,CJL Rogers,MJ Leach,0,0,,,,,,"",""
ball,3,23.6,Middlesex,DJ Malan,CJL Rogers,MJ Leach,1,0,,,,,,"",""
ball,3,24.1,Middlesex,DJ Malan,CJL Rogers,TD Groenewald,4,0,,,,,,"",""
ball,3,24.2,Middlesex,DJ Malan,CJL Rogers,TD Groenewald,0,0,,,,,,"",""
ball,3,24.3,Middlesex,DJ Malan,CJL Rogers,TD Groenewald,0,0,,,,,,"",""
ball,3,24.4,Middlesex,DJ Malan,CJL Rogers,TD Groenewald,0,0,,,,,,"",""
ball,3,24.5,Middlesex,DJ Malan,CJL Rogers,TD Groenewald,1,0,,,,,,"",""
ball,3,24.6,Middlesex,CJL Rogers,DJ Malan,TD Groenewald,0,0,,,,,,"",""
ball,3,25.1,Middlesex,DJ Malan,CJL Rogers,MJ Leach,0,0,,,,,,"",""
ball,3,25.2,Middlesex,DJ Malan,CJL Rogers,MJ Leach,0,0,,,,,,"",""
ball,3,25.3,Middlesex,DJ Malan,CJL Rogers,MJ Leach,0,0,,,,,,"",""
ball,3,25.4,Middlesex,DJ Malan,CJL Rogers,MJ Leach,0,0,,,,,,"",""
ball,3,25.5,Middlesex,DJ Malan,CJL Rogers,MJ Leach,0,0,,,,,,"",""
ball,3,25.6,Middlesex,DJ Malan,CJL Rogers,MJ Leach,0,0,,,,,,"",""
ball,3,26.1,Middlesex,CJL Rogers,DJ Malan,JG Myburgh,0,0,,,,,,"",""
ball,3,26.2,Middlesex,CJL Rogers,DJ Malan,JG Myburgh,0,0,,,,,,"",""
ball,3,26.3,Middlesex,CJL Rogers,DJ Malan,JG Myburgh,0,0,,,,,,"",""
ball,3,26.4,Middlesex,CJL Rogers,DJ Malan,JG Myburgh,0,0,,,,,,"",""
ball,3,26.5,Middlesex,CJL Rogers,DJ Malan,JG Myburgh,1,0,,,,,,"",""
ball,3,26.6,Middlesex,DJ Malan,CJL Rogers,JG Myburgh,0,0,,,,,,"",""
ball,3,27.1,Middlesex,CJL Rogers,DJ Malan,MJ Leach,0,0,,,,,,"",""
ball,3,27.2,Middlesex,CJL Rogers,DJ Malan,MJ Leach,0,0,,,,,,"",""
ball,3,27.3,Middlesex,CJL Rogers,DJ Malan,MJ Leach,0,0,,,,,,"",""
ball,3,27.4,Middlesex,CJL Rogers,DJ Malan,MJ Leach,0,0,,,,,,"",""
ball,3,27.5,Middlesex,CJL Rogers,DJ Malan,MJ Leach,1,0,,,,,,"",""
ball,3,27.6,Middlesex,DJ Malan,CJL Rogers,MJ Leach,0,0,,,,,,"",""
ball,3,28.1,Middlesex,CJL Rogers,DJ Malan,JG Myburgh,0,0,,,,,,"",""
ball,3,28.2,Middlesex,CJL Rogers,DJ Malan,JG Myburgh,0,0,,,,,,"",""
ball,3,28.3,Middlesex,CJL Rogers,DJ Malan,JG Myburgh,0,0,,,,,,"",""
ball,3,28.4,Middlesex,CJL Rogers,DJ Malan,JG Myburgh,0,0,,,,,,"",""
ball,3,28.5,Middlesex,CJL Rogers,DJ Malan,JG Myburgh,0,0,,,,,,"",""
ball,3,28.6,Middlesex,CJL Rogers,DJ Malan,JG Myburgh,1,0,,,,,,"",""
ball,3,29.1,Middlesex,CJL Rogers,DJ Malan,MJ Leach,0,0,,,,,,"",""
ball,3,29.2,Middlesex,CJL Rogers,DJ Malan,MJ Leach,0,0,,,,,,"",""
ball,3,29.3,Middlesex,CJL Rogers,DJ Malan,MJ Leach,0,0,,,,,,"",""
ball,3,29.4,Middlesex,CJL Rogers,DJ Malan,MJ Leach,1,0,,,,,,"",""
ball,3,29.5,Middlesex,DJ Malan,CJL Rogers,MJ Leach,0,0,,,,,,"",""
ball,3,29.6,Middlesex,DJ Malan,CJL Rogers,MJ Leach,0,0,,,,,,"",""
ball,3,30.1,Middlesex,CJL Rogers,DJ Malan,JG Myburgh,0,0,,,,,,"",""
ball,3,30.2,Middlesex,CJL Rogers,DJ Malan,JG Myburgh,0,0,,,,,,"",""
ball,3,30.3,Middlesex,CJL Rogers,DJ Malan,JG Myburgh,0,0,,,,,,"",""
ball,3,30.4,Middlesex,CJL Rogers,DJ Malan,JG Myburgh,0,0,,,,,,"",""
ball,3,30.5,Middlesex,CJL Rogers,DJ Malan,JG Myburgh,0,0,,,,,,"",""
ball,3,30.6,Middlesex,CJL Rogers,DJ Malan,JG Myburgh,1,0,,,,,,"",""
ball,3,31.1,Middlesex,CJL Rogers,DJ Malan,MJ Leach,0,0,,,,,,"",""
ball,3,31.2,Middlesex,CJL Rogers,DJ Malan,MJ Leach,0,0,,,,,,"",""
ball,3,31.3,Middlesex,CJL Rogers,DJ Malan,MJ Leach,0,0,,,,,,"",""
ball,3,31.4,Middlesex,CJL Rogers,DJ Malan,MJ Leach,0,0,,,,,,"",""
ball,3,31.5,Middlesex,CJL Rogers,DJ Malan,MJ Leach,1,0,,,,,,"",""
ball,3,31.6,Middlesex,DJ Malan,CJL Rogers,MJ Leach,0,0,,,,,,"",""
ball,3,32.1,Middlesex,CJL Rogers,DJ Malan,JG Myburgh,0,0,,,,,,"",""
ball,3,32.2,Middlesex,CJL Rogers,DJ Malan,JG Myburgh,0,0,,,,,,"",""
ball,3,32.3,Middlesex,CJL Rogers,DJ Malan,JG Myburgh,0,0,,,,,,"",""
ball,3,32.4,Middlesex,CJL Rogers,DJ Malan,JG Myburgh,0,0,,,,,,"",""
ball,3,32.5,Middlesex,CJL Rogers,DJ Malan,JG Myburgh,0,0,,,,,,"",""
ball,3,32.6,Middlesex,CJL Rogers,DJ Malan,JG Myburgh,0,0,,,,,,"",""
ball,3,33.1,Middlesex,DJ Malan,CJL Rogers,MJ Leach,0,0,,,,,,"",""
ball,3,33.2,Middlesex,DJ Malan,CJL Rogers,MJ Leach,0,0,,,,,,"",""
ball,3,33.3,Middlesex,DJ Malan,CJL Rogers,MJ Leach,0,0,,,,,,"",""
ball,3,33.4,Middlesex,DJ Malan,CJL Rogers,MJ Leach,1,0,,,,,,"",""
ball,3,33.5,Middlesex,CJL Rogers,DJ Malan,MJ Leach,0,0,,,,,,"",""
ball,3,33.6,Middlesex,CJL Rogers,DJ Malan,MJ Leach,0,0,,,,,,"",""
ball,3,34.1,Middlesex,DJ Malan,CJL Rogers,JG Myburgh,0,0,,,,,,"",""
ball,3,34.2,Middlesex,DJ Malan,CJL Rogers,JG Myburgh,0,0,,,,,,"",""
ball,3,34.3,Middlesex,DJ Malan,CJL Rogers,JG Myburgh,0,0,,,,,,"",""
ball,3,34.4,Middlesex,DJ Malan,CJL Rogers,JG Myburgh,0,0,,,,,,"",""
ball,3,34.5,Middlesex,DJ Malan,CJL Rogers,JG Myburgh,0,0,,,,,,"",""
ball,3,34.6,Middlesex,DJ Malan,CJL Rogers,JG Myburgh,0,0,,,,,,"",""
ball,3,35.1,Middlesex,CJL Rogers,DJ Malan,MJ Leach,0,0,,,,,,"",""
ball,3,35.2,Middlesex,CJL Rogers,DJ Malan,MJ Leach,0,0,,,,,,"",""
ball,3,35.3,Middlesex,CJL Rogers,DJ Malan,MJ Leach,3,0,,,,,,"",""
ball,3,35.4,Middlesex,DJ Malan,CJL Rogers,MJ Leach,1,0,,,,,,"",""
ball,3,35.5,Middlesex,CJL Rogers,DJ Malan,MJ Leach,0,0,,,,,,"",""
ball,3,35.6,Middlesex,CJL Rogers,DJ Malan,MJ Leach,0,0,,,,,,"",""
ball,3,36.1,Middlesex,DJ Malan,CJL Rogers,JG Myburgh,0,0,,,,,,"",""
ball,3,36.2,Middlesex,DJ Malan,CJL Rogers,JG Myburgh,0,0,,,,,,"",""
ball,3,36.3,Middlesex,DJ Malan,CJL Rogers,JG Myburgh,0,0,,,,,,"",""
ball,3,36.4,Middlesex,DJ Malan,CJL Rogers,JG Myburgh,0,0,,,,,,"",""
ball,3,36.5,Middlesex,DJ Malan,CJL Rogers,JG Myburgh,0,0,,,,,,"",""
ball,3,36.6,Middlesex,DJ Malan,CJL Rogers,JG Myburgh,0,0,,,,,,"",""
ball,3,37.1,Middlesex,CJL Rogers,DJ Malan,MJ Leach,4,0,,,,,,"",""
ball,3,37.2,Middlesex,CJL Rogers,DJ Malan,MJ Leach,0,0,,,,,,"",""
ball,3,37.3,Middlesex,CJL Rogers,DJ Malan,MJ Leach,0,0,,,,,,"",""
ball,3,37.4,Middlesex,CJL Rogers,DJ Malan,MJ Leach,0,0,,,,,,"",""
ball,3,37.5,Middlesex,CJL Rogers,DJ Malan,MJ Leach,0,0,,,,,,"",""
ball,3,37.6,Middlesex,CJL Rogers,DJ Malan,MJ Leach,0,0,,,,,,"",""
ball,3,38.1,Middlesex,DJ Malan,CJL Rogers,TB Abell,1,0,,,,,,"",""
ball,3,38.2,Middlesex,CJL Rogers,DJ Malan,TB Abell,0,0,,,,,,"",""
ball,3,38.3,Middlesex,CJL Rogers,DJ Malan,TB Abell,0,0,,,,,,"",""
ball,3,38.4,Middlesex,CJL Rogers,DJ Malan,TB Abell,0,0,,,,,,"",""
ball,3,38.5,Middlesex,CJL Rogers,DJ Malan,TB Abell,0,0,,,,,,"",""
ball,3,38.6,Middlesex,CJL Rogers,DJ Malan,TB Abell,0,0,,,,,,"",""
ball,3,39.1,Middlesex,DJ Malan,CJL Rogers,MJ Leach,0,0,,,,,,"",""
ball,3,39.2,Middlesex,DJ Malan,CJL Rogers,MJ Leach,0,0,,,,,,"",""
ball,3,39.3,Middlesex,DJ Malan,CJL Rogers,MJ Leach,0,0,,,,,,"",""
ball,3,39.4,Middlesex,DJ Malan,CJL Rogers,MJ Leach,0,0,,,,,,"",""
ball,3,39.5,Middlesex,DJ Malan,CJL Rogers,MJ Leach,0,0,,,,,,"",""
ball,3,39.6,Middlesex,DJ Malan,CJL Rogers,MJ Leach,0,0,,,,,,"",""
ball,3,40.1,Middlesex,CJL Rogers,DJ Malan,TB Abell,2,0,,,,,,"",""
ball,3,40.2,Middlesex,CJL Rogers,DJ Malan,TB Abell,0,0,,,,,,"",""
ball,3,40.3,Middlesex,CJL Rogers,DJ Malan,TB Abell,0,0,,,,,,"",""
ball,3,40.4,Middlesex,CJL Rogers,DJ Malan,TB Abell,4,0,,,,,,"",""
ball,3,40.5,Middlesex,CJL Rogers,DJ Malan,TB Abell,4,0,,,,,,"",""
ball,3,40.6,Middlesex,CJL Rogers,DJ Malan,TB Abell,0,0,,,,,,"",""
ball,3,41.1,Middlesex,DJ Malan,CJL Rogers,MJ Leach,0,0,,,,,,"",""
ball,3,41.2,Middlesex,DJ Malan,CJL Rogers,MJ Leach,0,0,,,,,,"",""
ball,3,41.3,Middlesex,DJ Malan,CJL Rogers,MJ Leach,0,0,,,,,,"",""
ball,3,41.4,Middlesex,DJ Malan,CJL Rogers,MJ Leach,0,4,,,4,,,"",""
ball,3,41.5,Middlesex,DJ Malan,CJL Rogers,MJ Leach,0,0,,,,,,"",""
ball,3,41.6,Middlesex,DJ Malan,CJL Rogers,MJ Leach,1,0,,,,,,"",""
ball,3,42.1,Middlesex,DJ Malan,CJL Rogers,AC Thomas,0,0,,,,,,"",""
ball,3,42.2,Middlesex,DJ Malan,CJL Rogers,AC Thomas,0,0,,,,,,"",""
ball,3,42.3,Middlesex,DJ Malan,CJL Rogers,AC Thomas,0,0,,,,,,"",""
ball,3,42.4,Middlesex,DJ Malan,CJL Rogers,AC Thomas,0,0,,,,,,"",""
ball,3,42.5,Middlesex,DJ Malan,CJL Rogers,AC Thomas,0,0,,,,,,"",""
ball,3,42.6,Middlesex,DJ Malan,CJL Rogers,AC Thomas,0,0,,,,,,"",""
ball,3,43.1,Middlesex,CJL Rogers,DJ Malan,MJ Leach,4,0,,,,,,"",""
ball,3,43.2,Middlesex,CJL Rogers,DJ Malan,MJ Leach,0,0,,,,,,"",""
ball,3,43.3,Middlesex,CJL Rogers,DJ Malan,MJ Leach,4,0,,,,,,"",""
ball,3,43.4,Middlesex,CJL Rogers,DJ Malan,MJ Leach,0,0,,,,,,"",""
ball,3,43.5,Middlesex,CJL Rogers,DJ Malan,MJ Leach,2,0,,,,,,"",""
ball,3,43.6,Middlesex,CJL Rogers,DJ Malan,MJ Leach,0,0,,,,,,"",""
ball,3,44.1,Middlesex,DJ Malan,CJL Rogers,AC Thomas,0,0,,,,,,"",""
ball,3,44.2,Middlesex,DJ Malan,CJL Rogers,AC Thomas,0,0,,,,,,"",""
ball,3,44.3,Middlesex,DJ Malan,CJL Rogers,AC Thomas,0,0,,,,,,"",""
ball,3,44.4,Middlesex,DJ Malan,CJL Rogers,AC Thomas,0,0,,,,,,"",""
ball,3,44.5,Middlesex,DJ Malan,CJL Rogers,AC Thomas,0,0,,,,,,"",""
ball,3,44.6,Middlesex,DJ Malan,CJL Rogers,AC Thomas,0,0,,,,,,"",""
ball,3,45.1,Middlesex,CJL Rogers,DJ Malan,JG Myburgh,0,0,,,,,,"",""
ball,3,45.2,Middlesex,CJL Rogers,DJ Malan,JG Myburgh,0,0,,,,,,"",""
ball,3,45.3,Middlesex,CJL Rogers,DJ Malan,JG Myburgh,4,0,,,,,,"",""
ball,3,45.4,Middlesex,CJL Rogers,DJ Malan,JG Myburgh,1,0,,,,,,"",""
ball,3,45.5,Middlesex,DJ Malan,CJL Rogers,JG Myburgh,0,0,,,,,,"",""
ball,3,45.6,Middlesex,DJ Malan,CJL Rogers,JG Myburgh,0,0,,,,,,"",""
ball,3,46.1,Middlesex,CJL Rogers,DJ Malan,AC Thomas,0,0,,,,,,"",""
ball,3,46.2,Middlesex,CJL Rogers,DJ Malan,AC Thomas,0,0,,,,,,"",""
ball,3,46.3,Middlesex,CJL Rogers,DJ Malan,AC Thomas,0,0,,,,,,"",""
ball,3,46.4,Middlesex,CJL Rogers,DJ Malan,AC Thomas,0,0,,,,,,"",""
ball,3,46.5,Middlesex,CJL Rogers,DJ Malan,AC Thomas,0,0,,,,,,"",""
ball,3,46.6,Middlesex,CJL Rogers,DJ Malan,AC Thomas,0,0,,,,,,"",""
ball,3,47.1,Middlesex,DJ Malan,CJL Rogers,MJ Leach,0,0,,,,,,caught,DJ Malan
ball,3,47.2,Middlesex,JL Denly,CJL Rogers,MJ Leach,0,1,,,1,,,"",""
ball,3,47.3,Middlesex,CJL Rogers,JL Denly,MJ Leach,0,0,,,,,,"",""
ball,3,47.4,Middlesex,CJL Rogers,JL Denly,MJ Leach,0,0,,,,,,"",""
ball,3,47.5,Middlesex,CJL Rogers,JL Denly,MJ Leach,1,0,,,,,,"",""
ball,3,47.6,Middlesex,JL Denly,CJL Rogers,MJ Leach,0,0,,,,,,"",""
ball,3,48.1,Middlesex,CJL Rogers,JL Denly,AC Thomas,0,0,,,,,,"",""
ball,3,48.2,Middlesex,CJL Rogers,JL Denly,AC Thomas,0,0,,,,,,"",""
ball,3,48.3,Middlesex,CJL Rogers,JL Denly,AC Thomas,1,0,,,,,,"",""
ball,3,48.4,Middlesex,JL Denly,CJL Rogers,AC Thomas,3,0,,,,,,"",""
ball,3,48.5,Middlesex,CJL Rogers,JL Denly,AC Thomas,0,0,,,,,,"",""
ball,3,48.6,Middlesex,CJL Rogers,JL Denly,AC Thomas,4,0,,,,,,"",""
ball,3,49.1,Middlesex,JL Denly,CJL Rogers,MJ Leach,1,0,,,,,,"",""
ball,3,49.2,Middlesex,CJL Rogers,JL Denly,MJ Leach,1,0,,,,,,"",""
ball,3,49.3,Middlesex,JL Denly,CJL Rogers,MJ Leach,1,0,,,,,,"",""
ball,3,49.4,Middlesex,CJL Rogers,JL Denly,MJ Leach,0,0,,,,,,"",""
ball,3,49.5,Middlesex,CJL Rogers,JL Denly,MJ Leach,0,0,,,,,,"",""
ball,3,49.6,Middlesex,CJL Rogers,JL Denly,MJ Leach,0,0,,,,,,"",""
ball,3,50.1,Middlesex,JL Denly,CJL Rogers,AC Thomas,1,0,,,,,,"",""
ball,3,50.2,Middlesex,CJL Rogers,JL Denly,AC Thomas,0,0,,,,,,"",""
ball,3,50.3,Middlesex,CJL Rogers,JL Denly,AC Thomas,0,0,,,,,,"",""
ball,3,50.4,Middlesex,CJL Rogers,JL Denly,AC Thomas,4,0,,,,,,"",""
ball,3,50.5,Middlesex,CJL Rogers,JL Denly,AC Thomas,0,0,,,,,,"",""
ball,3,50.6,Middlesex,CJL Rogers,JL Denly,AC Thomas,1,0,,,,,,"",""
ball,3,51.1,Middlesex,CJL Rogers,JL Denly,MJ Leach,0,0,,,,,,"",""
ball,3,51.2,Middlesex,CJL Rogers,JL Denly,MJ Leach,0,0,,,,,,"",""
ball,3,51.3,Middlesex,CJL Rogers,JL Denly,MJ Leach,1,0,,,,,,"",""
ball,3,51.4,Middlesex,JL Denly,CJL Rogers,MJ Leach,0,0,,,,,,"",""
ball,3,51.5,Middlesex,JL Denly,CJL Rogers,MJ Leach,0,0,,,,,,"",""
ball,3,51.6,Middlesex,JL Denly,CJL Rogers,MJ Leach,0,0,,,,,,"",""
ball,3,52.1,Middlesex,CJL Rogers,JL Denly,AC Thomas,3,0,,,,,,"",""
ball,3,52.2,Middlesex,JL Denly,CJL Rogers,AC Thomas,4,0,,,,,,"",""
ball,3,52.3,Middlesex,JL Denly,CJL Rogers,AC Thomas,0,0,,,,,,"",""
ball,3,52.4,Middlesex,JL Denly,CJL Rogers,AC Thomas,1,0,,,,,,"",""
ball,3,52.5,Middlesex,CJL Rogers,JL Denly,AC Thomas,0,0,,,,,,"",""
ball,3,52.6,Middlesex,CJL Rogers,JL Denly,AC Thomas,1,0,,,,,,"",""
ball,3,53.1,Middlesex,CJL Rogers,JL Denly,MJ Leach,0,0,,,,,,"",""
ball,3,53.2,Middlesex,CJL Rogers,JL Denly,MJ Leach,0,0,,,,,,"",""
ball,3,53.3,Middlesex,CJL Rogers,JL Denly,MJ Leach,0,0,,,,,,"",""
ball,3,53.4,Middlesex,CJL Rogers,JL Denly,MJ Leach,4,0,,,,,,"",""
ball,3,53.5,Middlesex,CJL Rogers,JL Denly,MJ Leach,4,0,,,,,,"",""
ball,3,53.6,Middlesex,CJL Rogers,JL Denly,MJ Leach,0,0,,,,,,"",""
ball,3,54.1,Middlesex,JL Denly,CJL Rogers,C Overton,0,0,,,,,,"",""
ball,3,54.2,Middlesex,JL Denly,CJL Rogers,C Overton,1,0,,,,,,"",""
ball,3,54.3,Middlesex,CJL Rogers,JL Denly,C Overton,0,0,,,,,,"",""
ball,3,54.4,Middlesex,CJL Rogers,JL Denly,C Overton,0,0,,,,,,"",""
ball,3,54.5,Middlesex,CJL Rogers,JL Denly,C Overton,1,0,,,,,,"",""
ball,3,54.6,Middlesex,JL Denly,CJL Rogers,C Overton,0,0,,,,,,"",""
ball,3,55.1,Middlesex,CJL Rogers,JL Denly,MJ Leach,0,0,,,,,,"",""
ball,3,55.2,Middlesex,CJL Rogers,JL Denly,MJ Leach,1,0,,,,,,"",""
ball,3,55.3,Middlesex,JL Denly,CJL Rogers,MJ Leach,0,0,,,,,,"",""
ball,3,55.4,Middlesex,JL Denly,CJL Rogers,MJ Leach,0,0,,,,,,"",""
ball,3,55.5,Middlesex,JL Denly,CJL Rogers,MJ Leach,2,0,,,,,,"",""
ball,3,55.6,Middlesex,JL Denly,CJL Rogers,MJ Leach,0,0,,,,,,"",""
ball,3,56.1,Middlesex,CJL Rogers,JL Denly,C Overton,0,0,,,,,,"",""
ball,3,56.2,Middlesex,CJL Rogers,JL Denly,C Overton,0,0,,,,,,"",""
ball,3,56.3,Middlesex,CJL Rogers,JL Denly,C Overton,0,0,,,,,,"",""
ball,3,56.4,Middlesex,CJL Rogers,JL Denly,C Overton,1,0,,,,,,"",""
ball,3,56.5,Middlesex,JL Denly,CJL Rogers,C Overton,0,0,,,,,,"",""
ball,3,56.6,Middlesex,JL Denly,CJL Rogers,C Overton,4,0,,,,,,"",""
ball,3,57.1,Middlesex,CJL Rogers,JL Denly,MJ Leach,0,0,,,,,,"",""
ball,3,57.2,Middlesex,CJL Rogers,JL Denly,MJ Leach,0,0,,,,,,"",""
ball,3,57.3,Middlesex,CJL Rogers,JL Denly,MJ Leach,0,0,,,,,,"",""
ball,3,57.4,Middlesex,CJL Rogers,JL Denly,MJ Leach,0,0,,,,,,"",""
ball,3,57.5,Middlesex,CJL Rogers,JL Denly,MJ Leach,0,0,,,,,,"",""
ball,3,57.6,Middlesex,CJL Rogers,JL Denly,MJ Leach,1,0,,,,,,"",""
ball,3,58.1,Middlesex,CJL Rogers,JL Denly,C Overton,2,0,,,,,,"",""
ball,3,58.2,Middlesex,CJL Rogers,JL Denly,C Overton,0,0,,,,,,"",""
ball,3,58.3,Middlesex,CJL Rogers,JL Denly,C Overton,0,0,,,,,,"",""
ball,3,58.4,Middlesex,CJL Rogers,JL Denly,C Overton,0,0,,,,,,"",""
ball,3,58.5,Middlesex,CJL Rogers,JL Denly,C Overton,1,0,,,,,,"",""
ball,3,58.6,Middlesex,JL Denly,CJL Rogers,C Overton,0,0,,,,,,"",""
ball,3,59.1,Middlesex,CJL Rogers,JL Denly,MJ Leach,0,0,,,,,,"",""
ball,3,59.2,Middlesex,CJL Rogers,JL Denly,MJ Leach,0,0,,,,,,"",""
ball,3,59.3,Middlesex,CJL Rogers,JL Denly,MJ Leach,0,0,,,,,,"",""
ball,3,59.4,Middlesex,CJL Rogers,JL Denly,MJ Leach,1,0,,,,,,"",""
ball,3,59.5,Middlesex,JL Denly,CJL Rogers,MJ Leach,0,0,,,,,,"",""
ball,3,59.6,Middlesex,JL Denly,CJL Rogers,MJ Leach,0,0,,,,,,"",""
ball,3,60.1,Middlesex,CJL Rogers,JL Denly,JG Myburgh,0,0,,,,,,"",""
ball,3,60.2,Middlesex,CJL Rogers,JL Denly,JG Myburgh,1,0,,,,,,"",""
ball,3,60.3,Middlesex,JL Denly,CJL Rogers,JG Myburgh,0,0,,,,,,"",""
ball,3,60.4,Middlesex,JL Denly,CJL Rogers,JG Myburgh,0,0,,,,,,"",""
ball,3,60.5,Middlesex,JL Denly,CJL Rogers,JG Myburgh,0,0,,,,,,"",""
ball,3,60.6,Middlesex,JL Denly,CJL Rogers,JG Myburgh,0,0,,,,,,"",""
ball,3,61.1,Middlesex,CJL Rogers,JL Denly,MJ Leach,0,0,,,,,,"",""
ball,3,61.2,Middlesex,CJL Rogers,JL Denly,MJ Leach,0,0,,,,,,"",""
ball,3,61.3,Middlesex,CJL Rogers,JL Denly,MJ Leach,0,0,,,,,,"",""
ball,3,61.4,Middlesex,CJL Rogers,JL Denly,MJ Leach,1,0,,,,,,"",""
ball,3,61.5,Middlesex,JL Denly,CJL Rogers,MJ Leach,0,0,,,,,,"",""
ball,3,61.6,Middlesex,JL Denly,CJL Rogers,MJ Leach,0,0,,,,,,"",""
ball,3,62.1,Middlesex,CJL Rogers,JL Denly,JG Myburgh,0,0,,,,,,"",""
ball,3,62.2,Middlesex,CJL Rogers,JL Denly,JG Myburgh,0,0,,,,,,"",""
ball,3,62.3,Middlesex,CJL Rogers,JL Denly,JG Myburgh,2,0,,,,,,"",""
ball,3,62.4,Middlesex,CJL Rogers,JL Denly,JG Myburgh,0,0,,,,,,"",""
ball,3,62.5,Middlesex,CJL Rogers,JL Denly,JG Myburgh,0,0,,,,,,"",""
ball,3,62.6,Middlesex,CJL Rogers,JL Denly,JG Myburgh,0,0,,,,,,"",""
ball,3,63.1,Middlesex,JL Denly,CJL Rogers,MJ Leach,0,0,,,,,,"",""
ball,3,63.2,Middlesex,JL Denly,CJL Rogers,MJ Leach,0,0,,,,,,"",""
ball,3,63.3,Middlesex,JL Denly,CJL Rogers,MJ Leach,0,0,,,,,,"",""
ball,3,63.4,Middlesex,JL Denly,CJL Rogers,MJ Leach,0,0,,,,,,"",""
ball,3,63.5,Middlesex,JL Denly,CJL Rogers,MJ Leach,0,0,,,,,,"",""
ball,3,63.6,Middlesex,JL Denly,CJL Rogers,MJ Leach,0,0,,,,,,"",""
ball,3,64.1,Middlesex,CJL Rogers,JL Denly,JG Myburgh,0,0,,,,,,"",""
ball,3,64.2,Middlesex,CJL Rogers,JL Denly,JG Myburgh,0,0,,,,,,"",""
ball,3,64.3,Middlesex,CJL Rogers,JL Denly,JG Myburgh,0,0,,,,,,"",""
ball,3,64.4,Middlesex,CJL Rogers,JL Denly,JG Myburgh,0,0,,,,,,"",""
ball,3,64.5,Middlesex,CJL Rogers,JL Denly,JG Myburgh,0,0,,,,,,"",""
ball,3,64.6,Middlesex,CJL Rogers,JL Denly,JG Myburgh,2,0,,,,,,"",""
ball,3,65.1,Middlesex,JL Denly,CJL Rogers,MJ Leach,0,0,,,,,,"",""
ball,3,65.2,Middlesex,JL Denly,CJL Rogers,MJ Leach,0,0,,,,,,"",""
ball,3,65.3,Middlesex,JL Denly,CJL Rogers,MJ Leach,0,0,,,,,,"",""
ball,3,65.4,Middlesex,JL Denly,CJL Rogers,MJ Leach,0,0,,,,,,"",""
ball,3,65.5,Middlesex,JL Denly,CJL Rogers,MJ Leach,0,0,,,,,,"",""
ball,3,65.6,Middlesex,JL Denly,CJL Rogers,MJ Leach,0,0,,,,,,"",""
ball,3,66.1,Middlesex,CJL Rogers,JL Denly,JG Myburgh,0,0,,,,,,"",""
ball,3,66.2,Middlesex,CJL Rogers,JL Denly,JG Myburgh,0,0,,,,,,"",""
ball,3,66.3,Middlesex,CJL Rogers,JL Denly,JG Myburgh,0,0,,,,,,"",""
ball,3,66.4,Middlesex,CJL Rogers,JL Denly,JG Myburgh,0,0,,,,,,"",""
ball,3,66.5,Middlesex,CJL Rogers,JL Denly,JG Myburgh,1,0,,,,,,"",""
ball,3,66.6,Middlesex,JL Denly,CJL Rogers,JG Myburgh,0,0,,,,,,"",""
ball,3,67.1,Middlesex,CJL Rogers,JL Denly,MJ Leach,0,0,,,,,,"",""
ball,3,67.2,Middlesex,CJL Rogers,JL Denly,MJ Leach,0,0,,,,,,"",""
ball,3,67.3,Middlesex,CJL Rogers,JL Denly,MJ Leach,1,0,,,,,,"",""
ball,3,67.4,Middlesex,JL Denly,CJL Rogers,MJ Leach,0,0,,,,,,"",""
ball,3,67.5,Middlesex,JL Denly,CJL Rogers,MJ Leach,0,0,,,,,,"",""
ball,3,67.6,Middlesex,JL Denly,CJL Rogers,MJ Leach,0,0,,,,,,"",""
ball,3,68.1,Middlesex,CJL Rogers,JL Denly,JG Myburgh,0,0,,,,,,"",""
ball,3,68.2,Middlesex,CJL Rogers,JL Denly,JG Myburgh,0,0,,,,,,"",""
ball,3,68.3,Middlesex,CJL Rogers,JL Denly,JG Myburgh,0,0,,,,,,"",""
ball,3,68.4,Middlesex,CJL Rogers,JL Denly,JG Myburgh,0,0,,,,,,"",""
ball,3,68.5,Middlesex,CJL Rogers,JL Denly,JG Myburgh,0,0,,,,,,"",""
ball,3,68.6,Middlesex,CJL Rogers,JL Denly,JG Myburgh,0,0,,,,,,"",""
ball,3,69.1,Middlesex,JL Denly,CJL Rogers,MJ Leach,0,0,,,,,,"",""
ball,3,69.2,Middlesex,JL Denly,CJL Rogers,MJ Leach,0,0,,,,,,"",""
ball,3,69.3,Middlesex,JL Denly,CJL Rogers,MJ Leach,0,0,,,,,,"",""
ball,3,69.4,Middlesex,JL Denly,CJL Rogers,MJ Leach,0,0,,,,,,"",""
ball,3,69.5,Middlesex,JL Denly,CJL Rogers,MJ Leach,0,0,,,,,,"",""
ball,3,69.6,Middlesex,JL Denly,CJL Rogers,MJ Leach,1,0,,,,,,"",""
ball,3,70.1,Middlesex,JL Denly,CJL Rogers,JG Myburgh,0,0,,,,,,"",""
ball,3,70.2,Middlesex,JL Denly,CJL Rogers,JG Myburgh,0,0,,,,,,"",""
ball,3,70.3,Middlesex,JL Denly,CJL Rogers,JG Myburgh,0,0,,,,,,"",""
ball,3,70.4,Middlesex,JL Denly,CJL Rogers,JG Myburgh,0,0,,,,,,"",""
ball,3,70.5,Middlesex,JL Denly,CJL Rogers,JG Myburgh,1,0,,,,,,"",""
ball,3,70.6,Middlesex,CJL Rogers,JL Denly,JG Myburgh,4,0,,,,,,"",""
ball,3,71.1,Middlesex,JL Denly,CJL Rogers,MJ Leach,0,0,,,,,,"",""
ball,3,71.2,Middlesex,JL Denly,CJL Rogers,MJ Leach,0,0,,,,,,"",""
ball,3,71.3,Middlesex,JL Denly,CJL Rogers,MJ Leach,0,0,,,,,,"",""
ball,3,71.4,Middlesex,JL Denly,CJL Rogers,MJ Leach,0,0,,,,,,"",""
ball,3,71.5,Middlesex,JL Denly,CJL Rogers,MJ Leach,0,0,,,,,,"",""
ball,3,71.6,Middlesex,JL Denly,CJL Rogers,MJ Leach,1,0,,,,,,"",""
ball,3,72.1,Middlesex,JL Denly,CJL Rogers,NRD Compton,4,0,,,,,,"",""
ball,3,72.2,Middlesex,JL Denly,CJL Rogers,NRD Compton,1,0,,,,,,"",""
ball,3,72.3,Middlesex,CJL Rogers,JL Denly,NRD Compton,3,0,,,,,,"",""
ball,3,72.4,Middlesex,JL Denly,CJL Rogers,NRD Compton,0,0,,,,,,"",""
ball,3,72.5,Middlesex,JL Denly,CJL Rogers,NRD Compton,0,0,,,,,,"",""
ball,3,72.6,Middlesex,JL Denly,CJL Rogers,NRD Compton,0,0,,,,,,"",""
ball,3,73.1,Middlesex,CJL Rogers,JL Denly,JG Myburgh,0,0,,,,,,"",""
ball,3,73.2,Middlesex,CJL Rogers,JL Denly,JG Myburgh,1,0,,,,,,"",""
ball,3,73.3,Middlesex,JL Denly,CJL Rogers,JG Myburgh,0,0,,,,,,"",""
ball,3,73.4,Middlesex,JL Denly,CJL Rogers,JG Myburgh,0,0,,,,,,"",""
ball,3,73.5,Middlesex,JL Denly,CJL Rogers,JG Myburgh,0,0,,,,,,"",""
ball,3,73.6,Middlesex,JL Denly,CJL Rogers,JG Myburgh,0,0,,,,,,"",""
ball,3,74.1,Middlesex,CJL Rogers,JL Denly,MJ Leach,0,0,,,,,,"",""
ball,3,74.2,Middlesex,CJL Rogers,JL Denly,MJ Leach,1,0,,,,,,"",""
ball,3,74.3,Middlesex,JL Denly,CJL Rogers,MJ Leach,0,0,,,,,,"",""
ball,3,74.4,Middlesex,JL Denly,CJL Rogers,MJ Leach,0,0,,,,,,"",""
ball,3,74.5,Middlesex,JL Denly,CJL Rogers,MJ Leach,0,0,,,,,,"",""
ball,3,74.6,Middlesex,JL Denly,CJL Rogers,MJ Leach,0,0,,,,,,"",""
ball,3,75.1,Middlesex,CJL Rogers,JL Denly,JG Myburgh,0,0,,,,,,"",""
ball,3,75.2,Middlesex,CJL Rogers,JL Denly,JG Myburgh,1,0,,,,,,"",""
ball,3,75.3,Middlesex,JL Denly,CJL Rogers,JG Myburgh,0,0,,,,,,"",""
ball,3,75.4,Middlesex,JL Denly,CJL Rogers,JG Myburgh,0,0,,,,,,"",""
ball,3,75.5,Middlesex,JL Denly,CJL Rogers,JG Myburgh,0,0,,,,,,"",""
ball,3,75.6,Middlesex,JL Denly,CJL Rogers,JG Myburgh,0,0,,,,,,"",""
ball,3,76.1,Middlesex,CJL Rogers,JL Denly,MJ Leach,0,0,,,,,,"",""
ball,3,76.2,Middlesex,CJL Rogers,JL Denly,MJ Leach,0,0,,,,,,"",""
ball,3,76.3,Middlesex,CJL Rogers,JL Denly,MJ Leach,0,0,,,,,,"",""
ball,3,76.4,Middlesex,CJL Rogers,JL Denly,MJ Leach,0,0,,,,,,"",""
ball,3,76.5,Middlesex,CJL Rogers,JL Denly,MJ Leach,0,0,,,,,,"",""
ball,3,76.6,Middlesex,CJL Rogers,JL Denly,MJ Leach,0,0,,,,,,"",""
ball,3,77.1,Middlesex,JL Denly,CJL Rogers,JG Myburgh,3,0,,,,,,"",""
ball,3,77.2,Middlesex,CJL Rogers,JL Denly,JG Myburgh,1,0,,,,,,"",""
ball,3,77.3,Middlesex,JL Denly,CJL Rogers,JG Myburgh,0,0,,,,,,"",""
ball,3,77.4,Middlesex,JL Denly,CJL Rogers,JG Myburgh,2,0,,,,,,"",""
ball,3,77.5,Middlesex,JL Denly,CJL Rogers,JG Myburgh,0,0,,,,,,"",""
ball,3,77.6,Middlesex,JL Denly,CJL Rogers,JG Myburgh,0,0,,,,,,"",""
ball,3,78.1,Middlesex,CJL Rogers,JL Denly,MJ Leach,0,0,,,,,,"",""
ball,3,78.2,Middlesex,CJL Rogers,JL Denly,MJ Leach,0,0,,,,,,"",""
ball,3,78.3,Middlesex,CJL Rogers,JL Denly,MJ Leach,0,0,,,,,,"",""
ball,3,78.4,Middlesex,CJL Rogers,JL Denly,MJ Leach,0,0,,,,,,"",""
ball,3,78.5,Middlesex,CJL Rogers,JL Denly,MJ Leach,1,0,,,,,,"",""
ball,3,78.6,Middlesex,JL Denly,CJL Rogers,MJ Leach,0,0,,,,,,"",""
ball,3,79.1,Middlesex,CJL Rogers,JL Denly,JG Myburgh,1,0,,,,,,"",""
ball,3,79.2,Middlesex,JL Denly,CJL Rogers,JG Myburgh,0,0,,,,,,"",""
ball,3,79.3,Middlesex,JL Denly,CJL Rogers,JG Myburgh,3,0,,,,,,"",""
ball,3,79.4,Middlesex,CJL Rogers,JL Denly,JG Myburgh,1,0,,,,,,"",""
ball,3,79.5,Middlesex,JL Denly,CJL Rogers,JG Myburgh,0,0,,,,,,"",""
ball,3,79.6,Middlesex,JL Denly,CJL Rogers,JG Myburgh,0,0,,,,,,"",""
ball,3,80.1,Middlesex,CJL Rogers,JL Denly,AC Thomas,0,0,,,,,,"",""
ball,3,80.2,Middlesex,CJL Rogers,JL Denly,AC Thomas,0,0,,,,,,"",""
ball,3,80.3,Middlesex,CJL Rogers,JL Denly,AC Thomas,0,0,,,,,,"",""
ball,3,80.4,Middlesex,CJL Rogers,JL Denly,AC Thomas,0,0,,,,,,"",""
ball,3,80.5,Middlesex,CJL Rogers,JL Denly,AC Thomas,0,0,,,,,,"",""
ball,3,80.6,Middlesex,CJL Rogers,JL Denly,AC Thomas,1,0,,,,,,"",""
ball,3,81.1,Middlesex,CJL Rogers,JL Denly,PD Trego,4,0,,,,,,"",""
ball,3,81.2,Middlesex,CJL Rogers,JL Denly,PD Trego,0,0,,,,,,"",""
ball,3,81.3,Middlesex,CJL Rogers,JL Denly,PD Trego,0,0,,,,,,"",""
ball,3,81.4,Middlesex,CJL Rogers,JL Denly,PD Trego,0,0,,,,,,"",""
ball,3,81.5,Middlesex,CJL Rogers,JL Denly,PD Trego,0,0,,,,,,"",""
ball,3,81.6,Middlesex,CJL Rogers,JL Denly,PD Trego,0,0,,,,,,"",""
ball,3,82.1,Middlesex,JL Denly,CJL Rogers,AC Thomas,0,0,,,,,,"",""
ball,3,82.2,Middlesex,JL Denly,CJL Rogers,AC Thomas,2,0,,,,,,"",""
ball,3,82.3,Middlesex,JL Denly,CJL Rogers,AC Thomas,0,0,,,,,,"",""
ball,3,82.4,Middlesex,JL Denly,CJL Rogers,AC Thomas,0,0,,,,,,"",""
ball,3,82.5,Middlesex,JL Denly,CJL Rogers,AC Thomas,0,0,,,,,,"",""
ball,3,82.6,Middlesex,JL Denly,CJL Rogers,AC Thomas,3,0,,,,,,"",""
ball,3,83.1,Middlesex,JL Denly,CJL Rogers,PD Trego,4,0,,,,,,"",""
ball,3,83.2,Middlesex,JL Denly,CJL Rogers,PD Trego,0,0,,,,,,"",""
ball,3,83.3,Middlesex,JL Denly,CJL Rogers,PD Trego,1,0,,,,,,"",""
ball,3,83.4,Middlesex,CJL Rogers,JL Denly,PD Trego,0,0,,,,,,"",""
ball,3,83.5,Middlesex,CJL Rogers,JL Denly,PD Trego,0,0,,,,,,"",""
ball,3,83.6,Middlesex,CJL Rogers,JL Denly,PD Trego,0,0,,,,,,"",""
ball,3,84.1,Middlesex,JL Denly,CJL Rogers,AC Thomas,0,0,,,,,,"",""
ball,3,84.2,Middlesex,JL Denly,CJL Rogers,AC Thomas,0,0,,,,,,"",""
ball,3,84.3,Middlesex,JL Denly,CJL Rogers,AC Thomas,0,0,,,,,,"",""
ball,3,84.4,Middlesex,JL Denly,CJL Rogers,AC Thomas,0,0,,,,,,"",""
ball,3,84.5,Middlesex,JL Denly,CJL Rogers,AC Thomas,0,0,,,,,,"",""
ball,3,84.6,Middlesex,JL Denly,CJL Rogers,AC Thomas,0,0,,,,,,"",""
ball,3,85.1,Middlesex,CJL Rogers,JL Denly,PD Trego,0,0,,,,,,"",""
ball,3,85.2,Middlesex,CJL Rogers,JL Denly,PD Trego,0,0,,,,,,"",""
ball,3,85.3,Middlesex,CJL Rogers,JL Denly,PD Trego,0,0,,,,,,"",""
ball,3,85.4,Middlesex,CJL Rogers,JL Denly,PD Trego,0,0,,,,,,"",""
ball,3,85.5,Middlesex,CJL Rogers,JL Denly,PD Trego,0,0,,,,,,"",""
ball,3,85.6,Middlesex,CJL Rogers,JL Denly,PD Trego,0,0,,,,,,"",""
ball,3,86.1,Middlesex,JL Denly,CJL Rogers,AC Thomas,0,0,,,,,,"",""
ball,3,86.2,Middlesex,JL Denly,CJL Rogers,AC Thomas,0,0,,,,,,"",""
ball,3,86.3,Middlesex,JL Denly,CJL Rogers,AC Thomas,0,0,,,,,,"",""
ball,3,86.4,Middlesex,JL Denly,CJL Rogers,AC Thomas,0,0,,,,,,"",""
ball,3,86.5,Middlesex,JL Denly,CJL Rogers,AC Thomas,0,0,,,,,,"",""
ball,3,86.6,Middlesex,JL Denly,CJL Rogers,AC Thomas,0,0,,,,,,"",""
ball,3,87.1,Middlesex,CJL Rogers,JL Denly,PD Trego,0,0,,,,,,"",""
ball,3,87.2,Middlesex,CJL Rogers,JL Denly,PD Trego,4,0,,,,,,"",""
ball,3,87.3,Middlesex,CJL Rogers,JL Denly,PD Trego,0,0,,,,,,"",""
ball,3,87.4,Middlesex,CJL Rogers,JL Denly,PD Trego,0,0,,,,,,"",""
ball,3,87.5,Middlesex,CJL Rogers,JL Denly,PD Trego,0,0,,,,,,"",""
ball,3,87.6,Middlesex,CJL Rogers,JL Denly,PD Trego,0,0,,,,,,"",""
ball,3,88.1,Middlesex,JL Denly,CJL Rogers,AC Thomas,1,0,,,,,,"",""
ball,3,88.2,Middlesex,CJL Rogers,JL Denly,AC Thomas,0,0,,,,,,"",""
ball,3,88.3,Middlesex,CJL Rogers,JL Denly,AC Thomas,4,0,,,,,,"",""
ball,3,88.4,Middlesex,CJL Rogers,JL Denly,AC Thomas,1,0,,,,,,"",""
ball,3,88.5,Middlesex,JL Denly,CJL Rogers,AC Thomas,0,0,,,,,,"",""
ball,3,88.6,Middlesex,JL Denly,CJL Rogers,AC Thomas,0,0,,,,,,"",""
ball,3,89.1,Middlesex,CJL Rogers,JL Denly,PD Trego,0,0,,,,,,"",""
ball,3,89.2,Middlesex,CJL Rogers,JL Denly,PD Trego,4,0,,,,,,"",""
ball,3,89.3,Middlesex,CJL Rogers,JL Denly,PD Trego,0,0,,,,,,"",""
ball,3,89.4,Middlesex,CJL Rogers,JL Denly,PD Trego,0,1,,,,1,,"",""
ball,3,89.5,Middlesex,JL Denly,CJL Rogers,PD Trego,0,0,,,,,,"",""
ball,3,89.6,Middlesex,JL Denly,CJL Rogers,PD Trego,0,0,,,,,,"",""
ball,3,90.1,Middlesex,CJL Rogers,JL Denly,TD Groenewald,0,0,,,,,,"",""
ball,3,90.2,Middlesex,CJL Rogers,JL Denly,TD Groenewald,0,0,,,,,,"",""
ball,3,90.3,Middlesex,CJL Rogers,JL Denly,TD Groenewald,0,0,,,,,,"",""
ball,3,90.4,Middlesex,CJL Rogers,JL Denly,TD Groenewald,0,0,,,,,,"",""
ball,3,90.5,Middlesex,CJL Rogers,JL Denly,TD Groenewald,0,0,,,,,,"",""
ball,3,90.6,Middlesex,CJL Rogers,JL Denly,TD Groenewald,0,0,,,,,,"",""
ball,3,91.1,Middlesex,JL Denly,CJL Rogers,PD Trego,0,0,,,,,,"",""
ball,3,91.2,Middlesex,JL Denly,CJL Rogers,PD Trego,0,0,,,,,,"",""
ball,3,91.3,Middlesex,JL Denly,CJL Rogers,PD Trego,4,0,,,,,,"",""
ball,3,91.4,Middlesex,JL Denly,CJL Rogers,PD Trego,1,0,,,,,,"",""
ball,3,91.5,Middlesex,CJL Rogers,JL Denly,PD Trego,0,0,,,,,,"",""
ball,3,91.6,Middlesex,CJL Rogers,JL Denly,PD Trego,1,0,,,,,,"",""
ball,3,92.1,Middlesex,CJL Rogers,JL Denly,TD Groenewald,0,0,,,,,,"",""
ball,3,92.2,Middlesex,CJL Rogers,JL Denly,TD Groenewald,1,0,,,,,,"",""
ball,3,92.3,Middlesex,JL Denly,CJL Rogers,TD Groenewald,0,0,,,,,,"",""
ball,3,92.4,Middlesex,JL Denly,CJL Rogers,TD Groenewald,0,0,,,,,,"",""
ball,3,92.5,Middlesex,JL Denly,CJL Rogers,TD Groenewald,0,0,,,,,,"",""
ball,3,92.6,Middlesex,JL Denly,CJL Rogers,TD Groenewald,0,0,,,,,,"",""
ball,3,93.1,Middlesex,CJL Rogers,JL Denly,PD Trego,1,0,,,,,,"",""
ball,3,93.2,Middlesex,JL Denly,CJL Rogers,PD Trego,0,0,,,,,,"",""
ball,3,93.3,Middlesex,JL Denly,CJL Rogers,PD Trego,0,0,,,,,,"",""
ball,3,93.4,Middlesex,JL Denly,CJL Rogers,PD Trego,0,0,,,,,,"",""
ball,3,93.5,Middlesex,JL Denly,CJL Rogers,PD Trego,0,0,,,,,,"",""
ball,3,93.6,Middlesex,JL Denly,CJL Rogers,PD Trego,0,0,,,,,,"",""
ball,3,94.1,Middlesex,CJL Rogers,JL Denly,TD Groenewald,0,0,,,,,,"",""
ball,3,94.2,Middlesex,CJL Rogers,JL Denly,TD Groenewald,0,0,,,,,,"",""
ball,3,94.3,Middlesex,CJL Rogers,JL Denly,TD Groenewald,4,0,,,,,,"",""
ball,3,94.4,Middlesex,CJL Rogers,JL Denly,TD Groenewald,0,0,,,,,,"",""
ball,3,94.5,Middlesex,CJL Rogers,JL Denly,TD Groenewald,0,0,,,,,,"",""
ball,3,94.6,Middlesex,CJL Rogers,JL Denly,TD Groenewald,0,0,,,,,,"",""
ball,3,95.1,Middlesex,JL Denly,CJL Rogers,PD Trego,0,0,,,,,,"",""
ball,3,95.2,Middlesex,JL Denly,CJL Rogers,PD Trego,0,0,,,,,,"",""
ball,3,95.3,Middlesex,JL Denly,CJL Rogers,PD Trego,0,0,,,,,,"",""
ball,3,95.4,Middlesex,JL Denly,CJL Rogers,PD Trego,1,0,,,,,,"",""
ball,3,95.5,Middlesex,CJL Rogers,JL Denly,PD Trego,0,0,,,,,,"",""
ball,3,95.6,Middlesex,CJL Rogers,JL Denly,PD Trego,0,0,,,,,,"",""
ball,3,96.1,Middlesex,JL Denly,CJL Rogers,TD Groenewald,0,0,,,,,,"",""
ball,3,96.2,Middlesex,JL Denly,CJL Rogers,TD Groenewald,1,0,,,,,,"",""
ball,3,96.3,Middlesex,CJL Rogers,JL Denly,TD Groenewald,0,0,,,,,,"",""
ball,3,96.4,Middlesex,CJL Rogers,JL Denly,TD Groenewald,0,0,,,,,,"",""
ball,3,96.5,Middlesex,CJL Rogers,JL Denly,TD Groenewald,0,0,,,,,,"",""
ball,3,96.6,Middlesex,CJL Rogers,JL Denly,TD Groenewald,0,0,,,,,,"",""
ball,3,97.1,Middlesex,JL Denly,CJL Rogers,C Overton,0,0,,,,,,"",""
ball,3,97.2,Middlesex,JL Denly,CJL Rogers,C Overton,0,0,,,,,,"",""
ball,3,97.3,Middlesex,JL Denly,CJL Rogers,C Overton,0,0,,,,,,"",""
ball,3,97.4,Middlesex,JL Denly,CJL Rogers,C Overton,4,0,,,,,,"",""
ball,3,97.5,Middlesex,JL Denly,CJL Rogers,C Overton,0,0,,,,,,"",""
ball,3,97.6,Middlesex,JL Denly,CJL Rogers,C Overton,0,0,,,,,,"",""
ball,3,98.1,Middlesex,CJL Rogers,JL Denly,TD Groenewald,1,0,,,,,,"",""
ball,3,98.2,Middlesex,JL Denly,CJL Rogers,TD Groenewald,0,0,,,,,,"",""
ball,3,98.3,Middlesex,JL Denly,CJL Rogers,TD Groenewald,0,0,,,,,,"",""
ball,3,98.4,Middlesex,JL Denly,CJL Rogers,TD Groenewald,0,0,,,,,,"",""
ball,3,98.5,Middlesex,JL Denly,CJL Rogers,TD Groenewald,0,0,,,,,,"",""
ball,3,98.6,Middlesex,JL Denly,CJL Rogers,TD Groenewald,4,0,,,,,,"",""
ball,3,99.1,Middlesex,CJL Rogers,JL Denly,C Overton,1,0,,,,,,"",""
ball,3,99.2,Middlesex,JL Denly,CJL Rogers,C Overton,0,0,,,,,,lbw,JL Denly
ball,3,99.3,Middlesex,EJG Morgan,CJL Rogers,C Overton,0,0,,,,,,"",""
ball,3,99.4,Middlesex,EJG Morgan,CJL Rogers,C Overton,0,0,,,,,,"",""
ball,3,99.5,Middlesex,EJG Morgan,CJL Rogers,C Overton,0,0,,,,,,"",""
ball,3,99.6,Middlesex,EJG Morgan,CJL Rogers,C Overton,0,0,,,,,,"",""
ball,3,100.1,Middlesex,CJL Rogers,EJG Morgan,TD Groenewald,0,0,,,,,,"",""
ball,3,100.2,Middlesex,CJL Rogers,EJG Morgan,TD Groenewald,0,0,,,,,,"",""
ball,3,100.3,Middlesex,CJL Rogers,EJG Morgan,TD Groenewald,0,0,,,,,,"",""
ball,3,100.4,Middlesex,CJL Rogers,EJG Morgan,TD Groenewald,0,0,,,,,,"",""
ball,3,100.5,Middlesex,CJL Rogers,EJG Morgan,TD Groenewald,1,0,,,,,,"",""
ball,3,100.6,Middlesex,EJG Morgan,CJL Rogers,TD Groenewald,0,0,,,,,,"",""
ball,3,101.1,Middlesex,CJL Rogers,EJG Morgan,C Overton,0,0,,,,,,"",""
ball,3,101.2,Middlesex,CJL Rogers,EJG Morgan,C Overton,0,0,,,,,,"",""
ball,3,101.3,Middlesex,CJL Rogers,EJG Morgan,C Overton,0,0,,,,,,"",""
ball,3,101.4,Middlesex,CJL Rogers,EJG Morgan,C Overton,1,0,,,,,,"",""
ball,3,101.5,Middlesex,EJG Morgan,CJL Rogers,C Overton,0,0,,,,,,bowled,EJG Morgan
ball,3,101.6,Middlesex,NJ Dexter,CJL Rogers,C Overton,0,0,,,,,,"",""
ball,3,102.1,Middlesex,CJL Rogers,NJ Dexter,TD Groenewald,0,0,,,,,,"",""
ball,3,102.2,Middlesex,CJL Rogers,NJ Dexter,TD Groenewald,0,0,,,,,,"",""
ball,3,102.3,Middlesex,CJL Rogers,NJ Dexter,TD Groenewald,1,0,,,,,,"",""
ball,3,102.4,Middlesex,NJ Dexter,CJL Rogers,TD Groenewald,0,0,,,,,,"",""
ball,3,102.5,Middlesex,NJ Dexter,CJL Rogers,TD Groenewald,0,0,,,,,,"",""
ball,3,102.6,Middlesex,NJ Dexter,CJL Rogers,TD Groenewald,0,0,,,,,,"",""
ball,3,103.1,Middlesex,CJL Rogers,NJ Dexter,C Overton,0,0,,,,,,"",""
ball,3,103.2,Middlesex,CJL Rogers,NJ Dexter,C Overton,1,0,,,,,,"",""
ball,3,103.3,Middlesex,NJ Dexter,CJL Rogers,C Overton,1,0,,,,,,"",""
ball,3,103.4,Middlesex,CJL Rogers,NJ Dexter,C Overton,1,0,,,,,,"",""
ball,3,103.5,Middlesex,NJ Dexter,CJL Rogers,C Overton,0,0,,,,,,"",""
ball,3,103.6,Middlesex,NJ Dexter,CJL Rogers,C Overton,0,0,,,,,,"",""
ball,3,104.1,Middlesex,CJL Rogers,NJ Dexter,TD Groenewald,0,0,,,,,,"",""
ball,3,104.2,Middlesex,CJL Rogers,NJ Dexter,TD Groenewald,1,0,,,,,,"",""
ball,3,104.3,Middlesex,NJ Dexter,CJL Rogers,TD Groenewald,0,0,,,,,,"",""
ball,3,104.4,Middlesex,NJ Dexter,CJL Rogers,TD Groenewald,0,0,,,,,,"",""
ball,3,104.5,Middlesex,NJ Dexter,CJL Rogers,TD Groenewald,0,0,,,,,,"",""
ball,3,104.6,Middlesex,NJ Dexter,CJL Rogers,TD Groenewald,0,0,,,,,,"",""
ball,3,105.1,Middlesex,CJL Rogers,NJ Dexter,C Overton,0,0,,,,,,"",""
ball,3,105.2,Middlesex,CJL Rogers,NJ Dexter,C Overton,0,0,,,,,,"",""
ball,3,105.3,Middlesex,CJL Rogers,NJ Dexter,C Overton,0,4,,,4,,,"",""
ball,3,105.4,Middlesex,CJL Rogers,NJ Dexter,C Overton,0,0,,,,,,"",""
ball,3,105.5,Middlesex,CJL Rogers,NJ Dexter,C Overton,0,0,,,,,,"",""
ball,3,105.6,Middlesex,CJL Rogers,NJ Dexter,C Overton,4,0,,,,,,"",""
ball,3,106.1,Middlesex,NJ Dexter,CJL Rogers,MJ Leach,0,0,,,,,,"",""
ball,3,106.2,Middlesex,NJ Dexter,CJL Rogers,MJ Leach,0,0,,,,,,"",""
ball,3,106.3,Middlesex,NJ Dexter,CJL Rogers,MJ Leach,0,0,,,,,,"",""
ball,3,106.4,Middlesex,NJ Dexter,CJL Rogers,MJ Leach,0,0,,,,,,"",""
ball,3,106.5,Middlesex,NJ Dexter,CJL Rogers,MJ Leach,0,0,,,,,,"",""
ball,3,106.6,Middlesex,NJ Dexter,CJL Rogers,MJ Leach,0,0,,,,,,"",""
ball,3,107.1,Middlesex,CJL Rogers,NJ Dexter,C Overton,0,0,,,,,,"",""
ball,3,107.2,Middlesex,CJL Rogers,NJ Dexter,C Overton,0,0,,,,,,"",""
ball,3,107.3,Middlesex,CJL Rogers,NJ Dexter,C Overton,0,0,,,,,,"",""
ball,3,107.4,Middlesex,CJL Rogers,NJ Dexter,C Overton,1,0,,,,,,"",""
ball,3,107.5,Middlesex,NJ Dexter,CJL Rogers,C Overton,0,0,,,,,,"",""
ball,3,107.6,Middlesex,NJ Dexter,CJL Rogers,C Overton,0,0,,,,,,"",""
ball,3,108.1,Middlesex,CJL Rogers,NJ Dexter,MJ Leach,0,0,,,,,,"",""
ball,3,108.2,Middlesex,CJL Rogers,NJ Dexter,MJ Leach,0,0,,,,,,"",""
ball,3,108.3,Middlesex,CJL Rogers,NJ Dexter,MJ Leach,0,0,,,,,,"",""
ball,3,108.4,Middlesex,CJL Rogers,NJ Dexter,MJ Leach,0,0,,,,,,"",""
ball,3,108.5,Middlesex,CJL Rogers,NJ Dexter,MJ Leach,0,0,,,,,,"",""
ball,3,108.6,Middlesex,CJL Rogers,NJ Dexter,MJ Leach,0,0,,,,,,"",""
ball,3,109.1,Middlesex,NJ Dexter,CJL Rogers,C Overton,0,0,,,,,,"",""
ball,3,109.2,Middlesex,NJ Dexter,CJL Rogers,C Overton,0,0,,,,,,"",""
ball,3,109.3,Middlesex,NJ Dexter,CJL Rogers,C Overton,0,0,,,,,,"",""
ball,3,109.4,Middlesex,NJ Dexter,CJL Rogers,C Overton,0,0,,,,,,"",""
ball,3,109.5,Middlesex,NJ Dexter,CJL Rogers,C Overton,0,0,,,,,,"",""
ball,3,109.6,Middlesex,NJ Dexter,CJL Rogers,C Overton,0,0,,,,,,"",""
ball,3,110.1,Middlesex,CJL Rogers,NJ Dexter,MJ Leach,0,0,,,,,,"",""
ball,3,110.2,Middlesex,CJL Rogers,NJ Dexter,MJ Leach,0,0,,,,,,"",""
ball,3,110.3,Middlesex,CJL Rogers,NJ Dexter,MJ Leach,0,0,,,,,,"",""
ball,3,110.4,Middlesex,CJL Rogers,NJ Dexter,MJ Leach,0,4,,,4,,,"",""
ball,3,110.5,Middlesex,CJL Rogers,NJ Dexter,MJ Leach,0,0,,,,,,"",""
ball,3,110.6,Middlesex,CJL Rogers,NJ Dexter,MJ Leach,0,0,,,,,,"",""
ball,3,111.1,Middlesex,NJ Dexter,CJL Rogers,C Overton,0,0,,,,,,"",""
ball,3,111.2,Middlesex,NJ Dexter,CJL Rogers,C Overton,0,0,,,,,,"",""
ball,3,111.3,Middlesex,NJ Dexter,CJL Rogers,C Overton,0,0,,,,,,"",""
ball,3,111.4,Middlesex,NJ Dexter,CJL Rogers,C Overton,0,0,,,,,,"",""
ball,3,111.5,Middlesex,NJ Dexter,CJL Rogers,C Overton,0,0,,,,,,"",""
ball,3,111.6,Middlesex,NJ Dexter,CJL Rogers,C Overton,1,0,,,,,,"",""
ball,3,112.1,Middlesex,NJ Dexter,CJL Rogers,MJ Leach,0,0,,,,,,"",""
ball,3,112.2,Middlesex,NJ Dexter,CJL Rogers,MJ Leach,0,0,,,,,,"",""
ball,3,112.3,Middlesex,NJ Dexter,CJL Rogers,MJ Leach,0,0,,,,,,"",""
ball,3,112.4,Middlesex,NJ Dexter,CJL Rogers,MJ Leach,1,0,,,,,,"",""
ball,3,112.5,Middlesex,CJL Rogers,NJ Dexter,MJ Leach,0,0,,,,,,"",""
ball,3,112.6,Middlesex,CJL Rogers,NJ Dexter,MJ Leach,0,0,,,,,,"",""
ball,3,113.1,Middlesex,NJ Dexter,CJL Rogers,C Overton,0,0,,,,,,"",""
ball,3,113.2,Middlesex,NJ Dexter,CJL Rogers,C Overton,0,0,,,,,,"",""
ball,3,113.3,Middlesex,NJ Dexter,CJL Rogers,C Overton,1,0,,,,,,"",""
ball,3,113.4,Middlesex,CJL Rogers,NJ Dexter,C Overton,0,0,,,,,,"",""
ball,3,113.5,Middlesex,CJL Rogers,NJ Dexter,C Overton,0,0,,,,,,"",""
ball,3,113.6,Middlesex,CJL Rogers,NJ Dexter,C Overton,0,0,,,,,,"",""
ball,3,114.1,Middlesex,NJ Dexter,CJL Rogers,MJ Leach,0,0,,,,,,"",""
ball,3,114.2,Middlesex,NJ Dexter,CJL Rogers,MJ Leach,0,0,,,,,,"",""
ball,3,114.3,Middlesex,NJ Dexter,CJL Rogers,MJ Leach,0,0,,,,,,"",""
ball,3,114.4,Middlesex,NJ Dexter,CJL Rogers,MJ Leach,0,0,,,,,,"",""
ball,3,114.5,Middlesex,NJ Dexter,CJL Rogers,MJ Leach,0,0,,,,,,"",""
ball,3,114.6,Middlesex,NJ Dexter,CJL Rogers,MJ Leach,0,0,,,,,,"",""
ball,3,115.1,Middlesex,CJL Rogers,NJ Dexter,JG Myburgh,0,0,,,,,,"",""
ball,3,115.2,Middlesex,CJL Rogers,NJ Dexter,JG Myburgh,0,0,,,,,,"",""
ball,3,115.3,Middlesex,CJL Rogers,NJ Dexter,JG Myburgh,0,0,,,,,,"",""
ball,3,115.4,Middlesex,CJL Rogers,NJ Dexter,JG Myburgh,1,0,,,,,,"",""
ball,3,115.5,Middlesex,NJ Dexter,CJL Rogers,JG Myburgh,0,0,,,,,,"",""
ball,3,115.6,Middlesex,NJ Dexter,CJL Rogers,JG Myburgh,0,0,,,,,,"",""
ball,3,116.1,Middlesex,CJL Rogers,NJ Dexter,MJ Leach,1,0,,,,,,"",""
ball,3,116.2,Middlesex,NJ Dexter,CJL Rogers,MJ Leach,0,0,,,,,,"",""
ball,3,116.3,Middlesex,NJ Dexter,CJL Rogers,MJ Leach,4,0,,,,,,"",""
ball,3,116.4,Middlesex,NJ Dexter,CJL Rogers,MJ Leach,0,0,,,,,,"",""
ball,3,116.5,Middlesex,NJ Dexter,CJL Rogers,MJ Leach,0,0,,,,,,"",""
ball,3,116.6,Middlesex,NJ Dexter,CJL Rogers,MJ Leach,0,0,,,,,,"",""
ball,3,117.1,Middlesex,CJL Rogers,NJ Dexter,JG Myburgh,0,0,,,,,,"",""
ball,3,117.2,Middlesex,CJL Rogers,NJ Dexter,JG Myburgh,0,0,,,,,,"",""
ball,3,117.3,Middlesex,CJL Rogers,NJ Dexter,JG Myburgh,0,0,,,,,,"",""
ball,3,117.4,Middlesex,CJL Rogers,NJ Dexter,JG Myburgh,0,0,,,,,,"",""
ball,3,117.5,Middlesex,CJL Rogers,NJ Dexter,JG Myburgh,1,0,,,,,,"",""
ball,3,117.6,Middlesex,NJ Dexter,CJL Rogers,JG Myburgh,0,0,,,,,,"",""
ball,3,118.1,Middlesex,CJL Rogers,NJ Dexter,MJ Leach,2,0,,,,,,"",""
ball,3,118.2,Middlesex,CJL Rogers,NJ Dexter,MJ Leach,0,0,,,,,,"",""
ball,3,118.3,Middlesex,CJL Rogers,NJ Dexter,MJ Leach,0,0,,,,,,"",""
ball,3,118.4,Middlesex,CJL Rogers,NJ Dexter,MJ Leach,0,0,,,,,,"",""
ball,3,118.5,Middlesex,CJL Rogers,NJ Dexter,MJ Leach,0,0,,,,,,"",""
ball,3,118.6,Middlesex,CJL Rogers,NJ Dexter,MJ Leach,0,0,,,,,,"",""
ball,3,119.1,Middlesex,NJ Dexter,CJL Rogers,JG Myburgh,0,0,,,,,,"",""
ball,3,119.2,Middlesex,NJ Dexter,CJL Rogers,JG Myburgh,0,0,,,,,,"",""
ball,3,119.3,Middlesex,NJ Dexter,CJL Rogers,JG Myburgh,0,0,,,,,,"",""
ball,3,119.4,Middlesex,NJ Dexter,CJL Rogers,JG Myburgh,4,0,,,,,,"",""
ball,3,119.5,Middlesex,NJ Dexter,CJL Rogers,JG Myburgh,0,0,,,,,,"",""
ball,3,119.6,Middlesex,NJ Dexter,CJL Rogers,JG Myburgh,0,0,,,,,,"",""
ball,3,120.1,Middlesex,CJL Rogers,NJ Dexter,MJ Leach,0,0,,,,,,"",""
ball,3,120.2,Middlesex,CJL Rogers,NJ Dexter,MJ Leach,0,0,,,,,,"",""
ball,3,120.3,Middlesex,CJL Rogers,NJ Dexter,MJ Leach,4,0,,,,,,"",""
ball,3,120.4,Middlesex,CJL Rogers,NJ Dexter,MJ Leach,0,0,,,,,,"",""
ball,3,120.5,Middlesex,CJL Rogers,NJ Dexter,MJ Leach,0,0,,,,,,"",""
ball,3,120.6,Middlesex,CJL Rogers,NJ Dexter,MJ Leach,0,0,,,,,,"",""
ball,3,121.1,Middlesex,NJ Dexter,CJL Rogers,JG Myburgh,0,0,,,,,,"",""
ball,3,121.2,Middlesex,NJ Dexter,CJL Rogers,JG Myburgh,0,0,,,,,,"",""
ball,3,121.3,Middlesex,NJ Dexter,CJL Rogers,JG Myburgh,0,0,,,,,,"",""
ball,3,121.4,Middlesex,NJ Dexter,CJL Rogers,JG Myburgh,0,0,,,,,,"",""
ball,3,121.5,Middlesex,NJ Dexter,CJL Rogers,JG Myburgh,0,0,,,,,,"",""
ball,3,121.6,Middlesex,NJ Dexter,CJL Rogers,JG Myburgh,0,0,,,,,,"",""
ball,3,122.1,Middlesex,CJL Rogers,NJ Dexter,MJ Leach,4,0,,,,,,"",""
ball,3,122.2,Middlesex,CJL Rogers,NJ Dexter,MJ Leach,0,0,,,,,,"",""
ball,3,122.3,Middlesex,CJL Rogers,NJ Dexter,MJ Leach,0,0,,,,,,"",""
ball,3,122.4,Middlesex,CJL Rogers,NJ Dexter,MJ Leach,0,0,,,,,,"",""
ball,3,122.5,Middlesex,CJL Rogers,NJ Dexter,MJ Leach,0,0,,,,,,"",""
ball,3,122.6,Middlesex,CJL Rogers,NJ Dexter,MJ Leach,0,0,,,,,,"",""
