version,1.7.0
info,balls_per_over,6
info,team,Central Stags
info,team,Wellington Firebirds
info,gender,male
info,season,2014/15
info,date,2015/03/08
info,date,2015/03/09
info,date,2015/03/10
info,date,2015/03/11
info,event,Plunket Shield
info,venue,"Pukekura Park, New Plymouth"
info,city,New Plymouth
info,toss_winner,Central Stags
info,toss_decision,bat
info,umpire,CM Brown
info,umpire,PD Jones
info,match_referee,DM Quested
info,winner,Wellington Firebirds
info,winner_wickets,3
info,player,Wellington Firebirds,MHW Papps
info,player,Wellington Firebirds,D Joon
info,player,Wellington Firebirds,SJ Murdoch
info,player,Wellington Firebirds,MA Pollard
info,player,Wellington Firebirds,JEC Franklin
info,player,Wellington Firebirds,TA Blundell
info,player,Wellington Firebirds,AD Day
info,player,Wellington Firebirds,JS Patel
info,player,Wellington Firebirds,MB McEwan
info,player,Wellington Firebirds,AJ McKay
info,player,Wellington Firebirds,BJ Arnel
info,player,Central Stags,GH Worker
info,player,Central Stags,DT Meiring
info,player,Central Stags,GR Hay
info,player,Central Stags,WA Young
info,player,Central Stags,TC Bruce
info,player,Central Stags,CFK van Wyk
info,player,Central Stags,DAJ Bracewell
info,player,Central Stags,BM Wheeler
info,player,Central Stags,AY Patel
info,player,Central Stags,SHA Rance
info,player,Central Stags,AW Mathieson
info,registry,people,AD Day,4255615e
info,registry,people,AJ McKay,de3acffe
info,registry,people,AW Mathieson,c661789d
info,registry,people,AY Patel,fbd4f01f
info,registry,people,BJ Arnel,a5ac694f
info,registry,people,BM Wheeler,397f4d3a
info,registry,people,CFK van Wyk,24fd039c
info,registry,people,CM Brown,448f4f1c
info,registry,people,D Joon,9bcc2b54
info,registry,people,DAJ Bracewell,2e9fdf9b
info,registry,people,DM Quested,bb312212
info,registry,people,DT Meiring,9b69f3ec
info,registry,people,GH Worker,51a36d3e
info,registry,people,GR Hay,5bcd48df
info,registry,people,JEC Franklin,cf73ad76
info,registry,people,JS Patel,f5821615
info,registry,people,MA Pollard,d3b84c59
info,registry,people,MB McEwan,b87fb772
info,registry,people,MHW Papps,6c1beb66
info,registry,people,PD Jones,169be239
info,registry,people,SHA Rance,69c994e4
info,registry,people,SJ Murdoch,2415a225
info,registry,people,TA Blundell,21e5f325
info,registry,people,TC Bruce,f92c9151
info,registry,people,WA Young,8afe73e2
ball,1,0.1,Central Stags,GH Worker,DT Meiring,BJ Arnel,0,0,,,,,,"",""
ball,1,0.2,Central Stags,GH Worker,DT Meiring,BJ Arnel,0,0,,,,,,"",""
ball,1,0.3,Central Stags,GH Worker,DT Meiring,BJ Arnel,0,0,,,,,,"",""
ball,1,0.4,Central Stags,GH Worker,DT Meiring,BJ Arnel,0,0,,,,,,"",""
ball,1,0.5,Central Stags,GH Worker,DT Meiring,BJ Arnel,0,0,,,,,,"",""
ball,1,0.6,Central Stags,GH Worker,DT Meiring,BJ Arnel,1,0,,,,,,"",""
ball,1,1.1,Central Stags,GH Worker,DT Meiring,MB McEwan,0,0,,,,,,"",""
ball,1,1.2,Central Stags,GH Worker,DT Meiring,MB McEwan,0,0,,,,,,"",""
ball,1,1.3,Central Stags,GH Worker,DT Meiring,MB McEwan,4,0,,,,,,"",""
ball,1,1.4,Central Stags,GH Worker,DT Meiring,MB McEwan,0,0,,,,,,"",""
ball,1,1.5,Central Stags,GH Worker,DT Meiring,MB McEwan,1,0,,,,,,"",""
ball,1,1.6,Central Stags,DT Meiring,GH Worker,MB McEwan,0,0,,,,,,"",""
ball,1,2.1,Central Stags,GH Worker,DT Meiring,BJ Arnel,0,0,,,,,,"",""
ball,1,2.2,Central Stags,GH Worker,DT Meiring,BJ Arnel,0,0,,,,,,"",""
ball,1,2.3,Central Stags,GH Worker,DT Meiring,BJ Arnel,0,0,,,,,,"",""
ball,1,2.4,Central Stags,GH Worker,DT Meiring,BJ Arnel,1,0,,,,,,"",""
ball,1,2.5,Central Stags,DT Meiring,GH Worker,BJ Arnel,0,0,,,,,,"",""
ball,1,2.6,Central Stags,DT Meiring,GH Worker,BJ Arnel,0,0,,,,,,"",""
ball,1,3.1,Central Stags,GH Worker,DT Meiring,MB McEwan,0,0,,,,,,"",""
ball,1,3.2,Central Stags,GH Worker,DT Meiring,MB McEwan,0,0,,,,,,"",""
ball,1,3.3,Central Stags,GH Worker,DT Meiring,MB McEwan,0,0,,,,,,"",""
ball,1,3.4,Central Stags,GH Worker,DT Meiring,MB McEwan,4,0,,,,,,"",""
ball,1,3.5,Central Stags,GH Worker,DT Meiring,MB McEwan,0,0,,,,,,"",""
ball,1,3.6,Central Stags,GH Worker,DT Meiring,MB McEwan,0,0,,,,,,"",""
ball,1,4.1,Central Stags,DT Meiring,GH Worker,BJ Arnel,0,0,,,,,,caught,DT Meiring
ball,1,4.2,Central Stags,GR Hay,GH Worker,BJ Arnel,1,0,,,,,,"",""
ball,1,4.3,Central Stags,GH Worker,GR Hay,BJ Arnel,2,0,,,,,,"",""
ball,1,4.4,Central Stags,GH Worker,GR Hay,BJ Arnel,0,0,,,,,,"",""
ball,1,4.5,Central Stags,GH Worker,GR Hay,BJ Arnel,0,0,,,,,,"",""
ball,1,4.6,Central Stags,GH Worker,GR Hay,BJ Arnel,0,0,,,,,,"",""
ball,1,5.1,Central Stags,GR Hay,GH Worker,MB McEwan,0,0,,,,,,"",""
ball,1,5.2,Central Stags,GR Hay,GH Worker,MB McEwan,0,0,,,,,,"",""
ball,1,5.3,Central Stags,GR Hay,GH Worker,MB McEwan,0,0,,,,,,"",""
ball,1,5.4,Central Stags,GR Hay,GH Worker,MB McEwan,0,0,,,,,,"",""
ball,1,5.5,Central Stags,GR Hay,GH Worker,MB McEwan,0,0,,,,,,"",""
ball,1,5.6,Central Stags,GR Hay,GH Worker,MB McEwan,0,0,,,,,,"",""
ball,1,6.1,Central Stags,GH Worker,GR Hay,BJ Arnel,0,0,,,,,,"",""
ball,1,6.2,Central Stags,GH Worker,GR Hay,BJ Arnel,4,0,,,,,,"",""
ball,1,6.3,Central Stags,GH Worker,GR Hay,BJ Arnel,0,0,,,,,,"",""
ball,1,6.4,Central Stags,GH Worker,GR Hay,BJ Arnel,0,0,,,,,,"",""
ball,1,6.5,Central Stags,GH Worker,GR Hay,BJ Arnel,1,0,,,,,,"",""
ball,1,6.6,Central Stags,GR Hay,GH Worker,BJ Arnel,0,0,,,,,,"",""
ball,1,7.1,Central Stags,GH Worker,GR Hay,MB McEwan,0,0,,,,,,"",""
ball,1,7.2,Central Stags,GH Worker,GR Hay,MB McEwan,4,0,,,,,,"",""
ball,1,7.3,Central Stags,GH Worker,GR Hay,MB McEwan,0,0,,,,,,"",""
ball,1,7.4,Central Stags,GH Worker,GR Hay,MB McEwan,0,0,,,,,,"",""
ball,1,7.5,Central Stags,GH Worker,GR Hay,MB McEwan,1,0,,,,,,"",""
ball,1,7.6,Central Stags,GR Hay,GH Worker,MB McEwan,0,0,,,,,,"",""
ball,1,8.1,Central Stags,GH Worker,GR Hay,BJ Arnel,0,0,,,,,,"",""
ball,1,8.2,Central Stags,GH Worker,GR Hay,BJ Arnel,0,0,,,,,,"",""
ball,1,8.3,Central Stags,GH Worker,GR Hay,BJ Arnel,0,0,,,,,,"",""
ball,1,8.4,Central Stags,GH Worker,GR Hay,BJ Arnel,4,0,,,,,,"",""
ball,1,8.5,Central Stags,GH Worker,GR Hay,BJ Arnel,0,0,,,,,,"",""
ball,1,8.6,Central Stags,GH Worker,GR Hay,BJ Arnel,0,0,,,,,,"",""
ball,1,9.1,Central Stags,GR Hay,GH Worker,MB McEwan,0,0,,,,,,"",""
ball,1,9.2,Central Stags,GR Hay,GH Worker,MB McEwan,0,0,,,,,,"",""
ball,1,9.3,Central Stags,GR Hay,GH Worker,MB McEwan,0,0,,,,,,"",""
ball,1,9.4,Central Stags,GR Hay,GH Worker,MB McEwan,0,0,,,,,,"",""
ball,1,9.5,Central Stags,GR Hay,GH Worker,MB McEwan,0,0,,,,,,"",""
ball,1,9.6,Central Stags,GR Hay,GH Worker,MB McEwan,0,0,,,,,,"",""
ball,1,10.1,Central Stags,GH Worker,GR Hay,AJ McKay,0,0,,,,,,"",""
ball,1,10.2,Central Stags,GH Worker,GR Hay,AJ McKay,0,0,,,,,,"",""
ball,1,10.3,Central Stags,GH Worker,GR Hay,AJ McKay,1,0,,,,,,"",""
ball,1,10.4,Central Stags,GR Hay,GH Worker,AJ McKay,0,0,,,,,,"",""
ball,1,10.5,Central Stags,GR Hay,GH Worker,AJ McKay,0,0,,,,,,"",""
ball,1,10.6,Central Stags,GR Hay,GH Worker,AJ McKay,4,0,,,,,,"",""
ball,1,11.1,Central Stags,GH Worker,GR Hay,MB McEwan,2,0,,,,,,"",""
ball,1,11.2,Central Stags,GH Worker,GR Hay,MB McEwan,4,0,,,,,,"",""
ball,1,11.3,Central Stags,GH Worker,GR Hay,MB McEwan,0,0,,,,,,"",""
ball,1,11.4,Central Stags,GH Worker,GR Hay,MB McEwan,4,0,,,,,,"",""
ball,1,11.5,Central Stags,GH Worker,GR Hay,MB McEwan,2,0,,,,,,"",""
ball,1,11.6,Central Stags,GH Worker,GR Hay,MB McEwan,0,0,,,,,,"",""
ball,1,12.1,Central Stags,GR Hay,GH Worker,AJ McKay,4,0,,,,,,"",""
ball,1,12.2,Central Stags,GR Hay,GH Worker,AJ McKay,0,0,,,,,,"",""
ball,1,12.3,Central Stags,GR Hay,GH Worker,AJ McKay,0,0,,,,,,"",""
ball,1,12.4,Central Stags,GR Hay,GH Worker,AJ McKay,0,0,,,,,,"",""
ball,1,12.5,Central Stags,GR Hay,GH Worker,AJ McKay,4,0,,,,,,"",""
ball,1,12.6,Central Stags,GR Hay,GH Worker,AJ McKay,0,0,,,,,,"",""
ball,1,13.1,Central Stags,GH Worker,GR Hay,MB McEwan,0,1,,1,,,,"",""
ball,1,13.2,Central Stags,GH Worker,GR Hay,MB McEwan,0,0,,,,,,"",""
ball,1,13.3,Central Stags,GH Worker,GR Hay,MB McEwan,1,0,,,,,,"",""
ball,1,13.4,Central Stags,GR Hay,GH Worker,MB McEwan,1,0,,,,,,"",""
ball,1,13.5,Central Stags,GH Worker,GR Hay,MB McEwan,0,0,,,,,,"",""
ball,1,13.6,Central Stags,GH Worker,GR Hay,MB McEwan,0,0,,,,,,"",""
ball,1,13.7,Central Stags,GH Worker,GR Hay,MB McEwan,1,0,,,,,,"",""
ball,1,14.1,Central Stags,GH Worker,GR Hay,AJ McKay,0,0,,,,,,"",""
ball,1,14.2,Central Stags,GH Worker,GR Hay,AJ McKay,0,0,,,,,,"",""
ball,1,14.3,Central Stags,GH Worker,GR Hay,AJ McKay,1,0,,,,,,"",""
ball,1,14.4,Central Stags,GR Hay,GH Worker,AJ McKay,0,0,,,,,,"",""
ball,1,14.5,Central Stags,GR Hay,GH Worker,AJ McKay,0,0,,,,,,"",""
ball,1,14.6,Central Stags,GR Hay,GH Worker,AJ McKay,2,0,,,,,,"",""
ball,1,15.1,Central Stags,GH Worker,GR Hay,JS Patel,1,0,,,,,,"",""
ball,1,15.2,Central Stags,GR Hay,GH Worker,JS Patel,0,0,,,,,,"",""
ball,1,15.3,Central Stags,GR Hay,GH Worker,JS Patel,0,0,,,,,,"",""
ball,1,15.4,Central Stags,GR Hay,GH Worker,JS Patel,1,0,,,,,,"",""
ball,1,15.5,Central Stags,GH Worker,GR Hay,JS Patel,0,0,,,,,,"",""
ball,1,15.6,Central Stags,GH Worker,GR Hay,JS Patel,0,0,,,,,,"",""
ball,1,16.1,Central Stags,GR Hay,GH Worker,AJ McKay,0,0,,,,,,"",""
ball,1,16.2,Central Stags,GR Hay,GH Worker,AJ McKay,0,0,,,,,,"",""
ball,1,16.3,Central Stags,GR Hay,GH Worker,AJ McKay,4,0,,,,,,"",""
ball,1,16.4,Central Stags,GR Hay,GH Worker,AJ McKay,0,0,,,,,,"",""
ball,1,16.5,Central Stags,GR Hay,GH Worker,AJ McKay,4,0,,,,,,"",""
ball,1,16.6,Central Stags,GR Hay,GH Worker,AJ McKay,0,0,,,,,,"",""
ball,1,17.1,Central Stags,GH Worker,GR Hay,JS Patel,0,0,,,,,,"",""
ball,1,17.2,Central Stags,GH Worker,GR Hay,JS Patel,4,0,,,,,,"",""
ball,1,17.3,Central Stags,GH Worker,GR Hay,JS Patel,0,0,,,,,,"",""
ball,1,17.4,Central Stags,GH Worker,GR Hay,JS Patel,0,0,,,,,,"",""
ball,1,17.5,Central Stags,GH Worker,GR Hay,JS Patel,0,0,,,,,,"",""
ball,1,17.6,Central Stags,GH Worker,GR Hay,JS Patel,0,0,,,,,,"",""
ball,1,18.1,Central Stags,GR Hay,GH Worker,AJ McKay,0,0,,,,,,"",""
ball,1,18.2,Central Stags,GR Hay,GH Worker,AJ McKay,0,0,,,,,,"",""
ball,1,18.3,Central Stags,GR Hay,GH Worker,AJ McKay,0,0,,,,,,"",""
ball,1,18.4,Central Stags,GR Hay,GH Worker,AJ McKay,0,0,,,,,,"",""
ball,1,18.5,Central Stags,GR Hay,GH Worker,AJ McKay,0,0,,,,,,"",""
ball,1,18.6,Central Stags,GR Hay,GH Worker,AJ McKay,4,0,,,,,,"",""
ball,1,19.1,Central Stags,GH Worker,GR Hay,JS Patel,0,0,,,,,,"",""
ball,1,19.2,Central Stags,GH Worker,GR Hay,JS Patel,0,0,,,,,,"",""
ball,1,19.3,Central Stags,GH Worker,GR Hay,JS Patel,0,0,,,,,,"",""
ball,1,19.4,Central Stags,GH Worker,GR Hay,JS Patel,0,0,,,,,,"",""
ball,1,19.5,Central Stags,GH Worker,GR Hay,JS Patel,0,0,,,,,,"",""
ball,1,19.6,Central Stags,GH Worker,GR Hay,JS Patel,0,0,,,,,,"",""
ball,1,20.1,Central Stags,GR Hay,GH Worker,BJ Arnel,0,0,,,,,,"",""
ball,1,20.2,Central Stags,GR Hay,GH Worker,BJ Arnel,0,0,,,,,,"",""
ball,1,20.3,Central Stags,GR Hay,GH Worker,BJ Arnel,0,0,,,,,,"",""
ball,1,20.4,Central Stags,GR Hay,GH Worker,BJ Arnel,0,0,,,,,,"",""
ball,1,20.5,Central Stags,GR Hay,GH Worker,BJ Arnel,1,0,,,,,,"",""
ball,1,20.6,Central Stags,GH Worker,GR Hay,BJ Arnel,0,0,,,,,,"",""
ball,1,21.1,Central Stags,GR Hay,GH Worker,JS Patel,0,0,,,,,,"",""
ball,1,21.2,Central Stags,GR Hay,GH Worker,JS Patel,0,0,,,,,,"",""
ball,1,21.3,Central Stags,GR Hay,GH Worker,JS Patel,0,0,,,,,,"",""
ball,1,21.4,Central Stags,GR Hay,GH Worker,JS Patel,0,0,,,,,,"",""
ball,1,21.5,Central Stags,GR Hay,GH Worker,JS Patel,0,0,,,,,,"",""
ball,1,21.6,Central Stags,GR Hay,GH Worker,JS Patel,0,0,,,,,,"",""
ball,1,22.1,Central Stags,GH Worker,GR Hay,BJ Arnel,0,0,,,,,,"",""
ball,1,22.2,Central Stags,GH Worker,GR Hay,BJ Arnel,0,0,,,,,,"",""
ball,1,22.3,Central Stags,GH Worker,GR Hay,BJ Arnel,0,0,,,,,,"",""
ball,1,22.4,Central Stags,GH Worker,GR Hay,BJ Arnel,4,0,,,,,,"",""
ball,1,22.5,Central Stags,GH Worker,GR Hay,BJ Arnel,0,0,,,,,,"",""
ball,1,22.6,Central Stags,GH Worker,GR Hay,BJ Arnel,0,0,,,,,,"",""
ball,1,23.1,Central Stags,GR Hay,GH Worker,JS Patel,1,0,,,,,,"",""
ball,1,23.2,Central Stags,GH Worker,GR Hay,JS Patel,0,0,,,,,,caught,GH Worker
ball,1,23.3,Central Stags,WA Young,GR Hay,JS Patel,0,0,,,,,,"",""
ball,1,23.4,Central Stags,WA Young,GR Hay,JS Patel,0,0,,,,,,"",""
ball,1,23.5,Central Stags,WA Young,GR Hay,JS Patel,4,0,,,,,,"",""
ball,1,23.6,Central Stags,WA Young,GR Hay,JS Patel,0,0,,,,,,"",""
ball,1,24.1,Central Stags,GR Hay,WA Young,BJ Arnel,0,0,,,,,,"",""
ball,1,24.2,Central Stags,GR Hay,WA Young,BJ Arnel,0,0,,,,,,"",""
ball,1,24.3,Central Stags,GR Hay,WA Young,BJ Arnel,0,0,,,,,,"",""
ball,1,24.4,Central Stags,GR Hay,WA Young,BJ Arnel,0,0,,,,,,"",""
ball,1,24.5,Central Stags,GR Hay,WA Young,BJ Arnel,1,0,,,,,,"",""
ball,1,24.6,Central Stags,WA Young,GR Hay,BJ Arnel,0,0,,,,,,"",""
ball,1,25.1,Central Stags,GR Hay,WA Young,JS Patel,1,0,,,,,,"",""
ball,1,25.2,Central Stags,WA Young,GR Hay,JS Patel,1,0,,,,,,"",""
ball,1,25.3,Central Stags,GR Hay,WA Young,JS Patel,0,0,,,,,,"",""
ball,1,25.4,Central Stags,GR Hay,WA Young,JS Patel,1,0,,,,,,"",""
ball,1,25.5,Central Stags,WA Young,GR Hay,JS Patel,0,0,,,,,,"",""
ball,1,25.6,Central Stags,WA Young,GR Hay,JS Patel,0,0,,,,,,"",""
ball,1,26.1,Central Stags,GR Hay,WA Young,BJ Arnel,2,0,,,,,,"",""
ball,1,26.2,Central Stags,GR Hay,WA Young,BJ Arnel,0,0,,,,,,"",""
ball,1,26.3,Central Stags,GR Hay,WA Young,BJ Arnel,0,0,,,,,,"",""
ball,1,26.4,Central Stags,GR Hay,WA Young,BJ Arnel,0,0,,,,,,"",""
ball,1,26.5,Central Stags,GR Hay,WA Young,BJ Arnel,0,0,,,,,,"",""
ball,1,26.6,Central Stags,GR Hay,WA Young,BJ Arnel,0,0,,,,,,"",""
ball,1,27.1,Central Stags,WA Young,GR Hay,JS Patel,0,0,,,,,,"",""
ball,1,27.2,Central Stags,WA Young,GR Hay,JS Patel,0,0,,,,,,"",""
ball,1,27.3,Central Stags,WA Young,GR Hay,JS Patel,0,0,,,,,,"",""
ball,1,27.4,Central Stags,WA Young,GR Hay,JS Patel,0,0,,,,,,"",""
ball,1,27.5,Central Stags,WA Young,GR Hay,JS Patel,0,0,,,,,,"",""
ball,1,27.6,Central Stags,WA Young,GR Hay,JS Patel,0,0,,,,,,"",""
ball,1,28.1,Central Stags,GR Hay,WA Young,BJ Arnel,0,0,,,,,,"",""
ball,1,28.2,Central Stags,GR Hay,WA Young,BJ Arnel,0,0,,,,,,"",""
ball,1,28.3,Central Stags,GR Hay,WA Young,BJ Arnel,2,0,,,,,,"",""
ball,1,28.4,Central Stags,GR Hay,WA Young,BJ Arnel,0,0,,,,,,"",""
ball,1,28.5,Central Stags,GR Hay,WA Young,BJ Arnel,0,0,,,,,,"",""
ball,1,28.6,Central Stags,GR Hay,WA Young,BJ Arnel,0,0,,,,,,"",""
ball,1,29.1,Central Stags,WA Young,GR Hay,JS Patel,1,0,,,,,,"",""
ball,1,29.2,Central Stags,GR Hay,WA Young,JS Patel,0,0,,,,,,"",""
ball,1,29.3,Central Stags,GR Hay,WA Young,JS Patel,1,0,,,,,,"",""
ball,1,29.4,Central Stags,WA Young,GR Hay,JS Patel,6,0,,,,,,"",""
ball,1,29.5,Central Stags,WA Young,GR Hay,JS Patel,0,0,,,,,,"",""
ball,1,29.6,Central Stags,WA Young,GR Hay,JS Patel,0,0,,,,,,"",""
ball,1,30.1,Central Stags,GR Hay,WA Young,BJ Arnel,0,0,,,,,,"",""
ball,1,30.2,Central Stags,GR Hay,WA Young,BJ Arnel,0,0,,,,,,"",""
ball,1,30.3,Central Stags,GR Hay,WA Young,BJ Arnel,0,0,,,,,,"",""
ball,1,30.4,Central Stags,GR Hay,WA Young,BJ Arnel,0,0,,,,,,"",""
ball,1,30.5,Central Stags,GR Hay,WA Young,BJ Arnel,0,0,,,,,,"",""
ball,1,30.6,Central Stags,GR Hay,WA Young,BJ Arnel,0,0,,,,,,"",""
ball,1,31.1,Central Stags,WA Young,GR Hay,JS Patel,0,0,,,,,,"",""
ball,1,31.2,Central Stags,WA Young,GR Hay,JS Patel,0,0,,,,,,"",""
ball,1,31.3,Central Stags,WA Young,GR Hay,JS Patel,0,0,,,,,,"",""
ball,1,31.4,Central Stags,WA Young,GR Hay,JS Patel,1,0,,,,,,"",""
ball,1,31.5,Central Stags,GR Hay,WA Young,JS Patel,0,0,,,,,,"",""
ball,1,31.6,Central Stags,GR Hay,WA Young,JS Patel,0,0,,,,,,"",""
ball,1,32.1,Central Stags,WA Young,GR Hay,BJ Arnel,0,0,,,,,,"",""
ball,1,32.2,Central Stags,WA Young,GR Hay,BJ Arnel,0,0,,,,,,"",""
ball,1,32.3,Central Stags,WA Young,GR Hay,BJ Arnel,0,0,,,,,,"",""
ball,1,32.4,Central Stags,WA Young,GR Hay,BJ Arnel,0,0,,,,,,"",""
ball,1,32.5,Central Stags,WA Young,GR Hay,BJ Arnel,0,0,,,,,,"",""
ball,1,32.6,Central Stags,WA Young,GR Hay,BJ Arnel,0,0,,,,,,"",""
ball,1,33.1,Central Stags,GR Hay,WA Young,AJ McKay,0,0,,,,,,"",""
ball,1,33.2,Central Stags,GR Hay,WA Young,AJ McKay,0,0,,,,,,"",""
ball,1,33.3,Central Stags,GR Hay,WA Young,AJ McKay,0,0,,,,,,"",""
ball,1,33.4,Central Stags,GR Hay,WA Young,AJ McKay,4,0,,,,,,"",""
ball,1,33.5,Central Stags,GR Hay,WA Young,AJ McKay,0,0,,,,,,"",""
ball,1,33.6,Central Stags,GR Hay,WA Young,AJ McKay,0,0,,,,,,"",""
ball,1,34.1,Central Stags,WA Young,GR Hay,BJ Arnel,0,0,,,,,,"",""
ball,1,34.2,Central Stags,WA Young,GR Hay,BJ Arnel,0,0,,,,,,"",""
ball,1,34.3,Central Stags,WA Young,GR Hay,BJ Arnel,0,0,,,,,,"",""
ball,1,34.4,Central Stags,WA Young,GR Hay,BJ Arnel,0,0,,,,,,"",""
ball,1,34.5,Central Stags,WA Young,GR Hay,BJ Arnel,0,0,,,,,,"",""
ball,1,34.6,Central Stags,WA Young,GR Hay,BJ Arnel,0,0,,,,,,"",""
ball,1,35.1,Central Stags,GR Hay,WA Young,AJ McKay,0,0,,,,,,"",""
ball,1,35.2,Central Stags,GR Hay,WA Young,AJ McKay,0,0,,,,,,"",""
ball,1,35.3,Central Stags,GR Hay,WA Young,AJ McKay,0,0,,,,,,"",""
ball,1,35.4,Central Stags,GR Hay,WA Young,AJ McKay,0,0,,,,,,"",""
ball,1,35.5,Central Stags,GR Hay,WA Young,AJ McKay,0,0,,,,,,"",""
ball,1,35.6,Central Stags,GR Hay,WA Young,AJ McKay,0,0,,,,,,"",""
ball,1,36.1,Central Stags,WA Young,GR Hay,BJ Arnel,0,0,,,,,,"",""
ball,1,36.2,Central Stags,WA Young,GR Hay,BJ Arnel,4,0,,,,,,"",""
ball,1,36.3,Central Stags,WA Young,GR Hay,BJ Arnel,0,0,,,,,,"",""
ball,1,36.4,Central Stags,WA Young,GR Hay,BJ Arnel,0,0,,,,,,"",""
ball,1,36.5,Central Stags,WA Young,GR Hay,BJ Arnel,4,0,,,,,,"",""
ball,1,36.6,Central Stags,WA Young,GR Hay,BJ Arnel,0,0,,,,,,"",""
ball,1,37.1,Central Stags,GR Hay,WA Young,AJ McKay,0,0,,,,,,"",""
ball,1,37.2,Central Stags,GR Hay,WA Young,AJ McKay,0,0,,,,,,"",""
ball,1,37.3,Central Stags,GR Hay,WA Young,AJ McKay,0,0,,,,,,"",""
ball,1,37.4,Central Stags,GR Hay,WA Young,AJ McKay,0,0,,,,,,"",""
ball,1,37.5,Central Stags,GR Hay,WA Young,AJ McKay,0,0,,,,,,"",""
ball,1,37.6,Central Stags,GR Hay,WA Young,AJ McKay,0,0,,,,,,caught,GR Hay
ball,1,38.1,Central Stags,WA Young,TC Bruce,MB McEwan,4,0,,,,,,"",""
ball,1,38.2,Central Stags,WA Young,TC Bruce,MB McEwan,0,1,,1,,,,"",""
ball,1,38.3,Central Stags,WA Young,TC Bruce,MB McEwan,2,0,,,,,,"",""
ball,1,38.4,Central Stags,WA Young,TC Bruce,MB McEwan,0,0,,,,,,"",""
ball,1,38.5,Central Stags,WA Young,TC Bruce,MB McEwan,0,0,,,,,,"",""
ball,1,38.6,Central Stags,WA Young,TC Bruce,MB McEwan,4,0,,,,,,"",""
ball,1,38.7,Central Stags,WA Young,TC Bruce,MB McEwan,4,0,,,,,,"",""
ball,1,39.1,Central Stags,TC Bruce,WA Young,AJ McKay,2,0,,,,,,"",""
ball,1,39.2,Central Stags,TC Bruce,WA Young,AJ McKay,2,0,,,,,,"",""
ball,1,39.3,Central Stags,TC Bruce,WA Young,AJ McKay,4,0,,,,,,"",""
ball,1,39.4,Central Stags,TC Bruce,WA Young,AJ McKay,0,0,,,,,,"",""
ball,1,39.5,Central Stags,TC Bruce,WA Young,AJ McKay,0,0,,,,,,"",""
ball,1,39.6,Central Stags,TC Bruce,WA Young,AJ McKay,0,0,,,,,,"",""
ball,1,40.1,Central Stags,WA Young,TC Bruce,MB McEwan,0,0,,,,,,"",""
ball,1,40.2,Central Stags,WA Young,TC Bruce,MB McEwan,0,0,,,,,,"",""
ball,1,40.3,Central Stags,WA Young,TC Bruce,MB McEwan,0,0,,,,,,"",""
ball,1,40.4,Central Stags,WA Young,TC Bruce,MB McEwan,0,0,,,,,,"",""
ball,1,40.5,Central Stags,WA Young,TC Bruce,MB McEwan,2,0,,,,,,"",""
ball,1,40.6,Central Stags,WA Young,TC Bruce,MB McEwan,0,0,,,,,,"",""
ball,1,41.1,Central Stags,TC Bruce,WA Young,AJ McKay,6,0,,,,,,"",""
ball,1,41.2,Central Stags,TC Bruce,WA Young,AJ McKay,0,0,,,,,,"",""
ball,1,41.3,Central Stags,TC Bruce,WA Young,AJ McKay,0,0,,,,,,"",""
ball,1,41.4,Central Stags,TC Bruce,WA Young,AJ McKay,0,0,,,,,,"",""
ball,1,41.5,Central Stags,TC Bruce,WA Young,AJ McKay,0,0,,,,,,"",""
ball,1,41.6,Central Stags,TC Bruce,WA Young,AJ McKay,0,0,,,,,,"",""
ball,1,42.1,Central Stags,WA Young,TC Bruce,MB McEwan,0,0,,,,,,"",""
ball,1,42.2,Central Stags,WA Young,TC Bruce,MB McEwan,0,0,,,,,,"",""
ball,1,42.3,Central Stags,WA Young,TC Bruce,MB McEwan,0,0,,,,,,"",""
ball,1,42.4,Central Stags,WA Young,TC Bruce,MB McEwan,0,0,,,,,,"",""
ball,1,42.5,Central Stags,WA Young,TC Bruce,MB McEwan,0,0,,,,,,"",""
ball,1,42.6,Central Stags,WA Young,TC Bruce,MB McEwan,4,0,,,,,,"",""
ball,1,43.1,Central Stags,TC Bruce,WA Young,AJ McKay,0,0,,,,,,"",""
ball,1,43.2,Central Stags,TC Bruce,WA Young,AJ McKay,1,0,,,,,,"",""
ball,1,43.3,Central Stags,WA Young,TC Bruce,AJ McKay,4,0,,,,,,"",""
ball,1,43.4,Central Stags,WA Young,TC Bruce,AJ McKay,0,0,,,,,,"",""
ball,1,43.5,Central Stags,WA Young,TC Bruce,AJ McKay,0,0,,,,,,"",""
ball,1,43.6,Central Stags,WA Young,TC Bruce,AJ McKay,1,0,,,,,,"",""
ball,1,44.1,Central Stags,WA Young,TC Bruce,MB McEwan,0,0,,,,,,"",""
ball,1,44.2,Central Stags,WA Young,TC Bruce,MB McEwan,0,0,,,,,,"",""
ball,1,44.3,Central Stags,WA Young,TC Bruce,MB McEwan,0,0,,,,,,"",""
ball,1,44.4,Central Stags,WA Young,TC Bruce,MB McEwan,0,0,,,,,,"",""
ball,1,44.5,Central Stags,WA Young,TC Bruce,MB McEwan,0,0,,,,,,"",""
ball,1,44.6,Central Stags,WA Young,TC Bruce,MB McEwan,4,0,,,,,,"",""
ball,1,45.1,Central Stags,TC Bruce,WA Young,AJ McKay,0,0,,,,,,"",""
ball,1,45.2,Central Stags,TC Bruce,WA Young,AJ McKay,0,0,,,,,,"",""
ball,1,45.3,Central Stags,TC Bruce,WA Young,AJ McKay,0,0,,,,,,"",""
ball,1,45.4,Central Stags,TC Bruce,WA Young,AJ McKay,0,0,,,,,,"",""
ball,1,45.5,Central Stags,TC Bruce,WA Young,AJ McKay,2,0,,,,,,"",""
ball,1,45.6,Central Stags,TC Bruce,WA Young,AJ McKay,0,0,,,,,,"",""
ball,1,46.1,Central Stags,WA Young,TC Bruce,JS Patel,0,0,,,,,,"",""
ball,1,46.2,Central Stags,WA Young,TC Bruce,JS Patel,0,0,,,,,,"",""
ball,1,46.3,Central Stags,WA Young,TC Bruce,JS Patel,0,0,,,,,,"",""
ball,1,46.4,Central Stags,WA Young,TC Bruce,JS Patel,0,0,,,,,,"",""
ball,1,46.5,Central Stags,WA Young,TC Bruce,JS Patel,0,0,,,,,,"",""
ball,1,46.6,Central Stags,WA Young,TC Bruce,JS Patel,0,0,,,,,,"",""
ball,1,47.1,Central Stags,TC Bruce,WA Young,AJ McKay,0,0,,,,,,"",""
ball,1,47.2,Central Stags,TC Bruce,WA Young,AJ McKay,1,0,,,,,,"",""
ball,1,47.3,Central Stags,WA Young,TC Bruce,AJ McKay,4,0,,,,,,"",""
ball,1,47.4,Central Stags,WA Young,TC Bruce,AJ McKay,0,0,,,,,,"",""
ball,1,47.5,Central Stags,WA Young,TC Bruce,AJ McKay,0,0,,,,,,"",""
ball,1,47.6,Central Stags,WA Young,TC Bruce,AJ McKay,0,0,,,,,,"",""
ball,1,48.1,Central Stags,TC Bruce,WA Young,JS Patel,0,0,,,,,,"",""
ball,1,48.2,Central Stags,TC Bruce,WA Young,JS Patel,0,0,,,,,,"",""
ball,1,48.3,Central Stags,TC Bruce,WA Young,JS Patel,0,0,,,,,,"",""
ball,1,48.4,Central Stags,TC Bruce,WA Young,JS Patel,0,0,,,,,,"",""
ball,1,48.5,Central Stags,TC Bruce,WA Young,JS Patel,0,0,,,,,,"",""
ball,1,48.6,Central Stags,TC Bruce,WA Young,JS Patel,0,0,,,,,,"",""
ball,1,49.1,Central Stags,WA Young,TC Bruce,AJ McKay,3,0,,,,,,"",""
ball,1,49.2,Central Stags,TC Bruce,WA Young,AJ McKay,0,0,,,,,,"",""
ball,1,49.3,Central Stags,TC Bruce,WA Young,AJ McKay,0,0,,,,,,"",""
ball,1,49.4,Central Stags,TC Bruce,WA Young,AJ McKay,0,0,,,,,,"",""
ball,1,49.5,Central Stags,TC Bruce,WA Young,AJ McKay,0,0,,,,,,"",""
ball,1,49.6,Central Stags,TC Bruce,WA Young,AJ McKay,0,0,,,,,,"",""
ball,1,50.1,Central Stags,WA Young,TC Bruce,JS Patel,0,0,,,,,,"",""
ball,1,50.2,Central Stags,WA Young,TC Bruce,JS Patel,0,0,,,,,,"",""
ball,1,50.3,Central Stags,WA Young,TC Bruce,JS Patel,0,0,,,,,,"",""
ball,1,50.4,Central Stags,WA Young,TC Bruce,JS Patel,0,0,,,,,,"",""
ball,1,50.5,Central Stags,WA Young,TC Bruce,JS Patel,0,0,,,,,,"",""
ball,1,50.6,Central Stags,WA Young,TC Bruce,JS Patel,0,0,,,,,,"",""
ball,1,51.1,Central Stags,TC Bruce,WA Young,MB McEwan,0,0,,,,,,"",""
ball,1,51.2,Central Stags,TC Bruce,WA Young,MB McEwan,0,0,,,,,,"",""
ball,1,51.3,Central Stags,TC Bruce,WA Young,MB McEwan,4,0,,,,,,"",""
ball,1,51.4,Central Stags,TC Bruce,WA Young,MB McEwan,0,0,,,,,,"",""
ball,1,51.5,Central Stags,TC Bruce,WA Young,MB McEwan,0,0,,,,,,"",""
ball,1,51.6,Central Stags,TC Bruce,WA Young,MB McEwan,4,0,,,,,,"",""
ball,1,52.1,Central Stags,WA Young,TC Bruce,JS Patel,0,0,,,,,,"",""
ball,1,52.2,Central Stags,WA Young,TC Bruce,JS Patel,0,0,,,,,,"",""
ball,1,52.3,Central Stags,WA Young,TC Bruce,JS Patel,0,0,,,,,,"",""
ball,1,52.4,Central Stags,WA Young,TC Bruce,JS Patel,6,0,,,,,,"",""
ball,1,52.5,Central Stags,WA Young,TC Bruce,JS Patel,1,0,,,,,,"",""
ball,1,52.6,Central Stags,TC Bruce,WA Young,JS Patel,0,0,,,,,,"",""
ball,1,53.1,Central Stags,WA Young,TC Bruce,MB McEwan,0,1,,,,1,,"",""
ball,1,53.2,Central Stags,TC Bruce,WA Young,MB McEwan,0,0,,,,,,"",""
ball,1,53.3,Central Stags,TC Bruce,WA Young,MB McEwan,0,0,,,,,,"",""
ball,1,53.4,Central Stags,TC Bruce,WA Young,MB McEwan,0,0,,,,,,"",""
ball,1,53.5,Central Stags,TC Bruce,WA Young,MB McEwan,0,0,,,,,,"",""
ball,1,53.6,Central Stags,TC Bruce,WA Young,MB McEwan,0,0,,,,,,caught,TC Bruce
ball,1,54.1,Central Stags,WA Young,CFK van Wyk,JS Patel,0,0,,,,,,"",""
ball,1,54.2,Central Stags,WA Young,CFK van Wyk,JS Patel,1,0,,,,,,"",""
ball,1,54.3,Central Stags,CFK van Wyk,WA Young,JS Patel,0,0,,,,,,"",""
ball,1,54.4,Central Stags,CFK van Wyk,WA Young,JS Patel,0,0,,,,,,"",""
ball,1,54.5,Central Stags,CFK van Wyk,WA Young,JS Patel,2,0,,,,,,"",""
ball,1,54.6,Central Stags,CFK van Wyk,WA Young,JS Patel,1,0,,,,,,"",""
ball,1,55.1,Central Stags,CFK van Wyk,WA Young,MB McEwan,0,0,,,,,,"",""
ball,1,55.2,Central Stags,CFK van Wyk,WA Young,MB McEwan,1,0,,,,,,"",""
ball,1,55.3,Central Stags,WA Young,CFK van Wyk,MB McEwan,0,0,,,,,,caught,WA Young
ball,1,55.4,Central Stags,DAJ Bracewell,CFK van Wyk,MB McEwan,1,0,,,,,,"",""
ball,1,55.5,Central Stags,CFK van Wyk,DAJ Bracewell,MB McEwan,0,0,,,,,,"",""
ball,1,55.6,Central Stags,CFK van Wyk,DAJ Bracewell,MB McEwan,0,0,,,,,,"",""
ball,1,56.1,Central Stags,DAJ Bracewell,CFK van Wyk,JS Patel,0,0,,,,,,"",""
ball,1,56.2,Central Stags,DAJ Bracewell,CFK van Wyk,JS Patel,0,0,,,,,,"",""
ball,1,56.3,Central Stags,DAJ Bracewell,CFK van Wyk,JS Patel,0,0,,,,,,"",""
ball,1,56.4,Central Stags,DAJ Bracewell,CFK van Wyk,JS Patel,0,0,,,,,,"",""
ball,1,56.5,Central Stags,DAJ Bracewell,CFK van Wyk,JS Patel,0,0,,,,,,"",""
ball,1,56.6,Central Stags,DAJ Bracewell,CFK van Wyk,JS Patel,0,0,,,,,,"",""
ball,1,57.1,Central Stags,CFK van Wyk,DAJ Bracewell,MB McEwan,0,0,,,,,,"",""
ball,1,57.2,Central Stags,CFK van Wyk,DAJ Bracewell,MB McEwan,0,0,,,,,,"",""
ball,1,57.3,Central Stags,CFK van Wyk,DAJ Bracewell,MB McEwan,0,1,,1,,,,"",""
ball,1,57.4,Central Stags,CFK van Wyk,DAJ Bracewell,MB McEwan,0,0,,,,,,"",""
ball,1,57.5,Central Stags,CFK van Wyk,DAJ Bracewell,MB McEwan,0,0,,,,,,"",""
ball,1,57.6,Central Stags,CFK van Wyk,DAJ Bracewell,MB McEwan,0,0,,,,,,"",""
ball,1,57.7,Central Stags,CFK van Wyk,DAJ Bracewell,MB McEwan,4,0,,,,,,"",""
ball,1,58.1,Central Stags,DAJ Bracewell,CFK van Wyk,JS Patel,1,0,,,,,,"",""
ball,1,58.2,Central Stags,CFK van Wyk,DAJ Bracewell,JS Patel,0,0,,,,,,"",""
ball,1,58.3,Central Stags,CFK van Wyk,DAJ Bracewell,JS Patel,0,0,,,,,,"",""
ball,1,58.4,Central Stags,CFK van Wyk,DAJ Bracewell,JS Patel,0,0,,,,,,"",""
ball,1,58.5,Central Stags,CFK van Wyk,DAJ Bracewell,JS Patel,0,0,,,,,,"",""
ball,1,58.6,Central Stags,CFK van Wyk,DAJ Bracewell,JS Patel,0,0,,,,,,"",""
ball,1,59.1,Central Stags,DAJ Bracewell,CFK van Wyk,MB McEwan,0,0,,,,,,"",""
ball,1,59.2,Central Stags,DAJ Bracewell,CFK van Wyk,MB McEwan,0,0,,,,,,"",""
ball,1,59.3,Central Stags,DAJ Bracewell,CFK van Wyk,MB McEwan,0,0,,,,,,"",""
ball,1,59.4,Central Stags,DAJ Bracewell,CFK van Wyk,MB McEwan,0,0,,,,,,"",""
ball,1,59.5,Central Stags,DAJ Bracewell,CFK van Wyk,MB McEwan,0,0,,,,,,"",""
ball,1,59.6,Central Stags,DAJ Bracewell,CFK van Wyk,MB McEwan,0,0,,,,,,"",""
ball,1,60.1,Central Stags,CFK van Wyk,DAJ Bracewell,JS Patel,0,0,,,,,,"",""
ball,1,60.2,Central Stags,CFK van Wyk,DAJ Bracewell,JS Patel,0,0,,,,,,"",""
ball,1,60.3,Central Stags,CFK van Wyk,DAJ Bracewell,JS Patel,0,0,,,,,,"",""
ball,1,60.4,Central Stags,CFK van Wyk,DAJ Bracewell,JS Patel,0,0,,,,,,"",""
ball,1,60.5,Central Stags,CFK van Wyk,DAJ Bracewell,JS Patel,0,0,,,,,,"",""
ball,1,60.6,Central Stags,CFK van Wyk,DAJ Bracewell,JS Patel,0,0,,,,,,"",""
ball,1,61.1,Central Stags,DAJ Bracewell,CFK van Wyk,MB McEwan,0,0,,,,,,"",""
ball,1,61.2,Central Stags,DAJ Bracewell,CFK van Wyk,MB McEwan,1,0,,,,,,"",""
ball,1,61.3,Central Stags,CFK van Wyk,DAJ Bracewell,MB McEwan,0,0,,,,,,"",""
ball,1,61.4,Central Stags,CFK van Wyk,DAJ Bracewell,MB McEwan,0,0,,,,,,"",""
ball,1,61.5,Central Stags,CFK van Wyk,DAJ Bracewell,MB McEwan,0,0,,,,,,"",""
ball,1,61.6,Central Stags,CFK van Wyk,DAJ Bracewell,MB McEwan,0,0,,,,,,bowled,CFK van Wyk
ball,1,62.1,Central Stags,DAJ Bracewell,BM Wheeler,BJ Arnel,0,0,,,,,,"",""
ball,1,62.2,Central Stags,DAJ Bracewell,BM Wheeler,BJ Arnel,0,0,,,,,,"",""
ball,1,62.3,Central Stags,DAJ Bracewell,BM Wheeler,BJ Arnel,0,0,,,,,,"",""
ball,1,62.4,Central Stags,DAJ Bracewell,BM Wheeler,BJ Arnel,0,0,,,,,,"",""
ball,1,62.5,Central Stags,DAJ Bracewell,BM Wheeler,BJ Arnel,0,0,,,,,,"",""
ball,1,62.6,Central Stags,DAJ Bracewell,BM Wheeler,BJ Arnel,0,0,,,,,,"",""
ball,1,63.1,Central Stags,BM Wheeler,DAJ Bracewell,MB McEwan,0,0,,,,,,"",""
ball,1,63.2,Central Stags,BM Wheeler,DAJ Bracewell,MB McEwan,0,0,,,,,,"",""
ball,1,63.3,Central Stags,BM Wheeler,DAJ Bracewell,MB McEwan,0,0,,,,,,"",""
ball,1,63.4,Central Stags,BM Wheeler,DAJ Bracewell,MB McEwan,0,0,,,,,,bowled,BM Wheeler
ball,1,63.5,Central Stags,AY Patel,DAJ Bracewell,MB McEwan,0,0,,,,,,"",""
ball,1,63.6,Central Stags,AY Patel,DAJ Bracewell,MB McEwan,0,0,,,,,,"",""
ball,1,64.1,Central Stags,DAJ Bracewell,AY Patel,BJ Arnel,3,0,,,,,,"",""
ball,1,64.2,Central Stags,AY Patel,DAJ Bracewell,BJ Arnel,0,0,,,,,,"",""
ball,1,64.3,Central Stags,AY Patel,DAJ Bracewell,BJ Arnel,0,0,,,,,,"",""
ball,1,64.4,Central Stags,AY Patel,DAJ Bracewell,BJ Arnel,0,0,,,,,,"",""
ball,1,64.5,Central Stags,AY Patel,DAJ Bracewell,BJ Arnel,0,0,,,,,,"",""
ball,1,64.6,Central Stags,AY Patel,DAJ Bracewell,BJ Arnel,0,0,,,,,,"",""
ball,1,65.1,Central Stags,DAJ Bracewell,AY Patel,MB McEwan,1,0,,,,,,"",""
ball,1,65.2,Central Stags,AY Patel,DAJ Bracewell,MB McEwan,0,0,,,,,,"",""
ball,1,65.3,Central Stags,AY Patel,DAJ Bracewell,MB McEwan,0,0,,,,,,"",""
ball,1,65.4,Central Stags,AY Patel,DAJ Bracewell,MB McEwan,0,1,,1,,,,"",""
ball,1,65.5,Central Stags,AY Patel,DAJ Bracewell,MB McEwan,0,0,,,,,,"",""
ball,1,65.6,Central Stags,AY Patel,DAJ Bracewell,MB McEwan,0,0,,,,,,caught,AY Patel
ball,1,65.7,Central Stags,SHA Rance,DAJ Bracewell,MB McEwan,0,0,,,,,,"",""
ball,1,66.1,Central Stags,DAJ Bracewell,SHA Rance,BJ Arnel,0,0,,,,,,"",""
ball,1,66.2,Central Stags,DAJ Bracewell,SHA Rance,BJ Arnel,0,0,,,,,,"",""
ball,1,66.3,Central Stags,DAJ Bracewell,SHA Rance,BJ Arnel,0,0,,,,,,"",""
ball,1,66.4,Central Stags,DAJ Bracewell,SHA Rance,BJ Arnel,0,0,,,,,,"",""
ball,1,66.5,Central Stags,DAJ Bracewell,SHA Rance,BJ Arnel,0,0,,,,,,"",""
ball,1,66.6,Central Stags,DAJ Bracewell,SHA Rance,BJ Arnel,0,0,,,,,,"",""
ball,1,67.1,Central Stags,SHA Rance,DAJ Bracewell,MB McEwan,4,0,,,,,,"",""
ball,1,67.2,Central Stags,SHA Rance,DAJ Bracewell,MB McEwan,0,0,,,,,,"",""
ball,1,67.3,Central Stags,SHA Rance,DAJ Bracewell,MB McEwan,4,0,,,,,,"",""
ball,1,67.4,Central Stags,SHA Rance,DAJ Bracewell,MB McEwan,0,0,,,,,,"",""
ball,1,67.5,Central Stags,SHA Rance,DAJ Bracewell,MB McEwan,6,0,,,,,,"",""
ball,1,67.6,Central Stags,SHA Rance,DAJ Bracewell,MB McEwan,0,0,,,,,,"",""
ball,1,68.1,Central Stags,DAJ Bracewell,SHA Rance,BJ Arnel,0,0,,,,,,"",""
ball,1,68.2,Central Stags,DAJ Bracewell,SHA Rance,BJ Arnel,0,0,,,,,,"",""
ball,1,68.3,Central Stags,DAJ Bracewell,SHA Rance,BJ Arnel,0,0,,,,,,"",""
ball,1,68.4,Central Stags,DAJ Bracewell,SHA Rance,BJ Arnel,0,0,,,,,,"",""
ball,1,68.5,Central Stags,DAJ Bracewell,SHA Rance,BJ Arnel,0,0,,,,,,"",""
ball,1,68.6,Central Stags,DAJ Bracewell,SHA Rance,BJ Arnel,4,0,,,,,,"",""
ball,1,69.1,Central Stags,SHA Rance,DAJ Bracewell,AJ McKay,1,0,,,,,,"",""
ball,1,69.2,Central Stags,DAJ Bracewell,SHA Rance,AJ McKay,4,0,,,,,,"",""
ball,1,69.3,Central Stags,DAJ Bracewell,SHA Rance,AJ McKay,0,0,,,,,,"",""
ball,1,69.4,Central Stags,DAJ Bracewell,SHA Rance,AJ McKay,0,0,,,,,,"",""
ball,1,69.5,Central Stags,DAJ Bracewell,SHA Rance,AJ McKay,0,0,,,,,,"",""
ball,1,69.6,Central Stags,DAJ Bracewell,SHA Rance,AJ McKay,0,0,,,,,,"",""
ball,1,70.1,Central Stags,SHA Rance,DAJ Bracewell,BJ Arnel,0,0,,,,,,caught,SHA Rance
ball,1,70.2,Central Stags,AW Mathieson,DAJ Bracewell,BJ Arnel,0,0,,,,,,"",""
ball,1,70.3,Central Stags,AW Mathieson,DAJ Bracewell,BJ Arnel,0,0,,,,,,"",""
ball,1,70.4,Central Stags,AW Mathieson,DAJ Bracewell,BJ Arnel,0,0,,,,,,"",""
ball,1,70.5,Central Stags,AW Mathieson,DAJ Bracewell,BJ Arnel,0,0,,,,,,"",""
ball,1,70.6,Central Stags,AW Mathieson,DAJ Bracewell,BJ Arnel,0,0,,,,,,"",""
ball,1,71.1,Central Stags,DAJ Bracewell,AW Mathieson,AJ McKay,0,0,,,,,,"",""
ball,1,71.2,Central Stags,DAJ Bracewell,AW Mathieson,AJ McKay,0,0,,,,,,"",""
ball,1,71.3,Central Stags,DAJ Bracewell,AW Mathieson,AJ McKay,0,0,,,,,,caught,DAJ Bracewell
ball,2,0.1,Wellington Firebirds,MHW Papps,D Joon,DAJ Bracewell,0,0,,,,,,"",""
ball,2,0.2,Wellington Firebirds,MHW Papps,D Joon,DAJ Bracewell,0,0,,,,,,"",""
ball,2,0.3,Wellington Firebirds,MHW Papps,D Joon,DAJ Bracewell,0,0,,,,,,"",""
ball,2,0.4,Wellington Firebirds,MHW Papps,D Joon,DAJ Bracewell,3,0,,,,,,"",""
ball,2,0.5,Wellington Firebirds,D Joon,MHW Papps,DAJ Bracewell,0,0,,,,,,"",""
ball,2,0.6,Wellington Firebirds,D Joon,MHW Papps,DAJ Bracewell,0,0,,,,,,"",""
ball,2,1.1,Wellington Firebirds,MHW Papps,D Joon,BM Wheeler,0,0,,,,,,"",""
ball,2,1.2,Wellington Firebirds,MHW Papps,D Joon,BM Wheeler,0,0,,,,,,"",""
ball,2,1.3,Wellington Firebirds,MHW Papps,D Joon,BM Wheeler,4,0,,,,,,"",""
ball,2,1.4,Wellington Firebirds,MHW Papps,D Joon,BM Wheeler,0,0,,,,,,"",""
ball,2,1.5,Wellington Firebirds,MHW Papps,D Joon,BM Wheeler,0,0,,,,,,"",""
ball,2,1.6,Wellington Firebirds,MHW Papps,D Joon,BM Wheeler,0,0,,,,,,"",""
ball,2,2.1,Wellington Firebirds,D Joon,MHW Papps,DAJ Bracewell,0,0,,,,,,"",""
ball,2,2.2,Wellington Firebirds,D Joon,MHW Papps,DAJ Bracewell,1,0,,,,,,"",""
ball,2,2.3,Wellington Firebirds,MHW Papps,D Joon,DAJ Bracewell,0,0,,,,,,"",""
ball,2,2.4,Wellington Firebirds,MHW Papps,D Joon,DAJ Bracewell,4,0,,,,,,"",""
ball,2,2.5,Wellington Firebirds,MHW Papps,D Joon,DAJ Bracewell,0,0,,,,,,"",""
ball,2,2.6,Wellington Firebirds,MHW Papps,D Joon,DAJ Bracewell,0,0,,,,,,"",""
ball,2,3.1,Wellington Firebirds,D Joon,MHW Papps,BM Wheeler,0,0,,,,,,"",""
ball,2,3.2,Wellington Firebirds,D Joon,MHW Papps,BM Wheeler,0,0,,,,,,"",""
ball,2,3.3,Wellington Firebirds,D Joon,MHW Papps,BM Wheeler,0,0,,,,,,"",""
ball,2,3.4,Wellington Firebirds,D Joon,MHW Papps,BM Wheeler,0,0,,,,,,"",""
ball,2,3.5,Wellington Firebirds,D Joon,MHW Papps,BM Wheeler,0,0,,,,,,"",""
ball,2,3.6,Wellington Firebirds,D Joon,MHW Papps,BM Wheeler,0,0,,,,,,"",""
ball,2,4.1,Wellington Firebirds,MHW Papps,D Joon,DAJ Bracewell,0,0,,,,,,"",""
ball,2,4.2,Wellington Firebirds,MHW Papps,D Joon,DAJ Bracewell,0,0,,,,,,"",""
ball,2,4.3,Wellington Firebirds,MHW Papps,D Joon,DAJ Bracewell,4,0,,,,,,"",""
ball,2,4.4,Wellington Firebirds,MHW Papps,D Joon,DAJ Bracewell,3,0,,,,,,"",""
ball,2,4.5,Wellington Firebirds,D Joon,MHW Papps,DAJ Bracewell,0,1,,,,1,,"",""
ball,2,4.6,Wellington Firebirds,MHW Papps,D Joon,DAJ Bracewell,0,0,,,,,,"",""
ball,2,5.1,Wellington Firebirds,D Joon,MHW Papps,BM Wheeler,0,0,,,,,,"",""
ball,2,5.2,Wellington Firebirds,D Joon,MHW Papps,BM Wheeler,0,0,,,,,,"",""
ball,2,5.3,Wellington Firebirds,D Joon,MHW Papps,BM Wheeler,1,0,,,,,,"",""
ball,2,5.4,Wellington Firebirds,MHW Papps,D Joon,BM Wheeler,4,0,,,,,,"",""
ball,2,5.5,Wellington Firebirds,MHW Papps,D Joon,BM Wheeler,0,0,,,,,,"",""
ball,2,5.6,Wellington Firebirds,MHW Papps,D Joon,BM Wheeler,0,0,,,,,,"",""
ball,2,6.1,Wellington Firebirds,D Joon,MHW Papps,DAJ Bracewell,4,0,,,,,,"",""
ball,2,6.2,Wellington Firebirds,D Joon,MHW Papps,DAJ Bracewell,0,0,,,,,,"",""
ball,2,6.3,Wellington Firebirds,D Joon,MHW Papps,DAJ Bracewell,0,0,,,,,,"",""
ball,2,6.4,Wellington Firebirds,D Joon,MHW Papps,DAJ Bracewell,0,0,,,,,,"",""
ball,2,6.5,Wellington Firebirds,D Joon,MHW Papps,DAJ Bracewell,0,0,,,,,,"",""
ball,2,6.6,Wellington Firebirds,D Joon,MHW Papps,DAJ Bracewell,0,0,,,,,,"",""
ball,2,7.1,Wellington Firebirds,MHW Papps,D Joon,BM Wheeler,4,0,,,,,,"",""
ball,2,7.2,Wellington Firebirds,MHW Papps,D Joon,BM Wheeler,0,0,,,,,,"",""
ball,2,7.3,Wellington Firebirds,MHW Papps,D Joon,BM Wheeler,0,0,,,,,,"",""
ball,2,7.4,Wellington Firebirds,MHW Papps,D Joon,BM Wheeler,0,0,,,,,,"",""
ball,2,7.5,Wellington Firebirds,MHW Papps,D Joon,BM Wheeler,2,0,,,,,,"",""
ball,2,7.6,Wellington Firebirds,MHW Papps,D Joon,BM Wheeler,0,0,,,,,,"",""
ball,2,8.1,Wellington Firebirds,D Joon,MHW Papps,DAJ Bracewell,4,0,,,,,,"",""
ball,2,8.2,Wellington Firebirds,D Joon,MHW Papps,DAJ Bracewell,0,0,,,,,,"",""
ball,2,8.3,Wellington Firebirds,D Joon,MHW Papps,DAJ Bracewell,0,0,,,,,,"",""
ball,2,8.4,Wellington Firebirds,D Joon,MHW Papps,DAJ Bracewell,0,0,,,,,,"",""
ball,2,8.5,Wellington Firebirds,D Joon,MHW Papps,DAJ Bracewell,4,0,,,,,,"",""
ball,2,8.6,Wellington Firebirds,D Joon,MHW Papps,DAJ Bracewell,1,0,,,,,,"",""
ball,2,9.1,Wellington Firebirds,D Joon,MHW Papps,SHA Rance,0,0,,,,,,"",""
ball,2,9.2,Wellington Firebirds,D Joon,MHW Papps,SHA Rance,0,0,,,,,,"",""
ball,2,9.3,Wellington Firebirds,D Joon,MHW Papps,SHA Rance,0,0,,,,,,"",""
ball,2,9.4,Wellington Firebirds,D Joon,MHW Papps,SHA Rance,0,0,,,,,,"",""
ball,2,9.5,Wellington Firebirds,D Joon,MHW Papps,SHA Rance,0,0,,,,,,"",""
ball,2,9.6,Wellington Firebirds,D Joon,MHW Papps,SHA Rance,0,0,,,,,,"",""
ball,2,10.1,Wellington Firebirds,MHW Papps,D Joon,DAJ Bracewell,0,0,,,,,,"",""
ball,2,10.2,Wellington Firebirds,MHW Papps,D Joon,DAJ Bracewell,2,0,,,,,,"",""
ball,2,10.3,Wellington Firebirds,MHW Papps,D Joon,DAJ Bracewell,4,0,,,,,,"",""
ball,2,10.4,Wellington Firebirds,MHW Papps,D Joon,DAJ Bracewell,0,0,,,,,,"",""
ball,2,10.5,Wellington Firebirds,MHW Papps,D Joon,DAJ Bracewell,0,0,,,,,,"",""
ball,2,10.6,Wellington Firebirds,MHW Papps,D Joon,DAJ Bracewell,1,0,,,,,,"",""
ball,2,11.1,Wellington Firebirds,MHW Papps,D Joon,SHA Rance,1,0,,,,,,"",""
ball,2,11.2,Wellington Firebirds,D Joon,MHW Papps,SHA Rance,0,0,,,,,,"",""
ball,2,11.3,Wellington Firebirds,D Joon,MHW Papps,SHA Rance,0,0,,,,,,"",""
ball,2,11.4,Wellington Firebirds,D Joon,MHW Papps,SHA Rance,0,0,,,,,,"",""
ball,2,11.5,Wellington Firebirds,D Joon,MHW Papps,SHA Rance,0,0,,,,,,"",""
ball,2,11.6,Wellington Firebirds,D Joon,MHW Papps,SHA Rance,0,0,,,,,,"",""
ball,2,12.1,Wellington Firebirds,MHW Papps,D Joon,BM Wheeler,0,0,,,,,,"",""
ball,2,12.2,Wellington Firebirds,MHW Papps,D Joon,BM Wheeler,0,0,,,,,,"",""
ball,2,12.3,Wellington Firebirds,MHW Papps,D Joon,BM Wheeler,0,0,,,,,,"",""
ball,2,12.4,Wellington Firebirds,MHW Papps,D Joon,BM Wheeler,0,0,,,,,,"",""
ball,2,12.5,Wellington Firebirds,MHW Papps,D Joon,BM Wheeler,0,0,,,,,,"",""
ball,2,12.6,Wellington Firebirds,MHW Papps,D Joon,BM Wheeler,1,0,,,,,,"",""
ball,2,13.1,Wellington Firebirds,MHW Papps,D Joon,SHA Rance,1,0,,,,,,"",""
ball,2,13.2,Wellington Firebirds,D Joon,MHW Papps,SHA Rance,1,0,,,,,,"",""
ball,2,13.3,Wellington Firebirds,MHW Papps,D Joon,SHA Rance,0,0,,,,,,"",""
ball,2,13.4,Wellington Firebirds,MHW Papps,D Joon,SHA Rance,1,0,,,,,,"",""
ball,2,13.5,Wellington Firebirds,D Joon,MHW Papps,SHA Rance,0,0,,,,,,"",""
ball,2,13.6,Wellington Firebirds,D Joon,MHW Papps,SHA Rance,0,0,,,,,,"",""
ball,2,14.1,Wellington Firebirds,MHW Papps,D Joon,BM Wheeler,0,0,,,,,,"",""
ball,2,14.2,Wellington Firebirds,MHW Papps,D Joon,BM Wheeler,4,0,,,,,,"",""
ball,2,14.3,Wellington Firebirds,MHW Papps,D Joon,BM Wheeler,1,0,,,,,,"",""
ball,2,14.4,Wellington Firebirds,D Joon,MHW Papps,BM Wheeler,0,1,1,,,,,"",""
ball,2,14.5,Wellington Firebirds,D Joon,MHW Papps,BM Wheeler,0,0,,,,,,"",""
ball,2,14.6,Wellington Firebirds,D Joon,MHW Papps,BM Wheeler,1,0,,,,,,"",""
ball,2,14.7,Wellington Firebirds,MHW Papps,D Joon,BM Wheeler,1,0,,,,,,"",""
ball,2,15.1,Wellington Firebirds,MHW Papps,D Joon,SHA Rance,0,0,,,,,,"",""
ball,2,15.2,Wellington Firebirds,MHW Papps,D Joon,SHA Rance,0,0,,,,,,"",""
ball,2,15.3,Wellington Firebirds,MHW Papps,D Joon,SHA Rance,4,0,,,,,,"",""
ball,2,15.4,Wellington Firebirds,MHW Papps,D Joon,SHA Rance,4,0,,,,,,"",""
ball,2,15.5,Wellington Firebirds,MHW Papps,D Joon,SHA Rance,2,0,,,,,,"",""
ball,2,15.6,Wellington Firebirds,MHW Papps,D Joon,SHA Rance,0,0,,,,,,"",""
ball,2,16.1,Wellington Firebirds,D Joon,MHW Papps,BM Wheeler,0,0,,,,,,"",""
ball,2,16.2,Wellington Firebirds,D Joon,MHW Papps,BM Wheeler,0,0,,,,,,"",""
ball,2,16.3,Wellington Firebirds,D Joon,MHW Papps,BM Wheeler,0,0,,,,,,"",""
ball,2,16.4,Wellington Firebirds,D Joon,MHW Papps,BM Wheeler,0,0,,,,,,"",""
ball,2,16.5,Wellington Firebirds,D Joon,MHW Papps,BM Wheeler,0,0,,,,,,"",""
ball,2,16.6,Wellington Firebirds,D Joon,MHW Papps,BM Wheeler,0,0,,,,,,"",""
ball,2,17.1,Wellington Firebirds,MHW Papps,D Joon,SHA Rance,0,0,,,,,,"",""
ball,2,17.2,Wellington Firebirds,MHW Papps,D Joon,SHA Rance,4,0,,,,,,"",""
ball,2,17.3,Wellington Firebirds,MHW Papps,D Joon,SHA Rance,0,0,,,,,,"",""
ball,2,17.4,Wellington Firebirds,MHW Papps,D Joon,SHA Rance,0,0,,,,,,"",""
ball,2,17.5,Wellington Firebirds,MHW Papps,D Joon,SHA Rance,0,0,,,,,,"",""
ball,2,17.6,Wellington Firebirds,MHW Papps,D Joon,SHA Rance,0,0,,,,,,"",""
ball,2,18.1,Wellington Firebirds,D Joon,MHW Papps,BM Wheeler,0,0,,,,,,"",""
ball,2,18.2,Wellington Firebirds,D Joon,MHW Papps,BM Wheeler,0,0,,,,,,"",""
ball,2,18.3,Wellington Firebirds,D Joon,MHW Papps,BM Wheeler,0,0,,,,,,"",""
ball,2,18.4,Wellington Firebirds,D Joon,MHW Papps,BM Wheeler,0,0,,,,,,"",""
ball,2,18.5,Wellington Firebirds,D Joon,MHW Papps,BM Wheeler,0,0,,,,,,"",""
ball,2,18.6,Wellington Firebirds,D Joon,MHW Papps,BM Wheeler,0,0,,,,,,"",""
ball,2,19.1,Wellington Firebirds,MHW Papps,D Joon,SHA Rance,0,0,,,,,,"",""
ball,2,19.2,Wellington Firebirds,MHW Papps,D Joon,SHA Rance,0,0,,,,,,"",""
ball,2,19.3,Wellington Firebirds,MHW Papps,D Joon,SHA Rance,1,0,,,,,,"",""
ball,2,19.4,Wellington Firebirds,D Joon,MHW Papps,SHA Rance,0,0,,,,,,"",""
ball,2,19.5,Wellington Firebirds,D Joon,MHW Papps,SHA Rance,0,0,,,,,,"",""
ball,2,19.6,Wellington Firebirds,D Joon,MHW Papps,SHA Rance,0,0,,,,,,"",""
ball,2,20.1,Wellington Firebirds,MHW Papps,D Joon,BM Wheeler,4,0,,,,,,"",""
ball,2,20.2,Wellington Firebirds,MHW Papps,D Joon,BM Wheeler,0,0,,,,,,"",""
ball,2,20.3,Wellington Firebirds,MHW Papps,D Joon,BM Wheeler,0,0,,,,,,"",""
ball,2,20.4,Wellington Firebirds,MHW Papps,D Joon,BM Wheeler,4,0,,,,,,"",""
ball,2,20.5,Wellington Firebirds,MHW Papps,D Joon,BM Wheeler,0,0,,,,,,"",""
ball,2,20.6,Wellington Firebirds,MHW Papps,D Joon,BM Wheeler,0,0,,,,,,"",""
ball,2,21.1,Wellington Firebirds,D Joon,MHW Papps,DAJ Bracewell,0,0,,,,,,"",""
ball,2,21.2,Wellington Firebirds,D Joon,MHW Papps,DAJ Bracewell,0,0,,,,,,"",""
ball,2,21.3,Wellington Firebirds,D Joon,MHW Papps,DAJ Bracewell,0,1,1,,,,,"",""
ball,2,21.4,Wellington Firebirds,D Joon,MHW Papps,DAJ Bracewell,0,0,,,,,,"",""
ball,2,21.5,Wellington Firebirds,D Joon,MHW Papps,DAJ Bracewell,0,0,,,,,,"",""
ball,2,21.6,Wellington Firebirds,D Joon,MHW Papps,DAJ Bracewell,0,0,,,,,,"",""
ball,2,21.7,Wellington Firebirds,D Joon,MHW Papps,DAJ Bracewell,1,0,,,,,,"",""
ball,2,22.1,Wellington Firebirds,D Joon,MHW Papps,AW Mathieson,1,0,,,,,,"",""
ball,2,22.2,Wellington Firebirds,MHW Papps,D Joon,AW Mathieson,0,0,,,,,,"",""
ball,2,22.3,Wellington Firebirds,MHW Papps,D Joon,AW Mathieson,0,0,,,,,,"",""
ball,2,22.4,Wellington Firebirds,MHW Papps,D Joon,AW Mathieson,0,0,,,,,,"",""
ball,2,22.5,Wellington Firebirds,MHW Papps,D Joon,AW Mathieson,0,0,,,,,,"",""
ball,2,22.6,Wellington Firebirds,MHW Papps,D Joon,AW Mathieson,0,0,,,,,,"",""
ball,2,23.1,Wellington Firebirds,D Joon,MHW Papps,DAJ Bracewell,0,0,,,,,,"",""
ball,2,23.2,Wellington Firebirds,D Joon,MHW Papps,DAJ Bracewell,0,0,,,,,,"",""
ball,2,23.3,Wellington Firebirds,D Joon,MHW Papps,DAJ Bracewell,0,0,,,,,,"",""
ball,2,23.4,Wellington Firebirds,D Joon,MHW Papps,DAJ Bracewell,0,0,,,,,,"",""
ball,2,23.5,Wellington Firebirds,D Joon,MHW Papps,DAJ Bracewell,0,0,,,,,,"",""
ball,2,23.6,Wellington Firebirds,D Joon,MHW Papps,DAJ Bracewell,0,0,,,,,,"",""
ball,2,24.1,Wellington Firebirds,MHW Papps,D Joon,AW Mathieson,2,0,,,,,,"",""
ball,2,24.2,Wellington Firebirds,MHW Papps,D Joon,AW Mathieson,0,0,,,,,,"",""
ball,2,24.3,Wellington Firebirds,MHW Papps,D Joon,AW Mathieson,0,0,,,,,,"",""
ball,2,24.4,Wellington Firebirds,MHW Papps,D Joon,AW Mathieson,0,0,,,,,,"",""
ball,2,24.5,Wellington Firebirds,MHW Papps,D Joon,AW Mathieson,0,0,,,,,,"",""
ball,2,24.6,Wellington Firebirds,MHW Papps,D Joon,AW Mathieson,0,0,,,,,,"",""
ball,2,25.1,Wellington Firebirds,D Joon,MHW Papps,DAJ Bracewell,1,0,,,,,,"",""
ball,2,25.2,Wellington Firebirds,MHW Papps,D Joon,DAJ Bracewell,0,0,,,,,,caught,MHW Papps
ball,2,25.3,Wellington Firebirds,SJ Murdoch,D Joon,DAJ Bracewell,0,0,,,,,,"",""
ball,2,25.4,Wellington Firebirds,SJ Murdoch,D Joon,DAJ Bracewell,1,0,,,,,,"",""
ball,2,25.5,Wellington Firebirds,D Joon,SJ Murdoch,DAJ Bracewell,1,0,,,,,,"",""
ball,2,25.6,Wellington Firebirds,SJ Murdoch,D Joon,DAJ Bracewell,0,0,,,,,,"",""
ball,2,26.1,Wellington Firebirds,D Joon,SJ Murdoch,AW Mathieson,0,0,,,,,,"",""
ball,2,26.2,Wellington Firebirds,D Joon,SJ Murdoch,AW Mathieson,0,0,,,,,,"",""
ball,2,26.3,Wellington Firebirds,D Joon,SJ Murdoch,AW Mathieson,0,0,,,,,,"",""
ball,2,26.4,Wellington Firebirds,D Joon,SJ Murdoch,AW Mathieson,4,0,,,,,,"",""
ball,2,26.5,Wellington Firebirds,D Joon,SJ Murdoch,AW Mathieson,0,0,,,,,,"",""
ball,2,26.6,Wellington Firebirds,D Joon,SJ Murdoch,AW Mathieson,0,0,,,,,,caught,D Joon
ball,2,27.1,Wellington Firebirds,SJ Murdoch,MA Pollard,DAJ Bracewell,0,0,,,,,,"",""
ball,2,27.2,Wellington Firebirds,SJ Murdoch,MA Pollard,DAJ Bracewell,0,0,,,,,,"",""
ball,2,27.3,Wellington Firebirds,SJ Murdoch,MA Pollard,DAJ Bracewell,0,0,,,,,,"",""
ball,2,27.4,Wellington Firebirds,SJ Murdoch,MA Pollard,DAJ Bracewell,0,0,,,,,,"",""
ball,2,27.5,Wellington Firebirds,SJ Murdoch,MA Pollard,DAJ Bracewell,0,0,,,,,,"",""
ball,2,27.6,Wellington Firebirds,SJ Murdoch,MA Pollard,DAJ Bracewell,4,0,,,,,,"",""
ball,2,28.1,Wellington Firebirds,MA Pollard,SJ Murdoch,AW Mathieson,0,0,,,,,,"",""
ball,2,28.2,Wellington Firebirds,MA Pollard,SJ Murdoch,AW Mathieson,0,0,,,,,,"",""
ball,2,28.3,Wellington Firebirds,MA Pollard,SJ Murdoch,AW Mathieson,2,0,,,,,,"",""
ball,2,28.4,Wellington Firebirds,MA Pollard,SJ Murdoch,AW Mathieson,0,0,,,,,,"",""
ball,2,28.5,Wellington Firebirds,MA Pollard,SJ Murdoch,AW Mathieson,0,0,,,,,,"",""
ball,2,28.6,Wellington Firebirds,MA Pollard,SJ Murdoch,AW Mathieson,1,0,,,,,,"",""
ball,2,29.1,Wellington Firebirds,MA Pollard,SJ Murdoch,SHA Rance,0,0,,,,,,"",""
ball,2,29.2,Wellington Firebirds,MA Pollard,SJ Murdoch,SHA Rance,0,0,,,,,,"",""
ball,2,29.3,Wellington Firebirds,MA Pollard,SJ Murdoch,SHA Rance,0,0,,,,,,"",""
ball,2,29.4,Wellington Firebirds,MA Pollard,SJ Murdoch,SHA Rance,0,0,,,,,,"",""
ball,2,29.5,Wellington Firebirds,MA Pollard,SJ Murdoch,SHA Rance,0,0,,,,,,"",""
ball,2,29.6,Wellington Firebirds,MA Pollard,SJ Murdoch,SHA Rance,1,0,,,,,,"",""
ball,2,30.1,Wellington Firebirds,MA Pollard,SJ Murdoch,AW Mathieson,0,0,,,,,,"",""
ball,2,30.2,Wellington Firebirds,MA Pollard,SJ Murdoch,AW Mathieson,0,0,,,,,,"",""
ball,2,30.3,Wellington Firebirds,MA Pollard,SJ Murdoch,AW Mathieson,1,0,,,,,,"",""
ball,2,30.4,Wellington Firebirds,SJ Murdoch,MA Pollard,AW Mathieson,2,0,,,,,,"",""
ball,2,30.5,Wellington Firebirds,SJ Murdoch,MA Pollard,AW Mathieson,0,0,,,,,,"",""
ball,2,30.6,Wellington Firebirds,SJ Murdoch,MA Pollard,AW Mathieson,0,0,,,,,,"",""
ball,2,31.1,Wellington Firebirds,MA Pollard,SJ Murdoch,SHA Rance,0,0,,,,,,"",""
ball,2,31.2,Wellington Firebirds,MA Pollard,SJ Murdoch,SHA Rance,0,0,,,,,,"",""
ball,2,31.3,Wellington Firebirds,MA Pollard,SJ Murdoch,SHA Rance,0,0,,,,,,caught,MA Pollard
ball,2,31.4,Wellington Firebirds,JEC Franklin,SJ Murdoch,SHA Rance,0,0,,,,,,"",""
ball,2,31.5,Wellington Firebirds,JEC Franklin,SJ Murdoch,SHA Rance,0,0,,,,,,"",""
ball,2,31.6,Wellington Firebirds,JEC Franklin,SJ Murdoch,SHA Rance,0,0,,,,,,"",""
ball,2,32.1,Wellington Firebirds,SJ Murdoch,JEC Franklin,AW Mathieson,1,0,,,,,,"",""
ball,2,32.2,Wellington Firebirds,JEC Franklin,SJ Murdoch,AW Mathieson,1,0,,,,,,"",""
ball,2,32.3,Wellington Firebirds,SJ Murdoch,JEC Franklin,AW Mathieson,0,0,,,,,,"",""
ball,2,32.4,Wellington Firebirds,SJ Murdoch,JEC Franklin,AW Mathieson,0,0,,,,,,"",""
ball,2,32.5,Wellington Firebirds,SJ Murdoch,JEC Franklin,AW Mathieson,0,0,,,,,,"",""
ball,2,32.6,Wellington Firebirds,SJ Murdoch,JEC Franklin,AW Mathieson,0,0,,,,,,"",""
ball,2,33.1,Wellington Firebirds,JEC Franklin,SJ Murdoch,SHA Rance,0,0,,,,,,"",""
ball,2,33.2,Wellington Firebirds,JEC Franklin,SJ Murdoch,SHA Rance,0,0,,,,,,"",""
ball,2,33.3,Wellington Firebirds,JEC Franklin,SJ Murdoch,SHA Rance,0,0,,,,,,"",""
ball,2,33.4,Wellington Firebirds,JEC Franklin,SJ Murdoch,SHA Rance,0,0,,,,,,"",""
ball,2,33.5,Wellington Firebirds,JEC Franklin,SJ Murdoch,SHA Rance,0,0,,,,,,"",""
ball,2,33.6,Wellington Firebirds,JEC Franklin,SJ Murdoch,SHA Rance,0,0,,,,,,"",""
ball,2,34.1,Wellington Firebirds,SJ Murdoch,JEC Franklin,AW Mathieson,0,0,,,,,,"",""
ball,2,34.2,Wellington Firebirds,SJ Murdoch,JEC Franklin,AW Mathieson,2,0,,,,,,"",""
ball,2,34.3,Wellington Firebirds,SJ Murdoch,JEC Franklin,AW Mathieson,0,0,,,,,,"",""
ball,2,34.4,Wellington Firebirds,SJ Murdoch,JEC Franklin,AW Mathieson,4,0,,,,,,"",""
ball,2,34.5,Wellington Firebirds,SJ Murdoch,JEC Franklin,AW Mathieson,0,0,,,,,,"",""
ball,2,34.6,Wellington Firebirds,SJ Murdoch,JEC Franklin,AW Mathieson,0,0,,,,,,"",""
ball,2,35.1,Wellington Firebirds,JEC Franklin,SJ Murdoch,SHA Rance,1,0,,,,,,"",""
ball,2,35.2,Wellington Firebirds,SJ Murdoch,JEC Franklin,SHA Rance,0,0,,,,,,"",""
ball,2,35.3,Wellington Firebirds,SJ Murdoch,JEC Franklin,SHA Rance,4,0,,,,,,"",""
ball,2,35.4,Wellington Firebirds,SJ Murdoch,JEC Franklin,SHA Rance,0,0,,,,,,"",""
ball,2,35.5,Wellington Firebirds,SJ Murdoch,JEC Franklin,SHA Rance,0,0,,,,,,"",""
ball,2,35.6,Wellington Firebirds,SJ Murdoch,JEC Franklin,SHA Rance,0,0,,,,,,"",""
ball,2,36.1,Wellington Firebirds,JEC Franklin,SJ Murdoch,AW Mathieson,0,0,,,,,,"",""
ball,2,36.2,Wellington Firebirds,JEC Franklin,SJ Murdoch,AW Mathieson,0,0,,,,,,"",""
ball,2,36.3,Wellington Firebirds,JEC Franklin,SJ Murdoch,AW Mathieson,4,0,,,,,,"",""
ball,2,36.4,Wellington Firebirds,JEC Franklin,SJ Murdoch,AW Mathieson,0,0,,,,,,"",""
ball,2,36.5,Wellington Firebirds,JEC Franklin,SJ Murdoch,AW Mathieson,0,0,,,,,,"",""
ball,2,36.6,Wellington Firebirds,JEC Franklin,SJ Murdoch,AW Mathieson,0,0,,,,,,"",""
ball,2,37.1,Wellington Firebirds,SJ Murdoch,JEC Franklin,SHA Rance,0,0,,,,,,"",""
ball,2,37.2,Wellington Firebirds,SJ Murdoch,JEC Franklin,SHA Rance,4,0,,,,,,"",""
ball,2,37.3,Wellington Firebirds,SJ Murdoch,JEC Franklin,SHA Rance,4,0,,,,,,"",""
ball,2,37.4,Wellington Firebirds,SJ Murdoch,JEC Franklin,SHA Rance,0,0,,,,,,"",""
ball,2,37.5,Wellington Firebirds,SJ Murdoch,JEC Franklin,SHA Rance,2,1,,1,,,,"",""
ball,2,37.6,Wellington Firebirds,SJ Murdoch,JEC Franklin,SHA Rance,0,0,,,,,,"",""
ball,2,37.7,Wellington Firebirds,SJ Murdoch,JEC Franklin,SHA Rance,0,0,,,,,,"",""
ball,2,38.1,Wellington Firebirds,JEC Franklin,SJ Murdoch,AW Mathieson,4,0,,,,,,"",""
ball,2,38.2,Wellington Firebirds,JEC Franklin,SJ Murdoch,AW Mathieson,0,0,,,,,,"",""
ball,2,38.3,Wellington Firebirds,JEC Franklin,SJ Murdoch,AW Mathieson,0,0,,,,,,"",""
ball,2,38.4,Wellington Firebirds,JEC Franklin,SJ Murdoch,AW Mathieson,0,0,,,,,,"",""
ball,2,38.5,Wellington Firebirds,JEC Franklin,SJ Murdoch,AW Mathieson,0,0,,,,,,"",""
ball,2,38.6,Wellington Firebirds,JEC Franklin,SJ Murdoch,AW Mathieson,0,0,,,,,,"",""
ball,2,39.1,Wellington Firebirds,SJ Murdoch,JEC Franklin,DAJ Bracewell,0,0,,,,,,"",""
ball,2,39.2,Wellington Firebirds,SJ Murdoch,JEC Franklin,DAJ Bracewell,2,0,,,,,,"",""
ball,2,39.3,Wellington Firebirds,SJ Murdoch,JEC Franklin,DAJ Bracewell,0,0,,,,,,"",""
ball,2,39.4,Wellington Firebirds,SJ Murdoch,JEC Franklin,DAJ Bracewell,0,0,,,,,,"",""
ball,2,39.5,Wellington Firebirds,SJ Murdoch,JEC Franklin,DAJ Bracewell,4,0,,,,,,"",""
ball,2,39.6,Wellington Firebirds,SJ Murdoch,JEC Franklin,DAJ Bracewell,0,0,,,,,,"",""
ball,2,40.1,Wellington Firebirds,JEC Franklin,SJ Murdoch,AW Mathieson,0,0,,,,,,"",""
ball,2,40.2,Wellington Firebirds,JEC Franklin,SJ Murdoch,AW Mathieson,0,0,,,,,,"",""
ball,2,40.3,Wellington Firebirds,JEC Franklin,SJ Murdoch,AW Mathieson,0,0,,,,,,"",""
ball,2,40.4,Wellington Firebirds,JEC Franklin,SJ Murdoch,AW Mathieson,0,0,,,,,,caught,JEC Franklin
ball,2,40.5,Wellington Firebirds,TA Blundell,SJ Murdoch,AW Mathieson,0,0,,,,,,"",""
ball,2,40.6,Wellington Firebirds,TA Blundell,SJ Murdoch,AW Mathieson,0,0,,,,,,"",""
ball,2,41.1,Wellington Firebirds,SJ Murdoch,TA Blundell,DAJ Bracewell,0,0,,,,,,"",""
ball,2,41.2,Wellington Firebirds,SJ Murdoch,TA Blundell,DAJ Bracewell,4,0,,,,,,"",""
ball,2,41.3,Wellington Firebirds,SJ Murdoch,TA Blundell,DAJ Bracewell,2,0,,,,,,"",""
ball,2,41.4,Wellington Firebirds,SJ Murdoch,TA Blundell,DAJ Bracewell,0,0,,,,,,"",""
ball,2,41.5,Wellington Firebirds,SJ Murdoch,TA Blundell,DAJ Bracewell,0,0,,,,,,"",""
ball,2,41.6,Wellington Firebirds,SJ Murdoch,TA Blundell,DAJ Bracewell,0,0,,,,,,"",""
ball,2,42.1,Wellington Firebirds,TA Blundell,SJ Murdoch,AW Mathieson,0,0,,,,,,"",""
ball,2,42.2,Wellington Firebirds,TA Blundell,SJ Murdoch,AW Mathieson,0,0,,,,,,"",""
ball,2,42.3,Wellington Firebirds,TA Blundell,SJ Murdoch,AW Mathieson,1,0,,,,,,"",""
ball,2,42.4,Wellington Firebirds,SJ Murdoch,TA Blundell,AW Mathieson,0,0,,,,,,"",""
ball,2,42.5,Wellington Firebirds,SJ Murdoch,TA Blundell,AW Mathieson,4,0,,,,,,"",""
ball,2,42.6,Wellington Firebirds,SJ Murdoch,TA Blundell,AW Mathieson,0,0,,,,,,"",""
ball,2,43.1,Wellington Firebirds,TA Blundell,SJ Murdoch,DAJ Bracewell,0,0,,,,,,"",""
ball,2,43.2,Wellington Firebirds,TA Blundell,SJ Murdoch,DAJ Bracewell,0,0,,,,,,"",""
ball,2,43.3,Wellington Firebirds,TA Blundell,SJ Murdoch,DAJ Bracewell,0,0,,,,,,"",""
ball,2,43.4,Wellington Firebirds,TA Blundell,SJ Murdoch,DAJ Bracewell,1,0,,,,,,"",""
ball,2,43.5,Wellington Firebirds,SJ Murdoch,TA Blundell,DAJ Bracewell,0,0,,,,,,"",""
ball,2,43.6,Wellington Firebirds,SJ Murdoch,TA Blundell,DAJ Bracewell,4,0,,,,,,"",""
ball,2,44.1,Wellington Firebirds,TA Blundell,SJ Murdoch,AY Patel,1,0,,,,,,"",""
ball,2,44.2,Wellington Firebirds,SJ Murdoch,TA Blundell,AY Patel,4,0,,,,,,"",""
ball,2,44.3,Wellington Firebirds,SJ Murdoch,TA Blundell,AY Patel,0,0,,,,,,"",""
ball,2,44.4,Wellington Firebirds,SJ Murdoch,TA Blundell,AY Patel,1,0,,,,,,"",""
ball,2,44.5,Wellington Firebirds,TA Blundell,SJ Murdoch,AY Patel,0,0,,,,,,"",""
ball,2,44.6,Wellington Firebirds,TA Blundell,SJ Murdoch,AY Patel,0,0,,,,,,"",""
ball,2,45.1,Wellington Firebirds,SJ Murdoch,TA Blundell,DAJ Bracewell,4,0,,,,,,"",""
ball,2,45.2,Wellington Firebirds,SJ Murdoch,TA Blundell,DAJ Bracewell,0,0,,,,,,"",""
ball,2,45.3,Wellington Firebirds,SJ Murdoch,TA Blundell,DAJ Bracewell,0,0,,,,,,"",""
ball,2,45.4,Wellington Firebirds,SJ Murdoch,TA Blundell,DAJ Bracewell,0,1,,1,,,,"",""
ball,2,45.5,Wellington Firebirds,SJ Murdoch,TA Blundell,DAJ Bracewell,0,0,,,,,,"",""
ball,2,45.6,Wellington Firebirds,SJ Murdoch,TA Blundell,DAJ Bracewell,0,0,,,,,,"",""
ball,2,45.7,Wellington Firebirds,SJ Murdoch,TA Blundell,DAJ Bracewell,1,0,,,,,,"",""
ball,2,46.1,Wellington Firebirds,SJ Murdoch,TA Blundell,AY Patel,0,0,,,,,,"",""
ball,2,46.2,Wellington Firebirds,SJ Murdoch,TA Blundell,AY Patel,0,0,,,,,,"",""
ball,2,46.3,Wellington Firebirds,SJ Murdoch,TA Blundell,AY Patel,0,0,,,,,,"",""
ball,2,46.4,Wellington Firebirds,SJ Murdoch,TA Blundell,AY Patel,0,0,,,,,,"",""
ball,2,46.5,Wellington Firebirds,SJ Murdoch,TA Blundell,AY Patel,4,0,,,,,,"",""
ball,2,46.6,Wellington Firebirds,SJ Murdoch,TA Blundell,AY Patel,0,0,,,,,,"",""
ball,2,47.1,Wellington Firebirds,TA Blundell,SJ Murdoch,BM Wheeler,4,0,,,,,,"",""
ball,2,47.2,Wellington Firebirds,TA Blundell,SJ Murdoch,BM Wheeler,0,0,,,,,,"",""
ball,2,47.3,Wellington Firebirds,TA Blundell,SJ Murdoch,BM Wheeler,0,0,,,,,,"",""
ball,2,47.4,Wellington Firebirds,TA Blundell,SJ Murdoch,BM Wheeler,0,0,,,,,,"",""
ball,2,47.5,Wellington Firebirds,TA Blundell,SJ Murdoch,BM Wheeler,0,0,,,,,,"",""
ball,2,47.6,Wellington Firebirds,TA Blundell,SJ Murdoch,BM Wheeler,0,0,,,,,,"",""
ball,2,48.1,Wellington Firebirds,SJ Murdoch,TA Blundell,AY Patel,0,0,,,,,,"",""
ball,2,48.2,Wellington Firebirds,SJ Murdoch,TA Blundell,AY Patel,0,0,,,,,,"",""
ball,2,48.3,Wellington Firebirds,SJ Murdoch,TA Blundell,AY Patel,6,0,,,,,,"",""
ball,2,48.4,Wellington Firebirds,SJ Murdoch,TA Blundell,AY Patel,0,0,,,,,,"",""
ball,2,48.5,Wellington Firebirds,SJ Murdoch,TA Blundell,AY Patel,0,0,,,,,,"",""
ball,2,48.6,Wellington Firebirds,SJ Murdoch,TA Blundell,AY Patel,0,0,,,,,,"",""
ball,2,49.1,Wellington Firebirds,TA Blundell,SJ Murdoch,BM Wheeler,0,0,,,,,,"",""
ball,2,49.2,Wellington Firebirds,TA Blundell,SJ Murdoch,BM Wheeler,1,0,,,,,,"",""
ball,2,49.3,Wellington Firebirds,SJ Murdoch,TA Blundell,BM Wheeler,0,1,,1,,,,"",""
ball,2,49.4,Wellington Firebirds,SJ Murdoch,TA Blundell,BM Wheeler,0,0,,,,,,"",""
ball,2,49.5,Wellington Firebirds,SJ Murdoch,TA Blundell,BM Wheeler,0,0,,,,,,caught,SJ Murdoch
ball,2,49.6,Wellington Firebirds,AD Day,TA Blundell,BM Wheeler,0,0,,,,,,"",""
ball,2,49.7,Wellington Firebirds,AD Day,TA Blundell,BM Wheeler,0,0,,,,,,"",""
ball,2,50.1,Wellington Firebirds,TA Blundell,AD Day,SHA Rance,0,0,,,,,,"",""
ball,2,50.2,Wellington Firebirds,TA Blundell,AD Day,SHA Rance,0,0,,,,,,"",""
ball,2,50.3,Wellington Firebirds,TA Blundell,AD Day,SHA Rance,0,0,,,,,,"",""
ball,2,50.4,Wellington Firebirds,TA Blundell,AD Day,SHA Rance,0,0,,,,,,"",""
ball,2,50.5,Wellington Firebirds,TA Blundell,AD Day,SHA Rance,0,0,,,,,,"",""
ball,2,50.6,Wellington Firebirds,TA Blundell,AD Day,SHA Rance,0,0,,,,,,"",""
ball,2,51.1,Wellington Firebirds,AD Day,TA Blundell,BM Wheeler,1,0,,,,,,"",""
ball,2,51.2,Wellington Firebirds,TA Blundell,AD Day,BM Wheeler,0,0,,,,,,"",""
ball,2,51.3,Wellington Firebirds,TA Blundell,AD Day,BM Wheeler,0,1,,1,,,,"",""
ball,2,51.4,Wellington Firebirds,TA Blundell,AD Day,BM Wheeler,0,0,,,,,,"",""
ball,2,51.5,Wellington Firebirds,TA Blundell,AD Day,BM Wheeler,0,0,,,,,,"",""
ball,2,51.6,Wellington Firebirds,TA Blundell,AD Day,BM Wheeler,0,0,,,,,,"",""
ball,2,51.7,Wellington Firebirds,TA Blundell,AD Day,BM Wheeler,2,0,,,,,,"",""
ball,2,52.1,Wellington Firebirds,AD Day,TA Blundell,SHA Rance,0,0,,,,,,"",""
ball,2,52.2,Wellington Firebirds,AD Day,TA Blundell,SHA Rance,0,0,,,,,,"",""
ball,2,52.3,Wellington Firebirds,AD Day,TA Blundell,SHA Rance,0,0,,,,,,"",""
ball,2,52.4,Wellington Firebirds,AD Day,TA Blundell,SHA Rance,2,0,,,,,,"",""
ball,2,52.5,Wellington Firebirds,AD Day,TA Blundell,SHA Rance,0,0,,,,,,"",""
ball,2,52.6,Wellington Firebirds,AD Day,TA Blundell,SHA Rance,0,0,,,,,,"",""
ball,2,53.1,Wellington Firebirds,TA Blundell,AD Day,BM Wheeler,0,0,,,,,,"",""
ball,2,53.2,Wellington Firebirds,TA Blundell,AD Day,BM Wheeler,0,0,,,,,,"",""
ball,2,53.3,Wellington Firebirds,TA Blundell,AD Day,BM Wheeler,1,0,,,,,,"",""
ball,2,53.4,Wellington Firebirds,AD Day,TA Blundell,BM Wheeler,0,0,,,,,,caught,AD Day
ball,2,53.5,Wellington Firebirds,JS Patel,TA Blundell,BM Wheeler,0,0,,,,,,"",""
ball,2,53.6,Wellington Firebirds,JS Patel,TA Blundell,BM Wheeler,0,1,,1,,,,"",""
ball,2,53.7,Wellington Firebirds,JS Patel,TA Blundell,BM Wheeler,1,0,,,,,,"",""
ball,2,54.1,Wellington Firebirds,JS Patel,TA Blundell,AY Patel,0,0,,,,,,"",""
ball,2,54.2,Wellington Firebirds,JS Patel,TA Blundell,AY Patel,0,0,,,,,,lbw,JS Patel
ball,2,54.3,Wellington Firebirds,MB McEwan,TA Blundell,AY Patel,0,0,,,,,,"",""
ball,2,54.4,Wellington Firebirds,MB McEwan,TA Blundell,AY Patel,0,0,,,,,,"",""
ball,2,54.5,Wellington Firebirds,MB McEwan,TA Blundell,AY Patel,0,0,,,,,,"",""
ball,2,54.6,Wellington Firebirds,MB McEwan,TA Blundell,AY Patel,0,0,,,,,,"",""
ball,2,55.1,Wellington Firebirds,TA Blundell,MB McEwan,BM Wheeler,0,0,,,,,,"",""
ball,2,55.2,Wellington Firebirds,TA Blundell,MB McEwan,BM Wheeler,4,0,,,,,,"",""
ball,2,55.3,Wellington Firebirds,TA Blundell,MB McEwan,BM Wheeler,0,0,,,,,,run out,MB McEwan
ball,2,55.4,Wellington Firebirds,AJ McKay,TA Blundell,BM Wheeler,1,0,,,,,,"",""
ball,2,55.5,Wellington Firebirds,TA Blundell,AJ McKay,BM Wheeler,0,1,,1,,,,"",""
ball,2,55.6,Wellington Firebirds,TA Blundell,AJ McKay,BM Wheeler,0,0,,,,,,"",""
ball,2,55.7,Wellington Firebirds,TA Blundell,AJ McKay,BM Wheeler,0,0,,,,,,"",""
ball,2,56.1,Wellington Firebirds,AJ McKay,TA Blundell,AY Patel,0,0,,,,,,"",""
ball,2,56.2,Wellington Firebirds,AJ McKay,TA Blundell,AY Patel,0,0,,,,,,"",""
ball,2,56.3,Wellington Firebirds,AJ McKay,TA Blundell,AY Patel,0,0,,,,,,"",""
ball,2,56.4,Wellington Firebirds,AJ McKay,TA Blundell,AY Patel,0,0,,,,,,"",""
ball,2,56.5,Wellington Firebirds,AJ McKay,TA Blundell,AY Patel,0,0,,,,,,"",""
ball,2,56.6,Wellington Firebirds,AJ McKay,TA Blundell,AY Patel,0,0,,,,,,"",""
ball,2,57.1,Wellington Firebirds,TA Blundell,AJ McKay,BM Wheeler,0,0,,,,,,"",""
ball,2,57.2,Wellington Firebirds,TA Blundell,AJ McKay,BM Wheeler,0,0,,,,,,"",""
ball,2,57.3,Wellington Firebirds,TA Blundell,AJ McKay,BM Wheeler,0,0,,,,,,"",""
ball,2,57.4,Wellington Firebirds,TA Blundell,AJ McKay,BM Wheeler,0,0,,,,,,"",""
ball,2,57.5,Wellington Firebirds,TA Blundell,AJ McKay,BM Wheeler,0,0,,,,,,"",""
ball,2,57.6,Wellington Firebirds,TA Blundell,AJ McKay,BM Wheeler,0,0,,,,,,"",""
ball,2,58.1,Wellington Firebirds,AJ McKay,TA Blundell,AY Patel,0,0,,,,,,"",""
ball,2,58.2,Wellington Firebirds,AJ McKay,TA Blundell,AY Patel,0,0,,,,,,"",""
ball,2,58.3,Wellington Firebirds,AJ McKay,TA Blundell,AY Patel,0,0,,,,,,"",""
ball,2,58.4,Wellington Firebirds,AJ McKay,TA Blundell,AY Patel,0,0,,,,,,"",""
ball,2,58.5,Wellington Firebirds,AJ McKay,TA Blundell,AY Patel,0,0,,,,,,"",""
ball,2,58.6,Wellington Firebirds,AJ McKay,TA Blundell,AY Patel,0,0,,,,,,"",""
ball,2,59.1,Wellington Firebirds,TA Blundell,AJ McKay,BM Wheeler,0,0,,,,,,"",""
ball,2,59.2,Wellington Firebirds,TA Blundell,AJ McKay,BM Wheeler,0,0,,,,,,"",""
ball,2,59.3,Wellington Firebirds,TA Blundell,AJ McKay,BM Wheeler,0,0,,,,,,"",""
ball,2,59.4,Wellington Firebirds,TA Blundell,AJ McKay,BM Wheeler,0,0,,,,,,"",""
ball,2,59.5,Wellington Firebirds,TA Blundell,AJ McKay,BM Wheeler,0,0,,,,,,"",""
ball,2,59.6,Wellington Firebirds,TA Blundell,AJ McKay,BM Wheeler,0,0,,,,,,"",""
ball,2,60.1,Wellington Firebirds,AJ McKay,TA Blundell,AY Patel,1,0,,,,,,"",""
ball,2,60.2,Wellington Firebirds,TA Blundell,AJ McKay,AY Patel,0,0,,,,,,"",""
ball,2,60.3,Wellington Firebirds,TA Blundell,AJ McKay,AY Patel,0,0,,,,,,"",""
ball,2,60.4,Wellington Firebirds,TA Blundell,AJ McKay,AY Patel,4,0,,,,,,"",""
ball,2,60.5,Wellington Firebirds,TA Blundell,AJ McKay,AY Patel,0,0,,,,,,"",""
ball,2,60.6,Wellington Firebirds,TA Blundell,AJ McKay,AY Patel,0,0,,,,,,"",""
ball,2,61.1,Wellington Firebirds,AJ McKay,TA Blundell,AW Mathieson,0,0,,,,,,"",""
ball,2,61.2,Wellington Firebirds,AJ McKay,TA Blundell,AW Mathieson,0,0,,,,,,"",""
ball,2,61.3,Wellington Firebirds,AJ McKay,TA Blundell,AW Mathieson,0,0,,,,,,"",""
ball,2,61.4,Wellington Firebirds,AJ McKay,TA Blundell,AW Mathieson,0,0,,,,,,"",""
ball,2,61.5,Wellington Firebirds,AJ McKay,TA Blundell,AW Mathieson,4,0,,,,,,"",""
ball,2,61.6,Wellington Firebirds,AJ McKay,TA Blundell,AW Mathieson,0,0,,,,,,"",""
ball,2,62.1,Wellington Firebirds,TA Blundell,AJ McKay,AY Patel,0,0,,,,,,"",""
ball,2,62.2,Wellington Firebirds,TA Blundell,AJ McKay,AY Patel,0,0,,,,,,"",""
ball,2,62.3,Wellington Firebirds,TA Blundell,AJ McKay,AY Patel,0,0,,,,,,"",""
ball,2,62.4,Wellington Firebirds,TA Blundell,AJ McKay,AY Patel,0,0,,,,,,"",""
ball,2,62.5,Wellington Firebirds,TA Blundell,AJ McKay,AY Patel,0,0,,,,,,"",""
ball,2,62.6,Wellington Firebirds,TA Blundell,AJ McKay,AY Patel,1,0,,,,,,"",""
ball,2,63.1,Wellington Firebirds,TA Blundell,AJ McKay,AW Mathieson,0,0,,,,,,"",""
ball,2,63.2,Wellington Firebirds,TA Blundell,AJ McKay,AW Mathieson,0,0,,,,,,"",""
ball,2,63.3,Wellington Firebirds,TA Blundell,AJ McKay,AW Mathieson,0,0,,,,,,"",""
ball,2,63.4,Wellington Firebirds,TA Blundell,AJ McKay,AW Mathieson,0,0,,,,,,"",""
ball,2,63.5,Wellington Firebirds,TA Blundell,AJ McKay,AW Mathieson,0,0,,,,,,"",""
ball,2,63.6,Wellington Firebirds,TA Blundell,AJ McKay,AW Mathieson,0,0,,,,,,"",""
ball,2,64.1,Wellington Firebirds,AJ McKay,TA Blundell,AY Patel,0,0,,,,,,"",""
ball,2,64.2,Wellington Firebirds,AJ McKay,TA Blundell,AY Patel,0,0,,,,,,"",""
ball,2,64.3,Wellington Firebirds,AJ McKay,TA Blundell,AY Patel,0,0,,,,,,"",""
ball,2,64.4,Wellington Firebirds,AJ McKay,TA Blundell,AY Patel,0,0,,,,,,"",""
ball,2,64.5,Wellington Firebirds,AJ McKay,TA Blundell,AY Patel,0,0,,,,,,"",""
ball,2,64.6,Wellington Firebirds,AJ McKay,TA Blundell,AY Patel,0,0,,,,,,"",""
ball,2,65.1,Wellington Firebirds,TA Blundell,AJ McKay,AW Mathieson,4,0,,,,,,"",""
ball,2,65.2,Wellington Firebirds,TA Blundell,AJ McKay,AW Mathieson,0,0,,,,,,"",""
ball,2,65.3,Wellington Firebirds,TA Blundell,AJ McKay,AW Mathieson,1,0,,,,,,"",""
ball,2,65.4,Wellington Firebirds,AJ McKay,TA Blundell,AW Mathieson,0,0,,,,,,"",""
ball,2,65.5,Wellington Firebirds,AJ McKay,TA Blundell,AW Mathieson,0,0,,,,,,"",""
ball,2,65.6,Wellington Firebirds,AJ McKay,TA Blundell,AW Mathieson,4,0,,,,,,"",""
ball,2,66.1,Wellington Firebirds,TA Blundell,AJ McKay,DAJ Bracewell,0,0,,,,,,"",""
ball,2,66.2,Wellington Firebirds,TA Blundell,AJ McKay,DAJ Bracewell,0,0,,,,,,"",""
ball,2,66.3,Wellington Firebirds,TA Blundell,AJ McKay,DAJ Bracewell,1,0,,,,,,"",""
ball,2,66.4,Wellington Firebirds,AJ McKay,TA Blundell,DAJ Bracewell,0,0,,,,,,"",""
ball,2,66.5,Wellington Firebirds,AJ McKay,TA Blundell,DAJ Bracewell,0,0,,,,,,"",""
ball,2,66.6,Wellington Firebirds,AJ McKay,TA Blundell,DAJ Bracewell,0,0,,,,,,"",""
ball,2,67.1,Wellington Firebirds,TA Blundell,AJ McKay,AW Mathieson,2,0,,,,,,"",""
ball,2,67.2,Wellington Firebirds,TA Blundell,AJ McKay,AW Mathieson,0,0,,,,,,bowled,TA Blundell
ball,2,67.3,Wellington Firebirds,BJ Arnel,AJ McKay,AW Mathieson,0,0,,,,,,"",""
ball,2,67.4,Wellington Firebirds,BJ Arnel,AJ McKay,AW Mathieson,0,0,,,,,,"",""
ball,2,67.5,Wellington Firebirds,BJ Arnel,AJ McKay,AW Mathieson,0,0,,,,,,"",""
ball,2,67.6,Wellington Firebirds,BJ Arnel,AJ McKay,AW Mathieson,0,0,,,,,,"",""
ball,2,68.1,Wellington Firebirds,AJ McKay,BJ Arnel,DAJ Bracewell,0,0,,,,,,"",""
ball,2,68.2,Wellington Firebirds,AJ McKay,BJ Arnel,DAJ Bracewell,0,0,,,,,,"",""
ball,2,68.3,Wellington Firebirds,AJ McKay,BJ Arnel,DAJ Bracewell,0,0,,,,,,"",""
ball,2,68.4,Wellington Firebirds,AJ McKay,BJ Arnel,DAJ Bracewell,1,0,,,,,,"",""
ball,2,68.5,Wellington Firebirds,BJ Arnel,AJ McKay,DAJ Bracewell,0,0,,,,,,"",""
ball,2,68.6,Wellington Firebirds,BJ Arnel,AJ McKay,DAJ Bracewell,2,0,,,,,,"",""
ball,2,69.1,Wellington Firebirds,AJ McKay,BJ Arnel,AW Mathieson,0,0,,,,,,"",""
ball,2,69.2,Wellington Firebirds,AJ McKay,BJ Arnel,AW Mathieson,0,0,,,,,,"",""
ball,2,69.3,Wellington Firebirds,AJ McKay,BJ Arnel,AW Mathieson,0,0,,,,,,"",""
ball,2,69.4,Wellington Firebirds,AJ McKay,BJ Arnel,AW Mathieson,1,0,,,,,,"",""
ball,2,69.5,Wellington Firebirds,BJ Arnel,AJ McKay,AW Mathieson,0,0,,,,,,"",""
ball,2,69.6,Wellington Firebirds,BJ Arnel,AJ McKay,AW Mathieson,4,0,,,,,,"",""
ball,2,70.1,Wellington Firebirds,AJ McKay,BJ Arnel,DAJ Bracewell,0,0,,,,,,"",""
ball,2,70.2,Wellington Firebirds,AJ McKay,BJ Arnel,DAJ Bracewell,2,0,,,,,,"",""
ball,2,70.3,Wellington Firebirds,AJ McKay,BJ Arnel,DAJ Bracewell,0,0,,,,,,"",""
ball,2,70.4,Wellington Firebirds,AJ McKay,BJ Arnel,DAJ Bracewell,0,0,,,,,,"",""
ball,2,70.5,Wellington Firebirds,AJ McKay,BJ Arnel,DAJ Bracewell,0,0,,,,,,"",""
ball,2,70.6,Wellington Firebirds,AJ McKay,BJ Arnel,DAJ Bracewell,2,0,,,,,,"",""
ball,2,71.1,Wellington Firebirds,BJ Arnel,AJ McKay,BM Wheeler,0,0,,,,,,"",""
ball,2,71.2,Wellington Firebirds,BJ Arnel,AJ McKay,BM Wheeler,0,0,,,,,,"",""
ball,2,71.3,Wellington Firebirds,BJ Arnel,AJ McKay,BM Wheeler,0,0,,,,,,"",""
ball,2,71.4,Wellington Firebirds,BJ Arnel,AJ McKay,BM Wheeler,0,0,,,,,,"",""
ball,2,71.5,Wellington Firebirds,BJ Arnel,AJ McKay,BM Wheeler,0,0,,,,,,"",""
ball,2,71.6,Wellington Firebirds,BJ Arnel,AJ McKay,BM Wheeler,0,0,,,,,,"",""
ball,2,72.1,Wellington Firebirds,AJ McKay,BJ Arnel,AW Mathieson,0,0,,,,,,"",""
ball,2,72.2,Wellington Firebirds,AJ McKay,BJ Arnel,AW Mathieson,0,0,,,,,,"",""
ball,2,72.3,Wellington Firebirds,AJ McKay,BJ Arnel,AW Mathieson,1,0,,,,,,"",""
ball,2,72.4,Wellington Firebirds,BJ Arnel,AJ McKay,AW Mathieson,0,0,,,,,,bowled,BJ Arnel
ball,3,0.1,Central Stags,GH Worker,DT Meiring,BJ Arnel,0,0,,,,,,"",""
ball,3,0.2,Central Stags,GH Worker,DT Meiring,BJ Arnel,0,0,,,,,,"",""
ball,3,0.3,Central Stags,GH Worker,DT Meiring,BJ Arnel,0,0,,,,,,"",""
ball,3,0.4,Central Stags,GH Worker,DT Meiring,BJ Arnel,0,0,,,,,,"",""
ball,3,0.5,Central Stags,GH Worker,DT Meiring,BJ Arnel,0,0,,,,,,"",""
ball,3,0.6,Central Stags,GH Worker,DT Meiring,BJ Arnel,0,0,,,,,,"",""
ball,3,1.1,Central Stags,DT Meiring,GH Worker,MB McEwan,0,0,,,,,,"",""
ball,3,1.2,Central Stags,DT Meiring,GH Worker,MB McEwan,0,0,,,,,,"",""
ball,3,1.3,Central Stags,DT Meiring,GH Worker,MB McEwan,4,0,,,,,,"",""
ball,3,1.4,Central Stags,DT Meiring,GH Worker,MB McEwan,0,0,,,,,,"",""
ball,3,1.5,Central Stags,DT Meiring,GH Worker,MB McEwan,0,0,,,,,,"",""
ball,3,1.6,Central Stags,DT Meiring,GH Worker,MB McEwan,0,0,,,,,,"",""
ball,3,2.1,Central Stags,GH Worker,DT Meiring,BJ Arnel,0,0,,,,,,"",""
ball,3,2.2,Central Stags,GH Worker,DT Meiring,BJ Arnel,0,0,,,,,,"",""
ball,3,2.3,Central Stags,GH Worker,DT Meiring,BJ Arnel,0,0,,,,,,"",""
ball,3,2.4,Central Stags,GH Worker,DT Meiring,BJ Arnel,0,0,,,,,,"",""
ball,3,2.5,Central Stags,GH Worker,DT Meiring,BJ Arnel,0,0,,,,,,"",""
ball,3,2.6,Central Stags,GH Worker,DT Meiring,BJ Arnel,0,0,,,,,,"",""
ball,3,3.1,Central Stags,DT Meiring,GH Worker,MB McEwan,0,0,,,,,,"",""
ball,3,3.2,Central Stags,DT Meiring,GH Worker,MB McEwan,0,1,,1,,,,"",""
ball,3,3.3,Central Stags,DT Meiring,GH Worker,MB McEwan,2,0,,,,,,"",""
ball,3,3.4,Central Stags,DT Meiring,GH Worker,MB McEwan,0,0,,,,,,"",""
ball,3,3.5,Central Stags,DT Meiring,GH Worker,MB McEwan,2,0,,,,,,"",""
ball,3,3.6,Central Stags,DT Meiring,GH Worker,MB McEwan,1,0,,,,,,"",""
ball,3,3.7,Central Stags,GH Worker,DT Meiring,MB McEwan,0,0,,,,,,"",""
ball,3,4.1,Central Stags,DT Meiring,GH Worker,BJ Arnel,0,0,,,,,,"",""
ball,3,4.2,Central Stags,DT Meiring,GH Worker,BJ Arnel,0,0,,,,,,"",""
ball,3,4.3,Central Stags,DT Meiring,GH Worker,BJ Arnel,0,0,,,,,,"",""
ball,3,4.4,Central Stags,DT Meiring,GH Worker,BJ Arnel,0,0,,,,,,"",""
ball,3,4.5,Central Stags,DT Meiring,GH Worker,BJ Arnel,0,0,,,,,,"",""
ball,3,4.6,Central Stags,DT Meiring,GH Worker,BJ Arnel,0,0,,,,,,"",""
ball,3,5.1,Central Stags,GH Worker,DT Meiring,MB McEwan,1,0,,,,,,"",""
ball,3,5.2,Central Stags,DT Meiring,GH Worker,MB McEwan,0,0,,,,,,"",""
ball,3,5.3,Central Stags,DT Meiring,GH Worker,MB McEwan,0,0,,,,,,"",""
ball,3,5.4,Central Stags,DT Meiring,GH Worker,MB McEwan,0,0,,,,,,"",""
ball,3,5.5,Central Stags,DT Meiring,GH Worker,MB McEwan,0,0,,,,,,"",""
ball,3,5.6,Central Stags,DT Meiring,GH Worker,MB McEwan,4,0,,,,,,"",""
ball,3,6.1,Central Stags,GH Worker,DT Meiring,BJ Arnel,2,0,,,,,,"",""
ball,3,6.2,Central Stags,GH Worker,DT Meiring,BJ Arnel,0,0,,,,,,"",""
ball,3,6.3,Central Stags,GH Worker,DT Meiring,BJ Arnel,0,0,,,,,,"",""
ball,3,6.4,Central Stags,GH Worker,DT Meiring,BJ Arnel,0,0,,,,,,"",""
ball,3,6.5,Central Stags,GH Worker,DT Meiring,BJ Arnel,0,0,,,,,,"",""
ball,3,6.6,Central Stags,GH Worker,DT Meiring,BJ Arnel,0,0,,,,,,"",""
ball,3,7.1,Central Stags,DT Meiring,GH Worker,MB McEwan,0,0,,,,,,"",""
ball,3,7.2,Central Stags,DT Meiring,GH Worker,MB McEwan,4,0,,,,,,"",""
ball,3,7.3,Central Stags,DT Meiring,GH Worker,MB McEwan,0,0,,,,,,"",""
ball,3,7.4,Central Stags,DT Meiring,GH Worker,MB McEwan,0,0,,,,,,"",""
ball,3,7.5,Central Stags,DT Meiring,GH Worker,MB McEwan,0,0,,,,,,"",""
ball,3,7.6,Central Stags,DT Meiring,GH Worker,MB McEwan,0,0,,,,,,"",""
ball,3,8.1,Central Stags,GH Worker,DT Meiring,BJ Arnel,0,0,,,,,,"",""
ball,3,8.2,Central Stags,GH Worker,DT Meiring,BJ Arnel,0,0,,,,,,"",""
ball,3,8.3,Central Stags,GH Worker,DT Meiring,BJ Arnel,0,0,,,,,,"",""
ball,3,8.4,Central Stags,GH Worker,DT Meiring,BJ Arnel,0,0,,,,,,"",""
ball,3,8.5,Central Stags,GH Worker,DT Meiring,BJ Arnel,0,0,,,,,,"",""
ball,3,8.6,Central Stags,GH Worker,DT Meiring,BJ Arnel,0,0,,,,,,"",""
ball,3,9.1,Central Stags,DT Meiring,GH Worker,AJ McKay,0,0,,,,,,"",""
ball,3,9.2,Central Stags,DT Meiring,GH Worker,AJ McKay,0,0,,,,,,"",""
ball,3,9.3,Central Stags,DT Meiring,GH Worker,AJ McKay,0,0,,,,,,"",""
ball,3,9.4,Central Stags,DT Meiring,GH Worker,AJ McKay,0,0,,,,,,"",""
ball,3,9.5,Central Stags,DT Meiring,GH Worker,AJ McKay,0,0,,,,,,"",""
ball,3,9.6,Central Stags,DT Meiring,GH Worker,AJ McKay,1,0,,,,,,"",""
ball,3,10.1,Central Stags,DT Meiring,GH Worker,BJ Arnel,0,0,,,,,,"",""
ball,3,10.2,Central Stags,DT Meiring,GH Worker,BJ Arnel,0,0,,,,,,"",""
ball,3,10.3,Central Stags,DT Meiring,GH Worker,BJ Arnel,0,0,,,,,,caught,DT Meiring
ball,3,10.4,Central Stags,GR Hay,GH Worker,BJ Arnel,0,0,,,,,,"",""
ball,3,10.5,Central Stags,GR Hay,GH Worker,BJ Arnel,0,0,,,,,,"",""
ball,3,10.6,Central Stags,GR Hay,GH Worker,BJ Arnel,0,0,,,,,,"",""
ball,3,11.1,Central Stags,GH Worker,GR Hay,AJ McKay,0,0,,,,,,"",""
ball,3,11.2,Central Stags,GH Worker,GR Hay,AJ McKay,4,0,,,,,,"",""
ball,3,11.3,Central Stags,GH Worker,GR Hay,AJ McKay,0,0,,,,,,"",""
ball,3,11.4,Central Stags,GH Worker,GR Hay,AJ McKay,0,0,,,,,,"",""
ball,3,11.5,Central Stags,GH Worker,GR Hay,AJ McKay,0,0,,,,,,"",""
ball,3,11.6,Central Stags,GH Worker,GR Hay,AJ McKay,0,0,,,,,,"",""
ball,3,12.1,Central Stags,GR Hay,GH Worker,BJ Arnel,0,0,,,,,,"",""
ball,3,12.2,Central Stags,GR Hay,GH Worker,BJ Arnel,0,0,,,,,,"",""
ball,3,12.3,Central Stags,GR Hay,GH Worker,BJ Arnel,0,0,,,,,,"",""
ball,3,12.4,Central Stags,GR Hay,GH Worker,BJ Arnel,0,0,,,,,,"",""
ball,3,12.5,Central Stags,GR Hay,GH Worker,BJ Arnel,1,0,,,,,,"",""
ball,3,12.6,Central Stags,GH Worker,GR Hay,BJ Arnel,0,0,,,,,,"",""
ball,3,13.1,Central Stags,GR Hay,GH Worker,AJ McKay,0,0,,,,,,"",""
ball,3,13.2,Central Stags,GR Hay,GH Worker,AJ McKay,0,0,,,,,,"",""
ball,3,13.3,Central Stags,GR Hay,GH Worker,AJ McKay,0,0,,,,,,"",""
ball,3,13.4,Central Stags,GR Hay,GH Worker,AJ McKay,0,0,,,,,,"",""
ball,3,13.5,Central Stags,GR Hay,GH Worker,AJ McKay,0,0,,,,,,"",""
ball,3,13.6,Central Stags,GR Hay,GH Worker,AJ McKay,0,0,,,,,,"",""
ball,3,14.1,Central Stags,GH Worker,GR Hay,BJ Arnel,0,0,,,,,,"",""
ball,3,14.2,Central Stags,GH Worker,GR Hay,BJ Arnel,0,4,,,,4,,"",""
ball,3,14.3,Central Stags,GH Worker,GR Hay,BJ Arnel,0,0,,,,,,"",""
ball,3,14.4,Central Stags,GH Worker,GR Hay,BJ Arnel,0,0,,,,,,"",""
ball,3,14.5,Central Stags,GH Worker,GR Hay,BJ Arnel,0,0,,,,,,"",""
ball,3,14.6,Central Stags,GH Worker,GR Hay,BJ Arnel,0,0,,,,,,"",""
ball,3,15.1,Central Stags,GR Hay,GH Worker,AJ McKay,0,0,,,,,,"",""
ball,3,15.2,Central Stags,GR Hay,GH Worker,AJ McKay,0,0,,,,,,"",""
ball,3,15.3,Central Stags,GR Hay,GH Worker,AJ McKay,0,0,,,,,,"",""
ball,3,15.4,Central Stags,GR Hay,GH Worker,AJ McKay,0,0,,,,,,"",""
ball,3,15.5,Central Stags,GR Hay,GH Worker,AJ McKay,0,0,,,,,,"",""
ball,3,15.6,Central Stags,GR Hay,GH Worker,AJ McKay,0,0,,,,,,"",""
ball,3,16.1,Central Stags,GH Worker,GR Hay,JS Patel,0,0,,,,,,"",""
ball,3,16.2,Central Stags,GH Worker,GR Hay,JS Patel,0,0,,,,,,"",""
ball,3,16.3,Central Stags,GH Worker,GR Hay,JS Patel,1,0,,,,,,"",""
ball,3,16.4,Central Stags,GR Hay,GH Worker,JS Patel,0,0,,,,,,"",""
ball,3,16.5,Central Stags,GR Hay,GH Worker,JS Patel,1,0,,,,,,"",""
ball,3,16.6,Central Stags,GH Worker,GR Hay,JS Patel,0,0,,,,,,"",""
ball,3,17.1,Central Stags,GR Hay,GH Worker,AJ McKay,0,0,,,,,,"",""
ball,3,17.2,Central Stags,GR Hay,GH Worker,AJ McKay,0,0,,,,,,"",""
ball,3,17.3,Central Stags,GR Hay,GH Worker,AJ McKay,0,0,,,,,,"",""
ball,3,17.4,Central Stags,GR Hay,GH Worker,AJ McKay,0,0,,,,,,"",""
ball,3,17.5,Central Stags,GR Hay,GH Worker,AJ McKay,0,0,,,,,,"",""
ball,3,17.6,Central Stags,GR Hay,GH Worker,AJ McKay,0,0,,,,,,"",""
ball,3,18.1,Central Stags,GH Worker,GR Hay,JS Patel,0,0,,,,,,"",""
ball,3,18.2,Central Stags,GH Worker,GR Hay,JS Patel,0,0,,,,,,"",""
ball,3,18.3,Central Stags,GH Worker,GR Hay,JS Patel,0,0,,,,,,"",""
ball,3,18.4,Central Stags,GH Worker,GR Hay,JS Patel,0,0,,,,,,"",""
ball,3,18.5,Central Stags,GH Worker,GR Hay,JS Patel,0,0,,,,,,"",""
ball,3,18.6,Central Stags,GH Worker,GR Hay,JS Patel,0,0,,,,,,"",""
ball,3,19.1,Central Stags,GR Hay,GH Worker,AJ McKay,0,0,,,,,,"",""
ball,3,19.2,Central Stags,GR Hay,GH Worker,AJ McKay,0,0,,,,,,"",""
ball,3,19.3,Central Stags,GR Hay,GH Worker,AJ McKay,0,0,,,,,,"",""
ball,3,19.4,Central Stags,GR Hay,GH Worker,AJ McKay,0,0,,,,,,"",""
ball,3,19.5,Central Stags,GR Hay,GH Worker,AJ McKay,0,0,,,,,,"",""
ball,3,19.6,Central Stags,GR Hay,GH Worker,AJ McKay,0,0,,,,,,"",""
ball,3,20.1,Central Stags,GH Worker,GR Hay,JS Patel,0,0,,,,,,"",""
ball,3,20.2,Central Stags,GH Worker,GR Hay,JS Patel,0,0,,,,,,"",""
ball,3,20.3,Central Stags,GH Worker,GR Hay,JS Patel,0,0,,,,,,"",""
ball,3,20.4,Central Stags,GH Worker,GR Hay,JS Patel,0,0,,,,,,"",""
ball,3,20.5,Central Stags,GH Worker,GR Hay,JS Patel,0,0,,,,,,"",""
ball,3,20.6,Central Stags,GH Worker,GR Hay,JS Patel,0,0,,,,,,"",""
ball,3,21.1,Central Stags,GR Hay,GH Worker,AJ McKay,3,0,,,,,,"",""
ball,3,21.2,Central Stags,GH Worker,GR Hay,AJ McKay,2,0,,,,,,"",""
ball,3,21.3,Central Stags,GH Worker,GR Hay,AJ McKay,1,0,,,,,,"",""
ball,3,21.4,Central Stags,GR Hay,GH Worker,AJ McKay,0,0,,,,,,"",""
ball,3,21.5,Central Stags,GR Hay,GH Worker,AJ McKay,0,0,,,,,,"",""
ball,3,21.6,Central Stags,GR Hay,GH Worker,AJ McKay,0,0,,,,,,"",""
ball,3,22.1,Central Stags,GH Worker,GR Hay,JS Patel,0,0,,,,,,"",""
ball,3,22.2,Central Stags,GH Worker,GR Hay,JS Patel,0,0,,,,,,"",""
ball,3,22.3,Central Stags,GH Worker,GR Hay,JS Patel,0,0,,,,,,caught,GH Worker
ball,3,22.4,Central Stags,WA Young,GR Hay,JS Patel,0,0,,,,,,"",""
ball,3,22.5,Central Stags,WA Young,GR Hay,JS Patel,0,0,,,,,,"",""
ball,3,22.6,Central Stags,WA Young,GR Hay,JS Patel,0,0,,,,,,"",""
ball,3,23.1,Central Stags,GR Hay,WA Young,AJ McKay,0,0,,,,,,"",""
ball,3,23.2,Central Stags,GR Hay,WA Young,AJ McKay,0,0,,,,,,"",""
ball,3,23.3,Central Stags,GR Hay,WA Young,AJ McKay,0,0,,,,,,"",""
ball,3,23.4,Central Stags,GR Hay,WA Young,AJ McKay,0,0,,,,,,"",""
ball,3,23.5,Central Stags,GR Hay,WA Young,AJ McKay,0,0,,,,,,"",""
ball,3,23.6,Central Stags,GR Hay,WA Young,AJ McKay,0,0,,,,,,"",""
ball,3,24.1,Central Stags,WA Young,GR Hay,JS Patel,0,0,,,,,,"",""
ball,3,24.2,Central Stags,WA Young,GR Hay,JS Patel,0,0,,,,,,"",""
ball,3,24.3,Central Stags,WA Young,GR Hay,JS Patel,0,0,,,,,,"",""
ball,3,24.4,Central Stags,WA Young,GR Hay,JS Patel,0,0,,,,,,"",""
ball,3,24.5,Central Stags,WA Young,GR Hay,JS Patel,0,0,,,,,,"",""
ball,3,24.6,Central Stags,WA Young,GR Hay,JS Patel,0,0,,,,,,"",""
ball,3,25.1,Central Stags,GR Hay,WA Young,MB McEwan,0,0,,,,,,"",""
ball,3,25.2,Central Stags,GR Hay,WA Young,MB McEwan,0,0,,,,,,"",""
ball,3,25.3,Central Stags,GR Hay,WA Young,MB McEwan,0,0,,,,,,"",""
ball,3,25.4,Central Stags,GR Hay,WA Young,MB McEwan,0,0,,,,,,"",""
ball,3,25.5,Central Stags,GR Hay,WA Young,MB McEwan,0,0,,,,,,"",""
ball,3,25.6,Central Stags,GR Hay,WA Young,MB McEwan,0,0,,,,,,"",""
ball,3,26.1,Central Stags,WA Young,GR Hay,JS Patel,0,0,,,,,,"",""
ball,3,26.2,Central Stags,WA Young,GR Hay,JS Patel,1,0,,,,,,"",""
ball,3,26.3,Central Stags,GR Hay,WA Young,JS Patel,4,0,,,,,,"",""
ball,3,26.4,Central Stags,GR Hay,WA Young,JS Patel,0,0,,,,,,caught,GR Hay
ball,3,26.5,Central Stags,AY Patel,WA Young,JS Patel,0,0,,,,,,"",""
ball,3,26.6,Central Stags,AY Patel,WA Young,JS Patel,0,0,,,,,,"",""
ball,3,27.1,Central Stags,WA Young,AY Patel,MB McEwan,0,0,,,,,,"",""
ball,3,27.2,Central Stags,WA Young,AY Patel,MB McEwan,0,0,,,,,,"",""
ball,3,27.3,Central Stags,WA Young,AY Patel,MB McEwan,2,0,,,,,,"",""
ball,3,27.4,Central Stags,WA Young,AY Patel,MB McEwan,0,0,,,,,,"",""
ball,3,27.5,Central Stags,WA Young,AY Patel,MB McEwan,4,0,,,,,,"",""
ball,3,27.6,Central Stags,WA Young,AY Patel,MB McEwan,0,0,,,,,,"",""
ball,3,28.1,Central Stags,AY Patel,WA Young,JS Patel,0,0,,,,,,"",""
ball,3,28.2,Central Stags,AY Patel,WA Young,JS Patel,0,0,,,,,,"",""
ball,3,28.3,Central Stags,AY Patel,WA Young,JS Patel,1,0,,,,,,"",""
ball,3,28.4,Central Stags,WA Young,AY Patel,JS Patel,0,0,,,,,,"",""
ball,3,28.5,Central Stags,WA Young,AY Patel,JS Patel,0,0,,,,,,"",""
ball,3,28.6,Central Stags,WA Young,AY Patel,JS Patel,0,0,,,,,,"",""
ball,3,29.1,Central Stags,AY Patel,WA Young,BJ Arnel,0,0,,,,,,"",""
ball,3,29.2,Central Stags,AY Patel,WA Young,BJ Arnel,0,0,,,,,,"",""
ball,3,29.3,Central Stags,AY Patel,WA Young,BJ Arnel,0,0,,,,,,"",""
ball,3,29.4,Central Stags,AY Patel,WA Young,BJ Arnel,0,0,,,,,,"",""
ball,3,29.5,Central Stags,AY Patel,WA Young,BJ Arnel,0,0,,,,,,"",""
ball,3,29.6,Central Stags,AY Patel,WA Young,BJ Arnel,0,0,,,,,,"",""
ball,3,30.1,Central Stags,WA Young,AY Patel,JS Patel,0,0,,,,,,"",""
ball,3,30.2,Central Stags,WA Young,AY Patel,JS Patel,0,0,,,,,,"",""
ball,3,30.3,Central Stags,WA Young,AY Patel,JS Patel,0,0,,,,,,"",""
ball,3,30.4,Central Stags,WA Young,AY Patel,JS Patel,1,0,,,,,,"",""
ball,3,30.5,Central Stags,AY Patel,WA Young,JS Patel,3,0,,,,,,"",""
ball,3,30.6,Central Stags,WA Young,AY Patel,JS Patel,0,0,,,,,,"",""
ball,3,31.1,Central Stags,AY Patel,WA Young,BJ Arnel,0,0,,,,,,"",""
ball,3,31.2,Central Stags,AY Patel,WA Young,BJ Arnel,0,0,,,,,,"",""
ball,3,31.3,Central Stags,AY Patel,WA Young,BJ Arnel,0,0,,,,,,"",""
ball,3,31.4,Central Stags,AY Patel,WA Young,BJ Arnel,0,0,,,,,,"",""
ball,3,31.5,Central Stags,AY Patel,WA Young,BJ Arnel,0,0,,,,,,caught,AY Patel
ball,3,31.6,Central Stags,TC Bruce,WA Young,BJ Arnel,0,0,,,,,,"",""
ball,3,32.1,Central Stags,WA Young,TC Bruce,JS Patel,0,0,,,,,,"",""
ball,3,32.2,Central Stags,WA Young,TC Bruce,JS Patel,4,0,,,,,,"",""
ball,3,32.3,Central Stags,WA Young,TC Bruce,JS Patel,0,0,,,,,,"",""
ball,3,32.4,Central Stags,WA Young,TC Bruce,JS Patel,0,0,,,,,,"",""
ball,3,32.5,Central Stags,WA Young,TC Bruce,JS Patel,0,0,,,,,,"",""
ball,3,32.6,Central Stags,WA Young,TC Bruce,JS Patel,0,0,,,,,,"",""
ball,3,33.1,Central Stags,TC Bruce,WA Young,BJ Arnel,0,0,,,,,,"",""
ball,3,33.2,Central Stags,TC Bruce,WA Young,BJ Arnel,0,0,,,,,,"",""
ball,3,33.3,Central Stags,TC Bruce,WA Young,BJ Arnel,0,0,,,,,,"",""
ball,3,33.4,Central Stags,TC Bruce,WA Young,BJ Arnel,0,0,,,,,,"",""
ball,3,33.5,Central Stags,TC Bruce,WA Young,BJ Arnel,0,0,,,,,,"",""
ball,3,33.6,Central Stags,TC Bruce,WA Young,BJ Arnel,0,0,,,,,,"",""
ball,3,34.1,Central Stags,WA Young,TC Bruce,JS Patel,0,0,,,,,,"",""
ball,3,34.2,Central Stags,WA Young,TC Bruce,JS Patel,0,0,,,,,,"",""
ball,3,34.3,Central Stags,WA Young,TC Bruce,JS Patel,0,0,,,,,,"",""
ball,3,34.4,Central Stags,WA Young,TC Bruce,JS Patel,1,0,,,,,,"",""
ball,3,34.5,Central Stags,TC Bruce,WA Young,JS Patel,0,0,,,,,,"",""
ball,3,34.6,Central Stags,TC Bruce,WA Young,JS Patel,0,0,,,,,,"",""
ball,3,35.1,Central Stags,WA Young,TC Bruce,BJ Arnel,1,0,,,,,,"",""
ball,3,35.2,Central Stags,TC Bruce,WA Young,BJ Arnel,0,0,,,,,,"",""
ball,3,35.3,Central Stags,TC Bruce,WA Young,BJ Arnel,4,0,,,,,,"",""
ball,3,35.4,Central Stags,TC Bruce,WA Young,BJ Arnel,0,0,,,,,,"",""
ball,3,35.5,Central Stags,TC Bruce,WA Young,BJ Arnel,0,0,,,,,,"",""
ball,3,35.6,Central Stags,TC Bruce,WA Young,BJ Arnel,0,0,,,,,,"",""
ball,3,36.1,Central Stags,WA Young,TC Bruce,JS Patel,0,0,,,,,,"",""
ball,3,36.2,Central Stags,WA Young,TC Bruce,JS Patel,0,0,,,,,,"",""
ball,3,36.3,Central Stags,WA Young,TC Bruce,JS Patel,1,0,,,,,,"",""
ball,3,36.4,Central Stags,TC Bruce,WA Young,JS Patel,0,0,,,,,,"",""
ball,3,36.5,Central Stags,TC Bruce,WA Young,JS Patel,0,0,,,,,,"",""
ball,3,36.6,Central Stags,TC Bruce,WA Young,JS Patel,0,0,,,,,,"",""
ball,3,37.1,Central Stags,WA Young,TC Bruce,BJ Arnel,0,0,,,,,,"",""
ball,3,37.2,Central Stags,WA Young,TC Bruce,BJ Arnel,1,0,,,,,,"",""
ball,3,37.3,Central Stags,TC Bruce,WA Young,BJ Arnel,0,0,,,,,,"",""
ball,3,37.4,Central Stags,TC Bruce,WA Young,BJ Arnel,0,0,,,,,,"",""
ball,3,37.5,Central Stags,TC Bruce,WA Young,BJ Arnel,2,0,,,,,,"",""
ball,3,37.6,Central Stags,TC Bruce,WA Young,BJ Arnel,4,0,,,,,,"",""
ball,3,38.1,Central Stags,WA Young,TC Bruce,JS Patel,2,0,,,,,,"",""
ball,3,38.2,Central Stags,WA Young,TC Bruce,JS Patel,0,0,,,,,,"",""
ball,3,38.3,Central Stags,WA Young,TC Bruce,JS Patel,0,0,,,,,,"",""
ball,3,38.4,Central Stags,WA Young,TC Bruce,JS Patel,0,0,,,,,,"",""
ball,3,38.5,Central Stags,WA Young,TC Bruce,JS Patel,0,0,,,,,,"",""
ball,3,38.6,Central Stags,WA Young,TC Bruce,JS Patel,0,0,,,,,,"",""
ball,3,39.1,Central Stags,TC Bruce,WA Young,AJ McKay,0,0,,,,,,"",""
ball,3,39.2,Central Stags,TC Bruce,WA Young,AJ McKay,0,0,,,,,,"",""
ball,3,39.3,Central Stags,TC Bruce,WA Young,AJ McKay,0,0,,,,,,"",""
ball,3,39.4,Central Stags,TC Bruce,WA Young,AJ McKay,4,0,,,,,,"",""
ball,3,39.5,Central Stags,TC Bruce,WA Young,AJ McKay,0,0,,,,,,"",""
ball,3,39.6,Central Stags,TC Bruce,WA Young,AJ McKay,0,0,,,,,,"",""
ball,3,40.1,Central Stags,WA Young,TC Bruce,JS Patel,1,0,,,,,,"",""
ball,3,40.2,Central Stags,TC Bruce,WA Young,JS Patel,1,0,,,,,,"",""
ball,3,40.3,Central Stags,WA Young,TC Bruce,JS Patel,0,0,,,,,,"",""
ball,3,40.4,Central Stags,WA Young,TC Bruce,JS Patel,0,0,,,,,,"",""
ball,3,40.5,Central Stags,WA Young,TC Bruce,JS Patel,0,0,,,,,,"",""
ball,3,40.6,Central Stags,WA Young,TC Bruce,JS Patel,0,0,,,,,,"",""
ball,3,41.1,Central Stags,TC Bruce,WA Young,AJ McKay,0,0,,,,,,"",""
ball,3,41.2,Central Stags,TC Bruce,WA Young,AJ McKay,4,0,,,,,,"",""
ball,3,41.3,Central Stags,TC Bruce,WA Young,AJ McKay,0,0,,,,,,"",""
ball,3,41.4,Central Stags,TC Bruce,WA Young,AJ McKay,0,0,,,,,,"",""
ball,3,41.5,Central Stags,TC Bruce,WA Young,AJ McKay,0,0,,,,,,"",""
ball,3,41.6,Central Stags,TC Bruce,WA Young,AJ McKay,0,0,,,,,,"",""
ball,3,42.1,Central Stags,WA Young,TC Bruce,JS Patel,0,0,,,,,,"",""
ball,3,42.2,Central Stags,WA Young,TC Bruce,JS Patel,0,0,,,,,,"",""
ball,3,42.3,Central Stags,WA Young,TC Bruce,JS Patel,4,0,,,,,,"",""
ball,3,42.4,Central Stags,WA Young,TC Bruce,JS Patel,4,0,,,,,,"",""
ball,3,42.5,Central Stags,WA Young,TC Bruce,JS Patel,0,0,,,,,,"",""
ball,3,42.6,Central Stags,WA Young,TC Bruce,JS Patel,0,0,,,,,,"",""
ball,3,43.1,Central Stags,TC Bruce,WA Young,AJ McKay,0,0,,,,,,"",""
ball,3,43.2,Central Stags,TC Bruce,WA Young,AJ McKay,2,0,,,,,,"",""
ball,3,43.3,Central Stags,TC Bruce,WA Young,AJ McKay,0,0,,,,,,"",""
ball,3,43.4,Central Stags,TC Bruce,WA Young,AJ McKay,1,0,,,,,,"",""
ball,3,43.5,Central Stags,WA Young,TC Bruce,AJ McKay,0,0,,,,,,"",""
ball,3,43.6,Central Stags,WA Young,TC Bruce,AJ McKay,0,0,,,,,,"",""
ball,3,44.1,Central Stags,TC Bruce,WA Young,JS Patel,0,0,,,,,,"",""
ball,3,44.2,Central Stags,TC Bruce,WA Young,JS Patel,1,0,,,,,,"",""
ball,3,44.3,Central Stags,WA Young,TC Bruce,JS Patel,0,0,,,,,,"",""
ball,3,44.4,Central Stags,WA Young,TC Bruce,JS Patel,0,0,,,,,,"",""
ball,3,44.5,Central Stags,WA Young,TC Bruce,JS Patel,0,0,,,,,,"",""
ball,3,44.6,Central Stags,WA Young,TC Bruce,JS Patel,2,0,,,,,,"",""
ball,3,45.1,Central Stags,TC Bruce,WA Young,AJ McKay,0,0,,,,,,"",""
ball,3,45.2,Central Stags,TC Bruce,WA Young,AJ McKay,1,0,,,,,,"",""
ball,3,45.3,Central Stags,WA Young,TC Bruce,AJ McKay,0,0,,,,,,"",""
ball,3,45.4,Central Stags,WA Young,TC Bruce,AJ McKay,2,0,,,,,,"",""
ball,3,45.5,Central Stags,WA Young,TC Bruce,AJ McKay,0,0,,,,,,"",""
ball,3,45.6,Central Stags,WA Young,TC Bruce,AJ McKay,4,0,,,,,,"",""
ball,3,46.1,Central Stags,TC Bruce,WA Young,JS Patel,1,0,,,,,,"",""
ball,3,46.2,Central Stags,WA Young,TC Bruce,JS Patel,1,0,,,,,,"",""
ball,3,46.3,Central Stags,TC Bruce,WA Young,JS Patel,0,0,,,,,,"",""
ball,3,46.4,Central Stags,TC Bruce,WA Young,JS Patel,0,0,,,,,,"",""
ball,3,46.5,Central Stags,TC Bruce,WA Young,JS Patel,0,0,,,,,,"",""
ball,3,46.6,Central Stags,TC Bruce,WA Young,JS Patel,0,0,,,,,,"",""
ball,3,47.1,Central Stags,WA Young,TC Bruce,AJ McKay,0,0,,,,,,"",""
ball,3,47.2,Central Stags,WA Young,TC Bruce,AJ McKay,0,0,,,,,,"",""
ball,3,47.3,Central Stags,WA Young,TC Bruce,AJ McKay,0,0,,,,,,"",""
ball,3,47.4,Central Stags,WA Young,TC Bruce,AJ McKay,0,0,,,,,,"",""
ball,3,47.5,Central Stags,WA Young,TC Bruce,AJ McKay,0,0,,,,,,"",""
ball,3,47.6,Central Stags,WA Young,TC Bruce,AJ McKay,2,0,,,,,,"",""
ball,3,48.1,Central Stags,TC Bruce,WA Young,JS Patel,4,0,,,,,,"",""
ball,3,48.2,Central Stags,TC Bruce,WA Young,JS Patel,0,0,,,,,,"",""
ball,3,48.3,Central Stags,TC Bruce,WA Young,JS Patel,0,0,,,,,,"",""
ball,3,48.4,Central Stags,TC Bruce,WA Young,JS Patel,0,0,,,,,,"",""
ball,3,48.5,Central Stags,TC Bruce,WA Young,JS Patel,0,0,,,,,,"",""
ball,3,48.6,Central Stags,TC Bruce,WA Young,JS Patel,0,0,,,,,,"",""
ball,3,49.1,Central Stags,WA Young,TC Bruce,AJ McKay,1,0,,,,,,"",""
ball,3,49.2,Central Stags,TC Bruce,WA Young,AJ McKay,0,0,,,,,,"",""
ball,3,49.3,Central Stags,TC Bruce,WA Young,AJ McKay,0,0,,,,,,"",""
ball,3,49.4,Central Stags,TC Bruce,WA Young,AJ McKay,0,0,,,,,,"",""
ball,3,49.5,Central Stags,TC Bruce,WA Young,AJ McKay,0,0,,,,,,"",""
ball,3,49.6,Central Stags,TC Bruce,WA Young,AJ McKay,0,0,,,,,,"",""
ball,3,50.1,Central Stags,WA Young,TC Bruce,BJ Arnel,0,0,,,,,,"",""
ball,3,50.2,Central Stags,WA Young,TC Bruce,BJ Arnel,0,0,,,,,,"",""
ball,3,50.3,Central Stags,WA Young,TC Bruce,BJ Arnel,0,0,,,,,,"",""
ball,3,50.4,Central Stags,WA Young,TC Bruce,BJ Arnel,0,0,,,,,,"",""
ball,3,50.5,Central Stags,WA Young,TC Bruce,BJ Arnel,0,0,,,,,,"",""
ball,3,50.6,Central Stags,WA Young,TC Bruce,BJ Arnel,0,0,,,,,,"",""
ball,3,51.1,Central Stags,TC Bruce,WA Young,JS Patel,0,0,,,,,,"",""
ball,3,51.2,Central Stags,TC Bruce,WA Young,JS Patel,0,0,,,,,,"",""
ball,3,51.3,Central Stags,TC Bruce,WA Young,JS Patel,4,0,,,,,,"",""
ball,3,51.4,Central Stags,TC Bruce,WA Young,JS Patel,4,0,,,,,,"",""
ball,3,51.5,Central Stags,TC Bruce,WA Young,JS Patel,0,0,,,,,,"",""
ball,3,51.6,Central Stags,TC Bruce,WA Young,JS Patel,0,0,,,,,,"",""
ball,3,52.1,Central Stags,WA Young,TC Bruce,BJ Arnel,0,0,,,,,,caught,WA Young
ball,3,52.2,Central Stags,CFK van Wyk,TC Bruce,BJ Arnel,0,0,,,,,,"",""
ball,3,52.3,Central Stags,CFK van Wyk,TC Bruce,BJ Arnel,0,0,,,,,,"",""
ball,3,52.4,Central Stags,CFK van Wyk,TC Bruce,BJ Arnel,0,0,,,,,,"",""
ball,3,52.5,Central Stags,CFK van Wyk,TC Bruce,BJ Arnel,0,0,,,,,,"",""
ball,3,52.6,Central Stags,CFK van Wyk,TC Bruce,BJ Arnel,0,0,,,,,,"",""
ball,3,53.1,Central Stags,TC Bruce,CFK van Wyk,JS Patel,0,0,,,,,,"",""
ball,3,53.2,Central Stags,TC Bruce,CFK van Wyk,JS Patel,0,0,,,,,,"",""
ball,3,53.3,Central Stags,TC Bruce,CFK van Wyk,JS Patel,2,0,,,,,,"",""
ball,3,53.4,Central Stags,TC Bruce,CFK van Wyk,JS Patel,0,0,,,,,,"",""
ball,3,53.5,Central Stags,TC Bruce,CFK van Wyk,JS Patel,0,0,,,,,,"",""
ball,3,53.6,Central Stags,TC Bruce,CFK van Wyk,JS Patel,1,0,,,,,,"",""
ball,3,54.1,Central Stags,TC Bruce,CFK van Wyk,BJ Arnel,0,0,,,,,,"",""
ball,3,54.2,Central Stags,TC Bruce,CFK van Wyk,BJ Arnel,0,0,,,,,,"",""
ball,3,54.3,Central Stags,TC Bruce,CFK van Wyk,BJ Arnel,0,0,,,,,,"",""
ball,3,54.4,Central Stags,TC Bruce,CFK van Wyk,BJ Arnel,0,0,,,,,,"",""
ball,3,54.5,Central Stags,TC Bruce,CFK van Wyk,BJ Arnel,0,0,,,,,,"",""
ball,3,54.6,Central Stags,TC Bruce,CFK van Wyk,BJ Arnel,0,0,,,,,,"",""
ball,3,55.1,Central Stags,CFK van Wyk,TC Bruce,JS Patel,0,0,,,,,,"",""
ball,3,55.2,Central Stags,CFK van Wyk,TC Bruce,JS Patel,0,0,,,,,,"",""
ball,3,55.3,Central Stags,CFK van Wyk,TC Bruce,JS Patel,0,0,,,,,,"",""
ball,3,55.4,Central Stags,CFK van Wyk,TC Bruce,JS Patel,0,0,,,,,,"",""
ball,3,55.5,Central Stags,CFK van Wyk,TC Bruce,JS Patel,1,0,,,,,,"",""
ball,3,55.6,Central Stags,TC Bruce,CFK van Wyk,JS Patel,0,0,,,,,,"",""
ball,3,56.1,Central Stags,CFK van Wyk,TC Bruce,BJ Arnel,0,0,,,,,,"",""
ball,3,56.2,Central Stags,CFK van Wyk,TC Bruce,BJ Arnel,0,0,,,,,,"",""
ball,3,56.3,Central Stags,CFK van Wyk,TC Bruce,BJ Arnel,0,0,,,,,,"",""
ball,3,56.4,Central Stags,CFK van Wyk,TC Bruce,BJ Arnel,0,0,,,,,,"",""
ball,3,56.5,Central Stags,CFK van Wyk,TC Bruce,BJ Arnel,0,0,,,,,,"",""
ball,3,56.6,Central Stags,CFK van Wyk,TC Bruce,BJ Arnel,1,0,,,,,,"",""
ball,3,57.1,Central Stags,CFK van Wyk,TC Bruce,JS Patel,0,0,,,,,,"",""
ball,3,57.2,Central Stags,CFK van Wyk,TC Bruce,JS Patel,0,0,,,,,,"",""
ball,3,57.3,Central Stags,CFK van Wyk,TC Bruce,JS Patel,0,0,,,,,,"",""
ball,3,57.4,Central Stags,CFK van Wyk,TC Bruce,JS Patel,0,0,,,,,,"",""
ball,3,57.5,Central Stags,CFK van Wyk,TC Bruce,JS Patel,0,0,,,,,,"",""
ball,3,57.6,Central Stags,CFK van Wyk,TC Bruce,JS Patel,0,0,,,,,,"",""
ball,3,58.1,Central Stags,TC Bruce,CFK van Wyk,BJ Arnel,0,0,,,,,,"",""
ball,3,58.2,Central Stags,TC Bruce,CFK van Wyk,BJ Arnel,4,0,,,,,,"",""
ball,3,58.3,Central Stags,TC Bruce,CFK van Wyk,BJ Arnel,0,0,,,,,,"",""
ball,3,58.4,Central Stags,TC Bruce,CFK van Wyk,BJ Arnel,4,0,,,,,,"",""
ball,3,58.5,Central Stags,TC Bruce,CFK van Wyk,BJ Arnel,0,0,,,,,,"",""
ball,3,58.6,Central Stags,TC Bruce,CFK van Wyk,BJ Arnel,0,0,,,,,,"",""
ball,3,59.1,Central Stags,CFK van Wyk,TC Bruce,JS Patel,0,0,,,,,,"",""
ball,3,59.2,Central Stags,CFK van Wyk,TC Bruce,JS Patel,0,0,,,,,,"",""
ball,3,59.3,Central Stags,CFK van Wyk,TC Bruce,JS Patel,0,0,,,,,,"",""
ball,3,59.4,Central Stags,CFK van Wyk,TC Bruce,JS Patel,0,0,,,,,,"",""
ball,3,59.5,Central Stags,CFK van Wyk,TC Bruce,JS Patel,0,0,,,,,,"",""
ball,3,59.6,Central Stags,CFK van Wyk,TC Bruce,JS Patel,0,0,,,,,,"",""
ball,3,60.1,Central Stags,TC Bruce,CFK van Wyk,MB McEwan,0,0,,,,,,"",""
ball,3,60.2,Central Stags,TC Bruce,CFK van Wyk,MB McEwan,0,0,,,,,,"",""
ball,3,60.3,Central Stags,TC Bruce,CFK van Wyk,MB McEwan,1,0,,,,,,"",""
ball,3,60.4,Central Stags,CFK van Wyk,TC Bruce,MB McEwan,0,0,,,,,,"",""
ball,3,60.5,Central Stags,CFK van Wyk,TC Bruce,MB McEwan,0,0,,,,,,"",""
ball,3,60.6,Central Stags,CFK van Wyk,TC Bruce,MB McEwan,0,0,,,,,,"",""
ball,3,61.1,Central Stags,TC Bruce,CFK van Wyk,JS Patel,0,0,,,,,,"",""
ball,3,61.2,Central Stags,TC Bruce,CFK van Wyk,JS Patel,0,0,,,,,,"",""
ball,3,61.3,Central Stags,TC Bruce,CFK van Wyk,JS Patel,0,2,,,2,,,"",""
ball,3,61.4,Central Stags,TC Bruce,CFK van Wyk,JS Patel,0,0,,,,,,"",""
ball,3,61.5,Central Stags,TC Bruce,CFK van Wyk,JS Patel,0,0,,,,,,"",""
ball,3,61.6,Central Stags,TC Bruce,CFK van Wyk,JS Patel,1,0,,,,,,"",""
ball,3,62.1,Central Stags,TC Bruce,CFK van Wyk,MB McEwan,1,0,,,,,,"",""
ball,3,62.2,Central Stags,CFK van Wyk,TC Bruce,MB McEwan,0,0,,,,,,"",""
ball,3,62.3,Central Stags,CFK van Wyk,TC Bruce,MB McEwan,0,0,,,,,,"",""
ball,3,62.4,Central Stags,CFK van Wyk,TC Bruce,MB McEwan,0,0,,,,,,"",""
ball,3,62.5,Central Stags,CFK van Wyk,TC Bruce,MB McEwan,0,0,,,,,,"",""
ball,3,62.6,Central Stags,CFK van Wyk,TC Bruce,MB McEwan,0,0,,,,,,"",""
ball,3,63.1,Central Stags,TC Bruce,CFK van Wyk,JS Patel,0,0,,,,,,"",""
ball,3,63.2,Central Stags,TC Bruce,CFK van Wyk,JS Patel,0,0,,,,,,"",""
ball,3,63.3,Central Stags,TC Bruce,CFK van Wyk,JS Patel,0,0,,,,,,"",""
ball,3,63.4,Central Stags,TC Bruce,CFK van Wyk,JS Patel,0,0,,,,,,"",""
ball,3,63.5,Central Stags,TC Bruce,CFK van Wyk,JS Patel,0,0,,,,,,"",""
ball,3,63.6,Central Stags,TC Bruce,CFK van Wyk,JS Patel,0,0,,,,,,"",""
ball,3,64.1,Central Stags,CFK van Wyk,TC Bruce,MB McEwan,0,0,,,,,,"",""
ball,3,64.2,Central Stags,CFK van Wyk,TC Bruce,MB McEwan,0,0,,,,,,"",""
ball,3,64.3,Central Stags,CFK van Wyk,TC Bruce,MB McEwan,0,0,,,,,,"",""
ball,3,64.4,Central Stags,CFK van Wyk,TC Bruce,MB McEwan,0,0,,,,,,"",""
ball,3,64.5,Central Stags,CFK van Wyk,TC Bruce,MB McEwan,0,0,,,,,,"",""
ball,3,64.6,Central Stags,CFK van Wyk,TC Bruce,MB McEwan,0,0,,,,,,"",""
ball,3,65.1,Central Stags,TC Bruce,CFK van Wyk,JS Patel,0,0,,,,,,"",""
ball,3,65.2,Central Stags,TC Bruce,CFK van Wyk,JS Patel,0,0,,,,,,"",""
ball,3,65.3,Central Stags,TC Bruce,CFK van Wyk,JS Patel,0,0,,,,,,"",""
ball,3,65.4,Central Stags,TC Bruce,CFK van Wyk,JS Patel,0,0,,,,,,"",""
ball,3,65.5,Central Stags,TC Bruce,CFK van Wyk,JS Patel,0,0,,,,,,"",""
ball,3,65.6,Central Stags,TC Bruce,CFK van Wyk,JS Patel,0,0,,,,,,"",""
ball,3,66.1,Central Stags,CFK van Wyk,TC Bruce,MB McEwan,0,0,,,,,,"",""
ball,3,66.2,Central Stags,CFK van Wyk,TC Bruce,MB McEwan,0,0,,,,,,"",""
ball,3,66.3,Central Stags,CFK van Wyk,TC Bruce,MB McEwan,0,0,,,,,,"",""
ball,3,66.4,Central Stags,CFK van Wyk,TC Bruce,MB McEwan,0,0,,,,,,"",""
ball,3,66.5,Central Stags,CFK van Wyk,TC Bruce,MB McEwan,0,0,,,,,,"",""
ball,3,66.6,Central Stags,CFK van Wyk,TC Bruce,MB McEwan,0,0,,,,,,"",""
ball,3,67.1,Central Stags,TC Bruce,CFK van Wyk,JS Patel,0,0,,,,,,"",""
ball,3,67.2,Central Stags,TC Bruce,CFK van Wyk,JS Patel,6,0,,,,,,"",""
ball,3,67.3,Central Stags,TC Bruce,CFK van Wyk,JS Patel,0,0,,,,,,"",""
ball,3,67.4,Central Stags,TC Bruce,CFK van Wyk,JS Patel,4,0,,,,,,"",""
ball,3,67.5,Central Stags,TC Bruce,CFK van Wyk,JS Patel,1,0,,,,,,"",""
ball,3,67.6,Central Stags,CFK van Wyk,TC Bruce,JS Patel,0,0,,,,,,"",""
ball,3,68.1,Central Stags,TC Bruce,CFK van Wyk,MB McEwan,0,0,,,,,,"",""
ball,3,68.2,Central Stags,TC Bruce,CFK van Wyk,MB McEwan,0,0,,,,,,"",""
ball,3,68.3,Central Stags,TC Bruce,CFK van Wyk,MB McEwan,2,0,,,,,,"",""
ball,3,68.4,Central Stags,TC Bruce,CFK van Wyk,MB McEwan,0,0,,,,,,"",""
ball,3,68.5,Central Stags,TC Bruce,CFK van Wyk,MB McEwan,1,0,,,,,,"",""
ball,3,68.6,Central Stags,CFK van Wyk,TC Bruce,MB McEwan,0,0,,,,,,"",""
ball,3,69.1,Central Stags,TC Bruce,CFK van Wyk,JS Patel,0,0,,,,,,"",""
ball,3,69.2,Central Stags,TC Bruce,CFK van Wyk,JS Patel,0,0,,,,,,"",""
ball,3,69.3,Central Stags,TC Bruce,CFK van Wyk,JS Patel,0,0,,,,,,"",""
ball,3,69.4,Central Stags,TC Bruce,CFK van Wyk,JS Patel,1,0,,,,,,"",""
ball,3,69.5,Central Stags,CFK van Wyk,TC Bruce,JS Patel,0,0,,,,,,"",""
ball,3,69.6,Central Stags,CFK van Wyk,TC Bruce,JS Patel,0,0,,,,,,"",""
ball,3,70.1,Central Stags,TC Bruce,CFK van Wyk,MB McEwan,0,0,,,,,,"",""
ball,3,70.2,Central Stags,TC Bruce,CFK van Wyk,MB McEwan,0,0,,,,,,"",""
ball,3,70.3,Central Stags,TC Bruce,CFK van Wyk,MB McEwan,1,0,,,,,,"",""
ball,3,70.4,Central Stags,CFK van Wyk,TC Bruce,MB McEwan,0,0,,,,,,"",""
ball,3,70.5,Central Stags,CFK van Wyk,TC Bruce,MB McEwan,0,0,,,,,,"",""
ball,3,70.6,Central Stags,CFK van Wyk,TC Bruce,MB McEwan,0,0,,,,,,"",""
ball,3,71.1,Central Stags,TC Bruce,CFK van Wyk,JS Patel,0,0,,,,,,"",""
ball,3,71.2,Central Stags,TC Bruce,CFK van Wyk,JS Patel,6,0,,,,,,"",""
ball,3,71.3,Central Stags,TC Bruce,CFK van Wyk,JS Patel,0,0,,,,,,"",""
ball,3,71.4,Central Stags,TC Bruce,CFK van Wyk,JS Patel,3,0,,,,,,"",""
ball,3,71.5,Central Stags,CFK van Wyk,TC Bruce,JS Patel,0,0,,,,,,"",""
ball,3,71.6,Central Stags,CFK van Wyk,TC Bruce,JS Patel,0,0,,,,,,"",""
ball,3,72.1,Central Stags,TC Bruce,CFK van Wyk,AJ McKay,0,0,,,,,,"",""
ball,3,72.2,Central Stags,TC Bruce,CFK van Wyk,AJ McKay,0,0,,,,,,"",""
ball,3,72.3,Central Stags,TC Bruce,CFK van Wyk,AJ McKay,0,0,,,,,,"",""
ball,3,72.4,Central Stags,TC Bruce,CFK van Wyk,AJ McKay,0,0,,,,,,"",""
ball,3,72.5,Central Stags,TC Bruce,CFK van Wyk,AJ McKay,4,0,,,,,,"",""
ball,3,72.6,Central Stags,TC Bruce,CFK van Wyk,AJ McKay,0,0,,,,,,"",""
ball,3,73.1,Central Stags,CFK van Wyk,TC Bruce,JS Patel,0,0,,,,,,"",""
ball,3,73.2,Central Stags,CFK van Wyk,TC Bruce,JS Patel,0,0,,,,,,"",""
ball,3,73.3,Central Stags,CFK van Wyk,TC Bruce,JS Patel,2,0,,,,,,"",""
ball,3,73.4,Central Stags,CFK van Wyk,TC Bruce,JS Patel,1,0,,,,,,"",""
ball,3,73.5,Central Stags,TC Bruce,CFK van Wyk,JS Patel,0,0,,,,,,lbw,TC Bruce
ball,3,73.6,Central Stags,DAJ Bracewell,CFK van Wyk,JS Patel,0,0,,,,,,"",""
ball,3,74.1,Central Stags,CFK van Wyk,DAJ Bracewell,AJ McKay,4,0,,,,,,"",""
ball,3,74.2,Central Stags,CFK van Wyk,DAJ Bracewell,AJ McKay,0,0,,,,,,"",""
ball,3,74.3,Central Stags,CFK van Wyk,DAJ Bracewell,AJ McKay,0,0,,,,,,"",""
ball,3,74.4,Central Stags,CFK van Wyk,DAJ Bracewell,AJ McKay,0,0,,,,,,"",""
ball,3,74.5,Central Stags,CFK van Wyk,DAJ Bracewell,AJ McKay,0,0,,,,,,"",""
ball,3,74.6,Central Stags,CFK van Wyk,DAJ Bracewell,AJ McKay,0,0,,,,,,"",""
ball,3,75.1,Central Stags,DAJ Bracewell,CFK van Wyk,JS Patel,0,0,,,,,,"",""
ball,3,75.2,Central Stags,DAJ Bracewell,CFK van Wyk,JS Patel,2,0,,,,,,"",""
ball,3,75.3,Central Stags,DAJ Bracewell,CFK van Wyk,JS Patel,1,0,,,,,,"",""
ball,3,75.4,Central Stags,CFK van Wyk,DAJ Bracewell,JS Patel,0,0,,,,,,"",""
ball,3,75.5,Central Stags,CFK van Wyk,DAJ Bracewell,JS Patel,0,0,,,,,,"",""
ball,3,75.6,Central Stags,CFK van Wyk,DAJ Bracewell,JS Patel,1,0,,,,,,"",""
ball,3,76.1,Central Stags,CFK van Wyk,DAJ Bracewell,AJ McKay,0,0,,,,,,"",""
ball,3,76.2,Central Stags,CFK van Wyk,DAJ Bracewell,AJ McKay,0,0,,,,,,"",""
ball,3,76.3,Central Stags,CFK van Wyk,DAJ Bracewell,AJ McKay,0,0,,,,,,"",""
ball,3,76.4,Central Stags,CFK van Wyk,DAJ Bracewell,AJ McKay,0,0,,,,,,"",""
ball,3,76.5,Central Stags,CFK van Wyk,DAJ Bracewell,AJ McKay,0,0,,,,,,"",""
ball,3,76.6,Central Stags,CFK van Wyk,DAJ Bracewell,AJ McKay,0,0,,,,,,"",""
ball,3,77.1,Central Stags,DAJ Bracewell,CFK van Wyk,JS Patel,0,0,,,,,,"",""
ball,3,77.2,Central Stags,DAJ Bracewell,CFK van Wyk,JS Patel,0,0,,,,,,"",""
ball,3,77.3,Central Stags,DAJ Bracewell,CFK van Wyk,JS Patel,0,0,,,,,,"",""
ball,3,77.4,Central Stags,DAJ Bracewell,CFK van Wyk,JS Patel,0,0,,,,,,"",""
ball,3,77.5,Central Stags,DAJ Bracewell,CFK van Wyk,JS Patel,0,0,,,,,,"",""
ball,3,77.6,Central Stags,DAJ Bracewell,CFK van Wyk,JS Patel,0,0,,,,,,"",""
ball,3,78.1,Central Stags,CFK van Wyk,DAJ Bracewell,AJ McKay,4,0,,,,,,"",""
ball,3,78.2,Central Stags,CFK van Wyk,DAJ Bracewell,AJ McKay,0,0,,,,,,"",""
ball,3,78.3,Central Stags,CFK van Wyk,DAJ Bracewell,AJ McKay,0,0,,,,,,"",""
ball,3,78.4,Central Stags,CFK van Wyk,DAJ Bracewell,AJ McKay,0,0,,,,,,"",""
ball,3,78.5,Central Stags,CFK van Wyk,DAJ Bracewell,AJ McKay,2,0,,,,,,"",""
ball,3,78.6,Central Stags,CFK van Wyk,DAJ Bracewell,AJ McKay,1,0,,,,,,"",""
ball,3,79.1,Central Stags,CFK van Wyk,DAJ Bracewell,JS Patel,0,0,,,,,,"",""
ball,3,79.2,Central Stags,CFK van Wyk,DAJ Bracewell,JS Patel,3,0,,,,,,"",""
ball,3,79.3,Central Stags,DAJ Bracewell,CFK van Wyk,JS Patel,0,0,,,,,,"",""
ball,3,79.4,Central Stags,DAJ Bracewell,CFK van Wyk,JS Patel,0,0,,,,,,"",""
ball,3,79.5,Central Stags,DAJ Bracewell,CFK van Wyk,JS Patel,0,0,,,,,,"",""
ball,3,79.6,Central Stags,DAJ Bracewell,CFK van Wyk,JS Patel,1,0,,,,,,"",""
ball,3,80.1,Central Stags,DAJ Bracewell,CFK van Wyk,AJ McKay,0,0,,,,,,"",""
ball,3,80.2,Central Stags,DAJ Bracewell,CFK van Wyk,AJ McKay,0,0,,,,,,"",""
ball,3,80.3,Central Stags,DAJ Bracewell,CFK van Wyk,AJ McKay,0,0,,,,,,"",""
ball,3,80.4,Central Stags,DAJ Bracewell,CFK van Wyk,AJ McKay,0,0,,,,,,"",""
ball,3,80.5,Central Stags,DAJ Bracewell,CFK van Wyk,AJ McKay,0,0,,,,,,"",""
ball,3,80.6,Central Stags,DAJ Bracewell,CFK van Wyk,AJ McKay,0,0,,,,,,"",""
ball,3,81.1,Central Stags,CFK van Wyk,DAJ Bracewell,JS Patel,0,0,,,,,,"",""
ball,3,81.2,Central Stags,CFK van Wyk,DAJ Bracewell,JS Patel,0,0,,,,,,"",""
ball,3,81.3,Central Stags,CFK van Wyk,DAJ Bracewell,JS Patel,0,0,,,,,,"",""
ball,3,81.4,Central Stags,CFK van Wyk,DAJ Bracewell,JS Patel,0,0,,,,,,"",""
ball,3,81.5,Central Stags,CFK van Wyk,DAJ Bracewell,JS Patel,0,0,,,,,,"",""
ball,3,81.6,Central Stags,CFK van Wyk,DAJ Bracewell,JS Patel,0,0,,,,,,"",""
ball,3,82.1,Central Stags,DAJ Bracewell,CFK van Wyk,AJ McKay,0,0,,,,,,"",""
ball,3,82.2,Central Stags,DAJ Bracewell,CFK van Wyk,AJ McKay,4,0,,,,,,"",""
ball,3,82.3,Central Stags,DAJ Bracewell,CFK van Wyk,AJ McKay,0,0,,,,,,"",""
ball,3,82.4,Central Stags,DAJ Bracewell,CFK van Wyk,AJ McKay,0,0,,,,,,"",""
ball,3,82.5,Central Stags,DAJ Bracewell,CFK van Wyk,AJ McKay,0,0,,,,,,"",""
ball,3,82.6,Central Stags,DAJ Bracewell,CFK van Wyk,AJ McKay,0,0,,,,,,"",""
ball,3,83.1,Central Stags,CFK van Wyk,DAJ Bracewell,JS Patel,0,0,,,,,,"",""
ball,3,83.2,Central Stags,CFK van Wyk,DAJ Bracewell,JS Patel,0,0,,,,,,"",""
ball,3,83.3,Central Stags,CFK van Wyk,DAJ Bracewell,JS Patel,0,0,,,,,,"",""
ball,3,83.4,Central Stags,CFK van Wyk,DAJ Bracewell,JS Patel,0,0,,,,,,"",""
ball,3,83.5,Central Stags,CFK van Wyk,DAJ Bracewell,JS Patel,4,0,,,,,,"",""
ball,3,83.6,Central Stags,CFK van Wyk,DAJ Bracewell,JS Patel,0,0,,,,,,"",""
ball,3,84.1,Central Stags,DAJ Bracewell,CFK van Wyk,AJ McKay,0,0,,,,,,"",""
ball,3,84.2,Central Stags,DAJ Bracewell,CFK van Wyk,AJ McKay,1,0,,,,,,"",""
ball,3,84.3,Central Stags,CFK van Wyk,DAJ Bracewell,AJ McKay,0,0,,,,,,"",""
ball,3,84.4,Central Stags,CFK van Wyk,DAJ Bracewell,AJ McKay,1,0,,,,,,"",""
ball,3,84.5,Central Stags,DAJ Bracewell,CFK van Wyk,AJ McKay,0,0,,,,,,"",""
ball,3,84.6,Central Stags,DAJ Bracewell,CFK van Wyk,AJ McKay,0,0,,,,,,"",""
ball,3,85.1,Central Stags,CFK van Wyk,DAJ Bracewell,JS Patel,0,0,,,,,,"",""
ball,3,85.2,Central Stags,CFK van Wyk,DAJ Bracewell,JS Patel,4,0,,,,,,"",""
ball,3,85.3,Central Stags,CFK van Wyk,DAJ Bracewell,JS Patel,0,0,,,,,,"",""
ball,3,85.4,Central Stags,CFK van Wyk,DAJ Bracewell,JS Patel,0,0,,,,,,"",""
ball,3,85.5,Central Stags,CFK van Wyk,DAJ Bracewell,JS Patel,0,0,,,,,,"",""
ball,3,85.6,Central Stags,CFK van Wyk,DAJ Bracewell,JS Patel,0,0,,,,,,"",""
ball,3,86.1,Central Stags,DAJ Bracewell,CFK van Wyk,BJ Arnel,0,0,,,,,,"",""
ball,3,86.2,Central Stags,DAJ Bracewell,CFK van Wyk,BJ Arnel,0,0,,,,,,"",""
ball,3,86.3,Central Stags,DAJ Bracewell,CFK van Wyk,BJ Arnel,0,0,,,,,,caught,DAJ Bracewell
ball,3,86.4,Central Stags,BM Wheeler,CFK van Wyk,BJ Arnel,0,0,,,,,,"",""
ball,3,86.5,Central Stags,BM Wheeler,CFK van Wyk,BJ Arnel,0,0,,,,,,"",""
ball,3,86.6,Central Stags,BM Wheeler,CFK van Wyk,BJ Arnel,0,0,,,,,,"",""
ball,3,87.1,Central Stags,CFK van Wyk,BM Wheeler,MB McEwan,0,0,,,,,,"",""
ball,3,87.2,Central Stags,CFK van Wyk,BM Wheeler,MB McEwan,0,0,,,,,,"",""
ball,3,87.3,Central Stags,CFK van Wyk,BM Wheeler,MB McEwan,0,0,,,,,,"",""
ball,3,87.4,Central Stags,CFK van Wyk,BM Wheeler,MB McEwan,0,0,,,,,,"",""
ball,3,87.5,Central Stags,CFK van Wyk,BM Wheeler,MB McEwan,0,0,,,,,,"",""
ball,3,87.6,Central Stags,CFK van Wyk,BM Wheeler,MB McEwan,0,0,,,,,,"",""
ball,3,88.1,Central Stags,BM Wheeler,CFK van Wyk,BJ Arnel,0,0,,,,,,caught,BM Wheeler
ball,3,88.2,Central Stags,SHA Rance,CFK van Wyk,BJ Arnel,0,0,,,,,,"",""
ball,3,88.3,Central Stags,SHA Rance,CFK van Wyk,BJ Arnel,0,0,,,,,,"",""
ball,3,88.4,Central Stags,SHA Rance,CFK van Wyk,BJ Arnel,0,0,,,,,,"",""
ball,3,88.5,Central Stags,SHA Rance,CFK van Wyk,BJ Arnel,4,0,,,,,,"",""
ball,3,88.6,Central Stags,SHA Rance,CFK van Wyk,BJ Arnel,0,0,,,,,,"",""
ball,3,89.1,Central Stags,CFK van Wyk,SHA Rance,MB McEwan,0,0,,,,,,"",""
ball,3,89.2,Central Stags,CFK van Wyk,SHA Rance,MB McEwan,0,0,,,,,,"",""
ball,3,89.3,Central Stags,CFK van Wyk,SHA Rance,MB McEwan,0,0,,,,,,"",""
ball,3,89.4,Central Stags,CFK van Wyk,SHA Rance,MB McEwan,1,0,,,,,,"",""
ball,3,89.5,Central Stags,SHA Rance,CFK van Wyk,MB McEwan,0,0,,,,,,"",""
ball,3,89.6,Central Stags,SHA Rance,CFK van Wyk,MB McEwan,0,0,,,,,,"",""
ball,3,90.1,Central Stags,CFK van Wyk,SHA Rance,BJ Arnel,0,0,,,,,,"",""
ball,3,90.2,Central Stags,CFK van Wyk,SHA Rance,BJ Arnel,0,0,,,,,,"",""
ball,3,90.3,Central Stags,CFK van Wyk,SHA Rance,BJ Arnel,0,0,,,,,,"",""
ball,3,90.4,Central Stags,CFK van Wyk,SHA Rance,BJ Arnel,0,0,,,,,,"",""
ball,3,90.5,Central Stags,CFK van Wyk,SHA Rance,BJ Arnel,0,0,,,,,,"",""
ball,3,90.6,Central Stags,CFK van Wyk,SHA Rance,BJ Arnel,0,0,,,,,,"",""
ball,3,91.1,Central Stags,SHA Rance,CFK van Wyk,MB McEwan,0,0,,,,,,"",""
ball,3,91.2,Central Stags,SHA Rance,CFK van Wyk,MB McEwan,0,0,,,,,,"",""
ball,3,91.3,Central Stags,SHA Rance,CFK van Wyk,MB McEwan,1,0,,,,,,"",""
ball,3,91.4,Central Stags,CFK van Wyk,SHA Rance,MB McEwan,0,0,,,,,,"",""
ball,3,91.5,Central Stags,CFK van Wyk,SHA Rance,MB McEwan,0,0,,,,,,"",""
ball,3,91.6,Central Stags,CFK van Wyk,SHA Rance,MB McEwan,0,0,,,,,,"",""
ball,3,92.1,Central Stags,SHA Rance,CFK van Wyk,BJ Arnel,0,0,,,,,,"",""
ball,3,92.2,Central Stags,SHA Rance,CFK van Wyk,BJ Arnel,2,0,,,,,,"",""
ball,3,92.3,Central Stags,SHA Rance,CFK van Wyk,BJ Arnel,0,0,,,,,,"",""
ball,3,92.4,Central Stags,SHA Rance,CFK van Wyk,BJ Arnel,0,0,,,,,,"",""
ball,3,92.5,Central Stags,SHA Rance,CFK van Wyk,BJ Arnel,0,0,,,,,,"",""
ball,3,92.6,Central Stags,SHA Rance,CFK van Wyk,BJ Arnel,4,0,,,,,,"",""
ball,3,93.1,Central Stags,CFK van Wyk,SHA Rance,MB McEwan,0,0,,,,,,"",""
ball,3,93.2,Central Stags,CFK van Wyk,SHA Rance,MB McEwan,0,0,,,,,,"",""
ball,3,93.3,Central Stags,CFK van Wyk,SHA Rance,MB McEwan,0,0,,,,,,"",""
ball,3,93.4,Central Stags,CFK van Wyk,SHA Rance,MB McEwan,0,0,,,,,,"",""
ball,3,93.5,Central Stags,CFK van Wyk,SHA Rance,MB McEwan,0,0,,,,,,"",""
ball,3,93.6,Central Stags,CFK van Wyk,SHA Rance,MB McEwan,0,0,,,,,,"",""
ball,3,94.1,Central Stags,SHA Rance,CFK van Wyk,BJ Arnel,0,0,,,,,,"",""
ball,3,94.2,Central Stags,SHA Rance,CFK van Wyk,BJ Arnel,4,0,,,,,,"",""
ball,3,94.3,Central Stags,SHA Rance,CFK van Wyk,BJ Arnel,1,0,,,,,,"",""
ball,3,94.4,Central Stags,CFK van Wyk,SHA Rance,BJ Arnel,1,0,,,,,,"",""
ball,3,94.5,Central Stags,SHA Rance,CFK van Wyk,BJ Arnel,0,0,,,,,,"",""
ball,3,94.6,Central Stags,SHA Rance,CFK van Wyk,BJ Arnel,0,0,,,,,,caught,SHA Rance
ball,3,95.1,Central Stags,CFK van Wyk,AW Mathieson,MB McEwan,0,0,,,,,,"",""
ball,3,95.2,Central Stags,CFK van Wyk,AW Mathieson,MB McEwan,0,0,,,,,,"",""
ball,3,95.3,Central Stags,CFK van Wyk,AW Mathieson,MB McEwan,0,0,,,,,,"",""
ball,3,95.4,Central Stags,CFK van Wyk,AW Mathieson,MB McEwan,0,0,,,,,,"",""
ball,3,95.5,Central Stags,CFK van Wyk,AW Mathieson,MB McEwan,4,0,,,,,,"",""
ball,3,95.6,Central Stags,CFK van Wyk,AW Mathieson,MB McEwan,1,0,,,,,,"",""
ball,3,96.1,Central Stags,CFK van Wyk,AW Mathieson,BJ Arnel,0,0,,,,,,"",""
ball,3,96.2,Central Stags,CFK van Wyk,AW Mathieson,BJ Arnel,0,0,,,,,,"",""
ball,3,96.3,Central Stags,CFK van Wyk,AW Mathieson,BJ Arnel,0,0,,,,,,"",""
ball,3,96.4,Central Stags,CFK van Wyk,AW Mathieson,BJ Arnel,1,0,,,,,,"",""
ball,3,96.5,Central Stags,AW Mathieson,CFK van Wyk,BJ Arnel,0,0,,,,,,"",""
ball,3,96.6,Central Stags,AW Mathieson,CFK van Wyk,BJ Arnel,0,0,,,,,,"",""
ball,3,97.1,Central Stags,CFK van Wyk,AW Mathieson,MB McEwan,0,0,,,,,,"",""
ball,3,97.2,Central Stags,CFK van Wyk,AW Mathieson,MB McEwan,0,0,,,,,,"",""
ball,3,97.3,Central Stags,CFK van Wyk,AW Mathieson,MB McEwan,0,0,,,,,,"",""
ball,3,97.4,Central Stags,CFK van Wyk,AW Mathieson,MB McEwan,0,0,,,,,,"",""
ball,3,97.5,Central Stags,CFK van Wyk,AW Mathieson,MB McEwan,1,0,,,,,,"",""
ball,3,97.6,Central Stags,AW Mathieson,CFK van Wyk,MB McEwan,0,0,,,,,,"",""
ball,3,98.1,Central Stags,CFK van Wyk,AW Mathieson,BJ Arnel,0,0,,,,,,"",""
ball,3,98.2,Central Stags,CFK van Wyk,AW Mathieson,BJ Arnel,0,0,,,,,,"",""
ball,3,98.3,Central Stags,CFK van Wyk,AW Mathieson,BJ Arnel,0,0,,,,,,"",""
ball,3,98.4,Central Stags,CFK van Wyk,AW Mathieson,BJ Arnel,1,0,,,,,,"",""
ball,3,98.5,Central Stags,AW Mathieson,CFK van Wyk,BJ Arnel,0,0,,,,,,"",""
ball,3,98.6,Central Stags,AW Mathieson,CFK van Wyk,BJ Arnel,0,0,,,,,,"",""
ball,3,99.1,Central Stags,CFK van Wyk,AW Mathieson,MB McEwan,0,0,,,,,,"",""
ball,3,99.2,Central Stags,CFK van Wyk,AW Mathieson,MB McEwan,0,0,,,,,,"",""
ball,3,99.3,Central Stags,CFK van Wyk,AW Mathieson,MB McEwan,1,0,,,,,,"",""
ball,3,99.4,Central Stags,AW Mathieson,CFK van Wyk,MB McEwan,0,0,,,,,,"",""
ball,3,99.5,Central Stags,AW Mathieson,CFK van Wyk,MB McEwan,0,0,,,,,,"",""
ball,3,99.6,Central Stags,AW Mathieson,CFK van Wyk,MB McEwan,0,0,,,,,,"",""
ball,3,100.1,Central Stags,CFK van Wyk,AW Mathieson,BJ Arnel,0,0,,,,,,"",""
ball,3,100.2,Central Stags,CFK van Wyk,AW Mathieson,BJ Arnel,0,0,,,,,,"",""
ball,3,100.3,Central Stags,CFK van Wyk,AW Mathieson,BJ Arnel,0,0,,,,,,"",""
ball,3,100.4,Central Stags,CFK van Wyk,AW Mathieson,BJ Arnel,0,0,,,,,,"",""
ball,3,100.5,Central Stags,CFK van Wyk,AW Mathieson,BJ Arnel,0,1,,,,1,,"",""
ball,3,100.6,Central Stags,AW Mathieson,CFK van Wyk,BJ Arnel,0,0,,,,,,"",""
ball,3,101.1,Central Stags,CFK van Wyk,AW Mathieson,MB McEwan,0,0,,,,,,"",""
ball,3,101.2,Central Stags,CFK van Wyk,AW Mathieson,MB McEwan,1,0,,,,,,"",""
ball,3,101.3,Central Stags,AW Mathieson,CFK van Wyk,MB McEwan,0,0,,,,,,"",""
ball,3,101.4,Central Stags,AW Mathieson,CFK van Wyk,MB McEwan,0,0,,,,,,"",""
ball,3,101.5,Central Stags,AW Mathieson,CFK van Wyk,MB McEwan,0,0,,,,,,"",""
ball,3,101.6,Central Stags,AW Mathieson,CFK van Wyk,MB McEwan,0,0,,,,,,"",""
ball,3,102.1,Central Stags,CFK van Wyk,AW Mathieson,BJ Arnel,0,0,,,,,,"",""
ball,3,102.2,Central Stags,CFK van Wyk,AW Mathieson,BJ Arnel,0,0,,,,,,"",""
ball,3,102.3,Central Stags,CFK van Wyk,AW Mathieson,BJ Arnel,4,0,,,,,,"",""
ball,3,102.4,Central Stags,CFK van Wyk,AW Mathieson,BJ Arnel,0,0,,,,,,"",""
ball,3,102.5,Central Stags,CFK van Wyk,AW Mathieson,BJ Arnel,6,0,,,,,,"",""
ball,3,102.6,Central Stags,CFK van Wyk,AW Mathieson,BJ Arnel,0,0,,,,,,"",""
ball,3,103.1,Central Stags,AW Mathieson,CFK van Wyk,JS Patel,0,0,,,,,,"",""
ball,3,103.2,Central Stags,AW Mathieson,CFK van Wyk,JS Patel,0,0,,,,,,"",""
ball,3,103.3,Central Stags,AW Mathieson,CFK van Wyk,JS Patel,0,0,,,,,,"",""
ball,3,103.4,Central Stags,AW Mathieson,CFK van Wyk,JS Patel,0,0,,,,,,"",""
ball,3,103.5,Central Stags,AW Mathieson,CFK van Wyk,JS Patel,0,0,,,,,,"",""
ball,3,103.6,Central Stags,AW Mathieson,CFK van Wyk,JS Patel,2,0,,,,,,"",""
ball,3,104.1,Central Stags,CFK van Wyk,AW Mathieson,AJ McKay,0,0,,,,,,"",""
ball,3,104.2,Central Stags,CFK van Wyk,AW Mathieson,AJ McKay,4,0,,,,,,"",""
ball,3,104.3,Central Stags,CFK van Wyk,AW Mathieson,AJ McKay,0,0,,,,,,"",""
ball,3,104.4,Central Stags,CFK van Wyk,AW Mathieson,AJ McKay,1,0,,,,,,"",""
ball,3,104.5,Central Stags,AW Mathieson,CFK van Wyk,AJ McKay,0,0,,,,,,"",""
ball,3,104.6,Central Stags,AW Mathieson,CFK van Wyk,AJ McKay,0,0,,,,,,caught,AW Mathieson
ball,4,0.1,Wellington Firebirds,MHW Papps,D Joon,DAJ Bracewell,0,0,,,,,,"",""
ball,4,0.2,Wellington Firebirds,MHW Papps,D Joon,DAJ Bracewell,0,0,,,,,,"",""
ball,4,0.3,Wellington Firebirds,MHW Papps,D Joon,DAJ Bracewell,0,0,,,,,,"",""
ball,4,0.4,Wellington Firebirds,MHW Papps,D Joon,DAJ Bracewell,0,0,,,,,,"",""
ball,4,0.5,Wellington Firebirds,MHW Papps,D Joon,DAJ Bracewell,1,0,,,,,,"",""
ball,4,0.6,Wellington Firebirds,D Joon,MHW Papps,DAJ Bracewell,0,0,,,,,,"",""
ball,4,1.1,Wellington Firebirds,MHW Papps,D Joon,BM Wheeler,2,0,,,,,,"",""
ball,4,1.2,Wellington Firebirds,MHW Papps,D Joon,BM Wheeler,0,0,,,,,,"",""
ball,4,1.3,Wellington Firebirds,MHW Papps,D Joon,BM Wheeler,0,0,,,,,,"",""
ball,4,1.4,Wellington Firebirds,MHW Papps,D Joon,BM Wheeler,0,0,,,,,,"",""
ball,4,1.5,Wellington Firebirds,MHW Papps,D Joon,BM Wheeler,0,0,,,,,,"",""
ball,4,1.6,Wellington Firebirds,MHW Papps,D Joon,BM Wheeler,1,0,,,,,,"",""
ball,4,2.1,Wellington Firebirds,MHW Papps,D Joon,DAJ Bracewell,1,0,,,,,,"",""
ball,4,2.2,Wellington Firebirds,D Joon,MHW Papps,DAJ Bracewell,0,0,,,,,,"",""
ball,4,2.3,Wellington Firebirds,D Joon,MHW Papps,DAJ Bracewell,0,0,,,,,,"",""
ball,4,2.4,Wellington Firebirds,D Joon,MHW Papps,DAJ Bracewell,1,0,,,,,,"",""
ball,4,2.5,Wellington Firebirds,MHW Papps,D Joon,DAJ Bracewell,0,0,,,,,,bowled,MHW Papps
ball,4,2.6,Wellington Firebirds,SJ Murdoch,D Joon,DAJ Bracewell,0,0,,,,,,"",""
ball,4,3.1,Wellington Firebirds,D Joon,SJ Murdoch,BM Wheeler,1,0,,,,,,"",""
ball,4,3.2,Wellington Firebirds,SJ Murdoch,D Joon,BM Wheeler,0,0,,,,,,"",""
ball,4,3.3,Wellington Firebirds,SJ Murdoch,D Joon,BM Wheeler,0,0,,,,,,"",""
ball,4,3.4,Wellington Firebirds,SJ Murdoch,D Joon,BM Wheeler,4,0,,,,,,"",""
ball,4,3.5,Wellington Firebirds,SJ Murdoch,D Joon,BM Wheeler,0,0,,,,,,"",""
ball,4,3.6,Wellington Firebirds,SJ Murdoch,D Joon,BM Wheeler,0,0,,,,,,"",""
ball,4,4.1,Wellington Firebirds,D Joon,SJ Murdoch,DAJ Bracewell,0,0,,,,,,"",""
ball,4,4.2,Wellington Firebirds,D Joon,SJ Murdoch,DAJ Bracewell,0,0,,,,,,"",""
ball,4,4.3,Wellington Firebirds,D Joon,SJ Murdoch,DAJ Bracewell,3,0,,,,,,"",""
ball,4,4.4,Wellington Firebirds,SJ Murdoch,D Joon,DAJ Bracewell,4,0,,,,,,"",""
ball,4,4.5,Wellington Firebirds,SJ Murdoch,D Joon,DAJ Bracewell,0,0,,,,,,"",""
ball,4,4.6,Wellington Firebirds,SJ Murdoch,D Joon,DAJ Bracewell,0,0,,,,,,"",""
ball,4,5.1,Wellington Firebirds,D Joon,SJ Murdoch,BM Wheeler,0,0,,,,,,"",""
ball,4,5.2,Wellington Firebirds,D Joon,SJ Murdoch,BM Wheeler,2,0,,,,,,"",""
ball,4,5.3,Wellington Firebirds,D Joon,SJ Murdoch,BM Wheeler,0,0,,,,,,"",""
ball,4,5.4,Wellington Firebirds,D Joon,SJ Murdoch,BM Wheeler,0,0,,,,,,"",""
ball,4,5.5,Wellington Firebirds,D Joon,SJ Murdoch,BM Wheeler,0,4,,,,4,,"",""
ball,4,5.6,Wellington Firebirds,D Joon,SJ Murdoch,BM Wheeler,0,0,,,,,,"",""
ball,4,6.1,Wellington Firebirds,SJ Murdoch,D Joon,DAJ Bracewell,0,0,,,,,,"",""
ball,4,6.2,Wellington Firebirds,SJ Murdoch,D Joon,DAJ Bracewell,0,0,,,,,,"",""
ball,4,6.3,Wellington Firebirds,SJ Murdoch,D Joon,DAJ Bracewell,0,0,,,,,,"",""
ball,4,6.4,Wellington Firebirds,SJ Murdoch,D Joon,DAJ Bracewell,0,0,,,,,,"",""
ball,4,6.5,Wellington Firebirds,SJ Murdoch,D Joon,DAJ Bracewell,0,0,,,,,,"",""
ball,4,6.6,Wellington Firebirds,SJ Murdoch,D Joon,DAJ Bracewell,0,0,,,,,,"",""
ball,4,7.1,Wellington Firebirds,D Joon,SJ Murdoch,BM Wheeler,0,0,,,,,,"",""
ball,4,7.2,Wellington Firebirds,D Joon,SJ Murdoch,BM Wheeler,0,0,,,,,,"",""
ball,4,7.3,Wellington Firebirds,D Joon,SJ Murdoch,BM Wheeler,0,0,,,,,,"",""
ball,4,7.4,Wellington Firebirds,D Joon,SJ Murdoch,BM Wheeler,0,0,,,,,,"",""
ball,4,7.5,Wellington Firebirds,D Joon,SJ Murdoch,BM Wheeler,0,0,,,,,,"",""
ball,4,7.6,Wellington Firebirds,D Joon,SJ Murdoch,BM Wheeler,0,0,,,,,,"",""
ball,4,8.1,Wellington Firebirds,SJ Murdoch,D Joon,DAJ Bracewell,1,0,,,,,,"",""
ball,4,8.2,Wellington Firebirds,D Joon,SJ Murdoch,DAJ Bracewell,2,0,,,,,,"",""
ball,4,8.3,Wellington Firebirds,D Joon,SJ Murdoch,DAJ Bracewell,0,1,1,,,,,"",""
ball,4,8.4,Wellington Firebirds,D Joon,SJ Murdoch,DAJ Bracewell,1,0,,,,,,"",""
ball,4,8.5,Wellington Firebirds,SJ Murdoch,D Joon,DAJ Bracewell,1,0,,,,,,"",""
ball,4,8.6,Wellington Firebirds,D Joon,SJ Murdoch,DAJ Bracewell,0,0,,,,,,"",""
ball,4,8.7,Wellington Firebirds,D Joon,SJ Murdoch,DAJ Bracewell,0,0,,,,,,"",""
ball,4,9.1,Wellington Firebirds,SJ Murdoch,D Joon,BM Wheeler,0,0,,,,,,"",""
ball,4,9.2,Wellington Firebirds,SJ Murdoch,D Joon,BM Wheeler,0,0,,,,,,"",""
ball,4,9.3,Wellington Firebirds,SJ Murdoch,D Joon,BM Wheeler,0,0,,,,,,"",""
ball,4,9.4,Wellington Firebirds,SJ Murdoch,D Joon,BM Wheeler,0,0,,,,,,"",""
ball,4,9.5,Wellington Firebirds,SJ Murdoch,D Joon,BM Wheeler,0,0,,,,,,"",""
ball,4,9.6,Wellington Firebirds,SJ Murdoch,D Joon,BM Wheeler,0,0,,,,,,"",""
ball,4,10.1,Wellington Firebirds,D Joon,SJ Murdoch,DAJ Bracewell,0,0,,,,,,"",""
ball,4,10.2,Wellington Firebirds,D Joon,SJ Murdoch,DAJ Bracewell,0,0,,,,,,"",""
ball,4,10.3,Wellington Firebirds,D Joon,SJ Murdoch,DAJ Bracewell,0,0,,,,,,"",""
ball,4,10.4,Wellington Firebirds,D Joon,SJ Murdoch,DAJ Bracewell,1,0,,,,,,"",""
ball,4,10.5,Wellington Firebirds,SJ Murdoch,D Joon,DAJ Bracewell,2,0,,,,,,"",""
ball,4,10.6,Wellington Firebirds,SJ Murdoch,D Joon,DAJ Bracewell,0,0,,,,,,"",""
ball,4,11.1,Wellington Firebirds,D Joon,SJ Murdoch,BM Wheeler,0,0,,,,,,"",""
ball,4,11.2,Wellington Firebirds,D Joon,SJ Murdoch,BM Wheeler,0,0,,,,,,"",""
ball,4,11.3,Wellington Firebirds,D Joon,SJ Murdoch,BM Wheeler,1,0,,,,,,"",""
ball,4,11.4,Wellington Firebirds,SJ Murdoch,D Joon,BM Wheeler,0,0,,,,,,"",""
ball,4,11.5,Wellington Firebirds,SJ Murdoch,D Joon,BM Wheeler,1,0,,,,,,"",""
ball,4,11.6,Wellington Firebirds,D Joon,SJ Murdoch,BM Wheeler,2,0,,,,,,"",""
ball,4,12.1,Wellington Firebirds,SJ Murdoch,D Joon,AY Patel,4,0,,,,,,"",""
ball,4,12.2,Wellington Firebirds,SJ Murdoch,D Joon,AY Patel,1,0,,,,,,"",""
ball,4,12.3,Wellington Firebirds,D Joon,SJ Murdoch,AY Patel,0,0,,,,,,"",""
ball,4,12.4,Wellington Firebirds,D Joon,SJ Murdoch,AY Patel,0,0,,,,,,"",""
ball,4,12.5,Wellington Firebirds,D Joon,SJ Murdoch,AY Patel,0,0,,,,,,"",""
ball,4,12.6,Wellington Firebirds,D Joon,SJ Murdoch,AY Patel,0,0,,,,,,"",""
ball,4,13.1,Wellington Firebirds,SJ Murdoch,D Joon,DAJ Bracewell,0,0,,,,,,"",""
ball,4,13.2,Wellington Firebirds,SJ Murdoch,D Joon,DAJ Bracewell,1,0,,,,,,"",""
ball,4,13.3,Wellington Firebirds,D Joon,SJ Murdoch,DAJ Bracewell,0,0,,,,,,"",""
ball,4,13.4,Wellington Firebirds,D Joon,SJ Murdoch,DAJ Bracewell,0,0,,,,,,"",""
ball,4,13.5,Wellington Firebirds,D Joon,SJ Murdoch,DAJ Bracewell,0,0,,,,,,"",""
ball,4,13.6,Wellington Firebirds,D Joon,SJ Murdoch,DAJ Bracewell,0,0,,,,,,"",""
ball,4,14.1,Wellington Firebirds,SJ Murdoch,D Joon,AY Patel,0,0,,,,,,"",""
ball,4,14.2,Wellington Firebirds,SJ Murdoch,D Joon,AY Patel,1,0,,,,,,"",""
ball,4,14.3,Wellington Firebirds,D Joon,SJ Murdoch,AY Patel,0,0,,,,,,"",""
ball,4,14.4,Wellington Firebirds,D Joon,SJ Murdoch,AY Patel,0,0,,,,,,"",""
ball,4,14.5,Wellington Firebirds,D Joon,SJ Murdoch,AY Patel,0,0,,,,,,"",""
ball,4,14.6,Wellington Firebirds,D Joon,SJ Murdoch,AY Patel,0,0,,,,,,"",""
ball,4,15.1,Wellington Firebirds,SJ Murdoch,D Joon,DAJ Bracewell,0,0,,,,,,"",""
ball,4,15.2,Wellington Firebirds,SJ Murdoch,D Joon,DAJ Bracewell,4,0,,,,,,"",""
ball,4,15.3,Wellington Firebirds,SJ Murdoch,D Joon,DAJ Bracewell,0,0,,,,,,"",""
ball,4,15.4,Wellington Firebirds,SJ Murdoch,D Joon,DAJ Bracewell,0,0,,,,,,"",""
ball,4,15.5,Wellington Firebirds,SJ Murdoch,D Joon,DAJ Bracewell,0,0,,,,,,"",""
ball,4,15.6,Wellington Firebirds,SJ Murdoch,D Joon,DAJ Bracewell,0,0,,,,,,"",""
ball,4,16.1,Wellington Firebirds,D Joon,SJ Murdoch,SHA Rance,0,0,,,,,,"",""
ball,4,16.2,Wellington Firebirds,D Joon,SJ Murdoch,SHA Rance,0,0,,,,,,"",""
ball,4,16.3,Wellington Firebirds,D Joon,SJ Murdoch,SHA Rance,0,0,,,,,,"",""
ball,4,16.4,Wellington Firebirds,D Joon,SJ Murdoch,SHA Rance,0,0,,,,,,"",""
ball,4,16.5,Wellington Firebirds,D Joon,SJ Murdoch,SHA Rance,0,0,,,,,,"",""
ball,4,16.6,Wellington Firebirds,D Joon,SJ Murdoch,SHA Rance,0,0,,,,,,"",""
ball,4,17.1,Wellington Firebirds,SJ Murdoch,D Joon,DAJ Bracewell,0,0,,,,,,"",""
ball,4,17.2,Wellington Firebirds,SJ Murdoch,D Joon,DAJ Bracewell,0,0,,,,,,"",""
ball,4,17.3,Wellington Firebirds,SJ Murdoch,D Joon,DAJ Bracewell,0,0,,,,,,"",""
ball,4,17.4,Wellington Firebirds,SJ Murdoch,D Joon,DAJ Bracewell,0,0,,,,,,"",""
ball,4,17.5,Wellington Firebirds,SJ Murdoch,D Joon,DAJ Bracewell,0,0,,,,,,"",""
ball,4,17.6,Wellington Firebirds,SJ Murdoch,D Joon,DAJ Bracewell,0,0,,,,,,"",""
ball,4,18.1,Wellington Firebirds,D Joon,SJ Murdoch,SHA Rance,0,0,,,,,,"",""
ball,4,18.2,Wellington Firebirds,D Joon,SJ Murdoch,SHA Rance,0,0,,,,,,"",""
ball,4,18.3,Wellington Firebirds,D Joon,SJ Murdoch,SHA Rance,0,0,,,,,,"",""
ball,4,18.4,Wellington Firebirds,D Joon,SJ Murdoch,SHA Rance,0,0,,,,,,"",""
ball,4,18.5,Wellington Firebirds,D Joon,SJ Murdoch,SHA Rance,0,0,,,,,,"",""
ball,4,18.6,Wellington Firebirds,D Joon,SJ Murdoch,SHA Rance,1,0,,,,,,"",""
ball,4,19.1,Wellington Firebirds,D Joon,SJ Murdoch,DAJ Bracewell,0,0,,,,,,"",""
ball,4,19.2,Wellington Firebirds,D Joon,SJ Murdoch,DAJ Bracewell,2,0,,,,,,"",""
ball,4,19.3,Wellington Firebirds,D Joon,SJ Murdoch,DAJ Bracewell,1,0,,,,,,"",""
ball,4,19.4,Wellington Firebirds,SJ Murdoch,D Joon,DAJ Bracewell,0,0,,,,,,"",""
ball,4,19.5,Wellington Firebirds,SJ Murdoch,D Joon,DAJ Bracewell,0,0,,,,,,"",""
ball,4,19.6,Wellington Firebirds,SJ Murdoch,D Joon,DAJ Bracewell,0,0,,,,,,"",""
ball,4,20.1,Wellington Firebirds,D Joon,SJ Murdoch,SHA Rance,0,0,,,,,,"",""
ball,4,20.2,Wellington Firebirds,D Joon,SJ Murdoch,SHA Rance,0,0,,,,,,"",""
ball,4,20.3,Wellington Firebirds,D Joon,SJ Murdoch,SHA Rance,0,0,,,,,,"",""
ball,4,20.4,Wellington Firebirds,D Joon,SJ Murdoch,SHA Rance,0,0,,,,,,"",""
ball,4,20.5,Wellington Firebirds,D Joon,SJ Murdoch,SHA Rance,0,0,,,,,,"",""
ball,4,20.6,Wellington Firebirds,D Joon,SJ Murdoch,SHA Rance,0,0,,,,,,"",""
ball,4,21.1,Wellington Firebirds,SJ Murdoch,D Joon,DAJ Bracewell,0,0,,,,,,"",""
ball,4,21.2,Wellington Firebirds,SJ Murdoch,D Joon,DAJ Bracewell,0,0,,,,,,"",""
ball,4,21.3,Wellington Firebirds,SJ Murdoch,D Joon,DAJ Bracewell,0,0,,,,,,"",""
ball,4,21.4,Wellington Firebirds,SJ Murdoch,D Joon,DAJ Bracewell,0,0,,,,,,"",""
ball,4,21.5,Wellington Firebirds,SJ Murdoch,D Joon,DAJ Bracewell,0,0,,,,,,"",""
ball,4,21.6,Wellington Firebirds,SJ Murdoch,D Joon,DAJ Bracewell,3,0,,,,,,"",""
ball,4,22.1,Wellington Firebirds,SJ Murdoch,D Joon,SHA Rance,0,0,,,,,,"",""
ball,4,22.2,Wellington Firebirds,SJ Murdoch,D Joon,SHA Rance,0,0,,,,,,"",""
ball,4,22.3,Wellington Firebirds,SJ Murdoch,D Joon,SHA Rance,0,0,,,,,,"",""
ball,4,22.4,Wellington Firebirds,SJ Murdoch,D Joon,SHA Rance,0,0,,,,,,"",""
ball,4,22.5,Wellington Firebirds,SJ Murdoch,D Joon,SHA Rance,2,0,,,,,,"",""
ball,4,22.6,Wellington Firebirds,SJ Murdoch,D Joon,SHA Rance,0,0,,,,,,"",""
ball,4,23.1,Wellington Firebirds,D Joon,SJ Murdoch,DAJ Bracewell,4,0,,,,,,"",""
ball,4,23.2,Wellington Firebirds,D Joon,SJ Murdoch,DAJ Bracewell,0,0,,,,,,"",""
ball,4,23.3,Wellington Firebirds,D Joon,SJ Murdoch,DAJ Bracewell,0,0,,,,,,"",""
ball,4,23.4,Wellington Firebirds,D Joon,SJ Murdoch,DAJ Bracewell,0,0,,,,,,"",""
ball,4,23.5,Wellington Firebirds,D Joon,SJ Murdoch,DAJ Bracewell,0,0,,,,,,"",""
ball,4,23.6,Wellington Firebirds,D Joon,SJ Murdoch,DAJ Bracewell,0,0,,,,,,"",""
ball,4,24.1,Wellington Firebirds,SJ Murdoch,D Joon,SHA Rance,0,0,,,,,,"",""
ball,4,24.2,Wellington Firebirds,SJ Murdoch,D Joon,SHA Rance,0,0,,,,,,"",""
ball,4,24.3,Wellington Firebirds,SJ Murdoch,D Joon,SHA Rance,0,0,,,,,,"",""
ball,4,24.4,Wellington Firebirds,SJ Murdoch,D Joon,SHA Rance,0,0,,,,,,"",""
ball,4,24.5,Wellington Firebirds,SJ Murdoch,D Joon,SHA Rance,0,0,,,,,,"",""
ball,4,24.6,Wellington Firebirds,SJ Murdoch,D Joon,SHA Rance,0,0,,,,,,"",""
ball,4,25.1,Wellington Firebirds,D Joon,SJ Murdoch,DAJ Bracewell,1,1,,1,,,,"",""
ball,4,25.2,Wellington Firebirds,SJ Murdoch,D Joon,DAJ Bracewell,1,0,,,,,,"",""
ball,4,25.3,Wellington Firebirds,D Joon,SJ Murdoch,DAJ Bracewell,0,0,,,,,,"",""
ball,4,25.4,Wellington Firebirds,D Joon,SJ Murdoch,DAJ Bracewell,0,0,,,,,,"",""
ball,4,25.5,Wellington Firebirds,D Joon,SJ Murdoch,DAJ Bracewell,1,0,,,,,,"",""
ball,4,25.6,Wellington Firebirds,SJ Murdoch,D Joon,DAJ Bracewell,0,1,,1,,,,"",""
ball,4,25.7,Wellington Firebirds,SJ Murdoch,D Joon,DAJ Bracewell,0,0,,,,,,"",""
ball,4,25.8,Wellington Firebirds,SJ Murdoch,D Joon,DAJ Bracewell,0,0,,,,,,"",""
ball,4,26.1,Wellington Firebirds,D Joon,SJ Murdoch,AW Mathieson,0,0,,,,,,"",""
ball,4,26.2,Wellington Firebirds,D Joon,SJ Murdoch,AW Mathieson,0,0,,,,,,"",""
ball,4,26.3,Wellington Firebirds,D Joon,SJ Murdoch,AW Mathieson,2,0,,,,,,"",""
ball,4,26.4,Wellington Firebirds,D Joon,SJ Murdoch,AW Mathieson,0,0,,,,,,"",""
ball,4,26.5,Wellington Firebirds,D Joon,SJ Murdoch,AW Mathieson,0,0,,,,,,"",""
ball,4,26.6,Wellington Firebirds,D Joon,SJ Murdoch,AW Mathieson,1,0,,,,,,"",""
ball,4,27.1,Wellington Firebirds,D Joon,SJ Murdoch,DAJ Bracewell,1,0,,,,,,"",""
ball,4,27.2,Wellington Firebirds,SJ Murdoch,D Joon,DAJ Bracewell,0,0,,,,,,"",""
ball,4,27.3,Wellington Firebirds,SJ Murdoch,D Joon,DAJ Bracewell,0,0,,,,,,"",""
ball,4,27.4,Wellington Firebirds,SJ Murdoch,D Joon,DAJ Bracewell,0,1,,1,,,,"",""
ball,4,27.5,Wellington Firebirds,SJ Murdoch,D Joon,DAJ Bracewell,0,0,,,,,,"",""
ball,4,27.6,Wellington Firebirds,SJ Murdoch,D Joon,DAJ Bracewell,1,0,,,,,,"",""
ball,4,27.7,Wellington Firebirds,D Joon,SJ Murdoch,DAJ Bracewell,1,0,,,,,,"",""
ball,4,28.1,Wellington Firebirds,D Joon,SJ Murdoch,AW Mathieson,0,0,,,,,,"",""
ball,4,28.2,Wellington Firebirds,D Joon,SJ Murdoch,AW Mathieson,4,0,,,,,,"",""
ball,4,28.3,Wellington Firebirds,D Joon,SJ Murdoch,AW Mathieson,0,0,,,,,,"",""
ball,4,28.4,Wellington Firebirds,D Joon,SJ Murdoch,AW Mathieson,0,0,,,,,,"",""
ball,4,28.5,Wellington Firebirds,D Joon,SJ Murdoch,AW Mathieson,1,0,,,,,,"",""
ball,4,28.6,Wellington Firebirds,SJ Murdoch,D Joon,AW Mathieson,0,0,,,,,,"",""
ball,4,29.1,Wellington Firebirds,D Joon,SJ Murdoch,BM Wheeler,0,0,,,,,,"",""
ball,4,29.2,Wellington Firebirds,D Joon,SJ Murdoch,BM Wheeler,0,0,,,,,,"",""
ball,4,29.3,Wellington Firebirds,D Joon,SJ Murdoch,BM Wheeler,0,0,,,,,,"",""
ball,4,29.4,Wellington Firebirds,D Joon,SJ Murdoch,BM Wheeler,0,0,,,,,,"",""
ball,4,29.5,Wellington Firebirds,D Joon,SJ Murdoch,BM Wheeler,1,0,,,,,,"",""
ball,4,29.6,Wellington Firebirds,SJ Murdoch,D Joon,BM Wheeler,0,0,,,,,,"",""
ball,4,30.1,Wellington Firebirds,D Joon,SJ Murdoch,AW Mathieson,1,0,,,,,,"",""
ball,4,30.2,Wellington Firebirds,SJ Murdoch,D Joon,AW Mathieson,2,0,,,,,,"",""
ball,4,30.3,Wellington Firebirds,SJ Murdoch,D Joon,AW Mathieson,4,0,,,,,,"",""
ball,4,30.4,Wellington Firebirds,SJ Murdoch,D Joon,AW Mathieson,0,0,,,,,,"",""
ball,4,30.5,Wellington Firebirds,SJ Murdoch,D Joon,AW Mathieson,4,0,,,,,,"",""
ball,4,30.6,Wellington Firebirds,SJ Murdoch,D Joon,AW Mathieson,0,0,,,,,,"",""
ball,4,31.1,Wellington Firebirds,D Joon,SJ Murdoch,BM Wheeler,1,0,,,,,,"",""
ball,4,31.2,Wellington Firebirds,SJ Murdoch,D Joon,BM Wheeler,1,0,,,,,,"",""
ball,4,31.3,Wellington Firebirds,D Joon,SJ Murdoch,BM Wheeler,0,0,,,,,,"",""
ball,4,31.4,Wellington Firebirds,D Joon,SJ Murdoch,BM Wheeler,0,0,,,,,,"",""
ball,4,31.5,Wellington Firebirds,D Joon,SJ Murdoch,BM Wheeler,0,0,,,,,,"",""
ball,4,31.6,Wellington Firebirds,D Joon,SJ Murdoch,BM Wheeler,0,0,,,,,,"",""
ball,4,32.1,Wellington Firebirds,SJ Murdoch,D Joon,AY Patel,1,0,,,,,,"",""
ball,4,32.2,Wellington Firebirds,D Joon,SJ Murdoch,AY Patel,0,0,,,,,,"",""
ball,4,32.3,Wellington Firebirds,D Joon,SJ Murdoch,AY Patel,0,0,,,,,,"",""
ball,4,32.4,Wellington Firebirds,D Joon,SJ Murdoch,AY Patel,0,0,,,,,,"",""
ball,4,32.5,Wellington Firebirds,D Joon,SJ Murdoch,AY Patel,0,0,,,,,,"",""
ball,4,32.6,Wellington Firebirds,D Joon,SJ Murdoch,AY Patel,0,0,,,,,,"",""
ball,4,33.1,Wellington Firebirds,SJ Murdoch,D Joon,BM Wheeler,0,0,,,,,,"",""
ball,4,33.2,Wellington Firebirds,SJ Murdoch,D Joon,BM Wheeler,0,0,,,,,,"",""
ball,4,33.3,Wellington Firebirds,SJ Murdoch,D Joon,BM Wheeler,4,0,,,,,,"",""
ball,4,33.4,Wellington Firebirds,SJ Murdoch,D Joon,BM Wheeler,4,0,,,,,,"",""
ball,4,33.5,Wellington Firebirds,SJ Murdoch,D Joon,BM Wheeler,1,1,,1,,,,"",""
ball,4,33.6,Wellington Firebirds,D Joon,SJ Murdoch,BM Wheeler,0,0,,,,,,"",""
ball,4,33.7,Wellington Firebirds,D Joon,SJ Murdoch,BM Wheeler,0,0,,,,,,"",""
ball,4,34.1,Wellington Firebirds,SJ Murdoch,D Joon,AY Patel,0,0,,,,,,"",""
ball,4,34.2,Wellington Firebirds,SJ Murdoch,D Joon,AY Patel,1,0,,,,,,"",""
ball,4,34.3,Wellington Firebirds,D Joon,SJ Murdoch,AY Patel,0,0,,,,,,"",""
ball,4,34.4,Wellington Firebirds,D Joon,SJ Murdoch,AY Patel,4,0,,,,,,"",""
ball,4,34.5,Wellington Firebirds,D Joon,SJ Murdoch,AY Patel,0,0,,,,,,"",""
ball,4,34.6,Wellington Firebirds,D Joon,SJ Murdoch,AY Patel,0,0,,,,,,"",""
ball,4,35.1,Wellington Firebirds,SJ Murdoch,D Joon,BM Wheeler,0,0,,,,,,"",""
ball,4,35.2,Wellington Firebirds,SJ Murdoch,D Joon,BM Wheeler,0,0,,,,,,"",""
ball,4,35.3,Wellington Firebirds,SJ Murdoch,D Joon,BM Wheeler,0,0,,,,,,"",""
ball,4,35.4,Wellington Firebirds,SJ Murdoch,D Joon,BM Wheeler,1,0,,,,,,"",""
ball,4,35.5,Wellington Firebirds,D Joon,SJ Murdoch,BM Wheeler,0,0,,,,,,"",""
ball,4,35.6,Wellington Firebirds,D Joon,SJ Murdoch,BM Wheeler,0,0,,,,,,"",""
ball,4,36.1,Wellington Firebirds,SJ Murdoch,D Joon,AY Patel,2,0,,,,,,"",""
ball,4,36.2,Wellington Firebirds,SJ Murdoch,D Joon,AY Patel,0,0,,,,,,"",""
ball,4,36.3,Wellington Firebirds,SJ Murdoch,D Joon,AY Patel,0,0,,,,,,"",""
ball,4,36.4,Wellington Firebirds,SJ Murdoch,D Joon,AY Patel,1,0,,,,,,"",""
ball,4,36.5,Wellington Firebirds,D Joon,SJ Murdoch,AY Patel,6,0,,,,,,"",""
ball,4,36.6,Wellington Firebirds,D Joon,SJ Murdoch,AY Patel,1,0,,,,,,"",""
ball,4,37.1,Wellington Firebirds,D Joon,SJ Murdoch,BM Wheeler,1,0,,,,,,"",""
ball,4,37.2,Wellington Firebirds,SJ Murdoch,D Joon,BM Wheeler,4,0,,,,,,"",""
ball,4,37.3,Wellington Firebirds,SJ Murdoch,D Joon,BM Wheeler,0,0,,,,,,"",""
ball,4,37.4,Wellington Firebirds,SJ Murdoch,D Joon,BM Wheeler,0,0,,,,,,"",""
ball,4,37.5,Wellington Firebirds,SJ Murdoch,D Joon,BM Wheeler,0,0,,,,,,"",""
ball,4,37.6,Wellington Firebirds,SJ Murdoch,D Joon,BM Wheeler,4,0,,,,,,"",""
ball,4,38.1,Wellington Firebirds,D Joon,SJ Murdoch,AY Patel,0,0,,,,,,"",""
ball,4,38.2,Wellington Firebirds,D Joon,SJ Murdoch,AY Patel,0,0,,,,,,"",""
ball,4,38.3,Wellington Firebirds,D Joon,SJ Murdoch,AY Patel,1,0,,,,,,"",""
ball,4,38.4,Wellington Firebirds,SJ Murdoch,D Joon,AY Patel,2,0,,,,,,"",""
ball,4,38.5,Wellington Firebirds,SJ Murdoch,D Joon,AY Patel,1,0,,,,,,"",""
ball,4,38.6,Wellington Firebirds,D Joon,SJ Murdoch,AY Patel,0,0,,,,,,"",""
ball,4,39.1,Wellington Firebirds,SJ Murdoch,D Joon,SHA Rance,0,0,,,,,,"",""
ball,4,39.2,Wellington Firebirds,SJ Murdoch,D Joon,SHA Rance,0,0,,,,,,"",""
ball,4,39.3,Wellington Firebirds,SJ Murdoch,D Joon,SHA Rance,1,0,,,,,,"",""
ball,4,39.4,Wellington Firebirds,D Joon,SJ Murdoch,SHA Rance,0,0,,,,,,"",""
ball,4,39.5,Wellington Firebirds,D Joon,SJ Murdoch,SHA Rance,0,0,,,,,,"",""
ball,4,39.6,Wellington Firebirds,D Joon,SJ Murdoch,SHA Rance,0,0,,,,,,"",""
ball,4,40.1,Wellington Firebirds,SJ Murdoch,D Joon,AY Patel,0,0,,,,,,"",""
ball,4,40.2,Wellington Firebirds,SJ Murdoch,D Joon,AY Patel,1,0,,,,,,"",""
ball,4,40.3,Wellington Firebirds,D Joon,SJ Murdoch,AY Patel,0,0,,,,,,caught,D Joon
ball,4,40.4,Wellington Firebirds,MA Pollard,SJ Murdoch,AY Patel,0,0,,,,,,"",""
ball,4,40.5,Wellington Firebirds,MA Pollard,SJ Murdoch,AY Patel,0,0,,,,,,"",""
ball,4,40.6,Wellington Firebirds,MA Pollard,SJ Murdoch,AY Patel,0,0,,,,,,"",""
ball,4,41.1,Wellington Firebirds,SJ Murdoch,MA Pollard,DAJ Bracewell,0,0,,,,,,"",""
ball,4,41.2,Wellington Firebirds,SJ Murdoch,MA Pollard,DAJ Bracewell,0,0,,,,,,"",""
ball,4,41.3,Wellington Firebirds,SJ Murdoch,MA Pollard,DAJ Bracewell,0,0,,,,,,"",""
ball,4,41.4,Wellington Firebirds,SJ Murdoch,MA Pollard,DAJ Bracewell,0,0,,,,,,"",""
ball,4,41.5,Wellington Firebirds,SJ Murdoch,MA Pollard,DAJ Bracewell,0,0,,,,,,"",""
ball,4,41.6,Wellington Firebirds,SJ Murdoch,MA Pollard,DAJ Bracewell,0,0,,,,,,"",""
ball,4,42.1,Wellington Firebirds,MA Pollard,SJ Murdoch,AY Patel,0,0,,,,,,"",""
ball,4,42.2,Wellington Firebirds,MA Pollard,SJ Murdoch,AY Patel,0,0,,,,,,"",""
ball,4,42.3,Wellington Firebirds,MA Pollard,SJ Murdoch,AY Patel,2,0,,,,,,"",""
ball,4,42.4,Wellington Firebirds,MA Pollard,SJ Murdoch,AY Patel,2,0,,,,,,"",""
ball,4,42.5,Wellington Firebirds,MA Pollard,SJ Murdoch,AY Patel,0,0,,,,,,"",""
ball,4,42.6,Wellington Firebirds,MA Pollard,SJ Murdoch,AY Patel,0,0,,,,,,"",""
ball,4,43.1,Wellington Firebirds,SJ Murdoch,MA Pollard,DAJ Bracewell,4,0,,,,,,"",""
ball,4,43.2,Wellington Firebirds,SJ Murdoch,MA Pollard,DAJ Bracewell,0,0,,,,,,"",""
ball,4,43.3,Wellington Firebirds,SJ Murdoch,MA Pollard,DAJ Bracewell,0,0,,,,,,"",""
ball,4,43.4,Wellington Firebirds,SJ Murdoch,MA Pollard,DAJ Bracewell,1,0,,,,,,"",""
ball,4,43.5,Wellington Firebirds,MA Pollard,SJ Murdoch,DAJ Bracewell,0,1,,,,1,,"",""
ball,4,43.6,Wellington Firebirds,SJ Murdoch,MA Pollard,DAJ Bracewell,0,0,,,,,,"",""
ball,4,44.1,Wellington Firebirds,MA Pollard,SJ Murdoch,AY Patel,0,0,,,,,,"",""
ball,4,44.2,Wellington Firebirds,MA Pollard,SJ Murdoch,AY Patel,0,0,,,,,,"",""
ball,4,44.3,Wellington Firebirds,MA Pollard,SJ Murdoch,AY Patel,0,0,,,,,,"",""
ball,4,44.4,Wellington Firebirds,MA Pollard,SJ Murdoch,AY Patel,0,0,,,,,,"",""
ball,4,44.5,Wellington Firebirds,MA Pollard,SJ Murdoch,AY Patel,0,0,,,,,,"",""
ball,4,44.6,Wellington Firebirds,MA Pollard,SJ Murdoch,AY Patel,0,0,,,,,,"",""
ball,4,45.1,Wellington Firebirds,SJ Murdoch,MA Pollard,DAJ Bracewell,2,0,,,,,,"",""
ball,4,45.2,Wellington Firebirds,SJ Murdoch,MA Pollard,DAJ Bracewell,0,0,,,,,,"",""
ball,4,45.3,Wellington Firebirds,SJ Murdoch,MA Pollard,DAJ Bracewell,1,0,,,,,,"",""
ball,4,45.4,Wellington Firebirds,MA Pollard,SJ Murdoch,DAJ Bracewell,0,0,,,,,,"",""
ball,4,45.5,Wellington Firebirds,MA Pollard,SJ Murdoch,DAJ Bracewell,0,0,,,,,,"",""
ball,4,45.6,Wellington Firebirds,MA Pollard,SJ Murdoch,DAJ Bracewell,0,0,,,,,,"",""
ball,4,46.1,Wellington Firebirds,SJ Murdoch,MA Pollard,AY Patel,0,0,,,,,,"",""
ball,4,46.2,Wellington Firebirds,SJ Murdoch,MA Pollard,AY Patel,0,0,,,,,,lbw,SJ Murdoch
ball,4,46.3,Wellington Firebirds,JEC Franklin,MA Pollard,AY Patel,0,0,,,,,,"",""
ball,4,46.4,Wellington Firebirds,JEC Franklin,MA Pollard,AY Patel,0,0,,,,,,"",""
ball,4,46.5,Wellington Firebirds,JEC Franklin,MA Pollard,AY Patel,0,0,,,,,,"",""
ball,4,46.6,Wellington Firebirds,JEC Franklin,MA Pollard,AY Patel,1,0,,,,,,"",""
ball,4,47.1,Wellington Firebirds,JEC Franklin,MA Pollard,DAJ Bracewell,1,0,,,,,,"",""
ball,4,47.2,Wellington Firebirds,MA Pollard,JEC Franklin,DAJ Bracewell,1,0,,,,,,"",""
ball,4,47.3,Wellington Firebirds,JEC Franklin,MA Pollard,DAJ Bracewell,1,0,,,,,,"",""
ball,4,47.4,Wellington Firebirds,MA Pollard,JEC Franklin,DAJ Bracewell,4,0,,,,,,"",""
ball,4,47.5,Wellington Firebirds,MA Pollard,JEC Franklin,DAJ Bracewell,0,0,,,,,,"",""
ball,4,47.6,Wellington Firebirds,MA Pollard,JEC Franklin,DAJ Bracewell,1,1,,1,,,,"",""
ball,4,47.7,Wellington Firebirds,JEC Franklin,MA Pollard,DAJ Bracewell,2,0,,,,,,"",""
ball,4,48.1,Wellington Firebirds,MA Pollard,JEC Franklin,AY Patel,2,0,,,,,,"",""
ball,4,48.2,Wellington Firebirds,MA Pollard,JEC Franklin,AY Patel,0,0,,,,,,"",""
ball,4,48.3,Wellington Firebirds,MA Pollard,JEC Franklin,AY Patel,0,0,,,,,,"",""
ball,4,48.4,Wellington Firebirds,MA Pollard,JEC Franklin,AY Patel,4,0,,,,,,"",""
ball,4,48.5,Wellington Firebirds,MA Pollard,JEC Franklin,AY Patel,0,0,,,,,,"",""
ball,4,48.6,Wellington Firebirds,MA Pollard,JEC Franklin,AY Patel,0,0,,,,,,"",""
ball,4,49.1,Wellington Firebirds,JEC Franklin,MA Pollard,DAJ Bracewell,4,0,,,,,,"",""
ball,4,49.2,Wellington Firebirds,JEC Franklin,MA Pollard,DAJ Bracewell,0,0,,,,,,caught,JEC Franklin
ball,4,49.3,Wellington Firebirds,TA Blundell,MA Pollard,DAJ Bracewell,0,0,,,,,,"",""
ball,4,49.4,Wellington Firebirds,TA Blundell,MA Pollard,DAJ Bracewell,0,0,,,,,,"",""
ball,4,49.5,Wellington Firebirds,TA Blundell,MA Pollard,DAJ Bracewell,0,0,,,,,,"",""
ball,4,49.6,Wellington Firebirds,TA Blundell,MA Pollard,DAJ Bracewell,1,0,,,,,,"",""
ball,4,50.1,Wellington Firebirds,TA Blundell,MA Pollard,AY Patel,0,0,,,,,,"",""
ball,4,50.2,Wellington Firebirds,TA Blundell,MA Pollard,AY Patel,0,0,,,,,,"",""
ball,4,50.3,Wellington Firebirds,TA Blundell,MA Pollard,AY Patel,0,0,,,,,,"",""
ball,4,50.4,Wellington Firebirds,TA Blundell,MA Pollard,AY Patel,0,0,,,,,,"",""
ball,4,50.5,Wellington Firebirds,TA Blundell,MA Pollard,AY Patel,0,0,,,,,,"",""
ball,4,50.6,Wellington Firebirds,TA Blundell,MA Pollard,AY Patel,0,0,,,,,,"",""
ball,4,51.1,Wellington Firebirds,MA Pollard,TA Blundell,DAJ Bracewell,0,0,,,,,,"",""
ball,4,51.2,Wellington Firebirds,MA Pollard,TA Blundell,DAJ Bracewell,1,0,,,,,,"",""
ball,4,51.3,Wellington Firebirds,TA Blundell,MA Pollard,DAJ Bracewell,1,0,,,,,,"",""
ball,4,51.4,Wellington Firebirds,MA Pollard,TA Blundell,DAJ Bracewell,0,0,,,,,,"",""
ball,4,51.5,Wellington Firebirds,MA Pollard,TA Blundell,DAJ Bracewell,0,0,,,,,,"",""
ball,4,51.6,Wellington Firebirds,MA Pollard,TA Blundell,DAJ Bracewell,1,0,,,,,,"",""
ball,4,52.1,Wellington Firebirds,MA Pollard,TA Blundell,AY Patel,1,0,,,,,,"",""
ball,4,52.2,Wellington Firebirds,TA Blundell,MA Pollard,AY Patel,0,0,,,,,,"",""
ball,4,52.3,Wellington Firebirds,TA Blundell,MA Pollard,AY Patel,0,0,,,,,,"",""
ball,4,52.4,Wellington Firebirds,TA Blundell,MA Pollard,AY Patel,0,0,,,,,,"",""
ball,4,52.5,Wellington Firebirds,TA Blundell,MA Pollard,AY Patel,4,0,,,,,,"",""
ball,4,52.6,Wellington Firebirds,TA Blundell,MA Pollard,AY Patel,0,0,,,,,,"",""
ball,4,53.1,Wellington Firebirds,MA Pollard,TA Blundell,DAJ Bracewell,1,0,,,,,,"",""
ball,4,53.2,Wellington Firebirds,TA Blundell,MA Pollard,DAJ Bracewell,0,0,,,,,,"",""
ball,4,53.3,Wellington Firebirds,TA Blundell,MA Pollard,DAJ Bracewell,0,0,,,,,,"",""
ball,4,53.4,Wellington Firebirds,TA Blundell,MA Pollard,DAJ Bracewell,1,0,,,,,,"",""
ball,4,53.5,Wellington Firebirds,MA Pollard,TA Blundell,DAJ Bracewell,0,0,,,,,,"",""
ball,4,53.6,Wellington Firebirds,MA Pollard,TA Blundell,DAJ Bracewell,2,0,,,,,,"",""
ball,4,54.1,Wellington Firebirds,TA Blundell,MA Pollard,AY Patel,0,0,,,,,,"",""
ball,4,54.2,Wellington Firebirds,TA Blundell,MA Pollard,AY Patel,0,0,,,,,,"",""
ball,4,54.3,Wellington Firebirds,TA Blundell,MA Pollard,AY Patel,0,0,,,,,,"",""
ball,4,54.4,Wellington Firebirds,TA Blundell,MA Pollard,AY Patel,0,0,,,,,,"",""
ball,4,54.5,Wellington Firebirds,TA Blundell,MA Pollard,AY Patel,1,0,,,,,,"",""
ball,4,54.6,Wellington Firebirds,MA Pollard,TA Blundell,AY Patel,0,0,,,,,,"",""
ball,4,55.1,Wellington Firebirds,TA Blundell,MA Pollard,DAJ Bracewell,0,0,,,,,,"",""
ball,4,55.2,Wellington Firebirds,TA Blundell,MA Pollard,DAJ Bracewell,0,0,,,,,,"",""
ball,4,55.3,Wellington Firebirds,TA Blundell,MA Pollard,DAJ Bracewell,4,0,,,,,,"",""
ball,4,55.4,Wellington Firebirds,TA Blundell,MA Pollard,DAJ Bracewell,0,0,,,,,,"",""
ball,4,55.5,Wellington Firebirds,TA Blundell,MA Pollard,DAJ Bracewell,2,0,,,,,,"",""
ball,4,55.6,Wellington Firebirds,TA Blundell,MA Pollard,DAJ Bracewell,1,0,,,,,,"",""
ball,4,56.1,Wellington Firebirds,TA Blundell,MA Pollard,AY Patel,1,0,,,,,,"",""
ball,4,56.2,Wellington Firebirds,MA Pollard,TA Blundell,AY Patel,0,0,,,,,,"",""
ball,4,56.3,Wellington Firebirds,MA Pollard,TA Blundell,AY Patel,2,0,,,,,,"",""
ball,4,56.4,Wellington Firebirds,MA Pollard,TA Blundell,AY Patel,4,0,,,,,,"",""
ball,4,56.5,Wellington Firebirds,MA Pollard,TA Blundell,AY Patel,0,0,,,,,,"",""
ball,4,56.6,Wellington Firebirds,MA Pollard,TA Blundell,AY Patel,0,0,,,,,,"",""
ball,4,57.1,Wellington Firebirds,TA Blundell,MA Pollard,BM Wheeler,0,0,,,,,,"",""
ball,4,57.2,Wellington Firebirds,TA Blundell,MA Pollard,BM Wheeler,0,0,,,,,,"",""
ball,4,57.3,Wellington Firebirds,TA Blundell,MA Pollard,BM Wheeler,0,0,,,,,,"",""
ball,4,57.4,Wellington Firebirds,TA Blundell,MA Pollard,BM Wheeler,0,0,,,,,,"",""
ball,4,57.5,Wellington Firebirds,TA Blundell,MA Pollard,BM Wheeler,0,0,,,,,,"",""
ball,4,57.6,Wellington Firebirds,TA Blundell,MA Pollard,BM Wheeler,0,0,,,,,,"",""
ball,4,58.1,Wellington Firebirds,MA Pollard,TA Blundell,AY Patel,0,0,,,,,,"",""
ball,4,58.2,Wellington Firebirds,MA Pollard,TA Blundell,AY Patel,0,0,,,,,,"",""
ball,4,58.3,Wellington Firebirds,MA Pollard,TA Blundell,AY Patel,0,0,,,,,,"",""
ball,4,58.4,Wellington Firebirds,MA Pollard,TA Blundell,AY Patel,0,0,,,,,,"",""
ball,4,58.5,Wellington Firebirds,MA Pollard,TA Blundell,AY Patel,0,0,,,,,,"",""
ball,4,58.6,Wellington Firebirds,MA Pollard,TA Blundell,AY Patel,0,0,,,,,,"",""
ball,4,59.1,Wellington Firebirds,TA Blundell,MA Pollard,BM Wheeler,0,0,,,,,,"",""
ball,4,59.2,Wellington Firebirds,TA Blundell,MA Pollard,BM Wheeler,0,0,,,,,,"",""
ball,4,59.3,Wellington Firebirds,TA Blundell,MA Pollard,BM Wheeler,0,0,,,,,,"",""
ball,4,59.4,Wellington Firebirds,TA Blundell,MA Pollard,BM Wheeler,0,0,,,,,,"",""
ball,4,59.5,Wellington Firebirds,TA Blundell,MA Pollard,BM Wheeler,0,0,,,,,,"",""
ball,4,59.6,Wellington Firebirds,TA Blundell,MA Pollard,BM Wheeler,1,0,,,,,,"",""
ball,4,60.1,Wellington Firebirds,TA Blundell,MA Pollard,AY Patel,0,0,,,,,,"",""
ball,4,60.2,Wellington Firebirds,TA Blundell,MA Pollard,AY Patel,4,0,,,,,,"",""
ball,4,60.3,Wellington Firebirds,TA Blundell,MA Pollard,AY Patel,4,0,,,,,,"",""
ball,4,60.4,Wellington Firebirds,TA Blundell,MA Pollard,AY Patel,4,0,,,,,,"",""
ball,4,60.5,Wellington Firebirds,TA Blundell,MA Pollard,AY Patel,0,0,,,,,,"",""
ball,4,60.6,Wellington Firebirds,TA Blundell,MA Pollard,AY Patel,0,0,,,,,,"",""
ball,4,61.1,Wellington Firebirds,MA Pollard,TA Blundell,BM Wheeler,4,0,,,,,,"",""
ball,4,61.2,Wellington Firebirds,MA Pollard,TA Blundell,BM Wheeler,0,0,,,,,,"",""
ball,4,61.3,Wellington Firebirds,MA Pollard,TA Blundell,BM Wheeler,0,0,,,,,,"",""
ball,4,61.4,Wellington Firebirds,MA Pollard,TA Blundell,BM Wheeler,0,1,,1,,,,"",""
ball,4,61.5,Wellington Firebirds,MA Pollard,TA Blundell,BM Wheeler,0,0,,,,,,"",""
ball,4,61.6,Wellington Firebirds,MA Pollard,TA Blundell,BM Wheeler,0,0,,,,,,"",""
ball,4,61.7,Wellington Firebirds,MA Pollard,TA Blundell,BM Wheeler,0,0,,,,,,"",""
ball,4,62.1,Wellington Firebirds,TA Blundell,MA Pollard,AY Patel,0,0,,,,,,"",""
ball,4,62.2,Wellington Firebirds,TA Blundell,MA Pollard,AY Patel,0,0,,,,,,"",""
ball,4,62.3,Wellington Firebirds,TA Blundell,MA Pollard,AY Patel,0,0,,,,,,"",""
ball,4,62.4,Wellington Firebirds,TA Blundell,MA Pollard,AY Patel,1,0,,,,,,"",""
ball,4,62.5,Wellington Firebirds,MA Pollard,TA Blundell,AY Patel,6,0,,,,,,"",""
ball,4,62.6,Wellington Firebirds,MA Pollard,TA Blundell,AY Patel,0,0,,,,,,"",""
ball,4,63.1,Wellington Firebirds,TA Blundell,MA Pollard,BM Wheeler,0,0,,,,,,"",""
ball,4,63.2,Wellington Firebirds,TA Blundell,MA Pollard,BM Wheeler,0,0,,,,,,"",""
ball,4,63.3,Wellington Firebirds,TA Blundell,MA Pollard,BM Wheeler,2,0,,,,,,"",""
ball,4,63.4,Wellington Firebirds,TA Blundell,MA Pollard,BM Wheeler,0,0,,,,,,"",""
ball,4,63.5,Wellington Firebirds,TA Blundell,MA Pollard,BM Wheeler,1,0,,,,,,"",""
ball,4,63.6,Wellington Firebirds,MA Pollard,TA Blundell,BM Wheeler,0,0,,,,,,"",""
ball,4,64.1,Wellington Firebirds,TA Blundell,MA Pollard,GH Worker,0,0,,,,,,bowled,TA Blundell
ball,4,64.2,Wellington Firebirds,AD Day,MA Pollard,GH Worker,0,0,,,,,,"",""
ball,4,64.3,Wellington Firebirds,AD Day,MA Pollard,GH Worker,0,0,,,,,,caught,AD Day
ball,4,64.4,Wellington Firebirds,MA Pollard,JS Patel,GH Worker,0,0,,,,,,"",""
ball,4,64.5,Wellington Firebirds,MA Pollard,JS Patel,GH Worker,0,0,,,,,,"",""
ball,4,64.6,Wellington Firebirds,MA Pollard,JS Patel,GH Worker,0,0,,,,,,"",""
ball,4,65.1,Wellington Firebirds,JS Patel,MA Pollard,BM Wheeler,0,0,,,,,,"",""
ball,4,65.2,Wellington Firebirds,JS Patel,MA Pollard,BM Wheeler,0,1,,1,,,,"",""
ball,4,65.3,Wellington Firebirds,JS Patel,MA Pollard,BM Wheeler,0,0,,,,,,caught,JS Patel
ball,4,65.4,Wellington Firebirds,MB McEwan,MA Pollard,BM Wheeler,0,0,,,,,,"",""
ball,4,65.5,Wellington Firebirds,MB McEwan,MA Pollard,BM Wheeler,0,0,,,,,,"",""
ball,4,65.6,Wellington Firebirds,MB McEwan,MA Pollard,BM Wheeler,2,0,,,,,,"",""
ball,4,65.7,Wellington Firebirds,MB McEwan,MA Pollard,BM Wheeler,0,0,,,,,,"",""
ball,4,66.1,Wellington Firebirds,MA Pollard,MB McEwan,GH Worker,0,0,,,,,,"",""
ball,4,66.2,Wellington Firebirds,MA Pollard,MB McEwan,GH Worker,0,0,,,,,,"",""
ball,4,66.3,Wellington Firebirds,MA Pollard,MB McEwan,GH Worker,1,0,,,,,,"",""
ball,4,66.4,Wellington Firebirds,MB McEwan,MA Pollard,GH Worker,2,0,,,,,,"",""
ball,4,66.5,Wellington Firebirds,MB McEwan,MA Pollard,GH Worker,0,0,,,,,,"",""
ball,4,66.6,Wellington Firebirds,MB McEwan,MA Pollard,GH Worker,4,0,,,,,,"",""
ball,4,67.1,Wellington Firebirds,MA Pollard,MB McEwan,BM Wheeler,0,0,,,,,,"",""
ball,4,67.2,Wellington Firebirds,MA Pollard,MB McEwan,BM Wheeler,1,0,,,,,,"",""
ball,4,67.3,Wellington Firebirds,MB McEwan,MA Pollard,BM Wheeler,0,0,,,,,,"",""
ball,4,67.4,Wellington Firebirds,MB McEwan,MA Pollard,BM Wheeler,4,0,,,,,,"",""
