version,1.7.0
info,balls_per_over,6
info,team,Somerset
info,team,Warwickshire
info,gender,male
info,season,2015
info,date,2015/07/18
info,date,2015/07/19
info,date,2015/07/20
info,date,2015/07/21
info,event,LV= County Championship
info,venue,"Edgbaston, Birmingham"
info,city,Birmingham
info,toss_winner,Somerset
info,toss_decision,bat
info,umpire,BJ Debenham
info,umpire,PK Baldwin
info,winner,Warwickshire
info,winner_wickets,7
info,player,Somerset,ME Trescothick
info,player,Somerset,TB Abell
info,player,Somerset,MD Bates
info,player,Somerset,JC Hildreth
info,player,Somerset,TLW Cooper
info,player,Somerset,J Allenby
info,player,Somerset,PD Trego
info,player,Somerset,C Overton
info,player,Somerset,Abdur Rehman
info,player,Somerset,AC Thomas
info,player,Somerset,TD Groenewald
info,player,Warwickshire,V Chopra
info,player,Warwickshire,IJ Westwood
info,player,Warwickshire,LJ Evans
info,player,Warwickshire,IJL Trott
info,player,Warwickshire,SR Hain
info,player,Warwickshire,TR Ambrose
info,player,Warwickshire,R Clarke
info,player,Warwickshire,CR Woakes
info,player,Warwickshire,KHD Barker
info,player,Warwickshire,JS Patel
info,player,Warwickshire,OJ Hannon-Dalby
info,registry,people,AC Thomas,b552a935
info,registry,people,Abdur Rehman,d094e7d1
info,registry,people,BJ Debenham,524a3a82
info,registry,people,C Overton,e9987a94
info,registry,people,CR Woakes,4c5d73db
info,registry,people,IJ Westwood,31f671b7
info,registry,people,IJL Trott,ac7fa28f
info,registry,people,J Allenby,7d5e0b78
info,registry,people,JC Hildreth,782c0568
info,registry,people,JS Patel,f5821615
info,registry,people,KHD Barker,2223b920
info,registry,people,LJ Evans,1c513d54
info,registry,people,MD Bates,f53d6c10
info,registry,people,ME Trescothick,ea42ddb9
info,registry,people,OJ Hannon-Dalby,e0ac7144
info,registry,people,PD Trego,93e06301
info,registry,people,PK Baldwin,6bb53c12
info,registry,people,R Clarke,8728a058
info,registry,people,SR Hain,67b9536c
info,registry,people,TB Abell,ba9258a7
info,registry,people,TD Groenewald,dddc811c
info,registry,people,TLW Cooper,2318ba22
info,registry,people,TR Ambrose,a15aaa7f
info,registry,people,V Chopra,54745c20
ball,1,0.1,Somerset,ME Trescothick,TB Abell,KHD Barker,0,0,,,,,,"",""
ball,1,0.2,Somerset,ME Trescothick,TB Abell,KHD Barker,2,0,,,,,,"",""
ball,1,0.3,Somerset,ME Trescothick,TB Abell,KHD Barker,0,0,,,,,,"",""
ball,1,0.4,Somerset,ME Trescothick,TB Abell,KHD Barker,0,0,,,,,,"",""
ball,1,0.5,Somerset,ME Trescothick,TB Abell,KHD Barker,0,0,,,,,,"",""
ball,1,0.6,Somerset,ME Trescothick,TB Abell,KHD Barker,0,1,,,,1,,"",""
ball,1,1.1,Somerset,ME Trescothick,TB Abell,CR Woakes,0,0,,,,,,"",""
ball,1,1.2,Somerset,ME Trescothick,TB Abell,CR Woakes,0,0,,,,,,"",""
ball,1,1.3,Somerset,ME Trescothick,TB Abell,CR Woakes,0,0,,,,,,"",""
ball,1,1.4,Somerset,ME Trescothick,TB Abell,CR Woakes,1,0,,,,,,"",""
ball,1,1.5,Somerset,TB Abell,ME Trescothick,CR Woakes,0,0,,,,,,"",""
ball,1,1.6,Somerset,TB Abell,ME Trescothick,CR Woakes,1,0,,,,,,"",""
ball,1,2.1,Somerset,TB Abell,ME Trescothick,KHD Barker,0,0,,,,,,"",""
ball,1,2.2,Somerset,TB Abell,ME Trescothick,KHD Barker,0,0,,,,,,"",""
ball,1,2.3,Somerset,TB Abell,ME Trescothick,KHD Barker,0,0,,,,,,"",""
ball,1,2.4,Somerset,TB Abell,ME Trescothick,KHD Barker,0,0,,,,,,"",""
ball,1,2.5,Somerset,TB Abell,ME Trescothick,KHD Barker,4,0,,,,,,"",""
ball,1,2.6,Somerset,TB Abell,ME Trescothick,KHD Barker,0,0,,,,,,"",""
ball,1,3.1,Somerset,ME Trescothick,TB Abell,CR Woakes,0,0,,,,,,"",""
ball,1,3.2,Somerset,ME Trescothick,TB Abell,CR Woakes,0,0,,,,,,"",""
ball,1,3.3,Somerset,ME Trescothick,TB Abell,CR Woakes,0,0,,,,,,"",""
ball,1,3.4,Somerset,ME Trescothick,TB Abell,CR Woakes,0,0,,,,,,"",""
ball,1,3.5,Somerset,ME Trescothick,TB Abell,CR Woakes,2,0,,,,,,"",""
ball,1,3.6,Somerset,ME Trescothick,TB Abell,CR Woakes,0,0,,,,,,"",""
ball,1,4.1,Somerset,TB Abell,ME Trescothick,KHD Barker,0,0,,,,,,"",""
ball,1,4.2,Somerset,TB Abell,ME Trescothick,KHD Barker,0,0,,,,,,"",""
ball,1,4.3,Somerset,TB Abell,ME Trescothick,KHD Barker,0,0,,,,,,"",""
ball,1,4.4,Somerset,TB Abell,ME Trescothick,KHD Barker,0,0,,,,,,"",""
ball,1,4.5,Somerset,TB Abell,ME Trescothick,KHD Barker,1,0,,,,,,"",""
ball,1,4.6,Somerset,ME Trescothick,TB Abell,KHD Barker,0,2,,,,2,,"",""
ball,1,5.1,Somerset,TB Abell,ME Trescothick,CR Woakes,1,0,,,,,,"",""
ball,1,5.2,Somerset,ME Trescothick,TB Abell,CR Woakes,0,0,,,,,,"",""
ball,1,5.3,Somerset,ME Trescothick,TB Abell,CR Woakes,0,0,,,,,,"",""
ball,1,5.4,Somerset,ME Trescothick,TB Abell,CR Woakes,0,0,,,,,,"",""
ball,1,5.5,Somerset,ME Trescothick,TB Abell,CR Woakes,1,0,,,,,,"",""
ball,1,5.6,Somerset,TB Abell,ME Trescothick,CR Woakes,0,0,,,,,,"",""
ball,1,6.1,Somerset,ME Trescothick,TB Abell,KHD Barker,0,0,,,,,,"",""
ball,1,6.2,Somerset,ME Trescothick,TB Abell,KHD Barker,0,0,,,,,,"",""
ball,1,6.3,Somerset,ME Trescothick,TB Abell,KHD Barker,0,0,,,,,,"",""
ball,1,6.4,Somerset,ME Trescothick,TB Abell,KHD Barker,0,0,,,,,,"",""
ball,1,6.5,Somerset,ME Trescothick,TB Abell,KHD Barker,0,0,,,,,,"",""
ball,1,6.6,Somerset,ME Trescothick,TB Abell,KHD Barker,0,2,,2,,,,"",""
ball,1,6.7,Somerset,ME Trescothick,TB Abell,KHD Barker,0,0,,,,,,"",""
ball,1,7.1,Somerset,TB Abell,ME Trescothick,CR Woakes,0,0,,,,,,"",""
ball,1,7.2,Somerset,TB Abell,ME Trescothick,CR Woakes,0,2,,,2,,,"",""
ball,1,7.3,Somerset,TB Abell,ME Trescothick,CR Woakes,0,0,,,,,,"",""
ball,1,7.4,Somerset,TB Abell,ME Trescothick,CR Woakes,0,0,,,,,,"",""
ball,1,7.5,Somerset,TB Abell,ME Trescothick,CR Woakes,0,0,,,,,,"",""
ball,1,7.6,Somerset,TB Abell,ME Trescothick,CR Woakes,0,0,,,,,,"",""
ball,1,8.1,Somerset,ME Trescothick,TB Abell,KHD Barker,0,0,,,,,,"",""
ball,1,8.2,Somerset,ME Trescothick,TB Abell,KHD Barker,4,0,,,,,,"",""
ball,1,8.3,Somerset,ME Trescothick,TB Abell,KHD Barker,4,0,,,,,,"",""
ball,1,8.4,Somerset,ME Trescothick,TB Abell,KHD Barker,0,0,,,,,,"",""
ball,1,8.5,Somerset,ME Trescothick,TB Abell,KHD Barker,0,0,,,,,,"",""
ball,1,8.6,Somerset,ME Trescothick,TB Abell,KHD Barker,0,0,,,,,,"",""
ball,1,9.1,Somerset,TB Abell,ME Trescothick,CR Woakes,0,0,,,,,,"",""
ball,1,9.2,Somerset,TB Abell,ME Trescothick,CR Woakes,1,0,,,,,,"",""
ball,1,9.3,Somerset,ME Trescothick,TB Abell,CR Woakes,0,0,,,,,,"",""
ball,1,9.4,Somerset,ME Trescothick,TB Abell,CR Woakes,0,0,,,,,,"",""
ball,1,9.5,Somerset,ME Trescothick,TB Abell,CR Woakes,0,0,,,,,,"",""
ball,1,9.6,Somerset,ME Trescothick,TB Abell,CR Woakes,0,0,,,,,,"",""
ball,1,10.1,Somerset,TB Abell,ME Trescothick,JS Patel,0,0,,,,,,caught,TB Abell
ball,1,10.2,Somerset,MD Bates,ME Trescothick,JS Patel,0,1,,,,1,,"",""
ball,1,10.3,Somerset,ME Trescothick,MD Bates,JS Patel,0,0,,,,,,"",""
ball,1,10.4,Somerset,ME Trescothick,MD Bates,JS Patel,2,0,,,,,,"",""
ball,1,10.5,Somerset,ME Trescothick,MD Bates,JS Patel,0,0,,,,,,"",""
ball,1,10.6,Somerset,ME Trescothick,MD Bates,JS Patel,0,0,,,,,,"",""
ball,1,11.1,Somerset,MD Bates,ME Trescothick,R Clarke,0,0,,,,,,"",""
ball,1,11.2,Somerset,MD Bates,ME Trescothick,R Clarke,0,0,,,,,,"",""
ball,1,11.3,Somerset,MD Bates,ME Trescothick,R Clarke,0,0,,,,,,"",""
ball,1,11.4,Somerset,MD Bates,ME Trescothick,R Clarke,1,0,,,,,,"",""
ball,1,11.5,Somerset,ME Trescothick,MD Bates,R Clarke,0,0,,,,,,"",""
ball,1,11.6,Somerset,ME Trescothick,MD Bates,R Clarke,1,0,,,,,,"",""
ball,1,12.1,Somerset,ME Trescothick,MD Bates,JS Patel,0,0,,,,,,"",""
ball,1,12.2,Somerset,ME Trescothick,MD Bates,JS Patel,4,0,,,,,,"",""
ball,1,12.3,Somerset,ME Trescothick,MD Bates,JS Patel,0,0,,,,,,"",""
ball,1,12.4,Somerset,ME Trescothick,MD Bates,JS Patel,0,0,,,,,,"",""
ball,1,12.5,Somerset,ME Trescothick,MD Bates,JS Patel,4,0,,,,,,"",""
ball,1,12.6,Somerset,ME Trescothick,MD Bates,JS Patel,1,0,,,,,,"",""
ball,1,13.1,Somerset,ME Trescothick,MD Bates,R Clarke,0,0,,,,,,"",""
ball,1,13.2,Somerset,ME Trescothick,MD Bates,R Clarke,0,0,,,,,,"",""
ball,1,13.3,Somerset,ME Trescothick,MD Bates,R Clarke,0,0,,,,,,"",""
ball,1,13.4,Somerset,ME Trescothick,MD Bates,R Clarke,0,0,,,,,,"",""
ball,1,13.5,Somerset,ME Trescothick,MD Bates,R Clarke,0,0,,,,,,"",""
ball,1,13.6,Somerset,ME Trescothick,MD Bates,R Clarke,0,0,,,,,,"",""
ball,1,14.1,Somerset,MD Bates,ME Trescothick,JS Patel,0,0,,,,,,"",""
ball,1,14.2,Somerset,MD Bates,ME Trescothick,JS Patel,0,0,,,,,,"",""
ball,1,14.3,Somerset,MD Bates,ME Trescothick,JS Patel,0,0,,,,,,"",""
ball,1,14.4,Somerset,MD Bates,ME Trescothick,JS Patel,0,0,,,,,,"",""
ball,1,14.5,Somerset,MD Bates,ME Trescothick,JS Patel,1,0,,,,,,"",""
ball,1,14.6,Somerset,ME Trescothick,MD Bates,JS Patel,4,0,,,,,,"",""
ball,1,15.1,Somerset,MD Bates,ME Trescothick,R Clarke,0,0,,,,,,"",""
ball,1,15.2,Somerset,MD Bates,ME Trescothick,R Clarke,0,0,,,,,,"",""
ball,1,15.3,Somerset,MD Bates,ME Trescothick,R Clarke,0,0,,,,,,"",""
ball,1,15.4,Somerset,MD Bates,ME Trescothick,R Clarke,0,0,,,,,,"",""
ball,1,15.5,Somerset,MD Bates,ME Trescothick,R Clarke,0,0,,,,,,"",""
ball,1,15.6,Somerset,MD Bates,ME Trescothick,R Clarke,0,0,,,,,,"",""
ball,1,16.1,Somerset,ME Trescothick,MD Bates,JS Patel,1,0,,,,,,"",""
ball,1,16.2,Somerset,MD Bates,ME Trescothick,JS Patel,0,0,,,,,,"",""
ball,1,16.3,Somerset,MD Bates,ME Trescothick,JS Patel,0,0,,,,,,"",""
ball,1,16.4,Somerset,MD Bates,ME Trescothick,JS Patel,2,0,,,,,,"",""
ball,1,16.5,Somerset,MD Bates,ME Trescothick,JS Patel,0,0,,,,,,"",""
ball,1,16.6,Somerset,MD Bates,ME Trescothick,JS Patel,0,0,,,,,,"",""
ball,1,17.1,Somerset,ME Trescothick,MD Bates,R Clarke,0,0,,,,,,"",""
ball,1,17.2,Somerset,ME Trescothick,MD Bates,R Clarke,0,0,,,,,,"",""
ball,1,17.3,Somerset,ME Trescothick,MD Bates,R Clarke,0,0,,,,,,"",""
ball,1,17.4,Somerset,ME Trescothick,MD Bates,R Clarke,0,0,,,,,,"",""
ball,1,17.5,Somerset,ME Trescothick,MD Bates,R Clarke,0,0,,,,,,"",""
ball,1,17.6,Somerset,ME Trescothick,MD Bates,R Clarke,0,0,,,,,,"",""
ball,1,18.1,Somerset,MD Bates,ME Trescothick,KHD Barker,0,0,,,,,,"",""
ball,1,18.2,Somerset,MD Bates,ME Trescothick,KHD Barker,0,0,,,,,,"",""
ball,1,18.3,Somerset,MD Bates,ME Trescothick,KHD Barker,0,0,,,,,,"",""
ball,1,18.4,Somerset,MD Bates,ME Trescothick,KHD Barker,0,0,,,,,,"",""
ball,1,18.5,Somerset,MD Bates,ME Trescothick,KHD Barker,0,0,,,,,,"",""
ball,1,18.6,Somerset,MD Bates,ME Trescothick,KHD Barker,0,0,,,,,,"",""
ball,1,19.1,Somerset,ME Trescothick,MD Bates,R Clarke,0,0,,,,,,"",""
ball,1,19.2,Somerset,ME Trescothick,MD Bates,R Clarke,0,0,,,,,,"",""
ball,1,19.3,Somerset,ME Trescothick,MD Bates,R Clarke,0,0,,,,,,"",""
ball,1,19.4,Somerset,ME Trescothick,MD Bates,R Clarke,4,0,,,,,,"",""
ball,1,19.5,Somerset,ME Trescothick,MD Bates,R Clarke,0,0,,,,,,"",""
ball,1,19.6,Somerset,ME Trescothick,MD Bates,R Clarke,0,0,,,,,,"",""
ball,1,20.1,Somerset,MD Bates,ME Trescothick,KHD Barker,0,0,,,,,,"",""
ball,1,20.2,Somerset,MD Bates,ME Trescothick,KHD Barker,0,0,,,,,,"",""
ball,1,20.3,Somerset,MD Bates,ME Trescothick,KHD Barker,1,0,,,,,,"",""
ball,1,20.4,Somerset,ME Trescothick,MD Bates,KHD Barker,0,0,,,,,,"",""
ball,1,20.5,Somerset,ME Trescothick,MD Bates,KHD Barker,1,0,,,,,,"",""
ball,1,20.6,Somerset,MD Bates,ME Trescothick,KHD Barker,0,0,,,,,,"",""
ball,1,21.1,Somerset,ME Trescothick,MD Bates,R Clarke,0,0,,,,,,"",""
ball,1,21.2,Somerset,ME Trescothick,MD Bates,R Clarke,0,0,,,,,,"",""
ball,1,21.3,Somerset,ME Trescothick,MD Bates,R Clarke,2,0,,,,,,"",""
ball,1,21.4,Somerset,ME Trescothick,MD Bates,R Clarke,0,0,,,,,,"",""
ball,1,21.5,Somerset,ME Trescothick,MD Bates,R Clarke,0,0,,,,,,"",""
ball,1,21.6,Somerset,ME Trescothick,MD Bates,R Clarke,0,0,,,,,,"",""
ball,1,22.1,Somerset,MD Bates,ME Trescothick,KHD Barker,0,0,,,,,,"",""
ball,1,22.2,Somerset,MD Bates,ME Trescothick,KHD Barker,0,0,,,,,,"",""
ball,1,22.3,Somerset,MD Bates,ME Trescothick,KHD Barker,0,0,,,,,,"",""
ball,1,22.4,Somerset,MD Bates,ME Trescothick,KHD Barker,0,0,,,,,,"",""
ball,1,22.5,Somerset,MD Bates,ME Trescothick,KHD Barker,0,0,,,,,,"",""
ball,1,22.6,Somerset,MD Bates,ME Trescothick,KHD Barker,0,0,,,,,,"",""
ball,1,23.1,Somerset,ME Trescothick,MD Bates,OJ Hannon-Dalby,0,0,,,,,,"",""
ball,1,23.2,Somerset,ME Trescothick,MD Bates,OJ Hannon-Dalby,0,0,,,,,,"",""
ball,1,23.3,Somerset,ME Trescothick,MD Bates,OJ Hannon-Dalby,0,0,,,,,,"",""
ball,1,23.4,Somerset,ME Trescothick,MD Bates,OJ Hannon-Dalby,0,0,,,,,,"",""
ball,1,23.5,Somerset,ME Trescothick,MD Bates,OJ Hannon-Dalby,0,0,,,,,,"",""
ball,1,23.6,Somerset,ME Trescothick,MD Bates,OJ Hannon-Dalby,0,0,,,,,,"",""
ball,1,24.1,Somerset,MD Bates,ME Trescothick,JS Patel,3,0,,,,,,"",""
ball,1,24.2,Somerset,ME Trescothick,MD Bates,JS Patel,1,0,,,,,,"",""
ball,1,24.3,Somerset,MD Bates,ME Trescothick,JS Patel,4,0,,,,,,"",""
ball,1,24.4,Somerset,MD Bates,ME Trescothick,JS Patel,0,0,,,,,,"",""
ball,1,24.5,Somerset,MD Bates,ME Trescothick,JS Patel,0,0,,,,,,"",""
ball,1,24.6,Somerset,MD Bates,ME Trescothick,JS Patel,0,0,,,,,,"",""
ball,1,25.1,Somerset,ME Trescothick,MD Bates,OJ Hannon-Dalby,0,0,,,,,,"",""
ball,1,25.2,Somerset,ME Trescothick,MD Bates,OJ Hannon-Dalby,0,0,,,,,,"",""
ball,1,25.3,Somerset,ME Trescothick,MD Bates,OJ Hannon-Dalby,0,0,,,,,,"",""
ball,1,25.4,Somerset,ME Trescothick,MD Bates,OJ Hannon-Dalby,0,0,,,,,,"",""
ball,1,25.5,Somerset,ME Trescothick,MD Bates,OJ Hannon-Dalby,0,0,,,,,,"",""
ball,1,25.6,Somerset,ME Trescothick,MD Bates,OJ Hannon-Dalby,0,0,,,,,,"",""
ball,1,26.1,Somerset,MD Bates,ME Trescothick,JS Patel,0,0,,,,,,"",""
ball,1,26.2,Somerset,MD Bates,ME Trescothick,JS Patel,0,0,,,,,,"",""
ball,1,26.3,Somerset,MD Bates,ME Trescothick,JS Patel,0,0,,,,,,"",""
ball,1,26.4,Somerset,MD Bates,ME Trescothick,JS Patel,0,0,,,,,,"",""
ball,1,26.5,Somerset,MD Bates,ME Trescothick,JS Patel,4,0,,,,,,"",""
ball,1,26.6,Somerset,MD Bates,ME Trescothick,JS Patel,0,0,,,,,,"",""
ball,1,27.1,Somerset,ME Trescothick,MD Bates,OJ Hannon-Dalby,0,0,,,,,,"",""
ball,1,27.2,Somerset,ME Trescothick,MD Bates,OJ Hannon-Dalby,4,0,,,,,,"",""
ball,1,27.3,Somerset,ME Trescothick,MD Bates,OJ Hannon-Dalby,0,0,,,,,,"",""
ball,1,27.4,Somerset,ME Trescothick,MD Bates,OJ Hannon-Dalby,0,0,,,,,,"",""
ball,1,27.5,Somerset,ME Trescothick,MD Bates,OJ Hannon-Dalby,0,0,,,,,,"",""
ball,1,27.6,Somerset,ME Trescothick,MD Bates,OJ Hannon-Dalby,0,0,,,,,,"",""
ball,1,28.1,Somerset,MD Bates,ME Trescothick,JS Patel,0,0,,,,,,"",""
ball,1,28.2,Somerset,MD Bates,ME Trescothick,JS Patel,0,0,,,,,,"",""
ball,1,28.3,Somerset,MD Bates,ME Trescothick,JS Patel,0,0,,,,,,"",""
ball,1,28.4,Somerset,MD Bates,ME Trescothick,JS Patel,0,0,,,,,,"",""
ball,1,28.5,Somerset,MD Bates,ME Trescothick,JS Patel,0,0,,,,,,caught,MD Bates
ball,1,28.6,Somerset,JC Hildreth,ME Trescothick,JS Patel,0,0,,,,,,"",""
ball,1,29.1,Somerset,ME Trescothick,JC Hildreth,OJ Hannon-Dalby,1,0,,,,,,"",""
ball,1,29.2,Somerset,JC Hildreth,ME Trescothick,OJ Hannon-Dalby,0,0,,,,,,"",""
ball,1,29.3,Somerset,JC Hildreth,ME Trescothick,OJ Hannon-Dalby,0,0,,,,,,"",""
ball,1,29.4,Somerset,JC Hildreth,ME Trescothick,OJ Hannon-Dalby,0,0,,,,,,"",""
ball,1,29.5,Somerset,JC Hildreth,ME Trescothick,OJ Hannon-Dalby,0,0,,,,,,"",""
ball,1,29.6,Somerset,JC Hildreth,ME Trescothick,OJ Hannon-Dalby,0,0,,,,,,"",""
ball,1,30.1,Somerset,ME Trescothick,JC Hildreth,JS Patel,0,0,,,,,,"",""
ball,1,30.2,Somerset,ME Trescothick,JC Hildreth,JS Patel,0,0,,,,,,"",""
ball,1,30.3,Somerset,ME Trescothick,JC Hildreth,JS Patel,0,0,,,,,,"",""
ball,1,30.4,Somerset,ME Trescothick,JC Hildreth,JS Patel,3,0,,,,,,"",""
ball,1,30.5,Somerset,JC Hildreth,ME Trescothick,JS Patel,0,0,,,,,,"",""
ball,1,30.6,Somerset,JC Hildreth,ME Trescothick,JS Patel,0,0,,,,,,"",""
ball,1,31.1,Somerset,ME Trescothick,JC Hildreth,CR Woakes,1,0,,,,,,"",""
ball,1,31.2,Somerset,JC Hildreth,ME Trescothick,CR Woakes,0,0,,,,,,"",""
ball,1,31.3,Somerset,JC Hildreth,ME Trescothick,CR Woakes,0,0,,,,,,"",""
ball,1,31.4,Somerset,JC Hildreth,ME Trescothick,CR Woakes,4,0,,,,,,"",""
ball,1,31.5,Somerset,JC Hildreth,ME Trescothick,CR Woakes,4,0,,,,,,"",""
ball,1,31.6,Somerset,JC Hildreth,ME Trescothick,CR Woakes,0,0,,,,,,"",""
ball,1,32.1,Somerset,ME Trescothick,JC Hildreth,JS Patel,0,0,,,,,,"",""
ball,1,32.2,Somerset,ME Trescothick,JC Hildreth,JS Patel,0,0,,,,,,"",""
ball,1,32.3,Somerset,ME Trescothick,JC Hildreth,JS Patel,0,0,,,,,,"",""
ball,1,32.4,Somerset,ME Trescothick,JC Hildreth,JS Patel,0,0,,,,,,"",""
ball,1,32.5,Somerset,ME Trescothick,JC Hildreth,JS Patel,0,0,,,,,,caught,ME Trescothick
ball,1,32.6,Somerset,JC Hildreth,TLW Cooper,JS Patel,0,0,,,,,,"",""
ball,1,33.1,Somerset,TLW Cooper,JC Hildreth,CR Woakes,0,0,,,,,,"",""
ball,1,33.2,Somerset,TLW Cooper,JC Hildreth,CR Woakes,0,0,,,,,,"",""
ball,1,33.3,Somerset,TLW Cooper,JC Hildreth,CR Woakes,0,0,,,,,,caught,TLW Cooper
ball,1,33.4,Somerset,J Allenby,JC Hildreth,CR Woakes,0,0,,,,,,"",""
ball,1,33.5,Somerset,J Allenby,JC Hildreth,CR Woakes,4,0,,,,,,"",""
ball,1,33.6,Somerset,J Allenby,JC Hildreth,CR Woakes,0,0,,,,,,"",""
ball,1,34.1,Somerset,JC Hildreth,J Allenby,JS Patel,0,0,,,,,,"",""
ball,1,34.2,Somerset,JC Hildreth,J Allenby,JS Patel,1,0,,,,,,"",""
ball,1,34.3,Somerset,J Allenby,JC Hildreth,JS Patel,1,0,,,,,,"",""
ball,1,34.4,Somerset,JC Hildreth,J Allenby,JS Patel,1,0,,,,,,"",""
ball,1,34.5,Somerset,J Allenby,JC Hildreth,JS Patel,0,0,,,,,,"",""
ball,1,34.6,Somerset,J Allenby,JC Hildreth,JS Patel,6,0,,,,,,"",""
ball,1,35.1,Somerset,JC Hildreth,J Allenby,CR Woakes,0,0,,,,,,"",""
ball,1,35.2,Somerset,JC Hildreth,J Allenby,CR Woakes,1,0,,,,,,"",""
ball,1,35.3,Somerset,J Allenby,JC Hildreth,CR Woakes,0,0,,,,,,"",""
ball,1,35.4,Somerset,J Allenby,JC Hildreth,CR Woakes,0,0,,,,,,"",""
ball,1,35.5,Somerset,J Allenby,JC Hildreth,CR Woakes,4,0,,,,,,"",""
ball,1,35.6,Somerset,J Allenby,JC Hildreth,CR Woakes,1,0,,,,,,"",""
ball,1,36.1,Somerset,J Allenby,JC Hildreth,JS Patel,4,0,,,,,,"",""
ball,1,36.2,Somerset,J Allenby,JC Hildreth,JS Patel,0,0,,,,,,"",""
ball,1,36.3,Somerset,J Allenby,JC Hildreth,JS Patel,0,0,,,,,,"",""
ball,1,36.4,Somerset,J Allenby,JC Hildreth,JS Patel,0,0,,,,,,"",""
ball,1,36.5,Somerset,J Allenby,JC Hildreth,JS Patel,0,0,,,,,,"",""
ball,1,36.6,Somerset,J Allenby,JC Hildreth,JS Patel,0,0,,,,,,"",""
ball,1,37.1,Somerset,JC Hildreth,J Allenby,CR Woakes,0,0,,,,,,"",""
ball,1,37.2,Somerset,JC Hildreth,J Allenby,CR Woakes,0,0,,,,,,caught,JC Hildreth
ball,1,37.3,Somerset,PD Trego,J Allenby,CR Woakes,0,0,,,,,,"",""
ball,1,37.4,Somerset,PD Trego,J Allenby,CR Woakes,0,0,,,,,,"",""
ball,1,37.5,Somerset,PD Trego,J Allenby,CR Woakes,2,0,,,,,,"",""
ball,1,37.6,Somerset,PD Trego,J Allenby,CR Woakes,0,0,,,,,,"",""
ball,1,38.1,Somerset,J Allenby,PD Trego,JS Patel,0,0,,,,,,"",""
ball,1,38.2,Somerset,J Allenby,PD Trego,JS Patel,0,0,,,,,,"",""
ball,1,38.3,Somerset,J Allenby,PD Trego,JS Patel,0,0,,,,,,"",""
ball,1,38.4,Somerset,J Allenby,PD Trego,JS Patel,0,0,,,,,,"",""
ball,1,38.5,Somerset,J Allenby,PD Trego,JS Patel,0,0,,,,,,"",""
ball,1,38.6,Somerset,J Allenby,PD Trego,JS Patel,3,0,,,,,,"",""
ball,1,39.1,Somerset,J Allenby,PD Trego,CR Woakes,0,0,,,,,,"",""
ball,1,39.2,Somerset,J Allenby,PD Trego,CR Woakes,0,0,,,,,,"",""
ball,1,39.3,Somerset,J Allenby,PD Trego,CR Woakes,1,0,,,,,,"",""
ball,1,39.4,Somerset,PD Trego,J Allenby,CR Woakes,0,0,,,,,,"",""
ball,1,39.5,Somerset,PD Trego,J Allenby,CR Woakes,0,1,,,,1,,"",""
ball,1,39.6,Somerset,J Allenby,PD Trego,CR Woakes,1,0,,,,,,"",""
ball,1,40.1,Somerset,J Allenby,PD Trego,JS Patel,0,0,,,,,,"",""
ball,1,40.2,Somerset,J Allenby,PD Trego,JS Patel,0,0,,,,,,"",""
ball,1,40.3,Somerset,J Allenby,PD Trego,JS Patel,6,0,,,,,,"",""
ball,1,40.4,Somerset,J Allenby,PD Trego,JS Patel,1,0,,,,,,"",""
ball,1,40.5,Somerset,PD Trego,J Allenby,JS Patel,0,0,,,,,,"",""
ball,1,40.6,Somerset,PD Trego,J Allenby,JS Patel,0,0,,,,,,"",""
ball,1,41.1,Somerset,J Allenby,PD Trego,CR Woakes,1,0,,,,,,"",""
ball,1,41.2,Somerset,PD Trego,J Allenby,CR Woakes,0,0,,,,,,caught,PD Trego
ball,1,41.3,Somerset,C Overton,J Allenby,CR Woakes,0,0,,,,,,"",""
ball,1,41.4,Somerset,C Overton,J Allenby,CR Woakes,0,0,,,,,,"",""
ball,1,41.5,Somerset,C Overton,J Allenby,CR Woakes,2,0,,,,,,"",""
ball,1,41.6,Somerset,C Overton,J Allenby,CR Woakes,4,0,,,,,,"",""
ball,1,42.1,Somerset,J Allenby,C Overton,OJ Hannon-Dalby,1,0,,,,,,"",""
ball,1,42.2,Somerset,C Overton,J Allenby,OJ Hannon-Dalby,3,0,,,,,,"",""
ball,1,42.3,Somerset,J Allenby,C Overton,OJ Hannon-Dalby,0,0,,,,,,"",""
ball,1,42.4,Somerset,J Allenby,C Overton,OJ Hannon-Dalby,1,0,,,,,,"",""
ball,1,42.5,Somerset,C Overton,J Allenby,OJ Hannon-Dalby,3,0,,,,,,"",""
ball,1,42.6,Somerset,J Allenby,C Overton,OJ Hannon-Dalby,0,0,,,,,,"",""
ball,1,43.1,Somerset,C Overton,J Allenby,R Clarke,0,0,,,,,,"",""
ball,1,43.2,Somerset,C Overton,J Allenby,R Clarke,0,0,,,,,,"",""
ball,1,43.3,Somerset,C Overton,J Allenby,R Clarke,4,0,,,,,,"",""
ball,1,43.4,Somerset,C Overton,J Allenby,R Clarke,0,0,,,,,,"",""
ball,1,43.5,Somerset,C Overton,J Allenby,R Clarke,0,0,,,,,,"",""
ball,1,43.6,Somerset,C Overton,J Allenby,R Clarke,0,0,,,,,,"",""
ball,1,44.1,Somerset,J Allenby,C Overton,OJ Hannon-Dalby,1,0,,,,,,"",""
ball,1,44.2,Somerset,C Overton,J Allenby,OJ Hannon-Dalby,1,0,,,,,,"",""
ball,1,44.3,Somerset,J Allenby,C Overton,OJ Hannon-Dalby,0,0,,,,,,"",""
ball,1,44.4,Somerset,J Allenby,C Overton,OJ Hannon-Dalby,1,0,,,,,,"",""
ball,1,44.5,Somerset,C Overton,J Allenby,OJ Hannon-Dalby,0,0,,,,,,"",""
ball,1,44.6,Somerset,C Overton,J Allenby,OJ Hannon-Dalby,4,0,,,,,,"",""
ball,1,45.1,Somerset,J Allenby,C Overton,R Clarke,0,0,,,,,,"",""
ball,1,45.2,Somerset,J Allenby,C Overton,R Clarke,0,0,,,,,,"",""
ball,1,45.3,Somerset,J Allenby,C Overton,R Clarke,0,0,,,,,,"",""
ball,1,45.4,Somerset,J Allenby,C Overton,R Clarke,0,0,,,,,,caught,J Allenby
ball,1,45.5,Somerset,Abdur Rehman,C Overton,R Clarke,0,0,,,,,,"",""
ball,1,45.6,Somerset,Abdur Rehman,C Overton,R Clarke,4,0,,,,,,"",""
ball,1,46.1,Somerset,C Overton,Abdur Rehman,OJ Hannon-Dalby,1,0,,,,,,"",""
ball,1,46.2,Somerset,Abdur Rehman,C Overton,OJ Hannon-Dalby,0,0,,,,,,"",""
ball,1,46.3,Somerset,Abdur Rehman,C Overton,OJ Hannon-Dalby,4,0,,,,,,"",""
ball,1,46.4,Somerset,Abdur Rehman,C Overton,OJ Hannon-Dalby,0,0,,,,,,"",""
ball,1,46.5,Somerset,Abdur Rehman,C Overton,OJ Hannon-Dalby,0,0,,,,,,"",""
ball,1,46.6,Somerset,Abdur Rehman,C Overton,OJ Hannon-Dalby,0,0,,,,,,"",""
ball,1,47.1,Somerset,C Overton,Abdur Rehman,R Clarke,0,0,,,,,,"",""
ball,1,47.2,Somerset,C Overton,Abdur Rehman,R Clarke,4,0,,,,,,"",""
ball,1,47.3,Somerset,C Overton,Abdur Rehman,R Clarke,1,0,,,,,,"",""
ball,1,47.4,Somerset,Abdur Rehman,C Overton,R Clarke,0,0,,,,,,"",""
ball,1,47.5,Somerset,Abdur Rehman,C Overton,R Clarke,0,0,,,,,,"",""
ball,1,47.6,Somerset,Abdur Rehman,C Overton,R Clarke,4,0,,,,,,"",""
ball,1,48.1,Somerset,C Overton,Abdur Rehman,OJ Hannon-Dalby,1,0,,,,,,"",""
ball,1,48.2,Somerset,Abdur Rehman,C Overton,OJ Hannon-Dalby,0,0,,,,,,"",""
ball,1,48.3,Somerset,Abdur Rehman,C Overton,OJ Hannon-Dalby,0,0,,,,,,"",""
ball,1,48.4,Somerset,Abdur Rehman,C Overton,OJ Hannon-Dalby,0,0,,,,,,"",""
ball,1,48.5,Somerset,Abdur Rehman,C Overton,OJ Hannon-Dalby,0,0,,,,,,"",""
ball,1,48.6,Somerset,Abdur Rehman,C Overton,OJ Hannon-Dalby,0,0,,,,,,"",""
ball,1,49.1,Somerset,C Overton,Abdur Rehman,R Clarke,0,0,,,,,,"",""
ball,1,49.2,Somerset,C Overton,Abdur Rehman,R Clarke,0,0,,,,,,"",""
ball,1,49.3,Somerset,C Overton,Abdur Rehman,R Clarke,1,0,,,,,,"",""
ball,1,49.4,Somerset,Abdur Rehman,C Overton,R Clarke,0,0,,,,,,"",""
ball,1,49.5,Somerset,Abdur Rehman,C Overton,R Clarke,0,0,,,,,,"",""
ball,1,49.6,Somerset,Abdur Rehman,C Overton,R Clarke,0,0,,,,,,"",""
ball,1,50.1,Somerset,C Overton,Abdur Rehman,OJ Hannon-Dalby,0,0,,,,,,"",""
ball,1,50.2,Somerset,C Overton,Abdur Rehman,OJ Hannon-Dalby,4,0,,,,,,"",""
ball,1,50.3,Somerset,C Overton,Abdur Rehman,OJ Hannon-Dalby,0,0,,,,,,"",""
ball,1,50.4,Somerset,C Overton,Abdur Rehman,OJ Hannon-Dalby,0,0,,,,,,"",""
ball,1,50.5,Somerset,C Overton,Abdur Rehman,OJ Hannon-Dalby,4,0,,,,,,"",""
ball,1,50.6,Somerset,C Overton,Abdur Rehman,OJ Hannon-Dalby,4,0,,,,,,"",""
ball,1,51.1,Somerset,Abdur Rehman,C Overton,R Clarke,0,0,,,,,,"",""
ball,1,51.2,Somerset,Abdur Rehman,C Overton,R Clarke,0,0,,,,,,"",""
ball,1,51.3,Somerset,Abdur Rehman,C Overton,R Clarke,1,0,,,,,,"",""
ball,1,51.4,Somerset,C Overton,Abdur Rehman,R Clarke,0,0,,,,,,"",""
ball,1,51.5,Somerset,C Overton,Abdur Rehman,R Clarke,0,0,,,,,,"",""
ball,1,51.6,Somerset,C Overton,Abdur Rehman,R Clarke,0,0,,,,,,"",""
ball,1,52.1,Somerset,Abdur Rehman,C Overton,KHD Barker,0,0,,,,,,"",""
ball,1,52.2,Somerset,Abdur Rehman,C Overton,KHD Barker,0,0,,,,,,"",""
ball,1,52.3,Somerset,Abdur Rehman,C Overton,KHD Barker,0,0,,,,,,"",""
ball,1,52.4,Somerset,Abdur Rehman,C Overton,KHD Barker,0,0,,,,,,"",""
ball,1,52.5,Somerset,Abdur Rehman,C Overton,KHD Barker,0,0,,,,,,"",""
ball,1,52.6,Somerset,Abdur Rehman,C Overton,KHD Barker,0,0,,,,,,"",""
ball,1,53.1,Somerset,C Overton,Abdur Rehman,JS Patel,0,0,,,,,,"",""
ball,1,53.2,Somerset,C Overton,Abdur Rehman,JS Patel,1,0,,,,,,"",""
ball,1,53.3,Somerset,Abdur Rehman,C Overton,JS Patel,0,0,,,,,,"",""
ball,1,53.4,Somerset,Abdur Rehman,C Overton,JS Patel,0,0,,,,,,"",""
ball,1,53.5,Somerset,Abdur Rehman,C Overton,JS Patel,0,0,,,,,,"",""
ball,1,53.6,Somerset,Abdur Rehman,C Overton,JS Patel,0,0,,,,,,caught,Abdur Rehman
ball,1,54.1,Somerset,C Overton,AC Thomas,KHD Barker,0,0,,,,,,"",""
ball,1,54.2,Somerset,C Overton,AC Thomas,KHD Barker,0,0,,,,,,"",""
ball,1,54.3,Somerset,C Overton,AC Thomas,KHD Barker,1,0,,,,,,"",""
ball,1,54.4,Somerset,AC Thomas,C Overton,KHD Barker,0,0,,,,,,"",""
ball,1,54.5,Somerset,AC Thomas,C Overton,KHD Barker,0,0,,,,,,"",""
ball,1,54.6,Somerset,AC Thomas,C Overton,KHD Barker,0,0,,,,,,"",""
ball,1,55.1,Somerset,C Overton,AC Thomas,JS Patel,0,0,,,,,,"",""
ball,1,55.2,Somerset,C Overton,AC Thomas,JS Patel,1,0,,,,,,"",""
ball,1,55.3,Somerset,AC Thomas,C Overton,JS Patel,1,0,,,,,,"",""
ball,1,55.4,Somerset,C Overton,AC Thomas,JS Patel,0,0,,,,,,"",""
ball,1,55.5,Somerset,C Overton,AC Thomas,JS Patel,0,0,,,,,,"",""
ball,1,55.6,Somerset,C Overton,AC Thomas,JS Patel,4,0,,,,,,"",""
ball,1,56.1,Somerset,AC Thomas,C Overton,KHD Barker,0,0,,,,,,"",""
ball,1,56.2,Somerset,AC Thomas,C Overton,KHD Barker,4,0,,,,,,"",""
ball,1,56.3,Somerset,AC Thomas,C Overton,KHD Barker,0,0,,,,,,"",""
ball,1,56.4,Somerset,AC Thomas,C Overton,KHD Barker,0,0,,,,,,"",""
ball,1,56.5,Somerset,AC Thomas,C Overton,KHD Barker,0,0,,,,,,"",""
ball,1,56.6,Somerset,AC Thomas,C Overton,KHD Barker,0,0,,,,,,"",""
ball,1,57.1,Somerset,C Overton,AC Thomas,JS Patel,1,0,,,,,,"",""
ball,1,57.2,Somerset,AC Thomas,C Overton,JS Patel,0,0,,,,,,"",""
ball,1,57.3,Somerset,AC Thomas,C Overton,JS Patel,0,0,,,,,,"",""
ball,1,57.4,Somerset,AC Thomas,C Overton,JS Patel,0,0,,,,,,"",""
ball,1,57.5,Somerset,AC Thomas,C Overton,JS Patel,0,0,,,,,,"",""
ball,1,57.6,Somerset,AC Thomas,C Overton,JS Patel,0,0,,,,,,"",""
ball,1,58.1,Somerset,C Overton,AC Thomas,OJ Hannon-Dalby,0,0,,,,,,"",""
ball,1,58.2,Somerset,C Overton,AC Thomas,OJ Hannon-Dalby,1,0,,,,,,"",""
ball,1,58.3,Somerset,AC Thomas,C Overton,OJ Hannon-Dalby,0,0,,,,,,"",""
ball,1,58.4,Somerset,AC Thomas,C Overton,OJ Hannon-Dalby,0,0,,,,,,"",""
ball,1,58.5,Somerset,AC Thomas,C Overton,OJ Hannon-Dalby,1,0,,,,,,"",""
ball,1,58.6,Somerset,C Overton,AC Thomas,OJ Hannon-Dalby,1,0,,,,,,"",""
ball,1,59.1,Somerset,C Overton,AC Thomas,JS Patel,0,0,,,,,,"",""
ball,1,59.2,Somerset,C Overton,AC Thomas,JS Patel,0,0,,,,,,"",""
ball,1,59.3,Somerset,C Overton,AC Thomas,JS Patel,0,0,,,,,,"",""
ball,1,59.4,Somerset,C Overton,AC Thomas,JS Patel,0,0,,,,,,"",""
ball,1,59.5,Somerset,C Overton,AC Thomas,JS Patel,0,0,,,,,,caught,C Overton
ball,1,59.6,Somerset,TD Groenewald,AC Thomas,JS Patel,0,0,,,,,,"",""
ball,1,60.1,Somerset,AC Thomas,TD Groenewald,OJ Hannon-Dalby,0,0,,,,,,"",""
ball,1,60.2,Somerset,AC Thomas,TD Groenewald,OJ Hannon-Dalby,0,0,,,,,,"",""
ball,1,60.3,Somerset,AC Thomas,TD Groenewald,OJ Hannon-Dalby,0,0,,,,,,"",""
ball,1,60.4,Somerset,AC Thomas,TD Groenewald,OJ Hannon-Dalby,1,0,,,,,,"",""
ball,1,60.5,Somerset,TD Groenewald,AC Thomas,OJ Hannon-Dalby,0,0,,,,,,"",""
ball,1,60.6,Somerset,TD Groenewald,AC Thomas,OJ Hannon-Dalby,0,0,,,,,,"",""
ball,1,61.1,Somerset,AC Thomas,TD Groenewald,JS Patel,0,0,,,,,,"",""
ball,1,61.2,Somerset,AC Thomas,TD Groenewald,JS Patel,0,0,,,,,,"",""
ball,1,61.3,Somerset,AC Thomas,TD Groenewald,JS Patel,0,0,,,,,,"",""
ball,1,61.4,Somerset,AC Thomas,TD Groenewald,JS Patel,0,0,,,,,,"",""
ball,1,61.5,Somerset,AC Thomas,TD Groenewald,JS Patel,0,0,,,,,,"",""
ball,1,61.6,Somerset,AC Thomas,TD Groenewald,JS Patel,1,0,,,,,,"",""
ball,1,62.1,Somerset,AC Thomas,TD Groenewald,OJ Hannon-Dalby,0,0,,,,,,"",""
ball,1,62.2,Somerset,AC Thomas,TD Groenewald,OJ Hannon-Dalby,0,0,,,,,,"",""
ball,1,62.3,Somerset,AC Thomas,TD Groenewald,OJ Hannon-Dalby,0,0,,,,,,"",""
ball,1,62.4,Somerset,AC Thomas,TD Groenewald,OJ Hannon-Dalby,0,0,,,,,,"",""
ball,1,62.5,Somerset,AC Thomas,TD Groenewald,OJ Hannon-Dalby,0,0,,,,,,"",""
ball,1,62.6,Somerset,AC Thomas,TD Groenewald,OJ Hannon-Dalby,0,0,,,,,,"",""
ball,1,63.1,Somerset,TD Groenewald,AC Thomas,JS Patel,4,0,,,,,,"",""
ball,1,63.2,Somerset,TD Groenewald,AC Thomas,JS Patel,1,0,,,,,,"",""
ball,1,63.3,Somerset,AC Thomas,TD Groenewald,JS Patel,0,0,,,,,,"",""
ball,1,63.4,Somerset,AC Thomas,TD Groenewald,JS Patel,0,0,,,,,,"",""
ball,1,63.5,Somerset,AC Thomas,TD Groenewald,JS Patel,0,0,,,,,,"",""
ball,1,63.6,Somerset,AC Thomas,TD Groenewald,JS Patel,0,0,,,,,,"",""
ball,1,64.1,Somerset,TD Groenewald,AC Thomas,CR Woakes,0,0,,,,,,"",""
ball,1,64.2,Somerset,TD Groenewald,AC Thomas,CR Woakes,1,0,,,,,,"",""
ball,1,64.3,Somerset,AC Thomas,TD Groenewald,CR Woakes,0,0,,,,,,"",""
ball,1,64.4,Somerset,AC Thomas,TD Groenewald,CR Woakes,3,0,,,,,,"",""
ball,1,64.5,Somerset,TD Groenewald,AC Thomas,CR Woakes,0,0,,,,,,"",""
ball,1,64.6,Somerset,TD Groenewald,AC Thomas,CR Woakes,0,0,,,,,,"",""
ball,1,65.1,Somerset,AC Thomas,TD Groenewald,JS Patel,0,0,,,,,,"",""
ball,1,65.2,Somerset,AC Thomas,TD Groenewald,JS Patel,2,0,,,,,,"",""
ball,1,65.3,Somerset,AC Thomas,TD Groenewald,JS Patel,0,0,,,,,,"",""
ball,1,65.4,Somerset,AC Thomas,TD Groenewald,JS Patel,4,0,,,,,,"",""
ball,1,65.5,Somerset,AC Thomas,TD Groenewald,JS Patel,1,0,,,,,,"",""
ball,1,65.6,Somerset,TD Groenewald,AC Thomas,JS Patel,0,0,,,,,,"",""
ball,1,66.1,Somerset,AC Thomas,TD Groenewald,OJ Hannon-Dalby,1,0,,,,,,"",""
ball,1,66.2,Somerset,TD Groenewald,AC Thomas,OJ Hannon-Dalby,0,0,,,,,,"",""
ball,1,66.3,Somerset,TD Groenewald,AC Thomas,OJ Hannon-Dalby,0,0,,,,,,"",""
ball,1,66.4,Somerset,TD Groenewald,AC Thomas,OJ Hannon-Dalby,0,0,,,,,,"",""
ball,1,66.5,Somerset,TD Groenewald,AC Thomas,OJ Hannon-Dalby,0,2,,2,,,,"",""
ball,1,66.6,Somerset,TD Groenewald,AC Thomas,OJ Hannon-Dalby,0,0,,,,,,"",""
ball,1,66.7,Somerset,TD Groenewald,AC Thomas,OJ Hannon-Dalby,0,0,,,,,,"",""
ball,1,67.1,Somerset,AC Thomas,TD Groenewald,CR Woakes,0,0,,,,,,"",""
ball,1,67.2,Somerset,AC Thomas,TD Groenewald,CR Woakes,0,0,,,,,,"",""
ball,1,67.3,Somerset,AC Thomas,TD Groenewald,CR Woakes,1,0,,,,,,"",""
ball,1,67.4,Somerset,TD Groenewald,AC Thomas,CR Woakes,1,0,,,,,,"",""
ball,1,67.5,Somerset,AC Thomas,TD Groenewald,CR Woakes,0,0,,,,,,"",""
ball,1,67.6,Somerset,AC Thomas,TD Groenewald,CR Woakes,0,0,,,,,,"",""
ball,1,68.1,Somerset,TD Groenewald,AC Thomas,OJ Hannon-Dalby,0,0,,,,,,"",""
ball,1,68.2,Somerset,TD Groenewald,AC Thomas,OJ Hannon-Dalby,0,0,,,,,,"",""
ball,1,68.3,Somerset,TD Groenewald,AC Thomas,OJ Hannon-Dalby,0,0,,,,,,"",""
ball,1,68.4,Somerset,TD Groenewald,AC Thomas,OJ Hannon-Dalby,0,0,,,,,,"",""
ball,1,68.5,Somerset,TD Groenewald,AC Thomas,OJ Hannon-Dalby,0,0,,,,,,"",""
ball,1,68.6,Somerset,TD Groenewald,AC Thomas,OJ Hannon-Dalby,0,0,,,,,,"",""
ball,1,69.1,Somerset,AC Thomas,TD Groenewald,CR Woakes,0,0,,,,,,"",""
ball,1,69.2,Somerset,AC Thomas,TD Groenewald,CR Woakes,0,0,,,,,,"",""
ball,1,69.3,Somerset,AC Thomas,TD Groenewald,CR Woakes,0,0,,,,,,"",""
ball,1,69.4,Somerset,AC Thomas,TD Groenewald,CR Woakes,1,0,,,,,,"",""
ball,1,69.5,Somerset,TD Groenewald,AC Thomas,CR Woakes,0,0,,,,,,"",""
ball,1,69.6,Somerset,TD Groenewald,AC Thomas,CR Woakes,0,0,,,,,,"",""
ball,1,70.1,Somerset,AC Thomas,TD Groenewald,OJ Hannon-Dalby,0,0,,,,,,"",""
ball,1,70.2,Somerset,AC Thomas,TD Groenewald,OJ Hannon-Dalby,0,0,,,,,,"",""
ball,1,70.3,Somerset,AC Thomas,TD Groenewald,OJ Hannon-Dalby,0,0,,,,,,"",""
ball,1,70.4,Somerset,AC Thomas,TD Groenewald,OJ Hannon-Dalby,1,0,,,,,,"",""
ball,1,70.5,Somerset,TD Groenewald,AC Thomas,OJ Hannon-Dalby,6,0,,,,,,"",""
ball,1,70.6,Somerset,TD Groenewald,AC Thomas,OJ Hannon-Dalby,0,0,,,,,,"",""
ball,1,71.1,Somerset,AC Thomas,TD Groenewald,CR Woakes,0,0,,,,,,"",""
ball,1,71.2,Somerset,AC Thomas,TD Groenewald,CR Woakes,1,0,,,,,,"",""
ball,1,71.3,Somerset,TD Groenewald,AC Thomas,CR Woakes,0,0,,,,,,"",""
ball,1,71.4,Somerset,TD Groenewald,AC Thomas,CR Woakes,2,0,,,,,,"",""
ball,1,71.5,Somerset,TD Groenewald,AC Thomas,CR Woakes,1,0,,,,,,"",""
ball,1,71.6,Somerset,AC Thomas,TD Groenewald,CR Woakes,0,0,,,,,,"",""
ball,1,72.1,Somerset,TD Groenewald,AC Thomas,OJ Hannon-Dalby,1,0,,,,,,"",""
ball,1,72.2,Somerset,AC Thomas,TD Groenewald,OJ Hannon-Dalby,0,0,,,,,,"",""
ball,1,72.3,Somerset,AC Thomas,TD Groenewald,OJ Hannon-Dalby,1,0,,,,,,"",""
ball,1,72.4,Somerset,TD Groenewald,AC Thomas,OJ Hannon-Dalby,0,0,,,,,,"",""
ball,1,72.5,Somerset,TD Groenewald,AC Thomas,OJ Hannon-Dalby,0,0,,,,,,"",""
ball,1,72.6,Somerset,TD Groenewald,AC Thomas,OJ Hannon-Dalby,1,0,,,,,,"",""
ball,1,73.1,Somerset,TD Groenewald,AC Thomas,JS Patel,0,0,,,,,,"",""
ball,1,73.2,Somerset,TD Groenewald,AC Thomas,JS Patel,0,0,,,,,,"",""
ball,1,73.3,Somerset,TD Groenewald,AC Thomas,JS Patel,0,0,,,,,,"",""
ball,1,73.4,Somerset,TD Groenewald,AC Thomas,JS Patel,1,0,,,,,,"",""
ball,1,73.5,Somerset,AC Thomas,TD Groenewald,JS Patel,0,0,,,,,,"",""
ball,1,73.6,Somerset,AC Thomas,TD Groenewald,JS Patel,1,0,,,,,,"",""
ball,1,74.1,Somerset,AC Thomas,TD Groenewald,OJ Hannon-Dalby,0,0,,,,,,"",""
ball,1,74.2,Somerset,AC Thomas,TD Groenewald,OJ Hannon-Dalby,0,0,,,,,,"",""
ball,1,74.3,Somerset,AC Thomas,TD Groenewald,OJ Hannon-Dalby,0,0,,,,,,"",""
ball,1,74.4,Somerset,AC Thomas,TD Groenewald,OJ Hannon-Dalby,1,0,,,,,,"",""
ball,1,74.5,Somerset,TD Groenewald,AC Thomas,OJ Hannon-Dalby,0,0,,,,,,"",""
ball,1,74.6,Somerset,TD Groenewald,AC Thomas,OJ Hannon-Dalby,1,0,,,,,,"",""
ball,1,75.1,Somerset,TD Groenewald,AC Thomas,JS Patel,0,0,,,,,,"",""
ball,1,75.2,Somerset,TD Groenewald,AC Thomas,JS Patel,0,0,,,,,,"",""
ball,1,75.3,Somerset,TD Groenewald,AC Thomas,JS Patel,0,0,,,,,,"",""
ball,1,75.4,Somerset,TD Groenewald,AC Thomas,JS Patel,0,0,,,,,,"",""
ball,1,75.5,Somerset,TD Groenewald,AC Thomas,JS Patel,0,0,,,,,,"",""
ball,1,75.6,Somerset,TD Groenewald,AC Thomas,JS Patel,4,0,,,,,,"",""
ball,1,76.1,Somerset,AC Thomas,TD Groenewald,OJ Hannon-Dalby,0,0,,,,,,"",""
ball,1,76.2,Somerset,AC Thomas,TD Groenewald,OJ Hannon-Dalby,0,0,,,,,,"",""
ball,1,76.3,Somerset,AC Thomas,TD Groenewald,OJ Hannon-Dalby,0,0,,,,,,"",""
ball,1,76.4,Somerset,AC Thomas,TD Groenewald,OJ Hannon-Dalby,0,0,,,,,,"",""
ball,1,76.5,Somerset,AC Thomas,TD Groenewald,OJ Hannon-Dalby,0,0,,,,,,"",""
ball,1,76.6,Somerset,AC Thomas,TD Groenewald,OJ Hannon-Dalby,0,0,,,,,,"",""
ball,1,77.1,Somerset,TD Groenewald,AC Thomas,JS Patel,0,0,,,,,,"",""
ball,1,77.2,Somerset,TD Groenewald,AC Thomas,JS Patel,0,0,,,,,,"",""
ball,1,77.3,Somerset,TD Groenewald,AC Thomas,JS Patel,0,0,,,,,,"",""
ball,1,77.4,Somerset,TD Groenewald,AC Thomas,JS Patel,0,0,,,,,,"",""
ball,1,77.5,Somerset,TD Groenewald,AC Thomas,JS Patel,0,0,,,,,,"",""
ball,1,77.6,Somerset,TD Groenewald,AC Thomas,JS Patel,1,0,,,,,,"",""
ball,1,78.1,Somerset,TD Groenewald,AC Thomas,IJL Trott,0,0,,,,,,"",""
ball,1,78.2,Somerset,TD Groenewald,AC Thomas,IJL Trott,0,0,,,,,,"",""
ball,1,78.3,Somerset,TD Groenewald,AC Thomas,IJL Trott,1,0,,,,,,"",""
ball,1,78.4,Somerset,AC Thomas,TD Groenewald,IJL Trott,0,0,,,,,,"",""
ball,1,78.5,Somerset,AC Thomas,TD Groenewald,IJL Trott,1,0,,,,,,"",""
ball,1,78.6,Somerset,TD Groenewald,AC Thomas,IJL Trott,0,0,,,,,,"",""
ball,1,79.1,Somerset,AC Thomas,TD Groenewald,JS Patel,0,0,,,,,,"",""
ball,1,79.2,Somerset,AC Thomas,TD Groenewald,JS Patel,0,0,,,,,,"",""
ball,1,79.3,Somerset,AC Thomas,TD Groenewald,JS Patel,0,0,,,,,,"",""
ball,1,79.4,Somerset,AC Thomas,TD Groenewald,JS Patel,0,0,,,,,,"",""
ball,1,79.5,Somerset,AC Thomas,TD Groenewald,JS Patel,0,0,,,,,,"",""
ball,1,79.6,Somerset,AC Thomas,TD Groenewald,JS Patel,4,0,,,,,,"",""
ball,1,80.1,Somerset,TD Groenewald,AC Thomas,KHD Barker,0,0,,,,,,"",""
ball,1,80.2,Somerset,TD Groenewald,AC Thomas,KHD Barker,0,0,,,,,,"",""
ball,1,80.3,Somerset,TD Groenewald,AC Thomas,KHD Barker,2,0,,,,,,"",""
ball,1,80.4,Somerset,TD Groenewald,AC Thomas,KHD Barker,1,0,,,,,,"",""
ball,1,80.5,Somerset,AC Thomas,TD Groenewald,KHD Barker,0,0,,,,,,"",""
ball,1,80.6,Somerset,AC Thomas,TD Groenewald,KHD Barker,0,0,,,,,,"",""
ball,1,81.1,Somerset,TD Groenewald,AC Thomas,R Clarke,0,0,,,,,,"",""
ball,1,81.2,Somerset,TD Groenewald,AC Thomas,R Clarke,0,0,,,,,,"",""
ball,1,81.3,Somerset,TD Groenewald,AC Thomas,R Clarke,0,0,,,,,,"",""
ball,1,81.4,Somerset,TD Groenewald,AC Thomas,R Clarke,0,0,,,,,,"",""
ball,1,81.5,Somerset,TD Groenewald,AC Thomas,R Clarke,4,0,,,,,,"",""
ball,1,81.6,Somerset,TD Groenewald,AC Thomas,R Clarke,0,0,,,,,,"",""
ball,1,82.1,Somerset,AC Thomas,TD Groenewald,KHD Barker,0,0,,,,,,"",""
ball,1,82.2,Somerset,AC Thomas,TD Groenewald,KHD Barker,1,0,,,,,,"",""
ball,1,82.3,Somerset,TD Groenewald,AC Thomas,KHD Barker,0,2,,2,,,,"",""
ball,1,82.4,Somerset,TD Groenewald,AC Thomas,KHD Barker,0,0,,,,,,"",""
ball,1,82.5,Somerset,TD Groenewald,AC Thomas,KHD Barker,0,0,,,,,,"",""
ball,1,82.6,Somerset,TD Groenewald,AC Thomas,KHD Barker,0,0,,,,,,"",""
ball,1,82.7,Somerset,TD Groenewald,AC Thomas,KHD Barker,1,0,,,,,,"",""
ball,1,83.1,Somerset,TD Groenewald,AC Thomas,R Clarke,0,0,,,,,,caught,TD Groenewald
ball,2,0.1,Warwickshire,V Chopra,IJ Westwood,AC Thomas,0,0,,,,,,"",""
ball,2,0.2,Warwickshire,V Chopra,IJ Westwood,AC Thomas,0,0,,,,,,"",""
ball,2,0.3,Warwickshire,V Chopra,IJ Westwood,AC Thomas,0,0,,,,,,"",""
ball,2,0.4,Warwickshire,V Chopra,IJ Westwood,AC Thomas,0,0,,,,,,"",""
ball,2,0.5,Warwickshire,V Chopra,IJ Westwood,AC Thomas,0,2,,2,,,,"",""
ball,2,0.6,Warwickshire,V Chopra,IJ Westwood,AC Thomas,0,0,,,,,,"",""
ball,2,0.7,Warwickshire,V Chopra,IJ Westwood,AC Thomas,0,0,,,,,,"",""
ball,2,1.1,Warwickshire,IJ Westwood,V Chopra,TD Groenewald,0,0,,,,,,"",""
ball,2,1.2,Warwickshire,IJ Westwood,V Chopra,TD Groenewald,0,0,,,,,,"",""
ball,2,1.3,Warwickshire,IJ Westwood,V Chopra,TD Groenewald,0,0,,,,,,"",""
ball,2,1.4,Warwickshire,IJ Westwood,V Chopra,TD Groenewald,2,0,,,,,,"",""
ball,2,1.5,Warwickshire,IJ Westwood,V Chopra,TD Groenewald,0,0,,,,,,"",""
ball,2,1.6,Warwickshire,IJ Westwood,V Chopra,TD Groenewald,0,0,,,,,,"",""
ball,2,2.1,Warwickshire,V Chopra,IJ Westwood,AC Thomas,2,0,,,,,,"",""
ball,2,2.2,Warwickshire,V Chopra,IJ Westwood,AC Thomas,0,0,,,,,,"",""
ball,2,2.3,Warwickshire,V Chopra,IJ Westwood,AC Thomas,0,0,,,,,,"",""
ball,2,2.4,Warwickshire,V Chopra,IJ Westwood,AC Thomas,4,0,,,,,,"",""
ball,2,2.5,Warwickshire,V Chopra,IJ Westwood,AC Thomas,4,0,,,,,,"",""
ball,2,2.6,Warwickshire,V Chopra,IJ Westwood,AC Thomas,0,0,,,,,,"",""
ball,2,3.1,Warwickshire,IJ Westwood,V Chopra,TD Groenewald,0,0,,,,,,"",""
ball,2,3.2,Warwickshire,IJ Westwood,V Chopra,TD Groenewald,0,0,,,,,,"",""
ball,2,3.3,Warwickshire,IJ Westwood,V Chopra,TD Groenewald,0,0,,,,,,"",""
ball,2,3.4,Warwickshire,IJ Westwood,V Chopra,TD Groenewald,0,0,,,,,,"",""
ball,2,3.5,Warwickshire,IJ Westwood,V Chopra,TD Groenewald,1,0,,,,,,"",""
ball,2,3.6,Warwickshire,V Chopra,IJ Westwood,TD Groenewald,1,0,,,,,,"",""
ball,2,4.1,Warwickshire,V Chopra,IJ Westwood,AC Thomas,0,0,,,,,,"",""
ball,2,4.2,Warwickshire,V Chopra,IJ Westwood,AC Thomas,0,0,,,,,,"",""
ball,2,4.3,Warwickshire,V Chopra,IJ Westwood,AC Thomas,0,0,,,,,,"",""
ball,2,4.4,Warwickshire,V Chopra,IJ Westwood,AC Thomas,0,0,,,,,,"",""
ball,2,4.5,Warwickshire,V Chopra,IJ Westwood,AC Thomas,0,0,,,,,,"",""
ball,2,4.6,Warwickshire,V Chopra,IJ Westwood,AC Thomas,0,0,,,,,,"",""
ball,2,5.1,Warwickshire,IJ Westwood,V Chopra,TD Groenewald,0,0,,,,,,"",""
ball,2,5.2,Warwickshire,IJ Westwood,V Chopra,TD Groenewald,0,0,,,,,,"",""
ball,2,5.3,Warwickshire,IJ Westwood,V Chopra,TD Groenewald,1,0,,,,,,"",""
ball,2,5.4,Warwickshire,V Chopra,IJ Westwood,TD Groenewald,0,0,,,,,,"",""
ball,2,5.5,Warwickshire,V Chopra,IJ Westwood,TD Groenewald,0,0,,,,,,"",""
ball,2,5.6,Warwickshire,V Chopra,IJ Westwood,TD Groenewald,0,0,,,,,,"",""
ball,2,6.1,Warwickshire,IJ Westwood,V Chopra,AC Thomas,0,0,,,,,,"",""
ball,2,6.2,Warwickshire,IJ Westwood,V Chopra,AC Thomas,3,0,,,,,,"",""
ball,2,6.3,Warwickshire,V Chopra,IJ Westwood,AC Thomas,1,0,,,,,,"",""
ball,2,6.4,Warwickshire,IJ Westwood,V Chopra,AC Thomas,1,0,,,,,,"",""
ball,2,6.5,Warwickshire,V Chopra,IJ Westwood,AC Thomas,0,0,,,,,,"",""
ball,2,6.6,Warwickshire,V Chopra,IJ Westwood,AC Thomas,0,0,,,,,,"",""
ball,2,7.1,Warwickshire,IJ Westwood,V Chopra,TD Groenewald,0,0,,,,,,"",""
ball,2,7.2,Warwickshire,IJ Westwood,V Chopra,TD Groenewald,0,0,,,,,,"",""
ball,2,7.3,Warwickshire,IJ Westwood,V Chopra,TD Groenewald,0,0,,,,,,"",""
ball,2,7.4,Warwickshire,IJ Westwood,V Chopra,TD Groenewald,0,0,,,,,,"",""
ball,2,7.5,Warwickshire,IJ Westwood,V Chopra,TD Groenewald,0,0,,,,,,"",""
ball,2,7.6,Warwickshire,IJ Westwood,V Chopra,TD Groenewald,0,0,,,,,,"",""
ball,2,8.1,Warwickshire,V Chopra,IJ Westwood,Abdur Rehman,0,0,,,,,,"",""
ball,2,8.2,Warwickshire,V Chopra,IJ Westwood,Abdur Rehman,0,0,,,,,,"",""
ball,2,8.3,Warwickshire,V Chopra,IJ Westwood,Abdur Rehman,0,0,,,,,,"",""
ball,2,8.4,Warwickshire,V Chopra,IJ Westwood,Abdur Rehman,0,0,,,,,,"",""
ball,2,8.5,Warwickshire,V Chopra,IJ Westwood,Abdur Rehman,0,0,,,,,,"",""
ball,2,8.6,Warwickshire,V Chopra,IJ Westwood,Abdur Rehman,0,0,,,,,,"",""
ball,2,9.1,Warwickshire,IJ Westwood,V Chopra,TD Groenewald,0,0,,,,,,"",""
ball,2,9.2,Warwickshire,IJ Westwood,V Chopra,TD Groenewald,0,0,,,,,,"",""
ball,2,9.3,Warwickshire,IJ Westwood,V Chopra,TD Groenewald,0,0,,,,,,"",""
ball,2,9.4,Warwickshire,IJ Westwood,V Chopra,TD Groenewald,0,0,,,,,,"",""
ball,2,9.5,Warwickshire,IJ Westwood,V Chopra,TD Groenewald,0,0,,,,,,"",""
ball,2,9.6,Warwickshire,IJ Westwood,V Chopra,TD Groenewald,0,0,,,,,,"",""
ball,2,10.1,Warwickshire,V Chopra,IJ Westwood,AC Thomas,0,0,,,,,,"",""
ball,2,10.2,Warwickshire,V Chopra,IJ Westwood,AC Thomas,0,1,,,1,,,"",""
ball,2,10.3,Warwickshire,IJ Westwood,V Chopra,AC Thomas,0,0,,,,,,"",""
ball,2,10.4,Warwickshire,IJ Westwood,V Chopra,AC Thomas,1,0,,,,,,"",""
ball,2,10.5,Warwickshire,V Chopra,IJ Westwood,AC Thomas,0,1,,,,1,,"",""
ball,2,10.6,Warwickshire,IJ Westwood,V Chopra,AC Thomas,0,0,,,,,,"",""
ball,2,11.1,Warwickshire,V Chopra,IJ Westwood,TD Groenewald,0,0,,,,,,"",""
ball,2,11.2,Warwickshire,V Chopra,IJ Westwood,TD Groenewald,0,0,,,,,,"",""
ball,2,11.3,Warwickshire,V Chopra,IJ Westwood,TD Groenewald,2,0,,,,,,"",""
ball,2,11.4,Warwickshire,V Chopra,IJ Westwood,TD Groenewald,0,0,,,,,,"",""
ball,2,11.5,Warwickshire,V Chopra,IJ Westwood,TD Groenewald,4,0,,,,,,"",""
ball,2,11.6,Warwickshire,V Chopra,IJ Westwood,TD Groenewald,0,0,,,,,,"",""
ball,2,12.1,Warwickshire,IJ Westwood,V Chopra,AC Thomas,0,0,,,,,,"",""
ball,2,12.2,Warwickshire,IJ Westwood,V Chopra,AC Thomas,0,0,,,,,,"",""
ball,2,12.3,Warwickshire,IJ Westwood,V Chopra,AC Thomas,0,0,,,,,,"",""
ball,2,12.4,Warwickshire,IJ Westwood,V Chopra,AC Thomas,0,0,,,,,,"",""
ball,2,12.5,Warwickshire,IJ Westwood,V Chopra,AC Thomas,0,0,,,,,,"",""
ball,2,12.6,Warwickshire,IJ Westwood,V Chopra,AC Thomas,0,0,,,,,,"",""
ball,2,13.1,Warwickshire,V Chopra,IJ Westwood,TD Groenewald,0,0,,,,,,"",""
ball,2,13.2,Warwickshire,V Chopra,IJ Westwood,TD Groenewald,0,0,,,,,,"",""
ball,2,13.3,Warwickshire,V Chopra,IJ Westwood,TD Groenewald,1,0,,,,,,"",""
ball,2,13.4,Warwickshire,IJ Westwood,V Chopra,TD Groenewald,0,0,,,,,,"",""
ball,2,13.5,Warwickshire,IJ Westwood,V Chopra,TD Groenewald,1,0,,,,,,"",""
ball,2,13.6,Warwickshire,V Chopra,IJ Westwood,TD Groenewald,0,0,,,,,,"",""
ball,2,14.1,Warwickshire,IJ Westwood,V Chopra,AC Thomas,0,0,,,,,,"",""
ball,2,14.2,Warwickshire,IJ Westwood,V Chopra,AC Thomas,0,0,,,,,,"",""
ball,2,14.3,Warwickshire,IJ Westwood,V Chopra,AC Thomas,0,0,,,,,,"",""
ball,2,14.4,Warwickshire,IJ Westwood,V Chopra,AC Thomas,0,0,,,,,,"",""
ball,2,14.5,Warwickshire,IJ Westwood,V Chopra,AC Thomas,1,0,,,,,,"",""
ball,2,14.6,Warwickshire,V Chopra,IJ Westwood,AC Thomas,0,0,,,,,,"",""
ball,2,15.1,Warwickshire,IJ Westwood,V Chopra,TD Groenewald,0,1,,,,1,,"",""
ball,2,15.2,Warwickshire,V Chopra,IJ Westwood,TD Groenewald,0,0,,,,,,"",""
ball,2,15.3,Warwickshire,V Chopra,IJ Westwood,TD Groenewald,0,0,,,,,,"",""
ball,2,15.4,Warwickshire,V Chopra,IJ Westwood,TD Groenewald,0,0,,,,,,"",""
ball,2,15.5,Warwickshire,V Chopra,IJ Westwood,TD Groenewald,0,0,,,,,,"",""
ball,2,15.6,Warwickshire,V Chopra,IJ Westwood,TD Groenewald,0,0,,,,,,"",""
ball,2,16.1,Warwickshire,IJ Westwood,V Chopra,AC Thomas,0,0,,,,,,"",""
ball,2,16.2,Warwickshire,IJ Westwood,V Chopra,AC Thomas,0,0,,,,,,"",""
ball,2,16.3,Warwickshire,IJ Westwood,V Chopra,AC Thomas,2,0,,,,,,"",""
ball,2,16.4,Warwickshire,IJ Westwood,V Chopra,AC Thomas,0,0,,,,,,"",""
ball,2,16.5,Warwickshire,IJ Westwood,V Chopra,AC Thomas,0,0,,,,,,"",""
ball,2,16.6,Warwickshire,IJ Westwood,V Chopra,AC Thomas,0,0,,,,,,"",""
ball,2,17.1,Warwickshire,V Chopra,IJ Westwood,TD Groenewald,2,0,,,,,,"",""
ball,2,17.2,Warwickshire,V Chopra,IJ Westwood,TD Groenewald,0,0,,,,,,"",""
ball,2,17.3,Warwickshire,V Chopra,IJ Westwood,TD Groenewald,4,0,,,,,,"",""
ball,2,17.4,Warwickshire,V Chopra,IJ Westwood,TD Groenewald,0,0,,,,,,"",""
ball,2,17.5,Warwickshire,V Chopra,IJ Westwood,TD Groenewald,0,0,,,,,,"",""
ball,2,17.6,Warwickshire,V Chopra,IJ Westwood,TD Groenewald,0,0,,,,,,"",""
ball,2,18.1,Warwickshire,IJ Westwood,V Chopra,AC Thomas,0,0,,,,,,"",""
ball,2,18.2,Warwickshire,IJ Westwood,V Chopra,AC Thomas,0,0,,,,,,"",""
ball,2,18.3,Warwickshire,IJ Westwood,V Chopra,AC Thomas,0,0,,,,,,"",""
ball,2,18.4,Warwickshire,IJ Westwood,V Chopra,AC Thomas,3,0,,,,,,"",""
ball,2,18.5,Warwickshire,V Chopra,IJ Westwood,AC Thomas,2,0,,,,,,"",""
ball,2,18.6,Warwickshire,V Chopra,IJ Westwood,AC Thomas,0,0,,,,,,"",""
ball,2,19.1,Warwickshire,IJ Westwood,V Chopra,TD Groenewald,0,0,,,,,,"",""
ball,2,19.2,Warwickshire,IJ Westwood,V Chopra,TD Groenewald,0,0,,,,,,"",""
ball,2,19.3,Warwickshire,IJ Westwood,V Chopra,TD Groenewald,1,0,,,,,,"",""
ball,2,19.4,Warwickshire,V Chopra,IJ Westwood,TD Groenewald,0,0,,,,,,"",""
ball,2,19.5,Warwickshire,V Chopra,IJ Westwood,TD Groenewald,0,1,,,,1,,"",""
ball,2,19.6,Warwickshire,IJ Westwood,V Chopra,TD Groenewald,0,0,,,,,,"",""
ball,2,20.1,Warwickshire,V Chopra,IJ Westwood,C Overton,0,0,,,,,,"",""
ball,2,20.2,Warwickshire,V Chopra,IJ Westwood,C Overton,0,0,,,,,,"",""
ball,2,20.3,Warwickshire,V Chopra,IJ Westwood,C Overton,0,0,,,,,,"",""
ball,2,20.4,Warwickshire,V Chopra,IJ Westwood,C Overton,1,0,,,,,,"",""
ball,2,20.5,Warwickshire,IJ Westwood,V Chopra,C Overton,0,0,,,,,,"",""
ball,2,20.6,Warwickshire,IJ Westwood,V Chopra,C Overton,0,0,,,,,,"",""
ball,2,21.1,Warwickshire,V Chopra,IJ Westwood,TD Groenewald,0,0,,,,,,"",""
ball,2,21.2,Warwickshire,V Chopra,IJ Westwood,TD Groenewald,4,0,,,,,,"",""
ball,2,21.3,Warwickshire,V Chopra,IJ Westwood,TD Groenewald,0,0,,,,,,"",""
ball,2,21.4,Warwickshire,V Chopra,IJ Westwood,TD Groenewald,0,0,,,,,,"",""
ball,2,21.5,Warwickshire,V Chopra,IJ Westwood,TD Groenewald,1,0,,,,,,"",""
ball,2,21.6,Warwickshire,IJ Westwood,V Chopra,TD Groenewald,2,0,,,,,,"",""
ball,2,22.1,Warwickshire,V Chopra,IJ Westwood,C Overton,0,0,,,,,,"",""
ball,2,22.2,Warwickshire,V Chopra,IJ Westwood,C Overton,0,0,,,,,,"",""
ball,2,22.3,Warwickshire,V Chopra,IJ Westwood,C Overton,0,0,,,,,,"",""
ball,2,22.4,Warwickshire,V Chopra,IJ Westwood,C Overton,0,0,,,,,,"",""
ball,2,22.5,Warwickshire,V Chopra,IJ Westwood,C Overton,0,0,,,,,,"",""
ball,2,22.6,Warwickshire,V Chopra,IJ Westwood,C Overton,0,0,,,,,,"",""
ball,2,23.1,Warwickshire,IJ Westwood,V Chopra,TD Groenewald,0,0,,,,,,"",""
ball,2,23.2,Warwickshire,IJ Westwood,V Chopra,TD Groenewald,0,0,,,,,,"",""
ball,2,23.3,Warwickshire,IJ Westwood,V Chopra,TD Groenewald,0,0,,,,,,"",""
ball,2,23.4,Warwickshire,IJ Westwood,V Chopra,TD Groenewald,0,0,,,,,,"",""
ball,2,23.5,Warwickshire,IJ Westwood,V Chopra,TD Groenewald,0,0,,,,,,"",""
ball,2,23.6,Warwickshire,IJ Westwood,V Chopra,TD Groenewald,1,0,,,,,,"",""
ball,2,24.1,Warwickshire,IJ Westwood,V Chopra,C Overton,2,0,,,,,,"",""
ball,2,24.2,Warwickshire,IJ Westwood,V Chopra,C Overton,0,4,,,4,,,"",""
ball,2,24.3,Warwickshire,IJ Westwood,V Chopra,C Overton,1,0,,,,,,"",""
ball,2,24.4,Warwickshire,V Chopra,IJ Westwood,C Overton,0,0,,,,,,caught,V Chopra
ball,2,24.5,Warwickshire,LJ Evans,IJ Westwood,C Overton,0,0,,,,,,"",""
ball,2,24.6,Warwickshire,LJ Evans,IJ Westwood,C Overton,0,0,,,,,,"",""
ball,2,25.1,Warwickshire,IJ Westwood,LJ Evans,TD Groenewald,0,0,,,,,,"",""
ball,2,25.2,Warwickshire,IJ Westwood,LJ Evans,TD Groenewald,4,0,,,,,,"",""
ball,2,25.3,Warwickshire,IJ Westwood,LJ Evans,TD Groenewald,0,0,,,,,,"",""
ball,2,25.4,Warwickshire,IJ Westwood,LJ Evans,TD Groenewald,0,0,,,,,,"",""
ball,2,25.5,Warwickshire,IJ Westwood,LJ Evans,TD Groenewald,0,0,,,,,,"",""
ball,2,25.6,Warwickshire,IJ Westwood,LJ Evans,TD Groenewald,1,0,,,,,,"",""
ball,2,26.1,Warwickshire,IJ Westwood,LJ Evans,C Overton,0,0,,,,,,"",""
ball,2,26.2,Warwickshire,IJ Westwood,LJ Evans,C Overton,0,0,,,,,,"",""
ball,2,26.3,Warwickshire,IJ Westwood,LJ Evans,C Overton,0,0,,,,,,"",""
ball,2,26.4,Warwickshire,IJ Westwood,LJ Evans,C Overton,0,0,,,,,,"",""
ball,2,26.5,Warwickshire,IJ Westwood,LJ Evans,C Overton,1,0,,,,,,"",""
ball,2,26.6,Warwickshire,LJ Evans,IJ Westwood,C Overton,0,0,,,,,,"",""
ball,2,27.1,Warwickshire,IJ Westwood,LJ Evans,Abdur Rehman,0,0,,,,,,"",""
ball,2,27.2,Warwickshire,IJ Westwood,LJ Evans,Abdur Rehman,0,0,,,,,,"",""
ball,2,27.3,Warwickshire,IJ Westwood,LJ Evans,Abdur Rehman,0,0,,,,,,"",""
ball,2,27.4,Warwickshire,IJ Westwood,LJ Evans,Abdur Rehman,0,0,,,,,,"",""
ball,2,27.5,Warwickshire,IJ Westwood,LJ Evans,Abdur Rehman,0,0,,,,,,"",""
ball,2,27.6,Warwickshire,IJ Westwood,LJ Evans,Abdur Rehman,0,0,,,,,,"",""
ball,2,28.1,Warwickshire,LJ Evans,IJ Westwood,C Overton,4,0,,,,,,"",""
ball,2,28.2,Warwickshire,LJ Evans,IJ Westwood,C Overton,0,0,,,,,,"",""
ball,2,28.3,Warwickshire,LJ Evans,IJ Westwood,C Overton,1,0,,,,,,"",""
ball,2,28.4,Warwickshire,IJ Westwood,LJ Evans,C Overton,0,0,,,,,,"",""
ball,2,28.5,Warwickshire,IJ Westwood,LJ Evans,C Overton,0,0,,,,,,"",""
ball,2,28.6,Warwickshire,IJ Westwood,LJ Evans,C Overton,2,0,,,,,,"",""
ball,2,29.1,Warwickshire,LJ Evans,IJ Westwood,Abdur Rehman,0,0,,,,,,"",""
ball,2,29.2,Warwickshire,LJ Evans,IJ Westwood,Abdur Rehman,0,0,,,,,,"",""
ball,2,29.3,Warwickshire,LJ Evans,IJ Westwood,Abdur Rehman,0,0,,,,,,"",""
ball,2,29.4,Warwickshire,LJ Evans,IJ Westwood,Abdur Rehman,0,0,,,,,,"",""
ball,2,29.5,Warwickshire,LJ Evans,IJ Westwood,Abdur Rehman,0,0,,,,,,"",""
ball,2,29.6,Warwickshire,LJ Evans,IJ Westwood,Abdur Rehman,0,0,,,,,,"",""
ball,2,30.1,Warwickshire,IJ Westwood,LJ Evans,C Overton,1,0,,,,,,"",""
ball,2,30.2,Warwickshire,LJ Evans,IJ Westwood,C Overton,0,0,,,,,,"",""
ball,2,30.3,Warwickshire,LJ Evans,IJ Westwood,C Overton,0,0,,,,,,"",""
ball,2,30.4,Warwickshire,LJ Evans,IJ Westwood,C Overton,0,0,,,,,,"",""
ball,2,30.5,Warwickshire,LJ Evans,IJ Westwood,C Overton,0,0,,,,,,"",""
ball,2,30.6,Warwickshire,LJ Evans,IJ Westwood,C Overton,1,0,,,,,,"",""
ball,2,31.1,Warwickshire,LJ Evans,IJ Westwood,Abdur Rehman,0,0,,,,,,"",""
ball,2,31.2,Warwickshire,LJ Evans,IJ Westwood,Abdur Rehman,0,0,,,,,,"",""
ball,2,31.3,Warwickshire,LJ Evans,IJ Westwood,Abdur Rehman,0,0,,,,,,"",""
ball,2,31.4,Warwickshire,LJ Evans,IJ Westwood,Abdur Rehman,0,0,,,,,,"",""
ball,2,31.5,Warwickshire,LJ Evans,IJ Westwood,Abdur Rehman,0,0,,,,,,"",""
ball,2,31.6,Warwickshire,LJ Evans,IJ Westwood,Abdur Rehman,0,0,,,,,,"",""
ball,2,32.1,Warwickshire,IJ Westwood,LJ Evans,C Overton,1,0,,,,,,"",""
ball,2,32.2,Warwickshire,LJ Evans,IJ Westwood,C Overton,1,0,,,,,,"",""
ball,2,32.3,Warwickshire,IJ Westwood,LJ Evans,C Overton,0,0,,,,,,"",""
ball,2,32.4,Warwickshire,IJ Westwood,LJ Evans,C Overton,0,0,,,,,,"",""
ball,2,32.5,Warwickshire,IJ Westwood,LJ Evans,C Overton,0,0,,,,,,"",""
ball,2,32.6,Warwickshire,IJ Westwood,LJ Evans,C Overton,0,0,,,,,,"",""
ball,2,33.1,Warwickshire,LJ Evans,IJ Westwood,Abdur Rehman,0,0,,,,,,"",""
ball,2,33.2,Warwickshire,LJ Evans,IJ Westwood,Abdur Rehman,0,0,,,,,,"",""
ball,2,33.3,Warwickshire,LJ Evans,IJ Westwood,Abdur Rehman,0,0,,,,,,"",""
ball,2,33.4,Warwickshire,LJ Evans,IJ Westwood,Abdur Rehman,0,0,,,,,,"",""
ball,2,33.5,Warwickshire,LJ Evans,IJ Westwood,Abdur Rehman,0,0,,,,,,"",""
ball,2,33.6,Warwickshire,LJ Evans,IJ Westwood,Abdur Rehman,0,0,,,,,,"",""
ball,2,34.1,Warwickshire,IJ Westwood,LJ Evans,J Allenby,0,0,,,,,,"",""
ball,2,34.2,Warwickshire,IJ Westwood,LJ Evans,J Allenby,0,0,,,,,,"",""
ball,2,34.3,Warwickshire,IJ Westwood,LJ Evans,J Allenby,1,0,,,,,,"",""
ball,2,34.4,Warwickshire,LJ Evans,IJ Westwood,J Allenby,0,0,,,,,,"",""
ball,2,34.5,Warwickshire,LJ Evans,IJ Westwood,J Allenby,0,0,,,,,,"",""
ball,2,34.6,Warwickshire,LJ Evans,IJ Westwood,J Allenby,0,0,,,,,,lbw,LJ Evans
ball,2,35.1,Warwickshire,IJ Westwood,IJL Trott,Abdur Rehman,0,0,,,,,,"",""
ball,2,35.2,Warwickshire,IJ Westwood,IJL Trott,Abdur Rehman,0,0,,,,,,"",""
ball,2,35.3,Warwickshire,IJ Westwood,IJL Trott,Abdur Rehman,0,0,,,,,,"",""
ball,2,35.4,Warwickshire,IJ Westwood,IJL Trott,Abdur Rehman,0,0,,,,,,"",""
ball,2,35.5,Warwickshire,IJ Westwood,IJL Trott,Abdur Rehman,1,0,,,,,,"",""
ball,2,35.6,Warwickshire,IJL Trott,IJ Westwood,Abdur Rehman,4,0,,,,,,"",""
ball,2,36.1,Warwickshire,IJ Westwood,IJL Trott,J Allenby,0,0,,,,,,"",""
ball,2,36.2,Warwickshire,IJ Westwood,IJL Trott,J Allenby,0,0,,,,,,"",""
ball,2,36.3,Warwickshire,IJ Westwood,IJL Trott,J Allenby,0,0,,,,,,"",""
ball,2,36.4,Warwickshire,IJ Westwood,IJL Trott,J Allenby,0,0,,,,,,"",""
ball,2,36.5,Warwickshire,IJ Westwood,IJL Trott,J Allenby,1,0,,,,,,"",""
ball,2,36.6,Warwickshire,IJL Trott,IJ Westwood,J Allenby,2,0,,,,,,"",""
ball,2,37.1,Warwickshire,IJ Westwood,IJL Trott,Abdur Rehman,0,0,,,,,,"",""
ball,2,37.2,Warwickshire,IJ Westwood,IJL Trott,Abdur Rehman,0,0,,,,,,"",""
ball,2,37.3,Warwickshire,IJ Westwood,IJL Trott,Abdur Rehman,0,0,,,,,,"",""
ball,2,37.4,Warwickshire,IJ Westwood,IJL Trott,Abdur Rehman,0,0,,,,,,"",""
ball,2,37.5,Warwickshire,IJ Westwood,IJL Trott,Abdur Rehman,0,0,,,,,,"",""
ball,2,37.6,Warwickshire,IJ Westwood,IJL Trott,Abdur Rehman,0,0,,,,,,"",""
ball,2,38.1,Warwickshire,IJL Trott,IJ Westwood,J Allenby,0,0,,,,,,"",""
ball,2,38.2,Warwickshire,IJL Trott,IJ Westwood,J Allenby,0,0,,,,,,"",""
ball,2,38.3,Warwickshire,IJL Trott,IJ Westwood,J Allenby,0,0,,,,,,"",""
ball,2,38.4,Warwickshire,IJL Trott,IJ Westwood,J Allenby,1,0,,,,,,"",""
ball,2,38.5,Warwickshire,IJ Westwood,IJL Trott,J Allenby,0,0,,,,,,"",""
ball,2,38.6,Warwickshire,IJ Westwood,IJL Trott,J Allenby,0,0,,,,,,"",""
ball,2,39.1,Warwickshire,IJL Trott,IJ Westwood,Abdur Rehman,0,0,,,,,,"",""
ball,2,39.2,Warwickshire,IJL Trott,IJ Westwood,Abdur Rehman,0,0,,,,,,"",""
ball,2,39.3,Warwickshire,IJL Trott,IJ Westwood,Abdur Rehman,0,0,,,,,,"",""
ball,2,39.4,Warwickshire,IJL Trott,IJ Westwood,Abdur Rehman,4,0,,,,,,"",""
ball,2,39.5,Warwickshire,IJL Trott,IJ Westwood,Abdur Rehman,0,0,,,,,,"",""
ball,2,39.6,Warwickshire,IJL Trott,IJ Westwood,Abdur Rehman,0,0,,,,,,"",""
ball,2,40.1,Warwickshire,IJ Westwood,IJL Trott,J Allenby,3,0,,,,,,"",""
ball,2,40.2,Warwickshire,IJL Trott,IJ Westwood,J Allenby,0,0,,,,,,"",""
ball,2,40.3,Warwickshire,IJL Trott,IJ Westwood,J Allenby,0,0,,,,,,"",""
ball,2,40.4,Warwickshire,IJL Trott,IJ Westwood,J Allenby,1,0,,,,,,"",""
ball,2,40.5,Warwickshire,IJ Westwood,IJL Trott,J Allenby,0,0,,,,,,"",""
ball,2,40.6,Warwickshire,IJ Westwood,IJL Trott,J Allenby,1,0,,,,,,"",""
ball,2,41.1,Warwickshire,IJ Westwood,IJL Trott,Abdur Rehman,0,0,,,,,,"",""
ball,2,41.2,Warwickshire,IJ Westwood,IJL Trott,Abdur Rehman,0,0,,,,,,"",""
ball,2,41.3,Warwickshire,IJ Westwood,IJL Trott,Abdur Rehman,0,0,,,,,,"",""
ball,2,41.4,Warwickshire,IJ Westwood,IJL Trott,Abdur Rehman,0,0,,,,,,"",""
ball,2,41.5,Warwickshire,IJ Westwood,IJL Trott,Abdur Rehman,0,0,,,,,,"",""
ball,2,41.6,Warwickshire,IJ Westwood,IJL Trott,Abdur Rehman,4,0,,,,,,"",""
ball,2,42.1,Warwickshire,IJL Trott,IJ Westwood,J Allenby,0,0,,,,,,"",""
ball,2,42.2,Warwickshire,IJL Trott,IJ Westwood,J Allenby,1,0,,,,,,"",""
ball,2,42.3,Warwickshire,IJ Westwood,IJL Trott,J Allenby,0,0,,,,,,"",""
ball,2,42.4,Warwickshire,IJ Westwood,IJL Trott,J Allenby,0,0,,,,,,"",""
ball,2,42.5,Warwickshire,IJ Westwood,IJL Trott,J Allenby,0,0,,,,,,"",""
ball,2,42.6,Warwickshire,IJ Westwood,IJL Trott,J Allenby,0,0,,,,,,"",""
ball,2,43.1,Warwickshire,IJL Trott,IJ Westwood,Abdur Rehman,4,0,,,,,,"",""
ball,2,43.2,Warwickshire,IJL Trott,IJ Westwood,Abdur Rehman,0,0,,,,,,"",""
ball,2,43.3,Warwickshire,IJL Trott,IJ Westwood,Abdur Rehman,4,0,,,,,,"",""
ball,2,43.4,Warwickshire,IJL Trott,IJ Westwood,Abdur Rehman,1,0,,,,,,"",""
ball,2,43.5,Warwickshire,IJ Westwood,IJL Trott,Abdur Rehman,0,0,,,,,,"",""
ball,2,43.6,Warwickshire,IJ Westwood,IJL Trott,Abdur Rehman,1,0,,,,,,"",""
ball,2,44.1,Warwickshire,IJ Westwood,IJL Trott,TD Groenewald,1,0,,,,,,"",""
ball,2,44.2,Warwickshire,IJL Trott,IJ Westwood,TD Groenewald,2,0,,,,,,"",""
ball,2,44.3,Warwickshire,IJL Trott,IJ Westwood,TD Groenewald,0,0,,,,,,"",""
ball,2,44.4,Warwickshire,IJL Trott,IJ Westwood,TD Groenewald,0,0,,,,,,"",""
ball,2,44.5,Warwickshire,IJL Trott,IJ Westwood,TD Groenewald,0,0,,,,,,"",""
ball,2,44.6,Warwickshire,IJL Trott,IJ Westwood,TD Groenewald,1,0,,,,,,"",""
ball,2,45.1,Warwickshire,IJL Trott,IJ Westwood,Abdur Rehman,0,0,,,,,,"",""
ball,2,45.2,Warwickshire,IJL Trott,IJ Westwood,Abdur Rehman,0,0,,,,,,"",""
ball,2,45.3,Warwickshire,IJL Trott,IJ Westwood,Abdur Rehman,0,0,,,,,,"",""
ball,2,45.4,Warwickshire,IJL Trott,IJ Westwood,Abdur Rehman,0,0,,,,,,"",""
ball,2,45.5,Warwickshire,IJL Trott,IJ Westwood,Abdur Rehman,1,0,,,,,,"",""
ball,2,45.6,Warwickshire,IJ Westwood,IJL Trott,Abdur Rehman,2,0,,,,,,"",""
ball,2,46.1,Warwickshire,IJL Trott,IJ Westwood,TD Groenewald,0,0,,,,,,"",""
ball,2,46.2,Warwickshire,IJL Trott,IJ Westwood,TD Groenewald,0,0,,,,,,"",""
ball,2,46.3,Warwickshire,IJL Trott,IJ Westwood,TD Groenewald,1,0,,,,,,"",""
ball,2,46.4,Warwickshire,IJ Westwood,IJL Trott,TD Groenewald,0,0,,,,,,"",""
ball,2,46.5,Warwickshire,IJ Westwood,IJL Trott,TD Groenewald,1,0,,,,,,"",""
ball,2,46.6,Warwickshire,IJL Trott,IJ Westwood,TD Groenewald,0,0,,,,,,"",""
ball,2,47.1,Warwickshire,IJ Westwood,IJL Trott,Abdur Rehman,0,0,,,,,,"",""
ball,2,47.2,Warwickshire,IJ Westwood,IJL Trott,Abdur Rehman,0,0,,,,,,"",""
ball,2,47.3,Warwickshire,IJ Westwood,IJL Trott,Abdur Rehman,0,0,,,,,,"",""
ball,2,47.4,Warwickshire,IJ Westwood,IJL Trott,Abdur Rehman,0,0,,,,,,"",""
ball,2,47.5,Warwickshire,IJ Westwood,IJL Trott,Abdur Rehman,0,0,,,,,,"",""
ball,2,47.6,Warwickshire,IJ Westwood,IJL Trott,Abdur Rehman,0,0,,,,,,"",""
ball,2,48.1,Warwickshire,IJL Trott,IJ Westwood,TD Groenewald,2,0,,,,,,"",""
ball,2,48.2,Warwickshire,IJL Trott,IJ Westwood,TD Groenewald,0,0,,,,,,"",""
ball,2,48.3,Warwickshire,IJL Trott,IJ Westwood,TD Groenewald,4,0,,,,,,"",""
ball,2,48.4,Warwickshire,IJL Trott,IJ Westwood,TD Groenewald,0,0,,,,,,"",""
ball,2,48.5,Warwickshire,IJL Trott,IJ Westwood,TD Groenewald,0,0,,,,,,"",""
ball,2,48.6,Warwickshire,IJL Trott,IJ Westwood,TD Groenewald,0,0,,,,,,"",""
ball,2,49.1,Warwickshire,IJ Westwood,IJL Trott,Abdur Rehman,0,0,,,,,,"",""
ball,2,49.2,Warwickshire,IJ Westwood,IJL Trott,Abdur Rehman,0,0,,,,,,"",""
ball,2,49.3,Warwickshire,IJ Westwood,IJL Trott,Abdur Rehman,0,0,,,,,,"",""
ball,2,49.4,Warwickshire,IJ Westwood,IJL Trott,Abdur Rehman,0,0,,,,,,"",""
ball,2,49.5,Warwickshire,IJ Westwood,IJL Trott,Abdur Rehman,0,0,,,,,,"",""
ball,2,49.6,Warwickshire,IJ Westwood,IJL Trott,Abdur Rehman,1,0,,,,,,"",""
ball,2,50.1,Warwickshire,IJ Westwood,IJL Trott,TD Groenewald,0,0,,,,,,"",""
ball,2,50.2,Warwickshire,IJ Westwood,IJL Trott,TD Groenewald,0,0,,,,,,"",""
ball,2,50.3,Warwickshire,IJ Westwood,IJL Trott,TD Groenewald,3,0,,,,,,"",""
ball,2,50.4,Warwickshire,IJL Trott,IJ Westwood,TD Groenewald,0,0,,,,,,"",""
ball,2,50.5,Warwickshire,IJL Trott,IJ Westwood,TD Groenewald,0,0,,,,,,"",""
ball,2,50.6,Warwickshire,IJL Trott,IJ Westwood,TD Groenewald,0,0,,,,,,"",""
ball,2,51.1,Warwickshire,IJ Westwood,IJL Trott,Abdur Rehman,0,0,,,,,,"",""
ball,2,51.2,Warwickshire,IJ Westwood,IJL Trott,Abdur Rehman,0,0,,,,,,"",""
ball,2,51.3,Warwickshire,IJ Westwood,IJL Trott,Abdur Rehman,0,0,,,,,,"",""
ball,2,51.4,Warwickshire,IJ Westwood,IJL Trott,Abdur Rehman,0,0,,,,,,"",""
ball,2,51.5,Warwickshire,IJ Westwood,IJL Trott,Abdur Rehman,0,0,,,,,,"",""
ball,2,51.6,Warwickshire,IJ Westwood,IJL Trott,Abdur Rehman,0,0,,,,,,"",""
ball,2,52.1,Warwickshire,IJL Trott,IJ Westwood,AC Thomas,1,0,,,,,,"",""
ball,2,52.2,Warwickshire,IJ Westwood,IJL Trott,AC Thomas,0,0,,,,,,"",""
ball,2,52.3,Warwickshire,IJ Westwood,IJL Trott,AC Thomas,0,0,,,,,,"",""
ball,2,52.4,Warwickshire,IJ Westwood,IJL Trott,AC Thomas,1,0,,,,,,"",""
ball,2,52.5,Warwickshire,IJL Trott,IJ Westwood,AC Thomas,4,0,,,,,,"",""
ball,2,52.6,Warwickshire,IJL Trott,IJ Westwood,AC Thomas,3,0,,,,,,"",""
ball,2,53.1,Warwickshire,IJL Trott,IJ Westwood,Abdur Rehman,0,0,,,,,,"",""
ball,2,53.2,Warwickshire,IJL Trott,IJ Westwood,Abdur Rehman,0,0,,,,,,"",""
ball,2,53.3,Warwickshire,IJL Trott,IJ Westwood,Abdur Rehman,0,0,,,,,,"",""
ball,2,53.4,Warwickshire,IJL Trott,IJ Westwood,Abdur Rehman,0,0,,,,,,"",""
ball,2,53.5,Warwickshire,IJL Trott,IJ Westwood,Abdur Rehman,0,0,,,,,,"",""
ball,2,53.6,Warwickshire,IJL Trott,IJ Westwood,Abdur Rehman,2,0,,,,,,"",""
ball,2,54.1,Warwickshire,IJ Westwood,IJL Trott,AC Thomas,1,0,,,,,,"",""
ball,2,54.2,Warwickshire,IJL Trott,IJ Westwood,AC Thomas,1,0,,,,,,"",""
ball,2,54.3,Warwickshire,IJ Westwood,IJL Trott,AC Thomas,0,0,,,,,,"",""
ball,2,54.4,Warwickshire,IJ Westwood,IJL Trott,AC Thomas,0,0,,,,,,"",""
ball,2,54.5,Warwickshire,IJ Westwood,IJL Trott,AC Thomas,1,0,,,,,,"",""
ball,2,54.6,Warwickshire,IJL Trott,IJ Westwood,AC Thomas,0,0,,,,,,"",""
ball,2,55.1,Warwickshire,IJ Westwood,IJL Trott,TD Groenewald,2,0,,,,,,"",""
ball,2,55.2,Warwickshire,IJ Westwood,IJL Trott,TD Groenewald,0,0,,,,,,"",""
ball,2,55.3,Warwickshire,IJ Westwood,IJL Trott,TD Groenewald,4,0,,,,,,"",""
ball,2,55.4,Warwickshire,IJ Westwood,IJL Trott,TD Groenewald,0,0,,,,,,"",""
ball,2,55.5,Warwickshire,IJ Westwood,IJL Trott,TD Groenewald,0,0,,,,,,"",""
ball,2,55.6,Warwickshire,IJ Westwood,IJL Trott,TD Groenewald,4,0,,,,,,"",""
ball,2,56.1,Warwickshire,IJL Trott,IJ Westwood,AC Thomas,0,0,,,,,,"",""
ball,2,56.2,Warwickshire,IJL Trott,IJ Westwood,AC Thomas,0,0,,,,,,"",""
ball,2,56.3,Warwickshire,IJL Trott,IJ Westwood,AC Thomas,1,0,,,,,,"",""
ball,2,56.4,Warwickshire,IJ Westwood,IJL Trott,AC Thomas,0,0,,,,,,"",""
ball,2,56.5,Warwickshire,IJ Westwood,IJL Trott,AC Thomas,0,0,,,,,,"",""
ball,2,56.6,Warwickshire,IJ Westwood,IJL Trott,AC Thomas,0,0,,,,,,bowled,IJ Westwood
ball,2,57.1,Warwickshire,IJL Trott,SR Hain,TD Groenewald,0,0,,,,,,"",""
ball,2,57.2,Warwickshire,IJL Trott,SR Hain,TD Groenewald,4,0,,,,,,"",""
ball,2,57.3,Warwickshire,IJL Trott,SR Hain,TD Groenewald,1,0,,,,,,"",""
ball,2,57.4,Warwickshire,SR Hain,IJL Trott,TD Groenewald,0,0,,,,,,"",""
ball,2,57.5,Warwickshire,SR Hain,IJL Trott,TD Groenewald,0,0,,,,,,"",""
ball,2,57.6,Warwickshire,SR Hain,IJL Trott,TD Groenewald,0,0,,,,,,"",""
ball,2,58.1,Warwickshire,IJL Trott,SR Hain,AC Thomas,0,0,,,,,,"",""
ball,2,58.2,Warwickshire,IJL Trott,SR Hain,AC Thomas,4,0,,,,,,"",""
ball,2,58.3,Warwickshire,IJL Trott,SR Hain,AC Thomas,0,0,,,,,,"",""
ball,2,58.4,Warwickshire,IJL Trott,SR Hain,AC Thomas,0,0,,,,,,"",""
ball,2,58.5,Warwickshire,IJL Trott,SR Hain,AC Thomas,0,0,,,,,,"",""
ball,2,58.6,Warwickshire,IJL Trott,SR Hain,AC Thomas,0,0,,,,,,"",""
ball,2,59.1,Warwickshire,SR Hain,IJL Trott,TD Groenewald,0,0,,,,,,"",""
ball,2,59.2,Warwickshire,SR Hain,IJL Trott,TD Groenewald,0,0,,,,,,"",""
ball,2,59.3,Warwickshire,SR Hain,IJL Trott,TD Groenewald,0,0,,,,,,"",""
ball,2,59.4,Warwickshire,SR Hain,IJL Trott,TD Groenewald,0,0,,,,,,"",""
ball,2,59.5,Warwickshire,SR Hain,IJL Trott,TD Groenewald,0,0,,,,,,"",""
ball,2,59.6,Warwickshire,SR Hain,IJL Trott,TD Groenewald,0,0,,,,,,"",""
ball,2,60.1,Warwickshire,IJL Trott,SR Hain,Abdur Rehman,0,0,,,,,,"",""
ball,2,60.2,Warwickshire,IJL Trott,SR Hain,Abdur Rehman,0,0,,,,,,"",""
ball,2,60.3,Warwickshire,IJL Trott,SR Hain,Abdur Rehman,0,0,,,,,,"",""
ball,2,60.4,Warwickshire,IJL Trott,SR Hain,Abdur Rehman,0,0,,,,,,"",""
ball,2,60.5,Warwickshire,IJL Trott,SR Hain,Abdur Rehman,1,0,,,,,,"",""
ball,2,60.6,Warwickshire,SR Hain,IJL Trott,Abdur Rehman,1,0,,,,,,"",""
ball,2,61.1,Warwickshire,SR Hain,IJL Trott,C Overton,0,0,,,,,,"",""
ball,2,61.2,Warwickshire,SR Hain,IJL Trott,C Overton,0,0,,,,,,"",""
ball,2,61.3,Warwickshire,SR Hain,IJL Trott,C Overton,0,0,,,,,,"",""
ball,2,61.4,Warwickshire,SR Hain,IJL Trott,C Overton,0,0,,,,,,"",""
ball,2,61.5,Warwickshire,SR Hain,IJL Trott,C Overton,0,0,,,,,,"",""
ball,2,61.6,Warwickshire,SR Hain,IJL Trott,C Overton,2,0,,,,,,"",""
ball,2,62.1,Warwickshire,IJL Trott,SR Hain,Abdur Rehman,0,0,,,,,,"",""
ball,2,62.2,Warwickshire,IJL Trott,SR Hain,Abdur Rehman,0,0,,,,,,"",""
ball,2,62.3,Warwickshire,IJL Trott,SR Hain,Abdur Rehman,0,0,,,,,,"",""
ball,2,62.4,Warwickshire,IJL Trott,SR Hain,Abdur Rehman,0,0,,,,,,"",""
ball,2,62.5,Warwickshire,IJL Trott,SR Hain,Abdur Rehman,0,0,,,,,,"",""
ball,2,62.6,Warwickshire,IJL Trott,SR Hain,Abdur Rehman,4,0,,,,,,"",""
ball,2,63.1,Warwickshire,SR Hain,IJL Trott,C Overton,0,0,,,,,,"",""
ball,2,63.2,Warwickshire,SR Hain,IJL Trott,C Overton,4,0,,,,,,"",""
ball,2,63.3,Warwickshire,SR Hain,IJL Trott,C Overton,0,0,,,,,,"",""
ball,2,63.4,Warwickshire,SR Hain,IJL Trott,C Overton,0,0,,,,,,"",""
ball,2,63.5,Warwickshire,SR Hain,IJL Trott,C Overton,3,0,,,,,,"",""
ball,2,63.6,Warwickshire,IJL Trott,SR Hain,C Overton,0,0,,,,,,"",""
ball,2,64.1,Warwickshire,SR Hain,IJL Trott,Abdur Rehman,0,0,,,,,,"",""
ball,2,64.2,Warwickshire,SR Hain,IJL Trott,Abdur Rehman,0,0,,,,,,"",""
ball,2,64.3,Warwickshire,SR Hain,IJL Trott,Abdur Rehman,0,0,,,,,,"",""
ball,2,64.4,Warwickshire,SR Hain,IJL Trott,Abdur Rehman,0,0,,,,,,"",""
ball,2,64.5,Warwickshire,SR Hain,IJL Trott,Abdur Rehman,0,0,,,,,,"",""
ball,2,64.6,Warwickshire,SR Hain,IJL Trott,Abdur Rehman,0,0,,,,,,"",""
ball,2,65.1,Warwickshire,IJL Trott,SR Hain,C Overton,0,0,,,,,,"",""
ball,2,65.2,Warwickshire,IJL Trott,SR Hain,C Overton,0,0,,,,,,"",""
ball,2,65.3,Warwickshire,IJL Trott,SR Hain,C Overton,4,0,,,,,,"",""
ball,2,65.4,Warwickshire,IJL Trott,SR Hain,C Overton,0,0,,,,,,"",""
ball,2,65.5,Warwickshire,IJL Trott,SR Hain,C Overton,1,0,,,,,,"",""
ball,2,65.6,Warwickshire,SR Hain,IJL Trott,C Overton,0,0,,,,,,"",""
ball,2,66.1,Warwickshire,IJL Trott,SR Hain,Abdur Rehman,0,0,,,,,,"",""
ball,2,66.2,Warwickshire,IJL Trott,SR Hain,Abdur Rehman,0,0,,,,,,"",""
ball,2,66.3,Warwickshire,IJL Trott,SR Hain,Abdur Rehman,0,0,,,,,,"",""
ball,2,66.4,Warwickshire,IJL Trott,SR Hain,Abdur Rehman,1,0,,,,,,"",""
ball,2,66.5,Warwickshire,SR Hain,IJL Trott,Abdur Rehman,0,0,,,,,,"",""
ball,2,66.6,Warwickshire,SR Hain,IJL Trott,Abdur Rehman,0,0,,,,,,"",""
ball,2,67.1,Warwickshire,IJL Trott,SR Hain,C Overton,0,0,,,,,,"",""
ball,2,67.2,Warwickshire,IJL Trott,SR Hain,C Overton,1,0,,,,,,"",""
ball,2,67.3,Warwickshire,SR Hain,IJL Trott,C Overton,0,0,,,,,,"",""
ball,2,67.4,Warwickshire,SR Hain,IJL Trott,C Overton,0,0,,,,,,"",""
ball,2,67.5,Warwickshire,SR Hain,IJL Trott,C Overton,0,0,,,,,,"",""
ball,2,67.6,Warwickshire,SR Hain,IJL Trott,C Overton,0,0,,,,,,"",""
ball,2,68.1,Warwickshire,IJL Trott,SR Hain,Abdur Rehman,0,0,,,,,,"",""
ball,2,68.2,Warwickshire,IJL Trott,SR Hain,Abdur Rehman,0,0,,,,,,"",""
ball,2,68.3,Warwickshire,IJL Trott,SR Hain,Abdur Rehman,0,0,,,,,,"",""
ball,2,68.4,Warwickshire,IJL Trott,SR Hain,Abdur Rehman,0,0,,,,,,"",""
ball,2,68.5,Warwickshire,IJL Trott,SR Hain,Abdur Rehman,0,0,,,,,,"",""
ball,2,68.6,Warwickshire,IJL Trott,SR Hain,Abdur Rehman,0,0,,,,,,"",""
ball,2,69.1,Warwickshire,SR Hain,IJL Trott,C Overton,0,0,,,,,,"",""
ball,2,69.2,Warwickshire,SR Hain,IJL Trott,C Overton,0,0,,,,,,"",""
ball,2,69.3,Warwickshire,SR Hain,IJL Trott,C Overton,0,0,,,,,,"",""
ball,2,69.4,Warwickshire,SR Hain,IJL Trott,C Overton,4,0,,,,,,"",""
ball,2,69.5,Warwickshire,SR Hain,IJL Trott,C Overton,0,0,,,,,,"",""
ball,2,69.6,Warwickshire,SR Hain,IJL Trott,C Overton,0,0,,,,,,"",""
ball,2,70.1,Warwickshire,IJL Trott,SR Hain,Abdur Rehman,0,0,,,,,,"",""
ball,2,70.2,Warwickshire,IJL Trott,SR Hain,Abdur Rehman,1,0,,,,,,"",""
ball,2,70.3,Warwickshire,SR Hain,IJL Trott,Abdur Rehman,0,0,,,,,,"",""
ball,2,70.4,Warwickshire,SR Hain,IJL Trott,Abdur Rehman,3,0,,,,,,"",""
ball,2,70.5,Warwickshire,IJL Trott,SR Hain,Abdur Rehman,0,0,,,,,,"",""
ball,2,70.6,Warwickshire,IJL Trott,SR Hain,Abdur Rehman,0,0,,,,,,"",""
ball,2,71.1,Warwickshire,SR Hain,IJL Trott,PD Trego,0,0,,,,,,"",""
ball,2,71.2,Warwickshire,SR Hain,IJL Trott,PD Trego,0,0,,,,,,"",""
ball,2,71.3,Warwickshire,SR Hain,IJL Trott,PD Trego,0,0,,,,,,"",""
ball,2,71.4,Warwickshire,SR Hain,IJL Trott,PD Trego,0,0,,,,,,"",""
ball,2,71.5,Warwickshire,SR Hain,IJL Trott,PD Trego,1,0,,,,,,"",""
ball,2,71.6,Warwickshire,IJL Trott,SR Hain,PD Trego,0,0,,,,,,"",""
ball,2,72.1,Warwickshire,SR Hain,IJL Trott,J Allenby,1,0,,,,,,"",""
ball,2,72.2,Warwickshire,IJL Trott,SR Hain,J Allenby,1,0,,,,,,"",""
ball,2,72.3,Warwickshire,SR Hain,IJL Trott,J Allenby,0,0,,,,,,"",""
ball,2,72.4,Warwickshire,SR Hain,IJL Trott,J Allenby,1,0,,,,,,"",""
ball,2,72.5,Warwickshire,IJL Trott,SR Hain,J Allenby,0,0,,,,,,"",""
ball,2,72.6,Warwickshire,IJL Trott,SR Hain,J Allenby,0,0,,,,,,"",""
ball,2,73.1,Warwickshire,SR Hain,IJL Trott,PD Trego,0,0,,,,,,"",""
ball,2,73.2,Warwickshire,SR Hain,IJL Trott,PD Trego,0,0,,,,,,"",""
ball,2,73.3,Warwickshire,SR Hain,IJL Trott,PD Trego,0,0,,,,,,"",""
ball,2,73.4,Warwickshire,SR Hain,IJL Trott,PD Trego,0,0,,,,,,"",""
ball,2,73.5,Warwickshire,SR Hain,IJL Trott,PD Trego,0,0,,,,,,"",""
ball,2,73.6,Warwickshire,SR Hain,IJL Trott,PD Trego,1,0,,,,,,"",""
ball,2,74.1,Warwickshire,SR Hain,IJL Trott,J Allenby,0,0,,,,,,"",""
ball,2,74.2,Warwickshire,SR Hain,IJL Trott,J Allenby,0,0,,,,,,"",""
ball,2,74.3,Warwickshire,SR Hain,IJL Trott,J Allenby,0,0,,,,,,"",""
ball,2,74.4,Warwickshire,SR Hain,IJL Trott,J Allenby,0,0,,,,,,"",""
ball,2,74.5,Warwickshire,SR Hain,IJL Trott,J Allenby,2,0,,,,,,"",""
ball,2,74.6,Warwickshire,SR Hain,IJL Trott,J Allenby,0,0,,,,,,"",""
ball,2,75.1,Warwickshire,IJL Trott,SR Hain,PD Trego,0,0,,,,,,"",""
ball,2,75.2,Warwickshire,IJL Trott,SR Hain,PD Trego,0,0,,,,,,"",""
ball,2,75.3,Warwickshire,IJL Trott,SR Hain,PD Trego,0,0,,,,,,"",""
ball,2,75.4,Warwickshire,IJL Trott,SR Hain,PD Trego,0,0,,,,,,"",""
ball,2,75.5,Warwickshire,IJL Trott,SR Hain,PD Trego,3,0,,,,,,"",""
ball,2,75.6,Warwickshire,SR Hain,IJL Trott,PD Trego,0,0,,,,,,"",""
ball,2,76.1,Warwickshire,IJL Trott,SR Hain,Abdur Rehman,4,0,,,,,,"",""
ball,2,76.2,Warwickshire,IJL Trott,SR Hain,Abdur Rehman,1,0,,,,,,"",""
ball,2,76.3,Warwickshire,SR Hain,IJL Trott,Abdur Rehman,1,0,,,,,,"",""
ball,2,76.4,Warwickshire,IJL Trott,SR Hain,Abdur Rehman,0,0,,,,,,"",""
ball,2,76.5,Warwickshire,IJL Trott,SR Hain,Abdur Rehman,0,0,,,,,,"",""
ball,2,76.6,Warwickshire,IJL Trott,SR Hain,Abdur Rehman,0,0,,,,,,"",""
ball,2,77.1,Warwickshire,SR Hain,IJL Trott,PD Trego,2,0,,,,,,"",""
ball,2,77.2,Warwickshire,SR Hain,IJL Trott,PD Trego,0,0,,,,,,"",""
ball,2,77.3,Warwickshire,SR Hain,IJL Trott,PD Trego,1,0,,,,,,"",""
ball,2,77.4,Warwickshire,IJL Trott,SR Hain,PD Trego,0,0,,,,,,"",""
ball,2,77.5,Warwickshire,IJL Trott,SR Hain,PD Trego,1,0,,,,,,"",""
ball,2,77.6,Warwickshire,SR Hain,IJL Trott,PD Trego,0,0,,,,,,"",""
ball,2,78.1,Warwickshire,IJL Trott,SR Hain,Abdur Rehman,0,0,,,,,,"",""
ball,2,78.2,Warwickshire,IJL Trott,SR Hain,Abdur Rehman,1,0,,,,,,"",""
ball,2,78.3,Warwickshire,SR Hain,IJL Trott,Abdur Rehman,1,0,,,,,,"",""
ball,2,78.4,Warwickshire,IJL Trott,SR Hain,Abdur Rehman,1,0,,,,,,"",""
ball,2,78.5,Warwickshire,SR Hain,IJL Trott,Abdur Rehman,0,0,,,,,,"",""
ball,2,78.6,Warwickshire,SR Hain,IJL Trott,Abdur Rehman,0,0,,,,,,"",""
ball,2,79.1,Warwickshire,IJL Trott,SR Hain,PD Trego,0,0,,,,,,"",""
ball,2,79.2,Warwickshire,IJL Trott,SR Hain,PD Trego,0,0,,,,,,"",""
ball,2,79.3,Warwickshire,IJL Trott,SR Hain,PD Trego,0,0,,,,,,"",""
ball,2,79.4,Warwickshire,IJL Trott,SR Hain,PD Trego,0,0,,,,,,"",""
ball,2,79.5,Warwickshire,IJL Trott,SR Hain,PD Trego,1,0,,,,,,"",""
ball,2,79.6,Warwickshire,SR Hain,IJL Trott,PD Trego,1,0,,,,,,"",""
ball,2,80.1,Warwickshire,SR Hain,IJL Trott,Abdur Rehman,0,0,,,,,,"",""
ball,2,80.2,Warwickshire,SR Hain,IJL Trott,Abdur Rehman,0,0,,,,,,"",""
ball,2,80.3,Warwickshire,SR Hain,IJL Trott,Abdur Rehman,0,0,,,,,,"",""
ball,2,80.4,Warwickshire,SR Hain,IJL Trott,Abdur Rehman,1,0,,,,,,"",""
ball,2,80.5,Warwickshire,IJL Trott,SR Hain,Abdur Rehman,0,0,,,,,,"",""
ball,2,80.6,Warwickshire,IJL Trott,SR Hain,Abdur Rehman,2,0,,,,,,"",""
ball,2,81.1,Warwickshire,SR Hain,IJL Trott,PD Trego,0,0,,,,,,"",""
ball,2,81.2,Warwickshire,SR Hain,IJL Trott,PD Trego,0,0,,,,,,"",""
ball,2,81.3,Warwickshire,SR Hain,IJL Trott,PD Trego,0,0,,,,,,"",""
ball,2,81.4,Warwickshire,SR Hain,IJL Trott,PD Trego,3,0,,,,,,"",""
ball,2,81.5,Warwickshire,IJL Trott,SR Hain,PD Trego,0,0,,,,,,"",""
ball,2,81.6,Warwickshire,IJL Trott,SR Hain,PD Trego,0,0,,,,,,"",""
ball,2,82.1,Warwickshire,SR Hain,IJL Trott,Abdur Rehman,0,0,,,,,,"",""
ball,2,82.2,Warwickshire,SR Hain,IJL Trott,Abdur Rehman,0,0,,,,,,"",""
ball,2,82.3,Warwickshire,SR Hain,IJL Trott,Abdur Rehman,1,0,,,,,,"",""
ball,2,82.4,Warwickshire,IJL Trott,SR Hain,Abdur Rehman,0,0,,,,,,"",""
ball,2,82.5,Warwickshire,IJL Trott,SR Hain,Abdur Rehman,0,0,,,,,,"",""
ball,2,82.6,Warwickshire,IJL Trott,SR Hain,Abdur Rehman,0,0,,,,,,"",""
ball,2,83.1,Warwickshire,SR Hain,IJL Trott,PD Trego,0,0,,,,,,"",""
ball,2,83.2,Warwickshire,SR Hain,IJL Trott,PD Trego,0,0,,,,,,"",""
ball,2,83.3,Warwickshire,SR Hain,IJL Trott,PD Trego,1,0,,,,,,"",""
ball,2,83.4,Warwickshire,IJL Trott,SR Hain,PD Trego,0,0,,,,,,"",""
ball,2,83.5,Warwickshire,IJL Trott,SR Hain,PD Trego,0,0,,,,,,"",""
ball,2,83.6,Warwickshire,IJL Trott,SR Hain,PD Trego,1,0,,,,,,"",""
ball,2,84.1,Warwickshire,IJL Trott,SR Hain,Abdur Rehman,0,0,,,,,,"",""
ball,2,84.2,Warwickshire,IJL Trott,SR Hain,Abdur Rehman,1,0,,,,,,"",""
ball,2,84.3,Warwickshire,SR Hain,IJL Trott,Abdur Rehman,0,0,,,,,,"",""
ball,2,84.4,Warwickshire,SR Hain,IJL Trott,Abdur Rehman,0,0,,,,,,"",""
ball,2,84.5,Warwickshire,SR Hain,IJL Trott,Abdur Rehman,0,0,,,,,,"",""
ball,2,84.6,Warwickshire,SR Hain,IJL Trott,Abdur Rehman,0,0,,,,,,"",""
ball,2,85.1,Warwickshire,IJL Trott,SR Hain,PD Trego,1,0,,,,,,"",""
ball,2,85.2,Warwickshire,SR Hain,IJL Trott,PD Trego,1,0,,,,,,"",""
ball,2,85.3,Warwickshire,IJL Trott,SR Hain,PD Trego,0,0,,,,,,"",""
ball,2,85.4,Warwickshire,IJL Trott,SR Hain,PD Trego,0,0,,,,,,"",""
ball,2,85.5,Warwickshire,IJL Trott,SR Hain,PD Trego,0,0,,,,,,"",""
ball,2,85.6,Warwickshire,IJL Trott,SR Hain,PD Trego,1,0,,,,,,"",""
ball,2,86.1,Warwickshire,IJL Trott,SR Hain,Abdur Rehman,1,0,,,,,,"",""
ball,2,86.2,Warwickshire,SR Hain,IJL Trott,Abdur Rehman,0,0,,,,,,"",""
ball,2,86.3,Warwickshire,SR Hain,IJL Trott,Abdur Rehman,0,0,,,,,,"",""
ball,2,86.4,Warwickshire,SR Hain,IJL Trott,Abdur Rehman,1,0,,,,,,"",""
ball,2,86.5,Warwickshire,IJL Trott,SR Hain,Abdur Rehman,0,0,,,,,,"",""
ball,2,86.6,Warwickshire,IJL Trott,SR Hain,Abdur Rehman,0,0,,,,,,"",""
ball,2,87.1,Warwickshire,SR Hain,IJL Trott,C Overton,0,0,,,,,,"",""
ball,2,87.2,Warwickshire,SR Hain,IJL Trott,C Overton,3,0,,,,,,"",""
ball,2,87.3,Warwickshire,IJL Trott,SR Hain,C Overton,0,0,,,,,,caught,IJL Trott
ball,2,87.4,Warwickshire,TR Ambrose,SR Hain,C Overton,0,0,,,,,,"",""
ball,2,87.5,Warwickshire,TR Ambrose,SR Hain,C Overton,0,0,,,,,,"",""
ball,2,87.6,Warwickshire,TR Ambrose,SR Hain,C Overton,0,0,,,,,,"",""
ball,2,88.1,Warwickshire,SR Hain,TR Ambrose,AC Thomas,1,0,,,,,,"",""
ball,2,88.2,Warwickshire,TR Ambrose,SR Hain,AC Thomas,0,0,,,,,,"",""
ball,2,88.3,Warwickshire,TR Ambrose,SR Hain,AC Thomas,0,0,,,,,,"",""
ball,2,88.4,Warwickshire,TR Ambrose,SR Hain,AC Thomas,0,2,,2,,,,"",""
ball,2,88.5,Warwickshire,TR Ambrose,SR Hain,AC Thomas,0,0,,,,,,"",""
ball,2,88.6,Warwickshire,TR Ambrose,SR Hain,AC Thomas,0,0,,,,,,"",""
ball,2,88.7,Warwickshire,TR Ambrose,SR Hain,AC Thomas,0,0,,,,,,caught,TR Ambrose
ball,2,89.1,Warwickshire,SR Hain,R Clarke,C Overton,0,0,,,,,,"",""
ball,2,89.2,Warwickshire,SR Hain,R Clarke,C Overton,0,0,,,,,,"",""
ball,2,89.3,Warwickshire,SR Hain,R Clarke,C Overton,0,0,,,,,,"",""
ball,2,89.4,Warwickshire,SR Hain,R Clarke,C Overton,0,0,,,,,,"",""
ball,2,89.5,Warwickshire,SR Hain,R Clarke,C Overton,0,0,,,,,,"",""
ball,2,89.6,Warwickshire,SR Hain,R Clarke,C Overton,4,0,,,,,,"",""
ball,2,90.1,Warwickshire,R Clarke,SR Hain,AC Thomas,0,0,,,,,,"",""
ball,2,90.2,Warwickshire,R Clarke,SR Hain,AC Thomas,1,0,,,,,,"",""
ball,2,90.3,Warwickshire,SR Hain,R Clarke,AC Thomas,4,0,,,,,,"",""
ball,2,90.4,Warwickshire,SR Hain,R Clarke,AC Thomas,0,0,,,,,,"",""
ball,2,90.5,Warwickshire,SR Hain,R Clarke,AC Thomas,0,2,,,2,,,"",""
ball,2,90.6,Warwickshire,SR Hain,R Clarke,AC Thomas,0,0,,,,,,"",""
ball,2,91.1,Warwickshire,R Clarke,SR Hain,C Overton,0,0,,,,,,"",""
ball,2,91.2,Warwickshire,R Clarke,SR Hain,C Overton,0,0,,,,,,"",""
ball,2,91.3,Warwickshire,R Clarke,SR Hain,C Overton,0,0,,,,,,"",""
ball,2,91.4,Warwickshire,R Clarke,SR Hain,C Overton,0,0,,,,,,"",""
ball,2,91.5,Warwickshire,R Clarke,SR Hain,C Overton,0,0,,,,,,"",""
ball,2,91.6,Warwickshire,R Clarke,SR Hain,C Overton,0,0,,,,,,"",""
ball,2,92.1,Warwickshire,SR Hain,R Clarke,AC Thomas,0,0,,,,,,"",""
ball,2,92.2,Warwickshire,SR Hain,R Clarke,AC Thomas,4,0,,,,,,"",""
ball,2,92.3,Warwickshire,SR Hain,R Clarke,AC Thomas,0,0,,,,,,"",""
ball,2,92.4,Warwickshire,SR Hain,R Clarke,AC Thomas,0,0,,,,,,"",""
ball,2,92.5,Warwickshire,SR Hain,R Clarke,AC Thomas,2,0,,,,,,"",""
ball,2,92.6,Warwickshire,SR Hain,R Clarke,AC Thomas,1,0,,,,,,"",""
ball,2,93.1,Warwickshire,SR Hain,R Clarke,C Overton,0,0,,,,,,"",""
ball,2,93.2,Warwickshire,SR Hain,R Clarke,C Overton,1,0,,,,,,"",""
ball,2,93.3,Warwickshire,R Clarke,SR Hain,C Overton,0,0,,,,,,caught,R Clarke
ball,2,93.4,Warwickshire,CR Woakes,SR Hain,C Overton,4,0,,,,,,"",""
ball,2,93.5,Warwickshire,CR Woakes,SR Hain,C Overton,0,0,,,,,,"",""
ball,2,93.6,Warwickshire,CR Woakes,SR Hain,C Overton,0,0,,,,,,"",""
ball,2,94.1,Warwickshire,SR Hain,CR Woakes,AC Thomas,0,0,,,,,,"",""
ball,2,94.2,Warwickshire,SR Hain,CR Woakes,AC Thomas,0,0,,,,,,"",""
ball,2,94.3,Warwickshire,SR Hain,CR Woakes,AC Thomas,0,0,,,,,,"",""
ball,2,94.4,Warwickshire,SR Hain,CR Woakes,AC Thomas,0,0,,,,,,"",""
ball,2,94.5,Warwickshire,SR Hain,CR Woakes,AC Thomas,0,0,,,,,,"",""
ball,2,94.6,Warwickshire,SR Hain,CR Woakes,AC Thomas,0,0,,,,,,"",""
ball,2,95.1,Warwickshire,CR Woakes,SR Hain,C Overton,0,0,,,,,,"",""
ball,2,95.2,Warwickshire,CR Woakes,SR Hain,C Overton,0,0,,,,,,"",""
ball,2,95.3,Warwickshire,CR Woakes,SR Hain,C Overton,1,0,,,,,,"",""
ball,2,95.4,Warwickshire,SR Hain,CR Woakes,C Overton,1,0,,,,,,"",""
ball,2,95.5,Warwickshire,CR Woakes,SR Hain,C Overton,0,0,,,,,,"",""
ball,2,95.6,Warwickshire,CR Woakes,SR Hain,C Overton,0,0,,,,,,"",""
ball,2,96.1,Warwickshire,SR Hain,CR Woakes,AC Thomas,0,0,,,,,,"",""
ball,2,96.2,Warwickshire,SR Hain,CR Woakes,AC Thomas,0,0,,,,,,"",""
ball,2,96.3,Warwickshire,SR Hain,CR Woakes,AC Thomas,1,0,,,,,,"",""
ball,2,96.4,Warwickshire,CR Woakes,SR Hain,AC Thomas,0,0,,,,,,"",""
ball,2,96.5,Warwickshire,CR Woakes,SR Hain,AC Thomas,0,0,,,,,,"",""
ball,2,96.6,Warwickshire,CR Woakes,SR Hain,AC Thomas,3,0,,,,,,"",""
ball,2,97.1,Warwickshire,CR Woakes,SR Hain,C Overton,0,0,,,,,,"",""
ball,2,97.2,Warwickshire,CR Woakes,SR Hain,C Overton,0,0,,,,,,"",""
ball,2,97.3,Warwickshire,CR Woakes,SR Hain,C Overton,0,0,,,,,,caught,CR Woakes
ball,2,97.4,Warwickshire,KHD Barker,SR Hain,C Overton,0,0,,,,,,"",""
ball,2,97.5,Warwickshire,KHD Barker,SR Hain,C Overton,0,0,,,,,,"",""
ball,2,97.6,Warwickshire,KHD Barker,SR Hain,C Overton,1,0,,,,,,"",""
ball,2,98.1,Warwickshire,KHD Barker,SR Hain,AC Thomas,0,0,,,,,,"",""
ball,2,98.2,Warwickshire,KHD Barker,SR Hain,AC Thomas,0,0,,,,,,"",""
ball,2,98.3,Warwickshire,KHD Barker,SR Hain,AC Thomas,0,0,,,,,,"",""
ball,2,98.4,Warwickshire,KHD Barker,SR Hain,AC Thomas,0,0,,,,,,"",""
ball,2,98.5,Warwickshire,KHD Barker,SR Hain,AC Thomas,0,0,,,,,,"",""
ball,2,98.6,Warwickshire,KHD Barker,SR Hain,AC Thomas,0,0,,,,,,"",""
ball,2,99.1,Warwickshire,SR Hain,KHD Barker,C Overton,0,0,,,,,,"",""
ball,2,99.2,Warwickshire,SR Hain,KHD Barker,C Overton,1,0,,,,,,"",""
ball,2,99.3,Warwickshire,KHD Barker,SR Hain,C Overton,0,0,,,,,,"",""
ball,2,99.4,Warwickshire,KHD Barker,SR Hain,C Overton,4,0,,,,,,"",""
ball,2,99.5,Warwickshire,KHD Barker,SR Hain,C Overton,0,0,,,,,,"",""
ball,2,99.6,Warwickshire,KHD Barker,SR Hain,C Overton,0,0,,,,,,"",""
ball,2,100.1,Warwickshire,SR Hain,KHD Barker,AC Thomas,1,0,,,,,,"",""
ball,2,100.2,Warwickshire,KHD Barker,SR Hain,AC Thomas,0,0,,,,,,"",""
ball,2,100.3,Warwickshire,KHD Barker,SR Hain,AC Thomas,0,0,,,,,,"",""
ball,2,100.4,Warwickshire,KHD Barker,SR Hain,AC Thomas,0,0,,,,,,"",""
ball,2,100.5,Warwickshire,KHD Barker,SR Hain,AC Thomas,0,0,,,,,,"",""
ball,2,100.6,Warwickshire,KHD Barker,SR Hain,AC Thomas,0,0,,,,,,caught,KHD Barker
ball,2,101.1,Warwickshire,SR Hain,JS Patel,TD Groenewald,0,0,,,,,,"",""
ball,2,101.2,Warwickshire,SR Hain,JS Patel,TD Groenewald,1,0,,,,,,"",""
ball,2,101.3,Warwickshire,JS Patel,SR Hain,TD Groenewald,0,0,,,,,,"",""
ball,2,101.4,Warwickshire,JS Patel,SR Hain,TD Groenewald,3,0,,,,,,"",""
ball,2,101.5,Warwickshire,SR Hain,JS Patel,TD Groenewald,0,0,,,,,,"",""
ball,2,101.6,Warwickshire,SR Hain,JS Patel,TD Groenewald,0,0,,,,,,"",""
ball,2,102.1,Warwickshire,JS Patel,SR Hain,AC Thomas,1,0,,,,,,"",""
ball,2,102.2,Warwickshire,SR Hain,JS Patel,AC Thomas,1,0,,,,,,"",""
ball,2,102.3,Warwickshire,JS Patel,SR Hain,AC Thomas,1,0,,,,,,"",""
ball,2,102.4,Warwickshire,SR Hain,JS Patel,AC Thomas,0,0,,,,,,"",""
ball,2,102.5,Warwickshire,SR Hain,JS Patel,AC Thomas,0,0,,,,,,"",""
ball,2,102.6,Warwickshire,SR Hain,JS Patel,AC Thomas,4,0,,,,,,"",""
ball,2,103.1,Warwickshire,JS Patel,SR Hain,TD Groenewald,4,0,,,,,,"",""
ball,2,103.2,Warwickshire,JS Patel,SR Hain,TD Groenewald,1,0,,,,,,"",""
ball,2,103.3,Warwickshire,SR Hain,JS Patel,TD Groenewald,2,0,,,,,,"",""
ball,2,103.4,Warwickshire,SR Hain,JS Patel,TD Groenewald,4,0,,,,,,"",""
ball,2,103.5,Warwickshire,SR Hain,JS Patel,TD Groenewald,0,0,,,,,,"",""
ball,2,103.6,Warwickshire,SR Hain,JS Patel,TD Groenewald,4,0,,,,,,"",""
ball,2,104.1,Warwickshire,JS Patel,SR Hain,AC Thomas,4,0,,,,,,"",""
ball,2,104.2,Warwickshire,JS Patel,SR Hain,AC Thomas,0,0,,,,,,"",""
ball,2,104.3,Warwickshire,JS Patel,SR Hain,AC Thomas,0,0,,,,,,"",""
ball,2,104.4,Warwickshire,JS Patel,SR Hain,AC Thomas,4,0,,,,,,"",""
ball,2,104.5,Warwickshire,JS Patel,SR Hain,AC Thomas,1,0,,,,,,"",""
ball,2,104.6,Warwickshire,SR Hain,JS Patel,AC Thomas,0,0,,,,,,"",""
ball,2,105.1,Warwickshire,JS Patel,SR Hain,Abdur Rehman,1,0,,,,,,"",""
ball,2,105.2,Warwickshire,SR Hain,JS Patel,Abdur Rehman,0,0,,,,,,"",""
ball,2,105.3,Warwickshire,SR Hain,JS Patel,Abdur Rehman,1,0,,,,,,"",""
ball,2,105.4,Warwickshire,JS Patel,SR Hain,Abdur Rehman,0,0,,,,,,"",""
ball,2,105.5,Warwickshire,JS Patel,SR Hain,Abdur Rehman,0,0,,,,,,"",""
ball,2,105.6,Warwickshire,JS Patel,SR Hain,Abdur Rehman,0,0,,,,,,"",""
ball,2,106.1,Warwickshire,SR Hain,JS Patel,AC Thomas,0,0,,,,,,"",""
ball,2,106.2,Warwickshire,SR Hain,JS Patel,AC Thomas,1,0,,,,,,"",""
ball,2,106.3,Warwickshire,JS Patel,SR Hain,AC Thomas,0,0,,,,,,"",""
ball,2,106.4,Warwickshire,JS Patel,SR Hain,AC Thomas,0,0,,,,,,"",""
ball,2,106.5,Warwickshire,JS Patel,SR Hain,AC Thomas,0,0,,,,,,"",""
ball,2,106.6,Warwickshire,JS Patel,SR Hain,AC Thomas,0,0,,,,,,"",""
ball,2,107.1,Warwickshire,SR Hain,JS Patel,C Overton,1,0,,,,,,"",""
ball,2,107.2,Warwickshire,JS Patel,SR Hain,C Overton,0,0,,,,,,"",""
ball,2,107.3,Warwickshire,JS Patel,SR Hain,C Overton,0,0,,,,,,"",""
ball,2,107.4,Warwickshire,JS Patel,SR Hain,C Overton,2,0,,,,,,"",""
ball,2,107.5,Warwickshire,JS Patel,SR Hain,C Overton,1,0,,,,,,"",""
ball,2,107.6,Warwickshire,SR Hain,JS Patel,C Overton,0,0,,,,,,"",""
ball,2,108.1,Warwickshire,JS Patel,SR Hain,AC Thomas,0,0,,,,,,"",""
ball,2,108.2,Warwickshire,JS Patel,SR Hain,AC Thomas,1,0,,,,,,"",""
ball,2,108.3,Warwickshire,SR Hain,JS Patel,AC Thomas,2,0,,,,,,"",""
ball,2,108.4,Warwickshire,SR Hain,JS Patel,AC Thomas,1,0,,,,,,"",""
ball,2,108.5,Warwickshire,JS Patel,SR Hain,AC Thomas,0,0,,,,,,"",""
ball,2,108.6,Warwickshire,JS Patel,SR Hain,AC Thomas,1,0,,,,,,"",""
ball,2,109.1,Warwickshire,JS Patel,SR Hain,C Overton,6,0,,,,,,"",""
ball,2,109.2,Warwickshire,JS Patel,SR Hain,C Overton,0,0,,,,,,"",""
ball,2,109.3,Warwickshire,JS Patel,SR Hain,C Overton,0,0,,,,,,"",""
ball,2,109.4,Warwickshire,JS Patel,SR Hain,C Overton,0,0,,,,,,"",""
ball,2,109.5,Warwickshire,JS Patel,SR Hain,C Overton,1,0,,,,,,"",""
ball,2,109.6,Warwickshire,SR Hain,JS Patel,C Overton,0,0,,,,,,"",""
ball,2,110.1,Warwickshire,JS Patel,SR Hain,AC Thomas,0,0,,,,,,"",""
ball,2,110.2,Warwickshire,JS Patel,SR Hain,AC Thomas,1,0,,,,,,"",""
ball,2,110.3,Warwickshire,SR Hain,JS Patel,AC Thomas,4,0,,,,,,"",""
ball,2,110.4,Warwickshire,SR Hain,JS Patel,AC Thomas,4,0,,,,,,"",""
ball,2,110.5,Warwickshire,SR Hain,JS Patel,AC Thomas,0,0,,,,,,"",""
ball,2,110.6,Warwickshire,SR Hain,JS Patel,AC Thomas,1,0,,,,,,"",""
ball,2,111.1,Warwickshire,SR Hain,JS Patel,C Overton,0,0,,,,,,"",""
ball,2,111.2,Warwickshire,SR Hain,JS Patel,C Overton,0,0,,,,,,"",""
ball,2,111.3,Warwickshire,SR Hain,JS Patel,C Overton,0,0,,,,,,"",""
ball,2,111.4,Warwickshire,SR Hain,JS Patel,C Overton,1,0,,,,,,"",""
ball,2,111.5,Warwickshire,JS Patel,SR Hain,C Overton,0,0,,,,,,"",""
ball,2,111.6,Warwickshire,JS Patel,SR Hain,C Overton,1,0,,,,,,"",""
ball,2,112.1,Warwickshire,JS Patel,SR Hain,AC Thomas,0,0,,,,,,"",""
ball,2,112.2,Warwickshire,JS Patel,SR Hain,AC Thomas,0,0,,,,,,"",""
ball,2,112.3,Warwickshire,JS Patel,SR Hain,AC Thomas,1,0,,,,,,"",""
ball,2,112.4,Warwickshire,SR Hain,JS Patel,AC Thomas,4,0,,,,,,"",""
ball,2,112.5,Warwickshire,SR Hain,JS Patel,AC Thomas,0,0,,,,,,"",""
ball,2,112.6,Warwickshire,SR Hain,JS Patel,AC Thomas,0,0,,,,,,"",""
ball,2,113.1,Warwickshire,JS Patel,SR Hain,C Overton,0,0,,,,,,"",""
ball,2,113.2,Warwickshire,JS Patel,SR Hain,C Overton,1,0,,,,,,"",""
ball,2,113.3,Warwickshire,SR Hain,JS Patel,C Overton,4,0,,,,,,"",""
ball,2,113.4,Warwickshire,SR Hain,JS Patel,C Overton,0,0,,,,,,"",""
ball,2,113.5,Warwickshire,SR Hain,JS Patel,C Overton,0,0,,,,,,"",""
ball,2,113.6,Warwickshire,SR Hain,JS Patel,C Overton,0,0,,,,,,"",""
ball,2,114.1,Warwickshire,JS Patel,SR Hain,AC Thomas,1,0,,,,,,"",""
ball,2,114.2,Warwickshire,SR Hain,JS Patel,AC Thomas,0,0,,,,,,"",""
ball,2,114.3,Warwickshire,SR Hain,JS Patel,AC Thomas,0,0,,,,,,"",""
ball,2,114.4,Warwickshire,SR Hain,JS Patel,AC Thomas,1,0,,,,,,"",""
ball,2,114.5,Warwickshire,JS Patel,SR Hain,AC Thomas,4,0,,,,,,"",""
ball,2,114.6,Warwickshire,JS Patel,SR Hain,AC Thomas,0,0,,,,,,"",""
ball,2,115.1,Warwickshire,SR Hain,JS Patel,C Overton,1,0,,,,,,"",""
ball,2,115.2,Warwickshire,JS Patel,SR Hain,C Overton,0,0,,,,,,"",""
ball,2,115.3,Warwickshire,JS Patel,SR Hain,C Overton,0,0,,,,,,"",""
ball,2,115.4,Warwickshire,JS Patel,SR Hain,C Overton,0,0,,,,,,bowled,JS Patel
ball,2,115.5,Warwickshire,OJ Hannon-Dalby,SR Hain,C Overton,0,0,,,,,,caught,OJ Hannon-Dalby
ball,3,0.1,Somerset,ME Trescothick,TB Abell,KHD Barker,0,0,,,,,,"",""
ball,3,0.2,Somerset,ME Trescothick,TB Abell,KHD Barker,0,0,,,,,,"",""
ball,3,0.3,Somerset,ME Trescothick,TB Abell,KHD Barker,0,0,,,,,,"",""
ball,3,0.4,Somerset,ME Trescothick,TB Abell,KHD Barker,0,0,,,,,,"",""
ball,3,0.5,Somerset,ME Trescothick,TB Abell,KHD Barker,0,0,,,,,,"",""
ball,3,0.6,Somerset,ME Trescothick,TB Abell,KHD Barker,0,1,,,,1,,"",""
ball,3,1.1,Somerset,ME Trescothick,TB Abell,CR Woakes,0,0,,,,,,"",""
ball,3,1.2,Somerset,ME Trescothick,TB Abell,CR Woakes,0,0,,,,,,"",""
ball,3,1.3,Somerset,ME Trescothick,TB Abell,CR Woakes,0,0,,,,,,"",""
ball,3,1.4,Somerset,ME Trescothick,TB Abell,CR Woakes,0,0,,,,,,"",""
ball,3,1.5,Somerset,ME Trescothick,TB Abell,CR Woakes,0,0,,,,,,"",""
ball,3,1.6,Somerset,ME Trescothick,TB Abell,CR Woakes,0,0,,,,,,"",""
ball,3,2.1,Somerset,TB Abell,ME Trescothick,KHD Barker,0,0,,,,,,"",""
ball,3,2.2,Somerset,TB Abell,ME Trescothick,KHD Barker,0,0,,,,,,"",""
ball,3,2.3,Somerset,TB Abell,ME Trescothick,KHD Barker,0,0,,,,,,"",""
ball,3,2.4,Somerset,TB Abell,ME Trescothick,KHD Barker,0,0,,,,,,"",""
ball,3,2.5,Somerset,TB Abell,ME Trescothick,KHD Barker,1,0,,,,,,"",""
ball,3,2.6,Somerset,ME Trescothick,TB Abell,KHD Barker,2,0,,,,,,"",""
ball,3,3.1,Somerset,TB Abell,ME Trescothick,CR Woakes,0,0,,,,,,"",""
ball,3,3.2,Somerset,TB Abell,ME Trescothick,CR Woakes,0,0,,,,,,"",""
ball,3,3.3,Somerset,TB Abell,ME Trescothick,CR Woakes,0,0,,,,,,"",""
ball,3,3.4,Somerset,TB Abell,ME Trescothick,CR Woakes,0,0,,,,,,"",""
ball,3,3.5,Somerset,TB Abell,ME Trescothick,CR Woakes,0,0,,,,,,"",""
ball,3,3.6,Somerset,TB Abell,ME Trescothick,CR Woakes,0,0,,,,,,"",""
ball,3,4.1,Somerset,ME Trescothick,TB Abell,KHD Barker,0,0,,,,,,"",""
ball,3,4.2,Somerset,ME Trescothick,TB Abell,KHD Barker,0,0,,,,,,"",""
ball,3,4.3,Somerset,ME Trescothick,TB Abell,KHD Barker,0,0,,,,,,"",""
ball,3,4.4,Somerset,ME Trescothick,TB Abell,KHD Barker,0,0,,,,,,"",""
ball,3,4.5,Somerset,ME Trescothick,TB Abell,KHD Barker,0,0,,,,,,"",""
ball,3,4.6,Somerset,ME Trescothick,TB Abell,KHD Barker,0,0,,,,,,"",""
ball,3,5.1,Somerset,TB Abell,ME Trescothick,CR Woakes,0,0,,,,,,"",""
ball,3,5.2,Somerset,TB Abell,ME Trescothick,CR Woakes,4,0,,,,,,"",""
ball,3,5.3,Somerset,TB Abell,ME Trescothick,CR Woakes,0,0,,,,,,"",""
ball,3,5.4,Somerset,TB Abell,ME Trescothick,CR Woakes,0,0,,,,,,"",""
ball,3,5.5,Somerset,TB Abell,ME Trescothick,CR Woakes,1,0,,,,,,"",""
ball,3,5.6,Somerset,ME Trescothick,TB Abell,CR Woakes,4,0,,,,,,"",""
ball,3,6.1,Somerset,TB Abell,ME Trescothick,KHD Barker,0,0,,,,,,"",""
ball,3,6.2,Somerset,TB Abell,ME Trescothick,KHD Barker,0,0,,,,,,"",""
ball,3,6.3,Somerset,TB Abell,ME Trescothick,KHD Barker,0,0,,,,,,"",""
ball,3,6.4,Somerset,TB Abell,ME Trescothick,KHD Barker,4,0,,,,,,"",""
ball,3,6.5,Somerset,TB Abell,ME Trescothick,KHD Barker,0,1,,,1,,,"",""
ball,3,6.6,Somerset,ME Trescothick,TB Abell,KHD Barker,0,0,,,,,,"",""
ball,3,7.1,Somerset,TB Abell,ME Trescothick,CR Woakes,0,0,,,,,,"",""
ball,3,7.2,Somerset,TB Abell,ME Trescothick,CR Woakes,0,0,,,,,,"",""
ball,3,7.3,Somerset,TB Abell,ME Trescothick,CR Woakes,1,0,,,,,,"",""
ball,3,7.4,Somerset,ME Trescothick,TB Abell,CR Woakes,0,0,,,,,,"",""
ball,3,7.5,Somerset,ME Trescothick,TB Abell,CR Woakes,0,0,,,,,,"",""
ball,3,7.6,Somerset,ME Trescothick,TB Abell,CR Woakes,0,0,,,,,,"",""
ball,3,8.1,Somerset,TB Abell,ME Trescothick,KHD Barker,4,0,,,,,,"",""
ball,3,8.2,Somerset,TB Abell,ME Trescothick,KHD Barker,0,0,,,,,,"",""
ball,3,8.3,Somerset,TB Abell,ME Trescothick,KHD Barker,0,0,,,,,,"",""
ball,3,8.4,Somerset,TB Abell,ME Trescothick,KHD Barker,0,0,,,,,,"",""
ball,3,8.5,Somerset,TB Abell,ME Trescothick,KHD Barker,0,0,,,,,,"",""
ball,3,8.6,Somerset,TB Abell,ME Trescothick,KHD Barker,0,0,,,,,,"",""
ball,3,9.1,Somerset,ME Trescothick,TB Abell,CR Woakes,0,0,,,,,,"",""
ball,3,9.2,Somerset,ME Trescothick,TB Abell,CR Woakes,0,0,,,,,,"",""
ball,3,9.3,Somerset,ME Trescothick,TB Abell,CR Woakes,0,0,,,,,,"",""
ball,3,9.4,Somerset,ME Trescothick,TB Abell,CR Woakes,0,0,,,,,,"",""
ball,3,9.5,Somerset,ME Trescothick,TB Abell,CR Woakes,0,0,,,,,,"",""
ball,3,9.6,Somerset,ME Trescothick,TB Abell,CR Woakes,0,0,,,,,,"",""
ball,3,10.1,Somerset,TB Abell,ME Trescothick,KHD Barker,0,0,,,,,,"",""
ball,3,10.2,Somerset,TB Abell,ME Trescothick,KHD Barker,0,0,,,,,,"",""
ball,3,10.3,Somerset,TB Abell,ME Trescothick,KHD Barker,0,0,,,,,,"",""
ball,3,10.4,Somerset,TB Abell,ME Trescothick,KHD Barker,0,0,,,,,,"",""
ball,3,10.5,Somerset,TB Abell,ME Trescothick,KHD Barker,0,0,,,,,,"",""
ball,3,10.6,Somerset,TB Abell,ME Trescothick,KHD Barker,0,0,,,,,,"",""
ball,3,11.1,Somerset,ME Trescothick,TB Abell,R Clarke,4,0,,,,,,"",""
ball,3,11.2,Somerset,ME Trescothick,TB Abell,R Clarke,0,0,,,,,,"",""
ball,3,11.3,Somerset,ME Trescothick,TB Abell,R Clarke,0,0,,,,,,"",""
ball,3,11.4,Somerset,ME Trescothick,TB Abell,R Clarke,0,0,,,,,,"",""
ball,3,11.5,Somerset,ME Trescothick,TB Abell,R Clarke,0,0,,,,,,"",""
ball,3,11.6,Somerset,ME Trescothick,TB Abell,R Clarke,0,0,,,,,,"",""
ball,3,12.1,Somerset,TB Abell,ME Trescothick,JS Patel,0,0,,,,,,"",""
ball,3,12.2,Somerset,TB Abell,ME Trescothick,JS Patel,0,0,,,,,,"",""
ball,3,12.3,Somerset,TB Abell,ME Trescothick,JS Patel,0,0,,,,,,"",""
ball,3,12.4,Somerset,TB Abell,ME Trescothick,JS Patel,0,0,,,,,,"",""
ball,3,12.5,Somerset,TB Abell,ME Trescothick,JS Patel,0,0,,,,,,"",""
ball,3,12.6,Somerset,TB Abell,ME Trescothick,JS Patel,0,0,,,,,,"",""
ball,3,13.1,Somerset,ME Trescothick,TB Abell,R Clarke,0,0,,,,,,"",""
ball,3,13.2,Somerset,ME Trescothick,TB Abell,R Clarke,0,0,,,,,,"",""
ball,3,13.3,Somerset,ME Trescothick,TB Abell,R Clarke,0,0,,,,,,"",""
ball,3,13.4,Somerset,ME Trescothick,TB Abell,R Clarke,0,0,,,,,,"",""
ball,3,13.5,Somerset,ME Trescothick,TB Abell,R Clarke,4,0,,,,,,"",""
ball,3,13.6,Somerset,ME Trescothick,TB Abell,R Clarke,1,0,,,,,,"",""
ball,3,14.1,Somerset,ME Trescothick,TB Abell,JS Patel,0,0,,,,,,"",""
ball,3,14.2,Somerset,ME Trescothick,TB Abell,JS Patel,0,0,,,,,,"",""
ball,3,14.3,Somerset,ME Trescothick,TB Abell,JS Patel,0,0,,,,,,"",""
ball,3,14.4,Somerset,ME Trescothick,TB Abell,JS Patel,0,0,,,,,,"",""
ball,3,14.5,Somerset,ME Trescothick,TB Abell,JS Patel,0,0,,,,,,lbw,ME Trescothick
ball,3,14.6,Somerset,MD Bates,TB Abell,JS Patel,0,0,,,,,,"",""
ball,3,15.1,Somerset,TB Abell,MD Bates,IJL Trott,0,0,,,,,,"",""
ball,3,15.2,Somerset,TB Abell,MD Bates,IJL Trott,0,0,,,,,,"",""
ball,3,15.3,Somerset,TB Abell,MD Bates,IJL Trott,0,0,,,,,,"",""
ball,3,15.4,Somerset,TB Abell,MD Bates,IJL Trott,0,0,,,,,,"",""
ball,3,15.5,Somerset,TB Abell,MD Bates,IJL Trott,0,0,,,,,,"",""
ball,3,15.6,Somerset,TB Abell,MD Bates,IJL Trott,0,0,,,,,,"",""
ball,3,16.1,Somerset,MD Bates,TB Abell,R Clarke,0,0,,,,,,"",""
ball,3,16.2,Somerset,MD Bates,TB Abell,R Clarke,0,0,,,,,,lbw,MD Bates
ball,3,16.3,Somerset,JC Hildreth,TB Abell,R Clarke,0,0,,,,,,"",""
ball,3,16.4,Somerset,JC Hildreth,TB Abell,R Clarke,0,0,,,,,,"",""
ball,3,16.5,Somerset,JC Hildreth,TB Abell,R Clarke,0,0,,,,,,"",""
ball,3,16.6,Somerset,JC Hildreth,TB Abell,R Clarke,0,0,,,,,,bowled,JC Hildreth
ball,3,17.1,Somerset,TB Abell,TLW Cooper,JS Patel,0,0,,,,,,"",""
ball,3,17.2,Somerset,TB Abell,TLW Cooper,JS Patel,0,0,,,,,,"",""
ball,3,17.3,Somerset,TB Abell,TLW Cooper,JS Patel,0,0,,,,,,"",""
ball,3,17.4,Somerset,TB Abell,TLW Cooper,JS Patel,1,0,,,,,,"",""
ball,3,17.5,Somerset,TLW Cooper,TB Abell,JS Patel,0,0,,,,,,"",""
ball,3,17.6,Somerset,TLW Cooper,TB Abell,JS Patel,0,0,,,,,,"",""
ball,3,18.1,Somerset,TB Abell,TLW Cooper,R Clarke,0,0,,,,,,"",""
ball,3,18.2,Somerset,TB Abell,TLW Cooper,R Clarke,0,0,,,,,,"",""
ball,3,18.3,Somerset,TB Abell,TLW Cooper,R Clarke,0,0,,,,,,"",""
ball,3,18.4,Somerset,TB Abell,TLW Cooper,R Clarke,0,0,,,,,,"",""
ball,3,18.5,Somerset,TB Abell,TLW Cooper,R Clarke,0,0,,,,,,"",""
ball,3,18.6,Somerset,TB Abell,TLW Cooper,R Clarke,3,0,,,,,,"",""
ball,3,19.1,Somerset,TB Abell,TLW Cooper,JS Patel,0,0,,,,,,"",""
ball,3,19.2,Somerset,TB Abell,TLW Cooper,JS Patel,0,0,,,,,,"",""
ball,3,19.3,Somerset,TB Abell,TLW Cooper,JS Patel,3,0,,,,,,"",""
ball,3,19.4,Somerset,TLW Cooper,TB Abell,JS Patel,0,0,,,,,,"",""
ball,3,19.5,Somerset,TLW Cooper,TB Abell,JS Patel,0,0,,,,,,"",""
ball,3,19.6,Somerset,TLW Cooper,TB Abell,JS Patel,0,0,,,,,,"",""
ball,3,20.1,Somerset,TB Abell,TLW Cooper,R Clarke,0,0,,,,,,"",""
ball,3,20.2,Somerset,TB Abell,TLW Cooper,R Clarke,0,0,,,,,,"",""
ball,3,20.3,Somerset,TB Abell,TLW Cooper,R Clarke,0,0,,,,,,"",""
ball,3,20.4,Somerset,TB Abell,TLW Cooper,R Clarke,0,0,,,,,,"",""
ball,3,20.5,Somerset,TB Abell,TLW Cooper,R Clarke,3,0,,,,,,"",""
ball,3,20.6,Somerset,TLW Cooper,TB Abell,R Clarke,0,0,,,,,,"",""
ball,3,21.1,Somerset,TB Abell,TLW Cooper,JS Patel,1,0,,,,,,"",""
ball,3,21.2,Somerset,TLW Cooper,TB Abell,JS Patel,0,0,,,,,,"",""
ball,3,21.3,Somerset,TLW Cooper,TB Abell,JS Patel,0,0,,,,,,"",""
ball,3,21.4,Somerset,TLW Cooper,TB Abell,JS Patel,4,0,,,,,,"",""
ball,3,21.5,Somerset,TLW Cooper,TB Abell,JS Patel,4,0,,,,,,"",""
ball,3,21.6,Somerset,TLW Cooper,TB Abell,JS Patel,0,0,,,,,,"",""
ball,3,22.1,Somerset,TB Abell,TLW Cooper,R Clarke,0,0,,,,,,"",""
ball,3,22.2,Somerset,TB Abell,TLW Cooper,R Clarke,0,0,,,,,,"",""
ball,3,22.3,Somerset,TB Abell,TLW Cooper,R Clarke,4,0,,,,,,"",""
ball,3,22.4,Somerset,TB Abell,TLW Cooper,R Clarke,0,0,,,,,,"",""
ball,3,22.5,Somerset,TB Abell,TLW Cooper,R Clarke,0,0,,,,,,"",""
ball,3,22.6,Somerset,TB Abell,TLW Cooper,R Clarke,0,0,,,,,,"",""
ball,3,23.1,Somerset,TLW Cooper,TB Abell,JS Patel,0,0,,,,,,"",""
ball,3,23.2,Somerset,TLW Cooper,TB Abell,JS Patel,0,0,,,,,,"",""
ball,3,23.3,Somerset,TLW Cooper,TB Abell,JS Patel,0,0,,,,,,"",""
ball,3,23.4,Somerset,TLW Cooper,TB Abell,JS Patel,0,0,,,,,,"",""
ball,3,23.5,Somerset,TLW Cooper,TB Abell,JS Patel,4,0,,,,,,"",""
ball,3,23.6,Somerset,TLW Cooper,TB Abell,JS Patel,0,0,,,,,,"",""
ball,3,24.1,Somerset,TB Abell,TLW Cooper,OJ Hannon-Dalby,4,0,,,,,,"",""
ball,3,24.2,Somerset,TB Abell,TLW Cooper,OJ Hannon-Dalby,1,0,,,,,,"",""
ball,3,24.3,Somerset,TLW Cooper,TB Abell,OJ Hannon-Dalby,0,0,,,,,,"",""
ball,3,24.4,Somerset,TLW Cooper,TB Abell,OJ Hannon-Dalby,1,0,,,,,,"",""
ball,3,24.5,Somerset,TB Abell,TLW Cooper,OJ Hannon-Dalby,0,0,,,,,,"",""
ball,3,24.6,Somerset,TB Abell,TLW Cooper,OJ Hannon-Dalby,4,0,,,,,,"",""
ball,3,25.1,Somerset,TLW Cooper,TB Abell,JS Patel,4,0,,,,,,"",""
ball,3,25.2,Somerset,TLW Cooper,TB Abell,JS Patel,0,0,,,,,,"",""
ball,3,25.3,Somerset,TLW Cooper,TB Abell,JS Patel,0,0,,,,,,"",""
ball,3,25.4,Somerset,TLW Cooper,TB Abell,JS Patel,0,0,,,,,,"",""
ball,3,25.5,Somerset,TLW Cooper,TB Abell,JS Patel,0,0,,,,,,"",""
ball,3,25.6,Somerset,TLW Cooper,TB Abell,JS Patel,0,0,,,,,,"",""
ball,3,26.1,Somerset,TB Abell,TLW Cooper,OJ Hannon-Dalby,0,1,,,,1,,"",""
ball,3,26.2,Somerset,TLW Cooper,TB Abell,OJ Hannon-Dalby,0,0,,,,,,lbw,TLW Cooper
ball,3,26.3,Somerset,J Allenby,TB Abell,OJ Hannon-Dalby,0,0,,,,,,"",""
ball,3,26.4,Somerset,J Allenby,TB Abell,OJ Hannon-Dalby,0,0,,,,,,"",""
ball,3,26.5,Somerset,J Allenby,TB Abell,OJ Hannon-Dalby,0,0,,,,,,"",""
ball,3,26.6,Somerset,J Allenby,TB Abell,OJ Hannon-Dalby,0,0,,,,,,"",""
ball,3,27.1,Somerset,TB Abell,J Allenby,JS Patel,0,0,,,,,,"",""
ball,3,27.2,Somerset,TB Abell,J Allenby,JS Patel,1,0,,,,,,"",""
ball,3,27.3,Somerset,J Allenby,TB Abell,JS Patel,0,0,,,,,,"",""
ball,3,27.4,Somerset,J Allenby,TB Abell,JS Patel,0,0,,,,,,"",""
ball,3,27.5,Somerset,J Allenby,TB Abell,JS Patel,0,0,,,,,,"",""
ball,3,27.6,Somerset,J Allenby,TB Abell,JS Patel,1,0,,,,,,"",""
ball,3,28.1,Somerset,J Allenby,TB Abell,OJ Hannon-Dalby,3,0,,,,,,"",""
ball,3,28.2,Somerset,TB Abell,J Allenby,OJ Hannon-Dalby,0,0,,,,,,"",""
ball,3,28.3,Somerset,TB Abell,J Allenby,OJ Hannon-Dalby,0,0,,,,,,"",""
ball,3,28.4,Somerset,TB Abell,J Allenby,OJ Hannon-Dalby,0,0,,,,,,"",""
ball,3,28.5,Somerset,TB Abell,J Allenby,OJ Hannon-Dalby,0,0,,,,,,"",""
ball,3,28.6,Somerset,TB Abell,J Allenby,OJ Hannon-Dalby,4,0,,,,,,"",""
ball,3,29.1,Somerset,J Allenby,TB Abell,JS Patel,0,0,,,,,,"",""
ball,3,29.2,Somerset,J Allenby,TB Abell,JS Patel,0,0,,,,,,"",""
ball,3,29.3,Somerset,J Allenby,TB Abell,JS Patel,1,0,,,,,,"",""
ball,3,29.4,Somerset,TB Abell,J Allenby,JS Patel,1,0,,,,,,"",""
ball,3,29.5,Somerset,J Allenby,TB Abell,JS Patel,0,0,,,,,,"",""
ball,3,29.6,Somerset,J Allenby,TB Abell,JS Patel,0,0,,,,,,"",""
ball,3,30.1,Somerset,TB Abell,J Allenby,OJ Hannon-Dalby,0,0,,,,,,"",""
ball,3,30.2,Somerset,TB Abell,J Allenby,OJ Hannon-Dalby,0,0,,,,,,"",""
ball,3,30.3,Somerset,TB Abell,J Allenby,OJ Hannon-Dalby,0,1,1,,,,,"",""
ball,3,30.4,Somerset,TB Abell,J Allenby,OJ Hannon-Dalby,4,0,,,,,,"",""
ball,3,30.5,Somerset,TB Abell,J Allenby,OJ Hannon-Dalby,0,0,,,,,,"",""
ball,3,30.6,Somerset,TB Abell,J Allenby,OJ Hannon-Dalby,1,0,,,,,,"",""
ball,3,30.7,Somerset,J Allenby,TB Abell,OJ Hannon-Dalby,0,0,,,,,,"",""
ball,3,31.1,Somerset,TB Abell,J Allenby,CR Woakes,0,0,,,,,,"",""
ball,3,31.2,Somerset,TB Abell,J Allenby,CR Woakes,0,0,,,,,,"",""
ball,3,31.3,Somerset,TB Abell,J Allenby,CR Woakes,0,0,,,,,,"",""
ball,3,31.4,Somerset,TB Abell,J Allenby,CR Woakes,0,0,,,,,,"",""
ball,3,31.5,Somerset,TB Abell,J Allenby,CR Woakes,1,0,,,,,,"",""
ball,3,31.6,Somerset,J Allenby,TB Abell,CR Woakes,0,0,,,,,,"",""
ball,3,32.1,Somerset,TB Abell,J Allenby,KHD Barker,0,0,,,,,,"",""
ball,3,32.2,Somerset,TB Abell,J Allenby,KHD Barker,0,0,,,,,,"",""
ball,3,32.3,Somerset,TB Abell,J Allenby,KHD Barker,1,0,,,,,,"",""
ball,3,32.4,Somerset,J Allenby,TB Abell,KHD Barker,0,0,,,,,,"",""
ball,3,32.5,Somerset,J Allenby,TB Abell,KHD Barker,0,2,,2,,,,"",""
ball,3,32.6,Somerset,J Allenby,TB Abell,KHD Barker,0,0,,,,,,"",""
ball,3,32.7,Somerset,J Allenby,TB Abell,KHD Barker,0,0,,,,,,"",""
ball,3,33.1,Somerset,TB Abell,J Allenby,CR Woakes,2,0,,,,,,"",""
ball,3,33.2,Somerset,TB Abell,J Allenby,CR Woakes,1,0,,,,,,"",""
ball,3,33.3,Somerset,J Allenby,TB Abell,CR Woakes,0,0,,,,,,"",""
ball,3,33.4,Somerset,J Allenby,TB Abell,CR Woakes,0,0,,,,,,"",""
ball,3,33.5,Somerset,J Allenby,TB Abell,CR Woakes,0,0,,,,,,"",""
ball,3,33.6,Somerset,J Allenby,TB Abell,CR Woakes,0,0,,,,,,"",""
ball,3,34.1,Somerset,TB Abell,J Allenby,KHD Barker,0,0,,,,,,"",""
ball,3,34.2,Somerset,TB Abell,J Allenby,KHD Barker,4,0,,,,,,"",""
ball,3,34.3,Somerset,TB Abell,J Allenby,KHD Barker,0,0,,,,,,"",""
ball,3,34.4,Somerset,TB Abell,J Allenby,KHD Barker,4,0,,,,,,"",""
ball,3,34.5,Somerset,TB Abell,J Allenby,KHD Barker,0,0,,,,,,"",""
ball,3,34.6,Somerset,TB Abell,J Allenby,KHD Barker,0,0,,,,,,"",""
ball,3,35.1,Somerset,J Allenby,TB Abell,CR Woakes,2,0,,,,,,"",""
ball,3,35.2,Somerset,J Allenby,TB Abell,CR Woakes,0,0,,,,,,"",""
ball,3,35.3,Somerset,J Allenby,TB Abell,CR Woakes,0,0,,,,,,"",""
ball,3,35.4,Somerset,J Allenby,TB Abell,CR Woakes,1,0,,,,,,"",""
ball,3,35.5,Somerset,TB Abell,J Allenby,CR Woakes,1,0,,,,,,"",""
ball,3,35.6,Somerset,J Allenby,TB Abell,CR Woakes,0,0,,,,,,"",""
ball,3,36.1,Somerset,TB Abell,J Allenby,KHD Barker,0,0,,,,,,"",""
ball,3,36.2,Somerset,TB Abell,J Allenby,KHD Barker,0,0,,,,,,"",""
ball,3,36.3,Somerset,TB Abell,J Allenby,KHD Barker,1,0,,,,,,"",""
ball,3,36.4,Somerset,J Allenby,TB Abell,KHD Barker,0,0,,,,,,"",""
ball,3,36.5,Somerset,J Allenby,TB Abell,KHD Barker,3,0,,,,,,"",""
ball,3,36.6,Somerset,TB Abell,J Allenby,KHD Barker,0,0,,,,,,"",""
ball,3,37.1,Somerset,J Allenby,TB Abell,CR Woakes,0,0,,,,,,"",""
ball,3,37.2,Somerset,J Allenby,TB Abell,CR Woakes,0,0,,,,,,"",""
ball,3,37.3,Somerset,J Allenby,TB Abell,CR Woakes,0,0,,,,,,caught,J Allenby
ball,3,37.4,Somerset,PD Trego,TB Abell,CR Woakes,0,0,,,,,,"",""
ball,3,37.5,Somerset,PD Trego,TB Abell,CR Woakes,0,0,,,,,,"",""
ball,3,37.6,Somerset,PD Trego,TB Abell,CR Woakes,0,0,,,,,,"",""
ball,3,38.1,Somerset,TB Abell,PD Trego,KHD Barker,0,0,,,,,,"",""
ball,3,38.2,Somerset,TB Abell,PD Trego,KHD Barker,0,0,,,,,,"",""
ball,3,38.3,Somerset,TB Abell,PD Trego,KHD Barker,4,0,,,,,,"",""
ball,3,38.4,Somerset,TB Abell,PD Trego,KHD Barker,0,0,,,,,,"",""
ball,3,38.5,Somerset,TB Abell,PD Trego,KHD Barker,0,0,,,,,,"",""
ball,3,38.6,Somerset,TB Abell,PD Trego,KHD Barker,4,0,,,,,,"",""
ball,3,39.1,Somerset,PD Trego,TB Abell,CR Woakes,0,0,,,,,,"",""
ball,3,39.2,Somerset,PD Trego,TB Abell,CR Woakes,0,0,,,,,,"",""
ball,3,39.3,Somerset,PD Trego,TB Abell,CR Woakes,0,0,,,,,,"",""
ball,3,39.4,Somerset,PD Trego,TB Abell,CR Woakes,0,2,,,,2,,"",""
ball,3,39.5,Somerset,PD Trego,TB Abell,CR Woakes,0,0,,,,,,"",""
ball,3,39.6,Somerset,PD Trego,TB Abell,CR Woakes,0,0,,,,,,"",""
ball,3,40.1,Somerset,TB Abell,PD Trego,R Clarke,1,0,,,,,,"",""
ball,3,40.2,Somerset,PD Trego,TB Abell,R Clarke,0,0,,,,,,"",""
ball,3,40.3,Somerset,PD Trego,TB Abell,R Clarke,0,0,,,,,,"",""
ball,3,40.4,Somerset,PD Trego,TB Abell,R Clarke,0,0,,,,,,"",""
ball,3,40.5,Somerset,PD Trego,TB Abell,R Clarke,0,0,,,,,,"",""
ball,3,40.6,Somerset,PD Trego,TB Abell,R Clarke,4,0,,,,,,"",""
ball,3,41.1,Somerset,TB Abell,PD Trego,JS Patel,0,0,,,,,,"",""
ball,3,41.2,Somerset,TB Abell,PD Trego,JS Patel,0,0,,,,,,"",""
ball,3,41.3,Somerset,TB Abell,PD Trego,JS Patel,1,0,,,,,,"",""
ball,3,41.4,Somerset,PD Trego,TB Abell,JS Patel,4,0,,,,,,"",""
ball,3,41.5,Somerset,PD Trego,TB Abell,JS Patel,0,0,,,,,,"",""
ball,3,41.6,Somerset,PD Trego,TB Abell,JS Patel,0,0,,,,,,"",""
ball,3,42.1,Somerset,TB Abell,PD Trego,R Clarke,1,0,,,,,,"",""
ball,3,42.2,Somerset,PD Trego,TB Abell,R Clarke,0,0,,,,,,"",""
ball,3,42.3,Somerset,PD Trego,TB Abell,R Clarke,4,0,,,,,,"",""
ball,3,42.4,Somerset,PD Trego,TB Abell,R Clarke,0,0,,,,,,"",""
ball,3,42.5,Somerset,PD Trego,TB Abell,R Clarke,0,0,,,,,,"",""
ball,3,42.6,Somerset,PD Trego,TB Abell,R Clarke,0,0,,,,,,"",""
ball,3,43.1,Somerset,TB Abell,PD Trego,JS Patel,0,0,,,,,,"",""
ball,3,43.2,Somerset,TB Abell,PD Trego,JS Patel,0,0,,,,,,"",""
ball,3,43.3,Somerset,TB Abell,PD Trego,JS Patel,2,0,,,,,,"",""
ball,3,43.4,Somerset,TB Abell,PD Trego,JS Patel,0,0,,,,,,"",""
ball,3,43.5,Somerset,TB Abell,PD Trego,JS Patel,0,0,,,,,,"",""
ball,3,43.6,Somerset,TB Abell,PD Trego,JS Patel,0,0,,,,,,"",""
ball,3,44.1,Somerset,PD Trego,TB Abell,R Clarke,4,0,,,,,,"",""
ball,3,44.2,Somerset,PD Trego,TB Abell,R Clarke,0,0,,,,,,"",""
ball,3,44.3,Somerset,PD Trego,TB Abell,R Clarke,0,0,,,,,,"",""
ball,3,44.4,Somerset,PD Trego,TB Abell,R Clarke,0,0,,,,,,"",""
ball,3,44.5,Somerset,PD Trego,TB Abell,R Clarke,0,0,,,,,,"",""
ball,3,44.6,Somerset,PD Trego,TB Abell,R Clarke,0,0,,,,,,"",""
ball,3,45.1,Somerset,TB Abell,PD Trego,JS Patel,4,0,,,,,,"",""
ball,3,45.2,Somerset,TB Abell,PD Trego,JS Patel,1,0,,,,,,"",""
ball,3,45.3,Somerset,PD Trego,TB Abell,JS Patel,4,0,,,,,,"",""
ball,3,45.4,Somerset,PD Trego,TB Abell,JS Patel,0,0,,,,,,"",""
ball,3,45.5,Somerset,PD Trego,TB Abell,JS Patel,0,0,,,,,,"",""
ball,3,45.6,Somerset,PD Trego,TB Abell,JS Patel,1,0,,,,,,"",""
ball,3,46.1,Somerset,PD Trego,TB Abell,R Clarke,0,0,,,,,,"",""
ball,3,46.2,Somerset,PD Trego,TB Abell,R Clarke,0,0,,,,,,lbw,PD Trego
ball,3,46.3,Somerset,C Overton,TB Abell,R Clarke,0,0,,,,,,"",""
ball,3,46.4,Somerset,C Overton,TB Abell,R Clarke,4,0,,,,,,"",""
ball,3,46.5,Somerset,C Overton,TB Abell,R Clarke,4,0,,,,,,"",""
ball,3,46.6,Somerset,C Overton,TB Abell,R Clarke,0,0,,,,,,"",""
ball,3,47.1,Somerset,TB Abell,C Overton,JS Patel,0,0,,,,,,"",""
ball,3,47.2,Somerset,TB Abell,C Overton,JS Patel,0,0,,,,,,"",""
ball,3,47.3,Somerset,TB Abell,C Overton,JS Patel,0,0,,,,,,"",""
ball,3,47.4,Somerset,TB Abell,C Overton,JS Patel,0,0,,,,,,"",""
ball,3,47.5,Somerset,TB Abell,C Overton,JS Patel,2,0,,,,,,"",""
ball,3,47.6,Somerset,TB Abell,C Overton,JS Patel,0,0,,,,,,"",""
ball,3,48.1,Somerset,C Overton,TB Abell,R Clarke,1,0,,,,,,"",""
ball,3,48.2,Somerset,TB Abell,C Overton,R Clarke,1,0,,,,,,"",""
ball,3,48.3,Somerset,C Overton,TB Abell,R Clarke,0,0,,,,,,caught,C Overton
ball,3,48.4,Somerset,Abdur Rehman,TB Abell,R Clarke,0,0,,,,,,"",""
ball,3,48.5,Somerset,Abdur Rehman,TB Abell,R Clarke,0,0,,,,,,"",""
ball,3,48.6,Somerset,Abdur Rehman,TB Abell,R Clarke,0,0,,,,,,"",""
ball,3,49.1,Somerset,TB Abell,Abdur Rehman,JS Patel,1,0,,,,,,"",""
ball,3,49.2,Somerset,Abdur Rehman,TB Abell,JS Patel,0,0,,,,,,"",""
ball,3,49.3,Somerset,Abdur Rehman,TB Abell,JS Patel,0,0,,,,,,caught,Abdur Rehman
ball,3,49.4,Somerset,AC Thomas,TB Abell,JS Patel,0,0,,,,,,"",""
ball,3,49.5,Somerset,AC Thomas,TB Abell,JS Patel,1,0,,,,,,"",""
ball,3,49.6,Somerset,TB Abell,AC Thomas,JS Patel,0,0,,,,,,"",""
ball,3,50.1,Somerset,AC Thomas,TB Abell,R Clarke,0,0,,,,,,"",""
ball,3,50.2,Somerset,AC Thomas,TB Abell,R Clarke,0,0,,,,,,"",""
ball,3,50.3,Somerset,AC Thomas,TB Abell,R Clarke,0,0,,,,,,"",""
ball,3,50.4,Somerset,AC Thomas,TB Abell,R Clarke,0,0,,,,,,"",""
ball,3,50.5,Somerset,AC Thomas,TB Abell,R Clarke,0,0,,,,,,"",""
ball,3,50.6,Somerset,AC Thomas,TB Abell,R Clarke,0,0,,,,,,"",""
ball,3,51.1,Somerset,TB Abell,AC Thomas,JS Patel,0,0,,,,,,"",""
ball,3,51.2,Somerset,TB Abell,AC Thomas,JS Patel,1,0,,,,,,"",""
ball,3,51.3,Somerset,AC Thomas,TB Abell,JS Patel,0,0,,,,,,caught,AC Thomas
ball,3,51.4,Somerset,TD Groenewald,TB Abell,JS Patel,0,0,,,,,,caught,TD Groenewald
ball,4,0.1,Warwickshire,V Chopra,IJ Westwood,AC Thomas,0,0,,,,,,"",""
ball,4,0.2,Warwickshire,V Chopra,IJ Westwood,AC Thomas,0,0,,,,,,"",""
ball,4,0.3,Warwickshire,V Chopra,IJ Westwood,AC Thomas,0,0,,,,,,"",""
ball,4,0.4,Warwickshire,V Chopra,IJ Westwood,AC Thomas,0,0,,,,,,"",""
ball,4,0.5,Warwickshire,V Chopra,IJ Westwood,AC Thomas,1,0,,,,,,"",""
ball,4,0.6,Warwickshire,IJ Westwood,V Chopra,AC Thomas,0,0,,,,,,"",""
ball,4,1.1,Warwickshire,V Chopra,IJ Westwood,TD Groenewald,1,0,,,,,,"",""
ball,4,1.2,Warwickshire,IJ Westwood,V Chopra,TD Groenewald,0,0,,,,,,"",""
ball,4,1.3,Warwickshire,IJ Westwood,V Chopra,TD Groenewald,0,0,,,,,,"",""
ball,4,1.4,Warwickshire,IJ Westwood,V Chopra,TD Groenewald,0,0,,,,,,"",""
ball,4,1.5,Warwickshire,IJ Westwood,V Chopra,TD Groenewald,0,0,,,,,,"",""
ball,4,1.6,Warwickshire,IJ Westwood,V Chopra,TD Groenewald,0,0,,,,,,"",""
ball,4,2.1,Warwickshire,V Chopra,IJ Westwood,AC Thomas,0,0,,,,,,"",""
ball,4,2.2,Warwickshire,V Chopra,IJ Westwood,AC Thomas,0,0,,,,,,"",""
ball,4,2.3,Warwickshire,V Chopra,IJ Westwood,AC Thomas,0,0,,,,,,"",""
ball,4,2.4,Warwickshire,V Chopra,IJ Westwood,AC Thomas,0,0,,,,,,"",""
ball,4,2.5,Warwickshire,V Chopra,IJ Westwood,AC Thomas,0,0,,,,,,"",""
ball,4,2.6,Warwickshire,V Chopra,IJ Westwood,AC Thomas,0,0,,,,,,"",""
ball,4,3.1,Warwickshire,IJ Westwood,V Chopra,TD Groenewald,0,0,,,,,,"",""
ball,4,3.2,Warwickshire,IJ Westwood,V Chopra,TD Groenewald,1,0,,,,,,"",""
ball,4,3.3,Warwickshire,V Chopra,IJ Westwood,TD Groenewald,2,0,,,,,,"",""
ball,4,3.4,Warwickshire,V Chopra,IJ Westwood,TD Groenewald,0,0,,,,,,"",""
ball,4,3.5,Warwickshire,V Chopra,IJ Westwood,TD Groenewald,0,0,,,,,,"",""
ball,4,3.6,Warwickshire,V Chopra,IJ Westwood,TD Groenewald,0,0,,,,,,"",""
ball,4,4.1,Warwickshire,IJ Westwood,V Chopra,AC Thomas,0,0,,,,,,"",""
ball,4,4.2,Warwickshire,IJ Westwood,V Chopra,AC Thomas,1,0,,,,,,"",""
ball,4,4.3,Warwickshire,V Chopra,IJ Westwood,AC Thomas,0,2,,2,,,,"",""
ball,4,4.4,Warwickshire,V Chopra,IJ Westwood,AC Thomas,0,0,,,,,,"",""
ball,4,4.5,Warwickshire,V Chopra,IJ Westwood,AC Thomas,0,0,,,,,,caught,V Chopra
ball,4,4.6,Warwickshire,LJ Evans,IJ Westwood,AC Thomas,0,0,,,,,,"",""
ball,4,4.7,Warwickshire,LJ Evans,IJ Westwood,AC Thomas,0,0,,,,,,"",""
ball,4,5.1,Warwickshire,IJ Westwood,LJ Evans,TD Groenewald,0,0,,,,,,"",""
ball,4,5.2,Warwickshire,IJ Westwood,LJ Evans,TD Groenewald,0,0,,,,,,"",""
ball,4,5.3,Warwickshire,IJ Westwood,LJ Evans,TD Groenewald,0,0,,,,,,"",""
ball,4,5.4,Warwickshire,IJ Westwood,LJ Evans,TD Groenewald,0,0,,,,,,"",""
ball,4,5.5,Warwickshire,IJ Westwood,LJ Evans,TD Groenewald,0,0,,,,,,"",""
ball,4,5.6,Warwickshire,IJ Westwood,LJ Evans,TD Groenewald,0,0,,,,,,"",""
ball,4,6.1,Warwickshire,LJ Evans,IJ Westwood,AC Thomas,0,0,,,,,,"",""
ball,4,6.2,Warwickshire,LJ Evans,IJ Westwood,AC Thomas,0,0,,,,,,"",""
ball,4,6.3,Warwickshire,LJ Evans,IJ Westwood,AC Thomas,0,0,,,,,,"",""
ball,4,6.4,Warwickshire,LJ Evans,IJ Westwood,AC Thomas,0,0,,,,,,"",""
ball,4,6.5,Warwickshire,LJ Evans,IJ Westwood,AC Thomas,0,0,,,,,,"",""
ball,4,6.6,Warwickshire,LJ Evans,IJ Westwood,AC Thomas,0,0,,,,,,"",""
ball,4,7.1,Warwickshire,IJ Westwood,LJ Evans,TD Groenewald,0,0,,,,,,"",""
ball,4,7.2,Warwickshire,IJ Westwood,LJ Evans,TD Groenewald,1,0,,,,,,"",""
ball,4,7.3,Warwickshire,LJ Evans,IJ Westwood,TD Groenewald,0,0,,,,,,"",""
ball,4,7.4,Warwickshire,LJ Evans,IJ Westwood,TD Groenewald,0,0,,,,,,"",""
ball,4,7.5,Warwickshire,LJ Evans,IJ Westwood,TD Groenewald,0,0,,,,,,"",""
ball,4,7.6,Warwickshire,LJ Evans,IJ Westwood,TD Groenewald,0,0,,,,,,"",""
ball,4,8.1,Warwickshire,IJ Westwood,LJ Evans,AC Thomas,0,0,,,,,,"",""
ball,4,8.2,Warwickshire,IJ Westwood,LJ Evans,AC Thomas,0,0,,,,,,"",""
ball,4,8.3,Warwickshire,IJ Westwood,LJ Evans,AC Thomas,1,0,,,,,,"",""
ball,4,8.4,Warwickshire,LJ Evans,IJ Westwood,AC Thomas,0,0,,,,,,"",""
ball,4,8.5,Warwickshire,LJ Evans,IJ Westwood,AC Thomas,0,0,,,,,,"",""
ball,4,8.6,Warwickshire,LJ Evans,IJ Westwood,AC Thomas,0,0,,,,,,"",""
ball,4,9.1,Warwickshire,IJ Westwood,LJ Evans,TD Groenewald,1,0,,,,,,"",""
ball,4,9.2,Warwickshire,LJ Evans,IJ Westwood,TD Groenewald,0,0,,,,,,"",""
ball,4,9.3,Warwickshire,LJ Evans,IJ Westwood,TD Groenewald,0,0,,,,,,"",""
ball,4,9.4,Warwickshire,LJ Evans,IJ Westwood,TD Groenewald,0,0,,,,,,"",""
ball,4,9.5,Warwickshire,LJ Evans,IJ Westwood,TD Groenewald,0,0,,,,,,"",""
ball,4,9.6,Warwickshire,LJ Evans,IJ Westwood,TD Groenewald,0,0,,,,,,"",""
ball,4,10.1,Warwickshire,IJ Westwood,LJ Evans,AC Thomas,3,0,,,,,,"",""
ball,4,10.2,Warwickshire,LJ Evans,IJ Westwood,AC Thomas,0,0,,,,,,"",""
ball,4,10.3,Warwickshire,LJ Evans,IJ Westwood,AC Thomas,0,0,,,,,,"",""
ball,4,10.4,Warwickshire,LJ Evans,IJ Westwood,AC Thomas,0,0,,,,,,"",""
ball,4,10.5,Warwickshire,LJ Evans,IJ Westwood,AC Thomas,0,0,,,,,,"",""
ball,4,10.6,Warwickshire,LJ Evans,IJ Westwood,AC Thomas,4,0,,,,,,"",""
ball,4,11.1,Warwickshire,IJ Westwood,LJ Evans,TD Groenewald,0,0,,,,,,"",""
ball,4,11.2,Warwickshire,IJ Westwood,LJ Evans,TD Groenewald,0,0,,,,,,"",""
ball,4,11.3,Warwickshire,IJ Westwood,LJ Evans,TD Groenewald,0,0,,,,,,"",""
ball,4,11.4,Warwickshire,IJ Westwood,LJ Evans,TD Groenewald,0,0,,,,,,"",""
ball,4,11.5,Warwickshire,IJ Westwood,LJ Evans,TD Groenewald,1,0,,,,,,"",""
ball,4,11.6,Warwickshire,LJ Evans,IJ Westwood,TD Groenewald,0,0,,,,,,"",""
ball,4,12.1,Warwickshire,IJ Westwood,LJ Evans,AC Thomas,0,0,,,,,,"",""
ball,4,12.2,Warwickshire,IJ Westwood,LJ Evans,AC Thomas,0,0,,,,,,"",""
ball,4,12.3,Warwickshire,IJ Westwood,LJ Evans,AC Thomas,0,0,,,,,,"",""
ball,4,12.4,Warwickshire,IJ Westwood,LJ Evans,AC Thomas,0,0,,,,,,"",""
ball,4,12.5,Warwickshire,IJ Westwood,LJ Evans,AC Thomas,0,2,,2,,,,"",""
ball,4,12.6,Warwickshire,IJ Westwood,LJ Evans,AC Thomas,2,0,,,,,,"",""
ball,4,12.7,Warwickshire,IJ Westwood,LJ Evans,AC Thomas,0,0,,,,,,"",""
ball,4,13.1,Warwickshire,LJ Evans,IJ Westwood,TD Groenewald,0,0,,,,,,"",""
ball,4,13.2,Warwickshire,LJ Evans,IJ Westwood,TD Groenewald,0,0,,,,,,"",""
ball,4,13.3,Warwickshire,LJ Evans,IJ Westwood,TD Groenewald,0,0,,,,,,"",""
ball,4,13.4,Warwickshire,LJ Evans,IJ Westwood,TD Groenewald,0,0,,,,,,"",""
ball,4,13.5,Warwickshire,LJ Evans,IJ Westwood,TD Groenewald,0,0,,,,,,"",""
ball,4,13.6,Warwickshire,LJ Evans,IJ Westwood,TD Groenewald,4,0,,,,,,"",""
ball,4,14.1,Warwickshire,IJ Westwood,LJ Evans,AC Thomas,1,0,,,,,,"",""
ball,4,14.2,Warwickshire,LJ Evans,IJ Westwood,AC Thomas,2,0,,,,,,"",""
ball,4,14.3,Warwickshire,LJ Evans,IJ Westwood,AC Thomas,0,0,,,,,,"",""
ball,4,14.4,Warwickshire,LJ Evans,IJ Westwood,AC Thomas,0,0,,,,,,"",""
ball,4,14.5,Warwickshire,LJ Evans,IJ Westwood,AC Thomas,0,0,,,,,,"",""
ball,4,14.6,Warwickshire,LJ Evans,IJ Westwood,AC Thomas,0,0,,,,,,"",""
ball,4,15.1,Warwickshire,IJ Westwood,LJ Evans,TD Groenewald,0,0,,,,,,"",""
ball,4,15.2,Warwickshire,IJ Westwood,LJ Evans,TD Groenewald,0,0,,,,,,"",""
ball,4,15.3,Warwickshire,IJ Westwood,LJ Evans,TD Groenewald,0,0,,,,,,"",""
ball,4,15.4,Warwickshire,IJ Westwood,LJ Evans,TD Groenewald,0,0,,,,,,"",""
ball,4,15.5,Warwickshire,IJ Westwood,LJ Evans,TD Groenewald,0,0,,,,,,"",""
ball,4,15.6,Warwickshire,IJ Westwood,LJ Evans,TD Groenewald,0,0,,,,,,"",""
ball,4,16.1,Warwickshire,LJ Evans,IJ Westwood,J Allenby,0,0,,,,,,"",""
ball,4,16.2,Warwickshire,LJ Evans,IJ Westwood,J Allenby,0,0,,,,,,"",""
ball,4,16.3,Warwickshire,LJ Evans,IJ Westwood,J Allenby,1,0,,,,,,"",""
ball,4,16.4,Warwickshire,IJ Westwood,LJ Evans,J Allenby,0,0,,,,,,"",""
ball,4,16.5,Warwickshire,IJ Westwood,LJ Evans,J Allenby,4,0,,,,,,"",""
ball,4,16.6,Warwickshire,IJ Westwood,LJ Evans,J Allenby,0,0,,,,,,caught,IJ Westwood
ball,4,17.1,Warwickshire,LJ Evans,IJL Trott,TD Groenewald,0,0,,,,,,"",""
ball,4,17.2,Warwickshire,LJ Evans,IJL Trott,TD Groenewald,0,0,,,,,,"",""
ball,4,17.3,Warwickshire,LJ Evans,IJL Trott,TD Groenewald,0,0,,,,,,"",""
ball,4,17.4,Warwickshire,LJ Evans,IJL Trott,TD Groenewald,0,0,,,,,,"",""
ball,4,17.5,Warwickshire,LJ Evans,IJL Trott,TD Groenewald,0,0,,,,,,"",""
ball,4,17.6,Warwickshire,LJ Evans,IJL Trott,TD Groenewald,0,0,,,,,,"",""
ball,4,18.1,Warwickshire,IJL Trott,LJ Evans,J Allenby,0,0,,,,,,"",""
ball,4,18.2,Warwickshire,IJL Trott,LJ Evans,J Allenby,0,0,,,,,,"",""
ball,4,18.3,Warwickshire,IJL Trott,LJ Evans,J Allenby,0,0,,,,,,"",""
ball,4,18.4,Warwickshire,IJL Trott,LJ Evans,J Allenby,0,0,,,,,,"",""
ball,4,18.5,Warwickshire,IJL Trott,LJ Evans,J Allenby,0,0,,,,,,"",""
ball,4,18.6,Warwickshire,IJL Trott,LJ Evans,J Allenby,0,0,,,,,,"",""
ball,4,19.1,Warwickshire,LJ Evans,IJL Trott,C Overton,0,0,,,,,,"",""
ball,4,19.2,Warwickshire,LJ Evans,IJL Trott,C Overton,0,0,,,,,,"",""
ball,4,19.3,Warwickshire,LJ Evans,IJL Trott,C Overton,1,0,,,,,,"",""
ball,4,19.4,Warwickshire,IJL Trott,LJ Evans,C Overton,0,0,,,,,,caught,IJL Trott
ball,4,19.5,Warwickshire,SR Hain,LJ Evans,C Overton,0,0,,,,,,"",""
ball,4,19.6,Warwickshire,SR Hain,LJ Evans,C Overton,0,0,,,,,,"",""
ball,4,20.1,Warwickshire,LJ Evans,SR Hain,J Allenby,0,0,,,,,,"",""
ball,4,20.2,Warwickshire,LJ Evans,SR Hain,J Allenby,0,0,,,,,,"",""
ball,4,20.3,Warwickshire,LJ Evans,SR Hain,J Allenby,0,0,,,,,,"",""
ball,4,20.4,Warwickshire,LJ Evans,SR Hain,J Allenby,0,0,,,,,,"",""
ball,4,20.5,Warwickshire,LJ Evans,SR Hain,J Allenby,0,0,,,,,,"",""
ball,4,20.6,Warwickshire,LJ Evans,SR Hain,J Allenby,4,0,,,,,,"",""
ball,4,21.1,Warwickshire,SR Hain,LJ Evans,C Overton,0,0,,,,,,"",""
ball,4,21.2,Warwickshire,SR Hain,LJ Evans,C Overton,1,0,,,,,,"",""
ball,4,21.3,Warwickshire,LJ Evans,SR Hain,C Overton,0,0,,,,,,"",""
ball,4,21.4,Warwickshire,LJ Evans,SR Hain,C Overton,0,0,,,,,,"",""
ball,4,21.5,Warwickshire,LJ Evans,SR Hain,C Overton,0,0,,,,,,"",""
ball,4,21.6,Warwickshire,LJ Evans,SR Hain,C Overton,0,0,,,,,,"",""
ball,4,22.1,Warwickshire,SR Hain,LJ Evans,J Allenby,0,0,,,,,,"",""
ball,4,22.2,Warwickshire,SR Hain,LJ Evans,J Allenby,0,0,,,,,,"",""
ball,4,22.3,Warwickshire,SR Hain,LJ Evans,J Allenby,1,0,,,,,,"",""
ball,4,22.4,Warwickshire,LJ Evans,SR Hain,J Allenby,4,0,,,,,,"",""
ball,4,22.5,Warwickshire,LJ Evans,SR Hain,J Allenby,0,0,,,,,,"",""
ball,4,22.6,Warwickshire,LJ Evans,SR Hain,J Allenby,0,0,,,,,,"",""
ball,4,23.1,Warwickshire,SR Hain,LJ Evans,C Overton,0,0,,,,,,"",""
ball,4,23.2,Warwickshire,SR Hain,LJ Evans,C Overton,0,0,,,,,,"",""
ball,4,23.3,Warwickshire,SR Hain,LJ Evans,C Overton,0,0,,,,,,"",""
ball,4,23.4,Warwickshire,SR Hain,LJ Evans,C Overton,0,0,,,,,,"",""
ball,4,23.5,Warwickshire,SR Hain,LJ Evans,C Overton,0,0,,,,,,"",""
ball,4,23.6,Warwickshire,SR Hain,LJ Evans,C Overton,0,0,,,,,,"",""
ball,4,24.1,Warwickshire,LJ Evans,SR Hain,J Allenby,0,0,,,,,,"",""
ball,4,24.2,Warwickshire,LJ Evans,SR Hain,J Allenby,0,0,,,,,,"",""
ball,4,24.3,Warwickshire,LJ Evans,SR Hain,J Allenby,0,0,,,,,,"",""
ball,4,24.4,Warwickshire,LJ Evans,SR Hain,J Allenby,1,0,,,,,,"",""
ball,4,24.5,Warwickshire,SR Hain,LJ Evans,J Allenby,4,0,,,,,,"",""
ball,4,24.6,Warwickshire,SR Hain,LJ Evans,J Allenby,4,0,,,,,,"",""
ball,4,25.1,Warwickshire,LJ Evans,SR Hain,C Overton,0,0,,,,,,"",""
ball,4,25.2,Warwickshire,LJ Evans,SR Hain,C Overton,0,0,,,,,,"",""
ball,4,25.3,Warwickshire,LJ Evans,SR Hain,C Overton,4,0,,,,,,"",""
ball,4,25.4,Warwickshire,LJ Evans,SR Hain,C Overton,0,0,,,,,,"",""
ball,4,25.5,Warwickshire,LJ Evans,SR Hain,C Overton,0,0,,,,,,"",""
ball,4,25.6,Warwickshire,LJ Evans,SR Hain,C Overton,1,0,,,,,,"",""
ball,4,26.1,Warwickshire,LJ Evans,SR Hain,J Allenby,0,0,,,,,,"",""
ball,4,26.2,Warwickshire,LJ Evans,SR Hain,J Allenby,0,0,,,,,,"",""
ball,4,26.3,Warwickshire,LJ Evans,SR Hain,J Allenby,0,0,,,,,,"",""
ball,4,26.4,Warwickshire,LJ Evans,SR Hain,J Allenby,1,0,,,,,,"",""
ball,4,26.5,Warwickshire,SR Hain,LJ Evans,J Allenby,0,0,,,,,,"",""
ball,4,26.6,Warwickshire,SR Hain,LJ Evans,J Allenby,0,0,,,,,,"",""
ball,4,27.1,Warwickshire,LJ Evans,SR Hain,C Overton,0,4,,,,4,,"",""
ball,4,27.2,Warwickshire,LJ Evans,SR Hain,C Overton,4,0,,,,,,"",""
ball,4,27.3,Warwickshire,LJ Evans,SR Hain,C Overton,0,0,,,,,,"",""
ball,4,27.4,Warwickshire,LJ Evans,SR Hain,C Overton,0,0,,,,,,"",""
ball,4,27.5,Warwickshire,LJ Evans,SR Hain,C Overton,1,0,,,,,,"",""
ball,4,27.6,Warwickshire,SR Hain,LJ Evans,C Overton,0,0,,,,,,"",""
ball,4,28.1,Warwickshire,LJ Evans,SR Hain,J Allenby,0,0,,,,,,"",""
ball,4,28.2,Warwickshire,LJ Evans,SR Hain,J Allenby,0,0,,,,,,"",""
ball,4,28.3,Warwickshire,LJ Evans,SR Hain,J Allenby,4,0,,,,,,"",""
